poc22_position_0_embedding max_abs=0 max_rel=0 mean_abs=0 tolerance=1e-5
attention_timing tensor=blk.1.attn_norm.weight payload_ready_ns=4165943377826 first_consumer_start_ns=4165956979423 payload_to_first_consumer_ns=13601597
attention_timing tensor=blk.1.attn_q.weight payload_ready_ns=4165987887583 first_consumer_start_ns=4166001975171 payload_to_first_consumer_ns=14087588
attention_timing tensor=blk.1.attn_kv_a_mqa.weight payload_ready_ns=4166024115135 first_consumer_start_ns=4166038386677 payload_to_first_consumer_ns=14271542
attention_timing tensor=blk.1.attn_kv_a_norm.weight payload_ready_ns=4166096322368 first_consumer_start_ns=4166110369414 payload_to_first_consumer_ns=14047046
attention_timing tensor=blk.1.attn_kv_b.weight payload_ready_ns=4166131406860 first_consumer_start_ns=4166145378949 payload_to_first_consumer_ns=13972089
attention_timing tensor=blk.1.attn_output.weight payload_ready_ns=4166174744099 first_consumer_start_ns=4166189232428 payload_to_first_consumer_ns=14488329
poc22_position_0_blk0 position=0 state_k_positions=1 state_v_positions=1 attention_probs=1,1,1,1,1,1,1,1,1,1,1,1,1,1,1,1,
reference_attention position=0 state_k_positions=1 state_v_positions=1 attention_probs=1,1,1,1,1,1,1,1,1,1,1,1,1,1,1,1,
poc22_position_0_blk0_normalized_input_parity max_abs=0 max_rel=0 mean_abs=0 tolerance=1e-5
poc22_position_0_blk0_dense_ffn_parity max_abs=0 max_rel=0 mean_abs=0 tolerance=1e-5
poc22_position_0_blk0_residual_parity max_abs=0 max_rel=0 mean_abs=0 tolerance=1e-5
poc22_position_0_blk0 dense_block=YES final_composition=PASS
reference_poc22_position_0_blk0_normalized_input_parity max_abs=0 max_rel=0 mean_abs=0 tolerance=1e-5
reference_poc22_position_0_blk0_dense_ffn_parity max_abs=0 max_rel=0 mean_abs=0 tolerance=1e-5
reference_poc22_position_0_blk0_residual_parity max_abs=0 max_rel=0 mean_abs=0 tolerance=1e-5
reference_poc22_position_0_blk0 dense_block=YES final_composition=PASS
poc22_position_0_blk0_attention_parity max_abs=0 max_rel=0 mean_abs=0 tolerance=1e-5
poc22_position_0_blk0_block_parity max_abs=0 max_rel=0 mean_abs=0 tolerance=1e-5
poc22_position_0 block_handoff block=1 handoff_ns=78999 activation_copy_bytes=0
attention_timing tensor=blk.1.attn_norm.weight payload_ready_ns=4165943377826 first_consumer_start_ns=4167161854808 payload_to_first_consumer_ns=1218476982
attention_timing tensor=blk.1.attn_q.weight payload_ready_ns=4165987887583 first_consumer_start_ns=4167234826442 payload_to_first_consumer_ns=1246938859
attention_timing tensor=blk.1.attn_kv_a_mqa.weight payload_ready_ns=4166024115135 first_consumer_start_ns=4167309434627 payload_to_first_consumer_ns=1285319492
attention_timing tensor=blk.1.attn_kv_a_norm.weight payload_ready_ns=4166096322368 first_consumer_start_ns=4167383461864 payload_to_first_consumer_ns=1287139496
attention_timing tensor=blk.1.attn_kv_b.weight payload_ready_ns=4166131406860 first_consumer_start_ns=4167456632161 payload_to_first_consumer_ns=1325225301
attention_timing tensor=blk.1.attn_output.weight payload_ready_ns=4166174744099 first_consumer_start_ns=4167530499235 payload_to_first_consumer_ns=1355755136
poc22_position_0_blk1 position=0 state_k_positions=1 state_v_positions=1 attention_probs=1,1,1,1,1,1,1,1,1,1,1,1,1,1,1,1,
reference_attention position=0 state_k_positions=1 state_v_positions=1 attention_probs=1,1,1,1,1,1,1,1,1,1,1,1,1,1,1,1,
normalized_input_parity max_abs=0 max_rel=0 mean_abs=0 tolerance=1e-5
router_score_parity max_abs=1.43051e-06 max_rel=1.40604e-05 mean_abs=3.85699e-07 tolerance=1e-5
selected_weight_parity max_abs=8.9407e-08 max_rel=7.29378e-07 mean_abs=4.84288e-08 tolerance=1e-5
poc22_position_0_blk1 topk_ids=12,6,32,17,35,18 normalized_weights=0.274999,0.206135,0.14378,0.131208,0.12258,0.121297,
poc22_position_0_blk1_routed expert_rank=0 expert_id=12 router_rank=0 graph_created=YES graph_refs=gate:0,up:1,down:2 storage_ref_base=20036 score_preserved=YES
poc22_position_0_blk1_routed expert_id=12 selected_range tensor=blk.1.ffn_gate_exps.weight offset=110522848 bytes=563200 layout=DIRECT
poc22_position_0_blk1_routed expert_id=12 selected_range tensor=blk.1.ffn_up_exps.weight offset=146567664 bytes=563200 layout=DIRECT
poc22_position_0_blk1_routed expert_id=12 selected_range tensor=blk.1.ffn_down_exps.weight offset=195318272 bytes=1622016 layout=DIRECT
poc22_position_0_blk1_routed prefetch expert_id=12 tensor=blk.1.ffn_gate_exps.weight dependency_distance=0
poc22_position_0_blk1_routed prefetch expert_id=12 tensor=blk.1.ffn_up_exps.weight dependency_distance=0
poc22_position_0_blk1_routed prefetch expert_id=12 tensor=blk.1.ffn_down_exps.weight dependency_distance=2
expert_parity max_abs=0 max_rel=0 mean_abs=0 tolerance=1e-5
poc22_position_0_blk1_routed expert_id=12 consumer_wait=not_instrumented acquire_release=recorded peak_active=1622016 peak_resident=30573216
poc22_position_0_blk1_routed expert_rank=1 expert_id=6 router_rank=1 graph_created=YES graph_refs=gate:0,up:1,down:2 storage_ref_base=20018 score_preserved=YES
poc22_position_0_blk1_routed expert_id=6 selected_range tensor=blk.1.ffn_gate_exps.weight offset=107143648 bytes=563200 layout=DIRECT
poc22_position_0_blk1_routed expert_id=6 selected_range tensor=blk.1.ffn_up_exps.weight offset=143188464 bytes=563200 layout=DIRECT
poc22_position_0_blk1_routed expert_id=6 selected_range tensor=blk.1.ffn_down_exps.weight offset=185586176 bytes=1622016 layout=DIRECT
poc22_position_0_blk1_routed prefetch expert_id=6 tensor=blk.1.ffn_gate_exps.weight dependency_distance=0
poc22_position_0_blk1_routed prefetch expert_id=6 tensor=blk.1.ffn_up_exps.weight dependency_distance=0
poc22_position_0_blk1_routed prefetch expert_id=6 tensor=blk.1.ffn_down_exps.weight dependency_distance=2
expert_parity max_abs=0 max_rel=0 mean_abs=0 tolerance=1e-5
poc22_position_0_blk1_routed expert_id=6 consumer_wait=not_instrumented acquire_release=recorded peak_active=1622016 peak_resident=33321632
poc22_position_0_blk1_routed expert_rank=2 expert_id=32 router_rank=2 graph_created=YES graph_refs=gate:0,up:1,down:2 storage_ref_base=20096 score_preserved=YES
poc22_position_0_blk1_routed expert_id=32 selected_range tensor=blk.1.ffn_gate_exps.weight offset=121786848 bytes=563200 layout=DIRECT
poc22_position_0_blk1_routed expert_id=32 selected_range tensor=blk.1.ffn_up_exps.weight offset=157831664 bytes=563200 layout=DIRECT
poc22_position_0_blk1_routed expert_id=32 selected_range tensor=blk.1.ffn_down_exps.weight offset=227758592 bytes=1622016 layout=DIRECT
poc22_position_0_blk1_routed prefetch expert_id=32 tensor=blk.1.ffn_gate_exps.weight dependency_distance=0
poc22_position_0_blk1_routed prefetch expert_id=32 tensor=blk.1.ffn_up_exps.weight dependency_distance=0
poc22_position_0_blk1_routed prefetch expert_id=32 tensor=blk.1.ffn_down_exps.weight dependency_distance=2
expert_parity max_abs=0 max_rel=0 mean_abs=0 tolerance=1e-5
poc22_position_0_blk1_routed expert_id=32 consumer_wait=not_instrumented acquire_release=recorded peak_active=1622016 peak_resident=36070048
poc22_position_0_blk1_routed expert_rank=3 expert_id=17 router_rank=3 graph_created=YES graph_refs=gate:0,up:1,down:2 storage_ref_base=20051 score_preserved=YES
poc22_position_0_blk1_routed expert_id=17 selected_range tensor=blk.1.ffn_gate_exps.weight offset=113338848 bytes=563200 layout=DIRECT
poc22_position_0_blk1_routed expert_id=17 selected_range tensor=blk.1.ffn_up_exps.weight offset=149383664 bytes=563200 layout=DIRECT
poc22_position_0_blk1_routed expert_id=17 selected_range tensor=blk.1.ffn_down_exps.weight offset=203428352 bytes=1622016 layout=DIRECT
poc22_position_0_blk1_routed prefetch expert_id=17 tensor=blk.1.ffn_gate_exps.weight dependency_distance=0
poc22_position_0_blk1_routed prefetch expert_id=17 tensor=blk.1.ffn_up_exps.weight dependency_distance=0
poc22_position_0_blk1_routed prefetch expert_id=17 tensor=blk.1.ffn_down_exps.weight dependency_distance=2
expert_parity max_abs=0 max_rel=0 mean_abs=0 tolerance=1e-5
poc22_position_0_blk1_routed expert_id=17 consumer_wait=not_instrumented acquire_release=recorded peak_active=1622016 peak_resident=38818464
poc22_position_0_blk1_routed expert_rank=4 expert_id=35 router_rank=4 graph_created=YES graph_refs=gate:0,up:1,down:2 storage_ref_base=20105 score_preserved=YES
poc22_position_0_blk1_routed expert_id=35 selected_range tensor=blk.1.ffn_gate_exps.weight offset=123476448 bytes=563200 layout=DIRECT
poc22_position_0_blk1_routed expert_id=35 selected_range tensor=blk.1.ffn_up_exps.weight offset=159521264 bytes=563200 layout=DIRECT
poc22_position_0_blk1_routed expert_id=35 selected_range tensor=blk.1.ffn_down_exps.weight offset=232624640 bytes=1622016 layout=DIRECT
poc22_position_0_blk1_routed prefetch expert_id=35 tensor=blk.1.ffn_gate_exps.weight dependency_distance=0
poc22_position_0_blk1_routed prefetch expert_id=35 tensor=blk.1.ffn_up_exps.weight dependency_distance=0
poc22_position_0_blk1_routed prefetch expert_id=35 tensor=blk.1.ffn_down_exps.weight dependency_distance=2
expert_parity max_abs=0 max_rel=0 mean_abs=0 tolerance=1e-5
poc22_position_0_blk1_routed expert_id=35 consumer_wait=not_instrumented acquire_release=recorded peak_active=1622016 peak_resident=41566880
poc22_position_0_blk1_routed expert_rank=5 expert_id=18 router_rank=5 graph_created=YES graph_refs=gate:0,up:1,down:2 storage_ref_base=20054 score_preserved=YES
poc22_position_0_blk1_routed expert_id=18 selected_range tensor=blk.1.ffn_gate_exps.weight offset=113902048 bytes=563200 layout=DIRECT
poc22_position_0_blk1_routed expert_id=18 selected_range tensor=blk.1.ffn_up_exps.weight offset=149946864 bytes=563200 layout=DIRECT
poc22_position_0_blk1_routed expert_id=18 selected_range tensor=blk.1.ffn_down_exps.weight offset=205050368 bytes=1622016 layout=DIRECT
poc22_position_0_blk1_routed prefetch expert_id=18 tensor=blk.1.ffn_gate_exps.weight dependency_distance=0
poc22_position_0_blk1_routed prefetch expert_id=18 tensor=blk.1.ffn_up_exps.weight dependency_distance=0
poc22_position_0_blk1_routed prefetch expert_id=18 tensor=blk.1.ffn_down_exps.weight dependency_distance=2
expert_parity max_abs=0 max_rel=0 mean_abs=0 tolerance=1e-5
poc22_position_0_blk1_routed expert_id=18 consumer_wait=not_instrumented acquire_release=recorded peak_active=1622016 peak_resident=44315296
poc22_position_0_blk1_routed residency_hits=36 residency_misses=42 source_reads=18 materialization_requests=18 source_policy_calls=18 evictions=0 resident_tensors_after=37
routed_merge_parity max_abs=0 max_rel=0 mean_abs=0 tolerance=1e-5
shared_expert_parity max_abs=0 max_rel=0 mean_abs=0 tolerance=1e-5
pre_residual_composition_parity max_abs=0 max_rel=0 mean_abs=0 tolerance=1e-5
final_layer_parity max_abs=0 max_rel=0 mean_abs=0 tolerance=1e-5
poc22_position_0_blk1 shared_expert=REQUIRED shared_graph_created=YES residual_add=YES final_composition=PASS
ffn_timing tensor=blk.1.ffn_gate_inp.weight payload_ready_ns=4167657153856 first_consumer_start_ns=4167687165535 payload_to_first_consumer_ns=30011679
ffn_timing tensor=blk.1.ffn_gate_shexp.weight payload_ready_ns=4169281933663 first_consumer_start_ns=4169319705225 payload_to_first_consumer_ns=37771562
ffn_timing tensor=blk.1.ffn_gate_exps.weight payload_ready_ns=4167737462507 first_consumer_start_ns=4167768380001 payload_to_first_consumer_ns=30917494
poc22_position_0_blk1 full_layer_residency_hits=46 misses=51 evictions=0 source_reads=23 source_bytes=21168128 materialization_requests=23 resident_tensors_after=40
poc22_position_0_blk1 full_layer_peak_active_persistent_bytes=1892352 full_layer_peak_resident_bytes=48460448
poc22_position_0_blk1 first_payload_to_shared_compute_start_ns=1675406398 execution_ready_to_consumer_ns=NOT_INSTRUMENTED payload_to_first_useful_compute=NOT_INSTRUMENTED
normalized_input_parity max_abs=0 max_rel=0 mean_abs=0 tolerance=1e-5
router_score_parity max_abs=1.43051e-06 max_rel=1.40604e-05 mean_abs=3.85699e-07 tolerance=1e-5
selected_weight_parity max_abs=8.9407e-08 max_rel=7.29378e-07 mean_abs=4.84288e-08 tolerance=1e-5
reference_poc22_position_0_blk1 topk_ids=12,6,32,17,35,18 normalized_weights=0.274999,0.206135,0.14378,0.131208,0.12258,0.121297,
reference_poc22_position_0_blk1_routed expert_rank=0 expert_id=12 router_rank=0 graph_created=YES graph_refs=gate:0,up:1,down:2 storage_ref_base=20036 score_preserved=YES
reference_poc22_position_0_blk1_routed expert_id=12 selected_range tensor=blk.1.ffn_gate_exps.weight offset=110522848 bytes=563200 layout=DIRECT
reference_poc22_position_0_blk1_routed expert_id=12 selected_range tensor=blk.1.ffn_up_exps.weight offset=146567664 bytes=563200 layout=DIRECT
reference_poc22_position_0_blk1_routed expert_id=12 selected_range tensor=blk.1.ffn_down_exps.weight offset=195318272 bytes=1622016 layout=DIRECT
reference_poc22_position_0_blk1_routed prefetch expert_id=12 tensor=blk.1.ffn_gate_exps.weight dependency_distance=0
reference_poc22_position_0_blk1_routed prefetch expert_id=12 tensor=blk.1.ffn_up_exps.weight dependency_distance=0
reference_poc22_position_0_blk1_routed prefetch expert_id=12 tensor=blk.1.ffn_down_exps.weight dependency_distance=2
expert_parity max_abs=0 max_rel=0 mean_abs=0 tolerance=1e-5
reference_poc22_position_0_blk1_routed expert_id=12 consumer_wait=not_instrumented acquire_release=recorded peak_active=1622016 peak_resident=3280896
reference_poc22_position_0_blk1_routed expert_rank=1 expert_id=6 router_rank=1 graph_created=YES graph_refs=gate:0,up:1,down:2 storage_ref_base=20018 score_preserved=YES
reference_poc22_position_0_blk1_routed expert_id=6 selected_range tensor=blk.1.ffn_gate_exps.weight offset=107143648 bytes=563200 layout=DIRECT
reference_poc22_position_0_blk1_routed expert_id=6 selected_range tensor=blk.1.ffn_up_exps.weight offset=143188464 bytes=563200 layout=DIRECT
reference_poc22_position_0_blk1_routed expert_id=6 selected_range tensor=blk.1.ffn_down_exps.weight offset=185586176 bytes=1622016 layout=DIRECT
reference_poc22_position_0_blk1_routed prefetch expert_id=6 tensor=blk.1.ffn_gate_exps.weight dependency_distance=0
reference_poc22_position_0_blk1_routed prefetch expert_id=6 tensor=blk.1.ffn_up_exps.weight dependency_distance=0
reference_poc22_position_0_blk1_routed prefetch expert_id=6 tensor=blk.1.ffn_down_exps.weight dependency_distance=2
expert_parity max_abs=0 max_rel=0 mean_abs=0 tolerance=1e-5
reference_poc22_position_0_blk1_routed expert_id=6 consumer_wait=not_instrumented acquire_release=recorded peak_active=1622016 peak_resident=6029312
reference_poc22_position_0_blk1_routed expert_rank=2 expert_id=32 router_rank=2 graph_created=YES graph_refs=gate:0,up:1,down:2 storage_ref_base=20096 score_preserved=YES
reference_poc22_position_0_blk1_routed expert_id=32 selected_range tensor=blk.1.ffn_gate_exps.weight offset=121786848 bytes=563200 layout=DIRECT
reference_poc22_position_0_blk1_routed expert_id=32 selected_range tensor=blk.1.ffn_up_exps.weight offset=157831664 bytes=563200 layout=DIRECT
reference_poc22_position_0_blk1_routed expert_id=32 selected_range tensor=blk.1.ffn_down_exps.weight offset=227758592 bytes=1622016 layout=DIRECT
reference_poc22_position_0_blk1_routed prefetch expert_id=32 tensor=blk.1.ffn_gate_exps.weight dependency_distance=0
reference_poc22_position_0_blk1_routed prefetch expert_id=32 tensor=blk.1.ffn_up_exps.weight dependency_distance=0
reference_poc22_position_0_blk1_routed prefetch expert_id=32 tensor=blk.1.ffn_down_exps.weight dependency_distance=2
expert_parity max_abs=0 max_rel=0 mean_abs=0 tolerance=1e-5
reference_poc22_position_0_blk1_routed expert_id=32 consumer_wait=not_instrumented acquire_release=recorded peak_active=1622016 peak_resident=8245248
reference_poc22_position_0_blk1_routed expert_rank=3 expert_id=17 router_rank=3 graph_created=YES graph_refs=gate:0,up:1,down:2 storage_ref_base=20051 score_preserved=YES
reference_poc22_position_0_blk1_routed expert_id=17 selected_range tensor=blk.1.ffn_gate_exps.weight offset=113338848 bytes=563200 layout=DIRECT
reference_poc22_position_0_blk1_routed expert_id=17 selected_range tensor=blk.1.ffn_up_exps.weight offset=149383664 bytes=563200 layout=DIRECT
reference_poc22_position_0_blk1_routed expert_id=17 selected_range tensor=blk.1.ffn_down_exps.weight offset=203428352 bytes=1622016 layout=DIRECT
reference_poc22_position_0_blk1_routed prefetch expert_id=17 tensor=blk.1.ffn_gate_exps.weight dependency_distance=0
reference_poc22_position_0_blk1_routed prefetch expert_id=17 tensor=blk.1.ffn_up_exps.weight dependency_distance=0
reference_poc22_position_0_blk1_routed prefetch expert_id=17 tensor=blk.1.ffn_down_exps.weight dependency_distance=2
expert_parity max_abs=0 max_rel=0 mean_abs=0 tolerance=1e-5
reference_poc22_position_0_blk1_routed expert_id=17 consumer_wait=not_instrumented acquire_release=recorded peak_active=1622016 peak_resident=8245248
reference_poc22_position_0_blk1_routed expert_rank=4 expert_id=35 router_rank=4 graph_created=YES graph_refs=gate:0,up:1,down:2 storage_ref_base=20105 score_preserved=YES
reference_poc22_position_0_blk1_routed expert_id=35 selected_range tensor=blk.1.ffn_gate_exps.weight offset=123476448 bytes=563200 layout=DIRECT
reference_poc22_position_0_blk1_routed expert_id=35 selected_range tensor=blk.1.ffn_up_exps.weight offset=159521264 bytes=563200 layout=DIRECT
reference_poc22_position_0_blk1_routed expert_id=35 selected_range tensor=blk.1.ffn_down_exps.weight offset=232624640 bytes=1622016 layout=DIRECT
reference_poc22_position_0_blk1_routed prefetch expert_id=35 tensor=blk.1.ffn_gate_exps.weight dependency_distance=0
reference_poc22_position_0_blk1_routed prefetch expert_id=35 tensor=blk.1.ffn_up_exps.weight dependency_distance=0
reference_poc22_position_0_blk1_routed prefetch expert_id=35 tensor=blk.1.ffn_down_exps.weight dependency_distance=2
expert_parity max_abs=0 max_rel=0 mean_abs=0 tolerance=1e-5
reference_poc22_position_0_blk1_routed expert_id=35 consumer_wait=not_instrumented acquire_release=recorded peak_active=1622016 peak_resident=8245248
reference_poc22_position_0_blk1_routed expert_rank=5 expert_id=18 router_rank=5 graph_created=YES graph_refs=gate:0,up:1,down:2 storage_ref_base=20054 score_preserved=YES
reference_poc22_position_0_blk1_routed expert_id=18 selected_range tensor=blk.1.ffn_gate_exps.weight offset=113902048 bytes=563200 layout=DIRECT
reference_poc22_position_0_blk1_routed expert_id=18 selected_range tensor=blk.1.ffn_up_exps.weight offset=149946864 bytes=563200 layout=DIRECT
reference_poc22_position_0_blk1_routed expert_id=18 selected_range tensor=blk.1.ffn_down_exps.weight offset=205050368 bytes=1622016 layout=DIRECT
reference_poc22_position_0_blk1_routed prefetch expert_id=18 tensor=blk.1.ffn_gate_exps.weight dependency_distance=0
reference_poc22_position_0_blk1_routed prefetch expert_id=18 tensor=blk.1.ffn_up_exps.weight dependency_distance=0
reference_poc22_position_0_blk1_routed prefetch expert_id=18 tensor=blk.1.ffn_down_exps.weight dependency_distance=2
expert_parity max_abs=0 max_rel=0 mean_abs=0 tolerance=1e-5
reference_poc22_position_0_blk1_routed expert_id=18 consumer_wait=not_instrumented acquire_release=recorded peak_active=1622016 peak_resident=8245248
reference_poc22_position_0_blk1_routed residency_hits=36 residency_misses=42 source_reads=18 materialization_requests=18 source_policy_calls=18 evictions=11 resident_tensors_after=9
routed_merge_parity max_abs=0 max_rel=0 mean_abs=0 tolerance=1e-5
shared_expert_parity max_abs=0 max_rel=0 mean_abs=0 tolerance=1e-5
pre_residual_composition_parity max_abs=0 max_rel=0 mean_abs=0 tolerance=1e-5
final_layer_parity max_abs=0 max_rel=0 mean_abs=0 tolerance=1e-5
reference_poc22_position_0_blk1 shared_expert=REQUIRED shared_graph_created=YES residual_add=YES final_composition=PASS
ffn_timing tensor=blk.1.ffn_gate_inp.weight payload_ready_ns=4169668600389 first_consumer_start_ns=4169706928356 payload_to_first_consumer_ns=38327967
ffn_timing tensor=blk.1.ffn_gate_shexp.weight payload_ready_ns=4171677702677 first_consumer_start_ns=4171722754549 payload_to_first_consumer_ns=45051872
ffn_timing tensor=blk.1.ffn_gate_exps.weight payload_ready_ns=4169768218604 first_consumer_start_ns=4169806544071 payload_to_first_consumer_ns=38325467
reference_poc22_position_0_blk1 full_layer_residency_hits=46 misses=51 evictions=17 source_reads=23 source_bytes=21168128 materialization_requests=23 resident_tensors_after=6
reference_poc22_position_0_blk1 full_layer_peak_active_persistent_bytes=1892352 full_layer_peak_resident_bytes=8245248
reference_poc22_position_0_blk1 first_payload_to_shared_compute_start_ns=2078393582 execution_ready_to_consumer_ns=NOT_INSTRUMENTED payload_to_first_useful_compute=NOT_INSTRUMENTED
poc22_position_0_blk1_attention_parity max_abs=0 max_rel=0 mean_abs=0 tolerance=1e-5
poc22_position_0_blk1_block_parity max_abs=0 max_rel=0 mean_abs=0 tolerance=1e-5
poc22_position_0 block_handoff block=2 handoff_ns=278203 activation_copy_bytes=0
attention_timing tensor=blk.1.attn_norm.weight payload_ready_ns=4165943377826 first_consumer_start_ns=4172071212971 payload_to_first_consumer_ns=6127835145
attention_timing tensor=blk.1.attn_q.weight payload_ready_ns=4165987887583 first_consumer_start_ns=4172186895192 payload_to_first_consumer_ns=6199007609
attention_timing tensor=blk.1.attn_kv_a_mqa.weight payload_ready_ns=4166024115135 first_consumer_start_ns=4172304794200 payload_to_first_consumer_ns=6280679065
attention_timing tensor=blk.1.attn_kv_a_norm.weight payload_ready_ns=4166096322368 first_consumer_start_ns=4172421454816 payload_to_first_consumer_ns=6325132448
attention_timing tensor=blk.1.attn_kv_b.weight payload_ready_ns=4166131406860 first_consumer_start_ns=4172537640109 payload_to_first_consumer_ns=6406233249
attention_timing tensor=blk.1.attn_output.weight payload_ready_ns=4166174744099 first_consumer_start_ns=4172654396724 payload_to_first_consumer_ns=6479652625
poc22_position_0_blk2 position=0 state_k_positions=1 state_v_positions=1 attention_probs=1,1,1,1,1,1,1,1,1,1,1,1,1,1,1,1,
reference_attention position=0 state_k_positions=1 state_v_positions=1 attention_probs=1,1,1,1,1,1,1,1,1,1,1,1,1,1,1,1,
normalized_input_parity max_abs=0 max_rel=0 mean_abs=0 tolerance=1e-5
router_score_parity max_abs=1.90735e-06 max_rel=0.00014369 mean_abs=3.53744e-07 tolerance=1e-5
selected_weight_parity max_abs=1.49012e-07 max_rel=9.54566e-07 mean_abs=7.07805e-08 tolerance=1e-5
poc22_position_0_blk2 topk_ids=24,49,40,32,54,4 normalized_weights=0.302172,0.184421,0.136091,0.133991,0.124883,0.118442,
poc22_position_0_blk2_routed expert_rank=0 expert_id=24 router_rank=0 graph_created=YES graph_refs=gate:0,up:1,down:2 storage_ref_base=30072 score_preserved=YES
poc22_position_0_blk2_routed expert_id=24 selected_range tensor=blk.1.ffn_gate_exps.weight offset=300052136 bytes=563200 layout=DIRECT
poc22_position_0_blk2_routed expert_id=24 selected_range tensor=blk.1.ffn_up_exps.weight offset=336096952 bytes=563200 layout=DIRECT
poc22_position_0_blk2_routed expert_id=24 selected_range tensor=blk.1.ffn_down_exps.weight offset=397553352 bytes=1622016 layout=DIRECT
poc22_position_0_blk2_routed prefetch expert_id=24 tensor=blk.1.ffn_gate_exps.weight dependency_distance=0
poc22_position_0_blk2_routed prefetch expert_id=24 tensor=blk.1.ffn_up_exps.weight dependency_distance=0
poc22_position_0_blk2_routed prefetch expert_id=24 tensor=blk.1.ffn_down_exps.weight dependency_distance=2
expert_parity max_abs=0 max_rel=0 mean_abs=0 tolerance=1e-5
poc22_position_0_blk2_routed expert_id=24 consumer_wait=not_instrumented acquire_release=recorded peak_active=1622016 peak_resident=54701728
poc22_position_0_blk2_routed expert_rank=1 expert_id=49 router_rank=1 graph_created=YES graph_refs=gate:0,up:1,down:2 storage_ref_base=30147 score_preserved=YES
poc22_position_0_blk2_routed expert_id=49 selected_range tensor=blk.1.ffn_gate_exps.weight offset=314132136 bytes=563200 layout=DIRECT
poc22_position_0_blk2_routed expert_id=49 selected_range tensor=blk.1.ffn_up_exps.weight offset=350176952 bytes=563200 layout=DIRECT
poc22_position_0_blk2_routed expert_id=49 selected_range tensor=blk.1.ffn_down_exps.weight offset=438103752 bytes=1622016 layout=DIRECT
poc22_position_0_blk2_routed prefetch expert_id=49 tensor=blk.1.ffn_gate_exps.weight dependency_distance=0
poc22_position_0_blk2_routed prefetch expert_id=49 tensor=blk.1.ffn_up_exps.weight dependency_distance=0
poc22_position_0_blk2_routed prefetch expert_id=49 tensor=blk.1.ffn_down_exps.weight dependency_distance=2
expert_parity max_abs=0 max_rel=0 mean_abs=0 tolerance=1e-5
poc22_position_0_blk2_routed expert_id=49 consumer_wait=not_instrumented acquire_release=recorded peak_active=1622016 peak_resident=57450144
poc22_position_0_blk2_routed expert_rank=2 expert_id=40 router_rank=2 graph_created=YES graph_refs=gate:0,up:1,down:2 storage_ref_base=30120 score_preserved=YES
poc22_position_0_blk2_routed expert_id=40 selected_range tensor=blk.1.ffn_gate_exps.weight offset=309063336 bytes=563200 layout=DIRECT
poc22_position_0_blk2_routed expert_id=40 selected_range tensor=blk.1.ffn_up_exps.weight offset=345108152 bytes=563200 layout=DIRECT
poc22_position_0_blk2_routed expert_id=40 selected_range tensor=blk.1.ffn_down_exps.weight offset=423505608 bytes=1622016 layout=DIRECT
poc22_position_0_blk2_routed prefetch expert_id=40 tensor=blk.1.ffn_gate_exps.weight dependency_distance=0
poc22_position_0_blk2_routed prefetch expert_id=40 tensor=blk.1.ffn_up_exps.weight dependency_distance=0
poc22_position_0_blk2_routed prefetch expert_id=40 tensor=blk.1.ffn_down_exps.weight dependency_distance=2
expert_parity max_abs=0 max_rel=0 mean_abs=0 tolerance=1e-5
poc22_position_0_blk2_routed expert_id=40 consumer_wait=not_instrumented acquire_release=recorded peak_active=1622016 peak_resident=60198560
poc22_position_0_blk2_routed expert_rank=3 expert_id=32 router_rank=3 graph_created=YES graph_refs=gate:0,up:1,down:2 storage_ref_base=30096 score_preserved=YES
poc22_position_0_blk2_routed expert_id=32 selected_range tensor=blk.1.ffn_gate_exps.weight offset=304557736 bytes=563200 layout=DIRECT
poc22_position_0_blk2_routed expert_id=32 selected_range tensor=blk.1.ffn_up_exps.weight offset=340602552 bytes=563200 layout=DIRECT
poc22_position_0_blk2_routed expert_id=32 selected_range tensor=blk.1.ffn_down_exps.weight offset=410529480 bytes=1622016 layout=DIRECT
poc22_position_0_blk2_routed prefetch expert_id=32 tensor=blk.1.ffn_gate_exps.weight dependency_distance=0
poc22_position_0_blk2_routed prefetch expert_id=32 tensor=blk.1.ffn_up_exps.weight dependency_distance=0
poc22_position_0_blk2_routed prefetch expert_id=32 tensor=blk.1.ffn_down_exps.weight dependency_distance=2
expert_parity max_abs=0 max_rel=0 mean_abs=0 tolerance=1e-5
poc22_position_0_blk2_routed expert_id=32 consumer_wait=not_instrumented acquire_release=recorded peak_active=1622016 peak_resident=62946976
poc22_position_0_blk2_routed expert_rank=4 expert_id=54 router_rank=4 graph_created=YES graph_refs=gate:0,up:1,down:2 storage_ref_base=30162 score_preserved=YES
poc22_position_0_blk2_routed expert_id=54 selected_range tensor=blk.1.ffn_gate_exps.weight offset=316948136 bytes=563200 layout=DIRECT
poc22_position_0_blk2_routed expert_id=54 selected_range tensor=blk.1.ffn_up_exps.weight offset=352992952 bytes=563200 layout=DIRECT
poc22_position_0_blk2_routed expert_id=54 selected_range tensor=blk.1.ffn_down_exps.weight offset=446213832 bytes=1622016 layout=DIRECT
poc22_position_0_blk2_routed prefetch expert_id=54 tensor=blk.1.ffn_gate_exps.weight dependency_distance=0
poc22_position_0_blk2_routed prefetch expert_id=54 tensor=blk.1.ffn_up_exps.weight dependency_distance=0
poc22_position_0_blk2_routed prefetch expert_id=54 tensor=blk.1.ffn_down_exps.weight dependency_distance=2
expert_parity max_abs=0 max_rel=0 mean_abs=0 tolerance=1e-5
poc22_position_0_blk2_routed expert_id=54 consumer_wait=not_instrumented acquire_release=recorded peak_active=1622016 peak_resident=65695392
poc22_position_0_blk2_routed expert_rank=5 expert_id=4 router_rank=5 graph_created=YES graph_refs=gate:0,up:1,down:2 storage_ref_base=30012 score_preserved=YES
poc22_position_0_blk2_routed expert_id=4 selected_range tensor=blk.1.ffn_gate_exps.weight offset=288788136 bytes=563200 layout=DIRECT
poc22_position_0_blk2_routed expert_id=4 selected_range tensor=blk.1.ffn_up_exps.weight offset=324832952 bytes=563200 layout=DIRECT
poc22_position_0_blk2_routed expert_id=4 selected_range tensor=blk.1.ffn_down_exps.weight offset=365113032 bytes=1622016 layout=DIRECT
poc22_position_0_blk2_routed prefetch expert_id=4 tensor=blk.1.ffn_gate_exps.weight dependency_distance=0
poc22_position_0_blk2_routed prefetch expert_id=4 tensor=blk.1.ffn_up_exps.weight dependency_distance=0
poc22_position_0_blk2_routed prefetch expert_id=4 tensor=blk.1.ffn_down_exps.weight dependency_distance=2
expert_parity max_abs=0 max_rel=0 mean_abs=0 tolerance=1e-5
poc22_position_0_blk2_routed expert_id=4 consumer_wait=not_instrumented acquire_release=recorded peak_active=1622016 peak_resident=66975744
poc22_position_0_blk2_routed residency_hits=36 residency_misses=42 source_reads=18 materialization_requests=18 source_policy_calls=18 evictions=4 resident_tensors_after=62
routed_merge_parity max_abs=0 max_rel=0 mean_abs=0 tolerance=1e-5
shared_expert_parity max_abs=0 max_rel=0 mean_abs=0 tolerance=1e-5
pre_residual_composition_parity max_abs=0 max_rel=0 mean_abs=0 tolerance=1e-5
final_layer_parity max_abs=0 max_rel=0 mean_abs=0 tolerance=1e-5
poc22_position_0_blk2 shared_expert=REQUIRED shared_graph_created=YES residual_add=YES final_composition=PASS
ffn_timing tensor=blk.1.ffn_gate_inp.weight payload_ready_ns=4172850004061 first_consumer_start_ns=4172897316136 payload_to_first_consumer_ns=47312075
ffn_timing tensor=blk.1.ffn_gate_shexp.weight payload_ready_ns=4175242542225 first_consumer_start_ns=4175289647221 payload_to_first_consumer_ns=47104996
ffn_timing tensor=blk.1.ffn_gate_exps.weight payload_ready_ns=4172973104171 first_consumer_start_ns=4173021136190 payload_to_first_consumer_ns=48032019
poc22_position_0_blk2 full_layer_residency_hits=46 misses=51 evictions=9 source_reads=23 source_bytes=20402176 materialization_requests=23 resident_tensors_after=60
poc22_position_0_blk2 full_layer_peak_active_persistent_bytes=1622016 full_layer_peak_resident_bytes=66975744
poc22_position_0_blk2 first_payload_to_shared_compute_start_ns=2476724278 execution_ready_to_consumer_ns=NOT_INSTRUMENTED payload_to_first_useful_compute=NOT_INSTRUMENTED
normalized_input_parity max_abs=0 max_rel=0 mean_abs=0 tolerance=1e-5
router_score_parity max_abs=1.90735e-06 max_rel=0.00014369 mean_abs=3.53744e-07 tolerance=1e-5
selected_weight_parity max_abs=1.49012e-07 max_rel=9.54566e-07 mean_abs=7.07805e-08 tolerance=1e-5
reference_poc22_position_0_blk2 topk_ids=24,49,40,32,54,4 normalized_weights=0.302172,0.184421,0.136091,0.133991,0.124883,0.118442,
reference_poc22_position_0_blk2_routed expert_rank=0 expert_id=24 router_rank=0 graph_created=YES graph_refs=gate:0,up:1,down:2 storage_ref_base=30072 score_preserved=YES
reference_poc22_position_0_blk2_routed expert_id=24 selected_range tensor=blk.1.ffn_gate_exps.weight offset=300052136 bytes=563200 layout=DIRECT
reference_poc22_position_0_blk2_routed expert_id=24 selected_range tensor=blk.1.ffn_up_exps.weight offset=336096952 bytes=563200 layout=DIRECT
reference_poc22_position_0_blk2_routed expert_id=24 selected_range tensor=blk.1.ffn_down_exps.weight offset=397553352 bytes=1622016 layout=DIRECT
reference_poc22_position_0_blk2_routed prefetch expert_id=24 tensor=blk.1.ffn_gate_exps.weight dependency_distance=0
reference_poc22_position_0_blk2_routed prefetch expert_id=24 tensor=blk.1.ffn_up_exps.weight dependency_distance=0
reference_poc22_position_0_blk2_routed prefetch expert_id=24 tensor=blk.1.ffn_down_exps.weight dependency_distance=2
expert_parity max_abs=0 max_rel=0 mean_abs=0 tolerance=1e-5
reference_poc22_position_0_blk2_routed expert_id=24 consumer_wait=not_instrumented acquire_release=recorded peak_active=1622016 peak_resident=3280896
reference_poc22_position_0_blk2_routed expert_rank=1 expert_id=49 router_rank=1 graph_created=YES graph_refs=gate:0,up:1,down:2 storage_ref_base=30147 score_preserved=YES
reference_poc22_position_0_blk2_routed expert_id=49 selected_range tensor=blk.1.ffn_gate_exps.weight offset=314132136 bytes=563200 layout=DIRECT
reference_poc22_position_0_blk2_routed expert_id=49 selected_range tensor=blk.1.ffn_up_exps.weight offset=350176952 bytes=563200 layout=DIRECT
reference_poc22_position_0_blk2_routed expert_id=49 selected_range tensor=blk.1.ffn_down_exps.weight offset=438103752 bytes=1622016 layout=DIRECT
reference_poc22_position_0_blk2_routed prefetch expert_id=49 tensor=blk.1.ffn_gate_exps.weight dependency_distance=0
reference_poc22_position_0_blk2_routed prefetch expert_id=49 tensor=blk.1.ffn_up_exps.weight dependency_distance=0
reference_poc22_position_0_blk2_routed prefetch expert_id=49 tensor=blk.1.ffn_down_exps.weight dependency_distance=2
expert_parity max_abs=0 max_rel=0 mean_abs=0 tolerance=1e-5
reference_poc22_position_0_blk2_routed expert_id=49 consumer_wait=not_instrumented acquire_release=recorded peak_active=1622016 peak_resident=6029312
reference_poc22_position_0_blk2_routed expert_rank=2 expert_id=40 router_rank=2 graph_created=YES graph_refs=gate:0,up:1,down:2 storage_ref_base=30120 score_preserved=YES
reference_poc22_position_0_blk2_routed expert_id=40 selected_range tensor=blk.1.ffn_gate_exps.weight offset=309063336 bytes=563200 layout=DIRECT
reference_poc22_position_0_blk2_routed expert_id=40 selected_range tensor=blk.1.ffn_up_exps.weight offset=345108152 bytes=563200 layout=DIRECT
reference_poc22_position_0_blk2_routed expert_id=40 selected_range tensor=blk.1.ffn_down_exps.weight offset=423505608 bytes=1622016 layout=DIRECT
reference_poc22_position_0_blk2_routed prefetch expert_id=40 tensor=blk.1.ffn_gate_exps.weight dependency_distance=0
reference_poc22_position_0_blk2_routed prefetch expert_id=40 tensor=blk.1.ffn_up_exps.weight dependency_distance=0
reference_poc22_position_0_blk2_routed prefetch expert_id=40 tensor=blk.1.ffn_down_exps.weight dependency_distance=2
expert_parity max_abs=0 max_rel=0 mean_abs=0 tolerance=1e-5
reference_poc22_position_0_blk2_routed expert_id=40 consumer_wait=not_instrumented acquire_release=recorded peak_active=1622016 peak_resident=8245248
reference_poc22_position_0_blk2_routed expert_rank=3 expert_id=32 router_rank=3 graph_created=YES graph_refs=gate:0,up:1,down:2 storage_ref_base=30096 score_preserved=YES
reference_poc22_position_0_blk2_routed expert_id=32 selected_range tensor=blk.1.ffn_gate_exps.weight offset=304557736 bytes=563200 layout=DIRECT
reference_poc22_position_0_blk2_routed expert_id=32 selected_range tensor=blk.1.ffn_up_exps.weight offset=340602552 bytes=563200 layout=DIRECT
reference_poc22_position_0_blk2_routed expert_id=32 selected_range tensor=blk.1.ffn_down_exps.weight offset=410529480 bytes=1622016 layout=DIRECT
reference_poc22_position_0_blk2_routed prefetch expert_id=32 tensor=blk.1.ffn_gate_exps.weight dependency_distance=0
reference_poc22_position_0_blk2_routed prefetch expert_id=32 tensor=blk.1.ffn_up_exps.weight dependency_distance=0
reference_poc22_position_0_blk2_routed prefetch expert_id=32 tensor=blk.1.ffn_down_exps.weight dependency_distance=2
expert_parity max_abs=0 max_rel=0 mean_abs=0 tolerance=1e-5
reference_poc22_position_0_blk2_routed expert_id=32 consumer_wait=not_instrumented acquire_release=recorded peak_active=1622016 peak_resident=8245248
reference_poc22_position_0_blk2_routed expert_rank=4 expert_id=54 router_rank=4 graph_created=YES graph_refs=gate:0,up:1,down:2 storage_ref_base=30162 score_preserved=YES
reference_poc22_position_0_blk2_routed expert_id=54 selected_range tensor=blk.1.ffn_gate_exps.weight offset=316948136 bytes=563200 layout=DIRECT
reference_poc22_position_0_blk2_routed expert_id=54 selected_range tensor=blk.1.ffn_up_exps.weight offset=352992952 bytes=563200 layout=DIRECT
reference_poc22_position_0_blk2_routed expert_id=54 selected_range tensor=blk.1.ffn_down_exps.weight offset=446213832 bytes=1622016 layout=DIRECT
reference_poc22_position_0_blk2_routed prefetch expert_id=54 tensor=blk.1.ffn_gate_exps.weight dependency_distance=0
reference_poc22_position_0_blk2_routed prefetch expert_id=54 tensor=blk.1.ffn_up_exps.weight dependency_distance=0
reference_poc22_position_0_blk2_routed prefetch expert_id=54 tensor=blk.1.ffn_down_exps.weight dependency_distance=2
expert_parity max_abs=0 max_rel=0 mean_abs=0 tolerance=1e-5
reference_poc22_position_0_blk2_routed expert_id=54 consumer_wait=not_instrumented acquire_release=recorded peak_active=1622016 peak_resident=8245248
reference_poc22_position_0_blk2_routed expert_rank=5 expert_id=4 router_rank=5 graph_created=YES graph_refs=gate:0,up:1,down:2 storage_ref_base=30012 score_preserved=YES
reference_poc22_position_0_blk2_routed expert_id=4 selected_range tensor=blk.1.ffn_gate_exps.weight offset=288788136 bytes=563200 layout=DIRECT
reference_poc22_position_0_blk2_routed expert_id=4 selected_range tensor=blk.1.ffn_up_exps.weight offset=324832952 bytes=563200 layout=DIRECT
reference_poc22_position_0_blk2_routed expert_id=4 selected_range tensor=blk.1.ffn_down_exps.weight offset=365113032 bytes=1622016 layout=DIRECT
reference_poc22_position_0_blk2_routed prefetch expert_id=4 tensor=blk.1.ffn_gate_exps.weight dependency_distance=0
reference_poc22_position_0_blk2_routed prefetch expert_id=4 tensor=blk.1.ffn_up_exps.weight dependency_distance=0
reference_poc22_position_0_blk2_routed prefetch expert_id=4 tensor=blk.1.ffn_down_exps.weight dependency_distance=2
expert_parity max_abs=0 max_rel=0 mean_abs=0 tolerance=1e-5
reference_poc22_position_0_blk2_routed expert_id=4 consumer_wait=not_instrumented acquire_release=recorded peak_active=1622016 peak_resident=8245248
reference_poc22_position_0_blk2_routed residency_hits=36 residency_misses=42 source_reads=18 materialization_requests=18 source_policy_calls=18 evictions=11 resident_tensors_after=9
routed_merge_parity max_abs=0 max_rel=0 mean_abs=0 tolerance=1e-5
shared_expert_parity max_abs=0 max_rel=0 mean_abs=0 tolerance=1e-5
pre_residual_composition_parity max_abs=0 max_rel=0 mean_abs=0 tolerance=1e-5
final_layer_parity max_abs=0 max_rel=0 mean_abs=0 tolerance=1e-5
reference_poc22_position_0_blk2 shared_expert=REQUIRED shared_graph_created=YES residual_add=YES final_composition=PASS
ffn_timing tensor=blk.1.ffn_gate_inp.weight payload_ready_ns=4175714890950 first_consumer_start_ns=4175767018135 payload_to_first_consumer_ns=52127185
ffn_timing tensor=blk.1.ffn_gate_shexp.weight payload_ready_ns=4178385921674 first_consumer_start_ns=4178445275503 payload_to_first_consumer_ns=59353829
ffn_timing tensor=blk.1.ffn_gate_exps.weight payload_ready_ns=4175850068814 first_consumer_start_ns=4175902796445 payload_to_first_consumer_ns=52727631
reference_poc22_position_0_blk2 full_layer_residency_hits=46 misses=51 evictions=15 source_reads=23 source_bytes=20402176 materialization_requests=23 resident_tensors_after=8
reference_poc22_position_0_blk2 full_layer_peak_active_persistent_bytes=1622016 full_layer_peak_resident_bytes=8312832
reference_poc22_position_0_blk2 first_payload_to_shared_compute_start_ns=2755815617 execution_ready_to_consumer_ns=NOT_INSTRUMENTED payload_to_first_useful_compute=NOT_INSTRUMENTED
poc22_position_0_blk2_attention_parity max_abs=0 max_rel=0 mean_abs=0 tolerance=1e-5
poc22_position_0_blk2_block_parity max_abs=0 max_rel=0 mean_abs=0 tolerance=1e-5
poc22_position_0 block_handoff block=3 handoff_ns=306369 activation_copy_bytes=0
attention_timing tensor=blk.1.attn_norm.weight payload_ready_ns=4165943377826 first_consumer_start_ns=4178896569242 payload_to_first_consumer_ns=12953191416
attention_timing tensor=blk.1.attn_q.weight payload_ready_ns=4165987887583 first_consumer_start_ns=4179045103333 payload_to_first_consumer_ns=13057215750
attention_timing tensor=blk.1.attn_kv_a_mqa.weight payload_ready_ns=4166024115135 first_consumer_start_ns=4179195882961 payload_to_first_consumer_ns=13171767826
attention_timing tensor=blk.1.attn_kv_a_norm.weight payload_ready_ns=4166096322368 first_consumer_start_ns=4179345594860 payload_to_first_consumer_ns=13249272492
attention_timing tensor=blk.1.attn_kv_b.weight payload_ready_ns=4166131406860 first_consumer_start_ns=4179494925268 payload_to_first_consumer_ns=13363518408
attention_timing tensor=blk.1.attn_output.weight payload_ready_ns=4166174744099 first_consumer_start_ns=4179644644834 payload_to_first_consumer_ns=13469900735
poc22_position_0_blk3 position=0 state_k_positions=1 state_v_positions=1 attention_probs=1,1,1,1,1,1,1,1,1,1,1,1,1,1,1,1,
reference_attention position=0 state_k_positions=1 state_v_positions=1 attention_probs=1,1,1,1,1,1,1,1,1,1,1,1,1,1,1,1,
normalized_input_parity max_abs=0 max_rel=0 mean_abs=0 tolerance=1e-5
router_score_parity max_abs=1.90735e-06 max_rel=4.30966e-05 mean_abs=3.04306e-07 tolerance=1e-5
selected_weight_parity max_abs=2.23517e-07 max_rel=1.08852e-06 mean_abs=7.94729e-08 tolerance=1e-5
poc22_position_0_blk3 topk_ids=17,29,14,57,35,41 normalized_weights=0.20534,0.191667,0.178549,0.14683,0.144322,0.133291,
poc22_position_0_blk3_routed expert_rank=0 expert_id=17 router_rank=0 graph_created=YES graph_refs=gate:0,up:1,down:2 storage_ref_base=40051 score_preserved=YES
poc22_position_0_blk3_routed expert_id=17 selected_range tensor=blk.1.ffn_gate_exps.weight offset=478880624 bytes=563200 layout=DIRECT
poc22_position_0_blk3_routed expert_id=17 selected_range tensor=blk.1.ffn_up_exps.weight offset=514925440 bytes=563200 layout=DIRECT
poc22_position_0_blk3_routed expert_id=17 selected_range tensor=blk.1.ffn_down_exps.weight offset=568970128 bytes=1622016 layout=DIRECT
poc22_position_0_blk3_routed prefetch expert_id=17 tensor=blk.1.ffn_gate_exps.weight dependency_distance=0
poc22_position_0_blk3_routed prefetch expert_id=17 tensor=blk.1.ffn_up_exps.weight dependency_distance=0
poc22_position_0_blk3_routed prefetch expert_id=17 tensor=blk.1.ffn_down_exps.weight dependency_distance=2
expert_parity max_abs=0 max_rel=0 mean_abs=0 tolerance=1e-5
poc22_position_0_blk3_routed expert_id=17 consumer_wait=not_instrumented acquire_release=recorded peak_active=1622016 peak_resident=66339840
poc22_position_0_blk3_routed expert_rank=1 expert_id=29 router_rank=1 graph_created=YES graph_refs=gate:0,up:1,down:2 storage_ref_base=40087 score_preserved=YES
poc22_position_0_blk3_routed expert_id=29 selected_range tensor=blk.1.ffn_gate_exps.weight offset=485639024 bytes=563200 layout=DIRECT
poc22_position_0_blk3_routed expert_id=29 selected_range tensor=blk.1.ffn_up_exps.weight offset=521683840 bytes=563200 layout=DIRECT
poc22_position_0_blk3_routed expert_id=29 selected_range tensor=blk.1.ffn_down_exps.weight offset=588434320 bytes=1622016 layout=DIRECT
poc22_position_0_blk3_routed prefetch expert_id=29 tensor=blk.1.ffn_gate_exps.weight dependency_distance=0
poc22_position_0_blk3_routed prefetch expert_id=29 tensor=blk.1.ffn_up_exps.weight dependency_distance=0
poc22_position_0_blk3_routed prefetch expert_id=29 tensor=blk.1.ffn_down_exps.weight dependency_distance=2
expert_parity max_abs=0 max_rel=0 mean_abs=0 tolerance=1e-5
poc22_position_0_blk3_routed expert_id=29 consumer_wait=not_instrumented acquire_release=recorded peak_active=1622016 peak_resident=56480768
poc22_position_0_blk3_routed expert_rank=2 expert_id=14 router_rank=2 graph_created=YES graph_refs=gate:0,up:1,down:2 storage_ref_base=40042 score_preserved=YES
poc22_position_0_blk3_routed expert_id=14 selected_range tensor=blk.1.ffn_gate_exps.weight offset=477191024 bytes=563200 layout=DIRECT
poc22_position_0_blk3_routed expert_id=14 selected_range tensor=blk.1.ffn_up_exps.weight offset=513235840 bytes=563200 layout=DIRECT
poc22_position_0_blk3_routed expert_id=14 selected_range tensor=blk.1.ffn_down_exps.weight offset=564104080 bytes=1622016 layout=DIRECT
poc22_position_0_blk3_routed prefetch expert_id=14 tensor=blk.1.ffn_gate_exps.weight dependency_distance=0
poc22_position_0_blk3_routed prefetch expert_id=14 tensor=blk.1.ffn_up_exps.weight dependency_distance=0
poc22_position_0_blk3_routed prefetch expert_id=14 tensor=blk.1.ffn_down_exps.weight dependency_distance=2
expert_parity max_abs=0 max_rel=0 mean_abs=0 tolerance=1e-5
poc22_position_0_blk3_routed expert_id=14 consumer_wait=not_instrumented acquire_release=recorded peak_active=1622016 peak_resident=59229184
poc22_position_0_blk3_routed expert_rank=3 expert_id=57 router_rank=3 graph_created=YES graph_refs=gate:0,up:1,down:2 storage_ref_base=40171 score_preserved=YES
poc22_position_0_blk3_routed expert_id=57 selected_range tensor=blk.1.ffn_gate_exps.weight offset=501408624 bytes=563200 layout=DIRECT
poc22_position_0_blk3_routed expert_id=57 selected_range tensor=blk.1.ffn_up_exps.weight offset=537453440 bytes=563200 layout=DIRECT
poc22_position_0_blk3_routed expert_id=57 selected_range tensor=blk.1.ffn_down_exps.weight offset=633850768 bytes=1622016 layout=DIRECT
poc22_position_0_blk3_routed prefetch expert_id=57 tensor=blk.1.ffn_gate_exps.weight dependency_distance=0
poc22_position_0_blk3_routed prefetch expert_id=57 tensor=blk.1.ffn_up_exps.weight dependency_distance=0
poc22_position_0_blk3_routed prefetch expert_id=57 tensor=blk.1.ffn_down_exps.weight dependency_distance=2
expert_parity max_abs=0 max_rel=0 mean_abs=0 tolerance=1e-5
poc22_position_0_blk3_routed expert_id=57 consumer_wait=not_instrumented acquire_release=recorded peak_active=1622016 peak_resident=61977600
poc22_position_0_blk3_routed expert_rank=4 expert_id=35 router_rank=4 graph_created=YES graph_refs=gate:0,up:1,down:2 storage_ref_base=40105 score_preserved=YES
poc22_position_0_blk3_routed expert_id=35 selected_range tensor=blk.1.ffn_gate_exps.weight offset=489018224 bytes=563200 layout=DIRECT
poc22_position_0_blk3_routed expert_id=35 selected_range tensor=blk.1.ffn_up_exps.weight offset=525063040 bytes=563200 layout=DIRECT
poc22_position_0_blk3_routed expert_id=35 selected_range tensor=blk.1.ffn_down_exps.weight offset=598166416 bytes=1622016 layout=DIRECT
poc22_position_0_blk3_routed prefetch expert_id=35 tensor=blk.1.ffn_gate_exps.weight dependency_distance=0
poc22_position_0_blk3_routed prefetch expert_id=35 tensor=blk.1.ffn_up_exps.weight dependency_distance=0
poc22_position_0_blk3_routed prefetch expert_id=35 tensor=blk.1.ffn_down_exps.weight dependency_distance=2
expert_parity max_abs=0 max_rel=0 mean_abs=0 tolerance=1e-5
poc22_position_0_blk3_routed expert_id=35 consumer_wait=not_instrumented acquire_release=recorded peak_active=1622016 peak_resident=64726016
poc22_position_0_blk3_routed expert_rank=5 expert_id=41 router_rank=5 graph_created=YES graph_refs=gate:0,up:1,down:2 storage_ref_base=40123 score_preserved=YES
poc22_position_0_blk3_routed expert_id=41 selected_range tensor=blk.1.ffn_gate_exps.weight offset=492397424 bytes=563200 layout=DIRECT
poc22_position_0_blk3_routed expert_id=41 selected_range tensor=blk.1.ffn_up_exps.weight offset=528442240 bytes=563200 layout=DIRECT
poc22_position_0_blk3_routed expert_id=41 selected_range tensor=blk.1.ffn_down_exps.weight offset=607898512 bytes=1622016 layout=DIRECT
poc22_position_0_blk3_routed prefetch expert_id=41 tensor=blk.1.ffn_gate_exps.weight dependency_distance=0
poc22_position_0_blk3_routed prefetch expert_id=41 tensor=blk.1.ffn_up_exps.weight dependency_distance=0
poc22_position_0_blk3_routed prefetch expert_id=41 tensor=blk.1.ffn_down_exps.weight dependency_distance=2
expert_parity max_abs=0 max_rel=0 mean_abs=0 tolerance=1e-5
poc22_position_0_blk3_routed expert_id=41 consumer_wait=not_instrumented acquire_release=recorded peak_active=1622016 peak_resident=66237440
poc22_position_0_blk3_routed residency_hits=36 residency_misses=42 source_reads=18 materialization_requests=18 source_policy_calls=18 evictions=3 resident_tensors_after=82
routed_merge_parity max_abs=0 max_rel=0 mean_abs=0 tolerance=1e-5
shared_expert_parity max_abs=0 max_rel=0 mean_abs=0 tolerance=1e-5
pre_residual_composition_parity max_abs=0 max_rel=0 mean_abs=0 tolerance=1e-5
final_layer_parity max_abs=0 max_rel=0 mean_abs=0 tolerance=1e-5
poc22_position_0_blk3 shared_expert=REQUIRED shared_graph_created=YES residual_add=YES final_composition=PASS
ffn_timing tensor=blk.1.ffn_gate_inp.weight payload_ready_ns=4179892520479 first_consumer_start_ns=4179953310695 payload_to_first_consumer_ns=60790216
ffn_timing tensor=blk.1.ffn_gate_shexp.weight payload_ready_ns=4182815547763 first_consumer_start_ns=4182879561497 payload_to_first_consumer_ns=64013734
ffn_timing tensor=blk.1.ffn_gate_exps.weight payload_ready_ns=4180049336858 first_consumer_start_ns=4180110510234 payload_to_first_consumer_ns=61173376
poc22_position_0_blk3 full_layer_residency_hits=46 misses=51 evictions=10 source_reads=23 source_bytes=20402176 materialization_requests=23 resident_tensors_after=78
poc22_position_0_blk3 full_layer_peak_active_persistent_bytes=1622016 full_layer_peak_resident_bytes=66797568
poc22_position_0_blk3 first_payload_to_shared_compute_start_ns=3038689797 execution_ready_to_consumer_ns=NOT_INSTRUMENTED payload_to_first_useful_compute=NOT_INSTRUMENTED
normalized_input_parity max_abs=0 max_rel=0 mean_abs=0 tolerance=1e-5
router_score_parity max_abs=1.90735e-06 max_rel=4.30966e-05 mean_abs=3.04306e-07 tolerance=1e-5
selected_weight_parity max_abs=2.23517e-07 max_rel=1.08852e-06 mean_abs=7.94729e-08 tolerance=1e-5
reference_poc22_position_0_blk3 topk_ids=17,29,14,57,35,41 normalized_weights=0.20534,0.191667,0.178549,0.14683,0.144322,0.133291,
reference_poc22_position_0_blk3_routed expert_rank=0 expert_id=17 router_rank=0 graph_created=YES graph_refs=gate:0,up:1,down:2 storage_ref_base=40051 score_preserved=YES
reference_poc22_position_0_blk3_routed expert_id=17 selected_range tensor=blk.1.ffn_gate_exps.weight offset=478880624 bytes=563200 layout=DIRECT
reference_poc22_position_0_blk3_routed expert_id=17 selected_range tensor=blk.1.ffn_up_exps.weight offset=514925440 bytes=563200 layout=DIRECT
reference_poc22_position_0_blk3_routed expert_id=17 selected_range tensor=blk.1.ffn_down_exps.weight offset=568970128 bytes=1622016 layout=DIRECT
reference_poc22_position_0_blk3_routed prefetch expert_id=17 tensor=blk.1.ffn_gate_exps.weight dependency_distance=0
reference_poc22_position_0_blk3_routed prefetch expert_id=17 tensor=blk.1.ffn_up_exps.weight dependency_distance=0
reference_poc22_position_0_blk3_routed prefetch expert_id=17 tensor=blk.1.ffn_down_exps.weight dependency_distance=2
expert_parity max_abs=0 max_rel=0 mean_abs=0 tolerance=1e-5
reference_poc22_position_0_blk3_routed expert_id=17 consumer_wait=not_instrumented acquire_release=recorded peak_active=1622016 peak_resident=3280896
reference_poc22_position_0_blk3_routed expert_rank=1 expert_id=29 router_rank=1 graph_created=YES graph_refs=gate:0,up:1,down:2 storage_ref_base=40087 score_preserved=YES
reference_poc22_position_0_blk3_routed expert_id=29 selected_range tensor=blk.1.ffn_gate_exps.weight offset=485639024 bytes=563200 layout=DIRECT
reference_poc22_position_0_blk3_routed expert_id=29 selected_range tensor=blk.1.ffn_up_exps.weight offset=521683840 bytes=563200 layout=DIRECT
reference_poc22_position_0_blk3_routed expert_id=29 selected_range tensor=blk.1.ffn_down_exps.weight offset=588434320 bytes=1622016 layout=DIRECT
reference_poc22_position_0_blk3_routed prefetch expert_id=29 tensor=blk.1.ffn_gate_exps.weight dependency_distance=0
reference_poc22_position_0_blk3_routed prefetch expert_id=29 tensor=blk.1.ffn_up_exps.weight dependency_distance=0
reference_poc22_position_0_blk3_routed prefetch expert_id=29 tensor=blk.1.ffn_down_exps.weight dependency_distance=2
expert_parity max_abs=0 max_rel=0 mean_abs=0 tolerance=1e-5
reference_poc22_position_0_blk3_routed expert_id=29 consumer_wait=not_instrumented acquire_release=recorded peak_active=1622016 peak_resident=6029312
reference_poc22_position_0_blk3_routed expert_rank=2 expert_id=14 router_rank=2 graph_created=YES graph_refs=gate:0,up:1,down:2 storage_ref_base=40042 score_preserved=YES
reference_poc22_position_0_blk3_routed expert_id=14 selected_range tensor=blk.1.ffn_gate_exps.weight offset=477191024 bytes=563200 layout=DIRECT
reference_poc22_position_0_blk3_routed expert_id=14 selected_range tensor=blk.1.ffn_up_exps.weight offset=513235840 bytes=563200 layout=DIRECT
reference_poc22_position_0_blk3_routed expert_id=14 selected_range tensor=blk.1.ffn_down_exps.weight offset=564104080 bytes=1622016 layout=DIRECT
reference_poc22_position_0_blk3_routed prefetch expert_id=14 tensor=blk.1.ffn_gate_exps.weight dependency_distance=0
reference_poc22_position_0_blk3_routed prefetch expert_id=14 tensor=blk.1.ffn_up_exps.weight dependency_distance=0
reference_poc22_position_0_blk3_routed prefetch expert_id=14 tensor=blk.1.ffn_down_exps.weight dependency_distance=2
expert_parity max_abs=0 max_rel=0 mean_abs=0 tolerance=1e-5
reference_poc22_position_0_blk3_routed expert_id=14 consumer_wait=not_instrumented acquire_release=recorded peak_active=1622016 peak_resident=8245248
reference_poc22_position_0_blk3_routed expert_rank=3 expert_id=57 router_rank=3 graph_created=YES graph_refs=gate:0,up:1,down:2 storage_ref_base=40171 score_preserved=YES
reference_poc22_position_0_blk3_routed expert_id=57 selected_range tensor=blk.1.ffn_gate_exps.weight offset=501408624 bytes=563200 layout=DIRECT
reference_poc22_position_0_blk3_routed expert_id=57 selected_range tensor=blk.1.ffn_up_exps.weight offset=537453440 bytes=563200 layout=DIRECT
reference_poc22_position_0_blk3_routed expert_id=57 selected_range tensor=blk.1.ffn_down_exps.weight offset=633850768 bytes=1622016 layout=DIRECT
reference_poc22_position_0_blk3_routed prefetch expert_id=57 tensor=blk.1.ffn_gate_exps.weight dependency_distance=0
reference_poc22_position_0_blk3_routed prefetch expert_id=57 tensor=blk.1.ffn_up_exps.weight dependency_distance=0
reference_poc22_position_0_blk3_routed prefetch expert_id=57 tensor=blk.1.ffn_down_exps.weight dependency_distance=2
expert_parity max_abs=0 max_rel=0 mean_abs=0 tolerance=1e-5
reference_poc22_position_0_blk3_routed expert_id=57 consumer_wait=not_instrumented acquire_release=recorded peak_active=1622016 peak_resident=8245248
reference_poc22_position_0_blk3_routed expert_rank=4 expert_id=35 router_rank=4 graph_created=YES graph_refs=gate:0,up:1,down:2 storage_ref_base=40105 score_preserved=YES
reference_poc22_position_0_blk3_routed expert_id=35 selected_range tensor=blk.1.ffn_gate_exps.weight offset=489018224 bytes=563200 layout=DIRECT
reference_poc22_position_0_blk3_routed expert_id=35 selected_range tensor=blk.1.ffn_up_exps.weight offset=525063040 bytes=563200 layout=DIRECT
reference_poc22_position_0_blk3_routed expert_id=35 selected_range tensor=blk.1.ffn_down_exps.weight offset=598166416 bytes=1622016 layout=DIRECT
reference_poc22_position_0_blk3_routed prefetch expert_id=35 tensor=blk.1.ffn_gate_exps.weight dependency_distance=0
reference_poc22_position_0_blk3_routed prefetch expert_id=35 tensor=blk.1.ffn_up_exps.weight dependency_distance=0
reference_poc22_position_0_blk3_routed prefetch expert_id=35 tensor=blk.1.ffn_down_exps.weight dependency_distance=2
expert_parity max_abs=0 max_rel=0 mean_abs=0 tolerance=1e-5
reference_poc22_position_0_blk3_routed expert_id=35 consumer_wait=not_instrumented acquire_release=recorded peak_active=1622016 peak_resident=8245248
reference_poc22_position_0_blk3_routed expert_rank=5 expert_id=41 router_rank=5 graph_created=YES graph_refs=gate:0,up:1,down:2 storage_ref_base=40123 score_preserved=YES
reference_poc22_position_0_blk3_routed expert_id=41 selected_range tensor=blk.1.ffn_gate_exps.weight offset=492397424 bytes=563200 layout=DIRECT
reference_poc22_position_0_blk3_routed expert_id=41 selected_range tensor=blk.1.ffn_up_exps.weight offset=528442240 bytes=563200 layout=DIRECT
reference_poc22_position_0_blk3_routed expert_id=41 selected_range tensor=blk.1.ffn_down_exps.weight offset=607898512 bytes=1622016 layout=DIRECT
reference_poc22_position_0_blk3_routed prefetch expert_id=41 tensor=blk.1.ffn_gate_exps.weight dependency_distance=0
reference_poc22_position_0_blk3_routed prefetch expert_id=41 tensor=blk.1.ffn_up_exps.weight dependency_distance=0
reference_poc22_position_0_blk3_routed prefetch expert_id=41 tensor=blk.1.ffn_down_exps.weight dependency_distance=2
expert_parity max_abs=0 max_rel=0 mean_abs=0 tolerance=1e-5
reference_poc22_position_0_blk3_routed expert_id=41 consumer_wait=not_instrumented acquire_release=recorded peak_active=1622016 peak_resident=8245248
reference_poc22_position_0_blk3_routed residency_hits=36 residency_misses=42 source_reads=18 materialization_requests=18 source_policy_calls=18 evictions=11 resident_tensors_after=9
routed_merge_parity max_abs=0 max_rel=0 mean_abs=0 tolerance=1e-5
shared_expert_parity max_abs=0 max_rel=0 mean_abs=0 tolerance=1e-5
pre_residual_composition_parity max_abs=0 max_rel=0 mean_abs=0 tolerance=1e-5
final_layer_parity max_abs=0 max_rel=0 mean_abs=0 tolerance=1e-5
reference_poc22_position_0_blk3 shared_expert=REQUIRED shared_graph_created=YES residual_add=YES final_composition=PASS
ffn_timing tensor=blk.1.ffn_gate_inp.weight payload_ready_ns=4183456584709 first_consumer_start_ns=4183519943414 payload_to_first_consumer_ns=63358705
ffn_timing tensor=blk.1.ffn_gate_shexp.weight payload_ready_ns=4186648279838 first_consumer_start_ns=4186718450446 payload_to_first_consumer_ns=70170608
ffn_timing tensor=blk.1.ffn_gate_exps.weight payload_ready_ns=4183619320134 first_consumer_start_ns=4183682745005 payload_to_first_consumer_ns=63424871
reference_poc22_position_0_blk3 full_layer_residency_hits=46 misses=51 evictions=15 source_reads=23 source_bytes=20402176 materialization_requests=23 resident_tensors_after=8
reference_poc22_position_0_blk3 full_layer_peak_active_persistent_bytes=1622016 full_layer_peak_resident_bytes=8312832
reference_poc22_position_0_blk3 first_payload_to_shared_compute_start_ns=3311527348 execution_ready_to_consumer_ns=NOT_INSTRUMENTED payload_to_first_useful_compute=NOT_INSTRUMENTED
poc22_position_0_blk3_attention_parity max_abs=0 max_rel=0 mean_abs=0 tolerance=1e-5
poc22_position_0_blk3_block_parity max_abs=0 max_rel=0 mean_abs=0 tolerance=1e-5
poc22_position_0 block_handoff block=4 handoff_ns=313118 activation_copy_bytes=0
attention_timing tensor=blk.1.attn_norm.weight payload_ready_ns=4165943377826 first_consumer_start_ns=4187254270916 payload_to_first_consumer_ns=21310893090
attention_timing tensor=blk.1.attn_q.weight payload_ready_ns=4165987887583 first_consumer_start_ns=4187432937891 payload_to_first_consumer_ns=21445050308
attention_timing tensor=blk.1.attn_kv_a_mqa.weight payload_ready_ns=4166024115135 first_consumer_start_ns=4187613744947 payload_to_first_consumer_ns=21589629812
attention_timing tensor=blk.1.attn_kv_a_norm.weight payload_ready_ns=4166096322368 first_consumer_start_ns=4187793530774 payload_to_first_consumer_ns=21697208406
attention_timing tensor=blk.1.attn_kv_b.weight payload_ready_ns=4166131406860 first_consumer_start_ns=4187973262853 payload_to_first_consumer_ns=21841855993
attention_timing tensor=blk.1.attn_output.weight payload_ready_ns=4166174744099 first_consumer_start_ns=4188153943578 payload_to_first_consumer_ns=21979199479
poc22_position_0_blk4 position=0 state_k_positions=1 state_v_positions=1 attention_probs=1,1,1,1,1,1,1,1,1,1,1,1,1,1,1,1,
reference_attention position=0 state_k_positions=1 state_v_positions=1 attention_probs=1,1,1,1,1,1,1,1,1,1,1,1,1,1,1,1,
normalized_input_parity max_abs=0 max_rel=0 mean_abs=0 tolerance=1e-5
router_score_parity max_abs=1.78814e-06 max_rel=2.58098e-05 mean_abs=2.2637e-07 tolerance=1e-5
selected_weight_parity max_abs=7.45058e-08 max_rel=4.50982e-07 mean_abs=4.222e-08 tolerance=1e-5
poc22_position_0_blk4 topk_ids=7,52,60,42,50,16 normalized_weights=0.193033,0.180717,0.165208,0.159425,0.15082,0.150797,
poc22_position_0_blk4_routed expert_rank=0 expert_id=7 router_rank=0 graph_created=YES graph_refs=gate:0,up:1,down:2 storage_ref_base=50021 score_preserved=YES
poc22_position_0_blk4_routed expert_id=7 selected_range tensor=blk.1.ffn_gate_exps.weight offset=656019512 bytes=563200 layout=DIRECT
poc22_position_0_blk4_routed expert_id=7 selected_range tensor=blk.1.ffn_up_exps.weight offset=692064328 bytes=563200 layout=DIRECT
poc22_position_0_blk4_routed expert_id=7 selected_range tensor=blk.1.ffn_down_exps.weight offset=735520856 bytes=1622016 layout=DIRECT
poc22_position_0_blk4_routed prefetch expert_id=7 tensor=blk.1.ffn_gate_exps.weight dependency_distance=0
poc22_position_0_blk4_routed prefetch expert_id=7 tensor=blk.1.ffn_up_exps.weight dependency_distance=0
poc22_position_0_blk4_routed prefetch expert_id=7 tensor=blk.1.ffn_down_exps.weight dependency_distance=2
expert_parity max_abs=0 max_rel=0 mean_abs=0 tolerance=1e-5
poc22_position_0_blk4_routed expert_id=7 consumer_wait=not_instrumented acquire_release=recorded peak_active=1622016 peak_resident=66978816
poc22_position_0_blk4_routed expert_rank=1 expert_id=52 router_rank=1 graph_created=YES graph_refs=gate:0,up:1,down:2 storage_ref_base=50156 score_preserved=YES
poc22_position_0_blk4_routed expert_id=52 selected_range tensor=blk.1.ffn_gate_exps.weight offset=681363512 bytes=563200 layout=DIRECT
poc22_position_0_blk4_routed expert_id=52 selected_range tensor=blk.1.ffn_up_exps.weight offset=717408328 bytes=563200 layout=DIRECT
poc22_position_0_blk4_routed expert_id=52 selected_range tensor=blk.1.ffn_down_exps.weight offset=808511576 bytes=1622016 layout=DIRECT
poc22_position_0_blk4_routed prefetch expert_id=52 tensor=blk.1.ffn_gate_exps.weight dependency_distance=0
poc22_position_0_blk4_routed prefetch expert_id=52 tensor=blk.1.ffn_up_exps.weight dependency_distance=0
poc22_position_0_blk4_routed prefetch expert_id=52 tensor=blk.1.ffn_down_exps.weight dependency_distance=2
expert_parity max_abs=0 max_rel=0 mean_abs=0 tolerance=1e-5
poc22_position_0_blk4_routed expert_id=52 consumer_wait=not_instrumented acquire_release=recorded peak_active=1622016 peak_resident=66978816
poc22_position_0_blk4_routed expert_rank=2 expert_id=60 router_rank=2 graph_created=YES graph_refs=gate:0,up:1,down:2 storage_ref_base=50180 score_preserved=YES
poc22_position_0_blk4_routed expert_id=60 selected_range tensor=blk.1.ffn_gate_exps.weight offset=685869112 bytes=563200 layout=DIRECT
poc22_position_0_blk4_routed expert_id=60 selected_range tensor=blk.1.ffn_up_exps.weight offset=721913928 bytes=563200 layout=DIRECT
poc22_position_0_blk4_routed expert_id=60 selected_range tensor=blk.1.ffn_down_exps.weight offset=821487704 bytes=1622016 layout=DIRECT
poc22_position_0_blk4_routed prefetch expert_id=60 tensor=blk.1.ffn_gate_exps.weight dependency_distance=0
poc22_position_0_blk4_routed prefetch expert_id=60 tensor=blk.1.ffn_up_exps.weight dependency_distance=0
poc22_position_0_blk4_routed prefetch expert_id=60 tensor=blk.1.ffn_down_exps.weight dependency_distance=2
expert_parity max_abs=0 max_rel=0 mean_abs=0 tolerance=1e-5
poc22_position_0_blk4_routed expert_id=60 consumer_wait=not_instrumented acquire_release=recorded peak_active=1622016 peak_resident=66978816
poc22_position_0_blk4_routed expert_rank=3 expert_id=42 router_rank=3 graph_created=YES graph_refs=gate:0,up:1,down:2 storage_ref_base=50126 score_preserved=YES
poc22_position_0_blk4_routed expert_id=42 selected_range tensor=blk.1.ffn_gate_exps.weight offset=675731512 bytes=563200 layout=DIRECT
poc22_position_0_blk4_routed expert_id=42 selected_range tensor=blk.1.ffn_up_exps.weight offset=711776328 bytes=563200 layout=DIRECT
poc22_position_0_blk4_routed expert_id=42 selected_range tensor=blk.1.ffn_down_exps.weight offset=792291416 bytes=1622016 layout=DIRECT
poc22_position_0_blk4_routed prefetch expert_id=42 tensor=blk.1.ffn_gate_exps.weight dependency_distance=0
poc22_position_0_blk4_routed prefetch expert_id=42 tensor=blk.1.ffn_up_exps.weight dependency_distance=0
poc22_position_0_blk4_routed prefetch expert_id=42 tensor=blk.1.ffn_down_exps.weight dependency_distance=2
expert_parity max_abs=0 max_rel=0 mean_abs=0 tolerance=1e-5
poc22_position_0_blk4_routed expert_id=42 consumer_wait=not_instrumented acquire_release=recorded peak_active=1622016 peak_resident=66978816
poc22_position_0_blk4_routed expert_rank=4 expert_id=50 router_rank=4 graph_created=YES graph_refs=gate:0,up:1,down:2 storage_ref_base=50150 score_preserved=YES
poc22_position_0_blk4_routed expert_id=50 selected_range tensor=blk.1.ffn_gate_exps.weight offset=680237112 bytes=563200 layout=DIRECT
poc22_position_0_blk4_routed expert_id=50 selected_range tensor=blk.1.ffn_up_exps.weight offset=716281928 bytes=563200 layout=DIRECT
poc22_position_0_blk4_routed expert_id=50 selected_range tensor=blk.1.ffn_down_exps.weight offset=805267544 bytes=1622016 layout=DIRECT
poc22_position_0_blk4_routed prefetch expert_id=50 tensor=blk.1.ffn_gate_exps.weight dependency_distance=0
poc22_position_0_blk4_routed prefetch expert_id=50 tensor=blk.1.ffn_up_exps.weight dependency_distance=0
poc22_position_0_blk4_routed prefetch expert_id=50 tensor=blk.1.ffn_down_exps.weight dependency_distance=2
expert_parity max_abs=0 max_rel=0 mean_abs=0 tolerance=1e-5
poc22_position_0_blk4_routed expert_id=50 consumer_wait=not_instrumented acquire_release=recorded peak_active=1622016 peak_resident=66978816
poc22_position_0_blk4_routed expert_rank=5 expert_id=16 router_rank=5 graph_created=YES graph_refs=gate:0,up:1,down:2 storage_ref_base=50048 score_preserved=YES
poc22_position_0_blk4_routed expert_id=16 selected_range tensor=blk.1.ffn_gate_exps.weight offset=661088312 bytes=563200 layout=DIRECT
poc22_position_0_blk4_routed expert_id=16 selected_range tensor=blk.1.ffn_up_exps.weight offset=697133128 bytes=563200 layout=DIRECT
poc22_position_0_blk4_routed expert_id=16 selected_range tensor=blk.1.ffn_down_exps.weight offset=750119000 bytes=1622016 layout=DIRECT
poc22_position_0_blk4_routed prefetch expert_id=16 tensor=blk.1.ffn_gate_exps.weight dependency_distance=0
poc22_position_0_blk4_routed prefetch expert_id=16 tensor=blk.1.ffn_up_exps.weight dependency_distance=0
poc22_position_0_blk4_routed prefetch expert_id=16 tensor=blk.1.ffn_down_exps.weight dependency_distance=2
expert_parity max_abs=0 max_rel=0 mean_abs=0 tolerance=1e-5
poc22_position_0_blk4_routed expert_id=16 consumer_wait=not_instrumented acquire_release=recorded peak_active=1622016 peak_resident=66708480
poc22_position_0_blk4_routed residency_hits=36 residency_misses=42 source_reads=18 materialization_requests=18 source_policy_calls=18 evictions=16 resident_tensors_after=84
routed_merge_parity max_abs=0 max_rel=0 mean_abs=0 tolerance=1e-5
shared_expert_parity max_abs=0 max_rel=0 mean_abs=0 tolerance=1e-5
pre_residual_composition_parity max_abs=0 max_rel=0 mean_abs=0 tolerance=1e-5
final_layer_parity max_abs=0 max_rel=0 mean_abs=0 tolerance=1e-5
poc22_position_0_blk4 shared_expert=REQUIRED shared_graph_created=YES residual_add=YES final_composition=PASS
ffn_timing tensor=blk.1.ffn_gate_inp.weight payload_ready_ns=4188450411771 first_consumer_start_ns=4188523306366 payload_to_first_consumer_ns=72894595
ffn_timing tensor=blk.1.ffn_gate_shexp.weight payload_ready_ns=4192015605770 first_consumer_start_ns=4192093698383 payload_to_first_consumer_ns=78092613
ffn_timing tensor=blk.1.ffn_gate_exps.weight payload_ready_ns=4188636879045 first_consumer_start_ns=4188710485500 payload_to_first_consumer_ns=73606455
poc22_position_0_blk4 full_layer_residency_hits=46 misses=51 evictions=25 source_reads=23 source_bytes=20402176 materialization_requests=23 resident_tensors_after=79
poc22_position_0_blk4 full_layer_peak_active_persistent_bytes=1622016 full_layer_peak_resident_bytes=66978816
poc22_position_0_blk4 first_payload_to_shared_compute_start_ns=3702375322 execution_ready_to_consumer_ns=NOT_INSTRUMENTED payload_to_first_useful_compute=NOT_INSTRUMENTED
normalized_input_parity max_abs=0 max_rel=0 mean_abs=0 tolerance=1e-5
router_score_parity max_abs=1.78814e-06 max_rel=2.58098e-05 mean_abs=2.2637e-07 tolerance=1e-5
selected_weight_parity max_abs=7.45058e-08 max_rel=4.50982e-07 mean_abs=4.222e-08 tolerance=1e-5
reference_poc22_position_0_blk4 topk_ids=7,52,60,42,50,16 normalized_weights=0.193033,0.180717,0.165208,0.159425,0.15082,0.150797,
reference_poc22_position_0_blk4_routed expert_rank=0 expert_id=7 router_rank=0 graph_created=YES graph_refs=gate:0,up:1,down:2 storage_ref_base=50021 score_preserved=YES
reference_poc22_position_0_blk4_routed expert_id=7 selected_range tensor=blk.1.ffn_gate_exps.weight offset=656019512 bytes=563200 layout=DIRECT
reference_poc22_position_0_blk4_routed expert_id=7 selected_range tensor=blk.1.ffn_up_exps.weight offset=692064328 bytes=563200 layout=DIRECT
reference_poc22_position_0_blk4_routed expert_id=7 selected_range tensor=blk.1.ffn_down_exps.weight offset=735520856 bytes=1622016 layout=DIRECT
reference_poc22_position_0_blk4_routed prefetch expert_id=7 tensor=blk.1.ffn_gate_exps.weight dependency_distance=0
reference_poc22_position_0_blk4_routed prefetch expert_id=7 tensor=blk.1.ffn_up_exps.weight dependency_distance=0
reference_poc22_position_0_blk4_routed prefetch expert_id=7 tensor=blk.1.ffn_down_exps.weight dependency_distance=2
expert_parity max_abs=0 max_rel=0 mean_abs=0 tolerance=1e-5
reference_poc22_position_0_blk4_routed expert_id=7 consumer_wait=not_instrumented acquire_release=recorded peak_active=1622016 peak_resident=3280896
reference_poc22_position_0_blk4_routed expert_rank=1 expert_id=52 router_rank=1 graph_created=YES graph_refs=gate:0,up:1,down:2 storage_ref_base=50156 score_preserved=YES
reference_poc22_position_0_blk4_routed expert_id=52 selected_range tensor=blk.1.ffn_gate_exps.weight offset=681363512 bytes=563200 layout=DIRECT
reference_poc22_position_0_blk4_routed expert_id=52 selected_range tensor=blk.1.ffn_up_exps.weight offset=717408328 bytes=563200 layout=DIRECT
reference_poc22_position_0_blk4_routed expert_id=52 selected_range tensor=blk.1.ffn_down_exps.weight offset=808511576 bytes=1622016 layout=DIRECT
reference_poc22_position_0_blk4_routed prefetch expert_id=52 tensor=blk.1.ffn_gate_exps.weight dependency_distance=0
reference_poc22_position_0_blk4_routed prefetch expert_id=52 tensor=blk.1.ffn_up_exps.weight dependency_distance=0
reference_poc22_position_0_blk4_routed prefetch expert_id=52 tensor=blk.1.ffn_down_exps.weight dependency_distance=2
expert_parity max_abs=0 max_rel=0 mean_abs=0 tolerance=1e-5
reference_poc22_position_0_blk4_routed expert_id=52 consumer_wait=not_instrumented acquire_release=recorded peak_active=1622016 peak_resident=6029312
reference_poc22_position_0_blk4_routed expert_rank=2 expert_id=60 router_rank=2 graph_created=YES graph_refs=gate:0,up:1,down:2 storage_ref_base=50180 score_preserved=YES
reference_poc22_position_0_blk4_routed expert_id=60 selected_range tensor=blk.1.ffn_gate_exps.weight offset=685869112 bytes=563200 layout=DIRECT
reference_poc22_position_0_blk4_routed expert_id=60 selected_range tensor=blk.1.ffn_up_exps.weight offset=721913928 bytes=563200 layout=DIRECT
reference_poc22_position_0_blk4_routed expert_id=60 selected_range tensor=blk.1.ffn_down_exps.weight offset=821487704 bytes=1622016 layout=DIRECT
reference_poc22_position_0_blk4_routed prefetch expert_id=60 tensor=blk.1.ffn_gate_exps.weight dependency_distance=0
reference_poc22_position_0_blk4_routed prefetch expert_id=60 tensor=blk.1.ffn_up_exps.weight dependency_distance=0
reference_poc22_position_0_blk4_routed prefetch expert_id=60 tensor=blk.1.ffn_down_exps.weight dependency_distance=2
expert_parity max_abs=0 max_rel=0 mean_abs=0 tolerance=1e-5
reference_poc22_position_0_blk4_routed expert_id=60 consumer_wait=not_instrumented acquire_release=recorded peak_active=1622016 peak_resident=8245248
reference_poc22_position_0_blk4_routed expert_rank=3 expert_id=42 router_rank=3 graph_created=YES graph_refs=gate:0,up:1,down:2 storage_ref_base=50126 score_preserved=YES
reference_poc22_position_0_blk4_routed expert_id=42 selected_range tensor=blk.1.ffn_gate_exps.weight offset=675731512 bytes=563200 layout=DIRECT
reference_poc22_position_0_blk4_routed expert_id=42 selected_range tensor=blk.1.ffn_up_exps.weight offset=711776328 bytes=563200 layout=DIRECT
reference_poc22_position_0_blk4_routed expert_id=42 selected_range tensor=blk.1.ffn_down_exps.weight offset=792291416 bytes=1622016 layout=DIRECT
reference_poc22_position_0_blk4_routed prefetch expert_id=42 tensor=blk.1.ffn_gate_exps.weight dependency_distance=0
reference_poc22_position_0_blk4_routed prefetch expert_id=42 tensor=blk.1.ffn_up_exps.weight dependency_distance=0
reference_poc22_position_0_blk4_routed prefetch expert_id=42 tensor=blk.1.ffn_down_exps.weight dependency_distance=2
expert_parity max_abs=0 max_rel=0 mean_abs=0 tolerance=1e-5
reference_poc22_position_0_blk4_routed expert_id=42 consumer_wait=not_instrumented acquire_release=recorded peak_active=1622016 peak_resident=8245248
reference_poc22_position_0_blk4_routed expert_rank=4 expert_id=50 router_rank=4 graph_created=YES graph_refs=gate:0,up:1,down:2 storage_ref_base=50150 score_preserved=YES
reference_poc22_position_0_blk4_routed expert_id=50 selected_range tensor=blk.1.ffn_gate_exps.weight offset=680237112 bytes=563200 layout=DIRECT
reference_poc22_position_0_blk4_routed expert_id=50 selected_range tensor=blk.1.ffn_up_exps.weight offset=716281928 bytes=563200 layout=DIRECT
reference_poc22_position_0_blk4_routed expert_id=50 selected_range tensor=blk.1.ffn_down_exps.weight offset=805267544 bytes=1622016 layout=DIRECT
reference_poc22_position_0_blk4_routed prefetch expert_id=50 tensor=blk.1.ffn_gate_exps.weight dependency_distance=0
reference_poc22_position_0_blk4_routed prefetch expert_id=50 tensor=blk.1.ffn_up_exps.weight dependency_distance=0
reference_poc22_position_0_blk4_routed prefetch expert_id=50 tensor=blk.1.ffn_down_exps.weight dependency_distance=2
expert_parity max_abs=0 max_rel=0 mean_abs=0 tolerance=1e-5
reference_poc22_position_0_blk4_routed expert_id=50 consumer_wait=not_instrumented acquire_release=recorded peak_active=1622016 peak_resident=8245248
reference_poc22_position_0_blk4_routed expert_rank=5 expert_id=16 router_rank=5 graph_created=YES graph_refs=gate:0,up:1,down:2 storage_ref_base=50048 score_preserved=YES
reference_poc22_position_0_blk4_routed expert_id=16 selected_range tensor=blk.1.ffn_gate_exps.weight offset=661088312 bytes=563200 layout=DIRECT
reference_poc22_position_0_blk4_routed expert_id=16 selected_range tensor=blk.1.ffn_up_exps.weight offset=697133128 bytes=563200 layout=DIRECT
reference_poc22_position_0_blk4_routed expert_id=16 selected_range tensor=blk.1.ffn_down_exps.weight offset=750119000 bytes=1622016 layout=DIRECT
reference_poc22_position_0_blk4_routed prefetch expert_id=16 tensor=blk.1.ffn_gate_exps.weight dependency_distance=0
reference_poc22_position_0_blk4_routed prefetch expert_id=16 tensor=blk.1.ffn_up_exps.weight dependency_distance=0
reference_poc22_position_0_blk4_routed prefetch expert_id=16 tensor=blk.1.ffn_down_exps.weight dependency_distance=2
expert_parity max_abs=0 max_rel=0 mean_abs=0 tolerance=1e-5
reference_poc22_position_0_blk4_routed expert_id=16 consumer_wait=not_instrumented acquire_release=recorded peak_active=1622016 peak_resident=8245248
reference_poc22_position_0_blk4_routed residency_hits=36 residency_misses=42 source_reads=18 materialization_requests=18 source_policy_calls=18 evictions=11 resident_tensors_after=9
routed_merge_parity max_abs=0 max_rel=0 mean_abs=0 tolerance=1e-5
shared_expert_parity max_abs=0 max_rel=0 mean_abs=0 tolerance=1e-5
pre_residual_composition_parity max_abs=0 max_rel=0 mean_abs=0 tolerance=1e-5
final_layer_parity max_abs=0 max_rel=0 mean_abs=0 tolerance=1e-5
reference_poc22_position_0_blk4 shared_expert=REQUIRED shared_graph_created=YES residual_add=YES final_composition=PASS
ffn_timing tensor=blk.1.ffn_gate_inp.weight payload_ready_ns=4192789276506 first_consumer_start_ns=4192865558781 payload_to_first_consumer_ns=76282275
ffn_timing tensor=blk.1.ffn_gate_shexp.weight payload_ready_ns=4196587892778 first_consumer_start_ns=4196670812459 payload_to_first_consumer_ns=82919681
ffn_timing tensor=blk.1.ffn_gate_exps.weight payload_ready_ns=4192984404603 first_consumer_start_ns=4193060877708 payload_to_first_consumer_ns=76473105
reference_poc22_position_0_blk4 full_layer_residency_hits=46 misses=51 evictions=15 source_reads=23 source_bytes=20402176 materialization_requests=23 resident_tensors_after=8
reference_poc22_position_0_blk4 full_layer_peak_active_persistent_bytes=1622016 full_layer_peak_resident_bytes=8312832
reference_poc22_position_0_blk4 first_payload_to_shared_compute_start_ns=3945750516 execution_ready_to_consumer_ns=NOT_INSTRUMENTED payload_to_first_useful_compute=NOT_INSTRUMENTED
poc22_position_0_blk4_attention_parity max_abs=0 max_rel=0 mean_abs=0 tolerance=1e-5
poc22_position_0_blk4_block_parity max_abs=0 max_rel=0 mean_abs=0 tolerance=1e-5
poc22_position_0 block_handoff block=5 handoff_ns=309785 activation_copy_bytes=0
attention_timing tensor=blk.1.attn_norm.weight payload_ready_ns=4165943377826 first_consumer_start_ns=4197299187580 payload_to_first_consumer_ns=31355809754
attention_timing tensor=blk.1.attn_q.weight payload_ready_ns=4165987887583 first_consumer_start_ns=4197508765882 payload_to_first_consumer_ns=31520878299
attention_timing tensor=blk.1.attn_kv_a_mqa.weight payload_ready_ns=4166024115135 first_consumer_start_ns=4197720720385 payload_to_first_consumer_ns=31696605250
attention_timing tensor=blk.1.attn_kv_a_norm.weight payload_ready_ns=4166096322368 first_consumer_start_ns=4197931794156 payload_to_first_consumer_ns=31835471788
attention_timing tensor=blk.1.attn_kv_b.weight payload_ready_ns=4166131406860 first_consumer_start_ns=4198141806241 payload_to_first_consumer_ns=32010399381
attention_timing tensor=blk.1.attn_output.weight payload_ready_ns=4166174744099 first_consumer_start_ns=4198353018342 payload_to_first_consumer_ns=32178274243
poc22_position_0_blk5 position=0 state_k_positions=1 state_v_positions=1 attention_probs=1,1,1,1,1,1,1,1,1,1,1,1,1,1,1,1,
reference_attention position=0 state_k_positions=1 state_v_positions=1 attention_probs=1,1,1,1,1,1,1,1,1,1,1,1,1,1,1,1,
normalized_input_parity max_abs=0 max_rel=0 mean_abs=0 tolerance=1e-5
router_score_parity max_abs=1.72853e-06 max_rel=8.16283e-06 mean_abs=2.67784e-07 tolerance=1e-5
selected_weight_parity max_abs=2.38419e-07 max_rel=1.24785e-06 mean_abs=9.68575e-08 tolerance=1e-5
poc22_position_0_blk5 topk_ids=50,49,18,19,15,42 normalized_weights=0.212042,0.191063,0.161084,0.147452,0.146379,0.14198,
poc22_position_0_blk5_routed expert_rank=0 expert_id=50 router_rank=0 graph_created=YES graph_refs=gate:0,up:1,down:2 storage_ref_base=60150 score_preserved=YES
poc22_position_0_blk5_routed expert_id=50 selected_range tensor=blk.1.ffn_gate_exps.weight offset=863008000 bytes=563200 layout=DIRECT
poc22_position_0_blk5_routed expert_id=50 selected_range tensor=blk.1.ffn_up_exps.weight offset=899052816 bytes=563200 layout=DIRECT
poc22_position_0_blk5_routed expert_id=50 selected_range tensor=blk.1.ffn_down_exps.weight offset=988038432 bytes=1622016 layout=DIRECT
poc22_position_0_blk5_routed prefetch expert_id=50 tensor=blk.1.ffn_gate_exps.weight dependency_distance=0
poc22_position_0_blk5_routed prefetch expert_id=50 tensor=blk.1.ffn_up_exps.weight dependency_distance=0
poc22_position_0_blk5_routed prefetch expert_id=50 tensor=blk.1.ffn_down_exps.weight dependency_distance=2
expert_parity max_abs=0 max_rel=0 mean_abs=0 tolerance=1e-5
poc22_position_0_blk5_routed expert_id=50 consumer_wait=not_instrumented acquire_release=recorded peak_active=1622016 peak_resident=66776064
poc22_position_0_blk5_routed expert_rank=1 expert_id=49 router_rank=1 graph_created=YES graph_refs=gate:0,up:1,down:2 storage_ref_base=60147 score_preserved=YES
poc22_position_0_blk5_routed expert_id=49 selected_range tensor=blk.1.ffn_gate_exps.weight offset=862444800 bytes=563200 layout=DIRECT
poc22_position_0_blk5_routed expert_id=49 selected_range tensor=blk.1.ffn_up_exps.weight offset=898489616 bytes=563200 layout=DIRECT
poc22_position_0_blk5_routed expert_id=49 selected_range tensor=blk.1.ffn_down_exps.weight offset=986416416 bytes=1622016 layout=DIRECT
poc22_position_0_blk5_routed prefetch expert_id=49 tensor=blk.1.ffn_gate_exps.weight dependency_distance=0
poc22_position_0_blk5_routed prefetch expert_id=49 tensor=blk.1.ffn_up_exps.weight dependency_distance=0
poc22_position_0_blk5_routed prefetch expert_id=49 tensor=blk.1.ffn_down_exps.weight dependency_distance=2
expert_parity max_abs=0 max_rel=0 mean_abs=0 tolerance=1e-5
poc22_position_0_blk5_routed expert_id=49 consumer_wait=not_instrumented acquire_release=recorded peak_active=1622016 peak_resident=66776064
poc22_position_0_blk5_routed expert_rank=2 expert_id=18 router_rank=2 graph_created=YES graph_refs=gate:0,up:1,down:2 storage_ref_base=60054 score_preserved=YES
poc22_position_0_blk5_routed expert_id=18 selected_range tensor=blk.1.ffn_gate_exps.weight offset=844985600 bytes=563200 layout=DIRECT
poc22_position_0_blk5_routed expert_id=18 selected_range tensor=blk.1.ffn_up_exps.weight offset=881030416 bytes=563200 layout=DIRECT
poc22_position_0_blk5_routed expert_id=18 selected_range tensor=blk.1.ffn_down_exps.weight offset=936133920 bytes=1622016 layout=DIRECT
poc22_position_0_blk5_routed prefetch expert_id=18 tensor=blk.1.ffn_gate_exps.weight dependency_distance=0
poc22_position_0_blk5_routed prefetch expert_id=18 tensor=blk.1.ffn_up_exps.weight dependency_distance=0
poc22_position_0_blk5_routed prefetch expert_id=18 tensor=blk.1.ffn_down_exps.weight dependency_distance=2
expert_parity max_abs=0 max_rel=0 mean_abs=0 tolerance=1e-5
poc22_position_0_blk5_routed expert_id=18 consumer_wait=not_instrumented acquire_release=recorded peak_active=1622016 peak_resident=66776064
poc22_position_0_blk5_routed expert_rank=3 expert_id=19 router_rank=3 graph_created=YES graph_refs=gate:0,up:1,down:2 storage_ref_base=60057 score_preserved=YES
poc22_position_0_blk5_routed expert_id=19 selected_range tensor=blk.1.ffn_gate_exps.weight offset=845548800 bytes=563200 layout=DIRECT
poc22_position_0_blk5_routed expert_id=19 selected_range tensor=blk.1.ffn_up_exps.weight offset=881593616 bytes=563200 layout=DIRECT
poc22_position_0_blk5_routed expert_id=19 selected_range tensor=blk.1.ffn_down_exps.weight offset=937755936 bytes=1622016 layout=DIRECT
poc22_position_0_blk5_routed prefetch expert_id=19 tensor=blk.1.ffn_gate_exps.weight dependency_distance=0
poc22_position_0_blk5_routed prefetch expert_id=19 tensor=blk.1.ffn_up_exps.weight dependency_distance=0
poc22_position_0_blk5_routed prefetch expert_id=19 tensor=blk.1.ffn_down_exps.weight dependency_distance=2
expert_parity max_abs=0 max_rel=0 mean_abs=0 tolerance=1e-5
poc22_position_0_blk5_routed expert_id=19 consumer_wait=not_instrumented acquire_release=recorded peak_active=1622016 peak_resident=66776064
poc22_position_0_blk5_routed expert_rank=4 expert_id=15 router_rank=4 graph_created=YES graph_refs=gate:0,up:1,down:2 storage_ref_base=60045 score_preserved=YES
poc22_position_0_blk5_routed expert_id=15 selected_range tensor=blk.1.ffn_gate_exps.weight offset=843296000 bytes=563200 layout=DIRECT
poc22_position_0_blk5_routed expert_id=15 selected_range tensor=blk.1.ffn_up_exps.weight offset=879340816 bytes=563200 layout=DIRECT
poc22_position_0_blk5_routed expert_id=15 selected_range tensor=blk.1.ffn_down_exps.weight offset=931267872 bytes=1622016 layout=DIRECT
poc22_position_0_blk5_routed prefetch expert_id=15 tensor=blk.1.ffn_gate_exps.weight dependency_distance=0
poc22_position_0_blk5_routed prefetch expert_id=15 tensor=blk.1.ffn_up_exps.weight dependency_distance=0
poc22_position_0_blk5_routed prefetch expert_id=15 tensor=blk.1.ffn_down_exps.weight dependency_distance=2
expert_parity max_abs=0 max_rel=0 mean_abs=0 tolerance=1e-5
poc22_position_0_blk5_routed expert_id=15 consumer_wait=not_instrumented acquire_release=recorded peak_active=1622016 peak_resident=66212864
poc22_position_0_blk5_routed expert_rank=5 expert_id=42 router_rank=5 graph_created=YES graph_refs=gate:0,up:1,down:2 storage_ref_base=60126 score_preserved=YES
poc22_position_0_blk5_routed expert_id=42 selected_range tensor=blk.1.ffn_gate_exps.weight offset=858502400 bytes=563200 layout=DIRECT
poc22_position_0_blk5_routed expert_id=42 selected_range tensor=blk.1.ffn_up_exps.weight offset=894547216 bytes=563200 layout=DIRECT
poc22_position_0_blk5_routed expert_id=42 selected_range tensor=blk.1.ffn_down_exps.weight offset=975062304 bytes=1622016 layout=DIRECT
poc22_position_0_blk5_routed prefetch expert_id=42 tensor=blk.1.ffn_gate_exps.weight dependency_distance=0
poc22_position_0_blk5_routed prefetch expert_id=42 tensor=blk.1.ffn_up_exps.weight dependency_distance=0
poc22_position_0_blk5_routed prefetch expert_id=42 tensor=blk.1.ffn_down_exps.weight dependency_distance=2
expert_parity max_abs=0 max_rel=0 mean_abs=0 tolerance=1e-5
poc22_position_0_blk5_routed expert_id=42 consumer_wait=not_instrumented acquire_release=recorded peak_active=1622016 peak_resident=66708480
poc22_position_0_blk5_routed residency_hits=36 residency_misses=42 source_reads=18 materialization_requests=18 source_policy_calls=18 evictions=17 resident_tensors_after=84
routed_merge_parity max_abs=0 max_rel=0 mean_abs=0 tolerance=1e-5
shared_expert_parity max_abs=0 max_rel=0 mean_abs=0 tolerance=1e-5
pre_residual_composition_parity max_abs=0 max_rel=0 mean_abs=0 tolerance=1e-5
final_layer_parity max_abs=0 max_rel=0 mean_abs=0 tolerance=1e-5
poc22_position_0_blk5 shared_expert=REQUIRED shared_graph_created=YES residual_add=YES final_composition=PASS
ffn_timing tensor=blk.1.ffn_gate_inp.weight payload_ready_ns=4198699011066 first_consumer_start_ns=4198784198867 payload_to_first_consumer_ns=85187801
ffn_timing tensor=blk.1.ffn_gate_shexp.weight payload_ready_ns=4202841515812 first_consumer_start_ns=4202931314186 payload_to_first_consumer_ns=89798374
ffn_timing tensor=blk.1.ffn_gate_exps.weight payload_ready_ns=4198916645370 first_consumer_start_ns=4199003002772 payload_to_first_consumer_ns=86357402
poc22_position_0_blk5 full_layer_residency_hits=46 misses=51 evictions=26 source_reads=23 source_bytes=20402176 materialization_requests=23 resident_tensors_after=79
poc22_position_0_blk5 full_layer_peak_active_persistent_bytes=1622016 full_layer_peak_resident_bytes=66776064
poc22_position_0_blk5 first_payload_to_shared_compute_start_ns=4304808681 execution_ready_to_consumer_ns=NOT_INSTRUMENTED payload_to_first_useful_compute=NOT_INSTRUMENTED
normalized_input_parity max_abs=0 max_rel=0 mean_abs=0 tolerance=1e-5
router_score_parity max_abs=1.72853e-06 max_rel=8.16283e-06 mean_abs=2.67784e-07 tolerance=1e-5
selected_weight_parity max_abs=2.38419e-07 max_rel=1.24785e-06 mean_abs=9.68575e-08 tolerance=1e-5
reference_poc22_position_0_blk5 topk_ids=50,49,18,19,15,42 normalized_weights=0.212042,0.191063,0.161084,0.147452,0.146379,0.14198,
reference_poc22_position_0_blk5_routed expert_rank=0 expert_id=50 router_rank=0 graph_created=YES graph_refs=gate:0,up:1,down:2 storage_ref_base=60150 score_preserved=YES
reference_poc22_position_0_blk5_routed expert_id=50 selected_range tensor=blk.1.ffn_gate_exps.weight offset=863008000 bytes=563200 layout=DIRECT
reference_poc22_position_0_blk5_routed expert_id=50 selected_range tensor=blk.1.ffn_up_exps.weight offset=899052816 bytes=563200 layout=DIRECT
reference_poc22_position_0_blk5_routed expert_id=50 selected_range tensor=blk.1.ffn_down_exps.weight offset=988038432 bytes=1622016 layout=DIRECT
reference_poc22_position_0_blk5_routed prefetch expert_id=50 tensor=blk.1.ffn_gate_exps.weight dependency_distance=0
reference_poc22_position_0_blk5_routed prefetch expert_id=50 tensor=blk.1.ffn_up_exps.weight dependency_distance=0
reference_poc22_position_0_blk5_routed prefetch expert_id=50 tensor=blk.1.ffn_down_exps.weight dependency_distance=2
expert_parity max_abs=0 max_rel=0 mean_abs=0 tolerance=1e-5
reference_poc22_position_0_blk5_routed expert_id=50 consumer_wait=not_instrumented acquire_release=recorded peak_active=1622016 peak_resident=3280896
reference_poc22_position_0_blk5_routed expert_rank=1 expert_id=49 router_rank=1 graph_created=YES graph_refs=gate:0,up:1,down:2 storage_ref_base=60147 score_preserved=YES
reference_poc22_position_0_blk5_routed expert_id=49 selected_range tensor=blk.1.ffn_gate_exps.weight offset=862444800 bytes=563200 layout=DIRECT
reference_poc22_position_0_blk5_routed expert_id=49 selected_range tensor=blk.1.ffn_up_exps.weight offset=898489616 bytes=563200 layout=DIRECT
reference_poc22_position_0_blk5_routed expert_id=49 selected_range tensor=blk.1.ffn_down_exps.weight offset=986416416 bytes=1622016 layout=DIRECT
reference_poc22_position_0_blk5_routed prefetch expert_id=49 tensor=blk.1.ffn_gate_exps.weight dependency_distance=0
reference_poc22_position_0_blk5_routed prefetch expert_id=49 tensor=blk.1.ffn_up_exps.weight dependency_distance=0
reference_poc22_position_0_blk5_routed prefetch expert_id=49 tensor=blk.1.ffn_down_exps.weight dependency_distance=2
expert_parity max_abs=0 max_rel=0 mean_abs=0 tolerance=1e-5
reference_poc22_position_0_blk5_routed expert_id=49 consumer_wait=not_instrumented acquire_release=recorded peak_active=1622016 peak_resident=6029312
reference_poc22_position_0_blk5_routed expert_rank=2 expert_id=18 router_rank=2 graph_created=YES graph_refs=gate:0,up:1,down:2 storage_ref_base=60054 score_preserved=YES
reference_poc22_position_0_blk5_routed expert_id=18 selected_range tensor=blk.1.ffn_gate_exps.weight offset=844985600 bytes=563200 layout=DIRECT
reference_poc22_position_0_blk5_routed expert_id=18 selected_range tensor=blk.1.ffn_up_exps.weight offset=881030416 bytes=563200 layout=DIRECT
reference_poc22_position_0_blk5_routed expert_id=18 selected_range tensor=blk.1.ffn_down_exps.weight offset=936133920 bytes=1622016 layout=DIRECT
reference_poc22_position_0_blk5_routed prefetch expert_id=18 tensor=blk.1.ffn_gate_exps.weight dependency_distance=0
reference_poc22_position_0_blk5_routed prefetch expert_id=18 tensor=blk.1.ffn_up_exps.weight dependency_distance=0
reference_poc22_position_0_blk5_routed prefetch expert_id=18 tensor=blk.1.ffn_down_exps.weight dependency_distance=2
expert_parity max_abs=0 max_rel=0 mean_abs=0 tolerance=1e-5
reference_poc22_position_0_blk5_routed expert_id=18 consumer_wait=not_instrumented acquire_release=recorded peak_active=1622016 peak_resident=8245248
reference_poc22_position_0_blk5_routed expert_rank=3 expert_id=19 router_rank=3 graph_created=YES graph_refs=gate:0,up:1,down:2 storage_ref_base=60057 score_preserved=YES
reference_poc22_position_0_blk5_routed expert_id=19 selected_range tensor=blk.1.ffn_gate_exps.weight offset=845548800 bytes=563200 layout=DIRECT
reference_poc22_position_0_blk5_routed expert_id=19 selected_range tensor=blk.1.ffn_up_exps.weight offset=881593616 bytes=563200 layout=DIRECT
reference_poc22_position_0_blk5_routed expert_id=19 selected_range tensor=blk.1.ffn_down_exps.weight offset=937755936 bytes=1622016 layout=DIRECT
reference_poc22_position_0_blk5_routed prefetch expert_id=19 tensor=blk.1.ffn_gate_exps.weight dependency_distance=0
reference_poc22_position_0_blk5_routed prefetch expert_id=19 tensor=blk.1.ffn_up_exps.weight dependency_distance=0
reference_poc22_position_0_blk5_routed prefetch expert_id=19 tensor=blk.1.ffn_down_exps.weight dependency_distance=2
expert_parity max_abs=0 max_rel=0 mean_abs=0 tolerance=1e-5
reference_poc22_position_0_blk5_routed expert_id=19 consumer_wait=not_instrumented acquire_release=recorded peak_active=1622016 peak_resident=8245248
reference_poc22_position_0_blk5_routed expert_rank=4 expert_id=15 router_rank=4 graph_created=YES graph_refs=gate:0,up:1,down:2 storage_ref_base=60045 score_preserved=YES
reference_poc22_position_0_blk5_routed expert_id=15 selected_range tensor=blk.1.ffn_gate_exps.weight offset=843296000 bytes=563200 layout=DIRECT
reference_poc22_position_0_blk5_routed expert_id=15 selected_range tensor=blk.1.ffn_up_exps.weight offset=879340816 bytes=563200 layout=DIRECT
reference_poc22_position_0_blk5_routed expert_id=15 selected_range tensor=blk.1.ffn_down_exps.weight offset=931267872 bytes=1622016 layout=DIRECT
reference_poc22_position_0_blk5_routed prefetch expert_id=15 tensor=blk.1.ffn_gate_exps.weight dependency_distance=0
reference_poc22_position_0_blk5_routed prefetch expert_id=15 tensor=blk.1.ffn_up_exps.weight dependency_distance=0
reference_poc22_position_0_blk5_routed prefetch expert_id=15 tensor=blk.1.ffn_down_exps.weight dependency_distance=2
expert_parity max_abs=0 max_rel=0 mean_abs=0 tolerance=1e-5
reference_poc22_position_0_blk5_routed expert_id=15 consumer_wait=not_instrumented acquire_release=recorded peak_active=1622016 peak_resident=8245248
reference_poc22_position_0_blk5_routed expert_rank=5 expert_id=42 router_rank=5 graph_created=YES graph_refs=gate:0,up:1,down:2 storage_ref_base=60126 score_preserved=YES
reference_poc22_position_0_blk5_routed expert_id=42 selected_range tensor=blk.1.ffn_gate_exps.weight offset=858502400 bytes=563200 layout=DIRECT
reference_poc22_position_0_blk5_routed expert_id=42 selected_range tensor=blk.1.ffn_up_exps.weight offset=894547216 bytes=563200 layout=DIRECT
reference_poc22_position_0_blk5_routed expert_id=42 selected_range tensor=blk.1.ffn_down_exps.weight offset=975062304 bytes=1622016 layout=DIRECT
reference_poc22_position_0_blk5_routed prefetch expert_id=42 tensor=blk.1.ffn_gate_exps.weight dependency_distance=0
reference_poc22_position_0_blk5_routed prefetch expert_id=42 tensor=blk.1.ffn_up_exps.weight dependency_distance=0
reference_poc22_position_0_blk5_routed prefetch expert_id=42 tensor=blk.1.ffn_down_exps.weight dependency_distance=2
expert_parity max_abs=0 max_rel=0 mean_abs=0 tolerance=1e-5
reference_poc22_position_0_blk5_routed expert_id=42 consumer_wait=not_instrumented acquire_release=recorded peak_active=1622016 peak_resident=8245248
reference_poc22_position_0_blk5_routed residency_hits=36 residency_misses=42 source_reads=18 materialization_requests=18 source_policy_calls=18 evictions=11 resident_tensors_after=9
routed_merge_parity max_abs=0 max_rel=0 mean_abs=0 tolerance=1e-5
shared_expert_parity max_abs=0 max_rel=0 mean_abs=0 tolerance=1e-5
pre_residual_composition_parity max_abs=0 max_rel=0 mean_abs=0 tolerance=1e-5
final_layer_parity max_abs=0 max_rel=0 mean_abs=0 tolerance=1e-5
reference_poc22_position_0_blk5 shared_expert=REQUIRED shared_graph_created=YES residual_add=YES final_composition=PASS
ffn_timing tensor=blk.1.ffn_gate_inp.weight payload_ready_ns=4203734335989 first_consumer_start_ns=4203822544853 payload_to_first_consumer_ns=88208864
ffn_timing tensor=blk.1.ffn_gate_shexp.weight payload_ready_ns=4208086551618 first_consumer_start_ns=4208180640445 payload_to_first_consumer_ns=94088827
ffn_timing tensor=blk.1.ffn_gate_exps.weight payload_ready_ns=4203959119397 first_consumer_start_ns=4204047424468 payload_to_first_consumer_ns=88305071
reference_poc22_position_0_blk5 full_layer_residency_hits=46 misses=51 evictions=15 source_reads=23 source_bytes=20402176 materialization_requests=23 resident_tensors_after=8
reference_poc22_position_0_blk5 full_layer_peak_active_persistent_bytes=1622016 full_layer_peak_resident_bytes=8312832
reference_poc22_position_0_blk5 first_payload_to_shared_compute_start_ns=4524025452 execution_ready_to_consumer_ns=NOT_INSTRUMENTED payload_to_first_useful_compute=NOT_INSTRUMENTED
poc22_position_0_blk5_attention_parity max_abs=0 max_rel=0 mean_abs=0 tolerance=1e-5
poc22_position_0_blk5_block_parity max_abs=0 max_rel=0 mean_abs=0 tolerance=1e-5
poc22_position_0 block_handoff block=6 handoff_ns=320535 activation_copy_bytes=0
attention_timing tensor=blk.1.attn_norm.weight payload_ready_ns=4165943377826 first_consumer_start_ns=4208896610569 payload_to_first_consumer_ns=42953232743
attention_timing tensor=blk.1.attn_q.weight payload_ready_ns=4165987887583 first_consumer_start_ns=4209135925429 payload_to_first_consumer_ns=43148037846
attention_timing tensor=blk.1.attn_kv_a_mqa.weight payload_ready_ns=4166024115135 first_consumer_start_ns=4209377363164 payload_to_first_consumer_ns=43353248029
attention_timing tensor=blk.1.attn_kv_a_norm.weight payload_ready_ns=4166096322368 first_consumer_start_ns=4209618134953 payload_to_first_consumer_ns=43521812585
attention_timing tensor=blk.1.attn_kv_b.weight payload_ready_ns=4166131406860 first_consumer_start_ns=4209858870244 payload_to_first_consumer_ns=43727463384
attention_timing tensor=blk.1.attn_output.weight payload_ready_ns=4166174744099 first_consumer_start_ns=4210099087253 payload_to_first_consumer_ns=43924343154
poc22_position_0_blk6 position=0 state_k_positions=1 state_v_positions=1 attention_probs=1,1,1,1,1,1,1,1,1,1,1,1,1,1,1,1,
reference_attention position=0 state_k_positions=1 state_v_positions=1 attention_probs=1,1,1,1,1,1,1,1,1,1,1,1,1,1,1,1,
normalized_input_parity max_abs=0 max_rel=0 mean_abs=0 tolerance=1e-5
router_score_parity max_abs=1.19209e-06 max_rel=3.59585e-05 mean_abs=2.66773e-07 tolerance=1e-5
selected_weight_parity max_abs=1.04308e-07 max_rel=7.59265e-07 mean_abs=4.47035e-08 tolerance=1e-5
poc22_position_0_blk6 topk_ids=45,58,26,41,15,35 normalized_weights=0.239833,0.176004,0.160086,0.156638,0.13738,0.130058,
poc22_position_0_blk6_routed expert_rank=0 expert_id=45 router_rank=0 graph_created=YES graph_refs=gate:0,up:1,down:2 storage_ref_base=70135 score_preserved=YES
poc22_position_0_blk6_routed expert_id=45 selected_range tensor=blk.1.ffn_gate_exps.weight offset=1042962888 bytes=563200 layout=DIRECT
poc22_position_0_blk6_routed expert_id=45 selected_range tensor=blk.1.ffn_up_exps.weight offset=1079007704 bytes=563200 layout=DIRECT
poc22_position_0_blk6_routed expert_id=45 selected_range tensor=blk.1.ffn_down_exps.weight offset=1162699240 bytes=1622016 layout=DIRECT
poc22_position_0_blk6_routed prefetch expert_id=45 tensor=blk.1.ffn_gate_exps.weight dependency_distance=0
poc22_position_0_blk6_routed prefetch expert_id=45 tensor=blk.1.ffn_up_exps.weight dependency_distance=0
poc22_position_0_blk6_routed prefetch expert_id=45 tensor=blk.1.ffn_down_exps.weight dependency_distance=2
expert_parity max_abs=0 max_rel=0 mean_abs=0 tolerance=1e-5
poc22_position_0_blk6_routed expert_id=45 consumer_wait=not_instrumented acquire_release=recorded peak_active=1622016 peak_resident=66776064
poc22_position_0_blk6_routed expert_rank=1 expert_id=58 router_rank=1 graph_created=YES graph_refs=gate:0,up:1,down:2 storage_ref_base=70174 score_preserved=YES
poc22_position_0_blk6_routed expert_id=58 selected_range tensor=blk.1.ffn_gate_exps.weight offset=1050284488 bytes=563200 layout=DIRECT
poc22_position_0_blk6_routed expert_id=58 selected_range tensor=blk.1.ffn_up_exps.weight offset=1086329304 bytes=563200 layout=DIRECT
poc22_position_0_blk6_routed expert_id=58 selected_range tensor=blk.1.ffn_down_exps.weight offset=1183785448 bytes=1622016 layout=DIRECT
poc22_position_0_blk6_routed prefetch expert_id=58 tensor=blk.1.ffn_gate_exps.weight dependency_distance=0
poc22_position_0_blk6_routed prefetch expert_id=58 tensor=blk.1.ffn_up_exps.weight dependency_distance=0
poc22_position_0_blk6_routed prefetch expert_id=58 tensor=blk.1.ffn_down_exps.weight dependency_distance=2
expert_parity max_abs=0 max_rel=0 mean_abs=0 tolerance=1e-5
poc22_position_0_blk6_routed expert_id=58 consumer_wait=not_instrumented acquire_release=recorded peak_active=1622016 peak_resident=66776064
poc22_position_0_blk6_routed expert_rank=2 expert_id=26 router_rank=2 graph_created=YES graph_refs=gate:0,up:1,down:2 storage_ref_base=70078 score_preserved=YES
poc22_position_0_blk6_routed expert_id=26 selected_range tensor=blk.1.ffn_gate_exps.weight offset=1032262088 bytes=563200 layout=DIRECT
poc22_position_0_blk6_routed expert_id=26 selected_range tensor=blk.1.ffn_up_exps.weight offset=1068306904 bytes=563200 layout=DIRECT
poc22_position_0_blk6_routed expert_id=26 selected_range tensor=blk.1.ffn_down_exps.weight offset=1131880936 bytes=1622016 layout=DIRECT
poc22_position_0_blk6_routed prefetch expert_id=26 tensor=blk.1.ffn_gate_exps.weight dependency_distance=0
poc22_position_0_blk6_routed prefetch expert_id=26 tensor=blk.1.ffn_up_exps.weight dependency_distance=0
poc22_position_0_blk6_routed prefetch expert_id=26 tensor=blk.1.ffn_down_exps.weight dependency_distance=2
expert_parity max_abs=0 max_rel=0 mean_abs=0 tolerance=1e-5
poc22_position_0_blk6_routed expert_id=26 consumer_wait=not_instrumented acquire_release=recorded peak_active=1622016 peak_resident=66776064
poc22_position_0_blk6_routed expert_rank=3 expert_id=41 router_rank=3 graph_created=YES graph_refs=gate:0,up:1,down:2 storage_ref_base=70123 score_preserved=YES
poc22_position_0_blk6_routed expert_id=41 selected_range tensor=blk.1.ffn_gate_exps.weight offset=1040710088 bytes=563200 layout=DIRECT
poc22_position_0_blk6_routed expert_id=41 selected_range tensor=blk.1.ffn_up_exps.weight offset=1076754904 bytes=563200 layout=DIRECT
poc22_position_0_blk6_routed expert_id=41 selected_range tensor=blk.1.ffn_down_exps.weight offset=1156211176 bytes=1622016 layout=DIRECT
poc22_position_0_blk6_routed prefetch expert_id=41 tensor=blk.1.ffn_gate_exps.weight dependency_distance=0
poc22_position_0_blk6_routed prefetch expert_id=41 tensor=blk.1.ffn_up_exps.weight dependency_distance=0
poc22_position_0_blk6_routed prefetch expert_id=41 tensor=blk.1.ffn_down_exps.weight dependency_distance=2
expert_parity max_abs=0 max_rel=0 mean_abs=0 tolerance=1e-5
poc22_position_0_blk6_routed expert_id=41 consumer_wait=not_instrumented acquire_release=recorded peak_active=1622016 peak_resident=66776064
poc22_position_0_blk6_routed expert_rank=4 expert_id=15 router_rank=4 graph_created=YES graph_refs=gate:0,up:1,down:2 storage_ref_base=70045 score_preserved=YES
poc22_position_0_blk6_routed expert_id=15 selected_range tensor=blk.1.ffn_gate_exps.weight offset=1026066888 bytes=563200 layout=DIRECT
poc22_position_0_blk6_routed expert_id=15 selected_range tensor=blk.1.ffn_up_exps.weight offset=1062111704 bytes=563200 layout=DIRECT
poc22_position_0_blk6_routed expert_id=15 selected_range tensor=blk.1.ffn_down_exps.weight offset=1114038760 bytes=1622016 layout=DIRECT
poc22_position_0_blk6_routed prefetch expert_id=15 tensor=blk.1.ffn_gate_exps.weight dependency_distance=0
poc22_position_0_blk6_routed prefetch expert_id=15 tensor=blk.1.ffn_up_exps.weight dependency_distance=0
poc22_position_0_blk6_routed prefetch expert_id=15 tensor=blk.1.ffn_down_exps.weight dependency_distance=2
expert_parity max_abs=0 max_rel=0 mean_abs=0 tolerance=1e-5
poc22_position_0_blk6_routed expert_id=15 consumer_wait=not_instrumented acquire_release=recorded peak_active=1622016 peak_resident=66212864
poc22_position_0_blk6_routed expert_rank=5 expert_id=35 router_rank=5 graph_created=YES graph_refs=gate:0,up:1,down:2 storage_ref_base=70105 score_preserved=YES
poc22_position_0_blk6_routed expert_id=35 selected_range tensor=blk.1.ffn_gate_exps.weight offset=1037330888 bytes=563200 layout=DIRECT
poc22_position_0_blk6_routed expert_id=35 selected_range tensor=blk.1.ffn_up_exps.weight offset=1073375704 bytes=563200 layout=DIRECT
poc22_position_0_blk6_routed expert_id=35 selected_range tensor=blk.1.ffn_down_exps.weight offset=1146479080 bytes=1622016 layout=DIRECT
poc22_position_0_blk6_routed prefetch expert_id=35 tensor=blk.1.ffn_gate_exps.weight dependency_distance=0
poc22_position_0_blk6_routed prefetch expert_id=35 tensor=blk.1.ffn_up_exps.weight dependency_distance=0
poc22_position_0_blk6_routed prefetch expert_id=35 tensor=blk.1.ffn_down_exps.weight dependency_distance=2
expert_parity max_abs=0 max_rel=0 mean_abs=0 tolerance=1e-5
poc22_position_0_blk6_routed expert_id=35 consumer_wait=not_instrumented acquire_release=recorded peak_active=1622016 peak_resident=66708480
poc22_position_0_blk6_routed residency_hits=36 residency_misses=42 source_reads=18 materialization_requests=18 source_policy_calls=18 evictions=17 resident_tensors_after=84
routed_merge_parity max_abs=0 max_rel=0 mean_abs=0 tolerance=1e-5
shared_expert_parity max_abs=0 max_rel=0 mean_abs=0 tolerance=1e-5
pre_residual_composition_parity max_abs=0 max_rel=0 mean_abs=0 tolerance=1e-5
final_layer_parity max_abs=0 max_rel=0 mean_abs=0 tolerance=1e-5
poc22_position_0_blk6 shared_expert=REQUIRED shared_graph_created=YES residual_add=YES final_composition=PASS
ffn_timing tensor=blk.1.ffn_gate_inp.weight payload_ready_ns=4210491525527 first_consumer_start_ns=4210588572669 payload_to_first_consumer_ns=97047142
ffn_timing tensor=blk.1.ffn_gate_shexp.weight payload_ready_ns=4215210950029 first_consumer_start_ns=4215313321771 payload_to_first_consumer_ns=102371742
ffn_timing tensor=blk.1.ffn_gate_exps.weight payload_ready_ns=4210738674395 first_consumer_start_ns=4210837037927 payload_to_first_consumer_ns=98363532
poc22_position_0_blk6 full_layer_residency_hits=46 misses=51 evictions=26 source_reads=23 source_bytes=20402176 materialization_requests=23 resident_tensors_after=79
poc22_position_0_blk6 full_layer_peak_active_persistent_bytes=1622016 full_layer_peak_resident_bytes=66776064
poc22_position_0_blk6 first_payload_to_shared_compute_start_ns=4903919941 execution_ready_to_consumer_ns=NOT_INSTRUMENTED payload_to_first_useful_compute=NOT_INSTRUMENTED
normalized_input_parity max_abs=0 max_rel=0 mean_abs=0 tolerance=1e-5
router_score_parity max_abs=1.19209e-06 max_rel=3.59585e-05 mean_abs=2.66773e-07 tolerance=1e-5
selected_weight_parity max_abs=1.04308e-07 max_rel=7.59265e-07 mean_abs=4.47035e-08 tolerance=1e-5
reference_poc22_position_0_blk6 topk_ids=45,58,26,41,15,35 normalized_weights=0.239833,0.176004,0.160086,0.156638,0.13738,0.130058,
reference_poc22_position_0_blk6_routed expert_rank=0 expert_id=45 router_rank=0 graph_created=YES graph_refs=gate:0,up:1,down:2 storage_ref_base=70135 score_preserved=YES
reference_poc22_position_0_blk6_routed expert_id=45 selected_range tensor=blk.1.ffn_gate_exps.weight offset=1042962888 bytes=563200 layout=DIRECT
reference_poc22_position_0_blk6_routed expert_id=45 selected_range tensor=blk.1.ffn_up_exps.weight offset=1079007704 bytes=563200 layout=DIRECT
reference_poc22_position_0_blk6_routed expert_id=45 selected_range tensor=blk.1.ffn_down_exps.weight offset=1162699240 bytes=1622016 layout=DIRECT
reference_poc22_position_0_blk6_routed prefetch expert_id=45 tensor=blk.1.ffn_gate_exps.weight dependency_distance=0
reference_poc22_position_0_blk6_routed prefetch expert_id=45 tensor=blk.1.ffn_up_exps.weight dependency_distance=0
reference_poc22_position_0_blk6_routed prefetch expert_id=45 tensor=blk.1.ffn_down_exps.weight dependency_distance=2
expert_parity max_abs=0 max_rel=0 mean_abs=0 tolerance=1e-5
reference_poc22_position_0_blk6_routed expert_id=45 consumer_wait=not_instrumented acquire_release=recorded peak_active=1622016 peak_resident=3280896
reference_poc22_position_0_blk6_routed expert_rank=1 expert_id=58 router_rank=1 graph_created=YES graph_refs=gate:0,up:1,down:2 storage_ref_base=70174 score_preserved=YES
reference_poc22_position_0_blk6_routed expert_id=58 selected_range tensor=blk.1.ffn_gate_exps.weight offset=1050284488 bytes=563200 layout=DIRECT
reference_poc22_position_0_blk6_routed expert_id=58 selected_range tensor=blk.1.ffn_up_exps.weight offset=1086329304 bytes=563200 layout=DIRECT
reference_poc22_position_0_blk6_routed expert_id=58 selected_range tensor=blk.1.ffn_down_exps.weight offset=1183785448 bytes=1622016 layout=DIRECT
reference_poc22_position_0_blk6_routed prefetch expert_id=58 tensor=blk.1.ffn_gate_exps.weight dependency_distance=0
reference_poc22_position_0_blk6_routed prefetch expert_id=58 tensor=blk.1.ffn_up_exps.weight dependency_distance=0
reference_poc22_position_0_blk6_routed prefetch expert_id=58 tensor=blk.1.ffn_down_exps.weight dependency_distance=2
expert_parity max_abs=0 max_rel=0 mean_abs=0 tolerance=1e-5
reference_poc22_position_0_blk6_routed expert_id=58 consumer_wait=not_instrumented acquire_release=recorded peak_active=1622016 peak_resident=6029312
reference_poc22_position_0_blk6_routed expert_rank=2 expert_id=26 router_rank=2 graph_created=YES graph_refs=gate:0,up:1,down:2 storage_ref_base=70078 score_preserved=YES
reference_poc22_position_0_blk6_routed expert_id=26 selected_range tensor=blk.1.ffn_gate_exps.weight offset=1032262088 bytes=563200 layout=DIRECT
reference_poc22_position_0_blk6_routed expert_id=26 selected_range tensor=blk.1.ffn_up_exps.weight offset=1068306904 bytes=563200 layout=DIRECT
reference_poc22_position_0_blk6_routed expert_id=26 selected_range tensor=blk.1.ffn_down_exps.weight offset=1131880936 bytes=1622016 layout=DIRECT
reference_poc22_position_0_blk6_routed prefetch expert_id=26 tensor=blk.1.ffn_gate_exps.weight dependency_distance=0
reference_poc22_position_0_blk6_routed prefetch expert_id=26 tensor=blk.1.ffn_up_exps.weight dependency_distance=0
reference_poc22_position_0_blk6_routed prefetch expert_id=26 tensor=blk.1.ffn_down_exps.weight dependency_distance=2
expert_parity max_abs=0 max_rel=0 mean_abs=0 tolerance=1e-5
reference_poc22_position_0_blk6_routed expert_id=26 consumer_wait=not_instrumented acquire_release=recorded peak_active=1622016 peak_resident=8245248
reference_poc22_position_0_blk6_routed expert_rank=3 expert_id=41 router_rank=3 graph_created=YES graph_refs=gate:0,up:1,down:2 storage_ref_base=70123 score_preserved=YES
reference_poc22_position_0_blk6_routed expert_id=41 selected_range tensor=blk.1.ffn_gate_exps.weight offset=1040710088 bytes=563200 layout=DIRECT
reference_poc22_position_0_blk6_routed expert_id=41 selected_range tensor=blk.1.ffn_up_exps.weight offset=1076754904 bytes=563200 layout=DIRECT
reference_poc22_position_0_blk6_routed expert_id=41 selected_range tensor=blk.1.ffn_down_exps.weight offset=1156211176 bytes=1622016 layout=DIRECT
reference_poc22_position_0_blk6_routed prefetch expert_id=41 tensor=blk.1.ffn_gate_exps.weight dependency_distance=0
reference_poc22_position_0_blk6_routed prefetch expert_id=41 tensor=blk.1.ffn_up_exps.weight dependency_distance=0
reference_poc22_position_0_blk6_routed prefetch expert_id=41 tensor=blk.1.ffn_down_exps.weight dependency_distance=2
expert_parity max_abs=0 max_rel=0 mean_abs=0 tolerance=1e-5
reference_poc22_position_0_blk6_routed expert_id=41 consumer_wait=not_instrumented acquire_release=recorded peak_active=1622016 peak_resident=8245248
reference_poc22_position_0_blk6_routed expert_rank=4 expert_id=15 router_rank=4 graph_created=YES graph_refs=gate:0,up:1,down:2 storage_ref_base=70045 score_preserved=YES
reference_poc22_position_0_blk6_routed expert_id=15 selected_range tensor=blk.1.ffn_gate_exps.weight offset=1026066888 bytes=563200 layout=DIRECT
reference_poc22_position_0_blk6_routed expert_id=15 selected_range tensor=blk.1.ffn_up_exps.weight offset=1062111704 bytes=563200 layout=DIRECT
reference_poc22_position_0_blk6_routed expert_id=15 selected_range tensor=blk.1.ffn_down_exps.weight offset=1114038760 bytes=1622016 layout=DIRECT
reference_poc22_position_0_blk6_routed prefetch expert_id=15 tensor=blk.1.ffn_gate_exps.weight dependency_distance=0
reference_poc22_position_0_blk6_routed prefetch expert_id=15 tensor=blk.1.ffn_up_exps.weight dependency_distance=0
reference_poc22_position_0_blk6_routed prefetch expert_id=15 tensor=blk.1.ffn_down_exps.weight dependency_distance=2
expert_parity max_abs=0 max_rel=0 mean_abs=0 tolerance=1e-5
reference_poc22_position_0_blk6_routed expert_id=15 consumer_wait=not_instrumented acquire_release=recorded peak_active=1622016 peak_resident=8245248
reference_poc22_position_0_blk6_routed expert_rank=5 expert_id=35 router_rank=5 graph_created=YES graph_refs=gate:0,up:1,down:2 storage_ref_base=70105 score_preserved=YES
reference_poc22_position_0_blk6_routed expert_id=35 selected_range tensor=blk.1.ffn_gate_exps.weight offset=1037330888 bytes=563200 layout=DIRECT
reference_poc22_position_0_blk6_routed expert_id=35 selected_range tensor=blk.1.ffn_up_exps.weight offset=1073375704 bytes=563200 layout=DIRECT
reference_poc22_position_0_blk6_routed expert_id=35 selected_range tensor=blk.1.ffn_down_exps.weight offset=1146479080 bytes=1622016 layout=DIRECT
reference_poc22_position_0_blk6_routed prefetch expert_id=35 tensor=blk.1.ffn_gate_exps.weight dependency_distance=0
reference_poc22_position_0_blk6_routed prefetch expert_id=35 tensor=blk.1.ffn_up_exps.weight dependency_distance=0
reference_poc22_position_0_blk6_routed prefetch expert_id=35 tensor=blk.1.ffn_down_exps.weight dependency_distance=2
expert_parity max_abs=0 max_rel=0 mean_abs=0 tolerance=1e-5
reference_poc22_position_0_blk6_routed expert_id=35 consumer_wait=not_instrumented acquire_release=recorded peak_active=1622016 peak_resident=8245248
reference_poc22_position_0_blk6_routed residency_hits=36 residency_misses=42 source_reads=18 materialization_requests=18 source_policy_calls=18 evictions=11 resident_tensors_after=9
routed_merge_parity max_abs=0 max_rel=0 mean_abs=0 tolerance=1e-5
shared_expert_parity max_abs=0 max_rel=0 mean_abs=0 tolerance=1e-5
pre_residual_composition_parity max_abs=0 max_rel=0 mean_abs=0 tolerance=1e-5
final_layer_parity max_abs=0 max_rel=0 mean_abs=0 tolerance=1e-5
reference_poc22_position_0_blk6 shared_expert=REQUIRED shared_graph_created=YES residual_add=YES final_composition=PASS
ffn_timing tensor=blk.1.ffn_gate_inp.weight payload_ready_ns=4216227747631 first_consumer_start_ns=4216327921085 payload_to_first_consumer_ns=100173454
ffn_timing tensor=blk.1.ffn_gate_shexp.weight payload_ready_ns=4221170188244 first_consumer_start_ns=4221277149517 payload_to_first_consumer_ns=106961273
ffn_timing tensor=blk.1.ffn_gate_exps.weight payload_ready_ns=4216482950834 first_consumer_start_ns=4216583387408 payload_to_first_consumer_ns=100436574
reference_poc22_position_0_blk6 full_layer_residency_hits=46 misses=51 evictions=15 source_reads=23 source_bytes=20402176 materialization_requests=23 resident_tensors_after=8
reference_poc22_position_0_blk6 full_layer_peak_active_persistent_bytes=1622016 full_layer_peak_resident_bytes=8312832
reference_poc22_position_0_blk6 first_payload_to_shared_compute_start_ns=5137181884 execution_ready_to_consumer_ns=NOT_INSTRUMENTED payload_to_first_useful_compute=NOT_INSTRUMENTED
poc22_position_0_blk6_attention_parity max_abs=0 max_rel=0 mean_abs=0 tolerance=1e-5
poc22_position_0_blk6_block_parity max_abs=0 max_rel=0 mean_abs=0 tolerance=1e-5
poc22_position_0 block_handoff block=7 handoff_ns=310493 activation_copy_bytes=0
attention_timing tensor=blk.1.attn_norm.weight payload_ready_ns=4165943377826 first_consumer_start_ns=4222087707749 payload_to_first_consumer_ns=56144329923
attention_timing tensor=blk.1.attn_q.weight payload_ready_ns=4165987887583 first_consumer_start_ns=4222359030790 payload_to_first_consumer_ns=56371143207
attention_timing tensor=blk.1.attn_kv_a_mqa.weight payload_ready_ns=4166024115135 first_consumer_start_ns=4222632933944 payload_to_first_consumer_ns=56608818809
attention_timing tensor=blk.1.attn_kv_a_norm.weight payload_ready_ns=4166096322368 first_consumer_start_ns=4222905836036 payload_to_first_consumer_ns=56809513668
attention_timing tensor=blk.1.attn_kv_b.weight payload_ready_ns=4166131406860 first_consumer_start_ns=4223177987434 payload_to_first_consumer_ns=57046580574
attention_timing tensor=blk.1.attn_output.weight payload_ready_ns=4166174744099 first_consumer_start_ns=4223450641156 payload_to_first_consumer_ns=57275897057
poc22_position_0_blk7 position=0 state_k_positions=1 state_v_positions=1 attention_probs=1,1,1,1,1,1,1,1,1,1,1,1,1,1,1,1,
reference_attention position=0 state_k_positions=1 state_v_positions=1 attention_probs=1,1,1,1,1,1,1,1,1,1,1,1,1,1,1,1,
normalized_input_parity max_abs=0 max_rel=0 mean_abs=0 tolerance=1e-5
router_score_parity max_abs=1.13249e-06 max_rel=1.66533e-05 mean_abs=2.42217e-07 tolerance=1e-5
selected_weight_parity max_abs=1.04308e-07 max_rel=5.81152e-07 mean_abs=5.46376e-08 tolerance=1e-5
poc22_position_0_blk7 topk_ids=29,9,56,48,46,14 normalized_weights=0.179485,0.175018,0.172325,0.161606,0.156854,0.154712,
poc22_position_0_blk7_routed expert_rank=0 expert_id=29 router_rank=0 graph_created=YES graph_refs=gate:0,up:1,down:2 storage_ref_base=80087 score_preserved=YES
poc22_position_0_blk7_routed expert_id=29 selected_range tensor=blk.1.ffn_gate_exps.weight offset=1216722576 bytes=563200 layout=DIRECT
poc22_position_0_blk7_routed expert_id=29 selected_range tensor=blk.1.ffn_up_exps.weight offset=1252767392 bytes=563200 layout=DIRECT
poc22_position_0_blk7_routed expert_id=29 selected_range tensor=blk.1.ffn_down_exps.weight offset=1319517872 bytes=1622016 layout=DIRECT
poc22_position_0_blk7_routed prefetch expert_id=29 tensor=blk.1.ffn_gate_exps.weight dependency_distance=0
poc22_position_0_blk7_routed prefetch expert_id=29 tensor=blk.1.ffn_up_exps.weight dependency_distance=0
poc22_position_0_blk7_routed prefetch expert_id=29 tensor=blk.1.ffn_down_exps.weight dependency_distance=2
expert_parity max_abs=0 max_rel=0 mean_abs=0 tolerance=1e-5
poc22_position_0_blk7_routed expert_id=29 consumer_wait=not_instrumented acquire_release=recorded peak_active=1622016 peak_resident=66776064
poc22_position_0_blk7_routed expert_rank=1 expert_id=9 router_rank=1 graph_created=YES graph_refs=gate:0,up:1,down:2 storage_ref_base=80027 score_preserved=YES
poc22_position_0_blk7_routed expert_id=9 selected_range tensor=blk.1.ffn_gate_exps.weight offset=1205458576 bytes=563200 layout=DIRECT
poc22_position_0_blk7_routed expert_id=9 selected_range tensor=blk.1.ffn_up_exps.weight offset=1241503392 bytes=563200 layout=DIRECT
poc22_position_0_blk7_routed expert_id=9 selected_range tensor=blk.1.ffn_down_exps.weight offset=1287077552 bytes=1622016 layout=DIRECT
poc22_position_0_blk7_routed prefetch expert_id=9 tensor=blk.1.ffn_gate_exps.weight dependency_distance=0
poc22_position_0_blk7_routed prefetch expert_id=9 tensor=blk.1.ffn_up_exps.weight dependency_distance=0
poc22_position_0_blk7_routed prefetch expert_id=9 tensor=blk.1.ffn_down_exps.weight dependency_distance=2
expert_parity max_abs=0 max_rel=0 mean_abs=0 tolerance=1e-5
poc22_position_0_blk7_routed expert_id=9 consumer_wait=not_instrumented acquire_release=recorded peak_active=1622016 peak_resident=66776064
poc22_position_0_blk7_routed expert_rank=2 expert_id=56 router_rank=2 graph_created=YES graph_refs=gate:0,up:1,down:2 storage_ref_base=80168 score_preserved=YES
poc22_position_0_blk7_routed expert_id=56 selected_range tensor=blk.1.ffn_gate_exps.weight offset=1231928976 bytes=563200 layout=DIRECT
poc22_position_0_blk7_routed expert_id=56 selected_range tensor=blk.1.ffn_up_exps.weight offset=1267973792 bytes=563200 layout=DIRECT
poc22_position_0_blk7_routed expert_id=56 selected_range tensor=blk.1.ffn_down_exps.weight offset=1363312304 bytes=1622016 layout=DIRECT
poc22_position_0_blk7_routed prefetch expert_id=56 tensor=blk.1.ffn_gate_exps.weight dependency_distance=0
poc22_position_0_blk7_routed prefetch expert_id=56 tensor=blk.1.ffn_up_exps.weight dependency_distance=0
poc22_position_0_blk7_routed prefetch expert_id=56 tensor=blk.1.ffn_down_exps.weight dependency_distance=2
expert_parity max_abs=0 max_rel=0 mean_abs=0 tolerance=1e-5
poc22_position_0_blk7_routed expert_id=56 consumer_wait=not_instrumented acquire_release=recorded peak_active=1622016 peak_resident=66776064
poc22_position_0_blk7_routed expert_rank=3 expert_id=48 router_rank=3 graph_created=YES graph_refs=gate:0,up:1,down:2 storage_ref_base=80144 score_preserved=YES
poc22_position_0_blk7_routed expert_id=48 selected_range tensor=blk.1.ffn_gate_exps.weight offset=1227423376 bytes=563200 layout=DIRECT
poc22_position_0_blk7_routed expert_id=48 selected_range tensor=blk.1.ffn_up_exps.weight offset=1263468192 bytes=563200 layout=DIRECT
poc22_position_0_blk7_routed expert_id=48 selected_range tensor=blk.1.ffn_down_exps.weight offset=1350336176 bytes=1622016 layout=DIRECT
poc22_position_0_blk7_routed prefetch expert_id=48 tensor=blk.1.ffn_gate_exps.weight dependency_distance=0
poc22_position_0_blk7_routed prefetch expert_id=48 tensor=blk.1.ffn_up_exps.weight dependency_distance=0
poc22_position_0_blk7_routed prefetch expert_id=48 tensor=blk.1.ffn_down_exps.weight dependency_distance=2
expert_parity max_abs=0 max_rel=0 mean_abs=0 tolerance=1e-5
poc22_position_0_blk7_routed expert_id=48 consumer_wait=not_instrumented acquire_release=recorded peak_active=1622016 peak_resident=66776064
poc22_position_0_blk7_routed expert_rank=4 expert_id=46 router_rank=4 graph_created=YES graph_refs=gate:0,up:1,down:2 storage_ref_base=80138 score_preserved=YES
poc22_position_0_blk7_routed expert_id=46 selected_range tensor=blk.1.ffn_gate_exps.weight offset=1226296976 bytes=563200 layout=DIRECT
poc22_position_0_blk7_routed expert_id=46 selected_range tensor=blk.1.ffn_up_exps.weight offset=1262341792 bytes=563200 layout=DIRECT
poc22_position_0_blk7_routed expert_id=46 selected_range tensor=blk.1.ffn_down_exps.weight offset=1347092144 bytes=1622016 layout=DIRECT
poc22_position_0_blk7_routed prefetch expert_id=46 tensor=blk.1.ffn_gate_exps.weight dependency_distance=0
poc22_position_0_blk7_routed prefetch expert_id=46 tensor=blk.1.ffn_up_exps.weight dependency_distance=0
poc22_position_0_blk7_routed prefetch expert_id=46 tensor=blk.1.ffn_down_exps.weight dependency_distance=2
expert_parity max_abs=0 max_rel=0 mean_abs=0 tolerance=1e-5
poc22_position_0_blk7_routed expert_id=46 consumer_wait=not_instrumented acquire_release=recorded peak_active=1622016 peak_resident=66212864
poc22_position_0_blk7_routed expert_rank=5 expert_id=14 router_rank=5 graph_created=YES graph_refs=gate:0,up:1,down:2 storage_ref_base=80042 score_preserved=YES
poc22_position_0_blk7_routed expert_id=14 selected_range tensor=blk.1.ffn_gate_exps.weight offset=1208274576 bytes=563200 layout=DIRECT
poc22_position_0_blk7_routed expert_id=14 selected_range tensor=blk.1.ffn_up_exps.weight offset=1244319392 bytes=563200 layout=DIRECT
poc22_position_0_blk7_routed expert_id=14 selected_range tensor=blk.1.ffn_down_exps.weight offset=1295187632 bytes=1622016 layout=DIRECT
poc22_position_0_blk7_routed prefetch expert_id=14 tensor=blk.1.ffn_gate_exps.weight dependency_distance=0
poc22_position_0_blk7_routed prefetch expert_id=14 tensor=blk.1.ffn_up_exps.weight dependency_distance=0
poc22_position_0_blk7_routed prefetch expert_id=14 tensor=blk.1.ffn_down_exps.weight dependency_distance=2
expert_parity max_abs=0 max_rel=0 mean_abs=0 tolerance=1e-5
poc22_position_0_blk7_routed expert_id=14 consumer_wait=not_instrumented acquire_release=recorded peak_active=1622016 peak_resident=66708480
poc22_position_0_blk7_routed residency_hits=36 residency_misses=42 source_reads=18 materialization_requests=18 source_policy_calls=18 evictions=17 resident_tensors_after=84
routed_merge_parity max_abs=0 max_rel=0 mean_abs=0 tolerance=1e-5
shared_expert_parity max_abs=0 max_rel=0 mean_abs=0 tolerance=1e-5
pre_residual_composition_parity max_abs=0 max_rel=0 mean_abs=0 tolerance=1e-5
final_layer_parity max_abs=0 max_rel=0 mean_abs=0 tolerance=1e-5
poc22_position_0_blk7 shared_expert=REQUIRED shared_graph_created=YES residual_add=YES final_composition=PASS
ffn_timing tensor=blk.1.ffn_gate_inp.weight payload_ready_ns=4223896169929 first_consumer_start_ns=4224006760378 payload_to_first_consumer_ns=110590449
ffn_timing tensor=blk.1.ffn_gate_shexp.weight payload_ready_ns=4229261743647 first_consumer_start_ns=4229377126456 payload_to_first_consumer_ns=115382809
ffn_timing tensor=blk.1.ffn_gate_exps.weight payload_ready_ns=4224175716634 first_consumer_start_ns=4224286795740 payload_to_first_consumer_ns=111079106
poc22_position_0_blk7 full_layer_residency_hits=46 misses=51 evictions=26 source_reads=23 source_bytes=20402176 materialization_requests=23 resident_tensors_after=79
poc22_position_0_blk7 full_layer_peak_active_persistent_bytes=1622016 full_layer_peak_resident_bytes=66776064
poc22_position_0_blk7 first_payload_to_shared_compute_start_ns=5576945567 execution_ready_to_consumer_ns=NOT_INSTRUMENTED payload_to_first_useful_compute=NOT_INSTRUMENTED
normalized_input_parity max_abs=0 max_rel=0 mean_abs=0 tolerance=1e-5
router_score_parity max_abs=1.13249e-06 max_rel=1.66533e-05 mean_abs=2.42217e-07 tolerance=1e-5
selected_weight_parity max_abs=1.04308e-07 max_rel=5.81152e-07 mean_abs=5.46376e-08 tolerance=1e-5
reference_poc22_position_0_blk7 topk_ids=29,9,56,48,46,14 normalized_weights=0.179485,0.175018,0.172325,0.161606,0.156854,0.154712,
reference_poc22_position_0_blk7_routed expert_rank=0 expert_id=29 router_rank=0 graph_created=YES graph_refs=gate:0,up:1,down:2 storage_ref_base=80087 score_preserved=YES
reference_poc22_position_0_blk7_routed expert_id=29 selected_range tensor=blk.1.ffn_gate_exps.weight offset=1216722576 bytes=563200 layout=DIRECT
reference_poc22_position_0_blk7_routed expert_id=29 selected_range tensor=blk.1.ffn_up_exps.weight offset=1252767392 bytes=563200 layout=DIRECT
reference_poc22_position_0_blk7_routed expert_id=29 selected_range tensor=blk.1.ffn_down_exps.weight offset=1319517872 bytes=1622016 layout=DIRECT
reference_poc22_position_0_blk7_routed prefetch expert_id=29 tensor=blk.1.ffn_gate_exps.weight dependency_distance=0
reference_poc22_position_0_blk7_routed prefetch expert_id=29 tensor=blk.1.ffn_up_exps.weight dependency_distance=0
reference_poc22_position_0_blk7_routed prefetch expert_id=29 tensor=blk.1.ffn_down_exps.weight dependency_distance=2
expert_parity max_abs=0 max_rel=0 mean_abs=0 tolerance=1e-5
reference_poc22_position_0_blk7_routed expert_id=29 consumer_wait=not_instrumented acquire_release=recorded peak_active=1622016 peak_resident=3280896
reference_poc22_position_0_blk7_routed expert_rank=1 expert_id=9 router_rank=1 graph_created=YES graph_refs=gate:0,up:1,down:2 storage_ref_base=80027 score_preserved=YES
reference_poc22_position_0_blk7_routed expert_id=9 selected_range tensor=blk.1.ffn_gate_exps.weight offset=1205458576 bytes=563200 layout=DIRECT
reference_poc22_position_0_blk7_routed expert_id=9 selected_range tensor=blk.1.ffn_up_exps.weight offset=1241503392 bytes=563200 layout=DIRECT
reference_poc22_position_0_blk7_routed expert_id=9 selected_range tensor=blk.1.ffn_down_exps.weight offset=1287077552 bytes=1622016 layout=DIRECT
reference_poc22_position_0_blk7_routed prefetch expert_id=9 tensor=blk.1.ffn_gate_exps.weight dependency_distance=0
reference_poc22_position_0_blk7_routed prefetch expert_id=9 tensor=blk.1.ffn_up_exps.weight dependency_distance=0
reference_poc22_position_0_blk7_routed prefetch expert_id=9 tensor=blk.1.ffn_down_exps.weight dependency_distance=2
expert_parity max_abs=0 max_rel=0 mean_abs=0 tolerance=1e-5
reference_poc22_position_0_blk7_routed expert_id=9 consumer_wait=not_instrumented acquire_release=recorded peak_active=1622016 peak_resident=6029312
reference_poc22_position_0_blk7_routed expert_rank=2 expert_id=56 router_rank=2 graph_created=YES graph_refs=gate:0,up:1,down:2 storage_ref_base=80168 score_preserved=YES
reference_poc22_position_0_blk7_routed expert_id=56 selected_range tensor=blk.1.ffn_gate_exps.weight offset=1231928976 bytes=563200 layout=DIRECT
reference_poc22_position_0_blk7_routed expert_id=56 selected_range tensor=blk.1.ffn_up_exps.weight offset=1267973792 bytes=563200 layout=DIRECT
reference_poc22_position_0_blk7_routed expert_id=56 selected_range tensor=blk.1.ffn_down_exps.weight offset=1363312304 bytes=1622016 layout=DIRECT
reference_poc22_position_0_blk7_routed prefetch expert_id=56 tensor=blk.1.ffn_gate_exps.weight dependency_distance=0
reference_poc22_position_0_blk7_routed prefetch expert_id=56 tensor=blk.1.ffn_up_exps.weight dependency_distance=0
reference_poc22_position_0_blk7_routed prefetch expert_id=56 tensor=blk.1.ffn_down_exps.weight dependency_distance=2
expert_parity max_abs=0 max_rel=0 mean_abs=0 tolerance=1e-5
reference_poc22_position_0_blk7_routed expert_id=56 consumer_wait=not_instrumented acquire_release=recorded peak_active=1622016 peak_resident=8245248
reference_poc22_position_0_blk7_routed expert_rank=3 expert_id=48 router_rank=3 graph_created=YES graph_refs=gate:0,up:1,down:2 storage_ref_base=80144 score_preserved=YES
reference_poc22_position_0_blk7_routed expert_id=48 selected_range tensor=blk.1.ffn_gate_exps.weight offset=1227423376 bytes=563200 layout=DIRECT
reference_poc22_position_0_blk7_routed expert_id=48 selected_range tensor=blk.1.ffn_up_exps.weight offset=1263468192 bytes=563200 layout=DIRECT
reference_poc22_position_0_blk7_routed expert_id=48 selected_range tensor=blk.1.ffn_down_exps.weight offset=1350336176 bytes=1622016 layout=DIRECT
reference_poc22_position_0_blk7_routed prefetch expert_id=48 tensor=blk.1.ffn_gate_exps.weight dependency_distance=0
reference_poc22_position_0_blk7_routed prefetch expert_id=48 tensor=blk.1.ffn_up_exps.weight dependency_distance=0
reference_poc22_position_0_blk7_routed prefetch expert_id=48 tensor=blk.1.ffn_down_exps.weight dependency_distance=2
expert_parity max_abs=0 max_rel=0 mean_abs=0 tolerance=1e-5
reference_poc22_position_0_blk7_routed expert_id=48 consumer_wait=not_instrumented acquire_release=recorded peak_active=1622016 peak_resident=8245248
reference_poc22_position_0_blk7_routed expert_rank=4 expert_id=46 router_rank=4 graph_created=YES graph_refs=gate:0,up:1,down:2 storage_ref_base=80138 score_preserved=YES
reference_poc22_position_0_blk7_routed expert_id=46 selected_range tensor=blk.1.ffn_gate_exps.weight offset=1226296976 bytes=563200 layout=DIRECT
reference_poc22_position_0_blk7_routed expert_id=46 selected_range tensor=blk.1.ffn_up_exps.weight offset=1262341792 bytes=563200 layout=DIRECT
reference_poc22_position_0_blk7_routed expert_id=46 selected_range tensor=blk.1.ffn_down_exps.weight offset=1347092144 bytes=1622016 layout=DIRECT
reference_poc22_position_0_blk7_routed prefetch expert_id=46 tensor=blk.1.ffn_gate_exps.weight dependency_distance=0
reference_poc22_position_0_blk7_routed prefetch expert_id=46 tensor=blk.1.ffn_up_exps.weight dependency_distance=0
reference_poc22_position_0_blk7_routed prefetch expert_id=46 tensor=blk.1.ffn_down_exps.weight dependency_distance=2
expert_parity max_abs=0 max_rel=0 mean_abs=0 tolerance=1e-5
reference_poc22_position_0_blk7_routed expert_id=46 consumer_wait=not_instrumented acquire_release=recorded peak_active=1622016 peak_resident=8245248
reference_poc22_position_0_blk7_routed expert_rank=5 expert_id=14 router_rank=5 graph_created=YES graph_refs=gate:0,up:1,down:2 storage_ref_base=80042 score_preserved=YES
reference_poc22_position_0_blk7_routed expert_id=14 selected_range tensor=blk.1.ffn_gate_exps.weight offset=1208274576 bytes=563200 layout=DIRECT
reference_poc22_position_0_blk7_routed expert_id=14 selected_range tensor=blk.1.ffn_up_exps.weight offset=1244319392 bytes=563200 layout=DIRECT
reference_poc22_position_0_blk7_routed expert_id=14 selected_range tensor=blk.1.ffn_down_exps.weight offset=1295187632 bytes=1622016 layout=DIRECT
reference_poc22_position_0_blk7_routed prefetch expert_id=14 tensor=blk.1.ffn_gate_exps.weight dependency_distance=0
reference_poc22_position_0_blk7_routed prefetch expert_id=14 tensor=blk.1.ffn_up_exps.weight dependency_distance=0
reference_poc22_position_0_blk7_routed prefetch expert_id=14 tensor=blk.1.ffn_down_exps.weight dependency_distance=2
expert_parity max_abs=0 max_rel=0 mean_abs=0 tolerance=1e-5
reference_poc22_position_0_blk7_routed expert_id=14 consumer_wait=not_instrumented acquire_release=recorded peak_active=1622016 peak_resident=8245248
reference_poc22_position_0_blk7_routed residency_hits=36 residency_misses=42 source_reads=18 materialization_requests=18 source_policy_calls=18 evictions=11 resident_tensors_after=9
routed_merge_parity max_abs=0 max_rel=0 mean_abs=0 tolerance=1e-5
shared_expert_parity max_abs=0 max_rel=0 mean_abs=0 tolerance=1e-5
pre_residual_composition_parity max_abs=0 max_rel=0 mean_abs=0 tolerance=1e-5
final_layer_parity max_abs=0 max_rel=0 mean_abs=0 tolerance=1e-5
reference_poc22_position_0_blk7 shared_expert=REQUIRED shared_graph_created=YES residual_add=YES final_composition=PASS
ffn_timing tensor=blk.1.ffn_gate_inp.weight payload_ready_ns=4230404780379 first_consumer_start_ns=4230517754279 payload_to_first_consumer_ns=112973900
ffn_timing tensor=blk.1.ffn_gate_shexp.weight payload_ready_ns=4235929500845 first_consumer_start_ns=4236048485290 payload_to_first_consumer_ns=118984445
ffn_timing tensor=blk.1.ffn_gate_exps.weight payload_ready_ns=4230691505438 first_consumer_start_ns=4230804532712 payload_to_first_consumer_ns=113027274
reference_poc22_position_0_blk7 full_layer_residency_hits=46 misses=51 evictions=15 source_reads=23 source_bytes=20402176 materialization_requests=23 resident_tensors_after=8
reference_poc22_position_0_blk7 full_layer_peak_active_persistent_bytes=1622016 full_layer_peak_resident_bytes=8312832
reference_poc22_position_0_blk7 first_payload_to_shared_compute_start_ns=5744655265 execution_ready_to_consumer_ns=NOT_INSTRUMENTED payload_to_first_useful_compute=NOT_INSTRUMENTED
poc22_position_0_blk7_attention_parity max_abs=0 max_rel=0 mean_abs=0 tolerance=1e-5
poc22_position_0_blk7_block_parity max_abs=0 max_rel=0 mean_abs=0 tolerance=1e-5
poc22_position_0 block_handoff block=8 handoff_ns=247911 activation_copy_bytes=0
attention_timing tensor=blk.1.attn_norm.weight payload_ready_ns=4165943377826 first_consumer_start_ns=4236951141266 payload_to_first_consumer_ns=71007763440
attention_timing tensor=blk.1.attn_q.weight payload_ready_ns=4165987887583 first_consumer_start_ns=4237253711001 payload_to_first_consumer_ns=71265823418
attention_timing tensor=blk.1.attn_kv_a_mqa.weight payload_ready_ns=4166024115135 first_consumer_start_ns=4237558793435 payload_to_first_consumer_ns=71534678300
attention_timing tensor=blk.1.attn_kv_a_norm.weight payload_ready_ns=4166096322368 first_consumer_start_ns=4237863295172 payload_to_first_consumer_ns=71766972804
attention_timing tensor=blk.1.attn_kv_b.weight payload_ready_ns=4166131406860 first_consumer_start_ns=4238165899782 payload_to_first_consumer_ns=72034492922
attention_timing tensor=blk.1.attn_output.weight payload_ready_ns=4166174744099 first_consumer_start_ns=4238469406165 payload_to_first_consumer_ns=72294662066
poc22_position_0_blk8 position=0 state_k_positions=1 state_v_positions=1 attention_probs=1,1,1,1,1,1,1,1,1,1,1,1,1,1,1,1,
reference_attention position=0 state_k_positions=1 state_v_positions=1 attention_probs=1,1,1,1,1,1,1,1,1,1,1,1,1,1,1,1,
normalized_input_parity max_abs=0 max_rel=0 mean_abs=0 tolerance=1e-5
router_score_parity max_abs=1.43051e-06 max_rel=1.92176e-05 mean_abs=2.95739e-07 tolerance=1e-5
selected_weight_parity max_abs=3.57628e-07 max_rel=1.54522e-06 mean_abs=1.44045e-07 tolerance=1e-5
poc22_position_0_blk8 topk_ids=38,35,0,23,54,26 normalized_weights=0.231441,0.202079,0.165289,0.14725,0.143062,0.110878,
poc22_position_0_blk8_routed expert_rank=0 expert_id=38 router_rank=0 graph_created=YES graph_refs=gate:0,up:1,down:2 storage_ref_base=90114 score_preserved=YES
poc22_position_0_blk8_routed expert_id=38 selected_range tensor=blk.1.ffn_gate_exps.weight offset=1404562264 bytes=563200 layout=DIRECT
poc22_position_0_blk8_routed expert_id=38 selected_range tensor=blk.1.ffn_up_exps.weight offset=1440607080 bytes=563200 layout=DIRECT
poc22_position_0_blk8_routed expert_id=38 selected_range tensor=blk.1.ffn_down_exps.weight offset=1516886904 bytes=1622016 layout=DIRECT
poc22_position_0_blk8_routed prefetch expert_id=38 tensor=blk.1.ffn_gate_exps.weight dependency_distance=0
poc22_position_0_blk8_routed prefetch expert_id=38 tensor=blk.1.ffn_up_exps.weight dependency_distance=0
poc22_position_0_blk8_routed prefetch expert_id=38 tensor=blk.1.ffn_down_exps.weight dependency_distance=2
expert_parity max_abs=0 max_rel=0 mean_abs=0 tolerance=1e-5
poc22_position_0_blk8_routed expert_id=38 consumer_wait=not_instrumented acquire_release=recorded peak_active=1622016 peak_resident=66776064
poc22_position_0_blk8_routed expert_rank=1 expert_id=35 router_rank=1 graph_created=YES graph_refs=gate:0,up:1,down:2 storage_ref_base=90105 score_preserved=YES
poc22_position_0_blk8_routed expert_id=35 selected_range tensor=blk.1.ffn_gate_exps.weight offset=1402872664 bytes=563200 layout=DIRECT
poc22_position_0_blk8_routed expert_id=35 selected_range tensor=blk.1.ffn_up_exps.weight offset=1438917480 bytes=563200 layout=DIRECT
poc22_position_0_blk8_routed expert_id=35 selected_range tensor=blk.1.ffn_down_exps.weight offset=1512020856 bytes=1622016 layout=DIRECT
poc22_position_0_blk8_routed prefetch expert_id=35 tensor=blk.1.ffn_gate_exps.weight dependency_distance=0
poc22_position_0_blk8_routed prefetch expert_id=35 tensor=blk.1.ffn_up_exps.weight dependency_distance=0
poc22_position_0_blk8_routed prefetch expert_id=35 tensor=blk.1.ffn_down_exps.weight dependency_distance=2
expert_parity max_abs=0 max_rel=0 mean_abs=0 tolerance=1e-5
poc22_position_0_blk8_routed expert_id=35 consumer_wait=not_instrumented acquire_release=recorded peak_active=1622016 peak_resident=66776064
poc22_position_0_blk8_routed expert_rank=2 expert_id=0 router_rank=2 graph_created=YES graph_refs=gate:0,up:1,down:2 storage_ref_base=90000 score_preserved=YES
poc22_position_0_blk8_routed expert_id=0 selected_range tensor=blk.1.ffn_gate_exps.weight offset=1383160664 bytes=563200 layout=DIRECT
poc22_position_0_blk8_routed expert_id=0 selected_range tensor=blk.1.ffn_up_exps.weight offset=1419205480 bytes=563200 layout=DIRECT
poc22_position_0_blk8_routed expert_id=0 selected_range tensor=blk.1.ffn_down_exps.weight offset=1455250296 bytes=1622016 layout=DIRECT
poc22_position_0_blk8_routed prefetch expert_id=0 tensor=blk.1.ffn_gate_exps.weight dependency_distance=0
poc22_position_0_blk8_routed prefetch expert_id=0 tensor=blk.1.ffn_up_exps.weight dependency_distance=0
poc22_position_0_blk8_routed prefetch expert_id=0 tensor=blk.1.ffn_down_exps.weight dependency_distance=2
expert_parity max_abs=0 max_rel=0 mean_abs=0 tolerance=1e-5
poc22_position_0_blk8_routed expert_id=0 consumer_wait=not_instrumented acquire_release=recorded peak_active=1622016 peak_resident=66776064
poc22_position_0_blk8_routed expert_rank=3 expert_id=23 router_rank=3 graph_created=YES graph_refs=gate:0,up:1,down:2 storage_ref_base=90069 score_preserved=YES
poc22_position_0_blk8_routed expert_id=23 selected_range tensor=blk.1.ffn_gate_exps.weight offset=1396114264 bytes=563200 layout=DIRECT
poc22_position_0_blk8_routed expert_id=23 selected_range tensor=blk.1.ffn_up_exps.weight offset=1432159080 bytes=563200 layout=DIRECT
poc22_position_0_blk8_routed expert_id=23 selected_range tensor=blk.1.ffn_down_exps.weight offset=1492556664 bytes=1622016 layout=DIRECT
poc22_position_0_blk8_routed prefetch expert_id=23 tensor=blk.1.ffn_gate_exps.weight dependency_distance=0
poc22_position_0_blk8_routed prefetch expert_id=23 tensor=blk.1.ffn_up_exps.weight dependency_distance=0
poc22_position_0_blk8_routed prefetch expert_id=23 tensor=blk.1.ffn_down_exps.weight dependency_distance=2
expert_parity max_abs=0 max_rel=0 mean_abs=0 tolerance=1e-5
poc22_position_0_blk8_routed expert_id=23 consumer_wait=not_instrumented acquire_release=recorded peak_active=1622016 peak_resident=66776064
poc22_position_0_blk8_routed expert_rank=4 expert_id=54 router_rank=4 graph_created=YES graph_refs=gate:0,up:1,down:2 storage_ref_base=90162 score_preserved=YES
poc22_position_0_blk8_routed expert_id=54 selected_range tensor=blk.1.ffn_gate_exps.weight offset=1413573464 bytes=563200 layout=DIRECT
poc22_position_0_blk8_routed expert_id=54 selected_range tensor=blk.1.ffn_up_exps.weight offset=1449618280 bytes=563200 layout=DIRECT
poc22_position_0_blk8_routed expert_id=54 selected_range tensor=blk.1.ffn_down_exps.weight offset=1542839160 bytes=1622016 layout=DIRECT
poc22_position_0_blk8_routed prefetch expert_id=54 tensor=blk.1.ffn_gate_exps.weight dependency_distance=0
poc22_position_0_blk8_routed prefetch expert_id=54 tensor=blk.1.ffn_up_exps.weight dependency_distance=0
poc22_position_0_blk8_routed prefetch expert_id=54 tensor=blk.1.ffn_down_exps.weight dependency_distance=2
expert_parity max_abs=0 max_rel=0 mean_abs=0 tolerance=1e-5
poc22_position_0_blk8_routed expert_id=54 consumer_wait=not_instrumented acquire_release=recorded peak_active=1622016 peak_resident=66212864
poc22_position_0_blk8_routed expert_rank=5 expert_id=26 router_rank=5 graph_created=YES graph_refs=gate:0,up:1,down:2 storage_ref_base=90078 score_preserved=YES
poc22_position_0_blk8_routed expert_id=26 selected_range tensor=blk.1.ffn_gate_exps.weight offset=1397803864 bytes=563200 layout=DIRECT
poc22_position_0_blk8_routed expert_id=26 selected_range tensor=blk.1.ffn_up_exps.weight offset=1433848680 bytes=563200 layout=DIRECT
poc22_position_0_blk8_routed expert_id=26 selected_range tensor=blk.1.ffn_down_exps.weight offset=1497422712 bytes=1622016 layout=DIRECT
poc22_position_0_blk8_routed prefetch expert_id=26 tensor=blk.1.ffn_gate_exps.weight dependency_distance=0
poc22_position_0_blk8_routed prefetch expert_id=26 tensor=blk.1.ffn_up_exps.weight dependency_distance=0
poc22_position_0_blk8_routed prefetch expert_id=26 tensor=blk.1.ffn_down_exps.weight dependency_distance=2
expert_parity max_abs=0 max_rel=0 mean_abs=0 tolerance=1e-5
poc22_position_0_blk8_routed expert_id=26 consumer_wait=not_instrumented acquire_release=recorded peak_active=1622016 peak_resident=66708480
poc22_position_0_blk8_routed residency_hits=36 residency_misses=42 source_reads=18 materialization_requests=18 source_policy_calls=18 evictions=17 resident_tensors_after=84
routed_merge_parity max_abs=0 max_rel=0 mean_abs=0 tolerance=1e-5
shared_expert_parity max_abs=0 max_rel=0 mean_abs=0 tolerance=1e-5
pre_residual_composition_parity max_abs=0 max_rel=0 mean_abs=0 tolerance=1e-5
final_layer_parity max_abs=0 max_rel=0 mean_abs=0 tolerance=1e-5
poc22_position_0_blk8 shared_expert=REQUIRED shared_graph_created=YES residual_add=YES final_composition=PASS
ffn_timing tensor=blk.1.ffn_gate_inp.weight payload_ready_ns=4238964236014 first_consumer_start_ns=4239087130129 payload_to_first_consumer_ns=122894115
ffn_timing tensor=blk.1.ffn_gate_shexp.weight payload_ready_ns=4245228062007 first_consumer_start_ns=4245355574860 payload_to_first_consumer_ns=127512853
ffn_timing tensor=blk.1.ffn_gate_exps.weight payload_ready_ns=4239329411554 first_consumer_start_ns=4239453004321 payload_to_first_consumer_ns=123592767
poc22_position_0_blk8 full_layer_residency_hits=46 misses=51 evictions=26 source_reads=23 source_bytes=20402176 materialization_requests=23 resident_tensors_after=79
poc22_position_0_blk8 full_layer_peak_active_persistent_bytes=1622016 full_layer_peak_resident_bytes=66776064
poc22_position_0_blk8 first_payload_to_shared_compute_start_ns=6499498220 execution_ready_to_consumer_ns=NOT_INSTRUMENTED payload_to_first_useful_compute=NOT_INSTRUMENTED
normalized_input_parity max_abs=0 max_rel=0 mean_abs=0 tolerance=1e-5
router_score_parity max_abs=1.43051e-06 max_rel=1.92176e-05 mean_abs=2.95739e-07 tolerance=1e-5
selected_weight_parity max_abs=3.57628e-07 max_rel=1.54522e-06 mean_abs=1.44045e-07 tolerance=1e-5
reference_poc22_position_0_blk8 topk_ids=38,35,0,23,54,26 normalized_weights=0.231441,0.202079,0.165289,0.14725,0.143062,0.110878,
reference_poc22_position_0_blk8_routed expert_rank=0 expert_id=38 router_rank=0 graph_created=YES graph_refs=gate:0,up:1,down:2 storage_ref_base=90114 score_preserved=YES
reference_poc22_position_0_blk8_routed expert_id=38 selected_range tensor=blk.1.ffn_gate_exps.weight offset=1404562264 bytes=563200 layout=DIRECT
reference_poc22_position_0_blk8_routed expert_id=38 selected_range tensor=blk.1.ffn_up_exps.weight offset=1440607080 bytes=563200 layout=DIRECT
reference_poc22_position_0_blk8_routed expert_id=38 selected_range tensor=blk.1.ffn_down_exps.weight offset=1516886904 bytes=1622016 layout=DIRECT
reference_poc22_position_0_blk8_routed prefetch expert_id=38 tensor=blk.1.ffn_gate_exps.weight dependency_distance=0
reference_poc22_position_0_blk8_routed prefetch expert_id=38 tensor=blk.1.ffn_up_exps.weight dependency_distance=0
reference_poc22_position_0_blk8_routed prefetch expert_id=38 tensor=blk.1.ffn_down_exps.weight dependency_distance=2
expert_parity max_abs=0 max_rel=0 mean_abs=0 tolerance=1e-5
reference_poc22_position_0_blk8_routed expert_id=38 consumer_wait=not_instrumented acquire_release=recorded peak_active=1622016 peak_resident=3280896
reference_poc22_position_0_blk8_routed expert_rank=1 expert_id=35 router_rank=1 graph_created=YES graph_refs=gate:0,up:1,down:2 storage_ref_base=90105 score_preserved=YES
reference_poc22_position_0_blk8_routed expert_id=35 selected_range tensor=blk.1.ffn_gate_exps.weight offset=1402872664 bytes=563200 layout=DIRECT
reference_poc22_position_0_blk8_routed expert_id=35 selected_range tensor=blk.1.ffn_up_exps.weight offset=1438917480 bytes=563200 layout=DIRECT
reference_poc22_position_0_blk8_routed expert_id=35 selected_range tensor=blk.1.ffn_down_exps.weight offset=1512020856 bytes=1622016 layout=DIRECT
reference_poc22_position_0_blk8_routed prefetch expert_id=35 tensor=blk.1.ffn_gate_exps.weight dependency_distance=0
reference_poc22_position_0_blk8_routed prefetch expert_id=35 tensor=blk.1.ffn_up_exps.weight dependency_distance=0
reference_poc22_position_0_blk8_routed prefetch expert_id=35 tensor=blk.1.ffn_down_exps.weight dependency_distance=2
expert_parity max_abs=0 max_rel=0 mean_abs=0 tolerance=1e-5
reference_poc22_position_0_blk8_routed expert_id=35 consumer_wait=not_instrumented acquire_release=recorded peak_active=1622016 peak_resident=6029312
reference_poc22_position_0_blk8_routed expert_rank=2 expert_id=0 router_rank=2 graph_created=YES graph_refs=gate:0,up:1,down:2 storage_ref_base=90000 score_preserved=YES
reference_poc22_position_0_blk8_routed expert_id=0 selected_range tensor=blk.1.ffn_gate_exps.weight offset=1383160664 bytes=563200 layout=DIRECT
reference_poc22_position_0_blk8_routed expert_id=0 selected_range tensor=blk.1.ffn_up_exps.weight offset=1419205480 bytes=563200 layout=DIRECT
reference_poc22_position_0_blk8_routed expert_id=0 selected_range tensor=blk.1.ffn_down_exps.weight offset=1455250296 bytes=1622016 layout=DIRECT
reference_poc22_position_0_blk8_routed prefetch expert_id=0 tensor=blk.1.ffn_gate_exps.weight dependency_distance=0
reference_poc22_position_0_blk8_routed prefetch expert_id=0 tensor=blk.1.ffn_up_exps.weight dependency_distance=0
reference_poc22_position_0_blk8_routed prefetch expert_id=0 tensor=blk.1.ffn_down_exps.weight dependency_distance=2
expert_parity max_abs=0 max_rel=0 mean_abs=0 tolerance=1e-5
reference_poc22_position_0_blk8_routed expert_id=0 consumer_wait=not_instrumented acquire_release=recorded peak_active=1622016 peak_resident=8245248
reference_poc22_position_0_blk8_routed expert_rank=3 expert_id=23 router_rank=3 graph_created=YES graph_refs=gate:0,up:1,down:2 storage_ref_base=90069 score_preserved=YES
reference_poc22_position_0_blk8_routed expert_id=23 selected_range tensor=blk.1.ffn_gate_exps.weight offset=1396114264 bytes=563200 layout=DIRECT
reference_poc22_position_0_blk8_routed expert_id=23 selected_range tensor=blk.1.ffn_up_exps.weight offset=1432159080 bytes=563200 layout=DIRECT
reference_poc22_position_0_blk8_routed expert_id=23 selected_range tensor=blk.1.ffn_down_exps.weight offset=1492556664 bytes=1622016 layout=DIRECT
reference_poc22_position_0_blk8_routed prefetch expert_id=23 tensor=blk.1.ffn_gate_exps.weight dependency_distance=0
reference_poc22_position_0_blk8_routed prefetch expert_id=23 tensor=blk.1.ffn_up_exps.weight dependency_distance=0
reference_poc22_position_0_blk8_routed prefetch expert_id=23 tensor=blk.1.ffn_down_exps.weight dependency_distance=2
expert_parity max_abs=0 max_rel=0 mean_abs=0 tolerance=1e-5
reference_poc22_position_0_blk8_routed expert_id=23 consumer_wait=not_instrumented acquire_release=recorded peak_active=1622016 peak_resident=8245248
reference_poc22_position_0_blk8_routed expert_rank=4 expert_id=54 router_rank=4 graph_created=YES graph_refs=gate:0,up:1,down:2 storage_ref_base=90162 score_preserved=YES
reference_poc22_position_0_blk8_routed expert_id=54 selected_range tensor=blk.1.ffn_gate_exps.weight offset=1413573464 bytes=563200 layout=DIRECT
reference_poc22_position_0_blk8_routed expert_id=54 selected_range tensor=blk.1.ffn_up_exps.weight offset=1449618280 bytes=563200 layout=DIRECT
reference_poc22_position_0_blk8_routed expert_id=54 selected_range tensor=blk.1.ffn_down_exps.weight offset=1542839160 bytes=1622016 layout=DIRECT
reference_poc22_position_0_blk8_routed prefetch expert_id=54 tensor=blk.1.ffn_gate_exps.weight dependency_distance=0
reference_poc22_position_0_blk8_routed prefetch expert_id=54 tensor=blk.1.ffn_up_exps.weight dependency_distance=0
reference_poc22_position_0_blk8_routed prefetch expert_id=54 tensor=blk.1.ffn_down_exps.weight dependency_distance=2
expert_parity max_abs=0 max_rel=0 mean_abs=0 tolerance=1e-5
reference_poc22_position_0_blk8_routed expert_id=54 consumer_wait=not_instrumented acquire_release=recorded peak_active=1622016 peak_resident=8245248
reference_poc22_position_0_blk8_routed expert_rank=5 expert_id=26 router_rank=5 graph_created=YES graph_refs=gate:0,up:1,down:2 storage_ref_base=90078 score_preserved=YES
reference_poc22_position_0_blk8_routed expert_id=26 selected_range tensor=blk.1.ffn_gate_exps.weight offset=1397803864 bytes=563200 layout=DIRECT
reference_poc22_position_0_blk8_routed expert_id=26 selected_range tensor=blk.1.ffn_up_exps.weight offset=1433848680 bytes=563200 layout=DIRECT
reference_poc22_position_0_blk8_routed expert_id=26 selected_range tensor=blk.1.ffn_down_exps.weight offset=1497422712 bytes=1622016 layout=DIRECT
reference_poc22_position_0_blk8_routed prefetch expert_id=26 tensor=blk.1.ffn_gate_exps.weight dependency_distance=0
reference_poc22_position_0_blk8_routed prefetch expert_id=26 tensor=blk.1.ffn_up_exps.weight dependency_distance=0
reference_poc22_position_0_blk8_routed prefetch expert_id=26 tensor=blk.1.ffn_down_exps.weight dependency_distance=2
expert_parity max_abs=0 max_rel=0 mean_abs=0 tolerance=1e-5
reference_poc22_position_0_blk8_routed expert_id=26 consumer_wait=not_instrumented acquire_release=recorded peak_active=1622016 peak_resident=8245248
reference_poc22_position_0_blk8_routed residency_hits=36 residency_misses=42 source_reads=18 materialization_requests=18 source_policy_calls=18 evictions=11 resident_tensors_after=9
routed_merge_parity max_abs=0 max_rel=0 mean_abs=0 tolerance=1e-5
shared_expert_parity max_abs=0 max_rel=0 mean_abs=0 tolerance=1e-5
pre_residual_composition_parity max_abs=0 max_rel=0 mean_abs=0 tolerance=1e-5
final_layer_parity max_abs=0 max_rel=0 mean_abs=0 tolerance=1e-5
reference_poc22_position_0_blk8 shared_expert=REQUIRED shared_graph_created=YES residual_add=YES final_composition=PASS
ffn_timing tensor=blk.1.ffn_gate_inp.weight payload_ready_ns=4246491855063 first_consumer_start_ns=4246616798594 payload_to_first_consumer_ns=124943531
ffn_timing tensor=blk.1.ffn_gate_shexp.weight payload_ready_ns=4252589000294 first_consumer_start_ns=4252720336027 payload_to_first_consumer_ns=131335733
ffn_timing tensor=blk.1.ffn_gate_exps.weight payload_ready_ns=4246808535177 first_consumer_start_ns=4246933533665 payload_to_first_consumer_ns=124998488
reference_poc22_position_0_blk8 full_layer_residency_hits=46 misses=51 evictions=15 source_reads=23 source_bytes=20402176 materialization_requests=23 resident_tensors_after=8
reference_poc22_position_0_blk8 full_layer_peak_active_persistent_bytes=1622016 full_layer_peak_resident_bytes=8312832
reference_poc22_position_0_blk8 first_payload_to_shared_compute_start_ns=6340798295 execution_ready_to_consumer_ns=NOT_INSTRUMENTED payload_to_first_useful_compute=NOT_INSTRUMENTED
poc22_position_0_blk8_attention_parity max_abs=0 max_rel=0 mean_abs=0 tolerance=1e-5
poc22_position_0_blk8_block_parity max_abs=0 max_rel=0 mean_abs=0 tolerance=1e-5
poc22_position_0 block_handoff block=9 handoff_ns=327702 activation_copy_bytes=0
attention_timing tensor=blk.1.attn_norm.weight payload_ready_ns=4165943377826 first_consumer_start_ns=4253714475385 payload_to_first_consumer_ns=87771097559
attention_timing tensor=blk.1.attn_q.weight payload_ready_ns=4165987887583 first_consumer_start_ns=4254047127589 payload_to_first_consumer_ns=88059240006
attention_timing tensor=blk.1.attn_kv_a_mqa.weight payload_ready_ns=4166024115135 first_consumer_start_ns=4254381719295 payload_to_first_consumer_ns=88357604160
attention_timing tensor=blk.1.attn_kv_a_norm.weight payload_ready_ns=4166096322368 first_consumer_start_ns=4254715428769 payload_to_first_consumer_ns=88619106401
attention_timing tensor=blk.1.attn_kv_b.weight payload_ready_ns=4166131406860 first_consumer_start_ns=4255048453341 payload_to_first_consumer_ns=88917046481
attention_timing tensor=blk.1.attn_output.weight payload_ready_ns=4166174744099 first_consumer_start_ns=4255381020130 payload_to_first_consumer_ns=89206276031
poc22_position_0_blk9 position=0 state_k_positions=1 state_v_positions=1 attention_probs=1,1,1,1,1,1,1,1,1,1,1,1,1,1,1,1,
reference_attention position=0 state_k_positions=1 state_v_positions=1 attention_probs=1,1,1,1,1,1,1,1,1,1,1,1,1,1,1,1,
normalized_input_parity max_abs=0 max_rel=0 mean_abs=0 tolerance=1e-5
router_score_parity max_abs=8.79169e-07 max_rel=1.42838e-05 mean_abs=2.00307e-07 tolerance=1e-5
selected_weight_parity max_abs=2.98023e-08 max_rel=1.85929e-07 mean_abs=1.98682e-08 tolerance=1e-5
poc22_position_0_blk9 topk_ids=15,2,1,47,46,3 normalized_weights=0.175165,0.170202,0.166618,0.166515,0.161211,0.160289,
poc22_position_0_blk9_routed expert_rank=0 expert_id=15 router_rank=0 graph_created=YES graph_refs=gate:0,up:1,down:2 storage_ref_base=100045 score_preserved=YES
poc22_position_0_blk9_routed expert_id=15 selected_range tensor=blk.1.ffn_gate_exps.weight offset=1574379552 bytes=563200 layout=DIRECT
poc22_position_0_blk9_routed expert_id=15 selected_range tensor=blk.1.ffn_up_exps.weight offset=1610424368 bytes=563200 layout=DIRECT
poc22_position_0_blk9_routed expert_id=15 selected_range tensor=blk.1.ffn_down_exps.weight offset=1662351424 bytes=1622016 layout=DIRECT
poc22_position_0_blk9_routed prefetch expert_id=15 tensor=blk.1.ffn_gate_exps.weight dependency_distance=0
poc22_position_0_blk9_routed prefetch expert_id=15 tensor=blk.1.ffn_up_exps.weight dependency_distance=0
poc22_position_0_blk9_routed prefetch expert_id=15 tensor=blk.1.ffn_down_exps.weight dependency_distance=2
expert_parity max_abs=0 max_rel=0 mean_abs=0 tolerance=1e-5
poc22_position_0_blk9_routed expert_id=15 consumer_wait=not_instrumented acquire_release=recorded peak_active=1622016 peak_resident=66776064
poc22_position_0_blk9_routed expert_rank=1 expert_id=2 router_rank=1 graph_created=YES graph_refs=gate:0,up:1,down:2 storage_ref_base=100006 score_preserved=YES
poc22_position_0_blk9_routed expert_id=2 selected_range tensor=blk.1.ffn_gate_exps.weight offset=1567057952 bytes=563200 layout=DIRECT
poc22_position_0_blk9_routed expert_id=2 selected_range tensor=blk.1.ffn_up_exps.weight offset=1603102768 bytes=563200 layout=DIRECT
poc22_position_0_blk9_routed expert_id=2 selected_range tensor=blk.1.ffn_down_exps.weight offset=1641265216 bytes=1622016 layout=DIRECT
poc22_position_0_blk9_routed prefetch expert_id=2 tensor=blk.1.ffn_gate_exps.weight dependency_distance=0
poc22_position_0_blk9_routed prefetch expert_id=2 tensor=blk.1.ffn_up_exps.weight dependency_distance=0
poc22_position_0_blk9_routed prefetch expert_id=2 tensor=blk.1.ffn_down_exps.weight dependency_distance=2
expert_parity max_abs=0 max_rel=0 mean_abs=0 tolerance=1e-5
poc22_position_0_blk9_routed expert_id=2 consumer_wait=not_instrumented acquire_release=recorded peak_active=1622016 peak_resident=66776064
poc22_position_0_blk9_routed expert_rank=2 expert_id=1 router_rank=2 graph_created=YES graph_refs=gate:0,up:1,down:2 storage_ref_base=100003 score_preserved=YES
poc22_position_0_blk9_routed expert_id=1 selected_range tensor=blk.1.ffn_gate_exps.weight offset=1566494752 bytes=563200 layout=DIRECT
poc22_position_0_blk9_routed expert_id=1 selected_range tensor=blk.1.ffn_up_exps.weight offset=1602539568 bytes=563200 layout=DIRECT
poc22_position_0_blk9_routed expert_id=1 selected_range tensor=blk.1.ffn_down_exps.weight offset=1639643200 bytes=1622016 layout=DIRECT
poc22_position_0_blk9_routed prefetch expert_id=1 tensor=blk.1.ffn_gate_exps.weight dependency_distance=0
poc22_position_0_blk9_routed prefetch expert_id=1 tensor=blk.1.ffn_up_exps.weight dependency_distance=0
poc22_position_0_blk9_routed prefetch expert_id=1 tensor=blk.1.ffn_down_exps.weight dependency_distance=2
expert_parity max_abs=0 max_rel=0 mean_abs=0 tolerance=1e-5
poc22_position_0_blk9_routed expert_id=1 consumer_wait=not_instrumented acquire_release=recorded peak_active=1622016 peak_resident=66776064
poc22_position_0_blk9_routed expert_rank=3 expert_id=47 router_rank=3 graph_created=YES graph_refs=gate:0,up:1,down:2 storage_ref_base=100141 score_preserved=YES
poc22_position_0_blk9_routed expert_id=47 selected_range tensor=blk.1.ffn_gate_exps.weight offset=1592401952 bytes=563200 layout=DIRECT
poc22_position_0_blk9_routed expert_id=47 selected_range tensor=blk.1.ffn_up_exps.weight offset=1628446768 bytes=563200 layout=DIRECT
poc22_position_0_blk9_routed expert_id=47 selected_range tensor=blk.1.ffn_down_exps.weight offset=1714255936 bytes=1622016 layout=DIRECT
poc22_position_0_blk9_routed prefetch expert_id=47 tensor=blk.1.ffn_gate_exps.weight dependency_distance=0
poc22_position_0_blk9_routed prefetch expert_id=47 tensor=blk.1.ffn_up_exps.weight dependency_distance=0
poc22_position_0_blk9_routed prefetch expert_id=47 tensor=blk.1.ffn_down_exps.weight dependency_distance=2
expert_parity max_abs=0 max_rel=0 mean_abs=0 tolerance=1e-5
poc22_position_0_blk9_routed expert_id=47 consumer_wait=not_instrumented acquire_release=recorded peak_active=1622016 peak_resident=66776064
poc22_position_0_blk9_routed expert_rank=4 expert_id=46 router_rank=4 graph_created=YES graph_refs=gate:0,up:1,down:2 storage_ref_base=100138 score_preserved=YES
poc22_position_0_blk9_routed expert_id=46 selected_range tensor=blk.1.ffn_gate_exps.weight offset=1591838752 bytes=563200 layout=DIRECT
poc22_position_0_blk9_routed expert_id=46 selected_range tensor=blk.1.ffn_up_exps.weight offset=1627883568 bytes=563200 layout=DIRECT
poc22_position_0_blk9_routed expert_id=46 selected_range tensor=blk.1.ffn_down_exps.weight offset=1712633920 bytes=1622016 layout=DIRECT
poc22_position_0_blk9_routed prefetch expert_id=46 tensor=blk.1.ffn_gate_exps.weight dependency_distance=0
poc22_position_0_blk9_routed prefetch expert_id=46 tensor=blk.1.ffn_up_exps.weight dependency_distance=0
poc22_position_0_blk9_routed prefetch expert_id=46 tensor=blk.1.ffn_down_exps.weight dependency_distance=2
expert_parity max_abs=0 max_rel=0 mean_abs=0 tolerance=1e-5
poc22_position_0_blk9_routed expert_id=46 consumer_wait=not_instrumented acquire_release=recorded peak_active=1622016 peak_resident=66212864
poc22_position_0_blk9_routed expert_rank=5 expert_id=3 router_rank=5 graph_created=YES graph_refs=gate:0,up:1,down:2 storage_ref_base=100009 score_preserved=YES
poc22_position_0_blk9_routed expert_id=3 selected_range tensor=blk.1.ffn_gate_exps.weight offset=1567621152 bytes=563200 layout=DIRECT
poc22_position_0_blk9_routed expert_id=3 selected_range tensor=blk.1.ffn_up_exps.weight offset=1603665968 bytes=563200 layout=DIRECT
poc22_position_0_blk9_routed expert_id=3 selected_range tensor=blk.1.ffn_down_exps.weight offset=1642887232 bytes=1622016 layout=DIRECT
poc22_position_0_blk9_routed prefetch expert_id=3 tensor=blk.1.ffn_gate_exps.weight dependency_distance=0
poc22_position_0_blk9_routed prefetch expert_id=3 tensor=blk.1.ffn_up_exps.weight dependency_distance=0
poc22_position_0_blk9_routed prefetch expert_id=3 tensor=blk.1.ffn_down_exps.weight dependency_distance=2
expert_parity max_abs=0 max_rel=0 mean_abs=0 tolerance=1e-5
poc22_position_0_blk9_routed expert_id=3 consumer_wait=not_instrumented acquire_release=recorded peak_active=1622016 peak_resident=66708480
poc22_position_0_blk9_routed residency_hits=36 residency_misses=42 source_reads=18 materialization_requests=18 source_policy_calls=18 evictions=17 resident_tensors_after=84
routed_merge_parity max_abs=0 max_rel=0 mean_abs=0 tolerance=1e-5
shared_expert_parity max_abs=0 max_rel=0 mean_abs=0 tolerance=1e-5
pre_residual_composition_parity max_abs=0 max_rel=0 mean_abs=0 tolerance=1e-5
final_layer_parity max_abs=0 max_rel=0 mean_abs=0 tolerance=1e-5
poc22_position_0_blk9 shared_expert=REQUIRED shared_graph_created=YES residual_add=YES final_composition=PASS
ffn_timing tensor=blk.1.ffn_gate_inp.weight payload_ready_ns=4255923003516 first_consumer_start_ns=4256056971695 payload_to_first_consumer_ns=133968179
ffn_timing tensor=blk.1.ffn_gate_shexp.weight payload_ready_ns=4262702414933 first_consumer_start_ns=4262842443364 payload_to_first_consumer_ns=140028431
ffn_timing tensor=blk.1.ffn_gate_exps.weight payload_ready_ns=4256315572621 first_consumer_start_ns=4256450839732 payload_to_first_consumer_ns=135267111
poc22_position_0_blk9 full_layer_residency_hits=46 misses=51 evictions=26 source_reads=23 source_bytes=20402176 materialization_requests=23 resident_tensors_after=79
poc22_position_0_blk9 full_layer_peak_active_persistent_bytes=1622016 full_layer_peak_resident_bytes=66776064
poc22_position_0_blk9 first_payload_to_shared_compute_start_ns=7038387960 execution_ready_to_consumer_ns=NOT_INSTRUMENTED payload_to_first_useful_compute=NOT_INSTRUMENTED
normalized_input_parity max_abs=0 max_rel=0 mean_abs=0 tolerance=1e-5
router_score_parity max_abs=8.79169e-07 max_rel=1.42838e-05 mean_abs=2.00307e-07 tolerance=1e-5
selected_weight_parity max_abs=2.98023e-08 max_rel=1.85929e-07 mean_abs=1.98682e-08 tolerance=1e-5
reference_poc22_position_0_blk9 topk_ids=15,2,1,47,46,3 normalized_weights=0.175165,0.170202,0.166618,0.166515,0.161211,0.160289,
reference_poc22_position_0_blk9_routed expert_rank=0 expert_id=15 router_rank=0 graph_created=YES graph_refs=gate:0,up:1,down:2 storage_ref_base=100045 score_preserved=YES
reference_poc22_position_0_blk9_routed expert_id=15 selected_range tensor=blk.1.ffn_gate_exps.weight offset=1574379552 bytes=563200 layout=DIRECT
reference_poc22_position_0_blk9_routed expert_id=15 selected_range tensor=blk.1.ffn_up_exps.weight offset=1610424368 bytes=563200 layout=DIRECT
reference_poc22_position_0_blk9_routed expert_id=15 selected_range tensor=blk.1.ffn_down_exps.weight offset=1662351424 bytes=1622016 layout=DIRECT
reference_poc22_position_0_blk9_routed prefetch expert_id=15 tensor=blk.1.ffn_gate_exps.weight dependency_distance=0
reference_poc22_position_0_blk9_routed prefetch expert_id=15 tensor=blk.1.ffn_up_exps.weight dependency_distance=0
reference_poc22_position_0_blk9_routed prefetch expert_id=15 tensor=blk.1.ffn_down_exps.weight dependency_distance=2
expert_parity max_abs=0 max_rel=0 mean_abs=0 tolerance=1e-5
reference_poc22_position_0_blk9_routed expert_id=15 consumer_wait=not_instrumented acquire_release=recorded peak_active=1622016 peak_resident=3280896
reference_poc22_position_0_blk9_routed expert_rank=1 expert_id=2 router_rank=1 graph_created=YES graph_refs=gate:0,up:1,down:2 storage_ref_base=100006 score_preserved=YES
reference_poc22_position_0_blk9_routed expert_id=2 selected_range tensor=blk.1.ffn_gate_exps.weight offset=1567057952 bytes=563200 layout=DIRECT
reference_poc22_position_0_blk9_routed expert_id=2 selected_range tensor=blk.1.ffn_up_exps.weight offset=1603102768 bytes=563200 layout=DIRECT
reference_poc22_position_0_blk9_routed expert_id=2 selected_range tensor=blk.1.ffn_down_exps.weight offset=1641265216 bytes=1622016 layout=DIRECT
reference_poc22_position_0_blk9_routed prefetch expert_id=2 tensor=blk.1.ffn_gate_exps.weight dependency_distance=0
reference_poc22_position_0_blk9_routed prefetch expert_id=2 tensor=blk.1.ffn_up_exps.weight dependency_distance=0
reference_poc22_position_0_blk9_routed prefetch expert_id=2 tensor=blk.1.ffn_down_exps.weight dependency_distance=2
expert_parity max_abs=0 max_rel=0 mean_abs=0 tolerance=1e-5
reference_poc22_position_0_blk9_routed expert_id=2 consumer_wait=not_instrumented acquire_release=recorded peak_active=1622016 peak_resident=6029312
reference_poc22_position_0_blk9_routed expert_rank=2 expert_id=1 router_rank=2 graph_created=YES graph_refs=gate:0,up:1,down:2 storage_ref_base=100003 score_preserved=YES
reference_poc22_position_0_blk9_routed expert_id=1 selected_range tensor=blk.1.ffn_gate_exps.weight offset=1566494752 bytes=563200 layout=DIRECT
reference_poc22_position_0_blk9_routed expert_id=1 selected_range tensor=blk.1.ffn_up_exps.weight offset=1602539568 bytes=563200 layout=DIRECT
reference_poc22_position_0_blk9_routed expert_id=1 selected_range tensor=blk.1.ffn_down_exps.weight offset=1639643200 bytes=1622016 layout=DIRECT
reference_poc22_position_0_blk9_routed prefetch expert_id=1 tensor=blk.1.ffn_gate_exps.weight dependency_distance=0
reference_poc22_position_0_blk9_routed prefetch expert_id=1 tensor=blk.1.ffn_up_exps.weight dependency_distance=0
reference_poc22_position_0_blk9_routed prefetch expert_id=1 tensor=blk.1.ffn_down_exps.weight dependency_distance=2
expert_parity max_abs=0 max_rel=0 mean_abs=0 tolerance=1e-5
reference_poc22_position_0_blk9_routed expert_id=1 consumer_wait=not_instrumented acquire_release=recorded peak_active=1622016 peak_resident=8245248
reference_poc22_position_0_blk9_routed expert_rank=3 expert_id=47 router_rank=3 graph_created=YES graph_refs=gate:0,up:1,down:2 storage_ref_base=100141 score_preserved=YES
reference_poc22_position_0_blk9_routed expert_id=47 selected_range tensor=blk.1.ffn_gate_exps.weight offset=1592401952 bytes=563200 layout=DIRECT
reference_poc22_position_0_blk9_routed expert_id=47 selected_range tensor=blk.1.ffn_up_exps.weight offset=1628446768 bytes=563200 layout=DIRECT
reference_poc22_position_0_blk9_routed expert_id=47 selected_range tensor=blk.1.ffn_down_exps.weight offset=1714255936 bytes=1622016 layout=DIRECT
reference_poc22_position_0_blk9_routed prefetch expert_id=47 tensor=blk.1.ffn_gate_exps.weight dependency_distance=0
reference_poc22_position_0_blk9_routed prefetch expert_id=47 tensor=blk.1.ffn_up_exps.weight dependency_distance=0
reference_poc22_position_0_blk9_routed prefetch expert_id=47 tensor=blk.1.ffn_down_exps.weight dependency_distance=2
expert_parity max_abs=0 max_rel=0 mean_abs=0 tolerance=1e-5
reference_poc22_position_0_blk9_routed expert_id=47 consumer_wait=not_instrumented acquire_release=recorded peak_active=1622016 peak_resident=8245248
reference_poc22_position_0_blk9_routed expert_rank=4 expert_id=46 router_rank=4 graph_created=YES graph_refs=gate:0,up:1,down:2 storage_ref_base=100138 score_preserved=YES
reference_poc22_position_0_blk9_routed expert_id=46 selected_range tensor=blk.1.ffn_gate_exps.weight offset=1591838752 bytes=563200 layout=DIRECT
reference_poc22_position_0_blk9_routed expert_id=46 selected_range tensor=blk.1.ffn_up_exps.weight offset=1627883568 bytes=563200 layout=DIRECT
reference_poc22_position_0_blk9_routed expert_id=46 selected_range tensor=blk.1.ffn_down_exps.weight offset=1712633920 bytes=1622016 layout=DIRECT
reference_poc22_position_0_blk9_routed prefetch expert_id=46 tensor=blk.1.ffn_gate_exps.weight dependency_distance=0
reference_poc22_position_0_blk9_routed prefetch expert_id=46 tensor=blk.1.ffn_up_exps.weight dependency_distance=0
reference_poc22_position_0_blk9_routed prefetch expert_id=46 tensor=blk.1.ffn_down_exps.weight dependency_distance=2
expert_parity max_abs=0 max_rel=0 mean_abs=0 tolerance=1e-5
reference_poc22_position_0_blk9_routed expert_id=46 consumer_wait=not_instrumented acquire_release=recorded peak_active=1622016 peak_resident=8245248
reference_poc22_position_0_blk9_routed expert_rank=5 expert_id=3 router_rank=5 graph_created=YES graph_refs=gate:0,up:1,down:2 storage_ref_base=100009 score_preserved=YES
reference_poc22_position_0_blk9_routed expert_id=3 selected_range tensor=blk.1.ffn_gate_exps.weight offset=1567621152 bytes=563200 layout=DIRECT
reference_poc22_position_0_blk9_routed expert_id=3 selected_range tensor=blk.1.ffn_up_exps.weight offset=1603665968 bytes=563200 layout=DIRECT
reference_poc22_position_0_blk9_routed expert_id=3 selected_range tensor=blk.1.ffn_down_exps.weight offset=1642887232 bytes=1622016 layout=DIRECT
reference_poc22_position_0_blk9_routed prefetch expert_id=3 tensor=blk.1.ffn_gate_exps.weight dependency_distance=0
reference_poc22_position_0_blk9_routed prefetch expert_id=3 tensor=blk.1.ffn_up_exps.weight dependency_distance=0
reference_poc22_position_0_blk9_routed prefetch expert_id=3 tensor=blk.1.ffn_down_exps.weight dependency_distance=2
expert_parity max_abs=0 max_rel=0 mean_abs=0 tolerance=1e-5
reference_poc22_position_0_blk9_routed expert_id=3 consumer_wait=not_instrumented acquire_release=recorded peak_active=1622016 peak_resident=8245248
reference_poc22_position_0_blk9_routed residency_hits=36 residency_misses=42 source_reads=18 materialization_requests=18 source_policy_calls=18 evictions=11 resident_tensors_after=9
routed_merge_parity max_abs=0 max_rel=0 mean_abs=0 tolerance=1e-5
shared_expert_parity max_abs=0 max_rel=0 mean_abs=0 tolerance=1e-5
pre_residual_composition_parity max_abs=0 max_rel=0 mean_abs=0 tolerance=1e-5
final_layer_parity max_abs=0 max_rel=0 mean_abs=0 tolerance=1e-5
reference_poc22_position_0_blk9 shared_expert=REQUIRED shared_graph_created=YES residual_add=YES final_composition=PASS
ffn_timing tensor=blk.1.ffn_gate_inp.weight payload_ready_ns=4264085541760 first_consumer_start_ns=4264221992681 payload_to_first_consumer_ns=136450921
ffn_timing tensor=blk.1.ffn_gate_shexp.weight payload_ready_ns=4270741130124 first_consumer_start_ns=4270883621296 payload_to_first_consumer_ns=142491172
ffn_timing tensor=blk.1.ffn_gate_exps.weight payload_ready_ns=4264430947704 first_consumer_start_ns=4264567518955 payload_to_first_consumer_ns=136571251
reference_poc22_position_0_blk9 full_layer_residency_hits=46 misses=51 evictions=15 source_reads=23 source_bytes=20402176 materialization_requests=23 resident_tensors_after=8
reference_poc22_position_0_blk9 full_layer_peak_active_persistent_bytes=1622016 full_layer_peak_resident_bytes=8312832
reference_poc22_position_0_blk9 first_payload_to_shared_compute_start_ns=6922873195 execution_ready_to_consumer_ns=NOT_INSTRUMENTED payload_to_first_useful_compute=NOT_INSTRUMENTED
poc22_position_0_blk9_attention_parity max_abs=0 max_rel=0 mean_abs=0 tolerance=1e-5
poc22_position_0_blk9_block_parity max_abs=0 max_rel=0 mean_abs=0 tolerance=1e-5
poc22_position_0 block_handoff block=10 handoff_ns=312077 activation_copy_bytes=0
attention_timing tensor=blk.1.attn_norm.weight payload_ready_ns=4165943377826 first_consumer_start_ns=4271962070556 payload_to_first_consumer_ns=106018692730
attention_timing tensor=blk.1.attn_q.weight payload_ready_ns=4165987887583 first_consumer_start_ns=4272324755647 payload_to_first_consumer_ns=106336868064
attention_timing tensor=blk.1.attn_kv_a_mqa.weight payload_ready_ns=4166024115135 first_consumer_start_ns=4272689578277 payload_to_first_consumer_ns=106665463142
attention_timing tensor=blk.1.attn_kv_a_norm.weight payload_ready_ns=4166096322368 first_consumer_start_ns=4273053426010 payload_to_first_consumer_ns=106957103642
attention_timing tensor=blk.1.attn_kv_b.weight payload_ready_ns=4166131406860 first_consumer_start_ns=4273407754063 payload_to_first_consumer_ns=107276347203
attention_timing tensor=blk.1.attn_output.weight payload_ready_ns=4166174744099 first_consumer_start_ns=4273770596692 payload_to_first_consumer_ns=107595852593
poc22_position_0_blk10 position=0 state_k_positions=1 state_v_positions=1 attention_probs=1,1,1,1,1,1,1,1,1,1,1,1,1,1,1,1,
reference_attention position=0 state_k_positions=1 state_v_positions=1 attention_probs=1,1,1,1,1,1,1,1,1,1,1,1,1,1,1,1,
normalized_input_parity max_abs=0 max_rel=0 mean_abs=0 tolerance=1e-5
router_score_parity max_abs=1.19209e-06 max_rel=1.36262e-05 mean_abs=2.24354e-07 tolerance=1e-5
selected_weight_parity max_abs=7.45058e-08 max_rel=4.90769e-07 mean_abs=4.222e-08 tolerance=1e-5
poc22_position_0_blk10 topk_ids=43,21,11,22,54,57 normalized_weights=0.191831,0.174109,0.17095,0.164383,0.151814,0.146913,
poc22_position_0_blk10_routed expert_rank=0 expert_id=43 router_rank=0 graph_created=YES graph_refs=gate:0,up:1,down:2 storage_ref_base=110129 score_preserved=YES
poc22_position_0_blk10_routed expert_id=43 selected_range tensor=blk.1.ffn_gate_exps.weight offset=1772920040 bytes=563200 layout=DIRECT
poc22_position_0_blk10_routed expert_id=43 selected_range tensor=blk.1.ffn_up_exps.weight offset=1808964856 bytes=563200 layout=DIRECT
poc22_position_0_blk10_routed expert_id=43 selected_range tensor=blk.1.ffn_down_exps.weight offset=1890538760 bytes=1622016 layout=DIRECT
poc22_position_0_blk10_routed prefetch expert_id=43 tensor=blk.1.ffn_gate_exps.weight dependency_distance=0
poc22_position_0_blk10_routed prefetch expert_id=43 tensor=blk.1.ffn_up_exps.weight dependency_distance=0
poc22_position_0_blk10_routed prefetch expert_id=43 tensor=blk.1.ffn_down_exps.weight dependency_distance=2
expert_parity max_abs=0 max_rel=0 mean_abs=0 tolerance=1e-5
poc22_position_0_blk10_routed expert_id=43 consumer_wait=not_instrumented acquire_release=recorded peak_active=1622016 peak_resident=66776064
poc22_position_0_blk10_routed expert_rank=1 expert_id=21 router_rank=1 graph_created=YES graph_refs=gate:0,up:1,down:2 storage_ref_base=110063 score_preserved=YES
poc22_position_0_blk10_routed expert_id=21 selected_range tensor=blk.1.ffn_gate_exps.weight offset=1760529640 bytes=563200 layout=DIRECT
poc22_position_0_blk10_routed expert_id=21 selected_range tensor=blk.1.ffn_up_exps.weight offset=1796574456 bytes=563200 layout=DIRECT
poc22_position_0_blk10_routed expert_id=21 selected_range tensor=blk.1.ffn_down_exps.weight offset=1854854408 bytes=1622016 layout=DIRECT
poc22_position_0_blk10_routed prefetch expert_id=21 tensor=blk.1.ffn_gate_exps.weight dependency_distance=0
poc22_position_0_blk10_routed prefetch expert_id=21 tensor=blk.1.ffn_up_exps.weight dependency_distance=0
poc22_position_0_blk10_routed prefetch expert_id=21 tensor=blk.1.ffn_down_exps.weight dependency_distance=2
expert_parity max_abs=0 max_rel=0 mean_abs=0 tolerance=1e-5
poc22_position_0_blk10_routed expert_id=21 consumer_wait=not_instrumented acquire_release=recorded peak_active=1622016 peak_resident=66776064
poc22_position_0_blk10_routed expert_rank=2 expert_id=11 router_rank=2 graph_created=YES graph_refs=gate:0,up:1,down:2 storage_ref_base=110033 score_preserved=YES
poc22_position_0_blk10_routed expert_id=11 selected_range tensor=blk.1.ffn_gate_exps.weight offset=1754897640 bytes=563200 layout=DIRECT
poc22_position_0_blk10_routed expert_id=11 selected_range tensor=blk.1.ffn_up_exps.weight offset=1790942456 bytes=563200 layout=DIRECT
poc22_position_0_blk10_routed expert_id=11 selected_range tensor=blk.1.ffn_down_exps.weight offset=1838634248 bytes=1622016 layout=DIRECT
poc22_position_0_blk10_routed prefetch expert_id=11 tensor=blk.1.ffn_gate_exps.weight dependency_distance=0
poc22_position_0_blk10_routed prefetch expert_id=11 tensor=blk.1.ffn_up_exps.weight dependency_distance=0
poc22_position_0_blk10_routed prefetch expert_id=11 tensor=blk.1.ffn_down_exps.weight dependency_distance=2
expert_parity max_abs=0 max_rel=0 mean_abs=0 tolerance=1e-5
poc22_position_0_blk10_routed expert_id=11 consumer_wait=not_instrumented acquire_release=recorded peak_active=1622016 peak_resident=66776064
poc22_position_0_blk10_routed expert_rank=3 expert_id=22 router_rank=3 graph_created=YES graph_refs=gate:0,up:1,down:2 storage_ref_base=110066 score_preserved=YES
poc22_position_0_blk10_routed expert_id=22 selected_range tensor=blk.1.ffn_gate_exps.weight offset=1761092840 bytes=563200 layout=DIRECT
poc22_position_0_blk10_routed expert_id=22 selected_range tensor=blk.1.ffn_up_exps.weight offset=1797137656 bytes=563200 layout=DIRECT
poc22_position_0_blk10_routed expert_id=22 selected_range tensor=blk.1.ffn_down_exps.weight offset=1856476424 bytes=1622016 layout=DIRECT
poc22_position_0_blk10_routed prefetch expert_id=22 tensor=blk.1.ffn_gate_exps.weight dependency_distance=0
poc22_position_0_blk10_routed prefetch expert_id=22 tensor=blk.1.ffn_up_exps.weight dependency_distance=0
poc22_position_0_blk10_routed prefetch expert_id=22 tensor=blk.1.ffn_down_exps.weight dependency_distance=2
expert_parity max_abs=0 max_rel=0 mean_abs=0 tolerance=1e-5
poc22_position_0_blk10_routed expert_id=22 consumer_wait=not_instrumented acquire_release=recorded peak_active=1622016 peak_resident=66776064
poc22_position_0_blk10_routed expert_rank=4 expert_id=54 router_rank=4 graph_created=YES graph_refs=gate:0,up:1,down:2 storage_ref_base=110162 score_preserved=YES
poc22_position_0_blk10_routed expert_id=54 selected_range tensor=blk.1.ffn_gate_exps.weight offset=1779115240 bytes=563200 layout=DIRECT
poc22_position_0_blk10_routed expert_id=54 selected_range tensor=blk.1.ffn_up_exps.weight offset=1815160056 bytes=563200 layout=DIRECT
poc22_position_0_blk10_routed expert_id=54 selected_range tensor=blk.1.ffn_down_exps.weight offset=1908380936 bytes=1622016 layout=DIRECT
poc22_position_0_blk10_routed prefetch expert_id=54 tensor=blk.1.ffn_gate_exps.weight dependency_distance=0
poc22_position_0_blk10_routed prefetch expert_id=54 tensor=blk.1.ffn_up_exps.weight dependency_distance=0
poc22_position_0_blk10_routed prefetch expert_id=54 tensor=blk.1.ffn_down_exps.weight dependency_distance=2
expert_parity max_abs=0 max_rel=0 mean_abs=0 tolerance=1e-5
poc22_position_0_blk10_routed expert_id=54 consumer_wait=not_instrumented acquire_release=recorded peak_active=1622016 peak_resident=66212864
poc22_position_0_blk10_routed expert_rank=5 expert_id=57 router_rank=5 graph_created=YES graph_refs=gate:0,up:1,down:2 storage_ref_base=110171 score_preserved=YES
poc22_position_0_blk10_routed expert_id=57 selected_range tensor=blk.1.ffn_gate_exps.weight offset=1780804840 bytes=563200 layout=DIRECT
poc22_position_0_blk10_routed expert_id=57 selected_range tensor=blk.1.ffn_up_exps.weight offset=1816849656 bytes=563200 layout=DIRECT
poc22_position_0_blk10_routed expert_id=57 selected_range tensor=blk.1.ffn_down_exps.weight offset=1913246984 bytes=1622016 layout=DIRECT
poc22_position_0_blk10_routed prefetch expert_id=57 tensor=blk.1.ffn_gate_exps.weight dependency_distance=0
poc22_position_0_blk10_routed prefetch expert_id=57 tensor=blk.1.ffn_up_exps.weight dependency_distance=0
poc22_position_0_blk10_routed prefetch expert_id=57 tensor=blk.1.ffn_down_exps.weight dependency_distance=2
expert_parity max_abs=0 max_rel=0 mean_abs=0 tolerance=1e-5
poc22_position_0_blk10_routed expert_id=57 consumer_wait=not_instrumented acquire_release=recorded peak_active=1622016 peak_resident=66708480
poc22_position_0_blk10_routed residency_hits=36 residency_misses=42 source_reads=18 materialization_requests=18 source_policy_calls=18 evictions=17 resident_tensors_after=84
routed_merge_parity max_abs=0 max_rel=0 mean_abs=0 tolerance=1e-5
shared_expert_parity max_abs=0 max_rel=0 mean_abs=0 tolerance=1e-5
pre_residual_composition_parity max_abs=0 max_rel=0 mean_abs=0 tolerance=1e-5
final_layer_parity max_abs=0 max_rel=0 mean_abs=0 tolerance=1e-5
poc22_position_0_blk10 shared_expert=REQUIRED shared_graph_created=YES residual_add=YES final_composition=PASS
ffn_timing tensor=blk.1.ffn_gate_inp.weight payload_ready_ns=4274360190064 first_consumer_start_ns=4274507058563 payload_to_first_consumer_ns=146868499
ffn_timing tensor=blk.1.ffn_gate_shexp.weight payload_ready_ns=4281739169191 first_consumer_start_ns=4281891560619 payload_to_first_consumer_ns=152391428
ffn_timing tensor=blk.1.ffn_gate_exps.weight payload_ready_ns=4274783937532 first_consumer_start_ns=4274931766637 payload_to_first_consumer_ns=147829105
poc22_position_0_blk10 full_layer_residency_hits=46 misses=51 evictions=26 source_reads=23 source_bytes=20402176 materialization_requests=23 resident_tensors_after=79
poc22_position_0_blk10 full_layer_peak_active_persistent_bytes=1622016 full_layer_peak_resident_bytes=66776064
poc22_position_0_blk10 first_payload_to_shared_compute_start_ns=7661057823 execution_ready_to_consumer_ns=NOT_INSTRUMENTED payload_to_first_useful_compute=NOT_INSTRUMENTED
normalized_input_parity max_abs=0 max_rel=0 mean_abs=0 tolerance=1e-5
router_score_parity max_abs=1.19209e-06 max_rel=1.36262e-05 mean_abs=2.24354e-07 tolerance=1e-5
selected_weight_parity max_abs=7.45058e-08 max_rel=4.90769e-07 mean_abs=4.222e-08 tolerance=1e-5
reference_poc22_position_0_blk10 topk_ids=43,21,11,22,54,57 normalized_weights=0.191831,0.174109,0.17095,0.164383,0.151814,0.146913,
reference_poc22_position_0_blk10_routed expert_rank=0 expert_id=43 router_rank=0 graph_created=YES graph_refs=gate:0,up:1,down:2 storage_ref_base=110129 score_preserved=YES
reference_poc22_position_0_blk10_routed expert_id=43 selected_range tensor=blk.1.ffn_gate_exps.weight offset=1772920040 bytes=563200 layout=DIRECT
reference_poc22_position_0_blk10_routed expert_id=43 selected_range tensor=blk.1.ffn_up_exps.weight offset=1808964856 bytes=563200 layout=DIRECT
reference_poc22_position_0_blk10_routed expert_id=43 selected_range tensor=blk.1.ffn_down_exps.weight offset=1890538760 bytes=1622016 layout=DIRECT
reference_poc22_position_0_blk10_routed prefetch expert_id=43 tensor=blk.1.ffn_gate_exps.weight dependency_distance=0
reference_poc22_position_0_blk10_routed prefetch expert_id=43 tensor=blk.1.ffn_up_exps.weight dependency_distance=0
reference_poc22_position_0_blk10_routed prefetch expert_id=43 tensor=blk.1.ffn_down_exps.weight dependency_distance=2
expert_parity max_abs=0 max_rel=0 mean_abs=0 tolerance=1e-5
reference_poc22_position_0_blk10_routed expert_id=43 consumer_wait=not_instrumented acquire_release=recorded peak_active=1622016 peak_resident=3280896
reference_poc22_position_0_blk10_routed expert_rank=1 expert_id=21 router_rank=1 graph_created=YES graph_refs=gate:0,up:1,down:2 storage_ref_base=110063 score_preserved=YES
reference_poc22_position_0_blk10_routed expert_id=21 selected_range tensor=blk.1.ffn_gate_exps.weight offset=1760529640 bytes=563200 layout=DIRECT
reference_poc22_position_0_blk10_routed expert_id=21 selected_range tensor=blk.1.ffn_up_exps.weight offset=1796574456 bytes=563200 layout=DIRECT
reference_poc22_position_0_blk10_routed expert_id=21 selected_range tensor=blk.1.ffn_down_exps.weight offset=1854854408 bytes=1622016 layout=DIRECT
reference_poc22_position_0_blk10_routed prefetch expert_id=21 tensor=blk.1.ffn_gate_exps.weight dependency_distance=0
reference_poc22_position_0_blk10_routed prefetch expert_id=21 tensor=blk.1.ffn_up_exps.weight dependency_distance=0
reference_poc22_position_0_blk10_routed prefetch expert_id=21 tensor=blk.1.ffn_down_exps.weight dependency_distance=2
expert_parity max_abs=0 max_rel=0 mean_abs=0 tolerance=1e-5
reference_poc22_position_0_blk10_routed expert_id=21 consumer_wait=not_instrumented acquire_release=recorded peak_active=1622016 peak_resident=6029312
reference_poc22_position_0_blk10_routed expert_rank=2 expert_id=11 router_rank=2 graph_created=YES graph_refs=gate:0,up:1,down:2 storage_ref_base=110033 score_preserved=YES
reference_poc22_position_0_blk10_routed expert_id=11 selected_range tensor=blk.1.ffn_gate_exps.weight offset=1754897640 bytes=563200 layout=DIRECT
reference_poc22_position_0_blk10_routed expert_id=11 selected_range tensor=blk.1.ffn_up_exps.weight offset=1790942456 bytes=563200 layout=DIRECT
reference_poc22_position_0_blk10_routed expert_id=11 selected_range tensor=blk.1.ffn_down_exps.weight offset=1838634248 bytes=1622016 layout=DIRECT
reference_poc22_position_0_blk10_routed prefetch expert_id=11 tensor=blk.1.ffn_gate_exps.weight dependency_distance=0
reference_poc22_position_0_blk10_routed prefetch expert_id=11 tensor=blk.1.ffn_up_exps.weight dependency_distance=0
reference_poc22_position_0_blk10_routed prefetch expert_id=11 tensor=blk.1.ffn_down_exps.weight dependency_distance=2
expert_parity max_abs=0 max_rel=0 mean_abs=0 tolerance=1e-5
reference_poc22_position_0_blk10_routed expert_id=11 consumer_wait=not_instrumented acquire_release=recorded peak_active=1622016 peak_resident=8245248
reference_poc22_position_0_blk10_routed expert_rank=3 expert_id=22 router_rank=3 graph_created=YES graph_refs=gate:0,up:1,down:2 storage_ref_base=110066 score_preserved=YES
reference_poc22_position_0_blk10_routed expert_id=22 selected_range tensor=blk.1.ffn_gate_exps.weight offset=1761092840 bytes=563200 layout=DIRECT
reference_poc22_position_0_blk10_routed expert_id=22 selected_range tensor=blk.1.ffn_up_exps.weight offset=1797137656 bytes=563200 layout=DIRECT
reference_poc22_position_0_blk10_routed expert_id=22 selected_range tensor=blk.1.ffn_down_exps.weight offset=1856476424 bytes=1622016 layout=DIRECT
reference_poc22_position_0_blk10_routed prefetch expert_id=22 tensor=blk.1.ffn_gate_exps.weight dependency_distance=0
reference_poc22_position_0_blk10_routed prefetch expert_id=22 tensor=blk.1.ffn_up_exps.weight dependency_distance=0
reference_poc22_position_0_blk10_routed prefetch expert_id=22 tensor=blk.1.ffn_down_exps.weight dependency_distance=2
expert_parity max_abs=0 max_rel=0 mean_abs=0 tolerance=1e-5
reference_poc22_position_0_blk10_routed expert_id=22 consumer_wait=not_instrumented acquire_release=recorded peak_active=1622016 peak_resident=8245248
reference_poc22_position_0_blk10_routed expert_rank=4 expert_id=54 router_rank=4 graph_created=YES graph_refs=gate:0,up:1,down:2 storage_ref_base=110162 score_preserved=YES
reference_poc22_position_0_blk10_routed expert_id=54 selected_range tensor=blk.1.ffn_gate_exps.weight offset=1779115240 bytes=563200 layout=DIRECT
reference_poc22_position_0_blk10_routed expert_id=54 selected_range tensor=blk.1.ffn_up_exps.weight offset=1815160056 bytes=563200 layout=DIRECT
reference_poc22_position_0_blk10_routed expert_id=54 selected_range tensor=blk.1.ffn_down_exps.weight offset=1908380936 bytes=1622016 layout=DIRECT
reference_poc22_position_0_blk10_routed prefetch expert_id=54 tensor=blk.1.ffn_gate_exps.weight dependency_distance=0
reference_poc22_position_0_blk10_routed prefetch expert_id=54 tensor=blk.1.ffn_up_exps.weight dependency_distance=0
reference_poc22_position_0_blk10_routed prefetch expert_id=54 tensor=blk.1.ffn_down_exps.weight dependency_distance=2
expert_parity max_abs=0 max_rel=0 mean_abs=0 tolerance=1e-5
reference_poc22_position_0_blk10_routed expert_id=54 consumer_wait=not_instrumented acquire_release=recorded peak_active=1622016 peak_resident=8245248
reference_poc22_position_0_blk10_routed expert_rank=5 expert_id=57 router_rank=5 graph_created=YES graph_refs=gate:0,up:1,down:2 storage_ref_base=110171 score_preserved=YES
reference_poc22_position_0_blk10_routed expert_id=57 selected_range tensor=blk.1.ffn_gate_exps.weight offset=1780804840 bytes=563200 layout=DIRECT
reference_poc22_position_0_blk10_routed expert_id=57 selected_range tensor=blk.1.ffn_up_exps.weight offset=1816849656 bytes=563200 layout=DIRECT
reference_poc22_position_0_blk10_routed expert_id=57 selected_range tensor=blk.1.ffn_down_exps.weight offset=1913246984 bytes=1622016 layout=DIRECT
reference_poc22_position_0_blk10_routed prefetch expert_id=57 tensor=blk.1.ffn_gate_exps.weight dependency_distance=0
reference_poc22_position_0_blk10_routed prefetch expert_id=57 tensor=blk.1.ffn_up_exps.weight dependency_distance=0
reference_poc22_position_0_blk10_routed prefetch expert_id=57 tensor=blk.1.ffn_down_exps.weight dependency_distance=2
expert_parity max_abs=0 max_rel=0 mean_abs=0 tolerance=1e-5
reference_poc22_position_0_blk10_routed expert_id=57 consumer_wait=not_instrumented acquire_release=recorded peak_active=1622016 peak_resident=8245248
reference_poc22_position_0_blk10_routed residency_hits=36 residency_misses=42 source_reads=18 materialization_requests=18 source_policy_calls=18 evictions=11 resident_tensors_after=9
routed_merge_parity max_abs=0 max_rel=0 mean_abs=0 tolerance=1e-5
shared_expert_parity max_abs=0 max_rel=0 mean_abs=0 tolerance=1e-5
pre_residual_composition_parity max_abs=0 max_rel=0 mean_abs=0 tolerance=1e-5
final_layer_parity max_abs=0 max_rel=0 mean_abs=0 tolerance=1e-5
reference_poc22_position_0_blk10 shared_expert=REQUIRED shared_graph_created=YES residual_add=YES final_composition=PASS
ffn_timing tensor=blk.1.ffn_gate_inp.weight payload_ready_ns=4283240855596 first_consumer_start_ns=4283389061068 payload_to_first_consumer_ns=148205472
ffn_timing tensor=blk.1.ffn_gate_shexp.weight payload_ready_ns=4290460442979 first_consumer_start_ns=4290615019905 payload_to_first_consumer_ns=154576926
ffn_timing tensor=blk.1.ffn_gate_exps.weight payload_ready_ns=4283616070180 first_consumer_start_ns=4283764846141 payload_to_first_consumer_ns=148775961
reference_poc22_position_0_blk10 full_layer_residency_hits=46 misses=51 evictions=15 source_reads=23 source_bytes=20402176 materialization_requests=23 resident_tensors_after=8
reference_poc22_position_0_blk10 full_layer_peak_active_persistent_bytes=1622016 full_layer_peak_resident_bytes=8312832
reference_poc22_position_0_blk10 first_payload_to_shared_compute_start_ns=7510299444 execution_ready_to_consumer_ns=NOT_INSTRUMENTED payload_to_first_useful_compute=NOT_INSTRUMENTED
poc22_position_0_blk10_attention_parity max_abs=0 max_rel=0 mean_abs=0 tolerance=1e-5
poc22_position_0_blk10_block_parity max_abs=0 max_rel=0 mean_abs=0 tolerance=1e-5
poc22_position_0 block_handoff block=11 handoff_ns=333951 activation_copy_bytes=0
attention_timing tensor=blk.1.attn_norm.weight payload_ready_ns=4165943377826 first_consumer_start_ns=4291785187749 payload_to_first_consumer_ns=125841809923
attention_timing tensor=blk.1.attn_q.weight payload_ready_ns=4165987887583 first_consumer_start_ns=4292177988099 payload_to_first_consumer_ns=126190100516
attention_timing tensor=blk.1.attn_kv_a_mqa.weight payload_ready_ns=4166024115135 first_consumer_start_ns=4292574576081 payload_to_first_consumer_ns=126550460946
attention_timing tensor=blk.1.attn_kv_a_norm.weight payload_ready_ns=4166096322368 first_consumer_start_ns=4292969909962 payload_to_first_consumer_ns=126873587594
attention_timing tensor=blk.1.attn_kv_b.weight payload_ready_ns=4166131406860 first_consumer_start_ns=4293364087910 payload_to_first_consumer_ns=127232681050
attention_timing tensor=blk.1.attn_output.weight payload_ready_ns=4166174744099 first_consumer_start_ns=4293758826345 payload_to_first_consumer_ns=127584082246
poc22_position_0_blk11 position=0 state_k_positions=1 state_v_positions=1 attention_probs=1,1,1,1,1,1,1,1,1,1,1,1,1,1,1,1,
reference_attention position=0 state_k_positions=1 state_v_positions=1 attention_probs=1,1,1,1,1,1,1,1,1,1,1,1,1,1,1,1,
normalized_input_parity max_abs=0 max_rel=0 mean_abs=0 tolerance=1e-5
router_score_parity max_abs=1.01328e-06 max_rel=0.000106693 mean_abs=2.68894e-07 tolerance=1e-5
selected_weight_parity max_abs=1.93715e-07 max_rel=8.39241e-07 mean_abs=8.19564e-08 tolerance=1e-5
poc22_position_0_blk11 topk_ids=61,37,60,59,52,40 normalized_weights=0.230821,0.213925,0.173446,0.139755,0.123471,0.118582,
poc22_position_0_blk11_routed expert_rank=0 expert_id=61 router_rank=0 graph_created=YES graph_refs=gate:0,up:1,down:2 storage_ref_base=120183 score_preserved=YES
poc22_position_0_blk11_routed expert_id=61 selected_range tensor=blk.1.ffn_gate_exps.weight offset=1965828528 bytes=563200 layout=DIRECT
poc22_position_0_blk11_routed expert_id=61 selected_range tensor=blk.1.ffn_up_exps.weight offset=2001873344 bytes=563200 layout=DIRECT
poc22_position_0_blk11_routed expert_id=61 selected_range tensor=blk.1.ffn_down_exps.weight offset=2102505936 bytes=1622016 layout=DIRECT
poc22_position_0_blk11_routed prefetch expert_id=61 tensor=blk.1.ffn_gate_exps.weight dependency_distance=0
poc22_position_0_blk11_routed prefetch expert_id=61 tensor=blk.1.ffn_up_exps.weight dependency_distance=0
poc22_position_0_blk11_routed prefetch expert_id=61 tensor=blk.1.ffn_down_exps.weight dependency_distance=2
expert_parity max_abs=0 max_rel=0 mean_abs=0 tolerance=1e-5
poc22_position_0_blk11_routed expert_id=61 consumer_wait=not_instrumented acquire_release=recorded peak_active=1622016 peak_resident=66776064
poc22_position_0_blk11_routed expert_rank=1 expert_id=37 router_rank=1 graph_created=YES graph_refs=gate:0,up:1,down:2 storage_ref_base=120111 score_preserved=YES
poc22_position_0_blk11_routed expert_id=37 selected_range tensor=blk.1.ffn_gate_exps.weight offset=1952311728 bytes=563200 layout=DIRECT
poc22_position_0_blk11_routed expert_id=37 selected_range tensor=blk.1.ffn_up_exps.weight offset=1988356544 bytes=563200 layout=DIRECT
poc22_position_0_blk11_routed expert_id=37 selected_range tensor=blk.1.ffn_down_exps.weight offset=2063577552 bytes=1622016 layout=DIRECT
poc22_position_0_blk11_routed prefetch expert_id=37 tensor=blk.1.ffn_gate_exps.weight dependency_distance=0
poc22_position_0_blk11_routed prefetch expert_id=37 tensor=blk.1.ffn_up_exps.weight dependency_distance=0
poc22_position_0_blk11_routed prefetch expert_id=37 tensor=blk.1.ffn_down_exps.weight dependency_distance=2
expert_parity max_abs=0 max_rel=0 mean_abs=0 tolerance=1e-5
poc22_position_0_blk11_routed expert_id=37 consumer_wait=not_instrumented acquire_release=recorded peak_active=1622016 peak_resident=66776064
poc22_position_0_blk11_routed expert_rank=2 expert_id=60 router_rank=2 graph_created=YES graph_refs=gate:0,up:1,down:2 storage_ref_base=120180 score_preserved=YES
poc22_position_0_blk11_routed expert_id=60 selected_range tensor=blk.1.ffn_gate_exps.weight offset=1965265328 bytes=563200 layout=DIRECT
poc22_position_0_blk11_routed expert_id=60 selected_range tensor=blk.1.ffn_up_exps.weight offset=2001310144 bytes=563200 layout=DIRECT
poc22_position_0_blk11_routed expert_id=60 selected_range tensor=blk.1.ffn_down_exps.weight offset=2100883920 bytes=1622016 layout=DIRECT
poc22_position_0_blk11_routed prefetch expert_id=60 tensor=blk.1.ffn_gate_exps.weight dependency_distance=0
poc22_position_0_blk11_routed prefetch expert_id=60 tensor=blk.1.ffn_up_exps.weight dependency_distance=0
poc22_position_0_blk11_routed prefetch expert_id=60 tensor=blk.1.ffn_down_exps.weight dependency_distance=2
expert_parity max_abs=0 max_rel=0 mean_abs=0 tolerance=1e-5
poc22_position_0_blk11_routed expert_id=60 consumer_wait=not_instrumented acquire_release=recorded peak_active=1622016 peak_resident=66776064
poc22_position_0_blk11_routed expert_rank=3 expert_id=59 router_rank=3 graph_created=YES graph_refs=gate:0,up:1,down:2 storage_ref_base=120177 score_preserved=YES
poc22_position_0_blk11_routed expert_id=59 selected_range tensor=blk.1.ffn_gate_exps.weight offset=1964702128 bytes=563200 layout=DIRECT
poc22_position_0_blk11_routed expert_id=59 selected_range tensor=blk.1.ffn_up_exps.weight offset=2000746944 bytes=563200 layout=DIRECT
poc22_position_0_blk11_routed expert_id=59 selected_range tensor=blk.1.ffn_down_exps.weight offset=2099261904 bytes=1622016 layout=DIRECT
poc22_position_0_blk11_routed prefetch expert_id=59 tensor=blk.1.ffn_gate_exps.weight dependency_distance=0
poc22_position_0_blk11_routed prefetch expert_id=59 tensor=blk.1.ffn_up_exps.weight dependency_distance=0
poc22_position_0_blk11_routed prefetch expert_id=59 tensor=blk.1.ffn_down_exps.weight dependency_distance=2
expert_parity max_abs=0 max_rel=0 mean_abs=0 tolerance=1e-5
poc22_position_0_blk11_routed expert_id=59 consumer_wait=not_instrumented acquire_release=recorded peak_active=1622016 peak_resident=66776064
poc22_position_0_blk11_routed expert_rank=4 expert_id=52 router_rank=4 graph_created=YES graph_refs=gate:0,up:1,down:2 storage_ref_base=120156 score_preserved=YES
poc22_position_0_blk11_routed expert_id=52 selected_range tensor=blk.1.ffn_gate_exps.weight offset=1960759728 bytes=563200 layout=DIRECT
poc22_position_0_blk11_routed expert_id=52 selected_range tensor=blk.1.ffn_up_exps.weight offset=1996804544 bytes=563200 layout=DIRECT
poc22_position_0_blk11_routed expert_id=52 selected_range tensor=blk.1.ffn_down_exps.weight offset=2087907792 bytes=1622016 layout=DIRECT
poc22_position_0_blk11_routed prefetch expert_id=52 tensor=blk.1.ffn_gate_exps.weight dependency_distance=0
poc22_position_0_blk11_routed prefetch expert_id=52 tensor=blk.1.ffn_up_exps.weight dependency_distance=0
poc22_position_0_blk11_routed prefetch expert_id=52 tensor=blk.1.ffn_down_exps.weight dependency_distance=2
expert_parity max_abs=0 max_rel=0 mean_abs=0 tolerance=1e-5
poc22_position_0_blk11_routed expert_id=52 consumer_wait=not_instrumented acquire_release=recorded peak_active=1622016 peak_resident=66212864
poc22_position_0_blk11_routed expert_rank=5 expert_id=40 router_rank=5 graph_created=YES graph_refs=gate:0,up:1,down:2 storage_ref_base=120120 score_preserved=YES
poc22_position_0_blk11_routed expert_id=40 selected_range tensor=blk.1.ffn_gate_exps.weight offset=1954001328 bytes=563200 layout=DIRECT
poc22_position_0_blk11_routed expert_id=40 selected_range tensor=blk.1.ffn_up_exps.weight offset=1990046144 bytes=563200 layout=DIRECT
poc22_position_0_blk11_routed expert_id=40 selected_range tensor=blk.1.ffn_down_exps.weight offset=2068443600 bytes=1622016 layout=DIRECT
poc22_position_0_blk11_routed prefetch expert_id=40 tensor=blk.1.ffn_gate_exps.weight dependency_distance=0
poc22_position_0_blk11_routed prefetch expert_id=40 tensor=blk.1.ffn_up_exps.weight dependency_distance=0
poc22_position_0_blk11_routed prefetch expert_id=40 tensor=blk.1.ffn_down_exps.weight dependency_distance=2
expert_parity max_abs=0 max_rel=0 mean_abs=0 tolerance=1e-5
poc22_position_0_blk11_routed expert_id=40 consumer_wait=not_instrumented acquire_release=recorded peak_active=1622016 peak_resident=66708480
poc22_position_0_blk11_routed residency_hits=36 residency_misses=42 source_reads=18 materialization_requests=18 source_policy_calls=18 evictions=17 resident_tensors_after=84
routed_merge_parity max_abs=0 max_rel=0 mean_abs=0 tolerance=1e-5
shared_expert_parity max_abs=0 max_rel=0 mean_abs=0 tolerance=1e-5
pre_residual_composition_parity max_abs=0 max_rel=0 mean_abs=0 tolerance=1e-5
final_layer_parity max_abs=0 max_rel=0 mean_abs=0 tolerance=1e-5
poc22_position_0_blk11 shared_expert=REQUIRED shared_graph_created=YES residual_add=YES final_composition=PASS
ffn_timing tensor=blk.1.ffn_gate_inp.weight payload_ready_ns=4294399645295 first_consumer_start_ns=4294558772045 payload_to_first_consumer_ns=159126750
ffn_timing tensor=blk.1.ffn_gate_shexp.weight payload_ready_ns=4302277199320 first_consumer_start_ns=4302441644836 payload_to_first_consumer_ns=164445516
ffn_timing tensor=blk.1.ffn_gate_exps.weight payload_ready_ns=4294853234821 first_consumer_start_ns=4295013780082 payload_to_first_consumer_ns=160545261
poc22_position_0_blk11 full_layer_residency_hits=46 misses=51 evictions=26 source_reads=23 source_bytes=20402176 materialization_requests=23 resident_tensors_after=79
poc22_position_0_blk11 full_layer_peak_active_persistent_bytes=1622016 full_layer_peak_resident_bytes=66776064
poc22_position_0_blk11 first_payload_to_shared_compute_start_ns=8185738854 execution_ready_to_consumer_ns=NOT_INSTRUMENTED payload_to_first_useful_compute=NOT_INSTRUMENTED
normalized_input_parity max_abs=0 max_rel=0 mean_abs=0 tolerance=1e-5
router_score_parity max_abs=1.01328e-06 max_rel=0.000106693 mean_abs=2.68894e-07 tolerance=1e-5
selected_weight_parity max_abs=1.93715e-07 max_rel=8.39241e-07 mean_abs=8.19564e-08 tolerance=1e-5
reference_poc22_position_0_blk11 topk_ids=61,37,60,59,52,40 normalized_weights=0.230821,0.213925,0.173446,0.139755,0.123471,0.118582,
reference_poc22_position_0_blk11_routed expert_rank=0 expert_id=61 router_rank=0 graph_created=YES graph_refs=gate:0,up:1,down:2 storage_ref_base=120183 score_preserved=YES
reference_poc22_position_0_blk11_routed expert_id=61 selected_range tensor=blk.1.ffn_gate_exps.weight offset=1965828528 bytes=563200 layout=DIRECT
reference_poc22_position_0_blk11_routed expert_id=61 selected_range tensor=blk.1.ffn_up_exps.weight offset=2001873344 bytes=563200 layout=DIRECT
reference_poc22_position_0_blk11_routed expert_id=61 selected_range tensor=blk.1.ffn_down_exps.weight offset=2102505936 bytes=1622016 layout=DIRECT
reference_poc22_position_0_blk11_routed prefetch expert_id=61 tensor=blk.1.ffn_gate_exps.weight dependency_distance=0
reference_poc22_position_0_blk11_routed prefetch expert_id=61 tensor=blk.1.ffn_up_exps.weight dependency_distance=0
reference_poc22_position_0_blk11_routed prefetch expert_id=61 tensor=blk.1.ffn_down_exps.weight dependency_distance=2
expert_parity max_abs=0 max_rel=0 mean_abs=0 tolerance=1e-5
reference_poc22_position_0_blk11_routed expert_id=61 consumer_wait=not_instrumented acquire_release=recorded peak_active=1622016 peak_resident=3280896
reference_poc22_position_0_blk11_routed expert_rank=1 expert_id=37 router_rank=1 graph_created=YES graph_refs=gate:0,up:1,down:2 storage_ref_base=120111 score_preserved=YES
reference_poc22_position_0_blk11_routed expert_id=37 selected_range tensor=blk.1.ffn_gate_exps.weight offset=1952311728 bytes=563200 layout=DIRECT
reference_poc22_position_0_blk11_routed expert_id=37 selected_range tensor=blk.1.ffn_up_exps.weight offset=1988356544 bytes=563200 layout=DIRECT
reference_poc22_position_0_blk11_routed expert_id=37 selected_range tensor=blk.1.ffn_down_exps.weight offset=2063577552 bytes=1622016 layout=DIRECT
reference_poc22_position_0_blk11_routed prefetch expert_id=37 tensor=blk.1.ffn_gate_exps.weight dependency_distance=0
reference_poc22_position_0_blk11_routed prefetch expert_id=37 tensor=blk.1.ffn_up_exps.weight dependency_distance=0
reference_poc22_position_0_blk11_routed prefetch expert_id=37 tensor=blk.1.ffn_down_exps.weight dependency_distance=2
expert_parity max_abs=0 max_rel=0 mean_abs=0 tolerance=1e-5
reference_poc22_position_0_blk11_routed expert_id=37 consumer_wait=not_instrumented acquire_release=recorded peak_active=1622016 peak_resident=6029312
reference_poc22_position_0_blk11_routed expert_rank=2 expert_id=60 router_rank=2 graph_created=YES graph_refs=gate:0,up:1,down:2 storage_ref_base=120180 score_preserved=YES
reference_poc22_position_0_blk11_routed expert_id=60 selected_range tensor=blk.1.ffn_gate_exps.weight offset=1965265328 bytes=563200 layout=DIRECT
reference_poc22_position_0_blk11_routed expert_id=60 selected_range tensor=blk.1.ffn_up_exps.weight offset=2001310144 bytes=563200 layout=DIRECT
reference_poc22_position_0_blk11_routed expert_id=60 selected_range tensor=blk.1.ffn_down_exps.weight offset=2100883920 bytes=1622016 layout=DIRECT
reference_poc22_position_0_blk11_routed prefetch expert_id=60 tensor=blk.1.ffn_gate_exps.weight dependency_distance=0
reference_poc22_position_0_blk11_routed prefetch expert_id=60 tensor=blk.1.ffn_up_exps.weight dependency_distance=0
reference_poc22_position_0_blk11_routed prefetch expert_id=60 tensor=blk.1.ffn_down_exps.weight dependency_distance=2
expert_parity max_abs=0 max_rel=0 mean_abs=0 tolerance=1e-5
reference_poc22_position_0_blk11_routed expert_id=60 consumer_wait=not_instrumented acquire_release=recorded peak_active=1622016 peak_resident=8245248
reference_poc22_position_0_blk11_routed expert_rank=3 expert_id=59 router_rank=3 graph_created=YES graph_refs=gate:0,up:1,down:2 storage_ref_base=120177 score_preserved=YES
reference_poc22_position_0_blk11_routed expert_id=59 selected_range tensor=blk.1.ffn_gate_exps.weight offset=1964702128 bytes=563200 layout=DIRECT
reference_poc22_position_0_blk11_routed expert_id=59 selected_range tensor=blk.1.ffn_up_exps.weight offset=2000746944 bytes=563200 layout=DIRECT
reference_poc22_position_0_blk11_routed expert_id=59 selected_range tensor=blk.1.ffn_down_exps.weight offset=2099261904 bytes=1622016 layout=DIRECT
reference_poc22_position_0_blk11_routed prefetch expert_id=59 tensor=blk.1.ffn_gate_exps.weight dependency_distance=0
reference_poc22_position_0_blk11_routed prefetch expert_id=59 tensor=blk.1.ffn_up_exps.weight dependency_distance=0
reference_poc22_position_0_blk11_routed prefetch expert_id=59 tensor=blk.1.ffn_down_exps.weight dependency_distance=2
expert_parity max_abs=0 max_rel=0 mean_abs=0 tolerance=1e-5
reference_poc22_position_0_blk11_routed expert_id=59 consumer_wait=not_instrumented acquire_release=recorded peak_active=1622016 peak_resident=8245248
reference_poc22_position_0_blk11_routed expert_rank=4 expert_id=52 router_rank=4 graph_created=YES graph_refs=gate:0,up:1,down:2 storage_ref_base=120156 score_preserved=YES
reference_poc22_position_0_blk11_routed expert_id=52 selected_range tensor=blk.1.ffn_gate_exps.weight offset=1960759728 bytes=563200 layout=DIRECT
reference_poc22_position_0_blk11_routed expert_id=52 selected_range tensor=blk.1.ffn_up_exps.weight offset=1996804544 bytes=563200 layout=DIRECT
reference_poc22_position_0_blk11_routed expert_id=52 selected_range tensor=blk.1.ffn_down_exps.weight offset=2087907792 bytes=1622016 layout=DIRECT
reference_poc22_position_0_blk11_routed prefetch expert_id=52 tensor=blk.1.ffn_gate_exps.weight dependency_distance=0
reference_poc22_position_0_blk11_routed prefetch expert_id=52 tensor=blk.1.ffn_up_exps.weight dependency_distance=0
reference_poc22_position_0_blk11_routed prefetch expert_id=52 tensor=blk.1.ffn_down_exps.weight dependency_distance=2
expert_parity max_abs=0 max_rel=0 mean_abs=0 tolerance=1e-5
reference_poc22_position_0_blk11_routed expert_id=52 consumer_wait=not_instrumented acquire_release=recorded peak_active=1622016 peak_resident=8245248
reference_poc22_position_0_blk11_routed expert_rank=5 expert_id=40 router_rank=5 graph_created=YES graph_refs=gate:0,up:1,down:2 storage_ref_base=120120 score_preserved=YES
reference_poc22_position_0_blk11_routed expert_id=40 selected_range tensor=blk.1.ffn_gate_exps.weight offset=1954001328 bytes=563200 layout=DIRECT
reference_poc22_position_0_blk11_routed expert_id=40 selected_range tensor=blk.1.ffn_up_exps.weight offset=1990046144 bytes=563200 layout=DIRECT
reference_poc22_position_0_blk11_routed expert_id=40 selected_range tensor=blk.1.ffn_down_exps.weight offset=2068443600 bytes=1622016 layout=DIRECT
reference_poc22_position_0_blk11_routed prefetch expert_id=40 tensor=blk.1.ffn_gate_exps.weight dependency_distance=0
reference_poc22_position_0_blk11_routed prefetch expert_id=40 tensor=blk.1.ffn_up_exps.weight dependency_distance=0
reference_poc22_position_0_blk11_routed prefetch expert_id=40 tensor=blk.1.ffn_down_exps.weight dependency_distance=2
expert_parity max_abs=0 max_rel=0 mean_abs=0 tolerance=1e-5
reference_poc22_position_0_blk11_routed expert_id=40 consumer_wait=not_instrumented acquire_release=recorded peak_active=1622016 peak_resident=8245248
reference_poc22_position_0_blk11_routed residency_hits=36 residency_misses=42 source_reads=18 materialization_requests=18 source_policy_calls=18 evictions=11 resident_tensors_after=9
routed_merge_parity max_abs=0 max_rel=0 mean_abs=0 tolerance=1e-5
shared_expert_parity max_abs=0 max_rel=0 mean_abs=0 tolerance=1e-5
pre_residual_composition_parity max_abs=0 max_rel=0 mean_abs=0 tolerance=1e-5
final_layer_parity max_abs=0 max_rel=0 mean_abs=0 tolerance=1e-5
reference_poc22_position_0_blk11 shared_expert=REQUIRED shared_graph_created=YES residual_add=YES final_composition=PASS
ffn_timing tensor=blk.1.ffn_gate_inp.weight payload_ready_ns=4303906011628 first_consumer_start_ns=4304065153669 payload_to_first_consumer_ns=159142041
ffn_timing tensor=blk.1.ffn_gate_shexp.weight payload_ready_ns=4311682210974 first_consumer_start_ns=4311848897360 payload_to_first_consumer_ns=166686386
ffn_timing tensor=blk.1.ffn_gate_exps.weight payload_ready_ns=4304309869878 first_consumer_start_ns=4304470501429 payload_to_first_consumer_ns=160631551
reference_poc22_position_0_blk11 full_layer_residency_hits=46 misses=51 evictions=15 source_reads=23 source_bytes=20402176 materialization_requests=23 resident_tensors_after=8
reference_poc22_position_0_blk11 full_layer_peak_active_persistent_bytes=1622016 full_layer_peak_resident_bytes=8312832
reference_poc22_position_0_blk11 first_payload_to_shared_compute_start_ns=8091518070 execution_ready_to_consumer_ns=NOT_INSTRUMENTED payload_to_first_useful_compute=NOT_INSTRUMENTED
poc22_position_0_blk11_attention_parity max_abs=0 max_rel=0 mean_abs=0 tolerance=1e-5
poc22_position_0_blk11_block_parity max_abs=0 max_rel=0 mean_abs=0 tolerance=1e-5
poc22_position_0 block_handoff block=12 handoff_ns=316743 activation_copy_bytes=0
attention_timing tensor=blk.1.attn_norm.weight payload_ready_ns=4165943377826 first_consumer_start_ns=4313107573854 payload_to_first_consumer_ns=147164196028
attention_timing tensor=blk.1.attn_q.weight payload_ready_ns=4165987887583 first_consumer_start_ns=4313531083869 payload_to_first_consumer_ns=147543196286
attention_timing tensor=blk.1.attn_kv_a_mqa.weight payload_ready_ns=4166024115135 first_consumer_start_ns=4313958170477 payload_to_first_consumer_ns=147934055342
attention_timing tensor=blk.1.attn_kv_a_norm.weight payload_ready_ns=4166096322368 first_consumer_start_ns=4314383272334 payload_to_first_consumer_ns=148286949966
attention_timing tensor=blk.1.attn_kv_b.weight payload_ready_ns=4166131406860 first_consumer_start_ns=4314808492022 payload_to_first_consumer_ns=148677085162
attention_timing tensor=blk.1.attn_output.weight payload_ready_ns=4166174744099 first_consumer_start_ns=4315233544005 payload_to_first_consumer_ns=149058799906
poc22_position_0_blk12 position=0 state_k_positions=1 state_v_positions=1 attention_probs=1,1,1,1,1,1,1,1,1,1,1,1,1,1,1,1,
reference_attention position=0 state_k_positions=1 state_v_positions=1 attention_probs=1,1,1,1,1,1,1,1,1,1,1,1,1,1,1,1,
normalized_input_parity max_abs=0 max_rel=0 mean_abs=0 tolerance=1e-5
router_score_parity max_abs=1.3113e-06 max_rel=1.64456e-05 mean_abs=3.03175e-07 tolerance=1e-5
selected_weight_parity max_abs=2.08616e-07 max_rel=1.24912e-06 mean_abs=6.20882e-08 tolerance=1e-5
poc22_position_0_blk12 topk_ids=59,54,1,47,34,37 normalized_weights=0.179099,0.177708,0.169495,0.167011,0.155026,0.15166,
poc22_position_0_blk12_routed expert_rank=0 expert_id=59 router_rank=0 graph_created=YES graph_refs=gate:0,up:1,down:2 storage_ref_base=130177 score_preserved=YES
poc22_position_0_blk12_routed expert_id=59 selected_range tensor=blk.1.ffn_gate_exps.weight offset=2147473016 bytes=563200 layout=DIRECT
poc22_position_0_blk12_routed expert_id=59 selected_range tensor=blk.1.ffn_up_exps.weight offset=2183517832 bytes=563200 layout=DIRECT
poc22_position_0_blk12_routed expert_id=59 selected_range tensor=blk.1.ffn_down_exps.weight offset=2282032792 bytes=1622016 layout=DIRECT
poc22_position_0_blk12_routed prefetch expert_id=59 tensor=blk.1.ffn_gate_exps.weight dependency_distance=0
poc22_position_0_blk12_routed prefetch expert_id=59 tensor=blk.1.ffn_up_exps.weight dependency_distance=0
poc22_position_0_blk12_routed prefetch expert_id=59 tensor=blk.1.ffn_down_exps.weight dependency_distance=2
expert_parity max_abs=0 max_rel=0 mean_abs=0 tolerance=1e-5
poc22_position_0_blk12_routed expert_id=59 consumer_wait=not_instrumented acquire_release=recorded peak_active=1622016 peak_resident=66776064
poc22_position_0_blk12_routed expert_rank=1 expert_id=54 router_rank=1 graph_created=YES graph_refs=gate:0,up:1,down:2 storage_ref_base=130162 score_preserved=YES
poc22_position_0_blk12_routed expert_id=54 selected_range tensor=blk.1.ffn_gate_exps.weight offset=2144657016 bytes=563200 layout=DIRECT
poc22_position_0_blk12_routed expert_id=54 selected_range tensor=blk.1.ffn_up_exps.weight offset=2180701832 bytes=563200 layout=DIRECT
poc22_position_0_blk12_routed expert_id=54 selected_range tensor=blk.1.ffn_down_exps.weight offset=2273922712 bytes=1622016 layout=DIRECT
poc22_position_0_blk12_routed prefetch expert_id=54 tensor=blk.1.ffn_gate_exps.weight dependency_distance=0
poc22_position_0_blk12_routed prefetch expert_id=54 tensor=blk.1.ffn_up_exps.weight dependency_distance=0
poc22_position_0_blk12_routed prefetch expert_id=54 tensor=blk.1.ffn_down_exps.weight dependency_distance=2
expert_parity max_abs=0 max_rel=0 mean_abs=0 tolerance=1e-5
poc22_position_0_blk12_routed expert_id=54 consumer_wait=not_instrumented acquire_release=recorded peak_active=1622016 peak_resident=66776064
poc22_position_0_blk12_routed expert_rank=2 expert_id=1 router_rank=2 graph_created=YES graph_refs=gate:0,up:1,down:2 storage_ref_base=130003 score_preserved=YES
poc22_position_0_blk12_routed expert_id=1 selected_range tensor=blk.1.ffn_gate_exps.weight offset=2114807416 bytes=563200 layout=DIRECT
poc22_position_0_blk12_routed expert_id=1 selected_range tensor=blk.1.ffn_up_exps.weight offset=2150852232 bytes=563200 layout=DIRECT
poc22_position_0_blk12_routed expert_id=1 selected_range tensor=blk.1.ffn_down_exps.weight offset=2187955864 bytes=1622016 layout=DIRECT
poc22_position_0_blk12_routed prefetch expert_id=1 tensor=blk.1.ffn_gate_exps.weight dependency_distance=0
poc22_position_0_blk12_routed prefetch expert_id=1 tensor=blk.1.ffn_up_exps.weight dependency_distance=0
poc22_position_0_blk12_routed prefetch expert_id=1 tensor=blk.1.ffn_down_exps.weight dependency_distance=2
expert_parity max_abs=0 max_rel=0 mean_abs=0 tolerance=1e-5
poc22_position_0_blk12_routed expert_id=1 consumer_wait=not_instrumented acquire_release=recorded peak_active=1622016 peak_resident=66776064
poc22_position_0_blk12_routed expert_rank=3 expert_id=47 router_rank=3 graph_created=YES graph_refs=gate:0,up:1,down:2 storage_ref_base=130141 score_preserved=YES
poc22_position_0_blk12_routed expert_id=47 selected_range tensor=blk.1.ffn_gate_exps.weight offset=2140714616 bytes=563200 layout=DIRECT
poc22_position_0_blk12_routed expert_id=47 selected_range tensor=blk.1.ffn_up_exps.weight offset=2176759432 bytes=563200 layout=DIRECT
poc22_position_0_blk12_routed expert_id=47 selected_range tensor=blk.1.ffn_down_exps.weight offset=2262568600 bytes=1622016 layout=DIRECT
poc22_position_0_blk12_routed prefetch expert_id=47 tensor=blk.1.ffn_gate_exps.weight dependency_distance=0
poc22_position_0_blk12_routed prefetch expert_id=47 tensor=blk.1.ffn_up_exps.weight dependency_distance=0
poc22_position_0_blk12_routed prefetch expert_id=47 tensor=blk.1.ffn_down_exps.weight dependency_distance=2
expert_parity max_abs=0 max_rel=0 mean_abs=0 tolerance=1e-5
poc22_position_0_blk12_routed expert_id=47 consumer_wait=not_instrumented acquire_release=recorded peak_active=1622016 peak_resident=66776064
poc22_position_0_blk12_routed expert_rank=4 expert_id=34 router_rank=4 graph_created=YES graph_refs=gate:0,up:1,down:2 storage_ref_base=130102 score_preserved=YES
poc22_position_0_blk12_routed expert_id=34 selected_range tensor=blk.1.ffn_gate_exps.weight offset=2133393016 bytes=563200 layout=DIRECT
poc22_position_0_blk12_routed expert_id=34 selected_range tensor=blk.1.ffn_up_exps.weight offset=2169437832 bytes=563200 layout=DIRECT
poc22_position_0_blk12_routed expert_id=34 selected_range tensor=blk.1.ffn_down_exps.weight offset=2241482392 bytes=1622016 layout=DIRECT
poc22_position_0_blk12_routed prefetch expert_id=34 tensor=blk.1.ffn_gate_exps.weight dependency_distance=0
poc22_position_0_blk12_routed prefetch expert_id=34 tensor=blk.1.ffn_up_exps.weight dependency_distance=0
poc22_position_0_blk12_routed prefetch expert_id=34 tensor=blk.1.ffn_down_exps.weight dependency_distance=2
expert_parity max_abs=0 max_rel=0 mean_abs=0 tolerance=1e-5
poc22_position_0_blk12_routed expert_id=34 consumer_wait=not_instrumented acquire_release=recorded peak_active=1622016 peak_resident=66212864
poc22_position_0_blk12_routed expert_rank=5 expert_id=37 router_rank=5 graph_created=YES graph_refs=gate:0,up:1,down:2 storage_ref_base=130111 score_preserved=YES
poc22_position_0_blk12_routed expert_id=37 selected_range tensor=blk.1.ffn_gate_exps.weight offset=2135082616 bytes=563200 layout=DIRECT
poc22_position_0_blk12_routed expert_id=37 selected_range tensor=blk.1.ffn_up_exps.weight offset=2171127432 bytes=563200 layout=DIRECT
poc22_position_0_blk12_routed expert_id=37 selected_range tensor=blk.1.ffn_down_exps.weight offset=2246348440 bytes=1622016 layout=DIRECT
poc22_position_0_blk12_routed prefetch expert_id=37 tensor=blk.1.ffn_gate_exps.weight dependency_distance=0
poc22_position_0_blk12_routed prefetch expert_id=37 tensor=blk.1.ffn_up_exps.weight dependency_distance=0
poc22_position_0_blk12_routed prefetch expert_id=37 tensor=blk.1.ffn_down_exps.weight dependency_distance=2
expert_parity max_abs=0 max_rel=0 mean_abs=0 tolerance=1e-5
poc22_position_0_blk12_routed expert_id=37 consumer_wait=not_instrumented acquire_release=recorded peak_active=1622016 peak_resident=66708480
poc22_position_0_blk12_routed residency_hits=36 residency_misses=42 source_reads=18 materialization_requests=18 source_policy_calls=18 evictions=17 resident_tensors_after=84
routed_merge_parity max_abs=0 max_rel=0 mean_abs=0 tolerance=1e-5
shared_expert_parity max_abs=0 max_rel=0 mean_abs=0 tolerance=1e-5
pre_residual_composition_parity max_abs=0 max_rel=0 mean_abs=0 tolerance=1e-5
final_layer_parity max_abs=0 max_rel=0 mean_abs=0 tolerance=1e-5
poc22_position_0_blk12 shared_expert=REQUIRED shared_graph_created=YES residual_add=YES final_composition=PASS
ffn_timing tensor=blk.1.ffn_gate_inp.weight payload_ready_ns=4315921763987 first_consumer_start_ns=4316092082466 payload_to_first_consumer_ns=170318479
ffn_timing tensor=blk.1.ffn_gate_shexp.weight payload_ready_ns=4324270547510 first_consumer_start_ns=4324447033446 payload_to_first_consumer_ns=176485936
ffn_timing tensor=blk.1.ffn_gate_exps.weight payload_ready_ns=4316379362847 first_consumer_start_ns=4316551701160 payload_to_first_consumer_ns=172338313
poc22_position_0_blk12 full_layer_residency_hits=46 misses=51 evictions=26 source_reads=23 source_bytes=20402176 materialization_requests=23 resident_tensors_after=79
poc22_position_0_blk12 full_layer_peak_active_persistent_bytes=1622016 full_layer_peak_resident_bytes=66776064
poc22_position_0_blk12 first_payload_to_shared_compute_start_ns=8680287709 execution_ready_to_consumer_ns=NOT_INSTRUMENTED payload_to_first_useful_compute=NOT_INSTRUMENTED
normalized_input_parity max_abs=0 max_rel=0 mean_abs=0 tolerance=1e-5
router_score_parity max_abs=1.3113e-06 max_rel=1.64456e-05 mean_abs=3.03175e-07 tolerance=1e-5
selected_weight_parity max_abs=2.08616e-07 max_rel=1.24912e-06 mean_abs=6.20882e-08 tolerance=1e-5
reference_poc22_position_0_blk12 topk_ids=59,54,1,47,34,37 normalized_weights=0.179099,0.177708,0.169495,0.167011,0.155026,0.15166,
reference_poc22_position_0_blk12_routed expert_rank=0 expert_id=59 router_rank=0 graph_created=YES graph_refs=gate:0,up:1,down:2 storage_ref_base=130177 score_preserved=YES
reference_poc22_position_0_blk12_routed expert_id=59 selected_range tensor=blk.1.ffn_gate_exps.weight offset=2147473016 bytes=563200 layout=DIRECT
reference_poc22_position_0_blk12_routed expert_id=59 selected_range tensor=blk.1.ffn_up_exps.weight offset=2183517832 bytes=563200 layout=DIRECT
reference_poc22_position_0_blk12_routed expert_id=59 selected_range tensor=blk.1.ffn_down_exps.weight offset=2282032792 bytes=1622016 layout=DIRECT
reference_poc22_position_0_blk12_routed prefetch expert_id=59 tensor=blk.1.ffn_gate_exps.weight dependency_distance=0
reference_poc22_position_0_blk12_routed prefetch expert_id=59 tensor=blk.1.ffn_up_exps.weight dependency_distance=0
reference_poc22_position_0_blk12_routed prefetch expert_id=59 tensor=blk.1.ffn_down_exps.weight dependency_distance=2
expert_parity max_abs=0 max_rel=0 mean_abs=0 tolerance=1e-5
reference_poc22_position_0_blk12_routed expert_id=59 consumer_wait=not_instrumented acquire_release=recorded peak_active=1622016 peak_resident=3280896
reference_poc22_position_0_blk12_routed expert_rank=1 expert_id=54 router_rank=1 graph_created=YES graph_refs=gate:0,up:1,down:2 storage_ref_base=130162 score_preserved=YES
reference_poc22_position_0_blk12_routed expert_id=54 selected_range tensor=blk.1.ffn_gate_exps.weight offset=2144657016 bytes=563200 layout=DIRECT
reference_poc22_position_0_blk12_routed expert_id=54 selected_range tensor=blk.1.ffn_up_exps.weight offset=2180701832 bytes=563200 layout=DIRECT
reference_poc22_position_0_blk12_routed expert_id=54 selected_range tensor=blk.1.ffn_down_exps.weight offset=2273922712 bytes=1622016 layout=DIRECT
reference_poc22_position_0_blk12_routed prefetch expert_id=54 tensor=blk.1.ffn_gate_exps.weight dependency_distance=0
reference_poc22_position_0_blk12_routed prefetch expert_id=54 tensor=blk.1.ffn_up_exps.weight dependency_distance=0
reference_poc22_position_0_blk12_routed prefetch expert_id=54 tensor=blk.1.ffn_down_exps.weight dependency_distance=2
expert_parity max_abs=0 max_rel=0 mean_abs=0 tolerance=1e-5
reference_poc22_position_0_blk12_routed expert_id=54 consumer_wait=not_instrumented acquire_release=recorded peak_active=1622016 peak_resident=6029312
reference_poc22_position_0_blk12_routed expert_rank=2 expert_id=1 router_rank=2 graph_created=YES graph_refs=gate:0,up:1,down:2 storage_ref_base=130003 score_preserved=YES
reference_poc22_position_0_blk12_routed expert_id=1 selected_range tensor=blk.1.ffn_gate_exps.weight offset=2114807416 bytes=563200 layout=DIRECT
reference_poc22_position_0_blk12_routed expert_id=1 selected_range tensor=blk.1.ffn_up_exps.weight offset=2150852232 bytes=563200 layout=DIRECT
reference_poc22_position_0_blk12_routed expert_id=1 selected_range tensor=blk.1.ffn_down_exps.weight offset=2187955864 bytes=1622016 layout=DIRECT
reference_poc22_position_0_blk12_routed prefetch expert_id=1 tensor=blk.1.ffn_gate_exps.weight dependency_distance=0
reference_poc22_position_0_blk12_routed prefetch expert_id=1 tensor=blk.1.ffn_up_exps.weight dependency_distance=0
reference_poc22_position_0_blk12_routed prefetch expert_id=1 tensor=blk.1.ffn_down_exps.weight dependency_distance=2
expert_parity max_abs=0 max_rel=0 mean_abs=0 tolerance=1e-5
reference_poc22_position_0_blk12_routed expert_id=1 consumer_wait=not_instrumented acquire_release=recorded peak_active=1622016 peak_resident=8245248
reference_poc22_position_0_blk12_routed expert_rank=3 expert_id=47 router_rank=3 graph_created=YES graph_refs=gate:0,up:1,down:2 storage_ref_base=130141 score_preserved=YES
reference_poc22_position_0_blk12_routed expert_id=47 selected_range tensor=blk.1.ffn_gate_exps.weight offset=2140714616 bytes=563200 layout=DIRECT
reference_poc22_position_0_blk12_routed expert_id=47 selected_range tensor=blk.1.ffn_up_exps.weight offset=2176759432 bytes=563200 layout=DIRECT
reference_poc22_position_0_blk12_routed expert_id=47 selected_range tensor=blk.1.ffn_down_exps.weight offset=2262568600 bytes=1622016 layout=DIRECT
reference_poc22_position_0_blk12_routed prefetch expert_id=47 tensor=blk.1.ffn_gate_exps.weight dependency_distance=0
reference_poc22_position_0_blk12_routed prefetch expert_id=47 tensor=blk.1.ffn_up_exps.weight dependency_distance=0
reference_poc22_position_0_blk12_routed prefetch expert_id=47 tensor=blk.1.ffn_down_exps.weight dependency_distance=2
expert_parity max_abs=0 max_rel=0 mean_abs=0 tolerance=1e-5
reference_poc22_position_0_blk12_routed expert_id=47 consumer_wait=not_instrumented acquire_release=recorded peak_active=1622016 peak_resident=8245248
reference_poc22_position_0_blk12_routed expert_rank=4 expert_id=34 router_rank=4 graph_created=YES graph_refs=gate:0,up:1,down:2 storage_ref_base=130102 score_preserved=YES
reference_poc22_position_0_blk12_routed expert_id=34 selected_range tensor=blk.1.ffn_gate_exps.weight offset=2133393016 bytes=563200 layout=DIRECT
reference_poc22_position_0_blk12_routed expert_id=34 selected_range tensor=blk.1.ffn_up_exps.weight offset=2169437832 bytes=563200 layout=DIRECT
reference_poc22_position_0_blk12_routed expert_id=34 selected_range tensor=blk.1.ffn_down_exps.weight offset=2241482392 bytes=1622016 layout=DIRECT
reference_poc22_position_0_blk12_routed prefetch expert_id=34 tensor=blk.1.ffn_gate_exps.weight dependency_distance=0
reference_poc22_position_0_blk12_routed prefetch expert_id=34 tensor=blk.1.ffn_up_exps.weight dependency_distance=0
reference_poc22_position_0_blk12_routed prefetch expert_id=34 tensor=blk.1.ffn_down_exps.weight dependency_distance=2
expert_parity max_abs=0 max_rel=0 mean_abs=0 tolerance=1e-5
reference_poc22_position_0_blk12_routed expert_id=34 consumer_wait=not_instrumented acquire_release=recorded peak_active=1622016 peak_resident=8245248
reference_poc22_position_0_blk12_routed expert_rank=5 expert_id=37 router_rank=5 graph_created=YES graph_refs=gate:0,up:1,down:2 storage_ref_base=130111 score_preserved=YES
reference_poc22_position_0_blk12_routed expert_id=37 selected_range tensor=blk.1.ffn_gate_exps.weight offset=2135082616 bytes=563200 layout=DIRECT
reference_poc22_position_0_blk12_routed expert_id=37 selected_range tensor=blk.1.ffn_up_exps.weight offset=2171127432 bytes=563200 layout=DIRECT
reference_poc22_position_0_blk12_routed expert_id=37 selected_range tensor=blk.1.ffn_down_exps.weight offset=2246348440 bytes=1622016 layout=DIRECT
reference_poc22_position_0_blk12_routed prefetch expert_id=37 tensor=blk.1.ffn_gate_exps.weight dependency_distance=0
reference_poc22_position_0_blk12_routed prefetch expert_id=37 tensor=blk.1.ffn_up_exps.weight dependency_distance=0
reference_poc22_position_0_blk12_routed prefetch expert_id=37 tensor=blk.1.ffn_down_exps.weight dependency_distance=2
expert_parity max_abs=0 max_rel=0 mean_abs=0 tolerance=1e-5
reference_poc22_position_0_blk12_routed expert_id=37 consumer_wait=not_instrumented acquire_release=recorded peak_active=1622016 peak_resident=8245248
reference_poc22_position_0_blk12_routed residency_hits=36 residency_misses=42 source_reads=18 materialization_requests=18 source_policy_calls=18 evictions=11 resident_tensors_after=9
routed_merge_parity max_abs=0 max_rel=0 mean_abs=0 tolerance=1e-5
shared_expert_parity max_abs=0 max_rel=0 mean_abs=0 tolerance=1e-5
pre_residual_composition_parity max_abs=0 max_rel=0 mean_abs=0 tolerance=1e-5
final_layer_parity max_abs=0 max_rel=0 mean_abs=0 tolerance=1e-5
reference_poc22_position_0_blk12 shared_expert=REQUIRED shared_graph_created=YES residual_add=YES final_composition=PASS
ffn_timing tensor=blk.1.ffn_gate_inp.weight payload_ready_ns=4326016856959 first_consumer_start_ns=4326188759656 payload_to_first_consumer_ns=171902697
ffn_timing tensor=blk.1.ffn_gate_shexp.weight payload_ready_ns=4334369877021 first_consumer_start_ns=4334548582620 payload_to_first_consumer_ns=178705599
ffn_timing tensor=blk.1.ffn_gate_exps.weight payload_ready_ns=4326451595369 first_consumer_start_ns=4326623994514 payload_to_first_consumer_ns=172399145
reference_poc22_position_0_blk12 full_layer_residency_hits=46 misses=51 evictions=15 source_reads=23 source_bytes=20402176 materialization_requests=23 resident_tensors_after=8
reference_poc22_position_0_blk12 full_layer_peak_active_persistent_bytes=1622016 full_layer_peak_resident_bytes=8312832
reference_poc22_position_0_blk12 first_payload_to_shared_compute_start_ns=8691757766 execution_ready_to_consumer_ns=NOT_INSTRUMENTED payload_to_first_useful_compute=NOT_INSTRUMENTED
poc22_position_0_blk12_attention_parity max_abs=0 max_rel=0 mean_abs=0 tolerance=1e-5
poc22_position_0_blk12_block_parity max_abs=0 max_rel=0 mean_abs=0 tolerance=1e-5
poc22_position_0 block_handoff block=13 handoff_ns=414491 activation_copy_bytes=0
attention_timing tensor=blk.1.attn_norm.weight payload_ready_ns=4165943377826 first_consumer_start_ns=4335897939928 payload_to_first_consumer_ns=169954562102
attention_timing tensor=blk.1.attn_q.weight payload_ready_ns=4165987887583 first_consumer_start_ns=4336352631722 payload_to_first_consumer_ns=170364744139
attention_timing tensor=blk.1.attn_kv_a_mqa.weight payload_ready_ns=4166024115135 first_consumer_start_ns=4336810243082 payload_to_first_consumer_ns=170786127947
attention_timing tensor=blk.1.attn_kv_a_norm.weight payload_ready_ns=4166096322368 first_consumer_start_ns=4337266294099 payload_to_first_consumer_ns=171169971731
attention_timing tensor=blk.1.attn_kv_b.weight payload_ready_ns=4166131406860 first_consumer_start_ns=4337721552006 payload_to_first_consumer_ns=171590145146
attention_timing tensor=blk.1.attn_output.weight payload_ready_ns=4166174744099 first_consumer_start_ns=4338177953057 payload_to_first_consumer_ns=172003208958
poc22_position_0_blk13 position=0 state_k_positions=1 state_v_positions=1 attention_probs=1,1,1,1,1,1,1,1,1,1,1,1,1,1,1,1,
reference_attention position=0 state_k_positions=1 state_v_positions=1 attention_probs=1,1,1,1,1,1,1,1,1,1,1,1,1,1,1,1,
normalized_input_parity max_abs=0 max_rel=0 mean_abs=0 tolerance=1e-5
router_score_parity max_abs=1.07288e-06 max_rel=0.00030869 mean_abs=3.36737e-07 tolerance=1e-5
selected_weight_parity max_abs=1.63913e-07 max_rel=1.10876e-06 mean_abs=1.0555e-07 tolerance=1e-5
poc22_position_0_blk13 topk_ids=52,50,10,6,8,58 normalized_weights=0.24774,0.203842,0.164774,0.140976,0.121713,0.120955,
poc22_position_0_blk13_routed expert_rank=0 expert_id=52 router_rank=0 graph_created=YES graph_refs=gate:0,up:1,down:2 storage_ref_base=140156 score_preserved=YES
poc22_position_0_blk13_routed expert_id=52 selected_range tensor=blk.1.ffn_gate_exps.weight offset=2326301504 bytes=563200 layout=DIRECT
poc22_position_0_blk13_routed expert_id=52 selected_range tensor=blk.1.ffn_up_exps.weight offset=2362346320 bytes=563200 layout=DIRECT
poc22_position_0_blk13_routed expert_id=52 selected_range tensor=blk.1.ffn_down_exps.weight offset=2453449568 bytes=1622016 layout=DIRECT
poc22_position_0_blk13_routed prefetch expert_id=52 tensor=blk.1.ffn_gate_exps.weight dependency_distance=0
poc22_position_0_blk13_routed prefetch expert_id=52 tensor=blk.1.ffn_up_exps.weight dependency_distance=0
poc22_position_0_blk13_routed prefetch expert_id=52 tensor=blk.1.ffn_down_exps.weight dependency_distance=2
expert_parity max_abs=0 max_rel=0 mean_abs=0 tolerance=1e-5
poc22_position_0_blk13_routed expert_id=52 consumer_wait=not_instrumented acquire_release=recorded peak_active=1622016 peak_resident=66776064
poc22_position_0_blk13_routed expert_rank=1 expert_id=50 router_rank=1 graph_created=YES graph_refs=gate:0,up:1,down:2 storage_ref_base=140150 score_preserved=YES
poc22_position_0_blk13_routed expert_id=50 selected_range tensor=blk.1.ffn_gate_exps.weight offset=2325175104 bytes=563200 layout=DIRECT
poc22_position_0_blk13_routed expert_id=50 selected_range tensor=blk.1.ffn_up_exps.weight offset=2361219920 bytes=563200 layout=DIRECT
poc22_position_0_blk13_routed expert_id=50 selected_range tensor=blk.1.ffn_down_exps.weight offset=2450205536 bytes=1622016 layout=DIRECT
poc22_position_0_blk13_routed prefetch expert_id=50 tensor=blk.1.ffn_gate_exps.weight dependency_distance=0
poc22_position_0_blk13_routed prefetch expert_id=50 tensor=blk.1.ffn_up_exps.weight dependency_distance=0
poc22_position_0_blk13_routed prefetch expert_id=50 tensor=blk.1.ffn_down_exps.weight dependency_distance=2
expert_parity max_abs=0 max_rel=0 mean_abs=0 tolerance=1e-5
poc22_position_0_blk13_routed expert_id=50 consumer_wait=not_instrumented acquire_release=recorded peak_active=1622016 peak_resident=66776064
poc22_position_0_blk13_routed expert_rank=2 expert_id=10 router_rank=2 graph_created=YES graph_refs=gate:0,up:1,down:2 storage_ref_base=140030 score_preserved=YES
poc22_position_0_blk13_routed expert_id=10 selected_range tensor=blk.1.ffn_gate_exps.weight offset=2302647104 bytes=563200 layout=DIRECT
poc22_position_0_blk13_routed expert_id=10 selected_range tensor=blk.1.ffn_up_exps.weight offset=2338691920 bytes=563200 layout=DIRECT
poc22_position_0_blk13_routed expert_id=10 selected_range tensor=blk.1.ffn_down_exps.weight offset=2385324896 bytes=1622016 layout=DIRECT
poc22_position_0_blk13_routed prefetch expert_id=10 tensor=blk.1.ffn_gate_exps.weight dependency_distance=0
poc22_position_0_blk13_routed prefetch expert_id=10 tensor=blk.1.ffn_up_exps.weight dependency_distance=0
poc22_position_0_blk13_routed prefetch expert_id=10 tensor=blk.1.ffn_down_exps.weight dependency_distance=2
expert_parity max_abs=0 max_rel=0 mean_abs=0 tolerance=1e-5
poc22_position_0_blk13_routed expert_id=10 consumer_wait=not_instrumented acquire_release=recorded peak_active=1622016 peak_resident=66776064
poc22_position_0_blk13_routed expert_rank=3 expert_id=6 router_rank=3 graph_created=YES graph_refs=gate:0,up:1,down:2 storage_ref_base=140018 score_preserved=YES
poc22_position_0_blk13_routed expert_id=6 selected_range tensor=blk.1.ffn_gate_exps.weight offset=2300394304 bytes=563200 layout=DIRECT
poc22_position_0_blk13_routed expert_id=6 selected_range tensor=blk.1.ffn_up_exps.weight offset=2336439120 bytes=563200 layout=DIRECT
poc22_position_0_blk13_routed expert_id=6 selected_range tensor=blk.1.ffn_down_exps.weight offset=2378836832 bytes=1622016 layout=DIRECT
poc22_position_0_blk13_routed prefetch expert_id=6 tensor=blk.1.ffn_gate_exps.weight dependency_distance=0
poc22_position_0_blk13_routed prefetch expert_id=6 tensor=blk.1.ffn_up_exps.weight dependency_distance=0
poc22_position_0_blk13_routed prefetch expert_id=6 tensor=blk.1.ffn_down_exps.weight dependency_distance=2
expert_parity max_abs=0 max_rel=0 mean_abs=0 tolerance=1e-5
poc22_position_0_blk13_routed expert_id=6 consumer_wait=not_instrumented acquire_release=recorded peak_active=1622016 peak_resident=66776064
poc22_position_0_blk13_routed expert_rank=4 expert_id=8 router_rank=4 graph_created=YES graph_refs=gate:0,up:1,down:2 storage_ref_base=140024 score_preserved=YES
poc22_position_0_blk13_routed expert_id=8 selected_range tensor=blk.1.ffn_gate_exps.weight offset=2301520704 bytes=563200 layout=DIRECT
poc22_position_0_blk13_routed expert_id=8 selected_range tensor=blk.1.ffn_up_exps.weight offset=2337565520 bytes=563200 layout=DIRECT
poc22_position_0_blk13_routed expert_id=8 selected_range tensor=blk.1.ffn_down_exps.weight offset=2382080864 bytes=1622016 layout=DIRECT
poc22_position_0_blk13_routed prefetch expert_id=8 tensor=blk.1.ffn_gate_exps.weight dependency_distance=0
poc22_position_0_blk13_routed prefetch expert_id=8 tensor=blk.1.ffn_up_exps.weight dependency_distance=0
poc22_position_0_blk13_routed prefetch expert_id=8 tensor=blk.1.ffn_down_exps.weight dependency_distance=2
expert_parity max_abs=0 max_rel=0 mean_abs=0 tolerance=1e-5
poc22_position_0_blk13_routed expert_id=8 consumer_wait=not_instrumented acquire_release=recorded peak_active=1622016 peak_resident=66212864
poc22_position_0_blk13_routed expert_rank=5 expert_id=58 router_rank=5 graph_created=YES graph_refs=gate:0,up:1,down:2 storage_ref_base=140174 score_preserved=YES
poc22_position_0_blk13_routed expert_id=58 selected_range tensor=blk.1.ffn_gate_exps.weight offset=2329680704 bytes=563200 layout=DIRECT
poc22_position_0_blk13_routed expert_id=58 selected_range tensor=blk.1.ffn_up_exps.weight offset=2365725520 bytes=563200 layout=DIRECT
poc22_position_0_blk13_routed expert_id=58 selected_range tensor=blk.1.ffn_down_exps.weight offset=2463181664 bytes=1622016 layout=DIRECT
poc22_position_0_blk13_routed prefetch expert_id=58 tensor=blk.1.ffn_gate_exps.weight dependency_distance=0
poc22_position_0_blk13_routed prefetch expert_id=58 tensor=blk.1.ffn_up_exps.weight dependency_distance=0
poc22_position_0_blk13_routed prefetch expert_id=58 tensor=blk.1.ffn_down_exps.weight dependency_distance=2
expert_parity max_abs=0 max_rel=0 mean_abs=0 tolerance=1e-5
poc22_position_0_blk13_routed expert_id=58 consumer_wait=not_instrumented acquire_release=recorded peak_active=1622016 peak_resident=66708480
poc22_position_0_blk13_routed residency_hits=36 residency_misses=42 source_reads=18 materialization_requests=18 source_policy_calls=18 evictions=17 resident_tensors_after=84
routed_merge_parity max_abs=0 max_rel=0 mean_abs=0 tolerance=1e-5
shared_expert_parity max_abs=0 max_rel=0 mean_abs=0 tolerance=1e-5
pre_residual_composition_parity max_abs=0 max_rel=0 mean_abs=0 tolerance=1e-5
final_layer_parity max_abs=0 max_rel=0 mean_abs=0 tolerance=1e-5
poc22_position_0_blk13 shared_expert=REQUIRED shared_graph_created=YES residual_add=YES final_composition=PASS
ffn_timing tensor=blk.1.ffn_gate_inp.weight payload_ready_ns=4338914524343 first_consumer_start_ns=4339098164300 payload_to_first_consumer_ns=183639957
ffn_timing tensor=blk.1.ffn_gate_shexp.weight payload_ready_ns=4347851803468 first_consumer_start_ns=4348040906980 payload_to_first_consumer_ns=189103512
ffn_timing tensor=blk.1.ffn_gate_exps.weight payload_ready_ns=4339409021157 first_consumer_start_ns=4339594482618 payload_to_first_consumer_ns=185461461
poc22_position_0_blk13 full_layer_residency_hits=46 misses=51 evictions=26 source_reads=23 source_bytes=20402176 materialization_requests=23 resident_tensors_after=79
poc22_position_0_blk13 full_layer_peak_active_persistent_bytes=1622016 full_layer_peak_resident_bytes=66776064
poc22_position_0_blk13 first_payload_to_shared_compute_start_ns=9292685031 execution_ready_to_consumer_ns=NOT_INSTRUMENTED payload_to_first_useful_compute=NOT_INSTRUMENTED
normalized_input_parity max_abs=0 max_rel=0 mean_abs=0 tolerance=1e-5
router_score_parity max_abs=1.07288e-06 max_rel=0.00030869 mean_abs=3.36737e-07 tolerance=1e-5
selected_weight_parity max_abs=1.63913e-07 max_rel=1.10876e-06 mean_abs=1.0555e-07 tolerance=1e-5
reference_poc22_position_0_blk13 topk_ids=52,50,10,6,8,58 normalized_weights=0.24774,0.203842,0.164774,0.140976,0.121713,0.120955,
reference_poc22_position_0_blk13_routed expert_rank=0 expert_id=52 router_rank=0 graph_created=YES graph_refs=gate:0,up:1,down:2 storage_ref_base=140156 score_preserved=YES
reference_poc22_position_0_blk13_routed expert_id=52 selected_range tensor=blk.1.ffn_gate_exps.weight offset=2326301504 bytes=563200 layout=DIRECT
reference_poc22_position_0_blk13_routed expert_id=52 selected_range tensor=blk.1.ffn_up_exps.weight offset=2362346320 bytes=563200 layout=DIRECT
reference_poc22_position_0_blk13_routed expert_id=52 selected_range tensor=blk.1.ffn_down_exps.weight offset=2453449568 bytes=1622016 layout=DIRECT
reference_poc22_position_0_blk13_routed prefetch expert_id=52 tensor=blk.1.ffn_gate_exps.weight dependency_distance=0
reference_poc22_position_0_blk13_routed prefetch expert_id=52 tensor=blk.1.ffn_up_exps.weight dependency_distance=0
reference_poc22_position_0_blk13_routed prefetch expert_id=52 tensor=blk.1.ffn_down_exps.weight dependency_distance=2
expert_parity max_abs=0 max_rel=0 mean_abs=0 tolerance=1e-5
reference_poc22_position_0_blk13_routed expert_id=52 consumer_wait=not_instrumented acquire_release=recorded peak_active=1622016 peak_resident=3280896
reference_poc22_position_0_blk13_routed expert_rank=1 expert_id=50 router_rank=1 graph_created=YES graph_refs=gate:0,up:1,down:2 storage_ref_base=140150 score_preserved=YES
reference_poc22_position_0_blk13_routed expert_id=50 selected_range tensor=blk.1.ffn_gate_exps.weight offset=2325175104 bytes=563200 layout=DIRECT
reference_poc22_position_0_blk13_routed expert_id=50 selected_range tensor=blk.1.ffn_up_exps.weight offset=2361219920 bytes=563200 layout=DIRECT
reference_poc22_position_0_blk13_routed expert_id=50 selected_range tensor=blk.1.ffn_down_exps.weight offset=2450205536 bytes=1622016 layout=DIRECT
reference_poc22_position_0_blk13_routed prefetch expert_id=50 tensor=blk.1.ffn_gate_exps.weight dependency_distance=0
reference_poc22_position_0_blk13_routed prefetch expert_id=50 tensor=blk.1.ffn_up_exps.weight dependency_distance=0
reference_poc22_position_0_blk13_routed prefetch expert_id=50 tensor=blk.1.ffn_down_exps.weight dependency_distance=2
expert_parity max_abs=0 max_rel=0 mean_abs=0 tolerance=1e-5
reference_poc22_position_0_blk13_routed expert_id=50 consumer_wait=not_instrumented acquire_release=recorded peak_active=1622016 peak_resident=6029312
reference_poc22_position_0_blk13_routed expert_rank=2 expert_id=10 router_rank=2 graph_created=YES graph_refs=gate:0,up:1,down:2 storage_ref_base=140030 score_preserved=YES
reference_poc22_position_0_blk13_routed expert_id=10 selected_range tensor=blk.1.ffn_gate_exps.weight offset=2302647104 bytes=563200 layout=DIRECT
reference_poc22_position_0_blk13_routed expert_id=10 selected_range tensor=blk.1.ffn_up_exps.weight offset=2338691920 bytes=563200 layout=DIRECT
reference_poc22_position_0_blk13_routed expert_id=10 selected_range tensor=blk.1.ffn_down_exps.weight offset=2385324896 bytes=1622016 layout=DIRECT
reference_poc22_position_0_blk13_routed prefetch expert_id=10 tensor=blk.1.ffn_gate_exps.weight dependency_distance=0
reference_poc22_position_0_blk13_routed prefetch expert_id=10 tensor=blk.1.ffn_up_exps.weight dependency_distance=0
reference_poc22_position_0_blk13_routed prefetch expert_id=10 tensor=blk.1.ffn_down_exps.weight dependency_distance=2
expert_parity max_abs=0 max_rel=0 mean_abs=0 tolerance=1e-5
reference_poc22_position_0_blk13_routed expert_id=10 consumer_wait=not_instrumented acquire_release=recorded peak_active=1622016 peak_resident=8245248
reference_poc22_position_0_blk13_routed expert_rank=3 expert_id=6 router_rank=3 graph_created=YES graph_refs=gate:0,up:1,down:2 storage_ref_base=140018 score_preserved=YES
reference_poc22_position_0_blk13_routed expert_id=6 selected_range tensor=blk.1.ffn_gate_exps.weight offset=2300394304 bytes=563200 layout=DIRECT
reference_poc22_position_0_blk13_routed expert_id=6 selected_range tensor=blk.1.ffn_up_exps.weight offset=2336439120 bytes=563200 layout=DIRECT
reference_poc22_position_0_blk13_routed expert_id=6 selected_range tensor=blk.1.ffn_down_exps.weight offset=2378836832 bytes=1622016 layout=DIRECT
reference_poc22_position_0_blk13_routed prefetch expert_id=6 tensor=blk.1.ffn_gate_exps.weight dependency_distance=0
reference_poc22_position_0_blk13_routed prefetch expert_id=6 tensor=blk.1.ffn_up_exps.weight dependency_distance=0
reference_poc22_position_0_blk13_routed prefetch expert_id=6 tensor=blk.1.ffn_down_exps.weight dependency_distance=2
expert_parity max_abs=0 max_rel=0 mean_abs=0 tolerance=1e-5
reference_poc22_position_0_blk13_routed expert_id=6 consumer_wait=not_instrumented acquire_release=recorded peak_active=1622016 peak_resident=8245248
reference_poc22_position_0_blk13_routed expert_rank=4 expert_id=8 router_rank=4 graph_created=YES graph_refs=gate:0,up:1,down:2 storage_ref_base=140024 score_preserved=YES
reference_poc22_position_0_blk13_routed expert_id=8 selected_range tensor=blk.1.ffn_gate_exps.weight offset=2301520704 bytes=563200 layout=DIRECT
reference_poc22_position_0_blk13_routed expert_id=8 selected_range tensor=blk.1.ffn_up_exps.weight offset=2337565520 bytes=563200 layout=DIRECT
reference_poc22_position_0_blk13_routed expert_id=8 selected_range tensor=blk.1.ffn_down_exps.weight offset=2382080864 bytes=1622016 layout=DIRECT
reference_poc22_position_0_blk13_routed prefetch expert_id=8 tensor=blk.1.ffn_gate_exps.weight dependency_distance=0
reference_poc22_position_0_blk13_routed prefetch expert_id=8 tensor=blk.1.ffn_up_exps.weight dependency_distance=0
reference_poc22_position_0_blk13_routed prefetch expert_id=8 tensor=blk.1.ffn_down_exps.weight dependency_distance=2
expert_parity max_abs=0 max_rel=0 mean_abs=0 tolerance=1e-5
reference_poc22_position_0_blk13_routed expert_id=8 consumer_wait=not_instrumented acquire_release=recorded peak_active=1622016 peak_resident=8245248
reference_poc22_position_0_blk13_routed expert_rank=5 expert_id=58 router_rank=5 graph_created=YES graph_refs=gate:0,up:1,down:2 storage_ref_base=140174 score_preserved=YES
reference_poc22_position_0_blk13_routed expert_id=58 selected_range tensor=blk.1.ffn_gate_exps.weight offset=2329680704 bytes=563200 layout=DIRECT
reference_poc22_position_0_blk13_routed expert_id=58 selected_range tensor=blk.1.ffn_up_exps.weight offset=2365725520 bytes=563200 layout=DIRECT
reference_poc22_position_0_blk13_routed expert_id=58 selected_range tensor=blk.1.ffn_down_exps.weight offset=2463181664 bytes=1622016 layout=DIRECT
reference_poc22_position_0_blk13_routed prefetch expert_id=58 tensor=blk.1.ffn_gate_exps.weight dependency_distance=0
reference_poc22_position_0_blk13_routed prefetch expert_id=58 tensor=blk.1.ffn_up_exps.weight dependency_distance=0
reference_poc22_position_0_blk13_routed prefetch expert_id=58 tensor=blk.1.ffn_down_exps.weight dependency_distance=2
expert_parity max_abs=0 max_rel=0 mean_abs=0 tolerance=1e-5
reference_poc22_position_0_blk13_routed expert_id=58 consumer_wait=not_instrumented acquire_release=recorded peak_active=1622016 peak_resident=8245248
reference_poc22_position_0_blk13_routed residency_hits=36 residency_misses=42 source_reads=18 materialization_requests=18 source_policy_calls=18 evictions=11 resident_tensors_after=9
routed_merge_parity max_abs=0 max_rel=0 mean_abs=0 tolerance=1e-5
shared_expert_parity max_abs=0 max_rel=0 mean_abs=0 tolerance=1e-5
pre_residual_composition_parity max_abs=0 max_rel=0 mean_abs=0 tolerance=1e-5
final_layer_parity max_abs=0 max_rel=0 mean_abs=0 tolerance=1e-5
reference_poc22_position_0_blk13 shared_expert=REQUIRED shared_graph_created=YES residual_add=YES final_composition=PASS
ffn_timing tensor=blk.1.ffn_gate_inp.weight payload_ready_ns=4349717983093 first_consumer_start_ns=4349902406576 payload_to_first_consumer_ns=184423483
ffn_timing tensor=blk.1.ffn_gate_shexp.weight payload_ready_ns=4358624751884 first_consumer_start_ns=4358814926290 payload_to_first_consumer_ns=190174406
ffn_timing tensor=blk.1.ffn_gate_exps.weight payload_ready_ns=4350183433126 first_consumer_start_ns=4350367570323 payload_to_first_consumer_ns=184137197
reference_poc22_position_0_blk13 full_layer_residency_hits=46 misses=51 evictions=15 source_reads=23 source_bytes=20402176 materialization_requests=23 resident_tensors_after=8
reference_poc22_position_0_blk13 full_layer_peak_active_persistent_bytes=1622016 full_layer_peak_resident_bytes=8312832
reference_poc22_position_0_blk13 first_payload_to_shared_compute_start_ns=9269531671 execution_ready_to_consumer_ns=NOT_INSTRUMENTED payload_to_first_useful_compute=NOT_INSTRUMENTED
poc22_position_0_blk13_attention_parity max_abs=0 max_rel=0 mean_abs=0 tolerance=1e-5
poc22_position_0_blk13_block_parity max_abs=0 max_rel=0 mean_abs=0 tolerance=1e-5
poc22_position_0 block_handoff block=14 handoff_ns=326910 activation_copy_bytes=0
attention_timing tensor=blk.1.attn_norm.weight payload_ready_ns=4165943377826 first_consumer_start_ns=4360250877080 payload_to_first_consumer_ns=194307499254
attention_timing tensor=blk.1.attn_q.weight payload_ready_ns=4165987887583 first_consumer_start_ns=4360735981503 payload_to_first_consumer_ns=194748093920
attention_timing tensor=blk.1.attn_kv_a_mqa.weight payload_ready_ns=4166024115135 first_consumer_start_ns=4361222472647 payload_to_first_consumer_ns=195198357512
attention_timing tensor=blk.1.attn_kv_a_norm.weight payload_ready_ns=4166096322368 first_consumer_start_ns=4361708756005 payload_to_first_consumer_ns=195612433637
attention_timing tensor=blk.1.attn_kv_b.weight payload_ready_ns=4166131406860 first_consumer_start_ns=4362194313960 payload_to_first_consumer_ns=196062907100
attention_timing tensor=blk.1.attn_output.weight payload_ready_ns=4166174744099 first_consumer_start_ns=4362679938206 payload_to_first_consumer_ns=196505194107
poc22_position_0_blk14 position=0 state_k_positions=1 state_v_positions=1 attention_probs=1,1,1,1,1,1,1,1,1,1,1,1,1,1,1,1,
reference_attention position=0 state_k_positions=1 state_v_positions=1 attention_probs=1,1,1,1,1,1,1,1,1,1,1,1,1,1,1,1,
normalized_input_parity max_abs=0 max_rel=0 mean_abs=0 tolerance=1e-5
router_score_parity max_abs=1.60933e-06 max_rel=3.73088e-05 mean_abs=3.48315e-07 tolerance=1e-5
selected_weight_parity max_abs=1.19209e-07 max_rel=9.21674e-07 mean_abs=5.71211e-08 tolerance=1e-5
poc22_position_0_blk14 topk_ids=5,8,46,32,9,21 normalized_weights=0.278032,0.174435,0.155597,0.132689,0.129907,0.12934,
poc22_position_0_blk14_routed expert_rank=0 expert_id=5 router_rank=0 graph_created=YES graph_refs=gate:0,up:1,down:2 storage_ref_base=150015 score_preserved=YES
poc22_position_0_blk14_routed expert_id=5 selected_range tensor=blk.1.ffn_gate_exps.weight offset=2482601992 bytes=563200 layout=DIRECT
poc22_position_0_blk14_routed expert_id=5 selected_range tensor=blk.1.ffn_up_exps.weight offset=2518646808 bytes=563200 layout=DIRECT
poc22_position_0_blk14_routed expert_id=5 selected_range tensor=blk.1.ffn_down_exps.weight offset=2559985704 bytes=1622016 layout=DIRECT
poc22_position_0_blk14_routed prefetch expert_id=5 tensor=blk.1.ffn_gate_exps.weight dependency_distance=0
poc22_position_0_blk14_routed prefetch expert_id=5 tensor=blk.1.ffn_up_exps.weight dependency_distance=0
poc22_position_0_blk14_routed prefetch expert_id=5 tensor=blk.1.ffn_down_exps.weight dependency_distance=2
expert_parity max_abs=0 max_rel=0 mean_abs=0 tolerance=1e-5
poc22_position_0_blk14_routed expert_id=5 consumer_wait=not_instrumented acquire_release=recorded peak_active=1622016 peak_resident=66776064
poc22_position_0_blk14_routed expert_rank=1 expert_id=8 router_rank=1 graph_created=YES graph_refs=gate:0,up:1,down:2 storage_ref_base=150024 score_preserved=YES
poc22_position_0_blk14_routed expert_id=8 selected_range tensor=blk.1.ffn_gate_exps.weight offset=2484291592 bytes=563200 layout=DIRECT
poc22_position_0_blk14_routed expert_id=8 selected_range tensor=blk.1.ffn_up_exps.weight offset=2520336408 bytes=563200 layout=DIRECT
poc22_position_0_blk14_routed expert_id=8 selected_range tensor=blk.1.ffn_down_exps.weight offset=2564851752 bytes=1622016 layout=DIRECT
poc22_position_0_blk14_routed prefetch expert_id=8 tensor=blk.1.ffn_gate_exps.weight dependency_distance=0
poc22_position_0_blk14_routed prefetch expert_id=8 tensor=blk.1.ffn_up_exps.weight dependency_distance=0
poc22_position_0_blk14_routed prefetch expert_id=8 tensor=blk.1.ffn_down_exps.weight dependency_distance=2
expert_parity max_abs=0 max_rel=0 mean_abs=0 tolerance=1e-5
poc22_position_0_blk14_routed expert_id=8 consumer_wait=not_instrumented acquire_release=recorded peak_active=1622016 peak_resident=66776064
poc22_position_0_blk14_routed expert_rank=2 expert_id=46 router_rank=2 graph_created=YES graph_refs=gate:0,up:1,down:2 storage_ref_base=150138 score_preserved=YES
poc22_position_0_blk14_routed expert_id=46 selected_range tensor=blk.1.ffn_gate_exps.weight offset=2505693192 bytes=563200 layout=DIRECT
poc22_position_0_blk14_routed expert_id=46 selected_range tensor=blk.1.ffn_up_exps.weight offset=2541738008 bytes=563200 layout=DIRECT
poc22_position_0_blk14_routed expert_id=46 selected_range tensor=blk.1.ffn_down_exps.weight offset=2626488360 bytes=1622016 layout=DIRECT
poc22_position_0_blk14_routed prefetch expert_id=46 tensor=blk.1.ffn_gate_exps.weight dependency_distance=0
poc22_position_0_blk14_routed prefetch expert_id=46 tensor=blk.1.ffn_up_exps.weight dependency_distance=0
poc22_position_0_blk14_routed prefetch expert_id=46 tensor=blk.1.ffn_down_exps.weight dependency_distance=2
expert_parity max_abs=0 max_rel=0 mean_abs=0 tolerance=1e-5
poc22_position_0_blk14_routed expert_id=46 consumer_wait=not_instrumented acquire_release=recorded peak_active=1622016 peak_resident=66776064
poc22_position_0_blk14_routed expert_rank=3 expert_id=32 router_rank=3 graph_created=YES graph_refs=gate:0,up:1,down:2 storage_ref_base=150096 score_preserved=YES
poc22_position_0_blk14_routed expert_id=32 selected_range tensor=blk.1.ffn_gate_exps.weight offset=2497808392 bytes=563200 layout=DIRECT
poc22_position_0_blk14_routed expert_id=32 selected_range tensor=blk.1.ffn_up_exps.weight offset=2533853208 bytes=563200 layout=DIRECT
poc22_position_0_blk14_routed expert_id=32 selected_range tensor=blk.1.ffn_down_exps.weight offset=2603780136 bytes=1622016 layout=DIRECT
poc22_position_0_blk14_routed prefetch expert_id=32 tensor=blk.1.ffn_gate_exps.weight dependency_distance=0
poc22_position_0_blk14_routed prefetch expert_id=32 tensor=blk.1.ffn_up_exps.weight dependency_distance=0
poc22_position_0_blk14_routed prefetch expert_id=32 tensor=blk.1.ffn_down_exps.weight dependency_distance=2
expert_parity max_abs=0 max_rel=0 mean_abs=0 tolerance=1e-5
poc22_position_0_blk14_routed expert_id=32 consumer_wait=not_instrumented acquire_release=recorded peak_active=1622016 peak_resident=66776064
poc22_position_0_blk14_routed expert_rank=4 expert_id=9 router_rank=4 graph_created=YES graph_refs=gate:0,up:1,down:2 storage_ref_base=150027 score_preserved=YES
poc22_position_0_blk14_routed expert_id=9 selected_range tensor=blk.1.ffn_gate_exps.weight offset=2484854792 bytes=563200 layout=DIRECT
poc22_position_0_blk14_routed expert_id=9 selected_range tensor=blk.1.ffn_up_exps.weight offset=2520899608 bytes=563200 layout=DIRECT
poc22_position_0_blk14_routed expert_id=9 selected_range tensor=blk.1.ffn_down_exps.weight offset=2566473768 bytes=1622016 layout=DIRECT
poc22_position_0_blk14_routed prefetch expert_id=9 tensor=blk.1.ffn_gate_exps.weight dependency_distance=0
poc22_position_0_blk14_routed prefetch expert_id=9 tensor=blk.1.ffn_up_exps.weight dependency_distance=0
poc22_position_0_blk14_routed prefetch expert_id=9 tensor=blk.1.ffn_down_exps.weight dependency_distance=2
expert_parity max_abs=0 max_rel=0 mean_abs=0 tolerance=1e-5
poc22_position_0_blk14_routed expert_id=9 consumer_wait=not_instrumented acquire_release=recorded peak_active=1622016 peak_resident=66212864
poc22_position_0_blk14_routed expert_rank=5 expert_id=21 router_rank=5 graph_created=YES graph_refs=gate:0,up:1,down:2 storage_ref_base=150063 score_preserved=YES
poc22_position_0_blk14_routed expert_id=21 selected_range tensor=blk.1.ffn_gate_exps.weight offset=2491613192 bytes=563200 layout=DIRECT
poc22_position_0_blk14_routed expert_id=21 selected_range tensor=blk.1.ffn_up_exps.weight offset=2527658008 bytes=563200 layout=DIRECT
poc22_position_0_blk14_routed expert_id=21 selected_range tensor=blk.1.ffn_down_exps.weight offset=2585937960 bytes=1622016 layout=DIRECT
poc22_position_0_blk14_routed prefetch expert_id=21 tensor=blk.1.ffn_gate_exps.weight dependency_distance=0
poc22_position_0_blk14_routed prefetch expert_id=21 tensor=blk.1.ffn_up_exps.weight dependency_distance=0
poc22_position_0_blk14_routed prefetch expert_id=21 tensor=blk.1.ffn_down_exps.weight dependency_distance=2
expert_parity max_abs=0 max_rel=0 mean_abs=0 tolerance=1e-5
poc22_position_0_blk14_routed expert_id=21 consumer_wait=not_instrumented acquire_release=recorded peak_active=1622016 peak_resident=66708480
poc22_position_0_blk14_routed residency_hits=36 residency_misses=42 source_reads=18 materialization_requests=18 source_policy_calls=18 evictions=17 resident_tensors_after=84
routed_merge_parity max_abs=0 max_rel=0 mean_abs=0 tolerance=1e-5
shared_expert_parity max_abs=0 max_rel=0 mean_abs=0 tolerance=1e-5
pre_residual_composition_parity max_abs=0 max_rel=0 mean_abs=0 tolerance=1e-5
final_layer_parity max_abs=0 max_rel=0 mean_abs=0 tolerance=1e-5
poc22_position_0_blk14 shared_expert=REQUIRED shared_graph_created=YES residual_add=YES final_composition=PASS
ffn_timing tensor=blk.1.ffn_gate_inp.weight payload_ready_ns=4363469862651 first_consumer_start_ns=4363665569278 payload_to_first_consumer_ns=195706627
ffn_timing tensor=blk.1.ffn_gate_shexp.weight payload_ready_ns=4372970513559 first_consumer_start_ns=4373172456517 payload_to_first_consumer_ns=201942958
ffn_timing tensor=blk.1.ffn_gate_exps.weight payload_ready_ns=4363990750718 first_consumer_start_ns=4364186964376 payload_to_first_consumer_ns=196213658
poc22_position_0_blk14 full_layer_residency_hits=46 misses=51 evictions=26 source_reads=23 source_bytes=20402176 materialization_requests=23 resident_tensors_after=79
poc22_position_0_blk14 full_layer_peak_active_persistent_bytes=1622016 full_layer_peak_resident_bytes=66776064
poc22_position_0_blk14 first_payload_to_shared_compute_start_ns=9884209405 execution_ready_to_consumer_ns=NOT_INSTRUMENTED payload_to_first_useful_compute=NOT_INSTRUMENTED
normalized_input_parity max_abs=0 max_rel=0 mean_abs=0 tolerance=1e-5
router_score_parity max_abs=1.60933e-06 max_rel=3.73088e-05 mean_abs=3.48315e-07 tolerance=1e-5
selected_weight_parity max_abs=1.19209e-07 max_rel=9.21674e-07 mean_abs=5.71211e-08 tolerance=1e-5
reference_poc22_position_0_blk14 topk_ids=5,8,46,32,9,21 normalized_weights=0.278032,0.174435,0.155597,0.132689,0.129907,0.12934,
reference_poc22_position_0_blk14_routed expert_rank=0 expert_id=5 router_rank=0 graph_created=YES graph_refs=gate:0,up:1,down:2 storage_ref_base=150015 score_preserved=YES
reference_poc22_position_0_blk14_routed expert_id=5 selected_range tensor=blk.1.ffn_gate_exps.weight offset=2482601992 bytes=563200 layout=DIRECT
reference_poc22_position_0_blk14_routed expert_id=5 selected_range tensor=blk.1.ffn_up_exps.weight offset=2518646808 bytes=563200 layout=DIRECT
reference_poc22_position_0_blk14_routed expert_id=5 selected_range tensor=blk.1.ffn_down_exps.weight offset=2559985704 bytes=1622016 layout=DIRECT
reference_poc22_position_0_blk14_routed prefetch expert_id=5 tensor=blk.1.ffn_gate_exps.weight dependency_distance=0
reference_poc22_position_0_blk14_routed prefetch expert_id=5 tensor=blk.1.ffn_up_exps.weight dependency_distance=0
reference_poc22_position_0_blk14_routed prefetch expert_id=5 tensor=blk.1.ffn_down_exps.weight dependency_distance=2
expert_parity max_abs=0 max_rel=0 mean_abs=0 tolerance=1e-5
reference_poc22_position_0_blk14_routed expert_id=5 consumer_wait=not_instrumented acquire_release=recorded peak_active=1622016 peak_resident=3280896
reference_poc22_position_0_blk14_routed expert_rank=1 expert_id=8 router_rank=1 graph_created=YES graph_refs=gate:0,up:1,down:2 storage_ref_base=150024 score_preserved=YES
reference_poc22_position_0_blk14_routed expert_id=8 selected_range tensor=blk.1.ffn_gate_exps.weight offset=2484291592 bytes=563200 layout=DIRECT
reference_poc22_position_0_blk14_routed expert_id=8 selected_range tensor=blk.1.ffn_up_exps.weight offset=2520336408 bytes=563200 layout=DIRECT
reference_poc22_position_0_blk14_routed expert_id=8 selected_range tensor=blk.1.ffn_down_exps.weight offset=2564851752 bytes=1622016 layout=DIRECT
reference_poc22_position_0_blk14_routed prefetch expert_id=8 tensor=blk.1.ffn_gate_exps.weight dependency_distance=0
reference_poc22_position_0_blk14_routed prefetch expert_id=8 tensor=blk.1.ffn_up_exps.weight dependency_distance=0
reference_poc22_position_0_blk14_routed prefetch expert_id=8 tensor=blk.1.ffn_down_exps.weight dependency_distance=2
expert_parity max_abs=0 max_rel=0 mean_abs=0 tolerance=1e-5
reference_poc22_position_0_blk14_routed expert_id=8 consumer_wait=not_instrumented acquire_release=recorded peak_active=1622016 peak_resident=6029312
reference_poc22_position_0_blk14_routed expert_rank=2 expert_id=46 router_rank=2 graph_created=YES graph_refs=gate:0,up:1,down:2 storage_ref_base=150138 score_preserved=YES
reference_poc22_position_0_blk14_routed expert_id=46 selected_range tensor=blk.1.ffn_gate_exps.weight offset=2505693192 bytes=563200 layout=DIRECT
reference_poc22_position_0_blk14_routed expert_id=46 selected_range tensor=blk.1.ffn_up_exps.weight offset=2541738008 bytes=563200 layout=DIRECT
reference_poc22_position_0_blk14_routed expert_id=46 selected_range tensor=blk.1.ffn_down_exps.weight offset=2626488360 bytes=1622016 layout=DIRECT
reference_poc22_position_0_blk14_routed prefetch expert_id=46 tensor=blk.1.ffn_gate_exps.weight dependency_distance=0
reference_poc22_position_0_blk14_routed prefetch expert_id=46 tensor=blk.1.ffn_up_exps.weight dependency_distance=0
reference_poc22_position_0_blk14_routed prefetch expert_id=46 tensor=blk.1.ffn_down_exps.weight dependency_distance=2
expert_parity max_abs=0 max_rel=0 mean_abs=0 tolerance=1e-5
reference_poc22_position_0_blk14_routed expert_id=46 consumer_wait=not_instrumented acquire_release=recorded peak_active=1622016 peak_resident=8245248
reference_poc22_position_0_blk14_routed expert_rank=3 expert_id=32 router_rank=3 graph_created=YES graph_refs=gate:0,up:1,down:2 storage_ref_base=150096 score_preserved=YES
reference_poc22_position_0_blk14_routed expert_id=32 selected_range tensor=blk.1.ffn_gate_exps.weight offset=2497808392 bytes=563200 layout=DIRECT
reference_poc22_position_0_blk14_routed expert_id=32 selected_range tensor=blk.1.ffn_up_exps.weight offset=2533853208 bytes=563200 layout=DIRECT
reference_poc22_position_0_blk14_routed expert_id=32 selected_range tensor=blk.1.ffn_down_exps.weight offset=2603780136 bytes=1622016 layout=DIRECT
reference_poc22_position_0_blk14_routed prefetch expert_id=32 tensor=blk.1.ffn_gate_exps.weight dependency_distance=0
reference_poc22_position_0_blk14_routed prefetch expert_id=32 tensor=blk.1.ffn_up_exps.weight dependency_distance=0
reference_poc22_position_0_blk14_routed prefetch expert_id=32 tensor=blk.1.ffn_down_exps.weight dependency_distance=2
expert_parity max_abs=0 max_rel=0 mean_abs=0 tolerance=1e-5
reference_poc22_position_0_blk14_routed expert_id=32 consumer_wait=not_instrumented acquire_release=recorded peak_active=1622016 peak_resident=8245248
reference_poc22_position_0_blk14_routed expert_rank=4 expert_id=9 router_rank=4 graph_created=YES graph_refs=gate:0,up:1,down:2 storage_ref_base=150027 score_preserved=YES
reference_poc22_position_0_blk14_routed expert_id=9 selected_range tensor=blk.1.ffn_gate_exps.weight offset=2484854792 bytes=563200 layout=DIRECT
reference_poc22_position_0_blk14_routed expert_id=9 selected_range tensor=blk.1.ffn_up_exps.weight offset=2520899608 bytes=563200 layout=DIRECT
reference_poc22_position_0_blk14_routed expert_id=9 selected_range tensor=blk.1.ffn_down_exps.weight offset=2566473768 bytes=1622016 layout=DIRECT
reference_poc22_position_0_blk14_routed prefetch expert_id=9 tensor=blk.1.ffn_gate_exps.weight dependency_distance=0
reference_poc22_position_0_blk14_routed prefetch expert_id=9 tensor=blk.1.ffn_up_exps.weight dependency_distance=0
reference_poc22_position_0_blk14_routed prefetch expert_id=9 tensor=blk.1.ffn_down_exps.weight dependency_distance=2
expert_parity max_abs=0 max_rel=0 mean_abs=0 tolerance=1e-5
reference_poc22_position_0_blk14_routed expert_id=9 consumer_wait=not_instrumented acquire_release=recorded peak_active=1622016 peak_resident=8245248
reference_poc22_position_0_blk14_routed expert_rank=5 expert_id=21 router_rank=5 graph_created=YES graph_refs=gate:0,up:1,down:2 storage_ref_base=150063 score_preserved=YES
reference_poc22_position_0_blk14_routed expert_id=21 selected_range tensor=blk.1.ffn_gate_exps.weight offset=2491613192 bytes=563200 layout=DIRECT
reference_poc22_position_0_blk14_routed expert_id=21 selected_range tensor=blk.1.ffn_up_exps.weight offset=2527658008 bytes=563200 layout=DIRECT
reference_poc22_position_0_blk14_routed expert_id=21 selected_range tensor=blk.1.ffn_down_exps.weight offset=2585937960 bytes=1622016 layout=DIRECT
reference_poc22_position_0_blk14_routed prefetch expert_id=21 tensor=blk.1.ffn_gate_exps.weight dependency_distance=0
reference_poc22_position_0_blk14_routed prefetch expert_id=21 tensor=blk.1.ffn_up_exps.weight dependency_distance=0
reference_poc22_position_0_blk14_routed prefetch expert_id=21 tensor=blk.1.ffn_down_exps.weight dependency_distance=2
expert_parity max_abs=0 max_rel=0 mean_abs=0 tolerance=1e-5
reference_poc22_position_0_blk14_routed expert_id=21 consumer_wait=not_instrumented acquire_release=recorded peak_active=1622016 peak_resident=8245248
reference_poc22_position_0_blk14_routed residency_hits=36 residency_misses=42 source_reads=18 materialization_requests=18 source_policy_calls=18 evictions=11 resident_tensors_after=9
routed_merge_parity max_abs=0 max_rel=0 mean_abs=0 tolerance=1e-5
shared_expert_parity max_abs=0 max_rel=0 mean_abs=0 tolerance=1e-5
pre_residual_composition_parity max_abs=0 max_rel=0 mean_abs=0 tolerance=1e-5
final_layer_parity max_abs=0 max_rel=0 mean_abs=0 tolerance=1e-5
reference_poc22_position_0_blk14 shared_expert=REQUIRED shared_graph_created=YES residual_add=YES final_composition=PASS
ffn_timing tensor=blk.1.ffn_gate_inp.weight payload_ready_ns=4374960067122 first_consumer_start_ns=4375156139408 payload_to_first_consumer_ns=196072286
ffn_timing tensor=blk.1.ffn_gate_shexp.weight payload_ready_ns=4384451760671 first_consumer_start_ns=4384654153495 payload_to_first_consumer_ns=202392824
ffn_timing tensor=blk.1.ffn_gate_exps.weight payload_ready_ns=4375454403065 first_consumer_start_ns=4375650483351 payload_to_first_consumer_ns=196080286
reference_poc22_position_0_blk14 full_layer_residency_hits=46 misses=51 evictions=15 source_reads=23 source_bytes=20402176 materialization_requests=23 resident_tensors_after=8
reference_poc22_position_0_blk14 full_layer_peak_active_persistent_bytes=1622016 full_layer_peak_resident_bytes=8312832
reference_poc22_position_0_blk14 first_payload_to_shared_compute_start_ns=9877882868 execution_ready_to_consumer_ns=NOT_INSTRUMENTED payload_to_first_useful_compute=NOT_INSTRUMENTED
poc22_position_0_blk14_attention_parity max_abs=0 max_rel=0 mean_abs=0 tolerance=1e-5
poc22_position_0_blk14_block_parity max_abs=0 max_rel=0 mean_abs=0 tolerance=1e-5
poc22_position_0 block_handoff block=15 handoff_ns=325660 activation_copy_bytes=0
attention_timing tensor=blk.1.attn_norm.weight payload_ready_ns=4165943377826 first_consumer_start_ns=4386186001992 payload_to_first_consumer_ns=220242624166
attention_timing tensor=blk.1.attn_q.weight payload_ready_ns=4165987887583 first_consumer_start_ns=4386702940972 payload_to_first_consumer_ns=220715053389
attention_timing tensor=blk.1.attn_kv_a_mqa.weight payload_ready_ns=4166024115135 first_consumer_start_ns=4387226286406 payload_to_first_consumer_ns=221202171271
attention_timing tensor=blk.1.attn_kv_a_norm.weight payload_ready_ns=4166096322368 first_consumer_start_ns=4387743962330 payload_to_first_consumer_ns=221647639962
attention_timing tensor=blk.1.attn_kv_b.weight payload_ready_ns=4166131406860 first_consumer_start_ns=4388260890770 payload_to_first_consumer_ns=222129483910
attention_timing tensor=blk.1.attn_output.weight payload_ready_ns=4166174744099 first_consumer_start_ns=4388779596339 payload_to_first_consumer_ns=222604852240
poc22_position_0_blk15 position=0 state_k_positions=1 state_v_positions=1 attention_probs=1,1,1,1,1,1,1,1,1,1,1,1,1,1,1,1,
reference_attention position=0 state_k_positions=1 state_v_positions=1 attention_probs=1,1,1,1,1,1,1,1,1,1,1,1,1,1,1,1,
normalized_input_parity max_abs=0 max_rel=0 mean_abs=0 tolerance=1e-5
router_score_parity max_abs=2.02656e-06 max_rel=2.52163e-05 mean_abs=3.71911e-07 tolerance=1e-5
selected_weight_parity max_abs=4.17233e-07 max_rel=1.88734e-06 mean_abs=1.3411e-07 tolerance=1e-5
poc22_position_0_blk15 topk_ids=50,32,62,54,0,33 normalized_weights=0.221069,0.169217,0.161532,0.157395,0.152721,0.138066,
poc22_position_0_blk15_routed expert_rank=0 expert_id=50 router_rank=0 graph_created=YES graph_refs=gate:0,up:1,down:2 storage_ref_base=160150 score_preserved=YES
poc22_position_0_blk15_routed expert_id=50 selected_range tensor=blk.1.ffn_gate_exps.weight offset=2690716880 bytes=563200 layout=DIRECT
poc22_position_0_blk15_routed expert_id=50 selected_range tensor=blk.1.ffn_up_exps.weight offset=2726761696 bytes=563200 layout=DIRECT
poc22_position_0_blk15_routed expert_id=50 selected_range tensor=blk.1.ffn_down_exps.weight offset=2815747312 bytes=1622016 layout=DIRECT
poc22_position_0_blk15_routed prefetch expert_id=50 tensor=blk.1.ffn_gate_exps.weight dependency_distance=0
poc22_position_0_blk15_routed prefetch expert_id=50 tensor=blk.1.ffn_up_exps.weight dependency_distance=0
poc22_position_0_blk15_routed prefetch expert_id=50 tensor=blk.1.ffn_down_exps.weight dependency_distance=2
expert_parity max_abs=0 max_rel=0 mean_abs=0 tolerance=1e-5
poc22_position_0_blk15_routed expert_id=50 consumer_wait=not_instrumented acquire_release=recorded peak_active=1622016 peak_resident=66776064
poc22_position_0_blk15_routed expert_rank=1 expert_id=32 router_rank=1 graph_created=YES graph_refs=gate:0,up:1,down:2 storage_ref_base=160096 score_preserved=YES
poc22_position_0_blk15_routed expert_id=32 selected_range tensor=blk.1.ffn_gate_exps.weight offset=2680579280 bytes=563200 layout=DIRECT
poc22_position_0_blk15_routed expert_id=32 selected_range tensor=blk.1.ffn_up_exps.weight offset=2716624096 bytes=563200 layout=DIRECT
poc22_position_0_blk15_routed expert_id=32 selected_range tensor=blk.1.ffn_down_exps.weight offset=2786551024 bytes=1622016 layout=DIRECT
poc22_position_0_blk15_routed prefetch expert_id=32 tensor=blk.1.ffn_gate_exps.weight dependency_distance=0
poc22_position_0_blk15_routed prefetch expert_id=32 tensor=blk.1.ffn_up_exps.weight dependency_distance=0
poc22_position_0_blk15_routed prefetch expert_id=32 tensor=blk.1.ffn_down_exps.weight dependency_distance=2
expert_parity max_abs=0 max_rel=0 mean_abs=0 tolerance=1e-5
poc22_position_0_blk15_routed expert_id=32 consumer_wait=not_instrumented acquire_release=recorded peak_active=1622016 peak_resident=66776064
poc22_position_0_blk15_routed expert_rank=2 expert_id=62 router_rank=2 graph_created=YES graph_refs=gate:0,up:1,down:2 storage_ref_base=160186 score_preserved=YES
poc22_position_0_blk15_routed expert_id=62 selected_range tensor=blk.1.ffn_gate_exps.weight offset=2697475280 bytes=563200 layout=DIRECT
poc22_position_0_blk15_routed expert_id=62 selected_range tensor=blk.1.ffn_up_exps.weight offset=2733520096 bytes=563200 layout=DIRECT
poc22_position_0_blk15_routed expert_id=62 selected_range tensor=blk.1.ffn_down_exps.weight offset=2835211504 bytes=1622016 layout=DIRECT
poc22_position_0_blk15_routed prefetch expert_id=62 tensor=blk.1.ffn_gate_exps.weight dependency_distance=0
poc22_position_0_blk15_routed prefetch expert_id=62 tensor=blk.1.ffn_up_exps.weight dependency_distance=0
poc22_position_0_blk15_routed prefetch expert_id=62 tensor=blk.1.ffn_down_exps.weight dependency_distance=2
expert_parity max_abs=0 max_rel=0 mean_abs=0 tolerance=1e-5
poc22_position_0_blk15_routed expert_id=62 consumer_wait=not_instrumented acquire_release=recorded peak_active=1622016 peak_resident=66776064
poc22_position_0_blk15_routed expert_rank=3 expert_id=54 router_rank=3 graph_created=YES graph_refs=gate:0,up:1,down:2 storage_ref_base=160162 score_preserved=YES
poc22_position_0_blk15_routed expert_id=54 selected_range tensor=blk.1.ffn_gate_exps.weight offset=2692969680 bytes=563200 layout=DIRECT
poc22_position_0_blk15_routed expert_id=54 selected_range tensor=blk.1.ffn_up_exps.weight offset=2729014496 bytes=563200 layout=DIRECT
poc22_position_0_blk15_routed expert_id=54 selected_range tensor=blk.1.ffn_down_exps.weight offset=2822235376 bytes=1622016 layout=DIRECT
poc22_position_0_blk15_routed prefetch expert_id=54 tensor=blk.1.ffn_gate_exps.weight dependency_distance=0
poc22_position_0_blk15_routed prefetch expert_id=54 tensor=blk.1.ffn_up_exps.weight dependency_distance=0
poc22_position_0_blk15_routed prefetch expert_id=54 tensor=blk.1.ffn_down_exps.weight dependency_distance=2
expert_parity max_abs=0 max_rel=0 mean_abs=0 tolerance=1e-5
poc22_position_0_blk15_routed expert_id=54 consumer_wait=not_instrumented acquire_release=recorded peak_active=1622016 peak_resident=66776064
poc22_position_0_blk15_routed expert_rank=4 expert_id=0 router_rank=4 graph_created=YES graph_refs=gate:0,up:1,down:2 storage_ref_base=160000 score_preserved=YES
poc22_position_0_blk15_routed expert_id=0 selected_range tensor=blk.1.ffn_gate_exps.weight offset=2662556880 bytes=563200 layout=DIRECT
poc22_position_0_blk15_routed expert_id=0 selected_range tensor=blk.1.ffn_up_exps.weight offset=2698601696 bytes=563200 layout=DIRECT
poc22_position_0_blk15_routed expert_id=0 selected_range tensor=blk.1.ffn_down_exps.weight offset=2734646512 bytes=1622016 layout=DIRECT
poc22_position_0_blk15_routed prefetch expert_id=0 tensor=blk.1.ffn_gate_exps.weight dependency_distance=0
poc22_position_0_blk15_routed prefetch expert_id=0 tensor=blk.1.ffn_up_exps.weight dependency_distance=0
poc22_position_0_blk15_routed prefetch expert_id=0 tensor=blk.1.ffn_down_exps.weight dependency_distance=2
expert_parity max_abs=0 max_rel=0 mean_abs=0 tolerance=1e-5
poc22_position_0_blk15_routed expert_id=0 consumer_wait=not_instrumented acquire_release=recorded peak_active=1622016 peak_resident=66212864
poc22_position_0_blk15_routed expert_rank=5 expert_id=33 router_rank=5 graph_created=YES graph_refs=gate:0,up:1,down:2 storage_ref_base=160099 score_preserved=YES
poc22_position_0_blk15_routed expert_id=33 selected_range tensor=blk.1.ffn_gate_exps.weight offset=2681142480 bytes=563200 layout=DIRECT
poc22_position_0_blk15_routed expert_id=33 selected_range tensor=blk.1.ffn_up_exps.weight offset=2717187296 bytes=563200 layout=DIRECT
poc22_position_0_blk15_routed expert_id=33 selected_range tensor=blk.1.ffn_down_exps.weight offset=2788173040 bytes=1622016 layout=DIRECT
poc22_position_0_blk15_routed prefetch expert_id=33 tensor=blk.1.ffn_gate_exps.weight dependency_distance=0
poc22_position_0_blk15_routed prefetch expert_id=33 tensor=blk.1.ffn_up_exps.weight dependency_distance=0
poc22_position_0_blk15_routed prefetch expert_id=33 tensor=blk.1.ffn_down_exps.weight dependency_distance=2
expert_parity max_abs=0 max_rel=0 mean_abs=0 tolerance=1e-5
poc22_position_0_blk15_routed expert_id=33 consumer_wait=not_instrumented acquire_release=recorded peak_active=1622016 peak_resident=66708480
poc22_position_0_blk15_routed residency_hits=36 residency_misses=42 source_reads=18 materialization_requests=18 source_policy_calls=18 evictions=17 resident_tensors_after=84
routed_merge_parity max_abs=0 max_rel=0 mean_abs=0 tolerance=1e-5
shared_expert_parity max_abs=0 max_rel=0 mean_abs=0 tolerance=1e-5
pre_residual_composition_parity max_abs=0 max_rel=0 mean_abs=0 tolerance=1e-5
final_layer_parity max_abs=0 max_rel=0 mean_abs=0 tolerance=1e-5
poc22_position_0_blk15 shared_expert=REQUIRED shared_graph_created=YES residual_add=YES final_composition=PASS
ffn_timing tensor=blk.1.ffn_gate_inp.weight payload_ready_ns=4389616258164 first_consumer_start_ns=4389825446557 payload_to_first_consumer_ns=209188393
ffn_timing tensor=blk.1.ffn_gate_shexp.weight payload_ready_ns=4399610414073 first_consumer_start_ns=4399824591905 payload_to_first_consumer_ns=214177832
ffn_timing tensor=blk.1.ffn_gate_exps.weight payload_ready_ns=4390141526308 first_consumer_start_ns=4390351639099 payload_to_first_consumer_ns=210112791
poc22_position_0_blk15 full_layer_residency_hits=46 misses=51 evictions=26 source_reads=23 source_bytes=20402176 materialization_requests=23 resident_tensors_after=79
poc22_position_0_blk15 full_layer_peak_active_persistent_bytes=1622016 full_layer_peak_resident_bytes=66776064
poc22_position_0_blk15 first_payload_to_shared_compute_start_ns=10399300091 execution_ready_to_consumer_ns=NOT_INSTRUMENTED payload_to_first_useful_compute=NOT_INSTRUMENTED
normalized_input_parity max_abs=0 max_rel=0 mean_abs=0 tolerance=1e-5
router_score_parity max_abs=2.02656e-06 max_rel=2.52163e-05 mean_abs=3.71911e-07 tolerance=1e-5
selected_weight_parity max_abs=4.17233e-07 max_rel=1.88734e-06 mean_abs=1.3411e-07 tolerance=1e-5
reference_poc22_position_0_blk15 topk_ids=50,32,62,54,0,33 normalized_weights=0.221069,0.169217,0.161532,0.157395,0.152721,0.138066,
reference_poc22_position_0_blk15_routed expert_rank=0 expert_id=50 router_rank=0 graph_created=YES graph_refs=gate:0,up:1,down:2 storage_ref_base=160150 score_preserved=YES
reference_poc22_position_0_blk15_routed expert_id=50 selected_range tensor=blk.1.ffn_gate_exps.weight offset=2690716880 bytes=563200 layout=DIRECT
reference_poc22_position_0_blk15_routed expert_id=50 selected_range tensor=blk.1.ffn_up_exps.weight offset=2726761696 bytes=563200 layout=DIRECT
reference_poc22_position_0_blk15_routed expert_id=50 selected_range tensor=blk.1.ffn_down_exps.weight offset=2815747312 bytes=1622016 layout=DIRECT
reference_poc22_position_0_blk15_routed prefetch expert_id=50 tensor=blk.1.ffn_gate_exps.weight dependency_distance=0
reference_poc22_position_0_blk15_routed prefetch expert_id=50 tensor=blk.1.ffn_up_exps.weight dependency_distance=0
reference_poc22_position_0_blk15_routed prefetch expert_id=50 tensor=blk.1.ffn_down_exps.weight dependency_distance=2
expert_parity max_abs=0 max_rel=0 mean_abs=0 tolerance=1e-5
reference_poc22_position_0_blk15_routed expert_id=50 consumer_wait=not_instrumented acquire_release=recorded peak_active=1622016 peak_resident=3280896
reference_poc22_position_0_blk15_routed expert_rank=1 expert_id=32 router_rank=1 graph_created=YES graph_refs=gate:0,up:1,down:2 storage_ref_base=160096 score_preserved=YES
reference_poc22_position_0_blk15_routed expert_id=32 selected_range tensor=blk.1.ffn_gate_exps.weight offset=2680579280 bytes=563200 layout=DIRECT
reference_poc22_position_0_blk15_routed expert_id=32 selected_range tensor=blk.1.ffn_up_exps.weight offset=2716624096 bytes=563200 layout=DIRECT
reference_poc22_position_0_blk15_routed expert_id=32 selected_range tensor=blk.1.ffn_down_exps.weight offset=2786551024 bytes=1622016 layout=DIRECT
reference_poc22_position_0_blk15_routed prefetch expert_id=32 tensor=blk.1.ffn_gate_exps.weight dependency_distance=0
reference_poc22_position_0_blk15_routed prefetch expert_id=32 tensor=blk.1.ffn_up_exps.weight dependency_distance=0
reference_poc22_position_0_blk15_routed prefetch expert_id=32 tensor=blk.1.ffn_down_exps.weight dependency_distance=2
expert_parity max_abs=0 max_rel=0 mean_abs=0 tolerance=1e-5
reference_poc22_position_0_blk15_routed expert_id=32 consumer_wait=not_instrumented acquire_release=recorded peak_active=1622016 peak_resident=6029312
reference_poc22_position_0_blk15_routed expert_rank=2 expert_id=62 router_rank=2 graph_created=YES graph_refs=gate:0,up:1,down:2 storage_ref_base=160186 score_preserved=YES
reference_poc22_position_0_blk15_routed expert_id=62 selected_range tensor=blk.1.ffn_gate_exps.weight offset=2697475280 bytes=563200 layout=DIRECT
reference_poc22_position_0_blk15_routed expert_id=62 selected_range tensor=blk.1.ffn_up_exps.weight offset=2733520096 bytes=563200 layout=DIRECT
reference_poc22_position_0_blk15_routed expert_id=62 selected_range tensor=blk.1.ffn_down_exps.weight offset=2835211504 bytes=1622016 layout=DIRECT
reference_poc22_position_0_blk15_routed prefetch expert_id=62 tensor=blk.1.ffn_gate_exps.weight dependency_distance=0
reference_poc22_position_0_blk15_routed prefetch expert_id=62 tensor=blk.1.ffn_up_exps.weight dependency_distance=0
reference_poc22_position_0_blk15_routed prefetch expert_id=62 tensor=blk.1.ffn_down_exps.weight dependency_distance=2
expert_parity max_abs=0 max_rel=0 mean_abs=0 tolerance=1e-5
reference_poc22_position_0_blk15_routed expert_id=62 consumer_wait=not_instrumented acquire_release=recorded peak_active=1622016 peak_resident=8245248
reference_poc22_position_0_blk15_routed expert_rank=3 expert_id=54 router_rank=3 graph_created=YES graph_refs=gate:0,up:1,down:2 storage_ref_base=160162 score_preserved=YES
reference_poc22_position_0_blk15_routed expert_id=54 selected_range tensor=blk.1.ffn_gate_exps.weight offset=2692969680 bytes=563200 layout=DIRECT
reference_poc22_position_0_blk15_routed expert_id=54 selected_range tensor=blk.1.ffn_up_exps.weight offset=2729014496 bytes=563200 layout=DIRECT
reference_poc22_position_0_blk15_routed expert_id=54 selected_range tensor=blk.1.ffn_down_exps.weight offset=2822235376 bytes=1622016 layout=DIRECT
reference_poc22_position_0_blk15_routed prefetch expert_id=54 tensor=blk.1.ffn_gate_exps.weight dependency_distance=0
reference_poc22_position_0_blk15_routed prefetch expert_id=54 tensor=blk.1.ffn_up_exps.weight dependency_distance=0
reference_poc22_position_0_blk15_routed prefetch expert_id=54 tensor=blk.1.ffn_down_exps.weight dependency_distance=2
expert_parity max_abs=0 max_rel=0 mean_abs=0 tolerance=1e-5
reference_poc22_position_0_blk15_routed expert_id=54 consumer_wait=not_instrumented acquire_release=recorded peak_active=1622016 peak_resident=8245248
reference_poc22_position_0_blk15_routed expert_rank=4 expert_id=0 router_rank=4 graph_created=YES graph_refs=gate:0,up:1,down:2 storage_ref_base=160000 score_preserved=YES
reference_poc22_position_0_blk15_routed expert_id=0 selected_range tensor=blk.1.ffn_gate_exps.weight offset=2662556880 bytes=563200 layout=DIRECT
reference_poc22_position_0_blk15_routed expert_id=0 selected_range tensor=blk.1.ffn_up_exps.weight offset=2698601696 bytes=563200 layout=DIRECT
reference_poc22_position_0_blk15_routed expert_id=0 selected_range tensor=blk.1.ffn_down_exps.weight offset=2734646512 bytes=1622016 layout=DIRECT
reference_poc22_position_0_blk15_routed prefetch expert_id=0 tensor=blk.1.ffn_gate_exps.weight dependency_distance=0
reference_poc22_position_0_blk15_routed prefetch expert_id=0 tensor=blk.1.ffn_up_exps.weight dependency_distance=0
reference_poc22_position_0_blk15_routed prefetch expert_id=0 tensor=blk.1.ffn_down_exps.weight dependency_distance=2
expert_parity max_abs=0 max_rel=0 mean_abs=0 tolerance=1e-5
reference_poc22_position_0_blk15_routed expert_id=0 consumer_wait=not_instrumented acquire_release=recorded peak_active=1622016 peak_resident=8245248
reference_poc22_position_0_blk15_routed expert_rank=5 expert_id=33 router_rank=5 graph_created=YES graph_refs=gate:0,up:1,down:2 storage_ref_base=160099 score_preserved=YES
reference_poc22_position_0_blk15_routed expert_id=33 selected_range tensor=blk.1.ffn_gate_exps.weight offset=2681142480 bytes=563200 layout=DIRECT
reference_poc22_position_0_blk15_routed expert_id=33 selected_range tensor=blk.1.ffn_up_exps.weight offset=2717187296 bytes=563200 layout=DIRECT
reference_poc22_position_0_blk15_routed expert_id=33 selected_range tensor=blk.1.ffn_down_exps.weight offset=2788173040 bytes=1622016 layout=DIRECT
reference_poc22_position_0_blk15_routed prefetch expert_id=33 tensor=blk.1.ffn_gate_exps.weight dependency_distance=0
reference_poc22_position_0_blk15_routed prefetch expert_id=33 tensor=blk.1.ffn_up_exps.weight dependency_distance=0
reference_poc22_position_0_blk15_routed prefetch expert_id=33 tensor=blk.1.ffn_down_exps.weight dependency_distance=2
expert_parity max_abs=0 max_rel=0 mean_abs=0 tolerance=1e-5
reference_poc22_position_0_blk15_routed expert_id=33 consumer_wait=not_instrumented acquire_release=recorded peak_active=1622016 peak_resident=8245248
reference_poc22_position_0_blk15_routed residency_hits=36 residency_misses=42 source_reads=18 materialization_requests=18 source_policy_calls=18 evictions=11 resident_tensors_after=9
routed_merge_parity max_abs=0 max_rel=0 mean_abs=0 tolerance=1e-5
shared_expert_parity max_abs=0 max_rel=0 mean_abs=0 tolerance=1e-5
pre_residual_composition_parity max_abs=0 max_rel=0 mean_abs=0 tolerance=1e-5
final_layer_parity max_abs=0 max_rel=0 mean_abs=0 tolerance=1e-5
reference_poc22_position_0_blk15 shared_expert=REQUIRED shared_graph_created=YES residual_add=YES final_composition=PASS
ffn_timing tensor=blk.1.ffn_gate_inp.weight payload_ready_ns=4401717101409 first_consumer_start_ns=4401924914705 payload_to_first_consumer_ns=207813296
ffn_timing tensor=blk.1.ffn_gate_shexp.weight payload_ready_ns=4411751322000 first_consumer_start_ns=4411965293754 payload_to_first_consumer_ns=213971754
ffn_timing tensor=blk.1.ffn_gate_exps.weight payload_ready_ns=4402241203744 first_consumer_start_ns=4402449500030 payload_to_first_consumer_ns=208296286
reference_poc22_position_0_blk15 full_layer_residency_hits=46 misses=51 evictions=15 source_reads=23 source_bytes=20402176 materialization_requests=23 resident_tensors_after=8
reference_poc22_position_0_blk15 full_layer_peak_active_persistent_bytes=1622016 full_layer_peak_resident_bytes=8312832
reference_poc22_position_0_blk15 first_payload_to_shared_compute_start_ns=10444404211 execution_ready_to_consumer_ns=NOT_INSTRUMENTED payload_to_first_useful_compute=NOT_INSTRUMENTED
poc22_position_0_blk15_attention_parity max_abs=0 max_rel=0 mean_abs=0 tolerance=1e-5
poc22_position_0_blk15_block_parity max_abs=0 max_rel=0 mean_abs=0 tolerance=1e-5
poc22_position_0 block_handoff block=16 handoff_ns=338534 activation_copy_bytes=0
attention_timing tensor=blk.1.attn_norm.weight payload_ready_ns=4165943377826 first_consumer_start_ns=4413578850706 payload_to_first_consumer_ns=247635472880
attention_timing tensor=blk.1.attn_q.weight payload_ready_ns=4165987887583 first_consumer_start_ns=4414123642951 payload_to_first_consumer_ns=248135755368
attention_timing tensor=blk.1.attn_kv_a_mqa.weight payload_ready_ns=4166024115135 first_consumer_start_ns=4414669216306 payload_to_first_consumer_ns=248645101171
attention_timing tensor=blk.1.attn_kv_a_norm.weight payload_ready_ns=4166096322368 first_consumer_start_ns=4415214302170 payload_to_first_consumer_ns=249117979802
attention_timing tensor=blk.1.attn_kv_b.weight payload_ready_ns=4166131406860 first_consumer_start_ns=4415758041937 payload_to_first_consumer_ns=249626635077
attention_timing tensor=blk.1.attn_output.weight payload_ready_ns=4166174744099 first_consumer_start_ns=4416302091530 payload_to_first_consumer_ns=250127347431
poc22_position_0_blk16 position=0 state_k_positions=1 state_v_positions=1 attention_probs=1,1,1,1,1,1,1,1,1,1,1,1,1,1,1,1,
reference_attention position=0 state_k_positions=1 state_v_positions=1 attention_probs=1,1,1,1,1,1,1,1,1,1,1,1,1,1,1,1,
normalized_input_parity max_abs=0 max_rel=0 mean_abs=0 tolerance=1e-5
router_score_parity max_abs=1.78814e-06 max_rel=2.69967e-06 mean_abs=3.40224e-07 tolerance=1e-5
selected_weight_parity max_abs=1.78814e-07 max_rel=1.33747e-06 mean_abs=8.07146e-08 tolerance=1e-5
poc22_position_0_blk16 topk_ids=26,45,29,52,56,30 normalized_weights=0.333136,0.148802,0.143103,0.133696,0.128302,0.112961,
poc22_position_0_blk16_routed expert_rank=0 expert_id=26 router_rank=0 graph_created=YES graph_refs=gate:0,up:1,down:2 storage_ref_base=170078 score_preserved=YES
poc22_position_0_blk16_routed expert_id=26 selected_range tensor=blk.1.ffn_gate_exps.weight offset=2859970968 bytes=563200 layout=DIRECT
poc22_position_0_blk16_routed expert_id=26 selected_range tensor=blk.1.ffn_up_exps.weight offset=2896015784 bytes=563200 layout=DIRECT
poc22_position_0_blk16_routed expert_id=26 selected_range tensor=blk.1.ffn_down_exps.weight offset=2959589816 bytes=1622016 layout=DIRECT
poc22_position_0_blk16_routed prefetch expert_id=26 tensor=blk.1.ffn_gate_exps.weight dependency_distance=0
poc22_position_0_blk16_routed prefetch expert_id=26 tensor=blk.1.ffn_up_exps.weight dependency_distance=0
poc22_position_0_blk16_routed prefetch expert_id=26 tensor=blk.1.ffn_down_exps.weight dependency_distance=2
expert_parity max_abs=0 max_rel=0 mean_abs=0 tolerance=1e-5
poc22_position_0_blk16_routed expert_id=26 consumer_wait=not_instrumented acquire_release=recorded peak_active=1622016 peak_resident=66776064
poc22_position_0_blk16_routed expert_rank=1 expert_id=45 router_rank=1 graph_created=YES graph_refs=gate:0,up:1,down:2 storage_ref_base=170135 score_preserved=YES
poc22_position_0_blk16_routed expert_id=45 selected_range tensor=blk.1.ffn_gate_exps.weight offset=2870671768 bytes=563200 layout=DIRECT
poc22_position_0_blk16_routed expert_id=45 selected_range tensor=blk.1.ffn_up_exps.weight offset=2906716584 bytes=563200 layout=DIRECT
poc22_position_0_blk16_routed expert_id=45 selected_range tensor=blk.1.ffn_down_exps.weight offset=2990408120 bytes=1622016 layout=DIRECT
poc22_position_0_blk16_routed prefetch expert_id=45 tensor=blk.1.ffn_gate_exps.weight dependency_distance=0
poc22_position_0_blk16_routed prefetch expert_id=45 tensor=blk.1.ffn_up_exps.weight dependency_distance=0
poc22_position_0_blk16_routed prefetch expert_id=45 tensor=blk.1.ffn_down_exps.weight dependency_distance=2
expert_parity max_abs=0 max_rel=0 mean_abs=0 tolerance=1e-5
poc22_position_0_blk16_routed expert_id=45 consumer_wait=not_instrumented acquire_release=recorded peak_active=1622016 peak_resident=66776064
poc22_position_0_blk16_routed expert_rank=2 expert_id=29 router_rank=2 graph_created=YES graph_refs=gate:0,up:1,down:2 storage_ref_base=170087 score_preserved=YES
poc22_position_0_blk16_routed expert_id=29 selected_range tensor=blk.1.ffn_gate_exps.weight offset=2861660568 bytes=563200 layout=DIRECT
poc22_position_0_blk16_routed expert_id=29 selected_range tensor=blk.1.ffn_up_exps.weight offset=2897705384 bytes=563200 layout=DIRECT
poc22_position_0_blk16_routed expert_id=29 selected_range tensor=blk.1.ffn_down_exps.weight offset=2964455864 bytes=1622016 layout=DIRECT
poc22_position_0_blk16_routed prefetch expert_id=29 tensor=blk.1.ffn_gate_exps.weight dependency_distance=0
poc22_position_0_blk16_routed prefetch expert_id=29 tensor=blk.1.ffn_up_exps.weight dependency_distance=0
poc22_position_0_blk16_routed prefetch expert_id=29 tensor=blk.1.ffn_down_exps.weight dependency_distance=2
expert_parity max_abs=0 max_rel=0 mean_abs=0 tolerance=1e-5
poc22_position_0_blk16_routed expert_id=29 consumer_wait=not_instrumented acquire_release=recorded peak_active=1622016 peak_resident=66776064
poc22_position_0_blk16_routed expert_rank=3 expert_id=52 router_rank=3 graph_created=YES graph_refs=gate:0,up:1,down:2 storage_ref_base=170156 score_preserved=YES
poc22_position_0_blk16_routed expert_id=52 selected_range tensor=blk.1.ffn_gate_exps.weight offset=2874614168 bytes=563200 layout=DIRECT
poc22_position_0_blk16_routed expert_id=52 selected_range tensor=blk.1.ffn_up_exps.weight offset=2910658984 bytes=563200 layout=DIRECT
poc22_position_0_blk16_routed expert_id=52 selected_range tensor=blk.1.ffn_down_exps.weight offset=3001762232 bytes=1622016 layout=DIRECT
poc22_position_0_blk16_routed prefetch expert_id=52 tensor=blk.1.ffn_gate_exps.weight dependency_distance=0
poc22_position_0_blk16_routed prefetch expert_id=52 tensor=blk.1.ffn_up_exps.weight dependency_distance=0
poc22_position_0_blk16_routed prefetch expert_id=52 tensor=blk.1.ffn_down_exps.weight dependency_distance=2
expert_parity max_abs=0 max_rel=0 mean_abs=0 tolerance=1e-5
poc22_position_0_blk16_routed expert_id=52 consumer_wait=not_instrumented acquire_release=recorded peak_active=1622016 peak_resident=66776064
poc22_position_0_blk16_routed expert_rank=4 expert_id=56 router_rank=4 graph_created=YES graph_refs=gate:0,up:1,down:2 storage_ref_base=170168 score_preserved=YES
poc22_position_0_blk16_routed expert_id=56 selected_range tensor=blk.1.ffn_gate_exps.weight offset=2876866968 bytes=563200 layout=DIRECT
poc22_position_0_blk16_routed expert_id=56 selected_range tensor=blk.1.ffn_up_exps.weight offset=2912911784 bytes=563200 layout=DIRECT
poc22_position_0_blk16_routed expert_id=56 selected_range tensor=blk.1.ffn_down_exps.weight offset=3008250296 bytes=1622016 layout=DIRECT
poc22_position_0_blk16_routed prefetch expert_id=56 tensor=blk.1.ffn_gate_exps.weight dependency_distance=0
poc22_position_0_blk16_routed prefetch expert_id=56 tensor=blk.1.ffn_up_exps.weight dependency_distance=0
poc22_position_0_blk16_routed prefetch expert_id=56 tensor=blk.1.ffn_down_exps.weight dependency_distance=2
expert_parity max_abs=0 max_rel=0 mean_abs=0 tolerance=1e-5
poc22_position_0_blk16_routed expert_id=56 consumer_wait=not_instrumented acquire_release=recorded peak_active=1622016 peak_resident=66212864
poc22_position_0_blk16_routed expert_rank=5 expert_id=30 router_rank=5 graph_created=YES graph_refs=gate:0,up:1,down:2 storage_ref_base=170090 score_preserved=YES
poc22_position_0_blk16_routed expert_id=30 selected_range tensor=blk.1.ffn_gate_exps.weight offset=2862223768 bytes=563200 layout=DIRECT
poc22_position_0_blk16_routed expert_id=30 selected_range tensor=blk.1.ffn_up_exps.weight offset=2898268584 bytes=563200 layout=DIRECT
poc22_position_0_blk16_routed expert_id=30 selected_range tensor=blk.1.ffn_down_exps.weight offset=2966077880 bytes=1622016 layout=DIRECT
poc22_position_0_blk16_routed prefetch expert_id=30 tensor=blk.1.ffn_gate_exps.weight dependency_distance=0
poc22_position_0_blk16_routed prefetch expert_id=30 tensor=blk.1.ffn_up_exps.weight dependency_distance=0
poc22_position_0_blk16_routed prefetch expert_id=30 tensor=blk.1.ffn_down_exps.weight dependency_distance=2
expert_parity max_abs=0 max_rel=0 mean_abs=0 tolerance=1e-5
poc22_position_0_blk16_routed expert_id=30 consumer_wait=not_instrumented acquire_release=recorded peak_active=1622016 peak_resident=66708480
poc22_position_0_blk16_routed residency_hits=36 residency_misses=42 source_reads=18 materialization_requests=18 source_policy_calls=18 evictions=17 resident_tensors_after=84
routed_merge_parity max_abs=0 max_rel=0 mean_abs=0 tolerance=1e-5
shared_expert_parity max_abs=0 max_rel=0 mean_abs=0 tolerance=1e-5
pre_residual_composition_parity max_abs=0 max_rel=0 mean_abs=0 tolerance=1e-5
final_layer_parity max_abs=0 max_rel=0 mean_abs=0 tolerance=1e-5
poc22_position_0_blk16 shared_expert=REQUIRED shared_graph_created=YES residual_add=YES final_composition=PASS
ffn_timing tensor=blk.1.ffn_gate_inp.weight payload_ready_ns=4417181405900 first_consumer_start_ns=4417401122286 payload_to_first_consumer_ns=219716386
ffn_timing tensor=blk.1.ffn_gate_shexp.weight payload_ready_ns=4427699948096 first_consumer_start_ns=4427925682776 payload_to_first_consumer_ns=225734680
ffn_timing tensor=blk.1.ffn_gate_exps.weight payload_ready_ns=4417732709012 first_consumer_start_ns=4417953449253 payload_to_first_consumer_ns=220740241
poc22_position_0_blk16 full_layer_residency_hits=46 misses=51 evictions=26 source_reads=23 source_bytes=20402176 materialization_requests=23 resident_tensors_after=79
poc22_position_0_blk16 full_layer_peak_active_persistent_bytes=1622016 full_layer_peak_resident_bytes=66776064
poc22_position_0_blk16 first_payload_to_shared_compute_start_ns=10943792842 execution_ready_to_consumer_ns=NOT_INSTRUMENTED payload_to_first_useful_compute=NOT_INSTRUMENTED
normalized_input_parity max_abs=0 max_rel=0 mean_abs=0 tolerance=1e-5
router_score_parity max_abs=1.78814e-06 max_rel=2.69967e-06 mean_abs=3.40224e-07 tolerance=1e-5
selected_weight_parity max_abs=1.78814e-07 max_rel=1.33747e-06 mean_abs=8.07146e-08 tolerance=1e-5
reference_poc22_position_0_blk16 topk_ids=26,45,29,52,56,30 normalized_weights=0.333136,0.148802,0.143103,0.133696,0.128302,0.112961,
reference_poc22_position_0_blk16_routed expert_rank=0 expert_id=26 router_rank=0 graph_created=YES graph_refs=gate:0,up:1,down:2 storage_ref_base=170078 score_preserved=YES
reference_poc22_position_0_blk16_routed expert_id=26 selected_range tensor=blk.1.ffn_gate_exps.weight offset=2859970968 bytes=563200 layout=DIRECT
reference_poc22_position_0_blk16_routed expert_id=26 selected_range tensor=blk.1.ffn_up_exps.weight offset=2896015784 bytes=563200 layout=DIRECT
reference_poc22_position_0_blk16_routed expert_id=26 selected_range tensor=blk.1.ffn_down_exps.weight offset=2959589816 bytes=1622016 layout=DIRECT
reference_poc22_position_0_blk16_routed prefetch expert_id=26 tensor=blk.1.ffn_gate_exps.weight dependency_distance=0
reference_poc22_position_0_blk16_routed prefetch expert_id=26 tensor=blk.1.ffn_up_exps.weight dependency_distance=0
reference_poc22_position_0_blk16_routed prefetch expert_id=26 tensor=blk.1.ffn_down_exps.weight dependency_distance=2
expert_parity max_abs=0 max_rel=0 mean_abs=0 tolerance=1e-5
reference_poc22_position_0_blk16_routed expert_id=26 consumer_wait=not_instrumented acquire_release=recorded peak_active=1622016 peak_resident=3280896
reference_poc22_position_0_blk16_routed expert_rank=1 expert_id=45 router_rank=1 graph_created=YES graph_refs=gate:0,up:1,down:2 storage_ref_base=170135 score_preserved=YES
reference_poc22_position_0_blk16_routed expert_id=45 selected_range tensor=blk.1.ffn_gate_exps.weight offset=2870671768 bytes=563200 layout=DIRECT
reference_poc22_position_0_blk16_routed expert_id=45 selected_range tensor=blk.1.ffn_up_exps.weight offset=2906716584 bytes=563200 layout=DIRECT
reference_poc22_position_0_blk16_routed expert_id=45 selected_range tensor=blk.1.ffn_down_exps.weight offset=2990408120 bytes=1622016 layout=DIRECT
reference_poc22_position_0_blk16_routed prefetch expert_id=45 tensor=blk.1.ffn_gate_exps.weight dependency_distance=0
reference_poc22_position_0_blk16_routed prefetch expert_id=45 tensor=blk.1.ffn_up_exps.weight dependency_distance=0
reference_poc22_position_0_blk16_routed prefetch expert_id=45 tensor=blk.1.ffn_down_exps.weight dependency_distance=2
expert_parity max_abs=0 max_rel=0 mean_abs=0 tolerance=1e-5
reference_poc22_position_0_blk16_routed expert_id=45 consumer_wait=not_instrumented acquire_release=recorded peak_active=1622016 peak_resident=6029312
reference_poc22_position_0_blk16_routed expert_rank=2 expert_id=29 router_rank=2 graph_created=YES graph_refs=gate:0,up:1,down:2 storage_ref_base=170087 score_preserved=YES
reference_poc22_position_0_blk16_routed expert_id=29 selected_range tensor=blk.1.ffn_gate_exps.weight offset=2861660568 bytes=563200 layout=DIRECT
reference_poc22_position_0_blk16_routed expert_id=29 selected_range tensor=blk.1.ffn_up_exps.weight offset=2897705384 bytes=563200 layout=DIRECT
reference_poc22_position_0_blk16_routed expert_id=29 selected_range tensor=blk.1.ffn_down_exps.weight offset=2964455864 bytes=1622016 layout=DIRECT
reference_poc22_position_0_blk16_routed prefetch expert_id=29 tensor=blk.1.ffn_gate_exps.weight dependency_distance=0
reference_poc22_position_0_blk16_routed prefetch expert_id=29 tensor=blk.1.ffn_up_exps.weight dependency_distance=0
reference_poc22_position_0_blk16_routed prefetch expert_id=29 tensor=blk.1.ffn_down_exps.weight dependency_distance=2
expert_parity max_abs=0 max_rel=0 mean_abs=0 tolerance=1e-5
reference_poc22_position_0_blk16_routed expert_id=29 consumer_wait=not_instrumented acquire_release=recorded peak_active=1622016 peak_resident=8245248
reference_poc22_position_0_blk16_routed expert_rank=3 expert_id=52 router_rank=3 graph_created=YES graph_refs=gate:0,up:1,down:2 storage_ref_base=170156 score_preserved=YES
reference_poc22_position_0_blk16_routed expert_id=52 selected_range tensor=blk.1.ffn_gate_exps.weight offset=2874614168 bytes=563200 layout=DIRECT
reference_poc22_position_0_blk16_routed expert_id=52 selected_range tensor=blk.1.ffn_up_exps.weight offset=2910658984 bytes=563200 layout=DIRECT
reference_poc22_position_0_blk16_routed expert_id=52 selected_range tensor=blk.1.ffn_down_exps.weight offset=3001762232 bytes=1622016 layout=DIRECT
reference_poc22_position_0_blk16_routed prefetch expert_id=52 tensor=blk.1.ffn_gate_exps.weight dependency_distance=0
reference_poc22_position_0_blk16_routed prefetch expert_id=52 tensor=blk.1.ffn_up_exps.weight dependency_distance=0
reference_poc22_position_0_blk16_routed prefetch expert_id=52 tensor=blk.1.ffn_down_exps.weight dependency_distance=2
expert_parity max_abs=0 max_rel=0 mean_abs=0 tolerance=1e-5
reference_poc22_position_0_blk16_routed expert_id=52 consumer_wait=not_instrumented acquire_release=recorded peak_active=1622016 peak_resident=8245248
reference_poc22_position_0_blk16_routed expert_rank=4 expert_id=56 router_rank=4 graph_created=YES graph_refs=gate:0,up:1,down:2 storage_ref_base=170168 score_preserved=YES
reference_poc22_position_0_blk16_routed expert_id=56 selected_range tensor=blk.1.ffn_gate_exps.weight offset=2876866968 bytes=563200 layout=DIRECT
reference_poc22_position_0_blk16_routed expert_id=56 selected_range tensor=blk.1.ffn_up_exps.weight offset=2912911784 bytes=563200 layout=DIRECT
reference_poc22_position_0_blk16_routed expert_id=56 selected_range tensor=blk.1.ffn_down_exps.weight offset=3008250296 bytes=1622016 layout=DIRECT
reference_poc22_position_0_blk16_routed prefetch expert_id=56 tensor=blk.1.ffn_gate_exps.weight dependency_distance=0
reference_poc22_position_0_blk16_routed prefetch expert_id=56 tensor=blk.1.ffn_up_exps.weight dependency_distance=0
reference_poc22_position_0_blk16_routed prefetch expert_id=56 tensor=blk.1.ffn_down_exps.weight dependency_distance=2
expert_parity max_abs=0 max_rel=0 mean_abs=0 tolerance=1e-5
reference_poc22_position_0_blk16_routed expert_id=56 consumer_wait=not_instrumented acquire_release=recorded peak_active=1622016 peak_resident=8245248
reference_poc22_position_0_blk16_routed expert_rank=5 expert_id=30 router_rank=5 graph_created=YES graph_refs=gate:0,up:1,down:2 storage_ref_base=170090 score_preserved=YES
reference_poc22_position_0_blk16_routed expert_id=30 selected_range tensor=blk.1.ffn_gate_exps.weight offset=2862223768 bytes=563200 layout=DIRECT
reference_poc22_position_0_blk16_routed expert_id=30 selected_range tensor=blk.1.ffn_up_exps.weight offset=2898268584 bytes=563200 layout=DIRECT
reference_poc22_position_0_blk16_routed expert_id=30 selected_range tensor=blk.1.ffn_down_exps.weight offset=2966077880 bytes=1622016 layout=DIRECT
reference_poc22_position_0_blk16_routed prefetch expert_id=30 tensor=blk.1.ffn_gate_exps.weight dependency_distance=0
reference_poc22_position_0_blk16_routed prefetch expert_id=30 tensor=blk.1.ffn_up_exps.weight dependency_distance=0
reference_poc22_position_0_blk16_routed prefetch expert_id=30 tensor=blk.1.ffn_down_exps.weight dependency_distance=2
expert_parity max_abs=0 max_rel=0 mean_abs=0 tolerance=1e-5
reference_poc22_position_0_blk16_routed expert_id=30 consumer_wait=not_instrumented acquire_release=recorded peak_active=1622016 peak_resident=8245248
reference_poc22_position_0_blk16_routed residency_hits=36 residency_misses=42 source_reads=18 materialization_requests=18 source_policy_calls=18 evictions=11 resident_tensors_after=9
routed_merge_parity max_abs=0 max_rel=0 mean_abs=0 tolerance=1e-5
shared_expert_parity max_abs=0 max_rel=0 mean_abs=0 tolerance=1e-5
pre_residual_composition_parity max_abs=0 max_rel=0 mean_abs=0 tolerance=1e-5
final_layer_parity max_abs=0 max_rel=0 mean_abs=0 tolerance=1e-5
reference_poc22_position_0_blk16 shared_expert=REQUIRED shared_graph_created=YES residual_add=YES final_composition=PASS
ffn_timing tensor=blk.1.ffn_gate_inp.weight payload_ready_ns=4429929363467 first_consumer_start_ns=4430147935585 payload_to_first_consumer_ns=218572118
ffn_timing tensor=blk.1.ffn_gate_shexp.weight payload_ready_ns=4440540411940 first_consumer_start_ns=4440766856481 payload_to_first_consumer_ns=226444541
ffn_timing tensor=blk.1.ffn_gate_exps.weight payload_ready_ns=4430481799515 first_consumer_start_ns=4430701926226 payload_to_first_consumer_ns=220126711
reference_poc22_position_0_blk16 full_layer_residency_hits=46 misses=51 evictions=15 source_reads=23 source_bytes=20402176 materialization_requests=23 resident_tensors_after=8
reference_poc22_position_0_blk16 full_layer_peak_active_persistent_bytes=1622016 full_layer_peak_resident_bytes=8312832
reference_poc22_position_0_blk16 first_payload_to_shared_compute_start_ns=11043291059 execution_ready_to_consumer_ns=NOT_INSTRUMENTED payload_to_first_useful_compute=NOT_INSTRUMENTED
poc22_position_0_blk16_attention_parity max_abs=0 max_rel=0 mean_abs=0 tolerance=1e-5
poc22_position_0_blk16_block_parity max_abs=0 max_rel=0 mean_abs=0 tolerance=1e-5
poc22_position_0 block_handoff block=17 handoff_ns=308702 activation_copy_bytes=0
attention_timing tensor=blk.1.attn_norm.weight payload_ready_ns=4165943377826 first_consumer_start_ns=4442472337597 payload_to_first_consumer_ns=276528959771
attention_timing tensor=blk.1.attn_q.weight payload_ready_ns=4165987887583 first_consumer_start_ns=4443049705094 payload_to_first_consumer_ns=277061817511
attention_timing tensor=blk.1.attn_kv_a_mqa.weight payload_ready_ns=4166024115135 first_consumer_start_ns=4443628294898 payload_to_first_consumer_ns=277604179763
attention_timing tensor=blk.1.attn_kv_a_norm.weight payload_ready_ns=4166096322368 first_consumer_start_ns=4444206816163 payload_to_first_consumer_ns=278110493795
attention_timing tensor=blk.1.attn_kv_b.weight payload_ready_ns=4166131406860 first_consumer_start_ns=4444784660275 payload_to_first_consumer_ns=278653253415
attention_timing tensor=blk.1.attn_output.weight payload_ready_ns=4166174744099 first_consumer_start_ns=4445361838025 payload_to_first_consumer_ns=279187093926
poc22_position_0_blk17 position=0 state_k_positions=1 state_v_positions=1 attention_probs=1,1,1,1,1,1,1,1,1,1,1,1,1,1,1,1,
reference_attention position=0 state_k_positions=1 state_v_positions=1 attention_probs=1,1,1,1,1,1,1,1,1,1,1,1,1,1,1,1,
normalized_input_parity max_abs=0 max_rel=0 mean_abs=0 tolerance=1e-5
router_score_parity max_abs=1.84774e-06 max_rel=0.000105252 mean_abs=3.40522e-07 tolerance=1e-5
selected_weight_parity max_abs=1.78814e-07 max_rel=1.28999e-06 mean_abs=7.69893e-08 tolerance=1e-5
poc22_position_0_blk17 topk_ids=42,0,7,3,28,26 normalized_weights=0.233401,0.188662,0.155256,0.148478,0.138617,0.135587,
poc22_position_0_blk17_routed expert_rank=0 expert_id=42 router_rank=0 graph_created=YES graph_refs=gate:0,up:1,down:2 storage_ref_base=180126 score_preserved=YES
poc22_position_0_blk17_routed expert_id=42 selected_range tensor=blk.1.ffn_gate_exps.weight offset=3051753056 bytes=563200 layout=DIRECT
poc22_position_0_blk17_routed expert_id=42 selected_range tensor=blk.1.ffn_up_exps.weight offset=3087797872 bytes=563200 layout=DIRECT
poc22_position_0_blk17_routed expert_id=42 selected_range tensor=blk.1.ffn_down_exps.weight offset=3168312960 bytes=1622016 layout=DIRECT
poc22_position_0_blk17_routed prefetch expert_id=42 tensor=blk.1.ffn_gate_exps.weight dependency_distance=0
poc22_position_0_blk17_routed prefetch expert_id=42 tensor=blk.1.ffn_up_exps.weight dependency_distance=0
poc22_position_0_blk17_routed prefetch expert_id=42 tensor=blk.1.ffn_down_exps.weight dependency_distance=2
expert_parity max_abs=0 max_rel=0 mean_abs=0 tolerance=1e-5
poc22_position_0_blk17_routed expert_id=42 consumer_wait=not_instrumented acquire_release=recorded peak_active=1622016 peak_resident=66776064
poc22_position_0_blk17_routed expert_rank=1 expert_id=0 router_rank=1 graph_created=YES graph_refs=gate:0,up:1,down:2 storage_ref_base=180000 score_preserved=YES
poc22_position_0_blk17_routed expert_id=0 selected_range tensor=blk.1.ffn_gate_exps.weight offset=3028098656 bytes=563200 layout=DIRECT
poc22_position_0_blk17_routed expert_id=0 selected_range tensor=blk.1.ffn_up_exps.weight offset=3064143472 bytes=563200 layout=DIRECT
poc22_position_0_blk17_routed expert_id=0 selected_range tensor=blk.1.ffn_down_exps.weight offset=3100188288 bytes=1622016 layout=DIRECT
poc22_position_0_blk17_routed prefetch expert_id=0 tensor=blk.1.ffn_gate_exps.weight dependency_distance=0
poc22_position_0_blk17_routed prefetch expert_id=0 tensor=blk.1.ffn_up_exps.weight dependency_distance=0
poc22_position_0_blk17_routed prefetch expert_id=0 tensor=blk.1.ffn_down_exps.weight dependency_distance=2
expert_parity max_abs=0 max_rel=0 mean_abs=0 tolerance=1e-5
poc22_position_0_blk17_routed expert_id=0 consumer_wait=not_instrumented acquire_release=recorded peak_active=1622016 peak_resident=66776064
poc22_position_0_blk17_routed expert_rank=2 expert_id=7 router_rank=2 graph_created=YES graph_refs=gate:0,up:1,down:2 storage_ref_base=180021 score_preserved=YES
poc22_position_0_blk17_routed expert_id=7 selected_range tensor=blk.1.ffn_gate_exps.weight offset=3032041056 bytes=563200 layout=DIRECT
poc22_position_0_blk17_routed expert_id=7 selected_range tensor=blk.1.ffn_up_exps.weight offset=3068085872 bytes=563200 layout=DIRECT
poc22_position_0_blk17_routed expert_id=7 selected_range tensor=blk.1.ffn_down_exps.weight offset=3111542400 bytes=1622016 layout=DIRECT
poc22_position_0_blk17_routed prefetch expert_id=7 tensor=blk.1.ffn_gate_exps.weight dependency_distance=0
poc22_position_0_blk17_routed prefetch expert_id=7 tensor=blk.1.ffn_up_exps.weight dependency_distance=0
poc22_position_0_blk17_routed prefetch expert_id=7 tensor=blk.1.ffn_down_exps.weight dependency_distance=2
expert_parity max_abs=0 max_rel=0 mean_abs=0 tolerance=1e-5
poc22_position_0_blk17_routed expert_id=7 consumer_wait=not_instrumented acquire_release=recorded peak_active=1622016 peak_resident=66776064
poc22_position_0_blk17_routed expert_rank=3 expert_id=3 router_rank=3 graph_created=YES graph_refs=gate:0,up:1,down:2 storage_ref_base=180009 score_preserved=YES
poc22_position_0_blk17_routed expert_id=3 selected_range tensor=blk.1.ffn_gate_exps.weight offset=3029788256 bytes=563200 layout=DIRECT
poc22_position_0_blk17_routed expert_id=3 selected_range tensor=blk.1.ffn_up_exps.weight offset=3065833072 bytes=563200 layout=DIRECT
poc22_position_0_blk17_routed expert_id=3 selected_range tensor=blk.1.ffn_down_exps.weight offset=3105054336 bytes=1622016 layout=DIRECT
poc22_position_0_blk17_routed prefetch expert_id=3 tensor=blk.1.ffn_gate_exps.weight dependency_distance=0
poc22_position_0_blk17_routed prefetch expert_id=3 tensor=blk.1.ffn_up_exps.weight dependency_distance=0
poc22_position_0_blk17_routed prefetch expert_id=3 tensor=blk.1.ffn_down_exps.weight dependency_distance=2
expert_parity max_abs=0 max_rel=0 mean_abs=0 tolerance=1e-5
poc22_position_0_blk17_routed expert_id=3 consumer_wait=not_instrumented acquire_release=recorded peak_active=1622016 peak_resident=66776064
poc22_position_0_blk17_routed expert_rank=4 expert_id=28 router_rank=4 graph_created=YES graph_refs=gate:0,up:1,down:2 storage_ref_base=180084 score_preserved=YES
poc22_position_0_blk17_routed expert_id=28 selected_range tensor=blk.1.ffn_gate_exps.weight offset=3043868256 bytes=563200 layout=DIRECT
poc22_position_0_blk17_routed expert_id=28 selected_range tensor=blk.1.ffn_up_exps.weight offset=3079913072 bytes=563200 layout=DIRECT
poc22_position_0_blk17_routed expert_id=28 selected_range tensor=blk.1.ffn_down_exps.weight offset=3145604736 bytes=1622016 layout=DIRECT
poc22_position_0_blk17_routed prefetch expert_id=28 tensor=blk.1.ffn_gate_exps.weight dependency_distance=0
poc22_position_0_blk17_routed prefetch expert_id=28 tensor=blk.1.ffn_up_exps.weight dependency_distance=0
poc22_position_0_blk17_routed prefetch expert_id=28 tensor=blk.1.ffn_down_exps.weight dependency_distance=2
expert_parity max_abs=0 max_rel=0 mean_abs=0 tolerance=1e-5
poc22_position_0_blk17_routed expert_id=28 consumer_wait=not_instrumented acquire_release=recorded peak_active=1622016 peak_resident=66212864
poc22_position_0_blk17_routed expert_rank=5 expert_id=26 router_rank=5 graph_created=YES graph_refs=gate:0,up:1,down:2 storage_ref_base=180078 score_preserved=YES
poc22_position_0_blk17_routed expert_id=26 selected_range tensor=blk.1.ffn_gate_exps.weight offset=3042741856 bytes=563200 layout=DIRECT
poc22_position_0_blk17_routed expert_id=26 selected_range tensor=blk.1.ffn_up_exps.weight offset=3078786672 bytes=563200 layout=DIRECT
poc22_position_0_blk17_routed expert_id=26 selected_range tensor=blk.1.ffn_down_exps.weight offset=3142360704 bytes=1622016 layout=DIRECT
poc22_position_0_blk17_routed prefetch expert_id=26 tensor=blk.1.ffn_gate_exps.weight dependency_distance=0
poc22_position_0_blk17_routed prefetch expert_id=26 tensor=blk.1.ffn_up_exps.weight dependency_distance=0
poc22_position_0_blk17_routed prefetch expert_id=26 tensor=blk.1.ffn_down_exps.weight dependency_distance=2
expert_parity max_abs=0 max_rel=0 mean_abs=0 tolerance=1e-5
poc22_position_0_blk17_routed expert_id=26 consumer_wait=not_instrumented acquire_release=recorded peak_active=1622016 peak_resident=66708480
poc22_position_0_blk17_routed residency_hits=36 residency_misses=42 source_reads=18 materialization_requests=18 source_policy_calls=18 evictions=17 resident_tensors_after=84
routed_merge_parity max_abs=0 max_rel=0 mean_abs=0 tolerance=1e-5
shared_expert_parity max_abs=0 max_rel=0 mean_abs=0 tolerance=1e-5
pre_residual_composition_parity max_abs=0 max_rel=0 mean_abs=0 tolerance=1e-5
final_layer_parity max_abs=0 max_rel=0 mean_abs=0 tolerance=1e-5
poc22_position_0_blk17 shared_expert=REQUIRED shared_graph_created=YES residual_add=YES final_composition=PASS
ffn_timing tensor=blk.1.ffn_gate_inp.weight payload_ready_ns=4446294239726 first_consumer_start_ns=4446527259341 payload_to_first_consumer_ns=233019615
ffn_timing tensor=blk.1.ffn_gate_shexp.weight payload_ready_ns=4457564731602 first_consumer_start_ns=4457802971985 payload_to_first_consumer_ns=238240383
ffn_timing tensor=blk.1.ffn_gate_exps.weight payload_ready_ns=4446892309675 first_consumer_start_ns=4447125697490 payload_to_first_consumer_ns=233387815
poc22_position_0_blk17 full_layer_residency_hits=46 misses=51 evictions=26 source_reads=23 source_bytes=20402176 materialization_requests=23 resident_tensors_after=79
poc22_position_0_blk17 full_layer_peak_active_persistent_bytes=1622016 full_layer_peak_resident_bytes=66776064
poc22_position_0_blk17 first_payload_to_shared_compute_start_ns=11723540578 execution_ready_to_consumer_ns=NOT_INSTRUMENTED payload_to_first_useful_compute=NOT_INSTRUMENTED
normalized_input_parity max_abs=0 max_rel=0 mean_abs=0 tolerance=1e-5
router_score_parity max_abs=1.84774e-06 max_rel=0.000105252 mean_abs=3.40522e-07 tolerance=1e-5
selected_weight_parity max_abs=1.78814e-07 max_rel=1.28999e-06 mean_abs=7.69893e-08 tolerance=1e-5
reference_poc22_position_0_blk17 topk_ids=42,0,7,3,28,26 normalized_weights=0.233401,0.188662,0.155256,0.148478,0.138617,0.135587,
reference_poc22_position_0_blk17_routed expert_rank=0 expert_id=42 router_rank=0 graph_created=YES graph_refs=gate:0,up:1,down:2 storage_ref_base=180126 score_preserved=YES
reference_poc22_position_0_blk17_routed expert_id=42 selected_range tensor=blk.1.ffn_gate_exps.weight offset=3051753056 bytes=563200 layout=DIRECT
reference_poc22_position_0_blk17_routed expert_id=42 selected_range tensor=blk.1.ffn_up_exps.weight offset=3087797872 bytes=563200 layout=DIRECT
reference_poc22_position_0_blk17_routed expert_id=42 selected_range tensor=blk.1.ffn_down_exps.weight offset=3168312960 bytes=1622016 layout=DIRECT
reference_poc22_position_0_blk17_routed prefetch expert_id=42 tensor=blk.1.ffn_gate_exps.weight dependency_distance=0
reference_poc22_position_0_blk17_routed prefetch expert_id=42 tensor=blk.1.ffn_up_exps.weight dependency_distance=0
reference_poc22_position_0_blk17_routed prefetch expert_id=42 tensor=blk.1.ffn_down_exps.weight dependency_distance=2
expert_parity max_abs=0 max_rel=0 mean_abs=0 tolerance=1e-5
reference_poc22_position_0_blk17_routed expert_id=42 consumer_wait=not_instrumented acquire_release=recorded peak_active=1622016 peak_resident=3280896
reference_poc22_position_0_blk17_routed expert_rank=1 expert_id=0 router_rank=1 graph_created=YES graph_refs=gate:0,up:1,down:2 storage_ref_base=180000 score_preserved=YES
reference_poc22_position_0_blk17_routed expert_id=0 selected_range tensor=blk.1.ffn_gate_exps.weight offset=3028098656 bytes=563200 layout=DIRECT
reference_poc22_position_0_blk17_routed expert_id=0 selected_range tensor=blk.1.ffn_up_exps.weight offset=3064143472 bytes=563200 layout=DIRECT
reference_poc22_position_0_blk17_routed expert_id=0 selected_range tensor=blk.1.ffn_down_exps.weight offset=3100188288 bytes=1622016 layout=DIRECT
reference_poc22_position_0_blk17_routed prefetch expert_id=0 tensor=blk.1.ffn_gate_exps.weight dependency_distance=0
reference_poc22_position_0_blk17_routed prefetch expert_id=0 tensor=blk.1.ffn_up_exps.weight dependency_distance=0
reference_poc22_position_0_blk17_routed prefetch expert_id=0 tensor=blk.1.ffn_down_exps.weight dependency_distance=2
expert_parity max_abs=0 max_rel=0 mean_abs=0 tolerance=1e-5
reference_poc22_position_0_blk17_routed expert_id=0 consumer_wait=not_instrumented acquire_release=recorded peak_active=1622016 peak_resident=6029312
reference_poc22_position_0_blk17_routed expert_rank=2 expert_id=7 router_rank=2 graph_created=YES graph_refs=gate:0,up:1,down:2 storage_ref_base=180021 score_preserved=YES
reference_poc22_position_0_blk17_routed expert_id=7 selected_range tensor=blk.1.ffn_gate_exps.weight offset=3032041056 bytes=563200 layout=DIRECT
reference_poc22_position_0_blk17_routed expert_id=7 selected_range tensor=blk.1.ffn_up_exps.weight offset=3068085872 bytes=563200 layout=DIRECT
reference_poc22_position_0_blk17_routed expert_id=7 selected_range tensor=blk.1.ffn_down_exps.weight offset=3111542400 bytes=1622016 layout=DIRECT
reference_poc22_position_0_blk17_routed prefetch expert_id=7 tensor=blk.1.ffn_gate_exps.weight dependency_distance=0
reference_poc22_position_0_blk17_routed prefetch expert_id=7 tensor=blk.1.ffn_up_exps.weight dependency_distance=0
reference_poc22_position_0_blk17_routed prefetch expert_id=7 tensor=blk.1.ffn_down_exps.weight dependency_distance=2
expert_parity max_abs=0 max_rel=0 mean_abs=0 tolerance=1e-5
reference_poc22_position_0_blk17_routed expert_id=7 consumer_wait=not_instrumented acquire_release=recorded peak_active=1622016 peak_resident=8245248
reference_poc22_position_0_blk17_routed expert_rank=3 expert_id=3 router_rank=3 graph_created=YES graph_refs=gate:0,up:1,down:2 storage_ref_base=180009 score_preserved=YES
reference_poc22_position_0_blk17_routed expert_id=3 selected_range tensor=blk.1.ffn_gate_exps.weight offset=3029788256 bytes=563200 layout=DIRECT
reference_poc22_position_0_blk17_routed expert_id=3 selected_range tensor=blk.1.ffn_up_exps.weight offset=3065833072 bytes=563200 layout=DIRECT
reference_poc22_position_0_blk17_routed expert_id=3 selected_range tensor=blk.1.ffn_down_exps.weight offset=3105054336 bytes=1622016 layout=DIRECT
reference_poc22_position_0_blk17_routed prefetch expert_id=3 tensor=blk.1.ffn_gate_exps.weight dependency_distance=0
reference_poc22_position_0_blk17_routed prefetch expert_id=3 tensor=blk.1.ffn_up_exps.weight dependency_distance=0
reference_poc22_position_0_blk17_routed prefetch expert_id=3 tensor=blk.1.ffn_down_exps.weight dependency_distance=2
expert_parity max_abs=0 max_rel=0 mean_abs=0 tolerance=1e-5
reference_poc22_position_0_blk17_routed expert_id=3 consumer_wait=not_instrumented acquire_release=recorded peak_active=1622016 peak_resident=8245248
reference_poc22_position_0_blk17_routed expert_rank=4 expert_id=28 router_rank=4 graph_created=YES graph_refs=gate:0,up:1,down:2 storage_ref_base=180084 score_preserved=YES
reference_poc22_position_0_blk17_routed expert_id=28 selected_range tensor=blk.1.ffn_gate_exps.weight offset=3043868256 bytes=563200 layout=DIRECT
reference_poc22_position_0_blk17_routed expert_id=28 selected_range tensor=blk.1.ffn_up_exps.weight offset=3079913072 bytes=563200 layout=DIRECT
reference_poc22_position_0_blk17_routed expert_id=28 selected_range tensor=blk.1.ffn_down_exps.weight offset=3145604736 bytes=1622016 layout=DIRECT
reference_poc22_position_0_blk17_routed prefetch expert_id=28 tensor=blk.1.ffn_gate_exps.weight dependency_distance=0
reference_poc22_position_0_blk17_routed prefetch expert_id=28 tensor=blk.1.ffn_up_exps.weight dependency_distance=0
reference_poc22_position_0_blk17_routed prefetch expert_id=28 tensor=blk.1.ffn_down_exps.weight dependency_distance=2
expert_parity max_abs=0 max_rel=0 mean_abs=0 tolerance=1e-5
reference_poc22_position_0_blk17_routed expert_id=28 consumer_wait=not_instrumented acquire_release=recorded peak_active=1622016 peak_resident=8245248
reference_poc22_position_0_blk17_routed expert_rank=5 expert_id=26 router_rank=5 graph_created=YES graph_refs=gate:0,up:1,down:2 storage_ref_base=180078 score_preserved=YES
reference_poc22_position_0_blk17_routed expert_id=26 selected_range tensor=blk.1.ffn_gate_exps.weight offset=3042741856 bytes=563200 layout=DIRECT
reference_poc22_position_0_blk17_routed expert_id=26 selected_range tensor=blk.1.ffn_up_exps.weight offset=3078786672 bytes=563200 layout=DIRECT
reference_poc22_position_0_blk17_routed expert_id=26 selected_range tensor=blk.1.ffn_down_exps.weight offset=3142360704 bytes=1622016 layout=DIRECT
reference_poc22_position_0_blk17_routed prefetch expert_id=26 tensor=blk.1.ffn_gate_exps.weight dependency_distance=0
reference_poc22_position_0_blk17_routed prefetch expert_id=26 tensor=blk.1.ffn_up_exps.weight dependency_distance=0
reference_poc22_position_0_blk17_routed prefetch expert_id=26 tensor=blk.1.ffn_down_exps.weight dependency_distance=2
expert_parity max_abs=0 max_rel=0 mean_abs=0 tolerance=1e-5
reference_poc22_position_0_blk17_routed expert_id=26 consumer_wait=not_instrumented acquire_release=recorded peak_active=1622016 peak_resident=8245248
reference_poc22_position_0_blk17_routed residency_hits=36 residency_misses=42 source_reads=18 materialization_requests=18 source_policy_calls=18 evictions=11 resident_tensors_after=9
routed_merge_parity max_abs=0 max_rel=0 mean_abs=0 tolerance=1e-5
shared_expert_parity max_abs=0 max_rel=0 mean_abs=0 tolerance=1e-5
pre_residual_composition_parity max_abs=0 max_rel=0 mean_abs=0 tolerance=1e-5
final_layer_parity max_abs=0 max_rel=0 mean_abs=0 tolerance=1e-5
reference_poc22_position_0_blk17 shared_expert=REQUIRED shared_graph_created=YES residual_add=YES final_composition=PASS
ffn_timing tensor=blk.1.ffn_gate_inp.weight payload_ready_ns=4459913674782 first_consumer_start_ns=4460144153907 payload_to_first_consumer_ns=230479125
ffn_timing tensor=blk.1.ffn_gate_shexp.weight payload_ready_ns=4471074210821 first_consumer_start_ns=4471311250645 payload_to_first_consumer_ns=237039824
ffn_timing tensor=blk.1.ffn_gate_exps.weight payload_ready_ns=4460495618893 first_consumer_start_ns=4460727438115 payload_to_first_consumer_ns=231819222
reference_poc22_position_0_blk17 full_layer_residency_hits=46 misses=51 evictions=15 source_reads=23 source_bytes=20402176 materialization_requests=23 resident_tensors_after=8
reference_poc22_position_0_blk17 full_layer_peak_active_persistent_bytes=1622016 full_layer_peak_resident_bytes=8312832
reference_poc22_position_0_blk17 first_payload_to_shared_compute_start_ns=11616620055 execution_ready_to_consumer_ns=NOT_INSTRUMENTED payload_to_first_useful_compute=NOT_INSTRUMENTED
poc22_position_0_blk17_attention_parity max_abs=0 max_rel=0 mean_abs=0 tolerance=1e-5
poc22_position_0_blk17_block_parity max_abs=0 max_rel=0 mean_abs=0 tolerance=1e-5
poc22_position_0 block_handoff block=18 handoff_ns=310035 activation_copy_bytes=0
attention_timing tensor=blk.1.attn_norm.weight payload_ready_ns=4165943377826 first_consumer_start_ns=4473105126872 payload_to_first_consumer_ns=307161749046
attention_timing tensor=blk.1.attn_q.weight payload_ready_ns=4165987887583 first_consumer_start_ns=4473712257594 payload_to_first_consumer_ns=307724370011
attention_timing tensor=blk.1.attn_kv_a_mqa.weight payload_ready_ns=4166024115135 first_consumer_start_ns=4474321725018 payload_to_first_consumer_ns=308297609883
attention_timing tensor=blk.1.attn_kv_a_norm.weight payload_ready_ns=4166096322368 first_consumer_start_ns=4474929926634 payload_to_first_consumer_ns=308833604266
attention_timing tensor=blk.1.attn_kv_b.weight payload_ready_ns=4166131406860 first_consumer_start_ns=4475537821382 payload_to_first_consumer_ns=309406414522
attention_timing tensor=blk.1.attn_output.weight payload_ready_ns=4166174744099 first_consumer_start_ns=4476145909792 payload_to_first_consumer_ns=309971165693
poc22_position_0_blk18 position=0 state_k_positions=1 state_v_positions=1 attention_probs=1,1,1,1,1,1,1,1,1,1,1,1,1,1,1,1,
reference_attention position=0 state_k_positions=1 state_v_positions=1 attention_probs=1,1,1,1,1,1,1,1,1,1,1,1,1,1,1,1,
normalized_input_parity max_abs=0 max_rel=0 mean_abs=0 tolerance=1e-5
router_score_parity max_abs=2.26498e-06 max_rel=0.00236407 mean_abs=2.88445e-07 tolerance=1e-5
selected_weight_parity max_abs=1.63913e-07 max_rel=8.32817e-07 mean_abs=7.20223e-08 tolerance=1e-5
poc22_position_0_blk18 topk_ids=49,31,3,13,33,35 normalized_weights=0.197663,0.196818,0.159366,0.151956,0.151635,0.142562,
poc22_position_0_blk18_routed expert_rank=0 expert_id=49 router_rank=0 graph_created=YES graph_refs=gate:0,up:1,down:2 storage_ref_base=190147 score_preserved=YES
poc22_position_0_blk18_routed expert_id=49 selected_range tensor=blk.1.ffn_gate_exps.weight offset=3238466344 bytes=563200 layout=DIRECT
poc22_position_0_blk18_routed expert_id=49 selected_range tensor=blk.1.ffn_up_exps.weight offset=3274511160 bytes=563200 layout=DIRECT
poc22_position_0_blk18_routed expert_id=49 selected_range tensor=blk.1.ffn_down_exps.weight offset=3362437960 bytes=1622016 layout=DIRECT
poc22_position_0_blk18_routed prefetch expert_id=49 tensor=blk.1.ffn_gate_exps.weight dependency_distance=0
poc22_position_0_blk18_routed prefetch expert_id=49 tensor=blk.1.ffn_up_exps.weight dependency_distance=0
poc22_position_0_blk18_routed prefetch expert_id=49 tensor=blk.1.ffn_down_exps.weight dependency_distance=2
expert_parity max_abs=0 max_rel=0 mean_abs=0 tolerance=1e-5
poc22_position_0_blk18_routed expert_id=49 consumer_wait=not_instrumented acquire_release=recorded peak_active=1622016 peak_resident=66776064
poc22_position_0_blk18_routed expert_rank=1 expert_id=31 router_rank=1 graph_created=YES graph_refs=gate:0,up:1,down:2 storage_ref_base=190093 score_preserved=YES
poc22_position_0_blk18_routed expert_id=31 selected_range tensor=blk.1.ffn_gate_exps.weight offset=3228328744 bytes=563200 layout=DIRECT
poc22_position_0_blk18_routed expert_id=31 selected_range tensor=blk.1.ffn_up_exps.weight offset=3264373560 bytes=563200 layout=DIRECT
poc22_position_0_blk18_routed expert_id=31 selected_range tensor=blk.1.ffn_down_exps.weight offset=3333241672 bytes=1622016 layout=DIRECT
poc22_position_0_blk18_routed prefetch expert_id=31 tensor=blk.1.ffn_gate_exps.weight dependency_distance=0
poc22_position_0_blk18_routed prefetch expert_id=31 tensor=blk.1.ffn_up_exps.weight dependency_distance=0
poc22_position_0_blk18_routed prefetch expert_id=31 tensor=blk.1.ffn_down_exps.weight dependency_distance=2
expert_parity max_abs=0 max_rel=0 mean_abs=0 tolerance=1e-5
poc22_position_0_blk18_routed expert_id=31 consumer_wait=not_instrumented acquire_release=recorded peak_active=1622016 peak_resident=66776064
poc22_position_0_blk18_routed expert_rank=2 expert_id=3 router_rank=2 graph_created=YES graph_refs=gate:0,up:1,down:2 storage_ref_base=190009 score_preserved=YES
poc22_position_0_blk18_routed expert_id=3 selected_range tensor=blk.1.ffn_gate_exps.weight offset=3212559144 bytes=563200 layout=DIRECT
poc22_position_0_blk18_routed expert_id=3 selected_range tensor=blk.1.ffn_up_exps.weight offset=3248603960 bytes=563200 layout=DIRECT
poc22_position_0_blk18_routed expert_id=3 selected_range tensor=blk.1.ffn_down_exps.weight offset=3287825224 bytes=1622016 layout=DIRECT
poc22_position_0_blk18_routed prefetch expert_id=3 tensor=blk.1.ffn_gate_exps.weight dependency_distance=0
poc22_position_0_blk18_routed prefetch expert_id=3 tensor=blk.1.ffn_up_exps.weight dependency_distance=0
poc22_position_0_blk18_routed prefetch expert_id=3 tensor=blk.1.ffn_down_exps.weight dependency_distance=2
expert_parity max_abs=0 max_rel=0 mean_abs=0 tolerance=1e-5
poc22_position_0_blk18_routed expert_id=3 consumer_wait=not_instrumented acquire_release=recorded peak_active=1622016 peak_resident=66776064
poc22_position_0_blk18_routed expert_rank=3 expert_id=13 router_rank=3 graph_created=YES graph_refs=gate:0,up:1,down:2 storage_ref_base=190039 score_preserved=YES
poc22_position_0_blk18_routed expert_id=13 selected_range tensor=blk.1.ffn_gate_exps.weight offset=3218191144 bytes=563200 layout=DIRECT
poc22_position_0_blk18_routed expert_id=13 selected_range tensor=blk.1.ffn_up_exps.weight offset=3254235960 bytes=563200 layout=DIRECT
poc22_position_0_blk18_routed expert_id=13 selected_range tensor=blk.1.ffn_down_exps.weight offset=3304045384 bytes=1622016 layout=DIRECT
poc22_position_0_blk18_routed prefetch expert_id=13 tensor=blk.1.ffn_gate_exps.weight dependency_distance=0
poc22_position_0_blk18_routed prefetch expert_id=13 tensor=blk.1.ffn_up_exps.weight dependency_distance=0
poc22_position_0_blk18_routed prefetch expert_id=13 tensor=blk.1.ffn_down_exps.weight dependency_distance=2
expert_parity max_abs=0 max_rel=0 mean_abs=0 tolerance=1e-5
poc22_position_0_blk18_routed expert_id=13 consumer_wait=not_instrumented acquire_release=recorded peak_active=1622016 peak_resident=66776064
poc22_position_0_blk18_routed expert_rank=4 expert_id=33 router_rank=4 graph_created=YES graph_refs=gate:0,up:1,down:2 storage_ref_base=190099 score_preserved=YES
poc22_position_0_blk18_routed expert_id=33 selected_range tensor=blk.1.ffn_gate_exps.weight offset=3229455144 bytes=563200 layout=DIRECT
poc22_position_0_blk18_routed expert_id=33 selected_range tensor=blk.1.ffn_up_exps.weight offset=3265499960 bytes=563200 layout=DIRECT
poc22_position_0_blk18_routed expert_id=33 selected_range tensor=blk.1.ffn_down_exps.weight offset=3336485704 bytes=1622016 layout=DIRECT
poc22_position_0_blk18_routed prefetch expert_id=33 tensor=blk.1.ffn_gate_exps.weight dependency_distance=0
poc22_position_0_blk18_routed prefetch expert_id=33 tensor=blk.1.ffn_up_exps.weight dependency_distance=0
poc22_position_0_blk18_routed prefetch expert_id=33 tensor=blk.1.ffn_down_exps.weight dependency_distance=2
expert_parity max_abs=0 max_rel=0 mean_abs=0 tolerance=1e-5
poc22_position_0_blk18_routed expert_id=33 consumer_wait=not_instrumented acquire_release=recorded peak_active=1622016 peak_resident=66212864
poc22_position_0_blk18_routed expert_rank=5 expert_id=35 router_rank=5 graph_created=YES graph_refs=gate:0,up:1,down:2 storage_ref_base=190105 score_preserved=YES
poc22_position_0_blk18_routed expert_id=35 selected_range tensor=blk.1.ffn_gate_exps.weight offset=3230581544 bytes=563200 layout=DIRECT
poc22_position_0_blk18_routed expert_id=35 selected_range tensor=blk.1.ffn_up_exps.weight offset=3266626360 bytes=563200 layout=DIRECT
poc22_position_0_blk18_routed expert_id=35 selected_range tensor=blk.1.ffn_down_exps.weight offset=3339729736 bytes=1622016 layout=DIRECT
poc22_position_0_blk18_routed prefetch expert_id=35 tensor=blk.1.ffn_gate_exps.weight dependency_distance=0
poc22_position_0_blk18_routed prefetch expert_id=35 tensor=blk.1.ffn_up_exps.weight dependency_distance=0
poc22_position_0_blk18_routed prefetch expert_id=35 tensor=blk.1.ffn_down_exps.weight dependency_distance=2
expert_parity max_abs=0 max_rel=0 mean_abs=0 tolerance=1e-5
poc22_position_0_blk18_routed expert_id=35 consumer_wait=not_instrumented acquire_release=recorded peak_active=1622016 peak_resident=66708480
poc22_position_0_blk18_routed residency_hits=36 residency_misses=42 source_reads=18 materialization_requests=18 source_policy_calls=18 evictions=17 resident_tensors_after=84
routed_merge_parity max_abs=0 max_rel=0 mean_abs=0 tolerance=1e-5
shared_expert_parity max_abs=0 max_rel=0 mean_abs=0 tolerance=1e-5
pre_residual_composition_parity max_abs=0 max_rel=0 mean_abs=0 tolerance=1e-5
final_layer_parity max_abs=0 max_rel=0 mean_abs=0 tolerance=1e-5
poc22_position_0_blk18 shared_expert=REQUIRED shared_graph_created=YES residual_add=YES final_composition=PASS
ffn_timing tensor=blk.1.ffn_gate_inp.weight payload_ready_ns=4477126573883 first_consumer_start_ns=4477372167532 payload_to_first_consumer_ns=245593649
ffn_timing tensor=blk.1.ffn_gate_shexp.weight payload_ready_ns=4488847737760 first_consumer_start_ns=4489097620614 payload_to_first_consumer_ns=249882854
ffn_timing tensor=blk.1.ffn_gate_exps.weight payload_ready_ns=4477769400626 first_consumer_start_ns=4478014938151 payload_to_first_consumer_ns=245537525
poc22_position_0_blk18 full_layer_residency_hits=46 misses=51 evictions=26 source_reads=23 source_bytes=20402176 materialization_requests=23 resident_tensors_after=79
poc22_position_0_blk18 full_layer_peak_active_persistent_bytes=1622016 full_layer_peak_resident_bytes=66776064
poc22_position_0_blk18 first_payload_to_shared_compute_start_ns=12197143320 execution_ready_to_consumer_ns=NOT_INSTRUMENTED payload_to_first_useful_compute=NOT_INSTRUMENTED
normalized_input_parity max_abs=0 max_rel=0 mean_abs=0 tolerance=1e-5
router_score_parity max_abs=2.26498e-06 max_rel=0.00236407 mean_abs=2.88445e-07 tolerance=1e-5
selected_weight_parity max_abs=1.63913e-07 max_rel=8.32817e-07 mean_abs=7.20223e-08 tolerance=1e-5
reference_poc22_position_0_blk18 topk_ids=49,31,3,13,33,35 normalized_weights=0.197663,0.196818,0.159366,0.151956,0.151635,0.142562,
reference_poc22_position_0_blk18_routed expert_rank=0 expert_id=49 router_rank=0 graph_created=YES graph_refs=gate:0,up:1,down:2 storage_ref_base=190147 score_preserved=YES
reference_poc22_position_0_blk18_routed expert_id=49 selected_range tensor=blk.1.ffn_gate_exps.weight offset=3238466344 bytes=563200 layout=DIRECT
reference_poc22_position_0_blk18_routed expert_id=49 selected_range tensor=blk.1.ffn_up_exps.weight offset=3274511160 bytes=563200 layout=DIRECT
reference_poc22_position_0_blk18_routed expert_id=49 selected_range tensor=blk.1.ffn_down_exps.weight offset=3362437960 bytes=1622016 layout=DIRECT
reference_poc22_position_0_blk18_routed prefetch expert_id=49 tensor=blk.1.ffn_gate_exps.weight dependency_distance=0
reference_poc22_position_0_blk18_routed prefetch expert_id=49 tensor=blk.1.ffn_up_exps.weight dependency_distance=0
reference_poc22_position_0_blk18_routed prefetch expert_id=49 tensor=blk.1.ffn_down_exps.weight dependency_distance=2
expert_parity max_abs=0 max_rel=0 mean_abs=0 tolerance=1e-5
reference_poc22_position_0_blk18_routed expert_id=49 consumer_wait=not_instrumented acquire_release=recorded peak_active=1622016 peak_resident=3280896
reference_poc22_position_0_blk18_routed expert_rank=1 expert_id=31 router_rank=1 graph_created=YES graph_refs=gate:0,up:1,down:2 storage_ref_base=190093 score_preserved=YES
reference_poc22_position_0_blk18_routed expert_id=31 selected_range tensor=blk.1.ffn_gate_exps.weight offset=3228328744 bytes=563200 layout=DIRECT
reference_poc22_position_0_blk18_routed expert_id=31 selected_range tensor=blk.1.ffn_up_exps.weight offset=3264373560 bytes=563200 layout=DIRECT
reference_poc22_position_0_blk18_routed expert_id=31 selected_range tensor=blk.1.ffn_down_exps.weight offset=3333241672 bytes=1622016 layout=DIRECT
reference_poc22_position_0_blk18_routed prefetch expert_id=31 tensor=blk.1.ffn_gate_exps.weight dependency_distance=0
reference_poc22_position_0_blk18_routed prefetch expert_id=31 tensor=blk.1.ffn_up_exps.weight dependency_distance=0
reference_poc22_position_0_blk18_routed prefetch expert_id=31 tensor=blk.1.ffn_down_exps.weight dependency_distance=2
expert_parity max_abs=0 max_rel=0 mean_abs=0 tolerance=1e-5
reference_poc22_position_0_blk18_routed expert_id=31 consumer_wait=not_instrumented acquire_release=recorded peak_active=1622016 peak_resident=6029312
reference_poc22_position_0_blk18_routed expert_rank=2 expert_id=3 router_rank=2 graph_created=YES graph_refs=gate:0,up:1,down:2 storage_ref_base=190009 score_preserved=YES
reference_poc22_position_0_blk18_routed expert_id=3 selected_range tensor=blk.1.ffn_gate_exps.weight offset=3212559144 bytes=563200 layout=DIRECT
reference_poc22_position_0_blk18_routed expert_id=3 selected_range tensor=blk.1.ffn_up_exps.weight offset=3248603960 bytes=563200 layout=DIRECT
reference_poc22_position_0_blk18_routed expert_id=3 selected_range tensor=blk.1.ffn_down_exps.weight offset=3287825224 bytes=1622016 layout=DIRECT
reference_poc22_position_0_blk18_routed prefetch expert_id=3 tensor=blk.1.ffn_gate_exps.weight dependency_distance=0
reference_poc22_position_0_blk18_routed prefetch expert_id=3 tensor=blk.1.ffn_up_exps.weight dependency_distance=0
reference_poc22_position_0_blk18_routed prefetch expert_id=3 tensor=blk.1.ffn_down_exps.weight dependency_distance=2
expert_parity max_abs=0 max_rel=0 mean_abs=0 tolerance=1e-5
reference_poc22_position_0_blk18_routed expert_id=3 consumer_wait=not_instrumented acquire_release=recorded peak_active=1622016 peak_resident=8245248
reference_poc22_position_0_blk18_routed expert_rank=3 expert_id=13 router_rank=3 graph_created=YES graph_refs=gate:0,up:1,down:2 storage_ref_base=190039 score_preserved=YES
reference_poc22_position_0_blk18_routed expert_id=13 selected_range tensor=blk.1.ffn_gate_exps.weight offset=3218191144 bytes=563200 layout=DIRECT
reference_poc22_position_0_blk18_routed expert_id=13 selected_range tensor=blk.1.ffn_up_exps.weight offset=3254235960 bytes=563200 layout=DIRECT
reference_poc22_position_0_blk18_routed expert_id=13 selected_range tensor=blk.1.ffn_down_exps.weight offset=3304045384 bytes=1622016 layout=DIRECT
reference_poc22_position_0_blk18_routed prefetch expert_id=13 tensor=blk.1.ffn_gate_exps.weight dependency_distance=0
reference_poc22_position_0_blk18_routed prefetch expert_id=13 tensor=blk.1.ffn_up_exps.weight dependency_distance=0
reference_poc22_position_0_blk18_routed prefetch expert_id=13 tensor=blk.1.ffn_down_exps.weight dependency_distance=2
expert_parity max_abs=0 max_rel=0 mean_abs=0 tolerance=1e-5
reference_poc22_position_0_blk18_routed expert_id=13 consumer_wait=not_instrumented acquire_release=recorded peak_active=1622016 peak_resident=8245248
reference_poc22_position_0_blk18_routed expert_rank=4 expert_id=33 router_rank=4 graph_created=YES graph_refs=gate:0,up:1,down:2 storage_ref_base=190099 score_preserved=YES
reference_poc22_position_0_blk18_routed expert_id=33 selected_range tensor=blk.1.ffn_gate_exps.weight offset=3229455144 bytes=563200 layout=DIRECT
reference_poc22_position_0_blk18_routed expert_id=33 selected_range tensor=blk.1.ffn_up_exps.weight offset=3265499960 bytes=563200 layout=DIRECT
reference_poc22_position_0_blk18_routed expert_id=33 selected_range tensor=blk.1.ffn_down_exps.weight offset=3336485704 bytes=1622016 layout=DIRECT
reference_poc22_position_0_blk18_routed prefetch expert_id=33 tensor=blk.1.ffn_gate_exps.weight dependency_distance=0
reference_poc22_position_0_blk18_routed prefetch expert_id=33 tensor=blk.1.ffn_up_exps.weight dependency_distance=0
reference_poc22_position_0_blk18_routed prefetch expert_id=33 tensor=blk.1.ffn_down_exps.weight dependency_distance=2
expert_parity max_abs=0 max_rel=0 mean_abs=0 tolerance=1e-5
reference_poc22_position_0_blk18_routed expert_id=33 consumer_wait=not_instrumented acquire_release=recorded peak_active=1622016 peak_resident=8245248
reference_poc22_position_0_blk18_routed expert_rank=5 expert_id=35 router_rank=5 graph_created=YES graph_refs=gate:0,up:1,down:2 storage_ref_base=190105 score_preserved=YES
reference_poc22_position_0_blk18_routed expert_id=35 selected_range tensor=blk.1.ffn_gate_exps.weight offset=3230581544 bytes=563200 layout=DIRECT
reference_poc22_position_0_blk18_routed expert_id=35 selected_range tensor=blk.1.ffn_up_exps.weight offset=3266626360 bytes=563200 layout=DIRECT
reference_poc22_position_0_blk18_routed expert_id=35 selected_range tensor=blk.1.ffn_down_exps.weight offset=3339729736 bytes=1622016 layout=DIRECT
reference_poc22_position_0_blk18_routed prefetch expert_id=35 tensor=blk.1.ffn_gate_exps.weight dependency_distance=0
reference_poc22_position_0_blk18_routed prefetch expert_id=35 tensor=blk.1.ffn_up_exps.weight dependency_distance=0
reference_poc22_position_0_blk18_routed prefetch expert_id=35 tensor=blk.1.ffn_down_exps.weight dependency_distance=2
expert_parity max_abs=0 max_rel=0 mean_abs=0 tolerance=1e-5
reference_poc22_position_0_blk18_routed expert_id=35 consumer_wait=not_instrumented acquire_release=recorded peak_active=1622016 peak_resident=8245248
reference_poc22_position_0_blk18_routed residency_hits=36 residency_misses=42 source_reads=18 materialization_requests=18 source_policy_calls=18 evictions=11 resident_tensors_after=9
routed_merge_parity max_abs=0 max_rel=0 mean_abs=0 tolerance=1e-5
shared_expert_parity max_abs=0 max_rel=0 mean_abs=0 tolerance=1e-5
pre_residual_composition_parity max_abs=0 max_rel=0 mean_abs=0 tolerance=1e-5
final_layer_parity max_abs=0 max_rel=0 mean_abs=0 tolerance=1e-5
reference_poc22_position_0_blk18 shared_expert=REQUIRED shared_graph_created=YES residual_add=YES final_composition=PASS
ffn_timing tensor=blk.1.ffn_gate_inp.weight payload_ready_ns=4491314766527 first_consumer_start_ns=4491557337988 payload_to_first_consumer_ns=242571461
ffn_timing tensor=blk.1.ffn_gate_shexp.weight payload_ready_ns=4503044748141 first_consumer_start_ns=4503293915509 payload_to_first_consumer_ns=249167368
ffn_timing tensor=blk.1.ffn_gate_exps.weight payload_ready_ns=4491926531696 first_consumer_start_ns=4492169260029 payload_to_first_consumer_ns=242728333
reference_poc22_position_0_blk18 full_layer_residency_hits=46 misses=51 evictions=15 source_reads=23 source_bytes=20402176 materialization_requests=23 resident_tensors_after=8
reference_poc22_position_0_blk18 full_layer_peak_active_persistent_bytes=1622016 full_layer_peak_resident_bytes=8312832
reference_poc22_position_0_blk18 first_payload_to_shared_compute_start_ns=12209719479 execution_ready_to_consumer_ns=NOT_INSTRUMENTED payload_to_first_useful_compute=NOT_INSTRUMENTED
poc22_position_0_blk18_attention_parity max_abs=0 max_rel=0 mean_abs=0 tolerance=1e-5
poc22_position_0_blk18_block_parity max_abs=0 max_rel=0 mean_abs=0 tolerance=1e-5
poc22_position_0 block_handoff block=19 handoff_ns=422533 activation_copy_bytes=0
attention_timing tensor=blk.1.attn_norm.weight payload_ready_ns=4165943377826 first_consumer_start_ns=4505179625360 payload_to_first_consumer_ns=339236247534
attention_timing tensor=blk.1.attn_q.weight payload_ready_ns=4165987887583 first_consumer_start_ns=4505818132524 payload_to_first_consumer_ns=339830244941
attention_timing tensor=blk.1.attn_kv_a_mqa.weight payload_ready_ns=4166024115135 first_consumer_start_ns=4506458444693 payload_to_first_consumer_ns=340434329558
attention_timing tensor=blk.1.attn_kv_a_norm.weight payload_ready_ns=4166096322368 first_consumer_start_ns=4507098110208 payload_to_first_consumer_ns=341001787840
attention_timing tensor=blk.1.attn_kv_b.weight payload_ready_ns=4166131406860 first_consumer_start_ns=4507735972719 payload_to_first_consumer_ns=341604565859
attention_timing tensor=blk.1.attn_output.weight payload_ready_ns=4166174744099 first_consumer_start_ns=4508374116265 payload_to_first_consumer_ns=342199372166
poc22_position_0_blk19 position=0 state_k_positions=1 state_v_positions=1 attention_probs=1,1,1,1,1,1,1,1,1,1,1,1,1,1,1,1,
reference_attention position=0 state_k_positions=1 state_v_positions=1 attention_probs=1,1,1,1,1,1,1,1,1,1,1,1,1,1,1,1,
normalized_input_parity max_abs=0 max_rel=0 mean_abs=0 tolerance=1e-5
router_score_parity max_abs=9.53674e-07 max_rel=3.12058e-05 mean_abs=2.702e-07 tolerance=1e-5
selected_weight_parity max_abs=1.04308e-07 max_rel=6.19639e-07 mean_abs=4.7187e-08 tolerance=1e-5
poc22_position_0_blk19 topk_ids=15,8,25,41,51,45 normalized_weights=0.186469,0.17258,0.168337,0.165968,0.156391,0.150255,
poc22_position_0_blk19_routed expert_rank=0 expert_id=15 router_rank=0 graph_created=YES graph_refs=gate:0,up:1,down:2 storage_ref_base=200045 score_preserved=YES
poc22_position_0_blk19_routed expert_id=15 selected_range tensor=blk.1.ffn_gate_exps.weight offset=3402088432 bytes=563200 layout=DIRECT
poc22_position_0_blk19_routed expert_id=15 selected_range tensor=blk.1.ffn_up_exps.weight offset=3438133248 bytes=563200 layout=DIRECT
poc22_position_0_blk19_routed expert_id=15 selected_range tensor=blk.1.ffn_down_exps.weight offset=3490060304 bytes=1622016 layout=DIRECT
poc22_position_0_blk19_routed prefetch expert_id=15 tensor=blk.1.ffn_gate_exps.weight dependency_distance=0
poc22_position_0_blk19_routed prefetch expert_id=15 tensor=blk.1.ffn_up_exps.weight dependency_distance=0
poc22_position_0_blk19_routed prefetch expert_id=15 tensor=blk.1.ffn_down_exps.weight dependency_distance=2
expert_parity max_abs=0 max_rel=0 mean_abs=0 tolerance=1e-5
poc22_position_0_blk19_routed expert_id=15 consumer_wait=not_instrumented acquire_release=recorded peak_active=1622016 peak_resident=66776064
poc22_position_0_blk19_routed expert_rank=1 expert_id=8 router_rank=1 graph_created=YES graph_refs=gate:0,up:1,down:2 storage_ref_base=200024 score_preserved=YES
poc22_position_0_blk19_routed expert_id=8 selected_range tensor=blk.1.ffn_gate_exps.weight offset=3398146032 bytes=563200 layout=DIRECT
poc22_position_0_blk19_routed expert_id=8 selected_range tensor=blk.1.ffn_up_exps.weight offset=3434190848 bytes=563200 layout=DIRECT
poc22_position_0_blk19_routed expert_id=8 selected_range tensor=blk.1.ffn_down_exps.weight offset=3478706192 bytes=1622016 layout=DIRECT
poc22_position_0_blk19_routed prefetch expert_id=8 tensor=blk.1.ffn_gate_exps.weight dependency_distance=0
poc22_position_0_blk19_routed prefetch expert_id=8 tensor=blk.1.ffn_up_exps.weight dependency_distance=0
poc22_position_0_blk19_routed prefetch expert_id=8 tensor=blk.1.ffn_down_exps.weight dependency_distance=2
expert_parity max_abs=0 max_rel=0 mean_abs=0 tolerance=1e-5
poc22_position_0_blk19_routed expert_id=8 consumer_wait=not_instrumented acquire_release=recorded peak_active=1622016 peak_resident=66776064
poc22_position_0_blk19_routed expert_rank=2 expert_id=25 router_rank=2 graph_created=YES graph_refs=gate:0,up:1,down:2 storage_ref_base=200075 score_preserved=YES
poc22_position_0_blk19_routed expert_id=25 selected_range tensor=blk.1.ffn_gate_exps.weight offset=3407720432 bytes=563200 layout=DIRECT
poc22_position_0_blk19_routed expert_id=25 selected_range tensor=blk.1.ffn_up_exps.weight offset=3443765248 bytes=563200 layout=DIRECT
poc22_position_0_blk19_routed expert_id=25 selected_range tensor=blk.1.ffn_down_exps.weight offset=3506280464 bytes=1622016 layout=DIRECT
poc22_position_0_blk19_routed prefetch expert_id=25 tensor=blk.1.ffn_gate_exps.weight dependency_distance=0
poc22_position_0_blk19_routed prefetch expert_id=25 tensor=blk.1.ffn_up_exps.weight dependency_distance=0
poc22_position_0_blk19_routed prefetch expert_id=25 tensor=blk.1.ffn_down_exps.weight dependency_distance=2
expert_parity max_abs=0 max_rel=0 mean_abs=0 tolerance=1e-5
poc22_position_0_blk19_routed expert_id=25 consumer_wait=not_instrumented acquire_release=recorded peak_active=1622016 peak_resident=66776064
poc22_position_0_blk19_routed expert_rank=3 expert_id=41 router_rank=3 graph_created=YES graph_refs=gate:0,up:1,down:2 storage_ref_base=200123 score_preserved=YES
poc22_position_0_blk19_routed expert_id=41 selected_range tensor=blk.1.ffn_gate_exps.weight offset=3416731632 bytes=563200 layout=DIRECT
poc22_position_0_blk19_routed expert_id=41 selected_range tensor=blk.1.ffn_up_exps.weight offset=3452776448 bytes=563200 layout=DIRECT
poc22_position_0_blk19_routed expert_id=41 selected_range tensor=blk.1.ffn_down_exps.weight offset=3532232720 bytes=1622016 layout=DIRECT
poc22_position_0_blk19_routed prefetch expert_id=41 tensor=blk.1.ffn_gate_exps.weight dependency_distance=0
poc22_position_0_blk19_routed prefetch expert_id=41 tensor=blk.1.ffn_up_exps.weight dependency_distance=0
poc22_position_0_blk19_routed prefetch expert_id=41 tensor=blk.1.ffn_down_exps.weight dependency_distance=2
expert_parity max_abs=0 max_rel=0 mean_abs=0 tolerance=1e-5
poc22_position_0_blk19_routed expert_id=41 consumer_wait=not_instrumented acquire_release=recorded peak_active=1622016 peak_resident=66776064
poc22_position_0_blk19_routed expert_rank=4 expert_id=51 router_rank=4 graph_created=YES graph_refs=gate:0,up:1,down:2 storage_ref_base=200153 score_preserved=YES
poc22_position_0_blk19_routed expert_id=51 selected_range tensor=blk.1.ffn_gate_exps.weight offset=3422363632 bytes=563200 layout=DIRECT
poc22_position_0_blk19_routed expert_id=51 selected_range tensor=blk.1.ffn_up_exps.weight offset=3458408448 bytes=563200 layout=DIRECT
poc22_position_0_blk19_routed expert_id=51 selected_range tensor=blk.1.ffn_down_exps.weight offset=3548452880 bytes=1622016 layout=DIRECT
poc22_position_0_blk19_routed prefetch expert_id=51 tensor=blk.1.ffn_gate_exps.weight dependency_distance=0
poc22_position_0_blk19_routed prefetch expert_id=51 tensor=blk.1.ffn_up_exps.weight dependency_distance=0
poc22_position_0_blk19_routed prefetch expert_id=51 tensor=blk.1.ffn_down_exps.weight dependency_distance=2
expert_parity max_abs=0 max_rel=0 mean_abs=0 tolerance=1e-5
poc22_position_0_blk19_routed expert_id=51 consumer_wait=not_instrumented acquire_release=recorded peak_active=1622016 peak_resident=66212864
poc22_position_0_blk19_routed expert_rank=5 expert_id=45 router_rank=5 graph_created=YES graph_refs=gate:0,up:1,down:2 storage_ref_base=200135 score_preserved=YES
poc22_position_0_blk19_routed expert_id=45 selected_range tensor=blk.1.ffn_gate_exps.weight offset=3418984432 bytes=563200 layout=DIRECT
poc22_position_0_blk19_routed expert_id=45 selected_range tensor=blk.1.ffn_up_exps.weight offset=3455029248 bytes=563200 layout=DIRECT
poc22_position_0_blk19_routed expert_id=45 selected_range tensor=blk.1.ffn_down_exps.weight offset=3538720784 bytes=1622016 layout=DIRECT
poc22_position_0_blk19_routed prefetch expert_id=45 tensor=blk.1.ffn_gate_exps.weight dependency_distance=0
poc22_position_0_blk19_routed prefetch expert_id=45 tensor=blk.1.ffn_up_exps.weight dependency_distance=0
poc22_position_0_blk19_routed prefetch expert_id=45 tensor=blk.1.ffn_down_exps.weight dependency_distance=2
expert_parity max_abs=0 max_rel=0 mean_abs=0 tolerance=1e-5
poc22_position_0_blk19_routed expert_id=45 consumer_wait=not_instrumented acquire_release=recorded peak_active=1622016 peak_resident=66708480
poc22_position_0_blk19_routed residency_hits=36 residency_misses=42 source_reads=18 materialization_requests=18 source_policy_calls=18 evictions=17 resident_tensors_after=84
routed_merge_parity max_abs=0 max_rel=0 mean_abs=0 tolerance=1e-5
shared_expert_parity max_abs=0 max_rel=0 mean_abs=0 tolerance=1e-5
pre_residual_composition_parity max_abs=0 max_rel=0 mean_abs=0 tolerance=1e-5
final_layer_parity max_abs=0 max_rel=0 mean_abs=0 tolerance=1e-5
poc22_position_0_blk19 shared_expert=REQUIRED shared_graph_created=YES residual_add=YES final_composition=PASS
ffn_timing tensor=blk.1.ffn_gate_inp.weight payload_ready_ns=4509405556152 first_consumer_start_ns=4509662138702 payload_to_first_consumer_ns=256582550
ffn_timing tensor=blk.1.ffn_gate_shexp.weight payload_ready_ns=4521602195273 first_consumer_start_ns=4521865252917 payload_to_first_consumer_ns=263057644
ffn_timing tensor=blk.1.ffn_gate_exps.weight payload_ready_ns=4510051183962 first_consumer_start_ns=4510309616891 payload_to_first_consumer_ns=258432929
poc22_position_0_blk19 full_layer_residency_hits=46 misses=51 evictions=26 source_reads=23 source_bytes=20402176 materialization_requests=23 resident_tensors_after=79
poc22_position_0_blk19 full_layer_peak_active_persistent_bytes=1622016 full_layer_peak_resident_bytes=66776064
poc22_position_0_blk19 first_payload_to_shared_compute_start_ns=12698903134 execution_ready_to_consumer_ns=NOT_INSTRUMENTED payload_to_first_useful_compute=NOT_INSTRUMENTED
normalized_input_parity max_abs=0 max_rel=0 mean_abs=0 tolerance=1e-5
router_score_parity max_abs=9.53674e-07 max_rel=3.12058e-05 mean_abs=2.702e-07 tolerance=1e-5
selected_weight_parity max_abs=1.04308e-07 max_rel=6.19639e-07 mean_abs=4.7187e-08 tolerance=1e-5
reference_poc22_position_0_blk19 topk_ids=15,8,25,41,51,45 normalized_weights=0.186469,0.17258,0.168337,0.165968,0.156391,0.150255,
reference_poc22_position_0_blk19_routed expert_rank=0 expert_id=15 router_rank=0 graph_created=YES graph_refs=gate:0,up:1,down:2 storage_ref_base=200045 score_preserved=YES
reference_poc22_position_0_blk19_routed expert_id=15 selected_range tensor=blk.1.ffn_gate_exps.weight offset=3402088432 bytes=563200 layout=DIRECT
reference_poc22_position_0_blk19_routed expert_id=15 selected_range tensor=blk.1.ffn_up_exps.weight offset=3438133248 bytes=563200 layout=DIRECT
reference_poc22_position_0_blk19_routed expert_id=15 selected_range tensor=blk.1.ffn_down_exps.weight offset=3490060304 bytes=1622016 layout=DIRECT
reference_poc22_position_0_blk19_routed prefetch expert_id=15 tensor=blk.1.ffn_gate_exps.weight dependency_distance=0
reference_poc22_position_0_blk19_routed prefetch expert_id=15 tensor=blk.1.ffn_up_exps.weight dependency_distance=0
reference_poc22_position_0_blk19_routed prefetch expert_id=15 tensor=blk.1.ffn_down_exps.weight dependency_distance=2
expert_parity max_abs=0 max_rel=0 mean_abs=0 tolerance=1e-5
reference_poc22_position_0_blk19_routed expert_id=15 consumer_wait=not_instrumented acquire_release=recorded peak_active=1622016 peak_resident=3280896
reference_poc22_position_0_blk19_routed expert_rank=1 expert_id=8 router_rank=1 graph_created=YES graph_refs=gate:0,up:1,down:2 storage_ref_base=200024 score_preserved=YES
reference_poc22_position_0_blk19_routed expert_id=8 selected_range tensor=blk.1.ffn_gate_exps.weight offset=3398146032 bytes=563200 layout=DIRECT
reference_poc22_position_0_blk19_routed expert_id=8 selected_range tensor=blk.1.ffn_up_exps.weight offset=3434190848 bytes=563200 layout=DIRECT
reference_poc22_position_0_blk19_routed expert_id=8 selected_range tensor=blk.1.ffn_down_exps.weight offset=3478706192 bytes=1622016 layout=DIRECT
reference_poc22_position_0_blk19_routed prefetch expert_id=8 tensor=blk.1.ffn_gate_exps.weight dependency_distance=0
reference_poc22_position_0_blk19_routed prefetch expert_id=8 tensor=blk.1.ffn_up_exps.weight dependency_distance=0
reference_poc22_position_0_blk19_routed prefetch expert_id=8 tensor=blk.1.ffn_down_exps.weight dependency_distance=2
expert_parity max_abs=0 max_rel=0 mean_abs=0 tolerance=1e-5
reference_poc22_position_0_blk19_routed expert_id=8 consumer_wait=not_instrumented acquire_release=recorded peak_active=1622016 peak_resident=6029312
reference_poc22_position_0_blk19_routed expert_rank=2 expert_id=25 router_rank=2 graph_created=YES graph_refs=gate:0,up:1,down:2 storage_ref_base=200075 score_preserved=YES
reference_poc22_position_0_blk19_routed expert_id=25 selected_range tensor=blk.1.ffn_gate_exps.weight offset=3407720432 bytes=563200 layout=DIRECT
reference_poc22_position_0_blk19_routed expert_id=25 selected_range tensor=blk.1.ffn_up_exps.weight offset=3443765248 bytes=563200 layout=DIRECT
reference_poc22_position_0_blk19_routed expert_id=25 selected_range tensor=blk.1.ffn_down_exps.weight offset=3506280464 bytes=1622016 layout=DIRECT
reference_poc22_position_0_blk19_routed prefetch expert_id=25 tensor=blk.1.ffn_gate_exps.weight dependency_distance=0
reference_poc22_position_0_blk19_routed prefetch expert_id=25 tensor=blk.1.ffn_up_exps.weight dependency_distance=0
reference_poc22_position_0_blk19_routed prefetch expert_id=25 tensor=blk.1.ffn_down_exps.weight dependency_distance=2
expert_parity max_abs=0 max_rel=0 mean_abs=0 tolerance=1e-5
reference_poc22_position_0_blk19_routed expert_id=25 consumer_wait=not_instrumented acquire_release=recorded peak_active=1622016 peak_resident=8245248
reference_poc22_position_0_blk19_routed expert_rank=3 expert_id=41 router_rank=3 graph_created=YES graph_refs=gate:0,up:1,down:2 storage_ref_base=200123 score_preserved=YES
reference_poc22_position_0_blk19_routed expert_id=41 selected_range tensor=blk.1.ffn_gate_exps.weight offset=3416731632 bytes=563200 layout=DIRECT
reference_poc22_position_0_blk19_routed expert_id=41 selected_range tensor=blk.1.ffn_up_exps.weight offset=3452776448 bytes=563200 layout=DIRECT
reference_poc22_position_0_blk19_routed expert_id=41 selected_range tensor=blk.1.ffn_down_exps.weight offset=3532232720 bytes=1622016 layout=DIRECT
reference_poc22_position_0_blk19_routed prefetch expert_id=41 tensor=blk.1.ffn_gate_exps.weight dependency_distance=0
reference_poc22_position_0_blk19_routed prefetch expert_id=41 tensor=blk.1.ffn_up_exps.weight dependency_distance=0
reference_poc22_position_0_blk19_routed prefetch expert_id=41 tensor=blk.1.ffn_down_exps.weight dependency_distance=2
expert_parity max_abs=0 max_rel=0 mean_abs=0 tolerance=1e-5
reference_poc22_position_0_blk19_routed expert_id=41 consumer_wait=not_instrumented acquire_release=recorded peak_active=1622016 peak_resident=8245248
reference_poc22_position_0_blk19_routed expert_rank=4 expert_id=51 router_rank=4 graph_created=YES graph_refs=gate:0,up:1,down:2 storage_ref_base=200153 score_preserved=YES
reference_poc22_position_0_blk19_routed expert_id=51 selected_range tensor=blk.1.ffn_gate_exps.weight offset=3422363632 bytes=563200 layout=DIRECT
reference_poc22_position_0_blk19_routed expert_id=51 selected_range tensor=blk.1.ffn_up_exps.weight offset=3458408448 bytes=563200 layout=DIRECT
reference_poc22_position_0_blk19_routed expert_id=51 selected_range tensor=blk.1.ffn_down_exps.weight offset=3548452880 bytes=1622016 layout=DIRECT
reference_poc22_position_0_blk19_routed prefetch expert_id=51 tensor=blk.1.ffn_gate_exps.weight dependency_distance=0
reference_poc22_position_0_blk19_routed prefetch expert_id=51 tensor=blk.1.ffn_up_exps.weight dependency_distance=0
reference_poc22_position_0_blk19_routed prefetch expert_id=51 tensor=blk.1.ffn_down_exps.weight dependency_distance=2
expert_parity max_abs=0 max_rel=0 mean_abs=0 tolerance=1e-5
reference_poc22_position_0_blk19_routed expert_id=51 consumer_wait=not_instrumented acquire_release=recorded peak_active=1622016 peak_resident=8245248
reference_poc22_position_0_blk19_routed expert_rank=5 expert_id=45 router_rank=5 graph_created=YES graph_refs=gate:0,up:1,down:2 storage_ref_base=200135 score_preserved=YES
reference_poc22_position_0_blk19_routed expert_id=45 selected_range tensor=blk.1.ffn_gate_exps.weight offset=3418984432 bytes=563200 layout=DIRECT
reference_poc22_position_0_blk19_routed expert_id=45 selected_range tensor=blk.1.ffn_up_exps.weight offset=3455029248 bytes=563200 layout=DIRECT
reference_poc22_position_0_blk19_routed expert_id=45 selected_range tensor=blk.1.ffn_down_exps.weight offset=3538720784 bytes=1622016 layout=DIRECT
reference_poc22_position_0_blk19_routed prefetch expert_id=45 tensor=blk.1.ffn_gate_exps.weight dependency_distance=0
reference_poc22_position_0_blk19_routed prefetch expert_id=45 tensor=blk.1.ffn_up_exps.weight dependency_distance=0
reference_poc22_position_0_blk19_routed prefetch expert_id=45 tensor=blk.1.ffn_down_exps.weight dependency_distance=2
expert_parity max_abs=0 max_rel=0 mean_abs=0 tolerance=1e-5
reference_poc22_position_0_blk19_routed expert_id=45 consumer_wait=not_instrumented acquire_release=recorded peak_active=1622016 peak_resident=8245248
reference_poc22_position_0_blk19_routed residency_hits=36 residency_misses=42 source_reads=18 materialization_requests=18 source_policy_calls=18 evictions=11 resident_tensors_after=9
routed_merge_parity max_abs=0 max_rel=0 mean_abs=0 tolerance=1e-5
shared_expert_parity max_abs=0 max_rel=0 mean_abs=0 tolerance=1e-5
pre_residual_composition_parity max_abs=0 max_rel=0 mean_abs=0 tolerance=1e-5
final_layer_parity max_abs=0 max_rel=0 mean_abs=0 tolerance=1e-5
reference_poc22_position_0_blk19 shared_expert=REQUIRED shared_graph_created=YES residual_add=YES final_composition=PASS
ffn_timing tensor=blk.1.ffn_gate_inp.weight payload_ready_ns=4524195495764 first_consumer_start_ns=4524450454989 payload_to_first_consumer_ns=254959225
ffn_timing tensor=blk.1.ffn_gate_shexp.weight payload_ready_ns=4536490921964 first_consumer_start_ns=4536752319392 payload_to_first_consumer_ns=261397428
ffn_timing tensor=blk.1.ffn_gate_exps.weight payload_ready_ns=4524838245135 first_consumer_start_ns=4525093912097 payload_to_first_consumer_ns=255666962
reference_poc22_position_0_blk19 full_layer_residency_hits=46 misses=51 evictions=15 source_reads=23 source_bytes=20402176 materialization_requests=23 resident_tensors_after=8
reference_poc22_position_0_blk19 full_layer_peak_active_persistent_bytes=1622016 full_layer_peak_resident_bytes=8312832
reference_poc22_position_0_blk19 first_payload_to_shared_compute_start_ns=12800432835 execution_ready_to_consumer_ns=NOT_INSTRUMENTED payload_to_first_useful_compute=NOT_INSTRUMENTED
poc22_position_0_blk19_attention_parity max_abs=0 max_rel=0 mean_abs=0 tolerance=1e-5
poc22_position_0_blk19_block_parity max_abs=0 max_rel=0 mean_abs=0 tolerance=1e-5
poc22_position_0 block_handoff block=20 handoff_ns=321785 activation_copy_bytes=0
attention_timing tensor=blk.1.attn_norm.weight payload_ready_ns=4165943377826 first_consumer_start_ns=4538726481697 payload_to_first_consumer_ns=372783103871
attention_timing tensor=blk.1.attn_q.weight payload_ready_ns=4165987887583 first_consumer_start_ns=4539394219143 payload_to_first_consumer_ns=373406331560
attention_timing tensor=blk.1.attn_kv_a_mqa.weight payload_ready_ns=4166024115135 first_consumer_start_ns=4540064600786 payload_to_first_consumer_ns=374040485651
attention_timing tensor=blk.1.attn_kv_a_norm.weight payload_ready_ns=4166096322368 first_consumer_start_ns=4540734108571 payload_to_first_consumer_ns=374637786203
attention_timing tensor=blk.1.attn_kv_b.weight payload_ready_ns=4166131406860 first_consumer_start_ns=4541402635001 payload_to_first_consumer_ns=375271228141
attention_timing tensor=blk.1.attn_output.weight payload_ready_ns=4166174744099 first_consumer_start_ns=4542072672817 payload_to_first_consumer_ns=375897928718
poc22_position_0_blk20 position=0 state_k_positions=1 state_v_positions=1 attention_probs=1,1,1,1,1,1,1,1,1,1,1,1,1,1,1,1,
reference_attention position=0 state_k_positions=1 state_v_positions=1 attention_probs=1,1,1,1,1,1,1,1,1,1,1,1,1,1,1,1,
normalized_input_parity max_abs=0 max_rel=0 mean_abs=0 tolerance=1e-5
router_score_parity max_abs=2.02656e-06 max_rel=2.05749e-05 mean_abs=3.26982e-07 tolerance=1e-5
selected_weight_parity max_abs=1.49012e-07 max_rel=9.25164e-07 mean_abs=1.06792e-07 tolerance=1e-5
poc22_position_0_blk20 topk_ids=47,14,13,43,52,22 normalized_weights=0.197832,0.172184,0.167282,0.161065,0.160936,0.140702,
poc22_position_0_blk20_routed expert_rank=0 expert_id=47 router_rank=0 graph_created=YES graph_refs=gate:0,up:1,down:2 storage_ref_base=210141 score_preserved=YES
poc22_position_0_blk20_routed expert_id=47 selected_range tensor=blk.1.ffn_gate_exps.weight offset=3602881720 bytes=563200 layout=DIRECT
poc22_position_0_blk20_routed expert_id=47 selected_range tensor=blk.1.ffn_up_exps.weight offset=3638926536 bytes=563200 layout=DIRECT
poc22_position_0_blk20_routed expert_id=47 selected_range tensor=blk.1.ffn_down_exps.weight offset=3724735704 bytes=1622016 layout=DIRECT
poc22_position_0_blk20_routed prefetch expert_id=47 tensor=blk.1.ffn_gate_exps.weight dependency_distance=0
poc22_position_0_blk20_routed prefetch expert_id=47 tensor=blk.1.ffn_up_exps.weight dependency_distance=0
poc22_position_0_blk20_routed prefetch expert_id=47 tensor=blk.1.ffn_down_exps.weight dependency_distance=2
expert_parity max_abs=0 max_rel=0 mean_abs=0 tolerance=1e-5
poc22_position_0_blk20_routed expert_id=47 consumer_wait=not_instrumented acquire_release=recorded peak_active=1622016 peak_resident=66776064
poc22_position_0_blk20_routed expert_rank=1 expert_id=14 router_rank=1 graph_created=YES graph_refs=gate:0,up:1,down:2 storage_ref_base=210042 score_preserved=YES
poc22_position_0_blk20_routed expert_id=14 selected_range tensor=blk.1.ffn_gate_exps.weight offset=3584296120 bytes=563200 layout=DIRECT
poc22_position_0_blk20_routed expert_id=14 selected_range tensor=blk.1.ffn_up_exps.weight offset=3620340936 bytes=563200 layout=DIRECT
poc22_position_0_blk20_routed expert_id=14 selected_range tensor=blk.1.ffn_down_exps.weight offset=3671209176 bytes=1622016 layout=DIRECT
poc22_position_0_blk20_routed prefetch expert_id=14 tensor=blk.1.ffn_gate_exps.weight dependency_distance=0
poc22_position_0_blk20_routed prefetch expert_id=14 tensor=blk.1.ffn_up_exps.weight dependency_distance=0
poc22_position_0_blk20_routed prefetch expert_id=14 tensor=blk.1.ffn_down_exps.weight dependency_distance=2
expert_parity max_abs=0 max_rel=0 mean_abs=0 tolerance=1e-5
poc22_position_0_blk20_routed expert_id=14 consumer_wait=not_instrumented acquire_release=recorded peak_active=1622016 peak_resident=66776064
poc22_position_0_blk20_routed expert_rank=2 expert_id=13 router_rank=2 graph_created=YES graph_refs=gate:0,up:1,down:2 storage_ref_base=210039 score_preserved=YES
poc22_position_0_blk20_routed expert_id=13 selected_range tensor=blk.1.ffn_gate_exps.weight offset=3583732920 bytes=563200 layout=DIRECT
poc22_position_0_blk20_routed expert_id=13 selected_range tensor=blk.1.ffn_up_exps.weight offset=3619777736 bytes=563200 layout=DIRECT
poc22_position_0_blk20_routed expert_id=13 selected_range tensor=blk.1.ffn_down_exps.weight offset=3669587160 bytes=1622016 layout=DIRECT
poc22_position_0_blk20_routed prefetch expert_id=13 tensor=blk.1.ffn_gate_exps.weight dependency_distance=0
poc22_position_0_blk20_routed prefetch expert_id=13 tensor=blk.1.ffn_up_exps.weight dependency_distance=0
poc22_position_0_blk20_routed prefetch expert_id=13 tensor=blk.1.ffn_down_exps.weight dependency_distance=2
expert_parity max_abs=0 max_rel=0 mean_abs=0 tolerance=1e-5
poc22_position_0_blk20_routed expert_id=13 consumer_wait=not_instrumented acquire_release=recorded peak_active=1622016 peak_resident=66776064
poc22_position_0_blk20_routed expert_rank=3 expert_id=43 router_rank=3 graph_created=YES graph_refs=gate:0,up:1,down:2 storage_ref_base=210129 score_preserved=YES
poc22_position_0_blk20_routed expert_id=43 selected_range tensor=blk.1.ffn_gate_exps.weight offset=3600628920 bytes=563200 layout=DIRECT
poc22_position_0_blk20_routed expert_id=43 selected_range tensor=blk.1.ffn_up_exps.weight offset=3636673736 bytes=563200 layout=DIRECT
poc22_position_0_blk20_routed expert_id=43 selected_range tensor=blk.1.ffn_down_exps.weight offset=3718247640 bytes=1622016 layout=DIRECT
poc22_position_0_blk20_routed prefetch expert_id=43 tensor=blk.1.ffn_gate_exps.weight dependency_distance=0
poc22_position_0_blk20_routed prefetch expert_id=43 tensor=blk.1.ffn_up_exps.weight dependency_distance=0
poc22_position_0_blk20_routed prefetch expert_id=43 tensor=blk.1.ffn_down_exps.weight dependency_distance=2
expert_parity max_abs=0 max_rel=0 mean_abs=0 tolerance=1e-5
poc22_position_0_blk20_routed expert_id=43 consumer_wait=not_instrumented acquire_release=recorded peak_active=1622016 peak_resident=66776064
poc22_position_0_blk20_routed expert_rank=4 expert_id=52 router_rank=4 graph_created=YES graph_refs=gate:0,up:1,down:2 storage_ref_base=210156 score_preserved=YES
poc22_position_0_blk20_routed expert_id=52 selected_range tensor=blk.1.ffn_gate_exps.weight offset=3605697720 bytes=563200 layout=DIRECT
poc22_position_0_blk20_routed expert_id=52 selected_range tensor=blk.1.ffn_up_exps.weight offset=3641742536 bytes=563200 layout=DIRECT
poc22_position_0_blk20_routed expert_id=52 selected_range tensor=blk.1.ffn_down_exps.weight offset=3732845784 bytes=1622016 layout=DIRECT
poc22_position_0_blk20_routed prefetch expert_id=52 tensor=blk.1.ffn_gate_exps.weight dependency_distance=0
poc22_position_0_blk20_routed prefetch expert_id=52 tensor=blk.1.ffn_up_exps.weight dependency_distance=0
poc22_position_0_blk20_routed prefetch expert_id=52 tensor=blk.1.ffn_down_exps.weight dependency_distance=2
expert_parity max_abs=0 max_rel=0 mean_abs=0 tolerance=1e-5
poc22_position_0_blk20_routed expert_id=52 consumer_wait=not_instrumented acquire_release=recorded peak_active=1622016 peak_resident=66212864
poc22_position_0_blk20_routed expert_rank=5 expert_id=22 router_rank=5 graph_created=YES graph_refs=gate:0,up:1,down:2 storage_ref_base=210066 score_preserved=YES
poc22_position_0_blk20_routed expert_id=22 selected_range tensor=blk.1.ffn_gate_exps.weight offset=3588801720 bytes=563200 layout=DIRECT
poc22_position_0_blk20_routed expert_id=22 selected_range tensor=blk.1.ffn_up_exps.weight offset=3624846536 bytes=563200 layout=DIRECT
poc22_position_0_blk20_routed expert_id=22 selected_range tensor=blk.1.ffn_down_exps.weight offset=3684185304 bytes=1622016 layout=DIRECT
poc22_position_0_blk20_routed prefetch expert_id=22 tensor=blk.1.ffn_gate_exps.weight dependency_distance=0
poc22_position_0_blk20_routed prefetch expert_id=22 tensor=blk.1.ffn_up_exps.weight dependency_distance=0
poc22_position_0_blk20_routed prefetch expert_id=22 tensor=blk.1.ffn_down_exps.weight dependency_distance=2
expert_parity max_abs=0 max_rel=0 mean_abs=0 tolerance=1e-5
poc22_position_0_blk20_routed expert_id=22 consumer_wait=not_instrumented acquire_release=recorded peak_active=1622016 peak_resident=66708480
poc22_position_0_blk20_routed residency_hits=36 residency_misses=42 source_reads=18 materialization_requests=18 source_policy_calls=18 evictions=17 resident_tensors_after=84
routed_merge_parity max_abs=0 max_rel=0 mean_abs=0 tolerance=1e-5
shared_expert_parity max_abs=0 max_rel=0 mean_abs=0 tolerance=1e-5
pre_residual_composition_parity max_abs=0 max_rel=0 mean_abs=0 tolerance=1e-5
final_layer_parity max_abs=0 max_rel=0 mean_abs=0 tolerance=1e-5
poc22_position_0_blk20 shared_expert=REQUIRED shared_graph_created=YES residual_add=YES final_composition=PASS
ffn_timing tensor=blk.1.ffn_gate_inp.weight payload_ready_ns=4543152714952 first_consumer_start_ns=4543421896471 payload_to_first_consumer_ns=269181519
ffn_timing tensor=blk.1.ffn_gate_shexp.weight payload_ready_ns=4555902021953 first_consumer_start_ns=4556175293680 payload_to_first_consumer_ns=273271727
ffn_timing tensor=blk.1.ffn_gate_exps.weight payload_ready_ns=4543828514692 first_consumer_start_ns=4544097852958 payload_to_first_consumer_ns=269338266
poc22_position_0_blk20 full_layer_residency_hits=46 misses=51 evictions=26 source_reads=23 source_bytes=20402176 materialization_requests=23 resident_tensors_after=79
poc22_position_0_blk20 full_layer_peak_active_persistent_bytes=1622016 full_layer_peak_resident_bytes=66776064
poc22_position_0_blk20 first_payload_to_shared_compute_start_ns=13275797656 execution_ready_to_consumer_ns=NOT_INSTRUMENTED payload_to_first_useful_compute=NOT_INSTRUMENTED
normalized_input_parity max_abs=0 max_rel=0 mean_abs=0 tolerance=1e-5
router_score_parity max_abs=2.02656e-06 max_rel=2.05749e-05 mean_abs=3.26982e-07 tolerance=1e-5
selected_weight_parity max_abs=1.49012e-07 max_rel=9.25164e-07 mean_abs=1.06792e-07 tolerance=1e-5
reference_poc22_position_0_blk20 topk_ids=47,14,13,43,52,22 normalized_weights=0.197832,0.172184,0.167282,0.161065,0.160936,0.140702,
reference_poc22_position_0_blk20_routed expert_rank=0 expert_id=47 router_rank=0 graph_created=YES graph_refs=gate:0,up:1,down:2 storage_ref_base=210141 score_preserved=YES
reference_poc22_position_0_blk20_routed expert_id=47 selected_range tensor=blk.1.ffn_gate_exps.weight offset=3602881720 bytes=563200 layout=DIRECT
reference_poc22_position_0_blk20_routed expert_id=47 selected_range tensor=blk.1.ffn_up_exps.weight offset=3638926536 bytes=563200 layout=DIRECT
reference_poc22_position_0_blk20_routed expert_id=47 selected_range tensor=blk.1.ffn_down_exps.weight offset=3724735704 bytes=1622016 layout=DIRECT
reference_poc22_position_0_blk20_routed prefetch expert_id=47 tensor=blk.1.ffn_gate_exps.weight dependency_distance=0
reference_poc22_position_0_blk20_routed prefetch expert_id=47 tensor=blk.1.ffn_up_exps.weight dependency_distance=0
reference_poc22_position_0_blk20_routed prefetch expert_id=47 tensor=blk.1.ffn_down_exps.weight dependency_distance=2
expert_parity max_abs=0 max_rel=0 mean_abs=0 tolerance=1e-5
reference_poc22_position_0_blk20_routed expert_id=47 consumer_wait=not_instrumented acquire_release=recorded peak_active=1622016 peak_resident=3280896
reference_poc22_position_0_blk20_routed expert_rank=1 expert_id=14 router_rank=1 graph_created=YES graph_refs=gate:0,up:1,down:2 storage_ref_base=210042 score_preserved=YES
reference_poc22_position_0_blk20_routed expert_id=14 selected_range tensor=blk.1.ffn_gate_exps.weight offset=3584296120 bytes=563200 layout=DIRECT
reference_poc22_position_0_blk20_routed expert_id=14 selected_range tensor=blk.1.ffn_up_exps.weight offset=3620340936 bytes=563200 layout=DIRECT
reference_poc22_position_0_blk20_routed expert_id=14 selected_range tensor=blk.1.ffn_down_exps.weight offset=3671209176 bytes=1622016 layout=DIRECT
reference_poc22_position_0_blk20_routed prefetch expert_id=14 tensor=blk.1.ffn_gate_exps.weight dependency_distance=0
reference_poc22_position_0_blk20_routed prefetch expert_id=14 tensor=blk.1.ffn_up_exps.weight dependency_distance=0
reference_poc22_position_0_blk20_routed prefetch expert_id=14 tensor=blk.1.ffn_down_exps.weight dependency_distance=2
expert_parity max_abs=0 max_rel=0 mean_abs=0 tolerance=1e-5
reference_poc22_position_0_blk20_routed expert_id=14 consumer_wait=not_instrumented acquire_release=recorded peak_active=1622016 peak_resident=6029312
reference_poc22_position_0_blk20_routed expert_rank=2 expert_id=13 router_rank=2 graph_created=YES graph_refs=gate:0,up:1,down:2 storage_ref_base=210039 score_preserved=YES
reference_poc22_position_0_blk20_routed expert_id=13 selected_range tensor=blk.1.ffn_gate_exps.weight offset=3583732920 bytes=563200 layout=DIRECT
reference_poc22_position_0_blk20_routed expert_id=13 selected_range tensor=blk.1.ffn_up_exps.weight offset=3619777736 bytes=563200 layout=DIRECT
reference_poc22_position_0_blk20_routed expert_id=13 selected_range tensor=blk.1.ffn_down_exps.weight offset=3669587160 bytes=1622016 layout=DIRECT
reference_poc22_position_0_blk20_routed prefetch expert_id=13 tensor=blk.1.ffn_gate_exps.weight dependency_distance=0
reference_poc22_position_0_blk20_routed prefetch expert_id=13 tensor=blk.1.ffn_up_exps.weight dependency_distance=0
reference_poc22_position_0_blk20_routed prefetch expert_id=13 tensor=blk.1.ffn_down_exps.weight dependency_distance=2
expert_parity max_abs=0 max_rel=0 mean_abs=0 tolerance=1e-5
reference_poc22_position_0_blk20_routed expert_id=13 consumer_wait=not_instrumented acquire_release=recorded peak_active=1622016 peak_resident=8245248
reference_poc22_position_0_blk20_routed expert_rank=3 expert_id=43 router_rank=3 graph_created=YES graph_refs=gate:0,up:1,down:2 storage_ref_base=210129 score_preserved=YES
reference_poc22_position_0_blk20_routed expert_id=43 selected_range tensor=blk.1.ffn_gate_exps.weight offset=3600628920 bytes=563200 layout=DIRECT
reference_poc22_position_0_blk20_routed expert_id=43 selected_range tensor=blk.1.ffn_up_exps.weight offset=3636673736 bytes=563200 layout=DIRECT
reference_poc22_position_0_blk20_routed expert_id=43 selected_range tensor=blk.1.ffn_down_exps.weight offset=3718247640 bytes=1622016 layout=DIRECT
reference_poc22_position_0_blk20_routed prefetch expert_id=43 tensor=blk.1.ffn_gate_exps.weight dependency_distance=0
reference_poc22_position_0_blk20_routed prefetch expert_id=43 tensor=blk.1.ffn_up_exps.weight dependency_distance=0
reference_poc22_position_0_blk20_routed prefetch expert_id=43 tensor=blk.1.ffn_down_exps.weight dependency_distance=2
expert_parity max_abs=0 max_rel=0 mean_abs=0 tolerance=1e-5
reference_poc22_position_0_blk20_routed expert_id=43 consumer_wait=not_instrumented acquire_release=recorded peak_active=1622016 peak_resident=8245248
reference_poc22_position_0_blk20_routed expert_rank=4 expert_id=52 router_rank=4 graph_created=YES graph_refs=gate:0,up:1,down:2 storage_ref_base=210156 score_preserved=YES
reference_poc22_position_0_blk20_routed expert_id=52 selected_range tensor=blk.1.ffn_gate_exps.weight offset=3605697720 bytes=563200 layout=DIRECT
reference_poc22_position_0_blk20_routed expert_id=52 selected_range tensor=blk.1.ffn_up_exps.weight offset=3641742536 bytes=563200 layout=DIRECT
reference_poc22_position_0_blk20_routed expert_id=52 selected_range tensor=blk.1.ffn_down_exps.weight offset=3732845784 bytes=1622016 layout=DIRECT
reference_poc22_position_0_blk20_routed prefetch expert_id=52 tensor=blk.1.ffn_gate_exps.weight dependency_distance=0
reference_poc22_position_0_blk20_routed prefetch expert_id=52 tensor=blk.1.ffn_up_exps.weight dependency_distance=0
reference_poc22_position_0_blk20_routed prefetch expert_id=52 tensor=blk.1.ffn_down_exps.weight dependency_distance=2
expert_parity max_abs=0 max_rel=0 mean_abs=0 tolerance=1e-5
reference_poc22_position_0_blk20_routed expert_id=52 consumer_wait=not_instrumented acquire_release=recorded peak_active=1622016 peak_resident=8245248
reference_poc22_position_0_blk20_routed expert_rank=5 expert_id=22 router_rank=5 graph_created=YES graph_refs=gate:0,up:1,down:2 storage_ref_base=210066 score_preserved=YES
reference_poc22_position_0_blk20_routed expert_id=22 selected_range tensor=blk.1.ffn_gate_exps.weight offset=3588801720 bytes=563200 layout=DIRECT
reference_poc22_position_0_blk20_routed expert_id=22 selected_range tensor=blk.1.ffn_up_exps.weight offset=3624846536 bytes=563200 layout=DIRECT
reference_poc22_position_0_blk20_routed expert_id=22 selected_range tensor=blk.1.ffn_down_exps.weight offset=3684185304 bytes=1622016 layout=DIRECT
reference_poc22_position_0_blk20_routed prefetch expert_id=22 tensor=blk.1.ffn_gate_exps.weight dependency_distance=0
reference_poc22_position_0_blk20_routed prefetch expert_id=22 tensor=blk.1.ffn_up_exps.weight dependency_distance=0
reference_poc22_position_0_blk20_routed prefetch expert_id=22 tensor=blk.1.ffn_down_exps.weight dependency_distance=2
expert_parity max_abs=0 max_rel=0 mean_abs=0 tolerance=1e-5
reference_poc22_position_0_blk20_routed expert_id=22 consumer_wait=not_instrumented acquire_release=recorded peak_active=1622016 peak_resident=8245248
reference_poc22_position_0_blk20_routed residency_hits=36 residency_misses=42 source_reads=18 materialization_requests=18 source_policy_calls=18 evictions=11 resident_tensors_after=9
routed_merge_parity max_abs=0 max_rel=0 mean_abs=0 tolerance=1e-5
shared_expert_parity max_abs=0 max_rel=0 mean_abs=0 tolerance=1e-5
pre_residual_composition_parity max_abs=0 max_rel=0 mean_abs=0 tolerance=1e-5
final_layer_parity max_abs=0 max_rel=0 mean_abs=0 tolerance=1e-5
reference_poc22_position_0_blk20 shared_expert=REQUIRED shared_graph_created=YES residual_add=YES final_composition=PASS
ffn_timing tensor=blk.1.ffn_gate_inp.weight payload_ready_ns=4558610582638 first_consumer_start_ns=4558877452621 payload_to_first_consumer_ns=266869983
ffn_timing tensor=blk.1.ffn_gate_shexp.weight payload_ready_ns=4571454406215 first_consumer_start_ns=4571727078746 payload_to_first_consumer_ns=272672531
ffn_timing tensor=blk.1.ffn_gate_exps.weight payload_ready_ns=4559283480021 first_consumer_start_ns=4559550282422 payload_to_first_consumer_ns=266802401
reference_poc22_position_0_blk20 full_layer_residency_hits=46 misses=51 evictions=15 source_reads=23 source_bytes=20402176 materialization_requests=23 resident_tensors_after=8
reference_poc22_position_0_blk20 full_layer_peak_active_persistent_bytes=1622016 full_layer_peak_resident_bytes=8312832
reference_poc22_position_0_blk20 first_payload_to_shared_compute_start_ns=13373957991 execution_ready_to_consumer_ns=NOT_INSTRUMENTED payload_to_first_useful_compute=NOT_INSTRUMENTED
poc22_position_0_blk20_attention_parity max_abs=0 max_rel=0 mean_abs=0 tolerance=1e-5
poc22_position_0_blk20_block_parity max_abs=0 max_rel=0 mean_abs=0 tolerance=1e-5
poc22_position_0 block_handoff block=21 handoff_ns=326035 activation_copy_bytes=0
attention_timing tensor=blk.1.attn_norm.weight payload_ready_ns=4165943377826 first_consumer_start_ns=4573788432984 payload_to_first_consumer_ns=407845055158
attention_timing tensor=blk.1.attn_q.weight payload_ready_ns=4165987887583 first_consumer_start_ns=4574486238943 payload_to_first_consumer_ns=408498351360
attention_timing tensor=blk.1.attn_kv_a_mqa.weight payload_ready_ns=4166024115135 first_consumer_start_ns=4575187196213 payload_to_first_consumer_ns=409163081078
attention_timing tensor=blk.1.attn_kv_a_norm.weight payload_ready_ns=4166096322368 first_consumer_start_ns=4575886977090 payload_to_first_consumer_ns=409790654722
attention_timing tensor=blk.1.attn_kv_b.weight payload_ready_ns=4166131406860 first_consumer_start_ns=4576585308580 payload_to_first_consumer_ns=410453901720
attention_timing tensor=blk.1.attn_output.weight payload_ready_ns=4166174744099 first_consumer_start_ns=4577285704111 payload_to_first_consumer_ns=411110960012
poc22_position_0_blk21 position=0 state_k_positions=1 state_v_positions=1 attention_probs=1,1,1,1,1,1,1,1,1,1,1,1,1,1,1,1,
reference_attention position=0 state_k_positions=1 state_v_positions=1 attention_probs=1,1,1,1,1,1,1,1,1,1,1,1,1,1,1,1,
normalized_input_parity max_abs=0 max_rel=0 mean_abs=0 tolerance=1e-5
router_score_parity max_abs=1.12504e-06 max_rel=4.86009e-05 mean_abs=3.14369e-07 tolerance=1e-5
selected_weight_parity max_abs=7.45058e-08 max_rel=4.98805e-07 mean_abs=4.96705e-08 tolerance=1e-5
poc22_position_0_blk21 topk_ids=40,22,6,13,16,60 normalized_weights=0.189086,0.185128,0.169186,0.157681,0.14955,0.149369,
poc22_position_0_blk21_routed expert_rank=0 expert_id=40 router_rank=0 graph_created=YES graph_refs=gate:0,up:1,down:2 storage_ref_base=220120 score_preserved=YES
poc22_position_0_blk21_routed expert_id=40 selected_range tensor=blk.1.ffn_gate_exps.weight offset=3781710208 bytes=563200 layout=DIRECT
poc22_position_0_blk21_routed expert_id=40 selected_range tensor=blk.1.ffn_up_exps.weight offset=3817755024 bytes=563200 layout=DIRECT
poc22_position_0_blk21_routed expert_id=40 selected_range tensor=blk.1.ffn_down_exps.weight offset=3896152480 bytes=1622016 layout=DIRECT
poc22_position_0_blk21_routed prefetch expert_id=40 tensor=blk.1.ffn_gate_exps.weight dependency_distance=0
poc22_position_0_blk21_routed prefetch expert_id=40 tensor=blk.1.ffn_up_exps.weight dependency_distance=0
poc22_position_0_blk21_routed prefetch expert_id=40 tensor=blk.1.ffn_down_exps.weight dependency_distance=2
expert_parity max_abs=0 max_rel=0 mean_abs=0 tolerance=1e-5
poc22_position_0_blk21_routed expert_id=40 consumer_wait=not_instrumented acquire_release=recorded peak_active=1622016 peak_resident=66776064
poc22_position_0_blk21_routed expert_rank=1 expert_id=22 router_rank=1 graph_created=YES graph_refs=gate:0,up:1,down:2 storage_ref_base=220066 score_preserved=YES
poc22_position_0_blk21_routed expert_id=22 selected_range tensor=blk.1.ffn_gate_exps.weight offset=3771572608 bytes=563200 layout=DIRECT
poc22_position_0_blk21_routed expert_id=22 selected_range tensor=blk.1.ffn_up_exps.weight offset=3807617424 bytes=563200 layout=DIRECT
poc22_position_0_blk21_routed expert_id=22 selected_range tensor=blk.1.ffn_down_exps.weight offset=3866956192 bytes=1622016 layout=DIRECT
poc22_position_0_blk21_routed prefetch expert_id=22 tensor=blk.1.ffn_gate_exps.weight dependency_distance=0
poc22_position_0_blk21_routed prefetch expert_id=22 tensor=blk.1.ffn_up_exps.weight dependency_distance=0
poc22_position_0_blk21_routed prefetch expert_id=22 tensor=blk.1.ffn_down_exps.weight dependency_distance=2
expert_parity max_abs=0 max_rel=0 mean_abs=0 tolerance=1e-5
poc22_position_0_blk21_routed expert_id=22 consumer_wait=not_instrumented acquire_release=recorded peak_active=1622016 peak_resident=66776064
poc22_position_0_blk21_routed expert_rank=2 expert_id=6 router_rank=2 graph_created=YES graph_refs=gate:0,up:1,down:2 storage_ref_base=220018 score_preserved=YES
poc22_position_0_blk21_routed expert_id=6 selected_range tensor=blk.1.ffn_gate_exps.weight offset=3762561408 bytes=563200 layout=DIRECT
poc22_position_0_blk21_routed expert_id=6 selected_range tensor=blk.1.ffn_up_exps.weight offset=3798606224 bytes=563200 layout=DIRECT
poc22_position_0_blk21_routed expert_id=6 selected_range tensor=blk.1.ffn_down_exps.weight offset=3841003936 bytes=1622016 layout=DIRECT
poc22_position_0_blk21_routed prefetch expert_id=6 tensor=blk.1.ffn_gate_exps.weight dependency_distance=0
poc22_position_0_blk21_routed prefetch expert_id=6 tensor=blk.1.ffn_up_exps.weight dependency_distance=0
poc22_position_0_blk21_routed prefetch expert_id=6 tensor=blk.1.ffn_down_exps.weight dependency_distance=2
expert_parity max_abs=0 max_rel=0 mean_abs=0 tolerance=1e-5
poc22_position_0_blk21_routed expert_id=6 consumer_wait=not_instrumented acquire_release=recorded peak_active=1622016 peak_resident=66776064
poc22_position_0_blk21_routed expert_rank=3 expert_id=13 router_rank=3 graph_created=YES graph_refs=gate:0,up:1,down:2 storage_ref_base=220039 score_preserved=YES
poc22_position_0_blk21_routed expert_id=13 selected_range tensor=blk.1.ffn_gate_exps.weight offset=3766503808 bytes=563200 layout=DIRECT
poc22_position_0_blk21_routed expert_id=13 selected_range tensor=blk.1.ffn_up_exps.weight offset=3802548624 bytes=563200 layout=DIRECT
poc22_position_0_blk21_routed expert_id=13 selected_range tensor=blk.1.ffn_down_exps.weight offset=3852358048 bytes=1622016 layout=DIRECT
poc22_position_0_blk21_routed prefetch expert_id=13 tensor=blk.1.ffn_gate_exps.weight dependency_distance=0
poc22_position_0_blk21_routed prefetch expert_id=13 tensor=blk.1.ffn_up_exps.weight dependency_distance=0
poc22_position_0_blk21_routed prefetch expert_id=13 tensor=blk.1.ffn_down_exps.weight dependency_distance=2
expert_parity max_abs=0 max_rel=0 mean_abs=0 tolerance=1e-5
poc22_position_0_blk21_routed expert_id=13 consumer_wait=not_instrumented acquire_release=recorded peak_active=1622016 peak_resident=66776064
poc22_position_0_blk21_routed expert_rank=4 expert_id=16 router_rank=4 graph_created=YES graph_refs=gate:0,up:1,down:2 storage_ref_base=220048 score_preserved=YES
poc22_position_0_blk21_routed expert_id=16 selected_range tensor=blk.1.ffn_gate_exps.weight offset=3768193408 bytes=563200 layout=DIRECT
poc22_position_0_blk21_routed expert_id=16 selected_range tensor=blk.1.ffn_up_exps.weight offset=3804238224 bytes=563200 layout=DIRECT
poc22_position_0_blk21_routed expert_id=16 selected_range tensor=blk.1.ffn_down_exps.weight offset=3857224096 bytes=1622016 layout=DIRECT
poc22_position_0_blk21_routed prefetch expert_id=16 tensor=blk.1.ffn_gate_exps.weight dependency_distance=0
poc22_position_0_blk21_routed prefetch expert_id=16 tensor=blk.1.ffn_up_exps.weight dependency_distance=0
poc22_position_0_blk21_routed prefetch expert_id=16 tensor=blk.1.ffn_down_exps.weight dependency_distance=2
expert_parity max_abs=0 max_rel=0 mean_abs=0 tolerance=1e-5
poc22_position_0_blk21_routed expert_id=16 consumer_wait=not_instrumented acquire_release=recorded peak_active=1622016 peak_resident=66212864
poc22_position_0_blk21_routed expert_rank=5 expert_id=60 router_rank=5 graph_created=YES graph_refs=gate:0,up:1,down:2 storage_ref_base=220180 score_preserved=YES
poc22_position_0_blk21_routed expert_id=60 selected_range tensor=blk.1.ffn_gate_exps.weight offset=3792974208 bytes=563200 layout=DIRECT
poc22_position_0_blk21_routed expert_id=60 selected_range tensor=blk.1.ffn_up_exps.weight offset=3829019024 bytes=563200 layout=DIRECT
poc22_position_0_blk21_routed expert_id=60 selected_range tensor=blk.1.ffn_down_exps.weight offset=3928592800 bytes=1622016 layout=DIRECT
poc22_position_0_blk21_routed prefetch expert_id=60 tensor=blk.1.ffn_gate_exps.weight dependency_distance=0
poc22_position_0_blk21_routed prefetch expert_id=60 tensor=blk.1.ffn_up_exps.weight dependency_distance=0
poc22_position_0_blk21_routed prefetch expert_id=60 tensor=blk.1.ffn_down_exps.weight dependency_distance=2
expert_parity max_abs=0 max_rel=0 mean_abs=0 tolerance=1e-5
poc22_position_0_blk21_routed expert_id=60 consumer_wait=not_instrumented acquire_release=recorded peak_active=1622016 peak_resident=66708480
poc22_position_0_blk21_routed residency_hits=36 residency_misses=42 source_reads=18 materialization_requests=18 source_policy_calls=18 evictions=17 resident_tensors_after=84
routed_merge_parity max_abs=0 max_rel=0 mean_abs=0 tolerance=1e-5
shared_expert_parity max_abs=0 max_rel=0 mean_abs=0 tolerance=1e-5
pre_residual_composition_parity max_abs=0 max_rel=0 mean_abs=0 tolerance=1e-5
final_layer_parity max_abs=0 max_rel=0 mean_abs=0 tolerance=1e-5
poc22_position_0_blk21 shared_expert=REQUIRED shared_graph_created=YES residual_add=YES final_composition=PASS
ffn_timing tensor=blk.1.ffn_gate_inp.weight payload_ready_ns=4578411587813 first_consumer_start_ns=4578693363784 payload_to_first_consumer_ns=281775971
ffn_timing tensor=blk.1.ffn_gate_shexp.weight payload_ready_ns=4591802510875 first_consumer_start_ns=4592089343952 payload_to_first_consumer_ns=286833077
ffn_timing tensor=blk.1.ffn_gate_exps.weight payload_ready_ns=4579118167885 first_consumer_start_ns=4579400674591 payload_to_first_consumer_ns=282506706
poc22_position_0_blk21 full_layer_residency_hits=46 misses=51 evictions=26 source_reads=23 source_bytes=20402176 materialization_requests=23 resident_tensors_after=79
poc22_position_0_blk21 full_layer_peak_active_persistent_bytes=1622016 full_layer_peak_resident_bytes=66776064
poc22_position_0_blk21 first_payload_to_shared_compute_start_ns=13939839011 execution_ready_to_consumer_ns=NOT_INSTRUMENTED payload_to_first_useful_compute=NOT_INSTRUMENTED
normalized_input_parity max_abs=0 max_rel=0 mean_abs=0 tolerance=1e-5
router_score_parity max_abs=1.12504e-06 max_rel=4.86009e-05 mean_abs=3.14369e-07 tolerance=1e-5
selected_weight_parity max_abs=7.45058e-08 max_rel=4.98805e-07 mean_abs=4.96705e-08 tolerance=1e-5
reference_poc22_position_0_blk21 topk_ids=40,22,6,13,16,60 normalized_weights=0.189086,0.185128,0.169186,0.157681,0.14955,0.149369,
reference_poc22_position_0_blk21_routed expert_rank=0 expert_id=40 router_rank=0 graph_created=YES graph_refs=gate:0,up:1,down:2 storage_ref_base=220120 score_preserved=YES
reference_poc22_position_0_blk21_routed expert_id=40 selected_range tensor=blk.1.ffn_gate_exps.weight offset=3781710208 bytes=563200 layout=DIRECT
reference_poc22_position_0_blk21_routed expert_id=40 selected_range tensor=blk.1.ffn_up_exps.weight offset=3817755024 bytes=563200 layout=DIRECT
reference_poc22_position_0_blk21_routed expert_id=40 selected_range tensor=blk.1.ffn_down_exps.weight offset=3896152480 bytes=1622016 layout=DIRECT
reference_poc22_position_0_blk21_routed prefetch expert_id=40 tensor=blk.1.ffn_gate_exps.weight dependency_distance=0
reference_poc22_position_0_blk21_routed prefetch expert_id=40 tensor=blk.1.ffn_up_exps.weight dependency_distance=0
reference_poc22_position_0_blk21_routed prefetch expert_id=40 tensor=blk.1.ffn_down_exps.weight dependency_distance=2
expert_parity max_abs=0 max_rel=0 mean_abs=0 tolerance=1e-5
reference_poc22_position_0_blk21_routed expert_id=40 consumer_wait=not_instrumented acquire_release=recorded peak_active=1622016 peak_resident=3280896
reference_poc22_position_0_blk21_routed expert_rank=1 expert_id=22 router_rank=1 graph_created=YES graph_refs=gate:0,up:1,down:2 storage_ref_base=220066 score_preserved=YES
reference_poc22_position_0_blk21_routed expert_id=22 selected_range tensor=blk.1.ffn_gate_exps.weight offset=3771572608 bytes=563200 layout=DIRECT
reference_poc22_position_0_blk21_routed expert_id=22 selected_range tensor=blk.1.ffn_up_exps.weight offset=3807617424 bytes=563200 layout=DIRECT
reference_poc22_position_0_blk21_routed expert_id=22 selected_range tensor=blk.1.ffn_down_exps.weight offset=3866956192 bytes=1622016 layout=DIRECT
reference_poc22_position_0_blk21_routed prefetch expert_id=22 tensor=blk.1.ffn_gate_exps.weight dependency_distance=0
reference_poc22_position_0_blk21_routed prefetch expert_id=22 tensor=blk.1.ffn_up_exps.weight dependency_distance=0
reference_poc22_position_0_blk21_routed prefetch expert_id=22 tensor=blk.1.ffn_down_exps.weight dependency_distance=2
expert_parity max_abs=0 max_rel=0 mean_abs=0 tolerance=1e-5
reference_poc22_position_0_blk21_routed expert_id=22 consumer_wait=not_instrumented acquire_release=recorded peak_active=1622016 peak_resident=6029312
reference_poc22_position_0_blk21_routed expert_rank=2 expert_id=6 router_rank=2 graph_created=YES graph_refs=gate:0,up:1,down:2 storage_ref_base=220018 score_preserved=YES
reference_poc22_position_0_blk21_routed expert_id=6 selected_range tensor=blk.1.ffn_gate_exps.weight offset=3762561408 bytes=563200 layout=DIRECT
reference_poc22_position_0_blk21_routed expert_id=6 selected_range tensor=blk.1.ffn_up_exps.weight offset=3798606224 bytes=563200 layout=DIRECT
reference_poc22_position_0_blk21_routed expert_id=6 selected_range tensor=blk.1.ffn_down_exps.weight offset=3841003936 bytes=1622016 layout=DIRECT
reference_poc22_position_0_blk21_routed prefetch expert_id=6 tensor=blk.1.ffn_gate_exps.weight dependency_distance=0
reference_poc22_position_0_blk21_routed prefetch expert_id=6 tensor=blk.1.ffn_up_exps.weight dependency_distance=0
reference_poc22_position_0_blk21_routed prefetch expert_id=6 tensor=blk.1.ffn_down_exps.weight dependency_distance=2
expert_parity max_abs=0 max_rel=0 mean_abs=0 tolerance=1e-5
reference_poc22_position_0_blk21_routed expert_id=6 consumer_wait=not_instrumented acquire_release=recorded peak_active=1622016 peak_resident=8245248
reference_poc22_position_0_blk21_routed expert_rank=3 expert_id=13 router_rank=3 graph_created=YES graph_refs=gate:0,up:1,down:2 storage_ref_base=220039 score_preserved=YES
reference_poc22_position_0_blk21_routed expert_id=13 selected_range tensor=blk.1.ffn_gate_exps.weight offset=3766503808 bytes=563200 layout=DIRECT
reference_poc22_position_0_blk21_routed expert_id=13 selected_range tensor=blk.1.ffn_up_exps.weight offset=3802548624 bytes=563200 layout=DIRECT
reference_poc22_position_0_blk21_routed expert_id=13 selected_range tensor=blk.1.ffn_down_exps.weight offset=3852358048 bytes=1622016 layout=DIRECT
reference_poc22_position_0_blk21_routed prefetch expert_id=13 tensor=blk.1.ffn_gate_exps.weight dependency_distance=0
reference_poc22_position_0_blk21_routed prefetch expert_id=13 tensor=blk.1.ffn_up_exps.weight dependency_distance=0
reference_poc22_position_0_blk21_routed prefetch expert_id=13 tensor=blk.1.ffn_down_exps.weight dependency_distance=2
expert_parity max_abs=0 max_rel=0 mean_abs=0 tolerance=1e-5
reference_poc22_position_0_blk21_routed expert_id=13 consumer_wait=not_instrumented acquire_release=recorded peak_active=1622016 peak_resident=8245248
reference_poc22_position_0_blk21_routed expert_rank=4 expert_id=16 router_rank=4 graph_created=YES graph_refs=gate:0,up:1,down:2 storage_ref_base=220048 score_preserved=YES
reference_poc22_position_0_blk21_routed expert_id=16 selected_range tensor=blk.1.ffn_gate_exps.weight offset=3768193408 bytes=563200 layout=DIRECT
reference_poc22_position_0_blk21_routed expert_id=16 selected_range tensor=blk.1.ffn_up_exps.weight offset=3804238224 bytes=563200 layout=DIRECT
reference_poc22_position_0_blk21_routed expert_id=16 selected_range tensor=blk.1.ffn_down_exps.weight offset=3857224096 bytes=1622016 layout=DIRECT
reference_poc22_position_0_blk21_routed prefetch expert_id=16 tensor=blk.1.ffn_gate_exps.weight dependency_distance=0
reference_poc22_position_0_blk21_routed prefetch expert_id=16 tensor=blk.1.ffn_up_exps.weight dependency_distance=0
reference_poc22_position_0_blk21_routed prefetch expert_id=16 tensor=blk.1.ffn_down_exps.weight dependency_distance=2
expert_parity max_abs=0 max_rel=0 mean_abs=0 tolerance=1e-5
reference_poc22_position_0_blk21_routed expert_id=16 consumer_wait=not_instrumented acquire_release=recorded peak_active=1622016 peak_resident=8245248
reference_poc22_position_0_blk21_routed expert_rank=5 expert_id=60 router_rank=5 graph_created=YES graph_refs=gate:0,up:1,down:2 storage_ref_base=220180 score_preserved=YES
reference_poc22_position_0_blk21_routed expert_id=60 selected_range tensor=blk.1.ffn_gate_exps.weight offset=3792974208 bytes=563200 layout=DIRECT
reference_poc22_position_0_blk21_routed expert_id=60 selected_range tensor=blk.1.ffn_up_exps.weight offset=3829019024 bytes=563200 layout=DIRECT
reference_poc22_position_0_blk21_routed expert_id=60 selected_range tensor=blk.1.ffn_down_exps.weight offset=3928592800 bytes=1622016 layout=DIRECT
reference_poc22_position_0_blk21_routed prefetch expert_id=60 tensor=blk.1.ffn_gate_exps.weight dependency_distance=0
reference_poc22_position_0_blk21_routed prefetch expert_id=60 tensor=blk.1.ffn_up_exps.weight dependency_distance=0
reference_poc22_position_0_blk21_routed prefetch expert_id=60 tensor=blk.1.ffn_down_exps.weight dependency_distance=2
expert_parity max_abs=0 max_rel=0 mean_abs=0 tolerance=1e-5
reference_poc22_position_0_blk21_routed expert_id=60 consumer_wait=not_instrumented acquire_release=recorded peak_active=1622016 peak_resident=8245248
reference_poc22_position_0_blk21_routed residency_hits=36 residency_misses=42 source_reads=18 materialization_requests=18 source_policy_calls=18 evictions=11 resident_tensors_after=9
routed_merge_parity max_abs=0 max_rel=0 mean_abs=0 tolerance=1e-5
shared_expert_parity max_abs=0 max_rel=0 mean_abs=0 tolerance=1e-5
pre_residual_composition_parity max_abs=0 max_rel=0 mean_abs=0 tolerance=1e-5
final_layer_parity max_abs=0 max_rel=0 mean_abs=0 tolerance=1e-5
reference_poc22_position_0_blk21 shared_expert=REQUIRED shared_graph_created=YES residual_add=YES final_composition=PASS
ffn_timing tensor=blk.1.ffn_gate_inp.weight payload_ready_ns=4594631355362 first_consumer_start_ns=4594910450054 payload_to_first_consumer_ns=279094692
ffn_timing tensor=blk.1.ffn_gate_shexp.weight payload_ready_ns=4608017505563 first_consumer_start_ns=4608277628975 payload_to_first_consumer_ns=260123412
ffn_timing tensor=blk.1.ffn_gate_exps.weight payload_ready_ns=4595332715332 first_consumer_start_ns=4595610822794 payload_to_first_consumer_ns=278107462
reference_poc22_position_0_blk21 full_layer_residency_hits=46 misses=51 evictions=15 source_reads=23 source_bytes=20402176 materialization_requests=23 resident_tensors_after=8
reference_poc22_position_0_blk21 full_layer_peak_active_persistent_bytes=1622016 full_layer_peak_resident_bytes=8312832
reference_poc22_position_0_blk21 first_payload_to_shared_compute_start_ns=13946249506 execution_ready_to_consumer_ns=NOT_INSTRUMENTED payload_to_first_useful_compute=NOT_INSTRUMENTED
poc22_position_0_blk21_attention_parity max_abs=0 max_rel=0 mean_abs=0 tolerance=1e-5
poc22_position_0_blk21_block_parity max_abs=0 max_rel=0 mean_abs=0 tolerance=1e-5
poc22_position_0 block_handoff block=22 handoff_ns=331410 activation_copy_bytes=0
attention_timing tensor=blk.1.attn_norm.weight payload_ready_ns=4165943377826 first_consumer_start_ns=4610371217723 payload_to_first_consumer_ns=444427839897
attention_timing tensor=blk.1.attn_q.weight payload_ready_ns=4165987887583 first_consumer_start_ns=4611101313858 payload_to_first_consumer_ns=445113426275
attention_timing tensor=blk.1.attn_kv_a_mqa.weight payload_ready_ns=4166024115135 first_consumer_start_ns=4611831642280 payload_to_first_consumer_ns=445807527145
attention_timing tensor=blk.1.attn_kv_a_norm.weight payload_ready_ns=4166096322368 first_consumer_start_ns=4612562470858 payload_to_first_consumer_ns=446466148490
attention_timing tensor=blk.1.attn_kv_b.weight payload_ready_ns=4166131406860 first_consumer_start_ns=4613293331811 payload_to_first_consumer_ns=447161924951
attention_timing tensor=blk.1.attn_output.weight payload_ready_ns=4166174744099 first_consumer_start_ns=4614024088890 payload_to_first_consumer_ns=447849344791
poc22_position_0_blk22 position=0 state_k_positions=1 state_v_positions=1 attention_probs=1,1,1,1,1,1,1,1,1,1,1,1,1,1,1,1,
reference_attention position=0 state_k_positions=1 state_v_positions=1 attention_probs=1,1,1,1,1,1,1,1,1,1,1,1,1,1,1,1,
normalized_input_parity max_abs=0 max_rel=0 mean_abs=0 tolerance=1e-5
router_score_parity max_abs=1.43051e-06 max_rel=2.24934e-05 mean_abs=3.01399e-07 tolerance=1e-5
selected_weight_parity max_abs=2.08616e-07 max_rel=1.30052e-06 mean_abs=8.69234e-08 tolerance=1e-5
poc22_position_0_blk22 topk_ids=36,44,59,6,14,38 normalized_weights=0.223952,0.207096,0.16041,0.154429,0.127441,0.126672,
poc22_position_0_blk22_routed expert_rank=0 expert_id=36 router_rank=0 graph_created=YES graph_refs=gate:0,up:1,down:2 storage_ref_base=230108 score_preserved=YES
poc22_position_0_blk22_routed expert_id=36 selected_range tensor=blk.1.ffn_gate_exps.weight offset=3962228296 bytes=563200 layout=DIRECT
poc22_position_0_blk22_routed expert_id=36 selected_range tensor=blk.1.ffn_up_exps.weight offset=3998273112 bytes=563200 layout=DIRECT
poc22_position_0_blk22_routed expert_id=36 selected_range tensor=blk.1.ffn_down_exps.weight offset=4072435304 bytes=1622016 layout=DIRECT
poc22_position_0_blk22_routed prefetch expert_id=36 tensor=blk.1.ffn_gate_exps.weight dependency_distance=0
poc22_position_0_blk22_routed prefetch expert_id=36 tensor=blk.1.ffn_up_exps.weight dependency_distance=0
poc22_position_0_blk22_routed prefetch expert_id=36 tensor=blk.1.ffn_down_exps.weight dependency_distance=2
expert_parity max_abs=0 max_rel=0 mean_abs=0 tolerance=1e-5
poc22_position_0_blk22_routed expert_id=36 consumer_wait=not_instrumented acquire_release=recorded peak_active=1622016 peak_resident=66776064
poc22_position_0_blk22_routed expert_rank=1 expert_id=44 router_rank=1 graph_created=YES graph_refs=gate:0,up:1,down:2 storage_ref_base=230132 score_preserved=YES
poc22_position_0_blk22_routed expert_id=44 selected_range tensor=blk.1.ffn_gate_exps.weight offset=3966733896 bytes=563200 layout=DIRECT
poc22_position_0_blk22_routed expert_id=44 selected_range tensor=blk.1.ffn_up_exps.weight offset=4002778712 bytes=563200 layout=DIRECT
poc22_position_0_blk22_routed expert_id=44 selected_range tensor=blk.1.ffn_down_exps.weight offset=4085411432 bytes=1622016 layout=DIRECT
poc22_position_0_blk22_routed prefetch expert_id=44 tensor=blk.1.ffn_gate_exps.weight dependency_distance=0
poc22_position_0_blk22_routed prefetch expert_id=44 tensor=blk.1.ffn_up_exps.weight dependency_distance=0
poc22_position_0_blk22_routed prefetch expert_id=44 tensor=blk.1.ffn_down_exps.weight dependency_distance=2
expert_parity max_abs=0 max_rel=0 mean_abs=0 tolerance=1e-5
poc22_position_0_blk22_routed expert_id=44 consumer_wait=not_instrumented acquire_release=recorded peak_active=1622016 peak_resident=66776064
poc22_position_0_blk22_routed expert_rank=2 expert_id=59 router_rank=2 graph_created=YES graph_refs=gate:0,up:1,down:2 storage_ref_base=230177 score_preserved=YES
poc22_position_0_blk22_routed expert_id=59 selected_range tensor=blk.1.ffn_gate_exps.weight offset=3975181896 bytes=563200 layout=DIRECT
poc22_position_0_blk22_routed expert_id=59 selected_range tensor=blk.1.ffn_up_exps.weight offset=4011226712 bytes=563200 layout=DIRECT
poc22_position_0_blk22_routed expert_id=59 selected_range tensor=blk.1.ffn_down_exps.weight offset=4109741672 bytes=1622016 layout=DIRECT
poc22_position_0_blk22_routed prefetch expert_id=59 tensor=blk.1.ffn_gate_exps.weight dependency_distance=0
poc22_position_0_blk22_routed prefetch expert_id=59 tensor=blk.1.ffn_up_exps.weight dependency_distance=0
poc22_position_0_blk22_routed prefetch expert_id=59 tensor=blk.1.ffn_down_exps.weight dependency_distance=2
expert_parity max_abs=0 max_rel=0 mean_abs=0 tolerance=1e-5
poc22_position_0_blk22_routed expert_id=59 consumer_wait=not_instrumented acquire_release=recorded peak_active=1622016 peak_resident=66776064
poc22_position_0_blk22_routed expert_rank=3 expert_id=6 router_rank=3 graph_created=YES graph_refs=gate:0,up:1,down:2 storage_ref_base=230018 score_preserved=YES
poc22_position_0_blk22_routed expert_id=6 selected_range tensor=blk.1.ffn_gate_exps.weight offset=3945332296 bytes=563200 layout=DIRECT
poc22_position_0_blk22_routed expert_id=6 selected_range tensor=blk.1.ffn_up_exps.weight offset=3981377112 bytes=563200 layout=DIRECT
poc22_position_0_blk22_routed expert_id=6 selected_range tensor=blk.1.ffn_down_exps.weight offset=4023774824 bytes=1622016 layout=DIRECT
poc22_position_0_blk22_routed prefetch expert_id=6 tensor=blk.1.ffn_gate_exps.weight dependency_distance=0
poc22_position_0_blk22_routed prefetch expert_id=6 tensor=blk.1.ffn_up_exps.weight dependency_distance=0
poc22_position_0_blk22_routed prefetch expert_id=6 tensor=blk.1.ffn_down_exps.weight dependency_distance=2
expert_parity max_abs=0 max_rel=0 mean_abs=0 tolerance=1e-5
poc22_position_0_blk22_routed expert_id=6 consumer_wait=not_instrumented acquire_release=recorded peak_active=1622016 peak_resident=66776064
poc22_position_0_blk22_routed expert_rank=4 expert_id=14 router_rank=4 graph_created=YES graph_refs=gate:0,up:1,down:2 storage_ref_base=230042 score_preserved=YES
poc22_position_0_blk22_routed expert_id=14 selected_range tensor=blk.1.ffn_gate_exps.weight offset=3949837896 bytes=563200 layout=DIRECT
poc22_position_0_blk22_routed expert_id=14 selected_range tensor=blk.1.ffn_up_exps.weight offset=3985882712 bytes=563200 layout=DIRECT
poc22_position_0_blk22_routed expert_id=14 selected_range tensor=blk.1.ffn_down_exps.weight offset=4036750952 bytes=1622016 layout=DIRECT
poc22_position_0_blk22_routed prefetch expert_id=14 tensor=blk.1.ffn_gate_exps.weight dependency_distance=0
poc22_position_0_blk22_routed prefetch expert_id=14 tensor=blk.1.ffn_up_exps.weight dependency_distance=0
poc22_position_0_blk22_routed prefetch expert_id=14 tensor=blk.1.ffn_down_exps.weight dependency_distance=2
expert_parity max_abs=0 max_rel=0 mean_abs=0 tolerance=1e-5
poc22_position_0_blk22_routed expert_id=14 consumer_wait=not_instrumented acquire_release=recorded peak_active=1622016 peak_resident=66212864
poc22_position_0_blk22_routed expert_rank=5 expert_id=38 router_rank=5 graph_created=YES graph_refs=gate:0,up:1,down:2 storage_ref_base=230114 score_preserved=YES
poc22_position_0_blk22_routed expert_id=38 selected_range tensor=blk.1.ffn_gate_exps.weight offset=3963354696 bytes=563200 layout=DIRECT
poc22_position_0_blk22_routed expert_id=38 selected_range tensor=blk.1.ffn_up_exps.weight offset=3999399512 bytes=563200 layout=DIRECT
poc22_position_0_blk22_routed expert_id=38 selected_range tensor=blk.1.ffn_down_exps.weight offset=4075679336 bytes=1622016 layout=DIRECT
poc22_position_0_blk22_routed prefetch expert_id=38 tensor=blk.1.ffn_gate_exps.weight dependency_distance=0
poc22_position_0_blk22_routed prefetch expert_id=38 tensor=blk.1.ffn_up_exps.weight dependency_distance=0
poc22_position_0_blk22_routed prefetch expert_id=38 tensor=blk.1.ffn_down_exps.weight dependency_distance=2
expert_parity max_abs=0 max_rel=0 mean_abs=0 tolerance=1e-5
poc22_position_0_blk22_routed expert_id=38 consumer_wait=not_instrumented acquire_release=recorded peak_active=1622016 peak_resident=66708480
poc22_position_0_blk22_routed residency_hits=36 residency_misses=42 source_reads=18 materialization_requests=18 source_policy_calls=18 evictions=17 resident_tensors_after=84
routed_merge_parity max_abs=0 max_rel=0 mean_abs=0 tolerance=1e-5
shared_expert_parity max_abs=0 max_rel=0 mean_abs=0 tolerance=1e-5
pre_residual_composition_parity max_abs=0 max_rel=0 mean_abs=0 tolerance=1e-5
final_layer_parity max_abs=0 max_rel=0 mean_abs=0 tolerance=1e-5
poc22_position_0_blk22 shared_expert=REQUIRED shared_graph_created=YES residual_add=YES final_composition=PASS
ffn_timing tensor=blk.1.ffn_gate_inp.weight payload_ready_ns=4615200575520 first_consumer_start_ns=4615494733739 payload_to_first_consumer_ns=294158219
ffn_timing tensor=blk.1.ffn_gate_shexp.weight payload_ready_ns=4629118351813 first_consumer_start_ns=4629417673802 payload_to_first_consumer_ns=299321989
ffn_timing tensor=blk.1.ffn_gate_exps.weight payload_ready_ns=4615937752886 first_consumer_start_ns=4616231951562 payload_to_first_consumer_ns=294198676
poc22_position_0_blk22 full_layer_residency_hits=46 misses=51 evictions=26 source_reads=23 source_bytes=20402176 materialization_requests=23 resident_tensors_after=79
poc22_position_0_blk22 full_layer_peak_active_persistent_bytes=1622016 full_layer_peak_resident_bytes=66776064
poc22_position_0_blk22 first_payload_to_shared_compute_start_ns=14490786877 execution_ready_to_consumer_ns=NOT_INSTRUMENTED payload_to_first_useful_compute=NOT_INSTRUMENTED
normalized_input_parity max_abs=0 max_rel=0 mean_abs=0 tolerance=1e-5
router_score_parity max_abs=1.43051e-06 max_rel=2.24934e-05 mean_abs=3.01399e-07 tolerance=1e-5
selected_weight_parity max_abs=2.08616e-07 max_rel=1.30052e-06 mean_abs=8.69234e-08 tolerance=1e-5
reference_poc22_position_0_blk22 topk_ids=36,44,59,6,14,38 normalized_weights=0.223952,0.207096,0.16041,0.154429,0.127441,0.126672,
reference_poc22_position_0_blk22_routed expert_rank=0 expert_id=36 router_rank=0 graph_created=YES graph_refs=gate:0,up:1,down:2 storage_ref_base=230108 score_preserved=YES
reference_poc22_position_0_blk22_routed expert_id=36 selected_range tensor=blk.1.ffn_gate_exps.weight offset=3962228296 bytes=563200 layout=DIRECT
reference_poc22_position_0_blk22_routed expert_id=36 selected_range tensor=blk.1.ffn_up_exps.weight offset=3998273112 bytes=563200 layout=DIRECT
reference_poc22_position_0_blk22_routed expert_id=36 selected_range tensor=blk.1.ffn_down_exps.weight offset=4072435304 bytes=1622016 layout=DIRECT
reference_poc22_position_0_blk22_routed prefetch expert_id=36 tensor=blk.1.ffn_gate_exps.weight dependency_distance=0
reference_poc22_position_0_blk22_routed prefetch expert_id=36 tensor=blk.1.ffn_up_exps.weight dependency_distance=0
reference_poc22_position_0_blk22_routed prefetch expert_id=36 tensor=blk.1.ffn_down_exps.weight dependency_distance=2
expert_parity max_abs=0 max_rel=0 mean_abs=0 tolerance=1e-5
reference_poc22_position_0_blk22_routed expert_id=36 consumer_wait=not_instrumented acquire_release=recorded peak_active=1622016 peak_resident=3280896
reference_poc22_position_0_blk22_routed expert_rank=1 expert_id=44 router_rank=1 graph_created=YES graph_refs=gate:0,up:1,down:2 storage_ref_base=230132 score_preserved=YES
reference_poc22_position_0_blk22_routed expert_id=44 selected_range tensor=blk.1.ffn_gate_exps.weight offset=3966733896 bytes=563200 layout=DIRECT
reference_poc22_position_0_blk22_routed expert_id=44 selected_range tensor=blk.1.ffn_up_exps.weight offset=4002778712 bytes=563200 layout=DIRECT
reference_poc22_position_0_blk22_routed expert_id=44 selected_range tensor=blk.1.ffn_down_exps.weight offset=4085411432 bytes=1622016 layout=DIRECT
reference_poc22_position_0_blk22_routed prefetch expert_id=44 tensor=blk.1.ffn_gate_exps.weight dependency_distance=0
reference_poc22_position_0_blk22_routed prefetch expert_id=44 tensor=blk.1.ffn_up_exps.weight dependency_distance=0
reference_poc22_position_0_blk22_routed prefetch expert_id=44 tensor=blk.1.ffn_down_exps.weight dependency_distance=2
expert_parity max_abs=0 max_rel=0 mean_abs=0 tolerance=1e-5
reference_poc22_position_0_blk22_routed expert_id=44 consumer_wait=not_instrumented acquire_release=recorded peak_active=1622016 peak_resident=6029312
reference_poc22_position_0_blk22_routed expert_rank=2 expert_id=59 router_rank=2 graph_created=YES graph_refs=gate:0,up:1,down:2 storage_ref_base=230177 score_preserved=YES
reference_poc22_position_0_blk22_routed expert_id=59 selected_range tensor=blk.1.ffn_gate_exps.weight offset=3975181896 bytes=563200 layout=DIRECT
reference_poc22_position_0_blk22_routed expert_id=59 selected_range tensor=blk.1.ffn_up_exps.weight offset=4011226712 bytes=563200 layout=DIRECT
reference_poc22_position_0_blk22_routed expert_id=59 selected_range tensor=blk.1.ffn_down_exps.weight offset=4109741672 bytes=1622016 layout=DIRECT
reference_poc22_position_0_blk22_routed prefetch expert_id=59 tensor=blk.1.ffn_gate_exps.weight dependency_distance=0
reference_poc22_position_0_blk22_routed prefetch expert_id=59 tensor=blk.1.ffn_up_exps.weight dependency_distance=0
reference_poc22_position_0_blk22_routed prefetch expert_id=59 tensor=blk.1.ffn_down_exps.weight dependency_distance=2
expert_parity max_abs=0 max_rel=0 mean_abs=0 tolerance=1e-5
reference_poc22_position_0_blk22_routed expert_id=59 consumer_wait=not_instrumented acquire_release=recorded peak_active=1622016 peak_resident=8245248
reference_poc22_position_0_blk22_routed expert_rank=3 expert_id=6 router_rank=3 graph_created=YES graph_refs=gate:0,up:1,down:2 storage_ref_base=230018 score_preserved=YES
reference_poc22_position_0_blk22_routed expert_id=6 selected_range tensor=blk.1.ffn_gate_exps.weight offset=3945332296 bytes=563200 layout=DIRECT
reference_poc22_position_0_blk22_routed expert_id=6 selected_range tensor=blk.1.ffn_up_exps.weight offset=3981377112 bytes=563200 layout=DIRECT
reference_poc22_position_0_blk22_routed expert_id=6 selected_range tensor=blk.1.ffn_down_exps.weight offset=4023774824 bytes=1622016 layout=DIRECT
reference_poc22_position_0_blk22_routed prefetch expert_id=6 tensor=blk.1.ffn_gate_exps.weight dependency_distance=0
reference_poc22_position_0_blk22_routed prefetch expert_id=6 tensor=blk.1.ffn_up_exps.weight dependency_distance=0
reference_poc22_position_0_blk22_routed prefetch expert_id=6 tensor=blk.1.ffn_down_exps.weight dependency_distance=2
expert_parity max_abs=0 max_rel=0 mean_abs=0 tolerance=1e-5
reference_poc22_position_0_blk22_routed expert_id=6 consumer_wait=not_instrumented acquire_release=recorded peak_active=1622016 peak_resident=8245248
reference_poc22_position_0_blk22_routed expert_rank=4 expert_id=14 router_rank=4 graph_created=YES graph_refs=gate:0,up:1,down:2 storage_ref_base=230042 score_preserved=YES
reference_poc22_position_0_blk22_routed expert_id=14 selected_range tensor=blk.1.ffn_gate_exps.weight offset=3949837896 bytes=563200 layout=DIRECT
reference_poc22_position_0_blk22_routed expert_id=14 selected_range tensor=blk.1.ffn_up_exps.weight offset=3985882712 bytes=563200 layout=DIRECT
reference_poc22_position_0_blk22_routed expert_id=14 selected_range tensor=blk.1.ffn_down_exps.weight offset=4036750952 bytes=1622016 layout=DIRECT
reference_poc22_position_0_blk22_routed prefetch expert_id=14 tensor=blk.1.ffn_gate_exps.weight dependency_distance=0
reference_poc22_position_0_blk22_routed prefetch expert_id=14 tensor=blk.1.ffn_up_exps.weight dependency_distance=0
reference_poc22_position_0_blk22_routed prefetch expert_id=14 tensor=blk.1.ffn_down_exps.weight dependency_distance=2
expert_parity max_abs=0 max_rel=0 mean_abs=0 tolerance=1e-5
reference_poc22_position_0_blk22_routed expert_id=14 consumer_wait=not_instrumented acquire_release=recorded peak_active=1622016 peak_resident=8245248
reference_poc22_position_0_blk22_routed expert_rank=5 expert_id=38 router_rank=5 graph_created=YES graph_refs=gate:0,up:1,down:2 storage_ref_base=230114 score_preserved=YES
reference_poc22_position_0_blk22_routed expert_id=38 selected_range tensor=blk.1.ffn_gate_exps.weight offset=3963354696 bytes=563200 layout=DIRECT
reference_poc22_position_0_blk22_routed expert_id=38 selected_range tensor=blk.1.ffn_up_exps.weight offset=3999399512 bytes=563200 layout=DIRECT
reference_poc22_position_0_blk22_routed expert_id=38 selected_range tensor=blk.1.ffn_down_exps.weight offset=4075679336 bytes=1622016 layout=DIRECT
reference_poc22_position_0_blk22_routed prefetch expert_id=38 tensor=blk.1.ffn_gate_exps.weight dependency_distance=0
reference_poc22_position_0_blk22_routed prefetch expert_id=38 tensor=blk.1.ffn_up_exps.weight dependency_distance=0
reference_poc22_position_0_blk22_routed prefetch expert_id=38 tensor=blk.1.ffn_down_exps.weight dependency_distance=2
expert_parity max_abs=0 max_rel=0 mean_abs=0 tolerance=1e-5
reference_poc22_position_0_blk22_routed expert_id=38 consumer_wait=not_instrumented acquire_release=recorded peak_active=1622016 peak_resident=8245248
reference_poc22_position_0_blk22_routed residency_hits=36 residency_misses=42 source_reads=18 materialization_requests=18 source_policy_calls=18 evictions=11 resident_tensors_after=9
routed_merge_parity max_abs=0 max_rel=0 mean_abs=0 tolerance=1e-5
shared_expert_parity max_abs=0 max_rel=0 mean_abs=0 tolerance=1e-5
pre_residual_composition_parity max_abs=0 max_rel=0 mean_abs=0 tolerance=1e-5
final_layer_parity max_abs=0 max_rel=0 mean_abs=0 tolerance=1e-5
reference_poc22_position_0_blk22 shared_expert=REQUIRED shared_graph_created=YES residual_add=YES final_composition=PASS
ffn_timing tensor=blk.1.ffn_gate_inp.weight payload_ready_ns=4632074367211 first_consumer_start_ns=4632365359369 payload_to_first_consumer_ns=290992158
ffn_timing tensor=blk.1.ffn_gate_shexp.weight payload_ready_ns=4646073614512 first_consumer_start_ns=4646370313721 payload_to_first_consumer_ns=296699209
ffn_timing tensor=blk.1.ffn_gate_exps.weight payload_ready_ns=4632807074167 first_consumer_start_ns=4633099043140 payload_to_first_consumer_ns=291968973
reference_poc22_position_0_blk22 full_layer_residency_hits=46 misses=51 evictions=15 source_reads=23 source_bytes=20402176 materialization_requests=23 resident_tensors_after=8
reference_poc22_position_0_blk22 full_layer_peak_active_persistent_bytes=1622016 full_layer_peak_resident_bytes=8312832
reference_poc22_position_0_blk22 first_payload_to_shared_compute_start_ns=14575242032 execution_ready_to_consumer_ns=NOT_INSTRUMENTED payload_to_first_useful_compute=NOT_INSTRUMENTED
poc22_position_0_blk22_attention_parity max_abs=0 max_rel=0 mean_abs=0 tolerance=1e-5
poc22_position_0_blk22_block_parity max_abs=0 max_rel=0 mean_abs=0 tolerance=1e-5
poc22_position_0 block_handoff block=23 handoff_ns=322868 activation_copy_bytes=0
attention_timing tensor=blk.1.attn_norm.weight payload_ready_ns=4165943377826 first_consumer_start_ns=4648613280137 payload_to_first_consumer_ns=482669902311
attention_timing tensor=blk.1.attn_q.weight payload_ready_ns=4165987887583 first_consumer_start_ns=4649372103353 payload_to_first_consumer_ns=483384215770
attention_timing tensor=blk.1.attn_kv_a_mqa.weight payload_ready_ns=4166024115135 first_consumer_start_ns=4650131104108 payload_to_first_consumer_ns=484106988973
attention_timing tensor=blk.1.attn_kv_a_norm.weight payload_ready_ns=4166096322368 first_consumer_start_ns=4650890605769 payload_to_first_consumer_ns=484794283401
attention_timing tensor=blk.1.attn_kv_b.weight payload_ready_ns=4166131406860 first_consumer_start_ns=4651648959454 payload_to_first_consumer_ns=485517552594
attention_timing tensor=blk.1.attn_output.weight payload_ready_ns=4166174744099 first_consumer_start_ns=4652407070393 payload_to_first_consumer_ns=486232326294
poc22_position_0_blk23 position=0 state_k_positions=1 state_v_positions=1 attention_probs=1,1,1,1,1,1,1,1,1,1,1,1,1,1,1,1,
reference_attention position=0 state_k_positions=1 state_v_positions=1 attention_probs=1,1,1,1,1,1,1,1,1,1,1,1,1,1,1,1,
normalized_input_parity max_abs=0 max_rel=0 mean_abs=0 tolerance=1e-5
router_score_parity max_abs=1.66893e-06 max_rel=8.74432e-05 mean_abs=3.26905e-07 tolerance=1e-5
selected_weight_parity max_abs=1.63913e-07 max_rel=8.04732e-07 mean_abs=9.31323e-08 tolerance=1e-5
poc22_position_0_blk23 topk_ids=0,22,14,40,17,16 normalized_weights=0.228386,0.198002,0.166652,0.151878,0.132274,0.122807,
poc22_position_0_blk23_routed expert_rank=0 expert_id=0 router_rank=0 graph_created=YES graph_refs=gate:0,up:1,down:2 storage_ref_base=240000 score_preserved=YES
poc22_position_0_blk23_routed expert_id=0 selected_range tensor=blk.1.ffn_gate_exps.weight offset=4124723984 bytes=563200 layout=DIRECT
poc22_position_0_blk23_routed expert_id=0 selected_range tensor=blk.1.ffn_up_exps.weight offset=4160768800 bytes=563200 layout=DIRECT
poc22_position_0_blk23_routed expert_id=0 selected_range tensor=blk.1.ffn_down_exps.weight offset=4196813616 bytes=1622016 layout=DIRECT
poc22_position_0_blk23_routed prefetch expert_id=0 tensor=blk.1.ffn_gate_exps.weight dependency_distance=0
poc22_position_0_blk23_routed prefetch expert_id=0 tensor=blk.1.ffn_up_exps.weight dependency_distance=0
poc22_position_0_blk23_routed prefetch expert_id=0 tensor=blk.1.ffn_down_exps.weight dependency_distance=2
expert_parity max_abs=0 max_rel=0 mean_abs=0 tolerance=1e-5
poc22_position_0_blk23_routed expert_id=0 consumer_wait=not_instrumented acquire_release=recorded peak_active=1622016 peak_resident=66776064
poc22_position_0_blk23_routed expert_rank=1 expert_id=22 router_rank=1 graph_created=YES graph_refs=gate:0,up:1,down:2 storage_ref_base=240066 score_preserved=YES
poc22_position_0_blk23_routed expert_id=22 selected_range tensor=blk.1.ffn_gate_exps.weight offset=4137114384 bytes=563200 layout=DIRECT
poc22_position_0_blk23_routed expert_id=22 selected_range tensor=blk.1.ffn_up_exps.weight offset=4173159200 bytes=563200 layout=DIRECT
poc22_position_0_blk23_routed expert_id=22 selected_range tensor=blk.1.ffn_down_exps.weight offset=4232497968 bytes=1622016 layout=DIRECT
poc22_position_0_blk23_routed prefetch expert_id=22 tensor=blk.1.ffn_gate_exps.weight dependency_distance=0
poc22_position_0_blk23_routed prefetch expert_id=22 tensor=blk.1.ffn_up_exps.weight dependency_distance=0
poc22_position_0_blk23_routed prefetch expert_id=22 tensor=blk.1.ffn_down_exps.weight dependency_distance=2
expert_parity max_abs=0 max_rel=0 mean_abs=0 tolerance=1e-5
poc22_position_0_blk23_routed expert_id=22 consumer_wait=not_instrumented acquire_release=recorded peak_active=1622016 peak_resident=66776064
poc22_position_0_blk23_routed expert_rank=2 expert_id=14 router_rank=2 graph_created=YES graph_refs=gate:0,up:1,down:2 storage_ref_base=240042 score_preserved=YES
poc22_position_0_blk23_routed expert_id=14 selected_range tensor=blk.1.ffn_gate_exps.weight offset=4132608784 bytes=563200 layout=DIRECT
poc22_position_0_blk23_routed expert_id=14 selected_range tensor=blk.1.ffn_up_exps.weight offset=4168653600 bytes=563200 layout=DIRECT
poc22_position_0_blk23_routed expert_id=14 selected_range tensor=blk.1.ffn_down_exps.weight offset=4219521840 bytes=1622016 layout=DIRECT
poc22_position_0_blk23_routed prefetch expert_id=14 tensor=blk.1.ffn_gate_exps.weight dependency_distance=0
poc22_position_0_blk23_routed prefetch expert_id=14 tensor=blk.1.ffn_up_exps.weight dependency_distance=0
poc22_position_0_blk23_routed prefetch expert_id=14 tensor=blk.1.ffn_down_exps.weight dependency_distance=2
expert_parity max_abs=0 max_rel=0 mean_abs=0 tolerance=1e-5
poc22_position_0_blk23_routed expert_id=14 consumer_wait=not_instrumented acquire_release=recorded peak_active=1622016 peak_resident=66776064
poc22_position_0_blk23_routed expert_rank=3 expert_id=40 router_rank=3 graph_created=YES graph_refs=gate:0,up:1,down:2 storage_ref_base=240120 score_preserved=YES
poc22_position_0_blk23_routed expert_id=40 selected_range tensor=blk.1.ffn_gate_exps.weight offset=4147251984 bytes=563200 layout=DIRECT
poc22_position_0_blk23_routed expert_id=40 selected_range tensor=blk.1.ffn_up_exps.weight offset=4183296800 bytes=563200 layout=DIRECT
poc22_position_0_blk23_routed expert_id=40 selected_range tensor=blk.1.ffn_down_exps.weight offset=4261694256 bytes=1622016 layout=DIRECT
poc22_position_0_blk23_routed prefetch expert_id=40 tensor=blk.1.ffn_gate_exps.weight dependency_distance=0
poc22_position_0_blk23_routed prefetch expert_id=40 tensor=blk.1.ffn_up_exps.weight dependency_distance=0
poc22_position_0_blk23_routed prefetch expert_id=40 tensor=blk.1.ffn_down_exps.weight dependency_distance=2
expert_parity max_abs=0 max_rel=0 mean_abs=0 tolerance=1e-5
poc22_position_0_blk23_routed expert_id=40 consumer_wait=not_instrumented acquire_release=recorded peak_active=1622016 peak_resident=66776064
poc22_position_0_blk23_routed expert_rank=4 expert_id=17 router_rank=4 graph_created=YES graph_refs=gate:0,up:1,down:2 storage_ref_base=240051 score_preserved=YES
poc22_position_0_blk23_routed expert_id=17 selected_range tensor=blk.1.ffn_gate_exps.weight offset=4134298384 bytes=563200 layout=DIRECT
poc22_position_0_blk23_routed expert_id=17 selected_range tensor=blk.1.ffn_up_exps.weight offset=4170343200 bytes=563200 layout=DIRECT
poc22_position_0_blk23_routed expert_id=17 selected_range tensor=blk.1.ffn_down_exps.weight offset=4224387888 bytes=1622016 layout=DIRECT
poc22_position_0_blk23_routed prefetch expert_id=17 tensor=blk.1.ffn_gate_exps.weight dependency_distance=0
poc22_position_0_blk23_routed prefetch expert_id=17 tensor=blk.1.ffn_up_exps.weight dependency_distance=0
poc22_position_0_blk23_routed prefetch expert_id=17 tensor=blk.1.ffn_down_exps.weight dependency_distance=2
expert_parity max_abs=0 max_rel=0 mean_abs=0 tolerance=1e-5
poc22_position_0_blk23_routed expert_id=17 consumer_wait=not_instrumented acquire_release=recorded peak_active=1622016 peak_resident=66212864
poc22_position_0_blk23_routed expert_rank=5 expert_id=16 router_rank=5 graph_created=YES graph_refs=gate:0,up:1,down:2 storage_ref_base=240048 score_preserved=YES
poc22_position_0_blk23_routed expert_id=16 selected_range tensor=blk.1.ffn_gate_exps.weight offset=4133735184 bytes=563200 layout=DIRECT
poc22_position_0_blk23_routed expert_id=16 selected_range tensor=blk.1.ffn_up_exps.weight offset=4169780000 bytes=563200 layout=DIRECT
poc22_position_0_blk23_routed expert_id=16 selected_range tensor=blk.1.ffn_down_exps.weight offset=4222765872 bytes=1622016 layout=DIRECT
poc22_position_0_blk23_routed prefetch expert_id=16 tensor=blk.1.ffn_gate_exps.weight dependency_distance=0
poc22_position_0_blk23_routed prefetch expert_id=16 tensor=blk.1.ffn_up_exps.weight dependency_distance=0
poc22_position_0_blk23_routed prefetch expert_id=16 tensor=blk.1.ffn_down_exps.weight dependency_distance=2
expert_parity max_abs=0 max_rel=0 mean_abs=0 tolerance=1e-5
poc22_position_0_blk23_routed expert_id=16 consumer_wait=not_instrumented acquire_release=recorded peak_active=1622016 peak_resident=66708480
poc22_position_0_blk23_routed residency_hits=36 residency_misses=42 source_reads=18 materialization_requests=18 source_policy_calls=18 evictions=17 resident_tensors_after=84
routed_merge_parity max_abs=0 max_rel=0 mean_abs=0 tolerance=1e-5
shared_expert_parity max_abs=0 max_rel=0 mean_abs=0 tolerance=1e-5
pre_residual_composition_parity max_abs=0 max_rel=0 mean_abs=0 tolerance=1e-5
final_layer_parity max_abs=0 max_rel=0 mean_abs=0 tolerance=1e-5
poc22_position_0_blk23 shared_expert=REQUIRED shared_graph_created=YES residual_add=YES final_composition=PASS
ffn_timing tensor=blk.1.ffn_gate_inp.weight payload_ready_ns=4653629476879 first_consumer_start_ns=4653935349443 payload_to_first_consumer_ns=305872564
ffn_timing tensor=blk.1.ffn_gate_shexp.weight payload_ready_ns=4668085351883 first_consumer_start_ns=4668397326490 payload_to_first_consumer_ns=311974607
ffn_timing tensor=blk.1.ffn_gate_exps.weight payload_ready_ns=4654395110624 first_consumer_start_ns=4654701983459 payload_to_first_consumer_ns=306872835
poc22_position_0_blk23 full_layer_residency_hits=46 misses=51 evictions=26 source_reads=23 source_bytes=20402176 materialization_requests=23 resident_tensors_after=79
poc22_position_0_blk23 full_layer_peak_active_persistent_bytes=1622016 full_layer_peak_resident_bytes=66776064
poc22_position_0_blk23 first_payload_to_shared_compute_start_ns=15050749393 execution_ready_to_consumer_ns=NOT_INSTRUMENTED payload_to_first_useful_compute=NOT_INSTRUMENTED
normalized_input_parity max_abs=0 max_rel=0 mean_abs=0 tolerance=1e-5
router_score_parity max_abs=1.66893e-06 max_rel=8.74432e-05 mean_abs=3.26905e-07 tolerance=1e-5
selected_weight_parity max_abs=1.63913e-07 max_rel=8.04732e-07 mean_abs=9.31323e-08 tolerance=1e-5
reference_poc22_position_0_blk23 topk_ids=0,22,14,40,17,16 normalized_weights=0.228386,0.198002,0.166652,0.151878,0.132274,0.122807,
reference_poc22_position_0_blk23_routed expert_rank=0 expert_id=0 router_rank=0 graph_created=YES graph_refs=gate:0,up:1,down:2 storage_ref_base=240000 score_preserved=YES
reference_poc22_position_0_blk23_routed expert_id=0 selected_range tensor=blk.1.ffn_gate_exps.weight offset=4124723984 bytes=563200 layout=DIRECT
reference_poc22_position_0_blk23_routed expert_id=0 selected_range tensor=blk.1.ffn_up_exps.weight offset=4160768800 bytes=563200 layout=DIRECT
reference_poc22_position_0_blk23_routed expert_id=0 selected_range tensor=blk.1.ffn_down_exps.weight offset=4196813616 bytes=1622016 layout=DIRECT
reference_poc22_position_0_blk23_routed prefetch expert_id=0 tensor=blk.1.ffn_gate_exps.weight dependency_distance=0
reference_poc22_position_0_blk23_routed prefetch expert_id=0 tensor=blk.1.ffn_up_exps.weight dependency_distance=0
reference_poc22_position_0_blk23_routed prefetch expert_id=0 tensor=blk.1.ffn_down_exps.weight dependency_distance=2
expert_parity max_abs=0 max_rel=0 mean_abs=0 tolerance=1e-5
reference_poc22_position_0_blk23_routed expert_id=0 consumer_wait=not_instrumented acquire_release=recorded peak_active=1622016 peak_resident=3280896
reference_poc22_position_0_blk23_routed expert_rank=1 expert_id=22 router_rank=1 graph_created=YES graph_refs=gate:0,up:1,down:2 storage_ref_base=240066 score_preserved=YES
reference_poc22_position_0_blk23_routed expert_id=22 selected_range tensor=blk.1.ffn_gate_exps.weight offset=4137114384 bytes=563200 layout=DIRECT
reference_poc22_position_0_blk23_routed expert_id=22 selected_range tensor=blk.1.ffn_up_exps.weight offset=4173159200 bytes=563200 layout=DIRECT
reference_poc22_position_0_blk23_routed expert_id=22 selected_range tensor=blk.1.ffn_down_exps.weight offset=4232497968 bytes=1622016 layout=DIRECT
reference_poc22_position_0_blk23_routed prefetch expert_id=22 tensor=blk.1.ffn_gate_exps.weight dependency_distance=0
reference_poc22_position_0_blk23_routed prefetch expert_id=22 tensor=blk.1.ffn_up_exps.weight dependency_distance=0
reference_poc22_position_0_blk23_routed prefetch expert_id=22 tensor=blk.1.ffn_down_exps.weight dependency_distance=2
expert_parity max_abs=0 max_rel=0 mean_abs=0 tolerance=1e-5
reference_poc22_position_0_blk23_routed expert_id=22 consumer_wait=not_instrumented acquire_release=recorded peak_active=1622016 peak_resident=6029312
reference_poc22_position_0_blk23_routed expert_rank=2 expert_id=14 router_rank=2 graph_created=YES graph_refs=gate:0,up:1,down:2 storage_ref_base=240042 score_preserved=YES
reference_poc22_position_0_blk23_routed expert_id=14 selected_range tensor=blk.1.ffn_gate_exps.weight offset=4132608784 bytes=563200 layout=DIRECT
reference_poc22_position_0_blk23_routed expert_id=14 selected_range tensor=blk.1.ffn_up_exps.weight offset=4168653600 bytes=563200 layout=DIRECT
reference_poc22_position_0_blk23_routed expert_id=14 selected_range tensor=blk.1.ffn_down_exps.weight offset=4219521840 bytes=1622016 layout=DIRECT
reference_poc22_position_0_blk23_routed prefetch expert_id=14 tensor=blk.1.ffn_gate_exps.weight dependency_distance=0
reference_poc22_position_0_blk23_routed prefetch expert_id=14 tensor=blk.1.ffn_up_exps.weight dependency_distance=0
reference_poc22_position_0_blk23_routed prefetch expert_id=14 tensor=blk.1.ffn_down_exps.weight dependency_distance=2
expert_parity max_abs=0 max_rel=0 mean_abs=0 tolerance=1e-5
reference_poc22_position_0_blk23_routed expert_id=14 consumer_wait=not_instrumented acquire_release=recorded peak_active=1622016 peak_resident=8245248
reference_poc22_position_0_blk23_routed expert_rank=3 expert_id=40 router_rank=3 graph_created=YES graph_refs=gate:0,up:1,down:2 storage_ref_base=240120 score_preserved=YES
reference_poc22_position_0_blk23_routed expert_id=40 selected_range tensor=blk.1.ffn_gate_exps.weight offset=4147251984 bytes=563200 layout=DIRECT
reference_poc22_position_0_blk23_routed expert_id=40 selected_range tensor=blk.1.ffn_up_exps.weight offset=4183296800 bytes=563200 layout=DIRECT
reference_poc22_position_0_blk23_routed expert_id=40 selected_range tensor=blk.1.ffn_down_exps.weight offset=4261694256 bytes=1622016 layout=DIRECT
reference_poc22_position_0_blk23_routed prefetch expert_id=40 tensor=blk.1.ffn_gate_exps.weight dependency_distance=0
reference_poc22_position_0_blk23_routed prefetch expert_id=40 tensor=blk.1.ffn_up_exps.weight dependency_distance=0
reference_poc22_position_0_blk23_routed prefetch expert_id=40 tensor=blk.1.ffn_down_exps.weight dependency_distance=2
expert_parity max_abs=0 max_rel=0 mean_abs=0 tolerance=1e-5
reference_poc22_position_0_blk23_routed expert_id=40 consumer_wait=not_instrumented acquire_release=recorded peak_active=1622016 peak_resident=8245248
reference_poc22_position_0_blk23_routed expert_rank=4 expert_id=17 router_rank=4 graph_created=YES graph_refs=gate:0,up:1,down:2 storage_ref_base=240051 score_preserved=YES
reference_poc22_position_0_blk23_routed expert_id=17 selected_range tensor=blk.1.ffn_gate_exps.weight offset=4134298384 bytes=563200 layout=DIRECT
reference_poc22_position_0_blk23_routed expert_id=17 selected_range tensor=blk.1.ffn_up_exps.weight offset=4170343200 bytes=563200 layout=DIRECT
reference_poc22_position_0_blk23_routed expert_id=17 selected_range tensor=blk.1.ffn_down_exps.weight offset=4224387888 bytes=1622016 layout=DIRECT
reference_poc22_position_0_blk23_routed prefetch expert_id=17 tensor=blk.1.ffn_gate_exps.weight dependency_distance=0
reference_poc22_position_0_blk23_routed prefetch expert_id=17 tensor=blk.1.ffn_up_exps.weight dependency_distance=0
reference_poc22_position_0_blk23_routed prefetch expert_id=17 tensor=blk.1.ffn_down_exps.weight dependency_distance=2
expert_parity max_abs=0 max_rel=0 mean_abs=0 tolerance=1e-5
reference_poc22_position_0_blk23_routed expert_id=17 consumer_wait=not_instrumented acquire_release=recorded peak_active=1622016 peak_resident=8245248
reference_poc22_position_0_blk23_routed expert_rank=5 expert_id=16 router_rank=5 graph_created=YES graph_refs=gate:0,up:1,down:2 storage_ref_base=240048 score_preserved=YES
reference_poc22_position_0_blk23_routed expert_id=16 selected_range tensor=blk.1.ffn_gate_exps.weight offset=4133735184 bytes=563200 layout=DIRECT
reference_poc22_position_0_blk23_routed expert_id=16 selected_range tensor=blk.1.ffn_up_exps.weight offset=4169780000 bytes=563200 layout=DIRECT
reference_poc22_position_0_blk23_routed expert_id=16 selected_range tensor=blk.1.ffn_down_exps.weight offset=4222765872 bytes=1622016 layout=DIRECT
reference_poc22_position_0_blk23_routed prefetch expert_id=16 tensor=blk.1.ffn_gate_exps.weight dependency_distance=0
reference_poc22_position_0_blk23_routed prefetch expert_id=16 tensor=blk.1.ffn_up_exps.weight dependency_distance=0
reference_poc22_position_0_blk23_routed prefetch expert_id=16 tensor=blk.1.ffn_down_exps.weight dependency_distance=2
expert_parity max_abs=0 max_rel=0 mean_abs=0 tolerance=1e-5
reference_poc22_position_0_blk23_routed expert_id=16 consumer_wait=not_instrumented acquire_release=recorded peak_active=1622016 peak_resident=8245248
reference_poc22_position_0_blk23_routed residency_hits=36 residency_misses=42 source_reads=18 materialization_requests=18 source_policy_calls=18 evictions=11 resident_tensors_after=9
routed_merge_parity max_abs=0 max_rel=0 mean_abs=0 tolerance=1e-5
shared_expert_parity max_abs=0 max_rel=0 mean_abs=0 tolerance=1e-5
pre_residual_composition_parity max_abs=0 max_rel=0 mean_abs=0 tolerance=1e-5
final_layer_parity max_abs=0 max_rel=0 mean_abs=0 tolerance=1e-5
reference_poc22_position_0_blk23 shared_expert=REQUIRED shared_graph_created=YES residual_add=YES final_composition=PASS
ffn_timing tensor=blk.1.ffn_gate_inp.weight payload_ready_ns=4671155779118 first_consumer_start_ns=4671457368269 payload_to_first_consumer_ns=301589151
ffn_timing tensor=blk.1.ffn_gate_shexp.weight payload_ready_ns=4685693252294 first_consumer_start_ns=4686001723889 payload_to_first_consumer_ns=308471595
ffn_timing tensor=blk.1.ffn_gate_exps.weight payload_ready_ns=4671915796435 first_consumer_start_ns=4672218273610 payload_to_first_consumer_ns=302477175
reference_poc22_position_0_blk23 full_layer_residency_hits=46 misses=51 evictions=15 source_reads=23 source_bytes=20402176 materialization_requests=23 resident_tensors_after=8
reference_poc22_position_0_blk23 full_layer_peak_active_persistent_bytes=1622016 full_layer_peak_resident_bytes=8312832
reference_poc22_position_0_blk23 first_payload_to_shared_compute_start_ns=15137765496 execution_ready_to_consumer_ns=NOT_INSTRUMENTED payload_to_first_useful_compute=NOT_INSTRUMENTED
poc22_position_0_blk23_attention_parity max_abs=0 max_rel=0 mean_abs=0 tolerance=1e-5
poc22_position_0_blk23_block_parity max_abs=0 max_rel=0 mean_abs=0 tolerance=1e-5
poc22_position_0 block_handoff block=24 handoff_ns=340327 activation_copy_bytes=0
attention_timing tensor=blk.1.attn_norm.weight payload_ready_ns=4165943377826 first_consumer_start_ns=4688330628721 payload_to_first_consumer_ns=522387250895
attention_timing tensor=blk.1.attn_q.weight payload_ready_ns=4165987887583 first_consumer_start_ns=4689120940505 payload_to_first_consumer_ns=523133052922
attention_timing tensor=blk.1.attn_kv_a_mqa.weight payload_ready_ns=4166024115135 first_consumer_start_ns=4689913526159 payload_to_first_consumer_ns=523889411024
attention_timing tensor=blk.1.attn_kv_a_norm.weight payload_ready_ns=4166096322368 first_consumer_start_ns=4690704952587 payload_to_first_consumer_ns=524608630219
attention_timing tensor=blk.1.attn_kv_b.weight payload_ready_ns=4166131406860 first_consumer_start_ns=4691495850609 payload_to_first_consumer_ns=525364443749
attention_timing tensor=blk.1.attn_output.weight payload_ready_ns=4166174744099 first_consumer_start_ns=4692287290953 payload_to_first_consumer_ns=526112546854
poc22_position_0_blk24 position=0 state_k_positions=1 state_v_positions=1 attention_probs=1,1,1,1,1,1,1,1,1,1,1,1,1,1,1,1,
reference_attention position=0 state_k_positions=1 state_v_positions=1 attention_probs=1,1,1,1,1,1,1,1,1,1,1,1,1,1,1,1,
normalized_input_parity max_abs=0 max_rel=0 mean_abs=0 tolerance=1e-5
router_score_parity max_abs=2.08616e-06 max_rel=0.000115327 mean_abs=3.18596e-07 tolerance=1e-5
selected_weight_parity max_abs=1.04308e-07 max_rel=6.98733e-07 mean_abs=5.71211e-08 tolerance=1e-5
poc22_position_0_blk24 topk_ids=4,63,61,45,5,38 normalized_weights=0.204304,0.169657,0.163999,0.160899,0.151859,0.149282,
poc22_position_0_blk24_routed expert_rank=0 expert_id=4 router_rank=0 graph_created=YES graph_refs=gate:0,up:1,down:2 storage_ref_base=250012 score_preserved=YES
poc22_position_0_blk24_routed expert_id=4 selected_range tensor=blk.1.ffn_gate_exps.weight offset=4309747672 bytes=563200 layout=DIRECT
poc22_position_0_blk24_routed expert_id=4 selected_range tensor=blk.1.ffn_up_exps.weight offset=4345792488 bytes=563200 layout=DIRECT
poc22_position_0_blk24_routed expert_id=4 selected_range tensor=blk.1.ffn_down_exps.weight offset=4386072568 bytes=1622016 layout=DIRECT
poc22_position_0_blk24_routed prefetch expert_id=4 tensor=blk.1.ffn_gate_exps.weight dependency_distance=0
poc22_position_0_blk24_routed prefetch expert_id=4 tensor=blk.1.ffn_up_exps.weight dependency_distance=0
poc22_position_0_blk24_routed prefetch expert_id=4 tensor=blk.1.ffn_down_exps.weight dependency_distance=2
expert_parity max_abs=0 max_rel=0 mean_abs=0 tolerance=1e-5
poc22_position_0_blk24_routed expert_id=4 consumer_wait=not_instrumented acquire_release=recorded peak_active=1622016 peak_resident=66776064
poc22_position_0_blk24_routed expert_rank=1 expert_id=63 router_rank=1 graph_created=YES graph_refs=gate:0,up:1,down:2 storage_ref_base=250189 score_preserved=YES
poc22_position_0_blk24_routed expert_id=63 selected_range tensor=blk.1.ffn_gate_exps.weight offset=4342976472 bytes=563200 layout=DIRECT
poc22_position_0_blk24_routed expert_id=63 selected_range tensor=blk.1.ffn_up_exps.weight offset=4379021288 bytes=563200 layout=DIRECT
poc22_position_0_blk24_routed expert_id=63 selected_range tensor=blk.1.ffn_down_exps.weight offset=4481771512 bytes=1622016 layout=DIRECT
poc22_position_0_blk24_routed prefetch expert_id=63 tensor=blk.1.ffn_gate_exps.weight dependency_distance=0
poc22_position_0_blk24_routed prefetch expert_id=63 tensor=blk.1.ffn_up_exps.weight dependency_distance=0
poc22_position_0_blk24_routed prefetch expert_id=63 tensor=blk.1.ffn_down_exps.weight dependency_distance=2
expert_parity max_abs=0 max_rel=0 mean_abs=0 tolerance=1e-5
poc22_position_0_blk24_routed expert_id=63 consumer_wait=not_instrumented acquire_release=recorded peak_active=1622016 peak_resident=66776064
poc22_position_0_blk24_routed expert_rank=2 expert_id=61 router_rank=2 graph_created=YES graph_refs=gate:0,up:1,down:2 storage_ref_base=250183 score_preserved=YES
poc22_position_0_blk24_routed expert_id=61 selected_range tensor=blk.1.ffn_gate_exps.weight offset=4341850072 bytes=563200 layout=DIRECT
poc22_position_0_blk24_routed expert_id=61 selected_range tensor=blk.1.ffn_up_exps.weight offset=4377894888 bytes=563200 layout=DIRECT
poc22_position_0_blk24_routed expert_id=61 selected_range tensor=blk.1.ffn_down_exps.weight offset=4478527480 bytes=1622016 layout=DIRECT
poc22_position_0_blk24_routed prefetch expert_id=61 tensor=blk.1.ffn_gate_exps.weight dependency_distance=0
poc22_position_0_blk24_routed prefetch expert_id=61 tensor=blk.1.ffn_up_exps.weight dependency_distance=0
poc22_position_0_blk24_routed prefetch expert_id=61 tensor=blk.1.ffn_down_exps.weight dependency_distance=2
expert_parity max_abs=0 max_rel=0 mean_abs=0 tolerance=1e-5
poc22_position_0_blk24_routed expert_id=61 consumer_wait=not_instrumented acquire_release=recorded peak_active=1622016 peak_resident=66776064
poc22_position_0_blk24_routed expert_rank=3 expert_id=45 router_rank=3 graph_created=YES graph_refs=gate:0,up:1,down:2 storage_ref_base=250135 score_preserved=YES
poc22_position_0_blk24_routed expert_id=45 selected_range tensor=blk.1.ffn_gate_exps.weight offset=4332838872 bytes=563200 layout=DIRECT
poc22_position_0_blk24_routed expert_id=45 selected_range tensor=blk.1.ffn_up_exps.weight offset=4368883688 bytes=563200 layout=DIRECT
poc22_position_0_blk24_routed expert_id=45 selected_range tensor=blk.1.ffn_down_exps.weight offset=4452575224 bytes=1622016 layout=DIRECT
poc22_position_0_blk24_routed prefetch expert_id=45 tensor=blk.1.ffn_gate_exps.weight dependency_distance=0
poc22_position_0_blk24_routed prefetch expert_id=45 tensor=blk.1.ffn_up_exps.weight dependency_distance=0
poc22_position_0_blk24_routed prefetch expert_id=45 tensor=blk.1.ffn_down_exps.weight dependency_distance=2
expert_parity max_abs=0 max_rel=0 mean_abs=0 tolerance=1e-5
poc22_position_0_blk24_routed expert_id=45 consumer_wait=not_instrumented acquire_release=recorded peak_active=1622016 peak_resident=66776064
poc22_position_0_blk24_routed expert_rank=4 expert_id=5 router_rank=4 graph_created=YES graph_refs=gate:0,up:1,down:2 storage_ref_base=250015 score_preserved=YES
poc22_position_0_blk24_routed expert_id=5 selected_range tensor=blk.1.ffn_gate_exps.weight offset=4310310872 bytes=563200 layout=DIRECT
poc22_position_0_blk24_routed expert_id=5 selected_range tensor=blk.1.ffn_up_exps.weight offset=4346355688 bytes=563200 layout=DIRECT
poc22_position_0_blk24_routed expert_id=5 selected_range tensor=blk.1.ffn_down_exps.weight offset=4387694584 bytes=1622016 layout=DIRECT
poc22_position_0_blk24_routed prefetch expert_id=5 tensor=blk.1.ffn_gate_exps.weight dependency_distance=0
poc22_position_0_blk24_routed prefetch expert_id=5 tensor=blk.1.ffn_up_exps.weight dependency_distance=0
poc22_position_0_blk24_routed prefetch expert_id=5 tensor=blk.1.ffn_down_exps.weight dependency_distance=2
expert_parity max_abs=0 max_rel=0 mean_abs=0 tolerance=1e-5
poc22_position_0_blk24_routed expert_id=5 consumer_wait=not_instrumented acquire_release=recorded peak_active=1622016 peak_resident=66212864
poc22_position_0_blk24_routed expert_rank=5 expert_id=38 router_rank=5 graph_created=YES graph_refs=gate:0,up:1,down:2 storage_ref_base=250114 score_preserved=YES
poc22_position_0_blk24_routed expert_id=38 selected_range tensor=blk.1.ffn_gate_exps.weight offset=4328896472 bytes=563200 layout=DIRECT
poc22_position_0_blk24_routed expert_id=38 selected_range tensor=blk.1.ffn_up_exps.weight offset=4364941288 bytes=563200 layout=DIRECT
poc22_position_0_blk24_routed expert_id=38 selected_range tensor=blk.1.ffn_down_exps.weight offset=4441221112 bytes=1622016 layout=DIRECT
poc22_position_0_blk24_routed prefetch expert_id=38 tensor=blk.1.ffn_gate_exps.weight dependency_distance=0
poc22_position_0_blk24_routed prefetch expert_id=38 tensor=blk.1.ffn_up_exps.weight dependency_distance=0
poc22_position_0_blk24_routed prefetch expert_id=38 tensor=blk.1.ffn_down_exps.weight dependency_distance=2
expert_parity max_abs=0 max_rel=0 mean_abs=0 tolerance=1e-5
poc22_position_0_blk24_routed expert_id=38 consumer_wait=not_instrumented acquire_release=recorded peak_active=1622016 peak_resident=66708480
poc22_position_0_blk24_routed residency_hits=36 residency_misses=42 source_reads=18 materialization_requests=18 source_policy_calls=18 evictions=17 resident_tensors_after=84
routed_merge_parity max_abs=0 max_rel=0 mean_abs=0 tolerance=1e-5
shared_expert_parity max_abs=0 max_rel=0 mean_abs=0 tolerance=1e-5
pre_residual_composition_parity max_abs=0 max_rel=0 mean_abs=0 tolerance=1e-5
final_layer_parity max_abs=0 max_rel=0 mean_abs=0 tolerance=1e-5
poc22_position_0_blk24 shared_expert=REQUIRED shared_graph_created=YES residual_add=YES final_composition=PASS
ffn_timing tensor=blk.1.ffn_gate_inp.weight payload_ready_ns=4693561758879 first_consumer_start_ns=4693880676719 payload_to_first_consumer_ns=318917840
ffn_timing tensor=blk.1.ffn_gate_shexp.weight payload_ready_ns=4708591253662 first_consumer_start_ns=4708914491706 payload_to_first_consumer_ns=323238044
ffn_timing tensor=blk.1.ffn_gate_exps.weight payload_ready_ns=4694358271412 first_consumer_start_ns=4694677438121 payload_to_first_consumer_ns=319166709
poc22_position_0_blk24 full_layer_residency_hits=46 misses=51 evictions=26 source_reads=23 source_bytes=20402176 materialization_requests=23 resident_tensors_after=79
poc22_position_0_blk24 full_layer_peak_active_persistent_bytes=1622016 full_layer_peak_resident_bytes=66776064
poc22_position_0_blk24 first_payload_to_shared_compute_start_ns=15652551056 execution_ready_to_consumer_ns=NOT_INSTRUMENTED payload_to_first_useful_compute=NOT_INSTRUMENTED
normalized_input_parity max_abs=0 max_rel=0 mean_abs=0 tolerance=1e-5
router_score_parity max_abs=2.08616e-06 max_rel=0.000115327 mean_abs=3.18596e-07 tolerance=1e-5
selected_weight_parity max_abs=1.04308e-07 max_rel=6.98733e-07 mean_abs=5.71211e-08 tolerance=1e-5
reference_poc22_position_0_blk24 topk_ids=4,63,61,45,5,38 normalized_weights=0.204304,0.169657,0.163999,0.160899,0.151859,0.149282,
reference_poc22_position_0_blk24_routed expert_rank=0 expert_id=4 router_rank=0 graph_created=YES graph_refs=gate:0,up:1,down:2 storage_ref_base=250012 score_preserved=YES
reference_poc22_position_0_blk24_routed expert_id=4 selected_range tensor=blk.1.ffn_gate_exps.weight offset=4309747672 bytes=563200 layout=DIRECT
reference_poc22_position_0_blk24_routed expert_id=4 selected_range tensor=blk.1.ffn_up_exps.weight offset=4345792488 bytes=563200 layout=DIRECT
reference_poc22_position_0_blk24_routed expert_id=4 selected_range tensor=blk.1.ffn_down_exps.weight offset=4386072568 bytes=1622016 layout=DIRECT
reference_poc22_position_0_blk24_routed prefetch expert_id=4 tensor=blk.1.ffn_gate_exps.weight dependency_distance=0
reference_poc22_position_0_blk24_routed prefetch expert_id=4 tensor=blk.1.ffn_up_exps.weight dependency_distance=0
reference_poc22_position_0_blk24_routed prefetch expert_id=4 tensor=blk.1.ffn_down_exps.weight dependency_distance=2
expert_parity max_abs=0 max_rel=0 mean_abs=0 tolerance=1e-5
reference_poc22_position_0_blk24_routed expert_id=4 consumer_wait=not_instrumented acquire_release=recorded peak_active=1622016 peak_resident=3280896
reference_poc22_position_0_blk24_routed expert_rank=1 expert_id=63 router_rank=1 graph_created=YES graph_refs=gate:0,up:1,down:2 storage_ref_base=250189 score_preserved=YES
reference_poc22_position_0_blk24_routed expert_id=63 selected_range tensor=blk.1.ffn_gate_exps.weight offset=4342976472 bytes=563200 layout=DIRECT
reference_poc22_position_0_blk24_routed expert_id=63 selected_range tensor=blk.1.ffn_up_exps.weight offset=4379021288 bytes=563200 layout=DIRECT
reference_poc22_position_0_blk24_routed expert_id=63 selected_range tensor=blk.1.ffn_down_exps.weight offset=4481771512 bytes=1622016 layout=DIRECT
reference_poc22_position_0_blk24_routed prefetch expert_id=63 tensor=blk.1.ffn_gate_exps.weight dependency_distance=0
reference_poc22_position_0_blk24_routed prefetch expert_id=63 tensor=blk.1.ffn_up_exps.weight dependency_distance=0
reference_poc22_position_0_blk24_routed prefetch expert_id=63 tensor=blk.1.ffn_down_exps.weight dependency_distance=2
expert_parity max_abs=0 max_rel=0 mean_abs=0 tolerance=1e-5
reference_poc22_position_0_blk24_routed expert_id=63 consumer_wait=not_instrumented acquire_release=recorded peak_active=1622016 peak_resident=6029312
reference_poc22_position_0_blk24_routed expert_rank=2 expert_id=61 router_rank=2 graph_created=YES graph_refs=gate:0,up:1,down:2 storage_ref_base=250183 score_preserved=YES
reference_poc22_position_0_blk24_routed expert_id=61 selected_range tensor=blk.1.ffn_gate_exps.weight offset=4341850072 bytes=563200 layout=DIRECT
reference_poc22_position_0_blk24_routed expert_id=61 selected_range tensor=blk.1.ffn_up_exps.weight offset=4377894888 bytes=563200 layout=DIRECT
reference_poc22_position_0_blk24_routed expert_id=61 selected_range tensor=blk.1.ffn_down_exps.weight offset=4478527480 bytes=1622016 layout=DIRECT
reference_poc22_position_0_blk24_routed prefetch expert_id=61 tensor=blk.1.ffn_gate_exps.weight dependency_distance=0
reference_poc22_position_0_blk24_routed prefetch expert_id=61 tensor=blk.1.ffn_up_exps.weight dependency_distance=0
reference_poc22_position_0_blk24_routed prefetch expert_id=61 tensor=blk.1.ffn_down_exps.weight dependency_distance=2
expert_parity max_abs=0 max_rel=0 mean_abs=0 tolerance=1e-5
reference_poc22_position_0_blk24_routed expert_id=61 consumer_wait=not_instrumented acquire_release=recorded peak_active=1622016 peak_resident=8245248
reference_poc22_position_0_blk24_routed expert_rank=3 expert_id=45 router_rank=3 graph_created=YES graph_refs=gate:0,up:1,down:2 storage_ref_base=250135 score_preserved=YES
reference_poc22_position_0_blk24_routed expert_id=45 selected_range tensor=blk.1.ffn_gate_exps.weight offset=4332838872 bytes=563200 layout=DIRECT
reference_poc22_position_0_blk24_routed expert_id=45 selected_range tensor=blk.1.ffn_up_exps.weight offset=4368883688 bytes=563200 layout=DIRECT
reference_poc22_position_0_blk24_routed expert_id=45 selected_range tensor=blk.1.ffn_down_exps.weight offset=4452575224 bytes=1622016 layout=DIRECT
reference_poc22_position_0_blk24_routed prefetch expert_id=45 tensor=blk.1.ffn_gate_exps.weight dependency_distance=0
reference_poc22_position_0_blk24_routed prefetch expert_id=45 tensor=blk.1.ffn_up_exps.weight dependency_distance=0
reference_poc22_position_0_blk24_routed prefetch expert_id=45 tensor=blk.1.ffn_down_exps.weight dependency_distance=2
expert_parity max_abs=0 max_rel=0 mean_abs=0 tolerance=1e-5
reference_poc22_position_0_blk24_routed expert_id=45 consumer_wait=not_instrumented acquire_release=recorded peak_active=1622016 peak_resident=8245248
reference_poc22_position_0_blk24_routed expert_rank=4 expert_id=5 router_rank=4 graph_created=YES graph_refs=gate:0,up:1,down:2 storage_ref_base=250015 score_preserved=YES
reference_poc22_position_0_blk24_routed expert_id=5 selected_range tensor=blk.1.ffn_gate_exps.weight offset=4310310872 bytes=563200 layout=DIRECT
reference_poc22_position_0_blk24_routed expert_id=5 selected_range tensor=blk.1.ffn_up_exps.weight offset=4346355688 bytes=563200 layout=DIRECT
reference_poc22_position_0_blk24_routed expert_id=5 selected_range tensor=blk.1.ffn_down_exps.weight offset=4387694584 bytes=1622016 layout=DIRECT
reference_poc22_position_0_blk24_routed prefetch expert_id=5 tensor=blk.1.ffn_gate_exps.weight dependency_distance=0
reference_poc22_position_0_blk24_routed prefetch expert_id=5 tensor=blk.1.ffn_up_exps.weight dependency_distance=0
reference_poc22_position_0_blk24_routed prefetch expert_id=5 tensor=blk.1.ffn_down_exps.weight dependency_distance=2
expert_parity max_abs=0 max_rel=0 mean_abs=0 tolerance=1e-5
reference_poc22_position_0_blk24_routed expert_id=5 consumer_wait=not_instrumented acquire_release=recorded peak_active=1622016 peak_resident=8245248
reference_poc22_position_0_blk24_routed expert_rank=5 expert_id=38 router_rank=5 graph_created=YES graph_refs=gate:0,up:1,down:2 storage_ref_base=250114 score_preserved=YES
reference_poc22_position_0_blk24_routed expert_id=38 selected_range tensor=blk.1.ffn_gate_exps.weight offset=4328896472 bytes=563200 layout=DIRECT
reference_poc22_position_0_blk24_routed expert_id=38 selected_range tensor=blk.1.ffn_up_exps.weight offset=4364941288 bytes=563200 layout=DIRECT
reference_poc22_position_0_blk24_routed expert_id=38 selected_range tensor=blk.1.ffn_down_exps.weight offset=4441221112 bytes=1622016 layout=DIRECT
reference_poc22_position_0_blk24_routed prefetch expert_id=38 tensor=blk.1.ffn_gate_exps.weight dependency_distance=0
reference_poc22_position_0_blk24_routed prefetch expert_id=38 tensor=blk.1.ffn_up_exps.weight dependency_distance=0
reference_poc22_position_0_blk24_routed prefetch expert_id=38 tensor=blk.1.ffn_down_exps.weight dependency_distance=2
expert_parity max_abs=0 max_rel=0 mean_abs=0 tolerance=1e-5
reference_poc22_position_0_blk24_routed expert_id=38 consumer_wait=not_instrumented acquire_release=recorded peak_active=1622016 peak_resident=8245248
reference_poc22_position_0_blk24_routed residency_hits=36 residency_misses=42 source_reads=18 materialization_requests=18 source_policy_calls=18 evictions=11 resident_tensors_after=9
routed_merge_parity max_abs=0 max_rel=0 mean_abs=0 tolerance=1e-5
shared_expert_parity max_abs=0 max_rel=0 mean_abs=0 tolerance=1e-5
pre_residual_composition_parity max_abs=0 max_rel=0 mean_abs=0 tolerance=1e-5
final_layer_parity max_abs=0 max_rel=0 mean_abs=0 tolerance=1e-5
reference_poc22_position_0_blk24 shared_expert=REQUIRED shared_graph_created=YES residual_add=YES final_composition=PASS
ffn_timing tensor=blk.1.ffn_gate_inp.weight payload_ready_ns=4711774130357 first_consumer_start_ns=4712086839990 payload_to_first_consumer_ns=312709633
ffn_timing tensor=blk.1.ffn_gate_shexp.weight payload_ready_ns=4726838723176 first_consumer_start_ns=4727159001780 payload_to_first_consumer_ns=320278604
ffn_timing tensor=blk.1.ffn_gate_exps.weight payload_ready_ns=4712561409911 first_consumer_start_ns=4712875566931 payload_to_first_consumer_ns=314157020
reference_poc22_position_0_blk24 full_layer_residency_hits=46 misses=51 evictions=15 source_reads=23 source_bytes=20402176 materialization_requests=23 resident_tensors_after=8
reference_poc22_position_0_blk24 full_layer_peak_active_persistent_bytes=1622016 full_layer_peak_resident_bytes=8312832
reference_poc22_position_0_blk24 first_payload_to_shared_compute_start_ns=15684625778 execution_ready_to_consumer_ns=NOT_INSTRUMENTED payload_to_first_useful_compute=NOT_INSTRUMENTED
poc22_position_0_blk24_attention_parity max_abs=0 max_rel=0 mean_abs=0 tolerance=1e-5
poc22_position_0_blk24_block_parity max_abs=0 max_rel=0 mean_abs=0 tolerance=1e-5
poc22_position_0 block_handoff block=25 handoff_ns=311494 activation_copy_bytes=0
attention_timing tensor=blk.1.attn_norm.weight payload_ready_ns=4165943377826 first_consumer_start_ns=4729572917298 payload_to_first_consumer_ns=563629539472
attention_timing tensor=blk.1.attn_q.weight payload_ready_ns=4165987887583 first_consumer_start_ns=4730390334488 payload_to_first_consumer_ns=564402446905
attention_timing tensor=blk.1.attn_kv_a_mqa.weight payload_ready_ns=4166024115135 first_consumer_start_ns=4731210250128 payload_to_first_consumer_ns=565186134993
attention_timing tensor=blk.1.attn_kv_a_norm.weight payload_ready_ns=4166096322368 first_consumer_start_ns=4732029415283 payload_to_first_consumer_ns=565933092915
attention_timing tensor=blk.1.attn_kv_b.weight payload_ready_ns=4166131406860 first_consumer_start_ns=4732849010179 payload_to_first_consumer_ns=566717603319
attention_timing tensor=blk.1.attn_output.weight payload_ready_ns=4166174744099 first_consumer_start_ns=4733669161438 payload_to_first_consumer_ns=567494417339
poc22_position_0_blk25 position=0 state_k_positions=1 state_v_positions=1 attention_probs=1,1,1,1,1,1,1,1,1,1,1,1,1,1,1,1,
reference_attention position=0 state_k_positions=1 state_v_positions=1 attention_probs=1,1,1,1,1,1,1,1,1,1,1,1,1,1,1,1,
normalized_input_parity max_abs=0 max_rel=0 mean_abs=0 tolerance=1e-5
router_score_parity max_abs=1.19209e-06 max_rel=5.93559e-05 mean_abs=3.7576e-07 tolerance=1e-5
selected_weight_parity max_abs=1.04308e-07 max_rel=7.2041e-07 mean_abs=6.08464e-08 tolerance=1e-5
poc22_position_0_blk25 topk_ids=0,46,34,49,13,38 normalized_weights=0.242812,0.214202,0.14479,0.137456,0.135998,0.124742,
poc22_position_0_blk25_routed expert_rank=0 expert_id=0 router_rank=0 graph_created=YES graph_refs=gate:0,up:1,down:2 storage_ref_base=260000 score_preserved=YES
poc22_position_0_blk25_routed expert_id=0 selected_range tensor=blk.1.ffn_gate_exps.weight offset=4490265760 bytes=563200 layout=DIRECT
poc22_position_0_blk25_routed expert_id=0 selected_range tensor=blk.1.ffn_up_exps.weight offset=4526310576 bytes=563200 layout=DIRECT
poc22_position_0_blk25_routed expert_id=0 selected_range tensor=blk.1.ffn_down_exps.weight offset=4562355392 bytes=1622016 layout=DIRECT
poc22_position_0_blk25_routed prefetch expert_id=0 tensor=blk.1.ffn_gate_exps.weight dependency_distance=0
poc22_position_0_blk25_routed prefetch expert_id=0 tensor=blk.1.ffn_up_exps.weight dependency_distance=0
poc22_position_0_blk25_routed prefetch expert_id=0 tensor=blk.1.ffn_down_exps.weight dependency_distance=2
expert_parity max_abs=0 max_rel=0 mean_abs=0 tolerance=1e-5
poc22_position_0_blk25_routed expert_id=0 consumer_wait=not_instrumented acquire_release=recorded peak_active=1622016 peak_resident=66776064
poc22_position_0_blk25_routed expert_rank=1 expert_id=46 router_rank=1 graph_created=YES graph_refs=gate:0,up:1,down:2 storage_ref_base=260138 score_preserved=YES
poc22_position_0_blk25_routed expert_id=46 selected_range tensor=blk.1.ffn_gate_exps.weight offset=4516172960 bytes=563200 layout=DIRECT
poc22_position_0_blk25_routed expert_id=46 selected_range tensor=blk.1.ffn_up_exps.weight offset=4552217776 bytes=563200 layout=DIRECT
poc22_position_0_blk25_routed expert_id=46 selected_range tensor=blk.1.ffn_down_exps.weight offset=4636968128 bytes=1622016 layout=DIRECT
poc22_position_0_blk25_routed prefetch expert_id=46 tensor=blk.1.ffn_gate_exps.weight dependency_distance=0
poc22_position_0_blk25_routed prefetch expert_id=46 tensor=blk.1.ffn_up_exps.weight dependency_distance=0
poc22_position_0_blk25_routed prefetch expert_id=46 tensor=blk.1.ffn_down_exps.weight dependency_distance=2
expert_parity max_abs=0 max_rel=0 mean_abs=0 tolerance=1e-5
poc22_position_0_blk25_routed expert_id=46 consumer_wait=not_instrumented acquire_release=recorded peak_active=1622016 peak_resident=66776064
poc22_position_0_blk25_routed expert_rank=2 expert_id=34 router_rank=2 graph_created=YES graph_refs=gate:0,up:1,down:2 storage_ref_base=260102 score_preserved=YES
poc22_position_0_blk25_routed expert_id=34 selected_range tensor=blk.1.ffn_gate_exps.weight offset=4509414560 bytes=563200 layout=DIRECT
poc22_position_0_blk25_routed expert_id=34 selected_range tensor=blk.1.ffn_up_exps.weight offset=4545459376 bytes=563200 layout=DIRECT
poc22_position_0_blk25_routed expert_id=34 selected_range tensor=blk.1.ffn_down_exps.weight offset=4617503936 bytes=1622016 layout=DIRECT
poc22_position_0_blk25_routed prefetch expert_id=34 tensor=blk.1.ffn_gate_exps.weight dependency_distance=0
poc22_position_0_blk25_routed prefetch expert_id=34 tensor=blk.1.ffn_up_exps.weight dependency_distance=0
poc22_position_0_blk25_routed prefetch expert_id=34 tensor=blk.1.ffn_down_exps.weight dependency_distance=2
expert_parity max_abs=0 max_rel=0 mean_abs=0 tolerance=1e-5
poc22_position_0_blk25_routed expert_id=34 consumer_wait=not_instrumented acquire_release=recorded peak_active=1622016 peak_resident=66776064
poc22_position_0_blk25_routed expert_rank=3 expert_id=49 router_rank=3 graph_created=YES graph_refs=gate:0,up:1,down:2 storage_ref_base=260147 score_preserved=YES
poc22_position_0_blk25_routed expert_id=49 selected_range tensor=blk.1.ffn_gate_exps.weight offset=4517862560 bytes=563200 layout=DIRECT
poc22_position_0_blk25_routed expert_id=49 selected_range tensor=blk.1.ffn_up_exps.weight offset=4553907376 bytes=563200 layout=DIRECT
poc22_position_0_blk25_routed expert_id=49 selected_range tensor=blk.1.ffn_down_exps.weight offset=4641834176 bytes=1622016 layout=DIRECT
poc22_position_0_blk25_routed prefetch expert_id=49 tensor=blk.1.ffn_gate_exps.weight dependency_distance=0
poc22_position_0_blk25_routed prefetch expert_id=49 tensor=blk.1.ffn_up_exps.weight dependency_distance=0
poc22_position_0_blk25_routed prefetch expert_id=49 tensor=blk.1.ffn_down_exps.weight dependency_distance=2
expert_parity max_abs=0 max_rel=0 mean_abs=0 tolerance=1e-5
poc22_position_0_blk25_routed expert_id=49 consumer_wait=not_instrumented acquire_release=recorded peak_active=1622016 peak_resident=66776064
poc22_position_0_blk25_routed expert_rank=4 expert_id=13 router_rank=4 graph_created=YES graph_refs=gate:0,up:1,down:2 storage_ref_base=260039 score_preserved=YES
poc22_position_0_blk25_routed expert_id=13 selected_range tensor=blk.1.ffn_gate_exps.weight offset=4497587360 bytes=563200 layout=DIRECT
poc22_position_0_blk25_routed expert_id=13 selected_range tensor=blk.1.ffn_up_exps.weight offset=4533632176 bytes=563200 layout=DIRECT
poc22_position_0_blk25_routed expert_id=13 selected_range tensor=blk.1.ffn_down_exps.weight offset=4583441600 bytes=1622016 layout=DIRECT
poc22_position_0_blk25_routed prefetch expert_id=13 tensor=blk.1.ffn_gate_exps.weight dependency_distance=0
poc22_position_0_blk25_routed prefetch expert_id=13 tensor=blk.1.ffn_up_exps.weight dependency_distance=0
poc22_position_0_blk25_routed prefetch expert_id=13 tensor=blk.1.ffn_down_exps.weight dependency_distance=2
expert_parity max_abs=0 max_rel=0 mean_abs=0 tolerance=1e-5
poc22_position_0_blk25_routed expert_id=13 consumer_wait=not_instrumented acquire_release=recorded peak_active=1622016 peak_resident=66212864
poc22_position_0_blk25_routed expert_rank=5 expert_id=38 router_rank=5 graph_created=YES graph_refs=gate:0,up:1,down:2 storage_ref_base=260114 score_preserved=YES
poc22_position_0_blk25_routed expert_id=38 selected_range tensor=blk.1.ffn_gate_exps.weight offset=4511667360 bytes=563200 layout=DIRECT
poc22_position_0_blk25_routed expert_id=38 selected_range tensor=blk.1.ffn_up_exps.weight offset=4547712176 bytes=563200 layout=DIRECT
poc22_position_0_blk25_routed expert_id=38 selected_range tensor=blk.1.ffn_down_exps.weight offset=4623992000 bytes=1622016 layout=DIRECT
poc22_position_0_blk25_routed prefetch expert_id=38 tensor=blk.1.ffn_gate_exps.weight dependency_distance=0
poc22_position_0_blk25_routed prefetch expert_id=38 tensor=blk.1.ffn_up_exps.weight dependency_distance=0
poc22_position_0_blk25_routed prefetch expert_id=38 tensor=blk.1.ffn_down_exps.weight dependency_distance=2
expert_parity max_abs=0 max_rel=0 mean_abs=0 tolerance=1e-5
poc22_position_0_blk25_routed expert_id=38 consumer_wait=not_instrumented acquire_release=recorded peak_active=1622016 peak_resident=66708480
poc22_position_0_blk25_routed residency_hits=36 residency_misses=42 source_reads=18 materialization_requests=18 source_policy_calls=18 evictions=17 resident_tensors_after=84
routed_merge_parity max_abs=0 max_rel=0 mean_abs=0 tolerance=1e-5
shared_expert_parity max_abs=0 max_rel=0 mean_abs=0 tolerance=1e-5
pre_residual_composition_parity max_abs=0 max_rel=0 mean_abs=0 tolerance=1e-5
final_layer_parity max_abs=0 max_rel=0 mean_abs=0 tolerance=1e-5
poc22_position_0_blk25 shared_expert=REQUIRED shared_graph_created=YES residual_add=YES final_composition=PASS
ffn_timing tensor=blk.1.ffn_gate_inp.weight payload_ready_ns=4734988945608 first_consumer_start_ns=4735322974349 payload_to_first_consumer_ns=334028741
ffn_timing tensor=blk.1.ffn_gate_shexp.weight payload_ready_ns=4750575185056 first_consumer_start_ns=4750910725558 payload_to_first_consumer_ns=335540502
ffn_timing tensor=blk.1.ffn_gate_exps.weight payload_ready_ns=4735819237120 first_consumer_start_ns=4736149890929 payload_to_first_consumer_ns=330653809
poc22_position_0_blk25 full_layer_residency_hits=46 misses=51 evictions=26 source_reads=23 source_bytes=20402176 materialization_requests=23 resident_tensors_after=79
poc22_position_0_blk25 full_layer_peak_active_persistent_bytes=1622016 full_layer_peak_resident_bytes=66776064
poc22_position_0_blk25 first_payload_to_shared_compute_start_ns=16231041444 execution_ready_to_consumer_ns=NOT_INSTRUMENTED payload_to_first_useful_compute=NOT_INSTRUMENTED
normalized_input_parity max_abs=0 max_rel=0 mean_abs=0 tolerance=1e-5
router_score_parity max_abs=1.19209e-06 max_rel=5.93559e-05 mean_abs=3.7576e-07 tolerance=1e-5
selected_weight_parity max_abs=1.04308e-07 max_rel=7.2041e-07 mean_abs=6.08464e-08 tolerance=1e-5
reference_poc22_position_0_blk25 topk_ids=0,46,34,49,13,38 normalized_weights=0.242812,0.214202,0.14479,0.137456,0.135998,0.124742,
reference_poc22_position_0_blk25_routed expert_rank=0 expert_id=0 router_rank=0 graph_created=YES graph_refs=gate:0,up:1,down:2 storage_ref_base=260000 score_preserved=YES
reference_poc22_position_0_blk25_routed expert_id=0 selected_range tensor=blk.1.ffn_gate_exps.weight offset=4490265760 bytes=563200 layout=DIRECT
reference_poc22_position_0_blk25_routed expert_id=0 selected_range tensor=blk.1.ffn_up_exps.weight offset=4526310576 bytes=563200 layout=DIRECT
reference_poc22_position_0_blk25_routed expert_id=0 selected_range tensor=blk.1.ffn_down_exps.weight offset=4562355392 bytes=1622016 layout=DIRECT
reference_poc22_position_0_blk25_routed prefetch expert_id=0 tensor=blk.1.ffn_gate_exps.weight dependency_distance=0
reference_poc22_position_0_blk25_routed prefetch expert_id=0 tensor=blk.1.ffn_up_exps.weight dependency_distance=0
reference_poc22_position_0_blk25_routed prefetch expert_id=0 tensor=blk.1.ffn_down_exps.weight dependency_distance=2
expert_parity max_abs=0 max_rel=0 mean_abs=0 tolerance=1e-5
reference_poc22_position_0_blk25_routed expert_id=0 consumer_wait=not_instrumented acquire_release=recorded peak_active=1622016 peak_resident=3280896
reference_poc22_position_0_blk25_routed expert_rank=1 expert_id=46 router_rank=1 graph_created=YES graph_refs=gate:0,up:1,down:2 storage_ref_base=260138 score_preserved=YES
reference_poc22_position_0_blk25_routed expert_id=46 selected_range tensor=blk.1.ffn_gate_exps.weight offset=4516172960 bytes=563200 layout=DIRECT
reference_poc22_position_0_blk25_routed expert_id=46 selected_range tensor=blk.1.ffn_up_exps.weight offset=4552217776 bytes=563200 layout=DIRECT
reference_poc22_position_0_blk25_routed expert_id=46 selected_range tensor=blk.1.ffn_down_exps.weight offset=4636968128 bytes=1622016 layout=DIRECT
reference_poc22_position_0_blk25_routed prefetch expert_id=46 tensor=blk.1.ffn_gate_exps.weight dependency_distance=0
reference_poc22_position_0_blk25_routed prefetch expert_id=46 tensor=blk.1.ffn_up_exps.weight dependency_distance=0
reference_poc22_position_0_blk25_routed prefetch expert_id=46 tensor=blk.1.ffn_down_exps.weight dependency_distance=2
expert_parity max_abs=0 max_rel=0 mean_abs=0 tolerance=1e-5
reference_poc22_position_0_blk25_routed expert_id=46 consumer_wait=not_instrumented acquire_release=recorded peak_active=1622016 peak_resident=6029312
reference_poc22_position_0_blk25_routed expert_rank=2 expert_id=34 router_rank=2 graph_created=YES graph_refs=gate:0,up:1,down:2 storage_ref_base=260102 score_preserved=YES
reference_poc22_position_0_blk25_routed expert_id=34 selected_range tensor=blk.1.ffn_gate_exps.weight offset=4509414560 bytes=563200 layout=DIRECT
reference_poc22_position_0_blk25_routed expert_id=34 selected_range tensor=blk.1.ffn_up_exps.weight offset=4545459376 bytes=563200 layout=DIRECT
reference_poc22_position_0_blk25_routed expert_id=34 selected_range tensor=blk.1.ffn_down_exps.weight offset=4617503936 bytes=1622016 layout=DIRECT
reference_poc22_position_0_blk25_routed prefetch expert_id=34 tensor=blk.1.ffn_gate_exps.weight dependency_distance=0
reference_poc22_position_0_blk25_routed prefetch expert_id=34 tensor=blk.1.ffn_up_exps.weight dependency_distance=0
reference_poc22_position_0_blk25_routed prefetch expert_id=34 tensor=blk.1.ffn_down_exps.weight dependency_distance=2
expert_parity max_abs=0 max_rel=0 mean_abs=0 tolerance=1e-5
reference_poc22_position_0_blk25_routed expert_id=34 consumer_wait=not_instrumented acquire_release=recorded peak_active=1622016 peak_resident=8245248
reference_poc22_position_0_blk25_routed expert_rank=3 expert_id=49 router_rank=3 graph_created=YES graph_refs=gate:0,up:1,down:2 storage_ref_base=260147 score_preserved=YES
reference_poc22_position_0_blk25_routed expert_id=49 selected_range tensor=blk.1.ffn_gate_exps.weight offset=4517862560 bytes=563200 layout=DIRECT
reference_poc22_position_0_blk25_routed expert_id=49 selected_range tensor=blk.1.ffn_up_exps.weight offset=4553907376 bytes=563200 layout=DIRECT
reference_poc22_position_0_blk25_routed expert_id=49 selected_range tensor=blk.1.ffn_down_exps.weight offset=4641834176 bytes=1622016 layout=DIRECT
reference_poc22_position_0_blk25_routed prefetch expert_id=49 tensor=blk.1.ffn_gate_exps.weight dependency_distance=0
reference_poc22_position_0_blk25_routed prefetch expert_id=49 tensor=blk.1.ffn_up_exps.weight dependency_distance=0
reference_poc22_position_0_blk25_routed prefetch expert_id=49 tensor=blk.1.ffn_down_exps.weight dependency_distance=2
expert_parity max_abs=0 max_rel=0 mean_abs=0 tolerance=1e-5
reference_poc22_position_0_blk25_routed expert_id=49 consumer_wait=not_instrumented acquire_release=recorded peak_active=1622016 peak_resident=8245248
reference_poc22_position_0_blk25_routed expert_rank=4 expert_id=13 router_rank=4 graph_created=YES graph_refs=gate:0,up:1,down:2 storage_ref_base=260039 score_preserved=YES
reference_poc22_position_0_blk25_routed expert_id=13 selected_range tensor=blk.1.ffn_gate_exps.weight offset=4497587360 bytes=563200 layout=DIRECT
reference_poc22_position_0_blk25_routed expert_id=13 selected_range tensor=blk.1.ffn_up_exps.weight offset=4533632176 bytes=563200 layout=DIRECT
reference_poc22_position_0_blk25_routed expert_id=13 selected_range tensor=blk.1.ffn_down_exps.weight offset=4583441600 bytes=1622016 layout=DIRECT
reference_poc22_position_0_blk25_routed prefetch expert_id=13 tensor=blk.1.ffn_gate_exps.weight dependency_distance=0
reference_poc22_position_0_blk25_routed prefetch expert_id=13 tensor=blk.1.ffn_up_exps.weight dependency_distance=0
reference_poc22_position_0_blk25_routed prefetch expert_id=13 tensor=blk.1.ffn_down_exps.weight dependency_distance=2
expert_parity max_abs=0 max_rel=0 mean_abs=0 tolerance=1e-5
reference_poc22_position_0_blk25_routed expert_id=13 consumer_wait=not_instrumented acquire_release=recorded peak_active=1622016 peak_resident=8245248
reference_poc22_position_0_blk25_routed expert_rank=5 expert_id=38 router_rank=5 graph_created=YES graph_refs=gate:0,up:1,down:2 storage_ref_base=260114 score_preserved=YES
reference_poc22_position_0_blk25_routed expert_id=38 selected_range tensor=blk.1.ffn_gate_exps.weight offset=4511667360 bytes=563200 layout=DIRECT
reference_poc22_position_0_blk25_routed expert_id=38 selected_range tensor=blk.1.ffn_up_exps.weight offset=4547712176 bytes=563200 layout=DIRECT
reference_poc22_position_0_blk25_routed expert_id=38 selected_range tensor=blk.1.ffn_down_exps.weight offset=4623992000 bytes=1622016 layout=DIRECT
reference_poc22_position_0_blk25_routed prefetch expert_id=38 tensor=blk.1.ffn_gate_exps.weight dependency_distance=0
reference_poc22_position_0_blk25_routed prefetch expert_id=38 tensor=blk.1.ffn_up_exps.weight dependency_distance=0
reference_poc22_position_0_blk25_routed prefetch expert_id=38 tensor=blk.1.ffn_down_exps.weight dependency_distance=2
expert_parity max_abs=0 max_rel=0 mean_abs=0 tolerance=1e-5
reference_poc22_position_0_blk25_routed expert_id=38 consumer_wait=not_instrumented acquire_release=recorded peak_active=1622016 peak_resident=8245248
reference_poc22_position_0_blk25_routed residency_hits=36 residency_misses=42 source_reads=18 materialization_requests=18 source_policy_calls=18 evictions=11 resident_tensors_after=9
routed_merge_parity max_abs=0 max_rel=0 mean_abs=0 tolerance=1e-5
shared_expert_parity max_abs=0 max_rel=0 mean_abs=0 tolerance=1e-5
pre_residual_composition_parity max_abs=0 max_rel=0 mean_abs=0 tolerance=1e-5
final_layer_parity max_abs=0 max_rel=0 mean_abs=0 tolerance=1e-5
reference_poc22_position_0_blk25 shared_expert=REQUIRED shared_graph_created=YES residual_add=YES final_composition=PASS
ffn_timing tensor=blk.1.ffn_gate_inp.weight payload_ready_ns=4753881981895 first_consumer_start_ns=4754207444935 payload_to_first_consumer_ns=325463040
ffn_timing tensor=blk.1.ffn_gate_shexp.weight payload_ready_ns=4769515706042 first_consumer_start_ns=4769847777281 payload_to_first_consumer_ns=332071239
ffn_timing tensor=blk.1.ffn_gate_exps.weight payload_ready_ns=4754700298150 first_consumer_start_ns=4755026010810 payload_to_first_consumer_ns=325712660
reference_poc22_position_0_blk25 full_layer_residency_hits=46 misses=51 evictions=15 source_reads=23 source_bytes=20402176 materialization_requests=23 resident_tensors_after=8
reference_poc22_position_0_blk25 full_layer_peak_active_persistent_bytes=1622016 full_layer_peak_resident_bytes=8312832
reference_poc22_position_0_blk25 first_payload_to_shared_compute_start_ns=16279039633 execution_ready_to_consumer_ns=NOT_INSTRUMENTED payload_to_first_useful_compute=NOT_INSTRUMENTED
poc22_position_0_blk25_attention_parity max_abs=0 max_rel=0 mean_abs=0 tolerance=1e-5
poc22_position_0_blk25_block_parity max_abs=0 max_rel=0 mean_abs=0 tolerance=1e-5
poc22_position_0 block_handoff block=26 handoff_ns=323993 activation_copy_bytes=0
attention_timing tensor=blk.1.attn_norm.weight payload_ready_ns=4165943377826 first_consumer_start_ns=4772350009001 payload_to_first_consumer_ns=606406631175
attention_timing tensor=blk.1.attn_q.weight payload_ready_ns=4165987887583 first_consumer_start_ns=4773199302292 payload_to_first_consumer_ns=607211414709
attention_timing tensor=blk.1.attn_kv_a_mqa.weight payload_ready_ns=4166024115135 first_consumer_start_ns=4774050566168 payload_to_first_consumer_ns=608026451033
attention_timing tensor=blk.1.attn_kv_a_norm.weight payload_ready_ns=4166096322368 first_consumer_start_ns=4774901553175 payload_to_first_consumer_ns=608805230807
attention_timing tensor=blk.1.attn_kv_b.weight payload_ready_ns=4166131406860 first_consumer_start_ns=4775751984318 payload_to_first_consumer_ns=609620577458
attention_timing tensor=blk.1.attn_output.weight payload_ready_ns=4166174744099 first_consumer_start_ns=4776601871639 payload_to_first_consumer_ns=610427127540
poc22_position_0_blk26 position=0 state_k_positions=1 state_v_positions=1 attention_probs=1,1,1,1,1,1,1,1,1,1,1,1,1,1,1,1,
reference_attention position=0 state_k_positions=1 state_v_positions=1 attention_probs=1,1,1,1,1,1,1,1,1,1,1,1,1,1,1,1,
normalized_input_parity max_abs=0 max_rel=0 mean_abs=0 tolerance=1e-5
router_score_parity max_abs=6.91414e-06 max_rel=1.28644e-05 mean_abs=1.63959e-06 tolerance=1e-5
selected_weight_parity max_abs=3.72529e-07 max_rel=2.92626e-06 mean_abs=1.36594e-07 tolerance=1e-5
poc22_position_0_blk26 topk_ids=49,5,63,43,59,58 normalized_weights=0.420492,0.127424,0.127305,0.110496,0.10877,0.105512,
poc22_position_0_blk26_routed expert_rank=0 expert_id=49 router_rank=0 graph_created=YES graph_refs=gate:0,up:1,down:2 storage_ref_base=270147 score_preserved=YES
poc22_position_0_blk26_routed expert_id=49 selected_range tensor=blk.1.ffn_gate_exps.weight offset=4700633448 bytes=563200 layout=DIRECT
poc22_position_0_blk26_routed expert_id=49 selected_range tensor=blk.1.ffn_up_exps.weight offset=4736678264 bytes=563200 layout=DIRECT
poc22_position_0_blk26_routed expert_id=49 selected_range tensor=blk.1.ffn_down_exps.weight offset=4824605064 bytes=1622016 layout=DIRECT
poc22_position_0_blk26_routed prefetch expert_id=49 tensor=blk.1.ffn_gate_exps.weight dependency_distance=0
poc22_position_0_blk26_routed prefetch expert_id=49 tensor=blk.1.ffn_up_exps.weight dependency_distance=0
poc22_position_0_blk26_routed prefetch expert_id=49 tensor=blk.1.ffn_down_exps.weight dependency_distance=2
expert_parity max_abs=0 max_rel=0 mean_abs=0 tolerance=1e-5
poc22_position_0_blk26_routed expert_id=49 consumer_wait=not_instrumented acquire_release=recorded peak_active=1622016 peak_resident=66776064
poc22_position_0_blk26_routed expert_rank=1 expert_id=5 router_rank=1 graph_created=YES graph_refs=gate:0,up:1,down:2 storage_ref_base=270015 score_preserved=YES
poc22_position_0_blk26_routed expert_id=5 selected_range tensor=blk.1.ffn_gate_exps.weight offset=4675852648 bytes=563200 layout=DIRECT
poc22_position_0_blk26_routed expert_id=5 selected_range tensor=blk.1.ffn_up_exps.weight offset=4711897464 bytes=563200 layout=DIRECT
poc22_position_0_blk26_routed expert_id=5 selected_range tensor=blk.1.ffn_down_exps.weight offset=4753236360 bytes=1622016 layout=DIRECT
poc22_position_0_blk26_routed prefetch expert_id=5 tensor=blk.1.ffn_gate_exps.weight dependency_distance=0
poc22_position_0_blk26_routed prefetch expert_id=5 tensor=blk.1.ffn_up_exps.weight dependency_distance=0
poc22_position_0_blk26_routed prefetch expert_id=5 tensor=blk.1.ffn_down_exps.weight dependency_distance=2
expert_parity max_abs=0 max_rel=0 mean_abs=0 tolerance=1e-5
poc22_position_0_blk26_routed expert_id=5 consumer_wait=not_instrumented acquire_release=recorded peak_active=1622016 peak_resident=66776064
poc22_position_0_blk26_routed expert_rank=2 expert_id=63 router_rank=2 graph_created=YES graph_refs=gate:0,up:1,down:2 storage_ref_base=270189 score_preserved=YES
poc22_position_0_blk26_routed expert_id=63 selected_range tensor=blk.1.ffn_gate_exps.weight offset=4708518248 bytes=563200 layout=DIRECT
poc22_position_0_blk26_routed expert_id=63 selected_range tensor=blk.1.ffn_up_exps.weight offset=4744563064 bytes=563200 layout=DIRECT
poc22_position_0_blk26_routed expert_id=63 selected_range tensor=blk.1.ffn_down_exps.weight offset=4847313288 bytes=1622016 layout=DIRECT
poc22_position_0_blk26_routed prefetch expert_id=63 tensor=blk.1.ffn_gate_exps.weight dependency_distance=0
poc22_position_0_blk26_routed prefetch expert_id=63 tensor=blk.1.ffn_up_exps.weight dependency_distance=0
poc22_position_0_blk26_routed prefetch expert_id=63 tensor=blk.1.ffn_down_exps.weight dependency_distance=2
expert_parity max_abs=0 max_rel=0 mean_abs=0 tolerance=1e-5
poc22_position_0_blk26_routed expert_id=63 consumer_wait=not_instrumented acquire_release=recorded peak_active=1622016 peak_resident=66776064
poc22_position_0_blk26_routed expert_rank=3 expert_id=43 router_rank=3 graph_created=YES graph_refs=gate:0,up:1,down:2 storage_ref_base=270129 score_preserved=YES
poc22_position_0_blk26_routed expert_id=43 selected_range tensor=blk.1.ffn_gate_exps.weight offset=4697254248 bytes=563200 layout=DIRECT
poc22_position_0_blk26_routed expert_id=43 selected_range tensor=blk.1.ffn_up_exps.weight offset=4733299064 bytes=563200 layout=DIRECT
poc22_position_0_blk26_routed expert_id=43 selected_range tensor=blk.1.ffn_down_exps.weight offset=4814872968 bytes=1622016 layout=DIRECT
poc22_position_0_blk26_routed prefetch expert_id=43 tensor=blk.1.ffn_gate_exps.weight dependency_distance=0
poc22_position_0_blk26_routed prefetch expert_id=43 tensor=blk.1.ffn_up_exps.weight dependency_distance=0
poc22_position_0_blk26_routed prefetch expert_id=43 tensor=blk.1.ffn_down_exps.weight dependency_distance=2
expert_parity max_abs=0 max_rel=0 mean_abs=0 tolerance=1e-5
poc22_position_0_blk26_routed expert_id=43 consumer_wait=not_instrumented acquire_release=recorded peak_active=1622016 peak_resident=66776064
poc22_position_0_blk26_routed expert_rank=4 expert_id=59 router_rank=4 graph_created=YES graph_refs=gate:0,up:1,down:2 storage_ref_base=270177 score_preserved=YES
poc22_position_0_blk26_routed expert_id=59 selected_range tensor=blk.1.ffn_gate_exps.weight offset=4706265448 bytes=563200 layout=DIRECT
poc22_position_0_blk26_routed expert_id=59 selected_range tensor=blk.1.ffn_up_exps.weight offset=4742310264 bytes=563200 layout=DIRECT
poc22_position_0_blk26_routed expert_id=59 selected_range tensor=blk.1.ffn_down_exps.weight offset=4840825224 bytes=1622016 layout=DIRECT
poc22_position_0_blk26_routed prefetch expert_id=59 tensor=blk.1.ffn_gate_exps.weight dependency_distance=0
poc22_position_0_blk26_routed prefetch expert_id=59 tensor=blk.1.ffn_up_exps.weight dependency_distance=0
poc22_position_0_blk26_routed prefetch expert_id=59 tensor=blk.1.ffn_down_exps.weight dependency_distance=2
expert_parity max_abs=0 max_rel=0 mean_abs=0 tolerance=1e-5
poc22_position_0_blk26_routed expert_id=59 consumer_wait=not_instrumented acquire_release=recorded peak_active=1622016 peak_resident=66212864
poc22_position_0_blk26_routed expert_rank=5 expert_id=58 router_rank=5 graph_created=YES graph_refs=gate:0,up:1,down:2 storage_ref_base=270174 score_preserved=YES
poc22_position_0_blk26_routed expert_id=58 selected_range tensor=blk.1.ffn_gate_exps.weight offset=4705702248 bytes=563200 layout=DIRECT
poc22_position_0_blk26_routed expert_id=58 selected_range tensor=blk.1.ffn_up_exps.weight offset=4741747064 bytes=563200 layout=DIRECT
poc22_position_0_blk26_routed expert_id=58 selected_range tensor=blk.1.ffn_down_exps.weight offset=4839203208 bytes=1622016 layout=DIRECT
poc22_position_0_blk26_routed prefetch expert_id=58 tensor=blk.1.ffn_gate_exps.weight dependency_distance=0
poc22_position_0_blk26_routed prefetch expert_id=58 tensor=blk.1.ffn_up_exps.weight dependency_distance=0
poc22_position_0_blk26_routed prefetch expert_id=58 tensor=blk.1.ffn_down_exps.weight dependency_distance=2
expert_parity max_abs=0 max_rel=0 mean_abs=0 tolerance=1e-5
poc22_position_0_blk26_routed expert_id=58 consumer_wait=not_instrumented acquire_release=recorded peak_active=1622016 peak_resident=66708480
poc22_position_0_blk26_routed residency_hits=36 residency_misses=42 source_reads=18 materialization_requests=18 source_policy_calls=18 evictions=17 resident_tensors_after=84
routed_merge_parity max_abs=0 max_rel=0 mean_abs=0 tolerance=1e-5
shared_expert_parity max_abs=0 max_rel=0 mean_abs=0 tolerance=1e-5
pre_residual_composition_parity max_abs=0 max_rel=0 mean_abs=0 tolerance=1e-5
final_layer_parity max_abs=0 max_rel=0 mean_abs=0 tolerance=1e-5
poc22_position_0_blk26 shared_expert=REQUIRED shared_graph_created=YES residual_add=YES final_composition=PASS
ffn_timing tensor=blk.1.ffn_gate_inp.weight payload_ready_ns=4777967063302 first_consumer_start_ns=4778309750824 payload_to_first_consumer_ns=342687522
ffn_timing tensor=blk.1.ffn_gate_shexp.weight payload_ready_ns=4794159111206 first_consumer_start_ns=4794507228494 payload_to_first_consumer_ns=348117288
ffn_timing tensor=blk.1.ffn_gate_exps.weight payload_ready_ns=4778824214766 first_consumer_start_ns=4779167674856 payload_to_first_consumer_ns=343460090
poc22_position_0_blk26 full_layer_residency_hits=46 misses=51 evictions=26 source_reads=23 source_bytes=20402176 materialization_requests=23 resident_tensors_after=79
poc22_position_0_blk26 full_layer_peak_active_persistent_bytes=1622016 full_layer_peak_resident_bytes=66776064
poc22_position_0_blk26 first_payload_to_shared_compute_start_ns=16856745580 execution_ready_to_consumer_ns=NOT_INSTRUMENTED payload_to_first_useful_compute=NOT_INSTRUMENTED
normalized_input_parity max_abs=0 max_rel=0 mean_abs=0 tolerance=1e-5
router_score_parity max_abs=6.91414e-06 max_rel=1.28644e-05 mean_abs=1.63959e-06 tolerance=1e-5
selected_weight_parity max_abs=3.72529e-07 max_rel=2.92626e-06 mean_abs=1.36594e-07 tolerance=1e-5
reference_poc22_position_0_blk26 topk_ids=49,5,63,43,59,58 normalized_weights=0.420492,0.127424,0.127305,0.110496,0.10877,0.105512,
reference_poc22_position_0_blk26_routed expert_rank=0 expert_id=49 router_rank=0 graph_created=YES graph_refs=gate:0,up:1,down:2 storage_ref_base=270147 score_preserved=YES
reference_poc22_position_0_blk26_routed expert_id=49 selected_range tensor=blk.1.ffn_gate_exps.weight offset=4700633448 bytes=563200 layout=DIRECT
reference_poc22_position_0_blk26_routed expert_id=49 selected_range tensor=blk.1.ffn_up_exps.weight offset=4736678264 bytes=563200 layout=DIRECT
reference_poc22_position_0_blk26_routed expert_id=49 selected_range tensor=blk.1.ffn_down_exps.weight offset=4824605064 bytes=1622016 layout=DIRECT
reference_poc22_position_0_blk26_routed prefetch expert_id=49 tensor=blk.1.ffn_gate_exps.weight dependency_distance=0
reference_poc22_position_0_blk26_routed prefetch expert_id=49 tensor=blk.1.ffn_up_exps.weight dependency_distance=0
reference_poc22_position_0_blk26_routed prefetch expert_id=49 tensor=blk.1.ffn_down_exps.weight dependency_distance=2
expert_parity max_abs=0 max_rel=0 mean_abs=0 tolerance=1e-5
reference_poc22_position_0_blk26_routed expert_id=49 consumer_wait=not_instrumented acquire_release=recorded peak_active=1622016 peak_resident=3280896
reference_poc22_position_0_blk26_routed expert_rank=1 expert_id=5 router_rank=1 graph_created=YES graph_refs=gate:0,up:1,down:2 storage_ref_base=270015 score_preserved=YES
reference_poc22_position_0_blk26_routed expert_id=5 selected_range tensor=blk.1.ffn_gate_exps.weight offset=4675852648 bytes=563200 layout=DIRECT
reference_poc22_position_0_blk26_routed expert_id=5 selected_range tensor=blk.1.ffn_up_exps.weight offset=4711897464 bytes=563200 layout=DIRECT
reference_poc22_position_0_blk26_routed expert_id=5 selected_range tensor=blk.1.ffn_down_exps.weight offset=4753236360 bytes=1622016 layout=DIRECT
reference_poc22_position_0_blk26_routed prefetch expert_id=5 tensor=blk.1.ffn_gate_exps.weight dependency_distance=0
reference_poc22_position_0_blk26_routed prefetch expert_id=5 tensor=blk.1.ffn_up_exps.weight dependency_distance=0
reference_poc22_position_0_blk26_routed prefetch expert_id=5 tensor=blk.1.ffn_down_exps.weight dependency_distance=2
expert_parity max_abs=0 max_rel=0 mean_abs=0 tolerance=1e-5
reference_poc22_position_0_blk26_routed expert_id=5 consumer_wait=not_instrumented acquire_release=recorded peak_active=1622016 peak_resident=6029312
reference_poc22_position_0_blk26_routed expert_rank=2 expert_id=63 router_rank=2 graph_created=YES graph_refs=gate:0,up:1,down:2 storage_ref_base=270189 score_preserved=YES
reference_poc22_position_0_blk26_routed expert_id=63 selected_range tensor=blk.1.ffn_gate_exps.weight offset=4708518248 bytes=563200 layout=DIRECT
reference_poc22_position_0_blk26_routed expert_id=63 selected_range tensor=blk.1.ffn_up_exps.weight offset=4744563064 bytes=563200 layout=DIRECT
reference_poc22_position_0_blk26_routed expert_id=63 selected_range tensor=blk.1.ffn_down_exps.weight offset=4847313288 bytes=1622016 layout=DIRECT
reference_poc22_position_0_blk26_routed prefetch expert_id=63 tensor=blk.1.ffn_gate_exps.weight dependency_distance=0
reference_poc22_position_0_blk26_routed prefetch expert_id=63 tensor=blk.1.ffn_up_exps.weight dependency_distance=0
reference_poc22_position_0_blk26_routed prefetch expert_id=63 tensor=blk.1.ffn_down_exps.weight dependency_distance=2
expert_parity max_abs=0 max_rel=0 mean_abs=0 tolerance=1e-5
reference_poc22_position_0_blk26_routed expert_id=63 consumer_wait=not_instrumented acquire_release=recorded peak_active=1622016 peak_resident=8245248
reference_poc22_position_0_blk26_routed expert_rank=3 expert_id=43 router_rank=3 graph_created=YES graph_refs=gate:0,up:1,down:2 storage_ref_base=270129 score_preserved=YES
reference_poc22_position_0_blk26_routed expert_id=43 selected_range tensor=blk.1.ffn_gate_exps.weight offset=4697254248 bytes=563200 layout=DIRECT
reference_poc22_position_0_blk26_routed expert_id=43 selected_range tensor=blk.1.ffn_up_exps.weight offset=4733299064 bytes=563200 layout=DIRECT
reference_poc22_position_0_blk26_routed expert_id=43 selected_range tensor=blk.1.ffn_down_exps.weight offset=4814872968 bytes=1622016 layout=DIRECT
reference_poc22_position_0_blk26_routed prefetch expert_id=43 tensor=blk.1.ffn_gate_exps.weight dependency_distance=0
reference_poc22_position_0_blk26_routed prefetch expert_id=43 tensor=blk.1.ffn_up_exps.weight dependency_distance=0
reference_poc22_position_0_blk26_routed prefetch expert_id=43 tensor=blk.1.ffn_down_exps.weight dependency_distance=2
expert_parity max_abs=0 max_rel=0 mean_abs=0 tolerance=1e-5
reference_poc22_position_0_blk26_routed expert_id=43 consumer_wait=not_instrumented acquire_release=recorded peak_active=1622016 peak_resident=8245248
reference_poc22_position_0_blk26_routed expert_rank=4 expert_id=59 router_rank=4 graph_created=YES graph_refs=gate:0,up:1,down:2 storage_ref_base=270177 score_preserved=YES
reference_poc22_position_0_blk26_routed expert_id=59 selected_range tensor=blk.1.ffn_gate_exps.weight offset=4706265448 bytes=563200 layout=DIRECT
reference_poc22_position_0_blk26_routed expert_id=59 selected_range tensor=blk.1.ffn_up_exps.weight offset=4742310264 bytes=563200 layout=DIRECT
reference_poc22_position_0_blk26_routed expert_id=59 selected_range tensor=blk.1.ffn_down_exps.weight offset=4840825224 bytes=1622016 layout=DIRECT
reference_poc22_position_0_blk26_routed prefetch expert_id=59 tensor=blk.1.ffn_gate_exps.weight dependency_distance=0
reference_poc22_position_0_blk26_routed prefetch expert_id=59 tensor=blk.1.ffn_up_exps.weight dependency_distance=0
reference_poc22_position_0_blk26_routed prefetch expert_id=59 tensor=blk.1.ffn_down_exps.weight dependency_distance=2
expert_parity max_abs=0 max_rel=0 mean_abs=0 tolerance=1e-5
reference_poc22_position_0_blk26_routed expert_id=59 consumer_wait=not_instrumented acquire_release=recorded peak_active=1622016 peak_resident=8245248
reference_poc22_position_0_blk26_routed expert_rank=5 expert_id=58 router_rank=5 graph_created=YES graph_refs=gate:0,up:1,down:2 storage_ref_base=270174 score_preserved=YES
reference_poc22_position_0_blk26_routed expert_id=58 selected_range tensor=blk.1.ffn_gate_exps.weight offset=4705702248 bytes=563200 layout=DIRECT
reference_poc22_position_0_blk26_routed expert_id=58 selected_range tensor=blk.1.ffn_up_exps.weight offset=4741747064 bytes=563200 layout=DIRECT
reference_poc22_position_0_blk26_routed expert_id=58 selected_range tensor=blk.1.ffn_down_exps.weight offset=4839203208 bytes=1622016 layout=DIRECT
reference_poc22_position_0_blk26_routed prefetch expert_id=58 tensor=blk.1.ffn_gate_exps.weight dependency_distance=0
reference_poc22_position_0_blk26_routed prefetch expert_id=58 tensor=blk.1.ffn_up_exps.weight dependency_distance=0
reference_poc22_position_0_blk26_routed prefetch expert_id=58 tensor=blk.1.ffn_down_exps.weight dependency_distance=2
expert_parity max_abs=0 max_rel=0 mean_abs=0 tolerance=1e-5
reference_poc22_position_0_blk26_routed expert_id=58 consumer_wait=not_instrumented acquire_release=recorded peak_active=1622016 peak_resident=8245248
reference_poc22_position_0_blk26_routed residency_hits=36 residency_misses=42 source_reads=18 materialization_requests=18 source_policy_calls=18 evictions=11 resident_tensors_after=9
routed_merge_parity max_abs=0 max_rel=0 mean_abs=0 tolerance=1e-5
shared_expert_parity max_abs=0 max_rel=0 mean_abs=0 tolerance=1e-5
pre_residual_composition_parity max_abs=0 max_rel=0 mean_abs=0 tolerance=1e-5
final_layer_parity max_abs=0 max_rel=0 mean_abs=0 tolerance=1e-5
reference_poc22_position_0_blk26 shared_expert=REQUIRED shared_graph_created=YES residual_add=YES final_composition=PASS
ffn_timing tensor=blk.1.ffn_gate_inp.weight payload_ready_ns=4797599026043 first_consumer_start_ns=4797937621274 payload_to_first_consumer_ns=338595231
ffn_timing tensor=blk.1.ffn_gate_shexp.weight payload_ready_ns=4813845965289 first_consumer_start_ns=4814190980556 payload_to_first_consumer_ns=345015267
ffn_timing tensor=blk.1.ffn_gate_exps.weight payload_ready_ns=4798450279628 first_consumer_start_ns=4798788785819 payload_to_first_consumer_ns=338506191
reference_poc22_position_0_blk26 full_layer_residency_hits=46 misses=51 evictions=15 source_reads=23 source_bytes=20402176 materialization_requests=23 resident_tensors_after=8
reference_poc22_position_0_blk26 full_layer_peak_active_persistent_bytes=1622016 full_layer_peak_resident_bytes=8312832
reference_poc22_position_0_blk26 first_payload_to_shared_compute_start_ns=16918166496 execution_ready_to_consumer_ns=NOT_INSTRUMENTED payload_to_first_useful_compute=NOT_INSTRUMENTED
poc22_position_0_blk26_attention_parity max_abs=0 max_rel=0 mean_abs=0 tolerance=1e-5
poc22_position_0_blk26_block_parity max_abs=0 max_rel=0 mean_abs=0 tolerance=1e-5
poc22_logits max_abs=0 max_rel=0 mean_abs=0 tolerance=1e-5
POC22_BOUNDARY_HASHES position=0 embedding=69c5d6519b190f83 attn_norm_0=c92b4d34c0160a28 q_full_0=45f6fdbb34c2b07c q_nope_0=fa9a32fd60e012c8 q_pe_0=de634836d2a39093 k_0=0dda4cf936762980 v_0=57b66fe20cd1b212 context_0=57b66fe20cd1b212 attn_out_0=e0f8126d47365ad0 ffn_inp_0=245cc5767b2aaecc ffn_norm_0=6fa92717e1bd9252 ffn_out_0=ae363c6e562db510 context_first8=0.0120244185,-0.00515118148,0.0311453305,0.00433723629,-0.00498362212,-0.0133314179,0.0114051225,0.00226012478 block_0=ae363c6e562db510 block_1=bee4ca92c48d1f9c block_2=38214dc2d6c5a29e block_3=2ce61b12cf4b4e51 block_4=d696d3b0d2b4c0a6 block_5=f313ede5e28b26a6 block_6=a4f7e2d1b861b5ae block_7=fbf3319c8b864682 block_8=2bce0d68cc30aceb block_9=4c445fa25691e47e block_10=6a7668fdadb60f07 block_11=22d0505e78c80376 block_12=772bcde672a9310c block_13=ab765dae7b808860 block_14=89f3f4d91591d7d2 block_15=9dbba0c7a853a869 block_16=c27c66b9ccb8fc9d block_17=f1a514378fabbb44 block_18=178e6bb8a460fd37 block_19=8a8e282e083d95b2 block_20=38242a33ac752594 block_21=17f7c30909489b3e block_22=a8b865eb04b4167a block_23=3813a47c993eee7a block_24=cec0b9a77e3050c4 block_25=a505e2a290229103 block_26=0a19b15fc4abfd88
POC22_POSITION position=0 input_token=0 reference_next=95626 runtime_next=95626 logits_max_abs=0 state_before=0 state_after=552960 source_bytes=608192512 reload_bytes=0 hits=1532 misses=1503 evictions=686 peak_resident=66603008 peak_active=12607488
POC22_FUNCTIONAL_AUTOREGRESSIVE_GENERATION=PASS TOKENS_GENERATED=1 REFERENCE_SEQUENCE_SIZE=1 VBUF_SEQUENCE_SIZE=1 GENERATED_TOKEN_FEEDBACK=PASS RUNTIME_USES_REFERENCE_FUTURE=NO ROUTER_SELECTION_PARITY=PASS STATE_ALIAS_VIOLATIONS=0 EMBEDDING_RUNTIME_IDENTITY_COLLISIONS=0 MATERIALIZER_IDENTITY_COLLISIONS=0
RESIDENT_BYTES_AFTER_TEARDOWN=0 EXECUTION_LEASES_AFTER_TEARDOWN=0 MATERIALIZATION_RESOURCES_AFTER_TEARDOWN=0 RUNTIME_STATE_RESOURCES_AFTER_TEARDOWN=0
