elapsed_us,pid,rss_bytes,vsize_bytes,process_utime_ticks,process_stime_ticks,minor_faults,major_faults,read_bytes,syscr,system_user_ticks,system_ticks,system_idle_ticks,system_iowait_ticks,available_bytes,thread_count,thread_delta_ticks
6176,17725,262144,4198400,0,0,19,1,393216,8,1842138,235646,4958453,15230,7805722624,1,17725:0
111085,17725,9830400,14934016,5,3,1214,20,2916352,394,1842143,235649,4958525,15231,7801262080,1,17725:8
216657,17725,14233600,19513344,14,4,3110,20,5406720,978,1842154,235654,4958595,15231,7796887552,1,17725:10
322159,17725,17641472,22704128,23,6,3892,21,5431296,995,1842163,235655,4958668,15231,7794024448,1,17725:12
427080,17725,18952192,24801280,34,6,4222,21,5431296,995,1842174,235655,4958741,15231,7792476160,1,17725:10
531959,17725,19214336,24801280,44,6,4241,21,5431296,995,1842185,235655,4958814,15231,7792476160,1,17725:10
637724,17725,19607552,24801280,54,6,4339,21,5431296,995,1842196,235655,4958888,15231,7792291840,1,17725:11
743841,17725,22884352,27639808,64,7,5124,21,5431296,995,1842206,235656,4958961,15231,7788679168,1,17725:10
849466,17725,28389376,34549760,74,7,6338,21,5431296,995,1842216,235657,4959035,15231,7781969920,1,17725:11
955927,17725,33632256,38494208,85,8,7751,21,5431296,995,1842228,235657,4959108,15231,7778099200,1,17725:11
1061856,17725,37957632,42758144,95,8,8792,21,5431296,995,1842238,235658,4959182,15231,7773970432,1,17725:10
1168759,17725,38744064,43298816,106,8,8953,21,5431296,995,1842250,235658,4959255,15231,7773196288,1,17725:11
1273843,17725,38744064,43298816,116,8,8953,21,5431296,995,1842261,235658,4959328,15231,7773196288,1,17725:10
1378847,17725,38744064,43298816,127,8,8953,21,5431296,995,1842271,235658,4959401,15231,7773196288,1,17725:11
1484573,17725,38744064,43298816,137,8,8953,21,5431296,995,1842283,235658,4959474,15231,7773196288,1,17725:10
1589853,17725,38744064,43298816,148,8,8953,21,5431296,995,1842294,235658,4959547,15231,7773196288,1,17725:11
1695636,17725,42151936,46702592,158,8,9764,21,5431296,995,1842304,235660,4959619,15231,7769841664,1,17725:10
1801007,17725,42151936,46702592,169,8,9773,21,5431296,995,1842317,235660,4959691,15231,7769841664,1,17725:11
1906096,17725,45821952,5037293568,175,10,10492,21,9629696,996,1842322,235662,4959767,15232,7766609920,1,17725:8
2012132,17725,53686272,5037293568,175,14,12493,21,17494016,996,1842323,235666,4959846,15232,7758733312,1,17725:4
2117794,17725,61550592,5037293568,176,18,14445,21,25358336,996,1842323,235670,4959925,15232,7750856704,1,17725:5
2223080,17725,69414912,5037293568,176,22,16365,21,33222656,996,1842324,235674,4960004,15232,7742980096,1,17725:4
2328149,17725,77279232,5037293568,176,26,18285,21,41086976,996,1842324,235680,4960083,15232,7735103488,1,17725:5
2433376,17725,85143552,5037293568,176,31,20205,21,48951296,996,1842324,235684,4960162,15232,7727226880,1,17725:4
2538480,17725,93007872,5037293568,176,35,22125,21,56815616,996,1842324,235689,4960240,15232,7719350272,1,17725:4
2643329,17725,100872192,5037293568,176,39,24045,21,64679936,996,1842324,235692,4960319,15232,7710957568,1,17725:4
2748938,17725,108736512,5037293568,176,43,25965,21,72544256,996,1842325,235696,4960399,15232,7703105536,1,17725:4
2855031,17725,116338688,5037293568,177,46,27835,21,80560128,1000,1842326,235699,4960479,15232,7695884288,1,17725:4
2960373,17725,124203008,5037293568,177,50,29717,21,88424448,1000,1842327,235703,4960559,15232,7687749632,1,17725:4
3066037,17725,132067328,5037293568,177,54,31675,21,96288768,1000,1842328,235708,4960638,15232,7679873024,1,17725:4
3171167,17725,139800576,5037293568,177,58,33467,21,104153088,1000,1842328,235712,4960718,15232,7671996416,1,17725:4
3277289,17725,147795968,5037293568,177,62,35515,21,112017408,1000,1842330,235718,4960794,15232,7664377856,1,17725:4
3382215,17725,155660288,5037293568,177,66,37435,21,119881728,1000,1842330,235722,4960873,15232,7656501248,1,17725:4
3487070,17725,163524608,5037293568,177,70,39355,21,127746048,1000,1842330,235727,4960952,15232,7648624640,1,17725:4
3592161,17725,171388928,5037293568,177,73,41275,21,136134656,1000,1842331,235731,4961032,15232,7640236032,1,17725:3
3698243,17725,179253248,5037293568,177,77,43195,21,143998976,1000,1842332,235734,4961112,15232,7632359424,1,17725:4
3804734,17725,187641856,5037293568,177,81,45158,21,151863296,1000,1842332,235738,4961192,15232,7624286208,1,17725:4
3910502,17725,194457600,5037293568,177,84,46907,21,158679040,1000,1842332,235740,4961262,15241,7618977792,1,17725:3
4015987,17725,202321920,5037293568,177,88,48827,21,167067648,1000,1842333,235745,4961342,15241,7610900480,1,17725:4
4122243,17725,210710528,5037293568,177,92,50869,21,174931968,1000,1842334,235749,4961421,15241,7603023872,1,17725:5
4227836,17725,218574848,5037293568,177,97,52795,21,182796288,1000,1842334,235753,4961501,15241,7595147264,1,17725:4
4332661,17725,226439168,5037293568,177,100,54715,21,190660608,1000,1842335,235758,4961580,15241,7586705408,1,17725:3
4438605,17725,234303488,5037293568,177,104,56635,21,198524928,1000,1842335,235762,4961660,15241,7579652096,1,17725:4
4543776,17725,242167808,5037293568,177,109,58555,21,206389248,1000,1842336,235766,4961739,15241,7571210240,1,17725:5
4649758,17725,250032128,5037293568,177,112,60475,21,214777856,1000,1842336,235770,4961820,15241,7563386880,1,17725:3
4756004,17725,257110016,5037293568,177,116,62252,21,221577216,1011,1842338,235776,4961896,15243,7557541888,1,17725:4
4862052,17725,264712192,5037293568,177,120,64104,21,229629952,1021,1842339,235780,4961974,15244,7549739008,1,17725:4
4966966,17725,270741504,5037293568,177,123,65561,21,235954176,1045,1842339,235782,4962050,15247,7543607296,1,17725:3
5072036,17725,278474752,5037293568,177,127,67474,21,244342784,1045,1842340,235786,4962130,15247,7536062464,1,17725:4
5177130,17725,286339072,5037293568,177,130,69394,21,252207104,1045,1842340,235789,4962210,15247,7528259584,1,17725:4
5282148,17725,293679104,5037293568,177,134,71186,21,260071424,1045,1842340,235793,4962288,15248,7520223232,1,17725:3
5387670,17725,302067712,5037293568,177,137,73136,21,267935744,1045,1842341,235796,4962368,15248,7512420352,1,17725:4
5493154,17725,309800960,5037293568,177,141,75121,21,275664896,1047,1842342,235800,4962448,15248,7504642048,1,17725:3
5598055,17725,317665280,5037293568,177,145,77041,21,283529216,1047,1842342,235804,4962527,15248,7496839168,1,17725:4
5702882,17725,325398528,5037293568,177,148,78855,21,291393536,1047,1842342,235809,4962607,15248,7489036288,1,17725:3
5808557,17725,333393920,5037293568,177,152,80881,21,299257856,1047,1842343,235812,4962687,15248,7480999936,1,17725:4
5913528,17725,341258240,5037293568,177,156,82801,21,307122176,1047,1842344,235815,4962766,15248,7473197056,1,17725:4
6018452,17725,347942912,5037293568,177,159,84433,21,313778176,1073,1842344,235817,4962843,15251,7466516480,1,17725:3
6123398,17725,354758656,5037293568,177,163,86093,21,321511424,1076,1842344,235820,4962921,15252,7459778560,1,17725:4
6228390,17725,362622976,5037293568,177,166,88013,21,329375744,1076,1842344,235824,4963001,15252,7451901952,1,17725:3
6333322,17725,370487296,5037293568,177,170,89933,21,337240064,1076,1842346,235829,4963078,15252,7444025344,1,17725:4
6438151,17725,378351616,5037293568,177,173,91853,21,345104384,1076,1842346,235833,4963157,15252,7436148736,1,17725:3
6542966,17725,386084864,5037293568,177,177,93740,21,352833536,1078,1842346,235837,4963236,15252,7428419584,1,17725:4
6647853,17725,393949184,5037293568,177,181,95660,21,360697856,1078,1842347,235840,4963316,15252,7420284928,1,17725:4
6752900,17725,401813504,5037293568,177,184,97580,21,368562176,1078,1842347,235845,4963395,15252,7412408320,1,17725:3
6858027,17725,409677824,5037293568,177,188,99500,21,376426496,1078,1842347,235849,4963475,15252,7404224512,1,17725:4
6963432,17725,417542144,5037293568,177,192,101420,21,384815104,1078,1842347,235853,4963555,15252,7396163584,1,17725:4
7068940,17725,425013248,5037293568,178,194,103241,21,391233536,1097,1842348,235856,4963633,15254,7389192192,1,17725:3
7174064,17725,431697920,5037293568,178,198,104859,21,398893056,1110,1842348,235860,4963710,15257,7382663168,1,17725:4
7279096,17725,439562240,5037293568,178,201,106779,21,406757376,1110,1842348,235863,4963790,15257,7374794752,1,17725:3
7384191,17725,447426560,5037293568,178,205,108699,21,414621696,1110,1842349,235867,4963869,15257,7366926336,1,17725:4
7489260,17725,455290880,5037293568,178,208,110619,21,422486016,1110,1842350,235870,4963949,15257,7359057920,1,17725:4
7594304,17725,463155200,5037293568,178,212,112539,21,430215168,1110,1842350,235874,4964029,15257,7351324672,1,17725:3
7699424,17725,471150592,5037293568,178,216,114426,21,438603776,1112,1842350,235878,4964108,15257,7343214592,1,17725:4
7804919,17725,479277056,5037293568,178,220,116474,21,446468096,1112,1842352,235883,4964186,15257,7335346176,1,17725:4
7910153,17725,487141376,5037293568,178,224,118394,21,454332416,1112,1842352,235888,4964264,15257,7326912512,1,17725:4
8015424,17725,495005696,5037293568,178,227,120314,21,462721024,1112,1842353,235891,4964344,15257,7319097344,1,17725:3
8120884,17725,503001088,5037293568,178,231,122269,21,469258240,1128,1842354,235893,4964422,15258,7311437824,1,17725:4
8225679,17725,509030400,5037293568,179,233,123671,21,476794880,1144,1842354,235894,4964499,15261,7305330688,1,17725:3
8330939,17725,516894720,5037293568,179,237,125592,21,484659200,1144,1842354,235897,4964579,15261,7297462272,1,17725:4
8436232,17725,524759040,5037293568,179,240,127593,21,492523520,1144,1842355,235902,4964659,15261,7289356288,1,17725:3
8541253,17725,532623360,5037293568,179,244,129513,21,500387840,1144,1842355,235905,4964738,15261,7281487872,1,17725:4
8646426,17725,540487680,5037293568,179,248,131433,21,508252160,1144,1842356,235908,4964818,15261,7273619456,1,17725:4
8751387,17725,548220928,5037293568,179,251,133320,21,515981312,1146,1842356,235912,4964897,15261,7265837056,1,17725:3
8856239,17725,556085248,5037293568,180,255,135240,21,523845632,1146,1842356,235916,4964977,15261,7257710592,1,17725:5
8961289,17725,563949568,5037293568,180,258,137160,21,531709952,1146,1842356,235920,4965056,15261,7249584128,1,17725:3
9066499,17725,571813888,5037293568,180,262,139080,21,539574272,1146,1842356,235925,4965136,15261,7241666560,1,17725:4
9171763,17725,579547136,5037293568,180,266,140969,21,546918400,1149,1842356,235929,4965214,15262,7234650112,1,17725:4
9276579,17725,585969664,5037293568,180,268,142464,21,554176512,1179,1842357,235932,4965292,15265,7228198912,1,17725:3
9381930,17725,593833984,5037293568,180,272,144438,21,562040832,1179,1842357,235939,4965368,15265,7220346880,1,17725:3
9486837,17725,601698304,5037293568,180,276,146358,21,569905152,1179,1842358,235942,4965448,15265,7212478464,1,17725:4
9591703,17725,609562624,5037293568,180,279,148278,21,577769472,1179,1842358,235945,4965527,15265,7204352000,1,17725:3
9696740,17725,617558016,5037293568,180,283,150198,21,586158080,1179,1842358,235949,4965607,15265,7196237824,1,17725:4
9802273,17725,625684480,5037293568,180,286,152213,21,593887232,1181,1842359,235953,4965687,15265,7188271104,1,17725:3
9907083,17725,633548800,5037293568,180,290,154133,21,601751552,1181,1842359,235958,4965767,15265,7180402688,1,17725:4
10011986,17725,641413120,5037293568,180,293,156053,21,609615872,1181,1842360,235962,4965847,15265,7172276224,1,17725:3
10117061,17725,649277440,5037293568,180,297,157973,21,617480192,1181,1842360,235965,4965927,15265,7164407808,1,17725:4
10221963,17725,657141760,5037293568,180,300,159893,21,624689152,1181,1842360,235969,4966006,15265,7156150272,1,17725:3
10326994,17725,663826432,5037293568,180,303,161547,21,631689216,1211,1842361,235973,4966083,15268,7149699072,1,17725:3
10431803,17725,670642176,5037293568,180,306,163204,21,639422464,1214,1842361,235976,4966162,15269,7142465536,1,17725:3
10537057,17725,678506496,5037293568,180,310,165124,21,647811072,1214,1842362,235981,4966242,15269,7134650368,1,17725:4
10642540,17725,686370816,5037293568,180,313,167044,21,655151104,1214,1842362,235984,4966322,15269,7126781952,1,17725:3
10748053,17725,694235136,5037293568,180,317,168964,21,663015424,1214,1842363,235988,4966401,15270,7118602240,1,17725:4
10853219,17725,701968384,5037293568,180,320,170851,21,671268864,1216,1842364,235992,4966481,15270,7110787072,1,17725:3
10958873,17725,710094848,5037293568,180,323,172771,21,679133184,1216,1842364,235996,4966559,15270,7102984192,1,17725:3
11064483,17725,717697024,5037293568,180,327,174691,21,686997504,1216,1842365,236000,4966639,15270,7094947840,1,17725:4
11169999,17725,726085632,5037293568,180,330,176739,21,694861824,1216,1842365,236005,4966719,15270,7087144960,1,17725:3
11275102,17725,733949952,5037293568,180,334,178659,21,702726144,1216,1842365,236009,4966799,15270,7079342080,1,17725:4
11379925,17725,741027840,5037293568,180,337,180402,21,709177344,1235,1842366,236014,4966877,15271,7071969280,1,17725:3
11484911,17725,748367872,5037293568,180,340,182114,21,717324288,1248,1842366,236016,4966955,15273,7064657920,1,17725:3
11590251,17725,756363264,5037293568,180,344,184145,21,725188608,1248,1842367,236020,4967035,15273,7056855040,1,17725:4
11695206,17725,764227584,5037293568,180,347,186065,21,733052928,1248,1842367,236023,4967115,15273,7048818688,1,17725:3
11800138,17725,772091904,5037293568,180,351,187985,21,741441536,1248,1842368,236026,4967195,15273,7040684032,1,17725:4
11905562,17725,780349440,5037293568,180,354,190000,21,749170688,1250,1842368,236029,4967275,15273,7032905728,1,17725:3
12010655,17725,788213760,5037293568,180,358,191920,21,757035008,1250,1842369,236033,4967354,15273,7024869376,1,17725:4
12115524,17725,796078080,5037293568,180,361,193840,21,764899328,1250,1842369,236036,4967434,15273,7017304064,1,17725:3
12220389,17725,803942400,5037293568,180,364,195760,21,772763648,1250,1842370,236040,4967514,15273,7009189888,1,17725:3
12325210,17725,811806720,5037293568,180,368,197680,21,780627968,1250,1842370,236044,4967594,15273,7001321472,1,17725:4
12430029,17725,818753536,5037293568,180,371,199380,21,787210240,1267,1842371,236050,4967669,15274,6994526208,1,17725:3
12534834,17725,825044992,5037293568,180,374,200863,21,795258880,1283,1842372,236054,4967747,15276,6987849728,1,17725:3
12640319,17725,833302528,5037293568,180,377,202911,21,803123200,1283,1842372,236057,4967827,15276,6979981312,1,17725:4
12745455,17725,841166848,5037293568,180,381,204831,21,810987520,1283,1842373,236061,4967906,15276,6972112896,1,17725:3
12850568,17725,849031168,5037293568,180,384,206751,21,818851840,1283,1842373,236064,4967986,15276,6963679232,1,17725:3
12955865,17725,857026560,5037293568,180,388,208671,21,827240448,1283,1842374,236067,4968066,15276,6955864064,1,17725:4
13061336,17725,865153024,5037293568,180,391,210686,21,834969600,1285,1842374,236070,4968146,15276,6948143104,1,17725:3
13166198,17725,873017344,5037293568,180,395,212606,21,842833920,1285,1842374,236074,4968226,15276,6940274688,1,17725:4
13271052,17725,880881664,5037293568,180,398,214526,21,850698240,1285,1842374,236077,4968306,15276,6932414464,1,17725:3
13375931,17725,888745984,5037293568,180,401,216446,21,858562560,1285,1842375,236080,4968385,15276,6924546048,1,17725:3
13480735,17725,895823872,5037293568,180,405,218198,21,865595392,1291,1842375,236084,4968464,15278,6916886528,1,17725:4
13585847,17725,902246400,5037293568,180,408,219757,21,873164800,1318,1842376,236088,4968542,15280,6910525440,1,17725:3
13691431,17725,910635008,5037293568,180,411,221745,21,881029120,1318,1842376,236092,4968622,15280,6902153216,1,17725:3
13796662,17725,918499328,5037293568,180,414,223694,21,888893440,1318,1842376,236096,4968701,15280,6894284800,1,17725:4
13901823,17725,926363648,5037293568,180,418,225645,21,896757760,1318,1842376,236100,4968781,15280,6886416384,1,17725:3
14006899,17725,934227968,5037293568,180,421,227565,21,904622080,1318,1842378,236105,4968858,15280,6878547968,1,17725:3
14111684,17725,941961216,5037293568,180,425,229452,21,912351232,1320,1842378,236108,4968938,15280,6870507520,1,17725:4
14216829,17725,949825536,5037293568,180,428,231372,21,920739840,1320,1842378,236112,4969018,15280,6862643200,1,17725:3
14322266,17725,957689856,5037293568,180,431,233292,21,928604160,1320,1842378,236115,4969098,15280,6854774784,1,17725:3
14427794,17725,966078464,5037293568,180,435,235340,21,936468480,1320,1842379,236119,4969178,15280,6846906368,1,17725:4
14532802,17725,973811712,5037293568,180,438,237168,21,944205824,1323,1842379,236122,4969257,15282,6839169024,1,17725:3
14638159,17725,980234240,5037293568,180,441,238785,21,950542336,1352,1842380,236124,4969334,15284,6832631808,1,17725:3
14743307,17725,987574272,5037293568,180,445,240571,21,958406656,1352,1842380,236126,4969413,15285,6825021440,1,17725:4
14848365,17725,995438592,5037293568,180,448,242491,21,966795264,1352,1842381,236130,4969493,15285,6817157120,1,17725:3
14953785,17725,1003565056,5037293568,180,451,244421,21,974659584,1352,1842381,236134,4969573,15285,6809288704,1,17725:3
15059116,17725,1011691520,5037293568,180,455,246459,21,982523904,1352,1842381,236137,4969653,15285,6801420288,1,17725:4
15163989,17725,1019424768,5037293568,180,458,248346,21,990777344,1354,1842382,236140,4969733,15285,6792941568,1,17725:3
15269459,17725,1027289088,5037293568,180,462,250266,21,998641664,1354,1842382,236144,4969813,15285,6785073152,1,17725:4
15374906,17725,1035677696,5037293568,180,465,252314,21,1006505984,1354,1842382,236148,4969893,15285,6777204736,1,17725:3
15479963,17725,1043542016,5037293568,180,468,254234,21,1014370304,1354,1842383,236154,4969970,15285,6769078272,1,17725:4
15585122,17725,1051406336,5037293568,180,472,256154,21,1022103552,1354,1842384,236157,4970050,15285,6761086976,1,17725:3
15690237,17725,1058222080,5037293568,180,475,257773,21,1028571136,1378,1842384,236162,4970128,15287,6754410496,1,17725:3
15795307,17725,1064906752,5037293568,180,478,259464,21,1036312576,1387,1842384,236164,4970206,15289,6746906624,1,17725:3
15900468,17725,1072771072,5037293568,180,481,261384,21,1044701184,1387,1842385,236168,4970286,15289,6739333120,1,17725:3
16005867,17725,1081159680,5037293568,180,484,263326,21,1052565504,1387,1842385,236172,4970366,15289,6731468800,1,17725:3
16111397,17725,1088761856,5037293568,180,488,265224,21,1060429824,1387,1842385,236175,4970446,15289,6723596288,1,17725:4
16216886,17725,1096757248,5037293568,180,491,267239,21,1068158976,1389,1842386,236178,4970526,15289,6715813888,1,17725:3
16321654,17725,1104621568,5037293568,180,494,269159,21,1076023296,1389,1842386,236181,4970606,15289,6707380224,1,17725:3
16426968,17725,1112616960,5037293568,180,498,271079,21,1084411904,1389,1842386,236184,4970686,15289,6699565056,1,17725:4
16532475,17725,1120874496,5037293568,180,501,273127,21,1092276224,1389,1842387,236187,4970766,15289,6691696640,1,17725:3
16637588,17725,1128738816,5037293568,180,504,275047,21,1100140544,1389,1842387,236191,4970846,15289,6683066368,1,17725:3
16742793,17725,1135947776,5037293568,180,507,276792,21,1107181568,1411,1842387,236193,4970924,15292,6675947520,1,17725:3
16848031,17725,1142763520,5037293568,180,510,278465,21,1114742784,1422,1842388,236196,4971003,15293,6669303808,1,17725:3
16953117,17725,1150627840,5037293568,180,513,280406,21,1122607104,1422,1842388,236199,4971083,15293,6661435392,1,17725:4
17058326,17725,1158492160,5037293568,180,517,282326,21,1130471424,1422,1842390,236206,4971160,15293,6653575168,1,17725:3
17163346,17725,1166356480,5037293568,180,520,284246,21,1138335744,1422,1842390,236208,4971239,15293,6645706752,1,17725:3
17268123,17725,1174351872,5037293568,180,523,286171,21,1146064896,1424,1842390,236212,4971319,15293,6637129728,1,17725:3
17373156,17725,1181954048,5037293568,180,527,288053,21,1153929216,1424,1842391,236215,4971399,15293,6629347328,1,17725:4
17478530,17725,1189818368,5037293568,180,530,289973,21,1162317824,1424,1842391,236219,4971480,15293,6621478912,1,17725:3
17584029,17725,1198206976,5037293568,180,533,292021,21,1170182144,1424,1842391,236222,4971560,15293,6613610496,1,17725:3
17689181,17725,1206071296,5037293568,180,536,293941,21,1178046464,1424,1842392,236226,4971640,15293,6605742080,1,17725:4
17794234,17725,1213673472,5037293568,180,540,295769,21,1184583680,1440,1842392,236228,4971718,15295,6598336512,1,17725:3
17899034,17725,1219702784,5037293568,180,542,297252,21,1192124416,1456,1842393,236232,4971795,15298,6591692800,1,17725:2
18004313,17725,1227567104,5037293568,180,546,299172,21,1199988736,1456,1842394,236234,4971876,15298,6583799808,1,17725:4
18109645,17725,1235824640,5037293568,180,549,301112,21,1208377344,1456,1842394,236238,4971956,15298,6575738880,1,17725:3
18215046,17725,1243820032,5037293568,180,552,303116,21,1216241664,1456,1842394,236240,4972036,15298,6567870464,1,17725:4
18320285,17725,1251684352,5037293568,180,556,305060,21,1224105984,1456,1842395,236244,4972116,15298,6560010240,1,17725:3
18425291,17725,1259417600,5037293568,180,559,306947,21,1232359424,1458,1842395,236247,4972196,15298,6551777280,1,17725:3
18530764,17725,1267806208,5037293568,180,562,308938,21,1240223744,1458,1842396,236252,4972273,15298,6543908864,1,17725:4
18636030,17725,1275670528,5037293568,180,566,310915,21,1248088064,1458,1842397,236255,4972353,15298,6536040448,1,17725:3
18740889,17725,1283534848,5037293568,180,569,312835,21,1255952384,1458,1842398,236258,4972433,15298,6528172032,1,17725:3
18846016,17725,1291137024,5037293568,180,572,314709,21,1263529984,1467,1842398,236261,4972511,15299,6519738368,1,17725:3
18951528,17725,1298083840,5037293568,180,575,316402,21,1270984704,1490,1842398,236263,4972589,15302,6513287168,1,17725:3
19056946,17725,1306472448,5037293568,180,578,318391,21,1278849024,1490,1842399,236266,4972670,15302,6505160704,1,17725:4
19162207,17725,1314336768,5037293568,180,582,320370,21,1286713344,1490,1842399,236269,4972749,15302,6497292288,1,17725:3
19267040,17725,1322201088,5037293568,180,585,322290,21,1294577664,1490,1842400,236272,4972829,15302,6488907776,1,17725:3
19372237,17725,1330065408,5037293568,180,588,324210,21,1302966272,1490,1842400,236276,4972910,15302,6481043456,1,17725:3
19477687,17725,1338322944,5037293568,180,592,326225,21,1310695424,1492,1842401,236278,4972990,15302,6473023488,1,17725:4
19582742,17725,1346187264,5037293568,180,595,328145,21,1318559744,1492,1842401,236281,4973070,15302,6465155072,1,17725:3
19687560,17725,1354051584,5037293568,180,598,330065,21,1326424064,1492,1842402,236284,4973149,15302,6457286656,1,17725:3
19792394,17725,1361915904,5037293568,180,602,331985,21,1334288384,1492,1842402,236288,4973229,15302,6449418240,1,17725:4
19897454,17725,1369124864,5037293568,180,605,333746,21,1341579264,1495,1842402,236291,4973309,15302,6442262528,1,17725:3
20002385,17725,1375547392,5037293568,180,607,335242,21,1348919296,1524,1842403,236294,4973385,15306,6435930112,1,17725:3
20107589,17725,1383411712,5037293568,180,611,337200,21,1356783616,1524,1842404,236299,4973462,15306,6428078080,1,17725:3
20212758,17725,1391276032,5037293568,180,614,339136,21,1364647936,1524,1842405,236303,4973542,15306,6420209664,1,17725:3
20317546,17725,1399140352,5037293568,180,617,341056,21,1372512256,1524,1842405,236306,4973622,15306,6411800576,1,17725:3
20422926,17725,1407004672,5037293568,180,621,342976,21,1380900864,1524,1842406,236310,4973702,15306,6403960832,1,17725:4
20528450,17725,1415262208,5037293568,180,624,344978,21,1388630016,1526,1842406,236313,4973783,15306,6396239872,1,17725:3
20633673,17725,1423126528,5037293568,180,627,346911,21,1396494336,1526,1842407,236316,4973863,15306,6388371456,1,17725:3
20738641,17725,1430990848,5037293568,180,631,348831,21,1404358656,1526,1842407,236319,4973942,15306,6380511232,1,17725:4
20843396,17725,1438855168,5037293568,180,634,350751,21,1412222976,1526,1842407,236323,4974022,15306,6372384768,1,17725:3
20948210,17725,1446719488,5037293568,180,637,352671,21,1419960320,1529,1842408,236326,4974101,15306,6363893760,1,17725:3
21053574,17725,1453404160,5037293568,180,640,354325,21,1426427904,1555,1842408,236329,4974178,15310,6357430272,1,17725:3
21158401,17725,1460350976,5037293568,180,643,355982,21,1434685440,1558,1842408,236332,4974258,15311,6350249984,1,17725:3
21263919,17725,1468608512,5037293568,180,646,357931,21,1442549760,1558,1842409,236336,4974338,15311,6342381568,1,17725:3
21369326,17725,1476472832,5037293568,180,649,359940,21,1450414080,1558,1842410,236339,4974418,15311,6334513152,1,17725:3
21475328,17725,1484337152,5037293568,180,652,361870,21,1458278400,1558,1842410,236342,4974498,15311,6326824960,1,17725:3
21580108,17725,1492070400,5037293568,180,656,363757,21,1466007552,1560,1842410,236348,4974575,15311,6318653440,1,17725:4
21685335,17725,1499934720,5037293568,180,659,365677,21,1473871872,1560,1842411,236352,4974655,15311,6310309888,1,17725:3
21790777,17725,1507799040,5037293568,180,662,367597,21,1482260480,1560,1842411,236355,4974735,15311,6302507008,1,17725:3
21896327,17725,1516187648,5037293568,180,665,369629,21,1490124800,1560,1842412,236358,4974816,15311,6294704128,1,17725:4
22001588,17725,1524051968,5037293568,180,669,371565,21,1497989120,1560,1842412,236362,4974896,15311,6286667776,1,17725:3
22106629,17725,1530867712,5037293568,180,672,373236,21,1504505856,1582,1842413,236363,4974974,15313,6279999488,1,17725:3
22211427,17725,1537552384,5037293568,180,674,374875,21,1512067072,1593,1842413,236365,4975052,15315,6272593920,1,17725:2
22316597,17725,1545416704,5037293568,180,678,376795,21,1519931392,1593,1842414,236368,4975132,15315,6264725504,1,17725:4
22421877,17725,1553281024,5037293568,180,681,378715,21,1528320000,1593,1842414,236371,4975212,15315,6256922624,1,17725:3
22527362,17725,1561145344,5037293568,180,684,380635,21,1536184320,1593,1842414,236375,4975293,15315,6249054208,1,17725:3
22632911,17725,1569402880,5037293568,180,687,382653,21,1543913472,1595,1842415,236378,4975373,15315,6241009664,1,17725:3
22737785,17725,1577267200,5037293568,180,690,384570,21,1551777792,1595,1842416,236382,4975453,15315,6233153536,1,17725:3
22842891,17725,1585131520,5037293568,180,694,386490,21,1559642112,1595,1842416,236384,4975533,15315,6225285120,1,17725:4
22947985,17725,1592995840,5037293568,180,697,388410,21,1567506432,1595,1842416,236388,4975613,15315,6217158656,1,17725:3
23053088,17725,1600860160,5037293568,180,700,390330,21,1575370752,1595,1842417,236391,4975693,15315,6209290240,1,17725:3
23158257,17725,1608462336,5037293568,180,703,392158,21,1582972928,1612,1842419,236396,4975768,15317,6201425920,1,17725:3
23263875,17725,1614884864,5037293568,181,706,393769,21,1589972992,1628,1842419,236398,4975846,15319,6194708480,1,17725:4
23369171,17725,1622749184,5037293568,181,709,395689,21,1598361600,1628,1842420,236402,4975927,15319,6186893312,1,17725:3
23474549,17725,1631006720,5037293568,181,712,397618,21,1606225920,1628,1842420,236405,4976007,15319,6179024896,1,17725:3
23579959,17725,1639002112,5037293568,181,715,399657,21,1614090240,1628,1842420,236408,4976087,15319,6171156480,1,17725:4
23685003,17725,1646866432,5037293568,181,719,401577,21,1621954560,1628,1842421,236410,4976167,15319,6163042304,1,17725:3
23790101,17725,1654599680,5037293568,181,722,403464,21,1629683712,1630,1842422,236414,4976247,15319,6154780672,1,17725:3
23895310,17725,1662464000,5037293568,181,725,405384,21,1638072320,1630,1842422,236416,4976327,15319,6146949120,1,17725:3
24000755,17725,1670852608,5037293568,181,728,407432,21,1645936640,1630,1842423,236419,4976407,15319,6139080704,1,17725:3
24105524,17725,1678716928,5037293568,181,731,409352,21,1653800960,1630,1842424,236422,4976487,15319,6131212288,1,17725:3
24210508,17725,1686712320,5037293568,181,734,411298,21,1660854272,1639,1842424,236426,4976566,15320,6123302912,1,17725:3
24315335,17725,1692872704,5037293568,181,737,412791,21,1668403200,1662,1842424,236428,4976643,15323,6117191680,1,17725:3
24420414,17725,1700737024,5037293568,181,740,414711,21,1676267520,1662,1842425,236430,4976723,15323,6109065216,1,17725:4
24525462,17725,1708601344,5037293568,182,743,416631,21,1684131840,1662,1842425,236434,4976803,15323,6101196800,1,17725:3
24630292,17725,1716465664,5037293568,182,746,418551,21,1691996160,1662,1842426,236438,4976881,15323,6093328384,1,17725:3
24734891,17725,1724329984,5037293568,182,749,420471,21,1699860480,1662,1842427,236442,4976960,15323,6085677056,1,17725:3
24839733,17725,1732063232,5037293568,182,752,422358,21,1707589632,1664,1842427,236444,4977040,15323,6077640704,1,17725:3
24944815,17725,1739927552,5037293568,182,756,424278,21,1715978240,1664,1842428,236448,4977120,15323,6069530624,1,17725:4
25050276,17725,1748054016,5037293568,182,759,426199,21,1723842560,1664,1842428,236451,4977200,15323,6061494272,1,17725:3
25155700,17725,1756180480,5037293568,182,762,428246,21,1731706880,1664,1842428,236454,4977280,15323,6053445632,1,17725:3
25260823,17725,1763520512,5037293568,182,765,430011,21,1739051008,1667,1842429,236457,4977360,15325,6045691904,1,17725:3
25366053,17725,1769943040,5037293568,182,767,431568,21,1746305024,1696,1842430,236460,4977437,15328,6039252992,1,17725:2
25471780,17725,1778069504,5037293568,182,771,433574,21,1754169344,1696,1842430,236462,4977517,15328,6031474688,1,17725:4
25577048,17725,1785933824,5037293568,182,774,435525,21,1762033664,1696,1842431,236466,4977597,15328,6023413760,1,17725:3
25682069,17725,1793798144,5037293568,182,777,437445,21,1769897984,1696,1842432,236469,4977677,15328,6015610880,1,17725:3
25787018,17725,1801662464,5037293568,182,780,439365,21,1777762304,1696,1842432,236472,4977757,15328,6007828480,1,17725:3
25891899,17725,1809395712,5037293568,182,783,441252,21,1786015744,1698,1842432,236475,4977837,15328,5999595520,1,17725:3
25997356,17725,1817784320,5037293568,182,787,443278,21,1793880064,1698,1842432,236479,4977918,15328,5991727104,1,17725:4
26102466,17725,1825648640,5037293568,182,790,445220,21,1801744384,1698,1842432,236482,4977997,15328,5983858688,1,17725:3
26207317,17725,1833512960,5037293568,182,793,447140,21,1809608704,1698,1842433,236488,4978074,15328,5975216128,1,17725:3
26312333,17725,1841377280,5037293568,182,796,449060,21,1817346048,1701,1842434,236492,4978154,15328,5967495168,1,17725:3
26417634,17725,1848193024,5037293568,182,799,450713,21,1823817728,1728,1842434,236496,4978231,15331,5961027584,1,17725:3
26522448,17725,1855533056,5037293568,182,802,452498,21,1832075264,1731,1842434,236498,4978311,15332,5953609728,1,17725:3
26627373,17725,1863397376,5037293568,182,805,454418,21,1839939584,1731,1842434,236501,4978391,15332,5945741312,1,17725:3
26732432,17725,1871261696,5037293568,182,809,456338,21,1847803904,1731,1842435,236504,4978471,15332,5937872896,1,17725:4
26837477,17725,1879126016,5037293568,182,811,458256,21,1855668224,1731,1842435,236507,4978550,15333,5929873408,1,17725:3
26942654,17725,1886859264,5037293568,182,815,460145,21,1863397376,1733,1842436,236510,4978630,15333,5922095104,1,17725:3
27047641,17725,1894723584,5037293568,182,818,462065,21,1871785984,1733,1842436,236513,4978710,15333,5913882624,1,17725:3
27153041,17725,1902587904,5037293568,182,821,463985,21,1879650304,1733,1842437,236516,4978790,15333,5906014208,1,17725:3
27258466,17725,1910714368,5037293568,182,824,465906,21,1887514624,1733,1842437,236520,4978871,15333,5898145792,1,17725:3
27363837,17725,1918840832,5037293568,182,827,467930,21,1895378944,1733,1842437,236523,4978951,15333,5890277376,1,17725:4
27468994,17725,1925787648,5037293568,182,831,469625,21,1902080000,1755,1842438,236528,4979029,15335,5883265024,1,17725:3
27574018,17725,1933389824,5037293568,182,834,471432,21,1909944320,1766,1842438,236533,4979108,15336,5875707904,1,17725:3
27679348,17725,1941254144,5037293568,182,837,473436,21,1917808640,1766,1842439,236537,4979187,15336,5867839488,1,17725:3
27784009,17725,1949118464,5037293568,182,840,475360,21,1925672960,1766,1842440,236542,4979265,15336,5859971072,1,17725:3
27889083,17725,1956982784,5037293568,182,843,477280,21,1933537280,1766,1842441,236545,4979345,15336,5851865088,1,17725:3
27993934,17725,1964716032,5037293568,182,847,479167,21,1941266432,1768,1842441,236548,4979425,15336,5843542016,1,17725:4
28099081,17725,1972580352,5037293568,182,850,481087,21,1949655040,1768,1842442,236552,4979505,15336,5835444224,1,17725:3
28204501,17725,1980444672,5037293568,182,853,483007,21,1957519360,1768,1842442,236555,4979585,15336,5827575808,1,17725:3
28309944,17725,1988833280,5037293568,182,856,485055,21,1965383680,1768,1842443,236558,4979665,15336,5819707392,1,17725:3
28414887,17725,1996697600,5037293568,182,859,486975,21,1973248000,1768,1842443,236561,4979745,15336,5811838976,1,17725:3
28519762,17725,2003644416,5037293568,182,862,488672,21,1980338176,1784,1842444,236563,4979823,15338,5805031424,1,17725:3
28624487,17725,2009673728,5037293568,182,865,490158,21,1987878912,1800,1842444,236567,4979902,15340,5798367232,1,17725:3
28729910,17725,2018062336,5037293568,182,868,492114,21,1995743232,1800,1842444,236570,4979982,15340,5790498816,1,17725:3
28835205,17725,2025926656,5037293568,182,871,494126,21,2003607552,1800,1842445,236573,4980062,15340,5782630400,1,17725:3
28940430,17725,2033790976,5037293568,182,874,496046,21,2011471872,1800,1842445,236576,4980142,15340,5774761984,1,17725:3
29045220,17725,2041655296,5037293568,182,877,497966,21,2019336192,1800,1842446,236579,4980222,15340,5766893568,1,17725:3
29150033,17725,2049388544,5037293568,182,881,499853,21,2027065344,1802,1842446,236582,4980302,15340,5758615552,1,17725:4
29255347,17725,2057777152,5037293568,182,884,501799,21,2035453952,1802,1842446,236588,4980379,15340,5750554624,1,17725:3
29360669,17725,2065248256,5037293568,182,887,503693,21,2043318272,1802,1842447,236591,4980460,15340,5742686208,1,17725:3
29466072,17725,2073505792,5037293568,182,890,505719,21,2051182592,1802,1842447,236594,4980540,15340,5734817792,1,17725:3
29571172,17725,2081370112,5037293568,182,893,507652,21,2058235904,1811,1842447,236598,4980618,15341,5726904320,1,17725:3
29676016,17725,2087137280,5037293568,182,896,509052,21,2065256448,1834,1842447,236599,4980696,15344,5720809472,1,17725:3
29780834,17725,2095001600,5037293568,182,899,510972,21,2073645056,1834,1842448,236603,4980776,15344,5712941056,1,17725:3
29885672,17725,2102865920,5037293568,182,901,512892,21,2081509376,1834,1842448,236606,4980856,15344,5705072640,1,17725:2
29990481,17725,2110730240,5037293568,182,904,514812,21,2089373696,1834,1842448,236609,4980937,15344,5697204224,1,17725:3
30095376,17725,2118594560,5037293568,182,907,516732,21,2096713728,1834,1842448,236611,4981018,15344,5689049088,1,17725:3
30200179,17725,2126852096,5037293568,182,909,518747,21,2104967168,1836,1842449,236613,4981098,15344,5681553408,1,17725:2
30304897,17725,2134716416,5037293568,182,912,520667,21,2112831488,1836,1842450,236616,4981178,15344,5673684992,1,17725:3
30409555,17725,2142580736,5037293568,182,915,522587,21,2120695808,1836,1842450,236618,4981259,15344,5665824768,1,17725:3
30514280,17725,2150445056,5037293568,182,917,524507,21,2128560128,1836,1842450,236621,4981339,15344,5657391104,1,17725:2
30619136,17725,2158178304,5037293568,182,920,526400,21,2136297472,1839,1842451,236623,4981419,15346,5649952768,1,17725:3
30723992,17725,2164469760,5037293568,182,922,527952,21,2143686656,1869,1842451,236626,4981496,15348,5643411456,1,17725:2
30828858,17725,2172334080,5037293568,182,925,529865,21,2151026688,1869,1842454,236630,4981574,15348,5635252224,1,17725:3
30933719,17725,2180198400,5037293568,182,927,531785,21,2159415296,1869,1842454,236633,4981655,15348,5627437056,1,17725:2
31038627,17725,2188324864,5037293568,182,930,533711,21,2167279616,1869,1842454,236635,4981735,15348,5619568640,1,17725:3
31143360,17725,2196451328,5037293568,182,933,535753,21,2175143936,1869,1842454,236638,4981816,15348,5611454464,1,17725:3
31247991,17725,2204184576,5037293568,182,935,537640,21,2182873088,1871,1842455,236642,4981896,15348,5603733504,1,17725:2
31352655,17725,2212048896,5037293568,182,938,539560,21,2190737408,1871,1842456,236644,4981977,15348,5595865088,1,17725:3
31457312,17725,2219913216,5037293568,182,940,541480,21,2198601728,1871,1842456,236647,4982057,15348,5587767296,1,17725:2
31562100,17725,2227777536,5037293568,182,943,543400,21,2206466048,1871,1842456,236650,4982138,15348,5579898880,1,17725:3
31666857,17725,2235641856,5037293568,182,945,545320,21,2214199296,1871,1842456,236652,4982218,15348,5572165632,1,17725:2
31771549,17725,2243506176,5037293568,182,948,547229,21,2221068288,1903,1842457,236656,4982295,15351,5564338176,1,17725:3
31876222,17725,2250846208,5037293568,182,950,549015,21,2229456896,1904,1842457,236659,4982375,15352,5556957184,1,17725:2
31981007,17725,2258710528,5037293568,182,953,550935,21,2237321216,1904,1842458,236662,4982456,15352,5549088768,1,17725:3
32085699,17725,2266574848,5037293568,182,955,552855,21,2245185536,1904,1842458,236664,4982536,15352,5540704256,1,17725:2
32190648,17725,2274439168,5037293568,182,958,554775,21,2253049856,1904,1842459,236666,4982617,15352,5532839936,1,17725:3
32295612,17725,2282696704,5037293568,182,960,556790,21,2261303296,1906,1842460,236671,4982695,15352,5525118976,1,17725:2
32400341,17725,2290561024,5037293568,182,963,558710,21,2269167616,1906,1842460,236673,4982775,15352,5517250560,1,17725:3
32505023,17725,2298425344,5037293568,182,966,560630,21,2277031936,1906,1842461,236676,4982856,15352,5509382144,1,17725:3
32609681,17725,2306289664,5037293568,182,968,562550,21,2284896256,1906,1842461,236679,4982936,15352,5501267968,1,17725:2
32714364,17725,2315202560,5037293568,182,971,564726,21,2293153792,1906,1842461,236683,4983015,15353,5491752960,1,17725:3
32820142,17725,2331586560,5049905152,183,975,568733,21,2299813888,1918,1842464,236686,4983094,15354,5475680256,1,17725:5
32925201,17725,2331586560,5049905152,183,976,568733,21,2307678208,1918,1842464,236688,4983176,15354,5475315712,1,17725:1
33030070,17725,2338402304,5049905152,190,977,570392,21,2308231168,1920,1842472,236690,4983250,15354,5468127232,1,17725:8
33134621,17725,2359111680,5153718272,199,978,575424,21,2308231168,1920,1842481,236692,4983323,15354,5446451200,1,17725:11
33238899,17725,2406559744,5153718272,204,984,587007,21,2308231168,1920,1842486,236698,4983395,15354,5398712320,1,17725:10
33343139,17725,2435424256,5141106688,208,989,597157,21,2310328320,1921,1842490,236703,4983469,15354,5370404864,1,17725:9
33448080,17725,2435424256,5141106688,208,991,597157,21,2318192640,1921,1842490,236704,4983551,15354,5370556416,1,17725:2
33552921,17725,2435424256,5141106688,208,992,597157,21,2326056960,1921,1842491,236706,4983633,15354,5370429440,1,17725:1
33657656,17725,2435424256,5141106688,208,993,597157,21,2333921280,1921,1842491,236707,4983715,15354,5370560512,1,17725:1
33762304,17725,2435424256,5141106688,208,994,597157,21,2341785600,1921,1842492,236708,4983797,15354,5370433536,1,17725:1
33866922,17725,2435424256,5141106688,208,996,597157,21,2349649920,1921,1842493,236712,4983875,15354,5370310656,1,17725:2
33971651,17725,2435424256,5141106688,208,997,597157,21,2357514240,1921,1842494,236713,4983957,15354,5370183680,1,17725:1
34076467,17725,2435424256,5141106688,208,998,597157,21,2365378560,1921,1842494,236714,4984039,15354,5370314752,1,17725:1
34181184,17725,2435424256,5141106688,208,999,597157,21,2373242880,1921,1842494,236716,4984121,15354,5370187776,1,17725:1
34286115,17725,2435424256,5141106688,208,1001,597157,21,2381107200,1921,1842495,236717,4984203,15354,5370318848,1,17725:2
34391014,17725,2435424256,5141106688,208,1002,597157,21,2389495808,1921,1842495,236719,4984285,15354,5370175488,1,17725:1
34495937,17725,2435424256,5141106688,208,1003,597157,21,2397360128,1921,1842496,236720,4984367,15354,5370306560,1,17725:1
34600893,17725,2435424256,5141106688,208,1005,597157,21,2405224448,1921,1842496,236720,4984449,15354,5370179584,1,17725:2
34705743,17725,2435948544,5141106688,209,1006,597298,21,2411524096,1923,1842498,236722,4984530,15354,5369282560,1,17725:2
34810491,17725,2445123584,5141106688,218,1006,599518,21,2411524096,1923,1842508,236722,4984603,15354,5360250880,1,17725:10
34915070,17725,2454167552,5141106688,228,1008,601736,21,2411524096,1923,1842517,236724,4984675,15354,5351219200,1,17725:11
35019743,17725,2463211520,5141106688,236,1010,603958,21,2411524096,1923,1842525,236726,4984748,15354,5342187520,1,17725:10
35124489,17725,2472386560,5141106688,245,1011,606180,21,2411524096,1923,1842535,236728,4984821,15354,5333155840,1,17725:10
35229161,17725,2481430528,5141106688,255,1012,608405,21,2411524096,1923,1842545,236729,4984893,15354,5323866112,1,17725:11
35333945,17725,2490605568,5141106688,265,1013,610637,21,2411524096,1923,1842556,236732,4984964,15354,5314580480,1,17725:11
35438518,17725,2499780608,5141106688,274,1014,612865,21,2411524096,1923,1842565,236733,4985036,15354,5305290752,1,17725:10
35543362,17725,2508824576,5141106688,283,1015,615090,21,2411524096,1923,1842574,236735,4985108,15354,5296259072,1,17725:10
35648032,17725,2517999616,5141106688,292,1017,617310,21,2411524096,1923,1842584,236736,4985181,15354,5287239680,1,17725:11
35752727,17725,2527043584,5141106688,301,1018,619533,21,2411524096,1923,1842593,236738,4985254,15354,5278208000,1,17725:10
35857416,17725,2536087552,5141106688,310,1020,621753,21,2411524096,1923,1842602,236740,4985327,15354,5268918272,1,17725:11
35962009,17725,2541068288,5141106688,318,1020,622963,21,2413027328,1926,1842611,236740,4985400,15354,5264220160,1,17725:9
36066309,17725,2541068288,5141106688,329,1020,622963,21,2414075904,1927,1842621,236740,4985473,15354,5264244736,1,17725:10
36170751,17725,2541068288,5141106688,329,1021,622963,21,2421940224,1927,1842622,236742,4985555,15354,5264130048,1,17725:1
36275616,17725,2541068288,5141106688,329,1022,622963,21,2430328832,1927,1842622,236743,4985637,15354,5263978496,1,17725:1
36380603,17725,2541068288,5141106688,329,1023,622963,21,2438193152,1927,1842623,236745,4985719,15354,5264109568,1,17725:1
36485645,17725,2541068288,5141106688,329,1024,622963,21,2446057472,1927,1842623,236746,4985801,15354,5263982592,1,17725:1
36590509,17725,2541068288,5141106688,329,1026,622963,21,2453921792,1927,1842623,236748,4985883,15354,5264113664,1,17725:2
36695303,17725,2541068288,5141106688,329,1027,622963,21,2461786112,1927,1842623,236748,4985965,15354,5263986688,1,17725:1
36800137,17725,2541068288,5141106688,329,1028,622963,21,2470174720,1927,1842623,236750,4986047,15354,5264162816,1,17725:1
36905189,17725,2541068288,5141106688,329,1029,622963,21,2478039040,1927,1842624,236754,4986126,15354,5264035840,1,17725:1
37010013,17725,2541068288,5141106688,329,1031,622963,21,2485903360,1927,1842624,236756,4986208,15354,5264166912,1,17725:2
37114769,17725,2541068288,5141106688,329,1032,622963,21,2493767680,1927,1842624,236757,4986290,15354,5264297984,1,17725:1
37219619,17725,2541068288,5141106688,329,1033,622963,21,2502156288,1927,1842624,236758,4986372,15354,5264146432,1,17725:1
37324660,17725,2541068288,5141106688,329,1034,622963,21,2510020608,1927,1842624,236760,4986454,15354,5264277504,1,17725:1
37429464,17725,2541854720,5141106688,330,1035,623149,21,2516320256,1929,1842626,236761,4986535,15354,5263130624,1,17725:2
37534238,17725,2551029760,5141106688,340,1036,625373,21,2516320256,1929,1842636,236762,4986608,15354,5254098944,1,17725:11
37638914,17725,2560073728,5141106688,350,1036,627590,21,2516320256,1929,1842646,236762,4986681,15354,5245083648,1,17725:10
37743686,17725,2569117696,5141106688,359,1038,629810,21,2516320256,1929,1842656,236764,4986753,15354,5235806208,1,17725:11
37848453,17725,2578292736,5141106688,367,1040,632033,21,2516320256,1929,1842664,236766,4986826,15354,5226516480,1,17725:10
37953165,17725,2586943488,5141106688,378,1040,634159,21,2516320256,1929,1842675,236770,4986896,15354,5223002112,1,17725:11
38057938,17725,2595594240,5141106688,388,1040,636246,21,2516320256,1929,1842685,236775,4986965,15354,5211742208,1,17725:10
38165363,17725,2604507136,5141106688,398,1040,638439,21,2516320256,1929,1842696,236786,4987028,15354,5204987904,1,17725:11
38271372,17725,2613026816,5141106688,407,1042,640539,21,2516320256,1929,1842706,236799,4987091,15354,5195489280,1,17725:10
38377319,17725,2621677568,5141106688,417,1042,642903,21,2516320256,1929,1842716,236800,4987163,15354,5186973696,1,17725:10
38481836,17725,2630459392,5141106688,427,1043,645030,21,2516320256,1929,1842727,236803,4987233,15354,5178200064,1,17725:11
38586560,17725,2639372288,5141106688,435,1046,647200,21,2516320256,1929,1842734,236806,4987306,15354,5169426432,1,17725:11
38691205,17725,2644877312,5141106688,441,1047,648563,21,2519990272,1930,1842741,236807,4987382,15354,5164003328,1,17725:7
38796504,17725,2644877312,5141106688,441,1048,648563,21,2528378880,1930,1842742,236808,4987464,15354,5163876352,1,17725:1
38901394,17725,2644877312,5141106688,441,1050,648563,21,2536243200,1930,1842742,236810,4987546,15354,5163319296,1,17725:2
39006343,17725,2644877312,5141106688,441,1051,648563,21,2544107520,1930,1842742,236814,4987626,15354,5165465600,1,17725:1
39111919,17725,2644877312,5141106688,441,1054,648595,21,2551971840,1930,1842743,236819,4987705,15354,5165576192,1,17725:3
39217374,17725,2644877312,5141106688,441,1057,648595,21,2559836160,1930,1842743,236822,4987785,15354,5165449216,1,17725:3
39322667,17725,2644877312,5141106688,441,1060,648595,21,2567700480,1930,1842744,236826,4987865,15354,5165580288,1,17725:3
39427362,17725,2644877312,5141106688,441,1063,648595,21,2575564800,1930,1842744,236828,4987946,15354,5165711360,1,17725:3
39532875,17725,2644877312,5141106688,441,1066,648595,21,2583429120,1930,1842744,236831,4988026,15354,5165584384,1,17725:3
39638150,17725,2644877312,5141106688,441,1068,648611,21,2591293440,1930,1842745,236833,4988107,15354,5165715456,1,17725:2
39743207,17725,2644877312,5141106688,441,1070,648851,21,2599157760,1930,1842745,236834,4988188,15354,5165588480,1,17725:2
39847971,17725,2644877312,5141106688,441,1072,648851,21,2607022080,1930,1842746,236836,4988269,15354,5165719552,1,17725:2
39952805,17725,2644877312,5141106688,441,1074,648851,21,2614886400,1930,1842748,236840,4988348,15354,5165826048,1,17725:2
40057682,17725,2647367680,5141106688,444,1076,649463,21,2619613184,1932,1842751,236844,4988423,15354,5162872832,1,17725:5
40162437,17725,2656018432,5141106688,453,1077,651552,21,2619613184,1932,1842761,236846,4988495,15354,5154099200,1,17725:11
40266976,17725,2664538112,5141106688,463,1078,653632,21,2619613184,1932,1842771,236846,4988568,15354,5145583616,1,17725:10
40371609,17725,2673057792,5141106688,472,1080,655708,21,2619613184,1932,1842780,236848,4988641,15354,5137068032,1,17725:11
40476313,17725,2681577472,5141106688,481,1081,657792,21,2619613184,1932,1842789,236850,4988713,15354,5128552448,1,17725:10
40581062,17725,2690228224,5141106688,490,1082,659910,21,2619613184,1932,1842799,236858,4988779,15354,5119303680,1,17725:11
40687015,17725,2698878976,5141106688,500,1083,662036,21,2619613184,1932,1842809,236870,4988842,15354,5109469184,1,17725:10
40793722,17725,2707791872,5141106688,510,1083,664211,21,2619613184,1932,1842820,236871,4988915,15354,5099249664,1,17725:10
40898423,17725,2716835840,5141106688,519,1085,666418,21,2619613184,1932,1842829,236874,4988986,15354,5093007360,1,17725:11
41003400,17725,2725486592,5141106688,529,1085,668527,21,2619613184,1932,1842839,236876,4989057,15354,5084688384,1,17725:10
41108090,17725,2734137344,5141106688,539,1086,670635,21,2619613184,1932,1842849,236878,4989130,15354,5075914752,1,17725:11
41212778,17725,2742788096,5141106688,549,1086,672746,21,2619613184,1932,1842860,236878,4989203,15354,5066223616,1,17725:10
41319489,17725,2748686336,5141106688,555,1089,674198,21,2623283200,1933,1842866,236891,4989269,15354,5060587520,1,17725:9
41425925,17725,2748686336,5141106688,555,1091,674198,21,2631147520,1933,1842867,236903,4989340,15354,5059358720,1,17725:2
41530745,17725,2748686336,5141106688,555,1093,674198,21,2639011840,1933,1842868,236907,4989418,15354,5059231744,1,17725:2
41635542,17725,2748686336,5141106688,555,1095,674198,21,2646876160,1933,1842868,236909,4989499,15354,5059067904,1,17725:2
41740859,17725,2748686336,5141106688,555,1097,674198,21,2655264768,1933,1842869,236911,4989581,15354,5058965504,1,17725:2
41846344,17725,2748686336,5141106688,555,1100,674198,21,2663129088,1933,1842870,236916,4989659,15354,5060091904,1,17725:3
41951333,17725,2748686336,5141106688,555,1102,674198,21,2670993408,1933,1842870,236918,4989739,15354,5060718592,1,17725:2
42057391,17725,2748686336,5141106688,555,1104,674198,21,2679382016,1933,1842870,236932,4989811,15354,5060497408,1,17725:2
42163898,17725,2748686336,5141106688,555,1107,674198,21,2687246336,1933,1842870,236945,4989883,15354,5055627264,1,17725:3
42271760,17725,2748686336,5141106688,555,1109,674198,21,2695110656,1933,1842871,236948,4989964,15354,5056262144,1,17725:2
42377012,17725,2748686336,5141106688,555,1111,674198,21,2703499264,1933,1842872,236950,4990045,15354,5056487424,1,17725:2
42482448,17725,2748686336,5141106688,555,1113,674198,21,2711363584,1933,1842872,236951,4990127,15354,5056360448,1,17725:2
42587148,17725,2748686336,5141106688,555,1115,674198,21,2719227904,1933,1842872,236953,4990208,15354,5056491520,1,17725:2
42692096,17725,2752487424,5141106688,559,1116,675128,21,2722906112,1935,1842877,236958,4990282,15354,5056995328,1,17725:5
42797195,17725,2761138176,5141106688,569,1116,677234,21,2722906112,1935,1842888,236959,4990355,15354,5047963648,1,17725:10
42902018,17725,2769657856,5141106688,579,1118,679323,21,2722906112,1935,1842897,236960,4990428,15354,5039448064,1,17725:12
43006688,17725,2778439680,5141106688,589,1118,681459,21,2722906112,1935,1842908,236962,4990498,15354,5030674432,1,17725:10
43111379,17725,2786959360,5141106688,598,1119,683547,21,2722906112,1935,1842918,236964,4990570,15354,5022158848,1,17725:10
43215947,17725,2795610112,5141106688,608,1120,685635,21,2722906112,1935,1842928,236964,4990643,15354,5013643264,1,17725:11
43320677,17725,2804129792,5141106688,617,1121,687727,21,2722906112,1935,1842938,236966,4990716,15354,5005127680,1,17725:10
43425366,17725,2812649472,5141106688,627,1121,689813,21,2722906112,1935,1842948,236966,4990788,15354,4996612096,1,17725:11
43530215,17725,2821431296,5141106688,637,1122,691936,21,2722906112,1935,1842958,236968,4990861,15354,4987838464,1,17725:10
43634887,17725,2830213120,5141106688,647,1123,694083,21,2722906112,1935,1842968,236972,4990931,15354,4979843072,1,17725:11
43739576,17725,2838732800,5141106688,657,1123,696183,21,2722906112,1935,1842978,236975,4991000,15354,4970156032,1,17725:10
43845495,17725,2847776768,5141106688,667,1124,698361,21,2722906112,1935,1842989,236986,4991064,15354,4955258880,1,17725:11
43953702,17725,2852495360,5141106688,673,1125,699543,21,2727624704,1936,1842995,236991,4991137,15355,4955398144,1,17725:7
44059087,17725,2852495360,5141106688,673,1127,699543,21,2735489024,1936,1842996,236994,4991218,15355,4955529216,1,17725:2
44164092,17725,2852495360,5141106688,673,1129,699543,21,2743353344,1936,1842996,236995,4991300,15355,4955402240,1,17725:2
44268965,17725,2852495360,5141106688,673,1131,699543,21,2751217664,1936,1842996,236997,4991381,15355,4955533312,1,17725:2
44373810,17725,2852495360,5141106688,673,1133,699543,21,2759081984,1936,1842997,236999,4991462,15355,4955160576,1,17725:2
44478575,17725,2852495360,5141106688,673,1135,699543,21,2766946304,1936,1842997,237004,4991540,15355,4954824704,1,17725:2
44583347,17725,2852495360,5141106688,673,1138,699543,21,2774810624,1936,1842998,237009,4991616,15355,4954697728,1,17725:3
44688332,17725,2852495360,5141106688,673,1140,699543,21,2782674944,1936,1842999,237011,4991697,15355,4954787840,1,17725:2
44793686,17725,2852495360,5141106688,673,1143,699543,21,2791063552,1936,1842999,237014,4991779,15355,4954845184,1,17725:3
44899196,17725,2852495360,5141106688,673,1145,699543,21,2798927872,1936,1843000,237016,4991859,15355,4955353088,1,17725:2
45004697,17725,2852495360,5141106688,673,1147,699543,21,2806792192,1936,1843000,237019,4991940,15355,4955226112,1,17725:2
45109723,17725,2852495360,5141106688,673,1149,699543,21,2814656512,1936,1843001,237022,4992021,15355,4955357184,1,17725:2
45214508,17725,2852495360,5141106688,673,1151,699543,21,2822520832,1936,1843001,237024,4992102,15355,4955230208,1,17725:2
45319282,17725,2856034304,5141106688,677,1154,700397,21,2826199040,1938,1843005,237026,4992180,15355,4951433216,1,17725:7
45423904,17725,2864553984,5141106688,687,1154,702486,21,2826199040,1938,1843015,237030,4992249,15355,4942868480,1,17725:10
45528594,17725,2873335808,5141106688,694,1157,704616,21,2826199040,1938,1843023,237043,4992313,15355,4933836800,1,17725:10
45634532,17725,2881986560,5141106688,704,1158,706732,21,2826199040,1938,1843032,237055,4992376,15355,4923609088,1,17725:11
45741301,17725,2890637312,5141106688,712,1160,708845,21,2826199040,1938,1843042,237062,4992445,15355,4917153792,1,17725:11
45846160,17725,2899681280,5141106688,722,1161,711060,21,2826199040,1938,1843052,237063,4992518,15355,4908122112,1,17725:10
45950909,17725,2908856320,5141106688,731,1163,713296,21,2826199040,1938,1843060,237065,4992590,15355,4899090432,1,17725:11
46055624,17725,2918162432,5141106688,739,1165,715552,21,2826199040,1938,1843070,237068,4992660,15355,4889800704,1,17725:10
46160274,17725,2927206400,5141106688,747,1167,717789,21,2826199040,1938,1843080,237070,4992733,15355,4880044032,1,17725:10
46265113,17725,2935857152,5141106688,757,1167,719890,21,2826199040,1938,1843090,237073,4992803,15355,4872671232,1,17725:10
46369896,17725,2944376832,5141106688,767,1168,721975,21,2826199040,1938,1843101,237073,4992876,15355,4863897600,1,17725:12
46474634,17725,2953027584,5141106688,777,1169,724062,21,2826199040,1938,1843110,237074,4992949,15355,4855382016,1,17725:10
46579190,17725,2956304384,5141106688,780,1171,724887,21,2831966208,1939,1843114,237076,4993027,15355,4852117504,1,17725:5
46684671,17725,2956304384,5141106688,780,1172,724887,21,2839830528,1939,1843115,237079,4993109,15355,4852248576,1,17725:1
46789617,17725,2956304384,5141106688,780,1174,724887,21,2847694848,1939,1843115,237085,4993186,15355,4852142080,1,17725:3
46894944,17725,2956304384,5141106688,780,1177,724887,21,2855559168,1939,1843116,237088,4993267,15355,4852281344,1,17725:2
47000163,17725,2956304384,5141106688,780,1180,724887,21,2863423488,1939,1843116,237091,4993348,15355,4852154368,1,17725:3
47105116,17725,2956304384,5141106688,780,1182,724887,21,2871287808,1939,1843116,237093,4993429,15355,4852039680,1,17725:2
47210208,17725,2956304384,5141106688,780,1185,724887,21,2879152128,1939,1843117,237096,4993509,15355,4851912704,1,17725:3
47315308,17725,2956304384,5141106688,780,1187,724887,21,2887016448,1939,1843117,237098,4993591,15355,4851785728,1,17725:2
47419960,17725,2956304384,5141106688,780,1188,724887,21,2894880768,1939,1843118,237100,4993673,15355,4851916800,1,17725:1
47524850,17725,2956304384,5141106688,780,1190,724887,21,2902745088,1939,1843118,237105,4993751,15355,4851482624,1,17725:2
47629929,17725,2956304384,5141106688,780,1192,724887,21,2910609408,1939,1843120,237110,4993828,15355,4852658176,1,17725:2
47735003,17725,2956304384,5141106688,780,1195,724887,21,2918473728,1939,1843120,237112,4993909,15355,4852531200,1,17725:3
47840064,17725,2956304384,5141106688,780,1198,724887,21,2926338048,1939,1843120,237115,4993989,15355,4852662272,1,17725:3
47944922,17725,2960498688,5141106688,785,1199,725911,21,2929491968,1941,1843127,237116,4994066,15355,4848062464,1,17725:6
48049693,17725,2969280512,5141106688,793,1202,728060,21,2929491968,1941,1843135,237119,4994139,15355,4839288832,1,17725:11
48154410,17725,2978324480,5141106688,802,1203,730265,21,2929491968,1941,1843144,237123,4994208,15355,4829962240,1,17725:10
48259308,17725,2987499520,5141106688,812,1204,732487,21,2929491968,1941,1843154,237124,4994281,15355,4820930560,1,17725:11
48363900,17725,2996543488,5141106688,821,1205,734704,21,2929491968,1941,1843164,237126,4994353,15355,4811898880,1,17725:10
48468651,17725,3005718528,5141106688,830,1207,736927,21,2929491968,1941,1843174,237128,4994426,15355,4802609152,1,17725:11
48573349,17725,3014762496,5141106688,840,1207,739140,21,2929491968,1941,1843184,237128,4994499,15355,4793577472,1,17725:10
48678132,17725,3023806464,5141106688,849,1208,741359,21,2929491968,1941,1843193,237130,4994572,15355,4784574464,1,17725:10
48782831,17725,3032850432,5141106688,858,1210,743574,21,2929491968,1941,1843202,237132,4994644,15355,4775530496,1,17725:11
48887418,17725,3042025472,5141106688,867,1212,745792,21,2929491968,1941,1843210,237134,4994717,15355,4766498816,1,17725:11
48992102,17725,3050676224,5141106688,877,1212,747904,21,2929491968,1941,1843221,237137,4994787,15355,4758290432,1,17725:10
49096832,17725,3059326976,5141106688,886,1213,750038,21,2929491968,1941,1843231,237141,4994858,15355,4749258752,1,17725:10
49201281,17725,3060113408,5141106688,886,1216,750231,21,2937356288,1942,1843232,237144,4994936,15356,4748611584,1,17725:4
49306499,17725,3060113408,5141106688,887,1218,750231,21,2945220608,1942,1843232,237146,4995017,15356,4748484608,1,17725:2
49411204,17725,3060113408,5141106688,887,1221,750231,21,2953084928,1942,1843232,237148,4995098,15356,4748615680,1,17725:3
49516091,17725,3060113408,5141106688,887,1222,750231,21,2960949248,1942,1843232,237150,4995179,15356,4748488704,1,17725:1
49620848,17725,3060113408,5141106688,887,1223,750231,21,2968813568,1942,1843233,237154,4995258,15356,4748312576,1,17725:1
49725633,17725,3060113408,5141106688,887,1224,750231,21,2976677888,1942,1843233,237155,4995340,15356,4748185600,1,17725:1
49830422,17725,3060113408,5141106688,888,1225,750231,21,2984542208,1942,1843234,237156,4995422,15356,4748316672,1,17725:2
49935048,17725,3060113408,5141106688,888,1226,750231,21,2992406528,1942,1843234,237157,4995504,15356,4748189696,1,17725:1
50039780,17725,3060113408,5141106688,888,1227,750231,21,3000270848,1942,1843234,237158,4995586,15356,4748304384,1,17725:1
50144613,17725,3060113408,5141106688,888,1229,750231,21,3008659456,1942,1843235,237160,4995668,15356,4748177408,1,17725:2
50249400,17725,3060113408,5141106688,888,1230,750231,21,3016523776,1942,1843236,237161,4995750,15356,4748308480,1,17725:1
50354261,17725,3060113408,5141106688,888,1231,750231,21,3024388096,1942,1843236,237162,4995832,15356,4748181504,1,17725:1
50459137,17725,3060113408,5141106688,888,1233,750231,21,3032252416,1942,1843236,237167,4995910,15356,4747673600,1,17725:2
50564101,17725,3067060224,5141106688,895,1234,751924,21,3032784896,1944,1843244,237168,4995985,15356,4740485120,1,17725:8
50668813,17725,3075842048,5141106688,905,1234,754063,21,3032784896,1944,1843256,237170,4996054,15356,4731727872,1,17725:10
50773482,17725,3084492800,5141106688,914,1235,756169,21,3032784896,1944,1843266,237172,4996127,15356,4723544064,1,17725:11
50878190,17725,3093143552,5141106688,924,1236,758290,21,3032784896,1944,1843276,237172,4996200,15356,4714770432,1,17725:10
50982815,17725,3102187520,5141106688,933,1238,760486,21,3032784896,1944,1843284,237175,4996272,15356,4706070528,1,17725:11
51087585,17725,3111231488,5141106688,942,1239,762706,21,3032784896,1944,1843294,237176,4996344,15356,4697038848,1,17725:10
51192241,17725,3120406528,5141106688,951,1241,764927,21,3032784896,1944,1843302,237179,4996417,15356,4688007168,1,17725:11
51297055,17725,3129450496,5141106688,960,1242,767136,21,3032784896,1944,1843312,237183,4996487,15356,4678926336,1,17725:10
51401742,17725,3138494464,5141106688,969,1244,769350,21,3032784896,1944,1843322,237185,4996560,15356,4669378560,1,17725:11
51506452,17725,3147538432,5141106688,978,1245,771578,21,3032784896,1944,1843331,237186,4996633,15356,4660088832,1,17725:11
51611077,17725,3156713472,5141106688,987,1247,773801,21,3032784896,1944,1843341,237187,4996705,15356,4651057152,1,17725:10
51715722,17725,3163922432,5141106688,995,1248,775575,21,3034882048,1945,1843349,237188,4996778,15357,4644098048,1,17725:9
51820716,17725,3163922432,5141106688,995,1249,775575,21,3043270656,1945,1843350,237190,4996861,15357,4643971072,1,17725:1
51925684,17725,3163922432,5141106688,995,1250,775575,21,3051134976,1945,1843350,237191,4996943,15357,4644102144,1,17725:1
52030628,17725,3163922432,5141106688,995,1251,775575,21,3058999296,1945,1843350,237192,4997025,15357,4643737600,1,17725:1
52135751,17725,3163922432,5141106688,995,1252,775575,21,3066863616,1945,1843351,237194,4997105,15357,4643840000,1,17725:1
52240859,17725,3163922432,5141106688,995,1254,775575,21,3074727936,1945,1843352,237199,4997184,15357,4644208640,1,17725:2
52345878,17725,3163922432,5141106688,995,1255,775575,21,3082592256,1945,1843353,237200,4997266,15357,4644339712,1,17725:1
52450623,17725,3163922432,5141106688,995,1256,775575,21,3090456576,1945,1843353,237202,4997347,15357,4644212736,1,17725:1
52555346,17725,3163922432,5141106688,995,1257,775575,21,3098320896,1945,1843354,237202,4997429,15357,4644343808,1,17725:1
52659890,17725,3163922432,5141106688,995,1259,775575,21,3106185216,1945,1843354,237204,4997511,15357,4644216832,1,17725:2
52764533,17725,3163922432,5141106688,995,1260,775575,21,3114049536,1945,1843355,237205,4997593,15357,4644347904,1,17725:1
52869176,17725,3163922432,5141106688,995,1261,775575,21,3121913856,1945,1843355,237207,4997675,15357,4644220928,1,17725:1
52973735,17725,3163922432,5141106688,995,1262,775575,21,3129778176,1945,1843355,237208,4997757,15357,4644388864,1,17725:1
53078687,17725,3164971008,5141106688,996,1263,775809,21,3136086016,1947,1843357,237211,4997835,15357,4642897920,1,17725:2
53183498,17725,3174014976,5141106688,1006,1264,778027,21,3136086016,1947,1843367,237212,4997908,15357,4633608192,1,17725:11
53288115,17725,3183058944,5141106688,1016,1264,780247,21,3136086016,1947,1843377,237213,4997980,15357,4624576512,1,17725:10
53392847,17725,3192233984,5141106688,1025,1266,782462,21,3136086016,1947,1843387,237214,4998053,15357,4615544832,1,17725:11
53497638,17725,3201277952,5141106688,1032,1269,784675,21,3136086016,1947,1843394,237218,4998126,15357,4606513152,1,17725:11
53602395,17725,3210321920,5141106688,1042,1269,786896,21,3136086016,1947,1843404,237218,4998199,15357,4597481472,1,17725:9
53707104,17725,3219496960,5141106688,1051,1271,789133,21,3136086016,1947,1843415,237222,4998268,15357,4588204032,1,17725:11
53811842,17725,3228540928,5141106688,1061,1271,791348,21,3136086016,1947,1843425,237224,4998339,15357,4578791424,1,17725:10
53917187,17725,3237715968,5141106688,1070,1273,793574,21,3136086016,1947,1843435,237228,4998411,15357,4570103808,1,17725:11
54021951,17725,3246759936,5141106688,1078,1275,795796,21,3136086016,1947,1843444,237229,4998484,15357,4560556032,1,17725:11
54126640,17725,3255934976,5141106688,1088,1276,798021,21,3136086016,1947,1843454,237230,4998556,15357,4551524352,1,17725:10
54231385,17725,3264978944,5141106688,1098,1276,800243,21,3136086016,1947,1843464,237231,4998629,15357,4542492672,1,17725:10
54335946,17725,3267731456,5141106688,1101,1278,800919,21,3142377472,1948,1843467,237232,4998708,15357,4540006400,1,17725:5
54440689,17725,3267731456,5141106688,1101,1279,800919,21,3150241792,1948,1843468,237234,4998790,15357,4539879424,1,17725:1
54545495,17725,3267731456,5141106688,1101,1280,800919,21,3158106112,1948,1843468,237234,4998872,15357,4540010496,1,17725:1
54650282,17725,3267731456,5141106688,1101,1281,800919,21,3165970432,1948,1843468,237239,4998951,15357,4540276736,1,17725:1
54755043,17725,3267731456,5141106688,1101,1283,800919,21,3173834752,1948,1843469,237240,4999033,15357,4540469248,1,17725:2
54859821,17725,3267731456,5141106688,1101,1284,800919,21,3181699072,1948,1843469,237242,4999115,15357,4540104704,1,17725:1
54964660,17725,3267731456,5141106688,1101,1285,800919,21,3190087680,1948,1843470,237243,4999197,15357,4540211200,1,17725:1
55069627,17725,3267731456,5141106688,1101,1286,800919,21,3197952000,1948,1843470,237245,4999279,15357,4540084224,1,17725:1
55174615,17725,3267731456,5141106688,1101,1287,800919,21,3205816320,1948,1843470,237246,4999361,15357,4540215296,1,17725:2
55279606,17725,3267731456,5141106688,1101,1289,800919,21,3213680640,1948,1843472,237249,4999440,15357,4540088320,1,17725:1
55384549,17725,3267731456,5141106688,1101,1290,800919,21,3221544960,1948,1843472,237251,4999522,15357,4540219392,1,17725:1
55489273,17725,3267731456,5141106688,1101,1291,800919,21,3229409280,1948,1843472,237253,4999604,15357,4540092416,1,17725:1
55594060,17725,3267731456,5141106688,1101,1293,800919,21,3237273600,1948,1843473,237258,4999683,15357,4539441152,1,17725:2
55699120,17725,3272974336,5141106688,1107,1295,802183,21,3239378944,1950,1843479,237258,4999758,15357,4534108160,1,17725:8
55803791,17725,3281625088,5141106688,1116,1296,804288,21,3239378944,1950,1843488,237260,4999831,15357,4525076480,1,17725:10
55908480,17725,3290144768,5141106688,1124,1298,806396,21,3239378944,1950,1843497,237262,4999904,15357,4516560896,1,17725:10
56013183,17725,3298795520,5141106688,1134,1299,808510,21,3239378944,1950,1843508,237263,4999977,15357,4507787264,1,17725:11
56117864,17725,3307577344,5141106688,1143,1300,810633,21,3239378944,1950,1843518,237266,5000047,15357,4499603456,1,17725:11
56222687,17725,3316097024,5141106688,1153,1301,812721,21,3239378944,1950,1843527,237268,5000120,15357,4490829824,1,17725:10
56327356,17725,3324747776,5141106688,1162,1302,814818,21,3239378944,1950,1843537,237269,5000193,15357,4482314240,1,17725:10
56432009,17725,3333267456,5141106688,1172,1303,816918,21,3239378944,1950,1843547,237270,5000265,15357,4473798656,1,17725:11
56536728,17725,3341918208,5141106688,1181,1304,819012,21,3239378944,1950,1843556,237272,5000338,15357,4465025024,1,17725:10
56641441,17725,3350568960,5141106688,1191,1304,821144,21,3239378944,1950,1843567,237272,5000411,15357,4456251392,1,17725:10
56746173,17725,3359481856,5141106688,1199,1307,823294,21,3239378944,1950,1843576,237279,5000478,15357,4448210944,1,17725:12
56851129,17725,3368132608,5141106688,1210,1307,825425,21,3239378944,1950,1843587,237279,5000550,15357,4439179264,1,17725:10
56955752,17725,3371540480,5141106688,1213,1309,826263,21,3245150208,1951,1843591,237281,5000627,15357,4433969152,1,17725:5
57061582,17725,3371540480,5141106688,1213,1311,826263,21,3253014528,1951,1843592,237294,5000699,15357,4436025344,1,17725:2
57168136,17725,3371540480,5141106688,1214,1313,826263,21,3260878848,1951,1843592,237307,5000770,15357,4432875520,1,17725:3
57275593,17725,3371540480,5141106688,1214,1316,826263,21,3268743168,1951,1843593,237321,5000842,15357,4435914752,1,17725:3
57382730,17725,3371540480,5141106688,1214,1319,826263,21,3276607488,1951,1843594,237323,5000923,15357,4436054016,1,17725:3
57487392,17725,3371540480,5141106688,1214,1320,826263,21,3284471808,1951,1843594,237325,5001004,15357,4435927040,1,17725:1
57592101,17725,3371540480,5141106688,1214,1322,826263,21,3292336128,1951,1843594,237326,5001085,15357,4435800064,1,17725:2
57696843,17725,3371540480,5141106688,1214,1323,826263,21,3300200448,1951,1843595,237328,5001167,15357,4435861504,1,17725:1
57801614,17725,3371540480,5141106688,1214,1324,826263,21,3308064768,1951,1843595,237330,5001249,15357,4435931136,1,17725:1
57906376,17725,3371540480,5141106688,1214,1326,826263,21,3315929088,1951,1843595,237336,5001327,15357,4435759104,1,17725:2
58011313,17725,3371540480,5141106688,1214,1329,826263,21,3323793408,1951,1843595,237338,5001407,15357,4435890176,1,17725:3
58116200,17725,3371540480,5141106688,1214,1332,826263,21,3331657728,1951,1843596,237342,5001488,15357,4435763200,1,17725:3
58221301,17725,3371540480,5141106688,1214,1334,826263,21,3339522048,1951,1843596,237345,5001568,15357,4435894272,1,17725:2
58326552,17725,3375996928,5141106688,1217,1337,827341,21,3342684160,1953,1843602,237350,5001642,15357,4430839808,1,17725:6
58431186,17725,3384647680,5141106688,1228,1337,829442,21,3342684160,1953,1843613,237350,5001714,15357,4422324224,1,17725:11
58535805,17725,3393298432,5141106688,1237,1338,831560,21,3342684160,1953,1843622,237351,5001787,15357,4413550592,1,17725:10
58640526,17725,3401949184,5141106688,1247,1339,833666,21,3342684160,1953,1843633,237352,5001860,15357,4405035008,1,17725:11
58745238,17725,3410599936,5141106688,1256,1340,835798,21,3342684160,1953,1843643,237354,5001932,15357,4395876352,1,17725:11
58850479,17725,3419381760,5141106688,1266,1340,837937,21,3342684160,1953,1843654,237356,5002002,15357,4387696640,1,17725:10
58955104,17725,3428163584,5141106688,1276,1342,840081,21,3342684160,1953,1843663,237362,5002071,15357,4379418624,1,17725:11
59061042,17725,3437207552,5141106688,1285,1343,842266,21,3342684160,1953,1843673,237374,5002134,15357,4369170432,1,17725:11
59168905,17725,3445727232,5141106688,1294,1345,844374,21,3342684160,1953,1843682,237384,5002200,15357,4362829824,1,17725:10
59273682,17725,3454509056,5141106688,1304,1345,846512,21,3342684160,1953,1843693,237384,5002273,15357,4354056192,1,17725:11
59378358,17725,3463290880,5141106688,1313,1346,848652,21,3342684160,1953,1843702,237386,5002345,15357,4345282560,1,17725:10
59483131,17725,3472465920,5141106688,1323,1348,850879,21,3342684160,1953,1843712,237387,5002418,15357,4336250880,1,17725:11
59587750,17725,3475349504,5141106688,1325,1350,851607,21,3348975616,1954,1843715,237390,5002495,15359,4333252608,1,17725:4
59692841,17725,3475349504,5141106688,1325,1351,851607,21,3356839936,1954,1843716,237392,5002577,15359,4332654592,1,17725:1
59797912,17725,3475349504,5141106688,1326,1353,851607,21,3364179968,1954,1843716,237398,5002652,15359,4333322240,1,17725:3
59902881,17725,3475349504,5141106688,1326,1356,851607,21,3372044288,1954,1843717,237400,5002732,15359,4333953024,1,17725:3
60008172,17725,3475349504,5141106688,1326,1357,851607,21,3380432896,1954,1843718,237402,5002813,15359,4333826048,1,17725:1
60113688,17725,3475349504,5141106688,1326,1360,851607,21,3388297216,1954,1843718,237405,5002895,15359,4333957120,1,17725:3
60219006,17725,3475349504,5141106688,1326,1362,851607,21,3396161536,1954,1843718,237408,5002976,15359,4333830144,1,17725:2
60324647,17725,3475349504,5141106688,1326,1365,851607,21,3404025856,1954,1843719,237410,5003057,15359,4333961216,1,17725:3
60429660,17725,3475349504,5141106688,1326,1367,851607,21,3411890176,1954,1843719,237414,5003138,15359,4333834240,1,17725:2
60534719,17725,3475349504,5141106688,1326,1369,851607,21,3419754496,1954,1843719,237417,5003219,15359,4333965312,1,17725:2
60639934,17725,3475349504,5141106688,1326,1371,851607,21,3427618816,1954,1843720,237420,5003298,15359,4333174784,1,17725:2
60745196,17725,3475349504,5141106688,1326,1374,851607,21,3435483136,1954,1843720,237424,5003378,15359,4333662208,1,17725:3
60850035,17725,3475349504,5141106688,1326,1376,851607,21,3443347456,1954,1843720,237427,5003458,15359,4333543424,1,17725:2
60954814,17725,3480199168,5141106688,1331,1378,852768,21,3445977088,1956,1843726,237429,5003534,15359,4328640512,1,17725:7
61059382,17725,3488718848,5141106688,1341,1378,854875,21,3445977088,1956,1843736,237429,5003607,15359,4319866880,1,17725:10
61164009,17725,3497500672,5141106688,1351,1379,856994,21,3445977088,1956,1843746,237430,5003680,15359,4311093248,1,17725:11
61268671,17725,3506151424,5141106688,1361,1380,859106,21,3445977088,1956,1843757,237431,5003752,15359,4302577664,1,17725:11
61373403,17725,3514933248,5141106688,1369,1381,861256,21,3445977088,1956,1843767,237434,5003822,15359,4293804032,1,17725:10
61478194,17725,3523452928,5141106688,1379,1382,863346,21,3445977088,1956,1843777,237436,5003895,15359,4285288448,1,17725:10
61582932,17725,3532103680,5141106688,1389,1383,865461,21,3445977088,1956,1843787,237439,5003964,15359,4276047872,1,17725:11
61687557,17725,3540754432,5141106688,1400,1383,867581,21,3445977088,1956,1843798,237440,5004037,15359,4267323392,1,17725:11
61792158,17725,3549405184,5141106688,1409,1384,869686,21,3445977088,1956,1843808,237440,5004109,15359,4258709504,1,17725:10
61896871,17725,3558055936,5141106688,1420,1384,871792,21,3445977088,1956,1843819,237440,5004182,15359,4250193920,1,17725:11
62001581,17725,3566706688,5141106688,1429,1384,873907,21,3445977088,1956,1843829,237441,5004255,15359,4241420288,1,17725:10
62106357,17725,3575357440,5141106688,1438,1386,876021,21,3445977088,1956,1843838,237443,5004328,15359,4232646656,1,17725:10
62210949,17725,3579158528,5141106688,1443,1388,876951,21,3451219968,1957,1843843,237444,5004405,15359,4229079040,1,17725:7
62315782,17725,3579158528,5141106688,1443,1390,876951,21,3459084288,1957,1843843,237446,5004486,15359,4229210112,1,17725:2
62420616,17725,3579158528,5141106688,1443,1392,876951,21,3466948608,1957,1843844,237452,5004563,15359,4228984832,1,17725:2
62525999,17725,3579158528,5141106688,1443,1395,876951,21,3475337216,1957,1843844,237455,5004644,15359,4228943872,1,17725:3
62631549,17725,3579158528,5141106688,1443,1397,876951,21,3483201536,1957,1843845,237457,5004726,15359,4228829184,1,17725:2
62736692,17725,3579158528,5141106688,1443,1399,876951,21,3491065856,1957,1843846,237459,5004807,15359,4228702208,1,17725:2
62841621,17725,3579158528,5141106688,1443,1401,876951,21,3498930176,1957,1843846,237462,5004887,15359,4228833280,1,17725:2
62946078,17725,3579158528,5141106688,1443,1403,876951,21,3506794496,1957,1843847,237464,5004965,15359,4229144576,1,17725:2
63050937,17725,3579158528,5141106688,1444,1405,876951,21,3514658816,1957,1843848,237466,5005046,15359,4229226496,1,17725:3
63156244,17725,3579158528,5141106688,1444,1407,876951,21,3523047424,1957,1843848,237469,5005128,15359,4229124096,1,17725:2
63261657,17725,3579158528,5141106688,1444,1409,876951,21,3530911744,1957,1843849,237473,5005207,15359,4229021696,1,17725:2
63367624,17725,3579158528,5141106688,1444,1412,876951,21,3538776064,1957,1843849,237476,5005286,15359,4228673536,1,17725:3
63472498,17725,3579158528,5141106688,1444,1414,876951,21,3546640384,1957,1843850,237478,5005367,15359,4228804608,1,17725:2
63577495,17725,3584139264,5141106688,1450,1415,878164,21,3549270016,1959,1843857,237479,5005443,15359,4223447040,1,17725:7
63682264,17725,3592790016,5141106688,1459,1416,880272,21,3549270016,1959,1843866,237480,5005516,15359,4214968320,1,17725:11
63786892,17725,3601440768,5141106688,1469,1417,882378,21,3549270016,1959,1843876,237481,5005588,15359,4206354432,1,17725:10
63891540,17725,3610091520,5141106688,1478,1418,884491,21,3549270016,1959,1843886,237482,5005661,15359,4197838848,1,17725:10
63996083,17725,3618742272,5141106688,1488,1419,886602,21,3549270016,1959,1843895,237484,5005734,15359,4189065216,1,17725:11
64100784,17725,3627393024,5141106688,1497,1420,888716,21,3549270016,1959,1843906,237484,5005806,15359,4180549632,1,17725:10
64205488,17725,3636043776,5141106688,1507,1421,890815,21,3549270016,1959,1843916,237488,5005876,15359,4172242944,1,17725:11
64310261,17725,3644563456,5141106688,1516,1422,892914,21,3549270016,1959,1843925,237490,5005949,15359,4163727360,1,17725:10
64414899,17725,3653345280,5141106688,1525,1423,895045,21,3549270016,1959,1843935,237493,5006018,15359,4154953728,1,17725:10
64519631,17725,3661864960,5141106688,1535,1424,897149,21,3549270016,1959,1843945,237494,5006091,15359,4146438144,1,17725:11
64624315,17725,3670646784,5141106688,1545,1425,899270,21,3549270016,1959,1843955,237495,5006164,15359,4137664512,1,17725:11
64729062,17725,3679297536,5141106688,1554,1426,901391,21,3549270016,1959,1843965,237497,5006237,15359,4128632832,1,17725:10
64833810,17725,3682967552,5141106688,1557,1429,902295,21,3554512896,1960,1843969,237499,5006314,15359,4125335552,1,17725:6
64938690,17725,3682967552,5141106688,1558,1430,902295,21,3562377216,1960,1843969,237501,5006395,15359,4125208576,1,17725:2
65043407,17725,3682967552,5141106688,1558,1433,902295,21,3570241536,1960,1843969,237507,5006472,15359,4124872704,1,17725:3
65148195,17725,3682967552,5141106688,1558,1435,902295,21,3578105856,1960,1843969,237509,5006553,15359,4124745728,1,17725:2
65253056,17725,3682967552,5141106688,1558,1437,902295,21,3585970176,1960,1843970,237511,5006634,15359,4124827648,1,17725:2
65358350,17725,3682967552,5141106688,1558,1439,902295,21,3593834496,1960,1843970,237513,5006715,15359,4124762112,1,17725:2
65463636,17725,3682967552,5141106688,1558,1441,902295,21,3601698816,1960,1843970,237515,5006796,15359,4124585984,1,17725:2
65568922,17725,3682967552,5141106688,1559,1443,902295,21,3610087424,1960,1843971,237517,5006878,15359,4124803072,1,17725:3
65674220,17725,3682967552,5141106688,1559,1445,902295,21,3617951744,1960,1843971,237518,5006960,15359,4124684288,1,17725:2
65779773,17725,3682967552,5141106688,1559,1447,902295,21,3625816064,1960,1843972,237522,5007041,15359,4124975104,1,17725:2
65885149,17725,3682967552,5141106688,1559,1449,902295,21,3633680384,1960,1843972,237527,5007121,15359,4124332032,1,17725:2
65991439,17725,3682967552,5141106688,1559,1452,902295,21,3641544704,1960,1843972,237535,5007197,15359,4125265920,1,17725:3
66096741,17725,3682967552,5141106688,1559,1455,902295,21,3649409024,1960,1843973,237538,5007277,15359,4124946432,1,17725:3
66201552,17725,3687030784,5141106688,1562,1457,903270,21,3652562944,1962,1843978,237539,5007353,15360,4120756224,1,17725:5
66306262,17725,3695681536,5141106688,1572,1458,905368,21,3652562944,1962,1843988,237540,5007425,15360,4111982592,1,17725:11
66410802,17725,3704070144,5141106688,1581,1460,907455,21,3652562944,1962,1843997,237542,5007498,15360,4103467008,1,17725:11
66516019,17725,3712720896,5141106688,1591,1460,909560,21,3652562944,1962,1844007,237543,5007571,15360,4094693376,1,17725:10
66621900,17725,3721371648,5141106688,1599,1462,911685,21,3652562944,1962,1844017,237545,5007645,15360,4086177792,1,17725:11
66727190,17725,3730153472,5141106688,1610,1462,913813,21,3652562944,1962,1844027,237545,5007718,15360,4077670400,1,17725:10
66832607,17725,3738411008,5141106688,1617,1465,915850,21,3652562944,1962,1844036,237551,5007787,15360,4069310464,1,17725:10
66937245,17725,3747192832,5141106688,1627,1465,917975,21,3652562944,1962,1844046,237552,5007860,15360,4060536832,1,17725:10
67041965,17725,3755843584,5141106688,1637,1466,920088,21,3652562944,1962,1844056,237552,5007933,15360,4051763200,1,17725:12
67146592,17725,3764494336,5141106688,1647,1467,922209,21,3652562944,1962,1844066,237553,5008005,15360,4043247616,1,17725:10
67251181,17725,3773014016,5141106688,1657,1467,924307,21,3652562944,1962,1844077,237553,5008078,15360,4034732032,1,17725:10
67355717,17725,3781664768,5141106688,1667,1468,926397,21,3652562944,1962,1844087,237554,5008151,15360,4025958400,1,17725:11
67460331,17725,3786645504,5141106688,1672,1470,927669,21,3656757248,1963,1844093,237558,5008224,15360,4021313536,1,17725:7
67566076,17725,3786645504,5141106688,1672,1472,927669,21,3664621568,1963,1844094,237561,5008306,15360,4021436416,1,17725:2
67671826,17725,3786645504,5141106688,1672,1474,927669,21,3671961600,1963,1844094,237566,5008383,15360,4021354496,1,17725:2
67776944,17725,3786645504,5141106688,1672,1477,927669,21,3679825920,1963,1844094,237570,5008464,15360,4021391360,1,17725:3
67882139,17725,3786645504,5141106688,1673,1479,927669,21,3687690240,1963,1844094,237571,5008545,15360,4021522432,1,17725:3
67987111,17725,3786645504,5141106688,1673,1481,927669,21,3696078848,1963,1844095,237573,5008626,15360,4021432320,1,17725:2
68092440,17725,3786645504,5141106688,1673,1483,927669,21,3703418880,1963,1844095,237576,5008707,15360,4021526528,1,17725:2
68197418,17725,3786645504,5141106688,1673,1486,927669,21,3711807488,1963,1844095,237580,5008788,15360,4021444608,1,17725:3
68302756,17725,3786645504,5141106688,1673,1488,927669,21,3719671808,1963,1844095,237582,5008869,15360,4021575680,1,17725:2
68407920,17725,3786645504,5141106688,1673,1490,927669,21,3727536128,1963,1844096,237584,5008951,15360,4021448704,1,17725:2
68513222,17725,3786645504,5141106688,1673,1492,927669,21,3735400448,1963,1844096,237586,5009032,15360,4021579776,1,17725:2
68618383,17725,3786645504,5141106688,1673,1494,927669,21,3743264768,1963,1844096,237592,5009109,15360,4023566336,1,17725:3
68723543,17725,3786645504,5141106688,1673,1497,927669,21,3751129088,1963,1844096,237596,5009190,15360,4023590912,1,17725:2
68828221,17725,3789135872,5141106688,1676,1499,928255,21,3755855872,1965,1844100,237597,5009268,15360,4020862976,1,17725:5
68932858,17725,3797786624,5141106688,1684,1501,930358,21,3755855872,1965,1844110,237599,5009340,15360,4012539904,1,17725:10
69037428,17725,3806044160,5141106688,1694,1501,932397,21,3755855872,1965,1844120,237601,5009410,15360,4004257792,1,17725:10
69142134,17725,3814694912,5141106688,1704,1501,934496,21,3755855872,1965,1844130,237602,5009483,15360,3995742208,1,17725:10
69246771,17725,3823345664,5141106688,1714,1503,936599,21,3755855872,1965,1844140,237603,5009555,15360,3987226624,1,17725:12
69351353,17725,3831865344,5141106688,1723,1504,938703,21,3755855872,1965,1844149,237604,5009628,15360,3978452992,1,17725:10
69455895,17725,3840516096,5141106688,1733,1504,940807,21,3755855872,1965,1844160,237606,5009699,15360,3969916928,1,17725:10
69561011,17725,3849297920,5141106688,1743,1504,942937,21,3755855872,1965,1844170,237608,5009770,15360,3961118720,1,17725:10
69665694,17725,3857948672,5141106688,1752,1506,945046,21,3755855872,1965,1844179,237610,5009843,15360,3952361472,1,17725:11
69770322,17725,3866468352,5141106688,1761,1507,947143,21,3755855872,1965,1844189,237611,5009916,15360,3943587840,1,17725:11
69874844,17725,3875250176,5141106688,1771,1508,949273,21,3755855872,1965,1844198,237613,5009988,15360,3935072256,1,17725:10
69979389,17725,3883900928,5141106688,1781,1509,951388,21,3755855872,1965,1844208,237614,5010061,15360,3926298624,1,17725:11
70083884,17725,3890454528,5141106688,1787,1511,953013,21,3758477312,1966,1844215,237615,5010135,15361,3919994880,1,17725:8
70189422,17725,3890454528,5141106688,1787,1513,953013,21,3766341632,1966,1844216,237618,5010216,15361,3920125952,1,17725:2
70294530,17725,3890454528,5141106688,1787,1515,953013,21,3774205952,1966,1844216,237622,5010297,15361,3919372288,1,17725:2
70400551,17725,3890454528,5141106688,1787,1517,953013,21,3782070272,1966,1844216,237628,5010375,15361,3920449536,1,17725:2
70505217,17725,3890454528,5141106688,1787,1520,953013,21,3789934592,1966,1844216,237632,5010455,15361,3920322560,1,17725:3
70610402,17725,3890454528,5141106688,1787,1522,953013,21,3797798912,1966,1844218,237636,5010534,15361,3920445440,1,17725:2
70715164,17725,3890454528,5141106688,1787,1524,953013,21,3805663232,1966,1844218,237638,5010615,15361,3920318464,1,17725:2
70819946,17725,3890454528,5141106688,1787,1526,953013,21,3813527552,1966,1844218,237639,5010696,15361,3920457728,1,17725:2
70924666,17725,3890454528,5141106688,1787,1528,953013,21,3821391872,1966,1844219,237641,5010777,15361,3920330752,1,17725:2
71029443,17725,3890454528,5141106688,1787,1530,953013,21,3829256192,1966,1844220,237642,5010858,15361,3920461824,1,17725:2
71134168,17725,3890454528,5141106688,1787,1532,953013,21,3837120512,1966,1844220,237644,5010939,15361,3920334848,1,17725:2
71238866,17725,3890454528,5141106688,1787,1534,953013,21,3844984832,1966,1844220,237649,5011018,15361,3919556608,1,17725:2
71343995,17725,3890454528,5141106688,1787,1537,953013,21,3852849152,1966,1844220,237652,5011098,15361,3919872000,1,17725:3
71448811,17725,3891109888,5141106688,1788,1538,953154,21,3859156992,1968,1844222,237653,5011176,15363,3919147008,1,17725:2
71553446,17725,3899629568,5141106688,1798,1539,955248,21,3859156992,1968,1844233,237653,5011249,15363,3910631424,1,17725:12
71658121,17725,3908149248,5141106688,1809,1539,957337,21,3859156992,1968,1844243,237654,5011321,15363,3902115840,1,17725:10
71762687,17725,3916931072,5141106688,1818,1540,959456,21,3859156992,1968,1844252,237655,5011394,15363,3893342208,1,17725:10
71867322,17725,3925450752,5141106688,1827,1542,961554,21,3859156992,1968,1844262,237657,5011467,15363,3884978176,1,17725:11
71971863,17725,3934232576,5141106688,1837,1543,963681,21,3859156992,1968,1844272,237658,5011539,15363,3876204544,1,17725:11
72076575,17725,3943014400,5141106688,1845,1544,965843,21,3859156992,1968,1844283,237662,5011609,15363,3866365952,1,17725:9
72181846,17725,3951796224,5141106688,1854,1546,967984,21,3859156992,1968,1844292,237666,5011679,15363,3858096128,1,17725:12
72286519,17725,3960971264,5141106688,1863,1547,970209,21,3859156992,1968,1844302,237667,5011752,15363,3848806400,1,17725:10
72391051,17725,3970015232,5141106688,1874,1548,972430,21,3859156992,1968,1844312,237668,5011824,15363,3839516672,1,17725:11
72495682,17725,3979190272,5141106688,1882,1550,974655,21,3859156992,1968,1844321,237670,5011897,15363,3830226944,1,17725:10
72600328,17725,3988103168,5141106688,1892,1550,976843,21,3859156992,1968,1844331,237672,5011968,15363,3821465600,1,17725:10
72705035,17725,3994263552,5141106688,1899,1551,978357,21,3862302720,1969,1844339,237673,5012043,15363,3815018496,1,17725:8
72809894,17725,3994263552,5141106688,1899,1552,978357,21,3870167040,1969,1844339,237674,5012125,15363,3815149568,1,17725:1
72914647,17725,3994263552,5141106688,1899,1553,978357,21,3878031360,1969,1844340,237675,5012207,15363,3815022592,1,17725:1
73019202,17725,3994263552,5141106688,1899,1555,978357,21,3885895680,1969,1844340,237677,5012289,15363,3815153664,1,17725:2
73123963,17725,3994263552,5141106688,1899,1557,978357,21,3893760000,1969,1844340,237681,5012368,15363,3815362560,1,17725:2
73228987,17725,3994263552,5141106688,1899,1559,978357,21,3901624320,1969,1844341,237684,5012449,15363,3815493632,1,17725:2
73334207,17725,3994263552,5141106688,1899,1561,978357,21,3909488640,1969,1844342,237686,5012530,15363,3815366656,1,17725:2
73438950,17725,3994263552,5141106688,1899,1563,978357,21,3917352960,1969,1844342,237690,5012611,15363,3815731200,1,17725:2
73543880,17725,3994263552,5141106688,1899,1565,978357,21,3925217280,1969,1844342,237692,5012692,15363,3815604224,1,17725:2
73648787,17725,3994263552,5141106688,1899,1567,978357,21,3933081600,1969,1844344,237696,5012771,15363,3815231488,1,17725:2
73753533,17725,3994263552,5141106688,1899,1569,978357,21,3940945920,1969,1844345,237700,5012850,15363,3814805504,1,17725:2
73858279,17725,3994263552,5141106688,1899,1571,978357,21,3948810240,1969,1844345,237702,5012931,15363,3814936576,1,17725:2
73963051,17725,3994263552,5141106688,1899,1573,978357,21,3956674560,1969,1844346,237703,5013012,15363,3814809600,1,17725:2
74067795,17725,3995574272,5141106688,1899,1576,978682,21,3962449920,1971,1844348,237704,5013091,15363,3813367808,1,17725:3
74172443,17725,4004225024,5141106688,1908,1578,980783,21,3962449920,1971,1844356,237706,5013164,15363,3804594176,1,17725:11
74277028,17725,4012875776,5141106688,1917,1579,982892,21,3962449920,1971,1844366,237708,5013237,15363,3795820544,1,17725:10
74381699,17725,4021526528,5141106688,1926,1580,984994,21,3962449920,1971,1844376,237711,5013308,15363,3787886592,1,17725:11
74486366,17725,4030177280,5141106688,1937,1580,987099,21,3962449920,1971,1844386,237712,5013380,15363,3779112960,1,17725:10
74590922,17725,4038828032,5141106688,1946,1581,989214,21,3962449920,1971,1844396,237713,5013453,15363,3770339328,1,17725:10
74695541,17725,4047347712,5141106688,1955,1583,991298,21,3962449920,1971,1844405,237714,5013526,15363,3761610752,1,17725:11
74800370,17725,4055867392,5141106688,1965,1584,993391,21,3962449920,1971,1844415,237715,5013598,15363,3753095168,1,17725:11
74905006,17725,4064518144,5141106688,1974,1585,995503,21,3962449920,1971,1844425,237719,5013669,15363,3744911360,1,17725:10
75009700,17725,4073168896,5141106688,1984,1585,997606,21,3962449920,1971,1844435,237720,5013741,15363,3736137728,1,17725:10
75114308,17725,4081950720,5141106688,1994,1586,999743,21,3962449920,1971,1844446,237722,5013811,15363,3727364096,1,17725:11
75218989,17725,4090470400,5141106688,2005,1586,1001841,21,3962449920,1971,1844457,237722,5013884,15363,3718848512,1,17725:11
75323559,17725,4098072576,5141106688,2013,1587,1003701,21,3964022784,1972,1844465,237724,5013958,15363,3711025152,1,17725:9
75428651,17725,4098072576,5141106688,2013,1589,1003701,21,3972411392,1972,1844466,237725,5014039,15363,3710984192,1,17725:2
75533540,17725,4098072576,5141106688,2013,1591,1003701,21,3980275712,1972,1844466,237729,5014119,15363,3710857216,1,17725:2
75638833,17725,4098072576,5141106688,2013,1593,1003701,21,3988140032,1972,1844466,237731,5014200,15363,3710996480,1,17725:2
75743653,17725,4098072576,5141106688,2013,1595,1003701,21,3996004352,1972,1844467,237732,5014281,15363,3710730240,1,17725:2
75848490,17725,4098072576,5141106688,2013,1597,1003701,21,4003868672,1972,1844467,237735,5014362,15363,3710861312,1,17725:2
75953376,17725,4098072576,5141106688,2013,1599,1003701,21,4011732992,1972,1844468,237737,5014444,15363,3710771200,1,17725:2
76058665,17725,4098072576,5141106688,2013,1600,1003701,21,4020121600,1972,1844468,237738,5014525,15363,3710644224,1,17725:1
76163628,17725,4098072576,5141106688,2013,1602,1003701,21,4027985920,1972,1844468,237742,5014605,15363,3710599168,1,17725:2
76268482,17725,4098072576,5141106688,2013,1604,1003701,21,4035850240,1972,1844469,237744,5014686,15363,3710730240,1,17725:2
76373193,17725,4098072576,5141106688,2013,1606,1003701,21,4043714560,1972,1844469,237746,5014767,15363,3710357504,1,17725:2
76478255,17725,4098072576,5141106688,2013,1608,1003701,21,4052103168,1972,1844470,237748,5014849,15363,3710464000,1,17725:2
76583583,17725,4098072576,5141106688,2013,1610,1003701,21,4059967488,1972,1844470,237750,5014930,15363,3710337024,1,17725:2
76688600,17725,4099383296,5141106688,2014,1612,1004005,21,4065742848,1974,1844472,237755,5015007,15363,3709296640,1,17725:3
76793430,17725,4108034048,5141106688,2024,1612,1006115,21,4065742848,1974,1844483,237757,5015077,15363,3700838400,1,17725:10
76898052,17725,4116684800,5141106688,2033,1614,1008226,21,4065742848,1974,1844492,237758,5015150,15363,3691839488,1,17725:11
77002748,17725,4125466624,5141106688,2042,1616,1010349,21,4065742848,1974,1844501,237760,5015223,15363,3683065856,1,17725:11
77107333,17725,4133986304,5141106688,2052,1616,1012439,21,4065742848,1974,1844511,237761,5015295,15363,3674550272,1,17725:10
77211829,17725,4142505984,5141106688,2061,1618,1014532,21,4065742848,1974,1844520,237762,5015368,15363,3666034688,1,17725:11
77316532,17725,4151156736,5141106688,2070,1618,1016642,21,4065742848,1974,1844531,237766,5015439,15363,3657613312,1,17725:9
77421209,17725,4159807488,5141106688,2079,1620,1018733,21,4065742848,1974,1844540,237767,5015512,15363,3648581632,1,17725:11
77525973,17725,4168458240,5141106688,2088,1621,1020846,21,4065742848,1974,1844550,237768,5015584,15363,3640066048,1,17725:11
77630639,17725,4177108992,5141106688,2097,1623,1022961,21,4065742848,1974,1844559,237770,5015657,15363,3631292416,1,17725:10
77735154,17725,4185759744,5141106688,2107,1624,1025086,21,4065742848,1974,1844569,237771,5015729,15363,3622776832,1,17725:11
77839872,17725,4194410496,5141106688,2116,1625,1027207,21,4065742848,1974,1844578,237774,5015800,15363,3614142464,1,17725:10
77944554,17725,4201881600,5141106688,2123,1627,1029045,21,4067840000,1975,1844586,237776,5015875,15363,3606646784,1,17725:9
78049844,17725,4201881600,5141106688,2124,1629,1029045,21,4075704320,1975,1844587,237778,5015956,15363,3606777856,1,17725:3
78155126,17725,4201881600,5141106688,2124,1630,1029045,21,4083568640,1975,1844588,237780,5016036,15363,3606650880,1,17725:1
78260555,17725,4201881600,5141106688,2124,1632,1029045,21,4091432960,1975,1844589,237784,5016116,15363,3606781952,1,17725:2
78365391,17725,4201881600,5141106688,2124,1634,1029045,21,4099297280,1975,1844589,237788,5016195,15363,3606257664,1,17725:2
78470190,17725,4201881600,5141106688,2124,1636,1029045,21,4107161600,1975,1844590,237791,5016276,15363,3606388736,1,17725:2
78574912,17725,4201881600,5141106688,2124,1638,1029045,21,4115025920,1975,1844590,237793,5016357,15363,3606261760,1,17725:2
78679616,17725,4201881600,5141106688,2124,1640,1029045,21,4122890240,1975,1844590,237795,5016438,15363,3606392832,1,17725:2
78784349,17725,4201881600,5141106688,2124,1642,1029045,21,4130754560,1975,1844591,237798,5016519,15363,3606265856,1,17725:2
78889084,17725,4201881600,5141106688,2124,1644,1029045,21,4138618880,1975,1844591,237800,5016600,15363,3606585344,1,17725:2
78994724,17725,4201881600,5141106688,2124,1646,1029045,21,4147007488,1975,1844592,237804,5016680,15363,3606421504,1,17725:2
79100024,17725,4201881600,5141106688,2124,1648,1029045,21,4154871808,1975,1844592,237806,5016762,15363,3606552576,1,17725:2
79205401,17725,4201881600,5141106688,2124,1650,1029045,21,4162736128,1975,1844592,237808,5016844,15363,3606425600,1,17725:2
79310640,17725,4202536960,5141106688,2124,1652,1029170,21,4169035776,1977,1844593,237809,5016924,15363,3605733376,1,17725:2
79415282,17725,4211187712,5141106688,2134,1653,1031280,21,4169035776,1977,1844603,237810,5016997,15363,3597660160,1,17725:11
79519807,17725,4219707392,5141106688,2143,1655,1033372,21,4169035776,1977,1844612,237813,5017068,15363,3588550656,1,17725:11
79624477,17725,4228358144,5141106688,2152,1656,1035476,21,4169035776,1977,1844622,237814,5017140,15363,3579777024,1,17725:10
79729150,17725,4237139968,5141106688,2160,1658,1037622,21,4169035776,1977,1844631,237820,5017210,15363,3570577408,1,17725:10
79833856,17725,4245790720,5141106688,2170,1658,1039742,21,4169035776,1977,1844642,237820,5017283,15363,3561803776,1,17725:11
79938566,17725,4254441472,5141106688,2181,1659,1041850,21,4169035776,1977,1844652,237821,5017356,15363,3553030144,1,17725:11
80043145,17725,4263092224,5141106688,2191,1659,1043955,21,4169035776,1977,1844662,237822,5017426,15363,3545411584,1,17725:10
80147764,17725,4271611904,5141106688,2201,1659,1046060,21,4169035776,1977,1844672,237823,5017499,15363,3536637952,1,17725:10
80252365,17725,4280393728,5141106688,2211,1660,1048178,21,4169035776,1977,1844683,237824,5017572,15363,3528122368,1,17725:11
80356964,17725,4289175552,5141106688,2219,1662,1050321,21,4169035776,1977,1844692,237826,5017645,15363,3519348736,1,17725:10
80461654,17725,4297826304,5141106688,2229,1662,1052435,21,4169035776,1977,1844702,237826,5017717,15363,3510317056,1,17725:10
80566313,17725,4305690624,5141106688,2238,1663,1054389,21,4170608640,1978,1844712,237829,5017789,15363,3502465024,1,17725:10
80671631,17725,4305690624,5141106688,2238,1665,1054389,21,4178472960,1978,1844712,237831,5017870,15363,3502596096,1,17725:2
80776351,17725,4305690624,5141106688,2238,1667,1054389,21,4186337280,1978,1844712,237833,5017952,15363,3502469120,1,17725:2
80881159,17725,4305690624,5141106688,2238,1669,1054389,21,4194201600,1978,1844713,237836,5018033,15363,3502551040,1,17725:2
80986399,17725,4305690624,5141106688,2238,1671,1054389,21,4202590208,1978,1844713,237838,5018114,15363,3502559232,1,17725:2
81091877,17725,4305690624,5141106688,2238,1673,1054389,21,4210454528,1978,1844713,237841,5018193,15363,3502321664,1,17725:2
81196820,17725,4305690624,5141106688,2238,1675,1054389,21,4218318848,1978,1844714,237844,5018274,15363,3502452736,1,17725:2
81301959,17725,4305690624,5141106688,2238,1677,1054389,21,4226183168,1978,1844714,237848,5018353,15363,3502333952,1,17725:2
81406685,17725,4305690624,5141106688,2238,1679,1054389,21,4234571776,1978,1844715,237850,5018434,15363,3502501888,1,17725:2
81512020,17725,4305690624,5141106688,2238,1681,1054389,21,4242436096,1978,1844716,237851,5018516,15363,3502374912,1,17725:2
81617400,17725,4305690624,5141106688,2239,1683,1054389,21,4250300416,1978,1844716,237855,5018595,15363,3502383104,1,17725:3
81722424,17725,4305690624,5141106688,2239,1685,1054389,21,4258164736,1978,1844716,237857,5018676,15363,3502256128,1,17725:2
81827210,17725,4305690624,5141106688,2239,1686,1054389,21,4266029056,1978,1844716,237859,5018757,15363,3502387200,1,17725:1
81932378,17725,4306608128,5141106688,2240,1688,1054624,21,4272328704,1980,1844718,237861,5018838,15363,3500527616,1,17725:3
82037703,17725,4315521024,5141106688,2250,1689,1056805,21,4272328704,1980,1844729,237861,5018911,15363,3491237888,1,17725:11
82143018,17725,4324696064,5141106688,2260,1690,1059022,21,4272328704,1980,1844739,237864,5018982,15363,3482595328,1,17725:11
82248276,17725,4333740032,5141106688,2269,1690,1061251,21,4272328704,1980,1844749,237865,5019055,15363,3473305600,1,17725:9
82353598,17725,4342915072,5141106688,2278,1692,1063471,21,4272328704,1980,1844758,237867,5019128,15363,3464273920,1,17725:11
82458848,17725,4352090112,5141106688,2288,1693,1065704,21,4272328704,1980,1844768,237868,5019201,15363,3454984192,1,17725:11
82564194,17725,4361003008,5141106688,2298,1693,1067910,21,4272328704,1980,1844778,237871,5019273,15363,3446333440,1,17725:10
82669429,17725,4370178048,5141106688,2307,1695,1070132,21,4272328704,1980,1844788,237873,5019346,15363,3437301760,1,17725:11
82774694,17725,4379090944,5141106688,2317,1695,1072297,21,4272328704,1980,1844799,237874,5019416,15363,3429031936,1,17725:10
82879916,17725,4388134912,5141106688,2327,1696,1074529,21,4272328704,1980,1844809,237875,5019489,15363,3419742208,1,17725:11
82985225,17725,4397309952,5141106688,2336,1696,1076755,21,4272328704,1980,1844820,237876,5019562,15363,3410710528,1,17725:10
83090588,17725,4406484992,5141106688,2347,1696,1078996,21,4272328704,1980,1844830,237878,5019634,15363,3401703424,1,17725:10
83195893,17725,4409499648,5141106688,2350,1698,1079733,21,4278624256,1981,1844834,237879,5019712,15363,3398451200,1,17725:5
83301494,17725,4409499648,5141106688,2350,1700,1079733,21,4286488576,1981,1844834,237882,5019794,15363,3398582272,1,17725:2
83407311,17725,4409499648,5141106688,2350,1702,1079733,21,4294352896,1981,1844834,237885,5019876,15363,3398455296,1,17725:2
83512877,17725,4409499648,5141106688,2350,1704,1079733,21,4302217216,1981,1844835,237888,5019957,15363,3398451200,1,17725:2
83618158,17725,4409499648,5141106688,2350,1706,1079733,21,4310081536,1981,1844835,237891,5020036,15363,3398508544,1,17725:2
83722862,17725,4409499648,5141106688,2350,1708,1079733,21,4317945856,1981,1844836,237893,5020117,15363,3398455296,1,17725:2
83827655,17725,4409499648,5141106688,2350,1710,1079733,21,4325810176,1981,1844836,237894,5020198,15363,3398393856,1,17725:2
83932533,17725,4409499648,5141106688,2350,1712,1079733,21,4333674496,1981,1844837,237897,5020280,15363,3398590464,1,17725:2
84037525,17725,4409499648,5141106688,2350,1714,1079733,21,4341538816,1981,1844837,237898,5020361,15363,3398295552,1,17725:2
84142684,17725,4409499648,5141106688,2351,1716,1079733,21,4349403136,1981,1844838,237901,5020440,15363,3398688768,1,17725:3
84247673,17725,4409499648,5141106688,2351,1718,1079733,21,4357791744,1981,1844838,237903,5020522,15363,3398795264,1,17725:2
84353336,17725,4409499648,5141106688,2351,1720,1079733,21,4365656064,1981,1844839,237908,5020601,15363,3398414336,1,17725:2
84458897,17725,4409499648,5141106688,2351,1722,1079733,21,4373520384,1981,1844840,237910,5020682,15363,3398545408,1,17725:2
84564008,17725,4414480384,5141106688,2356,1723,1080943,21,4376662016,1983,1844846,237912,5020758,15363,3392716800,1,17725:6
84669566,17725,4423655424,5141106688,2366,1723,1083180,21,4376662016,1983,1844856,237913,5020830,15363,3384102912,1,17725:11
84774879,17725,4432830464,5141106688,2377,1724,1085420,21,4376662016,1983,1844866,237914,5020903,15363,3375071232,1,17725:11
84880085,17725,4442005504,5141106688,2387,1724,1087661,21,4376662016,1983,1844876,237914,5020976,15363,3365523456,1,17725:10
84985222,17725,4451180544,5141106688,2397,1724,1089903,21,4376662016,1983,1844888,237915,5021049,15363,3356491776,1,17725:11
85090561,17725,4460355584,5141106688,2407,1724,1092145,21,4376662016,1983,1844898,237917,5021121,15363,3347111936,1,17725:10
85195777,17725,4469530624,5141106688,2417,1725,1094392,21,4376662016,1983,1844908,237918,5021194,15363,3337822208,1,17725:10
85300996,17725,4478705664,5141106688,2427,1725,1096641,21,4376662016,1983,1844919,237918,5021267,15363,3328790528,1,17725:10
85406256,17725,4488011776,5141106688,2438,1725,1098898,21,4376662016,1983,1844930,237918,5021340,15363,3319500800,1,17725:11
85511641,17725,4497186816,5141106688,2448,1726,1101144,21,4376662016,1983,1844940,237920,5021411,15363,3310129152,1,17725:11
85616854,17725,4506361856,5141106688,2457,1727,1103388,21,4376662016,1983,1844950,237922,5021484,15363,3300839424,1,17725:10
85722094,17725,4513308672,5141106688,2465,1728,1105077,21,4379287552,1984,1844958,237922,5021559,15364,3294154752,1,17725:9
85826903,17725,4513308672,5141106688,2465,1730,1105077,21,4387151872,1984,1844958,237928,5021637,15364,3294715904,1,17725:2
85931929,17725,4513308672,5141106688,2465,1732,1105077,21,4395016192,1984,1844959,237930,5021717,15364,3293589504,1,17725:2
86037100,17725,4513308672,5141106688,2465,1734,1105077,21,4402880512,1984,1844960,237933,5021797,15364,3293962240,1,17725:2
86141909,17725,4513308672,5141106688,2465,1736,1105077,21,4410744832,1984,1844960,237934,5021879,15364,3294093312,1,17725:2
86246621,17725,4513308672,5141106688,2465,1738,1105077,21,4418609152,1984,1844960,237936,5021960,15364,3294224384,1,17725:2
86351537,17725,4513308672,5141106688,2465,1740,1105077,21,4426473472,1984,1844961,237937,5022041,15364,3294097408,1,17725:2
86456432,17725,4513308672,5141106688,2466,1741,1105077,21,4434337792,1984,1844961,237940,5022120,15364,3294437376,1,17725:2
86561385,17725,4513308672,5141106688,2466,1743,1105077,21,4442202112,1984,1844962,237942,5022202,15364,3294269440,1,17725:2
86666870,17725,4513308672,5141106688,2466,1745,1105077,21,4450590720,1984,1844962,237944,5022284,15364,3294425088,1,17725:2
86772649,17725,4513308672,5141106688,2466,1747,1105077,21,4458455040,1984,1844963,237945,5022365,15364,3294298112,1,17725:2
86878237,17725,4513308672,5141106688,2466,1749,1105077,21,4466319360,1984,1844963,237948,5022447,15364,3294429184,1,17725:2
86983409,17725,4513308672,5141106688,2466,1751,1105077,21,4474183680,1984,1844963,237953,5022525,15364,3294285824,1,17725:2
87088152,17725,4513964032,5141106688,2466,1754,1105246,21,4480995328,1986,1844964,237956,5022605,15364,3293372416,1,17725:3
87193428,17725,4522876928,5141106688,2475,1756,1107424,21,4480995328,1986,1844973,237958,5022678,15364,3284340736,1,17725:11
87298646,17725,4532183040,5141106688,2485,1757,1109673,21,4480995328,1986,1844983,237959,5022751,15364,3275309056,1,17725:11
87403839,17725,4541358080,5141106688,2494,1758,1111920,21,4480995328,1986,1844994,237963,5022819,15364,3265589248,1,17725:10
87509018,17725,4550008832,5141106688,2503,1760,1114026,21,4480995328,1986,1845004,237965,5022892,15364,3256815616,1,17725:11
87614274,17725,4558659584,5141106688,2513,1760,1116159,21,4480995328,1986,1845014,237966,5022965,15364,3248300032,1,17725:10
87719415,17725,4567441408,5141106688,2522,1762,1118285,21,4480995328,1986,1845023,237968,5023038,15364,3239571456,1,17725:11
87824804,17725,4576092160,5141106688,2530,1764,1120418,21,4480995328,1986,1845033,237970,5023111,15364,3230601216,1,17725:10
87930346,17725,4584742912,5141106688,2540,1765,1122531,21,4480995328,1986,1845042,237972,5023182,15364,3222134784,1,17725:11
88035582,17725,4593393664,5141106688,2550,1765,1124637,21,4480995328,1986,1845053,237973,5023255,15364,3213619200,1,17725:10
88140852,17725,4602044416,5141106688,2559,1767,1126738,21,4480995328,1986,1845062,237975,5023328,15364,3205103616,1,17725:11
88246150,17725,4610695168,5141106688,2568,1769,1128848,21,4480995328,1986,1845072,237976,5023401,15364,3196329984,1,17725:11
88351352,17725,4617117696,5141106688,2575,1770,1130421,21,4483620864,1987,1845078,237980,5023474,15365,3189866496,1,17725:8
88455966,17725,4617117696,5141106688,2575,1773,1130421,21,4491485184,1987,1845079,237982,5023554,15365,3189997568,1,17725:3
88560691,17725,4617117696,5141106688,2575,1775,1130421,21,4499349504,1987,1845079,237985,5023635,15365,3189624832,1,17725:2
88665951,17725,4617117696,5141106688,2575,1777,1130421,21,4507213824,1987,1845079,237987,5023717,15365,3189497856,1,17725:2
88771366,17725,4617117696,5141106688,2575,1779,1130421,21,4515078144,1987,1845080,237990,5023796,15365,3190325248,1,17725:2
88877001,17725,4617117696,5141106688,2575,1781,1130421,21,4523466752,1987,1845081,237995,5023875,15365,3190464512,1,17725:2
88982610,17725,4617117696,5141106688,2575,1783,1130421,21,4531331072,1987,1845081,237997,5023957,15365,3190337536,1,17725:2
89087868,17725,4617117696,5141106688,2575,1785,1130421,21,4539195392,1987,1845082,237998,5024038,15365,3190468608,1,17725:2
89193295,17725,4617117696,5141106688,2576,1786,1130421,21,4547059712,1987,1845082,238001,5024120,15365,3190341632,1,17725:2
89298924,17725,4617117696,5141106688,2576,1788,1130421,21,4554924032,1987,1845082,238004,5024200,15365,3190419456,1,17725:2
89403694,17725,4617117696,5141106688,2576,1790,1130421,21,4562788352,1987,1845082,238006,5024281,15365,3190550528,1,17725:2
89508542,17725,4617117696,5141106688,2576,1792,1130421,21,4570652672,1987,1845083,238008,5024362,15365,3190423552,1,17725:2
89613299,17725,4617117696,5141106688,2576,1794,1130421,21,4578516992,1987,1845084,238010,5024443,15365,3190554624,1,17725:2
89718112,17725,4617904128,5141106688,2576,1796,1130621,21,4585328640,1989,1845084,238013,5024523,15365,3189383168,1,17725:3
89823359,17725,4626554880,5141106688,2585,1798,1132733,21,4585328640,1989,1845093,238016,5024594,15365,3180302336,1,17725:10
89928633,17725,4635205632,5141106688,2594,1800,1134827,21,4585328640,1989,1845103,238018,5024668,15365,3171528704,1,17725:11
90033876,17725,4643725312,5141106688,2603,1801,1136922,21,4585328640,1989,1845113,238019,5024741,15365,3163013120,1,17725:11
90139188,17725,4652376064,5141106688,2612,1803,1139015,21,4585328640,1989,1845122,238021,5024814,15365,3154497536,1,17725:10
90244476,17725,4660895744,5141106688,2621,1804,1141121,21,4585328640,1989,1845132,238024,5024885,15365,3145682944,1,17725:10
90349776,17725,4669546496,5141106688,2630,1805,1143227,21,4585328640,1989,1845142,238025,5024958,15365,3137167360,1,17725:10
90455075,17725,4678328320,5141106688,2641,1805,1145375,21,4585328640,1989,1845154,238026,5025028,15365,3129327616,1,17725:11
90560348,17725,4686979072,5141106688,2651,1806,1147475,21,4585328640,1989,1845165,238027,5025101,15365,3120553984,1,17725:11
90665665,17725,4695629824,5141106688,2661,1807,1149598,21,4585328640,1989,1845175,238029,5025173,15365,3111297024,1,17725:11
90770968,17725,4704280576,5141106688,2670,1808,1151706,21,4585328640,1989,1845184,238030,5025246,15365,3102294016,1,17725:10
90876160,17725,4712931328,5141106688,2680,1809,1153815,21,4585328640,1989,1845194,238031,5025319,15365,3093778432,1,17725:11
90981430,17725,4720926720,5141106688,2687,1811,1155765,21,4586905600,1990,1845202,238034,5025393,15366,3086020608,1,17725:9
91087366,17725,4720926720,5141106688,2687,1813,1155765,21,4594769920,1990,1845202,238040,5025472,15366,3085918208,1,17725:2
91193213,17725,4720926720,5141106688,2687,1816,1155765,21,4602634240,1990,1845203,238043,5025553,15366,3086049280,1,17725:3
91298612,17725,4720926720,5141106688,2687,1819,1155765,21,4610498560,1990,1845203,238046,5025634,15366,3085676544,1,17725:3
91403938,17725,4720926720,5141106688,2687,1821,1155765,21,4618362880,1990,1845204,238048,5025715,15366,3085807616,1,17725:2
91509083,17725,4720926720,5141106688,2687,1824,1155765,21,4626227200,1990,1845204,238052,5025793,15366,3086229504,1,17725:3
91614003,17725,4720926720,5141106688,2687,1826,1155765,21,4634091520,1990,1845204,238055,5025874,15366,3086360576,1,17725:2
91718858,17725,4720926720,5141106688,2687,1829,1155765,21,4641955840,1990,1845205,238058,5025955,15366,3086233600,1,17725:3
91823837,17725,4720926720,5141106688,2687,1831,1155765,21,4649820160,1990,1845205,238061,5026035,15366,3086364672,1,17725:2
91928853,17725,4720926720,5141106688,2687,1834,1155765,21,4657684480,1990,1845206,238067,5026112,15366,3085635584,1,17725:3
92033918,17725,4720926720,5141106688,2687,1837,1155765,21,4665548800,1990,1845207,238070,5026192,15366,3085729792,1,17725:3
92138731,17725,4720926720,5141106688,2687,1839,1155765,21,4673413120,1990,1845207,238074,5026272,15366,3085860864,1,17725:2
92243566,17725,4720926720,5141106688,2687,1841,1155765,21,4681277440,1990,1845208,238077,5026353,15366,3085733888,1,17725:2
92348356,17725,4720926720,5141106688,2687,1844,1155765,21,4689141760,1990,1845208,238079,5026434,15366,3085864960,1,17725:3
92453354,17725,4728659968,5141106688,2694,1846,1157659,21,4689661952,1992,1845217,238082,5026506,15366,3077877760,1,17725:9
92558669,17725,4737441792,5141106688,2704,1847,1159793,21,4689661952,1992,1845227,238082,5026579,15366,3069104128,1,17725:11
92663946,17725,4746092544,5141106688,2715,1847,1161923,21,4689661952,1992,1845238,238082,5026652,15366,3060588544,1,17725:11
92769163,17725,4754874368,5141106688,2724,1848,1164056,21,4689661952,1992,1845248,238084,5026725,15366,3051827200,1,17725:11
92874481,17725,4763656192,5141106688,2734,1848,1166195,21,4689661952,1992,1845259,238086,5026796,15366,3043037184,1,17725:10
92979735,17725,4772438016,5141106688,2744,1849,1168329,21,4689661952,1992,1845269,238087,5026869,15366,3034382336,1,17725:10
93085017,17725,4781088768,5141106688,2754,1849,1170464,21,4689661952,1992,1845280,238087,5026942,15366,3025608704,1,17725:10
93190264,17725,4789870592,5141106688,2765,1849,1172587,21,4689661952,1992,1845291,238087,5027015,15366,3016835072,1,17725:11
93295652,17725,4798521344,5141106688,2775,1850,1174725,21,4689661952,1992,1845301,238089,5027086,15366,3008057344,1,17725:11
93400936,17725,4807303168,5141106688,2785,1850,1176857,21,4689661952,1992,1845312,238090,5027159,15366,2999025664,1,17725:10
93506207,17725,4816084992,5141106688,2794,1851,1179012,21,4689661952,1992,1845322,238093,5027230,15366,2990252032,1,17725:11
93611396,17725,4824735744,5141106688,2804,1853,1181109,21,4689666048,1992,1845331,238095,5027302,15366,2981859328,1,17725:11
93716742,17725,4824735744,5141106688,2804,1855,1181109,21,4698054656,1993,1845332,238098,5027381,15367,2982371328,1,17725:2
93821606,17725,4824735744,5141106688,2804,1857,1181109,21,4705918976,1993,1845332,238100,5027462,15367,2982244352,1,17725:2
93926557,17725,4824735744,5141106688,2804,1859,1181109,21,4713783296,1993,1845332,238103,5027543,15367,2982080512,1,17725:2
94032275,17725,4824735744,5141106688,2804,1861,1181109,21,4722171904,1993,1845333,238105,5027625,15367,2981986304,1,17725:3
94137945,17725,4824735744,5141106688,2804,1864,1181109,21,4730036224,1993,1845334,238109,5027704,15367,2982412288,1,17725:2
94242892,17725,4824735744,5141106688,2804,1866,1181109,21,4737900544,1993,1845334,238112,5027784,15367,2982285312,1,17725:2
94347736,17725,4824735744,5141106688,2804,1869,1181109,21,4746289152,1993,1845334,238114,5027865,15367,2982453248,1,17725:3
94453464,17725,4824735744,5141106688,2804,1871,1181109,21,4754153472,1993,1845335,238116,5027947,15367,2982326272,1,17725:2
94559180,17725,4824735744,5141106688,2804,1873,1181109,21,4762017792,1993,1845336,238121,5028026,15367,2982457344,1,17725:2
94664656,17725,4824735744,5141106688,2804,1876,1181109,21,4769882112,1993,1845336,238124,5028107,15367,2982330368,1,17725:3
94769475,17725,4824735744,5141106688,2804,1878,1181109,21,4777746432,1993,1845337,238126,5028188,15367,2982461440,1,17725:2
94874546,17725,4824735744,5141106688,2805,1880,1181109,21,4785610752,1993,1845337,238127,5028269,15367,2982334464,1,17725:3
94979266,17725,4824735744,5141106688,2805,1882,1181109,21,4793470976,1993,1845338,238133,5028346,15367,2982576128,1,17725:2
95084901,17725,4832468992,5141106688,2813,1884,1182992,21,4793470976,1995,1845348,238135,5028419,15367,2974576640,1,17725:10
95190280,17725,4841119744,5141106688,2823,1884,1185120,21,4793470976,1995,1845358,238135,5028492,15367,2965544960,1,17725:10
95295590,17725,4849901568,5141106688,2833,1885,1187257,21,4793470976,1995,1845368,238136,5028565,15367,2956771328,1,17725:11
95400930,17725,4858683392,5141106688,2843,1885,1189386,21,4793470976,1995,1845379,238138,5028637,15367,2948599808,1,17725:10
95506256,17725,4867334144,5141106688,2851,1887,1191506,21,4793470976,1995,1845388,238140,5028710,15367,2939826176,1,17725:11
95611661,17725,4875984896,5141106688,2861,1888,1193611,21,4793470976,1995,1845397,238142,5028783,15367,2931052544,1,17725:10
95716992,17725,4884635648,5141106688,2870,1889,1195737,21,4793470976,1995,1845408,238142,5028856,15367,2922561536,1,17725:10
95822298,17725,4893286400,5141106688,2880,1890,1197860,21,4793470976,1995,1845418,238145,5028927,15367,2914340864,1,17725:11
95927663,17725,4902068224,5141106688,2890,1891,1199991,21,4793470976,1995,1845428,238146,5029000,15367,2905309184,1,17725:11
96032867,17725,4910718976,5141106688,2899,1892,1202109,21,4793470976,1995,1845438,238148,5029073,15367,2896535552,1,17725:10
96139397,17725,4919500800,5141106688,2910,1892,1204254,21,4793470976,1995,1845448,238150,5029146,15367,2887282688,1,17725:11
96245933,17725,4928413696,5141106688,2919,1893,1206424,21,4794519552,1996,1845458,238151,5029220,15367,2878844928,1,17725:11
96352118,17725,4928544768,5141106688,2920,1895,1206453,21,4801859584,1996,1845458,238153,5029301,15367,2878717952,1,17725:2
96457754,17725,4928544768,5141106688,2921,1897,1206453,21,4810248192,1996,1845459,238155,5029383,15367,2878849024,1,17725:3
96563524,17725,4928544768,5141106688,2921,1899,1206453,21,4818112512,1996,1845460,238162,5029460,15367,2878230528,1,17725:2
96668882,17725,4928544768,5141106688,2921,1901,1206453,21,4825976832,1996,1845461,238164,5029541,15367,2878115840,1,17725:2
96773675,17725,4928544768,5141106688,2921,1903,1206453,21,4833841152,1996,1845461,238166,5029622,15367,2877988864,1,17725:2
96878465,17725,4928544768,5141106688,2921,1905,1206453,21,4841705472,1996,1845462,238168,5029703,15367,2878119936,1,17725:2
96983800,17725,4928544768,5141106688,2921,1908,1206453,21,4849569792,1996,1845462,238172,5029782,15367,2878275584,1,17725:3
97088811,17725,4928544768,5141106688,2921,1911,1206453,21,4857434112,1996,1845462,238176,5029863,15367,2878406656,1,17725:3
97194292,17725,4928544768,5141106688,2921,1913,1206453,21,4865298432,1996,1845462,238178,5029944,15367,2878279680,1,17725:2
97299715,17725,4928544768,5141106688,2921,1915,1206453,21,4873687040,1996,1845463,238180,5030026,15367,2878394368,1,17725:2
97405517,17725,4928544768,5141106688,2921,1917,1206453,21,4881551360,1996,1845464,238184,5030106,15367,2877775872,1,17725:2
97511378,17725,4928544768,5141106688,2921,1920,1206453,21,4889415680,1996,1845464,238186,5030186,15367,2877906944,1,17725:3
97617092,17725,4928544768,5141106688,2921,1923,1206453,21,4896763904,1996,1845464,238190,5030267,15367,2877804544,1,17725:3
97721881,17725,4936671232,5141106688,2929,1924,1208439,21,4896763904,1998,1845473,238191,5030340,15367,2869559296,1,17725:10
97827344,17725,4945321984,5141106688,2939,1925,1210548,21,4896763904,1998,1845483,238193,5030412,15367,2861473792,1,17725:10
97932579,17725,4953972736,5141106688,2948,1926,1212653,21,4896763904,1998,1845494,238194,5030485,15367,2852700160,1,17725:10
98037811,17725,4962754560,5141106688,2958,1927,1214804,21,4896763904,1998,1845504,238198,5030555,15367,2843668480,1,17725:11
98147396,17725,4971798528,5141106688,2967,1929,1217017,21,4896763904,1998,1845513,238200,5030631,15367,2833518592,1,17725:11
98264398,17725,4981497856,5141106688,2978,1930,1219378,21,4896763904,1998,1845526,238202,5030711,15367,2824978432,1,17725:12
98369789,17725,4990148608,5141106688,2987,1931,1221493,21,4896763904,1998,1845535,238203,5030784,15367,2816204800,1,17725:11
98475083,17725,4998799360,5141106688,2997,1932,1223613,21,4896763904,1998,1845545,238204,5030857,15367,2807689216,1,17725:10
98580266,17725,5007581184,5141106688,3005,1934,1225737,21,4896763904,1998,1845554,238208,5030928,15367,2798698496,1,17725:10
98685503,17725,5016231936,5141106688,3015,1934,1227864,21,4896763904,1998,1845564,238208,5031001,15367,2789924864,1,17725:11
98790962,17725,5024882688,5141106688,3025,1935,1229990,21,4896763904,1998,1845574,238209,5031074,15367,2781409280,1,17725:10
98896227,17725,5032353792,5141106688,3033,1937,1231797,21,4898861056,1999,1845583,238213,5031148,15367,2774466560,1,17725:10
99002078,17725,5032353792,5141106688,3033,1939,1231797,21,4906725376,1999,1845584,238216,5031229,15367,2774597632,1,17725:2
99107560,17725,5032353792,5141106688,3033,1941,1231797,21,4914589696,1999,1845584,238217,5031310,15367,2774470656,1,17725:2
99213287,17725,5032353792,5141106688,3033,1943,1231797,21,4922454016,1999,1845585,238219,5031392,15367,2774601728,1,17725:2
99318956,17725,5032353792,5141106688,3033,1945,1231797,21,4930318336,1999,1845585,238223,5031472,15367,2774007808,1,17725:2
99424107,17725,5032353792,5141106688,3034,1947,1231797,21,4938182656,1999,1845586,238224,5031553,15367,2773893120,1,17725:3
99529237,17725,5032353792,5141106688,3034,1949,1231797,21,4946046976,1999,1845586,238226,5031634,15367,2773766144,1,17725:2
99634340,17725,5032353792,5141106688,3034,1951,1231797,21,4953911296,1999,1845587,238231,5031712,15367,2773905408,1,17725:2
99739131,17725,5032353792,5141106688,3034,1953,1231797,21,4961775616,1999,1845588,238234,5031791,15367,2774085632,1,17725:2
99843937,17725,5032353792,5141106688,3034,1956,1231797,21,4969639936,1999,1845588,238238,5031872,15367,2774216704,1,17725:3
99948754,17725,5032353792,5141106688,3034,1958,1231797,21,4977504256,1999,1845589,238239,5031953,15367,2774089728,1,17725:2
100053641,17725,5032353792,5141106688,3034,1960,1231797,21,4985368576,1999,1845589,238241,5032034,15367,2774220800,1,17725:2
100159090,17725,5032353792,5141106688,3035,1961,1231797,21,4993232896,1999,1845590,238243,5032114,15367,2774093824,1,17725:2
100264642,17725,5032747008,5141106688,3035,1963,1231884,21,5000056832,2001,1845591,238245,5032195,15367,2773549056,1,17725:2
100369935,17725,5041397760,5141106688,3045,1963,1234017,21,5000056832,2001,1845601,238246,5032268,15367,2764775424,1,17725:11
100475294,17725,5050179584,5141106688,3055,1965,1236138,21,5000056832,2001,1845611,238248,5032340,15367,2756001792,1,17725:11
100580600,17725,5058830336,5141106688,3064,1966,1238259,21,5000056832,2001,1845621,238250,5032413,15367,2746970112,1,17725:10
100685863,17725,5067481088,5141106688,3074,1967,1240380,21,5000056832,2001,1845631,238250,5032486,15367,2738196480,1,17725:11
100791144,17725,5076262912,5141106688,3084,1967,1242504,21,5000056832,2001,1845642,238250,5032559,15367,2729734144,1,17725:10
100896413,17725,5084913664,5141106688,3094,1967,1244638,21,5000056832,2001,1845653,238252,5032631,15367,2721280000,1,17725:10
101001663,17725,5093695488,5141106688,3103,1969,1246773,21,5000056832,2001,1845662,238254,5032704,15367,2712248320,1,17725:11
101106916,17725,5102608384,5141106688,3113,1970,1248944,21,5000056832,2001,1845673,238256,5032774,15367,2702958592,1,17725:11
101212175,17725,5111259136,5141106688,3123,1970,1251068,21,5000056832,2001,1845683,238259,5032846,15367,2694508544,1,17725:10
101317455,17725,5119909888,5141106688,3131,1972,1253185,21,5000056832,2001,1845693,238260,5032919,15367,2685476864,1,17725:11
101422775,17725,5128691712,5141106688,3141,1974,1255324,21,5000056832,2001,1845702,238262,5032992,15367,2676703232,1,17725:11
101528037,17725,5075042304,5141106688,3149,1976,1257141,21,5000056832,2001,1845711,238265,5033064,15367,2714796032,1,17725:10
101633699,17725,5096185856,5104795648,3152,1983,1273477,21,5000056832,2001,1845714,238273,5033137,15367,2706374656,1,17725:11
101739792,17725,5100773376,5200637952,3162,1984,1274736,21,5000056832,2001,1845725,238274,5033211,15367,2704056320,1,17725:10
101847403,17725,5103394816,5262188544,3228,1991,1278083,61,5000093696,2001,1845812,238282,5033226,15369,2701754368,8,17725:73;17729:0;17730:0;17731:0;17732:0;17733:0;17734:0;17735:0
101987524,17725,5103394816,5262188544,3328,1991,1280859,61,5000093696,2001,1845902,238284,5033234,15369,2701754368,8,17725:102;17729:97;17730:101;17731:97;17732:92;17733:95;17734:95;17735:95
102113689,17725,5103394816,5262188544,3419,1992,1280860,61,5000093696,2001,1845996,238284,5033239,15369,2701754368,8,17725:93;17729:93;17730:89;17731:89;17732:95;17733:92;17734:95;17735:96
102247394,17725,5103394816,5262188544,3516,1994,1280860,61,5000093696,2001,1846098,238285,5033248,15369,2701754368,8,17725:96;17729:101;17730:104;17731:104;17732:100;17733:103;17734:100;17735:101
102387423,17725,5103394816,5262188544,3619,1994,1281870,61,5000093696,2001,1846199,238285,5033254,15369,2701754368,8,17725:104;17729:99;17730:99;17731:99;17732:98;17733:95;17734:98;17735:98
102519912,17725,5103394816,5262188544,3715,1994,1282335,61,5000093696,2001,1846295,238286,5033263,15369,2701754368,8,17725:97;17729:99;17730:97;17731:98;17732:99;17733:99;17734:96;17735:97
102651391,17725,5104312320,5262188544,3807,1996,1283687,61,5000093696,2001,1846396,238290,5033264,15369,2700726272,8,17725:92;17729:90;17730:95;17731:94;17732:92;17733:98;17734:98;17735:95
102778588,17725,5104967680,5262188544,3903,1996,1284819,61,5000093696,2001,1846478,238290,5033278,15369,2700505088,8,17725:96;17729:96;17730:90;17731:91;17732:92;17733:86;17734:86;17735:86
102903400,17725,5104967680,5262188544,3989,1996,1285244,61,5000093696,2001,1846572,238290,5033285,15369,2700505088,8,17725:86;17729:86;17730:86;17731:89;17732:88;17733:88;17734:92;17735:92
103028454,17725,5104967680,5262188544,4080,1996,1285282,61,5000093696,2001,1846662,238291,5033292,15369,2700505088,8,17725:92;17729:92;17730:92;17731:88;17732:88;17733:88;17734:91;17735:91
103155023,17725,5104967680,5262188544,4173,1996,1285328,61,5000093696,2001,1846754,238291,5033299,15369,2700505088,8,17725:92;17729:92;17730:95;17731:96;17732:96;17733:96;17734:92;17735:93
103281488,17725,5104967680,5262188544,4263,1996,1285812,61,5000093696,2001,1846851,238291,5033307,15369,2700505088,8,17725:93;17729:93;17730:90;17731:89;17732:95;17733:95;17734:92;17735:91
103411405,17725,5104967680,5262188544,4359,1996,1285812,61,5000093696,2001,1846937,238292,5033314,15369,2700505088,8,17725:93;17729:93;17730:93;17731:98;17732:92;17733:92;17734:92;17735:93
103531396,17725,5104967680,5262188544,4443,1997,1285879,61,5000093696,2001,1847033,238292,5033322,15369,2700505088,8,17725:85;17729:91;17730:92;17731:87;17732:87;17733:87;17734:93;17735:92
103659402,17725,5104967680,5262188544,4539,1997,1286302,61,5000093696,2001,1847122,238294,5033329,15369,2700505088,8,17725:96;17729:90;17730:92;17731:93;17732:93;17733:93;17734:89;17735:90
103785029,17725,5104967680,5262188544,4628,1997,1286469,61,5000093696,2001,1847216,238295,5033337,15369,2700505088,8,17725:92;17729:92;17730:89;17731:88;17732:88;17733:94;17734:93;17735:92
103910776,17725,5070258176,5169741824,4715,1999,1286499,61,5000093696,2001,1847291,238297,5033350,15369,2741719040,8,17725:86;17729:86;17730:87;17731:87;17732:87;17733:81;17734:80;17735:81
104026775,17725,4789063680,5098958848,4715,2011,1286500,61,5000093696,2001,1847292,238309,5033428,15369,3040796672,8,17725:12;17729:12;17730:11;17731:11;17732:11;17733:12;17734:12;17735:11
104141588,17725,4475617280,5098958848,4715,2022,1286500,61,5000093696,2001,1847294,238322,5033507,15369,3355516928,8,17725:12;17729:12;17730:12;17731:12;17732:12;17733:11;17734:11;17735:11
104258960,17725,4143140864,5098958848,4715,2034,1286500,61,5000093696,2001,1847296,238335,5033585,15369,3686113280,8,17725:11;17729:11;17730:11;17731:12;17732:12;17733:12;17734:12;17735:12
104376058,17725,3800326144,5098958848,4715,2046,1286500,61,5000093696,2001,1847297,238357,5033655,15369,4011311104,8,17725:12;17729:12;17730:12;17731:12;17732:12;17733:12;17734:12;17735:12
104493051,17725,3442819072,5098958848,4715,2057,1286500,61,5000093696,2001,1847298,238381,5033723,15369,4360753152,8,17725:12;17729:12;17730:12;17731:11;17732:11;17733:11;17734:12;17735:12
104609450,17725,3125035008,5098958848,4715,2069,1286500,61,5000093696,2001,1847300,238404,5033791,15369,4691726336,8,17725:11;17729:11;17730:11;17731:12;17732:12;17733:12;17734:11;17735:11
104725660,17725,2821935104,5098958848,4715,2081,1286500,61,5000093696,2001,1847301,238428,5033860,15369,4993892352,8,17725:12;17729:12;17730:12;17731:11;17732:12;17733:12;17734:12;17735:12
104845009,17725,2516832256,2822356992,4715,2093,1286500,61,5000093696,2001,1847302,238453,5033929,15369,5322772480,8,17725:12;17729:12;17730:12;17731:12;17732:11;17733:12;17734:12;17735:12
104964346,17725,2238738432,2822356992,4715,2105,1286500,61,5000093696,2001,1847304,238476,5033997,15369,5593305088,8,17725:12;17729:12;17730:12;17731:12;17732:12;17733:11;17734:11;17735:12
105081350,17725,1938018304,2822356992,4715,2116,1286500,61,5000093696,2001,1847306,238501,5034066,15369,5887307776,8,17725:12;17729:12;17730:12;17731:12;17732:12;17733:12;17734:12;17735:11
105198668,17725,1671680000,2822356992,4715,2128,1286500,61,5000093696,2001,1847307,238525,5034134,15369,6155997184,8,17725:11;17729:11;17730:12;17731:12;17732:12;17733:12;17734:12;17735:12
105316077,17725,1375981568,2822356992,4715,2140,1286500,61,5000093696,2001,1847308,238549,5034203,15369,6437629952,8,17725:12;17729:12;17730:11;17731:12;17732:12;17733:12;17734:12;17735:12
105434416,17725,1086771200,2822356992,4715,2151,1286500,61,5000093696,2001,1847309,238573,5034272,15369,6732681216,8,17725:12;17729:12;17730:12;17731:12;17732:12;17733:12;17734:12;17735:12
105553391,17725,768987136,2822356992,4715,2164,1286500,61,5000093696,2001,1847311,238597,5034341,15369,7048716288,8,17725:12;17729:12;17730:12;17731:11;17732:12;17733:12;17734:12;17735:12
105672708,17725,490647552,2822356992,4715,2175,1286500,61,5000093696,2001,1847313,238623,5034409,15369,7331737600,8,17725:12;17729:12;17730:12;17731:12;17732:11;17733:12;17734:12;17735:12
105791382,17725,212586496,2822356992,4715,2187,1286500,61,5000093696,2001,1847314,238639,5034483,15369,7613083648,8,17725:11;17729:12;17730:12;17731:12;17732:12;17733:11;17734:11;17735:11
105906543,17725,41598976,108818432,4719,2195,1286500,61,5000093696,2001,1847322,238645,5034563,15369,7768985600,8,17725:12;17729:12;17730:12;17731:12;17732:12;17733:12;17734:13;17735:13
106024594,17725,37498880,104718336,4731,2195,1286514,61,5000093696,2001,1847334,238646,5034641,15369,7772487680,8,17725:12;17729:11;17730:11;17731:11;17732:11;17733:11;17734:10;17735:10
106138197,17725,37498880,104718336,4742,2195,1286515,61,5000093696,2001,1847346,238646,5034720,15369,7772487680,8,17725:11;17729:11;17730:11;17731:12;17732:12;17733:12;17734:12;17735:12
