elapsed_us,rss_bytes,vsize_bytes,minor_faults,major_faults,read_bytes,available_bytes,thread_count,process_cpu_pct,system_user_ticks,system_system_ticks,system_idle_ticks,system_iowait_ticks,thermal_json,frequency_json
6936,131072,3547136,15,1,405504,7831928832,1,0.0,2550148,406152,10296674,27074,"{""thermal_zone0"": 43000, ""thermal_zone1"": 44000}","{""cpu0"": 1600000, ""cpu1"": 1600000, ""cpu2"": 1600000, ""cpu3"": 1600000, ""cpu4"": 1600000, ""cpu5"": 1600000, ""cpu6"": 1600000, ""cpu7"": 1600000}"
128684,6815744,5005656064,321,53,5390336,7831523328,1,41.06844656218909,2550152,406157,10296757,27080,"{""thermal_zone0"": 43000, ""thermal_zone1"": 43000}","{""cpu0"": 1600000, ""cpu1"": 1600000, ""cpu2"": 1600000, ""cpu3"": 1600000, ""cpu4"": 1600000, ""cpu5"": 1600000, ""cpu6"": 1600000, ""cpu7"": 1600000}"
246439,9961472,5005656064,324,101,11681792,7831457792,1,8.492222966575001,2550153,406159,10296836,27090,"{""thermal_zone0"": 42000, ""thermal_zone1"": 45000}","{""cpu0"": 1600000, ""cpu1"": 1600000, ""cpu2"": 1600000, ""cpu3"": 1600000, ""cpu4"": 1600000, ""cpu5"": 1600000, ""cpu6"": 1600000, ""cpu7"": 1600000}"
363820,13107200,5005656064,327,149,17973248,7831584768,1,17.03858518812958,2550154,406162,10296915,27100,"{""thermal_zone0"": 41000, ""thermal_zone1"": 42000}","{""cpu0"": 1600000, ""cpu1"": 1600000, ""cpu2"": 1600000, ""cpu3"": 1600000, ""cpu4"": 1600000, ""cpu5"": 1600000, ""cpu6"": 1600000, ""cpu7"": 1600000}"
481371,16252928,5005656064,329,197,24264704,7830761472,1,8.506930072754074,2550156,406164,10296995,27110,"{""thermal_zone0"": 42000, ""thermal_zone1"": 43000}","{""cpu0"": 1600000, ""cpu1"": 1600000, ""cpu2"": 1600000, ""cpu3"": 1600000, ""cpu4"": 1600000, ""cpu5"": 1600000, ""cpu6"": 1600000, ""cpu7"": 1600000}"
599119,19267584,5005656064,331,246,30556160,7831011328,1,25.478093234789164,2550158,406166,10297074,27120,"{""thermal_zone0"": 42000, ""thermal_zone1"": 44000}","{""cpu0"": 1600000, ""cpu1"": 1600000, ""cpu2"": 1600000, ""cpu3"": 1600000, ""cpu4"": 1600000, ""cpu5"": 1600000, ""cpu6"": 1600000, ""cpu7"": 1600000}"
716482,22544384,5005656064,334,293,36847616,7830822912,1,8.52060827974943,2550159,406170,10297153,27130,"{""thermal_zone0"": 42000, ""thermal_zone1"": 42000}","{""cpu0"": 1600000, ""cpu1"": 1600000, ""cpu2"": 1600000, ""cpu3"": 1600000, ""cpu4"": 1600000, ""cpu5"": 1600000, ""cpu6"": 1600000, ""cpu7"": 1600000}"
834123,29491200,5006536704,622,344,41877504,7829692416,1,42.50202014226838,2550163,406174,10297234,27135,"{""thermal_zone0"": 42000, ""thermal_zone1"": 45000}","{""cpu0"": 1600000, ""cpu1"": 1600000, ""cpu2"": 1600000, ""cpu3"": 1600000, ""cpu4"": 1600000, ""cpu5"": 1600000, ""cpu6"": 1600000, ""cpu7"": 1600000}"
952191,34832384,5010448384,1870,352,42491904,7824596992,1,93.16678071692245,2550175,406175,10297315,27135,"{""thermal_zone0"": 42000, ""thermal_zone1"": 45000}","{""cpu0"": 1600000, ""cpu1"": 1600000, ""cpu2"": 1600000, ""cpu3"": 1600000, ""cpu4"": 1600000, ""cpu5"": 1600000, ""cpu6"": 1600000, ""cpu7"": 1600000}"
1071049,38420480,5014036480,2816,352,42491904,7821242368,1,109.37460877543785,2550188,406176,10297396,27135,"{""thermal_zone0"": 42000, ""thermal_zone1"": 45000}","{""cpu0"": 1600000, ""cpu1"": 1600000, ""cpu2"": 1600000, ""cpu3"": 1600000, ""cpu4"": 1600000, ""cpu5"": 1600000, ""cpu6"": 1600000, ""cpu7"": 1600000}"
1189681,41127936,5016764416,3661,352,42491904,7817887744,1,92.72317226337694,2550200,406177,10297477,27135,"{""thermal_zone0"": 43000, ""thermal_zone1"": 44000}","{""cpu0"": 1600000, ""cpu1"": 1600000, ""cpu2"": 1600000, ""cpu3"": 1600000, ""cpu4"": 1600000, ""cpu5"": 1600000, ""cpu6"": 1600000, ""cpu7"": 1600000}"
1308323,49254400,5024829440,5623,352,42491904,7810404352,1,92.71610558574163,2550213,406178,10297558,27135,"{""thermal_zone0"": 42000, ""thermal_zone1"": 44000}","{""cpu0"": 1600000, ""cpu1"": 1600000, ""cpu2"": 1600000, ""cpu3"": 1600000, ""cpu4"": 1600000, ""cpu5"": 1600000, ""cpu6"": 1600000, ""cpu7"": 1600000}"
1426925,52924416,5028462592,6529,352,42491904,7806533632,1,109.61072577038888,2550225,406180,10297639,27135,"{""thermal_zone0"": 42000, ""thermal_zone1"": 45000}","{""cpu0"": 1600000, ""cpu1"": 1600000, ""cpu2"": 1600000, ""cpu3"": 1600000, ""cpu4"": 1600000, ""cpu5"": 1600000, ""cpu6"": 1600000, ""cpu7"": 1600000}"
1545794,55676928,5030928384,7107,353,42504192,7804510208,1,100.95148117022687,2550238,406180,10297720,27135,"{""thermal_zone0"": 42000, ""thermal_zone1"": 45000}","{""cpu0"": 1600000, ""cpu1"": 1600000, ""cpu2"": 1600000, ""cpu3"": 1600000, ""cpu4"": 1600000, ""cpu5"": 1600000, ""cpu6"": 1600000, ""cpu7"": 1600000}"
1661979,55676928,5030928384,7107,353,42504192,7804510208,1,94.67598628385952,2550252,406180,10297799,27135,"{""thermal_zone0"": 42000, ""thermal_zone1"": 45000}","{""cpu0"": 1600000, ""cpu1"": 1600000, ""cpu2"": 1600000, ""cpu3"": 1600000, ""cpu4"": 1600000, ""cpu5"": 1600000, ""cpu6"": 1600000, ""cpu7"": 1600000}"
1778443,55676928,5030928384,7107,353,42504192,7804510208,1,103.03676744260709,2550264,406180,10297879,27135,"{""thermal_zone0"": 43000, ""thermal_zone1"": 45000}","{""cpu0"": 1600000, ""cpu1"": 1600000, ""cpu2"": 1600000, ""cpu3"": 1600000, ""cpu4"": 1600000, ""cpu5"": 1600000, ""cpu6"": 1600000, ""cpu7"": 1600000}"
1896756,55676928,5030928384,7107,353,42504192,7804522496,1,92.97385662209126,2550278,406181,10297960,27135,"{""thermal_zone0"": 43000, ""thermal_zone1"": 45000}","{""cpu0"": 1600000, ""cpu1"": 1600000, ""cpu2"": 1600000, ""cpu3"": 1600000, ""cpu4"": 1600000, ""cpu5"": 1600000, ""cpu6"": 1600000, ""cpu7"": 1600000}"
2014639,58953728,5034209280,7916,353,42504192,7801167872,1,110.27883205283774,2550290,406182,10298040,27135,"{""thermal_zone0"": 42000, ""thermal_zone1"": 45000}","{""cpu0"": 1600000, ""cpu1"": 1600000, ""cpu2"": 1600000, ""cpu3"": 1600000, ""cpu4"": 1600000, ""cpu5"": 1600000, ""cpu6"": 1600000, ""cpu7"": 1600000}"
2131283,58953728,5034209280,7924,353,42504192,7801167872,1,94.30404753143466,2550303,406183,10298120,27135,"{""thermal_zone0"": 42000, ""thermal_zone1"": 46000}","{""cpu0"": 1600000, ""cpu1"": 1600000, ""cpu2"": 1600000, ""cpu3"": 1600000, ""cpu4"": 1600000, ""cpu5"": 1600000, ""cpu6"": 1600000, ""cpu7"": 1600000}"
2247853,60395520,10029924352,8121,362,43532288,7799918592,1,94.36320373096324,2550314,406184,10298200,27136,"{""thermal_zone0"": 43000, ""thermal_zone1"": 45000}","{""cpu0"": 1600000, ""cpu1"": 1600000, ""cpu2"": 1600000, ""cpu3"": 1600000, ""cpu4"": 1600000, ""cpu5"": 1600000, ""cpu6"": 1600000, ""cpu7"": 1600000}"
2368053,76910592,10029924352,10229,424,51789824,7791755264,1,49.917133814083584,2550316,406188,10298289,27136,"{""thermal_zone0"": 42000, ""thermal_zone1"": 43000}","{""cpu0"": 1600000, ""cpu1"": 1600000, ""cpu2"": 1600000, ""cpu3"": 1600000, ""cpu4"": 1600000, ""cpu5"": 1600000, ""cpu6"": 1600000, ""cpu7"": 1600000}"
2489257,93425664,10029924352,12405,488,60047360,7783510016,1,33.00209161481289,2550319,406194,10298378,27136,"{""thermal_zone0"": 42000, ""thermal_zone1"": 44000}","{""cpu0"": 1600000, ""cpu1"": 1600000, ""cpu2"": 1600000, ""cpu3"": 1600000, ""cpu4"": 1600000, ""cpu5"": 1600000, ""cpu6"": 1600000, ""cpu7"": 1600000}"
2609396,109678592,10029924352,14513,550,68173824,7774892032,1,41.6184866787423,2550321,406198,10298467,27136,"{""thermal_zone0"": 42000, ""thermal_zone1"": 43000}","{""cpu0"": 1600000, ""cpu1"": 1600000, ""cpu2"": 1600000, ""cpu3"": 1600000, ""cpu4"": 1600000, ""cpu5"": 1600000, ""cpu6"": 1600000, ""cpu7"": 1600000}"
2730122,126193664,10029924352,16621,612,76431360,7766843392,1,41.4159455763993,2550324,406200,10298555,27136,"{""thermal_zone0"": 42000, ""thermal_zone1"": 46000}","{""cpu0"": 1600000, ""cpu1"": 1600000, ""cpu2"": 1600000, ""cpu3"": 1600000, ""cpu4"": 1600000, ""cpu5"": 1600000, ""cpu6"": 1600000, ""cpu7"": 1600000}"
2850882,142708736,10029924352,18797,676,84688896,7758340096,1,41.40467067706234,2550326,406205,10298644,27136,"{""thermal_zone0"": 42000, ""thermal_zone1"": 42000}","{""cpu0"": 1600000, ""cpu1"": 1600000, ""cpu2"": 1600000, ""cpu3"": 1600000, ""cpu4"": 1600000, ""cpu5"": 1600000, ""cpu6"": 1600000, ""cpu7"": 1600000}"
2971686,159223808,10029924352,20905,738,92946432,7750352896,1,41.38930452028489,2550328,406210,10298734,27136,"{""thermal_zone0"": 42000, ""thermal_zone1"": 43000}","{""cpu0"": 1600000, ""cpu1"": 1600000, ""cpu2"": 1600000, ""cpu3"": 1600000, ""cpu4"": 1600000, ""cpu5"": 1600000, ""cpu6"": 1600000, ""cpu7"": 1600000}"
3092730,175738880,10029924352,23047,801,101203968,7742107648,1,49.568860788779034,2550329,406217,10298823,27136,"{""thermal_zone0"": 42000, ""thermal_zone1"": 44000}","{""cpu0"": 1600000, ""cpu1"": 1600000, ""cpu2"": 1600000, ""cpu3"": 1600000, ""cpu4"": 1600000, ""cpu5"": 1600000, ""cpu6"": 1600000, ""cpu7"": 1600000}"
3214021,192253952,10029924352,25189,864,109461504,7733862400,1,32.97834100460387,2550332,406220,10298913,27136,"{""thermal_zone0"": 42000, ""thermal_zone1"": 44000}","{""cpu0"": 1600000, ""cpu1"": 1600000, ""cpu2"": 1600000, ""cpu3"": 1600000, ""cpu4"": 1600000, ""cpu5"": 1600000, ""cpu6"": 1600000, ""cpu7"": 1600000}"
3335533,209031168,10029924352,27393,928,117587968,7725301760,1,41.14820782066953,2550334,406225,10299002,27136,"{""thermal_zone0"": 42000, ""thermal_zone1"": 42000}","{""cpu0"": 1600000, ""cpu1"": 1600000, ""cpu2"": 1600000, ""cpu3"": 1600000, ""cpu4"": 1600000, ""cpu5"": 1600000, ""cpu6"": 1600000, ""cpu7"": 1600000}"
3456415,225546240,10029924352,29535,991,125845504,7717056512,1,41.36288385997109,2550335,406230,10299092,27136,"{""thermal_zone0"": 42000, ""thermal_zone1"": 42000}","{""cpu0"": 1600000, ""cpu1"": 1600000, ""cpu2"": 1600000, ""cpu3"": 1600000, ""cpu4"": 1600000, ""cpu5"": 1600000, ""cpu6"": 1600000, ""cpu7"": 1600000}"
3577255,242061312,10029924352,31677,1054,134103040,7708438528,1,33.10144255672894,2550336,406236,10299181,27136,"{""thermal_zone0"": 42000, ""thermal_zone1"": 42000}","{""cpu0"": 1600000, ""cpu1"": 1600000, ""cpu2"": 1600000, ""cpu3"": 1600000, ""cpu4"": 1600000, ""cpu5"": 1600000, ""cpu6"": 1600000, ""cpu7"": 1600000}"
3698213,258576384,10029924352,33819,1117,142360576,7699615744,1,41.33665308545418,2550339,406246,10299261,27136,"{""thermal_zone0"": 42000, ""thermal_zone1"": 42000}","{""cpu0"": 1600000, ""cpu1"": 1600000, ""cpu2"": 1600000, ""cpu3"": 1600000, ""cpu4"": 1600000, ""cpu5"": 1600000, ""cpu6"": 1600000, ""cpu7"": 1600000}"
3819108,275091456,10029924352,35927,1179,150618112,7690293248,1,41.35839292402233,2550342,406254,10299349,27136,"{""thermal_zone0"": 43000, ""thermal_zone1"": 44000}","{""cpu0"": 1600000, ""cpu1"": 1600000, ""cpu2"": 1600000, ""cpu3"": 1600000, ""cpu4"": 1600000, ""cpu5"": 1600000, ""cpu6"": 1600000, ""cpu7"": 1600000}"
3945359,291868672,10029924352,38109,1244,159006720,7680888832,1,47.524341789648375,2550345,406272,10299428,27136,"{""thermal_zone0"": 44000, ""thermal_zone1"": 43000}","{""cpu0"": 1600000, ""cpu1"": 1600000, ""cpu2"": 1600000, ""cpu3"": 1600000, ""cpu4"": 1600000, ""cpu5"": 1600000, ""cpu6"": 1600000, ""cpu7"": 1600000}"
4071082,308908032,10029924352,40347,1309,167526400,7673683968,1,31.816035103522378,2550348,406290,10299507,27136,"{""thermal_zone0"": 43000, ""thermal_zone1"": 42000}","{""cpu0"": 1600000, ""cpu1"": 1600000, ""cpu2"": 1600000, ""cpu3"": 1600000, ""cpu4"": 1600000, ""cpu5"": 1600000, ""cpu6"": 1600000, ""cpu7"": 1600000}"
4191446,325160960,10029924352,42455,1371,175652864,7664549888,1,49.84848262922033,2550350,406307,10299584,27136,"{""thermal_zone0"": 43000, ""thermal_zone1"": 44000}","{""cpu0"": 1600000, ""cpu1"": 1600000, ""cpu2"": 1600000, ""cpu3"": 1600000, ""cpu4"": 1600000, ""cpu5"": 1600000, ""cpu6"": 1600000, ""cpu7"": 1600000}"
4315181,341938176,10029924352,44597,1434,184041472,7652888576,1,40.40911023713569,2550352,406324,10299662,27136,"{""thermal_zone0"": 43000, ""thermal_zone1"": 45000}","{""cpu0"": 1600000, ""cpu1"": 1600000, ""cpu2"": 1600000, ""cpu3"": 1600000, ""cpu4"": 1600000, ""cpu5"": 1600000, ""cpu6"": 1600000, ""cpu7"": 1600000}"
4439525,358453248,10029924352,46773,1498,192430080,7648825344,1,48.253054070498564,2550354,406342,10299740,27136,"{""thermal_zone0"": 43000, ""thermal_zone1"": 45000}","{""cpu0"": 1600000, ""cpu1"": 1600000, ""cpu2"": 1600000, ""cpu3"": 1600000, ""cpu4"": 1600000, ""cpu5"": 1600000, ""cpu6"": 1600000, ""cpu7"": 1600000}"
4564110,375492608,10029924352,48949,1562,200818688,7635447808,1,48.1598749885229,2550357,406359,10299819,27136,"{""thermal_zone0"": 43000, ""thermal_zone1"": 44000}","{""cpu0"": 1600000, ""cpu1"": 1600000, ""cpu2"": 1600000, ""cpu3"": 1600000, ""cpu4"": 1600000, ""cpu5"": 1600000, ""cpu6"": 1600000, ""cpu7"": 1600000}"
4689505,392269824,10029924352,51125,1626,209207296,7630704640,1,39.87399053410605,2550359,406377,10299898,27136,"{""thermal_zone0"": 43000, ""thermal_zone1"": 44000}","{""cpu0"": 1600000, ""cpu1"": 1600000, ""cpu2"": 1600000, ""cpu3"": 1600000, ""cpu4"": 1600000, ""cpu5"": 1600000, ""cpu6"": 1600000, ""cpu7"": 1600000}"
4813582,408784896,10029924352,53301,1690,217595904,7618027520,1,40.297811465351174,2550361,406396,10299976,27136,"{""thermal_zone0"": 43000, ""thermal_zone1"": 44000}","{""cpu0"": 1600000, ""cpu1"": 1600000, ""cpu2"": 1600000, ""cpu3"": 1600000, ""cpu4"": 1600000, ""cpu5"": 1600000, ""cpu6"": 1600000, ""cpu7"": 1600000}"
4937867,425824256,10029924352,55484,1755,225984512,7614488576,1,56.321839663099496,2550363,406412,10300054,27136,"{""thermal_zone0"": 44000, ""thermal_zone1"": 43000}","{""cpu0"": 1600000, ""cpu1"": 1600000, ""cpu2"": 1600000, ""cpu3"": 1600000, ""cpu4"": 1600000, ""cpu5"": 1600000, ""cpu6"": 1600000, ""cpu7"": 1600000}"
5061947,442339328,10029924352,57653,1818,234373120,7602360320,1,40.29659356695348,2550367,406431,10300132,27136,"{""thermal_zone0"": 44000, ""thermal_zone1"": 43000}","{""cpu0"": 1600000, ""cpu1"": 1600000, ""cpu2"": 1600000, ""cpu3"": 1600000, ""cpu4"": 1600000, ""cpu5"": 1600000, ""cpu6"": 1600000, ""cpu7"": 1600000}"
5185052,459116544,10029924352,59829,1882,242630656,7596576768,1,40.615684386629084,2550368,406436,10300221,27136,"{""thermal_zone0"": 42000, ""thermal_zone1"": 43000}","{""cpu0"": 1600000, ""cpu1"": 1600000, ""cpu2"": 1600000, ""cpu3"": 1600000, ""cpu4"": 1600000, ""cpu5"": 1600000, ""cpu6"": 1600000, ""cpu7"": 1600000}"
5306172,475893760,10029924352,62005,1946,251019264,7588270080,1,49.537792171111725,2550371,406441,10300310,27136,"{""thermal_zone0"": 43000, ""thermal_zone1"": 46000}","{""cpu0"": 1600000, ""cpu1"": 1600000, ""cpu2"": 1600000, ""cpu3"": 1600000, ""cpu4"": 1600000, ""cpu5"": 1600000, ""cpu6"": 1600000, ""cpu7"": 1600000}"
5427545,492539904,10029924352,64205,2013,258797568,7579832320,1,32.956140419391275,2550373,406448,10300399,27137,"{""thermal_zone0"": 42000, ""thermal_zone1"": 45000}","{""cpu0"": 1600000, ""cpu1"": 1600000, ""cpu2"": 1600000, ""cpu3"": 1600000, ""cpu4"": 1600000, ""cpu5"": 1600000, ""cpu6"": 1600000, ""cpu7"": 1600000}"
5548420,509054976,10029924352,66378,2077,267055104,7571066880,1,41.36526452677149,2550374,406452,10300488,27137,"{""thermal_zone0"": 42000, ""thermal_zone1"": 42000}","{""cpu0"": 1600000, ""cpu1"": 1600000, ""cpu2"": 1600000, ""cpu3"": 1600000, ""cpu4"": 1600000, ""cpu5"": 1600000, ""cpu6"": 1600000, ""cpu7"": 1600000}"
5669861,526749696,10029924352,68697,2148,275292160,7562067968,1,41.17230700236117,2550376,406456,10300577,27137,"{""thermal_zone0"": 41000, ""thermal_zone1"": 42000}","{""cpu0"": 1600000, ""cpu1"": 1600000, ""cpu2"": 1600000, ""cpu3"": 1600000, ""cpu4"": 1600000, ""cpu5"": 1600000, ""cpu6"": 1600000, ""cpu7"": 1600000}"
5791262,543789056,10029924352,70941,2214,283811840,7553454080,1,41.18566036886026,2550378,406461,10300666,27137,"{""thermal_zone0"": 42000, ""thermal_zone1"": 44000}","{""cpu0"": 1600000, ""cpu1"": 1600000, ""cpu2"": 1600000, ""cpu3"": 1600000, ""cpu4"": 1600000, ""cpu5"": 1600000, ""cpu6"": 1600000, ""cpu7"": 1600000}"
5912263,561090560,10029924352,73185,2280,292462592,7544778752,1,41.32203469897204,2550380,406467,10300755,27137,"{""thermal_zone0"": 43000, ""thermal_zone1"": 44000}","{""cpu0"": 1600000, ""cpu1"": 1600000, ""cpu2"": 1600000, ""cpu3"": 1600000, ""cpu4"": 1600000, ""cpu5"": 1600000, ""cpu6"": 1600000, ""cpu7"": 1600000}"
6033365,578129920,10029924352,75361,2344,300982272,7536390144,1,41.28740196843139,2550380,406472,10300845,27137,"{""thermal_zone0"": 42000, ""thermal_zone1"": 42000}","{""cpu0"": 1600000, ""cpu1"": 1600000, ""cpu2"": 1600000, ""cpu3"": 1600000, ""cpu4"": 1600000, ""cpu5"": 1600000, ""cpu6"": 1600000, ""cpu7"": 1600000}"
6154745,595300352,10029924352,77606,2410,309501952,7527653376,1,41.1929694871482,2550383,406477,10300934,27137,"{""thermal_zone0"": 42000, ""thermal_zone1"": 45000}","{""cpu0"": 1600000, ""cpu1"": 1600000, ""cpu2"": 1600000, ""cpu3"": 1600000, ""cpu4"": 1600000, ""cpu5"": 1600000, ""cpu6"": 1600000, ""cpu7"": 1600000}"
6276439,612339712,10029924352,79840,2476,318021632,7519121408,1,32.86934689347283,2550385,406480,10301024,27137,"{""thermal_zone0"": 42000, ""thermal_zone1"": 45000}","{""cpu0"": 1600000, ""cpu1"": 1600000, ""cpu2"": 1600000, ""cpu3"": 1600000, ""cpu4"": 1600000, ""cpu5"": 1600000, ""cpu6"": 1600000, ""cpu7"": 1600000}"
6397727,629641216,10029924352,82094,2542,326672384,7510507520,1,41.224115820835344,2550387,406486,10301114,27137,"{""thermal_zone0"": 41000, ""thermal_zone1"": 45000}","{""cpu0"": 1600000, ""cpu1"": 1600000, ""cpu2"": 1600000, ""cpu3"": 1600000, ""cpu4"": 1600000, ""cpu5"": 1600000, ""cpu6"": 1600000, ""cpu7"": 1600000}"
6519145,646680576,10029924352,84304,2607,335192064,7501574144,1,41.1803036024472,2550389,406490,10301203,27137,"{""thermal_zone0"": 42000, ""thermal_zone1"": 45000}","{""cpu0"": 1600000, ""cpu1"": 1600000, ""cpu2"": 1600000, ""cpu3"": 1600000, ""cpu4"": 1600000, ""cpu5"": 1600000, ""cpu6"": 1600000, ""cpu7"": 1600000}"
6640418,663851008,10029924352,86557,2673,343580672,7493079040,1,41.22928544840983,2550391,406494,10301293,27138,"{""thermal_zone0"": 42000, ""thermal_zone1"": 45000}","{""cpu0"": 1600000, ""cpu1"": 1600000, ""cpu2"": 1600000, ""cpu3"": 1600000, ""cpu4"": 1600000, ""cpu5"": 1600000, ""cpu6"": 1600000, ""cpu7"": 1600000}"
6761718,681021440,10029924352,88801,2743,351551488,7484555264,1,32.97607547801583,2550394,406496,10301382,27138,"{""thermal_zone0"": 42000, ""thermal_zone1"": 45000}","{""cpu0"": 1600000, ""cpu1"": 1600000, ""cpu2"": 1600000, ""cpu3"": 1600000, ""cpu4"": 1600000, ""cpu5"": 1600000, ""cpu6"": 1600000, ""cpu7"": 1600000}"
6883173,697536512,10029924352,90966,2806,359940096,7476166656,1,41.16740552553858,2550397,406500,10301471,27138,"{""thermal_zone0"": 42000, ""thermal_zone1"": 42000}","{""cpu0"": 1600000, ""cpu1"": 1600000, ""cpu2"": 1600000, ""cpu3"": 1600000, ""cpu4"": 1600000, ""cpu5"": 1600000, ""cpu6"": 1600000, ""cpu7"": 1600000}"
7004455,714051584,10029924352,93108,2869,368066560,7467859968,1,32.98089019611213,2550399,406505,10301561,27138,"{""thermal_zone0"": 42000, ""thermal_zone1"": 44000}","{""cpu0"": 1600000, ""cpu1"": 1600000, ""cpu2"": 1600000, ""cpu3"": 1600000, ""cpu4"": 1600000, ""cpu5"": 1600000, ""cpu6"": 1600000, ""cpu7"": 1600000}"
7125677,730566656,10029924352,95228,2932,376324096,7459500032,1,41.2467867515717,2550401,406509,10301651,27138,"{""thermal_zone0"": 42000, ""thermal_zone1"": 43000}","{""cpu0"": 1600000, ""cpu1"": 1600000, ""cpu2"": 1600000, ""cpu3"": 1600000, ""cpu4"": 1600000, ""cpu5"": 1600000, ""cpu6"": 1600000, ""cpu7"": 1600000}"
7247032,747212800,10029924352,97425,2996,384581632,7451103232,1,41.20148371816659,2550404,406514,10301740,27138,"{""thermal_zone0"": 42000, ""thermal_zone1"": 44000}","{""cpu0"": 1600000, ""cpu1"": 1600000, ""cpu2"": 1600000, ""cpu3"": 1600000, ""cpu4"": 1600000, ""cpu5"": 1600000, ""cpu6"": 1600000, ""cpu7"": 1600000}"
7368202,763727872,10029924352,99567,3059,392970240,7442857984,1,41.26431722224462,2550406,406520,10301830,27138,"{""thermal_zone0"": 43000, ""thermal_zone1"": 44000}","{""cpu0"": 1600000, ""cpu1"": 1600000, ""cpu2"": 1600000, ""cpu3"": 1600000, ""cpu4"": 1600000, ""cpu5"": 1600000, ""cpu6"": 1600000, ""cpu7"": 1600000}"
7489271,780505088,10029924352,101743,3123,401227776,7434354688,1,33.0390492901234,2550409,406523,10301920,27138,"{""thermal_zone0"": 42000, ""thermal_zone1"": 41000}","{""cpu0"": 1600000, ""cpu1"": 1600000, ""cpu2"": 1600000, ""cpu3"": 1600000, ""cpu4"": 1600000, ""cpu5"": 1600000, ""cpu6"": 1600000, ""cpu7"": 1600000}"
7609822,797020160,10029924352,103885,3186,409485312,7425851392,1,41.47626709747125,2550412,406526,10302009,27138,"{""thermal_zone0"": 42000, ""thermal_zone1"": 45000}","{""cpu0"": 1600000, ""cpu1"": 1600000, ""cpu2"": 1600000, ""cpu3"": 1600000, ""cpu4"": 1600000, ""cpu5"": 1600000, ""cpu6"": 1600000, ""cpu7"": 1600000}"
7730878,813797376,10029924352,106061,3250,417742848,7417430016,1,33.042574647017325,2550414,406531,10302098,27138,"{""thermal_zone0"": 42000, ""thermal_zone1"": 42000}","{""cpu0"": 1600000, ""cpu1"": 1600000, ""cpu2"": 1600000, ""cpu3"": 1600000, ""cpu4"": 1600000, ""cpu5"": 1600000, ""cpu6"": 1600000, ""cpu7"": 1600000}"
7851979,831098880,10029924352,108441,3322,425664512,7408689152,1,41.287827794283594,2550416,406535,10302187,27139,"{""thermal_zone0"": 42000, ""thermal_zone1"": 42000}","{""cpu0"": 1600000, ""cpu1"": 1600000, ""cpu2"": 1600000, ""cpu3"": 1600000, ""cpu4"": 1600000, ""cpu5"": 1600000, ""cpu6"": 1600000, ""cpu7"": 1600000}"
7973438,847613952,10029924352,110523,3385,433922048,7400185856,1,41.166092471031256,2550418,406541,10302277,27139,"{""thermal_zone0"": 42000, ""thermal_zone1"": 41000}","{""cpu0"": 1600000, ""cpu1"": 1600000, ""cpu2"": 1600000, ""cpu3"": 1600000, ""cpu4"": 1600000, ""cpu5"": 1600000, ""cpu6"": 1600000, ""cpu7"": 1600000}"
8094830,864129024,10029924352,112602,3448,442179584,7391940608,1,41.18867144803437,2550420,406546,10302366,27139,"{""thermal_zone0"": 42000, ""thermal_zone1"": 42000}","{""cpu0"": 1600000, ""cpu1"": 1600000, ""cpu2"": 1600000, ""cpu3"": 1600000, ""cpu4"": 1600000, ""cpu5"": 1600000, ""cpu6"": 1600000, ""cpu7"": 1600000}"
8215904,880906240,10029924352,114694,3512,450568192,7383810048,1,33.03784423110716,2550421,406550,10302456,27139,"{""thermal_zone0"": 42000, ""thermal_zone1"": 45000}","{""cpu0"": 1600000, ""cpu1"": 1600000, ""cpu2"": 1600000, ""cpu3"": 1600000, ""cpu4"": 1600000, ""cpu5"": 1600000, ""cpu6"": 1600000, ""cpu7"": 1600000}"
8337418,897421312,10029924352,116780,3575,458825728,7375564800,1,41.14733314505411,2550423,406556,10302546,27139,"{""thermal_zone0"": 42000, ""thermal_zone1"": 44000}","{""cpu0"": 1600000, ""cpu1"": 1600000, ""cpu2"": 1600000, ""cpu3"": 1600000, ""cpu4"": 1600000, ""cpu5"": 1600000, ""cpu6"": 1600000, ""cpu7"": 1600000}"
8458606,913936384,10029924352,118872,3638,466952192,7367311360,1,33.00658464860447,2550424,406560,10302635,27139,"{""thermal_zone0"": 42000, ""thermal_zone1"": 43000}","{""cpu0"": 1600000, ""cpu1"": 1600000, ""cpu2"": 1600000, ""cpu3"": 1600000, ""cpu4"": 1600000, ""cpu5"": 1600000, ""cpu6"": 1600000, ""cpu7"": 1600000}"
8579712,930451456,10029924352,120951,3701,475209728,7358631936,1,41.28612352084825,2550428,406565,10302725,27139,"{""thermal_zone0"": 42000, ""thermal_zone1"": 43000}","{""cpu0"": 1600000, ""cpu1"": 1600000, ""cpu2"": 1600000, ""cpu3"": 1600000, ""cpu4"": 1600000, ""cpu5"": 1600000, ""cpu6"": 1600000, ""cpu7"": 1600000}"
8701140,946966528,10029924352,123030,3764,483467264,7349985280,1,32.94129269521975,2550430,406569,10302814,27139,"{""thermal_zone0"": 43000, ""thermal_zone1"": 45000}","{""cpu0"": 1600000, ""cpu1"": 1600000, ""cpu2"": 1600000, ""cpu3"": 1600000, ""cpu4"": 1600000, ""cpu5"": 1600000, ""cpu6"": 1600000, ""cpu7"": 1600000}"
8822030,963481600,10029924352,125107,3827,491724800,7341625344,1,41.360060745024896,2550432,406581,10302895,27139,"{""thermal_zone0"": 42000, ""thermal_zone1"": 42000}","{""cpu0"": 1600000, ""cpu1"": 1600000, ""cpu2"": 1600000, ""cpu3"": 1600000, ""cpu4"": 1600000, ""cpu5"": 1600000, ""cpu6"": 1600000, ""cpu7"": 1600000}"
8943113,980520960,10029924352,127353,3893,499527680,7332556800,1,41.293994218824295,2550434,406585,10302984,27140,"{""thermal_zone0"": 42000, ""thermal_zone1"": 45000}","{""cpu0"": 1600000, ""cpu1"": 1600000, ""cpu2"": 1600000, ""cpu3"": 1600000, ""cpu4"": 1600000, ""cpu5"": 1600000, ""cpu6"": 1600000, ""cpu7"": 1600000}"
9064538,997429248,10029924352,129599,3961,507772928,7324409856,1,32.942106561900445,2550437,406588,10303073,27140,"{""thermal_zone0"": 42000, ""thermal_zone1"": 44000}","{""cpu0"": 1600000, ""cpu1"": 1600000, ""cpu2"": 1600000, ""cpu3"": 1600000, ""cpu4"": 1600000, ""cpu5"": 1600000, ""cpu6"": 1600000, ""cpu7"": 1600000}"
9185866,1014206464,10029924352,131809,4026,516161536,7315763200,1,41.210779628908305,2550439,406592,10303163,27140,"{""thermal_zone0"": 42000, ""thermal_zone1"": 44000}","{""cpu0"": 1600000, ""cpu1"": 1600000, ""cpu2"": 1600000, ""cpu3"": 1600000, ""cpu4"": 1600000, ""cpu5"": 1600000, ""cpu6"": 1600000, ""cpu7"": 1600000}"
9307180,1030721536,10029924352,133951,4089,524419072,7307632640,1,32.9722245524884,2550441,406597,10303252,27140,"{""thermal_zone0"": 42000, ""thermal_zone1"": 41000}","{""cpu0"": 1600000, ""cpu1"": 1600000, ""cpu2"": 1600000, ""cpu3"": 1600000, ""cpu4"": 1600000, ""cpu5"": 1600000, ""cpu6"": 1600000, ""cpu7"": 1600000}"
9428174,1047498752,10029924352,136117,4153,532807680,7299387392,1,49.589327636158735,2550443,406602,10303342,27140,"{""thermal_zone0"": 42000, ""thermal_zone1"": 44000}","{""cpu0"": 1600000, ""cpu1"": 1600000, ""cpu2"": 1600000, ""cpu3"": 1600000, ""cpu4"": 1600000, ""cpu5"": 1600000, ""cpu6"": 1600000, ""cpu7"": 1600000}"
9549333,1064275968,10029924352,138312,4217,541065216,7290474496,1,33.01433725178852,2550445,406606,10303431,27140,"{""thermal_zone0"": 42000, ""thermal_zone1"": 42000}","{""cpu0"": 1600000, ""cpu1"": 1600000, ""cpu2"": 1600000, ""cpu3"": 1600000, ""cpu4"": 1600000, ""cpu5"": 1600000, ""cpu6"": 1600000, ""cpu7"": 1600000}"
9670419,1080791040,10029924352,140454,4280,549322752,7282229248,1,41.292857226799626,2550447,406611,10303521,27140,"{""thermal_zone0"": 42000, ""thermal_zone1"": 43000}","{""cpu0"": 1600000, ""cpu1"": 1600000, ""cpu2"": 1600000, ""cpu3"": 1600000, ""cpu4"": 1600000, ""cpu5"": 1600000, ""cpu6"": 1600000, ""cpu7"": 1600000}"
9791369,1097306112,10029924352,142596,4343,557711360,7273922560,1,33.07162352097189,2550450,406615,10303610,27140,"{""thermal_zone0"": 42000, ""thermal_zone1"": 41000}","{""cpu0"": 1600000, ""cpu1"": 1600000, ""cpu2"": 1600000, ""cpu3"": 1600000, ""cpu4"": 1600000, ""cpu5"": 1600000, ""cpu6"": 1600000, ""cpu7"": 1600000}"
9912430,1113821184,10029924352,144738,4406,565837824,7265677312,1,41.30154108109824,2550453,406620,10303700,27140,"{""thermal_zone0"": 42000, ""thermal_zone1"": 42000}","{""cpu0"": 1600000, ""cpu1"": 1600000, ""cpu2"": 1600000, ""cpu3"": 1600000, ""cpu4"": 1600000, ""cpu5"": 1600000, ""cpu6"": 1600000, ""cpu7"": 1600000}"
10033604,1130991616,10029924352,146971,4471,574226432,7256891392,1,41.26281307313532,2550454,406624,10303789,27140,"{""thermal_zone0"": 41000, ""thermal_zone1"": 44000}","{""cpu0"": 1600000, ""cpu1"": 1600000, ""cpu2"": 1600000, ""cpu3"": 1600000, ""cpu4"": 1600000, ""cpu5"": 1600000, ""cpu6"": 1600000, ""cpu7"": 1600000}"
10155121,1147899904,10029924352,149338,4542,582017024,7248318464,1,32.91733610927423,2550457,406629,10303878,27141,"{""thermal_zone0"": 41000, ""thermal_zone1"": 42000}","{""cpu0"": 1600000, ""cpu1"": 1600000, ""cpu2"": 1600000, ""cpu3"": 1600000, ""cpu4"": 1600000, ""cpu5"": 1600000, ""cpu6"": 1600000, ""cpu7"": 1600000}"
10276029,1164414976,10029924352,151446,4605,590274560,7240216576,1,41.35371826829949,2550459,406632,10303968,27141,"{""thermal_zone0"": 41000, ""thermal_zone1"": 41000}","{""cpu0"": 1600000, ""cpu1"": 1600000, ""cpu2"": 1600000, ""cpu3"": 1600000, ""cpu4"": 1600000, ""cpu5"": 1600000, ""cpu6"": 1600000, ""cpu7"": 1600000}"
10396979,1180667904,10029924352,153588,4667,598401024,7231909888,1,33.071543952139784,2550462,406635,10304058,27141,"{""thermal_zone0"": 42000, ""thermal_zone1"": 45000}","{""cpu0"": 1600000, ""cpu1"": 1600000, ""cpu2"": 1600000, ""cpu3"": 1600000, ""cpu4"": 1600000, ""cpu5"": 1600000, ""cpu6"": 1600000, ""cpu7"": 1600000}"
10517793,1197314048,10029924352,155730,4730,606789632,7223435264,1,33.10878294563941,2550464,406638,10304147,27141,"{""thermal_zone0"": 42000, ""thermal_zone1"": 42000}","{""cpu0"": 1600000, ""cpu1"": 1600000, ""cpu2"": 1600000, ""cpu3"": 1600000, ""cpu4"": 1600000, ""cpu5"": 1600000, ""cpu6"": 1600000, ""cpu7"": 1600000}"
10638767,1213698048,10029924352,157861,4793,614785024,7215296512,1,41.33121426544546,2550466,406642,10304237,27141,"{""thermal_zone0"": 41000, ""thermal_zone1"": 45000}","{""cpu0"": 1600000, ""cpu1"": 1600000, ""cpu2"": 1600000, ""cpu3"": 1600000, ""cpu4"": 1600000, ""cpu5"": 1600000, ""cpu6"": 1600000, ""cpu7"": 1600000}"
10759633,1230082048,10029924352,160001,4856,623042560,7206875136,1,33.09455036093289,2550468,406648,10304327,27141,"{""thermal_zone0"": 41000, ""thermal_zone1"": 42000}","{""cpu0"": 1600000, ""cpu1"": 1600000, ""cpu2"": 1600000, ""cpu3"": 1600000, ""cpu4"": 1600000, ""cpu5"": 1600000, ""cpu6"": 1600000, ""cpu7"": 1600000}"
10880870,1246334976,10029924352,162122,4918,631169024,7198887936,1,32.993086356491894,2550470,406653,10304417,27141,"{""thermal_zone0"": 42000, ""thermal_zone1"": 45000}","{""cpu0"": 1600000, ""cpu1"": 1600000, ""cpu2"": 1600000, ""cpu3"": 1600000, ""cpu4"": 1600000, ""cpu5"": 1600000, ""cpu6"": 1600000, ""cpu7"": 1600000}"
11002035,1263112192,10029924352,164298,4982,639557632,7190499328,1,33.01295226042367,2550472,406658,10304506,27141,"{""thermal_zone0"": 42000, ""thermal_zone1"": 44000}","{""cpu0"": 1600000, ""cpu1"": 1600000, ""cpu2"": 1600000, ""cpu3"": 1600000, ""cpu4"": 1600000, ""cpu5"": 1600000, ""cpu6"": 1600000, ""cpu7"": 1600000}"
11123013,1279627264,10029924352,166440,5045,647815168,7182139392,1,41.329804991349306,2550474,406662,10304596,27141,"{""thermal_zone0"": 42000, ""thermal_zone1"": 40000}","{""cpu0"": 1600000, ""cpu1"": 1600000, ""cpu2"": 1600000, ""cpu3"": 1600000, ""cpu4"": 1600000, ""cpu5"": 1600000, ""cpu6"": 1600000, ""cpu7"": 1600000}"
11244274,1297059840,10029924352,168759,5115,655814656,7173238784,1,41.23315263893785,2550476,406669,10304685,27142,"{""thermal_zone0"": 41000, ""thermal_zone1"": 44000}","{""cpu0"": 1600000, ""cpu1"": 1600000, ""cpu2"": 1600000, ""cpu3"": 1600000, ""cpu4"": 1600000, ""cpu5"": 1600000, ""cpu6"": 1600000, ""cpu7"": 1600000}"
11364737,1313837056,10029924352,170940,5181,663994368,7164780544,1,33.205298406760804,2550478,406673,10304774,27142,"{""thermal_zone0"": 42000, ""thermal_zone1"": 42000}","{""cpu0"": 1600000, ""cpu1"": 1600000, ""cpu2"": 1600000, ""cpu3"": 1600000, ""cpu4"": 1600000, ""cpu5"": 1600000, ""cpu6"": 1600000, ""cpu7"": 1600000}"
11485996,1330614272,10029924352,173101,5245,672382976,7156391936,1,41.23390378899827,2550481,406675,10304864,27142,"{""thermal_zone0"": 42000, ""thermal_zone1"": 42000}","{""cpu0"": 1600000, ""cpu1"": 1600000, ""cpu2"": 1600000, ""cpu3"": 1600000, ""cpu4"": 1600000, ""cpu5"": 1600000, ""cpu6"": 1600000, ""cpu7"": 1600000}"
11607411,1347129344,10029924352,175258,5308,680640512,7148261376,1,41.181123376899556,2550483,406681,10304954,27142,"{""thermal_zone0"": 42000, ""thermal_zone1"": 42000}","{""cpu0"": 1600000, ""cpu1"": 1600000, ""cpu2"": 1600000, ""cpu3"": 1600000, ""cpu4"": 1600000, ""cpu5"": 1600000, ""cpu6"": 1600000, ""cpu7"": 1600000}"
11728614,1363906560,10029924352,177400,5371,689029120,7139758080,1,33.00263592053098,2550486,406684,10305044,27142,"{""thermal_zone0"": 42000, ""thermal_zone1"": 44000}","{""cpu0"": 1600000, ""cpu1"": 1600000, ""cpu2"": 1600000, ""cpu3"": 1600000, ""cpu4"": 1600000, ""cpu5"": 1600000, ""cpu6"": 1600000, ""cpu7"": 1600000}"
11849778,1380421632,10029924352,179597,5435,697286656,7131222016,1,33.01305443464773,2550489,406688,10305134,27142,"{""thermal_zone0"": 41000, ""thermal_zone1"": 42000}","{""cpu0"": 1600000, ""cpu1"": 1600000, ""cpu2"": 1600000, ""cpu3"": 1600000, ""cpu4"": 1600000, ""cpu5"": 1600000, ""cpu6"": 1600000, ""cpu7"": 1600000}"
11971613,1397854208,10029924352,181824,5504,705318912,7122452480,1,32.831162104618,2550491,406692,10305224,27143,"{""thermal_zone0"": 42000, ""thermal_zone1"": 42000}","{""cpu0"": 1600000, ""cpu1"": 1600000, ""cpu2"": 1600000, ""cpu3"": 1600000, ""cpu4"": 1600000, ""cpu5"": 1600000, ""cpu6"": 1600000, ""cpu7"": 1600000}"
12092672,1414369280,10029924352,183966,5567,713576448,7114534912,1,41.30236534846533,2550493,406697,10305313,27143,"{""thermal_zone0"": 41000, ""thermal_zone1"": 43000}","{""cpu0"": 1600000, ""cpu1"": 1600000, ""cpu2"": 1600000, ""cpu3"": 1600000, ""cpu4"": 1600000, ""cpu5"": 1600000, ""cpu6"": 1600000, ""cpu7"": 1600000}"
12213974,1430884352,10029924352,186108,5630,721833984,7106416640,1,32.975588320356586,2550494,406701,10305403,27143,"{""thermal_zone0"": 42000, ""thermal_zone1"": 42000}","{""cpu0"": 1600000, ""cpu1"": 1600000, ""cpu2"": 1600000, ""cpu3"": 1600000, ""cpu4"": 1600000, ""cpu5"": 1600000, ""cpu6"": 1600000, ""cpu7"": 1600000}"
12335297,1447661568,10029924352,188341,5696,730038272,7097618432,1,41.21233637548514,2550498,406706,10305493,27143,"{""thermal_zone0"": 42000, ""thermal_zone1"": 43000}","{""cpu0"": 1600000, ""cpu1"": 1600000, ""cpu2"": 1600000, ""cpu3"": 1600000, ""cpu4"": 1600000, ""cpu5"": 1600000, ""cpu6"": 1600000, ""cpu7"": 1600000}"
12455799,1464569856,10029924352,190559,5765,737878016,7089164288,1,33.19435658428444,2550502,406709,10305582,27144,"{""thermal_zone0"": 41000, ""thermal_zone1"": 43000}","{""cpu0"": 1600000, ""cpu1"": 1600000, ""cpu2"": 1600000, ""cpu3"": 1600000, ""cpu4"": 1600000, ""cpu5"": 1600000, ""cpu6"": 1600000, ""cpu7"": 1600000}"
12576756,1480822784,10029924352,192701,5828,746004480,7080919040,1,33.06972108311042,2550505,406713,10305671,27144,"{""thermal_zone0"": 42000, ""thermal_zone1"": 43000}","{""cpu0"": 1600000, ""cpu1"": 1600000, ""cpu2"": 1600000, ""cpu3"": 1600000, ""cpu4"": 1600000, ""cpu5"": 1600000, ""cpu6"": 1600000, ""cpu7"": 1600000}"
12697628,1497337856,10029924352,194843,5893,754216960,7072493568,1,41.36609168185313,2550508,406716,10305761,27144,"{""thermal_zone0"": 42000, ""thermal_zone1"": 42000}","{""cpu0"": 1600000, ""cpu1"": 1600000, ""cpu2"": 1600000, ""cpu3"": 1600000, ""cpu4"": 1600000, ""cpu5"": 1600000, ""cpu6"": 1600000, ""cpu7"": 1600000}"
12818943,1514115072,10029924352,197002,5956,762605568,7064363008,1,41.21492702443806,2550510,406721,10305851,27144,"{""thermal_zone0"": 41000, ""thermal_zone1"": 42000}","{""cpu0"": 1600000, ""cpu1"": 1600000, ""cpu2"": 1600000, ""cpu3"": 1600000, ""cpu4"": 1600000, ""cpu5"": 1600000, ""cpu6"": 1600000, ""cpu7"": 1600000}"
12940228,1530892288,10029924352,199178,6020,770863104,7055851520,1,32.979983590479364,2550512,406724,10305941,27144,"{""thermal_zone0"": 41000, ""thermal_zone1"": 42000}","{""cpu0"": 1600000, ""cpu1"": 1600000, ""cpu2"": 1600000, ""cpu3"": 1600000, ""cpu4"": 1600000, ""cpu5"": 1600000, ""cpu6"": 1600000, ""cpu7"": 1600000}"
13061331,1547407360,10029924352,201331,6084,779120640,7047606272,1,41.28748720108541,2550513,406730,10306031,27144,"{""thermal_zone0"": 41000, ""thermal_zone1"": 43000}","{""cpu0"": 1600000, ""cpu1"": 1600000, ""cpu2"": 1600000, ""cpu3"": 1600000, ""cpu4"": 1600000, ""cpu5"": 1600000, ""cpu6"": 1600000, ""cpu7"": 1600000}"
13182479,1563660288,10029924352,203462,6146,787378176,7039361024,1,24.762992572654046,2550515,406734,10306120,27144,"{""thermal_zone0"": 42000, ""thermal_zone1"": 42000}","{""cpu0"": 1600000, ""cpu1"": 1600000, ""cpu2"": 1600000, ""cpu3"": 1600000, ""cpu4"": 1600000, ""cpu5"": 1600000, ""cpu6"": 1600000, ""cpu7"": 1600000}"
13303630,1580437504,10029924352,205604,6209,795635712,7031054336,1,41.27088813539803,2550517,406738,10306211,27144,"{""thermal_zone0"": 41000, ""thermal_zone1"": 43000}","{""cpu0"": 1600000, ""cpu1"": 1600000, ""cpu2"": 1600000, ""cpu3"": 1600000, ""cpu4"": 1600000, ""cpu5"": 1600000, ""cpu6"": 1600000, ""cpu7"": 1600000}"
13424697,1596952576,10029924352,207746,6272,803893248,7022809088,1,33.03961773955226,2550520,406742,10306300,27144,"{""thermal_zone0"": 41000, ""thermal_zone1"": 43000}","{""cpu0"": 1600000, ""cpu1"": 1600000, ""cpu2"": 1600000, ""cpu3"": 1600000, ""cpu4"": 1600000, ""cpu5"": 1600000, ""cpu6"": 1600000, ""cpu7"": 1600000}"
13545543,1614254080,10029924352,210085,6345,811618304,7013781504,1,41.3749775571778,2550521,406747,10306389,27145,"{""thermal_zone0"": 41000, ""thermal_zone1"": 42000}","{""cpu0"": 1600000, ""cpu1"": 1600000, ""cpu2"": 1600000, ""cpu3"": 1600000, ""cpu4"": 1600000, ""cpu5"": 1600000, ""cpu6"": 1600000, ""cpu7"": 1600000}"
13667050,1631293440,10029924352,212295,6410,820137984,7005364224,1,41.14991495053278,2550523,406751,10306479,27145,"{""thermal_zone0"": 41000, ""thermal_zone1"": 43000}","{""cpu0"": 1600000, ""cpu1"": 1600000, ""cpu2"": 1600000, ""cpu3"": 1600000, ""cpu4"": 1600000, ""cpu5"": 1600000, ""cpu6"": 1600000, ""cpu7"": 1600000}"
13788465,1648594944,10029924352,214539,6476,828788736,6996750336,1,32.94466127934152,2550524,406759,10306567,27145,"{""thermal_zone0"": 42000, ""thermal_zone1"": 43000}","{""cpu0"": 1600000, ""cpu1"": 1600000, ""cpu2"": 1600000, ""cpu3"": 1600000, ""cpu4"": 1600000, ""cpu5"": 1600000, ""cpu6"": 1600000, ""cpu7"": 1600000}"
13911399,1665896448,10029924352,216783,6542,837439488,6987104256,1,40.67222070243691,2550526,406770,10306650,27145,"{""thermal_zone0"": 42000, ""thermal_zone1"": 42000}","{""cpu0"": 1600000, ""cpu1"": 1600000, ""cpu2"": 1600000, ""cpu3"": 1600000, ""cpu4"": 1600000, ""cpu5"": 1600000, ""cpu6"": 1600000, ""cpu7"": 1600000}"
14032900,1684115456,10029924352,219139,6606,845762560,6977994752,1,41.152074041075,2550529,406774,10306739,27145,"{""thermal_zone0"": 41000, ""thermal_zone1"": 43000}","{""cpu0"": 1600000, ""cpu1"": 1600000, ""cpu2"": 1600000, ""cpu3"": 1600000, ""cpu4"": 1600000, ""cpu5"": 1600000, ""cpu6"": 1600000, ""cpu7"": 1600000}"
14154143,1701023744,10029924352,221348,6671,854020096,6969270272,1,32.99165743257668,2550530,406780,10306829,27145,"{""thermal_zone0"": 41000, ""thermal_zone1"": 43000}","{""cpu0"": 1600000, ""cpu1"": 1600000, ""cpu2"": 1600000, ""cpu3"": 1600000, ""cpu4"": 1600000, ""cpu5"": 1600000, ""cpu6"": 1600000, ""cpu7"": 1600000}"
14275531,1717538816,10029924352,223456,6733,862277632,6961283072,1,41.19015594485946,2550533,406785,10306919,27145,"{""thermal_zone0"": 41000, ""thermal_zone1"": 43000}","{""cpu0"": 1600000, ""cpu1"": 1600000, ""cpu2"": 1600000, ""cpu3"": 1600000, ""cpu4"": 1600000, ""cpu5"": 1600000, ""cpu6"": 1600000, ""cpu7"": 1600000}"
14396763,1734053888,10029924352,225604,6797,870535168,6952976384,1,32.99453744912583,2550536,406788,10307009,27145,"{""thermal_zone0"": 42000, ""thermal_zone1"": 43000}","{""cpu0"": 1600000, ""cpu1"": 1600000, ""cpu2"": 1600000, ""cpu3"": 1600000, ""cpu4"": 1600000, ""cpu5"": 1600000, ""cpu6"": 1600000, ""cpu7"": 1600000}"
14518176,1750437888,10029924352,227757,6861,878661632,6944727040,1,41.1817169451778,2550540,406791,10307098,27145,"{""thermal_zone0"": 41000, ""thermal_zone1"": 42000}","{""cpu0"": 1600000, ""cpu1"": 1600000, ""cpu2"": 1600000, ""cpu3"": 1600000, ""cpu4"": 1600000, ""cpu5"": 1600000, ""cpu6"": 1600000, ""cpu7"": 1600000}"
14639506,1767870464,10029924352,230030,6931,886513664,6935945216,1,32.96810307180713,2550542,406796,10307184,27148,"{""thermal_zone0"": 42000, ""thermal_zone1"": 42000}","{""cpu0"": 1600000, ""cpu1"": 1600000, ""cpu2"": 1600000, ""cpu3"": 1600000, ""cpu4"": 1600000, ""cpu5"": 1600000, ""cpu6"": 1600000, ""cpu7"": 1600000}"
14760540,1784385536,10029924352,232229,6999,894693376,6927601664,1,41.31045555898029,2550544,406798,10307274,27149,"{""thermal_zone0"": 41000, ""thermal_zone1"": 42000}","{""cpu0"": 1600000, ""cpu1"": 1600000, ""cpu2"": 1600000, ""cpu3"": 1600000, ""cpu4"": 1600000, ""cpu5"": 1600000, ""cpu6"": 1600000, ""cpu7"": 1600000}"
14881563,1800900608,10029924352,234371,7062,902950912,6919356416,1,33.051698160720925,2550546,406804,10307363,27149,"{""thermal_zone0"": 41000, ""thermal_zone1"": 42000}","{""cpu0"": 1600000, ""cpu1"": 1600000, ""cpu2"": 1600000, ""cpu3"": 1600000, ""cpu4"": 1600000, ""cpu5"": 1600000, ""cpu6"": 1600000, ""cpu7"": 1600000}"
15002854,1817546752,10029924352,236513,7125,911339520,6910853120,1,32.97851093844442,2550549,406808,10307453,27149,"{""thermal_zone0"": 42000, ""thermal_zone1"": 42000}","{""cpu0"": 1600000, ""cpu1"": 1600000, ""cpu2"": 1600000, ""cpu3"": 1600000, ""cpu4"": 1600000, ""cpu5"": 1600000, ""cpu6"": 1600000, ""cpu7"": 1600000}"
15123936,1834192896,10029924352,238689,7189,919597056,6902288384,1,41.294292288879774,2550551,406813,10307543,27149,"{""thermal_zone0"": 41000, ""thermal_zone1"": 42000}","{""cpu0"": 1600000, ""cpu1"": 1600000, ""cpu2"": 1600000, ""cpu3"": 1600000, ""cpu4"": 1600000, ""cpu5"": 1600000, ""cpu6"": 1600000, ""cpu7"": 1600000}"
15245084,1850707968,10029924352,240831,7252,927723520,6894034944,1,41.271838931662934,2550552,406816,10307633,27149,"{""thermal_zone0"": 41000, ""thermal_zone1"": 42000}","{""cpu0"": 1600000, ""cpu1"": 1600000, ""cpu2"": 1600000, ""cpu3"": 1600000, ""cpu4"": 1600000, ""cpu5"": 1600000, ""cpu6"": 1600000, ""cpu7"": 1600000}"
15366199,1867223040,10029924352,242973,7315,935981056,6885675008,1,33.026478541569865,2550554,406820,10307723,27149,"{""thermal_zone0"": 41000, ""thermal_zone1"": 42000}","{""cpu0"": 1600000, ""cpu1"": 1600000, ""cpu2"": 1600000, ""cpu3"": 1600000, ""cpu4"": 1600000, ""cpu5"": 1600000, ""cpu6"": 1600000, ""cpu7"": 1600000}"
15487277,1883738112,10029924352,245107,7378,944238592,6877192192,1,33.03640051369621,2550557,406825,10307813,27149,"{""thermal_zone0"": 41000, ""thermal_zone1"": 42000}","{""cpu0"": 1600000, ""cpu1"": 1600000, ""cpu2"": 1600000, ""cpu3"": 1600000, ""cpu4"": 1600000, ""cpu5"": 1600000, ""cpu6"": 1600000, ""cpu7"": 1600000}"
15608715,1900515328,10029924352,247257,7441,952627200,6869069824,1,41.17329564274953,2550560,406828,10307903,27149,"{""thermal_zone0"": 41000, ""thermal_zone1"": 42000}","{""cpu0"": 1600000, ""cpu1"": 1600000, ""cpu2"": 1600000, ""cpu3"": 1600000, ""cpu4"": 1600000, ""cpu5"": 1600000, ""cpu6"": 1600000, ""cpu7"": 1600000}"
15730089,1918210048,10029924352,249608,7507,960352256,6860140544,1,32.95612901526971,2550561,406833,10307992,27149,"{""thermal_zone0"": 41000, ""thermal_zone1"": 42000}","{""cpu0"": 1600000, ""cpu1"": 1600000, ""cpu2"": 1600000, ""cpu3"": 1600000, ""cpu4"": 1600000, ""cpu5"": 1600000, ""cpu6"": 1600000, ""cpu7"": 1600000}"
15851097,1935904768,10029924352,251932,7579,968458240,6850969600,1,33.05560181962493,2550564,406836,10308081,27150,"{""thermal_zone0"": 41000, ""thermal_zone1"": 42000}","{""cpu0"": 1600000, ""cpu1"": 1600000, ""cpu2"": 1600000, ""cpu3"": 1600000, ""cpu4"": 1600000, ""cpu5"": 1600000, ""cpu6"": 1600000, ""cpu7"": 1600000}"
15972570,1953206272,10029924352,254176,7645,977108992,6842310656,1,41.161602145882746,2550565,406842,10308171,27150,"{""thermal_zone0"": 41000, ""thermal_zone1"": 43000}","{""cpu0"": 1600000, ""cpu1"": 1600000, ""cpu2"": 1600000, ""cpu3"": 1600000, ""cpu4"": 1600000, ""cpu5"": 1600000, ""cpu6"": 1600000, ""cpu7"": 1600000}"
16094122,1971556352,10029924352,256545,7709,985325568,6832902144,1,32.90755319746611,2550567,406847,10308261,27150,"{""thermal_zone0"": 41000, ""thermal_zone1"": 42000}","{""cpu0"": 1600000, ""cpu1"": 1600000, ""cpu2"": 1600000, ""cpu3"": 1600000, ""cpu4"": 1600000, ""cpu5"": 1600000, ""cpu6"": 1600000, ""cpu7"": 1600000}"
16215420,1988071424,10029924352,258687,7772,993583104,6824665088,1,41.22075972432347,2550570,406850,10308351,27150,"{""thermal_zone0"": 41000, ""thermal_zone1"": 42000}","{""cpu0"": 1600000, ""cpu1"": 1600000, ""cpu2"": 1600000, ""cpu3"": 1600000, ""cpu4"": 1600000, ""cpu5"": 1600000, ""cpu6"": 1600000, ""cpu7"": 1600000}"
16336617,2004717568,10029924352,260862,7836,1001709568,6816358400,1,41.25518130010226,2550573,406855,10308440,27150,"{""thermal_zone0"": 41000, ""thermal_zone1"": 41000}","{""cpu0"": 1600000, ""cpu1"": 1600000, ""cpu2"": 1600000, ""cpu3"": 1600000, ""cpu4"": 1600000, ""cpu5"": 1600000, ""cpu6"": 1600000, ""cpu7"": 1600000}"
16457742,2021494784,10029924352,263038,7900,1010098176,6807863296,1,33.02392229814532,2550575,406860,10308530,27150,"{""thermal_zone0"": 41000, ""thermal_zone1"": 43000}","{""cpu0"": 1600000, ""cpu1"": 1600000, ""cpu2"": 1600000, ""cpu3"": 1600000, ""cpu4"": 1600000, ""cpu5"": 1600000, ""cpu6"": 1600000, ""cpu7"": 1600000}"
16579185,2038009856,10029924352,265180,7963,1018355712,6799740928,1,41.17145944037727,2550578,406864,10308620,27150,"{""thermal_zone0"": 41000, ""thermal_zone1"": 43000}","{""cpu0"": 1600000, ""cpu1"": 1600000, ""cpu2"": 1600000, ""cpu3"": 1600000, ""cpu4"": 1600000, ""cpu5"": 1600000, ""cpu6"": 1600000, ""cpu7"": 1600000}"
16700372,2054524928,10029924352,267322,8026,1026613248,6791503872,1,33.006743706826974,2550580,406868,10308710,27150,"{""thermal_zone0"": 41000, ""thermal_zone1"": 42000}","{""cpu0"": 1600000, ""cpu1"": 1600000, ""cpu2"": 1600000, ""cpu3"": 1600000, ""cpu4"": 1600000, ""cpu5"": 1600000, ""cpu6"": 1600000, ""cpu7"": 1600000}"
16821538,2071302144,10029924352,269464,8089,1034911744,6783266816,1,33.01249806959417,2550581,406872,10308800,27150,"{""thermal_zone0"": 41000, ""thermal_zone1"": 43000}","{""cpu0"": 1600000, ""cpu1"": 1600000, ""cpu2"": 1600000, ""cpu3"": 1600000, ""cpu4"": 1600000, ""cpu5"": 1600000, ""cpu6"": 1600000, ""cpu7"": 1600000}"
16942798,2088865792,10029924352,271831,8163,1042833408,6774067200,1,41.23393201291562,2550584,406876,10308889,27151,"{""thermal_zone0"": 41000, ""thermal_zone1"": 42000}","{""cpu0"": 1600000, ""cpu1"": 1600000, ""cpu2"": 1600000, ""cpu3"": 1600000, ""cpu4"": 1600000, ""cpu5"": 1600000, ""cpu6"": 1600000, ""cpu7"": 1600000}"
17063904,2105380864,10029924352,273973,8226,1051222016,6765686784,1,33.02896699857916,2550586,406881,10308979,27151,"{""thermal_zone0"": 41000, ""thermal_zone1"": 43000}","{""cpu0"": 1600000, ""cpu1"": 1600000, ""cpu2"": 1600000, ""cpu3"": 1600000, ""cpu4"": 1600000, ""cpu5"": 1600000, ""cpu6"": 1600000, ""cpu7"": 1600000}"
17184767,2123730944,10029924352,276327,8289,1059246080,6756413440,1,33.09513222233416,2550588,406884,10309069,27151,"{""thermal_zone0"": 41000, ""thermal_zone1"": 43000}","{""cpu0"": 1600000, ""cpu1"": 1600000, ""cpu2"": 1600000, ""cpu3"": 1600000, ""cpu4"": 1600000, ""cpu5"": 1600000, ""cpu6"": 1600000, ""cpu7"": 1600000}"
17305729,2140246016,10029924352,278503,8353,1067503616,6747938816,1,33.068445167012015,2550590,406887,10309158,27151,"{""thermal_zone0"": 41000, ""thermal_zone1"": 42000}","{""cpu0"": 1600000, ""cpu1"": 1600000, ""cpu2"": 1600000, ""cpu3"": 1600000, ""cpu4"": 1600000, ""cpu5"": 1600000, ""cpu6"": 1600000, ""cpu7"": 1600000}"
17426645,2157023232,10029924352,280679,8417,1075892224,6739468288,1,41.35083997780684,2550592,406891,10309248,27151,"{""thermal_zone0"": 41000, ""thermal_zone1"": 42000}","{""cpu0"": 1600000, ""cpu1"": 1600000, ""cpu2"": 1600000, ""cpu3"": 1600000, ""cpu4"": 1600000, ""cpu5"": 1600000, ""cpu6"": 1600000, ""cpu7"": 1600000}"
17547815,2173800448,10029924352,282854,8481,1084280832,6731169792,1,33.01157882777964,2550595,406895,10309338,27151,"{""thermal_zone0"": 41000, ""thermal_zone1"": 42000}","{""cpu0"": 1600000, ""cpu1"": 1600000, ""cpu2"": 1600000, ""cpu3"": 1600000, ""cpu4"": 1600000, ""cpu5"": 1600000, ""cpu6"": 1600000, ""cpu7"": 1600000}"
17668666,2190577664,10029924352,285030,8545,1092538368,6722674688,1,41.37325101821639,2550596,406901,10309428,27151,"{""thermal_zone0"": 41000, ""thermal_zone1"": 42000}","{""cpu0"": 1600000, ""cpu1"": 1600000, ""cpu2"": 1600000, ""cpu3"": 1600000, ""cpu4"": 1600000, ""cpu5"": 1600000, ""cpu6"": 1600000, ""cpu7"": 1600000}"
17789698,2207354880,10029924352,287206,8609,1100926976,6714470400,1,33.04908121529965,2550598,406906,10309518,27151,"{""thermal_zone0"": 41000, ""thermal_zone1"": 42000}","{""cpu0"": 1600000, ""cpu1"": 1600000, ""cpu2"": 1600000, ""cpu3"": 1600000, ""cpu4"": 1600000, ""cpu5"": 1600000, ""cpu6"": 1600000, ""cpu7"": 1600000}"
17910698,2223869952,10029924352,289348,8672,1109184512,6706171904,1,33.05769605974081,2550599,406911,10309608,27151,"{""thermal_zone0"": 42000, ""thermal_zone1"": 42000}","{""cpu0"": 1600000, ""cpu1"": 1600000, ""cpu2"": 1600000, ""cpu3"": 1600000, ""cpu4"": 1600000, ""cpu5"": 1600000, ""cpu6"": 1600000, ""cpu7"": 1600000}"
18031633,2241040384,10029924352,291656,8742,1117024256,6697009152,1,33.07578241404144,2550600,406918,10309697,27152,"{""thermal_zone0"": 41000, ""thermal_zone1"": 41000}","{""cpu0"": 1600000, ""cpu1"": 1600000, ""cpu2"": 1600000, ""cpu3"": 1600000, ""cpu4"": 1600000, ""cpu5"": 1600000, ""cpu6"": 1600000, ""cpu7"": 1600000}"
18151804,2257424384,10029924352,293769,8806,1125199872,6688829440,1,33.28585439063054,2550602,406922,10309786,27152,"{""thermal_zone0"": 41000, ""thermal_zone1"": 42000}","{""cpu0"": 1600000, ""cpu1"": 1600000, ""cpu2"": 1600000, ""cpu3"": 1600000, ""cpu4"": 1600000, ""cpu5"": 1600000, ""cpu6"": 1600000, ""cpu7"": 1600000}"
18272786,2273808384,10029924352,295911,8869,1133326336,6680530944,1,33.06279645033188,2550604,406925,10309876,27152,"{""thermal_zone0"": 41000, ""thermal_zone1"": 42000}","{""cpu0"": 1600000, ""cpu1"": 1600000, ""cpu2"": 1600000, ""cpu3"": 1600000, ""cpu4"": 1600000, ""cpu5"": 1600000, ""cpu6"": 1600000, ""cpu7"": 1600000}"
18393801,2293207040,10029924352,298444,8932,1141350400,6670929920,1,41.31726856231177,2550607,406930,10309965,27152,"{""thermal_zone0"": 41000, ""thermal_zone1"": 42000}","{""cpu0"": 1600000, ""cpu1"": 1600000, ""cpu2"": 1600000, ""cpu3"": 1600000, ""cpu4"": 1600000, ""cpu5"": 1600000, ""cpu6"": 1600000, ""cpu7"": 1600000}"
18514993,2309722112,10029924352,300586,8995,1149607936,6662434816,1,33.00533647607947,2550609,406934,10310055,27152,"{""thermal_zone0"": 41000, ""thermal_zone1"": 42000}","{""cpu0"": 1600000, ""cpu1"": 1600000, ""cpu2"": 1600000, ""cpu3"": 1600000, ""cpu4"": 1600000, ""cpu5"": 1600000, ""cpu6"": 1600000, ""cpu7"": 1600000}"
18636142,2326499328,10029924352,302727,9058,1157865472,6654394368,1,41.27148429418205,2550612,406938,10310145,27152,"{""thermal_zone0"": 41000, ""thermal_zone1"": 42000}","{""cpu0"": 1600000, ""cpu1"": 1600000, ""cpu2"": 1600000, ""cpu3"": 1600000, ""cpu4"": 1600000, ""cpu5"": 1600000, ""cpu6"": 1600000, ""cpu7"": 1600000}"
18756951,2343014400,10029924352,304903,9122,1166123008,6645899264,1,33.11010747201507,2550614,406942,10310235,27152,"{""thermal_zone0"": 41000, ""thermal_zone1"": 42000}","{""cpu0"": 1600000, ""cpu1"": 1600000, ""cpu2"": 1600000, ""cpu3"": 1600000, ""cpu4"": 1600000, ""cpu5"": 1600000, ""cpu6"": 1600000, ""cpu7"": 1600000}"
18877961,2359267328,10029924352,307011,9184,1173983232,6636408832,1,33.05528303540648,2550617,406947,10310322,27152,"{""thermal_zone0"": 41000, ""thermal_zone1"": 43000}","{""cpu0"": 1600000, ""cpu1"": 1600000, ""cpu2"": 1600000, ""cpu3"": 1600000, ""cpu4"": 1600000, ""cpu5"": 1600000, ""cpu6"": 1600000, ""cpu7"": 1600000}"
19001283,2378403840,10029924352,309465,9252,1182765056,6627917824,1,40.54412157268377,2550620,406956,10310406,27152,"{""thermal_zone0"": 41000, ""thermal_zone1"": 42000}","{""cpu0"": 1600000, ""cpu1"": 1600000, ""cpu2"": 1600000, ""cpu3"": 1600000, ""cpu4"": 1600000, ""cpu5"": 1600000, ""cpu6"": 1600000, ""cpu7"": 1600000}"
19118232,2395181056,10029924352,311675,9317,1190551552,6619238400,1,42.753594871894414,2550622,406959,10310492,27153,"{""thermal_zone0"": 41000, ""thermal_zone1"": 42000}","{""cpu0"": 1600000, ""cpu1"": 1600000, ""cpu2"": 1600000, ""cpu3"": 1600000, ""cpu4"": 1600000, ""cpu5"": 1600000, ""cpu6"": 1600000, ""cpu7"": 1600000}"
19234877,2411827200,10029924352,313886,9386,1198628864,6610714624,1,25.719193744769736,2550624,406963,10310579,27153,"{""thermal_zone0"": 41000, ""thermal_zone1"": 42000}","{""cpu0"": 1600000, ""cpu1"": 1600000, ""cpu2"": 1600000, ""cpu3"": 1600000, ""cpu4"": 1600000, ""cpu5"": 1600000, ""cpu6"": 1600000, ""cpu7"": 1600000}"
19351429,2427817984,10029924352,315983,9447,1206624256,6602457088,1,34.31944893123573,2550626,406968,10310666,27153,"{""thermal_zone0"": 41000, ""thermal_zone1"": 41000}","{""cpu0"": 1600000, ""cpu1"": 1600000, ""cpu2"": 1600000, ""cpu3"": 1600000, ""cpu4"": 1600000, ""cpu5"": 1600000, ""cpu6"": 1600000, ""cpu7"": 1600000}"
19468050,2443808768,10029924352,318057,9508,1214619648,6594506752,1,42.873914642563435,2550628,406970,10310753,27153,"{""thermal_zone0"": 41000, ""thermal_zone1"": 41000}","{""cpu0"": 1600000, ""cpu1"": 1600000, ""cpu2"": 1600000, ""cpu3"": 1600000, ""cpu4"": 1600000, ""cpu5"": 1600000, ""cpu6"": 1600000, ""cpu7"": 1600000}"
19584745,2459799552,10029924352,320131,9569,1222615040,6586503168,1,25.708018099473062,2550630,406972,10310840,27153,"{""thermal_zone0"": 40000, ""thermal_zone1"": 42000}","{""cpu0"": 1600000, ""cpu1"": 1600000, ""cpu2"": 1600000, ""cpu3"": 1600000, ""cpu4"": 1600000, ""cpu5"": 1600000, ""cpu6"": 1600000, ""cpu7"": 1600000}"
19701079,2475921408,10029924352,322230,9631,1230479360,6578483200,1,34.383587166583965,2550634,406976,10310927,27153,"{""thermal_zone0"": 41000, ""thermal_zone1"": 41000}","{""cpu0"": 1600000, ""cpu1"": 1600000, ""cpu2"": 1600000, ""cpu3"": 1600000, ""cpu4"": 1600000, ""cpu5"": 1600000, ""cpu6"": 1600000, ""cpu7"": 1600000}"
19817644,2491781120,10029924352,324278,9691,1238474752,6570532864,1,42.89484877734196,2550636,406979,10311014,27153,"{""thermal_zone0"": 41000, ""thermal_zone1"": 42000}","{""cpu0"": 1600000, ""cpu1"": 1600000, ""cpu2"": 1600000, ""cpu3"": 1600000, ""cpu4"": 1600000, ""cpu5"": 1600000, ""cpu6"": 1600000, ""cpu7"": 1600000}"
19933907,2507640832,10029924352,326352,9752,1246470144,6562664448,1,25.80345663621168,2550638,406984,10311101,27153,"{""thermal_zone0"": 41000, ""thermal_zone1"": 42000}","{""cpu0"": 1600000, ""cpu1"": 1600000, ""cpu2"": 1600000, ""cpu3"": 1600000, ""cpu4"": 1600000, ""cpu5"": 1600000, ""cpu6"": 1600000, ""cpu7"": 1600000}"
20050392,2523631616,10029924352,328426,9813,1254465536,6554652672,1,42.9240623287947,2550640,406987,10311188,27153,"{""thermal_zone0"": 40000, ""thermal_zone1"": 42000}","{""cpu0"": 1600000, ""cpu1"": 1600000, ""cpu2"": 1600000, ""cpu3"": 1600000, ""cpu4"": 1600000, ""cpu5"": 1600000, ""cpu6"": 1600000, ""cpu7"": 1600000}"
20167040,2539884544,10029924352,330534,9875,1262592000,6546497536,1,25.718431304968377,2550641,406991,10311275,27153,"{""thermal_zone0"": 41000, ""thermal_zone1"": 41000}","{""cpu0"": 1600000, ""cpu1"": 1600000, ""cpu2"": 1600000, ""cpu3"": 1600000, ""cpu4"": 1600000, ""cpu5"": 1600000, ""cpu6"": 1600000, ""cpu7"": 1600000}"
20283364,2556661760,10029924352,332772,9943,1270120448,6537940992,1,34.386751994870046,2550644,406996,10311360,27154,"{""thermal_zone0"": 41000, ""thermal_zone1"": 41000}","{""cpu0"": 1600000, ""cpu1"": 1600000, ""cpu2"": 1600000, ""cpu3"": 1600000, ""cpu4"": 1600000, ""cpu5"": 1600000, ""cpu6"": 1600000, ""cpu7"": 1600000}"
20399920,2572390400,10029924352,334820,10005,1277984768,6529810432,1,34.31807505387037,2550646,407000,10311448,27154,"{""thermal_zone0"": 41000, ""thermal_zone1"": 42000}","{""cpu0"": 1600000, ""cpu1"": 1600000, ""cpu2"": 1600000, ""cpu3"": 1600000, ""cpu4"": 1600000, ""cpu5"": 1600000, ""cpu6"": 1600000, ""cpu7"": 1600000}"
20516827,2588381184,10029924352,336894,10066,1285980160,6521942016,1,42.769152413511605,2550647,407004,10311535,27154,"{""thermal_zone0"": 41000, ""thermal_zone1"": 42000}","{""cpu0"": 1600000, ""cpu1"": 1600000, ""cpu2"": 1600000, ""cpu3"": 1600000, ""cpu4"": 1600000, ""cpu5"": 1600000, ""cpu6"": 1600000, ""cpu7"": 1600000}"
20633252,2604503040,10029924352,338968,10127,1293975552,6513786880,1,25.767654502341042,2550648,407008,10311622,27154,"{""thermal_zone0"": 41000, ""thermal_zone1"": 41000}","{""cpu0"": 1600000, ""cpu1"": 1600000, ""cpu2"": 1600000, ""cpu3"": 1600000, ""cpu4"": 1600000, ""cpu5"": 1600000, ""cpu6"": 1600000, ""cpu7"": 1600000}"
20749613,2620362752,10029924352,341042,10188,1301839872,6505918464,1,34.375842637842666,2550650,407012,10311709,27154,"{""thermal_zone0"": 42000, ""thermal_zone1"": 42000}","{""cpu0"": 1600000, ""cpu1"": 1600000, ""cpu2"": 1600000, ""cpu3"": 1600000, ""cpu4"": 1600000, ""cpu5"": 1600000, ""cpu6"": 1600000, ""cpu7"": 1600000}"
20866094,2636222464,10029924352,343114,10249,1309835264,6498103296,1,34.340380148179946,2550652,407016,10311796,27154,"{""thermal_zone0"": 41000, ""thermal_zone1"": 41000}","{""cpu0"": 1600000, ""cpu1"": 1600000, ""cpu2"": 1600000, ""cpu3"": 1600000, ""cpu4"": 1600000, ""cpu5"": 1600000, ""cpu6"": 1600000, ""cpu7"": 1600000}"
20982673,2651951104,10029924352,345154,10309,1317699584,6489989120,1,34.311378020083204,2550654,407021,10311883,27154,"{""thermal_zone0"": 41000, ""thermal_zone1"": 41000}","{""cpu0"": 1600000, ""cpu1"": 1600000, ""cpu2"": 1600000, ""cpu3"": 1600000, ""cpu4"": 1600000, ""cpu5"": 1600000, ""cpu6"": 1600000, ""cpu7"": 1600000}"
21098988,2668204032,10029924352,347262,10371,1325694976,6481833984,1,34.38952358241376,2550656,407024,10311970,27154,"{""thermal_zone0"": 41000, ""thermal_zone1"": 41000}","{""cpu0"": 1600000, ""cpu1"": 1600000, ""cpu2"": 1600000, ""cpu3"": 1600000, ""cpu4"": 1600000, ""cpu5"": 1600000, ""cpu6"": 1600000, ""cpu7"": 1600000}"
21215639,2684194816,10029924352,349314,10432,1333690368,6473830400,1,34.29023755993687,2550658,407028,10312057,27154,"{""thermal_zone0"": 41000, ""thermal_zone1"": 41000}","{""cpu0"": 1600000, ""cpu1"": 1600000, ""cpu2"": 1600000, ""cpu3"": 1600000, ""cpu4"": 1600000, ""cpu5"": 1600000, ""cpu6"": 1600000, ""cpu7"": 1600000}"
21332041,2699923456,10029924352,351376,10492,1341685760,6465880064,1,34.363538176073945,2550660,407032,10312144,27154,"{""thermal_zone0"": 40000, ""thermal_zone1"": 41000}","{""cpu0"": 1600000, ""cpu1"": 1600000, ""cpu2"": 1600000, ""cpu3"": 1600000, ""cpu4"": 1600000, ""cpu5"": 1600000, ""cpu6"": 1600000, ""cpu7"": 1600000}"
21448514,2716962816,10029924352,353661,10563,1349345280,6457135104,1,42.928438284793565,2550663,407035,10312230,27155,"{""thermal_zone0"": 41000, ""thermal_zone1"": 41000}","{""cpu0"": 1600000, ""cpu1"": 1600000, ""cpu2"": 1600000, ""cpu3"": 1600000, ""cpu4"": 1600000, ""cpu5"": 1600000, ""cpu6"": 1600000, ""cpu7"": 1600000}"
21564917,2733215744,10029924352,355769,10625,1357471744,6448979968,1,25.77252455073507,2550665,407039,10312317,27155,"{""thermal_zone0"": 40000, ""thermal_zone1"": 42000}","{""cpu0"": 1600000, ""cpu1"": 1600000, ""cpu2"": 1600000, ""cpu3"": 1600000, ""cpu4"": 1600000, ""cpu5"": 1600000, ""cpu6"": 1600000, ""cpu7"": 1600000}"
21681716,2749206528,10029924352,357843,10686,1365467136,6441037824,1,34.24698349144709,2550666,407044,10312405,27155,"{""thermal_zone0"": 41000, ""thermal_zone1"": 41000}","{""cpu0"": 1600000, ""cpu1"": 1600000, ""cpu2"": 1600000, ""cpu3"": 1600000, ""cpu4"": 1600000, ""cpu5"": 1600000, ""cpu6"": 1600000, ""cpu7"": 1600000}"
21798167,2765459456,10029924352,359917,10747,1373462528,6432882688,1,34.34914046428359,2550668,407047,10312492,27155,"{""thermal_zone0"": 41000, ""thermal_zone1"": 42000}","{""cpu0"": 1600000, ""cpu1"": 1600000, ""cpu2"": 1600000, ""cpu3"": 1600000, ""cpu4"": 1600000, ""cpu5"": 1600000, ""cpu6"": 1600000, ""cpu7"": 1600000}"
21914674,2781450240,10029924352,361991,10808,1381457920,6424932352,1,34.33282716446245,2550670,407050,10312579,27155,"{""thermal_zone0"": 41000, ""thermal_zone1"": 42000}","{""cpu0"": 1600000, ""cpu1"": 1600000, ""cpu2"": 1600000, ""cpu3"": 1600000, ""cpu4"": 1600000, ""cpu5"": 1600000, ""cpu6"": 1600000, ""cpu7"": 1600000}"
22031180,2797703168,10029924352,364132,10871,1389584384,6416912384,1,34.33293767197637,2550670,407054,10312666,27155,"{""thermal_zone0"": 41000, ""thermal_zone1"": 41000}","{""cpu0"": 1600000, ""cpu1"": 1600000, ""cpu2"": 1600000, ""cpu3"": 1600000, ""cpu4"": 1600000, ""cpu5"": 1600000, ""cpu6"": 1600000, ""cpu7"": 1600000}"
22147788,2813693952,10029924352,366206,10932,1397579776,6408642560,1,34.30279609809125,2550672,407058,10312753,27155,"{""thermal_zone0"": 41000, ""thermal_zone1"": 42000}","{""cpu0"": 1600000, ""cpu1"": 1600000, ""cpu2"": 1600000, ""cpu3"": 1600000, ""cpu4"": 1600000, ""cpu5"": 1600000, ""cpu6"": 1600000, ""cpu7"": 1600000}"
22264332,2829946880,10029924352,368280,10993,1405575168,6400806912,1,34.32202561593492,2550674,407061,10312840,27155,"{""thermal_zone0"": 41000, ""thermal_zone1"": 42000}","{""cpu0"": 1600000, ""cpu1"": 1600000, ""cpu2"": 1600000, ""cpu3"": 1600000, ""cpu4"": 1600000, ""cpu5"": 1600000, ""cpu6"": 1600000, ""cpu7"": 1600000}"
22381013,2846199808,10029924352,370388,11055,1413701632,6392651776,1,25.710937195285222,2550675,407065,10312928,27155,"{""thermal_zone0"": 41000, ""thermal_zone1"": 42000}","{""cpu0"": 1600000, ""cpu1"": 1600000, ""cpu2"": 1600000, ""cpu3"": 1600000, ""cpu4"": 1600000, ""cpu5"": 1600000, ""cpu6"": 1600000, ""cpu7"": 1600000}"
22497509,2862321664,10029924352,372516,11118,1421643776,6384386048,1,34.33617954223469,2550677,407069,10313015,27156,"{""thermal_zone0"": 41000, ""thermal_zone1"": 41000}","{""cpu0"": 1600000, ""cpu1"": 1600000, ""cpu2"": 1600000, ""cpu3"": 1600000, ""cpu4"": 1600000, ""cpu5"": 1600000, ""cpu6"": 1600000, ""cpu7"": 1600000}"
22614170,2878836736,10029924352,374713,11186,1429225472,6375604224,1,34.28743286981381,2550680,407072,10313101,27156,"{""thermal_zone0"": 41000, ""thermal_zone1"": 42000}","{""cpu0"": 1600000, ""cpu1"": 1600000, ""cpu2"": 1600000, ""cpu3"": 1600000, ""cpu4"": 1600000, ""cpu5"": 1600000, ""cpu6"": 1600000, ""cpu7"": 1600000}"
22730659,2894827520,10029924352,376787,11247,1437220864,6367850496,1,34.33771463400173,2550681,407075,10313188,27156,"{""thermal_zone0"": 40000, ""thermal_zone1"": 41000}","{""cpu0"": 1600000, ""cpu1"": 1600000, ""cpu2"": 1600000, ""cpu3"": 1600000, ""cpu4"": 1600000, ""cpu5"": 1600000, ""cpu6"": 1600000, ""cpu7"": 1600000}"
22846948,2910556160,10029924352,378827,11307,1445085184,6359982080,1,34.39733550671751,2550683,407079,10313275,27156,"{""thermal_zone0"": 41000, ""thermal_zone1"": 42000}","{""cpu0"": 1600000, ""cpu1"": 1600000, ""cpu2"": 1600000, ""cpu3"": 1600000, ""cpu4"": 1600000, ""cpu5"": 1600000, ""cpu6"": 1600000, ""cpu7"": 1600000}"
22963344,2926809088,10029924352,380935,11369,1453080576,6351826944,1,34.365358852269864,2550685,407083,10313362,27156,"{""thermal_zone0"": 41000, ""thermal_zone1"": 41000}","{""cpu0"": 1600000, ""cpu1"": 1600000, ""cpu2"": 1600000, ""cpu3"": 1600000, ""cpu4"": 1600000, ""cpu5"": 1600000, ""cpu6"": 1600000, ""cpu7"": 1600000}"
23080074,2942799872,10029924352,382975,11429,1461075968,6343876608,1,34.26717789640923,2550687,407086,10313450,27156,"{""thermal_zone0"": 40000, ""thermal_zone1"": 41000}","{""cpu0"": 1600000, ""cpu1"": 1600000, ""cpu2"": 1600000, ""cpu3"": 1600000, ""cpu4"": 1600000, ""cpu5"": 1600000, ""cpu6"": 1600000, ""cpu7"": 1600000}"
23196333,2958790656,10029924352,385051,11491,1468940288,6336000000,1,34.40595267020814,2550688,407089,10313537,27156,"{""thermal_zone0"": 41000, ""thermal_zone1"": 41000}","{""cpu0"": 1600000, ""cpu1"": 1600000, ""cpu2"": 1600000, ""cpu3"": 1600000, ""cpu4"": 1600000, ""cpu5"": 1600000, ""cpu6"": 1600000, ""cpu7"": 1600000}"
23312758,2974781440,10029924352,387142,11552,1476935680,6327988224,1,34.35689716299554,2550691,407093,10313624,27156,"{""thermal_zone0"": 41000, ""thermal_zone1"": 42000}","{""cpu0"": 1600000, ""cpu1"": 1600000, ""cpu2"": 1600000, ""cpu3"": 1600000, ""cpu4"": 1600000, ""cpu5"": 1600000, ""cpu6"": 1600000, ""cpu7"": 1600000}"
23429274,2990510080,10029924352,389196,11612,1484931072,6320128000,1,34.32980690118719,2550693,407095,10313711,27156,"{""thermal_zone0"": 41000, ""thermal_zone1"": 41000}","{""cpu0"": 1600000, ""cpu1"": 1600000, ""cpu2"": 1600000, ""cpu3"": 1600000, ""cpu4"": 1600000, ""cpu5"": 1600000, ""cpu6"": 1600000, ""cpu7"": 1600000}"
23545758,3006500864,10029924352,391244,11673,1492795392,6312116224,1,34.339728913251626,2550694,407098,10313798,27156,"{""thermal_zone0"": 41000, ""thermal_zone1"": 41000}","{""cpu0"": 1600000, ""cpu1"": 1600000, ""cpu2"": 1600000, ""cpu3"": 1600000, ""cpu4"": 1600000, ""cpu5"": 1600000, ""cpu6"": 1600000, ""cpu7"": 1600000}"
23662089,3022884864,10029924352,393412,11736,1500606464,6303678464,1,25.788410817120837,2550696,407103,10313885,27157,"{""thermal_zone0"": 40000, ""thermal_zone1"": 41000}","{""cpu0"": 1600000, ""cpu1"": 1600000, ""cpu2"": 1600000, ""cpu3"": 1600000, ""cpu4"": 1600000, ""cpu5"": 1600000, ""cpu6"": 1600000, ""cpu7"": 1600000}"
23778683,3039531008,10029924352,395620,11805,1508528128,6295220224,1,34.306988539407406,2550697,407107,10313971,27157,"{""thermal_zone0"": 41000, ""thermal_zone1"": 41000}","{""cpu0"": 1600000, ""cpu1"": 1600000, ""cpu2"": 1600000, ""cpu3"": 1600000, ""cpu4"": 1600000, ""cpu5"": 1600000, ""cpu6"": 1600000, ""cpu7"": 1600000}"
23895316,3056308224,10029924352,397796,11869,1516916736,6286848000,1,42.86939615540397,2550699,407110,10314058,27157,"{""thermal_zone0"": 41000, ""thermal_zone1"": 41000}","{""cpu0"": 1600000, ""cpu1"": 1600000, ""cpu2"": 1600000, ""cpu3"": 1600000, ""cpu4"": 1600000, ""cpu5"": 1600000, ""cpu6"": 1600000, ""cpu7"": 1600000}"
24011947,3072823296,10029924352,399938,11932,1525174272,6277951488,1,34.296435841507424,2550700,407121,10314137,27157,"{""thermal_zone0"": 41000, ""thermal_zone1"": 43000}","{""cpu0"": 1600000, ""cpu1"": 1600000, ""cpu2"": 1600000, ""cpu3"": 1600000, ""cpu4"": 1600000, ""cpu5"": 1600000, ""cpu6"": 1600000, ""cpu7"": 1600000}"
24131040,3089862656,10029924352,402114,11996,1533562880,6269571072,1,33.587119850061725,2550702,407125,10314224,27157,"{""thermal_zone0"": 41000, ""thermal_zone1"": 42000}","{""cpu0"": 1600000, ""cpu1"": 1600000, ""cpu2"": 1600000, ""cpu3"": 1600000, ""cpu4"": 1600000, ""cpu5"": 1600000, ""cpu6"": 1600000, ""cpu7"": 1600000}"
24247723,3106508800,10029924352,404324,12061,1541951488,6260563968,1,34.28089497955264,2550704,407129,10314311,27158,"{""thermal_zone0"": 42000, ""thermal_zone1"": 42000}","{""cpu0"": 1600000, ""cpu1"": 1600000, ""cpu2"": 1600000, ""cpu3"": 1600000, ""cpu4"": 1600000, ""cpu5"": 1600000, ""cpu6"": 1600000, ""cpu7"": 1600000}"
24364364,3123023872,10029924352,406466,12124,1550209024,6252068864,1,34.293299669658644,2550706,407133,10314398,27158,"{""thermal_zone0"": 40000, ""thermal_zone1"": 41000}","{""cpu0"": 1600000, ""cpu1"": 1600000, ""cpu2"": 1600000, ""cpu3"": 1600000, ""cpu4"": 1600000, ""cpu5"": 1600000, ""cpu6"": 1600000, ""cpu7"": 1600000}"
24480798,3139801088,10029924352,408608,12187,1558437888,6244204544,1,34.35408155818708,2550708,407136,10314485,27158,"{""thermal_zone0"": 40000, ""thermal_zone1"": 41000}","{""cpu0"": 1600000, ""cpu1"": 1600000, ""cpu2"": 1600000, ""cpu3"": 1600000, ""cpu4"": 1600000, ""cpu5"": 1600000, ""cpu6"": 1600000, ""cpu7"": 1600000}"
24597208,3161296896,10029924352,411411,12288,1564815360,6233128960,1,34.36148420548178,2550710,407140,10314569,27160,"{""thermal_zone0"": 41000, ""thermal_zone1"": 42000}","{""cpu0"": 1600000, ""cpu1"": 1600000, ""cpu2"": 1600000, ""cpu3"": 1600000, ""cpu4"": 1600000, ""cpu5"": 1600000, ""cpu6"": 1600000, ""cpu7"": 1600000}"
24713982,3184234496,10029924352,414429,12402,1570263040,6221709312,1,42.81781762773071,2550714,407143,10314651,27164,"{""thermal_zone0"": 41000, ""thermal_zone1"": 42000}","{""cpu0"": 1600000, ""cpu1"": 1600000, ""cpu2"": 1600000, ""cpu3"": 1600000, ""cpu4"": 1600000, ""cpu5"": 1600000, ""cpu6"": 1600000, ""cpu7"": 1600000}"
24831540,3253309440,10029924352,423417,12434,1573896192,6186491904,1,68.05114741252312,2550718,407148,10314734,27164,"{""thermal_zone0"": 41000, ""thermal_zone1"": 42000}","{""cpu0"": 1600000, ""cpu1"": 1600000, ""cpu2"": 1600000, ""cpu3"": 1600000, ""cpu4"": 1600000, ""cpu5"": 1600000, ""cpu6"": 1600000, ""cpu7"": 1600000}"
24948058,3269693440,10029924352,425541,12496,1581826048,6178582528,1,25.74723562873629,2550720,407151,10314822,27164,"{""thermal_zone0"": 41000, ""thermal_zone1"": 41000}","{""cpu0"": 1600000, ""cpu1"": 1600000, ""cpu2"": 1600000, ""cpu3"": 1600000, ""cpu4"": 1600000, ""cpu5"": 1600000, ""cpu6"": 1600000, ""cpu7"": 1600000}"
25064667,3285815296,10029924352,427615,12557,1589821440,6170570752,1,34.30242809480001,2550722,407155,10314909,27164,"{""thermal_zone0"": 41000, ""thermal_zone1"": 42000}","{""cpu0"": 1600000, ""cpu1"": 1600000, ""cpu2"": 1600000, ""cpu3"": 1600000, ""cpu4"": 1600000, ""cpu5"": 1600000, ""cpu6"": 1600000, ""cpu7"": 1600000}"
25181210,3301937152,10029924352,429723,12619,1597947904,6162415616,1,34.32228330568516,2550723,407158,10314996,27164,"{""thermal_zone0"": 41000, ""thermal_zone1"": 42000}","{""cpu0"": 1600000, ""cpu1"": 1600000, ""cpu2"": 1600000, ""cpu3"": 1600000, ""cpu4"": 1600000, ""cpu5"": 1600000, ""cpu6"": 1600000, ""cpu7"": 1600000}"
25297578,3317927936,10029924352,431797,12680,1605910528,6154403840,1,34.373516621631914,2550724,407162,10315084,27164,"{""thermal_zone0"": 40000, ""thermal_zone1"": 42000}","{""cpu0"": 1600000, ""cpu1"": 1600000, ""cpu2"": 1600000, ""cpu3"": 1600000, ""cpu4"": 1600000, ""cpu5"": 1600000, ""cpu6"": 1600000, ""cpu7"": 1600000}"
25414154,3348992000,10029924352,435899,12746,1611866112,6138703872,1,42.89051020354944,2550727,407166,10315168,27165,"{""thermal_zone0"": 42000, ""thermal_zone1"": 41000}","{""cpu0"": 1600000, ""cpu1"": 1600000, ""cpu2"": 1600000, ""cpu3"": 1600000, ""cpu4"": 1600000, ""cpu5"": 1600000, ""cpu6"": 1600000, ""cpu7"": 1600000}"
25530451,3416625152,10029924352,444675,12771,1614684160,6104600576,1,68.78939681613264,2550735,407169,10315251,27165,"{""thermal_zone0"": 41000, ""thermal_zone1"": 41000}","{""cpu0"": 1600000, ""cpu1"": 1600000, ""cpu2"": 1600000, ""cpu3"": 1600000, ""cpu4"": 1600000, ""cpu5"": 1600000, ""cpu6"": 1600000, ""cpu7"": 1600000}"
25646862,3432353792,10029924352,446727,12831,1622679552,6096732160,1,34.36121352948043,2550736,407173,10315338,27165,"{""thermal_zone0"": 41000, ""thermal_zone1"": 41000}","{""cpu0"": 1600000, ""cpu1"": 1600000, ""cpu2"": 1600000, ""cpu3"": 1600000, ""cpu4"": 1600000, ""cpu5"": 1600000, ""cpu6"": 1600000, ""cpu7"": 1600000}"
25763194,3453063168,10029924352,449329,12892,1629761536,6085165056,1,34.38415376015907,2550738,407177,10315424,27166,"{""thermal_zone0"": 41000, ""thermal_zone1"": 41000}","{""cpu0"": 1600000, ""cpu1"": 1600000, ""cpu2"": 1600000, ""cpu3"": 1600000, ""cpu4"": 1600000, ""cpu5"": 1600000, ""cpu6"": 1600000, ""cpu7"": 1600000}"
25881882,3560411136,10029924352,463306,12902,1629790208,6031257600,1,101.10585540406754,2550743,407185,10315505,27166,"{""thermal_zone0"": 42000, ""thermal_zone1"": 42000}","{""cpu0"": 1600000, ""cpu1"": 1600000, ""cpu2"": 1600000, ""cpu3"": 1600000, ""cpu4"": 1600000, ""cpu5"": 1600000, ""cpu6"": 1600000, ""cpu7"": 1600000}"
26000614,3671298048,10029924352,477752,12917,1629814784,5974773760,1,109.48990807934791,2550749,407193,10315586,27166,"{""thermal_zone0"": 42000, ""thermal_zone1"": 41000}","{""cpu0"": 1600000, ""cpu1"": 1600000, ""cpu2"": 1600000, ""cpu3"": 1600000, ""cpu4"": 1600000, ""cpu5"": 1600000, ""cpu6"": 1600000, ""cpu7"": 1600000}"
26119904,3788476416,10029924352,492979,12918,1629814784,5916196864,1,92.21224193293357,2550754,407202,10315667,27166,"{""thermal_zone0"": 41000, ""thermal_zone1"": 42000}","{""cpu0"": 1600000, ""cpu1"": 1600000, ""cpu2"": 1600000, ""cpu3"": 1600000, ""cpu4"": 1600000, ""cpu5"": 1600000, ""cpu6"": 1600000, ""cpu7"": 1600000}"
26238682,3901460480,10029924352,507702,12928,1629814784,5859168256,1,101.02857359154507,2550759,407210,10315748,27166,"{""thermal_zone0"": 41000, ""thermal_zone1"": 42000}","{""cpu0"": 1600000, ""cpu1"": 1600000, ""cpu2"": 1600000, ""cpu3"": 1600000, ""cpu4"": 1600000, ""cpu5"": 1600000, ""cpu6"": 1600000, ""cpu7"": 1600000}"
26357720,3993210880,10029924352,519670,12963,1630961664,5812797440,1,92.4082249603974,2550765,407216,10315829,27168,"{""thermal_zone0"": 41000, ""thermal_zone1"": 42000}","{""cpu0"": 1600000, ""cpu1"": 1600000, ""cpu2"": 1600000, ""cpu3"": 1600000, ""cpu4"": 1600000, ""cpu5"": 1600000, ""cpu6"": 1600000, ""cpu7"": 1600000}"
26477035,4110782464,10029924352,534911,12964,1630961664,5753704448,1,100.57405997197671,2550772,407224,10315910,27168,"{""thermal_zone0"": 41000, ""thermal_zone1"": 42000}","{""cpu0"": 1600000, ""cpu1"": 1600000, ""cpu2"": 1600000, ""cpu3"": 1600000, ""cpu4"": 1600000, ""cpu5"": 1600000, ""cpu6"": 1600000, ""cpu7"": 1600000}"
26595835,4222849024,10029924352,549526,12973,1631010816,5697277952,1,92.59244138944757,2550779,407230,10315991,27168,"{""thermal_zone0"": 41000, ""thermal_zone1"": 42000}","{""cpu0"": 1600000, ""cpu1"": 1600000, ""cpu2"": 1600000, ""cpu3"": 1600000, ""cpu4"": 1600000, ""cpu5"": 1600000, ""cpu6"": 1600000, ""cpu7"": 1600000}"
26715055,4336357376,10029924352,564318,12973,1631010816,5639991296,1,100.65384908119559,2550784,407239,10316072,27168,"{""thermal_zone0"": 42000, ""thermal_zone1"": 42000}","{""cpu0"": 1600000, ""cpu1"": 1600000, ""cpu2"": 1600000, ""cpu3"": 1600000, ""cpu4"": 1600000, ""cpu5"": 1600000, ""cpu6"": 1600000, ""cpu7"": 1600000}"
26834458,4449996800,10029924352,579153,12973,1631010816,5582704640,1,100.50004467226985,2550790,407247,10316154,27168,"{""thermal_zone0"": 41000, ""thermal_zone1"": 42000}","{""cpu0"": 1600000, ""cpu1"": 1600000, ""cpu2"": 1600000, ""cpu3"": 1600000, ""cpu4"": 1600000, ""cpu5"": 1600000, ""cpu6"": 1600000, ""cpu7"": 1600000}"
26953784,4564815872,10029924352,594075,12973,1631010816,5524901888,1,100.5653861433016,2550794,407256,10316235,27168,"{""thermal_zone0"": 42000, ""thermal_zone1"": 42000}","{""cpu0"": 1600000, ""cpu1"": 1600000, ""cpu2"": 1600000, ""cpu3"": 1600000, ""cpu4"": 1600000, ""cpu5"": 1600000, ""cpu6"": 1600000, ""cpu7"": 1600000}"
27072981,4604661760,10029924352,599332,13022,1636061184,5506211840,1,83.89433334215343,2550802,407260,10316317,27169,"{""thermal_zone0"": 42000, ""thermal_zone1"": 42000}","{""cpu0"": 1600000, ""cpu1"": 1600000, ""cpu2"": 1600000, ""cpu3"": 1600000, ""cpu4"": 1600000, ""cpu5"": 1600000, ""cpu6"": 1600000, ""cpu7"": 1600000}"
27188674,4617768960,10029924352,601055,13085,1642745856,5498785792,1,86.4359301576594,2550813,407262,10316396,27169,"{""thermal_zone0"": 41000, ""thermal_zone1"": 42000}","{""cpu0"": 1600000, ""cpu1"": 1600000, ""cpu2"": 1600000, ""cpu3"": 1600000, ""cpu4"": 1600000, ""cpu5"": 1600000, ""cpu6"": 1600000, ""cpu7"": 1600000}"
27303746,4633628672,10029924352,603119,13147,1650548736,5490864128,1,95.5917914876761,2550822,407265,10316475,27169,"{""thermal_zone0"": 42000, ""thermal_zone1"": 42000}","{""cpu0"": 1600000, ""cpu1"": 1600000, ""cpu2"": 1600000, ""cpu3"": 1600000, ""cpu4"": 1600000, ""cpu5"": 1600000, ""cpu6"": 1600000, ""cpu7"": 1600000}"
27418794,4649881600,10029924352,605229,13209,1658675200,5482762240,1,95.61291026358958,2550832,407267,10316555,27169,"{""thermal_zone0"": 41000, ""thermal_zone1"": 42000}","{""cpu0"": 1600000, ""cpu1"": 1600000, ""cpu2"": 1600000, ""cpu3"": 1600000, ""cpu4"": 1600000, ""cpu5"": 1600000, ""cpu6"": 1600000, ""cpu7"": 1600000}"
27533780,4666396672,10029924352,607353,13272,1666932736,5474709504,1,86.96662272330188,2550842,407269,10316634,27169,"{""thermal_zone0"": 42000, ""thermal_zone1"": 42000}","{""cpu0"": 1600000, ""cpu1"": 1600000, ""cpu2"": 1600000, ""cpu3"": 1600000, ""cpu4"": 1600000, ""cpu5"": 1600000, ""cpu6"": 1600000, ""cpu7"": 1600000}"
27648789,4682649600,10029924352,609461,13334,1675059200,5466353664,1,104.3401348580592,2550852,407272,10316713,27169,"{""thermal_zone0"": 42000, ""thermal_zone1"": 41000}","{""cpu0"": 1600000, ""cpu1"": 1600000, ""cpu2"": 1600000, ""cpu3"": 1600000, ""cpu4"": 1600000, ""cpu5"": 1600000, ""cpu6"": 1600000, ""cpu7"": 1600000}"
27763957,4699164672,10029924352,611594,13397,1683316736,5458362368,1,86.82960102371405,2550860,407277,10316792,27169,"{""thermal_zone0"": 42000, ""thermal_zone1"": 42000}","{""cpu0"": 1600000, ""cpu1"": 1600000, ""cpu2"": 1600000, ""cpu3"": 1600000, ""cpu4"": 1600000, ""cpu5"": 1600000, ""cpu6"": 1600000, ""cpu7"": 1600000}"
27879006,4715417600,10029924352,613714,13459,1691443200,5450203136,1,104.3035197657343,2550869,407279,10316871,27169,"{""thermal_zone0"": 42000, ""thermal_zone1"": 42000}","{""cpu0"": 1600000, ""cpu1"": 1600000, ""cpu2"": 1600000, ""cpu3"": 1600000, ""cpu4"": 1600000, ""cpu5"": 1600000, ""cpu6"": 1600000, ""cpu7"": 1600000}"
27993942,4731670528,10029924352,615839,13521,1699569664,5441695744,1,87.00480108153232,2550877,407284,10316950,27169,"{""thermal_zone0"": 41000, ""thermal_zone1"": 42000}","{""cpu0"": 1600000, ""cpu1"": 1600000, ""cpu2"": 1600000, ""cpu3"": 1600000, ""cpu4"": 1600000, ""cpu5"": 1600000, ""cpu6"": 1600000, ""cpu7"": 1600000}"
28108934,4748185600,10029924352,617969,13584,1707827200,5433081856,1,95.6584665765187,2550886,407287,10317029,27169,"{""thermal_zone0"": 42000, ""thermal_zone1"": 41000}","{""cpu0"": 1600000, ""cpu1"": 1600000, ""cpu2"": 1600000, ""cpu3"": 1600000, ""cpu4"": 1600000, ""cpu5"": 1600000, ""cpu6"": 1600000, ""cpu7"": 1600000}"
28224009,4764438528,10029924352,620082,13646,1715953664,5425029120,1,86.90011902796203,2550897,407288,10317109,27169,"{""thermal_zone0"": 42000, ""thermal_zone1"": 43000}","{""cpu0"": 1600000, ""cpu1"": 1600000, ""cpu2"": 1600000, ""cpu3"": 1600000, ""cpu4"": 1600000, ""cpu5"": 1600000, ""cpu6"": 1600000, ""cpu7"": 1600000}"
28339210,4780953600,10029924352,622204,13709,1724211200,5416931328,1,95.48523582978268,2550906,407291,10317188,27169,"{""thermal_zone0"": 42000, ""thermal_zone1"": 42000}","{""cpu0"": 1600000, ""cpu1"": 1600000, ""cpu2"": 1600000, ""cpu3"": 1600000, ""cpu4"": 1600000, ""cpu5"": 1600000, ""cpu6"": 1600000, ""cpu7"": 1600000}"
28454122,4797206528,10029924352,624322,13771,1732337664,5408768000,1,95.72537385784075,2550914,407295,10317267,27169,"{""thermal_zone0"": 41000, ""thermal_zone1"": 41000}","{""cpu0"": 1600000, ""cpu1"": 1600000, ""cpu2"": 1600000, ""cpu3"": 1600000, ""cpu4"": 1600000, ""cpu5"": 1600000, ""cpu6"": 1600000, ""cpu7"": 1600000}"
28569091,4813721600,10029924352,626458,13834,1740595200,5400518656,1,104.37609657961966,2550925,407297,10317346,27169,"{""thermal_zone0"": 41000, ""thermal_zone1"": 42000}","{""cpu0"": 1600000, ""cpu1"": 1600000, ""cpu2"": 1600000, ""cpu3"": 1600000, ""cpu4"": 1600000, ""cpu5"": 1600000, ""cpu6"": 1600000, ""cpu7"": 1600000}"
28684086,4829450240,10029924352,628518,13895,1748459520,5392560128,1,78.26443025651393,2550934,407300,10317426,27169,"{""thermal_zone0"": 42000, ""thermal_zone1"": 42000}","{""cpu0"": 1600000, ""cpu1"": 1600000, ""cpu2"": 1600000, ""cpu3"": 1600000, ""cpu4"": 1600000, ""cpu5"": 1600000, ""cpu6"": 1600000, ""cpu7"": 1600000}"
28800083,4845309952,10029924352,630576,13956,1756381184,5384458240,1,94.82973295585123,2550944,407303,10317506,27169,"{""thermal_zone0"": 40000, ""thermal_zone1"": 41000}","{""cpu0"": 1600000, ""cpu1"": 1600000, ""cpu2"": 1600000, ""cpu3"": 1600000, ""cpu4"": 1600000, ""cpu5"": 1600000, ""cpu6"": 1600000, ""cpu7"": 1600000}"
28915170,4861038592,10029924352,632649,14017,1764245504,5376860160,1,95.57957499238621,2550952,407307,10317585,27169,"{""thermal_zone0"": 42000, ""thermal_zone1"": 42000}","{""cpu0"": 1600000, ""cpu1"": 1600000, ""cpu2"": 1600000, ""cpu3"": 1600000, ""cpu4"": 1600000, ""cpu5"": 1600000, ""cpu6"": 1600000, ""cpu7"": 1600000}"
29030209,4877291520,10029924352,634725,14078,1772371968,5367558144,1,95.62021680510708,2550961,407312,10317664,27169,"{""thermal_zone0"": 42000, ""thermal_zone1"": 43000}","{""cpu0"": 1600000, ""cpu1"": 1600000, ""cpu2"": 1600000, ""cpu3"": 1600000, ""cpu4"": 1600000, ""cpu5"": 1600000, ""cpu6"": 1600000, ""cpu7"": 1600000}"
29148532,4893544448,10029924352,636833,14141,1780498432,5357219840,1,84.51460452510632,2550971,407320,10317737,27169,"{""thermal_zone0"": 42000, ""thermal_zone1"": 42000}","{""cpu0"": 1600000, ""cpu1"": 1600000, ""cpu2"": 1600000, ""cpu3"": 1600000, ""cpu4"": 1600000, ""cpu5"": 1600000, ""cpu6"": 1600000, ""cpu7"": 1600000}"
29263702,4909535232,10029924352,638914,14202,1788493824,5349367808,1,95.51031534849204,2550980,407323,10317817,27169,"{""thermal_zone0"": 41000, ""thermal_zone1"": 42000}","{""cpu0"": 1600000, ""cpu1"": 1600000, ""cpu2"": 1600000, ""cpu3"": 1600000, ""cpu4"": 1600000, ""cpu5"": 1600000, ""cpu6"": 1600000, ""cpu7"": 1600000}"
29378659,4925526016,10029924352,640980,14262,1796358144,5341605888,1,95.68804111913461,2550988,407327,10317896,27169,"{""thermal_zone0"": 41000, ""thermal_zone1"": 42000}","{""cpu0"": 1600000, ""cpu1"": 1600000, ""cpu2"": 1600000, ""cpu3"": 1600000, ""cpu4"": 1600000, ""cpu5"": 1600000, ""cpu6"": 1600000, ""cpu7"": 1600000}"
29493629,4941516800,10029924352,643062,14324,1804484608,5333327872,1,86.97973398292118,2550996,407331,10317975,27169,"{""thermal_zone0"": 42000, ""thermal_zone1"": 42000}","{""cpu0"": 1600000, ""cpu1"": 1600000, ""cpu2"": 1600000, ""cpu3"": 1600000, ""cpu4"": 1600000, ""cpu5"": 1600000, ""cpu6"": 1600000, ""cpu7"": 1600000}"
29608771,4957507584,10029924352,645129,14385,1812480000,5325201408,1,95.53419665676168,2551004,407335,10318055,27169,"{""thermal_zone0"": 42000, ""thermal_zone1"": 41000}","{""cpu0"": 1600000, ""cpu1"": 1600000, ""cpu2"": 1600000, ""cpu3"": 1600000, ""cpu4"": 1600000, ""cpu5"": 1600000, ""cpu6"": 1600000, ""cpu7"": 1600000}"
29723799,4973498368,10029924352,647203,14445,1820475392,5317603328,1,86.93480693626745,2551013,407338,10318135,27169,"{""thermal_zone0"": 41000, ""thermal_zone1"": 42000}","{""cpu0"": 1600000, ""cpu1"": 1600000, ""cpu2"": 1600000, ""cpu3"": 1600000, ""cpu4"": 1600000, ""cpu5"": 1600000, ""cpu6"": 1600000, ""cpu7"": 1600000}"
29838746,4989489152,10029924352,649292,14507,1828470784,5309333504,1,104.39577007130909,2551021,407342,10318214,27169,"{""thermal_zone0"": 41000, ""thermal_zone1"": 42000}","{""cpu0"": 1600000, ""cpu1"": 1600000, ""cpu2"": 1600000, ""cpu3"": 1600000, ""cpu4"": 1600000, ""cpu5"": 1600000, ""cpu6"": 1600000, ""cpu7"": 1600000}"
29953808,5005479936,10029924352,651351,14567,1836335104,5301575680,1,86.91025147698541,2551030,407345,10318294,27169,"{""thermal_zone0"": 42000, ""thermal_zone1"": 42000}","{""cpu0"": 1600000, ""cpu1"": 1600000, ""cpu2"": 1600000, ""cpu3"": 1600000, ""cpu4"": 1600000, ""cpu5"": 1600000, ""cpu6"": 1600000, ""cpu7"": 1600000}"
30069009,5021470720,10029924352,653425,14628,1844330496,5293297664,1,95.48464900242325,2551041,407347,10318373,27169,"{""thermal_zone0"": 42000, ""thermal_zone1"": 42000}","{""cpu0"": 1600000, ""cpu1"": 1600000, ""cpu2"": 1600000, ""cpu3"": 1600000, ""cpu4"": 1600000, ""cpu5"": 1600000, ""cpu6"": 1600000, ""cpu7"": 1600000}"
30184066,5037461504,10029924352,655499,14689,1852325888,5285339136,1,86.91418546150437,2551051,407349,10318453,27169,"{""thermal_zone0"": 42000, ""thermal_zone1"": 42000}","{""cpu0"": 1600000, ""cpu1"": 1600000, ""cpu2"": 1600000, ""cpu3"": 1600000, ""cpu4"": 1600000, ""cpu5"": 1600000, ""cpu6"": 1600000, ""cpu7"": 1600000}"
30299167,5052928000,10029924352,657478,14749,1860059136,5277335552,1,86.87954570616047,2551059,407352,10318532,27169,"{""thermal_zone0"": 41000, ""thermal_zone1"": 42000}","{""cpu0"": 1600000, ""cpu1"": 1600000, ""cpu2"": 1600000, ""cpu3"": 1600000, ""cpu4"": 1600000, ""cpu5"": 1600000, ""cpu6"": 1600000, ""cpu7"": 1600000}"
30414358,5069049856,10029924352,659502,14811,1868185600,5269315584,1,95.49407724029756,2551068,407355,10318612,27169,"{""thermal_zone0"": 42000, ""thermal_zone1"": 42000}","{""cpu0"": 1600000, ""cpu1"": 1600000, ""cpu2"": 1600000, ""cpu3"": 1600000, ""cpu4"": 1600000, ""cpu5"": 1600000, ""cpu6"": 1600000, ""cpu7"": 1600000}"
30529372,5085040640,10029924352,661510,14871,1876049920,5261291520,1,86.94611315530601,2551076,407358,10318692,27169,"{""thermal_zone0"": 41000, ""thermal_zone1"": 41000}","{""cpu0"": 1600000, ""cpu1"": 1600000, ""cpu2"": 1600000, ""cpu3"": 1600000, ""cpu4"": 1600000, ""cpu5"": 1600000, ""cpu6"": 1600000, ""cpu7"": 1600000}"
30644459,5100900352,10029924352,663512,14932,1884045312,5253529600,1,95.57967880448938,2551085,407361,10318771,27169,"{""thermal_zone0"": 42000, ""thermal_zone1"": 41000}","{""cpu0"": 1600000, ""cpu1"": 1600000, ""cpu2"": 1600000, ""cpu3"": 1600000, ""cpu4"": 1600000, ""cpu5"": 1600000, ""cpu6"": 1600000, ""cpu7"": 1600000}"
30759622,5116891136,10029924352,665530,14993,1892040704,5245165568,1,95.51653544923415,2551096,407362,10318851,27169,"{""thermal_zone0"": 41000, ""thermal_zone1"": 41000}","{""cpu0"": 1600000, ""cpu1"": 1600000, ""cpu2"": 1600000, ""cpu3"": 1600000, ""cpu4"": 1600000, ""cpu5"": 1600000, ""cpu6"": 1600000, ""cpu7"": 1600000}"
30875222,5132881920,10029924352,667522,15054,1900036096,5237207040,1,86.50524793169629,2551104,407364,10318931,27169,"{""thermal_zone0"": 42000, ""thermal_zone1"": 42000}","{""cpu0"": 1600000, ""cpu1"": 1600000, ""cpu2"": 1600000, ""cpu3"": 1600000, ""cpu4"": 1600000, ""cpu5"": 1600000, ""cpu6"": 1600000, ""cpu7"": 1600000}"
30990203,5148610560,10029924352,669525,15114,1907900416,5229445120,1,95.66772199760118,2551114,407366,10319010,27169,"{""thermal_zone0"": 41000, ""thermal_zone1"": 42000}","{""cpu0"": 1600000, ""cpu1"": 1600000, ""cpu2"": 1600000, ""cpu3"": 1600000, ""cpu4"": 1600000, ""cpu5"": 1600000, ""cpu6"": 1600000, ""cpu7"": 1600000}"
31105380,5164601344,10029924352,671516,15175,1915895808,5221048320,1,86.82303547449445,2551124,407368,10319090,27169,"{""thermal_zone0"": 42000, ""thermal_zone1"": 41000}","{""cpu0"": 1600000, ""cpu1"": 1600000, ""cpu2"": 1600000, ""cpu3"": 1600000, ""cpu4"": 1600000, ""cpu5"": 1600000, ""cpu6"": 1600000, ""cpu7"": 1600000}"
31220590,5180592128,10029924352,673545,15236,1923891200,5213143040,1,95.47812227759866,2551132,407372,10319170,27169,"{""thermal_zone0"": 42000, ""thermal_zone1"": 41000}","{""cpu0"": 1600000, ""cpu1"": 1600000, ""cpu2"": 1600000, ""cpu3"": 1600000, ""cpu4"": 1600000, ""cpu5"": 1600000, ""cpu6"": 1600000, ""cpu7"": 1600000}"
31335841,5196451840,10029924352,675540,15297,1931886592,5205262336,1,86.7670707443858,2551141,407374,10319250,27169,"{""thermal_zone0"": 42000, ""thermal_zone1"": 42000}","{""cpu0"": 1600000, ""cpu1"": 1600000, ""cpu2"": 1600000, ""cpu3"": 1600000, ""cpu4"": 1600000, ""cpu5"": 1600000, ""cpu6"": 1600000, ""cpu7"": 1600000}"
31450870,5212311552,10029924352,677541,15357,1939750912,5197303808,1,86.93455451113444,2551149,407377,10319329,27169,"{""thermal_zone0"": 42000, ""thermal_zone1"": 42000}","{""cpu0"": 1600000, ""cpu1"": 1600000, ""cpu2"": 1600000, ""cpu3"": 1600000, ""cpu4"": 1600000, ""cpu5"": 1600000, ""cpu6"": 1600000, ""cpu7"": 1600000}"
31565916,5228302336,10029924352,679560,15418,1947746304,5189283840,1,95.61419096782457,2551159,407380,10319409,27169,"{""thermal_zone0"": 41000, ""thermal_zone1"": 41000}","{""cpu0"": 1600000, ""cpu1"": 1600000, ""cpu2"": 1600000, ""cpu3"": 1600000, ""cpu4"": 1600000, ""cpu5"": 1600000, ""cpu6"": 1600000, ""cpu7"": 1600000}"
31681075,5244162048,10029924352,681541,15478,1955610624,5181415424,1,95.51964497397294,2551169,407381,10319489,27169,"{""thermal_zone0"": 41000, ""thermal_zone1"": 42000}","{""cpu0"": 1600000, ""cpu1"": 1600000, ""cpu2"": 1600000, ""cpu3"": 1600000, ""cpu4"": 1600000, ""cpu5"": 1600000, ""cpu6"": 1600000, ""cpu7"": 1600000}"
31796198,5259890688,10029924352,683574,15539,1963474944,5173411840,1,86.86376106169824,2551178,407385,10319568,27169,"{""thermal_zone0"": 42000, ""thermal_zone1"": 42000}","{""cpu0"": 1600000, ""cpu1"": 1600000, ""cpu2"": 1600000, ""cpu3"": 1600000, ""cpu4"": 1600000, ""cpu5"": 1600000, ""cpu6"": 1600000, ""cpu7"": 1600000}"
31911234,5275881472,10029924352,685649,15599,1971339264,5165387776,1,86.92954787837833,2551186,407388,10319648,27169,"{""thermal_zone0"": 42000, ""thermal_zone1"": 42000}","{""cpu0"": 1600000, ""cpu1"": 1600000, ""cpu2"": 1600000, ""cpu3"": 1600000, ""cpu4"": 1600000, ""cpu5"": 1600000, ""cpu6"": 1600000, ""cpu7"": 1600000}"
32026365,5291872256,10029924352,687715,15660,1979334656,5157367808,1,95.54270274584951,2551196,407390,10319727,27169,"{""thermal_zone0"": 42000, ""thermal_zone1"": 41000}","{""cpu0"": 1600000, ""cpu1"": 1600000, ""cpu2"": 1600000, ""cpu3"": 1600000, ""cpu4"": 1600000, ""cpu5"": 1600000, ""cpu6"": 1600000, ""cpu7"": 1600000}"
32141378,5307863040,10029924352,689789,15721,1987330048,5149179904,1,95.64210986807379,2551207,407391,10319806,27169,"{""thermal_zone0"": 41000, ""thermal_zone1"": 42000}","{""cpu0"": 1600000, ""cpu1"": 1600000, ""cpu2"": 1600000, ""cpu3"": 1600000, ""cpu4"": 1600000, ""cpu5"": 1600000, ""cpu6"": 1600000, ""cpu7"": 1600000}"
32256543,5323591680,10029924352,691835,15781,1995194368,5141045248,1,86.83161106884921,2551217,407392,10319886,27169,"{""thermal_zone0"": 41000, ""thermal_zone1"": 42000}","{""cpu0"": 1600000, ""cpu1"": 1600000, ""cpu2"": 1600000, ""cpu3"": 1600000, ""cpu4"": 1600000, ""cpu5"": 1600000, ""cpu6"": 1600000, ""cpu7"": 1600000}"
32371806,5339451392,10029924352,693909,15842,2003189760,5133291520,1,95.4338412010033,2551228,407394,10319965,27169,"{""thermal_zone0"": 42000, ""thermal_zone1"": 42000}","{""cpu0"": 1600000, ""cpu1"": 1600000, ""cpu2"": 1600000, ""cpu3"": 1600000, ""cpu4"": 1600000, ""cpu5"": 1600000, ""cpu6"": 1600000, ""cpu7"": 1600000}"
32486776,5355573248,10029924352,695992,15904,2011316224,5125013504,1,95.6770832336697,2551236,407397,10320045,27169,"{""thermal_zone0"": 42000, ""thermal_zone1"": 42000}","{""cpu0"": 1600000, ""cpu1"": 1600000, ""cpu2"": 1600000, ""cpu3"": 1600000, ""cpu4"": 1600000, ""cpu5"": 1600000, ""cpu6"": 1600000, ""cpu7"": 1600000}"
32601676,5371564032,10029924352,698060,15965,2019180544,5117251584,1,87.0325654972275,2551245,407401,10320124,27169,"{""thermal_zone0"": 41000, ""thermal_zone1"": 42000}","{""cpu0"": 1600000, ""cpu1"": 1600000, ""cpu2"": 1600000, ""cpu3"": 1600000, ""cpu4"": 1600000, ""cpu5"": 1600000, ""cpu6"": 1600000, ""cpu7"": 1600000}"
32716279,5387554816,10029924352,700134,16026,2027175936,5109288960,1,87.25738215777105,2551253,407404,10320204,27169,"{""thermal_zone0"": 41000, ""thermal_zone1"": 41000}","{""cpu0"": 1600000, ""cpu1"": 1600000, ""cpu2"": 1600000, ""cpu3"": 1600000, ""cpu4"": 1600000, ""cpu5"": 1600000, ""cpu6"": 1600000, ""cpu7"": 1600000}"
32831094,5403545600,10029924352,702206,16086,2035171328,5101268992,1,95.80655659834606,2551261,407408,10320283,27169,"{""thermal_zone0"": 42000, ""thermal_zone1"": 42000}","{""cpu0"": 1600000, ""cpu1"": 1600000, ""cpu2"": 1600000, ""cpu3"": 1600000, ""cpu4"": 1600000, ""cpu5"": 1600000, ""cpu6"": 1600000, ""cpu7"": 1600000}"
32946037,5419536384,10029924352,704280,16147,2043166720,5092990976,1,86.99953430889276,2551270,407411,10320363,27169,"{""thermal_zone0"": 42000, ""thermal_zone1"": 42000}","{""cpu0"": 1600000, ""cpu1"": 1600000, ""cpu2"": 1600000, ""cpu3"": 1600000, ""cpu4"": 1600000, ""cpu5"": 1600000, ""cpu6"": 1600000, ""cpu7"": 1600000}"
33061074,5435396096,10029924352,706352,16208,2051162112,5084971008,1,95.6213256419016,2551280,407413,10320442,27169,"{""thermal_zone0"": 41000, ""thermal_zone1"": 42000}","{""cpu0"": 1600000, ""cpu1"": 1600000, ""cpu2"": 1600000, ""cpu3"": 1600000, ""cpu4"": 1600000, ""cpu5"": 1600000, ""cpu6"": 1600000, ""cpu7"": 1600000}"
33176252,5451386880,10029924352,708425,16269,2059157504,5077012480,1,86.82225075085618,2551289,407416,10320522,27169,"{""thermal_zone0"": 42000, ""thermal_zone1"": 42000}","{""cpu0"": 1600000, ""cpu1"": 1600000, ""cpu2"": 1600000, ""cpu3"": 1600000, ""cpu4"": 1600000, ""cpu5"": 1600000, ""cpu6"": 1600000, ""cpu7"": 1600000}"
33291441,5466984448,10029924352,710466,16329,2066890752,5068840960,1,95.49476864030973,2551298,407420,10320602,27170,"{""thermal_zone0"": 42000, ""thermal_zone1"": 41000}","{""cpu0"": 1600000, ""cpu1"": 1600000, ""cpu2"": 1600000, ""cpu3"": 1600000, ""cpu4"": 1600000, ""cpu5"": 1600000, ""cpu6"": 1600000, ""cpu7"": 1600000}"
33406451,5482975232,10029924352,712526,16390,2074886144,5061136384,1,95.64404999060602,2551306,407422,10320681,27170,"{""thermal_zone0"": 41000, ""thermal_zone1"": 42000}","{""cpu0"": 1600000, ""cpu1"": 1600000, ""cpu2"": 1600000, ""cpu3"": 1600000, ""cpu4"": 1600000, ""cpu5"": 1600000, ""cpu6"": 1600000, ""cpu7"": 1600000}"
33521437,5498703872,10029924352,714569,16450,2082750464,5053255680,1,86.96709542546296,2551315,407424,10320761,27170,"{""thermal_zone0"": 40000, ""thermal_zone1"": 42000}","{""cpu0"": 1600000, ""cpu1"": 1600000, ""cpu2"": 1600000, ""cpu3"": 1600000, ""cpu4"": 1600000, ""cpu5"": 1600000, ""cpu6"": 1600000, ""cpu7"": 1600000}"
33636533,5514563584,10029924352,716626,16510,2090614784,5045493760,1,95.572897441219,2551323,407428,10320840,27170,"{""thermal_zone0"": 41000, ""thermal_zone1"": 41000}","{""cpu0"": 1600000, ""cpu1"": 1600000, ""cpu2"": 1600000, ""cpu3"": 1600000, ""cpu4"": 1600000, ""cpu5"": 1600000, ""cpu6"": 1600000, ""cpu7"": 1600000}"
33751590,5530161152,10029924352,718662,16570,2098479104,5037506560,1,86.91336660742044,2551331,407431,10320920,27170,"{""thermal_zone0"": 41000, ""thermal_zone1"": 42000}","{""cpu0"": 1600000, ""cpu1"": 1600000, ""cpu2"": 1600000, ""cpu3"": 1600000, ""cpu4"": 1600000, ""cpu5"": 1600000, ""cpu6"": 1600000, ""cpu7"": 1600000}"
33866721,5546151936,10029924352,720736,16631,2106474496,5029486592,1,86.85734801916216,2551340,407434,10321000,27170,"{""thermal_zone0"": 42000, ""thermal_zone1"": 41000}","{""cpu0"": 1600000, ""cpu1"": 1600000, ""cpu2"": 1600000, ""cpu3"": 1600000, ""cpu4"": 1600000, ""cpu5"": 1600000, ""cpu6"": 1600000, ""cpu7"": 1600000}"
33981773,5562142720,10029924352,722788,16691,2114338816,5021466624,1,104.3005353172825,2551349,407438,10321079,27170,"{""thermal_zone0"": 42000, ""thermal_zone1"": 42000}","{""cpu0"": 1600000, ""cpu1"": 1600000, ""cpu2"": 1600000, ""cpu3"": 1600000, ""cpu4"": 1600000, ""cpu5"": 1600000, ""cpu6"": 1600000, ""cpu7"": 1600000}"
34096882,5577871360,10029924352,724838,16752,2122334208,5013323776,1,78.18655358597546,2551358,407442,10321159,27170,"{""thermal_zone0"": 42000, ""thermal_zone1"": 42000}","{""cpu0"": 1600000, ""cpu1"": 1600000, ""cpu2"": 1600000, ""cpu3"": 1600000, ""cpu4"": 1600000, ""cpu5"": 1600000, ""cpu6"": 1600000, ""cpu7"": 1600000}"
34213800,5593862144,10029924352,726909,16813,2130329600,5004591104,1,102.6361619220934,2551366,407452,10321230,27170,"{""thermal_zone0"": 41000, ""thermal_zone1"": 42000}","{""cpu0"": 1600000, ""cpu1"": 1600000, ""cpu2"": 1600000, ""cpu3"": 1600000, ""cpu4"": 1600000, ""cpu5"": 1600000, ""cpu6"": 1600000, ""cpu7"": 1600000}"
34328836,5609328640,10029924352,728929,16872,2138062848,4996919296,1,86.92976853593024,2551376,407455,10321310,27170,"{""thermal_zone0"": 42000, ""thermal_zone1"": 42000}","{""cpu0"": 1600000, ""cpu1"": 1600000, ""cpu2"": 1600000, ""cpu3"": 1600000, ""cpu4"": 1600000, ""cpu5"": 1600000, ""cpu6"": 1600000, ""cpu7"": 1600000}"
34443949,5625188352,10029924352,730979,16932,2145927168,4989038592,1,86.87118024705728,2551386,407457,10321390,27170,"{""thermal_zone0"": 42000, ""thermal_zone1"": 44000}","{""cpu0"": 1600000, ""cpu1"": 1600000, ""cpu2"": 1600000, ""cpu3"": 1600000, ""cpu4"": 1600000, ""cpu5"": 1600000, ""cpu6"": 1600000, ""cpu7"": 1600000}"
34559072,5641048064,10029924352,733022,16992,2153791488,4981170176,1,95.5496532893967,2551394,407459,10321469,27170,"{""thermal_zone0"": 42000, ""thermal_zone1"": 42000}","{""cpu0"": 1600000, ""cpu1"": 1600000, ""cpu2"": 1600000, ""cpu3"": 1600000, ""cpu4"": 1600000, ""cpu5"": 1600000, ""cpu6"": 1600000, ""cpu7"": 1600000}"
34674117,5657038848,10029924352,735101,17054,2161786880,4973211648,1,95.61516086855318,2551404,407462,10321549,27170,"{""thermal_zone0"": 42000, ""thermal_zone1"": 41000}","{""cpu0"": 1600000, ""cpu1"": 1600000, ""cpu2"": 1600000, ""cpu3"": 1600000, ""cpu4"": 1600000, ""cpu5"": 1600000, ""cpu6"": 1600000, ""cpu7"": 1600000}"
34789218,5672505344,10029924352,737125,17113,2169520128,4965330944,1,86.88026881589222,2551413,407464,10321629,27170,"{""thermal_zone0"": 42000, ""thermal_zone1"": 41000}","{""cpu0"": 1600000, ""cpu1"": 1600000, ""cpu2"": 1600000, ""cpu3"": 1600000, ""cpu4"": 1600000, ""cpu5"": 1600000, ""cpu6"": 1600000, ""cpu7"": 1600000}"
34904417,5688365056,10029924352,739183,17173,2177384448,4957052928,1,86.80576503474549,2551424,407465,10321709,27170,"{""thermal_zone0"": 42000, ""thermal_zone1"": 42000}","{""cpu0"": 1600000, ""cpu1"": 1600000, ""cpu2"": 1600000, ""cpu3"": 1600000, ""cpu4"": 1600000, ""cpu5"": 1600000, ""cpu6"": 1600000, ""cpu7"": 1600000}"
35020107,5704355840,10029924352,741257,17234,2185379840,4949032960,1,86.43779724337763,2551433,407467,10321789,27170,"{""thermal_zone0"": 41000, ""thermal_zone1"": 41000}","{""cpu0"": 1600000, ""cpu1"": 1600000, ""cpu2"": 1600000, ""cpu3"": 1600000, ""cpu4"": 1600000, ""cpu5"": 1600000, ""cpu6"": 1600000, ""cpu7"": 1600000}"
35135296,5720346624,10029924352,743318,17295,2193375232,4941271040,1,104.17690258993414,2551442,407469,10321868,27170,"{""thermal_zone0"": 41000, ""thermal_zone1"": 42000}","{""cpu0"": 1600000, ""cpu1"": 1600000, ""cpu2"": 1600000, ""cpu3"": 1600000, ""cpu4"": 1600000, ""cpu5"": 1600000, ""cpu6"": 1600000, ""cpu7"": 1600000}"
35250398,5736075264,10029924352,745372,17356,2201370624,4933189632,1,86.879230953388,2551451,407472,10321948,27170,"{""thermal_zone0"": 42000, ""thermal_zone1"": 42000}","{""cpu0"": 1600000, ""cpu1"": 1600000, ""cpu2"": 1600000, ""cpu3"": 1600000, ""cpu4"": 1600000, ""cpu5"": 1600000, ""cpu6"": 1600000, ""cpu7"": 1600000}"
35365316,5752721408,10029924352,747529,17400,2206724096,4924997632,1,87.01861822509586,2551461,407475,10322027,27170,"{""thermal_zone0"": 42000, ""thermal_zone1"": 41000}","{""cpu0"": 1600000, ""cpu1"": 1600000, ""cpu2"": 1600000, ""cpu3"": 1600000, ""cpu4"": 1600000, ""cpu5"": 1600000, ""cpu6"": 1600000, ""cpu7"": 1600000}"
35480488,5768712192,10029924352,749578,17434,2211508224,4917395456,1,95.50945123325624,2551472,407481,10322103,27170,"{""thermal_zone0"": 42000, ""thermal_zone1"": 43000}","{""cpu0"": 1600000, ""cpu1"": 1600000, ""cpu2"": 1600000, ""cpu3"": 1600000, ""cpu4"": 1600000, ""cpu5"": 1600000, ""cpu6"": 1600000, ""cpu7"": 1600000}"
35596534,5784047616,10029924352,751522,17493,2219110400,4909457408,1,103.40715992726443,2551480,407486,10322182,27170,"{""thermal_zone0"": 42000, ""thermal_zone1"": 42000}","{""cpu0"": 1600000, ""cpu1"": 1600000, ""cpu2"": 1600000, ""cpu3"": 1600000, ""cpu4"": 1600000, ""cpu5"": 1600000, ""cpu6"": 1600000, ""cpu7"": 1600000}"
35712598,5799514112,10029924352,753461,17552,2226843648,4901408768,1,94.77580920189016,2551489,407490,10322261,27170,"{""thermal_zone0"": 42000, ""thermal_zone1"": 42000}","{""cpu0"": 1600000, ""cpu1"": 1600000, ""cpu2"": 1600000, ""cpu3"": 1600000, ""cpu4"": 1600000, ""cpu5"": 1600000, ""cpu6"": 1600000, ""cpu7"": 1600000}"
35828438,5814718464,10029924352,755377,17610,2234413056,4894015488,1,103.5909348677867,2551495,407497,10322340,27170,"{""thermal_zone0"": 42000, ""thermal_zone1"": 42000}","{""cpu0"": 1600000, ""cpu1"": 1600000, ""cpu2"": 1600000, ""cpu3"": 1600000, ""cpu4"": 1600000, ""cpu5"": 1600000, ""cpu6"": 1600000, ""cpu7"": 1600000}"
35944269,5830184960,10029924352,757318,17669,2242146304,4886286336,1,94.96559905707103,2551504,407500,10322419,27170,"{""thermal_zone0"": 42000, ""thermal_zone1"": 42000}","{""cpu0"": 1600000, ""cpu1"": 1600000, ""cpu2"": 1600000, ""cpu3"": 1600000, ""cpu4"": 1600000, ""cpu5"": 1600000, ""cpu6"": 1600000, ""cpu7"": 1600000}"
36061639,5845127168,10029924352,759202,17727,2249519104,4879437824,1,93.7212001674474,2551514,407508,10322495,27170,"{""thermal_zone0"": 42000, ""thermal_zone1"": 43000}","{""cpu0"": 1600000, ""cpu1"": 1600000, ""cpu2"": 1600000, ""cpu3"": 1600000, ""cpu4"": 1600000, ""cpu5"": 1600000, ""cpu6"": 1600000, ""cpu7"": 1600000}"
36177508,5860069376,10029924352,761097,17781,2255949824,4871766016,1,94.93472823173437,2551519,407515,10322574,27170,"{""thermal_zone0"": 42000, ""thermal_zone1"": 43000}","{""cpu0"": 1600000, ""cpu1"": 1600000, ""cpu2"": 1600000, ""cpu3"": 1600000, ""cpu4"": 1600000, ""cpu5"": 1600000, ""cpu6"": 1600000, ""cpu7"": 1600000}"
36293449,5874618368,10029924352,762994,17836,2262274048,4864372736,1,94.87529621253418,2551528,407518,10322654,27171,"{""thermal_zone0"": 41000, ""thermal_zone1"": 41000}","{""cpu0"": 1600000, ""cpu1"": 1600000, ""cpu2"": 1600000, ""cpu3"": 1600000, ""cpu4"": 1600000, ""cpu5"": 1600000, ""cpu6"": 1600000, ""cpu7"": 1600000}"
36409296,5889953792,10029924352,764984,17895,2270007296,4856897536,1,94.95316586155734,2551539,407520,10322733,27171,"{""thermal_zone0"": 42000, ""thermal_zone1"": 42000}","{""cpu0"": 1600000, ""cpu1"": 1600000, ""cpu2"": 1600000, ""cpu3"": 1600000, ""cpu4"": 1600000, ""cpu5"": 1600000, ""cpu6"": 1600000, ""cpu7"": 1600000}"
36525335,5905420288,10029924352,766976,17953,2277675008,4848910336,1,94.79547914155178,2551549,407525,10322811,27171,"{""thermal_zone0"": 42000, ""thermal_zone1"": 42000}","{""cpu0"": 1600000, ""cpu1"": 1600000, ""cpu2"": 1600000, ""cpu3"": 1600000, ""cpu4"": 1600000, ""cpu5"": 1600000, ""cpu6"": 1600000, ""cpu7"": 1600000}"
36643732,5920886784,10029924352,768986,18013,2285408256,4841521152,1,101.35399562915961,2551551,407540,10322889,27171,"{""thermal_zone0"": 42000, ""thermal_zone1"": 42000}","{""cpu0"": 1600000, ""cpu1"": 1600000, ""cpu2"": 1600000, ""cpu3"": 1600000, ""cpu4"": 1600000, ""cpu5"": 1600000, ""cpu6"": 1600000, ""cpu7"": 1600000}"
36759611,5936091136,10029924352,770987,18071,2293010432,4833533952,1,103.55629489764068,2551562,407542,10322968,27171,"{""thermal_zone0"": 42000, ""thermal_zone1"": 42000}","{""cpu0"": 1600000, ""cpu1"": 1600000, ""cpu2"": 1600000, ""cpu3"": 1600000, ""cpu4"": 1600000, ""cpu5"": 1600000, ""cpu6"": 1600000, ""cpu7"": 1600000}"
36874675,5952081920,10029924352,773052,18132,2301005824,4825206784,1,86.90870985706248,2551570,407548,10323044,27171,"{""thermal_zone0"": 42000, ""thermal_zone1"": 42000}","{""cpu0"": 1600000, ""cpu1"": 1600000, ""cpu2"": 1600000, ""cpu3"": 1600000, ""cpu4"": 1600000, ""cpu5"": 1600000, ""cpu6"": 1600000, ""cpu7"": 1600000}"
36989809,5966893056,10029924352,774944,18190,2307690496,4817969152,1,95.54062732288578,2551577,407553,10323124,27171,"{""thermal_zone0"": 42000, ""thermal_zone1"": 43000}","{""cpu0"": 1600000, ""cpu1"": 1600000, ""cpu2"": 1600000, ""cpu3"": 1600000, ""cpu4"": 1600000, ""cpu5"": 1600000, ""cpu6"": 1600000, ""cpu7"": 1600000}"
37105131,5982752768,10029924352,776946,18250,2315685888,4809945088,1,78.04211750983731,2551585,407557,10323204,27171,"{""thermal_zone0"": 41000, ""thermal_zone1"": 41000}","{""cpu0"": 1600000, ""cpu1"": 1600000, ""cpu2"": 1600000, ""cpu3"": 1600000, ""cpu4"": 1600000, ""cpu5"": 1600000, ""cpu6"": 1600000, ""cpu7"": 1600000}"
37220290,5998481408,10029924352,778933,18310,2323550208,4802064384,1,95.52006053262542,2551595,407559,10323283,27171,"{""thermal_zone0"": 41000, ""thermal_zone1"": 41000}","{""cpu0"": 1600000, ""cpu1"": 1600000, ""cpu2"": 1600000, ""cpu3"": 1600000, ""cpu4"": 1600000, ""cpu5"": 1600000, ""cpu6"": 1600000, ""cpu7"": 1600000}"
37335376,6014210048,10029924352,780892,18370,2331414528,4794241024,1,86.89190665059967,2551603,407567,10323359,27171,"{""thermal_zone0"": 42000, ""thermal_zone1"": 43000}","{""cpu0"": 1600000, ""cpu1"": 1600000, ""cpu2"": 1600000, ""cpu3"": 1600000, ""cpu4"": 1600000, ""cpu5"": 1600000, ""cpu6"": 1600000, ""cpu7"": 1600000}"
37451454,6029414400,10029924352,782809,18428,2339016704,4786442240,1,103.37813468887337,2551615,407568,10323438,27171,"{""thermal_zone0"": 41000, ""thermal_zone1"": 42000}","{""cpu0"": 1600000, ""cpu1"": 1600000, ""cpu2"": 1600000, ""cpu3"": 1600000, ""cpu4"": 1600000, ""cpu5"": 1600000, ""cpu6"": 1600000, ""cpu7"": 1600000}"
37567439,6044618752,10029924352,784742,18486,2346618880,4778852352,1,103.4618043849044,2551626,407570,10323517,27171,"{""thermal_zone0"": 42000, ""thermal_zone1"": 42000}","{""cpu0"": 1600000, ""cpu1"": 1600000, ""cpu2"": 1600000, ""cpu3"": 1600000, ""cpu4"": 1600000, ""cpu5"": 1600000, ""cpu6"": 1600000, ""cpu7"": 1600000}"
37683409,6059429888,10029924352,786603,18544,2353868800,4771364864,1,94.85204904095826,2551634,407574,10323596,27171,"{""thermal_zone0"": 42000, ""thermal_zone1"": 42000}","{""cpu0"": 1600000, ""cpu1"": 1600000, ""cpu2"": 1600000, ""cpu3"": 1600000, ""cpu4"": 1600000, ""cpu5"": 1600000, ""cpu6"": 1600000, ""cpu7"": 1600000}"
37799317,6075158528,10029924352,788571,18604,2361733120,4763484160,1,94.90305868244357,2551643,407576,10323676,27171,"{""thermal_zone0"": 41000, ""thermal_zone1"": 42000}","{""cpu0"": 1600000, ""cpu1"": 1600000, ""cpu2"": 1600000, ""cpu3"": 1600000, ""cpu4"": 1600000, ""cpu5"": 1600000, ""cpu6"": 1600000, ""cpu7"": 1600000}"
37916300,6089969664,10029924352,790479,18661,2369036288,4755709952,1,94.0312083425719,2551651,407592,10323746,27171,"{""thermal_zone0"": 42000, ""thermal_zone1"": 43000}","{""cpu0"": 1600000, ""cpu1"": 1600000, ""cpu2"": 1600000, ""cpu3"": 1600000, ""cpu4"": 1600000, ""cpu5"": 1600000, ""cpu6"": 1600000, ""cpu7"": 1600000}"
38037628,6106091520,10029924352,792582,18722,2376769536,4748075008,1,98.90481870046156,2551659,407600,10323826,27171,"{""thermal_zone0"": 42000, ""thermal_zone1"": 42000}","{""cpu0"": 1600000, ""cpu1"": 1600000, ""cpu2"": 1600000, ""cpu3"": 1600000, ""cpu4"": 1600000, ""cpu5"": 1600000, ""cpu6"": 1600000, ""cpu7"": 1600000}"
38153471,6125096960,10029924352,795033,18731,2377494528,4738502656,1,94.95617077812068,2551670,407601,10323904,27171,"{""thermal_zone0"": 42000, ""thermal_zone1"": 42000}","{""cpu0"": 1600000, ""cpu1"": 1600000, ""cpu2"": 1600000, ""cpu3"": 1600000, ""cpu4"": 1600000, ""cpu5"": 1600000, ""cpu6"": 1600000, ""cpu7"": 1600000}"
38268780,6144102400,10029924352,797509,18731,2377494528,4728696832,1,95.39580556610764,2551682,407603,10323983,27171,"{""thermal_zone0"": 42000, ""thermal_zone1"": 42000}","{""cpu0"": 1600000, ""cpu1"": 1600000, ""cpu2"": 1600000, ""cpu3"": 1600000, ""cpu4"": 1600000, ""cpu5"": 1600000, ""cpu6"": 1600000, ""cpu7"": 1600000}"
38383963,6163369984,10029924352,800013,18731,2377494528,4718891008,1,104.18259249525906,2551691,407607,10324062,27171,"{""thermal_zone0"": 41000, ""thermal_zone1"": 42000}","{""cpu0"": 1600000, ""cpu1"": 1600000, ""cpu2"": 1600000, ""cpu3"": 1600000, ""cpu4"": 1600000, ""cpu5"": 1600000, ""cpu6"": 1600000, ""cpu7"": 1600000}"
38499365,6182637568,10029924352,802503,18731,2377494528,4709343232,1,103.9843240165401,2551703,407608,10324141,27171,"{""thermal_zone0"": 42000, ""thermal_zone1"": 41000}","{""cpu0"": 1600000, ""cpu1"": 1600000, ""cpu2"": 1600000, ""cpu3"": 1600000, ""cpu4"": 1600000, ""cpu5"": 1600000, ""cpu6"": 1600000, ""cpu7"": 1600000}"
38614427,6199545856,10029924352,804705,18748,2378932224,4700684288,1,86.90949614436884,2551712,407610,10324221,27172,"{""thermal_zone0"": 41000, ""thermal_zone1"": 42000}","{""cpu0"": 1600000, ""cpu1"": 1600000, ""cpu2"": 1600000, ""cpu3"": 1600000, ""cpu4"": 1600000, ""cpu5"": 1600000, ""cpu6"": 1600000, ""cpu7"": 1600000}"
38729361,6216192000,10029924352,806851,18769,2381029376,4693213184,1,95.7071897346487,2551723,407616,10324296,27172,"{""thermal_zone0"": 42000, ""thermal_zone1"": 42000}","{""cpu0"": 1600000, ""cpu1"": 1600000, ""cpu2"": 1600000, ""cpu3"": 1600000, ""cpu4"": 1600000, ""cpu5"": 1600000, ""cpu6"": 1600000, ""cpu7"": 1600000}"
38844809,6232444928,10029924352,808984,18793,2383683584,4684771328,1,95.28074388898975,2551731,407620,10324376,27172,"{""thermal_zone0"": 41000, ""thermal_zone1"": 41000}","{""cpu0"": 1600000, ""cpu1"": 1600000, ""cpu2"": 1600000, ""cpu3"": 1600000, ""cpu4"": 1600000, ""cpu5"": 1600000, ""cpu6"": 1600000, ""cpu7"": 1600000}"
38960506,6246993920,10029924352,810875,18835,2386915328,4677660672,1,77.7897309862558,2551741,407622,10324455,27174,"{""thermal_zone0"": 41000, ""thermal_zone1"": 42000}","{""cpu0"": 1600000, ""cpu1"": 1600000, ""cpu2"": 1600000, ""cpu3"": 1600000, ""cpu4"": 1600000, ""cpu5"": 1600000, ""cpu6"": 1600000, ""cpu7"": 1600000}"
39076733,6262198272,10029924352,812816,18888,2393165824,4669992960,1,94.64191101566198,2551751,407624,10324535,27174,"{""thermal_zone0"": 41000, ""thermal_zone1"": 42000}","{""cpu0"": 1600000, ""cpu1"": 1600000, ""cpu2"": 1600000, ""cpu3"": 1600000, ""cpu4"": 1600000, ""cpu5"": 1600000, ""cpu6"": 1600000, ""cpu7"": 1600000}"
39193096,6277271552,10029924352,814787,18944,2400014336,4662226944,1,94.53184089785861,2551760,407628,10324613,27174,"{""thermal_zone0"": 42000, ""thermal_zone1"": 44000}","{""cpu0"": 1600000, ""cpu1"": 1600000, ""cpu2"": 1600000, ""cpu3"": 1600000, ""cpu4"": 1600000, ""cpu5"": 1600000, ""cpu6"": 1600000, ""cpu7"": 1600000}"
39312176,6292738048,10029924352,816777,19004,2407550976,4653944832,1,92.3748895490241,2551767,407644,10324684,27174,"{""thermal_zone0"": 42000, ""thermal_zone1"": 42000}","{""cpu0"": 1600000, ""cpu1"": 1600000, ""cpu2"": 1600000, ""cpu3"": 1600000, ""cpu4"": 1600000, ""cpu5"": 1600000, ""cpu6"": 1600000, ""cpu7"": 1600000}"
39429630,6306893824,10029924352,818550,19059,2414276608,4646146048,1,102.16768322092476,2551774,407650,10324762,27174,"{""thermal_zone0"": 42000, ""thermal_zone1"": 42000}","{""cpu0"": 1600000, ""cpu1"": 1600000, ""cpu2"": 1600000, ""cpu3"": 1600000, ""cpu4"": 1600000, ""cpu5"": 1600000, ""cpu6"": 1600000, ""cpu7"": 1600000}"
39545457,6321573888,10029924352,820408,19115,2421485568,4638601216,1,94.96918526212237,2551785,407652,10324841,27175,"{""thermal_zone0"": 42000, ""thermal_zone1"": 42000}","{""cpu0"": 1600000, ""cpu1"": 1600000, ""cpu2"": 1600000, ""cpu3"": 1600000, ""cpu4"": 1600000, ""cpu5"": 1600000, ""cpu6"": 1600000, ""cpu7"": 1600000}"
39661403,6336778240,10029924352,822304,19173,2429087744,4631019520,1,94.87175064254049,2551795,407655,10324920,27175,"{""thermal_zone0"": 42000, ""thermal_zone1"": 42000}","{""cpu0"": 1600000, ""cpu1"": 1600000, ""cpu2"": 1600000, ""cpu3"": 1600000, ""cpu4"": 1600000, ""cpu5"": 1600000, ""cpu6"": 1600000, ""cpu7"": 1600000}"
39777512,6351982592,10029924352,824226,19231,2436689920,4623495168,1,103.35109108909562,2551807,407656,10324999,27175,"{""thermal_zone0"": 42000, ""thermal_zone1"": 42000}","{""cpu0"": 1600000, ""cpu1"": 1600000, ""cpu2"": 1600000, ""cpu3"": 1600000, ""cpu4"": 1600000, ""cpu5"": 1600000, ""cpu6"": 1600000, ""cpu7"": 1600000}"
39893349,6366924800,10029924352,826119,19288,2444161024,4616388608,1,94.96081623207014,2551815,407665,10325073,27175,"{""thermal_zone0"": 41000, ""thermal_zone1"": 42000}","{""cpu0"": 1600000, ""cpu1"": 1600000, ""cpu2"": 1600000, ""cpu3"": 1600000, ""cpu4"": 1600000, ""cpu5"": 1600000, ""cpu6"": 1600000, ""cpu7"": 1600000}"
40009541,6381998080,10029924352,828004,19346,2451763200,4608692224,1,94.67106311051056,2551823,407671,10325151,27175,"{""thermal_zone0"": 41000, ""thermal_zone1"": 42000}","{""cpu0"": 1600000, ""cpu1"": 1600000, ""cpu2"": 1600000, ""cpu3"": 1600000, ""cpu4"": 1600000, ""cpu5"": 1600000, ""cpu6"": 1600000, ""cpu7"": 1600000}"
40125526,6397333504,10029924352,829922,19404,2459365376,4601114624,1,103.46173034657136,2551835,407672,10325230,27175,"{""thermal_zone0"": 42000, ""thermal_zone1"": 42000}","{""cpu0"": 1600000, ""cpu1"": 1600000, ""cpu2"": 1600000, ""cpu3"": 1600000, ""cpu4"": 1600000, ""cpu5"": 1600000, ""cpu6"": 1600000, ""cpu7"": 1600000}"
40241641,6412275712,10029924352,831830,19462,2466918400,4593348608,1,94.733944153117,2551846,407674,10325309,27175,"{""thermal_zone0"": 42000, ""thermal_zone1"": 41000}","{""cpu0"": 1600000, ""cpu1"": 1600000, ""cpu2"": 1600000, ""cpu3"": 1600000, ""cpu4"": 1600000, ""cpu5"": 1600000, ""cpu6"": 1600000, ""cpu7"": 1600000}"
40357552,6428004352,10029924352,833783,19521,2474651648,4585299968,1,103.52740828606113,2551857,407677,10325388,27175,"{""thermal_zone0"": 42000, ""thermal_zone1"": 42000}","{""cpu0"": 1600000, ""cpu1"": 1600000, ""cpu2"": 1600000, ""cpu3"": 1600000, ""cpu4"": 1600000, ""cpu5"": 1600000, ""cpu6"": 1600000, ""cpu7"": 1600000}"
40473243,6442946560,10029924352,835687,19578,2482122752,4577959936,1,95.08126876963672,2551868,407683,10325463,27175,"{""thermal_zone0"": 41000, ""thermal_zone1"": 43000}","{""cpu0"": 1600000, ""cpu1"": 1600000, ""cpu2"": 1600000, ""cpu3"": 1600000, ""cpu4"": 1600000, ""cpu5"": 1600000, ""cpu6"": 1600000, ""cpu7"": 1600000}"
40589280,6458150912,10029924352,837604,19637,2489856000,4570324992,1,103.41477215041219,2551877,407686,10325542,27175,"{""thermal_zone0"": 43000, ""thermal_zone1"": 42000}","{""cpu0"": 1600000, ""cpu1"": 1600000, ""cpu2"": 1600000, ""cpu3"": 1600000, ""cpu4"": 1600000, ""cpu5"": 1600000, ""cpu6"": 1600000, ""cpu7"": 1600000}"
40705182,6473617408,10029924352,839529,19695,2497458176,4562853888,1,94.90773251432447,2551890,407687,10325621,27175,"{""thermal_zone0"": 42000, ""thermal_zone1"": 41000}","{""cpu0"": 1600000, ""cpu1"": 1600000, ""cpu2"": 1600000, ""cpu3"": 1600000, ""cpu4"": 1600000, ""cpu5"": 1600000, ""cpu6"": 1600000, ""cpu7"": 1600000}"
40821171,6489083904,10029924352,841496,19754,2505191424,4555055104,1,86.2149494739444,2551896,407693,10325700,27175,"{""thermal_zone0"": 42000, ""thermal_zone1"": 42000}","{""cpu0"": 1600000, ""cpu1"": 1600000, ""cpu2"": 1600000, ""cpu3"": 1600000, ""cpu4"": 1600000, ""cpu5"": 1600000, ""cpu6"": 1600000, ""cpu7"": 1600000}"
40937224,6504812544,10029924352,843511,19815,2513002496,4546740224,1,103.40151698297535,2551905,407698,10325779,27175,"{""thermal_zone0"": 42000, ""thermal_zone1"": 42000}","{""cpu0"": 1600000, ""cpu1"": 1600000, ""cpu2"": 1600000, ""cpu3"": 1600000, ""cpu4"": 1600000, ""cpu5"": 1600000, ""cpu6"": 1600000, ""cpu7"": 1600000}"
41056348,6520541184,10029924352,845577,19875,2520866816,4538753024,1,100.73531491282328,2551915,407705,10325857,27175,"{""thermal_zone0"": 42000, ""thermal_zone1"": 43000}","{""cpu0"": 1600000, ""cpu1"": 1600000, ""cpu2"": 1600000, ""cpu3"": 1600000, ""cpu4"": 1600000, ""cpu5"": 1600000, ""cpu6"": 1600000, ""cpu7"": 1600000}"
41172465,6536269824,10029924352,847611,19935,2528731136,4530888704,1,94.73227818512419,2551926,407707,10325936,27175,"{""thermal_zone0"": 42000, ""thermal_zone1"": 42000}","{""cpu0"": 1600000, ""cpu1"": 1600000, ""cpu2"": 1600000, ""cpu3"": 1600000, ""cpu4"": 1600000, ""cpu5"": 1600000, ""cpu6"": 1600000, ""cpu7"": 1600000}"
41288886,6552522752,10029924352,849733,19997,2536857600,4522627072,1,94.4845786780173,2551936,407714,10326012,27175,"{""thermal_zone0"": 42000, ""thermal_zone1"": 42000}","{""cpu0"": 1600000, ""cpu1"": 1600000, ""cpu2"": 1600000, ""cpu3"": 1600000, ""cpu4"": 1600000, ""cpu5"": 1600000, ""cpu6"": 1600000, ""cpu7"": 1600000}"
41403860,6569037824,10029924352,851851,20060,2545115136,4514209792,1,95.67337263659263,2551946,407717,10326091,27175,"{""thermal_zone0"": 42000, ""thermal_zone1"": 42000}","{""cpu0"": 1600000, ""cpu1"": 1600000, ""cpu2"": 1600000, ""cpu3"": 1600000, ""cpu4"": 1600000, ""cpu5"": 1600000, ""cpu6"": 1600000, ""cpu7"": 1600000}"
41518875,6585421824,10029924352,853983,20122,2553241600,4506079232,1,104.3340503632981,2551955,407719,10326170,27175,"{""thermal_zone0"": 42000, ""thermal_zone1"": 42000}","{""cpu0"": 1600000, ""cpu1"": 1600000, ""cpu2"": 1600000, ""cpu3"": 1600000, ""cpu4"": 1600000, ""cpu5"": 1600000, ""cpu6"": 1600000, ""cpu7"": 1600000}"
41633834,6601805824,10029924352,856108,20185,2561499136,4497715200,1,86.98748852863368,2551964,407722,10326249,27175,"{""thermal_zone0"": 42000, ""thermal_zone1"": 41000}","{""cpu0"": 1600000, ""cpu1"": 1600000, ""cpu2"": 1600000, ""cpu3"": 1600000, ""cpu4"": 1600000, ""cpu5"": 1600000, ""cpu6"": 1600000, ""cpu7"": 1600000}"
41748859,6618320896,10029924352,858251,20248,2569756672,4489592832,1,95.63195898007959,2551973,407728,10326327,27175,"{""thermal_zone0"": 42000, ""thermal_zone1"": 42000}","{""cpu0"": 1600000, ""cpu1"": 1600000, ""cpu2"": 1600000, ""cpu3"": 1600000, ""cpu4"": 1600000, ""cpu5"": 1600000, ""cpu6"": 1600000, ""cpu7"": 1600000}"
41866073,6635098112,10029924352,860417,20312,2578145280,4481740800,1,93.84533139354465,2551982,407732,10326406,27175,"{""thermal_zone0"": 41000, ""thermal_zone1"": 42000}","{""cpu0"": 1600000, ""cpu1"": 1600000, ""cpu2"": 1600000, ""cpu3"": 1600000, ""cpu4"": 1600000, ""cpu5"": 1600000, ""cpu6"": 1600000, ""cpu7"": 1600000}"
41981358,6651482112,10029924352,862549,20374,2586402816,4473065472,1,95.41525037907178,2551992,407735,10326485,27175,"{""thermal_zone0"": 42000, ""thermal_zone1"": 42000}","{""cpu0"": 1600000, ""cpu1"": 1600000, ""cpu2"": 1600000, ""cpu3"": 1600000, ""cpu4"": 1600000, ""cpu5"": 1600000, ""cpu6"": 1600000, ""cpu7"": 1600000}"
42096388,6667997184,10029924352,864693,20437,2594660352,4464812032,1,95.62783704428891,2552002,407738,10326564,27175,"{""thermal_zone0"": 42000, ""thermal_zone1"": 42000}","{""cpu0"": 1600000, ""cpu1"": 1600000, ""cpu2"": 1600000, ""cpu3"": 1600000, ""cpu4"": 1600000, ""cpu5"": 1600000, ""cpu6"": 1600000, ""cpu7"": 1600000}"
42211499,6684512256,10029924352,866827,20500,2602917888,4455964672,1,95.55937080687109,2552011,407742,10326643,27175,"{""thermal_zone0"": 41000, ""thermal_zone1"": 42000}","{""cpu0"": 1600000, ""cpu1"": 1600000, ""cpu2"": 1600000, ""cpu3"": 1600000, ""cpu4"": 1600000, ""cpu5"": 1600000, ""cpu6"": 1600000, ""cpu7"": 1600000}"
42330458,6701158400,10029924352,868984,20564,2611044352,4448272384,1,84.06279453764333,2552020,407748,10326722,27175,"{""thermal_zone0"": 42000, ""thermal_zone1"": 42000}","{""cpu0"": 1600000, ""cpu1"": 1600000, ""cpu2"": 1600000, ""cpu3"": 1600000, ""cpu4"": 1600000, ""cpu5"": 1600000, ""cpu6"": 1600000, ""cpu7"": 1600000}"
42445474,6716887040,10029924352,871043,20624,2618908672,4440252416,1,95.63857577084845,2552030,407749,10326802,27175,"{""thermal_zone0"": 42000, ""thermal_zone1"": 42000}","{""cpu0"": 1600000, ""cpu1"": 1600000, ""cpu2"": 1600000, ""cpu3"": 1600000, ""cpu4"": 1600000, ""cpu5"": 1600000, ""cpu6"": 1600000, ""cpu7"": 1600000}"
42560543,6732877824,10029924352,873113,20685,2626904064,4432187392,1,86.90487001855854,2552039,407753,10326881,27175,"{""thermal_zone0"": 42000, ""thermal_zone1"": 42000}","{""cpu0"": 1600000, ""cpu1"": 1600000, ""cpu2"": 1600000, ""cpu3"": 1600000, ""cpu4"": 1600000, ""cpu5"": 1600000, ""cpu6"": 1600000, ""cpu7"": 1600000}"
42675627,6748737536,10029924352,875169,20746,2634899456,4424474624,1,95.58237799832688,2552049,407756,10326959,27175,"{""thermal_zone0"": 42000, ""thermal_zone1"": 42000}","{""cpu0"": 1600000, ""cpu1"": 1600000, ""cpu2"": 1600000, ""cpu3"": 1600000, ""cpu4"": 1600000, ""cpu5"": 1600000, ""cpu6"": 1600000, ""cpu7"": 1600000}"
42793631,6764990464,10029924352,877280,20808,2643025920,4416110592,1,101.69096481879043,2552057,407762,10327039,27175,"{""thermal_zone0"": 42000, ""thermal_zone1"": 42000}","{""cpu0"": 1600000, ""cpu1"": 1600000, ""cpu2"": 1600000, ""cpu3"": 1600000, ""cpu4"": 1600000, ""cpu5"": 1600000, ""cpu6"": 1600000, ""cpu7"": 1600000}"
42908674,6780981248,10029924352,879346,20868,2650890240,4407955456,1,78.23174762709418,2552066,407765,10327119,27175,"{""thermal_zone0"": 41000, ""thermal_zone1"": 42000}","{""cpu0"": 1600000, ""cpu1"": 1600000, ""cpu2"": 1600000, ""cpu3"": 1600000, ""cpu4"": 1600000, ""cpu5"": 1600000, ""cpu6"": 1600000, ""cpu7"": 1600000}"
43023762,6796709888,10029924352,881387,20928,2658729984,4399792128,1,95.57957499238621,2552075,407767,10327198,27175,"{""thermal_zone0"": 41000, ""thermal_zone1"": 42000}","{""cpu0"": 1600000, ""cpu1"": 1600000, ""cpu2"": 1600000, ""cpu3"": 1600000, ""cpu4"": 1600000, ""cpu5"": 1600000, ""cpu6"": 1600000, ""cpu7"": 1600000}"
43139054,6812438528,10029924352,883425,20988,2666725376,4391641088,1,95.40945723173067,2552083,407772,10327276,27175,"{""thermal_zone0"": 42000, ""thermal_zone1"": 42000}","{""cpu0"": 1600000, ""cpu1"": 1600000, ""cpu2"": 1600000, ""cpu3"": 1600000, ""cpu4"": 1600000, ""cpu5"": 1600000, ""cpu6"": 1600000, ""cpu7"": 1600000}"
43256553,6828691456,10029924352,885525,21050,2674720768,4384010240,1,85.107189867315,2552094,407776,10327356,27175,"{""thermal_zone0"": 41000, ""thermal_zone1"": 42000}","{""cpu0"": 1600000, ""cpu1"": 1600000, ""cpu2"": 1600000, ""cpu3"": 1600000, ""cpu4"": 1600000, ""cpu5"": 1600000, ""cpu6"": 1600000, ""cpu7"": 1600000}"
43371903,6844551168,10029924352,887587,21111,2682716160,4376137728,1,95.3620708841184,2552103,407779,10327436,27175,"{""thermal_zone0"": 42000, ""thermal_zone1"": 42000}","{""cpu0"": 1600000, ""cpu1"": 1600000, ""cpu2"": 1600000, ""cpu3"": 1600000, ""cpu4"": 1600000, ""cpu5"": 1600000, ""cpu6"": 1600000, ""cpu7"": 1600000}"
43486894,6860541952,10029924352,889664,21172,2690711552,4367921152,1,86.96296682927206,2552111,407783,10327515,27175,"{""thermal_zone0"": 42000, ""thermal_zone1"": 42000}","{""cpu0"": 1600000, ""cpu1"": 1600000, ""cpu2"": 1600000, ""cpu3"": 1600000, ""cpu4"": 1600000, ""cpu5"": 1600000, ""cpu6"": 1600000, ""cpu7"": 1600000}"
43601931,6876401664,10029924352,891723,21233,2698575872,4360167424,1,95.62129073060595,2552120,407785,10327595,27175,"{""thermal_zone0"": 42000, ""thermal_zone1"": 42000}","{""cpu0"": 1600000, ""cpu1"": 1600000, ""cpu2"": 1600000, ""cpu3"": 1600000, ""cpu4"": 1600000, ""cpu5"": 1600000, ""cpu6"": 1600000, ""cpu7"": 1600000}"
43716934,6892261376,10029924352,893778,21293,2706571264,4352675840,1,86.95474332559738,2552129,407791,10327672,27175,"{""thermal_zone0"": 41000, ""thermal_zone1"": 42000}","{""cpu0"": 1600000, ""cpu1"": 1600000, ""cpu2"": 1600000, ""cpu3"": 1600000, ""cpu4"": 1600000, ""cpu5"": 1600000, ""cpu6"": 1600000, ""cpu7"": 1600000}"
43831888,6907858944,10029924352,895824,21353,2714304512,4344684544,1,95.69026113324219,2552137,407794,10327752,27175,"{""thermal_zone0"": 42000, ""thermal_zone1"": 43000}","{""cpu0"": 1600000, ""cpu1"": 1600000, ""cpu2"": 1600000, ""cpu3"": 1600000, ""cpu4"": 1600000, ""cpu5"": 1600000, ""cpu6"": 1600000, ""cpu7"": 1600000}"
43946904,6923587584,10029924352,897874,21413,2722168832,4336922624,1,86.94441227259678,2552145,407796,10327831,27175,"{""thermal_zone0"": 42000, ""thermal_zone1"": 43000}","{""cpu0"": 1600000, ""cpu1"": 1600000, ""cpu2"": 1600000, ""cpu3"": 1600000, ""cpu4"": 1600000, ""cpu5"": 1600000, ""cpu6"": 1600000, ""cpu7"": 1600000}"
44061875,6939578368,10029924352,899922,21474,2730164224,4328783872,1,95.67600805459782,2552152,407800,10327911,27175,"{""thermal_zone0"": 42000, ""thermal_zone1"": 42000}","{""cpu0"": 1600000, ""cpu1"": 1600000, ""cpu2"": 1600000, ""cpu3"": 1600000, ""cpu4"": 1600000, ""cpu5"": 1600000, ""cpu6"": 1600000, ""cpu7"": 1600000}"
44179657,6954782720,10029924352,901887,21531,2737766400,4321251328,1,93.39293942415935,2552161,407809,10327987,27175,"{""thermal_zone0"": 42000, ""thermal_zone1"": 42000}","{""cpu0"": 1600000, ""cpu1"": 1600000, ""cpu2"": 1600000, ""cpu3"": 1600000, ""cpu4"": 1600000, ""cpu5"": 1600000, ""cpu6"": 1600000, ""cpu7"": 1600000}"
44295678,6969462784,10029924352,903810,21588,2745237504,4313608192,1,94.81035605934409,2552170,407816,10328062,27175,"{""thermal_zone0"": 42000, ""thermal_zone1"": 44000}","{""cpu0"": 1600000, ""cpu1"": 1600000, ""cpu2"": 1600000, ""cpu3"": 1600000, ""cpu4"": 1600000, ""cpu5"": 1600000, ""cpu6"": 1600000, ""cpu7"": 1600000}"
44413947,6985191424,10029924352,905829,21648,2752970752,4304719872,1,101.4640449980864,2552182,407821,10328136,27175,"{""thermal_zone0"": 42000, ""thermal_zone1"": 42000}","{""cpu0"": 1600000, ""cpu1"": 1600000, ""cpu2"": 1600000, ""cpu3"": 1600000, ""cpu4"": 1600000, ""cpu5"": 1600000, ""cpu6"": 1600000, ""cpu7"": 1600000}"
44529929,7000395776,10029924352,907817,21706,2760572928,4297052160,1,103.46403361277446,2552187,407828,10328215,27175,"{""thermal_zone0"": 42000, ""thermal_zone1"": 42000}","{""cpu0"": 1600000, ""cpu1"": 1600000, ""cpu2"": 1600000, ""cpu3"": 1600000, ""cpu4"": 1600000, ""cpu5"": 1600000, ""cpu6"": 1600000, ""cpu7"": 1600000}"
44645829,7015600128,10029924352,909774,21764,2768175104,4290097152,1,94.90988207473036,2552198,407835,10328290,27175,"{""thermal_zone0"": 42000, ""thermal_zone1"": 43000}","{""cpu0"": 1600000, ""cpu1"": 1600000, ""cpu2"": 1600000, ""cpu3"": 1600000, ""cpu4"": 1600000, ""cpu5"": 1600000, ""cpu6"": 1600000, ""cpu7"": 1600000}"
44762071,7030280192,10029924352,911693,21820,2775515136,4282871808,1,94.6296983763531,2552208,407838,10328368,27175,"{""thermal_zone0"": 42000, ""thermal_zone1"": 42000}","{""cpu0"": 1600000, ""cpu1"": 1600000, ""cpu2"": 1600000, ""cpu3"": 1600000, ""cpu4"": 1600000, ""cpu5"": 1600000, ""cpu6"": 1600000, ""cpu7"": 1600000}"
44877926,7045222400,10029924352,913623,21877,2782986240,4275220480,1,103.57752275227021,2552216,407845,10328446,27175,"{""thermal_zone0"": 41000, ""thermal_zone1"": 42000}","{""cpu0"": 1600000, ""cpu1"": 1600000, ""cpu2"": 1600000, ""cpu3"": 1600000, ""cpu4"": 1600000, ""cpu5"": 1600000, ""cpu6"": 1600000, ""cpu7"": 1600000}"
44993751,7060164608,10029924352,915564,21934,2790457344,4267708416,1,94.97113343765423,2552224,407850,10328525,27175,"{""thermal_zone0"": 41000, ""thermal_zone1"": 42000}","{""cpu0"": 1600000, ""cpu1"": 1600000, ""cpu2"": 1600000, ""cpu3"": 1600000, ""cpu4"": 1600000, ""cpu5"": 1600000, ""cpu6"": 1600000, ""cpu7"": 1600000}"
45109487,7075368960,10029924352,917525,21991,2797928448,4260237312,1,95.04382155239101,2552232,407856,10328604,27175,"{""thermal_zone0"": 42000, ""thermal_zone1"": 42000}","{""cpu0"": 1600000, ""cpu1"": 1600000, ""cpu2"": 1600000, ""cpu3"": 1600000, ""cpu4"": 1600000, ""cpu5"": 1600000, ""cpu6"": 1600000, ""cpu7"": 1600000}"
45225354,7090311168,10029924352,919466,22049,2805530624,4252147712,1,103.5670941035991,2552240,407866,10328677,27175,"{""thermal_zone0"": 42000, ""thermal_zone1"": 42000}","{""cpu0"": 1600000, ""cpu1"": 1600000, ""cpu2"": 1600000, ""cpu3"": 1600000, ""cpu4"": 1600000, ""cpu5"": 1600000, ""cpu6"": 1600000, ""cpu7"": 1600000}"
45341460,7105253376,10029924352,921402,22105,2812870656,4244557824,1,94.7410835139809,2552250,407872,10328756,27175,"{""thermal_zone0"": 41000, ""thermal_zone1"": 43000}","{""cpu0"": 1600000, ""cpu1"": 1600000, ""cpu2"": 1600000, ""cpu3"": 1600000, ""cpu4"": 1600000, ""cpu5"": 1600000, ""cpu6"": 1600000, ""cpu7"": 1600000}"
45457751,7120064512,10029924352,923340,22163,2820341760,4237012992,1,103.18978811155093,2552252,407883,10328835,27175,"{""thermal_zone0"": 42000, ""thermal_zone1"": 42000}","{""cpu0"": 1600000, ""cpu1"": 1600000, ""cpu2"": 1600000, ""cpu3"": 1600000, ""cpu4"": 1600000, ""cpu5"": 1600000, ""cpu6"": 1600000, ""cpu7"": 1600000}"
45573582,7135268864,10029924352,925321,22221,2827943936,4229160960,1,94.96563349122262,2552262,407886,10328913,27175,"{""thermal_zone0"": 42000, ""thermal_zone1"": 41000}","{""cpu0"": 1600000, ""cpu1"": 1600000, ""cpu2"": 1600000, ""cpu3"": 1600000, ""cpu4"": 1600000, ""cpu5"": 1600000, ""cpu6"": 1600000, ""cpu7"": 1600000}"
45689324,7150735360,10029924352,927324,22280,2835677184,4221366272,1,95.03923612784197,2552272,407890,10328992,27175,"{""thermal_zone0"": 42000, ""thermal_zone1"": 42000}","{""cpu0"": 1600000, ""cpu1"": 1600000, ""cpu2"": 1600000, ""cpu3"": 1600000, ""cpu4"": 1600000, ""cpu5"": 1600000, ""cpu6"": 1600000, ""cpu7"": 1600000}"
45804303,7165677568,10029924352,929280,22337,2843148288,4214411264,1,95.66955915171437,2552281,407899,10329066,27175,"{""thermal_zone0"": 42000, ""thermal_zone1"": 43000}","{""cpu0"": 1600000, ""cpu1"": 1600000, ""cpu2"": 1600000, ""cpu3"": 1600000, ""cpu4"": 1600000, ""cpu5"": 1600000, ""cpu6"": 1600000, ""cpu7"": 1600000}"
45920241,7181144064,10029924352,931260,22395,2850881536,4206768128,1,103.50374583937582,2552292,407900,10329144,27175,"{""thermal_zone0"": 41000, ""thermal_zone1"": 42000}","{""cpu0"": 1600000, ""cpu1"": 1600000, ""cpu2"": 1600000, ""cpu3"": 1600000, ""cpu4"": 1600000, ""cpu5"": 1600000, ""cpu6"": 1600000, ""cpu7"": 1600000}"
46036149,7196479488,10029924352,933259,22454,2858483712,4198916096,1,94.90288837630976,2552300,407906,10329223,27175,"{""thermal_zone0"": 42000, ""thermal_zone1"": 42000}","{""cpu0"": 1600000, ""cpu1"": 1600000, ""cpu2"": 1600000, ""cpu3"": 1600000, ""cpu4"": 1600000, ""cpu5"": 1600000, ""cpu6"": 1600000, ""cpu7"": 1600000}"
46151957,7211814912,10029924352,935265,22513,2866216960,4191039488,1,103.61952141355263,2552310,407909,10329302,27175,"{""thermal_zone0"": 42000, ""thermal_zone1"": 41000}","{""cpu0"": 1600000, ""cpu1"": 1600000, ""cpu2"": 1600000, ""cpu3"": 1600000, ""cpu4"": 1600000, ""cpu5"": 1600000, ""cpu6"": 1600000, ""cpu7"": 1600000}"
46267883,7227281408,10029924352,937261,22572,2873950208,4183511040,1,94.88791365199857,2552320,407914,10329379,27175,"{""thermal_zone0"": 42000, ""thermal_zone1"": 43000}","{""cpu0"": 1600000, ""cpu1"": 1600000, ""cpu2"": 1600000, ""cpu3"": 1600000, ""cpu4"": 1600000, ""cpu5"": 1600000, ""cpu6"": 1600000, ""cpu7"": 1600000}"
46385873,7242747904,10029924352,939251,22630,2881552384,4176363520,1,93.22859998509698,2552328,407922,10329457,27175,"{""thermal_zone0"": 41000, ""thermal_zone1"": 42000}","{""cpu0"": 1600000, ""cpu1"": 1600000, ""cpu2"": 1600000, ""cpu3"": 1600000, ""cpu4"": 1600000, ""cpu5"": 1600000, ""cpu6"": 1600000, ""cpu7"": 1600000}"
46501745,7257952256,10029924352,941229,22689,2889285632,4168773632,1,112.1922793398582,2552332,407932,10329536,27175,"{""thermal_zone0"": 41000, ""thermal_zone1"": 42000}","{""cpu0"": 1600000, ""cpu1"": 1600000, ""cpu2"": 1600000, ""cpu3"": 1600000, ""cpu4"": 1600000, ""cpu5"": 1600000, ""cpu6"": 1600000, ""cpu7"": 1600000}"
46617695,7273418752,10029924352,943243,22748,2897018880,4160835584,1,94.86885334026462,2552342,407934,10329615,27175,"{""thermal_zone0"": 41000, ""thermal_zone1"": 42000}","{""cpu0"": 1600000, ""cpu1"": 1600000, ""cpu2"": 1600000, ""cpu3"": 1600000, ""cpu4"": 1600000, ""cpu5"": 1600000, ""cpu6"": 1600000, ""cpu7"": 1600000}"
46733524,7288623104,10029924352,945226,22806,2904621056,4153356288,1,94.96771680385113,2552352,407938,10329694,27175,"{""thermal_zone0"": 42000, ""thermal_zone1"": 42000}","{""cpu0"": 1600000, ""cpu1"": 1600000, ""cpu2"": 1600000, ""cpu3"": 1600000, ""cpu4"": 1600000, ""cpu5"": 1600000, ""cpu6"": 1600000, ""cpu7"": 1600000}"
46849473,7304089600,10029924352,947206,22864,2912223232,4145278976,1,94.86892125015366,2552360,407949,10329767,27175,"{""thermal_zone0"": 42000, ""thermal_zone1"": 43000}","{""cpu0"": 1600000, ""cpu1"": 1600000, ""cpu2"": 1600000, ""cpu3"": 1600000, ""cpu4"": 1600000, ""cpu5"": 1600000, ""cpu6"": 1600000, ""cpu7"": 1600000}"
46965441,7318769664,10029924352,949136,22921,2919694336,4137730048,1,94.85409383758562,2552369,407954,10329846,27175,"{""thermal_zone0"": 42000, ""thermal_zone1"": 42000}","{""cpu0"": 1600000, ""cpu1"": 1600000, ""cpu2"": 1600000, ""cpu3"": 1600000, ""cpu4"": 1600000, ""cpu5"": 1600000, ""cpu6"": 1600000, ""cpu7"": 1600000}"
47081257,7333842944,10029924352,951077,22978,2927034368,4130209792,1,103.61251330740838,2552376,407959,10329924,27175,"{""thermal_zone0"": 42000, ""thermal_zone1"": 42000}","{""cpu0"": 1600000, ""cpu1"": 1600000, ""cpu2"": 1600000, ""cpu3"": 1600000, ""cpu4"": 1600000, ""cpu5"": 1600000, ""cpu6"": 1600000, ""cpu7"": 1600000}"
47197175,7349178368,10029924352,953055,23036,2934767616,4122361856,1,86.26766170778293,2552378,407968,10330003,27175,"{""thermal_zone0"": 42000, ""thermal_zone1"": 42000}","{""cpu0"": 1600000, ""cpu1"": 1600000, ""cpu2"": 1600000, ""cpu3"": 1600000, ""cpu4"": 1600000, ""cpu5"": 1600000, ""cpu6"": 1600000, ""cpu7"": 1600000}"
47313102,7364382720,10029924352,955051,23095,2942369792,4114829312,1,103.51341792679875,2552389,407971,10330083,27175,"{""thermal_zone0"": 42000, ""thermal_zone1"": 42000}","{""cpu0"": 1600000, ""cpu1"": 1600000, ""cpu2"": 1600000, ""cpu3"": 1600000, ""cpu4"": 1600000, ""cpu5"": 1600000, ""cpu6"": 1600000, ""cpu7"": 1600000}"
47428485,7379324928,10029924352,956974,23152,2949840896,4107300864,1,95.33431521322382,2552397,407980,10330157,27175,"{""thermal_zone0"": 42000, ""thermal_zone1"": 43000}","{""cpu0"": 1600000, ""cpu1"": 1600000, ""cpu2"": 1600000, ""cpu3"": 1600000, ""cpu4"": 1600000, ""cpu5"": 1600000, ""cpu6"": 1600000, ""cpu7"": 1600000}"
47544468,7394136064,10029924352,958903,23208,2957180928,4099526656,1,103.4638480631322,2552406,407983,10330236,27175,"{""thermal_zone0"": 42000, ""thermal_zone1"": 42000}","{""cpu0"": 1600000, ""cpu1"": 1600000, ""cpu2"": 1600000, ""cpu3"": 1600000, ""cpu4"": 1600000, ""cpu5"": 1600000, ""cpu6"": 1600000, ""cpu7"": 1600000}"
47660290,7408947200,10029924352,960836,23265,2964652032,4092026880,1,94.9736614293441,2552416,407987,10330315,27175,"{""thermal_zone0"": 41000, ""thermal_zone1"": 42000}","{""cpu0"": 1600000, ""cpu1"": 1600000, ""cpu2"": 1600000, ""cpu3"": 1600000, ""cpu4"": 1600000, ""cpu5"": 1600000, ""cpu6"": 1600000, ""cpu7"": 1600000}"
47776062,7423889408,10029924352,962762,23322,2972123136,4084834304,1,95.01392571602257,2552424,407992,10330393,27175,"{""thermal_zone0"": 42000, ""thermal_zone1"": 41000}","{""cpu0"": 1600000, ""cpu1"": 1600000, ""cpu2"": 1600000, ""cpu3"": 1600000, ""cpu4"": 1600000, ""cpu5"": 1600000, ""cpu6"": 1600000, ""cpu7"": 1600000}"
47891960,7438962688,10029924352,964714,23379,2979725312,4077322240,1,103.53928153505821,2552432,407998,10330472,27175,"{""thermal_zone0"": 43000, ""thermal_zone1"": 42000}","{""cpu0"": 1600000, ""cpu1"": 1600000, ""cpu2"": 1600000, ""cpu3"": 1600000, ""cpu4"": 1600000, ""cpu5"": 1600000, ""cpu6"": 1600000, ""cpu7"": 1600000}"
48010271,7454035968,10029924352,966676,23437,2987196416,4068892672,1,101.4278111305291,2552441,408006,10330547,27175,"{""thermal_zone0"": 42000, ""thermal_zone1"": 42000}","{""cpu0"": 1600000, ""cpu1"": 1600000, ""cpu2"": 1600000, ""cpu3"": 1600000, ""cpu4"": 1600000, ""cpu5"": 1600000, ""cpu6"": 1600000, ""cpu7"": 1600000}"
48125921,7469240320,10029924352,968626,23494,2994667520,4061958144,1,95.11436010236208,2552447,408015,10330625,27175,"{""thermal_zone0"": 42000, ""thermal_zone1"": 42000}","{""cpu0"": 1600000, ""cpu1"": 1600000, ""cpu2"": 1600000, ""cpu3"": 1600000, ""cpu4"": 1600000, ""cpu5"": 1600000, ""cpu6"": 1600000, ""cpu7"": 1600000}"
48241503,7484182528,10029924352,970583,23552,3002269696,4053823488,1,103.82216363883603,2552454,408020,10330704,27175,"{""thermal_zone0"": 41000, ""thermal_zone1"": 42000}","{""cpu0"": 1600000, ""cpu1"": 1600000, ""cpu2"": 1600000, ""cpu3"": 1600000, ""cpu4"": 1600000, ""cpu5"": 1600000, ""cpu6"": 1600000, ""cpu7"": 1600000}"
48357086,7499649024,10029924352,972570,23610,3010002944,4046004224,1,86.51809617690724,2552464,408023,10330782,27175,"{""thermal_zone0"": 42000, ""thermal_zone1"": 42000}","{""cpu0"": 1600000, ""cpu1"": 1600000, ""cpu2"": 1600000, ""cpu3"": 1600000, ""cpu4"": 1600000, ""cpu5"": 1600000, ""cpu6"": 1600000, ""cpu7"": 1600000}"
48474117,7515639808,10029924352,974676,23672,3017998336,4037873664,1,93.99257480875438,2552476,408027,10330860,27175,"{""thermal_zone0"": 42000, ""thermal_zone1"": 43000}","{""cpu0"": 1600000, ""cpu1"": 1600000, ""cpu2"": 1600000, ""cpu3"": 1600000, ""cpu4"": 1600000, ""cpu5"": 1600000, ""cpu6"": 1600000, ""cpu7"": 1600000}"
48588983,7531237376,10029924352,976692,23732,3025731584,4029841408,1,87.05756908105164,2552486,408029,10330940,27175,"{""thermal_zone0"": 42000, ""thermal_zone1"": 42000}","{""cpu0"": 1600000, ""cpu1"": 1600000, ""cpu2"": 1600000, ""cpu3"": 1600000, ""cpu4"": 1600000, ""cpu5"": 1600000, ""cpu6"": 1600000, ""cpu7"": 1600000}"
48703798,7547228160,10029924352,978763,23792,3033595904,4022140928,1,104.51620623939107,2552494,408033,10331019,27175,"{""thermal_zone0"": 42000, ""thermal_zone1"": 42000}","{""cpu0"": 1600000, ""cpu1"": 1600000, ""cpu2"": 1600000, ""cpu3"": 1600000, ""cpu4"": 1600000, ""cpu5"": 1600000, ""cpu6"": 1600000, ""cpu7"": 1600000}"
48818698,7562956800,10029924352,980830,23853,3041591296,4014321664,1,87.0323132615322,2552502,408037,10331097,27175,"{""thermal_zone0"": 42000, ""thermal_zone1"": 42000}","{""cpu0"": 1600000, ""cpu1"": 1600000, ""cpu2"": 1600000, ""cpu3"": 1600000, ""cpu4"": 1600000, ""cpu5"": 1600000, ""cpu6"": 1600000, ""cpu7"": 1600000}"
48933487,7578947584,10029924352,982884,23914,3049586688,4006641664,1,87.11596440730919,2552512,408042,10331174,27175,"{""thermal_zone0"": 42000, ""thermal_zone1"": 42000}","{""cpu0"": 1600000, ""cpu1"": 1600000, ""cpu2"": 1600000, ""cpu3"": 1600000, ""cpu4"": 1600000, ""cpu5"": 1600000, ""cpu6"": 1600000, ""cpu7"": 1600000}"
49052410,7594151936,10029924352,984867,23972,3057188864,4000137216,1,100.90624317437586,2552522,408049,10331251,27175,"{""thermal_zone0"": 42000, ""thermal_zone1"": 43000}","{""cpu0"": 1600000, ""cpu1"": 1600000, ""cpu2"": 1600000, ""cpu3"": 1600000, ""cpu4"": 1600000, ""cpu5"": 1600000, ""cpu6"": 1600000, ""cpu7"": 1600000}"
49168033,7609356288,10029924352,986847,24030,3064791040,3992223744,1,103.78561130814809,2552533,408051,10331330,27175,"{""thermal_zone0"": 42000, ""thermal_zone1"": 42000}","{""cpu0"": 1600000, ""cpu1"": 1600000, ""cpu2"": 1600000, ""cpu3"": 1600000, ""cpu4"": 1600000, ""cpu5"": 1600000, ""cpu6"": 1600000, ""cpu7"": 1600000}"
49284085,7624036352,10029924352,988727,24086,3072131072,3985866752,1,94.78462180862655,2552542,408063,10331401,27175,"{""thermal_zone0"": 42000, ""thermal_zone1"": 43000}","{""cpu0"": 1600000, ""cpu1"": 1600000, ""cpu2"": 1600000, ""cpu3"": 1600000, ""cpu4"": 1600000, ""cpu5"": 1600000, ""cpu6"": 1600000, ""cpu7"": 1600000}"
49406007,7640289280,10029924352,990845,24148,3080257536,3972399104,1,98.42397865990979,2552553,408085,10331464,27175,"{""thermal_zone0"": 42000, ""thermal_zone1"": 44000}","{""cpu0"": 1600000, ""cpu1"": 1600000, ""cpu2"": 1600000, ""cpu3"": 1600000, ""cpu4"": 1600000, ""cpu5"": 1600000, ""cpu6"": 1600000, ""cpu7"": 1600000}"
49530264,7657328640,10029924352,993043,24212,3088646144,3964551168,1,88.52607790338314,2552564,408091,10331544,27175,"{""thermal_zone0"": 42000, ""thermal_zone1"": 42000}","{""cpu0"": 1600000, ""cpu1"": 1600000, ""cpu2"": 1600000, ""cpu3"": 1600000, ""cpu4"": 1600000, ""cpu5"": 1600000, ""cpu6"": 1600000, ""cpu7"": 1600000}"
49644956,7672139776,10029924352,994981,24269,3096248320,3958018048,1,95.90905756682227,2552572,408100,10331618,27175,"{""thermal_zone0"": 43000, ""thermal_zone1"": 43000}","{""cpu0"": 1600000, ""cpu1"": 1600000, ""cpu2"": 1600000, ""cpu3"": 1600000, ""cpu4"": 1600000, ""cpu5"": 1600000, ""cpu6"": 1600000, ""cpu7"": 1600000}"
49760853,7687344128,10029924352,996954,24327,3103719424,3950620672,1,94.91162226637702,2552581,408105,10331696,27175,"{""thermal_zone0"": 43000, ""thermal_zone1"": 43000}","{""cpu0"": 1600000, ""cpu1"": 1600000, ""cpu2"": 1600000, ""cpu3"": 1600000, ""cpu4"": 1600000, ""cpu5"": 1600000, ""cpu6"": 1600000, ""cpu7"": 1600000}"
49876670,7702548480,10029924352,998932,24386,3111452672,3942514688,1,103.61154443281788,2552593,408106,10331775,27175,"{""thermal_zone0"": 41000, ""thermal_zone1"": 42000}","{""cpu0"": 1600000, ""cpu1"": 1600000, ""cpu2"": 1600000, ""cpu3"": 1600000, ""cpu4"": 1600000, ""cpu5"": 1600000, ""cpu6"": 1600000, ""cpu7"": 1600000}"
49992447,7717752832,10029924352,1000930,24444,3119054848,3935150080,1,103.64745141670389,2552598,408116,10331853,27175,"{""thermal_zone0"": 42000, ""thermal_zone1"": 42000}","{""cpu0"": 1600000, ""cpu1"": 1600000, ""cpu2"": 1600000, ""cpu3"": 1600000, ""cpu4"": 1600000, ""cpu5"": 1600000, ""cpu6"": 1600000, ""cpu7"": 1600000}"
50108207,7733088256,10029924352,1002933,24503,3126919168,3926282240,1,86.38624556815884,2552607,408121,10331931,27175,"{""thermal_zone0"": 42000, ""thermal_zone1"": 42000}","{""cpu0"": 1600000, ""cpu1"": 1600000, ""cpu2"": 1600000, ""cpu3"": 1600000, ""cpu4"": 1600000, ""cpu5"": 1600000, ""cpu6"": 1600000, ""cpu7"": 1600000}"
50227304,7717490688,10029924352,1004727,24556,3133603840,3920056320,1,100.75769281206206,2552616,408131,10332005,27175,"{""thermal_zone0"": 42000, ""thermal_zone1"": 43000}","{""cpu0"": 1600000, ""cpu1"": 1600000, ""cpu2"": 1600000, ""cpu3"": 1600000, ""cpu4"": 1600000, ""cpu5"": 1600000, ""cpu6"": 1600000, ""cpu7"": 1600000}"
50343199,7732695040,10029924352,1006703,24614,3141206016,3912294400,1,103.54166419496894,2552628,408132,10332083,27175,"{""thermal_zone0"": 42000, ""thermal_zone1"": 42000}","{""cpu0"": 1600000, ""cpu1"": 1600000, ""cpu2"": 1600000, ""cpu3"": 1600000, ""cpu4"": 1600000, ""cpu5"": 1600000, ""cpu6"": 1600000, ""cpu7"": 1600000}"
50458796,7747899392,10029924352,1008690,24672,3148808192,3904548864,1,95.15817308314911,2552641,408133,10332162,27175,"{""thermal_zone0"": 42000, ""thermal_zone1"": 42000}","{""cpu0"": 1600000, ""cpu1"": 1600000, ""cpu2"": 1600000, ""cpu3"": 1600000, ""cpu4"": 1600000, ""cpu5"": 1600000, ""cpu6"": 1600000, ""cpu7"": 1600000}"
50574363,7761661952,10029924352,1010473,24724,3155755008,3897991168,1,77.87751580069897,2552647,408138,10332234,27181,"{""thermal_zone0"": 43000, ""thermal_zone1"": 42000}","{""cpu0"": 1600000, ""cpu1"": 1600000, ""cpu2"": 1600000, ""cpu3"": 1600000, ""cpu4"": 1600000, ""cpu5"": 1600000, ""cpu6"": 1600000, ""cpu7"": 1600000}"
50689886,7770443776,10029924352,1012200,24775,3162308608,3891986432,1,86.56259344161454,2552656,408143,10332305,27186,"{""thermal_zone0"": 42000, ""thermal_zone1"": 43000}","{""cpu0"": 1600000, ""cpu1"": 1600000, ""cpu2"": 1600000, ""cpu3"": 1600000, ""cpu4"": 1600000, ""cpu5"": 1600000, ""cpu6"": 1600000, ""cpu7"": 1600000}"
50805602,7718277120,10029924352,1013763,24821,3168337920,3886161920,1,103.7024998585109,2552666,408160,10332372,27186,"{""thermal_zone0"": 43000, ""thermal_zone1"": 43000}","{""cpu0"": 1600000, ""cpu1"": 1600000, ""cpu2"": 1600000, ""cpu3"": 1600000, ""cpu4"": 1600000, ""cpu5"": 1600000, ""cpu6"": 1600000, ""cpu7"": 1600000}"
50921116,7733088256,10029924352,1015698,24878,3175809024,3878715392,1,95.22651140705395,2552675,408165,10332451,27186,"{""thermal_zone0"": 42000, ""thermal_zone1"": 43000}","{""cpu0"": 1600000, ""cpu1"": 1600000, ""cpu2"": 1600000, ""cpu3"": 1600000, ""cpu4"": 1600000, ""cpu5"": 1600000, ""cpu6"": 1600000, ""cpu7"": 1600000}"
51036574,7748292608,10029924352,1017653,24936,3183411200,3870830592,1,103.93385213128185,2552684,408169,10332529,27186,"{""thermal_zone0"": 42000, ""thermal_zone1"": 41000}","{""cpu0"": 1600000, ""cpu1"": 1600000, ""cpu2"": 1600000, ""cpu3"": 1600000, ""cpu4"": 1600000, ""cpu5"": 1600000, ""cpu6"": 1600000, ""cpu7"": 1600000}"
51152331,7763365888,10029924352,1019621,24993,3191013376,3863183360,1,95.0259643761827,2552695,408171,10332608,27186,"{""thermal_zone0"": 42000, ""thermal_zone1"": 42000}","{""cpu0"": 1600000, ""cpu1"": 1600000, ""cpu2"": 1600000, ""cpu3"": 1600000, ""cpu4"": 1600000, ""cpu5"": 1600000, ""cpu6"": 1600000, ""cpu7"": 1600000}"
51268024,7767822336,10029924352,1021557,25050,3198353408,3856076800,1,95.07945413986445,2552705,408176,10332685,27186,"{""thermal_zone0"": 41000, ""thermal_zone1"": 42000}","{""cpu0"": 1600000, ""cpu1"": 1600000, ""cpu2"": 1600000, ""cpu3"": 1600000, ""cpu4"": 1600000, ""cpu5"": 1600000, ""cpu6"": 1600000, ""cpu7"": 1600000}"
51384367,7763759104,10029924352,1023427,25105,3205693440,3848597504,1,103.14344607719947,2552716,408182,10332761,27186,"{""thermal_zone0"": 43000, ""thermal_zone1"": 42000}","{""cpu0"": 1600000, ""cpu1"": 1600000, ""cpu2"": 1600000, ""cpu3"": 1600000, ""cpu4"": 1600000, ""cpu5"": 1600000, ""cpu6"": 1600000, ""cpu7"": 1600000}"
51499956,7779094528,10029924352,1025417,25164,3213295616,3840598016,1,86.51316883125355,2552728,408183,10332840,27186,"{""thermal_zone0"": 42000, ""thermal_zone1"": 42000}","{""cpu0"": 1600000, ""cpu1"": 1600000, ""cpu2"": 1600000, ""cpu3"": 1600000, ""cpu4"": 1600000, ""cpu5"": 1600000, ""cpu6"": 1600000, ""cpu7"": 1600000}"
51614571,7738068992,10029924352,1027234,25217,3220242432,3832926208,1,104.69850416723605,2552736,408198,10332908,27186,"{""thermal_zone0"": 42000, ""thermal_zone1"": 43000}","{""cpu0"": 1600000, ""cpu1"": 1600000, ""cpu2"": 1600000, ""cpu3"": 1600000, ""cpu4"": 1600000, ""cpu5"": 1600000, ""cpu6"": 1600000, ""cpu7"": 1600000}"
51729326,7752617984,10029924352,1029272,25277,3228106752,3824967680,1,87.14253543751418,2552746,408200,10332987,27186,"{""thermal_zone0"": 42000, ""thermal_zone1"": 44000}","{""cpu0"": 1600000, ""cpu1"": 1600000, ""cpu2"": 1600000, ""cpu3"": 1600000, ""cpu4"": 1600000, ""cpu5"": 1600000, ""cpu6"": 1600000, ""cpu7"": 1600000}"
51844047,7768477696,10029924352,1031315,25337,3235840000,3816976384,1,95.88443101829964,2552754,408204,10333067,27186,"{""thermal_zone0"": 42000, ""thermal_zone1"": 42000}","{""cpu0"": 1600000, ""cpu1"": 1600000, ""cpu2"": 1600000, ""cpu3"": 1600000, ""cpu4"": 1600000, ""cpu5"": 1600000, ""cpu6"": 1600000, ""cpu7"": 1600000}"
51958876,7784730624,10029924352,1033439,25400,3244097536,3809161216,1,95.79473730709934,2552763,408207,10333146,27186,"{""thermal_zone0"": 42000, ""thermal_zone1"": 42000}","{""cpu0"": 1600000, ""cpu1"": 1600000, ""cpu2"": 1600000, ""cpu3"": 1600000, ""cpu4"": 1600000, ""cpu5"": 1600000, ""cpu6"": 1600000, ""cpu7"": 1600000}"
52073588,7777521664,10029924352,1035412,25458,3251699712,3802963968,1,95.89254567266057,2552772,408214,10333220,27186,"{""thermal_zone0"": 42000, ""thermal_zone1"": 42000}","{""cpu0"": 1600000, ""cpu1"": 1600000, ""cpu2"": 1600000, ""cpu3"": 1600000, ""cpu4"": 1600000, ""cpu5"": 1600000, ""cpu6"": 1600000, ""cpu7"": 1600000}"
52188792,7732563968,10029924352,1037033,25506,3257860096,3796856832,1,86.80231101778435,2552782,408229,10333288,27186,"{""thermal_zone0"": 43000, ""thermal_zone1"": 44000}","{""cpu0"": 1600000, ""cpu1"": 1600000, ""cpu2"": 1600000, ""cpu3"": 1600000, ""cpu4"": 1600000, ""cpu5"": 1600000, ""cpu6"": 1600000, ""cpu7"": 1600000}"
52305100,7735447552,10029924352,1038933,25562,3265331200,3788914688,1,103.17470634930952,2552791,408235,10333364,27186,"{""thermal_zone0"": 42000, ""thermal_zone1"": 42000}","{""cpu0"": 1600000, ""cpu1"": 1600000, ""cpu2"": 1600000, ""cpu3"": 1600000, ""cpu4"": 1600000, ""cpu5"": 1600000, ""cpu6"": 1600000, ""cpu7"": 1600000}"
52420734,7750651904,10029924352,1040929,25620,3272933376,3781054464,1,95.1277264849557,2552800,408240,10333443,27186,"{""thermal_zone0"": 42000, ""thermal_zone1"": 42000}","{""cpu0"": 1600000, ""cpu1"": 1600000, ""cpu2"": 1600000, ""cpu3"": 1600000, ""cpu4"": 1600000, ""cpu5"": 1600000, ""cpu6"": 1600000, ""cpu7"": 1600000}"
52536375,7766118400,10029924352,1042928,25679,3280666624,3773067264,1,103.76915693215412,2552809,408244,10333521,27186,"{""thermal_zone0"": 42000, ""thermal_zone1"": 42000}","{""cpu0"": 1600000, ""cpu1"": 1600000, ""cpu2"": 1600000, ""cpu3"": 1600000, ""cpu4"": 1600000, ""cpu5"": 1600000, ""cpu6"": 1600000, ""cpu7"": 1600000}"
52652027,7773720576,10029924352,1044890,25737,3288137728,3765551104,1,95.1130582118375,2552817,408250,10333599,27186,"{""thermal_zone0"": 42000, ""thermal_zone1"": 43000}","{""cpu0"": 1600000, ""cpu1"": 1600000, ""cpu2"": 1600000, ""cpu3"": 1600000, ""cpu4"": 1600000, ""cpu5"": 1600000, ""cpu6"": 1600000, ""cpu7"": 1600000}"
52767906,7724175360,10029924352,1046445,25782,3294167040,3759259648,1,94.92633004840768,2552824,408267,10333666,27186,"{""thermal_zone0"": 43000, ""thermal_zone1"": 43000}","{""cpu0"": 1600000, ""cpu1"": 1600000, ""cpu2"": 1600000, ""cpu3"": 1600000, ""cpu4"": 1600000, ""cpu5"": 1600000, ""cpu6"": 1600000, ""cpu7"": 1600000}"
52883334,7739117568,10029924352,1048382,25839,3301638144,3751628800,1,103.96097734615796,2552834,408270,10333744,27186,"{""thermal_zone0"": 42000, ""thermal_zone1"": 42000}","{""cpu0"": 1600000, ""cpu1"": 1600000, ""cpu2"": 1600000, ""cpu3"": 1600000, ""cpu4"": 1600000, ""cpu5"": 1600000, ""cpu6"": 1600000, ""cpu7"": 1600000}"
52998901,7754059776,10029924352,1050337,25897,3309240320,3744038912,1,95.18290975280004,2552843,408274,10333823,27186,"{""thermal_zone0"": 42000, ""thermal_zone1"": 43000}","{""cpu0"": 1600000, ""cpu1"": 1600000, ""cpu2"": 1600000, ""cpu3"": 1600000, ""cpu4"": 1600000, ""cpu5"": 1600000, ""cpu6"": 1600000, ""cpu7"": 1600000}"
53114432,7769001984,10029924352,1052287,25954,3316711424,3736645632,1,103.86863041853431,2552853,408276,10333901,27186,"{""thermal_zone0"": 42000, ""thermal_zone1"": 42000}","{""cpu0"": 1600000, ""cpu1"": 1600000, ""cpu2"": 1600000, ""cpu3"": 1600000, ""cpu4"": 1600000, ""cpu5"": 1600000, ""cpu6"": 1600000, ""cpu7"": 1600000}"
53229862,7771885568,10029924352,1054230,26011,3324182528,3729571840,1,95.29570499831864,2552862,408283,10333977,27186,"{""thermal_zone0"": 42000, ""thermal_zone1"": 42000}","{""cpu0"": 1600000, ""cpu1"": 1600000, ""cpu2"": 1600000, ""cpu3"": 1600000, ""cpu4"": 1600000, ""cpu5"": 1600000, ""cpu6"": 1600000, ""cpu7"": 1600000}"
53346234,7727321088,10029924352,1055848,26059,3330473984,3723620352,1,103.11766994488052,2552872,408297,10334046,27186,"{""thermal_zone0"": 43000, ""thermal_zone1"": 43000}","{""cpu0"": 1600000, ""cpu1"": 1600000, ""cpu2"": 1600000, ""cpu3"": 1600000, ""cpu4"": 1600000, ""cpu5"": 1600000, ""cpu6"": 1600000, ""cpu7"": 1600000}"
53461651,7742263296,10029924352,1057793,26116,3337814016,3715878912,1,103.97035943679602,2552884,408298,10334125,27186,"{""thermal_zone0"": 43000, ""thermal_zone1"": 42000}","{""cpu0"": 1600000, ""cpu1"": 1600000, ""cpu2"": 1600000, ""cpu3"": 1600000, ""cpu4"": 1600000, ""cpu5"": 1600000, ""cpu6"": 1600000, ""cpu7"": 1600000}"
53576959,7756943360,10029924352,1059699,26172,3345285120,3706363904,1,86.7243049695221,2552894,408306,10334198,27186,"{""thermal_zone0"": 44000, ""thermal_zone1"": 44000}","{""cpu0"": 1600000, ""cpu1"": 1600000, ""cpu2"": 1600000, ""cpu3"": 1600000, ""cpu4"": 1600000, ""cpu5"": 1600000, ""cpu6"": 1600000, ""cpu7"": 1600000}"
53698948,7773458432,10029924352,1061812,26234,3353411584,3698630656,1,98.36992266820677,2552901,408326,10334269,27186,"{""thermal_zone0"": 43000, ""thermal_zone1"": 43000}","{""cpu0"": 1600000, ""cpu1"": 1600000, ""cpu2"": 1600000, ""cpu3"": 1600000, ""cpu4"": 1600000, ""cpu5"": 1600000, ""cpu6"": 1600000, ""cpu7"": 1600000}"
53819925,7789711360,10029924352,1063922,26297,3361538048,3689713664,1,90.92622862454554,2552913,408330,10334348,27186,"{""thermal_zone0"": 42000, ""thermal_zone1"": 43000}","{""cpu0"": 1600000, ""cpu1"": 1600000, ""cpu2"": 1600000, ""cpu3"": 1600000, ""cpu4"": 1600000, ""cpu5"": 1600000, ""cpu6"": 1600000, ""cpu7"": 1600000}"
53934576,7761006592,10029924352,1065658,26348,3368091648,3682934784,1,95.9427979967388,2552922,408341,10334419,27186,"{""thermal_zone0"": 42000, ""thermal_zone1"": 43000}","{""cpu0"": 1600000, ""cpu1"": 1600000, ""cpu2"": 1600000, ""cpu3"": 1600000, ""cpu4"": 1600000, ""cpu5"": 1600000, ""cpu6"": 1600000, ""cpu7"": 1600000}"
54050631,7747506176,10029924352,1067447,26400,3375038464,3675873280,1,112.01609778171249,2552932,408350,10334492,27186,"{""thermal_zone0"": 42000, ""thermal_zone1"": 43000}","{""cpu0"": 1600000, ""cpu1"": 1600000, ""cpu2"": 1600000, ""cpu3"": 1600000, ""cpu4"": 1600000, ""cpu5"": 1600000, ""cpu6"": 1600000, ""cpu7"": 1600000}"
54166201,7762972672,10029924352,1069442,26459,3382771712,3668197376,1,95.18081616459608,2552942,408353,10334570,27186,"{""thermal_zone0"": 42000, ""thermal_zone1"": 42000}","{""cpu0"": 1600000, ""cpu1"": 1600000, ""cpu2"": 1600000, ""cpu3"": 1600000, ""cpu4"": 1600000, ""cpu5"": 1600000, ""cpu6"": 1600000, ""cpu7"": 1600000}"
54281777,7778439168,10029924352,1071463,26518,3390504960,3660263424,1,95.17553236412397,2552952,408356,10334649,27186,"{""thermal_zone0"": 42000, ""thermal_zone1"": 42000}","{""cpu0"": 1600000, ""cpu1"": 1600000, ""cpu2"": 1600000, ""cpu3"": 1600000, ""cpu4"": 1600000, ""cpu5"": 1600000, ""cpu6"": 1600000, ""cpu7"": 1600000}"
54397374,7794167808,10029924352,1073489,26578,3398369280,3652263936,1,95.1577960641265,2552961,408361,10334727,27186,"{""thermal_zone0"": 42000, ""thermal_zone1"": 42000}","{""cpu0"": 1600000, ""cpu1"": 1600000, ""cpu2"": 1600000, ""cpu3"": 1600000, ""cpu4"": 1600000, ""cpu5"": 1600000, ""cpu6"": 1600000, ""cpu7"": 1600000}"
54512514,7756419072,10029924352,1075101,26625,3404529664,3656454144,1,95.53554578024271,2552968,408380,10334788,27189,"{""thermal_zone0"": 44000, ""thermal_zone1"": 45000}","{""cpu0"": 1600000, ""cpu1"": 1600000, ""cpu2"": 1600000, ""cpu3"": 1600000, ""cpu4"": 1600000, ""cpu5"": 1600000, ""cpu6"": 1600000, ""cpu7"": 1600000}"
54631260,7751831552,10029924352,1076975,26680,3411738624,3649757184,1,101.05604663507492,2552978,408391,10334860,27189,"{""thermal_zone0"": 42000, ""thermal_zone1"": 42000}","{""cpu0"": 1600000, ""cpu1"": 1600000, ""cpu2"": 1600000, ""cpu3"": 1600000, ""cpu4"": 1600000, ""cpu5"": 1600000, ""cpu6"": 1600000, ""cpu7"": 1600000}"
54746880,7767035904,10029924352,1078960,26739,3419471872,3641585664,1,95.13972405830118,2552988,408394,10334938,27189,"{""thermal_zone0"": 42000, ""thermal_zone1"": 42000}","{""cpu0"": 1600000, ""cpu1"": 1600000, ""cpu2"": 1600000, ""cpu3"": 1600000, ""cpu4"": 1600000, ""cpu5"": 1600000, ""cpu6"": 1600000, ""cpu7"": 1600000}"
54862485,7782502400,10029924352,1080968,26798,3427205120,3633848320,1,103.80128434367131,2552996,408398,10335017,27189,"{""thermal_zone0"": 42000, ""thermal_zone1"": 42000}","{""cpu0"": 1600000, ""cpu1"": 1600000, ""cpu2"": 1600000, ""cpu3"": 1600000, ""cpu4"": 1600000, ""cpu5"": 1600000, ""cpu6"": 1600000, ""cpu7"": 1600000}"
54978145,7797968896,10029924352,1082988,26857,3434938368,3626131456,1,95.10699251336777,2553007,408401,10335095,27189,"{""thermal_zone0"": 42000, ""thermal_zone1"": 42000}","{""cpu0"": 1600000, ""cpu1"": 1600000, ""cpu2"": 1600000, ""cpu3"": 1600000, ""cpu4"": 1600000, ""cpu5"": 1600000, ""cpu6"": 1600000, ""cpu7"": 1600000}"
55093431,7792988160,10029924352,1084860,26912,3442016256,3618926592,1,95.4143879831442,2553018,408407,10335170,27189,"{""thermal_zone0"": 43000, ""thermal_zone1"": 43000}","{""cpu0"": 1600000, ""cpu1"": 1600000, ""cpu2"": 1600000, ""cpu3"": 1600000, ""cpu4"": 1600000, ""cpu5"": 1600000, ""cpu6"": 1600000, ""cpu7"": 1600000}"
55209610,7765069824,10029924352,1086570,26963,3448700928,3611598848,1,94.68196289928599,2553027,408418,10335241,27189,"{""thermal_zone0"": 42000, ""thermal_zone1"": 43000}","{""cpu0"": 1600000, ""cpu1"": 1600000, ""cpu2"": 1600000, ""cpu3"": 1600000, ""cpu4"": 1600000, ""cpu5"": 1600000, ""cpu6"": 1600000, ""cpu7"": 1600000}"
55325179,7780143104,10029924352,1088521,27020,3456172032,3604324352,1,103.83331755211118,2553032,408427,10335320,27189,"{""thermal_zone0"": 42000, ""thermal_zone1"": 42000}","{""cpu0"": 1600000, ""cpu1"": 1600000, ""cpu2"": 1600000, ""cpu3"": 1600000, ""cpu4"": 1600000, ""cpu5"": 1600000, ""cpu6"": 1600000, ""cpu7"": 1600000}"
55440833,7795347456,10029924352,1090507,27078,3463774208,3597447168,1,95.11179007479072,2553037,408435,10335398,27189,"{""thermal_zone0"": 43000, ""thermal_zone1"": 43000}","{""cpu0"": 1600000, ""cpu1"": 1600000, ""cpu2"": 1600000, ""cpu3"": 1600000, ""cpu4"": 1600000, ""cpu5"": 1600000, ""cpu6"": 1600000, ""cpu7"": 1600000}"
55557150,7747506176,10029924352,1092105,27125,3469934592,3590795264,1,94.56932715746336,2553045,408453,10335465,27189,"{""thermal_zone0"": 43000, ""thermal_zone1"": 44000}","{""cpu0"": 1600000, ""cpu1"": 1600000, ""cpu2"": 1600000, ""cpu3"": 1600000, ""cpu4"": 1600000, ""cpu5"": 1600000, ""cpu6"": 1600000, ""cpu7"": 1600000}"
55674100,7762448384,10029924352,1094049,27183,3477536768,3583913984,1,102.60767662410892,2553050,408464,10335542,27189,"{""thermal_zone0"": 42000, ""thermal_zone1"": 43000}","{""cpu0"": 1600000, ""cpu1"": 1600000, ""cpu2"": 1600000, ""cpu3"": 1600000, ""cpu4"": 1600000, ""cpu5"": 1600000, ""cpu6"": 1600000, ""cpu7"": 1600000}"
55790052,7777783808,10029924352,1096030,27241,3485138944,3576262656,1,103.49069187900002,2553059,408469,10335621,27189,"{""thermal_zone0"": 42000, ""thermal_zone1"": 42000}","{""cpu0"": 1600000, ""cpu1"": 1600000, ""cpu2"": 1600000, ""cpu3"": 1600000, ""cpu4"": 1600000, ""cpu5"": 1600000, ""cpu6"": 1600000, ""cpu7"": 1600000}"
55905663,7792988160,10029924352,1098005,27299,3492741120,3568271360,1,95.14654696054701,2553070,408471,10335699,27189,"{""thermal_zone0"": 42000, ""thermal_zone1"": 42000}","{""cpu0"": 1600000, ""cpu1"": 1600000, ""cpu2"": 1600000, ""cpu3"": 1600000, ""cpu4"": 1600000, ""cpu5"": 1600000, ""cpu6"": 1600000, ""cpu7"": 1600000}"
56021415,7796920320,10029924352,1099904,27355,3500081152,3560800256,1,95.03106081583579,2553081,408475,10335777,27189,"{""thermal_zone0"": 42000, ""thermal_zone1"": 43000}","{""cpu0"": 1600000, ""cpu1"": 1600000, ""cpu2"": 1600000, ""cpu3"": 1600000, ""cpu4"": 1600000, ""cpu5"": 1600000, ""cpu6"": 1600000, ""cpu7"": 1600000}"
56138452,7793119232,10029924352,1101761,27409,3507159040,3553710080,1,93.98782363820595,2553090,408484,10335850,27189,"{""thermal_zone0"": 42000, ""thermal_zone1"": 43000}","{""cpu0"": 1600000, ""cpu1"": 1600000, ""cpu2"": 1600000, ""cpu3"": 1600000, ""cpu4"": 1600000, ""cpu5"": 1600000, ""cpu6"": 1600000, ""cpu7"": 1600000}"
56254048,7808454656,10029924352,1103745,27468,3514892288,3545911296,1,103.8090292418876,2553096,408491,10335929,27189,"{""thermal_zone0"": 42000, ""thermal_zone1"": 43000}","{""cpu0"": 1600000, ""cpu1"": 1600000, ""cpu2"": 1600000, ""cpu3"": 1600000, ""cpu4"": 1600000, ""cpu5"": 1600000, ""cpu6"": 1600000, ""cpu7"": 1600000}"
56368898,7794692096,10029924352,1105535,27520,3521708032,3539681280,1,87.070517489167,2553104,408504,10336001,27189,"{""thermal_zone0"": 42000, ""thermal_zone1"": 42000}","{""cpu0"": 1600000, ""cpu1"": 1600000, ""cpu2"": 1600000, ""cpu3"": 1600000, ""cpu4"": 1600000, ""cpu5"": 1600000, ""cpu6"": 1600000, ""cpu7"": 1600000}"
56484873,7795347456,10029924352,1107384,27575,3528916992,3532668928,1,103.47031593134784,2553112,408512,10336076,27189,"{""thermal_zone0"": 42000, ""thermal_zone1"": 42000}","{""cpu0"": 1600000, ""cpu1"": 1600000, ""cpu2"": 1600000, ""cpu3"": 1600000, ""cpu4"": 1600000, ""cpu5"": 1600000, ""cpu6"": 1600000, ""cpu7"": 1600000}"
56600439,7804653568,10029924352,1109305,27631,3536388096,3524743168,1,95.18387092347167,2553124,408516,10336152,27189,"{""thermal_zone0"": 42000, ""thermal_zone1"": 43000}","{""cpu0"": 1600000, ""cpu1"": 1600000, ""cpu2"": 1600000, ""cpu3"": 1600000, ""cpu4"": 1600000, ""cpu5"": 1600000, ""cpu6"": 1600000, ""cpu7"": 1600000}"
56719631,7819202560,10029924352,1111338,27692,3544199168,3516387328,1,100.67752872608855,2553132,408534,10336221,27189,"{""thermal_zone0"": 43000, ""thermal_zone1"": 43000}","{""cpu0"": 1600000, ""cpu1"": 1600000, ""cpu2"": 1600000, ""cpu3"": 1600000, ""cpu4"": 1600000, ""cpu5"": 1600000, ""cpu6"": 1600000, ""cpu7"": 1600000}"
56851391,7836110848,10029924352,1113498,27757,3552587776,3508092928,1,91.07497984510697,2553142,408552,10336300,27191,"{""thermal_zone0"": 43000, ""thermal_zone1"": 44000}","{""cpu0"": 1600000, ""cpu1"": 1600000, ""cpu2"": 1600000, ""cpu3"": 1600000, ""cpu4"": 1600000, ""cpu5"": 1600000, ""cpu6"": 1600000, ""cpu7"": 1600000}"
56981348,7845679104,10029924352,1114798,27797,3557568512,3503321088,1,84.6434237261488,2553148,408574,10336374,27191,"{""thermal_zone0"": 43000, ""thermal_zone1"": 44000}","{""cpu0"": 1600000, ""cpu1"": 1600000, ""cpu2"": 1600000, ""cpu3"": 1600000, ""cpu4"": 1600000, ""cpu5"": 1600000, ""cpu6"": 1600000, ""cpu7"": 1600000}"
57104870,7856033792,10029924352,1116235,27840,3563466752,3507089408,1,113.33996307351622,2553157,408591,10336446,27191,"{""thermal_zone0"": 43000, ""thermal_zone1"": 44000}","{""cpu0"": 1600000, ""cpu1"": 1600000, ""cpu2"": 1600000, ""cpu3"": 1600000, ""cpu4"": 1600000, ""cpu5"": 1600000, ""cpu6"": 1600000, ""cpu7"": 1600000}"
57234939,7854329856,10029924352,1117440,27877,3568054272,3501371392,1,84.57070331065012,2553164,408612,10336519,27191,"{""thermal_zone0"": 43000, ""thermal_zone1"": 44000}","{""cpu0"": 1600000, ""cpu1"": 1600000, ""cpu2"": 1600000, ""cpu3"": 1600000, ""cpu4"": 1600000, ""cpu5"": 1600000, ""cpu6"": 1600000, ""cpu7"": 1600000}"
57352724,7844368384,10029924352,1118946,27922,3574214656,3495182336,1,93.39062729457058,2553172,408628,10336587,27191,"{""thermal_zone0"": 44000, ""thermal_zone1"": 45000}","{""cpu0"": 1600000, ""cpu1"": 1600000, ""cpu2"": 1600000, ""cpu3"": 1600000, ""cpu4"": 1600000, ""cpu5"": 1600000, ""cpu6"": 1600000, ""cpu7"": 1600000}"
57469018,7803604992,10029924352,1120520,27970,3580506112,3490025472,1,103.18605430157508,2553182,408643,10336655,27191,"{""thermal_zone0"": 43000, ""thermal_zone1"": 44000}","{""cpu0"": 1600000, ""cpu1"": 1600000, ""cpu2"": 1600000, ""cpu3"": 1600000, ""cpu4"": 1600000, ""cpu5"": 1600000, ""cpu6"": 1600000, ""cpu7"": 1600000}"
57587013,7818285056,10029924352,1122376,28027,3587846144,3481976832,1,101.69997784465983,2553190,408651,10336735,27191,"{""thermal_zone0"": 44000, ""thermal_zone1"": 43000}","{""cpu0"": 1600000, ""cpu1"": 1600000, ""cpu2"": 1600000, ""cpu3"": 1600000, ""cpu4"": 1600000, ""cpu5"": 1600000, ""cpu6"": 1600000, ""cpu7"": 1600000}"
57702470,7832965120,10029924352,1124213,28082,3595186176,3474513920,1,95.27314420690347,2553199,408655,10336813,27191,"{""thermal_zone0"": 42000, ""thermal_zone1"": 43000}","{""cpu0"": 1600000, ""cpu1"": 1600000, ""cpu2"": 1600000, ""cpu3"": 1600000, ""cpu4"": 1600000, ""cpu5"": 1600000, ""cpu6"": 1600000, ""cpu7"": 1600000}"
57817927,7844892672,10029924352,1126038,28137,3602395136,3466678272,1,103.93471541791473,2553208,408660,10336891,27191,"{""thermal_zone0"": 42000, ""thermal_zone1"": 42000}","{""cpu0"": 1600000, ""cpu1"": 1600000, ""cpu2"": 1600000, ""cpu3"": 1600000, ""cpu4"": 1600000, ""cpu5"": 1600000, ""cpu6"": 1600000, ""cpu7"": 1600000}"
57933817,7827066880,10029924352,1127708,28188,3609079808,3460214784,1,94.91766225011621,2553217,408670,10336963,27191,"{""thermal_zone0"": 42000, ""thermal_zone1"": 42000}","{""cpu0"": 1600000, ""cpu1"": 1600000, ""cpu2"": 1600000, ""cpu3"": 1600000, ""cpu4"": 1600000, ""cpu5"": 1600000, ""cpu6"": 1600000, ""cpu7"": 1600000}"
58049285,7842009088,10029924352,1129590,28245,3616550912,3452768256,1,95.2648939538481,2553228,408673,10337041,27191,"{""thermal_zone0"": 43000, ""thermal_zone1"": 44000}","{""cpu0"": 1600000, ""cpu1"": 1600000, ""cpu2"": 1600000, ""cpu3"": 1600000, ""cpu4"": 1600000, ""cpu5"": 1600000, ""cpu6"": 1600000, ""cpu7"": 1600000}"
58164817,7811207168,10029924352,1131220,28294,3622973440,3446542336,1,103.86679547418787,2553237,408685,10337111,27191,"{""thermal_zone0"": 43000, ""thermal_zone1"": 44000}","{""cpu0"": 1600000, ""cpu1"": 1600000, ""cpu2"": 1600000, ""cpu3"": 1600000, ""cpu4"": 1600000, ""cpu5"": 1600000, ""cpu6"": 1600000, ""cpu7"": 1600000}"
58280381,7826149376,10029924352,1133099,28351,3630444544,3439366144,1,103.8385216149704,2553245,408691,10337190,27191,"{""thermal_zone0"": 41000, ""thermal_zone1"": 42000}","{""cpu0"": 1600000, ""cpu1"": 1600000, ""cpu2"": 1600000, ""cpu3"": 1600000, ""cpu4"": 1600000, ""cpu5"": 1600000, ""cpu6"": 1600000, ""cpu7"": 1600000}"
58395865,7841091584,10029924352,1134969,28408,3638046720,3430699008,1,95.25152364120736,2553256,408698,10337265,27191,"{""thermal_zone0"": 42000, ""thermal_zone1"": 43000}","{""cpu0"": 1600000, ""cpu1"": 1600000, ""cpu2"": 1600000, ""cpu3"": 1600000, ""cpu4"": 1600000, ""cpu5"": 1600000, ""cpu6"": 1600000, ""cpu7"": 1600000}"
58516964,7815925760,10029924352,1136746,28462,3644993536,3423006720,1,99.09238968135091,2553265,408715,10337335,27191,"{""thermal_zone0"": 43000, ""thermal_zone1"": 44000}","{""cpu0"": 1600000, ""cpu1"": 1600000, ""cpu2"": 1600000, ""cpu3"": 1600000, ""cpu4"": 1600000, ""cpu5"": 1600000, ""cpu6"": 1600000, ""cpu7"": 1600000}"
58632575,7829426176,10029924352,1138489,28518,3652231168,3416608768,1,86.4967060021682,2553274,408719,10337413,27192,"{""thermal_zone0"": 42000, ""thermal_zone1"": 43000}","{""cpu0"": 1600000, ""cpu1"": 1600000, ""cpu2"": 1600000, ""cpu3"": 1600000, ""cpu4"": 1600000, ""cpu5"": 1600000, ""cpu6"": 1600000, ""cpu7"": 1600000}"
58748160,7844237312,10029924352,1140420,28575,3659702272,3409141760,1,103.81991805372746,2553283,408723,10337492,27192,"{""thermal_zone0"": 42000, ""thermal_zone1"": 43000}","{""cpu0"": 1600000, ""cpu1"": 1600000, ""cpu2"": 1600000, ""cpu3"": 1600000, ""cpu4"": 1600000, ""cpu5"": 1600000, ""cpu6"": 1600000, ""cpu7"": 1600000}"
58864118,7812517888,10029924352,1142092,28624,3666124800,3403026432,1,103.48611698814038,2553292,408736,10337562,27192,"{""thermal_zone0"": 42000, ""thermal_zone1"": 44000}","{""cpu0"": 1600000, ""cpu1"": 1600000, ""cpu2"": 1600000, ""cpu3"": 1600000, ""cpu4"": 1600000, ""cpu5"": 1600000, ""cpu6"": 1600000, ""cpu7"": 1600000}"
58979654,7827197952,10029924352,1144016,28681,3673595904,3395137536,1,95.20848251492757,2553300,408741,10337640,27192,"{""thermal_zone0"": 42000, ""thermal_zone1"": 42000}","{""cpu0"": 1600000, ""cpu1"": 1600000, ""cpu2"": 1600000, ""cpu3"": 1600000, ""cpu4"": 1600000, ""cpu5"": 1600000, ""cpu6"": 1600000, ""cpu7"": 1600000}"
59095105,7842009088,10029924352,1145934,28737,3680935936,3387899904,1,95.27840584051778,2553310,408744,10337718,27192,"{""thermal_zone0"": 42000, ""thermal_zone1"": 42000}","{""cpu0"": 1600000, ""cpu1"": 1600000, ""cpu2"": 1600000, ""cpu3"": 1600000, ""cpu4"": 1600000, ""cpu5"": 1600000, ""cpu6"": 1600000, ""cpu7"": 1600000}"
59210400,7810027520,10029924352,1147601,28786,3687358464,3381506048,1,95.40690515975982,2553319,408757,10337788,27192,"{""thermal_zone0"": 42000, ""thermal_zone1"": 44000}","{""cpu0"": 1600000, ""cpu1"": 1600000, ""cpu2"": 1600000, ""cpu3"": 1600000, ""cpu4"": 1600000, ""cpu5"": 1600000, ""cpu6"": 1600000, ""cpu7"": 1600000}"
59325815,7824838656,10029924352,1149512,28843,3694829568,3374096384,1,103.9727241421243,2553331,408760,10337867,27192,"{""thermal_zone0"": 42000, ""thermal_zone1"": 43000}","{""cpu0"": 1600000, ""cpu1"": 1600000, ""cpu2"": 1600000, ""cpu3"": 1600000, ""cpu4"": 1600000, ""cpu5"": 1600000, ""cpu6"": 1600000, ""cpu7"": 1600000}"
59441366,7839780864,10029924352,1151445,28900,3702300672,3366277120,1,95.19602024556264,2553340,408764,10337945,27192,"{""thermal_zone0"": 42000, ""thermal_zone1"": 42000}","{""cpu0"": 1600000, ""cpu1"": 1600000, ""cpu2"": 1600000, ""cpu3"": 1600000, ""cpu4"": 1600000, ""cpu5"": 1600000, ""cpu6"": 1600000, ""cpu7"": 1600000}"
59557149,7813304320,10029924352,1153169,28950,3708854272,3358519296,1,95.00531001951393,2553350,408776,10338016,27192,"{""thermal_zone0"": 43000, ""thermal_zone1"": 43000}","{""cpu0"": 1600000, ""cpu1"": 1600000, ""cpu2"": 1600000, ""cpu3"": 1600000, ""cpu4"": 1600000, ""cpu5"": 1600000, ""cpu6"": 1600000, ""cpu7"": 1600000}"
59674064,7815794688,10029924352,1154967,29003,3715801088,3349762048,1,94.08586435071288,2553359,408786,10338082,27198,"{""thermal_zone0"": 42000, ""thermal_zone1"": 42000}","{""cpu0"": 1600000, ""cpu1"": 1600000, ""cpu2"": 1600000, ""cpu3"": 1600000, ""cpu4"": 1600000, ""cpu5"": 1600000, ""cpu6"": 1600000, ""cpu7"": 1600000}"
59789585,7830474752,10029924352,1156865,29059,3723141120,3341881344,1,95.2204666732565,2553370,408790,10338153,27202,"{""thermal_zone0"": 42000, ""thermal_zone1"": 43000}","{""cpu0"": 1600000, ""cpu1"": 1600000, ""cpu2"": 1600000, ""cpu3"": 1600000, ""cpu4"": 1600000, ""cpu5"": 1600000, ""cpu6"": 1600000, ""cpu7"": 1600000}"
59905278,7828770816,10029924352,1158718,29113,3730219008,3334275072,1,95.07959138525658,2553380,408796,10338228,27202,"{""thermal_zone0"": 43000, ""thermal_zone1"": 43000}","{""cpu0"": 1600000, ""cpu1"": 1600000, ""cpu2"": 1600000, ""cpu3"": 1600000, ""cpu4"": 1600000, ""cpu5"": 1600000, ""cpu6"": 1600000, ""cpu7"": 1600000}"
60021306,7807012864,10029924352,1160469,29165,3737034752,3327930368,1,94.80477176548419,2553391,408806,10338301,27202,"{""thermal_zone0"": 42000, ""thermal_zone1"": 43000}","{""cpu0"": 1600000, ""cpu1"": 1600000, ""cpu2"": 1600000, ""cpu3"": 1600000, ""cpu4"": 1600000, ""cpu5"": 1600000, ""cpu6"": 1600000, ""cpu7"": 1600000}"
60137046,7821955072,10029924352,1162421,29222,3744505856,3320389632,1,103.68021207165299,2553400,408809,10338380,27202,"{""thermal_zone0"": 42000, ""thermal_zone1"": 42000}","{""cpu0"": 1600000, ""cpu1"": 1600000, ""cpu2"": 1600000, ""cpu3"": 1600000, ""cpu4"": 1600000, ""cpu5"": 1600000, ""cpu6"": 1600000, ""cpu7"": 1600000}"
60252535,7836635136,10029924352,1164319,29279,3752108032,3313106944,1,103.90580447003983,2553403,408820,10338458,27202,"{""thermal_zone0"": 42000, ""thermal_zone1"": 43000}","{""cpu0"": 1600000, ""cpu1"": 1600000, ""cpu2"": 1600000, ""cpu3"": 1600000, ""cpu4"": 1600000, ""cpu5"": 1600000, ""cpu6"": 1600000, ""cpu7"": 1600000}"
60368245,7803604992,10029924352,1165975,29329,3758530560,3306360832,1,86.42341775941948,2553412,408832,10338528,27202,"{""thermal_zone0"": 42000, ""thermal_zone1"": 44000}","{""cpu0"": 1600000, ""cpu1"": 1600000, ""cpu2"": 1600000, ""cpu3"": 1600000, ""cpu4"": 1600000, ""cpu5"": 1600000, ""cpu6"": 1600000, ""cpu7"": 1600000}"
60484118,7814483968,10029924352,1167965,29387,3766132736,3298865152,1,103.56106099963971,2553422,408836,10338606,27202,"{""thermal_zone0"": 42000, ""thermal_zone1"": 43000}","{""cpu0"": 1600000, ""cpu1"": 1600000, ""cpu2"": 1600000, ""cpu3"": 1600000, ""cpu4"": 1600000, ""cpu5"": 1600000, ""cpu6"": 1600000, ""cpu7"": 1600000}"
60599746,7829688320,10029924352,1169952,29446,3773865984,3290877952,1,103.78183425605185,2553432,408841,10338685,27202,"{""thermal_zone0"": 42000, ""thermal_zone1"": 43000}","{""cpu0"": 1600000, ""cpu1"": 1600000, ""cpu2"": 1600000, ""cpu3"": 1600000, ""cpu4"": 1600000, ""cpu5"": 1600000, ""cpu6"": 1600000, ""cpu7"": 1600000}"
60715329,7826280448,10029924352,1171807,29501,3780943872,3283988480,1,95.16963078249596,2553440,408848,10338760,27202,"{""thermal_zone0"": 42000, ""thermal_zone1"": 44000}","{""cpu0"": 1600000, ""cpu1"": 1600000, ""cpu2"": 1600000, ""cpu3"": 1600000, ""cpu4"": 1600000, ""cpu5"": 1600000, ""cpu6"": 1600000, ""cpu7"": 1600000}"
60831200,7807537152,10029924352,1173608,29553,3787890688,3277697024,1,94.93319201750975,2553450,408857,10338833,27202,"{""thermal_zone0"": 42000, ""thermal_zone1"": 43000}","{""cpu0"": 1600000, ""cpu1"": 1600000, ""cpu2"": 1600000, ""cpu3"": 1600000, ""cpu4"": 1600000, ""cpu5"": 1600000, ""cpu6"": 1600000, ""cpu7"": 1600000}"
60946871,7823003648,10029924352,1175614,29612,3795623936,3269709824,1,103.74194605885643,2553460,408861,10338911,27202,"{""thermal_zone0"": 42000, ""thermal_zone1"": 42000}","{""cpu0"": 1600000, ""cpu1"": 1600000, ""cpu2"": 1600000, ""cpu3"": 1600000, ""cpu4"": 1600000, ""cpu5"": 1600000, ""cpu6"": 1600000, ""cpu7"": 1600000}"
61062133,7838339072,10029924352,1177594,29671,3803357184,3262177280,1,104.11043437979184,2553470,408864,10338990,27202,"{""thermal_zone0"": 42000, ""thermal_zone1"": 43000}","{""cpu0"": 1600000, ""cpu1"": 1600000, ""cpu2"": 1600000, ""cpu3"": 1600000, ""cpu4"": 1600000, ""cpu5"": 1600000, ""cpu6"": 1600000, ""cpu7"": 1600000}"
61177617,7800590336,10029924352,1179253,29719,3809648640,3255107584,1,86.59248167532067,2553480,408876,10339059,27202,"{""thermal_zone0"": 42000, ""thermal_zone1"": 44000}","{""cpu0"": 1600000, ""cpu1"": 1600000, ""cpu2"": 1600000, ""cpu3"": 1600000, ""cpu4"": 1600000, ""cpu5"": 1600000, ""cpu6"": 1600000, ""cpu7"": 1600000}"
61293171,7816056832,10029924352,1181258,29778,3817381888,3247267840,1,103.84795710601671,2553489,408880,10339138,27202,"{""thermal_zone0"": 42000, ""thermal_zone1"": 42000}","{""cpu0"": 1600000, ""cpu1"": 1600000, ""cpu2"": 1600000, ""cpu3"": 1600000, ""cpu4"": 1600000, ""cpu5"": 1600000, ""cpu6"": 1600000, ""cpu7"": 1600000}"
61408746,7831523328,10029924352,1183268,29838,3825246208,3239645184,1,103.82863955202511,2553499,408884,10339216,27202,"{""thermal_zone0"": 42000, ""thermal_zone1"": 43000}","{""cpu0"": 1600000, ""cpu1"": 1600000, ""cpu2"": 1600000, ""cpu3"": 1600000, ""cpu4"": 1600000, ""cpu5"": 1600000, ""cpu6"": 1600000, ""cpu7"": 1600000}"
61524398,7820644352,10029924352,1185101,29892,3832193024,3232673792,1,95.11250966851085,2553508,408893,10339290,27202,"{""thermal_zone0"": 43000, ""thermal_zone1"": 43000}","{""cpu0"": 1600000, ""cpu1"": 1600000, ""cpu2"": 1600000, ""cpu3"": 1600000, ""cpu4"": 1600000, ""cpu5"": 1600000, ""cpu6"": 1600000, ""cpu7"": 1600000}"
61640871,7826673664,10029924352,1187073,29949,3839795200,3224862720,1,94.44242962491425,2553519,408898,10339367,27202,"{""thermal_zone0"": 42000, ""thermal_zone1"": 42000}","{""cpu0"": 1600000, ""cpu1"": 1600000, ""cpu2"": 1600000, ""cpu3"": 1600000, ""cpu4"": 1600000, ""cpu5"": 1600000, ""cpu6"": 1600000, ""cpu7"": 1600000}"
61756392,7840305152,10029924352,1189045,30007,3847397376,3217543168,1,103.87705976847967,2553530,408901,10339445,27202,"{""thermal_zone0"": 42000, ""thermal_zone1"": 43000}","{""cpu0"": 1600000, ""cpu1"": 1600000, ""cpu2"": 1600000, ""cpu3"": 1600000, ""cpu4"": 1600000, ""cpu5"": 1600000, ""cpu6"": 1600000, ""cpu7"": 1600000}"
61873069,7804784640,10029924352,1190737,30057,3853950976,3211694080,1,102.84834021463007,2553539,408914,10339516,27202,"{""thermal_zone0"": 42000, ""thermal_zone1"": 44000}","{""cpu0"": 1600000, ""cpu1"": 1600000, ""cpu2"": 1600000, ""cpu3"": 1600000, ""cpu4"": 1600000, ""cpu5"": 1600000, ""cpu6"": 1600000, ""cpu7"": 1600000}"
61989199,7819857920,10029924352,1192668,30116,3861684224,3204165632,1,86.11024225876672,2553549,408917,10339595,27202,"{""thermal_zone0"": 43000, ""thermal_zone1"": 42000}","{""cpu0"": 1600000, ""cpu1"": 1600000, ""cpu2"": 1600000, ""cpu3"": 1600000, ""cpu4"": 1600000, ""cpu5"": 1600000, ""cpu6"": 1600000, ""cpu7"": 1600000}"
62104764,7835062272,10029924352,1194653,30174,3869286400,3196694528,1,103.83747303340824,2553556,408923,10339673,27202,"{""thermal_zone0"": 42000, ""thermal_zone1"": 42000}","{""cpu0"": 1600000, ""cpu1"": 1600000, ""cpu2"": 1600000, ""cpu3"": 1600000, ""cpu4"": 1600000, ""cpu5"": 1600000, ""cpu6"": 1600000, ""cpu7"": 1600000}"
62220350,7810420736,10029924352,1196371,30225,3875971072,3189833728,1,95.16746944031968,2553566,408934,10339745,27202,"{""thermal_zone0"": 43000, ""thermal_zone1"": 44000}","{""cpu0"": 1600000, ""cpu1"": 1600000, ""cpu2"": 1600000, ""cpu3"": 1600000, ""cpu4"": 1600000, ""cpu5"": 1600000, ""cpu6"": 1600000, ""cpu7"": 1600000}"
62336892,7813566464,10029924352,1198295,30281,3883442176,3183116288,1,102.96692413231425,2553578,408938,10339822,27202,"{""thermal_zone0"": 42000, ""thermal_zone1"": 43000}","{""cpu0"": 1600000, ""cpu1"": 1600000, ""cpu2"": 1600000, ""cpu3"": 1600000, ""cpu4"": 1600000, ""cpu5"": 1600000, ""cpu6"": 1600000, ""cpu7"": 1600000}"
62453139,7829032960,10029924352,1200302,30341,3891175424,3175129088,1,103.22858674154914,2553589,408939,10339901,27202,"{""thermal_zone0"": 42000, ""thermal_zone1"": 42000}","{""cpu0"": 1600000, ""cpu1"": 1600000, ""cpu2"": 1600000, ""cpu3"": 1600000, ""cpu4"": 1600000, ""cpu5"": 1600000, ""cpu6"": 1600000, ""cpu7"": 1600000}"
62568815,7838339072,10029924352,1202252,30398,3898646528,3167535104,1,95.09335820698949,2553600,408943,10339979,27202,"{""thermal_zone0"": 43000, ""thermal_zone1"": 42000}","{""cpu0"": 1600000, ""cpu1"": 1600000, ""cpu2"": 1600000, ""cpu3"": 1600000, ""cpu4"": 1600000, ""cpu5"": 1600000, ""cpu6"": 1600000, ""cpu7"": 1600000}"
62685357,7807930368,10029924352,1203972,30448,3905200128,3161001984,1,94.38661681520232,2553609,408954,10340050,27202,"{""thermal_zone0"": 42000, ""thermal_zone1"": 43000}","{""cpu0"": 1600000, ""cpu1"": 1600000, ""cpu2"": 1600000, ""cpu3"": 1600000, ""cpu4"": 1600000, ""cpu5"": 1600000, ""cpu6"": 1600000, ""cpu7"": 1600000}"
62801330,7823265792,10029924352,1205959,30507,3912933376,3153022976,1,94.84969763382253,2553618,408958,10340129,27202,"{""thermal_zone0"": 42000, ""thermal_zone1"": 43000}","{""cpu0"": 1600000, ""cpu1"": 1600000, ""cpu2"": 1600000, ""cpu3"": 1600000, ""cpu4"": 1600000, ""cpu5"": 1600000, ""cpu6"": 1600000, ""cpu7"": 1600000}"
62917106,7838470144,10029924352,1207948,30565,3920535552,3145027584,1,95.01119041800744,2553622,408967,10340208,27202,"{""thermal_zone0"": 42000, ""thermal_zone1"": 42000}","{""cpu0"": 1600000, ""cpu1"": 1600000, ""cpu2"": 1600000, ""cpu3"": 1600000, ""cpu4"": 1600000, ""cpu5"": 1600000, ""cpu6"": 1600000, ""cpu7"": 1600000}"
63032721,7802949632,10029924352,1209606,30614,3926958080,3138875392,1,103.79249292770926,2553631,408981,10340278,27202,"{""thermal_zone0"": 42000, ""thermal_zone1"": 44000}","{""cpu0"": 1600000, ""cpu1"": 1600000, ""cpu2"": 1600000, ""cpu3"": 1600000, ""cpu4"": 1600000, ""cpu5"": 1600000, ""cpu6"": 1600000, ""cpu7"": 1600000}"
63148475,7817498624,10029924352,1211575,30672,3934560256,3130863616,1,95.02931624169456,2553640,408986,10340357,27202,"{""thermal_zone0"": 42000, ""thermal_zone1"": 43000}","{""cpu0"": 1600000, ""cpu1"": 1600000, ""cpu2"": 1600000, ""cpu3"": 1600000, ""cpu4"": 1600000, ""cpu5"": 1600000, ""cpu6"": 1600000, ""cpu7"": 1600000}"
63264015,7832965120,10029924352,1213562,30731,3942293504,3123392512,1,95.20494578268747,2553648,408990,10340435,27202,"{""thermal_zone0"": 42000, ""thermal_zone1"": 42000}","{""cpu0"": 1600000, ""cpu1"": 1600000, ""cpu2"": 1600000, ""cpu3"": 1600000, ""cpu4"": 1600000, ""cpu5"": 1600000, ""cpu6"": 1600000, ""cpu7"": 1600000}"
63379709,7825494016,10029924352,1215402,30785,3949371392,3116617728,1,103.72165933149972,2553658,408998,10340510,27202,"{""thermal_zone0"": 41000, ""thermal_zone1"": 43000}","{""cpu0"": 1600000, ""cpu1"": 1600000, ""cpu2"": 1600000, ""cpu3"": 1600000, ""cpu4"": 1600000, ""cpu5"": 1600000, ""cpu6"": 1600000, ""cpu7"": 1600000}"
63496366,7812386816,10029924352,1217232,30838,3956449280,3109068800,1,102.86604606038088,2553670,409005,10340585,27202,"{""thermal_zone0"": 42000, ""thermal_zone1"": 43000}","{""cpu0"": 1600000, ""cpu1"": 1600000, ""cpu2"": 1600000, ""cpu3"": 1600000, ""cpu4"": 1600000, ""cpu5"": 1600000, ""cpu6"": 1600000, ""cpu7"": 1600000}"
63612046,7827460096,10029924352,1219178,30898,3964133376,3101921280,1,86.44492638259302,2553677,409012,10340663,27202,"{""thermal_zone0"": 42000, ""thermal_zone1"": 42000}","{""cpu0"": 1600000, ""cpu1"": 1600000, ""cpu2"": 1600000, ""cpu3"": 1600000, ""cpu4"": 1600000, ""cpu5"": 1600000, ""cpu6"": 1600000, ""cpu7"": 1600000}"
63727906,7842402304,10029924352,1221185,30957,3971866624,3093762048,1,103.57409696075277,2553683,409019,10340742,27202,"{""thermal_zone0"": 42000, ""thermal_zone1"": 42000}","{""cpu0"": 1600000, ""cpu1"": 1600000, ""cpu2"": 1600000, ""cpu3"": 1600000, ""cpu4"": 1600000, ""cpu5"": 1600000, ""cpu6"": 1600000, ""cpu7"": 1600000}"
63844572,7807799296,10029924352,1222896,31007,3978420224,3087069184,1,102.85744937234197,2553692,409032,10340813,27202,"{""thermal_zone0"": 42000, ""thermal_zone1"": 43000}","{""cpu0"": 1600000, ""cpu1"": 1600000, ""cpu2"": 1600000, ""cpu3"": 1600000, ""cpu4"": 1600000, ""cpu5"": 1600000, ""cpu6"": 1600000, ""cpu7"": 1600000}"
63960173,7823527936,10029924352,1224929,31067,3986284544,3079188480,1,86.50406261572351,2553701,409036,10340891,27202,"{""thermal_zone0"": 42000, ""thermal_zone1"": 43000}","{""cpu0"": 1600000, ""cpu1"": 1600000, ""cpu2"": 1600000, ""cpu3"": 1600000, ""cpu4"": 1600000, ""cpu5"": 1600000, ""cpu6"": 1600000, ""cpu7"": 1600000}"
64075861,7839256576,10029924352,1226958,31127,3994148864,3071139840,1,103.72774792373136,2553711,409040,10340970,27202,"{""thermal_zone0"": 42000, ""thermal_zone1"": 42000}","{""cpu0"": 1600000, ""cpu1"": 1600000, ""cpu2"": 1600000, ""cpu3"": 1600000, ""cpu4"": 1600000, ""cpu5"": 1600000, ""cpu6"": 1600000, ""cpu7"": 1600000}"
64191583,7804129280,10029924352,1228622,31175,4000440320,3065225216,1,95.05504637735712,2553719,409054,10341040,27202,"{""thermal_zone0"": 42000, ""thermal_zone1"": 44000}","{""cpu0"": 1600000, ""cpu1"": 1600000, ""cpu2"": 1600000, ""cpu3"": 1600000, ""cpu4"": 1600000, ""cpu5"": 1600000, ""cpu6"": 1600000, ""cpu7"": 1600000}"
64307343,7819726848,10029924352,1230653,31235,4008304640,3057225728,1,112.30191648058097,2553728,409058,10341118,27202,"{""thermal_zone0"": 43000, ""thermal_zone1"": 43000}","{""cpu0"": 1600000, ""cpu1"": 1600000, ""cpu2"": 1600000, ""cpu3"": 1600000, ""cpu4"": 1600000, ""cpu5"": 1600000, ""cpu6"": 1600000, ""cpu7"": 1600000}"
64423017,7835324416,10029924352,1232680,31295,4016168960,3049295872,1,95.0943175698941,2553738,409061,10341197,27202,"{""thermal_zone0"": 42000, ""thermal_zone1"": 42000}","{""cpu0"": 1600000, ""cpu1"": 1600000, ""cpu2"": 1600000, ""cpu3"": 1600000, ""cpu4"": 1600000, ""cpu5"": 1600000, ""cpu6"": 1600000, ""cpu7"": 1600000}"
64538588,7812648960,10029924352,1234436,31346,4022853632,3042738176,1,95.17964916504431,2553748,409072,10341269,27202,"{""thermal_zone0"": 43000, ""thermal_zone1"": 43000}","{""cpu0"": 1600000, ""cpu1"": 1600000, ""cpu2"": 1600000, ""cpu3"": 1600000, ""cpu4"": 1600000, ""cpu5"": 1600000, ""cpu6"": 1600000, ""cpu7"": 1600000}"
64654992,7816450048,10029924352,1236386,31404,4030455808,3034763264,1,103.08913818820633,2553756,409080,10341346,27202,"{""thermal_zone0"": 43000, ""thermal_zone1"": 42000}","{""cpu0"": 1600000, ""cpu1"": 1600000, ""cpu2"": 1600000, ""cpu3"": 1600000, ""cpu4"": 1600000, ""cpu5"": 1600000, ""cpu6"": 1600000, ""cpu7"": 1600000}"
64770574,7832178688,10029924352,1238427,31464,4038320128,3026370560,1,95.1706946105822,2553764,409086,10341422,27202,"{""thermal_zone0"": 43000, ""thermal_zone1"": 43000}","{""cpu0"": 1600000, ""cpu1"": 1600000, ""cpu2"": 1600000, ""cpu3"": 1600000, ""cpu4"": 1600000, ""cpu5"": 1600000, ""cpu6"": 1600000, ""cpu7"": 1600000}"
64889639,7817367552,10029924352,1240236,31517,4045266944,3019898880,1,92.38652631204805,2553772,409102,10341491,27203,"{""thermal_zone0"": 42000, ""thermal_zone1"": 44000}","{""cpu0"": 1600000, ""cpu1"": 1600000, ""cpu2"": 1600000, ""cpu3"": 1600000, ""cpu4"": 1600000, ""cpu5"": 1600000, ""cpu6"": 1600000, ""cpu7"": 1600000}"
65006123,7813566464,10029924352,1242131,31573,4052606976,3012489216,1,94.43401859493392,2553783,409108,10341566,27203,"{""thermal_zone0"": 41000, ""thermal_zone1"": 42000}","{""cpu0"": 1600000, ""cpu1"": 1600000, ""cpu2"": 1600000, ""cpu3"": 1600000, ""cpu4"": 1600000, ""cpu5"": 1600000, ""cpu6"": 1600000, ""cpu7"": 1600000}"
65121774,7829295104,10029924352,1244163,31633,4060471296,3004784640,1,103.76025970639616,2553791,409114,10341645,27203,"{""thermal_zone0"": 41000, ""thermal_zone1"": 42000}","{""cpu0"": 1600000, ""cpu1"": 1600000, ""cpu2"": 1600000, ""cpu3"": 1600000, ""cpu4"": 1600000, ""cpu5"": 1600000, ""cpu6"": 1600000, ""cpu7"": 1600000}"
65237538,7833489408,10029924352,1246007,31690,4067819520,2997182464,1,86.38207866257876,2553801,409120,10341722,27203,"{""thermal_zone0"": 42000, ""thermal_zone1"": 43000}","{""cpu0"": 1600000, ""cpu1"": 1600000, ""cpu2"": 1600000, ""cpu3"": 1600000, ""cpu4"": 1600000, ""cpu5"": 1600000, ""cpu6"": 1600000, ""cpu7"": 1600000}"
65354038,7810551808,10029924352,1247734,31742,4074766336,2991251456,1,111.58847228935056,2553812,409128,10341795,27203,"{""thermal_zone0"": 43000, ""thermal_zone1"": 42000}","{""cpu0"": 1600000, ""cpu1"": 1600000, ""cpu2"": 1600000, ""cpu3"": 1600000, ""cpu4"": 1600000, ""cpu5"": 1600000, ""cpu6"": 1600000, ""cpu7"": 1600000}"
65469643,7825887232,10029924352,1249665,31800,4082499584,2983084032,1,95.15117731503204,2553820,409133,10341873,27203,"{""thermal_zone0"": 42000, ""thermal_zone1"": 43000}","{""cpu0"": 1600000, ""cpu1"": 1600000, ""cpu2"": 1600000, ""cpu3"": 1600000, ""cpu4"": 1600000, ""cpu5"": 1600000, ""cpu6"": 1600000, ""cpu7"": 1600000}"
65585179,7841353728,10029924352,1251614,31860,4090232832,2975408128,1,95.20851630138144,2553830,409135,10341952,27203,"{""thermal_zone0"": 42000, ""thermal_zone1"": 42000}","{""cpu0"": 1600000, ""cpu1"": 1600000, ""cpu2"": 1600000, ""cpu3"": 1600000, ""cpu4"": 1600000, ""cpu5"": 1600000, ""cpu6"": 1600000, ""cpu7"": 1600000}"
65701331,7808323584,10029924352,1253292,31910,4096786432,2968293376,1,94.7035637260969,2553839,409150,10342023,27203,"{""thermal_zone0"": 42000, ""thermal_zone1"": 43000}","{""cpu0"": 1600000, ""cpu1"": 1600000, ""cpu2"": 1600000, ""cpu3"": 1600000, ""cpu4"": 1600000, ""cpu5"": 1600000, ""cpu6"": 1600000, ""cpu7"": 1600000}"
65817124,7823659008,10029924352,1255218,31969,4104519680,2960637952,1,94.99724145283047,2553848,409153,10342102,27203,"{""thermal_zone0"": 42000, ""thermal_zone1"": 43000}","{""cpu0"": 1600000, ""cpu1"": 1600000, ""cpu2"": 1600000, ""cpu3"": 1600000, ""cpu4"": 1600000, ""cpu5"": 1600000, ""cpu6"": 1600000, ""cpu7"": 1600000}"
65932809,7838994432,10029924352,1257156,32027,4112121856,2952650752,1,103.7299895233575,2553855,409159,10342181,27203,"{""thermal_zone0"": 42000, ""thermal_zone1"": 44000}","{""cpu0"": 1600000, ""cpu1"": 1600000, ""cpu2"": 1600000, ""cpu3"": 1600000, ""cpu4"": 1600000, ""cpu5"": 1600000, ""cpu6"": 1600000, ""cpu7"": 1600000}"
66048559,7806095360,10029924352,1258829,32078,4118806528,2946478080,1,95.03280463301165,2553865,409170,10342252,27203,"{""thermal_zone0"": 43000, ""thermal_zone1"": 42000}","{""cpu0"": 1600000, ""cpu1"": 1600000, ""cpu2"": 1600000, ""cpu3"": 1600000, ""cpu4"": 1600000, ""cpu5"": 1600000, ""cpu6"": 1600000, ""cpu7"": 1600000}"
66164139,7821430784,10029924352,1260758,32137,4126539776,2938691584,1,103.82411019060463,2553875,409173,10342331,27203,"{""thermal_zone0"": 42000, ""thermal_zone1"": 42000}","{""cpu0"": 1600000, ""cpu1"": 1600000, ""cpu2"": 1600000, ""cpu3"": 1600000, ""cpu4"": 1600000, ""cpu5"": 1600000, ""cpu6"": 1600000, ""cpu7"": 1600000}"
66279897,7837028352,10029924352,1262724,32196,4134273024,2930868224,1,95.02572467308732,2553884,409177,10342409,27203,"{""thermal_zone0"": 42000, ""thermal_zone1"": 42000}","{""cpu0"": 1600000, ""cpu1"": 1600000, ""cpu2"": 1600000, ""cpu3"": 1600000, ""cpu4"": 1600000, ""cpu5"": 1600000, ""cpu6"": 1600000, ""cpu7"": 1600000}"
66395541,7804522496,10029924352,1264371,32246,4140826624,2924154880,1,103.76680237462026,2553892,409191,10342480,27203,"{""thermal_zone0"": 42000, ""thermal_zone1"": 43000}","{""cpu0"": 1600000, ""cpu1"": 1600000, ""cpu2"": 1600000, ""cpu3"": 1600000, ""cpu4"": 1600000, ""cpu5"": 1600000, ""cpu6"": 1600000, ""cpu7"": 1600000}"
66511160,7820120064,10029924352,1266332,32306,4148690944,2916339712,1,95.14010093413307,2553899,409196,10342559,27203,"{""thermal_zone0"": 43000, ""thermal_zone1"": 42000}","{""cpu0"": 1600000, ""cpu1"": 1600000, ""cpu2"": 1600000, ""cpu3"": 1600000, ""cpu4"": 1600000, ""cpu5"": 1600000, ""cpu6"": 1600000, ""cpu7"": 1600000}"
66626696,7835717632,10029924352,1268284,32365,4156424192,2908659712,1,95.20820810388551,2553909,409199,10342637,27203,"{""thermal_zone0"": 42000, ""thermal_zone1"": 42000}","{""cpu0"": 1600000, ""cpu1"": 1600000, ""cpu2"": 1600000, ""cpu3"": 1600000, ""cpu4"": 1600000, ""cpu5"": 1600000, ""cpu6"": 1600000, ""cpu7"": 1600000}"
66742415,7805571072,10029924352,1269948,32415,4162977792,2902659072,1,103.69910163999178,2553917,409213,10342709,27203,"{""thermal_zone0"": 42000, ""thermal_zone1"": 44000}","{""cpu0"": 1600000, ""cpu1"": 1600000, ""cpu2"": 1600000, ""cpu3"": 1600000, ""cpu4"": 1600000, ""cpu5"": 1600000, ""cpu6"": 1600000, ""cpu7"": 1600000}"
66858072,7818153984,10029924352,1271792,32473,4170579968,2895208448,1,95.10898006279734,2553922,409220,10342787,27203,"{""thermal_zone0"": 42000, ""thermal_zone1"": 42000}","{""cpu0"": 1600000, ""cpu1"": 1600000, ""cpu2"": 1600000, ""cpu3"": 1600000, ""cpu4"": 1600000, ""cpu5"": 1600000, ""cpu6"": 1600000, ""cpu7"": 1600000}"
66973725,7833489408,10029924352,1273789,32531,4178182144,2887163904,1,95.11206393031738,2553931,409224,10342866,27203,"{""thermal_zone0"": 42000, ""thermal_zone1"": 42000}","{""cpu0"": 1600000, ""cpu1"": 1600000, ""cpu2"": 1600000, ""cpu3"": 1600000, ""cpu4"": 1600000, ""cpu5"": 1600000, ""cpu6"": 1600000, ""cpu7"": 1600000}"
67089362,7814483968,10029924352,1275562,32583,4184997888,2879827968,1,95.12522401233576,2553938,409236,10342939,27203,"{""thermal_zone0"": 42000, ""thermal_zone1"": 44000}","{""cpu0"": 1600000, ""cpu1"": 1600000, ""cpu2"": 1600000, ""cpu3"": 1600000, ""cpu4"": 1600000, ""cpu5"": 1600000, ""cpu6"": 1600000, ""cpu7"": 1600000}"
67205744,7816843264,10029924352,1277470,32639,4192337920,2872868864,1,94.51623993500857,2553950,409240,10343016,27203,"{""thermal_zone0"": 42000, ""thermal_zone1"": 42000}","{""cpu0"": 1600000, ""cpu1"": 1600000, ""cpu2"": 1600000, ""cpu3"": 1600000, ""cpu4"": 1600000, ""cpu5"": 1600000, ""cpu6"": 1600000, ""cpu7"": 1600000}"
67321413,7832178688,10029924352,1279458,32698,4200071168,2865074176,1,103.74444927211555,2553958,409243,10343095,27203,"{""thermal_zone0"": 42000, ""thermal_zone1"": 42000}","{""cpu0"": 1600000, ""cpu1"": 1600000, ""cpu2"": 1600000, ""cpu3"": 1600000, ""cpu4"": 1600000, ""cpu5"": 1600000, ""cpu6"": 1600000, ""cpu7"": 1600000}"
67437290,7826935808,10029924352,1281311,32752,4207149056,2857734144,1,94.92851567779387,2553966,409253,10343170,27203,"{""thermal_zone0"": 42000, ""thermal_zone1"": 43000}","{""cpu0"": 1600000, ""cpu1"": 1600000, ""cpu2"": 1600000, ""cpu3"": 1600000, ""cpu4"": 1600000, ""cpu5"": 1600000, ""cpu6"": 1600000, ""cpu7"": 1600000}"
67553018,7833620480,10029924352,1283279,32810,4214882304,2849603584,1,103.69114913780464,2553978,409257,10343246,27203,"{""thermal_zone0"": 43000, ""thermal_zone1"": 44000}","{""cpu0"": 1600000, ""cpu1"": 1600000, ""cpu2"": 1600000, ""cpu3"": 1600000, ""cpu4"": 1600000, ""cpu5"": 1600000, ""cpu6"": 1600000, ""cpu7"": 1600000}"
67669969,7780274176,10029924352,1284862,32857,4220911616,2842763264,1,94.05676909166651,2553988,409272,10343314,27203,"{""thermal_zone0"": 43000, ""thermal_zone1"": 44000}","{""cpu0"": 1600000, ""cpu1"": 1600000, ""cpu2"": 1600000, ""cpu3"": 1600000, ""cpu4"": 1600000, ""cpu5"": 1600000, ""cpu6"": 1600000, ""cpu7"": 1600000}"
67785809,7791546368,10029924352,1286815,32914,4228382720,2835189760,1,94.95866518365403,2554001,409273,10343392,27203,"{""thermal_zone0"": 43000, ""thermal_zone1"": 43000}","{""cpu0"": 1600000, ""cpu1"": 1600000, ""cpu2"": 1600000, ""cpu3"": 1600000, ""cpu4"": 1600000, ""cpu5"": 1600000, ""cpu6"": 1600000, ""cpu7"": 1600000}"
67901394,7806881792,10029924352,1288797,32973,4236115968,2827538432,1,103.81961894912224,2554008,409278,10343471,27203,"{""thermal_zone0"": 42000, ""thermal_zone1"": 43000}","{""cpu0"": 1600000, ""cpu1"": 1600000, ""cpu2"": 1600000, ""cpu3"": 1600000, ""cpu4"": 1600000, ""cpu5"": 1600000, ""cpu6"": 1600000, ""cpu7"": 1600000}"
68017214,7822348288,10029924352,1290798,33032,4243849216,2819428352,1,94.9746856199761,2554019,409282,10343550,27203,"{""thermal_zone0"": 42000, ""thermal_zone1"": 42000}","{""cpu0"": 1600000, ""cpu1"": 1600000, ""cpu2"": 1600000, ""cpu3"": 1600000, ""cpu4"": 1600000, ""cpu5"": 1600000, ""cpu6"": 1600000, ""cpu7"": 1600000}"
68132850,7811993600,10029924352,1292497,33081,4250271744,2813321216,1,86.47834910756073,2554030,409288,10343621,27206,"{""thermal_zone0"": 43000, ""thermal_zone1"": 44000}","{""cpu0"": 1600000, ""cpu1"": 1600000, ""cpu2"": 1600000, ""cpu3"": 1600000, ""cpu4"": 1600000, ""cpu5"": 1600000, ""cpu6"": 1600000, ""cpu7"": 1600000}"
68249716,7806095360,10029924352,1294324,33135,4257349632,2806239232,1,94.1246076490602,2554040,409294,10343697,27207,"{""thermal_zone0"": 42000, ""thermal_zone1"": 43000}","{""cpu0"": 1600000, ""cpu1"": 1600000, ""cpu2"": 1600000, ""cpu3"": 1600000, ""cpu4"": 1600000, ""cpu5"": 1600000, ""cpu6"": 1600000, ""cpu7"": 1600000}"
68365383,7821561856,10029924352,1296323,33194,4265082880,2798505984,1,103.74639291082914,2554049,409299,10343776,27207,"{""thermal_zone0"": 42000, ""thermal_zone1"": 42000}","{""cpu0"": 1600000, ""cpu1"": 1600000, ""cpu2"": 1600000, ""cpu3"": 1600000, ""cpu4"": 1600000, ""cpu5"": 1600000, ""cpu6"": 1600000, ""cpu7"": 1600000}"
68481297,7835979776,10029924352,1298167,33252,4272758784,2791600128,1,94.89835092547459,2554055,409306,10343855,27207,"{""thermal_zone0"": 41000, ""thermal_zone1"": 42000}","{""cpu0"": 1600000, ""cpu1"": 1600000, ""cpu2"": 1600000, ""cpu3"": 1600000, ""cpu4"": 1600000, ""cpu5"": 1600000, ""cpu6"": 1600000, ""cpu7"": 1600000}"
68597234,7830867968,10101018624,1306789,33289,4275453952,2754527232,1,51.75218895586724,2554058,409320,10343927,27211,"{""thermal_zone0"": 42000, ""thermal_zone1"": 43000}","{""cpu0"": 1600000, ""cpu1"": 1600000, ""cpu2"": 1600000, ""cpu3"": 1600000, ""cpu4"": 1600000, ""cpu5"": 1600000, ""cpu6"": 1600000, ""cpu7"": 1600000}"
68712932,7805177856,10167746560,1316321,33294,4275818496,2716647424,1,95.07462614841937,2554064,409336,10343995,27211,"{""thermal_zone0"": 43000, ""thermal_zone1"": 44000}","{""cpu0"": 1600000, ""cpu1"": 1600000, ""cpu2"": 1600000, ""cpu3"": 1600000, ""cpu4"": 1600000, ""cpu5"": 1600000, ""cpu6"": 1600000, ""cpu7"": 1600000}"
68828636,7773720576,10262056960,1316987,33309,4276408320,2715160576,8,103.71299344297933,2554081,409346,10344065,27215,"{""thermal_zone0"": 45000, ""thermal_zone1"": 47000}","{""cpu0"": 1600000, ""cpu1"": 1600000, ""cpu2"": 1600000, ""cpu3"": 1600000, ""cpu4"": 1600000, ""cpu5"": 1600000, ""cpu6"": 1600000, ""cpu7"": 1600000}"
68958481,7774638080,10262056960,1317994,33331,4276473856,2715152384,8,662.3312414653614,2554164,409348,10344079,27216,"{""thermal_zone0"": 49000, ""thermal_zone1"": 49000}","{""cpu0"": 1600000, ""cpu1"": 1600000, ""cpu2"": 1600000, ""cpu3"": 1600000, ""cpu4"": 1600000, ""cpu5"": 1600000, ""cpu6"": 1600000, ""cpu7"": 1600000}"
69116759,7774638080,10262056960,1318607,33331,4276473856,2715152384,8,694.9787532359159,2554275,409349,10344093,27216,"{""thermal_zone0"": 52000, ""thermal_zone1"": 51000}","{""cpu0"": 1600000, ""cpu1"": 1600000, ""cpu2"": 1600000, ""cpu3"": 1600000, ""cpu4"": 1600000, ""cpu5"": 1600000, ""cpu6"": 1600000, ""cpu7"": 1600000}"
69276644,7774638080,10262056960,1319385,33331,4276473856,2715713536,8,462.83235702287595,2554336,409357,10344142,27216,"{""thermal_zone0"": 47000, ""thermal_zone1"": 50000}","{""cpu0"": 1600000, ""cpu1"": 1600000, ""cpu2"": 1600000, ""cpu3"": 1600000, ""cpu4"": 1600000, ""cpu5"": 1600000, ""cpu6"": 1600000, ""cpu7"": 1600000}"
69410530,7774638080,10262056960,1319401,33331,4276473856,2714230784,8,492.95536901593266,2554412,409372,10344165,27217,"{""thermal_zone0"": 52000, ""thermal_zone1"": 52000}","{""cpu0"": 1600000, ""cpu1"": 1600000, ""cpu2"": 1600000, ""cpu3"": 1600000, ""cpu4"": 1600000, ""cpu5"": 1600000, ""cpu6"": 1600000, ""cpu7"": 1600000}"
69590579,7774638080,10262056960,1319416,33331,4276473856,2712772608,8,472.0954409915439,2554488,409384,10344203,27217,"{""thermal_zone0"": 51000, ""thermal_zone1"": 52000}","{""cpu0"": 1600000, ""cpu1"": 1600000, ""cpu2"": 1600000, ""cpu3"": 1600000, ""cpu4"": 1600000, ""cpu5"": 1600000, ""cpu6"": 1600000, ""cpu7"": 1600000}"
69750600,7774638080,10262056960,1320864,33331,4276473856,2712772608,8,687.4070110165849,2554592,409387,10344217,27217,"{""thermal_zone0"": 51000, ""thermal_zone1"": 53000}","{""cpu0"": 1600000, ""cpu1"": 1600000, ""cpu2"": 1600000, ""cpu3"": 1600000, ""cpu4"": 1600000, ""cpu5"": 1600000, ""cpu6"": 1600000, ""cpu7"": 1600000}"
69917747,7774638080,10262056960,1321100,33331,4276473856,2711228416,8,562.3797647767661,2554681,409396,10344243,27217,"{""thermal_zone0"": 53000, ""thermal_zone1"": 52000}","{""cpu0"": 1600000, ""cpu1"": 1600000, ""cpu2"": 1600000, ""cpu3"": 1600000, ""cpu4"": 1600000, ""cpu5"": 1600000, ""cpu6"": 1600000, ""cpu7"": 1600000}"
70054469,7775162368,10262056960,1321668,33331,4276473856,2710712320,8,716.7839833594942,2554787,409398,10344248,27217,"{""thermal_zone0"": 54000, ""thermal_zone1"": 55000}","{""cpu0"": 1600000, ""cpu1"": 1600000, ""cpu2"": 1600000, ""cpu3"": 1600000, ""cpu4"": 1600000, ""cpu5"": 1600000, ""cpu6"": 1600000, ""cpu7"": 1600000}"
70218476,7775948800,10262056960,1326524,33331,4276473856,2712154112,8,676.7985564947718,2554904,409418,10344248,27217,"{""thermal_zone0"": 56000, ""thermal_zone1"": 55000}","{""cpu0"": 1600000, ""cpu1"": 1600000, ""cpu2"": 1600000, ""cpu3"": 1600000, ""cpu4"": 1600000, ""cpu5"": 1600000, ""cpu6"": 1600000, ""cpu7"": 1600000}"
70385488,7776342016,10262056960,1327287,33331,4276473856,2712154112,8,670.6121333182671,2555010,409419,10344266,27217,"{""thermal_zone0"": 54000, ""thermal_zone1"": 53000}","{""cpu0"": 1600000, ""cpu1"": 1600000, ""cpu2"": 1600000, ""cpu3"": 1600000, ""cpu4"": 1600000, ""cpu5"": 1600000, ""cpu6"": 1600000, ""cpu7"": 1600000}"
70540726,7776342016,10262056960,1328026,33331,4276473856,2712154112,8,695.7056345779099,2555115,409419,10344281,27217,"{""thermal_zone0"": 55000, ""thermal_zone1"": 53000}","{""cpu0"": 1600000, ""cpu1"": 1600000, ""cpu2"": 1600000, ""cpu3"": 1600000, ""cpu4"": 1600000, ""cpu5"": 1600000, ""cpu6"": 1600000, ""cpu7"": 1600000}"
70696687,7776342016,10262056960,1328453,33331,4276473856,2712154112,8,666.8347346672927,2555221,409420,10344297,27217,"{""thermal_zone0"": 56000, ""thermal_zone1"": 57000}","{""cpu0"": 1600000, ""cpu1"": 1600000, ""cpu2"": 1600000, ""cpu3"": 1600000, ""cpu4"": 1600000, ""cpu5"": 1600000, ""cpu6"": 1600000, ""cpu7"": 1600000}"
70852702,7776342016,10262056960,1328485,33331,4276473856,2712154112,8,288.43331821964114,2555254,409430,10344364,27217,"{""thermal_zone0"": 51000, ""thermal_zone1"": 52000}","{""cpu0"": 1600000, ""cpu1"": 1600000, ""cpu2"": 1600000, ""cpu3"": 1600000, ""cpu4"": 1600000, ""cpu5"": 1600000, ""cpu6"": 1600000, ""cpu7"": 1600000}"
70982583,7776342016,10262056960,1328576,33331,4276473856,2709250048,8,538.9556654530642,2555325,409438,10344392,27217,"{""thermal_zone0"": 54000, ""thermal_zone1"": 50000}","{""cpu0"": 1600000, ""cpu1"": 1600000, ""cpu2"": 1600000, ""cpu3"": 1600000, ""cpu4"": 1600000, ""cpu5"": 1600000, ""cpu6"": 1600000, ""cpu7"": 1600000}"
71139295,7776342016,10262056960,1328995,33331,4276473856,2709250048,8,682.7789742362608,2555429,409439,10344407,27217,"{""thermal_zone0"": 54000, ""thermal_zone1"": 56000}","{""cpu0"": 1600000, ""cpu1"": 1600000, ""cpu2"": 1600000, ""cpu3"": 1600000, ""cpu4"": 1600000, ""cpu5"": 1600000, ""cpu6"": 1600000, ""cpu7"": 1600000}"
71302614,7776342016,10262056960,1329201,33331,4276473856,2709250048,8,679.6539224269832,2555536,409439,10344423,27217,"{""thermal_zone0"": 56000, ""thermal_zone1"": 58000}","{""cpu0"": 1600000, ""cpu1"": 1600000, ""cpu2"": 1600000, ""cpu3"": 1600000, ""cpu4"": 1600000, ""cpu5"": 1600000, ""cpu6"": 1600000, ""cpu7"": 1600000}"
71453032,7776342016,10262056960,1329268,33331,4276473856,2709250048,8,664.8140603493473,2555640,409440,10344438,27217,"{""thermal_zone0"": 56000, ""thermal_zone1"": 57000}","{""cpu0"": 1600000, ""cpu1"": 1600000, ""cpu2"": 1600000, ""cpu3"": 1600000, ""cpu4"": 1600000, ""cpu5"": 1600000, ""cpu6"": 1600000, ""cpu7"": 1600000}"
71606461,7776342016,10262056960,1329316,33331,4276473856,2709250048,8,697.3912574432342,2555752,409441,10344447,27217,"{""thermal_zone0"": 56000, ""thermal_zone1"": 59000}","{""cpu0"": 1600000, ""cpu1"": 1600000, ""cpu2"": 1600000, ""cpu3"": 1600000, ""cpu4"": 1600000, ""cpu5"": 1600000, ""cpu6"": 1600000, ""cpu7"": 1600000}"
71750456,7776342016,10262056960,1329329,33331,4276473856,2709250048,8,736.1339159263815,2555854,409442,10344457,27217,"{""thermal_zone0"": 56000, ""thermal_zone1"": 58000}","{""cpu0"": 1600000, ""cpu1"": 1600000, ""cpu2"": 1600000, ""cpu3"": 1600000, ""cpu4"": 1600000, ""cpu5"": 1600000, ""cpu6"": 1600000, ""cpu7"": 1600000}"
71906482,7776342016,10262056960,1329734,33331,4276473856,2709250048,8,685.7838111912317,2555959,409442,10344473,27217,"{""thermal_zone0"": 56000, ""thermal_zone1"": 57000}","{""cpu0"": 1600000, ""cpu1"": 1600000, ""cpu2"": 1600000, ""cpu3"": 1600000, ""cpu4"": 1600000, ""cpu5"": 1600000, ""cpu6"": 1600000, ""cpu7"": 1600000}"
72062453,7776342016,10262056960,1329734,33331,4276473856,2709250048,8,686.0230704685912,2556066,409444,10344487,27217,"{""thermal_zone0"": 56000, ""thermal_zone1"": 58000}","{""cpu0"": 1600000, ""cpu1"": 1600000, ""cpu2"": 1600000, ""cpu3"": 1600000, ""cpu4"": 1600000, ""cpu5"": 1600000, ""cpu6"": 1600000, ""cpu7"": 1600000}"
72213371,7776342016,10262056960,1329932,33331,4276473856,2709250048,8,675.8637722884549,2556167,409445,10344502,27217,"{""thermal_zone0"": 56000, ""thermal_zone1"": 58000}","{""cpu0"": 1600000, ""cpu1"": 1600000, ""cpu2"": 1600000, ""cpu3"": 1600000, ""cpu4"": 1600000, ""cpu5"": 1600000, ""cpu6"": 1600000, ""cpu7"": 1600000}"
72369170,7776342016,10262056960,1329987,33331,4276473856,2709250048,8,667.530241125723,2556270,409446,10344518,27217,"{""thermal_zone0"": 56000, ""thermal_zone1"": 57000}","{""cpu0"": 1600000, ""cpu1"": 1600000, ""cpu2"": 1600000, ""cpu3"": 1600000, ""cpu4"": 1600000, ""cpu5"": 1600000, ""cpu6"": 1600000, ""cpu7"": 1600000}"
72532913,7776342016,10262056960,1330027,33331,4276473856,2709250048,8,720.6408109090117,2556387,409447,10344529,27217,"{""thermal_zone0"": 56000, ""thermal_zone1"": 58000}","{""cpu0"": 1600000, ""cpu1"": 1600000, ""cpu2"": 1600000, ""cpu3"": 1600000, ""cpu4"": 1600000, ""cpu5"": 1600000, ""cpu6"": 1600000, ""cpu7"": 1600000}"
72686939,7776342016,10262056960,1330428,33331,4276473856,2709250048,8,688.1924746062009,2556488,409447,10344544,27217,"{""thermal_zone0"": 57000, ""thermal_zone1"": 58000}","{""cpu0"": 1600000, ""cpu1"": 1600000, ""cpu2"": 1600000, ""cpu3"": 1600000, ""cpu4"": 1600000, ""cpu5"": 1600000, ""cpu6"": 1600000, ""cpu7"": 1600000}"
72842714,7776342016,10262056960,1330455,33331,4276473856,2709250048,8,680.4716387445401,2556599,409448,10344557,27217,"{""thermal_zone0"": 57000, ""thermal_zone1"": 60000}","{""cpu0"": 1600000, ""cpu1"": 1600000, ""cpu2"": 1600000, ""cpu3"": 1600000, ""cpu4"": 1600000, ""cpu5"": 1600000, ""cpu6"": 1600000, ""cpu7"": 1600000}"
73002607,7776342016,10262056960,1330455,33331,4276473856,2709250048,8,687.9567516863634,2556704,409448,10344572,27217,"{""thermal_zone0"": 58000, ""thermal_zone1"": 58000}","{""cpu0"": 1600000, ""cpu1"": 1600000, ""cpu2"": 1600000, ""cpu3"": 1600000, ""cpu4"": 1600000, ""cpu5"": 1600000, ""cpu6"": 1600000, ""cpu7"": 1600000}"
73158567,7776342016,10262056960,1330763,33331,4276473856,2709250048,8,686.0769549693904,2556815,409449,10344588,27217,"{""thermal_zone0"": 57000, ""thermal_zone1"": 58000}","{""cpu0"": 1600000, ""cpu1"": 1600000, ""cpu2"": 1600000, ""cpu3"": 1600000, ""cpu4"": 1600000, ""cpu5"": 1600000, ""cpu6"": 1600000, ""cpu7"": 1600000}"
73324870,7776342016,10262056960,1330763,33331,4276473856,2709250048,8,703.5334299062248,2556928,409449,10344597,27217,"{""thermal_zone0"": 58000, ""thermal_zone1"": 58000}","{""cpu0"": 1600000, ""cpu1"": 1600000, ""cpu2"": 1600000, ""cpu3"": 1600000, ""cpu4"": 1600000, ""cpu5"": 1600000, ""cpu6"": 1600000, ""cpu7"": 1600000}"
73482481,7776342016,10262056960,1331097,33331,4276473856,2709250048,8,697.9231241739367,2557034,409450,10344612,27217,"{""thermal_zone0"": 58000, ""thermal_zone1"": 59000}","{""cpu0"": 1600000, ""cpu1"": 1600000, ""cpu2"": 1600000, ""cpu3"": 1600000, ""cpu4"": 1600000, ""cpu5"": 1600000, ""cpu6"": 1600000, ""cpu7"": 1600000}"
73634464,7776342016,10262056960,1331097,33331,4276473856,2709250048,8,677.7043652879166,2557138,409452,10344627,27217,"{""thermal_zone0"": 58000, ""thermal_zone1"": 59000}","{""cpu0"": 1600000, ""cpu1"": 1600000, ""cpu2"": 1600000, ""cpu3"": 1600000, ""cpu4"": 1600000, ""cpu5"": 1600000, ""cpu6"": 1600000, ""cpu7"": 1600000}"
73791183,7776342016,10262056960,1331160,33331,4276473856,2709250048,8,689.1318678523027,2557242,409452,10344641,27217,"{""thermal_zone0"": 57000, ""thermal_zone1"": 60000}","{""cpu0"": 1600000, ""cpu1"": 1600000, ""cpu2"": 1600000, ""cpu3"": 1600000, ""cpu4"": 1600000, ""cpu5"": 1600000, ""cpu6"": 1600000, ""cpu7"": 1600000}"
73946974,7776342016,10262056960,1331494,33331,4276473856,2709250048,8,680.4004819263776,2557351,409453,10344657,27217,"{""thermal_zone0"": 58000, ""thermal_zone1"": 60000}","{""cpu0"": 1600000, ""cpu1"": 1600000, ""cpu2"": 1600000, ""cpu3"": 1600000, ""cpu4"": 1600000, ""cpu5"": 1600000, ""cpu6"": 1600000, ""cpu7"": 1600000}"
74118467,7776342016,10262056960,1331504,33331,4276473856,2709250048,8,740.5544466999932,2557476,409454,10344664,27217,"{""thermal_zone0"": 58000, ""thermal_zone1"": 60000}","{""cpu0"": 1600000, ""cpu1"": 1600000, ""cpu2"": 1600000, ""cpu3"": 1600000, ""cpu4"": 1600000, ""cpu5"": 1600000, ""cpu6"": 1600000, ""cpu7"": 1600000}"
74274468,7776342016,10262056960,1331943,33331,4276473856,2709250048,8,679.4802191705755,2557580,409455,10344679,27217,"{""thermal_zone0"": 57000, ""thermal_zone1"": 59000}","{""cpu0"": 1600000, ""cpu1"": 1600000, ""cpu2"": 1600000, ""cpu3"": 1600000, ""cpu4"": 1600000, ""cpu5"": 1600000, ""cpu6"": 1600000, ""cpu7"": 1600000}"
74430465,7776342016,10262056960,1331943,33331,4276473856,2709250048,8,679.5009132460223,2557687,409455,10344694,27217,"{""thermal_zone0"": 57000, ""thermal_zone1"": 60000}","{""cpu0"": 1600000, ""cpu1"": 1600000, ""cpu2"": 1600000, ""cpu3"": 1600000, ""cpu4"": 1600000, ""cpu5"": 1600000, ""cpu6"": 1600000, ""cpu7"": 1600000}"
74581597,7776342016,10262056960,1331943,33331,4276473856,2709250048,8,681.5252041783344,2557794,409457,10344710,27217,"{""thermal_zone0"": 57000, ""thermal_zone1"": 60000}","{""cpu0"": 1600000, ""cpu1"": 1600000, ""cpu2"": 1600000, ""cpu3"": 1600000, ""cpu4"": 1600000, ""cpu5"": 1600000, ""cpu6"": 1600000, ""cpu7"": 1600000}"
74742587,7776342016,10262056960,1332270,33331,4276473856,2709250048,8,677.0612084948746,2557902,409459,10344725,27217,"{""thermal_zone0"": 58000, ""thermal_zone1"": 61000}","{""cpu0"": 1600000, ""cpu1"": 1600000, ""cpu2"": 1600000, ""cpu3"": 1600000, ""cpu4"": 1600000, ""cpu5"": 1600000, ""cpu6"": 1600000, ""cpu7"": 1600000}"
74910460,7776342016,10262056960,1332529,33331,4276473856,2709250048,8,744.6116579463012,2558027,409460,10344732,27217,"{""thermal_zone0"": 58000, ""thermal_zone1"": 60000}","{""cpu0"": 1600000, ""cpu1"": 1600000, ""cpu2"": 1600000, ""cpu3"": 1600000, ""cpu4"": 1600000, ""cpu5"": 1600000, ""cpu6"": 1600000, ""cpu7"": 1600000}"
75058583,7776342016,10262056960,1332529,33331,4276473856,2707701760,8,492.8312995457061,2558097,409467,10344763,27217,"{""thermal_zone0"": 56000, ""thermal_zone1"": 58000}","{""cpu0"": 1600000, ""cpu1"": 1600000, ""cpu2"": 1600000, ""cpu3"": 1600000, ""cpu4"": 1600000, ""cpu5"": 1600000, ""cpu6"": 1600000, ""cpu7"": 1600000}"
75210531,7776342016,10262056960,1333072,33331,4276473856,2707701760,8,671.2837121641795,2558204,409468,10344777,27217,"{""thermal_zone0"": 57000, ""thermal_zone1"": 61000}","{""cpu0"": 1600000, ""cpu1"": 1600000, ""cpu2"": 1600000, ""cpu3"": 1600000, ""cpu4"": 1600000, ""cpu5"": 1600000, ""cpu6"": 1600000, ""cpu7"": 1600000}"
75386462,7776342016,10262056960,1333096,33331,4276473856,2707701760,8,755.9787245305439,2558332,409469,10344783,27217,"{""thermal_zone0"": 58000, ""thermal_zone1"": 60000}","{""cpu0"": 1600000, ""cpu1"": 1600000, ""cpu2"": 1600000, ""cpu3"": 1600000, ""cpu4"": 1600000, ""cpu5"": 1600000, ""cpu6"": 1600000, ""cpu7"": 1600000}"
75542476,7776342016,10262056960,1333234,33331,4276473856,2707701760,8,679.4250556474759,2558439,409470,10344798,27217,"{""thermal_zone0"": 58000, ""thermal_zone1"": 56000}","{""cpu0"": 1600000, ""cpu1"": 1600000, ""cpu2"": 1600000, ""cpu3"": 1600000, ""cpu4"": 1600000, ""cpu5"": 1600000, ""cpu6"": 1600000, ""cpu7"": 1600000}"
75698458,7776342016,10262056960,1333253,33331,4276473856,2707701760,8,673.1547155975179,2558543,409471,10344815,27217,"{""thermal_zone0"": 58000, ""thermal_zone1"": 60000}","{""cpu0"": 1600000, ""cpu1"": 1600000, ""cpu2"": 1600000, ""cpu3"": 1600000, ""cpu4"": 1600000, ""cpu5"": 1600000, ""cpu6"": 1600000, ""cpu7"": 1600000}"
75854460,7776342016,10262056960,1333253,33331,4276473856,2707701760,8,685.8883962401111,2558648,409472,10344830,27217,"{""thermal_zone0"": 58000, ""thermal_zone1"": 59000}","{""cpu0"": 1600000, ""cpu1"": 1600000, ""cpu2"": 1600000, ""cpu3"": 1600000, ""cpu4"": 1600000, ""cpu5"": 1600000, ""cpu6"": 1600000, ""cpu7"": 1600000}"
76010459,7776342016,10262056960,1333986,33331,4276473856,2707701760,8,673.0820790582338,2558770,409472,10344840,27217,"{""thermal_zone0"": 60000, ""thermal_zone1"": 62000}","{""cpu0"": 1600000, ""cpu1"": 1600000, ""cpu2"": 1600000, ""cpu3"": 1600000, ""cpu4"": 1600000, ""cpu5"": 1600000, ""cpu6"": 1600000, ""cpu7"": 1600000}"
76182730,7776342016,10262056960,1334038,33331,4276473856,2707701760,8,760.4300174861753,2558887,409473,10344850,27217,"{""thermal_zone0"": 58000, ""thermal_zone1"": 58000}","{""cpu0"": 1600000, ""cpu1"": 1600000, ""cpu2"": 1600000, ""cpu3"": 1600000, ""cpu4"": 1600000, ""cpu5"": 1600000, ""cpu6"": 1600000, ""cpu7"": 1600000}"
76339166,7776342016,10262056960,1334051,33331,4276473856,2707701760,8,664.8075239028989,2558988,409474,10344865,27217,"{""thermal_zone0"": 58000, ""thermal_zone1"": 57000}","{""cpu0"": 1600000, ""cpu1"": 1600000, ""cpu2"": 1600000, ""cpu3"": 1600000, ""cpu4"": 1600000, ""cpu5"": 1600000, ""cpu6"": 1600000, ""cpu7"": 1600000}"
76494465,7776342016,10262056960,1334111,33331,4276473856,2707701760,8,688.9935520892584,2559092,409475,10344882,27217,"{""thermal_zone0"": 59000, ""thermal_zone1"": 61000}","{""cpu0"": 1600000, ""cpu1"": 1600000, ""cpu2"": 1600000, ""cpu3"": 1600000, ""cpu4"": 1600000, ""cpu5"": 1600000, ""cpu6"": 1600000, ""cpu7"": 1600000}"
76650488,7776342016,10262056960,1334117,33331,4276473856,2707701760,8,679.3878625627838,2559195,409475,10344896,27217,"{""thermal_zone0"": 58000, ""thermal_zone1"": 59000}","{""cpu0"": 1600000, ""cpu1"": 1600000, ""cpu2"": 1600000, ""cpu3"": 1600000, ""cpu4"": 1600000, ""cpu5"": 1600000, ""cpu6"": 1600000, ""cpu7"": 1600000}"
76786575,7776342016,10262056960,1334118,33331,4276473856,2707701760,8,705.431815426058,2559293,409476,10344906,27217,"{""thermal_zone0"": 59000, ""thermal_zone1"": 61000}","{""cpu0"": 1600000, ""cpu1"": 1600000, ""cpu2"": 1600000, ""cpu3"": 1600000, ""cpu4"": 1600000, ""cpu5"": 1600000, ""cpu6"": 1600000, ""cpu7"": 1600000}"
76950751,7776342016,10262056960,1334118,33331,4276473856,2707701760,8,712.6488408218412,2559412,409476,10344916,27217,"{""thermal_zone0"": 59000, ""thermal_zone1"": 61000}","{""cpu0"": 1600000, ""cpu1"": 1600000, ""cpu2"": 1600000, ""cpu3"": 1600000, ""cpu4"": 1600000, ""cpu5"": 1600000, ""cpu6"": 1600000, ""cpu7"": 1600000}"
77101574,7776342016,10262056960,1334435,33331,4276473856,2707701760,8,682.9201394647574,2559519,409477,10344931,27217,"{""thermal_zone0"": 58000, ""thermal_zone1"": 60000}","{""cpu0"": 1600000, ""cpu1"": 1600000, ""cpu2"": 1600000, ""cpu3"": 1600000, ""cpu4"": 1600000, ""cpu5"": 1600000, ""cpu6"": 1600000, ""cpu7"": 1600000}"
77262857,7776342016,10262056960,1334439,33331,4276473856,2707701760,8,675.8300080688523,2559630,409478,10344946,27217,"{""thermal_zone0"": 60000, ""thermal_zone1"": 61000}","{""cpu0"": 1600000, ""cpu1"": 1600000, ""cpu2"": 1600000, ""cpu3"": 1600000, ""cpu4"": 1600000, ""cpu5"": 1600000, ""cpu6"": 1600000, ""cpu7"": 1600000}"
77420234,7776342016,10262056960,1334439,33331,4276473856,2707701760,8,692.6068212266022,2559731,409478,10344961,27217,"{""thermal_zone0"": 59000, ""thermal_zone1"": 59000}","{""cpu0"": 1600000, ""cpu1"": 1600000, ""cpu2"": 1600000, ""cpu3"": 1600000, ""cpu4"": 1600000, ""cpu5"": 1600000, ""cpu6"": 1600000, ""cpu7"": 1600000}"
77574594,7776342016,10262056960,1335057,33331,4276473856,2707701760,8,686.7058267358665,2559838,409479,10344975,27217,"{""thermal_zone0"": 59000, ""thermal_zone1"": 61000}","{""cpu0"": 1600000, ""cpu1"": 1600000, ""cpu2"": 1600000, ""cpu3"": 1600000, ""cpu4"": 1600000, ""cpu5"": 1600000, ""cpu6"": 1600000, ""cpu7"": 1600000}"
77738468,7776342016,10262056960,1335057,33331,4276473856,2707701760,8,720.0632806256368,2559958,409479,10344985,27217,"{""thermal_zone0"": 60000, ""thermal_zone1"": 61000}","{""cpu0"": 1600000, ""cpu1"": 1600000, ""cpu2"": 1600000, ""cpu3"": 1600000, ""cpu4"": 1600000, ""cpu5"": 1600000, ""cpu6"": 1600000, ""cpu7"": 1600000}"
77894472,7776342016,10262056960,1335058,33331,4276473856,2707701760,8,679.4709680067762,2560059,409480,10344999,27217,"{""thermal_zone0"": 59000, ""thermal_zone1"": 60000}","{""cpu0"": 1600000, ""cpu1"": 1600000, ""cpu2"": 1600000, ""cpu3"": 1600000, ""cpu4"": 1600000, ""cpu5"": 1600000, ""cpu6"": 1600000, ""cpu7"": 1600000}"
78046459,7776342016,10262056960,1335095,33331,4276473856,2707701760,8,684.266573150235,2560170,409482,10345014,27217,"{""thermal_zone0"": 58000, ""thermal_zone1"": 61000}","{""cpu0"": 1600000, ""cpu1"": 1600000, ""cpu2"": 1600000, ""cpu3"": 1600000, ""cpu4"": 1600000, ""cpu5"": 1600000, ""cpu6"": 1600000, ""cpu7"": 1600000}"
78203498,7776342016,10262056960,1335095,33331,4276473856,2707701760,8,681.3617852014996,2560274,409483,10345029,27217,"{""thermal_zone0"": 58000, ""thermal_zone1"": 61000}","{""cpu0"": 1600000, ""cpu1"": 1600000, ""cpu2"": 1600000, ""cpu3"": 1600000, ""cpu4"": 1600000, ""cpu5"": 1600000, ""cpu6"": 1600000, ""cpu7"": 1600000}"
78366489,7776342016,10262056960,1335096,33331,4276473856,2707701760,8,687.1520307364085,2560379,409484,10345044,27217,"{""thermal_zone0"": 59000, ""thermal_zone1"": 61000}","{""cpu0"": 1600000, ""cpu1"": 1600000, ""cpu2"": 1600000, ""cpu3"": 1600000, ""cpu4"": 1600000, ""cpu5"": 1600000, ""cpu6"": 1600000, ""cpu7"": 1600000}"
78531682,7776342016,10262056960,1335096,33331,4276473856,2707701760,8,726.4252223748025,2560500,409486,10345052,27217,"{""thermal_zone0"": 59000, ""thermal_zone1"": 61000}","{""cpu0"": 1600000, ""cpu1"": 1600000, ""cpu2"": 1600000, ""cpu3"": 1600000, ""cpu4"": 1600000, ""cpu5"": 1600000, ""cpu6"": 1600000, ""cpu7"": 1600000}"
78686815,7776342016,10262056960,1335097,33331,4276473856,2707701760,8,689.7300535805513,2560605,409486,10345067,27217,"{""thermal_zone0"": 59000, ""thermal_zone1"": 59000}","{""cpu0"": 1600000, ""cpu1"": 1600000, ""cpu2"": 1600000, ""cpu3"": 1600000, ""cpu4"": 1600000, ""cpu5"": 1600000, ""cpu6"": 1600000, ""cpu7"": 1600000}"
78842569,7776342016,10262056960,1335097,33331,4276473856,2707701760,8,674.1424354461268,2560707,409486,10345082,27217,"{""thermal_zone0"": 59000, ""thermal_zone1"": 62000}","{""cpu0"": 1600000, ""cpu1"": 1600000, ""cpu2"": 1600000, ""cpu3"": 1600000, ""cpu4"": 1600000, ""cpu5"": 1600000, ""cpu6"": 1600000, ""cpu7"": 1600000}"
78999698,7776342016,10262056960,1335097,33331,4276473856,2707701760,8,680.9684509289584,2560811,409487,10345097,27217,"{""thermal_zone0"": 59000, ""thermal_zone1"": 61000}","{""cpu0"": 1600000, ""cpu1"": 1600000, ""cpu2"": 1600000, ""cpu3"": 1600000, ""cpu4"": 1600000, ""cpu5"": 1600000, ""cpu6"": 1600000, ""cpu7"": 1600000}"
79154478,7776342016,10262056960,1335098,33331,4276473856,2707701760,8,684.8411800325224,2560922,409488,10345113,27217,"{""thermal_zone0"": 60000, ""thermal_zone1"": 62000}","{""cpu0"": 1600000, ""cpu1"": 1600000, ""cpu2"": 1600000, ""cpu3"": 1600000, ""cpu4"": 1600000, ""cpu5"": 1600000, ""cpu6"": 1600000, ""cpu7"": 1600000}"
79326767,7776342016,10262056960,1335098,33331,4276473856,2707701760,8,748.7434343907123,2561048,409488,10345119,27217,"{""thermal_zone0"": 60000, ""thermal_zone1"": 61000}","{""cpu0"": 1600000, ""cpu1"": 1600000, ""cpu2"": 1600000, ""cpu3"": 1600000, ""cpu4"": 1600000, ""cpu5"": 1600000, ""cpu6"": 1600000, ""cpu7"": 1600000}"
79482477,7776342016,10262056960,1335099,33331,4276473856,2707701760,8,680.7509543598551,2561152,409489,10345133,27217,"{""thermal_zone0"": 59000, ""thermal_zone1"": 58000}","{""cpu0"": 1600000, ""cpu1"": 1600000, ""cpu2"": 1600000, ""cpu3"": 1600000, ""cpu4"": 1600000, ""cpu5"": 1600000, ""cpu6"": 1600000, ""cpu7"": 1600000}"
79634105,7776342016,10262056960,1335099,33331,4276473856,2707701760,8,672.6979800277817,2561259,409490,10345150,27217,"{""thermal_zone0"": 59000, ""thermal_zone1"": 61000}","{""cpu0"": 1600000, ""cpu1"": 1600000, ""cpu2"": 1600000, ""cpu3"": 1600000, ""cpu4"": 1600000, ""cpu5"": 1600000, ""cpu6"": 1600000, ""cpu7"": 1600000}"
79788700,7776342016,10262056960,1335099,33331,4276473856,2707701760,8,672.7256913514605,2561366,409490,10345165,27217,"{""thermal_zone0"": 59000, ""thermal_zone1"": 60000}","{""cpu0"": 1600000, ""cpu1"": 1600000, ""cpu2"": 1600000, ""cpu3"": 1600000, ""cpu4"": 1600000, ""cpu5"": 1600000, ""cpu6"": 1600000, ""cpu7"": 1600000}"
79944843,7776342016,10262056960,1335100,33331,4276473856,2707701760,8,672.4635070385987,2561473,409492,10345179,27217,"{""thermal_zone0"": 61000, ""thermal_zone1"": 62000}","{""cpu0"": 1600000, ""cpu1"": 1600000, ""cpu2"": 1600000, ""cpu3"": 1600000, ""cpu4"": 1600000, ""cpu5"": 1600000, ""cpu6"": 1600000, ""cpu7"": 1600000}"
80116853,7776342016,10262056960,1335100,33331,4276473856,2707185664,8,622.0546149999343,2561556,409501,10345196,27217,"{""thermal_zone0"": 59000, ""thermal_zone1"": 60000}","{""cpu0"": 1600000, ""cpu1"": 1600000, ""cpu2"": 1600000, ""cpu3"": 1600000, ""cpu4"": 1600000, ""cpu5"": 1600000, ""cpu6"": 1600000, ""cpu7"": 1600000}"
80246466,7776342016,10262056960,1335100,33331,4276473856,2707185664,8,740.6703427678841,2561658,409501,10345203,27217,"{""thermal_zone0"": 59000, ""thermal_zone1"": 62000}","{""cpu0"": 1600000, ""cpu1"": 1600000, ""cpu2"": 1600000, ""cpu3"": 1600000, ""cpu4"": 1600000, ""cpu5"": 1600000, ""cpu6"": 1600000, ""cpu7"": 1600000}"
80402957,7776342016,10262056960,1335101,33331,4276473856,2707185664,8,683.7448274783678,2561762,409502,10345219,27217,"{""thermal_zone0"": 59000, ""thermal_zone1"": 62000}","{""cpu0"": 1600000, ""cpu1"": 1600000, ""cpu2"": 1600000, ""cpu3"": 1600000, ""cpu4"": 1600000, ""cpu5"": 1600000, ""cpu6"": 1600000, ""cpu7"": 1600000}"
80570466,7776342016,10262056960,1335101,33331,4276473856,2707185664,8,734.2889082633703,2561888,409502,10345226,27217,"{""thermal_zone0"": 60000, ""thermal_zone1"": 63000}","{""cpu0"": 1600000, ""cpu1"": 1600000, ""cpu2"": 1600000, ""cpu3"": 1600000, ""cpu4"": 1600000, ""cpu5"": 1600000, ""cpu6"": 1600000, ""cpu7"": 1600000}"
80730478,7776342016,10262056960,1335239,33331,4276473856,2707185664,8,681.1982927920878,2561994,409505,10345241,27217,"{""thermal_zone0"": 59000, ""thermal_zone1"": 61000}","{""cpu0"": 1600000, ""cpu1"": 1600000, ""cpu2"": 1600000, ""cpu3"": 1600000, ""cpu4"": 1600000, ""cpu5"": 1600000, ""cpu6"": 1600000, ""cpu7"": 1600000}"
80886480,7776342016,10262056960,1335239,33331,4276473856,2707185664,8,679.4784072467168,2562098,409505,10345257,27217,"{""thermal_zone0"": 59000, ""thermal_zone1"": 62000}","{""cpu0"": 1600000, ""cpu1"": 1600000, ""cpu2"": 1600000, ""cpu3"": 1600000, ""cpu4"": 1600000, ""cpu5"": 1600000, ""cpu6"": 1600000, ""cpu7"": 1600000}"
81038587,7776342016,10262056960,1335239,33331,4276473856,2707185664,8,670.5796347042423,2562204,409507,10345272,27217,"{""thermal_zone0"": 60000, ""thermal_zone1"": 60000}","{""cpu0"": 1600000, ""cpu1"": 1600000, ""cpu2"": 1600000, ""cpu3"": 1600000, ""cpu4"": 1600000, ""cpu5"": 1600000, ""cpu6"": 1600000, ""cpu7"": 1600000}"
81194873,7776342016,10262056960,1335240,33331,4276473856,2707185664,8,684.6405806192341,2562314,409508,10345286,27217,"{""thermal_zone0"": 60000, ""thermal_zone1"": 62000}","{""cpu0"": 1600000, ""cpu1"": 1600000, ""cpu2"": 1600000, ""cpu3"": 1600000, ""cpu4"": 1600000, ""cpu5"": 1600000, ""cpu6"": 1600000, ""cpu7"": 1600000}"
81366466,7776342016,10262056960,1335291,33331,4276473856,2707185664,8,751.7821914722456,2562439,409510,10345293,27217,"{""thermal_zone0"": 60000, ""thermal_zone1"": 62000}","{""cpu0"": 1600000, ""cpu1"": 1600000, ""cpu2"": 1600000, ""cpu3"": 1600000, ""cpu4"": 1600000, ""cpu5"": 1600000, ""cpu6"": 1600000, ""cpu7"": 1600000}"
81517876,7776342016,10262056960,1335322,33331,4276473856,2707185664,8,680.2705228485928,2562546,409511,10345308,27217,"{""thermal_zone0"": 60000, ""thermal_zone1"": 62000}","{""cpu0"": 1600000, ""cpu1"": 1600000, ""cpu2"": 1600000, ""cpu3"": 1600000, ""cpu4"": 1600000, ""cpu5"": 1600000, ""cpu6"": 1600000, ""cpu7"": 1600000}"
81658454,7776342016,10262056960,1335322,33331,4276473856,2707185664,8,647.3277432243475,2562643,409513,10345321,27217,"{""thermal_zone0"": 61000, ""thermal_zone1"": 63000}","{""cpu0"": 1600000, ""cpu1"": 1600000, ""cpu2"": 1600000, ""cpu3"": 1600000, ""cpu4"": 1600000, ""cpu5"": 1600000, ""cpu6"": 1600000, ""cpu7"": 1600000}"
81822670,7776342016,10262056960,1335322,33331,4276473856,2707185664,8,718.5656995062619,2562747,409514,10345334,27217,"{""thermal_zone0"": 61000, ""thermal_zone1"": 59000}","{""cpu0"": 1600000, ""cpu1"": 1600000, ""cpu2"": 1600000, ""cpu3"": 1600000, ""cpu4"": 1600000, ""cpu5"": 1600000, ""cpu6"": 1600000, ""cpu7"": 1600000}"
81958467,7776342016,10262056960,1335323,33331,4276473856,2707185664,8,714.3033036100684,2562838,409515,10345343,27217,"{""thermal_zone0"": 60000, ""thermal_zone1"": 61000}","{""cpu0"": 1600000, ""cpu1"": 1600000, ""cpu2"": 1600000, ""cpu3"": 1600000, ""cpu4"": 1600000, ""cpu5"": 1600000, ""cpu6"": 1600000, ""cpu7"": 1600000}"
82108674,7776342016,10262056960,1335323,33331,4276473856,2707185664,8,665.7481162374107,2562943,409516,10345358,27217,"{""thermal_zone0"": 60000, ""thermal_zone1"": 61000}","{""cpu0"": 1600000, ""cpu1"": 1600000, ""cpu2"": 1600000, ""cpu3"": 1600000, ""cpu4"": 1600000, ""cpu5"": 1600000, ""cpu6"": 1600000, ""cpu7"": 1600000}"
82266578,7776342016,10262056960,1335323,33331,4276473856,2707185664,8,696.6233229957177,2563047,409516,10345373,27217,"{""thermal_zone0"": 60000, ""thermal_zone1"": 61000}","{""cpu0"": 1600000, ""cpu1"": 1600000, ""cpu2"": 1600000, ""cpu3"": 1600000, ""cpu4"": 1600000, ""cpu5"": 1600000, ""cpu6"": 1600000, ""cpu7"": 1600000}"
82422596,7776342016,10262056960,1335324,33331,4276473856,2707185664,8,679.407457990266,2563169,409518,10345385,27217,"{""thermal_zone0"": 62000, ""thermal_zone1"": 63000}","{""cpu0"": 1600000, ""cpu1"": 1600000, ""cpu2"": 1600000, ""cpu3"": 1600000, ""cpu4"": 1600000, ""cpu5"": 1600000, ""cpu6"": 1600000, ""cpu7"": 1600000}"
82598458,7776342016,10262056960,1335324,33331,4276473856,2707185664,8,756.278018785639,2563288,409519,10345392,27217,"{""thermal_zone0"": 60000, ""thermal_zone1"": 62000}","{""cpu0"": 1600000, ""cpu1"": 1600000, ""cpu2"": 1600000, ""cpu3"": 1600000, ""cpu4"": 1600000, ""cpu5"": 1600000, ""cpu6"": 1600000, ""cpu7"": 1600000}"
82754465,7776342016,10262056960,1335325,33331,4276473856,2707185664,8,685.8675127288999,2563393,409519,10345408,27217,"{""thermal_zone0"": 61000, ""thermal_zone1"": 60000}","{""cpu0"": 1600000, ""cpu1"": 1600000, ""cpu2"": 1600000, ""cpu3"": 1600000, ""cpu4"": 1600000, ""cpu5"": 1600000, ""cpu6"": 1600000, ""cpu7"": 1600000}"
82914461,7776342016,10262056960,1335325,33331,4276473856,2707185664,8,668.7668111257148,2563500,409520,10345424,27217,"{""thermal_zone0"": 59000, ""thermal_zone1"": 62000}","{""cpu0"": 1600000, ""cpu1"": 1600000, ""cpu2"": 1600000, ""cpu3"": 1600000, ""cpu4"": 1600000, ""cpu5"": 1600000, ""cpu6"": 1600000, ""cpu7"": 1600000}"
83070588,7776342016,10262056960,1335325,33331,4276473856,2707185664,8,685.3378048614738,2563605,409520,10345439,27217,"{""thermal_zone0"": 61000, ""thermal_zone1"": 62000}","{""cpu0"": 1600000, ""cpu1"": 1600000, ""cpu2"": 1600000, ""cpu3"": 1600000, ""cpu4"": 1600000, ""cpu5"": 1600000, ""cpu6"": 1600000, ""cpu7"": 1600000}"
83202479,7776342016,10262056960,1335326,33331,4276473856,2707185664,8,682.3819740764603,2563704,409522,10345453,27217,"{""thermal_zone0"": 60000, ""thermal_zone1"": 61000}","{""cpu0"": 1600000, ""cpu1"": 1600000, ""cpu2"": 1600000, ""cpu3"": 1600000, ""cpu4"": 1600000, ""cpu5"": 1600000, ""cpu6"": 1600000, ""cpu7"": 1600000}"
83359765,7659626496,10090545152,1335327,33332,4276494336,2819252224,8,489.55474239594486,2563767,409529,10345497,27217,"{""thermal_zone0"": 56000, ""thermal_zone1"": 58000}","{""cpu0"": 1600000, ""cpu1"": 1600000, ""cpu2"": 1600000, ""cpu3"": 1600000, ""cpu4"": 1600000, ""cpu5"": 1600000, ""cpu6"": 1600000, ""cpu7"": 1600000}"
83485914,7341842432,10090545152,1335327,33332,4276494336,3139342336,8,103.0521183710536,2563768,409542,10345583,27217,"{""thermal_zone0"": 53000, ""thermal_zone1"": 54000}","{""cpu0"": 1600000, ""cpu1"": 1600000, ""cpu2"": 1600000, ""cpu3"": 1600000, ""cpu4"": 1600000, ""cpu5"": 1600000, ""cpu6"": 1600000, ""cpu7"": 1600000}"
83612502,6984335360,10090545152,1335327,33332,4276494336,3497721856,8,94.79633828288188,2563772,409555,10345670,27217,"{""thermal_zone0"": 50000, ""thermal_zone1"": 53000}","{""cpu0"": 1600000, ""cpu1"": 1600000, ""cpu2"": 1600000, ""cpu3"": 1600000, ""cpu4"": 1600000, ""cpu5"": 1600000, ""cpu6"": 1600000, ""cpu7"": 1600000}"
83745501,6626828288,10090545152,1335327,33332,4276494336,3879215104,8,105.26348634847244,2563773,409570,10345760,27217,"{""thermal_zone0"": 52000, ""thermal_zone1"": 52000}","{""cpu0"": 1600000, ""cpu1"": 1600000, ""cpu2"": 1600000, ""cpu3"": 1600000, ""cpu4"": 1600000, ""cpu5"": 1600000, ""cpu6"": 1600000, ""cpu7"": 1600000}"
83877479,6229598208,10090545152,1335327,33332,4276494336,4256972800,8,98.50152882328626,2563775,409584,10345848,27217,"{""thermal_zone0"": 49000, ""thermal_zone1"": 52000}","{""cpu0"": 1600000, ""cpu1"": 1600000, ""cpu2"": 1600000, ""cpu3"": 1600000, ""cpu4"": 1600000, ""cpu5"": 1600000, ""cpu6"": 1600000, ""cpu7"": 1600000}"
84007094,5832368128,10090545152,1335327,33332,4276494336,4655837184,8,100.29652977633079,2563778,409597,10345934,27217,"{""thermal_zone0"": 50000, ""thermal_zone1"": 51000}","{""cpu0"": 1600000, ""cpu1"": 1600000, ""cpu2"": 1600000, ""cpu3"": 1600000, ""cpu4"": 1600000, ""cpu5"": 1600000, ""cpu6"": 1600000, ""cpu7"": 1600000}"
84132653,5435138048,10090545152,1335327,33332,4276494336,5065113600,8,95.57286803194049,2563780,409610,10346019,27217,"{""thermal_zone0"": 48000, ""thermal_zone1"": 50000}","{""cpu0"": 1600000, ""cpu1"": 1600000, ""cpu2"": 1600000, ""cpu3"": 1600000, ""cpu4"": 1600000, ""cpu5"": 1600000, ""cpu6"": 1600000, ""cpu7"": 1600000}"
84258580,5088690176,7811239936,1335327,33332,4276494336,5421518848,8,103.23453901772035,2563782,409624,10346106,27217,"{""thermal_zone0"": 49000, ""thermal_zone1"": 51000}","{""cpu0"": 1600000, ""cpu1"": 1600000, ""cpu2"": 1600000, ""cpu3"": 1600000, ""cpu4"": 1600000, ""cpu5"": 1600000, ""cpu6"": 1600000, ""cpu7"": 1600000}"
84387936,4707602432,7811239936,1335327,33332,4276494336,5779902464,8,100.49743835508391,2563784,409637,10346193,27217,"{""thermal_zone0"": 48000, ""thermal_zone1"": 49000}","{""cpu0"": 1600000, ""cpu1"": 1600000, ""cpu2"": 1600000, ""cpu3"": 1600000, ""cpu4"": 1600000, ""cpu5"": 1600000, ""cpu6"": 1600000, ""cpu7"": 1600000}"
84518426,4350095360,7811239936,1335327,33332,4276494336,6139305984,8,99.62458086022976,2563786,409651,10346282,27217,"{""thermal_zone0"": 48000, ""thermal_zone1"": 50000}","{""cpu0"": 1600000, ""cpu1"": 1600000, ""cpu2"": 1600000, ""cpu3"": 1600000, ""cpu4"": 1600000, ""cpu5"": 1600000, ""cpu6"": 1600000, ""cpu7"": 1600000}"
84647741,4023336960,7811239936,1335327,33332,4276494336,6475505664,8,100.5302724412142,2563788,409665,10346368,27217,"{""thermal_zone0"": 48000, ""thermal_zone1"": 49000}","{""cpu0"": 1600000, ""cpu1"": 1600000, ""cpu2"": 1600000, ""cpu3"": 1600000, ""cpu4"": 1600000, ""cpu5"": 1600000, ""cpu6"": 1600000, ""cpu7"": 1600000}"
84773748,3706667008,7811239936,1335327,33332,4276494336,6801461248,8,103.16872419492287,2563789,409680,10346454,27217,"{""thermal_zone0"": 48000, ""thermal_zone1"": 49000}","{""cpu0"": 1600000, ""cpu1"": 1600000, ""cpu2"": 1600000, ""cpu3"": 1600000, ""cpu4"": 1600000, ""cpu5"": 1600000, ""cpu6"": 1600000, ""cpu7"": 1600000}"
84902420,3385802752,7811239936,1335327,33332,4276494336,7104950272,8,101.0322111284105,2563790,409693,10346540,27217,"{""thermal_zone0"": 47000, ""thermal_zone1"": 49000}","{""cpu0"": 1600000, ""cpu1"": 1600000, ""cpu2"": 1600000, ""cpu3"": 1600000, ""cpu4"": 1600000, ""cpu5"": 1600000, ""cpu6"": 1600000, ""cpu7"": 1600000}"
85028776,3078959104,7811239936,1335327,33332,4276494336,7427375104,8,94.96982583080018,2563793,409706,10346627,27217,"{""thermal_zone0"": 46000, ""thermal_zone1"": 49000}","{""cpu0"": 1600000, ""cpu1"": 1600000, ""cpu2"": 1600000, ""cpu3"": 1600000, ""cpu4"": 1600000, ""cpu5"": 1600000, ""cpu6"": 1600000, ""cpu7"": 1600000}"
85160349,2721452032,7811239936,1335327,33332,4276494336,7781236736,8,98.80413104024043,2563795,409725,10346712,27217,"{""thermal_zone0"": 47000, ""thermal_zone1"": 49000}","{""cpu0"": 1600000, ""cpu1"": 1600000, ""cpu2"": 1600000, ""cpu3"": 1600000, ""cpu4"": 1600000, ""cpu5"": 1600000, ""cpu6"": 1600000, ""cpu7"": 1600000}"
85296652,2699038720,5084848128,1336909,33333,4276625408,7788707840,8,95.37587459768714,2563810,409727,10346798,27218,"{""thermal_zone0"": 46000, ""thermal_zone1"": 48000}","{""cpu0"": 1600000, ""cpu1"": 1600000, ""cpu2"": 1600000, ""cpu3"": 1600000, ""cpu4"": 1600000, ""cpu5"": 1600000, ""cpu6"": 1600000, ""cpu7"": 1600000}"
85425722,2699038720,5084848128,1336909,33333,4276625408,7788707840,8,108.46785704199864,2563827,409727,10346886,27218,"{""thermal_zone0"": 47000, ""thermal_zone1"": 48000}","{""cpu0"": 1600000, ""cpu1"": 1600000, ""cpu2"": 1600000, ""cpu3"": 1600000, ""cpu4"": 1600000, ""cpu5"": 1600000, ""cpu6"": 1600000, ""cpu7"": 1600000}"
85555472,2392756224,5084581888,1336911,33333,4276625408,7788707840,8,100.19304579491175,2563834,409735,10346972,27218,"{""thermal_zone0"": 46000, ""thermal_zone1"": 48000}","{""cpu0"": 1600000, ""cpu1"": 1600000, ""cpu2"": 1600000, ""cpu3"": 1600000, ""cpu4"": 1600000, ""cpu5"": 1600000, ""cpu6"": 1600000, ""cpu7"": 1600000}"
85680813,1807032320,5084581888,1336911,33333,4276625408,7788707840,8,95.7388053911319,2563836,409748,10347057,27218,"{""thermal_zone0"": 46000, ""thermal_zone1"": 47000}","{""cpu0"": 1600000, ""cpu1"": 1600000, ""cpu2"": 1600000, ""cpu3"": 1600000, ""cpu4"": 1600000, ""cpu5"": 1600000, ""cpu6"": 1600000, ""cpu7"": 1600000}"
85806197,1226346496,5084581888,1336911,33333,4276625408,7788707840,8,103.68140115492149,2563838,409761,10347142,27218,"{""thermal_zone0"": 47000, ""thermal_zone1"": 48000}","{""cpu0"": 1600000, ""cpu1"": 1600000, ""cpu2"": 1600000, ""cpu3"": 1600000, ""cpu4"": 1600000, ""cpu5"": 1600000, ""cpu6"": 1600000, ""cpu7"": 1600000}"
85931430,635785216,5084581888,1336911,33333,4276625408,7789035520,8,103.80641266669484,2563840,409774,10347227,27218,"{""thermal_zone0"": 46000, ""thermal_zone1"": 48000}","{""cpu0"": 1600000, ""cpu1"": 1600000, ""cpu2"": 1600000, ""cpu3"": 1600000, ""cpu4"": 1600000, ""cpu5"": 1600000, ""cpu6"": 1600000, ""cpu7"": 1600000}"
86056583,77111296,5084581888,1336911,33333,4276625408,7789035520,8,95.88299972841139,2563842,409787,10347312,27218,"{""thermal_zone0"": 46000, ""thermal_zone1"": 47000}","{""cpu0"": 1600000, ""cpu1"": 1600000, ""cpu2"": 1600000, ""cpu3"": 1600000, ""cpu4"": 1600000, ""cpu5"": 1600000, ""cpu6"": 1600000, ""cpu7"": 1600000}"
