block_range=blk.1..blk.3 block_count=3 attention=MLA_NON_SPLIT_KV ffn=real_sparse_top6_shared geometry=2048
fixtures=dtype:F32 dimensions:[2048,1] token0:one_hot(0) token1:one_hot(1) positions:0,1
block_descriptor block=1 tensor_count=14 namespace_base=10000
block_descriptor block=2 tensor_count=14 namespace_base=20000
block_descriptor block=3 tensor_count=14 namespace_base=30000
attention_timing tensor=blk.1.attn_norm.weight payload_ready_ns=5154416105948 first_consumer_start_ns=5154502734386 payload_to_first_consumer_ns=86628438
attention_timing tensor=blk.1.attn_q.weight payload_ready_ns=5154628276790 first_consumer_start_ns=5154714398647 payload_to_first_consumer_ns=86121857
attention_timing tensor=blk.1.attn_kv_a_mqa.weight payload_ready_ns=5154840915132 first_consumer_start_ns=5154925032093 payload_to_first_consumer_ns=84116961
attention_timing tensor=blk.1.attn_kv_a_norm.weight payload_ready_ns=5155050521496 first_consumer_start_ns=5155137427855 payload_to_first_consumer_ns=86906359
attention_timing tensor=blk.1.attn_kv_b.weight payload_ready_ns=5155262220896 first_consumer_start_ns=5155345017292 payload_to_first_consumer_ns=82796396
attention_timing tensor=blk.1.attn_output.weight payload_ready_ns=5155470850817 first_consumer_start_ns=5155554798096 payload_to_first_consumer_ns=83947279
token0_blk1 position=0 state_k_positions=1 state_v_positions=1 attention_probs=1,1,1,1,1,1,1,1,1,1,1,1,1,1,1,1,
reference_attention position=0 state_k_positions=1 state_v_positions=1 attention_probs=1,1,1,1,1,1,1,1,1,1,1,1,1,1,1,1,
normalized_input_parity max_abs=0 max_rel=0 mean_abs=0 tolerance=1e-5
router_score_parity max_abs=1.43051e-06 max_rel=2.50091e-05 mean_abs=3.50527e-07 tolerance=1e-5
selected_weight_parity max_abs=7.45058e-08 max_rel=9.6258e-07 mean_abs=5.09123e-08 tolerance=1e-5
token0_blk1 topk_ids=56,11,50,34,3,47 normalized_weights=0.314496,0.213122,0.188313,0.119806,0.0868612,0.0774022,
token0_blk1_routed expert_rank=0 expert_id=56 router_rank=0 graph_created=YES graph_refs=gate:0,up:1,down:2 storage_ref_base=10168 score_preserved=YES
token0_blk1_routed expert_id=56 selected_range tensor=blk.1.ffn_gate_exps.weight offset=135303648 bytes=563200 layout=DIRECT
token0_blk1_routed expert_id=56 selected_range tensor=blk.1.ffn_up_exps.weight offset=171348464 bytes=563200 layout=DIRECT
token0_blk1_routed expert_id=56 selected_range tensor=blk.1.ffn_down_exps.weight offset=266686976 bytes=1622016 layout=DIRECT
token0_blk1_routed prefetch expert_id=56 tensor=blk.1.ffn_gate_exps.weight dependency_distance=0
token0_blk1_routed prefetch expert_id=56 tensor=blk.1.ffn_up_exps.weight dependency_distance=0
token0_blk1_routed prefetch expert_id=56 tensor=blk.1.ffn_down_exps.weight dependency_distance=2
expert_parity max_abs=0 max_rel=0 mean_abs=0 tolerance=1e-5
token0_blk1_routed expert_id=56 consumer_wait=not_instrumented acquire_release=recorded peak_active=1622016 peak_resident=6241280
token0_blk1_routed expert_rank=1 expert_id=11 router_rank=1 graph_created=YES graph_refs=gate:0,up:1,down:2 storage_ref_base=10033 score_preserved=YES
token0_blk1_routed expert_id=11 selected_range tensor=blk.1.ffn_gate_exps.weight offset=109959648 bytes=563200 layout=DIRECT
token0_blk1_routed expert_id=11 selected_range tensor=blk.1.ffn_up_exps.weight offset=146004464 bytes=563200 layout=DIRECT
token0_blk1_routed expert_id=11 selected_range tensor=blk.1.ffn_down_exps.weight offset=193696256 bytes=1622016 layout=DIRECT
token0_blk1_routed prefetch expert_id=11 tensor=blk.1.ffn_gate_exps.weight dependency_distance=0
token0_blk1_routed prefetch expert_id=11 tensor=blk.1.ffn_up_exps.weight dependency_distance=0
token0_blk1_routed prefetch expert_id=11 tensor=blk.1.ffn_down_exps.weight dependency_distance=2
expert_parity max_abs=0 max_rel=0 mean_abs=0 tolerance=1e-5
token0_blk1_routed expert_id=11 consumer_wait=not_instrumented acquire_release=recorded peak_active=1622016 peak_resident=7752704
token0_blk1_routed expert_rank=2 expert_id=50 router_rank=2 graph_created=YES graph_refs=gate:0,up:1,down:2 storage_ref_base=10150 score_preserved=YES
token0_blk1_routed expert_id=50 selected_range tensor=blk.1.ffn_gate_exps.weight offset=131924448 bytes=563200 layout=DIRECT
token0_blk1_routed expert_id=50 selected_range tensor=blk.1.ffn_up_exps.weight offset=167969264 bytes=563200 layout=DIRECT
token0_blk1_routed expert_id=50 selected_range tensor=blk.1.ffn_down_exps.weight offset=256954880 bytes=1622016 layout=DIRECT
token0_blk1_routed prefetch expert_id=50 tensor=blk.1.ffn_gate_exps.weight dependency_distance=0
token0_blk1_routed prefetch expert_id=50 tensor=blk.1.ffn_up_exps.weight dependency_distance=0
token0_blk1_routed prefetch expert_id=50 tensor=blk.1.ffn_down_exps.weight dependency_distance=2
expert_parity max_abs=0 max_rel=0 mean_abs=0 tolerance=1e-5
token0_blk1_routed expert_id=50 consumer_wait=not_instrumented acquire_release=recorded peak_active=1622016 peak_resident=8245248
token0_blk1_routed expert_rank=3 expert_id=34 router_rank=3 graph_created=YES graph_refs=gate:0,up:1,down:2 storage_ref_base=10102 score_preserved=YES
token0_blk1_routed expert_id=34 selected_range tensor=blk.1.ffn_gate_exps.weight offset=122913248 bytes=563200 layout=DIRECT
token0_blk1_routed expert_id=34 selected_range tensor=blk.1.ffn_up_exps.weight offset=158958064 bytes=563200 layout=DIRECT
token0_blk1_routed expert_id=34 selected_range tensor=blk.1.ffn_down_exps.weight offset=231002624 bytes=1622016 layout=DIRECT
token0_blk1_routed prefetch expert_id=34 tensor=blk.1.ffn_gate_exps.weight dependency_distance=0
token0_blk1_routed prefetch expert_id=34 tensor=blk.1.ffn_up_exps.weight dependency_distance=0
token0_blk1_routed prefetch expert_id=34 tensor=blk.1.ffn_down_exps.weight dependency_distance=2
expert_parity max_abs=0 max_rel=0 mean_abs=0 tolerance=1e-5
token0_blk1_routed expert_id=34 consumer_wait=not_instrumented acquire_release=recorded peak_active=1622016 peak_resident=8245248
token0_blk1_routed expert_rank=4 expert_id=3 router_rank=4 graph_created=YES graph_refs=gate:0,up:1,down:2 storage_ref_base=10009 score_preserved=YES
token0_blk1_routed expert_id=3 selected_range tensor=blk.1.ffn_gate_exps.weight offset=105454048 bytes=563200 layout=DIRECT
token0_blk1_routed expert_id=3 selected_range tensor=blk.1.ffn_up_exps.weight offset=141498864 bytes=563200 layout=DIRECT
token0_blk1_routed expert_id=3 selected_range tensor=blk.1.ffn_down_exps.weight offset=180720128 bytes=1622016 layout=DIRECT
token0_blk1_routed prefetch expert_id=3 tensor=blk.1.ffn_gate_exps.weight dependency_distance=0
token0_blk1_routed prefetch expert_id=3 tensor=blk.1.ffn_up_exps.weight dependency_distance=0
token0_blk1_routed prefetch expert_id=3 tensor=blk.1.ffn_down_exps.weight dependency_distance=2
expert_parity max_abs=0 max_rel=0 mean_abs=0 tolerance=1e-5
token0_blk1_routed expert_id=3 consumer_wait=not_instrumented acquire_release=recorded peak_active=1622016 peak_resident=8245248
token0_blk1_routed expert_rank=5 expert_id=47 router_rank=5 graph_created=YES graph_refs=gate:0,up:1,down:2 storage_ref_base=10141 score_preserved=YES
token0_blk1_routed expert_id=47 selected_range tensor=blk.1.ffn_gate_exps.weight offset=130234848 bytes=563200 layout=DIRECT
token0_blk1_routed expert_id=47 selected_range tensor=blk.1.ffn_up_exps.weight offset=166279664 bytes=563200 layout=DIRECT
token0_blk1_routed expert_id=47 selected_range tensor=blk.1.ffn_down_exps.weight offset=252088832 bytes=1622016 layout=DIRECT
token0_blk1_routed prefetch expert_id=47 tensor=blk.1.ffn_gate_exps.weight dependency_distance=0
token0_blk1_routed prefetch expert_id=47 tensor=blk.1.ffn_up_exps.weight dependency_distance=0
token0_blk1_routed prefetch expert_id=47 tensor=blk.1.ffn_down_exps.weight dependency_distance=2
expert_parity max_abs=0 max_rel=0 mean_abs=0 tolerance=1e-5
token0_blk1_routed expert_id=47 consumer_wait=not_instrumented acquire_release=recorded peak_active=1622016 peak_resident=8245248
token0_blk1_routed residency_hits=36 residency_misses=42 source_reads=18 materialization_requests=18 source_policy_calls=18 evictions=17 resident_tensors_after=9
routed_merge_parity max_abs=0 max_rel=0 mean_abs=0 tolerance=1e-5
shared_expert_parity max_abs=0 max_rel=0 mean_abs=0 tolerance=1e-5
pre_residual_composition_parity max_abs=0 max_rel=0 mean_abs=0 tolerance=1e-5
final_layer_parity max_abs=0 max_rel=0 mean_abs=0 tolerance=1e-5
token0_blk1 shared_expert=REQUIRED shared_graph_created=YES residual_add=YES final_composition=PASS
ffn_timing tensor=blk.1.ffn_gate_inp.weight payload_ready_ns=5155892737251 first_consumer_start_ns=5155977021792 payload_to_first_consumer_ns=84284541
ffn_timing tensor=blk.1.ffn_gate_shexp.weight payload_ready_ns=5159970796767 first_consumer_start_ns=5160056936303 payload_to_first_consumer_ns=86139536
ffn_timing tensor=blk.1.ffn_gate_exps.weight payload_ready_ns=5156105446433 first_consumer_start_ns=5156189284673 payload_to_first_consumer_ns=83838240
token0_blk1 full_layer_residency_hits=46 misses=51 evictions=23 source_reads=23 source_bytes=21168128 materialization_requests=23 resident_tensors_after=6
token0_blk1 full_layer_peak_active_persistent_bytes=1892352 full_layer_peak_resident_bytes=8245248
token0_blk1 first_payload_to_shared_compute_start_ns=4243374647 execution_ready_to_consumer_ns=NOT_INSTRUMENTED payload_to_first_useful_compute=NOT_INSTRUMENTED
normalized_input_parity max_abs=0 max_rel=0 mean_abs=0 tolerance=1e-5
router_score_parity max_abs=1.43051e-06 max_rel=2.50091e-05 mean_abs=3.50527e-07 tolerance=1e-5
selected_weight_parity max_abs=7.45058e-08 max_rel=9.6258e-07 mean_abs=5.09123e-08 tolerance=1e-5
reference_token0_blk1 topk_ids=56,11,50,34,3,47 normalized_weights=0.314496,0.213122,0.188313,0.119806,0.0868612,0.0774022,
reference_token0_blk1_routed expert_rank=0 expert_id=56 router_rank=0 graph_created=YES graph_refs=gate:0,up:1,down:2 storage_ref_base=10168 score_preserved=YES
reference_token0_blk1_routed expert_id=56 selected_range tensor=blk.1.ffn_gate_exps.weight offset=135303648 bytes=563200 layout=DIRECT
reference_token0_blk1_routed expert_id=56 selected_range tensor=blk.1.ffn_up_exps.weight offset=171348464 bytes=563200 layout=DIRECT
reference_token0_blk1_routed expert_id=56 selected_range tensor=blk.1.ffn_down_exps.weight offset=266686976 bytes=1622016 layout=DIRECT
reference_token0_blk1_routed prefetch expert_id=56 tensor=blk.1.ffn_gate_exps.weight dependency_distance=0
reference_token0_blk1_routed prefetch expert_id=56 tensor=blk.1.ffn_up_exps.weight dependency_distance=0
reference_token0_blk1_routed prefetch expert_id=56 tensor=blk.1.ffn_down_exps.weight dependency_distance=2
expert_parity max_abs=0 max_rel=0 mean_abs=0 tolerance=1e-5
reference_token0_blk1_routed expert_id=56 consumer_wait=not_instrumented acquire_release=recorded peak_active=1622016 peak_resident=3280896
reference_token0_blk1_routed expert_rank=1 expert_id=11 router_rank=1 graph_created=YES graph_refs=gate:0,up:1,down:2 storage_ref_base=10033 score_preserved=YES
reference_token0_blk1_routed expert_id=11 selected_range tensor=blk.1.ffn_gate_exps.weight offset=109959648 bytes=563200 layout=DIRECT
reference_token0_blk1_routed expert_id=11 selected_range tensor=blk.1.ffn_up_exps.weight offset=146004464 bytes=563200 layout=DIRECT
reference_token0_blk1_routed expert_id=11 selected_range tensor=blk.1.ffn_down_exps.weight offset=193696256 bytes=1622016 layout=DIRECT
reference_token0_blk1_routed prefetch expert_id=11 tensor=blk.1.ffn_gate_exps.weight dependency_distance=0
reference_token0_blk1_routed prefetch expert_id=11 tensor=blk.1.ffn_up_exps.weight dependency_distance=0
reference_token0_blk1_routed prefetch expert_id=11 tensor=blk.1.ffn_down_exps.weight dependency_distance=2
expert_parity max_abs=0 max_rel=0 mean_abs=0 tolerance=1e-5
reference_token0_blk1_routed expert_id=11 consumer_wait=not_instrumented acquire_release=recorded peak_active=1622016 peak_resident=6029312
reference_token0_blk1_routed expert_rank=2 expert_id=50 router_rank=2 graph_created=YES graph_refs=gate:0,up:1,down:2 storage_ref_base=10150 score_preserved=YES
reference_token0_blk1_routed expert_id=50 selected_range tensor=blk.1.ffn_gate_exps.weight offset=131924448 bytes=563200 layout=DIRECT
reference_token0_blk1_routed expert_id=50 selected_range tensor=blk.1.ffn_up_exps.weight offset=167969264 bytes=563200 layout=DIRECT
reference_token0_blk1_routed expert_id=50 selected_range tensor=blk.1.ffn_down_exps.weight offset=256954880 bytes=1622016 layout=DIRECT
reference_token0_blk1_routed prefetch expert_id=50 tensor=blk.1.ffn_gate_exps.weight dependency_distance=0
reference_token0_blk1_routed prefetch expert_id=50 tensor=blk.1.ffn_up_exps.weight dependency_distance=0
reference_token0_blk1_routed prefetch expert_id=50 tensor=blk.1.ffn_down_exps.weight dependency_distance=2
expert_parity max_abs=0 max_rel=0 mean_abs=0 tolerance=1e-5
reference_token0_blk1_routed expert_id=50 consumer_wait=not_instrumented acquire_release=recorded peak_active=1622016 peak_resident=8245248
reference_token0_blk1_routed expert_rank=3 expert_id=34 router_rank=3 graph_created=YES graph_refs=gate:0,up:1,down:2 storage_ref_base=10102 score_preserved=YES
reference_token0_blk1_routed expert_id=34 selected_range tensor=blk.1.ffn_gate_exps.weight offset=122913248 bytes=563200 layout=DIRECT
reference_token0_blk1_routed expert_id=34 selected_range tensor=blk.1.ffn_up_exps.weight offset=158958064 bytes=563200 layout=DIRECT
reference_token0_blk1_routed expert_id=34 selected_range tensor=blk.1.ffn_down_exps.weight offset=231002624 bytes=1622016 layout=DIRECT
reference_token0_blk1_routed prefetch expert_id=34 tensor=blk.1.ffn_gate_exps.weight dependency_distance=0
reference_token0_blk1_routed prefetch expert_id=34 tensor=blk.1.ffn_up_exps.weight dependency_distance=0
reference_token0_blk1_routed prefetch expert_id=34 tensor=blk.1.ffn_down_exps.weight dependency_distance=2
expert_parity max_abs=0 max_rel=0 mean_abs=0 tolerance=1e-5
reference_token0_blk1_routed expert_id=34 consumer_wait=not_instrumented acquire_release=recorded peak_active=1622016 peak_resident=8245248
reference_token0_blk1_routed expert_rank=4 expert_id=3 router_rank=4 graph_created=YES graph_refs=gate:0,up:1,down:2 storage_ref_base=10009 score_preserved=YES
reference_token0_blk1_routed expert_id=3 selected_range tensor=blk.1.ffn_gate_exps.weight offset=105454048 bytes=563200 layout=DIRECT
reference_token0_blk1_routed expert_id=3 selected_range tensor=blk.1.ffn_up_exps.weight offset=141498864 bytes=563200 layout=DIRECT
reference_token0_blk1_routed expert_id=3 selected_range tensor=blk.1.ffn_down_exps.weight offset=180720128 bytes=1622016 layout=DIRECT
reference_token0_blk1_routed prefetch expert_id=3 tensor=blk.1.ffn_gate_exps.weight dependency_distance=0
reference_token0_blk1_routed prefetch expert_id=3 tensor=blk.1.ffn_up_exps.weight dependency_distance=0
reference_token0_blk1_routed prefetch expert_id=3 tensor=blk.1.ffn_down_exps.weight dependency_distance=2
expert_parity max_abs=0 max_rel=0 mean_abs=0 tolerance=1e-5
reference_token0_blk1_routed expert_id=3 consumer_wait=not_instrumented acquire_release=recorded peak_active=1622016 peak_resident=8245248
reference_token0_blk1_routed expert_rank=5 expert_id=47 router_rank=5 graph_created=YES graph_refs=gate:0,up:1,down:2 storage_ref_base=10141 score_preserved=YES
reference_token0_blk1_routed expert_id=47 selected_range tensor=blk.1.ffn_gate_exps.weight offset=130234848 bytes=563200 layout=DIRECT
reference_token0_blk1_routed expert_id=47 selected_range tensor=blk.1.ffn_up_exps.weight offset=166279664 bytes=563200 layout=DIRECT
reference_token0_blk1_routed expert_id=47 selected_range tensor=blk.1.ffn_down_exps.weight offset=252088832 bytes=1622016 layout=DIRECT
reference_token0_blk1_routed prefetch expert_id=47 tensor=blk.1.ffn_gate_exps.weight dependency_distance=0
reference_token0_blk1_routed prefetch expert_id=47 tensor=blk.1.ffn_up_exps.weight dependency_distance=0
reference_token0_blk1_routed prefetch expert_id=47 tensor=blk.1.ffn_down_exps.weight dependency_distance=2
expert_parity max_abs=0 max_rel=0 mean_abs=0 tolerance=1e-5
reference_token0_blk1_routed expert_id=47 consumer_wait=not_instrumented acquire_release=recorded peak_active=1622016 peak_resident=8245248
reference_token0_blk1_routed residency_hits=36 residency_misses=42 source_reads=18 materialization_requests=18 source_policy_calls=18 evictions=11 resident_tensors_after=9
routed_merge_parity max_abs=0 max_rel=0 mean_abs=0 tolerance=1e-5
shared_expert_parity max_abs=0 max_rel=0 mean_abs=0 tolerance=1e-5
pre_residual_composition_parity max_abs=0 max_rel=0 mean_abs=0 tolerance=1e-5
final_layer_parity max_abs=0 max_rel=0 mean_abs=0 tolerance=1e-5
reference_token0_blk1 shared_expert=REQUIRED shared_graph_created=YES residual_add=YES final_composition=PASS
ffn_timing tensor=blk.1.ffn_gate_inp.weight payload_ready_ns=5160833267566 first_consumer_start_ns=5160922260030 payload_to_first_consumer_ns=88992464
ffn_timing tensor=blk.1.ffn_gate_shexp.weight payload_ready_ns=5164954111090 first_consumer_start_ns=5165038727660 payload_to_first_consumer_ns=84616570
ffn_timing tensor=blk.1.ffn_gate_exps.weight payload_ready_ns=5161051014002 first_consumer_start_ns=5161137475708 payload_to_first_consumer_ns=86461706
reference_token0_blk1 full_layer_residency_hits=46 misses=51 evictions=17 source_reads=23 source_bytes=21168128 materialization_requests=23 resident_tensors_after=6
reference_token0_blk1 full_layer_peak_active_persistent_bytes=1892352 full_layer_peak_resident_bytes=8245248
reference_token0_blk1 first_payload_to_shared_compute_start_ns=4296153145 execution_ready_to_consumer_ns=NOT_INSTRUMENTED payload_to_first_useful_compute=NOT_INSTRUMENTED
token0_blk1_attention_parity max_abs=0 max_rel=0 mean_abs=0 tolerance=1e-5
token0_blk1_block_parity max_abs=0 max_rel=0 mean_abs=0 tolerance=1e-5
token0 block_handoff block=2 handoff_ns=25930 activation_copy_bytes=0
attention_timing tensor=blk.1.attn_norm.weight payload_ready_ns=5154416105948 first_consumer_start_ns=5165677555422 payload_to_first_consumer_ns=11261449474
attention_timing tensor=blk.1.attn_q.weight payload_ready_ns=5154628276790 first_consumer_start_ns=5165892346018 payload_to_first_consumer_ns=11264069228
attention_timing tensor=blk.1.attn_kv_a_mqa.weight payload_ready_ns=5154840915132 first_consumer_start_ns=5166105169218 payload_to_first_consumer_ns=11264254086
attention_timing tensor=blk.1.attn_kv_a_norm.weight payload_ready_ns=5155050521496 first_consumer_start_ns=5166318225768 payload_to_first_consumer_ns=11267704272
attention_timing tensor=blk.1.attn_kv_b.weight payload_ready_ns=5155262220896 first_consumer_start_ns=5166529286862 payload_to_first_consumer_ns=11267065966
attention_timing tensor=blk.1.attn_output.weight payload_ready_ns=5155470850817 first_consumer_start_ns=5166741586421 payload_to_first_consumer_ns=11270735604
token0_blk2 position=0 state_k_positions=1 state_v_positions=1 attention_probs=1,1,1,1,1,1,1,1,1,1,1,1,1,1,1,1,
reference_attention position=0 state_k_positions=1 state_v_positions=1 attention_probs=1,1,1,1,1,1,1,1,1,1,1,1,1,1,1,1,
normalized_input_parity max_abs=0 max_rel=0 mean_abs=0 tolerance=1e-5
router_score_parity max_abs=1.66893e-06 max_rel=5.85471e-06 mean_abs=4.32396e-07 tolerance=1e-5
selected_weight_parity max_abs=1.78814e-07 max_rel=1.10721e-06 mean_abs=1.16726e-07 tolerance=1e-5
token0_blk2 topk_ids=18,37,53,44,23,61 normalized_weights=0.364895,0.165983,0.145671,0.134583,0.100169,0.0887,
token0_blk2_routed expert_rank=0 expert_id=18 router_rank=0 graph_created=YES graph_refs=gate:0,up:1,down:2 storage_ref_base=20054 score_preserved=YES
token0_blk2_routed expert_id=18 selected_range tensor=blk.1.ffn_gate_exps.weight offset=296672936 bytes=563200 layout=DIRECT
token0_blk2_routed expert_id=18 selected_range tensor=blk.1.ffn_up_exps.weight offset=332717752 bytes=563200 layout=DIRECT
token0_blk2_routed expert_id=18 selected_range tensor=blk.1.ffn_down_exps.weight offset=387821256 bytes=1622016 layout=DIRECT
token0_blk2_routed prefetch expert_id=18 tensor=blk.1.ffn_gate_exps.weight dependency_distance=0
token0_blk2_routed prefetch expert_id=18 tensor=blk.1.ffn_up_exps.weight dependency_distance=0
token0_blk2_routed prefetch expert_id=18 tensor=blk.1.ffn_down_exps.weight dependency_distance=2
expert_parity max_abs=0 max_rel=0 mean_abs=0 tolerance=1e-5
token0_blk2_routed expert_id=18 consumer_wait=not_instrumented acquire_release=recorded peak_active=1622016 peak_resident=8133632
token0_blk2_routed expert_rank=1 expert_id=37 router_rank=1 graph_created=YES graph_refs=gate:0,up:1,down:2 storage_ref_base=20111 score_preserved=YES
token0_blk2_routed expert_id=37 selected_range tensor=blk.1.ffn_gate_exps.weight offset=307373736 bytes=563200 layout=DIRECT
token0_blk2_routed expert_id=37 selected_range tensor=blk.1.ffn_up_exps.weight offset=343418552 bytes=563200 layout=DIRECT
token0_blk2_routed expert_id=37 selected_range tensor=blk.1.ffn_down_exps.weight offset=418639560 bytes=1622016 layout=DIRECT
token0_blk2_routed prefetch expert_id=37 tensor=blk.1.ffn_gate_exps.weight dependency_distance=0
token0_blk2_routed prefetch expert_id=37 tensor=blk.1.ffn_up_exps.weight dependency_distance=0
token0_blk2_routed prefetch expert_id=37 tensor=blk.1.ffn_down_exps.weight dependency_distance=2
expert_parity max_abs=0 max_rel=0 mean_abs=0 tolerance=1e-5
token0_blk2_routed expert_id=37 consumer_wait=not_instrumented acquire_release=recorded peak_active=1622016 peak_resident=7752704
token0_blk2_routed expert_rank=2 expert_id=53 router_rank=2 graph_created=YES graph_refs=gate:0,up:1,down:2 storage_ref_base=20159 score_preserved=YES
token0_blk2_routed expert_id=53 selected_range tensor=blk.1.ffn_gate_exps.weight offset=316384936 bytes=563200 layout=DIRECT
token0_blk2_routed expert_id=53 selected_range tensor=blk.1.ffn_up_exps.weight offset=352429752 bytes=563200 layout=DIRECT
token0_blk2_routed expert_id=53 selected_range tensor=blk.1.ffn_down_exps.weight offset=444591816 bytes=1622016 layout=DIRECT
token0_blk2_routed prefetch expert_id=53 tensor=blk.1.ffn_gate_exps.weight dependency_distance=0
token0_blk2_routed prefetch expert_id=53 tensor=blk.1.ffn_up_exps.weight dependency_distance=0
token0_blk2_routed prefetch expert_id=53 tensor=blk.1.ffn_down_exps.weight dependency_distance=2
expert_parity max_abs=0 max_rel=0 mean_abs=0 tolerance=1e-5
token0_blk2_routed expert_id=53 consumer_wait=not_instrumented acquire_release=recorded peak_active=1622016 peak_resident=8245248
token0_blk2_routed expert_rank=3 expert_id=44 router_rank=3 graph_created=YES graph_refs=gate:0,up:1,down:2 storage_ref_base=20132 score_preserved=YES
token0_blk2_routed expert_id=44 selected_range tensor=blk.1.ffn_gate_exps.weight offset=311316136 bytes=563200 layout=DIRECT
token0_blk2_routed expert_id=44 selected_range tensor=blk.1.ffn_up_exps.weight offset=347360952 bytes=563200 layout=DIRECT
token0_blk2_routed expert_id=44 selected_range tensor=blk.1.ffn_down_exps.weight offset=429993672 bytes=1622016 layout=DIRECT
token0_blk2_routed prefetch expert_id=44 tensor=blk.1.ffn_gate_exps.weight dependency_distance=0
token0_blk2_routed prefetch expert_id=44 tensor=blk.1.ffn_up_exps.weight dependency_distance=0
token0_blk2_routed prefetch expert_id=44 tensor=blk.1.ffn_down_exps.weight dependency_distance=2
expert_parity max_abs=0 max_rel=0 mean_abs=0 tolerance=1e-5
token0_blk2_routed expert_id=44 consumer_wait=not_instrumented acquire_release=recorded peak_active=1622016 peak_resident=8245248
token0_blk2_routed expert_rank=4 expert_id=23 router_rank=4 graph_created=YES graph_refs=gate:0,up:1,down:2 storage_ref_base=20069 score_preserved=YES
token0_blk2_routed expert_id=23 selected_range tensor=blk.1.ffn_gate_exps.weight offset=299488936 bytes=563200 layout=DIRECT
token0_blk2_routed expert_id=23 selected_range tensor=blk.1.ffn_up_exps.weight offset=335533752 bytes=563200 layout=DIRECT
token0_blk2_routed expert_id=23 selected_range tensor=blk.1.ffn_down_exps.weight offset=395931336 bytes=1622016 layout=DIRECT
token0_blk2_routed prefetch expert_id=23 tensor=blk.1.ffn_gate_exps.weight dependency_distance=0
token0_blk2_routed prefetch expert_id=23 tensor=blk.1.ffn_up_exps.weight dependency_distance=0
token0_blk2_routed prefetch expert_id=23 tensor=blk.1.ffn_down_exps.weight dependency_distance=2
expert_parity max_abs=0 max_rel=0 mean_abs=0 tolerance=1e-5
token0_blk2_routed expert_id=23 consumer_wait=not_instrumented acquire_release=recorded peak_active=1622016 peak_resident=8245248
token0_blk2_routed expert_rank=5 expert_id=61 router_rank=5 graph_created=YES graph_refs=gate:0,up:1,down:2 storage_ref_base=20183 score_preserved=YES
token0_blk2_routed expert_id=61 selected_range tensor=blk.1.ffn_gate_exps.weight offset=320890536 bytes=563200 layout=DIRECT
token0_blk2_routed expert_id=61 selected_range tensor=blk.1.ffn_up_exps.weight offset=356935352 bytes=563200 layout=DIRECT
token0_blk2_routed expert_id=61 selected_range tensor=blk.1.ffn_down_exps.weight offset=457567944 bytes=1622016 layout=DIRECT
token0_blk2_routed prefetch expert_id=61 tensor=blk.1.ffn_gate_exps.weight dependency_distance=0
token0_blk2_routed prefetch expert_id=61 tensor=blk.1.ffn_up_exps.weight dependency_distance=0
token0_blk2_routed prefetch expert_id=61 tensor=blk.1.ffn_down_exps.weight dependency_distance=2
expert_parity max_abs=0 max_rel=0 mean_abs=0 tolerance=1e-5
token0_blk2_routed expert_id=61 consumer_wait=not_instrumented acquire_release=recorded peak_active=1622016 peak_resident=8245248
token0_blk2_routed residency_hits=36 residency_misses=42 source_reads=18 materialization_requests=18 source_policy_calls=18 evictions=20 resident_tensors_after=9
routed_merge_parity max_abs=0 max_rel=0 mean_abs=0 tolerance=1e-5
shared_expert_parity max_abs=0 max_rel=0 mean_abs=0 tolerance=1e-5
pre_residual_composition_parity max_abs=0 max_rel=0 mean_abs=0 tolerance=1e-5
final_layer_parity max_abs=0 max_rel=0 mean_abs=0 tolerance=1e-5
token0_blk2 shared_expert=REQUIRED shared_graph_created=YES residual_add=YES final_composition=PASS
ffn_timing tensor=blk.1.ffn_gate_inp.weight payload_ready_ns=5167085214788 first_consumer_start_ns=5167170017899 payload_to_first_consumer_ns=84803111
ffn_timing tensor=blk.1.ffn_gate_shexp.weight payload_ready_ns=5171225077593 first_consumer_start_ns=5171311005307 payload_to_first_consumer_ns=85927714
ffn_timing tensor=blk.1.ffn_gate_exps.weight payload_ready_ns=5167299584142 first_consumer_start_ns=5167384675053 payload_to_first_consumer_ns=85090911
token0_blk2 full_layer_residency_hits=46 misses=51 evictions=24 source_reads=23 source_bytes=20402176 materialization_requests=23 resident_tensors_after=8
token0_blk2 full_layer_peak_active_persistent_bytes=1622016 full_layer_peak_resident_bytes=8312832
token0_blk2 first_payload_to_shared_compute_start_ns=4309604257 execution_ready_to_consumer_ns=NOT_INSTRUMENTED payload_to_first_useful_compute=NOT_INSTRUMENTED
normalized_input_parity max_abs=0 max_rel=0 mean_abs=0 tolerance=1e-5
router_score_parity max_abs=1.66893e-06 max_rel=5.85471e-06 mean_abs=4.32396e-07 tolerance=1e-5
selected_weight_parity max_abs=1.78814e-07 max_rel=1.10721e-06 mean_abs=1.16726e-07 tolerance=1e-5
reference_token0_blk2 topk_ids=18,37,53,44,23,61 normalized_weights=0.364895,0.165983,0.145671,0.134583,0.100169,0.0887,
reference_token0_blk2_routed expert_rank=0 expert_id=18 router_rank=0 graph_created=YES graph_refs=gate:0,up:1,down:2 storage_ref_base=20054 score_preserved=YES
reference_token0_blk2_routed expert_id=18 selected_range tensor=blk.1.ffn_gate_exps.weight offset=296672936 bytes=563200 layout=DIRECT
reference_token0_blk2_routed expert_id=18 selected_range tensor=blk.1.ffn_up_exps.weight offset=332717752 bytes=563200 layout=DIRECT
reference_token0_blk2_routed expert_id=18 selected_range tensor=blk.1.ffn_down_exps.weight offset=387821256 bytes=1622016 layout=DIRECT
reference_token0_blk2_routed prefetch expert_id=18 tensor=blk.1.ffn_gate_exps.weight dependency_distance=0
reference_token0_blk2_routed prefetch expert_id=18 tensor=blk.1.ffn_up_exps.weight dependency_distance=0
reference_token0_blk2_routed prefetch expert_id=18 tensor=blk.1.ffn_down_exps.weight dependency_distance=2
expert_parity max_abs=0 max_rel=0 mean_abs=0 tolerance=1e-5
reference_token0_blk2_routed expert_id=18 consumer_wait=not_instrumented acquire_release=recorded peak_active=1622016 peak_resident=3280896
reference_token0_blk2_routed expert_rank=1 expert_id=37 router_rank=1 graph_created=YES graph_refs=gate:0,up:1,down:2 storage_ref_base=20111 score_preserved=YES
reference_token0_blk2_routed expert_id=37 selected_range tensor=blk.1.ffn_gate_exps.weight offset=307373736 bytes=563200 layout=DIRECT
reference_token0_blk2_routed expert_id=37 selected_range tensor=blk.1.ffn_up_exps.weight offset=343418552 bytes=563200 layout=DIRECT
reference_token0_blk2_routed expert_id=37 selected_range tensor=blk.1.ffn_down_exps.weight offset=418639560 bytes=1622016 layout=DIRECT
reference_token0_blk2_routed prefetch expert_id=37 tensor=blk.1.ffn_gate_exps.weight dependency_distance=0
reference_token0_blk2_routed prefetch expert_id=37 tensor=blk.1.ffn_up_exps.weight dependency_distance=0
reference_token0_blk2_routed prefetch expert_id=37 tensor=blk.1.ffn_down_exps.weight dependency_distance=2
expert_parity max_abs=0 max_rel=0 mean_abs=0 tolerance=1e-5
reference_token0_blk2_routed expert_id=37 consumer_wait=not_instrumented acquire_release=recorded peak_active=1622016 peak_resident=6029312
reference_token0_blk2_routed expert_rank=2 expert_id=53 router_rank=2 graph_created=YES graph_refs=gate:0,up:1,down:2 storage_ref_base=20159 score_preserved=YES
reference_token0_blk2_routed expert_id=53 selected_range tensor=blk.1.ffn_gate_exps.weight offset=316384936 bytes=563200 layout=DIRECT
reference_token0_blk2_routed expert_id=53 selected_range tensor=blk.1.ffn_up_exps.weight offset=352429752 bytes=563200 layout=DIRECT
reference_token0_blk2_routed expert_id=53 selected_range tensor=blk.1.ffn_down_exps.weight offset=444591816 bytes=1622016 layout=DIRECT
reference_token0_blk2_routed prefetch expert_id=53 tensor=blk.1.ffn_gate_exps.weight dependency_distance=0
reference_token0_blk2_routed prefetch expert_id=53 tensor=blk.1.ffn_up_exps.weight dependency_distance=0
reference_token0_blk2_routed prefetch expert_id=53 tensor=blk.1.ffn_down_exps.weight dependency_distance=2
expert_parity max_abs=0 max_rel=0 mean_abs=0 tolerance=1e-5
reference_token0_blk2_routed expert_id=53 consumer_wait=not_instrumented acquire_release=recorded peak_active=1622016 peak_resident=8245248
reference_token0_blk2_routed expert_rank=3 expert_id=44 router_rank=3 graph_created=YES graph_refs=gate:0,up:1,down:2 storage_ref_base=20132 score_preserved=YES
reference_token0_blk2_routed expert_id=44 selected_range tensor=blk.1.ffn_gate_exps.weight offset=311316136 bytes=563200 layout=DIRECT
reference_token0_blk2_routed expert_id=44 selected_range tensor=blk.1.ffn_up_exps.weight offset=347360952 bytes=563200 layout=DIRECT
reference_token0_blk2_routed expert_id=44 selected_range tensor=blk.1.ffn_down_exps.weight offset=429993672 bytes=1622016 layout=DIRECT
reference_token0_blk2_routed prefetch expert_id=44 tensor=blk.1.ffn_gate_exps.weight dependency_distance=0
reference_token0_blk2_routed prefetch expert_id=44 tensor=blk.1.ffn_up_exps.weight dependency_distance=0
reference_token0_blk2_routed prefetch expert_id=44 tensor=blk.1.ffn_down_exps.weight dependency_distance=2
expert_parity max_abs=0 max_rel=0 mean_abs=0 tolerance=1e-5
reference_token0_blk2_routed expert_id=44 consumer_wait=not_instrumented acquire_release=recorded peak_active=1622016 peak_resident=8245248
reference_token0_blk2_routed expert_rank=4 expert_id=23 router_rank=4 graph_created=YES graph_refs=gate:0,up:1,down:2 storage_ref_base=20069 score_preserved=YES
reference_token0_blk2_routed expert_id=23 selected_range tensor=blk.1.ffn_gate_exps.weight offset=299488936 bytes=563200 layout=DIRECT
reference_token0_blk2_routed expert_id=23 selected_range tensor=blk.1.ffn_up_exps.weight offset=335533752 bytes=563200 layout=DIRECT
reference_token0_blk2_routed expert_id=23 selected_range tensor=blk.1.ffn_down_exps.weight offset=395931336 bytes=1622016 layout=DIRECT
reference_token0_blk2_routed prefetch expert_id=23 tensor=blk.1.ffn_gate_exps.weight dependency_distance=0
reference_token0_blk2_routed prefetch expert_id=23 tensor=blk.1.ffn_up_exps.weight dependency_distance=0
reference_token0_blk2_routed prefetch expert_id=23 tensor=blk.1.ffn_down_exps.weight dependency_distance=2
expert_parity max_abs=0 max_rel=0 mean_abs=0 tolerance=1e-5
reference_token0_blk2_routed expert_id=23 consumer_wait=not_instrumented acquire_release=recorded peak_active=1622016 peak_resident=8245248
reference_token0_blk2_routed expert_rank=5 expert_id=61 router_rank=5 graph_created=YES graph_refs=gate:0,up:1,down:2 storage_ref_base=20183 score_preserved=YES
reference_token0_blk2_routed expert_id=61 selected_range tensor=blk.1.ffn_gate_exps.weight offset=320890536 bytes=563200 layout=DIRECT
reference_token0_blk2_routed expert_id=61 selected_range tensor=blk.1.ffn_up_exps.weight offset=356935352 bytes=563200 layout=DIRECT
reference_token0_blk2_routed expert_id=61 selected_range tensor=blk.1.ffn_down_exps.weight offset=457567944 bytes=1622016 layout=DIRECT
reference_token0_blk2_routed prefetch expert_id=61 tensor=blk.1.ffn_gate_exps.weight dependency_distance=0
reference_token0_blk2_routed prefetch expert_id=61 tensor=blk.1.ffn_up_exps.weight dependency_distance=0
reference_token0_blk2_routed prefetch expert_id=61 tensor=blk.1.ffn_down_exps.weight dependency_distance=2
expert_parity max_abs=0 max_rel=0 mean_abs=0 tolerance=1e-5
reference_token0_blk2_routed expert_id=61 consumer_wait=not_instrumented acquire_release=recorded peak_active=1622016 peak_resident=8245248
reference_token0_blk2_routed residency_hits=36 residency_misses=42 source_reads=18 materialization_requests=18 source_policy_calls=18 evictions=11 resident_tensors_after=9
routed_merge_parity max_abs=0 max_rel=0 mean_abs=0 tolerance=1e-5
shared_expert_parity max_abs=0 max_rel=0 mean_abs=0 tolerance=1e-5
pre_residual_composition_parity max_abs=0 max_rel=0 mean_abs=0 tolerance=1e-5
final_layer_parity max_abs=0 max_rel=0 mean_abs=0 tolerance=1e-5
reference_token0_blk2 shared_expert=REQUIRED shared_graph_created=YES residual_add=YES final_composition=PASS
ffn_timing tensor=blk.1.ffn_gate_inp.weight payload_ready_ns=5172096883357 first_consumer_start_ns=5172183243151 payload_to_first_consumer_ns=86359794
ffn_timing tensor=blk.1.ffn_gate_shexp.weight payload_ready_ns=5176203631816 first_consumer_start_ns=5176290042301 payload_to_first_consumer_ns=86410485
ffn_timing tensor=blk.1.ffn_gate_exps.weight payload_ready_ns=5172313005304 first_consumer_start_ns=5172399842361 payload_to_first_consumer_ns=86837057
reference_token0_blk2 full_layer_residency_hits=46 misses=51 evictions=15 source_reads=23 source_bytes=20402176 materialization_requests=23 resident_tensors_after=8
reference_token0_blk2 full_layer_peak_active_persistent_bytes=1622016 full_layer_peak_resident_bytes=8312832
reference_token0_blk2 first_payload_to_shared_compute_start_ns=4281907417 execution_ready_to_consumer_ns=NOT_INSTRUMENTED payload_to_first_useful_compute=NOT_INSTRUMENTED
token0_blk2_attention_parity max_abs=0 max_rel=0 mean_abs=0 tolerance=1e-5
token0_blk2_block_parity max_abs=0 max_rel=0 mean_abs=0 tolerance=1e-5
token0 block_handoff block=3 handoff_ns=31670 activation_copy_bytes=0
attention_timing tensor=blk.1.attn_norm.weight payload_ready_ns=5154416105948 first_consumer_start_ns=5176940489477 payload_to_first_consumer_ns=22524383529
attention_timing tensor=blk.1.attn_q.weight payload_ready_ns=5154628276790 first_consumer_start_ns=5177157109204 payload_to_first_consumer_ns=22528832414
attention_timing tensor=blk.1.attn_kv_a_mqa.weight payload_ready_ns=5154840915132 first_consumer_start_ns=5177371631085 payload_to_first_consumer_ns=22530715953
attention_timing tensor=blk.1.attn_kv_a_norm.weight payload_ready_ns=5155050521496 first_consumer_start_ns=5177591944994 payload_to_first_consumer_ns=22541423498
attention_timing tensor=blk.1.attn_kv_b.weight payload_ready_ns=5155262220896 first_consumer_start_ns=5177815366872 payload_to_first_consumer_ns=22553145976
attention_timing tensor=blk.1.attn_output.weight payload_ready_ns=5155470850817 first_consumer_start_ns=5178036523033 payload_to_first_consumer_ns=22565672216
token0_blk3 position=0 state_k_positions=1 state_v_positions=1 attention_probs=1,1,1,1,1,1,1,1,1,1,1,1,1,1,1,1,
reference_attention position=0 state_k_positions=1 state_v_positions=1 attention_probs=1,1,1,1,1,1,1,1,1,1,1,1,1,1,1,1,
normalized_input_parity max_abs=0 max_rel=0 mean_abs=0 tolerance=1e-5
router_score_parity max_abs=2.14577e-06 max_rel=1.87992e-05 mean_abs=3.23213e-07 tolerance=1e-5
selected_weight_parity max_abs=1.19209e-07 max_rel=9.10917e-07 mean_abs=6.95388e-08 tolerance=1e-5
token0_blk3 topk_ids=60,2,19,35,9,53 normalized_weights=0.298484,0.190562,0.142057,0.131884,0.122504,0.114509,
token0_blk3_routed expert_rank=0 expert_id=60 router_rank=0 graph_created=YES graph_refs=gate:0,up:1,down:2 storage_ref_base=30180 score_preserved=YES
token0_blk3_routed expert_id=60 selected_range tensor=blk.1.ffn_gate_exps.weight offset=503098224 bytes=563200 layout=DIRECT
token0_blk3_routed expert_id=60 selected_range tensor=blk.1.ffn_up_exps.weight offset=539143040 bytes=563200 layout=DIRECT
token0_blk3_routed expert_id=60 selected_range tensor=blk.1.ffn_down_exps.weight offset=638716816 bytes=1622016 layout=DIRECT
token0_blk3_routed prefetch expert_id=60 tensor=blk.1.ffn_gate_exps.weight dependency_distance=0
token0_blk3_routed prefetch expert_id=60 tensor=blk.1.ffn_up_exps.weight dependency_distance=0
token0_blk3_routed prefetch expert_id=60 tensor=blk.1.ffn_down_exps.weight dependency_distance=2
expert_parity max_abs=0 max_rel=0 mean_abs=0 tolerance=1e-5
token0_blk3_routed expert_id=60 consumer_wait=not_instrumented acquire_release=recorded peak_active=1622016 peak_resident=7367680
token0_blk3_routed expert_rank=1 expert_id=2 router_rank=1 graph_created=YES graph_refs=gate:0,up:1,down:2 storage_ref_base=30006 score_preserved=YES
token0_blk3_routed expert_id=2 selected_range tensor=blk.1.ffn_gate_exps.weight offset=470432624 bytes=563200 layout=DIRECT
token0_blk3_routed expert_id=2 selected_range tensor=blk.1.ffn_up_exps.weight offset=506477440 bytes=563200 layout=DIRECT
token0_blk3_routed expert_id=2 selected_range tensor=blk.1.ffn_down_exps.weight offset=544639888 bytes=1622016 layout=DIRECT
token0_blk3_routed prefetch expert_id=2 tensor=blk.1.ffn_gate_exps.weight dependency_distance=0
token0_blk3_routed prefetch expert_id=2 tensor=blk.1.ffn_up_exps.weight dependency_distance=0
token0_blk3_routed prefetch expert_id=2 tensor=blk.1.ffn_down_exps.weight dependency_distance=2
expert_parity max_abs=0 max_rel=0 mean_abs=0 tolerance=1e-5
token0_blk3_routed expert_id=2 consumer_wait=not_instrumented acquire_release=recorded peak_active=1622016 peak_resident=7752704
token0_blk3_routed expert_rank=2 expert_id=19 router_rank=2 graph_created=YES graph_refs=gate:0,up:1,down:2 storage_ref_base=30057 score_preserved=YES
token0_blk3_routed expert_id=19 selected_range tensor=blk.1.ffn_gate_exps.weight offset=480007024 bytes=563200 layout=DIRECT
token0_blk3_routed expert_id=19 selected_range tensor=blk.1.ffn_up_exps.weight offset=516051840 bytes=563200 layout=DIRECT
token0_blk3_routed expert_id=19 selected_range tensor=blk.1.ffn_down_exps.weight offset=572214160 bytes=1622016 layout=DIRECT
token0_blk3_routed prefetch expert_id=19 tensor=blk.1.ffn_gate_exps.weight dependency_distance=0
token0_blk3_routed prefetch expert_id=19 tensor=blk.1.ffn_up_exps.weight dependency_distance=0
token0_blk3_routed prefetch expert_id=19 tensor=blk.1.ffn_down_exps.weight dependency_distance=2
expert_parity max_abs=0 max_rel=0 mean_abs=0 tolerance=1e-5
token0_blk3_routed expert_id=19 consumer_wait=not_instrumented acquire_release=recorded peak_active=1622016 peak_resident=8245248
token0_blk3_routed expert_rank=3 expert_id=35 router_rank=3 graph_created=YES graph_refs=gate:0,up:1,down:2 storage_ref_base=30105 score_preserved=YES
token0_blk3_routed expert_id=35 selected_range tensor=blk.1.ffn_gate_exps.weight offset=489018224 bytes=563200 layout=DIRECT
token0_blk3_routed expert_id=35 selected_range tensor=blk.1.ffn_up_exps.weight offset=525063040 bytes=563200 layout=DIRECT
token0_blk3_routed expert_id=35 selected_range tensor=blk.1.ffn_down_exps.weight offset=598166416 bytes=1622016 layout=DIRECT
token0_blk3_routed prefetch expert_id=35 tensor=blk.1.ffn_gate_exps.weight dependency_distance=0
token0_blk3_routed prefetch expert_id=35 tensor=blk.1.ffn_up_exps.weight dependency_distance=0
token0_blk3_routed prefetch expert_id=35 tensor=blk.1.ffn_down_exps.weight dependency_distance=2
expert_parity max_abs=0 max_rel=0 mean_abs=0 tolerance=1e-5
token0_blk3_routed expert_id=35 consumer_wait=not_instrumented acquire_release=recorded peak_active=1622016 peak_resident=8245248
token0_blk3_routed expert_rank=4 expert_id=9 router_rank=4 graph_created=YES graph_refs=gate:0,up:1,down:2 storage_ref_base=30027 score_preserved=YES
token0_blk3_routed expert_id=9 selected_range tensor=blk.1.ffn_gate_exps.weight offset=474375024 bytes=563200 layout=DIRECT
token0_blk3_routed expert_id=9 selected_range tensor=blk.1.ffn_up_exps.weight offset=510419840 bytes=563200 layout=DIRECT
token0_blk3_routed expert_id=9 selected_range tensor=blk.1.ffn_down_exps.weight offset=555994000 bytes=1622016 layout=DIRECT
token0_blk3_routed prefetch expert_id=9 tensor=blk.1.ffn_gate_exps.weight dependency_distance=0
token0_blk3_routed prefetch expert_id=9 tensor=blk.1.ffn_up_exps.weight dependency_distance=0
token0_blk3_routed prefetch expert_id=9 tensor=blk.1.ffn_down_exps.weight dependency_distance=2
expert_parity max_abs=0 max_rel=0 mean_abs=0 tolerance=1e-5
token0_blk3_routed expert_id=9 consumer_wait=not_instrumented acquire_release=recorded peak_active=1622016 peak_resident=8245248
token0_blk3_routed expert_rank=5 expert_id=53 router_rank=5 graph_created=YES graph_refs=gate:0,up:1,down:2 storage_ref_base=30159 score_preserved=YES
token0_blk3_routed expert_id=53 selected_range tensor=blk.1.ffn_gate_exps.weight offset=499155824 bytes=563200 layout=DIRECT
token0_blk3_routed expert_id=53 selected_range tensor=blk.1.ffn_up_exps.weight offset=535200640 bytes=563200 layout=DIRECT
token0_blk3_routed expert_id=53 selected_range tensor=blk.1.ffn_down_exps.weight offset=627362704 bytes=1622016 layout=DIRECT
token0_blk3_routed prefetch expert_id=53 tensor=blk.1.ffn_gate_exps.weight dependency_distance=0
token0_blk3_routed prefetch expert_id=53 tensor=blk.1.ffn_up_exps.weight dependency_distance=0
token0_blk3_routed prefetch expert_id=53 tensor=blk.1.ffn_down_exps.weight dependency_distance=2
expert_parity max_abs=0 max_rel=0 mean_abs=0 tolerance=1e-5
token0_blk3_routed expert_id=53 consumer_wait=not_instrumented acquire_release=recorded peak_active=1622016 peak_resident=8245248
token0_blk3_routed residency_hits=36 residency_misses=42 source_reads=18 materialization_requests=18 source_policy_calls=18 evictions=20 resident_tensors_after=9
routed_merge_parity max_abs=0 max_rel=0 mean_abs=0 tolerance=1e-5
shared_expert_parity max_abs=0 max_rel=0 mean_abs=0 tolerance=1e-5
pre_residual_composition_parity max_abs=0 max_rel=0 mean_abs=0 tolerance=1e-5
final_layer_parity max_abs=0 max_rel=0 mean_abs=0 tolerance=1e-5
token0_blk3 shared_expert=REQUIRED shared_graph_created=YES residual_add=YES final_composition=PASS
ffn_timing tensor=blk.1.ffn_gate_inp.weight payload_ready_ns=5178383294973 first_consumer_start_ns=5178471632493 payload_to_first_consumer_ns=88337520
ffn_timing tensor=blk.1.ffn_gate_shexp.weight payload_ready_ns=5182541364999 first_consumer_start_ns=5182627064302 payload_to_first_consumer_ns=85699303
ffn_timing tensor=blk.1.ffn_gate_exps.weight payload_ready_ns=5178604954226 first_consumer_start_ns=5178690850649 payload_to_first_consumer_ns=85896423
token0_blk3 full_layer_residency_hits=46 misses=51 evictions=25 source_reads=23 source_bytes=20402176 materialization_requests=23 resident_tensors_after=8
token0_blk3 full_layer_peak_active_persistent_bytes=1622016 full_layer_peak_resident_bytes=8312832
token0_blk3 first_payload_to_shared_compute_start_ns=4328185377 execution_ready_to_consumer_ns=NOT_INSTRUMENTED payload_to_first_useful_compute=NOT_INSTRUMENTED
normalized_input_parity max_abs=0 max_rel=0 mean_abs=0 tolerance=1e-5
router_score_parity max_abs=2.14577e-06 max_rel=1.87992e-05 mean_abs=3.23213e-07 tolerance=1e-5
selected_weight_parity max_abs=1.19209e-07 max_rel=9.10917e-07 mean_abs=6.95388e-08 tolerance=1e-5
reference_token0_blk3 topk_ids=60,2,19,35,9,53 normalized_weights=0.298484,0.190562,0.142057,0.131884,0.122504,0.114509,
reference_token0_blk3_routed expert_rank=0 expert_id=60 router_rank=0 graph_created=YES graph_refs=gate:0,up:1,down:2 storage_ref_base=30180 score_preserved=YES
reference_token0_blk3_routed expert_id=60 selected_range tensor=blk.1.ffn_gate_exps.weight offset=503098224 bytes=563200 layout=DIRECT
reference_token0_blk3_routed expert_id=60 selected_range tensor=blk.1.ffn_up_exps.weight offset=539143040 bytes=563200 layout=DIRECT
reference_token0_blk3_routed expert_id=60 selected_range tensor=blk.1.ffn_down_exps.weight offset=638716816 bytes=1622016 layout=DIRECT
reference_token0_blk3_routed prefetch expert_id=60 tensor=blk.1.ffn_gate_exps.weight dependency_distance=0
reference_token0_blk3_routed prefetch expert_id=60 tensor=blk.1.ffn_up_exps.weight dependency_distance=0
reference_token0_blk3_routed prefetch expert_id=60 tensor=blk.1.ffn_down_exps.weight dependency_distance=2
expert_parity max_abs=0 max_rel=0 mean_abs=0 tolerance=1e-5
reference_token0_blk3_routed expert_id=60 consumer_wait=not_instrumented acquire_release=recorded peak_active=1622016 peak_resident=3280896
reference_token0_blk3_routed expert_rank=1 expert_id=2 router_rank=1 graph_created=YES graph_refs=gate:0,up:1,down:2 storage_ref_base=30006 score_preserved=YES
reference_token0_blk3_routed expert_id=2 selected_range tensor=blk.1.ffn_gate_exps.weight offset=470432624 bytes=563200 layout=DIRECT
reference_token0_blk3_routed expert_id=2 selected_range tensor=blk.1.ffn_up_exps.weight offset=506477440 bytes=563200 layout=DIRECT
reference_token0_blk3_routed expert_id=2 selected_range tensor=blk.1.ffn_down_exps.weight offset=544639888 bytes=1622016 layout=DIRECT
reference_token0_blk3_routed prefetch expert_id=2 tensor=blk.1.ffn_gate_exps.weight dependency_distance=0
reference_token0_blk3_routed prefetch expert_id=2 tensor=blk.1.ffn_up_exps.weight dependency_distance=0
reference_token0_blk3_routed prefetch expert_id=2 tensor=blk.1.ffn_down_exps.weight dependency_distance=2
expert_parity max_abs=0 max_rel=0 mean_abs=0 tolerance=1e-5
reference_token0_blk3_routed expert_id=2 consumer_wait=not_instrumented acquire_release=recorded peak_active=1622016 peak_resident=6029312
reference_token0_blk3_routed expert_rank=2 expert_id=19 router_rank=2 graph_created=YES graph_refs=gate:0,up:1,down:2 storage_ref_base=30057 score_preserved=YES
reference_token0_blk3_routed expert_id=19 selected_range tensor=blk.1.ffn_gate_exps.weight offset=480007024 bytes=563200 layout=DIRECT
reference_token0_blk3_routed expert_id=19 selected_range tensor=blk.1.ffn_up_exps.weight offset=516051840 bytes=563200 layout=DIRECT
reference_token0_blk3_routed expert_id=19 selected_range tensor=blk.1.ffn_down_exps.weight offset=572214160 bytes=1622016 layout=DIRECT
reference_token0_blk3_routed prefetch expert_id=19 tensor=blk.1.ffn_gate_exps.weight dependency_distance=0
reference_token0_blk3_routed prefetch expert_id=19 tensor=blk.1.ffn_up_exps.weight dependency_distance=0
reference_token0_blk3_routed prefetch expert_id=19 tensor=blk.1.ffn_down_exps.weight dependency_distance=2
expert_parity max_abs=0 max_rel=0 mean_abs=0 tolerance=1e-5
reference_token0_blk3_routed expert_id=19 consumer_wait=not_instrumented acquire_release=recorded peak_active=1622016 peak_resident=8245248
reference_token0_blk3_routed expert_rank=3 expert_id=35 router_rank=3 graph_created=YES graph_refs=gate:0,up:1,down:2 storage_ref_base=30105 score_preserved=YES
reference_token0_blk3_routed expert_id=35 selected_range tensor=blk.1.ffn_gate_exps.weight offset=489018224 bytes=563200 layout=DIRECT
reference_token0_blk3_routed expert_id=35 selected_range tensor=blk.1.ffn_up_exps.weight offset=525063040 bytes=563200 layout=DIRECT
reference_token0_blk3_routed expert_id=35 selected_range tensor=blk.1.ffn_down_exps.weight offset=598166416 bytes=1622016 layout=DIRECT
reference_token0_blk3_routed prefetch expert_id=35 tensor=blk.1.ffn_gate_exps.weight dependency_distance=0
reference_token0_blk3_routed prefetch expert_id=35 tensor=blk.1.ffn_up_exps.weight dependency_distance=0
reference_token0_blk3_routed prefetch expert_id=35 tensor=blk.1.ffn_down_exps.weight dependency_distance=2
expert_parity max_abs=0 max_rel=0 mean_abs=0 tolerance=1e-5
reference_token0_blk3_routed expert_id=35 consumer_wait=not_instrumented acquire_release=recorded peak_active=1622016 peak_resident=8245248
reference_token0_blk3_routed expert_rank=4 expert_id=9 router_rank=4 graph_created=YES graph_refs=gate:0,up:1,down:2 storage_ref_base=30027 score_preserved=YES
reference_token0_blk3_routed expert_id=9 selected_range tensor=blk.1.ffn_gate_exps.weight offset=474375024 bytes=563200 layout=DIRECT
reference_token0_blk3_routed expert_id=9 selected_range tensor=blk.1.ffn_up_exps.weight offset=510419840 bytes=563200 layout=DIRECT
reference_token0_blk3_routed expert_id=9 selected_range tensor=blk.1.ffn_down_exps.weight offset=555994000 bytes=1622016 layout=DIRECT
reference_token0_blk3_routed prefetch expert_id=9 tensor=blk.1.ffn_gate_exps.weight dependency_distance=0
reference_token0_blk3_routed prefetch expert_id=9 tensor=blk.1.ffn_up_exps.weight dependency_distance=0
reference_token0_blk3_routed prefetch expert_id=9 tensor=blk.1.ffn_down_exps.weight dependency_distance=2
expert_parity max_abs=0 max_rel=0 mean_abs=0 tolerance=1e-5
reference_token0_blk3_routed expert_id=9 consumer_wait=not_instrumented acquire_release=recorded peak_active=1622016 peak_resident=8245248
reference_token0_blk3_routed expert_rank=5 expert_id=53 router_rank=5 graph_created=YES graph_refs=gate:0,up:1,down:2 storage_ref_base=30159 score_preserved=YES
reference_token0_blk3_routed expert_id=53 selected_range tensor=blk.1.ffn_gate_exps.weight offset=499155824 bytes=563200 layout=DIRECT
reference_token0_blk3_routed expert_id=53 selected_range tensor=blk.1.ffn_up_exps.weight offset=535200640 bytes=563200 layout=DIRECT
reference_token0_blk3_routed expert_id=53 selected_range tensor=blk.1.ffn_down_exps.weight offset=627362704 bytes=1622016 layout=DIRECT
reference_token0_blk3_routed prefetch expert_id=53 tensor=blk.1.ffn_gate_exps.weight dependency_distance=0
reference_token0_blk3_routed prefetch expert_id=53 tensor=blk.1.ffn_up_exps.weight dependency_distance=0
reference_token0_blk3_routed prefetch expert_id=53 tensor=blk.1.ffn_down_exps.weight dependency_distance=2
expert_parity max_abs=0 max_rel=0 mean_abs=0 tolerance=1e-5
reference_token0_blk3_routed expert_id=53 consumer_wait=not_instrumented acquire_release=recorded peak_active=1622016 peak_resident=8245248
reference_token0_blk3_routed residency_hits=36 residency_misses=42 source_reads=18 materialization_requests=18 source_policy_calls=18 evictions=11 resident_tensors_after=9
routed_merge_parity max_abs=0 max_rel=0 mean_abs=0 tolerance=1e-5
shared_expert_parity max_abs=0 max_rel=0 mean_abs=0 tolerance=1e-5
pre_residual_composition_parity max_abs=0 max_rel=0 mean_abs=0 tolerance=1e-5
final_layer_parity max_abs=0 max_rel=0 mean_abs=0 tolerance=1e-5
reference_token0_blk3 shared_expert=REQUIRED shared_graph_created=YES residual_add=YES final_composition=PASS
ffn_timing tensor=blk.1.ffn_gate_inp.weight payload_ready_ns=5183443937350 first_consumer_start_ns=5183534109375 payload_to_first_consumer_ns=90172025
ffn_timing tensor=blk.1.ffn_gate_shexp.weight payload_ready_ns=5187612703160 first_consumer_start_ns=5187699672825 payload_to_first_consumer_ns=86969665
ffn_timing tensor=blk.1.ffn_gate_exps.weight payload_ready_ns=5183665369471 first_consumer_start_ns=5183752727337 payload_to_first_consumer_ns=87357866
reference_token0_blk3 full_layer_residency_hits=46 misses=51 evictions=15 source_reads=23 source_bytes=20402176 materialization_requests=23 resident_tensors_after=8
reference_token0_blk3 full_layer_peak_active_persistent_bytes=1622016 full_layer_peak_resident_bytes=8312832
reference_token0_blk3 first_payload_to_shared_compute_start_ns=4369966751 execution_ready_to_consumer_ns=NOT_INSTRUMENTED payload_to_first_useful_compute=NOT_INSTRUMENTED
token0_blk3_attention_parity max_abs=0 max_rel=0 mean_abs=0 tolerance=1e-5
token0_blk3_block_parity max_abs=0 max_rel=0 mean_abs=0 tolerance=1e-5
attention_timing tensor=blk.1.attn_norm.weight payload_ready_ns=5154416105948 first_consumer_start_ns=5188353540721 payload_to_first_consumer_ns=33937434773
attention_timing tensor=blk.1.attn_q.weight payload_ready_ns=5154628276790 first_consumer_start_ns=5188569706565 payload_to_first_consumer_ns=33941429775
attention_timing tensor=blk.1.attn_kv_a_mqa.weight payload_ready_ns=5154840915132 first_consumer_start_ns=5188790693922 payload_to_first_consumer_ns=33949778790
attention_timing tensor=blk.1.attn_kv_a_norm.weight payload_ready_ns=5155050521496 first_consumer_start_ns=5189017556766 payload_to_first_consumer_ns=33967035270
attention_timing tensor=blk.1.attn_kv_b.weight payload_ready_ns=5155262220896 first_consumer_start_ns=5189239598447 payload_to_first_consumer_ns=33977377551
attention_timing tensor=blk.1.attn_output.weight payload_ready_ns=5155470850817 first_consumer_start_ns=5189460030822 payload_to_first_consumer_ns=33989180005
token1_blk1 position=1 state_k_positions=2 state_v_positions=2 attention_probs=0.327327,0.672673,0.410489,0.589511,0.566064,0.433936,0.327192,0.672808,0.932766,0.0672338,0.599507,0.400493,0.505362,0.494638,0.744735,0.255265,0.50687,0.49313,0.00836671,0.991633,0.754869,0.245131,0.650014,0.349986,0.537805,0.462195,0.554964,0.445036,0.523342,0.476658,0.56235,0.43765,
reference_attention position=1 state_k_positions=2 state_v_positions=2 attention_probs=0.327327,0.672673,0.410489,0.589511,0.566064,0.433936,0.327192,0.672808,0.932766,0.0672338,0.599507,0.400493,0.505362,0.494638,0.744735,0.255265,0.50687,0.49313,0.00836671,0.991633,0.754869,0.245131,0.650014,0.349986,0.537805,0.462195,0.554964,0.445036,0.523342,0.476658,0.56235,0.43765,
normalized_input_parity max_abs=0 max_rel=0 mean_abs=0 tolerance=1e-5
router_score_parity max_abs=2.86102e-06 max_rel=5.82025e-06 mean_abs=3.96627e-07 tolerance=1e-5
selected_weight_parity max_abs=2.38419e-07 max_rel=1.73796e-06 mean_abs=1.21693e-07 tolerance=1e-5
token1_blk1 topk_ids=56,29,11,3,50,26 normalized_weights=0.431742,0.24147,0.103862,0.0857397,0.0713288,0.0658583,
token1_blk1_routed expert_rank=0 expert_id=56 router_rank=0 graph_created=YES graph_refs=gate:0,up:1,down:2 storage_ref_base=10168 score_preserved=YES
token1_blk1_routed expert_id=56 selected_range tensor=blk.1.ffn_gate_exps.weight offset=135303648 bytes=563200 layout=DIRECT
token1_blk1_routed expert_id=56 selected_range tensor=blk.1.ffn_up_exps.weight offset=171348464 bytes=563200 layout=DIRECT
token1_blk1_routed expert_id=56 selected_range tensor=blk.1.ffn_down_exps.weight offset=266686976 bytes=1622016 layout=DIRECT
token1_blk1_routed prefetch expert_id=56 tensor=blk.1.ffn_gate_exps.weight dependency_distance=0
token1_blk1_routed prefetch expert_id=56 tensor=blk.1.ffn_up_exps.weight dependency_distance=0
token1_blk1_routed prefetch expert_id=56 tensor=blk.1.ffn_down_exps.weight dependency_distance=2
expert_parity max_abs=0 max_rel=0 mean_abs=0 tolerance=1e-5
token1_blk1_routed expert_id=56 consumer_wait=not_instrumented acquire_release=recorded peak_active=1622016 peak_resident=7367680
token1_blk1_routed expert_rank=1 expert_id=29 router_rank=1 graph_created=YES graph_refs=gate:0,up:1,down:2 storage_ref_base=10087 score_preserved=YES
token1_blk1_routed expert_id=29 selected_range tensor=blk.1.ffn_gate_exps.weight offset=120097248 bytes=563200 layout=DIRECT
token1_blk1_routed expert_id=29 selected_range tensor=blk.1.ffn_up_exps.weight offset=156142064 bytes=563200 layout=DIRECT
token1_blk1_routed expert_id=29 selected_range tensor=blk.1.ffn_down_exps.weight offset=222892544 bytes=1622016 layout=DIRECT
token1_blk1_routed prefetch expert_id=29 tensor=blk.1.ffn_gate_exps.weight dependency_distance=0
token1_blk1_routed prefetch expert_id=29 tensor=blk.1.ffn_up_exps.weight dependency_distance=0
token1_blk1_routed prefetch expert_id=29 tensor=blk.1.ffn_down_exps.weight dependency_distance=2
expert_parity max_abs=0 max_rel=0 mean_abs=0 tolerance=1e-5
token1_blk1_routed expert_id=29 consumer_wait=not_instrumented acquire_release=recorded peak_active=1622016 peak_resident=7752704
token1_blk1_routed expert_rank=2 expert_id=11 router_rank=2 graph_created=YES graph_refs=gate:0,up:1,down:2 storage_ref_base=10033 score_preserved=YES
token1_blk1_routed expert_id=11 selected_range tensor=blk.1.ffn_gate_exps.weight offset=109959648 bytes=563200 layout=DIRECT
token1_blk1_routed expert_id=11 selected_range tensor=blk.1.ffn_up_exps.weight offset=146004464 bytes=563200 layout=DIRECT
token1_blk1_routed expert_id=11 selected_range tensor=blk.1.ffn_down_exps.weight offset=193696256 bytes=1622016 layout=DIRECT
token1_blk1_routed prefetch expert_id=11 tensor=blk.1.ffn_gate_exps.weight dependency_distance=0
token1_blk1_routed prefetch expert_id=11 tensor=blk.1.ffn_up_exps.weight dependency_distance=0
token1_blk1_routed prefetch expert_id=11 tensor=blk.1.ffn_down_exps.weight dependency_distance=2
expert_parity max_abs=0 max_rel=0 mean_abs=0 tolerance=1e-5
token1_blk1_routed expert_id=11 consumer_wait=not_instrumented acquire_release=recorded peak_active=1622016 peak_resident=8245248
token1_blk1_routed expert_rank=3 expert_id=3 router_rank=3 graph_created=YES graph_refs=gate:0,up:1,down:2 storage_ref_base=10009 score_preserved=YES
token1_blk1_routed expert_id=3 selected_range tensor=blk.1.ffn_gate_exps.weight offset=105454048 bytes=563200 layout=DIRECT
token1_blk1_routed expert_id=3 selected_range tensor=blk.1.ffn_up_exps.weight offset=141498864 bytes=563200 layout=DIRECT
token1_blk1_routed expert_id=3 selected_range tensor=blk.1.ffn_down_exps.weight offset=180720128 bytes=1622016 layout=DIRECT
token1_blk1_routed prefetch expert_id=3 tensor=blk.1.ffn_gate_exps.weight dependency_distance=0
token1_blk1_routed prefetch expert_id=3 tensor=blk.1.ffn_up_exps.weight dependency_distance=0
token1_blk1_routed prefetch expert_id=3 tensor=blk.1.ffn_down_exps.weight dependency_distance=2
expert_parity max_abs=0 max_rel=0 mean_abs=0 tolerance=1e-5
token1_blk1_routed expert_id=3 consumer_wait=not_instrumented acquire_release=recorded peak_active=1622016 peak_resident=8245248
token1_blk1_routed expert_rank=4 expert_id=50 router_rank=4 graph_created=YES graph_refs=gate:0,up:1,down:2 storage_ref_base=10150 score_preserved=YES
token1_blk1_routed expert_id=50 selected_range tensor=blk.1.ffn_gate_exps.weight offset=131924448 bytes=563200 layout=DIRECT
token1_blk1_routed expert_id=50 selected_range tensor=blk.1.ffn_up_exps.weight offset=167969264 bytes=563200 layout=DIRECT
token1_blk1_routed expert_id=50 selected_range tensor=blk.1.ffn_down_exps.weight offset=256954880 bytes=1622016 layout=DIRECT
token1_blk1_routed prefetch expert_id=50 tensor=blk.1.ffn_gate_exps.weight dependency_distance=0
token1_blk1_routed prefetch expert_id=50 tensor=blk.1.ffn_up_exps.weight dependency_distance=0
token1_blk1_routed prefetch expert_id=50 tensor=blk.1.ffn_down_exps.weight dependency_distance=2
expert_parity max_abs=0 max_rel=0 mean_abs=0 tolerance=1e-5
token1_blk1_routed expert_id=50 consumer_wait=not_instrumented acquire_release=recorded peak_active=1622016 peak_resident=8245248
token1_blk1_routed expert_rank=5 expert_id=26 router_rank=5 graph_created=YES graph_refs=gate:0,up:1,down:2 storage_ref_base=10078 score_preserved=YES
token1_blk1_routed expert_id=26 selected_range tensor=blk.1.ffn_gate_exps.weight offset=118407648 bytes=563200 layout=DIRECT
token1_blk1_routed expert_id=26 selected_range tensor=blk.1.ffn_up_exps.weight offset=154452464 bytes=563200 layout=DIRECT
token1_blk1_routed expert_id=26 selected_range tensor=blk.1.ffn_down_exps.weight offset=218026496 bytes=1622016 layout=DIRECT
token1_blk1_routed prefetch expert_id=26 tensor=blk.1.ffn_gate_exps.weight dependency_distance=0
token1_blk1_routed prefetch expert_id=26 tensor=blk.1.ffn_up_exps.weight dependency_distance=0
token1_blk1_routed prefetch expert_id=26 tensor=blk.1.ffn_down_exps.weight dependency_distance=2
expert_parity max_abs=0 max_rel=0 mean_abs=0 tolerance=1e-5
token1_blk1_routed expert_id=26 consumer_wait=not_instrumented acquire_release=recorded peak_active=1622016 peak_resident=8245248
token1_blk1_routed residency_hits=36 residency_misses=42 source_reads=18 materialization_requests=18 source_policy_calls=18 evictions=20 resident_tensors_after=9
routed_merge_parity max_abs=0 max_rel=0 mean_abs=0 tolerance=1e-5
shared_expert_parity max_abs=0 max_rel=0 mean_abs=0 tolerance=1e-5
pre_residual_composition_parity max_abs=0 max_rel=0 mean_abs=0 tolerance=1e-5
final_layer_parity max_abs=0 max_rel=0 mean_abs=0 tolerance=1e-5
token1_blk1 shared_expert=REQUIRED shared_graph_created=YES residual_add=YES final_composition=PASS
ffn_timing tensor=blk.1.ffn_gate_inp.weight payload_ready_ns=5189818708302 first_consumer_start_ns=5189906113168 payload_to_first_consumer_ns=87404866
ffn_timing tensor=blk.1.ffn_gate_shexp.weight payload_ready_ns=5193971471831 first_consumer_start_ns=5194061000422 payload_to_first_consumer_ns=89528591
ffn_timing tensor=blk.1.ffn_gate_exps.weight payload_ready_ns=5190039370879 first_consumer_start_ns=5190127394066 payload_to_first_consumer_ns=88023187
token1_blk1 full_layer_residency_hits=46 misses=51 evictions=27 source_reads=23 source_bytes=21168128 materialization_requests=23 resident_tensors_after=6
token1_blk1 full_layer_peak_active_persistent_bytes=1892352 full_layer_peak_resident_bytes=8245248
token1_blk1 first_payload_to_shared_compute_start_ns=4327742901 execution_ready_to_consumer_ns=NOT_INSTRUMENTED payload_to_first_useful_compute=NOT_INSTRUMENTED
normalized_input_parity max_abs=0 max_rel=0 mean_abs=0 tolerance=1e-5
router_score_parity max_abs=2.86102e-06 max_rel=5.82025e-06 mean_abs=3.96627e-07 tolerance=1e-5
selected_weight_parity max_abs=2.38419e-07 max_rel=1.73796e-06 mean_abs=1.21693e-07 tolerance=1e-5
reference_token1_blk1 topk_ids=56,29,11,3,50,26 normalized_weights=0.431742,0.24147,0.103862,0.0857397,0.0713288,0.0658583,
reference_token1_blk1_routed expert_rank=0 expert_id=56 router_rank=0 graph_created=YES graph_refs=gate:0,up:1,down:2 storage_ref_base=10168 score_preserved=YES
reference_token1_blk1_routed expert_id=56 selected_range tensor=blk.1.ffn_gate_exps.weight offset=135303648 bytes=563200 layout=DIRECT
reference_token1_blk1_routed expert_id=56 selected_range tensor=blk.1.ffn_up_exps.weight offset=171348464 bytes=563200 layout=DIRECT
reference_token1_blk1_routed expert_id=56 selected_range tensor=blk.1.ffn_down_exps.weight offset=266686976 bytes=1622016 layout=DIRECT
reference_token1_blk1_routed prefetch expert_id=56 tensor=blk.1.ffn_gate_exps.weight dependency_distance=0
reference_token1_blk1_routed prefetch expert_id=56 tensor=blk.1.ffn_up_exps.weight dependency_distance=0
reference_token1_blk1_routed prefetch expert_id=56 tensor=blk.1.ffn_down_exps.weight dependency_distance=2
expert_parity max_abs=0 max_rel=0 mean_abs=0 tolerance=1e-5
reference_token1_blk1_routed expert_id=56 consumer_wait=not_instrumented acquire_release=recorded peak_active=1622016 peak_resident=3280896
reference_token1_blk1_routed expert_rank=1 expert_id=29 router_rank=1 graph_created=YES graph_refs=gate:0,up:1,down:2 storage_ref_base=10087 score_preserved=YES
reference_token1_blk1_routed expert_id=29 selected_range tensor=blk.1.ffn_gate_exps.weight offset=120097248 bytes=563200 layout=DIRECT
reference_token1_blk1_routed expert_id=29 selected_range tensor=blk.1.ffn_up_exps.weight offset=156142064 bytes=563200 layout=DIRECT
reference_token1_blk1_routed expert_id=29 selected_range tensor=blk.1.ffn_down_exps.weight offset=222892544 bytes=1622016 layout=DIRECT
reference_token1_blk1_routed prefetch expert_id=29 tensor=blk.1.ffn_gate_exps.weight dependency_distance=0
reference_token1_blk1_routed prefetch expert_id=29 tensor=blk.1.ffn_up_exps.weight dependency_distance=0
reference_token1_blk1_routed prefetch expert_id=29 tensor=blk.1.ffn_down_exps.weight dependency_distance=2
expert_parity max_abs=0 max_rel=0 mean_abs=0 tolerance=1e-5
reference_token1_blk1_routed expert_id=29 consumer_wait=not_instrumented acquire_release=recorded peak_active=1622016 peak_resident=6029312
reference_token1_blk1_routed expert_rank=2 expert_id=11 router_rank=2 graph_created=YES graph_refs=gate:0,up:1,down:2 storage_ref_base=10033 score_preserved=YES
reference_token1_blk1_routed expert_id=11 selected_range tensor=blk.1.ffn_gate_exps.weight offset=109959648 bytes=563200 layout=DIRECT
reference_token1_blk1_routed expert_id=11 selected_range tensor=blk.1.ffn_up_exps.weight offset=146004464 bytes=563200 layout=DIRECT
reference_token1_blk1_routed expert_id=11 selected_range tensor=blk.1.ffn_down_exps.weight offset=193696256 bytes=1622016 layout=DIRECT
reference_token1_blk1_routed prefetch expert_id=11 tensor=blk.1.ffn_gate_exps.weight dependency_distance=0
reference_token1_blk1_routed prefetch expert_id=11 tensor=blk.1.ffn_up_exps.weight dependency_distance=0
reference_token1_blk1_routed prefetch expert_id=11 tensor=blk.1.ffn_down_exps.weight dependency_distance=2
expert_parity max_abs=0 max_rel=0 mean_abs=0 tolerance=1e-5
reference_token1_blk1_routed expert_id=11 consumer_wait=not_instrumented acquire_release=recorded peak_active=1622016 peak_resident=8245248
reference_token1_blk1_routed expert_rank=3 expert_id=3 router_rank=3 graph_created=YES graph_refs=gate:0,up:1,down:2 storage_ref_base=10009 score_preserved=YES
reference_token1_blk1_routed expert_id=3 selected_range tensor=blk.1.ffn_gate_exps.weight offset=105454048 bytes=563200 layout=DIRECT
reference_token1_blk1_routed expert_id=3 selected_range tensor=blk.1.ffn_up_exps.weight offset=141498864 bytes=563200 layout=DIRECT
reference_token1_blk1_routed expert_id=3 selected_range tensor=blk.1.ffn_down_exps.weight offset=180720128 bytes=1622016 layout=DIRECT
reference_token1_blk1_routed prefetch expert_id=3 tensor=blk.1.ffn_gate_exps.weight dependency_distance=0
reference_token1_blk1_routed prefetch expert_id=3 tensor=blk.1.ffn_up_exps.weight dependency_distance=0
reference_token1_blk1_routed prefetch expert_id=3 tensor=blk.1.ffn_down_exps.weight dependency_distance=2
expert_parity max_abs=0 max_rel=0 mean_abs=0 tolerance=1e-5
reference_token1_blk1_routed expert_id=3 consumer_wait=not_instrumented acquire_release=recorded peak_active=1622016 peak_resident=8245248
reference_token1_blk1_routed expert_rank=4 expert_id=50 router_rank=4 graph_created=YES graph_refs=gate:0,up:1,down:2 storage_ref_base=10150 score_preserved=YES
reference_token1_blk1_routed expert_id=50 selected_range tensor=blk.1.ffn_gate_exps.weight offset=131924448 bytes=563200 layout=DIRECT
reference_token1_blk1_routed expert_id=50 selected_range tensor=blk.1.ffn_up_exps.weight offset=167969264 bytes=563200 layout=DIRECT
reference_token1_blk1_routed expert_id=50 selected_range tensor=blk.1.ffn_down_exps.weight offset=256954880 bytes=1622016 layout=DIRECT
reference_token1_blk1_routed prefetch expert_id=50 tensor=blk.1.ffn_gate_exps.weight dependency_distance=0
reference_token1_blk1_routed prefetch expert_id=50 tensor=blk.1.ffn_up_exps.weight dependency_distance=0
reference_token1_blk1_routed prefetch expert_id=50 tensor=blk.1.ffn_down_exps.weight dependency_distance=2
expert_parity max_abs=0 max_rel=0 mean_abs=0 tolerance=1e-5
reference_token1_blk1_routed expert_id=50 consumer_wait=not_instrumented acquire_release=recorded peak_active=1622016 peak_resident=8245248
reference_token1_blk1_routed expert_rank=5 expert_id=26 router_rank=5 graph_created=YES graph_refs=gate:0,up:1,down:2 storage_ref_base=10078 score_preserved=YES
reference_token1_blk1_routed expert_id=26 selected_range tensor=blk.1.ffn_gate_exps.weight offset=118407648 bytes=563200 layout=DIRECT
reference_token1_blk1_routed expert_id=26 selected_range tensor=blk.1.ffn_up_exps.weight offset=154452464 bytes=563200 layout=DIRECT
reference_token1_blk1_routed expert_id=26 selected_range tensor=blk.1.ffn_down_exps.weight offset=218026496 bytes=1622016 layout=DIRECT
reference_token1_blk1_routed prefetch expert_id=26 tensor=blk.1.ffn_gate_exps.weight dependency_distance=0
reference_token1_blk1_routed prefetch expert_id=26 tensor=blk.1.ffn_up_exps.weight dependency_distance=0
reference_token1_blk1_routed prefetch expert_id=26 tensor=blk.1.ffn_down_exps.weight dependency_distance=2
expert_parity max_abs=0 max_rel=0 mean_abs=0 tolerance=1e-5
reference_token1_blk1_routed expert_id=26 consumer_wait=not_instrumented acquire_release=recorded peak_active=1622016 peak_resident=8245248
reference_token1_blk1_routed residency_hits=36 residency_misses=42 source_reads=18 materialization_requests=18 source_policy_calls=18 evictions=11 resident_tensors_after=9
routed_merge_parity max_abs=0 max_rel=0 mean_abs=0 tolerance=1e-5
shared_expert_parity max_abs=0 max_rel=0 mean_abs=0 tolerance=1e-5
pre_residual_composition_parity max_abs=0 max_rel=0 mean_abs=0 tolerance=1e-5
final_layer_parity max_abs=0 max_rel=0 mean_abs=0 tolerance=1e-5
reference_token1_blk1 shared_expert=REQUIRED shared_graph_created=YES residual_add=YES final_composition=PASS
ffn_timing tensor=blk.1.ffn_gate_inp.weight payload_ready_ns=5194845997357 first_consumer_start_ns=5194932715990 payload_to_first_consumer_ns=86718633
ffn_timing tensor=blk.1.ffn_gate_shexp.weight payload_ready_ns=5199000772154 first_consumer_start_ns=5199087586467 payload_to_first_consumer_ns=86814313
ffn_timing tensor=blk.1.ffn_gate_exps.weight payload_ready_ns=5195065212367 first_consumer_start_ns=5195152116331 payload_to_first_consumer_ns=86903964
reference_token1_blk1 full_layer_residency_hits=46 misses=51 evictions=17 source_reads=23 source_bytes=21168128 materialization_requests=23 resident_tensors_after=6
reference_token1_blk1 full_layer_peak_active_persistent_bytes=1892352 full_layer_peak_resident_bytes=8245248
reference_token1_blk1 first_payload_to_shared_compute_start_ns=4327701222 execution_ready_to_consumer_ns=NOT_INSTRUMENTED payload_to_first_useful_compute=NOT_INSTRUMENTED
token1_blk1_attention_parity max_abs=0 max_rel=0 mean_abs=0 tolerance=1e-5
token1_blk1_block_parity max_abs=0 max_rel=0 mean_abs=0 tolerance=1e-5
token1 block_handoff block=2 handoff_ns=39370 activation_copy_bytes=0
attention_timing tensor=blk.1.attn_norm.weight payload_ready_ns=5154416105948 first_consumer_start_ns=5199820085532 payload_to_first_consumer_ns=45403979584
attention_timing tensor=blk.1.attn_q.weight payload_ready_ns=5154628276790 first_consumer_start_ns=5200047732996 payload_to_first_consumer_ns=45419456206
attention_timing tensor=blk.1.attn_kv_a_mqa.weight payload_ready_ns=5154840915132 first_consumer_start_ns=5200269630573 payload_to_first_consumer_ns=45428715441
attention_timing tensor=blk.1.attn_kv_a_norm.weight payload_ready_ns=5155050521496 first_consumer_start_ns=5200488461010 payload_to_first_consumer_ns=45437939514
attention_timing tensor=blk.1.attn_kv_b.weight payload_ready_ns=5155262220896 first_consumer_start_ns=5200709822495 payload_to_first_consumer_ns=45447601599
attention_timing tensor=blk.1.attn_output.weight payload_ready_ns=5155470850817 first_consumer_start_ns=5200931618642 payload_to_first_consumer_ns=45460767825
token1_blk2 position=1 state_k_positions=2 state_v_positions=2 attention_probs=0.598919,0.401081,0.518401,0.481599,0.228275,0.771725,0.32635,0.67365,0.474574,0.525426,0.530241,0.469759,0.366593,0.633407,0.715989,0.284011,0.37485,0.62515,0.579751,0.420249,0.0827325,0.917268,0.182867,0.817133,0.513672,0.486328,0.787284,0.212716,0.49621,0.50379,0.70591,0.29409,
reference_attention position=1 state_k_positions=2 state_v_positions=2 attention_probs=0.598919,0.401081,0.518401,0.481599,0.228275,0.771725,0.32635,0.67365,0.474574,0.525426,0.530241,0.469759,0.366593,0.633407,0.715989,0.284011,0.37485,0.62515,0.579751,0.420249,0.0827325,0.917268,0.182867,0.817133,0.513672,0.486328,0.787284,0.212716,0.49621,0.50379,0.70591,0.29409,
normalized_input_parity max_abs=0 max_rel=0 mean_abs=0 tolerance=1e-5
router_score_parity max_abs=1.43051e-06 max_rel=0.000107496 mean_abs=3.76513e-07 tolerance=1e-5
selected_weight_parity max_abs=1.49012e-07 max_rel=7.50293e-07 mean_abs=5.71211e-08 tolerance=1e-5
token1_blk2 topk_ids=37,18,44,53,23,49 normalized_weights=0.210563,0.198605,0.152328,0.149502,0.145231,0.143771,
token1_blk2_routed expert_rank=0 expert_id=37 router_rank=0 graph_created=YES graph_refs=gate:0,up:1,down:2 storage_ref_base=20111 score_preserved=YES
token1_blk2_routed expert_id=37 selected_range tensor=blk.1.ffn_gate_exps.weight offset=307373736 bytes=563200 layout=DIRECT
token1_blk2_routed expert_id=37 selected_range tensor=blk.1.ffn_up_exps.weight offset=343418552 bytes=563200 layout=DIRECT
token1_blk2_routed expert_id=37 selected_range tensor=blk.1.ffn_down_exps.weight offset=418639560 bytes=1622016 layout=DIRECT
token1_blk2_routed prefetch expert_id=37 tensor=blk.1.ffn_gate_exps.weight dependency_distance=0
token1_blk2_routed prefetch expert_id=37 tensor=blk.1.ffn_up_exps.weight dependency_distance=0
token1_blk2_routed prefetch expert_id=37 tensor=blk.1.ffn_down_exps.weight dependency_distance=2
expert_parity max_abs=0 max_rel=0 mean_abs=0 tolerance=1e-5
token1_blk2_routed expert_id=37 consumer_wait=not_instrumented acquire_release=recorded peak_active=1622016 peak_resident=8133632
token1_blk2_routed expert_rank=1 expert_id=18 router_rank=1 graph_created=YES graph_refs=gate:0,up:1,down:2 storage_ref_base=20054 score_preserved=YES
token1_blk2_routed expert_id=18 selected_range tensor=blk.1.ffn_gate_exps.weight offset=296672936 bytes=563200 layout=DIRECT
token1_blk2_routed expert_id=18 selected_range tensor=blk.1.ffn_up_exps.weight offset=332717752 bytes=563200 layout=DIRECT
token1_blk2_routed expert_id=18 selected_range tensor=blk.1.ffn_down_exps.weight offset=387821256 bytes=1622016 layout=DIRECT
token1_blk2_routed prefetch expert_id=18 tensor=blk.1.ffn_gate_exps.weight dependency_distance=0
token1_blk2_routed prefetch expert_id=18 tensor=blk.1.ffn_up_exps.weight dependency_distance=0
token1_blk2_routed prefetch expert_id=18 tensor=blk.1.ffn_down_exps.weight dependency_distance=2
expert_parity max_abs=0 max_rel=0 mean_abs=0 tolerance=1e-5
token1_blk2_routed expert_id=18 consumer_wait=not_instrumented acquire_release=recorded peak_active=1622016 peak_resident=7752704
token1_blk2_routed expert_rank=2 expert_id=44 router_rank=2 graph_created=YES graph_refs=gate:0,up:1,down:2 storage_ref_base=20132 score_preserved=YES
token1_blk2_routed expert_id=44 selected_range tensor=blk.1.ffn_gate_exps.weight offset=311316136 bytes=563200 layout=DIRECT
token1_blk2_routed expert_id=44 selected_range tensor=blk.1.ffn_up_exps.weight offset=347360952 bytes=563200 layout=DIRECT
token1_blk2_routed expert_id=44 selected_range tensor=blk.1.ffn_down_exps.weight offset=429993672 bytes=1622016 layout=DIRECT
token1_blk2_routed prefetch expert_id=44 tensor=blk.1.ffn_gate_exps.weight dependency_distance=0
token1_blk2_routed prefetch expert_id=44 tensor=blk.1.ffn_up_exps.weight dependency_distance=0
token1_blk2_routed prefetch expert_id=44 tensor=blk.1.ffn_down_exps.weight dependency_distance=2
expert_parity max_abs=0 max_rel=0 mean_abs=0 tolerance=1e-5
token1_blk2_routed expert_id=44 consumer_wait=not_instrumented acquire_release=recorded peak_active=1622016 peak_resident=8245248
token1_blk2_routed expert_rank=3 expert_id=53 router_rank=3 graph_created=YES graph_refs=gate:0,up:1,down:2 storage_ref_base=20159 score_preserved=YES
token1_blk2_routed expert_id=53 selected_range tensor=blk.1.ffn_gate_exps.weight offset=316384936 bytes=563200 layout=DIRECT
token1_blk2_routed expert_id=53 selected_range tensor=blk.1.ffn_up_exps.weight offset=352429752 bytes=563200 layout=DIRECT
token1_blk2_routed expert_id=53 selected_range tensor=blk.1.ffn_down_exps.weight offset=444591816 bytes=1622016 layout=DIRECT
token1_blk2_routed prefetch expert_id=53 tensor=blk.1.ffn_gate_exps.weight dependency_distance=0
token1_blk2_routed prefetch expert_id=53 tensor=blk.1.ffn_up_exps.weight dependency_distance=0
token1_blk2_routed prefetch expert_id=53 tensor=blk.1.ffn_down_exps.weight dependency_distance=2
expert_parity max_abs=0 max_rel=0 mean_abs=0 tolerance=1e-5
token1_blk2_routed expert_id=53 consumer_wait=not_instrumented acquire_release=recorded peak_active=1622016 peak_resident=8245248
token1_blk2_routed expert_rank=4 expert_id=23 router_rank=4 graph_created=YES graph_refs=gate:0,up:1,down:2 storage_ref_base=20069 score_preserved=YES
token1_blk2_routed expert_id=23 selected_range tensor=blk.1.ffn_gate_exps.weight offset=299488936 bytes=563200 layout=DIRECT
token1_blk2_routed expert_id=23 selected_range tensor=blk.1.ffn_up_exps.weight offset=335533752 bytes=563200 layout=DIRECT
token1_blk2_routed expert_id=23 selected_range tensor=blk.1.ffn_down_exps.weight offset=395931336 bytes=1622016 layout=DIRECT
token1_blk2_routed prefetch expert_id=23 tensor=blk.1.ffn_gate_exps.weight dependency_distance=0
token1_blk2_routed prefetch expert_id=23 tensor=blk.1.ffn_up_exps.weight dependency_distance=0
token1_blk2_routed prefetch expert_id=23 tensor=blk.1.ffn_down_exps.weight dependency_distance=2
expert_parity max_abs=0 max_rel=0 mean_abs=0 tolerance=1e-5
token1_blk2_routed expert_id=23 consumer_wait=not_instrumented acquire_release=recorded peak_active=1622016 peak_resident=8245248
token1_blk2_routed expert_rank=5 expert_id=49 router_rank=5 graph_created=YES graph_refs=gate:0,up:1,down:2 storage_ref_base=20147 score_preserved=YES
token1_blk2_routed expert_id=49 selected_range tensor=blk.1.ffn_gate_exps.weight offset=314132136 bytes=563200 layout=DIRECT
token1_blk2_routed expert_id=49 selected_range tensor=blk.1.ffn_up_exps.weight offset=350176952 bytes=563200 layout=DIRECT
token1_blk2_routed expert_id=49 selected_range tensor=blk.1.ffn_down_exps.weight offset=438103752 bytes=1622016 layout=DIRECT
token1_blk2_routed prefetch expert_id=49 tensor=blk.1.ffn_gate_exps.weight dependency_distance=0
token1_blk2_routed prefetch expert_id=49 tensor=blk.1.ffn_up_exps.weight dependency_distance=0
token1_blk2_routed prefetch expert_id=49 tensor=blk.1.ffn_down_exps.weight dependency_distance=2
expert_parity max_abs=0 max_rel=0 mean_abs=0 tolerance=1e-5
token1_blk2_routed expert_id=49 consumer_wait=not_instrumented acquire_release=recorded peak_active=1622016 peak_resident=8245248
token1_blk2_routed residency_hits=36 residency_misses=42 source_reads=18 materialization_requests=18 source_policy_calls=18 evictions=20 resident_tensors_after=9
routed_merge_parity max_abs=0 max_rel=0 mean_abs=0 tolerance=1e-5
shared_expert_parity max_abs=0 max_rel=0 mean_abs=0 tolerance=1e-5
pre_residual_composition_parity max_abs=0 max_rel=0 mean_abs=0 tolerance=1e-5
final_layer_parity max_abs=0 max_rel=0 mean_abs=0 tolerance=1e-5
token1_blk2 shared_expert=REQUIRED shared_graph_created=YES residual_add=YES final_composition=PASS
ffn_timing tensor=blk.1.ffn_gate_inp.weight payload_ready_ns=5201283985749 first_consumer_start_ns=5201372286706 payload_to_first_consumer_ns=88300957
ffn_timing tensor=blk.1.ffn_gate_shexp.weight payload_ready_ns=5205502789158 first_consumer_start_ns=5205589768751 payload_to_first_consumer_ns=86979593
ffn_timing tensor=blk.1.ffn_gate_exps.weight payload_ready_ns=5201506031706 first_consumer_start_ns=5201593302190 payload_to_first_consumer_ns=87270484
token1_blk2 full_layer_residency_hits=46 misses=51 evictions=24 source_reads=23 source_bytes=20402176 materialization_requests=23 resident_tensors_after=8
token1_blk2 full_layer_peak_active_persistent_bytes=1622016 full_layer_peak_resident_bytes=8312832
token1_blk2 first_payload_to_shared_compute_start_ns=4394603251 execution_ready_to_consumer_ns=NOT_INSTRUMENTED payload_to_first_useful_compute=NOT_INSTRUMENTED
normalized_input_parity max_abs=0 max_rel=0 mean_abs=0 tolerance=1e-5
router_score_parity max_abs=1.43051e-06 max_rel=0.000107496 mean_abs=3.76513e-07 tolerance=1e-5
selected_weight_parity max_abs=1.49012e-07 max_rel=7.50293e-07 mean_abs=5.71211e-08 tolerance=1e-5
reference_token1_blk2 topk_ids=37,18,44,53,23,49 normalized_weights=0.210563,0.198605,0.152328,0.149502,0.145231,0.143771,
reference_token1_blk2_routed expert_rank=0 expert_id=37 router_rank=0 graph_created=YES graph_refs=gate:0,up:1,down:2 storage_ref_base=20111 score_preserved=YES
reference_token1_blk2_routed expert_id=37 selected_range tensor=blk.1.ffn_gate_exps.weight offset=307373736 bytes=563200 layout=DIRECT
reference_token1_blk2_routed expert_id=37 selected_range tensor=blk.1.ffn_up_exps.weight offset=343418552 bytes=563200 layout=DIRECT
reference_token1_blk2_routed expert_id=37 selected_range tensor=blk.1.ffn_down_exps.weight offset=418639560 bytes=1622016 layout=DIRECT
reference_token1_blk2_routed prefetch expert_id=37 tensor=blk.1.ffn_gate_exps.weight dependency_distance=0
reference_token1_blk2_routed prefetch expert_id=37 tensor=blk.1.ffn_up_exps.weight dependency_distance=0
reference_token1_blk2_routed prefetch expert_id=37 tensor=blk.1.ffn_down_exps.weight dependency_distance=2
expert_parity max_abs=0 max_rel=0 mean_abs=0 tolerance=1e-5
reference_token1_blk2_routed expert_id=37 consumer_wait=not_instrumented acquire_release=recorded peak_active=1622016 peak_resident=3280896
reference_token1_blk2_routed expert_rank=1 expert_id=18 router_rank=1 graph_created=YES graph_refs=gate:0,up:1,down:2 storage_ref_base=20054 score_preserved=YES
reference_token1_blk2_routed expert_id=18 selected_range tensor=blk.1.ffn_gate_exps.weight offset=296672936 bytes=563200 layout=DIRECT
reference_token1_blk2_routed expert_id=18 selected_range tensor=blk.1.ffn_up_exps.weight offset=332717752 bytes=563200 layout=DIRECT
reference_token1_blk2_routed expert_id=18 selected_range tensor=blk.1.ffn_down_exps.weight offset=387821256 bytes=1622016 layout=DIRECT
reference_token1_blk2_routed prefetch expert_id=18 tensor=blk.1.ffn_gate_exps.weight dependency_distance=0
reference_token1_blk2_routed prefetch expert_id=18 tensor=blk.1.ffn_up_exps.weight dependency_distance=0
reference_token1_blk2_routed prefetch expert_id=18 tensor=blk.1.ffn_down_exps.weight dependency_distance=2
expert_parity max_abs=0 max_rel=0 mean_abs=0 tolerance=1e-5
reference_token1_blk2_routed expert_id=18 consumer_wait=not_instrumented acquire_release=recorded peak_active=1622016 peak_resident=6029312
reference_token1_blk2_routed expert_rank=2 expert_id=44 router_rank=2 graph_created=YES graph_refs=gate:0,up:1,down:2 storage_ref_base=20132 score_preserved=YES
reference_token1_blk2_routed expert_id=44 selected_range tensor=blk.1.ffn_gate_exps.weight offset=311316136 bytes=563200 layout=DIRECT
reference_token1_blk2_routed expert_id=44 selected_range tensor=blk.1.ffn_up_exps.weight offset=347360952 bytes=563200 layout=DIRECT
reference_token1_blk2_routed expert_id=44 selected_range tensor=blk.1.ffn_down_exps.weight offset=429993672 bytes=1622016 layout=DIRECT
reference_token1_blk2_routed prefetch expert_id=44 tensor=blk.1.ffn_gate_exps.weight dependency_distance=0
reference_token1_blk2_routed prefetch expert_id=44 tensor=blk.1.ffn_up_exps.weight dependency_distance=0
reference_token1_blk2_routed prefetch expert_id=44 tensor=blk.1.ffn_down_exps.weight dependency_distance=2
expert_parity max_abs=0 max_rel=0 mean_abs=0 tolerance=1e-5
reference_token1_blk2_routed expert_id=44 consumer_wait=not_instrumented acquire_release=recorded peak_active=1622016 peak_resident=8245248
reference_token1_blk2_routed expert_rank=3 expert_id=53 router_rank=3 graph_created=YES graph_refs=gate:0,up:1,down:2 storage_ref_base=20159 score_preserved=YES
reference_token1_blk2_routed expert_id=53 selected_range tensor=blk.1.ffn_gate_exps.weight offset=316384936 bytes=563200 layout=DIRECT
reference_token1_blk2_routed expert_id=53 selected_range tensor=blk.1.ffn_up_exps.weight offset=352429752 bytes=563200 layout=DIRECT
reference_token1_blk2_routed expert_id=53 selected_range tensor=blk.1.ffn_down_exps.weight offset=444591816 bytes=1622016 layout=DIRECT
reference_token1_blk2_routed prefetch expert_id=53 tensor=blk.1.ffn_gate_exps.weight dependency_distance=0
reference_token1_blk2_routed prefetch expert_id=53 tensor=blk.1.ffn_up_exps.weight dependency_distance=0
reference_token1_blk2_routed prefetch expert_id=53 tensor=blk.1.ffn_down_exps.weight dependency_distance=2
expert_parity max_abs=0 max_rel=0 mean_abs=0 tolerance=1e-5
reference_token1_blk2_routed expert_id=53 consumer_wait=not_instrumented acquire_release=recorded peak_active=1622016 peak_resident=8245248
reference_token1_blk2_routed expert_rank=4 expert_id=23 router_rank=4 graph_created=YES graph_refs=gate:0,up:1,down:2 storage_ref_base=20069 score_preserved=YES
reference_token1_blk2_routed expert_id=23 selected_range tensor=blk.1.ffn_gate_exps.weight offset=299488936 bytes=563200 layout=DIRECT
reference_token1_blk2_routed expert_id=23 selected_range tensor=blk.1.ffn_up_exps.weight offset=335533752 bytes=563200 layout=DIRECT
reference_token1_blk2_routed expert_id=23 selected_range tensor=blk.1.ffn_down_exps.weight offset=395931336 bytes=1622016 layout=DIRECT
reference_token1_blk2_routed prefetch expert_id=23 tensor=blk.1.ffn_gate_exps.weight dependency_distance=0
reference_token1_blk2_routed prefetch expert_id=23 tensor=blk.1.ffn_up_exps.weight dependency_distance=0
reference_token1_blk2_routed prefetch expert_id=23 tensor=blk.1.ffn_down_exps.weight dependency_distance=2
expert_parity max_abs=0 max_rel=0 mean_abs=0 tolerance=1e-5
reference_token1_blk2_routed expert_id=23 consumer_wait=not_instrumented acquire_release=recorded peak_active=1622016 peak_resident=8245248
reference_token1_blk2_routed expert_rank=5 expert_id=49 router_rank=5 graph_created=YES graph_refs=gate:0,up:1,down:2 storage_ref_base=20147 score_preserved=YES
reference_token1_blk2_routed expert_id=49 selected_range tensor=blk.1.ffn_gate_exps.weight offset=314132136 bytes=563200 layout=DIRECT
reference_token1_blk2_routed expert_id=49 selected_range tensor=blk.1.ffn_up_exps.weight offset=350176952 bytes=563200 layout=DIRECT
reference_token1_blk2_routed expert_id=49 selected_range tensor=blk.1.ffn_down_exps.weight offset=438103752 bytes=1622016 layout=DIRECT
reference_token1_blk2_routed prefetch expert_id=49 tensor=blk.1.ffn_gate_exps.weight dependency_distance=0
reference_token1_blk2_routed prefetch expert_id=49 tensor=blk.1.ffn_up_exps.weight dependency_distance=0
reference_token1_blk2_routed prefetch expert_id=49 tensor=blk.1.ffn_down_exps.weight dependency_distance=2
expert_parity max_abs=0 max_rel=0 mean_abs=0 tolerance=1e-5
reference_token1_blk2_routed expert_id=49 consumer_wait=not_instrumented acquire_release=recorded peak_active=1622016 peak_resident=8245248
reference_token1_blk2_routed residency_hits=36 residency_misses=42 source_reads=18 materialization_requests=18 source_policy_calls=18 evictions=11 resident_tensors_after=9
routed_merge_parity max_abs=0 max_rel=0 mean_abs=0 tolerance=1e-5
shared_expert_parity max_abs=0 max_rel=0 mean_abs=0 tolerance=1e-5
pre_residual_composition_parity max_abs=0 max_rel=0 mean_abs=0 tolerance=1e-5
final_layer_parity max_abs=0 max_rel=0 mean_abs=0 tolerance=1e-5
reference_token1_blk2 shared_expert=REQUIRED shared_graph_created=YES residual_add=YES final_composition=PASS
ffn_timing tensor=blk.1.ffn_gate_inp.weight payload_ready_ns=5206386249986 first_consumer_start_ns=5206472247866 payload_to_first_consumer_ns=85997880
ffn_timing tensor=blk.1.ffn_gate_shexp.weight payload_ready_ns=5210550947412 first_consumer_start_ns=5210637947234 payload_to_first_consumer_ns=86999822
ffn_timing tensor=blk.1.ffn_gate_exps.weight payload_ready_ns=5206602329794 first_consumer_start_ns=5206690704611 payload_to_first_consumer_ns=88374817
reference_token1_blk2 full_layer_residency_hits=46 misses=51 evictions=15 source_reads=23 source_bytes=20402176 materialization_requests=23 resident_tensors_after=8
reference_token1_blk2 full_layer_peak_active_persistent_bytes=1622016 full_layer_peak_resident_bytes=8312832
reference_token1_blk2 first_payload_to_shared_compute_start_ns=4341603570 execution_ready_to_consumer_ns=NOT_INSTRUMENTED payload_to_first_useful_compute=NOT_INSTRUMENTED
token1_blk2_attention_parity max_abs=0 max_rel=0 mean_abs=0 tolerance=1e-5
token1_blk2_block_parity max_abs=0 max_rel=0 mean_abs=0 tolerance=1e-5
token1 block_handoff block=3 handoff_ns=27770 activation_copy_bytes=0
attention_timing tensor=blk.1.attn_norm.weight payload_ready_ns=5154416105948 first_consumer_start_ns=5211303691465 payload_to_first_consumer_ns=56887585517
attention_timing tensor=blk.1.attn_q.weight payload_ready_ns=5154628276790 first_consumer_start_ns=5211523606293 payload_to_first_consumer_ns=56895329503
attention_timing tensor=blk.1.attn_kv_a_mqa.weight payload_ready_ns=5154840915132 first_consumer_start_ns=5211745188656 payload_to_first_consumer_ns=56904273524
attention_timing tensor=blk.1.attn_kv_a_norm.weight payload_ready_ns=5155050521496 first_consumer_start_ns=5211967682991 payload_to_first_consumer_ns=56917161495
attention_timing tensor=blk.1.attn_kv_b.weight payload_ready_ns=5155262220896 first_consumer_start_ns=5212186651376 payload_to_first_consumer_ns=56924430480
attention_timing tensor=blk.1.attn_output.weight payload_ready_ns=5155470850817 first_consumer_start_ns=5212404814338 payload_to_first_consumer_ns=56933963521
token1_blk3 position=1 state_k_positions=2 state_v_positions=2 attention_probs=0.647885,0.352115,0.653755,0.346246,0.748316,0.251684,0.454187,0.545813,0.370199,0.629801,0.660859,0.339141,0.0916113,0.908389,0.236917,0.763083,0.538436,0.461564,0.527116,0.472884,0.654188,0.345812,0.188689,0.811311,0.462708,0.537292,0.689584,0.310416,0.733999,0.266001,0.491397,0.508603,
reference_attention position=1 state_k_positions=2 state_v_positions=2 attention_probs=0.647885,0.352115,0.653755,0.346246,0.748316,0.251684,0.454187,0.545813,0.370199,0.629801,0.660859,0.339141,0.0916113,0.908389,0.236917,0.763083,0.538436,0.461564,0.527116,0.472884,0.654188,0.345812,0.188689,0.811311,0.462708,0.537292,0.689584,0.310416,0.733999,0.266001,0.491397,0.508603,
normalized_input_parity max_abs=0 max_rel=0 mean_abs=0 tolerance=1e-5
router_score_parity max_abs=1.37091e-06 max_rel=2.28584e-05 mean_abs=3.83676e-07 tolerance=1e-5
selected_weight_parity max_abs=8.9407e-08 max_rel=5.9106e-07 mean_abs=5.96046e-08 tolerance=1e-5
token1_blk3 topk_ids=60,2,53,35,15,59 normalized_weights=0.273384,0.190084,0.151266,0.136168,0.132768,0.11633,
token1_blk3_routed expert_rank=0 expert_id=60 router_rank=0 graph_created=YES graph_refs=gate:0,up:1,down:2 storage_ref_base=30180 score_preserved=YES
token1_blk3_routed expert_id=60 selected_range tensor=blk.1.ffn_gate_exps.weight offset=503098224 bytes=563200 layout=DIRECT
token1_blk3_routed expert_id=60 selected_range tensor=blk.1.ffn_up_exps.weight offset=539143040 bytes=563200 layout=DIRECT
token1_blk3_routed expert_id=60 selected_range tensor=blk.1.ffn_down_exps.weight offset=638716816 bytes=1622016 layout=DIRECT
token1_blk3_routed prefetch expert_id=60 tensor=blk.1.ffn_gate_exps.weight dependency_distance=0
token1_blk3_routed prefetch expert_id=60 tensor=blk.1.ffn_up_exps.weight dependency_distance=0
token1_blk3_routed prefetch expert_id=60 tensor=blk.1.ffn_down_exps.weight dependency_distance=2
expert_parity max_abs=0 max_rel=0 mean_abs=0 tolerance=1e-5
token1_blk3_routed expert_id=60 consumer_wait=not_instrumented acquire_release=recorded peak_active=1622016 peak_resident=7367680
token1_blk3_routed expert_rank=1 expert_id=2 router_rank=1 graph_created=YES graph_refs=gate:0,up:1,down:2 storage_ref_base=30006 score_preserved=YES
token1_blk3_routed expert_id=2 selected_range tensor=blk.1.ffn_gate_exps.weight offset=470432624 bytes=563200 layout=DIRECT
token1_blk3_routed expert_id=2 selected_range tensor=blk.1.ffn_up_exps.weight offset=506477440 bytes=563200 layout=DIRECT
token1_blk3_routed expert_id=2 selected_range tensor=blk.1.ffn_down_exps.weight offset=544639888 bytes=1622016 layout=DIRECT
token1_blk3_routed prefetch expert_id=2 tensor=blk.1.ffn_gate_exps.weight dependency_distance=0
token1_blk3_routed prefetch expert_id=2 tensor=blk.1.ffn_up_exps.weight dependency_distance=0
token1_blk3_routed prefetch expert_id=2 tensor=blk.1.ffn_down_exps.weight dependency_distance=2
expert_parity max_abs=0 max_rel=0 mean_abs=0 tolerance=1e-5
token1_blk3_routed expert_id=2 consumer_wait=not_instrumented acquire_release=recorded peak_active=1622016 peak_resident=7752704
token1_blk3_routed expert_rank=2 expert_id=53 router_rank=2 graph_created=YES graph_refs=gate:0,up:1,down:2 storage_ref_base=30159 score_preserved=YES
token1_blk3_routed expert_id=53 selected_range tensor=blk.1.ffn_gate_exps.weight offset=499155824 bytes=563200 layout=DIRECT
token1_blk3_routed expert_id=53 selected_range tensor=blk.1.ffn_up_exps.weight offset=535200640 bytes=563200 layout=DIRECT
token1_blk3_routed expert_id=53 selected_range tensor=blk.1.ffn_down_exps.weight offset=627362704 bytes=1622016 layout=DIRECT
token1_blk3_routed prefetch expert_id=53 tensor=blk.1.ffn_gate_exps.weight dependency_distance=0
token1_blk3_routed prefetch expert_id=53 tensor=blk.1.ffn_up_exps.weight dependency_distance=0
token1_blk3_routed prefetch expert_id=53 tensor=blk.1.ffn_down_exps.weight dependency_distance=2
expert_parity max_abs=0 max_rel=0 mean_abs=0 tolerance=1e-5
token1_blk3_routed expert_id=53 consumer_wait=not_instrumented acquire_release=recorded peak_active=1622016 peak_resident=8245248
token1_blk3_routed expert_rank=3 expert_id=35 router_rank=3 graph_created=YES graph_refs=gate:0,up:1,down:2 storage_ref_base=30105 score_preserved=YES
token1_blk3_routed expert_id=35 selected_range tensor=blk.1.ffn_gate_exps.weight offset=489018224 bytes=563200 layout=DIRECT
token1_blk3_routed expert_id=35 selected_range tensor=blk.1.ffn_up_exps.weight offset=525063040 bytes=563200 layout=DIRECT
token1_blk3_routed expert_id=35 selected_range tensor=blk.1.ffn_down_exps.weight offset=598166416 bytes=1622016 layout=DIRECT
token1_blk3_routed prefetch expert_id=35 tensor=blk.1.ffn_gate_exps.weight dependency_distance=0
token1_blk3_routed prefetch expert_id=35 tensor=blk.1.ffn_up_exps.weight dependency_distance=0
token1_blk3_routed prefetch expert_id=35 tensor=blk.1.ffn_down_exps.weight dependency_distance=2
expert_parity max_abs=0 max_rel=0 mean_abs=0 tolerance=1e-5
token1_blk3_routed expert_id=35 consumer_wait=not_instrumented acquire_release=recorded peak_active=1622016 peak_resident=8245248
token1_blk3_routed expert_rank=4 expert_id=15 router_rank=4 graph_created=YES graph_refs=gate:0,up:1,down:2 storage_ref_base=30045 score_preserved=YES
token1_blk3_routed expert_id=15 selected_range tensor=blk.1.ffn_gate_exps.weight offset=477754224 bytes=563200 layout=DIRECT
token1_blk3_routed expert_id=15 selected_range tensor=blk.1.ffn_up_exps.weight offset=513799040 bytes=563200 layout=DIRECT
token1_blk3_routed expert_id=15 selected_range tensor=blk.1.ffn_down_exps.weight offset=565726096 bytes=1622016 layout=DIRECT
token1_blk3_routed prefetch expert_id=15 tensor=blk.1.ffn_gate_exps.weight dependency_distance=0
token1_blk3_routed prefetch expert_id=15 tensor=blk.1.ffn_up_exps.weight dependency_distance=0
token1_blk3_routed prefetch expert_id=15 tensor=blk.1.ffn_down_exps.weight dependency_distance=2
expert_parity max_abs=0 max_rel=0 mean_abs=0 tolerance=1e-5
token1_blk3_routed expert_id=15 consumer_wait=not_instrumented acquire_release=recorded peak_active=1622016 peak_resident=8245248
token1_blk3_routed expert_rank=5 expert_id=59 router_rank=5 graph_created=YES graph_refs=gate:0,up:1,down:2 storage_ref_base=30177 score_preserved=YES
token1_blk3_routed expert_id=59 selected_range tensor=blk.1.ffn_gate_exps.weight offset=502535024 bytes=563200 layout=DIRECT
token1_blk3_routed expert_id=59 selected_range tensor=blk.1.ffn_up_exps.weight offset=538579840 bytes=563200 layout=DIRECT
token1_blk3_routed expert_id=59 selected_range tensor=blk.1.ffn_down_exps.weight offset=637094800 bytes=1622016 layout=DIRECT
token1_blk3_routed prefetch expert_id=59 tensor=blk.1.ffn_gate_exps.weight dependency_distance=0
token1_blk3_routed prefetch expert_id=59 tensor=blk.1.ffn_up_exps.weight dependency_distance=0
token1_blk3_routed prefetch expert_id=59 tensor=blk.1.ffn_down_exps.weight dependency_distance=2
expert_parity max_abs=0 max_rel=0 mean_abs=0 tolerance=1e-5
token1_blk3_routed expert_id=59 consumer_wait=not_instrumented acquire_release=recorded peak_active=1622016 peak_resident=8245248
token1_blk3_routed residency_hits=36 residency_misses=42 source_reads=18 materialization_requests=18 source_policy_calls=18 evictions=20 resident_tensors_after=9
routed_merge_parity max_abs=0 max_rel=0 mean_abs=0 tolerance=1e-5
shared_expert_parity max_abs=0 max_rel=0 mean_abs=0 tolerance=1e-5
pre_residual_composition_parity max_abs=0 max_rel=0 mean_abs=0 tolerance=1e-5
final_layer_parity max_abs=0 max_rel=0 mean_abs=0 tolerance=1e-5
token1_blk3 shared_expert=REQUIRED shared_graph_created=YES residual_add=YES final_composition=PASS
ffn_timing tensor=blk.1.ffn_gate_inp.weight payload_ready_ns=5212758127462 first_consumer_start_ns=5212846072867 payload_to_first_consumer_ns=87945405
ffn_timing tensor=blk.1.ffn_gate_shexp.weight payload_ready_ns=5216963192082 first_consumer_start_ns=5217052521200 payload_to_first_consumer_ns=89329118
ffn_timing tensor=blk.1.ffn_gate_exps.weight payload_ready_ns=5212979357324 first_consumer_start_ns=5213068241671 payload_to_first_consumer_ns=88884347
token1_blk3 full_layer_residency_hits=46 misses=51 evictions=25 source_reads=23 source_bytes=20402176 materialization_requests=23 resident_tensors_after=8
token1_blk3 full_layer_peak_active_persistent_bytes=1622016 full_layer_peak_resident_bytes=8312832
token1_blk3 first_payload_to_shared_compute_start_ns=4374335651 execution_ready_to_consumer_ns=NOT_INSTRUMENTED payload_to_first_useful_compute=NOT_INSTRUMENTED
normalized_input_parity max_abs=0 max_rel=0 mean_abs=0 tolerance=1e-5
router_score_parity max_abs=1.37091e-06 max_rel=2.28584e-05 mean_abs=3.83676e-07 tolerance=1e-5
selected_weight_parity max_abs=8.9407e-08 max_rel=5.9106e-07 mean_abs=5.96046e-08 tolerance=1e-5
reference_token1_blk3 topk_ids=60,2,53,35,15,59 normalized_weights=0.273384,0.190084,0.151266,0.136168,0.132768,0.11633,
reference_token1_blk3_routed expert_rank=0 expert_id=60 router_rank=0 graph_created=YES graph_refs=gate:0,up:1,down:2 storage_ref_base=30180 score_preserved=YES
reference_token1_blk3_routed expert_id=60 selected_range tensor=blk.1.ffn_gate_exps.weight offset=503098224 bytes=563200 layout=DIRECT
reference_token1_blk3_routed expert_id=60 selected_range tensor=blk.1.ffn_up_exps.weight offset=539143040 bytes=563200 layout=DIRECT
reference_token1_blk3_routed expert_id=60 selected_range tensor=blk.1.ffn_down_exps.weight offset=638716816 bytes=1622016 layout=DIRECT
reference_token1_blk3_routed prefetch expert_id=60 tensor=blk.1.ffn_gate_exps.weight dependency_distance=0
reference_token1_blk3_routed prefetch expert_id=60 tensor=blk.1.ffn_up_exps.weight dependency_distance=0
reference_token1_blk3_routed prefetch expert_id=60 tensor=blk.1.ffn_down_exps.weight dependency_distance=2
expert_parity max_abs=0 max_rel=0 mean_abs=0 tolerance=1e-5
reference_token1_blk3_routed expert_id=60 consumer_wait=not_instrumented acquire_release=recorded peak_active=1622016 peak_resident=3280896
reference_token1_blk3_routed expert_rank=1 expert_id=2 router_rank=1 graph_created=YES graph_refs=gate:0,up:1,down:2 storage_ref_base=30006 score_preserved=YES
reference_token1_blk3_routed expert_id=2 selected_range tensor=blk.1.ffn_gate_exps.weight offset=470432624 bytes=563200 layout=DIRECT
reference_token1_blk3_routed expert_id=2 selected_range tensor=blk.1.ffn_up_exps.weight offset=506477440 bytes=563200 layout=DIRECT
reference_token1_blk3_routed expert_id=2 selected_range tensor=blk.1.ffn_down_exps.weight offset=544639888 bytes=1622016 layout=DIRECT
reference_token1_blk3_routed prefetch expert_id=2 tensor=blk.1.ffn_gate_exps.weight dependency_distance=0
reference_token1_blk3_routed prefetch expert_id=2 tensor=blk.1.ffn_up_exps.weight dependency_distance=0
reference_token1_blk3_routed prefetch expert_id=2 tensor=blk.1.ffn_down_exps.weight dependency_distance=2
expert_parity max_abs=0 max_rel=0 mean_abs=0 tolerance=1e-5
reference_token1_blk3_routed expert_id=2 consumer_wait=not_instrumented acquire_release=recorded peak_active=1622016 peak_resident=6029312
reference_token1_blk3_routed expert_rank=2 expert_id=53 router_rank=2 graph_created=YES graph_refs=gate:0,up:1,down:2 storage_ref_base=30159 score_preserved=YES
reference_token1_blk3_routed expert_id=53 selected_range tensor=blk.1.ffn_gate_exps.weight offset=499155824 bytes=563200 layout=DIRECT
reference_token1_blk3_routed expert_id=53 selected_range tensor=blk.1.ffn_up_exps.weight offset=535200640 bytes=563200 layout=DIRECT
reference_token1_blk3_routed expert_id=53 selected_range tensor=blk.1.ffn_down_exps.weight offset=627362704 bytes=1622016 layout=DIRECT
reference_token1_blk3_routed prefetch expert_id=53 tensor=blk.1.ffn_gate_exps.weight dependency_distance=0
reference_token1_blk3_routed prefetch expert_id=53 tensor=blk.1.ffn_up_exps.weight dependency_distance=0
reference_token1_blk3_routed prefetch expert_id=53 tensor=blk.1.ffn_down_exps.weight dependency_distance=2
expert_parity max_abs=0 max_rel=0 mean_abs=0 tolerance=1e-5
reference_token1_blk3_routed expert_id=53 consumer_wait=not_instrumented acquire_release=recorded peak_active=1622016 peak_resident=8245248
reference_token1_blk3_routed expert_rank=3 expert_id=35 router_rank=3 graph_created=YES graph_refs=gate:0,up:1,down:2 storage_ref_base=30105 score_preserved=YES
reference_token1_blk3_routed expert_id=35 selected_range tensor=blk.1.ffn_gate_exps.weight offset=489018224 bytes=563200 layout=DIRECT
reference_token1_blk3_routed expert_id=35 selected_range tensor=blk.1.ffn_up_exps.weight offset=525063040 bytes=563200 layout=DIRECT
reference_token1_blk3_routed expert_id=35 selected_range tensor=blk.1.ffn_down_exps.weight offset=598166416 bytes=1622016 layout=DIRECT
reference_token1_blk3_routed prefetch expert_id=35 tensor=blk.1.ffn_gate_exps.weight dependency_distance=0
reference_token1_blk3_routed prefetch expert_id=35 tensor=blk.1.ffn_up_exps.weight dependency_distance=0
reference_token1_blk3_routed prefetch expert_id=35 tensor=blk.1.ffn_down_exps.weight dependency_distance=2
expert_parity max_abs=0 max_rel=0 mean_abs=0 tolerance=1e-5
reference_token1_blk3_routed expert_id=35 consumer_wait=not_instrumented acquire_release=recorded peak_active=1622016 peak_resident=8245248
reference_token1_blk3_routed expert_rank=4 expert_id=15 router_rank=4 graph_created=YES graph_refs=gate:0,up:1,down:2 storage_ref_base=30045 score_preserved=YES
reference_token1_blk3_routed expert_id=15 selected_range tensor=blk.1.ffn_gate_exps.weight offset=477754224 bytes=563200 layout=DIRECT
reference_token1_blk3_routed expert_id=15 selected_range tensor=blk.1.ffn_up_exps.weight offset=513799040 bytes=563200 layout=DIRECT
reference_token1_blk3_routed expert_id=15 selected_range tensor=blk.1.ffn_down_exps.weight offset=565726096 bytes=1622016 layout=DIRECT
reference_token1_blk3_routed prefetch expert_id=15 tensor=blk.1.ffn_gate_exps.weight dependency_distance=0
reference_token1_blk3_routed prefetch expert_id=15 tensor=blk.1.ffn_up_exps.weight dependency_distance=0
reference_token1_blk3_routed prefetch expert_id=15 tensor=blk.1.ffn_down_exps.weight dependency_distance=2
expert_parity max_abs=0 max_rel=0 mean_abs=0 tolerance=1e-5
reference_token1_blk3_routed expert_id=15 consumer_wait=not_instrumented acquire_release=recorded peak_active=1622016 peak_resident=8245248
reference_token1_blk3_routed expert_rank=5 expert_id=59 router_rank=5 graph_created=YES graph_refs=gate:0,up:1,down:2 storage_ref_base=30177 score_preserved=YES
reference_token1_blk3_routed expert_id=59 selected_range tensor=blk.1.ffn_gate_exps.weight offset=502535024 bytes=563200 layout=DIRECT
reference_token1_blk3_routed expert_id=59 selected_range tensor=blk.1.ffn_up_exps.weight offset=538579840 bytes=563200 layout=DIRECT
reference_token1_blk3_routed expert_id=59 selected_range tensor=blk.1.ffn_down_exps.weight offset=637094800 bytes=1622016 layout=DIRECT
reference_token1_blk3_routed prefetch expert_id=59 tensor=blk.1.ffn_gate_exps.weight dependency_distance=0
reference_token1_blk3_routed prefetch expert_id=59 tensor=blk.1.ffn_up_exps.weight dependency_distance=0
reference_token1_blk3_routed prefetch expert_id=59 tensor=blk.1.ffn_down_exps.weight dependency_distance=2
expert_parity max_abs=0 max_rel=0 mean_abs=0 tolerance=1e-5
reference_token1_blk3_routed expert_id=59 consumer_wait=not_instrumented acquire_release=recorded peak_active=1622016 peak_resident=8245248
reference_token1_blk3_routed residency_hits=36 residency_misses=42 source_reads=18 materialization_requests=18 source_policy_calls=18 evictions=11 resident_tensors_after=9
routed_merge_parity max_abs=0 max_rel=0 mean_abs=0 tolerance=1e-5
shared_expert_parity max_abs=0 max_rel=0 mean_abs=0 tolerance=1e-5
pre_residual_composition_parity max_abs=0 max_rel=0 mean_abs=0 tolerance=1e-5
final_layer_parity max_abs=0 max_rel=0 mean_abs=0 tolerance=1e-5
reference_token1_blk3 shared_expert=REQUIRED shared_graph_created=YES residual_add=YES final_composition=PASS
ffn_timing tensor=blk.1.ffn_gate_inp.weight payload_ready_ns=5217840156589 first_consumer_start_ns=5217928356884 payload_to_first_consumer_ns=88200295
ffn_timing tensor=blk.1.ffn_gate_shexp.weight payload_ready_ns=5222025869935 first_consumer_start_ns=5222115117363 payload_to_first_consumer_ns=89247428
ffn_timing tensor=blk.1.ffn_gate_exps.weight payload_ready_ns=5218062146341 first_consumer_start_ns=5218149814035 payload_to_first_consumer_ns=87667694
reference_token1_blk3 full_layer_residency_hits=46 misses=51 evictions=15 source_reads=23 source_bytes=20402176 materialization_requests=23 resident_tensors_after=8
reference_token1_blk3 full_layer_peak_active_persistent_bytes=1622016 full_layer_peak_resident_bytes=8312832
reference_token1_blk3 first_payload_to_shared_compute_start_ns=4361810027 execution_ready_to_consumer_ns=NOT_INSTRUMENTED payload_to_first_useful_compute=NOT_INSTRUMENTED
token1_blk3_attention_parity max_abs=0 max_rel=0 mean_abs=0 tolerance=1e-5
token1_blk3_block_parity max_abs=0 max_rel=0 mean_abs=0 tolerance=1e-5
BLOCK_OUTPUT_TO_NEXT_INPUT_ZERO_COPY=PASS activation_boundary_copy_bytes=0
multi_layer_token0_final_parity max_abs=0 max_rel=0 mean_abs=0 tolerance=1e-5
multi_layer_token1_final_parity max_abs=0 max_rel=0 mean_abs=0 tolerance=1e-5
MULTI_LAYER_REFERENCE_PARITY_TOKEN_0=PASS MULTI_LAYER_REFERENCE_PARITY_TOKEN_1=PASS
layer=1 token0_selected=56,11,50,34,3,47 token1_selected=56,29,11,3,50,26 state_bytes_token0=20480 state_bytes_token1=40960
layer=2 token0_selected=18,37,53,44,23,61 token1_selected=37,18,44,53,23,49 state_bytes_token0=20480 state_bytes_token1=40960
layer=3 token0_selected=60,2,19,35,9,53 token1_selected=60,2,53,35,15,59 state_bytes_token0=20480 state_bytes_token1=40960
cross_layer_state_isolation=PASS per_layer_runtime_state=PASS unselected_expert_graphs_created=0 unselected_expert_tensors_acquired=0 unselected_expert_source_reads=0 unselected_expert_materializations=0
attention_timing tensor=blk.1.attn_norm.weight payload_ready_ns=5154416105948 first_consumer_start_ns=5222781790638 payload_to_first_consumer_ns=68365684690
attention_timing tensor=blk.1.attn_q.weight payload_ready_ns=5154628276790 first_consumer_start_ns=5223005537944 payload_to_first_consumer_ns=68377261154
attention_timing tensor=blk.1.attn_kv_a_mqa.weight payload_ready_ns=5154840915132 first_consumer_start_ns=5223226662452 payload_to_first_consumer_ns=68385747320
attention_timing tensor=blk.1.attn_kv_a_norm.weight payload_ready_ns=5155050521496 first_consumer_start_ns=5223446227965 payload_to_first_consumer_ns=68395706469
attention_timing tensor=blk.1.attn_kv_b.weight payload_ready_ns=5155262220896 first_consumer_start_ns=5223670065161 payload_to_first_consumer_ns=68407844265
attention_timing tensor=blk.1.attn_output.weight payload_ready_ns=5155470850817 first_consumer_start_ns=5223893511476 payload_to_first_consumer_ns=68422660659
warm_token0_blk1 position=0 state_k_positions=1 state_v_positions=1 attention_probs=1,1,1,1,1,1,1,1,1,1,1,1,1,1,1,1,
reference_attention position=0 state_k_positions=1 state_v_positions=1 attention_probs=1,1,1,1,1,1,1,1,1,1,1,1,1,1,1,1,
normalized_input_parity max_abs=0 max_rel=0 mean_abs=0 tolerance=1e-5
router_score_parity max_abs=1.43051e-06 max_rel=2.50091e-05 mean_abs=3.50527e-07 tolerance=1e-5
selected_weight_parity max_abs=7.45058e-08 max_rel=9.6258e-07 mean_abs=5.09123e-08 tolerance=1e-5
warm_token0_blk1 topk_ids=56,11,50,34,3,47 normalized_weights=0.314496,0.213122,0.188313,0.119806,0.0868612,0.0774022,
warm_token0_blk1_routed expert_rank=0 expert_id=56 router_rank=0 graph_created=YES graph_refs=gate:0,up:1,down:2 storage_ref_base=10168 score_preserved=YES
warm_token0_blk1_routed expert_id=56 selected_range tensor=blk.1.ffn_gate_exps.weight offset=135303648 bytes=563200 layout=DIRECT
warm_token0_blk1_routed expert_id=56 selected_range tensor=blk.1.ffn_up_exps.weight offset=171348464 bytes=563200 layout=DIRECT
warm_token0_blk1_routed expert_id=56 selected_range tensor=blk.1.ffn_down_exps.weight offset=266686976 bytes=1622016 layout=DIRECT
warm_token0_blk1_routed prefetch expert_id=56 tensor=blk.1.ffn_gate_exps.weight dependency_distance=0
warm_token0_blk1_routed prefetch expert_id=56 tensor=blk.1.ffn_up_exps.weight dependency_distance=0
warm_token0_blk1_routed prefetch expert_id=56 tensor=blk.1.ffn_down_exps.weight dependency_distance=2
expert_parity max_abs=0 max_rel=0 mean_abs=0 tolerance=1e-5
warm_token0_blk1_routed expert_id=56 consumer_wait=not_instrumented acquire_release=recorded peak_active=1622016 peak_resident=7367680
warm_token0_blk1_routed expert_rank=1 expert_id=11 router_rank=1 graph_created=YES graph_refs=gate:0,up:1,down:2 storage_ref_base=10033 score_preserved=YES
warm_token0_blk1_routed expert_id=11 selected_range tensor=blk.1.ffn_gate_exps.weight offset=109959648 bytes=563200 layout=DIRECT
warm_token0_blk1_routed expert_id=11 selected_range tensor=blk.1.ffn_up_exps.weight offset=146004464 bytes=563200 layout=DIRECT
warm_token0_blk1_routed expert_id=11 selected_range tensor=blk.1.ffn_down_exps.weight offset=193696256 bytes=1622016 layout=DIRECT
warm_token0_blk1_routed prefetch expert_id=11 tensor=blk.1.ffn_gate_exps.weight dependency_distance=0
warm_token0_blk1_routed prefetch expert_id=11 tensor=blk.1.ffn_up_exps.weight dependency_distance=0
warm_token0_blk1_routed prefetch expert_id=11 tensor=blk.1.ffn_down_exps.weight dependency_distance=2
expert_parity max_abs=0 max_rel=0 mean_abs=0 tolerance=1e-5
warm_token0_blk1_routed expert_id=11 consumer_wait=not_instrumented acquire_release=recorded peak_active=1622016 peak_resident=7752704
warm_token0_blk1_routed expert_rank=2 expert_id=50 router_rank=2 graph_created=YES graph_refs=gate:0,up:1,down:2 storage_ref_base=10150 score_preserved=YES
warm_token0_blk1_routed expert_id=50 selected_range tensor=blk.1.ffn_gate_exps.weight offset=131924448 bytes=563200 layout=DIRECT
warm_token0_blk1_routed expert_id=50 selected_range tensor=blk.1.ffn_up_exps.weight offset=167969264 bytes=563200 layout=DIRECT
warm_token0_blk1_routed expert_id=50 selected_range tensor=blk.1.ffn_down_exps.weight offset=256954880 bytes=1622016 layout=DIRECT
warm_token0_blk1_routed prefetch expert_id=50 tensor=blk.1.ffn_gate_exps.weight dependency_distance=0
warm_token0_blk1_routed prefetch expert_id=50 tensor=blk.1.ffn_up_exps.weight dependency_distance=0
warm_token0_blk1_routed prefetch expert_id=50 tensor=blk.1.ffn_down_exps.weight dependency_distance=2
expert_parity max_abs=0 max_rel=0 mean_abs=0 tolerance=1e-5
warm_token0_blk1_routed expert_id=50 consumer_wait=not_instrumented acquire_release=recorded peak_active=1622016 peak_resident=8245248
warm_token0_blk1_routed expert_rank=3 expert_id=34 router_rank=3 graph_created=YES graph_refs=gate:0,up:1,down:2 storage_ref_base=10102 score_preserved=YES
warm_token0_blk1_routed expert_id=34 selected_range tensor=blk.1.ffn_gate_exps.weight offset=122913248 bytes=563200 layout=DIRECT
warm_token0_blk1_routed expert_id=34 selected_range tensor=blk.1.ffn_up_exps.weight offset=158958064 bytes=563200 layout=DIRECT
warm_token0_blk1_routed expert_id=34 selected_range tensor=blk.1.ffn_down_exps.weight offset=231002624 bytes=1622016 layout=DIRECT
warm_token0_blk1_routed prefetch expert_id=34 tensor=blk.1.ffn_gate_exps.weight dependency_distance=0
warm_token0_blk1_routed prefetch expert_id=34 tensor=blk.1.ffn_up_exps.weight dependency_distance=0
warm_token0_blk1_routed prefetch expert_id=34 tensor=blk.1.ffn_down_exps.weight dependency_distance=2
expert_parity max_abs=0 max_rel=0 mean_abs=0 tolerance=1e-5
warm_token0_blk1_routed expert_id=34 consumer_wait=not_instrumented acquire_release=recorded peak_active=1622016 peak_resident=8245248
warm_token0_blk1_routed expert_rank=4 expert_id=3 router_rank=4 graph_created=YES graph_refs=gate:0,up:1,down:2 storage_ref_base=10009 score_preserved=YES
warm_token0_blk1_routed expert_id=3 selected_range tensor=blk.1.ffn_gate_exps.weight offset=105454048 bytes=563200 layout=DIRECT
warm_token0_blk1_routed expert_id=3 selected_range tensor=blk.1.ffn_up_exps.weight offset=141498864 bytes=563200 layout=DIRECT
warm_token0_blk1_routed expert_id=3 selected_range tensor=blk.1.ffn_down_exps.weight offset=180720128 bytes=1622016 layout=DIRECT
warm_token0_blk1_routed prefetch expert_id=3 tensor=blk.1.ffn_gate_exps.weight dependency_distance=0
warm_token0_blk1_routed prefetch expert_id=3 tensor=blk.1.ffn_up_exps.weight dependency_distance=0
warm_token0_blk1_routed prefetch expert_id=3 tensor=blk.1.ffn_down_exps.weight dependency_distance=2
expert_parity max_abs=0 max_rel=0 mean_abs=0 tolerance=1e-5
warm_token0_blk1_routed expert_id=3 consumer_wait=not_instrumented acquire_release=recorded peak_active=1622016 peak_resident=8245248
warm_token0_blk1_routed expert_rank=5 expert_id=47 router_rank=5 graph_created=YES graph_refs=gate:0,up:1,down:2 storage_ref_base=10141 score_preserved=YES
warm_token0_blk1_routed expert_id=47 selected_range tensor=blk.1.ffn_gate_exps.weight offset=130234848 bytes=563200 layout=DIRECT
warm_token0_blk1_routed expert_id=47 selected_range tensor=blk.1.ffn_up_exps.weight offset=166279664 bytes=563200 layout=DIRECT
warm_token0_blk1_routed expert_id=47 selected_range tensor=blk.1.ffn_down_exps.weight offset=252088832 bytes=1622016 layout=DIRECT
warm_token0_blk1_routed prefetch expert_id=47 tensor=blk.1.ffn_gate_exps.weight dependency_distance=0
warm_token0_blk1_routed prefetch expert_id=47 tensor=blk.1.ffn_up_exps.weight dependency_distance=0
warm_token0_blk1_routed prefetch expert_id=47 tensor=blk.1.ffn_down_exps.weight dependency_distance=2
expert_parity max_abs=0 max_rel=0 mean_abs=0 tolerance=1e-5
warm_token0_blk1_routed expert_id=47 consumer_wait=not_instrumented acquire_release=recorded peak_active=1622016 peak_resident=8245248
warm_token0_blk1_routed residency_hits=36 residency_misses=42 source_reads=18 materialization_requests=18 source_policy_calls=18 evictions=20 resident_tensors_after=9
routed_merge_parity max_abs=0 max_rel=0 mean_abs=0 tolerance=1e-5
shared_expert_parity max_abs=0 max_rel=0 mean_abs=0 tolerance=1e-5
pre_residual_composition_parity max_abs=0 max_rel=0 mean_abs=0 tolerance=1e-5
final_layer_parity max_abs=0 max_rel=0 mean_abs=0 tolerance=1e-5
warm_token0_blk1 shared_expert=REQUIRED shared_graph_created=YES residual_add=YES final_composition=PASS
ffn_timing tensor=blk.1.ffn_gate_inp.weight payload_ready_ns=5224247896989 first_consumer_start_ns=5224335652461 payload_to_first_consumer_ns=87755472
ffn_timing tensor=blk.1.ffn_gate_shexp.weight payload_ready_ns=5228481903451 first_consumer_start_ns=5228570052695 payload_to_first_consumer_ns=88149244
ffn_timing tensor=blk.1.ffn_gate_exps.weight payload_ready_ns=5224469180076 first_consumer_start_ns=5224557791222 payload_to_first_consumer_ns=88611146
warm_token0_blk1 full_layer_residency_hits=46 misses=51 evictions=27 source_reads=23 source_bytes=21168128 materialization_requests=23 resident_tensors_after=6
warm_token0_blk1 full_layer_peak_active_persistent_bytes=1892352 full_layer_peak_resident_bytes=8245248
warm_token0_blk1 first_payload_to_shared_compute_start_ns=4410610513 execution_ready_to_consumer_ns=NOT_INSTRUMENTED payload_to_first_useful_compute=NOT_INSTRUMENTED
normalized_input_parity max_abs=0 max_rel=0 mean_abs=0 tolerance=1e-5
router_score_parity max_abs=1.43051e-06 max_rel=2.50091e-05 mean_abs=3.50527e-07 tolerance=1e-5
selected_weight_parity max_abs=7.45058e-08 max_rel=9.6258e-07 mean_abs=5.09123e-08 tolerance=1e-5
reference_warm_token0_blk1 topk_ids=56,11,50,34,3,47 normalized_weights=0.314496,0.213122,0.188313,0.119806,0.0868612,0.0774022,
reference_warm_token0_blk1_routed expert_rank=0 expert_id=56 router_rank=0 graph_created=YES graph_refs=gate:0,up:1,down:2 storage_ref_base=10168 score_preserved=YES
reference_warm_token0_blk1_routed expert_id=56 selected_range tensor=blk.1.ffn_gate_exps.weight offset=135303648 bytes=563200 layout=DIRECT
reference_warm_token0_blk1_routed expert_id=56 selected_range tensor=blk.1.ffn_up_exps.weight offset=171348464 bytes=563200 layout=DIRECT
reference_warm_token0_blk1_routed expert_id=56 selected_range tensor=blk.1.ffn_down_exps.weight offset=266686976 bytes=1622016 layout=DIRECT
reference_warm_token0_blk1_routed prefetch expert_id=56 tensor=blk.1.ffn_gate_exps.weight dependency_distance=0
reference_warm_token0_blk1_routed prefetch expert_id=56 tensor=blk.1.ffn_up_exps.weight dependency_distance=0
reference_warm_token0_blk1_routed prefetch expert_id=56 tensor=blk.1.ffn_down_exps.weight dependency_distance=2
expert_parity max_abs=0 max_rel=0 mean_abs=0 tolerance=1e-5
reference_warm_token0_blk1_routed expert_id=56 consumer_wait=not_instrumented acquire_release=recorded peak_active=1622016 peak_resident=3280896
reference_warm_token0_blk1_routed expert_rank=1 expert_id=11 router_rank=1 graph_created=YES graph_refs=gate:0,up:1,down:2 storage_ref_base=10033 score_preserved=YES
reference_warm_token0_blk1_routed expert_id=11 selected_range tensor=blk.1.ffn_gate_exps.weight offset=109959648 bytes=563200 layout=DIRECT
reference_warm_token0_blk1_routed expert_id=11 selected_range tensor=blk.1.ffn_up_exps.weight offset=146004464 bytes=563200 layout=DIRECT
reference_warm_token0_blk1_routed expert_id=11 selected_range tensor=blk.1.ffn_down_exps.weight offset=193696256 bytes=1622016 layout=DIRECT
reference_warm_token0_blk1_routed prefetch expert_id=11 tensor=blk.1.ffn_gate_exps.weight dependency_distance=0
reference_warm_token0_blk1_routed prefetch expert_id=11 tensor=blk.1.ffn_up_exps.weight dependency_distance=0
reference_warm_token0_blk1_routed prefetch expert_id=11 tensor=blk.1.ffn_down_exps.weight dependency_distance=2
expert_parity max_abs=0 max_rel=0 mean_abs=0 tolerance=1e-5
reference_warm_token0_blk1_routed expert_id=11 consumer_wait=not_instrumented acquire_release=recorded peak_active=1622016 peak_resident=6029312
reference_warm_token0_blk1_routed expert_rank=2 expert_id=50 router_rank=2 graph_created=YES graph_refs=gate:0,up:1,down:2 storage_ref_base=10150 score_preserved=YES
reference_warm_token0_blk1_routed expert_id=50 selected_range tensor=blk.1.ffn_gate_exps.weight offset=131924448 bytes=563200 layout=DIRECT
reference_warm_token0_blk1_routed expert_id=50 selected_range tensor=blk.1.ffn_up_exps.weight offset=167969264 bytes=563200 layout=DIRECT
reference_warm_token0_blk1_routed expert_id=50 selected_range tensor=blk.1.ffn_down_exps.weight offset=256954880 bytes=1622016 layout=DIRECT
reference_warm_token0_blk1_routed prefetch expert_id=50 tensor=blk.1.ffn_gate_exps.weight dependency_distance=0
reference_warm_token0_blk1_routed prefetch expert_id=50 tensor=blk.1.ffn_up_exps.weight dependency_distance=0
reference_warm_token0_blk1_routed prefetch expert_id=50 tensor=blk.1.ffn_down_exps.weight dependency_distance=2
expert_parity max_abs=0 max_rel=0 mean_abs=0 tolerance=1e-5
reference_warm_token0_blk1_routed expert_id=50 consumer_wait=not_instrumented acquire_release=recorded peak_active=1622016 peak_resident=8245248
reference_warm_token0_blk1_routed expert_rank=3 expert_id=34 router_rank=3 graph_created=YES graph_refs=gate:0,up:1,down:2 storage_ref_base=10102 score_preserved=YES
reference_warm_token0_blk1_routed expert_id=34 selected_range tensor=blk.1.ffn_gate_exps.weight offset=122913248 bytes=563200 layout=DIRECT
reference_warm_token0_blk1_routed expert_id=34 selected_range tensor=blk.1.ffn_up_exps.weight offset=158958064 bytes=563200 layout=DIRECT
reference_warm_token0_blk1_routed expert_id=34 selected_range tensor=blk.1.ffn_down_exps.weight offset=231002624 bytes=1622016 layout=DIRECT
reference_warm_token0_blk1_routed prefetch expert_id=34 tensor=blk.1.ffn_gate_exps.weight dependency_distance=0
reference_warm_token0_blk1_routed prefetch expert_id=34 tensor=blk.1.ffn_up_exps.weight dependency_distance=0
reference_warm_token0_blk1_routed prefetch expert_id=34 tensor=blk.1.ffn_down_exps.weight dependency_distance=2
expert_parity max_abs=0 max_rel=0 mean_abs=0 tolerance=1e-5
reference_warm_token0_blk1_routed expert_id=34 consumer_wait=not_instrumented acquire_release=recorded peak_active=1622016 peak_resident=8245248
reference_warm_token0_blk1_routed expert_rank=4 expert_id=3 router_rank=4 graph_created=YES graph_refs=gate:0,up:1,down:2 storage_ref_base=10009 score_preserved=YES
reference_warm_token0_blk1_routed expert_id=3 selected_range tensor=blk.1.ffn_gate_exps.weight offset=105454048 bytes=563200 layout=DIRECT
reference_warm_token0_blk1_routed expert_id=3 selected_range tensor=blk.1.ffn_up_exps.weight offset=141498864 bytes=563200 layout=DIRECT
reference_warm_token0_blk1_routed expert_id=3 selected_range tensor=blk.1.ffn_down_exps.weight offset=180720128 bytes=1622016 layout=DIRECT
reference_warm_token0_blk1_routed prefetch expert_id=3 tensor=blk.1.ffn_gate_exps.weight dependency_distance=0
reference_warm_token0_blk1_routed prefetch expert_id=3 tensor=blk.1.ffn_up_exps.weight dependency_distance=0
reference_warm_token0_blk1_routed prefetch expert_id=3 tensor=blk.1.ffn_down_exps.weight dependency_distance=2
expert_parity max_abs=0 max_rel=0 mean_abs=0 tolerance=1e-5
reference_warm_token0_blk1_routed expert_id=3 consumer_wait=not_instrumented acquire_release=recorded peak_active=1622016 peak_resident=8245248
reference_warm_token0_blk1_routed expert_rank=5 expert_id=47 router_rank=5 graph_created=YES graph_refs=gate:0,up:1,down:2 storage_ref_base=10141 score_preserved=YES
reference_warm_token0_blk1_routed expert_id=47 selected_range tensor=blk.1.ffn_gate_exps.weight offset=130234848 bytes=563200 layout=DIRECT
reference_warm_token0_blk1_routed expert_id=47 selected_range tensor=blk.1.ffn_up_exps.weight offset=166279664 bytes=563200 layout=DIRECT
reference_warm_token0_blk1_routed expert_id=47 selected_range tensor=blk.1.ffn_down_exps.weight offset=252088832 bytes=1622016 layout=DIRECT
reference_warm_token0_blk1_routed prefetch expert_id=47 tensor=blk.1.ffn_gate_exps.weight dependency_distance=0
reference_warm_token0_blk1_routed prefetch expert_id=47 tensor=blk.1.ffn_up_exps.weight dependency_distance=0
reference_warm_token0_blk1_routed prefetch expert_id=47 tensor=blk.1.ffn_down_exps.weight dependency_distance=2
expert_parity max_abs=0 max_rel=0 mean_abs=0 tolerance=1e-5
reference_warm_token0_blk1_routed expert_id=47 consumer_wait=not_instrumented acquire_release=recorded peak_active=1622016 peak_resident=8245248
reference_warm_token0_blk1_routed residency_hits=36 residency_misses=42 source_reads=18 materialization_requests=18 source_policy_calls=18 evictions=11 resident_tensors_after=9
routed_merge_parity max_abs=0 max_rel=0 mean_abs=0 tolerance=1e-5
shared_expert_parity max_abs=0 max_rel=0 mean_abs=0 tolerance=1e-5
pre_residual_composition_parity max_abs=0 max_rel=0 mean_abs=0 tolerance=1e-5
final_layer_parity max_abs=0 max_rel=0 mean_abs=0 tolerance=1e-5
reference_warm_token0_blk1 shared_expert=REQUIRED shared_graph_created=YES residual_add=YES final_composition=PASS
ffn_timing tensor=blk.1.ffn_gate_inp.weight payload_ready_ns=5229372654386 first_consumer_start_ns=5229463595588 payload_to_first_consumer_ns=90941202
ffn_timing tensor=blk.1.ffn_gate_shexp.weight payload_ready_ns=5233606012561 first_consumer_start_ns=5233694730196 payload_to_first_consumer_ns=88717635
ffn_timing tensor=blk.1.ffn_gate_exps.weight payload_ready_ns=5229604295822 first_consumer_start_ns=5229697266580 payload_to_first_consumer_ns=92970758
reference_warm_token0_blk1 full_layer_residency_hits=46 misses=51 evictions=17 source_reads=23 source_bytes=21168128 materialization_requests=23 resident_tensors_after=6
reference_warm_token0_blk1 full_layer_peak_active_persistent_bytes=1892352 full_layer_peak_resident_bytes=8245248
reference_warm_token0_blk1 first_payload_to_shared_compute_start_ns=4421025585 execution_ready_to_consumer_ns=NOT_INSTRUMENTED payload_to_first_useful_compute=NOT_INSTRUMENTED
warm_token0_blk1_attention_parity max_abs=0 max_rel=0 mean_abs=0 tolerance=1e-5
warm_token0_blk1_block_parity max_abs=0 max_rel=0 mean_abs=0 tolerance=1e-5
warm_token0 block_handoff block=2 handoff_ns=26780 activation_copy_bytes=0
attention_timing tensor=blk.1.attn_norm.weight payload_ready_ns=5154416105948 first_consumer_start_ns=5234360978369 payload_to_first_consumer_ns=79944872421
attention_timing tensor=blk.1.attn_q.weight payload_ready_ns=5154628276790 first_consumer_start_ns=5234579272846 payload_to_first_consumer_ns=79950996056
attention_timing tensor=blk.1.attn_kv_a_mqa.weight payload_ready_ns=5154840915132 first_consumer_start_ns=5234799808830 payload_to_first_consumer_ns=79958893698
attention_timing tensor=blk.1.attn_kv_a_norm.weight payload_ready_ns=5155050521496 first_consumer_start_ns=5235017502745 payload_to_first_consumer_ns=79966981249
attention_timing tensor=blk.1.attn_kv_b.weight payload_ready_ns=5155262220896 first_consumer_start_ns=5235234394398 payload_to_first_consumer_ns=79972173502
attention_timing tensor=blk.1.attn_output.weight payload_ready_ns=5155470850817 first_consumer_start_ns=5235450995420 payload_to_first_consumer_ns=79980144603
warm_token0_blk2 position=0 state_k_positions=1 state_v_positions=1 attention_probs=1,1,1,1,1,1,1,1,1,1,1,1,1,1,1,1,
reference_attention position=0 state_k_positions=1 state_v_positions=1 attention_probs=1,1,1,1,1,1,1,1,1,1,1,1,1,1,1,1,
normalized_input_parity max_abs=0 max_rel=0 mean_abs=0 tolerance=1e-5
router_score_parity max_abs=1.66893e-06 max_rel=5.85471e-06 mean_abs=4.32396e-07 tolerance=1e-5
selected_weight_parity max_abs=1.78814e-07 max_rel=1.10721e-06 mean_abs=1.16726e-07 tolerance=1e-5
warm_token0_blk2 topk_ids=18,37,53,44,23,61 normalized_weights=0.364895,0.165983,0.145671,0.134583,0.100169,0.0887,
warm_token0_blk2_routed expert_rank=0 expert_id=18 router_rank=0 graph_created=YES graph_refs=gate:0,up:1,down:2 storage_ref_base=20054 score_preserved=YES
warm_token0_blk2_routed expert_id=18 selected_range tensor=blk.1.ffn_gate_exps.weight offset=296672936 bytes=563200 layout=DIRECT
warm_token0_blk2_routed expert_id=18 selected_range tensor=blk.1.ffn_up_exps.weight offset=332717752 bytes=563200 layout=DIRECT
warm_token0_blk2_routed expert_id=18 selected_range tensor=blk.1.ffn_down_exps.weight offset=387821256 bytes=1622016 layout=DIRECT
warm_token0_blk2_routed prefetch expert_id=18 tensor=blk.1.ffn_gate_exps.weight dependency_distance=0
warm_token0_blk2_routed prefetch expert_id=18 tensor=blk.1.ffn_up_exps.weight dependency_distance=0
warm_token0_blk2_routed prefetch expert_id=18 tensor=blk.1.ffn_down_exps.weight dependency_distance=2
expert_parity max_abs=0 max_rel=0 mean_abs=0 tolerance=1e-5
warm_token0_blk2_routed expert_id=18 consumer_wait=not_instrumented acquire_release=recorded peak_active=1622016 peak_resident=8133632
warm_token0_blk2_routed expert_rank=1 expert_id=37 router_rank=1 graph_created=YES graph_refs=gate:0,up:1,down:2 storage_ref_base=20111 score_preserved=YES
warm_token0_blk2_routed expert_id=37 selected_range tensor=blk.1.ffn_gate_exps.weight offset=307373736 bytes=563200 layout=DIRECT
warm_token0_blk2_routed expert_id=37 selected_range tensor=blk.1.ffn_up_exps.weight offset=343418552 bytes=563200 layout=DIRECT
warm_token0_blk2_routed expert_id=37 selected_range tensor=blk.1.ffn_down_exps.weight offset=418639560 bytes=1622016 layout=DIRECT
warm_token0_blk2_routed prefetch expert_id=37 tensor=blk.1.ffn_gate_exps.weight dependency_distance=0
warm_token0_blk2_routed prefetch expert_id=37 tensor=blk.1.ffn_up_exps.weight dependency_distance=0
warm_token0_blk2_routed prefetch expert_id=37 tensor=blk.1.ffn_down_exps.weight dependency_distance=2
expert_parity max_abs=0 max_rel=0 mean_abs=0 tolerance=1e-5
warm_token0_blk2_routed expert_id=37 consumer_wait=not_instrumented acquire_release=recorded peak_active=1622016 peak_resident=7752704
warm_token0_blk2_routed expert_rank=2 expert_id=53 router_rank=2 graph_created=YES graph_refs=gate:0,up:1,down:2 storage_ref_base=20159 score_preserved=YES
warm_token0_blk2_routed expert_id=53 selected_range tensor=blk.1.ffn_gate_exps.weight offset=316384936 bytes=563200 layout=DIRECT
warm_token0_blk2_routed expert_id=53 selected_range tensor=blk.1.ffn_up_exps.weight offset=352429752 bytes=563200 layout=DIRECT
warm_token0_blk2_routed expert_id=53 selected_range tensor=blk.1.ffn_down_exps.weight offset=444591816 bytes=1622016 layout=DIRECT
warm_token0_blk2_routed prefetch expert_id=53 tensor=blk.1.ffn_gate_exps.weight dependency_distance=0
warm_token0_blk2_routed prefetch expert_id=53 tensor=blk.1.ffn_up_exps.weight dependency_distance=0
warm_token0_blk2_routed prefetch expert_id=53 tensor=blk.1.ffn_down_exps.weight dependency_distance=2
expert_parity max_abs=0 max_rel=0 mean_abs=0 tolerance=1e-5
warm_token0_blk2_routed expert_id=53 consumer_wait=not_instrumented acquire_release=recorded peak_active=1622016 peak_resident=8245248
warm_token0_blk2_routed expert_rank=3 expert_id=44 router_rank=3 graph_created=YES graph_refs=gate:0,up:1,down:2 storage_ref_base=20132 score_preserved=YES
warm_token0_blk2_routed expert_id=44 selected_range tensor=blk.1.ffn_gate_exps.weight offset=311316136 bytes=563200 layout=DIRECT
warm_token0_blk2_routed expert_id=44 selected_range tensor=blk.1.ffn_up_exps.weight offset=347360952 bytes=563200 layout=DIRECT
warm_token0_blk2_routed expert_id=44 selected_range tensor=blk.1.ffn_down_exps.weight offset=429993672 bytes=1622016 layout=DIRECT
warm_token0_blk2_routed prefetch expert_id=44 tensor=blk.1.ffn_gate_exps.weight dependency_distance=0
warm_token0_blk2_routed prefetch expert_id=44 tensor=blk.1.ffn_up_exps.weight dependency_distance=0
warm_token0_blk2_routed prefetch expert_id=44 tensor=blk.1.ffn_down_exps.weight dependency_distance=2
expert_parity max_abs=0 max_rel=0 mean_abs=0 tolerance=1e-5
warm_token0_blk2_routed expert_id=44 consumer_wait=not_instrumented acquire_release=recorded peak_active=1622016 peak_resident=8245248
warm_token0_blk2_routed expert_rank=4 expert_id=23 router_rank=4 graph_created=YES graph_refs=gate:0,up:1,down:2 storage_ref_base=20069 score_preserved=YES
warm_token0_blk2_routed expert_id=23 selected_range tensor=blk.1.ffn_gate_exps.weight offset=299488936 bytes=563200 layout=DIRECT
warm_token0_blk2_routed expert_id=23 selected_range tensor=blk.1.ffn_up_exps.weight offset=335533752 bytes=563200 layout=DIRECT
warm_token0_blk2_routed expert_id=23 selected_range tensor=blk.1.ffn_down_exps.weight offset=395931336 bytes=1622016 layout=DIRECT
warm_token0_blk2_routed prefetch expert_id=23 tensor=blk.1.ffn_gate_exps.weight dependency_distance=0
warm_token0_blk2_routed prefetch expert_id=23 tensor=blk.1.ffn_up_exps.weight dependency_distance=0
warm_token0_blk2_routed prefetch expert_id=23 tensor=blk.1.ffn_down_exps.weight dependency_distance=2
expert_parity max_abs=0 max_rel=0 mean_abs=0 tolerance=1e-5
warm_token0_blk2_routed expert_id=23 consumer_wait=not_instrumented acquire_release=recorded peak_active=1622016 peak_resident=8245248
warm_token0_blk2_routed expert_rank=5 expert_id=61 router_rank=5 graph_created=YES graph_refs=gate:0,up:1,down:2 storage_ref_base=20183 score_preserved=YES
warm_token0_blk2_routed expert_id=61 selected_range tensor=blk.1.ffn_gate_exps.weight offset=320890536 bytes=563200 layout=DIRECT
warm_token0_blk2_routed expert_id=61 selected_range tensor=blk.1.ffn_up_exps.weight offset=356935352 bytes=563200 layout=DIRECT
warm_token0_blk2_routed expert_id=61 selected_range tensor=blk.1.ffn_down_exps.weight offset=457567944 bytes=1622016 layout=DIRECT
warm_token0_blk2_routed prefetch expert_id=61 tensor=blk.1.ffn_gate_exps.weight dependency_distance=0
warm_token0_blk2_routed prefetch expert_id=61 tensor=blk.1.ffn_up_exps.weight dependency_distance=0
warm_token0_blk2_routed prefetch expert_id=61 tensor=blk.1.ffn_down_exps.weight dependency_distance=2
expert_parity max_abs=0 max_rel=0 mean_abs=0 tolerance=1e-5
warm_token0_blk2_routed expert_id=61 consumer_wait=not_instrumented acquire_release=recorded peak_active=1622016 peak_resident=8245248
warm_token0_blk2_routed residency_hits=36 residency_misses=42 source_reads=18 materialization_requests=18 source_policy_calls=18 evictions=20 resident_tensors_after=9
routed_merge_parity max_abs=0 max_rel=0 mean_abs=0 tolerance=1e-5
shared_expert_parity max_abs=0 max_rel=0 mean_abs=0 tolerance=1e-5
pre_residual_composition_parity max_abs=0 max_rel=0 mean_abs=0 tolerance=1e-5
final_layer_parity max_abs=0 max_rel=0 mean_abs=0 tolerance=1e-5
warm_token0_blk2 shared_expert=REQUIRED shared_graph_created=YES residual_add=YES final_composition=PASS
ffn_timing tensor=blk.1.ffn_gate_inp.weight payload_ready_ns=5235798559578 first_consumer_start_ns=5235886285849 payload_to_first_consumer_ns=87726271
ffn_timing tensor=blk.1.ffn_gate_shexp.weight payload_ready_ns=5239976628392 first_consumer_start_ns=5240063663851 payload_to_first_consumer_ns=87035459
ffn_timing tensor=blk.1.ffn_gate_exps.weight payload_ready_ns=5236018421639 first_consumer_start_ns=5236107357204 payload_to_first_consumer_ns=88935565
warm_token0_blk2 full_layer_residency_hits=46 misses=51 evictions=24 source_reads=23 source_bytes=20402176 materialization_requests=23 resident_tensors_after=8
warm_token0_blk2 full_layer_peak_active_persistent_bytes=1622016 full_layer_peak_resident_bytes=8312832
warm_token0_blk2 first_payload_to_shared_compute_start_ns=4350947911 execution_ready_to_consumer_ns=NOT_INSTRUMENTED payload_to_first_useful_compute=NOT_INSTRUMENTED
normalized_input_parity max_abs=0 max_rel=0 mean_abs=0 tolerance=1e-5
router_score_parity max_abs=1.66893e-06 max_rel=5.85471e-06 mean_abs=4.32396e-07 tolerance=1e-5
selected_weight_parity max_abs=1.78814e-07 max_rel=1.10721e-06 mean_abs=1.16726e-07 tolerance=1e-5
reference_warm_token0_blk2 topk_ids=18,37,53,44,23,61 normalized_weights=0.364895,0.165983,0.145671,0.134583,0.100169,0.0887,
reference_warm_token0_blk2_routed expert_rank=0 expert_id=18 router_rank=0 graph_created=YES graph_refs=gate:0,up:1,down:2 storage_ref_base=20054 score_preserved=YES
reference_warm_token0_blk2_routed expert_id=18 selected_range tensor=blk.1.ffn_gate_exps.weight offset=296672936 bytes=563200 layout=DIRECT
reference_warm_token0_blk2_routed expert_id=18 selected_range tensor=blk.1.ffn_up_exps.weight offset=332717752 bytes=563200 layout=DIRECT
reference_warm_token0_blk2_routed expert_id=18 selected_range tensor=blk.1.ffn_down_exps.weight offset=387821256 bytes=1622016 layout=DIRECT
reference_warm_token0_blk2_routed prefetch expert_id=18 tensor=blk.1.ffn_gate_exps.weight dependency_distance=0
reference_warm_token0_blk2_routed prefetch expert_id=18 tensor=blk.1.ffn_up_exps.weight dependency_distance=0
reference_warm_token0_blk2_routed prefetch expert_id=18 tensor=blk.1.ffn_down_exps.weight dependency_distance=2
expert_parity max_abs=0 max_rel=0 mean_abs=0 tolerance=1e-5
reference_warm_token0_blk2_routed expert_id=18 consumer_wait=not_instrumented acquire_release=recorded peak_active=1622016 peak_resident=3280896
reference_warm_token0_blk2_routed expert_rank=1 expert_id=37 router_rank=1 graph_created=YES graph_refs=gate:0,up:1,down:2 storage_ref_base=20111 score_preserved=YES
reference_warm_token0_blk2_routed expert_id=37 selected_range tensor=blk.1.ffn_gate_exps.weight offset=307373736 bytes=563200 layout=DIRECT
reference_warm_token0_blk2_routed expert_id=37 selected_range tensor=blk.1.ffn_up_exps.weight offset=343418552 bytes=563200 layout=DIRECT
reference_warm_token0_blk2_routed expert_id=37 selected_range tensor=blk.1.ffn_down_exps.weight offset=418639560 bytes=1622016 layout=DIRECT
reference_warm_token0_blk2_routed prefetch expert_id=37 tensor=blk.1.ffn_gate_exps.weight dependency_distance=0
reference_warm_token0_blk2_routed prefetch expert_id=37 tensor=blk.1.ffn_up_exps.weight dependency_distance=0
reference_warm_token0_blk2_routed prefetch expert_id=37 tensor=blk.1.ffn_down_exps.weight dependency_distance=2
expert_parity max_abs=0 max_rel=0 mean_abs=0 tolerance=1e-5
reference_warm_token0_blk2_routed expert_id=37 consumer_wait=not_instrumented acquire_release=recorded peak_active=1622016 peak_resident=6029312
reference_warm_token0_blk2_routed expert_rank=2 expert_id=53 router_rank=2 graph_created=YES graph_refs=gate:0,up:1,down:2 storage_ref_base=20159 score_preserved=YES
reference_warm_token0_blk2_routed expert_id=53 selected_range tensor=blk.1.ffn_gate_exps.weight offset=316384936 bytes=563200 layout=DIRECT
reference_warm_token0_blk2_routed expert_id=53 selected_range tensor=blk.1.ffn_up_exps.weight offset=352429752 bytes=563200 layout=DIRECT
reference_warm_token0_blk2_routed expert_id=53 selected_range tensor=blk.1.ffn_down_exps.weight offset=444591816 bytes=1622016 layout=DIRECT
reference_warm_token0_blk2_routed prefetch expert_id=53 tensor=blk.1.ffn_gate_exps.weight dependency_distance=0
reference_warm_token0_blk2_routed prefetch expert_id=53 tensor=blk.1.ffn_up_exps.weight dependency_distance=0
reference_warm_token0_blk2_routed prefetch expert_id=53 tensor=blk.1.ffn_down_exps.weight dependency_distance=2
expert_parity max_abs=0 max_rel=0 mean_abs=0 tolerance=1e-5
reference_warm_token0_blk2_routed expert_id=53 consumer_wait=not_instrumented acquire_release=recorded peak_active=1622016 peak_resident=8245248
reference_warm_token0_blk2_routed expert_rank=3 expert_id=44 router_rank=3 graph_created=YES graph_refs=gate:0,up:1,down:2 storage_ref_base=20132 score_preserved=YES
reference_warm_token0_blk2_routed expert_id=44 selected_range tensor=blk.1.ffn_gate_exps.weight offset=311316136 bytes=563200 layout=DIRECT
reference_warm_token0_blk2_routed expert_id=44 selected_range tensor=blk.1.ffn_up_exps.weight offset=347360952 bytes=563200 layout=DIRECT
reference_warm_token0_blk2_routed expert_id=44 selected_range tensor=blk.1.ffn_down_exps.weight offset=429993672 bytes=1622016 layout=DIRECT
reference_warm_token0_blk2_routed prefetch expert_id=44 tensor=blk.1.ffn_gate_exps.weight dependency_distance=0
reference_warm_token0_blk2_routed prefetch expert_id=44 tensor=blk.1.ffn_up_exps.weight dependency_distance=0
reference_warm_token0_blk2_routed prefetch expert_id=44 tensor=blk.1.ffn_down_exps.weight dependency_distance=2
expert_parity max_abs=0 max_rel=0 mean_abs=0 tolerance=1e-5
reference_warm_token0_blk2_routed expert_id=44 consumer_wait=not_instrumented acquire_release=recorded peak_active=1622016 peak_resident=8245248
reference_warm_token0_blk2_routed expert_rank=4 expert_id=23 router_rank=4 graph_created=YES graph_refs=gate:0,up:1,down:2 storage_ref_base=20069 score_preserved=YES
reference_warm_token0_blk2_routed expert_id=23 selected_range tensor=blk.1.ffn_gate_exps.weight offset=299488936 bytes=563200 layout=DIRECT
reference_warm_token0_blk2_routed expert_id=23 selected_range tensor=blk.1.ffn_up_exps.weight offset=335533752 bytes=563200 layout=DIRECT
reference_warm_token0_blk2_routed expert_id=23 selected_range tensor=blk.1.ffn_down_exps.weight offset=395931336 bytes=1622016 layout=DIRECT
reference_warm_token0_blk2_routed prefetch expert_id=23 tensor=blk.1.ffn_gate_exps.weight dependency_distance=0
reference_warm_token0_blk2_routed prefetch expert_id=23 tensor=blk.1.ffn_up_exps.weight dependency_distance=0
reference_warm_token0_blk2_routed prefetch expert_id=23 tensor=blk.1.ffn_down_exps.weight dependency_distance=2
expert_parity max_abs=0 max_rel=0 mean_abs=0 tolerance=1e-5
reference_warm_token0_blk2_routed expert_id=23 consumer_wait=not_instrumented acquire_release=recorded peak_active=1622016 peak_resident=8245248
reference_warm_token0_blk2_routed expert_rank=5 expert_id=61 router_rank=5 graph_created=YES graph_refs=gate:0,up:1,down:2 storage_ref_base=20183 score_preserved=YES
reference_warm_token0_blk2_routed expert_id=61 selected_range tensor=blk.1.ffn_gate_exps.weight offset=320890536 bytes=563200 layout=DIRECT
reference_warm_token0_blk2_routed expert_id=61 selected_range tensor=blk.1.ffn_up_exps.weight offset=356935352 bytes=563200 layout=DIRECT
reference_warm_token0_blk2_routed expert_id=61 selected_range tensor=blk.1.ffn_down_exps.weight offset=457567944 bytes=1622016 layout=DIRECT
reference_warm_token0_blk2_routed prefetch expert_id=61 tensor=blk.1.ffn_gate_exps.weight dependency_distance=0
reference_warm_token0_blk2_routed prefetch expert_id=61 tensor=blk.1.ffn_up_exps.weight dependency_distance=0
reference_warm_token0_blk2_routed prefetch expert_id=61 tensor=blk.1.ffn_down_exps.weight dependency_distance=2
expert_parity max_abs=0 max_rel=0 mean_abs=0 tolerance=1e-5
reference_warm_token0_blk2_routed expert_id=61 consumer_wait=not_instrumented acquire_release=recorded peak_active=1622016 peak_resident=8245248
reference_warm_token0_blk2_routed residency_hits=36 residency_misses=42 source_reads=18 materialization_requests=18 source_policy_calls=18 evictions=11 resident_tensors_after=9
routed_merge_parity max_abs=0 max_rel=0 mean_abs=0 tolerance=1e-5
shared_expert_parity max_abs=0 max_rel=0 mean_abs=0 tolerance=1e-5
pre_residual_composition_parity max_abs=0 max_rel=0 mean_abs=0 tolerance=1e-5
final_layer_parity max_abs=0 max_rel=0 mean_abs=0 tolerance=1e-5
reference_warm_token0_blk2 shared_expert=REQUIRED shared_graph_created=YES residual_add=YES final_composition=PASS
ffn_timing tensor=blk.1.ffn_gate_inp.weight payload_ready_ns=5240850222215 first_consumer_start_ns=5240937653625 payload_to_first_consumer_ns=87431410
ffn_timing tensor=blk.1.ffn_gate_shexp.weight payload_ready_ns=5245024323843 first_consumer_start_ns=5245112102314 payload_to_first_consumer_ns=87778471
ffn_timing tensor=blk.1.ffn_gate_exps.weight payload_ready_ns=5241069719354 first_consumer_start_ns=5241157257695 payload_to_first_consumer_ns=87538341
reference_warm_token0_blk2 full_layer_residency_hits=46 misses=51 evictions=15 source_reads=23 source_bytes=20402176 materialization_requests=23 resident_tensors_after=8
reference_warm_token0_blk2 full_layer_peak_active_persistent_bytes=1622016 full_layer_peak_resident_bytes=8312832
reference_warm_token0_blk2 first_payload_to_shared_compute_start_ns=4350286983 execution_ready_to_consumer_ns=NOT_INSTRUMENTED payload_to_first_useful_compute=NOT_INSTRUMENTED
warm_token0_blk2_attention_parity max_abs=0 max_rel=0 mean_abs=0 tolerance=1e-5
warm_token0_blk2_block_parity max_abs=0 max_rel=0 mean_abs=0 tolerance=1e-5
warm_token0 block_handoff block=3 handoff_ns=30160 activation_copy_bytes=0
attention_timing tensor=blk.1.attn_norm.weight payload_ready_ns=5154416105948 first_consumer_start_ns=5245775714751 payload_to_first_consumer_ns=91359608803
attention_timing tensor=blk.1.attn_q.weight payload_ready_ns=5154628276790 first_consumer_start_ns=5245998024677 payload_to_first_consumer_ns=91369747887
attention_timing tensor=blk.1.attn_kv_a_mqa.weight payload_ready_ns=5154840915132 first_consumer_start_ns=5246217710505 payload_to_first_consumer_ns=91376795373
attention_timing tensor=blk.1.attn_kv_a_norm.weight payload_ready_ns=5155050521496 first_consumer_start_ns=5246437780294 payload_to_first_consumer_ns=91387258798
attention_timing tensor=blk.1.attn_kv_b.weight payload_ready_ns=5155262220896 first_consumer_start_ns=5246657111101 payload_to_first_consumer_ns=91394890205
attention_timing tensor=blk.1.attn_output.weight payload_ready_ns=5155470850817 first_consumer_start_ns=5246880685130 payload_to_first_consumer_ns=91409834313
warm_token0_blk3 position=0 state_k_positions=1 state_v_positions=1 attention_probs=1,1,1,1,1,1,1,1,1,1,1,1,1,1,1,1,
reference_attention position=0 state_k_positions=1 state_v_positions=1 attention_probs=1,1,1,1,1,1,1,1,1,1,1,1,1,1,1,1,
normalized_input_parity max_abs=0 max_rel=0 mean_abs=0 tolerance=1e-5
router_score_parity max_abs=2.14577e-06 max_rel=1.87992e-05 mean_abs=3.23213e-07 tolerance=1e-5
selected_weight_parity max_abs=1.19209e-07 max_rel=9.10917e-07 mean_abs=6.95388e-08 tolerance=1e-5
warm_token0_blk3 topk_ids=60,2,19,35,9,53 normalized_weights=0.298484,0.190562,0.142057,0.131884,0.122504,0.114509,
warm_token0_blk3_routed expert_rank=0 expert_id=60 router_rank=0 graph_created=YES graph_refs=gate:0,up:1,down:2 storage_ref_base=30180 score_preserved=YES
warm_token0_blk3_routed expert_id=60 selected_range tensor=blk.1.ffn_gate_exps.weight offset=503098224 bytes=563200 layout=DIRECT
warm_token0_blk3_routed expert_id=60 selected_range tensor=blk.1.ffn_up_exps.weight offset=539143040 bytes=563200 layout=DIRECT
warm_token0_blk3_routed expert_id=60 selected_range tensor=blk.1.ffn_down_exps.weight offset=638716816 bytes=1622016 layout=DIRECT
warm_token0_blk3_routed prefetch expert_id=60 tensor=blk.1.ffn_gate_exps.weight dependency_distance=0
warm_token0_blk3_routed prefetch expert_id=60 tensor=blk.1.ffn_up_exps.weight dependency_distance=0
warm_token0_blk3_routed prefetch expert_id=60 tensor=blk.1.ffn_down_exps.weight dependency_distance=2
expert_parity max_abs=0 max_rel=0 mean_abs=0 tolerance=1e-5
warm_token0_blk3_routed expert_id=60 consumer_wait=not_instrumented acquire_release=recorded peak_active=1622016 peak_resident=7367680
warm_token0_blk3_routed expert_rank=1 expert_id=2 router_rank=1 graph_created=YES graph_refs=gate:0,up:1,down:2 storage_ref_base=30006 score_preserved=YES
warm_token0_blk3_routed expert_id=2 selected_range tensor=blk.1.ffn_gate_exps.weight offset=470432624 bytes=563200 layout=DIRECT
warm_token0_blk3_routed expert_id=2 selected_range tensor=blk.1.ffn_up_exps.weight offset=506477440 bytes=563200 layout=DIRECT
warm_token0_blk3_routed expert_id=2 selected_range tensor=blk.1.ffn_down_exps.weight offset=544639888 bytes=1622016 layout=DIRECT
warm_token0_blk3_routed prefetch expert_id=2 tensor=blk.1.ffn_gate_exps.weight dependency_distance=0
warm_token0_blk3_routed prefetch expert_id=2 tensor=blk.1.ffn_up_exps.weight dependency_distance=0
warm_token0_blk3_routed prefetch expert_id=2 tensor=blk.1.ffn_down_exps.weight dependency_distance=2
expert_parity max_abs=0 max_rel=0 mean_abs=0 tolerance=1e-5
warm_token0_blk3_routed expert_id=2 consumer_wait=not_instrumented acquire_release=recorded peak_active=1622016 peak_resident=7752704
warm_token0_blk3_routed expert_rank=2 expert_id=19 router_rank=2 graph_created=YES graph_refs=gate:0,up:1,down:2 storage_ref_base=30057 score_preserved=YES
warm_token0_blk3_routed expert_id=19 selected_range tensor=blk.1.ffn_gate_exps.weight offset=480007024 bytes=563200 layout=DIRECT
warm_token0_blk3_routed expert_id=19 selected_range tensor=blk.1.ffn_up_exps.weight offset=516051840 bytes=563200 layout=DIRECT
warm_token0_blk3_routed expert_id=19 selected_range tensor=blk.1.ffn_down_exps.weight offset=572214160 bytes=1622016 layout=DIRECT
warm_token0_blk3_routed prefetch expert_id=19 tensor=blk.1.ffn_gate_exps.weight dependency_distance=0
warm_token0_blk3_routed prefetch expert_id=19 tensor=blk.1.ffn_up_exps.weight dependency_distance=0
warm_token0_blk3_routed prefetch expert_id=19 tensor=blk.1.ffn_down_exps.weight dependency_distance=2
expert_parity max_abs=0 max_rel=0 mean_abs=0 tolerance=1e-5
warm_token0_blk3_routed expert_id=19 consumer_wait=not_instrumented acquire_release=recorded peak_active=1622016 peak_resident=8245248
warm_token0_blk3_routed expert_rank=3 expert_id=35 router_rank=3 graph_created=YES graph_refs=gate:0,up:1,down:2 storage_ref_base=30105 score_preserved=YES
warm_token0_blk3_routed expert_id=35 selected_range tensor=blk.1.ffn_gate_exps.weight offset=489018224 bytes=563200 layout=DIRECT
warm_token0_blk3_routed expert_id=35 selected_range tensor=blk.1.ffn_up_exps.weight offset=525063040 bytes=563200 layout=DIRECT
warm_token0_blk3_routed expert_id=35 selected_range tensor=blk.1.ffn_down_exps.weight offset=598166416 bytes=1622016 layout=DIRECT
warm_token0_blk3_routed prefetch expert_id=35 tensor=blk.1.ffn_gate_exps.weight dependency_distance=0
warm_token0_blk3_routed prefetch expert_id=35 tensor=blk.1.ffn_up_exps.weight dependency_distance=0
warm_token0_blk3_routed prefetch expert_id=35 tensor=blk.1.ffn_down_exps.weight dependency_distance=2
expert_parity max_abs=0 max_rel=0 mean_abs=0 tolerance=1e-5
warm_token0_blk3_routed expert_id=35 consumer_wait=not_instrumented acquire_release=recorded peak_active=1622016 peak_resident=8245248
warm_token0_blk3_routed expert_rank=4 expert_id=9 router_rank=4 graph_created=YES graph_refs=gate:0,up:1,down:2 storage_ref_base=30027 score_preserved=YES
warm_token0_blk3_routed expert_id=9 selected_range tensor=blk.1.ffn_gate_exps.weight offset=474375024 bytes=563200 layout=DIRECT
warm_token0_blk3_routed expert_id=9 selected_range tensor=blk.1.ffn_up_exps.weight offset=510419840 bytes=563200 layout=DIRECT
warm_token0_blk3_routed expert_id=9 selected_range tensor=blk.1.ffn_down_exps.weight offset=555994000 bytes=1622016 layout=DIRECT
warm_token0_blk3_routed prefetch expert_id=9 tensor=blk.1.ffn_gate_exps.weight dependency_distance=0
warm_token0_blk3_routed prefetch expert_id=9 tensor=blk.1.ffn_up_exps.weight dependency_distance=0
warm_token0_blk3_routed prefetch expert_id=9 tensor=blk.1.ffn_down_exps.weight dependency_distance=2
expert_parity max_abs=0 max_rel=0 mean_abs=0 tolerance=1e-5
warm_token0_blk3_routed expert_id=9 consumer_wait=not_instrumented acquire_release=recorded peak_active=1622016 peak_resident=8245248
warm_token0_blk3_routed expert_rank=5 expert_id=53 router_rank=5 graph_created=YES graph_refs=gate:0,up:1,down:2 storage_ref_base=30159 score_preserved=YES
warm_token0_blk3_routed expert_id=53 selected_range tensor=blk.1.ffn_gate_exps.weight offset=499155824 bytes=563200 layout=DIRECT
warm_token0_blk3_routed expert_id=53 selected_range tensor=blk.1.ffn_up_exps.weight offset=535200640 bytes=563200 layout=DIRECT
warm_token0_blk3_routed expert_id=53 selected_range tensor=blk.1.ffn_down_exps.weight offset=627362704 bytes=1622016 layout=DIRECT
warm_token0_blk3_routed prefetch expert_id=53 tensor=blk.1.ffn_gate_exps.weight dependency_distance=0
warm_token0_blk3_routed prefetch expert_id=53 tensor=blk.1.ffn_up_exps.weight dependency_distance=0
warm_token0_blk3_routed prefetch expert_id=53 tensor=blk.1.ffn_down_exps.weight dependency_distance=2
expert_parity max_abs=0 max_rel=0 mean_abs=0 tolerance=1e-5
warm_token0_blk3_routed expert_id=53 consumer_wait=not_instrumented acquire_release=recorded peak_active=1622016 peak_resident=8245248
warm_token0_blk3_routed residency_hits=36 residency_misses=42 source_reads=18 materialization_requests=18 source_policy_calls=18 evictions=20 resident_tensors_after=9
routed_merge_parity max_abs=0 max_rel=0 mean_abs=0 tolerance=1e-5
shared_expert_parity max_abs=0 max_rel=0 mean_abs=0 tolerance=1e-5
pre_residual_composition_parity max_abs=0 max_rel=0 mean_abs=0 tolerance=1e-5
final_layer_parity max_abs=0 max_rel=0 mean_abs=0 tolerance=1e-5
warm_token0_blk3 shared_expert=REQUIRED shared_graph_created=YES residual_add=YES final_composition=PASS
ffn_timing tensor=blk.1.ffn_gate_inp.weight payload_ready_ns=5247238048911 first_consumer_start_ns=5247326073293 payload_to_first_consumer_ns=88024382
ffn_timing tensor=blk.1.ffn_gate_shexp.weight payload_ready_ns=5251443431697 first_consumer_start_ns=5251531254948 payload_to_first_consumer_ns=87823251
ffn_timing tensor=blk.1.ffn_gate_exps.weight payload_ready_ns=5247458704762 first_consumer_start_ns=5247546767913 payload_to_first_consumer_ns=88063151
warm_token0_blk3 full_layer_residency_hits=46 misses=51 evictions=25 source_reads=23 source_bytes=20402176 materialization_requests=23 resident_tensors_after=8
warm_token0_blk3 full_layer_peak_active_persistent_bytes=1622016 full_layer_peak_resident_bytes=8312832
warm_token0_blk3 first_payload_to_shared_compute_start_ns=4384148387 execution_ready_to_consumer_ns=NOT_INSTRUMENTED payload_to_first_useful_compute=NOT_INSTRUMENTED
normalized_input_parity max_abs=0 max_rel=0 mean_abs=0 tolerance=1e-5
router_score_parity max_abs=2.14577e-06 max_rel=1.87992e-05 mean_abs=3.23213e-07 tolerance=1e-5
selected_weight_parity max_abs=1.19209e-07 max_rel=9.10917e-07 mean_abs=6.95388e-08 tolerance=1e-5
reference_warm_token0_blk3 topk_ids=60,2,19,35,9,53 normalized_weights=0.298484,0.190562,0.142057,0.131884,0.122504,0.114509,
reference_warm_token0_blk3_routed expert_rank=0 expert_id=60 router_rank=0 graph_created=YES graph_refs=gate:0,up:1,down:2 storage_ref_base=30180 score_preserved=YES
reference_warm_token0_blk3_routed expert_id=60 selected_range tensor=blk.1.ffn_gate_exps.weight offset=503098224 bytes=563200 layout=DIRECT
reference_warm_token0_blk3_routed expert_id=60 selected_range tensor=blk.1.ffn_up_exps.weight offset=539143040 bytes=563200 layout=DIRECT
reference_warm_token0_blk3_routed expert_id=60 selected_range tensor=blk.1.ffn_down_exps.weight offset=638716816 bytes=1622016 layout=DIRECT
reference_warm_token0_blk3_routed prefetch expert_id=60 tensor=blk.1.ffn_gate_exps.weight dependency_distance=0
reference_warm_token0_blk3_routed prefetch expert_id=60 tensor=blk.1.ffn_up_exps.weight dependency_distance=0
reference_warm_token0_blk3_routed prefetch expert_id=60 tensor=blk.1.ffn_down_exps.weight dependency_distance=2
expert_parity max_abs=0 max_rel=0 mean_abs=0 tolerance=1e-5
reference_warm_token0_blk3_routed expert_id=60 consumer_wait=not_instrumented acquire_release=recorded peak_active=1622016 peak_resident=3280896
reference_warm_token0_blk3_routed expert_rank=1 expert_id=2 router_rank=1 graph_created=YES graph_refs=gate:0,up:1,down:2 storage_ref_base=30006 score_preserved=YES
reference_warm_token0_blk3_routed expert_id=2 selected_range tensor=blk.1.ffn_gate_exps.weight offset=470432624 bytes=563200 layout=DIRECT
reference_warm_token0_blk3_routed expert_id=2 selected_range tensor=blk.1.ffn_up_exps.weight offset=506477440 bytes=563200 layout=DIRECT
reference_warm_token0_blk3_routed expert_id=2 selected_range tensor=blk.1.ffn_down_exps.weight offset=544639888 bytes=1622016 layout=DIRECT
reference_warm_token0_blk3_routed prefetch expert_id=2 tensor=blk.1.ffn_gate_exps.weight dependency_distance=0
reference_warm_token0_blk3_routed prefetch expert_id=2 tensor=blk.1.ffn_up_exps.weight dependency_distance=0
reference_warm_token0_blk3_routed prefetch expert_id=2 tensor=blk.1.ffn_down_exps.weight dependency_distance=2
expert_parity max_abs=0 max_rel=0 mean_abs=0 tolerance=1e-5
reference_warm_token0_blk3_routed expert_id=2 consumer_wait=not_instrumented acquire_release=recorded peak_active=1622016 peak_resident=6029312
reference_warm_token0_blk3_routed expert_rank=2 expert_id=19 router_rank=2 graph_created=YES graph_refs=gate:0,up:1,down:2 storage_ref_base=30057 score_preserved=YES
reference_warm_token0_blk3_routed expert_id=19 selected_range tensor=blk.1.ffn_gate_exps.weight offset=480007024 bytes=563200 layout=DIRECT
reference_warm_token0_blk3_routed expert_id=19 selected_range tensor=blk.1.ffn_up_exps.weight offset=516051840 bytes=563200 layout=DIRECT
reference_warm_token0_blk3_routed expert_id=19 selected_range tensor=blk.1.ffn_down_exps.weight offset=572214160 bytes=1622016 layout=DIRECT
reference_warm_token0_blk3_routed prefetch expert_id=19 tensor=blk.1.ffn_gate_exps.weight dependency_distance=0
reference_warm_token0_blk3_routed prefetch expert_id=19 tensor=blk.1.ffn_up_exps.weight dependency_distance=0
reference_warm_token0_blk3_routed prefetch expert_id=19 tensor=blk.1.ffn_down_exps.weight dependency_distance=2
expert_parity max_abs=0 max_rel=0 mean_abs=0 tolerance=1e-5
reference_warm_token0_blk3_routed expert_id=19 consumer_wait=not_instrumented acquire_release=recorded peak_active=1622016 peak_resident=8245248
reference_warm_token0_blk3_routed expert_rank=3 expert_id=35 router_rank=3 graph_created=YES graph_refs=gate:0,up:1,down:2 storage_ref_base=30105 score_preserved=YES
reference_warm_token0_blk3_routed expert_id=35 selected_range tensor=blk.1.ffn_gate_exps.weight offset=489018224 bytes=563200 layout=DIRECT
reference_warm_token0_blk3_routed expert_id=35 selected_range tensor=blk.1.ffn_up_exps.weight offset=525063040 bytes=563200 layout=DIRECT
reference_warm_token0_blk3_routed expert_id=35 selected_range tensor=blk.1.ffn_down_exps.weight offset=598166416 bytes=1622016 layout=DIRECT
reference_warm_token0_blk3_routed prefetch expert_id=35 tensor=blk.1.ffn_gate_exps.weight dependency_distance=0
reference_warm_token0_blk3_routed prefetch expert_id=35 tensor=blk.1.ffn_up_exps.weight dependency_distance=0
reference_warm_token0_blk3_routed prefetch expert_id=35 tensor=blk.1.ffn_down_exps.weight dependency_distance=2
expert_parity max_abs=0 max_rel=0 mean_abs=0 tolerance=1e-5
reference_warm_token0_blk3_routed expert_id=35 consumer_wait=not_instrumented acquire_release=recorded peak_active=1622016 peak_resident=8245248
reference_warm_token0_blk3_routed expert_rank=4 expert_id=9 router_rank=4 graph_created=YES graph_refs=gate:0,up:1,down:2 storage_ref_base=30027 score_preserved=YES
reference_warm_token0_blk3_routed expert_id=9 selected_range tensor=blk.1.ffn_gate_exps.weight offset=474375024 bytes=563200 layout=DIRECT
reference_warm_token0_blk3_routed expert_id=9 selected_range tensor=blk.1.ffn_up_exps.weight offset=510419840 bytes=563200 layout=DIRECT
reference_warm_token0_blk3_routed expert_id=9 selected_range tensor=blk.1.ffn_down_exps.weight offset=555994000 bytes=1622016 layout=DIRECT
reference_warm_token0_blk3_routed prefetch expert_id=9 tensor=blk.1.ffn_gate_exps.weight dependency_distance=0
reference_warm_token0_blk3_routed prefetch expert_id=9 tensor=blk.1.ffn_up_exps.weight dependency_distance=0
reference_warm_token0_blk3_routed prefetch expert_id=9 tensor=blk.1.ffn_down_exps.weight dependency_distance=2
expert_parity max_abs=0 max_rel=0 mean_abs=0 tolerance=1e-5
reference_warm_token0_blk3_routed expert_id=9 consumer_wait=not_instrumented acquire_release=recorded peak_active=1622016 peak_resident=8245248
reference_warm_token0_blk3_routed expert_rank=5 expert_id=53 router_rank=5 graph_created=YES graph_refs=gate:0,up:1,down:2 storage_ref_base=30159 score_preserved=YES
reference_warm_token0_blk3_routed expert_id=53 selected_range tensor=blk.1.ffn_gate_exps.weight offset=499155824 bytes=563200 layout=DIRECT
reference_warm_token0_blk3_routed expert_id=53 selected_range tensor=blk.1.ffn_up_exps.weight offset=535200640 bytes=563200 layout=DIRECT
reference_warm_token0_blk3_routed expert_id=53 selected_range tensor=blk.1.ffn_down_exps.weight offset=627362704 bytes=1622016 layout=DIRECT
reference_warm_token0_blk3_routed prefetch expert_id=53 tensor=blk.1.ffn_gate_exps.weight dependency_distance=0
reference_warm_token0_blk3_routed prefetch expert_id=53 tensor=blk.1.ffn_up_exps.weight dependency_distance=0
reference_warm_token0_blk3_routed prefetch expert_id=53 tensor=blk.1.ffn_down_exps.weight dependency_distance=2
expert_parity max_abs=0 max_rel=0 mean_abs=0 tolerance=1e-5
reference_warm_token0_blk3_routed expert_id=53 consumer_wait=not_instrumented acquire_release=recorded peak_active=1622016 peak_resident=8245248
reference_warm_token0_blk3_routed residency_hits=36 residency_misses=42 source_reads=18 materialization_requests=18 source_policy_calls=18 evictions=11 resident_tensors_after=9
routed_merge_parity max_abs=0 max_rel=0 mean_abs=0 tolerance=1e-5
shared_expert_parity max_abs=0 max_rel=0 mean_abs=0 tolerance=1e-5
pre_residual_composition_parity max_abs=0 max_rel=0 mean_abs=0 tolerance=1e-5
final_layer_parity max_abs=0 max_rel=0 mean_abs=0 tolerance=1e-5
reference_warm_token0_blk3 shared_expert=REQUIRED shared_graph_created=YES residual_add=YES final_composition=PASS
ffn_timing tensor=blk.1.ffn_gate_inp.weight payload_ready_ns=5252325251782 first_consumer_start_ns=5252414956488 payload_to_first_consumer_ns=89704706
ffn_timing tensor=blk.1.ffn_gate_shexp.weight payload_ready_ns=5256549327237 first_consumer_start_ns=5256641660749 payload_to_first_consumer_ns=92333512
ffn_timing tensor=blk.1.ffn_gate_exps.weight payload_ready_ns=5252549085400 first_consumer_start_ns=5252638910056 payload_to_first_consumer_ns=89824656
reference_warm_token0_blk3 full_layer_residency_hits=46 misses=51 evictions=15 source_reads=23 source_bytes=20402176 materialization_requests=23 resident_tensors_after=8
reference_warm_token0_blk3 full_layer_peak_active_persistent_bytes=1622016 full_layer_peak_resident_bytes=8312832
reference_warm_token0_blk3 first_payload_to_shared_compute_start_ns=4402243883 execution_ready_to_consumer_ns=NOT_INSTRUMENTED payload_to_first_useful_compute=NOT_INSTRUMENTED
warm_token0_blk3_attention_parity max_abs=0 max_rel=0 mean_abs=0 tolerance=1e-5
warm_token0_blk3_block_parity max_abs=0 max_rel=0 mean_abs=0 tolerance=1e-5
attention_timing tensor=blk.1.attn_norm.weight payload_ready_ns=5154416105948 first_consumer_start_ns=5257315734758 payload_to_first_consumer_ns=102899628810
attention_timing tensor=blk.1.attn_q.weight payload_ready_ns=5154628276790 first_consumer_start_ns=5257543093935 payload_to_first_consumer_ns=102914817145
attention_timing tensor=blk.1.attn_kv_a_mqa.weight payload_ready_ns=5154840915132 first_consumer_start_ns=5257774675984 payload_to_first_consumer_ns=102933760852
attention_timing tensor=blk.1.attn_kv_a_norm.weight payload_ready_ns=5155050521496 first_consumer_start_ns=5257996668565 payload_to_first_consumer_ns=102946147069
attention_timing tensor=blk.1.attn_kv_b.weight payload_ready_ns=5155262220896 first_consumer_start_ns=5258218572987 payload_to_first_consumer_ns=102956352091
attention_timing tensor=blk.1.attn_output.weight payload_ready_ns=5155470850817 first_consumer_start_ns=5258443696027 payload_to_first_consumer_ns=102972845210
warm_token1_blk1 position=1 state_k_positions=2 state_v_positions=2 attention_probs=0.327327,0.672673,0.410489,0.589511,0.566064,0.433936,0.327192,0.672808,0.932766,0.0672338,0.599507,0.400493,0.505362,0.494638,0.744735,0.255265,0.50687,0.49313,0.00836671,0.991633,0.754869,0.245131,0.650014,0.349986,0.537805,0.462195,0.554964,0.445036,0.523342,0.476658,0.56235,0.43765,
reference_attention position=1 state_k_positions=2 state_v_positions=2 attention_probs=0.327327,0.672673,0.410489,0.589511,0.566064,0.433936,0.327192,0.672808,0.932766,0.0672338,0.599507,0.400493,0.505362,0.494638,0.744735,0.255265,0.50687,0.49313,0.00836671,0.991633,0.754869,0.245131,0.650014,0.349986,0.537805,0.462195,0.554964,0.445036,0.523342,0.476658,0.56235,0.43765,
normalized_input_parity max_abs=0 max_rel=0 mean_abs=0 tolerance=1e-5
router_score_parity max_abs=2.86102e-06 max_rel=5.82025e-06 mean_abs=3.96627e-07 tolerance=1e-5
selected_weight_parity max_abs=2.38419e-07 max_rel=1.73796e-06 mean_abs=1.21693e-07 tolerance=1e-5
warm_token1_blk1 topk_ids=56,29,11,3,50,26 normalized_weights=0.431742,0.24147,0.103862,0.0857397,0.0713288,0.0658583,
warm_token1_blk1_routed expert_rank=0 expert_id=56 router_rank=0 graph_created=YES graph_refs=gate:0,up:1,down:2 storage_ref_base=10168 score_preserved=YES
warm_token1_blk1_routed expert_id=56 selected_range tensor=blk.1.ffn_gate_exps.weight offset=135303648 bytes=563200 layout=DIRECT
warm_token1_blk1_routed expert_id=56 selected_range tensor=blk.1.ffn_up_exps.weight offset=171348464 bytes=563200 layout=DIRECT
warm_token1_blk1_routed expert_id=56 selected_range tensor=blk.1.ffn_down_exps.weight offset=266686976 bytes=1622016 layout=DIRECT
warm_token1_blk1_routed prefetch expert_id=56 tensor=blk.1.ffn_gate_exps.weight dependency_distance=0
warm_token1_blk1_routed prefetch expert_id=56 tensor=blk.1.ffn_up_exps.weight dependency_distance=0
warm_token1_blk1_routed prefetch expert_id=56 tensor=blk.1.ffn_down_exps.weight dependency_distance=2
expert_parity max_abs=0 max_rel=0 mean_abs=0 tolerance=1e-5
warm_token1_blk1_routed expert_id=56 consumer_wait=not_instrumented acquire_release=recorded peak_active=1622016 peak_resident=7367680
warm_token1_blk1_routed expert_rank=1 expert_id=29 router_rank=1 graph_created=YES graph_refs=gate:0,up:1,down:2 storage_ref_base=10087 score_preserved=YES
warm_token1_blk1_routed expert_id=29 selected_range tensor=blk.1.ffn_gate_exps.weight offset=120097248 bytes=563200 layout=DIRECT
warm_token1_blk1_routed expert_id=29 selected_range tensor=blk.1.ffn_up_exps.weight offset=156142064 bytes=563200 layout=DIRECT
warm_token1_blk1_routed expert_id=29 selected_range tensor=blk.1.ffn_down_exps.weight offset=222892544 bytes=1622016 layout=DIRECT
warm_token1_blk1_routed prefetch expert_id=29 tensor=blk.1.ffn_gate_exps.weight dependency_distance=0
warm_token1_blk1_routed prefetch expert_id=29 tensor=blk.1.ffn_up_exps.weight dependency_distance=0
warm_token1_blk1_routed prefetch expert_id=29 tensor=blk.1.ffn_down_exps.weight dependency_distance=2
expert_parity max_abs=0 max_rel=0 mean_abs=0 tolerance=1e-5
warm_token1_blk1_routed expert_id=29 consumer_wait=not_instrumented acquire_release=recorded peak_active=1622016 peak_resident=7752704
warm_token1_blk1_routed expert_rank=2 expert_id=11 router_rank=2 graph_created=YES graph_refs=gate:0,up:1,down:2 storage_ref_base=10033 score_preserved=YES
warm_token1_blk1_routed expert_id=11 selected_range tensor=blk.1.ffn_gate_exps.weight offset=109959648 bytes=563200 layout=DIRECT
warm_token1_blk1_routed expert_id=11 selected_range tensor=blk.1.ffn_up_exps.weight offset=146004464 bytes=563200 layout=DIRECT
warm_token1_blk1_routed expert_id=11 selected_range tensor=blk.1.ffn_down_exps.weight offset=193696256 bytes=1622016 layout=DIRECT
warm_token1_blk1_routed prefetch expert_id=11 tensor=blk.1.ffn_gate_exps.weight dependency_distance=0
warm_token1_blk1_routed prefetch expert_id=11 tensor=blk.1.ffn_up_exps.weight dependency_distance=0
warm_token1_blk1_routed prefetch expert_id=11 tensor=blk.1.ffn_down_exps.weight dependency_distance=2
expert_parity max_abs=0 max_rel=0 mean_abs=0 tolerance=1e-5
warm_token1_blk1_routed expert_id=11 consumer_wait=not_instrumented acquire_release=recorded peak_active=1622016 peak_resident=8245248
warm_token1_blk1_routed expert_rank=3 expert_id=3 router_rank=3 graph_created=YES graph_refs=gate:0,up:1,down:2 storage_ref_base=10009 score_preserved=YES
warm_token1_blk1_routed expert_id=3 selected_range tensor=blk.1.ffn_gate_exps.weight offset=105454048 bytes=563200 layout=DIRECT
warm_token1_blk1_routed expert_id=3 selected_range tensor=blk.1.ffn_up_exps.weight offset=141498864 bytes=563200 layout=DIRECT
warm_token1_blk1_routed expert_id=3 selected_range tensor=blk.1.ffn_down_exps.weight offset=180720128 bytes=1622016 layout=DIRECT
warm_token1_blk1_routed prefetch expert_id=3 tensor=blk.1.ffn_gate_exps.weight dependency_distance=0
warm_token1_blk1_routed prefetch expert_id=3 tensor=blk.1.ffn_up_exps.weight dependency_distance=0
warm_token1_blk1_routed prefetch expert_id=3 tensor=blk.1.ffn_down_exps.weight dependency_distance=2
expert_parity max_abs=0 max_rel=0 mean_abs=0 tolerance=1e-5
warm_token1_blk1_routed expert_id=3 consumer_wait=not_instrumented acquire_release=recorded peak_active=1622016 peak_resident=8245248
warm_token1_blk1_routed expert_rank=4 expert_id=50 router_rank=4 graph_created=YES graph_refs=gate:0,up:1,down:2 storage_ref_base=10150 score_preserved=YES
warm_token1_blk1_routed expert_id=50 selected_range tensor=blk.1.ffn_gate_exps.weight offset=131924448 bytes=563200 layout=DIRECT
warm_token1_blk1_routed expert_id=50 selected_range tensor=blk.1.ffn_up_exps.weight offset=167969264 bytes=563200 layout=DIRECT
warm_token1_blk1_routed expert_id=50 selected_range tensor=blk.1.ffn_down_exps.weight offset=256954880 bytes=1622016 layout=DIRECT
warm_token1_blk1_routed prefetch expert_id=50 tensor=blk.1.ffn_gate_exps.weight dependency_distance=0
warm_token1_blk1_routed prefetch expert_id=50 tensor=blk.1.ffn_up_exps.weight dependency_distance=0
warm_token1_blk1_routed prefetch expert_id=50 tensor=blk.1.ffn_down_exps.weight dependency_distance=2
expert_parity max_abs=0 max_rel=0 mean_abs=0 tolerance=1e-5
warm_token1_blk1_routed expert_id=50 consumer_wait=not_instrumented acquire_release=recorded peak_active=1622016 peak_resident=8245248
warm_token1_blk1_routed expert_rank=5 expert_id=26 router_rank=5 graph_created=YES graph_refs=gate:0,up:1,down:2 storage_ref_base=10078 score_preserved=YES
warm_token1_blk1_routed expert_id=26 selected_range tensor=blk.1.ffn_gate_exps.weight offset=118407648 bytes=563200 layout=DIRECT
warm_token1_blk1_routed expert_id=26 selected_range tensor=blk.1.ffn_up_exps.weight offset=154452464 bytes=563200 layout=DIRECT
warm_token1_blk1_routed expert_id=26 selected_range tensor=blk.1.ffn_down_exps.weight offset=218026496 bytes=1622016 layout=DIRECT
warm_token1_blk1_routed prefetch expert_id=26 tensor=blk.1.ffn_gate_exps.weight dependency_distance=0
warm_token1_blk1_routed prefetch expert_id=26 tensor=blk.1.ffn_up_exps.weight dependency_distance=0
warm_token1_blk1_routed prefetch expert_id=26 tensor=blk.1.ffn_down_exps.weight dependency_distance=2
expert_parity max_abs=0 max_rel=0 mean_abs=0 tolerance=1e-5
warm_token1_blk1_routed expert_id=26 consumer_wait=not_instrumented acquire_release=recorded peak_active=1622016 peak_resident=8245248
warm_token1_blk1_routed residency_hits=36 residency_misses=42 source_reads=18 materialization_requests=18 source_policy_calls=18 evictions=20 resident_tensors_after=9
routed_merge_parity max_abs=0 max_rel=0 mean_abs=0 tolerance=1e-5
shared_expert_parity max_abs=0 max_rel=0 mean_abs=0 tolerance=1e-5
pre_residual_composition_parity max_abs=0 max_rel=0 mean_abs=0 tolerance=1e-5
final_layer_parity max_abs=0 max_rel=0 mean_abs=0 tolerance=1e-5
warm_token1_blk1 shared_expert=REQUIRED shared_graph_created=YES residual_add=YES final_composition=PASS
ffn_timing tensor=blk.1.ffn_gate_inp.weight payload_ready_ns=5258804046802 first_consumer_start_ns=5258892688234 payload_to_first_consumer_ns=88641432
ffn_timing tensor=blk.1.ffn_gate_shexp.weight payload_ready_ns=5263118464382 first_consumer_start_ns=5263207242364 payload_to_first_consumer_ns=88777982
ffn_timing tensor=blk.1.ffn_gate_exps.weight payload_ready_ns=5259027257987 first_consumer_start_ns=5259117929224 payload_to_first_consumer_ns=90671237
warm_token1_blk1 full_layer_residency_hits=46 misses=51 evictions=27 source_reads=23 source_bytes=21168128 materialization_requests=23 resident_tensors_after=6
warm_token1_blk1 full_layer_peak_active_persistent_bytes=1892352 full_layer_peak_resident_bytes=8245248
warm_token1_blk1 first_payload_to_shared_compute_start_ns=4496948460 execution_ready_to_consumer_ns=NOT_INSTRUMENTED payload_to_first_useful_compute=NOT_INSTRUMENTED
normalized_input_parity max_abs=0 max_rel=0 mean_abs=0 tolerance=1e-5
router_score_parity max_abs=2.86102e-06 max_rel=5.82025e-06 mean_abs=3.96627e-07 tolerance=1e-5
selected_weight_parity max_abs=2.38419e-07 max_rel=1.73796e-06 mean_abs=1.21693e-07 tolerance=1e-5
reference_warm_token1_blk1 topk_ids=56,29,11,3,50,26 normalized_weights=0.431742,0.24147,0.103862,0.0857397,0.0713288,0.0658583,
reference_warm_token1_blk1_routed expert_rank=0 expert_id=56 router_rank=0 graph_created=YES graph_refs=gate:0,up:1,down:2 storage_ref_base=10168 score_preserved=YES
reference_warm_token1_blk1_routed expert_id=56 selected_range tensor=blk.1.ffn_gate_exps.weight offset=135303648 bytes=563200 layout=DIRECT
reference_warm_token1_blk1_routed expert_id=56 selected_range tensor=blk.1.ffn_up_exps.weight offset=171348464 bytes=563200 layout=DIRECT
reference_warm_token1_blk1_routed expert_id=56 selected_range tensor=blk.1.ffn_down_exps.weight offset=266686976 bytes=1622016 layout=DIRECT
reference_warm_token1_blk1_routed prefetch expert_id=56 tensor=blk.1.ffn_gate_exps.weight dependency_distance=0
reference_warm_token1_blk1_routed prefetch expert_id=56 tensor=blk.1.ffn_up_exps.weight dependency_distance=0
reference_warm_token1_blk1_routed prefetch expert_id=56 tensor=blk.1.ffn_down_exps.weight dependency_distance=2
expert_parity max_abs=0 max_rel=0 mean_abs=0 tolerance=1e-5
reference_warm_token1_blk1_routed expert_id=56 consumer_wait=not_instrumented acquire_release=recorded peak_active=1622016 peak_resident=3280896
reference_warm_token1_blk1_routed expert_rank=1 expert_id=29 router_rank=1 graph_created=YES graph_refs=gate:0,up:1,down:2 storage_ref_base=10087 score_preserved=YES
reference_warm_token1_blk1_routed expert_id=29 selected_range tensor=blk.1.ffn_gate_exps.weight offset=120097248 bytes=563200 layout=DIRECT
reference_warm_token1_blk1_routed expert_id=29 selected_range tensor=blk.1.ffn_up_exps.weight offset=156142064 bytes=563200 layout=DIRECT
reference_warm_token1_blk1_routed expert_id=29 selected_range tensor=blk.1.ffn_down_exps.weight offset=222892544 bytes=1622016 layout=DIRECT
reference_warm_token1_blk1_routed prefetch expert_id=29 tensor=blk.1.ffn_gate_exps.weight dependency_distance=0
reference_warm_token1_blk1_routed prefetch expert_id=29 tensor=blk.1.ffn_up_exps.weight dependency_distance=0
reference_warm_token1_blk1_routed prefetch expert_id=29 tensor=blk.1.ffn_down_exps.weight dependency_distance=2
expert_parity max_abs=0 max_rel=0 mean_abs=0 tolerance=1e-5
reference_warm_token1_blk1_routed expert_id=29 consumer_wait=not_instrumented acquire_release=recorded peak_active=1622016 peak_resident=6029312
reference_warm_token1_blk1_routed expert_rank=2 expert_id=11 router_rank=2 graph_created=YES graph_refs=gate:0,up:1,down:2 storage_ref_base=10033 score_preserved=YES
reference_warm_token1_blk1_routed expert_id=11 selected_range tensor=blk.1.ffn_gate_exps.weight offset=109959648 bytes=563200 layout=DIRECT
reference_warm_token1_blk1_routed expert_id=11 selected_range tensor=blk.1.ffn_up_exps.weight offset=146004464 bytes=563200 layout=DIRECT
reference_warm_token1_blk1_routed expert_id=11 selected_range tensor=blk.1.ffn_down_exps.weight offset=193696256 bytes=1622016 layout=DIRECT
reference_warm_token1_blk1_routed prefetch expert_id=11 tensor=blk.1.ffn_gate_exps.weight dependency_distance=0
reference_warm_token1_blk1_routed prefetch expert_id=11 tensor=blk.1.ffn_up_exps.weight dependency_distance=0
reference_warm_token1_blk1_routed prefetch expert_id=11 tensor=blk.1.ffn_down_exps.weight dependency_distance=2
expert_parity max_abs=0 max_rel=0 mean_abs=0 tolerance=1e-5
reference_warm_token1_blk1_routed expert_id=11 consumer_wait=not_instrumented acquire_release=recorded peak_active=1622016 peak_resident=8245248
reference_warm_token1_blk1_routed expert_rank=3 expert_id=3 router_rank=3 graph_created=YES graph_refs=gate:0,up:1,down:2 storage_ref_base=10009 score_preserved=YES
reference_warm_token1_blk1_routed expert_id=3 selected_range tensor=blk.1.ffn_gate_exps.weight offset=105454048 bytes=563200 layout=DIRECT
reference_warm_token1_blk1_routed expert_id=3 selected_range tensor=blk.1.ffn_up_exps.weight offset=141498864 bytes=563200 layout=DIRECT
reference_warm_token1_blk1_routed expert_id=3 selected_range tensor=blk.1.ffn_down_exps.weight offset=180720128 bytes=1622016 layout=DIRECT
reference_warm_token1_blk1_routed prefetch expert_id=3 tensor=blk.1.ffn_gate_exps.weight dependency_distance=0
reference_warm_token1_blk1_routed prefetch expert_id=3 tensor=blk.1.ffn_up_exps.weight dependency_distance=0
reference_warm_token1_blk1_routed prefetch expert_id=3 tensor=blk.1.ffn_down_exps.weight dependency_distance=2
expert_parity max_abs=0 max_rel=0 mean_abs=0 tolerance=1e-5
reference_warm_token1_blk1_routed expert_id=3 consumer_wait=not_instrumented acquire_release=recorded peak_active=1622016 peak_resident=8245248
reference_warm_token1_blk1_routed expert_rank=4 expert_id=50 router_rank=4 graph_created=YES graph_refs=gate:0,up:1,down:2 storage_ref_base=10150 score_preserved=YES
reference_warm_token1_blk1_routed expert_id=50 selected_range tensor=blk.1.ffn_gate_exps.weight offset=131924448 bytes=563200 layout=DIRECT
reference_warm_token1_blk1_routed expert_id=50 selected_range tensor=blk.1.ffn_up_exps.weight offset=167969264 bytes=563200 layout=DIRECT
reference_warm_token1_blk1_routed expert_id=50 selected_range tensor=blk.1.ffn_down_exps.weight offset=256954880 bytes=1622016 layout=DIRECT
reference_warm_token1_blk1_routed prefetch expert_id=50 tensor=blk.1.ffn_gate_exps.weight dependency_distance=0
reference_warm_token1_blk1_routed prefetch expert_id=50 tensor=blk.1.ffn_up_exps.weight dependency_distance=0
reference_warm_token1_blk1_routed prefetch expert_id=50 tensor=blk.1.ffn_down_exps.weight dependency_distance=2
expert_parity max_abs=0 max_rel=0 mean_abs=0 tolerance=1e-5
reference_warm_token1_blk1_routed expert_id=50 consumer_wait=not_instrumented acquire_release=recorded peak_active=1622016 peak_resident=8245248
reference_warm_token1_blk1_routed expert_rank=5 expert_id=26 router_rank=5 graph_created=YES graph_refs=gate:0,up:1,down:2 storage_ref_base=10078 score_preserved=YES
reference_warm_token1_blk1_routed expert_id=26 selected_range tensor=blk.1.ffn_gate_exps.weight offset=118407648 bytes=563200 layout=DIRECT
reference_warm_token1_blk1_routed expert_id=26 selected_range tensor=blk.1.ffn_up_exps.weight offset=154452464 bytes=563200 layout=DIRECT
reference_warm_token1_blk1_routed expert_id=26 selected_range tensor=blk.1.ffn_down_exps.weight offset=218026496 bytes=1622016 layout=DIRECT
reference_warm_token1_blk1_routed prefetch expert_id=26 tensor=blk.1.ffn_gate_exps.weight dependency_distance=0
reference_warm_token1_blk1_routed prefetch expert_id=26 tensor=blk.1.ffn_up_exps.weight dependency_distance=0
reference_warm_token1_blk1_routed prefetch expert_id=26 tensor=blk.1.ffn_down_exps.weight dependency_distance=2
expert_parity max_abs=0 max_rel=0 mean_abs=0 tolerance=1e-5
reference_warm_token1_blk1_routed expert_id=26 consumer_wait=not_instrumented acquire_release=recorded peak_active=1622016 peak_resident=8245248
reference_warm_token1_blk1_routed residency_hits=36 residency_misses=42 source_reads=18 materialization_requests=18 source_policy_calls=18 evictions=11 resident_tensors_after=9
routed_merge_parity max_abs=0 max_rel=0 mean_abs=0 tolerance=1e-5
shared_expert_parity max_abs=0 max_rel=0 mean_abs=0 tolerance=1e-5
pre_residual_composition_parity max_abs=0 max_rel=0 mean_abs=0 tolerance=1e-5
final_layer_parity max_abs=0 max_rel=0 mean_abs=0 tolerance=1e-5
reference_warm_token1_blk1 shared_expert=REQUIRED shared_graph_created=YES residual_add=YES final_composition=PASS
ffn_timing tensor=blk.1.ffn_gate_inp.weight payload_ready_ns=5264004674958 first_consumer_start_ns=5264093841191 payload_to_first_consumer_ns=89166233
ffn_timing tensor=blk.1.ffn_gate_shexp.weight payload_ready_ns=5268184573520 first_consumer_start_ns=5268271413647 payload_to_first_consumer_ns=86840127
ffn_timing tensor=blk.1.ffn_gate_exps.weight payload_ready_ns=5264225934596 first_consumer_start_ns=5264315490010 payload_to_first_consumer_ns=89555414
reference_warm_token1_blk1 full_layer_residency_hits=46 misses=51 evictions=17 source_reads=23 source_bytes=21168128 materialization_requests=23 resident_tensors_after=6
reference_warm_token1_blk1 full_layer_peak_active_persistent_bytes=1892352 full_layer_peak_resident_bytes=8245248
reference_warm_token1_blk1 first_payload_to_shared_compute_start_ns=4358441191 execution_ready_to_consumer_ns=NOT_INSTRUMENTED payload_to_first_useful_compute=NOT_INSTRUMENTED
warm_token1_blk1_attention_parity max_abs=0 max_rel=0 mean_abs=0 tolerance=1e-5
warm_token1_blk1_block_parity max_abs=0 max_rel=0 mean_abs=0 tolerance=1e-5
warm_token1 block_handoff block=2 handoff_ns=29060 activation_copy_bytes=0
attention_timing tensor=blk.1.attn_norm.weight payload_ready_ns=5154416105948 first_consumer_start_ns=5268935148617 payload_to_first_consumer_ns=114519042669
attention_timing tensor=blk.1.attn_q.weight payload_ready_ns=5154628276790 first_consumer_start_ns=5269155675812 payload_to_first_consumer_ns=114527399022
attention_timing tensor=blk.1.attn_kv_a_mqa.weight payload_ready_ns=5154840915132 first_consumer_start_ns=5269376182766 payload_to_first_consumer_ns=114535267634
attention_timing tensor=blk.1.attn_kv_a_norm.weight payload_ready_ns=5155050521496 first_consumer_start_ns=5269598426086 payload_to_first_consumer_ns=114547904590
attention_timing tensor=blk.1.attn_kv_b.weight payload_ready_ns=5155262220896 first_consumer_start_ns=5269820603925 payload_to_first_consumer_ns=114558383029
attention_timing tensor=blk.1.attn_output.weight payload_ready_ns=5155470850817 first_consumer_start_ns=5270038678113 payload_to_first_consumer_ns=114567827296
warm_token1_blk2 position=1 state_k_positions=2 state_v_positions=2 attention_probs=0.598919,0.401081,0.518401,0.481599,0.228275,0.771725,0.32635,0.67365,0.474574,0.525426,0.530241,0.469759,0.366593,0.633407,0.715989,0.284011,0.37485,0.62515,0.579751,0.420249,0.0827325,0.917268,0.182867,0.817133,0.513672,0.486328,0.787284,0.212716,0.49621,0.50379,0.70591,0.29409,
reference_attention position=1 state_k_positions=2 state_v_positions=2 attention_probs=0.598919,0.401081,0.518401,0.481599,0.228275,0.771725,0.32635,0.67365,0.474574,0.525426,0.530241,0.469759,0.366593,0.633407,0.715989,0.284011,0.37485,0.62515,0.579751,0.420249,0.0827325,0.917268,0.182867,0.817133,0.513672,0.486328,0.787284,0.212716,0.49621,0.50379,0.70591,0.29409,
normalized_input_parity max_abs=0 max_rel=0 mean_abs=0 tolerance=1e-5
router_score_parity max_abs=1.43051e-06 max_rel=0.000107496 mean_abs=3.76513e-07 tolerance=1e-5
selected_weight_parity max_abs=1.49012e-07 max_rel=7.50293e-07 mean_abs=5.71211e-08 tolerance=1e-5
warm_token1_blk2 topk_ids=37,18,44,53,23,49 normalized_weights=0.210563,0.198605,0.152328,0.149502,0.145231,0.143771,
warm_token1_blk2_routed expert_rank=0 expert_id=37 router_rank=0 graph_created=YES graph_refs=gate:0,up:1,down:2 storage_ref_base=20111 score_preserved=YES
warm_token1_blk2_routed expert_id=37 selected_range tensor=blk.1.ffn_gate_exps.weight offset=307373736 bytes=563200 layout=DIRECT
warm_token1_blk2_routed expert_id=37 selected_range tensor=blk.1.ffn_up_exps.weight offset=343418552 bytes=563200 layout=DIRECT
warm_token1_blk2_routed expert_id=37 selected_range tensor=blk.1.ffn_down_exps.weight offset=418639560 bytes=1622016 layout=DIRECT
warm_token1_blk2_routed prefetch expert_id=37 tensor=blk.1.ffn_gate_exps.weight dependency_distance=0
warm_token1_blk2_routed prefetch expert_id=37 tensor=blk.1.ffn_up_exps.weight dependency_distance=0
warm_token1_blk2_routed prefetch expert_id=37 tensor=blk.1.ffn_down_exps.weight dependency_distance=2
expert_parity max_abs=0 max_rel=0 mean_abs=0 tolerance=1e-5
warm_token1_blk2_routed expert_id=37 consumer_wait=not_instrumented acquire_release=recorded peak_active=1622016 peak_resident=8133632
warm_token1_blk2_routed expert_rank=1 expert_id=18 router_rank=1 graph_created=YES graph_refs=gate:0,up:1,down:2 storage_ref_base=20054 score_preserved=YES
warm_token1_blk2_routed expert_id=18 selected_range tensor=blk.1.ffn_gate_exps.weight offset=296672936 bytes=563200 layout=DIRECT
warm_token1_blk2_routed expert_id=18 selected_range tensor=blk.1.ffn_up_exps.weight offset=332717752 bytes=563200 layout=DIRECT
warm_token1_blk2_routed expert_id=18 selected_range tensor=blk.1.ffn_down_exps.weight offset=387821256 bytes=1622016 layout=DIRECT
warm_token1_blk2_routed prefetch expert_id=18 tensor=blk.1.ffn_gate_exps.weight dependency_distance=0
warm_token1_blk2_routed prefetch expert_id=18 tensor=blk.1.ffn_up_exps.weight dependency_distance=0
warm_token1_blk2_routed prefetch expert_id=18 tensor=blk.1.ffn_down_exps.weight dependency_distance=2
expert_parity max_abs=0 max_rel=0 mean_abs=0 tolerance=1e-5
warm_token1_blk2_routed expert_id=18 consumer_wait=not_instrumented acquire_release=recorded peak_active=1622016 peak_resident=7752704
warm_token1_blk2_routed expert_rank=2 expert_id=44 router_rank=2 graph_created=YES graph_refs=gate:0,up:1,down:2 storage_ref_base=20132 score_preserved=YES
warm_token1_blk2_routed expert_id=44 selected_range tensor=blk.1.ffn_gate_exps.weight offset=311316136 bytes=563200 layout=DIRECT
warm_token1_blk2_routed expert_id=44 selected_range tensor=blk.1.ffn_up_exps.weight offset=347360952 bytes=563200 layout=DIRECT
warm_token1_blk2_routed expert_id=44 selected_range tensor=blk.1.ffn_down_exps.weight offset=429993672 bytes=1622016 layout=DIRECT
warm_token1_blk2_routed prefetch expert_id=44 tensor=blk.1.ffn_gate_exps.weight dependency_distance=0
warm_token1_blk2_routed prefetch expert_id=44 tensor=blk.1.ffn_up_exps.weight dependency_distance=0
warm_token1_blk2_routed prefetch expert_id=44 tensor=blk.1.ffn_down_exps.weight dependency_distance=2
expert_parity max_abs=0 max_rel=0 mean_abs=0 tolerance=1e-5
warm_token1_blk2_routed expert_id=44 consumer_wait=not_instrumented acquire_release=recorded peak_active=1622016 peak_resident=8245248
warm_token1_blk2_routed expert_rank=3 expert_id=53 router_rank=3 graph_created=YES graph_refs=gate:0,up:1,down:2 storage_ref_base=20159 score_preserved=YES
warm_token1_blk2_routed expert_id=53 selected_range tensor=blk.1.ffn_gate_exps.weight offset=316384936 bytes=563200 layout=DIRECT
warm_token1_blk2_routed expert_id=53 selected_range tensor=blk.1.ffn_up_exps.weight offset=352429752 bytes=563200 layout=DIRECT
warm_token1_blk2_routed expert_id=53 selected_range tensor=blk.1.ffn_down_exps.weight offset=444591816 bytes=1622016 layout=DIRECT
warm_token1_blk2_routed prefetch expert_id=53 tensor=blk.1.ffn_gate_exps.weight dependency_distance=0
warm_token1_blk2_routed prefetch expert_id=53 tensor=blk.1.ffn_up_exps.weight dependency_distance=0
warm_token1_blk2_routed prefetch expert_id=53 tensor=blk.1.ffn_down_exps.weight dependency_distance=2
expert_parity max_abs=0 max_rel=0 mean_abs=0 tolerance=1e-5
warm_token1_blk2_routed expert_id=53 consumer_wait=not_instrumented acquire_release=recorded peak_active=1622016 peak_resident=8245248
warm_token1_blk2_routed expert_rank=4 expert_id=23 router_rank=4 graph_created=YES graph_refs=gate:0,up:1,down:2 storage_ref_base=20069 score_preserved=YES
warm_token1_blk2_routed expert_id=23 selected_range tensor=blk.1.ffn_gate_exps.weight offset=299488936 bytes=563200 layout=DIRECT
warm_token1_blk2_routed expert_id=23 selected_range tensor=blk.1.ffn_up_exps.weight offset=335533752 bytes=563200 layout=DIRECT
warm_token1_blk2_routed expert_id=23 selected_range tensor=blk.1.ffn_down_exps.weight offset=395931336 bytes=1622016 layout=DIRECT
warm_token1_blk2_routed prefetch expert_id=23 tensor=blk.1.ffn_gate_exps.weight dependency_distance=0
warm_token1_blk2_routed prefetch expert_id=23 tensor=blk.1.ffn_up_exps.weight dependency_distance=0
warm_token1_blk2_routed prefetch expert_id=23 tensor=blk.1.ffn_down_exps.weight dependency_distance=2
expert_parity max_abs=0 max_rel=0 mean_abs=0 tolerance=1e-5
warm_token1_blk2_routed expert_id=23 consumer_wait=not_instrumented acquire_release=recorded peak_active=1622016 peak_resident=8245248
warm_token1_blk2_routed expert_rank=5 expert_id=49 router_rank=5 graph_created=YES graph_refs=gate:0,up:1,down:2 storage_ref_base=20147 score_preserved=YES
warm_token1_blk2_routed expert_id=49 selected_range tensor=blk.1.ffn_gate_exps.weight offset=314132136 bytes=563200 layout=DIRECT
warm_token1_blk2_routed expert_id=49 selected_range tensor=blk.1.ffn_up_exps.weight offset=350176952 bytes=563200 layout=DIRECT
warm_token1_blk2_routed expert_id=49 selected_range tensor=blk.1.ffn_down_exps.weight offset=438103752 bytes=1622016 layout=DIRECT
warm_token1_blk2_routed prefetch expert_id=49 tensor=blk.1.ffn_gate_exps.weight dependency_distance=0
warm_token1_blk2_routed prefetch expert_id=49 tensor=blk.1.ffn_up_exps.weight dependency_distance=0
warm_token1_blk2_routed prefetch expert_id=49 tensor=blk.1.ffn_down_exps.weight dependency_distance=2
expert_parity max_abs=0 max_rel=0 mean_abs=0 tolerance=1e-5
warm_token1_blk2_routed expert_id=49 consumer_wait=not_instrumented acquire_release=recorded peak_active=1622016 peak_resident=8245248
warm_token1_blk2_routed residency_hits=36 residency_misses=42 source_reads=18 materialization_requests=18 source_policy_calls=18 evictions=20 resident_tensors_after=9
routed_merge_parity max_abs=0 max_rel=0 mean_abs=0 tolerance=1e-5
shared_expert_parity max_abs=0 max_rel=0 mean_abs=0 tolerance=1e-5
pre_residual_composition_parity max_abs=0 max_rel=0 mean_abs=0 tolerance=1e-5
final_layer_parity max_abs=0 max_rel=0 mean_abs=0 tolerance=1e-5
warm_token1_blk2 shared_expert=REQUIRED shared_graph_created=YES residual_add=YES final_composition=PASS
ffn_timing tensor=blk.1.ffn_gate_inp.weight payload_ready_ns=5270393086716 first_consumer_start_ns=5270483237261 payload_to_first_consumer_ns=90150545
ffn_timing tensor=blk.1.ffn_gate_shexp.weight payload_ready_ns=5274624734075 first_consumer_start_ns=5274714407839 payload_to_first_consumer_ns=89673764
ffn_timing tensor=blk.1.ffn_gate_exps.weight payload_ready_ns=5270615475175 first_consumer_start_ns=5270704232956 payload_to_first_consumer_ns=88757781
warm_token1_blk2 full_layer_residency_hits=46 misses=51 evictions=24 source_reads=23 source_bytes=20402176 materialization_requests=23 resident_tensors_after=8
warm_token1_blk2 full_layer_peak_active_persistent_bytes=1622016 full_layer_peak_resident_bytes=8312832
warm_token1_blk2 first_payload_to_shared_compute_start_ns=4407150547 execution_ready_to_consumer_ns=NOT_INSTRUMENTED payload_to_first_useful_compute=NOT_INSTRUMENTED
normalized_input_parity max_abs=0 max_rel=0 mean_abs=0 tolerance=1e-5
router_score_parity max_abs=1.43051e-06 max_rel=0.000107496 mean_abs=3.76513e-07 tolerance=1e-5
selected_weight_parity max_abs=1.49012e-07 max_rel=7.50293e-07 mean_abs=5.71211e-08 tolerance=1e-5
reference_warm_token1_blk2 topk_ids=37,18,44,53,23,49 normalized_weights=0.210563,0.198605,0.152328,0.149502,0.145231,0.143771,
reference_warm_token1_blk2_routed expert_rank=0 expert_id=37 router_rank=0 graph_created=YES graph_refs=gate:0,up:1,down:2 storage_ref_base=20111 score_preserved=YES
reference_warm_token1_blk2_routed expert_id=37 selected_range tensor=blk.1.ffn_gate_exps.weight offset=307373736 bytes=563200 layout=DIRECT
reference_warm_token1_blk2_routed expert_id=37 selected_range tensor=blk.1.ffn_up_exps.weight offset=343418552 bytes=563200 layout=DIRECT
reference_warm_token1_blk2_routed expert_id=37 selected_range tensor=blk.1.ffn_down_exps.weight offset=418639560 bytes=1622016 layout=DIRECT
reference_warm_token1_blk2_routed prefetch expert_id=37 tensor=blk.1.ffn_gate_exps.weight dependency_distance=0
reference_warm_token1_blk2_routed prefetch expert_id=37 tensor=blk.1.ffn_up_exps.weight dependency_distance=0
reference_warm_token1_blk2_routed prefetch expert_id=37 tensor=blk.1.ffn_down_exps.weight dependency_distance=2
expert_parity max_abs=0 max_rel=0 mean_abs=0 tolerance=1e-5
reference_warm_token1_blk2_routed expert_id=37 consumer_wait=not_instrumented acquire_release=recorded peak_active=1622016 peak_resident=3280896
reference_warm_token1_blk2_routed expert_rank=1 expert_id=18 router_rank=1 graph_created=YES graph_refs=gate:0,up:1,down:2 storage_ref_base=20054 score_preserved=YES
reference_warm_token1_blk2_routed expert_id=18 selected_range tensor=blk.1.ffn_gate_exps.weight offset=296672936 bytes=563200 layout=DIRECT
reference_warm_token1_blk2_routed expert_id=18 selected_range tensor=blk.1.ffn_up_exps.weight offset=332717752 bytes=563200 layout=DIRECT
reference_warm_token1_blk2_routed expert_id=18 selected_range tensor=blk.1.ffn_down_exps.weight offset=387821256 bytes=1622016 layout=DIRECT
reference_warm_token1_blk2_routed prefetch expert_id=18 tensor=blk.1.ffn_gate_exps.weight dependency_distance=0
reference_warm_token1_blk2_routed prefetch expert_id=18 tensor=blk.1.ffn_up_exps.weight dependency_distance=0
reference_warm_token1_blk2_routed prefetch expert_id=18 tensor=blk.1.ffn_down_exps.weight dependency_distance=2
expert_parity max_abs=0 max_rel=0 mean_abs=0 tolerance=1e-5
reference_warm_token1_blk2_routed expert_id=18 consumer_wait=not_instrumented acquire_release=recorded peak_active=1622016 peak_resident=6029312
reference_warm_token1_blk2_routed expert_rank=2 expert_id=44 router_rank=2 graph_created=YES graph_refs=gate:0,up:1,down:2 storage_ref_base=20132 score_preserved=YES
reference_warm_token1_blk2_routed expert_id=44 selected_range tensor=blk.1.ffn_gate_exps.weight offset=311316136 bytes=563200 layout=DIRECT
reference_warm_token1_blk2_routed expert_id=44 selected_range tensor=blk.1.ffn_up_exps.weight offset=347360952 bytes=563200 layout=DIRECT
reference_warm_token1_blk2_routed expert_id=44 selected_range tensor=blk.1.ffn_down_exps.weight offset=429993672 bytes=1622016 layout=DIRECT
reference_warm_token1_blk2_routed prefetch expert_id=44 tensor=blk.1.ffn_gate_exps.weight dependency_distance=0
reference_warm_token1_blk2_routed prefetch expert_id=44 tensor=blk.1.ffn_up_exps.weight dependency_distance=0
reference_warm_token1_blk2_routed prefetch expert_id=44 tensor=blk.1.ffn_down_exps.weight dependency_distance=2
expert_parity max_abs=0 max_rel=0 mean_abs=0 tolerance=1e-5
reference_warm_token1_blk2_routed expert_id=44 consumer_wait=not_instrumented acquire_release=recorded peak_active=1622016 peak_resident=8245248
reference_warm_token1_blk2_routed expert_rank=3 expert_id=53 router_rank=3 graph_created=YES graph_refs=gate:0,up:1,down:2 storage_ref_base=20159 score_preserved=YES
reference_warm_token1_blk2_routed expert_id=53 selected_range tensor=blk.1.ffn_gate_exps.weight offset=316384936 bytes=563200 layout=DIRECT
reference_warm_token1_blk2_routed expert_id=53 selected_range tensor=blk.1.ffn_up_exps.weight offset=352429752 bytes=563200 layout=DIRECT
reference_warm_token1_blk2_routed expert_id=53 selected_range tensor=blk.1.ffn_down_exps.weight offset=444591816 bytes=1622016 layout=DIRECT
reference_warm_token1_blk2_routed prefetch expert_id=53 tensor=blk.1.ffn_gate_exps.weight dependency_distance=0
reference_warm_token1_blk2_routed prefetch expert_id=53 tensor=blk.1.ffn_up_exps.weight dependency_distance=0
reference_warm_token1_blk2_routed prefetch expert_id=53 tensor=blk.1.ffn_down_exps.weight dependency_distance=2
expert_parity max_abs=0 max_rel=0 mean_abs=0 tolerance=1e-5
reference_warm_token1_blk2_routed expert_id=53 consumer_wait=not_instrumented acquire_release=recorded peak_active=1622016 peak_resident=8245248
reference_warm_token1_blk2_routed expert_rank=4 expert_id=23 router_rank=4 graph_created=YES graph_refs=gate:0,up:1,down:2 storage_ref_base=20069 score_preserved=YES
reference_warm_token1_blk2_routed expert_id=23 selected_range tensor=blk.1.ffn_gate_exps.weight offset=299488936 bytes=563200 layout=DIRECT
reference_warm_token1_blk2_routed expert_id=23 selected_range tensor=blk.1.ffn_up_exps.weight offset=335533752 bytes=563200 layout=DIRECT
reference_warm_token1_blk2_routed expert_id=23 selected_range tensor=blk.1.ffn_down_exps.weight offset=395931336 bytes=1622016 layout=DIRECT
reference_warm_token1_blk2_routed prefetch expert_id=23 tensor=blk.1.ffn_gate_exps.weight dependency_distance=0
reference_warm_token1_blk2_routed prefetch expert_id=23 tensor=blk.1.ffn_up_exps.weight dependency_distance=0
reference_warm_token1_blk2_routed prefetch expert_id=23 tensor=blk.1.ffn_down_exps.weight dependency_distance=2
expert_parity max_abs=0 max_rel=0 mean_abs=0 tolerance=1e-5
reference_warm_token1_blk2_routed expert_id=23 consumer_wait=not_instrumented acquire_release=recorded peak_active=1622016 peak_resident=8245248
reference_warm_token1_blk2_routed expert_rank=5 expert_id=49 router_rank=5 graph_created=YES graph_refs=gate:0,up:1,down:2 storage_ref_base=20147 score_preserved=YES
reference_warm_token1_blk2_routed expert_id=49 selected_range tensor=blk.1.ffn_gate_exps.weight offset=314132136 bytes=563200 layout=DIRECT
reference_warm_token1_blk2_routed expert_id=49 selected_range tensor=blk.1.ffn_up_exps.weight offset=350176952 bytes=563200 layout=DIRECT
reference_warm_token1_blk2_routed expert_id=49 selected_range tensor=blk.1.ffn_down_exps.weight offset=438103752 bytes=1622016 layout=DIRECT
reference_warm_token1_blk2_routed prefetch expert_id=49 tensor=blk.1.ffn_gate_exps.weight dependency_distance=0
reference_warm_token1_blk2_routed prefetch expert_id=49 tensor=blk.1.ffn_up_exps.weight dependency_distance=0
reference_warm_token1_blk2_routed prefetch expert_id=49 tensor=blk.1.ffn_down_exps.weight dependency_distance=2
expert_parity max_abs=0 max_rel=0 mean_abs=0 tolerance=1e-5
reference_warm_token1_blk2_routed expert_id=49 consumer_wait=not_instrumented acquire_release=recorded peak_active=1622016 peak_resident=8245248
reference_warm_token1_blk2_routed residency_hits=36 residency_misses=42 source_reads=18 materialization_requests=18 source_policy_calls=18 evictions=11 resident_tensors_after=9
routed_merge_parity max_abs=0 max_rel=0 mean_abs=0 tolerance=1e-5
shared_expert_parity max_abs=0 max_rel=0 mean_abs=0 tolerance=1e-5
pre_residual_composition_parity max_abs=0 max_rel=0 mean_abs=0 tolerance=1e-5
final_layer_parity max_abs=0 max_rel=0 mean_abs=0 tolerance=1e-5
reference_warm_token1_blk2 shared_expert=REQUIRED shared_graph_created=YES residual_add=YES final_composition=PASS
ffn_timing tensor=blk.1.ffn_gate_inp.weight payload_ready_ns=5275512340984 first_consumer_start_ns=5275599725661 payload_to_first_consumer_ns=87384677
ffn_timing tensor=blk.1.ffn_gate_shexp.weight payload_ready_ns=5279792774978 first_consumer_start_ns=5279885669710 payload_to_first_consumer_ns=92894732
ffn_timing tensor=blk.1.ffn_gate_exps.weight payload_ready_ns=5275731371553 first_consumer_start_ns=5275818419159 payload_to_first_consumer_ns=87047606
reference_warm_token1_blk2 full_layer_residency_hits=46 misses=51 evictions=15 source_reads=23 source_bytes=20402176 materialization_requests=23 resident_tensors_after=8
reference_warm_token1_blk2 full_layer_peak_active_persistent_bytes=1622016 full_layer_peak_resident_bytes=8312832
reference_warm_token1_blk2 first_payload_to_shared_compute_start_ns=4451435766 execution_ready_to_consumer_ns=NOT_INSTRUMENTED payload_to_first_useful_compute=NOT_INSTRUMENTED
warm_token1_blk2_attention_parity max_abs=0 max_rel=0 mean_abs=0 tolerance=1e-5
warm_token1_blk2_block_parity max_abs=0 max_rel=0 mean_abs=0 tolerance=1e-5
warm_token1 block_handoff block=3 handoff_ns=44680 activation_copy_bytes=0
attention_timing tensor=blk.1.attn_norm.weight payload_ready_ns=5154416105948 first_consumer_start_ns=5280571316073 payload_to_first_consumer_ns=126155210125
attention_timing tensor=blk.1.attn_q.weight payload_ready_ns=5154628276790 first_consumer_start_ns=5280802778546 payload_to_first_consumer_ns=126174501756
attention_timing tensor=blk.1.attn_kv_a_mqa.weight payload_ready_ns=5154840915132 first_consumer_start_ns=5281027135839 payload_to_first_consumer_ns=126186220707
attention_timing tensor=blk.1.attn_kv_a_norm.weight payload_ready_ns=5155050521496 first_consumer_start_ns=5281245569184 payload_to_first_consumer_ns=126195047688
attention_timing tensor=blk.1.attn_kv_b.weight payload_ready_ns=5155262220896 first_consumer_start_ns=5281463565729 payload_to_first_consumer_ns=126201344833
attention_timing tensor=blk.1.attn_output.weight payload_ready_ns=5155470850817 first_consumer_start_ns=5281682247315 payload_to_first_consumer_ns=126211396498
warm_token1_blk3 position=1 state_k_positions=2 state_v_positions=2 attention_probs=0.647885,0.352115,0.653755,0.346246,0.748316,0.251684,0.454187,0.545813,0.370199,0.629801,0.660859,0.339141,0.0916113,0.908389,0.236917,0.763083,0.538436,0.461564,0.527116,0.472884,0.654188,0.345812,0.188689,0.811311,0.462708,0.537292,0.689584,0.310416,0.733999,0.266001,0.491397,0.508603,
reference_attention position=1 state_k_positions=2 state_v_positions=2 attention_probs=0.647885,0.352115,0.653755,0.346246,0.748316,0.251684,0.454187,0.545813,0.370199,0.629801,0.660859,0.339141,0.0916113,0.908389,0.236917,0.763083,0.538436,0.461564,0.527116,0.472884,0.654188,0.345812,0.188689,0.811311,0.462708,0.537292,0.689584,0.310416,0.733999,0.266001,0.491397,0.508603,
normalized_input_parity max_abs=0 max_rel=0 mean_abs=0 tolerance=1e-5
router_score_parity max_abs=1.37091e-06 max_rel=2.28584e-05 mean_abs=3.83676e-07 tolerance=1e-5
selected_weight_parity max_abs=8.9407e-08 max_rel=5.9106e-07 mean_abs=5.96046e-08 tolerance=1e-5
warm_token1_blk3 topk_ids=60,2,53,35,15,59 normalized_weights=0.273384,0.190084,0.151266,0.136168,0.132768,0.11633,
warm_token1_blk3_routed expert_rank=0 expert_id=60 router_rank=0 graph_created=YES graph_refs=gate:0,up:1,down:2 storage_ref_base=30180 score_preserved=YES
warm_token1_blk3_routed expert_id=60 selected_range tensor=blk.1.ffn_gate_exps.weight offset=503098224 bytes=563200 layout=DIRECT
warm_token1_blk3_routed expert_id=60 selected_range tensor=blk.1.ffn_up_exps.weight offset=539143040 bytes=563200 layout=DIRECT
warm_token1_blk3_routed expert_id=60 selected_range tensor=blk.1.ffn_down_exps.weight offset=638716816 bytes=1622016 layout=DIRECT
warm_token1_blk3_routed prefetch expert_id=60 tensor=blk.1.ffn_gate_exps.weight dependency_distance=0
warm_token1_blk3_routed prefetch expert_id=60 tensor=blk.1.ffn_up_exps.weight dependency_distance=0
warm_token1_blk3_routed prefetch expert_id=60 tensor=blk.1.ffn_down_exps.weight dependency_distance=2
expert_parity max_abs=0 max_rel=0 mean_abs=0 tolerance=1e-5
warm_token1_blk3_routed expert_id=60 consumer_wait=not_instrumented acquire_release=recorded peak_active=1622016 peak_resident=7367680
warm_token1_blk3_routed expert_rank=1 expert_id=2 router_rank=1 graph_created=YES graph_refs=gate:0,up:1,down:2 storage_ref_base=30006 score_preserved=YES
warm_token1_blk3_routed expert_id=2 selected_range tensor=blk.1.ffn_gate_exps.weight offset=470432624 bytes=563200 layout=DIRECT
warm_token1_blk3_routed expert_id=2 selected_range tensor=blk.1.ffn_up_exps.weight offset=506477440 bytes=563200 layout=DIRECT
warm_token1_blk3_routed expert_id=2 selected_range tensor=blk.1.ffn_down_exps.weight offset=544639888 bytes=1622016 layout=DIRECT
warm_token1_blk3_routed prefetch expert_id=2 tensor=blk.1.ffn_gate_exps.weight dependency_distance=0
warm_token1_blk3_routed prefetch expert_id=2 tensor=blk.1.ffn_up_exps.weight dependency_distance=0
warm_token1_blk3_routed prefetch expert_id=2 tensor=blk.1.ffn_down_exps.weight dependency_distance=2
expert_parity max_abs=0 max_rel=0 mean_abs=0 tolerance=1e-5
warm_token1_blk3_routed expert_id=2 consumer_wait=not_instrumented acquire_release=recorded peak_active=1622016 peak_resident=7752704
warm_token1_blk3_routed expert_rank=2 expert_id=53 router_rank=2 graph_created=YES graph_refs=gate:0,up:1,down:2 storage_ref_base=30159 score_preserved=YES
warm_token1_blk3_routed expert_id=53 selected_range tensor=blk.1.ffn_gate_exps.weight offset=499155824 bytes=563200 layout=DIRECT
warm_token1_blk3_routed expert_id=53 selected_range tensor=blk.1.ffn_up_exps.weight offset=535200640 bytes=563200 layout=DIRECT
warm_token1_blk3_routed expert_id=53 selected_range tensor=blk.1.ffn_down_exps.weight offset=627362704 bytes=1622016 layout=DIRECT
warm_token1_blk3_routed prefetch expert_id=53 tensor=blk.1.ffn_gate_exps.weight dependency_distance=0
warm_token1_blk3_routed prefetch expert_id=53 tensor=blk.1.ffn_up_exps.weight dependency_distance=0
warm_token1_blk3_routed prefetch expert_id=53 tensor=blk.1.ffn_down_exps.weight dependency_distance=2
expert_parity max_abs=0 max_rel=0 mean_abs=0 tolerance=1e-5
warm_token1_blk3_routed expert_id=53 consumer_wait=not_instrumented acquire_release=recorded peak_active=1622016 peak_resident=8245248
warm_token1_blk3_routed expert_rank=3 expert_id=35 router_rank=3 graph_created=YES graph_refs=gate:0,up:1,down:2 storage_ref_base=30105 score_preserved=YES
warm_token1_blk3_routed expert_id=35 selected_range tensor=blk.1.ffn_gate_exps.weight offset=489018224 bytes=563200 layout=DIRECT
warm_token1_blk3_routed expert_id=35 selected_range tensor=blk.1.ffn_up_exps.weight offset=525063040 bytes=563200 layout=DIRECT
warm_token1_blk3_routed expert_id=35 selected_range tensor=blk.1.ffn_down_exps.weight offset=598166416 bytes=1622016 layout=DIRECT
warm_token1_blk3_routed prefetch expert_id=35 tensor=blk.1.ffn_gate_exps.weight dependency_distance=0
warm_token1_blk3_routed prefetch expert_id=35 tensor=blk.1.ffn_up_exps.weight dependency_distance=0
warm_token1_blk3_routed prefetch expert_id=35 tensor=blk.1.ffn_down_exps.weight dependency_distance=2
expert_parity max_abs=0 max_rel=0 mean_abs=0 tolerance=1e-5
warm_token1_blk3_routed expert_id=35 consumer_wait=not_instrumented acquire_release=recorded peak_active=1622016 peak_resident=8245248
warm_token1_blk3_routed expert_rank=4 expert_id=15 router_rank=4 graph_created=YES graph_refs=gate:0,up:1,down:2 storage_ref_base=30045 score_preserved=YES
warm_token1_blk3_routed expert_id=15 selected_range tensor=blk.1.ffn_gate_exps.weight offset=477754224 bytes=563200 layout=DIRECT
warm_token1_blk3_routed expert_id=15 selected_range tensor=blk.1.ffn_up_exps.weight offset=513799040 bytes=563200 layout=DIRECT
warm_token1_blk3_routed expert_id=15 selected_range tensor=blk.1.ffn_down_exps.weight offset=565726096 bytes=1622016 layout=DIRECT
warm_token1_blk3_routed prefetch expert_id=15 tensor=blk.1.ffn_gate_exps.weight dependency_distance=0
warm_token1_blk3_routed prefetch expert_id=15 tensor=blk.1.ffn_up_exps.weight dependency_distance=0
warm_token1_blk3_routed prefetch expert_id=15 tensor=blk.1.ffn_down_exps.weight dependency_distance=2
expert_parity max_abs=0 max_rel=0 mean_abs=0 tolerance=1e-5
warm_token1_blk3_routed expert_id=15 consumer_wait=not_instrumented acquire_release=recorded peak_active=1622016 peak_resident=8245248
warm_token1_blk3_routed expert_rank=5 expert_id=59 router_rank=5 graph_created=YES graph_refs=gate:0,up:1,down:2 storage_ref_base=30177 score_preserved=YES
warm_token1_blk3_routed expert_id=59 selected_range tensor=blk.1.ffn_gate_exps.weight offset=502535024 bytes=563200 layout=DIRECT
warm_token1_blk3_routed expert_id=59 selected_range tensor=blk.1.ffn_up_exps.weight offset=538579840 bytes=563200 layout=DIRECT
warm_token1_blk3_routed expert_id=59 selected_range tensor=blk.1.ffn_down_exps.weight offset=637094800 bytes=1622016 layout=DIRECT
warm_token1_blk3_routed prefetch expert_id=59 tensor=blk.1.ffn_gate_exps.weight dependency_distance=0
warm_token1_blk3_routed prefetch expert_id=59 tensor=blk.1.ffn_up_exps.weight dependency_distance=0
warm_token1_blk3_routed prefetch expert_id=59 tensor=blk.1.ffn_down_exps.weight dependency_distance=2
expert_parity max_abs=0 max_rel=0 mean_abs=0 tolerance=1e-5
warm_token1_blk3_routed expert_id=59 consumer_wait=not_instrumented acquire_release=recorded peak_active=1622016 peak_resident=8245248
warm_token1_blk3_routed residency_hits=36 residency_misses=42 source_reads=18 materialization_requests=18 source_policy_calls=18 evictions=20 resident_tensors_after=9
routed_merge_parity max_abs=0 max_rel=0 mean_abs=0 tolerance=1e-5
shared_expert_parity max_abs=0 max_rel=0 mean_abs=0 tolerance=1e-5
pre_residual_composition_parity max_abs=0 max_rel=0 mean_abs=0 tolerance=1e-5
final_layer_parity max_abs=0 max_rel=0 mean_abs=0 tolerance=1e-5
warm_token1_blk3 shared_expert=REQUIRED shared_graph_created=YES residual_add=YES final_composition=PASS
ffn_timing tensor=blk.1.ffn_gate_inp.weight payload_ready_ns=5282037284316 first_consumer_start_ns=5282127363039 payload_to_first_consumer_ns=90078723
ffn_timing tensor=blk.1.ffn_gate_shexp.weight payload_ready_ns=5286250347519 first_consumer_start_ns=5286338651988 payload_to_first_consumer_ns=88304469
ffn_timing tensor=blk.1.ffn_gate_exps.weight payload_ready_ns=5282260688786 first_consumer_start_ns=5282350371638 payload_to_first_consumer_ns=89682852
warm_token1_blk3 full_layer_residency_hits=46 misses=51 evictions=25 source_reads=23 source_bytes=20402176 materialization_requests=23 resident_tensors_after=8
warm_token1_blk3 full_layer_peak_active_persistent_bytes=1622016 full_layer_peak_resident_bytes=8312832
warm_token1_blk3 first_payload_to_shared_compute_start_ns=4387586056 execution_ready_to_consumer_ns=NOT_INSTRUMENTED payload_to_first_useful_compute=NOT_INSTRUMENTED
normalized_input_parity max_abs=0 max_rel=0 mean_abs=0 tolerance=1e-5
router_score_parity max_abs=1.37091e-06 max_rel=2.28584e-05 mean_abs=3.83676e-07 tolerance=1e-5
selected_weight_parity max_abs=8.9407e-08 max_rel=5.9106e-07 mean_abs=5.96046e-08 tolerance=1e-5
reference_warm_token1_blk3 topk_ids=60,2,53,35,15,59 normalized_weights=0.273384,0.190084,0.151266,0.136168,0.132768,0.11633,
reference_warm_token1_blk3_routed expert_rank=0 expert_id=60 router_rank=0 graph_created=YES graph_refs=gate:0,up:1,down:2 storage_ref_base=30180 score_preserved=YES
reference_warm_token1_blk3_routed expert_id=60 selected_range tensor=blk.1.ffn_gate_exps.weight offset=503098224 bytes=563200 layout=DIRECT
reference_warm_token1_blk3_routed expert_id=60 selected_range tensor=blk.1.ffn_up_exps.weight offset=539143040 bytes=563200 layout=DIRECT
reference_warm_token1_blk3_routed expert_id=60 selected_range tensor=blk.1.ffn_down_exps.weight offset=638716816 bytes=1622016 layout=DIRECT
reference_warm_token1_blk3_routed prefetch expert_id=60 tensor=blk.1.ffn_gate_exps.weight dependency_distance=0
reference_warm_token1_blk3_routed prefetch expert_id=60 tensor=blk.1.ffn_up_exps.weight dependency_distance=0
reference_warm_token1_blk3_routed prefetch expert_id=60 tensor=blk.1.ffn_down_exps.weight dependency_distance=2
expert_parity max_abs=0 max_rel=0 mean_abs=0 tolerance=1e-5
reference_warm_token1_blk3_routed expert_id=60 consumer_wait=not_instrumented acquire_release=recorded peak_active=1622016 peak_resident=3280896
reference_warm_token1_blk3_routed expert_rank=1 expert_id=2 router_rank=1 graph_created=YES graph_refs=gate:0,up:1,down:2 storage_ref_base=30006 score_preserved=YES
reference_warm_token1_blk3_routed expert_id=2 selected_range tensor=blk.1.ffn_gate_exps.weight offset=470432624 bytes=563200 layout=DIRECT
reference_warm_token1_blk3_routed expert_id=2 selected_range tensor=blk.1.ffn_up_exps.weight offset=506477440 bytes=563200 layout=DIRECT
reference_warm_token1_blk3_routed expert_id=2 selected_range tensor=blk.1.ffn_down_exps.weight offset=544639888 bytes=1622016 layout=DIRECT
reference_warm_token1_blk3_routed prefetch expert_id=2 tensor=blk.1.ffn_gate_exps.weight dependency_distance=0
reference_warm_token1_blk3_routed prefetch expert_id=2 tensor=blk.1.ffn_up_exps.weight dependency_distance=0
reference_warm_token1_blk3_routed prefetch expert_id=2 tensor=blk.1.ffn_down_exps.weight dependency_distance=2
expert_parity max_abs=0 max_rel=0 mean_abs=0 tolerance=1e-5
reference_warm_token1_blk3_routed expert_id=2 consumer_wait=not_instrumented acquire_release=recorded peak_active=1622016 peak_resident=6029312
reference_warm_token1_blk3_routed expert_rank=2 expert_id=53 router_rank=2 graph_created=YES graph_refs=gate:0,up:1,down:2 storage_ref_base=30159 score_preserved=YES
reference_warm_token1_blk3_routed expert_id=53 selected_range tensor=blk.1.ffn_gate_exps.weight offset=499155824 bytes=563200 layout=DIRECT
reference_warm_token1_blk3_routed expert_id=53 selected_range tensor=blk.1.ffn_up_exps.weight offset=535200640 bytes=563200 layout=DIRECT
reference_warm_token1_blk3_routed expert_id=53 selected_range tensor=blk.1.ffn_down_exps.weight offset=627362704 bytes=1622016 layout=DIRECT
reference_warm_token1_blk3_routed prefetch expert_id=53 tensor=blk.1.ffn_gate_exps.weight dependency_distance=0
reference_warm_token1_blk3_routed prefetch expert_id=53 tensor=blk.1.ffn_up_exps.weight dependency_distance=0
reference_warm_token1_blk3_routed prefetch expert_id=53 tensor=blk.1.ffn_down_exps.weight dependency_distance=2
expert_parity max_abs=0 max_rel=0 mean_abs=0 tolerance=1e-5
reference_warm_token1_blk3_routed expert_id=53 consumer_wait=not_instrumented acquire_release=recorded peak_active=1622016 peak_resident=8245248
reference_warm_token1_blk3_routed expert_rank=3 expert_id=35 router_rank=3 graph_created=YES graph_refs=gate:0,up:1,down:2 storage_ref_base=30105 score_preserved=YES
reference_warm_token1_blk3_routed expert_id=35 selected_range tensor=blk.1.ffn_gate_exps.weight offset=489018224 bytes=563200 layout=DIRECT
reference_warm_token1_blk3_routed expert_id=35 selected_range tensor=blk.1.ffn_up_exps.weight offset=525063040 bytes=563200 layout=DIRECT
reference_warm_token1_blk3_routed expert_id=35 selected_range tensor=blk.1.ffn_down_exps.weight offset=598166416 bytes=1622016 layout=DIRECT
reference_warm_token1_blk3_routed prefetch expert_id=35 tensor=blk.1.ffn_gate_exps.weight dependency_distance=0
reference_warm_token1_blk3_routed prefetch expert_id=35 tensor=blk.1.ffn_up_exps.weight dependency_distance=0
reference_warm_token1_blk3_routed prefetch expert_id=35 tensor=blk.1.ffn_down_exps.weight dependency_distance=2
expert_parity max_abs=0 max_rel=0 mean_abs=0 tolerance=1e-5
reference_warm_token1_blk3_routed expert_id=35 consumer_wait=not_instrumented acquire_release=recorded peak_active=1622016 peak_resident=8245248
reference_warm_token1_blk3_routed expert_rank=4 expert_id=15 router_rank=4 graph_created=YES graph_refs=gate:0,up:1,down:2 storage_ref_base=30045 score_preserved=YES
reference_warm_token1_blk3_routed expert_id=15 selected_range tensor=blk.1.ffn_gate_exps.weight offset=477754224 bytes=563200 layout=DIRECT
reference_warm_token1_blk3_routed expert_id=15 selected_range tensor=blk.1.ffn_up_exps.weight offset=513799040 bytes=563200 layout=DIRECT
reference_warm_token1_blk3_routed expert_id=15 selected_range tensor=blk.1.ffn_down_exps.weight offset=565726096 bytes=1622016 layout=DIRECT
reference_warm_token1_blk3_routed prefetch expert_id=15 tensor=blk.1.ffn_gate_exps.weight dependency_distance=0
reference_warm_token1_blk3_routed prefetch expert_id=15 tensor=blk.1.ffn_up_exps.weight dependency_distance=0
reference_warm_token1_blk3_routed prefetch expert_id=15 tensor=blk.1.ffn_down_exps.weight dependency_distance=2
expert_parity max_abs=0 max_rel=0 mean_abs=0 tolerance=1e-5
reference_warm_token1_blk3_routed expert_id=15 consumer_wait=not_instrumented acquire_release=recorded peak_active=1622016 peak_resident=8245248
reference_warm_token1_blk3_routed expert_rank=5 expert_id=59 router_rank=5 graph_created=YES graph_refs=gate:0,up:1,down:2 storage_ref_base=30177 score_preserved=YES
reference_warm_token1_blk3_routed expert_id=59 selected_range tensor=blk.1.ffn_gate_exps.weight offset=502535024 bytes=563200 layout=DIRECT
reference_warm_token1_blk3_routed expert_id=59 selected_range tensor=blk.1.ffn_up_exps.weight offset=538579840 bytes=563200 layout=DIRECT
reference_warm_token1_blk3_routed expert_id=59 selected_range tensor=blk.1.ffn_down_exps.weight offset=637094800 bytes=1622016 layout=DIRECT
reference_warm_token1_blk3_routed prefetch expert_id=59 tensor=blk.1.ffn_gate_exps.weight dependency_distance=0
reference_warm_token1_blk3_routed prefetch expert_id=59 tensor=blk.1.ffn_up_exps.weight dependency_distance=0
reference_warm_token1_blk3_routed prefetch expert_id=59 tensor=blk.1.ffn_down_exps.weight dependency_distance=2
expert_parity max_abs=0 max_rel=0 mean_abs=0 tolerance=1e-5
reference_warm_token1_blk3_routed expert_id=59 consumer_wait=not_instrumented acquire_release=recorded peak_active=1622016 peak_resident=8245248
reference_warm_token1_blk3_routed residency_hits=36 residency_misses=42 source_reads=18 materialization_requests=18 source_policy_calls=18 evictions=11 resident_tensors_after=9
routed_merge_parity max_abs=0 max_rel=0 mean_abs=0 tolerance=1e-5
shared_expert_parity max_abs=0 max_rel=0 mean_abs=0 tolerance=1e-5
pre_residual_composition_parity max_abs=0 max_rel=0 mean_abs=0 tolerance=1e-5
final_layer_parity max_abs=0 max_rel=0 mean_abs=0 tolerance=1e-5
reference_warm_token1_blk3 shared_expert=REQUIRED shared_graph_created=YES residual_add=YES final_composition=PASS
ffn_timing tensor=blk.1.ffn_gate_inp.weight payload_ready_ns=5287136928654 first_consumer_start_ns=5287226564536 payload_to_first_consumer_ns=89635882
ffn_timing tensor=blk.1.ffn_gate_shexp.weight payload_ready_ns=5291388232212 first_consumer_start_ns=5291480199920 payload_to_first_consumer_ns=91967708
ffn_timing tensor=blk.1.ffn_gate_exps.weight payload_ready_ns=5287361832126 first_consumer_start_ns=5287450422865 payload_to_first_consumer_ns=88590739
reference_warm_token1_blk3 full_layer_residency_hits=46 misses=51 evictions=15 source_reads=23 source_bytes=20402176 materialization_requests=23 resident_tensors_after=8
reference_warm_token1_blk3 full_layer_peak_active_persistent_bytes=1622016 full_layer_peak_resident_bytes=8312832
reference_warm_token1_blk3 first_payload_to_shared_compute_start_ns=4428470347 execution_ready_to_consumer_ns=NOT_INSTRUMENTED payload_to_first_useful_compute=NOT_INSTRUMENTED
warm_token1_blk3_attention_parity max_abs=0 max_rel=0 mean_abs=0 tolerance=1e-5
warm_token1_blk3_block_parity max_abs=0 max_rel=0 mean_abs=0 tolerance=1e-5
warm_sequence_parity=PASS warm_source_reads=MEASURED
cold_source_reads=174 cold_source_bytes=141707264 warm_source_reads=174 warm_source_bytes=141707264 residency_evictions=MEASURED reloads=MEASURED cache_thrash_observed=YES
total_logical_persistent_bytes=72385536 peak_active_persistent_bytes=1892352 peak_active_fraction=0.0261417
peak_resident_bytes=8312832 total_bytes_copied_for_execution_prep=0 total_bytes_repacked=0 total_bytes_transcoded=0 model_artifact_mutated=NO architecture_specific_runtime_logic=NO vbuf_format_change_required=NO
