block_range=blk.1..blk.3 block_count=3 attention=MLA_NON_SPLIT_KV ffn=real_sparse_top6_shared geometry=2048
fixtures=dtype:F32 dimensions:[2048,1] token0:one_hot(0) token1:one_hot(1) positions:0,1
block_descriptor block=1 tensor_count=14 namespace_base=10000
block_descriptor block=2 tensor_count=14 namespace_base=20000
block_descriptor block=3 tensor_count=14 namespace_base=30000
mode=middle-attention-failure
failure_target_mode=middle-attention-failure target_offset=279671320
attention_timing tensor=blk.1.attn_norm.weight payload_ready_ns=5829393315183 first_consumer_start_ns=5829468739699 payload_to_first_consumer_ns=75424516
attention_timing tensor=blk.1.attn_q.weight payload_ready_ns=5829579594941 first_consumer_start_ns=5829651511497 payload_to_first_consumer_ns=71916556
attention_timing tensor=blk.1.attn_kv_a_mqa.weight payload_ready_ns=5829763830993 first_consumer_start_ns=5829836831001 payload_to_first_consumer_ns=73000008
attention_timing tensor=blk.1.attn_kv_a_norm.weight payload_ready_ns=5829948192705 first_consumer_start_ns=5830021093574 payload_to_first_consumer_ns=72900869
attention_timing tensor=blk.1.attn_kv_b.weight payload_ready_ns=5830137042468 first_consumer_start_ns=5830210935470 payload_to_first_consumer_ns=73893002
attention_timing tensor=blk.1.attn_output.weight payload_ready_ns=5830326878264 first_consumer_start_ns=5830404825375 payload_to_first_consumer_ns=77947111
token0_blk1 position=0 state_k_positions=1 state_v_positions=1 attention_probs=1,1,1,1,1,1,1,1,1,1,1,1,1,1,1,1,
reference_attention position=0 state_k_positions=1 state_v_positions=1 attention_probs=1,1,1,1,1,1,1,1,1,1,1,1,1,1,1,1,
normalized_input_parity max_abs=0 max_rel=0 mean_abs=0 tolerance=1e-5
router_score_parity max_abs=1.43051e-06 max_rel=2.50091e-05 mean_abs=3.50527e-07 tolerance=1e-5
selected_weight_parity max_abs=7.45058e-08 max_rel=9.6258e-07 mean_abs=5.09123e-08 tolerance=1e-5
token0_blk1 topk_ids=56,11,50,34,3,47 normalized_weights=0.314496,0.213122,0.188313,0.119806,0.0868612,0.0774022,
token0_blk1_routed expert_rank=0 expert_id=56 router_rank=0 graph_created=YES graph_refs=gate:0,up:1,down:2 storage_ref_base=10168 score_preserved=YES
token0_blk1_routed expert_id=56 selected_range tensor=blk.1.ffn_gate_exps.weight offset=135303648 bytes=563200 layout=DIRECT
token0_blk1_routed expert_id=56 selected_range tensor=blk.1.ffn_up_exps.weight offset=171348464 bytes=563200 layout=DIRECT
token0_blk1_routed expert_id=56 selected_range tensor=blk.1.ffn_down_exps.weight offset=266686976 bytes=1622016 layout=DIRECT
token0_blk1_routed prefetch expert_id=56 tensor=blk.1.ffn_gate_exps.weight dependency_distance=0
token0_blk1_routed prefetch expert_id=56 tensor=blk.1.ffn_up_exps.weight dependency_distance=0
token0_blk1_routed prefetch expert_id=56 tensor=blk.1.ffn_down_exps.weight dependency_distance=2
expert_parity max_abs=0 max_rel=0 mean_abs=0 tolerance=1e-5
token0_blk1_routed expert_id=56 consumer_wait=not_instrumented acquire_release=recorded peak_active=1622016 peak_resident=6241280
token0_blk1_routed expert_rank=1 expert_id=11 router_rank=1 graph_created=YES graph_refs=gate:0,up:1,down:2 storage_ref_base=10033 score_preserved=YES
token0_blk1_routed expert_id=11 selected_range tensor=blk.1.ffn_gate_exps.weight offset=109959648 bytes=563200 layout=DIRECT
token0_blk1_routed expert_id=11 selected_range tensor=blk.1.ffn_up_exps.weight offset=146004464 bytes=563200 layout=DIRECT
token0_blk1_routed expert_id=11 selected_range tensor=blk.1.ffn_down_exps.weight offset=193696256 bytes=1622016 layout=DIRECT
token0_blk1_routed prefetch expert_id=11 tensor=blk.1.ffn_gate_exps.weight dependency_distance=0
token0_blk1_routed prefetch expert_id=11 tensor=blk.1.ffn_up_exps.weight dependency_distance=0
token0_blk1_routed prefetch expert_id=11 tensor=blk.1.ffn_down_exps.weight dependency_distance=2
expert_parity max_abs=0 max_rel=0 mean_abs=0 tolerance=1e-5
token0_blk1_routed expert_id=11 consumer_wait=not_instrumented acquire_release=recorded peak_active=1622016 peak_resident=7752704
token0_blk1_routed expert_rank=2 expert_id=50 router_rank=2 graph_created=YES graph_refs=gate:0,up:1,down:2 storage_ref_base=10150 score_preserved=YES
token0_blk1_routed expert_id=50 selected_range tensor=blk.1.ffn_gate_exps.weight offset=131924448 bytes=563200 layout=DIRECT
token0_blk1_routed expert_id=50 selected_range tensor=blk.1.ffn_up_exps.weight offset=167969264 bytes=563200 layout=DIRECT
token0_blk1_routed expert_id=50 selected_range tensor=blk.1.ffn_down_exps.weight offset=256954880 bytes=1622016 layout=DIRECT
token0_blk1_routed prefetch expert_id=50 tensor=blk.1.ffn_gate_exps.weight dependency_distance=0
token0_blk1_routed prefetch expert_id=50 tensor=blk.1.ffn_up_exps.weight dependency_distance=0
token0_blk1_routed prefetch expert_id=50 tensor=blk.1.ffn_down_exps.weight dependency_distance=2
expert_parity max_abs=0 max_rel=0 mean_abs=0 tolerance=1e-5
token0_blk1_routed expert_id=50 consumer_wait=not_instrumented acquire_release=recorded peak_active=1622016 peak_resident=8245248
token0_blk1_routed expert_rank=3 expert_id=34 router_rank=3 graph_created=YES graph_refs=gate:0,up:1,down:2 storage_ref_base=10102 score_preserved=YES
token0_blk1_routed expert_id=34 selected_range tensor=blk.1.ffn_gate_exps.weight offset=122913248 bytes=563200 layout=DIRECT
token0_blk1_routed expert_id=34 selected_range tensor=blk.1.ffn_up_exps.weight offset=158958064 bytes=563200 layout=DIRECT
token0_blk1_routed expert_id=34 selected_range tensor=blk.1.ffn_down_exps.weight offset=231002624 bytes=1622016 layout=DIRECT
token0_blk1_routed prefetch expert_id=34 tensor=blk.1.ffn_gate_exps.weight dependency_distance=0
token0_blk1_routed prefetch expert_id=34 tensor=blk.1.ffn_up_exps.weight dependency_distance=0
token0_blk1_routed prefetch expert_id=34 tensor=blk.1.ffn_down_exps.weight dependency_distance=2
expert_parity max_abs=0 max_rel=0 mean_abs=0 tolerance=1e-5
token0_blk1_routed expert_id=34 consumer_wait=not_instrumented acquire_release=recorded peak_active=1622016 peak_resident=8245248
token0_blk1_routed expert_rank=4 expert_id=3 router_rank=4 graph_created=YES graph_refs=gate:0,up:1,down:2 storage_ref_base=10009 score_preserved=YES
token0_blk1_routed expert_id=3 selected_range tensor=blk.1.ffn_gate_exps.weight offset=105454048 bytes=563200 layout=DIRECT
token0_blk1_routed expert_id=3 selected_range tensor=blk.1.ffn_up_exps.weight offset=141498864 bytes=563200 layout=DIRECT
token0_blk1_routed expert_id=3 selected_range tensor=blk.1.ffn_down_exps.weight offset=180720128 bytes=1622016 layout=DIRECT
token0_blk1_routed prefetch expert_id=3 tensor=blk.1.ffn_gate_exps.weight dependency_distance=0
token0_blk1_routed prefetch expert_id=3 tensor=blk.1.ffn_up_exps.weight dependency_distance=0
token0_blk1_routed prefetch expert_id=3 tensor=blk.1.ffn_down_exps.weight dependency_distance=2
expert_parity max_abs=0 max_rel=0 mean_abs=0 tolerance=1e-5
token0_blk1_routed expert_id=3 consumer_wait=not_instrumented acquire_release=recorded peak_active=1622016 peak_resident=8245248
token0_blk1_routed expert_rank=5 expert_id=47 router_rank=5 graph_created=YES graph_refs=gate:0,up:1,down:2 storage_ref_base=10141 score_preserved=YES
token0_blk1_routed expert_id=47 selected_range tensor=blk.1.ffn_gate_exps.weight offset=130234848 bytes=563200 layout=DIRECT
token0_blk1_routed expert_id=47 selected_range tensor=blk.1.ffn_up_exps.weight offset=166279664 bytes=563200 layout=DIRECT
token0_blk1_routed expert_id=47 selected_range tensor=blk.1.ffn_down_exps.weight offset=252088832 bytes=1622016 layout=DIRECT
token0_blk1_routed prefetch expert_id=47 tensor=blk.1.ffn_gate_exps.weight dependency_distance=0
token0_blk1_routed prefetch expert_id=47 tensor=blk.1.ffn_up_exps.weight dependency_distance=0
token0_blk1_routed prefetch expert_id=47 tensor=blk.1.ffn_down_exps.weight dependency_distance=2
expert_parity max_abs=0 max_rel=0 mean_abs=0 tolerance=1e-5
token0_blk1_routed expert_id=47 consumer_wait=not_instrumented acquire_release=recorded peak_active=1622016 peak_resident=8245248
token0_blk1_routed residency_hits=36 residency_misses=42 source_reads=18 materialization_requests=18 source_policy_calls=18 evictions=17 resident_tensors_after=9
routed_merge_parity max_abs=0 max_rel=0 mean_abs=0 tolerance=1e-5
shared_expert_parity max_abs=0 max_rel=0 mean_abs=0 tolerance=1e-5
pre_residual_composition_parity max_abs=0 max_rel=0 mean_abs=0 tolerance=1e-5
final_layer_parity max_abs=0 max_rel=0 mean_abs=0 tolerance=1e-5
token0_blk1 shared_expert=REQUIRED shared_graph_created=YES residual_add=YES final_composition=PASS
ffn_timing tensor=blk.1.ffn_gate_inp.weight payload_ready_ns=5830735173655 first_consumer_start_ns=5830811194861 payload_to_first_consumer_ns=76021206
ffn_timing tensor=blk.1.ffn_gate_shexp.weight payload_ready_ns=5834550094529 first_consumer_start_ns=5834628955201 payload_to_first_consumer_ns=78860672
ffn_timing tensor=blk.1.ffn_gate_exps.weight payload_ready_ns=5830939380136 first_consumer_start_ns=5831021541878 payload_to_first_consumer_ns=82161742
token0_blk1 full_layer_residency_hits=46 misses=51 evictions=23 source_reads=23 source_bytes=21168128 materialization_requests=23 resident_tensors_after=6
token0_blk1 full_layer_peak_active_persistent_bytes=1892352 full_layer_peak_resident_bytes=8245248
token0_blk1 first_payload_to_shared_compute_start_ns=3973908053 execution_ready_to_consumer_ns=NOT_INSTRUMENTED payload_to_first_useful_compute=NOT_INSTRUMENTED
normalized_input_parity max_abs=0 max_rel=0 mean_abs=0 tolerance=1e-5
router_score_parity max_abs=1.43051e-06 max_rel=2.50091e-05 mean_abs=3.50527e-07 tolerance=1e-5
selected_weight_parity max_abs=7.45058e-08 max_rel=9.6258e-07 mean_abs=5.09123e-08 tolerance=1e-5
reference_token0_blk1 topk_ids=56,11,50,34,3,47 normalized_weights=0.314496,0.213122,0.188313,0.119806,0.0868612,0.0774022,
reference_token0_blk1_routed expert_rank=0 expert_id=56 router_rank=0 graph_created=YES graph_refs=gate:0,up:1,down:2 storage_ref_base=10168 score_preserved=YES
reference_token0_blk1_routed expert_id=56 selected_range tensor=blk.1.ffn_gate_exps.weight offset=135303648 bytes=563200 layout=DIRECT
reference_token0_blk1_routed expert_id=56 selected_range tensor=blk.1.ffn_up_exps.weight offset=171348464 bytes=563200 layout=DIRECT
reference_token0_blk1_routed expert_id=56 selected_range tensor=blk.1.ffn_down_exps.weight offset=266686976 bytes=1622016 layout=DIRECT
reference_token0_blk1_routed prefetch expert_id=56 tensor=blk.1.ffn_gate_exps.weight dependency_distance=0
reference_token0_blk1_routed prefetch expert_id=56 tensor=blk.1.ffn_up_exps.weight dependency_distance=0
reference_token0_blk1_routed prefetch expert_id=56 tensor=blk.1.ffn_down_exps.weight dependency_distance=2
expert_parity max_abs=0 max_rel=0 mean_abs=0 tolerance=1e-5
reference_token0_blk1_routed expert_id=56 consumer_wait=not_instrumented acquire_release=recorded peak_active=1622016 peak_resident=3280896
reference_token0_blk1_routed expert_rank=1 expert_id=11 router_rank=1 graph_created=YES graph_refs=gate:0,up:1,down:2 storage_ref_base=10033 score_preserved=YES
reference_token0_blk1_routed expert_id=11 selected_range tensor=blk.1.ffn_gate_exps.weight offset=109959648 bytes=563200 layout=DIRECT
reference_token0_blk1_routed expert_id=11 selected_range tensor=blk.1.ffn_up_exps.weight offset=146004464 bytes=563200 layout=DIRECT
reference_token0_blk1_routed expert_id=11 selected_range tensor=blk.1.ffn_down_exps.weight offset=193696256 bytes=1622016 layout=DIRECT
reference_token0_blk1_routed prefetch expert_id=11 tensor=blk.1.ffn_gate_exps.weight dependency_distance=0
reference_token0_blk1_routed prefetch expert_id=11 tensor=blk.1.ffn_up_exps.weight dependency_distance=0
reference_token0_blk1_routed prefetch expert_id=11 tensor=blk.1.ffn_down_exps.weight dependency_distance=2
expert_parity max_abs=0 max_rel=0 mean_abs=0 tolerance=1e-5
reference_token0_blk1_routed expert_id=11 consumer_wait=not_instrumented acquire_release=recorded peak_active=1622016 peak_resident=6029312
reference_token0_blk1_routed expert_rank=2 expert_id=50 router_rank=2 graph_created=YES graph_refs=gate:0,up:1,down:2 storage_ref_base=10150 score_preserved=YES
reference_token0_blk1_routed expert_id=50 selected_range tensor=blk.1.ffn_gate_exps.weight offset=131924448 bytes=563200 layout=DIRECT
reference_token0_blk1_routed expert_id=50 selected_range tensor=blk.1.ffn_up_exps.weight offset=167969264 bytes=563200 layout=DIRECT
reference_token0_blk1_routed expert_id=50 selected_range tensor=blk.1.ffn_down_exps.weight offset=256954880 bytes=1622016 layout=DIRECT
reference_token0_blk1_routed prefetch expert_id=50 tensor=blk.1.ffn_gate_exps.weight dependency_distance=0
reference_token0_blk1_routed prefetch expert_id=50 tensor=blk.1.ffn_up_exps.weight dependency_distance=0
reference_token0_blk1_routed prefetch expert_id=50 tensor=blk.1.ffn_down_exps.weight dependency_distance=2
expert_parity max_abs=0 max_rel=0 mean_abs=0 tolerance=1e-5
reference_token0_blk1_routed expert_id=50 consumer_wait=not_instrumented acquire_release=recorded peak_active=1622016 peak_resident=8245248
reference_token0_blk1_routed expert_rank=3 expert_id=34 router_rank=3 graph_created=YES graph_refs=gate:0,up:1,down:2 storage_ref_base=10102 score_preserved=YES
reference_token0_blk1_routed expert_id=34 selected_range tensor=blk.1.ffn_gate_exps.weight offset=122913248 bytes=563200 layout=DIRECT
reference_token0_blk1_routed expert_id=34 selected_range tensor=blk.1.ffn_up_exps.weight offset=158958064 bytes=563200 layout=DIRECT
reference_token0_blk1_routed expert_id=34 selected_range tensor=blk.1.ffn_down_exps.weight offset=231002624 bytes=1622016 layout=DIRECT
reference_token0_blk1_routed prefetch expert_id=34 tensor=blk.1.ffn_gate_exps.weight dependency_distance=0
reference_token0_blk1_routed prefetch expert_id=34 tensor=blk.1.ffn_up_exps.weight dependency_distance=0
reference_token0_blk1_routed prefetch expert_id=34 tensor=blk.1.ffn_down_exps.weight dependency_distance=2
expert_parity max_abs=0 max_rel=0 mean_abs=0 tolerance=1e-5
reference_token0_blk1_routed expert_id=34 consumer_wait=not_instrumented acquire_release=recorded peak_active=1622016 peak_resident=8245248
reference_token0_blk1_routed expert_rank=4 expert_id=3 router_rank=4 graph_created=YES graph_refs=gate:0,up:1,down:2 storage_ref_base=10009 score_preserved=YES
reference_token0_blk1_routed expert_id=3 selected_range tensor=blk.1.ffn_gate_exps.weight offset=105454048 bytes=563200 layout=DIRECT
reference_token0_blk1_routed expert_id=3 selected_range tensor=blk.1.ffn_up_exps.weight offset=141498864 bytes=563200 layout=DIRECT
reference_token0_blk1_routed expert_id=3 selected_range tensor=blk.1.ffn_down_exps.weight offset=180720128 bytes=1622016 layout=DIRECT
reference_token0_blk1_routed prefetch expert_id=3 tensor=blk.1.ffn_gate_exps.weight dependency_distance=0
reference_token0_blk1_routed prefetch expert_id=3 tensor=blk.1.ffn_up_exps.weight dependency_distance=0
reference_token0_blk1_routed prefetch expert_id=3 tensor=blk.1.ffn_down_exps.weight dependency_distance=2
expert_parity max_abs=0 max_rel=0 mean_abs=0 tolerance=1e-5
reference_token0_blk1_routed expert_id=3 consumer_wait=not_instrumented acquire_release=recorded peak_active=1622016 peak_resident=8245248
reference_token0_blk1_routed expert_rank=5 expert_id=47 router_rank=5 graph_created=YES graph_refs=gate:0,up:1,down:2 storage_ref_base=10141 score_preserved=YES
reference_token0_blk1_routed expert_id=47 selected_range tensor=blk.1.ffn_gate_exps.weight offset=130234848 bytes=563200 layout=DIRECT
reference_token0_blk1_routed expert_id=47 selected_range tensor=blk.1.ffn_up_exps.weight offset=166279664 bytes=563200 layout=DIRECT
reference_token0_blk1_routed expert_id=47 selected_range tensor=blk.1.ffn_down_exps.weight offset=252088832 bytes=1622016 layout=DIRECT
reference_token0_blk1_routed prefetch expert_id=47 tensor=blk.1.ffn_gate_exps.weight dependency_distance=0
reference_token0_blk1_routed prefetch expert_id=47 tensor=blk.1.ffn_up_exps.weight dependency_distance=0
reference_token0_blk1_routed prefetch expert_id=47 tensor=blk.1.ffn_down_exps.weight dependency_distance=2
expert_parity max_abs=0 max_rel=0 mean_abs=0 tolerance=1e-5
reference_token0_blk1_routed expert_id=47 consumer_wait=not_instrumented acquire_release=recorded peak_active=1622016 peak_resident=8245248
reference_token0_blk1_routed residency_hits=36 residency_misses=42 source_reads=18 materialization_requests=18 source_policy_calls=18 evictions=11 resident_tensors_after=9
routed_merge_parity max_abs=0 max_rel=0 mean_abs=0 tolerance=1e-5
shared_expert_parity max_abs=0 max_rel=0 mean_abs=0 tolerance=1e-5
pre_residual_composition_parity max_abs=0 max_rel=0 mean_abs=0 tolerance=1e-5
final_layer_parity max_abs=0 max_rel=0 mean_abs=0 tolerance=1e-5
reference_token0_blk1 shared_expert=REQUIRED shared_graph_created=YES residual_add=YES final_composition=PASS
ffn_timing tensor=blk.1.ffn_gate_inp.weight payload_ready_ns=5835332312725 first_consumer_start_ns=5835406565188 payload_to_first_consumer_ns=74252463
ffn_timing tensor=blk.1.ffn_gate_shexp.weight payload_ready_ns=5838973378076 first_consumer_start_ns=5839044864711 payload_to_first_consumer_ns=71486635
ffn_timing tensor=blk.1.ffn_gate_exps.weight payload_ready_ns=5835517962690 first_consumer_start_ns=5835590336018 payload_to_first_consumer_ns=72373328
reference_token0_blk1 full_layer_residency_hits=46 misses=51 evictions=17 source_reads=23 source_bytes=21168128 materialization_requests=23 resident_tensors_after=6
reference_token0_blk1 full_layer_peak_active_persistent_bytes=1892352 full_layer_peak_resident_bytes=8245248
reference_token0_blk1 first_payload_to_shared_compute_start_ns=3799940601 execution_ready_to_consumer_ns=NOT_INSTRUMENTED payload_to_first_useful_compute=NOT_INSTRUMENTED
token0_blk1_attention_parity max_abs=0 max_rel=0 mean_abs=0 tolerance=1e-5
token0_blk1_block_parity max_abs=0 max_rel=0 mean_abs=0 tolerance=1e-5
token0 block_handoff block=2 handoff_ns=27320 activation_copy_bytes=0
attention_timing tensor=blk.1.attn_norm.weight payload_ready_ns=5829393315183 first_consumer_start_ns=5839598152416 payload_to_first_consumer_ns=10204837233
attention_timing tensor=blk.1.attn_q.weight payload_ready_ns=5829579594941 first_consumer_start_ns=5839790684968 payload_to_first_consumer_ns=10211090027
attention_timing tensor=blk.1.attn_kv_a_mqa.weight payload_ready_ns=5829763830993 first_consumer_start_ns=5839944830495 payload_to_first_consumer_ns=10180999502
attention_timing tensor=blk.1.attn_kv_a_norm.weight payload_ready_ns=5829948192705 first_consumer_start_ns=5840137222086 payload_to_first_consumer_ns=10189029381
attention_timing tensor=blk.1.attn_kv_b.weight payload_ready_ns=5830137042468 first_consumer_start_ns=5840330462860 payload_to_first_consumer_ns=10193420392
attention_timing tensor=blk.1.attn_output.weight payload_ready_ns=5830326878264 first_consumer_start_ns=5840520553765 payload_to_first_consumer_ns=10193675501
token0_blk2 position=0 state_k_positions=1 state_v_positions=1 attention_probs=1,1,1,1,1,1,1,1,1,1,1,1,1,1,1,1,
reference_attention position=0 state_k_positions=1 state_v_positions=1 attention_probs=1,1,1,1,1,1,1,1,1,1,1,1,1,1,1,1,
normalized_input_parity max_abs=0 max_rel=0 mean_abs=0 tolerance=1e-5
router_score_parity max_abs=1.66893e-06 max_rel=5.85471e-06 mean_abs=4.32396e-07 tolerance=1e-5
selected_weight_parity max_abs=1.78814e-07 max_rel=1.10721e-06 mean_abs=1.16726e-07 tolerance=1e-5
token0_blk2 topk_ids=18,37,53,44,23,61 normalized_weights=0.364895,0.165983,0.145671,0.134583,0.100169,0.0887,
token0_blk2_routed expert_rank=0 expert_id=18 router_rank=0 graph_created=YES graph_refs=gate:0,up:1,down:2 storage_ref_base=20054 score_preserved=YES
token0_blk2_routed expert_id=18 selected_range tensor=blk.1.ffn_gate_exps.weight offset=296672936 bytes=563200 layout=DIRECT
token0_blk2_routed expert_id=18 selected_range tensor=blk.1.ffn_up_exps.weight offset=332717752 bytes=563200 layout=DIRECT
token0_blk2_routed expert_id=18 selected_range tensor=blk.1.ffn_down_exps.weight offset=387821256 bytes=1622016 layout=DIRECT
token0_blk2_routed prefetch expert_id=18 tensor=blk.1.ffn_gate_exps.weight dependency_distance=0
token0_blk2_routed prefetch expert_id=18 tensor=blk.1.ffn_up_exps.weight dependency_distance=0
token0_blk2_routed prefetch expert_id=18 tensor=blk.1.ffn_down_exps.weight dependency_distance=2
expert_parity max_abs=0 max_rel=0 mean_abs=0 tolerance=1e-5
token0_blk2_routed expert_id=18 consumer_wait=not_instrumented acquire_release=recorded peak_active=1622016 peak_resident=8031232
token0_blk2_routed expert_rank=1 expert_id=37 router_rank=1 graph_created=YES graph_refs=gate:0,up:1,down:2 storage_ref_base=20111 score_preserved=YES
token0_blk2_routed expert_id=37 selected_range tensor=blk.1.ffn_gate_exps.weight offset=307373736 bytes=563200 layout=DIRECT
token0_blk2_routed expert_id=37 selected_range tensor=blk.1.ffn_up_exps.weight offset=343418552 bytes=563200 layout=DIRECT
token0_blk2_routed expert_id=37 selected_range tensor=blk.1.ffn_down_exps.weight offset=418639560 bytes=1622016 layout=DIRECT
token0_blk2_routed prefetch expert_id=37 tensor=blk.1.ffn_gate_exps.weight dependency_distance=0
token0_blk2_routed prefetch expert_id=37 tensor=blk.1.ffn_up_exps.weight dependency_distance=0
token0_blk2_routed prefetch expert_id=37 tensor=blk.1.ffn_down_exps.weight dependency_distance=2
expert_parity max_abs=0 max_rel=0 mean_abs=0 tolerance=1e-5
token0_blk2_routed expert_id=37 consumer_wait=not_instrumented acquire_release=recorded peak_active=1622016 peak_resident=7760896
token0_blk2_routed expert_rank=2 expert_id=53 router_rank=2 graph_created=YES graph_refs=gate:0,up:1,down:2 storage_ref_base=20159 score_preserved=YES
token0_blk2_routed expert_id=53 selected_range tensor=blk.1.ffn_gate_exps.weight offset=316384936 bytes=563200 layout=DIRECT
token0_blk2_routed expert_id=53 selected_range tensor=blk.1.ffn_up_exps.weight offset=352429752 bytes=563200 layout=DIRECT
token0_blk2_routed expert_id=53 selected_range tensor=blk.1.ffn_down_exps.weight offset=444591816 bytes=1622016 layout=DIRECT
token0_blk2_routed prefetch expert_id=53 tensor=blk.1.ffn_gate_exps.weight dependency_distance=0
token0_blk2_routed prefetch expert_id=53 tensor=blk.1.ffn_up_exps.weight dependency_distance=0
token0_blk2_routed prefetch expert_id=53 tensor=blk.1.ffn_down_exps.weight dependency_distance=2
expert_parity max_abs=0 max_rel=0 mean_abs=0 tolerance=1e-5
token0_blk2_routed expert_id=53 consumer_wait=not_instrumented acquire_release=recorded peak_active=1622016 peak_resident=8245248
token0_blk2_routed expert_rank=3 expert_id=44 router_rank=3 graph_created=YES graph_refs=gate:0,up:1,down:2 storage_ref_base=20132 score_preserved=YES
token0_blk2_routed expert_id=44 selected_range tensor=blk.1.ffn_gate_exps.weight offset=311316136 bytes=563200 layout=DIRECT
token0_blk2_routed expert_id=44 selected_range tensor=blk.1.ffn_up_exps.weight offset=347360952 bytes=563200 layout=DIRECT
token0_blk2_routed expert_id=44 selected_range tensor=blk.1.ffn_down_exps.weight offset=429993672 bytes=1622016 layout=DIRECT
token0_blk2_routed prefetch expert_id=44 tensor=blk.1.ffn_gate_exps.weight dependency_distance=0
token0_blk2_routed prefetch expert_id=44 tensor=blk.1.ffn_up_exps.weight dependency_distance=0
token0_blk2_routed prefetch expert_id=44 tensor=blk.1.ffn_down_exps.weight dependency_distance=2
expert_parity max_abs=0 max_rel=0 mean_abs=0 tolerance=1e-5
token0_blk2_routed expert_id=44 consumer_wait=not_instrumented acquire_release=recorded peak_active=1622016 peak_resident=8245248
token0_blk2_routed expert_rank=4 expert_id=23 router_rank=4 graph_created=YES graph_refs=gate:0,up:1,down:2 storage_ref_base=20069 score_preserved=YES
token0_blk2_routed expert_id=23 selected_range tensor=blk.1.ffn_gate_exps.weight offset=299488936 bytes=563200 layout=DIRECT
token0_blk2_routed expert_id=23 selected_range tensor=blk.1.ffn_up_exps.weight offset=335533752 bytes=563200 layout=DIRECT
token0_blk2_routed expert_id=23 selected_range tensor=blk.1.ffn_down_exps.weight offset=395931336 bytes=1622016 layout=DIRECT
token0_blk2_routed prefetch expert_id=23 tensor=blk.1.ffn_gate_exps.weight dependency_distance=0
token0_blk2_routed prefetch expert_id=23 tensor=blk.1.ffn_up_exps.weight dependency_distance=0
token0_blk2_routed prefetch expert_id=23 tensor=blk.1.ffn_down_exps.weight dependency_distance=2
expert_parity max_abs=0 max_rel=0 mean_abs=0 tolerance=1e-5
token0_blk2_routed expert_id=23 consumer_wait=not_instrumented acquire_release=recorded peak_active=1622016 peak_resident=8245248
token0_blk2_routed expert_rank=5 expert_id=61 router_rank=5 graph_created=YES graph_refs=gate:0,up:1,down:2 storage_ref_base=20183 score_preserved=YES
token0_blk2_routed expert_id=61 selected_range tensor=blk.1.ffn_gate_exps.weight offset=320890536 bytes=563200 layout=DIRECT
token0_blk2_routed expert_id=61 selected_range tensor=blk.1.ffn_up_exps.weight offset=356935352 bytes=563200 layout=DIRECT
token0_blk2_routed expert_id=61 selected_range tensor=blk.1.ffn_down_exps.weight offset=457567944 bytes=1622016 layout=DIRECT
token0_blk2_routed prefetch expert_id=61 tensor=blk.1.ffn_gate_exps.weight dependency_distance=0
token0_blk2_routed prefetch expert_id=61 tensor=blk.1.ffn_up_exps.weight dependency_distance=0
token0_blk2_routed prefetch expert_id=61 tensor=blk.1.ffn_down_exps.weight dependency_distance=2
expert_parity max_abs=0 max_rel=0 mean_abs=0 tolerance=1e-5
token0_blk2_routed expert_id=61 consumer_wait=not_instrumented acquire_release=recorded peak_active=1622016 peak_resident=8245248
token0_blk2_routed residency_hits=36 residency_misses=42 source_reads=18 materialization_requests=18 source_policy_calls=18 evictions=20 resident_tensors_after=9
routed_merge_parity max_abs=0 max_rel=0 mean_abs=0 tolerance=1e-5
shared_expert_parity max_abs=0 max_rel=0 mean_abs=0 tolerance=1e-5
pre_residual_composition_parity max_abs=0 max_rel=0 mean_abs=0 tolerance=1e-5
final_layer_parity max_abs=0 max_rel=0 mean_abs=0 tolerance=1e-5
token0_blk2 shared_expert=REQUIRED shared_graph_created=YES residual_add=YES final_composition=PASS
ffn_timing tensor=blk.1.ffn_gate_inp.weight payload_ready_ns=5840831461077 first_consumer_start_ns=5840909434397 payload_to_first_consumer_ns=77973320
ffn_timing tensor=blk.1.ffn_gate_shexp.weight payload_ready_ns=5844483160566 first_consumer_start_ns=5844562978232 payload_to_first_consumer_ns=79817666
ffn_timing tensor=blk.1.ffn_gate_exps.weight payload_ready_ns=5841026251034 first_consumer_start_ns=5841102878721 payload_to_first_consumer_ns=76627687
token0_blk2 full_layer_residency_hits=46 misses=51 evictions=25 source_reads=23 source_bytes=20402176 materialization_requests=23 resident_tensors_after=8
token0_blk2 full_layer_peak_active_persistent_bytes=1622016 full_layer_peak_resident_bytes=8312832
token0_blk2 first_payload_to_shared_compute_start_ns=3807395660 execution_ready_to_consumer_ns=NOT_INSTRUMENTED payload_to_first_useful_compute=NOT_INSTRUMENTED
normalized_input_parity max_abs=0 max_rel=0 mean_abs=0 tolerance=1e-5
router_score_parity max_abs=1.66893e-06 max_rel=5.85471e-06 mean_abs=4.32396e-07 tolerance=1e-5
selected_weight_parity max_abs=1.78814e-07 max_rel=1.10721e-06 mean_abs=1.16726e-07 tolerance=1e-5
reference_token0_blk2 topk_ids=18,37,53,44,23,61 normalized_weights=0.364895,0.165983,0.145671,0.134583,0.100169,0.0887,
reference_token0_blk2_routed expert_rank=0 expert_id=18 router_rank=0 graph_created=YES graph_refs=gate:0,up:1,down:2 storage_ref_base=20054 score_preserved=YES
reference_token0_blk2_routed expert_id=18 selected_range tensor=blk.1.ffn_gate_exps.weight offset=296672936 bytes=563200 layout=DIRECT
reference_token0_blk2_routed expert_id=18 selected_range tensor=blk.1.ffn_up_exps.weight offset=332717752 bytes=563200 layout=DIRECT
reference_token0_blk2_routed expert_id=18 selected_range tensor=blk.1.ffn_down_exps.weight offset=387821256 bytes=1622016 layout=DIRECT
reference_token0_blk2_routed prefetch expert_id=18 tensor=blk.1.ffn_gate_exps.weight dependency_distance=0
reference_token0_blk2_routed prefetch expert_id=18 tensor=blk.1.ffn_up_exps.weight dependency_distance=0
reference_token0_blk2_routed prefetch expert_id=18 tensor=blk.1.ffn_down_exps.weight dependency_distance=2
expert_parity max_abs=0 max_rel=0 mean_abs=0 tolerance=1e-5
reference_token0_blk2_routed expert_id=18 consumer_wait=not_instrumented acquire_release=recorded peak_active=1622016 peak_resident=3280896
reference_token0_blk2_routed expert_rank=1 expert_id=37 router_rank=1 graph_created=YES graph_refs=gate:0,up:1,down:2 storage_ref_base=20111 score_preserved=YES
reference_token0_blk2_routed expert_id=37 selected_range tensor=blk.1.ffn_gate_exps.weight offset=307373736 bytes=563200 layout=DIRECT
reference_token0_blk2_routed expert_id=37 selected_range tensor=blk.1.ffn_up_exps.weight offset=343418552 bytes=563200 layout=DIRECT
reference_token0_blk2_routed expert_id=37 selected_range tensor=blk.1.ffn_down_exps.weight offset=418639560 bytes=1622016 layout=DIRECT
reference_token0_blk2_routed prefetch expert_id=37 tensor=blk.1.ffn_gate_exps.weight dependency_distance=0
reference_token0_blk2_routed prefetch expert_id=37 tensor=blk.1.ffn_up_exps.weight dependency_distance=0
reference_token0_blk2_routed prefetch expert_id=37 tensor=blk.1.ffn_down_exps.weight dependency_distance=2
expert_parity max_abs=0 max_rel=0 mean_abs=0 tolerance=1e-5
reference_token0_blk2_routed expert_id=37 consumer_wait=not_instrumented acquire_release=recorded peak_active=1622016 peak_resident=6029312
reference_token0_blk2_routed expert_rank=2 expert_id=53 router_rank=2 graph_created=YES graph_refs=gate:0,up:1,down:2 storage_ref_base=20159 score_preserved=YES
reference_token0_blk2_routed expert_id=53 selected_range tensor=blk.1.ffn_gate_exps.weight offset=316384936 bytes=563200 layout=DIRECT
reference_token0_blk2_routed expert_id=53 selected_range tensor=blk.1.ffn_up_exps.weight offset=352429752 bytes=563200 layout=DIRECT
reference_token0_blk2_routed expert_id=53 selected_range tensor=blk.1.ffn_down_exps.weight offset=444591816 bytes=1622016 layout=DIRECT
reference_token0_blk2_routed prefetch expert_id=53 tensor=blk.1.ffn_gate_exps.weight dependency_distance=0
reference_token0_blk2_routed prefetch expert_id=53 tensor=blk.1.ffn_up_exps.weight dependency_distance=0
reference_token0_blk2_routed prefetch expert_id=53 tensor=blk.1.ffn_down_exps.weight dependency_distance=2
expert_parity max_abs=0 max_rel=0 mean_abs=0 tolerance=1e-5
reference_token0_blk2_routed expert_id=53 consumer_wait=not_instrumented acquire_release=recorded peak_active=1622016 peak_resident=8245248
reference_token0_blk2_routed expert_rank=3 expert_id=44 router_rank=3 graph_created=YES graph_refs=gate:0,up:1,down:2 storage_ref_base=20132 score_preserved=YES
reference_token0_blk2_routed expert_id=44 selected_range tensor=blk.1.ffn_gate_exps.weight offset=311316136 bytes=563200 layout=DIRECT
reference_token0_blk2_routed expert_id=44 selected_range tensor=blk.1.ffn_up_exps.weight offset=347360952 bytes=563200 layout=DIRECT
reference_token0_blk2_routed expert_id=44 selected_range tensor=blk.1.ffn_down_exps.weight offset=429993672 bytes=1622016 layout=DIRECT
reference_token0_blk2_routed prefetch expert_id=44 tensor=blk.1.ffn_gate_exps.weight dependency_distance=0
reference_token0_blk2_routed prefetch expert_id=44 tensor=blk.1.ffn_up_exps.weight dependency_distance=0
reference_token0_blk2_routed prefetch expert_id=44 tensor=blk.1.ffn_down_exps.weight dependency_distance=2
expert_parity max_abs=0 max_rel=0 mean_abs=0 tolerance=1e-5
reference_token0_blk2_routed expert_id=44 consumer_wait=not_instrumented acquire_release=recorded peak_active=1622016 peak_resident=8245248
reference_token0_blk2_routed expert_rank=4 expert_id=23 router_rank=4 graph_created=YES graph_refs=gate:0,up:1,down:2 storage_ref_base=20069 score_preserved=YES
reference_token0_blk2_routed expert_id=23 selected_range tensor=blk.1.ffn_gate_exps.weight offset=299488936 bytes=563200 layout=DIRECT
reference_token0_blk2_routed expert_id=23 selected_range tensor=blk.1.ffn_up_exps.weight offset=335533752 bytes=563200 layout=DIRECT
reference_token0_blk2_routed expert_id=23 selected_range tensor=blk.1.ffn_down_exps.weight offset=395931336 bytes=1622016 layout=DIRECT
reference_token0_blk2_routed prefetch expert_id=23 tensor=blk.1.ffn_gate_exps.weight dependency_distance=0
reference_token0_blk2_routed prefetch expert_id=23 tensor=blk.1.ffn_up_exps.weight dependency_distance=0
reference_token0_blk2_routed prefetch expert_id=23 tensor=blk.1.ffn_down_exps.weight dependency_distance=2
expert_parity max_abs=0 max_rel=0 mean_abs=0 tolerance=1e-5
reference_token0_blk2_routed expert_id=23 consumer_wait=not_instrumented acquire_release=recorded peak_active=1622016 peak_resident=8245248
reference_token0_blk2_routed expert_rank=5 expert_id=61 router_rank=5 graph_created=YES graph_refs=gate:0,up:1,down:2 storage_ref_base=20183 score_preserved=YES
reference_token0_blk2_routed expert_id=61 selected_range tensor=blk.1.ffn_gate_exps.weight offset=320890536 bytes=563200 layout=DIRECT
reference_token0_blk2_routed expert_id=61 selected_range tensor=blk.1.ffn_up_exps.weight offset=356935352 bytes=563200 layout=DIRECT
reference_token0_blk2_routed expert_id=61 selected_range tensor=blk.1.ffn_down_exps.weight offset=457567944 bytes=1622016 layout=DIRECT
reference_token0_blk2_routed prefetch expert_id=61 tensor=blk.1.ffn_gate_exps.weight dependency_distance=0
reference_token0_blk2_routed prefetch expert_id=61 tensor=blk.1.ffn_up_exps.weight dependency_distance=0
reference_token0_blk2_routed prefetch expert_id=61 tensor=blk.1.ffn_down_exps.weight dependency_distance=2
expert_parity max_abs=0 max_rel=0 mean_abs=0 tolerance=1e-5
reference_token0_blk2_routed expert_id=61 consumer_wait=not_instrumented acquire_release=recorded peak_active=1622016 peak_resident=8245248
reference_token0_blk2_routed residency_hits=36 residency_misses=42 source_reads=18 materialization_requests=18 source_policy_calls=18 evictions=11 resident_tensors_after=9
routed_merge_parity max_abs=0 max_rel=0 mean_abs=0 tolerance=1e-5
shared_expert_parity max_abs=0 max_rel=0 mean_abs=0 tolerance=1e-5
pre_residual_composition_parity max_abs=0 max_rel=0 mean_abs=0 tolerance=1e-5
final_layer_parity max_abs=0 max_rel=0 mean_abs=0 tolerance=1e-5
reference_token0_blk2 shared_expert=REQUIRED shared_graph_created=YES residual_add=YES final_composition=PASS
ffn_timing tensor=blk.1.ffn_gate_inp.weight payload_ready_ns=5845237092561 first_consumer_start_ns=5845310505351 payload_to_first_consumer_ns=73412790
ffn_timing tensor=blk.1.ffn_gate_shexp.weight payload_ready_ns=5848925912486 first_consumer_start_ns=5849003400885 payload_to_first_consumer_ns=77488399
ffn_timing tensor=blk.1.ffn_gate_exps.weight payload_ready_ns=5845422101944 first_consumer_start_ns=5845500181805 payload_to_first_consumer_ns=78079861
reference_token0_blk2 full_layer_residency_hits=46 misses=51 evictions=15 source_reads=23 source_bytes=20402176 materialization_requests=23 resident_tensors_after=8
reference_token0_blk2 full_layer_peak_active_persistent_bytes=1622016 full_layer_peak_resident_bytes=8312832
reference_token0_blk2 first_payload_to_shared_compute_start_ns=3832462106 execution_ready_to_consumer_ns=NOT_INSTRUMENTED payload_to_first_useful_compute=NOT_INSTRUMENTED
token0_blk2_attention_parity max_abs=0 max_rel=0 mean_abs=0 tolerance=1e-5
token0_blk2_block_parity max_abs=0 max_rel=0 mean_abs=0 tolerance=1e-5
token0 block_handoff block=3 handoff_ns=23980 activation_copy_bytes=0
attention_timing tensor=blk.1.attn_norm.weight payload_ready_ns=5829393315183 first_consumer_start_ns=5849594896322 payload_to_first_consumer_ns=20201581139
attention_timing tensor=blk.1.attn_q.weight payload_ready_ns=5829579594941 first_consumer_start_ns=5849793990509 payload_to_first_consumer_ns=20214395568
attention_timing tensor=blk.1.attn_kv_a_mqa.weight payload_ready_ns=5829763830993 first_consumer_start_ns=5849994498269 payload_to_first_consumer_ns=20230667276
attention_timing tensor=blk.1.attn_kv_a_norm.weight payload_ready_ns=5829948192705 first_consumer_start_ns=5850217577245 payload_to_first_consumer_ns=20269384540
attention_timing tensor=blk.1.attn_kv_b.weight payload_ready_ns=5830137042468 first_consumer_start_ns=5850414954507 payload_to_first_consumer_ns=20277912039
attention_timing tensor=blk.1.attn_output.weight payload_ready_ns=5830326878264 first_consumer_start_ns=5850612824582 payload_to_first_consumer_ns=20285946318
token0_blk3 position=0 state_k_positions=1 state_v_positions=1 attention_probs=1,1,1,1,1,1,1,1,1,1,1,1,1,1,1,1,
reference_attention position=0 state_k_positions=1 state_v_positions=1 attention_probs=1,1,1,1,1,1,1,1,1,1,1,1,1,1,1,1,
normalized_input_parity max_abs=0 max_rel=0 mean_abs=0 tolerance=1e-5
router_score_parity max_abs=2.14577e-06 max_rel=1.87992e-05 mean_abs=3.23213e-07 tolerance=1e-5
selected_weight_parity max_abs=1.19209e-07 max_rel=9.10917e-07 mean_abs=6.95388e-08 tolerance=1e-5
token0_blk3 topk_ids=60,2,19,35,9,53 normalized_weights=0.298484,0.190562,0.142057,0.131884,0.122504,0.114509,
token0_blk3_routed expert_rank=0 expert_id=60 router_rank=0 graph_created=YES graph_refs=gate:0,up:1,down:2 storage_ref_base=30180 score_preserved=YES
token0_blk3_routed expert_id=60 selected_range tensor=blk.1.ffn_gate_exps.weight offset=503098224 bytes=563200 layout=DIRECT
token0_blk3_routed expert_id=60 selected_range tensor=blk.1.ffn_up_exps.weight offset=539143040 bytes=563200 layout=DIRECT
token0_blk3_routed expert_id=60 selected_range tensor=blk.1.ffn_down_exps.weight offset=638716816 bytes=1622016 layout=DIRECT
token0_blk3_routed prefetch expert_id=60 tensor=blk.1.ffn_gate_exps.weight dependency_distance=0
token0_blk3_routed prefetch expert_id=60 tensor=blk.1.ffn_up_exps.weight dependency_distance=0
token0_blk3_routed prefetch expert_id=60 tensor=blk.1.ffn_down_exps.weight dependency_distance=2
expert_parity max_abs=0 max_rel=0 mean_abs=0 tolerance=1e-5
token0_blk3_routed expert_id=60 consumer_wait=not_instrumented acquire_release=recorded peak_active=1622016 peak_resident=7367680
token0_blk3_routed expert_rank=1 expert_id=2 router_rank=1 graph_created=YES graph_refs=gate:0,up:1,down:2 storage_ref_base=30006 score_preserved=YES
token0_blk3_routed expert_id=2 selected_range tensor=blk.1.ffn_gate_exps.weight offset=470432624 bytes=563200 layout=DIRECT
token0_blk3_routed expert_id=2 selected_range tensor=blk.1.ffn_up_exps.weight offset=506477440 bytes=563200 layout=DIRECT
token0_blk3_routed expert_id=2 selected_range tensor=blk.1.ffn_down_exps.weight offset=544639888 bytes=1622016 layout=DIRECT
token0_blk3_routed prefetch expert_id=2 tensor=blk.1.ffn_gate_exps.weight dependency_distance=0
token0_blk3_routed prefetch expert_id=2 tensor=blk.1.ffn_up_exps.weight dependency_distance=0
token0_blk3_routed prefetch expert_id=2 tensor=blk.1.ffn_down_exps.weight dependency_distance=2
expert_parity max_abs=0 max_rel=0 mean_abs=0 tolerance=1e-5
token0_blk3_routed expert_id=2 consumer_wait=not_instrumented acquire_release=recorded peak_active=1622016 peak_resident=7752704
token0_blk3_routed expert_rank=2 expert_id=19 router_rank=2 graph_created=YES graph_refs=gate:0,up:1,down:2 storage_ref_base=30057 score_preserved=YES
token0_blk3_routed expert_id=19 selected_range tensor=blk.1.ffn_gate_exps.weight offset=480007024 bytes=563200 layout=DIRECT
token0_blk3_routed expert_id=19 selected_range tensor=blk.1.ffn_up_exps.weight offset=516051840 bytes=563200 layout=DIRECT
token0_blk3_routed expert_id=19 selected_range tensor=blk.1.ffn_down_exps.weight offset=572214160 bytes=1622016 layout=DIRECT
token0_blk3_routed prefetch expert_id=19 tensor=blk.1.ffn_gate_exps.weight dependency_distance=0
token0_blk3_routed prefetch expert_id=19 tensor=blk.1.ffn_up_exps.weight dependency_distance=0
token0_blk3_routed prefetch expert_id=19 tensor=blk.1.ffn_down_exps.weight dependency_distance=2
expert_parity max_abs=0 max_rel=0 mean_abs=0 tolerance=1e-5
token0_blk3_routed expert_id=19 consumer_wait=not_instrumented acquire_release=recorded peak_active=1622016 peak_resident=8245248
token0_blk3_routed expert_rank=3 expert_id=35 router_rank=3 graph_created=YES graph_refs=gate:0,up:1,down:2 storage_ref_base=30105 score_preserved=YES
token0_blk3_routed expert_id=35 selected_range tensor=blk.1.ffn_gate_exps.weight offset=489018224 bytes=563200 layout=DIRECT
token0_blk3_routed expert_id=35 selected_range tensor=blk.1.ffn_up_exps.weight offset=525063040 bytes=563200 layout=DIRECT
token0_blk3_routed expert_id=35 selected_range tensor=blk.1.ffn_down_exps.weight offset=598166416 bytes=1622016 layout=DIRECT
token0_blk3_routed prefetch expert_id=35 tensor=blk.1.ffn_gate_exps.weight dependency_distance=0
token0_blk3_routed prefetch expert_id=35 tensor=blk.1.ffn_up_exps.weight dependency_distance=0
token0_blk3_routed prefetch expert_id=35 tensor=blk.1.ffn_down_exps.weight dependency_distance=2
expert_parity max_abs=0 max_rel=0 mean_abs=0 tolerance=1e-5
token0_blk3_routed expert_id=35 consumer_wait=not_instrumented acquire_release=recorded peak_active=1622016 peak_resident=8245248
token0_blk3_routed expert_rank=4 expert_id=9 router_rank=4 graph_created=YES graph_refs=gate:0,up:1,down:2 storage_ref_base=30027 score_preserved=YES
token0_blk3_routed expert_id=9 selected_range tensor=blk.1.ffn_gate_exps.weight offset=474375024 bytes=563200 layout=DIRECT
token0_blk3_routed expert_id=9 selected_range tensor=blk.1.ffn_up_exps.weight offset=510419840 bytes=563200 layout=DIRECT
token0_blk3_routed expert_id=9 selected_range tensor=blk.1.ffn_down_exps.weight offset=555994000 bytes=1622016 layout=DIRECT
token0_blk3_routed prefetch expert_id=9 tensor=blk.1.ffn_gate_exps.weight dependency_distance=0
token0_blk3_routed prefetch expert_id=9 tensor=blk.1.ffn_up_exps.weight dependency_distance=0
token0_blk3_routed prefetch expert_id=9 tensor=blk.1.ffn_down_exps.weight dependency_distance=2
expert_parity max_abs=0 max_rel=0 mean_abs=0 tolerance=1e-5
token0_blk3_routed expert_id=9 consumer_wait=not_instrumented acquire_release=recorded peak_active=1622016 peak_resident=8245248
token0_blk3_routed expert_rank=5 expert_id=53 router_rank=5 graph_created=YES graph_refs=gate:0,up:1,down:2 storage_ref_base=30159 score_preserved=YES
token0_blk3_routed expert_id=53 selected_range tensor=blk.1.ffn_gate_exps.weight offset=499155824 bytes=563200 layout=DIRECT
token0_blk3_routed expert_id=53 selected_range tensor=blk.1.ffn_up_exps.weight offset=535200640 bytes=563200 layout=DIRECT
token0_blk3_routed expert_id=53 selected_range tensor=blk.1.ffn_down_exps.weight offset=627362704 bytes=1622016 layout=DIRECT
token0_blk3_routed prefetch expert_id=53 tensor=blk.1.ffn_gate_exps.weight dependency_distance=0
token0_blk3_routed prefetch expert_id=53 tensor=blk.1.ffn_up_exps.weight dependency_distance=0
token0_blk3_routed prefetch expert_id=53 tensor=blk.1.ffn_down_exps.weight dependency_distance=2
expert_parity max_abs=0 max_rel=0 mean_abs=0 tolerance=1e-5
token0_blk3_routed expert_id=53 consumer_wait=not_instrumented acquire_release=recorded peak_active=1622016 peak_resident=8245248
token0_blk3_routed residency_hits=36 residency_misses=42 source_reads=18 materialization_requests=18 source_policy_calls=18 evictions=20 resident_tensors_after=9
routed_merge_parity max_abs=0 max_rel=0 mean_abs=0 tolerance=1e-5
shared_expert_parity max_abs=0 max_rel=0 mean_abs=0 tolerance=1e-5
pre_residual_composition_parity max_abs=0 max_rel=0 mean_abs=0 tolerance=1e-5
final_layer_parity max_abs=0 max_rel=0 mean_abs=0 tolerance=1e-5
token0_blk3 shared_expert=REQUIRED shared_graph_created=YES residual_add=YES final_composition=PASS
ffn_timing tensor=blk.1.ffn_gate_inp.weight payload_ready_ns=5850928533163 first_consumer_start_ns=5851002108303 payload_to_first_consumer_ns=73575140
ffn_timing tensor=blk.1.ffn_gate_shexp.weight payload_ready_ns=5854621165789 first_consumer_start_ns=5854695436751 payload_to_first_consumer_ns=74270962
ffn_timing tensor=blk.1.ffn_gate_exps.weight payload_ready_ns=5851113929356 first_consumer_start_ns=5851189319971 payload_to_first_consumer_ns=75390615
token0_blk3 full_layer_residency_hits=46 misses=51 evictions=25 source_reads=23 source_bytes=20402176 materialization_requests=23 resident_tensors_after=8
token0_blk3 full_layer_peak_active_persistent_bytes=1622016 full_layer_peak_resident_bytes=8312832
token0_blk3 first_payload_to_shared_compute_start_ns=3853280939 execution_ready_to_consumer_ns=NOT_INSTRUMENTED payload_to_first_useful_compute=NOT_INSTRUMENTED
normalized_input_parity max_abs=0 max_rel=0 mean_abs=0 tolerance=1e-5
router_score_parity max_abs=2.14577e-06 max_rel=1.87992e-05 mean_abs=3.23213e-07 tolerance=1e-5
selected_weight_parity max_abs=1.19209e-07 max_rel=9.10917e-07 mean_abs=6.95388e-08 tolerance=1e-5
reference_token0_blk3 topk_ids=60,2,19,35,9,53 normalized_weights=0.298484,0.190562,0.142057,0.131884,0.122504,0.114509,
reference_token0_blk3_routed expert_rank=0 expert_id=60 router_rank=0 graph_created=YES graph_refs=gate:0,up:1,down:2 storage_ref_base=30180 score_preserved=YES
reference_token0_blk3_routed expert_id=60 selected_range tensor=blk.1.ffn_gate_exps.weight offset=503098224 bytes=563200 layout=DIRECT
reference_token0_blk3_routed expert_id=60 selected_range tensor=blk.1.ffn_up_exps.weight offset=539143040 bytes=563200 layout=DIRECT
reference_token0_blk3_routed expert_id=60 selected_range tensor=blk.1.ffn_down_exps.weight offset=638716816 bytes=1622016 layout=DIRECT
reference_token0_blk3_routed prefetch expert_id=60 tensor=blk.1.ffn_gate_exps.weight dependency_distance=0
reference_token0_blk3_routed prefetch expert_id=60 tensor=blk.1.ffn_up_exps.weight dependency_distance=0
reference_token0_blk3_routed prefetch expert_id=60 tensor=blk.1.ffn_down_exps.weight dependency_distance=2
expert_parity max_abs=0 max_rel=0 mean_abs=0 tolerance=1e-5
reference_token0_blk3_routed expert_id=60 consumer_wait=not_instrumented acquire_release=recorded peak_active=1622016 peak_resident=3280896
reference_token0_blk3_routed expert_rank=1 expert_id=2 router_rank=1 graph_created=YES graph_refs=gate:0,up:1,down:2 storage_ref_base=30006 score_preserved=YES
reference_token0_blk3_routed expert_id=2 selected_range tensor=blk.1.ffn_gate_exps.weight offset=470432624 bytes=563200 layout=DIRECT
reference_token0_blk3_routed expert_id=2 selected_range tensor=blk.1.ffn_up_exps.weight offset=506477440 bytes=563200 layout=DIRECT
reference_token0_blk3_routed expert_id=2 selected_range tensor=blk.1.ffn_down_exps.weight offset=544639888 bytes=1622016 layout=DIRECT
reference_token0_blk3_routed prefetch expert_id=2 tensor=blk.1.ffn_gate_exps.weight dependency_distance=0
reference_token0_blk3_routed prefetch expert_id=2 tensor=blk.1.ffn_up_exps.weight dependency_distance=0
reference_token0_blk3_routed prefetch expert_id=2 tensor=blk.1.ffn_down_exps.weight dependency_distance=2
expert_parity max_abs=0 max_rel=0 mean_abs=0 tolerance=1e-5
reference_token0_blk3_routed expert_id=2 consumer_wait=not_instrumented acquire_release=recorded peak_active=1622016 peak_resident=6029312
reference_token0_blk3_routed expert_rank=2 expert_id=19 router_rank=2 graph_created=YES graph_refs=gate:0,up:1,down:2 storage_ref_base=30057 score_preserved=YES
reference_token0_blk3_routed expert_id=19 selected_range tensor=blk.1.ffn_gate_exps.weight offset=480007024 bytes=563200 layout=DIRECT
reference_token0_blk3_routed expert_id=19 selected_range tensor=blk.1.ffn_up_exps.weight offset=516051840 bytes=563200 layout=DIRECT
reference_token0_blk3_routed expert_id=19 selected_range tensor=blk.1.ffn_down_exps.weight offset=572214160 bytes=1622016 layout=DIRECT
reference_token0_blk3_routed prefetch expert_id=19 tensor=blk.1.ffn_gate_exps.weight dependency_distance=0
reference_token0_blk3_routed prefetch expert_id=19 tensor=blk.1.ffn_up_exps.weight dependency_distance=0
reference_token0_blk3_routed prefetch expert_id=19 tensor=blk.1.ffn_down_exps.weight dependency_distance=2
expert_parity max_abs=0 max_rel=0 mean_abs=0 tolerance=1e-5
reference_token0_blk3_routed expert_id=19 consumer_wait=not_instrumented acquire_release=recorded peak_active=1622016 peak_resident=8245248
reference_token0_blk3_routed expert_rank=3 expert_id=35 router_rank=3 graph_created=YES graph_refs=gate:0,up:1,down:2 storage_ref_base=30105 score_preserved=YES
reference_token0_blk3_routed expert_id=35 selected_range tensor=blk.1.ffn_gate_exps.weight offset=489018224 bytes=563200 layout=DIRECT
reference_token0_blk3_routed expert_id=35 selected_range tensor=blk.1.ffn_up_exps.weight offset=525063040 bytes=563200 layout=DIRECT
reference_token0_blk3_routed expert_id=35 selected_range tensor=blk.1.ffn_down_exps.weight offset=598166416 bytes=1622016 layout=DIRECT
reference_token0_blk3_routed prefetch expert_id=35 tensor=blk.1.ffn_gate_exps.weight dependency_distance=0
reference_token0_blk3_routed prefetch expert_id=35 tensor=blk.1.ffn_up_exps.weight dependency_distance=0
reference_token0_blk3_routed prefetch expert_id=35 tensor=blk.1.ffn_down_exps.weight dependency_distance=2
expert_parity max_abs=0 max_rel=0 mean_abs=0 tolerance=1e-5
reference_token0_blk3_routed expert_id=35 consumer_wait=not_instrumented acquire_release=recorded peak_active=1622016 peak_resident=8245248
reference_token0_blk3_routed expert_rank=4 expert_id=9 router_rank=4 graph_created=YES graph_refs=gate:0,up:1,down:2 storage_ref_base=30027 score_preserved=YES
reference_token0_blk3_routed expert_id=9 selected_range tensor=blk.1.ffn_gate_exps.weight offset=474375024 bytes=563200 layout=DIRECT
reference_token0_blk3_routed expert_id=9 selected_range tensor=blk.1.ffn_up_exps.weight offset=510419840 bytes=563200 layout=DIRECT
reference_token0_blk3_routed expert_id=9 selected_range tensor=blk.1.ffn_down_exps.weight offset=555994000 bytes=1622016 layout=DIRECT
reference_token0_blk3_routed prefetch expert_id=9 tensor=blk.1.ffn_gate_exps.weight dependency_distance=0
reference_token0_blk3_routed prefetch expert_id=9 tensor=blk.1.ffn_up_exps.weight dependency_distance=0
reference_token0_blk3_routed prefetch expert_id=9 tensor=blk.1.ffn_down_exps.weight dependency_distance=2
expert_parity max_abs=0 max_rel=0 mean_abs=0 tolerance=1e-5
reference_token0_blk3_routed expert_id=9 consumer_wait=not_instrumented acquire_release=recorded peak_active=1622016 peak_resident=8245248
reference_token0_blk3_routed expert_rank=5 expert_id=53 router_rank=5 graph_created=YES graph_refs=gate:0,up:1,down:2 storage_ref_base=30159 score_preserved=YES
reference_token0_blk3_routed expert_id=53 selected_range tensor=blk.1.ffn_gate_exps.weight offset=499155824 bytes=563200 layout=DIRECT
reference_token0_blk3_routed expert_id=53 selected_range tensor=blk.1.ffn_up_exps.weight offset=535200640 bytes=563200 layout=DIRECT
reference_token0_blk3_routed expert_id=53 selected_range tensor=blk.1.ffn_down_exps.weight offset=627362704 bytes=1622016 layout=DIRECT
reference_token0_blk3_routed prefetch expert_id=53 tensor=blk.1.ffn_gate_exps.weight dependency_distance=0
reference_token0_blk3_routed prefetch expert_id=53 tensor=blk.1.ffn_up_exps.weight dependency_distance=0
reference_token0_blk3_routed prefetch expert_id=53 tensor=blk.1.ffn_down_exps.weight dependency_distance=2
expert_parity max_abs=0 max_rel=0 mean_abs=0 tolerance=1e-5
reference_token0_blk3_routed expert_id=53 consumer_wait=not_instrumented acquire_release=recorded peak_active=1622016 peak_resident=8245248
reference_token0_blk3_routed residency_hits=36 residency_misses=42 source_reads=18 materialization_requests=18 source_policy_calls=18 evictions=11 resident_tensors_after=9
routed_merge_parity max_abs=0 max_rel=0 mean_abs=0 tolerance=1e-5
shared_expert_parity max_abs=0 max_rel=0 mean_abs=0 tolerance=1e-5
pre_residual_composition_parity max_abs=0 max_rel=0 mean_abs=0 tolerance=1e-5
final_layer_parity max_abs=0 max_rel=0 mean_abs=0 tolerance=1e-5
reference_token0_blk3 shared_expert=REQUIRED shared_graph_created=YES residual_add=YES final_composition=PASS
ffn_timing tensor=blk.1.ffn_gate_inp.weight payload_ready_ns=5855385950237 first_consumer_start_ns=5855465641742 payload_to_first_consumer_ns=79691505
ffn_timing tensor=blk.1.ffn_gate_shexp.weight payload_ready_ns=5859062890230 first_consumer_start_ns=5859144962760 payload_to_first_consumer_ns=82072530
ffn_timing tensor=blk.1.ffn_gate_exps.weight payload_ready_ns=5855583860951 first_consumer_start_ns=5855665459770 payload_to_first_consumer_ns=81598819
reference_token0_blk3 full_layer_residency_hits=46 misses=51 evictions=15 source_reads=23 source_bytes=20402176 materialization_requests=23 resident_tensors_after=8
reference_token0_blk3 full_layer_peak_active_persistent_bytes=1622016 full_layer_peak_resident_bytes=8312832
reference_token0_blk3 first_payload_to_shared_compute_start_ns=3832794392 execution_ready_to_consumer_ns=NOT_INSTRUMENTED payload_to_first_useful_compute=NOT_INSTRUMENTED
token0_blk3_attention_parity max_abs=0 max_rel=0 mean_abs=0 tolerance=1e-5
token0_blk3_block_parity max_abs=0 max_rel=0 mean_abs=0 tolerance=1e-5
attention_timing tensor=blk.1.attn_norm.weight payload_ready_ns=5829393315183 first_consumer_start_ns=5859760460843 payload_to_first_consumer_ns=30367145660
attention_timing tensor=blk.1.attn_q.weight payload_ready_ns=5829579594941 first_consumer_start_ns=5859968350950 payload_to_first_consumer_ns=30388756009
attention_timing tensor=blk.1.attn_kv_a_mqa.weight payload_ready_ns=5829763830993 first_consumer_start_ns=5860183160975 payload_to_first_consumer_ns=30419329982
attention_timing tensor=blk.1.attn_kv_a_norm.weight payload_ready_ns=5829948192705 first_consumer_start_ns=5860389634160 payload_to_first_consumer_ns=30441441455
attention_timing tensor=blk.1.attn_kv_b.weight payload_ready_ns=5830137042468 first_consumer_start_ns=5860587190162 payload_to_first_consumer_ns=30450147694
attention_timing tensor=blk.1.attn_output.weight payload_ready_ns=5830326878264 first_consumer_start_ns=5860785103305 payload_to_first_consumer_ns=30458225041
token1_blk1 position=1 state_k_positions=2 state_v_positions=2 attention_probs=0.327327,0.672673,0.410489,0.589511,0.566064,0.433936,0.327192,0.672808,0.932766,0.0672338,0.599507,0.400493,0.505362,0.494638,0.744735,0.255265,0.50687,0.49313,0.00836671,0.991633,0.754869,0.245131,0.650014,0.349986,0.537805,0.462195,0.554964,0.445036,0.523342,0.476658,0.56235,0.43765,
reference_attention position=1 state_k_positions=2 state_v_positions=2 attention_probs=0.327327,0.672673,0.410489,0.589511,0.566064,0.433936,0.327192,0.672808,0.932766,0.0672338,0.599507,0.400493,0.505362,0.494638,0.744735,0.255265,0.50687,0.49313,0.00836671,0.991633,0.754869,0.245131,0.650014,0.349986,0.537805,0.462195,0.554964,0.445036,0.523342,0.476658,0.56235,0.43765,
normalized_input_parity max_abs=0 max_rel=0 mean_abs=0 tolerance=1e-5
router_score_parity max_abs=2.86102e-06 max_rel=5.82025e-06 mean_abs=3.96627e-07 tolerance=1e-5
selected_weight_parity max_abs=2.38419e-07 max_rel=1.73796e-06 mean_abs=1.21693e-07 tolerance=1e-5
token1_blk1 topk_ids=56,29,11,3,50,26 normalized_weights=0.431742,0.24147,0.103862,0.0857397,0.0713288,0.0658583,
token1_blk1_routed expert_rank=0 expert_id=56 router_rank=0 graph_created=YES graph_refs=gate:0,up:1,down:2 storage_ref_base=10168 score_preserved=YES
token1_blk1_routed expert_id=56 selected_range tensor=blk.1.ffn_gate_exps.weight offset=135303648 bytes=563200 layout=DIRECT
token1_blk1_routed expert_id=56 selected_range tensor=blk.1.ffn_up_exps.weight offset=171348464 bytes=563200 layout=DIRECT
token1_blk1_routed expert_id=56 selected_range tensor=blk.1.ffn_down_exps.weight offset=266686976 bytes=1622016 layout=DIRECT
token1_blk1_routed prefetch expert_id=56 tensor=blk.1.ffn_gate_exps.weight dependency_distance=0
token1_blk1_routed prefetch expert_id=56 tensor=blk.1.ffn_up_exps.weight dependency_distance=0
token1_blk1_routed prefetch expert_id=56 tensor=blk.1.ffn_down_exps.weight dependency_distance=2
expert_parity max_abs=0 max_rel=0 mean_abs=0 tolerance=1e-5
token1_blk1_routed expert_id=56 consumer_wait=not_instrumented acquire_release=recorded peak_active=1622016 peak_resident=7367680
token1_blk1_routed expert_rank=1 expert_id=29 router_rank=1 graph_created=YES graph_refs=gate:0,up:1,down:2 storage_ref_base=10087 score_preserved=YES
token1_blk1_routed expert_id=29 selected_range tensor=blk.1.ffn_gate_exps.weight offset=120097248 bytes=563200 layout=DIRECT
token1_blk1_routed expert_id=29 selected_range tensor=blk.1.ffn_up_exps.weight offset=156142064 bytes=563200 layout=DIRECT
token1_blk1_routed expert_id=29 selected_range tensor=blk.1.ffn_down_exps.weight offset=222892544 bytes=1622016 layout=DIRECT
token1_blk1_routed prefetch expert_id=29 tensor=blk.1.ffn_gate_exps.weight dependency_distance=0
token1_blk1_routed prefetch expert_id=29 tensor=blk.1.ffn_up_exps.weight dependency_distance=0
token1_blk1_routed prefetch expert_id=29 tensor=blk.1.ffn_down_exps.weight dependency_distance=2
expert_parity max_abs=0 max_rel=0 mean_abs=0 tolerance=1e-5
token1_blk1_routed expert_id=29 consumer_wait=not_instrumented acquire_release=recorded peak_active=1622016 peak_resident=7752704
token1_blk1_routed expert_rank=2 expert_id=11 router_rank=2 graph_created=YES graph_refs=gate:0,up:1,down:2 storage_ref_base=10033 score_preserved=YES
token1_blk1_routed expert_id=11 selected_range tensor=blk.1.ffn_gate_exps.weight offset=109959648 bytes=563200 layout=DIRECT
token1_blk1_routed expert_id=11 selected_range tensor=blk.1.ffn_up_exps.weight offset=146004464 bytes=563200 layout=DIRECT
token1_blk1_routed expert_id=11 selected_range tensor=blk.1.ffn_down_exps.weight offset=193696256 bytes=1622016 layout=DIRECT
token1_blk1_routed prefetch expert_id=11 tensor=blk.1.ffn_gate_exps.weight dependency_distance=0
token1_blk1_routed prefetch expert_id=11 tensor=blk.1.ffn_up_exps.weight dependency_distance=0
token1_blk1_routed prefetch expert_id=11 tensor=blk.1.ffn_down_exps.weight dependency_distance=2
expert_parity max_abs=0 max_rel=0 mean_abs=0 tolerance=1e-5
token1_blk1_routed expert_id=11 consumer_wait=not_instrumented acquire_release=recorded peak_active=1622016 peak_resident=8245248
token1_blk1_routed expert_rank=3 expert_id=3 router_rank=3 graph_created=YES graph_refs=gate:0,up:1,down:2 storage_ref_base=10009 score_preserved=YES
token1_blk1_routed expert_id=3 selected_range tensor=blk.1.ffn_gate_exps.weight offset=105454048 bytes=563200 layout=DIRECT
token1_blk1_routed expert_id=3 selected_range tensor=blk.1.ffn_up_exps.weight offset=141498864 bytes=563200 layout=DIRECT
token1_blk1_routed expert_id=3 selected_range tensor=blk.1.ffn_down_exps.weight offset=180720128 bytes=1622016 layout=DIRECT
token1_blk1_routed prefetch expert_id=3 tensor=blk.1.ffn_gate_exps.weight dependency_distance=0
token1_blk1_routed prefetch expert_id=3 tensor=blk.1.ffn_up_exps.weight dependency_distance=0
token1_blk1_routed prefetch expert_id=3 tensor=blk.1.ffn_down_exps.weight dependency_distance=2
expert_parity max_abs=0 max_rel=0 mean_abs=0 tolerance=1e-5
token1_blk1_routed expert_id=3 consumer_wait=not_instrumented acquire_release=recorded peak_active=1622016 peak_resident=8245248
token1_blk1_routed expert_rank=4 expert_id=50 router_rank=4 graph_created=YES graph_refs=gate:0,up:1,down:2 storage_ref_base=10150 score_preserved=YES
token1_blk1_routed expert_id=50 selected_range tensor=blk.1.ffn_gate_exps.weight offset=131924448 bytes=563200 layout=DIRECT
token1_blk1_routed expert_id=50 selected_range tensor=blk.1.ffn_up_exps.weight offset=167969264 bytes=563200 layout=DIRECT
token1_blk1_routed expert_id=50 selected_range tensor=blk.1.ffn_down_exps.weight offset=256954880 bytes=1622016 layout=DIRECT
token1_blk1_routed prefetch expert_id=50 tensor=blk.1.ffn_gate_exps.weight dependency_distance=0
token1_blk1_routed prefetch expert_id=50 tensor=blk.1.ffn_up_exps.weight dependency_distance=0
token1_blk1_routed prefetch expert_id=50 tensor=blk.1.ffn_down_exps.weight dependency_distance=2
expert_parity max_abs=0 max_rel=0 mean_abs=0 tolerance=1e-5
token1_blk1_routed expert_id=50 consumer_wait=not_instrumented acquire_release=recorded peak_active=1622016 peak_resident=8245248
token1_blk1_routed expert_rank=5 expert_id=26 router_rank=5 graph_created=YES graph_refs=gate:0,up:1,down:2 storage_ref_base=10078 score_preserved=YES
token1_blk1_routed expert_id=26 selected_range tensor=blk.1.ffn_gate_exps.weight offset=118407648 bytes=563200 layout=DIRECT
token1_blk1_routed expert_id=26 selected_range tensor=blk.1.ffn_up_exps.weight offset=154452464 bytes=563200 layout=DIRECT
token1_blk1_routed expert_id=26 selected_range tensor=blk.1.ffn_down_exps.weight offset=218026496 bytes=1622016 layout=DIRECT
token1_blk1_routed prefetch expert_id=26 tensor=blk.1.ffn_gate_exps.weight dependency_distance=0
token1_blk1_routed prefetch expert_id=26 tensor=blk.1.ffn_up_exps.weight dependency_distance=0
token1_blk1_routed prefetch expert_id=26 tensor=blk.1.ffn_down_exps.weight dependency_distance=2
expert_parity max_abs=0 max_rel=0 mean_abs=0 tolerance=1e-5
token1_blk1_routed expert_id=26 consumer_wait=not_instrumented acquire_release=recorded peak_active=1622016 peak_resident=8245248
token1_blk1_routed residency_hits=36 residency_misses=42 source_reads=18 materialization_requests=18 source_policy_calls=18 evictions=20 resident_tensors_after=9
routed_merge_parity max_abs=0 max_rel=0 mean_abs=0 tolerance=1e-5
shared_expert_parity max_abs=0 max_rel=0 mean_abs=0 tolerance=1e-5
pre_residual_composition_parity max_abs=0 max_rel=0 mean_abs=0 tolerance=1e-5
final_layer_parity max_abs=0 max_rel=0 mean_abs=0 tolerance=1e-5
token1_blk1 shared_expert=REQUIRED shared_graph_created=YES residual_add=YES final_composition=PASS
ffn_timing tensor=blk.1.ffn_gate_inp.weight payload_ready_ns=5861098795131 first_consumer_start_ns=5861178042215 payload_to_first_consumer_ns=79247084
ffn_timing tensor=blk.1.ffn_gate_shexp.weight payload_ready_ns=5864991821373 first_consumer_start_ns=5865071533737 payload_to_first_consumer_ns=79712364
ffn_timing tensor=blk.1.ffn_gate_exps.weight payload_ready_ns=5861305803397 first_consumer_start_ns=5861383809566 payload_to_first_consumer_ns=78006169
token1_blk1 full_layer_residency_hits=46 misses=51 evictions=27 source_reads=23 source_bytes=21168128 materialization_requests=23 resident_tensors_after=6
token1_blk1 full_layer_peak_active_persistent_bytes=1892352 full_layer_peak_resident_bytes=8245248
token1_blk1 first_payload_to_shared_compute_start_ns=4047584189 execution_ready_to_consumer_ns=NOT_INSTRUMENTED payload_to_first_useful_compute=NOT_INSTRUMENTED
normalized_input_parity max_abs=0 max_rel=0 mean_abs=0 tolerance=1e-5
router_score_parity max_abs=2.86102e-06 max_rel=5.82025e-06 mean_abs=3.96627e-07 tolerance=1e-5
selected_weight_parity max_abs=2.38419e-07 max_rel=1.73796e-06 mean_abs=1.21693e-07 tolerance=1e-5
reference_token1_blk1 topk_ids=56,29,11,3,50,26 normalized_weights=0.431742,0.24147,0.103862,0.0857397,0.0713288,0.0658583,
reference_token1_blk1_routed expert_rank=0 expert_id=56 router_rank=0 graph_created=YES graph_refs=gate:0,up:1,down:2 storage_ref_base=10168 score_preserved=YES
reference_token1_blk1_routed expert_id=56 selected_range tensor=blk.1.ffn_gate_exps.weight offset=135303648 bytes=563200 layout=DIRECT
reference_token1_blk1_routed expert_id=56 selected_range tensor=blk.1.ffn_up_exps.weight offset=171348464 bytes=563200 layout=DIRECT
reference_token1_blk1_routed expert_id=56 selected_range tensor=blk.1.ffn_down_exps.weight offset=266686976 bytes=1622016 layout=DIRECT
reference_token1_blk1_routed prefetch expert_id=56 tensor=blk.1.ffn_gate_exps.weight dependency_distance=0
reference_token1_blk1_routed prefetch expert_id=56 tensor=blk.1.ffn_up_exps.weight dependency_distance=0
reference_token1_blk1_routed prefetch expert_id=56 tensor=blk.1.ffn_down_exps.weight dependency_distance=2
expert_parity max_abs=0 max_rel=0 mean_abs=0 tolerance=1e-5
reference_token1_blk1_routed expert_id=56 consumer_wait=not_instrumented acquire_release=recorded peak_active=1622016 peak_resident=3280896
reference_token1_blk1_routed expert_rank=1 expert_id=29 router_rank=1 graph_created=YES graph_refs=gate:0,up:1,down:2 storage_ref_base=10087 score_preserved=YES
reference_token1_blk1_routed expert_id=29 selected_range tensor=blk.1.ffn_gate_exps.weight offset=120097248 bytes=563200 layout=DIRECT
reference_token1_blk1_routed expert_id=29 selected_range tensor=blk.1.ffn_up_exps.weight offset=156142064 bytes=563200 layout=DIRECT
reference_token1_blk1_routed expert_id=29 selected_range tensor=blk.1.ffn_down_exps.weight offset=222892544 bytes=1622016 layout=DIRECT
reference_token1_blk1_routed prefetch expert_id=29 tensor=blk.1.ffn_gate_exps.weight dependency_distance=0
reference_token1_blk1_routed prefetch expert_id=29 tensor=blk.1.ffn_up_exps.weight dependency_distance=0
reference_token1_blk1_routed prefetch expert_id=29 tensor=blk.1.ffn_down_exps.weight dependency_distance=2
expert_parity max_abs=0 max_rel=0 mean_abs=0 tolerance=1e-5
reference_token1_blk1_routed expert_id=29 consumer_wait=not_instrumented acquire_release=recorded peak_active=1622016 peak_resident=6029312
reference_token1_blk1_routed expert_rank=2 expert_id=11 router_rank=2 graph_created=YES graph_refs=gate:0,up:1,down:2 storage_ref_base=10033 score_preserved=YES
reference_token1_blk1_routed expert_id=11 selected_range tensor=blk.1.ffn_gate_exps.weight offset=109959648 bytes=563200 layout=DIRECT
reference_token1_blk1_routed expert_id=11 selected_range tensor=blk.1.ffn_up_exps.weight offset=146004464 bytes=563200 layout=DIRECT
reference_token1_blk1_routed expert_id=11 selected_range tensor=blk.1.ffn_down_exps.weight offset=193696256 bytes=1622016 layout=DIRECT
reference_token1_blk1_routed prefetch expert_id=11 tensor=blk.1.ffn_gate_exps.weight dependency_distance=0
reference_token1_blk1_routed prefetch expert_id=11 tensor=blk.1.ffn_up_exps.weight dependency_distance=0
reference_token1_blk1_routed prefetch expert_id=11 tensor=blk.1.ffn_down_exps.weight dependency_distance=2
expert_parity max_abs=0 max_rel=0 mean_abs=0 tolerance=1e-5
reference_token1_blk1_routed expert_id=11 consumer_wait=not_instrumented acquire_release=recorded peak_active=1622016 peak_resident=8245248
reference_token1_blk1_routed expert_rank=3 expert_id=3 router_rank=3 graph_created=YES graph_refs=gate:0,up:1,down:2 storage_ref_base=10009 score_preserved=YES
reference_token1_blk1_routed expert_id=3 selected_range tensor=blk.1.ffn_gate_exps.weight offset=105454048 bytes=563200 layout=DIRECT
reference_token1_blk1_routed expert_id=3 selected_range tensor=blk.1.ffn_up_exps.weight offset=141498864 bytes=563200 layout=DIRECT
reference_token1_blk1_routed expert_id=3 selected_range tensor=blk.1.ffn_down_exps.weight offset=180720128 bytes=1622016 layout=DIRECT
reference_token1_blk1_routed prefetch expert_id=3 tensor=blk.1.ffn_gate_exps.weight dependency_distance=0
reference_token1_blk1_routed prefetch expert_id=3 tensor=blk.1.ffn_up_exps.weight dependency_distance=0
reference_token1_blk1_routed prefetch expert_id=3 tensor=blk.1.ffn_down_exps.weight dependency_distance=2
expert_parity max_abs=0 max_rel=0 mean_abs=0 tolerance=1e-5
reference_token1_blk1_routed expert_id=3 consumer_wait=not_instrumented acquire_release=recorded peak_active=1622016 peak_resident=8245248
reference_token1_blk1_routed expert_rank=4 expert_id=50 router_rank=4 graph_created=YES graph_refs=gate:0,up:1,down:2 storage_ref_base=10150 score_preserved=YES
reference_token1_blk1_routed expert_id=50 selected_range tensor=blk.1.ffn_gate_exps.weight offset=131924448 bytes=563200 layout=DIRECT
reference_token1_blk1_routed expert_id=50 selected_range tensor=blk.1.ffn_up_exps.weight offset=167969264 bytes=563200 layout=DIRECT
reference_token1_blk1_routed expert_id=50 selected_range tensor=blk.1.ffn_down_exps.weight offset=256954880 bytes=1622016 layout=DIRECT
reference_token1_blk1_routed prefetch expert_id=50 tensor=blk.1.ffn_gate_exps.weight dependency_distance=0
reference_token1_blk1_routed prefetch expert_id=50 tensor=blk.1.ffn_up_exps.weight dependency_distance=0
reference_token1_blk1_routed prefetch expert_id=50 tensor=blk.1.ffn_down_exps.weight dependency_distance=2
expert_parity max_abs=0 max_rel=0 mean_abs=0 tolerance=1e-5
reference_token1_blk1_routed expert_id=50 consumer_wait=not_instrumented acquire_release=recorded peak_active=1622016 peak_resident=8245248
reference_token1_blk1_routed expert_rank=5 expert_id=26 router_rank=5 graph_created=YES graph_refs=gate:0,up:1,down:2 storage_ref_base=10078 score_preserved=YES
reference_token1_blk1_routed expert_id=26 selected_range tensor=blk.1.ffn_gate_exps.weight offset=118407648 bytes=563200 layout=DIRECT
reference_token1_blk1_routed expert_id=26 selected_range tensor=blk.1.ffn_up_exps.weight offset=154452464 bytes=563200 layout=DIRECT
reference_token1_blk1_routed expert_id=26 selected_range tensor=blk.1.ffn_down_exps.weight offset=218026496 bytes=1622016 layout=DIRECT
reference_token1_blk1_routed prefetch expert_id=26 tensor=blk.1.ffn_gate_exps.weight dependency_distance=0
reference_token1_blk1_routed prefetch expert_id=26 tensor=blk.1.ffn_up_exps.weight dependency_distance=0
reference_token1_blk1_routed prefetch expert_id=26 tensor=blk.1.ffn_down_exps.weight dependency_distance=2
expert_parity max_abs=0 max_rel=0 mean_abs=0 tolerance=1e-5
reference_token1_blk1_routed expert_id=26 consumer_wait=not_instrumented acquire_release=recorded peak_active=1622016 peak_resident=8245248
reference_token1_blk1_routed residency_hits=36 residency_misses=42 source_reads=18 materialization_requests=18 source_policy_calls=18 evictions=11 resident_tensors_after=9
routed_merge_parity max_abs=0 max_rel=0 mean_abs=0 tolerance=1e-5
shared_expert_parity max_abs=0 max_rel=0 mean_abs=0 tolerance=1e-5
pre_residual_composition_parity max_abs=0 max_rel=0 mean_abs=0 tolerance=1e-5
final_layer_parity max_abs=0 max_rel=0 mean_abs=0 tolerance=1e-5
reference_token1_blk1 shared_expert=REQUIRED shared_graph_created=YES residual_add=YES final_composition=PASS
ffn_timing tensor=blk.1.ffn_gate_inp.weight payload_ready_ns=5865794147230 first_consumer_start_ns=5865876941273 payload_to_first_consumer_ns=82794043
ffn_timing tensor=blk.1.ffn_gate_shexp.weight payload_ready_ns=5869569186789 first_consumer_start_ns=5869645985756 payload_to_first_consumer_ns=76798967
ffn_timing tensor=blk.1.ffn_gate_exps.weight payload_ready_ns=5865999203521 first_consumer_start_ns=5866078165413 payload_to_first_consumer_ns=78961892
reference_token1_blk1 full_layer_residency_hits=46 misses=51 evictions=17 source_reads=23 source_bytes=21168128 materialization_requests=23 resident_tensors_after=6
reference_token1_blk1 full_layer_peak_active_persistent_bytes=1892352 full_layer_peak_resident_bytes=8245248
reference_token1_blk1 first_payload_to_shared_compute_start_ns=3939183569 execution_ready_to_consumer_ns=NOT_INSTRUMENTED payload_to_first_useful_compute=NOT_INSTRUMENTED
token1_blk1_attention_parity max_abs=0 max_rel=0 mean_abs=0 tolerance=1e-5
token1_blk1_block_parity max_abs=0 max_rel=0 mean_abs=0 tolerance=1e-5
token1 block_handoff block=2 handoff_ns=26440 activation_copy_bytes=0
attention_timing tensor=blk.1.attn_norm.weight payload_ready_ns=5829393315183 first_consumer_start_ns=5870244911316 payload_to_first_consumer_ns=40851596133
attention_timing tensor=blk.1.attn_q.weight payload_ready_ns=5829579594941 first_consumer_start_ns=5870435371140 payload_to_first_consumer_ns=40855776199
attention_timing tensor=blk.1.attn_kv_a_mqa.weight payload_ready_ns=5829763830993 first_consumer_start_ns=5870587495002 payload_to_first_consumer_ns=40823664009
attention_timing tensor=blk.1.attn_kv_a_norm.weight payload_ready_ns=5829948192705 first_consumer_start_ns=5870776700763 payload_to_first_consumer_ns=40828508058
attention_timing tensor=blk.1.attn_kv_b.weight payload_ready_ns=5830137042468 first_consumer_start_ns=5870971198357 payload_to_first_consumer_ns=40834155889
attention_timing tensor=blk.1.attn_output.weight payload_ready_ns=5830326878264 first_consumer_start_ns=5871165595561 payload_to_first_consumer_ns=40838717297
token1_blk2 position=1 state_k_positions=2 state_v_positions=2 attention_probs=0.598919,0.401081,0.518401,0.481599,0.228275,0.771725,0.32635,0.67365,0.474574,0.525426,0.530241,0.469759,0.366593,0.633407,0.715989,0.284011,0.37485,0.62515,0.579751,0.420249,0.0827325,0.917268,0.182867,0.817133,0.513672,0.486328,0.787284,0.212716,0.49621,0.50379,0.70591,0.29409,
reference_attention position=1 state_k_positions=2 state_v_positions=2 attention_probs=0.598919,0.401081,0.518401,0.481599,0.228275,0.771725,0.32635,0.67365,0.474574,0.525426,0.530241,0.469759,0.366593,0.633407,0.715989,0.284011,0.37485,0.62515,0.579751,0.420249,0.0827325,0.917268,0.182867,0.817133,0.513672,0.486328,0.787284,0.212716,0.49621,0.50379,0.70591,0.29409,
normalized_input_parity max_abs=0 max_rel=0 mean_abs=0 tolerance=1e-5
router_score_parity max_abs=1.43051e-06 max_rel=0.000107496 mean_abs=3.76513e-07 tolerance=1e-5
selected_weight_parity max_abs=1.49012e-07 max_rel=7.50293e-07 mean_abs=5.71211e-08 tolerance=1e-5
token1_blk2 topk_ids=37,18,44,53,23,49 normalized_weights=0.210563,0.198605,0.152328,0.149502,0.145231,0.143771,
token1_blk2_routed expert_rank=0 expert_id=37 router_rank=0 graph_created=YES graph_refs=gate:0,up:1,down:2 storage_ref_base=20111 score_preserved=YES
token1_blk2_routed expert_id=37 selected_range tensor=blk.1.ffn_gate_exps.weight offset=307373736 bytes=563200 layout=DIRECT
token1_blk2_routed expert_id=37 selected_range tensor=blk.1.ffn_up_exps.weight offset=343418552 bytes=563200 layout=DIRECT
token1_blk2_routed expert_id=37 selected_range tensor=blk.1.ffn_down_exps.weight offset=418639560 bytes=1622016 layout=DIRECT
token1_blk2_routed prefetch expert_id=37 tensor=blk.1.ffn_gate_exps.weight dependency_distance=0
token1_blk2_routed prefetch expert_id=37 tensor=blk.1.ffn_up_exps.weight dependency_distance=0
token1_blk2_routed prefetch expert_id=37 tensor=blk.1.ffn_down_exps.weight dependency_distance=2
expert_parity max_abs=0 max_rel=0 mean_abs=0 tolerance=1e-5
token1_blk2_routed expert_id=37 consumer_wait=not_instrumented acquire_release=recorded peak_active=1622016 peak_resident=8031232
token1_blk2_routed expert_rank=1 expert_id=18 router_rank=1 graph_created=YES graph_refs=gate:0,up:1,down:2 storage_ref_base=20054 score_preserved=YES
token1_blk2_routed expert_id=18 selected_range tensor=blk.1.ffn_gate_exps.weight offset=296672936 bytes=563200 layout=DIRECT
token1_blk2_routed expert_id=18 selected_range tensor=blk.1.ffn_up_exps.weight offset=332717752 bytes=563200 layout=DIRECT
token1_blk2_routed expert_id=18 selected_range tensor=blk.1.ffn_down_exps.weight offset=387821256 bytes=1622016 layout=DIRECT
token1_blk2_routed prefetch expert_id=18 tensor=blk.1.ffn_gate_exps.weight dependency_distance=0
token1_blk2_routed prefetch expert_id=18 tensor=blk.1.ffn_up_exps.weight dependency_distance=0
token1_blk2_routed prefetch expert_id=18 tensor=blk.1.ffn_down_exps.weight dependency_distance=2
expert_parity max_abs=0 max_rel=0 mean_abs=0 tolerance=1e-5
token1_blk2_routed expert_id=18 consumer_wait=not_instrumented acquire_release=recorded peak_active=1622016 peak_resident=7760896
token1_blk2_routed expert_rank=2 expert_id=44 router_rank=2 graph_created=YES graph_refs=gate:0,up:1,down:2 storage_ref_base=20132 score_preserved=YES
token1_blk2_routed expert_id=44 selected_range tensor=blk.1.ffn_gate_exps.weight offset=311316136 bytes=563200 layout=DIRECT
token1_blk2_routed expert_id=44 selected_range tensor=blk.1.ffn_up_exps.weight offset=347360952 bytes=563200 layout=DIRECT
token1_blk2_routed expert_id=44 selected_range tensor=blk.1.ffn_down_exps.weight offset=429993672 bytes=1622016 layout=DIRECT
token1_blk2_routed prefetch expert_id=44 tensor=blk.1.ffn_gate_exps.weight dependency_distance=0
token1_blk2_routed prefetch expert_id=44 tensor=blk.1.ffn_up_exps.weight dependency_distance=0
token1_blk2_routed prefetch expert_id=44 tensor=blk.1.ffn_down_exps.weight dependency_distance=2
expert_parity max_abs=0 max_rel=0 mean_abs=0 tolerance=1e-5
token1_blk2_routed expert_id=44 consumer_wait=not_instrumented acquire_release=recorded peak_active=1622016 peak_resident=8245248
token1_blk2_routed expert_rank=3 expert_id=53 router_rank=3 graph_created=YES graph_refs=gate:0,up:1,down:2 storage_ref_base=20159 score_preserved=YES
token1_blk2_routed expert_id=53 selected_range tensor=blk.1.ffn_gate_exps.weight offset=316384936 bytes=563200 layout=DIRECT
token1_blk2_routed expert_id=53 selected_range tensor=blk.1.ffn_up_exps.weight offset=352429752 bytes=563200 layout=DIRECT
token1_blk2_routed expert_id=53 selected_range tensor=blk.1.ffn_down_exps.weight offset=444591816 bytes=1622016 layout=DIRECT
token1_blk2_routed prefetch expert_id=53 tensor=blk.1.ffn_gate_exps.weight dependency_distance=0
token1_blk2_routed prefetch expert_id=53 tensor=blk.1.ffn_up_exps.weight dependency_distance=0
token1_blk2_routed prefetch expert_id=53 tensor=blk.1.ffn_down_exps.weight dependency_distance=2
expert_parity max_abs=0 max_rel=0 mean_abs=0 tolerance=1e-5
token1_blk2_routed expert_id=53 consumer_wait=not_instrumented acquire_release=recorded peak_active=1622016 peak_resident=8245248
token1_blk2_routed expert_rank=4 expert_id=23 router_rank=4 graph_created=YES graph_refs=gate:0,up:1,down:2 storage_ref_base=20069 score_preserved=YES
token1_blk2_routed expert_id=23 selected_range tensor=blk.1.ffn_gate_exps.weight offset=299488936 bytes=563200 layout=DIRECT
token1_blk2_routed expert_id=23 selected_range tensor=blk.1.ffn_up_exps.weight offset=335533752 bytes=563200 layout=DIRECT
token1_blk2_routed expert_id=23 selected_range tensor=blk.1.ffn_down_exps.weight offset=395931336 bytes=1622016 layout=DIRECT
token1_blk2_routed prefetch expert_id=23 tensor=blk.1.ffn_gate_exps.weight dependency_distance=0
token1_blk2_routed prefetch expert_id=23 tensor=blk.1.ffn_up_exps.weight dependency_distance=0
token1_blk2_routed prefetch expert_id=23 tensor=blk.1.ffn_down_exps.weight dependency_distance=2
expert_parity max_abs=0 max_rel=0 mean_abs=0 tolerance=1e-5
token1_blk2_routed expert_id=23 consumer_wait=not_instrumented acquire_release=recorded peak_active=1622016 peak_resident=8245248
token1_blk2_routed expert_rank=5 expert_id=49 router_rank=5 graph_created=YES graph_refs=gate:0,up:1,down:2 storage_ref_base=20147 score_preserved=YES
token1_blk2_routed expert_id=49 selected_range tensor=blk.1.ffn_gate_exps.weight offset=314132136 bytes=563200 layout=DIRECT
token1_blk2_routed expert_id=49 selected_range tensor=blk.1.ffn_up_exps.weight offset=350176952 bytes=563200 layout=DIRECT
token1_blk2_routed expert_id=49 selected_range tensor=blk.1.ffn_down_exps.weight offset=438103752 bytes=1622016 layout=DIRECT
token1_blk2_routed prefetch expert_id=49 tensor=blk.1.ffn_gate_exps.weight dependency_distance=0
token1_blk2_routed prefetch expert_id=49 tensor=blk.1.ffn_up_exps.weight dependency_distance=0
token1_blk2_routed prefetch expert_id=49 tensor=blk.1.ffn_down_exps.weight dependency_distance=2
expert_parity max_abs=0 max_rel=0 mean_abs=0 tolerance=1e-5
token1_blk2_routed expert_id=49 consumer_wait=not_instrumented acquire_release=recorded peak_active=1622016 peak_resident=8245248
token1_blk2_routed residency_hits=36 residency_misses=42 source_reads=18 materialization_requests=18 source_policy_calls=18 evictions=20 resident_tensors_after=9
routed_merge_parity max_abs=0 max_rel=0 mean_abs=0 tolerance=1e-5
shared_expert_parity max_abs=0 max_rel=0 mean_abs=0 tolerance=1e-5
pre_residual_composition_parity max_abs=0 max_rel=0 mean_abs=0 tolerance=1e-5
final_layer_parity max_abs=0 max_rel=0 mean_abs=0 tolerance=1e-5
token1_blk2 shared_expert=REQUIRED shared_graph_created=YES residual_add=YES final_composition=PASS
ffn_timing tensor=blk.1.ffn_gate_inp.weight payload_ready_ns=5871494566883 first_consumer_start_ns=5871574219258 payload_to_first_consumer_ns=79652375
ffn_timing tensor=blk.1.ffn_gate_shexp.weight payload_ready_ns=5875279906559 first_consumer_start_ns=5875359127532 payload_to_first_consumer_ns=79220973
ffn_timing tensor=blk.1.ffn_gate_exps.weight payload_ready_ns=5871695191292 first_consumer_start_ns=5871774847867 payload_to_first_consumer_ns=79656575
token1_blk2 full_layer_residency_hits=46 misses=51 evictions=25 source_reads=23 source_bytes=20402176 materialization_requests=23 resident_tensors_after=8
token1_blk2 full_layer_peak_active_persistent_bytes=1622016 full_layer_peak_resident_bytes=8312832
token1_blk2 first_payload_to_shared_compute_start_ns=3947959902 execution_ready_to_consumer_ns=NOT_INSTRUMENTED payload_to_first_useful_compute=NOT_INSTRUMENTED
normalized_input_parity max_abs=0 max_rel=0 mean_abs=0 tolerance=1e-5
router_score_parity max_abs=1.43051e-06 max_rel=0.000107496 mean_abs=3.76513e-07 tolerance=1e-5
selected_weight_parity max_abs=1.49012e-07 max_rel=7.50293e-07 mean_abs=5.71211e-08 tolerance=1e-5
reference_token1_blk2 topk_ids=37,18,44,53,23,49 normalized_weights=0.210563,0.198605,0.152328,0.149502,0.145231,0.143771,
reference_token1_blk2_routed expert_rank=0 expert_id=37 router_rank=0 graph_created=YES graph_refs=gate:0,up:1,down:2 storage_ref_base=20111 score_preserved=YES
reference_token1_blk2_routed expert_id=37 selected_range tensor=blk.1.ffn_gate_exps.weight offset=307373736 bytes=563200 layout=DIRECT
reference_token1_blk2_routed expert_id=37 selected_range tensor=blk.1.ffn_up_exps.weight offset=343418552 bytes=563200 layout=DIRECT
reference_token1_blk2_routed expert_id=37 selected_range tensor=blk.1.ffn_down_exps.weight offset=418639560 bytes=1622016 layout=DIRECT
reference_token1_blk2_routed prefetch expert_id=37 tensor=blk.1.ffn_gate_exps.weight dependency_distance=0
reference_token1_blk2_routed prefetch expert_id=37 tensor=blk.1.ffn_up_exps.weight dependency_distance=0
reference_token1_blk2_routed prefetch expert_id=37 tensor=blk.1.ffn_down_exps.weight dependency_distance=2
expert_parity max_abs=0 max_rel=0 mean_abs=0 tolerance=1e-5
reference_token1_blk2_routed expert_id=37 consumer_wait=not_instrumented acquire_release=recorded peak_active=1622016 peak_resident=3280896
reference_token1_blk2_routed expert_rank=1 expert_id=18 router_rank=1 graph_created=YES graph_refs=gate:0,up:1,down:2 storage_ref_base=20054 score_preserved=YES
reference_token1_blk2_routed expert_id=18 selected_range tensor=blk.1.ffn_gate_exps.weight offset=296672936 bytes=563200 layout=DIRECT
reference_token1_blk2_routed expert_id=18 selected_range tensor=blk.1.ffn_up_exps.weight offset=332717752 bytes=563200 layout=DIRECT
reference_token1_blk2_routed expert_id=18 selected_range tensor=blk.1.ffn_down_exps.weight offset=387821256 bytes=1622016 layout=DIRECT
reference_token1_blk2_routed prefetch expert_id=18 tensor=blk.1.ffn_gate_exps.weight dependency_distance=0
reference_token1_blk2_routed prefetch expert_id=18 tensor=blk.1.ffn_up_exps.weight dependency_distance=0
reference_token1_blk2_routed prefetch expert_id=18 tensor=blk.1.ffn_down_exps.weight dependency_distance=2
expert_parity max_abs=0 max_rel=0 mean_abs=0 tolerance=1e-5
reference_token1_blk2_routed expert_id=18 consumer_wait=not_instrumented acquire_release=recorded peak_active=1622016 peak_resident=6029312
reference_token1_blk2_routed expert_rank=2 expert_id=44 router_rank=2 graph_created=YES graph_refs=gate:0,up:1,down:2 storage_ref_base=20132 score_preserved=YES
reference_token1_blk2_routed expert_id=44 selected_range tensor=blk.1.ffn_gate_exps.weight offset=311316136 bytes=563200 layout=DIRECT
reference_token1_blk2_routed expert_id=44 selected_range tensor=blk.1.ffn_up_exps.weight offset=347360952 bytes=563200 layout=DIRECT
reference_token1_blk2_routed expert_id=44 selected_range tensor=blk.1.ffn_down_exps.weight offset=429993672 bytes=1622016 layout=DIRECT
reference_token1_blk2_routed prefetch expert_id=44 tensor=blk.1.ffn_gate_exps.weight dependency_distance=0
reference_token1_blk2_routed prefetch expert_id=44 tensor=blk.1.ffn_up_exps.weight dependency_distance=0
reference_token1_blk2_routed prefetch expert_id=44 tensor=blk.1.ffn_down_exps.weight dependency_distance=2
expert_parity max_abs=0 max_rel=0 mean_abs=0 tolerance=1e-5
reference_token1_blk2_routed expert_id=44 consumer_wait=not_instrumented acquire_release=recorded peak_active=1622016 peak_resident=8245248
reference_token1_blk2_routed expert_rank=3 expert_id=53 router_rank=3 graph_created=YES graph_refs=gate:0,up:1,down:2 storage_ref_base=20159 score_preserved=YES
reference_token1_blk2_routed expert_id=53 selected_range tensor=blk.1.ffn_gate_exps.weight offset=316384936 bytes=563200 layout=DIRECT
reference_token1_blk2_routed expert_id=53 selected_range tensor=blk.1.ffn_up_exps.weight offset=352429752 bytes=563200 layout=DIRECT
reference_token1_blk2_routed expert_id=53 selected_range tensor=blk.1.ffn_down_exps.weight offset=444591816 bytes=1622016 layout=DIRECT
reference_token1_blk2_routed prefetch expert_id=53 tensor=blk.1.ffn_gate_exps.weight dependency_distance=0
reference_token1_blk2_routed prefetch expert_id=53 tensor=blk.1.ffn_up_exps.weight dependency_distance=0
reference_token1_blk2_routed prefetch expert_id=53 tensor=blk.1.ffn_down_exps.weight dependency_distance=2
expert_parity max_abs=0 max_rel=0 mean_abs=0 tolerance=1e-5
reference_token1_blk2_routed expert_id=53 consumer_wait=not_instrumented acquire_release=recorded peak_active=1622016 peak_resident=8245248
reference_token1_blk2_routed expert_rank=4 expert_id=23 router_rank=4 graph_created=YES graph_refs=gate:0,up:1,down:2 storage_ref_base=20069 score_preserved=YES
reference_token1_blk2_routed expert_id=23 selected_range tensor=blk.1.ffn_gate_exps.weight offset=299488936 bytes=563200 layout=DIRECT
reference_token1_blk2_routed expert_id=23 selected_range tensor=blk.1.ffn_up_exps.weight offset=335533752 bytes=563200 layout=DIRECT
reference_token1_blk2_routed expert_id=23 selected_range tensor=blk.1.ffn_down_exps.weight offset=395931336 bytes=1622016 layout=DIRECT
reference_token1_blk2_routed prefetch expert_id=23 tensor=blk.1.ffn_gate_exps.weight dependency_distance=0
reference_token1_blk2_routed prefetch expert_id=23 tensor=blk.1.ffn_up_exps.weight dependency_distance=0
reference_token1_blk2_routed prefetch expert_id=23 tensor=blk.1.ffn_down_exps.weight dependency_distance=2
expert_parity max_abs=0 max_rel=0 mean_abs=0 tolerance=1e-5
reference_token1_blk2_routed expert_id=23 consumer_wait=not_instrumented acquire_release=recorded peak_active=1622016 peak_resident=8245248
reference_token1_blk2_routed expert_rank=5 expert_id=49 router_rank=5 graph_created=YES graph_refs=gate:0,up:1,down:2 storage_ref_base=20147 score_preserved=YES
reference_token1_blk2_routed expert_id=49 selected_range tensor=blk.1.ffn_gate_exps.weight offset=314132136 bytes=563200 layout=DIRECT
reference_token1_blk2_routed expert_id=49 selected_range tensor=blk.1.ffn_up_exps.weight offset=350176952 bytes=563200 layout=DIRECT
reference_token1_blk2_routed expert_id=49 selected_range tensor=blk.1.ffn_down_exps.weight offset=438103752 bytes=1622016 layout=DIRECT
reference_token1_blk2_routed prefetch expert_id=49 tensor=blk.1.ffn_gate_exps.weight dependency_distance=0
reference_token1_blk2_routed prefetch expert_id=49 tensor=blk.1.ffn_up_exps.weight dependency_distance=0
reference_token1_blk2_routed prefetch expert_id=49 tensor=blk.1.ffn_down_exps.weight dependency_distance=2
expert_parity max_abs=0 max_rel=0 mean_abs=0 tolerance=1e-5
reference_token1_blk2_routed expert_id=49 consumer_wait=not_instrumented acquire_release=recorded peak_active=1622016 peak_resident=8245248
reference_token1_blk2_routed residency_hits=36 residency_misses=42 source_reads=18 materialization_requests=18 source_policy_calls=18 evictions=11 resident_tensors_after=9
routed_merge_parity max_abs=0 max_rel=0 mean_abs=0 tolerance=1e-5
shared_expert_parity max_abs=0 max_rel=0 mean_abs=0 tolerance=1e-5
pre_residual_composition_parity max_abs=0 max_rel=0 mean_abs=0 tolerance=1e-5
final_layer_parity max_abs=0 max_rel=0 mean_abs=0 tolerance=1e-5
reference_token1_blk2 shared_expert=REQUIRED shared_graph_created=YES residual_add=YES final_composition=PASS
ffn_timing tensor=blk.1.ffn_gate_inp.weight payload_ready_ns=5876079129487 first_consumer_start_ns=5876159502612 payload_to_first_consumer_ns=80373125
ffn_timing tensor=blk.1.ffn_gate_shexp.weight payload_ready_ns=5879756760654 first_consumer_start_ns=5879831380485 payload_to_first_consumer_ns=74619831
ffn_timing tensor=blk.1.ffn_gate_exps.weight payload_ready_ns=5876280641527 first_consumer_start_ns=5876354987489 payload_to_first_consumer_ns=74345962
reference_token1_blk2 full_layer_residency_hits=46 misses=51 evictions=15 source_reads=23 source_bytes=20402176 materialization_requests=23 resident_tensors_after=8
reference_token1_blk2 full_layer_peak_active_persistent_bytes=1622016 full_layer_peak_resident_bytes=8312832
reference_token1_blk2 first_payload_to_shared_compute_start_ns=3839730054 execution_ready_to_consumer_ns=NOT_INSTRUMENTED payload_to_first_useful_compute=NOT_INSTRUMENTED
token1_blk2_attention_parity max_abs=0 max_rel=0 mean_abs=0 tolerance=1e-5
token1_blk2_block_parity max_abs=0 max_rel=0 mean_abs=0 tolerance=1e-5
token1 block_handoff block=3 handoff_ns=43441 activation_copy_bytes=0
attention_timing tensor=blk.1.attn_norm.weight payload_ready_ns=5829393315183 first_consumer_start_ns=5880403233708 payload_to_first_consumer_ns=51009918525
attention_timing tensor=blk.1.attn_q.weight payload_ready_ns=5829579594941 first_consumer_start_ns=5880592170727 payload_to_first_consumer_ns=51012575786
attention_timing tensor=blk.1.attn_kv_a_mqa.weight payload_ready_ns=5829763830993 first_consumer_start_ns=5880786831692 payload_to_first_consumer_ns=51023000699
attention_timing tensor=blk.1.attn_kv_a_norm.weight payload_ready_ns=5829948192705 first_consumer_start_ns=5880988408853 payload_to_first_consumer_ns=51040216148
attention_timing tensor=blk.1.attn_kv_b.weight payload_ready_ns=5830137042468 first_consumer_start_ns=5881188847281 payload_to_first_consumer_ns=51051804813
attention_timing tensor=blk.1.attn_output.weight payload_ready_ns=5830326878264 first_consumer_start_ns=5881387730065 payload_to_first_consumer_ns=51060851801
token1_blk3 position=1 state_k_positions=2 state_v_positions=2 attention_probs=0.647885,0.352115,0.653755,0.346246,0.748316,0.251684,0.454187,0.545813,0.370199,0.629801,0.660859,0.339141,0.0916113,0.908389,0.236917,0.763083,0.538436,0.461564,0.527116,0.472884,0.654188,0.345812,0.188689,0.811311,0.462708,0.537292,0.689584,0.310416,0.733999,0.266001,0.491397,0.508603,
reference_attention position=1 state_k_positions=2 state_v_positions=2 attention_probs=0.647885,0.352115,0.653755,0.346246,0.748316,0.251684,0.454187,0.545813,0.370199,0.629801,0.660859,0.339141,0.0916113,0.908389,0.236917,0.763083,0.538436,0.461564,0.527116,0.472884,0.654188,0.345812,0.188689,0.811311,0.462708,0.537292,0.689584,0.310416,0.733999,0.266001,0.491397,0.508603,
normalized_input_parity max_abs=0 max_rel=0 mean_abs=0 tolerance=1e-5
router_score_parity max_abs=1.37091e-06 max_rel=2.28584e-05 mean_abs=3.83676e-07 tolerance=1e-5
selected_weight_parity max_abs=8.9407e-08 max_rel=5.9106e-07 mean_abs=5.96046e-08 tolerance=1e-5
token1_blk3 topk_ids=60,2,53,35,15,59 normalized_weights=0.273384,0.190084,0.151266,0.136168,0.132768,0.11633,
token1_blk3_routed expert_rank=0 expert_id=60 router_rank=0 graph_created=YES graph_refs=gate:0,up:1,down:2 storage_ref_base=30180 score_preserved=YES
token1_blk3_routed expert_id=60 selected_range tensor=blk.1.ffn_gate_exps.weight offset=503098224 bytes=563200 layout=DIRECT
token1_blk3_routed expert_id=60 selected_range tensor=blk.1.ffn_up_exps.weight offset=539143040 bytes=563200 layout=DIRECT
token1_blk3_routed expert_id=60 selected_range tensor=blk.1.ffn_down_exps.weight offset=638716816 bytes=1622016 layout=DIRECT
token1_blk3_routed prefetch expert_id=60 tensor=blk.1.ffn_gate_exps.weight dependency_distance=0
token1_blk3_routed prefetch expert_id=60 tensor=blk.1.ffn_up_exps.weight dependency_distance=0
token1_blk3_routed prefetch expert_id=60 tensor=blk.1.ffn_down_exps.weight dependency_distance=2
expert_parity max_abs=0 max_rel=0 mean_abs=0 tolerance=1e-5
token1_blk3_routed expert_id=60 consumer_wait=not_instrumented acquire_release=recorded peak_active=1622016 peak_resident=7367680
token1_blk3_routed expert_rank=1 expert_id=2 router_rank=1 graph_created=YES graph_refs=gate:0,up:1,down:2 storage_ref_base=30006 score_preserved=YES
token1_blk3_routed expert_id=2 selected_range tensor=blk.1.ffn_gate_exps.weight offset=470432624 bytes=563200 layout=DIRECT
token1_blk3_routed expert_id=2 selected_range tensor=blk.1.ffn_up_exps.weight offset=506477440 bytes=563200 layout=DIRECT
token1_blk3_routed expert_id=2 selected_range tensor=blk.1.ffn_down_exps.weight offset=544639888 bytes=1622016 layout=DIRECT
token1_blk3_routed prefetch expert_id=2 tensor=blk.1.ffn_gate_exps.weight dependency_distance=0
token1_blk3_routed prefetch expert_id=2 tensor=blk.1.ffn_up_exps.weight dependency_distance=0
token1_blk3_routed prefetch expert_id=2 tensor=blk.1.ffn_down_exps.weight dependency_distance=2
expert_parity max_abs=0 max_rel=0 mean_abs=0 tolerance=1e-5
token1_blk3_routed expert_id=2 consumer_wait=not_instrumented acquire_release=recorded peak_active=1622016 peak_resident=7752704
token1_blk3_routed expert_rank=2 expert_id=53 router_rank=2 graph_created=YES graph_refs=gate:0,up:1,down:2 storage_ref_base=30159 score_preserved=YES
token1_blk3_routed expert_id=53 selected_range tensor=blk.1.ffn_gate_exps.weight offset=499155824 bytes=563200 layout=DIRECT
token1_blk3_routed expert_id=53 selected_range tensor=blk.1.ffn_up_exps.weight offset=535200640 bytes=563200 layout=DIRECT
token1_blk3_routed expert_id=53 selected_range tensor=blk.1.ffn_down_exps.weight offset=627362704 bytes=1622016 layout=DIRECT
token1_blk3_routed prefetch expert_id=53 tensor=blk.1.ffn_gate_exps.weight dependency_distance=0
token1_blk3_routed prefetch expert_id=53 tensor=blk.1.ffn_up_exps.weight dependency_distance=0
token1_blk3_routed prefetch expert_id=53 tensor=blk.1.ffn_down_exps.weight dependency_distance=2
expert_parity max_abs=0 max_rel=0 mean_abs=0 tolerance=1e-5
token1_blk3_routed expert_id=53 consumer_wait=not_instrumented acquire_release=recorded peak_active=1622016 peak_resident=8245248
token1_blk3_routed expert_rank=3 expert_id=35 router_rank=3 graph_created=YES graph_refs=gate:0,up:1,down:2 storage_ref_base=30105 score_preserved=YES
token1_blk3_routed expert_id=35 selected_range tensor=blk.1.ffn_gate_exps.weight offset=489018224 bytes=563200 layout=DIRECT
token1_blk3_routed expert_id=35 selected_range tensor=blk.1.ffn_up_exps.weight offset=525063040 bytes=563200 layout=DIRECT
token1_blk3_routed expert_id=35 selected_range tensor=blk.1.ffn_down_exps.weight offset=598166416 bytes=1622016 layout=DIRECT
token1_blk3_routed prefetch expert_id=35 tensor=blk.1.ffn_gate_exps.weight dependency_distance=0
token1_blk3_routed prefetch expert_id=35 tensor=blk.1.ffn_up_exps.weight dependency_distance=0
token1_blk3_routed prefetch expert_id=35 tensor=blk.1.ffn_down_exps.weight dependency_distance=2
expert_parity max_abs=0 max_rel=0 mean_abs=0 tolerance=1e-5
token1_blk3_routed expert_id=35 consumer_wait=not_instrumented acquire_release=recorded peak_active=1622016 peak_resident=8245248
token1_blk3_routed expert_rank=4 expert_id=15 router_rank=4 graph_created=YES graph_refs=gate:0,up:1,down:2 storage_ref_base=30045 score_preserved=YES
token1_blk3_routed expert_id=15 selected_range tensor=blk.1.ffn_gate_exps.weight offset=477754224 bytes=563200 layout=DIRECT
token1_blk3_routed expert_id=15 selected_range tensor=blk.1.ffn_up_exps.weight offset=513799040 bytes=563200 layout=DIRECT
token1_blk3_routed expert_id=15 selected_range tensor=blk.1.ffn_down_exps.weight offset=565726096 bytes=1622016 layout=DIRECT
token1_blk3_routed prefetch expert_id=15 tensor=blk.1.ffn_gate_exps.weight dependency_distance=0
token1_blk3_routed prefetch expert_id=15 tensor=blk.1.ffn_up_exps.weight dependency_distance=0
token1_blk3_routed prefetch expert_id=15 tensor=blk.1.ffn_down_exps.weight dependency_distance=2
expert_parity max_abs=0 max_rel=0 mean_abs=0 tolerance=1e-5
token1_blk3_routed expert_id=15 consumer_wait=not_instrumented acquire_release=recorded peak_active=1622016 peak_resident=8245248
token1_blk3_routed expert_rank=5 expert_id=59 router_rank=5 graph_created=YES graph_refs=gate:0,up:1,down:2 storage_ref_base=30177 score_preserved=YES
token1_blk3_routed expert_id=59 selected_range tensor=blk.1.ffn_gate_exps.weight offset=502535024 bytes=563200 layout=DIRECT
token1_blk3_routed expert_id=59 selected_range tensor=blk.1.ffn_up_exps.weight offset=538579840 bytes=563200 layout=DIRECT
token1_blk3_routed expert_id=59 selected_range tensor=blk.1.ffn_down_exps.weight offset=637094800 bytes=1622016 layout=DIRECT
token1_blk3_routed prefetch expert_id=59 tensor=blk.1.ffn_gate_exps.weight dependency_distance=0
token1_blk3_routed prefetch expert_id=59 tensor=blk.1.ffn_up_exps.weight dependency_distance=0
token1_blk3_routed prefetch expert_id=59 tensor=blk.1.ffn_down_exps.weight dependency_distance=2
expert_parity max_abs=0 max_rel=0 mean_abs=0 tolerance=1e-5
token1_blk3_routed expert_id=59 consumer_wait=not_instrumented acquire_release=recorded peak_active=1622016 peak_resident=8245248
token1_blk3_routed residency_hits=36 residency_misses=42 source_reads=18 materialization_requests=18 source_policy_calls=18 evictions=20 resident_tensors_after=9
routed_merge_parity max_abs=0 max_rel=0 mean_abs=0 tolerance=1e-5
shared_expert_parity max_abs=0 max_rel=0 mean_abs=0 tolerance=1e-5
pre_residual_composition_parity max_abs=0 max_rel=0 mean_abs=0 tolerance=1e-5
final_layer_parity max_abs=0 max_rel=0 mean_abs=0 tolerance=1e-5
token1_blk3 shared_expert=REQUIRED shared_graph_created=YES residual_add=YES final_composition=PASS
ffn_timing tensor=blk.1.ffn_gate_inp.weight payload_ready_ns=5881711275742 first_consumer_start_ns=5881792423600 payload_to_first_consumer_ns=81147858
ffn_timing tensor=blk.1.ffn_gate_shexp.weight payload_ready_ns=5885470342872 first_consumer_start_ns=5885550368996 payload_to_first_consumer_ns=80026124
ffn_timing tensor=blk.1.ffn_gate_exps.weight payload_ready_ns=5881917054853 first_consumer_start_ns=5881995558655 payload_to_first_consumer_ns=78503802
token1_blk3 full_layer_residency_hits=46 misses=51 evictions=25 source_reads=23 source_bytes=20402176 materialization_requests=23 resident_tensors_after=8
token1_blk3 full_layer_peak_active_persistent_bytes=1622016 full_layer_peak_resident_bytes=8312832
token1_blk3 first_payload_to_shared_compute_start_ns=3917485684 execution_ready_to_consumer_ns=NOT_INSTRUMENTED payload_to_first_useful_compute=NOT_INSTRUMENTED
normalized_input_parity max_abs=0 max_rel=0 mean_abs=0 tolerance=1e-5
router_score_parity max_abs=1.37091e-06 max_rel=2.28584e-05 mean_abs=3.83676e-07 tolerance=1e-5
selected_weight_parity max_abs=8.9407e-08 max_rel=5.9106e-07 mean_abs=5.96046e-08 tolerance=1e-5
reference_token1_blk3 topk_ids=60,2,53,35,15,59 normalized_weights=0.273384,0.190084,0.151266,0.136168,0.132768,0.11633,
reference_token1_blk3_routed expert_rank=0 expert_id=60 router_rank=0 graph_created=YES graph_refs=gate:0,up:1,down:2 storage_ref_base=30180 score_preserved=YES
reference_token1_blk3_routed expert_id=60 selected_range tensor=blk.1.ffn_gate_exps.weight offset=503098224 bytes=563200 layout=DIRECT
reference_token1_blk3_routed expert_id=60 selected_range tensor=blk.1.ffn_up_exps.weight offset=539143040 bytes=563200 layout=DIRECT
reference_token1_blk3_routed expert_id=60 selected_range tensor=blk.1.ffn_down_exps.weight offset=638716816 bytes=1622016 layout=DIRECT
reference_token1_blk3_routed prefetch expert_id=60 tensor=blk.1.ffn_gate_exps.weight dependency_distance=0
reference_token1_blk3_routed prefetch expert_id=60 tensor=blk.1.ffn_up_exps.weight dependency_distance=0
reference_token1_blk3_routed prefetch expert_id=60 tensor=blk.1.ffn_down_exps.weight dependency_distance=2
expert_parity max_abs=0 max_rel=0 mean_abs=0 tolerance=1e-5
reference_token1_blk3_routed expert_id=60 consumer_wait=not_instrumented acquire_release=recorded peak_active=1622016 peak_resident=3280896
reference_token1_blk3_routed expert_rank=1 expert_id=2 router_rank=1 graph_created=YES graph_refs=gate:0,up:1,down:2 storage_ref_base=30006 score_preserved=YES
reference_token1_blk3_routed expert_id=2 selected_range tensor=blk.1.ffn_gate_exps.weight offset=470432624 bytes=563200 layout=DIRECT
reference_token1_blk3_routed expert_id=2 selected_range tensor=blk.1.ffn_up_exps.weight offset=506477440 bytes=563200 layout=DIRECT
reference_token1_blk3_routed expert_id=2 selected_range tensor=blk.1.ffn_down_exps.weight offset=544639888 bytes=1622016 layout=DIRECT
reference_token1_blk3_routed prefetch expert_id=2 tensor=blk.1.ffn_gate_exps.weight dependency_distance=0
reference_token1_blk3_routed prefetch expert_id=2 tensor=blk.1.ffn_up_exps.weight dependency_distance=0
reference_token1_blk3_routed prefetch expert_id=2 tensor=blk.1.ffn_down_exps.weight dependency_distance=2
expert_parity max_abs=0 max_rel=0 mean_abs=0 tolerance=1e-5
reference_token1_blk3_routed expert_id=2 consumer_wait=not_instrumented acquire_release=recorded peak_active=1622016 peak_resident=6029312
reference_token1_blk3_routed expert_rank=2 expert_id=53 router_rank=2 graph_created=YES graph_refs=gate:0,up:1,down:2 storage_ref_base=30159 score_preserved=YES
reference_token1_blk3_routed expert_id=53 selected_range tensor=blk.1.ffn_gate_exps.weight offset=499155824 bytes=563200 layout=DIRECT
reference_token1_blk3_routed expert_id=53 selected_range tensor=blk.1.ffn_up_exps.weight offset=535200640 bytes=563200 layout=DIRECT
reference_token1_blk3_routed expert_id=53 selected_range tensor=blk.1.ffn_down_exps.weight offset=627362704 bytes=1622016 layout=DIRECT
reference_token1_blk3_routed prefetch expert_id=53 tensor=blk.1.ffn_gate_exps.weight dependency_distance=0
reference_token1_blk3_routed prefetch expert_id=53 tensor=blk.1.ffn_up_exps.weight dependency_distance=0
reference_token1_blk3_routed prefetch expert_id=53 tensor=blk.1.ffn_down_exps.weight dependency_distance=2
expert_parity max_abs=0 max_rel=0 mean_abs=0 tolerance=1e-5
reference_token1_blk3_routed expert_id=53 consumer_wait=not_instrumented acquire_release=recorded peak_active=1622016 peak_resident=8245248
reference_token1_blk3_routed expert_rank=3 expert_id=35 router_rank=3 graph_created=YES graph_refs=gate:0,up:1,down:2 storage_ref_base=30105 score_preserved=YES
reference_token1_blk3_routed expert_id=35 selected_range tensor=blk.1.ffn_gate_exps.weight offset=489018224 bytes=563200 layout=DIRECT
reference_token1_blk3_routed expert_id=35 selected_range tensor=blk.1.ffn_up_exps.weight offset=525063040 bytes=563200 layout=DIRECT
reference_token1_blk3_routed expert_id=35 selected_range tensor=blk.1.ffn_down_exps.weight offset=598166416 bytes=1622016 layout=DIRECT
reference_token1_blk3_routed prefetch expert_id=35 tensor=blk.1.ffn_gate_exps.weight dependency_distance=0
reference_token1_blk3_routed prefetch expert_id=35 tensor=blk.1.ffn_up_exps.weight dependency_distance=0
reference_token1_blk3_routed prefetch expert_id=35 tensor=blk.1.ffn_down_exps.weight dependency_distance=2
expert_parity max_abs=0 max_rel=0 mean_abs=0 tolerance=1e-5
reference_token1_blk3_routed expert_id=35 consumer_wait=not_instrumented acquire_release=recorded peak_active=1622016 peak_resident=8245248
reference_token1_blk3_routed expert_rank=4 expert_id=15 router_rank=4 graph_created=YES graph_refs=gate:0,up:1,down:2 storage_ref_base=30045 score_preserved=YES
reference_token1_blk3_routed expert_id=15 selected_range tensor=blk.1.ffn_gate_exps.weight offset=477754224 bytes=563200 layout=DIRECT
reference_token1_blk3_routed expert_id=15 selected_range tensor=blk.1.ffn_up_exps.weight offset=513799040 bytes=563200 layout=DIRECT
reference_token1_blk3_routed expert_id=15 selected_range tensor=blk.1.ffn_down_exps.weight offset=565726096 bytes=1622016 layout=DIRECT
reference_token1_blk3_routed prefetch expert_id=15 tensor=blk.1.ffn_gate_exps.weight dependency_distance=0
reference_token1_blk3_routed prefetch expert_id=15 tensor=blk.1.ffn_up_exps.weight dependency_distance=0
reference_token1_blk3_routed prefetch expert_id=15 tensor=blk.1.ffn_down_exps.weight dependency_distance=2
expert_parity max_abs=0 max_rel=0 mean_abs=0 tolerance=1e-5
reference_token1_blk3_routed expert_id=15 consumer_wait=not_instrumented acquire_release=recorded peak_active=1622016 peak_resident=8245248
reference_token1_blk3_routed expert_rank=5 expert_id=59 router_rank=5 graph_created=YES graph_refs=gate:0,up:1,down:2 storage_ref_base=30177 score_preserved=YES
reference_token1_blk3_routed expert_id=59 selected_range tensor=blk.1.ffn_gate_exps.weight offset=502535024 bytes=563200 layout=DIRECT
reference_token1_blk3_routed expert_id=59 selected_range tensor=blk.1.ffn_up_exps.weight offset=538579840 bytes=563200 layout=DIRECT
reference_token1_blk3_routed expert_id=59 selected_range tensor=blk.1.ffn_down_exps.weight offset=637094800 bytes=1622016 layout=DIRECT
reference_token1_blk3_routed prefetch expert_id=59 tensor=blk.1.ffn_gate_exps.weight dependency_distance=0
reference_token1_blk3_routed prefetch expert_id=59 tensor=blk.1.ffn_up_exps.weight dependency_distance=0
reference_token1_blk3_routed prefetch expert_id=59 tensor=blk.1.ffn_down_exps.weight dependency_distance=2
expert_parity max_abs=0 max_rel=0 mean_abs=0 tolerance=1e-5
reference_token1_blk3_routed expert_id=59 consumer_wait=not_instrumented acquire_release=recorded peak_active=1622016 peak_resident=8245248
reference_token1_blk3_routed residency_hits=36 residency_misses=42 source_reads=18 materialization_requests=18 source_policy_calls=18 evictions=11 resident_tensors_after=9
routed_merge_parity max_abs=0 max_rel=0 mean_abs=0 tolerance=1e-5
shared_expert_parity max_abs=0 max_rel=0 mean_abs=0 tolerance=1e-5
pre_residual_composition_parity max_abs=0 max_rel=0 mean_abs=0 tolerance=1e-5
final_layer_parity max_abs=0 max_rel=0 mean_abs=0 tolerance=1e-5
reference_token1_blk3 shared_expert=REQUIRED shared_graph_created=YES residual_add=YES final_composition=PASS
ffn_timing tensor=blk.1.ffn_gate_inp.weight payload_ready_ns=5886269662396 first_consumer_start_ns=5886355594615 payload_to_first_consumer_ns=85932219
ffn_timing tensor=blk.1.ffn_gate_shexp.weight payload_ready_ns=5890026493664 first_consumer_start_ns=5890110023307 payload_to_first_consumer_ns=83529643
ffn_timing tensor=blk.1.ffn_gate_exps.weight payload_ready_ns=5886469234162 first_consumer_start_ns=5886545942008 payload_to_first_consumer_ns=76707846
reference_token1_blk3 full_layer_residency_hits=46 misses=51 evictions=15 source_reads=23 source_bytes=20402176 materialization_requests=23 resident_tensors_after=8
reference_token1_blk3 full_layer_peak_active_persistent_bytes=1622016 full_layer_peak_resident_bytes=8312832
reference_token1_blk3 first_payload_to_shared_compute_start_ns=3921815169 execution_ready_to_consumer_ns=NOT_INSTRUMENTED payload_to_first_useful_compute=NOT_INSTRUMENTED
token1_blk3_attention_parity max_abs=0 max_rel=0 mean_abs=0 tolerance=1e-5
token1_blk3_block_parity max_abs=0 max_rel=0 mean_abs=0 tolerance=1e-5
BLOCK_OUTPUT_TO_NEXT_INPUT_ZERO_COPY=PASS activation_boundary_copy_bytes=0
multi_layer_token0_final_parity max_abs=0 max_rel=0 mean_abs=0 tolerance=1e-5
multi_layer_token1_final_parity max_abs=0 max_rel=0 mean_abs=0 tolerance=1e-5
MULTI_LAYER_REFERENCE_PARITY_TOKEN_0=PASS MULTI_LAYER_REFERENCE_PARITY_TOKEN_1=PASS
layer=1 token0_selected=56,11,50,34,3,47 token1_selected=56,29,11,3,50,26 state_bytes_token0=20480 state_bytes_token1=40960
layer=2 token0_selected=18,37,53,44,23,61 token1_selected=37,18,44,53,23,49 state_bytes_token0=20480 state_bytes_token1=40960
layer=3 token0_selected=60,2,19,35,9,53 token1_selected=60,2,53,35,15,59 state_bytes_token0=20480 state_bytes_token1=40960
cross_layer_state_isolation=PASS per_layer_runtime_state=PASS unselected_expert_graphs_created=0 unselected_expert_tensors_acquired=0 unselected_expert_source_reads=0 unselected_expert_materializations=0
attention_timing tensor=blk.1.attn_norm.weight payload_ready_ns=5829393315183 first_consumer_start_ns=5890732547170 payload_to_first_consumer_ns=61339231987
attention_timing tensor=blk.1.attn_q.weight payload_ready_ns=5829579594941 first_consumer_start_ns=5890935225053 payload_to_first_consumer_ns=61355630112
attention_timing tensor=blk.1.attn_kv_a_mqa.weight payload_ready_ns=5829763830993 first_consumer_start_ns=5891142606947 payload_to_first_consumer_ns=61378775954
attention_timing tensor=blk.1.attn_kv_a_norm.weight payload_ready_ns=5829948192705 first_consumer_start_ns=5891346469602 payload_to_first_consumer_ns=61398276897
attention_timing tensor=blk.1.attn_kv_b.weight payload_ready_ns=5830137042468 first_consumer_start_ns=5891558183638 payload_to_first_consumer_ns=61421141170
attention_timing tensor=blk.1.attn_output.weight payload_ready_ns=5830326878264 first_consumer_start_ns=5891763358876 payload_to_first_consumer_ns=61436480612
warm_token0_blk1 position=0 state_k_positions=1 state_v_positions=1 attention_probs=1,1,1,1,1,1,1,1,1,1,1,1,1,1,1,1,
reference_attention position=0 state_k_positions=1 state_v_positions=1 attention_probs=1,1,1,1,1,1,1,1,1,1,1,1,1,1,1,1,
normalized_input_parity max_abs=0 max_rel=0 mean_abs=0 tolerance=1e-5
router_score_parity max_abs=1.43051e-06 max_rel=2.50091e-05 mean_abs=3.50527e-07 tolerance=1e-5
selected_weight_parity max_abs=7.45058e-08 max_rel=9.6258e-07 mean_abs=5.09123e-08 tolerance=1e-5
warm_token0_blk1 topk_ids=56,11,50,34,3,47 normalized_weights=0.314496,0.213122,0.188313,0.119806,0.0868612,0.0774022,
warm_token0_blk1_routed expert_rank=0 expert_id=56 router_rank=0 graph_created=YES graph_refs=gate:0,up:1,down:2 storage_ref_base=10168 score_preserved=YES
warm_token0_blk1_routed expert_id=56 selected_range tensor=blk.1.ffn_gate_exps.weight offset=135303648 bytes=563200 layout=DIRECT
warm_token0_blk1_routed expert_id=56 selected_range tensor=blk.1.ffn_up_exps.weight offset=171348464 bytes=563200 layout=DIRECT
warm_token0_blk1_routed expert_id=56 selected_range tensor=blk.1.ffn_down_exps.weight offset=266686976 bytes=1622016 layout=DIRECT
warm_token0_blk1_routed prefetch expert_id=56 tensor=blk.1.ffn_gate_exps.weight dependency_distance=0
warm_token0_blk1_routed prefetch expert_id=56 tensor=blk.1.ffn_up_exps.weight dependency_distance=0
warm_token0_blk1_routed prefetch expert_id=56 tensor=blk.1.ffn_down_exps.weight dependency_distance=2
expert_parity max_abs=0 max_rel=0 mean_abs=0 tolerance=1e-5
warm_token0_blk1_routed expert_id=56 consumer_wait=not_instrumented acquire_release=recorded peak_active=1622016 peak_resident=7367680
warm_token0_blk1_routed expert_rank=1 expert_id=11 router_rank=1 graph_created=YES graph_refs=gate:0,up:1,down:2 storage_ref_base=10033 score_preserved=YES
warm_token0_blk1_routed expert_id=11 selected_range tensor=blk.1.ffn_gate_exps.weight offset=109959648 bytes=563200 layout=DIRECT
warm_token0_blk1_routed expert_id=11 selected_range tensor=blk.1.ffn_up_exps.weight offset=146004464 bytes=563200 layout=DIRECT
warm_token0_blk1_routed expert_id=11 selected_range tensor=blk.1.ffn_down_exps.weight offset=193696256 bytes=1622016 layout=DIRECT
warm_token0_blk1_routed prefetch expert_id=11 tensor=blk.1.ffn_gate_exps.weight dependency_distance=0
warm_token0_blk1_routed prefetch expert_id=11 tensor=blk.1.ffn_up_exps.weight dependency_distance=0
warm_token0_blk1_routed prefetch expert_id=11 tensor=blk.1.ffn_down_exps.weight dependency_distance=2
expert_parity max_abs=0 max_rel=0 mean_abs=0 tolerance=1e-5
warm_token0_blk1_routed expert_id=11 consumer_wait=not_instrumented acquire_release=recorded peak_active=1622016 peak_resident=7752704
warm_token0_blk1_routed expert_rank=2 expert_id=50 router_rank=2 graph_created=YES graph_refs=gate:0,up:1,down:2 storage_ref_base=10150 score_preserved=YES
warm_token0_blk1_routed expert_id=50 selected_range tensor=blk.1.ffn_gate_exps.weight offset=131924448 bytes=563200 layout=DIRECT
warm_token0_blk1_routed expert_id=50 selected_range tensor=blk.1.ffn_up_exps.weight offset=167969264 bytes=563200 layout=DIRECT
warm_token0_blk1_routed expert_id=50 selected_range tensor=blk.1.ffn_down_exps.weight offset=256954880 bytes=1622016 layout=DIRECT
warm_token0_blk1_routed prefetch expert_id=50 tensor=blk.1.ffn_gate_exps.weight dependency_distance=0
warm_token0_blk1_routed prefetch expert_id=50 tensor=blk.1.ffn_up_exps.weight dependency_distance=0
warm_token0_blk1_routed prefetch expert_id=50 tensor=blk.1.ffn_down_exps.weight dependency_distance=2
expert_parity max_abs=0 max_rel=0 mean_abs=0 tolerance=1e-5
warm_token0_blk1_routed expert_id=50 consumer_wait=not_instrumented acquire_release=recorded peak_active=1622016 peak_resident=8245248
warm_token0_blk1_routed expert_rank=3 expert_id=34 router_rank=3 graph_created=YES graph_refs=gate:0,up:1,down:2 storage_ref_base=10102 score_preserved=YES
warm_token0_blk1_routed expert_id=34 selected_range tensor=blk.1.ffn_gate_exps.weight offset=122913248 bytes=563200 layout=DIRECT
warm_token0_blk1_routed expert_id=34 selected_range tensor=blk.1.ffn_up_exps.weight offset=158958064 bytes=563200 layout=DIRECT
warm_token0_blk1_routed expert_id=34 selected_range tensor=blk.1.ffn_down_exps.weight offset=231002624 bytes=1622016 layout=DIRECT
warm_token0_blk1_routed prefetch expert_id=34 tensor=blk.1.ffn_gate_exps.weight dependency_distance=0
warm_token0_blk1_routed prefetch expert_id=34 tensor=blk.1.ffn_up_exps.weight dependency_distance=0
warm_token0_blk1_routed prefetch expert_id=34 tensor=blk.1.ffn_down_exps.weight dependency_distance=2
expert_parity max_abs=0 max_rel=0 mean_abs=0 tolerance=1e-5
warm_token0_blk1_routed expert_id=34 consumer_wait=not_instrumented acquire_release=recorded peak_active=1622016 peak_resident=8245248
warm_token0_blk1_routed expert_rank=4 expert_id=3 router_rank=4 graph_created=YES graph_refs=gate:0,up:1,down:2 storage_ref_base=10009 score_preserved=YES
warm_token0_blk1_routed expert_id=3 selected_range tensor=blk.1.ffn_gate_exps.weight offset=105454048 bytes=563200 layout=DIRECT
warm_token0_blk1_routed expert_id=3 selected_range tensor=blk.1.ffn_up_exps.weight offset=141498864 bytes=563200 layout=DIRECT
warm_token0_blk1_routed expert_id=3 selected_range tensor=blk.1.ffn_down_exps.weight offset=180720128 bytes=1622016 layout=DIRECT
warm_token0_blk1_routed prefetch expert_id=3 tensor=blk.1.ffn_gate_exps.weight dependency_distance=0
warm_token0_blk1_routed prefetch expert_id=3 tensor=blk.1.ffn_up_exps.weight dependency_distance=0
warm_token0_blk1_routed prefetch expert_id=3 tensor=blk.1.ffn_down_exps.weight dependency_distance=2
expert_parity max_abs=0 max_rel=0 mean_abs=0 tolerance=1e-5
warm_token0_blk1_routed expert_id=3 consumer_wait=not_instrumented acquire_release=recorded peak_active=1622016 peak_resident=8245248
warm_token0_blk1_routed expert_rank=5 expert_id=47 router_rank=5 graph_created=YES graph_refs=gate:0,up:1,down:2 storage_ref_base=10141 score_preserved=YES
warm_token0_blk1_routed expert_id=47 selected_range tensor=blk.1.ffn_gate_exps.weight offset=130234848 bytes=563200 layout=DIRECT
warm_token0_blk1_routed expert_id=47 selected_range tensor=blk.1.ffn_up_exps.weight offset=166279664 bytes=563200 layout=DIRECT
warm_token0_blk1_routed expert_id=47 selected_range tensor=blk.1.ffn_down_exps.weight offset=252088832 bytes=1622016 layout=DIRECT
warm_token0_blk1_routed prefetch expert_id=47 tensor=blk.1.ffn_gate_exps.weight dependency_distance=0
warm_token0_blk1_routed prefetch expert_id=47 tensor=blk.1.ffn_up_exps.weight dependency_distance=0
warm_token0_blk1_routed prefetch expert_id=47 tensor=blk.1.ffn_down_exps.weight dependency_distance=2
expert_parity max_abs=0 max_rel=0 mean_abs=0 tolerance=1e-5
warm_token0_blk1_routed expert_id=47 consumer_wait=not_instrumented acquire_release=recorded peak_active=1622016 peak_resident=8245248
warm_token0_blk1_routed residency_hits=36 residency_misses=42 source_reads=18 materialization_requests=18 source_policy_calls=18 evictions=20 resident_tensors_after=9
routed_merge_parity max_abs=0 max_rel=0 mean_abs=0 tolerance=1e-5
shared_expert_parity max_abs=0 max_rel=0 mean_abs=0 tolerance=1e-5
pre_residual_composition_parity max_abs=0 max_rel=0 mean_abs=0 tolerance=1e-5
final_layer_parity max_abs=0 max_rel=0 mean_abs=0 tolerance=1e-5
warm_token0_blk1 shared_expert=REQUIRED shared_graph_created=YES residual_add=YES final_composition=PASS
ffn_timing tensor=blk.1.ffn_gate_inp.weight payload_ready_ns=5892085540130 first_consumer_start_ns=5892168298781 payload_to_first_consumer_ns=82758651
ffn_timing tensor=blk.1.ffn_gate_shexp.weight payload_ready_ns=5895890339327 first_consumer_start_ns=5895966978923 payload_to_first_consumer_ns=76639596
ffn_timing tensor=blk.1.ffn_gate_exps.weight payload_ready_ns=5892290772938 first_consumer_start_ns=5892373670830 payload_to_first_consumer_ns=82897892
warm_token0_blk1 full_layer_residency_hits=46 misses=51 evictions=27 source_reads=23 source_bytes=21168128 materialization_requests=23 resident_tensors_after=6
warm_token0_blk1 full_layer_peak_active_persistent_bytes=1892352 full_layer_peak_resident_bytes=8245248
warm_token0_blk1 first_payload_to_shared_compute_start_ns=3970205969 execution_ready_to_consumer_ns=NOT_INSTRUMENTED payload_to_first_useful_compute=NOT_INSTRUMENTED
normalized_input_parity max_abs=0 max_rel=0 mean_abs=0 tolerance=1e-5
router_score_parity max_abs=1.43051e-06 max_rel=2.50091e-05 mean_abs=3.50527e-07 tolerance=1e-5
selected_weight_parity max_abs=7.45058e-08 max_rel=9.6258e-07 mean_abs=5.09123e-08 tolerance=1e-5
reference_warm_token0_blk1 topk_ids=56,11,50,34,3,47 normalized_weights=0.314496,0.213122,0.188313,0.119806,0.0868612,0.0774022,
reference_warm_token0_blk1_routed expert_rank=0 expert_id=56 router_rank=0 graph_created=YES graph_refs=gate:0,up:1,down:2 storage_ref_base=10168 score_preserved=YES
reference_warm_token0_blk1_routed expert_id=56 selected_range tensor=blk.1.ffn_gate_exps.weight offset=135303648 bytes=563200 layout=DIRECT
reference_warm_token0_blk1_routed expert_id=56 selected_range tensor=blk.1.ffn_up_exps.weight offset=171348464 bytes=563200 layout=DIRECT
reference_warm_token0_blk1_routed expert_id=56 selected_range tensor=blk.1.ffn_down_exps.weight offset=266686976 bytes=1622016 layout=DIRECT
reference_warm_token0_blk1_routed prefetch expert_id=56 tensor=blk.1.ffn_gate_exps.weight dependency_distance=0
reference_warm_token0_blk1_routed prefetch expert_id=56 tensor=blk.1.ffn_up_exps.weight dependency_distance=0
reference_warm_token0_blk1_routed prefetch expert_id=56 tensor=blk.1.ffn_down_exps.weight dependency_distance=2
expert_parity max_abs=0 max_rel=0 mean_abs=0 tolerance=1e-5
reference_warm_token0_blk1_routed expert_id=56 consumer_wait=not_instrumented acquire_release=recorded peak_active=1622016 peak_resident=3280896
reference_warm_token0_blk1_routed expert_rank=1 expert_id=11 router_rank=1 graph_created=YES graph_refs=gate:0,up:1,down:2 storage_ref_base=10033 score_preserved=YES
reference_warm_token0_blk1_routed expert_id=11 selected_range tensor=blk.1.ffn_gate_exps.weight offset=109959648 bytes=563200 layout=DIRECT
reference_warm_token0_blk1_routed expert_id=11 selected_range tensor=blk.1.ffn_up_exps.weight offset=146004464 bytes=563200 layout=DIRECT
reference_warm_token0_blk1_routed expert_id=11 selected_range tensor=blk.1.ffn_down_exps.weight offset=193696256 bytes=1622016 layout=DIRECT
reference_warm_token0_blk1_routed prefetch expert_id=11 tensor=blk.1.ffn_gate_exps.weight dependency_distance=0
reference_warm_token0_blk1_routed prefetch expert_id=11 tensor=blk.1.ffn_up_exps.weight dependency_distance=0
reference_warm_token0_blk1_routed prefetch expert_id=11 tensor=blk.1.ffn_down_exps.weight dependency_distance=2
expert_parity max_abs=0 max_rel=0 mean_abs=0 tolerance=1e-5
reference_warm_token0_blk1_routed expert_id=11 consumer_wait=not_instrumented acquire_release=recorded peak_active=1622016 peak_resident=6029312
reference_warm_token0_blk1_routed expert_rank=2 expert_id=50 router_rank=2 graph_created=YES graph_refs=gate:0,up:1,down:2 storage_ref_base=10150 score_preserved=YES
reference_warm_token0_blk1_routed expert_id=50 selected_range tensor=blk.1.ffn_gate_exps.weight offset=131924448 bytes=563200 layout=DIRECT
reference_warm_token0_blk1_routed expert_id=50 selected_range tensor=blk.1.ffn_up_exps.weight offset=167969264 bytes=563200 layout=DIRECT
reference_warm_token0_blk1_routed expert_id=50 selected_range tensor=blk.1.ffn_down_exps.weight offset=256954880 bytes=1622016 layout=DIRECT
reference_warm_token0_blk1_routed prefetch expert_id=50 tensor=blk.1.ffn_gate_exps.weight dependency_distance=0
reference_warm_token0_blk1_routed prefetch expert_id=50 tensor=blk.1.ffn_up_exps.weight dependency_distance=0
reference_warm_token0_blk1_routed prefetch expert_id=50 tensor=blk.1.ffn_down_exps.weight dependency_distance=2
expert_parity max_abs=0 max_rel=0 mean_abs=0 tolerance=1e-5
reference_warm_token0_blk1_routed expert_id=50 consumer_wait=not_instrumented acquire_release=recorded peak_active=1622016 peak_resident=8245248
reference_warm_token0_blk1_routed expert_rank=3 expert_id=34 router_rank=3 graph_created=YES graph_refs=gate:0,up:1,down:2 storage_ref_base=10102 score_preserved=YES
reference_warm_token0_blk1_routed expert_id=34 selected_range tensor=blk.1.ffn_gate_exps.weight offset=122913248 bytes=563200 layout=DIRECT
reference_warm_token0_blk1_routed expert_id=34 selected_range tensor=blk.1.ffn_up_exps.weight offset=158958064 bytes=563200 layout=DIRECT
reference_warm_token0_blk1_routed expert_id=34 selected_range tensor=blk.1.ffn_down_exps.weight offset=231002624 bytes=1622016 layout=DIRECT
reference_warm_token0_blk1_routed prefetch expert_id=34 tensor=blk.1.ffn_gate_exps.weight dependency_distance=0
reference_warm_token0_blk1_routed prefetch expert_id=34 tensor=blk.1.ffn_up_exps.weight dependency_distance=0
reference_warm_token0_blk1_routed prefetch expert_id=34 tensor=blk.1.ffn_down_exps.weight dependency_distance=2
expert_parity max_abs=0 max_rel=0 mean_abs=0 tolerance=1e-5
reference_warm_token0_blk1_routed expert_id=34 consumer_wait=not_instrumented acquire_release=recorded peak_active=1622016 peak_resident=8245248
reference_warm_token0_blk1_routed expert_rank=4 expert_id=3 router_rank=4 graph_created=YES graph_refs=gate:0,up:1,down:2 storage_ref_base=10009 score_preserved=YES
reference_warm_token0_blk1_routed expert_id=3 selected_range tensor=blk.1.ffn_gate_exps.weight offset=105454048 bytes=563200 layout=DIRECT
reference_warm_token0_blk1_routed expert_id=3 selected_range tensor=blk.1.ffn_up_exps.weight offset=141498864 bytes=563200 layout=DIRECT
reference_warm_token0_blk1_routed expert_id=3 selected_range tensor=blk.1.ffn_down_exps.weight offset=180720128 bytes=1622016 layout=DIRECT
reference_warm_token0_blk1_routed prefetch expert_id=3 tensor=blk.1.ffn_gate_exps.weight dependency_distance=0
reference_warm_token0_blk1_routed prefetch expert_id=3 tensor=blk.1.ffn_up_exps.weight dependency_distance=0
reference_warm_token0_blk1_routed prefetch expert_id=3 tensor=blk.1.ffn_down_exps.weight dependency_distance=2
expert_parity max_abs=0 max_rel=0 mean_abs=0 tolerance=1e-5
reference_warm_token0_blk1_routed expert_id=3 consumer_wait=not_instrumented acquire_release=recorded peak_active=1622016 peak_resident=8245248
reference_warm_token0_blk1_routed expert_rank=5 expert_id=47 router_rank=5 graph_created=YES graph_refs=gate:0,up:1,down:2 storage_ref_base=10141 score_preserved=YES
reference_warm_token0_blk1_routed expert_id=47 selected_range tensor=blk.1.ffn_gate_exps.weight offset=130234848 bytes=563200 layout=DIRECT
reference_warm_token0_blk1_routed expert_id=47 selected_range tensor=blk.1.ffn_up_exps.weight offset=166279664 bytes=563200 layout=DIRECT
reference_warm_token0_blk1_routed expert_id=47 selected_range tensor=blk.1.ffn_down_exps.weight offset=252088832 bytes=1622016 layout=DIRECT
reference_warm_token0_blk1_routed prefetch expert_id=47 tensor=blk.1.ffn_gate_exps.weight dependency_distance=0
reference_warm_token0_blk1_routed prefetch expert_id=47 tensor=blk.1.ffn_up_exps.weight dependency_distance=0
reference_warm_token0_blk1_routed prefetch expert_id=47 tensor=blk.1.ffn_down_exps.weight dependency_distance=2
expert_parity max_abs=0 max_rel=0 mean_abs=0 tolerance=1e-5
reference_warm_token0_blk1_routed expert_id=47 consumer_wait=not_instrumented acquire_release=recorded peak_active=1622016 peak_resident=8245248
reference_warm_token0_blk1_routed residency_hits=36 residency_misses=42 source_reads=18 materialization_requests=18 source_policy_calls=18 evictions=11 resident_tensors_after=9
routed_merge_parity max_abs=0 max_rel=0 mean_abs=0 tolerance=1e-5
shared_expert_parity max_abs=0 max_rel=0 mean_abs=0 tolerance=1e-5
pre_residual_composition_parity max_abs=0 max_rel=0 mean_abs=0 tolerance=1e-5
final_layer_parity max_abs=0 max_rel=0 mean_abs=0 tolerance=1e-5
reference_warm_token0_blk1 shared_expert=REQUIRED shared_graph_created=YES residual_add=YES final_composition=PASS
ffn_timing tensor=blk.1.ffn_gate_inp.weight payload_ready_ns=5896647706936 first_consumer_start_ns=5896729822066 payload_to_first_consumer_ns=82115130
ffn_timing tensor=blk.1.ffn_gate_shexp.weight payload_ready_ns=5900365144596 first_consumer_start_ns=5900444845389 payload_to_first_consumer_ns=79700793
ffn_timing tensor=blk.1.ffn_gate_exps.weight payload_ready_ns=5896841995638 first_consumer_start_ns=5896917656292 payload_to_first_consumer_ns=75660654
reference_warm_token0_blk1 full_layer_residency_hits=46 misses=51 evictions=17 source_reads=23 source_bytes=21168128 materialization_requests=23 resident_tensors_after=6
reference_warm_token0_blk1 full_layer_peak_active_persistent_bytes=1892352 full_layer_peak_resident_bytes=8245248
reference_warm_token0_blk1 first_payload_to_shared_compute_start_ns=3863230094 execution_ready_to_consumer_ns=NOT_INSTRUMENTED payload_to_first_useful_compute=NOT_INSTRUMENTED
warm_token0_blk1_attention_parity max_abs=0 max_rel=0 mean_abs=0 tolerance=1e-5
warm_token0_blk1_block_parity max_abs=0 max_rel=0 mean_abs=0 tolerance=1e-5
warm_token0 block_handoff block=2 handoff_ns=26110 activation_copy_bytes=0
attention_timing tensor=blk.1.attn_norm.weight payload_ready_ns=5829393315183 first_consumer_start_ns=5901070152748 payload_to_first_consumer_ns=71676837565
attention_timing tensor=blk.1.attn_q.weight payload_ready_ns=5829579594941 first_consumer_start_ns=5901268186609 payload_to_first_consumer_ns=71688591668
attention_timing tensor=blk.1.attn_kv_a_mqa.weight payload_ready_ns=5829763830993 first_consumer_start_ns=5901432556487 payload_to_first_consumer_ns=71668725494
attention_timing tensor=blk.1.attn_kv_a_norm.weight payload_ready_ns=5829948192705 first_consumer_start_ns=5901632098232 payload_to_first_consumer_ns=71683905527
attention_timing tensor=blk.1.attn_kv_b.weight payload_ready_ns=5830137042468 first_consumer_start_ns=5901827677877 payload_to_first_consumer_ns=71690635409
attention_timing tensor=blk.1.attn_output.weight payload_ready_ns=5830326878264 first_consumer_start_ns=5902028481144 payload_to_first_consumer_ns=71701602880
warm_token0_blk2 position=0 state_k_positions=1 state_v_positions=1 attention_probs=1,1,1,1,1,1,1,1,1,1,1,1,1,1,1,1,
reference_attention position=0 state_k_positions=1 state_v_positions=1 attention_probs=1,1,1,1,1,1,1,1,1,1,1,1,1,1,1,1,
normalized_input_parity max_abs=0 max_rel=0 mean_abs=0 tolerance=1e-5
router_score_parity max_abs=1.66893e-06 max_rel=5.85471e-06 mean_abs=4.32396e-07 tolerance=1e-5
selected_weight_parity max_abs=1.78814e-07 max_rel=1.10721e-06 mean_abs=1.16726e-07 tolerance=1e-5
warm_token0_blk2 topk_ids=18,37,53,44,23,61 normalized_weights=0.364895,0.165983,0.145671,0.134583,0.100169,0.0887,
warm_token0_blk2_routed expert_rank=0 expert_id=18 router_rank=0 graph_created=YES graph_refs=gate:0,up:1,down:2 storage_ref_base=20054 score_preserved=YES
warm_token0_blk2_routed expert_id=18 selected_range tensor=blk.1.ffn_gate_exps.weight offset=296672936 bytes=563200 layout=DIRECT
warm_token0_blk2_routed expert_id=18 selected_range tensor=blk.1.ffn_up_exps.weight offset=332717752 bytes=563200 layout=DIRECT
warm_token0_blk2_routed expert_id=18 selected_range tensor=blk.1.ffn_down_exps.weight offset=387821256 bytes=1622016 layout=DIRECT
warm_token0_blk2_routed prefetch expert_id=18 tensor=blk.1.ffn_gate_exps.weight dependency_distance=0
warm_token0_blk2_routed prefetch expert_id=18 tensor=blk.1.ffn_up_exps.weight dependency_distance=0
warm_token0_blk2_routed prefetch expert_id=18 tensor=blk.1.ffn_down_exps.weight dependency_distance=2
expert_parity max_abs=0 max_rel=0 mean_abs=0 tolerance=1e-5
warm_token0_blk2_routed expert_id=18 consumer_wait=not_instrumented acquire_release=recorded peak_active=1622016 peak_resident=8031232
warm_token0_blk2_routed expert_rank=1 expert_id=37 router_rank=1 graph_created=YES graph_refs=gate:0,up:1,down:2 storage_ref_base=20111 score_preserved=YES
warm_token0_blk2_routed expert_id=37 selected_range tensor=blk.1.ffn_gate_exps.weight offset=307373736 bytes=563200 layout=DIRECT
warm_token0_blk2_routed expert_id=37 selected_range tensor=blk.1.ffn_up_exps.weight offset=343418552 bytes=563200 layout=DIRECT
warm_token0_blk2_routed expert_id=37 selected_range tensor=blk.1.ffn_down_exps.weight offset=418639560 bytes=1622016 layout=DIRECT
warm_token0_blk2_routed prefetch expert_id=37 tensor=blk.1.ffn_gate_exps.weight dependency_distance=0
warm_token0_blk2_routed prefetch expert_id=37 tensor=blk.1.ffn_up_exps.weight dependency_distance=0
warm_token0_blk2_routed prefetch expert_id=37 tensor=blk.1.ffn_down_exps.weight dependency_distance=2
expert_parity max_abs=0 max_rel=0 mean_abs=0 tolerance=1e-5
warm_token0_blk2_routed expert_id=37 consumer_wait=not_instrumented acquire_release=recorded peak_active=1622016 peak_resident=7760896
warm_token0_blk2_routed expert_rank=2 expert_id=53 router_rank=2 graph_created=YES graph_refs=gate:0,up:1,down:2 storage_ref_base=20159 score_preserved=YES
warm_token0_blk2_routed expert_id=53 selected_range tensor=blk.1.ffn_gate_exps.weight offset=316384936 bytes=563200 layout=DIRECT
warm_token0_blk2_routed expert_id=53 selected_range tensor=blk.1.ffn_up_exps.weight offset=352429752 bytes=563200 layout=DIRECT
warm_token0_blk2_routed expert_id=53 selected_range tensor=blk.1.ffn_down_exps.weight offset=444591816 bytes=1622016 layout=DIRECT
warm_token0_blk2_routed prefetch expert_id=53 tensor=blk.1.ffn_gate_exps.weight dependency_distance=0
warm_token0_blk2_routed prefetch expert_id=53 tensor=blk.1.ffn_up_exps.weight dependency_distance=0
warm_token0_blk2_routed prefetch expert_id=53 tensor=blk.1.ffn_down_exps.weight dependency_distance=2
expert_parity max_abs=0 max_rel=0 mean_abs=0 tolerance=1e-5
warm_token0_blk2_routed expert_id=53 consumer_wait=not_instrumented acquire_release=recorded peak_active=1622016 peak_resident=8245248
warm_token0_blk2_routed expert_rank=3 expert_id=44 router_rank=3 graph_created=YES graph_refs=gate:0,up:1,down:2 storage_ref_base=20132 score_preserved=YES
warm_token0_blk2_routed expert_id=44 selected_range tensor=blk.1.ffn_gate_exps.weight offset=311316136 bytes=563200 layout=DIRECT
warm_token0_blk2_routed expert_id=44 selected_range tensor=blk.1.ffn_up_exps.weight offset=347360952 bytes=563200 layout=DIRECT
warm_token0_blk2_routed expert_id=44 selected_range tensor=blk.1.ffn_down_exps.weight offset=429993672 bytes=1622016 layout=DIRECT
warm_token0_blk2_routed prefetch expert_id=44 tensor=blk.1.ffn_gate_exps.weight dependency_distance=0
warm_token0_blk2_routed prefetch expert_id=44 tensor=blk.1.ffn_up_exps.weight dependency_distance=0
warm_token0_blk2_routed prefetch expert_id=44 tensor=blk.1.ffn_down_exps.weight dependency_distance=2
expert_parity max_abs=0 max_rel=0 mean_abs=0 tolerance=1e-5
warm_token0_blk2_routed expert_id=44 consumer_wait=not_instrumented acquire_release=recorded peak_active=1622016 peak_resident=8245248
warm_token0_blk2_routed expert_rank=4 expert_id=23 router_rank=4 graph_created=YES graph_refs=gate:0,up:1,down:2 storage_ref_base=20069 score_preserved=YES
warm_token0_blk2_routed expert_id=23 selected_range tensor=blk.1.ffn_gate_exps.weight offset=299488936 bytes=563200 layout=DIRECT
warm_token0_blk2_routed expert_id=23 selected_range tensor=blk.1.ffn_up_exps.weight offset=335533752 bytes=563200 layout=DIRECT
warm_token0_blk2_routed expert_id=23 selected_range tensor=blk.1.ffn_down_exps.weight offset=395931336 bytes=1622016 layout=DIRECT
warm_token0_blk2_routed prefetch expert_id=23 tensor=blk.1.ffn_gate_exps.weight dependency_distance=0
warm_token0_blk2_routed prefetch expert_id=23 tensor=blk.1.ffn_up_exps.weight dependency_distance=0
warm_token0_blk2_routed prefetch expert_id=23 tensor=blk.1.ffn_down_exps.weight dependency_distance=2
expert_parity max_abs=0 max_rel=0 mean_abs=0 tolerance=1e-5
warm_token0_blk2_routed expert_id=23 consumer_wait=not_instrumented acquire_release=recorded peak_active=1622016 peak_resident=8245248
warm_token0_blk2_routed expert_rank=5 expert_id=61 router_rank=5 graph_created=YES graph_refs=gate:0,up:1,down:2 storage_ref_base=20183 score_preserved=YES
warm_token0_blk2_routed expert_id=61 selected_range tensor=blk.1.ffn_gate_exps.weight offset=320890536 bytes=563200 layout=DIRECT
warm_token0_blk2_routed expert_id=61 selected_range tensor=blk.1.ffn_up_exps.weight offset=356935352 bytes=563200 layout=DIRECT
warm_token0_blk2_routed expert_id=61 selected_range tensor=blk.1.ffn_down_exps.weight offset=457567944 bytes=1622016 layout=DIRECT
warm_token0_blk2_routed prefetch expert_id=61 tensor=blk.1.ffn_gate_exps.weight dependency_distance=0
warm_token0_blk2_routed prefetch expert_id=61 tensor=blk.1.ffn_up_exps.weight dependency_distance=0
warm_token0_blk2_routed prefetch expert_id=61 tensor=blk.1.ffn_down_exps.weight dependency_distance=2
expert_parity max_abs=0 max_rel=0 mean_abs=0 tolerance=1e-5
warm_token0_blk2_routed expert_id=61 consumer_wait=not_instrumented acquire_release=recorded peak_active=1622016 peak_resident=8245248
warm_token0_blk2_routed residency_hits=36 residency_misses=42 source_reads=18 materialization_requests=18 source_policy_calls=18 evictions=20 resident_tensors_after=9
routed_merge_parity max_abs=0 max_rel=0 mean_abs=0 tolerance=1e-5
shared_expert_parity max_abs=0 max_rel=0 mean_abs=0 tolerance=1e-5
pre_residual_composition_parity max_abs=0 max_rel=0 mean_abs=0 tolerance=1e-5
final_layer_parity max_abs=0 max_rel=0 mean_abs=0 tolerance=1e-5
warm_token0_blk2 shared_expert=REQUIRED shared_graph_created=YES residual_add=YES final_composition=PASS
ffn_timing tensor=blk.1.ffn_gate_inp.weight payload_ready_ns=5902347571829 first_consumer_start_ns=5902454044437 payload_to_first_consumer_ns=106472608
ffn_timing tensor=blk.1.ffn_gate_shexp.weight payload_ready_ns=5906140018533 first_consumer_start_ns=5906215513006 payload_to_first_consumer_ns=75494473
ffn_timing tensor=blk.1.ffn_gate_exps.weight payload_ready_ns=5902580168573 first_consumer_start_ns=5902659810317 payload_to_first_consumer_ns=79641744
warm_token0_blk2 full_layer_residency_hits=46 misses=51 evictions=25 source_reads=23 source_bytes=20402176 materialization_requests=23 resident_tensors_after=8
warm_token0_blk2 full_layer_peak_active_persistent_bytes=1622016 full_layer_peak_resident_bytes=8312832
warm_token0_blk2 first_payload_to_shared_compute_start_ns=3955884801 execution_ready_to_consumer_ns=NOT_INSTRUMENTED payload_to_first_useful_compute=NOT_INSTRUMENTED
normalized_input_parity max_abs=0 max_rel=0 mean_abs=0 tolerance=1e-5
router_score_parity max_abs=1.66893e-06 max_rel=5.85471e-06 mean_abs=4.32396e-07 tolerance=1e-5
selected_weight_parity max_abs=1.78814e-07 max_rel=1.10721e-06 mean_abs=1.16726e-07 tolerance=1e-5
reference_warm_token0_blk2 topk_ids=18,37,53,44,23,61 normalized_weights=0.364895,0.165983,0.145671,0.134583,0.100169,0.0887,
reference_warm_token0_blk2_routed expert_rank=0 expert_id=18 router_rank=0 graph_created=YES graph_refs=gate:0,up:1,down:2 storage_ref_base=20054 score_preserved=YES
reference_warm_token0_blk2_routed expert_id=18 selected_range tensor=blk.1.ffn_gate_exps.weight offset=296672936 bytes=563200 layout=DIRECT
reference_warm_token0_blk2_routed expert_id=18 selected_range tensor=blk.1.ffn_up_exps.weight offset=332717752 bytes=563200 layout=DIRECT
reference_warm_token0_blk2_routed expert_id=18 selected_range tensor=blk.1.ffn_down_exps.weight offset=387821256 bytes=1622016 layout=DIRECT
reference_warm_token0_blk2_routed prefetch expert_id=18 tensor=blk.1.ffn_gate_exps.weight dependency_distance=0
reference_warm_token0_blk2_routed prefetch expert_id=18 tensor=blk.1.ffn_up_exps.weight dependency_distance=0
reference_warm_token0_blk2_routed prefetch expert_id=18 tensor=blk.1.ffn_down_exps.weight dependency_distance=2
expert_parity max_abs=0 max_rel=0 mean_abs=0 tolerance=1e-5
reference_warm_token0_blk2_routed expert_id=18 consumer_wait=not_instrumented acquire_release=recorded peak_active=1622016 peak_resident=3280896
reference_warm_token0_blk2_routed expert_rank=1 expert_id=37 router_rank=1 graph_created=YES graph_refs=gate:0,up:1,down:2 storage_ref_base=20111 score_preserved=YES
reference_warm_token0_blk2_routed expert_id=37 selected_range tensor=blk.1.ffn_gate_exps.weight offset=307373736 bytes=563200 layout=DIRECT
reference_warm_token0_blk2_routed expert_id=37 selected_range tensor=blk.1.ffn_up_exps.weight offset=343418552 bytes=563200 layout=DIRECT
reference_warm_token0_blk2_routed expert_id=37 selected_range tensor=blk.1.ffn_down_exps.weight offset=418639560 bytes=1622016 layout=DIRECT
reference_warm_token0_blk2_routed prefetch expert_id=37 tensor=blk.1.ffn_gate_exps.weight dependency_distance=0
reference_warm_token0_blk2_routed prefetch expert_id=37 tensor=blk.1.ffn_up_exps.weight dependency_distance=0
reference_warm_token0_blk2_routed prefetch expert_id=37 tensor=blk.1.ffn_down_exps.weight dependency_distance=2
expert_parity max_abs=0 max_rel=0 mean_abs=0 tolerance=1e-5
reference_warm_token0_blk2_routed expert_id=37 consumer_wait=not_instrumented acquire_release=recorded peak_active=1622016 peak_resident=6029312
reference_warm_token0_blk2_routed expert_rank=2 expert_id=53 router_rank=2 graph_created=YES graph_refs=gate:0,up:1,down:2 storage_ref_base=20159 score_preserved=YES
reference_warm_token0_blk2_routed expert_id=53 selected_range tensor=blk.1.ffn_gate_exps.weight offset=316384936 bytes=563200 layout=DIRECT
reference_warm_token0_blk2_routed expert_id=53 selected_range tensor=blk.1.ffn_up_exps.weight offset=352429752 bytes=563200 layout=DIRECT
reference_warm_token0_blk2_routed expert_id=53 selected_range tensor=blk.1.ffn_down_exps.weight offset=444591816 bytes=1622016 layout=DIRECT
reference_warm_token0_blk2_routed prefetch expert_id=53 tensor=blk.1.ffn_gate_exps.weight dependency_distance=0
reference_warm_token0_blk2_routed prefetch expert_id=53 tensor=blk.1.ffn_up_exps.weight dependency_distance=0
reference_warm_token0_blk2_routed prefetch expert_id=53 tensor=blk.1.ffn_down_exps.weight dependency_distance=2
expert_parity max_abs=0 max_rel=0 mean_abs=0 tolerance=1e-5
reference_warm_token0_blk2_routed expert_id=53 consumer_wait=not_instrumented acquire_release=recorded peak_active=1622016 peak_resident=8245248
reference_warm_token0_blk2_routed expert_rank=3 expert_id=44 router_rank=3 graph_created=YES graph_refs=gate:0,up:1,down:2 storage_ref_base=20132 score_preserved=YES
reference_warm_token0_blk2_routed expert_id=44 selected_range tensor=blk.1.ffn_gate_exps.weight offset=311316136 bytes=563200 layout=DIRECT
reference_warm_token0_blk2_routed expert_id=44 selected_range tensor=blk.1.ffn_up_exps.weight offset=347360952 bytes=563200 layout=DIRECT
reference_warm_token0_blk2_routed expert_id=44 selected_range tensor=blk.1.ffn_down_exps.weight offset=429993672 bytes=1622016 layout=DIRECT
reference_warm_token0_blk2_routed prefetch expert_id=44 tensor=blk.1.ffn_gate_exps.weight dependency_distance=0
reference_warm_token0_blk2_routed prefetch expert_id=44 tensor=blk.1.ffn_up_exps.weight dependency_distance=0
reference_warm_token0_blk2_routed prefetch expert_id=44 tensor=blk.1.ffn_down_exps.weight dependency_distance=2
expert_parity max_abs=0 max_rel=0 mean_abs=0 tolerance=1e-5
reference_warm_token0_blk2_routed expert_id=44 consumer_wait=not_instrumented acquire_release=recorded peak_active=1622016 peak_resident=8245248
reference_warm_token0_blk2_routed expert_rank=4 expert_id=23 router_rank=4 graph_created=YES graph_refs=gate:0,up:1,down:2 storage_ref_base=20069 score_preserved=YES
reference_warm_token0_blk2_routed expert_id=23 selected_range tensor=blk.1.ffn_gate_exps.weight offset=299488936 bytes=563200 layout=DIRECT
reference_warm_token0_blk2_routed expert_id=23 selected_range tensor=blk.1.ffn_up_exps.weight offset=335533752 bytes=563200 layout=DIRECT
reference_warm_token0_blk2_routed expert_id=23 selected_range tensor=blk.1.ffn_down_exps.weight offset=395931336 bytes=1622016 layout=DIRECT
reference_warm_token0_blk2_routed prefetch expert_id=23 tensor=blk.1.ffn_gate_exps.weight dependency_distance=0
reference_warm_token0_blk2_routed prefetch expert_id=23 tensor=blk.1.ffn_up_exps.weight dependency_distance=0
reference_warm_token0_blk2_routed prefetch expert_id=23 tensor=blk.1.ffn_down_exps.weight dependency_distance=2
expert_parity max_abs=0 max_rel=0 mean_abs=0 tolerance=1e-5
reference_warm_token0_blk2_routed expert_id=23 consumer_wait=not_instrumented acquire_release=recorded peak_active=1622016 peak_resident=8245248
reference_warm_token0_blk2_routed expert_rank=5 expert_id=61 router_rank=5 graph_created=YES graph_refs=gate:0,up:1,down:2 storage_ref_base=20183 score_preserved=YES
reference_warm_token0_blk2_routed expert_id=61 selected_range tensor=blk.1.ffn_gate_exps.weight offset=320890536 bytes=563200 layout=DIRECT
reference_warm_token0_blk2_routed expert_id=61 selected_range tensor=blk.1.ffn_up_exps.weight offset=356935352 bytes=563200 layout=DIRECT
reference_warm_token0_blk2_routed expert_id=61 selected_range tensor=blk.1.ffn_down_exps.weight offset=457567944 bytes=1622016 layout=DIRECT
reference_warm_token0_blk2_routed prefetch expert_id=61 tensor=blk.1.ffn_gate_exps.weight dependency_distance=0
reference_warm_token0_blk2_routed prefetch expert_id=61 tensor=blk.1.ffn_up_exps.weight dependency_distance=0
reference_warm_token0_blk2_routed prefetch expert_id=61 tensor=blk.1.ffn_down_exps.weight dependency_distance=2
expert_parity max_abs=0 max_rel=0 mean_abs=0 tolerance=1e-5
reference_warm_token0_blk2_routed expert_id=61 consumer_wait=not_instrumented acquire_release=recorded peak_active=1622016 peak_resident=8245248
reference_warm_token0_blk2_routed residency_hits=36 residency_misses=42 source_reads=18 materialization_requests=18 source_policy_calls=18 evictions=11 resident_tensors_after=9
routed_merge_parity max_abs=0 max_rel=0 mean_abs=0 tolerance=1e-5
shared_expert_parity max_abs=0 max_rel=0 mean_abs=0 tolerance=1e-5
pre_residual_composition_parity max_abs=0 max_rel=0 mean_abs=0 tolerance=1e-5
final_layer_parity max_abs=0 max_rel=0 mean_abs=0 tolerance=1e-5
reference_warm_token0_blk2 shared_expert=REQUIRED shared_graph_created=YES residual_add=YES final_composition=PASS
ffn_timing tensor=blk.1.ffn_gate_inp.weight payload_ready_ns=5906929515359 first_consumer_start_ns=5907011063196 payload_to_first_consumer_ns=81547837
ffn_timing tensor=blk.1.ffn_gate_shexp.weight payload_ready_ns=5910691682264 first_consumer_start_ns=5910771662718 payload_to_first_consumer_ns=79980454
ffn_timing tensor=blk.1.ffn_gate_exps.weight payload_ready_ns=5907134598196 first_consumer_start_ns=5907221373217 payload_to_first_consumer_ns=86775021
reference_warm_token0_blk2 full_layer_residency_hits=46 misses=51 evictions=15 source_reads=23 source_bytes=20402176 materialization_requests=23 resident_tensors_after=8
reference_warm_token0_blk2 full_layer_peak_active_persistent_bytes=1622016 full_layer_peak_resident_bytes=8312832
reference_warm_token0_blk2 first_payload_to_shared_compute_start_ns=3933473981 execution_ready_to_consumer_ns=NOT_INSTRUMENTED payload_to_first_useful_compute=NOT_INSTRUMENTED
warm_token0_blk2_attention_parity max_abs=0 max_rel=0 mean_abs=0 tolerance=1e-5
warm_token0_blk2_block_parity max_abs=0 max_rel=0 mean_abs=0 tolerance=1e-5
warm_token0 block_handoff block=3 handoff_ns=28091 activation_copy_bytes=0
attention_timing tensor=blk.1.attn_norm.weight payload_ready_ns=5829393315183 first_consumer_start_ns=5911376635804 payload_to_first_consumer_ns=81983320621
attention_timing tensor=blk.1.attn_q.weight payload_ready_ns=5829579594941 first_consumer_start_ns=5911575310696 payload_to_first_consumer_ns=81995715755
attention_timing tensor=blk.1.attn_kv_a_mqa.weight payload_ready_ns=5829763830993 first_consumer_start_ns=5911772852576 payload_to_first_consumer_ns=82009021583
attention_timing tensor=blk.1.attn_kv_a_norm.weight payload_ready_ns=5829948192705 first_consumer_start_ns=5911972908761 payload_to_first_consumer_ns=82024716056
attention_timing tensor=blk.1.attn_kv_b.weight payload_ready_ns=5830137042468 first_consumer_start_ns=5912172894765 payload_to_first_consumer_ns=82035852297
attention_timing tensor=blk.1.attn_output.weight payload_ready_ns=5830326878264 first_consumer_start_ns=5912364800480 payload_to_first_consumer_ns=82037922216
warm_token0_blk3 position=0 state_k_positions=1 state_v_positions=1 attention_probs=1,1,1,1,1,1,1,1,1,1,1,1,1,1,1,1,
reference_attention position=0 state_k_positions=1 state_v_positions=1 attention_probs=1,1,1,1,1,1,1,1,1,1,1,1,1,1,1,1,
normalized_input_parity max_abs=0 max_rel=0 mean_abs=0 tolerance=1e-5
router_score_parity max_abs=2.14577e-06 max_rel=1.87992e-05 mean_abs=3.23213e-07 tolerance=1e-5
selected_weight_parity max_abs=1.19209e-07 max_rel=9.10917e-07 mean_abs=6.95388e-08 tolerance=1e-5
warm_token0_blk3 topk_ids=60,2,19,35,9,53 normalized_weights=0.298484,0.190562,0.142057,0.131884,0.122504,0.114509,
warm_token0_blk3_routed expert_rank=0 expert_id=60 router_rank=0 graph_created=YES graph_refs=gate:0,up:1,down:2 storage_ref_base=30180 score_preserved=YES
warm_token0_blk3_routed expert_id=60 selected_range tensor=blk.1.ffn_gate_exps.weight offset=503098224 bytes=563200 layout=DIRECT
warm_token0_blk3_routed expert_id=60 selected_range tensor=blk.1.ffn_up_exps.weight offset=539143040 bytes=563200 layout=DIRECT
warm_token0_blk3_routed expert_id=60 selected_range tensor=blk.1.ffn_down_exps.weight offset=638716816 bytes=1622016 layout=DIRECT
warm_token0_blk3_routed prefetch expert_id=60 tensor=blk.1.ffn_gate_exps.weight dependency_distance=0
warm_token0_blk3_routed prefetch expert_id=60 tensor=blk.1.ffn_up_exps.weight dependency_distance=0
warm_token0_blk3_routed prefetch expert_id=60 tensor=blk.1.ffn_down_exps.weight dependency_distance=2
expert_parity max_abs=0 max_rel=0 mean_abs=0 tolerance=1e-5
warm_token0_blk3_routed expert_id=60 consumer_wait=not_instrumented acquire_release=recorded peak_active=1622016 peak_resident=7367680
warm_token0_blk3_routed expert_rank=1 expert_id=2 router_rank=1 graph_created=YES graph_refs=gate:0,up:1,down:2 storage_ref_base=30006 score_preserved=YES
warm_token0_blk3_routed expert_id=2 selected_range tensor=blk.1.ffn_gate_exps.weight offset=470432624 bytes=563200 layout=DIRECT
warm_token0_blk3_routed expert_id=2 selected_range tensor=blk.1.ffn_up_exps.weight offset=506477440 bytes=563200 layout=DIRECT
warm_token0_blk3_routed expert_id=2 selected_range tensor=blk.1.ffn_down_exps.weight offset=544639888 bytes=1622016 layout=DIRECT
warm_token0_blk3_routed prefetch expert_id=2 tensor=blk.1.ffn_gate_exps.weight dependency_distance=0
warm_token0_blk3_routed prefetch expert_id=2 tensor=blk.1.ffn_up_exps.weight dependency_distance=0
warm_token0_blk3_routed prefetch expert_id=2 tensor=blk.1.ffn_down_exps.weight dependency_distance=2
expert_parity max_abs=0 max_rel=0 mean_abs=0 tolerance=1e-5
warm_token0_blk3_routed expert_id=2 consumer_wait=not_instrumented acquire_release=recorded peak_active=1622016 peak_resident=7752704
warm_token0_blk3_routed expert_rank=2 expert_id=19 router_rank=2 graph_created=YES graph_refs=gate:0,up:1,down:2 storage_ref_base=30057 score_preserved=YES
warm_token0_blk3_routed expert_id=19 selected_range tensor=blk.1.ffn_gate_exps.weight offset=480007024 bytes=563200 layout=DIRECT
warm_token0_blk3_routed expert_id=19 selected_range tensor=blk.1.ffn_up_exps.weight offset=516051840 bytes=563200 layout=DIRECT
warm_token0_blk3_routed expert_id=19 selected_range tensor=blk.1.ffn_down_exps.weight offset=572214160 bytes=1622016 layout=DIRECT
warm_token0_blk3_routed prefetch expert_id=19 tensor=blk.1.ffn_gate_exps.weight dependency_distance=0
warm_token0_blk3_routed prefetch expert_id=19 tensor=blk.1.ffn_up_exps.weight dependency_distance=0
warm_token0_blk3_routed prefetch expert_id=19 tensor=blk.1.ffn_down_exps.weight dependency_distance=2
expert_parity max_abs=0 max_rel=0 mean_abs=0 tolerance=1e-5
warm_token0_blk3_routed expert_id=19 consumer_wait=not_instrumented acquire_release=recorded peak_active=1622016 peak_resident=8245248
warm_token0_blk3_routed expert_rank=3 expert_id=35 router_rank=3 graph_created=YES graph_refs=gate:0,up:1,down:2 storage_ref_base=30105 score_preserved=YES
warm_token0_blk3_routed expert_id=35 selected_range tensor=blk.1.ffn_gate_exps.weight offset=489018224 bytes=563200 layout=DIRECT
warm_token0_blk3_routed expert_id=35 selected_range tensor=blk.1.ffn_up_exps.weight offset=525063040 bytes=563200 layout=DIRECT
warm_token0_blk3_routed expert_id=35 selected_range tensor=blk.1.ffn_down_exps.weight offset=598166416 bytes=1622016 layout=DIRECT
warm_token0_blk3_routed prefetch expert_id=35 tensor=blk.1.ffn_gate_exps.weight dependency_distance=0
warm_token0_blk3_routed prefetch expert_id=35 tensor=blk.1.ffn_up_exps.weight dependency_distance=0
warm_token0_blk3_routed prefetch expert_id=35 tensor=blk.1.ffn_down_exps.weight dependency_distance=2
expert_parity max_abs=0 max_rel=0 mean_abs=0 tolerance=1e-5
warm_token0_blk3_routed expert_id=35 consumer_wait=not_instrumented acquire_release=recorded peak_active=1622016 peak_resident=8245248
warm_token0_blk3_routed expert_rank=4 expert_id=9 router_rank=4 graph_created=YES graph_refs=gate:0,up:1,down:2 storage_ref_base=30027 score_preserved=YES
warm_token0_blk3_routed expert_id=9 selected_range tensor=blk.1.ffn_gate_exps.weight offset=474375024 bytes=563200 layout=DIRECT
warm_token0_blk3_routed expert_id=9 selected_range tensor=blk.1.ffn_up_exps.weight offset=510419840 bytes=563200 layout=DIRECT
warm_token0_blk3_routed expert_id=9 selected_range tensor=blk.1.ffn_down_exps.weight offset=555994000 bytes=1622016 layout=DIRECT
warm_token0_blk3_routed prefetch expert_id=9 tensor=blk.1.ffn_gate_exps.weight dependency_distance=0
warm_token0_blk3_routed prefetch expert_id=9 tensor=blk.1.ffn_up_exps.weight dependency_distance=0
warm_token0_blk3_routed prefetch expert_id=9 tensor=blk.1.ffn_down_exps.weight dependency_distance=2
expert_parity max_abs=0 max_rel=0 mean_abs=0 tolerance=1e-5
warm_token0_blk3_routed expert_id=9 consumer_wait=not_instrumented acquire_release=recorded peak_active=1622016 peak_resident=8245248
warm_token0_blk3_routed expert_rank=5 expert_id=53 router_rank=5 graph_created=YES graph_refs=gate:0,up:1,down:2 storage_ref_base=30159 score_preserved=YES
warm_token0_blk3_routed expert_id=53 selected_range tensor=blk.1.ffn_gate_exps.weight offset=499155824 bytes=563200 layout=DIRECT
warm_token0_blk3_routed expert_id=53 selected_range tensor=blk.1.ffn_up_exps.weight offset=535200640 bytes=563200 layout=DIRECT
warm_token0_blk3_routed expert_id=53 selected_range tensor=blk.1.ffn_down_exps.weight offset=627362704 bytes=1622016 layout=DIRECT
warm_token0_blk3_routed prefetch expert_id=53 tensor=blk.1.ffn_gate_exps.weight dependency_distance=0
warm_token0_blk3_routed prefetch expert_id=53 tensor=blk.1.ffn_up_exps.weight dependency_distance=0
warm_token0_blk3_routed prefetch expert_id=53 tensor=blk.1.ffn_down_exps.weight dependency_distance=2
expert_parity max_abs=0 max_rel=0 mean_abs=0 tolerance=1e-5
warm_token0_blk3_routed expert_id=53 consumer_wait=not_instrumented acquire_release=recorded peak_active=1622016 peak_resident=8245248
warm_token0_blk3_routed residency_hits=36 residency_misses=42 source_reads=18 materialization_requests=18 source_policy_calls=18 evictions=20 resident_tensors_after=9
routed_merge_parity max_abs=0 max_rel=0 mean_abs=0 tolerance=1e-5
shared_expert_parity max_abs=0 max_rel=0 mean_abs=0 tolerance=1e-5
pre_residual_composition_parity max_abs=0 max_rel=0 mean_abs=0 tolerance=1e-5
final_layer_parity max_abs=0 max_rel=0 mean_abs=0 tolerance=1e-5
warm_token0_blk3 shared_expert=REQUIRED shared_graph_created=YES residual_add=YES final_composition=PASS
ffn_timing tensor=blk.1.ffn_gate_inp.weight payload_ready_ns=5912670601572 first_consumer_start_ns=5912749149903 payload_to_first_consumer_ns=78548331
ffn_timing tensor=blk.1.ffn_gate_shexp.weight payload_ready_ns=5916429160472 first_consumer_start_ns=5916506062998 payload_to_first_consumer_ns=76902526
ffn_timing tensor=blk.1.ffn_gate_exps.weight payload_ready_ns=5912865050333 first_consumer_start_ns=5912940783157 payload_to_first_consumer_ns=75732824
warm_token0_blk3 full_layer_residency_hits=46 misses=51 evictions=25 source_reads=23 source_bytes=20402176 materialization_requests=23 resident_tensors_after=8
warm_token0_blk3 full_layer_peak_active_persistent_bytes=1622016 full_layer_peak_resident_bytes=8312832
warm_token0_blk3 first_payload_to_shared_compute_start_ns=3909833065 execution_ready_to_consumer_ns=NOT_INSTRUMENTED payload_to_first_useful_compute=NOT_INSTRUMENTED
normalized_input_parity max_abs=0 max_rel=0 mean_abs=0 tolerance=1e-5
router_score_parity max_abs=2.14577e-06 max_rel=1.87992e-05 mean_abs=3.23213e-07 tolerance=1e-5
selected_weight_parity max_abs=1.19209e-07 max_rel=9.10917e-07 mean_abs=6.95388e-08 tolerance=1e-5
reference_warm_token0_blk3 topk_ids=60,2,19,35,9,53 normalized_weights=0.298484,0.190562,0.142057,0.131884,0.122504,0.114509,
reference_warm_token0_blk3_routed expert_rank=0 expert_id=60 router_rank=0 graph_created=YES graph_refs=gate:0,up:1,down:2 storage_ref_base=30180 score_preserved=YES
reference_warm_token0_blk3_routed expert_id=60 selected_range tensor=blk.1.ffn_gate_exps.weight offset=503098224 bytes=563200 layout=DIRECT
reference_warm_token0_blk3_routed expert_id=60 selected_range tensor=blk.1.ffn_up_exps.weight offset=539143040 bytes=563200 layout=DIRECT
reference_warm_token0_blk3_routed expert_id=60 selected_range tensor=blk.1.ffn_down_exps.weight offset=638716816 bytes=1622016 layout=DIRECT
reference_warm_token0_blk3_routed prefetch expert_id=60 tensor=blk.1.ffn_gate_exps.weight dependency_distance=0
reference_warm_token0_blk3_routed prefetch expert_id=60 tensor=blk.1.ffn_up_exps.weight dependency_distance=0
reference_warm_token0_blk3_routed prefetch expert_id=60 tensor=blk.1.ffn_down_exps.weight dependency_distance=2
expert_parity max_abs=0 max_rel=0 mean_abs=0 tolerance=1e-5
reference_warm_token0_blk3_routed expert_id=60 consumer_wait=not_instrumented acquire_release=recorded peak_active=1622016 peak_resident=3280896
reference_warm_token0_blk3_routed expert_rank=1 expert_id=2 router_rank=1 graph_created=YES graph_refs=gate:0,up:1,down:2 storage_ref_base=30006 score_preserved=YES
reference_warm_token0_blk3_routed expert_id=2 selected_range tensor=blk.1.ffn_gate_exps.weight offset=470432624 bytes=563200 layout=DIRECT
reference_warm_token0_blk3_routed expert_id=2 selected_range tensor=blk.1.ffn_up_exps.weight offset=506477440 bytes=563200 layout=DIRECT
reference_warm_token0_blk3_routed expert_id=2 selected_range tensor=blk.1.ffn_down_exps.weight offset=544639888 bytes=1622016 layout=DIRECT
reference_warm_token0_blk3_routed prefetch expert_id=2 tensor=blk.1.ffn_gate_exps.weight dependency_distance=0
reference_warm_token0_blk3_routed prefetch expert_id=2 tensor=blk.1.ffn_up_exps.weight dependency_distance=0
reference_warm_token0_blk3_routed prefetch expert_id=2 tensor=blk.1.ffn_down_exps.weight dependency_distance=2
expert_parity max_abs=0 max_rel=0 mean_abs=0 tolerance=1e-5
reference_warm_token0_blk3_routed expert_id=2 consumer_wait=not_instrumented acquire_release=recorded peak_active=1622016 peak_resident=6029312
reference_warm_token0_blk3_routed expert_rank=2 expert_id=19 router_rank=2 graph_created=YES graph_refs=gate:0,up:1,down:2 storage_ref_base=30057 score_preserved=YES
reference_warm_token0_blk3_routed expert_id=19 selected_range tensor=blk.1.ffn_gate_exps.weight offset=480007024 bytes=563200 layout=DIRECT
reference_warm_token0_blk3_routed expert_id=19 selected_range tensor=blk.1.ffn_up_exps.weight offset=516051840 bytes=563200 layout=DIRECT
reference_warm_token0_blk3_routed expert_id=19 selected_range tensor=blk.1.ffn_down_exps.weight offset=572214160 bytes=1622016 layout=DIRECT
reference_warm_token0_blk3_routed prefetch expert_id=19 tensor=blk.1.ffn_gate_exps.weight dependency_distance=0
reference_warm_token0_blk3_routed prefetch expert_id=19 tensor=blk.1.ffn_up_exps.weight dependency_distance=0
reference_warm_token0_blk3_routed prefetch expert_id=19 tensor=blk.1.ffn_down_exps.weight dependency_distance=2
expert_parity max_abs=0 max_rel=0 mean_abs=0 tolerance=1e-5
reference_warm_token0_blk3_routed expert_id=19 consumer_wait=not_instrumented acquire_release=recorded peak_active=1622016 peak_resident=8245248
reference_warm_token0_blk3_routed expert_rank=3 expert_id=35 router_rank=3 graph_created=YES graph_refs=gate:0,up:1,down:2 storage_ref_base=30105 score_preserved=YES
reference_warm_token0_blk3_routed expert_id=35 selected_range tensor=blk.1.ffn_gate_exps.weight offset=489018224 bytes=563200 layout=DIRECT
reference_warm_token0_blk3_routed expert_id=35 selected_range tensor=blk.1.ffn_up_exps.weight offset=525063040 bytes=563200 layout=DIRECT
reference_warm_token0_blk3_routed expert_id=35 selected_range tensor=blk.1.ffn_down_exps.weight offset=598166416 bytes=1622016 layout=DIRECT
reference_warm_token0_blk3_routed prefetch expert_id=35 tensor=blk.1.ffn_gate_exps.weight dependency_distance=0
reference_warm_token0_blk3_routed prefetch expert_id=35 tensor=blk.1.ffn_up_exps.weight dependency_distance=0
reference_warm_token0_blk3_routed prefetch expert_id=35 tensor=blk.1.ffn_down_exps.weight dependency_distance=2
expert_parity max_abs=0 max_rel=0 mean_abs=0 tolerance=1e-5
reference_warm_token0_blk3_routed expert_id=35 consumer_wait=not_instrumented acquire_release=recorded peak_active=1622016 peak_resident=8245248
reference_warm_token0_blk3_routed expert_rank=4 expert_id=9 router_rank=4 graph_created=YES graph_refs=gate:0,up:1,down:2 storage_ref_base=30027 score_preserved=YES
reference_warm_token0_blk3_routed expert_id=9 selected_range tensor=blk.1.ffn_gate_exps.weight offset=474375024 bytes=563200 layout=DIRECT
reference_warm_token0_blk3_routed expert_id=9 selected_range tensor=blk.1.ffn_up_exps.weight offset=510419840 bytes=563200 layout=DIRECT
reference_warm_token0_blk3_routed expert_id=9 selected_range tensor=blk.1.ffn_down_exps.weight offset=555994000 bytes=1622016 layout=DIRECT
reference_warm_token0_blk3_routed prefetch expert_id=9 tensor=blk.1.ffn_gate_exps.weight dependency_distance=0
reference_warm_token0_blk3_routed prefetch expert_id=9 tensor=blk.1.ffn_up_exps.weight dependency_distance=0
reference_warm_token0_blk3_routed prefetch expert_id=9 tensor=blk.1.ffn_down_exps.weight dependency_distance=2
expert_parity max_abs=0 max_rel=0 mean_abs=0 tolerance=1e-5
reference_warm_token0_blk3_routed expert_id=9 consumer_wait=not_instrumented acquire_release=recorded peak_active=1622016 peak_resident=8245248
reference_warm_token0_blk3_routed expert_rank=5 expert_id=53 router_rank=5 graph_created=YES graph_refs=gate:0,up:1,down:2 storage_ref_base=30159 score_preserved=YES
reference_warm_token0_blk3_routed expert_id=53 selected_range tensor=blk.1.ffn_gate_exps.weight offset=499155824 bytes=563200 layout=DIRECT
reference_warm_token0_blk3_routed expert_id=53 selected_range tensor=blk.1.ffn_up_exps.weight offset=535200640 bytes=563200 layout=DIRECT
reference_warm_token0_blk3_routed expert_id=53 selected_range tensor=blk.1.ffn_down_exps.weight offset=627362704 bytes=1622016 layout=DIRECT
reference_warm_token0_blk3_routed prefetch expert_id=53 tensor=blk.1.ffn_gate_exps.weight dependency_distance=0
reference_warm_token0_blk3_routed prefetch expert_id=53 tensor=blk.1.ffn_up_exps.weight dependency_distance=0
reference_warm_token0_blk3_routed prefetch expert_id=53 tensor=blk.1.ffn_down_exps.weight dependency_distance=2
expert_parity max_abs=0 max_rel=0 mean_abs=0 tolerance=1e-5
reference_warm_token0_blk3_routed expert_id=53 consumer_wait=not_instrumented acquire_release=recorded peak_active=1622016 peak_resident=8245248
reference_warm_token0_blk3_routed residency_hits=36 residency_misses=42 source_reads=18 materialization_requests=18 source_policy_calls=18 evictions=11 resident_tensors_after=9
routed_merge_parity max_abs=0 max_rel=0 mean_abs=0 tolerance=1e-5
shared_expert_parity max_abs=0 max_rel=0 mean_abs=0 tolerance=1e-5
pre_residual_composition_parity max_abs=0 max_rel=0 mean_abs=0 tolerance=1e-5
final_layer_parity max_abs=0 max_rel=0 mean_abs=0 tolerance=1e-5
reference_warm_token0_blk3 shared_expert=REQUIRED shared_graph_created=YES residual_add=YES final_composition=PASS
ffn_timing tensor=blk.1.ffn_gate_inp.weight payload_ready_ns=5917219410466 first_consumer_start_ns=5917297030044 payload_to_first_consumer_ns=77619578
ffn_timing tensor=blk.1.ffn_gate_shexp.weight payload_ready_ns=5921130746280 first_consumer_start_ns=5921211582187 payload_to_first_consumer_ns=80835907
ffn_timing tensor=blk.1.ffn_gate_exps.weight payload_ready_ns=5917415552421 first_consumer_start_ns=5917494493153 payload_to_first_consumer_ns=78940732
reference_warm_token0_blk3 full_layer_residency_hits=46 misses=51 evictions=15 source_reads=23 source_bytes=20402176 materialization_requests=23 resident_tensors_after=8
reference_warm_token0_blk3 full_layer_peak_active_persistent_bytes=1622016 full_layer_peak_resident_bytes=8312832
reference_warm_token0_blk3 first_payload_to_shared_compute_start_ns=4065289248 execution_ready_to_consumer_ns=NOT_INSTRUMENTED payload_to_first_useful_compute=NOT_INSTRUMENTED
warm_token0_blk3_attention_parity max_abs=0 max_rel=0 mean_abs=0 tolerance=1e-5
warm_token0_blk3_block_parity max_abs=0 max_rel=0 mean_abs=0 tolerance=1e-5
attention_timing tensor=blk.1.attn_norm.weight payload_ready_ns=5829393315183 first_consumer_start_ns=5921815414448 payload_to_first_consumer_ns=92422099265
attention_timing tensor=blk.1.attn_q.weight payload_ready_ns=5829579594941 first_consumer_start_ns=5922015025612 payload_to_first_consumer_ns=92435430671
attention_timing tensor=blk.1.attn_kv_a_mqa.weight payload_ready_ns=5829763830993 first_consumer_start_ns=5922206871346 payload_to_first_consumer_ns=92443040353
attention_timing tensor=blk.1.attn_kv_a_norm.weight payload_ready_ns=5829948192705 first_consumer_start_ns=5922401076796 payload_to_first_consumer_ns=92452884091
attention_timing tensor=blk.1.attn_kv_b.weight payload_ready_ns=5830137042468 first_consumer_start_ns=5922592300280 payload_to_first_consumer_ns=92455257812
attention_timing tensor=blk.1.attn_output.weight payload_ready_ns=5830326878264 first_consumer_start_ns=5922786060058 payload_to_first_consumer_ns=92459181794
warm_token1_blk1 position=1 state_k_positions=2 state_v_positions=2 attention_probs=0.327327,0.672673,0.410489,0.589511,0.566064,0.433936,0.327192,0.672808,0.932766,0.0672338,0.599507,0.400493,0.505362,0.494638,0.744735,0.255265,0.50687,0.49313,0.00836671,0.991633,0.754869,0.245131,0.650014,0.349986,0.537805,0.462195,0.554964,0.445036,0.523342,0.476658,0.56235,0.43765,
reference_attention position=1 state_k_positions=2 state_v_positions=2 attention_probs=0.327327,0.672673,0.410489,0.589511,0.566064,0.433936,0.327192,0.672808,0.932766,0.0672338,0.599507,0.400493,0.505362,0.494638,0.744735,0.255265,0.50687,0.49313,0.00836671,0.991633,0.754869,0.245131,0.650014,0.349986,0.537805,0.462195,0.554964,0.445036,0.523342,0.476658,0.56235,0.43765,
normalized_input_parity max_abs=0 max_rel=0 mean_abs=0 tolerance=1e-5
router_score_parity max_abs=2.86102e-06 max_rel=5.82025e-06 mean_abs=3.96627e-07 tolerance=1e-5
selected_weight_parity max_abs=2.38419e-07 max_rel=1.73796e-06 mean_abs=1.21693e-07 tolerance=1e-5
warm_token1_blk1 topk_ids=56,29,11,3,50,26 normalized_weights=0.431742,0.24147,0.103862,0.0857397,0.0713288,0.0658583,
warm_token1_blk1_routed expert_rank=0 expert_id=56 router_rank=0 graph_created=YES graph_refs=gate:0,up:1,down:2 storage_ref_base=10168 score_preserved=YES
warm_token1_blk1_routed expert_id=56 selected_range tensor=blk.1.ffn_gate_exps.weight offset=135303648 bytes=563200 layout=DIRECT
warm_token1_blk1_routed expert_id=56 selected_range tensor=blk.1.ffn_up_exps.weight offset=171348464 bytes=563200 layout=DIRECT
warm_token1_blk1_routed expert_id=56 selected_range tensor=blk.1.ffn_down_exps.weight offset=266686976 bytes=1622016 layout=DIRECT
warm_token1_blk1_routed prefetch expert_id=56 tensor=blk.1.ffn_gate_exps.weight dependency_distance=0
warm_token1_blk1_routed prefetch expert_id=56 tensor=blk.1.ffn_up_exps.weight dependency_distance=0
warm_token1_blk1_routed prefetch expert_id=56 tensor=blk.1.ffn_down_exps.weight dependency_distance=2
expert_parity max_abs=0 max_rel=0 mean_abs=0 tolerance=1e-5
warm_token1_blk1_routed expert_id=56 consumer_wait=not_instrumented acquire_release=recorded peak_active=1622016 peak_resident=7367680
warm_token1_blk1_routed expert_rank=1 expert_id=29 router_rank=1 graph_created=YES graph_refs=gate:0,up:1,down:2 storage_ref_base=10087 score_preserved=YES
warm_token1_blk1_routed expert_id=29 selected_range tensor=blk.1.ffn_gate_exps.weight offset=120097248 bytes=563200 layout=DIRECT
warm_token1_blk1_routed expert_id=29 selected_range tensor=blk.1.ffn_up_exps.weight offset=156142064 bytes=563200 layout=DIRECT
warm_token1_blk1_routed expert_id=29 selected_range tensor=blk.1.ffn_down_exps.weight offset=222892544 bytes=1622016 layout=DIRECT
warm_token1_blk1_routed prefetch expert_id=29 tensor=blk.1.ffn_gate_exps.weight dependency_distance=0
warm_token1_blk1_routed prefetch expert_id=29 tensor=blk.1.ffn_up_exps.weight dependency_distance=0
warm_token1_blk1_routed prefetch expert_id=29 tensor=blk.1.ffn_down_exps.weight dependency_distance=2
expert_parity max_abs=0 max_rel=0 mean_abs=0 tolerance=1e-5
warm_token1_blk1_routed expert_id=29 consumer_wait=not_instrumented acquire_release=recorded peak_active=1622016 peak_resident=7752704
warm_token1_blk1_routed expert_rank=2 expert_id=11 router_rank=2 graph_created=YES graph_refs=gate:0,up:1,down:2 storage_ref_base=10033 score_preserved=YES
warm_token1_blk1_routed expert_id=11 selected_range tensor=blk.1.ffn_gate_exps.weight offset=109959648 bytes=563200 layout=DIRECT
warm_token1_blk1_routed expert_id=11 selected_range tensor=blk.1.ffn_up_exps.weight offset=146004464 bytes=563200 layout=DIRECT
warm_token1_blk1_routed expert_id=11 selected_range tensor=blk.1.ffn_down_exps.weight offset=193696256 bytes=1622016 layout=DIRECT
warm_token1_blk1_routed prefetch expert_id=11 tensor=blk.1.ffn_gate_exps.weight dependency_distance=0
warm_token1_blk1_routed prefetch expert_id=11 tensor=blk.1.ffn_up_exps.weight dependency_distance=0
warm_token1_blk1_routed prefetch expert_id=11 tensor=blk.1.ffn_down_exps.weight dependency_distance=2
expert_parity max_abs=0 max_rel=0 mean_abs=0 tolerance=1e-5
warm_token1_blk1_routed expert_id=11 consumer_wait=not_instrumented acquire_release=recorded peak_active=1622016 peak_resident=8245248
warm_token1_blk1_routed expert_rank=3 expert_id=3 router_rank=3 graph_created=YES graph_refs=gate:0,up:1,down:2 storage_ref_base=10009 score_preserved=YES
warm_token1_blk1_routed expert_id=3 selected_range tensor=blk.1.ffn_gate_exps.weight offset=105454048 bytes=563200 layout=DIRECT
warm_token1_blk1_routed expert_id=3 selected_range tensor=blk.1.ffn_up_exps.weight offset=141498864 bytes=563200 layout=DIRECT
warm_token1_blk1_routed expert_id=3 selected_range tensor=blk.1.ffn_down_exps.weight offset=180720128 bytes=1622016 layout=DIRECT
warm_token1_blk1_routed prefetch expert_id=3 tensor=blk.1.ffn_gate_exps.weight dependency_distance=0
warm_token1_blk1_routed prefetch expert_id=3 tensor=blk.1.ffn_up_exps.weight dependency_distance=0
warm_token1_blk1_routed prefetch expert_id=3 tensor=blk.1.ffn_down_exps.weight dependency_distance=2
expert_parity max_abs=0 max_rel=0 mean_abs=0 tolerance=1e-5
warm_token1_blk1_routed expert_id=3 consumer_wait=not_instrumented acquire_release=recorded peak_active=1622016 peak_resident=8245248
warm_token1_blk1_routed expert_rank=4 expert_id=50 router_rank=4 graph_created=YES graph_refs=gate:0,up:1,down:2 storage_ref_base=10150 score_preserved=YES
warm_token1_blk1_routed expert_id=50 selected_range tensor=blk.1.ffn_gate_exps.weight offset=131924448 bytes=563200 layout=DIRECT
warm_token1_blk1_routed expert_id=50 selected_range tensor=blk.1.ffn_up_exps.weight offset=167969264 bytes=563200 layout=DIRECT
warm_token1_blk1_routed expert_id=50 selected_range tensor=blk.1.ffn_down_exps.weight offset=256954880 bytes=1622016 layout=DIRECT
warm_token1_blk1_routed prefetch expert_id=50 tensor=blk.1.ffn_gate_exps.weight dependency_distance=0
warm_token1_blk1_routed prefetch expert_id=50 tensor=blk.1.ffn_up_exps.weight dependency_distance=0
warm_token1_blk1_routed prefetch expert_id=50 tensor=blk.1.ffn_down_exps.weight dependency_distance=2
expert_parity max_abs=0 max_rel=0 mean_abs=0 tolerance=1e-5
warm_token1_blk1_routed expert_id=50 consumer_wait=not_instrumented acquire_release=recorded peak_active=1622016 peak_resident=8245248
warm_token1_blk1_routed expert_rank=5 expert_id=26 router_rank=5 graph_created=YES graph_refs=gate:0,up:1,down:2 storage_ref_base=10078 score_preserved=YES
warm_token1_blk1_routed expert_id=26 selected_range tensor=blk.1.ffn_gate_exps.weight offset=118407648 bytes=563200 layout=DIRECT
warm_token1_blk1_routed expert_id=26 selected_range tensor=blk.1.ffn_up_exps.weight offset=154452464 bytes=563200 layout=DIRECT
warm_token1_blk1_routed expert_id=26 selected_range tensor=blk.1.ffn_down_exps.weight offset=218026496 bytes=1622016 layout=DIRECT
warm_token1_blk1_routed prefetch expert_id=26 tensor=blk.1.ffn_gate_exps.weight dependency_distance=0
warm_token1_blk1_routed prefetch expert_id=26 tensor=blk.1.ffn_up_exps.weight dependency_distance=0
warm_token1_blk1_routed prefetch expert_id=26 tensor=blk.1.ffn_down_exps.weight dependency_distance=2
expert_parity max_abs=0 max_rel=0 mean_abs=0 tolerance=1e-5
warm_token1_blk1_routed expert_id=26 consumer_wait=not_instrumented acquire_release=recorded peak_active=1622016 peak_resident=8245248
warm_token1_blk1_routed residency_hits=36 residency_misses=42 source_reads=18 materialization_requests=18 source_policy_calls=18 evictions=20 resident_tensors_after=9
routed_merge_parity max_abs=0 max_rel=0 mean_abs=0 tolerance=1e-5
shared_expert_parity max_abs=0 max_rel=0 mean_abs=0 tolerance=1e-5
pre_residual_composition_parity max_abs=0 max_rel=0 mean_abs=0 tolerance=1e-5
final_layer_parity max_abs=0 max_rel=0 mean_abs=0 tolerance=1e-5
warm_token1_blk1 shared_expert=REQUIRED shared_graph_created=YES residual_add=YES final_composition=PASS
ffn_timing tensor=blk.1.ffn_gate_inp.weight payload_ready_ns=5923098216794 first_consumer_start_ns=5923175901312 payload_to_first_consumer_ns=77684518
ffn_timing tensor=blk.1.ffn_gate_shexp.weight payload_ready_ns=5926905051468 first_consumer_start_ns=5926995035756 payload_to_first_consumer_ns=89984288
ffn_timing tensor=blk.1.ffn_gate_exps.weight payload_ready_ns=5923291009751 first_consumer_start_ns=5923375045615 payload_to_first_consumer_ns=84035864
warm_token1_blk1 full_layer_residency_hits=46 misses=51 evictions=27 source_reads=23 source_bytes=21168128 materialization_requests=23 resident_tensors_after=6
warm_token1_blk1 full_layer_peak_active_persistent_bytes=1892352 full_layer_peak_resident_bytes=8245248
warm_token1_blk1 first_payload_to_shared_compute_start_ns=3959332713 execution_ready_to_consumer_ns=NOT_INSTRUMENTED payload_to_first_useful_compute=NOT_INSTRUMENTED
normalized_input_parity max_abs=0 max_rel=0 mean_abs=0 tolerance=1e-5
router_score_parity max_abs=2.86102e-06 max_rel=5.82025e-06 mean_abs=3.96627e-07 tolerance=1e-5
selected_weight_parity max_abs=2.38419e-07 max_rel=1.73796e-06 mean_abs=1.21693e-07 tolerance=1e-5
reference_warm_token1_blk1 topk_ids=56,29,11,3,50,26 normalized_weights=0.431742,0.24147,0.103862,0.0857397,0.0713288,0.0658583,
reference_warm_token1_blk1_routed expert_rank=0 expert_id=56 router_rank=0 graph_created=YES graph_refs=gate:0,up:1,down:2 storage_ref_base=10168 score_preserved=YES
reference_warm_token1_blk1_routed expert_id=56 selected_range tensor=blk.1.ffn_gate_exps.weight offset=135303648 bytes=563200 layout=DIRECT
reference_warm_token1_blk1_routed expert_id=56 selected_range tensor=blk.1.ffn_up_exps.weight offset=171348464 bytes=563200 layout=DIRECT
reference_warm_token1_blk1_routed expert_id=56 selected_range tensor=blk.1.ffn_down_exps.weight offset=266686976 bytes=1622016 layout=DIRECT
reference_warm_token1_blk1_routed prefetch expert_id=56 tensor=blk.1.ffn_gate_exps.weight dependency_distance=0
reference_warm_token1_blk1_routed prefetch expert_id=56 tensor=blk.1.ffn_up_exps.weight dependency_distance=0
reference_warm_token1_blk1_routed prefetch expert_id=56 tensor=blk.1.ffn_down_exps.weight dependency_distance=2
expert_parity max_abs=0 max_rel=0 mean_abs=0 tolerance=1e-5
reference_warm_token1_blk1_routed expert_id=56 consumer_wait=not_instrumented acquire_release=recorded peak_active=1622016 peak_resident=3280896
reference_warm_token1_blk1_routed expert_rank=1 expert_id=29 router_rank=1 graph_created=YES graph_refs=gate:0,up:1,down:2 storage_ref_base=10087 score_preserved=YES
reference_warm_token1_blk1_routed expert_id=29 selected_range tensor=blk.1.ffn_gate_exps.weight offset=120097248 bytes=563200 layout=DIRECT
reference_warm_token1_blk1_routed expert_id=29 selected_range tensor=blk.1.ffn_up_exps.weight offset=156142064 bytes=563200 layout=DIRECT
reference_warm_token1_blk1_routed expert_id=29 selected_range tensor=blk.1.ffn_down_exps.weight offset=222892544 bytes=1622016 layout=DIRECT
reference_warm_token1_blk1_routed prefetch expert_id=29 tensor=blk.1.ffn_gate_exps.weight dependency_distance=0
reference_warm_token1_blk1_routed prefetch expert_id=29 tensor=blk.1.ffn_up_exps.weight dependency_distance=0
reference_warm_token1_blk1_routed prefetch expert_id=29 tensor=blk.1.ffn_down_exps.weight dependency_distance=2
expert_parity max_abs=0 max_rel=0 mean_abs=0 tolerance=1e-5
reference_warm_token1_blk1_routed expert_id=29 consumer_wait=not_instrumented acquire_release=recorded peak_active=1622016 peak_resident=6029312
reference_warm_token1_blk1_routed expert_rank=2 expert_id=11 router_rank=2 graph_created=YES graph_refs=gate:0,up:1,down:2 storage_ref_base=10033 score_preserved=YES
reference_warm_token1_blk1_routed expert_id=11 selected_range tensor=blk.1.ffn_gate_exps.weight offset=109959648 bytes=563200 layout=DIRECT
reference_warm_token1_blk1_routed expert_id=11 selected_range tensor=blk.1.ffn_up_exps.weight offset=146004464 bytes=563200 layout=DIRECT
reference_warm_token1_blk1_routed expert_id=11 selected_range tensor=blk.1.ffn_down_exps.weight offset=193696256 bytes=1622016 layout=DIRECT
reference_warm_token1_blk1_routed prefetch expert_id=11 tensor=blk.1.ffn_gate_exps.weight dependency_distance=0
reference_warm_token1_blk1_routed prefetch expert_id=11 tensor=blk.1.ffn_up_exps.weight dependency_distance=0
reference_warm_token1_blk1_routed prefetch expert_id=11 tensor=blk.1.ffn_down_exps.weight dependency_distance=2
expert_parity max_abs=0 max_rel=0 mean_abs=0 tolerance=1e-5
reference_warm_token1_blk1_routed expert_id=11 consumer_wait=not_instrumented acquire_release=recorded peak_active=1622016 peak_resident=8245248
reference_warm_token1_blk1_routed expert_rank=3 expert_id=3 router_rank=3 graph_created=YES graph_refs=gate:0,up:1,down:2 storage_ref_base=10009 score_preserved=YES
reference_warm_token1_blk1_routed expert_id=3 selected_range tensor=blk.1.ffn_gate_exps.weight offset=105454048 bytes=563200 layout=DIRECT
reference_warm_token1_blk1_routed expert_id=3 selected_range tensor=blk.1.ffn_up_exps.weight offset=141498864 bytes=563200 layout=DIRECT
reference_warm_token1_blk1_routed expert_id=3 selected_range tensor=blk.1.ffn_down_exps.weight offset=180720128 bytes=1622016 layout=DIRECT
reference_warm_token1_blk1_routed prefetch expert_id=3 tensor=blk.1.ffn_gate_exps.weight dependency_distance=0
reference_warm_token1_blk1_routed prefetch expert_id=3 tensor=blk.1.ffn_up_exps.weight dependency_distance=0
reference_warm_token1_blk1_routed prefetch expert_id=3 tensor=blk.1.ffn_down_exps.weight dependency_distance=2
expert_parity max_abs=0 max_rel=0 mean_abs=0 tolerance=1e-5
reference_warm_token1_blk1_routed expert_id=3 consumer_wait=not_instrumented acquire_release=recorded peak_active=1622016 peak_resident=8245248
reference_warm_token1_blk1_routed expert_rank=4 expert_id=50 router_rank=4 graph_created=YES graph_refs=gate:0,up:1,down:2 storage_ref_base=10150 score_preserved=YES
reference_warm_token1_blk1_routed expert_id=50 selected_range tensor=blk.1.ffn_gate_exps.weight offset=131924448 bytes=563200 layout=DIRECT
reference_warm_token1_blk1_routed expert_id=50 selected_range tensor=blk.1.ffn_up_exps.weight offset=167969264 bytes=563200 layout=DIRECT
reference_warm_token1_blk1_routed expert_id=50 selected_range tensor=blk.1.ffn_down_exps.weight offset=256954880 bytes=1622016 layout=DIRECT
reference_warm_token1_blk1_routed prefetch expert_id=50 tensor=blk.1.ffn_gate_exps.weight dependency_distance=0
reference_warm_token1_blk1_routed prefetch expert_id=50 tensor=blk.1.ffn_up_exps.weight dependency_distance=0
reference_warm_token1_blk1_routed prefetch expert_id=50 tensor=blk.1.ffn_down_exps.weight dependency_distance=2
expert_parity max_abs=0 max_rel=0 mean_abs=0 tolerance=1e-5
reference_warm_token1_blk1_routed expert_id=50 consumer_wait=not_instrumented acquire_release=recorded peak_active=1622016 peak_resident=8245248
reference_warm_token1_blk1_routed expert_rank=5 expert_id=26 router_rank=5 graph_created=YES graph_refs=gate:0,up:1,down:2 storage_ref_base=10078 score_preserved=YES
reference_warm_token1_blk1_routed expert_id=26 selected_range tensor=blk.1.ffn_gate_exps.weight offset=118407648 bytes=563200 layout=DIRECT
reference_warm_token1_blk1_routed expert_id=26 selected_range tensor=blk.1.ffn_up_exps.weight offset=154452464 bytes=563200 layout=DIRECT
reference_warm_token1_blk1_routed expert_id=26 selected_range tensor=blk.1.ffn_down_exps.weight offset=218026496 bytes=1622016 layout=DIRECT
reference_warm_token1_blk1_routed prefetch expert_id=26 tensor=blk.1.ffn_gate_exps.weight dependency_distance=0
reference_warm_token1_blk1_routed prefetch expert_id=26 tensor=blk.1.ffn_up_exps.weight dependency_distance=0
reference_warm_token1_blk1_routed prefetch expert_id=26 tensor=blk.1.ffn_down_exps.weight dependency_distance=2
expert_parity max_abs=0 max_rel=0 mean_abs=0 tolerance=1e-5
reference_warm_token1_blk1_routed expert_id=26 consumer_wait=not_instrumented acquire_release=recorded peak_active=1622016 peak_resident=8245248
reference_warm_token1_blk1_routed residency_hits=36 residency_misses=42 source_reads=18 materialization_requests=18 source_policy_calls=18 evictions=11 resident_tensors_after=9
routed_merge_parity max_abs=0 max_rel=0 mean_abs=0 tolerance=1e-5
shared_expert_parity max_abs=0 max_rel=0 mean_abs=0 tolerance=1e-5
pre_residual_composition_parity max_abs=0 max_rel=0 mean_abs=0 tolerance=1e-5
final_layer_parity max_abs=0 max_rel=0 mean_abs=0 tolerance=1e-5
reference_warm_token1_blk1 shared_expert=REQUIRED shared_graph_created=YES residual_add=YES final_composition=PASS
ffn_timing tensor=blk.1.ffn_gate_inp.weight payload_ready_ns=5927718605667 first_consumer_start_ns=5927798806821 payload_to_first_consumer_ns=80201154
ffn_timing tensor=blk.1.ffn_gate_shexp.weight payload_ready_ns=5931508689245 first_consumer_start_ns=5931587374906 payload_to_first_consumer_ns=78685661
ffn_timing tensor=blk.1.ffn_gate_exps.weight payload_ready_ns=5927921485588 first_consumer_start_ns=5928002600474 payload_to_first_consumer_ns=81114886
reference_warm_token1_blk1 full_layer_residency_hits=46 misses=51 evictions=17 source_reads=23 source_bytes=21168128 materialization_requests=23 resident_tensors_after=6
reference_warm_token1_blk1 full_layer_peak_active_persistent_bytes=1892352 full_layer_peak_resident_bytes=8245248
reference_warm_token1_blk1 first_payload_to_shared_compute_start_ns=3947819009 execution_ready_to_consumer_ns=NOT_INSTRUMENTED payload_to_first_useful_compute=NOT_INSTRUMENTED
warm_token1_blk1_attention_parity max_abs=0 max_rel=0 mean_abs=0 tolerance=1e-5
warm_token1_blk1_block_parity max_abs=0 max_rel=0 mean_abs=0 tolerance=1e-5
warm_token1 block_handoff block=2 handoff_ns=58530 activation_copy_bytes=0
attention_timing tensor=blk.1.attn_norm.weight payload_ready_ns=5829393315183 first_consumer_start_ns=5932192759500 payload_to_first_consumer_ns=102799444317
attention_timing tensor=blk.1.attn_q.weight payload_ready_ns=5829579594941 first_consumer_start_ns=5932384357073 payload_to_first_consumer_ns=102804762132
attention_timing tensor=blk.1.attn_kv_a_mqa.weight payload_ready_ns=5829763830993 first_consumer_start_ns=5932538470806 payload_to_first_consumer_ns=102774639813
attention_timing tensor=blk.1.attn_kv_a_norm.weight payload_ready_ns=5829948192705 first_consumer_start_ns=5932732581995 payload_to_first_consumer_ns=102784389290
attention_timing tensor=blk.1.attn_kv_b.weight payload_ready_ns=5830137042468 first_consumer_start_ns=5932928875610 payload_to_first_consumer_ns=102791833142
attention_timing tensor=blk.1.attn_output.weight payload_ready_ns=5830326878264 first_consumer_start_ns=5933122807099 payload_to_first_consumer_ns=102795928835
warm_token1_blk2 position=1 state_k_positions=2 state_v_positions=2 attention_probs=0.598919,0.401081,0.518401,0.481599,0.228275,0.771725,0.32635,0.67365,0.474574,0.525426,0.530241,0.469759,0.366593,0.633407,0.715989,0.284011,0.37485,0.62515,0.579751,0.420249,0.0827325,0.917268,0.182867,0.817133,0.513672,0.486328,0.787284,0.212716,0.49621,0.50379,0.70591,0.29409,
reference_attention position=1 state_k_positions=2 state_v_positions=2 attention_probs=0.598919,0.401081,0.518401,0.481599,0.228275,0.771725,0.32635,0.67365,0.474574,0.525426,0.530241,0.469759,0.366593,0.633407,0.715989,0.284011,0.37485,0.62515,0.579751,0.420249,0.0827325,0.917268,0.182867,0.817133,0.513672,0.486328,0.787284,0.212716,0.49621,0.50379,0.70591,0.29409,
normalized_input_parity max_abs=0 max_rel=0 mean_abs=0 tolerance=1e-5
router_score_parity max_abs=1.43051e-06 max_rel=0.000107496 mean_abs=3.76513e-07 tolerance=1e-5
selected_weight_parity max_abs=1.49012e-07 max_rel=7.50293e-07 mean_abs=5.71211e-08 tolerance=1e-5
warm_token1_blk2 topk_ids=37,18,44,53,23,49 normalized_weights=0.210563,0.198605,0.152328,0.149502,0.145231,0.143771,
warm_token1_blk2_routed expert_rank=0 expert_id=37 router_rank=0 graph_created=YES graph_refs=gate:0,up:1,down:2 storage_ref_base=20111 score_preserved=YES
warm_token1_blk2_routed expert_id=37 selected_range tensor=blk.1.ffn_gate_exps.weight offset=307373736 bytes=563200 layout=DIRECT
warm_token1_blk2_routed expert_id=37 selected_range tensor=blk.1.ffn_up_exps.weight offset=343418552 bytes=563200 layout=DIRECT
warm_token1_blk2_routed expert_id=37 selected_range tensor=blk.1.ffn_down_exps.weight offset=418639560 bytes=1622016 layout=DIRECT
warm_token1_blk2_routed prefetch expert_id=37 tensor=blk.1.ffn_gate_exps.weight dependency_distance=0
warm_token1_blk2_routed prefetch expert_id=37 tensor=blk.1.ffn_up_exps.weight dependency_distance=0
warm_token1_blk2_routed prefetch expert_id=37 tensor=blk.1.ffn_down_exps.weight dependency_distance=2
expert_parity max_abs=0 max_rel=0 mean_abs=0 tolerance=1e-5
warm_token1_blk2_routed expert_id=37 consumer_wait=not_instrumented acquire_release=recorded peak_active=1622016 peak_resident=8031232
warm_token1_blk2_routed expert_rank=1 expert_id=18 router_rank=1 graph_created=YES graph_refs=gate:0,up:1,down:2 storage_ref_base=20054 score_preserved=YES
warm_token1_blk2_routed expert_id=18 selected_range tensor=blk.1.ffn_gate_exps.weight offset=296672936 bytes=563200 layout=DIRECT
warm_token1_blk2_routed expert_id=18 selected_range tensor=blk.1.ffn_up_exps.weight offset=332717752 bytes=563200 layout=DIRECT
warm_token1_blk2_routed expert_id=18 selected_range tensor=blk.1.ffn_down_exps.weight offset=387821256 bytes=1622016 layout=DIRECT
warm_token1_blk2_routed prefetch expert_id=18 tensor=blk.1.ffn_gate_exps.weight dependency_distance=0
warm_token1_blk2_routed prefetch expert_id=18 tensor=blk.1.ffn_up_exps.weight dependency_distance=0
warm_token1_blk2_routed prefetch expert_id=18 tensor=blk.1.ffn_down_exps.weight dependency_distance=2
expert_parity max_abs=0 max_rel=0 mean_abs=0 tolerance=1e-5
warm_token1_blk2_routed expert_id=18 consumer_wait=not_instrumented acquire_release=recorded peak_active=1622016 peak_resident=7760896
warm_token1_blk2_routed expert_rank=2 expert_id=44 router_rank=2 graph_created=YES graph_refs=gate:0,up:1,down:2 storage_ref_base=20132 score_preserved=YES
warm_token1_blk2_routed expert_id=44 selected_range tensor=blk.1.ffn_gate_exps.weight offset=311316136 bytes=563200 layout=DIRECT
warm_token1_blk2_routed expert_id=44 selected_range tensor=blk.1.ffn_up_exps.weight offset=347360952 bytes=563200 layout=DIRECT
warm_token1_blk2_routed expert_id=44 selected_range tensor=blk.1.ffn_down_exps.weight offset=429993672 bytes=1622016 layout=DIRECT
warm_token1_blk2_routed prefetch expert_id=44 tensor=blk.1.ffn_gate_exps.weight dependency_distance=0
warm_token1_blk2_routed prefetch expert_id=44 tensor=blk.1.ffn_up_exps.weight dependency_distance=0
warm_token1_blk2_routed prefetch expert_id=44 tensor=blk.1.ffn_down_exps.weight dependency_distance=2
expert_parity max_abs=0 max_rel=0 mean_abs=0 tolerance=1e-5
warm_token1_blk2_routed expert_id=44 consumer_wait=not_instrumented acquire_release=recorded peak_active=1622016 peak_resident=8245248
warm_token1_blk2_routed expert_rank=3 expert_id=53 router_rank=3 graph_created=YES graph_refs=gate:0,up:1,down:2 storage_ref_base=20159 score_preserved=YES
warm_token1_blk2_routed expert_id=53 selected_range tensor=blk.1.ffn_gate_exps.weight offset=316384936 bytes=563200 layout=DIRECT
warm_token1_blk2_routed expert_id=53 selected_range tensor=blk.1.ffn_up_exps.weight offset=352429752 bytes=563200 layout=DIRECT
warm_token1_blk2_routed expert_id=53 selected_range tensor=blk.1.ffn_down_exps.weight offset=444591816 bytes=1622016 layout=DIRECT
warm_token1_blk2_routed prefetch expert_id=53 tensor=blk.1.ffn_gate_exps.weight dependency_distance=0
warm_token1_blk2_routed prefetch expert_id=53 tensor=blk.1.ffn_up_exps.weight dependency_distance=0
warm_token1_blk2_routed prefetch expert_id=53 tensor=blk.1.ffn_down_exps.weight dependency_distance=2
expert_parity max_abs=0 max_rel=0 mean_abs=0 tolerance=1e-5
warm_token1_blk2_routed expert_id=53 consumer_wait=not_instrumented acquire_release=recorded peak_active=1622016 peak_resident=8245248
warm_token1_blk2_routed expert_rank=4 expert_id=23 router_rank=4 graph_created=YES graph_refs=gate:0,up:1,down:2 storage_ref_base=20069 score_preserved=YES
warm_token1_blk2_routed expert_id=23 selected_range tensor=blk.1.ffn_gate_exps.weight offset=299488936 bytes=563200 layout=DIRECT
warm_token1_blk2_routed expert_id=23 selected_range tensor=blk.1.ffn_up_exps.weight offset=335533752 bytes=563200 layout=DIRECT
warm_token1_blk2_routed expert_id=23 selected_range tensor=blk.1.ffn_down_exps.weight offset=395931336 bytes=1622016 layout=DIRECT
warm_token1_blk2_routed prefetch expert_id=23 tensor=blk.1.ffn_gate_exps.weight dependency_distance=0
warm_token1_blk2_routed prefetch expert_id=23 tensor=blk.1.ffn_up_exps.weight dependency_distance=0
warm_token1_blk2_routed prefetch expert_id=23 tensor=blk.1.ffn_down_exps.weight dependency_distance=2
expert_parity max_abs=0 max_rel=0 mean_abs=0 tolerance=1e-5
warm_token1_blk2_routed expert_id=23 consumer_wait=not_instrumented acquire_release=recorded peak_active=1622016 peak_resident=8245248
warm_token1_blk2_routed expert_rank=5 expert_id=49 router_rank=5 graph_created=YES graph_refs=gate:0,up:1,down:2 storage_ref_base=20147 score_preserved=YES
warm_token1_blk2_routed expert_id=49 selected_range tensor=blk.1.ffn_gate_exps.weight offset=314132136 bytes=563200 layout=DIRECT
warm_token1_blk2_routed expert_id=49 selected_range tensor=blk.1.ffn_up_exps.weight offset=350176952 bytes=563200 layout=DIRECT
warm_token1_blk2_routed expert_id=49 selected_range tensor=blk.1.ffn_down_exps.weight offset=438103752 bytes=1622016 layout=DIRECT
warm_token1_blk2_routed prefetch expert_id=49 tensor=blk.1.ffn_gate_exps.weight dependency_distance=0
warm_token1_blk2_routed prefetch expert_id=49 tensor=blk.1.ffn_up_exps.weight dependency_distance=0
warm_token1_blk2_routed prefetch expert_id=49 tensor=blk.1.ffn_down_exps.weight dependency_distance=2
expert_parity max_abs=0 max_rel=0 mean_abs=0 tolerance=1e-5
warm_token1_blk2_routed expert_id=49 consumer_wait=not_instrumented acquire_release=recorded peak_active=1622016 peak_resident=8245248
warm_token1_blk2_routed residency_hits=36 residency_misses=42 source_reads=18 materialization_requests=18 source_policy_calls=18 evictions=20 resident_tensors_after=9
routed_merge_parity max_abs=0 max_rel=0 mean_abs=0 tolerance=1e-5
shared_expert_parity max_abs=0 max_rel=0 mean_abs=0 tolerance=1e-5
pre_residual_composition_parity max_abs=0 max_rel=0 mean_abs=0 tolerance=1e-5
final_layer_parity max_abs=0 max_rel=0 mean_abs=0 tolerance=1e-5
warm_token1_blk2 shared_expert=REQUIRED shared_graph_created=YES residual_add=YES final_composition=PASS
ffn_timing tensor=blk.1.ffn_gate_inp.weight payload_ready_ns=5933442138981 first_consumer_start_ns=5933523453477 payload_to_first_consumer_ns=81314496
ffn_timing tensor=blk.1.ffn_gate_shexp.weight payload_ready_ns=5937249972225 first_consumer_start_ns=5937330329289 payload_to_first_consumer_ns=80357064
ffn_timing tensor=blk.1.ffn_gate_exps.weight payload_ready_ns=5933646927766 first_consumer_start_ns=5933730194187 payload_to_first_consumer_ns=83266421
warm_token1_blk2 full_layer_residency_hits=46 misses=51 evictions=25 source_reads=23 source_bytes=20402176 materialization_requests=23 resident_tensors_after=8
warm_token1_blk2 full_layer_peak_active_persistent_bytes=1622016 full_layer_peak_resident_bytes=8312832
warm_token1_blk2 first_payload_to_shared_compute_start_ns=3970657588 execution_ready_to_consumer_ns=NOT_INSTRUMENTED payload_to_first_useful_compute=NOT_INSTRUMENTED
normalized_input_parity max_abs=0 max_rel=0 mean_abs=0 tolerance=1e-5
router_score_parity max_abs=1.43051e-06 max_rel=0.000107496 mean_abs=3.76513e-07 tolerance=1e-5
selected_weight_parity max_abs=1.49012e-07 max_rel=7.50293e-07 mean_abs=5.71211e-08 tolerance=1e-5
reference_warm_token1_blk2 topk_ids=37,18,44,53,23,49 normalized_weights=0.210563,0.198605,0.152328,0.149502,0.145231,0.143771,
reference_warm_token1_blk2_routed expert_rank=0 expert_id=37 router_rank=0 graph_created=YES graph_refs=gate:0,up:1,down:2 storage_ref_base=20111 score_preserved=YES
reference_warm_token1_blk2_routed expert_id=37 selected_range tensor=blk.1.ffn_gate_exps.weight offset=307373736 bytes=563200 layout=DIRECT
reference_warm_token1_blk2_routed expert_id=37 selected_range tensor=blk.1.ffn_up_exps.weight offset=343418552 bytes=563200 layout=DIRECT
reference_warm_token1_blk2_routed expert_id=37 selected_range tensor=blk.1.ffn_down_exps.weight offset=418639560 bytes=1622016 layout=DIRECT
reference_warm_token1_blk2_routed prefetch expert_id=37 tensor=blk.1.ffn_gate_exps.weight dependency_distance=0
reference_warm_token1_blk2_routed prefetch expert_id=37 tensor=blk.1.ffn_up_exps.weight dependency_distance=0
reference_warm_token1_blk2_routed prefetch expert_id=37 tensor=blk.1.ffn_down_exps.weight dependency_distance=2
expert_parity max_abs=0 max_rel=0 mean_abs=0 tolerance=1e-5
reference_warm_token1_blk2_routed expert_id=37 consumer_wait=not_instrumented acquire_release=recorded peak_active=1622016 peak_resident=3280896
reference_warm_token1_blk2_routed expert_rank=1 expert_id=18 router_rank=1 graph_created=YES graph_refs=gate:0,up:1,down:2 storage_ref_base=20054 score_preserved=YES
reference_warm_token1_blk2_routed expert_id=18 selected_range tensor=blk.1.ffn_gate_exps.weight offset=296672936 bytes=563200 layout=DIRECT
reference_warm_token1_blk2_routed expert_id=18 selected_range tensor=blk.1.ffn_up_exps.weight offset=332717752 bytes=563200 layout=DIRECT
reference_warm_token1_blk2_routed expert_id=18 selected_range tensor=blk.1.ffn_down_exps.weight offset=387821256 bytes=1622016 layout=DIRECT
reference_warm_token1_blk2_routed prefetch expert_id=18 tensor=blk.1.ffn_gate_exps.weight dependency_distance=0
reference_warm_token1_blk2_routed prefetch expert_id=18 tensor=blk.1.ffn_up_exps.weight dependency_distance=0
reference_warm_token1_blk2_routed prefetch expert_id=18 tensor=blk.1.ffn_down_exps.weight dependency_distance=2
expert_parity max_abs=0 max_rel=0 mean_abs=0 tolerance=1e-5
reference_warm_token1_blk2_routed expert_id=18 consumer_wait=not_instrumented acquire_release=recorded peak_active=1622016 peak_resident=6029312
reference_warm_token1_blk2_routed expert_rank=2 expert_id=44 router_rank=2 graph_created=YES graph_refs=gate:0,up:1,down:2 storage_ref_base=20132 score_preserved=YES
reference_warm_token1_blk2_routed expert_id=44 selected_range tensor=blk.1.ffn_gate_exps.weight offset=311316136 bytes=563200 layout=DIRECT
reference_warm_token1_blk2_routed expert_id=44 selected_range tensor=blk.1.ffn_up_exps.weight offset=347360952 bytes=563200 layout=DIRECT
reference_warm_token1_blk2_routed expert_id=44 selected_range tensor=blk.1.ffn_down_exps.weight offset=429993672 bytes=1622016 layout=DIRECT
reference_warm_token1_blk2_routed prefetch expert_id=44 tensor=blk.1.ffn_gate_exps.weight dependency_distance=0
reference_warm_token1_blk2_routed prefetch expert_id=44 tensor=blk.1.ffn_up_exps.weight dependency_distance=0
reference_warm_token1_blk2_routed prefetch expert_id=44 tensor=blk.1.ffn_down_exps.weight dependency_distance=2
expert_parity max_abs=0 max_rel=0 mean_abs=0 tolerance=1e-5
reference_warm_token1_blk2_routed expert_id=44 consumer_wait=not_instrumented acquire_release=recorded peak_active=1622016 peak_resident=8245248
reference_warm_token1_blk2_routed expert_rank=3 expert_id=53 router_rank=3 graph_created=YES graph_refs=gate:0,up:1,down:2 storage_ref_base=20159 score_preserved=YES
reference_warm_token1_blk2_routed expert_id=53 selected_range tensor=blk.1.ffn_gate_exps.weight offset=316384936 bytes=563200 layout=DIRECT
reference_warm_token1_blk2_routed expert_id=53 selected_range tensor=blk.1.ffn_up_exps.weight offset=352429752 bytes=563200 layout=DIRECT
reference_warm_token1_blk2_routed expert_id=53 selected_range tensor=blk.1.ffn_down_exps.weight offset=444591816 bytes=1622016 layout=DIRECT
reference_warm_token1_blk2_routed prefetch expert_id=53 tensor=blk.1.ffn_gate_exps.weight dependency_distance=0
reference_warm_token1_blk2_routed prefetch expert_id=53 tensor=blk.1.ffn_up_exps.weight dependency_distance=0
reference_warm_token1_blk2_routed prefetch expert_id=53 tensor=blk.1.ffn_down_exps.weight dependency_distance=2
expert_parity max_abs=0 max_rel=0 mean_abs=0 tolerance=1e-5
reference_warm_token1_blk2_routed expert_id=53 consumer_wait=not_instrumented acquire_release=recorded peak_active=1622016 peak_resident=8245248
reference_warm_token1_blk2_routed expert_rank=4 expert_id=23 router_rank=4 graph_created=YES graph_refs=gate:0,up:1,down:2 storage_ref_base=20069 score_preserved=YES
reference_warm_token1_blk2_routed expert_id=23 selected_range tensor=blk.1.ffn_gate_exps.weight offset=299488936 bytes=563200 layout=DIRECT
reference_warm_token1_blk2_routed expert_id=23 selected_range tensor=blk.1.ffn_up_exps.weight offset=335533752 bytes=563200 layout=DIRECT
reference_warm_token1_blk2_routed expert_id=23 selected_range tensor=blk.1.ffn_down_exps.weight offset=395931336 bytes=1622016 layout=DIRECT
reference_warm_token1_blk2_routed prefetch expert_id=23 tensor=blk.1.ffn_gate_exps.weight dependency_distance=0
reference_warm_token1_blk2_routed prefetch expert_id=23 tensor=blk.1.ffn_up_exps.weight dependency_distance=0
reference_warm_token1_blk2_routed prefetch expert_id=23 tensor=blk.1.ffn_down_exps.weight dependency_distance=2
expert_parity max_abs=0 max_rel=0 mean_abs=0 tolerance=1e-5
reference_warm_token1_blk2_routed expert_id=23 consumer_wait=not_instrumented acquire_release=recorded peak_active=1622016 peak_resident=8245248
reference_warm_token1_blk2_routed expert_rank=5 expert_id=49 router_rank=5 graph_created=YES graph_refs=gate:0,up:1,down:2 storage_ref_base=20147 score_preserved=YES
reference_warm_token1_blk2_routed expert_id=49 selected_range tensor=blk.1.ffn_gate_exps.weight offset=314132136 bytes=563200 layout=DIRECT
reference_warm_token1_blk2_routed expert_id=49 selected_range tensor=blk.1.ffn_up_exps.weight offset=350176952 bytes=563200 layout=DIRECT
reference_warm_token1_blk2_routed expert_id=49 selected_range tensor=blk.1.ffn_down_exps.weight offset=438103752 bytes=1622016 layout=DIRECT
reference_warm_token1_blk2_routed prefetch expert_id=49 tensor=blk.1.ffn_gate_exps.weight dependency_distance=0
reference_warm_token1_blk2_routed prefetch expert_id=49 tensor=blk.1.ffn_up_exps.weight dependency_distance=0
reference_warm_token1_blk2_routed prefetch expert_id=49 tensor=blk.1.ffn_down_exps.weight dependency_distance=2
expert_parity max_abs=0 max_rel=0 mean_abs=0 tolerance=1e-5
reference_warm_token1_blk2_routed expert_id=49 consumer_wait=not_instrumented acquire_release=recorded peak_active=1622016 peak_resident=8245248
reference_warm_token1_blk2_routed residency_hits=36 residency_misses=42 source_reads=18 materialization_requests=18 source_policy_calls=18 evictions=11 resident_tensors_after=9
routed_merge_parity max_abs=0 max_rel=0 mean_abs=0 tolerance=1e-5
shared_expert_parity max_abs=0 max_rel=0 mean_abs=0 tolerance=1e-5
pre_residual_composition_parity max_abs=0 max_rel=0 mean_abs=0 tolerance=1e-5
final_layer_parity max_abs=0 max_rel=0 mean_abs=0 tolerance=1e-5
reference_warm_token1_blk2 shared_expert=REQUIRED shared_graph_created=YES residual_add=YES final_composition=PASS
ffn_timing tensor=blk.1.ffn_gate_inp.weight payload_ready_ns=5938062877580 first_consumer_start_ns=5938146046530 payload_to_first_consumer_ns=83168950
ffn_timing tensor=blk.1.ffn_gate_shexp.weight payload_ready_ns=5941864529434 first_consumer_start_ns=5941944648837 payload_to_first_consumer_ns=80119403
ffn_timing tensor=blk.1.ffn_gate_exps.weight payload_ready_ns=5938264899888 first_consumer_start_ns=5938345583843 payload_to_first_consumer_ns=80683955
reference_warm_token1_blk2 full_layer_residency_hits=46 misses=51 evictions=15 source_reads=23 source_bytes=20402176 materialization_requests=23 resident_tensors_after=8
reference_warm_token1_blk2 full_layer_peak_active_persistent_bytes=1622016 full_layer_peak_resident_bytes=8312832
reference_warm_token1_blk2 first_payload_to_shared_compute_start_ns=3976136625 execution_ready_to_consumer_ns=NOT_INSTRUMENTED payload_to_first_useful_compute=NOT_INSTRUMENTED
warm_token1_blk2_attention_parity max_abs=0 max_rel=0 mean_abs=0 tolerance=1e-5
warm_token1_blk2_block_parity max_abs=0 max_rel=0 mean_abs=0 tolerance=1e-5
warm_token1 block_handoff block=3 handoff_ns=31700 activation_copy_bytes=0
attention_timing tensor=blk.1.attn_norm.weight payload_ready_ns=5829393315183 first_consumer_start_ns=5942515726797 payload_to_first_consumer_ns=113122411614
attention_timing tensor=blk.1.attn_q.weight payload_ready_ns=5829579594941 first_consumer_start_ns=5942706497488 payload_to_first_consumer_ns=113126902547
attention_timing tensor=blk.1.attn_kv_a_mqa.weight payload_ready_ns=5829763830993 first_consumer_start_ns=5942900605536 payload_to_first_consumer_ns=113136774543
attention_timing tensor=blk.1.attn_kv_a_norm.weight payload_ready_ns=5829948192705 first_consumer_start_ns=5943101186430 payload_to_first_consumer_ns=113152993725
attention_timing tensor=blk.1.attn_kv_b.weight payload_ready_ns=5830137042468 first_consumer_start_ns=5943303218048 payload_to_first_consumer_ns=113166175580
attention_timing tensor=blk.1.attn_output.weight payload_ready_ns=5830326878264 first_consumer_start_ns=5943510332928 payload_to_first_consumer_ns=113183454664
warm_token1_blk3 position=1 state_k_positions=2 state_v_positions=2 attention_probs=0.647885,0.352115,0.653755,0.346246,0.748316,0.251684,0.454187,0.545813,0.370199,0.629801,0.660859,0.339141,0.0916113,0.908389,0.236917,0.763083,0.538436,0.461564,0.527116,0.472884,0.654188,0.345812,0.188689,0.811311,0.462708,0.537292,0.689584,0.310416,0.733999,0.266001,0.491397,0.508603,
reference_attention position=1 state_k_positions=2 state_v_positions=2 attention_probs=0.647885,0.352115,0.653755,0.346246,0.748316,0.251684,0.454187,0.545813,0.370199,0.629801,0.660859,0.339141,0.0916113,0.908389,0.236917,0.763083,0.538436,0.461564,0.527116,0.472884,0.654188,0.345812,0.188689,0.811311,0.462708,0.537292,0.689584,0.310416,0.733999,0.266001,0.491397,0.508603,
normalized_input_parity max_abs=0 max_rel=0 mean_abs=0 tolerance=1e-5
router_score_parity max_abs=1.37091e-06 max_rel=2.28584e-05 mean_abs=3.83676e-07 tolerance=1e-5
selected_weight_parity max_abs=8.9407e-08 max_rel=5.9106e-07 mean_abs=5.96046e-08 tolerance=1e-5
warm_token1_blk3 topk_ids=60,2,53,35,15,59 normalized_weights=0.273384,0.190084,0.151266,0.136168,0.132768,0.11633,
warm_token1_blk3_routed expert_rank=0 expert_id=60 router_rank=0 graph_created=YES graph_refs=gate:0,up:1,down:2 storage_ref_base=30180 score_preserved=YES
warm_token1_blk3_routed expert_id=60 selected_range tensor=blk.1.ffn_gate_exps.weight offset=503098224 bytes=563200 layout=DIRECT
warm_token1_blk3_routed expert_id=60 selected_range tensor=blk.1.ffn_up_exps.weight offset=539143040 bytes=563200 layout=DIRECT
warm_token1_blk3_routed expert_id=60 selected_range tensor=blk.1.ffn_down_exps.weight offset=638716816 bytes=1622016 layout=DIRECT
warm_token1_blk3_routed prefetch expert_id=60 tensor=blk.1.ffn_gate_exps.weight dependency_distance=0
warm_token1_blk3_routed prefetch expert_id=60 tensor=blk.1.ffn_up_exps.weight dependency_distance=0
warm_token1_blk3_routed prefetch expert_id=60 tensor=blk.1.ffn_down_exps.weight dependency_distance=2
expert_parity max_abs=0 max_rel=0 mean_abs=0 tolerance=1e-5
warm_token1_blk3_routed expert_id=60 consumer_wait=not_instrumented acquire_release=recorded peak_active=1622016 peak_resident=7367680
warm_token1_blk3_routed expert_rank=1 expert_id=2 router_rank=1 graph_created=YES graph_refs=gate:0,up:1,down:2 storage_ref_base=30006 score_preserved=YES
warm_token1_blk3_routed expert_id=2 selected_range tensor=blk.1.ffn_gate_exps.weight offset=470432624 bytes=563200 layout=DIRECT
warm_token1_blk3_routed expert_id=2 selected_range tensor=blk.1.ffn_up_exps.weight offset=506477440 bytes=563200 layout=DIRECT
warm_token1_blk3_routed expert_id=2 selected_range tensor=blk.1.ffn_down_exps.weight offset=544639888 bytes=1622016 layout=DIRECT
warm_token1_blk3_routed prefetch expert_id=2 tensor=blk.1.ffn_gate_exps.weight dependency_distance=0
warm_token1_blk3_routed prefetch expert_id=2 tensor=blk.1.ffn_up_exps.weight dependency_distance=0
warm_token1_blk3_routed prefetch expert_id=2 tensor=blk.1.ffn_down_exps.weight dependency_distance=2
expert_parity max_abs=0 max_rel=0 mean_abs=0 tolerance=1e-5
warm_token1_blk3_routed expert_id=2 consumer_wait=not_instrumented acquire_release=recorded peak_active=1622016 peak_resident=7752704
warm_token1_blk3_routed expert_rank=2 expert_id=53 router_rank=2 graph_created=YES graph_refs=gate:0,up:1,down:2 storage_ref_base=30159 score_preserved=YES
warm_token1_blk3_routed expert_id=53 selected_range tensor=blk.1.ffn_gate_exps.weight offset=499155824 bytes=563200 layout=DIRECT
warm_token1_blk3_routed expert_id=53 selected_range tensor=blk.1.ffn_up_exps.weight offset=535200640 bytes=563200 layout=DIRECT
warm_token1_blk3_routed expert_id=53 selected_range tensor=blk.1.ffn_down_exps.weight offset=627362704 bytes=1622016 layout=DIRECT
warm_token1_blk3_routed prefetch expert_id=53 tensor=blk.1.ffn_gate_exps.weight dependency_distance=0
warm_token1_blk3_routed prefetch expert_id=53 tensor=blk.1.ffn_up_exps.weight dependency_distance=0
warm_token1_blk3_routed prefetch expert_id=53 tensor=blk.1.ffn_down_exps.weight dependency_distance=2
expert_parity max_abs=0 max_rel=0 mean_abs=0 tolerance=1e-5
warm_token1_blk3_routed expert_id=53 consumer_wait=not_instrumented acquire_release=recorded peak_active=1622016 peak_resident=8245248
warm_token1_blk3_routed expert_rank=3 expert_id=35 router_rank=3 graph_created=YES graph_refs=gate:0,up:1,down:2 storage_ref_base=30105 score_preserved=YES
warm_token1_blk3_routed expert_id=35 selected_range tensor=blk.1.ffn_gate_exps.weight offset=489018224 bytes=563200 layout=DIRECT
warm_token1_blk3_routed expert_id=35 selected_range tensor=blk.1.ffn_up_exps.weight offset=525063040 bytes=563200 layout=DIRECT
warm_token1_blk3_routed expert_id=35 selected_range tensor=blk.1.ffn_down_exps.weight offset=598166416 bytes=1622016 layout=DIRECT
warm_token1_blk3_routed prefetch expert_id=35 tensor=blk.1.ffn_gate_exps.weight dependency_distance=0
warm_token1_blk3_routed prefetch expert_id=35 tensor=blk.1.ffn_up_exps.weight dependency_distance=0
warm_token1_blk3_routed prefetch expert_id=35 tensor=blk.1.ffn_down_exps.weight dependency_distance=2
expert_parity max_abs=0 max_rel=0 mean_abs=0 tolerance=1e-5
warm_token1_blk3_routed expert_id=35 consumer_wait=not_instrumented acquire_release=recorded peak_active=1622016 peak_resident=8245248
warm_token1_blk3_routed expert_rank=4 expert_id=15 router_rank=4 graph_created=YES graph_refs=gate:0,up:1,down:2 storage_ref_base=30045 score_preserved=YES
warm_token1_blk3_routed expert_id=15 selected_range tensor=blk.1.ffn_gate_exps.weight offset=477754224 bytes=563200 layout=DIRECT
warm_token1_blk3_routed expert_id=15 selected_range tensor=blk.1.ffn_up_exps.weight offset=513799040 bytes=563200 layout=DIRECT
warm_token1_blk3_routed expert_id=15 selected_range tensor=blk.1.ffn_down_exps.weight offset=565726096 bytes=1622016 layout=DIRECT
warm_token1_blk3_routed prefetch expert_id=15 tensor=blk.1.ffn_gate_exps.weight dependency_distance=0
warm_token1_blk3_routed prefetch expert_id=15 tensor=blk.1.ffn_up_exps.weight dependency_distance=0
warm_token1_blk3_routed prefetch expert_id=15 tensor=blk.1.ffn_down_exps.weight dependency_distance=2
expert_parity max_abs=0 max_rel=0 mean_abs=0 tolerance=1e-5
warm_token1_blk3_routed expert_id=15 consumer_wait=not_instrumented acquire_release=recorded peak_active=1622016 peak_resident=8245248
warm_token1_blk3_routed expert_rank=5 expert_id=59 router_rank=5 graph_created=YES graph_refs=gate:0,up:1,down:2 storage_ref_base=30177 score_preserved=YES
warm_token1_blk3_routed expert_id=59 selected_range tensor=blk.1.ffn_gate_exps.weight offset=502535024 bytes=563200 layout=DIRECT
warm_token1_blk3_routed expert_id=59 selected_range tensor=blk.1.ffn_up_exps.weight offset=538579840 bytes=563200 layout=DIRECT
warm_token1_blk3_routed expert_id=59 selected_range tensor=blk.1.ffn_down_exps.weight offset=637094800 bytes=1622016 layout=DIRECT
warm_token1_blk3_routed prefetch expert_id=59 tensor=blk.1.ffn_gate_exps.weight dependency_distance=0
warm_token1_blk3_routed prefetch expert_id=59 tensor=blk.1.ffn_up_exps.weight dependency_distance=0
warm_token1_blk3_routed prefetch expert_id=59 tensor=blk.1.ffn_down_exps.weight dependency_distance=2
expert_parity max_abs=0 max_rel=0 mean_abs=0 tolerance=1e-5
warm_token1_blk3_routed expert_id=59 consumer_wait=not_instrumented acquire_release=recorded peak_active=1622016 peak_resident=8245248
warm_token1_blk3_routed residency_hits=36 residency_misses=42 source_reads=18 materialization_requests=18 source_policy_calls=18 evictions=20 resident_tensors_after=9
routed_merge_parity max_abs=0 max_rel=0 mean_abs=0 tolerance=1e-5
shared_expert_parity max_abs=0 max_rel=0 mean_abs=0 tolerance=1e-5
pre_residual_composition_parity max_abs=0 max_rel=0 mean_abs=0 tolerance=1e-5
final_layer_parity max_abs=0 max_rel=0 mean_abs=0 tolerance=1e-5
warm_token1_blk3 shared_expert=REQUIRED shared_graph_created=YES residual_add=YES final_composition=PASS
ffn_timing tensor=blk.1.ffn_gate_inp.weight payload_ready_ns=5943838255341 first_consumer_start_ns=5943918411354 payload_to_first_consumer_ns=80156013
ffn_timing tensor=blk.1.ffn_gate_shexp.weight payload_ready_ns=5947659846967 first_consumer_start_ns=5947741539483 payload_to_first_consumer_ns=81692516
ffn_timing tensor=blk.1.ffn_gate_exps.weight payload_ready_ns=5944041167540 first_consumer_start_ns=5944126324507 payload_to_first_consumer_ns=85156967
warm_token1_blk3 full_layer_residency_hits=46 misses=51 evictions=25 source_reads=23 source_bytes=20402176 materialization_requests=23 resident_tensors_after=8
warm_token1_blk3 full_layer_peak_active_persistent_bytes=1622016 full_layer_peak_resident_bytes=8312832
warm_token1_blk3 first_payload_to_shared_compute_start_ns=3985456322 execution_ready_to_consumer_ns=NOT_INSTRUMENTED payload_to_first_useful_compute=NOT_INSTRUMENTED
normalized_input_parity max_abs=0 max_rel=0 mean_abs=0 tolerance=1e-5
router_score_parity max_abs=1.37091e-06 max_rel=2.28584e-05 mean_abs=3.83676e-07 tolerance=1e-5
selected_weight_parity max_abs=8.9407e-08 max_rel=5.9106e-07 mean_abs=5.96046e-08 tolerance=1e-5
reference_warm_token1_blk3 topk_ids=60,2,53,35,15,59 normalized_weights=0.273384,0.190084,0.151266,0.136168,0.132768,0.11633,
reference_warm_token1_blk3_routed expert_rank=0 expert_id=60 router_rank=0 graph_created=YES graph_refs=gate:0,up:1,down:2 storage_ref_base=30180 score_preserved=YES
reference_warm_token1_blk3_routed expert_id=60 selected_range tensor=blk.1.ffn_gate_exps.weight offset=503098224 bytes=563200 layout=DIRECT
reference_warm_token1_blk3_routed expert_id=60 selected_range tensor=blk.1.ffn_up_exps.weight offset=539143040 bytes=563200 layout=DIRECT
reference_warm_token1_blk3_routed expert_id=60 selected_range tensor=blk.1.ffn_down_exps.weight offset=638716816 bytes=1622016 layout=DIRECT
reference_warm_token1_blk3_routed prefetch expert_id=60 tensor=blk.1.ffn_gate_exps.weight dependency_distance=0
reference_warm_token1_blk3_routed prefetch expert_id=60 tensor=blk.1.ffn_up_exps.weight dependency_distance=0
reference_warm_token1_blk3_routed prefetch expert_id=60 tensor=blk.1.ffn_down_exps.weight dependency_distance=2
expert_parity max_abs=0 max_rel=0 mean_abs=0 tolerance=1e-5
reference_warm_token1_blk3_routed expert_id=60 consumer_wait=not_instrumented acquire_release=recorded peak_active=1622016 peak_resident=3280896
reference_warm_token1_blk3_routed expert_rank=1 expert_id=2 router_rank=1 graph_created=YES graph_refs=gate:0,up:1,down:2 storage_ref_base=30006 score_preserved=YES
reference_warm_token1_blk3_routed expert_id=2 selected_range tensor=blk.1.ffn_gate_exps.weight offset=470432624 bytes=563200 layout=DIRECT
reference_warm_token1_blk3_routed expert_id=2 selected_range tensor=blk.1.ffn_up_exps.weight offset=506477440 bytes=563200 layout=DIRECT
reference_warm_token1_blk3_routed expert_id=2 selected_range tensor=blk.1.ffn_down_exps.weight offset=544639888 bytes=1622016 layout=DIRECT
reference_warm_token1_blk3_routed prefetch expert_id=2 tensor=blk.1.ffn_gate_exps.weight dependency_distance=0
reference_warm_token1_blk3_routed prefetch expert_id=2 tensor=blk.1.ffn_up_exps.weight dependency_distance=0
reference_warm_token1_blk3_routed prefetch expert_id=2 tensor=blk.1.ffn_down_exps.weight dependency_distance=2
expert_parity max_abs=0 max_rel=0 mean_abs=0 tolerance=1e-5
reference_warm_token1_blk3_routed expert_id=2 consumer_wait=not_instrumented acquire_release=recorded peak_active=1622016 peak_resident=6029312
reference_warm_token1_blk3_routed expert_rank=2 expert_id=53 router_rank=2 graph_created=YES graph_refs=gate:0,up:1,down:2 storage_ref_base=30159 score_preserved=YES
reference_warm_token1_blk3_routed expert_id=53 selected_range tensor=blk.1.ffn_gate_exps.weight offset=499155824 bytes=563200 layout=DIRECT
reference_warm_token1_blk3_routed expert_id=53 selected_range tensor=blk.1.ffn_up_exps.weight offset=535200640 bytes=563200 layout=DIRECT
reference_warm_token1_blk3_routed expert_id=53 selected_range tensor=blk.1.ffn_down_exps.weight offset=627362704 bytes=1622016 layout=DIRECT
reference_warm_token1_blk3_routed prefetch expert_id=53 tensor=blk.1.ffn_gate_exps.weight dependency_distance=0
reference_warm_token1_blk3_routed prefetch expert_id=53 tensor=blk.1.ffn_up_exps.weight dependency_distance=0
reference_warm_token1_blk3_routed prefetch expert_id=53 tensor=blk.1.ffn_down_exps.weight dependency_distance=2
expert_parity max_abs=0 max_rel=0 mean_abs=0 tolerance=1e-5
reference_warm_token1_blk3_routed expert_id=53 consumer_wait=not_instrumented acquire_release=recorded peak_active=1622016 peak_resident=8245248
reference_warm_token1_blk3_routed expert_rank=3 expert_id=35 router_rank=3 graph_created=YES graph_refs=gate:0,up:1,down:2 storage_ref_base=30105 score_preserved=YES
reference_warm_token1_blk3_routed expert_id=35 selected_range tensor=blk.1.ffn_gate_exps.weight offset=489018224 bytes=563200 layout=DIRECT
reference_warm_token1_blk3_routed expert_id=35 selected_range tensor=blk.1.ffn_up_exps.weight offset=525063040 bytes=563200 layout=DIRECT
reference_warm_token1_blk3_routed expert_id=35 selected_range tensor=blk.1.ffn_down_exps.weight offset=598166416 bytes=1622016 layout=DIRECT
reference_warm_token1_blk3_routed prefetch expert_id=35 tensor=blk.1.ffn_gate_exps.weight dependency_distance=0
reference_warm_token1_blk3_routed prefetch expert_id=35 tensor=blk.1.ffn_up_exps.weight dependency_distance=0
reference_warm_token1_blk3_routed prefetch expert_id=35 tensor=blk.1.ffn_down_exps.weight dependency_distance=2
expert_parity max_abs=0 max_rel=0 mean_abs=0 tolerance=1e-5
reference_warm_token1_blk3_routed expert_id=35 consumer_wait=not_instrumented acquire_release=recorded peak_active=1622016 peak_resident=8245248
reference_warm_token1_blk3_routed expert_rank=4 expert_id=15 router_rank=4 graph_created=YES graph_refs=gate:0,up:1,down:2 storage_ref_base=30045 score_preserved=YES
reference_warm_token1_blk3_routed expert_id=15 selected_range tensor=blk.1.ffn_gate_exps.weight offset=477754224 bytes=563200 layout=DIRECT
reference_warm_token1_blk3_routed expert_id=15 selected_range tensor=blk.1.ffn_up_exps.weight offset=513799040 bytes=563200 layout=DIRECT
reference_warm_token1_blk3_routed expert_id=15 selected_range tensor=blk.1.ffn_down_exps.weight offset=565726096 bytes=1622016 layout=DIRECT
reference_warm_token1_blk3_routed prefetch expert_id=15 tensor=blk.1.ffn_gate_exps.weight dependency_distance=0
reference_warm_token1_blk3_routed prefetch expert_id=15 tensor=blk.1.ffn_up_exps.weight dependency_distance=0
reference_warm_token1_blk3_routed prefetch expert_id=15 tensor=blk.1.ffn_down_exps.weight dependency_distance=2
expert_parity max_abs=0 max_rel=0 mean_abs=0 tolerance=1e-5
reference_warm_token1_blk3_routed expert_id=15 consumer_wait=not_instrumented acquire_release=recorded peak_active=1622016 peak_resident=8245248
reference_warm_token1_blk3_routed expert_rank=5 expert_id=59 router_rank=5 graph_created=YES graph_refs=gate:0,up:1,down:2 storage_ref_base=30177 score_preserved=YES
reference_warm_token1_blk3_routed expert_id=59 selected_range tensor=blk.1.ffn_gate_exps.weight offset=502535024 bytes=563200 layout=DIRECT
reference_warm_token1_blk3_routed expert_id=59 selected_range tensor=blk.1.ffn_up_exps.weight offset=538579840 bytes=563200 layout=DIRECT
reference_warm_token1_blk3_routed expert_id=59 selected_range tensor=blk.1.ffn_down_exps.weight offset=637094800 bytes=1622016 layout=DIRECT
reference_warm_token1_blk3_routed prefetch expert_id=59 tensor=blk.1.ffn_gate_exps.weight dependency_distance=0
reference_warm_token1_blk3_routed prefetch expert_id=59 tensor=blk.1.ffn_up_exps.weight dependency_distance=0
reference_warm_token1_blk3_routed prefetch expert_id=59 tensor=blk.1.ffn_down_exps.weight dependency_distance=2
expert_parity max_abs=0 max_rel=0 mean_abs=0 tolerance=1e-5
reference_warm_token1_blk3_routed expert_id=59 consumer_wait=not_instrumented acquire_release=recorded peak_active=1622016 peak_resident=8245248
reference_warm_token1_blk3_routed residency_hits=36 residency_misses=42 source_reads=18 materialization_requests=18 source_policy_calls=18 evictions=11 resident_tensors_after=9
routed_merge_parity max_abs=0 max_rel=0 mean_abs=0 tolerance=1e-5
shared_expert_parity max_abs=0 max_rel=0 mean_abs=0 tolerance=1e-5
pre_residual_composition_parity max_abs=0 max_rel=0 mean_abs=0 tolerance=1e-5
final_layer_parity max_abs=0 max_rel=0 mean_abs=0 tolerance=1e-5
reference_warm_token1_blk3 shared_expert=REQUIRED shared_graph_created=YES residual_add=YES final_composition=PASS
ffn_timing tensor=blk.1.ffn_gate_inp.weight payload_ready_ns=5948492299056 first_consumer_start_ns=5948574245073 payload_to_first_consumer_ns=81946017
ffn_timing tensor=blk.1.ffn_gate_shexp.weight payload_ready_ns=5952437573064 first_consumer_start_ns=5952515216532 payload_to_first_consumer_ns=77643468
ffn_timing tensor=blk.1.ffn_gate_exps.weight payload_ready_ns=5948705483180 first_consumer_start_ns=5948785735694 payload_to_first_consumer_ns=80252514
reference_warm_token1_blk3 full_layer_residency_hits=46 misses=51 evictions=15 source_reads=23 source_bytes=20402176 materialization_requests=23 resident_tensors_after=8
reference_warm_token1_blk3 full_layer_peak_active_persistent_bytes=1622016 full_layer_peak_resident_bytes=8312832
reference_warm_token1_blk3 first_payload_to_shared_compute_start_ns=4125491004 execution_ready_to_consumer_ns=NOT_INSTRUMENTED payload_to_first_useful_compute=NOT_INSTRUMENTED
warm_token1_blk3_attention_parity max_abs=0 max_rel=0 mean_abs=0 tolerance=1e-5
warm_token1_blk3_block_parity max_abs=0 max_rel=0 mean_abs=0 tolerance=1e-5
warm_sequence_parity=PASS warm_source_reads=MEASURED
cold_source_reads=172 cold_source_bytes=139249664 warm_source_reads=172 warm_source_bytes=139249664 residency_evictions=MEASURED reloads=MEASURED cache_thrash_observed=YES
total_logical_persistent_bytes=72385536 peak_active_persistent_bytes=1892352 peak_active_fraction=0.0261417
peak_resident_bytes=8312832 total_bytes_copied_for_execution_prep=0 total_bytes_repacked=0 total_bytes_transcoded=0 model_artifact_mutated=NO architecture_specific_runtime_logic=NO vbuf_format_change_required=NO
