elapsed_us,rss_bytes,vsize_bytes,minor_faults,major_faults,read_bytes,available_bytes,thread_count,process_cpu_pct,system_user_ticks,system_system_ticks,system_idle_ticks,system_iowait_ticks,thermal_json,frequency_json
6193,131072,3547136,15,1,393216,7813509120,1,0.0,2515175,396233,10158900,25630,"{""thermal_zone0"": 39000, ""thermal_zone1"": 40000}","{""cpu0"": 1600000, ""cpu1"": 1600000, ""cpu2"": 1600000, ""cpu3"": 1600000, ""cpu4"": 1600000, ""cpu5"": 1600000, ""cpu6"": 1600000, ""cpu7"": 1600000}"
126538,6684672,5005656064,320,48,5140480,7814356992,1,33.237888520587234,2515178,396237,10158983,25636,"{""thermal_zone0"": 39000, ""thermal_zone1"": 40000}","{""cpu0"": 1600000, ""cpu1"": 1600000, ""cpu2"": 1600000, ""cpu3"": 1600000, ""cpu4"": 1600000, ""cpu5"": 1600000, ""cpu6"": 1600000, ""cpu7"": 1600000}"
242509,9830400,5005656064,323,97,11431936,7814168576,1,17.24562173329122,2515179,396241,10159061,25646,"{""thermal_zone0"": 38000, ""thermal_zone1"": 39000}","{""cpu0"": 1600000, ""cpu1"": 1600000, ""cpu2"": 1600000, ""cpu3"": 1600000, ""cpu4"": 1600000, ""cpu5"": 1600000, ""cpu6"": 1600000, ""cpu7"": 1600000}"
358301,12976128,5005656064,326,145,17723392,7814295552,1,8.636208698854029,2515180,396243,10159140,25655,"{""thermal_zone0"": 38000, ""thermal_zone1"": 39000}","{""cpu0"": 1600000, ""cpu1"": 1600000, ""cpu2"": 1600000, ""cpu3"": 1600000, ""cpu4"": 1600000, ""cpu5"": 1600000, ""cpu6"": 1600000, ""cpu7"": 1600000}"
474059,16121856,5005656064,328,192,24014848,7813988352,1,17.277447023611177,2515182,396246,10159218,25665,"{""thermal_zone0"": 39000, ""thermal_zone1"": 38000}","{""cpu0"": 1600000, ""cpu1"": 1600000, ""cpu2"": 1600000, ""cpu3"": 1600000, ""cpu4"": 1600000, ""cpu5"": 1600000, ""cpu6"": 1600000, ""cpu7"": 1600000}"
589905,19136512,5005656064,330,240,30289920,7813795840,1,17.264266816757598,2515183,396248,10159296,25675,"{""thermal_zone0"": 38000, ""thermal_zone1"": 39000}","{""cpu0"": 1600000, ""cpu1"": 1600000, ""cpu2"": 1600000, ""cpu3"": 1600000, ""cpu4"": 1600000, ""cpu5"": 1600000, ""cpu6"": 1600000, ""cpu7"": 1600000}"
705515,22282240,5005656064,333,288,36581376,7813926912,1,17.29959588057525,2515184,396251,10159375,25685,"{""thermal_zone0"": 39000, ""thermal_zone1"": 39000}","{""cpu0"": 1600000, ""cpu1"": 1600000, ""cpu2"": 1600000, ""cpu3"": 1600000, ""cpu4"": 1600000, ""cpu5"": 1600000, ""cpu6"": 1600000, ""cpu7"": 1600000}"
821221,26738688,5005656064,375,340,42831872,7813971968,1,17.28509331132918,2515187,396254,10159453,25693,"{""thermal_zone0"": 38000, ""thermal_zone1"": 38000}","{""cpu0"": 1600000, ""cpu1"": 1600000, ""cpu2"": 1600000, ""cpu3"": 1600000, ""cpu4"": 1600000, ""cpu5"": 1600000, ""cpu6"": 1600000, ""cpu7"": 1600000}"
936526,32899072,5008654336,1385,367,44654592,7809548288,1,86.7269321711092,2515196,396256,10159533,25694,"{""thermal_zone0"": 39000, ""thermal_zone1"": 39000}","{""cpu0"": 1600000, ""cpu1"": 1600000, ""cpu2"": 1600000, ""cpu3"": 1600000, ""cpu4"": 1600000, ""cpu5"": 1600000, ""cpu6"": 1600000, ""cpu7"": 1600000}"
1051578,36192256,5012144128,2329,367,44654592,7806193664,1,95.60833375082305,2515208,396258,10159612,25694,"{""thermal_zone0"": 39000, ""thermal_zone1"": 40000}","{""cpu0"": 1600000, ""cpu1"": 1600000, ""cpu2"": 1600000, ""cpu3"": 1600000, ""cpu4"": 1600000, ""cpu5"": 1600000, ""cpu6"": 1600000, ""cpu7"": 1600000}"
1166386,39731200,5015523328,3184,367,44654592,7802839040,1,104.52272441616873,2515219,396259,10159691,25694,"{""thermal_zone0"": 39000, ""thermal_zone1"": 40000}","{""cpu0"": 1600000, ""cpu1"": 1600000, ""cpu2"": 1600000, ""cpu3"": 1600000, ""cpu4"": 1600000, ""cpu5"": 1600000, ""cpu6"": 1600000, ""cpu7"": 1600000}"
1281672,46501888,5022355456,5003,367,44654592,7795871744,1,95.41455516424601,2515231,396260,10159770,25694,"{""thermal_zone0"": 39000, ""thermal_zone1"": 39000}","{""cpu0"": 1600000, ""cpu1"": 1600000, ""cpu2"": 1600000, ""cpu3"": 1600000, ""cpu4"": 1600000, ""cpu5"": 1600000, ""cpu6"": 1600000, ""cpu7"": 1600000}"
1396723,50171904,5026029568,5893,367,44654592,7792259072,1,104.30230493317742,2515243,396261,10159849,25694,"{""thermal_zone0"": 39000, ""thermal_zone1"": 39000}","{""cpu0"": 1600000, ""cpu1"": 1600000, ""cpu2"": 1600000, ""cpu3"": 1600000, ""cpu4"": 1600000, ""cpu5"": 1600000, ""cpu6"": 1600000, ""cpu7"": 1600000}"
1511361,54366208,5030252544,6927,367,44654592,7788130304,1,95.95394991992382,2515254,396263,10159927,25694,"{""thermal_zone0"": 39000, ""thermal_zone1"": 39000}","{""cpu0"": 1600000, ""cpu1"": 1600000, ""cpu2"": 1600000, ""cpu3"": 1600000, ""cpu4"": 1600000, ""cpu5"": 1600000, ""cpu6"": 1600000, ""cpu7"": 1600000}"
1626287,55545856,5030928384,7088,368,44666880,7787835392,1,104.41499125707175,2515265,396265,10160006,25694,"{""thermal_zone0"": 39000, ""thermal_zone1"": 40000}","{""cpu0"": 1600000, ""cpu1"": 1600000, ""cpu2"": 1600000, ""cpu3"": 1600000, ""cpu4"": 1600000, ""cpu5"": 1600000, ""cpu6"": 1600000, ""cpu7"": 1600000}"
1741175,55545856,5030928384,7088,368,44666880,7787839488,1,104.44945086136414,2515278,396266,10160085,25694,"{""thermal_zone0"": 39000, ""thermal_zone1"": 39000}","{""cpu0"": 1600000, ""cpu1"": 1600000, ""cpu2"": 1600000, ""cpu3"": 1600000, ""cpu4"": 1600000, ""cpu5"": 1600000, ""cpu6"": 1600000, ""cpu7"": 1600000}"
1856275,55545856,5030928384,7088,368,44666880,7787839488,1,95.56894831767679,2515291,396266,10160164,25694,"{""thermal_zone0"": 40000, ""thermal_zone1"": 39000}","{""cpu0"": 1600000, ""cpu1"": 1600000, ""cpu2"": 1600000, ""cpu3"": 1600000, ""cpu4"": 1600000, ""cpu5"": 1600000, ""cpu6"": 1600000, ""cpu7"": 1600000}"
1971289,55545856,5030928384,7088,368,44666880,7787839488,1,95.64030204076842,2515303,396266,10160243,25694,"{""thermal_zone0"": 39000, ""thermal_zone1"": 39000}","{""cpu0"": 1600000, ""cpu1"": 1600000, ""cpu2"": 1600000, ""cpu3"": 1600000, ""cpu4"": 1600000, ""cpu5"": 1600000, ""cpu6"": 1600000, ""cpu7"": 1600000}"
2086541,58822656,5034209280,7899,368,44666880,7784484864,1,104.12017773036683,2515316,396266,10160322,25694,"{""thermal_zone0"": 39000, ""thermal_zone1"": 39000}","{""cpu0"": 1600000, ""cpu1"": 1600000, ""cpu2"": 1600000, ""cpu3"": 1600000, ""cpu4"": 1600000, ""cpu5"": 1600000, ""cpu6"": 1600000, ""cpu7"": 1600000}"
2201463,58822656,5034209280,7908,368,44666880,7784484864,1,104.41813308592269,2515328,396267,10160401,25694,"{""thermal_zone0"": 40000, ""thermal_zone1"": 39000}","{""cpu0"": 1600000, ""cpu1"": 1600000, ""cpu2"": 1600000, ""cpu3"": 1600000, ""cpu4"": 1600000, ""cpu5"": 1600000, ""cpu6"": 1600000, ""cpu7"": 1600000}"
2316558,63934464,10029924352,8568,390,47435776,7781629952,1,78.19659672250432,2515337,396269,10160482,25694,"{""thermal_zone0"": 40000, ""thermal_zone1"": 39000}","{""cpu0"": 1600000, ""cpu1"": 1600000, ""cpu2"": 1600000, ""cpu3"": 1600000, ""cpu4"": 1600000, ""cpu5"": 1600000, ""cpu6"": 1600000, ""cpu7"": 1600000}"
2433104,79925248,10029924352,10652,451,55562240,7773609984,1,34.32126287695172,2515339,396274,10160568,25694,"{""thermal_zone0"": 40000, ""thermal_zone1"": 40000}","{""cpu0"": 1600000, ""cpu1"": 1600000, ""cpu2"": 1600000, ""cpu3"": 1600000, ""cpu4"": 1600000, ""cpu5"": 1600000, ""cpu6"": 1600000, ""cpu7"": 1600000}"
2550133,112693248,10029924352,14907,506,61480960,7757447168,1,51.269057862361244,2515342,396278,10160652,25695,"{""thermal_zone0"": 39000, ""thermal_zone1"": 40000}","{""cpu0"": 1600000, ""cpu1"": 1600000, ""cpu2"": 1600000, ""cpu3"": 1600000, ""cpu4"": 1600000, ""cpu5"": 1600000, ""cpu6"": 1600000, ""cpu7"": 1600000}"
2665966,192909312,10029924352,25233,539,62676992,7715848192,1,86.33186043121798,2515348,396283,10160733,25696,"{""thermal_zone0"": 40000, ""thermal_zone1"": 40000}","{""cpu0"": 1600000, ""cpu1"": 1600000, ""cpu2"": 1600000, ""cpu3"": 1600000, ""cpu4"": 1600000, ""cpu5"": 1600000, ""cpu6"": 1600000, ""cpu7"": 1600000}"
2785259,300126208,10029924352,39139,543,62697472,7661936640,1,100.59189950198628,2515354,396291,10160814,25696,"{""thermal_zone0"": 40000, ""thermal_zone1"": 40000}","{""cpu0"": 1600000, ""cpu1"": 1600000, ""cpu2"": 1600000, ""cpu3"": 1600000, ""cpu4"": 1600000, ""cpu5"": 1600000, ""cpu6"": 1600000, ""cpu7"": 1600000}"
2904652,356093952,10029924352,46442,589,66998272,7635001344,1,67.0061050769973,2515358,396296,10160898,25696,"{""thermal_zone0"": 39000, ""thermal_zone1"": 39000}","{""cpu0"": 1600000, ""cpu1"": 1600000, ""cpu2"": 1600000, ""cpu3"": 1600000, ""cpu4"": 1600000, ""cpu5"": 1600000, ""cpu6"": 1600000, ""cpu7"": 1600000}"
3021149,435916800,10029924352,56741,628,68448256,7593877504,1,77.25515589965994,2515363,396302,10160979,25697,"{""thermal_zone0"": 39000, ""thermal_zone1"": 40000}","{""cpu0"": 1600000, ""cpu1"": 1600000, ""cpu2"": 1600000, ""cpu3"": 1600000, ""cpu4"": 1600000, ""cpu5"": 1600000, ""cpu6"": 1600000, ""cpu7"": 1600000}"
3140294,517836800,10029924352,67468,664,70270976,7553093632,1,83.9308256906483,2515367,396310,10161061,25698,"{""thermal_zone0"": 40000, ""thermal_zone1"": 39000}","{""cpu0"": 1600000, ""cpu1"": 1600000, ""cpu2"": 1600000, ""cpu3"": 1600000, ""cpu4"": 1600000, ""cpu5"": 1600000, ""cpu6"": 1600000, ""cpu7"": 1600000}"
3258952,615878656,10029924352,80193,683,70569984,7503085568,1,92.70359812835144,2515374,396318,10161142,25699,"{""thermal_zone0"": 39000, ""thermal_zone1"": 39000}","{""cpu0"": 1600000, ""cpu1"": 1600000, ""cpu2"": 1600000, ""cpu3"": 1600000, ""cpu4"": 1600000, ""cpu5"": 1600000, ""cpu6"": 1600000, ""cpu7"": 1600000}"
3377991,677875712,10029924352,88337,720,74682368,7473168384,1,67.20520211275682,2515376,396327,10161227,25699,"{""thermal_zone0"": 39000, ""thermal_zone1"": 40000}","{""cpu0"": 1600000, ""cpu1"": 1600000, ""cpu2"": 1600000, ""cpu3"": 1600000, ""cpu4"": 1600000, ""cpu5"": 1600000, ""cpu6"": 1600000, ""cpu7"": 1600000}"
3495342,710512640,10029924352,92517,802,79568896,7455309824,1,51.12852891556484,2515379,396330,10161310,25702,"{""thermal_zone0"": 39000, ""thermal_zone1"": 40000}","{""cpu0"": 1600000, ""cpu1"": 1600000, ""cpu2"": 1600000, ""cpu3"": 1600000, ""cpu4"": 1600000, ""cpu5"": 1600000, ""cpu6"": 1600000, ""cpu7"": 1600000}"
3613380,807112704,10029924352,105070,814,79949824,7407714304,1,93.19055275518886,2515384,396338,10161390,25702,"{""thermal_zone0"": 40000, ""thermal_zone1"": 40000}","{""cpu0"": 1600000, ""cpu1"": 1600000, ""cpu2"": 1600000, ""cpu3"": 1600000, ""cpu4"": 1600000, ""cpu5"": 1600000, ""cpu6"": 1600000, ""cpu7"": 1600000}"
3731975,866357248,10029924352,112892,857,84295680,7378100224,1,75.88797019849054,2515387,396346,10161474,25703,"{""thermal_zone0"": 40000, ""thermal_zone1"": 40000}","{""cpu0"": 1600000, ""cpu1"": 1600000, ""cpu2"": 1600000, ""cpu3"": 1600000, ""cpu4"": 1600000, ""cpu5"": 1600000, ""cpu6"": 1600000, ""cpu7"": 1600000}"
3848770,883134464,10029924352,115048,921,92553216,7369711616,1,34.248276613877685,2515388,396350,10161561,25703,"{""thermal_zone0"": 39000, ""thermal_zone1"": 41000}","{""cpu0"": 1600000, ""cpu1"": 1600000, ""cpu2"": 1600000, ""cpu3"": 1600000, ""cpu4"": 1600000, ""cpu5"": 1600000, ""cpu6"": 1600000, ""cpu7"": 1600000}"
3965629,899780608,10029924352,117239,984,100806656,7361339392,1,42.786625486194055,2515390,396355,10161648,25703,"{""thermal_zone0"": 40000, ""thermal_zone1"": 39000}","{""cpu0"": 1600000, ""cpu1"": 1600000, ""cpu2"": 1600000, ""cpu3"": 1600000, ""cpu4"": 1600000, ""cpu5"": 1600000, ""cpu6"": 1600000, ""cpu7"": 1600000}"
4082076,915771392,10029924352,119219,1044,108670976,7353319424,1,34.35013423302518,2515391,396361,10161734,25703,"{""thermal_zone0"": 39000, ""thermal_zone1"": 40000}","{""cpu0"": 1600000, ""cpu1"": 1600000, ""cpu2"": 1600000, ""cpu3"": 1600000, ""cpu4"": 1600000, ""cpu5"": 1600000, ""cpu6"": 1600000, ""cpu7"": 1600000}"
4198756,931500032,10029924352,121232,1105,116666368,7345299456,1,34.28182310289598,2515393,396366,10161821,25703,"{""thermal_zone0"": 40000, ""thermal_zone1"": 39000}","{""cpu0"": 1600000, ""cpu1"": 1600000, ""cpu2"": 1600000, ""cpu3"": 1600000, ""cpu4"": 1600000, ""cpu5"": 1600000, ""cpu6"": 1600000, ""cpu7"": 1600000}"
4315646,947752960,10029924352,123245,1166,124661760,7337340928,1,34.220283734402756,2515394,396370,10161908,25703,"{""thermal_zone0"": 39000, ""thermal_zone1"": 40000}","{""cpu0"": 1600000, ""cpu1"": 1600000, ""cpu2"": 1600000, ""cpu3"": 1600000, ""cpu4"": 1600000, ""cpu5"": 1600000, ""cpu6"": 1600000, ""cpu7"": 1600000}"
4432398,963743744,10029924352,125258,1227,132657152,7329320960,1,42.825730428591946,2515396,396374,10161995,25703,"{""thermal_zone0"": 40000, ""thermal_zone1"": 39000}","{""cpu0"": 1600000, ""cpu1"": 1600000, ""cpu2"": 1600000, ""cpu3"": 1600000, ""cpu4"": 1600000, ""cpu5"": 1600000, ""cpu6"": 1600000, ""cpu7"": 1600000}"
4548973,981700608,10029924352,127600,1293,140021760,7319883776,1,34.31285997353329,2515398,396378,10162081,25703,"{""thermal_zone0"": 39000, ""thermal_zone1"": 40000}","{""cpu0"": 1600000, ""cpu1"": 1600000, ""cpu2"": 1600000, ""cpu3"": 1600000, ""cpu4"": 1600000, ""cpu5"": 1600000, ""cpu6"": 1600000, ""cpu7"": 1600000}"
4665358,998084608,10029924352,129750,1357,147795968,7311568896,1,42.96090953332054,2515400,396383,10162167,25704,"{""thermal_zone0"": 39000, ""thermal_zone1"": 39000}","{""cpu0"": 1600000, ""cpu1"": 1600000, ""cpu2"": 1600000, ""cpu3"": 1600000, ""cpu4"": 1600000, ""cpu5"": 1600000, ""cpu6"": 1600000, ""cpu7"": 1600000}"
4781940,1089703936,10029924352,141562,1370,148615168,7264264192,1,85.77598756810872,2515404,396395,10162241,25704,"{""thermal_zone0"": 41000, ""thermal_zone1"": 41000}","{""cpu0"": 1600000, ""cpu1"": 1600000, ""cpu2"": 1600000, ""cpu3"": 1600000, ""cpu4"": 1600000, ""cpu5"": 1600000, ""cpu6"": 1600000, ""cpu7"": 1600000}"
4904323,1196920832,10029924352,155523,1381,148705280,7210172416,1,89.88172937153846,2515410,396406,10162321,25704,"{""thermal_zone0"": 40000, ""thermal_zone1"": 40000}","{""cpu0"": 1600000, ""cpu1"": 1600000, ""cpu2"": 1600000, ""cpu3"": 1600000, ""cpu4"": 1600000, ""cpu5"": 1600000, ""cpu6"": 1600000, ""cpu7"": 1600000}"
5023853,1268486144,10029924352,164903,1410,151756800,7175270400,1,83.66096221049396,2515414,396414,10162404,25705,"{""thermal_zone0"": 39000, ""thermal_zone1"": 40000}","{""cpu0"": 1600000, ""cpu1"": 1600000, ""cpu2"": 1600000, ""cpu3"": 1600000, ""cpu4"": 1600000, ""cpu5"": 1600000, ""cpu6"": 1600000, ""cpu7"": 1600000}"
5140565,1284345856,10029924352,166977,1471,159412224,7166902272,1,42.84056050018925,2515416,396418,10162490,25705,"{""thermal_zone0"": 39000, ""thermal_zone1"": 40000}","{""cpu0"": 1600000, ""cpu1"": 1600000, ""cpu2"": 1600000, ""cpu3"": 1600000, ""cpu4"": 1600000, ""cpu5"": 1600000, ""cpu6"": 1600000, ""cpu7"": 1600000}"
5257474,1329827840,10029924352,172859,1523,164188160,7143063552,1,51.322101822091994,2515419,396424,10162574,25705,"{""thermal_zone0"": 40000, ""thermal_zone1"": 40000}","{""cpu0"": 1600000, ""cpu1"": 1600000, ""cpu2"": 1600000, ""cpu3"": 1600000, ""cpu4"": 1600000, ""cpu5"": 1600000, ""cpu6"": 1600000, ""cpu7"": 1600000}"
5376414,1424986112,10029924352,185213,1535,164827136,7095189504,1,92.48328871112741,2515425,396431,10162655,25706,"{""thermal_zone0"": 41000, ""thermal_zone1"": 40000}","{""cpu0"": 1600000, ""cpu1"": 1600000, ""cpu2"": 1600000, ""cpu3"": 1600000, ""cpu4"": 1600000, ""cpu5"": 1600000, ""cpu6"": 1600000, ""cpu7"": 1600000}"
5495980,1526304768,10029924352,198420,1548,164937728,7044435968,1,100.36320775799568,2515429,396440,10162737,25706,"{""thermal_zone0"": 40000, ""thermal_zone1"": 39000}","{""cpu0"": 1600000, ""cpu1"": 1600000, ""cpu2"": 1600000, ""cpu3"": 1600000, ""cpu4"": 1600000, ""cpu5"": 1600000, ""cpu6"": 1600000, ""cpu7"": 1600000}"
5615526,1630375936,10029924352,211998,1558,164937728,6991589376,1,100.38020844251423,2515436,396448,10162818,25706,"{""thermal_zone0"": 40000, ""thermal_zone1"": 39000}","{""cpu0"": 1600000, ""cpu1"": 1600000, ""cpu2"": 1600000, ""cpu3"": 1600000, ""cpu4"": 1600000, ""cpu5"": 1600000, ""cpu6"": 1600000, ""cpu7"": 1600000}"
5734949,1725403136,10029924352,224331,1568,165830656,6943711232,1,92.1090927366571,2515440,396455,10162900,25706,"{""thermal_zone0"": 41000, ""thermal_zone1"": 40000}","{""cpu0"": 1600000, ""cpu1"": 1600000, ""cpu2"": 1600000, ""cpu3"": 1600000, ""cpu4"": 1600000, ""cpu5"": 1600000, ""cpu6"": 1600000, ""cpu7"": 1600000}"
5854419,1825542144,10029924352,237373,1581,165937152,6893223936,1,92.07366063605673,2515446,396464,10162981,25707,"{""thermal_zone0"": 40000, ""thermal_zone1"": 39000}","{""cpu0"": 1600000, ""cpu1"": 1600000, ""cpu2"": 1600000, ""cpu3"": 1600000, ""cpu4"": 1600000, ""cpu5"": 1600000, ""cpu6"": 1600000, ""cpu7"": 1600000}"
5973729,1916375040,10029924352,249163,1595,166993920,6847848448,1,92.19655406830036,2515451,396470,10163063,25707,"{""thermal_zone0"": 40000, ""thermal_zone1"": 41000}","{""cpu0"": 1600000, ""cpu1"": 1600000, ""cpu2"": 1600000, ""cpu3"": 1600000, ""cpu4"": 1600000, ""cpu5"": 1600000, ""cpu6"": 1600000, ""cpu7"": 1600000}"
6092681,2007863296,10029924352,261093,1614,168042496,6801674240,1,92.474217809771,2515458,396475,10163145,25707,"{""thermal_zone0"": 41000, ""thermal_zone1"": 40000}","{""cpu0"": 1600000, ""cpu1"": 1600000, ""cpu2"": 1600000, ""cpu3"": 1600000, ""cpu4"": 1600000, ""cpu5"": 1600000, ""cpu6"": 1600000, ""cpu7"": 1600000}"
6211813,2112851968,10029924352,274843,1623,168370176,6749876224,1,100.72900265326908,2515463,396484,10163227,25707,"{""thermal_zone0"": 39000, ""thermal_zone1"": 40000}","{""cpu0"": 1600000, ""cpu1"": 1600000, ""cpu2"": 1600000, ""cpu3"": 1600000, ""cpu4"": 1600000, ""cpu5"": 1600000, ""cpu6"": 1600000, ""cpu7"": 1600000}"
6328493,2205126656,10029924352,286737,1634,169091072,6702342144,1,85.70388493567816,2515467,396492,10163307,25707,"{""thermal_zone0"": 41000, ""thermal_zone1"": 40000}","{""cpu0"": 1600000, ""cpu1"": 1600000, ""cpu2"": 1600000, ""cpu3"": 1600000, ""cpu4"": 1600000, ""cpu5"": 1600000, ""cpu6"": 1600000, ""cpu7"": 1600000}"
6448493,2290978816,10029924352,298020,1656,170831872,6659182592,1,91.66700812627194,2515472,396500,10163390,25708,"{""thermal_zone0"": 40000, ""thermal_zone1"": 40000}","{""cpu0"": 1600000, ""cpu1"": 1600000, ""cpu2"": 1600000, ""cpu3"": 1600000, ""cpu4"": 1600000, ""cpu5"": 1600000, ""cpu6"": 1600000, ""cpu7"": 1600000}"
6567607,2384957440,10029924352,310158,1669,171880448,6611460096,1,92.34832272820587,2515476,396508,10163472,25708,"{""thermal_zone0"": 39000, ""thermal_zone1"": 41000}","{""cpu0"": 1600000, ""cpu1"": 1600000, ""cpu2"": 1600000, ""cpu3"": 1600000, ""cpu4"": 1600000, ""cpu5"": 1600000, ""cpu6"": 1600000, ""cpu7"": 1600000}"
6687026,2492960768,10029924352,324235,1679,171880448,6557270016,1,100.48713483310159,2515481,396517,10163554,25708,"{""thermal_zone0"": 41000, ""thermal_zone1"": 40000}","{""cpu0"": 1600000, ""cpu1"": 1600000, ""cpu2"": 1600000, ""cpu3"": 1600000, ""cpu4"": 1600000, ""cpu5"": 1600000, ""cpu6"": 1600000, ""cpu7"": 1600000}"
6807406,2602668032,10029924352,338541,1688,171880448,6501531648,1,99.683673797937,2515486,396526,10163636,25708,"{""thermal_zone0"": 39000, ""thermal_zone1"": 41000}","{""cpu0"": 1600000, ""cpu1"": 1600000, ""cpu2"": 1600000, ""cpu3"": 1600000, ""cpu4"": 1600000, ""cpu5"": 1600000, ""cpu6"": 1600000, ""cpu7"": 1600000}"
6928081,2712768512,10029924352,352877,1696,171880448,6446309376,1,91.15427330404574,2515491,396535,10163718,25708,"{""thermal_zone0"": 40000, ""thermal_zone1"": 40000}","{""cpu0"": 1600000, ""cpu1"": 1600000, ""cpu2"": 1600000, ""cpu3"": 1600000, ""cpu4"": 1600000, ""cpu5"": 1600000, ""cpu6"": 1600000, ""cpu7"": 1600000}"
7047112,2821820416,10029924352,367049,1699,171880448,6391345152,1,109.21510514801864,2515495,396545,10163799,25708,"{""thermal_zone0"": 41000, ""thermal_zone1"": 40000}","{""cpu0"": 1600000, ""cpu1"": 1600000, ""cpu2"": 1600000, ""cpu3"": 1600000, ""cpu4"": 1600000, ""cpu5"": 1600000, ""cpu6"": 1600000, ""cpu7"": 1600000}"
7166444,2930872320,10029924352,381233,1708,171880448,6336638976,1,100.55997239628758,2515501,396553,10163881,25708,"{""thermal_zone0"": 40000, ""thermal_zone1"": 40000}","{""cpu0"": 1600000, ""cpu1"": 1600000, ""cpu2"": 1600000, ""cpu3"": 1600000, ""cpu4"": 1600000, ""cpu5"": 1600000, ""cpu6"": 1600000, ""cpu7"": 1600000}"
7285635,3038744576,10029924352,395302,1719,171929600,6281961472,1,100.67861497536843,2515506,396561,10163962,25708,"{""thermal_zone0"": 40000, ""thermal_zone1"": 41000}","{""cpu0"": 1600000, ""cpu1"": 1600000, ""cpu2"": 1600000, ""cpu3"": 1600000, ""cpu4"": 1600000, ""cpu5"": 1600000, ""cpu6"": 1600000, ""cpu7"": 1600000}"
7404663,3142160384,10029924352,408806,1728,172527616,6231203840,1,92.41494741539084,2515512,396569,10164043,25708,"{""thermal_zone0"": 41000, ""thermal_zone1"": 41000}","{""cpu0"": 1600000, ""cpu1"": 1600000, ""cpu2"": 1600000, ""cpu3"": 1600000, ""cpu4"": 1600000, ""cpu5"": 1600000, ""cpu6"": 1600000, ""cpu7"": 1600000}"
7521165,3168505856,10029924352,412234,1822,178823168,6217318400,1,42.91784266562652,2515516,396574,10164127,25710,"{""thermal_zone0"": 40000, ""thermal_zone1"": 40000}","{""cpu0"": 1600000, ""cpu1"": 1600000, ""cpu2"": 1600000, ""cpu3"": 1600000, ""cpu4"": 1600000, ""cpu5"": 1600000, ""cpu6"": 1600000, ""cpu7"": 1600000}"
7637732,3211628544,10029924352,417796,1912,183160832,6194892800,1,60.05145397309557,2515519,396578,10164209,25712,"{""thermal_zone0"": 40000, ""thermal_zone1"": 40000}","{""cpu0"": 1600000, ""cpu1"": 1600000, ""cpu2"": 1600000, ""cpu3"": 1600000, ""cpu4"": 1600000, ""cpu5"": 1600000, ""cpu6"": 1600000, ""cpu7"": 1600000}"
7757363,3307573248,10029924352,430340,1929,184119296,6147723264,1,83.59004113599669,2515524,396587,10164291,25713,"{""thermal_zone0"": 41000, ""thermal_zone1"": 40000}","{""cpu0"": 1600000, ""cpu1"": 1600000, ""cpu2"": 1600000, ""cpu3"": 1600000, ""cpu4"": 1600000, ""cpu5"": 1600000, ""cpu6"": 1600000, ""cpu7"": 1600000}"
7874387,3328020480,10029924352,432918,1998,191733760,6137520128,1,42.72635942415054,2515524,396591,10164376,25714,"{""thermal_zone0"": 40000, ""thermal_zone1"": 40000}","{""cpu0"": 1600000, ""cpu1"": 1600000, ""cpu2"": 1600000, ""cpu3"": 1600000, ""cpu4"": 1600000, ""cpu5"": 1600000, ""cpu6"": 1600000, ""cpu7"": 1600000}"
7990848,3398668288,10029924352,442136,2028,193974272,6101827584,1,85.86581090280791,2515529,396598,10164458,25714,"{""thermal_zone0"": 40000, ""thermal_zone1"": 40000}","{""cpu0"": 1600000, ""cpu1"": 1600000, ""cpu2"": 1600000, ""cpu3"": 1600000, ""cpu4"": 1600000, ""cpu5"": 1600000, ""cpu6"": 1600000, ""cpu7"": 1600000}"
8107275,3478097920,10029924352,452390,2044,195383296,6060806144,1,85.89024070679835,2515534,396604,10164540,25714,"{""thermal_zone0"": 40000, ""thermal_zone1"": 40000}","{""cpu0"": 1600000, ""cpu1"": 1600000, ""cpu2"": 1600000, ""cpu3"": 1600000, ""cpu4"": 1600000, ""cpu5"": 1600000, ""cpu6"": 1600000, ""cpu7"": 1600000}"
8225874,3570765824,10029924352,464536,2064,196354048,6014554112,1,84.318278330033,2515540,396609,10164621,25715,"{""thermal_zone0"": 40000, ""thermal_zone1"": 40000}","{""cpu0"": 1600000, ""cpu1"": 1600000, ""cpu2"": 1600000, ""cpu3"": 1600000, ""cpu4"": 1600000, ""cpu5"": 1600000, ""cpu6"": 1600000, ""cpu7"": 1600000}"
8344778,3651244032,10029924352,474994,2102,198049792,5974446080,1,75.69139930235742,2515545,396616,10164702,25717,"{""thermal_zone0"": 41000, ""thermal_zone1"": 39000}","{""cpu0"": 1600000, ""cpu1"": 1600000, ""cpu2"": 1600000, ""cpu3"": 1600000, ""cpu4"": 1600000, ""cpu5"": 1600000, ""cpu6"": 1600000, ""cpu7"": 1600000}"
8461705,3744960512,10029924352,487137,2128,198803456,5926170624,1,94.07570076647409,2515550,396623,10164782,25718,"{""thermal_zone0"": 40000, ""thermal_zone1"": 40000}","{""cpu0"": 1600000, ""cpu1"": 1600000, ""cpu2"": 1600000, ""cpu3"": 1600000, ""cpu4"": 1600000, ""cpu5"": 1600000, ""cpu6"": 1600000, ""cpu7"": 1600000}"
8581290,3827666944,10029924352,497916,2169,200364032,5884358656,1,75.25979115458128,2515554,396630,10164864,25719,"{""thermal_zone0"": 40000, ""thermal_zone1"": 40000}","{""cpu0"": 1600000, ""cpu1"": 1600000, ""cpu2"": 1600000, ""cpu3"": 1600000, ""cpu4"": 1600000, ""cpu5"": 1600000, ""cpu6"": 1600000, ""cpu7"": 1600000}"
8700751,3937898496,10029924352,512228,2172,200482816,5829255168,1,100.45180543369263,2515558,396640,10164946,25719,"{""thermal_zone0"": 40000, ""thermal_zone1"": 40000}","{""cpu0"": 1600000, ""cpu1"": 1600000, ""cpu2"": 1600000, ""cpu3"": 1600000, ""cpu4"": 1600000, ""cpu5"": 1600000, ""cpu6"": 1600000, ""cpu7"": 1600000}"
8820034,4047474688,10029924352,526491,2182,200482816,5773774848,1,108.98456880783507,2515564,396648,10165027,25719,"{""thermal_zone0"": 40000, ""thermal_zone1"": 40000}","{""cpu0"": 1600000, ""cpu1"": 1600000, ""cpu2"": 1600000, ""cpu3"": 1600000, ""cpu4"": 1600000, ""cpu5"": 1600000, ""cpu6"": 1600000, ""cpu7"": 1600000}"
8939491,4144599040,10029924352,539174,2206,201203712,5724962816,1,83.71170675990031,2515570,396655,10165109,25720,"{""thermal_zone0"": 40000, ""thermal_zone1"": 39000}","{""cpu0"": 1600000, ""cpu1"": 1600000, ""cpu2"": 1600000, ""cpu3"": 1600000, ""cpu4"": 1600000, ""cpu5"": 1600000, ""cpu6"": 1600000, ""cpu7"": 1600000}"
9059035,4253913088,10029924352,553334,2212,201334784,5669748736,1,100.38188783498502,2515575,396664,10165191,25721,"{""thermal_zone0"": 41000, ""thermal_zone1"": 41000}","{""cpu0"": 1600000, ""cpu1"": 1600000, ""cpu2"": 1600000, ""cpu3"": 1600000, ""cpu4"": 1600000, ""cpu5"": 1600000, ""cpu6"": 1600000, ""cpu7"": 1600000}"
9187717,4351954944,10029924352,566093,2250,202481664,5620596736,1,85.4820343574055,2515581,396671,10165278,25722,"{""thermal_zone0"": 41000, ""thermal_zone1"": 41000}","{""cpu0"": 1600000, ""cpu1"": 1600000, ""cpu2"": 1600000, ""cpu3"": 1600000, ""cpu4"": 1600000, ""cpu5"": 1600000, ""cpu6"": 1600000, ""cpu7"": 1600000}"
9315784,4443967488,10029924352,578234,2290,203915264,5576323072,1,85.89221869595622,2515586,396679,10165364,25724,"{""thermal_zone0"": 41000, ""thermal_zone1"": 41000}","{""cpu0"": 1600000, ""cpu1"": 1600000, ""cpu2"": 1600000, ""cpu3"": 1600000, ""cpu4"": 1600000, ""cpu5"": 1600000, ""cpu6"": 1600000, ""cpu7"": 1600000}"
9442806,4560883712,10029924352,593288,2293,203915264,5515681792,1,94.47219565191719,2515593,396688,10165451,25724,"{""thermal_zone0"": 41000, ""thermal_zone1"": 41000}","{""cpu0"": 1600000, ""cpu1"": 1600000, ""cpu2"": 1600000, ""cpu3"": 1600000, ""cpu4"": 1600000, ""cpu5"": 1600000, ""cpu6"": 1600000, ""cpu7"": 1600000}"
9572327,4605710336,10029924352,599217,2339,209391616,5495480320,1,92.64916219794664,2515602,396693,10165537,25724,"{""thermal_zone0"": 41000, ""thermal_zone1"": 41000}","{""cpu0"": 1600000, ""cpu1"": 1600000, ""cpu2"": 1600000, ""cpu3"": 1600000, ""cpu4"": 1600000, ""cpu5"": 1600000, ""cpu6"": 1600000, ""cpu7"": 1600000}"
9692045,4618948608,10029924352,600954,2401,216076288,5488599040,1,91.88219396336159,2515611,396696,10165619,25725,"{""thermal_zone0"": 41000, ""thermal_zone1"": 41000}","{""cpu0"": 1600000, ""cpu1"": 1600000, ""cpu2"": 1600000, ""cpu3"": 1600000, ""cpu4"": 1600000, ""cpu5"": 1600000, ""cpu6"": 1600000, ""cpu7"": 1600000}"
9811656,4634677248,10029924352,603006,2463,224002048,5480538112,1,91.96483582374806,2515621,396700,10165701,25725,"{""thermal_zone0"": 41000, ""thermal_zone1"": 41000}","{""cpu0"": 1600000, ""cpu1"": 1600000, ""cpu2"": 1600000, ""cpu3"": 1600000, ""cpu4"": 1600000, ""cpu5"": 1600000, ""cpu6"": 1600000, ""cpu7"": 1600000}"
9934513,4650930176,10029924352,605131,2525,232128512,5474283520,1,97.67460055198846,2515631,396712,10165775,25725,"{""thermal_zone0"": 41000, ""thermal_zone1"": 43000}","{""cpu0"": 1600000, ""cpu1"": 1600000, ""cpu2"": 1600000, ""cpu3"": 1600000, ""cpu4"": 1600000, ""cpu5"": 1600000, ""cpu6"": 1600000, ""cpu7"": 1600000}"
10055027,4667183104,10029924352,607239,2587,240254976,5465939968,1,107.87124617502046,2515640,396718,10165856,25725,"{""thermal_zone0"": 41000, ""thermal_zone1"": 42000}","{""cpu0"": 1600000, ""cpu1"": 1600000, ""cpu2"": 1600000, ""cpu3"": 1600000, ""cpu4"": 1600000, ""cpu5"": 1600000, ""cpu6"": 1600000, ""cpu7"": 1600000}"
10175780,4683436032,10029924352,609350,2650,248381440,5457854464,1,91.09507920530805,2515651,396720,10165938,25725,"{""thermal_zone0"": 41000, ""thermal_zone1"": 42000}","{""cpu0"": 1600000, ""cpu1"": 1600000, ""cpu2"": 1600000, ""cpu3"": 1600000, ""cpu4"": 1600000, ""cpu5"": 1600000, ""cpu6"": 1600000, ""cpu7"": 1600000}"
10296122,4699951104,10029924352,611475,2712,256507904,5449768960,1,91.40631330276712,2515660,396725,10166019,25725,"{""thermal_zone0"": 41000, ""thermal_zone1"": 43000}","{""cpu0"": 1600000, ""cpu1"": 1600000, ""cpu2"": 1600000, ""cpu3"": 1600000, ""cpu4"": 1600000, ""cpu5"": 1600000, ""cpu6"": 1600000, ""cpu7"": 1600000}"
10416643,4716204032,10029924352,613584,2774,264765440,5441683456,1,99.56764079553085,2515669,396729,10166101,25725,"{""thermal_zone0"": 41000, ""thermal_zone1"": 42000}","{""cpu0"": 1600000, ""cpu1"": 1600000, ""cpu2"": 1600000, ""cpu3"": 1600000, ""cpu4"": 1600000, ""cpu5"": 1600000, ""cpu6"": 1600000, ""cpu7"": 1600000}"
10537499,4732456960,10029924352,615708,2837,272891904,5433339904,1,107.56614469781236,2515680,396732,10166182,25725,"{""thermal_zone0"": 41000, ""thermal_zone1"": 43000}","{""cpu0"": 1600000, ""cpu1"": 1600000, ""cpu2"": 1600000, ""cpu3"": 1600000, ""cpu4"": 1600000, ""cpu5"": 1600000, ""cpu6"": 1600000, ""cpu7"": 1600000}"
10657822,4748709888,10029924352,617825,2899,281018368,5425254400,1,99.73089612299133,2515691,396735,10166264,25725,"{""thermal_zone0"": 40000, ""thermal_zone1"": 42000}","{""cpu0"": 1600000, ""cpu1"": 1600000, ""cpu2"": 1600000, ""cpu3"": 1600000, ""cpu4"": 1600000, ""cpu5"": 1600000, ""cpu6"": 1600000, ""cpu7"": 1600000}"
10778162,4765093888,10029924352,619937,2961,289275904,5417140224,1,91.40814918607691,2515702,396738,10166345,25725,"{""thermal_zone0"": 40000, ""thermal_zone1"": 43000}","{""cpu0"": 1600000, ""cpu1"": 1600000, ""cpu2"": 1600000, ""cpu3"": 1600000, ""cpu4"": 1600000, ""cpu5"": 1600000, ""cpu6"": 1600000, ""cpu7"": 1600000}"
10898676,4781477888,10029924352,622054,3023,297402368,5409034240,1,99.57359598989247,2515712,396744,10166427,25725,"{""thermal_zone0"": 40000, ""thermal_zone1"": 42000}","{""cpu0"": 1600000, ""cpu1"": 1600000, ""cpu2"": 1600000, ""cpu3"": 1600000, ""cpu4"": 1600000, ""cpu5"": 1600000, ""cpu6"": 1600000, ""cpu7"": 1600000}"
11019379,4797730816,10029924352,624169,3085,305528832,5400875008,1,99.41716850658295,2515719,396750,10166509,25725,"{""thermal_zone0"": 41000, ""thermal_zone1"": 42000}","{""cpu0"": 1600000, ""cpu1"": 1600000, ""cpu2"": 1600000, ""cpu3"": 1600000, ""cpu4"": 1600000, ""cpu5"": 1600000, ""cpu6"": 1600000, ""cpu7"": 1600000}"
11139793,4813983744,10029924352,626279,3148,313655296,5392805888,1,99.65618367491693,2515729,396754,10166590,25725,"{""thermal_zone0"": 40000, ""thermal_zone1"": 42000}","{""cpu0"": 1600000, ""cpu1"": 1600000, ""cpu2"": 1600000, ""cpu3"": 1600000, ""cpu4"": 1600000, ""cpu5"": 1600000, ""cpu6"": 1600000, ""cpu7"": 1600000}"
11260368,4829843456,10029924352,628348,3208,321519616,5384634368,1,91.22952519178934,2515734,396762,10166672,25725,"{""thermal_zone0"": 40000, ""thermal_zone1"": 43000}","{""cpu0"": 1600000, ""cpu1"": 1600000, ""cpu2"": 1600000, ""cpu3"": 1600000, ""cpu4"": 1600000, ""cpu5"": 1600000, ""cpu6"": 1600000, ""cpu7"": 1600000}"
11380670,4845572096,10029924352,630396,3268,328892416,5377044480,1,99.74896012955926,2515744,396766,10166754,25725,"{""thermal_zone0"": 41000, ""thermal_zone1"": 42000}","{""cpu0"": 1600000, ""cpu1"": 1600000, ""cpu2"": 1600000, ""cpu3"": 1600000, ""cpu4"": 1600000, ""cpu5"": 1600000, ""cpu6"": 1600000, ""cpu7"": 1600000}"
11501137,4861562880,10029924352,632478,3329,337018880,5369032704,1,99.61265039818869,2515754,396770,10166835,25725,"{""thermal_zone0"": 41000, ""thermal_zone1"": 43000}","{""cpu0"": 1600000, ""cpu1"": 1600000, ""cpu2"": 1600000, ""cpu3"": 1600000, ""cpu4"": 1600000, ""cpu5"": 1600000, ""cpu6"": 1600000, ""cpu7"": 1600000}"
11621475,4877815808,10029924352,634573,3391,345014272,5360926720,1,91.40913058216448,2515763,396776,10166917,25725,"{""thermal_zone0"": 41000, ""thermal_zone1"": 43000}","{""cpu0"": 1600000, ""cpu1"": 1600000, ""cpu2"": 1600000, ""cpu3"": 1600000, ""cpu4"": 1600000, ""cpu5"": 1600000, ""cpu6"": 1600000, ""cpu7"": 1600000}"
11742320,4893806592,10029924352,636666,3452,353140736,5352906752,1,99.30045313279277,2515776,396778,10166999,25725,"{""thermal_zone0"": 41000, ""thermal_zone1"": 42000}","{""cpu0"": 1600000, ""cpu1"": 1600000, ""cpu2"": 1600000, ""cpu3"": 1600000, ""cpu4"": 1600000, ""cpu5"": 1600000, ""cpu6"": 1600000, ""cpu7"": 1600000}"
11862924,4910059520,10029924352,638763,3514,361136128,5344628736,1,99.49932519972229,2515786,396782,10167080,25725,"{""thermal_zone0"": 41000, ""thermal_zone1"": 42000}","{""cpu0"": 1600000, ""cpu1"": 1600000, ""cpu2"": 1600000, ""cpu3"": 1600000, ""cpu4"": 1600000, ""cpu5"": 1600000, ""cpu6"": 1600000, ""cpu7"": 1600000}"
11983430,4926050304,10029924352,640848,3575,369262592,5336670208,1,99.58024106949046,2515797,396785,10167162,25725,"{""thermal_zone0"": 41000, ""thermal_zone1"": 42000}","{""cpu0"": 1600000, ""cpu1"": 1600000, ""cpu2"": 1600000, ""cpu3"": 1600000, ""cpu4"": 1600000, ""cpu5"": 1600000, ""cpu6"": 1600000, ""cpu7"": 1600000}"
12104020,4942303232,10029924352,642931,3637,377257984,5328625664,1,99.51056722615488,2515809,396787,10167244,25725,"{""thermal_zone0"": 41000, ""thermal_zone1"": 42000}","{""cpu0"": 1600000, ""cpu1"": 1600000, ""cpu2"": 1600000, ""cpu3"": 1600000, ""cpu4"": 1600000, ""cpu5"": 1600000, ""cpu6"": 1600000, ""cpu7"": 1600000}"
12224406,4958294016,10029924352,645003,3698,385253376,5320601600,1,99.67925789855741,2515818,396792,10167325,25725,"{""thermal_zone0"": 40000, ""thermal_zone1"": 42000}","{""cpu0"": 1600000, ""cpu1"": 1600000, ""cpu2"": 1600000, ""cpu3"": 1600000, ""cpu4"": 1600000, ""cpu5"": 1600000, ""cpu6"": 1600000, ""cpu7"": 1600000}"
12344969,4974284800,10029924352,647087,3759,393248768,5312475136,1,91.23910955473042,2515829,396794,10167407,25725,"{""thermal_zone0"": 41000, ""thermal_zone1"": 43000}","{""cpu0"": 1600000, ""cpu1"": 1600000, ""cpu2"": 1600000, ""cpu3"": 1600000, ""cpu4"": 1600000, ""cpu5"": 1600000, ""cpu6"": 1600000, ""cpu7"": 1600000}"
12465204,4990537728,10029924352,649206,3821,401506304,5304369152,1,99.80419830185984,2515840,396797,10167489,25725,"{""thermal_zone0"": 42000, ""thermal_zone1"": 42000}","{""cpu0"": 1600000, ""cpu1"": 1600000, ""cpu2"": 1600000, ""cpu3"": 1600000, ""cpu4"": 1600000, ""cpu5"": 1600000, ""cpu6"": 1600000, ""cpu7"": 1600000}"
12585919,5006266368,10029924352,651255,3881,409370624,5296488448,1,91.1238487340466,2515852,396800,10167571,25725,"{""thermal_zone0"": 40000, ""thermal_zone1"": 42000}","{""cpu0"": 1600000, ""cpu1"": 1600000, ""cpu2"": 1600000, ""cpu3"": 1600000, ""cpu4"": 1600000, ""cpu5"": 1600000, ""cpu6"": 1600000, ""cpu7"": 1600000}"
12706429,5022519296,10029924352,653342,3943,417366016,5288390656,1,107.87441668672508,2515862,396804,10167652,25725,"{""thermal_zone0"": 42000, ""thermal_zone1"": 43000}","{""cpu0"": 1600000, ""cpu1"": 1600000, ""cpu2"": 1600000, ""cpu3"": 1600000, ""cpu4"": 1600000, ""cpu5"": 1600000, ""cpu6"": 1600000, ""cpu7"": 1600000}"
12826912,5038510080,10029924352,655423,4004,425328640,5280190464,1,91.29972243058387,2515872,396808,10167734,25725,"{""thermal_zone0"": 41000, ""thermal_zone1"": 43000}","{""cpu0"": 1600000, ""cpu1"": 1600000, ""cpu2"": 1600000, ""cpu3"": 1600000, ""cpu4"": 1600000, ""cpu5"": 1600000, ""cpu6"": 1600000, ""cpu7"": 1600000}"
12946924,5054369792,10029924352,657413,4065,433192960,5272457216,1,91.65730158187753,2515882,396812,10167816,25725,"{""thermal_zone0"": 40000, ""thermal_zone1"": 43000}","{""cpu0"": 1600000, ""cpu1"": 1600000, ""cpu2"": 1600000, ""cpu3"": 1600000, ""cpu4"": 1600000, ""cpu5"": 1600000, ""cpu6"": 1600000, ""cpu7"": 1600000}"
13067279,5070622720,10029924352,659470,4127,441319424,5264351232,1,108.01345239418008,2515890,396816,10167898,25725,"{""thermal_zone0"": 41000, ""thermal_zone1"": 43000}","{""cpu0"": 1600000, ""cpu1"": 1600000, ""cpu2"": 1600000, ""cpu3"": 1600000, ""cpu4"": 1600000, ""cpu5"": 1600000, ""cpu6"": 1600000, ""cpu7"": 1600000}"
13187494,5086875648,10029924352,661519,4189,449445888,5256192000,1,91.50268698888107,2515900,396820,10167980,25725,"{""thermal_zone0"": 41000, ""thermal_zone1"": 43000}","{""cpu0"": 1600000, ""cpu1"": 1600000, ""cpu2"": 1600000, ""cpu3"": 1600000, ""cpu4"": 1600000, ""cpu5"": 1600000, ""cpu6"": 1600000, ""cpu7"": 1600000}"
13307753,5102997504,10029924352,663550,4251,457572352,5248200704,1,91.4697483057703,2515910,396823,10168061,25725,"{""thermal_zone0"": 40000, ""thermal_zone1"": 43000}","{""cpu0"": 1600000, ""cpu1"": 1600000, ""cpu2"": 1600000, ""cpu3"": 1600000, ""cpu4"": 1600000, ""cpu5"": 1600000, ""cpu6"": 1600000, ""cpu7"": 1600000}"
13428080,5119381504,10029924352,665610,4313,465698816,5240037376,1,99.72799438850521,2515921,396826,10168143,25725,"{""thermal_zone0"": 41000, ""thermal_zone1"": 43000}","{""cpu0"": 1600000, ""cpu1"": 1600000, ""cpu2"": 1600000, ""cpu3"": 1600000, ""cpu4"": 1600000, ""cpu5"": 1600000, ""cpu6"": 1600000, ""cpu7"": 1600000}"
13548400,5135634432,10029924352,667654,4375,473825280,5231935488,1,99.73421082151592,2515930,396830,10168225,25725,"{""thermal_zone0"": 41000, ""thermal_zone1"": 43000}","{""cpu0"": 1600000, ""cpu1"": 1600000, ""cpu2"": 1600000, ""cpu3"": 1600000, ""cpu4"": 1600000, ""cpu5"": 1600000, ""cpu6"": 1600000, ""cpu7"": 1600000}"
13668700,5151887360,10029924352,669702,4437,482082816,5223776256,1,91.43762456090407,2515940,396834,10168307,25725,"{""thermal_zone0"": 41000, ""thermal_zone1"": 42000}","{""cpu0"": 1600000, ""cpu1"": 1600000, ""cpu2"": 1600000, ""cpu3"": 1600000, ""cpu4"": 1600000, ""cpu5"": 1600000, ""cpu6"": 1600000, ""cpu7"": 1600000}"
13789043,5168140288,10029924352,671750,4499,490209280,5215617024,1,99.71497720204012,2515950,396836,10168390,25725,"{""thermal_zone0"": 41000, ""thermal_zone1"": 42000}","{""cpu0"": 1600000, ""cpu1"": 1600000, ""cpu2"": 1600000, ""cpu3"": 1600000, ""cpu4"": 1600000, ""cpu5"": 1600000, ""cpu6"": 1600000, ""cpu7"": 1600000}"
13909067,5184524288,10029924352,673811,4562,498335744,5207314432,1,99.9805854366513,2515959,396841,10168471,25725,"{""thermal_zone0"": 41000, ""thermal_zone1"": 43000}","{""cpu0"": 1600000, ""cpu1"": 1600000, ""cpu2"": 1600000, ""cpu3"": 1600000, ""cpu4"": 1600000, ""cpu5"": 1600000, ""cpu6"": 1600000, ""cpu7"": 1600000}"
14029347,5200777216,10029924352,675855,4624,506462208,5199036416,1,91.45342927828995,2515968,396845,10168553,25725,"{""thermal_zone0"": 41000, ""thermal_zone1"": 42000}","{""cpu0"": 1600000, ""cpu1"": 1600000, ""cpu2"": 1600000, ""cpu3"": 1600000, ""cpu4"": 1600000, ""cpu5"": 1600000, ""cpu6"": 1600000, ""cpu7"": 1600000}"
14149572,5217030144,10029924352,677907,4686,514588672,5190787072,1,91.49507679963664,2515976,396850,10168635,25725,"{""thermal_zone0"": 41000, ""thermal_zone1"": 42000}","{""cpu0"": 1600000, ""cpu1"": 1600000, ""cpu2"": 1600000, ""cpu3"": 1600000, ""cpu4"": 1600000, ""cpu5"": 1600000, ""cpu6"": 1600000, ""cpu7"": 1600000}"
14269725,5233545216,10029924352,679978,4748,522846208,5182627840,1,99.87196247956848,2515984,396856,10168717,25725,"{""thermal_zone0"": 41000, ""thermal_zone1"": 43000}","{""cpu0"": 1600000, ""cpu1"": 1600000, ""cpu2"": 1600000, ""cpu3"": 1600000, ""cpu4"": 1600000, ""cpu5"": 1600000, ""cpu6"": 1600000, ""cpu7"": 1600000}"
14390128,5249536000,10029924352,682007,4808,530579456,5174472704,1,91.35987867142337,2515995,396860,10168799,25725,"{""thermal_zone0"": 41000, ""thermal_zone1"": 42000}","{""cpu0"": 1600000, ""cpu1"": 1600000, ""cpu2"": 1600000, ""cpu3"": 1600000, ""cpu4"": 1600000, ""cpu5"": 1600000, ""cpu6"": 1600000, ""cpu7"": 1600000}"
14510453,5265657856,10029924352,684095,4870,538574848,5166624768,1,91.41963937362421,2516004,396864,10168881,25725,"{""thermal_zone0"": 40000, ""thermal_zone1"": 43000}","{""cpu0"": 1600000, ""cpu1"": 1600000, ""cpu2"": 1600000, ""cpu3"": 1600000, ""cpu4"": 1600000, ""cpu5"": 1600000, ""cpu6"": 1600000, ""cpu7"": 1600000}"
14630453,5281910784,10029924352,686203,4932,546701312,5158346752,1,99.99929667161341,2516014,396869,10168963,25725,"{""thermal_zone0"": 41000, ""thermal_zone1"": 42000}","{""cpu0"": 1600000, ""cpu1"": 1600000, ""cpu2"": 1600000, ""cpu3"": 1600000, ""cpu4"": 1600000, ""cpu5"": 1600000, ""cpu6"": 1600000, ""cpu7"": 1600000}"
14750808,5298163712,10029924352,688324,4994,554958848,5150248960,1,91.39682060040467,2516024,396873,10169045,25725,"{""thermal_zone0"": 41000, ""thermal_zone1"": 43000}","{""cpu0"": 1600000, ""cpu1"": 1600000, ""cpu2"": 1600000, ""cpu3"": 1600000, ""cpu4"": 1600000, ""cpu5"": 1600000, ""cpu6"": 1600000, ""cpu7"": 1600000}"
14871141,5314416640,10029924352,690433,5056,563085312,5142204416,1,99.7229878223772,2516034,396876,10169127,25725,"{""thermal_zone0"": 41000, ""thermal_zone1"": 42000}","{""cpu0"": 1600000, ""cpu1"": 1600000, ""cpu2"": 1600000, ""cpu3"": 1600000, ""cpu4"": 1600000, ""cpu5"": 1600000, ""cpu6"": 1600000, ""cpu7"": 1600000}"
14991456,5330538496,10029924352,692512,5117,571080704,5133357056,1,91.42669900977572,2516043,396887,10169200,25725,"{""thermal_zone0"": 41000, ""thermal_zone1"": 43000}","{""cpu0"": 1600000, ""cpu1"": 1600000, ""cpu2"": 1600000, ""cpu3"": 1600000, ""cpu4"": 1600000, ""cpu5"": 1600000, ""cpu6"": 1600000, ""cpu7"": 1600000}"
15111517,5346660352,10029924352,694616,5179,579207168,5125312512,1,99.94946138776145,2516052,396892,10169281,25725,"{""thermal_zone0"": 41000, ""thermal_zone1"": 42000}","{""cpu0"": 1600000, ""cpu1"": 1600000, ""cpu2"": 1600000, ""cpu3"": 1600000, ""cpu4"": 1600000, ""cpu5"": 1600000, ""cpu6"": 1600000, ""cpu7"": 1600000}"
15231836,5363175424,10029924352,696742,5242,587333632,5117063168,1,91.42343841806534,2516063,396895,10169363,25725,"{""thermal_zone0"": 41000, ""thermal_zone1"": 43000}","{""cpu0"": 1600000, ""cpu1"": 1600000, ""cpu2"": 1600000, ""cpu3"": 1600000, ""cpu4"": 1600000, ""cpu5"": 1600000, ""cpu6"": 1600000, ""cpu7"": 1600000}"
15352075,5379428352,10029924352,698856,5304,595460096,5108953088,1,99.80163925190487,2516071,396900,10169445,25725,"{""thermal_zone0"": 41000, ""thermal_zone1"": 43000}","{""cpu0"": 1600000, ""cpu1"": 1600000, ""cpu2"": 1600000, ""cpu3"": 1600000, ""cpu4"": 1600000, ""cpu5"": 1600000, ""cpu6"": 1600000, ""cpu7"": 1600000}"
15472294,5395681280,10029924352,700978,5366,603717632,5100793856,1,99.81703122272577,2516080,396904,10169527,25725,"{""thermal_zone0"": 41000, ""thermal_zone1"": 43000}","{""cpu0"": 1600000, ""cpu1"": 1600000, ""cpu2"": 1600000, ""cpu3"": 1600000, ""cpu4"": 1600000, ""cpu5"": 1600000, ""cpu6"": 1600000, ""cpu7"": 1600000}"
15592650,5412196352,10029924352,703098,5429,611844096,5092544512,1,91.39583946862525,2516089,396907,10169609,25725,"{""thermal_zone0"": 41000, ""thermal_zone1"": 42000}","{""cpu0"": 1600000, ""cpu1"": 1600000, ""cpu2"": 1600000, ""cpu3"": 1600000, ""cpu4"": 1600000, ""cpu5"": 1600000, ""cpu6"": 1600000, ""cpu7"": 1600000}"
15712892,5428449280,10029924352,705210,5491,619970560,5084266496,1,99.79849187513032,2516100,396911,10169691,25725,"{""thermal_zone0"": 40000, ""thermal_zone1"": 43000}","{""cpu0"": 1600000, ""cpu1"": 1600000, ""cpu2"": 1600000, ""cpu3"": 1600000, ""cpu4"": 1600000, ""cpu5"": 1600000, ""cpu6"": 1600000, ""cpu7"": 1600000}"
15833109,5444702208,10029924352,707325,5553,628097024,5076230144,1,99.81959106209392,2516108,396916,10169773,25725,"{""thermal_zone0"": 41000, ""thermal_zone1"": 43000}","{""cpu0"": 1600000, ""cpu1"": 1600000, ""cpu2"": 1600000, ""cpu3"": 1600000, ""cpu4"": 1600000, ""cpu5"": 1600000, ""cpu6"": 1600000, ""cpu7"": 1600000}"
15953394,5460692992,10029924352,709410,5613,635961344,5068275712,1,83.13585242947237,2516118,396920,10169855,25725,"{""thermal_zone0"": 41000, ""thermal_zone1"": 43000}","{""cpu0"": 1600000, ""cpu1"": 1600000, ""cpu2"": 1600000, ""cpu3"": 1600000, ""cpu4"": 1600000, ""cpu5"": 1600000, ""cpu6"": 1600000, ""cpu7"": 1600000}"
16073840,5476945920,10029924352,711522,5676,644087808,5059653632,1,99.62981132181054,2516127,396924,10169937,25725,"{""thermal_zone0"": 41000, ""thermal_zone1"": 42000}","{""cpu0"": 1600000, ""cpu1"": 1600000, ""cpu2"": 1600000, ""cpu3"": 1600000, ""cpu4"": 1600000, ""cpu5"": 1600000, ""cpu6"": 1600000, ""cpu7"": 1600000}"
16194170,5493198848,10029924352,713624,5737,652214272,5051752448,1,91.41571377281277,2516138,396927,10170019,25725,"{""thermal_zone0"": 41000, ""thermal_zone1"": 42000}","{""cpu0"": 1600000, ""cpu1"": 1600000, ""cpu2"": 1600000, ""cpu3"": 1600000, ""cpu4"": 1600000, ""cpu5"": 1600000, ""cpu6"": 1600000, ""cpu7"": 1600000}"
16314396,5509451776,10029924352,715724,5799,660209664,5043531776,1,99.81156574502995,2516149,396930,10170101,25725,"{""thermal_zone0"": 42000, ""thermal_zone1"": 42000}","{""cpu0"": 1600000, ""cpu1"": 1600000, ""cpu2"": 1600000, ""cpu3"": 1600000, ""cpu4"": 1600000, ""cpu5"": 1600000, ""cpu6"": 1600000, ""cpu7"": 1600000}"
16434824,5525704704,10029924352,717822,5861,668336128,5035372544,1,99.64439158641618,2516158,396935,10170183,25725,"{""thermal_zone0"": 41000, ""thermal_zone1"": 42000}","{""cpu0"": 1600000, ""cpu1"": 1600000, ""cpu2"": 1600000, ""cpu3"": 1600000, ""cpu4"": 1600000, ""cpu5"": 1600000, ""cpu6"": 1600000, ""cpu7"": 1600000}"
16555283,5541957632,10029924352,719945,5923,676593664,5027328000,1,91.31797582482776,2516167,396940,10170265,25725,"{""thermal_zone0"": 41000, ""thermal_zone1"": 43000}","{""cpu0"": 1600000, ""cpu1"": 1600000, ""cpu2"": 1600000, ""cpu3"": 1600000, ""cpu4"": 1600000, ""cpu5"": 1600000, ""cpu6"": 1600000, ""cpu7"": 1600000}"
16675574,5558210560,10029924352,722053,5985,684720128,5019103232,1,99.75784033652909,2516177,396943,10170347,25725,"{""thermal_zone0"": 41000, ""thermal_zone1"": 42000}","{""cpu0"": 1600000, ""cpu1"": 1600000, ""cpu2"": 1600000, ""cpu3"": 1600000, ""cpu4"": 1600000, ""cpu5"": 1600000, ""cpu6"": 1600000, ""cpu7"": 1600000}"
16795614,5574463488,10029924352,724150,6047,692715520,5011005440,1,99.96680768762077,2516187,396947,10170429,25725,"{""thermal_zone0"": 41000, ""thermal_zone1"": 42000}","{""cpu0"": 1600000, ""cpu1"": 1600000, ""cpu2"": 1600000, ""cpu3"": 1600000, ""cpu4"": 1600000, ""cpu5"": 1600000, ""cpu6"": 1600000, ""cpu7"": 1600000}"
16915602,5590716416,10029924352,726259,6109,700973056,5002960896,1,83.34160151471694,2516197,396950,10170511,25725,"{""thermal_zone0"": 40000, ""thermal_zone1"": 42000}","{""cpu0"": 1600000, ""cpu1"": 1600000, ""cpu2"": 1600000, ""cpu3"": 1600000, ""cpu4"": 1600000, ""cpu5"": 1600000, ""cpu6"": 1600000, ""cpu7"": 1600000}"
17035909,5606707200,10029924352,728324,6170,708837376,4994682880,1,99.74471172240581,2516208,396953,10170593,25725,"{""thermal_zone0"": 41000, ""thermal_zone1"": 42000}","{""cpu0"": 1600000, ""cpu1"": 1600000, ""cpu2"": 1600000, ""cpu3"": 1600000, ""cpu4"": 1600000, ""cpu5"": 1600000, ""cpu6"": 1600000, ""cpu7"": 1600000}"
17155880,5622697984,10029924352,730421,6231,716963840,4986609664,1,100.02395406993385,2516216,396959,10170675,25725,"{""thermal_zone0"": 40000, ""thermal_zone1"": 42000}","{""cpu0"": 1600000, ""cpu1"": 1600000, ""cpu2"": 1600000, ""cpu3"": 1600000, ""cpu4"": 1600000, ""cpu5"": 1600000, ""cpu6"": 1600000, ""cpu7"": 1600000}"
17276036,5638950912,10029924352,732527,6293,725090304,4978561024,1,91.54815681476865,2516225,396963,10170757,25725,"{""thermal_zone0"": 41000, ""thermal_zone1"": 43000}","{""cpu0"": 1600000, ""cpu1"": 1600000, ""cpu2"": 1600000, ""cpu3"": 1600000, ""cpu4"": 1600000, ""cpu5"": 1600000, ""cpu6"": 1600000, ""cpu7"": 1600000}"
17396257,5655203840,10029924352,734644,6356,733216768,4970336256,1,91.49748628955918,2516234,396968,10170839,25725,"{""thermal_zone0"": 41000, ""thermal_zone1"": 42000}","{""cpu0"": 1600000, ""cpu1"": 1600000, ""cpu2"": 1600000, ""cpu3"": 1600000, ""cpu4"": 1600000, ""cpu5"": 1600000, ""cpu6"": 1600000, ""cpu7"": 1600000}"
17516398,5671325696,10029924352,736726,6416,740950016,4962189312,1,99.88328887403291,2516243,396971,10170921,25725,"{""thermal_zone0"": 41000, ""thermal_zone1"": 43000}","{""cpu0"": 1600000, ""cpu1"": 1600000, ""cpu2"": 1600000, ""cpu3"": 1600000, ""cpu4"": 1600000, ""cpu5"": 1600000, ""cpu6"": 1600000, ""cpu7"": 1600000}"
17636467,5687578624,10029924352,738835,6478,749076480,4954198016,1,99.94228166663281,2516253,396975,10171002,25725,"{""thermal_zone0"": 41000, ""thermal_zone1"": 42000}","{""cpu0"": 1600000, ""cpu1"": 1600000, ""cpu2"": 1600000, ""cpu3"": 1600000, ""cpu4"": 1600000, ""cpu5"": 1600000, ""cpu6"": 1600000, ""cpu7"": 1600000}"
17756902,5703831552,10029924352,740955,6540,757334016,4946038784,1,91.33550998585247,2516262,396979,10171084,25725,"{""thermal_zone0"": 41000, ""thermal_zone1"": 43000}","{""cpu0"": 1600000, ""cpu1"": 1600000, ""cpu2"": 1600000, ""cpu3"": 1600000, ""cpu4"": 1600000, ""cpu5"": 1600000, ""cpu6"": 1600000, ""cpu7"": 1600000}"
17877338,5720215552,10029924352,743069,6602,765460480,4937875456,1,99.63818634488048,2516270,396985,10171166,25725,"{""thermal_zone0"": 42000, ""thermal_zone1"": 43000}","{""cpu0"": 1600000, ""cpu1"": 1600000, ""cpu2"": 1600000, ""cpu3"": 1600000, ""cpu4"": 1600000, ""cpu5"": 1600000, ""cpu6"": 1600000, ""cpu7"": 1600000}"
17997725,5736599552,10029924352,745193,6665,773586944,4929769472,1,91.37157834724515,2516278,396990,10171248,25725,"{""thermal_zone0"": 41000, ""thermal_zone1"": 42000}","{""cpu0"": 1600000, ""cpu1"": 1600000, ""cpu2"": 1600000, ""cpu3"": 1600000, ""cpu4"": 1600000, ""cpu5"": 1600000, ""cpu6"": 1600000, ""cpu7"": 1600000}"
18117725,5752852480,10029924352,747308,6727,781844480,4921270272,1,100.00040750166058,2516288,396994,10171330,25725,"{""thermal_zone0"": 41000, ""thermal_zone1"": 43000}","{""cpu0"": 1600000, ""cpu1"": 1600000, ""cpu2"": 1600000, ""cpu3"": 1600000, ""cpu4"": 1600000, ""cpu5"": 1600000, ""cpu6"": 1600000, ""cpu7"": 1600000}"
18237875,5769105408,10029924352,749422,6789,789970944,4913115136,1,91.55187053912991,2516297,396999,10171412,25725,"{""thermal_zone0"": 40000, ""thermal_zone1"": 43000}","{""cpu0"": 1600000, ""cpu1"": 1600000, ""cpu2"": 1600000, ""cpu3"": 1600000, ""cpu4"": 1600000, ""cpu5"": 1600000, ""cpu6"": 1600000, ""cpu7"": 1600000}"
18358020,5785358336,10029924352,751535,6851,798097408,4905000960,1,91.55612561543715,2516307,397002,10171494,25725,"{""thermal_zone0"": 40000, ""thermal_zone1"": 42000}","{""cpu0"": 1600000, ""cpu1"": 1600000, ""cpu2"": 1600000, ""cpu3"": 1600000, ""cpu4"": 1600000, ""cpu5"": 1600000, ""cpu6"": 1600000, ""cpu7"": 1600000}"
18478290,5801742336,10029924352,753644,6914,806223872,4896903168,1,108.09068685570105,2516317,397006,10171576,25725,"{""thermal_zone0"": 41000, ""thermal_zone1"": 42000}","{""cpu0"": 1600000, ""cpu1"": 1600000, ""cpu2"": 1600000, ""cpu3"": 1600000, ""cpu4"": 1600000, ""cpu5"": 1600000, ""cpu6"": 1600000, ""cpu7"": 1600000}"
18598613,5818126336,10029924352,755766,6976,814350336,4888731648,1,91.42001926386024,2516328,397008,10171658,25725,"{""thermal_zone0"": 41000, ""thermal_zone1"": 43000}","{""cpu0"": 1600000, ""cpu1"": 1600000, ""cpu2"": 1600000, ""cpu3"": 1600000, ""cpu4"": 1600000, ""cpu5"": 1600000, ""cpu6"": 1600000, ""cpu7"": 1600000}"
18718707,5834379264,10029924352,757894,7038,822607872,4880375808,1,99.92227462599655,2516336,397014,10171739,25725,"{""thermal_zone0"": 41000, ""thermal_zone1"": 42000}","{""cpu0"": 1600000, ""cpu1"": 1600000, ""cpu2"": 1600000, ""cpu3"": 1600000, ""cpu4"": 1600000, ""cpu5"": 1600000, ""cpu6"": 1600000, ""cpu7"": 1600000}"
18839010,5850763264,10029924352,760001,7100,830734336,4872503296,1,91.435502477154,2516346,397018,10171821,25725,"{""thermal_zone0"": 40000, ""thermal_zone1"": 43000}","{""cpu0"": 1600000, ""cpu1"": 1600000, ""cpu2"": 1600000, ""cpu3"": 1600000, ""cpu4"": 1600000, ""cpu5"": 1600000, ""cpu6"": 1600000, ""cpu7"": 1600000}"
18959313,5867147264,10029924352,762120,7163,838860800,4864225280,1,91.43604058935615,2516355,397022,10171903,25725,"{""thermal_zone0"": 41000, ""thermal_zone1"": 42000}","{""cpu0"": 1600000, ""cpu1"": 1600000, ""cpu2"": 1600000, ""cpu3"": 1600000, ""cpu4"": 1600000, ""cpu5"": 1600000, ""cpu6"": 1600000, ""cpu7"": 1600000}"
19079223,5883138048,10029924352,764195,7223,846594048,4856078336,1,100.07452382998746,2516364,397026,10171985,25725,"{""thermal_zone0"": 41000, ""thermal_zone1"": 44000}","{""cpu0"": 1600000, ""cpu1"": 1600000, ""cpu2"": 1600000, ""cpu3"": 1600000, ""cpu4"": 1600000, ""cpu5"": 1600000, ""cpu6"": 1600000, ""cpu7"": 1600000}"
19199436,5899390976,10029924352,766320,7285,854851584,4847861760,1,91.50455795433275,2516370,397033,10172067,25725,"{""thermal_zone0"": 41000, ""thermal_zone1"": 42000}","{""cpu0"": 1600000, ""cpu1"": 1600000, ""cpu2"": 1600000, ""cpu3"": 1600000, ""cpu4"": 1600000, ""cpu5"": 1600000, ""cpu6"": 1600000, ""cpu7"": 1600000}"
19319701,5915643904,10029924352,768426,7347,862978048,4839440384,1,91.46439240066931,2516380,397036,10172149,25725,"{""thermal_zone0"": 41000, ""thermal_zone1"": 43000}","{""cpu0"": 1600000, ""cpu1"": 1600000, ""cpu2"": 1600000, ""cpu3"": 1600000, ""cpu4"": 1600000, ""cpu5"": 1600000, ""cpu6"": 1600000, ""cpu7"": 1600000}"
19439806,5931896832,10029924352,770528,7409,871104512,4831715328,1,108.2391418281288,2516392,397038,10172231,25725,"{""thermal_zone0"": 41000, ""thermal_zone1"": 42000}","{""cpu0"": 1600000, ""cpu1"": 1600000, ""cpu2"": 1600000, ""cpu3"": 1600000, ""cpu4"": 1600000, ""cpu5"": 1600000, ""cpu6"": 1600000, ""cpu7"": 1600000}"
19559892,5948149760,10029924352,772630,7471,879099904,4823609344,1,91.600980366987,2516401,397042,10172313,25725,"{""thermal_zone0"": 41000, ""thermal_zone1"": 42000}","{""cpu0"": 1600000, ""cpu1"": 1600000, ""cpu2"": 1600000, ""cpu3"": 1600000, ""cpu4"": 1600000, ""cpu5"": 1600000, ""cpu6"": 1600000, ""cpu7"": 1600000}"
19679934,5964402688,10029924352,774731,7533,887226368,4815450112,1,91.63426860738163,2516409,397048,10172395,25725,"{""thermal_zone0"": 41000, ""thermal_zone1"": 43000}","{""cpu0"": 1600000, ""cpu1"": 1600000, ""cpu2"": 1600000, ""cpu3"": 1600000, ""cpu4"": 1600000, ""cpu5"": 1600000, ""cpu6"": 1600000, ""cpu7"": 1600000}"
19800279,5980524544,10029924352,776830,7594,895352832,4807053312,1,91.40406735136956,2516419,397052,10172477,25725,"{""thermal_zone0"": 41000, ""thermal_zone1"": 44000}","{""cpu0"": 1600000, ""cpu1"": 1600000, ""cpu2"": 1600000, ""cpu3"": 1600000, ""cpu4"": 1600000, ""cpu5"": 1600000, ""cpu6"": 1600000, ""cpu7"": 1600000}"
19919714,5996908544,10029924352,778953,7657,903479296,4799180800,1,100.47283100361817,2516429,397054,10172559,25725,"{""thermal_zone0"": 41000, ""thermal_zone1"": 43000}","{""cpu0"": 1600000, ""cpu1"": 1600000, ""cpu2"": 1600000, ""cpu3"": 1600000, ""cpu4"": 1600000, ""cpu5"": 1600000, ""cpu6"": 1600000, ""cpu7"": 1600000}"
20038431,6013161472,10029924352,781065,7719,911736832,4787728384,1,92.65765807920826,2516440,397061,10172633,25725,"{""thermal_zone0"": 42000, ""thermal_zone1"": 43000}","{""cpu0"": 1600000, ""cpu1"": 1600000, ""cpu2"": 1600000, ""cpu3"": 1600000, ""cpu4"": 1600000, ""cpu5"": 1600000, ""cpu6"": 1600000, ""cpu7"": 1600000}"
20158540,6029676544,10029924352,783196,7782,919863296,4779479040,1,91.58369336687116,2516448,397066,10172714,25725,"{""thermal_zone0"": 41000, ""thermal_zone1"": 43000}","{""cpu0"": 1600000, ""cpu1"": 1600000, ""cpu2"": 1600000, ""cpu3"": 1600000, ""cpu4"": 1600000, ""cpu5"": 1600000, ""cpu6"": 1600000, ""cpu7"": 1600000}"
20277330,6045929472,10029924352,785331,7844,928120832,4771061760,1,92.5998080506997,2516457,397068,10172795,25725,"{""thermal_zone0"": 41000, ""thermal_zone1"": 43000}","{""cpu0"": 1600000, ""cpu1"": 1600000, ""cpu2"": 1600000, ""cpu3"": 1600000, ""cpu4"": 1600000, ""cpu5"": 1600000, ""cpu6"": 1600000, ""cpu7"": 1600000}"
20396178,6062313472,10029924352,787442,7907,936247296,4762755072,1,92.55549482325758,2516466,397072,10172877,25725,"{""thermal_zone0"": 41000, ""thermal_zone1"": 43000}","{""cpu0"": 1600000, ""cpu1"": 1600000, ""cpu2"": 1600000, ""cpu3"": 1600000, ""cpu4"": 1600000, ""cpu5"": 1600000, ""cpu6"": 1600000, ""cpu7"": 1600000}"
20513578,6078173184,10029924352,789511,7966,943980544,4754771968,1,93.69668099865295,2516474,397075,10172958,25725,"{""thermal_zone0"": 41000, ""thermal_zone1"": 42000}","{""cpu0"": 1600000, ""cpu1"": 1600000, ""cpu2"": 1600000, ""cpu3"": 1600000, ""cpu4"": 1600000, ""cpu5"": 1600000, ""cpu6"": 1600000, ""cpu7"": 1600000}"
20632295,6094950400,10029924352,791689,8031,952369152,4746358784,1,92.65707271188813,2516484,397079,10173039,25725,"{""thermal_zone0"": 41000, ""thermal_zone1"": 43000}","{""cpu0"": 1600000, ""cpu1"": 1600000, ""cpu2"": 1600000, ""cpu3"": 1600000, ""cpu4"": 1600000, ""cpu5"": 1600000, ""cpu6"": 1600000, ""cpu7"": 1600000}"
20751116,6111858688,10029924352,793875,8095,960757760,4737912832,1,92.57636367550583,2516493,397083,10173121,25725,"{""thermal_zone0"": 41000, ""thermal_zone1"": 42000}","{""cpu0"": 1600000, ""cpu1"": 1600000, ""cpu2"": 1600000, ""cpu3"": 1600000, ""cpu4"": 1600000, ""cpu5"": 1600000, ""cpu6"": 1600000, ""cpu7"": 1600000}"
20869923,6128635904,10029924352,796061,8159,969277440,4729528320,1,101.0045806166503,2516502,397086,10173202,25725,"{""thermal_zone0"": 41000, ""thermal_zone1"": 43000}","{""cpu0"": 1600000, ""cpu1"": 1600000, ""cpu2"": 1600000, ""cpu3"": 1600000, ""cpu4"": 1600000, ""cpu5"": 1600000, ""cpu6"": 1600000, ""cpu7"": 1600000}"
20988649,6145544192,10029924352,798249,8224,977666048,4720881664,1,92.64985378968687,2516514,397088,10173284,25725,"{""thermal_zone0"": 41000, ""thermal_zone1"": 42000}","{""cpu0"": 1600000, ""cpu1"": 1600000, ""cpu2"": 1600000, ""cpu3"": 1600000, ""cpu4"": 1600000, ""cpu5"": 1600000, ""cpu6"": 1600000, ""cpu7"": 1600000}"
21107238,6162452480,10029924352,800439,8288,986054656,4712726528,1,92.75792735177207,2516523,397092,10173365,25725,"{""thermal_zone0"": 41000, ""thermal_zone1"": 42000}","{""cpu0"": 1600000, ""cpu1"": 1600000, ""cpu2"": 1600000, ""cpu3"": 1600000, ""cpu4"": 1600000, ""cpu5"": 1600000, ""cpu6"": 1600000, ""cpu7"": 1600000}"
21225966,6178967552,10029924352,802594,8351,994443264,4704477184,1,92.64816277345611,2516532,397095,10173446,25725,"{""thermal_zone0"": 41000, ""thermal_zone1"": 44000}","{""cpu0"": 1600000, ""cpu1"": 1600000, ""cpu2"": 1600000, ""cpu3"": 1600000, ""cpu4"": 1600000, ""cpu5"": 1600000, ""cpu6"": 1600000, ""cpu7"": 1600000}"
21344576,6196006912,10029924352,804797,8416,1002831872,4696002560,1,92.7412440040678,2516541,397099,10173528,25725,"{""thermal_zone0"": 41000, ""thermal_zone1"": 43000}","{""cpu0"": 1600000, ""cpu1"": 1600000, ""cpu2"": 1600000, ""cpu3"": 1600000, ""cpu4"": 1600000, ""cpu5"": 1600000, ""cpu6"": 1600000, ""cpu7"": 1600000}"
21463435,6212915200,10029924352,806984,8480,1011351552,4687302656,1,92.54631320391567,2516551,397102,10173609,25725,"{""thermal_zone0"": 41000, ""thermal_zone1"": 43000}","{""cpu0"": 1600000, ""cpu1"": 1600000, ""cpu2"": 1600000, ""cpu3"": 1600000, ""cpu4"": 1600000, ""cpu5"": 1600000, ""cpu6"": 1600000, ""cpu7"": 1600000}"
21582354,6229823488,10029924352,809173,8545,1019740160,4678967296,1,92.50004116251831,2516560,397106,10173691,25725,"{""thermal_zone0"": 41000, ""thermal_zone1"": 42000}","{""cpu0"": 1600000, ""cpu1"": 1600000, ""cpu2"": 1600000, ""cpu3"": 1600000, ""cpu4"": 1600000, ""cpu5"": 1600000, ""cpu6"": 1600000, ""cpu7"": 1600000}"
21701102,6246731776,10029924352,811375,8610,1028259840,4670439424,1,101.05448076957231,2516568,397111,10173772,25725,"{""thermal_zone0"": 40000, ""thermal_zone1"": 42000}","{""cpu0"": 1600000, ""cpu1"": 1600000, ""cpu2"": 1600000, ""cpu3"": 1600000, ""cpu4"": 1600000, ""cpu5"": 1600000, ""cpu6"": 1600000, ""cpu7"": 1600000}"
21819807,6263508992,10029924352,813550,8674,1036648448,4661932032,1,101.09076684701006,2516580,397114,10173854,25725,"{""thermal_zone0"": 41000, ""thermal_zone1"": 42000}","{""cpu0"": 1600000, ""cpu1"": 1600000, ""cpu2"": 1600000, ""cpu3"": 1600000, ""cpu4"": 1600000, ""cpu5"": 1600000, ""cpu6"": 1600000, ""cpu7"": 1600000}"
21938495,6280286208,10029924352,815725,8737,1045004288,4653432832,1,84.25475598297658,2516590,397117,10173935,25725,"{""thermal_zone0"": 41000, ""thermal_zone1"": 43000}","{""cpu0"": 1600000, ""cpu1"": 1600000, ""cpu2"": 1600000, ""cpu3"": 1600000, ""cpu4"": 1600000, ""cpu5"": 1600000, ""cpu6"": 1600000, ""cpu7"": 1600000}"
22057300,6296670208,10029924352,817801,8798,1052868608,4645289984,1,92.58879941341124,2516599,397120,10174017,25725,"{""thermal_zone0"": 41000, ""thermal_zone1"": 42000}","{""cpu0"": 1600000, ""cpu1"": 1600000, ""cpu2"": 1600000, ""cpu3"": 1600000, ""cpu4"": 1600000, ""cpu5"": 1600000, ""cpu6"": 1600000, ""cpu7"": 1600000}"
22176081,6312923136,10029924352,819864,8861,1060962304,4637138944,1,84.1884940982645,2516608,397122,10174099,25725,"{""thermal_zone0"": 41000, ""thermal_zone1"": 43000}","{""cpu0"": 1600000, ""cpu1"": 1600000, ""cpu2"": 1600000, ""cpu3"": 1600000, ""cpu4"": 1600000, ""cpu5"": 1600000, ""cpu6"": 1600000, ""cpu7"": 1600000}"
22294703,6331011072,10029924352,822167,8883,1063137280,4628107264,1,109.5918163440784,2516619,397125,10174180,25725,"{""thermal_zone0"": 41000, ""thermal_zone1"": 42000}","{""cpu0"": 1600000, ""cpu1"": 1600000, ""cpu2"": 1600000, ""cpu3"": 1600000, ""cpu4"": 1600000, ""cpu5"": 1600000, ""cpu6"": 1600000, ""cpu7"": 1600000}"
22412869,6350147584,10029924352,824646,8883,1063137280,4618559488,1,93.08921493489852,2516631,397127,10174260,25725,"{""thermal_zone0"": 41000, ""thermal_zone1"": 43000}","{""cpu0"": 1600000, ""cpu1"": 1600000, ""cpu2"": 1600000, ""cpu3"": 1600000, ""cpu4"": 1600000, ""cpu5"": 1600000, ""cpu6"": 1600000, ""cpu7"": 1600000}"
22531110,6369021952,10029924352,827122,8883,1063137280,4609011712,1,101.48738559157877,2516642,397130,10174341,25725,"{""thermal_zone0"": 41000, ""thermal_zone1"": 43000}","{""cpu0"": 1600000, ""cpu1"": 1600000, ""cpu2"": 1600000, ""cpu3"": 1600000, ""cpu4"": 1600000, ""cpu5"": 1600000, ""cpu6"": 1600000, ""cpu7"": 1600000}"
22649193,6388158464,10029924352,829596,8883,1063137280,4599463936,1,93.15536863959066,2516652,397134,10174422,25725,"{""thermal_zone0"": 41000, ""thermal_zone1"": 42000}","{""cpu0"": 1600000, ""cpu1"": 1600000, ""cpu2"": 1600000, ""cpu3"": 1600000, ""cpu4"": 1600000, ""cpu5"": 1600000, ""cpu6"": 1600000, ""cpu7"": 1600000}"
22767562,6405984256,10029924352,831898,8902,1065611264,4590800896,1,101.3778936936369,2516662,397136,10174503,25726,"{""thermal_zone0"": 41000, ""thermal_zone1"": 41000}","{""cpu0"": 1600000, ""cpu1"": 1600000, ""cpu2"": 1600000, ""cpu3"": 1600000, ""cpu4"": 1600000, ""cpu5"": 1600000, ""cpu6"": 1600000, ""cpu7"": 1600000}"
22886653,6423547904,10029924352,834188,8936,1069551616,4581888000,1,92.3660283659096,2516672,397140,10174585,25726,"{""thermal_zone0"": 40000, ""thermal_zone1"": 43000}","{""cpu0"": 1600000, ""cpu1"": 1600000, ""cpu2"": 1600000, ""cpu3"": 1600000, ""cpu4"": 1600000, ""cpu5"": 1600000, ""cpu6"": 1600000, ""cpu7"": 1600000}"
23004904,6442684416,10029924352,836672,8936,1069551616,4572340224,1,101.47905468505836,2516684,397141,10174666,25726,"{""thermal_zone0"": 41000, ""thermal_zone1"": 44000}","{""cpu0"": 1600000, ""cpu1"": 1600000, ""cpu2"": 1600000, ""cpu3"": 1600000, ""cpu4"": 1600000, ""cpu5"": 1600000, ""cpu6"": 1600000, ""cpu7"": 1600000}"
23123190,6461296640,10029924352,839073,8940,1070403584,4562845696,1,101.44924215852097,2516696,397144,10174747,25726,"{""thermal_zone0"": 41000, ""thermal_zone1"": 42000}","{""cpu0"": 1600000, ""cpu1"": 1600000, ""cpu2"": 1600000, ""cpu3"": 1600000, ""cpu4"": 1600000, ""cpu5"": 1600000, ""cpu6"": 1600000, ""cpu7"": 1600000}"
23241604,6477287424,10029924352,841153,9002,1078243328,4554829824,1,84.44950311981377,2516703,397148,10174828,25726,"{""thermal_zone0"": 41000, ""thermal_zone1"": 42000}","{""cpu0"": 1600000, ""cpu1"": 1600000, ""cpu2"": 1600000, ""cpu3"": 1600000, ""cpu4"": 1600000, ""cpu5"": 1600000, ""cpu6"": 1600000, ""cpu7"": 1600000}"
23360497,6493671424,10029924352,843284,9064,1086238720,4546547712,1,92.52023756135426,2516711,397153,10174910,25726,"{""thermal_zone0"": 41000, ""thermal_zone1"": 43000}","{""cpu0"": 1600000, ""cpu1"": 1600000, ""cpu2"": 1600000, ""cpu3"": 1600000, ""cpu4"": 1600000, ""cpu5"": 1600000, ""cpu6"": 1600000, ""cpu7"": 1600000}"
23479488,6510579712,10029924352,845483,9128,1094758400,4538159104,1,92.44400674915204,2516722,397156,10174992,25726,"{""thermal_zone0"": 41000, ""thermal_zone1"": 42000}","{""cpu0"": 1600000, ""cpu1"": 1600000, ""cpu2"": 1600000, ""cpu3"": 1600000, ""cpu4"": 1600000, ""cpu5"": 1600000, ""cpu6"": 1600000, ""cpu7"": 1600000}"
23598487,6527488000,10029924352,847683,9193,1103278080,4529700864,1,92.43701595934326,2516732,397158,10175074,25726,"{""thermal_zone0"": 41000, ""thermal_zone1"": 42000}","{""cpu0"": 1600000, ""cpu1"": 1600000, ""cpu2"": 1600000, ""cpu3"": 1600000, ""cpu4"": 1600000, ""cpu5"": 1600000, ""cpu6"": 1600000, ""cpu7"": 1600000}"
23717281,6544396288,10029924352,849868,9257,1111601152,4521259008,1,92.59753502499657,2516742,397159,10175155,25726,"{""thermal_zone0"": 41000, ""thermal_zone1"": 43000}","{""cpu0"": 1600000, ""cpu1"": 1600000, ""cpu2"": 1600000, ""cpu3"": 1600000, ""cpu4"": 1600000, ""cpu5"": 1600000, ""cpu6"": 1600000, ""cpu7"": 1600000}"
23836246,6561435648,10029924352,852080,9322,1120120832,4512804864,1,100.87043621167963,2516752,397163,10175236,25726,"{""thermal_zone0"": 41000, ""thermal_zone1"": 43000}","{""cpu0"": 1600000, ""cpu1"": 1600000, ""cpu2"": 1600000, ""cpu3"": 1600000, ""cpu4"": 1600000, ""cpu5"": 1600000, ""cpu6"": 1600000, ""cpu7"": 1600000}"
23955445,6578475008,10029924352,854287,9387,1128640512,4504166400,1,92.28269750680592,2516762,397166,10175318,25726,"{""thermal_zone0"": 41000, ""thermal_zone1"": 42000}","{""cpu0"": 1600000, ""cpu1"": 1600000, ""cpu2"": 1600000, ""cpu3"": 1600000, ""cpu4"": 1600000, ""cpu5"": 1600000, ""cpu6"": 1600000, ""cpu7"": 1600000}"
24074347,6595383296,10029924352,856478,9452,1137029120,4495527936,1,100.92331545403911,2516773,397167,10175400,25726,"{""thermal_zone0"": 41000, ""thermal_zone1"": 43000}","{""cpu0"": 1600000, ""cpu1"": 1600000, ""cpu2"": 1600000, ""cpu3"": 1600000, ""cpu4"": 1600000, ""cpu5"": 1600000, ""cpu6"": 1600000, ""cpu7"": 1600000}"
24193168,6612029440,10029924352,858631,9515,1145274368,4487405568,1,92.57616889448131,2516784,397168,10175481,25726,"{""thermal_zone0"": 41000, ""thermal_zone1"": 42000}","{""cpu0"": 1600000, ""cpu1"": 1600000, ""cpu2"": 1600000, ""cpu3"": 1600000, ""cpu4"": 1600000, ""cpu5"": 1600000, ""cpu6"": 1600000, ""cpu7"": 1600000}"
24312104,6628413440,10029924352,860774,9578,1153626112,4478857216,1,84.0787807076832,2516793,397172,10175563,25726,"{""thermal_zone0"": 39000, ""thermal_zone1"": 43000}","{""cpu0"": 1600000, ""cpu1"": 1600000, ""cpu2"": 1600000, ""cpu3"": 1600000, ""cpu4"": 1600000, ""cpu5"": 1600000, ""cpu6"": 1600000, ""cpu7"": 1600000}"
24431079,6645452800,10029924352,862976,9643,1162014720,4470337536,1,92.4559212613099,2516803,397174,10175645,25726,"{""thermal_zone0"": 41000, ""thermal_zone1"": 42000}","{""cpu0"": 1600000, ""cpu1"": 1600000, ""cpu2"": 1600000, ""cpu3"": 1600000, ""cpu4"": 1600000, ""cpu5"": 1600000, ""cpu6"": 1600000, ""cpu7"": 1600000}"
24550008,6662361088,10029924352,865169,9707,1170534400,4461699072,1,92.4923932784298,2516813,397177,10175726,25726,"{""thermal_zone0"": 41000, ""thermal_zone1"": 44000}","{""cpu0"": 1600000, ""cpu1"": 1600000, ""cpu2"": 1600000, ""cpu3"": 1600000, ""cpu4"": 1600000, ""cpu5"": 1600000, ""cpu6"": 1600000, ""cpu7"": 1600000}"
24668682,6679793664,10029924352,867430,9760,1177022464,4453076992,1,101.11752816988977,2516823,397181,10175808,25726,"{""thermal_zone0"": 41000, ""thermal_zone1"": 43000}","{""cpu0"": 1600000, ""cpu1"": 1600000, ""cpu2"": 1600000, ""cpu3"": 1600000, ""cpu4"": 1600000, ""cpu5"": 1600000, ""cpu6"": 1600000, ""cpu7"": 1600000}"
24787318,6696308736,10029924352,869571,9822,1185411072,4444712960,1,92.72062666601055,2516833,397184,10175889,25726,"{""thermal_zone0"": 41000, ""thermal_zone1"": 43000}","{""cpu0"": 1600000, ""cpu1"": 1600000, ""cpu2"": 1600000, ""cpu3"": 1600000, ""cpu4"": 1600000, ""cpu5"": 1600000, ""cpu6"": 1600000, ""cpu7"": 1600000}"
24906503,6712561664,10029924352,871687,9884,1193209856,4436803584,1,83.90342071896976,2516844,397187,10175972,25726,"{""thermal_zone0"": 41000, ""thermal_zone1"": 42000}","{""cpu0"": 1600000, ""cpu1"": 1600000, ""cpu2"": 1600000, ""cpu3"": 1600000, ""cpu4"": 1600000, ""cpu5"": 1600000, ""cpu6"": 1600000, ""cpu7"": 1600000}"
25025391,6728945664,10029924352,873804,9946,1201467392,4428709888,1,100.93473980285764,2516852,397192,10176053,25726,"{""thermal_zone0"": 41000, ""thermal_zone1"": 43000}","{""cpu0"": 1600000, ""cpu1"": 1600000, ""cpu2"": 1600000, ""cpu3"": 1600000, ""cpu4"": 1600000, ""cpu5"": 1600000, ""cpu6"": 1600000, ""cpu7"": 1600000}"
25144299,6745329664,10029924352,875931,10009,1209593856,4418867200,1,84.09851983493446,2516861,397200,10176126,25726,"{""thermal_zone0"": 41000, ""thermal_zone1"": 42000}","{""cpu0"": 1600000, ""cpu1"": 1600000, ""cpu2"": 1600000, ""cpu3"": 1600000, ""cpu4"": 1600000, ""cpu5"": 1600000, ""cpu6"": 1600000, ""cpu7"": 1600000}"
25263164,6761713664,10029924352,878055,10063,1216405504,4410585088,1,92.54232294842735,2516870,397203,10176208,25726,"{""thermal_zone0"": 40000, ""thermal_zone1"": 43000}","{""cpu0"": 1600000, ""cpu1"": 1600000, ""cpu2"": 1600000, ""cpu3"": 1600000, ""cpu4"": 1600000, ""cpu5"": 1600000, ""cpu6"": 1600000, ""cpu7"": 1600000}"
25382115,6778097664,10029924352,880186,10126,1224531968,4402352128,1,92.47480164638439,2516878,397207,10176290,25726,"{""thermal_zone0"": 41000, ""thermal_zone1"": 42000}","{""cpu0"": 1600000, ""cpu1"": 1600000, ""cpu2"": 1600000, ""cpu3"": 1600000, ""cpu4"": 1600000, ""cpu5"": 1600000, ""cpu6"": 1600000, ""cpu7"": 1600000}"
25500829,6794481664,10029924352,882310,10189,1232789504,4394139648,1,92.66006362629624,2516888,397210,10176372,25726,"{""thermal_zone0"": 42000, ""thermal_zone1"": 42000}","{""cpu0"": 1600000, ""cpu1"": 1600000, ""cpu2"": 1600000, ""cpu3"": 1600000, ""cpu4"": 1600000, ""cpu5"": 1600000, ""cpu6"": 1600000, ""cpu7"": 1600000}"
25620242,6812045312,10029924352,884575,10214,1234726912,4385456128,1,92.1170314392246,2516899,397212,10176454,25726,"{""thermal_zone0"": 41000, ""thermal_zone1"": 42000}","{""cpu0"": 1600000, ""cpu1"": 1600000, ""cpu2"": 1600000, ""cpu3"": 1600000, ""cpu4"": 1600000, ""cpu5"": 1600000, ""cpu6"": 1600000, ""cpu7"": 1600000}"
25739291,6828822528,10029924352,886769,10278,1243246592,4376961024,1,92.3986790315251,2516908,397216,10176535,25726,"{""thermal_zone0"": 41000, ""thermal_zone1"": 42000}","{""cpu0"": 1600000, ""cpu1"": 1600000, ""cpu2"": 1600000, ""cpu3"": 1600000, ""cpu4"": 1600000, ""cpu5"": 1600000, ""cpu6"": 1600000, ""cpu7"": 1600000}"
25858273,6847434752,10029924352,889166,10294,1244782592,4367659008,1,100.85627142533899,2516920,397218,10176616,25726,"{""thermal_zone0"": 42000, ""thermal_zone1"": 42000}","{""cpu0"": 1600000, ""cpu1"": 1600000, ""cpu2"": 1600000, ""cpu3"": 1600000, ""cpu4"": 1600000, ""cpu5"": 1600000, ""cpu6"": 1600000, ""cpu7"": 1600000}"
25976850,6863425536,10029924352,891188,10354,1252974592,4359454720,1,92.7666299743723,2516930,397221,10176699,25727,"{""thermal_zone0"": 41000, ""thermal_zone1"": 43000}","{""cpu0"": 1600000, ""cpu1"": 1600000, ""cpu2"": 1600000, ""cpu3"": 1600000, ""cpu4"": 1600000, ""cpu5"": 1600000, ""cpu6"": 1600000, ""cpu7"": 1600000}"
26096131,6879809536,10029924352,893246,10417,1261101056,4351365120,1,83.83548483272301,2516940,397224,10176781,25727,"{""thermal_zone0"": 42000, ""thermal_zone1"": 43000}","{""cpu0"": 1600000, ""cpu1"": 1600000, ""cpu2"": 1600000, ""cpu3"": 1600000, ""cpu4"": 1600000, ""cpu5"": 1600000, ""cpu6"": 1600000, ""cpu7"": 1600000}"
26214990,6896062464,10029924352,895299,10479,1269227520,4343144448,1,92.54699372280665,2516950,397226,10176863,25727,"{""thermal_zone0"": 42000, ""thermal_zone1"": 41000}","{""cpu0"": 1600000, ""cpu1"": 1600000, ""cpu2"": 1600000, ""cpu3"": 1600000, ""cpu4"": 1600000, ""cpu5"": 1600000, ""cpu6"": 1600000, ""cpu7"": 1600000}"
26333920,6912315392,10029924352,897372,10540,1277218816,4334694400,1,92.49100041545276,2516961,397227,10176945,25727,"{""thermal_zone0"": 41000, ""thermal_zone1"": 43000}","{""cpu0"": 1600000, ""cpu1"": 1600000, ""cpu2"": 1600000, ""cpu3"": 1600000, ""cpu4"": 1600000, ""cpu5"": 1600000, ""cpu6"": 1600000, ""cpu7"": 1600000}"
26452391,6928437248,10029924352,899472,10602,1285214208,4326854656,1,92.84933585587535,2516972,397229,10177026,25727,"{""thermal_zone0"": 41000, ""thermal_zone1"": 42000}","{""cpu0"": 1600000, ""cpu1"": 1600000, ""cpu2"": 1600000, ""cpu3"": 1600000, ""cpu4"": 1600000, ""cpu5"": 1600000, ""cpu6"": 1600000, ""cpu7"": 1600000}"
26571246,6944821248,10029924352,901595,10664,1293471744,4318502912,1,92.55017376295123,2516982,397233,10177108,25727,"{""thermal_zone0"": 41000, ""thermal_zone1"": 42000}","{""cpu0"": 1600000, ""cpu1"": 1600000, ""cpu2"": 1600000, ""cpu3"": 1600000, ""cpu4"": 1600000, ""cpu5"": 1600000, ""cpu6"": 1600000, ""cpu7"": 1600000}"
26690344,6961205248,10029924352,903711,10727,1301598208,4310347776,1,83.96459313864855,2516991,397237,10177190,25727,"{""thermal_zone0"": 41000, ""thermal_zone1"": 42000}","{""cpu0"": 1600000, ""cpu1"": 1600000, ""cpu2"": 1600000, ""cpu3"": 1600000, ""cpu4"": 1600000, ""cpu5"": 1600000, ""cpu6"": 1600000, ""cpu7"": 1600000}"
26809181,6977589248,10029924352,905845,10789,1309855744,4302110720,1,92.56344523633967,2517000,397240,10177272,25727,"{""thermal_zone0"": 41000, ""thermal_zone1"": 43000}","{""cpu0"": 1600000, ""cpu1"": 1600000, ""cpu2"": 1600000, ""cpu3"": 1600000, ""cpu4"": 1600000, ""cpu5"": 1600000, ""cpu6"": 1600000, ""cpu7"": 1600000}"
26928226,6993842176,10029924352,907952,10851,1317982208,4294021120,1,92.40194513486665,2517008,397243,10177355,25727,"{""thermal_zone0"": 41000, ""thermal_zone1"": 43000}","{""cpu0"": 1600000, ""cpu1"": 1600000, ""cpu2"": 1600000, ""cpu3"": 1600000, ""cpu4"": 1600000, ""cpu5"": 1600000, ""cpu6"": 1600000, ""cpu7"": 1600000}"
27047172,7009964032,10029924352,910033,10913,1325977600,4285751296,1,92.47936919788641,2517017,397247,10177436,25727,"{""thermal_zone0"": 41000, ""thermal_zone1"": 42000}","{""cpu0"": 1600000, ""cpu1"": 1600000, ""cpu2"": 1600000, ""cpu3"": 1600000, ""cpu4"": 1600000, ""cpu5"": 1600000, ""cpu6"": 1600000, ""cpu7"": 1600000}"
27166055,7026216960,10029924352,912155,10975,1334235136,4277649408,1,84.1159091993995,2517027,397250,10177518,25727,"{""thermal_zone0"": 41000, ""thermal_zone1"": 42000}","{""cpu0"": 1600000, ""cpu1"": 1600000, ""cpu2"": 1600000, ""cpu3"": 1600000, ""cpu4"": 1600000, ""cpu5"": 1600000, ""cpu6"": 1600000, ""cpu7"": 1600000}"
27284701,7042600960,10029924352,914276,11037,1342361600,4269625344,1,92.71323529981926,2517036,397252,10177600,25727,"{""thermal_zone0"": 41000, ""thermal_zone1"": 43000}","{""cpu0"": 1600000, ""cpu1"": 1600000, ""cpu2"": 1600000, ""cpu3"": 1600000, ""cpu4"": 1600000, ""cpu5"": 1600000, ""cpu6"": 1600000, ""cpu7"": 1600000}"
27403625,7058984960,10029924352,916392,11100,1350488064,4261384192,1,100.9042568613381,2517047,397255,10177682,25727,"{""thermal_zone0"": 41000, ""thermal_zone1"": 43000}","{""cpu0"": 1600000, ""cpu1"": 1600000, ""cpu2"": 1600000, ""cpu3"": 1600000, ""cpu4"": 1600000, ""cpu5"": 1600000, ""cpu6"": 1600000, ""cpu7"": 1600000}"
27522476,7075237888,10029924352,918509,11162,1358614528,4253294592,1,84.13926478689734,2517056,397258,10177764,25727,"{""thermal_zone0"": 41000, ""thermal_zone1"": 43000}","{""cpu0"": 1600000, ""cpu1"": 1600000, ""cpu2"": 1600000, ""cpu3"": 1600000, ""cpu4"": 1600000, ""cpu5"": 1600000, ""cpu6"": 1600000, ""cpu7"": 1600000}"
27641390,7091621888,10029924352,920634,11224,1366872064,4245131264,1,84.09424681067735,2517065,397261,10177846,25727,"{""thermal_zone0"": 41000, ""thermal_zone1"": 43000}","{""cpu0"": 1600000, ""cpu1"": 1600000, ""cpu2"": 1600000, ""cpu3"": 1600000, ""cpu4"": 1600000, ""cpu5"": 1600000, ""cpu6"": 1600000, ""cpu7"": 1600000}"
27760343,7107874816,10029924352,922741,11286,1374998528,4236599296,1,92.47337666265871,2517074,397264,10177928,25727,"{""thermal_zone0"": 41000, ""thermal_zone1"": 42000}","{""cpu0"": 1600000, ""cpu1"": 1600000, ""cpu2"": 1600000, ""cpu3"": 1600000, ""cpu4"": 1600000, ""cpu5"": 1600000, ""cpu6"": 1600000, ""cpu7"": 1600000}"
27879560,7124258816,10029924352,924857,11348,1382748160,4228272128,1,100.65718488846768,2517084,397267,10178010,25727,"{""thermal_zone0"": 42000, ""thermal_zone1"": 42000}","{""cpu0"": 1600000, ""cpu1"": 1600000, ""cpu2"": 1600000, ""cpu3"": 1600000, ""cpu4"": 1600000, ""cpu5"": 1600000, ""cpu6"": 1600000, ""cpu7"": 1600000}"
27998647,7140773888,10029924352,927002,11411,1391005696,4219891712,1,92.36919598157051,2517093,397270,10178092,25727,"{""thermal_zone0"": 41000, ""thermal_zone1"": 42000}","{""cpu0"": 1600000, ""cpu1"": 1600000, ""cpu2"": 1600000, ""cpu3"": 1600000, ""cpu4"": 1600000, ""cpu5"": 1600000, ""cpu6"": 1600000, ""cpu7"": 1600000}"
28117637,7157288960,10029924352,929161,11474,1399263232,4211650560,1,84.04074207773556,2517102,397274,10178174,25727,"{""thermal_zone0"": 41000, ""thermal_zone1"": 43000}","{""cpu0"": 1600000, ""cpu1"": 1600000, ""cpu2"": 1600000, ""cpu3"": 1600000, ""cpu4"": 1600000, ""cpu5"": 1600000, ""cpu6"": 1600000, ""cpu7"": 1600000}"
28236551,7173804032,10029924352,931287,11537,1407520768,4203429888,1,92.50380140167141,2517112,397277,10178256,25727,"{""thermal_zone0"": 41000, ""thermal_zone1"": 43000}","{""cpu0"": 1600000, ""cpu1"": 1600000, ""cpu2"": 1600000, ""cpu3"": 1600000, ""cpu4"": 1600000, ""cpu5"": 1600000, ""cpu6"": 1600000, ""cpu7"": 1600000}"
28355605,7190319104,10029924352,933427,11600,1415778304,4195188736,1,92.3948303244537,2517121,397281,10178338,25727,"{""thermal_zone0"": 40000, ""thermal_zone1"": 42000}","{""cpu0"": 1600000, ""cpu1"": 1600000, ""cpu2"": 1600000, ""cpu3"": 1600000, ""cpu4"": 1600000, ""cpu5"": 1600000, ""cpu6"": 1600000, ""cpu7"": 1600000}"
28474429,7206047744,10029924352,935492,11660,1423773696,4188119040,1,92.57444862405923,2517130,397291,10178414,25727,"{""thermal_zone0"": 42000, ""thermal_zone1"": 44000}","{""cpu0"": 1600000, ""cpu1"": 1600000, ""cpu2"": 1600000, ""cpu3"": 1600000, ""cpu4"": 1600000, ""cpu5"": 1600000, ""cpu6"": 1600000, ""cpu7"": 1600000}"
28593262,7222562816,10029924352,937608,11723,1431900160,4188020736,1,92.56620421180101,2517138,397305,10178486,25727,"{""thermal_zone0"": 42000, ""thermal_zone1"": 43000}","{""cpu0"": 1600000, ""cpu1"": 1600000, ""cpu2"": 1600000, ""cpu3"": 1600000, ""cpu4"": 1600000, ""cpu5"": 1600000, ""cpu6"": 1600000, ""cpu7"": 1600000}"
28713501,7239077888,10029924352,939756,11786,1440157696,4179378176,1,99.80167328317107,2517149,397306,10178568,25727,"{""thermal_zone0"": 42000, ""thermal_zone1"": 44000}","{""cpu0"": 1600000, ""cpu1"": 1600000, ""cpu2"": 1600000, ""cpu3"": 1600000, ""cpu4"": 1600000, ""cpu5"": 1600000, ""cpu6"": 1600000, ""cpu7"": 1600000}"
28832124,7255461888,10029924352,941886,11849,1448415232,4171288576,1,92.73036431163688,2517160,397309,10178649,25727,"{""thermal_zone0"": 41000, ""thermal_zone1"": 44000}","{""cpu0"": 1600000, ""cpu1"": 1600000, ""cpu2"": 1600000, ""cpu3"": 1600000, ""cpu4"": 1600000, ""cpu5"": 1600000, ""cpu6"": 1600000, ""cpu7"": 1600000}"
28950903,7272108032,10029924352,944042,11912,1456672768,4162908160,1,92.60932541388897,2517171,397312,10178731,25727,"{""thermal_zone0"": 41000, ""thermal_zone1"": 43000}","{""cpu0"": 1600000, ""cpu1"": 1600000, ""cpu2"": 1600000, ""cpu3"": 1600000, ""cpu4"": 1600000, ""cpu5"": 1600000, ""cpu6"": 1600000, ""cpu7"": 1600000}"
29069644,7288360960,10029924352,946156,11974,1464799232,4155035648,1,92.63896276027391,2517181,397314,10178812,25727,"{""thermal_zone0"": 42000, ""thermal_zone1"": 42000}","{""cpu0"": 1600000, ""cpu1"": 1600000, ""cpu2"": 1600000, ""cpu3"": 1600000, ""cpu4"": 1600000, ""cpu5"": 1600000, ""cpu6"": 1600000, ""cpu7"": 1600000}"
29188024,7304613888,10029924352,948276,12036,1473056768,4147003392,1,84.47307360802863,2517192,397320,10178890,25727,"{""thermal_zone0"": 41000, ""thermal_zone1"": 43000}","{""cpu0"": 1600000, ""cpu1"": 1600000, ""cpu2"": 1600000, ""cpu3"": 1600000, ""cpu4"": 1600000, ""cpu5"": 1600000, ""cpu6"": 1600000, ""cpu7"": 1600000}"
29306738,7321128960,10029924352,950419,12099,1481183232,4138442752,1,101.08384797366642,2517201,397322,10178972,25727,"{""thermal_zone0"": 41000, ""thermal_zone1"": 44000}","{""cpu0"": 1600000, ""cpu1"": 1600000, ""cpu2"": 1600000, ""cpu3"": 1600000, ""cpu4"": 1600000, ""cpu5"": 1600000, ""cpu6"": 1600000, ""cpu7"": 1600000}"
29425447,7337381888,10029924352,952527,12161,1489309696,4130242560,1,92.66377209752973,2517209,397326,10179054,25727,"{""thermal_zone0"": 41000, ""thermal_zone1"": 43000}","{""cpu0"": 1600000, ""cpu1"": 1600000, ""cpu2"": 1600000, ""cpu3"": 1600000, ""cpu4"": 1600000, ""cpu5"": 1600000, ""cpu6"": 1600000, ""cpu7"": 1600000}"
29544384,7353634816,10029924352,954634,12223,1497436160,4122259456,1,84.07742555595567,2517220,397328,10179136,25727,"{""thermal_zone0"": 41000, ""thermal_zone1"": 43000}","{""cpu0"": 1600000, ""cpu1"": 1600000, ""cpu2"": 1600000, ""cpu3"": 1600000, ""cpu4"": 1600000, ""cpu5"": 1600000, ""cpu6"": 1600000, ""cpu7"": 1600000}"
29663276,7369756672,10029924352,956738,12285,1505562624,4113625088,1,92.52143675428879,2517229,397337,10179214,25727,"{""thermal_zone0"": 41000, ""thermal_zone1"": 43000}","{""cpu0"": 1600000, ""cpu1"": 1600000, ""cpu2"": 1600000, ""cpu3"": 1600000, ""cpu4"": 1600000, ""cpu5"": 1600000, ""cpu6"": 1600000, ""cpu7"": 1600000}"
29782102,7385878528,10029924352,958819,12346,1513558016,4105609216,1,92.57230616650894,2517237,397340,10179295,25727,"{""thermal_zone0"": 41000, ""thermal_zone1"": 42000}","{""cpu0"": 1600000, ""cpu1"": 1600000, ""cpu2"": 1600000, ""cpu3"": 1600000, ""cpu4"": 1600000, ""cpu5"": 1600000, ""cpu6"": 1600000, ""cpu7"": 1600000}"
29900746,7402262528,10029924352,960958,12409,1521815552,4097368064,1,92.7141792784079,2517248,397343,10179377,25727,"{""thermal_zone0"": 40000, ""thermal_zone1"": 43000}","{""cpu0"": 1600000, ""cpu1"": 1600000, ""cpu2"": 1600000, ""cpu3"": 1600000, ""cpu4"": 1600000, ""cpu5"": 1600000, ""cpu6"": 1600000, ""cpu7"": 1600000}"
30019668,7418646528,10029924352,963072,12472,1529942016,4089020416,1,92.49774036429176,2517257,397346,10179459,25727,"{""thermal_zone0"": 40000, ""thermal_zone1"": 43000}","{""cpu0"": 1600000, ""cpu1"": 1600000, ""cpu2"": 1600000, ""cpu3"": 1600000, ""cpu4"": 1600000, ""cpu5"": 1600000, ""cpu6"": 1600000, ""cpu7"": 1600000}"
30138758,7435030528,10029924352,965185,12534,1538068480,4080963584,1,92.36741824299503,2517267,397352,10179536,25727,"{""thermal_zone0"": 41000, ""thermal_zone1"": 44000}","{""cpu0"": 1600000, ""cpu1"": 1600000, ""cpu2"": 1600000, ""cpu3"": 1600000, ""cpu4"": 1600000, ""cpu5"": 1600000, ""cpu6"": 1600000, ""cpu7"": 1600000}"
30259321,7451545600,10029924352,967324,12597,1546326016,4072038400,1,99.5326799670915,2517278,397361,10179611,25727,"{""thermal_zone0"": 41000, ""thermal_zone1"": 43000}","{""cpu0"": 1600000, ""cpu1"": 1600000, ""cpu2"": 1600000, ""cpu3"": 1600000, ""cpu4"": 1600000, ""cpu5"": 1600000, ""cpu6"": 1600000, ""cpu7"": 1600000}"
30378256,7467536384,10029924352,969423,12658,1554452480,4063805440,1,84.07936957961326,2517288,397372,10179685,25727,"{""thermal_zone0"": 41000, ""thermal_zone1"": 42000}","{""cpu0"": 1600000, ""cpu1"": 1600000, ""cpu2"": 1600000, ""cpu3"": 1600000, ""cpu4"": 1600000, ""cpu5"": 1600000, ""cpu6"": 1600000, ""cpu7"": 1600000}"
30497940,7483920384,10029924352,971532,12720,1562578944,4055756800,1,100.26394399703933,2517298,397387,10179755,25727,"{""thermal_zone0"": 42000, ""thermal_zone1"": 43000}","{""cpu0"": 1600000, ""cpu1"": 1600000, ""cpu2"": 1600000, ""cpu3"": 1600000, ""cpu4"": 1600000, ""cpu5"": 1600000, ""cpu6"": 1600000, ""cpu7"": 1600000}"
30617029,7497158656,10029924352,973498,12778,1570181120,4048572416,1,92.36841956987537,2517307,397404,10179824,25727,"{""thermal_zone0"": 42000, ""thermal_zone1"": 44000}","{""cpu0"": 1600000, ""cpu1"": 1600000, ""cpu2"": 1600000, ""cpu3"": 1600000, ""cpu4"": 1600000, ""cpu5"": 1600000, ""cpu6"": 1600000, ""cpu7"": 1600000}"
30737809,7512756224,10029924352,975514,12838,1577914368,4040577024,1,99.35378970458939,2517317,397409,10179905,25727,"{""thermal_zone0"": 42000, ""thermal_zone1"": 43000}","{""cpu0"": 1600000, ""cpu1"": 1600000, ""cpu2"": 1600000, ""cpu3"": 1600000, ""cpu4"": 1600000, ""cpu5"": 1600000, ""cpu6"": 1600000, ""cpu7"": 1600000}"
30858071,7527829504,10029924352,977503,12895,1585385472,4033003520,1,99.78220621002376,2517327,397413,10179987,25727,"{""thermal_zone0"": 41000, ""thermal_zone1"": 43000}","{""cpu0"": 1600000, ""cpu1"": 1600000, ""cpu2"": 1600000, ""cpu3"": 1600000, ""cpu4"": 1600000, ""cpu5"": 1600000, ""cpu6"": 1600000, ""cpu7"": 1600000}"
30978261,7543820288,10029924352,979552,12956,1593249792,4024930304,1,91.52152953708851,2517339,397415,10180068,25727,"{""thermal_zone0"": 42000, ""thermal_zone1"": 42000}","{""cpu0"": 1600000, ""cpu1"": 1600000, ""cpu2"": 1600000, ""cpu3"": 1600000, ""cpu4"": 1600000, ""cpu5"": 1600000, ""cpu6"": 1600000, ""cpu7"": 1600000}"
31098738,7559417856,10029924352,981593,13016,1601114112,4017692672,1,99.60462359682505,2517349,397424,10180146,25727,"{""thermal_zone0"": 42000, ""thermal_zone1"": 43000}","{""cpu0"": 1600000, ""cpu1"": 1600000, ""cpu2"": 1600000, ""cpu3"": 1600000, ""cpu4"": 1600000, ""cpu5"": 1600000, ""cpu6"": 1600000, ""cpu7"": 1600000}"
31219228,7574753280,10029924352,983591,13075,1608847360,4009762816,1,99.59267095542586,2517355,397434,10180227,25727,"{""thermal_zone0"": 41000, ""thermal_zone1"": 43000}","{""cpu0"": 1600000, ""cpu1"": 1600000, ""cpu2"": 1600000, ""cpu3"": 1600000, ""cpu4"": 1600000, ""cpu5"": 1600000, ""cpu6"": 1600000, ""cpu7"": 1600000}"
31339606,7590350848,10029924352,985611,13134,1616580608,4001640448,1,99.68646943920213,2517366,397438,10180308,25727,"{""thermal_zone0"": 41000, ""thermal_zone1"": 44000}","{""cpu0"": 1600000, ""cpu1"": 1600000, ""cpu2"": 1600000, ""cpu3"": 1600000, ""cpu4"": 1600000, ""cpu5"": 1600000, ""cpu6"": 1600000, ""cpu7"": 1600000}"
31459895,7606079488,10029924352,987657,13194,1624576000,3993714688,1,99.75936047067265,2517369,397449,10180390,25727,"{""thermal_zone0"": 41000, ""thermal_zone1"": 43000}","{""cpu0"": 1600000, ""cpu1"": 1600000, ""cpu2"": 1600000, ""cpu3"": 1600000, ""cpu4"": 1600000, ""cpu5"": 1600000, ""cpu6"": 1600000, ""cpu7"": 1600000}"
31580425,7622070272,10029924352,989709,13255,1632440320,3985866752,1,99.5605843827973,2517376,397455,10180471,25727,"{""thermal_zone0"": 41000, ""thermal_zone1"": 43000}","{""cpu0"": 1600000, ""cpu1"": 1600000, ""cpu2"": 1600000, ""cpu3"": 1600000, ""cpu4"": 1600000, ""cpu5"": 1600000, ""cpu6"": 1600000, ""cpu7"": 1600000}"
31700069,7637274624,10029924352,991704,13313,1640042496,3977949184,1,100.29725515415267,2517387,397465,10180546,25727,"{""thermal_zone0"": 41000, ""thermal_zone1"": 43000}","{""cpu0"": 1600000, ""cpu1"": 1600000, ""cpu2"": 1600000, ""cpu3"": 1600000, ""cpu4"": 1600000, ""cpu5"": 1600000, ""cpu6"": 1600000, ""cpu7"": 1600000}"
31820403,7652741120,10029924352,993710,13372,1647906816,3970207744,1,99.72233147819325,2517397,397469,10180627,25727,"{""thermal_zone0"": 41000, ""thermal_zone1"": 44000}","{""cpu0"": 1600000, ""cpu1"": 1600000, ""cpu2"": 1600000, ""cpu3"": 1600000, ""cpu4"": 1600000, ""cpu5"": 1600000, ""cpu6"": 1600000, ""cpu7"": 1600000}"
31941101,7668469760,10029924352,995762,13432,1655771136,3962015744,1,99.42207604231203,2517409,397470,10180709,25727,"{""thermal_zone0"": 41000, ""thermal_zone1"": 43000}","{""cpu0"": 1600000, ""cpu1"": 1600000, ""cpu2"": 1600000, ""cpu3"": 1600000, ""cpu4"": 1600000, ""cpu5"": 1600000, ""cpu6"": 1600000, ""cpu7"": 1600000}"
32061718,7684591616,10029924352,997836,13493,1663766528,3954229248,1,91.19797972929238,2517419,397474,10180790,25727,"{""thermal_zone0"": 42000, ""thermal_zone1"": 44000}","{""cpu0"": 1600000, ""cpu1"": 1600000, ""cpu2"": 1600000, ""cpu3"": 1600000, ""cpu4"": 1600000, ""cpu5"": 1600000, ""cpu6"": 1600000, ""cpu7"": 1600000}"
32182414,7700451328,10029924352,999883,13554,1671630848,3946176512,1,99.42338084633093,2517430,397482,10180868,25727,"{""thermal_zone0"": 42000, ""thermal_zone1"": 43000}","{""cpu0"": 1600000, ""cpu1"": 1600000, ""cpu2"": 1600000, ""cpu3"": 1600000, ""cpu4"": 1600000, ""cpu5"": 1600000, ""cpu6"": 1600000, ""cpu7"": 1600000}"
32302110,7715786752,10029924352,1001888,13613,1679364096,3939233792,1,100.2536132362974,2517440,397488,10180947,25727,"{""thermal_zone0"": 42000, ""thermal_zone1"": 43000}","{""cpu0"": 1600000, ""cpu1"": 1600000, ""cpu2"": 1600000, ""cpu3"": 1600000, ""cpu4"": 1600000, ""cpu5"": 1600000, ""cpu6"": 1600000, ""cpu7"": 1600000}"
32422407,7731515392,10029924352,1003948,13673,1687359488,3931471872,1,99.75331338111893,2517448,397493,10181029,25727,"{""thermal_zone0"": 41000, ""thermal_zone1"": 43000}","{""cpu0"": 1600000, ""cpu1"": 1600000, ""cpu2"": 1600000, ""cpu3"": 1600000, ""cpu4"": 1600000, ""cpu5"": 1600000, ""cpu6"": 1600000, ""cpu7"": 1600000}"
32543193,7747112960,10029924352,1005980,13733,1694961664,3923730432,1,99.34902626818887,2517457,397498,10181110,25727,"{""thermal_zone0"": 42000, ""thermal_zone1"": 42000}","{""cpu0"": 1600000, ""cpu1"": 1600000, ""cpu2"": 1600000, ""cpu3"": 1600000, ""cpu4"": 1600000, ""cpu5"": 1600000, ""cpu6"": 1600000, ""cpu7"": 1600000}"
32663375,7763103744,10029924352,1008060,13794,1703088128,3915710464,1,99.84855636627405,2517466,397504,10181192,25727,"{""thermal_zone0"": 41000, ""thermal_zone1"": 43000}","{""cpu0"": 1600000, ""cpu1"": 1600000, ""cpu2"": 1600000, ""cpu3"": 1600000, ""cpu4"": 1600000, ""cpu5"": 1600000, ""cpu6"": 1600000, ""cpu7"": 1600000}"
32783771,7770705920,10029924352,1010038,13852,1710559232,3906764800,1,91.36493776656499,2517477,397516,10181264,25727,"{""thermal_zone0"": 42000, ""thermal_zone1"": 44000}","{""cpu0"": 1600000, ""cpu1"": 1600000, ""cpu2"": 1600000, ""cpu3"": 1600000, ""cpu4"": 1600000, ""cpu5"": 1600000, ""cpu6"": 1600000, ""cpu7"": 1600000}"
32902872,7771623424,10029924352,1011914,13907,1717899264,3900428288,1,100.7551853026396,2517487,397523,10181342,25727,"{""thermal_zone0"": 41000, ""thermal_zone1"": 42000}","{""cpu0"": 1600000, ""cpu1"": 1600000, ""cpu2"": 1600000, ""cpu3"": 1600000, ""cpu4"": 1600000, ""cpu5"": 1600000, ""cpu6"": 1600000, ""cpu7"": 1600000}"
33023252,7786958848,10029924352,1013897,13966,1725501440,3892576256,1,99.68394954586608,2517496,397529,10181423,25727,"{""thermal_zone0"": 42000, ""thermal_zone1"": 43000}","{""cpu0"": 1600000, ""cpu1"": 1600000, ""cpu2"": 1600000, ""cpu3"": 1600000, ""cpu4"": 1600000, ""cpu5"": 1600000, ""cpu6"": 1600000, ""cpu7"": 1600000}"
33143676,7802687488,10029924352,1015946,14026,1733365760,3884752896,1,91.34464330597721,2517498,397539,10181505,25727,"{""thermal_zone0"": 42000, ""thermal_zone1"": 43000}","{""cpu0"": 1600000, ""cpu1"": 1600000, ""cpu2"": 1600000, ""cpu3"": 1600000, ""cpu4"": 1600000, ""cpu5"": 1600000, ""cpu6"": 1600000, ""cpu7"": 1600000}"
33264421,7807668224,10029924352,1017942,14085,1741099008,3876302848,1,107.6648788858315,2517510,397545,10181584,25727,"{""thermal_zone0"": 43000, ""thermal_zone1"": 44000}","{""cpu0"": 1600000, ""cpu1"": 1600000, ""cpu2"": 1600000, ""cpu3"": 1600000, ""cpu4"": 1600000, ""cpu5"": 1600000, ""cpu6"": 1600000, ""cpu7"": 1600000}"
33383502,7761268736,10029924352,1019549,14132,1747259392,3870453760,1,92.37365614175225,2517519,397562,10181653,25727,"{""thermal_zone0"": 42000, ""thermal_zone1"": 43000}","{""cpu0"": 1600000, ""cpu1"": 1600000, ""cpu2"": 1600000, ""cpu3"": 1600000, ""cpu4"": 1600000, ""cpu5"": 1600000, ""cpu6"": 1600000, ""cpu7"": 1600000}"
33503746,7776866304,10029924352,1021571,14191,1755123712,3862200320,1,99.79693486022866,2517530,397565,10181734,25727,"{""thermal_zone0"": 42000, ""thermal_zone1"": 42000}","{""cpu0"": 1600000, ""cpu1"": 1600000, ""cpu2"": 1600000, ""cpu3"": 1600000, ""cpu4"": 1600000, ""cpu5"": 1600000, ""cpu6"": 1600000, ""cpu7"": 1600000}"
33624703,7792201728,10029924352,1023571,14250,1762856960,3854729216,1,99.20902135409698,2517537,397572,10181816,25727,"{""thermal_zone0"": 41000, ""thermal_zone1"": 43000}","{""cpu0"": 1600000, ""cpu1"": 1600000, ""cpu2"": 1600000, ""cpu3"": 1600000, ""cpu4"": 1600000, ""cpu5"": 1600000, ""cpu6"": 1600000, ""cpu7"": 1600000}"
33744980,7807799296,10029924352,1025580,14309,1770590208,3847053312,1,99.77010805418641,2517547,397576,10181897,25727,"{""thermal_zone0"": 41000, ""thermal_zone1"": 43000}","{""cpu0"": 1600000, ""cpu1"": 1600000, ""cpu2"": 1600000, ""cpu3"": 1600000, ""cpu4"": 1600000, ""cpu5"": 1600000, ""cpu6"": 1600000, ""cpu7"": 1600000}"
33865412,7790366720,10029924352,1027406,14363,1777537024,3839627264,1,99.6405649294539,2517560,397584,10181971,25727,"{""thermal_zone0"": 43000, ""thermal_zone1"": 43000}","{""cpu0"": 1600000, ""cpu1"": 1600000, ""cpu2"": 1600000, ""cpu3"": 1600000, ""cpu4"": 1600000, ""cpu5"": 1600000, ""cpu6"": 1600000, ""cpu7"": 1600000}"
33984396,7766249472,10029924352,1029171,14415,1784352768,3832651776,1,100.85411755298763,2517568,397599,10182044,25727,"{""thermal_zone0"": 42000, ""thermal_zone1"": 43000}","{""cpu0"": 1600000, ""cpu1"": 1600000, ""cpu2"": 1600000, ""cpu3"": 1600000, ""cpu4"": 1600000, ""cpu5"": 1600000, ""cpu6"": 1600000, ""cpu7"": 1600000}"
34104868,7781715968,10029924352,1031176,14474,1792086016,3824742400,1,91.30777461047708,2517577,397604,10182126,25727,"{""thermal_zone0"": 42000, ""thermal_zone1"": 44000}","{""cpu0"": 1600000, ""cpu1"": 1600000, ""cpu2"": 1600000, ""cpu3"": 1600000, ""cpu4"": 1600000, ""cpu5"": 1600000, ""cpu6"": 1600000, ""cpu7"": 1600000}"
34224806,7797182464,10029924352,1033187,14533,1799823360,3817185280,1,100.05133550648723,2517590,397604,10182207,25727,"{""thermal_zone0"": 42000, ""thermal_zone1"": 42000}","{""cpu0"": 1600000, ""cpu1"": 1600000, ""cpu2"": 1600000, ""cpu3"": 1600000, ""cpu4"": 1600000, ""cpu5"": 1600000, ""cpu6"": 1600000, ""cpu7"": 1600000}"
34345347,7813042176,10029924352,1035239,14594,1807687680,3809128448,1,99.55118922564779,2517602,397606,10182288,25727,"{""thermal_zone0"": 42000, ""thermal_zone1"": 43000}","{""cpu0"": 1600000, ""cpu1"": 1600000, ""cpu2"": 1600000, ""cpu3"": 1600000, ""cpu4"": 1600000, ""cpu5"": 1600000, ""cpu6"": 1600000, ""cpu7"": 1600000}"
34464900,7773065216,10029924352,1036945,14644,1814241280,3802697728,1,108.73825192971711,2517612,397622,10182357,25727,"{""thermal_zone0"": 43000, ""thermal_zone1"": 44000}","{""cpu0"": 1600000, ""cpu1"": 1600000, ""cpu2"": 1600000, ""cpu3"": 1600000, ""cpu4"": 1600000, ""cpu5"": 1600000, ""cpu6"": 1600000, ""cpu7"": 1600000}"
34584323,7772016640,10029924352,1038885,14701,1821712384,3795537920,1,92.10992881225536,2517623,397628,10182435,25727,"{""thermal_zone0"": 42000, ""thermal_zone1"": 44000}","{""cpu0"": 1600000, ""cpu1"": 1600000, ""cpu2"": 1600000, ""cpu3"": 1600000, ""cpu4"": 1600000, ""cpu5"": 1600000, ""cpu6"": 1600000, ""cpu7"": 1600000}"
34705007,7787745280,10029924352,1040926,14761,1829576704,3787530240,1,107.71940900326278,2517636,397630,10182516,25727,"{""thermal_zone0"": 42000, ""thermal_zone1"": 43000}","{""cpu0"": 1600000, ""cpu1"": 1600000, ""cpu2"": 1600000, ""cpu3"": 1600000, ""cpu4"": 1600000, ""cpu5"": 1600000, ""cpu6"": 1600000, ""cpu7"": 1600000}"
34825275,7803736064,10029924352,1042996,14822,1837572096,3779588096,1,99.77702163794423,2517648,397632,10182597,25727,"{""thermal_zone0"": 42000, ""thermal_zone1"": 43000}","{""cpu0"": 1600000, ""cpu1"": 1600000, ""cpu2"": 1600000, ""cpu3"": 1600000, ""cpu4"": 1600000, ""cpu5"": 1600000, ""cpu6"": 1600000, ""cpu7"": 1600000}"
34946065,7801901056,10029924352,1044962,14879,1845043200,3771699200,1,91.06705009427054,2517654,397643,10182675,25727,"{""thermal_zone0"": 42000, ""thermal_zone1"": 44000}","{""cpu0"": 1600000, ""cpu1"": 1600000, ""cpu2"": 1600000, ""cpu3"": 1600000, ""cpu4"": 1600000, ""cpu5"": 1600000, ""cpu6"": 1600000, ""cpu7"": 1600000}"
35065315,7762841600,10029924352,1046682,14930,1851858944,3765395456,1,100.62922532159024,2517666,397657,10182746,25727,"{""thermal_zone0"": 43000, ""thermal_zone1"": 44000}","{""cpu0"": 1600000, ""cpu1"": 1600000, ""cpu2"": 1600000, ""cpu3"": 1600000, ""cpu4"": 1600000, ""cpu5"": 1600000, ""cpu6"": 1600000, ""cpu7"": 1600000}"
35186073,7778832384,10029924352,1048744,14991,1859723264,3757207552,1,99.37223248332533,2517677,397659,10182828,25727,"{""thermal_zone0"": 41000, ""thermal_zone1"": 43000}","{""cpu0"": 1600000, ""cpu1"": 1600000, ""cpu2"": 1600000, ""cpu3"": 1600000, ""cpu4"": 1600000, ""cpu5"": 1600000, ""cpu6"": 1600000, ""cpu7"": 1600000}"
35308411,7794561024,10029924352,1050810,15051,1867849728,3748851712,1,98.0888619533241,2517684,397682,10182888,25732,"{""thermal_zone0"": 43000, ""thermal_zone1"": 45000}","{""cpu0"": 1600000, ""cpu1"": 1600000, ""cpu2"": 1600000, ""cpu3"": 1600000, ""cpu4"": 1600000, ""cpu5"": 1600000, ""cpu6"": 1600000, ""cpu7"": 1600000}"
35433439,7810813952,10029924352,1052907,15113,1875845120,3737948160,1,95.97853459269541,2517695,397697,10182960,25732,"{""thermal_zone0"": 43000, ""thermal_zone1"": 44000}","{""cpu0"": 1600000, ""cpu1"": 1600000, ""cpu2"": 1600000, ""cpu3"": 1600000, ""cpu4"": 1600000, ""cpu5"": 1600000, ""cpu6"": 1600000, ""cpu7"": 1600000}"
35553118,7766642688,10029924352,1054585,15163,1882267648,3731234816,1,100.2685174185048,2517704,397714,10183029,25732,"{""thermal_zone0"": 43000, ""thermal_zone1"": 44000}","{""cpu0"": 1600000, ""cpu1"": 1600000, ""cpu2"": 1600000, ""cpu3"": 1600000, ""cpu4"": 1600000, ""cpu5"": 1600000, ""cpu6"": 1600000, ""cpu7"": 1600000}"
35672838,7769657344,10029924352,1056537,15220,1889738752,3724685312,1,108.58642204139318,2517715,397719,10183108,25732,"{""thermal_zone0"": 42000, ""thermal_zone1"": 43000}","{""cpu0"": 1600000, ""cpu1"": 1600000, ""cpu2"": 1600000, ""cpu3"": 1600000, ""cpu4"": 1600000, ""cpu5"": 1600000, ""cpu6"": 1600000, ""cpu7"": 1600000}"
35793895,7785385984,10029924352,1058587,15280,1897603072,3716440064,1,90.86623058475706,2517726,397722,10183189,25732,"{""thermal_zone0"": 41000, ""thermal_zone1"": 44000}","{""cpu0"": 1600000, ""cpu1"": 1600000, ""cpu2"": 1600000, ""cpu3"": 1600000, ""cpu4"": 1600000, ""cpu5"": 1600000, ""cpu6"": 1600000, ""cpu7"": 1600000}"
35914363,7801638912,10029924352,1060632,15342,1905729536,3708473344,1,99.6112380900757,2517736,397726,10183270,25732,"{""thermal_zone0"": 42000, ""thermal_zone1"": 44000}","{""cpu0"": 1600000, ""cpu1"": 1600000, ""cpu2"": 1600000, ""cpu3"": 1600000, ""cpu4"": 1600000, ""cpu5"": 1600000, ""cpu6"": 1600000, ""cpu7"": 1600000}"
36034887,7797968896,10029924352,1062617,15403,1913593856,3700146176,1,99.5657126152861,2517746,397735,10183347,25732,"{""thermal_zone0"": 42000, ""thermal_zone1"": 44000}","{""cpu0"": 1600000, ""cpu1"": 1600000, ""cpu2"": 1600000, ""cpu3"": 1600000, ""cpu4"": 1600000, ""cpu5"": 1600000, ""cpu6"": 1600000, ""cpu7"": 1600000}"
36152678,7763234816,10029924352,1064475,15459,1920933888,3693178880,1,93.38543572799597,2517754,397750,10183418,25732,"{""thermal_zone0"": 42000, ""thermal_zone1"": 44000}","{""cpu0"": 1600000, ""cpu1"": 1600000, ""cpu2"": 1600000, ""cpu3"": 1600000, ""cpu4"": 1600000, ""cpu5"": 1600000, ""cpu6"": 1600000, ""cpu7"": 1600000}"
36271497,7780012032,10029924352,1066604,15523,1929453568,3684540416,1,100.99434487215603,2517766,397752,10183499,25732,"{""thermal_zone0"": 42000, ""thermal_zone1"": 44000}","{""cpu0"": 1600000, ""cpu1"": 1600000, ""cpu2"": 1600000, ""cpu3"": 1600000, ""cpu4"": 1600000, ""cpu5"": 1600000, ""cpu6"": 1600000, ""cpu7"": 1600000}"
36390263,7796920320,10029924352,1068721,15588,1937842176,3676188672,1,92.61903969430598,2517776,397755,10183581,25732,"{""thermal_zone0"": 41000, ""thermal_zone1"": 43000}","{""cpu0"": 1600000, ""cpu1"": 1600000, ""cpu2"": 1600000, ""cpu3"": 1600000, ""cpu4"": 1600000, ""cpu5"": 1600000, ""cpu6"": 1600000, ""cpu7"": 1600000}"
36509152,7794561024,10029924352,1070730,15648,1945706496,3668107264,1,92.52305777636829,2517784,397764,10183659,25732,"{""thermal_zone0"": 42000, ""thermal_zone1"": 44000}","{""cpu0"": 1600000, ""cpu1"": 1600000, ""cpu2"": 1600000, ""cpu3"": 1600000, ""cpu4"": 1600000, ""cpu5"": 1600000, ""cpu6"": 1600000, ""cpu7"": 1600000}"
36627244,7758254080,10029924352,1072571,15704,1953177600,3660734464,1,93.14803873840636,2517796,397776,10183730,25732,"{""thermal_zone0"": 42000, ""thermal_zone1"": 44000}","{""cpu0"": 1600000, ""cpu1"": 1600000, ""cpu2"": 1600000, ""cpu3"": 1600000, ""cpu4"": 1600000, ""cpu5"": 1600000, ""cpu6"": 1600000, ""cpu7"": 1600000}"
36746305,7754977280,10029924352,1074563,15765,1961041920,3652186112,1,92.3892375038118,2517806,397781,10183807,25732,"{""thermal_zone0"": 42000, ""thermal_zone1"": 43000}","{""cpu0"": 1600000, ""cpu1"": 1600000, ""cpu2"": 1600000, ""cpu3"": 1600000, ""cpu4"": 1600000, ""cpu5"": 1600000, ""cpu6"": 1600000, ""cpu7"": 1600000}"
36864193,7719849984,10029924352,1076418,15821,1968381952,3645382656,1,110.27438208789123,2517818,397793,10183878,25732,"{""thermal_zone0"": 43000, ""thermal_zone1"": 43000}","{""cpu0"": 1600000, ""cpu1"": 1600000, ""cpu2"": 1600000, ""cpu3"": 1600000, ""cpu4"": 1600000, ""cpu5"": 1600000, ""cpu6"": 1600000, ""cpu7"": 1600000}"
36982961,7736102912,10029924352,1078485,15883,1976639488,3636973568,1,92.61725310564172,2517828,397796,10183960,25732,"{""thermal_zone0"": 41000, ""thermal_zone1"": 44000}","{""cpu0"": 1600000, ""cpu1"": 1600000, ""cpu2"": 1600000, ""cpu3"": 1600000, ""cpu4"": 1600000, ""cpu5"": 1600000, ""cpu6"": 1600000, ""cpu7"": 1600000}"
37101706,7752617984,10029924352,1080554,15946,1984765952,3628732416,1,84.21422394074634,2517837,397798,10184042,25732,"{""thermal_zone0"": 42000, ""thermal_zone1"": 44000}","{""cpu0"": 1600000, ""cpu1"": 1600000, ""cpu2"": 1600000, ""cpu3"": 1600000, ""cpu4"": 1600000, ""cpu5"": 1600000, ""cpu6"": 1600000, ""cpu7"": 1600000}"
37220426,7769133056,10029924352,1082632,16009,1993154560,3620442112,1,92.65492642832433,2517848,397800,10184124,25732,"{""thermal_zone0"": 41000, ""thermal_zone1"": 43000}","{""cpu0"": 1600000, ""cpu1"": 1600000, ""cpu2"": 1600000, ""cpu3"": 1600000, ""cpu4"": 1600000, ""cpu5"": 1600000, ""cpu6"": 1600000, ""cpu7"": 1600000}"
37339086,7745409024,10029924352,1084419,16063,1999966208,3613249536,1,92.70219889700059,2517859,397812,10184197,25732,"{""thermal_zone0"": 42000, ""thermal_zone1"": 44000}","{""cpu0"": 1600000, ""cpu1"": 1600000, ""cpu2"": 1600000, ""cpu3"": 1600000, ""cpu4"": 1600000, ""cpu5"": 1600000, ""cpu6"": 1600000, ""cpu7"": 1600000}"
37458336,7728238592,10029924352,1086243,16117,2007044096,3605807104,1,109.01419420154173,2517871,397819,10184272,25732,"{""thermal_zone0"": 42000, ""thermal_zone1"": 44000}","{""cpu0"": 1600000, ""cpu1"": 1600000, ""cpu2"": 1600000, ""cpu3"": 1600000, ""cpu4"": 1600000, ""cpu5"": 1600000, ""cpu6"": 1600000, ""cpu7"": 1600000}"
37578608,7743836160,10029924352,1088268,16177,2014908416,3598196736,1,91.45941734048768,2517884,397820,10184353,25732,"{""thermal_zone0"": 41000, ""thermal_zone1"": 43000}","{""cpu0"": 1600000, ""cpu1"": 1600000, ""cpu2"": 1600000, ""cpu3"": 1600000, ""cpu4"": 1600000, ""cpu5"": 1600000, ""cpu6"": 1600000, ""cpu7"": 1600000}"
37699215,7759564800,10029924352,1090307,16236,2022772736,3590209536,1,99.4970226510942,2517888,397830,10184435,25732,"{""thermal_zone0"": 42000, ""thermal_zone1"": 44000}","{""cpu0"": 1600000, ""cpu1"": 1600000, ""cpu2"": 1600000, ""cpu3"": 1600000, ""cpu4"": 1600000, ""cpu5"": 1600000, ""cpu6"": 1600000, ""cpu7"": 1600000}"
37819862,7770050560,10029924352,1092338,16296,2030505984,3582230528,1,99.46327874183527,2517902,397832,10184515,25732,"{""thermal_zone0"": 42000, ""thermal_zone1"": 44000}","{""cpu0"": 1600000, ""cpu1"": 1600000, ""cpu2"": 1600000, ""cpu3"": 1600000, ""cpu4"": 1600000, ""cpu5"": 1600000, ""cpu6"": 1600000, ""cpu7"": 1600000}"
37939076,7721422848,10029924352,1093973,16344,2036797440,3576627200,1,100.65954313619602,2517912,397849,10184583,25732,"{""thermal_zone0"": 43000, ""thermal_zone1"": 44000}","{""cpu0"": 1600000, ""cpu1"": 1600000, ""cpu2"": 1600000, ""cpu3"": 1600000, ""cpu4"": 1600000, ""cpu5"": 1600000, ""cpu6"": 1600000, ""cpu7"": 1600000}"
38058890,7734267904,10029924352,1095999,16404,2044661760,3568820224,1,100.15547133815824,2517920,397856,10184664,25732,"{""thermal_zone0"": 41000, ""thermal_zone1"": 44000}","{""cpu0"": 1600000, ""cpu1"": 1600000, ""cpu2"": 1600000, ""cpu3"": 1600000, ""cpu4"": 1600000, ""cpu5"": 1600000, ""cpu6"": 1600000, ""cpu7"": 1600000}"
38179698,7750258688,10029924352,1098065,16465,2052657152,3560808448,1,91.05329374115387,2517932,397858,10184746,25732,"{""thermal_zone0"": 42000, ""thermal_zone1"": 43000}","{""cpu0"": 1600000, ""cpu1"": 1600000, ""cpu2"": 1600000, ""cpu3"": 1600000, ""cpu4"": 1600000, ""cpu5"": 1600000, ""cpu6"": 1600000, ""cpu7"": 1600000}"
38300364,7765856256,10029924352,1100099,16524,2060521472,3552710656,1,99.44837395817365,2517942,397861,10184828,25732,"{""thermal_zone0"": 41000, ""thermal_zone1"": 43000}","{""cpu0"": 1600000, ""cpu1"": 1600000, ""cpu2"": 1600000, ""cpu3"": 1600000, ""cpu4"": 1600000, ""cpu5"": 1600000, ""cpu6"": 1600000, ""cpu7"": 1600000}"
38421414,7758909440,10029924352,1102034,16581,2067861504,3544281088,1,99.1322557128432,2517954,397868,10184905,25732,"{""thermal_zone0"": 42000, ""thermal_zone1"": 44000}","{""cpu0"": 1600000, ""cpu1"": 1600000, ""cpu2"": 1600000, ""cpu3"": 1600000, ""cpu4"": 1600000, ""cpu5"": 1600000, ""cpu6"": 1600000, ""cpu7"": 1600000}"
38540931,7724830720,10029924352,1103749,16632,2074546176,3538497536,1,100.40438955607931,2517964,397882,10184977,25732,"{""thermal_zone0"": 43000, ""thermal_zone1"": 43000}","{""cpu0"": 1600000, ""cpu1"": 1600000, ""cpu2"": 1600000, ""cpu3"": 1600000, ""cpu4"": 1600000, ""cpu5"": 1600000, ""cpu6"": 1600000, ""cpu7"": 1600000}"
38660916,7740428288,10029924352,1105776,16692,2082410496,3530436608,1,100.01235319249182,2517967,397893,10185058,25732,"{""thermal_zone0"": 41000, ""thermal_zone1"": 43000}","{""cpu0"": 1600000, ""cpu1"": 1600000, ""cpu2"": 1600000, ""cpu3"": 1600000, ""cpu4"": 1600000, ""cpu5"": 1600000, ""cpu6"": 1600000, ""cpu7"": 1600000}"
38781589,7756288000,10029924352,1107837,16752,2090405888,3522568192,1,91.15524850085043,2517974,397900,10185140,25732,"{""thermal_zone0"": 41000, ""thermal_zone1"": 44000}","{""cpu0"": 1600000, ""cpu1"": 1600000, ""cpu2"": 1600000, ""cpu3"": 1600000, ""cpu4"": 1600000, ""cpu5"": 1600000, ""cpu6"": 1600000, ""cpu7"": 1600000}"
38902251,7772016640,10029924352,1109884,16812,2098270208,3514617856,1,99.45163610994427,2517982,397907,10185222,25732,"{""thermal_zone0"": 42000, ""thermal_zone1"": 44000}","{""cpu0"": 1600000, ""cpu1"": 1600000, ""cpu2"": 1600000, ""cpu3"": 1600000, ""cpu4"": 1600000, ""cpu5"": 1600000, ""cpu6"": 1600000, ""cpu7"": 1600000}"
39023155,7741870080,10029924352,1111639,16864,2104823808,3507343360,1,99.2522024766766,2517991,397921,10185295,25732,"{""thermal_zone0"": 43000, ""thermal_zone1"": 44000}","{""cpu0"": 1600000, ""cpu1"": 1600000, ""cpu2"": 1600000, ""cpu3"": 1600000, ""cpu4"": 1600000, ""cpu5"": 1600000, ""cpu6"": 1600000, ""cpu7"": 1600000}"
39142711,7730597888,10029924352,1113497,16919,2112032768,3500163072,1,100.37167211970626,2518001,397930,10185371,25732,"{""thermal_zone0"": 42000, ""thermal_zone1"": 44000}","{""cpu0"": 1600000, ""cpu1"": 1600000, ""cpu2"": 1600000, ""cpu3"": 1600000, ""cpu4"": 1600000, ""cpu5"": 1600000, ""cpu6"": 1600000, ""cpu7"": 1600000}"
39263515,7746588672,10029924352,1115567,16979,2120028160,3492065280,1,91.05662220294543,2518012,397933,10185453,25732,"{""thermal_zone0"": 42000, ""thermal_zone1"": 44000}","{""cpu0"": 1600000, ""cpu1"": 1600000, ""cpu2"": 1600000, ""cpu3"": 1600000, ""cpu4"": 1600000, ""cpu5"": 1600000, ""cpu6"": 1600000, ""cpu7"": 1600000}"
39384742,7762579456,10029924352,1117633,17040,2128023552,3484086272,1,98.98745076694158,2518022,397937,10185535,25732,"{""thermal_zone0"": 42000, ""thermal_zone1"": 43000}","{""cpu0"": 1600000, ""cpu1"": 1600000, ""cpu2"": 1600000, ""cpu3"": 1600000, ""cpu4"": 1600000, ""cpu5"": 1600000, ""cpu6"": 1600000, ""cpu7"": 1600000}"
39505721,7768215552,10029924352,1119653,17100,2135756800,3476279296,1,99.19080964085074,2518030,397945,10185615,25732,"{""thermal_zone0"": 42000, ""thermal_zone1"": 43000}","{""cpu0"": 1600000, ""cpu1"": 1600000, ""cpu2"": 1600000, ""cpu3"": 1600000, ""cpu4"": 1600000, ""cpu5"": 1600000, ""cpu6"": 1600000, ""cpu7"": 1600000}"
39625272,7721684992,10029924352,1121313,17148,2142179328,3470467072,1,108.74033572357418,2518041,397960,10185684,25732,"{""thermal_zone0"": 43000, ""thermal_zone1"": 43000}","{""cpu0"": 1600000, ""cpu1"": 1600000, ""cpu2"": 1600000, ""cpu3"": 1600000, ""cpu4"": 1600000, ""cpu5"": 1600000, ""cpu6"": 1600000, ""cpu7"": 1600000}"
39745630,7737675776,10029924352,1123379,17209,2150174720,3462508544,1,91.39378386840724,2518047,397970,10185765,25732,"{""thermal_zone0"": 42000, ""thermal_zone1"": 44000}","{""cpu0"": 1600000, ""cpu1"": 1600000, ""cpu2"": 1600000, ""cpu3"": 1600000, ""cpu4"": 1600000, ""cpu5"": 1600000, ""cpu6"": 1600000, ""cpu7"": 1600000}"
39866433,7753666560,10029924352,1125450,17270,2158170112,3454328832,1,99.33576409603673,2518061,397970,10185847,25732,"{""thermal_zone0"": 42000, ""thermal_zone1"": 43000}","{""cpu0"": 1600000, ""cpu1"": 1600000, ""cpu2"": 1600000, ""cpu3"": 1600000, ""cpu4"": 1600000, ""cpu5"": 1600000, ""cpu6"": 1600000, ""cpu7"": 1600000}"
39987205,7769657344,10029924352,1127522,17331,2166034432,3446116352,1,91.08021407129195,2518067,397979,10185929,25732,"{""thermal_zone0"": 41000, ""thermal_zone1"": 43000}","{""cpu0"": 1600000, ""cpu1"": 1600000, ""cpu2"": 1600000, ""cpu3"": 1600000, ""cpu4"": 1600000, ""cpu5"": 1600000, ""cpu6"": 1600000, ""cpu7"": 1600000}"
40107906,7755239424,10029924352,1129403,17386,2173243392,3438858240,1,99.41950277920591,2518078,397989,10186005,25732,"{""thermal_zone0"": 43000, ""thermal_zone1"": 44000}","{""cpu0"": 1600000, ""cpu1"": 1600000, ""cpu2"": 1600000, ""cpu3"": 1600000, ""cpu4"": 1600000, ""cpu5"": 1600000, ""cpu6"": 1600000, ""cpu7"": 1600000}"
40226745,7728238592,10029924352,1131139,17437,2180059136,3432161280,1,100.97646343821071,2518085,398004,10186078,25732,"{""thermal_zone0"": 43000, ""thermal_zone1"": 44000}","{""cpu0"": 1600000, ""cpu1"": 1600000, ""cpu2"": 1600000, ""cpu3"": 1600000, ""cpu4"": 1600000, ""cpu5"": 1600000, ""cpu6"": 1600000, ""cpu7"": 1600000}"
40346887,7744229376,10029924352,1133192,17498,2187923456,3423830016,1,99.88235356984775,2518092,398011,10186158,25732,"{""thermal_zone0"": 41000, ""thermal_zone1"": 44000}","{""cpu0"": 1600000, ""cpu1"": 1600000, ""cpu2"": 1600000, ""cpu3"": 1600000, ""cpu4"": 1600000, ""cpu5"": 1600000, ""cpu6"": 1600000, ""cpu7"": 1600000}"
40469620,7760482304,10029924352,1135304,17560,2196049920,3415842816,1,97.77298241132488,2518103,398020,10186233,25732,"{""thermal_zone0"": 41000, ""thermal_zone1"": 44000}","{""cpu0"": 1600000, ""cpu1"": 1600000, ""cpu2"": 1600000, ""cpu3"": 1600000, ""cpu4"": 1600000, ""cpu5"": 1600000, ""cpu6"": 1600000, ""cpu7"": 1600000}"
40589932,7776473088,10029924352,1137390,17621,2204176384,3407847424,1,91.42913757678957,2518112,398025,10186314,25732,"{""thermal_zone0"": 42000, ""thermal_zone1"": 43000}","{""cpu0"": 1600000, ""cpu1"": 1600000, ""cpu2"": 1600000, ""cpu3"": 1600000, ""cpu4"": 1600000, ""cpu5"": 1600000, ""cpu6"": 1600000, ""cpu7"": 1600000}"
40709889,7742394368,10029924352,1139126,17672,2210562048,3401363456,1,108.37241965268807,2518120,398040,10186386,25732,"{""thermal_zone0"": 43000, ""thermal_zone1"": 44000}","{""cpu0"": 1600000, ""cpu1"": 1600000, ""cpu2"": 1600000, ""cpu3"": 1600000, ""cpu4"": 1600000, ""cpu5"": 1600000, ""cpu6"": 1600000, ""cpu7"": 1600000}"
40828630,7735054336,10029924352,1140999,17728,2217902080,3394736128,1,92.63860465914577,2518132,398046,10186462,25732,"{""thermal_zone0"": 42000, ""thermal_zone1"": 43000}","{""cpu0"": 1600000, ""cpu1"": 1600000, ""cpu2"": 1600000, ""cpu3"": 1600000, ""cpu4"": 1600000, ""cpu5"": 1600000, ""cpu6"": 1600000, ""cpu7"": 1600000}"
40949063,7750914048,10029924352,1143064,17788,2225897472,3386101760,1,107.94334751169204,2518145,398048,10186544,25732,"{""thermal_zone0"": 42000, ""thermal_zone1"": 43000}","{""cpu0"": 1600000, ""cpu1"": 1600000, ""cpu2"": 1600000, ""cpu3"": 1600000, ""cpu4"": 1600000, ""cpu5"": 1600000, ""cpu6"": 1600000, ""cpu7"": 1600000}"
41069500,7767035904,10029924352,1145147,17849,2233892864,3377950720,1,99.63739378435865,2518153,398054,10186626,25732,"{""thermal_zone0"": 42000, ""thermal_zone1"": 43000}","{""cpu0"": 1600000, ""cpu1"": 1600000, ""cpu2"": 1600000, ""cpu3"": 1600000, ""cpu4"": 1600000, ""cpu5"": 1600000, ""cpu6"": 1600000, ""cpu7"": 1600000}"
41189883,7777128448,10029924352,1147175,17909,2241626112,3369938944,1,91.37486712017619,2518166,398056,10186706,25732,"{""thermal_zone0"": 43000, ""thermal_zone1"": 44000}","{""cpu0"": 1600000, ""cpu1"": 1600000, ""cpu2"": 1600000, ""cpu3"": 1600000, ""cpu4"": 1600000, ""cpu5"": 1600000, ""cpu6"": 1600000, ""cpu7"": 1600000}"
41308580,7727190016,10029924352,1148790,17957,2247917568,3364360192,1,92.6725538731883,2518177,398071,10186774,25732,"{""thermal_zone0"": 43000, ""thermal_zone1"": 44000}","{""cpu0"": 1600000, ""cpu1"": 1600000, ""cpu2"": 1600000, ""cpu3"": 1600000, ""cpu4"": 1600000, ""cpu5"": 1600000, ""cpu6"": 1600000, ""cpu7"": 1600000}"
41428710,7741607936,10029924352,1150824,18016,2255781888,3355860992,1,99.89250401155809,2518179,398082,10186856,25732,"{""thermal_zone0"": 41000, ""thermal_zone1"": 45000}","{""cpu0"": 1600000, ""cpu1"": 1600000, ""cpu2"": 1600000, ""cpu3"": 1600000, ""cpu4"": 1600000, ""cpu5"": 1600000, ""cpu6"": 1600000, ""cpu7"": 1600000}"
41549107,7757467648,10029924352,1152897,18077,2263777280,3347963904,1,107.97569892275388,2518186,398090,10186937,25732,"{""thermal_zone0"": 41000, ""thermal_zone1"": 44000}","{""cpu0"": 1600000, ""cpu1"": 1600000, ""cpu2"": 1600000, ""cpu3"": 1600000, ""cpu4"": 1600000, ""cpu5"": 1600000, ""cpu6"": 1600000, ""cpu7"": 1600000}"
41669894,7773458432,10029924352,1154971,18138,2271772672,3339952128,1,91.06959467224989,2518195,398094,10187019,25732,"{""thermal_zone0"": 41000, ""thermal_zone1"": 43000}","{""cpu0"": 1600000, ""cpu1"": 1600000, ""cpu2"": 1600000, ""cpu3"": 1600000, ""cpu4"": 1600000, ""cpu5"": 1600000, ""cpu6"": 1600000, ""cpu7"": 1600000}"
41790647,7760351232,10029924352,1156856,18194,2278981632,3333242880,1,99.37665578588901,2518208,398102,10187095,25732,"{""thermal_zone0"": 43000, ""thermal_zone1"": 44000}","{""cpu0"": 1600000, ""cpu1"": 1600000, ""cpu2"": 1600000, ""cpu3"": 1600000, ""cpu4"": 1600000, ""cpu5"": 1600000, ""cpu6"": 1600000, ""cpu7"": 1600000}"
41909685,7732301824,10029924352,1158604,18245,2285797376,3325292544,1,100.80755504237415,2518218,398112,10187168,25732,"{""thermal_zone0"": 42000, ""thermal_zone1"": 44000}","{""cpu0"": 1600000, ""cpu1"": 1600000, ""cpu2"": 1600000, ""cpu3"": 1600000, ""cpu4"": 1600000, ""cpu5"": 1600000, ""cpu6"": 1600000, ""cpu7"": 1600000}"
42029679,7748030464,10029924352,1160641,18305,2293661696,3317530624,1,91.67146413995665,2518229,398116,10187249,25732,"{""thermal_zone0"": 42000, ""thermal_zone1"": 44000}","{""cpu0"": 1600000, ""cpu1"": 1600000, ""cpu2"": 1600000, ""cpu3"": 1600000, ""cpu4"": 1600000, ""cpu5"": 1600000, ""cpu6"": 1600000, ""cpu7"": 1600000}"
42150042,7763890176,10029924352,1162693,18366,2301526016,3309338624,1,108.00616107021943,2518240,398119,10187330,25732,"{""thermal_zone0"": 41000, ""thermal_zone1"": 43000}","{""cpu0"": 1600000, ""cpu1"": 1600000, ""cpu2"": 1600000, ""cpu3"": 1600000, ""cpu4"": 1600000, ""cpu5"": 1600000, ""cpu6"": 1600000, ""cpu7"": 1600000}"
42269873,7779487744,10029924352,1164729,18425,2309390336,3301404672,1,91.79654117809662,2518246,398126,10187412,25732,"{""thermal_zone0"": 41000, ""thermal_zone1"": 43000}","{""cpu0"": 1600000, ""cpu1"": 1600000, ""cpu2"": 1600000, ""cpu3"": 1600000, ""cpu4"": 1600000, ""cpu5"": 1600000, ""cpu6"": 1600000, ""cpu7"": 1600000}"
42390022,7741870080,10029924352,1166425,18475,2315681792,3295191040,1,99.87549603893366,2518256,398140,10187483,25732,"{""thermal_zone0"": 43000, ""thermal_zone1"": 44000}","{""cpu0"": 1600000, ""cpu1"": 1600000, ""cpu2"": 1600000, ""cpu3"": 1600000, ""cpu4"": 1600000, ""cpu5"": 1600000, ""cpu6"": 1600000, ""cpu7"": 1600000}"
42509229,7738200064,10029924352,1168351,18532,2323152896,3288084480,1,100.66559335333274,2518266,398148,10187560,25732,"{""thermal_zone0"": 42000, ""thermal_zone1"": 44000}","{""cpu0"": 1600000, ""cpu1"": 1600000, ""cpu2"": 1600000, ""cpu3"": 1600000, ""cpu4"": 1600000, ""cpu5"": 1600000, ""cpu6"": 1600000, ""cpu7"": 1600000}"
42629847,7754321920,10029924352,1170440,18593,2331279360,3280191488,1,99.48722707948802,2518275,398153,10187641,25732,"{""thermal_zone0"": 42000, ""thermal_zone1"": 44000}","{""cpu0"": 1600000, ""cpu1"": 1600000, ""cpu2"": 1600000, ""cpu3"": 1600000, ""cpu4"": 1600000, ""cpu5"": 1600000, ""cpu6"": 1600000, ""cpu7"": 1600000}"
42750443,7770443776,10029924352,1172538,18655,2339405824,3271913472,1,91.21363968302133,2518287,398156,10187723,25732,"{""thermal_zone0"": 42000, ""thermal_zone1"": 44000}","{""cpu0"": 1600000, ""cpu1"": 1600000, ""cpu2"": 1600000, ""cpu3"": 1600000, ""cpu4"": 1600000, ""cpu5"": 1600000, ""cpu6"": 1600000, ""cpu7"": 1600000}"
42870873,7777128448,10029924352,1174588,18715,2347139072,3263549440,1,99.64284020357431,2518296,398164,10187802,25732,"{""thermal_zone0"": 42000, ""thermal_zone1"": 44000}","{""cpu0"": 1600000, ""cpu1"": 1600000, ""cpu2"": 1600000, ""cpu3"": 1600000, ""cpu4"": 1600000, ""cpu5"": 1600000, ""cpu6"": 1600000, ""cpu7"": 1600000}"
42990253,7754977280,10029924352,1176397,18769,2354216960,3257921536,1,108.89643498369344,2518305,398176,10187876,25732,"{""thermal_zone0"": 42000, ""thermal_zone1"": 44000}","{""cpu0"": 1600000, ""cpu1"": 1600000, ""cpu2"": 1600000, ""cpu3"": 1600000, ""cpu4"": 1600000, ""cpu5"": 1600000, ""cpu6"": 1600000, ""cpu7"": 1600000}"
43111006,7771099136,10029924352,1178500,18830,2362343424,3249176576,1,91.09511088978863,2518315,398180,10187957,25732,"{""thermal_zone0"": 42000, ""thermal_zone1"": 44000}","{""cpu0"": 1600000, ""cpu1"": 1600000, ""cpu2"": 1600000, ""cpu3"": 1600000, ""cpu4"": 1600000, ""cpu5"": 1600000, ""cpu6"": 1600000, ""cpu7"": 1600000}"
43229830,7746719744,10029924352,1180464,18888,2369814528,3240878080,1,100.98998887081908,2518326,398190,10188030,25732,"{""thermal_zone0"": 43000, ""thermal_zone1"": 44000}","{""cpu0"": 1600000, ""cpu1"": 1600000, ""cpu2"": 1600000, ""cpu3"": 1600000, ""cpu4"": 1600000, ""cpu5"": 1600000, ""cpu6"": 1600000, ""cpu7"": 1600000}"
43347565,7732432896,10029924352,1182460,18947,2377547776,3233382400,1,93.42975306499278,2518336,398199,10188105,25732,"{""thermal_zone0"": 42000, ""thermal_zone1"": 43000}","{""cpu0"": 1600000, ""cpu1"": 1600000, ""cpu2"": 1600000, ""cpu3"": 1600000, ""cpu4"": 1600000, ""cpu5"": 1600000, ""cpu6"": 1600000, ""cpu7"": 1600000}"
43466102,7749341184,10029924352,1184651,19011,2386067456,3225120768,1,101.23421635187873,2518343,398205,10188186,25732,"{""thermal_zone0"": 42000, ""thermal_zone1"": 43000}","{""cpu0"": 1600000, ""cpu1"": 1600000, ""cpu2"": 1600000, ""cpu3"": 1600000, ""cpu4"": 1600000, ""cpu5"": 1600000, ""cpu6"": 1600000, ""cpu7"": 1600000}"
43584765,7766249472,10029924352,1186834,19076,2394456064,3216850944,1,92.69972475934814,2518352,398210,10188268,25732,"{""thermal_zone0"": 42000, ""thermal_zone1"": 44000}","{""cpu0"": 1600000, ""cpu1"": 1600000, ""cpu2"": 1600000, ""cpu3"": 1600000, ""cpu4"": 1600000, ""cpu5"": 1600000, ""cpu6"": 1600000, ""cpu7"": 1600000}"
43703585,7751438336,10029924352,1188868,19135,2402189312,3208568832,1,92.57672051646904,2518364,398217,10188343,25732,"{""thermal_zone0"": 43000, ""thermal_zone1"": 44000}","{""cpu0"": 1600000, ""cpu1"": 1600000, ""cpu2"": 1600000, ""cpu3"": 1600000, ""cpu4"": 1600000, ""cpu5"": 1600000, ""cpu6"": 1600000, ""cpu7"": 1600000}"
43821285,7727714304,10029924352,1190824,19193,2409791488,3201069056,1,101.95432507409275,2518375,398227,10188416,25732,"{""thermal_zone0"": 42000, ""thermal_zone1"": 44000}","{""cpu0"": 1600000, ""cpu1"": 1600000, ""cpu2"": 1600000, ""cpu3"": 1600000, ""cpu4"": 1600000, ""cpu5"": 1600000, ""cpu6"": 1600000, ""cpu7"": 1600000}"
43939973,7744229376,10029924352,1192953,19256,2417917952,3192565760,1,92.68019956540905,2518385,398229,10188498,25732,"{""thermal_zone0"": 42000, ""thermal_zone1"": 43000}","{""cpu0"": 1600000, ""cpu1"": 1600000, ""cpu2"": 1600000, ""cpu3"": 1600000, ""cpu4"": 1600000, ""cpu5"": 1600000, ""cpu6"": 1600000, ""cpu7"": 1600000}"
44058858,7760482304,10029924352,1195068,19318,2426044416,3184295936,1,92.5262680813361,2518393,398234,10188580,25732,"{""thermal_zone0"": 42000, ""thermal_zone1"": 44000}","{""cpu0"": 1600000, ""cpu1"": 1600000, ""cpu2"": 1600000, ""cpu3"": 1600000, ""cpu4"": 1600000, ""cpu5"": 1600000, ""cpu6"": 1600000, ""cpu7"": 1600000}"
44177672,7759958016,10029924352,1197122,19378,2433908736,3176562688,1,84.16493479077599,2518402,398240,10188658,25732,"{""thermal_zone0"": 42000, ""thermal_zone1"": 44000}","{""cpu0"": 1600000, ""cpu1"": 1600000, ""cpu2"": 1600000, ""cpu3"": 1600000, ""cpu4"": 1600000, ""cpu5"": 1600000, ""cpu6"": 1600000, ""cpu7"": 1600000}"
44295389,7721422848,10029924352,1199001,19433,2441248768,3169792000,1,101.93963776871055,2518413,398254,10188728,25732,"{""thermal_zone0"": 43000, ""thermal_zone1"": 45000}","{""cpu0"": 1600000, ""cpu1"": 1600000, ""cpu2"": 1600000, ""cpu3"": 1600000, ""cpu4"": 1600000, ""cpu5"": 1600000, ""cpu6"": 1600000, ""cpu7"": 1600000}"
44414382,7737937920,10029924352,1201142,19496,2449506304,3161550848,1,92.44187110179458,2518422,398258,10188810,25732,"{""thermal_zone0"": 41000, ""thermal_zone1"": 44000}","{""cpu0"": 1600000, ""cpu1"": 1600000, ""cpu2"": 1600000, ""cpu3"": 1600000, ""cpu4"": 1600000, ""cpu5"": 1600000, ""cpu6"": 1600000, ""cpu7"": 1600000}"
44533584,7754452992,10029924352,1203266,19559,2457632768,3153084416,1,100.66949999296571,2518432,398260,10188892,25732,"{""thermal_zone0"": 42000, ""thermal_zone1"": 44000}","{""cpu0"": 1600000, ""cpu1"": 1600000, ""cpu2"": 1600000, ""cpu3"": 1600000, ""cpu4"": 1600000, ""cpu5"": 1600000, ""cpu6"": 1600000, ""cpu7"": 1600000}"
44652337,7769395200,10029924352,1205383,19621,2465759232,3144339456,1,84.20840320034374,2518440,398265,10188973,25732,"{""thermal_zone0"": 42000, ""thermal_zone1"": 43000}","{""cpu0"": 1600000, ""cpu1"": 1600000, ""cpu2"": 1600000, ""cpu3"": 1600000, ""cpu4"": 1600000, ""cpu5"": 1600000, ""cpu6"": 1600000, ""cpu7"": 1600000}"
44770281,7751831552,10029924352,1207363,19679,2473492480,3137224704,1,101.74333559743343,2518450,398274,10189048,25732,"{""thermal_zone0"": 42000, ""thermal_zone1"": 44000}","{""cpu0"": 1600000, ""cpu1"": 1600000, ""cpu2"": 1600000, ""cpu3"": 1600000, ""cpu4"": 1600000, ""cpu5"": 1600000, ""cpu6"": 1600000, ""cpu7"": 1600000}"
44889105,7768084480,10029924352,1209473,19741,2481618944,3128983552,1,84.15844233899472,2518459,398277,10189130,25732,"{""thermal_zone0"": 41000, ""thermal_zone1"": 42000}","{""cpu0"": 1600000, ""cpu1"": 1600000, ""cpu2"": 1600000, ""cpu3"": 1600000, ""cpu4"": 1600000, ""cpu5"": 1600000, ""cpu6"": 1600000, ""cpu7"": 1600000}"
45008541,7742263296,10029924352,1211224,19793,2488303616,3124011008,1,100.47160534284554,2518469,398292,10189199,25732,"{""thermal_zone0"": 42000, ""thermal_zone1"": 44000}","{""cpu0"": 1600000, ""cpu1"": 1600000, ""cpu2"": 1600000, ""cpu3"": 1600000, ""cpu4"": 1600000, ""cpu5"": 1600000, ""cpu6"": 1600000, ""cpu7"": 1600000}"
45125325,7730466816,10029924352,1212989,19845,2495119360,3117105152,1,94.19139559717392,2518477,398302,10189274,25732,"{""thermal_zone0"": 43000, ""thermal_zone1"": 43000}","{""cpu0"": 1600000, ""cpu1"": 1600000, ""cpu2"": 1600000, ""cpu3"": 1600000, ""cpu4"": 1600000, ""cpu5"": 1600000, ""cpu6"": 1600000, ""cpu7"": 1600000}"
45240907,7745409024,10029924352,1214943,19902,2502590464,3109584896,1,103.82234508635445,2518485,398307,10189352,25732,"{""thermal_zone0"": 42000, ""thermal_zone1"": 42000}","{""cpu0"": 1600000, ""cpu1"": 1600000, ""cpu2"": 1600000, ""cpu3"": 1600000, ""cpu4"": 1600000, ""cpu5"": 1600000, ""cpu6"": 1600000, ""cpu7"": 1600000}"
45356425,7760613376,10029924352,1216899,19960,2510192640,3101831168,1,95.2232090886294,2518497,398308,10189431,25732,"{""thermal_zone0"": 41000, ""thermal_zone1"": 42000}","{""cpu0"": 1600000, ""cpu1"": 1600000, ""cpu2"": 1600000, ""cpu3"": 1600000, ""cpu4"": 1600000, ""cpu5"": 1600000, ""cpu6"": 1600000, ""cpu7"": 1600000}"
45472400,7775031296,10029924352,1218887,20018,2517794816,3094376448,1,103.47086819094432,2518505,398317,10189504,25732,"{""thermal_zone0"": 42000, ""thermal_zone1"": 42000}","{""cpu0"": 1600000, ""cpu1"": 1600000, ""cpu2"": 1600000, ""cpu3"": 1600000, ""cpu4"": 1600000, ""cpu5"": 1600000, ""cpu6"": 1600000, ""cpu7"": 1600000}"
45592039,7719718912,10029924352,1220471,20067,2523779072,3094028288,1,91.94318426094506,2518516,398336,10189569,25732,"{""thermal_zone0"": 44000, ""thermal_zone1"": 43000}","{""cpu0"": 1600000, ""cpu1"": 1600000, ""cpu2"": 1600000, ""cpu3"": 1600000, ""cpu4"": 1600000, ""cpu5"": 1600000, ""cpu6"": 1600000, ""cpu7"": 1600000}"
45707893,7733481472,10029924352,1222381,20123,2531250176,3086372864,1,94.94728690630822,2518524,398341,10189647,25732,"{""thermal_zone0"": 42000, ""thermal_zone1"": 42000}","{""cpu0"": 1600000, ""cpu1"": 1600000, ""cpu2"": 1600000, ""cpu3"": 1600000, ""cpu4"": 1600000, ""cpu5"": 1600000, ""cpu6"": 1600000, ""cpu7"": 1600000}"
45823596,7748685824,10029924352,1224341,20180,2538721280,3079036928,1,103.71351064840442,2518534,398344,10189725,25732,"{""thermal_zone0"": 42000, ""thermal_zone1"": 41000}","{""cpu0"": 1600000, ""cpu1"": 1600000, ""cpu2"": 1600000, ""cpu3"": 1600000, ""cpu4"": 1600000, ""cpu5"": 1600000, ""cpu6"": 1600000, ""cpu7"": 1600000}"
45939398,7763890176,10029924352,1226316,20239,2546454528,3071127552,1,103.6248463470208,2518546,398346,10189803,25732,"{""thermal_zone0"": 42000, ""thermal_zone1"": 41000}","{""cpu0"": 1600000, ""cpu1"": 1600000, ""cpu2"": 1600000, ""cpu3"": 1600000, ""cpu4"": 1600000, ""cpu5"": 1600000, ""cpu6"": 1600000, ""cpu7"": 1600000}"
46055367,7779356672,10029924352,1228334,20298,2554187776,3063521280,1,103.47618410255028,2518556,398349,10189882,25732,"{""thermal_zone0"": 41000, ""thermal_zone1"": 41000}","{""cpu0"": 1600000, ""cpu1"": 1600000, ""cpu2"": 1600000, ""cpu3"": 1600000, ""cpu4"": 1600000, ""cpu5"": 1600000, ""cpu6"": 1600000, ""cpu7"": 1600000}"
46171181,7744229376,10029924352,1230018,20347,2560610304,3056181248,1,94.97987415322096,2518565,398364,10189950,25732,"{""thermal_zone0"": 42000, ""thermal_zone1"": 44000}","{""cpu0"": 1600000, ""cpu1"": 1600000, ""cpu2"": 1600000, ""cpu3"": 1600000, ""cpu4"": 1600000, ""cpu5"": 1600000, ""cpu6"": 1600000, ""cpu7"": 1600000}"
46287403,7738462208,10029924352,1231833,20401,2567688192,3049775104,1,94.64655345952254,2518572,398375,10190025,25732,"{""thermal_zone0"": 42000, ""thermal_zone1"": 42000}","{""cpu0"": 1600000, ""cpu1"": 1600000, ""cpu2"": 1600000, ""cpu3"": 1600000, ""cpu4"": 1600000, ""cpu5"": 1600000, ""cpu6"": 1600000, ""cpu7"": 1600000}"
46403277,7753797632,10029924352,1233819,20459,2575290368,3041865728,1,103.5610922805881,2518578,398383,10190104,25732,"{""thermal_zone0"": 43000, ""thermal_zone1"": 42000}","{""cpu0"": 1600000, ""cpu1"": 1600000, ""cpu2"": 1600000, ""cpu3"": 1600000, ""cpu4"": 1600000, ""cpu5"": 1600000, ""cpu6"": 1600000, ""cpu7"": 1600000}"
46518916,7768870912,10029924352,1235762,20516,2582892544,3031957504,1,95.12309347702293,2518588,398390,10190180,25732,"{""thermal_zone0"": 43000, ""thermal_zone1"": 43000}","{""cpu0"": 1600000, ""cpu1"": 1600000, ""cpu2"": 1600000, ""cpu3"": 1600000, ""cpu4"": 1600000, ""cpu5"": 1600000, ""cpu6"": 1600000, ""cpu7"": 1600000}"
46641392,7785123840,10029924352,1237891,20579,2591019008,3025416192,1,97.97874182999158,2518596,398408,10190250,25732,"{""thermal_zone0"": 42000, ""thermal_zone1"": 42000}","{""cpu0"": 1600000, ""cpu1"": 1600000, ""cpu2"": 1600000, ""cpu3"": 1600000, ""cpu4"": 1600000, ""cpu5"": 1600000, ""cpu6"": 1600000, ""cpu7"": 1600000}"
46760975,7792594944,10029924352,1240006,20641,2599145472,3015249920,1,91.98607989705185,2518606,398418,10190324,25732,"{""thermal_zone0"": 43000, ""thermal_zone1"": 43000}","{""cpu0"": 1600000, ""cpu1"": 1600000, ""cpu2"": 1600000, ""cpu3"": 1600000, ""cpu4"": 1600000, ""cpu5"": 1600000, ""cpu6"": 1600000, ""cpu7"": 1600000}"
46876931,7745015808,10029924352,1241557,20687,2605174784,3010293760,1,103.4873012802345,2518614,398434,10190392,25732,"{""thermal_zone0"": 43000, ""thermal_zone1"": 42000}","{""cpu0"": 1600000, ""cpu1"": 1600000, ""cpu2"": 1600000, ""cpu3"": 1600000, ""cpu4"": 1600000, ""cpu5"": 1600000, ""cpu6"": 1600000, ""cpu7"": 1600000}"
46992701,7759958016,10029924352,1243502,20744,2612645888,3002671104,1,95.01580104133518,2518626,398437,10190470,25732,"{""thermal_zone0"": 42000, ""thermal_zone1"": 42000}","{""cpu0"": 1600000, ""cpu1"": 1600000, ""cpu2"": 1600000, ""cpu3"": 1600000, ""cpu4"": 1600000, ""cpu5"": 1600000, ""cpu6"": 1600000, ""cpu7"": 1600000}"
47108423,7775162368,10029924352,1245470,20802,2620248064,2995019776,1,103.69700564526498,2518637,398439,10190549,25732,"{""thermal_zone0"": 42000, ""thermal_zone1"": 42000}","{""cpu0"": 1600000, ""cpu1"": 1600000, ""cpu2"": 1600000, ""cpu3"": 1600000, ""cpu4"": 1600000, ""cpu5"": 1600000, ""cpu6"": 1600000, ""cpu7"": 1600000}"
47224123,7789973504,10029924352,1247330,20860,2627850240,2987872256,1,95.07366225242247,2518642,398448,10190627,25733,"{""thermal_zone0"": 41000, ""thermal_zone1"": 42000}","{""cpu0"": 1600000, ""cpu1"": 1600000, ""cpu2"": 1600000, ""cpu3"": 1600000, ""cpu4"": 1600000, ""cpu5"": 1600000, ""cpu6"": 1600000, ""cpu7"": 1600000}"
47339826,7794823168,10029924352,1249217,20917,2635321344,2980151296,1,95.07088818170936,2518648,398460,10190703,25733,"{""thermal_zone0"": 43000, ""thermal_zone1"": 43000}","{""cpu0"": 1600000, ""cpu1"": 1600000, ""cpu2"": 1600000, ""cpu3"": 1600000, ""cpu4"": 1600000, ""cpu5"": 1600000, ""cpu6"": 1600000, ""cpu7"": 1600000}"
47456028,7748816896,10029924352,1250777,20964,2641481728,2973769728,1,94.66297952640265,2518658,398473,10190772,25733,"{""thermal_zone0"": 43000, ""thermal_zone1"": 43000}","{""cpu0"": 1600000, ""cpu1"": 1600000, ""cpu2"": 1600000, ""cpu3"": 1600000, ""cpu4"": 1600000, ""cpu5"": 1600000, ""cpu6"": 1600000, ""cpu7"": 1600000}"
47571772,7763759104,10029924352,1252658,21021,2648952832,2966204416,1,103.67725781117852,2518668,398478,10190850,25733,"{""thermal_zone0"": 42000, ""thermal_zone1"": 42000}","{""cpu0"": 1600000, ""cpu1"": 1600000, ""cpu2"": 1600000, ""cpu3"": 1600000, ""cpu4"": 1600000, ""cpu5"": 1600000, ""cpu6"": 1600000, ""cpu7"": 1600000}"
47687743,7779094528,10029924352,1254578,21080,2656686080,2958553088,1,94.85071506315755,2518678,398481,10190929,25733,"{""thermal_zone0"": 42000, ""thermal_zone1"": 42000}","{""cpu0"": 1600000, ""cpu1"": 1600000, ""cpu2"": 1600000, ""cpu3"": 1600000, ""cpu4"": 1600000, ""cpu5"": 1600000, ""cpu6"": 1600000, ""cpu7"": 1600000}"
47803552,7794429952,10029924352,1256499,21138,2664288256,2950823936,1,94.98397486502971,2518686,398485,10191007,25733,"{""thermal_zone0"": 42000, ""thermal_zone1"": 42000}","{""cpu0"": 1600000, ""cpu1"": 1600000, ""cpu2"": 1600000, ""cpu3"": 1600000, ""cpu4"": 1600000, ""cpu5"": 1600000, ""cpu6"": 1600000, ""cpu7"": 1600000}"
47919187,7789973504,10029924352,1258335,21193,2671497216,2943750144,1,103.77487238306688,2518696,398493,10191082,25733,"{""thermal_zone0"": 42000, ""thermal_zone1"": 44000}","{""cpu0"": 1600000, ""cpu1"": 1600000, ""cpu2"": 1600000, ""cpu3"": 1600000, ""cpu4"": 1600000, ""cpu5"": 1600000, ""cpu6"": 1600000, ""cpu7"": 1600000}"
48035275,7752749056,10029924352,1259978,21243,2678050816,2937802752,1,103.36981638919136,2518706,398504,10191152,25733,"{""thermal_zone0"": 42000, ""thermal_zone1"": 43000}","{""cpu0"": 1600000, ""cpu1"": 1600000, ""cpu2"": 1600000, ""cpu3"": 1600000, ""cpu4"": 1600000, ""cpu5"": 1600000, ""cpu6"": 1600000, ""cpu7"": 1600000}"
48151029,7768084480,10029924352,1261898,21301,2685784064,2929643520,1,95.02903711577612,2518718,398506,10191231,25733,"{""thermal_zone0"": 42000, ""thermal_zone1"": 42000}","{""cpu0"": 1600000, ""cpu1"": 1600000, ""cpu2"": 1600000, ""cpu3"": 1600000, ""cpu4"": 1600000, ""cpu5"": 1600000, ""cpu6"": 1600000, ""cpu7"": 1600000}"
48266899,7782895616,10029924352,1263766,21358,2693255168,2922741760,1,103.56481663598933,2518727,398515,10191306,25733,"{""thermal_zone0"": 42000, ""thermal_zone1"": 43000}","{""cpu0"": 1600000, ""cpu1"": 1600000, ""cpu2"": 1600000, ""cpu3"": 1600000, ""cpu4"": 1600000, ""cpu5"": 1600000, ""cpu6"": 1600000, ""cpu7"": 1600000}"
48388717,7799803904,10029924352,1265890,21422,2701643776,2914381824,1,90.29853623692162,2518736,398531,10191376,25733,"{""thermal_zone0"": 42000, ""thermal_zone1"": 42000}","{""cpu0"": 1600000, ""cpu1"": 1600000, ""cpu2"": 1600000, ""cpu3"": 1600000, ""cpu4"": 1600000, ""cpu5"": 1600000, ""cpu6"": 1600000, ""cpu7"": 1600000}"
48511972,7790497792,10029924352,1267862,21482,2709377024,2905403392,1,97.35914140271319,2518748,398541,10191452,25733,"{""thermal_zone0"": 42000, ""thermal_zone1"": 43000}","{""cpu0"": 1600000, ""cpu1"": 1600000, ""cpu2"": 1600000, ""cpu3"": 1600000, ""cpu4"": 1600000, ""cpu5"": 1600000, ""cpu6"": 1600000, ""cpu7"": 1600000}"
48628043,7759695872,10029924352,1269520,21532,2716061696,2899075072,1,94.76985012665129,2518758,398551,10191523,25733,"{""thermal_zone0"": 42000, ""thermal_zone1"": 43000}","{""cpu0"": 1600000, ""cpu1"": 1600000, ""cpu2"": 1600000, ""cpu3"": 1600000, ""cpu4"": 1600000, ""cpu5"": 1600000, ""cpu6"": 1600000, ""cpu7"": 1600000}"
48744021,7775162368,10029924352,1271471,21592,2723794944,2890969088,1,103.46763322910637,2518769,398554,10191602,25733,"{""thermal_zone0"": 42000, ""thermal_zone1"": 42000}","{""cpu0"": 1600000, ""cpu1"": 1600000, ""cpu2"": 1600000, ""cpu3"": 1600000, ""cpu4"": 1600000, ""cpu5"": 1600000, ""cpu6"": 1600000, ""cpu7"": 1600000}"
48859847,7789973504,10029924352,1273366,21650,2731331584,2883702784,1,94.9698633427698,2518779,398557,10191681,25733,"{""thermal_zone0"": 42000, ""thermal_zone1"": 42000}","{""cpu0"": 1600000, ""cpu1"": 1600000, ""cpu2"": 1600000, ""cpu3"": 1600000, ""cpu4"": 1600000, ""cpu5"": 1600000, ""cpu6"": 1600000, ""cpu7"": 1600000}"
48975606,7805440000,10029924352,1275362,21709,2739064832,2876170240,1,95.02479542457337,2518788,398561,10191760,25733,"{""thermal_zone0"": 41000, ""thermal_zone1"": 41000}","{""cpu0"": 1600000, ""cpu1"": 1600000, ""cpu2"": 1600000, ""cpu3"": 1600000, ""cpu4"": 1600000, ""cpu5"": 1600000, ""cpu6"": 1600000, ""cpu7"": 1600000}"
49091392,7776866304,10029924352,1277088,21759,2745618432,2869743616,1,95.00349254430296,2518796,398573,10191831,25733,"{""thermal_zone0"": 42000, ""thermal_zone1"": 44000}","{""cpu0"": 1600000, ""cpu1"": 1600000, ""cpu2"": 1600000, ""cpu3"": 1600000, ""cpu4"": 1600000, ""cpu5"": 1600000, ""cpu6"": 1600000, ""cpu7"": 1600000}"
49207613,7763234816,10029924352,1278888,21812,2752565248,2862985216,1,103.25137726581919,2518807,398580,10191906,25733,"{""thermal_zone0"": 42000, ""thermal_zone1"": 42000}","{""cpu0"": 1600000, ""cpu1"": 1600000, ""cpu2"": 1600000, ""cpu3"": 1600000, ""cpu4"": 1600000, ""cpu5"": 1600000, ""cpu6"": 1600000, ""cpu7"": 1600000}"
49323397,7778701312,10029924352,1280873,21871,2760298496,2854879232,1,103.64155306314508,2518817,398583,10191984,25733,"{""thermal_zone0"": 42000, ""thermal_zone1"": 41000}","{""cpu0"": 1600000, ""cpu1"": 1600000, ""cpu2"": 1600000, ""cpu3"": 1600000, ""cpu4"": 1600000, ""cpu5"": 1600000, ""cpu6"": 1600000, ""cpu7"": 1600000}"
49439212,7793905664,10029924352,1282858,21929,2767900672,2847346688,1,94.97891791813983,2518824,398589,10192063,25733,"{""thermal_zone0"": 42000, ""thermal_zone1"": 41000}","{""cpu0"": 1600000, ""cpu1"": 1600000, ""cpu2"": 1600000, ""cpu3"": 1600000, ""cpu4"": 1600000, ""cpu5"": 1600000, ""cpu6"": 1600000, ""cpu7"": 1600000}"
49554923,7809372160,10029924352,1284869,21988,2775633920,2839494656,1,95.06448690827196,2518836,398591,10192142,25733,"{""thermal_zone0"": 43000, ""thermal_zone1"": 41000}","{""cpu0"": 1600000, ""cpu1"": 1600000, ""cpu2"": 1600000, ""cpu3"": 1600000, ""cpu4"": 1600000, ""cpu5"": 1600000, ""cpu6"": 1600000, ""cpu7"": 1600000}"
49670641,7787876352,10029924352,1286628,22040,2782449664,2832310272,1,95.05866809273104,2518844,398601,10192214,25733,"{""thermal_zone0"": 42000, ""thermal_zone1"": 42000}","{""cpu0"": 1600000, ""cpu1"": 1600000, ""cpu2"": 1600000, ""cpu3"": 1600000, ""cpu4"": 1600000, ""cpu5"": 1600000, ""cpu6"": 1600000, ""cpu7"": 1600000}"
49787224,7803080704,10029924352,1288618,22098,2790051840,2824519680,1,102.93037634948156,2518856,398603,10192294,25733,"{""thermal_zone0"": 42000, ""thermal_zone1"": 41000}","{""cpu0"": 1600000, ""cpu1"": 1600000, ""cpu2"": 1600000, ""cpu3"": 1600000, ""cpu4"": 1600000, ""cpu5"": 1600000, ""cpu6"": 1600000, ""cpu7"": 1600000}"
49902908,7800328192,10029924352,1290489,22153,2797391872,2817282048,1,103.73114174326304,2518863,398613,10192369,25733,"{""thermal_zone0"": 42000, ""thermal_zone1"": 42000}","{""cpu0"": 1600000, ""cpu1"": 1600000, ""cpu2"": 1600000, ""cpu3"": 1600000, ""cpu4"": 1600000, ""cpu5"": 1600000, ""cpu6"": 1600000, ""cpu7"": 1600000}"
50018855,7798886400,10029924352,1292435,22211,2804862976,2809311232,1,86.24626648537013,2518870,398624,10192445,25733,"{""thermal_zone0"": 42000, ""thermal_zone1"": 43000}","{""cpu0"": 1600000, ""cpu1"": 1600000, ""cpu2"": 1600000, ""cpu3"": 1600000, ""cpu4"": 1600000, ""cpu5"": 1600000, ""cpu6"": 1600000, ""cpu7"": 1600000}"
50139079,7814615040,10029924352,1294499,22271,2812727296,2803523584,1,99.81391691469594,2518882,398638,10192514,25733,"{""thermal_zone0"": 43000, ""thermal_zone1"": 43000}","{""cpu0"": 1600000, ""cpu1"": 1600000, ""cpu2"": 1600000, ""cpu3"": 1600000, ""cpu4"": 1600000, ""cpu5"": 1600000, ""cpu6"": 1600000, ""cpu7"": 1600000}"
50254331,7827197952,10029924352,1296473,22329,2820329472,2795352064,1,95.4432204854053,2518892,398652,10192582,25733,"{""thermal_zone0"": 44000, ""thermal_zone1"": 42000}","{""cpu0"": 1600000, ""cpu1"": 1600000, ""cpu2"": 1600000, ""cpu3"": 1600000, ""cpu4"": 1600000, ""cpu5"": 1600000, ""cpu6"": 1600000, ""cpu7"": 1600000}"
50370701,7830474752,10029924352,1298027,22375,2826358784,2800590848,1,103.11925077952138,2518901,398668,10192650,25733,"{""thermal_zone0"": 44000, ""thermal_zone1"": 43000}","{""cpu0"": 1600000, ""cpu1"": 1600000, ""cpu2"": 1600000, ""cpu3"": 1600000, ""cpu4"": 1600000, ""cpu5"": 1600000, ""cpu6"": 1600000, ""cpu7"": 1600000}"
50487131,7837683712,10030235648,1299358,22435,2832785408,2796527616,1,68.71052065259605,2518906,398683,10192719,25736,"{""thermal_zone0"": 44000, ""thermal_zone1"": 42000}","{""cpu0"": 1600000, ""cpu1"": 1600000, ""cpu2"": 1600000, ""cpu3"": 1600000, ""cpu4"": 1600000, ""cpu5"": 1600000, ""cpu6"": 1600000, ""cpu7"": 1600000}"
50603046,7856820224,10101018624,1307851,22437,2832785408,2757062656,1,94.89732183107627,2518908,398714,10192777,25737,"{""thermal_zone0"": 44000, ""thermal_zone1"": 43000}","{""cpu0"": 1600000, ""cpu1"": 1600000, ""cpu2"": 1600000, ""cpu3"": 1600000, ""cpu4"": 1600000, ""cpu5"": 1600000, ""cpu6"": 1600000, ""cpu7"": 1600000}"
50725687,7839518720,10167746560,1317448,22448,2833899520,2721624064,1,73.38494355079294,2518912,398742,10192834,25743,"{""thermal_zone0"": 43000, ""thermal_zone1"": 44000}","{""cpu0"": 1600000, ""cpu1"": 1600000, ""cpu2"": 1600000, ""cpu3"": 1600000, ""cpu4"": 1600000, ""cpu5"": 1600000, ""cpu6"": 1600000, ""cpu7"": 1600000}"
50842690,7795609600,10200072192,1317663,22450,2834038784,2719133696,1,94.01442706082553,2518924,398755,10192901,25744,"{""thermal_zone0"": 44000, ""thermal_zone1"": 43000}","{""cpu0"": 1600000, ""cpu1"": 1600000, ""cpu2"": 1600000, ""cpu3"": 1600000, ""cpu4"": 1600000, ""cpu5"": 1600000, ""cpu6"": 1600000, ""cpu7"": 1600000}"
50961711,7771361280,10262056960,1319208,22511,2834833408,2717102080,8,504.1134735231454,2518987,398766,10192920,25752,"{""thermal_zone0"": 49000, ""thermal_zone1"": 50000}","{""cpu0"": 1600000, ""cpu1"": 1600000, ""cpu2"": 1600000, ""cpu3"": 1600000, ""cpu4"": 1600000, ""cpu5"": 1600000, ""cpu6"": 1600000, ""cpu7"": 1600000}"
51093702,7771361280,10262056960,1319400,22511,2834833408,2717102080,8,674.28952745252,2519079,398768,10192940,25752,"{""thermal_zone0"": 49000, ""thermal_zone1"": 50000}","{""cpu0"": 1600000, ""cpu1"": 1600000, ""cpu2"": 1600000, ""cpu3"": 1600000, ""cpu4"": 1600000, ""cpu5"": 1600000, ""cpu6"": 1600000, ""cpu7"": 1600000}"
51257710,7771361280,10262056960,1319453,22511,2834833408,2717102080,8,670.697996563502,2519190,398768,10192957,25752,"{""thermal_zone0"": 51000, ""thermal_zone1"": 50000}","{""cpu0"": 1600000, ""cpu1"": 1600000, ""cpu2"": 1600000, ""cpu3"": 1600000, ""cpu4"": 1600000, ""cpu5"": 1600000, ""cpu6"": 1600000, ""cpu7"": 1600000}"
51421701,7771361280,10262056960,1319893,22511,2834833408,2717102080,8,676.8648944985935,2519304,398769,10192972,25752,"{""thermal_zone0"": 52000, ""thermal_zone1"": 53000}","{""cpu0"": 1600000, ""cpu1"": 1600000, ""cpu2"": 1600000, ""cpu3"": 1600000, ""cpu4"": 1600000, ""cpu5"": 1600000, ""cpu6"": 1600000, ""cpu7"": 1600000}"
51599425,7771361280,10262056960,1319893,22511,2834833408,2715922432,8,410.7512300142518,2519365,398783,10193026,25752,"{""thermal_zone0"": 49000, ""thermal_zone1"": 51000}","{""cpu0"": 1600000, ""cpu1"": 1600000, ""cpu2"": 1600000, ""cpu3"": 1600000, ""cpu4"": 1600000, ""cpu5"": 1600000, ""cpu6"": 1600000, ""cpu7"": 1600000}"
51745722,7771361280,10262056960,1319895,22511,2834833408,2710650880,8,505.8199091919289,2519438,398800,10193052,25752,"{""thermal_zone0"": 50000, ""thermal_zone1"": 52000}","{""cpu0"": 1600000, ""cpu1"": 1600000, ""cpu2"": 1600000, ""cpu3"": 1600000, ""cpu4"": 1600000, ""cpu5"": 1600000, ""cpu6"": 1600000, ""cpu7"": 1600000}"
51916325,7771361280,10262056960,1319953,22511,2834833408,2710831104,8,498.2315505574868,2519522,398820,10193078,25752,"{""thermal_zone0"": 52000, ""thermal_zone1"": 54000}","{""cpu0"": 1600000, ""cpu1"": 1600000, ""cpu2"": 1600000, ""cpu3"": 1600000, ""cpu4"": 1600000, ""cpu5"": 1600000, ""cpu6"": 1600000, ""cpu7"": 1600000}"
52093712,7771361280,10262056960,1320223,22511,2834833408,2714017792,8,552.4645664166194,2519614,398827,10193111,25752,"{""thermal_zone0"": 52000, ""thermal_zone1"": 55000}","{""cpu0"": 1600000, ""cpu1"": 1600000, ""cpu2"": 1600000, ""cpu3"": 1600000, ""cpu4"": 1600000, ""cpu5"": 1600000, ""cpu6"": 1600000, ""cpu7"": 1600000}"
52263458,7772278784,10262056960,1322711,22511,2834833408,2713501696,8,665.7008152961599,2519732,398830,10193119,25752,"{""thermal_zone0"": 54000, ""thermal_zone1"": 56000}","{""cpu0"": 1600000, ""cpu1"": 1600000, ""cpu2"": 1600000, ""cpu3"": 1600000, ""cpu4"": 1600000, ""cpu5"": 1600000, ""cpu6"": 1600000, ""cpu7"": 1600000}"
52405709,7772672000,10262056960,1323826,22511,2834833408,2712985600,8,702.981535198774,2519822,398831,10193136,25752,"{""thermal_zone0"": 53000, ""thermal_zone1"": 55000}","{""cpu0"": 1600000, ""cpu1"": 1600000, ""cpu2"": 1600000, ""cpu3"": 1600000, ""cpu4"": 1600000, ""cpu5"": 1600000, ""cpu6"": 1600000, ""cpu7"": 1600000}"
52557700,7772672000,10262056960,1324398,22511,2834833408,2712993792,8,684.2520901286063,2519928,398833,10193151,25752,"{""thermal_zone0"": 54000, ""thermal_zone1"": 55000}","{""cpu0"": 1600000, ""cpu1"": 1600000, ""cpu2"": 1600000, ""cpu3"": 1600000, ""cpu4"": 1600000, ""cpu5"": 1600000, ""cpu6"": 1600000, ""cpu7"": 1600000}"
52708437,7772672000,10262056960,1324640,22511,2834833408,2712993792,8,663.4067610290695,2520034,398834,10193167,25752,"{""thermal_zone0"": 54000, ""thermal_zone1"": 56000}","{""cpu0"": 1600000, ""cpu1"": 1600000, ""cpu2"": 1600000, ""cpu3"": 1600000, ""cpu4"": 1600000, ""cpu5"": 1600000, ""cpu6"": 1600000, ""cpu7"": 1600000}"
52878476,7772672000,10262056960,1324957,22511,2834833408,2712993792,8,735.1258257242027,2520156,398836,10193175,25752,"{""thermal_zone0"": 54000, ""thermal_zone1"": 56000}","{""cpu0"": 1600000, ""cpu1"": 1600000, ""cpu2"": 1600000, ""cpu3"": 1600000, ""cpu4"": 1600000, ""cpu5"": 1600000, ""cpu6"": 1600000, ""cpu7"": 1600000}"
53037710,7772672000,10262056960,1325355,22511,2834833408,2712993792,8,684.5284205210065,2520257,398837,10193190,25752,"{""thermal_zone0"": 55000, ""thermal_zone1"": 58000}","{""cpu0"": 1600000, ""cpu1"": 1600000, ""cpu2"": 1600000, ""cpu3"": 1600000, ""cpu4"": 1600000, ""cpu5"": 1600000, ""cpu6"": 1600000, ""cpu7"": 1600000}"
53169695,7772672000,10262056960,1325561,22511,2834833408,2712993792,8,689.4721318016142,2520367,398838,10193196,25752,"{""thermal_zone0"": 56000, ""thermal_zone1"": 54000}","{""cpu0"": 1600000, ""cpu1"": 1600000, ""cpu2"": 1600000, ""cpu3"": 1600000, ""cpu4"": 1600000, ""cpu5"": 1600000, ""cpu6"": 1600000, ""cpu7"": 1600000}"
53334077,7772672000,10262056960,1326391,22511,2834833408,2712993792,8,723.9214080502554,2520474,398839,10193211,25752,"{""thermal_zone0"": 55000, ""thermal_zone1"": 58000}","{""cpu0"": 1600000, ""cpu1"": 1600000, ""cpu2"": 1600000, ""cpu3"": 1600000, ""cpu4"": 1600000, ""cpu5"": 1600000, ""cpu6"": 1600000, ""cpu7"": 1600000}"
53490175,7772672000,10262056960,1326598,22511,2834833408,2712993792,8,685.4674588577786,2520578,398840,10193227,25752,"{""thermal_zone0"": 55000, ""thermal_zone1"": 57000}","{""cpu0"": 1600000, ""cpu1"": 1600000, ""cpu2"": 1600000, ""cpu3"": 1600000, ""cpu4"": 1600000, ""cpu5"": 1600000, ""cpu6"": 1600000, ""cpu7"": 1600000}"
53654012,7772672000,10262056960,1326973,22511,2834833408,2712993792,8,701.9168109070108,2520695,398840,10193238,25752,"{""thermal_zone0"": 56000, ""thermal_zone1"": 58000}","{""cpu0"": 1600000, ""cpu1"": 1600000, ""cpu2"": 1600000, ""cpu3"": 1600000, ""cpu4"": 1600000, ""cpu5"": 1600000, ""cpu6"": 1600000, ""cpu7"": 1600000}"
53809757,7772672000,10262056960,1327004,22511,2834833408,2712993792,8,674.1781022522075,2520806,398842,10193254,25752,"{""thermal_zone0"": 56000, ""thermal_zone1"": 58000}","{""cpu0"": 1600000, ""cpu1"": 1600000, ""cpu2"": 1600000, ""cpu3"": 1600000, ""cpu4"": 1600000, ""cpu5"": 1600000, ""cpu6"": 1600000, ""cpu7"": 1600000}"
53971741,7772672000,10262056960,1327192,22511,2834833408,2712993792,8,672.9060075628462,2520916,398842,10193268,25752,"{""thermal_zone0"": 57000, ""thermal_zone1"": 59000}","{""cpu0"": 1600000, ""cpu1"": 1600000, ""cpu2"": 1600000, ""cpu3"": 1600000, ""cpu4"": 1600000, ""cpu5"": 1600000, ""cpu6"": 1600000, ""cpu7"": 1600000}"
54133699,7772672000,10262056960,1327876,22511,2834833408,2712993792,8,710.0634126144037,2521017,398844,10193282,25752,"{""thermal_zone0"": 56000, ""thermal_zone1"": 57000}","{""cpu0"": 1600000, ""cpu1"": 1600000, ""cpu2"": 1600000, ""cpu3"": 1600000, ""cpu4"": 1600000, ""cpu5"": 1600000, ""cpu6"": 1600000, ""cpu7"": 1600000}"
54289820,7772672000,10262056960,1327934,22511,2834833408,2712993792,8,672.5560715121056,2521122,398844,10193297,25752,"{""thermal_zone0"": 56000, ""thermal_zone1"": 58000}","{""cpu0"": 1600000, ""cpu1"": 1600000, ""cpu2"": 1600000, ""cpu3"": 1600000, ""cpu4"": 1600000, ""cpu5"": 1600000, ""cpu6"": 1600000, ""cpu7"": 1600000}"
54453222,7772672000,10262056960,1328143,22511,2834833408,2712993792,8,746.6235312469322,2521244,398844,10193304,25752,"{""thermal_zone0"": 58000, ""thermal_zone1"": 58000}","{""cpu0"": 1600000, ""cpu1"": 1600000, ""cpu2"": 1600000, ""cpu3"": 1600000, ""cpu4"": 1600000, ""cpu5"": 1600000, ""cpu6"": 1600000, ""cpu7"": 1600000}"
54609705,7772672000,10262056960,1328144,22511,2834833408,2712764416,8,670.9998859428003,2521348,398845,10193320,25752,"{""thermal_zone0"": 56000, ""thermal_zone1"": 59000}","{""cpu0"": 1600000, ""cpu1"": 1600000, ""cpu2"": 1600000, ""cpu3"": 1600000, ""cpu4"": 1600000, ""cpu5"": 1600000, ""cpu6"": 1600000, ""cpu7"": 1600000}"
54761720,7772672000,10262056960,1328150,22511,2834833408,2712764416,8,684.1436872779205,2521452,398846,10193335,25752,"{""thermal_zone0"": 58000, ""thermal_zone1"": 59000}","{""cpu0"": 1600000, ""cpu1"": 1600000, ""cpu2"": 1600000, ""cpu3"": 1600000, ""cpu4"": 1600000, ""cpu5"": 1600000, ""cpu6"": 1600000, ""cpu7"": 1600000}"
54917716,7772672000,10262056960,1328257,22511,2834833408,2712764416,8,679.5008696873938,2521556,398848,10193351,25752,"{""thermal_zone0"": 57000, ""thermal_zone1"": 57000}","{""cpu0"": 1600000, ""cpu1"": 1600000, ""cpu2"": 1600000, ""cpu3"": 1600000, ""cpu4"": 1600000, ""cpu5"": 1600000, ""cpu6"": 1600000, ""cpu7"": 1600000}"
55073701,7772672000,10262056960,1328257,22511,2834833408,2712764416,8,679.5549607383916,2521667,398848,10193365,25752,"{""thermal_zone0"": 57000, ""thermal_zone1"": 60000}","{""cpu0"": 1600000, ""cpu1"": 1600000, ""cpu2"": 1600000, ""cpu3"": 1600000, ""cpu4"": 1600000, ""cpu5"": 1600000, ""cpu6"": 1600000, ""cpu7"": 1600000}"
55245714,7772672000,10262056960,1328265,22511,2834833408,2712764416,8,749.9445695039993,2521792,398849,10193371,25752,"{""thermal_zone0"": 57000, ""thermal_zone1"": 59000}","{""cpu0"": 1600000, ""cpu1"": 1600000, ""cpu2"": 1600000, ""cpu3"": 1600000, ""cpu4"": 1600000, ""cpu5"": 1600000, ""cpu6"": 1600000, ""cpu7"": 1600000}"
55401721,7772672000,10262056960,1328326,22511,2834833408,2712764416,8,685.8630811915614,2521897,398849,10193387,25752,"{""thermal_zone0"": 56000, ""thermal_zone1"": 58000}","{""cpu0"": 1600000, ""cpu1"": 1600000, ""cpu2"": 1600000, ""cpu3"": 1600000, ""cpu4"": 1600000, ""cpu5"": 1600000, ""cpu6"": 1600000, ""cpu7"": 1600000}"
55557693,7772672000,10262056960,1328328,22511,2834833408,2712764416,8,673.1974728936236,2522001,398850,10193402,25752,"{""thermal_zone0"": 56000, ""thermal_zone1"": 58000}","{""cpu0"": 1600000, ""cpu1"": 1600000, ""cpu2"": 1600000, ""cpu3"": 1600000, ""cpu4"": 1600000, ""cpu5"": 1600000, ""cpu6"": 1600000, ""cpu7"": 1600000}"
55711114,7772672000,10262056960,1328341,22511,2834833408,2711732224,8,651.8041289744906,2522096,398852,10193417,25752,"{""thermal_zone0"": 56000, ""thermal_zone1"": 60000}","{""cpu0"": 1600000, ""cpu1"": 1600000, ""cpu2"": 1600000, ""cpu3"": 1600000, ""cpu4"": 1600000, ""cpu5"": 1600000, ""cpu6"": 1600000, ""cpu7"": 1600000}"
55845725,7772672000,10262056960,1328341,22511,2834833408,2711216128,8,557.1598871327786,2522171,398859,10193440,25752,"{""thermal_zone0"": 57000, ""thermal_zone1"": 58000}","{""cpu0"": 1600000, ""cpu1"": 1600000, ""cpu2"": 1600000, ""cpu3"": 1600000, ""cpu4"": 1600000, ""cpu5"": 1600000, ""cpu6"": 1600000, ""cpu7"": 1600000}"
55993685,7772672000,10262056960,1328357,22511,2834833408,2711216128,8,682.6159085191952,2522284,398860,10193449,25752,"{""thermal_zone0"": 59000, ""thermal_zone1"": 60000}","{""cpu0"": 1600000, ""cpu1"": 1600000, ""cpu2"": 1600000, ""cpu3"": 1600000, ""cpu4"": 1600000, ""cpu5"": 1600000, ""cpu6"": 1600000, ""cpu7"": 1600000}"
56137826,7772672000,10262056960,1328694,22511,2834833408,2711216128,8,721.5167692221816,2522378,398861,10193462,25752,"{""thermal_zone0"": 58000, ""thermal_zone1"": 59000}","{""cpu0"": 1600000, ""cpu1"": 1600000, ""cpu2"": 1600000, ""cpu3"": 1600000, ""cpu4"": 1600000, ""cpu5"": 1600000, ""cpu6"": 1600000, ""cpu7"": 1600000}"
56287701,7772672000,10262056960,1328695,22511,2834833408,2711216128,8,667.2227968678561,2522484,398864,10193477,25752,"{""thermal_zone0"": 57000, ""thermal_zone1"": 57000}","{""cpu0"": 1600000, ""cpu1"": 1600000, ""cpu2"": 1600000, ""cpu3"": 1600000, ""cpu4"": 1600000, ""cpu5"": 1600000, ""cpu6"": 1600000, ""cpu7"": 1600000}"
56443641,7772672000,10262056960,1328695,22511,2834833408,2711216128,8,679.7499682104668,2522584,398864,10193491,25752,"{""thermal_zone0"": 58000, ""thermal_zone1"": 59000}","{""cpu0"": 1600000, ""cpu1"": 1600000, ""cpu2"": 1600000, ""cpu3"": 1600000, ""cpu4"": 1600000, ""cpu5"": 1600000, ""cpu6"": 1600000, ""cpu7"": 1600000}"
56573704,7772672000,10262056960,1328909,22511,2834833408,2711216128,8,707.3468884421617,2522676,398866,10193503,25752,"{""thermal_zone0"": 57000, ""thermal_zone1"": 59000}","{""cpu0"": 1600000, ""cpu1"": 1600000, ""cpu2"": 1600000, ""cpu3"": 1600000, ""cpu4"": 1600000, ""cpu5"": 1600000, ""cpu6"": 1600000, ""cpu7"": 1600000}"
56725696,7772672000,10262056960,1329307,22511,2834833408,2711216128,8,677.6664252682888,2522782,398867,10193519,25752,"{""thermal_zone0"": 57000, ""thermal_zone1"": 59000}","{""cpu0"": 1600000, ""cpu1"": 1600000, ""cpu2"": 1600000, ""cpu3"": 1600000, ""cpu4"": 1600000, ""cpu5"": 1600000, ""cpu6"": 1600000, ""cpu7"": 1600000}"
56881713,7772672000,10262056960,1329312,22511,2834833408,2711216128,8,679.4132236157037,2522890,398867,10193535,25752,"{""thermal_zone0"": 57000, ""thermal_zone1"": 59000}","{""cpu0"": 1600000, ""cpu1"": 1600000, ""cpu2"": 1600000, ""cpu3"": 1600000, ""cpu4"": 1600000, ""cpu5"": 1600000, ""cpu6"": 1600000, ""cpu7"": 1600000}"
57039594,7772672000,10262056960,1329967,22511,2834833408,2711216128,8,658.7243803641028,2522994,398869,10193551,25752,"{""thermal_zone0"": 60000, ""thermal_zone1"": 60000}","{""cpu0"": 1600000, ""cpu1"": 1600000, ""cpu2"": 1600000, ""cpu3"": 1600000, ""cpu4"": 1600000, ""cpu5"": 1600000, ""cpu6"": 1600000, ""cpu7"": 1600000}"
57193699,7772672000,10262056960,1330051,22511,2834833408,2711216128,8,700.8226834187774,2523106,398870,10193560,25752,"{""thermal_zone0"": 60000, ""thermal_zone1"": 60000}","{""cpu0"": 1600000, ""cpu1"": 1600000, ""cpu2"": 1600000, ""cpu3"": 1600000, ""cpu4"": 1600000, ""cpu5"": 1600000, ""cpu6"": 1600000, ""cpu7"": 1600000}"
57337703,7772672000,10262056960,1330218,22511,2834833408,2711216128,8,743.0357464289547,2523209,398871,10193570,25752,"{""thermal_zone0"": 58000, ""thermal_zone1"": 60000}","{""cpu0"": 1600000, ""cpu1"": 1600000, ""cpu2"": 1600000, ""cpu3"": 1600000, ""cpu4"": 1600000, ""cpu5"": 1600000, ""cpu6"": 1600000, ""cpu7"": 1600000}"
57494106,7772672000,10262056960,1330220,22511,2834833408,2711216128,8,684.126937310821,2523314,398871,10193586,25752,"{""thermal_zone0"": 58000, ""thermal_zone1"": 61000}","{""cpu0"": 1600000, ""cpu1"": 1600000, ""cpu2"": 1600000, ""cpu3"": 1600000, ""cpu4"": 1600000, ""cpu5"": 1600000, ""cpu6"": 1600000, ""cpu7"": 1600000}"
57650673,7772672000,10262056960,1330222,22511,2834833408,2711216128,8,664.252844217309,2523418,398872,10193601,25752,"{""thermal_zone0"": 58000, ""thermal_zone1"": 58000}","{""cpu0"": 1600000, ""cpu1"": 1600000, ""cpu2"": 1600000, ""cpu3"": 1600000, ""cpu4"": 1600000, ""cpu5"": 1600000, ""cpu6"": 1600000, ""cpu7"": 1600000}"
57805861,7772672000,10262056960,1330231,22511,2834833408,2711216128,8,689.4868691800864,2523526,398873,10193616,25752,"{""thermal_zone0"": 57000, ""thermal_zone1"": 59000}","{""cpu0"": 1600000, ""cpu1"": 1600000, ""cpu2"": 1600000, ""cpu3"": 1600000, ""cpu4"": 1600000, ""cpu5"": 1600000, ""cpu6"": 1600000, ""cpu7"": 1600000}"
57961722,7772672000,10262056960,1330232,22511,2834833408,2711216128,8,686.5121415093747,2523641,398874,10193628,25752,"{""thermal_zone0"": 59000, ""thermal_zone1"": 60000}","{""cpu0"": 1600000, ""cpu1"": 1600000, ""cpu2"": 1600000, ""cpu3"": 1600000, ""cpu4"": 1600000, ""cpu5"": 1600000, ""cpu6"": 1600000, ""cpu7"": 1600000}"
58133705,7772672000,10262056960,1330641,22511,2834833408,2711216128,8,761.703165020851,2523766,398875,10193634,25752,"{""thermal_zone0"": 58000, ""thermal_zone1"": 58000}","{""cpu0"": 1600000, ""cpu1"": 1600000, ""cpu2"": 1600000, ""cpu3"": 1600000, ""cpu4"": 1600000, ""cpu5"": 1600000, ""cpu6"": 1600000, ""cpu7"": 1600000}"
58285219,7772672000,10262056960,1330641,22511,2834833408,2711216128,8,673.2029658629864,2523870,398876,10193650,25752,"{""thermal_zone0"": 58000, ""thermal_zone1"": 58000}","{""cpu0"": 1600000, ""cpu1"": 1600000, ""cpu2"": 1600000, ""cpu3"": 1600000, ""cpu4"": 1600000, ""cpu5"": 1600000, ""cpu6"": 1600000, ""cpu7"": 1600000}"
58441077,7772672000,10262056960,1330807,22511,2834833408,2711216128,8,673.6887793181497,2523971,398878,10193666,25752,"{""thermal_zone0"": 59000, ""thermal_zone1"": 61000}","{""cpu0"": 1600000, ""cpu1"": 1600000, ""cpu2"": 1600000, ""cpu3"": 1600000, ""cpu4"": 1600000, ""cpu5"": 1600000, ""cpu6"": 1600000, ""cpu7"": 1600000}"
58593853,7772672000,10262056960,1331305,22511,2834833408,2711216128,8,680.735929212889,2524072,398879,10193682,25752,"{""thermal_zone0"": 58000, ""thermal_zone1"": 60000}","{""cpu0"": 1600000, ""cpu1"": 1600000, ""cpu2"": 1600000, ""cpu3"": 1600000, ""cpu4"": 1600000, ""cpu5"": 1600000, ""cpu6"": 1600000, ""cpu7"": 1600000}"
58753705,7772672000,10262056960,1331305,22511,2834833408,2711216128,8,675.6276369613735,2524188,398880,10193691,25752,"{""thermal_zone0"": 60000, ""thermal_zone1"": 61000}","{""cpu0"": 1600000, ""cpu1"": 1600000, ""cpu2"": 1600000, ""cpu3"": 1600000, ""cpu4"": 1600000, ""cpu5"": 1600000, ""cpu6"": 1600000, ""cpu7"": 1600000}"
58901704,7772672000,10262056960,1331318,22511,2834833408,2711216128,8,743.2454880454943,2524287,398880,10193702,25752,"{""thermal_zone0"": 58000, ""thermal_zone1"": 60000}","{""cpu0"": 1600000, ""cpu1"": 1600000, ""cpu2"": 1600000, ""cpu3"": 1600000, ""cpu4"": 1600000, ""cpu5"": 1600000, ""cpu6"": 1600000, ""cpu7"": 1600000}"
59053704,7772672000,10262056960,1331320,22511,2834833408,2711216128,8,684.210638850434,2524390,398882,10193718,25752,"{""thermal_zone0"": 59000, ""thermal_zone1"": 60000}","{""cpu0"": 1600000, ""cpu1"": 1600000, ""cpu2"": 1600000, ""cpu3"": 1600000, ""cpu4"": 1600000, ""cpu5"": 1600000, ""cpu6"": 1600000, ""cpu7"": 1600000}"
59209710,7772672000,10262056960,1331320,22511,2834833408,2711216128,8,673.0529132085769,2524494,398883,10193732,25752,"{""thermal_zone0"": 59000, ""thermal_zone1"": 61000}","{""cpu0"": 1600000, ""cpu1"": 1600000, ""cpu2"": 1600000, ""cpu3"": 1600000, ""cpu4"": 1600000, ""cpu5"": 1600000, ""cpu6"": 1600000, ""cpu7"": 1600000}"
59364681,7772672000,10262056960,1331726,22511,2834833408,2711216128,8,671.0934788756132,2524601,398884,10193748,25752,"{""thermal_zone0"": 58000, ""thermal_zone1"": 60000}","{""cpu0"": 1600000, ""cpu1"": 1600000, ""cpu2"": 1600000, ""cpu3"": 1600000, ""cpu4"": 1600000, ""cpu5"": 1600000, ""cpu6"": 1600000, ""cpu7"": 1600000}"
59519972,7772672000,10262056960,1331776,22511,2834833408,2711216128,8,682.5883841680837,2524706,398884,10193763,25752,"{""thermal_zone0"": 58000, ""thermal_zone1"": 58000}","{""cpu0"": 1600000, ""cpu1"": 1600000, ""cpu2"": 1600000, ""cpu3"": 1600000, ""cpu4"": 1600000, ""cpu5"": 1600000, ""cpu6"": 1600000, ""cpu7"": 1600000}"
59683908,7772672000,10262056960,1331790,22511,2834833408,2711216128,8,738.0942515005411,2524826,398884,10193771,25752,"{""thermal_zone0"": 59000, ""thermal_zone1"": 59000}","{""cpu0"": 1600000, ""cpu1"": 1600000, ""cpu2"": 1600000, ""cpu3"": 1600000, ""cpu4"": 1600000, ""cpu5"": 1600000, ""cpu6"": 1600000, ""cpu7"": 1600000}"
59837733,7772672000,10262056960,1331792,22511,2834833408,2711216128,8,676.0892005047577,2524927,398885,10193786,25752,"{""thermal_zone0"": 58000, ""thermal_zone1"": 60000}","{""cpu0"": 1600000, ""cpu1"": 1600000, ""cpu2"": 1600000, ""cpu3"": 1600000, ""cpu4"": 1600000, ""cpu5"": 1600000, ""cpu6"": 1600000, ""cpu7"": 1600000}"
59989700,7772672000,10262056960,1331990,22511,2834833408,2711216128,8,684.3610857546555,2525038,398885,10193798,25752,"{""thermal_zone0"": 59000, ""thermal_zone1"": 61000}","{""cpu0"": 1600000, ""cpu1"": 1600000, ""cpu2"": 1600000, ""cpu3"": 1600000, ""cpu4"": 1600000, ""cpu5"": 1600000, ""cpu6"": 1600000, ""cpu7"": 1600000}"
60129705,7772672000,10262056960,1332000,22511,2834833408,2711216128,8,692.8322008979105,2525132,398885,10193812,25752,"{""thermal_zone0"": 58000, ""thermal_zone1"": 61000}","{""cpu0"": 1600000, ""cpu1"": 1600000, ""cpu2"": 1600000, ""cpu3"": 1600000, ""cpu4"": 1600000, ""cpu5"": 1600000, ""cpu6"": 1600000, ""cpu7"": 1600000}"
60285710,7772672000,10262056960,1332000,22511,2834833408,2711216128,8,679.4671134295413,2525237,398886,10193827,25752,"{""thermal_zone0"": 59000, ""thermal_zone1"": 58000}","{""cpu0"": 1600000, ""cpu1"": 1600000, ""cpu2"": 1600000, ""cpu3"": 1600000, ""cpu4"": 1600000, ""cpu5"": 1600000, ""cpu6"": 1600000, ""cpu7"": 1600000}"
60441709,7772672000,10262056960,1332010,22511,2834833408,2711216128,8,679.4881682295782,2525342,398888,10193843,25752,"{""thermal_zone0"": 60000, ""thermal_zone1"": 61000}","{""cpu0"": 1600000, ""cpu1"": 1600000, ""cpu2"": 1600000, ""cpu3"": 1600000, ""cpu4"": 1600000, ""cpu5"": 1600000, ""cpu6"": 1600000, ""cpu7"": 1600000}"
60597710,7772672000,10262056960,1332023,22511,2834833408,2711216128,8,685.8938569384645,2525447,398889,10193858,25752,"{""thermal_zone0"": 59000, ""thermal_zone1"": 60000}","{""cpu0"": 1600000, ""cpu1"": 1600000, ""cpu2"": 1600000, ""cpu3"": 1600000, ""cpu4"": 1600000, ""cpu5"": 1600000, ""cpu6"": 1600000, ""cpu7"": 1600000}"
60753703,7772672000,10262056960,1332023,22511,2834833408,2711216128,8,679.5166644121884,2525560,398890,10193868,25752,"{""thermal_zone0"": 60000, ""thermal_zone1"": 61000}","{""cpu0"": 1600000, ""cpu1"": 1600000, ""cpu2"": 1600000, ""cpu3"": 1600000, ""cpu4"": 1600000, ""cpu5"": 1600000, ""cpu6"": 1600000, ""cpu7"": 1600000}"
60898841,7772672000,10262056960,1332025,22511,2834833408,2710700032,8,571.8697595973905,2525630,398898,10193891,25752,"{""thermal_zone0"": 59000, ""thermal_zone1"": 58000}","{""cpu0"": 1600000, ""cpu1"": 1600000, ""cpu2"": 1600000, ""cpu3"": 1600000, ""cpu4"": 1600000, ""cpu5"": 1600000, ""cpu6"": 1600000, ""cpu7"": 1600000}"
61028966,7772672000,10262056960,1332033,22511,2834833408,2710700032,8,699.3272203168543,2525730,398898,10193902,25752,"{""thermal_zone0"": 58000, ""thermal_zone1"": 59000}","{""cpu0"": 1600000, ""cpu1"": 1600000, ""cpu2"": 1600000, ""cpu3"": 1600000, ""cpu4"": 1600000, ""cpu5"": 1600000, ""cpu6"": 1600000, ""cpu7"": 1600000}"
61183819,7772672000,10262056960,1332033,22511,2834833408,2710700032,8,671.6066565131365,2525837,398899,10193917,25752,"{""thermal_zone0"": 59000, ""thermal_zone1"": 58000}","{""cpu0"": 1600000, ""cpu1"": 1600000, ""cpu2"": 1600000, ""cpu3"": 1600000, ""cpu4"": 1600000, ""cpu5"": 1600000, ""cpu6"": 1600000, ""cpu7"": 1600000}"
61341708,7772672000,10262056960,1332044,22511,2834833408,2710700032,8,690.3568335401849,2525945,398899,10193933,25752,"{""thermal_zone0"": 59000, ""thermal_zone1"": 59000}","{""cpu0"": 1600000, ""cpu1"": 1600000, ""cpu2"": 1600000, ""cpu3"": 1600000, ""cpu4"": 1600000, ""cpu5"": 1600000, ""cpu6"": 1600000, ""cpu7"": 1600000}"
61498228,7772672000,10262056960,1332049,22511,2834833408,2710700032,8,677.231135900809,2526046,398900,10193948,25752,"{""thermal_zone0"": 59000, ""thermal_zone1"": 58000}","{""cpu0"": 1600000, ""cpu1"": 1600000, ""cpu2"": 1600000, ""cpu3"": 1600000, ""cpu4"": 1600000, ""cpu5"": 1600000, ""cpu6"": 1600000, ""cpu7"": 1600000}"
61659608,7772672000,10262056960,1332090,22511,2834833408,2710700032,8,675.4235808998911,2526162,398902,10193958,25752,"{""thermal_zone0"": 60000, ""thermal_zone1"": 61000}","{""cpu0"": 1600000, ""cpu1"": 1600000, ""cpu2"": 1600000, ""cpu3"": 1600000, ""cpu4"": 1600000, ""cpu5"": 1600000, ""cpu6"": 1600000, ""cpu7"": 1600000}"
61801707,7772672000,10262056960,1332099,22511,2834833408,2710700032,8,710.7737330146805,2526249,398902,10193975,25752,"{""thermal_zone0"": 59000, ""thermal_zone1"": 61000}","{""cpu0"": 1600000, ""cpu1"": 1600000, ""cpu2"": 1600000, ""cpu3"": 1600000, ""cpu4"": 1600000, ""cpu5"": 1600000, ""cpu6"": 1600000, ""cpu7"": 1600000}"
61952733,7772672000,10262056960,1332100,22511,2834833408,2710700032,8,655.5157522123707,2526354,398903,10193989,25752,"{""thermal_zone0"": 61000, ""thermal_zone1"": 61000}","{""cpu0"": 1600000, ""cpu1"": 1600000, ""cpu2"": 1600000, ""cpu3"": 1600000, ""cpu4"": 1600000, ""cpu5"": 1600000, ""cpu6"": 1600000, ""cpu7"": 1600000}"
62093693,7772672000,10262056960,1332100,22511,2834833408,2710700032,8,723.6102789691433,2526471,398904,10193995,25752,"{""thermal_zone0"": 59000, ""thermal_zone1"": 61000}","{""cpu0"": 1600000, ""cpu1"": 1600000, ""cpu2"": 1600000, ""cpu3"": 1600000, ""cpu4"": 1600000, ""cpu5"": 1600000, ""cpu6"": 1600000, ""cpu7"": 1600000}"
62254624,7772672000,10262056960,1332116,22511,2834833408,2710700032,8,714.5930292344792,2526575,398905,10194010,25752,"{""thermal_zone0"": 59000, ""thermal_zone1"": 61000}","{""cpu0"": 1600000, ""cpu1"": 1600000, ""cpu2"": 1600000, ""cpu3"": 1600000, ""cpu4"": 1600000, ""cpu5"": 1600000, ""cpu6"": 1600000, ""cpu7"": 1600000}"
62413709,7772672000,10262056960,1332116,22511,2834833408,2710700032,8,685.1648736436226,2526680,398906,10194023,25752,"{""thermal_zone0"": 60000, ""thermal_zone1"": 61000}","{""cpu0"": 1600000, ""cpu1"": 1600000, ""cpu2"": 1600000, ""cpu3"": 1600000, ""cpu4"": 1600000, ""cpu5"": 1600000, ""cpu6"": 1600000, ""cpu7"": 1600000}"
62553820,7772672000,10262056960,1332116,22511,2834833408,2710700032,8,699.4452449960064,2526778,398906,10194035,25752,"{""thermal_zone0"": 58000, ""thermal_zone1"": 61000}","{""cpu0"": 1600000, ""cpu1"": 1600000, ""cpu2"": 1600000, ""cpu3"": 1600000, ""cpu4"": 1600000, ""cpu5"": 1600000, ""cpu6"": 1600000, ""cpu7"": 1600000}"
62705852,7772672000,10262056960,1332126,22511,2834833408,2710700032,8,677.4916635472999,2526885,398906,10194051,25752,"{""thermal_zone0"": 61000, ""thermal_zone1"": 61000}","{""cpu0"": 1600000, ""cpu1"": 1600000, ""cpu2"": 1600000, ""cpu3"": 1600000, ""cpu4"": 1600000, ""cpu5"": 1600000, ""cpu6"": 1600000, ""cpu7"": 1600000}"
62857191,7772672000,10262056960,1332126,22511,2834833408,2710700032,8,680.5883097856937,2527001,398908,10194063,25752,"{""thermal_zone0"": 61000, ""thermal_zone1"": 63000}","{""cpu0"": 1600000, ""cpu1"": 1600000, ""cpu2"": 1600000, ""cpu3"": 1600000, ""cpu4"": 1600000, ""cpu5"": 1600000, ""cpu6"": 1600000, ""cpu7"": 1600000}"
63034922,7772672000,10262056960,1332152,22511,2834833408,2710700032,8,753.9516618070826,2527125,398910,10194069,25752,"{""thermal_zone0"": 60000, ""thermal_zone1"": 62000}","{""cpu0"": 1600000, ""cpu1"": 1600000, ""cpu2"": 1600000, ""cpu3"": 1600000, ""cpu4"": 1600000, ""cpu5"": 1600000, ""cpu6"": 1600000, ""cpu7"": 1600000}"
63184438,7772672000,10262056960,1332376,22511,2834833408,2710700032,8,675.5138244071371,2527232,398910,10194084,25752,"{""thermal_zone0"": 58000, ""thermal_zone1"": 61000}","{""cpu0"": 1600000, ""cpu1"": 1600000, ""cpu2"": 1600000, ""cpu3"": 1600000, ""cpu4"": 1600000, ""cpu5"": 1600000, ""cpu6"": 1600000, ""cpu7"": 1600000}"
63345711,7772672000,10262056960,1332519,22511,2834833408,2710700032,8,682.070594442939,2527334,398911,10194101,25752,"{""thermal_zone0"": 60000, ""thermal_zone1"": 61000}","{""cpu0"": 1600000, ""cpu1"": 1600000, ""cpu2"": 1600000, ""cpu3"": 1600000, ""cpu4"": 1600000, ""cpu5"": 1600000, ""cpu6"": 1600000, ""cpu7"": 1600000}"
63496793,7772672000,10262056960,1332921,22511,2834833408,2710700032,8,675.1302763152015,2527438,398912,10194116,25752,"{""thermal_zone0"": 59000, ""thermal_zone1"": 61000}","{""cpu0"": 1600000, ""cpu1"": 1600000, ""cpu2"": 1600000, ""cpu3"": 1600000, ""cpu4"": 1600000, ""cpu5"": 1600000, ""cpu6"": 1600000, ""cpu7"": 1600000}"
63651706,7772672000,10262056960,1332921,22511,2834833408,2710700032,8,671.3459955944597,2527552,398912,10194125,25752,"{""thermal_zone0"": 61000, ""thermal_zone1"": 62000}","{""cpu0"": 1600000, ""cpu1"": 1600000, ""cpu2"": 1600000, ""cpu3"": 1600000, ""cpu4"": 1600000, ""cpu5"": 1600000, ""cpu6"": 1600000, ""cpu7"": 1600000}"
63801703,7772672000,10262056960,1332935,22511,2834833408,2710441984,8,746.6782152897299,2527654,398913,10194137,25752,"{""thermal_zone0"": 60000, ""thermal_zone1"": 62000}","{""cpu0"": 1600000, ""cpu1"": 1600000, ""cpu2"": 1600000, ""cpu3"": 1600000, ""cpu4"": 1600000, ""cpu5"": 1600000, ""cpu6"": 1600000, ""cpu7"": 1600000}"
63953702,7772672000,10262056960,1332937,22511,2834833408,2710441984,8,677.6380031339639,2527758,398914,10194151,25752,"{""thermal_zone0"": 60000, ""thermal_zone1"": 61000}","{""cpu0"": 1600000, ""cpu1"": 1600000, ""cpu2"": 1600000, ""cpu3"": 1600000, ""cpu4"": 1600000, ""cpu5"": 1600000, ""cpu6"": 1600000, ""cpu7"": 1600000}"
64089701,7772672000,10262056960,1332937,22511,2834833408,2710441984,8,683.8302671511617,2527864,398914,10194158,25752,"{""thermal_zone0"": 61000, ""thermal_zone1"": 63000}","{""cpu0"": 1600000, ""cpu1"": 1600000, ""cpu2"": 1600000, ""cpu3"": 1600000, ""cpu4"": 1600000, ""cpu5"": 1600000, ""cpu6"": 1600000, ""cpu7"": 1600000}"
64257706,7772672000,10262056960,1332948,22511,2834833408,2710441984,8,744.0254798608702,2527983,398915,10194169,25752,"{""thermal_zone0"": 61000, ""thermal_zone1"": 61000}","{""cpu0"": 1600000, ""cpu1"": 1600000, ""cpu2"": 1600000, ""cpu3"": 1600000, ""cpu4"": 1600000, ""cpu5"": 1600000, ""cpu6"": 1600000, ""cpu7"": 1600000}"
64418154,7772672000,10262056960,1332948,22511,2834833408,2710441984,8,679.3484442615232,2528090,398917,10194186,25752,"{""thermal_zone0"": 59000, ""thermal_zone1"": 62000}","{""cpu0"": 1600000, ""cpu1"": 1600000, ""cpu2"": 1600000, ""cpu3"": 1600000, ""cpu4"": 1600000, ""cpu5"": 1600000, ""cpu6"": 1600000, ""cpu7"": 1600000}"
64583172,7772672000,10262056960,1332957,22511,2834833408,2710691840,8,690.8320945320094,2528201,398918,10194199,25752,"{""thermal_zone0"": 60000, ""thermal_zone1"": 60000}","{""cpu0"": 1600000, ""cpu1"": 1600000, ""cpu2"": 1600000, ""cpu3"": 1600000, ""cpu4"": 1600000, ""cpu5"": 1600000, ""cpu6"": 1600000, ""cpu7"": 1600000}"
64739974,7772672000,10262056960,1332963,22511,2834833408,2710691840,8,682.3874100313654,2528305,398919,10194214,25752,"{""thermal_zone0"": 61000, ""thermal_zone1"": 62000}","{""cpu0"": 1600000, ""cpu1"": 1600000, ""cpu2"": 1600000, ""cpu3"": 1600000, ""cpu4"": 1600000, ""cpu5"": 1600000, ""cpu6"": 1600000, ""cpu7"": 1600000}"
64893713,7772672000,10262056960,1332963,22511,2834833408,2710691840,8,689.4810481693836,2528413,398920,10194223,25752,"{""thermal_zone0"": 61000, ""thermal_zone1"": 63000}","{""cpu0"": 1600000, ""cpu1"": 1600000, ""cpu2"": 1600000, ""cpu3"": 1600000, ""cpu4"": 1600000, ""cpu5"": 1600000, ""cpu6"": 1600000, ""cpu7"": 1600000}"
65033698,7772672000,10262056960,1332971,22511,2834833408,2710691840,8,692.9332417756592,2528501,398922,10194240,25752,"{""thermal_zone0"": 59000, ""thermal_zone1"": 61000}","{""cpu0"": 1600000, ""cpu1"": 1600000, ""cpu2"": 1600000, ""cpu3"": 1600000, ""cpu4"": 1600000, ""cpu5"": 1600000, ""cpu6"": 1600000, ""cpu7"": 1600000}"
65185143,7772672000,10262056960,1332972,22511,2834833408,2710691840,8,673.5117114574405,2528608,398923,10194256,25752,"{""thermal_zone0"": 59000, ""thermal_zone1"": 61000}","{""cpu0"": 1600000, ""cpu1"": 1600000, ""cpu2"": 1600000, ""cpu3"": 1600000, ""cpu4"": 1600000, ""cpu5"": 1600000, ""cpu6"": 1600000, ""cpu7"": 1600000}"
65341307,7772672000,10262056960,1332988,22511,2834853888,2712326144,8,678.7722452154898,2528715,398925,10194273,25752,"{""thermal_zone0"": 60000, ""thermal_zone1"": 59000}","{""cpu0"": 1600000, ""cpu1"": 1600000, ""cpu2"": 1600000, ""cpu3"": 1600000, ""cpu4"": 1600000, ""cpu5"": 1600000, ""cpu6"": 1600000, ""cpu7"": 1600000}"
65486232,7457488896,10090545152,1332993,22513,2834964480,3021307904,8,144.90288174157033,2528717,398938,10194362,25752,"{""thermal_zone0"": 54000, ""thermal_zone1"": 54000}","{""cpu0"": 1600000, ""cpu1"": 1600000, ""cpu2"": 1600000, ""cpu3"": 1600000, ""cpu4"": 1600000, ""cpu5"": 1600000, ""cpu6"": 1600000, ""cpu7"": 1600000}"
65606661,7139704832,10090545152,1332993,22513,2834964480,3336028160,8,99.64380577857845,2528718,398950,10194445,25752,"{""thermal_zone0"": 51000, ""thermal_zone1"": 52000}","{""cpu0"": 1600000, ""cpu1"": 1600000, ""cpu2"": 1600000, ""cpu3"": 1600000, ""cpu4"": 1600000, ""cpu5"": 1600000, ""cpu6"": 1600000, ""cpu7"": 1600000}"
65727585,6821920768,10090545152,1332993,22513,2834964480,3656118272,8,99.23578685932611,2528719,398964,10194527,25752,"{""thermal_zone0"": 51000, ""thermal_zone1"": 51000}","{""cpu0"": 1600000, ""cpu1"": 1600000, ""cpu2"": 1600000, ""cpu3"": 1600000, ""cpu4"": 1600000, ""cpu5"": 1600000, ""cpu6"": 1600000, ""cpu7"": 1600000}"
65849978,6497804288,10090545152,1332993,22513,2834964480,4014981120,8,98.0449509954994,2528722,398981,10194609,25752,"{""thermal_zone0"": 50000, ""thermal_zone1"": 52000}","{""cpu0"": 1600000, ""cpu1"": 1600000, ""cpu2"": 1600000, ""cpu3"": 1600000, ""cpu4"": 1600000, ""cpu5"": 1600000, ""cpu6"": 1600000, ""cpu7"": 1600000}"
65982685,6107013120,10090545152,1332993,22513,2834964480,4389597184,8,105.49565206828635,2528724,399016,10194676,25752,"{""thermal_zone0"": 51000, ""thermal_zone1"": 50000}","{""cpu0"": 1600000, ""cpu1"": 1600000, ""cpu2"": 1600000, ""cpu3"": 1600000, ""cpu4"": 1600000, ""cpu5"": 1600000, ""cpu6"": 1600000, ""cpu7"": 1600000}"
66115991,5749506048,10090545152,1332993,22513,2834964480,4722339840,8,97.51950146230493,2528726,399043,10194751,25752,"{""thermal_zone0"": 51000, ""thermal_zone1"": 51000}","{""cpu0"": 1600000, ""cpu1"": 1600000, ""cpu2"": 1600000, ""cpu3"": 1600000, ""cpu4"": 1600000, ""cpu5"": 1600000, ""cpu6"": 1600000, ""cpu7"": 1600000}"
66247100,5419331584,10090545152,1332993,22513,2834964480,5079175168,8,99.15410413405037,2528729,399070,10194826,25752,"{""thermal_zone0"": 50000, ""thermal_zone1"": 51000}","{""cpu0"": 1600000, ""cpu1"": 1600000, ""cpu2"": 1600000, ""cpu3"": 1600000, ""cpu4"": 1600000, ""cpu5"": 1600000, ""cpu6"": 1600000, ""cpu7"": 1600000}"
66378586,5061693440,7811239936,1332993,22513,2834964480,5420662784,8,98.87006272757893,2528731,399097,10194902,25752,"{""thermal_zone0"": 51000, ""thermal_zone1"": 51000}","{""cpu0"": 1600000, ""cpu1"": 1600000, ""cpu2"": 1600000, ""cpu3"": 1600000, ""cpu4"": 1600000, ""cpu5"": 1600000, ""cpu6"": 1600000, ""cpu7"": 1600000}"
66509139,4704059392,7811239936,1332993,22513,2834964480,5776277504,8,99.57631045871436,2528734,399124,10194977,25752,"{""thermal_zone0"": 50000, ""thermal_zone1"": 50000}","{""cpu0"": 1600000, ""cpu1"": 1600000, ""cpu2"": 1600000, ""cpu3"": 1600000, ""cpu4"": 1600000, ""cpu5"": 1600000, ""cpu6"": 1600000, ""cpu7"": 1600000}"
66639949,4386275328,7811239936,1332993,22513,2834964480,6121648128,8,99.38067796214203,2528735,399151,10195052,25752,"{""thermal_zone0"": 50000, ""thermal_zone1"": 50000}","{""cpu0"": 1600000, ""cpu1"": 1600000, ""cpu2"": 1600000, ""cpu3"": 1600000, ""cpu4"": 1600000, ""cpu5"": 1600000, ""cpu6"": 1600000, ""cpu7"": 1600000}"
66771530,4028768256,7811239936,1332993,22513,2834964480,6454419456,8,98.7988379280683,2528738,399178,10195128,25752,"{""thermal_zone0"": 49000, ""thermal_zone1"": 50000}","{""cpu0"": 1600000, ""cpu1"": 1600000, ""cpu2"": 1600000, ""cpu3"": 1600000, ""cpu4"": 1600000, ""cpu5"": 1600000, ""cpu6"": 1600000, ""cpu7"": 1600000}"
66903265,3750707200,7811239936,1332993,22513,2834964480,6738751488,8,106.27389777343737,2528740,399205,10195203,25752,"{""thermal_zone0"": 50000, ""thermal_zone1"": 50000}","{""cpu0"": 1600000, ""cpu1"": 1600000, ""cpu2"": 1600000, ""cpu3"": 1600000, ""cpu4"": 1600000, ""cpu5"": 1600000, ""cpu6"": 1600000, ""cpu7"": 1600000}"
67033193,3436912640,7811239936,1332993,22513,2834964480,7048679424,8,100.05545843163655,2528743,399232,10195278,25752,"{""thermal_zone0"": 50000, ""thermal_zone1"": 50000}","{""cpu0"": 1600000, ""cpu1"": 1600000, ""cpu2"": 1600000, ""cpu3"": 1600000, ""cpu4"": 1600000, ""cpu5"": 1600000, ""cpu6"": 1600000, ""cpu7"": 1600000}"
67165245,3134922752,7811239936,1332993,22513,2834964480,7364079616,8,98.44585944969462,2528746,399259,10195354,25752,"{""thermal_zone0"": 49000, ""thermal_zone1"": 49000}","{""cpu0"": 1600000, ""cpu1"": 1600000, ""cpu2"": 1600000, ""cpu3"": 1600000, ""cpu4"": 1600000, ""cpu5"": 1600000, ""cpu6"": 1600000, ""cpu7"": 1600000}"
67296767,2837127168,7811239936,1332993,22513,2834964480,7643815936,8,98.84281297369706,2528748,399286,10195429,25752,"{""thermal_zone0"": 49000, ""thermal_zone1"": 50000}","{""cpu0"": 1600000, ""cpu1"": 1600000, ""cpu2"": 1600000, ""cpu3"": 1600000, ""cpu4"": 1600000, ""cpu5"": 1600000, ""cpu6"": 1600000, ""cpu7"": 1600000}"
67428184,2700984320,5090332672,1332996,22513,2834964480,7787831296,8,98.92165955480809,2528759,399305,10195505,25752,"{""thermal_zone0"": 49000, ""thermal_zone1"": 50000}","{""cpu0"": 1600000, ""cpu1"": 1600000, ""cpu2"": 1600000, ""cpu3"": 1600000, ""cpu4"": 1600000, ""cpu5"": 1600000, ""cpu6"": 1600000, ""cpu7"": 1600000}"
67559496,2695753728,5084848128,1332998,22514,2835095552,7791833088,8,99.0011039917725,2528774,399320,10195581,25753,"{""thermal_zone0"": 48000, ""thermal_zone1"": 49000}","{""cpu0"": 1600000, ""cpu1"": 1600000, ""cpu2"": 1600000, ""cpu3"": 1600000, ""cpu4"": 1600000, ""cpu5"": 1600000, ""cpu6"": 1600000, ""cpu7"": 1600000}"
67691915,2695753728,5084848128,1333008,22514,2835095552,7791964160,8,98.17320730682641,2528789,399332,10195656,25753,"{""thermal_zone0"": 49000, ""thermal_zone1"": 49000}","{""cpu0"": 1600000, ""cpu1"": 1600000, ""cpu2"": 1600000, ""cpu3"": 1600000, ""cpu4"": 1600000, ""cpu5"": 1600000, ""cpu6"": 1600000, ""cpu7"": 1600000}"
67823411,2164588544,5084581888,1333009,22514,2835095552,7789543424,8,106.46718650132354,2528792,399361,10195733,25753,"{""thermal_zone0"": 48000, ""thermal_zone1"": 49000}","{""cpu0"": 1600000, ""cpu1"": 1600000, ""cpu2"": 1600000, ""cpu3"": 1600000, ""cpu4"": 1600000, ""cpu5"": 1600000, ""cpu6"": 1600000, ""cpu7"": 1600000}"
67959870,1503039488,5084581888,1333009,22514,2835095552,7791542272,8,95.2663429301374,2528794,399389,10195810,25753,"{""thermal_zone0"": 49000, ""thermal_zone1"": 49000}","{""cpu0"": 1600000, ""cpu1"": 1600000, ""cpu2"": 1600000, ""cpu3"": 1600000, ""cpu4"": 1600000, ""cpu5"": 1600000, ""cpu6"": 1600000, ""cpu7"": 1600000}"
68093877,879120384,5084581888,1333009,22514,2835095552,7793647616,8,104.4725847818905,2528796,399415,10195886,25753,"{""thermal_zone0"": 48000, ""thermal_zone1"": 49000}","{""cpu0"": 1600000, ""cpu1"": 1600000, ""cpu2"": 1600000, ""cpu3"": 1600000, ""cpu4"": 1600000, ""cpu5"": 1600000, ""cpu6"": 1600000, ""cpu7"": 1600000}"
68216793,311328768,5084581888,1333009,22514,2835095552,7793647616,8,97.62741940270764,2528798,399427,10195968,25753,"{""thermal_zone0"": 46000, ""thermal_zone1"": 48000}","{""cpu0"": 1600000, ""cpu1"": 1600000, ""cpu2"": 1600000, ""cpu3"": 1600000, ""cpu4"": 1600000, ""cpu5"": 1600000, ""cpu6"": 1600000, ""cpu7"": 1600000}"
