block_range=blk.1..blk.8 block_count=8 attention=MLA_NON_SPLIT_KV ffn=real_sparse_top6_shared geometry=2048
fixtures=dtype:F32 dimensions:[2048,1] token0:one_hot(0) token1:one_hot(1) positions:0,1
block_descriptor block=1 tensor_count=14 namespace_base=10000
block_descriptor block=2 tensor_count=14 namespace_base=20000
block_descriptor block=3 tensor_count=14 namespace_base=30000
block_descriptor block=4 tensor_count=14 namespace_base=40000
block_descriptor block=5 tensor_count=14 namespace_base=50000
block_descriptor block=6 tensor_count=14 namespace_base=60000
block_descriptor block=7 tensor_count=14 namespace_base=70000
block_descriptor block=8 tensor_count=14 namespace_base=80000
mode=late-failure
replacement_policy=COST_AWARE
failure_target_mode=late-failure target_offset=0
poc17_phase name=cold_token0 event_begin=0
attention_timing tensor=blk.1.attn_norm.weight payload_ready_ns=8820953883260 first_consumer_start_ns=8821105253929 payload_to_first_consumer_ns=151370669
attention_timing tensor=blk.1.attn_q.weight payload_ready_ns=8821318935555 first_consumer_start_ns=8821469258709 payload_to_first_consumer_ns=150323154
attention_timing tensor=blk.1.attn_kv_a_mqa.weight payload_ready_ns=8821650255850 first_consumer_start_ns=8821772354757 payload_to_first_consumer_ns=122098907
attention_timing tensor=blk.1.attn_kv_a_norm.weight payload_ready_ns=8821952236454 first_consumer_start_ns=8822087903597 payload_to_first_consumer_ns=135667143
attention_timing tensor=blk.1.attn_kv_b.weight payload_ready_ns=8822268019555 first_consumer_start_ns=8822403126535 payload_to_first_consumer_ns=135106980
attention_timing tensor=blk.1.attn_output.weight payload_ready_ns=8822560652069 first_consumer_start_ns=8822667720664 payload_to_first_consumer_ns=107068595
token0_blk1 position=0 state_k_positions=1 state_v_positions=1 attention_probs=1,1,1,1,1,1,1,1,1,1,1,1,1,1,1,1,
reference_attention position=0 state_k_positions=1 state_v_positions=1 attention_probs=1,1,1,1,1,1,1,1,1,1,1,1,1,1,1,1,
normalized_input_parity max_abs=0 max_rel=0 mean_abs=0 tolerance=1e-5
router_score_parity max_abs=1.43051e-06 max_rel=2.50091e-05 mean_abs=3.50527e-07 tolerance=1e-5
selected_weight_parity max_abs=7.45058e-08 max_rel=9.6258e-07 mean_abs=5.09123e-08 tolerance=1e-5
token0_blk1 topk_ids=56,11,50,34,3,47 normalized_weights=0.314496,0.213122,0.188313,0.119806,0.0868612,0.0774022,
token0_blk1_routed expert_rank=0 expert_id=56 router_rank=0 graph_created=YES graph_refs=gate:0,up:1,down:2 storage_ref_base=10168 score_preserved=YES
token0_blk1_routed expert_id=56 selected_range tensor=blk.1.ffn_gate_exps.weight offset=135303648 bytes=563200 layout=DIRECT
token0_blk1_routed expert_id=56 selected_range tensor=blk.1.ffn_up_exps.weight offset=171348464 bytes=563200 layout=DIRECT
token0_blk1_routed expert_id=56 selected_range tensor=blk.1.ffn_down_exps.weight offset=266686976 bytes=1622016 layout=DIRECT
token0_blk1_routed prefetch expert_id=56 tensor=blk.1.ffn_gate_exps.weight dependency_distance=0
token0_blk1_routed prefetch expert_id=56 tensor=blk.1.ffn_up_exps.weight dependency_distance=0
token0_blk1_routed prefetch expert_id=56 tensor=blk.1.ffn_down_exps.weight dependency_distance=2
expert_parity max_abs=0 max_rel=0 mean_abs=0 tolerance=1e-5
token0_blk1_routed expert_id=56 consumer_wait=not_instrumented acquire_release=recorded peak_active=1622016 peak_resident=6241280
token0_blk1_routed expert_rank=1 expert_id=11 router_rank=1 graph_created=YES graph_refs=gate:0,up:1,down:2 storage_ref_base=10033 score_preserved=YES
token0_blk1_routed expert_id=11 selected_range tensor=blk.1.ffn_gate_exps.weight offset=109959648 bytes=563200 layout=DIRECT
token0_blk1_routed expert_id=11 selected_range tensor=blk.1.ffn_up_exps.weight offset=146004464 bytes=563200 layout=DIRECT
token0_blk1_routed expert_id=11 selected_range tensor=blk.1.ffn_down_exps.weight offset=193696256 bytes=1622016 layout=DIRECT
token0_blk1_routed prefetch expert_id=11 tensor=blk.1.ffn_gate_exps.weight dependency_distance=0
token0_blk1_routed prefetch expert_id=11 tensor=blk.1.ffn_up_exps.weight dependency_distance=0
token0_blk1_routed prefetch expert_id=11 tensor=blk.1.ffn_down_exps.weight dependency_distance=2
expert_parity max_abs=0 max_rel=0 mean_abs=0 tolerance=1e-5
token0_blk1_routed expert_id=11 consumer_wait=not_instrumented acquire_release=recorded peak_active=1622016 peak_resident=8989696
token0_blk1_routed expert_rank=2 expert_id=50 router_rank=2 graph_created=YES graph_refs=gate:0,up:1,down:2 storage_ref_base=10150 score_preserved=YES
token0_blk1_routed expert_id=50 selected_range tensor=blk.1.ffn_gate_exps.weight offset=131924448 bytes=563200 layout=DIRECT
token0_blk1_routed expert_id=50 selected_range tensor=blk.1.ffn_up_exps.weight offset=167969264 bytes=563200 layout=DIRECT
token0_blk1_routed expert_id=50 selected_range tensor=blk.1.ffn_down_exps.weight offset=256954880 bytes=1622016 layout=DIRECT
token0_blk1_routed prefetch expert_id=50 tensor=blk.1.ffn_gate_exps.weight dependency_distance=0
token0_blk1_routed prefetch expert_id=50 tensor=blk.1.ffn_up_exps.weight dependency_distance=0
token0_blk1_routed prefetch expert_id=50 tensor=blk.1.ffn_down_exps.weight dependency_distance=2
expert_parity max_abs=0 max_rel=0 mean_abs=0 tolerance=1e-5
token0_blk1_routed expert_id=50 consumer_wait=not_instrumented acquire_release=recorded peak_active=1622016 peak_resident=11738112
token0_blk1_routed expert_rank=3 expert_id=34 router_rank=3 graph_created=YES graph_refs=gate:0,up:1,down:2 storage_ref_base=10102 score_preserved=YES
token0_blk1_routed expert_id=34 selected_range tensor=blk.1.ffn_gate_exps.weight offset=122913248 bytes=563200 layout=DIRECT
token0_blk1_routed expert_id=34 selected_range tensor=blk.1.ffn_up_exps.weight offset=158958064 bytes=563200 layout=DIRECT
token0_blk1_routed expert_id=34 selected_range tensor=blk.1.ffn_down_exps.weight offset=231002624 bytes=1622016 layout=DIRECT
token0_blk1_routed prefetch expert_id=34 tensor=blk.1.ffn_gate_exps.weight dependency_distance=0
token0_blk1_routed prefetch expert_id=34 tensor=blk.1.ffn_up_exps.weight dependency_distance=0
token0_blk1_routed prefetch expert_id=34 tensor=blk.1.ffn_down_exps.weight dependency_distance=2
expert_parity max_abs=0 max_rel=0 mean_abs=0 tolerance=1e-5
token0_blk1_routed expert_id=34 consumer_wait=not_instrumented acquire_release=recorded peak_active=1622016 peak_resident=14486528
token0_blk1_routed expert_rank=4 expert_id=3 router_rank=4 graph_created=YES graph_refs=gate:0,up:1,down:2 storage_ref_base=10009 score_preserved=YES
token0_blk1_routed expert_id=3 selected_range tensor=blk.1.ffn_gate_exps.weight offset=105454048 bytes=563200 layout=DIRECT
token0_blk1_routed expert_id=3 selected_range tensor=blk.1.ffn_up_exps.weight offset=141498864 bytes=563200 layout=DIRECT
token0_blk1_routed expert_id=3 selected_range tensor=blk.1.ffn_down_exps.weight offset=180720128 bytes=1622016 layout=DIRECT
token0_blk1_routed prefetch expert_id=3 tensor=blk.1.ffn_gate_exps.weight dependency_distance=0
token0_blk1_routed prefetch expert_id=3 tensor=blk.1.ffn_up_exps.weight dependency_distance=0
token0_blk1_routed prefetch expert_id=3 tensor=blk.1.ffn_down_exps.weight dependency_distance=2
expert_parity max_abs=0 max_rel=0 mean_abs=0 tolerance=1e-5
token0_blk1_routed expert_id=3 consumer_wait=not_instrumented acquire_release=recorded peak_active=1622016 peak_resident=17234944
token0_blk1_routed expert_rank=5 expert_id=47 router_rank=5 graph_created=YES graph_refs=gate:0,up:1,down:2 storage_ref_base=10141 score_preserved=YES
token0_blk1_routed expert_id=47 selected_range tensor=blk.1.ffn_gate_exps.weight offset=130234848 bytes=563200 layout=DIRECT
token0_blk1_routed expert_id=47 selected_range tensor=blk.1.ffn_up_exps.weight offset=166279664 bytes=563200 layout=DIRECT
token0_blk1_routed expert_id=47 selected_range tensor=blk.1.ffn_down_exps.weight offset=252088832 bytes=1622016 layout=DIRECT
token0_blk1_routed prefetch expert_id=47 tensor=blk.1.ffn_gate_exps.weight dependency_distance=0
token0_blk1_routed prefetch expert_id=47 tensor=blk.1.ffn_up_exps.weight dependency_distance=0
token0_blk1_routed prefetch expert_id=47 tensor=blk.1.ffn_down_exps.weight dependency_distance=2
expert_parity max_abs=0 max_rel=0 mean_abs=0 tolerance=1e-5
token0_blk1_routed expert_id=47 consumer_wait=not_instrumented acquire_release=recorded peak_active=1622016 peak_resident=19983360
token0_blk1_routed residency_hits=36 residency_misses=42 source_reads=18 materialization_requests=18 source_policy_calls=18 evictions=0 resident_tensors_after=26
routed_merge_parity max_abs=0 max_rel=0 mean_abs=0 tolerance=1e-5
shared_expert_parity max_abs=0 max_rel=0 mean_abs=0 tolerance=1e-5
pre_residual_composition_parity max_abs=0 max_rel=0 mean_abs=0 tolerance=1e-5
final_layer_parity max_abs=0 max_rel=0 mean_abs=0 tolerance=1e-5
token0_blk1 shared_expert=REQUIRED shared_graph_created=YES residual_add=YES final_composition=PASS
ffn_timing tensor=blk.1.ffn_gate_inp.weight payload_ready_ns=8823127579153 first_consumer_start_ns=8823242059729 payload_to_first_consumer_ns=114480576
ffn_timing tensor=blk.1.ffn_gate_shexp.weight payload_ready_ns=8828446080901 first_consumer_start_ns=8828554056181 payload_to_first_consumer_ns=107975280
ffn_timing tensor=blk.1.ffn_gate_exps.weight payload_ready_ns=8823423315901 first_consumer_start_ns=8823538934312 payload_to_first_consumer_ns=115618411
token0_blk1 full_layer_residency_hits=46 misses=51 evictions=0 source_reads=23 source_bytes=21168128 materialization_requests=23 resident_tensors_after=29
token0_blk1 full_layer_peak_active_persistent_bytes=1892352 full_layer_peak_resident_bytes=24128512
token0_blk1 first_payload_to_shared_compute_start_ns=5512475982 execution_ready_to_consumer_ns=NOT_INSTRUMENTED payload_to_first_useful_compute=NOT_INSTRUMENTED
normalized_input_parity max_abs=0 max_rel=0 mean_abs=0 tolerance=1e-5
router_score_parity max_abs=1.43051e-06 max_rel=2.50091e-05 mean_abs=3.50527e-07 tolerance=1e-5
selected_weight_parity max_abs=7.45058e-08 max_rel=9.6258e-07 mean_abs=5.09123e-08 tolerance=1e-5
reference_token0_blk1 topk_ids=56,11,50,34,3,47 normalized_weights=0.314496,0.213122,0.188313,0.119806,0.0868612,0.0774022,
reference_token0_blk1_routed expert_rank=0 expert_id=56 router_rank=0 graph_created=YES graph_refs=gate:0,up:1,down:2 storage_ref_base=10168 score_preserved=YES
reference_token0_blk1_routed expert_id=56 selected_range tensor=blk.1.ffn_gate_exps.weight offset=135303648 bytes=563200 layout=DIRECT
reference_token0_blk1_routed expert_id=56 selected_range tensor=blk.1.ffn_up_exps.weight offset=171348464 bytes=563200 layout=DIRECT
reference_token0_blk1_routed expert_id=56 selected_range tensor=blk.1.ffn_down_exps.weight offset=266686976 bytes=1622016 layout=DIRECT
reference_token0_blk1_routed prefetch expert_id=56 tensor=blk.1.ffn_gate_exps.weight dependency_distance=0
reference_token0_blk1_routed prefetch expert_id=56 tensor=blk.1.ffn_up_exps.weight dependency_distance=0
reference_token0_blk1_routed prefetch expert_id=56 tensor=blk.1.ffn_down_exps.weight dependency_distance=2
expert_parity max_abs=0 max_rel=0 mean_abs=0 tolerance=1e-5
reference_token0_blk1_routed expert_id=56 consumer_wait=not_instrumented acquire_release=recorded peak_active=1622016 peak_resident=3280896
reference_token0_blk1_routed expert_rank=1 expert_id=11 router_rank=1 graph_created=YES graph_refs=gate:0,up:1,down:2 storage_ref_base=10033 score_preserved=YES
reference_token0_blk1_routed expert_id=11 selected_range tensor=blk.1.ffn_gate_exps.weight offset=109959648 bytes=563200 layout=DIRECT
reference_token0_blk1_routed expert_id=11 selected_range tensor=blk.1.ffn_up_exps.weight offset=146004464 bytes=563200 layout=DIRECT
reference_token0_blk1_routed expert_id=11 selected_range tensor=blk.1.ffn_down_exps.weight offset=193696256 bytes=1622016 layout=DIRECT
reference_token0_blk1_routed prefetch expert_id=11 tensor=blk.1.ffn_gate_exps.weight dependency_distance=0
reference_token0_blk1_routed prefetch expert_id=11 tensor=blk.1.ffn_up_exps.weight dependency_distance=0
reference_token0_blk1_routed prefetch expert_id=11 tensor=blk.1.ffn_down_exps.weight dependency_distance=2
expert_parity max_abs=0 max_rel=0 mean_abs=0 tolerance=1e-5
reference_token0_blk1_routed expert_id=11 consumer_wait=not_instrumented acquire_release=recorded peak_active=1622016 peak_resident=6029312
reference_token0_blk1_routed expert_rank=2 expert_id=50 router_rank=2 graph_created=YES graph_refs=gate:0,up:1,down:2 storage_ref_base=10150 score_preserved=YES
reference_token0_blk1_routed expert_id=50 selected_range tensor=blk.1.ffn_gate_exps.weight offset=131924448 bytes=563200 layout=DIRECT
reference_token0_blk1_routed expert_id=50 selected_range tensor=blk.1.ffn_up_exps.weight offset=167969264 bytes=563200 layout=DIRECT
reference_token0_blk1_routed expert_id=50 selected_range tensor=blk.1.ffn_down_exps.weight offset=256954880 bytes=1622016 layout=DIRECT
reference_token0_blk1_routed prefetch expert_id=50 tensor=blk.1.ffn_gate_exps.weight dependency_distance=0
reference_token0_blk1_routed prefetch expert_id=50 tensor=blk.1.ffn_up_exps.weight dependency_distance=0
reference_token0_blk1_routed prefetch expert_id=50 tensor=blk.1.ffn_down_exps.weight dependency_distance=2
expert_parity max_abs=0 max_rel=0 mean_abs=0 tolerance=1e-5
reference_token0_blk1_routed expert_id=50 consumer_wait=not_instrumented acquire_release=recorded peak_active=1622016 peak_resident=8245248
reference_token0_blk1_routed expert_rank=3 expert_id=34 router_rank=3 graph_created=YES graph_refs=gate:0,up:1,down:2 storage_ref_base=10102 score_preserved=YES
reference_token0_blk1_routed expert_id=34 selected_range tensor=blk.1.ffn_gate_exps.weight offset=122913248 bytes=563200 layout=DIRECT
reference_token0_blk1_routed expert_id=34 selected_range tensor=blk.1.ffn_up_exps.weight offset=158958064 bytes=563200 layout=DIRECT
reference_token0_blk1_routed expert_id=34 selected_range tensor=blk.1.ffn_down_exps.weight offset=231002624 bytes=1622016 layout=DIRECT
reference_token0_blk1_routed prefetch expert_id=34 tensor=blk.1.ffn_gate_exps.weight dependency_distance=0
reference_token0_blk1_routed prefetch expert_id=34 tensor=blk.1.ffn_up_exps.weight dependency_distance=0
reference_token0_blk1_routed prefetch expert_id=34 tensor=blk.1.ffn_down_exps.weight dependency_distance=2
expert_parity max_abs=0 max_rel=0 mean_abs=0 tolerance=1e-5
reference_token0_blk1_routed expert_id=34 consumer_wait=not_instrumented acquire_release=recorded peak_active=1622016 peak_resident=8245248
reference_token0_blk1_routed expert_rank=4 expert_id=3 router_rank=4 graph_created=YES graph_refs=gate:0,up:1,down:2 storage_ref_base=10009 score_preserved=YES
reference_token0_blk1_routed expert_id=3 selected_range tensor=blk.1.ffn_gate_exps.weight offset=105454048 bytes=563200 layout=DIRECT
reference_token0_blk1_routed expert_id=3 selected_range tensor=blk.1.ffn_up_exps.weight offset=141498864 bytes=563200 layout=DIRECT
reference_token0_blk1_routed expert_id=3 selected_range tensor=blk.1.ffn_down_exps.weight offset=180720128 bytes=1622016 layout=DIRECT
reference_token0_blk1_routed prefetch expert_id=3 tensor=blk.1.ffn_gate_exps.weight dependency_distance=0
reference_token0_blk1_routed prefetch expert_id=3 tensor=blk.1.ffn_up_exps.weight dependency_distance=0
reference_token0_blk1_routed prefetch expert_id=3 tensor=blk.1.ffn_down_exps.weight dependency_distance=2
expert_parity max_abs=0 max_rel=0 mean_abs=0 tolerance=1e-5
reference_token0_blk1_routed expert_id=3 consumer_wait=not_instrumented acquire_release=recorded peak_active=1622016 peak_resident=8245248
reference_token0_blk1_routed expert_rank=5 expert_id=47 router_rank=5 graph_created=YES graph_refs=gate:0,up:1,down:2 storage_ref_base=10141 score_preserved=YES
reference_token0_blk1_routed expert_id=47 selected_range tensor=blk.1.ffn_gate_exps.weight offset=130234848 bytes=563200 layout=DIRECT
reference_token0_blk1_routed expert_id=47 selected_range tensor=blk.1.ffn_up_exps.weight offset=166279664 bytes=563200 layout=DIRECT
reference_token0_blk1_routed expert_id=47 selected_range tensor=blk.1.ffn_down_exps.weight offset=252088832 bytes=1622016 layout=DIRECT
reference_token0_blk1_routed prefetch expert_id=47 tensor=blk.1.ffn_gate_exps.weight dependency_distance=0
reference_token0_blk1_routed prefetch expert_id=47 tensor=blk.1.ffn_up_exps.weight dependency_distance=0
reference_token0_blk1_routed prefetch expert_id=47 tensor=blk.1.ffn_down_exps.weight dependency_distance=2
expert_parity max_abs=0 max_rel=0 mean_abs=0 tolerance=1e-5
reference_token0_blk1_routed expert_id=47 consumer_wait=not_instrumented acquire_release=recorded peak_active=1622016 peak_resident=8245248
reference_token0_blk1_routed residency_hits=36 residency_misses=42 source_reads=18 materialization_requests=18 source_policy_calls=18 evictions=11 resident_tensors_after=9
routed_merge_parity max_abs=0 max_rel=0 mean_abs=0 tolerance=1e-5
shared_expert_parity max_abs=0 max_rel=0 mean_abs=0 tolerance=1e-5
pre_residual_composition_parity max_abs=0 max_rel=0 mean_abs=0 tolerance=1e-5
final_layer_parity max_abs=0 max_rel=0 mean_abs=0 tolerance=1e-5
reference_token0_blk1 shared_expert=REQUIRED shared_graph_created=YES residual_add=YES final_composition=PASS
ffn_timing tensor=blk.1.ffn_gate_inp.weight payload_ready_ns=8829568018405 first_consumer_start_ns=8829676678947 payload_to_first_consumer_ns=108660542
ffn_timing tensor=blk.1.ffn_gate_shexp.weight payload_ready_ns=8834774693936 first_consumer_start_ns=8834882111055 payload_to_first_consumer_ns=107417119
ffn_timing tensor=blk.1.ffn_gate_exps.weight payload_ready_ns=8829856159815 first_consumer_start_ns=8829962729879 payload_to_first_consumer_ns=106570064
reference_token0_blk1 full_layer_residency_hits=46 misses=51 evictions=17 source_reads=23 source_bytes=21168128 materialization_requests=23 resident_tensors_after=6
reference_token0_blk1 full_layer_peak_active_persistent_bytes=1892352 full_layer_peak_resident_bytes=8245248
reference_token0_blk1 first_payload_to_shared_compute_start_ns=5449285581 execution_ready_to_consumer_ns=NOT_INSTRUMENTED payload_to_first_useful_compute=NOT_INSTRUMENTED
token0_blk1_attention_parity max_abs=0 max_rel=0 mean_abs=0 tolerance=1e-5
token0_blk1_block_parity max_abs=0 max_rel=0 mean_abs=0 tolerance=1e-5
token0 block_handoff block=2 handoff_ns=53920 activation_copy_bytes=0
attention_timing tensor=blk.1.attn_norm.weight payload_ready_ns=8820953883260 first_consumer_start_ns=8835606600662 payload_to_first_consumer_ns=14652717402
attention_timing tensor=blk.1.attn_q.weight payload_ready_ns=8821318935555 first_consumer_start_ns=8835885948710 payload_to_first_consumer_ns=14567013155
attention_timing tensor=blk.1.attn_kv_a_mqa.weight payload_ready_ns=8821650255850 first_consumer_start_ns=8836173525692 payload_to_first_consumer_ns=14523269842
attention_timing tensor=blk.1.attn_kv_a_norm.weight payload_ready_ns=8821952236454 first_consumer_start_ns=8836457367788 payload_to_first_consumer_ns=14505131334
attention_timing tensor=blk.1.attn_kv_b.weight payload_ready_ns=8822268019555 first_consumer_start_ns=8836738246512 payload_to_first_consumer_ns=14470226957
attention_timing tensor=blk.1.attn_output.weight payload_ready_ns=8822560652069 first_consumer_start_ns=8837017978072 payload_to_first_consumer_ns=14457326003
token0_blk2 position=0 state_k_positions=1 state_v_positions=1 attention_probs=1,1,1,1,1,1,1,1,1,1,1,1,1,1,1,1,
reference_attention position=0 state_k_positions=1 state_v_positions=1 attention_probs=1,1,1,1,1,1,1,1,1,1,1,1,1,1,1,1,
normalized_input_parity max_abs=0 max_rel=0 mean_abs=0 tolerance=1e-5
router_score_parity max_abs=1.66893e-06 max_rel=5.85471e-06 mean_abs=4.32396e-07 tolerance=1e-5
selected_weight_parity max_abs=1.78814e-07 max_rel=1.10721e-06 mean_abs=1.16726e-07 tolerance=1e-5
token0_blk2 topk_ids=18,37,53,44,23,61 normalized_weights=0.364895,0.165983,0.145671,0.134583,0.100169,0.0887,
token0_blk2_routed expert_rank=0 expert_id=18 router_rank=0 graph_created=YES graph_refs=gate:0,up:1,down:2 storage_ref_base=20054 score_preserved=YES
token0_blk2_routed expert_id=18 selected_range tensor=blk.1.ffn_gate_exps.weight offset=296672936 bytes=563200 layout=DIRECT
token0_blk2_routed expert_id=18 selected_range tensor=blk.1.ffn_up_exps.weight offset=332717752 bytes=563200 layout=DIRECT
token0_blk2_routed expert_id=18 selected_range tensor=blk.1.ffn_down_exps.weight offset=387821256 bytes=1622016 layout=DIRECT
token0_blk2_routed prefetch expert_id=18 tensor=blk.1.ffn_gate_exps.weight dependency_distance=0
token0_blk2_routed prefetch expert_id=18 tensor=blk.1.ffn_up_exps.weight dependency_distance=0
token0_blk2_routed prefetch expert_id=18 tensor=blk.1.ffn_down_exps.weight dependency_distance=2
expert_parity max_abs=0 max_rel=0 mean_abs=0 tolerance=1e-5
token0_blk2_routed expert_id=18 consumer_wait=not_instrumented acquire_release=recorded peak_active=1622016 peak_resident=30369792
token0_blk2_routed expert_rank=1 expert_id=37 router_rank=1 graph_created=YES graph_refs=gate:0,up:1,down:2 storage_ref_base=20111 score_preserved=YES
token0_blk2_routed expert_id=37 selected_range tensor=blk.1.ffn_gate_exps.weight offset=307373736 bytes=563200 layout=DIRECT
token0_blk2_routed expert_id=37 selected_range tensor=blk.1.ffn_up_exps.weight offset=343418552 bytes=563200 layout=DIRECT
token0_blk2_routed expert_id=37 selected_range tensor=blk.1.ffn_down_exps.weight offset=418639560 bytes=1622016 layout=DIRECT
token0_blk2_routed prefetch expert_id=37 tensor=blk.1.ffn_gate_exps.weight dependency_distance=0
token0_blk2_routed prefetch expert_id=37 tensor=blk.1.ffn_up_exps.weight dependency_distance=0
token0_blk2_routed prefetch expert_id=37 tensor=blk.1.ffn_down_exps.weight dependency_distance=2
expert_parity max_abs=0 max_rel=0 mean_abs=0 tolerance=1e-5
token0_blk2_routed expert_id=37 consumer_wait=not_instrumented acquire_release=recorded peak_active=1622016 peak_resident=33118208
token0_blk2_routed expert_rank=2 expert_id=53 router_rank=2 graph_created=YES graph_refs=gate:0,up:1,down:2 storage_ref_base=20159 score_preserved=YES
token0_blk2_routed expert_id=53 selected_range tensor=blk.1.ffn_gate_exps.weight offset=316384936 bytes=563200 layout=DIRECT
token0_blk2_routed expert_id=53 selected_range tensor=blk.1.ffn_up_exps.weight offset=352429752 bytes=563200 layout=DIRECT
token0_blk2_routed expert_id=53 selected_range tensor=blk.1.ffn_down_exps.weight offset=444591816 bytes=1622016 layout=DIRECT
token0_blk2_routed prefetch expert_id=53 tensor=blk.1.ffn_gate_exps.weight dependency_distance=0
token0_blk2_routed prefetch expert_id=53 tensor=blk.1.ffn_up_exps.weight dependency_distance=0
token0_blk2_routed prefetch expert_id=53 tensor=blk.1.ffn_down_exps.weight dependency_distance=2
expert_parity max_abs=0 max_rel=0 mean_abs=0 tolerance=1e-5
token0_blk2_routed expert_id=53 consumer_wait=not_instrumented acquire_release=recorded peak_active=1622016 peak_resident=35866624
token0_blk2_routed expert_rank=3 expert_id=44 router_rank=3 graph_created=YES graph_refs=gate:0,up:1,down:2 storage_ref_base=20132 score_preserved=YES
token0_blk2_routed expert_id=44 selected_range tensor=blk.1.ffn_gate_exps.weight offset=311316136 bytes=563200 layout=DIRECT
token0_blk2_routed expert_id=44 selected_range tensor=blk.1.ffn_up_exps.weight offset=347360952 bytes=563200 layout=DIRECT
token0_blk2_routed expert_id=44 selected_range tensor=blk.1.ffn_down_exps.weight offset=429993672 bytes=1622016 layout=DIRECT
token0_blk2_routed prefetch expert_id=44 tensor=blk.1.ffn_gate_exps.weight dependency_distance=0
token0_blk2_routed prefetch expert_id=44 tensor=blk.1.ffn_up_exps.weight dependency_distance=0
token0_blk2_routed prefetch expert_id=44 tensor=blk.1.ffn_down_exps.weight dependency_distance=2
expert_parity max_abs=0 max_rel=0 mean_abs=0 tolerance=1e-5
token0_blk2_routed expert_id=44 consumer_wait=not_instrumented acquire_release=recorded peak_active=1622016 peak_resident=38615040
token0_blk2_routed expert_rank=4 expert_id=23 router_rank=4 graph_created=YES graph_refs=gate:0,up:1,down:2 storage_ref_base=20069 score_preserved=YES
token0_blk2_routed expert_id=23 selected_range tensor=blk.1.ffn_gate_exps.weight offset=299488936 bytes=563200 layout=DIRECT
token0_blk2_routed expert_id=23 selected_range tensor=blk.1.ffn_up_exps.weight offset=335533752 bytes=563200 layout=DIRECT
token0_blk2_routed expert_id=23 selected_range tensor=blk.1.ffn_down_exps.weight offset=395931336 bytes=1622016 layout=DIRECT
token0_blk2_routed prefetch expert_id=23 tensor=blk.1.ffn_gate_exps.weight dependency_distance=0
token0_blk2_routed prefetch expert_id=23 tensor=blk.1.ffn_up_exps.weight dependency_distance=0
token0_blk2_routed prefetch expert_id=23 tensor=blk.1.ffn_down_exps.weight dependency_distance=2
expert_parity max_abs=0 max_rel=0 mean_abs=0 tolerance=1e-5
token0_blk2_routed expert_id=23 consumer_wait=not_instrumented acquire_release=recorded peak_active=1622016 peak_resident=41363456
token0_blk2_routed expert_rank=5 expert_id=61 router_rank=5 graph_created=YES graph_refs=gate:0,up:1,down:2 storage_ref_base=20183 score_preserved=YES
token0_blk2_routed expert_id=61 selected_range tensor=blk.1.ffn_gate_exps.weight offset=320890536 bytes=563200 layout=DIRECT
token0_blk2_routed expert_id=61 selected_range tensor=blk.1.ffn_up_exps.weight offset=356935352 bytes=563200 layout=DIRECT
token0_blk2_routed expert_id=61 selected_range tensor=blk.1.ffn_down_exps.weight offset=457567944 bytes=1622016 layout=DIRECT
token0_blk2_routed prefetch expert_id=61 tensor=blk.1.ffn_gate_exps.weight dependency_distance=0
token0_blk2_routed prefetch expert_id=61 tensor=blk.1.ffn_up_exps.weight dependency_distance=0
token0_blk2_routed prefetch expert_id=61 tensor=blk.1.ffn_down_exps.weight dependency_distance=2
expert_parity max_abs=0 max_rel=0 mean_abs=0 tolerance=1e-5
token0_blk2_routed expert_id=61 consumer_wait=not_instrumented acquire_release=recorded peak_active=1622016 peak_resident=44111872
token0_blk2_routed residency_hits=36 residency_misses=42 source_reads=18 materialization_requests=18 source_policy_calls=18 evictions=0 resident_tensors_after=55
routed_merge_parity max_abs=0 max_rel=0 mean_abs=0 tolerance=1e-5
shared_expert_parity max_abs=0 max_rel=0 mean_abs=0 tolerance=1e-5
pre_residual_composition_parity max_abs=0 max_rel=0 mean_abs=0 tolerance=1e-5
final_layer_parity max_abs=0 max_rel=0 mean_abs=0 tolerance=1e-5
token0_blk2 shared_expert=REQUIRED shared_graph_created=YES residual_add=YES final_composition=PASS
ffn_timing tensor=blk.1.ffn_gate_inp.weight payload_ready_ns=8837376538822 first_consumer_start_ns=8837455153680 payload_to_first_consumer_ns=78614858
ffn_timing tensor=blk.1.ffn_gate_shexp.weight payload_ready_ns=8841645363395 first_consumer_start_ns=8841751250338 payload_to_first_consumer_ns=105886943
ffn_timing tensor=blk.1.ffn_gate_exps.weight payload_ready_ns=8837575913065 first_consumer_start_ns=8837667508709 payload_to_first_consumer_ns=91595644
token0_blk2 full_layer_residency_hits=46 misses=51 evictions=0 source_reads=23 source_bytes=20402176 materialization_requests=23 resident_tensors_after=58
token0_blk2 full_layer_peak_active_persistent_bytes=1622016 full_layer_peak_resident_bytes=47491072
token0_blk2 first_payload_to_shared_compute_start_ns=4412506123 execution_ready_to_consumer_ns=NOT_INSTRUMENTED payload_to_first_useful_compute=NOT_INSTRUMENTED
normalized_input_parity max_abs=0 max_rel=0 mean_abs=0 tolerance=1e-5
router_score_parity max_abs=1.66893e-06 max_rel=5.85471e-06 mean_abs=4.32396e-07 tolerance=1e-5
selected_weight_parity max_abs=1.78814e-07 max_rel=1.10721e-06 mean_abs=1.16726e-07 tolerance=1e-5
reference_token0_blk2 topk_ids=18,37,53,44,23,61 normalized_weights=0.364895,0.165983,0.145671,0.134583,0.100169,0.0887,
reference_token0_blk2_routed expert_rank=0 expert_id=18 router_rank=0 graph_created=YES graph_refs=gate:0,up:1,down:2 storage_ref_base=20054 score_preserved=YES
reference_token0_blk2_routed expert_id=18 selected_range tensor=blk.1.ffn_gate_exps.weight offset=296672936 bytes=563200 layout=DIRECT
reference_token0_blk2_routed expert_id=18 selected_range tensor=blk.1.ffn_up_exps.weight offset=332717752 bytes=563200 layout=DIRECT
reference_token0_blk2_routed expert_id=18 selected_range tensor=blk.1.ffn_down_exps.weight offset=387821256 bytes=1622016 layout=DIRECT
reference_token0_blk2_routed prefetch expert_id=18 tensor=blk.1.ffn_gate_exps.weight dependency_distance=0
reference_token0_blk2_routed prefetch expert_id=18 tensor=blk.1.ffn_up_exps.weight dependency_distance=0
reference_token0_blk2_routed prefetch expert_id=18 tensor=blk.1.ffn_down_exps.weight dependency_distance=2
expert_parity max_abs=0 max_rel=0 mean_abs=0 tolerance=1e-5
reference_token0_blk2_routed expert_id=18 consumer_wait=not_instrumented acquire_release=recorded peak_active=1622016 peak_resident=3280896
reference_token0_blk2_routed expert_rank=1 expert_id=37 router_rank=1 graph_created=YES graph_refs=gate:0,up:1,down:2 storage_ref_base=20111 score_preserved=YES
reference_token0_blk2_routed expert_id=37 selected_range tensor=blk.1.ffn_gate_exps.weight offset=307373736 bytes=563200 layout=DIRECT
reference_token0_blk2_routed expert_id=37 selected_range tensor=blk.1.ffn_up_exps.weight offset=343418552 bytes=563200 layout=DIRECT
reference_token0_blk2_routed expert_id=37 selected_range tensor=blk.1.ffn_down_exps.weight offset=418639560 bytes=1622016 layout=DIRECT
reference_token0_blk2_routed prefetch expert_id=37 tensor=blk.1.ffn_gate_exps.weight dependency_distance=0
reference_token0_blk2_routed prefetch expert_id=37 tensor=blk.1.ffn_up_exps.weight dependency_distance=0
reference_token0_blk2_routed prefetch expert_id=37 tensor=blk.1.ffn_down_exps.weight dependency_distance=2
expert_parity max_abs=0 max_rel=0 mean_abs=0 tolerance=1e-5
reference_token0_blk2_routed expert_id=37 consumer_wait=not_instrumented acquire_release=recorded peak_active=1622016 peak_resident=6029312
reference_token0_blk2_routed expert_rank=2 expert_id=53 router_rank=2 graph_created=YES graph_refs=gate:0,up:1,down:2 storage_ref_base=20159 score_preserved=YES
reference_token0_blk2_routed expert_id=53 selected_range tensor=blk.1.ffn_gate_exps.weight offset=316384936 bytes=563200 layout=DIRECT
reference_token0_blk2_routed expert_id=53 selected_range tensor=blk.1.ffn_up_exps.weight offset=352429752 bytes=563200 layout=DIRECT
reference_token0_blk2_routed expert_id=53 selected_range tensor=blk.1.ffn_down_exps.weight offset=444591816 bytes=1622016 layout=DIRECT
reference_token0_blk2_routed prefetch expert_id=53 tensor=blk.1.ffn_gate_exps.weight dependency_distance=0
reference_token0_blk2_routed prefetch expert_id=53 tensor=blk.1.ffn_up_exps.weight dependency_distance=0
reference_token0_blk2_routed prefetch expert_id=53 tensor=blk.1.ffn_down_exps.weight dependency_distance=2
expert_parity max_abs=0 max_rel=0 mean_abs=0 tolerance=1e-5
reference_token0_blk2_routed expert_id=53 consumer_wait=not_instrumented acquire_release=recorded peak_active=1622016 peak_resident=8245248
reference_token0_blk2_routed expert_rank=3 expert_id=44 router_rank=3 graph_created=YES graph_refs=gate:0,up:1,down:2 storage_ref_base=20132 score_preserved=YES
reference_token0_blk2_routed expert_id=44 selected_range tensor=blk.1.ffn_gate_exps.weight offset=311316136 bytes=563200 layout=DIRECT
reference_token0_blk2_routed expert_id=44 selected_range tensor=blk.1.ffn_up_exps.weight offset=347360952 bytes=563200 layout=DIRECT
reference_token0_blk2_routed expert_id=44 selected_range tensor=blk.1.ffn_down_exps.weight offset=429993672 bytes=1622016 layout=DIRECT
reference_token0_blk2_routed prefetch expert_id=44 tensor=blk.1.ffn_gate_exps.weight dependency_distance=0
reference_token0_blk2_routed prefetch expert_id=44 tensor=blk.1.ffn_up_exps.weight dependency_distance=0
reference_token0_blk2_routed prefetch expert_id=44 tensor=blk.1.ffn_down_exps.weight dependency_distance=2
expert_parity max_abs=0 max_rel=0 mean_abs=0 tolerance=1e-5
reference_token0_blk2_routed expert_id=44 consumer_wait=not_instrumented acquire_release=recorded peak_active=1622016 peak_resident=8245248
reference_token0_blk2_routed expert_rank=4 expert_id=23 router_rank=4 graph_created=YES graph_refs=gate:0,up:1,down:2 storage_ref_base=20069 score_preserved=YES
reference_token0_blk2_routed expert_id=23 selected_range tensor=blk.1.ffn_gate_exps.weight offset=299488936 bytes=563200 layout=DIRECT
reference_token0_blk2_routed expert_id=23 selected_range tensor=blk.1.ffn_up_exps.weight offset=335533752 bytes=563200 layout=DIRECT
reference_token0_blk2_routed expert_id=23 selected_range tensor=blk.1.ffn_down_exps.weight offset=395931336 bytes=1622016 layout=DIRECT
reference_token0_blk2_routed prefetch expert_id=23 tensor=blk.1.ffn_gate_exps.weight dependency_distance=0
reference_token0_blk2_routed prefetch expert_id=23 tensor=blk.1.ffn_up_exps.weight dependency_distance=0
reference_token0_blk2_routed prefetch expert_id=23 tensor=blk.1.ffn_down_exps.weight dependency_distance=2
expert_parity max_abs=0 max_rel=0 mean_abs=0 tolerance=1e-5
reference_token0_blk2_routed expert_id=23 consumer_wait=not_instrumented acquire_release=recorded peak_active=1622016 peak_resident=8245248
reference_token0_blk2_routed expert_rank=5 expert_id=61 router_rank=5 graph_created=YES graph_refs=gate:0,up:1,down:2 storage_ref_base=20183 score_preserved=YES
reference_token0_blk2_routed expert_id=61 selected_range tensor=blk.1.ffn_gate_exps.weight offset=320890536 bytes=563200 layout=DIRECT
reference_token0_blk2_routed expert_id=61 selected_range tensor=blk.1.ffn_up_exps.weight offset=356935352 bytes=563200 layout=DIRECT
reference_token0_blk2_routed expert_id=61 selected_range tensor=blk.1.ffn_down_exps.weight offset=457567944 bytes=1622016 layout=DIRECT
reference_token0_blk2_routed prefetch expert_id=61 tensor=blk.1.ffn_gate_exps.weight dependency_distance=0
reference_token0_blk2_routed prefetch expert_id=61 tensor=blk.1.ffn_up_exps.weight dependency_distance=0
reference_token0_blk2_routed prefetch expert_id=61 tensor=blk.1.ffn_down_exps.weight dependency_distance=2
expert_parity max_abs=0 max_rel=0 mean_abs=0 tolerance=1e-5
reference_token0_blk2_routed expert_id=61 consumer_wait=not_instrumented acquire_release=recorded peak_active=1622016 peak_resident=8245248
reference_token0_blk2_routed residency_hits=36 residency_misses=42 source_reads=18 materialization_requests=18 source_policy_calls=18 evictions=11 resident_tensors_after=9
routed_merge_parity max_abs=0 max_rel=0 mean_abs=0 tolerance=1e-5
shared_expert_parity max_abs=0 max_rel=0 mean_abs=0 tolerance=1e-5
pre_residual_composition_parity max_abs=0 max_rel=0 mean_abs=0 tolerance=1e-5
final_layer_parity max_abs=0 max_rel=0 mean_abs=0 tolerance=1e-5
reference_token0_blk2 shared_expert=REQUIRED shared_graph_created=YES residual_add=YES final_composition=PASS
ffn_timing tensor=blk.1.ffn_gate_inp.weight payload_ready_ns=8842772726731 first_consumer_start_ns=8842889633221 payload_to_first_consumer_ns=116906490
ffn_timing tensor=blk.1.ffn_gate_shexp.weight payload_ready_ns=8848064672322 first_consumer_start_ns=8848170272156 payload_to_first_consumer_ns=105599834
ffn_timing tensor=blk.1.ffn_gate_exps.weight payload_ready_ns=8843075711921 first_consumer_start_ns=8843191161166 payload_to_first_consumer_ns=115449245
reference_token0_blk2 full_layer_residency_hits=46 misses=51 evictions=15 source_reads=23 source_bytes=20402176 materialization_requests=23 resident_tensors_after=8
reference_token0_blk2 full_layer_peak_active_persistent_bytes=1622016 full_layer_peak_resident_bytes=8312832
reference_token0_blk2 first_payload_to_shared_compute_start_ns=5510554306 execution_ready_to_consumer_ns=NOT_INSTRUMENTED payload_to_first_useful_compute=NOT_INSTRUMENTED
token0_blk2_attention_parity max_abs=0 max_rel=0 mean_abs=0 tolerance=1e-5
token0_blk2_block_parity max_abs=0 max_rel=0 mean_abs=0 tolerance=1e-5
token0 block_handoff block=3 handoff_ns=49321 activation_copy_bytes=0
attention_timing tensor=blk.1.attn_norm.weight payload_ready_ns=8820953883260 first_consumer_start_ns=8849002974767 payload_to_first_consumer_ns=28049091507
attention_timing tensor=blk.1.attn_q.weight payload_ready_ns=8821318935555 first_consumer_start_ns=8849273168564 payload_to_first_consumer_ns=27954233009
attention_timing tensor=blk.1.attn_kv_a_mqa.weight payload_ready_ns=8821650255850 first_consumer_start_ns=8849553623553 payload_to_first_consumer_ns=27903367703
attention_timing tensor=blk.1.attn_kv_a_norm.weight payload_ready_ns=8821952236454 first_consumer_start_ns=8849835023997 payload_to_first_consumer_ns=27882787543
attention_timing tensor=blk.1.attn_kv_b.weight payload_ready_ns=8822268019555 first_consumer_start_ns=8850117724247 payload_to_first_consumer_ns=27849704692
attention_timing tensor=blk.1.attn_output.weight payload_ready_ns=8822560652069 first_consumer_start_ns=8850386699229 payload_to_first_consumer_ns=27826047160
token0_blk3 position=0 state_k_positions=1 state_v_positions=1 attention_probs=1,1,1,1,1,1,1,1,1,1,1,1,1,1,1,1,
reference_attention position=0 state_k_positions=1 state_v_positions=1 attention_probs=1,1,1,1,1,1,1,1,1,1,1,1,1,1,1,1,
normalized_input_parity max_abs=0 max_rel=0 mean_abs=0 tolerance=1e-5
router_score_parity max_abs=2.14577e-06 max_rel=1.87992e-05 mean_abs=3.23213e-07 tolerance=1e-5
selected_weight_parity max_abs=1.19209e-07 max_rel=9.10917e-07 mean_abs=6.95388e-08 tolerance=1e-5
token0_blk3 topk_ids=60,2,19,35,9,53 normalized_weights=0.298484,0.190562,0.142057,0.131884,0.122504,0.114509,
token0_blk3_routed expert_rank=0 expert_id=60 router_rank=0 graph_created=YES graph_refs=gate:0,up:1,down:2 storage_ref_base=30180 score_preserved=YES
token0_blk3_routed expert_id=60 selected_range tensor=blk.1.ffn_gate_exps.weight offset=503098224 bytes=563200 layout=DIRECT
token0_blk3_routed expert_id=60 selected_range tensor=blk.1.ffn_up_exps.weight offset=539143040 bytes=563200 layout=DIRECT
token0_blk3_routed expert_id=60 selected_range tensor=blk.1.ffn_down_exps.weight offset=638716816 bytes=1622016 layout=DIRECT
token0_blk3_routed prefetch expert_id=60 tensor=blk.1.ffn_gate_exps.weight dependency_distance=0
token0_blk3_routed prefetch expert_id=60 tensor=blk.1.ffn_up_exps.weight dependency_distance=0
token0_blk3_routed prefetch expert_id=60 tensor=blk.1.ffn_down_exps.weight dependency_distance=2
expert_parity max_abs=0 max_rel=0 mean_abs=0 tolerance=1e-5
token0_blk3_routed expert_id=60 consumer_wait=not_instrumented acquire_release=recorded peak_active=1622016 peak_resident=53732352
token0_blk3_routed expert_rank=1 expert_id=2 router_rank=1 graph_created=YES graph_refs=gate:0,up:1,down:2 storage_ref_base=30006 score_preserved=YES
token0_blk3_routed expert_id=2 selected_range tensor=blk.1.ffn_gate_exps.weight offset=470432624 bytes=563200 layout=DIRECT
token0_blk3_routed expert_id=2 selected_range tensor=blk.1.ffn_up_exps.weight offset=506477440 bytes=563200 layout=DIRECT
token0_blk3_routed expert_id=2 selected_range tensor=blk.1.ffn_down_exps.weight offset=544639888 bytes=1622016 layout=DIRECT
token0_blk3_routed prefetch expert_id=2 tensor=blk.1.ffn_gate_exps.weight dependency_distance=0
token0_blk3_routed prefetch expert_id=2 tensor=blk.1.ffn_up_exps.weight dependency_distance=0
token0_blk3_routed prefetch expert_id=2 tensor=blk.1.ffn_down_exps.weight dependency_distance=2
expert_parity max_abs=0 max_rel=0 mean_abs=0 tolerance=1e-5
token0_blk3_routed expert_id=2 consumer_wait=not_instrumented acquire_release=recorded peak_active=1622016 peak_resident=56480768
token0_blk3_routed expert_rank=2 expert_id=19 router_rank=2 graph_created=YES graph_refs=gate:0,up:1,down:2 storage_ref_base=30057 score_preserved=YES
token0_blk3_routed expert_id=19 selected_range tensor=blk.1.ffn_gate_exps.weight offset=480007024 bytes=563200 layout=DIRECT
token0_blk3_routed expert_id=19 selected_range tensor=blk.1.ffn_up_exps.weight offset=516051840 bytes=563200 layout=DIRECT
token0_blk3_routed expert_id=19 selected_range tensor=blk.1.ffn_down_exps.weight offset=572214160 bytes=1622016 layout=DIRECT
token0_blk3_routed prefetch expert_id=19 tensor=blk.1.ffn_gate_exps.weight dependency_distance=0
token0_blk3_routed prefetch expert_id=19 tensor=blk.1.ffn_up_exps.weight dependency_distance=0
token0_blk3_routed prefetch expert_id=19 tensor=blk.1.ffn_down_exps.weight dependency_distance=2
expert_parity max_abs=0 max_rel=0 mean_abs=0 tolerance=1e-5
token0_blk3_routed expert_id=19 consumer_wait=not_instrumented acquire_release=recorded peak_active=1622016 peak_resident=59229184
token0_blk3_routed expert_rank=3 expert_id=35 router_rank=3 graph_created=YES graph_refs=gate:0,up:1,down:2 storage_ref_base=30105 score_preserved=YES
token0_blk3_routed expert_id=35 selected_range tensor=blk.1.ffn_gate_exps.weight offset=489018224 bytes=563200 layout=DIRECT
token0_blk3_routed expert_id=35 selected_range tensor=blk.1.ffn_up_exps.weight offset=525063040 bytes=563200 layout=DIRECT
token0_blk3_routed expert_id=35 selected_range tensor=blk.1.ffn_down_exps.weight offset=598166416 bytes=1622016 layout=DIRECT
token0_blk3_routed prefetch expert_id=35 tensor=blk.1.ffn_gate_exps.weight dependency_distance=0
token0_blk3_routed prefetch expert_id=35 tensor=blk.1.ffn_up_exps.weight dependency_distance=0
token0_blk3_routed prefetch expert_id=35 tensor=blk.1.ffn_down_exps.weight dependency_distance=2
expert_parity max_abs=0 max_rel=0 mean_abs=0 tolerance=1e-5
token0_blk3_routed expert_id=35 consumer_wait=not_instrumented acquire_release=recorded peak_active=1622016 peak_resident=61977600
token0_blk3_routed expert_rank=4 expert_id=9 router_rank=4 graph_created=YES graph_refs=gate:0,up:1,down:2 storage_ref_base=30027 score_preserved=YES
token0_blk3_routed expert_id=9 selected_range tensor=blk.1.ffn_gate_exps.weight offset=474375024 bytes=563200 layout=DIRECT
token0_blk3_routed expert_id=9 selected_range tensor=blk.1.ffn_up_exps.weight offset=510419840 bytes=563200 layout=DIRECT
token0_blk3_routed expert_id=9 selected_range tensor=blk.1.ffn_down_exps.weight offset=555994000 bytes=1622016 layout=DIRECT
token0_blk3_routed prefetch expert_id=9 tensor=blk.1.ffn_gate_exps.weight dependency_distance=0
token0_blk3_routed prefetch expert_id=9 tensor=blk.1.ffn_up_exps.weight dependency_distance=0
token0_blk3_routed prefetch expert_id=9 tensor=blk.1.ffn_down_exps.weight dependency_distance=2
expert_parity max_abs=0 max_rel=0 mean_abs=0 tolerance=1e-5
token0_blk3_routed expert_id=9 consumer_wait=not_instrumented acquire_release=recorded peak_active=1622016 peak_resident=64726016
token0_blk3_routed expert_rank=5 expert_id=53 router_rank=5 graph_created=YES graph_refs=gate:0,up:1,down:2 storage_ref_base=30159 score_preserved=YES
token0_blk3_routed expert_id=53 selected_range tensor=blk.1.ffn_gate_exps.weight offset=499155824 bytes=563200 layout=DIRECT
token0_blk3_routed expert_id=53 selected_range tensor=blk.1.ffn_up_exps.weight offset=535200640 bytes=563200 layout=DIRECT
token0_blk3_routed expert_id=53 selected_range tensor=blk.1.ffn_down_exps.weight offset=627362704 bytes=1622016 layout=DIRECT
token0_blk3_routed prefetch expert_id=53 tensor=blk.1.ffn_gate_exps.weight dependency_distance=0
token0_blk3_routed prefetch expert_id=53 tensor=blk.1.ffn_up_exps.weight dependency_distance=0
token0_blk3_routed prefetch expert_id=53 tensor=blk.1.ffn_down_exps.weight dependency_distance=2
expert_parity max_abs=0 max_rel=0 mean_abs=0 tolerance=1e-5
token0_blk3_routed expert_id=53 consumer_wait=not_instrumented acquire_release=recorded peak_active=1622016 peak_resident=67474432
token0_blk3_routed residency_hits=36 residency_misses=42 source_reads=18 materialization_requests=18 source_policy_calls=18 evictions=0 resident_tensors_after=84
routed_merge_parity max_abs=0 max_rel=0 mean_abs=0 tolerance=1e-5
shared_expert_parity max_abs=0 max_rel=0 mean_abs=0 tolerance=1e-5
pre_residual_composition_parity max_abs=0 max_rel=0 mean_abs=0 tolerance=1e-5
final_layer_parity max_abs=0 max_rel=0 mean_abs=0 tolerance=1e-5
token0_blk3 shared_expert=REQUIRED shared_graph_created=YES residual_add=YES final_composition=PASS
ffn_timing tensor=blk.1.ffn_gate_inp.weight payload_ready_ns=8850839993087 first_consumer_start_ns=8850962670593 payload_to_first_consumer_ns=122677506
ffn_timing tensor=blk.1.ffn_gate_shexp.weight payload_ready_ns=8856196308273 first_consumer_start_ns=8856310539326 payload_to_first_consumer_ns=114231053
ffn_timing tensor=blk.1.ffn_gate_exps.weight payload_ready_ns=8851138735105 first_consumer_start_ns=8851257587046 payload_to_first_consumer_ns=118851941
token0_blk3 full_layer_residency_hits=46 misses=51 evictions=0 source_reads=23 source_bytes=20402176 materialization_requests=23 resident_tensors_after=87
token0_blk3 full_layer_peak_active_persistent_bytes=1622016 full_layer_peak_resident_bytes=70853632
token0_blk3 first_payload_to_shared_compute_start_ns=5565040853 execution_ready_to_consumer_ns=NOT_INSTRUMENTED payload_to_first_useful_compute=NOT_INSTRUMENTED
normalized_input_parity max_abs=0 max_rel=0 mean_abs=0 tolerance=1e-5
router_score_parity max_abs=2.14577e-06 max_rel=1.87992e-05 mean_abs=3.23213e-07 tolerance=1e-5
selected_weight_parity max_abs=1.19209e-07 max_rel=9.10917e-07 mean_abs=6.95388e-08 tolerance=1e-5
reference_token0_blk3 topk_ids=60,2,19,35,9,53 normalized_weights=0.298484,0.190562,0.142057,0.131884,0.122504,0.114509,
reference_token0_blk3_routed expert_rank=0 expert_id=60 router_rank=0 graph_created=YES graph_refs=gate:0,up:1,down:2 storage_ref_base=30180 score_preserved=YES
reference_token0_blk3_routed expert_id=60 selected_range tensor=blk.1.ffn_gate_exps.weight offset=503098224 bytes=563200 layout=DIRECT
reference_token0_blk3_routed expert_id=60 selected_range tensor=blk.1.ffn_up_exps.weight offset=539143040 bytes=563200 layout=DIRECT
reference_token0_blk3_routed expert_id=60 selected_range tensor=blk.1.ffn_down_exps.weight offset=638716816 bytes=1622016 layout=DIRECT
reference_token0_blk3_routed prefetch expert_id=60 tensor=blk.1.ffn_gate_exps.weight dependency_distance=0
reference_token0_blk3_routed prefetch expert_id=60 tensor=blk.1.ffn_up_exps.weight dependency_distance=0
reference_token0_blk3_routed prefetch expert_id=60 tensor=blk.1.ffn_down_exps.weight dependency_distance=2
expert_parity max_abs=0 max_rel=0 mean_abs=0 tolerance=1e-5
reference_token0_blk3_routed expert_id=60 consumer_wait=not_instrumented acquire_release=recorded peak_active=1622016 peak_resident=3280896
reference_token0_blk3_routed expert_rank=1 expert_id=2 router_rank=1 graph_created=YES graph_refs=gate:0,up:1,down:2 storage_ref_base=30006 score_preserved=YES
reference_token0_blk3_routed expert_id=2 selected_range tensor=blk.1.ffn_gate_exps.weight offset=470432624 bytes=563200 layout=DIRECT
reference_token0_blk3_routed expert_id=2 selected_range tensor=blk.1.ffn_up_exps.weight offset=506477440 bytes=563200 layout=DIRECT
reference_token0_blk3_routed expert_id=2 selected_range tensor=blk.1.ffn_down_exps.weight offset=544639888 bytes=1622016 layout=DIRECT
reference_token0_blk3_routed prefetch expert_id=2 tensor=blk.1.ffn_gate_exps.weight dependency_distance=0
reference_token0_blk3_routed prefetch expert_id=2 tensor=blk.1.ffn_up_exps.weight dependency_distance=0
reference_token0_blk3_routed prefetch expert_id=2 tensor=blk.1.ffn_down_exps.weight dependency_distance=2
expert_parity max_abs=0 max_rel=0 mean_abs=0 tolerance=1e-5
reference_token0_blk3_routed expert_id=2 consumer_wait=not_instrumented acquire_release=recorded peak_active=1622016 peak_resident=6029312
reference_token0_blk3_routed expert_rank=2 expert_id=19 router_rank=2 graph_created=YES graph_refs=gate:0,up:1,down:2 storage_ref_base=30057 score_preserved=YES
reference_token0_blk3_routed expert_id=19 selected_range tensor=blk.1.ffn_gate_exps.weight offset=480007024 bytes=563200 layout=DIRECT
reference_token0_blk3_routed expert_id=19 selected_range tensor=blk.1.ffn_up_exps.weight offset=516051840 bytes=563200 layout=DIRECT
reference_token0_blk3_routed expert_id=19 selected_range tensor=blk.1.ffn_down_exps.weight offset=572214160 bytes=1622016 layout=DIRECT
reference_token0_blk3_routed prefetch expert_id=19 tensor=blk.1.ffn_gate_exps.weight dependency_distance=0
reference_token0_blk3_routed prefetch expert_id=19 tensor=blk.1.ffn_up_exps.weight dependency_distance=0
reference_token0_blk3_routed prefetch expert_id=19 tensor=blk.1.ffn_down_exps.weight dependency_distance=2
expert_parity max_abs=0 max_rel=0 mean_abs=0 tolerance=1e-5
reference_token0_blk3_routed expert_id=19 consumer_wait=not_instrumented acquire_release=recorded peak_active=1622016 peak_resident=8245248
reference_token0_blk3_routed expert_rank=3 expert_id=35 router_rank=3 graph_created=YES graph_refs=gate:0,up:1,down:2 storage_ref_base=30105 score_preserved=YES
reference_token0_blk3_routed expert_id=35 selected_range tensor=blk.1.ffn_gate_exps.weight offset=489018224 bytes=563200 layout=DIRECT
reference_token0_blk3_routed expert_id=35 selected_range tensor=blk.1.ffn_up_exps.weight offset=525063040 bytes=563200 layout=DIRECT
reference_token0_blk3_routed expert_id=35 selected_range tensor=blk.1.ffn_down_exps.weight offset=598166416 bytes=1622016 layout=DIRECT
reference_token0_blk3_routed prefetch expert_id=35 tensor=blk.1.ffn_gate_exps.weight dependency_distance=0
reference_token0_blk3_routed prefetch expert_id=35 tensor=blk.1.ffn_up_exps.weight dependency_distance=0
reference_token0_blk3_routed prefetch expert_id=35 tensor=blk.1.ffn_down_exps.weight dependency_distance=2
expert_parity max_abs=0 max_rel=0 mean_abs=0 tolerance=1e-5
reference_token0_blk3_routed expert_id=35 consumer_wait=not_instrumented acquire_release=recorded peak_active=1622016 peak_resident=8245248
reference_token0_blk3_routed expert_rank=4 expert_id=9 router_rank=4 graph_created=YES graph_refs=gate:0,up:1,down:2 storage_ref_base=30027 score_preserved=YES
reference_token0_blk3_routed expert_id=9 selected_range tensor=blk.1.ffn_gate_exps.weight offset=474375024 bytes=563200 layout=DIRECT
reference_token0_blk3_routed expert_id=9 selected_range tensor=blk.1.ffn_up_exps.weight offset=510419840 bytes=563200 layout=DIRECT
reference_token0_blk3_routed expert_id=9 selected_range tensor=blk.1.ffn_down_exps.weight offset=555994000 bytes=1622016 layout=DIRECT
reference_token0_blk3_routed prefetch expert_id=9 tensor=blk.1.ffn_gate_exps.weight dependency_distance=0
reference_token0_blk3_routed prefetch expert_id=9 tensor=blk.1.ffn_up_exps.weight dependency_distance=0
reference_token0_blk3_routed prefetch expert_id=9 tensor=blk.1.ffn_down_exps.weight dependency_distance=2
expert_parity max_abs=0 max_rel=0 mean_abs=0 tolerance=1e-5
reference_token0_blk3_routed expert_id=9 consumer_wait=not_instrumented acquire_release=recorded peak_active=1622016 peak_resident=8245248
reference_token0_blk3_routed expert_rank=5 expert_id=53 router_rank=5 graph_created=YES graph_refs=gate:0,up:1,down:2 storage_ref_base=30159 score_preserved=YES
reference_token0_blk3_routed expert_id=53 selected_range tensor=blk.1.ffn_gate_exps.weight offset=499155824 bytes=563200 layout=DIRECT
reference_token0_blk3_routed expert_id=53 selected_range tensor=blk.1.ffn_up_exps.weight offset=535200640 bytes=563200 layout=DIRECT
reference_token0_blk3_routed expert_id=53 selected_range tensor=blk.1.ffn_down_exps.weight offset=627362704 bytes=1622016 layout=DIRECT
reference_token0_blk3_routed prefetch expert_id=53 tensor=blk.1.ffn_gate_exps.weight dependency_distance=0
reference_token0_blk3_routed prefetch expert_id=53 tensor=blk.1.ffn_up_exps.weight dependency_distance=0
reference_token0_blk3_routed prefetch expert_id=53 tensor=blk.1.ffn_down_exps.weight dependency_distance=2
expert_parity max_abs=0 max_rel=0 mean_abs=0 tolerance=1e-5
reference_token0_blk3_routed expert_id=53 consumer_wait=not_instrumented acquire_release=recorded peak_active=1622016 peak_resident=8245248
reference_token0_blk3_routed residency_hits=36 residency_misses=42 source_reads=18 materialization_requests=18 source_policy_calls=18 evictions=11 resident_tensors_after=9
routed_merge_parity max_abs=0 max_rel=0 mean_abs=0 tolerance=1e-5
shared_expert_parity max_abs=0 max_rel=0 mean_abs=0 tolerance=1e-5
pre_residual_composition_parity max_abs=0 max_rel=0 mean_abs=0 tolerance=1e-5
final_layer_parity max_abs=0 max_rel=0 mean_abs=0 tolerance=1e-5
reference_token0_blk3 shared_expert=REQUIRED shared_graph_created=YES residual_add=YES final_composition=PASS
ffn_timing tensor=blk.1.ffn_gate_inp.weight payload_ready_ns=8857233292841 first_consumer_start_ns=8857348148136 payload_to_first_consumer_ns=114855295
ffn_timing tensor=blk.1.ffn_gate_shexp.weight payload_ready_ns=8862130451661 first_consumer_start_ns=8862218269373 payload_to_first_consumer_ns=87817712
ffn_timing tensor=blk.1.ffn_gate_exps.weight payload_ready_ns=8857518556856 first_consumer_start_ns=8857629460394 payload_to_first_consumer_ns=110903538
reference_token0_blk3 full_layer_residency_hits=46 misses=51 evictions=15 source_reads=23 source_bytes=20402176 materialization_requests=23 resident_tensors_after=8
reference_token0_blk3 full_layer_peak_active_persistent_bytes=1622016 full_layer_peak_resident_bytes=8312832
reference_token0_blk3 first_payload_to_shared_compute_start_ns=5149498375 execution_ready_to_consumer_ns=NOT_INSTRUMENTED payload_to_first_useful_compute=NOT_INSTRUMENTED
token0_blk3_attention_parity max_abs=0 max_rel=0 mean_abs=0 tolerance=1e-5
token0_blk3_block_parity max_abs=0 max_rel=0 mean_abs=0 tolerance=1e-5
token0 block_handoff block=4 handoff_ns=58730 activation_copy_bytes=0
attention_timing tensor=blk.1.attn_norm.weight payload_ready_ns=8820953883260 first_consumer_start_ns=8862915925065 payload_to_first_consumer_ns=41962041805
attention_timing tensor=blk.1.attn_q.weight payload_ready_ns=8821318935555 first_consumer_start_ns=8863199592386 payload_to_first_consumer_ns=41880656831
attention_timing tensor=blk.1.attn_kv_a_mqa.weight payload_ready_ns=8821650255850 first_consumer_start_ns=8863493712022 payload_to_first_consumer_ns=41843456172
attention_timing tensor=blk.1.attn_kv_a_norm.weight payload_ready_ns=8821952236454 first_consumer_start_ns=8863788951382 payload_to_first_consumer_ns=41836714928
attention_timing tensor=blk.1.attn_kv_b.weight payload_ready_ns=8822268019555 first_consumer_start_ns=8864065869204 payload_to_first_consumer_ns=41797849649
attention_timing tensor=blk.1.attn_output.weight payload_ready_ns=8822560652069 first_consumer_start_ns=8864358932886 payload_to_first_consumer_ns=41798280817
token0_blk4 position=0 state_k_positions=1 state_v_positions=1 attention_probs=1,1,1,1,1,1,1,1,1,1,1,1,1,1,1,1,
reference_attention position=0 state_k_positions=1 state_v_positions=1 attention_probs=1,1,1,1,1,1,1,1,1,1,1,1,1,1,1,1,
normalized_input_parity max_abs=0 max_rel=0 mean_abs=0 tolerance=1e-5
router_score_parity max_abs=1.3113e-06 max_rel=0.00028063 mean_abs=2.83908e-07 tolerance=1e-5
selected_weight_parity max_abs=8.9407e-08 max_rel=4.68328e-07 mean_abs=4.96705e-08 tolerance=1e-5
token0_blk4 topk_ids=0,43,33,19,47,37 normalized_weights=0.192395,0.190907,0.16627,0.152301,0.149794,0.148333,
token0_blk4_routed expert_rank=0 expert_id=0 router_rank=0 graph_created=YES graph_refs=gate:0,up:1,down:2 storage_ref_base=40000 score_preserved=YES
token0_blk4_routed expert_id=0 selected_range tensor=blk.1.ffn_gate_exps.weight offset=652077112 bytes=563200 layout=DIRECT
token0_blk4_routed expert_id=0 selected_range tensor=blk.1.ffn_up_exps.weight offset=688121928 bytes=563200 layout=DIRECT
token0_blk4_routed expert_id=0 selected_range tensor=blk.1.ffn_down_exps.weight offset=724166744 bytes=1622016 layout=DIRECT
token0_blk4_routed prefetch expert_id=0 tensor=blk.1.ffn_gate_exps.weight dependency_distance=0
token0_blk4_routed prefetch expert_id=0 tensor=blk.1.ffn_up_exps.weight dependency_distance=0
token0_blk4_routed prefetch expert_id=0 tensor=blk.1.ffn_down_exps.weight dependency_distance=2
expert_parity max_abs=0 max_rel=0 mean_abs=0 tolerance=1e-5
token0_blk4_routed expert_id=0 consumer_wait=not_instrumented acquire_release=recorded peak_active=1622016 peak_resident=77094912
token0_blk4_routed expert_rank=1 expert_id=43 router_rank=1 graph_created=YES graph_refs=gate:0,up:1,down:2 storage_ref_base=40129 score_preserved=YES
token0_blk4_routed expert_id=43 selected_range tensor=blk.1.ffn_gate_exps.weight offset=676294712 bytes=563200 layout=DIRECT
token0_blk4_routed expert_id=43 selected_range tensor=blk.1.ffn_up_exps.weight offset=712339528 bytes=563200 layout=DIRECT
token0_blk4_routed expert_id=43 selected_range tensor=blk.1.ffn_down_exps.weight offset=793913432 bytes=1622016 layout=DIRECT
token0_blk4_routed prefetch expert_id=43 tensor=blk.1.ffn_gate_exps.weight dependency_distance=0
token0_blk4_routed prefetch expert_id=43 tensor=blk.1.ffn_up_exps.weight dependency_distance=0
token0_blk4_routed prefetch expert_id=43 tensor=blk.1.ffn_down_exps.weight dependency_distance=2
expert_parity max_abs=0 max_rel=0 mean_abs=0 tolerance=1e-5
token0_blk4_routed expert_id=43 consumer_wait=not_instrumented acquire_release=recorded peak_active=1622016 peak_resident=79843328
token0_blk4_routed expert_rank=2 expert_id=33 router_rank=2 graph_created=YES graph_refs=gate:0,up:1,down:2 storage_ref_base=40099 score_preserved=YES
token0_blk4_routed expert_id=33 selected_range tensor=blk.1.ffn_gate_exps.weight offset=670662712 bytes=563200 layout=DIRECT
token0_blk4_routed expert_id=33 selected_range tensor=blk.1.ffn_up_exps.weight offset=706707528 bytes=563200 layout=DIRECT
token0_blk4_routed expert_id=33 selected_range tensor=blk.1.ffn_down_exps.weight offset=777693272 bytes=1622016 layout=DIRECT
token0_blk4_routed prefetch expert_id=33 tensor=blk.1.ffn_gate_exps.weight dependency_distance=0
token0_blk4_routed prefetch expert_id=33 tensor=blk.1.ffn_up_exps.weight dependency_distance=0
token0_blk4_routed prefetch expert_id=33 tensor=blk.1.ffn_down_exps.weight dependency_distance=2
expert_parity max_abs=0 max_rel=0 mean_abs=0 tolerance=1e-5
token0_blk4_routed expert_id=33 consumer_wait=not_instrumented acquire_release=recorded peak_active=1622016 peak_resident=82591744
token0_blk4_routed expert_rank=3 expert_id=19 router_rank=3 graph_created=YES graph_refs=gate:0,up:1,down:2 storage_ref_base=40057 score_preserved=YES
token0_blk4_routed expert_id=19 selected_range tensor=blk.1.ffn_gate_exps.weight offset=662777912 bytes=563200 layout=DIRECT
token0_blk4_routed expert_id=19 selected_range tensor=blk.1.ffn_up_exps.weight offset=698822728 bytes=563200 layout=DIRECT
token0_blk4_routed expert_id=19 selected_range tensor=blk.1.ffn_down_exps.weight offset=754985048 bytes=1622016 layout=DIRECT
token0_blk4_routed prefetch expert_id=19 tensor=blk.1.ffn_gate_exps.weight dependency_distance=0
token0_blk4_routed prefetch expert_id=19 tensor=blk.1.ffn_up_exps.weight dependency_distance=0
token0_blk4_routed prefetch expert_id=19 tensor=blk.1.ffn_down_exps.weight dependency_distance=2
expert_parity max_abs=0 max_rel=0 mean_abs=0 tolerance=1e-5
token0_blk4_routed expert_id=19 consumer_wait=not_instrumented acquire_release=recorded peak_active=1622016 peak_resident=85340160
token0_blk4_routed expert_rank=4 expert_id=47 router_rank=4 graph_created=YES graph_refs=gate:0,up:1,down:2 storage_ref_base=40141 score_preserved=YES
token0_blk4_routed expert_id=47 selected_range tensor=blk.1.ffn_gate_exps.weight offset=678547512 bytes=563200 layout=DIRECT
token0_blk4_routed expert_id=47 selected_range tensor=blk.1.ffn_up_exps.weight offset=714592328 bytes=563200 layout=DIRECT
token0_blk4_routed expert_id=47 selected_range tensor=blk.1.ffn_down_exps.weight offset=800401496 bytes=1622016 layout=DIRECT
token0_blk4_routed prefetch expert_id=47 tensor=blk.1.ffn_gate_exps.weight dependency_distance=0
token0_blk4_routed prefetch expert_id=47 tensor=blk.1.ffn_up_exps.weight dependency_distance=0
token0_blk4_routed prefetch expert_id=47 tensor=blk.1.ffn_down_exps.weight dependency_distance=2
expert_parity max_abs=0 max_rel=0 mean_abs=0 tolerance=1e-5
token0_blk4_routed expert_id=47 consumer_wait=not_instrumented acquire_release=recorded peak_active=1622016 peak_resident=88088576
token0_blk4_routed expert_rank=5 expert_id=37 router_rank=5 graph_created=YES graph_refs=gate:0,up:1,down:2 storage_ref_base=40111 score_preserved=YES
token0_blk4_routed expert_id=37 selected_range tensor=blk.1.ffn_gate_exps.weight offset=672915512 bytes=563200 layout=DIRECT
token0_blk4_routed expert_id=37 selected_range tensor=blk.1.ffn_up_exps.weight offset=708960328 bytes=563200 layout=DIRECT
token0_blk4_routed expert_id=37 selected_range tensor=blk.1.ffn_down_exps.weight offset=784181336 bytes=1622016 layout=DIRECT
token0_blk4_routed prefetch expert_id=37 tensor=blk.1.ffn_gate_exps.weight dependency_distance=0
token0_blk4_routed prefetch expert_id=37 tensor=blk.1.ffn_up_exps.weight dependency_distance=0
token0_blk4_routed prefetch expert_id=37 tensor=blk.1.ffn_down_exps.weight dependency_distance=2
expert_parity max_abs=0 max_rel=0 mean_abs=0 tolerance=1e-5
token0_blk4_routed expert_id=37 consumer_wait=not_instrumented acquire_release=recorded peak_active=1622016 peak_resident=90836992
token0_blk4_routed residency_hits=36 residency_misses=42 source_reads=18 materialization_requests=18 source_policy_calls=18 evictions=0 resident_tensors_after=113
routed_merge_parity max_abs=0 max_rel=0 mean_abs=0 tolerance=1e-5
shared_expert_parity max_abs=0 max_rel=0 mean_abs=0 tolerance=1e-5
pre_residual_composition_parity max_abs=0 max_rel=0 mean_abs=0 tolerance=1e-5
final_layer_parity max_abs=0 max_rel=0 mean_abs=0 tolerance=1e-5
token0_blk4 shared_expert=REQUIRED shared_graph_created=YES residual_add=YES final_composition=PASS
ffn_timing tensor=blk.1.ffn_gate_inp.weight payload_ready_ns=8864821184654 first_consumer_start_ns=8864941791765 payload_to_first_consumer_ns=120607111
ffn_timing tensor=blk.1.ffn_gate_shexp.weight payload_ready_ns=8870398137744 first_consumer_start_ns=8870513895545 payload_to_first_consumer_ns=115757801
ffn_timing tensor=blk.1.ffn_gate_exps.weight payload_ready_ns=8865128480046 first_consumer_start_ns=8865234722326 payload_to_first_consumer_ns=106242280
token0_blk4 full_layer_residency_hits=46 misses=51 evictions=0 source_reads=23 source_bytes=20402176 materialization_requests=23 resident_tensors_after=116
token0_blk4 full_layer_peak_active_persistent_bytes=1622016 full_layer_peak_resident_bytes=94216192
token0_blk4 first_payload_to_shared_compute_start_ns=5805024344 execution_ready_to_consumer_ns=NOT_INSTRUMENTED payload_to_first_useful_compute=NOT_INSTRUMENTED
normalized_input_parity max_abs=0 max_rel=0 mean_abs=0 tolerance=1e-5
router_score_parity max_abs=1.3113e-06 max_rel=0.00028063 mean_abs=2.83908e-07 tolerance=1e-5
selected_weight_parity max_abs=8.9407e-08 max_rel=4.68328e-07 mean_abs=4.96705e-08 tolerance=1e-5
reference_token0_blk4 topk_ids=0,43,33,19,47,37 normalized_weights=0.192395,0.190907,0.16627,0.152301,0.149794,0.148333,
reference_token0_blk4_routed expert_rank=0 expert_id=0 router_rank=0 graph_created=YES graph_refs=gate:0,up:1,down:2 storage_ref_base=40000 score_preserved=YES
reference_token0_blk4_routed expert_id=0 selected_range tensor=blk.1.ffn_gate_exps.weight offset=652077112 bytes=563200 layout=DIRECT
reference_token0_blk4_routed expert_id=0 selected_range tensor=blk.1.ffn_up_exps.weight offset=688121928 bytes=563200 layout=DIRECT
reference_token0_blk4_routed expert_id=0 selected_range tensor=blk.1.ffn_down_exps.weight offset=724166744 bytes=1622016 layout=DIRECT
reference_token0_blk4_routed prefetch expert_id=0 tensor=blk.1.ffn_gate_exps.weight dependency_distance=0
reference_token0_blk4_routed prefetch expert_id=0 tensor=blk.1.ffn_up_exps.weight dependency_distance=0
reference_token0_blk4_routed prefetch expert_id=0 tensor=blk.1.ffn_down_exps.weight dependency_distance=2
expert_parity max_abs=0 max_rel=0 mean_abs=0 tolerance=1e-5
reference_token0_blk4_routed expert_id=0 consumer_wait=not_instrumented acquire_release=recorded peak_active=1622016 peak_resident=3280896
reference_token0_blk4_routed expert_rank=1 expert_id=43 router_rank=1 graph_created=YES graph_refs=gate:0,up:1,down:2 storage_ref_base=40129 score_preserved=YES
reference_token0_blk4_routed expert_id=43 selected_range tensor=blk.1.ffn_gate_exps.weight offset=676294712 bytes=563200 layout=DIRECT
reference_token0_blk4_routed expert_id=43 selected_range tensor=blk.1.ffn_up_exps.weight offset=712339528 bytes=563200 layout=DIRECT
reference_token0_blk4_routed expert_id=43 selected_range tensor=blk.1.ffn_down_exps.weight offset=793913432 bytes=1622016 layout=DIRECT
reference_token0_blk4_routed prefetch expert_id=43 tensor=blk.1.ffn_gate_exps.weight dependency_distance=0
reference_token0_blk4_routed prefetch expert_id=43 tensor=blk.1.ffn_up_exps.weight dependency_distance=0
reference_token0_blk4_routed prefetch expert_id=43 tensor=blk.1.ffn_down_exps.weight dependency_distance=2
expert_parity max_abs=0 max_rel=0 mean_abs=0 tolerance=1e-5
reference_token0_blk4_routed expert_id=43 consumer_wait=not_instrumented acquire_release=recorded peak_active=1622016 peak_resident=6029312
reference_token0_blk4_routed expert_rank=2 expert_id=33 router_rank=2 graph_created=YES graph_refs=gate:0,up:1,down:2 storage_ref_base=40099 score_preserved=YES
reference_token0_blk4_routed expert_id=33 selected_range tensor=blk.1.ffn_gate_exps.weight offset=670662712 bytes=563200 layout=DIRECT
reference_token0_blk4_routed expert_id=33 selected_range tensor=blk.1.ffn_up_exps.weight offset=706707528 bytes=563200 layout=DIRECT
reference_token0_blk4_routed expert_id=33 selected_range tensor=blk.1.ffn_down_exps.weight offset=777693272 bytes=1622016 layout=DIRECT
reference_token0_blk4_routed prefetch expert_id=33 tensor=blk.1.ffn_gate_exps.weight dependency_distance=0
reference_token0_blk4_routed prefetch expert_id=33 tensor=blk.1.ffn_up_exps.weight dependency_distance=0
reference_token0_blk4_routed prefetch expert_id=33 tensor=blk.1.ffn_down_exps.weight dependency_distance=2
expert_parity max_abs=0 max_rel=0 mean_abs=0 tolerance=1e-5
reference_token0_blk4_routed expert_id=33 consumer_wait=not_instrumented acquire_release=recorded peak_active=1622016 peak_resident=8245248
reference_token0_blk4_routed expert_rank=3 expert_id=19 router_rank=3 graph_created=YES graph_refs=gate:0,up:1,down:2 storage_ref_base=40057 score_preserved=YES
reference_token0_blk4_routed expert_id=19 selected_range tensor=blk.1.ffn_gate_exps.weight offset=662777912 bytes=563200 layout=DIRECT
reference_token0_blk4_routed expert_id=19 selected_range tensor=blk.1.ffn_up_exps.weight offset=698822728 bytes=563200 layout=DIRECT
reference_token0_blk4_routed expert_id=19 selected_range tensor=blk.1.ffn_down_exps.weight offset=754985048 bytes=1622016 layout=DIRECT
reference_token0_blk4_routed prefetch expert_id=19 tensor=blk.1.ffn_gate_exps.weight dependency_distance=0
reference_token0_blk4_routed prefetch expert_id=19 tensor=blk.1.ffn_up_exps.weight dependency_distance=0
reference_token0_blk4_routed prefetch expert_id=19 tensor=blk.1.ffn_down_exps.weight dependency_distance=2
expert_parity max_abs=0 max_rel=0 mean_abs=0 tolerance=1e-5
reference_token0_blk4_routed expert_id=19 consumer_wait=not_instrumented acquire_release=recorded peak_active=1622016 peak_resident=8245248
reference_token0_blk4_routed expert_rank=4 expert_id=47 router_rank=4 graph_created=YES graph_refs=gate:0,up:1,down:2 storage_ref_base=40141 score_preserved=YES
reference_token0_blk4_routed expert_id=47 selected_range tensor=blk.1.ffn_gate_exps.weight offset=678547512 bytes=563200 layout=DIRECT
reference_token0_blk4_routed expert_id=47 selected_range tensor=blk.1.ffn_up_exps.weight offset=714592328 bytes=563200 layout=DIRECT
reference_token0_blk4_routed expert_id=47 selected_range tensor=blk.1.ffn_down_exps.weight offset=800401496 bytes=1622016 layout=DIRECT
reference_token0_blk4_routed prefetch expert_id=47 tensor=blk.1.ffn_gate_exps.weight dependency_distance=0
reference_token0_blk4_routed prefetch expert_id=47 tensor=blk.1.ffn_up_exps.weight dependency_distance=0
reference_token0_blk4_routed prefetch expert_id=47 tensor=blk.1.ffn_down_exps.weight dependency_distance=2
expert_parity max_abs=0 max_rel=0 mean_abs=0 tolerance=1e-5
reference_token0_blk4_routed expert_id=47 consumer_wait=not_instrumented acquire_release=recorded peak_active=1622016 peak_resident=8245248
reference_token0_blk4_routed expert_rank=5 expert_id=37 router_rank=5 graph_created=YES graph_refs=gate:0,up:1,down:2 storage_ref_base=40111 score_preserved=YES
reference_token0_blk4_routed expert_id=37 selected_range tensor=blk.1.ffn_gate_exps.weight offset=672915512 bytes=563200 layout=DIRECT
reference_token0_blk4_routed expert_id=37 selected_range tensor=blk.1.ffn_up_exps.weight offset=708960328 bytes=563200 layout=DIRECT
reference_token0_blk4_routed expert_id=37 selected_range tensor=blk.1.ffn_down_exps.weight offset=784181336 bytes=1622016 layout=DIRECT
reference_token0_blk4_routed prefetch expert_id=37 tensor=blk.1.ffn_gate_exps.weight dependency_distance=0
reference_token0_blk4_routed prefetch expert_id=37 tensor=blk.1.ffn_up_exps.weight dependency_distance=0
reference_token0_blk4_routed prefetch expert_id=37 tensor=blk.1.ffn_down_exps.weight dependency_distance=2
expert_parity max_abs=0 max_rel=0 mean_abs=0 tolerance=1e-5
reference_token0_blk4_routed expert_id=37 consumer_wait=not_instrumented acquire_release=recorded peak_active=1622016 peak_resident=8245248
reference_token0_blk4_routed residency_hits=36 residency_misses=42 source_reads=18 materialization_requests=18 source_policy_calls=18 evictions=11 resident_tensors_after=9
routed_merge_parity max_abs=0 max_rel=0 mean_abs=0 tolerance=1e-5
shared_expert_parity max_abs=0 max_rel=0 mean_abs=0 tolerance=1e-5
pre_residual_composition_parity max_abs=0 max_rel=0 mean_abs=0 tolerance=1e-5
final_layer_parity max_abs=0 max_rel=0 mean_abs=0 tolerance=1e-5
reference_token0_blk4 shared_expert=REQUIRED shared_graph_created=YES residual_add=YES final_composition=PASS
ffn_timing tensor=blk.1.ffn_gate_inp.weight payload_ready_ns=8871599123537 first_consumer_start_ns=8871722331800 payload_to_first_consumer_ns=123208263
ffn_timing tensor=blk.1.ffn_gate_shexp.weight payload_ready_ns=8876878477840 first_consumer_start_ns=8877003931314 payload_to_first_consumer_ns=125453474
ffn_timing tensor=blk.1.ffn_gate_exps.weight payload_ready_ns=8871906691463 first_consumer_start_ns=8872040404011 payload_to_first_consumer_ns=133712548
reference_token0_blk4 full_layer_residency_hits=46 misses=51 evictions=15 source_reads=23 source_bytes=20402176 materialization_requests=23 resident_tensors_after=8
reference_token0_blk4 full_layer_peak_active_persistent_bytes=1622016 full_layer_peak_resident_bytes=8312832
reference_token0_blk4 first_payload_to_shared_compute_start_ns=5504268099 execution_ready_to_consumer_ns=NOT_INSTRUMENTED payload_to_first_useful_compute=NOT_INSTRUMENTED
token0_blk4_attention_parity max_abs=0 max_rel=0 mean_abs=0 tolerance=1e-5
token0_blk4_block_parity max_abs=0 max_rel=0 mean_abs=0 tolerance=1e-5
token0 block_handoff block=5 handoff_ns=84611 activation_copy_bytes=0
attention_timing tensor=blk.1.attn_norm.weight payload_ready_ns=8820953883260 first_consumer_start_ns=8877893536035 payload_to_first_consumer_ns=56939652775
attention_timing tensor=blk.1.attn_q.weight payload_ready_ns=8821318935555 first_consumer_start_ns=8878188613243 payload_to_first_consumer_ns=56869677688
attention_timing tensor=blk.1.attn_kv_a_mqa.weight payload_ready_ns=8821650255850 first_consumer_start_ns=8878482244534 payload_to_first_consumer_ns=56831988684
attention_timing tensor=blk.1.attn_kv_a_norm.weight payload_ready_ns=8821952236454 first_consumer_start_ns=8878777393432 payload_to_first_consumer_ns=56825156978
attention_timing tensor=blk.1.attn_kv_b.weight payload_ready_ns=8822268019555 first_consumer_start_ns=8879078691307 payload_to_first_consumer_ns=56810671752
attention_timing tensor=blk.1.attn_output.weight payload_ready_ns=8822560652069 first_consumer_start_ns=8879368345832 payload_to_first_consumer_ns=56807693763
token0_blk5 position=0 state_k_positions=1 state_v_positions=1 attention_probs=1,1,1,1,1,1,1,1,1,1,1,1,1,1,1,1,
reference_attention position=0 state_k_positions=1 state_v_positions=1 attention_probs=1,1,1,1,1,1,1,1,1,1,1,1,1,1,1,1,
normalized_input_parity max_abs=0 max_rel=0 mean_abs=0 tolerance=1e-5
router_score_parity max_abs=1.2517e-06 max_rel=1.96002e-05 mean_abs=2.45403e-07 tolerance=1e-5
selected_weight_parity max_abs=1.3411e-07 max_rel=8.14237e-07 mean_abs=6.20882e-08 tolerance=1e-5
token0_blk5 topk_ids=14,41,32,19,38,5 normalized_weights=0.192208,0.164707,0.164022,0.161648,0.158729,0.158687,
token0_blk5_routed expert_rank=0 expert_id=14 router_rank=0 graph_created=YES graph_refs=gate:0,up:1,down:2 storage_ref_base=50042 score_preserved=YES
token0_blk5_routed expert_id=14 selected_range tensor=blk.1.ffn_gate_exps.weight offset=842732800 bytes=563200 layout=DIRECT
token0_blk5_routed expert_id=14 selected_range tensor=blk.1.ffn_up_exps.weight offset=878777616 bytes=563200 layout=DIRECT
token0_blk5_routed expert_id=14 selected_range tensor=blk.1.ffn_down_exps.weight offset=929645856 bytes=1622016 layout=DIRECT
token0_blk5_routed prefetch expert_id=14 tensor=blk.1.ffn_gate_exps.weight dependency_distance=0
token0_blk5_routed prefetch expert_id=14 tensor=blk.1.ffn_up_exps.weight dependency_distance=0
token0_blk5_routed prefetch expert_id=14 tensor=blk.1.ffn_down_exps.weight dependency_distance=2
expert_parity max_abs=0 max_rel=0 mean_abs=0 tolerance=1e-5
token0_blk5_routed expert_id=14 consumer_wait=not_instrumented acquire_release=recorded peak_active=1622016 peak_resident=100457472
token0_blk5_routed expert_rank=1 expert_id=41 router_rank=1 graph_created=YES graph_refs=gate:0,up:1,down:2 storage_ref_base=50123 score_preserved=YES
token0_blk5_routed expert_id=41 selected_range tensor=blk.1.ffn_gate_exps.weight offset=857939200 bytes=563200 layout=DIRECT
token0_blk5_routed expert_id=41 selected_range tensor=blk.1.ffn_up_exps.weight offset=893984016 bytes=563200 layout=DIRECT
token0_blk5_routed expert_id=41 selected_range tensor=blk.1.ffn_down_exps.weight offset=973440288 bytes=1622016 layout=DIRECT
token0_blk5_routed prefetch expert_id=41 tensor=blk.1.ffn_gate_exps.weight dependency_distance=0
token0_blk5_routed prefetch expert_id=41 tensor=blk.1.ffn_up_exps.weight dependency_distance=0
token0_blk5_routed prefetch expert_id=41 tensor=blk.1.ffn_down_exps.weight dependency_distance=2
expert_parity max_abs=0 max_rel=0 mean_abs=0 tolerance=1e-5
token0_blk5_routed expert_id=41 consumer_wait=not_instrumented acquire_release=recorded peak_active=1622016 peak_resident=103205888
token0_blk5_routed expert_rank=2 expert_id=32 router_rank=2 graph_created=YES graph_refs=gate:0,up:1,down:2 storage_ref_base=50096 score_preserved=YES
token0_blk5_routed expert_id=32 selected_range tensor=blk.1.ffn_gate_exps.weight offset=852870400 bytes=563200 layout=DIRECT
token0_blk5_routed expert_id=32 selected_range tensor=blk.1.ffn_up_exps.weight offset=888915216 bytes=563200 layout=DIRECT
token0_blk5_routed expert_id=32 selected_range tensor=blk.1.ffn_down_exps.weight offset=958842144 bytes=1622016 layout=DIRECT
token0_blk5_routed prefetch expert_id=32 tensor=blk.1.ffn_gate_exps.weight dependency_distance=0
token0_blk5_routed prefetch expert_id=32 tensor=blk.1.ffn_up_exps.weight dependency_distance=0
token0_blk5_routed prefetch expert_id=32 tensor=blk.1.ffn_down_exps.weight dependency_distance=2
expert_parity max_abs=0 max_rel=0 mean_abs=0 tolerance=1e-5
token0_blk5_routed expert_id=32 consumer_wait=not_instrumented acquire_release=recorded peak_active=1622016 peak_resident=105954304
token0_blk5_routed expert_rank=3 expert_id=19 router_rank=3 graph_created=YES graph_refs=gate:0,up:1,down:2 storage_ref_base=50057 score_preserved=YES
token0_blk5_routed expert_id=19 selected_range tensor=blk.1.ffn_gate_exps.weight offset=845548800 bytes=563200 layout=DIRECT
token0_blk5_routed expert_id=19 selected_range tensor=blk.1.ffn_up_exps.weight offset=881593616 bytes=563200 layout=DIRECT
token0_blk5_routed expert_id=19 selected_range tensor=blk.1.ffn_down_exps.weight offset=937755936 bytes=1622016 layout=DIRECT
token0_blk5_routed prefetch expert_id=19 tensor=blk.1.ffn_gate_exps.weight dependency_distance=0
token0_blk5_routed prefetch expert_id=19 tensor=blk.1.ffn_up_exps.weight dependency_distance=0
token0_blk5_routed prefetch expert_id=19 tensor=blk.1.ffn_down_exps.weight dependency_distance=2
expert_parity max_abs=0 max_rel=0 mean_abs=0 tolerance=1e-5
token0_blk5_routed expert_id=19 consumer_wait=not_instrumented acquire_release=recorded peak_active=1622016 peak_resident=108702720
token0_blk5_routed expert_rank=4 expert_id=38 router_rank=4 graph_created=YES graph_refs=gate:0,up:1,down:2 storage_ref_base=50114 score_preserved=YES
token0_blk5_routed expert_id=38 selected_range tensor=blk.1.ffn_gate_exps.weight offset=856249600 bytes=563200 layout=DIRECT
token0_blk5_routed expert_id=38 selected_range tensor=blk.1.ffn_up_exps.weight offset=892294416 bytes=563200 layout=DIRECT
token0_blk5_routed expert_id=38 selected_range tensor=blk.1.ffn_down_exps.weight offset=968574240 bytes=1622016 layout=DIRECT
token0_blk5_routed prefetch expert_id=38 tensor=blk.1.ffn_gate_exps.weight dependency_distance=0
token0_blk5_routed prefetch expert_id=38 tensor=blk.1.ffn_up_exps.weight dependency_distance=0
token0_blk5_routed prefetch expert_id=38 tensor=blk.1.ffn_down_exps.weight dependency_distance=2
expert_parity max_abs=0 max_rel=0 mean_abs=0 tolerance=1e-5
token0_blk5_routed expert_id=38 consumer_wait=not_instrumented acquire_release=recorded peak_active=1622016 peak_resident=111451136
token0_blk5_routed expert_rank=5 expert_id=5 router_rank=5 graph_created=YES graph_refs=gate:0,up:1,down:2 storage_ref_base=50015 score_preserved=YES
token0_blk5_routed expert_id=5 selected_range tensor=blk.1.ffn_gate_exps.weight offset=837664000 bytes=563200 layout=DIRECT
token0_blk5_routed expert_id=5 selected_range tensor=blk.1.ffn_up_exps.weight offset=873708816 bytes=563200 layout=DIRECT
token0_blk5_routed expert_id=5 selected_range tensor=blk.1.ffn_down_exps.weight offset=915047712 bytes=1622016 layout=DIRECT
token0_blk5_routed prefetch expert_id=5 tensor=blk.1.ffn_gate_exps.weight dependency_distance=0
token0_blk5_routed prefetch expert_id=5 tensor=blk.1.ffn_up_exps.weight dependency_distance=0
token0_blk5_routed prefetch expert_id=5 tensor=blk.1.ffn_down_exps.weight dependency_distance=2
expert_parity max_abs=0 max_rel=0 mean_abs=0 tolerance=1e-5
token0_blk5_routed expert_id=5 consumer_wait=not_instrumented acquire_release=recorded peak_active=1622016 peak_resident=114199552
token0_blk5_routed residency_hits=36 residency_misses=42 source_reads=18 materialization_requests=18 source_policy_calls=18 evictions=0 resident_tensors_after=142
routed_merge_parity max_abs=0 max_rel=0 mean_abs=0 tolerance=1e-5
shared_expert_parity max_abs=0 max_rel=0 mean_abs=0 tolerance=1e-5
pre_residual_composition_parity max_abs=0 max_rel=0 mean_abs=0 tolerance=1e-5
final_layer_parity max_abs=0 max_rel=0 mean_abs=0 tolerance=1e-5
token0_blk5 shared_expert=REQUIRED shared_graph_created=YES residual_add=YES final_composition=PASS
ffn_timing tensor=blk.1.ffn_gate_inp.weight payload_ready_ns=8879831782849 first_consumer_start_ns=8879941286516 payload_to_first_consumer_ns=109503667
ffn_timing tensor=blk.1.ffn_gate_shexp.weight payload_ready_ns=8885498351900 first_consumer_start_ns=8885609089193 payload_to_first_consumer_ns=110737293
ffn_timing tensor=blk.1.ffn_gate_exps.weight payload_ready_ns=8880124323806 first_consumer_start_ns=8880242789152 payload_to_first_consumer_ns=118465346
token0_blk5 full_layer_residency_hits=46 misses=51 evictions=0 source_reads=23 source_bytes=20402176 materialization_requests=23 resident_tensors_after=145
token0_blk5 full_layer_peak_active_persistent_bytes=1622016 full_layer_peak_resident_bytes=117578752
token0_blk5 first_payload_to_shared_compute_start_ns=5903599371 execution_ready_to_consumer_ns=NOT_INSTRUMENTED payload_to_first_useful_compute=NOT_INSTRUMENTED
normalized_input_parity max_abs=0 max_rel=0 mean_abs=0 tolerance=1e-5
router_score_parity max_abs=1.2517e-06 max_rel=1.96002e-05 mean_abs=2.45403e-07 tolerance=1e-5
selected_weight_parity max_abs=1.3411e-07 max_rel=8.14237e-07 mean_abs=6.20882e-08 tolerance=1e-5
reference_token0_blk5 topk_ids=14,41,32,19,38,5 normalized_weights=0.192208,0.164707,0.164022,0.161648,0.158729,0.158687,
reference_token0_blk5_routed expert_rank=0 expert_id=14 router_rank=0 graph_created=YES graph_refs=gate:0,up:1,down:2 storage_ref_base=50042 score_preserved=YES
reference_token0_blk5_routed expert_id=14 selected_range tensor=blk.1.ffn_gate_exps.weight offset=842732800 bytes=563200 layout=DIRECT
reference_token0_blk5_routed expert_id=14 selected_range tensor=blk.1.ffn_up_exps.weight offset=878777616 bytes=563200 layout=DIRECT
reference_token0_blk5_routed expert_id=14 selected_range tensor=blk.1.ffn_down_exps.weight offset=929645856 bytes=1622016 layout=DIRECT
reference_token0_blk5_routed prefetch expert_id=14 tensor=blk.1.ffn_gate_exps.weight dependency_distance=0
reference_token0_blk5_routed prefetch expert_id=14 tensor=blk.1.ffn_up_exps.weight dependency_distance=0
reference_token0_blk5_routed prefetch expert_id=14 tensor=blk.1.ffn_down_exps.weight dependency_distance=2
expert_parity max_abs=0 max_rel=0 mean_abs=0 tolerance=1e-5
reference_token0_blk5_routed expert_id=14 consumer_wait=not_instrumented acquire_release=recorded peak_active=1622016 peak_resident=3280896
reference_token0_blk5_routed expert_rank=1 expert_id=41 router_rank=1 graph_created=YES graph_refs=gate:0,up:1,down:2 storage_ref_base=50123 score_preserved=YES
reference_token0_blk5_routed expert_id=41 selected_range tensor=blk.1.ffn_gate_exps.weight offset=857939200 bytes=563200 layout=DIRECT
reference_token0_blk5_routed expert_id=41 selected_range tensor=blk.1.ffn_up_exps.weight offset=893984016 bytes=563200 layout=DIRECT
reference_token0_blk5_routed expert_id=41 selected_range tensor=blk.1.ffn_down_exps.weight offset=973440288 bytes=1622016 layout=DIRECT
reference_token0_blk5_routed prefetch expert_id=41 tensor=blk.1.ffn_gate_exps.weight dependency_distance=0
reference_token0_blk5_routed prefetch expert_id=41 tensor=blk.1.ffn_up_exps.weight dependency_distance=0
reference_token0_blk5_routed prefetch expert_id=41 tensor=blk.1.ffn_down_exps.weight dependency_distance=2
expert_parity max_abs=0 max_rel=0 mean_abs=0 tolerance=1e-5
reference_token0_blk5_routed expert_id=41 consumer_wait=not_instrumented acquire_release=recorded peak_active=1622016 peak_resident=6029312
reference_token0_blk5_routed expert_rank=2 expert_id=32 router_rank=2 graph_created=YES graph_refs=gate:0,up:1,down:2 storage_ref_base=50096 score_preserved=YES
reference_token0_blk5_routed expert_id=32 selected_range tensor=blk.1.ffn_gate_exps.weight offset=852870400 bytes=563200 layout=DIRECT
reference_token0_blk5_routed expert_id=32 selected_range tensor=blk.1.ffn_up_exps.weight offset=888915216 bytes=563200 layout=DIRECT
reference_token0_blk5_routed expert_id=32 selected_range tensor=blk.1.ffn_down_exps.weight offset=958842144 bytes=1622016 layout=DIRECT
reference_token0_blk5_routed prefetch expert_id=32 tensor=blk.1.ffn_gate_exps.weight dependency_distance=0
reference_token0_blk5_routed prefetch expert_id=32 tensor=blk.1.ffn_up_exps.weight dependency_distance=0
reference_token0_blk5_routed prefetch expert_id=32 tensor=blk.1.ffn_down_exps.weight dependency_distance=2
expert_parity max_abs=0 max_rel=0 mean_abs=0 tolerance=1e-5
reference_token0_blk5_routed expert_id=32 consumer_wait=not_instrumented acquire_release=recorded peak_active=1622016 peak_resident=8245248
reference_token0_blk5_routed expert_rank=3 expert_id=19 router_rank=3 graph_created=YES graph_refs=gate:0,up:1,down:2 storage_ref_base=50057 score_preserved=YES
reference_token0_blk5_routed expert_id=19 selected_range tensor=blk.1.ffn_gate_exps.weight offset=845548800 bytes=563200 layout=DIRECT
reference_token0_blk5_routed expert_id=19 selected_range tensor=blk.1.ffn_up_exps.weight offset=881593616 bytes=563200 layout=DIRECT
reference_token0_blk5_routed expert_id=19 selected_range tensor=blk.1.ffn_down_exps.weight offset=937755936 bytes=1622016 layout=DIRECT
reference_token0_blk5_routed prefetch expert_id=19 tensor=blk.1.ffn_gate_exps.weight dependency_distance=0
reference_token0_blk5_routed prefetch expert_id=19 tensor=blk.1.ffn_up_exps.weight dependency_distance=0
reference_token0_blk5_routed prefetch expert_id=19 tensor=blk.1.ffn_down_exps.weight dependency_distance=2
expert_parity max_abs=0 max_rel=0 mean_abs=0 tolerance=1e-5
reference_token0_blk5_routed expert_id=19 consumer_wait=not_instrumented acquire_release=recorded peak_active=1622016 peak_resident=8245248
reference_token0_blk5_routed expert_rank=4 expert_id=38 router_rank=4 graph_created=YES graph_refs=gate:0,up:1,down:2 storage_ref_base=50114 score_preserved=YES
reference_token0_blk5_routed expert_id=38 selected_range tensor=blk.1.ffn_gate_exps.weight offset=856249600 bytes=563200 layout=DIRECT
reference_token0_blk5_routed expert_id=38 selected_range tensor=blk.1.ffn_up_exps.weight offset=892294416 bytes=563200 layout=DIRECT
reference_token0_blk5_routed expert_id=38 selected_range tensor=blk.1.ffn_down_exps.weight offset=968574240 bytes=1622016 layout=DIRECT
reference_token0_blk5_routed prefetch expert_id=38 tensor=blk.1.ffn_gate_exps.weight dependency_distance=0
reference_token0_blk5_routed prefetch expert_id=38 tensor=blk.1.ffn_up_exps.weight dependency_distance=0
reference_token0_blk5_routed prefetch expert_id=38 tensor=blk.1.ffn_down_exps.weight dependency_distance=2
expert_parity max_abs=0 max_rel=0 mean_abs=0 tolerance=1e-5
reference_token0_blk5_routed expert_id=38 consumer_wait=not_instrumented acquire_release=recorded peak_active=1622016 peak_resident=8245248
reference_token0_blk5_routed expert_rank=5 expert_id=5 router_rank=5 graph_created=YES graph_refs=gate:0,up:1,down:2 storage_ref_base=50015 score_preserved=YES
reference_token0_blk5_routed expert_id=5 selected_range tensor=blk.1.ffn_gate_exps.weight offset=837664000 bytes=563200 layout=DIRECT
reference_token0_blk5_routed expert_id=5 selected_range tensor=blk.1.ffn_up_exps.weight offset=873708816 bytes=563200 layout=DIRECT
reference_token0_blk5_routed expert_id=5 selected_range tensor=blk.1.ffn_down_exps.weight offset=915047712 bytes=1622016 layout=DIRECT
reference_token0_blk5_routed prefetch expert_id=5 tensor=blk.1.ffn_gate_exps.weight dependency_distance=0
reference_token0_blk5_routed prefetch expert_id=5 tensor=blk.1.ffn_up_exps.weight dependency_distance=0
reference_token0_blk5_routed prefetch expert_id=5 tensor=blk.1.ffn_down_exps.weight dependency_distance=2
expert_parity max_abs=0 max_rel=0 mean_abs=0 tolerance=1e-5
reference_token0_blk5_routed expert_id=5 consumer_wait=not_instrumented acquire_release=recorded peak_active=1622016 peak_resident=8245248
reference_token0_blk5_routed residency_hits=36 residency_misses=42 source_reads=18 materialization_requests=18 source_policy_calls=18 evictions=11 resident_tensors_after=9
routed_merge_parity max_abs=0 max_rel=0 mean_abs=0 tolerance=1e-5
shared_expert_parity max_abs=0 max_rel=0 mean_abs=0 tolerance=1e-5
pre_residual_composition_parity max_abs=0 max_rel=0 mean_abs=0 tolerance=1e-5
final_layer_parity max_abs=0 max_rel=0 mean_abs=0 tolerance=1e-5
reference_token0_blk5 shared_expert=REQUIRED shared_graph_created=YES residual_add=YES final_composition=PASS
ffn_timing tensor=blk.1.ffn_gate_inp.weight payload_ready_ns=8886421353917 first_consumer_start_ns=8886506539182 payload_to_first_consumer_ns=85185265
ffn_timing tensor=blk.1.ffn_gate_shexp.weight payload_ready_ns=8891335257020 first_consumer_start_ns=8891444370168 payload_to_first_consumer_ns=109113148
ffn_timing tensor=blk.1.ffn_gate_exps.weight payload_ready_ns=8886639480941 first_consumer_start_ns=8886727029945 payload_to_first_consumer_ns=87549004
reference_token0_blk5 full_layer_residency_hits=46 misses=51 evictions=15 source_reads=23 source_bytes=20402176 materialization_requests=23 resident_tensors_after=8
reference_token0_blk5 full_layer_peak_active_persistent_bytes=1622016 full_layer_peak_resident_bytes=8312832
reference_token0_blk5 first_payload_to_shared_compute_start_ns=5061714763 execution_ready_to_consumer_ns=NOT_INSTRUMENTED payload_to_first_useful_compute=NOT_INSTRUMENTED
token0_blk5_attention_parity max_abs=0 max_rel=0 mean_abs=0 tolerance=1e-5
token0_blk5_block_parity max_abs=0 max_rel=0 mean_abs=0 tolerance=1e-5
token0 block_handoff block=6 handoff_ns=114091 activation_copy_bytes=0
attention_timing tensor=blk.1.attn_norm.weight payload_ready_ns=8820953883260 first_consumer_start_ns=8892323028005 payload_to_first_consumer_ns=71369144745
attention_timing tensor=blk.1.attn_q.weight payload_ready_ns=8821318935555 first_consumer_start_ns=8892626343896 payload_to_first_consumer_ns=71307408341
attention_timing tensor=blk.1.attn_kv_a_mqa.weight payload_ready_ns=8821650255850 first_consumer_start_ns=8892926401923 payload_to_first_consumer_ns=71276146073
attention_timing tensor=blk.1.attn_kv_a_norm.weight payload_ready_ns=8821952236454 first_consumer_start_ns=8893226446230 payload_to_first_consumer_ns=71274209776
attention_timing tensor=blk.1.attn_kv_b.weight payload_ready_ns=8822268019555 first_consumer_start_ns=8893512145896 payload_to_first_consumer_ns=71244126341
attention_timing tensor=blk.1.attn_output.weight payload_ready_ns=8822560652069 first_consumer_start_ns=8893811020149 payload_to_first_consumer_ns=71250368080
token0_blk6 position=0 state_k_positions=1 state_v_positions=1 attention_probs=1,1,1,1,1,1,1,1,1,1,1,1,1,1,1,1,
reference_attention position=0 state_k_positions=1 state_v_positions=1 attention_probs=1,1,1,1,1,1,1,1,1,1,1,1,1,1,1,1,
normalized_input_parity max_abs=0 max_rel=0 mean_abs=0 tolerance=1e-5
router_score_parity max_abs=1.60933e-06 max_rel=5.13535e-05 mean_abs=3.557e-07 tolerance=1e-5
selected_weight_parity max_abs=1.19209e-07 max_rel=6.82935e-07 mean_abs=6.70552e-08 tolerance=1e-5
token0_blk6 topk_ids=20,23,55,34,22,11 normalized_weights=0.174554,0.16932,0.167582,0.167243,0.161773,0.159528,
token0_blk6_routed expert_rank=0 expert_id=20 router_rank=0 graph_created=YES graph_refs=gate:0,up:1,down:2 storage_ref_base=60060 score_preserved=YES
token0_blk6_routed expert_id=20 selected_range tensor=blk.1.ffn_gate_exps.weight offset=1028882888 bytes=563200 layout=DIRECT
token0_blk6_routed expert_id=20 selected_range tensor=blk.1.ffn_up_exps.weight offset=1064927704 bytes=563200 layout=DIRECT
token0_blk6_routed expert_id=20 selected_range tensor=blk.1.ffn_down_exps.weight offset=1122148840 bytes=1622016 layout=DIRECT
token0_blk6_routed prefetch expert_id=20 tensor=blk.1.ffn_gate_exps.weight dependency_distance=0
token0_blk6_routed prefetch expert_id=20 tensor=blk.1.ffn_up_exps.weight dependency_distance=0
token0_blk6_routed prefetch expert_id=20 tensor=blk.1.ffn_down_exps.weight dependency_distance=2
expert_parity max_abs=0 max_rel=0 mean_abs=0 tolerance=1e-5
token0_blk6_routed expert_id=20 consumer_wait=not_instrumented acquire_release=recorded peak_active=1622016 peak_resident=123820032
token0_blk6_routed expert_rank=1 expert_id=23 router_rank=1 graph_created=YES graph_refs=gate:0,up:1,down:2 storage_ref_base=60069 score_preserved=YES
token0_blk6_routed expert_id=23 selected_range tensor=blk.1.ffn_gate_exps.weight offset=1030572488 bytes=563200 layout=DIRECT
token0_blk6_routed expert_id=23 selected_range tensor=blk.1.ffn_up_exps.weight offset=1066617304 bytes=563200 layout=DIRECT
token0_blk6_routed expert_id=23 selected_range tensor=blk.1.ffn_down_exps.weight offset=1127014888 bytes=1622016 layout=DIRECT
token0_blk6_routed prefetch expert_id=23 tensor=blk.1.ffn_gate_exps.weight dependency_distance=0
token0_blk6_routed prefetch expert_id=23 tensor=blk.1.ffn_up_exps.weight dependency_distance=0
token0_blk6_routed prefetch expert_id=23 tensor=blk.1.ffn_down_exps.weight dependency_distance=2
expert_parity max_abs=0 max_rel=0 mean_abs=0 tolerance=1e-5
token0_blk6_routed expert_id=23 consumer_wait=not_instrumented acquire_release=recorded peak_active=1622016 peak_resident=126568448
token0_blk6_routed expert_rank=2 expert_id=55 router_rank=2 graph_created=YES graph_refs=gate:0,up:1,down:2 storage_ref_base=60165 score_preserved=YES
token0_blk6_routed expert_id=55 selected_range tensor=blk.1.ffn_gate_exps.weight offset=1048594888 bytes=563200 layout=DIRECT
token0_blk6_routed expert_id=55 selected_range tensor=blk.1.ffn_up_exps.weight offset=1084639704 bytes=563200 layout=DIRECT
token0_blk6_routed expert_id=55 selected_range tensor=blk.1.ffn_down_exps.weight offset=1178919400 bytes=1622016 layout=DIRECT
token0_blk6_routed prefetch expert_id=55 tensor=blk.1.ffn_gate_exps.weight dependency_distance=0
token0_blk6_routed prefetch expert_id=55 tensor=blk.1.ffn_up_exps.weight dependency_distance=0
token0_blk6_routed prefetch expert_id=55 tensor=blk.1.ffn_down_exps.weight dependency_distance=2
expert_parity max_abs=0 max_rel=0 mean_abs=0 tolerance=1e-5
token0_blk6_routed expert_id=55 consumer_wait=not_instrumented acquire_release=recorded peak_active=1622016 peak_resident=129316864
token0_blk6_routed expert_rank=3 expert_id=34 router_rank=3 graph_created=YES graph_refs=gate:0,up:1,down:2 storage_ref_base=60102 score_preserved=YES
token0_blk6_routed expert_id=34 selected_range tensor=blk.1.ffn_gate_exps.weight offset=1036767688 bytes=563200 layout=DIRECT
token0_blk6_routed expert_id=34 selected_range tensor=blk.1.ffn_up_exps.weight offset=1072812504 bytes=563200 layout=DIRECT
token0_blk6_routed expert_id=34 selected_range tensor=blk.1.ffn_down_exps.weight offset=1144857064 bytes=1622016 layout=DIRECT
token0_blk6_routed prefetch expert_id=34 tensor=blk.1.ffn_gate_exps.weight dependency_distance=0
token0_blk6_routed prefetch expert_id=34 tensor=blk.1.ffn_up_exps.weight dependency_distance=0
token0_blk6_routed prefetch expert_id=34 tensor=blk.1.ffn_down_exps.weight dependency_distance=2
expert_parity max_abs=0 max_rel=0 mean_abs=0 tolerance=1e-5
token0_blk6_routed expert_id=34 consumer_wait=not_instrumented acquire_release=recorded peak_active=1622016 peak_resident=132065280
token0_blk6_routed expert_rank=4 expert_id=22 router_rank=4 graph_created=YES graph_refs=gate:0,up:1,down:2 storage_ref_base=60066 score_preserved=YES
token0_blk6_routed expert_id=22 selected_range tensor=blk.1.ffn_gate_exps.weight offset=1030009288 bytes=563200 layout=DIRECT
token0_blk6_routed expert_id=22 selected_range tensor=blk.1.ffn_up_exps.weight offset=1066054104 bytes=563200 layout=DIRECT
token0_blk6_routed expert_id=22 selected_range tensor=blk.1.ffn_down_exps.weight offset=1125392872 bytes=1622016 layout=DIRECT
token0_blk6_routed prefetch expert_id=22 tensor=blk.1.ffn_gate_exps.weight dependency_distance=0
token0_blk6_routed prefetch expert_id=22 tensor=blk.1.ffn_up_exps.weight dependency_distance=0
token0_blk6_routed prefetch expert_id=22 tensor=blk.1.ffn_down_exps.weight dependency_distance=2
expert_parity max_abs=0 max_rel=0 mean_abs=0 tolerance=1e-5
token0_blk6_routed expert_id=22 consumer_wait=not_instrumented acquire_release=recorded peak_active=1622016 peak_resident=133576704
token0_blk6_routed expert_rank=5 expert_id=11 router_rank=5 graph_created=YES graph_refs=gate:0,up:1,down:2 storage_ref_base=60033 score_preserved=YES
token0_blk6_routed expert_id=11 selected_range tensor=blk.1.ffn_gate_exps.weight offset=1023814088 bytes=563200 layout=DIRECT
token0_blk6_routed expert_id=11 selected_range tensor=blk.1.ffn_up_exps.weight offset=1059858904 bytes=563200 layout=DIRECT
token0_blk6_routed expert_id=11 selected_range tensor=blk.1.ffn_down_exps.weight offset=1107550696 bytes=1622016 layout=DIRECT
token0_blk6_routed prefetch expert_id=11 tensor=blk.1.ffn_gate_exps.weight dependency_distance=0
token0_blk6_routed prefetch expert_id=11 tensor=blk.1.ffn_up_exps.weight dependency_distance=0
token0_blk6_routed prefetch expert_id=11 tensor=blk.1.ffn_down_exps.weight dependency_distance=2
expert_parity max_abs=0 max_rel=0 mean_abs=0 tolerance=1e-5
token0_blk6_routed expert_id=11 consumer_wait=not_instrumented acquire_release=recorded peak_active=1622016 peak_resident=134069248
token0_blk6_routed residency_hits=36 residency_misses=42 source_reads=18 materialization_requests=18 source_policy_calls=18 evictions=8 resident_tensors_after=163
routed_merge_parity max_abs=0 max_rel=0 mean_abs=0 tolerance=1e-5
shared_expert_parity max_abs=0 max_rel=0 mean_abs=0 tolerance=1e-5
pre_residual_composition_parity max_abs=0 max_rel=0 mean_abs=0 tolerance=1e-5
final_layer_parity max_abs=0 max_rel=0 mean_abs=0 tolerance=1e-5
token0_blk6 shared_expert=REQUIRED shared_graph_created=YES residual_add=YES final_composition=PASS
ffn_timing tensor=blk.1.ffn_gate_inp.weight payload_ready_ns=8894266853145 first_consumer_start_ns=8894387752994 payload_to_first_consumer_ns=120899849
ffn_timing tensor=blk.1.ffn_gate_shexp.weight payload_ready_ns=8899654482316 first_consumer_start_ns=8899769980213 payload_to_first_consumer_ns=115497897
ffn_timing tensor=blk.1.ffn_gate_exps.weight payload_ready_ns=8894569507794 first_consumer_start_ns=8894691754809 payload_to_first_consumer_ns=122247015
token0_blk6 full_layer_residency_hits=46 misses=51 evictions=14 source_reads=23 source_bytes=20402176 materialization_requests=23 resident_tensors_after=160
token0_blk6 full_layer_peak_active_persistent_bytes=1622016 full_layer_peak_resident_bytes=134069248
token0_blk6 first_payload_to_shared_compute_start_ns=5617259975 execution_ready_to_consumer_ns=NOT_INSTRUMENTED payload_to_first_useful_compute=NOT_INSTRUMENTED
normalized_input_parity max_abs=0 max_rel=0 mean_abs=0 tolerance=1e-5
router_score_parity max_abs=1.60933e-06 max_rel=5.13535e-05 mean_abs=3.557e-07 tolerance=1e-5
selected_weight_parity max_abs=1.19209e-07 max_rel=6.82935e-07 mean_abs=6.70552e-08 tolerance=1e-5
reference_token0_blk6 topk_ids=20,23,55,34,22,11 normalized_weights=0.174554,0.16932,0.167582,0.167243,0.161773,0.159528,
reference_token0_blk6_routed expert_rank=0 expert_id=20 router_rank=0 graph_created=YES graph_refs=gate:0,up:1,down:2 storage_ref_base=60060 score_preserved=YES
reference_token0_blk6_routed expert_id=20 selected_range tensor=blk.1.ffn_gate_exps.weight offset=1028882888 bytes=563200 layout=DIRECT
reference_token0_blk6_routed expert_id=20 selected_range tensor=blk.1.ffn_up_exps.weight offset=1064927704 bytes=563200 layout=DIRECT
reference_token0_blk6_routed expert_id=20 selected_range tensor=blk.1.ffn_down_exps.weight offset=1122148840 bytes=1622016 layout=DIRECT
reference_token0_blk6_routed prefetch expert_id=20 tensor=blk.1.ffn_gate_exps.weight dependency_distance=0
reference_token0_blk6_routed prefetch expert_id=20 tensor=blk.1.ffn_up_exps.weight dependency_distance=0
reference_token0_blk6_routed prefetch expert_id=20 tensor=blk.1.ffn_down_exps.weight dependency_distance=2
expert_parity max_abs=0 max_rel=0 mean_abs=0 tolerance=1e-5
reference_token0_blk6_routed expert_id=20 consumer_wait=not_instrumented acquire_release=recorded peak_active=1622016 peak_resident=3280896
reference_token0_blk6_routed expert_rank=1 expert_id=23 router_rank=1 graph_created=YES graph_refs=gate:0,up:1,down:2 storage_ref_base=60069 score_preserved=YES
reference_token0_blk6_routed expert_id=23 selected_range tensor=blk.1.ffn_gate_exps.weight offset=1030572488 bytes=563200 layout=DIRECT
reference_token0_blk6_routed expert_id=23 selected_range tensor=blk.1.ffn_up_exps.weight offset=1066617304 bytes=563200 layout=DIRECT
reference_token0_blk6_routed expert_id=23 selected_range tensor=blk.1.ffn_down_exps.weight offset=1127014888 bytes=1622016 layout=DIRECT
reference_token0_blk6_routed prefetch expert_id=23 tensor=blk.1.ffn_gate_exps.weight dependency_distance=0
reference_token0_blk6_routed prefetch expert_id=23 tensor=blk.1.ffn_up_exps.weight dependency_distance=0
reference_token0_blk6_routed prefetch expert_id=23 tensor=blk.1.ffn_down_exps.weight dependency_distance=2
expert_parity max_abs=0 max_rel=0 mean_abs=0 tolerance=1e-5
reference_token0_blk6_routed expert_id=23 consumer_wait=not_instrumented acquire_release=recorded peak_active=1622016 peak_resident=6029312
reference_token0_blk6_routed expert_rank=2 expert_id=55 router_rank=2 graph_created=YES graph_refs=gate:0,up:1,down:2 storage_ref_base=60165 score_preserved=YES
reference_token0_blk6_routed expert_id=55 selected_range tensor=blk.1.ffn_gate_exps.weight offset=1048594888 bytes=563200 layout=DIRECT
reference_token0_blk6_routed expert_id=55 selected_range tensor=blk.1.ffn_up_exps.weight offset=1084639704 bytes=563200 layout=DIRECT
reference_token0_blk6_routed expert_id=55 selected_range tensor=blk.1.ffn_down_exps.weight offset=1178919400 bytes=1622016 layout=DIRECT
reference_token0_blk6_routed prefetch expert_id=55 tensor=blk.1.ffn_gate_exps.weight dependency_distance=0
reference_token0_blk6_routed prefetch expert_id=55 tensor=blk.1.ffn_up_exps.weight dependency_distance=0
reference_token0_blk6_routed prefetch expert_id=55 tensor=blk.1.ffn_down_exps.weight dependency_distance=2
expert_parity max_abs=0 max_rel=0 mean_abs=0 tolerance=1e-5
reference_token0_blk6_routed expert_id=55 consumer_wait=not_instrumented acquire_release=recorded peak_active=1622016 peak_resident=8245248
reference_token0_blk6_routed expert_rank=3 expert_id=34 router_rank=3 graph_created=YES graph_refs=gate:0,up:1,down:2 storage_ref_base=60102 score_preserved=YES
reference_token0_blk6_routed expert_id=34 selected_range tensor=blk.1.ffn_gate_exps.weight offset=1036767688 bytes=563200 layout=DIRECT
reference_token0_blk6_routed expert_id=34 selected_range tensor=blk.1.ffn_up_exps.weight offset=1072812504 bytes=563200 layout=DIRECT
reference_token0_blk6_routed expert_id=34 selected_range tensor=blk.1.ffn_down_exps.weight offset=1144857064 bytes=1622016 layout=DIRECT
reference_token0_blk6_routed prefetch expert_id=34 tensor=blk.1.ffn_gate_exps.weight dependency_distance=0
reference_token0_blk6_routed prefetch expert_id=34 tensor=blk.1.ffn_up_exps.weight dependency_distance=0
reference_token0_blk6_routed prefetch expert_id=34 tensor=blk.1.ffn_down_exps.weight dependency_distance=2
expert_parity max_abs=0 max_rel=0 mean_abs=0 tolerance=1e-5
reference_token0_blk6_routed expert_id=34 consumer_wait=not_instrumented acquire_release=recorded peak_active=1622016 peak_resident=8245248
reference_token0_blk6_routed expert_rank=4 expert_id=22 router_rank=4 graph_created=YES graph_refs=gate:0,up:1,down:2 storage_ref_base=60066 score_preserved=YES
reference_token0_blk6_routed expert_id=22 selected_range tensor=blk.1.ffn_gate_exps.weight offset=1030009288 bytes=563200 layout=DIRECT
reference_token0_blk6_routed expert_id=22 selected_range tensor=blk.1.ffn_up_exps.weight offset=1066054104 bytes=563200 layout=DIRECT
reference_token0_blk6_routed expert_id=22 selected_range tensor=blk.1.ffn_down_exps.weight offset=1125392872 bytes=1622016 layout=DIRECT
reference_token0_blk6_routed prefetch expert_id=22 tensor=blk.1.ffn_gate_exps.weight dependency_distance=0
reference_token0_blk6_routed prefetch expert_id=22 tensor=blk.1.ffn_up_exps.weight dependency_distance=0
reference_token0_blk6_routed prefetch expert_id=22 tensor=blk.1.ffn_down_exps.weight dependency_distance=2
expert_parity max_abs=0 max_rel=0 mean_abs=0 tolerance=1e-5
reference_token0_blk6_routed expert_id=22 consumer_wait=not_instrumented acquire_release=recorded peak_active=1622016 peak_resident=8245248
reference_token0_blk6_routed expert_rank=5 expert_id=11 router_rank=5 graph_created=YES graph_refs=gate:0,up:1,down:2 storage_ref_base=60033 score_preserved=YES
reference_token0_blk6_routed expert_id=11 selected_range tensor=blk.1.ffn_gate_exps.weight offset=1023814088 bytes=563200 layout=DIRECT
reference_token0_blk6_routed expert_id=11 selected_range tensor=blk.1.ffn_up_exps.weight offset=1059858904 bytes=563200 layout=DIRECT
reference_token0_blk6_routed expert_id=11 selected_range tensor=blk.1.ffn_down_exps.weight offset=1107550696 bytes=1622016 layout=DIRECT
reference_token0_blk6_routed prefetch expert_id=11 tensor=blk.1.ffn_gate_exps.weight dependency_distance=0
reference_token0_blk6_routed prefetch expert_id=11 tensor=blk.1.ffn_up_exps.weight dependency_distance=0
reference_token0_blk6_routed prefetch expert_id=11 tensor=blk.1.ffn_down_exps.weight dependency_distance=2
expert_parity max_abs=0 max_rel=0 mean_abs=0 tolerance=1e-5
reference_token0_blk6_routed expert_id=11 consumer_wait=not_instrumented acquire_release=recorded peak_active=1622016 peak_resident=8245248
reference_token0_blk6_routed residency_hits=36 residency_misses=42 source_reads=18 materialization_requests=18 source_policy_calls=18 evictions=11 resident_tensors_after=9
routed_merge_parity max_abs=0 max_rel=0 mean_abs=0 tolerance=1e-5
shared_expert_parity max_abs=0 max_rel=0 mean_abs=0 tolerance=1e-5
pre_residual_composition_parity max_abs=0 max_rel=0 mean_abs=0 tolerance=1e-5
final_layer_parity max_abs=0 max_rel=0 mean_abs=0 tolerance=1e-5
reference_token0_blk6 shared_expert=REQUIRED shared_graph_created=YES residual_add=YES final_composition=PASS
ffn_timing tensor=blk.1.ffn_gate_inp.weight payload_ready_ns=8900754652420 first_consumer_start_ns=8900886980260 payload_to_first_consumer_ns=132327840
ffn_timing tensor=blk.1.ffn_gate_shexp.weight payload_ready_ns=8906206524411 first_consumer_start_ns=8906288445514 payload_to_first_consumer_ns=81921103
ffn_timing tensor=blk.1.ffn_gate_exps.weight payload_ready_ns=8901080021880 first_consumer_start_ns=8901202160266 payload_to_first_consumer_ns=122138386
reference_token0_blk6 full_layer_residency_hits=46 misses=51 evictions=15 source_reads=23 source_bytes=20402176 materialization_requests=23 resident_tensors_after=8
reference_token0_blk6 full_layer_peak_active_persistent_bytes=1622016 full_layer_peak_resident_bytes=8312832
reference_token0_blk6 first_payload_to_shared_compute_start_ns=5715928816 execution_ready_to_consumer_ns=NOT_INSTRUMENTED payload_to_first_useful_compute=NOT_INSTRUMENTED
token0_blk6_attention_parity max_abs=0 max_rel=0 mean_abs=0 tolerance=1e-5
token0_blk6_block_parity max_abs=0 max_rel=0 mean_abs=0 tolerance=1e-5
token0 block_handoff block=7 handoff_ns=34420 activation_copy_bytes=0
attention_timing tensor=blk.1.attn_norm.weight payload_ready_ns=8820953883260 first_consumer_start_ns=8906916773235 payload_to_first_consumer_ns=85962889975
attention_timing tensor=blk.1.attn_q.weight payload_ready_ns=8821318935555 first_consumer_start_ns=8907126629931 payload_to_first_consumer_ns=85807694376
attention_timing tensor=blk.1.attn_kv_a_mqa.weight payload_ready_ns=8821650255850 first_consumer_start_ns=8907333153712 payload_to_first_consumer_ns=85682897862
attention_timing tensor=blk.1.attn_kv_a_norm.weight payload_ready_ns=8821952236454 first_consumer_start_ns=8907537992006 payload_to_first_consumer_ns=85585755552
attention_timing tensor=blk.1.attn_kv_b.weight payload_ready_ns=8822268019555 first_consumer_start_ns=8907749536219 payload_to_first_consumer_ns=85481516664
attention_timing tensor=blk.1.attn_output.weight payload_ready_ns=8822560652069 first_consumer_start_ns=8907960660700 payload_to_first_consumer_ns=85400008631
token0_blk7 position=0 state_k_positions=1 state_v_positions=1 attention_probs=1,1,1,1,1,1,1,1,1,1,1,1,1,1,1,1,
reference_attention position=0 state_k_positions=1 state_v_positions=1 attention_probs=1,1,1,1,1,1,1,1,1,1,1,1,1,1,1,1,
normalized_input_parity max_abs=0 max_rel=0 mean_abs=0 tolerance=1e-5
router_score_parity max_abs=1.2517e-06 max_rel=0.000158625 mean_abs=2.37978e-07 tolerance=1e-5
selected_weight_parity max_abs=5.96046e-08 max_rel=3.84621e-07 mean_abs=2.23517e-08 tolerance=1e-5
token0_blk7 topk_ids=53,18,38,1,47,31 normalized_weights=0.227956,0.176807,0.159192,0.15497,0.142203,0.138873,
token0_blk7_routed expert_rank=0 expert_id=53 router_rank=0 graph_created=YES graph_refs=gate:0,up:1,down:2 storage_ref_base=70159 score_preserved=YES
token0_blk7_routed expert_id=53 selected_range tensor=blk.1.ffn_gate_exps.weight offset=1230239376 bytes=563200 layout=DIRECT
token0_blk7_routed expert_id=53 selected_range tensor=blk.1.ffn_up_exps.weight offset=1266284192 bytes=563200 layout=DIRECT
token0_blk7_routed expert_id=53 selected_range tensor=blk.1.ffn_down_exps.weight offset=1358446256 bytes=1622016 layout=DIRECT
token0_blk7_routed prefetch expert_id=53 tensor=blk.1.ffn_gate_exps.weight dependency_distance=0
token0_blk7_routed prefetch expert_id=53 tensor=blk.1.ffn_up_exps.weight dependency_distance=0
token0_blk7_routed prefetch expert_id=53 tensor=blk.1.ffn_down_exps.weight dependency_distance=2
expert_parity max_abs=0 max_rel=0 mean_abs=0 tolerance=1e-5
token0_blk7_routed expert_id=53 consumer_wait=not_instrumented acquire_release=recorded peak_active=1622016 peak_resident=134001664
token0_blk7_routed expert_rank=1 expert_id=18 router_rank=1 graph_created=YES graph_refs=gate:0,up:1,down:2 storage_ref_base=70054 score_preserved=YES
token0_blk7_routed expert_id=18 selected_range tensor=blk.1.ffn_gate_exps.weight offset=1210527376 bytes=563200 layout=DIRECT
token0_blk7_routed expert_id=18 selected_range tensor=blk.1.ffn_up_exps.weight offset=1246572192 bytes=563200 layout=DIRECT
token0_blk7_routed expert_id=18 selected_range tensor=blk.1.ffn_down_exps.weight offset=1301675696 bytes=1622016 layout=DIRECT
token0_blk7_routed prefetch expert_id=18 tensor=blk.1.ffn_gate_exps.weight dependency_distance=0
token0_blk7_routed prefetch expert_id=18 tensor=blk.1.ffn_up_exps.weight dependency_distance=0
token0_blk7_routed prefetch expert_id=18 tensor=blk.1.ffn_down_exps.weight dependency_distance=2
expert_parity max_abs=0 max_rel=0 mean_abs=0 tolerance=1e-5
token0_blk7_routed expert_id=18 consumer_wait=not_instrumented acquire_release=recorded peak_active=1622016 peak_resident=133934080
token0_blk7_routed expert_rank=2 expert_id=38 router_rank=2 graph_created=YES graph_refs=gate:0,up:1,down:2 storage_ref_base=70114 score_preserved=YES
token0_blk7_routed expert_id=38 selected_range tensor=blk.1.ffn_gate_exps.weight offset=1221791376 bytes=563200 layout=DIRECT
token0_blk7_routed expert_id=38 selected_range tensor=blk.1.ffn_up_exps.weight offset=1257836192 bytes=563200 layout=DIRECT
token0_blk7_routed expert_id=38 selected_range tensor=blk.1.ffn_down_exps.weight offset=1334116016 bytes=1622016 layout=DIRECT
token0_blk7_routed prefetch expert_id=38 tensor=blk.1.ffn_gate_exps.weight dependency_distance=0
token0_blk7_routed prefetch expert_id=38 tensor=blk.1.ffn_up_exps.weight dependency_distance=0
token0_blk7_routed prefetch expert_id=38 tensor=blk.1.ffn_down_exps.weight dependency_distance=2
expert_parity max_abs=0 max_rel=0 mean_abs=0 tolerance=1e-5
token0_blk7_routed expert_id=38 consumer_wait=not_instrumented acquire_release=recorded peak_active=1622016 peak_resident=133722112
token0_blk7_routed expert_rank=3 expert_id=1 router_rank=3 graph_created=YES graph_refs=gate:0,up:1,down:2 storage_ref_base=70003 score_preserved=YES
token0_blk7_routed expert_id=1 selected_range tensor=blk.1.ffn_gate_exps.weight offset=1200952976 bytes=563200 layout=DIRECT
token0_blk7_routed expert_id=1 selected_range tensor=blk.1.ffn_up_exps.weight offset=1236997792 bytes=563200 layout=DIRECT
token0_blk7_routed expert_id=1 selected_range tensor=blk.1.ffn_down_exps.weight offset=1274101424 bytes=1622016 layout=DIRECT
token0_blk7_routed prefetch expert_id=1 tensor=blk.1.ffn_gate_exps.weight dependency_distance=0
token0_blk7_routed prefetch expert_id=1 tensor=blk.1.ffn_up_exps.weight dependency_distance=0
token0_blk7_routed prefetch expert_id=1 tensor=blk.1.ffn_down_exps.weight dependency_distance=2
expert_parity max_abs=0 max_rel=0 mean_abs=0 tolerance=1e-5
token0_blk7_routed expert_id=1 consumer_wait=not_instrumented acquire_release=recorded peak_active=1622016 peak_resident=133685248
token0_blk7_routed expert_rank=4 expert_id=47 router_rank=4 graph_created=YES graph_refs=gate:0,up:1,down:2 storage_ref_base=70141 score_preserved=YES
token0_blk7_routed expert_id=47 selected_range tensor=blk.1.ffn_gate_exps.weight offset=1226860176 bytes=563200 layout=DIRECT
token0_blk7_routed expert_id=47 selected_range tensor=blk.1.ffn_up_exps.weight offset=1262904992 bytes=563200 layout=DIRECT
token0_blk7_routed expert_id=47 selected_range tensor=blk.1.ffn_down_exps.weight offset=1348714160 bytes=1622016 layout=DIRECT
token0_blk7_routed prefetch expert_id=47 tensor=blk.1.ffn_gate_exps.weight dependency_distance=0
token0_blk7_routed prefetch expert_id=47 tensor=blk.1.ffn_up_exps.weight dependency_distance=0
token0_blk7_routed prefetch expert_id=47 tensor=blk.1.ffn_down_exps.weight dependency_distance=2
expert_parity max_abs=0 max_rel=0 mean_abs=0 tolerance=1e-5
token0_blk7_routed expert_id=47 consumer_wait=not_instrumented acquire_release=recorded peak_active=1622016 peak_resident=134180864
token0_blk7_routed expert_rank=5 expert_id=31 router_rank=5 graph_created=YES graph_refs=gate:0,up:1,down:2 storage_ref_base=70093 score_preserved=YES
token0_blk7_routed expert_id=31 selected_range tensor=blk.1.ffn_gate_exps.weight offset=1217848976 bytes=563200 layout=DIRECT
token0_blk7_routed expert_id=31 selected_range tensor=blk.1.ffn_up_exps.weight offset=1253893792 bytes=563200 layout=DIRECT
token0_blk7_routed expert_id=31 selected_range tensor=blk.1.ffn_down_exps.weight offset=1322761904 bytes=1622016 layout=DIRECT
token0_blk7_routed prefetch expert_id=31 tensor=blk.1.ffn_gate_exps.weight dependency_distance=0
token0_blk7_routed prefetch expert_id=31 tensor=blk.1.ffn_up_exps.weight dependency_distance=0
token0_blk7_routed prefetch expert_id=31 tensor=blk.1.ffn_down_exps.weight dependency_distance=2
expert_parity max_abs=0 max_rel=0 mean_abs=0 tolerance=1e-5
token0_blk7_routed expert_id=31 consumer_wait=not_instrumented acquire_release=recorded peak_active=1622016 peak_resident=133968896
token0_blk7_routed residency_hits=36 residency_misses=42 source_reads=18 materialization_requests=18 source_policy_calls=18 evictions=30 resident_tensors_after=149
routed_merge_parity max_abs=0 max_rel=0 mean_abs=0 tolerance=1e-5
shared_expert_parity max_abs=0 max_rel=0 mean_abs=0 tolerance=1e-5
pre_residual_composition_parity max_abs=0 max_rel=0 mean_abs=0 tolerance=1e-5
final_layer_parity max_abs=0 max_rel=0 mean_abs=0 tolerance=1e-5
token0_blk7 shared_expert=REQUIRED shared_graph_created=YES residual_add=YES final_composition=PASS
ffn_timing tensor=blk.1.ffn_gate_inp.weight payload_ready_ns=8908303278720 first_consumer_start_ns=8908387822265 payload_to_first_consumer_ns=84543545
ffn_timing tensor=blk.1.ffn_gate_shexp.weight payload_ready_ns=8913570321134 first_consumer_start_ns=8913688469455 payload_to_first_consumer_ns=118148321
ffn_timing tensor=blk.1.ffn_gate_exps.weight payload_ready_ns=8908515539636 first_consumer_start_ns=8908600640084 payload_to_first_consumer_ns=85100448
token0_blk7 full_layer_residency_hits=46 misses=51 evictions=38 source_reads=23 source_bytes=20402176 materialization_requests=23 resident_tensors_after=145
token0_blk7 full_layer_peak_active_persistent_bytes=1622016 full_layer_peak_resident_bytes=134180864
token0_blk7 first_payload_to_shared_compute_start_ns=5408956016 execution_ready_to_consumer_ns=NOT_INSTRUMENTED payload_to_first_useful_compute=NOT_INSTRUMENTED
normalized_input_parity max_abs=0 max_rel=0 mean_abs=0 tolerance=1e-5
router_score_parity max_abs=1.2517e-06 max_rel=0.000158625 mean_abs=2.37978e-07 tolerance=1e-5
selected_weight_parity max_abs=5.96046e-08 max_rel=3.84621e-07 mean_abs=2.23517e-08 tolerance=1e-5
reference_token0_blk7 topk_ids=53,18,38,1,47,31 normalized_weights=0.227956,0.176807,0.159192,0.15497,0.142203,0.138873,
reference_token0_blk7_routed expert_rank=0 expert_id=53 router_rank=0 graph_created=YES graph_refs=gate:0,up:1,down:2 storage_ref_base=70159 score_preserved=YES
reference_token0_blk7_routed expert_id=53 selected_range tensor=blk.1.ffn_gate_exps.weight offset=1230239376 bytes=563200 layout=DIRECT
reference_token0_blk7_routed expert_id=53 selected_range tensor=blk.1.ffn_up_exps.weight offset=1266284192 bytes=563200 layout=DIRECT
reference_token0_blk7_routed expert_id=53 selected_range tensor=blk.1.ffn_down_exps.weight offset=1358446256 bytes=1622016 layout=DIRECT
reference_token0_blk7_routed prefetch expert_id=53 tensor=blk.1.ffn_gate_exps.weight dependency_distance=0
reference_token0_blk7_routed prefetch expert_id=53 tensor=blk.1.ffn_up_exps.weight dependency_distance=0
reference_token0_blk7_routed prefetch expert_id=53 tensor=blk.1.ffn_down_exps.weight dependency_distance=2
expert_parity max_abs=0 max_rel=0 mean_abs=0 tolerance=1e-5
reference_token0_blk7_routed expert_id=53 consumer_wait=not_instrumented acquire_release=recorded peak_active=1622016 peak_resident=3280896
reference_token0_blk7_routed expert_rank=1 expert_id=18 router_rank=1 graph_created=YES graph_refs=gate:0,up:1,down:2 storage_ref_base=70054 score_preserved=YES
reference_token0_blk7_routed expert_id=18 selected_range tensor=blk.1.ffn_gate_exps.weight offset=1210527376 bytes=563200 layout=DIRECT
reference_token0_blk7_routed expert_id=18 selected_range tensor=blk.1.ffn_up_exps.weight offset=1246572192 bytes=563200 layout=DIRECT
reference_token0_blk7_routed expert_id=18 selected_range tensor=blk.1.ffn_down_exps.weight offset=1301675696 bytes=1622016 layout=DIRECT
reference_token0_blk7_routed prefetch expert_id=18 tensor=blk.1.ffn_gate_exps.weight dependency_distance=0
reference_token0_blk7_routed prefetch expert_id=18 tensor=blk.1.ffn_up_exps.weight dependency_distance=0
reference_token0_blk7_routed prefetch expert_id=18 tensor=blk.1.ffn_down_exps.weight dependency_distance=2
expert_parity max_abs=0 max_rel=0 mean_abs=0 tolerance=1e-5
reference_token0_blk7_routed expert_id=18 consumer_wait=not_instrumented acquire_release=recorded peak_active=1622016 peak_resident=6029312
reference_token0_blk7_routed expert_rank=2 expert_id=38 router_rank=2 graph_created=YES graph_refs=gate:0,up:1,down:2 storage_ref_base=70114 score_preserved=YES
reference_token0_blk7_routed expert_id=38 selected_range tensor=blk.1.ffn_gate_exps.weight offset=1221791376 bytes=563200 layout=DIRECT
reference_token0_blk7_routed expert_id=38 selected_range tensor=blk.1.ffn_up_exps.weight offset=1257836192 bytes=563200 layout=DIRECT
reference_token0_blk7_routed expert_id=38 selected_range tensor=blk.1.ffn_down_exps.weight offset=1334116016 bytes=1622016 layout=DIRECT
reference_token0_blk7_routed prefetch expert_id=38 tensor=blk.1.ffn_gate_exps.weight dependency_distance=0
reference_token0_blk7_routed prefetch expert_id=38 tensor=blk.1.ffn_up_exps.weight dependency_distance=0
reference_token0_blk7_routed prefetch expert_id=38 tensor=blk.1.ffn_down_exps.weight dependency_distance=2
expert_parity max_abs=0 max_rel=0 mean_abs=0 tolerance=1e-5
reference_token0_blk7_routed expert_id=38 consumer_wait=not_instrumented acquire_release=recorded peak_active=1622016 peak_resident=8245248
reference_token0_blk7_routed expert_rank=3 expert_id=1 router_rank=3 graph_created=YES graph_refs=gate:0,up:1,down:2 storage_ref_base=70003 score_preserved=YES
reference_token0_blk7_routed expert_id=1 selected_range tensor=blk.1.ffn_gate_exps.weight offset=1200952976 bytes=563200 layout=DIRECT
reference_token0_blk7_routed expert_id=1 selected_range tensor=blk.1.ffn_up_exps.weight offset=1236997792 bytes=563200 layout=DIRECT
reference_token0_blk7_routed expert_id=1 selected_range tensor=blk.1.ffn_down_exps.weight offset=1274101424 bytes=1622016 layout=DIRECT
reference_token0_blk7_routed prefetch expert_id=1 tensor=blk.1.ffn_gate_exps.weight dependency_distance=0
reference_token0_blk7_routed prefetch expert_id=1 tensor=blk.1.ffn_up_exps.weight dependency_distance=0
reference_token0_blk7_routed prefetch expert_id=1 tensor=blk.1.ffn_down_exps.weight dependency_distance=2
expert_parity max_abs=0 max_rel=0 mean_abs=0 tolerance=1e-5
reference_token0_blk7_routed expert_id=1 consumer_wait=not_instrumented acquire_release=recorded peak_active=1622016 peak_resident=8245248
reference_token0_blk7_routed expert_rank=4 expert_id=47 router_rank=4 graph_created=YES graph_refs=gate:0,up:1,down:2 storage_ref_base=70141 score_preserved=YES
reference_token0_blk7_routed expert_id=47 selected_range tensor=blk.1.ffn_gate_exps.weight offset=1226860176 bytes=563200 layout=DIRECT
reference_token0_blk7_routed expert_id=47 selected_range tensor=blk.1.ffn_up_exps.weight offset=1262904992 bytes=563200 layout=DIRECT
reference_token0_blk7_routed expert_id=47 selected_range tensor=blk.1.ffn_down_exps.weight offset=1348714160 bytes=1622016 layout=DIRECT
reference_token0_blk7_routed prefetch expert_id=47 tensor=blk.1.ffn_gate_exps.weight dependency_distance=0
reference_token0_blk7_routed prefetch expert_id=47 tensor=blk.1.ffn_up_exps.weight dependency_distance=0
reference_token0_blk7_routed prefetch expert_id=47 tensor=blk.1.ffn_down_exps.weight dependency_distance=2
expert_parity max_abs=0 max_rel=0 mean_abs=0 tolerance=1e-5
reference_token0_blk7_routed expert_id=47 consumer_wait=not_instrumented acquire_release=recorded peak_active=1622016 peak_resident=8245248
reference_token0_blk7_routed expert_rank=5 expert_id=31 router_rank=5 graph_created=YES graph_refs=gate:0,up:1,down:2 storage_ref_base=70093 score_preserved=YES
reference_token0_blk7_routed expert_id=31 selected_range tensor=blk.1.ffn_gate_exps.weight offset=1217848976 bytes=563200 layout=DIRECT
reference_token0_blk7_routed expert_id=31 selected_range tensor=blk.1.ffn_up_exps.weight offset=1253893792 bytes=563200 layout=DIRECT
reference_token0_blk7_routed expert_id=31 selected_range tensor=blk.1.ffn_down_exps.weight offset=1322761904 bytes=1622016 layout=DIRECT
reference_token0_blk7_routed prefetch expert_id=31 tensor=blk.1.ffn_gate_exps.weight dependency_distance=0
reference_token0_blk7_routed prefetch expert_id=31 tensor=blk.1.ffn_up_exps.weight dependency_distance=0
reference_token0_blk7_routed prefetch expert_id=31 tensor=blk.1.ffn_down_exps.weight dependency_distance=2
expert_parity max_abs=0 max_rel=0 mean_abs=0 tolerance=1e-5
reference_token0_blk7_routed expert_id=31 consumer_wait=not_instrumented acquire_release=recorded peak_active=1622016 peak_resident=8245248
reference_token0_blk7_routed residency_hits=36 residency_misses=42 source_reads=18 materialization_requests=18 source_policy_calls=18 evictions=11 resident_tensors_after=9
routed_merge_parity max_abs=0 max_rel=0 mean_abs=0 tolerance=1e-5
shared_expert_parity max_abs=0 max_rel=0 mean_abs=0 tolerance=1e-5
pre_residual_composition_parity max_abs=0 max_rel=0 mean_abs=0 tolerance=1e-5
final_layer_parity max_abs=0 max_rel=0 mean_abs=0 tolerance=1e-5
reference_token0_blk7 shared_expert=REQUIRED shared_graph_created=YES residual_add=YES final_composition=PASS
ffn_timing tensor=blk.1.ffn_gate_inp.weight payload_ready_ns=8914732621094 first_consumer_start_ns=8914840932273 payload_to_first_consumer_ns=108311179
ffn_timing tensor=blk.1.ffn_gate_shexp.weight payload_ready_ns=8920321395563 first_consumer_start_ns=8920440859822 payload_to_first_consumer_ns=119464259
ffn_timing tensor=blk.1.ffn_gate_exps.weight payload_ready_ns=8915015883390 first_consumer_start_ns=8915128664349 payload_to_first_consumer_ns=112780959
reference_token0_blk7 full_layer_residency_hits=46 misses=51 evictions=15 source_reads=23 source_bytes=20402176 materialization_requests=23 resident_tensors_after=8
reference_token0_blk7 full_layer_peak_active_persistent_bytes=1622016 full_layer_peak_resident_bytes=8312832
reference_token0_blk7 first_payload_to_shared_compute_start_ns=5822092848 execution_ready_to_consumer_ns=NOT_INSTRUMENTED payload_to_first_useful_compute=NOT_INSTRUMENTED
token0_blk7_attention_parity max_abs=0 max_rel=0 mean_abs=0 tolerance=1e-5
token0_blk7_block_parity max_abs=0 max_rel=0 mean_abs=0 tolerance=1e-5
token0 block_handoff block=8 handoff_ns=52011 activation_copy_bytes=0
attention_timing tensor=blk.1.attn_norm.weight payload_ready_ns=8820953883260 first_consumer_start_ns=8921226261750 payload_to_first_consumer_ns=100272378490
attention_timing tensor=blk.1.attn_q.weight payload_ready_ns=8821318935555 first_consumer_start_ns=8921466660224 payload_to_first_consumer_ns=100147724669
attention_timing tensor=blk.1.attn_kv_a_mqa.weight payload_ready_ns=8821650255850 first_consumer_start_ns=8921698306389 payload_to_first_consumer_ns=100048050539
attention_timing tensor=blk.1.attn_kv_a_norm.weight payload_ready_ns=8821952236454 first_consumer_start_ns=8921940566641 payload_to_first_consumer_ns=99988330187
attention_timing tensor=blk.1.attn_kv_b.weight payload_ready_ns=8822268019555 first_consumer_start_ns=8922189089850 payload_to_first_consumer_ns=99921070295
attention_timing tensor=blk.1.attn_output.weight payload_ready_ns=8822560652069 first_consumer_start_ns=8922426453140 payload_to_first_consumer_ns=99865801071
token0_blk8 position=0 state_k_positions=1 state_v_positions=1 attention_probs=1,1,1,1,1,1,1,1,1,1,1,1,1,1,1,1,
reference_attention position=0 state_k_positions=1 state_v_positions=1 attention_probs=1,1,1,1,1,1,1,1,1,1,1,1,1,1,1,1,
poc17_phase name=cold_token1 event_begin=2086
attention_timing tensor=blk.1.attn_norm.weight payload_ready_ns=8820953883260 first_consumer_start_ns=8922677084239 payload_to_first_consumer_ns=101723200979
attention_timing tensor=blk.1.attn_q.weight payload_ready_ns=8821318935555 first_consumer_start_ns=8922960468459 payload_to_first_consumer_ns=101641532904
attention_timing tensor=blk.1.attn_kv_a_mqa.weight payload_ready_ns=8821650255850 first_consumer_start_ns=8923268155276 payload_to_first_consumer_ns=101617899426
attention_timing tensor=blk.1.attn_kv_a_norm.weight payload_ready_ns=8821952236454 first_consumer_start_ns=8923569140163 payload_to_first_consumer_ns=101616903709
attention_timing tensor=blk.1.attn_kv_b.weight payload_ready_ns=8822268019555 first_consumer_start_ns=8923880063193 payload_to_first_consumer_ns=101612043638
attention_timing tensor=blk.1.attn_output.weight payload_ready_ns=8822560652069 first_consumer_start_ns=8924184887888 payload_to_first_consumer_ns=101624235819
token1_blk1 position=1 state_k_positions=2 state_v_positions=2 attention_probs=0.327327,0.672673,0.410489,0.589511,0.566064,0.433936,0.327192,0.672808,0.932766,0.0672338,0.599507,0.400493,0.505362,0.494638,0.744735,0.255265,0.50687,0.49313,0.00836671,0.991633,0.754869,0.245131,0.650014,0.349986,0.537805,0.462195,0.554964,0.445036,0.523342,0.476658,0.56235,0.43765,
reference_attention position=1 state_k_positions=2 state_v_positions=2 attention_probs=0.327327,0.672673,0.410489,0.589511,0.566064,0.433936,0.327192,0.672808,0.932766,0.0672338,0.599507,0.400493,0.505362,0.494638,0.744735,0.255265,0.50687,0.49313,0.00836671,0.991633,0.754869,0.245131,0.650014,0.349986,0.537805,0.462195,0.554964,0.445036,0.523342,0.476658,0.56235,0.43765,
normalized_input_parity max_abs=0 max_rel=0 mean_abs=0 tolerance=1e-5
router_score_parity max_abs=2.86102e-06 max_rel=5.82025e-06 mean_abs=3.96627e-07 tolerance=1e-5
selected_weight_parity max_abs=2.38419e-07 max_rel=1.73796e-06 mean_abs=1.21693e-07 tolerance=1e-5
token1_blk1 topk_ids=56,29,11,3,50,26 normalized_weights=0.431742,0.24147,0.103862,0.0857397,0.0713288,0.0658583,
token1_blk1_routed expert_rank=0 expert_id=56 router_rank=0 graph_created=YES graph_refs=gate:0,up:1,down:2 storage_ref_base=10168 score_preserved=YES
token1_blk1_routed expert_id=56 selected_range tensor=blk.1.ffn_gate_exps.weight offset=135303648 bytes=563200 layout=DIRECT
token1_blk1_routed expert_id=56 selected_range tensor=blk.1.ffn_up_exps.weight offset=171348464 bytes=563200 layout=DIRECT
token1_blk1_routed expert_id=56 selected_range tensor=blk.1.ffn_down_exps.weight offset=266686976 bytes=1622016 layout=DIRECT
token1_blk1_routed prefetch expert_id=56 tensor=blk.1.ffn_gate_exps.weight dependency_distance=0
token1_blk1_routed prefetch expert_id=56 tensor=blk.1.ffn_up_exps.weight dependency_distance=0
token1_blk1_routed prefetch expert_id=56 tensor=blk.1.ffn_down_exps.weight dependency_distance=2
expert_parity max_abs=0 max_rel=0 mean_abs=0 tolerance=1e-5
token1_blk1_routed expert_id=56 consumer_wait=not_instrumented acquire_release=recorded peak_active=1622016 peak_resident=133405696
token1_blk1_routed expert_rank=1 expert_id=29 router_rank=1 graph_created=YES graph_refs=gate:0,up:1,down:2 storage_ref_base=10087 score_preserved=YES
token1_blk1_routed expert_id=29 selected_range tensor=blk.1.ffn_gate_exps.weight offset=120097248 bytes=563200 layout=DIRECT
token1_blk1_routed expert_id=29 selected_range tensor=blk.1.ffn_up_exps.weight offset=156142064 bytes=563200 layout=DIRECT
token1_blk1_routed expert_id=29 selected_range tensor=blk.1.ffn_down_exps.weight offset=222892544 bytes=1622016 layout=DIRECT
token1_blk1_routed prefetch expert_id=29 tensor=blk.1.ffn_gate_exps.weight dependency_distance=0
token1_blk1_routed prefetch expert_id=29 tensor=blk.1.ffn_up_exps.weight dependency_distance=0
token1_blk1_routed prefetch expert_id=29 tensor=blk.1.ffn_down_exps.weight dependency_distance=2
expert_parity max_abs=0 max_rel=0 mean_abs=0 tolerance=1e-5
token1_blk1_routed expert_id=29 consumer_wait=not_instrumented acquire_release=recorded peak_active=1622016 peak_resident=133932032
token1_blk1_routed expert_rank=2 expert_id=11 router_rank=2 graph_created=YES graph_refs=gate:0,up:1,down:2 storage_ref_base=10033 score_preserved=YES
token1_blk1_routed expert_id=11 selected_range tensor=blk.1.ffn_gate_exps.weight offset=109959648 bytes=563200 layout=DIRECT
token1_blk1_routed expert_id=11 selected_range tensor=blk.1.ffn_up_exps.weight offset=146004464 bytes=563200 layout=DIRECT
token1_blk1_routed expert_id=11 selected_range tensor=blk.1.ffn_down_exps.weight offset=193696256 bytes=1622016 layout=DIRECT
token1_blk1_routed prefetch expert_id=11 tensor=blk.1.ffn_gate_exps.weight dependency_distance=0
token1_blk1_routed prefetch expert_id=11 tensor=blk.1.ffn_up_exps.weight dependency_distance=0
token1_blk1_routed prefetch expert_id=11 tensor=blk.1.ffn_down_exps.weight dependency_distance=2
expert_parity max_abs=0 max_rel=0 mean_abs=0 tolerance=1e-5
token1_blk1_routed expert_id=11 consumer_wait=not_instrumented acquire_release=recorded peak_active=1622016 peak_resident=133932032
token1_blk1_routed expert_rank=3 expert_id=3 router_rank=3 graph_created=YES graph_refs=gate:0,up:1,down:2 storage_ref_base=10009 score_preserved=YES
token1_blk1_routed expert_id=3 selected_range tensor=blk.1.ffn_gate_exps.weight offset=105454048 bytes=563200 layout=DIRECT
token1_blk1_routed expert_id=3 selected_range tensor=blk.1.ffn_up_exps.weight offset=141498864 bytes=563200 layout=DIRECT
token1_blk1_routed expert_id=3 selected_range tensor=blk.1.ffn_down_exps.weight offset=180720128 bytes=1622016 layout=DIRECT
token1_blk1_routed prefetch expert_id=3 tensor=blk.1.ffn_gate_exps.weight dependency_distance=0
token1_blk1_routed prefetch expert_id=3 tensor=blk.1.ffn_up_exps.weight dependency_distance=0
token1_blk1_routed prefetch expert_id=3 tensor=blk.1.ffn_down_exps.weight dependency_distance=2
expert_parity max_abs=0 max_rel=0 mean_abs=0 tolerance=1e-5
token1_blk1_routed expert_id=3 consumer_wait=not_instrumented acquire_release=recorded peak_active=1622016 peak_resident=133932032
token1_blk1_routed expert_rank=4 expert_id=50 router_rank=4 graph_created=YES graph_refs=gate:0,up:1,down:2 storage_ref_base=10150 score_preserved=YES
token1_blk1_routed expert_id=50 selected_range tensor=blk.1.ffn_gate_exps.weight offset=131924448 bytes=563200 layout=DIRECT
token1_blk1_routed expert_id=50 selected_range tensor=blk.1.ffn_up_exps.weight offset=167969264 bytes=563200 layout=DIRECT
token1_blk1_routed expert_id=50 selected_range tensor=blk.1.ffn_down_exps.weight offset=256954880 bytes=1622016 layout=DIRECT
token1_blk1_routed prefetch expert_id=50 tensor=blk.1.ffn_gate_exps.weight dependency_distance=0
token1_blk1_routed prefetch expert_id=50 tensor=blk.1.ffn_up_exps.weight dependency_distance=0
token1_blk1_routed prefetch expert_id=50 tensor=blk.1.ffn_down_exps.weight dependency_distance=2
expert_parity max_abs=0 max_rel=0 mean_abs=0 tolerance=1e-5
token1_blk1_routed expert_id=50 consumer_wait=not_instrumented acquire_release=recorded peak_active=1622016 peak_resident=133932032
token1_blk1_routed expert_rank=5 expert_id=26 router_rank=5 graph_created=YES graph_refs=gate:0,up:1,down:2 storage_ref_base=10078 score_preserved=YES
token1_blk1_routed expert_id=26 selected_range tensor=blk.1.ffn_gate_exps.weight offset=118407648 bytes=563200 layout=DIRECT
token1_blk1_routed expert_id=26 selected_range tensor=blk.1.ffn_up_exps.weight offset=154452464 bytes=563200 layout=DIRECT
token1_blk1_routed expert_id=26 selected_range tensor=blk.1.ffn_down_exps.weight offset=218026496 bytes=1622016 layout=DIRECT
token1_blk1_routed prefetch expert_id=26 tensor=blk.1.ffn_gate_exps.weight dependency_distance=0
token1_blk1_routed prefetch expert_id=26 tensor=blk.1.ffn_up_exps.weight dependency_distance=0
token1_blk1_routed prefetch expert_id=26 tensor=blk.1.ffn_down_exps.weight dependency_distance=2
expert_parity max_abs=0 max_rel=0 mean_abs=0 tolerance=1e-5
token1_blk1_routed expert_id=26 consumer_wait=not_instrumented acquire_release=recorded peak_active=1622016 peak_resident=134086656
token1_blk1_routed residency_hits=60 residency_misses=18 source_reads=10 materialization_requests=10 source_policy_calls=10 evictions=13 resident_tensors_after=143
routed_merge_parity max_abs=0 max_rel=0 mean_abs=0 tolerance=1e-5
shared_expert_parity max_abs=0 max_rel=0 mean_abs=0 tolerance=1e-5
pre_residual_composition_parity max_abs=0 max_rel=0 mean_abs=0 tolerance=1e-5
final_layer_parity max_abs=0 max_rel=0 mean_abs=0 tolerance=1e-5
token1_blk1 shared_expert=REQUIRED shared_graph_created=YES residual_add=YES final_composition=PASS
ffn_timing tensor=blk.1.ffn_gate_inp.weight payload_ready_ns=8924672171955 first_consumer_start_ns=8924802372241 payload_to_first_consumer_ns=130200286
ffn_timing tensor=blk.1.ffn_gate_shexp.weight payload_ready_ns=8927960263934 first_consumer_start_ns=8928050566187 payload_to_first_consumer_ns=90302253
ffn_timing tensor=blk.1.ffn_gate_exps.weight payload_ready_ns=8924980770367 first_consumer_start_ns=8925100392106 payload_to_first_consumer_ns=119621739
token1_blk1 full_layer_residency_hits=76 misses=21 evictions=19 source_reads=13 source_bytes=9408512 materialization_requests=13 resident_tensors_after=141
token1_blk1 full_layer_peak_active_persistent_bytes=1892352 full_layer_peak_resident_bytes=134086656
token1_blk1 first_payload_to_shared_compute_start_ns=3557616279 execution_ready_to_consumer_ns=NOT_INSTRUMENTED payload_to_first_useful_compute=NOT_INSTRUMENTED
normalized_input_parity max_abs=0 max_rel=0 mean_abs=0 tolerance=1e-5
router_score_parity max_abs=2.86102e-06 max_rel=5.82025e-06 mean_abs=3.96627e-07 tolerance=1e-5
selected_weight_parity max_abs=2.38419e-07 max_rel=1.73796e-06 mean_abs=1.21693e-07 tolerance=1e-5
reference_token1_blk1 topk_ids=56,29,11,3,50,26 normalized_weights=0.431742,0.24147,0.103862,0.0857397,0.0713288,0.0658583,
reference_token1_blk1_routed expert_rank=0 expert_id=56 router_rank=0 graph_created=YES graph_refs=gate:0,up:1,down:2 storage_ref_base=10168 score_preserved=YES
reference_token1_blk1_routed expert_id=56 selected_range tensor=blk.1.ffn_gate_exps.weight offset=135303648 bytes=563200 layout=DIRECT
reference_token1_blk1_routed expert_id=56 selected_range tensor=blk.1.ffn_up_exps.weight offset=171348464 bytes=563200 layout=DIRECT
reference_token1_blk1_routed expert_id=56 selected_range tensor=blk.1.ffn_down_exps.weight offset=266686976 bytes=1622016 layout=DIRECT
reference_token1_blk1_routed prefetch expert_id=56 tensor=blk.1.ffn_gate_exps.weight dependency_distance=0
reference_token1_blk1_routed prefetch expert_id=56 tensor=blk.1.ffn_up_exps.weight dependency_distance=0
reference_token1_blk1_routed prefetch expert_id=56 tensor=blk.1.ffn_down_exps.weight dependency_distance=2
expert_parity max_abs=0 max_rel=0 mean_abs=0 tolerance=1e-5
reference_token1_blk1_routed expert_id=56 consumer_wait=not_instrumented acquire_release=recorded peak_active=1622016 peak_resident=3280896
reference_token1_blk1_routed expert_rank=1 expert_id=29 router_rank=1 graph_created=YES graph_refs=gate:0,up:1,down:2 storage_ref_base=10087 score_preserved=YES
reference_token1_blk1_routed expert_id=29 selected_range tensor=blk.1.ffn_gate_exps.weight offset=120097248 bytes=563200 layout=DIRECT
reference_token1_blk1_routed expert_id=29 selected_range tensor=blk.1.ffn_up_exps.weight offset=156142064 bytes=563200 layout=DIRECT
reference_token1_blk1_routed expert_id=29 selected_range tensor=blk.1.ffn_down_exps.weight offset=222892544 bytes=1622016 layout=DIRECT
reference_token1_blk1_routed prefetch expert_id=29 tensor=blk.1.ffn_gate_exps.weight dependency_distance=0
reference_token1_blk1_routed prefetch expert_id=29 tensor=blk.1.ffn_up_exps.weight dependency_distance=0
reference_token1_blk1_routed prefetch expert_id=29 tensor=blk.1.ffn_down_exps.weight dependency_distance=2
expert_parity max_abs=0 max_rel=0 mean_abs=0 tolerance=1e-5
reference_token1_blk1_routed expert_id=29 consumer_wait=not_instrumented acquire_release=recorded peak_active=1622016 peak_resident=6029312
reference_token1_blk1_routed expert_rank=2 expert_id=11 router_rank=2 graph_created=YES graph_refs=gate:0,up:1,down:2 storage_ref_base=10033 score_preserved=YES
reference_token1_blk1_routed expert_id=11 selected_range tensor=blk.1.ffn_gate_exps.weight offset=109959648 bytes=563200 layout=DIRECT
reference_token1_blk1_routed expert_id=11 selected_range tensor=blk.1.ffn_up_exps.weight offset=146004464 bytes=563200 layout=DIRECT
reference_token1_blk1_routed expert_id=11 selected_range tensor=blk.1.ffn_down_exps.weight offset=193696256 bytes=1622016 layout=DIRECT
reference_token1_blk1_routed prefetch expert_id=11 tensor=blk.1.ffn_gate_exps.weight dependency_distance=0
reference_token1_blk1_routed prefetch expert_id=11 tensor=blk.1.ffn_up_exps.weight dependency_distance=0
reference_token1_blk1_routed prefetch expert_id=11 tensor=blk.1.ffn_down_exps.weight dependency_distance=2
expert_parity max_abs=0 max_rel=0 mean_abs=0 tolerance=1e-5
reference_token1_blk1_routed expert_id=11 consumer_wait=not_instrumented acquire_release=recorded peak_active=1622016 peak_resident=8245248
reference_token1_blk1_routed expert_rank=3 expert_id=3 router_rank=3 graph_created=YES graph_refs=gate:0,up:1,down:2 storage_ref_base=10009 score_preserved=YES
reference_token1_blk1_routed expert_id=3 selected_range tensor=blk.1.ffn_gate_exps.weight offset=105454048 bytes=563200 layout=DIRECT
reference_token1_blk1_routed expert_id=3 selected_range tensor=blk.1.ffn_up_exps.weight offset=141498864 bytes=563200 layout=DIRECT
reference_token1_blk1_routed expert_id=3 selected_range tensor=blk.1.ffn_down_exps.weight offset=180720128 bytes=1622016 layout=DIRECT
reference_token1_blk1_routed prefetch expert_id=3 tensor=blk.1.ffn_gate_exps.weight dependency_distance=0
reference_token1_blk1_routed prefetch expert_id=3 tensor=blk.1.ffn_up_exps.weight dependency_distance=0
reference_token1_blk1_routed prefetch expert_id=3 tensor=blk.1.ffn_down_exps.weight dependency_distance=2
expert_parity max_abs=0 max_rel=0 mean_abs=0 tolerance=1e-5
reference_token1_blk1_routed expert_id=3 consumer_wait=not_instrumented acquire_release=recorded peak_active=1622016 peak_resident=8245248
reference_token1_blk1_routed expert_rank=4 expert_id=50 router_rank=4 graph_created=YES graph_refs=gate:0,up:1,down:2 storage_ref_base=10150 score_preserved=YES
reference_token1_blk1_routed expert_id=50 selected_range tensor=blk.1.ffn_gate_exps.weight offset=131924448 bytes=563200 layout=DIRECT
reference_token1_blk1_routed expert_id=50 selected_range tensor=blk.1.ffn_up_exps.weight offset=167969264 bytes=563200 layout=DIRECT
reference_token1_blk1_routed expert_id=50 selected_range tensor=blk.1.ffn_down_exps.weight offset=256954880 bytes=1622016 layout=DIRECT
reference_token1_blk1_routed prefetch expert_id=50 tensor=blk.1.ffn_gate_exps.weight dependency_distance=0
reference_token1_blk1_routed prefetch expert_id=50 tensor=blk.1.ffn_up_exps.weight dependency_distance=0
reference_token1_blk1_routed prefetch expert_id=50 tensor=blk.1.ffn_down_exps.weight dependency_distance=2
expert_parity max_abs=0 max_rel=0 mean_abs=0 tolerance=1e-5
reference_token1_blk1_routed expert_id=50 consumer_wait=not_instrumented acquire_release=recorded peak_active=1622016 peak_resident=8245248
reference_token1_blk1_routed expert_rank=5 expert_id=26 router_rank=5 graph_created=YES graph_refs=gate:0,up:1,down:2 storage_ref_base=10078 score_preserved=YES
reference_token1_blk1_routed expert_id=26 selected_range tensor=blk.1.ffn_gate_exps.weight offset=118407648 bytes=563200 layout=DIRECT
reference_token1_blk1_routed expert_id=26 selected_range tensor=blk.1.ffn_up_exps.weight offset=154452464 bytes=563200 layout=DIRECT
reference_token1_blk1_routed expert_id=26 selected_range tensor=blk.1.ffn_down_exps.weight offset=218026496 bytes=1622016 layout=DIRECT
reference_token1_blk1_routed prefetch expert_id=26 tensor=blk.1.ffn_gate_exps.weight dependency_distance=0
reference_token1_blk1_routed prefetch expert_id=26 tensor=blk.1.ffn_up_exps.weight dependency_distance=0
reference_token1_blk1_routed prefetch expert_id=26 tensor=blk.1.ffn_down_exps.weight dependency_distance=2
expert_parity max_abs=0 max_rel=0 mean_abs=0 tolerance=1e-5
reference_token1_blk1_routed expert_id=26 consumer_wait=not_instrumented acquire_release=recorded peak_active=1622016 peak_resident=8245248
reference_token1_blk1_routed residency_hits=36 residency_misses=42 source_reads=18 materialization_requests=18 source_policy_calls=18 evictions=11 resident_tensors_after=9
routed_merge_parity max_abs=0 max_rel=0 mean_abs=0 tolerance=1e-5
shared_expert_parity max_abs=0 max_rel=0 mean_abs=0 tolerance=1e-5
pre_residual_composition_parity max_abs=0 max_rel=0 mean_abs=0 tolerance=1e-5
final_layer_parity max_abs=0 max_rel=0 mean_abs=0 tolerance=1e-5
reference_token1_blk1 shared_expert=REQUIRED shared_graph_created=YES residual_add=YES final_composition=PASS
ffn_timing tensor=blk.1.ffn_gate_inp.weight payload_ready_ns=8928395706930 first_consumer_start_ns=8928483309461 payload_to_first_consumer_ns=87602531
ffn_timing tensor=blk.1.ffn_gate_shexp.weight payload_ready_ns=8933123751036 first_consumer_start_ns=8933249735186 payload_to_first_consumer_ns=125984150
ffn_timing tensor=blk.1.ffn_gate_exps.weight payload_ready_ns=8928616868212 first_consumer_start_ns=8928705542518 payload_to_first_consumer_ns=88674306
reference_token1_blk1 full_layer_residency_hits=46 misses=51 evictions=17 source_reads=23 source_bytes=21168128 materialization_requests=23 resident_tensors_after=6
reference_token1_blk1 full_layer_peak_active_persistent_bytes=1892352 full_layer_peak_resident_bytes=8245248
reference_token1_blk1 first_payload_to_shared_compute_start_ns=4868604598 execution_ready_to_consumer_ns=NOT_INSTRUMENTED payload_to_first_useful_compute=NOT_INSTRUMENTED
token1_blk1_attention_parity max_abs=0 max_rel=0 mean_abs=0 tolerance=1e-5
token1_blk1_block_parity max_abs=0 max_rel=0 mean_abs=0 tolerance=1e-5
token1 block_handoff block=2 handoff_ns=37400 activation_copy_bytes=0
attention_timing tensor=blk.1.attn_norm.weight payload_ready_ns=8820953883260 first_consumer_start_ns=8934105518468 payload_to_first_consumer_ns=113151635208
attention_timing tensor=blk.1.attn_q.weight payload_ready_ns=8821318935555 first_consumer_start_ns=8934374637742 payload_to_first_consumer_ns=113055702187
attention_timing tensor=blk.1.attn_kv_a_mqa.weight payload_ready_ns=8821650255850 first_consumer_start_ns=8934665243650 payload_to_first_consumer_ns=113014987800
attention_timing tensor=blk.1.attn_kv_a_norm.weight payload_ready_ns=8821952236454 first_consumer_start_ns=8934963700082 payload_to_first_consumer_ns=113011463628
attention_timing tensor=blk.1.attn_kv_b.weight payload_ready_ns=8822268019555 first_consumer_start_ns=8935251930680 payload_to_first_consumer_ns=112983911125
attention_timing tensor=blk.1.attn_output.weight payload_ready_ns=8822560652069 first_consumer_start_ns=8935552382851 payload_to_first_consumer_ns=112991730782
token1_blk2 position=1 state_k_positions=2 state_v_positions=2 attention_probs=0.598919,0.401081,0.518401,0.481599,0.228275,0.771725,0.32635,0.67365,0.474574,0.525426,0.530241,0.469759,0.366593,0.633407,0.715989,0.284011,0.37485,0.62515,0.579751,0.420249,0.0827325,0.917268,0.182867,0.817133,0.513672,0.486328,0.787284,0.212716,0.49621,0.50379,0.70591,0.29409,
reference_attention position=1 state_k_positions=2 state_v_positions=2 attention_probs=0.598919,0.401081,0.518401,0.481599,0.228275,0.771725,0.32635,0.67365,0.474574,0.525426,0.530241,0.469759,0.366593,0.633407,0.715989,0.284011,0.37485,0.62515,0.579751,0.420249,0.0827325,0.917268,0.182867,0.817133,0.513672,0.486328,0.787284,0.212716,0.49621,0.50379,0.70591,0.29409,
normalized_input_parity max_abs=0 max_rel=0 mean_abs=0 tolerance=1e-5
router_score_parity max_abs=1.43051e-06 max_rel=0.000107496 mean_abs=3.76513e-07 tolerance=1e-5
selected_weight_parity max_abs=1.49012e-07 max_rel=7.50293e-07 mean_abs=5.71211e-08 tolerance=1e-5
token1_blk2 topk_ids=37,18,44,53,23,49 normalized_weights=0.210563,0.198605,0.152328,0.149502,0.145231,0.143771,
token1_blk2_routed expert_rank=0 expert_id=37 router_rank=0 graph_created=YES graph_refs=gate:0,up:1,down:2 storage_ref_base=20111 score_preserved=YES
token1_blk2_routed expert_id=37 selected_range tensor=blk.1.ffn_gate_exps.weight offset=307373736 bytes=563200 layout=DIRECT
token1_blk2_routed expert_id=37 selected_range tensor=blk.1.ffn_up_exps.weight offset=343418552 bytes=563200 layout=DIRECT
token1_blk2_routed expert_id=37 selected_range tensor=blk.1.ffn_down_exps.weight offset=418639560 bytes=1622016 layout=DIRECT
token1_blk2_routed prefetch expert_id=37 tensor=blk.1.ffn_gate_exps.weight dependency_distance=0
token1_blk2_routed prefetch expert_id=37 tensor=blk.1.ffn_up_exps.weight dependency_distance=0
token1_blk2_routed prefetch expert_id=37 tensor=blk.1.ffn_down_exps.weight dependency_distance=2
expert_parity max_abs=0 max_rel=0 mean_abs=0 tolerance=1e-5
token1_blk2_routed expert_id=37 consumer_wait=not_instrumented acquire_release=recorded peak_active=1622016 peak_resident=133864448
token1_blk2_routed expert_rank=1 expert_id=18 router_rank=1 graph_created=YES graph_refs=gate:0,up:1,down:2 storage_ref_base=20054 score_preserved=YES
token1_blk2_routed expert_id=18 selected_range tensor=blk.1.ffn_gate_exps.weight offset=296672936 bytes=563200 layout=DIRECT
token1_blk2_routed expert_id=18 selected_range tensor=blk.1.ffn_up_exps.weight offset=332717752 bytes=563200 layout=DIRECT
token1_blk2_routed expert_id=18 selected_range tensor=blk.1.ffn_down_exps.weight offset=387821256 bytes=1622016 layout=DIRECT
token1_blk2_routed prefetch expert_id=18 tensor=blk.1.ffn_gate_exps.weight dependency_distance=0
token1_blk2_routed prefetch expert_id=18 tensor=blk.1.ffn_up_exps.weight dependency_distance=0
token1_blk2_routed prefetch expert_id=18 tensor=blk.1.ffn_down_exps.weight dependency_distance=2
expert_parity max_abs=0 max_rel=0 mean_abs=0 tolerance=1e-5
token1_blk2_routed expert_id=18 consumer_wait=not_instrumented acquire_release=recorded peak_active=1622016 peak_resident=133301248
token1_blk2_routed expert_rank=2 expert_id=44 router_rank=2 graph_created=YES graph_refs=gate:0,up:1,down:2 storage_ref_base=20132 score_preserved=YES
token1_blk2_routed expert_id=44 selected_range tensor=blk.1.ffn_gate_exps.weight offset=311316136 bytes=563200 layout=DIRECT
token1_blk2_routed expert_id=44 selected_range tensor=blk.1.ffn_up_exps.weight offset=347360952 bytes=563200 layout=DIRECT
token1_blk2_routed expert_id=44 selected_range tensor=blk.1.ffn_down_exps.weight offset=429993672 bytes=1622016 layout=DIRECT
token1_blk2_routed prefetch expert_id=44 tensor=blk.1.ffn_gate_exps.weight dependency_distance=0
token1_blk2_routed prefetch expert_id=44 tensor=blk.1.ffn_up_exps.weight dependency_distance=0
token1_blk2_routed prefetch expert_id=44 tensor=blk.1.ffn_down_exps.weight dependency_distance=2
expert_parity max_abs=0 max_rel=0 mean_abs=0 tolerance=1e-5
token1_blk2_routed expert_id=44 consumer_wait=not_instrumented acquire_release=recorded peak_active=1622016 peak_resident=133864448
token1_blk2_routed expert_rank=3 expert_id=53 router_rank=3 graph_created=YES graph_refs=gate:0,up:1,down:2 storage_ref_base=20159 score_preserved=YES
token1_blk2_routed expert_id=53 selected_range tensor=blk.1.ffn_gate_exps.weight offset=316384936 bytes=563200 layout=DIRECT
token1_blk2_routed expert_id=53 selected_range tensor=blk.1.ffn_up_exps.weight offset=352429752 bytes=563200 layout=DIRECT
token1_blk2_routed expert_id=53 selected_range tensor=blk.1.ffn_down_exps.weight offset=444591816 bytes=1622016 layout=DIRECT
token1_blk2_routed prefetch expert_id=53 tensor=blk.1.ffn_gate_exps.weight dependency_distance=0
token1_blk2_routed prefetch expert_id=53 tensor=blk.1.ffn_up_exps.weight dependency_distance=0
token1_blk2_routed prefetch expert_id=53 tensor=blk.1.ffn_down_exps.weight dependency_distance=2
expert_parity max_abs=0 max_rel=0 mean_abs=0 tolerance=1e-5
token1_blk2_routed expert_id=53 consumer_wait=not_instrumented acquire_release=recorded peak_active=1622016 peak_resident=133190656
token1_blk2_routed expert_rank=4 expert_id=23 router_rank=4 graph_created=YES graph_refs=gate:0,up:1,down:2 storage_ref_base=20069 score_preserved=YES
token1_blk2_routed expert_id=23 selected_range tensor=blk.1.ffn_gate_exps.weight offset=299488936 bytes=563200 layout=DIRECT
token1_blk2_routed expert_id=23 selected_range tensor=blk.1.ffn_up_exps.weight offset=335533752 bytes=563200 layout=DIRECT
token1_blk2_routed expert_id=23 selected_range tensor=blk.1.ffn_down_exps.weight offset=395931336 bytes=1622016 layout=DIRECT
token1_blk2_routed prefetch expert_id=23 tensor=blk.1.ffn_gate_exps.weight dependency_distance=0
token1_blk2_routed prefetch expert_id=23 tensor=blk.1.ffn_up_exps.weight dependency_distance=0
token1_blk2_routed prefetch expert_id=23 tensor=blk.1.ffn_down_exps.weight dependency_distance=2
expert_parity max_abs=0 max_rel=0 mean_abs=0 tolerance=1e-5
token1_blk2_routed expert_id=23 consumer_wait=not_instrumented acquire_release=recorded peak_active=1622016 peak_resident=133753856
token1_blk2_routed expert_rank=5 expert_id=49 router_rank=5 graph_created=YES graph_refs=gate:0,up:1,down:2 storage_ref_base=20147 score_preserved=YES
token1_blk2_routed expert_id=49 selected_range tensor=blk.1.ffn_gate_exps.weight offset=314132136 bytes=563200 layout=DIRECT
token1_blk2_routed expert_id=49 selected_range tensor=blk.1.ffn_up_exps.weight offset=350176952 bytes=563200 layout=DIRECT
token1_blk2_routed expert_id=49 selected_range tensor=blk.1.ffn_down_exps.weight offset=438103752 bytes=1622016 layout=DIRECT
token1_blk2_routed prefetch expert_id=49 tensor=blk.1.ffn_gate_exps.weight dependency_distance=0
token1_blk2_routed prefetch expert_id=49 tensor=blk.1.ffn_up_exps.weight dependency_distance=0
token1_blk2_routed prefetch expert_id=49 tensor=blk.1.ffn_down_exps.weight dependency_distance=2
expert_parity max_abs=0 max_rel=0 mean_abs=0 tolerance=1e-5
token1_blk2_routed expert_id=49 consumer_wait=not_instrumented acquire_release=recorded peak_active=1622016 peak_resident=133683200
token1_blk2_routed residency_hits=66 residency_misses=12 source_reads=8 materialization_requests=8 source_policy_calls=8 evictions=11 resident_tensors_after=139
routed_merge_parity max_abs=0 max_rel=0 mean_abs=0 tolerance=1e-5
shared_expert_parity max_abs=0 max_rel=0 mean_abs=0 tolerance=1e-5
pre_residual_composition_parity max_abs=0 max_rel=0 mean_abs=0 tolerance=1e-5
final_layer_parity max_abs=0 max_rel=0 mean_abs=0 tolerance=1e-5
token1_blk2 shared_expert=REQUIRED shared_graph_created=YES residual_add=YES final_composition=PASS
ffn_timing tensor=blk.1.ffn_gate_inp.weight payload_ready_ns=8936024562772 first_consumer_start_ns=8936150333101 payload_to_first_consumer_ns=125770329
ffn_timing tensor=blk.1.ffn_gate_shexp.weight payload_ready_ns=8938718299497 first_consumer_start_ns=8938838277531 payload_to_first_consumer_ns=119978034
ffn_timing tensor=blk.1.ffn_gate_exps.weight payload_ready_ns=8936330331877 first_consumer_start_ns=8936454408899 payload_to_first_consumer_ns=124077022
token1_blk2 full_layer_residency_hits=82 misses=15 evictions=14 source_reads=11 source_bytes=7223296 materialization_requests=11 resident_tensors_after=138
token1_blk2 full_layer_peak_active_persistent_bytes=1622016 full_layer_peak_resident_bytes=133864448
token1_blk2 first_payload_to_shared_compute_start_ns=2905672349 execution_ready_to_consumer_ns=NOT_INSTRUMENTED payload_to_first_useful_compute=NOT_INSTRUMENTED
normalized_input_parity max_abs=0 max_rel=0 mean_abs=0 tolerance=1e-5
router_score_parity max_abs=1.43051e-06 max_rel=0.000107496 mean_abs=3.76513e-07 tolerance=1e-5
selected_weight_parity max_abs=1.49012e-07 max_rel=7.50293e-07 mean_abs=5.71211e-08 tolerance=1e-5
reference_token1_blk2 topk_ids=37,18,44,53,23,49 normalized_weights=0.210563,0.198605,0.152328,0.149502,0.145231,0.143771,
reference_token1_blk2_routed expert_rank=0 expert_id=37 router_rank=0 graph_created=YES graph_refs=gate:0,up:1,down:2 storage_ref_base=20111 score_preserved=YES
reference_token1_blk2_routed expert_id=37 selected_range tensor=blk.1.ffn_gate_exps.weight offset=307373736 bytes=563200 layout=DIRECT
reference_token1_blk2_routed expert_id=37 selected_range tensor=blk.1.ffn_up_exps.weight offset=343418552 bytes=563200 layout=DIRECT
reference_token1_blk2_routed expert_id=37 selected_range tensor=blk.1.ffn_down_exps.weight offset=418639560 bytes=1622016 layout=DIRECT
reference_token1_blk2_routed prefetch expert_id=37 tensor=blk.1.ffn_gate_exps.weight dependency_distance=0
reference_token1_blk2_routed prefetch expert_id=37 tensor=blk.1.ffn_up_exps.weight dependency_distance=0
reference_token1_blk2_routed prefetch expert_id=37 tensor=blk.1.ffn_down_exps.weight dependency_distance=2
expert_parity max_abs=0 max_rel=0 mean_abs=0 tolerance=1e-5
reference_token1_blk2_routed expert_id=37 consumer_wait=not_instrumented acquire_release=recorded peak_active=1622016 peak_resident=3280896
reference_token1_blk2_routed expert_rank=1 expert_id=18 router_rank=1 graph_created=YES graph_refs=gate:0,up:1,down:2 storage_ref_base=20054 score_preserved=YES
reference_token1_blk2_routed expert_id=18 selected_range tensor=blk.1.ffn_gate_exps.weight offset=296672936 bytes=563200 layout=DIRECT
reference_token1_blk2_routed expert_id=18 selected_range tensor=blk.1.ffn_up_exps.weight offset=332717752 bytes=563200 layout=DIRECT
reference_token1_blk2_routed expert_id=18 selected_range tensor=blk.1.ffn_down_exps.weight offset=387821256 bytes=1622016 layout=DIRECT
reference_token1_blk2_routed prefetch expert_id=18 tensor=blk.1.ffn_gate_exps.weight dependency_distance=0
reference_token1_blk2_routed prefetch expert_id=18 tensor=blk.1.ffn_up_exps.weight dependency_distance=0
reference_token1_blk2_routed prefetch expert_id=18 tensor=blk.1.ffn_down_exps.weight dependency_distance=2
expert_parity max_abs=0 max_rel=0 mean_abs=0 tolerance=1e-5
reference_token1_blk2_routed expert_id=18 consumer_wait=not_instrumented acquire_release=recorded peak_active=1622016 peak_resident=6029312
reference_token1_blk2_routed expert_rank=2 expert_id=44 router_rank=2 graph_created=YES graph_refs=gate:0,up:1,down:2 storage_ref_base=20132 score_preserved=YES
reference_token1_blk2_routed expert_id=44 selected_range tensor=blk.1.ffn_gate_exps.weight offset=311316136 bytes=563200 layout=DIRECT
reference_token1_blk2_routed expert_id=44 selected_range tensor=blk.1.ffn_up_exps.weight offset=347360952 bytes=563200 layout=DIRECT
reference_token1_blk2_routed expert_id=44 selected_range tensor=blk.1.ffn_down_exps.weight offset=429993672 bytes=1622016 layout=DIRECT
reference_token1_blk2_routed prefetch expert_id=44 tensor=blk.1.ffn_gate_exps.weight dependency_distance=0
reference_token1_blk2_routed prefetch expert_id=44 tensor=blk.1.ffn_up_exps.weight dependency_distance=0
reference_token1_blk2_routed prefetch expert_id=44 tensor=blk.1.ffn_down_exps.weight dependency_distance=2
expert_parity max_abs=0 max_rel=0 mean_abs=0 tolerance=1e-5
reference_token1_blk2_routed expert_id=44 consumer_wait=not_instrumented acquire_release=recorded peak_active=1622016 peak_resident=8245248
reference_token1_blk2_routed expert_rank=3 expert_id=53 router_rank=3 graph_created=YES graph_refs=gate:0,up:1,down:2 storage_ref_base=20159 score_preserved=YES
reference_token1_blk2_routed expert_id=53 selected_range tensor=blk.1.ffn_gate_exps.weight offset=316384936 bytes=563200 layout=DIRECT
reference_token1_blk2_routed expert_id=53 selected_range tensor=blk.1.ffn_up_exps.weight offset=352429752 bytes=563200 layout=DIRECT
reference_token1_blk2_routed expert_id=53 selected_range tensor=blk.1.ffn_down_exps.weight offset=444591816 bytes=1622016 layout=DIRECT
reference_token1_blk2_routed prefetch expert_id=53 tensor=blk.1.ffn_gate_exps.weight dependency_distance=0
reference_token1_blk2_routed prefetch expert_id=53 tensor=blk.1.ffn_up_exps.weight dependency_distance=0
reference_token1_blk2_routed prefetch expert_id=53 tensor=blk.1.ffn_down_exps.weight dependency_distance=2
expert_parity max_abs=0 max_rel=0 mean_abs=0 tolerance=1e-5
reference_token1_blk2_routed expert_id=53 consumer_wait=not_instrumented acquire_release=recorded peak_active=1622016 peak_resident=8245248
reference_token1_blk2_routed expert_rank=4 expert_id=23 router_rank=4 graph_created=YES graph_refs=gate:0,up:1,down:2 storage_ref_base=20069 score_preserved=YES
reference_token1_blk2_routed expert_id=23 selected_range tensor=blk.1.ffn_gate_exps.weight offset=299488936 bytes=563200 layout=DIRECT
reference_token1_blk2_routed expert_id=23 selected_range tensor=blk.1.ffn_up_exps.weight offset=335533752 bytes=563200 layout=DIRECT
reference_token1_blk2_routed expert_id=23 selected_range tensor=blk.1.ffn_down_exps.weight offset=395931336 bytes=1622016 layout=DIRECT
reference_token1_blk2_routed prefetch expert_id=23 tensor=blk.1.ffn_gate_exps.weight dependency_distance=0
reference_token1_blk2_routed prefetch expert_id=23 tensor=blk.1.ffn_up_exps.weight dependency_distance=0
reference_token1_blk2_routed prefetch expert_id=23 tensor=blk.1.ffn_down_exps.weight dependency_distance=2
expert_parity max_abs=0 max_rel=0 mean_abs=0 tolerance=1e-5
reference_token1_blk2_routed expert_id=23 consumer_wait=not_instrumented acquire_release=recorded peak_active=1622016 peak_resident=8245248
reference_token1_blk2_routed expert_rank=5 expert_id=49 router_rank=5 graph_created=YES graph_refs=gate:0,up:1,down:2 storage_ref_base=20147 score_preserved=YES
reference_token1_blk2_routed expert_id=49 selected_range tensor=blk.1.ffn_gate_exps.weight offset=314132136 bytes=563200 layout=DIRECT
reference_token1_blk2_routed expert_id=49 selected_range tensor=blk.1.ffn_up_exps.weight offset=350176952 bytes=563200 layout=DIRECT
reference_token1_blk2_routed expert_id=49 selected_range tensor=blk.1.ffn_down_exps.weight offset=438103752 bytes=1622016 layout=DIRECT
reference_token1_blk2_routed prefetch expert_id=49 tensor=blk.1.ffn_gate_exps.weight dependency_distance=0
reference_token1_blk2_routed prefetch expert_id=49 tensor=blk.1.ffn_up_exps.weight dependency_distance=0
reference_token1_blk2_routed prefetch expert_id=49 tensor=blk.1.ffn_down_exps.weight dependency_distance=2
expert_parity max_abs=0 max_rel=0 mean_abs=0 tolerance=1e-5
reference_token1_blk2_routed expert_id=49 consumer_wait=not_instrumented acquire_release=recorded peak_active=1622016 peak_resident=8245248
reference_token1_blk2_routed residency_hits=36 residency_misses=42 source_reads=18 materialization_requests=18 source_policy_calls=18 evictions=11 resident_tensors_after=9
routed_merge_parity max_abs=0 max_rel=0 mean_abs=0 tolerance=1e-5
shared_expert_parity max_abs=0 max_rel=0 mean_abs=0 tolerance=1e-5
pre_residual_composition_parity max_abs=0 max_rel=0 mean_abs=0 tolerance=1e-5
final_layer_parity max_abs=0 max_rel=0 mean_abs=0 tolerance=1e-5
reference_token1_blk2 shared_expert=REQUIRED shared_graph_created=YES residual_add=YES final_composition=PASS
ffn_timing tensor=blk.1.ffn_gate_inp.weight payload_ready_ns=8939322548947 first_consumer_start_ns=8939448142557 payload_to_first_consumer_ns=125593610
ffn_timing tensor=blk.1.ffn_gate_shexp.weight payload_ready_ns=8944678018119 first_consumer_start_ns=8944799219650 payload_to_first_consumer_ns=121201531
ffn_timing tensor=blk.1.ffn_gate_exps.weight payload_ready_ns=8939659002238 first_consumer_start_ns=8939777384286 payload_to_first_consumer_ns=118382048
reference_token1_blk2 full_layer_residency_hits=46 misses=51 evictions=15 source_reads=23 source_bytes=20402176 materialization_requests=23 resident_tensors_after=8
reference_token1_blk2 full_layer_peak_active_persistent_bytes=1622016 full_layer_peak_resident_bytes=8312832
reference_token1_blk2 first_payload_to_shared_compute_start_ns=5607679772 execution_ready_to_consumer_ns=NOT_INSTRUMENTED payload_to_first_useful_compute=NOT_INSTRUMENTED
token1_blk2_attention_parity max_abs=0 max_rel=0 mean_abs=0 tolerance=1e-5
token1_blk2_block_parity max_abs=0 max_rel=0 mean_abs=0 tolerance=1e-5
token1 block_handoff block=3 handoff_ns=71891 activation_copy_bytes=0
attention_timing tensor=blk.1.attn_norm.weight payload_ready_ns=8820953883260 first_consumer_start_ns=8945574300185 payload_to_first_consumer_ns=124620416925
attention_timing tensor=blk.1.attn_q.weight payload_ready_ns=8821318935555 first_consumer_start_ns=8945882844447 payload_to_first_consumer_ns=124563908892
attention_timing tensor=blk.1.attn_kv_a_mqa.weight payload_ready_ns=8821650255850 first_consumer_start_ns=8946179299855 payload_to_first_consumer_ns=124529044005
attention_timing tensor=blk.1.attn_kv_a_norm.weight payload_ready_ns=8821952236454 first_consumer_start_ns=8946504343840 payload_to_first_consumer_ns=124552107386
attention_timing tensor=blk.1.attn_kv_b.weight payload_ready_ns=8822268019555 first_consumer_start_ns=8946813106013 payload_to_first_consumer_ns=124545086458
attention_timing tensor=blk.1.attn_output.weight payload_ready_ns=8822560652069 first_consumer_start_ns=8947093947024 payload_to_first_consumer_ns=124533294955
token1_blk3 position=1 state_k_positions=2 state_v_positions=2 attention_probs=0.647885,0.352115,0.653755,0.346246,0.748316,0.251684,0.454187,0.545813,0.370199,0.629801,0.660859,0.339141,0.0916113,0.908389,0.236917,0.763083,0.538436,0.461564,0.527116,0.472884,0.654188,0.345812,0.188689,0.811311,0.462708,0.537292,0.689584,0.310416,0.733999,0.266001,0.491397,0.508603,
reference_attention position=1 state_k_positions=2 state_v_positions=2 attention_probs=0.647885,0.352115,0.653755,0.346246,0.748316,0.251684,0.454187,0.545813,0.370199,0.629801,0.660859,0.339141,0.0916113,0.908389,0.236917,0.763083,0.538436,0.461564,0.527116,0.472884,0.654188,0.345812,0.188689,0.811311,0.462708,0.537292,0.689584,0.310416,0.733999,0.266001,0.491397,0.508603,
normalized_input_parity max_abs=0 max_rel=0 mean_abs=0 tolerance=1e-5
router_score_parity max_abs=1.37091e-06 max_rel=2.28584e-05 mean_abs=3.83676e-07 tolerance=1e-5
selected_weight_parity max_abs=8.9407e-08 max_rel=5.9106e-07 mean_abs=5.96046e-08 tolerance=1e-5
token1_blk3 topk_ids=60,2,53,35,15,59 normalized_weights=0.273384,0.190084,0.151266,0.136168,0.132768,0.11633,
token1_blk3_routed expert_rank=0 expert_id=60 router_rank=0 graph_created=YES graph_refs=gate:0,up:1,down:2 storage_ref_base=30180 score_preserved=YES
token1_blk3_routed expert_id=60 selected_range tensor=blk.1.ffn_gate_exps.weight offset=503098224 bytes=563200 layout=DIRECT
token1_blk3_routed expert_id=60 selected_range tensor=blk.1.ffn_up_exps.weight offset=539143040 bytes=563200 layout=DIRECT
token1_blk3_routed expert_id=60 selected_range tensor=blk.1.ffn_down_exps.weight offset=638716816 bytes=1622016 layout=DIRECT
token1_blk3_routed prefetch expert_id=60 tensor=blk.1.ffn_gate_exps.weight dependency_distance=0
token1_blk3_routed prefetch expert_id=60 tensor=blk.1.ffn_up_exps.weight dependency_distance=0
token1_blk3_routed prefetch expert_id=60 tensor=blk.1.ffn_down_exps.weight dependency_distance=2
expert_parity max_abs=0 max_rel=0 mean_abs=0 tolerance=1e-5
token1_blk3_routed expert_id=60 consumer_wait=not_instrumented acquire_release=recorded peak_active=1622016 peak_resident=133796864
token1_blk3_routed expert_rank=1 expert_id=2 router_rank=1 graph_created=YES graph_refs=gate:0,up:1,down:2 storage_ref_base=30006 score_preserved=YES
token1_blk3_routed expert_id=2 selected_range tensor=blk.1.ffn_gate_exps.weight offset=470432624 bytes=563200 layout=DIRECT
token1_blk3_routed expert_id=2 selected_range tensor=blk.1.ffn_up_exps.weight offset=506477440 bytes=563200 layout=DIRECT
token1_blk3_routed expert_id=2 selected_range tensor=blk.1.ffn_down_exps.weight offset=544639888 bytes=1622016 layout=DIRECT
token1_blk3_routed prefetch expert_id=2 tensor=blk.1.ffn_gate_exps.weight dependency_distance=0
token1_blk3_routed prefetch expert_id=2 tensor=blk.1.ffn_up_exps.weight dependency_distance=0
token1_blk3_routed prefetch expert_id=2 tensor=blk.1.ffn_down_exps.weight dependency_distance=2
expert_parity max_abs=0 max_rel=0 mean_abs=0 tolerance=1e-5
token1_blk3_routed expert_id=2 consumer_wait=not_instrumented acquire_release=recorded peak_active=1622016 peak_resident=133796864
token1_blk3_routed expert_rank=2 expert_id=53 router_rank=2 graph_created=YES graph_refs=gate:0,up:1,down:2 storage_ref_base=30159 score_preserved=YES
token1_blk3_routed expert_id=53 selected_range tensor=blk.1.ffn_gate_exps.weight offset=499155824 bytes=563200 layout=DIRECT
token1_blk3_routed expert_id=53 selected_range tensor=blk.1.ffn_up_exps.weight offset=535200640 bytes=563200 layout=DIRECT
token1_blk3_routed expert_id=53 selected_range tensor=blk.1.ffn_down_exps.weight offset=627362704 bytes=1622016 layout=DIRECT
token1_blk3_routed prefetch expert_id=53 tensor=blk.1.ffn_gate_exps.weight dependency_distance=0
token1_blk3_routed prefetch expert_id=53 tensor=blk.1.ffn_up_exps.weight dependency_distance=0
token1_blk3_routed prefetch expert_id=53 tensor=blk.1.ffn_down_exps.weight dependency_distance=2
expert_parity max_abs=0 max_rel=0 mean_abs=0 tolerance=1e-5
token1_blk3_routed expert_id=53 consumer_wait=not_instrumented acquire_release=recorded peak_active=1622016 peak_resident=133796864
token1_blk3_routed expert_rank=3 expert_id=35 router_rank=3 graph_created=YES graph_refs=gate:0,up:1,down:2 storage_ref_base=30105 score_preserved=YES
token1_blk3_routed expert_id=35 selected_range tensor=blk.1.ffn_gate_exps.weight offset=489018224 bytes=563200 layout=DIRECT
token1_blk3_routed expert_id=35 selected_range tensor=blk.1.ffn_up_exps.weight offset=525063040 bytes=563200 layout=DIRECT
token1_blk3_routed expert_id=35 selected_range tensor=blk.1.ffn_down_exps.weight offset=598166416 bytes=1622016 layout=DIRECT
token1_blk3_routed prefetch expert_id=35 tensor=blk.1.ffn_gate_exps.weight dependency_distance=0
token1_blk3_routed prefetch expert_id=35 tensor=blk.1.ffn_up_exps.weight dependency_distance=0
token1_blk3_routed prefetch expert_id=35 tensor=blk.1.ffn_down_exps.weight dependency_distance=2
expert_parity max_abs=0 max_rel=0 mean_abs=0 tolerance=1e-5
token1_blk3_routed expert_id=35 consumer_wait=not_instrumented acquire_release=recorded peak_active=1622016 peak_resident=133796864
token1_blk3_routed expert_rank=4 expert_id=15 router_rank=4 graph_created=YES graph_refs=gate:0,up:1,down:2 storage_ref_base=30045 score_preserved=YES
token1_blk3_routed expert_id=15 selected_range tensor=blk.1.ffn_gate_exps.weight offset=477754224 bytes=563200 layout=DIRECT
token1_blk3_routed expert_id=15 selected_range tensor=blk.1.ffn_up_exps.weight offset=513799040 bytes=563200 layout=DIRECT
token1_blk3_routed expert_id=15 selected_range tensor=blk.1.ffn_down_exps.weight offset=565726096 bytes=1622016 layout=DIRECT
token1_blk3_routed prefetch expert_id=15 tensor=blk.1.ffn_gate_exps.weight dependency_distance=0
token1_blk3_routed prefetch expert_id=15 tensor=blk.1.ffn_up_exps.weight dependency_distance=0
token1_blk3_routed prefetch expert_id=15 tensor=blk.1.ffn_down_exps.weight dependency_distance=2
expert_parity max_abs=0 max_rel=0 mean_abs=0 tolerance=1e-5
token1_blk3_routed expert_id=15 consumer_wait=not_instrumented acquire_release=recorded peak_active=1622016 peak_resident=133166080
token1_blk3_routed expert_rank=5 expert_id=59 router_rank=5 graph_created=YES graph_refs=gate:0,up:1,down:2 storage_ref_base=30177 score_preserved=YES
token1_blk3_routed expert_id=59 selected_range tensor=blk.1.ffn_gate_exps.weight offset=502535024 bytes=563200 layout=DIRECT
token1_blk3_routed expert_id=59 selected_range tensor=blk.1.ffn_up_exps.weight offset=538579840 bytes=563200 layout=DIRECT
token1_blk3_routed expert_id=59 selected_range tensor=blk.1.ffn_down_exps.weight offset=637094800 bytes=1622016 layout=DIRECT
token1_blk3_routed prefetch expert_id=59 tensor=blk.1.ffn_gate_exps.weight dependency_distance=0
token1_blk3_routed prefetch expert_id=59 tensor=blk.1.ffn_up_exps.weight dependency_distance=0
token1_blk3_routed prefetch expert_id=59 tensor=blk.1.ffn_down_exps.weight dependency_distance=2
expert_parity max_abs=0 max_rel=0 mean_abs=0 tolerance=1e-5
token1_blk3_routed expert_id=59 consumer_wait=not_instrumented acquire_release=recorded peak_active=1622016 peak_resident=133661696
token1_blk3_routed residency_hits=60 residency_misses=18 source_reads=10 materialization_requests=10 source_policy_calls=10 evictions=13 resident_tensors_after=138
routed_merge_parity max_abs=0 max_rel=0 mean_abs=0 tolerance=1e-5
shared_expert_parity max_abs=0 max_rel=0 mean_abs=0 tolerance=1e-5
pre_residual_composition_parity max_abs=0 max_rel=0 mean_abs=0 tolerance=1e-5
final_layer_parity max_abs=0 max_rel=0 mean_abs=0 tolerance=1e-5
token1_blk3 shared_expert=REQUIRED shared_graph_created=YES residual_add=YES final_composition=PASS
ffn_timing tensor=blk.1.ffn_gate_inp.weight payload_ready_ns=8947546775670 first_consumer_start_ns=8947658768591 payload_to_first_consumer_ns=111992921
ffn_timing tensor=blk.1.ffn_gate_shexp.weight payload_ready_ns=8950868221821 first_consumer_start_ns=8950989607344 payload_to_first_consumer_ns=121385523
ffn_timing tensor=blk.1.ffn_gate_exps.weight payload_ready_ns=8947848080791 first_consumer_start_ns=8947960266553 payload_to_first_consumer_ns=112185762
token1_blk3 full_layer_residency_hits=74 misses=23 evictions=18 source_reads=14 source_bytes=10534912 materialization_requests=14 resident_tensors_after=136
token1_blk3 full_layer_peak_active_persistent_bytes=1622016 full_layer_peak_resident_bytes=133796864
token1_blk3 first_payload_to_shared_compute_start_ns=3543066042 execution_ready_to_consumer_ns=NOT_INSTRUMENTED payload_to_first_useful_compute=NOT_INSTRUMENTED
normalized_input_parity max_abs=0 max_rel=0 mean_abs=0 tolerance=1e-5
router_score_parity max_abs=1.37091e-06 max_rel=2.28584e-05 mean_abs=3.83676e-07 tolerance=1e-5
selected_weight_parity max_abs=8.9407e-08 max_rel=5.9106e-07 mean_abs=5.96046e-08 tolerance=1e-5
reference_token1_blk3 topk_ids=60,2,53,35,15,59 normalized_weights=0.273384,0.190084,0.151266,0.136168,0.132768,0.11633,
reference_token1_blk3_routed expert_rank=0 expert_id=60 router_rank=0 graph_created=YES graph_refs=gate:0,up:1,down:2 storage_ref_base=30180 score_preserved=YES
reference_token1_blk3_routed expert_id=60 selected_range tensor=blk.1.ffn_gate_exps.weight offset=503098224 bytes=563200 layout=DIRECT
reference_token1_blk3_routed expert_id=60 selected_range tensor=blk.1.ffn_up_exps.weight offset=539143040 bytes=563200 layout=DIRECT
reference_token1_blk3_routed expert_id=60 selected_range tensor=blk.1.ffn_down_exps.weight offset=638716816 bytes=1622016 layout=DIRECT
reference_token1_blk3_routed prefetch expert_id=60 tensor=blk.1.ffn_gate_exps.weight dependency_distance=0
reference_token1_blk3_routed prefetch expert_id=60 tensor=blk.1.ffn_up_exps.weight dependency_distance=0
reference_token1_blk3_routed prefetch expert_id=60 tensor=blk.1.ffn_down_exps.weight dependency_distance=2
expert_parity max_abs=0 max_rel=0 mean_abs=0 tolerance=1e-5
reference_token1_blk3_routed expert_id=60 consumer_wait=not_instrumented acquire_release=recorded peak_active=1622016 peak_resident=3280896
reference_token1_blk3_routed expert_rank=1 expert_id=2 router_rank=1 graph_created=YES graph_refs=gate:0,up:1,down:2 storage_ref_base=30006 score_preserved=YES
reference_token1_blk3_routed expert_id=2 selected_range tensor=blk.1.ffn_gate_exps.weight offset=470432624 bytes=563200 layout=DIRECT
reference_token1_blk3_routed expert_id=2 selected_range tensor=blk.1.ffn_up_exps.weight offset=506477440 bytes=563200 layout=DIRECT
reference_token1_blk3_routed expert_id=2 selected_range tensor=blk.1.ffn_down_exps.weight offset=544639888 bytes=1622016 layout=DIRECT
reference_token1_blk3_routed prefetch expert_id=2 tensor=blk.1.ffn_gate_exps.weight dependency_distance=0
reference_token1_blk3_routed prefetch expert_id=2 tensor=blk.1.ffn_up_exps.weight dependency_distance=0
reference_token1_blk3_routed prefetch expert_id=2 tensor=blk.1.ffn_down_exps.weight dependency_distance=2
expert_parity max_abs=0 max_rel=0 mean_abs=0 tolerance=1e-5
reference_token1_blk3_routed expert_id=2 consumer_wait=not_instrumented acquire_release=recorded peak_active=1622016 peak_resident=6029312
reference_token1_blk3_routed expert_rank=2 expert_id=53 router_rank=2 graph_created=YES graph_refs=gate:0,up:1,down:2 storage_ref_base=30159 score_preserved=YES
reference_token1_blk3_routed expert_id=53 selected_range tensor=blk.1.ffn_gate_exps.weight offset=499155824 bytes=563200 layout=DIRECT
reference_token1_blk3_routed expert_id=53 selected_range tensor=blk.1.ffn_up_exps.weight offset=535200640 bytes=563200 layout=DIRECT
reference_token1_blk3_routed expert_id=53 selected_range tensor=blk.1.ffn_down_exps.weight offset=627362704 bytes=1622016 layout=DIRECT
reference_token1_blk3_routed prefetch expert_id=53 tensor=blk.1.ffn_gate_exps.weight dependency_distance=0
reference_token1_blk3_routed prefetch expert_id=53 tensor=blk.1.ffn_up_exps.weight dependency_distance=0
reference_token1_blk3_routed prefetch expert_id=53 tensor=blk.1.ffn_down_exps.weight dependency_distance=2
expert_parity max_abs=0 max_rel=0 mean_abs=0 tolerance=1e-5
reference_token1_blk3_routed expert_id=53 consumer_wait=not_instrumented acquire_release=recorded peak_active=1622016 peak_resident=8245248
reference_token1_blk3_routed expert_rank=3 expert_id=35 router_rank=3 graph_created=YES graph_refs=gate:0,up:1,down:2 storage_ref_base=30105 score_preserved=YES
reference_token1_blk3_routed expert_id=35 selected_range tensor=blk.1.ffn_gate_exps.weight offset=489018224 bytes=563200 layout=DIRECT
reference_token1_blk3_routed expert_id=35 selected_range tensor=blk.1.ffn_up_exps.weight offset=525063040 bytes=563200 layout=DIRECT
reference_token1_blk3_routed expert_id=35 selected_range tensor=blk.1.ffn_down_exps.weight offset=598166416 bytes=1622016 layout=DIRECT
reference_token1_blk3_routed prefetch expert_id=35 tensor=blk.1.ffn_gate_exps.weight dependency_distance=0
reference_token1_blk3_routed prefetch expert_id=35 tensor=blk.1.ffn_up_exps.weight dependency_distance=0
reference_token1_blk3_routed prefetch expert_id=35 tensor=blk.1.ffn_down_exps.weight dependency_distance=2
expert_parity max_abs=0 max_rel=0 mean_abs=0 tolerance=1e-5
reference_token1_blk3_routed expert_id=35 consumer_wait=not_instrumented acquire_release=recorded peak_active=1622016 peak_resident=8245248
reference_token1_blk3_routed expert_rank=4 expert_id=15 router_rank=4 graph_created=YES graph_refs=gate:0,up:1,down:2 storage_ref_base=30045 score_preserved=YES
reference_token1_blk3_routed expert_id=15 selected_range tensor=blk.1.ffn_gate_exps.weight offset=477754224 bytes=563200 layout=DIRECT
reference_token1_blk3_routed expert_id=15 selected_range tensor=blk.1.ffn_up_exps.weight offset=513799040 bytes=563200 layout=DIRECT
reference_token1_blk3_routed expert_id=15 selected_range tensor=blk.1.ffn_down_exps.weight offset=565726096 bytes=1622016 layout=DIRECT
reference_token1_blk3_routed prefetch expert_id=15 tensor=blk.1.ffn_gate_exps.weight dependency_distance=0
reference_token1_blk3_routed prefetch expert_id=15 tensor=blk.1.ffn_up_exps.weight dependency_distance=0
reference_token1_blk3_routed prefetch expert_id=15 tensor=blk.1.ffn_down_exps.weight dependency_distance=2
expert_parity max_abs=0 max_rel=0 mean_abs=0 tolerance=1e-5
reference_token1_blk3_routed expert_id=15 consumer_wait=not_instrumented acquire_release=recorded peak_active=1622016 peak_resident=8245248
reference_token1_blk3_routed expert_rank=5 expert_id=59 router_rank=5 graph_created=YES graph_refs=gate:0,up:1,down:2 storage_ref_base=30177 score_preserved=YES
reference_token1_blk3_routed expert_id=59 selected_range tensor=blk.1.ffn_gate_exps.weight offset=502535024 bytes=563200 layout=DIRECT
reference_token1_blk3_routed expert_id=59 selected_range tensor=blk.1.ffn_up_exps.weight offset=538579840 bytes=563200 layout=DIRECT
reference_token1_blk3_routed expert_id=59 selected_range tensor=blk.1.ffn_down_exps.weight offset=637094800 bytes=1622016 layout=DIRECT
reference_token1_blk3_routed prefetch expert_id=59 tensor=blk.1.ffn_gate_exps.weight dependency_distance=0
reference_token1_blk3_routed prefetch expert_id=59 tensor=blk.1.ffn_up_exps.weight dependency_distance=0
reference_token1_blk3_routed prefetch expert_id=59 tensor=blk.1.ffn_down_exps.weight dependency_distance=2
expert_parity max_abs=0 max_rel=0 mean_abs=0 tolerance=1e-5
reference_token1_blk3_routed expert_id=59 consumer_wait=not_instrumented acquire_release=recorded peak_active=1622016 peak_resident=8245248
reference_token1_blk3_routed residency_hits=36 residency_misses=42 source_reads=18 materialization_requests=18 source_policy_calls=18 evictions=11 resident_tensors_after=9
routed_merge_parity max_abs=0 max_rel=0 mean_abs=0 tolerance=1e-5
shared_expert_parity max_abs=0 max_rel=0 mean_abs=0 tolerance=1e-5
pre_residual_composition_parity max_abs=0 max_rel=0 mean_abs=0 tolerance=1e-5
final_layer_parity max_abs=0 max_rel=0 mean_abs=0 tolerance=1e-5
reference_token1_blk3 shared_expert=REQUIRED shared_graph_created=YES residual_add=YES final_composition=PASS
ffn_timing tensor=blk.1.ffn_gate_inp.weight payload_ready_ns=8951768012512 first_consumer_start_ns=8951884981935 payload_to_first_consumer_ns=116969423
ffn_timing tensor=blk.1.ffn_gate_shexp.weight payload_ready_ns=8956693150519 first_consumer_start_ns=8956817238495 payload_to_first_consumer_ns=124087976
ffn_timing tensor=blk.1.ffn_gate_exps.weight payload_ready_ns=8952055523204 first_consumer_start_ns=8952175227730 payload_to_first_consumer_ns=119704526
reference_token1_blk3 full_layer_residency_hits=46 misses=51 evictions=15 source_reads=23 source_bytes=20402176 materialization_requests=23 resident_tensors_after=8
reference_token1_blk3 full_layer_peak_active_persistent_bytes=1622016 full_layer_peak_resident_bytes=8312832
reference_token1_blk3 first_payload_to_shared_compute_start_ns=5147778044 execution_ready_to_consumer_ns=NOT_INSTRUMENTED payload_to_first_useful_compute=NOT_INSTRUMENTED
token1_blk3_attention_parity max_abs=0 max_rel=0 mean_abs=0 tolerance=1e-5
token1_blk3_block_parity max_abs=0 max_rel=0 mean_abs=0 tolerance=1e-5
token1 block_handoff block=4 handoff_ns=34500 activation_copy_bytes=0
attention_timing tensor=blk.1.attn_norm.weight payload_ready_ns=8820953883260 first_consumer_start_ns=8957748485873 payload_to_first_consumer_ns=136794602613
attention_timing tensor=blk.1.attn_q.weight payload_ready_ns=8821318935555 first_consumer_start_ns=8958053729936 payload_to_first_consumer_ns=136734794381
attention_timing tensor=blk.1.attn_kv_a_mqa.weight payload_ready_ns=8821650255850 first_consumer_start_ns=8958376901789 payload_to_first_consumer_ns=136726645939
attention_timing tensor=blk.1.attn_kv_a_norm.weight payload_ready_ns=8821952236454 first_consumer_start_ns=8958741418523 payload_to_first_consumer_ns=136789182069
attention_timing tensor=blk.1.attn_kv_b.weight payload_ready_ns=8822268019555 first_consumer_start_ns=8959051795380 payload_to_first_consumer_ns=136783775825
attention_timing tensor=blk.1.attn_output.weight payload_ready_ns=8822560652069 first_consumer_start_ns=8959353216357 payload_to_first_consumer_ns=136792564288
token1_blk4 position=1 state_k_positions=2 state_v_positions=2 attention_probs=0.799868,0.200132,0.120579,0.879421,0.726416,0.273584,0.43224,0.56776,0.518115,0.481885,0.198163,0.801837,0.21158,0.78842,0.46289,0.53711,0.106052,0.893948,0.522995,0.477005,0.209137,0.790863,0.128147,0.871853,0.508341,0.491659,0.561149,0.438851,0.496285,0.503715,0.103074,0.896926,
reference_attention position=1 state_k_positions=2 state_v_positions=2 attention_probs=0.799868,0.200132,0.120579,0.879421,0.726416,0.273584,0.43224,0.56776,0.518115,0.481885,0.198163,0.801837,0.21158,0.78842,0.46289,0.53711,0.106052,0.893948,0.522995,0.477005,0.209137,0.790863,0.128147,0.871853,0.508341,0.491659,0.561149,0.438851,0.496285,0.503715,0.103074,0.896926,
normalized_input_parity max_abs=0 max_rel=0 mean_abs=0 tolerance=1e-5
router_score_parity max_abs=2.38419e-06 max_rel=7.54315e-06 mean_abs=2.96248e-07 tolerance=1e-5
selected_weight_parity max_abs=1.63913e-07 max_rel=7.61432e-07 mean_abs=6.45717e-08 tolerance=1e-5
token1_blk4 topk_ids=0,33,37,4,49,31 normalized_weights=0.215269,0.19782,0.175062,0.142576,0.141116,0.128157,
token1_blk4_routed expert_rank=0 expert_id=0 router_rank=0 graph_created=YES graph_refs=gate:0,up:1,down:2 storage_ref_base=40000 score_preserved=YES
token1_blk4_routed expert_id=0 selected_range tensor=blk.1.ffn_gate_exps.weight offset=652077112 bytes=563200 layout=DIRECT
token1_blk4_routed expert_id=0 selected_range tensor=blk.1.ffn_up_exps.weight offset=688121928 bytes=563200 layout=DIRECT
token1_blk4_routed expert_id=0 selected_range tensor=blk.1.ffn_down_exps.weight offset=724166744 bytes=1622016 layout=DIRECT
token1_blk4_routed prefetch expert_id=0 tensor=blk.1.ffn_gate_exps.weight dependency_distance=0
token1_blk4_routed prefetch expert_id=0 tensor=blk.1.ffn_up_exps.weight dependency_distance=0
token1_blk4_routed prefetch expert_id=0 tensor=blk.1.ffn_down_exps.weight dependency_distance=2
expert_parity max_abs=0 max_rel=0 mean_abs=0 tolerance=1e-5
token1_blk4_routed expert_id=0 consumer_wait=not_instrumented acquire_release=recorded peak_active=1622016 peak_resident=133212160
token1_blk4_routed expert_rank=1 expert_id=33 router_rank=1 graph_created=YES graph_refs=gate:0,up:1,down:2 storage_ref_base=40099 score_preserved=YES
token1_blk4_routed expert_id=33 selected_range tensor=blk.1.ffn_gate_exps.weight offset=670662712 bytes=563200 layout=DIRECT
token1_blk4_routed expert_id=33 selected_range tensor=blk.1.ffn_up_exps.weight offset=706707528 bytes=563200 layout=DIRECT
token1_blk4_routed expert_id=33 selected_range tensor=blk.1.ffn_down_exps.weight offset=777693272 bytes=1622016 layout=DIRECT
token1_blk4_routed prefetch expert_id=33 tensor=blk.1.ffn_gate_exps.weight dependency_distance=0
token1_blk4_routed prefetch expert_id=33 tensor=blk.1.ffn_up_exps.weight dependency_distance=0
token1_blk4_routed prefetch expert_id=33 tensor=blk.1.ffn_down_exps.weight dependency_distance=2
expert_parity max_abs=0 max_rel=0 mean_abs=0 tolerance=1e-5
token1_blk4_routed expert_id=33 consumer_wait=not_instrumented acquire_release=recorded peak_active=1622016 peak_resident=133775360
token1_blk4_routed expert_rank=2 expert_id=37 router_rank=2 graph_created=YES graph_refs=gate:0,up:1,down:2 storage_ref_base=40111 score_preserved=YES
token1_blk4_routed expert_id=37 selected_range tensor=blk.1.ffn_gate_exps.weight offset=672915512 bytes=563200 layout=DIRECT
token1_blk4_routed expert_id=37 selected_range tensor=blk.1.ffn_up_exps.weight offset=708960328 bytes=563200 layout=DIRECT
token1_blk4_routed expert_id=37 selected_range tensor=blk.1.ffn_down_exps.weight offset=784181336 bytes=1622016 layout=DIRECT
token1_blk4_routed prefetch expert_id=37 tensor=blk.1.ffn_gate_exps.weight dependency_distance=0
token1_blk4_routed prefetch expert_id=37 tensor=blk.1.ffn_up_exps.weight dependency_distance=0
token1_blk4_routed prefetch expert_id=37 tensor=blk.1.ffn_down_exps.weight dependency_distance=2
expert_parity max_abs=0 max_rel=0 mean_abs=0 tolerance=1e-5
token1_blk4_routed expert_id=37 consumer_wait=not_instrumented acquire_release=recorded peak_active=1622016 peak_resident=133775360
token1_blk4_routed expert_rank=3 expert_id=4 router_rank=3 graph_created=YES graph_refs=gate:0,up:1,down:2 storage_ref_base=40012 score_preserved=YES
token1_blk4_routed expert_id=4 selected_range tensor=blk.1.ffn_gate_exps.weight offset=654329912 bytes=563200 layout=DIRECT
token1_blk4_routed expert_id=4 selected_range tensor=blk.1.ffn_up_exps.weight offset=690374728 bytes=563200 layout=DIRECT
token1_blk4_routed expert_id=4 selected_range tensor=blk.1.ffn_down_exps.weight offset=730654808 bytes=1622016 layout=DIRECT
token1_blk4_routed prefetch expert_id=4 tensor=blk.1.ffn_gate_exps.weight dependency_distance=0
token1_blk4_routed prefetch expert_id=4 tensor=blk.1.ffn_up_exps.weight dependency_distance=0
token1_blk4_routed prefetch expert_id=4 tensor=blk.1.ffn_down_exps.weight dependency_distance=2
expert_parity max_abs=0 max_rel=0 mean_abs=0 tolerance=1e-5
token1_blk4_routed expert_id=4 consumer_wait=not_instrumented acquire_release=recorded peak_active=1622016 peak_resident=133144576
token1_blk4_routed expert_rank=4 expert_id=49 router_rank=4 graph_created=YES graph_refs=gate:0,up:1,down:2 storage_ref_base=40147 score_preserved=YES
token1_blk4_routed expert_id=49 selected_range tensor=blk.1.ffn_gate_exps.weight offset=679673912 bytes=563200 layout=DIRECT
token1_blk4_routed expert_id=49 selected_range tensor=blk.1.ffn_up_exps.weight offset=715718728 bytes=563200 layout=DIRECT
token1_blk4_routed expert_id=49 selected_range tensor=blk.1.ffn_down_exps.weight offset=803645528 bytes=1622016 layout=DIRECT
token1_blk4_routed prefetch expert_id=49 tensor=blk.1.ffn_gate_exps.weight dependency_distance=0
token1_blk4_routed prefetch expert_id=49 tensor=blk.1.ffn_up_exps.weight dependency_distance=0
token1_blk4_routed prefetch expert_id=49 tensor=blk.1.ffn_down_exps.weight dependency_distance=2
expert_parity max_abs=0 max_rel=0 mean_abs=0 tolerance=1e-5
token1_blk4_routed expert_id=49 consumer_wait=not_instrumented acquire_release=recorded peak_active=1622016 peak_resident=134203392
token1_blk4_routed expert_rank=5 expert_id=31 router_rank=5 graph_created=YES graph_refs=gate:0,up:1,down:2 storage_ref_base=40093 score_preserved=YES
token1_blk4_routed expert_id=31 selected_range tensor=blk.1.ffn_gate_exps.weight offset=669536312 bytes=563200 layout=DIRECT
token1_blk4_routed expert_id=31 selected_range tensor=blk.1.ffn_up_exps.weight offset=705581128 bytes=563200 layout=DIRECT
token1_blk4_routed expert_id=31 selected_range tensor=blk.1.ffn_down_exps.weight offset=774449240 bytes=1622016 layout=DIRECT
token1_blk4_routed prefetch expert_id=31 tensor=blk.1.ffn_gate_exps.weight dependency_distance=0
token1_blk4_routed prefetch expert_id=31 tensor=blk.1.ffn_up_exps.weight dependency_distance=0
token1_blk4_routed prefetch expert_id=31 tensor=blk.1.ffn_down_exps.weight dependency_distance=2
expert_parity max_abs=0 max_rel=0 mean_abs=0 tolerance=1e-5
token1_blk4_routed expert_id=31 consumer_wait=not_instrumented acquire_release=recorded peak_active=1622016 peak_resident=134135808
token1_blk4_routed residency_hits=48 residency_misses=30 source_reads=15 materialization_requests=15 source_policy_calls=15 evictions=18 resident_tensors_after=136
routed_merge_parity max_abs=0 max_rel=0 mean_abs=0 tolerance=1e-5
shared_expert_parity max_abs=0 max_rel=0 mean_abs=0 tolerance=1e-5
pre_residual_composition_parity max_abs=0 max_rel=0 mean_abs=0 tolerance=1e-5
final_layer_parity max_abs=0 max_rel=0 mean_abs=0 tolerance=1e-5
token1_blk4 shared_expert=REQUIRED shared_graph_created=YES residual_add=YES final_composition=PASS
ffn_timing tensor=blk.1.ffn_gate_inp.weight payload_ready_ns=8959822681584 first_consumer_start_ns=8959942428792 payload_to_first_consumer_ns=119747208
ffn_timing tensor=blk.1.ffn_gate_shexp.weight payload_ready_ns=8964640094710 first_consumer_start_ns=8964753349170 payload_to_first_consumer_ns=113254460
ffn_timing tensor=blk.1.ffn_gate_exps.weight payload_ready_ns=8960121940592 first_consumer_start_ns=8960242297943 payload_to_first_consumer_ns=120357351
token1_blk4 full_layer_residency_hits=62 misses=35 evictions=22 source_reads=19 source_bytes=14409728 materialization_requests=19 resident_tensors_after=135
token1_blk4 full_layer_peak_active_persistent_bytes=1622016 full_layer_peak_resident_bytes=134203392
token1_blk4 first_payload_to_shared_compute_start_ns=5057988044 execution_ready_to_consumer_ns=NOT_INSTRUMENTED payload_to_first_useful_compute=NOT_INSTRUMENTED
normalized_input_parity max_abs=0 max_rel=0 mean_abs=0 tolerance=1e-5
router_score_parity max_abs=2.38419e-06 max_rel=7.54315e-06 mean_abs=2.96248e-07 tolerance=1e-5
selected_weight_parity max_abs=1.63913e-07 max_rel=7.61432e-07 mean_abs=6.45717e-08 tolerance=1e-5
reference_token1_blk4 topk_ids=0,33,37,4,49,31 normalized_weights=0.215269,0.19782,0.175062,0.142576,0.141116,0.128157,
reference_token1_blk4_routed expert_rank=0 expert_id=0 router_rank=0 graph_created=YES graph_refs=gate:0,up:1,down:2 storage_ref_base=40000 score_preserved=YES
reference_token1_blk4_routed expert_id=0 selected_range tensor=blk.1.ffn_gate_exps.weight offset=652077112 bytes=563200 layout=DIRECT
reference_token1_blk4_routed expert_id=0 selected_range tensor=blk.1.ffn_up_exps.weight offset=688121928 bytes=563200 layout=DIRECT
reference_token1_blk4_routed expert_id=0 selected_range tensor=blk.1.ffn_down_exps.weight offset=724166744 bytes=1622016 layout=DIRECT
reference_token1_blk4_routed prefetch expert_id=0 tensor=blk.1.ffn_gate_exps.weight dependency_distance=0
reference_token1_blk4_routed prefetch expert_id=0 tensor=blk.1.ffn_up_exps.weight dependency_distance=0
reference_token1_blk4_routed prefetch expert_id=0 tensor=blk.1.ffn_down_exps.weight dependency_distance=2
expert_parity max_abs=0 max_rel=0 mean_abs=0 tolerance=1e-5
reference_token1_blk4_routed expert_id=0 consumer_wait=not_instrumented acquire_release=recorded peak_active=1622016 peak_resident=3280896
reference_token1_blk4_routed expert_rank=1 expert_id=33 router_rank=1 graph_created=YES graph_refs=gate:0,up:1,down:2 storage_ref_base=40099 score_preserved=YES
reference_token1_blk4_routed expert_id=33 selected_range tensor=blk.1.ffn_gate_exps.weight offset=670662712 bytes=563200 layout=DIRECT
reference_token1_blk4_routed expert_id=33 selected_range tensor=blk.1.ffn_up_exps.weight offset=706707528 bytes=563200 layout=DIRECT
reference_token1_blk4_routed expert_id=33 selected_range tensor=blk.1.ffn_down_exps.weight offset=777693272 bytes=1622016 layout=DIRECT
reference_token1_blk4_routed prefetch expert_id=33 tensor=blk.1.ffn_gate_exps.weight dependency_distance=0
reference_token1_blk4_routed prefetch expert_id=33 tensor=blk.1.ffn_up_exps.weight dependency_distance=0
reference_token1_blk4_routed prefetch expert_id=33 tensor=blk.1.ffn_down_exps.weight dependency_distance=2
expert_parity max_abs=0 max_rel=0 mean_abs=0 tolerance=1e-5
reference_token1_blk4_routed expert_id=33 consumer_wait=not_instrumented acquire_release=recorded peak_active=1622016 peak_resident=6029312
reference_token1_blk4_routed expert_rank=2 expert_id=37 router_rank=2 graph_created=YES graph_refs=gate:0,up:1,down:2 storage_ref_base=40111 score_preserved=YES
reference_token1_blk4_routed expert_id=37 selected_range tensor=blk.1.ffn_gate_exps.weight offset=672915512 bytes=563200 layout=DIRECT
reference_token1_blk4_routed expert_id=37 selected_range tensor=blk.1.ffn_up_exps.weight offset=708960328 bytes=563200 layout=DIRECT
reference_token1_blk4_routed expert_id=37 selected_range tensor=blk.1.ffn_down_exps.weight offset=784181336 bytes=1622016 layout=DIRECT
reference_token1_blk4_routed prefetch expert_id=37 tensor=blk.1.ffn_gate_exps.weight dependency_distance=0
reference_token1_blk4_routed prefetch expert_id=37 tensor=blk.1.ffn_up_exps.weight dependency_distance=0
reference_token1_blk4_routed prefetch expert_id=37 tensor=blk.1.ffn_down_exps.weight dependency_distance=2
expert_parity max_abs=0 max_rel=0 mean_abs=0 tolerance=1e-5
reference_token1_blk4_routed expert_id=37 consumer_wait=not_instrumented acquire_release=recorded peak_active=1622016 peak_resident=8245248
reference_token1_blk4_routed expert_rank=3 expert_id=4 router_rank=3 graph_created=YES graph_refs=gate:0,up:1,down:2 storage_ref_base=40012 score_preserved=YES
reference_token1_blk4_routed expert_id=4 selected_range tensor=blk.1.ffn_gate_exps.weight offset=654329912 bytes=563200 layout=DIRECT
reference_token1_blk4_routed expert_id=4 selected_range tensor=blk.1.ffn_up_exps.weight offset=690374728 bytes=563200 layout=DIRECT
reference_token1_blk4_routed expert_id=4 selected_range tensor=blk.1.ffn_down_exps.weight offset=730654808 bytes=1622016 layout=DIRECT
reference_token1_blk4_routed prefetch expert_id=4 tensor=blk.1.ffn_gate_exps.weight dependency_distance=0
reference_token1_blk4_routed prefetch expert_id=4 tensor=blk.1.ffn_up_exps.weight dependency_distance=0
reference_token1_blk4_routed prefetch expert_id=4 tensor=blk.1.ffn_down_exps.weight dependency_distance=2
expert_parity max_abs=0 max_rel=0 mean_abs=0 tolerance=1e-5
reference_token1_blk4_routed expert_id=4 consumer_wait=not_instrumented acquire_release=recorded peak_active=1622016 peak_resident=8245248
reference_token1_blk4_routed expert_rank=4 expert_id=49 router_rank=4 graph_created=YES graph_refs=gate:0,up:1,down:2 storage_ref_base=40147 score_preserved=YES
reference_token1_blk4_routed expert_id=49 selected_range tensor=blk.1.ffn_gate_exps.weight offset=679673912 bytes=563200 layout=DIRECT
reference_token1_blk4_routed expert_id=49 selected_range tensor=blk.1.ffn_up_exps.weight offset=715718728 bytes=563200 layout=DIRECT
reference_token1_blk4_routed expert_id=49 selected_range tensor=blk.1.ffn_down_exps.weight offset=803645528 bytes=1622016 layout=DIRECT
reference_token1_blk4_routed prefetch expert_id=49 tensor=blk.1.ffn_gate_exps.weight dependency_distance=0
reference_token1_blk4_routed prefetch expert_id=49 tensor=blk.1.ffn_up_exps.weight dependency_distance=0
reference_token1_blk4_routed prefetch expert_id=49 tensor=blk.1.ffn_down_exps.weight dependency_distance=2
expert_parity max_abs=0 max_rel=0 mean_abs=0 tolerance=1e-5
reference_token1_blk4_routed expert_id=49 consumer_wait=not_instrumented acquire_release=recorded peak_active=1622016 peak_resident=8245248
reference_token1_blk4_routed expert_rank=5 expert_id=31 router_rank=5 graph_created=YES graph_refs=gate:0,up:1,down:2 storage_ref_base=40093 score_preserved=YES
reference_token1_blk4_routed expert_id=31 selected_range tensor=blk.1.ffn_gate_exps.weight offset=669536312 bytes=563200 layout=DIRECT
reference_token1_blk4_routed expert_id=31 selected_range tensor=blk.1.ffn_up_exps.weight offset=705581128 bytes=563200 layout=DIRECT
reference_token1_blk4_routed expert_id=31 selected_range tensor=blk.1.ffn_down_exps.weight offset=774449240 bytes=1622016 layout=DIRECT
reference_token1_blk4_routed prefetch expert_id=31 tensor=blk.1.ffn_gate_exps.weight dependency_distance=0
reference_token1_blk4_routed prefetch expert_id=31 tensor=blk.1.ffn_up_exps.weight dependency_distance=0
reference_token1_blk4_routed prefetch expert_id=31 tensor=blk.1.ffn_down_exps.weight dependency_distance=2
expert_parity max_abs=0 max_rel=0 mean_abs=0 tolerance=1e-5
reference_token1_blk4_routed expert_id=31 consumer_wait=not_instrumented acquire_release=recorded peak_active=1622016 peak_resident=8245248
reference_token1_blk4_routed residency_hits=36 residency_misses=42 source_reads=18 materialization_requests=18 source_policy_calls=18 evictions=11 resident_tensors_after=9
routed_merge_parity max_abs=0 max_rel=0 mean_abs=0 tolerance=1e-5
shared_expert_parity max_abs=0 max_rel=0 mean_abs=0 tolerance=1e-5
pre_residual_composition_parity max_abs=0 max_rel=0 mean_abs=0 tolerance=1e-5
final_layer_parity max_abs=0 max_rel=0 mean_abs=0 tolerance=1e-5
reference_token1_blk4 shared_expert=REQUIRED shared_graph_created=YES residual_add=YES final_composition=PASS
ffn_timing tensor=blk.1.ffn_gate_inp.weight payload_ready_ns=8965536330135 first_consumer_start_ns=8965651586953 payload_to_first_consumer_ns=115256818
ffn_timing tensor=blk.1.ffn_gate_shexp.weight payload_ready_ns=8971091536247 first_consumer_start_ns=8971213620637 payload_to_first_consumer_ns=122084390
ffn_timing tensor=blk.1.ffn_gate_exps.weight payload_ready_ns=8965837672675 first_consumer_start_ns=8965956259108 payload_to_first_consumer_ns=118586433
reference_token1_blk4 full_layer_residency_hits=46 misses=51 evictions=15 source_reads=23 source_bytes=20402176 materialization_requests=23 resident_tensors_after=8
reference_token1_blk4 full_layer_peak_active_persistent_bytes=1622016 full_layer_peak_resident_bytes=8312832
reference_token1_blk4 first_payload_to_shared_compute_start_ns=5787408065 execution_ready_to_consumer_ns=NOT_INSTRUMENTED payload_to_first_useful_compute=NOT_INSTRUMENTED
token1_blk4_attention_parity max_abs=0 max_rel=0 mean_abs=0 tolerance=1e-5
token1_blk4_block_parity max_abs=0 max_rel=0 mean_abs=0 tolerance=1e-5
token1 block_handoff block=5 handoff_ns=185161 activation_copy_bytes=0
attention_timing tensor=blk.1.attn_norm.weight payload_ready_ns=8820953883260 first_consumer_start_ns=8972103489032 payload_to_first_consumer_ns=151149605772
attention_timing tensor=blk.1.attn_q.weight payload_ready_ns=8821318935555 first_consumer_start_ns=8972401897342 payload_to_first_consumer_ns=151082961787
attention_timing tensor=blk.1.attn_kv_a_mqa.weight payload_ready_ns=8821650255850 first_consumer_start_ns=8972710801579 payload_to_first_consumer_ns=151060545729
attention_timing tensor=blk.1.attn_kv_a_norm.weight payload_ready_ns=8821952236454 first_consumer_start_ns=8973000571721 payload_to_first_consumer_ns=151048335267
attention_timing tensor=blk.1.attn_kv_b.weight payload_ready_ns=8822268019555 first_consumer_start_ns=8973283882235 payload_to_first_consumer_ns=151015862680
attention_timing tensor=blk.1.attn_output.weight payload_ready_ns=8822560652069 first_consumer_start_ns=8973640601714 payload_to_first_consumer_ns=151079949645
token1_blk5 position=1 state_k_positions=2 state_v_positions=2 attention_probs=0.524456,0.475544,0.321141,0.678859,0.355457,0.644543,0.520369,0.479631,0.347188,0.652812,0.572592,0.427408,0.206531,0.793469,0.266218,0.733782,0.492689,0.507311,0.055225,0.944775,0.432631,0.567369,0.520396,0.479604,0.13076,0.86924,0.674623,0.325377,0.56021,0.43979,0.136011,0.863989,
reference_attention position=1 state_k_positions=2 state_v_positions=2 attention_probs=0.524456,0.475544,0.321141,0.678859,0.355457,0.644543,0.520369,0.479631,0.347188,0.652812,0.572592,0.427408,0.206531,0.793469,0.266218,0.733782,0.492689,0.507311,0.055225,0.944775,0.432631,0.567369,0.520396,0.479604,0.13076,0.86924,0.674623,0.325377,0.56021,0.43979,0.136011,0.863989,
normalized_input_parity max_abs=0 max_rel=0 mean_abs=0 tolerance=1e-5
router_score_parity max_abs=1.3113e-06 max_rel=1.28136e-05 mean_abs=3.2864e-07 tolerance=1e-5
selected_weight_parity max_abs=1.93715e-07 max_rel=1.15926e-06 mean_abs=1.06792e-07 tolerance=1e-5
token1_blk5 topk_ids=14,10,17,19,18,41 normalized_weights=0.203788,0.167102,0.162873,0.157614,0.154751,0.153873,
token1_blk5_routed expert_rank=0 expert_id=14 router_rank=0 graph_created=YES graph_refs=gate:0,up:1,down:2 storage_ref_base=50042 score_preserved=YES
token1_blk5_routed expert_id=14 selected_range tensor=blk.1.ffn_gate_exps.weight offset=842732800 bytes=563200 layout=DIRECT
token1_blk5_routed expert_id=14 selected_range tensor=blk.1.ffn_up_exps.weight offset=878777616 bytes=563200 layout=DIRECT
token1_blk5_routed expert_id=14 selected_range tensor=blk.1.ffn_down_exps.weight offset=929645856 bytes=1622016 layout=DIRECT
token1_blk5_routed prefetch expert_id=14 tensor=blk.1.ffn_gate_exps.weight dependency_distance=0
token1_blk5_routed prefetch expert_id=14 tensor=blk.1.ffn_up_exps.weight dependency_distance=0
token1_blk5_routed prefetch expert_id=14 tensor=blk.1.ffn_down_exps.weight dependency_distance=2
expert_parity max_abs=0 max_rel=0 mean_abs=0 tolerance=1e-5
token1_blk5_routed expert_id=14 consumer_wait=not_instrumented acquire_release=recorded peak_active=1622016 peak_resident=134135808
token1_blk5_routed expert_rank=1 expert_id=10 router_rank=1 graph_created=YES graph_refs=gate:0,up:1,down:2 storage_ref_base=50030 score_preserved=YES
token1_blk5_routed expert_id=10 selected_range tensor=blk.1.ffn_gate_exps.weight offset=840480000 bytes=563200 layout=DIRECT
token1_blk5_routed expert_id=10 selected_range tensor=blk.1.ffn_up_exps.weight offset=876524816 bytes=563200 layout=DIRECT
token1_blk5_routed expert_id=10 selected_range tensor=blk.1.ffn_down_exps.weight offset=923157792 bytes=1622016 layout=DIRECT
token1_blk5_routed prefetch expert_id=10 tensor=blk.1.ffn_gate_exps.weight dependency_distance=0
token1_blk5_routed prefetch expert_id=10 tensor=blk.1.ffn_up_exps.weight dependency_distance=0
token1_blk5_routed prefetch expert_id=10 tensor=blk.1.ffn_down_exps.weight dependency_distance=2
expert_parity max_abs=0 max_rel=0 mean_abs=0 tolerance=1e-5
token1_blk5_routed expert_id=10 consumer_wait=not_instrumented acquire_release=recorded peak_active=1622016 peak_resident=134068224
token1_blk5_routed expert_rank=2 expert_id=17 router_rank=2 graph_created=YES graph_refs=gate:0,up:1,down:2 storage_ref_base=50051 score_preserved=YES
token1_blk5_routed expert_id=17 selected_range tensor=blk.1.ffn_gate_exps.weight offset=844422400 bytes=563200 layout=DIRECT
token1_blk5_routed expert_id=17 selected_range tensor=blk.1.ffn_up_exps.weight offset=880467216 bytes=563200 layout=DIRECT
token1_blk5_routed expert_id=17 selected_range tensor=blk.1.ffn_down_exps.weight offset=934511904 bytes=1622016 layout=DIRECT
token1_blk5_routed prefetch expert_id=17 tensor=blk.1.ffn_gate_exps.weight dependency_distance=0
token1_blk5_routed prefetch expert_id=17 tensor=blk.1.ffn_up_exps.weight dependency_distance=0
token1_blk5_routed prefetch expert_id=17 tensor=blk.1.ffn_down_exps.weight dependency_distance=2
expert_parity max_abs=0 max_rel=0 mean_abs=0 tolerance=1e-5
token1_blk5_routed expert_id=17 consumer_wait=not_instrumented acquire_release=recorded peak_active=1622016 peak_resident=133293056
token1_blk5_routed expert_rank=3 expert_id=19 router_rank=3 graph_created=YES graph_refs=gate:0,up:1,down:2 storage_ref_base=50057 score_preserved=YES
token1_blk5_routed expert_id=19 selected_range tensor=blk.1.ffn_gate_exps.weight offset=845548800 bytes=563200 layout=DIRECT
token1_blk5_routed expert_id=19 selected_range tensor=blk.1.ffn_up_exps.weight offset=881593616 bytes=563200 layout=DIRECT
token1_blk5_routed expert_id=19 selected_range tensor=blk.1.ffn_down_exps.weight offset=937755936 bytes=1622016 layout=DIRECT
token1_blk5_routed prefetch expert_id=19 tensor=blk.1.ffn_gate_exps.weight dependency_distance=0
token1_blk5_routed prefetch expert_id=19 tensor=blk.1.ffn_up_exps.weight dependency_distance=0
token1_blk5_routed prefetch expert_id=19 tensor=blk.1.ffn_down_exps.weight dependency_distance=2
expert_parity max_abs=0 max_rel=0 mean_abs=0 tolerance=1e-5
token1_blk5_routed expert_id=19 consumer_wait=not_instrumented acquire_release=recorded peak_active=1622016 peak_resident=133886976
token1_blk5_routed expert_rank=4 expert_id=18 router_rank=4 graph_created=YES graph_refs=gate:0,up:1,down:2 storage_ref_base=50054 score_preserved=YES
token1_blk5_routed expert_id=18 selected_range tensor=blk.1.ffn_gate_exps.weight offset=844985600 bytes=563200 layout=DIRECT
token1_blk5_routed expert_id=18 selected_range tensor=blk.1.ffn_up_exps.weight offset=881030416 bytes=563200 layout=DIRECT
token1_blk5_routed expert_id=18 selected_range tensor=blk.1.ffn_down_exps.weight offset=936133920 bytes=1622016 layout=DIRECT
token1_blk5_routed prefetch expert_id=18 tensor=blk.1.ffn_gate_exps.weight dependency_distance=0
token1_blk5_routed prefetch expert_id=18 tensor=blk.1.ffn_up_exps.weight dependency_distance=0
token1_blk5_routed prefetch expert_id=18 tensor=blk.1.ffn_down_exps.weight dependency_distance=2
expert_parity max_abs=0 max_rel=0 mean_abs=0 tolerance=1e-5
token1_blk5_routed expert_id=18 consumer_wait=not_instrumented acquire_release=recorded peak_active=1622016 peak_resident=133819392
token1_blk5_routed expert_rank=5 expert_id=41 router_rank=5 graph_created=YES graph_refs=gate:0,up:1,down:2 storage_ref_base=50123 score_preserved=YES
token1_blk5_routed expert_id=41 selected_range tensor=blk.1.ffn_gate_exps.weight offset=857939200 bytes=563200 layout=DIRECT
token1_blk5_routed expert_id=41 selected_range tensor=blk.1.ffn_up_exps.weight offset=893984016 bytes=563200 layout=DIRECT
token1_blk5_routed expert_id=41 selected_range tensor=blk.1.ffn_down_exps.weight offset=973440288 bytes=1622016 layout=DIRECT
token1_blk5_routed prefetch expert_id=41 tensor=blk.1.ffn_gate_exps.weight dependency_distance=0
token1_blk5_routed prefetch expert_id=41 tensor=blk.1.ffn_up_exps.weight dependency_distance=0
token1_blk5_routed prefetch expert_id=41 tensor=blk.1.ffn_down_exps.weight dependency_distance=2
expert_parity max_abs=0 max_rel=0 mean_abs=0 tolerance=1e-5
token1_blk5_routed expert_id=41 consumer_wait=not_instrumented acquire_release=recorded peak_active=1622016 peak_resident=133819392
token1_blk5_routed residency_hits=48 residency_misses=30 source_reads=15 materialization_requests=15 source_policy_calls=15 evictions=22 resident_tensors_after=128
routed_merge_parity max_abs=0 max_rel=0 mean_abs=0 tolerance=1e-5
shared_expert_parity max_abs=0 max_rel=0 mean_abs=0 tolerance=1e-5
pre_residual_composition_parity max_abs=0 max_rel=0 mean_abs=0 tolerance=1e-5
final_layer_parity max_abs=0 max_rel=0 mean_abs=0 tolerance=1e-5
token1_blk5 shared_expert=REQUIRED shared_graph_created=YES residual_add=YES final_composition=PASS
ffn_timing tensor=blk.1.ffn_gate_inp.weight payload_ready_ns=8974096390722 first_consumer_start_ns=8974220013388 payload_to_first_consumer_ns=123622666
ffn_timing tensor=blk.1.ffn_gate_shexp.weight payload_ready_ns=8978205102113 first_consumer_start_ns=8978329781875 payload_to_first_consumer_ns=124679762
ffn_timing tensor=blk.1.ffn_gate_exps.weight payload_ready_ns=8974410024620 first_consumer_start_ns=8974524730707 payload_to_first_consumer_ns=114706087
token1_blk5 full_layer_residency_hits=62 misses=35 evictions=26 source_reads=19 source_bytes=14409728 materialization_requests=19 resident_tensors_after=127
token1_blk5 full_layer_peak_active_persistent_bytes=1622016 full_layer_peak_resident_bytes=134135808
token1_blk5 first_payload_to_shared_compute_start_ns=4326365714 execution_ready_to_consumer_ns=NOT_INSTRUMENTED payload_to_first_useful_compute=NOT_INSTRUMENTED
normalized_input_parity max_abs=0 max_rel=0 mean_abs=0 tolerance=1e-5
router_score_parity max_abs=1.3113e-06 max_rel=1.28136e-05 mean_abs=3.2864e-07 tolerance=1e-5
selected_weight_parity max_abs=1.93715e-07 max_rel=1.15926e-06 mean_abs=1.06792e-07 tolerance=1e-5
reference_token1_blk5 topk_ids=14,10,17,19,18,41 normalized_weights=0.203788,0.167102,0.162873,0.157614,0.154751,0.153873,
reference_token1_blk5_routed expert_rank=0 expert_id=14 router_rank=0 graph_created=YES graph_refs=gate:0,up:1,down:2 storage_ref_base=50042 score_preserved=YES
reference_token1_blk5_routed expert_id=14 selected_range tensor=blk.1.ffn_gate_exps.weight offset=842732800 bytes=563200 layout=DIRECT
reference_token1_blk5_routed expert_id=14 selected_range tensor=blk.1.ffn_up_exps.weight offset=878777616 bytes=563200 layout=DIRECT
reference_token1_blk5_routed expert_id=14 selected_range tensor=blk.1.ffn_down_exps.weight offset=929645856 bytes=1622016 layout=DIRECT
reference_token1_blk5_routed prefetch expert_id=14 tensor=blk.1.ffn_gate_exps.weight dependency_distance=0
reference_token1_blk5_routed prefetch expert_id=14 tensor=blk.1.ffn_up_exps.weight dependency_distance=0
reference_token1_blk5_routed prefetch expert_id=14 tensor=blk.1.ffn_down_exps.weight dependency_distance=2
expert_parity max_abs=0 max_rel=0 mean_abs=0 tolerance=1e-5
reference_token1_blk5_routed expert_id=14 consumer_wait=not_instrumented acquire_release=recorded peak_active=1622016 peak_resident=3280896
reference_token1_blk5_routed expert_rank=1 expert_id=10 router_rank=1 graph_created=YES graph_refs=gate:0,up:1,down:2 storage_ref_base=50030 score_preserved=YES
reference_token1_blk5_routed expert_id=10 selected_range tensor=blk.1.ffn_gate_exps.weight offset=840480000 bytes=563200 layout=DIRECT
reference_token1_blk5_routed expert_id=10 selected_range tensor=blk.1.ffn_up_exps.weight offset=876524816 bytes=563200 layout=DIRECT
reference_token1_blk5_routed expert_id=10 selected_range tensor=blk.1.ffn_down_exps.weight offset=923157792 bytes=1622016 layout=DIRECT
reference_token1_blk5_routed prefetch expert_id=10 tensor=blk.1.ffn_gate_exps.weight dependency_distance=0
reference_token1_blk5_routed prefetch expert_id=10 tensor=blk.1.ffn_up_exps.weight dependency_distance=0
reference_token1_blk5_routed prefetch expert_id=10 tensor=blk.1.ffn_down_exps.weight dependency_distance=2
expert_parity max_abs=0 max_rel=0 mean_abs=0 tolerance=1e-5
reference_token1_blk5_routed expert_id=10 consumer_wait=not_instrumented acquire_release=recorded peak_active=1622016 peak_resident=6029312
reference_token1_blk5_routed expert_rank=2 expert_id=17 router_rank=2 graph_created=YES graph_refs=gate:0,up:1,down:2 storage_ref_base=50051 score_preserved=YES
reference_token1_blk5_routed expert_id=17 selected_range tensor=blk.1.ffn_gate_exps.weight offset=844422400 bytes=563200 layout=DIRECT
reference_token1_blk5_routed expert_id=17 selected_range tensor=blk.1.ffn_up_exps.weight offset=880467216 bytes=563200 layout=DIRECT
reference_token1_blk5_routed expert_id=17 selected_range tensor=blk.1.ffn_down_exps.weight offset=934511904 bytes=1622016 layout=DIRECT
reference_token1_blk5_routed prefetch expert_id=17 tensor=blk.1.ffn_gate_exps.weight dependency_distance=0
reference_token1_blk5_routed prefetch expert_id=17 tensor=blk.1.ffn_up_exps.weight dependency_distance=0
reference_token1_blk5_routed prefetch expert_id=17 tensor=blk.1.ffn_down_exps.weight dependency_distance=2
expert_parity max_abs=0 max_rel=0 mean_abs=0 tolerance=1e-5
reference_token1_blk5_routed expert_id=17 consumer_wait=not_instrumented acquire_release=recorded peak_active=1622016 peak_resident=8245248
reference_token1_blk5_routed expert_rank=3 expert_id=19 router_rank=3 graph_created=YES graph_refs=gate:0,up:1,down:2 storage_ref_base=50057 score_preserved=YES
reference_token1_blk5_routed expert_id=19 selected_range tensor=blk.1.ffn_gate_exps.weight offset=845548800 bytes=563200 layout=DIRECT
reference_token1_blk5_routed expert_id=19 selected_range tensor=blk.1.ffn_up_exps.weight offset=881593616 bytes=563200 layout=DIRECT
reference_token1_blk5_routed expert_id=19 selected_range tensor=blk.1.ffn_down_exps.weight offset=937755936 bytes=1622016 layout=DIRECT
reference_token1_blk5_routed prefetch expert_id=19 tensor=blk.1.ffn_gate_exps.weight dependency_distance=0
reference_token1_blk5_routed prefetch expert_id=19 tensor=blk.1.ffn_up_exps.weight dependency_distance=0
reference_token1_blk5_routed prefetch expert_id=19 tensor=blk.1.ffn_down_exps.weight dependency_distance=2
expert_parity max_abs=0 max_rel=0 mean_abs=0 tolerance=1e-5
reference_token1_blk5_routed expert_id=19 consumer_wait=not_instrumented acquire_release=recorded peak_active=1622016 peak_resident=8245248
reference_token1_blk5_routed expert_rank=4 expert_id=18 router_rank=4 graph_created=YES graph_refs=gate:0,up:1,down:2 storage_ref_base=50054 score_preserved=YES
reference_token1_blk5_routed expert_id=18 selected_range tensor=blk.1.ffn_gate_exps.weight offset=844985600 bytes=563200 layout=DIRECT
reference_token1_blk5_routed expert_id=18 selected_range tensor=blk.1.ffn_up_exps.weight offset=881030416 bytes=563200 layout=DIRECT
reference_token1_blk5_routed expert_id=18 selected_range tensor=blk.1.ffn_down_exps.weight offset=936133920 bytes=1622016 layout=DIRECT
reference_token1_blk5_routed prefetch expert_id=18 tensor=blk.1.ffn_gate_exps.weight dependency_distance=0
reference_token1_blk5_routed prefetch expert_id=18 tensor=blk.1.ffn_up_exps.weight dependency_distance=0
reference_token1_blk5_routed prefetch expert_id=18 tensor=blk.1.ffn_down_exps.weight dependency_distance=2
expert_parity max_abs=0 max_rel=0 mean_abs=0 tolerance=1e-5
reference_token1_blk5_routed expert_id=18 consumer_wait=not_instrumented acquire_release=recorded peak_active=1622016 peak_resident=8245248
reference_token1_blk5_routed expert_rank=5 expert_id=41 router_rank=5 graph_created=YES graph_refs=gate:0,up:1,down:2 storage_ref_base=50123 score_preserved=YES
reference_token1_blk5_routed expert_id=41 selected_range tensor=blk.1.ffn_gate_exps.weight offset=857939200 bytes=563200 layout=DIRECT
reference_token1_blk5_routed expert_id=41 selected_range tensor=blk.1.ffn_up_exps.weight offset=893984016 bytes=563200 layout=DIRECT
reference_token1_blk5_routed expert_id=41 selected_range tensor=blk.1.ffn_down_exps.weight offset=973440288 bytes=1622016 layout=DIRECT
reference_token1_blk5_routed prefetch expert_id=41 tensor=blk.1.ffn_gate_exps.weight dependency_distance=0
reference_token1_blk5_routed prefetch expert_id=41 tensor=blk.1.ffn_up_exps.weight dependency_distance=0
reference_token1_blk5_routed prefetch expert_id=41 tensor=blk.1.ffn_down_exps.weight dependency_distance=2
expert_parity max_abs=0 max_rel=0 mean_abs=0 tolerance=1e-5
reference_token1_blk5_routed expert_id=41 consumer_wait=not_instrumented acquire_release=recorded peak_active=1622016 peak_resident=8245248
reference_token1_blk5_routed residency_hits=36 residency_misses=42 source_reads=18 materialization_requests=18 source_policy_calls=18 evictions=11 resident_tensors_after=9
routed_merge_parity max_abs=0 max_rel=0 mean_abs=0 tolerance=1e-5
shared_expert_parity max_abs=0 max_rel=0 mean_abs=0 tolerance=1e-5
pre_residual_composition_parity max_abs=0 max_rel=0 mean_abs=0 tolerance=1e-5
final_layer_parity max_abs=0 max_rel=0 mean_abs=0 tolerance=1e-5
reference_token1_blk5 shared_expert=REQUIRED shared_graph_created=YES residual_add=YES final_composition=PASS
ffn_timing tensor=blk.1.ffn_gate_inp.weight payload_ready_ns=8979118084500 first_consumer_start_ns=8979233443442 payload_to_first_consumer_ns=115358942
ffn_timing tensor=blk.1.ffn_gate_shexp.weight payload_ready_ns=8984407774600 first_consumer_start_ns=8984521554526 payload_to_first_consumer_ns=113779926
ffn_timing tensor=blk.1.ffn_gate_exps.weight payload_ready_ns=8979418189062 first_consumer_start_ns=8979530063348 payload_to_first_consumer_ns=111874286
reference_token1_blk5 full_layer_residency_hits=46 misses=51 evictions=15 source_reads=23 source_bytes=20402176 materialization_requests=23 resident_tensors_after=8
reference_token1_blk5 full_layer_peak_active_persistent_bytes=1622016 full_layer_peak_resident_bytes=8312832
reference_token1_blk5 first_payload_to_shared_compute_start_ns=5513776702 execution_ready_to_consumer_ns=NOT_INSTRUMENTED payload_to_first_useful_compute=NOT_INSTRUMENTED
token1_blk5_attention_parity max_abs=0 max_rel=0 mean_abs=0 tolerance=1e-5
token1_blk5_block_parity max_abs=0 max_rel=0 mean_abs=0 tolerance=1e-5
token1 block_handoff block=6 handoff_ns=90411 activation_copy_bytes=0
attention_timing tensor=blk.1.attn_norm.weight payload_ready_ns=8820953883260 first_consumer_start_ns=8985253777210 payload_to_first_consumer_ns=164299893950
attention_timing tensor=blk.1.attn_q.weight payload_ready_ns=8821318935555 first_consumer_start_ns=8985531864565 payload_to_first_consumer_ns=164212929010
attention_timing tensor=blk.1.attn_kv_a_mqa.weight payload_ready_ns=8821650255850 first_consumer_start_ns=8985835937387 payload_to_first_consumer_ns=164185681537
attention_timing tensor=blk.1.attn_kv_a_norm.weight payload_ready_ns=8821952236454 first_consumer_start_ns=8986135390188 payload_to_first_consumer_ns=164183153734
attention_timing tensor=blk.1.attn_kv_b.weight payload_ready_ns=8822268019555 first_consumer_start_ns=8986427738868 payload_to_first_consumer_ns=164159719313
attention_timing tensor=blk.1.attn_output.weight payload_ready_ns=8822560652069 first_consumer_start_ns=8986733646018 payload_to_first_consumer_ns=164172993949
token1_blk6 position=1 state_k_positions=2 state_v_positions=2 attention_probs=0.591727,0.408273,0.912876,0.0871237,0.586515,0.413485,0.683553,0.316447,0.742298,0.257702,0.336236,0.663764,0.727576,0.272424,0.460645,0.539355,0.0945278,0.905472,0.30825,0.69175,0.797913,0.202087,0.394703,0.605297,0.569404,0.430596,0.595114,0.404886,0.077147,0.922853,0.31568,0.68432,
reference_attention position=1 state_k_positions=2 state_v_positions=2 attention_probs=0.591727,0.408273,0.912876,0.0871237,0.586515,0.413485,0.683553,0.316447,0.742298,0.257702,0.336236,0.663764,0.727576,0.272424,0.460645,0.539355,0.0945278,0.905472,0.30825,0.69175,0.797913,0.202087,0.394703,0.605297,0.569404,0.430596,0.595114,0.404886,0.077147,0.922853,0.31568,0.68432,
normalized_input_parity max_abs=0 max_rel=0 mean_abs=0 tolerance=1e-5
router_score_parity max_abs=1.13249e-06 max_rel=0.000445456 mean_abs=2.68297e-07 tolerance=1e-5
selected_weight_parity max_abs=2.08616e-07 max_rel=1.25037e-06 mean_abs=9.18905e-08 tolerance=1e-5
token1_blk6 topk_ids=22,49,20,34,59,9 normalized_weights=0.184411,0.170893,0.166844,0.162698,0.158554,0.156601,
token1_blk6_routed expert_rank=0 expert_id=22 router_rank=0 graph_created=YES graph_refs=gate:0,up:1,down:2 storage_ref_base=60066 score_preserved=YES
token1_blk6_routed expert_id=22 selected_range tensor=blk.1.ffn_gate_exps.weight offset=1030009288 bytes=563200 layout=DIRECT
token1_blk6_routed expert_id=22 selected_range tensor=blk.1.ffn_up_exps.weight offset=1066054104 bytes=563200 layout=DIRECT
token1_blk6_routed expert_id=22 selected_range tensor=blk.1.ffn_down_exps.weight offset=1125392872 bytes=1622016 layout=DIRECT
token1_blk6_routed prefetch expert_id=22 tensor=blk.1.ffn_gate_exps.weight dependency_distance=0
token1_blk6_routed prefetch expert_id=22 tensor=blk.1.ffn_up_exps.weight dependency_distance=0
token1_blk6_routed prefetch expert_id=22 tensor=blk.1.ffn_down_exps.weight dependency_distance=2
expert_parity max_abs=0 max_rel=0 mean_abs=0 tolerance=1e-5
token1_blk6_routed expert_id=22 consumer_wait=not_instrumented acquire_release=recorded peak_active=1622016 peak_resident=133819392
token1_blk6_routed expert_rank=1 expert_id=49 router_rank=1 graph_created=YES graph_refs=gate:0,up:1,down:2 storage_ref_base=60147 score_preserved=YES
token1_blk6_routed expert_id=49 selected_range tensor=blk.1.ffn_gate_exps.weight offset=1045215688 bytes=563200 layout=DIRECT
token1_blk6_routed expert_id=49 selected_range tensor=blk.1.ffn_up_exps.weight offset=1081260504 bytes=563200 layout=DIRECT
token1_blk6_routed expert_id=49 selected_range tensor=blk.1.ffn_down_exps.weight offset=1169187304 bytes=1622016 layout=DIRECT
token1_blk6_routed prefetch expert_id=49 tensor=blk.1.ffn_gate_exps.weight dependency_distance=0
token1_blk6_routed prefetch expert_id=49 tensor=blk.1.ffn_up_exps.weight dependency_distance=0
token1_blk6_routed prefetch expert_id=49 tensor=blk.1.ffn_down_exps.weight dependency_distance=2
expert_parity max_abs=0 max_rel=0 mean_abs=0 tolerance=1e-5
token1_blk6_routed expert_id=49 consumer_wait=not_instrumented acquire_release=recorded peak_active=1622016 peak_resident=133751808
token1_blk6_routed expert_rank=2 expert_id=20 router_rank=2 graph_created=YES graph_refs=gate:0,up:1,down:2 storage_ref_base=60060 score_preserved=YES
token1_blk6_routed expert_id=20 selected_range tensor=blk.1.ffn_gate_exps.weight offset=1028882888 bytes=563200 layout=DIRECT
token1_blk6_routed expert_id=20 selected_range tensor=blk.1.ffn_up_exps.weight offset=1064927704 bytes=563200 layout=DIRECT
token1_blk6_routed expert_id=20 selected_range tensor=blk.1.ffn_down_exps.weight offset=1122148840 bytes=1622016 layout=DIRECT
token1_blk6_routed prefetch expert_id=20 tensor=blk.1.ffn_gate_exps.weight dependency_distance=0
token1_blk6_routed prefetch expert_id=20 tensor=blk.1.ffn_up_exps.weight dependency_distance=0
token1_blk6_routed prefetch expert_id=20 tensor=blk.1.ffn_down_exps.weight dependency_distance=2
expert_parity max_abs=0 max_rel=0 mean_abs=0 tolerance=1e-5
token1_blk6_routed expert_id=20 consumer_wait=not_instrumented acquire_release=recorded peak_active=1622016 peak_resident=133641216
token1_blk6_routed expert_rank=3 expert_id=34 router_rank=3 graph_created=YES graph_refs=gate:0,up:1,down:2 storage_ref_base=60102 score_preserved=YES
token1_blk6_routed expert_id=34 selected_range tensor=blk.1.ffn_gate_exps.weight offset=1036767688 bytes=563200 layout=DIRECT
token1_blk6_routed expert_id=34 selected_range tensor=blk.1.ffn_up_exps.weight offset=1072812504 bytes=563200 layout=DIRECT
token1_blk6_routed expert_id=34 selected_range tensor=blk.1.ffn_down_exps.weight offset=1144857064 bytes=1622016 layout=DIRECT
token1_blk6_routed prefetch expert_id=34 tensor=blk.1.ffn_gate_exps.weight dependency_distance=0
token1_blk6_routed prefetch expert_id=34 tensor=blk.1.ffn_up_exps.weight dependency_distance=0
token1_blk6_routed prefetch expert_id=34 tensor=blk.1.ffn_down_exps.weight dependency_distance=2
expert_parity max_abs=0 max_rel=0 mean_abs=0 tolerance=1e-5
token1_blk6_routed expert_id=34 consumer_wait=not_instrumented acquire_release=recorded peak_active=1622016 peak_resident=134125568
token1_blk6_routed expert_rank=4 expert_id=59 router_rank=4 graph_created=YES graph_refs=gate:0,up:1,down:2 storage_ref_base=60177 score_preserved=YES
token1_blk6_routed expert_id=59 selected_range tensor=blk.1.ffn_gate_exps.weight offset=1050847688 bytes=563200 layout=DIRECT
token1_blk6_routed expert_id=59 selected_range tensor=blk.1.ffn_up_exps.weight offset=1086892504 bytes=563200 layout=DIRECT
token1_blk6_routed expert_id=59 selected_range tensor=blk.1.ffn_down_exps.weight offset=1185407464 bytes=1622016 layout=DIRECT
token1_blk6_routed prefetch expert_id=59 tensor=blk.1.ffn_gate_exps.weight dependency_distance=0
token1_blk6_routed prefetch expert_id=59 tensor=blk.1.ffn_up_exps.weight dependency_distance=0
token1_blk6_routed prefetch expert_id=59 tensor=blk.1.ffn_down_exps.weight dependency_distance=2
expert_parity max_abs=0 max_rel=0 mean_abs=0 tolerance=1e-5
token1_blk6_routed expert_id=59 consumer_wait=not_instrumented acquire_release=recorded peak_active=1622016 peak_resident=134133760
token1_blk6_routed expert_rank=5 expert_id=9 router_rank=5 graph_created=YES graph_refs=gate:0,up:1,down:2 storage_ref_base=60027 score_preserved=YES
token1_blk6_routed expert_id=9 selected_range tensor=blk.1.ffn_gate_exps.weight offset=1022687688 bytes=563200 layout=DIRECT
token1_blk6_routed expert_id=9 selected_range tensor=blk.1.ffn_up_exps.weight offset=1058732504 bytes=563200 layout=DIRECT
token1_blk6_routed expert_id=9 selected_range tensor=blk.1.ffn_down_exps.weight offset=1104306664 bytes=1622016 layout=DIRECT
token1_blk6_routed prefetch expert_id=9 tensor=blk.1.ffn_gate_exps.weight dependency_distance=0
token1_blk6_routed prefetch expert_id=9 tensor=blk.1.ffn_up_exps.weight dependency_distance=0
token1_blk6_routed prefetch expert_id=9 tensor=blk.1.ffn_down_exps.weight dependency_distance=2
expert_parity max_abs=0 max_rel=0 mean_abs=0 tolerance=1e-5
token1_blk6_routed expert_id=9 consumer_wait=not_instrumented acquire_release=recorded peak_active=1622016 peak_resident=134066176
token1_blk6_routed residency_hits=48 residency_misses=30 source_reads=15 materialization_requests=15 source_policy_calls=15 evictions=21 resident_tensors_after=121
routed_merge_parity max_abs=0 max_rel=0 mean_abs=0 tolerance=1e-5
shared_expert_parity max_abs=0 max_rel=0 mean_abs=0 tolerance=1e-5
pre_residual_composition_parity max_abs=0 max_rel=0 mean_abs=0 tolerance=1e-5
final_layer_parity max_abs=0 max_rel=0 mean_abs=0 tolerance=1e-5
token1_blk6 shared_expert=REQUIRED shared_graph_created=YES residual_add=YES final_composition=PASS
ffn_timing tensor=blk.1.ffn_gate_inp.weight payload_ready_ns=8987228399929 first_consumer_start_ns=8987347633669 payload_to_first_consumer_ns=119233740
ffn_timing tensor=blk.1.ffn_gate_shexp.weight payload_ready_ns=8991896166483 first_consumer_start_ns=8992017650534 payload_to_first_consumer_ns=121484051
ffn_timing tensor=blk.1.ffn_gate_exps.weight payload_ready_ns=8987528519843 first_consumer_start_ns=8987641788667 payload_to_first_consumer_ns=113268824
token1_blk6 full_layer_residency_hits=62 misses=35 evictions=26 source_reads=19 source_bytes=14409728 materialization_requests=19 resident_tensors_after=119
token1_blk6 full_layer_peak_active_persistent_bytes=1622016 full_layer_peak_resident_bytes=134133760
token1_blk6 first_payload_to_shared_compute_start_ns=4920168236 execution_ready_to_consumer_ns=NOT_INSTRUMENTED payload_to_first_useful_compute=NOT_INSTRUMENTED
normalized_input_parity max_abs=0 max_rel=0 mean_abs=0 tolerance=1e-5
router_score_parity max_abs=1.13249e-06 max_rel=0.000445456 mean_abs=2.68297e-07 tolerance=1e-5
selected_weight_parity max_abs=2.08616e-07 max_rel=1.25037e-06 mean_abs=9.18905e-08 tolerance=1e-5
reference_token1_blk6 topk_ids=22,49,20,34,59,9 normalized_weights=0.184411,0.170893,0.166844,0.162698,0.158554,0.156601,
reference_token1_blk6_routed expert_rank=0 expert_id=22 router_rank=0 graph_created=YES graph_refs=gate:0,up:1,down:2 storage_ref_base=60066 score_preserved=YES
reference_token1_blk6_routed expert_id=22 selected_range tensor=blk.1.ffn_gate_exps.weight offset=1030009288 bytes=563200 layout=DIRECT
reference_token1_blk6_routed expert_id=22 selected_range tensor=blk.1.ffn_up_exps.weight offset=1066054104 bytes=563200 layout=DIRECT
reference_token1_blk6_routed expert_id=22 selected_range tensor=blk.1.ffn_down_exps.weight offset=1125392872 bytes=1622016 layout=DIRECT
reference_token1_blk6_routed prefetch expert_id=22 tensor=blk.1.ffn_gate_exps.weight dependency_distance=0
reference_token1_blk6_routed prefetch expert_id=22 tensor=blk.1.ffn_up_exps.weight dependency_distance=0
reference_token1_blk6_routed prefetch expert_id=22 tensor=blk.1.ffn_down_exps.weight dependency_distance=2
expert_parity max_abs=0 max_rel=0 mean_abs=0 tolerance=1e-5
reference_token1_blk6_routed expert_id=22 consumer_wait=not_instrumented acquire_release=recorded peak_active=1622016 peak_resident=3280896
reference_token1_blk6_routed expert_rank=1 expert_id=49 router_rank=1 graph_created=YES graph_refs=gate:0,up:1,down:2 storage_ref_base=60147 score_preserved=YES
reference_token1_blk6_routed expert_id=49 selected_range tensor=blk.1.ffn_gate_exps.weight offset=1045215688 bytes=563200 layout=DIRECT
reference_token1_blk6_routed expert_id=49 selected_range tensor=blk.1.ffn_up_exps.weight offset=1081260504 bytes=563200 layout=DIRECT
reference_token1_blk6_routed expert_id=49 selected_range tensor=blk.1.ffn_down_exps.weight offset=1169187304 bytes=1622016 layout=DIRECT
reference_token1_blk6_routed prefetch expert_id=49 tensor=blk.1.ffn_gate_exps.weight dependency_distance=0
reference_token1_blk6_routed prefetch expert_id=49 tensor=blk.1.ffn_up_exps.weight dependency_distance=0
reference_token1_blk6_routed prefetch expert_id=49 tensor=blk.1.ffn_down_exps.weight dependency_distance=2
expert_parity max_abs=0 max_rel=0 mean_abs=0 tolerance=1e-5
reference_token1_blk6_routed expert_id=49 consumer_wait=not_instrumented acquire_release=recorded peak_active=1622016 peak_resident=6029312
reference_token1_blk6_routed expert_rank=2 expert_id=20 router_rank=2 graph_created=YES graph_refs=gate:0,up:1,down:2 storage_ref_base=60060 score_preserved=YES
reference_token1_blk6_routed expert_id=20 selected_range tensor=blk.1.ffn_gate_exps.weight offset=1028882888 bytes=563200 layout=DIRECT
reference_token1_blk6_routed expert_id=20 selected_range tensor=blk.1.ffn_up_exps.weight offset=1064927704 bytes=563200 layout=DIRECT
reference_token1_blk6_routed expert_id=20 selected_range tensor=blk.1.ffn_down_exps.weight offset=1122148840 bytes=1622016 layout=DIRECT
reference_token1_blk6_routed prefetch expert_id=20 tensor=blk.1.ffn_gate_exps.weight dependency_distance=0
reference_token1_blk6_routed prefetch expert_id=20 tensor=blk.1.ffn_up_exps.weight dependency_distance=0
reference_token1_blk6_routed prefetch expert_id=20 tensor=blk.1.ffn_down_exps.weight dependency_distance=2
expert_parity max_abs=0 max_rel=0 mean_abs=0 tolerance=1e-5
reference_token1_blk6_routed expert_id=20 consumer_wait=not_instrumented acquire_release=recorded peak_active=1622016 peak_resident=8245248
reference_token1_blk6_routed expert_rank=3 expert_id=34 router_rank=3 graph_created=YES graph_refs=gate:0,up:1,down:2 storage_ref_base=60102 score_preserved=YES
reference_token1_blk6_routed expert_id=34 selected_range tensor=blk.1.ffn_gate_exps.weight offset=1036767688 bytes=563200 layout=DIRECT
reference_token1_blk6_routed expert_id=34 selected_range tensor=blk.1.ffn_up_exps.weight offset=1072812504 bytes=563200 layout=DIRECT
reference_token1_blk6_routed expert_id=34 selected_range tensor=blk.1.ffn_down_exps.weight offset=1144857064 bytes=1622016 layout=DIRECT
reference_token1_blk6_routed prefetch expert_id=34 tensor=blk.1.ffn_gate_exps.weight dependency_distance=0
reference_token1_blk6_routed prefetch expert_id=34 tensor=blk.1.ffn_up_exps.weight dependency_distance=0
reference_token1_blk6_routed prefetch expert_id=34 tensor=blk.1.ffn_down_exps.weight dependency_distance=2
expert_parity max_abs=0 max_rel=0 mean_abs=0 tolerance=1e-5
reference_token1_blk6_routed expert_id=34 consumer_wait=not_instrumented acquire_release=recorded peak_active=1622016 peak_resident=8245248
reference_token1_blk6_routed expert_rank=4 expert_id=59 router_rank=4 graph_created=YES graph_refs=gate:0,up:1,down:2 storage_ref_base=60177 score_preserved=YES
reference_token1_blk6_routed expert_id=59 selected_range tensor=blk.1.ffn_gate_exps.weight offset=1050847688 bytes=563200 layout=DIRECT
reference_token1_blk6_routed expert_id=59 selected_range tensor=blk.1.ffn_up_exps.weight offset=1086892504 bytes=563200 layout=DIRECT
reference_token1_blk6_routed expert_id=59 selected_range tensor=blk.1.ffn_down_exps.weight offset=1185407464 bytes=1622016 layout=DIRECT
reference_token1_blk6_routed prefetch expert_id=59 tensor=blk.1.ffn_gate_exps.weight dependency_distance=0
reference_token1_blk6_routed prefetch expert_id=59 tensor=blk.1.ffn_up_exps.weight dependency_distance=0
reference_token1_blk6_routed prefetch expert_id=59 tensor=blk.1.ffn_down_exps.weight dependency_distance=2
expert_parity max_abs=0 max_rel=0 mean_abs=0 tolerance=1e-5
reference_token1_blk6_routed expert_id=59 consumer_wait=not_instrumented acquire_release=recorded peak_active=1622016 peak_resident=8245248
reference_token1_blk6_routed expert_rank=5 expert_id=9 router_rank=5 graph_created=YES graph_refs=gate:0,up:1,down:2 storage_ref_base=60027 score_preserved=YES
reference_token1_blk6_routed expert_id=9 selected_range tensor=blk.1.ffn_gate_exps.weight offset=1022687688 bytes=563200 layout=DIRECT
reference_token1_blk6_routed expert_id=9 selected_range tensor=blk.1.ffn_up_exps.weight offset=1058732504 bytes=563200 layout=DIRECT
reference_token1_blk6_routed expert_id=9 selected_range tensor=blk.1.ffn_down_exps.weight offset=1104306664 bytes=1622016 layout=DIRECT
reference_token1_blk6_routed prefetch expert_id=9 tensor=blk.1.ffn_gate_exps.weight dependency_distance=0
reference_token1_blk6_routed prefetch expert_id=9 tensor=blk.1.ffn_up_exps.weight dependency_distance=0
reference_token1_blk6_routed prefetch expert_id=9 tensor=blk.1.ffn_down_exps.weight dependency_distance=2
expert_parity max_abs=0 max_rel=0 mean_abs=0 tolerance=1e-5
reference_token1_blk6_routed expert_id=9 consumer_wait=not_instrumented acquire_release=recorded peak_active=1622016 peak_resident=8245248
reference_token1_blk6_routed residency_hits=36 residency_misses=42 source_reads=18 materialization_requests=18 source_policy_calls=18 evictions=11 resident_tensors_after=9
routed_merge_parity max_abs=0 max_rel=0 mean_abs=0 tolerance=1e-5
shared_expert_parity max_abs=0 max_rel=0 mean_abs=0 tolerance=1e-5
pre_residual_composition_parity max_abs=0 max_rel=0 mean_abs=0 tolerance=1e-5
final_layer_parity max_abs=0 max_rel=0 mean_abs=0 tolerance=1e-5
reference_token1_blk6 shared_expert=REQUIRED shared_graph_created=YES residual_add=YES final_composition=PASS
ffn_timing tensor=blk.1.ffn_gate_inp.weight payload_ready_ns=8992774685516 first_consumer_start_ns=8992892827683 payload_to_first_consumer_ns=118142167
ffn_timing tensor=blk.1.ffn_gate_shexp.weight payload_ready_ns=8997464291267 first_consumer_start_ns=8997550461512 payload_to_first_consumer_ns=86170245
ffn_timing tensor=blk.1.ffn_gate_exps.weight payload_ready_ns=8993074498562 first_consumer_start_ns=8993193462672 payload_to_first_consumer_ns=118964110
reference_token1_blk6 full_layer_residency_hits=46 misses=51 evictions=15 source_reads=23 source_bytes=20402176 materialization_requests=23 resident_tensors_after=8
reference_token1_blk6 full_layer_peak_active_persistent_bytes=1622016 full_layer_peak_resident_bytes=8312832
reference_token1_blk6 first_payload_to_shared_compute_start_ns=4943034690 execution_ready_to_consumer_ns=NOT_INSTRUMENTED payload_to_first_useful_compute=NOT_INSTRUMENTED
token1_blk6_attention_parity max_abs=0 max_rel=0 mean_abs=0 tolerance=1e-5
token1_blk6_block_parity max_abs=0 max_rel=0 mean_abs=0 tolerance=1e-5
token1 block_handoff block=7 handoff_ns=468372 activation_copy_bytes=0
attention_timing tensor=blk.1.attn_norm.weight payload_ready_ns=8820953883260 first_consumer_start_ns=8998189768774 payload_to_first_consumer_ns=177235885514
attention_timing tensor=blk.1.attn_q.weight payload_ready_ns=8821318935555 first_consumer_start_ns=8998416158355 payload_to_first_consumer_ns=177097222800
attention_timing tensor=blk.1.attn_kv_a_mqa.weight payload_ready_ns=8821650255850 first_consumer_start_ns=8998729982487 payload_to_first_consumer_ns=177079726637
attention_timing tensor=blk.1.attn_kv_a_norm.weight payload_ready_ns=8821952236454 first_consumer_start_ns=8999040585963 payload_to_first_consumer_ns=177088349509
attention_timing tensor=blk.1.attn_kv_b.weight payload_ready_ns=8822268019555 first_consumer_start_ns=8999352275565 payload_to_first_consumer_ns=177084256010
attention_timing tensor=blk.1.attn_output.weight payload_ready_ns=8822560652069 first_consumer_start_ns=8999651693022 payload_to_first_consumer_ns=177091040953
token1_blk7 position=1 state_k_positions=2 state_v_positions=2 attention_probs=0.766456,0.233544,0.394134,0.605866,0.123705,0.876295,0.192345,0.807655,0.297384,0.702616,0.165995,0.834005,0.489812,0.510188,0.232646,0.767354,0.0947523,0.905248,0.0931929,0.906807,0.232815,0.767185,0.145876,0.854124,0.41746,0.58254,0.450031,0.549969,0.193461,0.806539,0.502355,0.497645,
reference_attention position=1 state_k_positions=2 state_v_positions=2 attention_probs=0.766456,0.233544,0.394134,0.605866,0.123705,0.876295,0.192345,0.807655,0.297384,0.702616,0.165995,0.834005,0.489812,0.510188,0.232646,0.767354,0.0947523,0.905248,0.0931929,0.906807,0.232815,0.767185,0.145876,0.854124,0.41746,0.58254,0.450031,0.549969,0.193461,0.806539,0.502355,0.497645,
normalized_input_parity max_abs=0 max_rel=0 mean_abs=0 tolerance=1e-5
router_score_parity max_abs=1.66893e-06 max_rel=5.87715e-06 mean_abs=3.05561e-07 tolerance=1e-5
selected_weight_parity max_abs=2.5332e-07 max_rel=1.18401e-06 mean_abs=8.9407e-08 tolerance=1e-5
token1_blk7 topk_ids=53,38,47,18,7,5 normalized_weights=0.213951,0.196086,0.157713,0.148219,0.145311,0.13872,
token1_blk7_routed expert_rank=0 expert_id=53 router_rank=0 graph_created=YES graph_refs=gate:0,up:1,down:2 storage_ref_base=70159 score_preserved=YES
token1_blk7_routed expert_id=53 selected_range tensor=blk.1.ffn_gate_exps.weight offset=1230239376 bytes=563200 layout=DIRECT
token1_blk7_routed expert_id=53 selected_range tensor=blk.1.ffn_up_exps.weight offset=1266284192 bytes=563200 layout=DIRECT
token1_blk7_routed expert_id=53 selected_range tensor=blk.1.ffn_down_exps.weight offset=1358446256 bytes=1622016 layout=DIRECT
token1_blk7_routed prefetch expert_id=53 tensor=blk.1.ffn_gate_exps.weight dependency_distance=0
token1_blk7_routed prefetch expert_id=53 tensor=blk.1.ffn_up_exps.weight dependency_distance=0
token1_blk7_routed prefetch expert_id=53 tensor=blk.1.ffn_down_exps.weight dependency_distance=2
expert_parity max_abs=0 max_rel=0 mean_abs=0 tolerance=1e-5
token1_blk7_routed expert_id=53 consumer_wait=not_instrumented acquire_release=recorded peak_active=1622016 peak_resident=134066176
token1_blk7_routed expert_rank=1 expert_id=38 router_rank=1 graph_created=YES graph_refs=gate:0,up:1,down:2 storage_ref_base=70114 score_preserved=YES
token1_blk7_routed expert_id=38 selected_range tensor=blk.1.ffn_gate_exps.weight offset=1221791376 bytes=563200 layout=DIRECT
token1_blk7_routed expert_id=38 selected_range tensor=blk.1.ffn_up_exps.weight offset=1257836192 bytes=563200 layout=DIRECT
token1_blk7_routed expert_id=38 selected_range tensor=blk.1.ffn_down_exps.weight offset=1334116016 bytes=1622016 layout=DIRECT
token1_blk7_routed prefetch expert_id=38 tensor=blk.1.ffn_gate_exps.weight dependency_distance=0
token1_blk7_routed prefetch expert_id=38 tensor=blk.1.ffn_up_exps.weight dependency_distance=0
token1_blk7_routed prefetch expert_id=38 tensor=blk.1.ffn_down_exps.weight dependency_distance=2
expert_parity max_abs=0 max_rel=0 mean_abs=0 tolerance=1e-5
token1_blk7_routed expert_id=38 consumer_wait=not_instrumented acquire_release=recorded peak_active=1622016 peak_resident=134066176
token1_blk7_routed expert_rank=2 expert_id=47 router_rank=2 graph_created=YES graph_refs=gate:0,up:1,down:2 storage_ref_base=70141 score_preserved=YES
token1_blk7_routed expert_id=47 selected_range tensor=blk.1.ffn_gate_exps.weight offset=1226860176 bytes=563200 layout=DIRECT
token1_blk7_routed expert_id=47 selected_range tensor=blk.1.ffn_up_exps.weight offset=1262904992 bytes=563200 layout=DIRECT
token1_blk7_routed expert_id=47 selected_range tensor=blk.1.ffn_down_exps.weight offset=1348714160 bytes=1622016 layout=DIRECT
token1_blk7_routed prefetch expert_id=47 tensor=blk.1.ffn_gate_exps.weight dependency_distance=0
token1_blk7_routed prefetch expert_id=47 tensor=blk.1.ffn_up_exps.weight dependency_distance=0
token1_blk7_routed prefetch expert_id=47 tensor=blk.1.ffn_down_exps.weight dependency_distance=2
expert_parity max_abs=0 max_rel=0 mean_abs=0 tolerance=1e-5
token1_blk7_routed expert_id=47 consumer_wait=not_instrumented acquire_release=recorded peak_active=1622016 peak_resident=133502976
token1_blk7_routed expert_rank=3 expert_id=18 router_rank=3 graph_created=YES graph_refs=gate:0,up:1,down:2 storage_ref_base=70054 score_preserved=YES
token1_blk7_routed expert_id=18 selected_range tensor=blk.1.ffn_gate_exps.weight offset=1210527376 bytes=563200 layout=DIRECT
token1_blk7_routed expert_id=18 selected_range tensor=blk.1.ffn_up_exps.weight offset=1246572192 bytes=563200 layout=DIRECT
token1_blk7_routed expert_id=18 selected_range tensor=blk.1.ffn_down_exps.weight offset=1301675696 bytes=1622016 layout=DIRECT
token1_blk7_routed prefetch expert_id=18 tensor=blk.1.ffn_gate_exps.weight dependency_distance=0
token1_blk7_routed prefetch expert_id=18 tensor=blk.1.ffn_up_exps.weight dependency_distance=0
token1_blk7_routed prefetch expert_id=18 tensor=blk.1.ffn_down_exps.weight dependency_distance=2
expert_parity max_abs=0 max_rel=0 mean_abs=0 tolerance=1e-5
token1_blk7_routed expert_id=18 consumer_wait=not_instrumented acquire_release=recorded peak_active=1622016 peak_resident=133392384
token1_blk7_routed expert_rank=4 expert_id=7 router_rank=4 graph_created=YES graph_refs=gate:0,up:1,down:2 storage_ref_base=70021 score_preserved=YES
token1_blk7_routed expert_id=7 selected_range tensor=blk.1.ffn_gate_exps.weight offset=1204332176 bytes=563200 layout=DIRECT
token1_blk7_routed expert_id=7 selected_range tensor=blk.1.ffn_up_exps.weight offset=1240376992 bytes=563200 layout=DIRECT
token1_blk7_routed expert_id=7 selected_range tensor=blk.1.ffn_down_exps.weight offset=1283833520 bytes=1622016 layout=DIRECT
token1_blk7_routed prefetch expert_id=7 tensor=blk.1.ffn_gate_exps.weight dependency_distance=0
token1_blk7_routed prefetch expert_id=7 tensor=blk.1.ffn_up_exps.weight dependency_distance=0
token1_blk7_routed prefetch expert_id=7 tensor=blk.1.ffn_down_exps.weight dependency_distance=2
expert_parity max_abs=0 max_rel=0 mean_abs=0 tolerance=1e-5
token1_blk7_routed expert_id=7 consumer_wait=not_instrumented acquire_release=recorded peak_active=1622016 peak_resident=133854208
token1_blk7_routed expert_rank=5 expert_id=5 router_rank=5 graph_created=YES graph_refs=gate:0,up:1,down:2 storage_ref_base=70015 score_preserved=YES
token1_blk7_routed expert_id=5 selected_range tensor=blk.1.ffn_gate_exps.weight offset=1203205776 bytes=563200 layout=DIRECT
token1_blk7_routed expert_id=5 selected_range tensor=blk.1.ffn_up_exps.weight offset=1239250592 bytes=563200 layout=DIRECT
token1_blk7_routed expert_id=5 selected_range tensor=blk.1.ffn_down_exps.weight offset=1280589488 bytes=1622016 layout=DIRECT
token1_blk7_routed prefetch expert_id=5 tensor=blk.1.ffn_gate_exps.weight dependency_distance=0
token1_blk7_routed prefetch expert_id=5 tensor=blk.1.ffn_up_exps.weight dependency_distance=0
token1_blk7_routed prefetch expert_id=5 tensor=blk.1.ffn_down_exps.weight dependency_distance=2
expert_parity max_abs=0 max_rel=0 mean_abs=0 tolerance=1e-5
token1_blk7_routed expert_id=5 consumer_wait=not_instrumented acquire_release=recorded peak_active=1622016 peak_resident=133817344
token1_blk7_routed residency_hits=52 residency_misses=26 source_reads=14 materialization_requests=14 source_policy_calls=14 evictions=19 resident_tensors_after=115
routed_merge_parity max_abs=0 max_rel=0 mean_abs=0 tolerance=1e-5
shared_expert_parity max_abs=0 max_rel=0 mean_abs=0 tolerance=1e-5
pre_residual_composition_parity max_abs=0 max_rel=0 mean_abs=0 tolerance=1e-5
final_layer_parity max_abs=0 max_rel=0 mean_abs=0 tolerance=1e-5
token1_blk7 shared_expert=REQUIRED shared_graph_created=YES residual_add=YES final_composition=PASS
ffn_timing tensor=blk.1.ffn_gate_inp.weight payload_ready_ns=9000149163313 first_consumer_start_ns=9000266320017 payload_to_first_consumer_ns=117156704
ffn_timing tensor=blk.1.ffn_gate_shexp.weight payload_ready_ns=9004515857321 first_consumer_start_ns=9004642490668 payload_to_first_consumer_ns=126633347
ffn_timing tensor=blk.1.ffn_gate_exps.weight payload_ready_ns=9000455754283 first_consumer_start_ns=9000580109088 payload_to_first_consumer_ns=124354805
token1_blk7 full_layer_residency_hits=66 misses=31 evictions=24 source_reads=18 source_bytes=12787712 materialization_requests=18 resident_tensors_after=113
token1_blk7 full_layer_peak_active_persistent_bytes=1622016 full_layer_peak_resident_bytes=134066176
token1_blk7 first_payload_to_shared_compute_start_ns=4619255725 execution_ready_to_consumer_ns=NOT_INSTRUMENTED payload_to_first_useful_compute=NOT_INSTRUMENTED
normalized_input_parity max_abs=0 max_rel=0 mean_abs=0 tolerance=1e-5
router_score_parity max_abs=1.66893e-06 max_rel=5.87715e-06 mean_abs=3.05561e-07 tolerance=1e-5
selected_weight_parity max_abs=2.5332e-07 max_rel=1.18401e-06 mean_abs=8.9407e-08 tolerance=1e-5
reference_token1_blk7 topk_ids=53,38,47,18,7,5 normalized_weights=0.213951,0.196086,0.157713,0.148219,0.145311,0.13872,
reference_token1_blk7_routed expert_rank=0 expert_id=53 router_rank=0 graph_created=YES graph_refs=gate:0,up:1,down:2 storage_ref_base=70159 score_preserved=YES
reference_token1_blk7_routed expert_id=53 selected_range tensor=blk.1.ffn_gate_exps.weight offset=1230239376 bytes=563200 layout=DIRECT
reference_token1_blk7_routed expert_id=53 selected_range tensor=blk.1.ffn_up_exps.weight offset=1266284192 bytes=563200 layout=DIRECT
reference_token1_blk7_routed expert_id=53 selected_range tensor=blk.1.ffn_down_exps.weight offset=1358446256 bytes=1622016 layout=DIRECT
reference_token1_blk7_routed prefetch expert_id=53 tensor=blk.1.ffn_gate_exps.weight dependency_distance=0
reference_token1_blk7_routed prefetch expert_id=53 tensor=blk.1.ffn_up_exps.weight dependency_distance=0
reference_token1_blk7_routed prefetch expert_id=53 tensor=blk.1.ffn_down_exps.weight dependency_distance=2
expert_parity max_abs=0 max_rel=0 mean_abs=0 tolerance=1e-5
reference_token1_blk7_routed expert_id=53 consumer_wait=not_instrumented acquire_release=recorded peak_active=1622016 peak_resident=3280896
reference_token1_blk7_routed expert_rank=1 expert_id=38 router_rank=1 graph_created=YES graph_refs=gate:0,up:1,down:2 storage_ref_base=70114 score_preserved=YES
reference_token1_blk7_routed expert_id=38 selected_range tensor=blk.1.ffn_gate_exps.weight offset=1221791376 bytes=563200 layout=DIRECT
reference_token1_blk7_routed expert_id=38 selected_range tensor=blk.1.ffn_up_exps.weight offset=1257836192 bytes=563200 layout=DIRECT
reference_token1_blk7_routed expert_id=38 selected_range tensor=blk.1.ffn_down_exps.weight offset=1334116016 bytes=1622016 layout=DIRECT
reference_token1_blk7_routed prefetch expert_id=38 tensor=blk.1.ffn_gate_exps.weight dependency_distance=0
reference_token1_blk7_routed prefetch expert_id=38 tensor=blk.1.ffn_up_exps.weight dependency_distance=0
reference_token1_blk7_routed prefetch expert_id=38 tensor=blk.1.ffn_down_exps.weight dependency_distance=2
expert_parity max_abs=0 max_rel=0 mean_abs=0 tolerance=1e-5
reference_token1_blk7_routed expert_id=38 consumer_wait=not_instrumented acquire_release=recorded peak_active=1622016 peak_resident=6029312
reference_token1_blk7_routed expert_rank=2 expert_id=47 router_rank=2 graph_created=YES graph_refs=gate:0,up:1,down:2 storage_ref_base=70141 score_preserved=YES
reference_token1_blk7_routed expert_id=47 selected_range tensor=blk.1.ffn_gate_exps.weight offset=1226860176 bytes=563200 layout=DIRECT
reference_token1_blk7_routed expert_id=47 selected_range tensor=blk.1.ffn_up_exps.weight offset=1262904992 bytes=563200 layout=DIRECT
reference_token1_blk7_routed expert_id=47 selected_range tensor=blk.1.ffn_down_exps.weight offset=1348714160 bytes=1622016 layout=DIRECT
reference_token1_blk7_routed prefetch expert_id=47 tensor=blk.1.ffn_gate_exps.weight dependency_distance=0
reference_token1_blk7_routed prefetch expert_id=47 tensor=blk.1.ffn_up_exps.weight dependency_distance=0
reference_token1_blk7_routed prefetch expert_id=47 tensor=blk.1.ffn_down_exps.weight dependency_distance=2
expert_parity max_abs=0 max_rel=0 mean_abs=0 tolerance=1e-5
reference_token1_blk7_routed expert_id=47 consumer_wait=not_instrumented acquire_release=recorded peak_active=1622016 peak_resident=8245248
reference_token1_blk7_routed expert_rank=3 expert_id=18 router_rank=3 graph_created=YES graph_refs=gate:0,up:1,down:2 storage_ref_base=70054 score_preserved=YES
reference_token1_blk7_routed expert_id=18 selected_range tensor=blk.1.ffn_gate_exps.weight offset=1210527376 bytes=563200 layout=DIRECT
reference_token1_blk7_routed expert_id=18 selected_range tensor=blk.1.ffn_up_exps.weight offset=1246572192 bytes=563200 layout=DIRECT
reference_token1_blk7_routed expert_id=18 selected_range tensor=blk.1.ffn_down_exps.weight offset=1301675696 bytes=1622016 layout=DIRECT
reference_token1_blk7_routed prefetch expert_id=18 tensor=blk.1.ffn_gate_exps.weight dependency_distance=0
reference_token1_blk7_routed prefetch expert_id=18 tensor=blk.1.ffn_up_exps.weight dependency_distance=0
reference_token1_blk7_routed prefetch expert_id=18 tensor=blk.1.ffn_down_exps.weight dependency_distance=2
expert_parity max_abs=0 max_rel=0 mean_abs=0 tolerance=1e-5
reference_token1_blk7_routed expert_id=18 consumer_wait=not_instrumented acquire_release=recorded peak_active=1622016 peak_resident=8245248
reference_token1_blk7_routed expert_rank=4 expert_id=7 router_rank=4 graph_created=YES graph_refs=gate:0,up:1,down:2 storage_ref_base=70021 score_preserved=YES
reference_token1_blk7_routed expert_id=7 selected_range tensor=blk.1.ffn_gate_exps.weight offset=1204332176 bytes=563200 layout=DIRECT
reference_token1_blk7_routed expert_id=7 selected_range tensor=blk.1.ffn_up_exps.weight offset=1240376992 bytes=563200 layout=DIRECT
reference_token1_blk7_routed expert_id=7 selected_range tensor=blk.1.ffn_down_exps.weight offset=1283833520 bytes=1622016 layout=DIRECT
reference_token1_blk7_routed prefetch expert_id=7 tensor=blk.1.ffn_gate_exps.weight dependency_distance=0
reference_token1_blk7_routed prefetch expert_id=7 tensor=blk.1.ffn_up_exps.weight dependency_distance=0
reference_token1_blk7_routed prefetch expert_id=7 tensor=blk.1.ffn_down_exps.weight dependency_distance=2
expert_parity max_abs=0 max_rel=0 mean_abs=0 tolerance=1e-5
reference_token1_blk7_routed expert_id=7 consumer_wait=not_instrumented acquire_release=recorded peak_active=1622016 peak_resident=8245248
reference_token1_blk7_routed expert_rank=5 expert_id=5 router_rank=5 graph_created=YES graph_refs=gate:0,up:1,down:2 storage_ref_base=70015 score_preserved=YES
reference_token1_blk7_routed expert_id=5 selected_range tensor=blk.1.ffn_gate_exps.weight offset=1203205776 bytes=563200 layout=DIRECT
reference_token1_blk7_routed expert_id=5 selected_range tensor=blk.1.ffn_up_exps.weight offset=1239250592 bytes=563200 layout=DIRECT
reference_token1_blk7_routed expert_id=5 selected_range tensor=blk.1.ffn_down_exps.weight offset=1280589488 bytes=1622016 layout=DIRECT
reference_token1_blk7_routed prefetch expert_id=5 tensor=blk.1.ffn_gate_exps.weight dependency_distance=0
reference_token1_blk7_routed prefetch expert_id=5 tensor=blk.1.ffn_up_exps.weight dependency_distance=0
reference_token1_blk7_routed prefetch expert_id=5 tensor=blk.1.ffn_down_exps.weight dependency_distance=2
expert_parity max_abs=0 max_rel=0 mean_abs=0 tolerance=1e-5
reference_token1_blk7_routed expert_id=5 consumer_wait=not_instrumented acquire_release=recorded peak_active=1622016 peak_resident=8245248
reference_token1_blk7_routed residency_hits=36 residency_misses=42 source_reads=18 materialization_requests=18 source_policy_calls=18 evictions=11 resident_tensors_after=9
routed_merge_parity max_abs=0 max_rel=0 mean_abs=0 tolerance=1e-5
shared_expert_parity max_abs=0 max_rel=0 mean_abs=0 tolerance=1e-5
pre_residual_composition_parity max_abs=0 max_rel=0 mean_abs=0 tolerance=1e-5
final_layer_parity max_abs=0 max_rel=0 mean_abs=0 tolerance=1e-5
reference_token1_blk7 shared_expert=REQUIRED shared_graph_created=YES residual_add=YES final_composition=PASS
ffn_timing tensor=blk.1.ffn_gate_inp.weight payload_ready_ns=9005447774059 first_consumer_start_ns=9005577864772 payload_to_first_consumer_ns=130090713
ffn_timing tensor=blk.1.ffn_gate_shexp.weight payload_ready_ns=9011132097256 first_consumer_start_ns=9011247882366 payload_to_first_consumer_ns=115785110
ffn_timing tensor=blk.1.ffn_gate_exps.weight payload_ready_ns=9005740362579 first_consumer_start_ns=9005857186202 payload_to_first_consumer_ns=116823623
reference_token1_blk7 full_layer_residency_hits=46 misses=51 evictions=15 source_reads=23 source_bytes=20402176 materialization_requests=23 resident_tensors_after=8
reference_token1_blk7 full_layer_peak_active_persistent_bytes=1622016 full_layer_peak_resident_bytes=8312832
reference_token1_blk7 first_payload_to_shared_compute_start_ns=5916899206 execution_ready_to_consumer_ns=NOT_INSTRUMENTED payload_to_first_useful_compute=NOT_INSTRUMENTED
token1_blk7_attention_parity max_abs=0 max_rel=0 mean_abs=0 tolerance=1e-5
token1_blk7_block_parity max_abs=0 max_rel=0 mean_abs=0 tolerance=1e-5
token1 block_handoff block=8 handoff_ns=194671 activation_copy_bytes=0
attention_timing tensor=blk.1.attn_norm.weight payload_ready_ns=8820953883260 first_consumer_start_ns=9012178103226 payload_to_first_consumer_ns=191224219966
attention_timing tensor=blk.1.attn_q.weight payload_ready_ns=8821318935555 first_consumer_start_ns=9012430450487 payload_to_first_consumer_ns=191111514932
attention_timing tensor=blk.1.attn_kv_a_mqa.weight payload_ready_ns=8821650255850 first_consumer_start_ns=9012678140158 payload_to_first_consumer_ns=191027884308
attention_timing tensor=blk.1.attn_kv_a_norm.weight payload_ready_ns=8821952236454 first_consumer_start_ns=9012918322845 payload_to_first_consumer_ns=190966086391
attention_timing tensor=blk.1.attn_kv_b.weight payload_ready_ns=8822268019555 first_consumer_start_ns=9013158203541 payload_to_first_consumer_ns=190890183986
attention_timing tensor=blk.1.attn_output.weight payload_ready_ns=8822560652069 first_consumer_start_ns=9013412120680 payload_to_first_consumer_ns=190851468611
token1_blk8 position=1 state_k_positions=2 state_v_positions=2 attention_probs=0.4879,0.5121,0.483591,0.516409,0.350632,0.649368,0.779324,0.220676,0.726458,0.273542,0.796831,0.203169,0.323448,0.676552,0.381459,0.618541,0.558915,0.441085,0.889465,0.110535,0.635375,0.364625,0.5951,0.4049,0.487962,0.512038,0.607211,0.392789,0.707592,0.292408,0.468886,0.531114,
reference_attention position=1 state_k_positions=2 state_v_positions=2 attention_probs=0.4879,0.5121,0.483591,0.516409,0.350632,0.649368,0.779324,0.220676,0.726458,0.273542,0.796831,0.203169,0.323448,0.676552,0.381459,0.618541,0.558915,0.441085,0.889465,0.110535,0.635375,0.364625,0.5951,0.4049,0.487962,0.512038,0.607211,0.392789,0.707592,0.292408,0.468886,0.531114,
failure_source_reads=370 failure_injections=12
target_block_failure mode=late-failure target_block=8 earlier_block_completed=YES later_blocks_executed=NO final_output=INVALID resident_bytes_after_teardown=0 execution_leases_after_teardown=0 materialization_resources_after_teardown=0 runtime_state_resources_after_teardown=0 policy_decisions=245 policy_candidates_evaluated=33965 policy_cpu_time_ns=430525 policy_max_decision_ns=4210 cleanup=PASS failure_injections=12 completed_blocks=7 later_block_count=0 failure_source_reads=370
