block_range=blk.1..blk.8 block_count=8 attention=MLA_NON_SPLIT_KV ffn=real_sparse_top6_shared geometry=2048
fixtures=dtype:F32 dimensions:[2048,1] token0:one_hot(0) token1:one_hot(1) positions:0,1
block_descriptor block=1 tensor_count=14 namespace_base=10000
block_descriptor block=2 tensor_count=14 namespace_base=20000
block_descriptor block=3 tensor_count=14 namespace_base=30000
block_descriptor block=4 tensor_count=14 namespace_base=40000
block_descriptor block=5 tensor_count=14 namespace_base=50000
block_descriptor block=6 tensor_count=14 namespace_base=60000
block_descriptor block=7 tensor_count=14 namespace_base=70000
block_descriptor block=8 tensor_count=14 namespace_base=80000
mode=middle-failure
replacement_policy=COST_AWARE
failure_target_mode=middle-failure target_offset=0
poc17_phase name=cold_token0 event_begin=0
attention_timing tensor=blk.1.attn_norm.weight payload_ready_ns=8821744905263 first_consumer_start_ns=8821860314602 payload_to_first_consumer_ns=115409339
attention_timing tensor=blk.1.attn_q.weight payload_ready_ns=8822038138650 first_consumer_start_ns=8822174270025 payload_to_first_consumer_ns=136131375
attention_timing tensor=blk.1.attn_kv_a_mqa.weight payload_ready_ns=8822352415425 first_consumer_start_ns=8822471218078 payload_to_first_consumer_ns=118802653
attention_timing tensor=blk.1.attn_kv_a_norm.weight payload_ready_ns=8822654456989 first_consumer_start_ns=8822777125038 payload_to_first_consumer_ns=122668049
attention_timing tensor=blk.1.attn_kv_b.weight payload_ready_ns=8822949256563 first_consumer_start_ns=8823086082121 payload_to_first_consumer_ns=136825558
attention_timing tensor=blk.1.attn_output.weight payload_ready_ns=8823262465223 first_consumer_start_ns=8823394102211 payload_to_first_consumer_ns=131636988
token0_blk1 position=0 state_k_positions=1 state_v_positions=1 attention_probs=1,1,1,1,1,1,1,1,1,1,1,1,1,1,1,1,
reference_attention position=0 state_k_positions=1 state_v_positions=1 attention_probs=1,1,1,1,1,1,1,1,1,1,1,1,1,1,1,1,
normalized_input_parity max_abs=0 max_rel=0 mean_abs=0 tolerance=1e-5
router_score_parity max_abs=1.43051e-06 max_rel=2.50091e-05 mean_abs=3.50527e-07 tolerance=1e-5
selected_weight_parity max_abs=7.45058e-08 max_rel=9.6258e-07 mean_abs=5.09123e-08 tolerance=1e-5
token0_blk1 topk_ids=56,11,50,34,3,47 normalized_weights=0.314496,0.213122,0.188313,0.119806,0.0868612,0.0774022,
token0_blk1_routed expert_rank=0 expert_id=56 router_rank=0 graph_created=YES graph_refs=gate:0,up:1,down:2 storage_ref_base=10168 score_preserved=YES
token0_blk1_routed expert_id=56 selected_range tensor=blk.1.ffn_gate_exps.weight offset=135303648 bytes=563200 layout=DIRECT
token0_blk1_routed expert_id=56 selected_range tensor=blk.1.ffn_up_exps.weight offset=171348464 bytes=563200 layout=DIRECT
token0_blk1_routed expert_id=56 selected_range tensor=blk.1.ffn_down_exps.weight offset=266686976 bytes=1622016 layout=DIRECT
token0_blk1_routed prefetch expert_id=56 tensor=blk.1.ffn_gate_exps.weight dependency_distance=0
token0_blk1_routed prefetch expert_id=56 tensor=blk.1.ffn_up_exps.weight dependency_distance=0
token0_blk1_routed prefetch expert_id=56 tensor=blk.1.ffn_down_exps.weight dependency_distance=2
expert_parity max_abs=0 max_rel=0 mean_abs=0 tolerance=1e-5
token0_blk1_routed expert_id=56 consumer_wait=not_instrumented acquire_release=recorded peak_active=1622016 peak_resident=6241280
token0_blk1_routed expert_rank=1 expert_id=11 router_rank=1 graph_created=YES graph_refs=gate:0,up:1,down:2 storage_ref_base=10033 score_preserved=YES
token0_blk1_routed expert_id=11 selected_range tensor=blk.1.ffn_gate_exps.weight offset=109959648 bytes=563200 layout=DIRECT
token0_blk1_routed expert_id=11 selected_range tensor=blk.1.ffn_up_exps.weight offset=146004464 bytes=563200 layout=DIRECT
token0_blk1_routed expert_id=11 selected_range tensor=blk.1.ffn_down_exps.weight offset=193696256 bytes=1622016 layout=DIRECT
token0_blk1_routed prefetch expert_id=11 tensor=blk.1.ffn_gate_exps.weight dependency_distance=0
token0_blk1_routed prefetch expert_id=11 tensor=blk.1.ffn_up_exps.weight dependency_distance=0
token0_blk1_routed prefetch expert_id=11 tensor=blk.1.ffn_down_exps.weight dependency_distance=2
expert_parity max_abs=0 max_rel=0 mean_abs=0 tolerance=1e-5
token0_blk1_routed expert_id=11 consumer_wait=not_instrumented acquire_release=recorded peak_active=1622016 peak_resident=8989696
token0_blk1_routed expert_rank=2 expert_id=50 router_rank=2 graph_created=YES graph_refs=gate:0,up:1,down:2 storage_ref_base=10150 score_preserved=YES
token0_blk1_routed expert_id=50 selected_range tensor=blk.1.ffn_gate_exps.weight offset=131924448 bytes=563200 layout=DIRECT
token0_blk1_routed expert_id=50 selected_range tensor=blk.1.ffn_up_exps.weight offset=167969264 bytes=563200 layout=DIRECT
token0_blk1_routed expert_id=50 selected_range tensor=blk.1.ffn_down_exps.weight offset=256954880 bytes=1622016 layout=DIRECT
token0_blk1_routed prefetch expert_id=50 tensor=blk.1.ffn_gate_exps.weight dependency_distance=0
token0_blk1_routed prefetch expert_id=50 tensor=blk.1.ffn_up_exps.weight dependency_distance=0
token0_blk1_routed prefetch expert_id=50 tensor=blk.1.ffn_down_exps.weight dependency_distance=2
expert_parity max_abs=0 max_rel=0 mean_abs=0 tolerance=1e-5
token0_blk1_routed expert_id=50 consumer_wait=not_instrumented acquire_release=recorded peak_active=1622016 peak_resident=11738112
token0_blk1_routed expert_rank=3 expert_id=34 router_rank=3 graph_created=YES graph_refs=gate:0,up:1,down:2 storage_ref_base=10102 score_preserved=YES
token0_blk1_routed expert_id=34 selected_range tensor=blk.1.ffn_gate_exps.weight offset=122913248 bytes=563200 layout=DIRECT
token0_blk1_routed expert_id=34 selected_range tensor=blk.1.ffn_up_exps.weight offset=158958064 bytes=563200 layout=DIRECT
token0_blk1_routed expert_id=34 selected_range tensor=blk.1.ffn_down_exps.weight offset=231002624 bytes=1622016 layout=DIRECT
token0_blk1_routed prefetch expert_id=34 tensor=blk.1.ffn_gate_exps.weight dependency_distance=0
token0_blk1_routed prefetch expert_id=34 tensor=blk.1.ffn_up_exps.weight dependency_distance=0
token0_blk1_routed prefetch expert_id=34 tensor=blk.1.ffn_down_exps.weight dependency_distance=2
expert_parity max_abs=0 max_rel=0 mean_abs=0 tolerance=1e-5
token0_blk1_routed expert_id=34 consumer_wait=not_instrumented acquire_release=recorded peak_active=1622016 peak_resident=14486528
token0_blk1_routed expert_rank=4 expert_id=3 router_rank=4 graph_created=YES graph_refs=gate:0,up:1,down:2 storage_ref_base=10009 score_preserved=YES
token0_blk1_routed expert_id=3 selected_range tensor=blk.1.ffn_gate_exps.weight offset=105454048 bytes=563200 layout=DIRECT
token0_blk1_routed expert_id=3 selected_range tensor=blk.1.ffn_up_exps.weight offset=141498864 bytes=563200 layout=DIRECT
token0_blk1_routed expert_id=3 selected_range tensor=blk.1.ffn_down_exps.weight offset=180720128 bytes=1622016 layout=DIRECT
token0_blk1_routed prefetch expert_id=3 tensor=blk.1.ffn_gate_exps.weight dependency_distance=0
token0_blk1_routed prefetch expert_id=3 tensor=blk.1.ffn_up_exps.weight dependency_distance=0
token0_blk1_routed prefetch expert_id=3 tensor=blk.1.ffn_down_exps.weight dependency_distance=2
expert_parity max_abs=0 max_rel=0 mean_abs=0 tolerance=1e-5
token0_blk1_routed expert_id=3 consumer_wait=not_instrumented acquire_release=recorded peak_active=1622016 peak_resident=17234944
token0_blk1_routed expert_rank=5 expert_id=47 router_rank=5 graph_created=YES graph_refs=gate:0,up:1,down:2 storage_ref_base=10141 score_preserved=YES
token0_blk1_routed expert_id=47 selected_range tensor=blk.1.ffn_gate_exps.weight offset=130234848 bytes=563200 layout=DIRECT
token0_blk1_routed expert_id=47 selected_range tensor=blk.1.ffn_up_exps.weight offset=166279664 bytes=563200 layout=DIRECT
token0_blk1_routed expert_id=47 selected_range tensor=blk.1.ffn_down_exps.weight offset=252088832 bytes=1622016 layout=DIRECT
token0_blk1_routed prefetch expert_id=47 tensor=blk.1.ffn_gate_exps.weight dependency_distance=0
token0_blk1_routed prefetch expert_id=47 tensor=blk.1.ffn_up_exps.weight dependency_distance=0
token0_blk1_routed prefetch expert_id=47 tensor=blk.1.ffn_down_exps.weight dependency_distance=2
expert_parity max_abs=0 max_rel=0 mean_abs=0 tolerance=1e-5
token0_blk1_routed expert_id=47 consumer_wait=not_instrumented acquire_release=recorded peak_active=1622016 peak_resident=19983360
token0_blk1_routed residency_hits=36 residency_misses=42 source_reads=18 materialization_requests=18 source_policy_calls=18 evictions=0 resident_tensors_after=26
routed_merge_parity max_abs=0 max_rel=0 mean_abs=0 tolerance=1e-5
shared_expert_parity max_abs=0 max_rel=0 mean_abs=0 tolerance=1e-5
pre_residual_composition_parity max_abs=0 max_rel=0 mean_abs=0 tolerance=1e-5
final_layer_parity max_abs=0 max_rel=0 mean_abs=0 tolerance=1e-5
token0_blk1 shared_expert=REQUIRED shared_graph_created=YES residual_add=YES final_composition=PASS
ffn_timing tensor=blk.1.ffn_gate_inp.weight payload_ready_ns=8823889109867 first_consumer_start_ns=8824000233598 payload_to_first_consumer_ns=111123731
ffn_timing tensor=blk.1.ffn_gate_shexp.weight payload_ready_ns=8829414697646 first_consumer_start_ns=8829534565275 payload_to_first_consumer_ns=119867629
ffn_timing tensor=blk.1.ffn_gate_exps.weight payload_ready_ns=8824171734121 first_consumer_start_ns=8824285546874 payload_to_first_consumer_ns=113812753
token0_blk1 full_layer_residency_hits=46 misses=51 evictions=0 source_reads=23 source_bytes=21168128 materialization_requests=23 resident_tensors_after=29
token0_blk1 full_layer_peak_active_persistent_bytes=1892352 full_layer_peak_resident_bytes=24128512
token0_blk1 first_payload_to_shared_compute_start_ns=5765186544 execution_ready_to_consumer_ns=NOT_INSTRUMENTED payload_to_first_useful_compute=NOT_INSTRUMENTED
normalized_input_parity max_abs=0 max_rel=0 mean_abs=0 tolerance=1e-5
router_score_parity max_abs=1.43051e-06 max_rel=2.50091e-05 mean_abs=3.50527e-07 tolerance=1e-5
selected_weight_parity max_abs=7.45058e-08 max_rel=9.6258e-07 mean_abs=5.09123e-08 tolerance=1e-5
reference_token0_blk1 topk_ids=56,11,50,34,3,47 normalized_weights=0.314496,0.213122,0.188313,0.119806,0.0868612,0.0774022,
reference_token0_blk1_routed expert_rank=0 expert_id=56 router_rank=0 graph_created=YES graph_refs=gate:0,up:1,down:2 storage_ref_base=10168 score_preserved=YES
reference_token0_blk1_routed expert_id=56 selected_range tensor=blk.1.ffn_gate_exps.weight offset=135303648 bytes=563200 layout=DIRECT
reference_token0_blk1_routed expert_id=56 selected_range tensor=blk.1.ffn_up_exps.weight offset=171348464 bytes=563200 layout=DIRECT
reference_token0_blk1_routed expert_id=56 selected_range tensor=blk.1.ffn_down_exps.weight offset=266686976 bytes=1622016 layout=DIRECT
reference_token0_blk1_routed prefetch expert_id=56 tensor=blk.1.ffn_gate_exps.weight dependency_distance=0
reference_token0_blk1_routed prefetch expert_id=56 tensor=blk.1.ffn_up_exps.weight dependency_distance=0
reference_token0_blk1_routed prefetch expert_id=56 tensor=blk.1.ffn_down_exps.weight dependency_distance=2
expert_parity max_abs=0 max_rel=0 mean_abs=0 tolerance=1e-5
reference_token0_blk1_routed expert_id=56 consumer_wait=not_instrumented acquire_release=recorded peak_active=1622016 peak_resident=3280896
reference_token0_blk1_routed expert_rank=1 expert_id=11 router_rank=1 graph_created=YES graph_refs=gate:0,up:1,down:2 storage_ref_base=10033 score_preserved=YES
reference_token0_blk1_routed expert_id=11 selected_range tensor=blk.1.ffn_gate_exps.weight offset=109959648 bytes=563200 layout=DIRECT
reference_token0_blk1_routed expert_id=11 selected_range tensor=blk.1.ffn_up_exps.weight offset=146004464 bytes=563200 layout=DIRECT
reference_token0_blk1_routed expert_id=11 selected_range tensor=blk.1.ffn_down_exps.weight offset=193696256 bytes=1622016 layout=DIRECT
reference_token0_blk1_routed prefetch expert_id=11 tensor=blk.1.ffn_gate_exps.weight dependency_distance=0
reference_token0_blk1_routed prefetch expert_id=11 tensor=blk.1.ffn_up_exps.weight dependency_distance=0
reference_token0_blk1_routed prefetch expert_id=11 tensor=blk.1.ffn_down_exps.weight dependency_distance=2
expert_parity max_abs=0 max_rel=0 mean_abs=0 tolerance=1e-5
reference_token0_blk1_routed expert_id=11 consumer_wait=not_instrumented acquire_release=recorded peak_active=1622016 peak_resident=6029312
reference_token0_blk1_routed expert_rank=2 expert_id=50 router_rank=2 graph_created=YES graph_refs=gate:0,up:1,down:2 storage_ref_base=10150 score_preserved=YES
reference_token0_blk1_routed expert_id=50 selected_range tensor=blk.1.ffn_gate_exps.weight offset=131924448 bytes=563200 layout=DIRECT
reference_token0_blk1_routed expert_id=50 selected_range tensor=blk.1.ffn_up_exps.weight offset=167969264 bytes=563200 layout=DIRECT
reference_token0_blk1_routed expert_id=50 selected_range tensor=blk.1.ffn_down_exps.weight offset=256954880 bytes=1622016 layout=DIRECT
reference_token0_blk1_routed prefetch expert_id=50 tensor=blk.1.ffn_gate_exps.weight dependency_distance=0
reference_token0_blk1_routed prefetch expert_id=50 tensor=blk.1.ffn_up_exps.weight dependency_distance=0
reference_token0_blk1_routed prefetch expert_id=50 tensor=blk.1.ffn_down_exps.weight dependency_distance=2
expert_parity max_abs=0 max_rel=0 mean_abs=0 tolerance=1e-5
reference_token0_blk1_routed expert_id=50 consumer_wait=not_instrumented acquire_release=recorded peak_active=1622016 peak_resident=8245248
reference_token0_blk1_routed expert_rank=3 expert_id=34 router_rank=3 graph_created=YES graph_refs=gate:0,up:1,down:2 storage_ref_base=10102 score_preserved=YES
reference_token0_blk1_routed expert_id=34 selected_range tensor=blk.1.ffn_gate_exps.weight offset=122913248 bytes=563200 layout=DIRECT
reference_token0_blk1_routed expert_id=34 selected_range tensor=blk.1.ffn_up_exps.weight offset=158958064 bytes=563200 layout=DIRECT
reference_token0_blk1_routed expert_id=34 selected_range tensor=blk.1.ffn_down_exps.weight offset=231002624 bytes=1622016 layout=DIRECT
reference_token0_blk1_routed prefetch expert_id=34 tensor=blk.1.ffn_gate_exps.weight dependency_distance=0
reference_token0_blk1_routed prefetch expert_id=34 tensor=blk.1.ffn_up_exps.weight dependency_distance=0
reference_token0_blk1_routed prefetch expert_id=34 tensor=blk.1.ffn_down_exps.weight dependency_distance=2
expert_parity max_abs=0 max_rel=0 mean_abs=0 tolerance=1e-5
reference_token0_blk1_routed expert_id=34 consumer_wait=not_instrumented acquire_release=recorded peak_active=1622016 peak_resident=8245248
reference_token0_blk1_routed expert_rank=4 expert_id=3 router_rank=4 graph_created=YES graph_refs=gate:0,up:1,down:2 storage_ref_base=10009 score_preserved=YES
reference_token0_blk1_routed expert_id=3 selected_range tensor=blk.1.ffn_gate_exps.weight offset=105454048 bytes=563200 layout=DIRECT
reference_token0_blk1_routed expert_id=3 selected_range tensor=blk.1.ffn_up_exps.weight offset=141498864 bytes=563200 layout=DIRECT
reference_token0_blk1_routed expert_id=3 selected_range tensor=blk.1.ffn_down_exps.weight offset=180720128 bytes=1622016 layout=DIRECT
reference_token0_blk1_routed prefetch expert_id=3 tensor=blk.1.ffn_gate_exps.weight dependency_distance=0
reference_token0_blk1_routed prefetch expert_id=3 tensor=blk.1.ffn_up_exps.weight dependency_distance=0
reference_token0_blk1_routed prefetch expert_id=3 tensor=blk.1.ffn_down_exps.weight dependency_distance=2
expert_parity max_abs=0 max_rel=0 mean_abs=0 tolerance=1e-5
reference_token0_blk1_routed expert_id=3 consumer_wait=not_instrumented acquire_release=recorded peak_active=1622016 peak_resident=8245248
reference_token0_blk1_routed expert_rank=5 expert_id=47 router_rank=5 graph_created=YES graph_refs=gate:0,up:1,down:2 storage_ref_base=10141 score_preserved=YES
reference_token0_blk1_routed expert_id=47 selected_range tensor=blk.1.ffn_gate_exps.weight offset=130234848 bytes=563200 layout=DIRECT
reference_token0_blk1_routed expert_id=47 selected_range tensor=blk.1.ffn_up_exps.weight offset=166279664 bytes=563200 layout=DIRECT
reference_token0_blk1_routed expert_id=47 selected_range tensor=blk.1.ffn_down_exps.weight offset=252088832 bytes=1622016 layout=DIRECT
reference_token0_blk1_routed prefetch expert_id=47 tensor=blk.1.ffn_gate_exps.weight dependency_distance=0
reference_token0_blk1_routed prefetch expert_id=47 tensor=blk.1.ffn_up_exps.weight dependency_distance=0
reference_token0_blk1_routed prefetch expert_id=47 tensor=blk.1.ffn_down_exps.weight dependency_distance=2
expert_parity max_abs=0 max_rel=0 mean_abs=0 tolerance=1e-5
reference_token0_blk1_routed expert_id=47 consumer_wait=not_instrumented acquire_release=recorded peak_active=1622016 peak_resident=8245248
reference_token0_blk1_routed residency_hits=36 residency_misses=42 source_reads=18 materialization_requests=18 source_policy_calls=18 evictions=11 resident_tensors_after=9
routed_merge_parity max_abs=0 max_rel=0 mean_abs=0 tolerance=1e-5
shared_expert_parity max_abs=0 max_rel=0 mean_abs=0 tolerance=1e-5
pre_residual_composition_parity max_abs=0 max_rel=0 mean_abs=0 tolerance=1e-5
final_layer_parity max_abs=0 max_rel=0 mean_abs=0 tolerance=1e-5
reference_token0_blk1 shared_expert=REQUIRED shared_graph_created=YES residual_add=YES final_composition=PASS
ffn_timing tensor=blk.1.ffn_gate_inp.weight payload_ready_ns=8830617131317 first_consumer_start_ns=8830732394177 payload_to_first_consumer_ns=115262860
ffn_timing tensor=blk.1.ffn_gate_shexp.weight payload_ready_ns=8835956374983 first_consumer_start_ns=8836072127367 payload_to_first_consumer_ns=115752384
ffn_timing tensor=blk.1.ffn_gate_exps.weight payload_ready_ns=8830919229386 first_consumer_start_ns=8831046872319 payload_to_first_consumer_ns=127642933
reference_token0_blk1 full_layer_residency_hits=46 misses=51 evictions=17 source_reads=23 source_bytes=21168128 materialization_requests=23 resident_tensors_after=6
reference_token0_blk1 full_layer_peak_active_persistent_bytes=1892352 full_layer_peak_resident_bytes=8245248
reference_token0_blk1 first_payload_to_shared_compute_start_ns=5575817722 execution_ready_to_consumer_ns=NOT_INSTRUMENTED payload_to_first_useful_compute=NOT_INSTRUMENTED
token0_blk1_attention_parity max_abs=0 max_rel=0 mean_abs=0 tolerance=1e-5
token0_blk1_block_parity max_abs=0 max_rel=0 mean_abs=0 tolerance=1e-5
token0 block_handoff block=2 handoff_ns=1856768 activation_copy_bytes=0
attention_timing tensor=blk.1.attn_norm.weight payload_ready_ns=8821744905263 first_consumer_start_ns=8836950638110 payload_to_first_consumer_ns=15205732847
attention_timing tensor=blk.1.attn_q.weight payload_ready_ns=8822038138650 first_consumer_start_ns=8837228071831 payload_to_first_consumer_ns=15189933181
attention_timing tensor=blk.1.attn_kv_a_mqa.weight payload_ready_ns=8822352415425 first_consumer_start_ns=8837433214988 payload_to_first_consumer_ns=15080799563
attention_timing tensor=blk.1.attn_kv_a_norm.weight payload_ready_ns=8822654456989 first_consumer_start_ns=8837655470008 payload_to_first_consumer_ns=15001013019
attention_timing tensor=blk.1.attn_kv_b.weight payload_ready_ns=8822949256563 first_consumer_start_ns=8837876177532 payload_to_first_consumer_ns=14926920969
attention_timing tensor=blk.1.attn_output.weight payload_ready_ns=8823262465223 first_consumer_start_ns=8838085808409 payload_to_first_consumer_ns=14823343186
token0_blk2 position=0 state_k_positions=1 state_v_positions=1 attention_probs=1,1,1,1,1,1,1,1,1,1,1,1,1,1,1,1,
reference_attention position=0 state_k_positions=1 state_v_positions=1 attention_probs=1,1,1,1,1,1,1,1,1,1,1,1,1,1,1,1,
normalized_input_parity max_abs=0 max_rel=0 mean_abs=0 tolerance=1e-5
router_score_parity max_abs=1.66893e-06 max_rel=5.85471e-06 mean_abs=4.32396e-07 tolerance=1e-5
selected_weight_parity max_abs=1.78814e-07 max_rel=1.10721e-06 mean_abs=1.16726e-07 tolerance=1e-5
token0_blk2 topk_ids=18,37,53,44,23,61 normalized_weights=0.364895,0.165983,0.145671,0.134583,0.100169,0.0887,
token0_blk2_routed expert_rank=0 expert_id=18 router_rank=0 graph_created=YES graph_refs=gate:0,up:1,down:2 storage_ref_base=20054 score_preserved=YES
token0_blk2_routed expert_id=18 selected_range tensor=blk.1.ffn_gate_exps.weight offset=296672936 bytes=563200 layout=DIRECT
token0_blk2_routed expert_id=18 selected_range tensor=blk.1.ffn_up_exps.weight offset=332717752 bytes=563200 layout=DIRECT
token0_blk2_routed expert_id=18 selected_range tensor=blk.1.ffn_down_exps.weight offset=387821256 bytes=1622016 layout=DIRECT
token0_blk2_routed prefetch expert_id=18 tensor=blk.1.ffn_gate_exps.weight dependency_distance=0
token0_blk2_routed prefetch expert_id=18 tensor=blk.1.ffn_up_exps.weight dependency_distance=0
token0_blk2_routed prefetch expert_id=18 tensor=blk.1.ffn_down_exps.weight dependency_distance=2
expert_parity max_abs=0 max_rel=0 mean_abs=0 tolerance=1e-5
token0_blk2_routed expert_id=18 consumer_wait=not_instrumented acquire_release=recorded peak_active=1622016 peak_resident=30369792
token0_blk2_routed expert_rank=1 expert_id=37 router_rank=1 graph_created=YES graph_refs=gate:0,up:1,down:2 storage_ref_base=20111 score_preserved=YES
token0_blk2_routed expert_id=37 selected_range tensor=blk.1.ffn_gate_exps.weight offset=307373736 bytes=563200 layout=DIRECT
token0_blk2_routed expert_id=37 selected_range tensor=blk.1.ffn_up_exps.weight offset=343418552 bytes=563200 layout=DIRECT
token0_blk2_routed expert_id=37 selected_range tensor=blk.1.ffn_down_exps.weight offset=418639560 bytes=1622016 layout=DIRECT
token0_blk2_routed prefetch expert_id=37 tensor=blk.1.ffn_gate_exps.weight dependency_distance=0
token0_blk2_routed prefetch expert_id=37 tensor=blk.1.ffn_up_exps.weight dependency_distance=0
token0_blk2_routed prefetch expert_id=37 tensor=blk.1.ffn_down_exps.weight dependency_distance=2
expert_parity max_abs=0 max_rel=0 mean_abs=0 tolerance=1e-5
token0_blk2_routed expert_id=37 consumer_wait=not_instrumented acquire_release=recorded peak_active=1622016 peak_resident=33118208
token0_blk2_routed expert_rank=2 expert_id=53 router_rank=2 graph_created=YES graph_refs=gate:0,up:1,down:2 storage_ref_base=20159 score_preserved=YES
token0_blk2_routed expert_id=53 selected_range tensor=blk.1.ffn_gate_exps.weight offset=316384936 bytes=563200 layout=DIRECT
token0_blk2_routed expert_id=53 selected_range tensor=blk.1.ffn_up_exps.weight offset=352429752 bytes=563200 layout=DIRECT
token0_blk2_routed expert_id=53 selected_range tensor=blk.1.ffn_down_exps.weight offset=444591816 bytes=1622016 layout=DIRECT
token0_blk2_routed prefetch expert_id=53 tensor=blk.1.ffn_gate_exps.weight dependency_distance=0
token0_blk2_routed prefetch expert_id=53 tensor=blk.1.ffn_up_exps.weight dependency_distance=0
token0_blk2_routed prefetch expert_id=53 tensor=blk.1.ffn_down_exps.weight dependency_distance=2
expert_parity max_abs=0 max_rel=0 mean_abs=0 tolerance=1e-5
token0_blk2_routed expert_id=53 consumer_wait=not_instrumented acquire_release=recorded peak_active=1622016 peak_resident=35866624
token0_blk2_routed expert_rank=3 expert_id=44 router_rank=3 graph_created=YES graph_refs=gate:0,up:1,down:2 storage_ref_base=20132 score_preserved=YES
token0_blk2_routed expert_id=44 selected_range tensor=blk.1.ffn_gate_exps.weight offset=311316136 bytes=563200 layout=DIRECT
token0_blk2_routed expert_id=44 selected_range tensor=blk.1.ffn_up_exps.weight offset=347360952 bytes=563200 layout=DIRECT
token0_blk2_routed expert_id=44 selected_range tensor=blk.1.ffn_down_exps.weight offset=429993672 bytes=1622016 layout=DIRECT
token0_blk2_routed prefetch expert_id=44 tensor=blk.1.ffn_gate_exps.weight dependency_distance=0
token0_blk2_routed prefetch expert_id=44 tensor=blk.1.ffn_up_exps.weight dependency_distance=0
token0_blk2_routed prefetch expert_id=44 tensor=blk.1.ffn_down_exps.weight dependency_distance=2
expert_parity max_abs=0 max_rel=0 mean_abs=0 tolerance=1e-5
token0_blk2_routed expert_id=44 consumer_wait=not_instrumented acquire_release=recorded peak_active=1622016 peak_resident=38615040
token0_blk2_routed expert_rank=4 expert_id=23 router_rank=4 graph_created=YES graph_refs=gate:0,up:1,down:2 storage_ref_base=20069 score_preserved=YES
token0_blk2_routed expert_id=23 selected_range tensor=blk.1.ffn_gate_exps.weight offset=299488936 bytes=563200 layout=DIRECT
token0_blk2_routed expert_id=23 selected_range tensor=blk.1.ffn_up_exps.weight offset=335533752 bytes=563200 layout=DIRECT
token0_blk2_routed expert_id=23 selected_range tensor=blk.1.ffn_down_exps.weight offset=395931336 bytes=1622016 layout=DIRECT
token0_blk2_routed prefetch expert_id=23 tensor=blk.1.ffn_gate_exps.weight dependency_distance=0
token0_blk2_routed prefetch expert_id=23 tensor=blk.1.ffn_up_exps.weight dependency_distance=0
token0_blk2_routed prefetch expert_id=23 tensor=blk.1.ffn_down_exps.weight dependency_distance=2
expert_parity max_abs=0 max_rel=0 mean_abs=0 tolerance=1e-5
token0_blk2_routed expert_id=23 consumer_wait=not_instrumented acquire_release=recorded peak_active=1622016 peak_resident=41363456
token0_blk2_routed expert_rank=5 expert_id=61 router_rank=5 graph_created=YES graph_refs=gate:0,up:1,down:2 storage_ref_base=20183 score_preserved=YES
token0_blk2_routed expert_id=61 selected_range tensor=blk.1.ffn_gate_exps.weight offset=320890536 bytes=563200 layout=DIRECT
token0_blk2_routed expert_id=61 selected_range tensor=blk.1.ffn_up_exps.weight offset=356935352 bytes=563200 layout=DIRECT
token0_blk2_routed expert_id=61 selected_range tensor=blk.1.ffn_down_exps.weight offset=457567944 bytes=1622016 layout=DIRECT
token0_blk2_routed prefetch expert_id=61 tensor=blk.1.ffn_gate_exps.weight dependency_distance=0
token0_blk2_routed prefetch expert_id=61 tensor=blk.1.ffn_up_exps.weight dependency_distance=0
token0_blk2_routed prefetch expert_id=61 tensor=blk.1.ffn_down_exps.weight dependency_distance=2
expert_parity max_abs=0 max_rel=0 mean_abs=0 tolerance=1e-5
token0_blk2_routed expert_id=61 consumer_wait=not_instrumented acquire_release=recorded peak_active=1622016 peak_resident=44111872
token0_blk2_routed residency_hits=36 residency_misses=42 source_reads=18 materialization_requests=18 source_policy_calls=18 evictions=0 resident_tensors_after=55
routed_merge_parity max_abs=0 max_rel=0 mean_abs=0 tolerance=1e-5
shared_expert_parity max_abs=0 max_rel=0 mean_abs=0 tolerance=1e-5
pre_residual_composition_parity max_abs=0 max_rel=0 mean_abs=0 tolerance=1e-5
final_layer_parity max_abs=0 max_rel=0 mean_abs=0 tolerance=1e-5
token0_blk2 shared_expert=REQUIRED shared_graph_created=YES residual_add=YES final_composition=PASS
ffn_timing tensor=blk.1.ffn_gate_inp.weight payload_ready_ns=8838449534981 first_consumer_start_ns=8838545285612 payload_to_first_consumer_ns=95750631
ffn_timing tensor=blk.1.ffn_gate_shexp.weight payload_ready_ns=8843362310924 first_consumer_start_ns=8843492546090 payload_to_first_consumer_ns=130235166
ffn_timing tensor=blk.1.ffn_gate_exps.weight payload_ready_ns=8838675808107 first_consumer_start_ns=8838768076524 payload_to_first_consumer_ns=92268417
token0_blk2 full_layer_residency_hits=46 misses=51 evictions=0 source_reads=23 source_bytes=20402176 materialization_requests=23 resident_tensors_after=58
token0_blk2 full_layer_peak_active_persistent_bytes=1622016 full_layer_peak_resident_bytes=47491072
token0_blk2 first_payload_to_shared_compute_start_ns=5071998857 execution_ready_to_consumer_ns=NOT_INSTRUMENTED payload_to_first_useful_compute=NOT_INSTRUMENTED
normalized_input_parity max_abs=0 max_rel=0 mean_abs=0 tolerance=1e-5
router_score_parity max_abs=1.66893e-06 max_rel=5.85471e-06 mean_abs=4.32396e-07 tolerance=1e-5
selected_weight_parity max_abs=1.78814e-07 max_rel=1.10721e-06 mean_abs=1.16726e-07 tolerance=1e-5
reference_token0_blk2 topk_ids=18,37,53,44,23,61 normalized_weights=0.364895,0.165983,0.145671,0.134583,0.100169,0.0887,
reference_token0_blk2_routed expert_rank=0 expert_id=18 router_rank=0 graph_created=YES graph_refs=gate:0,up:1,down:2 storage_ref_base=20054 score_preserved=YES
reference_token0_blk2_routed expert_id=18 selected_range tensor=blk.1.ffn_gate_exps.weight offset=296672936 bytes=563200 layout=DIRECT
reference_token0_blk2_routed expert_id=18 selected_range tensor=blk.1.ffn_up_exps.weight offset=332717752 bytes=563200 layout=DIRECT
reference_token0_blk2_routed expert_id=18 selected_range tensor=blk.1.ffn_down_exps.weight offset=387821256 bytes=1622016 layout=DIRECT
reference_token0_blk2_routed prefetch expert_id=18 tensor=blk.1.ffn_gate_exps.weight dependency_distance=0
reference_token0_blk2_routed prefetch expert_id=18 tensor=blk.1.ffn_up_exps.weight dependency_distance=0
reference_token0_blk2_routed prefetch expert_id=18 tensor=blk.1.ffn_down_exps.weight dependency_distance=2
expert_parity max_abs=0 max_rel=0 mean_abs=0 tolerance=1e-5
reference_token0_blk2_routed expert_id=18 consumer_wait=not_instrumented acquire_release=recorded peak_active=1622016 peak_resident=3280896
reference_token0_blk2_routed expert_rank=1 expert_id=37 router_rank=1 graph_created=YES graph_refs=gate:0,up:1,down:2 storage_ref_base=20111 score_preserved=YES
reference_token0_blk2_routed expert_id=37 selected_range tensor=blk.1.ffn_gate_exps.weight offset=307373736 bytes=563200 layout=DIRECT
reference_token0_blk2_routed expert_id=37 selected_range tensor=blk.1.ffn_up_exps.weight offset=343418552 bytes=563200 layout=DIRECT
reference_token0_blk2_routed expert_id=37 selected_range tensor=blk.1.ffn_down_exps.weight offset=418639560 bytes=1622016 layout=DIRECT
reference_token0_blk2_routed prefetch expert_id=37 tensor=blk.1.ffn_gate_exps.weight dependency_distance=0
reference_token0_blk2_routed prefetch expert_id=37 tensor=blk.1.ffn_up_exps.weight dependency_distance=0
reference_token0_blk2_routed prefetch expert_id=37 tensor=blk.1.ffn_down_exps.weight dependency_distance=2
expert_parity max_abs=0 max_rel=0 mean_abs=0 tolerance=1e-5
reference_token0_blk2_routed expert_id=37 consumer_wait=not_instrumented acquire_release=recorded peak_active=1622016 peak_resident=6029312
reference_token0_blk2_routed expert_rank=2 expert_id=53 router_rank=2 graph_created=YES graph_refs=gate:0,up:1,down:2 storage_ref_base=20159 score_preserved=YES
reference_token0_blk2_routed expert_id=53 selected_range tensor=blk.1.ffn_gate_exps.weight offset=316384936 bytes=563200 layout=DIRECT
reference_token0_blk2_routed expert_id=53 selected_range tensor=blk.1.ffn_up_exps.weight offset=352429752 bytes=563200 layout=DIRECT
reference_token0_blk2_routed expert_id=53 selected_range tensor=blk.1.ffn_down_exps.weight offset=444591816 bytes=1622016 layout=DIRECT
reference_token0_blk2_routed prefetch expert_id=53 tensor=blk.1.ffn_gate_exps.weight dependency_distance=0
reference_token0_blk2_routed prefetch expert_id=53 tensor=blk.1.ffn_up_exps.weight dependency_distance=0
reference_token0_blk2_routed prefetch expert_id=53 tensor=blk.1.ffn_down_exps.weight dependency_distance=2
expert_parity max_abs=0 max_rel=0 mean_abs=0 tolerance=1e-5
reference_token0_blk2_routed expert_id=53 consumer_wait=not_instrumented acquire_release=recorded peak_active=1622016 peak_resident=8245248
reference_token0_blk2_routed expert_rank=3 expert_id=44 router_rank=3 graph_created=YES graph_refs=gate:0,up:1,down:2 storage_ref_base=20132 score_preserved=YES
reference_token0_blk2_routed expert_id=44 selected_range tensor=blk.1.ffn_gate_exps.weight offset=311316136 bytes=563200 layout=DIRECT
reference_token0_blk2_routed expert_id=44 selected_range tensor=blk.1.ffn_up_exps.weight offset=347360952 bytes=563200 layout=DIRECT
reference_token0_blk2_routed expert_id=44 selected_range tensor=blk.1.ffn_down_exps.weight offset=429993672 bytes=1622016 layout=DIRECT
reference_token0_blk2_routed prefetch expert_id=44 tensor=blk.1.ffn_gate_exps.weight dependency_distance=0
reference_token0_blk2_routed prefetch expert_id=44 tensor=blk.1.ffn_up_exps.weight dependency_distance=0
reference_token0_blk2_routed prefetch expert_id=44 tensor=blk.1.ffn_down_exps.weight dependency_distance=2
expert_parity max_abs=0 max_rel=0 mean_abs=0 tolerance=1e-5
reference_token0_blk2_routed expert_id=44 consumer_wait=not_instrumented acquire_release=recorded peak_active=1622016 peak_resident=8245248
reference_token0_blk2_routed expert_rank=4 expert_id=23 router_rank=4 graph_created=YES graph_refs=gate:0,up:1,down:2 storage_ref_base=20069 score_preserved=YES
reference_token0_blk2_routed expert_id=23 selected_range tensor=blk.1.ffn_gate_exps.weight offset=299488936 bytes=563200 layout=DIRECT
reference_token0_blk2_routed expert_id=23 selected_range tensor=blk.1.ffn_up_exps.weight offset=335533752 bytes=563200 layout=DIRECT
reference_token0_blk2_routed expert_id=23 selected_range tensor=blk.1.ffn_down_exps.weight offset=395931336 bytes=1622016 layout=DIRECT
reference_token0_blk2_routed prefetch expert_id=23 tensor=blk.1.ffn_gate_exps.weight dependency_distance=0
reference_token0_blk2_routed prefetch expert_id=23 tensor=blk.1.ffn_up_exps.weight dependency_distance=0
reference_token0_blk2_routed prefetch expert_id=23 tensor=blk.1.ffn_down_exps.weight dependency_distance=2
expert_parity max_abs=0 max_rel=0 mean_abs=0 tolerance=1e-5
reference_token0_blk2_routed expert_id=23 consumer_wait=not_instrumented acquire_release=recorded peak_active=1622016 peak_resident=8245248
reference_token0_blk2_routed expert_rank=5 expert_id=61 router_rank=5 graph_created=YES graph_refs=gate:0,up:1,down:2 storage_ref_base=20183 score_preserved=YES
reference_token0_blk2_routed expert_id=61 selected_range tensor=blk.1.ffn_gate_exps.weight offset=320890536 bytes=563200 layout=DIRECT
reference_token0_blk2_routed expert_id=61 selected_range tensor=blk.1.ffn_up_exps.weight offset=356935352 bytes=563200 layout=DIRECT
reference_token0_blk2_routed expert_id=61 selected_range tensor=blk.1.ffn_down_exps.weight offset=457567944 bytes=1622016 layout=DIRECT
reference_token0_blk2_routed prefetch expert_id=61 tensor=blk.1.ffn_gate_exps.weight dependency_distance=0
reference_token0_blk2_routed prefetch expert_id=61 tensor=blk.1.ffn_up_exps.weight dependency_distance=0
reference_token0_blk2_routed prefetch expert_id=61 tensor=blk.1.ffn_down_exps.weight dependency_distance=2
expert_parity max_abs=0 max_rel=0 mean_abs=0 tolerance=1e-5
reference_token0_blk2_routed expert_id=61 consumer_wait=not_instrumented acquire_release=recorded peak_active=1622016 peak_resident=8245248
reference_token0_blk2_routed residency_hits=36 residency_misses=42 source_reads=18 materialization_requests=18 source_policy_calls=18 evictions=11 resident_tensors_after=9
routed_merge_parity max_abs=0 max_rel=0 mean_abs=0 tolerance=1e-5
shared_expert_parity max_abs=0 max_rel=0 mean_abs=0 tolerance=1e-5
pre_residual_composition_parity max_abs=0 max_rel=0 mean_abs=0 tolerance=1e-5
final_layer_parity max_abs=0 max_rel=0 mean_abs=0 tolerance=1e-5
reference_token0_blk2 shared_expert=REQUIRED shared_graph_created=YES residual_add=YES final_composition=PASS
ffn_timing tensor=blk.1.ffn_gate_inp.weight payload_ready_ns=8844577747495 first_consumer_start_ns=8844701384434 payload_to_first_consumer_ns=123636939
ffn_timing tensor=blk.1.ffn_gate_shexp.weight payload_ready_ns=8850070023796 first_consumer_start_ns=8850193776037 payload_to_first_consumer_ns=123752241
ffn_timing tensor=blk.1.ffn_gate_exps.weight payload_ready_ns=8844876914870 first_consumer_start_ns=8845007793219 payload_to_first_consumer_ns=130878349
reference_token0_blk2 full_layer_residency_hits=46 misses=51 evictions=15 source_reads=23 source_bytes=20402176 materialization_requests=23 resident_tensors_after=8
reference_token0_blk2 full_layer_peak_active_persistent_bytes=1622016 full_layer_peak_resident_bytes=8312832
reference_token0_blk2 first_payload_to_shared_compute_start_ns=5725622740 execution_ready_to_consumer_ns=NOT_INSTRUMENTED payload_to_first_useful_compute=NOT_INSTRUMENTED
token0_blk2_attention_parity max_abs=0 max_rel=0 mean_abs=0 tolerance=1e-5
token0_blk2_block_parity max_abs=0 max_rel=0 mean_abs=0 tolerance=1e-5
token0 block_handoff block=3 handoff_ns=261952 activation_copy_bytes=0
attention_timing tensor=blk.1.attn_norm.weight payload_ready_ns=8821744905263 first_consumer_start_ns=8850994030186 payload_to_first_consumer_ns=29249124923
attention_timing tensor=blk.1.attn_q.weight payload_ready_ns=8822038138650 first_consumer_start_ns=8851292245171 payload_to_first_consumer_ns=29254106521
attention_timing tensor=blk.1.attn_kv_a_mqa.weight payload_ready_ns=8822352415425 first_consumer_start_ns=8851595573889 payload_to_first_consumer_ns=29243158464
attention_timing tensor=blk.1.attn_kv_a_norm.weight payload_ready_ns=8822654456989 first_consumer_start_ns=8851882610397 payload_to_first_consumer_ns=29228153408
attention_timing tensor=blk.1.attn_kv_b.weight payload_ready_ns=8822949256563 first_consumer_start_ns=8852176111083 payload_to_first_consumer_ns=29226854520
attention_timing tensor=blk.1.attn_output.weight payload_ready_ns=8823262465223 first_consumer_start_ns=8852461926157 payload_to_first_consumer_ns=29199460934
token0_blk3 position=0 state_k_positions=1 state_v_positions=1 attention_probs=1,1,1,1,1,1,1,1,1,1,1,1,1,1,1,1,
reference_attention position=0 state_k_positions=1 state_v_positions=1 attention_probs=1,1,1,1,1,1,1,1,1,1,1,1,1,1,1,1,
normalized_input_parity max_abs=0 max_rel=0 mean_abs=0 tolerance=1e-5
router_score_parity max_abs=2.14577e-06 max_rel=1.87992e-05 mean_abs=3.23213e-07 tolerance=1e-5
selected_weight_parity max_abs=1.19209e-07 max_rel=9.10917e-07 mean_abs=6.95388e-08 tolerance=1e-5
token0_blk3 topk_ids=60,2,19,35,9,53 normalized_weights=0.298484,0.190562,0.142057,0.131884,0.122504,0.114509,
token0_blk3_routed expert_rank=0 expert_id=60 router_rank=0 graph_created=YES graph_refs=gate:0,up:1,down:2 storage_ref_base=30180 score_preserved=YES
token0_blk3_routed expert_id=60 selected_range tensor=blk.1.ffn_gate_exps.weight offset=503098224 bytes=563200 layout=DIRECT
token0_blk3_routed expert_id=60 selected_range tensor=blk.1.ffn_up_exps.weight offset=539143040 bytes=563200 layout=DIRECT
token0_blk3_routed expert_id=60 selected_range tensor=blk.1.ffn_down_exps.weight offset=638716816 bytes=1622016 layout=DIRECT
token0_blk3_routed prefetch expert_id=60 tensor=blk.1.ffn_gate_exps.weight dependency_distance=0
token0_blk3_routed prefetch expert_id=60 tensor=blk.1.ffn_up_exps.weight dependency_distance=0
token0_blk3_routed prefetch expert_id=60 tensor=blk.1.ffn_down_exps.weight dependency_distance=2
expert_parity max_abs=0 max_rel=0 mean_abs=0 tolerance=1e-5
token0_blk3_routed expert_id=60 consumer_wait=not_instrumented acquire_release=recorded peak_active=1622016 peak_resident=53732352
token0_blk3_routed expert_rank=1 expert_id=2 router_rank=1 graph_created=YES graph_refs=gate:0,up:1,down:2 storage_ref_base=30006 score_preserved=YES
token0_blk3_routed expert_id=2 selected_range tensor=blk.1.ffn_gate_exps.weight offset=470432624 bytes=563200 layout=DIRECT
token0_blk3_routed expert_id=2 selected_range tensor=blk.1.ffn_up_exps.weight offset=506477440 bytes=563200 layout=DIRECT
token0_blk3_routed expert_id=2 selected_range tensor=blk.1.ffn_down_exps.weight offset=544639888 bytes=1622016 layout=DIRECT
token0_blk3_routed prefetch expert_id=2 tensor=blk.1.ffn_gate_exps.weight dependency_distance=0
token0_blk3_routed prefetch expert_id=2 tensor=blk.1.ffn_up_exps.weight dependency_distance=0
token0_blk3_routed prefetch expert_id=2 tensor=blk.1.ffn_down_exps.weight dependency_distance=2
expert_parity max_abs=0 max_rel=0 mean_abs=0 tolerance=1e-5
token0_blk3_routed expert_id=2 consumer_wait=not_instrumented acquire_release=recorded peak_active=1622016 peak_resident=56480768
token0_blk3_routed expert_rank=2 expert_id=19 router_rank=2 graph_created=YES graph_refs=gate:0,up:1,down:2 storage_ref_base=30057 score_preserved=YES
token0_blk3_routed expert_id=19 selected_range tensor=blk.1.ffn_gate_exps.weight offset=480007024 bytes=563200 layout=DIRECT
token0_blk3_routed expert_id=19 selected_range tensor=blk.1.ffn_up_exps.weight offset=516051840 bytes=563200 layout=DIRECT
token0_blk3_routed expert_id=19 selected_range tensor=blk.1.ffn_down_exps.weight offset=572214160 bytes=1622016 layout=DIRECT
token0_blk3_routed prefetch expert_id=19 tensor=blk.1.ffn_gate_exps.weight dependency_distance=0
token0_blk3_routed prefetch expert_id=19 tensor=blk.1.ffn_up_exps.weight dependency_distance=0
token0_blk3_routed prefetch expert_id=19 tensor=blk.1.ffn_down_exps.weight dependency_distance=2
expert_parity max_abs=0 max_rel=0 mean_abs=0 tolerance=1e-5
token0_blk3_routed expert_id=19 consumer_wait=not_instrumented acquire_release=recorded peak_active=1622016 peak_resident=59229184
token0_blk3_routed expert_rank=3 expert_id=35 router_rank=3 graph_created=YES graph_refs=gate:0,up:1,down:2 storage_ref_base=30105 score_preserved=YES
token0_blk3_routed expert_id=35 selected_range tensor=blk.1.ffn_gate_exps.weight offset=489018224 bytes=563200 layout=DIRECT
token0_blk3_routed expert_id=35 selected_range tensor=blk.1.ffn_up_exps.weight offset=525063040 bytes=563200 layout=DIRECT
token0_blk3_routed expert_id=35 selected_range tensor=blk.1.ffn_down_exps.weight offset=598166416 bytes=1622016 layout=DIRECT
token0_blk3_routed prefetch expert_id=35 tensor=blk.1.ffn_gate_exps.weight dependency_distance=0
token0_blk3_routed prefetch expert_id=35 tensor=blk.1.ffn_up_exps.weight dependency_distance=0
token0_blk3_routed prefetch expert_id=35 tensor=blk.1.ffn_down_exps.weight dependency_distance=2
expert_parity max_abs=0 max_rel=0 mean_abs=0 tolerance=1e-5
token0_blk3_routed expert_id=35 consumer_wait=not_instrumented acquire_release=recorded peak_active=1622016 peak_resident=61977600
token0_blk3_routed expert_rank=4 expert_id=9 router_rank=4 graph_created=YES graph_refs=gate:0,up:1,down:2 storage_ref_base=30027 score_preserved=YES
token0_blk3_routed expert_id=9 selected_range tensor=blk.1.ffn_gate_exps.weight offset=474375024 bytes=563200 layout=DIRECT
token0_blk3_routed expert_id=9 selected_range tensor=blk.1.ffn_up_exps.weight offset=510419840 bytes=563200 layout=DIRECT
token0_blk3_routed expert_id=9 selected_range tensor=blk.1.ffn_down_exps.weight offset=555994000 bytes=1622016 layout=DIRECT
token0_blk3_routed prefetch expert_id=9 tensor=blk.1.ffn_gate_exps.weight dependency_distance=0
token0_blk3_routed prefetch expert_id=9 tensor=blk.1.ffn_up_exps.weight dependency_distance=0
token0_blk3_routed prefetch expert_id=9 tensor=blk.1.ffn_down_exps.weight dependency_distance=2
expert_parity max_abs=0 max_rel=0 mean_abs=0 tolerance=1e-5
token0_blk3_routed expert_id=9 consumer_wait=not_instrumented acquire_release=recorded peak_active=1622016 peak_resident=64726016
token0_blk3_routed expert_rank=5 expert_id=53 router_rank=5 graph_created=YES graph_refs=gate:0,up:1,down:2 storage_ref_base=30159 score_preserved=YES
token0_blk3_routed expert_id=53 selected_range tensor=blk.1.ffn_gate_exps.weight offset=499155824 bytes=563200 layout=DIRECT
token0_blk3_routed expert_id=53 selected_range tensor=blk.1.ffn_up_exps.weight offset=535200640 bytes=563200 layout=DIRECT
token0_blk3_routed expert_id=53 selected_range tensor=blk.1.ffn_down_exps.weight offset=627362704 bytes=1622016 layout=DIRECT
token0_blk3_routed prefetch expert_id=53 tensor=blk.1.ffn_gate_exps.weight dependency_distance=0
token0_blk3_routed prefetch expert_id=53 tensor=blk.1.ffn_up_exps.weight dependency_distance=0
token0_blk3_routed prefetch expert_id=53 tensor=blk.1.ffn_down_exps.weight dependency_distance=2
expert_parity max_abs=0 max_rel=0 mean_abs=0 tolerance=1e-5
token0_blk3_routed expert_id=53 consumer_wait=not_instrumented acquire_release=recorded peak_active=1622016 peak_resident=67474432
token0_blk3_routed residency_hits=36 residency_misses=42 source_reads=18 materialization_requests=18 source_policy_calls=18 evictions=0 resident_tensors_after=84
routed_merge_parity max_abs=0 max_rel=0 mean_abs=0 tolerance=1e-5
shared_expert_parity max_abs=0 max_rel=0 mean_abs=0 tolerance=1e-5
pre_residual_composition_parity max_abs=0 max_rel=0 mean_abs=0 tolerance=1e-5
final_layer_parity max_abs=0 max_rel=0 mean_abs=0 tolerance=1e-5
token0_blk3 shared_expert=REQUIRED shared_graph_created=YES residual_add=YES final_composition=PASS
ffn_timing tensor=blk.1.ffn_gate_inp.weight payload_ready_ns=8852948608317 first_consumer_start_ns=8853069447437 payload_to_first_consumer_ns=120839120
ffn_timing tensor=blk.1.ffn_gate_shexp.weight payload_ready_ns=8858709187285 first_consumer_start_ns=8858823346187 payload_to_first_consumer_ns=114158902
ffn_timing tensor=blk.1.ffn_gate_exps.weight payload_ready_ns=8853245839221 first_consumer_start_ns=8853365370584 payload_to_first_consumer_ns=119531363
token0_blk3 full_layer_residency_hits=46 misses=51 evictions=0 source_reads=23 source_bytes=20402176 materialization_requests=23 resident_tensors_after=87
token0_blk3 full_layer_peak_active_persistent_bytes=1622016 full_layer_peak_resident_bytes=70853632
token0_blk3 first_payload_to_shared_compute_start_ns=6008013408 execution_ready_to_consumer_ns=NOT_INSTRUMENTED payload_to_first_useful_compute=NOT_INSTRUMENTED
normalized_input_parity max_abs=0 max_rel=0 mean_abs=0 tolerance=1e-5
router_score_parity max_abs=2.14577e-06 max_rel=1.87992e-05 mean_abs=3.23213e-07 tolerance=1e-5
selected_weight_parity max_abs=1.19209e-07 max_rel=9.10917e-07 mean_abs=6.95388e-08 tolerance=1e-5
reference_token0_blk3 topk_ids=60,2,19,35,9,53 normalized_weights=0.298484,0.190562,0.142057,0.131884,0.122504,0.114509,
reference_token0_blk3_routed expert_rank=0 expert_id=60 router_rank=0 graph_created=YES graph_refs=gate:0,up:1,down:2 storage_ref_base=30180 score_preserved=YES
reference_token0_blk3_routed expert_id=60 selected_range tensor=blk.1.ffn_gate_exps.weight offset=503098224 bytes=563200 layout=DIRECT
reference_token0_blk3_routed expert_id=60 selected_range tensor=blk.1.ffn_up_exps.weight offset=539143040 bytes=563200 layout=DIRECT
reference_token0_blk3_routed expert_id=60 selected_range tensor=blk.1.ffn_down_exps.weight offset=638716816 bytes=1622016 layout=DIRECT
reference_token0_blk3_routed prefetch expert_id=60 tensor=blk.1.ffn_gate_exps.weight dependency_distance=0
reference_token0_blk3_routed prefetch expert_id=60 tensor=blk.1.ffn_up_exps.weight dependency_distance=0
reference_token0_blk3_routed prefetch expert_id=60 tensor=blk.1.ffn_down_exps.weight dependency_distance=2
expert_parity max_abs=0 max_rel=0 mean_abs=0 tolerance=1e-5
reference_token0_blk3_routed expert_id=60 consumer_wait=not_instrumented acquire_release=recorded peak_active=1622016 peak_resident=3280896
reference_token0_blk3_routed expert_rank=1 expert_id=2 router_rank=1 graph_created=YES graph_refs=gate:0,up:1,down:2 storage_ref_base=30006 score_preserved=YES
reference_token0_blk3_routed expert_id=2 selected_range tensor=blk.1.ffn_gate_exps.weight offset=470432624 bytes=563200 layout=DIRECT
reference_token0_blk3_routed expert_id=2 selected_range tensor=blk.1.ffn_up_exps.weight offset=506477440 bytes=563200 layout=DIRECT
reference_token0_blk3_routed expert_id=2 selected_range tensor=blk.1.ffn_down_exps.weight offset=544639888 bytes=1622016 layout=DIRECT
reference_token0_blk3_routed prefetch expert_id=2 tensor=blk.1.ffn_gate_exps.weight dependency_distance=0
reference_token0_blk3_routed prefetch expert_id=2 tensor=blk.1.ffn_up_exps.weight dependency_distance=0
reference_token0_blk3_routed prefetch expert_id=2 tensor=blk.1.ffn_down_exps.weight dependency_distance=2
expert_parity max_abs=0 max_rel=0 mean_abs=0 tolerance=1e-5
reference_token0_blk3_routed expert_id=2 consumer_wait=not_instrumented acquire_release=recorded peak_active=1622016 peak_resident=6029312
reference_token0_blk3_routed expert_rank=2 expert_id=19 router_rank=2 graph_created=YES graph_refs=gate:0,up:1,down:2 storage_ref_base=30057 score_preserved=YES
reference_token0_blk3_routed expert_id=19 selected_range tensor=blk.1.ffn_gate_exps.weight offset=480007024 bytes=563200 layout=DIRECT
reference_token0_blk3_routed expert_id=19 selected_range tensor=blk.1.ffn_up_exps.weight offset=516051840 bytes=563200 layout=DIRECT
reference_token0_blk3_routed expert_id=19 selected_range tensor=blk.1.ffn_down_exps.weight offset=572214160 bytes=1622016 layout=DIRECT
reference_token0_blk3_routed prefetch expert_id=19 tensor=blk.1.ffn_gate_exps.weight dependency_distance=0
reference_token0_blk3_routed prefetch expert_id=19 tensor=blk.1.ffn_up_exps.weight dependency_distance=0
reference_token0_blk3_routed prefetch expert_id=19 tensor=blk.1.ffn_down_exps.weight dependency_distance=2
expert_parity max_abs=0 max_rel=0 mean_abs=0 tolerance=1e-5
reference_token0_blk3_routed expert_id=19 consumer_wait=not_instrumented acquire_release=recorded peak_active=1622016 peak_resident=8245248
reference_token0_blk3_routed expert_rank=3 expert_id=35 router_rank=3 graph_created=YES graph_refs=gate:0,up:1,down:2 storage_ref_base=30105 score_preserved=YES
reference_token0_blk3_routed expert_id=35 selected_range tensor=blk.1.ffn_gate_exps.weight offset=489018224 bytes=563200 layout=DIRECT
reference_token0_blk3_routed expert_id=35 selected_range tensor=blk.1.ffn_up_exps.weight offset=525063040 bytes=563200 layout=DIRECT
reference_token0_blk3_routed expert_id=35 selected_range tensor=blk.1.ffn_down_exps.weight offset=598166416 bytes=1622016 layout=DIRECT
reference_token0_blk3_routed prefetch expert_id=35 tensor=blk.1.ffn_gate_exps.weight dependency_distance=0
reference_token0_blk3_routed prefetch expert_id=35 tensor=blk.1.ffn_up_exps.weight dependency_distance=0
reference_token0_blk3_routed prefetch expert_id=35 tensor=blk.1.ffn_down_exps.weight dependency_distance=2
expert_parity max_abs=0 max_rel=0 mean_abs=0 tolerance=1e-5
reference_token0_blk3_routed expert_id=35 consumer_wait=not_instrumented acquire_release=recorded peak_active=1622016 peak_resident=8245248
reference_token0_blk3_routed expert_rank=4 expert_id=9 router_rank=4 graph_created=YES graph_refs=gate:0,up:1,down:2 storage_ref_base=30027 score_preserved=YES
reference_token0_blk3_routed expert_id=9 selected_range tensor=blk.1.ffn_gate_exps.weight offset=474375024 bytes=563200 layout=DIRECT
reference_token0_blk3_routed expert_id=9 selected_range tensor=blk.1.ffn_up_exps.weight offset=510419840 bytes=563200 layout=DIRECT
reference_token0_blk3_routed expert_id=9 selected_range tensor=blk.1.ffn_down_exps.weight offset=555994000 bytes=1622016 layout=DIRECT
reference_token0_blk3_routed prefetch expert_id=9 tensor=blk.1.ffn_gate_exps.weight dependency_distance=0
reference_token0_blk3_routed prefetch expert_id=9 tensor=blk.1.ffn_up_exps.weight dependency_distance=0
reference_token0_blk3_routed prefetch expert_id=9 tensor=blk.1.ffn_down_exps.weight dependency_distance=2
expert_parity max_abs=0 max_rel=0 mean_abs=0 tolerance=1e-5
reference_token0_blk3_routed expert_id=9 consumer_wait=not_instrumented acquire_release=recorded peak_active=1622016 peak_resident=8245248
reference_token0_blk3_routed expert_rank=5 expert_id=53 router_rank=5 graph_created=YES graph_refs=gate:0,up:1,down:2 storage_ref_base=30159 score_preserved=YES
reference_token0_blk3_routed expert_id=53 selected_range tensor=blk.1.ffn_gate_exps.weight offset=499155824 bytes=563200 layout=DIRECT
reference_token0_blk3_routed expert_id=53 selected_range tensor=blk.1.ffn_up_exps.weight offset=535200640 bytes=563200 layout=DIRECT
reference_token0_blk3_routed expert_id=53 selected_range tensor=blk.1.ffn_down_exps.weight offset=627362704 bytes=1622016 layout=DIRECT
reference_token0_blk3_routed prefetch expert_id=53 tensor=blk.1.ffn_gate_exps.weight dependency_distance=0
reference_token0_blk3_routed prefetch expert_id=53 tensor=blk.1.ffn_up_exps.weight dependency_distance=0
reference_token0_blk3_routed prefetch expert_id=53 tensor=blk.1.ffn_down_exps.weight dependency_distance=2
expert_parity max_abs=0 max_rel=0 mean_abs=0 tolerance=1e-5
reference_token0_blk3_routed expert_id=53 consumer_wait=not_instrumented acquire_release=recorded peak_active=1622016 peak_resident=8245248
reference_token0_blk3_routed residency_hits=36 residency_misses=42 source_reads=18 materialization_requests=18 source_policy_calls=18 evictions=11 resident_tensors_after=9
routed_merge_parity max_abs=0 max_rel=0 mean_abs=0 tolerance=1e-5
shared_expert_parity max_abs=0 max_rel=0 mean_abs=0 tolerance=1e-5
pre_residual_composition_parity max_abs=0 max_rel=0 mean_abs=0 tolerance=1e-5
final_layer_parity max_abs=0 max_rel=0 mean_abs=0 tolerance=1e-5
reference_token0_blk3 shared_expert=REQUIRED shared_graph_created=YES residual_add=YES final_composition=PASS
ffn_timing tensor=blk.1.ffn_gate_inp.weight payload_ready_ns=8859915564853 first_consumer_start_ns=8860039585547 payload_to_first_consumer_ns=124020694
ffn_timing tensor=blk.1.ffn_gate_shexp.weight payload_ready_ns=8864990262820 first_consumer_start_ns=8865110690581 payload_to_first_consumer_ns=120427761
ffn_timing tensor=blk.1.ffn_gate_exps.weight payload_ready_ns=8860217347248 first_consumer_start_ns=8860328113987 payload_to_first_consumer_ns=110766739
reference_token0_blk3 full_layer_residency_hits=46 misses=51 evictions=15 source_reads=23 source_bytes=20402176 materialization_requests=23 resident_tensors_after=8
reference_token0_blk3 full_layer_peak_active_persistent_bytes=1622016 full_layer_peak_resident_bytes=8312832
reference_token0_blk3 first_payload_to_shared_compute_start_ns=5326511111 execution_ready_to_consumer_ns=NOT_INSTRUMENTED payload_to_first_useful_compute=NOT_INSTRUMENTED
token0_blk3_attention_parity max_abs=0 max_rel=0 mean_abs=0 tolerance=1e-5
token0_blk3_block_parity max_abs=0 max_rel=0 mean_abs=0 tolerance=1e-5
token0 block_handoff block=4 handoff_ns=35530 activation_copy_bytes=0
attention_timing tensor=blk.1.attn_norm.weight payload_ready_ns=8821744905263 first_consumer_start_ns=8866064198392 payload_to_first_consumer_ns=44319293129
attention_timing tensor=blk.1.attn_q.weight payload_ready_ns=8822038138650 first_consumer_start_ns=8866307798265 payload_to_first_consumer_ns=44269659615
attention_timing tensor=blk.1.attn_kv_a_mqa.weight payload_ready_ns=8822352415425 first_consumer_start_ns=8866557626084 payload_to_first_consumer_ns=44205210659
attention_timing tensor=blk.1.attn_kv_a_norm.weight payload_ready_ns=8822654456989 first_consumer_start_ns=8866809232961 payload_to_first_consumer_ns=44154775972
attention_timing tensor=blk.1.attn_kv_b.weight payload_ready_ns=8822949256563 first_consumer_start_ns=8867039071036 payload_to_first_consumer_ns=44089814473
attention_timing tensor=blk.1.attn_output.weight payload_ready_ns=8823262465223 first_consumer_start_ns=8867285710793 payload_to_first_consumer_ns=44023245570
token0_blk4 position=0 state_k_positions=1 state_v_positions=1 attention_probs=1,1,1,1,1,1,1,1,1,1,1,1,1,1,1,1,
reference_attention position=0 state_k_positions=1 state_v_positions=1 attention_probs=1,1,1,1,1,1,1,1,1,1,1,1,1,1,1,1,
poc17_phase name=cold_token1 event_begin=876
attention_timing tensor=blk.1.attn_norm.weight payload_ready_ns=8821744905263 first_consumer_start_ns=8867287218429 payload_to_first_consumer_ns=45542313166
attention_timing tensor=blk.1.attn_q.weight payload_ready_ns=8822038138650 first_consumer_start_ns=8867287395550 payload_to_first_consumer_ns=45249256900
attention_timing tensor=blk.1.attn_kv_a_mqa.weight payload_ready_ns=8822352415425 first_consumer_start_ns=8867287691431 payload_to_first_consumer_ns=44935276006
attention_timing tensor=blk.1.attn_kv_a_norm.weight payload_ready_ns=8822654456989 first_consumer_start_ns=8867287866952 payload_to_first_consumer_ns=44633409963
attention_timing tensor=blk.1.attn_kv_b.weight payload_ready_ns=8822949256563 first_consumer_start_ns=8867287998662 payload_to_first_consumer_ns=44338742099
attention_timing tensor=blk.1.attn_output.weight payload_ready_ns=8823262465223 first_consumer_start_ns=8867288246463 payload_to_first_consumer_ns=44025781240
token1_blk1 position=1 state_k_positions=2 state_v_positions=2 attention_probs=0.327327,0.672673,0.410489,0.589511,0.566064,0.433936,0.327192,0.672808,0.932766,0.0672338,0.599507,0.400493,0.505362,0.494638,0.744735,0.255265,0.50687,0.49313,0.00836671,0.991633,0.754869,0.245131,0.650014,0.349986,0.537805,0.462195,0.554964,0.445036,0.523342,0.476658,0.56235,0.43765,
reference_attention position=1 state_k_positions=2 state_v_positions=2 attention_probs=0.327327,0.672673,0.410489,0.589511,0.566064,0.433936,0.327192,0.672808,0.932766,0.0672338,0.599507,0.400493,0.505362,0.494638,0.744735,0.255265,0.50687,0.49313,0.00836671,0.991633,0.754869,0.245131,0.650014,0.349986,0.537805,0.462195,0.554964,0.445036,0.523342,0.476658,0.56235,0.43765,
normalized_input_parity max_abs=0 max_rel=0 mean_abs=0 tolerance=1e-5
router_score_parity max_abs=2.86102e-06 max_rel=5.82025e-06 mean_abs=3.96627e-07 tolerance=1e-5
selected_weight_parity max_abs=2.38419e-07 max_rel=1.73796e-06 mean_abs=1.21693e-07 tolerance=1e-5
token1_blk1 topk_ids=56,29,11,3,50,26 normalized_weights=0.431742,0.24147,0.103862,0.0857397,0.0713288,0.0658583,
token1_blk1_routed expert_rank=0 expert_id=56 router_rank=0 graph_created=YES graph_refs=gate:0,up:1,down:2 storage_ref_base=10168 score_preserved=YES
token1_blk1_routed expert_id=56 selected_range tensor=blk.1.ffn_gate_exps.weight offset=135303648 bytes=563200 layout=DIRECT
token1_blk1_routed expert_id=56 selected_range tensor=blk.1.ffn_up_exps.weight offset=171348464 bytes=563200 layout=DIRECT
token1_blk1_routed expert_id=56 selected_range tensor=blk.1.ffn_down_exps.weight offset=266686976 bytes=1622016 layout=DIRECT
token1_blk1_routed prefetch expert_id=56 tensor=blk.1.ffn_gate_exps.weight dependency_distance=0
token1_blk1_routed prefetch expert_id=56 tensor=blk.1.ffn_up_exps.weight dependency_distance=0
token1_blk1_routed prefetch expert_id=56 tensor=blk.1.ffn_down_exps.weight dependency_distance=2
expert_parity max_abs=0 max_rel=0 mean_abs=0 tolerance=1e-5
token1_blk1_routed expert_id=56 consumer_wait=not_instrumented acquire_release=recorded peak_active=1622016 peak_resident=70853632
token1_blk1_routed expert_rank=1 expert_id=29 router_rank=1 graph_created=YES graph_refs=gate:0,up:1,down:2 storage_ref_base=10087 score_preserved=YES
token1_blk1_routed expert_id=29 selected_range tensor=blk.1.ffn_gate_exps.weight offset=120097248 bytes=563200 layout=DIRECT
token1_blk1_routed expert_id=29 selected_range tensor=blk.1.ffn_up_exps.weight offset=156142064 bytes=563200 layout=DIRECT
token1_blk1_routed expert_id=29 selected_range tensor=blk.1.ffn_down_exps.weight offset=222892544 bytes=1622016 layout=DIRECT
token1_blk1_routed prefetch expert_id=29 tensor=blk.1.ffn_gate_exps.weight dependency_distance=0
token1_blk1_routed prefetch expert_id=29 tensor=blk.1.ffn_up_exps.weight dependency_distance=0
token1_blk1_routed prefetch expert_id=29 tensor=blk.1.ffn_down_exps.weight dependency_distance=2
expert_parity max_abs=0 max_rel=0 mean_abs=0 tolerance=1e-5
token1_blk1_routed expert_id=29 consumer_wait=not_instrumented acquire_release=recorded peak_active=1622016 peak_resident=73602048
token1_blk1_routed expert_rank=2 expert_id=11 router_rank=2 graph_created=YES graph_refs=gate:0,up:1,down:2 storage_ref_base=10033 score_preserved=YES
token1_blk1_routed expert_id=11 selected_range tensor=blk.1.ffn_gate_exps.weight offset=109959648 bytes=563200 layout=DIRECT
token1_blk1_routed expert_id=11 selected_range tensor=blk.1.ffn_up_exps.weight offset=146004464 bytes=563200 layout=DIRECT
token1_blk1_routed expert_id=11 selected_range tensor=blk.1.ffn_down_exps.weight offset=193696256 bytes=1622016 layout=DIRECT
token1_blk1_routed prefetch expert_id=11 tensor=blk.1.ffn_gate_exps.weight dependency_distance=0
token1_blk1_routed prefetch expert_id=11 tensor=blk.1.ffn_up_exps.weight dependency_distance=0
token1_blk1_routed prefetch expert_id=11 tensor=blk.1.ffn_down_exps.weight dependency_distance=2
expert_parity max_abs=0 max_rel=0 mean_abs=0 tolerance=1e-5
token1_blk1_routed expert_id=11 consumer_wait=not_instrumented acquire_release=recorded peak_active=1622016 peak_resident=73602048
token1_blk1_routed expert_rank=3 expert_id=3 router_rank=3 graph_created=YES graph_refs=gate:0,up:1,down:2 storage_ref_base=10009 score_preserved=YES
token1_blk1_routed expert_id=3 selected_range tensor=blk.1.ffn_gate_exps.weight offset=105454048 bytes=563200 layout=DIRECT
token1_blk1_routed expert_id=3 selected_range tensor=blk.1.ffn_up_exps.weight offset=141498864 bytes=563200 layout=DIRECT
token1_blk1_routed expert_id=3 selected_range tensor=blk.1.ffn_down_exps.weight offset=180720128 bytes=1622016 layout=DIRECT
token1_blk1_routed prefetch expert_id=3 tensor=blk.1.ffn_gate_exps.weight dependency_distance=0
token1_blk1_routed prefetch expert_id=3 tensor=blk.1.ffn_up_exps.weight dependency_distance=0
token1_blk1_routed prefetch expert_id=3 tensor=blk.1.ffn_down_exps.weight dependency_distance=2
expert_parity max_abs=0 max_rel=0 mean_abs=0 tolerance=1e-5
token1_blk1_routed expert_id=3 consumer_wait=not_instrumented acquire_release=recorded peak_active=1622016 peak_resident=73602048
token1_blk1_routed expert_rank=4 expert_id=50 router_rank=4 graph_created=YES graph_refs=gate:0,up:1,down:2 storage_ref_base=10150 score_preserved=YES
token1_blk1_routed expert_id=50 selected_range tensor=blk.1.ffn_gate_exps.weight offset=131924448 bytes=563200 layout=DIRECT
token1_blk1_routed expert_id=50 selected_range tensor=blk.1.ffn_up_exps.weight offset=167969264 bytes=563200 layout=DIRECT
token1_blk1_routed expert_id=50 selected_range tensor=blk.1.ffn_down_exps.weight offset=256954880 bytes=1622016 layout=DIRECT
token1_blk1_routed prefetch expert_id=50 tensor=blk.1.ffn_gate_exps.weight dependency_distance=0
token1_blk1_routed prefetch expert_id=50 tensor=blk.1.ffn_up_exps.weight dependency_distance=0
token1_blk1_routed prefetch expert_id=50 tensor=blk.1.ffn_down_exps.weight dependency_distance=2
expert_parity max_abs=0 max_rel=0 mean_abs=0 tolerance=1e-5
token1_blk1_routed expert_id=50 consumer_wait=not_instrumented acquire_release=recorded peak_active=1622016 peak_resident=73602048
token1_blk1_routed expert_rank=5 expert_id=26 router_rank=5 graph_created=YES graph_refs=gate:0,up:1,down:2 storage_ref_base=10078 score_preserved=YES
token1_blk1_routed expert_id=26 selected_range tensor=blk.1.ffn_gate_exps.weight offset=118407648 bytes=563200 layout=DIRECT
token1_blk1_routed expert_id=26 selected_range tensor=blk.1.ffn_up_exps.weight offset=154452464 bytes=563200 layout=DIRECT
token1_blk1_routed expert_id=26 selected_range tensor=blk.1.ffn_down_exps.weight offset=218026496 bytes=1622016 layout=DIRECT
token1_blk1_routed prefetch expert_id=26 tensor=blk.1.ffn_gate_exps.weight dependency_distance=0
token1_blk1_routed prefetch expert_id=26 tensor=blk.1.ffn_up_exps.weight dependency_distance=0
token1_blk1_routed prefetch expert_id=26 tensor=blk.1.ffn_down_exps.weight dependency_distance=2
expert_parity max_abs=0 max_rel=0 mean_abs=0 tolerance=1e-5
token1_blk1_routed expert_id=26 consumer_wait=not_instrumented acquire_release=recorded peak_active=1622016 peak_resident=76350464
token1_blk1_routed residency_hits=64 residency_misses=14 source_reads=6 materialization_requests=6 source_policy_calls=6 evictions=0 resident_tensors_after=93
routed_merge_parity max_abs=0 max_rel=0 mean_abs=0 tolerance=1e-5
shared_expert_parity max_abs=0 max_rel=0 mean_abs=0 tolerance=1e-5
pre_residual_composition_parity max_abs=0 max_rel=0 mean_abs=0 tolerance=1e-5
final_layer_parity max_abs=0 max_rel=0 mean_abs=0 tolerance=1e-5
token1_blk1 shared_expert=REQUIRED shared_graph_created=YES residual_add=YES final_composition=PASS
ffn_timing tensor=blk.1.ffn_gate_exps.weight payload_ready_ns=8867435048276 first_consumer_start_ns=8867308196778 payload_to_first_consumer_ns=INVALID
token1_blk1 full_layer_residency_hits=83 misses=14 evictions=0 source_reads=6 source_bytes=5496832 materialization_requests=6 resident_tensors_after=93
token1_blk1 full_layer_peak_active_persistent_bytes=1892352 full_layer_peak_resident_bytes=76350464
token1_blk1 first_payload_to_shared_compute_start_ns=1993512960 execution_ready_to_consumer_ns=NOT_INSTRUMENTED payload_to_first_useful_compute=NOT_INSTRUMENTED
normalized_input_parity max_abs=0 max_rel=0 mean_abs=0 tolerance=1e-5
router_score_parity max_abs=2.86102e-06 max_rel=5.82025e-06 mean_abs=3.96627e-07 tolerance=1e-5
selected_weight_parity max_abs=2.38419e-07 max_rel=1.73796e-06 mean_abs=1.21693e-07 tolerance=1e-5
reference_token1_blk1 topk_ids=56,29,11,3,50,26 normalized_weights=0.431742,0.24147,0.103862,0.0857397,0.0713288,0.0658583,
reference_token1_blk1_routed expert_rank=0 expert_id=56 router_rank=0 graph_created=YES graph_refs=gate:0,up:1,down:2 storage_ref_base=10168 score_preserved=YES
reference_token1_blk1_routed expert_id=56 selected_range tensor=blk.1.ffn_gate_exps.weight offset=135303648 bytes=563200 layout=DIRECT
reference_token1_blk1_routed expert_id=56 selected_range tensor=blk.1.ffn_up_exps.weight offset=171348464 bytes=563200 layout=DIRECT
reference_token1_blk1_routed expert_id=56 selected_range tensor=blk.1.ffn_down_exps.weight offset=266686976 bytes=1622016 layout=DIRECT
reference_token1_blk1_routed prefetch expert_id=56 tensor=blk.1.ffn_gate_exps.weight dependency_distance=0
reference_token1_blk1_routed prefetch expert_id=56 tensor=blk.1.ffn_up_exps.weight dependency_distance=0
reference_token1_blk1_routed prefetch expert_id=56 tensor=blk.1.ffn_down_exps.weight dependency_distance=2
expert_parity max_abs=0 max_rel=0 mean_abs=0 tolerance=1e-5
reference_token1_blk1_routed expert_id=56 consumer_wait=not_instrumented acquire_release=recorded peak_active=1622016 peak_resident=3280896
reference_token1_blk1_routed expert_rank=1 expert_id=29 router_rank=1 graph_created=YES graph_refs=gate:0,up:1,down:2 storage_ref_base=10087 score_preserved=YES
reference_token1_blk1_routed expert_id=29 selected_range tensor=blk.1.ffn_gate_exps.weight offset=120097248 bytes=563200 layout=DIRECT
reference_token1_blk1_routed expert_id=29 selected_range tensor=blk.1.ffn_up_exps.weight offset=156142064 bytes=563200 layout=DIRECT
reference_token1_blk1_routed expert_id=29 selected_range tensor=blk.1.ffn_down_exps.weight offset=222892544 bytes=1622016 layout=DIRECT
reference_token1_blk1_routed prefetch expert_id=29 tensor=blk.1.ffn_gate_exps.weight dependency_distance=0
reference_token1_blk1_routed prefetch expert_id=29 tensor=blk.1.ffn_up_exps.weight dependency_distance=0
reference_token1_blk1_routed prefetch expert_id=29 tensor=blk.1.ffn_down_exps.weight dependency_distance=2
expert_parity max_abs=0 max_rel=0 mean_abs=0 tolerance=1e-5
reference_token1_blk1_routed expert_id=29 consumer_wait=not_instrumented acquire_release=recorded peak_active=1622016 peak_resident=6029312
reference_token1_blk1_routed expert_rank=2 expert_id=11 router_rank=2 graph_created=YES graph_refs=gate:0,up:1,down:2 storage_ref_base=10033 score_preserved=YES
reference_token1_blk1_routed expert_id=11 selected_range tensor=blk.1.ffn_gate_exps.weight offset=109959648 bytes=563200 layout=DIRECT
reference_token1_blk1_routed expert_id=11 selected_range tensor=blk.1.ffn_up_exps.weight offset=146004464 bytes=563200 layout=DIRECT
reference_token1_blk1_routed expert_id=11 selected_range tensor=blk.1.ffn_down_exps.weight offset=193696256 bytes=1622016 layout=DIRECT
reference_token1_blk1_routed prefetch expert_id=11 tensor=blk.1.ffn_gate_exps.weight dependency_distance=0
reference_token1_blk1_routed prefetch expert_id=11 tensor=blk.1.ffn_up_exps.weight dependency_distance=0
reference_token1_blk1_routed prefetch expert_id=11 tensor=blk.1.ffn_down_exps.weight dependency_distance=2
expert_parity max_abs=0 max_rel=0 mean_abs=0 tolerance=1e-5
reference_token1_blk1_routed expert_id=11 consumer_wait=not_instrumented acquire_release=recorded peak_active=1622016 peak_resident=8245248
reference_token1_blk1_routed expert_rank=3 expert_id=3 router_rank=3 graph_created=YES graph_refs=gate:0,up:1,down:2 storage_ref_base=10009 score_preserved=YES
reference_token1_blk1_routed expert_id=3 selected_range tensor=blk.1.ffn_gate_exps.weight offset=105454048 bytes=563200 layout=DIRECT
reference_token1_blk1_routed expert_id=3 selected_range tensor=blk.1.ffn_up_exps.weight offset=141498864 bytes=563200 layout=DIRECT
reference_token1_blk1_routed expert_id=3 selected_range tensor=blk.1.ffn_down_exps.weight offset=180720128 bytes=1622016 layout=DIRECT
reference_token1_blk1_routed prefetch expert_id=3 tensor=blk.1.ffn_gate_exps.weight dependency_distance=0
reference_token1_blk1_routed prefetch expert_id=3 tensor=blk.1.ffn_up_exps.weight dependency_distance=0
reference_token1_blk1_routed prefetch expert_id=3 tensor=blk.1.ffn_down_exps.weight dependency_distance=2
expert_parity max_abs=0 max_rel=0 mean_abs=0 tolerance=1e-5
reference_token1_blk1_routed expert_id=3 consumer_wait=not_instrumented acquire_release=recorded peak_active=1622016 peak_resident=8245248
reference_token1_blk1_routed expert_rank=4 expert_id=50 router_rank=4 graph_created=YES graph_refs=gate:0,up:1,down:2 storage_ref_base=10150 score_preserved=YES
reference_token1_blk1_routed expert_id=50 selected_range tensor=blk.1.ffn_gate_exps.weight offset=131924448 bytes=563200 layout=DIRECT
reference_token1_blk1_routed expert_id=50 selected_range tensor=blk.1.ffn_up_exps.weight offset=167969264 bytes=563200 layout=DIRECT
reference_token1_blk1_routed expert_id=50 selected_range tensor=blk.1.ffn_down_exps.weight offset=256954880 bytes=1622016 layout=DIRECT
reference_token1_blk1_routed prefetch expert_id=50 tensor=blk.1.ffn_gate_exps.weight dependency_distance=0
reference_token1_blk1_routed prefetch expert_id=50 tensor=blk.1.ffn_up_exps.weight dependency_distance=0
reference_token1_blk1_routed prefetch expert_id=50 tensor=blk.1.ffn_down_exps.weight dependency_distance=2
expert_parity max_abs=0 max_rel=0 mean_abs=0 tolerance=1e-5
reference_token1_blk1_routed expert_id=50 consumer_wait=not_instrumented acquire_release=recorded peak_active=1622016 peak_resident=8245248
reference_token1_blk1_routed expert_rank=5 expert_id=26 router_rank=5 graph_created=YES graph_refs=gate:0,up:1,down:2 storage_ref_base=10078 score_preserved=YES
reference_token1_blk1_routed expert_id=26 selected_range tensor=blk.1.ffn_gate_exps.weight offset=118407648 bytes=563200 layout=DIRECT
reference_token1_blk1_routed expert_id=26 selected_range tensor=blk.1.ffn_up_exps.weight offset=154452464 bytes=563200 layout=DIRECT
reference_token1_blk1_routed expert_id=26 selected_range tensor=blk.1.ffn_down_exps.weight offset=218026496 bytes=1622016 layout=DIRECT
reference_token1_blk1_routed prefetch expert_id=26 tensor=blk.1.ffn_gate_exps.weight dependency_distance=0
reference_token1_blk1_routed prefetch expert_id=26 tensor=blk.1.ffn_up_exps.weight dependency_distance=0
reference_token1_blk1_routed prefetch expert_id=26 tensor=blk.1.ffn_down_exps.weight dependency_distance=2
expert_parity max_abs=0 max_rel=0 mean_abs=0 tolerance=1e-5
reference_token1_blk1_routed expert_id=26 consumer_wait=not_instrumented acquire_release=recorded peak_active=1622016 peak_resident=8245248
reference_token1_blk1_routed residency_hits=36 residency_misses=42 source_reads=18 materialization_requests=18 source_policy_calls=18 evictions=11 resident_tensors_after=9
routed_merge_parity max_abs=0 max_rel=0 mean_abs=0 tolerance=1e-5
shared_expert_parity max_abs=0 max_rel=0 mean_abs=0 tolerance=1e-5
pre_residual_composition_parity max_abs=0 max_rel=0 mean_abs=0 tolerance=1e-5
final_layer_parity max_abs=0 max_rel=0 mean_abs=0 tolerance=1e-5
reference_token1_blk1 shared_expert=REQUIRED shared_graph_created=YES residual_add=YES final_composition=PASS
ffn_timing tensor=blk.1.ffn_gate_inp.weight payload_ready_ns=8869792890813 first_consumer_start_ns=8869918034924 payload_to_first_consumer_ns=125144111
ffn_timing tensor=blk.1.ffn_gate_shexp.weight payload_ready_ns=8875507460591 first_consumer_start_ns=8875641432791 payload_to_first_consumer_ns=133972200
ffn_timing tensor=blk.1.ffn_gate_exps.weight payload_ready_ns=8870093337189 first_consumer_start_ns=8870219135613 payload_to_first_consumer_ns=125798424
reference_token1_blk1 full_layer_residency_hits=46 misses=51 evictions=17 source_reads=23 source_bytes=21168128 materialization_requests=23 resident_tensors_after=6
reference_token1_blk1 full_layer_peak_active_persistent_bytes=1892352 full_layer_peak_resident_bytes=8245248
reference_token1_blk1 first_payload_to_shared_compute_start_ns=5955058138 execution_ready_to_consumer_ns=NOT_INSTRUMENTED payload_to_first_useful_compute=NOT_INSTRUMENTED
token1_blk1_attention_parity max_abs=0 max_rel=0 mean_abs=0 tolerance=1e-5
token1_blk1_block_parity max_abs=0 max_rel=0 mean_abs=0 tolerance=1e-5
token1 block_handoff block=2 handoff_ns=196231 activation_copy_bytes=0
attention_timing tensor=blk.1.attn_norm.weight payload_ready_ns=8821744905263 first_consumer_start_ns=8876226410032 payload_to_first_consumer_ns=54481504769
attention_timing tensor=blk.1.attn_q.weight payload_ready_ns=8822038138650 first_consumer_start_ns=8876229971658 payload_to_first_consumer_ns=54191833008
attention_timing tensor=blk.1.attn_kv_a_mqa.weight payload_ready_ns=8822352415425 first_consumer_start_ns=8876233206291 payload_to_first_consumer_ns=53880790866
attention_timing tensor=blk.1.attn_kv_a_norm.weight payload_ready_ns=8822654456989 first_consumer_start_ns=8876233502553 payload_to_first_consumer_ns=53579045564
attention_timing tensor=blk.1.attn_kv_b.weight payload_ready_ns=8822949256563 first_consumer_start_ns=8876233696493 payload_to_first_consumer_ns=53284439930
attention_timing tensor=blk.1.attn_output.weight payload_ready_ns=8823262465223 first_consumer_start_ns=8876234062105 payload_to_first_consumer_ns=52971596882
token1_blk2 position=1 state_k_positions=2 state_v_positions=2 attention_probs=0.598919,0.401081,0.518401,0.481599,0.228275,0.771725,0.32635,0.67365,0.474574,0.525426,0.530241,0.469759,0.366593,0.633407,0.715989,0.284011,0.37485,0.62515,0.579751,0.420249,0.0827325,0.917268,0.182867,0.817133,0.513672,0.486328,0.787284,0.212716,0.49621,0.50379,0.70591,0.29409,
reference_attention position=1 state_k_positions=2 state_v_positions=2 attention_probs=0.598919,0.401081,0.518401,0.481599,0.228275,0.771725,0.32635,0.67365,0.474574,0.525426,0.530241,0.469759,0.366593,0.633407,0.715989,0.284011,0.37485,0.62515,0.579751,0.420249,0.0827325,0.917268,0.182867,0.817133,0.513672,0.486328,0.787284,0.212716,0.49621,0.50379,0.70591,0.29409,
normalized_input_parity max_abs=0 max_rel=0 mean_abs=0 tolerance=1e-5
router_score_parity max_abs=1.43051e-06 max_rel=0.000107496 mean_abs=3.76513e-07 tolerance=1e-5
selected_weight_parity max_abs=1.49012e-07 max_rel=7.50293e-07 mean_abs=5.71211e-08 tolerance=1e-5
token1_blk2 topk_ids=37,18,44,53,23,49 normalized_weights=0.210563,0.198605,0.152328,0.149502,0.145231,0.143771,
token1_blk2_routed expert_rank=0 expert_id=37 router_rank=0 graph_created=YES graph_refs=gate:0,up:1,down:2 storage_ref_base=20111 score_preserved=YES
token1_blk2_routed expert_id=37 selected_range tensor=blk.1.ffn_gate_exps.weight offset=307373736 bytes=563200 layout=DIRECT
token1_blk2_routed expert_id=37 selected_range tensor=blk.1.ffn_up_exps.weight offset=343418552 bytes=563200 layout=DIRECT
token1_blk2_routed expert_id=37 selected_range tensor=blk.1.ffn_down_exps.weight offset=418639560 bytes=1622016 layout=DIRECT
token1_blk2_routed prefetch expert_id=37 tensor=blk.1.ffn_gate_exps.weight dependency_distance=0
token1_blk2_routed prefetch expert_id=37 tensor=blk.1.ffn_up_exps.weight dependency_distance=0
token1_blk2_routed prefetch expert_id=37 tensor=blk.1.ffn_down_exps.weight dependency_distance=2
expert_parity max_abs=0 max_rel=0 mean_abs=0 tolerance=1e-5
token1_blk2_routed expert_id=37 consumer_wait=not_instrumented acquire_release=recorded peak_active=1622016 peak_resident=76350464
token1_blk2_routed expert_rank=1 expert_id=18 router_rank=1 graph_created=YES graph_refs=gate:0,up:1,down:2 storage_ref_base=20054 score_preserved=YES
token1_blk2_routed expert_id=18 selected_range tensor=blk.1.ffn_gate_exps.weight offset=296672936 bytes=563200 layout=DIRECT
token1_blk2_routed expert_id=18 selected_range tensor=blk.1.ffn_up_exps.weight offset=332717752 bytes=563200 layout=DIRECT
token1_blk2_routed expert_id=18 selected_range tensor=blk.1.ffn_down_exps.weight offset=387821256 bytes=1622016 layout=DIRECT
token1_blk2_routed prefetch expert_id=18 tensor=blk.1.ffn_gate_exps.weight dependency_distance=0
token1_blk2_routed prefetch expert_id=18 tensor=blk.1.ffn_up_exps.weight dependency_distance=0
token1_blk2_routed prefetch expert_id=18 tensor=blk.1.ffn_down_exps.weight dependency_distance=2
expert_parity max_abs=0 max_rel=0 mean_abs=0 tolerance=1e-5
token1_blk2_routed expert_id=18 consumer_wait=not_instrumented acquire_release=recorded peak_active=1622016 peak_resident=76350464
token1_blk2_routed expert_rank=2 expert_id=44 router_rank=2 graph_created=YES graph_refs=gate:0,up:1,down:2 storage_ref_base=20132 score_preserved=YES
token1_blk2_routed expert_id=44 selected_range tensor=blk.1.ffn_gate_exps.weight offset=311316136 bytes=563200 layout=DIRECT
token1_blk2_routed expert_id=44 selected_range tensor=blk.1.ffn_up_exps.weight offset=347360952 bytes=563200 layout=DIRECT
token1_blk2_routed expert_id=44 selected_range tensor=blk.1.ffn_down_exps.weight offset=429993672 bytes=1622016 layout=DIRECT
token1_blk2_routed prefetch expert_id=44 tensor=blk.1.ffn_gate_exps.weight dependency_distance=0
token1_blk2_routed prefetch expert_id=44 tensor=blk.1.ffn_up_exps.weight dependency_distance=0
token1_blk2_routed prefetch expert_id=44 tensor=blk.1.ffn_down_exps.weight dependency_distance=2
expert_parity max_abs=0 max_rel=0 mean_abs=0 tolerance=1e-5
token1_blk2_routed expert_id=44 consumer_wait=not_instrumented acquire_release=recorded peak_active=1622016 peak_resident=76350464
token1_blk2_routed expert_rank=3 expert_id=53 router_rank=3 graph_created=YES graph_refs=gate:0,up:1,down:2 storage_ref_base=20159 score_preserved=YES
token1_blk2_routed expert_id=53 selected_range tensor=blk.1.ffn_gate_exps.weight offset=316384936 bytes=563200 layout=DIRECT
token1_blk2_routed expert_id=53 selected_range tensor=blk.1.ffn_up_exps.weight offset=352429752 bytes=563200 layout=DIRECT
token1_blk2_routed expert_id=53 selected_range tensor=blk.1.ffn_down_exps.weight offset=444591816 bytes=1622016 layout=DIRECT
token1_blk2_routed prefetch expert_id=53 tensor=blk.1.ffn_gate_exps.weight dependency_distance=0
token1_blk2_routed prefetch expert_id=53 tensor=blk.1.ffn_up_exps.weight dependency_distance=0
token1_blk2_routed prefetch expert_id=53 tensor=blk.1.ffn_down_exps.weight dependency_distance=2
expert_parity max_abs=0 max_rel=0 mean_abs=0 tolerance=1e-5
token1_blk2_routed expert_id=53 consumer_wait=not_instrumented acquire_release=recorded peak_active=1622016 peak_resident=76350464
token1_blk2_routed expert_rank=4 expert_id=23 router_rank=4 graph_created=YES graph_refs=gate:0,up:1,down:2 storage_ref_base=20069 score_preserved=YES
token1_blk2_routed expert_id=23 selected_range tensor=blk.1.ffn_gate_exps.weight offset=299488936 bytes=563200 layout=DIRECT
token1_blk2_routed expert_id=23 selected_range tensor=blk.1.ffn_up_exps.weight offset=335533752 bytes=563200 layout=DIRECT
token1_blk2_routed expert_id=23 selected_range tensor=blk.1.ffn_down_exps.weight offset=395931336 bytes=1622016 layout=DIRECT
token1_blk2_routed prefetch expert_id=23 tensor=blk.1.ffn_gate_exps.weight dependency_distance=0
token1_blk2_routed prefetch expert_id=23 tensor=blk.1.ffn_up_exps.weight dependency_distance=0
token1_blk2_routed prefetch expert_id=23 tensor=blk.1.ffn_down_exps.weight dependency_distance=2
expert_parity max_abs=0 max_rel=0 mean_abs=0 tolerance=1e-5
token1_blk2_routed expert_id=23 consumer_wait=not_instrumented acquire_release=recorded peak_active=1622016 peak_resident=76350464
token1_blk2_routed expert_rank=5 expert_id=49 router_rank=5 graph_created=YES graph_refs=gate:0,up:1,down:2 storage_ref_base=20147 score_preserved=YES
token1_blk2_routed expert_id=49 selected_range tensor=blk.1.ffn_gate_exps.weight offset=314132136 bytes=563200 layout=DIRECT
token1_blk2_routed expert_id=49 selected_range tensor=blk.1.ffn_up_exps.weight offset=350176952 bytes=563200 layout=DIRECT
token1_blk2_routed expert_id=49 selected_range tensor=blk.1.ffn_down_exps.weight offset=438103752 bytes=1622016 layout=DIRECT
token1_blk2_routed prefetch expert_id=49 tensor=blk.1.ffn_gate_exps.weight dependency_distance=0
token1_blk2_routed prefetch expert_id=49 tensor=blk.1.ffn_up_exps.weight dependency_distance=0
token1_blk2_routed prefetch expert_id=49 tensor=blk.1.ffn_down_exps.weight dependency_distance=2
expert_parity max_abs=0 max_rel=0 mean_abs=0 tolerance=1e-5
token1_blk2_routed expert_id=49 consumer_wait=not_instrumented acquire_release=recorded peak_active=1622016 peak_resident=79098880
token1_blk2_routed residency_hits=71 residency_misses=7 source_reads=3 materialization_requests=3 source_policy_calls=3 evictions=0 resident_tensors_after=96
routed_merge_parity max_abs=0 max_rel=0 mean_abs=0 tolerance=1e-5
shared_expert_parity max_abs=0 max_rel=0 mean_abs=0 tolerance=1e-5
pre_residual_composition_parity max_abs=0 max_rel=0 mean_abs=0 tolerance=1e-5
final_layer_parity max_abs=0 max_rel=0 mean_abs=0 tolerance=1e-5
token1_blk2 shared_expert=REQUIRED shared_graph_created=YES residual_add=YES final_composition=PASS
ffn_timing tensor=blk.1.ffn_gate_exps.weight payload_ready_ns=8876444574751 first_consumer_start_ns=8876236372655 payload_to_first_consumer_ns=INVALID
token1_blk2 full_layer_residency_hits=90 misses=7 evictions=0 source_reads=3 source_bytes=2748416 materialization_requests=3 resident_tensors_after=96
token1_blk2 full_layer_peak_active_persistent_bytes=1622016 full_layer_peak_resident_bytes=79098880
token1_blk2 first_payload_to_shared_compute_start_ns=906575341 execution_ready_to_consumer_ns=NOT_INSTRUMENTED payload_to_first_useful_compute=NOT_INSTRUMENTED
normalized_input_parity max_abs=0 max_rel=0 mean_abs=0 tolerance=1e-5
router_score_parity max_abs=1.43051e-06 max_rel=0.000107496 mean_abs=3.76513e-07 tolerance=1e-5
selected_weight_parity max_abs=1.49012e-07 max_rel=7.50293e-07 mean_abs=5.71211e-08 tolerance=1e-5
reference_token1_blk2 topk_ids=37,18,44,53,23,49 normalized_weights=0.210563,0.198605,0.152328,0.149502,0.145231,0.143771,
reference_token1_blk2_routed expert_rank=0 expert_id=37 router_rank=0 graph_created=YES graph_refs=gate:0,up:1,down:2 storage_ref_base=20111 score_preserved=YES
reference_token1_blk2_routed expert_id=37 selected_range tensor=blk.1.ffn_gate_exps.weight offset=307373736 bytes=563200 layout=DIRECT
reference_token1_blk2_routed expert_id=37 selected_range tensor=blk.1.ffn_up_exps.weight offset=343418552 bytes=563200 layout=DIRECT
reference_token1_blk2_routed expert_id=37 selected_range tensor=blk.1.ffn_down_exps.weight offset=418639560 bytes=1622016 layout=DIRECT
reference_token1_blk2_routed prefetch expert_id=37 tensor=blk.1.ffn_gate_exps.weight dependency_distance=0
reference_token1_blk2_routed prefetch expert_id=37 tensor=blk.1.ffn_up_exps.weight dependency_distance=0
reference_token1_blk2_routed prefetch expert_id=37 tensor=blk.1.ffn_down_exps.weight dependency_distance=2
expert_parity max_abs=0 max_rel=0 mean_abs=0 tolerance=1e-5
reference_token1_blk2_routed expert_id=37 consumer_wait=not_instrumented acquire_release=recorded peak_active=1622016 peak_resident=3280896
reference_token1_blk2_routed expert_rank=1 expert_id=18 router_rank=1 graph_created=YES graph_refs=gate:0,up:1,down:2 storage_ref_base=20054 score_preserved=YES
reference_token1_blk2_routed expert_id=18 selected_range tensor=blk.1.ffn_gate_exps.weight offset=296672936 bytes=563200 layout=DIRECT
reference_token1_blk2_routed expert_id=18 selected_range tensor=blk.1.ffn_up_exps.weight offset=332717752 bytes=563200 layout=DIRECT
reference_token1_blk2_routed expert_id=18 selected_range tensor=blk.1.ffn_down_exps.weight offset=387821256 bytes=1622016 layout=DIRECT
reference_token1_blk2_routed prefetch expert_id=18 tensor=blk.1.ffn_gate_exps.weight dependency_distance=0
reference_token1_blk2_routed prefetch expert_id=18 tensor=blk.1.ffn_up_exps.weight dependency_distance=0
reference_token1_blk2_routed prefetch expert_id=18 tensor=blk.1.ffn_down_exps.weight dependency_distance=2
expert_parity max_abs=0 max_rel=0 mean_abs=0 tolerance=1e-5
reference_token1_blk2_routed expert_id=18 consumer_wait=not_instrumented acquire_release=recorded peak_active=1622016 peak_resident=6029312
reference_token1_blk2_routed expert_rank=2 expert_id=44 router_rank=2 graph_created=YES graph_refs=gate:0,up:1,down:2 storage_ref_base=20132 score_preserved=YES
reference_token1_blk2_routed expert_id=44 selected_range tensor=blk.1.ffn_gate_exps.weight offset=311316136 bytes=563200 layout=DIRECT
reference_token1_blk2_routed expert_id=44 selected_range tensor=blk.1.ffn_up_exps.weight offset=347360952 bytes=563200 layout=DIRECT
reference_token1_blk2_routed expert_id=44 selected_range tensor=blk.1.ffn_down_exps.weight offset=429993672 bytes=1622016 layout=DIRECT
reference_token1_blk2_routed prefetch expert_id=44 tensor=blk.1.ffn_gate_exps.weight dependency_distance=0
reference_token1_blk2_routed prefetch expert_id=44 tensor=blk.1.ffn_up_exps.weight dependency_distance=0
reference_token1_blk2_routed prefetch expert_id=44 tensor=blk.1.ffn_down_exps.weight dependency_distance=2
expert_parity max_abs=0 max_rel=0 mean_abs=0 tolerance=1e-5
reference_token1_blk2_routed expert_id=44 consumer_wait=not_instrumented acquire_release=recorded peak_active=1622016 peak_resident=8245248
reference_token1_blk2_routed expert_rank=3 expert_id=53 router_rank=3 graph_created=YES graph_refs=gate:0,up:1,down:2 storage_ref_base=20159 score_preserved=YES
reference_token1_blk2_routed expert_id=53 selected_range tensor=blk.1.ffn_gate_exps.weight offset=316384936 bytes=563200 layout=DIRECT
reference_token1_blk2_routed expert_id=53 selected_range tensor=blk.1.ffn_up_exps.weight offset=352429752 bytes=563200 layout=DIRECT
reference_token1_blk2_routed expert_id=53 selected_range tensor=blk.1.ffn_down_exps.weight offset=444591816 bytes=1622016 layout=DIRECT
reference_token1_blk2_routed prefetch expert_id=53 tensor=blk.1.ffn_gate_exps.weight dependency_distance=0
reference_token1_blk2_routed prefetch expert_id=53 tensor=blk.1.ffn_up_exps.weight dependency_distance=0
reference_token1_blk2_routed prefetch expert_id=53 tensor=blk.1.ffn_down_exps.weight dependency_distance=2
expert_parity max_abs=0 max_rel=0 mean_abs=0 tolerance=1e-5
reference_token1_blk2_routed expert_id=53 consumer_wait=not_instrumented acquire_release=recorded peak_active=1622016 peak_resident=8245248
reference_token1_blk2_routed expert_rank=4 expert_id=23 router_rank=4 graph_created=YES graph_refs=gate:0,up:1,down:2 storage_ref_base=20069 score_preserved=YES
reference_token1_blk2_routed expert_id=23 selected_range tensor=blk.1.ffn_gate_exps.weight offset=299488936 bytes=563200 layout=DIRECT
reference_token1_blk2_routed expert_id=23 selected_range tensor=blk.1.ffn_up_exps.weight offset=335533752 bytes=563200 layout=DIRECT
reference_token1_blk2_routed expert_id=23 selected_range tensor=blk.1.ffn_down_exps.weight offset=395931336 bytes=1622016 layout=DIRECT
reference_token1_blk2_routed prefetch expert_id=23 tensor=blk.1.ffn_gate_exps.weight dependency_distance=0
reference_token1_blk2_routed prefetch expert_id=23 tensor=blk.1.ffn_up_exps.weight dependency_distance=0
reference_token1_blk2_routed prefetch expert_id=23 tensor=blk.1.ffn_down_exps.weight dependency_distance=2
expert_parity max_abs=0 max_rel=0 mean_abs=0 tolerance=1e-5
reference_token1_blk2_routed expert_id=23 consumer_wait=not_instrumented acquire_release=recorded peak_active=1622016 peak_resident=8245248
reference_token1_blk2_routed expert_rank=5 expert_id=49 router_rank=5 graph_created=YES graph_refs=gate:0,up:1,down:2 storage_ref_base=20147 score_preserved=YES
reference_token1_blk2_routed expert_id=49 selected_range tensor=blk.1.ffn_gate_exps.weight offset=314132136 bytes=563200 layout=DIRECT
reference_token1_blk2_routed expert_id=49 selected_range tensor=blk.1.ffn_up_exps.weight offset=350176952 bytes=563200 layout=DIRECT
reference_token1_blk2_routed expert_id=49 selected_range tensor=blk.1.ffn_down_exps.weight offset=438103752 bytes=1622016 layout=DIRECT
reference_token1_blk2_routed prefetch expert_id=49 tensor=blk.1.ffn_gate_exps.weight dependency_distance=0
reference_token1_blk2_routed prefetch expert_id=49 tensor=blk.1.ffn_up_exps.weight dependency_distance=0
reference_token1_blk2_routed prefetch expert_id=49 tensor=blk.1.ffn_down_exps.weight dependency_distance=2
expert_parity max_abs=0 max_rel=0 mean_abs=0 tolerance=1e-5
reference_token1_blk2_routed expert_id=49 consumer_wait=not_instrumented acquire_release=recorded peak_active=1622016 peak_resident=8245248
reference_token1_blk2_routed residency_hits=36 residency_misses=42 source_reads=18 materialization_requests=18 source_policy_calls=18 evictions=11 resident_tensors_after=9
routed_merge_parity max_abs=0 max_rel=0 mean_abs=0 tolerance=1e-5
shared_expert_parity max_abs=0 max_rel=0 mean_abs=0 tolerance=1e-5
pre_residual_composition_parity max_abs=0 max_rel=0 mean_abs=0 tolerance=1e-5
final_layer_parity max_abs=0 max_rel=0 mean_abs=0 tolerance=1e-5
reference_token1_blk2 shared_expert=REQUIRED shared_graph_created=YES residual_add=YES final_composition=PASS
ffn_timing tensor=blk.1.ffn_gate_inp.weight payload_ready_ns=8877722946558 first_consumer_start_ns=8877848409342 payload_to_first_consumer_ns=125462784
ffn_timing tensor=blk.1.ffn_gate_shexp.weight payload_ready_ns=8883418872292 first_consumer_start_ns=8883544081476 payload_to_first_consumer_ns=125209184
ffn_timing tensor=blk.1.ffn_gate_exps.weight payload_ready_ns=8878051998170 first_consumer_start_ns=8878174185681 payload_to_first_consumer_ns=122187511
reference_token1_blk2 full_layer_residency_hits=46 misses=51 evictions=15 source_reads=23 source_bytes=20402176 materialization_requests=23 resident_tensors_after=8
reference_token1_blk2 full_layer_peak_active_persistent_bytes=1622016 full_layer_peak_resident_bytes=8312832
reference_token1_blk2 first_payload_to_shared_compute_start_ns=5943685839 execution_ready_to_consumer_ns=NOT_INSTRUMENTED payload_to_first_useful_compute=NOT_INSTRUMENTED
token1_blk2_attention_parity max_abs=0 max_rel=0 mean_abs=0 tolerance=1e-5
token1_blk2_block_parity max_abs=0 max_rel=0 mean_abs=0 tolerance=1e-5
token1 block_handoff block=3 handoff_ns=233741 activation_copy_bytes=0
attention_timing tensor=blk.1.attn_norm.weight payload_ready_ns=8821744905263 first_consumer_start_ns=8884210537064 payload_to_first_consumer_ns=62465631801
attention_timing tensor=blk.1.attn_q.weight payload_ready_ns=8822038138650 first_consumer_start_ns=8884211152967 payload_to_first_consumer_ns=62173014317
attention_timing tensor=blk.1.attn_kv_a_mqa.weight payload_ready_ns=8822352415425 first_consumer_start_ns=8884211911890 payload_to_first_consumer_ns=61859496465
attention_timing tensor=blk.1.attn_kv_a_norm.weight payload_ready_ns=8822654456989 first_consumer_start_ns=8884220275516 payload_to_first_consumer_ns=61565818527
attention_timing tensor=blk.1.attn_kv_b.weight payload_ready_ns=8822949256563 first_consumer_start_ns=8884220522377 payload_to_first_consumer_ns=61271265814
attention_timing tensor=blk.1.attn_output.weight payload_ready_ns=8823262465223 first_consumer_start_ns=8884220873558 payload_to_first_consumer_ns=60958408335
token1_blk3 position=1 state_k_positions=2 state_v_positions=2 attention_probs=0.647885,0.352115,0.653755,0.346246,0.748316,0.251684,0.454187,0.545813,0.370199,0.629801,0.660859,0.339141,0.0916113,0.908389,0.236917,0.763083,0.538436,0.461564,0.527116,0.472884,0.654188,0.345812,0.188689,0.811311,0.462708,0.537292,0.689584,0.310416,0.733999,0.266001,0.491397,0.508603,
reference_attention position=1 state_k_positions=2 state_v_positions=2 attention_probs=0.647885,0.352115,0.653755,0.346246,0.748316,0.251684,0.454187,0.545813,0.370199,0.629801,0.660859,0.339141,0.0916113,0.908389,0.236917,0.763083,0.538436,0.461564,0.527116,0.472884,0.654188,0.345812,0.188689,0.811311,0.462708,0.537292,0.689584,0.310416,0.733999,0.266001,0.491397,0.508603,
normalized_input_parity max_abs=0 max_rel=0 mean_abs=0 tolerance=1e-5
router_score_parity max_abs=1.37091e-06 max_rel=2.28584e-05 mean_abs=3.83676e-07 tolerance=1e-5
selected_weight_parity max_abs=8.9407e-08 max_rel=5.9106e-07 mean_abs=5.96046e-08 tolerance=1e-5
token1_blk3 topk_ids=60,2,53,35,15,59 normalized_weights=0.273384,0.190084,0.151266,0.136168,0.132768,0.11633,
token1_blk3_routed expert_rank=0 expert_id=60 router_rank=0 graph_created=YES graph_refs=gate:0,up:1,down:2 storage_ref_base=30180 score_preserved=YES
token1_blk3_routed expert_id=60 selected_range tensor=blk.1.ffn_gate_exps.weight offset=503098224 bytes=563200 layout=DIRECT
token1_blk3_routed expert_id=60 selected_range tensor=blk.1.ffn_up_exps.weight offset=539143040 bytes=563200 layout=DIRECT
token1_blk3_routed expert_id=60 selected_range tensor=blk.1.ffn_down_exps.weight offset=638716816 bytes=1622016 layout=DIRECT
token1_blk3_routed prefetch expert_id=60 tensor=blk.1.ffn_gate_exps.weight dependency_distance=0
token1_blk3_routed prefetch expert_id=60 tensor=blk.1.ffn_up_exps.weight dependency_distance=0
token1_blk3_routed prefetch expert_id=60 tensor=blk.1.ffn_down_exps.weight dependency_distance=2
expert_parity max_abs=0 max_rel=0 mean_abs=0 tolerance=1e-5
token1_blk3_routed expert_id=60 consumer_wait=not_instrumented acquire_release=recorded peak_active=1622016 peak_resident=79098880
token1_blk3_routed expert_rank=1 expert_id=2 router_rank=1 graph_created=YES graph_refs=gate:0,up:1,down:2 storage_ref_base=30006 score_preserved=YES
token1_blk3_routed expert_id=2 selected_range tensor=blk.1.ffn_gate_exps.weight offset=470432624 bytes=563200 layout=DIRECT
token1_blk3_routed expert_id=2 selected_range tensor=blk.1.ffn_up_exps.weight offset=506477440 bytes=563200 layout=DIRECT
token1_blk3_routed expert_id=2 selected_range tensor=blk.1.ffn_down_exps.weight offset=544639888 bytes=1622016 layout=DIRECT
token1_blk3_routed prefetch expert_id=2 tensor=blk.1.ffn_gate_exps.weight dependency_distance=0
token1_blk3_routed prefetch expert_id=2 tensor=blk.1.ffn_up_exps.weight dependency_distance=0
token1_blk3_routed prefetch expert_id=2 tensor=blk.1.ffn_down_exps.weight dependency_distance=2
expert_parity max_abs=0 max_rel=0 mean_abs=0 tolerance=1e-5
token1_blk3_routed expert_id=2 consumer_wait=not_instrumented acquire_release=recorded peak_active=1622016 peak_resident=79098880
token1_blk3_routed expert_rank=2 expert_id=53 router_rank=2 graph_created=YES graph_refs=gate:0,up:1,down:2 storage_ref_base=30159 score_preserved=YES
token1_blk3_routed expert_id=53 selected_range tensor=blk.1.ffn_gate_exps.weight offset=499155824 bytes=563200 layout=DIRECT
token1_blk3_routed expert_id=53 selected_range tensor=blk.1.ffn_up_exps.weight offset=535200640 bytes=563200 layout=DIRECT
token1_blk3_routed expert_id=53 selected_range tensor=blk.1.ffn_down_exps.weight offset=627362704 bytes=1622016 layout=DIRECT
token1_blk3_routed prefetch expert_id=53 tensor=blk.1.ffn_gate_exps.weight dependency_distance=0
token1_blk3_routed prefetch expert_id=53 tensor=blk.1.ffn_up_exps.weight dependency_distance=0
token1_blk3_routed prefetch expert_id=53 tensor=blk.1.ffn_down_exps.weight dependency_distance=2
expert_parity max_abs=0 max_rel=0 mean_abs=0 tolerance=1e-5
token1_blk3_routed expert_id=53 consumer_wait=not_instrumented acquire_release=recorded peak_active=1622016 peak_resident=79098880
token1_blk3_routed expert_rank=3 expert_id=35 router_rank=3 graph_created=YES graph_refs=gate:0,up:1,down:2 storage_ref_base=30105 score_preserved=YES
token1_blk3_routed expert_id=35 selected_range tensor=blk.1.ffn_gate_exps.weight offset=489018224 bytes=563200 layout=DIRECT
token1_blk3_routed expert_id=35 selected_range tensor=blk.1.ffn_up_exps.weight offset=525063040 bytes=563200 layout=DIRECT
token1_blk3_routed expert_id=35 selected_range tensor=blk.1.ffn_down_exps.weight offset=598166416 bytes=1622016 layout=DIRECT
token1_blk3_routed prefetch expert_id=35 tensor=blk.1.ffn_gate_exps.weight dependency_distance=0
token1_blk3_routed prefetch expert_id=35 tensor=blk.1.ffn_up_exps.weight dependency_distance=0
token1_blk3_routed prefetch expert_id=35 tensor=blk.1.ffn_down_exps.weight dependency_distance=2
expert_parity max_abs=0 max_rel=0 mean_abs=0 tolerance=1e-5
token1_blk3_routed expert_id=35 consumer_wait=not_instrumented acquire_release=recorded peak_active=1622016 peak_resident=79098880
token1_blk3_routed expert_rank=4 expert_id=15 router_rank=4 graph_created=YES graph_refs=gate:0,up:1,down:2 storage_ref_base=30045 score_preserved=YES
token1_blk3_routed expert_id=15 selected_range tensor=blk.1.ffn_gate_exps.weight offset=477754224 bytes=563200 layout=DIRECT
token1_blk3_routed expert_id=15 selected_range tensor=blk.1.ffn_up_exps.weight offset=513799040 bytes=563200 layout=DIRECT
token1_blk3_routed expert_id=15 selected_range tensor=blk.1.ffn_down_exps.weight offset=565726096 bytes=1622016 layout=DIRECT
token1_blk3_routed prefetch expert_id=15 tensor=blk.1.ffn_gate_exps.weight dependency_distance=0
token1_blk3_routed prefetch expert_id=15 tensor=blk.1.ffn_up_exps.weight dependency_distance=0
token1_blk3_routed prefetch expert_id=15 tensor=blk.1.ffn_down_exps.weight dependency_distance=2
expert_parity max_abs=0 max_rel=0 mean_abs=0 tolerance=1e-5
token1_blk3_routed expert_id=15 consumer_wait=not_instrumented acquire_release=recorded peak_active=1622016 peak_resident=81847296
token1_blk3_routed expert_rank=5 expert_id=59 router_rank=5 graph_created=YES graph_refs=gate:0,up:1,down:2 storage_ref_base=30177 score_preserved=YES
token1_blk3_routed expert_id=59 selected_range tensor=blk.1.ffn_gate_exps.weight offset=502535024 bytes=563200 layout=DIRECT
token1_blk3_routed expert_id=59 selected_range tensor=blk.1.ffn_up_exps.weight offset=538579840 bytes=563200 layout=DIRECT
token1_blk3_routed expert_id=59 selected_range tensor=blk.1.ffn_down_exps.weight offset=637094800 bytes=1622016 layout=DIRECT
token1_blk3_routed prefetch expert_id=59 tensor=blk.1.ffn_gate_exps.weight dependency_distance=0
token1_blk3_routed prefetch expert_id=59 tensor=blk.1.ffn_up_exps.weight dependency_distance=0
token1_blk3_routed prefetch expert_id=59 tensor=blk.1.ffn_down_exps.weight dependency_distance=2
expert_parity max_abs=0 max_rel=0 mean_abs=0 tolerance=1e-5
token1_blk3_routed expert_id=59 consumer_wait=not_instrumented acquire_release=recorded peak_active=1622016 peak_resident=84595712
token1_blk3_routed residency_hits=64 residency_misses=14 source_reads=6 materialization_requests=6 source_policy_calls=6 evictions=0 resident_tensors_after=102
routed_merge_parity max_abs=0 max_rel=0 mean_abs=0 tolerance=1e-5
shared_expert_parity max_abs=0 max_rel=0 mean_abs=0 tolerance=1e-5
pre_residual_composition_parity max_abs=0 max_rel=0 mean_abs=0 tolerance=1e-5
final_layer_parity max_abs=0 max_rel=0 mean_abs=0 tolerance=1e-5
token1_blk3 shared_expert=REQUIRED shared_graph_created=YES residual_add=YES final_composition=PASS
ffn_timing tensor=blk.1.ffn_gate_exps.weight payload_ready_ns=8884359471331 first_consumer_start_ns=8884228535522 payload_to_first_consumer_ns=INVALID
token1_blk3 full_layer_residency_hits=83 misses=14 evictions=0 source_reads=6 source_bytes=5496832 materialization_requests=6 resident_tensors_after=102
token1_blk3 full_layer_peak_active_persistent_bytes=1622016 full_layer_peak_resident_bytes=84595712
token1_blk3 first_payload_to_shared_compute_start_ns=1672043929 execution_ready_to_consumer_ns=NOT_INSTRUMENTED payload_to_first_useful_compute=NOT_INSTRUMENTED
normalized_input_parity max_abs=0 max_rel=0 mean_abs=0 tolerance=1e-5
router_score_parity max_abs=1.37091e-06 max_rel=2.28584e-05 mean_abs=3.83676e-07 tolerance=1e-5
selected_weight_parity max_abs=8.9407e-08 max_rel=5.9106e-07 mean_abs=5.96046e-08 tolerance=1e-5
reference_token1_blk3 topk_ids=60,2,53,35,15,59 normalized_weights=0.273384,0.190084,0.151266,0.136168,0.132768,0.11633,
reference_token1_blk3_routed expert_rank=0 expert_id=60 router_rank=0 graph_created=YES graph_refs=gate:0,up:1,down:2 storage_ref_base=30180 score_preserved=YES
reference_token1_blk3_routed expert_id=60 selected_range tensor=blk.1.ffn_gate_exps.weight offset=503098224 bytes=563200 layout=DIRECT
reference_token1_blk3_routed expert_id=60 selected_range tensor=blk.1.ffn_up_exps.weight offset=539143040 bytes=563200 layout=DIRECT
reference_token1_blk3_routed expert_id=60 selected_range tensor=blk.1.ffn_down_exps.weight offset=638716816 bytes=1622016 layout=DIRECT
reference_token1_blk3_routed prefetch expert_id=60 tensor=blk.1.ffn_gate_exps.weight dependency_distance=0
reference_token1_blk3_routed prefetch expert_id=60 tensor=blk.1.ffn_up_exps.weight dependency_distance=0
reference_token1_blk3_routed prefetch expert_id=60 tensor=blk.1.ffn_down_exps.weight dependency_distance=2
expert_parity max_abs=0 max_rel=0 mean_abs=0 tolerance=1e-5
reference_token1_blk3_routed expert_id=60 consumer_wait=not_instrumented acquire_release=recorded peak_active=1622016 peak_resident=3280896
reference_token1_blk3_routed expert_rank=1 expert_id=2 router_rank=1 graph_created=YES graph_refs=gate:0,up:1,down:2 storage_ref_base=30006 score_preserved=YES
reference_token1_blk3_routed expert_id=2 selected_range tensor=blk.1.ffn_gate_exps.weight offset=470432624 bytes=563200 layout=DIRECT
reference_token1_blk3_routed expert_id=2 selected_range tensor=blk.1.ffn_up_exps.weight offset=506477440 bytes=563200 layout=DIRECT
reference_token1_blk3_routed expert_id=2 selected_range tensor=blk.1.ffn_down_exps.weight offset=544639888 bytes=1622016 layout=DIRECT
reference_token1_blk3_routed prefetch expert_id=2 tensor=blk.1.ffn_gate_exps.weight dependency_distance=0
reference_token1_blk3_routed prefetch expert_id=2 tensor=blk.1.ffn_up_exps.weight dependency_distance=0
reference_token1_blk3_routed prefetch expert_id=2 tensor=blk.1.ffn_down_exps.weight dependency_distance=2
expert_parity max_abs=0 max_rel=0 mean_abs=0 tolerance=1e-5
reference_token1_blk3_routed expert_id=2 consumer_wait=not_instrumented acquire_release=recorded peak_active=1622016 peak_resident=6029312
reference_token1_blk3_routed expert_rank=2 expert_id=53 router_rank=2 graph_created=YES graph_refs=gate:0,up:1,down:2 storage_ref_base=30159 score_preserved=YES
reference_token1_blk3_routed expert_id=53 selected_range tensor=blk.1.ffn_gate_exps.weight offset=499155824 bytes=563200 layout=DIRECT
reference_token1_blk3_routed expert_id=53 selected_range tensor=blk.1.ffn_up_exps.weight offset=535200640 bytes=563200 layout=DIRECT
reference_token1_blk3_routed expert_id=53 selected_range tensor=blk.1.ffn_down_exps.weight offset=627362704 bytes=1622016 layout=DIRECT
reference_token1_blk3_routed prefetch expert_id=53 tensor=blk.1.ffn_gate_exps.weight dependency_distance=0
reference_token1_blk3_routed prefetch expert_id=53 tensor=blk.1.ffn_up_exps.weight dependency_distance=0
reference_token1_blk3_routed prefetch expert_id=53 tensor=blk.1.ffn_down_exps.weight dependency_distance=2
expert_parity max_abs=0 max_rel=0 mean_abs=0 tolerance=1e-5
reference_token1_blk3_routed expert_id=53 consumer_wait=not_instrumented acquire_release=recorded peak_active=1622016 peak_resident=8245248
reference_token1_blk3_routed expert_rank=3 expert_id=35 router_rank=3 graph_created=YES graph_refs=gate:0,up:1,down:2 storage_ref_base=30105 score_preserved=YES
reference_token1_blk3_routed expert_id=35 selected_range tensor=blk.1.ffn_gate_exps.weight offset=489018224 bytes=563200 layout=DIRECT
reference_token1_blk3_routed expert_id=35 selected_range tensor=blk.1.ffn_up_exps.weight offset=525063040 bytes=563200 layout=DIRECT
reference_token1_blk3_routed expert_id=35 selected_range tensor=blk.1.ffn_down_exps.weight offset=598166416 bytes=1622016 layout=DIRECT
reference_token1_blk3_routed prefetch expert_id=35 tensor=blk.1.ffn_gate_exps.weight dependency_distance=0
reference_token1_blk3_routed prefetch expert_id=35 tensor=blk.1.ffn_up_exps.weight dependency_distance=0
reference_token1_blk3_routed prefetch expert_id=35 tensor=blk.1.ffn_down_exps.weight dependency_distance=2
expert_parity max_abs=0 max_rel=0 mean_abs=0 tolerance=1e-5
reference_token1_blk3_routed expert_id=35 consumer_wait=not_instrumented acquire_release=recorded peak_active=1622016 peak_resident=8245248
reference_token1_blk3_routed expert_rank=4 expert_id=15 router_rank=4 graph_created=YES graph_refs=gate:0,up:1,down:2 storage_ref_base=30045 score_preserved=YES
reference_token1_blk3_routed expert_id=15 selected_range tensor=blk.1.ffn_gate_exps.weight offset=477754224 bytes=563200 layout=DIRECT
reference_token1_blk3_routed expert_id=15 selected_range tensor=blk.1.ffn_up_exps.weight offset=513799040 bytes=563200 layout=DIRECT
reference_token1_blk3_routed expert_id=15 selected_range tensor=blk.1.ffn_down_exps.weight offset=565726096 bytes=1622016 layout=DIRECT
reference_token1_blk3_routed prefetch expert_id=15 tensor=blk.1.ffn_gate_exps.weight dependency_distance=0
reference_token1_blk3_routed prefetch expert_id=15 tensor=blk.1.ffn_up_exps.weight dependency_distance=0
reference_token1_blk3_routed prefetch expert_id=15 tensor=blk.1.ffn_down_exps.weight dependency_distance=2
expert_parity max_abs=0 max_rel=0 mean_abs=0 tolerance=1e-5
reference_token1_blk3_routed expert_id=15 consumer_wait=not_instrumented acquire_release=recorded peak_active=1622016 peak_resident=8245248
reference_token1_blk3_routed expert_rank=5 expert_id=59 router_rank=5 graph_created=YES graph_refs=gate:0,up:1,down:2 storage_ref_base=30177 score_preserved=YES
reference_token1_blk3_routed expert_id=59 selected_range tensor=blk.1.ffn_gate_exps.weight offset=502535024 bytes=563200 layout=DIRECT
reference_token1_blk3_routed expert_id=59 selected_range tensor=blk.1.ffn_up_exps.weight offset=538579840 bytes=563200 layout=DIRECT
reference_token1_blk3_routed expert_id=59 selected_range tensor=blk.1.ffn_down_exps.weight offset=637094800 bytes=1622016 layout=DIRECT
reference_token1_blk3_routed prefetch expert_id=59 tensor=blk.1.ffn_gate_exps.weight dependency_distance=0
reference_token1_blk3_routed prefetch expert_id=59 tensor=blk.1.ffn_up_exps.weight dependency_distance=0
reference_token1_blk3_routed prefetch expert_id=59 tensor=blk.1.ffn_down_exps.weight dependency_distance=2
expert_parity max_abs=0 max_rel=0 mean_abs=0 tolerance=1e-5
reference_token1_blk3_routed expert_id=59 consumer_wait=not_instrumented acquire_release=recorded peak_active=1622016 peak_resident=8245248
reference_token1_blk3_routed residency_hits=36 residency_misses=42 source_reads=18 materialization_requests=18 source_policy_calls=18 evictions=11 resident_tensors_after=9
routed_merge_parity max_abs=0 max_rel=0 mean_abs=0 tolerance=1e-5
shared_expert_parity max_abs=0 max_rel=0 mean_abs=0 tolerance=1e-5
pre_residual_composition_parity max_abs=0 max_rel=0 mean_abs=0 tolerance=1e-5
final_layer_parity max_abs=0 max_rel=0 mean_abs=0 tolerance=1e-5
reference_token1_blk3 shared_expert=REQUIRED shared_graph_created=YES residual_add=YES final_composition=PASS
ffn_timing tensor=blk.1.ffn_gate_inp.weight payload_ready_ns=8886282110561 first_consumer_start_ns=8886373139561 payload_to_first_consumer_ns=91029000
ffn_timing tensor=blk.1.ffn_gate_shexp.weight payload_ready_ns=8891537197406 first_consumer_start_ns=8891659381699 payload_to_first_consumer_ns=122184293
ffn_timing tensor=blk.1.ffn_gate_exps.weight payload_ready_ns=8886506581622 first_consumer_start_ns=8886597677712 payload_to_first_consumer_ns=91096090
reference_token1_blk3 full_layer_residency_hits=46 misses=51 evictions=15 source_reads=23 source_bytes=20402176 materialization_requests=23 resident_tensors_after=8
reference_token1_blk3 full_layer_peak_active_persistent_bytes=1622016 full_layer_peak_resident_bytes=8312832
reference_token1_blk3 first_payload_to_shared_compute_start_ns=5383724104 execution_ready_to_consumer_ns=NOT_INSTRUMENTED payload_to_first_useful_compute=NOT_INSTRUMENTED
token1_blk3_attention_parity max_abs=0 max_rel=0 mean_abs=0 tolerance=1e-5
token1_blk3_block_parity max_abs=0 max_rel=0 mean_abs=0 tolerance=1e-5
token1 block_handoff block=4 handoff_ns=102631 activation_copy_bytes=0
attention_timing tensor=blk.1.attn_norm.weight payload_ready_ns=8821744905263 first_consumer_start_ns=8892587175538 payload_to_first_consumer_ns=70842270275
attention_timing tensor=blk.1.attn_q.weight payload_ready_ns=8822038138650 first_consumer_start_ns=8892841188148 payload_to_first_consumer_ns=70803049498
attention_timing tensor=blk.1.attn_kv_a_mqa.weight payload_ready_ns=8822352415425 first_consumer_start_ns=8893080480834 payload_to_first_consumer_ns=70728065409
attention_timing tensor=blk.1.attn_kv_a_norm.weight payload_ready_ns=8822654456989 first_consumer_start_ns=8893338999023 payload_to_first_consumer_ns=70684542034
attention_timing tensor=blk.1.attn_kv_b.weight payload_ready_ns=8822949256563 first_consumer_start_ns=8893586150854 payload_to_first_consumer_ns=70636894291
attention_timing tensor=blk.1.attn_output.weight payload_ready_ns=8823262465223 first_consumer_start_ns=8893837495012 payload_to_first_consumer_ns=70575029789
token1_blk4 position=1 state_k_positions=2 state_v_positions=2 attention_probs=0.799868,0.200132,0.120579,0.879421,0.726416,0.273584,0.43224,0.56776,0.518115,0.481885,0.198163,0.801837,0.21158,0.78842,0.46289,0.53711,0.106052,0.893948,0.522995,0.477005,0.209137,0.790863,0.128147,0.871853,0.508341,0.491659,0.561149,0.438851,0.496285,0.503715,0.103074,0.896926,
reference_attention position=1 state_k_positions=2 state_v_positions=2 attention_probs=0.799868,0.200132,0.120579,0.879421,0.726416,0.273584,0.43224,0.56776,0.518115,0.481885,0.198163,0.801837,0.21158,0.78842,0.46289,0.53711,0.106052,0.893948,0.522995,0.477005,0.209137,0.790863,0.128147,0.871853,0.508341,0.491659,0.561149,0.438851,0.496285,0.503715,0.103074,0.896926,
failure_source_reads=114 failure_injections=12
target_block_failure mode=middle-failure target_block=4 earlier_block_completed=YES later_blocks_executed=NO final_output=INVALID resident_bytes_after_teardown=0 execution_leases_after_teardown=0 materialization_resources_after_teardown=0 runtime_state_resources_after_teardown=0 policy_decisions=0 policy_candidates_evaluated=0 policy_cpu_time_ns=0 policy_max_decision_ns=0 cleanup=PASS failure_injections=12 completed_blocks=3 later_block_count=0 failure_source_reads=114
