elapsed_us,rss_bytes,vsize_bytes,minor_faults,major_faults,read_bytes,available_bytes,thread_count,process_cpu_pct,system_user_ticks,system_system_ticks,system_idle_ticks,system_iowait_ticks,thermal_json,frequency_json
6186,262144,4214784,18,1,393216,7821508608,1,0.0,2563924,409870,10352539,27241,"{""thermal_zone0"": 43000, ""thermal_zone1"": 43000}","{""cpu0"": 1600000, ""cpu1"": 1600000, ""cpu2"": 1600000, ""cpu3"": 1600000, ""cpu4"": 1600000, ""cpu5"": 1600000, ""cpu6"": 1600000, ""cpu7"": 1600000}"
129483,7864320,5005656064,329,51,5349376,7823015936,1,32.441797064036834,2563927,409874,10352622,27249,"{""thermal_zone0"": 43000, ""thermal_zone1"": 43000}","{""cpu0"": 1600000, ""cpu1"": 1600000, ""cpu2"": 1600000, ""cpu3"": 1600000, ""cpu4"": 1600000, ""cpu5"": 1600000, ""cpu6"": 1600000, ""cpu7"": 1600000}"
247354,11010048,5005656064,332,99,11640832,7823147008,1,16.967785471537304,2563929,409877,10352702,27259,"{""thermal_zone0"": 43000, ""thermal_zone1"": 44000}","{""cpu0"": 1600000, ""cpu1"": 1600000, ""cpu2"": 1600000, ""cpu3"": 1600000, ""cpu4"": 1600000, ""cpu5"": 1600000, ""cpu6"": 1600000, ""cpu7"": 1600000}"
365366,14024704,5005656064,334,147,17932288,7822954496,1,8.473723369385947,2563930,409880,10352781,27269,"{""thermal_zone0"": 42000, ""thermal_zone1"": 42000}","{""cpu0"": 1600000, ""cpu1"": 1600000, ""cpu2"": 1600000, ""cpu3"": 1600000, ""cpu4"": 1600000, ""cpu5"": 1600000, ""cpu6"": 1600000, ""cpu7"": 1600000}"
483096,17170432,5005656064,336,195,24223744,7823028224,1,16.98802849385031,2563932,409882,10352861,27279,"{""thermal_zone0"": 42000, ""thermal_zone1"": 43000}","{""cpu0"": 1600000, ""cpu1"": 1600000, ""cpu2"": 1600000, ""cpu3"": 1600000, ""cpu4"": 1600000, ""cpu5"": 1600000, ""cpu6"": 1600000, ""cpu7"": 1600000}"
600717,20316160,5005656064,339,243,30584832,7823093760,1,8.501852447375127,2563933,409885,10352940,27289,"{""thermal_zone0"": 42000, ""thermal_zone1"": 43000}","{""cpu0"": 1600000, ""cpu1"": 1600000, ""cpu2"": 1600000, ""cpu3"": 1600000, ""cpu4"": 1600000, ""cpu5"": 1600000, ""cpu6"": 1600000, ""cpu7"": 1600000}"
718814,24117248,5005656064,352,292,36876288,7823089664,1,16.935231208244073,2563934,409889,10353020,27299,"{""thermal_zone0"": 42000, ""thermal_zone1"": 43000}","{""cpu0"": 1600000, ""cpu1"": 1600000, ""cpu2"": 1600000, ""cpu3"": 1600000, ""cpu4"": 1600000, ""cpu5"": 1600000, ""cpu6"": 1600000, ""cpu7"": 1600000}"
836623,30670848,5006811136,913,341,41447424,7820640256,1,59.41820831098609,2563941,409891,10353101,27303,"{""thermal_zone0"": 43000, ""thermal_zone1"": 44000}","{""cpu0"": 1600000, ""cpu1"": 1600000, ""cpu2"": 1600000, ""cpu3"": 1600000, ""cpu4"": 1600000, ""cpu5"": 1600000, ""cpu6"": 1600000, ""cpu7"": 1600000}"
955838,35225600,5011124224,2015,343,41611264,7816339456,1,92.27041428602357,2563953,409893,10353182,27303,"{""thermal_zone0"": 43000, ""thermal_zone1"": 44000}","{""cpu0"": 1600000, ""cpu1"": 1600000, ""cpu2"": 1600000, ""cpu3"": 1600000, ""cpu4"": 1600000, ""cpu5"": 1600000, ""cpu6"": 1600000, ""cpu7"": 1600000}"
1078010,38944768,5014712320,2999,343,41611264,7812866048,1,98.22197436088885,2563966,409895,10353265,27303,"{""thermal_zone0"": 42000, ""thermal_zone1"": 44000}","{""cpu0"": 1600000, ""cpu1"": 1600000, ""cpu2"": 1600000, ""cpu3"": 1600000, ""cpu4"": 1600000, ""cpu5"": 1600000, ""cpu6"": 1600000, ""cpu7"": 1600000}"
1197371,41652224,5017575424,3849,343,41611264,7810027520,1,100.53558237016405,2563979,409895,10353346,27303,"{""thermal_zone0"": 43000, ""thermal_zone1"": 44000}","{""cpu0"": 1600000, ""cpu1"": 1600000, ""cpu2"": 1600000, ""cpu3"": 1600000, ""cpu4"": 1600000, ""cpu5"": 1600000, ""cpu6"": 1600000, ""cpu7"": 1600000}"
1317213,50040832,5026029568,5902,343,41611264,7801769984,1,108.47555020342755,2563992,409896,10353428,27303,"{""thermal_zone0"": 42000, ""thermal_zone1"": 44000}","{""cpu0"": 1600000, ""cpu1"": 1600000, ""cpu2"": 1600000, ""cpu3"": 1600000, ""cpu4"": 1600000, ""cpu5"": 1600000, ""cpu6"": 1600000, ""cpu7"": 1600000}"
1437276,54366208,5030252544,6943,343,41611264,7797383168,1,99.94787218726073,2564005,409897,10353510,27303,"{""thermal_zone0"": 42000, ""thermal_zone1"": 44000}","{""cpu0"": 1600000, ""cpu1"": 1600000, ""cpu2"": 1600000, ""cpu3"": 1600000, ""cpu4"": 1600000, ""cpu5"": 1600000, ""cpu6"": 1600000, ""cpu7"": 1600000}"
1558753,55414784,5030928384,7105,343,41611264,7796867072,1,98.78435479072756,2564019,409898,10353593,27303,"{""thermal_zone0"": 42000, ""thermal_zone1"": 44000}","{""cpu0"": 1600000, ""cpu1"": 1600000, ""cpu2"": 1600000, ""cpu3"": 1600000, ""cpu4"": 1600000, ""cpu5"": 1600000, ""cpu6"": 1600000, ""cpu7"": 1600000}"
1675736,55414784,5030928384,7105,343,41611264,7796867072,1,94.03030406929904,2564032,409898,10353673,27303,"{""thermal_zone0"": 43000, ""thermal_zone1"": 44000}","{""cpu0"": 1600000, ""cpu1"": 1600000, ""cpu2"": 1600000, ""cpu3"": 1600000, ""cpu4"": 1600000, ""cpu5"": 1600000, ""cpu6"": 1600000, ""cpu7"": 1600000}"
1792854,55414784,5030928384,7105,343,41611264,7796867072,1,102.46064096149476,2564045,409898,10353753,27303,"{""thermal_zone0"": 43000, ""thermal_zone1"": 44000}","{""cpu0"": 1600000, ""cpu1"": 1600000, ""cpu2"": 1600000, ""cpu3"": 1600000, ""cpu4"": 1600000, ""cpu5"": 1600000, ""cpu6"": 1600000, ""cpu7"": 1600000}"
1911084,55414784,5030928384,7105,343,41611264,7796867072,1,101.4978709003075,2564059,409898,10353834,27303,"{""thermal_zone0"": 43000, ""thermal_zone1"": 44000}","{""cpu0"": 1600000, ""cpu1"": 1600000, ""cpu2"": 1600000, ""cpu3"": 1600000, ""cpu4"": 1600000, ""cpu5"": 1600000, ""cpu6"": 1600000, ""cpu7"": 1600000}"
2031607,58691584,5034209280,7917,343,41611264,7793512448,1,91.2683230285312,2564072,409900,10353916,27303,"{""thermal_zone0"": 42000, ""thermal_zone1"": 45000}","{""cpu0"": 1600000, ""cpu1"": 1600000, ""cpu2"": 1600000, ""cpu3"": 1600000, ""cpu4"": 1600000, ""cpu5"": 1600000, ""cpu6"": 1600000, ""cpu7"": 1600000}"
2148594,58691584,5034209280,7927,343,41611264,7793512448,1,102.57566468261396,2564084,409901,10353996,27303,"{""thermal_zone0"": 43000, ""thermal_zone1"": 45000}","{""cpu0"": 1600000, ""cpu1"": 1600000, ""cpu2"": 1600000, ""cpu3"": 1600000, ""cpu4"": 1600000, ""cpu5"": 1600000, ""cpu6"": 1600000, ""cpu7"": 1600000}"
2265602,67473408,10029924352,9044,376,46104576,7788847104,1,76.91769399932934,2564090,409905,10354080,27303,"{""thermal_zone0"": 43000, ""thermal_zone1"": 44000}","{""cpu0"": 1600000, ""cpu1"": 1600000, ""cpu2"": 1600000, ""cpu3"": 1600000, ""cpu4"": 1600000, ""cpu5"": 1600000, ""cpu6"": 1600000, ""cpu7"": 1600000}"
2386312,83988480,10029924352,11215,439,54362112,7780458496,1,41.42170663280073,2564092,409910,10354168,27303,"{""thermal_zone0"": 42000, ""thermal_zone1"": 43000}","{""cpu0"": 1600000, ""cpu1"": 1600000, ""cpu2"": 1600000, ""cpu3"": 1600000, ""cpu4"": 1600000, ""cpu5"": 1600000, ""cpu6"": 1600000, ""cpu7"": 1600000}"
2507673,100372480,10029924352,13323,501,62619648,7771582464,1,49.43920043760943,2564093,409921,10354248,27303,"{""thermal_zone0"": 43000, ""thermal_zone1"": 44000}","{""cpu0"": 1600000, ""cpu1"": 1600000, ""cpu2"": 1600000, ""cpu3"": 1600000, ""cpu4"": 1600000, ""cpu5"": 1600000, ""cpu6"": 1600000, ""cpu7"": 1600000}"
2629111,116756480,10029924352,15465,564,70746112,7763337216,1,41.173408546061374,2564095,409926,10354337,27303,"{""thermal_zone0"": 42000, ""thermal_zone1"": 43000}","{""cpu0"": 1600000, ""cpu1"": 1600000, ""cpu2"": 1600000, ""cpu3"": 1600000, ""cpu4"": 1600000, ""cpu5"": 1600000, ""cpu6"": 1600000, ""cpu7"": 1600000}"
2750516,133271552,10029924352,17607,627,79003648,7755091968,1,41.184247094675825,2564096,409933,10354426,27303,"{""thermal_zone0"": 42000, ""thermal_zone1"": 44000}","{""cpu0"": 1600000, ""cpu1"": 1600000, ""cpu2"": 1600000, ""cpu3"": 1600000, ""cpu4"": 1600000, ""cpu5"": 1600000, ""cpu6"": 1600000, ""cpu7"": 1600000}"
2872317,150048768,10029924352,19783,691,87392256,7746527232,1,41.05068876651843,2564099,409937,10354516,27303,"{""thermal_zone0"": 43000, ""thermal_zone1"": 44000}","{""cpu0"": 1600000, ""cpu1"": 1600000, ""cpu2"": 1600000, ""cpu3"": 1600000, ""cpu4"": 1600000, ""cpu5"": 1600000, ""cpu6"": 1600000, ""cpu7"": 1600000}"
2993943,166563840,10029924352,21925,754,95649792,7738281984,1,41.10976704098096,2564101,409943,10354605,27303,"{""thermal_zone0"": 43000, ""thermal_zone1"": 44000}","{""cpu0"": 1600000, ""cpu1"": 1600000, ""cpu2"": 1600000, ""cpu3"": 1600000, ""cpu4"": 1600000, ""cpu5"": 1600000, ""cpu6"": 1600000, ""cpu7"": 1600000}"
3115405,183078912,10029924352,24067,817,103907328,7730151424,1,49.39798917581382,2564104,409946,10354694,27303,"{""thermal_zone0"": 43000, ""thermal_zone1"": 44000}","{""cpu0"": 1600000, ""cpu1"": 1600000, ""cpu2"": 1600000, ""cpu3"": 1600000, ""cpu4"": 1600000, ""cpu5"": 1600000, ""cpu6"": 1600000, ""cpu7"": 1600000}"
3236585,200118272,10029924352,26260,881,112164864,7721795584,1,41.26092631621303,2564106,409950,10354783,27303,"{""thermal_zone0"": 42000, ""thermal_zone1"": 43000}","{""cpu0"": 1600000, ""cpu1"": 1600000, ""cpu2"": 1600000, ""cpu3"": 1600000, ""cpu4"": 1600000, ""cpu5"": 1600000, ""cpu6"": 1600000, ""cpu7"": 1600000}"
3357880,216371200,10029924352,28379,943,120422400,7713230848,1,32.977457376863065,2564110,409955,10354873,27303,"{""thermal_zone0"": 42000, ""thermal_zone1"": 44000}","{""cpu0"": 1600000, ""cpu1"": 1600000, ""cpu2"": 1600000, ""cpu3"": 1600000, ""cpu4"": 1600000, ""cpu5"": 1600000, ""cpu6"": 1600000, ""cpu7"": 1600000}"
3479348,232886272,10029924352,30521,1006,128679936,7704985600,1,41.163126713235066,2564112,409961,10354962,27303,"{""thermal_zone0"": 43000, ""thermal_zone1"": 43000}","{""cpu0"": 1600000, ""cpu1"": 1600000, ""cpu2"": 1600000, ""cpu3"": 1600000, ""cpu4"": 1600000, ""cpu5"": 1600000, ""cpu6"": 1600000, ""cpu7"": 1600000}"
3600870,249663488,10029924352,32697,1070,136937472,7696596992,1,49.373650803274735,2564114,409965,10355052,27303,"{""thermal_zone0"": 42000, ""thermal_zone1"": 42000}","{""cpu0"": 1600000, ""cpu1"": 1600000, ""cpu2"": 1600000, ""cpu3"": 1600000, ""cpu4"": 1600000, ""cpu5"": 1600000, ""cpu6"": 1600000, ""cpu7"": 1600000}"
3722175,266178560,10029924352,34839,1133,145195008,7688237056,1,41.21835284751674,2564116,409969,10355141,27303,"{""thermal_zone0"": 43000, ""thermal_zone1"": 43000}","{""cpu0"": 1600000, ""cpu1"": 1600000, ""cpu2"": 1600000, ""cpu3"": 1600000, ""cpu4"": 1600000, ""cpu5"": 1600000, ""cpu6"": 1600000, ""cpu7"": 1600000}"
3843756,282693632,10029924352,36981,1196,153452544,7680106496,1,32.9000988006417,2564119,409973,10355231,27303,"{""thermal_zone0"": 42000, ""thermal_zone1"": 44000}","{""cpu0"": 1600000, ""cpu1"": 1600000, ""cpu2"": 1600000, ""cpu3"": 1600000, ""cpu4"": 1600000, ""cpu5"": 1600000, ""cpu6"": 1600000, ""cpu7"": 1600000}"
3965446,299208704,10029924352,39123,1259,161710080,7671861248,1,49.30537113977155,2564121,409976,10355321,27303,"{""thermal_zone0"": 41000, ""thermal_zone1"": 43000}","{""cpu0"": 1600000, ""cpu1"": 1600000, ""cpu2"": 1600000, ""cpu3"": 1600000, ""cpu4"": 1600000, ""cpu5"": 1600000, ""cpu6"": 1600000, ""cpu7"": 1600000}"
4086844,315985920,10029924352,41299,1323,170098688,7663357952,1,32.94952328259033,2564123,409981,10355411,27303,"{""thermal_zone0"": 42000, ""thermal_zone1"": 43000}","{""cpu0"": 1600000, ""cpu1"": 1600000, ""cpu2"": 1600000, ""cpu3"": 1600000, ""cpu4"": 1600000, ""cpu5"": 1600000, ""cpu6"": 1600000, ""cpu7"": 1600000}"
4208394,332500992,10029924352,43441,1386,178356224,7655227392,1,41.13531596287117,2564126,409987,10355500,27303,"{""thermal_zone0"": 42000, ""thermal_zone1"": 44000}","{""cpu0"": 1600000, ""cpu1"": 1600000, ""cpu2"": 1600000, ""cpu3"": 1600000, ""cpu4"": 1600000, ""cpu5"": 1600000, ""cpu6"": 1600000, ""cpu7"": 1600000}"
4329847,349016064,10029924352,45583,1449,186613760,7646662656,1,32.93454593281495,2564129,409990,10355590,27303,"{""thermal_zone0"": 43000, ""thermal_zone1"": 44000}","{""cpu0"": 1600000, ""cpu1"": 1600000, ""cpu2"": 1600000, ""cpu3"": 1600000, ""cpu4"": 1600000, ""cpu5"": 1600000, ""cpu6"": 1600000, ""cpu7"": 1600000}"
4451219,365793280,10029924352,47759,1513,195002368,7638274048,1,49.434889183868705,2564130,409996,10355679,27303,"{""thermal_zone0"": 42000, ""thermal_zone1"": 42000}","{""cpu0"": 1600000, ""cpu1"": 1600000, ""cpu2"": 1600000, ""cpu3"": 1600000, ""cpu4"": 1600000, ""cpu5"": 1600000, ""cpu6"": 1600000, ""cpu7"": 1600000}"
4572588,382308352,10029924352,49901,1576,203259904,7629914112,1,41.19651928631117,2564132,410002,10355769,27303,"{""thermal_zone0"": 42000, ""thermal_zone1"": 43000}","{""cpu0"": 1600000, ""cpu1"": 1600000, ""cpu2"": 1600000, ""cpu3"": 1600000, ""cpu4"": 1600000, ""cpu5"": 1600000, ""cpu6"": 1600000, ""cpu7"": 1600000}"
4694092,398823424,10029924352,52043,1639,211517440,7621783552,1,32.920790019621364,2564134,410008,10355859,27303,"{""thermal_zone0"": 43000, ""thermal_zone1"": 44000}","{""cpu0"": 1600000, ""cpu1"": 1600000, ""cpu2"": 1600000, ""cpu3"": 1600000, ""cpu4"": 1600000, ""cpu5"": 1600000, ""cpu6"": 1600000, ""cpu7"": 1600000}"
4815482,415338496,10029924352,54185,1702,219774976,7613538304,1,41.18967512582869,2564136,410012,10355948,27303,"{""thermal_zone0"": 42000, ""thermal_zone1"": 44000}","{""cpu0"": 1600000, ""cpu1"": 1600000, ""cpu2"": 1600000, ""cpu3"": 1600000, ""cpu4"": 1600000, ""cpu5"": 1600000, ""cpu6"": 1600000, ""cpu7"": 1600000}"
4936528,432115712,10029924352,56361,1766,228163584,7605149696,1,41.30660183755228,2564138,410016,10356038,27303,"{""thermal_zone0"": 42000, ""thermal_zone1"": 44000}","{""cpu0"": 1600000, ""cpu1"": 1600000, ""cpu2"": 1600000, ""cpu3"": 1600000, ""cpu4"": 1600000, ""cpu5"": 1600000, ""cpu6"": 1600000, ""cpu7"": 1600000}"
5057100,448630784,10029924352,58503,1829,236421120,7596904448,1,41.468914201090215,2564140,410020,10356127,27303,"{""thermal_zone0"": 42000, ""thermal_zone1"": 43000}","{""cpu0"": 1600000, ""cpu1"": 1600000, ""cpu2"": 1600000, ""cpu3"": 1600000, ""cpu4"": 1600000, ""cpu5"": 1600000, ""cpu6"": 1600000, ""cpu7"": 1600000}"
5178521,465408000,10029924352,60645,1892,244809728,7588409344,1,32.94330464682525,2564141,410026,10356216,27303,"{""thermal_zone0"": 42000, ""thermal_zone1"": 43000}","{""cpu0"": 1600000, ""cpu1"": 1600000, ""cpu2"": 1600000, ""cpu3"": 1600000, ""cpu4"": 1600000, ""cpu5"": 1600000, ""cpu6"": 1600000, ""cpu7"": 1600000}"
5300413,481660928,10029924352,62753,1955,252936192,7580483584,1,49.2236470991348,2564143,410033,10356305,27304,"{""thermal_zone0"": 43000, ""thermal_zone1"": 46000}","{""cpu0"": 1600000, ""cpu1"": 1600000, ""cpu2"": 1600000, ""cpu3"": 1600000, ""cpu4"": 1600000, ""cpu5"": 1600000, ""cpu6"": 1600000, ""cpu7"": 1600000}"
5421757,498307072,10029924352,64989,2023,260775936,7571902464,1,32.96419750268184,2564145,410039,10356393,27305,"{""thermal_zone0"": 42000, ""thermal_zone1"": 45000}","{""cpu0"": 1600000, ""cpu1"": 1600000, ""cpu2"": 1600000, ""cpu3"": 1600000, ""cpu4"": 1600000, ""cpu5"": 1600000, ""cpu6"": 1600000, ""cpu7"": 1600000}"
5543741,515739648,10029924352,67299,2094,268951552,7562969088,1,40.98904970159193,2564146,410046,10356482,27305,"{""thermal_zone0"": 42000, ""thermal_zone1"": 42000}","{""cpu0"": 1600000, ""cpu1"": 1600000, ""cpu2"": 1600000, ""cpu3"": 1600000, ""cpu4"": 1600000, ""cpu5"": 1600000, ""cpu6"": 1600000, ""cpu7"": 1600000}"
5665398,532910080,10029924352,69543,2160,277471232,7554293760,1,41.0992919685235,2564149,410050,10356572,27305,"{""thermal_zone0"": 42000, ""thermal_zone1"": 42000}","{""cpu0"": 1600000, ""cpu1"": 1600000, ""cpu2"": 1600000, ""cpu3"": 1600000, ""cpu4"": 1600000, ""cpu5"": 1600000, ""cpu6"": 1600000, ""cpu7"": 1600000}"
5787360,550080512,10029924352,71753,2225,286121984,7545823232,1,49.19548007671609,2564151,410057,10356662,27305,"{""thermal_zone0"": 42000, ""thermal_zone1"": 41000}","{""cpu0"": 1600000, ""cpu1"": 1600000, ""cpu2"": 1600000, ""cpu3"": 1600000, ""cpu4"": 1600000, ""cpu5"": 1600000, ""cpu6"": 1600000, ""cpu7"": 1600000}"
5909099,567250944,10029924352,73997,2291,294641664,7537147904,1,41.07138384762523,2564152,410062,10356751,27305,"{""thermal_zone0"": 42000, ""thermal_zone1"": 45000}","{""cpu0"": 1600000, ""cpu1"": 1600000, ""cpu2"": 1600000, ""cpu3"": 1600000, ""cpu4"": 1600000, ""cpu5"": 1600000, ""cpu6"": 1600000, ""cpu7"": 1600000}"
6030881,584552448,10029924352,76207,2356,303292416,7528419328,1,41.056966943993075,2564154,410068,10356841,27305,"{""thermal_zone0"": 42000, ""thermal_zone1"": 45000}","{""cpu0"": 1600000, ""cpu1"": 1600000, ""cpu2"": 1600000, ""cpu3"": 1600000, ""cpu4"": 1600000, ""cpu5"": 1600000, ""cpu6"": 1600000, ""cpu7"": 1600000}"
6151673,601591808,10029924352,78450,2422,311681024,7519879168,1,41.393559206892455,2564155,410074,10356930,27305,"{""thermal_zone0"": 42000, ""thermal_zone1"": 42000}","{""cpu0"": 1600000, ""cpu1"": 1600000, ""cpu2"": 1600000, ""cpu3"": 1600000, ""cpu4"": 1600000, ""cpu5"": 1600000, ""cpu6"": 1600000, ""cpu7"": 1600000}"
6273526,618893312,10029924352,80694,2488,320331776,7511265280,1,41.033030506285556,2564158,410078,10357019,27305,"{""thermal_zone0"": 42000, ""thermal_zone1"": 44000}","{""cpu0"": 1600000, ""cpu1"": 1600000, ""cpu2"": 1600000, ""cpu3"": 1600000, ""cpu4"": 1600000, ""cpu5"": 1600000, ""cpu6"": 1600000, ""cpu7"": 1600000}"
6395373,635932672,10029924352,82904,2553,328982528,7502733312,1,41.03519149297804,2564160,410082,10357109,27305,"{""thermal_zone0"": 42000, ""thermal_zone1"": 45000}","{""cpu0"": 1600000, ""cpu1"": 1600000, ""cpu2"": 1600000, ""cpu3"": 1600000, ""cpu4"": 1600000, ""cpu5"": 1600000, ""cpu6"": 1600000, ""cpu7"": 1600000}"
6517115,653234176,10029924352,85124,2619,337502208,7493943296,1,41.07024558700827,2564162,410086,10357198,27305,"{""thermal_zone0"": 41000, ""thermal_zone1"": 45000}","{""cpu0"": 1600000, ""cpu1"": 1600000, ""cpu2"": 1600000, ""cpu3"": 1600000, ""cpu4"": 1600000, ""cpu5"": 1600000, ""cpu6"": 1600000, ""cpu7"": 1600000}"
6638932,670666752,10029924352,87445,2690,345473024,7485169664,1,41.04525484797614,2564165,410089,10357287,27306,"{""thermal_zone0"": 42000, ""thermal_zone1"": 43000}","{""cpu0"": 1600000, ""cpu1"": 1600000, ""cpu2"": 1600000, ""cpu3"": 1600000, ""cpu4"": 1600000, ""cpu5"": 1600000, ""cpu6"": 1600000, ""cpu7"": 1600000}"
6760233,687181824,10029924352,89621,2754,353730560,7476781056,1,41.21966957785255,2564167,410094,10357377,27306,"{""thermal_zone0"": 42000, ""thermal_zone1"": 43000}","{""cpu0"": 1600000, ""cpu1"": 1600000, ""cpu2"": 1600000, ""cpu3"": 1600000, ""cpu4"": 1600000, ""cpu5"": 1600000, ""cpu6"": 1600000, ""cpu7"": 1600000}"
6882001,703696896,10029924352,91763,2817,361988096,7468535808,1,32.84942840352107,2564170,410097,10357467,27306,"{""thermal_zone0"": 42000, ""thermal_zone1"": 42000}","{""cpu0"": 1600000, ""cpu1"": 1600000, ""cpu2"": 1600000, ""cpu3"": 1600000, ""cpu4"": 1600000, ""cpu5"": 1600000, ""cpu6"": 1600000, ""cpu7"": 1600000}"
7003400,720211968,10029924352,93905,2880,370245632,7460290560,1,49.423878207702366,2564172,410101,10357557,27306,"{""thermal_zone0"": 42000, ""thermal_zone1"": 45000}","{""cpu0"": 1600000, ""cpu1"": 1600000, ""cpu2"": 1600000, ""cpu3"": 1600000, ""cpu4"": 1600000, ""cpu5"": 1600000, ""cpu6"": 1600000, ""cpu7"": 1600000}"
7124259,736727040,10029924352,96013,2942,378503168,7452127232,1,33.096535619306636,2564173,410106,10357646,27306,"{""thermal_zone0"": 41000, ""thermal_zone1"": 41000}","{""cpu0"": 1600000, ""cpu1"": 1600000, ""cpu2"": 1600000, ""cpu3"": 1600000, ""cpu4"": 1600000, ""cpu5"": 1600000, ""cpu6"": 1600000, ""cpu7"": 1600000}"
7245308,753373184,10029924352,98222,3007,386760704,7443730432,1,41.30553546798524,2564175,410112,10357736,27306,"{""thermal_zone0"": 42000, ""thermal_zone1"": 44000}","{""cpu0"": 1600000, ""cpu1"": 1600000, ""cpu2"": 1600000, ""cpu3"": 1600000, ""cpu4"": 1600000, ""cpu5"": 1600000, ""cpu6"": 1600000, ""cpu7"": 1600000}"
7366648,770150400,10029924352,100364,3070,395149312,7435485184,1,24.723827226697725,2564177,410118,10357826,27306,"{""thermal_zone0"": 43000, ""thermal_zone1"": 42000}","{""cpu0"": 1600000, ""cpu1"": 1600000, ""cpu2"": 1600000, ""cpu3"": 1600000, ""cpu4"": 1600000, ""cpu5"": 1600000, ""cpu6"": 1600000, ""cpu7"": 1600000}"
7487950,786665472,10029924352,102540,3134,403406848,7427096576,1,41.219442924340086,2564179,410122,10357915,27306,"{""thermal_zone0"": 42000, ""thermal_zone1"": 44000}","{""cpu0"": 1600000, ""cpu1"": 1600000, ""cpu2"": 1600000, ""cpu3"": 1600000, ""cpu4"": 1600000, ""cpu5"": 1600000, ""cpu6"": 1600000, ""cpu7"": 1600000}"
7609171,803442688,10029924352,104716,3198,411795456,7419142144,1,49.49656956600138,2564181,410135,10357995,27306,"{""thermal_zone0"": 42000, ""thermal_zone1"": 43000}","{""cpu0"": 1600000, ""cpu1"": 1600000, ""cpu2"": 1600000, ""cpu3"": 1600000, ""cpu4"": 1600000, ""cpu5"": 1600000, ""cpu6"": 1600000, ""cpu7"": 1600000}"
7726027,819564544,10029924352,106848,3261,419344384,7410892800,1,34.23002243042025,2564183,410141,10358081,27307,"{""thermal_zone0"": 41000, ""thermal_zone1"": 43000}","{""cpu0"": 1600000, ""cpu1"": 1600000, ""cpu2"": 1600000, ""cpu3"": 1600000, ""cpu4"": 1600000, ""cpu5"": 1600000, ""cpu6"": 1600000, ""cpu7"": 1600000}"
7842994,836210688,10029924352,109004,3329,427319296,7402573824,1,42.747030902375805,2564184,410145,10358168,27307,"{""thermal_zone0"": 42000, ""thermal_zone1"": 42000}","{""cpu0"": 1600000, ""cpu1"": 1600000, ""cpu2"": 1600000, ""cpu3"": 1600000, ""cpu4"": 1600000, ""cpu5"": 1600000, ""cpu6"": 1600000, ""cpu7"": 1600000}"
7960179,852201472,10029924352,111017,3390,435314688,7394512896,1,25.60056056352773,2564186,410149,10358255,27307,"{""thermal_zone0"": 42000, ""thermal_zone1"": 42000}","{""cpu0"": 1600000, ""cpu1"": 1600000, ""cpu2"": 1600000, ""cpu3"": 1600000, ""cpu4"": 1600000, ""cpu5"": 1600000, ""cpu6"": 1600000, ""cpu7"": 1600000}"
8077229,868192256,10029924352,113013,3451,443179008,7386451968,1,42.71688696277876,2564187,410154,10358342,27307,"{""thermal_zone0"": 41000, ""thermal_zone1"": 42000}","{""cpu0"": 1600000, ""cpu1"": 1600000, ""cpu2"": 1600000, ""cpu3"": 1600000, ""cpu4"": 1600000, ""cpu5"": 1600000, ""cpu6"": 1600000, ""cpu7"": 1600000}"
8194375,884445184,10029924352,115044,3513,451305472,7378366464,1,34.14531081635608,2564189,410158,10358429,27307,"{""thermal_zone0"": 41000, ""thermal_zone1"": 43000}","{""cpu0"": 1600000, ""cpu1"": 1600000, ""cpu2"": 1600000, ""cpu3"": 1600000, ""cpu4"": 1600000, ""cpu5"": 1600000, ""cpu6"": 1600000, ""cpu7"": 1600000}"
8311235,900304896,10029924352,117089,3574,459300864,7370387456,1,34.228972917309264,2564190,410163,10358516,27307,"{""thermal_zone0"": 42000, ""thermal_zone1"": 42000}","{""cpu0"": 1600000, ""cpu1"": 1600000, ""cpu2"": 1600000, ""cpu3"": 1600000, ""cpu4"": 1600000, ""cpu5"": 1600000, ""cpu6"": 1600000, ""cpu7"": 1600000}"
8428240,916295680,10029924352,119097,3635,467165184,7362367488,1,34.18655481600826,2564191,410168,10358603,27307,"{""thermal_zone0"": 42000, ""thermal_zone1"": 42000}","{""cpu0"": 1600000, ""cpu1"": 1600000, ""cpu2"": 1600000, ""cpu3"": 1600000, ""cpu4"": 1600000, ""cpu5"": 1600000, ""cpu6"": 1600000, ""cpu7"": 1600000}"
8545138,932286464,10029924352,121115,3696,475291648,7354347520,1,42.772384123110015,2564192,410172,10358690,27307,"{""thermal_zone0"": 42000, ""thermal_zone1"": 42000}","{""cpu0"": 1600000, ""cpu1"": 1600000, ""cpu2"": 1600000, ""cpu3"": 1600000, ""cpu4"": 1600000, ""cpu5"": 1600000, ""cpu6"": 1600000, ""cpu7"": 1600000}"
8662243,948277248,10029924352,123128,3757,483287040,7346388992,1,34.15750817767038,2564193,410177,10358777,27307,"{""thermal_zone0"": 41000, ""thermal_zone1"": 42000}","{""cpu0"": 1600000, ""cpu1"": 1600000, ""cpu2"": 1600000, ""cpu3"": 1600000, ""cpu4"": 1600000, ""cpu5"": 1600000, ""cpu6"": 1600000, ""cpu7"": 1600000}"
8779210,964268032,10029924352,125141,3818,491282432,7338369024,1,34.197722373553795,2564194,410181,10358865,27307,"{""thermal_zone0"": 42000, ""thermal_zone1"": 42000}","{""cpu0"": 1600000, ""cpu1"": 1600000, ""cpu2"": 1600000, ""cpu3"": 1600000, ""cpu4"": 1600000, ""cpu5"": 1600000, ""cpu6"": 1600000, ""cpu7"": 1600000}"
8896432,981176320,10029924352,127332,3885,498888704,7329837056,1,42.65398194115713,2564196,410185,10358951,27308,"{""thermal_zone0"": 42000, ""thermal_zone1"": 42000}","{""cpu0"": 1600000, ""cpu1"": 1600000, ""cpu2"": 1600000, ""cpu3"": 1600000, ""cpu4"": 1600000, ""cpu5"": 1600000, ""cpu6"": 1600000, ""cpu7"": 1600000}"
9013351,997167104,10029924352,129430,3949,506806272,7321923584,1,34.211785647117594,2564198,410189,10359038,27308,"{""thermal_zone0"": 42000, ""thermal_zone1"": 41000}","{""cpu0"": 1600000, ""cpu1"": 1600000, ""cpu2"": 1600000, ""cpu3"": 1600000, ""cpu4"": 1600000, ""cpu5"": 1600000, ""cpu6"": 1600000, ""cpu7"": 1600000}"
9130388,1013420032,10029924352,131538,4011,514932736,7313502208,1,42.721662091390264,2564201,410192,10359125,27308,"{""thermal_zone0"": 42000, ""thermal_zone1"": 42000}","{""cpu0"": 1600000, ""cpu1"": 1600000, ""cpu2"": 1600000, ""cpu3"": 1600000, ""cpu4"": 1600000, ""cpu5"": 1600000, ""cpu6"": 1600000, ""cpu7"": 1600000}"
9247446,1029672960,10029924352,133624,4073,522928128,7305658368,1,34.17086989723197,2564202,410197,10359212,27308,"{""thermal_zone0"": 41000, ""thermal_zone1"": 42000}","{""cpu0"": 1600000, ""cpu1"": 1600000, ""cpu2"": 1600000, ""cpu3"": 1600000, ""cpu4"": 1600000, ""cpu5"": 1600000, ""cpu6"": 1600000, ""cpu7"": 1600000}"
9364623,1045925888,10029924352,135720,4134,531054592,7297495040,1,34.13635058619197,2564204,410202,10359299,27308,"{""thermal_zone0"": 41000, ""thermal_zone1"": 42000}","{""cpu0"": 1600000, ""cpu1"": 1600000, ""cpu2"": 1600000, ""cpu3"": 1600000, ""cpu4"": 1600000, ""cpu5"": 1600000, ""cpu6"": 1600000, ""cpu7"": 1600000}"
9482085,1062047744,10029924352,137827,4196,539049984,7289270272,1,42.56699877467489,2564205,410206,10359386,27308,"{""thermal_zone0"": 42000, ""thermal_zone1"": 42000}","{""cpu0"": 1600000, ""cpu1"": 1600000, ""cpu2"": 1600000, ""cpu3"": 1600000, ""cpu4"": 1600000, ""cpu5"": 1600000, ""cpu6"": 1600000, ""cpu7"": 1600000}"
9599201,1078038528,10029924352,139935,4258,547176448,7280992256,1,34.15437315582395,2564207,410210,10359473,27308,"{""thermal_zone0"": 42000, ""thermal_zone1"": 42000}","{""cpu0"": 1600000, ""cpu1"": 1600000, ""cpu2"": 1600000, ""cpu3"": 1600000, ""cpu4"": 1600000, ""cpu5"": 1600000, ""cpu6"": 1600000, ""cpu7"": 1600000}"
9716073,1094291456,10029924352,142009,4319,555171840,7273086976,1,34.22523877772603,2564208,410214,10359560,27308,"{""thermal_zone0"": 42000, ""thermal_zone1"": 41000}","{""cpu0"": 1600000, ""cpu1"": 1600000, ""cpu2"": 1600000, ""cpu3"": 1600000, ""cpu4"": 1600000, ""cpu5"": 1600000, ""cpu6"": 1600000, ""cpu7"": 1600000}"
9832712,1110282240,10029924352,144083,4380,563167232,7265128448,1,42.86729824257452,2564210,410218,10359647,27308,"{""thermal_zone0"": 41000, ""thermal_zone1"": 42000}","{""cpu0"": 1600000, ""cpu1"": 1600000, ""cpu2"": 1600000, ""cpu3"": 1600000, ""cpu4"": 1600000, ""cpu5"": 1600000, ""cpu6"": 1600000, ""cpu7"": 1600000}"
9949562,1126535168,10029924352,146225,4443,571293696,7256965120,1,42.79018282293888,2564212,410222,10359734,27308,"{""thermal_zone0"": 42000, ""thermal_zone1"": 42000}","{""cpu0"": 1600000, ""cpu1"": 1600000, ""cpu2"": 1600000, ""cpu3"": 1600000, ""cpu4"": 1600000, ""cpu5"": 1600000, ""cpu6"": 1600000, ""cpu7"": 1600000}"
10066562,1143181312,10029924352,148439,4512,578822144,7248363520,1,34.18786967717411,2564214,410227,10359820,27309,"{""thermal_zone0"": 42000, ""thermal_zone1"": 42000}","{""cpu0"": 1600000, ""cpu1"": 1600000, ""cpu2"": 1600000, ""cpu3"": 1600000, ""cpu4"": 1600000, ""cpu5"": 1600000, ""cpu6"": 1600000, ""cpu7"": 1600000}"
10183558,1159172096,10029924352,150513,4573,586817536,7240343552,1,34.18925798814064,2564216,410230,10359907,27309,"{""thermal_zone0"": 42000, ""thermal_zone1"": 42000}","{""cpu0"": 1600000, ""cpu1"": 1600000, ""cpu2"": 1600000, ""cpu3"": 1600000, ""cpu4"": 1600000, ""cpu5"": 1600000, ""cpu6"": 1600000, ""cpu7"": 1600000}"
10300789,1175162880,10029924352,152569,4634,594681856,7232385024,1,42.650873969294715,2564218,410234,10359994,27309,"{""thermal_zone0"": 42000, ""thermal_zone1"": 42000}","{""cpu0"": 1600000, ""cpu1"": 1600000, ""cpu2"": 1600000, ""cpu3"": 1600000, ""cpu4"": 1600000, ""cpu5"": 1600000, ""cpu6"": 1600000, ""cpu7"": 1600000}"
10417619,1190891520,10029924352,154627,4694,602677248,7224107008,1,34.237835607289114,2564220,410238,10360081,27309,"{""thermal_zone0"": 42000, ""thermal_zone1"": 42000}","{""cpu0"": 1600000, ""cpu1"": 1600000, ""cpu2"": 1600000, ""cpu3"": 1600000, ""cpu4"": 1600000, ""cpu5"": 1600000, ""cpu6"": 1600000, ""cpu7"": 1600000}"
10534427,1207144448,10029924352,156701,4755,610672640,7216087040,1,34.24428349688275,2564222,410242,10360168,27309,"{""thermal_zone0"": 41000, ""thermal_zone1"": 42000}","{""cpu0"": 1600000, ""cpu1"": 1600000, ""cpu2"": 1600000, ""cpu3"": 1600000, ""cpu4"": 1600000, ""cpu5"": 1600000, ""cpu6"": 1600000, ""cpu7"": 1600000}"
10651354,1223004160,10029924352,158774,4816,618536960,7208202240,1,34.20937206456862,2564224,410246,10360255,27309,"{""thermal_zone0"": 41000, ""thermal_zone1"": 41000}","{""cpu0"": 1600000, ""cpu1"": 1600000, ""cpu2"": 1600000, ""cpu3"": 1600000, ""cpu4"": 1600000, ""cpu5"": 1600000, ""cpu6"": 1600000, ""cpu7"": 1600000}"
10768332,1238732800,10029924352,160848,4877,626532352,7200325632,1,42.742813524670794,2564226,410250,10360342,27309,"{""thermal_zone0"": 42000, ""thermal_zone1"": 42000}","{""cpu0"": 1600000, ""cpu1"": 1600000, ""cpu2"": 1600000, ""cpu3"": 1600000, ""cpu4"": 1600000, ""cpu5"": 1600000, ""cpu6"": 1600000, ""cpu7"": 1600000}"
10885349,1254985728,10029924352,162941,4939,634527744,7192223744,1,34.183049013971576,2564228,410253,10360429,27309,"{""thermal_zone0"": 41000, ""thermal_zone1"": 42000}","{""cpu0"": 1600000, ""cpu1"": 1600000, ""cpu2"": 1600000, ""cpu3"": 1600000, ""cpu4"": 1600000, ""cpu5"": 1600000, ""cpu6"": 1600000, ""cpu7"": 1600000}"
11002406,1270976512,10029924352,164996,4999,642523136,7184203776,1,34.17161195387229,2564229,410257,10360517,27309,"{""thermal_zone0"": 42000, ""thermal_zone1"": 42000}","{""cpu0"": 1600000, ""cpu1"": 1600000, ""cpu2"": 1600000, ""cpu3"": 1600000, ""cpu4"": 1600000, ""cpu5"": 1600000, ""cpu6"": 1600000, ""cpu7"": 1600000}"
11119318,1286967296,10029924352,167109,5061,650387456,7176232960,1,34.213651440231786,2564230,410262,10360603,27310,"{""thermal_zone0"": 42000, ""thermal_zone1"": 42000}","{""cpu0"": 1600000, ""cpu1"": 1600000, ""cpu2"": 1600000, ""cpu3"": 1600000, ""cpu4"": 1600000, ""cpu5"": 1600000, ""cpu6"": 1600000, ""cpu7"": 1600000}"
11236212,1303744512,10029924352,169353,5131,658178048,7167500288,1,42.77377127743825,2564232,410266,10360689,27310,"{""thermal_zone0"": 42000, ""thermal_zone1"": 41000}","{""cpu0"": 1600000, ""cpu1"": 1600000, ""cpu2"": 1600000, ""cpu3"": 1600000, ""cpu4"": 1600000, ""cpu5"": 1600000, ""cpu6"": 1600000, ""cpu7"": 1600000}"
11353267,1319997440,10029924352,171427,5192,666173440,7159336960,1,34.17209859938734,2564233,410270,10360776,27310,"{""thermal_zone0"": 42000, ""thermal_zone1"": 42000}","{""cpu0"": 1600000, ""cpu1"": 1600000, ""cpu2"": 1600000, ""cpu3"": 1600000, ""cpu4"": 1600000, ""cpu5"": 1600000, ""cpu6"": 1600000, ""cpu7"": 1600000}"
11470534,1335988224,10029924352,173535,5254,674299904,7151058944,1,42.637705227107226,2564235,410275,10360863,27310,"{""thermal_zone0"": 41000, ""thermal_zone1"": 41000}","{""cpu0"": 1600000, ""cpu1"": 1600000, ""cpu2"": 1600000, ""cpu3"": 1600000, ""cpu4"": 1600000, ""cpu5"": 1600000, ""cpu6"": 1600000, ""cpu7"": 1600000}"
11587513,1352241152,10029924352,175609,5315,682295296,7142957056,1,34.194019018132074,2564236,410279,10360950,27310,"{""thermal_zone0"": 42000, ""thermal_zone1"": 41000}","{""cpu0"": 1600000, ""cpu1"": 1600000, ""cpu2"": 1600000, ""cpu3"": 1600000, ""cpu4"": 1600000, ""cpu5"": 1600000, ""cpu6"": 1600000, ""cpu7"": 1600000}"
11704595,1368231936,10029924352,177717,5377,690421760,7134937088,1,34.164279209895014,2564238,410283,10361037,27310,"{""thermal_zone0"": 42000, ""thermal_zone1"": 42000}","{""cpu0"": 1600000, ""cpu1"": 1600000, ""cpu2"": 1600000, ""cpu3"": 1600000, ""cpu4"": 1600000, ""cpu5"": 1600000, ""cpu6"": 1600000, ""cpu7"": 1600000}"
11821468,1384615936,10029924352,179824,5439,698417152,7126827008,1,42.781350072797174,2564240,410289,10361123,27310,"{""thermal_zone0"": 41000, ""thermal_zone1"": 42000}","{""cpu0"": 1600000, ""cpu1"": 1600000, ""cpu2"": 1600000, ""cpu3"": 1600000, ""cpu4"": 1600000, ""cpu5"": 1600000, ""cpu6"": 1600000, ""cpu7"": 1600000}"
11938424,1400606720,10029924352,181932,5501,706543616,7118807040,1,34.20079225280234,2564242,410293,10361211,27310,"{""thermal_zone0"": 42000, ""thermal_zone1"": 41000}","{""cpu0"": 1600000, ""cpu1"": 1600000, ""cpu2"": 1600000, ""cpu3"": 1600000, ""cpu4"": 1600000, ""cpu5"": 1600000, ""cpu6"": 1600000, ""cpu7"": 1600000}"
12055603,1416859648,10029924352,184006,5562,714539008,7110705152,1,42.66986142177378,2564244,410297,10361298,27310,"{""thermal_zone0"": 41000, ""thermal_zone1"": 41000}","{""cpu0"": 1600000, ""cpu1"": 1600000, ""cpu2"": 1600000, ""cpu3"": 1600000, ""cpu4"": 1600000, ""cpu5"": 1600000, ""cpu6"": 1600000, ""cpu7"": 1600000}"
12172306,1432850432,10029924352,186080,5623,722534400,7102685184,1,34.27503242289536,2564245,410301,10361385,27310,"{""thermal_zone0"": 42000, ""thermal_zone1"": 41000}","{""cpu0"": 1600000, ""cpu1"": 1600000, ""cpu2"": 1600000, ""cpu3"": 1600000, ""cpu4"": 1600000, ""cpu5"": 1600000, ""cpu6"": 1600000, ""cpu7"": 1600000}"
12289313,1449365504,10029924352,188279,5688,730476544,7094222848,1,34.18590969444967,2564249,410306,10361471,27311,"{""thermal_zone0"": 41000, ""thermal_zone1"": 42000}","{""cpu0"": 1600000, ""cpu1"": 1600000, ""cpu2"": 1600000, ""cpu3"": 1600000, ""cpu4"": 1600000, ""cpu5"": 1600000, ""cpu6"": 1600000, ""cpu7"": 1600000}"
12406118,1465749504,10029924352,190400,5755,738054144,7085924352,1,42.80651498035395,2564252,410311,10361557,27311,"{""thermal_zone0"": 41000, ""thermal_zone1"": 41000}","{""cpu0"": 1600000, ""cpu1"": 1600000, ""cpu2"": 1600000, ""cpu3"": 1600000, ""cpu4"": 1600000, ""cpu5"": 1600000, ""cpu6"": 1600000, ""cpu7"": 1600000}"
12522957,1481478144,10029924352,192474,5815,746049536,7077707776,1,34.23516166784806,2564254,410316,10361644,27311,"{""thermal_zone0"": 41000, ""thermal_zone1"": 42000}","{""cpu0"": 1600000, ""cpu1"": 1600000, ""cpu2"": 1600000, ""cpu3"": 1600000, ""cpu4"": 1600000, ""cpu5"": 1600000, ""cpu6"": 1600000, ""cpu7"": 1600000}"
12639889,1497468928,10029924352,194548,5876,754044928,7069315072,1,42.7597951744237,2564255,410324,10361726,27311,"{""thermal_zone0"": 42000, ""thermal_zone1"": 42000}","{""cpu0"": 1600000, ""cpu1"": 1600000, ""cpu2"": 1600000, ""cpu3"": 1600000, ""cpu4"": 1600000, ""cpu5"": 1600000, ""cpu6"": 1600000, ""cpu7"": 1600000}"
12761039,1514246144,10029924352,196709,5940,762302464,7060353024,1,33.0170053838602,2564257,410329,10361811,27311,"{""thermal_zone0"": 41000, ""thermal_zone1"": 42000}","{""cpu0"": 1600000, ""cpu1"": 1600000, ""cpu2"": 1600000, ""cpu3"": 1600000, ""cpu4"": 1600000, ""cpu5"": 1600000, ""cpu6"": 1600000, ""cpu7"": 1600000}"
12877928,1530236928,10029924352,198797,6001,770297856,7052267520,1,34.22061513848493,2564259,410333,10361899,27311,"{""thermal_zone0"": 42000, ""thermal_zone1"": 41000}","{""cpu0"": 1600000, ""cpu1"": 1600000, ""cpu2"": 1600000, ""cpu3"": 1600000, ""cpu4"": 1600000, ""cpu5"": 1600000, ""cpu6"": 1600000, ""cpu7"": 1600000}"
12994951,1546227712,10029924352,200871,6062,778293248,7044247552,1,42.72651423065519,2564261,410337,10361986,27311,"{""thermal_zone0"": 41000, ""thermal_zone1"": 42000}","{""cpu0"": 1600000, ""cpu1"": 1600000, ""cpu2"": 1600000, ""cpu3"": 1600000, ""cpu4"": 1600000, ""cpu5"": 1600000, ""cpu6"": 1600000, ""cpu7"": 1600000}"
13111993,1562218496,10029924352,202945,6123,786288640,7036485632,1,34.17582115163956,2564263,410340,10362073,27311,"{""thermal_zone0"": 41000, ""thermal_zone1"": 42000}","{""cpu0"": 1600000, ""cpu1"": 1600000, ""cpu2"": 1600000, ""cpu3"": 1600000, ""cpu4"": 1600000, ""cpu5"": 1600000, ""cpu6"": 1600000, ""cpu7"": 1600000}"
13229019,1578209280,10029924352,205019,6184,794284032,7028527104,1,34.18040815919156,2564266,410342,10362160,27311,"{""thermal_zone0"": 42000, ""thermal_zone1"": 41000}","{""cpu0"": 1600000, ""cpu1"": 1600000, ""cpu2"": 1600000, ""cpu3"": 1600000, ""cpu4"": 1600000, ""cpu5"": 1600000, ""cpu6"": 1600000, ""cpu7"": 1600000}"
13345926,1594200064,10029924352,207093,6245,802279424,7020507136,1,34.215151011177895,2564268,410346,10362247,27311,"{""thermal_zone0"": 42000, ""thermal_zone1"": 42000}","{""cpu0"": 1600000, ""cpu1"": 1600000, ""cpu2"": 1600000, ""cpu3"": 1600000, ""cpu4"": 1600000, ""cpu5"": 1600000, ""cpu6"": 1600000, ""cpu7"": 1600000}"
13463059,1610846208,10029924352,209305,6312,809889792,7011713024,1,34.14922199193505,2564270,410351,10362334,27312,"{""thermal_zone0"": 41000, ""thermal_zone1"": 42000}","{""cpu0"": 1600000, ""cpu1"": 1600000, ""cpu2"": 1600000, ""cpu3"": 1600000, ""cpu4"": 1600000, ""cpu5"": 1600000, ""cpu6"": 1600000, ""cpu7"": 1600000}"
13579861,1627492352,10029924352,211466,6378,817934336,7003258880,1,42.80766025957281,2564272,410354,10362420,27312,"{""thermal_zone0"": 41000, ""thermal_zone1"": 41000}","{""cpu0"": 1600000, ""cpu1"": 1600000, ""cpu2"": 1600000, ""cpu3"": 1600000, ""cpu4"": 1600000, ""cpu5"": 1600000, ""cpu6"": 1600000, ""cpu7"": 1600000}"
13696863,1644269568,10029924352,213638,6442,826322944,6994870272,1,34.18729755404159,2564274,410356,10362507,27312,"{""thermal_zone0"": 41000, ""thermal_zone1"": 42000}","{""cpu0"": 1600000, ""cpu1"": 1600000, ""cpu2"": 1600000, ""cpu3"": 1600000, ""cpu4"": 1600000, ""cpu5"": 1600000, ""cpu6"": 1600000, ""cpu7"": 1600000}"
13813919,1660784640,10029924352,215803,6505,834711552,6986625024,1,34.17164844450699,2564276,410362,10362595,27312,"{""thermal_zone0"": 40000, ""thermal_zone1"": 41000}","{""cpu0"": 1600000, ""cpu1"": 1600000, ""cpu2"": 1600000, ""cpu3"": 1600000, ""cpu4"": 1600000, ""cpu5"": 1600000, ""cpu6"": 1600000, ""cpu7"": 1600000}"
13931028,1677299712,10029924352,217945,6568,842969088,6978236416,1,34.156293066015486,2564278,410365,10362682,27312,"{""thermal_zone0"": 41000, ""thermal_zone1"": 41000}","{""cpu0"": 1600000, ""cpu1"": 1600000, ""cpu2"": 1600000, ""cpu3"": 1600000, ""cpu4"": 1600000, ""cpu5"": 1600000, ""cpu6"": 1600000, ""cpu7"": 1600000}"
14048196,1693945856,10029924352,220120,6632,851226624,6969610240,1,42.67383714583244,2564279,410370,10362769,27313,"{""thermal_zone0"": 42000, ""thermal_zone1"": 42000}","{""cpu0"": 1600000, ""cpu1"": 1600000, ""cpu2"": 1600000, ""cpu3"": 1600000, ""cpu4"": 1600000, ""cpu5"": 1600000, ""cpu6"": 1600000, ""cpu7"": 1600000}"
14165172,1710723072,10029924352,222276,6696,859484160,6961479680,1,34.19510322189426,2564281,410373,10362856,27313,"{""thermal_zone0"": 41000, ""thermal_zone1"": 41000}","{""cpu0"": 1600000, ""cpu1"": 1600000, ""cpu2"": 1600000, ""cpu3"": 1600000, ""cpu4"": 1600000, ""cpu5"": 1600000, ""cpu6"": 1600000, ""cpu7"": 1600000}"
14282216,1727238144,10029924352,224438,6759,867872768,6953172992,1,34.17504212223457,2564283,410378,10362943,27313,"{""thermal_zone0"": 41000, ""thermal_zone1"": 41000}","{""cpu0"": 1600000, ""cpu1"": 1600000, ""cpu2"": 1600000, ""cpu3"": 1600000, ""cpu4"": 1600000, ""cpu5"": 1600000, ""cpu6"": 1600000, ""cpu7"": 1600000}"
14399266,1743753216,10029924352,226580,6822,876130304,6944669696,1,42.71670449031505,2564284,410382,10363030,27313,"{""thermal_zone0"": 42000, ""thermal_zone1"": 41000}","{""cpu0"": 1600000, ""cpu1"": 1600000, ""cpu2"": 1600000, ""cpu3"": 1600000, ""cpu4"": 1600000, ""cpu5"": 1600000, ""cpu6"": 1600000, ""cpu7"": 1600000}"
14516191,1760661504,10029924352,228774,6887,884334592,6936141824,1,34.209957215145955,2564286,410385,10363117,27313,"{""thermal_zone0"": 41000, ""thermal_zone1"": 41000}","{""cpu0"": 1600000, ""cpu1"": 1600000, ""cpu2"": 1600000, ""cpu3"": 1600000, ""cpu4"": 1600000, ""cpu5"": 1600000, ""cpu6"": 1600000, ""cpu7"": 1600000}"
14633275,1777569792,10029924352,231003,6956,892047360,6927454208,1,42.704619161359346,2564288,410387,10363204,27313,"{""thermal_zone0"": 41000, ""thermal_zone1"": 42000}","{""cpu0"": 1600000, ""cpu1"": 1600000, ""cpu2"": 1600000, ""cpu3"": 1600000, ""cpu4"": 1600000, ""cpu5"": 1600000, ""cpu6"": 1600000, ""cpu7"": 1600000}"
14750095,1793429504,10029924352,233077,7017,900042752,6919319552,1,25.68045567605995,2564290,410390,10363291,27313,"{""thermal_zone0"": 41000, ""thermal_zone1"": 41000}","{""cpu0"": 1600000, ""cpu1"": 1600000, ""cpu2"": 1600000, ""cpu3"": 1600000, ""cpu4"": 1600000, ""cpu5"": 1600000, ""cpu6"": 1600000, ""cpu7"": 1600000}"
14866953,1809420288,10029924352,235151,7078,908038144,6911414272,1,34.22960736269955,2564292,410395,10363378,27313,"{""thermal_zone0"": 41000, ""thermal_zone1"": 41000}","{""cpu0"": 1600000, ""cpu1"": 1600000, ""cpu2"": 1600000, ""cpu3"": 1600000, ""cpu4"": 1600000, ""cpu5"": 1600000, ""cpu6"": 1600000, ""cpu7"": 1600000}"
14984010,1825542144,10029924352,237225,7139,916033536,6903455744,1,34.17124705181159,2564294,410398,10363466,27313,"{""thermal_zone0"": 41000, ""thermal_zone1"": 41000}","{""cpu0"": 1600000, ""cpu1"": 1600000, ""cpu2"": 1600000, ""cpu3"": 1600000, ""cpu4"": 1600000, ""cpu5"": 1600000, ""cpu6"": 1600000, ""cpu7"": 1600000}"
15100903,1841664000,10029924352,239333,7201,924028928,6895435776,1,34.21935864743468,2564297,410401,10363553,27313,"{""thermal_zone0"": 42000, ""thermal_zone1"": 41000}","{""cpu0"": 1600000, ""cpu1"": 1600000, ""cpu2"": 1600000, ""cpu3"": 1600000, ""cpu4"": 1600000, ""cpu5"": 1600000, ""cpu6"": 1600000, ""cpu7"": 1600000}"
15218011,1857654784,10029924352,241406,7262,932024320,6887292928,1,34.156487606403864,2564299,410404,10363640,27314,"{""thermal_zone0"": 41000, ""thermal_zone1"": 42000}","{""cpu0"": 1600000, ""cpu1"": 1600000, ""cpu2"": 1600000, ""cpu3"": 1600000, ""cpu4"": 1600000, ""cpu5"": 1600000, ""cpu6"": 1600000, ""cpu7"": 1600000}"
15334915,1873645568,10029924352,243480,7323,940019712,6879531008,1,42.77017349755096,2564301,410408,10363727,27314,"{""thermal_zone0"": 42000, ""thermal_zone1"": 41000}","{""cpu0"": 1600000, ""cpu1"": 1600000, ""cpu2"": 1600000, ""cpu3"": 1600000, ""cpu4"": 1600000, ""cpu5"": 1600000, ""cpu6"": 1600000, ""cpu7"": 1600000}"
15451980,1889898496,10029924352,245567,7385,948015104,6871429120,1,25.626756794261862,2564303,410412,10363815,27314,"{""thermal_zone0"": 42000, ""thermal_zone1"": 42000}","{""cpu0"": 1600000, ""cpu1"": 1600000, ""cpu2"": 1600000, ""cpu3"": 1600000, ""cpu4"": 1600000, ""cpu5"": 1600000, ""cpu6"": 1600000, ""cpu7"": 1600000}"
15569341,1905889280,10029924352,247662,7446,956141568,6863151104,1,34.08286843874747,2564305,410415,10363902,27314,"{""thermal_zone0"": 41000, ""thermal_zone1"": 41000}","{""cpu0"": 1600000, ""cpu1"": 1600000, ""cpu2"": 1600000, ""cpu3"": 1600000, ""cpu4"": 1600000, ""cpu5"": 1600000, ""cpu6"": 1600000, ""cpu7"": 1600000}"
15686377,1922011136,10029924352,249770,7509,963821568,6854836224,1,42.72214904440251,2564308,410417,10363989,27314,"{""thermal_zone0"": 41000, ""thermal_zone1"": 41000}","{""cpu0"": 1600000, ""cpu1"": 1600000, ""cpu2"": 1600000, ""cpu3"": 1600000, ""cpu4"": 1600000, ""cpu5"": 1600000, ""cpu6"": 1600000, ""cpu7"": 1600000}"
15803415,1938919424,10029924352,251997,7578,971796480,6846160896,1,34.176903617645756,2564310,410420,10364076,27314,"{""thermal_zone0"": 42000, ""thermal_zone1"": 42000}","{""cpu0"": 1600000, ""cpu1"": 1600000, ""cpu2"": 1600000, ""cpu3"": 1600000, ""cpu4"": 1600000, ""cpu5"": 1600000, ""cpu6"": 1600000, ""cpu7"": 1600000}"
15920327,1955696640,10029924352,254155,7642,980054016,6837915648,1,34.213712310185215,2564312,410424,10364163,27314,"{""thermal_zone0"": 41000, ""thermal_zone1"": 41000}","{""cpu0"": 1600000, ""cpu1"": 1600000, ""cpu2"": 1600000, ""cpu3"": 1600000, ""cpu4"": 1600000, ""cpu5"": 1600000, ""cpu6"": 1600000, ""cpu7"": 1600000}"
16037280,1972473856,10029924352,256315,7705,988442624,6829527040,1,42.75231540127366,2564314,410427,10364250,27314,"{""thermal_zone0"": 42000, ""thermal_zone1"": 41000}","{""cpu0"": 1600000, ""cpu1"": 1600000, ""cpu2"": 1600000, ""cpu3"": 1600000, ""cpu4"": 1600000, ""cpu5"": 1600000, ""cpu6"": 1600000, ""cpu7"": 1600000}"
16154443,1988988928,10029924352,258491,7769,996831232,6821023744,1,25.605258159254205,2564316,410430,10364337,27314,"{""thermal_zone0"": 41000, ""thermal_zone1"": 41000}","{""cpu0"": 1600000, ""cpu1"": 1600000, ""cpu2"": 1600000, ""cpu3"": 1600000, ""cpu4"": 1600000, ""cpu5"": 1600000, ""cpu6"": 1600000, ""cpu7"": 1600000}"
16271500,2005635072,10029924352,260666,7833,1005088768,6813028352,1,34.171478252852644,2564319,410432,10364425,27315,"{""thermal_zone0"": 41000, ""thermal_zone1"": 41000}","{""cpu0"": 1600000, ""cpu1"": 1600000, ""cpu2"": 1600000, ""cpu3"": 1600000, ""cpu4"": 1600000, ""cpu5"": 1600000, ""cpu6"": 1600000, ""cpu7"": 1600000}"
16388492,2022412288,10029924352,262842,7897,1013477376,6804381696,1,42.73795731761913,2564320,410437,10364512,27315,"{""thermal_zone0"": 42000, ""thermal_zone1"": 41000}","{""cpu0"": 1600000, ""cpu1"": 1600000, ""cpu2"": 1600000, ""cpu3"": 1600000, ""cpu4"": 1600000, ""cpu5"": 1600000, ""cpu6"": 1600000, ""cpu7"": 1600000}"
16505619,2039189504,10029924352,264984,7960,1021734912,6795993088,1,34.15088619671381,2564321,410441,10364599,27315,"{""thermal_zone0"": 41000, ""thermal_zone1"": 41000}","{""cpu0"": 1600000, ""cpu1"": 1600000, ""cpu2"": 1600000, ""cpu3"": 1600000, ""cpu4"": 1600000, ""cpu5"": 1600000, ""cpu6"": 1600000, ""cpu7"": 1600000}"
16622839,2055704576,10029924352,267160,8024,1030123520,6787604480,1,34.12397386438017,2564323,410446,10364686,27315,"{""thermal_zone0"": 41000, ""thermal_zone1"": 41000}","{""cpu0"": 1600000, ""cpu1"": 1600000, ""cpu2"": 1600000, ""cpu3"": 1600000, ""cpu4"": 1600000, ""cpu5"": 1600000, ""cpu6"": 1600000, ""cpu7"": 1600000}"
16739873,2072481792,10029924352,269340,8088,1038381056,6778953728,1,34.17801097510617,2564324,410450,10364773,27315,"{""thermal_zone0"": 41000, ""thermal_zone1"": 42000}","{""cpu0"": 1600000, ""cpu1"": 1600000, ""cpu2"": 1600000, ""cpu3"": 1600000, ""cpu4"": 1600000, ""cpu5"": 1600000, ""cpu6"": 1600000, ""cpu7"": 1600000}"
16857114,2089390080,10029924352,271585,8158,1046040576,6770356224,1,42.647190979648286,2564326,410455,10364860,27315,"{""thermal_zone0"": 42000, ""thermal_zone1"": 41000}","{""cpu0"": 1600000, ""cpu1"": 1600000, ""cpu2"": 1600000, ""cpu3"": 1600000, ""cpu4"": 1600000, ""cpu5"": 1600000, ""cpu6"": 1600000, ""cpu7"": 1600000}"
16974045,2105643008,10029924352,273693,8220,1054167040,6762512384,1,34.20831153016711,2564328,410458,10364947,27315,"{""thermal_zone0"": 41000, ""thermal_zone1"": 41000}","{""cpu0"": 1600000, ""cpu1"": 1600000, ""cpu2"": 1600000, ""cpu3"": 1600000, ""cpu4"": 1600000, ""cpu5"": 1600000, ""cpu6"": 1600000, ""cpu7"": 1600000}"
17091277,2121633792,10029924352,275767,8281,1062162432,6754492416,1,34.120274821753554,2564329,410462,10365035,27315,"{""thermal_zone0"": 41000, ""thermal_zone1"": 41000}","{""cpu0"": 1600000, ""cpu1"": 1600000, ""cpu2"": 1600000, ""cpu3"": 1600000, ""cpu4"": 1600000, ""cpu5"": 1600000, ""cpu6"": 1600000, ""cpu7"": 1600000}"
17208336,2137624576,10029924352,277841,8342,1070157824,6746472448,1,34.1706997133326,2564330,410468,10365122,27315,"{""thermal_zone0"": 41000, ""thermal_zone1"": 41000}","{""cpu0"": 1600000, ""cpu1"": 1600000, ""cpu2"": 1600000, ""cpu3"": 1600000, ""cpu4"": 1600000, ""cpu5"": 1600000, ""cpu6"": 1600000, ""cpu7"": 1600000}"
17325539,2153877504,10029924352,279949,8404,1078284288,6738370560,1,34.12893570620447,2564332,410472,10365208,27315,"{""thermal_zone0"": 41000, ""thermal_zone1"": 41000}","{""cpu0"": 1600000, ""cpu1"": 1600000, ""cpu2"": 1600000, ""cpu3"": 1600000, ""cpu4"": 1600000, ""cpu5"": 1600000, ""cpu6"": 1600000, ""cpu7"": 1600000}"
17442520,2169737216,10029924352,282022,8465,1086148608,6730084352,1,42.74199104845933,2564335,410476,10365295,27316,"{""thermal_zone0"": 41000, ""thermal_zone1"": 41000}","{""cpu0"": 1600000, ""cpu1"": 1600000, ""cpu2"": 1600000, ""cpu3"": 1600000, ""cpu4"": 1600000, ""cpu5"": 1600000, ""cpu6"": 1600000, ""cpu7"": 1600000}"
17559412,2185728000,10029924352,284096,8526,1094144000,6721691648,1,25.664720319865225,2564337,410479,10365383,27316,"{""thermal_zone0"": 40000, ""thermal_zone1"": 41000}","{""cpu0"": 1600000, ""cpu1"": 1600000, ""cpu2"": 1600000, ""cpu3"": 1600000, ""cpu4"": 1600000, ""cpu5"": 1600000, ""cpu6"": 1600000, ""cpu7"": 1600000}"
17676401,2201718784,10029924352,286170,8587,1102139392,6713847808,1,34.191133015166606,2564339,410484,10365469,27316,"{""thermal_zone0"": 41000, ""thermal_zone1"": 41000}","{""cpu0"": 1600000, ""cpu1"": 1600000, ""cpu2"": 1600000, ""cpu3"": 1600000, ""cpu4"": 1600000, ""cpu5"": 1600000, ""cpu6"": 1600000, ""cpu7"": 1600000}"
17796871,2218233856,10029924352,288312,8650,1110396928,6704910336,1,41.504311484478734,2564340,410495,10365550,27316,"{""thermal_zone0"": 42000, ""thermal_zone1"": 41000}","{""cpu0"": 1600000, ""cpu1"": 1600000, ""cpu2"": 1600000, ""cpu3"": 1600000, ""cpu4"": 1600000, ""cpu5"": 1600000, ""cpu6"": 1600000, ""cpu7"": 1600000}"
17913914,2234486784,10029924352,290443,8713,1118208000,6696718336,1,42.719198293931925,2564342,410498,10365636,27316,"{""thermal_zone0"": 41000, ""thermal_zone1"": 41000}","{""cpu0"": 1600000, ""cpu1"": 1600000, ""cpu2"": 1600000, ""cpu3"": 1600000, ""cpu4"": 1600000, ""cpu5"": 1600000, ""cpu6"": 1600000, ""cpu7"": 1600000}"
18030834,2251132928,10029924352,292634,8781,1125916672,6688210944,1,34.2113470279987,2564343,410501,10365723,27316,"{""thermal_zone0"": 41000, ""thermal_zone1"": 41000}","{""cpu0"": 1600000, ""cpu1"": 1600000, ""cpu2"": 1600000, ""cpu3"": 1600000, ""cpu4"": 1600000, ""cpu5"": 1600000, ""cpu6"": 1600000, ""cpu7"": 1600000}"
18147900,2267123712,10029924352,294679,8842,1133780992,6680190976,1,34.1687536656666,2564344,410506,10365810,27316,"{""thermal_zone0"": 41000, ""thermal_zone1"": 41000}","{""cpu0"": 1600000, ""cpu1"": 1600000, ""cpu2"": 1600000, ""cpu3"": 1600000, ""cpu4"": 1600000, ""cpu5"": 1600000, ""cpu6"": 1600000, ""cpu7"": 1600000}"
18264730,2283114496,10029924352,296782,8903,1141907456,6672285696,1,34.23792088718944,2564346,410510,10365897,27316,"{""thermal_zone0"": 41000, ""thermal_zone1"": 41000}","{""cpu0"": 1600000, ""cpu1"": 1600000, ""cpu2"": 1600000, ""cpu3"": 1600000, ""cpu4"": 1600000, ""cpu5"": 1600000, ""cpu6"": 1600000, ""cpu7"": 1600000}"
18381583,2299105280,10029924352,298856,8964,1149902848,6664151040,1,34.231133232790796,2564347,410513,10365985,27316,"{""thermal_zone0"": 41000, ""thermal_zone1"": 42000}","{""cpu0"": 1600000, ""cpu1"": 1600000, ""cpu2"": 1600000, ""cpu3"": 1600000, ""cpu4"": 1600000, ""cpu5"": 1600000, ""cpu6"": 1600000, ""cpu7"": 1600000}"
18498664,2315096064,10029924352,300929,9025,1157767168,6656184320,1,34.164364123758666,2564348,410518,10366072,27317,"{""thermal_zone0"": 41000, ""thermal_zone1"": 40000}","{""cpu0"": 1600000, ""cpu1"": 1600000, ""cpu2"": 1600000, ""cpu3"": 1600000, ""cpu4"": 1600000, ""cpu5"": 1600000, ""cpu6"": 1600000, ""cpu7"": 1600000}"
18615600,2331086848,10029924352,303003,9086,1165762560,6647791616,1,34.20661715207524,2564350,410521,10366159,27317,"{""thermal_zone0"": 42000, ""thermal_zone1"": 41000}","{""cpu0"": 1600000, ""cpu1"": 1600000, ""cpu2"": 1600000, ""cpu3"": 1600000, ""cpu4"": 1600000, ""cpu5"": 1600000, ""cpu6"": 1600000, ""cpu7"": 1600000}"
18732407,2347077632,10029924352,305077,9147,1173757952,6639886336,1,34.24451568730563,2564352,410525,10366246,27317,"{""thermal_zone0"": 41000, ""thermal_zone1"": 41000}","{""cpu0"": 1600000, ""cpu1"": 1600000, ""cpu2"": 1600000, ""cpu3"": 1600000, ""cpu4"": 1600000, ""cpu5"": 1600000, ""cpu6"": 1600000, ""cpu7"": 1600000}"
18849401,2363068416,10029924352,307151,9208,1181753344,6632009728,1,34.18998856960302,2564354,410529,10366334,27317,"{""thermal_zone0"": 41000, ""thermal_zone1"": 41000}","{""cpu0"": 1600000, ""cpu1"": 1600000, ""cpu2"": 1600000, ""cpu3"": 1600000, ""cpu4"": 1600000, ""cpu5"": 1600000, ""cpu6"": 1600000, ""cpu7"": 1600000}"
18966391,2379059200,10029924352,309225,9269,1189617664,6624051200,1,34.190743146914286,2564356,410534,10366421,27317,"{""thermal_zone0"": 41000, ""thermal_zone1"": 41000}","{""cpu0"": 1600000, ""cpu1"": 1600000, ""cpu2"": 1600000, ""cpu3"": 1600000, ""cpu4"": 1600000, ""cpu5"": 1600000, ""cpu6"": 1600000, ""cpu7"": 1600000}"
19083134,2395705344,10029924352,311405,9334,1197293568,6615470080,1,42.82932508812862,2564358,410536,10366507,27317,"{""thermal_zone0"": 42000, ""thermal_zone1"": 41000}","{""cpu0"": 1600000, ""cpu1"": 1600000, ""cpu2"": 1600000, ""cpu3"": 1600000, ""cpu4"": 1600000, ""cpu5"": 1600000, ""cpu6"": 1600000, ""cpu7"": 1600000}"
19199959,2411958272,10029924352,313582,9401,1205403648,6607142912,1,34.23901959991277,2564359,410540,10366594,27317,"{""thermal_zone0"": 41000, ""thermal_zone1"": 41000}","{""cpu0"": 1600000, ""cpu1"": 1600000, ""cpu2"": 1600000, ""cpu3"": 1600000, ""cpu4"": 1600000, ""cpu5"": 1600000, ""cpu6"": 1600000, ""cpu7"": 1600000}"
19316717,2427949056,10029924352,315656,9462,1213399040,6599184384,1,34.259119518531236,2564361,410544,10366681,27317,"{""thermal_zone0"": 41000, ""thermal_zone1"": 41000}","{""cpu0"": 1600000, ""cpu1"": 1600000, ""cpu2"": 1600000, ""cpu3"": 1600000, ""cpu4"": 1600000, ""cpu5"": 1600000, ""cpu6"": 1600000, ""cpu7"": 1600000}"
19433627,2444201984,10029924352,317730,9523,1221394432,6591021056,1,34.214248736014454,2564363,410547,10366768,27317,"{""thermal_zone0"": 41000, ""thermal_zone1"": 41000}","{""cpu0"": 1600000, ""cpu1"": 1600000, ""cpu2"": 1600000, ""cpu3"": 1600000, ""cpu4"": 1600000, ""cpu5"": 1600000, ""cpu6"": 1600000, ""cpu7"": 1600000}"
19550432,2460192768,10029924352,319804,9584,1229389824,6582743040,1,34.245175336367886,2564365,410550,10366855,27317,"{""thermal_zone0"": 41000, ""thermal_zone1"": 41000}","{""cpu0"": 1600000, ""cpu1"": 1600000, ""cpu2"": 1600000, ""cpu3"": 1600000, ""cpu4"": 1600000, ""cpu5"": 1600000, ""cpu6"": 1600000, ""cpu7"": 1600000}"
19667226,2476183552,10029924352,321911,9646,1237385216,6574776320,1,34.24822969616392,2564366,410557,10366942,27318,"{""thermal_zone0"": 41000, ""thermal_zone1"": 41000}","{""cpu0"": 1600000, ""cpu1"": 1600000, ""cpu2"": 1600000, ""cpu3"": 1600000, ""cpu4"": 1600000, ""cpu5"": 1600000, ""cpu6"": 1600000, ""cpu7"": 1600000}"
19784059,2492174336,10029924352,323985,9707,1245380608,6566899712,1,34.23685858197659,2564368,410560,10367030,27318,"{""thermal_zone0"": 41000, ""thermal_zone1"": 41000}","{""cpu0"": 1600000, ""cpu1"": 1600000, ""cpu2"": 1600000, ""cpu3"": 1600000, ""cpu4"": 1600000, ""cpu5"": 1600000, ""cpu6"": 1600000, ""cpu7"": 1600000}"
19901028,2508165120,10029924352,326059,9768,1253376000,6558879744,1,34.197076538092816,2564371,410563,10367117,27318,"{""thermal_zone0"": 41000, ""thermal_zone1"": 41000}","{""cpu0"": 1600000, ""cpu1"": 1600000, ""cpu2"": 1600000, ""cpu3"": 1600000, ""cpu4"": 1600000, ""cpu5"": 1600000, ""cpu6"": 1600000, ""cpu7"": 1600000}"
20017983,2524155904,10029924352,328133,9829,1261371392,6550777856,1,42.751599296715675,2564373,410568,10367204,27318,"{""thermal_zone0"": 41000, ""thermal_zone1"": 41000}","{""cpu0"": 1600000, ""cpu1"": 1600000, ""cpu2"": 1600000, ""cpu3"": 1600000, ""cpu4"": 1600000, ""cpu5"": 1600000, ""cpu6"": 1600000, ""cpu7"": 1600000}"
20134968,2540408832,10029924352,330241,9891,1269497856,6542643200,1,34.192387434215554,2564374,410571,10367291,27318,"{""thermal_zone0"": 41000, ""thermal_zone1"": 41000}","{""cpu0"": 1600000, ""cpu1"": 1600000, ""cpu2"": 1600000, ""cpu3"": 1600000, ""cpu4"": 1600000, ""cpu5"": 1600000, ""cpu6"": 1600000, ""cpu7"": 1600000}"
20252004,2557186048,10029924352,332487,9961,1277026304,6534012928,1,34.17763367120317,2564376,410574,10367378,27318,"{""thermal_zone0"": 41000, ""thermal_zone1"": 41000}","{""cpu0"": 1600000, ""cpu1"": 1600000, ""cpu2"": 1600000, ""cpu3"": 1600000, ""cpu4"": 1600000, ""cpu5"": 1600000, ""cpu6"": 1600000, ""cpu7"": 1600000}"
20368803,2573176832,10029924352,334561,10022,1285021696,6525992960,1,25.685164388605198,2564378,410577,10367465,27318,"{""thermal_zone0"": 41000, ""thermal_zone1"": 41000}","{""cpu0"": 1600000, ""cpu1"": 1600000, ""cpu2"": 1600000, ""cpu3"": 1600000, ""cpu4"": 1600000, ""cpu5"": 1600000, ""cpu6"": 1600000, ""cpu7"": 1600000}"
20485760,2589167616,10029924352,336635,10083,1293017088,6518034432,1,42.7505180571904,2564380,410581,10367552,27318,"{""thermal_zone0"": 41000, ""thermal_zone1"": 41000}","{""cpu0"": 1600000, ""cpu1"": 1600000, ""cpu2"": 1600000, ""cpu3"": 1600000, ""cpu4"": 1600000, ""cpu5"": 1600000, ""cpu6"": 1600000, ""cpu7"": 1600000}"
20602699,2605158400,10029924352,338709,10144,1301012480,6509756416,1,25.65440540014972,2564381,410585,10367640,27318,"{""thermal_zone0"": 40000, ""thermal_zone1"": 41000}","{""cpu0"": 1600000, ""cpu1"": 1600000, ""cpu2"": 1600000, ""cpu3"": 1600000, ""cpu4"": 1600000, ""cpu5"": 1600000, ""cpu6"": 1600000, ""cpu7"": 1600000}"
20719642,2621149184,10029924352,340783,10205,1309007872,6501736448,1,42.755955879000375,2564383,410587,10367727,27318,"{""thermal_zone0"": 42000, ""thermal_zone1"": 41000}","{""cpu0"": 1600000, ""cpu1"": 1600000, ""cpu2"": 1600000, ""cpu3"": 1600000, ""cpu4"": 1600000, ""cpu5"": 1600000, ""cpu6"": 1600000, ""cpu7"": 1600000}"
20836590,2637139968,10029924352,342855,10266,1316872192,6493851648,1,25.652540781554244,2564384,410592,10367814,27319,"{""thermal_zone0"": 41000, ""thermal_zone1"": 42000}","{""cpu0"": 1600000, ""cpu1"": 1600000, ""cpu2"": 1600000, ""cpu3"": 1600000, ""cpu4"": 1600000, ""cpu5"": 1600000, ""cpu6"": 1600000, ""cpu7"": 1600000}"
20953650,2653130752,10029924352,344895,10326,1324736512,6485893120,1,42.71297910838997,2564386,410596,10367902,27319,"{""thermal_zone0"": 41000, ""thermal_zone1"": 41000}","{""cpu0"": 1600000, ""cpu1"": 1600000, ""cpu2"": 1600000, ""cpu3"": 1600000, ""cpu4"": 1600000, ""cpu5"": 1600000, ""cpu6"": 1600000, ""cpu7"": 1600000}"
21070692,2669121536,10029924352,347003,10388,1332862976,6477729792,1,34.17578465209256,2564389,410599,10367989,27319,"{""thermal_zone0"": 42000, ""thermal_zone1"": 42000}","{""cpu0"": 1600000, ""cpu1"": 1600000, ""cpu2"": 1600000, ""cpu3"": 1600000, ""cpu4"": 1600000, ""cpu5"": 1600000, ""cpu6"": 1600000, ""cpu7"": 1600000}"
21187789,2685243392,10029924352,349077,10449,1340858368,6469709824,1,25.61977195994697,2564391,410603,10368076,27319,"{""thermal_zone0"": 41000, ""thermal_zone1"": 41000}","{""cpu0"": 1600000, ""cpu1"": 1600000, ""cpu2"": 1600000, ""cpu3"": 1600000, ""cpu4"": 1600000, ""cpu5"": 1600000, ""cpu6"": 1600000, ""cpu7"": 1600000}"
21304579,2701365248,10029924352,351191,10511,1348722688,6461603840,1,34.249659277967694,2564392,410608,10368163,27319,"{""thermal_zone0"": 41000, ""thermal_zone1"": 41000}","{""cpu0"": 1600000, ""cpu1"": 1600000, ""cpu2"": 1600000, ""cpu3"": 1600000, ""cpu4"": 1600000, ""cpu5"": 1600000, ""cpu6"": 1600000, ""cpu7"": 1600000}"
21421487,2718142464,10029924352,353434,10581,1356513280,6453006336,1,42.76861865949669,2564394,410612,10368250,27319,"{""thermal_zone0"": 41000, ""thermal_zone1"": 42000}","{""cpu0"": 1600000, ""cpu1"": 1600000, ""cpu2"": 1600000, ""cpu3"": 1600000, ""cpu4"": 1600000, ""cpu5"": 1600000, ""cpu6"": 1600000, ""cpu7"": 1600000}"
21538303,2734395392,10029924352,355542,10643,1364639744,6444843008,1,34.241804356814185,2564396,410616,10368337,27319,"{""thermal_zone0"": 41000, ""thermal_zone1"": 41000}","{""cpu0"": 1600000, ""cpu1"": 1600000, ""cpu2"": 1600000, ""cpu3"": 1600000, ""cpu4"": 1600000, ""cpu5"": 1600000, ""cpu6"": 1600000, ""cpu7"": 1600000}"
21655337,2750386176,10029924352,357616,10704,1372635136,6436483072,1,34.17796220547963,2564400,410618,10368425,27319,"{""thermal_zone0"": 41000, ""thermal_zone1"": 42000}","{""cpu0"": 1600000, ""cpu1"": 1600000, ""cpu2"": 1600000, ""cpu3"": 1600000, ""cpu4"": 1600000, ""cpu5"": 1600000, ""cpu6"": 1600000, ""cpu7"": 1600000}"
21772154,2766639104,10029924352,359690,10765,1380630528,6428463104,1,34.24184099751482,2564402,410621,10368512,27319,"{""thermal_zone0"": 41000, ""thermal_zone1"": 41000}","{""cpu0"": 1600000, ""cpu1"": 1600000, ""cpu2"": 1600000, ""cpu3"": 1600000, ""cpu4"": 1600000, ""cpu5"": 1600000, ""cpu6"": 1600000, ""cpu7"": 1600000}"
21889148,2782629888,10029924352,361798,10827,1388756992,6420504576,1,34.18975682578195,2564404,410624,10368600,27319,"{""thermal_zone0"": 40000, ""thermal_zone1"": 41000}","{""cpu0"": 1600000, ""cpu1"": 1600000, ""cpu2"": 1600000, ""cpu3"": 1600000, ""cpu4"": 1600000, ""cpu5"": 1600000, ""cpu6"": 1600000, ""cpu7"": 1600000}"
22006024,2799013888,10029924352,363906,10889,1396752384,6412333056,1,25.668105492320038,2564406,410628,10368687,27320,"{""thermal_zone0"": 41000, ""thermal_zone1"": 41000}","{""cpu0"": 1600000, ""cpu1"": 1600000, ""cpu2"": 1600000, ""cpu3"": 1600000, ""cpu4"": 1600000, ""cpu5"": 1600000, ""cpu6"": 1600000, ""cpu7"": 1600000}"
22122770,2815004672,10029924352,366014,10951,1404878848,6404313088,1,34.26249390834272,2564409,410630,10368774,27320,"{""thermal_zone0"": 41000, ""thermal_zone1"": 42000}","{""cpu0"": 1600000, ""cpu1"": 1600000, ""cpu2"": 1600000, ""cpu3"": 1600000, ""cpu4"": 1600000, ""cpu5"": 1600000, ""cpu6"": 1600000, ""cpu7"": 1600000}"
22239694,2831388672,10029924352,368096,11013,1412861952,6396223488,1,34.210286371142764,2564410,410634,10368861,27320,"{""thermal_zone0"": 41000, ""thermal_zone1"": 41000}","{""cpu0"": 1600000, ""cpu1"": 1600000, ""cpu2"": 1600000, ""cpu3"": 1600000, ""cpu4"": 1600000, ""cpu5"": 1600000, ""cpu6"": 1600000, ""cpu7"": 1600000}"
22356672,2847510528,10029924352,370213,11076,1420988416,6387929088,1,34.194469762599766,2564413,410636,10368949,27320,"{""thermal_zone0"": 40000, ""thermal_zone1"": 41000}","{""cpu0"": 1600000, ""cpu1"": 1600000, ""cpu2"": 1600000, ""cpu3"": 1600000, ""cpu4"": 1600000, ""cpu5"": 1600000, ""cpu6"": 1600000, ""cpu7"": 1600000}"
22473720,2863894528,10029924352,372362,11140,1428799488,6379855872,1,34.17383802521761,2564415,410640,10369036,27320,"{""thermal_zone0"": 41000, ""thermal_zone1"": 41000}","{""cpu0"": 1600000, ""cpu1"": 1600000, ""cpu2"": 1600000, ""cpu3"": 1600000, ""cpu4"": 1600000, ""cpu5"": 1600000, ""cpu6"": 1600000, ""cpu7"": 1600000}"
22590686,2880540672,10029924352,374520,11208,1436512256,6371344384,1,42.747594451793134,2564418,410644,10369123,27321,"{""thermal_zone0"": 41000, ""thermal_zone1"": 41000}","{""cpu0"": 1600000, ""cpu1"": 1600000, ""cpu2"": 1600000, ""cpu3"": 1600000, ""cpu4"": 1600000, ""cpu5"": 1600000, ""cpu6"": 1600000, ""cpu7"": 1600000}"
22707714,2896269312,10029924352,376594,11268,1444507648,6363066368,1,25.63495935795091,2564420,410646,10369210,27321,"{""thermal_zone0"": 41000, ""thermal_zone1"": 42000}","{""cpu0"": 1600000, ""cpu1"": 1600000, ""cpu2"": 1600000, ""cpu3"": 1600000, ""cpu4"": 1600000, ""cpu5"": 1600000, ""cpu6"": 1600000, ""cpu7"": 1600000}"
22824372,2912260096,10029924352,378634,11328,1452371968,6354415616,1,34.288094173347865,2564420,410659,10369289,27321,"{""thermal_zone0"": 41000, ""thermal_zone1"": 41000}","{""cpu0"": 1600000, ""cpu1"": 1600000, ""cpu2"": 1600000, ""cpu3"": 1600000, ""cpu4"": 1600000, ""cpu5"": 1600000, ""cpu6"": 1600000, ""cpu7"": 1600000}"
22945109,2928775168,10029924352,380810,11392,1460760576,6349750272,1,41.41240073799548,2564422,410663,10369378,27321,"{""thermal_zone0"": 41000, ""thermal_zone1"": 42000}","{""cpu0"": 1600000, ""cpu1"": 1600000, ""cpu2"": 1600000, ""cpu3"": 1600000, ""cpu4"": 1600000, ""cpu5"": 1600000, ""cpu6"": 1600000, ""cpu7"": 1600000}"
23066274,2945159168,10029924352,382951,11455,1469018112,6341664768,1,33.012906759039424,2564425,410667,10369468,27321,"{""thermal_zone0"": 41000, ""thermal_zone1"": 42000}","{""cpu0"": 1600000, ""cpu1"": 1600000, ""cpu2"": 1600000, ""cpu3"": 1600000, ""cpu4"": 1600000, ""cpu5"": 1600000, ""cpu6"": 1600000, ""cpu7"": 1600000}"
23187321,2961674240,10029924352,385093,11518,1477144576,6333321216,1,33.044974623524794,2564427,410672,10369557,27321,"{""thermal_zone0"": 41000, ""thermal_zone1"": 42000}","{""cpu0"": 1600000, ""cpu1"": 1600000, ""cpu2"": 1600000, ""cpu3"": 1600000, ""cpu4"": 1600000, ""cpu5"": 1600000, ""cpu6"": 1600000, ""cpu7"": 1600000}"
23308868,2978451456,10029924352,387269,11582,1485533184,6324953088,1,32.9090872068186,2564430,410676,10369647,27321,"{""thermal_zone0"": 41000, ""thermal_zone1"": 41000}","{""cpu0"": 1600000, ""cpu1"": 1600000, ""cpu2"": 1600000, ""cpu3"": 1600000, ""cpu4"": 1600000, ""cpu5"": 1600000, ""cpu6"": 1600000, ""cpu7"": 1600000}"
23430313,2994966528,10029924352,389377,11644,1493790720,6316867584,1,32.93680602767265,2564432,410680,10369738,27321,"{""thermal_zone0"": 41000, ""thermal_zone1"": 41000}","{""cpu0"": 1600000, ""cpu1"": 1600000, ""cpu2"": 1600000, ""cpu3"": 1600000, ""cpu4"": 1600000, ""cpu5"": 1600000, ""cpu6"": 1600000, ""cpu7"": 1600000}"
23551838,3011481600,10029924352,391519,11707,1502048256,6308524032,1,32.91498849254973,2564433,410687,10369828,27321,"{""thermal_zone0"": 42000, ""thermal_zone1"": 41000}","{""cpu0"": 1600000, ""cpu1"": 1600000, ""cpu2"": 1600000, ""cpu3"": 1600000, ""cpu4"": 1600000, ""cpu5"": 1600000, ""cpu6"": 1600000, ""cpu7"": 1600000}"
23673135,3028783104,10029924352,393870,11780,1509937152,6299430912,1,41.22098605248365,2564436,410691,10369917,27322,"{""thermal_zone0"": 41000, ""thermal_zone1"": 41000}","{""cpu0"": 1600000, ""cpu1"": 1600000, ""cpu2"": 1600000, ""cpu3"": 1600000, ""cpu4"": 1600000, ""cpu5"": 1600000, ""cpu6"": 1600000, ""cpu7"": 1600000}"
23794630,3046084608,10029924352,396114,11846,1518456832,6290780160,1,32.92331921084812,2564438,410695,10370007,27322,"{""thermal_zone0"": 40000, ""thermal_zone1"": 41000}","{""cpu0"": 1600000, ""cpu1"": 1600000, ""cpu2"": 1600000, ""cpu3"": 1600000, ""cpu4"": 1600000, ""cpu5"": 1600000, ""cpu6"": 1600000, ""cpu7"": 1600000}"
23916162,3063648256,10029924352,398365,11913,1527238656,6281871360,1,41.14133738655595,2564440,410699,10370098,27322,"{""thermal_zone0"": 42000, ""thermal_zone1"": 41000}","{""cpu0"": 1600000, ""cpu1"": 1600000, ""cpu2"": 1600000, ""cpu3"": 1600000, ""cpu4"": 1600000, ""cpu5"": 1600000, ""cpu6"": 1600000, ""cpu7"": 1600000}"
24038167,3081080832,10029924352,400631,11981,1535823872,6273454080,1,32.78548380083589,2564442,410705,10370188,27322,"{""thermal_zone0"": 41000, ""thermal_zone1"": 42000}","{""cpu0"": 1600000, ""cpu1"": 1600000, ""cpu2"": 1600000, ""cpu3"": 1600000, ""cpu4"": 1600000, ""cpu5"": 1600000, ""cpu6"": 1600000, ""cpu7"": 1600000}"
24159879,3098382336,10029924352,402863,12046,1544474624,6264999936,1,32.864654872155505,2564444,410709,10370278,27322,"{""thermal_zone0"": 41000, ""thermal_zone1"": 41000}","{""cpu0"": 1600000, ""cpu1"": 1600000, ""cpu2"": 1600000, ""cpu3"": 1600000, ""cpu4"": 1600000, ""cpu5"": 1600000, ""cpu6"": 1600000, ""cpu7"": 1600000}"
24281687,3115814912,10029924352,405140,12113,1553125376,6256119808,1,32.838405204493164,2564446,410714,10370369,27322,"{""thermal_zone0"": 41000, ""thermal_zone1"": 42000}","{""cpu0"": 1600000, ""cpu1"": 1600000, ""cpu2"": 1600000, ""cpu3"": 1600000, ""cpu4"": 1600000, ""cpu5"": 1600000, ""cpu6"": 1600000, ""cpu7"": 1600000}"
24403267,3132854272,10029924352,407384,12179,1561645056,6247444480,1,41.125151914254914,2564449,410716,10370459,27322,"{""thermal_zone0"": 41000, ""thermal_zone1"": 41000}","{""cpu0"": 1600000, ""cpu1"": 1600000, ""cpu2"": 1600000, ""cpu3"": 1600000, ""cpu4"": 1600000, ""cpu5"": 1600000, ""cpu6"": 1600000, ""cpu7"": 1600000}"
24524704,3150155776,10029924352,409628,12245,1570295808,6238912512,1,32.93895305250548,2564452,410719,10370549,27322,"{""thermal_zone0"": 41000, ""thermal_zone1"": 41000}","{""cpu0"": 1600000, ""cpu1"": 1600000, ""cpu2"": 1600000, ""cpu3"": 1600000, ""cpu4"": 1600000, ""cpu5"": 1600000, ""cpu6"": 1600000, ""cpu7"": 1600000}"
24646028,3167457280,10029924352,411838,12310,1578938368,6230298624,1,41.21211014229866,2564454,410725,10370639,27322,"{""thermal_zone0"": 41000, ""thermal_zone1"": 41000}","{""cpu0"": 1600000, ""cpu1"": 1600000, ""cpu2"": 1600000, ""cpu3"": 1600000, ""cpu4"": 1600000, ""cpu5"": 1600000, ""cpu6"": 1600000, ""cpu7"": 1600000}"
24768142,3189739520,10029924352,414813,12410,1585528832,6218842112,1,40.94528847970243,2564456,410730,10370726,27324,"{""thermal_zone0"": 42000, ""thermal_zone1"": 42000}","{""cpu0"": 1600000, ""cpu1"": 1600000, ""cpu2"": 1600000, ""cpu3"": 1600000, ""cpu4"": 1600000, ""cpu5"": 1600000, ""cpu6"": 1600000, ""cpu7"": 1600000}"
24889301,3206254592,10029924352,416955,12473,1593786368,6210453504,1,33.014416818072156,2564458,410733,10370816,27324,"{""thermal_zone0"": 41000, ""thermal_zone1"": 41000}","{""cpu0"": 1600000, ""cpu1"": 1600000, ""cpu2"": 1600000, ""cpu3"": 1600000, ""cpu4"": 1600000, ""cpu5"": 1600000, ""cpu6"": 1600000, ""cpu7"": 1600000}"
25010615,3223031808,10029924352,419114,12537,1602174976,6202208256,1,24.729227936935224,2564460,410737,10370907,27324,"{""thermal_zone0"": 40000, ""thermal_zone1"": 42000}","{""cpu0"": 1600000, ""cpu1"": 1600000, ""cpu2"": 1600000, ""cpu3"": 1600000, ""cpu4"": 1600000, ""cpu5"": 1600000, ""cpu6"": 1600000, ""cpu7"": 1600000}"
25131821,3239546880,10029924352,421273,12600,1610432512,6193819648,1,41.25206144801468,2564462,410742,10370997,27324,"{""thermal_zone0"": 41000, ""thermal_zone1"": 41000}","{""cpu0"": 1600000, ""cpu1"": 1600000, ""cpu2"": 1600000, ""cpu3"": 1600000, ""cpu4"": 1600000, ""cpu5"": 1600000, ""cpu6"": 1600000, ""cpu7"": 1600000}"
25253088,3300102144,10029924352,429130,12637,1614483456,6163554304,1,57.72379554703303,2564466,410746,10371082,27325,"{""thermal_zone0"": 41000, ""thermal_zone1"": 42000}","{""cpu0"": 1600000, ""cpu1"": 1600000, ""cpu2"": 1600000, ""cpu3"": 1600000, ""cpu4"": 1600000, ""cpu5"": 1600000, ""cpu6"": 1600000, ""cpu7"": 1600000}"
25376343,3338637312,10029924352,434134,12697,1620598784,6144045056,1,56.79300896233437,2564469,410753,10371171,27326,"{""thermal_zone0"": 42000, ""thermal_zone1"": 42000}","{""cpu0"": 1600000, ""cpu1"": 1600000, ""cpu2"": 1600000, ""cpu3"": 1600000, ""cpu4"": 1600000, ""cpu5"": 1600000, ""cpu6"": 1600000, ""cpu7"": 1600000}"
25498337,3359477760,10029924352,436860,12768,1628229632,6133518336,1,40.98554967556823,2564472,410757,10371260,27327,"{""thermal_zone0"": 41000, ""thermal_zone1"": 41000}","{""cpu0"": 1600000, ""cpu1"": 1600000, ""cpu2"": 1600000, ""cpu3"": 1600000, ""cpu4"": 1600000, ""cpu5"": 1600000, ""cpu6"": 1600000, ""cpu7"": 1600000}"
25619922,3375992832,10029924352,439016,12831,1636487168,6125273088,1,32.89866682594008,2564474,410762,10371350,27327,"{""thermal_zone0"": 41000, ""thermal_zone1"": 42000}","{""cpu0"": 1600000, ""cpu1"": 1600000, ""cpu2"": 1600000, ""cpu3"": 1600000, ""cpu4"": 1600000, ""cpu5"": 1600000, ""cpu6"": 1600000, ""cpu7"": 1600000}"
25741891,3392507904,10029924352,441158,12894,1644744704,6117027840,1,32.795294819697865,2564477,410765,10371441,27327,"{""thermal_zone0"": 41000, ""thermal_zone1"": 42000}","{""cpu0"": 1600000, ""cpu1"": 1600000, ""cpu2"": 1600000, ""cpu3"": 1600000, ""cpu4"": 1600000, ""cpu5"": 1600000, ""cpu6"": 1600000, ""cpu7"": 1600000}"
25863320,3409022976,10029924352,443266,12956,1653002240,6109040640,1,41.17624862403389,2564478,410769,10371531,27327,"{""thermal_zone0"": 40000, ""thermal_zone1"": 41000}","{""cpu0"": 1600000, ""cpu1"": 1600000, ""cpu2"": 1600000, ""cpu3"": 1600000, ""cpu4"": 1600000, ""cpu5"": 1600000, ""cpu6"": 1600000, ""cpu7"": 1600000}"
25985131,3453718528,10029924352,449113,13004,1658241024,6085890048,1,49.25691712629596,2564482,410773,10371618,27328,"{""thermal_zone0"": 41000, ""thermal_zone1"": 42000}","{""cpu0"": 1600000, ""cpu1"": 1600000, ""cpu2"": 1600000, ""cpu3"": 1600000, ""cpu4"": 1600000, ""cpu5"": 1600000, ""cpu6"": 1600000, ""cpu7"": 1600000}"
26106134,3470233600,10029924352,451221,13066,1666498560,6077841408,1,41.32125199096123,2564485,410777,10371708,27328,"{""thermal_zone0"": 41000, ""thermal_zone1"": 42000}","{""cpu0"": 1600000, ""cpu1"": 1600000, ""cpu2"": 1600000, ""cpu3"": 1600000, ""cpu4"": 1600000, ""cpu5"": 1600000, ""cpu6"": 1600000, ""cpu7"": 1600000}"
26227479,3486486528,10029924352,453363,13129,1674690560,6069702656,1,32.96367701114649,2564488,410781,10371798,27328,"{""thermal_zone0"": 40000, ""thermal_zone1"": 41000}","{""cpu0"": 1600000, ""cpu1"": 1600000, ""cpu2"": 1600000, ""cpu3"": 1600000, ""cpu4"": 1600000, ""cpu5"": 1600000, ""cpu6"": 1600000, ""cpu7"": 1600000}"
26348580,3504050176,10029924352,455695,13204,1682432000,6060769280,1,33.030364789578286,2564490,410785,10371887,27328,"{""thermal_zone0"": 42000, ""thermal_zone1"": 41000}","{""cpu0"": 1600000, ""cpu1"": 1600000, ""cpu2"": 1600000, ""cpu3"": 1600000, ""cpu4"": 1600000, ""cpu5"": 1600000, ""cpu6"": 1600000, ""cpu7"": 1600000}"
26469938,3520565248,10029924352,457837,13267,1690820608,6052380672,1,41.20043668837251,2564492,410790,10371978,27328,"{""thermal_zone0"": 41000, ""thermal_zone1"": 41000}","{""cpu0"": 1600000, ""cpu1"": 1600000, ""cpu2"": 1600000, ""cpu3"": 1600000, ""cpu4"": 1600000, ""cpu5"": 1600000, ""cpu6"": 1600000, ""cpu7"": 1600000}"
26591312,3537342464,10029924352,460013,13331,1699078144,6043992064,1,32.956129286796326,2564495,410793,10372068,27328,"{""thermal_zone0"": 41000, ""thermal_zone1"": 42000}","{""cpu0"": 1600000, ""cpu1"": 1600000, ""cpu2"": 1600000, ""cpu3"": 1600000, ""cpu4"": 1600000, ""cpu5"": 1600000, ""cpu6"": 1600000, ""cpu7"": 1600000}"
26712829,3554119680,10029924352,462189,13395,1707466752,6035488768,1,32.917166534413724,2564498,410797,10372158,27328,"{""thermal_zone0"": 40000, ""thermal_zone1"": 42000}","{""cpu0"": 1600000, ""cpu1"": 1600000, ""cpu2"": 1600000, ""cpu3"": 1600000, ""cpu4"": 1600000, ""cpu5"": 1600000, ""cpu6"": 1600000, ""cpu7"": 1600000}"
26834456,3570634752,10029924352,464306,13458,1715703808,6027182080,1,32.887385591876864,2564500,410804,10372249,27328,"{""thermal_zone0"": 41000, ""thermal_zone1"": 41000}","{""cpu0"": 1600000, ""cpu1"": 1600000, ""cpu2"": 1600000, ""cpu3"": 1600000, ""cpu4"": 1600000, ""cpu5"": 1600000, ""cpu6"": 1600000, ""cpu7"": 1600000}"
26955816,3587280896,10029924352,466472,13521,1723961344,6018928640,1,32.95985179404882,2564502,410808,10372339,27329,"{""thermal_zone0"": 41000, ""thermal_zone1"": 41000}","{""cpu0"": 1600000, ""cpu1"": 1600000, ""cpu2"": 1600000, ""cpu3"": 1600000, ""cpu4"": 1600000, ""cpu5"": 1600000, ""cpu6"": 1600000, ""cpu7"": 1600000}"
27077593,3604320256,10029924352,468695,13587,1732481024,6010200064,1,32.84688816423727,2564504,410812,10372430,27329,"{""thermal_zone0"": 41000, ""thermal_zone1"": 41000}","{""cpu0"": 1600000, ""cpu1"": 1600000, ""cpu2"": 1600000, ""cpu3"": 1600000, ""cpu4"": 1600000, ""cpu5"": 1600000, ""cpu6"": 1600000, ""cpu7"": 1600000}"
27199113,3620835328,10029924352,470858,13650,1740738560,6002069504,1,41.145400389429696,2564506,410816,10372520,27329,"{""thermal_zone0"": 41000, ""thermal_zone1"": 41000}","{""cpu0"": 1600000, ""cpu1"": 1600000, ""cpu2"": 1600000, ""cpu3"": 1600000, ""cpu4"": 1600000, ""cpu5"": 1600000, ""cpu6"": 1600000, ""cpu7"": 1600000}"
27320559,3637612544,10029924352,473034,13714,1749127168,5993566208,1,24.70238403037642,2564508,410820,10372610,27329,"{""thermal_zone0"": 41000, ""thermal_zone1"": 41000}","{""cpu0"": 1600000, ""cpu1"": 1600000, ""cpu2"": 1600000, ""cpu3"": 1600000, ""cpu4"": 1600000, ""cpu5"": 1600000, ""cpu6"": 1600000, ""cpu7"": 1600000}"
27441849,3655045120,10029924352,475335,13784,1757040640,5984428032,1,32.978669454309625,2564510,410822,10372700,27329,"{""thermal_zone0"": 41000, ""thermal_zone1"": 41000}","{""cpu0"": 1600000, ""cpu1"": 1600000, ""cpu2"": 1600000, ""cpu3"": 1600000, ""cpu4"": 1600000, ""cpu5"": 1600000, ""cpu6"": 1600000, ""cpu7"": 1600000}"
27563119,3671822336,10029924352,477482,13849,1765212160,5976342528,1,32.98434630542255,2564513,410825,10372791,27329,"{""thermal_zone0"": 41000, ""thermal_zone1"": 42000}","{""cpu0"": 1600000, ""cpu1"": 1600000, ""cpu2"": 1600000, ""cpu3"": 1600000, ""cpu4"": 1600000, ""cpu5"": 1600000, ""cpu6"": 1600000, ""cpu7"": 1600000}"
27684409,3688337408,10029924352,479658,13913,1773469696,5967953920,1,32.97891851490489,2564516,410828,10372881,27329,"{""thermal_zone0"": 41000, ""thermal_zone1"": 42000}","{""cpu0"": 1600000, ""cpu1"": 1600000, ""cpu2"": 1600000, ""cpu3"": 1600000, ""cpu4"": 1600000, ""cpu5"": 1600000, ""cpu6"": 1600000, ""cpu7"": 1600000}"
27805988,3704852480,10029924352,481800,13976,1781727232,5959450624,1,41.12539140063131,2564518,410831,10372972,27329,"{""thermal_zone0"": 41000, ""thermal_zone1"": 41000}","{""cpu0"": 1600000, ""cpu1"": 1600000, ""cpu2"": 1600000, ""cpu3"": 1600000, ""cpu4"": 1600000, ""cpu5"": 1600000, ""cpu6"": 1600000, ""cpu7"": 1600000}"
27927192,3721367552,10029924352,483942,14039,1789984768,5949480960,1,33.002284393374,2564519,410843,10373052,27329,"{""thermal_zone0"": 42000, ""thermal_zone1"": 42000}","{""cpu0"": 1600000, ""cpu1"": 1600000, ""cpu2"": 1600000, ""cpu3"": 1600000, ""cpu4"": 1600000, ""cpu5"": 1600000, ""cpu6"": 1600000, ""cpu7"": 1600000}"
28048730,3737882624,10029924352,486083,14102,1798242304,5941248000,1,24.683584016247192,2564522,410846,10373143,27329,"{""thermal_zone0"": 41000, ""thermal_zone1"": 41000}","{""cpu0"": 1600000, ""cpu1"": 1600000, ""cpu2"": 1600000, ""cpu3"": 1600000, ""cpu4"": 1600000, ""cpu5"": 1600000, ""cpu6"": 1600000, ""cpu7"": 1600000}"
28170222,3754659840,10029924352,488240,14166,1806499840,5932752896,1,32.92390617750181,2564525,410849,10373233,27329,"{""thermal_zone0"": 40000, ""thermal_zone1"": 42000}","{""cpu0"": 1600000, ""cpu1"": 1600000, ""cpu2"": 1600000, ""cpu3"": 1600000, ""cpu4"": 1600000, ""cpu5"": 1600000, ""cpu6"": 1600000, ""cpu7"": 1600000}"
28291600,3771174912,10029924352,490367,14228,1814757376,5924773888,1,32.955020409414885,2564526,410854,10373324,27329,"{""thermal_zone0"": 41000, ""thermal_zone1"": 41000}","{""cpu0"": 1600000, ""cpu1"": 1600000, ""cpu2"": 1600000, ""cpu3"": 1600000, ""cpu4"": 1600000, ""cpu5"": 1600000, ""cpu6"": 1600000, ""cpu7"": 1600000}"
28412864,3787427840,10029924352,492509,14291,1823014912,5916536832,1,41.23224612669022,2564528,410858,10373414,27329,"{""thermal_zone0"": 41000, ""thermal_zone1"": 41000}","{""cpu0"": 1600000, ""cpu1"": 1600000, ""cpu2"": 1600000, ""cpu3"": 1600000, ""cpu4"": 1600000, ""cpu5"": 1600000, ""cpu6"": 1600000, ""cpu7"": 1600000}"
28533980,3804336128,10029924352,494703,14356,1831272448,5908025344,1,33.02634219859712,2564531,410862,10373504,27330,"{""thermal_zone0"": 40000, ""thermal_zone1"": 41000}","{""cpu0"": 1600000, ""cpu1"": 1600000, ""cpu2"": 1600000, ""cpu3"": 1600000, ""cpu4"": 1600000, ""cpu5"": 1600000, ""cpu6"": 1600000, ""cpu7"": 1600000}"
28655639,3822424064,10029924352,497103,14429,1839452160,5898645504,1,32.87864523279289,2564534,410864,10373594,27330,"{""thermal_zone0"": 41000, ""thermal_zone1"": 41000}","{""cpu0"": 1600000, ""cpu1"": 1600000, ""cpu2"": 1600000, ""cpu3"": 1600000, ""cpu4"": 1600000, ""cpu5"": 1600000, ""cpu6"": 1600000, ""cpu7"": 1600000}"
28777461,3839725568,10029924352,499347,14495,1848102912,5890048000,1,32.8347890500247,2564536,410868,10373684,27330,"{""thermal_zone0"": 40000, ""thermal_zone1"": 41000}","{""cpu0"": 1600000, ""cpu1"": 1600000, ""cpu2"": 1600000, ""cpu3"": 1600000, ""cpu4"": 1600000, ""cpu5"": 1600000, ""cpu6"": 1600000, ""cpu7"": 1600000}"
28899058,3857027072,10029924352,501591,14561,1856753664,5881122816,1,32.89546535763329,2564537,410872,10373775,27330,"{""thermal_zone0"": 41000, ""thermal_zone1"": 41000}","{""cpu0"": 1600000, ""cpu1"": 1600000, ""cpu2"": 1600000, ""cpu3"": 1600000, ""cpu4"": 1600000, ""cpu5"": 1600000, ""cpu6"": 1600000, ""cpu7"": 1600000}"
29020633,3874066432,10029924352,503835,14627,1865273344,5872517120,1,32.90158719066195,2564540,410874,10373865,27330,"{""thermal_zone0"": 41000, ""thermal_zone1"": 41000}","{""cpu0"": 1600000, ""cpu1"": 1600000, ""cpu2"": 1600000, ""cpu3"": 1600000, ""cpu4"": 1600000, ""cpu5"": 1600000, ""cpu6"": 1600000, ""cpu7"": 1600000}"
29142073,3891367936,10029924352,506044,14692,1873793024,5863870464,1,32.937992335493874,2564542,410880,10373955,27330,"{""thermal_zone0"": 41000, ""thermal_zone1"": 42000}","{""cpu0"": 1600000, ""cpu1"": 1600000, ""cpu2"": 1600000, ""cpu3"": 1600000, ""cpu4"": 1600000, ""cpu5"": 1600000, ""cpu6"": 1600000, ""cpu7"": 1600000}"
29263602,3908407296,10029924352,508288,14758,1882312704,5855088640,1,32.914153485905906,2564544,410883,10374045,27330,"{""thermal_zone0"": 41000, ""thermal_zone1"": 42000}","{""cpu0"": 1600000, ""cpu1"": 1600000, ""cpu2"": 1600000, ""cpu3"": 1600000, ""cpu4"": 1600000, ""cpu5"": 1600000, ""cpu6"": 1600000, ""cpu7"": 1600000}"
29385111,3925446656,10029924352,510498,14823,1890963456,5846749184,1,32.91923216187256,2564547,410886,10374135,27330,"{""thermal_zone0"": 40000, ""thermal_zone1"": 42000}","{""cpu0"": 1600000, ""cpu1"": 1600000, ""cpu2"": 1600000, ""cpu3"": 1600000, ""cpu4"": 1600000, ""cpu5"": 1600000, ""cpu6"": 1600000, ""cpu7"": 1600000}"
29506784,3943010304,10029924352,512776,14890,1899614208,5838000128,1,32.874952392959564,2564549,410890,10374226,27330,"{""thermal_zone0"": 41000, ""thermal_zone1"": 41000}","{""cpu0"": 1600000, ""cpu1"": 1600000, ""cpu2"": 1600000, ""cpu3"": 1600000, ""cpu4"": 1600000, ""cpu5"": 1600000, ""cpu6"": 1600000, ""cpu7"": 1600000}"
29628397,3960311808,10029924352,515026,14956,1908056064,5829083136,1,32.89131814662783,2564552,410895,10374316,27331,"{""thermal_zone0"": 41000, ""thermal_zone1"": 41000}","{""cpu0"": 1600000, ""cpu1"": 1600000, ""cpu2"": 1600000, ""cpu3"": 1600000, ""cpu4"": 1600000, ""cpu5"": 1600000, ""cpu6"": 1600000, ""cpu7"": 1600000}"
29750195,3977744384,10029924352,517354,15029,1915940864,5819998208,1,41.051727861888985,2564554,410899,10374406,27332,"{""thermal_zone0"": 41000, ""thermal_zone1"": 41000}","{""cpu0"": 1600000, ""cpu1"": 1600000, ""cpu2"": 1600000, ""cpu3"": 1600000, ""cpu4"": 1600000, ""cpu5"": 1600000, ""cpu6"": 1600000, ""cpu7"": 1600000}"
29871471,3994259456,10029924352,519496,15092,1924198400,5811503104,1,32.98244247288963,2564556,410902,10374496,27332,"{""thermal_zone0"": 41000, ""thermal_zone1"": 42000}","{""cpu0"": 1600000, ""cpu1"": 1600000, ""cpu2"": 1600000, ""cpu3"": 1600000, ""cpu4"": 1600000, ""cpu5"": 1600000, ""cpu6"": 1600000, ""cpu7"": 1600000}"
29992730,4011036672,10029924352,521672,15156,1932587008,5803270144,1,32.987224773564144,2564559,410906,10374587,27332,"{""thermal_zone0"": 41000, ""thermal_zone1"": 42000}","{""cpu0"": 1600000, ""cpu1"": 1600000, ""cpu2"": 1600000, ""cpu3"": 1600000, ""cpu4"": 1600000, ""cpu5"": 1600000, ""cpu6"": 1600000, ""cpu7"": 1600000}"
30114140,4027551744,10029924352,523784,15219,1940844544,5795028992,1,32.9463121804913,2564562,410910,10374677,27332,"{""thermal_zone0"": 41000, ""thermal_zone1"": 42000}","{""cpu0"": 1600000, ""cpu1"": 1600000, ""cpu2"": 1600000, ""cpu3"": 1600000, ""cpu4"": 1600000, ""cpu5"": 1600000, ""cpu6"": 1600000, ""cpu7"": 1600000}"
30235580,4044328960,10029924352,525956,15282,1949102080,5786525696,1,24.70346048380113,2564564,410913,10374768,27332,"{""thermal_zone0"": 41000, ""thermal_zone1"": 42000}","{""cpu0"": 1600000, ""cpu1"": 1600000, ""cpu2"": 1600000, ""cpu3"": 1600000, ""cpu4"": 1600000, ""cpu5"": 1600000, ""cpu6"": 1600000, ""cpu7"": 1600000}"
30357365,4061106176,10029924352,528131,15346,1957490688,5778403328,1,41.05594140522319,2564566,410916,10374859,27332,"{""thermal_zone0"": 40000, ""thermal_zone1"": 42000}","{""cpu0"": 1600000, ""cpu1"": 1600000, ""cpu2"": 1600000, ""cpu3"": 1600000, ""cpu4"": 1600000, ""cpu5"": 1600000, ""cpu6"": 1600000, ""cpu7"": 1600000}"
30479036,4077621248,10029924352,530307,15410,1965748224,5770022912,1,32.87554898468305,2564570,410919,10374949,27332,"{""thermal_zone0"": 41000, ""thermal_zone1"": 40000}","{""cpu0"": 1600000, ""cpu1"": 1600000, ""cpu2"": 1600000, ""cpu3"": 1600000, ""cpu4"": 1600000, ""cpu5"": 1600000, ""cpu6"": 1600000, ""cpu7"": 1600000}"
30600217,4094136320,10029924352,532449,15473,1974005760,5761794048,1,33.00844578024857,2564570,410923,10375040,27332,"{""thermal_zone0"": 41000, ""thermal_zone1"": 41000}","{""cpu0"": 1600000, ""cpu1"": 1600000, ""cpu2"": 1600000, ""cpu3"": 1600000, ""cpu4"": 1600000, ""cpu5"": 1600000, ""cpu6"": 1600000, ""cpu7"": 1600000}"
30721495,4110913536,10029924352,534591,15536,1982263296,5753556992,1,32.98220450927588,2564572,410927,10375130,27332,"{""thermal_zone0"": 41000, ""thermal_zone1"": 41000}","{""cpu0"": 1600000, ""cpu1"": 1600000, ""cpu2"": 1600000, ""cpu3"": 1600000, ""cpu4"": 1600000, ""cpu5"": 1600000, ""cpu6"": 1600000, ""cpu7"": 1600000}"
30842704,4127952896,10029924352,536887,15608,1990103040,5744365568,1,33.000832346993455,2564575,410933,10375219,27332,"{""thermal_zone0"": 41000, ""thermal_zone1"": 42000}","{""cpu0"": 1600000, ""cpu1"": 1600000, ""cpu2"": 1600000, ""cpu3"": 1600000, ""cpu4"": 1600000, ""cpu5"": 1600000, ""cpu6"": 1600000, ""cpu7"": 1600000}"
30963885,4145516544,10029924352,539170,15677,1998688256,5735665664,1,33.00860485640914,2564576,410936,10375309,27333,"{""thermal_zone0"": 41000, ""thermal_zone1"": 41000}","{""cpu0"": 1600000, ""cpu1"": 1600000, ""cpu2"": 1600000, ""cpu3"": 1600000, ""cpu4"": 1600000, ""cpu5"": 1600000, ""cpu6"": 1600000, ""cpu7"": 1600000}"
31085549,4162818048,10029924352,541380,15742,2007339008,5727141888,1,32.87727160268324,2564578,410940,10375400,27333,"{""thermal_zone0"": 41000, ""thermal_zone1"": 42000}","{""cpu0"": 1600000, ""cpu1"": 1600000, ""cpu2"": 1600000, ""cpu3"": 1600000, ""cpu4"": 1600000, ""cpu5"": 1600000, ""cpu6"": 1600000, ""cpu7"": 1600000}"
31207113,4179857408,10029924352,543624,15808,2015858688,5718536192,1,32.90448533707856,2564580,410943,10375490,27333,"{""thermal_zone0"": 41000, ""thermal_zone1"": 41000}","{""cpu0"": 1600000, ""cpu1"": 1600000, ""cpu2"": 1600000, ""cpu3"": 1600000, ""cpu4"": 1600000, ""cpu5"": 1600000, ""cpu6"": 1600000, ""cpu7"": 1600000}"
31328484,4197158912,10029924352,545868,15874,2024640512,5709623296,1,32.95693248209642,2564582,410948,10375580,27333,"{""thermal_zone0"": 40000, ""thermal_zone1"": 41000}","{""cpu0"": 1600000, ""cpu1"": 1600000, ""cpu2"": 1600000, ""cpu3"": 1600000, ""cpu4"": 1600000, ""cpu5"": 1600000, ""cpu6"": 1600000, ""cpu7"": 1600000}"
31450019,4214591488,10029924352,548121,15941,2033160192,5700636672,1,41.14023755821303,2564585,410951,10375671,27333,"{""thermal_zone0"": 40000, ""thermal_zone1"": 42000}","{""cpu0"": 1600000, ""cpu1"": 1600000, ""cpu2"": 1600000, ""cpu3"": 1600000, ""cpu4"": 1600000, ""cpu5"": 1600000, ""cpu6"": 1600000, ""cpu7"": 1600000}"
31571573,4231892992,10029924352,550355,16006,2041810944,5691969536,1,32.90722589206347,2564588,410954,10375761,27333,"{""thermal_zone0"": 40000, ""thermal_zone1"": 41000}","{""cpu0"": 1600000, ""cpu1"": 1600000, ""cpu2"": 1600000, ""cpu3"": 1600000, ""cpu4"": 1600000, ""cpu5"": 1600000, ""cpu6"": 1600000, ""cpu7"": 1600000}"
31693222,4249194496,10029924352,552633,16073,2050461696,5683240960,1,24.661188359041155,2564591,410956,10375852,27333,"{""thermal_zone0"": 40000, ""thermal_zone1"": 41000}","{""cpu0"": 1600000, ""cpu1"": 1600000, ""cpu2"": 1600000, ""cpu3"": 1600000, ""cpu4"": 1600000, ""cpu5"": 1600000, ""cpu6"": 1600000, ""cpu7"": 1600000}"
31812614,4266233856,10029924352,554843,16138,2058981376,5674860544,1,33.50293748730448,2564593,410959,10375942,27333,"{""thermal_zone0"": 40000, ""thermal_zone1"": 41000}","{""cpu0"": 1600000, ""cpu1"": 1600000, ""cpu2"": 1600000, ""cpu3"": 1600000, ""cpu4"": 1600000, ""cpu5"": 1600000, ""cpu6"": 1600000, ""cpu7"": 1600000}"
31932077,4283928576,10029924352,557187,16208,2066980864,5665845248,1,25.11241867196724,2564595,410962,10376031,27333,"{""thermal_zone0"": 40000, ""thermal_zone1"": 41000}","{""cpu0"": 1600000, ""cpu1"": 1600000, ""cpu2"": 1600000, ""cpu3"": 1600000, ""cpu4"": 1600000, ""cpu5"": 1600000, ""cpu6"": 1600000, ""cpu7"": 1600000}"
32051419,4300312576,10029924352,559274,16273,2075029504,5657395200,1,25.137932042600514,2564597,410964,10376121,27334,"{""thermal_zone0"": 40000, ""thermal_zone1"": 41000}","{""cpu0"": 1600000, ""cpu1"": 1600000, ""cpu2"": 1600000, ""cpu3"": 1600000, ""cpu4"": 1600000, ""cpu5"": 1600000, ""cpu6"": 1600000, ""cpu7"": 1600000}"
32170894,4316565504,10029924352,561320,16335,2083155968,5649416192,1,25.10980875089055,2564599,410969,10376211,27334,"{""thermal_zone0"": 41000, ""thermal_zone1"": 41000}","{""cpu0"": 1600000, ""cpu1"": 1600000, ""cpu2"": 1600000, ""cpu3"": 1600000, ""cpu4"": 1600000, ""cpu5"": 1600000, ""cpu6"": 1600000, ""cpu7"": 1600000}"
32290031,4333342720,10029924352,563399,16398,2091413504,5641179136,1,25.18102808967186,2564600,410972,10376301,27334,"{""thermal_zone0"": 40000, ""thermal_zone1"": 41000}","{""cpu0"": 1600000, ""cpu1"": 1600000, ""cpu2"": 1600000, ""cpu3"": 1600000, ""cpu4"": 1600000, ""cpu5"": 1600000, ""cpu6"": 1600000, ""cpu7"": 1600000}"
32409364,4349857792,10029924352,565511,16462,2099802112,5632880640,1,25.139792750565338,2564602,410976,10376391,27334,"{""thermal_zone0"": 40000, ""thermal_zone1"": 41000}","{""cpu0"": 1600000, ""cpu1"": 1600000, ""cpu2"": 1600000, ""cpu3"": 1600000, ""cpu4"": 1600000, ""cpu5"": 1600000, ""cpu6"": 1600000, ""cpu7"": 1600000}"
32528426,4366372864,10029924352,567590,16525,2107928576,5624377344,1,25.196925098285018,2564605,410978,10376481,27334,"{""thermal_zone0"": 40000, ""thermal_zone1"": 41000}","{""cpu0"": 1600000, ""cpu1"": 1600000, ""cpu2"": 1600000, ""cpu3"": 1600000, ""cpu4"": 1600000, ""cpu5"": 1600000, ""cpu6"": 1600000, ""cpu7"": 1600000}"
32647728,4382887936,10029924352,569669,16588,2116186112,5615910912,1,33.52848026463359,2564607,410980,10376571,27334,"{""thermal_zone0"": 41000, ""thermal_zone1"": 40000}","{""cpu0"": 1600000, ""cpu1"": 1600000, ""cpu2"": 1600000, ""cpu3"": 1600000, ""cpu4"": 1600000, ""cpu5"": 1600000, ""cpu6"": 1600000, ""cpu7"": 1600000}"
32767287,4399927296,10029924352,571814,16653,2124705792,5607501824,1,25.092045149220887,2564610,410982,10376661,27334,"{""thermal_zone0"": 41000, ""thermal_zone1"": 41000}","{""cpu0"": 1600000, ""cpu1"": 1600000, ""cpu2"": 1600000, ""cpu3"": 1600000, ""cpu4"": 1600000, ""cpu5"": 1600000, ""cpu6"": 1600000, ""cpu7"": 1600000}"
32886566,4416442368,10029924352,573893,16716,2132963328,5599014912,1,25.151191356601938,2564613,410984,10376751,27334,"{""thermal_zone0"": 41000, ""thermal_zone1"": 42000}","{""cpu0"": 1600000, ""cpu1"": 1600000, ""cpu2"": 1600000, ""cpu3"": 1600000, ""cpu4"": 1600000, ""cpu5"": 1600000, ""cpu6"": 1600000, ""cpu7"": 1600000}"
33006208,4433088512,10029924352,575986,16779,2141089792,5587542016,1,25.074882794147012,2564615,410994,10376831,27334,"{""thermal_zone0"": 41000, ""thermal_zone1"": 41000}","{""cpu0"": 1600000, ""cpu1"": 1600000, ""cpu2"": 1600000, ""cpu3"": 1600000, ""cpu4"": 1600000, ""cpu5"": 1600000, ""cpu6"": 1600000, ""cpu7"": 1600000}"
33126066,4450652160,10029924352,578322,16851,2149011456,5578567680,1,33.37271814665411,2564617,410996,10376920,27335,"{""thermal_zone0"": 41000, ""thermal_zone1"": 41000}","{""cpu0"": 1600000, ""cpu1"": 1600000, ""cpu2"": 1600000, ""cpu3"": 1600000, ""cpu4"": 1600000, ""cpu5"": 1600000, ""cpu6"": 1600000, ""cpu7"": 1600000}"
33245593,4467167232,10029924352,580464,16914,2157268992,5570330624,1,25.0989375017381,2564619,410998,10377010,27335,"{""thermal_zone0"": 40000, ""thermal_zone1"": 41000}","{""cpu0"": 1600000, ""cpu1"": 1600000, ""cpu2"": 1600000, ""cpu3"": 1600000, ""cpu4"": 1600000, ""cpu5"": 1600000, ""cpu6"": 1600000, ""cpu7"": 1600000}"
33365090,4483944448,10029924352,582640,16978,2165657600,5561589760,1,25.105168479697777,2564621,411002,10377100,27335,"{""thermal_zone0"": 40000, ""thermal_zone1"": 41000}","{""cpu0"": 1600000, ""cpu1"": 1600000, ""cpu2"": 1600000, ""cpu3"": 1600000, ""cpu4"": 1600000, ""cpu5"": 1600000, ""cpu6"": 1600000, ""cpu7"": 1600000}"
33484663,4500459520,10029924352,584748,17040,2173915136,5553549312,1,25.08942204542617,2564623,411004,10377190,27335,"{""thermal_zone0"": 40000, ""thermal_zone1"": 41000}","{""cpu0"": 1600000, ""cpu1"": 1600000, ""cpu2"": 1600000, ""cpu3"": 1600000, ""cpu4"": 1600000, ""cpu5"": 1600000, ""cpu6"": 1600000, ""cpu7"": 1600000}"
33604343,4516974592,10029924352,586889,17104,2182041600,5545189376,1,33.42235237628957,2564626,411006,10377280,27335,"{""thermal_zone0"": 40000, ""thermal_zone1"": 41000}","{""cpu0"": 1600000, ""cpu1"": 1600000, ""cpu2"": 1600000, ""cpu3"": 1600000, ""cpu4"": 1600000, ""cpu5"": 1600000, ""cpu6"": 1600000, ""cpu7"": 1600000}"
33723249,4533227520,10029924352,589031,17166,2190168064,5536837632,1,25.22990201563874,2564628,411010,10377370,27335,"{""thermal_zone0"": 40000, ""thermal_zone1"": 42000}","{""cpu0"": 1600000, ""cpu1"": 1600000, ""cpu2"": 1600000, ""cpu3"": 1600000, ""cpu4"": 1600000, ""cpu5"": 1600000, ""cpu6"": 1600000, ""cpu7"": 1600000}"
33842581,4549742592,10029924352,591139,17228,2198425600,5528797184,1,25.140100121454335,2564631,411013,10377460,27335,"{""thermal_zone0"": 41000, ""thermal_zone1"": 41000}","{""cpu0"": 1600000, ""cpu1"": 1600000, ""cpu2"": 1600000, ""cpu3"": 1600000, ""cpu4"": 1600000, ""cpu5"": 1600000, ""cpu6"": 1600000, ""cpu7"": 1600000}"
33962422,4566257664,10029924352,593315,17292,2206683136,5520416768,1,25.033149940198722,2564633,411016,10377550,27335,"{""thermal_zone0"": 41000, ""thermal_zone1"": 41000}","{""cpu0"": 1600000, ""cpu1"": 1600000, ""cpu2"": 1600000, ""cpu3"": 1600000, ""cpu4"": 1600000, ""cpu5"": 1600000, ""cpu6"": 1600000, ""cpu7"": 1600000}"
34082148,4582772736,10029924352,595457,17355,2214940672,5512073216,1,25.057142186327365,2564635,411018,10377641,27335,"{""thermal_zone0"": 41000, ""thermal_zone1"": 41000}","{""cpu0"": 1600000, ""cpu1"": 1600000, ""cpu2"": 1600000, ""cpu3"": 1600000, ""cpu4"": 1600000, ""cpu5"": 1600000, ""cpu6"": 1600000, ""cpu7"": 1600000}"
34201764,4600074240,10029924352,597733,17406,2220244992,5503242240,1,41.80039483816957,2564640,411021,10377727,27335,"{""thermal_zone0"": 41000, ""thermal_zone1"": 42000}","{""cpu0"": 1600000, ""cpu1"": 1600000, ""cpu2"": 1600000, ""cpu3"": 1600000, ""cpu4"": 1600000, ""cpu5"": 1600000, ""cpu6"": 1600000, ""cpu7"": 1600000}"
34320292,4618948608,10029924352,600168,17406,2220244992,5493952512,1,101.24176569081584,2564652,411023,10377808,27335,"{""thermal_zone0"": 41000, ""thermal_zone1"": 41000}","{""cpu0"": 1600000, ""cpu1"": 1600000, ""cpu2"": 1600000, ""cpu3"": 1600000, ""cpu4"": 1600000, ""cpu5"": 1600000, ""cpu6"": 1600000, ""cpu7"": 1600000}"
34438987,4638216192,10029924352,602684,17411,2220376064,5484335104,1,101.10024788011525,2564664,411025,10377890,27336,"{""thermal_zone0"": 41000, ""thermal_zone1"": 41000}","{""cpu0"": 1600000, ""cpu1"": 1600000, ""cpu2"": 1600000, ""cpu3"": 1600000, ""cpu4"": 1600000, ""cpu5"": 1600000, ""cpu6"": 1600000, ""cpu7"": 1600000}"
34557969,4658401280,10029924352,605300,17411,2220376064,5474013184,1,100.8550414775183,2564674,411028,10377971,27336,"{""thermal_zone0"": 41000, ""thermal_zone1"": 42000}","{""cpu0"": 1600000, ""cpu1"": 1600000, ""cpu2"": 1600000, ""cpu3"": 1600000, ""cpu4"": 1600000, ""cpu5"": 1600000, ""cpu6"": 1600000, ""cpu7"": 1600000}"
34676748,4678586368,10029924352,607911,17411,2220376064,5463949312,1,101.02832522735372,2564684,411032,10378052,27336,"{""thermal_zone0"": 42000, ""thermal_zone1"": 42000}","{""cpu0"": 1600000, ""cpu1"": 1600000, ""cpu2"": 1600000, ""cpu3"": 1600000, ""cpu4"": 1600000, ""cpu5"": 1600000, ""cpu6"": 1600000, ""cpu7"": 1600000}"
34795594,4698771456,10029924352,610530,17411,2220376064,5453885440,1,92.55653917166072,2564695,411034,10378133,27336,"{""thermal_zone0"": 42000, ""thermal_zone1"": 42000}","{""cpu0"": 1600000, ""cpu1"": 1600000, ""cpu2"": 1600000, ""cpu3"": 1600000, ""cpu4"": 1600000, ""cpu5"": 1600000, ""cpu6"": 1600000, ""cpu7"": 1600000}"
34914690,4718956544,10029924352,613151,17411,2220376064,5443563520,1,100.75924441717376,2564709,411035,10378214,27336,"{""thermal_zone0"": 42000, ""thermal_zone1"": 42000}","{""cpu0"": 1600000, ""cpu1"": 1600000, ""cpu2"": 1600000, ""cpu3"": 1600000, ""cpu4"": 1600000, ""cpu5"": 1600000, ""cpu6"": 1600000, ""cpu7"": 1600000}"
35033342,4739010560,10029924352,615759,17411,2220376064,5433315328,1,109.56403694324024,2564720,411037,10378295,27336,"{""thermal_zone0"": 41000, ""thermal_zone1"": 42000}","{""cpu0"": 1600000, ""cpu1"": 1600000, ""cpu2"": 1600000, ""cpu3"": 1600000, ""cpu4"": 1600000, ""cpu5"": 1600000, ""cpu6"": 1600000, ""cpu7"": 1600000}"
35152311,4759326720,10029924352,618381,17411,2220376064,5423251456,1,100.86637915545842,2564732,411039,10378376,27336,"{""thermal_zone0"": 41000, ""thermal_zone1"": 42000}","{""cpu0"": 1600000, ""cpu1"": 1600000, ""cpu2"": 1600000, ""cpu3"": 1600000, ""cpu4"": 1600000, ""cpu5"": 1600000, ""cpu6"": 1600000, ""cpu7"": 1600000}"
35271359,4779511808,10029924352,621009,17411,2220376064,5412958208,1,92.3995576278779,2564744,411041,10378457,27336,"{""thermal_zone0"": 41000, ""thermal_zone1"": 42000}","{""cpu0"": 1600000, ""cpu1"": 1600000, ""cpu2"": 1600000, ""cpu3"": 1600000, ""cpu4"": 1600000, ""cpu5"": 1600000, ""cpu6"": 1600000, ""cpu7"": 1600000}"
35390242,4799696896,10029924352,623625,17411,2220376064,5402636288,1,100.93973378053673,2564756,411044,10378538,27336,"{""thermal_zone0"": 42000, ""thermal_zone1"": 42000}","{""cpu0"": 1600000, ""cpu1"": 1600000, ""cpu2"": 1600000, ""cpu3"": 1600000, ""cpu4"": 1600000, ""cpu5"": 1600000, ""cpu6"": 1600000, ""cpu7"": 1600000}"
35509393,4820013056,10029924352,626253,17411,2220376064,5392572416,1,100.71273563737775,2564767,411045,10378619,27336,"{""thermal_zone0"": 41000, ""thermal_zone1"": 42000}","{""cpu0"": 1600000, ""cpu1"": 1600000, ""cpu2"": 1600000, ""cpu3"": 1600000, ""cpu4"": 1600000, ""cpu5"": 1600000, ""cpu6"": 1600000, ""cpu7"": 1600000}"
35628299,4839018496,10029924352,628730,17422,2220871680,5382987776,1,92.50996515242123,2564778,411048,10378701,27336,"{""thermal_zone0"": 42000, ""thermal_zone1"": 42000}","{""cpu0"": 1600000, ""cpu1"": 1600000, ""cpu2"": 1600000, ""cpu3"": 1600000, ""cpu4"": 1600000, ""cpu5"": 1600000, ""cpu6"": 1600000, ""cpu7"": 1600000}"
35747460,4859203584,10029924352,631352,17422,2220871680,5372923904,1,109.09642097777818,2564790,411051,10378782,27336,"{""thermal_zone0"": 40000, ""thermal_zone1"": 42000}","{""cpu0"": 1600000, ""cpu1"": 1600000, ""cpu2"": 1600000, ""cpu3"": 1600000, ""cpu4"": 1600000, ""cpu5"": 1600000, ""cpu6"": 1600000, ""cpu7"": 1600000}"
35866459,4879388672,10029924352,633972,17422,2220871680,5362601984,1,92.43718296777341,2564802,411053,10378863,27336,"{""thermal_zone0"": 41000, ""thermal_zone1"": 42000}","{""cpu0"": 1600000, ""cpu1"": 1600000, ""cpu2"": 1600000, ""cpu3"": 1600000, ""cpu4"": 1600000, ""cpu5"": 1600000, ""cpu6"": 1600000, ""cpu7"": 1600000}"
35985293,4899573760,10029924352,636589,17422,2220871680,5352538112,1,100.98188558324873,2564814,411054,10378945,27336,"{""thermal_zone0"": 42000, ""thermal_zone1"": 42000}","{""cpu0"": 1600000, ""cpu1"": 1600000, ""cpu2"": 1600000, ""cpu3"": 1600000, ""cpu4"": 1600000, ""cpu5"": 1600000, ""cpu6"": 1600000, ""cpu7"": 1600000}"
36104257,4919758848,10029924352,639209,17422,2220871680,5342490624,1,100.8706193592204,2564826,411056,10379026,27336,"{""thermal_zone0"": 41000, ""thermal_zone1"": 42000}","{""cpu0"": 1600000, ""cpu1"": 1600000, ""cpu2"": 1600000, ""cpu3"": 1600000, ""cpu4"": 1600000, ""cpu5"": 1600000, ""cpu6"": 1600000, ""cpu7"": 1600000}"
36223176,4939943936,10029924352,641823,17422,2220871680,5332168704,1,100.90878875607004,2564839,411057,10379107,27336,"{""thermal_zone0"": 41000, ""thermal_zone1"": 42000}","{""cpu0"": 1600000, ""cpu1"": 1600000, ""cpu2"": 1600000, ""cpu3"": 1600000, ""cpu4"": 1600000, ""cpu5"": 1600000, ""cpu6"": 1600000, ""cpu7"": 1600000}"
36342159,4959997952,10029924352,644435,17422,2220871680,5322104832,1,100.85479396580052,2564850,411060,10379188,27336,"{""thermal_zone0"": 41000, ""thermal_zone1"": 42000}","{""cpu0"": 1600000, ""cpu1"": 1600000, ""cpu2"": 1600000, ""cpu3"": 1600000, ""cpu4"": 1600000, ""cpu5"": 1600000, ""cpu6"": 1600000, ""cpu7"": 1600000}"
36461082,4980183040,10029924352,647053,17422,2220871680,5312040960,1,100.9061014741019,2564861,411062,10379269,27336,"{""thermal_zone0"": 41000, ""thermal_zone1"": 43000}","{""cpu0"": 1600000, ""cpu1"": 1600000, ""cpu2"": 1600000, ""cpu3"": 1600000, ""cpu4"": 1600000, ""cpu5"": 1600000, ""cpu6"": 1600000, ""cpu7"": 1600000}"
36579944,5000499200,10029924352,649678,17422,2220871680,5301977088,1,92.54391823075142,2564872,411065,10379351,27336,"{""thermal_zone0"": 42000, ""thermal_zone1"": 43000}","{""cpu0"": 1600000, ""cpu1"": 1600000, ""cpu2"": 1600000, ""cpu3"": 1600000, ""cpu4"": 1600000, ""cpu5"": 1600000, ""cpu6"": 1600000, ""cpu7"": 1600000}"
36698947,5020684288,10029924352,652300,17422,2220871680,5291913216,1,109.24080672856817,2564884,411066,10379432,27336,"{""thermal_zone0"": 41000, ""thermal_zone1"": 43000}","{""cpu0"": 1600000, ""cpu1"": 1600000, ""cpu2"": 1600000, ""cpu3"": 1600000, ""cpu4"": 1600000, ""cpu5"": 1600000, ""cpu6"": 1600000, ""cpu7"": 1600000}"
36817948,5040214016,10029924352,654851,17427,2221006848,5281980416,1,92.43624462126098,2564896,411069,10379513,27336,"{""thermal_zone0"": 41000, ""thermal_zone1"": 42000}","{""cpu0"": 1600000, ""cpu1"": 1600000, ""cpu2"": 1600000, ""cpu3"": 1600000, ""cpu4"": 1600000, ""cpu5"": 1600000, ""cpu6"": 1600000, ""cpu7"": 1600000}"
36936805,5059612672,10029924352,657358,17434,2221191168,5272064000,1,92.54790784516837,2564906,411071,10379594,27336,"{""thermal_zone0"": 41000, ""thermal_zone1"": 42000}","{""cpu0"": 1600000, ""cpu1"": 1600000, ""cpu2"": 1600000, ""cpu3"": 1600000, ""cpu4"": 1600000, ""cpu5"": 1600000, ""cpu6"": 1600000, ""cpu7"": 1600000}"
37055643,5079535616,10029924352,659946,17435,2221195264,5262045184,1,109.39282379878243,2564918,411074,10379675,27336,"{""thermal_zone0"": 41000, ""thermal_zone1"": 42000}","{""cpu0"": 1600000, ""cpu1"": 1600000, ""cpu2"": 1600000, ""cpu3"": 1600000, ""cpu4"": 1600000, ""cpu5"": 1600000, ""cpu6"": 1600000, ""cpu7"": 1600000}"
37174713,5099720704,10029924352,662555,17435,2221195264,5251981312,1,100.78099899232438,2564930,411076,10379757,27336,"{""thermal_zone0"": 42000, ""thermal_zone1"": 42000}","{""cpu0"": 1600000, ""cpu1"": 1600000, ""cpu2"": 1600000, ""cpu3"": 1600000, ""cpu4"": 1600000, ""cpu5"": 1600000, ""cpu6"": 1600000, ""cpu7"": 1600000}"
37293604,5119905792,10029924352,665163,17435,2221195264,5241917440,1,92.52173402820856,2564942,411076,10379837,27336,"{""thermal_zone0"": 42000, ""thermal_zone1"": 43000}","{""cpu0"": 1600000, ""cpu1"": 1600000, ""cpu2"": 1600000, ""cpu3"": 1600000, ""cpu4"": 1600000, ""cpu5"": 1600000, ""cpu6"": 1600000, ""cpu7"": 1600000}"
37412331,5139828736,10029924352,667769,17435,2221195264,5231853568,1,109.49555658187519,2564953,411079,10379919,27336,"{""thermal_zone0"": 42000, ""thermal_zone1"": 43000}","{""cpu0"": 1600000, ""cpu1"": 1600000, ""cpu2"": 1600000, ""cpu3"": 1600000, ""cpu4"": 1600000, ""cpu5"": 1600000, ""cpu6"": 1600000, ""cpu7"": 1600000}"
37531093,5160013824,10029924352,670377,17435,2221195264,5221789696,1,92.62209912427153,2564965,411082,10380000,27336,"{""thermal_zone0"": 42000, ""thermal_zone1"": 43000}","{""cpu0"": 1600000, ""cpu1"": 1600000, ""cpu2"": 1600000, ""cpu3"": 1600000, ""cpu4"": 1600000, ""cpu5"": 1600000, ""cpu6"": 1600000, ""cpu7"": 1600000}"
37649964,5180198912,10029924352,672982,17435,2221195264,5211725824,1,100.94953468826229,2564977,411083,10380081,27336,"{""thermal_zone0"": 42000, ""thermal_zone1"": 43000}","{""cpu0"": 1600000, ""cpu1"": 1600000, ""cpu2"": 1600000, ""cpu3"": 1600000, ""cpu4"": 1600000, ""cpu5"": 1600000, ""cpu6"": 1600000, ""cpu7"": 1600000}"
37768887,5200121856,10029924352,675595,17435,2221195264,5201403904,1,100.90578328631419,2564988,411086,10380162,27336,"{""thermal_zone0"": 41000, ""thermal_zone1"": 42000}","{""cpu0"": 1600000, ""cpu1"": 1600000, ""cpu2"": 1600000, ""cpu3"": 1600000, ""cpu4"": 1600000, ""cpu5"": 1600000, ""cpu6"": 1600000, ""cpu7"": 1600000}"
37887798,5220306944,10029924352,678205,17435,2221195264,5191340032,1,100.91543587538025,2565002,411086,10380243,27336,"{""thermal_zone0"": 42000, ""thermal_zone1"": 42000}","{""cpu0"": 1600000, ""cpu1"": 1600000, ""cpu2"": 1600000, ""cpu3"": 1600000, ""cpu4"": 1600000, ""cpu5"": 1600000, ""cpu6"": 1600000, ""cpu7"": 1600000}"
38006826,5240492032,10029924352,680813,17435,2221195264,5181018112,1,92.41556777205348,2565014,411090,10380324,27336,"{""thermal_zone0"": 42000, ""thermal_zone1"": 44000}","{""cpu0"": 1600000, ""cpu1"": 1600000, ""cpu2"": 1600000, ""cpu3"": 1600000, ""cpu4"": 1600000, ""cpu5"": 1600000, ""cpu6"": 1600000, ""cpu7"": 1600000}"
38128285,5260414976,10029924352,683408,17441,2221367296,5170061312,1,98.79855441577793,2565025,411097,10380398,27337,"{""thermal_zone0"": 41000, ""thermal_zone1"": 42000}","{""cpu0"": 1600000, ""cpu1"": 1600000, ""cpu2"": 1600000, ""cpu3"": 1600000, ""cpu4"": 1600000, ""cpu5"": 1600000, ""cpu6"": 1600000, ""cpu7"": 1600000}"
38247157,5279551488,10029924352,685887,17449,2221580288,5160497152,1,100.94872027938231,2565036,411099,10380480,27337,"{""thermal_zone0"": 42000, ""thermal_zone1"": 43000}","{""cpu0"": 1600000, ""cpu1"": 1600000, ""cpu2"": 1600000, ""cpu3"": 1600000, ""cpu4"": 1600000, ""cpu5"": 1600000, ""cpu6"": 1600000, ""cpu7"": 1600000}"
38366229,5299474432,10029924352,688476,17451,2221584384,5150437376,1,100.77965915764983,2565047,411102,10380561,27337,"{""thermal_zone0"": 42000, ""thermal_zone1"": 43000}","{""cpu0"": 1600000, ""cpu1"": 1600000, ""cpu2"": 1600000, ""cpu3"": 1600000, ""cpu4"": 1600000, ""cpu5"": 1600000, ""cpu6"": 1600000, ""cpu7"": 1600000}"
38485119,5319659520,10029924352,691078,17451,2221584384,5140373504,1,92.52254414824642,2565058,411104,10380642,27337,"{""thermal_zone0"": 42000, ""thermal_zone1"": 43000}","{""cpu0"": 1600000, ""cpu1"": 1600000, ""cpu2"": 1600000, ""cpu3"": 1600000, ""cpu4"": 1600000, ""cpu5"": 1600000, ""cpu6"": 1600000, ""cpu7"": 1600000}"
38603870,5339582464,10029924352,693680,17451,2221584384,5130309632,1,109.4726978039019,2565070,411106,10380723,27337,"{""thermal_zone0"": 42000, ""thermal_zone1"": 43000}","{""cpu0"": 1600000, ""cpu1"": 1600000, ""cpu2"": 1600000, ""cpu3"": 1600000, ""cpu4"": 1600000, ""cpu5"": 1600000, ""cpu6"": 1600000, ""cpu7"": 1600000}"
38722790,5358456832,10029924352,696106,17461,2222514176,5120851968,1,92.49913965288857,2565079,411111,10380804,27337,"{""thermal_zone0"": 41000, ""thermal_zone1"": 43000}","{""cpu0"": 1600000, ""cpu1"": 1600000, ""cpu2"": 1600000, ""cpu3"": 1600000, ""cpu4"": 1600000, ""cpu5"": 1600000, ""cpu6"": 1600000, ""cpu7"": 1600000}"
38841726,5377069056,10029924352,698511,17480,2223808512,5111578624,1,100.89432986225728,2565089,411113,10380886,27338,"{""thermal_zone0"": 41000, ""thermal_zone1"": 43000}","{""cpu0"": 1600000, ""cpu1"": 1600000, ""cpu2"": 1600000, ""cpu3"": 1600000, ""cpu4"": 1600000, ""cpu5"": 1600000, ""cpu6"": 1600000, ""cpu7"": 1600000}"
38960612,5395419136,10029924352,700908,17500,2225905664,5102329856,1,92.52572250834307,2565101,411114,10380967,27338,"{""thermal_zone0"": 41000, ""thermal_zone1"": 42000}","{""cpu0"": 1600000, ""cpu1"": 1600000, ""cpu2"": 1600000, ""cpu3"": 1600000, ""cpu4"": 1600000, ""cpu5"": 1600000, ""cpu6"": 1600000, ""cpu7"": 1600000}"
39079255,5415604224,10029924352,703511,17500,2225905664,5092323328,1,92.71506388506191,2565114,411116,10381048,27338,"{""thermal_zone0"": 41000, ""thermal_zone1"": 42000}","{""cpu0"": 1600000, ""cpu1"": 1600000, ""cpu2"": 1600000, ""cpu3"": 1600000, ""cpu4"": 1600000, ""cpu5"": 1600000, ""cpu6"": 1600000, ""cpu7"": 1600000}"
39198298,5435527168,10029924352,706111,17500,2225905664,5082259456,1,100.8043506754534,2565124,411120,10381129,27338,"{""thermal_zone0"": 41000, ""thermal_zone1"": 43000}","{""cpu0"": 1600000, ""cpu1"": 1600000, ""cpu2"": 1600000, ""cpu3"": 1600000, ""cpu4"": 1600000, ""cpu5"": 1600000, ""cpu6"": 1600000, ""cpu7"": 1600000}"
39317113,5454925824,10029924352,708629,17508,2226061312,5072605184,1,100.99711250938621,2565134,411122,10381210,27338,"{""thermal_zone0"": 42000, ""thermal_zone1"": 41000}","{""cpu0"": 1600000, ""cpu1"": 1600000, ""cpu2"": 1600000, ""cpu3"": 1600000, ""cpu4"": 1600000, ""cpu5"": 1600000, ""cpu6"": 1600000, ""cpu7"": 1600000}"
39436227,5474455552,10029924352,711154,17514,2226257920,5062483968,1,92.34839327983764,2565146,411124,10381292,27338,"{""thermal_zone0"": 41000, ""thermal_zone1"": 43000}","{""cpu0"": 1600000, ""cpu1"": 1600000, ""cpu2"": 1600000, ""cpu3"": 1600000, ""cpu4"": 1600000, ""cpu5"": 1600000, ""cpu6"": 1600000, ""cpu7"": 1600000}"
39555485,5494116352,10029924352,713706,17517,2226319360,5052706816,1,100.62251629040804,2565158,411126,10381373,27338,"{""thermal_zone0"": 41000, ""thermal_zone1"": 43000}","{""cpu0"": 1600000, ""cpu1"": 1600000, ""cpu2"": 1600000, ""cpu3"": 1600000, ""cpu4"": 1600000, ""cpu5"": 1600000, ""cpu6"": 1600000, ""cpu7"": 1600000}"
39674519,5514170368,10029924352,716317,17517,2226319360,5042642944,1,100.81154808380685,2565170,411128,10381454,27338,"{""thermal_zone0"": 41000, ""thermal_zone1"": 43000}","{""cpu0"": 1600000, ""cpu1"": 1600000, ""cpu2"": 1600000, ""cpu3"": 1600000, ""cpu4"": 1600000, ""cpu5"": 1600000, ""cpu6"": 1600000, ""cpu7"": 1600000}"
39793724,5534355456,10029924352,718927,17517,2226319360,5032579072,1,100.66676125986666,2565180,411132,10381536,27338,"{""thermal_zone0"": 41000, ""thermal_zone1"": 42000}","{""cpu0"": 1600000, ""cpu1"": 1600000, ""cpu2"": 1600000, ""cpu3"": 1600000, ""cpu4"": 1600000, ""cpu5"": 1600000, ""cpu6"": 1600000, ""cpu7"": 1600000}"
39912798,5554409472,10029924352,721539,17517,2226319360,5022515200,1,109.1756333524136,2565192,411134,10381617,27338,"{""thermal_zone0"": 42000, ""thermal_zone1"": 43000}","{""cpu0"": 1600000, ""cpu1"": 1600000, ""cpu2"": 1600000, ""cpu3"": 1600000, ""cpu4"": 1600000, ""cpu5"": 1600000, ""cpu6"": 1600000, ""cpu7"": 1600000}"
40032038,5574594560,10029924352,724152,17517,2226319360,5012484096,1,92.25113371821121,2565204,411136,10381699,27338,"{""thermal_zone0"": 42000, ""thermal_zone1"": 42000}","{""cpu0"": 1600000, ""cpu1"": 1600000, ""cpu2"": 1600000, ""cpu3"": 1600000, ""cpu4"": 1600000, ""cpu5"": 1600000, ""cpu6"": 1600000, ""cpu7"": 1600000}"
40151263,5594779648,10029924352,726765,17517,2226319360,5002162176,1,92.26248162708008,2565214,411139,10381780,27338,"{""thermal_zone0"": 42000, ""thermal_zone1"": 42000}","{""cpu0"": 1600000, ""cpu1"": 1600000, ""cpu2"": 1600000, ""cpu3"": 1600000, ""cpu4"": 1600000, ""cpu5"": 1600000, ""cpu6"": 1600000, ""cpu7"": 1600000}"
40270521,5614964736,10029924352,729381,17517,2226319360,4992098304,1,100.62184805205409,2565226,411141,10381861,27338,"{""thermal_zone0"": 41000, ""thermal_zone1"": 42000}","{""cpu0"": 1600000, ""cpu1"": 1600000, ""cpu2"": 1600000, ""cpu3"": 1600000, ""cpu4"": 1600000, ""cpu5"": 1600000, ""cpu6"": 1600000, ""cpu7"": 1600000}"
40389917,5635149824,10029924352,731995,17517,2226319360,4982034432,1,108.88165864422419,2565238,411143,10381943,27338,"{""thermal_zone0"": 42000, ""thermal_zone1"": 42000}","{""cpu0"": 1600000, ""cpu1"": 1600000, ""cpu2"": 1600000, ""cpu3"": 1600000, ""cpu4"": 1600000, ""cpu5"": 1600000, ""cpu6"": 1600000, ""cpu7"": 1600000}"
40509233,5655334912,10029924352,734614,17517,2226319360,4971970560,1,100.57339321998381,2565248,411146,10382024,27338,"{""thermal_zone0"": 42000, ""thermal_zone1"": 42000}","{""cpu0"": 1600000, ""cpu1"": 1600000, ""cpu2"": 1600000, ""cpu3"": 1600000, ""cpu4"": 1600000, ""cpu5"": 1600000, ""cpu6"": 1600000, ""cpu7"": 1600000}"
40628344,5674340352,10029924352,737098,17525,2226638848,4962205696,1,100.74595749079734,2565260,411148,10382106,27339,"{""thermal_zone0"": 41000, ""thermal_zone1"": 42000}","{""cpu0"": 1600000, ""cpu1"": 1600000, ""cpu2"": 1600000, ""cpu3"": 1600000, ""cpu4"": 1600000, ""cpu5"": 1600000, ""cpu6"": 1600000, ""cpu7"": 1600000}"
40747500,5694525440,10029924352,739715,17525,2226638848,4952141824,1,92.31655288917283,2565272,411150,10382187,27339,"{""thermal_zone0"": 41000, ""thermal_zone1"": 43000}","{""cpu0"": 1600000, ""cpu1"": 1600000, ""cpu2"": 1600000, ""cpu3"": 1600000, ""cpu4"": 1600000, ""cpu5"": 1600000, ""cpu6"": 1600000, ""cpu7"": 1600000}"
40866879,5714841600,10029924352,742338,17525,2226638848,4942077952,1,92.14291731696879,2565284,411153,10382268,27339,"{""thermal_zone0"": 42000, ""thermal_zone1"": 42000}","{""cpu0"": 1600000, ""cpu1"": 1600000, ""cpu2"": 1600000, ""cpu3"": 1600000, ""cpu4"": 1600000, ""cpu5"": 1600000, ""cpu6"": 1600000, ""cpu7"": 1600000}"
40986252,5733322752,10029924352,744762,17525,2226638848,4932784128,1,100.52533619211752,2565294,411158,10382348,27339,"{""thermal_zone0"": 42000, ""thermal_zone1"": 43000}","{""cpu0"": 1600000, ""cpu1"": 1600000, ""cpu2"": 1600000, ""cpu3"": 1600000, ""cpu4"": 1600000, ""cpu5"": 1600000, ""cpu6"": 1600000, ""cpu7"": 1600000}"
41104633,5749313536,10029924352,746833,17553,2229276672,4923748352,1,92.92022319876871,2565303,411173,10382417,27339,"{""thermal_zone0"": 42000, ""thermal_zone1"": 43000}","{""cpu0"": 1600000, ""cpu1"": 1600000, ""cpu2"": 1600000, ""cpu3"": 1600000, ""cpu4"": 1600000, ""cpu5"": 1600000, ""cpu6"": 1600000, ""cpu7"": 1600000}"
41226366,5765042176,10029924352,748871,17613,2237083648,4916498432,1,98.57671974727295,2565310,411184,10382496,27339,"{""thermal_zone0"": 42000, ""thermal_zone1"": 42000}","{""cpu0"": 1600000, ""cpu1"": 1600000, ""cpu2"": 1600000, ""cpu3"": 1600000, ""cpu4"": 1600000, ""cpu5"": 1600000, ""cpu6"": 1600000, ""cpu7"": 1600000}"
41342837,5780246528,10029924352,750873,17672,2244685824,4908507136,1,94.44364591864833,2565322,411186,10382574,27339,"{""thermal_zone0"": 41000, ""thermal_zone1"": 42000}","{""cpu0"": 1600000, ""cpu1"": 1600000, ""cpu2"": 1600000, ""cpu3"": 1600000, ""cpu4"": 1600000, ""cpu5"": 1600000, ""cpu6"": 1600000, ""cpu7"": 1600000}"
41459269,5795713024,10029924352,752849,17730,2252419072,4900970496,1,103.06456913663627,2565333,411188,10382654,27339,"{""thermal_zone0"": 42000, ""thermal_zone1"": 42000}","{""cpu0"": 1600000, ""cpu1"": 1600000, ""cpu2"": 1600000, ""cpu3"": 1600000, ""cpu4"": 1600000, ""cpu5"": 1600000, ""cpu6"": 1600000, ""cpu7"": 1600000}"
41575713,5810917376,10029924352,754821,17788,2260021248,4893556736,1,94.46625441249728,2565340,411199,10382729,27339,"{""thermal_zone0"": 41000, ""thermal_zone1"": 42000}","{""cpu0"": 1600000, ""cpu1"": 1600000, ""cpu2"": 1600000, ""cpu3"": 1600000, ""cpu4"": 1600000, ""cpu5"": 1600000, ""cpu6"": 1600000, ""cpu7"": 1600000}"
41692323,5825859584,10029924352,756781,17846,2267492352,4886171648,1,102.90673361207052,2565351,411201,10382808,27339,"{""thermal_zone0"": 42000, ""thermal_zone1"": 41000}","{""cpu0"": 1600000, ""cpu1"": 1600000, ""cpu2"": 1600000, ""cpu3"": 1600000, ""cpu4"": 1600000, ""cpu5"": 1600000, ""cpu6"": 1600000, ""cpu7"": 1600000}"
41808604,5840801792,10029924352,758717,17904,2274705408,4878839808,1,94.59867209952002,2565364,411201,10382887,27339,"{""thermal_zone0"": 41000, ""thermal_zone1"": 41000}","{""cpu0"": 1600000, ""cpu1"": 1600000, ""cpu2"": 1600000, ""cpu3"": 1600000, ""cpu4"": 1600000, ""cpu5"": 1600000, ""cpu6"": 1600000, ""cpu7"": 1600000}"
41924822,5856137216,10029924352,760700,17962,2282307584,4871188480,1,94.6499185184665,2565374,411204,10382967,27339,"{""thermal_zone0"": 42000, ""thermal_zone1"": 42000}","{""cpu0"": 1600000, ""cpu1"": 1600000, ""cpu2"": 1600000, ""cpu3"": 1600000, ""cpu4"": 1600000, ""cpu5"": 1600000, ""cpu6"": 1600000, ""cpu7"": 1600000}"
42041117,5871210496,10029924352,762662,18020,2289709056,4863504384,1,94.5872164431105,2565386,411205,10383046,27339,"{""thermal_zone0"": 41000, ""thermal_zone1"": 41000}","{""cpu0"": 1600000, ""cpu1"": 1600000, ""cpu2"": 1600000, ""cpu3"": 1600000, ""cpu4"": 1600000, ""cpu5"": 1600000, ""cpu6"": 1600000, ""cpu7"": 1600000}"
42157488,5886283776,10029924352,764611,18078,2297311232,4855386112,1,94.52527563334063,2565395,411213,10383122,27339,"{""thermal_zone0"": 42000, ""thermal_zone1"": 41000}","{""cpu0"": 1600000, ""cpu1"": 1600000, ""cpu2"": 1600000, ""cpu3"": 1600000, ""cpu4"": 1600000, ""cpu5"": 1600000, ""cpu6"": 1600000, ""cpu7"": 1600000}"
42273629,5900963840,10029924352,766526,18134,2304651264,4847509504,1,103.32224410128141,2565404,411218,10383200,27339,"{""thermal_zone0"": 42000, ""thermal_zone1"": 42000}","{""cpu0"": 1600000, ""cpu1"": 1600000, ""cpu2"": 1600000, ""cpu3"": 1600000, ""cpu4"": 1600000, ""cpu5"": 1600000, ""cpu6"": 1600000, ""cpu7"": 1600000}"
42389795,5915512832,10029924352,768413,18190,2311553024,4840624128,1,94.69242175429608,2565410,411226,10383279,27340,"{""thermal_zone0"": 43000, ""thermal_zone1"": 42000}","{""cpu0"": 1600000, ""cpu1"": 1600000, ""cpu2"": 1600000, ""cpu3"": 1600000, ""cpu4"": 1600000, ""cpu5"": 1600000, ""cpu6"": 1600000, ""cpu7"": 1600000}"
42506163,5930979328,10029924352,770395,18249,2319286272,4832714752,1,94.5277799442781,2565413,411238,10383358,27340,"{""thermal_zone0"": 42000, ""thermal_zone1"": 42000}","{""cpu0"": 1600000, ""cpu1"": 1600000, ""cpu2"": 1600000, ""cpu3"": 1600000, ""cpu4"": 1600000, ""cpu5"": 1600000, ""cpu6"": 1600000, ""cpu7"": 1600000}"
42622470,5947625472,10029924352,772567,18272,2321203200,4824494080,1,94.57698410454086,2565422,411242,10383438,27340,"{""thermal_zone0"": 41000, ""thermal_zone1"": 41000}","{""cpu0"": 1600000, ""cpu1"": 1600000, ""cpu2"": 1600000, ""cpu3"": 1600000, ""cpu4"": 1600000, ""cpu5"": 1600000, ""cpu6"": 1600000, ""cpu7"": 1600000}"
42737771,5965058048,10029924352,774809,18282,2321829888,4816011264,1,95.40263049683504,2565434,411244,10383515,27341,"{""thermal_zone0"": 41000, ""thermal_zone1"": 42000}","{""cpu0"": 1600000, ""cpu1"": 1600000, ""cpu2"": 1600000, ""cpu3"": 1600000, ""cpu4"": 1600000, ""cpu5"": 1600000, ""cpu6"": 1600000, ""cpu7"": 1600000}"
42855254,5983539200,10029924352,777219,18284,2321829888,4807102464,1,102.14260890591791,2565445,411248,10383594,27341,"{""thermal_zone0"": 42000, ""thermal_zone1"": 41000}","{""cpu0"": 1600000, ""cpu1"": 1600000, ""cpu2"": 1600000, ""cpu3"": 1600000, ""cpu4"": 1600000, ""cpu5"": 1600000, ""cpu6"": 1600000, ""cpu7"": 1600000}"
42970811,6002020352,10029924352,779604,18284,2321829888,4798070784,1,95.19121418323476,2565456,411250,10383673,27341,"{""thermal_zone0"": 41000, ""thermal_zone1"": 41000}","{""cpu0"": 1600000, ""cpu1"": 1600000, ""cpu2"": 1600000, ""cpu3"": 1600000, ""cpu4"": 1600000, ""cpu5"": 1600000, ""cpu6"": 1600000, ""cpu7"": 1600000}"
43086274,6017748992,10029924352,781633,18317,2326482944,4789522432,1,95.26809107705722,2565465,411255,10383752,27341,"{""thermal_zone0"": 42000, ""thermal_zone1"": 41000}","{""cpu0"": 1600000, ""cpu1"": 1600000, ""cpu2"": 1600000, ""cpu3"": 1600000, ""cpu4"": 1600000, ""cpu5"": 1600000, ""cpu6"": 1600000, ""cpu7"": 1600000}"
43203912,6032691200,10029924352,783507,18374,2333954048,4782497792,1,102.00759446540795,2565475,411261,10383819,27347,"{""thermal_zone0"": 42000, ""thermal_zone1"": 42000}","{""cpu0"": 1600000, ""cpu1"": 1600000, ""cpu2"": 1600000, ""cpu3"": 1600000, ""cpu4"": 1600000, ""cpu5"": 1600000, ""cpu6"": 1600000, ""cpu7"": 1600000}"
43325109,6048681984,10029924352,785504,18435,2341818368,4774453248,1,90.76152392262131,2565488,411264,10383898,27347,"{""thermal_zone0"": 42000, ""thermal_zone1"": 41000}","{""cpu0"": 1600000, ""cpu1"": 1600000, ""cpu2"": 1600000, ""cpu3"": 1600000, ""cpu4"": 1600000, ""cpu5"": 1600000, ""cpu6"": 1600000, ""cpu7"": 1600000}"
43441477,6063624192,10029924352,787409,18492,2349289472,4766711808,1,94.5279830242867,2565496,411274,10383974,27347,"{""thermal_zone0"": 42000, ""thermal_zone1"": 42000}","{""cpu0"": 1600000, ""cpu1"": 1600000, ""cpu2"": 1600000, ""cpu3"": 1600000, ""cpu4"": 1600000, ""cpu5"": 1600000, ""cpu6"": 1600000, ""cpu7"": 1600000}"
43557936,6079221760,10029924352,789393,18533,2354229248,4758945792,1,103.04023210155748,2565506,411276,10384053,27348,"{""thermal_zone0"": 42000, ""thermal_zone1"": 41000}","{""cpu0"": 1600000, ""cpu1"": 1600000, ""cpu2"": 1600000, ""cpu3"": 1600000, ""cpu4"": 1600000, ""cpu5"": 1600000, ""cpu6"": 1600000, ""cpu7"": 1600000}"
43674259,6094163968,10029924352,791353,18590,2361831424,4751192064,1,103.16121732437216,2565514,411282,10384132,27348,"{""thermal_zone0"": 42000, ""thermal_zone1"": 41000}","{""cpu0"": 1600000, ""cpu1"": 1600000, ""cpu2"": 1600000, ""cpu3"": 1600000, ""cpu4"": 1600000, ""cpu5"": 1600000, ""cpu6"": 1600000, ""cpu7"": 1600000}"
43790546,6109630464,10029924352,793350,18649,2369433600,4743884800,1,94.5933852170025,2565525,411286,10384211,27348,"{""thermal_zone0"": 43000, ""thermal_zone1"": 41000}","{""cpu0"": 1600000, ""cpu1"": 1600000, ""cpu2"": 1600000, ""cpu3"": 1600000, ""cpu4"": 1600000, ""cpu5"": 1600000, ""cpu6"": 1600000, ""cpu7"": 1600000}"
43906860,6125096960,10029924352,795366,18708,2377297920,4735717376,1,94.57203707247926,2565535,411289,10384290,27348,"{""thermal_zone0"": 41000, ""thermal_zone1"": 42000}","{""cpu0"": 1600000, ""cpu1"": 1600000, ""cpu2"": 1600000, ""cpu3"": 1600000, ""cpu4"": 1600000, ""cpu5"": 1600000, ""cpu6"": 1600000, ""cpu7"": 1600000}"
44023152,6140301312,10029924352,797323,18766,2384769024,4728860672,1,94.58904730719858,2565543,411298,10384365,27348,"{""thermal_zone0"": 42000, ""thermal_zone1"": 42000}","{""cpu0"": 1600000, ""cpu1"": 1600000, ""cpu2"": 1600000, ""cpu3"": 1600000, ""cpu4"": 1600000, ""cpu5"": 1600000, ""cpu6"": 1600000, ""cpu7"": 1600000}"
44139562,6155505664,10029924352,799296,18824,2392371200,4720832512,1,103.08437823166841,2565551,411303,10384444,27348,"{""thermal_zone0"": 42000, ""thermal_zone1"": 42000}","{""cpu0"": 1600000, ""cpu1"": 1600000, ""cpu2"": 1600000, ""cpu3"": 1600000, ""cpu4"": 1600000, ""cpu5"": 1600000, ""cpu6"": 1600000, ""cpu7"": 1600000}"
44255928,6170972160,10029924352,801300,18883,2400104448,4712992768,1,103.12261730358847,2565560,411308,10384522,27348,"{""thermal_zone0"": 42000, ""thermal_zone1"": 41000}","{""cpu0"": 1600000, ""cpu1"": 1600000, ""cpu2"": 1600000, ""cpu3"": 1600000, ""cpu4"": 1600000, ""cpu5"": 1600000, ""cpu6"": 1600000, ""cpu7"": 1600000}"
44372287,6186176512,10029924352,803288,18941,2407636992,4705542144,1,94.53482083129092,2565568,411314,10384601,27348,"{""thermal_zone0"": 42000, ""thermal_zone1"": 42000}","{""cpu0"": 1600000, ""cpu1"": 1600000, ""cpu2"": 1600000, ""cpu3"": 1600000, ""cpu4"": 1600000, ""cpu5"": 1600000, ""cpu6"": 1600000, ""cpu7"": 1600000}"
44488246,6200856576,10029924352,805202,19000,2414874624,4697653248,1,86.23750120010263,2565574,411322,10384678,27348,"{""thermal_zone0"": 42000, ""thermal_zone1"": 42000}","{""cpu0"": 1600000, ""cpu1"": 1600000, ""cpu2"": 1600000, ""cpu3"": 1600000, ""cpu4"": 1600000, ""cpu5"": 1600000, ""cpu6"": 1600000, ""cpu7"": 1600000}"
44605694,6215798784,10029924352,807118,19057,2422345728,4687376384,1,110.68758540558304,2565585,411328,10384755,27348,"{""thermal_zone0"": 42000, ""thermal_zone1"": 43000}","{""cpu0"": 1600000, ""cpu1"": 1600000, ""cpu2"": 1600000, ""cpu3"": 1600000, ""cpu4"": 1600000, ""cpu5"": 1600000, ""cpu6"": 1600000, ""cpu7"": 1600000}"
44730915,6232313856,10029924352,809256,19120,2430603264,4681895936,1,95.83048660221519,2565594,411348,10384826,27348,"{""thermal_zone0"": 43000, ""thermal_zone1"": 43000}","{""cpu0"": 1600000, ""cpu1"": 1600000, ""cpu2"": 1600000, ""cpu3"": 1600000, ""cpu4"": 1600000, ""cpu5"": 1600000, ""cpu6"": 1600000, ""cpu7"": 1600000}"
44852449,6247780352,10029924352,811261,19178,2438336512,4672913408,1,90.50939096642226,2565604,411365,10384896,27348,"{""thermal_zone0"": 43000, ""thermal_zone1"": 44000}","{""cpu0"": 1600000, ""cpu1"": 1600000, ""cpu2"": 1600000, ""cpu3"": 1600000, ""cpu4"": 1600000, ""cpu5"": 1600000, ""cpu6"": 1600000, ""cpu7"": 1600000}"
44970171,6263508992,10029924352,813323,19239,2446200832,4665528320,1,101.93545874880951,2565615,411368,10384976,27348,"{""thermal_zone0"": 43000, ""thermal_zone1"": 42000}","{""cpu0"": 1600000, ""cpu1"": 1600000, ""cpu2"": 1600000, ""cpu3"": 1600000, ""cpu4"": 1600000, ""cpu5"": 1600000, ""cpu6"": 1600000, ""cpu7"": 1600000}"
45086406,6280024064,10029924352,815461,19302,2454458368,4657397760,1,94.6354647918475,2565624,411370,10385055,27348,"{""thermal_zone0"": 42000, ""thermal_zone1"": 42000}","{""cpu0"": 1600000, ""cpu1"": 1600000, ""cpu2"": 1600000, ""cpu3"": 1600000, ""cpu4"": 1600000, ""cpu5"": 1600000, ""cpu6"": 1600000, ""cpu7"": 1600000}"
45202257,6293786624,10029924352,817261,19355,2461077504,4651483136,1,94.94947759876396,2565632,411379,10385130,27349,"{""thermal_zone0"": 42000, ""thermal_zone1"": 42000}","{""cpu0"": 1600000, ""cpu1"": 1600000, ""cpu2"": 1600000, ""cpu3"": 1600000, ""cpu4"": 1600000, ""cpu5"": 1600000, ""cpu6"": 1600000, ""cpu7"": 1600000}"
45319294,6308466688,10029924352,819141,19411,2468548608,4643942400,1,85.44341543989859,2565640,411384,10385209,27350,"{""thermal_zone0"": 42000, ""thermal_zone1"": 41000}","{""cpu0"": 1600000, ""cpu1"": 1600000, ""cpu2"": 1600000, ""cpu3"": 1600000, ""cpu4"": 1600000, ""cpu5"": 1600000, ""cpu6"": 1600000, ""cpu7"": 1600000}"
45435671,6323277824,10029924352,821070,19467,2476019712,4636438528,1,103.1130916462714,2565650,411387,10385288,27350,"{""thermal_zone0"": 42000, ""thermal_zone1"": 41000}","{""cpu0"": 1600000, ""cpu1"": 1600000, ""cpu2"": 1600000, ""cpu3"": 1600000, ""cpu4"": 1600000, ""cpu5"": 1600000, ""cpu6"": 1600000, ""cpu7"": 1600000}"
45552062,6338351104,10029924352,823027,19525,2483490816,4629213184,1,103.10080038955607,2565657,411394,10385367,27350,"{""thermal_zone0"": 42000, ""thermal_zone1"": 42000}","{""cpu0"": 1600000, ""cpu1"": 1600000, ""cpu2"": 1600000, ""cpu3"": 1600000, ""cpu4"": 1600000, ""cpu5"": 1600000, ""cpu6"": 1600000, ""cpu7"": 1600000}"
45668215,6353686528,10029924352,825016,19584,2491224064,4621451264,1,86.09346914830634,2565667,411397,10385446,27350,"{""thermal_zone0"": 42000, ""thermal_zone1"": 42000}","{""cpu0"": 1600000, ""cpu1"": 1600000, ""cpu2"": 1600000, ""cpu3"": 1600000, ""cpu4"": 1600000, ""cpu5"": 1600000, ""cpu6"": 1600000, ""cpu7"": 1600000}"
45786426,6368759808,10029924352,826970,19641,2498695168,4613402624,1,109.97261445036092,2565677,411404,10385523,27350,"{""thermal_zone0"": 42000, ""thermal_zone1"": 42000}","{""cpu0"": 1600000, ""cpu1"": 1600000, ""cpu2"": 1600000, ""cpu3"": 1600000, ""cpu4"": 1600000, ""cpu5"": 1600000, ""cpu6"": 1600000, ""cpu7"": 1600000}"
45902895,6383964160,10029924352,828942,19699,2506297344,4605693952,1,94.44590993014687,2565688,411406,10385602,27350,"{""thermal_zone0"": 41000, ""thermal_zone1"": 42000}","{""cpu0"": 1600000, ""cpu1"": 1600000, ""cpu2"": 1600000, ""cpu3"": 1600000, ""cpu4"": 1600000, ""cpu5"": 1600000, ""cpu6"": 1600000, ""cpu7"": 1600000}"
46019187,6399299584,10029924352,830931,19757,2513899520,4598099968,1,94.58931816072516,2565700,411407,10385681,27350,"{""thermal_zone0"": 42000, ""thermal_zone1"": 42000}","{""cpu0"": 1600000, ""cpu1"": 1600000, ""cpu2"": 1600000, ""cpu3"": 1600000, ""cpu4"": 1600000, ""cpu5"": 1600000, ""cpu6"": 1600000, ""cpu7"": 1600000}"
46135628,6414635008,10029924352,832925,19816,2521632768,4590219264,1,94.46814712280296,2565711,411410,10385760,27350,"{""thermal_zone0"": 42000, ""thermal_zone1"": 42000}","{""cpu0"": 1600000, ""cpu1"": 1600000, ""cpu2"": 1600000, ""cpu3"": 1600000, ""cpu4"": 1600000, ""cpu5"": 1600000, ""cpu6"": 1600000, ""cpu7"": 1600000}"
46251961,6429839360,10029924352,834893,19874,2529234944,4583309312,1,111.74817888290882,2565718,411419,10385835,27350,"{""thermal_zone0"": 42000, ""thermal_zone1"": 42000}","{""cpu0"": 1600000, ""cpu1"": 1600000, ""cpu2"": 1600000, ""cpu3"": 1600000, ""cpu4"": 1600000, ""cpu5"": 1600000, ""cpu6"": 1600000, ""cpu7"": 1600000}"
46368242,6444650496,10029924352,836818,19931,2536706048,4575772672,1,94.5985370525442,2565727,411424,10385914,27350,"{""thermal_zone0"": 41000, ""thermal_zone1"": 42000}","{""cpu0"": 1600000, ""cpu1"": 1600000, ""cpu2"": 1600000, ""cpu3"": 1600000, ""cpu4"": 1600000, ""cpu5"": 1600000, ""cpu6"": 1600000, ""cpu7"": 1600000}"
46484498,6459199488,10029924352,838705,19986,2544046080,4568616960,1,94.61864132946899,2565734,411437,10385986,27350,"{""thermal_zone0"": 42000, ""thermal_zone1"": 43000}","{""cpu0"": 1600000, ""cpu1"": 1600000, ""cpu2"": 1600000, ""cpu3"": 1600000, ""cpu4"": 1600000, ""cpu5"": 1600000, ""cpu6"": 1600000, ""cpu7"": 1600000}"
46606149,6475452416,10029924352,840818,20048,2552172544,4562657280,1,98.64313166493108,2565743,411456,10386056,27350,"{""thermal_zone0"": 42000, ""thermal_zone1"": 44000}","{""cpu0"": 1600000, ""cpu1"": 1600000, ""cpu2"": 1600000, ""cpu3"": 1600000, ""cpu4"": 1600000, ""cpu5"": 1600000, ""cpu6"": 1600000, ""cpu7"": 1600000}"
46730843,6491705344,10029924352,842947,20110,2560036864,4550672384,1,96.23533079840382,2565754,411464,10386135,27350,"{""thermal_zone0"": 41000, ""thermal_zone1"": 42000}","{""cpu0"": 1600000, ""cpu1"": 1600000, ""cpu2"": 1600000, ""cpu3"": 1600000, ""cpu4"": 1600000, ""cpu5"": 1600000, ""cpu6"": 1600000, ""cpu7"": 1600000}"
46846379,6507171840,10029924352,844941,20169,2567573504,4542685184,1,86.55369632060929,2565762,411471,10386211,27350,"{""thermal_zone0"": 42000, ""thermal_zone1"": 42000}","{""cpu0"": 1600000, ""cpu1"": 1600000, ""cpu2"": 1600000, ""cpu3"": 1600000, ""cpu4"": 1600000, ""cpu5"": 1600000, ""cpu6"": 1600000, ""cpu7"": 1600000}"
46962770,6522376192,10029924352,846906,20226,2575044608,4534890496,1,103.1004673243474,2565773,411474,10386290,27350,"{""thermal_zone0"": 42000, ""thermal_zone1"": 42000}","{""cpu0"": 1600000, ""cpu1"": 1600000, ""cpu2"": 1600000, ""cpu3"": 1600000, ""cpu4"": 1600000, ""cpu5"": 1600000, ""cpu6"": 1600000, ""cpu7"": 1600000}"
47079120,6537580544,10029924352,848894,20285,2582777856,4527185920,1,103.13657667785483,2565782,411478,10386368,27350,"{""thermal_zone0"": 42000, ""thermal_zone1"": 42000}","{""cpu0"": 1600000, ""cpu1"": 1600000, ""cpu2"": 1600000, ""cpu3"": 1600000, ""cpu4"": 1600000, ""cpu5"": 1600000, ""cpu6"": 1600000, ""cpu7"": 1600000}"
47195784,6555406336,10029924352,851194,20301,2584354816,4518158336,1,94.2882848537545,2565793,411480,10386448,27350,"{""thermal_zone0"": 42000, ""thermal_zone1"": 42000}","{""cpu0"": 1600000, ""cpu1"": 1600000, ""cpu2"": 1600000, ""cpu3"": 1600000, ""cpu4"": 1600000, ""cpu5"": 1600000, ""cpu6"": 1600000, ""cpu7"": 1600000}"
47311409,6574018560,10029924352,853597,20301,2584354816,4508868608,1,95.134650514083,2565803,411484,10386527,27350,"{""thermal_zone0"": 42000, ""thermal_zone1"": 41000}","{""cpu0"": 1600000, ""cpu1"": 1600000, ""cpu2"": 1600000, ""cpu3"": 1600000, ""cpu4"": 1600000, ""cpu5"": 1600000, ""cpu6"": 1600000, ""cpu7"": 1600000}"
47427061,6592368640,10029924352,855990,20301,2584354816,4499836928,1,103.76007309274588,2565814,411486,10386606,27350,"{""thermal_zone0"": 42000, ""thermal_zone1"": 41000}","{""cpu0"": 1600000, ""cpu1"": 1600000, ""cpu2"": 1600000, ""cpu3"": 1600000, ""cpu4"": 1600000, ""cpu5"": 1600000, ""cpu6"": 1600000, ""cpu7"": 1600000}"
47542615,6611243008,10029924352,858424,20301,2584354816,4490240000,1,103.8476200946668,2565826,411491,10386682,27350,"{""thermal_zone0"": 42000, ""thermal_zone1"": 41000}","{""cpu0"": 1600000, ""cpu1"": 1600000, ""cpu2"": 1600000, ""cpu3"": 1600000, ""cpu4"": 1600000, ""cpu5"": 1600000, ""cpu6"": 1600000, ""cpu7"": 1600000}"
47658630,6629855232,10029924352,860847,20301,2584354816,4480950272,1,103.43490244252732,2565836,411494,10386761,27350,"{""thermal_zone0"": 42000, ""thermal_zone1"": 41000}","{""cpu0"": 1600000, ""cpu1"": 1600000, ""cpu2"": 1600000, ""cpu3"": 1600000, ""cpu4"": 1600000, ""cpu5"": 1600000, ""cpu6"": 1600000, ""cpu7"": 1600000}"
47774341,6648467456,10029924352,863275,20301,2584354816,4471402496,1,95.06452716515965,2565846,411497,10386840,27350,"{""thermal_zone0"": 42000, ""thermal_zone1"": 41000}","{""cpu0"": 1600000, ""cpu1"": 1600000, ""cpu2"": 1600000, ""cpu3"": 1600000, ""cpu4"": 1600000, ""cpu5"": 1600000, ""cpu6"": 1600000, ""cpu7"": 1600000}"
47889794,6667079680,10029924352,865688,20301,2584354816,4462112768,1,103.9379778526878,2565857,411498,10386920,27350,"{""thermal_zone0"": 42000, ""thermal_zone1"": 42000}","{""cpu0"": 1600000, ""cpu1"": 1600000, ""cpu2"": 1600000, ""cpu3"": 1600000, ""cpu4"": 1600000, ""cpu5"": 1600000, ""cpu6"": 1600000, ""cpu7"": 1600000}"
48005099,6685954048,10029924352,868117,20301,2584354816,4452564992,1,95.39939041524059,2565868,411501,10386999,27350,"{""thermal_zone0"": 42000, ""thermal_zone1"": 42000}","{""cpu0"": 1600000, ""cpu1"": 1600000, ""cpu2"": 1600000, ""cpu3"": 1600000, ""cpu4"": 1600000, ""cpu5"": 1600000, ""cpu6"": 1600000, ""cpu7"": 1600000}"
48120638,6704041984,10029924352,870490,20306,2584498176,4443123712,1,103.86136384355524,2565879,411502,10387078,27350,"{""thermal_zone0"": 42000, ""thermal_zone1"": 41000}","{""cpu0"": 1600000, ""cpu1"": 1600000, ""cpu2"": 1600000, ""cpu3"": 1600000, ""cpu4"": 1600000, ""cpu5"": 1600000, ""cpu6"": 1600000, ""cpu7"": 1600000}"
48236037,6722916352,10029924352,872917,20306,2584498176,4433833984,1,95.32130372125617,2565891,411505,10387156,27350,"{""thermal_zone0"": 42000, ""thermal_zone1"": 41000}","{""cpu0"": 1600000, ""cpu1"": 1600000, ""cpu2"": 1600000, ""cpu3"": 1600000, ""cpu4"": 1600000, ""cpu5"": 1600000, ""cpu6"": 1600000, ""cpu7"": 1600000}"
48355245,6743101440,10029924352,875527,20306,2584498176,4424347648,1,92.2752844534542,2565902,411516,10387227,27350,"{""thermal_zone0"": 43000, ""thermal_zone1"": 41000}","{""cpu0"": 1600000, ""cpu1"": 1600000, ""cpu2"": 1600000, ""cpu3"": 1600000, ""cpu4"": 1600000, ""cpu5"": 1600000, ""cpu6"": 1600000, ""cpu7"": 1600000}"
48471686,6761713664,10029924352,877958,20306,2584498176,4415021056,1,103.05627112868258,2565913,411518,10387306,27350,"{""thermal_zone0"": 42000, ""thermal_zone1"": 41000}","{""cpu0"": 1600000, ""cpu1"": 1600000, ""cpu2"": 1600000, ""cpu3"": 1600000, ""cpu4"": 1600000, ""cpu5"": 1600000, ""cpu6"": 1600000, ""cpu7"": 1600000}"
48587365,6780325888,10029924352,880359,20306,2584498176,4405731328,1,103.73536975776658,2565925,411519,10387385,27350,"{""thermal_zone0"": 42000, ""thermal_zone1"": 41000}","{""cpu0"": 1600000, ""cpu1"": 1600000, ""cpu2"": 1600000, ""cpu3"": 1600000, ""cpu4"": 1600000, ""cpu5"": 1600000, ""cpu6"": 1600000, ""cpu7"": 1600000}"
48702905,6798675968,10029924352,882741,20307,2584522752,4396482560,1,95.20511717465001,2565936,411521,10387464,27350,"{""thermal_zone0"": 42000, ""thermal_zone1"": 42000}","{""cpu0"": 1600000, ""cpu1"": 1600000, ""cpu2"": 1600000, ""cpu3"": 1600000, ""cpu4"": 1600000, ""cpu5"": 1600000, ""cpu6"": 1600000, ""cpu7"": 1600000}"
48818513,6817288192,10029924352,885163,20307,2584522752,4386934784,1,103.79986210188319,2565947,411524,10387543,27350,"{""thermal_zone0"": 41000, ""thermal_zone1"": 42000}","{""cpu0"": 1600000, ""cpu1"": 1600000, ""cpu2"": 1600000, ""cpu3"": 1600000, ""cpu4"": 1600000, ""cpu5"": 1600000, ""cpu6"": 1600000, ""cpu7"": 1600000}"
48934019,6835900416,10029924352,887570,20307,2584522752,4377645056,1,103.89032561513636,2565958,411525,10387622,27350,"{""thermal_zone0"": 41000, ""thermal_zone1"": 41000}","{""cpu0"": 1600000, ""cpu1"": 1600000, ""cpu2"": 1600000, ""cpu3"": 1600000, ""cpu4"": 1600000, ""cpu5"": 1600000, ""cpu6"": 1600000, ""cpu7"": 1600000}"
49049525,6854512640,10029924352,889992,20307,2584522752,4368355328,1,95.23341602046825,2565971,411526,10387702,27350,"{""thermal_zone0"": 41000, ""thermal_zone1"": 41000}","{""cpu0"": 1600000, ""cpu1"": 1600000, ""cpu2"": 1600000, ""cpu3"": 1600000, ""cpu4"": 1600000, ""cpu5"": 1600000, ""cpu6"": 1600000, ""cpu7"": 1600000}"
49164817,6873387008,10029924352,892432,20307,2584522752,4358787072,1,104.08330696050263,2565982,411528,10387780,27350,"{""thermal_zone0"": 42000, ""thermal_zone1"": 41000}","{""cpu0"": 1600000, ""cpu1"": 1600000, ""cpu2"": 1600000, ""cpu3"": 1600000, ""cpu4"": 1600000, ""cpu5"": 1600000, ""cpu6"": 1600000, ""cpu7"": 1600000}"
49280312,6891999232,10029924352,894854,20307,2584522752,4350353408,1,103.90048210949287,2565993,411534,10387856,27350,"{""thermal_zone0"": 42000, ""thermal_zone1"": 41000}","{""cpu0"": 1600000, ""cpu1"": 1600000, ""cpu2"": 1600000, ""cpu3"": 1600000, ""cpu4"": 1600000, ""cpu5"": 1600000, ""cpu6"": 1600000, ""cpu7"": 1600000}"
49395807,6909693952,10029924352,897160,20314,2584719360,4341256192,1,95.242383206863,2566004,411536,10387935,27350,"{""thermal_zone0"": 42000, ""thermal_zone1"": 42000}","{""cpu0"": 1600000, ""cpu1"": 1600000, ""cpu2"": 1600000, ""cpu3"": 1600000, ""cpu4"": 1600000, ""cpu5"": 1600000, ""cpu6"": 1600000, ""cpu7"": 1600000}"
49511264,6928175104,10029924352,899560,20314,2584719360,4331966464,1,95.27324817960539,2566016,411538,10388014,27350,"{""thermal_zone0"": 42000, ""thermal_zone1"": 42000}","{""cpu0"": 1600000, ""cpu1"": 1600000, ""cpu2"": 1600000, ""cpu3"": 1600000, ""cpu4"": 1600000, ""cpu5"": 1600000, ""cpu6"": 1600000, ""cpu7"": 1600000}"
49626930,6944952320,10029924352,901740,20335,2587668480,4323426304,1,95.10185339333442,2566026,411540,10388093,27351,"{""thermal_zone0"": 42000, ""thermal_zone1"": 41000}","{""cpu0"": 1600000, ""cpu1"": 1600000, ""cpu2"": 1600000, ""cpu3"": 1600000, ""cpu4"": 1600000, ""cpu5"": 1600000, ""cpu6"": 1600000, ""cpu7"": 1600000}"
49743772,6959894528,10029924352,903677,20392,2595139584,4315656192,1,94.14373987735483,2566034,411547,10388172,27351,"{""thermal_zone0"": 42000, ""thermal_zone1"": 41000}","{""cpu0"": 1600000, ""cpu1"": 1600000, ""cpu2"": 1600000, ""cpu3"": 1600000, ""cpu4"": 1600000, ""cpu5"": 1600000, ""cpu6"": 1600000, ""cpu7"": 1600000}"
49859995,6975361024,10029924352,905676,20451,2602872832,4308180992,1,103.24964401888879,2566045,411549,10388251,27351,"{""thermal_zone0"": 42000, ""thermal_zone1"": 42000}","{""cpu0"": 1600000, ""cpu1"": 1600000, ""cpu2"": 1600000, ""cpu3"": 1600000, ""cpu4"": 1600000, ""cpu5"": 1600000, ""cpu6"": 1600000, ""cpu7"": 1600000}"
49976281,6990172160,10029924352,907607,20507,2610212864,4300001280,1,103.19433683926633,2566052,411558,10388326,27351,"{""thermal_zone0"": 42000, ""thermal_zone1"": 41000}","{""cpu0"": 1600000, ""cpu1"": 1600000, ""cpu2"": 1600000, ""cpu3"": 1600000, ""cpu4"": 1600000, ""cpu5"": 1600000, ""cpu6"": 1600000, ""cpu7"": 1600000}"
50092378,7005245440,10029924352,909550,20565,2617815040,4292435968,1,94.7480533840163,2566063,411562,10388405,27351,"{""thermal_zone0"": 42000, ""thermal_zone1"": 41000}","{""cpu0"": 1600000, ""cpu1"": 1600000, ""cpu2"": 1600000, ""cpu3"": 1600000, ""cpu4"": 1600000, ""cpu5"": 1600000, ""cpu6"": 1600000, ""cpu7"": 1600000}"
50208506,7020056576,10029924352,911484,20618,2624475136,4285042688,1,103.33429279224191,2566070,411569,10388484,27351,"{""thermal_zone0"": 42000, ""thermal_zone1"": 41000}","{""cpu0"": 1600000, ""cpu1"": 1600000, ""cpu2"": 1600000, ""cpu3"": 1600000, ""cpu4"": 1600000, ""cpu5"": 1600000, ""cpu6"": 1600000, ""cpu7"": 1600000}"
50324718,7034867712,10029924352,913406,20674,2631815168,4277678080,1,86.04960677222797,2566076,411578,10388563,27351,"{""thermal_zone0"": 42000, ""thermal_zone1"": 41000}","{""cpu0"": 1600000, ""cpu1"": 1600000, ""cpu2"": 1600000, ""cpu3"": 1600000, ""cpu4"": 1600000, ""cpu5"": 1600000, ""cpu6"": 1600000, ""cpu7"": 1600000}"
50440928,7050072064,10029924352,915383,20732,2639417344,4270665728,1,103.26182328730175,2566088,411581,10388640,27351,"{""thermal_zone0"": 43000, ""thermal_zone1"": 42000}","{""cpu0"": 1600000, ""cpu1"": 1600000, ""cpu2"": 1600000, ""cpu3"": 1600000, ""cpu4"": 1600000, ""cpu5"": 1600000, ""cpu6"": 1600000, ""cpu7"": 1600000}"
50558645,7065145344,10029924352,917320,20789,2646888448,4263079936,1,101.93892161312328,2566097,411588,10388718,27351,"{""thermal_zone0"": 41000, ""thermal_zone1"": 42000}","{""cpu0"": 1600000, ""cpu1"": 1600000, ""cpu2"": 1600000, ""cpu3"": 1600000, ""cpu4"": 1600000, ""cpu5"": 1600000, ""cpu6"": 1600000, ""cpu7"": 1600000}"
50675011,7080087552,10029924352,919265,20844,2653638656,4255506432,1,94.52981078363082,2566105,411593,10388797,27351,"{""thermal_zone0"": 41000, ""thermal_zone1"": 41000}","{""cpu0"": 1600000, ""cpu1"": 1600000, ""cpu2"": 1600000, ""cpu3"": 1600000, ""cpu4"": 1600000, ""cpu5"": 1600000, ""cpu6"": 1600000, ""cpu7"": 1600000}"
50790751,7094767616,10029924352,921166,20898,2660925440,4247924736,1,95.04046866355907,2566112,411600,10388876,27351,"{""thermal_zone0"": 42000, ""thermal_zone1"": 41000}","{""cpu0"": 1600000, ""cpu1"": 1600000, ""cpu2"": 1600000, ""cpu3"": 1600000, ""cpu4"": 1600000, ""cpu5"": 1600000, ""cpu6"": 1600000, ""cpu7"": 1600000}"
50907049,7109709824,10029924352,923105,20955,2668265472,4240736256,1,103.18339252978895,2566120,411606,10388954,27351,"{""thermal_zone0"": 42000, ""thermal_zone1"": 42000}","{""cpu0"": 1600000, ""cpu1"": 1600000, ""cpu2"": 1600000, ""cpu3"": 1600000, ""cpu4"": 1600000, ""cpu5"": 1600000, ""cpu6"": 1600000, ""cpu7"": 1600000}"
51023378,7124389888,10029924352,925034,21012,2675671040,4232597504,1,94.55926695042986,2566129,411614,10389030,27351,"{""thermal_zone0"": 42000, ""thermal_zone1"": 42000}","{""cpu0"": 1600000, ""cpu1"": 1600000, ""cpu2"": 1600000, ""cpu3"": 1600000, ""cpu4"": 1600000, ""cpu5"": 1600000, ""cpu6"": 1600000, ""cpu7"": 1600000}"
51139628,7139463168,10029924352,926992,21070,2683142144,4225007616,1,94.62328800235547,2566136,411620,10389109,27351,"{""thermal_zone0"": 42000, ""thermal_zone1"": 42000}","{""cpu0"": 1600000, ""cpu1"": 1600000, ""cpu2"": 1600000, ""cpu3"": 1600000, ""cpu4"": 1600000, ""cpu5"": 1600000, ""cpu6"": 1600000, ""cpu7"": 1600000}"
51255747,7155060736,10029924352,928995,21119,2689183744,4217184256,1,103.34215327034725,2566144,411625,10389188,27351,"{""thermal_zone0"": 42000, ""thermal_zone1"": 42000}","{""cpu0"": 1600000, ""cpu1"": 1600000, ""cpu2"": 1600000, ""cpu3"": 1600000, ""cpu4"": 1600000, ""cpu5"": 1600000, ""cpu6"": 1600000, ""cpu7"": 1600000}"
51371773,7170002944,10029924352,930961,21177,2696654848,4209651712,1,94.80691666446168,2566151,411632,10389267,27351,"{""thermal_zone0"": 42000, ""thermal_zone1"": 42000}","{""cpu0"": 1600000, ""cpu1"": 1600000, ""cpu2"": 1600000, ""cpu3"": 1600000, ""cpu4"": 1600000, ""cpu5"": 1600000, ""cpu6"": 1600000, ""cpu7"": 1600000}"
51487889,7185338368,10029924352,932936,21235,2704257024,4202000384,1,94.7326183902813,2566156,411640,10389346,27351,"{""thermal_zone0"": 42000, ""thermal_zone1"": 42000}","{""cpu0"": 1600000, ""cpu1"": 1600000, ""cpu2"": 1600000, ""cpu3"": 1600000, ""cpu4"": 1600000, ""cpu5"": 1600000, ""cpu6"": 1600000, ""cpu7"": 1600000}"
51604033,7200149504,10029924352,934843,21291,2711728128,4193857536,1,94.71008691355256,2566165,411652,10389415,27351,"{""thermal_zone0"": 43000, ""thermal_zone1"": 43000}","{""cpu0"": 1600000, ""cpu1"": 1600000, ""cpu2"": 1600000, ""cpu3"": 1600000, ""cpu4"": 1600000, ""cpu5"": 1600000, ""cpu6"": 1600000, ""cpu7"": 1600000}"
51721468,7215616000,10029924352,936848,21350,2719461376,4187181056,1,102.18414000984748,2566174,411657,10389494,27351,"{""thermal_zone0"": 42000, ""thermal_zone1"": 41000}","{""cpu0"": 1600000, ""cpu1"": 1600000, ""cpu2"": 1600000, ""cpu3"": 1600000, ""cpu4"": 1600000, ""cpu5"": 1600000, ""cpu6"": 1600000, ""cpu7"": 1600000}"
51837784,7230820352,10029924352,938829,21409,2727063552,4179591168,1,94.56997027055428,2566185,411659,10389573,27351,"{""thermal_zone0"": 42000, ""thermal_zone1"": 41000}","{""cpu0"": 1600000, ""cpu1"": 1600000, ""cpu2"": 1600000, ""cpu3"": 1600000, ""cpu4"": 1600000, ""cpu5"": 1600000, ""cpu6"": 1600000, ""cpu7"": 1600000}"
51954038,7246024704,10029924352,940818,21467,2734665728,4171939840,1,94.62071107326742,2566196,411661,10389652,27351,"{""thermal_zone0"": 42000, ""thermal_zone1"": 41000}","{""cpu0"": 1600000, ""cpu1"": 1600000, ""cpu2"": 1600000, ""cpu3"": 1600000, ""cpu4"": 1600000, ""cpu5"": 1600000, ""cpu6"": 1600000, ""cpu7"": 1600000}"
52070242,7262015488,10029924352,942893,21528,2742661120,4163301376,1,94.66033689631112,2566204,411668,10389729,27351,"{""thermal_zone0"": 42000, ""thermal_zone1"": 42000}","{""cpu0"": 1600000, ""cpu1"": 1600000, ""cpu2"": 1600000, ""cpu3"": 1600000, ""cpu4"": 1600000, ""cpu5"": 1600000, ""cpu6"": 1600000, ""cpu7"": 1600000}"
52185699,7278006272,10029924352,944941,21588,2750656512,4155207680,1,95.2737977533711,2566213,411670,10389809,27351,"{""thermal_zone0"": 43000, ""thermal_zone1"": 43000}","{""cpu0"": 1600000, ""cpu1"": 1600000, ""cpu2"": 1600000, ""cpu3"": 1600000, ""cpu4"": 1600000, ""cpu5"": 1600000, ""cpu6"": 1600000, ""cpu7"": 1600000}"
52300947,7293472768,10029924352,946946,21647,2758389760,4146323456,1,95.44626229660228,2566222,411677,10389885,27351,"{""thermal_zone0"": 43000, ""thermal_zone1"": 43000}","{""cpu0"": 1600000, ""cpu1"": 1600000, ""cpu2"": 1600000, ""cpu3"": 1600000, ""cpu4"": 1600000, ""cpu5"": 1600000, ""cpu6"": 1600000, ""cpu7"": 1600000}"
52423114,7308808192,10029924352,948951,21706,2766123008,4140261376,1,98.22673083644366,2566234,411693,10389955,27351,"{""thermal_zone0"": 42000, ""thermal_zone1"": 43000}","{""cpu0"": 1600000, ""cpu1"": 1600000, ""cpu2"": 1600000, ""cpu3"": 1600000, ""cpu4"": 1600000, ""cpu5"": 1600000, ""cpu6"": 1600000, ""cpu7"": 1600000}"
52544662,7324012544,10029924352,950935,21765,2773790720,4135550976,1,98.72607817762716,2566241,411713,10390026,27351,"{""thermal_zone0"": 42000, ""thermal_zone1"": 44000}","{""cpu0"": 1600000, ""cpu1"": 1600000, ""cpu2"": 1600000, ""cpu3"": 1600000, ""cpu4"": 1600000, ""cpu5"": 1600000, ""cpu6"": 1600000, ""cpu7"": 1600000}"
52669814,7340134400,10029924352,953012,21827,2781655040,4129263616,1,95.88325561622585,2566249,411722,10390105,27351,"{""thermal_zone0"": 43000, ""thermal_zone1"": 42000}","{""cpu0"": 1600000, ""cpu1"": 1600000, ""cpu2"": 1600000, ""cpu3"": 1600000, ""cpu4"": 1600000, ""cpu5"": 1600000, ""cpu6"": 1600000, ""cpu7"": 1600000}"
52786401,7355863040,10029924352,955053,21886,2789388288,4121395200,1,94.35001732695181,2566259,411726,10390185,27351,"{""thermal_zone0"": 43000, ""thermal_zone1"": 42000}","{""cpu0"": 1600000, ""cpu1"": 1600000, ""cpu2"": 1600000, ""cpu3"": 1600000, ""cpu4"": 1600000, ""cpu5"": 1600000, ""cpu6"": 1600000, ""cpu7"": 1600000}"
52902633,7371722752,10029924352,957110,21947,2797383680,4112998400,1,86.03523178876547,2566269,411727,10390265,27351,"{""thermal_zone0"": 42000, ""thermal_zone1"": 41000}","{""cpu0"": 1600000, ""cpu1"": 1600000, ""cpu2"": 1600000, ""cpu3"": 1600000, ""cpu4"": 1600000, ""cpu5"": 1600000, ""cpu6"": 1600000, ""cpu7"": 1600000}"
53019582,7386402816,10029924352,959030,22003,2804723712,4105687040,1,102.60870139231287,2566279,411733,10390341,27351,"{""thermal_zone0"": 42000, ""thermal_zone1"": 41000}","{""cpu0"": 1600000, ""cpu1"": 1600000, ""cpu2"": 1600000, ""cpu3"": 1600000, ""cpu4"": 1600000, ""cpu5"": 1600000, ""cpu6"": 1600000, ""cpu7"": 1600000}"
53135728,7401869312,10029924352,961018,22062,2812456960,4097765376,1,103.31846333829566,2566290,411735,10390420,27351,"{""thermal_zone0"": 42000, ""thermal_zone1"": 42000}","{""cpu0"": 1600000, ""cpu1"": 1600000, ""cpu2"": 1600000, ""cpu3"": 1600000, ""cpu4"": 1600000, ""cpu5"": 1600000, ""cpu6"": 1600000, ""cpu7"": 1600000}"
53251770,7417073664,10029924352,963008,22120,2820059136,4090175488,1,86.17517071689107,2566294,411745,10390499,27351,"{""thermal_zone0"": 42000, ""thermal_zone1"": 42000}","{""cpu0"": 1600000, ""cpu1"": 1600000, ""cpu2"": 1600000, ""cpu3"": 1600000, ""cpu4"": 1600000, ""cpu5"": 1600000, ""cpu6"": 1600000, ""cpu7"": 1600000}"
53367854,7432540160,10029924352,965004,22179,2827923456,4082188288,1,103.3741637159373,2566304,411755,10390571,27351,"{""thermal_zone0"": 42000, ""thermal_zone1"": 43000}","{""cpu0"": 1600000, ""cpu1"": 1600000, ""cpu2"": 1600000, ""cpu3"": 1600000, ""cpu4"": 1600000, ""cpu5"": 1600000, ""cpu6"": 1600000, ""cpu7"": 1600000}"
53487299,7448268800,10029924352,967040,22239,2835656704,4073676800,1,92.09229422751267,2566309,411766,10390646,27351,"{""thermal_zone0"": 42000, ""thermal_zone1"": 42000}","{""cpu0"": 1600000, ""cpu1"": 1600000, ""cpu2"": 1600000, ""cpu3"": 1600000, ""cpu4"": 1600000, ""cpu5"": 1600000, ""cpu6"": 1600000, ""cpu7"": 1600000}"
53603477,7462948864,10029924352,968958,22295,2842996736,4065796096,1,103.29019111500013,2566320,411769,10390725,27351,"{""thermal_zone0"": 43000, ""thermal_zone1"": 42000}","{""cpu0"": 1600000, ""cpu1"": 1600000, ""cpu2"": 1600000, ""cpu3"": 1600000, ""cpu4"": 1600000, ""cpu5"": 1600000, ""cpu6"": 1600000, ""cpu7"": 1600000}"
53719688,7478153216,10029924352,970928,22353,2850598912,4058402816,1,94.65483867833862,2566331,411771,10390804,27351,"{""thermal_zone0"": 42000, ""thermal_zone1"": 42000}","{""cpu0"": 1600000, ""cpu1"": 1600000, ""cpu2"": 1600000, ""cpu3"": 1600000, ""cpu4"": 1600000, ""cpu5"": 1600000, ""cpu6"": 1600000, ""cpu7"": 1600000}"
53835837,7493488640,10029924352,972905,22412,2858332160,4050616320,1,103.31546205429709,2566342,411774,10390883,27351,"{""thermal_zone0"": 42000, ""thermal_zone1"": 42000}","{""cpu0"": 1600000, ""cpu1"": 1600000, ""cpu2"": 1600000, ""cpu3"": 1600000, ""cpu4"": 1600000, ""cpu5"": 1600000, ""cpu6"": 1600000, ""cpu7"": 1600000}"
53952136,7508955136,10029924352,974907,22470,2866065408,4043022336,1,94.58396319445642,2566350,411779,10390962,27351,"{""thermal_zone0"": 42000, ""thermal_zone1"": 42000}","{""cpu0"": 1600000, ""cpu1"": 1600000, ""cpu2"": 1600000, ""cpu3"": 1600000, ""cpu4"": 1600000, ""cpu5"": 1600000, ""cpu6"": 1600000, ""cpu7"": 1600000}"
54068302,7524028416,10029924352,976872,22528,2873536512,4035862528,1,94.69259212104261,2566358,411788,10391038,27351,"{""thermal_zone0"": 42000, ""thermal_zone1"": 42000}","{""cpu0"": 1600000, ""cpu1"": 1600000, ""cpu2"": 1600000, ""cpu3"": 1600000, ""cpu4"": 1600000, ""cpu5"": 1600000, ""cpu6"": 1600000, ""cpu7"": 1600000}"
54184777,7539232768,10029924352,978838,22586,2881007616,4028149760,1,103.0259679785504,2566366,411794,10391117,27351,"{""thermal_zone0"": 42000, ""thermal_zone1"": 42000}","{""cpu0"": 1600000, ""cpu1"": 1600000, ""cpu2"": 1600000, ""cpu3"": 1600000, ""cpu4"": 1600000, ""cpu5"": 1600000, ""cpu6"": 1600000, ""cpu7"": 1600000}"
54300840,7554437120,10029924352,980828,22644,2888609792,4020613120,1,94.77594475548091,2566370,411804,10391196,27351,"{""thermal_zone0"": 42000, ""thermal_zone1"": 42000}","{""cpu0"": 1600000, ""cpu1"": 1600000, ""cpu2"": 1600000, ""cpu3"": 1600000, ""cpu4"": 1600000, ""cpu5"": 1600000, ""cpu6"": 1600000, ""cpu7"": 1600000}"
54416803,7569903616,10029924352,982818,22703,2896343040,4012707840,1,94.8582180516379,2566381,411806,10391275,27351,"{""thermal_zone0"": 42000, ""thermal_zone1"": 42000}","{""cpu0"": 1600000, ""cpu1"": 1600000, ""cpu2"": 1600000, ""cpu3"": 1600000, ""cpu4"": 1600000, ""cpu5"": 1600000, ""cpu6"": 1600000, ""cpu7"": 1600000}"
54532919,7585370112,10029924352,984826,22762,2904076288,4005081088,1,94.73275463619733,2566392,411809,10391354,27351,"{""thermal_zone0"": 43000, ""thermal_zone1"": 42000}","{""cpu0"": 1600000, ""cpu1"": 1600000, ""cpu2"": 1600000, ""cpu3"": 1600000, ""cpu4"": 1600000, ""cpu5"": 1600000, ""cpu6"": 1600000, ""cpu7"": 1600000}"
54651310,7600443392,10029924352,986780,22819,2911547392,3993706496,1,109.80576551051418,2566399,411822,10391430,27351,"{""thermal_zone0"": 43000, ""thermal_zone1"": 43000}","{""cpu0"": 1600000, ""cpu1"": 1600000, ""cpu2"": 1600000, ""cpu3"": 1600000, ""cpu4"": 1600000, ""cpu5"": 1600000, ""cpu6"": 1600000, ""cpu7"": 1600000}"
54774233,7616696320,10029924352,988885,22881,2919804928,3988299776,1,97.62163356576042,2566411,411837,10391501,27351,"{""thermal_zone0"": 42000, ""thermal_zone1"": 42000}","{""cpu0"": 1600000, ""cpu1"": 1600000, ""cpu2"": 1600000, ""cpu3"": 1600000, ""cpu4"": 1600000, ""cpu5"": 1600000, ""cpu6"": 1600000, ""cpu7"": 1600000}"
54895367,7631900672,10029924352,990868,22939,2927407104,3978076160,1,90.80885144584946,2566421,411852,10391571,27351,"{""thermal_zone0"": 43000, ""thermal_zone1"": 43000}","{""cpu0"": 1600000, ""cpu1"": 1600000, ""cpu2"": 1600000, ""cpu3"": 1600000, ""cpu4"": 1600000, ""cpu5"": 1600000, ""cpu6"": 1600000, ""cpu7"": 1600000}"
55012580,7647629312,10029924352,992910,22999,2935271424,3970080768,1,102.37789030700466,2566431,411855,10391650,27351,"{""thermal_zone0"": 42000, ""thermal_zone1"": 42000}","{""cpu0"": 1600000, ""cpu1"": 1600000, ""cpu2"": 1600000, ""cpu3"": 1600000, ""cpu4"": 1600000, ""cpu5"": 1600000, ""cpu6"": 1600000, ""cpu7"": 1600000}"
55128821,7662702592,10029924352,994878,23057,2942742528,3962855424,1,94.63034312489266,2566441,411862,10391726,27351,"{""thermal_zone0"": 42000, ""thermal_zone1"": 43000}","{""cpu0"": 1600000, ""cpu1"": 1600000, ""cpu2"": 1600000, ""cpu3"": 1600000, ""cpu4"": 1600000, ""cpu5"": 1600000, ""cpu6"": 1600000, ""cpu7"": 1600000}"
55245040,7677906944,10029924352,996821,23114,2950344704,3955261440,1,103.2540487654933,2566450,411866,10391804,27351,"{""thermal_zone0"": 42000, ""thermal_zone1"": 42000}","{""cpu0"": 1600000, ""cpu1"": 1600000, ""cpu2"": 1600000, ""cpu3"": 1600000, ""cpu4"": 1600000, ""cpu5"": 1600000, ""cpu6"": 1600000, ""cpu7"": 1600000}"
55361283,7693242368,10029924352,998815,23173,2957946880,3947790336,1,86.02644347920291,2566459,411871,10391883,27351,"{""thermal_zone0"": 42000, ""thermal_zone1"": 42000}","{""cpu0"": 1600000, ""cpu1"": 1600000, ""cpu2"": 1600000, ""cpu3"": 1600000, ""cpu4"": 1600000, ""cpu5"": 1600000, ""cpu6"": 1600000, ""cpu7"": 1600000}"
55477680,7708577792,10029924352,1000818,23232,2965680128,3939876864,1,103.09552209067272,2566470,411873,10391963,27351,"{""thermal_zone0"": 43000, ""thermal_zone1"": 42000}","{""cpu0"": 1600000, ""cpu1"": 1600000, ""cpu2"": 1600000, ""cpu3"": 1600000, ""cpu4"": 1600000, ""cpu5"": 1600000, ""cpu6"": 1600000, ""cpu7"": 1600000}"
55593688,7724175360,10029924352,1002829,23291,2973413376,3932733440,1,94.82070761849474,2566478,411880,10392041,27351,"{""thermal_zone0"": 41000, ""thermal_zone1"": 42000}","{""cpu0"": 1600000, ""cpu1"": 1600000, ""cpu2"": 1600000, ""cpu3"": 1600000, ""cpu4"": 1600000, ""cpu5"": 1600000, ""cpu6"": 1600000, ""cpu7"": 1600000}"
55710168,7739379712,10029924352,1004810,23350,2980950016,3924811776,1,103.02242998335956,2566488,411884,10392120,27351,"{""thermal_zone0"": 42000, ""thermal_zone1"": 42000}","{""cpu0"": 1600000, ""cpu1"": 1600000, ""cpu2"": 1600000, ""cpu3"": 1600000, ""cpu4"": 1600000, ""cpu5"": 1600000, ""cpu6"": 1600000, ""cpu7"": 1600000}"
55826677,7755370496,10029924352,1006899,23411,2988945408,3916320768,1,94.41324878117645,2566498,411889,10392197,27351,"{""thermal_zone0"": 43000, ""thermal_zone1"": 42000}","{""cpu0"": 1600000, ""cpu1"": 1600000, ""cpu2"": 1600000, ""cpu3"": 1600000, ""cpu4"": 1600000, ""cpu5"": 1600000, ""cpu6"": 1600000, ""cpu7"": 1600000}"
55942121,7771099136,10029924352,1008946,23472,2996940800,3908440064,1,86.62173400980981,2566506,411891,10392277,27351,"{""thermal_zone0"": 42000, ""thermal_zone1"": 41000}","{""cpu0"": 1600000, ""cpu1"": 1600000, ""cpu2"": 1600000, ""cpu3"": 1600000, ""cpu4"": 1600000, ""cpu5"": 1600000, ""cpu6"": 1600000, ""cpu7"": 1600000}"
56057472,7777390592,10029924352,1010918,23530,3004411904,3901591552,1,95.36162280375898,2566516,411897,10392353,27351,"{""thermal_zone0"": 42000, ""thermal_zone1"": 43000}","{""cpu0"": 1600000, ""cpu1"": 1600000, ""cpu2"": 1600000, ""cpu3"": 1600000, ""cpu4"": 1600000, ""cpu5"": 1600000, ""cpu6"": 1600000, ""cpu7"": 1600000}"
56174469,7739248640,10029924352,1012677,23581,3011227648,3894906880,1,94.01968879978747,2566524,411914,10392422,27351,"{""thermal_zone0"": 43000, ""thermal_zone1"": 43000}","{""cpu0"": 1600000, ""cpu1"": 1600000, ""cpu2"": 1600000, ""cpu3"": 1600000, ""cpu4"": 1600000, ""cpu5"": 1600000, ""cpu6"": 1600000, ""cpu7"": 1600000}"
56290670,7754977280,10029924352,1014706,23641,3019091968,3886948352,1,94.6633917378635,2566533,411918,10392501,27351,"{""thermal_zone0"": 42000, ""thermal_zone1"": 42000}","{""cpu0"": 1600000, ""cpu1"": 1600000, ""cpu2"": 1600000, ""cpu3"": 1600000, ""cpu4"": 1600000, ""cpu5"": 1600000, ""cpu6"": 1600000, ""cpu7"": 1600000}"
56407130,7770574848,10029924352,1016734,23701,3026956288,3878899712,1,94.45256636338205,2566544,411920,10392581,27351,"{""thermal_zone0"": 42000, ""thermal_zone1"": 43000}","{""cpu0"": 1600000, ""cpu1"": 1600000, ""cpu2"": 1600000, ""cpu3"": 1600000, ""cpu4"": 1600000, ""cpu5"": 1600000, ""cpu6"": 1600000, ""cpu7"": 1600000}"
56523314,7786172416,10029924352,1018773,23760,3034820608,3871019008,1,103.28507920420603,2566552,411923,10392660,27351,"{""thermal_zone0"": 42000, ""thermal_zone1"": 42000}","{""cpu0"": 1600000, ""cpu1"": 1600000, ""cpu2"": 1600000, ""cpu3"": 1600000, ""cpu4"": 1600000, ""cpu5"": 1600000, ""cpu6"": 1600000, ""cpu7"": 1600000}"
56639774,7772934144,10029924352,1020657,23816,3042029568,3862413312,1,85.86633807107438,2566561,411934,10392733,27351,"{""thermal_zone0"": 43000, ""thermal_zone1"": 44000}","{""cpu0"": 1600000, ""cpu1"": 1600000, ""cpu2"": 1600000, ""cpu3"": 1600000, ""cpu4"": 1600000, ""cpu5"": 1600000, ""cpu6"": 1600000, ""cpu7"": 1600000}"
56756934,7748685824,10029924352,1022563,23872,3049369600,3856195584,1,102.42343754155615,2566570,411946,10392804,27351,"{""thermal_zone0"": 43000, ""thermal_zone1"": 43000}","{""cpu0"": 1600000, ""cpu1"": 1600000, ""cpu2"": 1600000, ""cpu3"": 1600000, ""cpu4"": 1600000, ""cpu5"": 1600000, ""cpu6"": 1600000, ""cpu7"": 1600000}"
56872165,7764414464,10029924352,1024611,23932,3057233920,3848175616,1,95.46082559347083,2566580,411948,10392884,27351,"{""thermal_zone0"": 42000, ""thermal_zone1"": 42000}","{""cpu0"": 1600000, ""cpu1"": 1600000, ""cpu2"": 1600000, ""cpu3"": 1600000, ""cpu4"": 1600000, ""cpu5"": 1600000, ""cpu6"": 1600000, ""cpu7"": 1600000}"
56987555,7780274176,10029924352,1026666,23993,3065229312,3840036864,1,86.6624894768989,2566589,411950,10392964,27351,"{""thermal_zone0"": 42000, ""thermal_zone1"": 42000}","{""cpu0"": 1600000, ""cpu1"": 1600000, ""cpu2"": 1600000, ""cpu3"": 1600000, ""cpu4"": 1600000, ""cpu5"": 1600000, ""cpu6"": 1600000, ""cpu7"": 1600000}"
57102816,7787876352,10029924352,1028702,24052,3072962560,3832655872,1,86.75982514459545,2566597,411957,10393042,27351,"{""thermal_zone0"": 43000, ""thermal_zone1"": 42000}","{""cpu0"": 1600000, ""cpu1"": 1600000, ""cpu2"": 1600000, ""cpu3"": 1600000, ""cpu4"": 1600000, ""cpu5"": 1600000, ""cpu6"": 1600000, ""cpu7"": 1600000}"
57218651,7747899392,10029924352,1030581,24108,3080302592,3824291840,1,103.59570415895054,2566607,411971,10393109,27351,"{""thermal_zone0"": 43000, ""thermal_zone1"": 44000}","{""cpu0"": 1600000, ""cpu1"": 1600000, ""cpu2"": 1600000, ""cpu3"": 1600000, ""cpu4"": 1600000, ""cpu5"": 1600000, ""cpu6"": 1600000, ""cpu7"": 1600000}"
57334168,7757860864,10029924352,1032668,24168,3088035840,3816329216,1,95.22373005824646,2566616,411975,10393187,27351,"{""thermal_zone0"": 42000, ""thermal_zone1"": 42000}","{""cpu0"": 1600000, ""cpu1"": 1600000, ""cpu2"": 1600000, ""cpu3"": 1600000, ""cpu4"": 1600000, ""cpu5"": 1600000, ""cpu6"": 1600000, ""cpu7"": 1600000}"
57449352,7774244864,10029924352,1034795,24231,3096293376,3808018432,1,86.81735126025977,2566624,411979,10393267,27351,"{""thermal_zone0"": 42000, ""thermal_zone1"": 42000}","{""cpu0"": 1600000, ""cpu1"": 1600000, ""cpu2"": 1600000, ""cpu3"": 1600000, ""cpu4"": 1600000, ""cpu5"": 1600000, ""cpu6"": 1600000, ""cpu7"": 1600000}"
57564531,7790628864,10029924352,1036918,24293,3104419840,3800027136,1,95.50375028901823,2566634,411982,10393346,27351,"{""thermal_zone0"": 41000, ""thermal_zone1"": 42000}","{""cpu0"": 1600000, ""cpu1"": 1600000, ""cpu2"": 1600000, ""cpu3"": 1600000, ""cpu4"": 1600000, ""cpu5"": 1600000, ""cpu6"": 1600000, ""cpu7"": 1600000}"
57680079,7757205504,10029924352,1038832,24350,3111890944,3792314368,1,103.85353653443224,2566644,411996,10393415,27351,"{""thermal_zone0"": 43000, ""thermal_zone1"": 43000}","{""cpu0"": 1600000, ""cpu1"": 1600000, ""cpu2"": 1600000, ""cpu3"": 1600000, ""cpu4"": 1600000, ""cpu5"": 1600000, ""cpu6"": 1600000, ""cpu7"": 1600000}"
57796038,7751831552,10029924352,1040863,24409,3119755264,3785785344,1,86.2369441793952,2566652,412005,10393490,27351,"{""thermal_zone0"": 42000, ""thermal_zone1"": 42000}","{""cpu0"": 1600000, ""cpu1"": 1600000, ""cpu2"": 1600000, ""cpu3"": 1600000, ""cpu4"": 1600000, ""cpu5"": 1600000, ""cpu6"": 1600000, ""cpu7"": 1600000}"
57911493,7767953408,10029924352,1042957,24471,3127750656,3777687552,1,95.27513870696029,2566662,412007,10393570,27351,"{""thermal_zone0"": 42000, ""thermal_zone1"": 41000}","{""cpu0"": 1600000, ""cpu1"": 1600000, ""cpu2"": 1600000, ""cpu3"": 1600000, ""cpu4"": 1600000, ""cpu5"": 1600000, ""cpu6"": 1600000, ""cpu7"": 1600000}"
58026878,7784075264,10029924352,1045044,24532,3135746048,3769561088,1,86.66637026768036,2566672,412010,10393650,27351,"{""thermal_zone0"": 42000, ""thermal_zone1"": 42000}","{""cpu0"": 1600000, ""cpu1"": 1600000, ""cpu2"": 1600000, ""cpu3"": 1600000, ""cpu4"": 1600000, ""cpu5"": 1600000, ""cpu6"": 1600000, ""cpu7"": 1600000}"
58142413,7780274176,10029924352,1047074,24592,3143610368,3761258496,1,103.86480956387165,2566682,412016,10393725,27351,"{""thermal_zone0"": 41000, ""thermal_zone1"": 43000}","{""cpu0"": 1600000, ""cpu1"": 1600000, ""cpu2"": 1600000, ""cpu3"": 1600000, ""cpu4"": 1600000, ""cpu5"": 1600000, ""cpu6"": 1600000, ""cpu7"": 1600000}"
58258741,7745409024,10029924352,1049000,24649,3151081472,3754131456,1,94.5600464891574,2566689,412032,10393794,27351,"{""thermal_zone0"": 43000, ""thermal_zone1"": 43000}","{""cpu0"": 1600000, ""cpu1"": 1600000, ""cpu2"": 1600000, ""cpu3"": 1600000, ""cpu4"": 1600000, ""cpu5"": 1600000, ""cpu6"": 1600000, ""cpu7"": 1600000}"
58374214,7761399808,10029924352,1051093,24710,3159076864,3745714176,1,86.60054305295337,2566696,412038,10393874,27351,"{""thermal_zone0"": 43000, ""thermal_zone1"": 42000}","{""cpu0"": 1600000, ""cpu1"": 1600000, ""cpu2"": 1600000, ""cpu3"": 1600000, ""cpu4"": 1600000, ""cpu5"": 1600000, ""cpu6"": 1600000, ""cpu7"": 1600000}"
58489636,7777128448,10029924352,1053118,24770,3166941184,3737980928,1,86.63824372012004,2566704,412043,10393944,27360,"{""thermal_zone0"": 42000, ""thermal_zone1"": 42000}","{""cpu0"": 1600000, ""cpu1"": 1600000, ""cpu2"": 1600000, ""cpu3"": 1600000, ""cpu4"": 1600000, ""cpu5"": 1600000, ""cpu6"": 1600000, ""cpu7"": 1600000}"
58605067,7787220992,10029924352,1055109,24828,3174543360,3736334336,1,95.29522369336583,2566713,412050,10394011,27369,"{""thermal_zone0"": 42000, ""thermal_zone1"": 43000}","{""cpu0"": 1600000, ""cpu1"": 1600000, ""cpu2"": 1600000, ""cpu3"": 1600000, ""cpu4"": 1600000, ""cpu5"": 1600000, ""cpu6"": 1600000, ""cpu7"": 1600000}"
58724640,7745933312,10029924352,1056974,24883,3181752320,3730391040,1,91.99432284634851,2566724,412070,10394072,27370,"{""thermal_zone0"": 43000, ""thermal_zone1"": 43000}","{""cpu0"": 1600000, ""cpu1"": 1600000, ""cpu2"": 1600000, ""cpu3"": 1600000, ""cpu4"": 1600000, ""cpu5"": 1600000, ""cpu6"": 1600000, ""cpu7"": 1600000}"
58840912,7753404416,10029924352,1059018,24943,3189485568,3723186176,1,94.60538425731316,2566734,412073,10394151,27370,"{""thermal_zone0"": 42000, ""thermal_zone1"": 43000}","{""cpu0"": 1600000, ""cpu1"": 1600000, ""cpu2"": 1600000, ""cpu3"": 1600000, ""cpu4"": 1600000, ""cpu5"": 1600000, ""cpu6"": 1600000, ""cpu7"": 1600000}"
58956072,7769395200,10029924352,1061094,25004,3197612032,3715223552,1,95.51905772359936,2566744,412076,10394231,27370,"{""thermal_zone0"": 42000, ""thermal_zone1"": 42000}","{""cpu0"": 1600000, ""cpu1"": 1600000, ""cpu2"": 1600000, ""cpu3"": 1600000, ""cpu4"": 1600000, ""cpu5"": 1600000, ""cpu6"": 1600000, ""cpu7"": 1600000}"
59071497,7785254912,10029924352,1063142,25065,3205476352,3707084800,1,86.63649331307923,2566752,412079,10394311,27370,"{""thermal_zone0"": 43000, ""thermal_zone1"": 42000}","{""cpu0"": 1600000, ""cpu1"": 1600000, ""cpu2"": 1600000, ""cpu3"": 1600000, ""cpu4"": 1600000, ""cpu5"": 1600000, ""cpu6"": 1600000, ""cpu7"": 1600000}"
59187202,7800590336,10029924352,1065133,25121,3211681792,3700219904,1,86.42656083192686,2566762,412082,10394391,27370,"{""thermal_zone0"": 41000, ""thermal_zone1"": 42000}","{""cpu0"": 1600000, ""cpu1"": 1600000, ""cpu2"": 1600000, ""cpu3"": 1600000, ""cpu4"": 1600000, ""cpu5"": 1600000, ""cpu6"": 1600000, ""cpu7"": 1600000}"
59303351,7761006592,10029924352,1067082,25160,3216990208,3691683840,1,94.70668903615702,2566771,412098,10394458,27370,"{""thermal_zone0"": 42000, ""thermal_zone1"": 43000}","{""cpu0"": 1600000, ""cpu1"": 1600000, ""cpu2"": 1600000, ""cpu3"": 1600000, ""cpu4"": 1600000, ""cpu5"": 1600000, ""cpu6"": 1600000, ""cpu7"": 1600000}"
59419412,7762579456,10029924352,1069167,25221,3225116672,3684331520,1,103.39387018584245,2566779,412105,10394535,27370,"{""thermal_zone0"": 42000, ""thermal_zone1"": 43000}","{""cpu0"": 1600000, ""cpu1"": 1600000, ""cpu2"": 1600000, ""cpu3"": 1600000, ""cpu4"": 1600000, ""cpu5"": 1600000, ""cpu6"": 1600000, ""cpu7"": 1600000}"
59534789,7779094528,10029924352,1071310,25284,3233374208,3675832320,1,86.67178382656499,2566790,412107,10394615,27370,"{""thermal_zone0"": 42000, ""thermal_zone1"": 42000}","{""cpu0"": 1600000, ""cpu1"": 1600000, ""cpu2"": 1600000, ""cpu3"": 1600000, ""cpu4"": 1600000, ""cpu5"": 1600000, ""cpu6"": 1600000, ""cpu7"": 1600000}"
59649925,7795609600,10029924352,1073450,25347,3241500672,3667673088,1,95.53983319248881,2566799,412110,10394694,27370,"{""thermal_zone0"": 43000, ""thermal_zone1"": 42000}","{""cpu0"": 1600000, ""cpu1"": 1600000, ""cpu2"": 1600000, ""cpu3"": 1600000, ""cpu4"": 1600000, ""cpu5"": 1600000, ""cpu6"": 1600000, ""cpu7"": 1600000}"
59765294,7774113792,10029924352,1075422,25399,3247992832,3660353536,1,95.34557322595064,2566808,412120,10394765,27371,"{""thermal_zone0"": 43000, ""thermal_zone1"": 44000}","{""cpu0"": 1600000, ""cpu1"": 1600000, ""cpu2"": 1600000, ""cpu3"": 1600000, ""cpu4"": 1600000, ""cpu5"": 1600000, ""cpu6"": 1600000, ""cpu7"": 1600000}"
59881545,7757074432,10029924352,1077431,25458,3255726080,3652083712,1,94.62288102380442,2566819,412129,10394838,27371,"{""thermal_zone0"": 43000, ""thermal_zone1"": 43000}","{""cpu0"": 1600000, ""cpu1"": 1600000, ""cpu2"": 1600000, ""cpu3"": 1600000, ""cpu4"": 1600000, ""cpu5"": 1600000, ""cpu6"": 1600000, ""cpu7"": 1600000}"
59996801,7773458432,10029924352,1079560,25521,3263983616,3643662336,1,95.43960253119015,2566830,412131,10394918,27371,"{""thermal_zone0"": 42000, ""thermal_zone1"": 42000}","{""cpu0"": 1600000, ""cpu1"": 1600000, ""cpu2"": 1600000, ""cpu3"": 1600000, ""cpu4"": 1600000, ""cpu5"": 1600000, ""cpu6"": 1600000, ""cpu7"": 1600000}"
60112245,7786172416,10029924352,1081672,25583,3272110080,3635335168,1,86.62279724398483,2566839,412134,10394997,27371,"{""thermal_zone0"": 42000, ""thermal_zone1"": 42000}","{""cpu0"": 1600000, ""cpu1"": 1600000, ""cpu2"": 1600000, ""cpu3"": 1600000, ""cpu4"": 1600000, ""cpu5"": 1600000, ""cpu6"": 1600000, ""cpu7"": 1600000}"
60228326,7744884736,10029924352,1083580,25639,3279450112,3628466176,1,103.37557431592505,2566849,412149,10395064,27371,"{""thermal_zone0"": 43000, ""thermal_zone1"": 44000}","{""cpu0"": 1600000, ""cpu1"": 1600000, ""cpu2"": 1600000, ""cpu3"": 1600000, ""cpu4"": 1600000, ""cpu5"": 1600000, ""cpu6"": 1600000, ""cpu7"": 1600000}"
60344479,7751307264,10029924352,1085659,25696,3286532096,3620683776,1,94.70247607199889,2566858,412154,10395142,27371,"{""thermal_zone0"": 42000, ""thermal_zone1"": 43000}","{""cpu0"": 1600000, ""cpu1"": 1600000, ""cpu2"": 1600000, ""cpu3"": 1600000, ""cpu4"": 1600000, ""cpu5"": 1600000, ""cpu6"": 1600000, ""cpu7"": 1600000}"
60459895,7767822336,10029924352,1087794,25759,3294789632,3612131328,1,95.30760790380793,2566868,412156,10395222,27371,"{""thermal_zone0"": 41000, ""thermal_zone1"": 42000}","{""cpu0"": 1600000, ""cpu1"": 1600000, ""cpu2"": 1600000, ""cpu3"": 1600000, ""cpu4"": 1600000, ""cpu5"": 1600000, ""cpu6"": 1600000, ""cpu7"": 1600000}"
60575455,7784075264,10029924352,1089918,25821,3302916096,3603939328,1,86.5353152308896,2566877,412159,10395301,27371,"{""thermal_zone0"": 42000, ""thermal_zone1"": 43000}","{""cpu0"": 1600000, ""cpu1"": 1600000, ""cpu2"": 1600000, ""cpu3"": 1600000, ""cpu4"": 1600000, ""cpu5"": 1600000, ""cpu6"": 1600000, ""cpu7"": 1600000}"
60690858,7758385152,10029924352,1091873,25878,3310387200,3596337152,1,103.98319770169404,2566886,412172,10395371,27371,"{""thermal_zone0"": 43000, ""thermal_zone1"": 43000}","{""cpu0"": 1600000, ""cpu1"": 1600000, ""cpu2"": 1600000, ""cpu3"": 1600000, ""cpu4"": 1600000, ""cpu5"": 1600000, ""cpu6"": 1600000, ""cpu7"": 1600000}"
60807122,7745933312,10029924352,1093886,25938,3318251520,3588100096,1,103.2134927489812,2566896,412180,10395445,27371,"{""thermal_zone0"": 43000, ""thermal_zone1"": 43000}","{""cpu0"": 1600000, ""cpu1"": 1600000, ""cpu2"": 1600000, ""cpu3"": 1600000, ""cpu4"": 1600000, ""cpu5"": 1600000, ""cpu6"": 1600000, ""cpu7"": 1600000}"
60922556,7762448384,10029924352,1096032,26001,3326509056,3579531264,1,86.6294263511139,2566905,412184,10395525,27371,"{""thermal_zone0"": 42000, ""thermal_zone1"": 42000}","{""cpu0"": 1600000, ""cpu1"": 1600000, ""cpu2"": 1600000, ""cpu3"": 1600000, ""cpu4"": 1600000, ""cpu5"": 1600000, ""cpu6"": 1600000, ""cpu7"": 1600000}"
61037911,7778832384,10029924352,1098165,26063,3334635520,3571175424,1,86.68903330414948,2566912,412188,10395604,27371,"{""thermal_zone0"": 42000, ""thermal_zone1"": 42000}","{""cpu0"": 1600000, ""cpu1"": 1600000, ""cpu2"": 1600000, ""cpu3"": 1600000, ""cpu4"": 1600000, ""cpu5"": 1600000, ""cpu6"": 1600000, ""cpu7"": 1600000}"
61153241,7779094528,10029924352,1100215,26124,3342630912,3564498944,1,104.0494646993202,2566920,412196,10395680,27371,"{""thermal_zone0"": 42000, ""thermal_zone1"": 44000}","{""cpu0"": 1600000, ""cpu1"": 1600000, ""cpu2"": 1600000, ""cpu3"": 1600000, ""cpu4"": 1600000, ""cpu5"": 1600000, ""cpu6"": 1600000, ""cpu7"": 1600000}"
61269091,7740035072,10029924352,1102109,26179,3349839872,3557318656,1,94.95050290706503,2566931,412209,10395747,27371,"{""thermal_zone0"": 42000, ""thermal_zone1"": 44000}","{""cpu0"": 1600000, ""cpu1"": 1600000, ""cpu2"": 1600000, ""cpu3"": 1600000, ""cpu4"": 1600000, ""cpu5"": 1600000, ""cpu6"": 1600000, ""cpu7"": 1600000}"
61384298,7756419072,10029924352,1104246,26242,3358097408,3549069312,1,95.4802281366379,2566940,412212,10395827,27371,"{""thermal_zone0"": 43000, ""thermal_zone1"": 42000}","{""cpu0"": 1600000, ""cpu1"": 1600000, ""cpu2"": 1600000, ""cpu3"": 1600000, ""cpu4"": 1600000, ""cpu5"": 1600000, ""cpu6"": 1600000, ""cpu7"": 1600000}"
61499481,7772803072,10029924352,1106360,26304,3366354944,3540389888,1,95.49974303623688,2566948,412216,10395906,27371,"{""thermal_zone0"": 42000, ""thermal_zone1"": 42000}","{""cpu0"": 1600000, ""cpu1"": 1600000, ""cpu2"": 1600000, ""cpu3"": 1600000, ""cpu4"": 1600000, ""cpu5"": 1600000, ""cpu6"": 1600000, ""cpu7"": 1600000}"
61614935,7789187072,10029924352,1108496,26367,3374481408,3532398592,1,86.61488851728409,2566957,412220,10395986,27371,"{""thermal_zone0"": 42000, ""thermal_zone1"": 42000}","{""cpu0"": 1600000, ""cpu1"": 1600000, ""cpu2"": 1600000, ""cpu3"": 1600000, ""cpu4"": 1600000, ""cpu5"": 1600000, ""cpu6"": 1600000, ""cpu7"": 1600000}"
61730202,7760482304,10029924352,1110439,26424,3381952512,3524599808,1,95.43073643222614,2566968,412232,10396055,27371,"{""thermal_zone0"": 43000, ""thermal_zone1"": 43000}","{""cpu0"": 1600000, ""cpu1"": 1600000, ""cpu2"": 1600000, ""cpu3"": 1600000, ""cpu4"": 1600000, ""cpu5"": 1600000, ""cpu6"": 1600000, ""cpu7"": 1600000}"
61846142,7750389760,10029924352,1112398,26484,3389505536,3517648896,1,103.50114174696989,2566978,412240,10396128,27371,"{""thermal_zone0"": 43000, ""thermal_zone1"": 43000}","{""cpu0"": 1600000, ""cpu1"": 1600000, ""cpu2"": 1600000, ""cpu3"": 1600000, ""cpu4"": 1600000, ""cpu5"": 1600000, ""cpu6"": 1600000, ""cpu7"": 1600000}"
61961423,7766380544,10029924352,1114470,26545,3397500928,3509624832,1,86.74474161833923,2566987,412242,10396208,27371,"{""thermal_zone0"": 42000, ""thermal_zone1"": 42000}","{""cpu0"": 1600000, ""cpu1"": 1600000, ""cpu2"": 1600000, ""cpu3"": 1600000, ""cpu4"": 1600000, ""cpu5"": 1600000, ""cpu6"": 1600000, ""cpu7"": 1600000}"
62076725,7782502400,10029924352,1116556,26607,3405627392,3501670400,1,95.40190650649588,2566996,412244,10396288,27371,"{""thermal_zone0"": 42000, ""thermal_zone1"": 43000}","{""cpu0"": 1600000, ""cpu1"": 1600000, ""cpu2"": 1600000, ""cpu3"": 1600000, ""cpu4"": 1600000, ""cpu5"": 1600000, ""cpu6"": 1600000, ""cpu7"": 1600000}"
62192145,7772409856,10029924352,1118550,26665,3413229568,3493240832,1,86.64012105773587,2567007,412252,10396362,27371,"{""thermal_zone0"": 42000, ""thermal_zone1"": 43000}","{""cpu0"": 1600000, ""cpu1"": 1600000, ""cpu2"": 1600000, ""cpu3"": 1600000, ""cpu4"": 1600000, ""cpu5"": 1600000, ""cpu6"": 1600000, ""cpu7"": 1600000}"
62308046,7779225600,10029924352,1120606,26726,3421224960,3486220288,1,94.90851699022936,2567017,412257,10396440,27371,"{""thermal_zone0"": 42000, ""thermal_zone1"": 42000}","{""cpu0"": 1600000, ""cpu1"": 1600000, ""cpu2"": 1600000, ""cpu3"": 1600000, ""cpu4"": 1600000, ""cpu5"": 1600000, ""cpu6"": 1600000, ""cpu7"": 1600000}"
62423439,7777390592,10029924352,1122631,26785,3429089280,3478011904,1,103.9921710533944,2567026,412264,10396516,27371,"{""thermal_zone0"": 42000, ""thermal_zone1"": 43000}","{""cpu0"": 1600000, ""cpu1"": 1600000, ""cpu2"": 1600000, ""cpu3"": 1600000, ""cpu4"": 1600000, ""cpu5"": 1600000, ""cpu6"": 1600000, ""cpu7"": 1600000}"
62538890,7784468480,10029924352,1124629,26844,3436691456,3468648448,1,77.95536857662054,2567034,412270,10396593,27371,"{""thermal_zone0"": 43000, ""thermal_zone1"": 42000}","{""cpu0"": 1600000, ""cpu1"": 1600000, ""cpu2"": 1600000, ""cpu3"": 1600000, ""cpu4"": 1600000, ""cpu5"": 1600000, ""cpu6"": 1600000, ""cpu7"": 1600000}"
62656370,7799934976,10029924352,1126644,26903,3444555776,3460808704,1,102.14492771782287,2567042,412287,10396661,27371,"{""thermal_zone0"": 43000, ""thermal_zone1"": 43000}","{""cpu0"": 1600000, ""cpu1"": 1600000, ""cpu2"": 1600000, ""cpu3"": 1600000, ""cpu4"": 1600000, ""cpu5"": 1600000, ""cpu6"": 1600000, ""cpu7"": 1600000}"
62775285,7813566464,10029924352,1128720,26964,3452551168,3454214144,1,100.91239521666837,2567052,412302,10396730,27371,"{""thermal_zone0"": 42000, ""thermal_zone1"": 42000}","{""cpu0"": 1600000, ""cpu1"": 1600000, ""cpu2"": 1600000, ""cpu3"": 1600000, ""cpu4"": 1600000, ""cpu5"": 1600000, ""cpu6"": 1600000, ""cpu7"": 1600000}"
62897302,7826804736,10029924352,1130860,27027,3460808704,3444498432,1,98.34728131357153,2567065,412317,10396804,27371,"{""thermal_zone0"": 44000, ""thermal_zone1"": 44000}","{""cpu0"": 1600000, ""cpu1"": 1600000, ""cpu2"": 1600000, ""cpu3"": 1600000, ""cpu4"": 1600000, ""cpu5"": 1600000, ""cpu6"": 1600000, ""cpu7"": 1600000}"
63042780,7845285888,10029924352,1133275,27098,3470245888,3436118016,1,89.36066185840316,2567075,412337,10396886,27374,"{""thermal_zone0"": 42000, ""thermal_zone1"": 44000}","{""cpu0"": 1600000, ""cpu1"": 1600000, ""cpu2"": 1600000, ""cpu3"": 1600000, ""cpu4"": 1600000, ""cpu5"": 1600000, ""cpu6"": 1600000, ""cpu7"": 1600000}"
63183396,7858917376,10029924352,1135148,27153,3477192704,3438804992,1,85.33830161546898,2567083,412358,10396968,27376,"{""thermal_zone0"": 43000, ""thermal_zone1"": 44000}","{""cpu0"": 1600000, ""cpu1"": 1600000, ""cpu2"": 1600000, ""cpu3"": 1600000, ""cpu4"": 1600000, ""cpu5"": 1600000, ""cpu6"": 1600000, ""cpu7"": 1600000}"
63310124,7858655232,10029924352,1137024,27209,3484532736,3430510592,1,94.69149086165564,2567094,412374,10397037,27376,"{""thermal_zone0"": 43000, ""thermal_zone1"": 44000}","{""cpu0"": 1600000, ""cpu1"": 1600000, ""cpu2"": 1600000, ""cpu3"": 1600000, ""cpu4"": 1600000, ""cpu5"": 1600000, ""cpu6"": 1600000, ""cpu7"": 1600000}"
63429373,7848824832,10029924352,1138911,27264,3491741696,3421589504,1,92.24355865116739,2567104,412390,10397105,27376,"{""thermal_zone0"": 43000, ""thermal_zone1"": 44000}","{""cpu0"": 1600000, ""cpu1"": 1600000, ""cpu2"": 1600000, ""cpu3"": 1600000, ""cpu4"": 1600000, ""cpu5"": 1600000, ""cpu6"": 1600000, ""cpu7"": 1600000}"
63545902,7819464704,10029924352,1140149,27316,3498139648,3418529792,1,85.81580213038588,2567112,412404,10397172,27378,"{""thermal_zone0"": 44000, ""thermal_zone1"": 44000}","{""cpu0"": 1600000, ""cpu1"": 1600000, ""cpu2"": 1600000, ""cpu3"": 1600000, ""cpu4"": 1600000, ""cpu5"": 1600000, ""cpu6"": 1600000, ""cpu7"": 1600000}"
63661920,7802818560,10029924352,1141898,27367,3504955392,3412299776,1,94.81297765215882,2567120,412416,10397243,27378,"{""thermal_zone0"": 43000, ""thermal_zone1"": 44000}","{""cpu0"": 1600000, ""cpu1"": 1600000, ""cpu2"": 1600000, ""cpu3"": 1600000, ""cpu4"": 1600000, ""cpu5"": 1600000, ""cpu6"": 1600000, ""cpu7"": 1600000}"
63777958,7814352896,10029924352,1143405,27411,3510853632,3403259904,1,77.56068876132261,2567129,412422,10397313,27385,"{""thermal_zone0"": 44000, ""thermal_zone1"": 45000}","{""cpu0"": 1600000, ""cpu1"": 1600000, ""cpu2"": 1600000, ""cpu3"": 1600000, ""cpu4"": 1600000, ""cpu5"": 1600000, ""cpu6"": 1600000, ""cpu7"": 1600000}"
63898518,7827591168,10029924352,1145120,27462,3517407232,3396239360,1,82.94651364937138,2567137,412431,10397385,27389,"{""thermal_zone0"": 43000, ""thermal_zone1"": 42000}","{""cpu0"": 1600000, ""cpu1"": 1600000, ""cpu2"": 1600000, ""cpu3"": 1600000, ""cpu4"": 1600000, ""cpu5"": 1600000, ""cpu6"": 1600000, ""cpu7"": 1600000}"
64014450,7823527936,10029924352,1146949,27516,3524485120,3389382656,1,94.88290048401062,2567146,412440,10397459,27389,"{""thermal_zone0"": 43000, ""thermal_zone1"": 44000}","{""cpu0"": 1600000, ""cpu1"": 1600000, ""cpu2"": 1600000, ""cpu3"": 1600000, ""cpu4"": 1600000, ""cpu5"": 1600000, ""cpu6"": 1600000, ""cpu7"": 1600000}"
64131115,7803211776,10029924352,1148671,27566,3531169792,3379961856,1,94.28703942270549,2567155,412456,10397529,27389,"{""thermal_zone0"": 44000, ""thermal_zone1"": 44000}","{""cpu0"": 1600000, ""cpu1"": 1600000, ""cpu2"": 1600000, ""cpu3"": 1600000, ""cpu4"": 1600000, ""cpu5"": 1600000, ""cpu6"": 1600000, ""cpu7"": 1600000}"
64254245,7818416128,10029924352,1150648,27624,3538640896,3375104000,1,105.57912415489395,2567165,412469,10397604,27389,"{""thermal_zone0"": 43000, ""thermal_zone1"": 44000}","{""cpu0"": 1600000, ""cpu1"": 1600000, ""cpu2"": 1600000, ""cpu3"": 1600000, ""cpu4"": 1600000, ""cpu5"": 1600000, ""cpu6"": 1600000, ""cpu7"": 1600000}"
64369731,7833096192,10029924352,1152534,27680,3545980928,3367428096,1,95.24987406018356,2567173,412475,10397682,27389,"{""thermal_zone0"": 42000, ""thermal_zone1"": 42000}","{""cpu0"": 1600000, ""cpu1"": 1600000, ""cpu2"": 1600000, ""cpu3"": 1600000, ""cpu4"": 1600000, ""cpu5"": 1600000, ""cpu6"": 1600000, ""cpu7"": 1600000}"
64485480,7837683712,10029924352,1154509,27738,3553583104,3359354880,1,103.67256161811098,2567183,412481,10397759,27389,"{""thermal_zone0"": 42000, ""thermal_zone1"": 43000}","{""cpu0"": 1600000, ""cpu1"": 1600000, ""cpu2"": 1600000, ""cpu3"": 1600000, ""cpu4"": 1600000, ""cpu5"": 1600000, ""cpu6"": 1600000, ""cpu7"": 1600000}"
64601397,7810158592,10029924352,1156234,27789,3560267776,3352477696,1,94.89545117964622,2567192,412495,10397828,27389,"{""thermal_zone0"": 43000, ""thermal_zone1"": 42000}","{""cpu0"": 1600000, ""cpu1"": 1600000, ""cpu2"": 1600000, ""cpu3"": 1600000, ""cpu4"": 1600000, ""cpu5"": 1600000, ""cpu6"": 1600000, ""cpu7"": 1600000}"
64717040,7824969728,10029924352,1158162,27845,3567738880,3342704640,1,103.7681483357379,2567201,412500,10397907,27389,"{""thermal_zone0"": 43000, ""thermal_zone1"": 44000}","{""cpu0"": 1600000, ""cpu1"": 1600000, ""cpu2"": 1600000, ""cpu3"": 1600000, ""cpu4"": 1600000, ""cpu5"": 1600000, ""cpu6"": 1600000, ""cpu7"": 1600000}"
64838969,7840960512,10029924352,1160218,27906,3575603200,3336916992,1,90.21578335955769,2567205,412524,10397977,27389,"{""thermal_zone0"": 43000, ""thermal_zone1"": 44000}","{""cpu0"": 1600000, ""cpu1"": 1600000, ""cpu2"": 1600000, ""cpu3"": 1600000, ""cpu4"": 1600000, ""cpu5"": 1600000, ""cpu6"": 1600000, ""cpu7"": 1600000}"
64959721,7828246528,10029924352,1162124,27962,3582943232,3325390848,1,99.37731334857769,2567216,412540,10398047,27389,"{""thermal_zone0"": 44000, ""thermal_zone1"": 44000}","{""cpu0"": 1600000, ""cpu1"": 1600000, ""cpu2"": 1600000, ""cpu3"": 1600000, ""cpu4"": 1600000, ""cpu5"": 1600000, ""cpu6"": 1600000, ""cpu7"": 1600000}"
65075984,7818285056,10029924352,1163932,28015,3589890048,3318710272,1,103.21441779495007,2567223,412552,10398121,27389,"{""thermal_zone0"": 43000, ""thermal_zone1"": 42000}","{""cpu0"": 1600000, ""cpu1"": 1600000, ""cpu2"": 1600000, ""cpu3"": 1600000, ""cpu4"": 1600000, ""cpu5"": 1600000, ""cpu6"": 1600000, ""cpu7"": 1600000}"
65191723,7833227264,10029924352,1165861,28072,3597361152,3310825472,1,95.04142613841744,2567234,412556,10398199,27389,"{""thermal_zone0"": 42000, ""thermal_zone1"": 42000}","{""cpu0"": 1600000, ""cpu1"": 1600000, ""cpu2"": 1600000, ""cpu3"": 1600000, ""cpu4"": 1600000, ""cpu5"": 1600000, ""cpu6"": 1600000, ""cpu7"": 1600000}"
65307903,7840436224,10029924352,1167340,28117,3603128320,3304960000,1,68.85876952752935,2567240,412562,10398270,27397,"{""thermal_zone0"": 42000, ""thermal_zone1"": 42000}","{""cpu0"": 1600000, ""cpu1"": 1600000, ""cpu2"": 1600000, ""cpu3"": 1600000, ""cpu4"": 1600000, ""cpu5"": 1600000, ""cpu6"": 1600000, ""cpu7"": 1600000}"
65424352,7803998208,10029924352,1168734,28158,3608764416,3300540416,1,85.87478691781779,2567248,412578,10398334,27402,"{""thermal_zone0"": 42000, ""thermal_zone1"": 44000}","{""cpu0"": 1600000, ""cpu1"": 1600000, ""cpu2"": 1600000, ""cpu3"": 1600000, ""cpu4"": 1600000, ""cpu5"": 1600000, ""cpu6"": 1600000, ""cpu7"": 1600000}"
65545296,7820251136,10029924352,1170831,28220,3616759808,3292147712,1,99.21938241374976,2567257,412594,10398405,27402,"{""thermal_zone0"": 42000, ""thermal_zone1"": 43000}","{""cpu0"": 1600000, ""cpu1"": 1600000, ""cpu2"": 1600000, ""cpu3"": 1600000, ""cpu4"": 1600000, ""cpu5"": 1600000, ""cpu6"": 1600000, ""cpu7"": 1600000}"
65661092,7835193344,10029924352,1172780,28277,3624361984,3284361216,1,94.9948492065581,2567265,412599,10398484,27402,"{""thermal_zone0"": 42000, ""thermal_zone1"": 42000}","{""cpu0"": 1600000, ""cpu1"": 1600000, ""cpu2"": 1600000, ""cpu3"": 1600000, ""cpu4"": 1600000, ""cpu5"": 1600000, ""cpu6"": 1600000, ""cpu7"": 1600000}"
65777005,7822872576,10029924352,1174586,28331,3631177728,3277172736,1,103.52580776744817,2567276,412608,10398556,27402,"{""thermal_zone0"": 43000, ""thermal_zone1"": 44000}","{""cpu0"": 1600000, ""cpu1"": 1600000, ""cpu2"": 1600000, ""cpu3"": 1600000, ""cpu4"": 1600000, ""cpu5"": 1600000, ""cpu6"": 1600000, ""cpu7"": 1600000}"
65893102,7812255744,10029924352,1176423,28385,3638386688,3270660096,1,103.36158756783362,2567284,412619,10398629,27402,"{""thermal_zone0"": 43000, ""thermal_zone1"": 43000}","{""cpu0"": 1600000, ""cpu1"": 1600000, ""cpu2"": 1600000, ""cpu3"": 1600000, ""cpu4"": 1600000, ""cpu5"": 1600000, ""cpu6"": 1600000, ""cpu7"": 1600000}"
66008813,7827460096,10029924352,1178395,28443,3645988864,3262763008,1,95.06438996325382,2567293,412624,10398708,27402,"{""thermal_zone0"": 42000, ""thermal_zone1"": 42000}","{""cpu0"": 1600000, ""cpu1"": 1600000, ""cpu2"": 1600000, ""cpu3"": 1600000, ""cpu4"": 1600000, ""cpu5"": 1600000, ""cpu6"": 1600000, ""cpu7"": 1600000}"
66124439,7840829440,10029924352,1180346,28500,3653459968,3253792768,1,95.13447855296099,2567300,412632,10398785,27402,"{""thermal_zone0"": 43000, ""thermal_zone1"": 42000}","{""cpu0"": 1600000, ""cpu1"": 1600000, ""cpu2"": 1600000, ""cpu3"": 1600000, ""cpu4"": 1600000, ""cpu5"": 1600000, ""cpu6"": 1600000, ""cpu7"": 1600000}"
66240308,7804653568,10029924352,1182030,28549,3659882496,3247796224,1,103.56530733777376,2567308,412649,10398853,27402,"{""thermal_zone0"": 43000, ""thermal_zone1"": 44000}","{""cpu0"": 1600000, ""cpu1"": 1600000, ""cpu2"": 1600000, ""cpu3"": 1600000, ""cpu4"": 1600000, ""cpu5"": 1600000, ""cpu6"": 1600000, ""cpu7"": 1600000}"
66355919,7819726848,10029924352,1184002,28607,3667484672,3239784448,1,95.14654778353479,2567314,412659,10398931,27402,"{""thermal_zone0"": 43000, ""thermal_zone1"": 42000}","{""cpu0"": 1600000, ""cpu1"": 1600000, ""cpu2"": 1600000, ""cpu3"": 1600000, ""cpu4"": 1600000, ""cpu5"": 1600000, ""cpu6"": 1600000, ""cpu7"": 1600000}"
66471921,7835193344,10029924352,1185982,28666,3675217920,3232264192,1,94.82547552260517,2567325,412662,10399009,27402,"{""thermal_zone0"": 42000, ""thermal_zone1"": 42000}","{""cpu0"": 1600000, ""cpu1"": 1600000, ""cpu2"": 1600000, ""cpu3"": 1600000, ""cpu4"": 1600000, ""cpu5"": 1600000, ""cpu6"": 1600000, ""cpu7"": 1600000}"
66587759,7817891840,10029924352,1187783,28719,3682164736,3225653248,1,103.5937294957255,2567337,412671,10399081,27402,"{""thermal_zone0"": 43000, ""thermal_zone1"": 44000}","{""cpu0"": 1600000, ""cpu1"": 1600000, ""cpu2"": 1600000, ""cpu3"": 1600000, ""cpu4"": 1600000, ""cpu5"": 1600000, ""cpu6"": 1600000, ""cpu7"": 1600000}"
66703630,7813173248,10029924352,1189667,28774,3689373696,3218010112,1,94.9325767264503,2567347,412678,10399155,27402,"{""thermal_zone0"": 42000, ""thermal_zone1"": 43000}","{""cpu0"": 1600000, ""cpu1"": 1600000, ""cpu2"": 1600000, ""cpu3"": 1600000, ""cpu4"": 1600000, ""cpu5"": 1600000, ""cpu6"": 1600000, ""cpu7"": 1600000}"
66819375,7828639744,10029924352,1191658,28833,3697106944,3209998336,1,103.67636834122864,2567357,412681,10399234,27402,"{""thermal_zone0"": 42000, ""thermal_zone1"": 42000}","{""cpu0"": 1600000, ""cpu1"": 1600000, ""cpu2"": 1600000, ""cpu3"": 1600000, ""cpu4"": 1600000, ""cpu5"": 1600000, ""cpu6"": 1600000, ""cpu7"": 1600000}"
66935119,7835062272,10029924352,1193542,28890,3704578048,3202969600,1,103.67685383048779,2567365,412688,10399310,27402,"{""thermal_zone0"": 42000, ""thermal_zone1"": 43000}","{""cpu0"": 1600000, ""cpu1"": 1600000, ""cpu2"": 1600000, ""cpu3"": 1600000, ""cpu4"": 1600000, ""cpu5"": 1600000, ""cpu6"": 1600000, ""cpu7"": 1600000}"
67051246,7808323584,10029924352,1195298,28942,3711393792,3196612608,1,94.72401855798526,2567374,412702,10399380,27402,"{""thermal_zone0"": 43000, ""thermal_zone1"": 43000}","{""cpu0"": 1600000, ""cpu1"": 1600000, ""cpu2"": 1600000, ""cpu3"": 1600000, ""cpu4"": 1600000, ""cpu5"": 1600000, ""cpu6"": 1600000, ""cpu7"": 1600000}"
67167067,7823527936,10029924352,1197278,29000,3718995968,3189063680,1,94.97461755858438,2567376,412712,10399459,27402,"{""thermal_zone0"": 44000, ""thermal_zone1"": 42000}","{""cpu0"": 1600000, ""cpu1"": 1600000, ""cpu2"": 1600000, ""cpu3"": 1600000, ""cpu4"": 1600000, ""cpu5"": 1600000, ""cpu6"": 1600000, ""cpu7"": 1600000}"
67283123,7838732288,10029924352,1199250,29058,3726598144,3181215744,1,103.39795403883394,2567378,412722,10399538,27402,"{""thermal_zone0"": 43000, ""thermal_zone1"": 42000}","{""cpu0"": 1600000, ""cpu1"": 1600000, ""cpu2"": 1600000, ""cpu3"": 1600000, ""cpu4"": 1600000, ""cpu5"": 1600000, ""cpu6"": 1600000, ""cpu7"": 1600000}"
67398919,7809503232,10029924352,1200974,29109,3733151744,3174219776,1,94.99450629498367,2567385,412739,10399607,27402,"{""thermal_zone0"": 43000, ""thermal_zone1"": 44000}","{""cpu0"": 1600000, ""cpu1"": 1600000, ""cpu2"": 1600000, ""cpu3"": 1600000, ""cpu4"": 1600000, ""cpu5"": 1600000, ""cpu6"": 1600000, ""cpu7"": 1600000}"
67514740,7817498624,10029924352,1202916,29166,3740753920,3167195136,1,94.97431087352336,2567388,412752,10399684,27402,"{""thermal_zone0"": 43000, ""thermal_zone1"": 42000}","{""cpu0"": 1600000, ""cpu1"": 1600000, ""cpu2"": 1600000, ""cpu3"": 1600000, ""cpu4"": 1600000, ""cpu5"": 1600000, ""cpu6"": 1600000, ""cpu7"": 1600000}"
67630747,7832702976,10029924352,1204895,29224,3748356096,3159605248,1,103.44166362124352,2567398,412754,10399763,27402,"{""thermal_zone0"": 42000, ""thermal_zone1"": 42000}","{""cpu0"": 1600000, ""cpu1"": 1600000, ""cpu2"": 1600000, ""cpu3"": 1600000, ""cpu4"": 1600000, ""cpu5"": 1600000, ""cpu6"": 1600000, ""cpu7"": 1600000}"
67746352,7824183296,10029924352,1206716,29278,3755302912,3151785984,1,95.15162259683223,2567408,412763,10399836,27402,"{""thermal_zone0"": 42000, ""thermal_zone1"": 44000}","{""cpu0"": 1600000, ""cpu1"": 1600000, ""cpu2"": 1600000, ""cpu3"": 1600000, ""cpu4"": 1600000, ""cpu5"": 1600000, ""cpu6"": 1600000, ""cpu7"": 1600000}"
67862264,7811600384,10029924352,1208550,29331,3762380800,3145650176,1,94.90015864890886,2567415,412776,10399909,27402,"{""thermal_zone0"": 43000, ""thermal_zone1"": 41000}","{""cpu0"": 1600000, ""cpu1"": 1600000, ""cpu2"": 1600000, ""cpu3"": 1600000, ""cpu4"": 1600000, ""cpu5"": 1600000, ""cpu6"": 1600000, ""cpu7"": 1600000}"
67978032,7826804736,10029924352,1210522,29389,3769982976,3137826816,1,103.6553605071677,2567418,412784,10399988,27402,"{""thermal_zone0"": 42000, ""thermal_zone1"": 42000}","{""cpu0"": 1600000, ""cpu1"": 1600000, ""cpu2"": 1600000, ""cpu3"": 1600000, ""cpu4"": 1600000, ""cpu5"": 1600000, ""cpu6"": 1600000, ""cpu7"": 1600000}"
68093869,7840174080,10029924352,1212477,29447,3777585152,3129753600,1,94.96119169182117,2567423,412794,10400066,27402,"{""thermal_zone0"": 42000, ""thermal_zone1"": 42000}","{""cpu0"": 1600000, ""cpu1"": 1600000, ""cpu2"": 1600000, ""cpu3"": 1600000, ""cpu4"": 1600000, ""cpu5"": 1600000, ""cpu6"": 1600000, ""cpu7"": 1600000}"
68209659,7806357504,10029924352,1214180,29497,3784138752,3123732480,1,94.9991899591798,2567433,412810,10400134,27402,"{""thermal_zone0"": 44000, ""thermal_zone1"": 44000}","{""cpu0"": 1600000, ""cpu1"": 1600000, ""cpu2"": 1600000, ""cpu3"": 1600000, ""cpu4"": 1600000, ""cpu5"": 1600000, ""cpu6"": 1600000, ""cpu7"": 1600000}"
68325294,7821561856,10029924352,1216151,29555,3791740928,3116081152,1,103.77517751198131,2567438,412817,10400213,27402,"{""thermal_zone0"": 43000, ""thermal_zone1"": 42000}","{""cpu0"": 1600000, ""cpu1"": 1600000, ""cpu2"": 1600000, ""cpu3"": 1600000, ""cpu4"": 1600000, ""cpu5"": 1600000, ""cpu6"": 1600000, ""cpu7"": 1600000}"
68441031,7836635136,10029924352,1218113,29613,3799343104,3108573184,1,103.68353469611802,2567442,412826,10400292,27402,"{""thermal_zone0"": 42000, ""thermal_zone1"": 42000}","{""cpu0"": 1600000, ""cpu1"": 1600000, ""cpu2"": 1600000, ""cpu3"": 1600000, ""cpu4"": 1600000, ""cpu5"": 1600000, ""cpu6"": 1600000, ""cpu7"": 1600000}"
68556652,7813828608,10029924352,1219872,29665,3806027776,3101794304,1,95.13797549224994,2567450,412841,10400362,27402,"{""thermal_zone0"": 43000, ""thermal_zone1"": 43000}","{""cpu0"": 1600000, ""cpu1"": 1600000, ""cpu2"": 1600000, ""cpu3"": 1600000, ""cpu4"": 1600000, ""cpu5"": 1600000, ""cpu6"": 1600000, ""cpu7"": 1600000}"
68672227,7816056832,10029924352,1221717,29721,3813449728,3094261760,1,95.17666467534012,2567459,412847,10400438,27402,"{""thermal_zone0"": 42000, ""thermal_zone1"": 42000}","{""cpu0"": 1600000, ""cpu1"": 1600000, ""cpu2"": 1600000, ""cpu3"": 1600000, ""cpu4"": 1600000, ""cpu5"": 1600000, ""cpu6"": 1600000, ""cpu7"": 1600000}"
68788165,7831523328,10029924352,1223726,29780,3821182976,3086151680,1,94.87799013915799,2567470,412850,10400517,27402,"{""thermal_zone0"": 43000, ""thermal_zone1"": 43000}","{""cpu0"": 1600000, ""cpu1"": 1600000, ""cpu2"": 1600000, ""cpu3"": 1600000, ""cpu4"": 1600000, ""cpu5"": 1600000, ""cpu6"": 1600000, ""cpu7"": 1600000}"
68903739,7823790080,10029924352,1225635,29836,3828523008,3083198464,1,95.1769389045818,2567479,412863,10400585,27402,"{""thermal_zone0"": 43000, ""thermal_zone1"": 44000}","{""cpu0"": 1600000, ""cpu1"": 1600000, ""cpu2"": 1600000, ""cpu3"": 1600000, ""cpu4"": 1600000, ""cpu5"": 1600000, ""cpu6"": 1600000, ""cpu7"": 1600000}"
69022922,7812780032,10029924352,1227557,29893,3835994112,3075661824,1,100.68580035289534,2567488,412877,10400654,27402,"{""thermal_zone0"": 43000, ""thermal_zone1"": 43000}","{""cpu0"": 1600000, ""cpu1"": 1600000, ""cpu2"": 1600000, ""cpu3"": 1600000, ""cpu4"": 1600000, ""cpu5"": 1600000, ""cpu6"": 1600000, ""cpu7"": 1600000}"
69138847,7828377600,10029924352,1229574,29952,3843727360,3067863040,1,103.51501716938894,2567496,412882,10400733,27402,"{""thermal_zone0"": 42000, ""thermal_zone1"": 42000}","{""cpu0"": 1600000, ""cpu1"": 1600000, ""cpu2"": 1600000, ""cpu3"": 1600000, ""cpu4"": 1600000, ""cpu5"": 1600000, ""cpu6"": 1600000, ""cpu7"": 1600000}"
69255078,7844106240,10029924352,1231611,30012,3851591680,3058933760,1,94.63940065383781,2567506,412886,10400811,27402,"{""thermal_zone0"": 43000, ""thermal_zone1"": 43000}","{""cpu0"": 1600000, ""cpu1"": 1600000, ""cpu2"": 1600000, ""cpu3"": 1600000, ""cpu4"": 1600000, ""cpu5"": 1600000, ""cpu6"": 1600000, ""cpu7"": 1600000}"
69371186,7809503232,10029924352,1233335,30062,3858145280,3052265472,1,103.35160914192178,2567515,412901,10400879,27402,"{""thermal_zone0"": 43000, ""thermal_zone1"": 44000}","{""cpu0"": 1600000, ""cpu1"": 1600000, ""cpu2"": 1600000, ""cpu3"": 1600000, ""cpu4"": 1600000, ""cpu5"": 1600000, ""cpu6"": 1600000, ""cpu7"": 1600000}"
69486886,7824969728,10029924352,1235341,30122,3866009600,3044651008,1,95.07383892413891,2567525,412904,10400958,27402,"{""thermal_zone0"": 42000, ""thermal_zone1"": 41000}","{""cpu0"": 1600000, ""cpu1"": 1600000, ""cpu2"": 1600000, ""cpu3"": 1600000, ""cpu4"": 1600000, ""cpu5"": 1600000, ""cpu6"": 1600000, ""cpu7"": 1600000}"
69602469,7840436224,10029924352,1237349,30180,3873742848,3036798976,1,103.82096628076702,2567536,412907,10401036,27402,"{""thermal_zone0"": 42000, ""thermal_zone1"": 42000}","{""cpu0"": 1600000, ""cpu1"": 1600000, ""cpu2"": 1600000, ""cpu3"": 1600000, ""cpu4"": 1600000, ""cpu5"": 1600000, ""cpu6"": 1600000, ""cpu7"": 1600000}"
69718339,7811993600,10029924352,1239104,30232,3880427520,3030618112,1,94.93428415830046,2567543,412923,10401105,27402,"{""thermal_zone0"": 44000, ""thermal_zone1"": 43000}","{""cpu0"": 1600000, ""cpu1"": 1600000, ""cpu2"": 1600000, ""cpu3"": 1600000, ""cpu4"": 1600000, ""cpu5"": 1600000, ""cpu6"": 1600000, ""cpu7"": 1600000}"
69834367,7821824000,10029924352,1241086,30290,3888160768,3022073856,1,103.42286771651565,2567551,412930,10401183,27402,"{""thermal_zone0"": 42000, ""thermal_zone1"": 43000}","{""cpu0"": 1600000, ""cpu1"": 1600000, ""cpu2"": 1600000, ""cpu3"": 1600000, ""cpu4"": 1600000, ""cpu5"": 1600000, ""cpu6"": 1600000, ""cpu7"": 1600000}"
69950243,7837552640,10029924352,1243120,30350,3895894016,3014311936,1,94.92953889495355,2567560,412934,10401262,27402,"{""thermal_zone0"": 43000, ""thermal_zone1"": 42000}","{""cpu0"": 1600000, ""cpu1"": 1600000, ""cpu2"": 1600000, ""cpu3"": 1600000, ""cpu4"": 1600000, ""cpu5"": 1600000, ""cpu6"": 1600000, ""cpu7"": 1600000}"
70065808,7818153984,10029924352,1244912,30403,3902840832,3007741952,1,103.83762398471896,2567569,412945,10401332,27402,"{""thermal_zone0"": 43000, ""thermal_zone1"": 43000}","{""cpu0"": 1600000, ""cpu1"": 1600000, ""cpu2"": 1600000, ""cpu3"": 1600000, ""cpu4"": 1600000, ""cpu5"": 1600000, ""cpu6"": 1600000, ""cpu7"": 1600000}"
70181974,7819464704,10029924352,1246868,30460,3910443008,3000250368,1,94.69204760172676,2567577,412954,10401408,27402,"{""thermal_zone0"": 43000, ""thermal_zone1"": 42000}","{""cpu0"": 1600000, ""cpu1"": 1600000, ""cpu2"": 1600000, ""cpu3"": 1600000, ""cpu4"": 1600000, ""cpu5"": 1600000, ""cpu6"": 1600000, ""cpu7"": 1600000}"
70297963,7834406912,10029924352,1248748,30519,3918045184,2992525312,1,94.83630787700372,2567585,412958,10401487,27402,"{""thermal_zone0"": 42000, ""thermal_zone1"": 42000}","{""cpu0"": 1600000, ""cpu1"": 1600000, ""cpu2"": 1600000, ""cpu3"": 1600000, ""cpu4"": 1600000, ""cpu5"": 1600000, ""cpu6"": 1600000, ""cpu7"": 1600000}"
70413639,7826542592,10029924352,1250550,30574,3925254144,2985205760,1,95.09318721717611,2567594,412968,10401561,27402,"{""thermal_zone0"": 42000, ""thermal_zone1"": 42000}","{""cpu0"": 1600000, ""cpu1"": 1600000, ""cpu2"": 1600000, ""cpu3"": 1600000, ""cpu4"": 1600000, ""cpu5"": 1600000, ""cpu6"": 1600000, ""cpu7"": 1600000}"
70529966,7816974336,10029924352,1252361,30629,3932463104,2978734080,1,103.1580770732678,2567605,412976,10401635,27402,"{""thermal_zone0"": 42000, ""thermal_zone1"": 42000}","{""cpu0"": 1600000, ""cpu1"": 1600000, ""cpu2"": 1600000, ""cpu3"": 1600000, ""cpu4"": 1600000, ""cpu5"": 1600000, ""cpu6"": 1600000, ""cpu7"": 1600000}"
70645482,7832178688,10029924352,1254288,30687,3940065280,2970886144,1,95.22441672469368,2567612,412982,10401714,27402,"{""thermal_zone0"": 43000, ""thermal_zone1"": 42000}","{""cpu0"": 1600000, ""cpu1"": 1600000, ""cpu2"": 1600000, ""cpu3"": 1600000, ""cpu4"": 1600000, ""cpu5"": 1600000, ""cpu6"": 1600000, ""cpu7"": 1600000}"
70761019,7833227264,10029924352,1256134,30743,3947405312,2962923520,1,103.86334872314077,2567622,412989,10401789,27402,"{""thermal_zone0"": 43000, ""thermal_zone1"": 42000}","{""cpu0"": 1600000, ""cpu1"": 1600000, ""cpu2"": 1600000, ""cpu3"": 1600000, ""cpu4"": 1600000, ""cpu5"": 1600000, ""cpu6"": 1600000, ""cpu7"": 1600000}"
70877306,7820382208,10029924352,1257936,30798,3954614272,2956374016,1,94.59362274389804,2567633,412997,10401862,27402,"{""thermal_zone0"": 43000, ""thermal_zone1"": 43000}","{""cpu0"": 1600000, ""cpu1"": 1600000, ""cpu2"": 1600000, ""cpu3"": 1600000, ""cpu4"": 1600000, ""cpu5"": 1600000, ""cpu6"": 1600000, ""cpu7"": 1600000}"
70993082,7835717632,10029924352,1259870,30856,3962216448,2948526080,1,103.64771282535503,2567643,413000,10401941,27402,"{""thermal_zone0"": 43000, ""thermal_zone1"": 42000}","{""cpu0"": 1600000, ""cpu1"": 1600000, ""cpu2"": 1600000, ""cpu3"": 1600000, ""cpu4"": 1600000, ""cpu5"": 1600000, ""cpu6"": 1600000, ""cpu7"": 1600000}"
71108771,7827591168,10029924352,1261687,30912,3969425408,2941005824,1,95.08315250750739,2567652,413010,10402014,27402,"{""thermal_zone0"": 44000, ""thermal_zone1"": 44000}","{""cpu0"": 1600000, ""cpu1"": 1600000, ""cpu2"": 1600000, ""cpu3"": 1600000, ""cpu4"": 1600000, ""cpu5"": 1600000, ""cpu6"": 1600000, ""cpu7"": 1600000}"
71225073,7818547200,10029924352,1263505,30967,3976765440,2934923264,1,94.58138840680326,2567661,413020,10402087,27402,"{""thermal_zone0"": 43000, ""thermal_zone1"": 43000}","{""cpu0"": 1600000, ""cpu1"": 1600000, ""cpu2"": 1600000, ""cpu3"": 1600000, ""cpu4"": 1600000, ""cpu5"": 1600000, ""cpu6"": 1600000, ""cpu7"": 1600000}"
71341051,7833882624,10029924352,1265425,31025,3984367616,2926886912,1,103.46745391143577,2567670,413025,10402165,27402,"{""thermal_zone0"": 43000, ""thermal_zone1"": 43000}","{""cpu0"": 1600000, ""cpu1"": 1600000, ""cpu2"": 1600000, ""cpu3"": 1600000, ""cpu4"": 1600000, ""cpu5"": 1600000, ""cpu6"": 1600000, ""cpu7"": 1600000}"
71456874,7832440832,10029924352,1267328,31082,3991838720,2919686144,1,94.97263644081929,2567679,413034,10402240,27402,"{""thermal_zone0"": 43000, ""thermal_zone1"": 43000}","{""cpu0"": 1600000, ""cpu1"": 1600000, ""cpu2"": 1600000, ""cpu3"": 1600000, ""cpu4"": 1600000, ""cpu5"": 1600000, ""cpu6"": 1600000, ""cpu7"": 1600000}"
71572199,7817760768,10029924352,1269147,31137,3999178752,2912886784,1,95.38225953618607,2567689,413044,10402311,27402,"{""thermal_zone0"": 43000, ""thermal_zone1"": 43000}","{""cpu0"": 1600000, ""cpu1"": 1600000, ""cpu2"": 1600000, ""cpu3"": 1600000, ""cpu4"": 1600000, ""cpu5"": 1600000, ""cpu6"": 1600000, ""cpu7"": 1600000}"
71688458,7833227264,10029924352,1271093,31196,4006780928,2905083904,1,103.21793258816179,2567700,413047,10402390,27402,"{""thermal_zone0"": 42000, ""thermal_zone1"": 42000}","{""cpu0"": 1600000, ""cpu1"": 1600000, ""cpu2"": 1600000, ""cpu3"": 1600000, ""cpu4"": 1600000, ""cpu5"": 1600000, ""cpu6"": 1600000, ""cpu7"": 1600000}"
71804277,7838076928,10029924352,1273006,31254,4014383104,2897244160,1,86.34152457391603,2567707,413054,10402466,27402,"{""thermal_zone0"": 43000, ""thermal_zone1"": 42000}","{""cpu0"": 1600000, ""cpu1"": 1600000, ""cpu2"": 1600000, ""cpu3"": 1600000, ""cpu4"": 1600000, ""cpu5"": 1600000, ""cpu6"": 1600000, ""cpu7"": 1600000}"
71919874,7816843264,10029924352,1274774,31308,4021460992,2890461184,1,95.15827598187295,2567713,413071,10402536,27403,"{""thermal_zone0"": 43000, ""thermal_zone1"": 43000}","{""cpu0"": 1600000, ""cpu1"": 1600000, ""cpu2"": 1600000, ""cpu3"": 1600000, ""cpu4"": 1600000, ""cpu5"": 1600000, ""cpu6"": 1600000, ""cpu7"": 1600000}"
72035877,7832178688,10029924352,1276768,31367,4029194240,2882424832,1,103.4456763435643,2567725,413072,10402615,27403,"{""thermal_zone0"": 43000, ""thermal_zone1"": 42000}","{""cpu0"": 1600000, ""cpu1"": 1600000, ""cpu2"": 1600000, ""cpu3"": 1600000, ""cpu4"": 1600000, ""cpu5"": 1600000, ""cpu6"": 1600000, ""cpu7"": 1600000}"
72152043,7840436224,10029924352,1278752,31425,4036796416,2874609664,1,94.69249022698177,2567734,413077,10402692,27403,"{""thermal_zone0"": 43000, ""thermal_zone1"": 42000}","{""cpu0"": 1600000, ""cpu1"": 1600000, ""cpu2"": 1600000, ""cpu3"": 1600000, ""cpu4"": 1600000, ""cpu5"": 1600000, ""cpu6"": 1600000, ""cpu7"": 1600000}"
72267238,7816318976,10029924352,1280553,31478,4043874304,2867384320,1,104.17038316210761,2567744,413090,10402761,27403,"{""thermal_zone0"": 44000, ""thermal_zone1"": 43000}","{""cpu0"": 1600000, ""cpu1"": 1600000, ""cpu2"": 1600000, ""cpu3"": 1600000, ""cpu4"": 1600000, ""cpu5"": 1600000, ""cpu6"": 1600000, ""cpu7"": 1600000}"
72383078,7831523328,10029924352,1282547,31537,4051476480,2859585536,1,103.5912335504243,2567752,413095,10402840,27403,"{""thermal_zone0"": 44000, ""thermal_zone1"": 42000}","{""cpu0"": 1600000, ""cpu1"": 1600000, ""cpu2"": 1600000, ""cpu3"": 1600000, ""cpu4"": 1600000, ""cpu5"": 1600000, ""cpu6"": 1600000, ""cpu7"": 1600000}"
72498765,7840829440,10029924352,1284498,31594,4058947584,2852003840,1,86.44050574438221,2567764,413098,10402917,27403,"{""thermal_zone0"": 43000, ""thermal_zone1"": 42000}","{""cpu0"": 1600000, ""cpu1"": 1600000, ""cpu2"": 1600000, ""cpu3"": 1600000, ""cpu4"": 1600000, ""cpu5"": 1600000, ""cpu6"": 1600000, ""cpu7"": 1600000}"
72614113,7816056832,10029924352,1286299,31647,4066025472,2845741056,1,112.70254229019854,2567773,413110,10402986,27403,"{""thermal_zone0"": 43000, ""thermal_zone1"": 43000}","{""cpu0"": 1600000, ""cpu1"": 1600000, ""cpu2"": 1600000, ""cpu3"": 1600000, ""cpu4"": 1600000, ""cpu5"": 1600000, ""cpu6"": 1600000, ""cpu7"": 1600000}"
72729766,7831261184,10029924352,1288295,31706,4073627648,2837680128,1,95.11189287322696,2567785,413112,10403065,27403,"{""thermal_zone0"": 42000, ""thermal_zone1"": 43000}","{""cpu0"": 1600000, ""cpu1"": 1600000, ""cpu2"": 1600000, ""cpu3"": 1600000, ""cpu4"": 1600000, ""cpu5"": 1600000, ""cpu6"": 1600000, ""cpu7"": 1600000}"
72845514,7842271232,10029924352,1290254,31764,4081098752,2830127104,1,95.03417329517787,2567793,413118,10403143,27403,"{""thermal_zone0"": 43000, ""thermal_zone1"": 43000}","{""cpu0"": 1600000, ""cpu1"": 1600000, ""cpu2"": 1600000, ""cpu3"": 1600000, ""cpu4"": 1600000, ""cpu5"": 1600000, ""cpu6"": 1600000, ""cpu7"": 1600000}"
72960685,7816056832,10029924352,1292052,31817,4088176640,2823278592,1,104.19261894972347,2567803,413132,10403211,27403,"{""thermal_zone0"": 43000, ""thermal_zone1"": 43000}","{""cpu0"": 1600000, ""cpu1"": 1600000, ""cpu2"": 1600000, ""cpu3"": 1600000, ""cpu4"": 1600000, ""cpu5"": 1600000, ""cpu6"": 1600000, ""cpu7"": 1600000}"
73076603,7831523328,10029924352,1294049,31875,4095778816,2815447040,1,94.8945637716745,2567814,413134,10403290,27403,"{""thermal_zone0"": 43000, ""thermal_zone1"": 42000}","{""cpu0"": 1600000, ""cpu1"": 1600000, ""cpu2"": 1600000, ""cpu3"": 1600000, ""cpu4"": 1600000, ""cpu5"": 1600000, ""cpu6"": 1600000, ""cpu7"": 1600000}"
73192443,7841091584,10029924352,1296013,31933,4103380992,2807898112,1,103.59164312402697,2567819,413142,10403367,27403,"{""thermal_zone0"": 43000, ""thermal_zone1"": 43000}","{""cpu0"": 1600000, ""cpu1"": 1600000, ""cpu2"": 1600000, ""cpu3"": 1600000, ""cpu4"": 1600000, ""cpu5"": 1600000, ""cpu6"": 1600000, ""cpu7"": 1600000}"
73307696,7816581120,10029924352,1297827,31986,4110327808,2800914432,1,86.76540847800771,2567828,413156,10403436,27403,"{""thermal_zone0"": 43000, ""thermal_zone1"": 43000}","{""cpu0"": 1600000, ""cpu1"": 1600000, ""cpu2"": 1600000, ""cpu3"": 1600000, ""cpu4"": 1600000, ""cpu5"": 1600000, ""cpu6"": 1600000, ""cpu7"": 1600000}"
73423557,7832047616,10029924352,1299832,32045,4118061056,2792669184,1,103.57282933229479,2567838,413160,10403515,27403,"{""thermal_zone0"": 43000, ""thermal_zone1"": 43000}","{""cpu0"": 1600000, ""cpu1"": 1600000, ""cpu2"": 1600000, ""cpu3"": 1600000, ""cpu4"": 1600000, ""cpu5"": 1600000, ""cpu6"": 1600000, ""cpu7"": 1600000}"
73539387,7852625920,10101018624,1307529,32085,4121309184,2759450624,1,51.79992076856785,2567841,413170,10403591,27407,"{""thermal_zone0"": 42000, ""thermal_zone1"": 43000}","{""cpu0"": 1600000, ""cpu1"": 1600000, ""cpu2"": 1600000, ""cpu3"": 1600000, ""cpu4"": 1600000, ""cpu5"": 1600000, ""cpu6"": 1600000, ""cpu7"": 1600000}"
73654441,7858655232,10101018624,1313808,32085,4121309184,2739851264,1,104.29875941579864,2567844,413191,10403658,27407,"{""thermal_zone0"": 43000, ""thermal_zone1"": 43000}","{""cpu0"": 1600000, ""cpu1"": 1600000, ""cpu2"": 1600000, ""cpu3"": 1600000, ""cpu4"": 1600000, ""cpu5"": 1600000, ""cpu6"": 1600000, ""cpu7"": 1600000}"
73769085,7827853312,10167746560,1318135,32090,4121444352,2724216832,1,95.94956249005723,2567854,413205,10403725,27407,"{""thermal_zone0"": 43000, ""thermal_zone1"": 44000}","{""cpu0"": 1600000, ""cpu1"": 1600000, ""cpu2"": 1600000, ""cpu3"": 1600000, ""cpu4"": 1600000, ""cpu5"": 1600000, ""cpu6"": 1600000, ""cpu7"": 1600000}"
73889193,7827853312,10262056960,1319815,32150,4122144768,2718797824,8,374.6627972381058,2567898,413212,10403772,27415,"{""thermal_zone0"": 46000, ""thermal_zone1"": 47000}","{""cpu0"": 1600000, ""cpu1"": 1600000, ""cpu2"": 1600000, ""cpu3"": 1600000, ""cpu4"": 1600000, ""cpu5"": 1600000, ""cpu6"": 1600000, ""cpu7"": 1600000}"
74038830,7827984384,10262056960,1320212,32150,4122144768,2717626368,8,541.3075138648736,2567983,413218,10403798,27416,"{""thermal_zone0"": 50000, ""thermal_zone1"": 50000}","{""cpu0"": 1600000, ""cpu1"": 1600000, ""cpu2"": 1600000, ""cpu3"": 1600000, ""cpu4"": 1600000, ""cpu5"": 1600000, ""cpu6"": 1600000, ""cpu7"": 1600000}"
74181288,7827984384,10262056960,1320456,32150,4122144768,2716954624,8,652.82596532305,2568076,413220,10403809,27416,"{""thermal_zone0"": 52000, ""thermal_zone1"": 52000}","{""cpu0"": 1600000, ""cpu1"": 1600000, ""cpu2"": 1600000, ""cpu3"": 1600000, ""cpu4"": 1600000, ""cpu5"": 1600000, ""cpu6"": 1600000, ""cpu7"": 1600000}"
74313110,7827984384,10262056960,1321563,32150,4122144768,2716954624,8,675.1514491765523,2568173,413220,10403822,27416,"{""thermal_zone0"": 53000, ""thermal_zone1"": 53000}","{""cpu0"": 1600000, ""cpu1"": 1600000, ""cpu2"": 1600000, ""cpu3"": 1600000, ""cpu4"": 1600000, ""cpu5"": 1600000, ""cpu6"": 1600000, ""cpu7"": 1600000}"
74477125,7827984384,10262056960,1323229,32150,4122144768,2716954624,8,695.0582728625013,2568280,413224,10403836,27416,"{""thermal_zone0"": 52000, ""thermal_zone1"": 53000}","{""cpu0"": 1600000, ""cpu1"": 1600000, ""cpu2"": 1600000, ""cpu3"": 1600000, ""cpu4"": 1600000, ""cpu5"": 1600000, ""cpu6"": 1600000, ""cpu7"": 1600000}"
74641136,7827984384,10262056960,1324934,32150,4122144768,2716954624,8,701.1720206170426,2568394,413226,10403849,27416,"{""thermal_zone0"": 52000, ""thermal_zone1"": 54000}","{""cpu0"": 1600000, ""cpu1"": 1600000, ""cpu2"": 1600000, ""cpu3"": 1600000, ""cpu4"": 1600000, ""cpu5"": 1600000, ""cpu6"": 1600000, ""cpu7"": 1600000}"
74809112,7828377600,10262056960,1325467,32150,4122144768,2716438528,8,702.4803031666859,2568510,413227,10403857,27416,"{""thermal_zone0"": 54000, ""thermal_zone1"": 56000}","{""cpu0"": 1600000, ""cpu1"": 1600000, ""cpu2"": 1600000, ""cpu3"": 1600000, ""cpu4"": 1600000, ""cpu5"": 1600000, ""cpu6"": 1600000, ""cpu7"": 1600000}"
74941120,7829164032,10262056960,1326764,32150,4122144768,2716438528,8,727.2308288602009,2568616,413230,10403864,27416,"{""thermal_zone0"": 56000, ""thermal_zone1"": 58000}","{""cpu0"": 1600000, ""cpu1"": 1600000, ""cpu2"": 1600000, ""cpu3"": 1600000, ""cpu4"": 1600000, ""cpu5"": 1600000, ""cpu6"": 1600000, ""cpu7"": 1600000}"
75101248,7829295104,10262056960,1327360,32150,4122144768,2716442624,8,724.4188802295158,2568726,413230,10403878,27416,"{""thermal_zone0"": 56000, ""thermal_zone1"": 52000}","{""cpu0"": 1600000, ""cpu1"": 1600000, ""cpu2"": 1600000, ""cpu3"": 1600000, ""cpu4"": 1600000, ""cpu5"": 1600000, ""cpu6"": 1600000, ""cpu7"": 1600000}"
75261165,7829295104,10262056960,1327718,32150,4122144768,2716442624,8,681.6049116775106,2568830,413232,10403894,27416,"{""thermal_zone0"": 54000, ""thermal_zone1"": 57000}","{""cpu0"": 1600000, ""cpu1"": 1600000, ""cpu2"": 1600000, ""cpu3"": 1600000, ""cpu4"": 1600000, ""cpu5"": 1600000, ""cpu6"": 1600000, ""cpu7"": 1600000}"
75417137,7829295104,10262056960,1327718,32150,4122144768,2716442624,8,679.609461269028,2568936,413233,10403909,27416,"{""thermal_zone0"": 55000, ""thermal_zone1"": 56000}","{""cpu0"": 1600000, ""cpu1"": 1600000, ""cpu2"": 1600000, ""cpu3"": 1600000, ""cpu4"": 1600000, ""cpu5"": 1600000, ""cpu6"": 1600000, ""cpu7"": 1600000}"
75573129,7829295104,10262056960,1328515,32150,4122144768,2716442624,8,673.1121018138853,2569039,413235,10403923,27416,"{""thermal_zone0"": 55000, ""thermal_zone1"": 57000}","{""cpu0"": 1600000, ""cpu1"": 1600000, ""cpu2"": 1600000, ""cpu3"": 1600000, ""cpu4"": 1600000, ""cpu5"": 1600000, ""cpu6"": 1600000, ""cpu7"": 1600000}"
75705144,7829295104,10262056960,1329123,32150,4122144768,2716442624,8,681.737587007233,2569132,413238,10403937,27416,"{""thermal_zone0"": 55000, ""thermal_zone1"": 56000}","{""cpu0"": 1600000, ""cpu1"": 1600000, ""cpu2"": 1600000, ""cpu3"": 1600000, ""cpu4"": 1600000, ""cpu5"": 1600000, ""cpu6"": 1600000, ""cpu7"": 1600000}"
75861125,7829295104,10262056960,1329146,32150,4122144768,2716442624,8,685.9838566713793,2569240,413238,10403952,27416,"{""thermal_zone0"": 56000, ""thermal_zone1"": 55000}","{""cpu0"": 1600000, ""cpu1"": 1600000, ""cpu2"": 1600000, ""cpu3"": 1600000, ""cpu4"": 1600000, ""cpu5"": 1600000, ""cpu6"": 1600000, ""cpu7"": 1600000}"
76017448,7829295104,10262056960,1329888,32150,4122144768,2716442624,8,671.6857972057372,2569344,413239,10403968,27416,"{""thermal_zone0"": 55000, ""thermal_zone1"": 57000}","{""cpu0"": 1600000, ""cpu1"": 1600000, ""cpu2"": 1600000, ""cpu3"": 1600000, ""cpu4"": 1600000, ""cpu5"": 1600000, ""cpu6"": 1600000, ""cpu7"": 1600000}"
76173128,7829295104,10262056960,1330025,32150,4122144768,2716504064,8,680.8834094817922,2569457,413240,10403978,27416,"{""thermal_zone0"": 57000, ""thermal_zone1"": 58000}","{""cpu0"": 1600000, ""cpu1"": 1600000, ""cpu2"": 1600000, ""cpu3"": 1600000, ""cpu4"": 1600000, ""cpu5"": 1600000, ""cpu6"": 1600000, ""cpu7"": 1600000}"
76313127,7829295104,10262056960,1330025,32150,4122144768,2716504064,8,728.578849667426,2569560,413241,10403990,27416,"{""thermal_zone0"": 56000, ""thermal_zone1"": 56000}","{""cpu0"": 1600000, ""cpu1"": 1600000, ""cpu2"": 1600000, ""cpu3"": 1600000, ""cpu4"": 1600000, ""cpu5"": 1600000, ""cpu6"": 1600000, ""cpu7"": 1600000}"
76473147,7829295104,10262056960,1330025,32150,4122144768,2716504064,8,681.1619342764222,2569665,413241,10404006,27416,"{""thermal_zone0"": 56000, ""thermal_zone1"": 56000}","{""cpu0"": 1600000, ""cpu1"": 1600000, ""cpu2"": 1600000, ""cpu3"": 1600000, ""cpu4"": 1600000, ""cpu5"": 1600000, ""cpu6"": 1600000, ""cpu7"": 1600000}"
76629128,7829295104,10262056960,1330089,32150,4122144768,2716504064,8,673.1599245586468,2569769,413242,10404021,27416,"{""thermal_zone0"": 56000, ""thermal_zone1"": 56000}","{""cpu0"": 1600000, ""cpu1"": 1600000, ""cpu2"": 1600000, ""cpu3"": 1600000, ""cpu4"": 1600000, ""cpu5"": 1600000, ""cpu6"": 1600000, ""cpu7"": 1600000}"
76784454,7829295104,10262056960,1330089,32150,4122144768,2716504064,8,688.8748989341657,2569880,413242,10404036,27416,"{""thermal_zone0"": 57000, ""thermal_zone1"": 58000}","{""cpu0"": 1600000, ""cpu1"": 1600000, ""cpu2"": 1600000, ""cpu3"": 1600000, ""cpu4"": 1600000, ""cpu5"": 1600000, ""cpu6"": 1600000, ""cpu7"": 1600000}"
76945138,7829295104,10262056960,1330918,32150,4122144768,2716504064,8,678.3470350617979,2569980,413244,10404051,27416,"{""thermal_zone0"": 56000, ""thermal_zone1"": 59000}","{""cpu0"": 1600000, ""cpu1"": 1600000, ""cpu2"": 1600000, ""cpu3"": 1600000, ""cpu4"": 1600000, ""cpu5"": 1600000, ""cpu6"": 1600000, ""cpu7"": 1600000}"
77109208,7829295104,10262056960,1330918,32150,4122144768,2716504064,8,743.5883500257845,2570106,413244,10404058,27416,"{""thermal_zone0"": 56000, ""thermal_zone1"": 60000}","{""cpu0"": 1600000, ""cpu1"": 1600000, ""cpu2"": 1600000, ""cpu3"": 1600000, ""cpu4"": 1600000, ""cpu5"": 1600000, ""cpu6"": 1600000, ""cpu7"": 1600000}"
77265148,7829295104,10262056960,1330918,32150,4122144768,2716504064,8,679.7496412813649,2570211,413245,10404074,27416,"{""thermal_zone0"": 56000, ""thermal_zone1"": 58000}","{""cpu0"": 1600000, ""cpu1"": 1600000, ""cpu2"": 1600000, ""cpu3"": 1600000, ""cpu4"": 1600000, ""cpu5"": 1600000, ""cpu6"": 1600000, ""cpu7"": 1600000}"
77417136,7829295104,10262056960,1330920,32150,4122144768,2716504064,8,671.1022666558009,2570313,413248,10404088,27416,"{""thermal_zone0"": 56000, ""thermal_zone1"": 59000}","{""cpu0"": 1600000, ""cpu1"": 1600000, ""cpu2"": 1600000, ""cpu3"": 1600000, ""cpu4"": 1600000, ""cpu5"": 1600000, ""cpu6"": 1600000, ""cpu7"": 1600000}"
77573229,7829295104,10262056960,1330920,32150,4122144768,2716504064,8,685.4907377580612,2570416,413249,10404103,27416,"{""thermal_zone0"": 56000, ""thermal_zone1"": 60000}","{""cpu0"": 1600000, ""cpu1"": 1600000, ""cpu2"": 1600000, ""cpu3"": 1600000, ""cpu4"": 1600000, ""cpu5"": 1600000, ""cpu6"": 1600000, ""cpu7"": 1600000}"
77729220,7829295104,10262056960,1330920,32150,4122144768,2716504064,8,685.9356636196123,2570526,413250,10404115,27416,"{""thermal_zone0"": 58000, ""thermal_zone1"": 60000}","{""cpu0"": 1600000, ""cpu1"": 1600000, ""cpu2"": 1600000, ""cpu3"": 1600000, ""cpu4"": 1600000, ""cpu5"": 1600000, ""cpu6"": 1600000, ""cpu7"": 1600000}"
77873133,7829295104,10262056960,1330920,32150,4122144768,2716504064,8,715.7095743103289,2570630,413251,10404127,27416,"{""thermal_zone0"": 57000, ""thermal_zone1"": 56000}","{""cpu0"": 1600000, ""cpu1"": 1600000, ""cpu2"": 1600000, ""cpu3"": 1600000, ""cpu4"": 1600000, ""cpu5"": 1600000, ""cpu6"": 1600000, ""cpu7"": 1600000}"
78030651,7829295104,10262056960,1330920,32150,4122144768,2716504064,8,672.9383206129686,2570730,413252,10404142,27416,"{""thermal_zone0"": 58000, ""thermal_zone1"": 56000}","{""cpu0"": 1600000, ""cpu1"": 1600000, ""cpu2"": 1600000, ""cpu3"": 1600000, ""cpu4"": 1600000, ""cpu5"": 1600000, ""cpu6"": 1600000, ""cpu7"": 1600000}"
78186033,7829295104,10262056960,1330920,32150,4122144768,2716274688,8,688.6288469043823,2570851,413252,10404152,27416,"{""thermal_zone0"": 59000, ""thermal_zone1"": 60000}","{""cpu0"": 1600000, ""cpu1"": 1600000, ""cpu2"": 1600000, ""cpu3"": 1600000, ""cpu4"": 1600000, ""cpu5"": 1600000, ""cpu6"": 1600000, ""cpu7"": 1600000}"
78329130,7829295104,10262056960,1330920,32150,4122144768,2716274688,8,698.8243600919493,2570935,413254,10404168,27416,"{""thermal_zone0"": 58000, ""thermal_zone1"": 55000}","{""cpu0"": 1600000, ""cpu1"": 1600000, ""cpu2"": 1600000, ""cpu3"": 1600000, ""cpu4"": 1600000, ""cpu5"": 1600000, ""cpu6"": 1600000, ""cpu7"": 1600000}"
78485406,7829295104,10262056960,1331739,32150,4122144768,2716274688,8,671.8899519510379,2571039,413254,10404183,27416,"{""thermal_zone0"": 58000, ""thermal_zone1"": 59000}","{""cpu0"": 1600000, ""cpu1"": 1600000, ""cpu2"": 1600000, ""cpu3"": 1600000, ""cpu4"": 1600000, ""cpu5"": 1600000, ""cpu6"": 1600000, ""cpu7"": 1600000}"
78641150,7829295104,10262056960,1331739,32150,4122144768,2716274688,8,687.0218352104804,2571143,413255,10404199,27416,"{""thermal_zone0"": 58000, ""thermal_zone1"": 59000}","{""cpu0"": 1600000, ""cpu1"": 1600000, ""cpu2"": 1600000, ""cpu3"": 1600000, ""cpu4"": 1600000, ""cpu5"": 1600000, ""cpu6"": 1600000, ""cpu7"": 1600000}"
78797507,7829295104,10262056960,1332232,32150,4122144768,2716274688,8,671.5417098521283,2571251,413256,10404215,27416,"{""thermal_zone0"": 57000, ""thermal_zone1"": 60000}","{""cpu0"": 1600000, ""cpu1"": 1600000, ""cpu2"": 1600000, ""cpu3"": 1600000, ""cpu4"": 1600000, ""cpu5"": 1600000, ""cpu6"": 1600000, ""cpu7"": 1600000}"
78953567,7829295104,10262056960,1332398,32150,4122144768,2716274688,8,685.6334933730062,2571364,413256,10404225,27416,"{""thermal_zone0"": 58000, ""thermal_zone1"": 60000}","{""cpu0"": 1600000, ""cpu1"": 1600000, ""cpu2"": 1600000, ""cpu3"": 1600000, ""cpu4"": 1600000, ""cpu5"": 1600000, ""cpu6"": 1600000, ""cpu7"": 1600000}"
79105136,7829295104,10262056960,1332491,32150,4122144768,2716016640,8,725.7401990880865,2571460,413258,10404235,27416,"{""thermal_zone0"": 59000, ""thermal_zone1"": 60000}","{""cpu0"": 1600000, ""cpu1"": 1600000, ""cpu2"": 1600000, ""cpu3"": 1600000, ""cpu4"": 1600000, ""cpu5"": 1600000, ""cpu6"": 1600000, ""cpu7"": 1600000}"
79242605,7829295104,10262056960,1332811,32150,4122144768,2714984448,8,538.3062863400844,2571541,413265,10404259,27416,"{""thermal_zone0"": 57000, ""thermal_zone1"": 58000}","{""cpu0"": 1600000, ""cpu1"": 1600000, ""cpu2"": 1600000, ""cpu3"": 1600000, ""cpu4"": 1600000, ""cpu5"": 1600000, ""cpu6"": 1600000, ""cpu7"": 1600000}"
79397150,7829295104,10262056960,1332857,32150,4122144768,2714984448,8,685.8810372599633,2571644,413266,10404274,27416,"{""thermal_zone0"": 58000, ""thermal_zone1"": 58000}","{""cpu0"": 1600000, ""cpu1"": 1600000, ""cpu2"": 1600000, ""cpu3"": 1600000, ""cpu4"": 1600000, ""cpu5"": 1600000, ""cpu6"": 1600000, ""cpu7"": 1600000}"
79561622,7829295104,10262056960,1333184,32150,4122144768,2714984448,8,705.2891175263263,2571761,413267,10404286,27416,"{""thermal_zone0"": 59000, ""thermal_zone1"": 60000}","{""cpu0"": 1600000, ""cpu1"": 1600000, ""cpu2"": 1600000, ""cpu3"": 1600000, ""cpu4"": 1600000, ""cpu5"": 1600000, ""cpu6"": 1600000, ""cpu7"": 1600000}"
79718123,7829295104,10262056960,1333423,32150,4122144768,2714984448,8,677.3130307091045,2571866,413268,10404301,27416,"{""thermal_zone0"": 57000, ""thermal_zone1"": 58000}","{""cpu0"": 1600000, ""cpu1"": 1600000, ""cpu2"": 1600000, ""cpu3"": 1600000, ""cpu4"": 1600000, ""cpu5"": 1600000, ""cpu6"": 1600000, ""cpu7"": 1600000}"
79873118,7829295104,10262056960,1333553,32150,4122144768,2714984448,8,690.3448854657189,2571978,413269,10404314,27416,"{""thermal_zone0"": 58000, ""thermal_zone1"": 61000}","{""cpu0"": 1600000, ""cpu1"": 1600000, ""cpu2"": 1600000, ""cpu3"": 1600000, ""cpu4"": 1600000, ""cpu5"": 1600000, ""cpu6"": 1600000, ""cpu7"": 1600000}"
80029128,7829295104,10262056960,1334401,32150,4122144768,2714984448,8,698.6738471706853,2572082,413270,10404328,27416,"{""thermal_zone0"": 59000, ""thermal_zone1"": 61000}","{""cpu0"": 1600000, ""cpu1"": 1600000, ""cpu2"": 1600000, ""cpu3"": 1600000, ""cpu4"": 1600000, ""cpu5"": 1600000, ""cpu6"": 1600000, ""cpu7"": 1600000}"
80185581,7829295104,10262056960,1334541,32150,4122144768,2714988544,8,677.516496807635,2572186,413271,10404343,27416,"{""thermal_zone0"": 58000, ""thermal_zone1"": 57000}","{""cpu0"": 1600000, ""cpu1"": 1600000, ""cpu2"": 1600000, ""cpu3"": 1600000, ""cpu4"": 1600000, ""cpu5"": 1600000, ""cpu6"": 1600000, ""cpu7"": 1600000}"
80353126,7829295104,10262056960,1334541,32150,4122144768,2714988544,8,722.1958435050789,2572307,413272,10404354,27416,"{""thermal_zone0"": 58000, ""thermal_zone1"": 58000}","{""cpu0"": 1600000, ""cpu1"": 1600000, ""cpu2"": 1600000, ""cpu3"": 1600000, ""cpu4"": 1600000, ""cpu5"": 1600000, ""cpu6"": 1600000, ""cpu7"": 1600000}"
80513149,7829295104,10262056960,1334838,32150,4122144768,2714988544,8,674.9018439630687,2572413,413274,10404369,27416,"{""thermal_zone0"": 59000, ""thermal_zone1"": 56000}","{""cpu0"": 1600000, ""cpu1"": 1600000, ""cpu2"": 1600000, ""cpu3"": 1600000, ""cpu4"": 1600000, ""cpu5"": 1600000, ""cpu6"": 1600000, ""cpu7"": 1600000}"
80669271,7829295104,10262056960,1334838,32150,4122144768,2714988544,8,685.3608510711127,2572516,413274,10404384,27416,"{""thermal_zone0"": 59000, ""thermal_zone1"": 60000}","{""cpu0"": 1600000, ""cpu1"": 1600000, ""cpu2"": 1600000, ""cpu3"": 1600000, ""cpu4"": 1600000, ""cpu5"": 1600000, ""cpu6"": 1600000, ""cpu7"": 1600000}"
80825532,7829295104,10262056960,1334838,32150,4122144768,2714988544,8,684.7535813764229,2572620,413274,10404401,27416,"{""thermal_zone0"": 58000, ""thermal_zone1"": 56000}","{""cpu0"": 1600000, ""cpu1"": 1600000, ""cpu2"": 1600000, ""cpu3"": 1600000, ""cpu4"": 1600000, ""cpu5"": 1600000, ""cpu6"": 1600000, ""cpu7"": 1600000}"
80986629,7829295104,10262056960,1334975,32150,4122144768,2714988544,8,664.1961095749525,2572722,413276,10404416,27416,"{""thermal_zone0"": 59000, ""thermal_zone1"": 61000}","{""cpu0"": 1600000, ""cpu1"": 1600000, ""cpu2"": 1600000, ""cpu3"": 1600000, ""cpu4"": 1600000, ""cpu5"": 1600000, ""cpu6"": 1600000, ""cpu7"": 1600000}"
81151900,7829295104,10262056960,1334975,32150,4122144768,2714988544,8,732.1303101192057,2572852,413279,10404423,27416,"{""thermal_zone0"": 59000, ""thermal_zone1"": 60000}","{""cpu0"": 1600000, ""cpu1"": 1600000, ""cpu2"": 1600000, ""cpu3"": 1600000, ""cpu4"": 1600000, ""cpu5"": 1600000, ""cpu6"": 1600000, ""cpu7"": 1600000}"
81306471,7829295104,10262056960,1335167,32150,4122144768,2714988544,8,692.2368388066678,2572953,413280,10404438,27416,"{""thermal_zone0"": 59000, ""thermal_zone1"": 57000}","{""cpu0"": 1600000, ""cpu1"": 1600000, ""cpu2"": 1600000, ""cpu3"": 1600000, ""cpu4"": 1600000, ""cpu5"": 1600000, ""cpu6"": 1600000, ""cpu7"": 1600000}"
81462431,7829295104,10262056960,1335167,32150,4122144768,2714988544,8,666.83865546989,2573055,413280,10404454,27416,"{""thermal_zone0"": 60000, ""thermal_zone1"": 57000}","{""cpu0"": 1600000, ""cpu1"": 1600000, ""cpu2"": 1600000, ""cpu3"": 1600000, ""cpu4"": 1600000, ""cpu5"": 1600000, ""cpu6"": 1600000, ""cpu7"": 1600000}"
81617126,7829295104,10262056960,1335174,32150,4122144768,2714988544,8,698.1496745245611,2573160,413281,10404470,27416,"{""thermal_zone0"": 59000, ""thermal_zone1"": 61000}","{""cpu0"": 1600000, ""cpu1"": 1600000, ""cpu2"": 1600000, ""cpu3"": 1600000, ""cpu4"": 1600000, ""cpu5"": 1600000, ""cpu6"": 1600000, ""cpu7"": 1600000}"
81773123,7829295104,10262056960,1335174,32150,4122144768,2714988544,8,673.0881886747477,2573272,413282,10404479,27416,"{""thermal_zone0"": 60000, ""thermal_zone1"": 61000}","{""cpu0"": 1600000, ""cpu1"": 1600000, ""cpu2"": 1600000, ""cpu3"": 1600000, ""cpu4"": 1600000, ""cpu5"": 1600000, ""cpu6"": 1600000, ""cpu7"": 1600000}"
81921132,7829295104,10262056960,1335174,32150,4122144768,2714988544,8,743.1974060410654,2573374,413283,10404489,27416,"{""thermal_zone0"": 59000, ""thermal_zone1"": 61000}","{""cpu0"": 1600000, ""cpu1"": 1600000, ""cpu2"": 1600000, ""cpu3"": 1600000, ""cpu4"": 1600000, ""cpu5"": 1600000, ""cpu6"": 1600000, ""cpu7"": 1600000}"
82073127,7829295104,10262056960,1335592,32150,4122144768,2714988544,8,677.6545790787728,2573477,413285,10404505,27416,"{""thermal_zone0"": 58000, ""thermal_zone1"": 60000}","{""cpu0"": 1600000, ""cpu1"": 1600000, ""cpu2"": 1600000, ""cpu3"": 1600000, ""cpu4"": 1600000, ""cpu5"": 1600000, ""cpu6"": 1600000, ""cpu7"": 1600000}"
82230422,7829295104,10262056960,1335687,32150,4122144768,2714988544,8,673.8921553091532,2573588,413286,10404519,27416,"{""thermal_zone0"": 59000, ""thermal_zone1"": 61000}","{""cpu0"": 1600000, ""cpu1"": 1600000, ""cpu2"": 1600000, ""cpu3"": 1600000, ""cpu4"": 1600000, ""cpu5"": 1600000, ""cpu6"": 1600000, ""cpu7"": 1600000}"
82389128,7829295104,10262056960,1335687,32150,4122144768,2714988544,8,699.4071723991298,2573690,413288,10404534,27416,"{""thermal_zone0"": 59000, ""thermal_zone1"": 61000}","{""cpu0"": 1600000, ""cpu1"": 1600000, ""cpu2"": 1600000, ""cpu3"": 1600000, ""cpu4"": 1600000, ""cpu5"": 1600000, ""cpu6"": 1600000, ""cpu7"": 1600000}"
82545152,7829295104,10262056960,1335687,32150,4122144768,2714988544,8,679.3813310048073,2573801,413288,10404548,27416,"{""thermal_zone0"": 59000, ""thermal_zone1"": 61000}","{""cpu0"": 1600000, ""cpu1"": 1600000, ""cpu2"": 1600000, ""cpu3"": 1600000, ""cpu4"": 1600000, ""cpu5"": 1600000, ""cpu6"": 1600000, ""cpu7"": 1600000}"
82718629,7829295104,10262056960,1335687,32150,4122144768,2714988544,8,743.616716287038,2573925,413290,10404555,27416,"{""thermal_zone0"": 61000, ""thermal_zone1"": 60000}","{""cpu0"": 1600000, ""cpu1"": 1600000, ""cpu2"": 1600000, ""cpu3"": 1600000, ""cpu4"": 1600000, ""cpu5"": 1600000, ""cpu6"": 1600000, ""cpu7"": 1600000}"
82874958,7829295104,10262056960,1335705,32150,4122144768,2714988544,8,684.4540889498367,2574030,413290,10404571,27416,"{""thermal_zone0"": 61000, ""thermal_zone1"": 59000}","{""cpu0"": 1600000, ""cpu1"": 1600000, ""cpu2"": 1600000, ""cpu3"": 1600000, ""cpu4"": 1600000, ""cpu5"": 1600000, ""cpu6"": 1600000, ""cpu7"": 1600000}"
83029128,7829295104,10262056960,1335705,32150,4122144768,2714988544,8,668.0934461654517,2574132,413291,10404587,27416,"{""thermal_zone0"": 58000, ""thermal_zone1"": 60000}","{""cpu0"": 1600000, ""cpu1"": 1600000, ""cpu2"": 1600000, ""cpu3"": 1600000, ""cpu4"": 1600000, ""cpu5"": 1600000, ""cpu6"": 1600000, ""cpu7"": 1600000}"
83181135,7829295104,10262056960,1335705,32150,4122144768,2714988544,8,684.1802963495377,2574235,413292,10404602,27416,"{""thermal_zone0"": 58000, ""thermal_zone1"": 61000}","{""cpu0"": 1600000, ""cpu1"": 1600000, ""cpu2"": 1600000, ""cpu3"": 1600000, ""cpu4"": 1600000, ""cpu5"": 1600000, ""cpu6"": 1600000, ""cpu7"": 1600000}"
83337271,7829295104,10262056960,1335705,32150,4122144768,2714988544,8,672.4913167761061,2574344,413294,10404614,27416,"{""thermal_zone0"": 60000, ""thermal_zone1"": 61000}","{""cpu0"": 1600000, ""cpu1"": 1600000, ""cpu2"": 1600000, ""cpu3"": 1600000, ""cpu4"": 1600000, ""cpu5"": 1600000, ""cpu6"": 1600000, ""cpu7"": 1600000}"
83485118,7829295104,10262056960,1335705,32150,4122144768,2714988544,8,703.4284840527048,2574444,413294,10404627,27416,"{""thermal_zone0"": 60000, ""thermal_zone1"": 61000}","{""cpu0"": 1600000, ""cpu1"": 1600000, ""cpu2"": 1600000, ""cpu3"": 1600000, ""cpu4"": 1600000, ""cpu5"": 1600000, ""cpu6"": 1600000, ""cpu7"": 1600000}"
83637146,7829295104,10262056960,1335705,32150,4122144768,2714988544,8,677.5069265874413,2574551,413294,10404643,27416,"{""thermal_zone0"": 60000, ""thermal_zone1"": 60000}","{""cpu0"": 1600000, ""cpu1"": 1600000, ""cpu2"": 1600000, ""cpu3"": 1600000, ""cpu4"": 1600000, ""cpu5"": 1600000, ""cpu6"": 1600000, ""cpu7"": 1600000}"
83793520,7829295104,10262056960,1335705,32150,4122144768,2714988544,8,677.8602150301779,2574664,413295,10404654,27416,"{""thermal_zone0"": 59000, ""thermal_zone1"": 60000}","{""cpu0"": 1600000, ""cpu1"": 1600000, ""cpu2"": 1600000, ""cpu3"": 1600000, ""cpu4"": 1600000, ""cpu5"": 1600000, ""cpu6"": 1600000, ""cpu7"": 1600000}"
83933129,7829295104,10262056960,1335705,32150,4122144768,2714988544,8,709.1260954198498,2574754,413296,10404668,27416,"{""thermal_zone0"": 59000, ""thermal_zone1"": 60000}","{""cpu0"": 1600000, ""cpu1"": 1600000, ""cpu2"": 1600000, ""cpu3"": 1600000, ""cpu4"": 1600000, ""cpu5"": 1600000, ""cpu6"": 1600000, ""cpu7"": 1600000}"
84089141,7829295104,10262056960,1335705,32150,4122144768,2714759168,8,679.4317709551918,2574862,413297,10404683,27416,"{""thermal_zone0"": 60000, ""thermal_zone1"": 60000}","{""cpu0"": 1600000, ""cpu1"": 1600000, ""cpu2"": 1600000, ""cpu3"": 1600000, ""cpu4"": 1600000, ""cpu5"": 1600000, ""cpu6"": 1600000, ""cpu7"": 1600000}"
84245132,7829295104,10262056960,1335705,32150,4122144768,2713985024,8,660.297441816673,2574970,413299,10404696,27416,"{""thermal_zone0"": 59000, ""thermal_zone1"": 61000}","{""cpu0"": 1600000, ""cpu1"": 1600000, ""cpu2"": 1600000, ""cpu3"": 1600000, ""cpu4"": 1600000, ""cpu5"": 1600000, ""cpu6"": 1600000, ""cpu7"": 1600000}"
84385222,7829295104,10262056960,1335705,32150,4122144768,2713210880,8,649.5811083425551,2575061,413304,10404705,27416,"{""thermal_zone0"": 60000, ""thermal_zone1"": 61000}","{""cpu0"": 1600000, ""cpu1"": 1600000, ""cpu2"": 1600000, ""cpu3"": 1600000, ""cpu4"": 1600000, ""cpu5"": 1600000, ""cpu6"": 1600000, ""cpu7"": 1600000}"
84517148,7829295104,10262056960,1335705,32150,4122144768,2713210880,8,712.518057690025,2575149,413305,10404718,27416,"{""thermal_zone0"": 59000, ""thermal_zone1"": 61000}","{""cpu0"": 1600000, ""cpu1"": 1600000, ""cpu2"": 1600000, ""cpu3"": 1600000, ""cpu4"": 1600000, ""cpu5"": 1600000, ""cpu6"": 1600000, ""cpu7"": 1600000}"
84668734,7829295104,10262056960,1335705,32150,4122144768,2713210880,8,672.8865795245562,2575263,413306,10404727,27416,"{""thermal_zone0"": 62000, ""thermal_zone1"": 61000}","{""cpu0"": 1600000, ""cpu1"": 1600000, ""cpu2"": 1600000, ""cpu3"": 1600000, ""cpu4"": 1600000, ""cpu5"": 1600000, ""cpu6"": 1600000, ""cpu7"": 1600000}"
84813133,7829295104,10262056960,1335705,32150,4122144768,2713210880,8,720.2287291317534,2575360,413307,10404741,27416,"{""thermal_zone0"": 60000, ""thermal_zone1"": 60000}","{""cpu0"": 1600000, ""cpu1"": 1600000, ""cpu2"": 1600000, ""cpu3"": 1600000, ""cpu4"": 1600000, ""cpu5"": 1600000, ""cpu6"": 1600000, ""cpu7"": 1600000}"
84969151,7829295104,10262056960,1335705,32150,4122144768,2713210880,8,685.8165930683979,2575464,413308,10404756,27416,"{""thermal_zone0"": 59000, ""thermal_zone1"": 60000}","{""cpu0"": 1600000, ""cpu1"": 1600000, ""cpu2"": 1600000, ""cpu3"": 1600000, ""cpu4"": 1600000, ""cpu5"": 1600000, ""cpu6"": 1600000, ""cpu7"": 1600000}"
85126013,7829295104,10262056960,1335705,32150,4122144768,2713210880,8,669.3799718197407,2575566,413308,10404772,27416,"{""thermal_zone0"": 62000, ""thermal_zone1"": 62000}","{""cpu0"": 1600000, ""cpu1"": 1600000, ""cpu2"": 1600000, ""cpu3"": 1600000, ""cpu4"": 1600000, ""cpu5"": 1600000, ""cpu6"": 1600000, ""cpu7"": 1600000}"
85285131,7829295104,10262056960,1335705,32150,4122144768,2713346048,8,659.8876512992764,2575665,413311,10404786,27416,"{""thermal_zone0"": 59000, ""thermal_zone1"": 60000}","{""cpu0"": 1600000, ""cpu1"": 1600000, ""cpu2"": 1600000, ""cpu3"": 1600000, ""cpu4"": 1600000, ""cpu5"": 1600000, ""cpu6"": 1600000, ""cpu7"": 1600000}"
85413134,7829295104,10262056960,1335705,32150,4122144768,2713346048,8,687.4811157531016,2575758,413312,10404801,27416,"{""thermal_zone0"": 59000, ""thermal_zone1"": 61000}","{""cpu0"": 1600000, ""cpu1"": 1600000, ""cpu2"": 1600000, ""cpu3"": 1600000, ""cpu4"": 1600000, ""cpu5"": 1600000, ""cpu6"": 1600000, ""cpu7"": 1600000}"
85564387,7829295104,10262056960,1335705,32150,4122144768,2713346048,8,674.3679887670921,2575860,413312,10404816,27416,"{""thermal_zone0"": 59000, ""thermal_zone1"": 62000}","{""cpu0"": 1600000, ""cpu1"": 1600000, ""cpu2"": 1600000, ""cpu3"": 1600000, ""cpu4"": 1600000, ""cpu5"": 1600000, ""cpu6"": 1600000, ""cpu7"": 1600000}"
85725273,7829295104,10262056960,1335705,32150,4122144768,2713346048,8,683.7121534789087,2575968,413313,10404832,27416,"{""thermal_zone0"": 59000, ""thermal_zone1"": 61000}","{""cpu0"": 1600000, ""cpu1"": 1600000, ""cpu2"": 1600000, ""cpu3"": 1600000, ""cpu4"": 1600000, ""cpu5"": 1600000, ""cpu6"": 1600000, ""cpu7"": 1600000}"
85883023,7829295104,10262056960,1336100,32150,4122144768,2713346048,8,665.6125139412542,2576076,413315,10404845,27416,"{""thermal_zone0"": 60000, ""thermal_zone1"": 62000}","{""cpu0"": 1600000, ""cpu1"": 1600000, ""cpu2"": 1600000, ""cpu3"": 1600000, ""cpu4"": 1600000, ""cpu5"": 1600000, ""cpu6"": 1600000, ""cpu7"": 1600000}"
86055958,7829295104,10262056960,1336100,32150,4122144768,2713346048,8,745.9433087480056,2576207,413316,10404853,27416,"{""thermal_zone0"": 60000, ""thermal_zone1"": 61000}","{""cpu0"": 1600000, ""cpu1"": 1600000, ""cpu2"": 1600000, ""cpu3"": 1600000, ""cpu4"": 1600000, ""cpu5"": 1600000, ""cpu6"": 1600000, ""cpu7"": 1600000}"
86217288,7829295104,10262056960,1336100,32150,4122144768,2713346048,8,688.0311282638168,2576307,413318,10404868,27416,"{""thermal_zone0"": 61000, ""thermal_zone1"": 61000}","{""cpu0"": 1600000, ""cpu1"": 1600000, ""cpu2"": 1600000, ""cpu3"": 1600000, ""cpu4"": 1600000, ""cpu5"": 1600000, ""cpu6"": 1600000, ""cpu7"": 1600000}"
86353117,7829295104,10262056960,1336100,32150,4122144768,2713346048,8,669.9631602718855,2576405,413320,10404881,27416,"{""thermal_zone0"": 59000, ""thermal_zone1"": 61000}","{""cpu0"": 1600000, ""cpu1"": 1600000, ""cpu2"": 1600000, ""cpu3"": 1600000, ""cpu4"": 1600000, ""cpu5"": 1600000, ""cpu6"": 1600000, ""cpu7"": 1600000}"
86509137,7829295104,10262056960,1336100,32150,4122144768,2713346048,8,698.6271988361718,2576512,413321,10404896,27416,"{""thermal_zone0"": 59000, ""thermal_zone1"": 60000}","{""cpu0"": 1600000, ""cpu1"": 1600000, ""cpu2"": 1600000, ""cpu3"": 1600000, ""cpu4"": 1600000, ""cpu5"": 1600000, ""cpu6"": 1600000, ""cpu7"": 1600000}"
86669148,7829295104,10262056960,1336100,32150,4122144768,2713346048,8,674.9543941752786,2576620,413322,10404912,27416,"{""thermal_zone0"": 60000, ""thermal_zone1"": 61000}","{""cpu0"": 1600000, ""cpu1"": 1600000, ""cpu2"": 1600000, ""cpu3"": 1600000, ""cpu4"": 1600000, ""cpu5"": 1600000, ""cpu6"": 1600000, ""cpu7"": 1600000}"
86838645,7829295104,10262056960,1336100,32150,4122144768,2713346048,8,713.8753539531175,2576738,413323,10404922,27416,"{""thermal_zone0"": 60000, ""thermal_zone1"": 61000}","{""cpu0"": 1600000, ""cpu1"": 1600000, ""cpu2"": 1600000, ""cpu3"": 1600000, ""cpu4"": 1600000, ""cpu5"": 1600000, ""cpu6"": 1600000, ""cpu7"": 1600000}"
86995144,7829295104,10262056960,1336100,32150,4122144768,2713346048,8,670.9306074619777,2576846,413324,10404938,27416,"{""thermal_zone0"": 60000, ""thermal_zone1"": 62000}","{""cpu0"": 1600000, ""cpu1"": 1600000, ""cpu2"": 1600000, ""cpu3"": 1600000, ""cpu4"": 1600000, ""cpu5"": 1600000, ""cpu6"": 1600000, ""cpu7"": 1600000}"
87151184,7829295104,10262056960,1336100,32150,4122144768,2713346048,8,685.7230204889105,2576951,413326,10404953,27416,"{""thermal_zone0"": 61000, ""thermal_zone1"": 62000}","{""cpu0"": 1600000, ""cpu1"": 1600000, ""cpu2"": 1600000, ""cpu3"": 1600000, ""cpu4"": 1600000, ""cpu5"": 1600000, ""cpu6"": 1600000, ""cpu7"": 1600000}"
87306819,7829295104,10262056960,1336100,32150,4122144768,2713346048,8,693.9284333358953,2577055,413327,10404968,27416,"{""thermal_zone0"": 60000, ""thermal_zone1"": 61000}","{""cpu0"": 1600000, ""cpu1"": 1600000, ""cpu2"": 1600000, ""cpu3"": 1600000, ""cpu4"": 1600000, ""cpu5"": 1600000, ""cpu6"": 1600000, ""cpu7"": 1600000}"
87462874,7829295104,10262056960,1336100,32150,4122144768,2713346048,8,666.4321850655521,2577160,413328,10404984,27416,"{""thermal_zone0"": 60000, ""thermal_zone1"": 61000}","{""cpu0"": 1600000, ""cpu1"": 1600000, ""cpu2"": 1600000, ""cpu3"": 1600000, ""cpu4"": 1600000, ""cpu5"": 1600000, ""cpu6"": 1600000, ""cpu7"": 1600000}"
87627435,7829295104,10262056960,1336100,32150,4122144768,2713346048,8,723.1387820604946,2577278,413330,10404992,27416,"{""thermal_zone0"": 60000, ""thermal_zone1"": 61000}","{""cpu0"": 1600000, ""cpu1"": 1600000, ""cpu2"": 1600000, ""cpu3"": 1600000, ""cpu4"": 1600000, ""cpu5"": 1600000, ""cpu6"": 1600000, ""cpu7"": 1600000}"
87785143,7829295104,10262056960,1336100,32150,4122144768,2713346048,8,691.1504537903655,2577381,413330,10405007,27416,"{""thermal_zone0"": 60000, ""thermal_zone1"": 59000}","{""cpu0"": 1600000, ""cpu1"": 1600000, ""cpu2"": 1600000, ""cpu3"": 1600000, ""cpu4"": 1600000, ""cpu5"": 1600000, ""cpu6"": 1600000, ""cpu7"": 1600000}"
87942385,7829295104,10262056960,1336100,32150,4122165248,2717081600,8,686.839804651058,2577479,413332,10405029,27416,"{""thermal_zone0"": 58000, ""thermal_zone1"": 60000}","{""cpu0"": 1600000, ""cpu1"": 1600000, ""cpu2"": 1600000, ""cpu3"": 1600000, ""cpu4"": 1600000, ""cpu5"": 1600000, ""cpu6"": 1600000, ""cpu7"": 1600000}"
88077756,7514013696,10090545152,1336101,32151,4122165248,3024093184,8,88.6451436356414,2577481,413345,10405116,27416,"{""thermal_zone0"": 53000, ""thermal_zone1"": 55000}","{""cpu0"": 1600000, ""cpu1"": 1600000, ""cpu2"": 1600000, ""cpu3"": 1600000, ""cpu4"": 1600000, ""cpu5"": 1600000, ""cpu6"": 1600000, ""cpu7"": 1600000}"
88198461,7196229632,10090545152,1336101,32151,4122165248,3344183296,8,99.41542405118912,2577482,413358,10405199,27416,"{""thermal_zone0"": 52000, ""thermal_zone1"": 54000}","{""cpu0"": 1600000, ""cpu1"": 1600000, ""cpu2"": 1600000, ""cpu3"": 1600000, ""cpu4"": 1600000, ""cpu5"": 1600000, ""cpu6"": 1600000, ""cpu7"": 1600000}"
88319669,6878445568,10090545152,1336101,32151,4122165248,3678982144,8,99.00402854817465,2577484,413370,10405281,27416,"{""thermal_zone0"": 51000, ""thermal_zone1"": 52000}","{""cpu0"": 1600000, ""cpu1"": 1600000, ""cpu2"": 1600000, ""cpu3"": 1600000, ""cpu4"": 1600000, ""cpu5"": 1600000, ""cpu6"": 1600000, ""cpu7"": 1600000}"
88441694,6520938496,10090545152,1336101,32151,4122165248,4021018624,8,98.34002851369125,2577486,413383,10405365,27416,"{""thermal_zone0"": 50000, ""thermal_zone1"": 52000}","{""cpu0"": 1600000, ""cpu1"": 1600000, ""cpu2"": 1600000, ""cpu3"": 1600000, ""cpu4"": 1600000, ""cpu5"": 1600000, ""cpu6"": 1600000, ""cpu7"": 1600000}"
88564715,6163431424,10090545152,1336101,32151,4122165248,4377763840,8,97.5446293504051,2577487,413396,10405448,27416,"{""thermal_zone0"": 49000, ""thermal_zone1"": 52000}","{""cpu0"": 1600000, ""cpu1"": 1600000, ""cpu2"": 1600000, ""cpu3"": 1600000, ""cpu4"": 1600000, ""cpu5"": 1600000, ""cpu6"": 1600000, ""cpu7"": 1600000}"
88686990,5805924352,10090545152,1336101,32151,4122165248,4745015296,8,98.13897026131585,2577488,413409,10405531,27416,"{""thermal_zone0"": 49000, ""thermal_zone1"": 50000}","{""cpu0"": 1600000, ""cpu1"": 1600000, ""cpu2"": 1600000, ""cpu3"": 1600000, ""cpu4"": 1600000, ""cpu5"": 1600000, ""cpu6"": 1600000, ""cpu7"": 1600000}"
88807551,5458022400,7811239936,1336101,32151,4122165248,5089759232,8,99.534611821691,2577490,413421,10405613,27416,"{""thermal_zone0"": 49000, ""thermal_zone1"": 50000}","{""cpu0"": 1600000, ""cpu1"": 1600000, ""cpu2"": 1600000, ""cpu3"": 1600000, ""cpu4"": 1600000, ""cpu5"": 1600000, ""cpu6"": 1600000, ""cpu7"": 1600000}"
88928299,5118111744,7811239936,1336101,32151,4122165248,5427142656,8,107.66306525707667,2577492,413434,10405696,27416,"{""thermal_zone0"": 49000, ""thermal_zone1"": 50000}","{""cpu0"": 1600000, ""cpu1"": 1600000, ""cpu2"": 1600000, ""cpu3"": 1600000, ""cpu4"": 1600000, ""cpu5"": 1600000, ""cpu6"": 1600000, ""cpu7"": 1600000}"
89050271,4760604672,7811239936,1336101,32151,4122165248,5783363584,8,98.38269104125165,2577493,413447,10405778,27416,"{""thermal_zone0"": 48000, ""thermal_zone1"": 50000}","{""cpu0"": 1600000, ""cpu1"": 1600000, ""cpu2"": 1600000, ""cpu3"": 1600000, ""cpu4"": 1600000, ""cpu5"": 1600000, ""cpu6"": 1600000, ""cpu7"": 1600000}"
89171638,4457680896,7811239936,1336101,32151,4122165248,6083919872,8,98.87402181561362,2577494,413460,10405861,27416,"{""thermal_zone0"": 48000, ""thermal_zone1"": 50000}","{""cpu0"": 1600000, ""cpu1"": 1600000, ""cpu2"": 1600000, ""cpu3"": 1600000, ""cpu4"": 1600000, ""cpu5"": 1600000, ""cpu6"": 1600000, ""cpu7"": 1600000}"
89292607,4164759552,7811239936,1336101,32151,4122165248,6377803776,8,99.19898063127502,2577496,413474,10405943,27416,"{""thermal_zone0"": 48000, ""thermal_zone1"": 50000}","{""cpu0"": 1600000, ""cpu1"": 1600000, ""cpu2"": 1600000, ""cpu3"": 1600000, ""cpu4"": 1600000, ""cpu5"": 1600000, ""cpu6"": 1600000, ""cpu7"": 1600000}"
89413452,3846975488,7811239936,1336101,32151,4122165248,6698737664,8,99.30052708719778,2577498,413493,10406016,27416,"{""thermal_zone0"": 47000, ""thermal_zone1"": 50000}","{""cpu0"": 1600000, ""cpu1"": 1600000, ""cpu2"": 1600000, ""cpu3"": 1600000, ""cpu4"": 1600000, ""cpu5"": 1600000, ""cpu6"": 1600000, ""cpu7"": 1600000}"
89535117,3529191424,7811239936,1336101,32151,4122165248,7016398848,8,98.6313081317519,2577500,413506,10406099,27416,"{""thermal_zone0"": 47000, ""thermal_zone1"": 49000}","{""cpu0"": 1600000, ""cpu1"": 1600000, ""cpu2"": 1600000, ""cpu3"": 1600000, ""cpu4"": 1600000, ""cpu5"": 1600000, ""cpu6"": 1600000, ""cpu7"": 1600000}"
89656030,3249721344,7811239936,1336101,32151,4122165248,7299977216,8,99.24482052239976,2577502,413518,10406181,27416,"{""thermal_zone0"": 47000, ""thermal_zone1"": 49000}","{""cpu0"": 1600000, ""cpu1"": 1600000, ""cpu2"": 1600000, ""cpu3"": 1600000, ""cpu4"": 1600000, ""cpu5"": 1600000, ""cpu6"": 1600000, ""cpu7"": 1600000}"
89776484,2933346304,7811239936,1336101,32151,4122165248,7609561088,8,107.92505823428596,2577504,413530,10406264,27416,"{""thermal_zone0"": 47000, ""thermal_zone1"": 49000}","{""cpu0"": 1600000, ""cpu1"": 1600000, ""cpu2"": 1600000, ""cpu3"": 1600000, ""cpu4"": 1600000, ""cpu5"": 1600000, ""cpu6"": 1600000, ""cpu7"": 1600000}"
89899152,2760683520,5094998016,1336101,32151,4122165248,7794290688,8,89.67282064332895,2577511,413538,10406348,27416,"{""thermal_zone0"": 47000, ""thermal_zone1"": 49000}","{""cpu0"": 1600000, ""cpu1"": 1600000, ""cpu2"": 1600000, ""cpu3"": 1600000, ""cpu4"": 1600000, ""cpu5"": 1600000, ""cpu6"": 1600000, ""cpu7"": 1600000}"
90022529,2751918080,5084848128,1336102,32152,4122296320,7795544064,8,97.26310616100258,2577523,413539,10406430,27416,"{""thermal_zone0"": 46000, ""thermal_zone1"": 48000}","{""cpu0"": 1600000, ""cpu1"": 1600000, ""cpu2"": 1600000, ""cpu3"": 1600000, ""cpu4"": 1600000, ""cpu5"": 1600000, ""cpu6"": 1600000, ""cpu7"": 1600000}"
90143007,2751918080,5084848128,1336102,32152,4122296320,7795544064,8,99.60369929135204,2577537,413540,10406512,27416,"{""thermal_zone0"": 46000, ""thermal_zone1"": 48000}","{""cpu0"": 1600000, ""cpu1"": 1600000, ""cpu2"": 1600000, ""cpu3"": 1600000, ""cpu4"": 1600000, ""cpu5"": 1600000, ""cpu6"": 1600000, ""cpu7"": 1600000}"
90264037,2335600640,5084581888,1336102,32152,4122296320,7795544064,8,107.41088152209615,2577539,413551,10406595,27416,"{""thermal_zone0"": 46000, ""thermal_zone1"": 47000}","{""cpu0"": 1600000, ""cpu1"": 1600000, ""cpu2"": 1600000, ""cpu3"": 1600000, ""cpu4"": 1600000, ""cpu5"": 1600000, ""cpu6"": 1600000, ""cpu7"": 1600000}"
90383747,1758695424,5084581888,1336102,32152,4122296320,7795544064,8,100.24262809239006,2577540,413564,10406676,27416,"{""thermal_zone0"": 46000, ""thermal_zone1"": 47000}","{""cpu0"": 1600000, ""cpu1"": 1600000, ""cpu2"": 1600000, ""cpu3"": 1600000, ""cpu4"": 1600000, ""cpu5"": 1600000, ""cpu6"": 1600000, ""cpu7"": 1600000}"
90503453,1171689472,5084581888,1336102,32152,4122296320,7795544064,8,100.24555817779373,2577542,413576,10406758,27416,"{""thermal_zone0"": 46000, ""thermal_zone1"": 47000}","{""cpu0"": 1600000, ""cpu1"": 1600000, ""cpu2"": 1600000, ""cpu3"": 1600000, ""cpu4"": 1600000, ""cpu5"": 1600000, ""cpu6"": 1600000, ""cpu7"": 1600000}"
90622843,606728192,5084581888,1336102,32152,4122296320,7795544064,8,100.5107419850389,2577544,413589,10406840,27416,"{""thermal_zone0"": 46000, ""thermal_zone1"": 47000}","{""cpu0"": 1600000, ""cpu1"": 1600000, ""cpu2"": 1600000, ""cpu3"": 1600000, ""cpu4"": 1600000, ""cpu5"": 1600000, ""cpu6"": 1600000, ""cpu7"": 1600000}"
90742198,50446336,5084581888,1336102,32152,4122296320,7795544064,8,100.54017976433332,2577544,413602,10406921,27416,"{""thermal_zone0"": 45000, ""thermal_zone1"": 46000}","{""cpu0"": 1600000, ""cpu1"": 1600000, ""cpu2"": 1600000, ""cpu3"": 1600000, ""cpu4"": 1600000, ""cpu5"": 1600000, ""cpu6"": 1600000, ""cpu7"": 1600000}"
