elapsed_us,pid,rss_bytes,vsize_bytes,process_utime_ticks,process_stime_ticks,minor_faults,major_faults,read_bytes,syscr,system_user_ticks,system_ticks,system_idle_ticks,system_iowait_ticks,available_bytes,thread_count,thread_delta_ticks,process_cpu_pct,disk_reads_completed,disk_sectors_read,disk_io_ticks
5159,27622,1835008,11116544,0,0,81,0,0,15,2030772,344492,7649853,22695,7816753152,1,27622:0,0.0,891370,347001680,2537712
109878,27622,8126464,5005643776,3,0,342,34,4521984,17,2030775,344493,7649925,22702,7816114176,1,27622:3,28.64801809286591,891405,347010512,2537792
215652,27622,11010048,5005643776,3,2,345,77,10289152,17,2030775,344496,7649998,22711,7816208384,1,27622:2,18.908190769199003,891448,347021520,2537884
321278,27622,13762560,5005643776,3,3,347,121,15925248,17,2030776,344499,7650070,22720,7815856128,1,27622:1,9.467424160323027,891492,347032784,2537984
426862,27622,16646144,5005643776,3,5,349,164,21561344,17,2030776,344502,7650142,22729,7815831552,1,27622:2,18.942208184698956,891535,347043792,2538084
532468,27622,19398656,5005643776,3,6,352,208,27332608,17,2030777,344503,7650215,22738,7815663616,1,27622:1,9.469194636095157,891582,347054808,2538188
638334,27622,22806528,5005643776,3,8,365,250,32837632,17,2030778,344512,7650278,22746,7814221824,1,27622:2,18.891707584137407,891624,347065560,2538284
743921,27622,26738688,5005643776,3,9,403,296,38436864,17,2030779,344514,7650351,22754,7814127616,1,27622:1,9.470831316993348,891669,347076496,2538372
849255,27622,32768000,5008642048,11,11,1409,317,39776256,17,2030788,344516,7650424,22754,7810101248,1,27622:10,94.93657396670343,891685,347079368,2538392
954310,27622,35799040,5011591168,22,11,2249,317,39776256,17,2030799,344516,7650497,22754,7807004672,1,27622:11,104.70698744280512,891685,347079368,2538392
1059191,27622,38944768,5014835200,30,13,3028,317,39776256,17,2030809,344518,7650570,22754,7803908096,1,27622:10,95.34638966747957,891685,347079368,2538392
1164240,27622,41259008,5017157632,39,14,3765,317,39776256,17,2030818,344519,7650642,22754,7801585664,1,27622:11,95.19304082517289,891685,347079368,2538392
1269306,27622,48861184,5024681984,48,16,5618,317,39776256,17,2030828,344521,7650715,22754,7793844224,1,27622:10,104.69702152487956,891685,347079368,2538392
1374276,27622,52269056,5028044800,58,16,6436,317,39776256,17,2030838,344521,7650788,22754,7790489600,1,27622:10,95.26460510949232,891685,347079368,2538392
1479330,27622,55414784,5030780928,69,16,7119,317,39776256,17,2030850,344521,7650861,22754,7788826624,1,27622:11,104.70839976684675,891685,347079368,2538392
1584503,27622,55414784,5030916096,79,16,7121,317,39776256,17,2030860,344521,7650934,22754,7788826624,1,27622:10,95.08114886057747,891685,347079368,2538392
1689548,27622,55414784,5030916096,90,16,7121,317,39776256,17,2030871,344521,7651007,22754,7788630016,1,27622:11,104.71695525818627,891685,347079368,2538392
1794932,27622,55414784,5030916096,100,16,7121,317,39776256,17,2030882,344521,7651080,22754,7788638208,1,27622:10,94.89149456504695,891685,347079368,2538392
1900030,27622,55414784,5030916096,111,16,7121,317,39776256,17,2030893,344521,7651153,22754,7788638208,1,27622:11,104.66427193543821,891685,347079368,2538392
2005269,27622,58691584,5034196992,121,17,7931,317,39776256,17,2030904,344522,7651226,22754,7785283584,1,27622:11,104.52354926017186,891685,347079368,2538392
2110531,27622,58691584,5034196992,131,17,7940,317,39776256,17,2030914,344522,7651299,22754,7785283584,1,27622:10,95.00173634673523,891685,347079368,2538392
2215545,27622,61444096,10029912064,140,17,8273,326,41123840,17,2030924,344522,7651373,22754,7783804928,1,27622:10,85.70273216977273,891695,347081744,2538412
2321114,27622,75599872,10029912064,143,20,10143,381,48201728,17,2030926,344524,7651452,22754,7776583680,1,27622:5,56.834766159890634,891749,347095568,2538496
2426695,27622,90017792,10029912064,144,23,12013,436,55541760,17,2030928,344527,7651531,22754,7769362432,1,27622:4,37.88565716550898,891804,347109648,2538580
2532266,27622,104435712,10029912064,144,26,13883,491,62619648,17,2030929,344531,7651611,22754,7762223104,1,27622:3,28.4168110785325,891860,347123728,2538664
2637937,27622,118722560,10029912064,145,29,15719,545,69828608,17,2030930,344534,7651690,22754,7755001856,1,27622:4,37.853316109948324,891915,347137808,2538748
2743547,27622,133009408,10029912064,146,32,17589,600,76906496,17,2030930,344537,7651770,22754,7748120576,1,27622:5,37.87523958574601,891969,347151632,2538840
2849187,27622,147427328,10029912064,147,36,19459,655,84115456,17,2030932,344540,7651849,22754,7740755968,1,27622:4,47.330772561836184,892025,347165712,2538916
2954852,27622,161845248,10029912064,147,39,21329,710,91324416,17,2030934,344544,7651928,22754,7733534720,1,27622:3,28.391397637432558,892080,347179792,2539000
3061041,27622,176263168,10029912064,148,43,23199,765,98533376,17,2030934,344547,7652008,22754,7725879296,1,27622:5,47.086167186838544,892135,347193872,2539088
3166660,27622,190681088,10029912064,149,46,25069,820,105742336,17,2030936,344550,7652087,22754,7718916096,1,27622:4,37.871952278310374,892190,347207952,2539164
3272274,27622,205885440,10029912064,150,49,26970,876,113082368,17,2030937,344554,7652167,22754,7711289344,1,27622:4,37.873745219149804,892247,347222288,2539240
3377967,27622,220827648,10029912064,150,53,28884,934,120553472,17,2030938,344557,7652246,22754,7703523328,1,27622:4,37.845511424419804,892304,347236880,2539328
3483572,27622,235769856,10029912064,151,57,30765,991,128155648,17,2030938,344562,7652325,22754,7696130048,1,27622:5,47.34584271731882,892361,347251472,2539400
3589165,27622,250974208,10029912064,151,60,32679,1049,135626752,17,2030940,344565,7652405,22754,7688540160,1,27622:3,28.41102506495447,892419,347266320,2539484
3694911,27622,265916416,10029912064,153,63,34560,1106,143097856,17,2030941,344568,7652484,22754,7681290240,1,27622:5,47.28336633964482,892476,347280912,2539568
3800581,27622,280858624,10029912064,153,66,36441,1163,150700032,17,2030942,344571,7652563,22754,7673782272,1,27622:4,28.390110131009855,892534,347295760,2539648
3906391,27622,296062976,10029912064,156,68,38322,1220,158171136,17,2030944,344573,7652643,22754,7666274304,1,27622:4,47.254841057633286,892591,347310352,2539720
4011920,27622,311005184,10029912064,156,72,40236,1278,165773312,17,2030945,344578,7652722,22754,7658426368,1,27622:4,37.90404108722246,892649,347325200,2539800
4117557,27622,326209536,10029912064,157,76,42117,1335,173244416,17,2030946,344581,7652801,22754,7650918400,1,27622:5,47.331836681724724,892706,347339792,2539892
4223210,27622,341151744,10029912064,157,79,44031,1393,180715520,17,2030947,344584,7652881,22754,7643410432,1,27622:3,28.394823854555884,892763,347354384,2539968
4328897,27622,356093952,10029912064,158,82,45912,1450,188186624,17,2030949,344588,7652961,22754,7635902464,1,27622:4,37.84764528793221,892820,347368976,2540052
4434559,27622,371298304,10029912064,158,86,47793,1507,195788800,17,2030950,344592,7653040,22754,7628312576,1,27622:4,37.856644609618876,892878,347383824,2540124
4540168,27622,386240512,10029912064,159,89,49674,1564,203259904,17,2030951,344595,7653120,22754,7620804608,1,27622:4,37.8754336074328,892935,347398416,2540200
4645885,27622,401182720,10029912064,160,92,51588,1622,210731008,17,2030952,344598,7653199,22754,7613038592,1,27622:4,37.837069285150775,892992,347413008,2540288
4751643,27622,416124928,10029912064,160,96,53469,1679,218202112,17,2030952,344602,7653279,22754,7605706752,1,27622:4,37.8221624426135,893049,347427600,2540368
4857330,27622,431329280,10029912064,160,100,55383,1737,225935360,17,2030953,344607,7653359,22754,7598055424,1,27622:4,37.84758548347911,893108,347442704,2540452
4963022,27622,446533632,10029912064,160,104,57293,1795,233406464,17,2030953,344611,7653438,22754,7590547456,1,27622:4,37.84582509693853,893165,347457296,2540532
5068675,27622,461475840,10029912064,160,108,59178,1852,240877568,17,2030954,344614,7653518,22754,7582957568,1,27622:4,37.85985472473335,893223,347472144,2540620
5174473,27622,476680192,10029912064,161,111,61092,1910,248610816,17,2030955,344618,7653597,22754,7575306240,1,27622:4,37.80781837895331,893280,347486736,2540704
5280146,27622,491753472,10029912064,161,115,63043,1971,255594496,17,2030955,344622,7653676,22755,7567613952,1,27622:4,37.8524800467039,893336,347500376,2540780
5385730,27622,506302464,10029912064,161,119,64946,2027,262672384,17,2030956,344626,7653756,22755,7560384512,1,27622:4,37.88467076544708,893392,347514456,2540856
5491348,27622,521506816,10029912064,162,122,66964,2090,269860864,17,2030958,344630,7653835,22756,7552483328,1,27622:4,37.872475082325764,893454,347528496,2540924
5597095,27622,536711168,10029912064,162,125,68916,2148,277331968,17,2030958,344633,7653914,22756,7544975360,1,27622:3,28.369460706764972,893511,347543088,2541008
5702807,27622,551391232,10029912064,162,129,70840,2204,284803072,17,2030959,344644,7653986,22756,7536578560,1,27622:5,37.83859046785554,893568,347557680,2541092
5809265,27622,566595584,10029912064,163,133,72812,2262,292274176,17,2030961,344648,7654064,22756,7529041920,1,27622:4,46.96700689879577,893625,347572272,2541176
5915010,27622,581537792,10029912064,164,136,74750,2319,299745280,17,2030962,344652,7654144,22756,7521161216,1,27622:4,37.82669271400118,893682,347586864,2541256
6020661,27622,596348928,10029912064,165,139,76687,2376,307216384,17,2030962,344654,7654223,22756,7513964544,1,27622:4,37.860825140148236,893739,347601456,2541348
6126361,27622,611291136,10029912064,166,142,78625,2433,314556416,17,2030964,344657,7654302,22756,7506456576,1,27622:4,37.84276665363898,893795,347615792,2541428
6232043,27622,626495488,10029912064,166,146,80597,2491,322158592,17,2030964,344662,7654382,22756,7498948608,1,27622:4,37.849256856336105,893853,347630640,2541500
6337812,27622,641437696,10029912064,167,149,82535,2548,329629696,17,2030965,344664,7654461,22756,7491182592,1,27622:4,37.81831832168279,893910,347645232,2541584
6443520,27622,656379904,10029912064,167,153,84473,2605,337100800,17,2030966,344669,7654541,22756,7483674624,1,27622:4,37.84029075798293,893967,347659824,2541660
6549271,27622,671584256,10029912064,168,156,86498,2668,344023040,17,2030967,344672,7654620,22756,7476183040,1,27622:4,37.82468067600799,894027,347673344,2541736
6654975,27622,686264320,10029912064,169,159,88368,2723,351232000,17,2030969,344675,7654699,22756,7468961792,1,27622:4,37.84152866531273,894082,347687424,2541812
6760615,27622,700682240,10029912064,169,163,90247,2779,358440960,17,2030970,344679,7654779,22756,7461679104,1,27622:4,37.864259620536885,894137,347701504,2541892
6866273,27622,714838016,10029912064,169,166,92108,2833,365649920,17,2030970,344683,7654859,22756,7454457856,1,27622:3,28.393491428104312,894192,347715584,2541972
6971977,27622,729255936,10029912064,170,170,93978,2888,372727808,17,2030971,344687,7654938,22756,7446802432,1,27622:5,47.30200391060803,894247,347729408,2542060
7077610,27622,743542784,10029912064,171,172,95847,2943,379805696,17,2030972,344690,7655018,22757,7439831040,1,27622:3,28.400334139397927,894301,347743488,2542140
7183251,27622,758222848,10029912064,172,175,97751,2999,387145728,17,2030974,344693,7655098,22757,7432466432,1,27622:4,37.86406571331323,894357,347757568,2542220
7288909,27622,772640768,10029912064,173,178,99621,3054,394354688,17,2030975,344695,7655177,22757,7425245184,1,27622:4,37.857809059937786,894413,347771904,2542304
7394640,27622,787320832,10029912064,173,182,101491,3109,401694720,17,2030976,344699,7655257,22757,7417962496,1,27622:5,37.83180586313733,894468,347785984,2542384
7500158,27622,801738752,10029912064,174,185,103395,3165,409034752,17,2030976,344702,7655336,22757,7410597888,1,27622:3,37.90841136377036,894524,347800320,2542456
7605824,27622,816549888,10029912064,175,188,105283,3221,416112640,17,2030977,344705,7655416,22757,7403495424,1,27622:4,37.85500267724775,894579,347814144,2542544
7711524,27622,831361024,10029912064,175,192,107294,3284,422985728,17,2030978,344710,7655495,22757,7395688448,1,27622:4,37.842871195401905,894637,347827312,2542604
7817176,27622,845778944,10029912064,175,195,109109,3339,430063616,17,2030980,344712,7655574,22757,7388405760,1,27622:3,28.395350087265065,894692,347841392,2542684
7922849,27622,860196864,10029912064,175,199,110924,3394,437272576,17,2030980,344716,7655654,22757,7380811776,1,27622:4,37.85262977596685,894747,347855472,2542764
8028502,27622,874614784,10029912064,176,201,112739,3449,444481536,17,2030982,344718,7655734,22757,7373705216,1,27622:3,28.3947340905559,894802,347869552,2542844
8134628,27622,889294848,10029912064,176,205,114587,3505,451821568,17,2030982,344722,7655814,22757,7366422528,1,27622:4,37.69086571951594,894858,347883888,2542924
8240274,27622,903712768,10029912064,177,208,116402,3560,458899456,17,2030983,344724,7655894,22758,7359193088,1,27622:4,37.862467936050706,894912,347897712,2543012
8345991,27622,918130688,10029912064,177,212,118217,3615,466108416,17,2030983,344728,7655974,22758,7351971840,1,27622:4,37.83675575775392,894967,347911792,2543092
8451696,27622,932548608,10029912064,177,215,120032,3670,473448448,17,2030984,344733,7656054,22758,7344689152,1,27622:3,28.3809115664986,895023,347926128,2543160
8557281,27622,946966528,10029912064,177,219,121847,3725,480526336,17,2030985,344736,7656134,22758,7337611264,1,27622:4,37.88414762467342,895077,347939952,2543244
8663013,27622,961384448,10029912064,177,222,123662,3780,487735296,17,2030986,344739,7656214,22758,7330328576,1,27622:4,28.373597043849504,895132,347954032,2543320
8768684,27622,976326656,10029912064,179,224,125554,3837,494891008,17,2030988,344741,7656293,22758,7322791936,1,27622:3,37.85359982103576,895187,347967752,2543400
8874398,27622,991268864,10029912064,180,227,127531,3899,501686272,17,2030989,344743,7656372,22758,7315419136,1,27622:4,37.83775505496563,895246,347981280,2543488
8980098,27622,1005686784,10029912064,180,231,129401,3954,508895232,17,2030989,344747,7656452,22758,7307620352,1,27622:4,37.84284147970505,895301,347995360,2543572
9085926,27622,1020366848,10029912064,181,234,131305,4010,516235264,17,2030990,344750,7656531,22758,7300431872,1,27622:4,37.79736855287095,895357,348009696,2543656
9191634,27622,1035046912,10029912064,182,237,133175,4065,523575296,17,2030992,344754,7656611,22758,7293149184,1,27622:4,37.84015651899622,895413,348024032,2543736
9297230,27622,1049464832,10029912064,183,239,135079,4121,530784256,17,2030993,344755,7656691,22758,7285927936,1,27622:3,28.410150639994043,895468,348038112,2543820
9402904,27622,1064013824,10029912064,183,243,136982,4177,537993216,17,2030994,344760,7656770,22759,7278555136,1,27622:4,37.85231634884127,895523,348052192,2543892
9508506,27622,1078431744,10029912064,183,246,138852,4232,545202176,17,2030994,344764,7656850,22759,7271157760,1,27622:3,28.408491801976865,895578,348066272,2543976
9614251,27622,1092849664,10029912064,184,249,140722,4287,552542208,17,2030994,344766,7656930,22759,7264051200,1,27622:5,37.826722762057365,895634,348080608,2544060
9719883,27622,1107267584,10029912064,184,253,142592,4342,559620096,17,2030996,344770,7657010,22759,7256829952,1,27622:4,37.867500423192986,895689,348094432,2544136
9825542,27622,1121947648,10029912064,185,256,144496,4398,566960128,17,2030996,344774,7657089,22759,7249465344,1,27622:4,37.85731639913737,895745,348108768,2544212
9931103,27622,1136496640,10029912064,186,259,146421,4455,573911040,17,2030998,344777,7657169,22759,7242117120,1,27622:3,37.89288037017782,895800,348122488,2544284
10036723,27622,1151307776,10029912064,187,262,148376,4516,580780032,17,2030998,344779,7657248,22760,7234158592,1,27622:4,37.871742873891904,895859,348136016,2544376
10142482,27622,1165725696,10029912064,187,265,150246,4571,587988992,17,2031000,344782,7657327,22760,7227195392,1,27622:3,28.366275561914644,895913,348149840,2544456
10248099,27622,1180143616,10029912064,187,269,152092,4626,595197952,17,2031000,344787,7657407,22760,7220056064,1,27622:4,37.87260955071279,895969,348163920,2544540
10354045,27622,1194561536,10029912064,188,272,153986,4681,602406912,17,2031001,344790,7657487,22760,7212691456,1,27622:4,37.755390320558085,896025,348178256,2544616
10459677,27622,1208979456,10029912064,189,275,155822,4735,609615872,17,2031003,344794,7657567,22760,7205552128,1,27622:4,37.86730648277495,896079,348192080,2544692
10565351,27622,1223266304,10029912064,189,278,157725,4791,616693760,17,2031003,344797,7657647,22760,7198466048,1,27622:3,28.389091385649124,896133,348205904,2544788
10671078,27622,1237422080,10029912064,189,282,159561,4845,623771648,17,2031004,344801,7657727,22760,7191244800,1,27622:4,37.83346081317954,896187,348219728,2544860
10776624,27622,1252102144,10029912064,190,284,161431,4900,631111680,17,2031006,344809,7657799,22760,7183704064,1,27622:3,28.423609290355234,896243,348234064,2544944
10883548,27622,1266520064,10029912064,190,288,163301,4956,638320640,17,2031007,344816,7657877,22760,7176224768,1,27622:4,37.4094743328219,896298,348248144,2545020
10989352,27622,1280937984,10029912064,191,292,165171,5010,645529600,17,2031008,344819,7657957,22760,7168745472,1,27622:5,47.25742792961059,896353,348262224,2545104
11095021,27622,1296273408,10029912064,191,295,167227,5073,652480512,17,2031009,344824,7658036,22760,7160950784,1,27622:4,28.390468536135486,896411,348275800,2545172
11200805,27622,1310953472,10029912064,191,299,169120,5130,659611648,17,2031010,344828,7658115,22761,7153373184,1,27622:3,37.813060114815386,896468,348289728,2545256
11306560,27622,1325371392,10029912064,191,303,171024,5186,666951680,17,2031011,344831,7658195,22761,7146266624,1,27622:4,37.82302649399938,896524,348304064,2545336
11412197,27622,1339789312,10029912064,192,306,172894,5241,674029568,17,2031012,344834,7658275,22761,7139045376,1,27622:4,37.865753238674436,896578,348317888,2545416
11517862,27622,1354469376,10029912064,192,309,174764,5296,681369600,17,2031012,344838,7658355,22761,7131824128,1,27622:3,28.391666330462016,896634,348332224,2545496
11623536,27622,1368887296,10029912064,192,313,176668,5352,688578560,17,2031013,344841,7658435,22761,7124426752,1,27622:4,37.8520025687126,896689,348346304,2545580
11729249,27622,1383567360,10029912064,192,317,178571,5408,695918592,17,2031014,344845,7658514,22761,7117168640,1,27622:4,37.83839646551539,896745,348360640,2545676
11835024,27622,1398116352,10029912064,192,320,180459,5464,703127552,17,2031014,344848,7658594,22761,7109947392,1,27622:4,28.362051801585892,896800,348374720,2545760
11940720,27622,1412534272,10029912064,193,324,182345,5519,710336512,17,2031015,344853,7658674,22761,7102582784,1,27622:4,47.30534201819046,896855,348388800,2545836
12046457,27622,1427214336,10029912064,193,327,184215,5574,717676544,17,2031015,344856,7658753,22761,7095103488,1,27622:3,28.372434315048245,896911,348403136,2545912
12152030,27622,1441763328,10029912064,193,331,186119,5630,725016576,17,2031016,344860,7658833,22761,7087677440,1,27622:4,37.88842359378821,896967,348417472,2545988
12257794,27622,1456836608,10029912064,194,334,188161,5694,731623424,17,2031018,344862,7658912,22762,7079878656,1,27622:4,37.819986752982345,897025,348430376,2546088
12363503,27622,1470992384,10029912064,195,336,189997,5748,738832384,17,2031019,344866,7658992,22762,7072595968,1,27622:3,28.37979307271198,897079,348444200,2546172
12469118,27622,1485410304,10029912064,196,339,191867,5803,745910272,17,2031020,344869,7659071,22762,7065260032,1,27622:4,37.87355085615908,897134,348458280,2546256
12574825,27622,1499828224,10029912064,197,342,193714,5858,753119232,17,2031022,344871,7659151,22762,7058493440,1,27622:4,37.84045470982402,897189,348472360,2546340
12680556,27622,1514246144,10029912064,198,345,195607,5913,760328192,17,2031023,344874,7659231,22762,7051128832,1,27622:4,37.831850589613175,897244,348486440,2546412
12786207,27622,1528795136,10029912064,199,347,197476,5968,767537152,17,2031025,344877,7659311,22762,7043784704,1,27622:3,28.39530520353054,897299,348500520,2546480
12891761,27622,1542950912,10029912064,200,350,199346,6023,774746112,17,2031026,344880,7659390,22762,7036563456,1,27622:4,37.89542274925702,897353,348514344,2546556
12997385,27622,1557368832,10029912064,201,353,201216,6078,781824000,17,2031027,344883,7659470,22762,7029682176,1,27622:4,37.869905664550195,897409,348528424,2546648
13103044,27622,1571786752,10029912064,201,357,203086,6133,789032960,17,2031028,344888,7659550,22762,7021944832,1,27622:4,37.857794369503,897464,348542504,2546716
13208702,27622,1586204672,10029912064,201,360,204922,6187,796241920,17,2031028,344891,7659630,22762,7014920192,1,27622:3,28.393569628784178,897519,348556584,2546808
13314486,27622,1600622592,10029912064,202,363,206807,6243,803319808,17,2031030,344894,7659710,22762,7007551488,1,27622:4,37.812702661315676,897573,348570408,2546888
13420138,27622,1615826944,10029912064,203,366,208838,6306,810192896,17,2031030,344896,7659788,22763,6999752704,1,27622:4,37.860168276711335,897633,348583576,2546980
13525880,27622,1630769152,10029912064,203,370,210776,6363,817532928,17,2031031,344900,7659868,22763,6992244736,1,27622:4,37.82807890914563,897691,348598424,2547060
13631669,27622,1645973504,10029912064,203,374,212748,6421,825135104,17,2031031,344904,7659948,22763,6984593408,1,27622:4,37.81116890506266,897748,348613016,2547144
13737340,27622,1660915712,10029912064,204,376,214686,6478,832606208,17,2031033,344907,7660027,22763,6977146880,1,27622:3,28.389807884845187,897805,348627608,2547220
13843071,27622,1675857920,10029912064,205,379,216624,6535,840208384,17,2031034,344910,7660107,22763,6969896960,1,27622:4,37.831850589613175,897863,348642456,2547300
13948751,27622,1690931200,10029912064,206,382,218561,6593,847548416,17,2031035,344913,7660187,22763,6962266112,1,27622:4,37.85019700128597,897919,348656792,2547384
14054407,27622,1705873408,10029912064,207,385,220533,6650,855150592,17,2031036,344916,7660266,22763,6954614784,1,27622:4,37.858899050343595,897977,348671640,2547468
14160003,27622,1720815616,10029912064,207,389,222471,6707,862621696,17,2031037,344920,7660346,22763,6946848768,1,27622:4,37.88015601245295,898033,348685976,2547556
14265732,27622,1735757824,10029912064,208,391,224409,6764,870092800,17,2031038,344922,7660426,22763,6939402240,1,27622:3,28.37429048667924,898091,348700824,2547632
14371559,27622,1750700032,10029912064,210,393,226347,6821,877563904,17,2031040,344924,7660506,22763,6932152320,1,27622:4,37.7977703624432,898148,348715416,2547712
14477164,27622,1766035456,10029912064,211,396,228343,6881,884588544,17,2031042,344926,7660585,22763,6924222464,1,27622:4,37.8770475432322,898205,348729392,2547800
14582882,27622,1780977664,10029912064,211,400,230328,6942,891777024,17,2031042,344929,7660665,22764,6916698112,1,27622:4,37.836323771324984,898264,348743176,2547884
14688571,27622,1795264512,10029912064,211,403,232198,6997,898985984,17,2031043,344932,7660745,22764,6909415424,1,27622:3,28.385185529451928,898318,348757000,2547972
14794338,27622,1809682432,10029912064,212,406,234068,7052,906063872,17,2031044,344936,7660824,22764,6902194176,1,27622:4,37.81901878744851,898373,348771080,2548056
14899915,27622,1824100352,10029912064,212,409,235938,7107,913272832,17,2031045,344939,7660905,22764,6894796800,1,27622:3,28.415173532175135,898428,348785160,2548140
15005623,27622,1838518272,10029912064,213,412,237808,7162,920481792,17,2031046,344942,7660984,22764,6887690240,1,27622:4,37.84027572316906,898483,348799240,2548220
15111246,27622,1852936192,10029912064,213,416,239677,7217,927690752,17,2031047,344946,7661064,22764,6880346112,1,27622:4,37.87054816558095,898537,348813064,2548304
15216974,27622,1867354112,10029912064,213,419,241547,7272,934768640,17,2031047,344949,7661144,22764,6873206784,1,27622:3,28.374536312785754,898592,348827144,2548392
15322654,27622,1881772032,10029912064,214,422,243383,7326,941977600,17,2031048,344952,7661224,22764,6865985536,1,27622:4,37.85006269200509,898647,348841224,2548484
15428355,27622,1896189952,10029912064,214,426,245287,7382,949317632,17,2031049,344955,7661304,22764,6858620928,1,27622:4,37.84285615853742,898702,348855304,2548572
15534107,27622,1910607872,10029912064,215,428,247157,7437,956395520,17,2031050,344957,7661383,22764,6850969600,1,27622:3,28.36811939301756,898757,348869384,2548652
15639806,27622,1925681152,10029912064,217,430,249141,7498,963346432,17,2031053,344960,7661463,22764,6843494400,1,27622:4,37.8434232714139,898815,348882960,2548720
15745510,27622,1940754432,10029912064,217,433,251118,7558,970608640,17,2031054,344962,7661542,22765,6835773440,1,27622:3,28.38112421379319,898873,348897144,2548800
15851226,27622,1955696640,10029912064,219,436,253056,7615,978210816,17,2031056,344969,7661615,22765,6827925504,1,27622:5,47.29669049354116,898931,348911992,2548880
15958027,27622,1970900992,10029912064,219,439,255028,7673,985681920,17,2031056,344974,7661692,22765,6819758080,1,27622:3,28.08953836229452,898988,348926584,2548972
16063725,27622,1986105344,10029912064,220,442,256966,7730,993284096,17,2031057,344979,7661772,22765,6812250112,1,27622:4,37.84381066510677,899046,348941432,2549052
16169342,27622,2000916480,10029912064,220,446,258937,7788,1000624128,17,2031058,344982,7661852,22765,6804537344,1,27622:4,37.872654732305136,899102,348955768,2549128
16275015,27622,2015858688,10029912064,220,449,260875,7845,1008095232,17,2031059,344986,7661932,22765,6797029376,1,27622:3,28.38929287220655,899160,348970360,2549212
16380631,27622,2031063040,10029912064,221,452,262847,7903,1015697408,17,2031060,344988,7662011,22765,6789378048,1,27622:4,37.87313273146866,899218,348985208,2549288
16486427,27622,2046267392,10029912064,221,456,264785,7960,1023299584,17,2031060,344992,7662091,22765,6781931520,1,27622:4,37.80878612859912,899276,349000056,2549364
16591939,27622,2061209600,10029912064,221,459,266727,8018,1030770688,17,2031061,344996,7662171,22765,6774423552,1,27622:3,28.432678185035243,899333,349014648,2549444
16697726,27622,2076282880,10029912064,222,462,268712,8076,1038057472,17,2031062,344999,7662251,22765,6766485504,1,27622:4,37.811958107375375,899390,349028880,2549536
16803693,27622,2091618304,10029912064,222,466,270740,8139,1044983808,17,2031063,345002,7662330,22766,6758825984,1,27622:4,37.74762631601437,899449,349042408,2549616
16909523,27622,2106036224,10029912064,222,470,272610,8194,1052192768,17,2031063,345006,7662410,22766,6751604736,1,27622:4,37.79643138756643,899504,349056488,2549696
17015203,27622,2120454144,10029912064,222,473,274480,8249,1059401728,17,2031064,345010,7662490,22766,6744322048,1,27622:3,28.38750215993407,899559,349070568,2549776
17120818,27622,2134872064,10029912064,223,475,276350,8304,1066610688,17,2031066,345012,7662570,22766,6736986112,1,27622:3,28.404939107621914,899614,349084648,2549856
17226557,27622,2149289984,10029912064,224,479,278220,8359,1073950720,17,2031067,345014,7662650,22766,6729879552,1,27622:5,47.2864961030773,899670,349098984,2549944
17332219,27622,2163838976,10029912064,224,482,280123,8415,1081028608,17,2031068,345018,7662730,22766,6722215936,1,27622:3,28.39230449679022,899724,349112808,2550020
17437969,27622,2178256896,10029912064,226,483,281993,8470,1088237568,17,2031070,345020,7662810,22766,6715252736,1,27622:3,28.368823566919797,899779,349126888,2550104
17543683,27622,2192674816,10029912064,226,487,283863,8525,1095446528,17,2031071,345023,7662890,22766,6707970048,1,27622:4,37.83811298227832,899834,349140968,2550184
17649502,27622,2207223808,10029912064,227,490,285733,8580,1102786560,17,2031072,345026,7662970,22766,6700863488,1,27622:4,37.800137104877294,899890,349155304,2550268
17755185,27622,2221510656,10029912064,227,493,287603,8635,1109864448,17,2031073,345030,7663050,22766,6693642240,1,27622:3,28.386875222263313,899944,349169128,2550352
17860838,27622,2236321792,10029912064,227,497,289528,8693,1116889088,17,2031073,345034,7663129,22766,6686064640,1,27622:4,37.85989951755509,899999,349182848,2550424
17966507,27622,2251132928,10029912064,228,499,291517,8754,1123811328,17,2031076,345036,7663208,22767,6678417408,1,27622:3,28.39033420032051,900058,349196368,2550500
18072421,27622,2265550848,10029912064,229,502,293387,8809,1131020288,17,2031076,345040,7663288,22767,6671081472,1,27622:4,37.76650013434016,900113,349210448,2550576
18178180,27622,2279968768,10029912064,229,506,295257,8864,1138360320,17,2031077,345043,7663368,22767,6663716864,1,27622:4,37.82195358843491,900169,349224784,2550652
18283976,27622,2294648832,10029912064,229,509,297127,8919,1145569280,17,2031078,345047,7663448,22767,6656692224,1,27622:3,28.356388573831033,900224,349238864,2550736
18389572,27622,2308804608,10029912064,231,511,298997,8974,1152647168,17,2031079,345048,7663528,22767,6649470976,1,27622:4,37.880350801973904,900278,349252688,2550816
18495134,27622,2323353600,10029912064,231,514,300866,9029,1159856128,17,2031080,345051,7663608,22767,6642065408,1,27622:3,28.41925617560857,900333,349266768,2550912
18600854,27622,2337771520,10029912064,232,517,302770,9085,1167065088,17,2031080,345054,7663688,22767,6634700800,1,27622:4,37.83584634295262,900388,349280848,2550996
18706584,27622,2352189440,10029912064,232,521,304606,9139,1174274048,17,2031081,345057,7663768,22767,6627880960,1,27622:4,37.83208925187601,900443,349294928,2551084
18812246,27622,2366345216,10029912064,233,523,306476,9194,1181483008,17,2031082,345059,7663848,22767,6620598272,1,27622:3,28.392494743082274,900498,349309008,2551172
18917901,27622,2380763136,10029912064,234,526,308346,9249,1188560896,17,2031082,345063,7663928,22767,6613520384,1,27622:4,37.859152745477616,900552,349322832,2551248
19023550,27622,2396098560,10029912064,234,529,310364,9309,1195450368,17,2031084,345066,7664008,22767,6605459456,1,27622:3,28.395909936427426,900609,349336544,2551316
19129174,27622,2410778624,10029912064,234,533,312295,9369,1202642944,17,2031084,345070,7664087,22768,6598148096,1,27622:4,37.87001035631173,900667,349350336,2551396
19234821,27622,2425458688,10029912064,235,535,314199,9425,1209982976,17,2031086,345073,7664167,22768,6590525440,1,27622:3,28.39660420155209,900723,349364672,2551472
19340441,27622,2439876608,10029912064,235,539,316069,9480,1217191936,17,2031087,345077,7664247,22768,6583046144,1,27622:4,37.87150406962449,900779,349378752,2551556
19446212,27622,2454294528,10029912064,236,542,317939,9535,1224400896,17,2031087,345080,7664327,22768,6575939584,1,27622:4,37.817618239407025,900834,349392832,2551640
19551847,27622,2468974592,10029912064,236,545,319843,9591,1231740928,17,2031088,345083,7664407,22768,6568976384,1,27622:3,28.399785407434823,900890,349407168,2551712
19657595,27622,2483392512,10029912064,237,548,321712,9646,1238818816,17,2031088,345086,7664487,22768,6561570816,1,27622:4,37.825500488582534,900944,349420992,2551800
19763209,27622,2497810432,10029912064,237,551,323582,9701,1246027776,17,2031089,345089,7664567,22768,6554349568,1,27622:3,28.405477011518464,900999,349435072,2551888
19868851,27622,2512228352,10029912064,237,554,325418,9755,1253236736,17,2031090,345092,7664647,22768,6547066880,1,27622:3,28.39785869543569,901054,349449152,2551972
19974536,27622,2526646272,10029912064,238,557,327322,9811,1260576768,17,2031091,345095,7664727,22768,6539960320,1,27622:4,37.84825695151366,901110,349463488,2552056
20080211,27622,2541326336,10029912064,238,561,329192,9867,1267785728,17,2031092,345098,7664807,22768,6532739072,1,27622:4,37.85191302054329,901165,349477568,2552132
20185989,27622,2556530688,10029912064,239,563,331263,9929,1274503168,17,2031092,345099,7664886,22769,6524522496,1,27622:3,28.36112461993493,901223,349490736,2552240
20291699,27622,2570817536,10029912064,240,566,333104,9985,1281736704,17,2031093,345103,7664966,22769,6517252096,1,27622:4,37.83936578120123,901279,349504816,2552324
20397493,27622,2585235456,10029912064,240,570,334974,10040,1288945664,17,2031093,345106,7665046,22769,6510030848,1,27622:4,37.809634915836696,901334,349518896,2552412
20503021,27622,2599653376,10029912064,242,571,336878,10096,1296154624,17,2031095,345108,7665126,22769,6502809600,1,27622:3,28.42828888793054,901389,349532976,2552492
20608554,27622,2613809152,10029912064,242,575,338714,10150,1303232512,17,2031095,345112,7665206,22769,6495526912,1,27622:4,37.90282889658611,901443,349546800,2552572
20714288,27622,2628227072,10029912064,242,578,340584,10205,1310441472,17,2031096,345114,7665286,22769,6488465408,1,27622:3,28.373116430568135,901498,349560880,2552652
20819871,27622,2642644992,10029912064,243,581,342452,10260,1317519360,17,2031097,345117,7665366,22769,6481219584,1,27622:4,37.88479025024316,901552,349574704,2552744
20925574,27622,2657062912,10029912064,243,584,344322,10315,1324859392,17,2031098,345125,7665441,22769,6473912320,1,27622:3,28.38161637562502,901608,349589040,2552824
21032372,27622,2671742976,10029912064,243,588,346204,10371,1332068352,17,2031098,345132,7665516,22769,6466666496,1,27622:4,37.453652743327446,901663,349603120,2552912
21138052,27622,2686160896,10029912064,243,591,348062,10425,1339277312,17,2031099,345135,7665596,22769,6459703296,1,27622:3,28.387725919458575,901718,349617200,2552992
21243694,27622,2700316672,10029912064,244,594,349932,10480,1346355200,17,2031100,345138,7665676,22769,6452076544,1,27622:4,37.863781845321896,901773,349631280,2553076
21349204,27622,2715914240,10029912064,245,596,352011,10545,1353228288,17,2031102,345141,7665755,22770,6443958272,1,27622:3,28.433093717543027,901832,349644448,2553148
21454826,27622,2730594304,10029912064,246,599,353915,10601,1360568320,17,2031104,345143,7665835,22770,6436708352,1,27622:4,37.87117562903502,901888,349658784,2553236
21560447,27622,2745012224,10029912064,247,602,355785,10656,1367777280,17,2031104,345146,7665914,22770,6429372416,1,27622:4,37.87127996925989,901943,349672864,2553328
21666111,27622,2759561216,10029912064,247,605,357655,10711,1375117312,17,2031105,345149,7665994,22770,6422204416,1,27622:3,28.39164376005188,901999,349687200,2553404
21771688,27622,2774110208,10029912064,247,608,359548,10767,1382326272,17,2031105,345152,7666074,22770,6414983168,1,27622:3,28.415442944565804,902054,349701280,2553488
21877412,27622,2788659200,10029912064,248,611,361462,10823,1389535232,17,2031106,345155,7666154,22770,6407315456,1,27622:4,37.83422124417818,902109,349715360,2553564
21983028,27622,2803208192,10029912064,249,614,363332,10878,1396875264,17,2031108,345158,7666234,22770,6400208896,1,27622:4,37.87323708247798,902165,349729696,2553644
22088651,27622,2817757184,10029912064,249,617,365235,10934,1404084224,17,2031108,345162,7666314,22770,6392987648,1,27622:3,28.402955763059133,902220,349743776,2553728
22194264,27622,2832175104,10029912064,249,621,367106,10989,1411293184,17,2031109,345165,7666394,22770,6385446912,1,27622:4,37.87387969655637,902276,349757856,2553808
22299938,27622,2846855168,10029912064,249,624,369010,11045,1418633216,17,2031109,345168,7666474,22770,6378082304,1,27622:3,28.389281857534176,902332,349772192,2553896
22405627,27622,2861273088,10029912064,250,626,370899,11101,1425842176,17,2031110,345172,7666554,22770,6370836480,1,27622:3,28.385252672840544,902387,349786272,2553972
22511232,27622,2876477440,10029912064,251,629,372926,11164,1432584192,17,2031112,345174,7666633,22771,6362853376,1,27622:4,37.876928107270494,902446,349799440,2554056
22616875,27622,2890895360,10029912064,251,633,374762,11218,1439793152,17,2031112,345178,7666713,22771,6355890176,1,27622:4,37.863124520883574,902502,349813520,2554140
22722597,27622,2905182208,10029912064,251,636,376632,11273,1447002112,17,2031112,345182,7666793,22771,6348668928,1,27622:3,28.3763369310146,902557,349827600,2554228
22828223,27622,2919731200,10029912064,251,640,378536,11329,1454211072,17,2031113,345185,7666873,22771,6341386240,1,27622:4,37.86950231985258,902612,349841680,2554320
22933997,27622,2934149120,10029912064,252,642,380395,11384,1461420032,17,2031114,345188,7666953,22771,6334164992,1,27622:3,28.362431486292376,902667,349855760,2554404
23039652,27622,2948567040,10029912064,252,645,382275,11439,1468497920,17,2031115,345191,7667033,22771,6326935552,1,27622:3,28.394230186420994,902721,349869584,2554496
23145210,27622,2962984960,10029912064,253,648,384145,11494,1475706880,17,2031116,345194,7667113,22771,6319800320,1,27622:4,37.893852479364924,902776,349883664,2554584
23250851,27622,2977402880,10029912064,253,652,386015,11549,1482915840,17,2031117,345197,7667193,22771,6312058880,1,27622:4,37.86436392265609,902831,349897744,2554668
23356506,27622,2991820800,10029912064,254,654,387851,11603,1490124800,17,2031118,345199,7667274,22771,6305095680,1,27622:3,28.3941296764824,902886,349911824,2554768
23462155,27622,3005976576,10029912064,255,656,389721,11658,1497333760,17,2031119,345201,7667354,22771,6297812992,1,27622:4,28.395943533454727,902941,349925904,2554852
23567887,27622,3020918784,10029912064,255,660,391683,11716,1504358400,17,2031120,345205,7667433,22771,6290419712,1,27622:3,37.83137327412093,902996,349939624,2554932
23673555,27622,3036123136,10029912064,256,663,393670,11778,1511411712,17,2031120,345208,7667512,22772,6282764288,1,27622:4,37.85442088769091,903056,349953400,2555024
23779233,27622,3051327488,10029912064,256,666,395642,11836,1519013888,17,2031122,345210,7667592,22772,6275112960,1,27622:3,28.388229592759206,903114,349968248,2555112
23884987,27622,3066269696,10029912064,258,668,397614,11894,1526484992,17,2031123,345214,7667672,22772,6267346944,1,27622:4,37.82368242691573,903171,349982840,2555200
23990726,27622,3081211904,10029912064,258,672,399552,11951,1534087168,17,2031124,345217,7667752,22772,6260015104,1,27622:4,37.82892856283938,903229,349997688,2555284
24096366,27622,3096416256,10029912064,258,675,401490,12008,1541558272,17,2031125,345221,7667832,22772,6252507136,1,27622:3,28.398418912347374,903286,350012280,2555368
24202150,27622,3111620608,10029912064,258,679,403495,12067,1549029376,17,2031125,345224,7667912,22772,6244732928,1,27622:4,37.81283670558609,903343,350026872,2555444
24307803,27622,3126562816,10029912064,260,681,405433,12124,1556500480,17,2031127,345226,7667992,22772,6237143040,1,27622:4,37.859884467155155,903400,350041464,2555528
24413524,27622,3141767168,10029912064,260,684,407371,12181,1564102656,17,2031128,345230,7668072,22772,6229635072,1,27622:3,28.376437315026422,903458,350056312,2555604
24519155,27622,3156578304,10029912064,261,687,409309,12238,1571573760,17,2031129,345232,7668152,22772,6222127104,1,27622:4,37.86770978069834,903515,350070904,2555676
24624896,27622,3171651584,10029912064,262,689,411281,12296,1579175936,17,2031130,345235,7668232,22772,6214537216,1,27622:3,28.371260680845754,903573,350085752,2555768
24730558,27622,3187249152,10029912064,263,692,413349,12361,1585909760,17,2031131,345238,7668311,22773,6206271488,1,27622:4,37.85649520687084,903632,350098904,2555848
24836175,27622,3201667072,10029912064,263,696,415219,12416,1593118720,17,2031132,345241,7668391,22773,6199308288,1,27622:4,37.87260990929643,903687,350112984,2555928
24941981,27622,3216347136,10029912064,264,698,417090,12472,1600458752,17,2031132,345244,7668471,22773,6191943680,1,27622:3,28.353864776373726,903743,350127320,2556020
25047618,27622,3230765056,10029912064,265,701,418987,12527,1607667712,17,2031134,345246,7668551,22773,6184980480,1,27622:4,37.8653499824248,903798,350141400,2556096
25153339,27622,3245182976,10029912064,265,705,420863,12582,1614876672,17,2031134,345249,7668630,22773,6177697792,1,27622:4,37.83557792899398,903853,350155480,2556184
25259010,27622,3259600896,10029912064,266,707,422732,12637,1622085632,17,2031136,345252,7668710,22773,6170210304,1,27622:3,28.38997606725017,903908,350169560,2556268
25364625,27622,3274280960,10029912064,267,710,424636,12693,1629294592,17,2031136,345254,7668790,22773,6162731008,1,27622:4,37.87346120600539,903964,350183640,2556344
25470283,27622,3288698880,10029912064,267,713,426472,12747,1636503552,17,2031137,345257,7668870,22773,6155706368,1,27622:3,28.393345508399886,904019,350197720,2556428
25575878,27622,3303378944,10029912064,268,716,428376,12803,1643843584,17,2031138,345260,7668950,22773,6148341760,1,27622:4,37.880634559722665,904075,350212056,2556508
25681527,27622,3317796864,10029912064,269,718,430246,12858,1651052544,17,2031140,345261,7669030,22773,6141120512,1,27622:3,28.39607792235893,904130,350226136,2556600
25787109,27622,3331821568,10029912064,269,722,432101,12914,1658179584,17,2031140,345265,7669110,22773,6134079488,1,27622:4,37.88516413846811,904187,350240312,2556688
25892654,27622,3346894848,10029912064,270,725,434128,12976,1664999424,17,2031141,345267,7669189,22773,6126022656,1,27622:4,37.89868432917164,904246,350253376,2556772
25998416,27622,3361312768,10029912064,271,728,435990,13031,1672208384,17,2031143,345275,7669265,22773,6118428672,1,27622:4,37.820731980744824,904301,350267456,2556836
26104337,27622,3375730688,10029912064,271,731,437834,13085,1679417344,17,2031144,345283,7669339,22773,6110629888,1,27622:3,28.322847035242262,904356,350281536,2556908
26210011,27622,3389886464,10029912064,272,735,439704,13140,1686626304,17,2031144,345286,7669419,22773,6103408640,1,27622:5,47.31550737364867,904410,350295360,2556988
26315601,27622,3404304384,10029912064,272,737,441543,13195,1693704192,17,2031146,345289,7669499,22773,6096269312,1,27622:2,18.941131824112155,904465,350309440,2557068
26421251,27622,3418329088,10029912064,273,740,443409,13249,1700782080,17,2031147,345291,7669578,22774,6088925184,1,27622:4,37.86101937254655,904519,350323264,2557164
26526951,27622,3432747008,10029912064,274,743,445278,13304,1707859968,17,2031148,345294,7669658,22774,6081785856,1,27622:4,37.842751616857576,904573,350337088,2557252
26632570,27622,3447164928,10029912064,274,747,447149,13359,1715068928,17,2031149,345298,7669738,22774,6074564608,1,27622:4,37.871982398314486,904628,350351168,2557324
26738286,27622,3461582848,10029912064,275,750,449019,13414,1722277888,17,2031150,345301,7669818,22774,6067601408,1,27622:4,37.83727794838712,904683,350365248,2557396
26844014,27622,3476000768,10029912064,275,753,450855,13468,1729486848,17,2031151,345304,7669898,22774,6060318720,1,27622:3,28.37468177085027,904738,350379328,2557480
26949744,27622,3490549760,10029912064,276,755,452770,13525,1736617984,17,2031152,345305,7669978,22774,6052761600,1,27622:3,28.374167306858816,904794,350393256,2557572
27056083,27622,3505491968,10029912064,277,758,454768,13586,1743360000,17,2031154,345308,7670057,22774,6045040640,1,27622:4,37.61551949378689,904852,350406424,2557652
27161833,27622,3520172032,10029912064,278,762,456638,13641,1750700032,17,2031154,345312,7670137,22774,6037934080,1,27622:5,47.28157738680263,904908,350420760,2557736
27267427,27622,3534589952,10029912064,279,764,458539,13697,1757908992,17,2031156,345313,7670217,22774,6030712832,1,27622:3,28.410599146011485,904963,350434840,2557820
27373188,27622,3549270016,10029912064,280,766,460416,13753,1765249024,17,2031158,345316,7670297,22774,6023090176,1,27622:3,28.36583971891722,905019,350449176,2557908
27478786,27622,3563687936,10029912064,281,769,462293,13808,1772457984,17,2031159,345319,7670377,22774,6015807488,1,27622:4,37.879603222898915,905074,350463256,2557980
27584389,27622,3578105856,10029912064,281,773,464185,13863,1779666944,17,2031159,345323,7670457,22774,6008578048,1,27622:4,37.87773476298046,905129,350477336,2558068
27689967,27622,3592785920,10029912064,281,776,466059,13919,1786875904,17,2031159,345326,7670536,22774,6001356800,1,27622:3,28.415016893153766,905184,350491416,2558152
27795620,27622,3607465984,10029912064,281,779,467993,13975,1794347008,17,2031160,345330,7670616,22774,5993848832,1,27622:4,28.394857180257226,905241,350506008,2558236
27901268,27622,3622146048,10029912064,281,783,469863,14030,1801555968,17,2031161,345333,7670697,22774,5986627584,1,27622:3,37.86154187475647,905296,350520088,2558328
28006970,27622,3636563968,10029912064,281,786,471767,14086,1808764928,17,2031162,345338,7670777,22774,5979344896,1,27622:3,28.38169477941335,905351,350534168,2558404
28112649,27622,3651112960,10029912064,282,789,473693,14143,1815769088,17,2031162,345339,7670856,22775,5971800064,1,27622:4,37.850271498578074,905407,350547848,2558500
28218523,27622,3666055168,10029912064,283,792,475681,14204,1822760960,17,2031164,345342,7670936,22775,5964435456,1,27622:4,37.78070901507599,905466,350561504,2558584
28324237,27622,3680473088,10029912064,283,795,477517,14258,1829969920,17,2031164,345345,7671016,22775,5957214208,1,27622:3,28.378416957685754,905521,350575584,2558668
28429931,27622,3694891008,10029912064,284,797,479421,14314,1837178880,17,2031166,345347,7671096,22775,5949591552,1,27622:3,28.383977002772,905576,350589664,2558748
28535527,27622,3709308928,10029912064,285,800,481291,14369,1844387840,17,2031166,345351,7671177,22775,5942370304,1,27622:4,37.8800218491966,905631,350603744,2558828
28641266,27622,3723726848,10029912064,285,803,483161,14424,1851596800,17,2031167,345354,7671257,22775,5935230976,1,27622:3,28.37196474238639,905687,350617824,2558916
28746986,27622,3738144768,10029912064,285,806,485030,14479,1858674688,17,2031167,345358,7671337,22775,5928001536,1,27622:3,28.376873752168358,905741,350631648,2559000
28852592,27622,3752562688,10029912064,286,809,486900,14534,1866014720,17,2031168,345360,7671417,22775,5920780288,1,27622:4,37.876464717216166,905796,350645728,2559092
28958216,27622,3766980608,10029912064,287,812,488770,14589,1873092608,17,2031168,345363,7671497,22775,5913382912,1,27622:4,37.87015950721834,905851,350659808,2559180
29063779,27622,3781398528,10029912064,288,815,490640,14644,1880301568,17,2031170,345366,7671577,22775,5906419712,1,27622:4,37.89193774472094,905906,350673888,2559260
29169571,27622,3795554304,10029912064,288,818,492476,14698,1887379456,17,2031171,345370,7671657,22775,5899137024,1,27622:3,28.35771752021175,905960,350687712,2559336
29275080,27622,3810758656,10029912064,288,821,494466,14758,1894469632,17,2031172,345372,7671737,22776,5891399680,1,27622:3,28.433644006910058,906018,350701736,2559432
29380646,27622,3826225152,10029912064,289,823,496492,14819,1901850624,17,2031173,345373,7671816,22776,5883801600,1,27622:3,28.41819065055547,906078,350715976,2559520
29486351,27622,3841167360,10029912064,290,827,498457,14877,1909321728,17,2031174,345377,7671896,22776,5876097024,1,27622:5,47.30127674092539,906135,350730568,2559600
29592028,27622,3856109568,10029912064,290,830,500402,14934,1916792832,17,2031174,345380,7671976,22776,5868445696,1,27622:3,28.388464915051063,906192,350745160,2559680
29697630,27622,3871051776,10029912064,290,833,502330,14991,1924263936,17,2031174,345384,7672056,22776,5861081088,1,27622:3,28.40848050338767,906249,350759752,2559772
29803248,27622,3885993984,10029912064,291,836,504278,15048,1931735040,17,2031176,345386,7672136,22776,5853315072,1,27622:4,37.8722212086143,906306,350774344,2559852
29908852,27622,3900936192,10029912064,291,839,506215,15105,1939075072,17,2031177,345390,7672216,22776,5846056960,1,27622:3,28.40802103504113,906362,350788680,2559928
30014600,27622,3915878400,10029912064,292,842,508153,15162,1946677248,17,2031178,345392,7672296,22776,5838610432,1,27622:4,37.826067081390406,906419,350803272,2560008
30120227,27622,3931082752,10029912064,293,845,510125,15220,1954148352,17,2031179,345396,7672376,22776,5830959104,1,27622:4,37.86906886832889,906477,350818120,2560096
30225994,27622,3946024960,10029912064,294,847,512063,15277,1961750528,17,2031180,345398,7672456,22776,5823451136,1,27622:3,28.364130002640696,906534,350832712,2560168
30331535,27622,3960967168,10029912064,294,850,514008,15335,1969025024,17,2031181,345402,7672536,22776,5816053760,1,27622:3,28.42501160735349,906592,350847280,2560244
30437103,27622,3976171520,10029912064,296,853,516048,15401,1975808000,17,2031182,345403,7672614,22777,5807882240,1,27622:5,47.36275377508145,906652,350860424,2560336
30542733,27622,3990589440,10029912064,296,855,517916,15456,1983016960,17,2031184,345406,7672695,22777,5800599552,1,27622:2,18.934108884531437,906707,350874504,2560420
30648257,27622,4005007360,10029912064,297,858,519788,15511,1990225920,17,2031185,345408,7672775,22777,5793234944,1,27622:4,37.905747264662054,906762,350888584,2560508
30753943,27622,4019425280,10029912064,298,860,521655,15566,1997434880,17,2031186,345411,7672855,22777,5786415104,1,27622:3,28.38606943045235,906817,350902664,2560596
30859525,27622,4033318912,10029912064,298,863,523460,15619,2004512768,17,2031187,345416,7672935,22777,5779275776,1,27622:3,28.41390674339861,906871,350916488,2560672
30965147,27622,4047998976,10029912064,299,865,525359,15675,2011590656,17,2031188,345417,7673015,22778,5771870208,1,27622:3,28.403246994815756,906925,350930312,2560772
31070840,27622,4062416896,10029912064,300,869,527233,15730,2018799616,17,2031189,345423,7673091,22778,5764132864,1,27622:5,47.30664713646431,906980,350944392,2560840
31176924,27622,4076834816,10029912064,300,871,529103,15785,2026008576,17,2031190,345432,7673165,22778,5756571648,1,27622:2,18.852975541563506,907035,350958472,2560920
31282677,27622,4091252736,10029912064,301,874,530966,15840,2033217536,17,2031192,345436,7673246,22778,5749604352,1,27622:4,37.82418887705401,907090,350972552,2560992
31388304,27622,4105670656,10029912064,302,877,532832,15895,2040426496,17,2031193,345438,7673326,22778,5742383104,1,27622:4,37.8689046684407,907145,350986632,2561084
31494066,27622,4120088576,10029912064,302,879,534732,15952,2047569920,17,2031194,345441,7673406,22778,5734825984,1,27622:2,18.910529952284385,907202,351000584,2561168
31599765,27622,4135555072,10029912064,303,882,536794,16016,2054696960,17,2031196,345445,7673485,22778,5726732288,1,27622:4,37.84331872660071,907262,351014248,2561232
31705342,27622,4150497280,10029912064,304,886,538732,16073,2062036992,17,2031196,345448,7673565,22778,5719224320,1,27622:5,47.358473181010304,907319,351028840,2561312
31810929,27622,4165439488,10029912064,304,889,540670,16130,2069639168,17,2031197,345451,7673645,22778,5711716352,1,27622:3,28.412774345462015,907376,351043432,2561400
31916498,27622,4180381696,10029912064,304,892,542608,16187,2076979200,17,2031198,345455,7673725,22778,5704118272,1,27622:3,28.41740542211484,907434,351058024,2561472
32022195,27622,4195586048,10029912064,304,896,544580,16245,2084581376,17,2031198,345458,7673805,22778,5696643072,1,27622:4,37.843751230808884,907492,351072872,2561556
32127813,27622,4210659328,10029912064,304,899,546527,16303,2092052480,17,2031199,345462,7673885,22779,5689270272,1,27622:3,28.404457163034586,907549,351087464,2561628
32233572,27622,4225601536,10029912064,305,901,548489,16360,2099523584,17,2031201,345464,7673965,22779,5681680384,1,27622:3,28.366275561914644,907606,351102056,2561712
32339211,27622,4240805888,10029912064,306,904,550427,16417,2107125760,17,2031202,345467,7674045,22779,5674172416,1,27622:4,37.864692603539346,907664,351116904,2561796
32444930,27622,4255748096,10029912064,307,907,552399,16475,2114596864,17,2031204,345470,7674125,22779,5666263040,1,27622:4,37.83638318229522,907721,351131496,2561884
32550696,27622,4270690304,10029912064,307,910,554337,16532,2122067968,17,2031205,345472,7674205,22779,5658755072,1,27622:3,28.36437565272338,907778,351146088,2561968
32656335,27622,4286418944,10029912064,308,912,556368,16594,2128875520,17,2031207,345476,7674284,22779,5651034112,1,27622:3,28.398698760263326,907837,351159640,2562040
32762134,27622,4300574720,10029912064,309,915,558191,16651,2136150016,17,2031208,345478,7674364,22779,5643587584,1,27622:4,37.807625049381485,907892,351173336,2562128
32867727,27622,4314992640,10029912064,310,917,560006,16706,2143227904,17,2031209,345480,7674444,22779,5636562944,1,27622:3,28.41091286649557,907947,351187416,2562212
32973332,27622,4329672704,10029912064,311,919,561854,16762,2150567936,17,2031211,345483,7674524,22779,5629341696,1,27622:3,28.407729705375857,908003,351201752,2562288
33079055,27622,4344090624,10029912064,311,923,563669,16817,2157776896,17,2031212,345486,7674605,22779,5621977088,1,27622:4,37.83456407436183,908058,351215832,2562372
33184695,27622,4358770688,10029912064,312,925,565517,16873,2164985856,17,2031212,345489,7674685,22780,5614632960,1,27622:3,28.398317835109143,908114,351230168,2562464
33290437,27622,4373319680,10029912064,313,928,567365,16929,2172325888,17,2031214,345491,7674765,22780,5607206912,1,27622:4,37.828049216675204,908169,351244248,2562540
33396221,27622,4387999744,10029912064,313,931,569213,16985,2179796992,17,2031214,345494,7674845,22780,5600018432,1,27622:3,28.35971707136235,908225,351258584,2562620
33501808,27622,4402941952,10029912064,313,934,571094,17042,2187137024,17,2031215,345498,7674925,22780,5592137728,1,27622:3,28.41259486006499,908282,351273176,2562700
33607519,27622,4417359872,10029912064,314,937,572909,17097,2194477056,17,2031216,345500,7675005,22780,5585031168,1,27622:4,37.838963086786066,908338,351287512,2562780
33713230,27622,4432039936,10029912064,314,940,574766,17153,2201554944,17,2031216,345503,7675086,22780,5577519104,1,27622:3,28.379255872640023,908392,351301336,2562872
33818610,27622,4447375360,10029912064,314,942,576786,17216,2208428032,17,2031217,345504,7675165,22780,5569802240,1,27622:2,18.9788467562603,908452,351314760,2562968
33924082,27622,4462055424,10029912064,314,945,578656,17271,2215768064,17,2031218,345508,7675246,22780,5562437632,1,27622:3,28.443697137922186,908508,351329096,2563048
34029571,27622,4476473344,10029912064,315,947,580560,17327,2222977024,17,2031218,345510,7675327,22780,5554896896,1,27622:3,28.439012197075225,908563,351343176,2563128
34134949,27622,4491153408,10029912064,315,950,582464,17383,2230317056,17,2031220,345513,7675408,22780,5547532288,1,27622:3,28.468956595659396,908619,351357512,2563208
34240337,27622,4505571328,10029912064,316,951,584334,17438,2237526016,17,2031221,345514,7675488,22780,5540425728,1,27622:2,18.97747360598738,908674,351371592,2563292
34345697,27622,4520120320,10029912064,317,953,586237,17494,2244734976,17,2031222,345515,7675569,22780,5533339648,1,27622:3,28.473707620409826,908729,351385672,2563384
34451152,27622,4534538240,10029912064,317,956,588107,17549,2251943936,17,2031223,345518,7675650,22780,5525860352,1,27622:3,28.448293519630457,908784,351399752,2563460
34556540,27622,4548956160,10029912064,318,958,589977,17604,2259152896,17,2031224,345519,7675730,22780,5518692352,1,27622:3,28.466131537553117,908839,351413832,2563556
34662004,27622,4563374080,10029912064,319,959,591847,17659,2266361856,17,2031224,345521,7675811,22780,5511356416,1,27622:2,18.963888243379206,908895,351427912,2563640
34767344,27622,4578316288,10029912064,320,961,593751,17715,2273832960,17,2031226,345522,7675892,22780,5504106496,1,27622:4,28.47913609945613,908952,351442504,2563728
34872814,27622,4592996352,10029912064,321,963,595673,17772,2280857600,17,2031227,345524,7675973,22781,5496311808,1,27622:2,28.444000262936335,909007,351456224,2563808
34978583,27622,4605579264,10029912064,326,965,597351,17834,2286956544,17,2031233,345526,7676047,22782,5490167808,1,27622:7,66.18237055191597,909055,351468392,2563888
35083829,27622,4617900032,10029912064,333,967,598946,17893,2293116928,17,2031240,345528,7676121,22782,5483642880,1,27622:9,85.5135788294527,909102,351480424,2563948
35189069,27622,4632842240,10029912064,342,968,600873,17941,2298744832,17,2031248,345530,7676194,22783,5476409344,1,27622:10,95.0208441049358,909147,351491416,2563968
35294277,27622,4650405888,10029912064,350,970,603167,17941,2298744832,17,2031257,345532,7676267,22783,5467377664,1,27622:10,95.05015844386163,909147,351491416,2563968
35399480,27622,4668100608,10029912064,360,971,605458,17941,2298744832,17,2031267,345534,7676341,22783,5458604032,1,27622:11,104.55968831631412,909147,351491416,2563968
35504765,27622,4684222464,10029912064,368,973,607517,17962,2301562880,17,2031274,345536,7676414,22783,5450563584,1,27622:10,94.98060733449749,909169,351496920,2563976
35609935,27622,4698771456,10029912064,375,975,609349,18017,2308902912,17,2031282,345539,7676488,22783,5443461120,1,27622:10,85.57578009169615,909224,351511000,2564004
35715091,27622,4713058304,10029912064,381,979,611162,18072,2315980800,17,2031289,345542,7676561,22783,5435809792,1,27622:9,95.09614296130302,909279,351525080,2564016
35820249,27622,4727476224,10029912064,388,981,612976,18127,2323320832,17,2031296,345546,7676635,22783,5428695040,1,27622:9,85.58568140899365,909334,351539160,2564024
35925339,27622,4741894144,10029912064,394,984,614785,18182,2330398720,17,2031302,345548,7676709,22783,5421473792,1,27622:9,85.64112780039946,909389,351553240,2564048
36030574,27622,4756443136,10029912064,401,987,616616,18237,2337738752,17,2031310,345551,7676783,22783,5414199296,1,27622:10,95.02517007699966,909444,351567320,2564064
36135741,27622,4770861056,10029912064,408,989,618423,18292,2344947712,17,2031317,345556,7676856,22783,5406978048,1,27622:9,85.57832294994108,909499,351581400,2564080
36241535,27622,4785016832,10029912064,416,991,620221,18347,2352025600,17,2031325,345562,7676922,22783,5399293952,1,27622:10,94.52319381772942,909554,351595480,2564092
36346739,27622,4799434752,10029912064,422,995,622029,18401,2359234560,17,2031332,345565,7676996,22783,5392068608,1,27622:10,95.05347152245047,909609,351609560,2564116
36451915,27622,4813983744,10029912064,429,997,623860,18457,2366574592,17,2031338,345568,7677069,22783,5384966144,1,27622:9,85.57086405636358,909664,351623640,2564136
36557141,27622,4828008448,10029912064,437,999,625649,18511,2373476352,17,2031346,345569,7677143,22783,5377687552,1,27622:10,95.03333550832961,909718,351637376,2564152
36662606,27622,4842426368,10029912064,444,1000,627505,18567,2380480512,17,2031354,345570,7677217,22783,5370499072,1,27622:8,75.85438347785333,909772,351651056,2564180
36767737,27622,4856975360,10029912064,452,1002,629389,18622,2387820544,17,2031362,345572,7677291,22783,5363126272,1,27622:10,95.119435101655,909827,351665136,2564196
36872914,27622,4871393280,10029912064,459,1004,631271,18677,2395029504,17,2031370,345574,7677365,22783,5355929600,1,27622:9,85.57042390266413,909882,351679216,2564212
36978097,27622,4886073344,10029912064,467,1006,633176,18733,2402369536,17,2031377,345576,7677439,22783,5348564992,1,27622:10,95.07226024183036,909938,351693552,2564236
37083366,27622,4900622336,10029912064,475,1007,635052,18789,2409578496,17,2031386,345577,7677512,22783,5341401088,1,27622:9,85.4952688200664,909994,351707888,2564252
37188570,27622,4915171328,10029912064,483,1010,636951,18844,2416918528,17,2031394,345580,7677586,22783,5333921792,1,27622:11,104.55906614838068,910049,351721968,2564264
37293767,27622,4929720320,10029912064,490,1012,638833,18900,2424127488,17,2031401,345582,7677660,22783,5326815232,1,27622:9,85.55385105878737,910105,351736304,2564280
37398999,27622,4944400384,10029912064,497,1014,640733,18956,2431467520,17,2031408,345585,7677734,22783,5319335936,1,27622:9,85.52515863657806,910161,351750640,2564300
37504131,27622,4958949376,10029912064,505,1016,642618,19011,2438807552,17,2031417,345586,7677807,22783,5312233472,1,27622:10,95.11826615228485,910216,351764720,2564320
37609359,27622,4973498368,10029912064,512,1018,644503,19067,2446016512,17,2031424,345588,7677881,22783,5304946688,1,27622:9,85.52898594439453,910272,351779056,2564332
37714602,27622,4988047360,10029912064,520,1020,646391,19122,2453356544,17,2031432,345590,7677955,22783,5297209344,1,27622:10,95.01787186400998,910327,351793136,2564352
37819893,27622,5002727424,10029912064,527,1022,648301,19178,2460696576,17,2031439,345593,7678029,22783,5289955328,1,27622:9,85.47710059927235,910383,351807472,2564368
37925086,27622,5017145344,10029912064,534,1024,650173,19233,2467905536,17,2031446,345595,7678102,22783,5282729984,1,27622:9,85.5569001297727,910439,351821552,2564388
38030270,27622,5031694336,10029912064,542,1026,652055,19289,2475114496,17,2031454,345596,7678176,22783,5275459584,1,27622:10,95.07188332808902,910495,351835888,2564408
38135492,27622,5045850112,10029912064,551,1027,653881,19343,2482192384,17,2031464,345598,7678250,22783,5268373504,1,27622:10,95.03758765102876,910548,351849456,2564420
38240707,27622,5060399104,10029912064,559,1028,655719,19399,2489401344,17,2031472,345600,7678324,22783,5261000704,1,27622:9,85.53914716177688,910604,351863792,2564440
38345859,27622,5074948096,10029912064,567,1030,657543,19454,2496741376,17,2031479,345602,7678398,22783,5253779456,1,27622:10,95.10043871163784,910659,351877872,2564468
38451013,27622,5089366016,10029912064,574,1032,659365,19509,2503950336,17,2031487,345604,7678472,22783,5246504960,1,27622:10,85.58822404178348,910714,351891952,2564488
38556161,27622,5103915008,10029912064,582,1034,661182,19564,2511159296,17,2031495,345605,7678545,22783,5239283712,1,27622:9,95.10428260671252,910770,351906288,2564504
38661326,27622,5118464000,10029912064,589,1036,663026,19620,2518499328,17,2031502,345608,7678619,22783,5231906816,1,27622:9,85.57984955119503,910825,351920368,2564524
38766514,27622,5132750848,10029912064,596,1039,664815,19674,2525577216,17,2031510,345613,7678691,22783,5223837696,1,27622:10,95.06808001085525,910880,351934448,2564540
38872737,27622,5146382336,10029912064,604,1041,666546,19727,2532524032,17,2031518,345617,7678762,22783,5217480704,1,27622:10,94.14108442320153,910932,351947760,2564552
38978375,27622,5160275968,10029912064,613,1043,668290,19780,2539470848,17,2031527,345619,7678834,22783,5210464256,1,27622:11,104.12893176173621,910985,351961328,2564560
39083999,27622,5174431744,10029912064,620,1045,670072,19834,2546548736,17,2031535,345622,7678907,22783,5203501056,1,27622:10,85.20836308722586,911039,351975152,2564584
39189744,27622,5188587520,10029912064,629,1048,671844,19887,2553495552,17,2031543,345625,7678980,22783,5196247040,1,27622:11,113.48043550008464,911093,351988976,2564600
39295333,27622,5202743296,10029912064,635,1052,673622,19941,2560573440,17,2031550,345630,7679052,22783,5189152768,1,27622:10,94.70640715456902,911147,352002800,2564620
39401839,27622,5216112640,10029912064,641,1056,675309,19993,2567258112,17,2031557,345638,7679123,22783,5182410752,1,27622:10,93.89226761778784,911198,352015856,2564652
39507538,27622,5229744128,10029912064,649,1059,677027,20045,2574073856,17,2031565,345641,7679195,22783,5175152640,1,27622:11,104.06851113911499,911250,352029168,2564672
39613195,27622,5243506688,10029912064,658,1060,678767,20097,2581020672,17,2031574,345643,7679268,22783,5168418816,1,27622:10,94.64638944751819,911302,352042480,2564676
39718769,27622,5257400320,10029912064,665,1063,680548,20150,2587836416,17,2031582,345646,7679341,22783,5161181184,1,27622:10,94.71963782847729,911354,352055792,2564716
39824419,27622,5271425024,10029912064,673,1066,682364,20203,2594783232,17,2031590,345649,7679413,22783,5154381824,1,27622:11,104.11809005624156,911408,352069616,2564748
39930484,27622,5284794368,10029912064,678,1071,684100,20254,2601467904,17,2031596,345658,7679483,22783,5148594176,1,27622:10,94.28172565690393,911459,352082672,2564772
40036090,27622,5298294784,10029912064,685,1074,685861,20306,2608283648,17,2031603,345662,7679555,22783,5141422080,1,27622:10,94.69123711099573,911510,352095728,2564820
40141614,27622,5311926272,10029912064,695,1075,687622,20358,2615099392,17,2031612,345665,7679628,22783,5134749696,1,27622:11,104.24183332045473,911562,352109040,2564848
40247217,27622,5325688832,10029912064,695,1085,689414,20411,2621915136,17,2031614,345677,7679700,22783,5128011776,1,27622:10,94.69418805519557,911615,352122608,2564916
40352777,27622,5339713536,10029912064,701,1090,691232,20464,2628993024,17,2031620,345683,7679773,22783,5121019904,1,27622:11,104.20579021746926,911668,352136176,2564956
40458341,27622,5353476096,10029912064,708,1093,693013,20517,2635808768,17,2031628,345689,7679842,22783,5113774080,1,27622:10,94.72995743110431,911721,352149744,2564984
40564217,27622,5367238656,10029912064,714,1097,694807,20569,2642755584,17,2031634,345694,7679915,22783,5106515968,1,27622:10,94.44942990513009,911773,352163056,2565012
40669851,27622,5381132288,10029912064,724,1098,696608,20622,2649702400,17,2031644,345696,7679988,22783,5099532288,1,27622:11,104.13373733058067,911827,352176880,2565024
40775544,27622,5395025920,10029912064,733,1099,698403,20675,2656649216,17,2031654,345697,7680060,22783,5092581376,1,27622:10,94.61355566257402,911879,352190192,2565044
40881126,27622,5408919552,10029912064,738,1104,700203,20728,2663596032,17,2031659,345703,7680133,22783,5085728768,1,27622:11,94.7132090659408,911932,352203760,2565084
40986568,27622,5422682112,10029912064,746,1107,701985,20780,2670411776,17,2031668,345710,7680202,22783,5078654976,1,27622:10,104.322486526087,911985,352217328,2565104
41092168,27622,5436182528,10029912064,752,1112,703742,20832,2677227520,17,2031674,345716,7680275,22783,5071572992,1,27622:11,104.16627801597028,912036,352230384,2565148
41197747,27622,5449945088,10029912064,760,1114,705524,20885,2684043264,17,2031682,345718,7680347,22783,5064720384,1,27622:10,94.71597478020473,912089,352243952,2565168
41303354,27622,5463576576,10029912064,767,1117,707304,20937,2690859008,17,2031690,345730,7680411,22783,5057716224,1,27622:10,94.69045255483742,912140,352257008,2565176
41408930,27622,5477339136,10029912064,772,1123,709095,20990,2697674752,17,2031695,345738,7680483,22783,5050982400,1,27622:11,104.19065617058835,912193,352270576,2565216
41514475,27622,5491232768,10029912064,778,1127,710887,21042,2704621568,17,2031701,345746,7680553,22783,5043560448,1,27622:10,94.74641099410825,912245,352283888,2565244
41619989,27622,5504864256,10029912064,785,1130,712662,21095,2711437312,17,2031710,345750,7680626,22783,5036568576,1,27622:11,94.77462116475186,912298,352297456,2565260
41725672,27622,5518626816,10029912064,794,1131,714441,21142,2717220864,17,2031718,345752,7680699,22783,5029609472,1,27622:9,94.62191104524123,912344,352308752,2565288
41831216,27622,5533044736,10029912064,803,1133,716315,21181,2721849344,17,2031728,345753,7680771,22783,5022474240,1,27622:11,104.22216299455667,912380,352317792,2565296
41936483,27622,5547069440,10029912064,810,1136,718088,21224,2727550976,17,2031736,345756,7680844,22783,5015351296,1,27622:10,94.99658496776699,912424,352328928,2565312
42042189,27622,5560963072,10029912064,820,1136,719845,21277,2734497792,17,2031745,345757,7680917,22783,5008412672,1,27622:10,94.60206930863568,912477,352342496,2565328
42147416,27622,5574594560,10029912064,830,1136,721591,21327,2740920320,17,2031756,345761,7680987,22783,5001379840,1,27622:10,95.03265816304307,912526,352354784,2565356
42252918,27622,5588488192,10029912064,838,1138,723392,21380,2747867136,17,2031765,345762,7681060,22783,4994187264,1,27622:10,94.78487638673,912579,352368608,2565372
42358695,27622,5603430400,10029912064,848,1138,725331,21406,2750246912,17,2031775,345764,7681133,22783,4986830848,1,27622:10,94.5384226744432,912602,352373256,2565384
42463872,27622,5620207616,10029912064,858,1138,727513,21406,2750246912,17,2031786,345764,7681206,22783,4978573312,1,27622:11,95.0778718195121,912602,352373256,2565384
42569056,27622,5636984832,10029912064,868,1140,729694,21406,2750246912,17,2031795,345766,7681279,22783,4969799680,1,27622:11,114.08567320672296,912602,352373256,2565384
42674318,27622,5653237760,10029912064,877,1140,731803,21410,2750509056,17,2031805,345767,7681352,22784,4961570816,1,27622:9,85.50135964262104,912605,352373768,2565384
42779563,27622,5668704256,10029912064,886,1141,733812,21419,2751361024,17,2031814,345770,7681424,22784,4954189824,1,27622:10,95.01632983900329,912613,352375176,2565400
42886343,27622,5685219328,10029912064,896,1142,735957,21428,2751950848,17,2031824,345773,7681496,22784,4946157568,1,27622:11,103.01522858203593,912619,352376584,2565400
42991519,27622,5702127616,10029912064,905,1143,738140,21428,2751950848,17,2031834,345774,7681569,22784,4937641984,1,27622:10,95.078775808278,912619,352376584,2565400
43096799,27622,5719035904,10029912064,914,1145,740328,21428,2751950848,17,2031842,345776,7681642,22784,4929384448,1,27622:11,104.4832995461255,912619,352376584,2565400
43201968,27622,5735682048,10029912064,924,1146,742503,21428,2751950848,17,2031852,345777,7681715,22784,4920868864,1,27622:11,104.59303482462177,912619,352376584,2565400
43307136,27622,5751803904,10029912064,932,1147,744582,21437,2752868352,17,2031862,345779,7681788,22784,4913004544,1,27622:9,85.57781436620253,912627,352378376,2565408
43412367,27622,5768581120,10029912064,941,1149,746772,21437,2752868352,17,2031871,345780,7681861,22784,4904230912,1,27622:12,104.53199112736262,912627,352378376,2565408
43517574,27622,5785489408,10029912064,951,1149,748954,21437,2752868352,17,2031881,345782,7681934,22784,4895715328,1,27622:9,95.05068606349542,912627,352378376,2565408
43622681,27622,5802397696,10029912064,961,1150,751144,21437,2752868352,17,2031892,345783,7682007,22784,4887310336,1,27622:11,104.6556005864291,912627,352378376,2565408
43728619,27622,5819305984,10029912064,971,1151,753342,21437,2752868352,17,2031902,345786,7682078,22784,4878417920,1,27622:11,103.83389770675191,912627,352378376,2565408
43833761,27622,5836345344,10029912064,979,1153,755550,21437,2752868352,17,2031910,345789,7682151,22784,4869902336,1,27622:10,95.10982288449053,912627,352378376,2565408
43939022,27622,5853253632,10029912064,988,1154,757753,21437,2752868352,17,2031920,345791,7682224,22784,4861386752,1,27622:10,95.001586526495,912627,352378376,2565408
44044172,27622,5869637632,10029912064,997,1156,759869,21440,2752999424,17,2031928,345793,7682297,22784,4853231616,1,27622:11,104.61259668236747,912629,352378632,2565412
44149469,27622,5886152704,10029912064,1007,1157,762034,21441,2752999424,17,2031938,345794,7682370,22784,4844974080,1,27622:11,104.46581084728915,912629,352378632,2565412
44254652,27622,5903060992,10029912064,1016,1158,764216,21441,2752999424,17,2031948,345795,7682443,22784,4836200448,1,27622:10,95.07290109243802,912629,352378632,2565412
44359849,27622,5919838208,10029912064,1025,1160,766392,21441,2752999424,17,2031957,345797,7682516,22784,4827684864,1,27622:11,104.56602371933856,912629,352378632,2565412
44465942,27622,5936746496,10029912064,1035,1160,768593,21441,2752999424,17,2031967,345798,7682589,22784,4819427328,1,27622:10,94.25636226203733,912629,352378632,2565412
44571116,27622,5953785856,10029912064,1045,1161,770784,21441,2752999424,17,2031978,345802,7682659,22784,4811476992,1,27622:11,104.58893259692074,912629,352378632,2565412
44676310,27622,5970563072,10029912064,1054,1162,772969,21441,2752999424,17,2031988,345803,7682732,22784,4803219456,1,27622:11,95.06201774741328,912629,352378632,2565412
44781619,27622,5987340288,10029912064,1064,1163,775144,21441,2752999424,17,2031997,345804,7682805,22784,4794634240,1,27622:10,104.45510618768405,912629,352378632,2565412
44886815,27622,6003593216,10029912064,1073,1164,777248,21446,2753417216,17,2032006,345807,7682879,22784,4786524160,1,27622:10,95.06058634187177,912633,352379448,2565420
44992078,27622,6020370432,10029912064,1083,1165,779434,21446,2753417216,17,2032016,345807,7682951,22784,4778110976,1,27622:11,104.49980134587764,912633,352379448,2565420
45097236,27622,6035836928,10029912064,1090,1167,781420,21460,2755055616,17,2032024,345810,7683024,22785,4770209792,1,27622:9,85.58540957435038,912647,352382648,2565428
45202817,27622,6049730560,10029912064,1096,1172,783227,21513,2762002432,17,2032030,345815,7683097,22785,4762836992,1,27622:11,104.1860920451352,912700,352396216,2565460
45308343,27622,6063624192,10029912064,1102,1176,785038,21566,2769080320,17,2032037,345822,7683167,22785,4755927040,1,27622:10,94.76320792297747,912753,352409784,2565480
45414107,27622,6077124608,10029912064,1110,1179,786804,21618,2775568384,17,2032044,345826,7683240,22785,4749078528,1,27622:11,104.00471871299794,912804,352422712,2565496
45519623,27622,6091018240,10029912064,1118,1181,788600,21671,2782646272,17,2032054,345828,7683313,22785,4741996544,1,27622:10,94.7729002009612,912857,352436536,2565504
45625292,27622,6105042944,10029912064,1127,1183,790412,21724,2789396480,17,2032062,345830,7683385,22785,4734959616,1,27622:11,104.09793245796814,912909,352449464,2565552
45730850,27622,6119198720,10029912064,1134,1185,792264,21778,2796474368,17,2032071,345833,7683458,22785,4727808000,1,27622:9,85.26147016637212,912964,352463544,2565588
45836558,27622,6133747712,10029912064,1141,1188,794132,21834,2803683328,17,2032078,345838,7683529,22785,4720439296,1,27622:11,94.59983197367045,913019,352477624,2565616
45943011,27622,6147641344,10029912064,1147,1194,795940,21887,2810630144,17,2032084,345846,7683601,22785,4714184704,1,27622:11,112.72606649004247,913072,352491192,2565668
46048765,27622,6161797120,10029912064,1154,1197,797773,21941,2817708032,17,2032092,345850,7683674,22785,4706889728,1,27622:10,94.55942960390408,913126,352505016,2565704
46154549,27622,6175952896,10029912064,1162,1200,799613,21991,2823966720,17,2032100,345854,7683747,22785,4699615232,1,27622:11,103.9852193518573,913175,352517240,2565732
46260117,27622,6190764032,10029912064,1171,1201,801530,22047,2831437824,17,2032108,345858,7683817,22785,4691836928,1,27622:10,94.72584403592494,913231,352531576,2565764
46365664,27622,6205313024,10029912064,1178,1204,803421,22103,2838646784,17,2032116,345868,7683881,22785,4684005376,1,27622:10,94.74480236409505,913288,352545912,2565800
46470956,27622,6220255232,10029912064,1185,1206,805368,22160,2846117888,17,2032124,345870,7683955,22785,4676247552,1,27622:10,85.4764243627526,913345,352560504,2565812
46576223,27622,6235066368,10029912064,1194,1208,807289,22216,2853588992,17,2032132,345874,7684025,22785,4668653568,1,27622:10,104.49549896087775,913402,352575096,2565844
46681531,27622,6250270720,10029912064,1201,1211,809261,22262,2859356160,17,2032139,345877,7684098,22785,4660707328,1,27622:10,94.96005130349717,913446,352586360,2565864
46786713,27622,6265212928,10029912064,1207,1214,811195,22319,2866827264,17,2032147,345881,7684172,22785,4653113344,1,27622:9,85.56577937742263,913503,352600696,2565876
46891953,27622,6280024064,10029912064,1215,1217,813108,22376,2874298368,17,2032155,345888,7684241,22785,4645117952,1,27622:11,104.52301094990666,913560,352615288,2565908
46998396,27622,6294441984,10029912064,1223,1218,814990,22431,2881310720,17,2032163,345895,7684310,22785,4638818304,1,27622:9,84.55245922988456,913615,352629240,2565924
47103706,27622,6308728832,10029912064,1230,1221,816858,22486,2888519680,17,2032172,345897,7684383,22785,4631609344,1,27622:10,94.95749673958687,913669,352643064,2565932
47208904,27622,6323015680,10029912064,1237,1224,818703,22537,2894929920,17,2032178,345900,7684457,22785,4624044032,1,27622:10,95.05896792957576,913720,352655584,2565956
47314125,27622,6337433600,10029912064,1245,1224,820562,22592,2902007808,17,2032186,345901,7684531,22785,4616822784,1,27622:9,76.03079269913553,913775,352669664,2565972
47419341,27622,6351851520,10029912064,1253,1227,822425,22647,2909216768,17,2032194,345904,7684604,22785,4609855488,1,27622:10,104.54627259843716,913830,352683744,2565984
47524527,27622,6366007296,10029912064,1261,1228,824287,22701,2916425728,17,2032202,345909,7684675,22785,4602437632,1,27622:9,85.56279718930394,913884,352697568,2566004
47629929,27622,6380687360,10029912064,1267,1232,826167,22757,2923634688,17,2032209,345913,7684748,22785,4594966528,1,27622:10,94.87517780438479,913940,352711904,2566020
47735173,27622,6394843136,10029912064,1275,1233,828030,22807,2930110464,17,2032217,345914,7684822,22785,4587778048,1,27622:9,85.51540701157735,913990,352724552,2566040
47840311,27622,6409392128,10029912064,1282,1236,829901,22863,2937319424,17,2032224,345917,7684896,22785,4580495360,1,27622:10,95.11268780047763,914045,352738632,2566064
47945477,27622,6423678976,10029912064,1289,1238,831770,22917,2944528384,17,2032231,345920,7684969,22785,4573532160,1,27622:9,85.57947521962141,914100,352752712,2566072
48050640,27622,6438359040,10029912064,1296,1241,833645,22973,2951737344,17,2032238,345926,7685040,22785,4566700032,1,27622:10,95.09030317203946,914155,352766792,2566096
48155928,27622,6452514816,10029912064,1303,1243,835510,23027,2958946304,17,2032246,345928,7685113,22785,4559417344,1,27622:9,85.48014501383676,914210,352780872,2566112
48261064,27622,6467194880,10029912064,1310,1246,837384,23076,2965028864,17,2032252,345932,7685187,22785,4551864320,1,27622:10,95.11461020430058,914257,352792752,2566140
48366204,27622,6481350656,10029912064,1318,1247,839249,23130,2972237824,17,2032260,345933,7685261,22785,4544835584,1,27622:10,85.5997898810491,914312,352806832,2566156
48471398,27622,6496030720,10029912064,1325,1250,841147,23187,2979512320,17,2032268,345937,7685334,22785,4537106432,1,27622:9,95.06292143472574,914367,352820784,2566184
48576872,27622,6510972928,10029912064,1333,1252,843086,23244,2986852352,17,2032276,345942,7685405,22785,4529754112,1,27622:10,94.81018886417168,914424,352835376,2566200
48682147,27622,6526046208,10029912064,1341,1254,845041,23301,2994454528,17,2032284,345944,7685479,22785,4521992192,1,27622:11,94.98880210258093,914481,352849968,2566212
48787332,27622,6540988416,10029912064,1349,1255,846982,23358,3001925632,17,2032294,345946,7685552,22785,4514652160,1,27622:9,85.56367897123708,914538,352864560,2566224
48892433,27622,6556061696,10029912064,1358,1257,848934,23416,3009396736,17,2032301,345948,7685625,22785,4507058176,1,27622:10,104.66174148174974,914596,352879408,2566252
48997666,27622,6571003904,10029912064,1365,1260,850876,23473,3016998912,17,2032309,345954,7685695,22785,4499832832,1,27622:10,95.0267882416589,914653,352894000,2566268
49102822,27622,6586077184,10029912064,1373,1261,852827,23530,3024470016,17,2032317,345956,7685769,22785,4492062720,1,27622:9,85.5867321393756,914710,352908592,2566276
49208022,27622,6601019392,10029912064,1380,1264,854769,23587,3031941120,17,2032324,345959,7685842,22785,4484304896,1,27622:10,95.05787636825832,914768,352923440,2566288
49313231,27622,6616223744,10029912064,1388,1266,856729,23645,3039543296,17,2032332,345960,7685916,22785,4476907520,1,27622:10,95.04861537074122,914825,352938032,2566316
49418386,27622,6631165952,10029912064,1395,1269,858667,23702,3047014400,17,2032340,345963,7685989,22785,4469456896,1,27622:10,95.09798963420502,914882,352952624,2566336
49523552,27622,6646108160,10029912064,1402,1271,860608,23759,3054485504,17,2032348,345969,7686059,22785,4462575616,1,27622:10,85.57832294994108,914939,352967216,2566360
49628866,27622,6661050368,10029912064,1409,1274,862549,23816,3061956608,17,2032355,345972,7686133,22785,4454924288,1,27622:9,94.9548665750713,914996,352981808,2566376
49734067,27622,6675468288,10029912064,1416,1278,864424,23873,3069046784,17,2032361,345975,7686206,22786,4447698944,1,27622:11,104.56155088886159,915055,352995912,2566408
49839243,27622,6690410496,10029912064,1422,1280,866371,23930,3076648960,17,2032369,345978,7686280,22786,4440080384,1,27622:10,76.06287022175903,915112,353010504,2566424
49944424,27622,6704828416,10029912064,1430,1282,868235,23986,3083661312,17,2032377,345982,7686351,22786,4432453632,1,27622:8,95.07440698978674,915168,353024456,2566448
50050462,27622,6719377408,10029912064,1437,1286,870116,24041,3090870272,17,2032383,345986,7686425,22786,4424962048,1,27622:11,103.73614203024455,915223,353038536,2566464
50155677,27622,6733926400,10029912064,1444,1288,872006,24096,3098210304,17,2032392,345989,7686498,22786,4417482752,1,27622:9,85.53907887033823,915279,353052872,2566480
50260853,27622,6748344320,10029912064,1452,1289,873876,24151,3105419264,17,2032400,345990,7686572,22786,4410368000,1,27622:9,85.57106826969166,915333,353066696,2566496
50366090,27622,6762762240,10029912064,1459,1292,875747,24206,3112628224,17,2032406,345993,7686646,22786,4403093504,1,27622:10,95.02385355288583,915389,353081032,2566516
50471228,27622,6777180160,10029912064,1467,1294,877617,24261,3119837184,17,2032414,345999,7686717,22786,4396109824,1,27622:10,95.11246073579285,915443,353094856,2566524
50576442,27622,6791729152,10029912064,1474,1296,879492,24317,3127046144,17,2032421,346002,7686790,22786,4388630528,1,27622:9,85.54050163117182,915499,353109192,2566544
50681730,27622,6805884928,10029912064,1481,1298,881341,24371,3134124032,17,2032429,346004,7686864,22786,4381663232,1,27622:9,85.47919838063646,915554,353123016,2566560
50786855,27622,6820302848,10029912064,1489,1300,883202,24426,3141332992,17,2032437,346006,7686938,22786,4374261760,1,27622:10,95.12535357499391,915609,353137096,2566576
50892036,27622,6834720768,10029912064,1497,1301,885072,24481,3148541952,17,2032446,346008,7687012,22786,4367159296,1,27622:9,85.56696629080805,915664,353151176,2566580
50997192,27622,6849269760,10029912064,1506,1303,886966,24536,3155881984,17,2032454,346012,7687081,22786,4360597504,1,27622:11,104.6063789863815,915719,353165256,2566600
51102352,27622,6863687680,10029912064,1513,1305,888836,24591,3163090944,17,2032462,346014,7687155,22786,4353314816,1,27622:9,85.58330739049705,915774,353179336,2566628
51207535,27622,6878105600,10029912064,1521,1306,890706,24646,3170299904,17,2032470,346016,7687229,22786,4345729024,1,27622:10,85.56561098319422,915829,353193416,2566648
51312783,27622,6892523520,10029912064,1529,1308,892577,24701,3177508864,17,2032477,346018,7687303,22786,4338561024,1,27622:9,95.01339489339868,915885,353207752,2566672
51418016,27622,6906941440,10029912064,1537,1309,894447,24756,3184717824,17,2032486,346026,7687368,22786,4331339776,1,27622:9,85.52478640873544,915939,353221576,2566692
51524476,27622,6920704000,10029912064,1546,1310,896238,24809,3191533568,17,2032494,346028,7687439,22786,4329648128,1,27622:10,93.93188118214437,915992,353234888,2566728
51629707,27622,6934990848,10029912064,1554,1312,898101,24864,3198742528,17,2032502,346030,7687512,22786,4322680832,1,27622:10,95.02919662782814,916047,353248968,2566760
51734864,27622,6949408768,10029912064,1561,1314,899973,24919,3205951488,17,2032509,346032,7687586,22786,4315398144,1,27622:9,85.5858165130815,916102,353263048,2566772
51840025,27622,6963302400,10029912064,1569,1316,901757,24971,3212767232,17,2032517,346038,7687656,22786,4309123072,1,27622:10,95.09237568160076,916154,353276360,2566796
51945860,27622,6977064960,10029912064,1574,1321,903547,25024,3219714048,17,2032522,346043,7687729,22786,4301869056,1,27622:10,94.48642780888261,916207,353289928,2566848
52051436,27622,6990958592,10029912064,1577,1329,905351,25077,3226660864,17,2032526,346051,7687802,22786,4295016448,1,27622:12,104.19106770166032,916260,353303496,2566896
52157024,27622,7004721152,10029912064,1586,1330,907144,25130,3233476608,17,2032534,346053,7687875,22786,4288020480,1,27622:9,94.70771489708505,916313,353317064,2566920
52262651,27622,7018614784,10029912064,1595,1331,908938,25183,3240423424,17,2032545,346054,7687948,22786,4281348096,1,27622:10,94.67293388865951,916366,353330632,2566940
52368330,27622,7032377344,10029912064,1601,1336,910717,25235,3247370240,17,2032551,346062,7688017,22786,4274110464,1,27622:11,104.08836973899764,916418,353343944,2566976
52474138,27622,7046008832,10029912064,1608,1340,912498,25287,3254185984,17,2032557,346067,7688090,22786,4267143168,1,27622:11,103.96171539892553,916470,353357256,2566996
52579709,27622,7059902464,10029912064,1612,1346,914293,25340,3261132800,17,2032562,346075,7688162,22786,4260319232,1,27622:10,94.72341331652056,916523,353370824,2567044
52685156,27622,7073665024,10029912064,1620,1349,916089,25393,3268079616,17,2032570,346078,7688235,22786,4253212672,1,27622:11,104.31753986011132,916576,353384392,2567060
52790731,27622,7087820800,10029912064,1627,1351,917908,25446,3275026432,17,2032578,346081,7688308,22786,4246331392,1,27622:9,85.24710317319555,916630,353398216,2567072
52896362,27622,7101059072,10029912064,1633,1356,919631,25497,3281448960,17,2032584,346088,7688378,22786,4239970304,1,27622:11,104.13620091107059,916680,353410760,2567108
53002349,27622,7114559488,10029912064,1636,1363,921394,25550,3287928832,17,2032587,346097,7688450,22786,4233207808,1,27622:10,94.35155544294592,916729,353422904,2567156
53107787,27622,7128322048,10029912064,1637,1372,923174,25602,3294744576,17,2032589,346110,7688523,22786,4226097152,1,27622:10,94.84252153297497,916782,353436472,2567236
53213335,27622,7144443904,10029912064,1646,1373,925264,25622,3296931840,17,2032598,346111,7688596,22786,4217905152,1,27622:10,94.7436435021048,916800,353441000,2567240
53318732,27622,7161876480,10029912064,1655,1375,927517,25622,3296931840,17,2032608,346113,7688669,22786,4209131520,1,27622:11,104.36727420659689,916800,353441000,2567240
53424111,27622,7178129408,10029912064,1664,1376,929636,25631,3298308096,17,2032617,346114,7688743,22786,4200984576,1,27622:10,94.89539723066194,916811,353443688,2567244
53529299,27622,7194906624,10029912064,1673,1378,931817,25637,3298660352,17,2032626,346118,7688813,22786,4192989184,1,27622:11,104.5743909276126,916814,353444376,2567248
53634660,27622,7210897408,10029912064,1682,1379,933859,25652,3300364288,17,2032637,346120,7688886,22786,4184440832,1,27622:10,94.91250917448042,916828,353447704,2567248
53740031,27622,7227936768,10029912064,1691,1380,936094,25652,3300364288,17,2032646,346121,7688959,22786,4176003072,1,27622:11,94.90233799691647,916828,353447704,2567248
53845324,27622,7244189696,10029912064,1702,1380,938200,25656,3300954112,17,2032657,346121,7689032,22786,4167938048,1,27622:10,104.4708549298334,916833,353448856,2567252
53950936,27622,7260704768,10029912064,1710,1382,940333,25665,3301830656,17,2032666,346123,7689105,22786,4159537152,1,27622:10,94.68533398125876,916840,353450568,2567260
54056018,27622,7277481984,10029912064,1719,1384,942521,25665,3301830656,17,2032675,346125,7689178,22786,4151021568,1,27622:11,104.68025017894614,916840,353450568,2567260
54161184,27622,7294521344,10029912064,1729,1384,944722,25665,3301830656,17,2032686,346125,7689251,22786,4142247936,1,27622:10,95.08838175064159,916840,353450568,2567260
54266407,27622,7311298560,10029912064,1739,1385,946891,25665,3301830656,17,2032695,346129,7689321,22786,4134551552,1,27622:11,104.53919346852804,916840,353450568,2567260
54371590,27622,7326765056,10029912064,1748,1386,948916,25677,3302793216,17,2032706,346130,7689394,22786,4126613504,1,27622:10,95.07244915176028,916849,353452448,2567276
54476866,27622,7343804416,10029912064,1757,1387,951108,25677,3302793216,17,2032715,346132,7689467,22786,4118097920,1,27622:10,94.98868931680829,916849,353452448,2567276
54582063,27622,7360581632,10029912064,1766,1388,953299,25677,3302793216,17,2032724,346133,7689540,22786,4109840384,1,27622:10,95.06002246667585,916849,353452448,2567276
54687201,27622,7376834560,10029912064,1775,1390,955406,25681,3303055360,17,2032734,346135,7689613,22787,4101562368,1,27622:11,104.62457753071159,916852,353452960,2567276
54792425,27622,7393742848,10029912064,1784,1391,957597,25681,3303055360,17,2032744,346136,7689686,22787,4093071360,1,27622:11,95.03465229519709,916852,353452960,2567276
54897543,27622,7409340416,10029912064,1793,1393,959619,25691,3304300544,17,2032752,346138,7689759,22787,4085243904,1,27622:10,104.6444836850688,916863,353455392,2567284
55003113,27622,7424544768,10029912064,1801,1395,961578,25727,3308593152,17,2032761,346142,7689831,22787,4076974080,1,27622:10,94.72393731488101,916896,353463776,2567296
55108408,27622,7440666624,10029912064,1810,1396,963671,25732,3309248512,17,2032770,346144,7689904,22787,4068622336,1,27622:10,94.97162475784135,916902,353465056,2567300
55213784,27622,7454953472,10029912064,1817,1399,965478,25775,3314688000,17,2032778,346146,7689977,22787,4061425664,1,27622:10,94.89768549100177,916944,353475680,2567320
55319357,27622,7468847104,10029912064,1822,1405,967222,25828,3321634816,17,2032783,346156,7690047,22787,4054872064,1,27622:11,104.19324679806338,916997,353489248,2567364
55424860,27622,7482216448,10029912064,1830,1407,968927,25879,3328450560,17,2032791,346159,7690119,22787,4048203776,1,27622:10,94.7842403115649,917048,353502304,2567392
55530423,27622,7496110080,10029912064,1838,1409,970657,25932,3335266304,17,2032800,346161,7690192,22787,4041633792,1,27622:10,94.73051829472713,917101,353515872,2567396
55635851,27622,7509872640,10029912064,1846,1411,972399,25984,3341819904,17,2032808,346164,7690265,22787,4034469888,1,27622:10,94.85144191691805,917152,353528672,2567420
55741303,27622,7523635200,10029912064,1852,1415,974138,26036,3348766720,17,2032815,346171,7690335,22787,4027760640,1,27622:10,94.82951909409437,917204,353541984,2567436
55846795,27622,7537135616,10029912064,1860,1418,975850,26088,3355353088,17,2032823,346175,7690408,22787,4020776960,1,27622:11,104.27316551129789,917255,353554848,2567468
55952198,27622,7550767104,10029912064,1869,1419,977648,26141,3362299904,17,2032832,346176,7690480,22787,4013903872,1,27622:10,94.87435239241428,917308,353568416,2567492
56057706,27622,7564922880,10029912064,1873,1425,979468,26194,3369246720,17,2032837,346184,7690553,22787,4006531072,1,27622:10,94.7797862277938,917362,353582240,2567528
56163057,27622,7578816512,10029912064,1881,1427,981260,26247,3375972352,17,2032846,346189,7690623,22787,3999408128,1,27622:10,94.92065435375555,917413,353595120,2567548
56268538,27622,7592448000,10029912064,1887,1432,983029,26299,3382788096,17,2032852,346196,7690695,22787,3993362432,1,27622:11,104.28371031847212,917465,353608432,2567596
56374797,27622,7605948416,10029912064,1894,1435,984789,26351,3389472768,17,2032860,346201,7690766,22787,3986497536,1,27622:11,94.1097808097565,917517,353621744,2567624
56480242,27622,7619186688,10029912064,1903,1437,986506,26402,3396026368,17,2032868,346204,7690835,22790,3979931648,1,27622:10,104.3203020205515,917575,353634920,2567656
56586170,27622,7632556032,10029912064,1910,1439,988241,26453,3402842112,17,2032876,346210,7690897,22797,3972358144,1,27622:9,84.9628267336365,917634,353648488,2567680
56691755,27622,7645925376,10029912064,1917,1442,989974,26504,3409526784,17,2032884,346217,7690960,22803,3964878848,1,27622:10,94.71044261618353,917694,353661784,2567700
56797232,27622,7659819008,10029912064,1925,1444,991790,26558,3416604672,17,2032892,346221,7691031,22803,3957833728,1,27622:10,94.80775471307362,917747,353675352,2567724
56903180,27622,7673712640,10029912064,1933,1446,993565,26610,3423420416,17,2032902,346226,7691102,22803,3951788032,1,27622:10,94.38543163128023,917799,353688664,2567740
57008619,27622,7687606272,10029912064,1943,1447,995387,26664,3430367232,17,2032911,346227,7691174,22803,3944177664,1,27622:11,104.32582579083693,917853,353702488,2567764
57114220,27622,7701762048,10029912064,1951,1449,997218,26717,3437445120,17,2032920,346230,7691247,22803,3937292288,1,27622:10,94.69657961162756,917906,353716056,2567780
57219634,27622,7715917824,10029912064,1960,1450,999047,26771,3444523008,17,2032929,346232,7691320,22803,3930042368,1,27622:11,94.86347755829416,917960,353729880,2567804
57325099,27622,7729549312,10029912064,1966,1456,1000822,26824,3451338752,17,2032935,346239,7691390,22803,3923759104,1,27622:11,113.78179961883474,918013,353743448,2567824
57430852,27622,7743180800,10029912064,1970,1461,1002619,26877,3458129920,17,2032941,346245,7691463,22803,3916914688,1,27622:9,85.10455936707777,918065,353756456,2567860
57536412,27622,7757860864,10029912064,1977,1464,1004464,26928,3464486912,17,2032948,346255,7691530,22803,3909050368,1,27622:10,94.7325742532153,918115,353769128,2567888
57642498,27622,7771754496,10029912064,1984,1467,1006236,26982,3471695872,17,2032956,346268,7691594,22803,3901952000,1,27622:10,94.2629886103162,918170,353783208,2567900
57749107,27622,7786434560,10029912064,1992,1469,1008057,27037,3478904832,17,2032964,346281,7691657,22803,3894730752,1,27622:10,93.80056583315327,918225,353797288,2567920
57855357,27622,7798493184,10029912064,1998,1474,1009596,27084,3485065216,17,2032970,346297,7691720,22803,3888615424,1,27622:11,103.52956766805484,918271,353809064,2567948
57961304,27622,7812386816,10029912064,2003,1479,1011338,27137,3491749888,17,2032976,346314,7691782,22804,3881598976,1,27622:10,94.38688019344931,918327,353822408,2568016
58067260,27622,7806357504,10029912064,2005,1487,1011757,27150,3493453824,17,2032979,346333,7691844,22804,3879989248,1,27622:10,94.37878805782158,918340,353825736,2568020
58179071,27622,7788924928,10029912064,2010,1493,1012879,27183,3498307584,17,2032984,346351,7691915,22804,3874910208,1,27622:11,98.38086912092471,918398,353835208,2568068
58296518,27622,7758254080,10029912064,2017,1497,1014563,27234,3504730112,17,2032991,346362,7691983,22804,3868688384,1,27622:11,93.6590387141084,918447,353847752,2568124
58401839,27622,7772540928,10029912064,2024,1500,1016369,27289,3511939072,17,2032997,346365,7692056,22804,3861401600,1,27622:10,94.94757915670485,918502,353861832,2568148
58506975,27622,7787089920,10029912064,2032,1501,1018194,27344,3519148032,17,2033006,346366,7692130,22804,3854180352,1,27622:9,85.60331854009704,918558,353876168,2568172
58612113,27622,7793774592,10029912064,2040,1502,1019960,27398,3526094848,17,2033014,346368,7692203,22804,3847323648,1,27622:10,85.60175771986135,918612,353889736,2568204
58717387,27622,7755239424,10029912064,2048,1504,1021555,27446,3532517376,17,2033022,346380,7692268,22804,3841077248,1,27622:9,94.99071950169541,918660,353902024,2568276
58822463,27622,7769657344,10029912064,2056,1506,1023368,27501,3539726336,17,2033030,346381,7692341,22804,3833958400,1,27622:10,95.1690333365323,918715,353916104,2568296
58927497,27622,7784206336,10029912064,2063,1509,1025191,27557,3546935296,17,2033038,346384,7692415,22804,3826737152,1,27622:10,95.20712662663993,918771,353930440,2568312
59032525,27622,7789449216,10029912064,2070,1510,1026952,27610,3553882112,17,2033046,346387,7692487,22804,3819601920,1,27622:9,76.16987042695736,918824,353944008,2568340
59137862,27622,7752224768,10029912064,2078,1513,1028520,27660,3560169472,17,2033054,346397,7692553,22805,3813322752,1,27622:11,104.4272165274791,918873,353956032,2568408
59242927,27622,7767166976,10029912064,2087,1514,1030457,27717,3567640576,17,2033063,346400,7692626,22805,3805810688,1,27622:9,95.17914852524335,918930,353970624,2568408
59348039,27622,7734530048,10029912064,2095,1516,1032140,27767,3574063104,17,2033072,346409,7692692,22805,3799539712,1,27622:10,95.13625052282126,918980,353983424,2568480
59453514,27622,7737020416,10029912064,2102,1519,1033995,27821,3581272064,17,2033078,346414,7692763,22805,3792216064,1,27622:10,94.80925222255168,919035,353997248,2568512
59558590,27622,7751962624,10029912064,2109,1521,1035935,27878,3588743168,17,2033086,346416,7692837,22805,3784626176,1,27622:9,85.6527756010341,919092,354011840,2568528
59663654,27622,7761399808,10029912064,2117,1523,1037815,27933,3595952128,17,2033095,346419,7692909,22805,3777310720,1,27622:10,95.17952628997477,919148,354026176,2568560
59769154,27622,7770443776,10029912064,2124,1527,1039586,27986,3602767872,17,2033102,346434,7692972,22805,3770609664,1,27622:11,104.26612331757251,919200,354039488,2568592
59876491,27622,7738986496,10029912064,2132,1530,1041133,28031,3608666112,17,2033110,346446,7693036,22805,3764588544,1,27622:11,102.48070763413075,919246,354051016,2568668
59982165,27622,7752880128,10029912064,2139,1533,1042924,28084,3615744000,17,2033117,346450,7693108,22805,3757334528,1,27622:10,94.63045416580577,919299,354064584,2568680
60087877,27622,7766904832,10029912064,2147,1535,1044760,28138,3622690816,17,2033126,346454,7693181,22805,3751337984,1,27622:10,94.5968860124078,919353,354078408,2568720
60194408,27622,7761661952,10029912064,2155,1538,1046450,28187,3632914432,17,2033139,346464,7693289,22812,3740389376,1,27622:17,103.25628843468931,919445,354098792,2568808
60369601,27622,7770181632,10029912064,2167,1542,1049162,28267,3639599104,17,2033147,346468,7693361,22812,3733762048,1,27622:10,91.3276152732879,919496,354111848,2568852
60475214,27622,7733612544,10029912064,2176,1543,1050607,28310,3645235200,17,2033156,346479,7693425,22812,3728146432,1,27622:10,94.6859319713772,919539,354122856,2568932
60580660,27622,7746981888,10029912064,2182,1548,1052360,28361,3652050944,17,2033163,346484,7693497,22812,3721289728,1,27622:11,104.31799394449219,919590,354135912,2568976
60686108,27622,7760613376,10029912064,2191,1549,1054129,28413,3658866688,17,2033172,346485,7693569,22812,3714117632,1,27622:10,94.83390230829701,919642,354149224,2568988
60791552,27622,7773982720,10029912064,2197,1553,1055877,28466,3665559552,17,2033179,346490,7693642,22812,3707416576,1,27622:11,94.83712477774566,919695,354162552,2569016
60896804,27622,7730466816,10029912064,2204,1557,1057328,28509,3671064576,17,2033186,346504,7693705,22812,3702075392,1,27622:10,104.51109505461764,919737,354173304,2569100
61002376,27622,7741739008,10029912064,2211,1561,1059070,28560,3677880320,17,2033192,346509,7693777,22812,3695472640,1,27622:11,104.19456239268908,919788,354186360,2569144
61107723,27622,7755239424,10029912064,2219,1563,1060823,28612,3684564992,17,2033201,346512,7693850,22812,3688935424,1,27622:10,94.92395841032062,919840,354199672,2569164
61213207,27622,7768870912,10029912064,2224,1568,1062584,28664,3691380736,17,2033206,346517,7693922,22812,3682021376,1,27622:10,94.80120074442453,919892,354212984,2569200
61318668,27622,7759826944,10029912064,2231,1572,1064213,28712,3697672192,17,2033213,346526,7693991,22812,3676151808,1,27622:11,104.30369169072794,919939,354225016,2569236
61424152,27622,7736758272,10029912064,2239,1574,1065771,28757,3703701504,17,2033222,346534,7694058,22812,3669708800,1,27622:10,94.80150092011493,919986,354237048,2569296
61529700,27622,7750651904,10029912064,2248,1576,1067561,28810,3710648320,17,2033230,346537,7694130,22812,3662811136,1,27622:11,104.2179249108335,920038,354250360,2569328
61635164,27622,7764414464,10029912064,2250,1584,1069357,28863,3717595136,17,2033234,346547,7694202,22812,3655901184,1,27622:10,94.81936569485414,920091,354263928,2569384
61740684,27622,7778177024,10029912064,2259,1586,1071143,28915,3724279808,17,2033242,346550,7694270,22816,3649269760,1,27622:11,104.24496193812689,920152,354277336,2569420
61846248,27622,7732039680,10029912064,2265,1588,1072422,28953,3729260544,17,2033248,346568,7694325,22819,3652497408,1,27622:8,75.78387548944188,920237,354288312,2569488
61951873,27622,7745015808,10029912064,2272,1591,1074119,29003,3735945216,17,2033256,346575,7694391,22821,3645329408,1,27622:11,94.67457772487448,920306,354301320,2569524
62057340,27622,7759171584,10029912064,2279,1594,1075947,29057,3742892032,17,2033264,346578,7694464,22821,3638788096,1,27622:9,94.81606891535301,920360,354315144,2569564
62162890,27622,7773196288,10029912064,2287,1597,1077773,29110,3749969920,17,2033272,346582,7694536,22821,3631648768,1,27622:11,104.21632140146775,920414,354328968,2569588
62268501,27622,7784468480,10029912064,2295,1599,1079583,29164,3756916736,17,2033281,346584,7694608,22821,3623972864,1,27622:10,94.68671645262657,920467,354342536,2569640
62374085,27622,7742656512,10029912064,2304,1601,1081050,29207,3762683904,17,2033290,346595,7694672,22821,3619299328,1,27622:11,104.1826383781506,920510,354353544,2569712
62479707,27622,7756025856,10029912064,2312,1603,1082772,29259,3769368576,17,2033298,346597,7694745,22821,3612540928,1,27622:10,94.67730353548248,920562,354366856,2569740
62585198,27622,7769788416,10029912064,2322,1603,1084562,29312,3776315392,17,2033308,346598,7694818,22821,3605803008,1,27622:10,94.79502240058517,920614,354380168,2569764
62690617,27622,7783419904,10029912064,2327,1608,1086338,29364,3783131136,17,2033314,346604,7694890,22821,3598831616,1,27622:10,94.85912760280048,920666,354393480,2569808
62796013,27622,7756288000,10029912064,2334,1612,1087900,29410,3789160448,17,2033321,346614,7694957,22821,3592331264,1,27622:11,104.36830603626149,920712,354405256,2569872
62901600,27622,7753142272,10029912064,2338,1618,1089583,29460,3795582976,17,2033325,346623,7695027,22821,3586768896,1,27622:10,94.7086118607061,920762,354418056,2569936
63007021,27622,7766904832,10029912064,2344,1622,1091367,29512,3802529792,17,2033332,346627,7695099,22821,3579789312,1,27622:11,94.85804062616211,920814,354431368,2569940
63112328,27622,7780667392,10029912064,2353,1624,1093149,29565,3809345536,17,2033341,346629,7695171,22821,3572678656,1,27622:10,104.45589177617529,920867,354444936,2569952
63217754,27622,7784075264,10029912064,2363,1624,1094896,29616,3816030208,17,2033352,346631,7695242,22821,3565883392,1,27622:10,94.85387921159048,920918,354457992,2569980
63323408,27622,7750782976,10029912064,2371,1626,1096405,29660,3821928448,17,2033360,346642,7695308,22821,3560001536,1,27622:10,94.64810581976249,920963,354469512,2570052
63428973,27622,7764283392,10029912064,2380,1628,1098169,29712,3828744192,17,2033368,346643,7695381,22821,3553460224,1,27622:11,104.20110138101226,921015,354482568,2570060
63534494,27622,7778045952,10029912064,2389,1629,1099950,29765,3835559936,17,2033378,346645,7695453,22821,3546357760,1,27622:10,94.76773588838522,921068,354496136,2570076
63639886,27622,7791808512,10029912064,2397,1631,1101736,29817,3842506752,17,2033387,346647,7695526,22821,3539562496,1,27622:10,94.88402870754243,921120,354509448,2570096
63745325,27622,7757074432,10029912064,2404,1635,1103253,29862,3848273920,17,2033394,346659,7695591,22821,3533602816,1,27622:11,104.3261562659954,921165,354520968,2570172
63851052,27622,7762448384,10029912064,2413,1636,1105006,29913,3855089664,17,2033404,346661,7695663,22821,3526483968,1,27622:10,94.58268228920358,921216,354534024,2570204
63956487,27622,7776210944,10029912064,2422,1638,1106792,29966,3862036480,17,2033413,346663,7695736,22821,3519655936,1,27622:11,104.3301963456357,921269,354547592,2570236
64062101,27622,7790104576,10029912064,2431,1639,1108593,30019,3868852224,17,2033422,346665,7695809,22821,3512545280,1,27622:10,94.68410126684299,921322,354561160,2570248
64167484,27622,7769264128,10029912064,2439,1641,1110123,30066,3874881536,17,2033431,346673,7695876,22822,3506774016,1,27622:10,94.89250757038192,921368,354572936,2570312
64273207,27622,7760613376,10029912064,2445,1645,1111789,30115,3881435136,17,2033436,346682,7695946,22822,3500204032,1,27622:10,94.5865220183992,921418,354585480,2570400
64378896,27622,7774638080,10029912064,2452,1648,1113604,30168,3888381952,17,2033446,346684,7696019,22822,3493146624,1,27622:11,94.61754650987001,921471,354599048,2570416
64484316,27622,7788531712,10029912064,2459,1651,1115412,30221,3895328768,17,2033452,346688,7696091,22822,3486261248,1,27622:10,94.85860300748823,921525,354612872,2570452
64589779,27622,7775031296,10029912064,2469,1652,1117062,30270,3901620224,17,2033462,346695,7696159,22822,3480342528,1,27622:10,104.30134380144605,921573,354625160,2570500
64695573,27622,7760220160,10029912064,2474,1658,1118696,30318,3908042752,17,2033468,346705,7696228,22822,3474288640,1,27622:11,103.97563605086732,921621,354637448,2570572
64800907,27622,7774113792,10029912064,2482,1659,1120507,30371,3914989568,17,2033476,346707,7696301,22822,3467153408,1,27622:9,85.4425791264026,921674,354651016,2570608
64906220,27622,7788007424,10029912064,2488,1664,1122311,30424,3921936384,17,2033482,346712,7696373,22822,3460157440,1,27622:11,104.45076681770817,921727,354664584,2570648
65011687,27622,7781715968,10029912064,2496,1666,1124004,30474,3928489984,17,2033492,346718,7696443,22822,3452948480,1,27622:10,94.81629366805888,921777,354677384,2570692
65117496,27622,7760220160,10029912064,2503,1670,1125601,30521,3934650368,17,2033498,346728,7696510,22822,3447529472,1,27622:11,103.96114159351544,921824,354689416,2570752
65222880,27622,7774113792,10029912064,2510,1673,1127422,30575,3941597184,17,2033506,346732,7696583,22822,3440279552,1,27622:10,94.89126945568745,921878,354703240,2570800
65328308,27622,7788007424,10029912064,2518,1675,1129225,30628,3948544000,17,2033515,346734,7696656,22822,3433398272,1,27622:10,94.85118011087611,921931,354716808,2570824
65433829,27622,7787220992,10029912064,2526,1678,1130969,30679,3955228672,17,2033523,346739,7696726,22822,3426299904,1,27622:11,104.24418050702435,921982,354729864,2570876
65539650,27622,7760613376,10029912064,2532,1682,1132527,30725,3961389056,17,2033529,346751,7696793,22822,3420577792,1,27622:11,94.49963459353793,922028,354741640,2570944
65645182,27622,7774638080,10029912064,2538,1687,1134350,30778,3968335872,17,2033536,346756,7696866,22822,3413585920,1,27622:10,104.23335627351575,922081,354755208,2570984
65751045,27622,7787876352,10029912064,2542,1693,1136056,30831,3975020544,17,2033539,346763,7696939,22822,3406823424,1,27622:10,94.4616974536546,922133,354768520,2571044
65856498,27622,7796527104,10029912064,2551,1694,1137844,30883,3981967360,17,2033549,346765,7697010,22822,3399618560,1,27622:10,94.82914410258549,922185,354781832,2571064
65962342,27622,7760744448,10029912064,2558,1698,1139341,30927,3987734528,17,2033556,346777,7697075,22822,3394097152,1,27622:11,103.92709208377798,922229,354793096,2571140
66067758,27622,7774638080,10029912064,2560,1706,1141138,30980,3994681344,17,2033558,346786,7697148,22822,3387211776,1,27622:10,94.86171467140576,922282,354806664,2571192
66173086,27622,7788531712,10029912064,2567,1709,1142940,31033,4001628160,17,2033566,346790,7697221,22822,3380215808,1,27622:10,94.94198294800212,922335,354820232,2571236
66278632,27622,7795871744,10029912064,2576,1710,1144685,31085,4008312832,17,2033575,346794,7697293,22822,3373400064,1,27622:10,94.74484006573589,922386,354833288,2571252
66384196,27622,7761268736,10029912064,2584,1713,1146181,31128,4014080000,17,2033582,346804,7697358,22822,3367464960,1,27622:11,104.20237670275093,922430,354844552,2571332
66489747,27622,7775031296,10029912064,2587,1720,1147965,31181,4020895744,17,2033586,346811,7697431,22822,3360382976,1,27622:10,94.74151166505337,922483,354858120,2571368
66595224,27622,7788924928,10029912064,2589,1728,1149768,31234,4027973632,17,2033588,346820,7697504,22822,3353268224,1,27622:10,94.80737989367371,922536,354871688,2571436
66700659,27622,7793250304,10029912064,2598,1730,1151519,31285,4034658304,17,2033597,346824,7697575,22822,3346653184,1,27622:11,104.32957789533192,922587,354884744,2571484
66806303,27622,7762448384,10029912064,2606,1732,1153015,31330,4040425472,17,2033606,346832,7697640,22822,3341266944,1,27622:10,94.65687766886842,922632,354896264,2571556
66911777,27622,7776210944,10029912064,2615,1733,1154814,31382,4047372288,17,2033616,346834,7697713,22822,3334156288,1,27622:11,94.81011425576351,922685,354909832,2571580
67017986,27622,7790104576,10029912064,2625,1733,1156618,31435,4054319104,17,2033626,346840,7697777,22822,3326328832,1,27622:10,94.15471167030893,922737,354923144,2571584
67123309,27622,7794167808,10029912064,2634,1735,1158357,31487,4061003776,17,2033636,346844,7697849,22822,3318964224,1,27622:10,104.44027149647346,922789,354936456,2571616
67229041,27622,7768870912,10029912064,2644,1736,1159904,31532,4066902016,17,2033645,346852,7697915,22822,3313373184,1,27622:11,104.03631783011869,922834,354947976,2571672
67334577,27622,7782502400,10029912064,2653,1737,1161679,31584,4073848832,17,2033655,346853,7697988,22822,3306258432,1,27622:10,94.75419189702328,922887,354961288,2571692
67439962,27622,7796002816,10029912064,2661,1739,1163436,31638,4080730112,17,2033663,346856,7698061,22822,3299586048,1,27622:10,94.8909317936508,922940,354974728,2571712
67545517,27622,7774507008,10029912064,2668,1742,1165048,31685,4086890496,17,2033671,346864,7698128,22822,3293614080,1,27622:10,94.7369117119625,922987,354986760,2571768
67651307,27622,7770836992,10029912064,2677,1744,1166757,31736,4093444096,17,2033680,346869,7698198,22822,3286704128,1,27622:11,103.97948488544282,923038,354999816,2571832
67757026,27622,7784992768,10029912064,2684,1747,1168597,31790,4100521984,17,2033688,346872,7698271,22822,3279855616,1,27622:10,94.59088369196695,923092,355013640,2571860
67862708,27622,7799148544,10029912064,2692,1749,1170443,31844,4107730944,17,2033697,346875,7698343,22822,3272605696,1,27622:11,94.62269446600686,923146,355027464,2571888
67968197,27622,7767953408,10029912064,2700,1752,1171972,31889,4113498112,17,2033705,346888,7698409,22822,3266969600,1,27622:10,104.27625449287277,923191,355038984,2571972
68073967,27622,7774244864,10029912064,2709,1754,1173758,31941,4120444928,17,2033714,346891,7698481,22822,3259187200,1,27622:11,103.99963792998778,923244,355052552,2572004
68179716,27622,7788400640,10029912064,2715,1758,1175592,31995,4127522816,17,2033721,346896,7698554,22822,3252084736,1,27622:10,94.56337922311306,923299,355066376,2572040
68285392,27622,7802556416,10029912064,2723,1760,1177445,32050,4134731776,17,2033729,346899,7698626,22822,3244883968,1,27622:10,94.62866321513033,923353,355080200,2572068
68390878,27622,7764021248,10029912064,2731,1762,1178958,32094,4140498944,17,2033738,346909,7698691,22822,3239153664,1,27622:10,94.79977808130351,923398,355091720,2572140
68496503,27622,7778308096,10029912064,2739,1765,1180815,32149,4147707904,17,2033746,346912,7698763,22822,3231711232,1,27622:11,104.14207592175086,923452,355105544,2572184
68602042,27622,7792594944,10029912064,2746,1769,1182666,32203,4154785792,17,2033753,346916,7698836,22822,3224797184,1,27622:11,104.22710061904266,923507,355119624,2572212
68707528,27622,7791939584,10029912064,2752,1773,1184414,32255,4161470464,17,2033760,346924,7698906,22822,3217760256,1,27622:10,94.79899172550793,923558,355132680,2572256
68813316,27622,7768477696,10029912064,2761,1775,1185996,32301,4167630848,17,2033769,346932,7698973,22822,3212603392,1,27622:11,103.98165612339938,923605,355144712,2572312
68918989,27622,7782371328,10029912064,2769,1776,1187816,32355,4174708736,17,2033779,346934,7699046,22822,3205341184,1,27622:10,85.16868457619631,923658,355158280,2572344
69024433,27622,7796527104,10029912064,2778,1778,1189655,32409,4181811200,17,2033788,346936,7699119,22822,3198681088,1,27622:10,104.3203851250663,923713,355172152,2572388
69130042,27622,7780536320,10029912064,2787,1779,1191233,32457,4187971584,17,2033797,346943,7699186,22822,3191631872,1,27622:10,94.6884342878221,923760,355184184,2572428
69235570,27622,7771885568,10029912064,2794,1783,1192866,32505,4194263040,17,2033805,346950,7699256,22822,3185963008,1,27622:11,104.23858240455573,923809,355196728,2572472
69341007,27622,7785779200,10029912064,2803,1784,1194660,32558,4201209856,17,2033814,346952,7699329,22822,3178893312,1,27622:10,94.84267175144787,923861,355210040,2572496
69446381,27622,7799672832,10029912064,2809,1788,1196466,32611,4208156672,17,2033821,346956,7699402,22822,3171717120,1,27622:10,94.90004951220284,923914,355223608,2572508
69551870,27622,7765987328,10029912064,2818,1790,1197966,32656,4213923840,17,2033830,346966,7699467,22822,3165700096,1,27622:11,104.27662518296043,923959,355235128,2572576
69657694,27622,7775948800,10029912064,2826,1792,1199735,32708,4220739584,17,2033839,346969,7699539,22822,3159162880,1,27622:10,94.49691900355343,924011,355248440,2572584
69763242,27622,7789842432,10029912064,2833,1796,1201540,32761,4227686400,17,2033846,346973,7699612,22822,3152027648,1,27622:11,104.21767806196654,924064,355262008,2572612
69868726,27622,7803736064,10029912064,2842,1797,1203346,32814,4234633216,17,2033854,346974,7699685,22822,3144400896,1,27622:10,94.80135083203211,924117,355275576,2572644
69974585,27622,7766380544,10029912064,2851,1798,1204819,32857,4240400384,17,2033865,346983,7699750,22822,3139747840,1,27622:11,94.46470906631374,924160,355286584,2572720
70079987,27622,7780143104,10029912064,2860,1799,1206602,32910,4247216128,17,2033874,346984,7699823,22822,3132563456,1,27622:9,94.87536503178103,924213,355300152,2572744
70185509,27622,7794036736,10029912064,2868,1801,1208409,32963,4254162944,17,2033883,346986,7699895,22822,3125760000,1,27622:10,94.76717458397448,924266,355313720,2572760
70290888,27622,7787483136,10029912064,2874,1806,1210086,33012,4260585472,17,2033889,346996,7699965,22822,3118919680,1,27622:11,104.38477053907246,924315,355326264,2572820
70396704,27622,7771230208,10029912064,2881,1810,1211703,33060,4266876928,17,2033896,347005,7700033,22822,3112308736,1,27622:11,103.9537740625581,924363,355338552,2572860
70502402,27622,7785123840,10029912064,2890,1811,1213505,33113,4273823744,17,2033905,347006,7700106,22822,3105435648,1,27622:10,94.60960185091197,924416,355352120,2572884
70607812,27622,7799017472,10029912064,2899,1812,1215313,33166,4280770560,17,2033915,347008,7700179,22822,3098624000,1,27622:10,94.86715202472496,924469,355365688,2572900
70713259,27622,7764021248,10029912064,2906,1815,1216766,33210,4286545920,17,2033922,347018,7700244,22822,3093110784,1,27622:10,94.83412714555575,924513,355376712,2572980
70818901,27622,7776210944,10029912064,2915,1817,1218582,33264,4293623808,17,2033931,347020,7700317,22822,3086090240,1,27622:11,104.12531826613474,924567,355390536,2573008
70924375,27622,7790628864,10029912064,2924,1818,1220443,33319,4300701696,17,2033940,347022,7700389,22822,3078696960,1,27622:10,94.81045044397601,924622,355404616,2573044
71030004,27622,7797051392,10029912064,2932,1821,1222255,33372,4307648512,17,2033948,347026,7700460,22822,3072118784,1,27622:11,104.13792716277175,924675,355418184,2573076
71135641,27622,7769133056,10029912064,2940,1823,1223804,33417,4313677824,17,2033957,347035,7700527,22822,3066589184,1,27622:11,94.66427018386841,924721,355429960,2573148
71241248,27622,7783288832,10029912064,2949,1825,1225648,33472,4320755712,17,2033966,347037,7700599,22822,3059298304,1,27622:10,104.15941594823262,924775,355443784,2573184
71346858,27622,7797575680,10029912064,2956,1828,1227504,33526,4327964672,17,2033974,347041,7700672,22822,3051712512,1,27622:10,94.68783626609654,924830,355457864,2573224
71452425,27622,7770443776,10029912064,2964,1830,1229077,33572,4333993984,17,2033982,347050,7700738,22822,3045273600,1,27622:11,94.7270778375051,924875,355469384,2573308
71558052,27622,7776210944,10029912064,2972,1833,1230853,33625,4340940800,17,2033990,347055,7700810,22822,3038867456,1,27622:10,104.13948783821192,924928,355482952,2573344
71663660,27622,7790628864,10029912064,2978,1837,1232713,33679,4348018688,17,2033998,347059,7700883,22822,3031695360,1,27622:11,94.68974243064403,924983,355497032,2573388
71769146,27622,7797444608,10029912064,2985,1841,1234523,33733,4354965504,17,2034004,347064,7700954,22822,3024752640,1,27622:10,104.27954927876092,925036,355510600,2573428
71874774,27622,7769526272,10029912064,2992,1844,1236074,33778,4360994816,17,2034013,347073,7701020,22822,3017990144,1,27622:11,94.67215053205182,925081,355522120,2573484
71980348,27622,7783813120,10029912064,3000,1847,1237916,33832,4368072704,17,2034020,347077,7701093,22822,3011223552,1,27622:10,104.19217697666414,925136,355536200,2573520
72085935,27622,7798099968,10029912064,3007,1850,1239774,33887,4375281664,17,2034028,347087,7701156,22822,3002957824,1,27622:10,94.70820104925892,925191,355550024,2573548
72191373,27622,7795478528,10029912064,3015,1853,1241505,33938,4381966336,17,2034035,347095,7701225,22822,2996576256,1,27622:11,104.3266500037406,925242,355563080,2573580
72296880,27622,7797182464,10029912064,3024,1854,1243302,33991,4388782080,17,2034045,347101,7701292,22822,2989232128,1,27622:10,94.78109689594751,925295,355576648,2573628
72402265,27622,7751962624,10029912064,3031,1857,1244822,34037,4394708992,17,2034052,347114,7701355,22822,2983874560,1,27622:11,94.88950643612274,925342,355588224,2573708
72507771,27622,7766118400,10029912064,3037,1861,1246669,34091,4401917952,17,2034058,347119,7701429,22822,2976546816,1,27622:10,94.78191978769154,925396,355602048,2573724
72613174,27622,7780405248,10029912064,3045,1864,1248511,34145,4408995840,17,2034066,347121,7701502,22822,2969292800,1,27622:10,104.36075593087395,925451,355616128,2573736
72718774,27622,7747506176,10029912064,3052,1867,1250080,34192,4415025152,17,2034074,347132,7701567,22822,2963398656,1,27622:10,94.6974754675773,925497,355627904,2573808
72824191,27622,7761661952,10029912064,3059,1870,1251921,34246,4422103040,17,2034081,347136,7701640,22822,2956173312,1,27622:10,94.86126563616028,925551,355641728,2573820
72929573,27622,7775686656,10029912064,3067,1873,1253741,34299,4429180928,17,2034088,347138,7701713,22822,2948923392,1,27622:11,104.38225358210951,925605,355655296,2573852
73034918,27622,7755108352,10029912064,3074,1875,1255391,34348,4435472384,17,2034097,347147,7701781,22822,2942988288,1,27622:9,85.43304906688647,925654,355667840,2573904
73140471,27622,7757467648,10029912064,3079,1880,1257161,34400,4442288128,17,2034102,347154,7701852,22822,2936238080,1,27622:11,94.73926772969368,925706,355681152,2573940
73245848,27622,7771623424,10029912064,3085,1885,1259005,34454,4449366016,17,2034108,347159,7701925,22822,2928988160,1,27622:10,104.38741243438183,925760,355694976,2573964
73351106,27622,7778570240,10029912064,3091,1888,1260809,34507,4456312832,17,2034115,347166,7701997,22822,2922422272,1,27622:9,85.50410116146016,925813,355708544,2573988
73456776,27622,7753928704,10029912064,3096,1894,1262434,34555,4462735360,17,2034120,347178,7702064,22822,2915147776,1,27622:11,104.09760441223943,925861,355720832,2574044
73562313,27622,7768477696,10029912064,3102,1899,1264323,34611,4469944320,17,2034126,347183,7702136,22822,2907926528,1,27622:11,104.2284180563189,925917,355735168,2574072
73667837,27622,7782895616,10029912064,3109,1902,1266201,34666,4477153280,17,2034134,347186,7702209,22822,2900447232,1,27622:10,94.76571432557004,925972,355749248,2574084
73773247,27622,7751307264,10029912064,3116,1905,1267792,34713,4483313664,17,2034141,347198,7702275,22822,2895122432,1,27622:10,94.86793951170846,926019,355761280,2574152
73878685,27622,7765594112,10029912064,3123,1908,1269654,34767,4490522624,17,2034148,347201,7702348,22822,2887720960,1,27622:10,94.84207267941508,926073,355775104,2574172
73984014,27622,7779225600,10029912064,3129,1912,1271392,34821,4497469440,17,2034154,347205,7702421,22822,2880970752,1,27622:10,94.94017928484469,926127,355788928,2574200
74089554,27622,7770705920,10029912064,3137,1914,1273123,34872,4504154112,17,2034162,347212,7702491,22822,2874261504,1,27622:10,94.75157298270703,926178,355801984,2574248
74195086,27622,7763365888,10029912064,3143,1918,1274854,34922,4510838784,17,2034169,347220,7702560,22822,2867154944,1,27622:10,94.75785790196912,926229,355815040,2574304
74300470,27622,7777521664,10029912064,3148,1923,1276691,34976,4517916672,17,2034174,347224,7702633,22822,2860138496,1,27622:10,94.89051939900975,926283,355828864,2574328
74405849,27622,7781322752,10029912064,3156,1926,1278476,35029,4524732416,17,2034181,347229,7702705,22822,2854088704,1,27622:11,104.38543124800658,926335,355842176,2574360
74511495,27622,7760875520,10029912064,3164,1928,1280134,35078,4531154944,17,2034190,347238,7702772,22822,2846797824,1,27622:10,94.65538496898802,926384,355854720,2574400
74616986,27622,7775031296,10029912064,3171,1932,1281969,35132,4538232832,17,2034196,347241,7702845,22822,2839724032,1,27622:11,104.27481327485488,926438,355868544,2574424
74722543,27622,7789318144,10029912064,3178,1934,1283822,35186,4545441792,17,2034204,347243,7702918,22822,2832527360,1,27622:10,85.2621438137232,926492,355882368,2574452
74827976,27622,7758778368,10029912064,3186,1937,1285406,35233,4551602176,17,2034212,347254,7702984,22822,2826731520,1,27622:10,104.33159753376795,926539,355894400,2574520
74933410,27622,7772934144,10029912064,3191,1942,1287244,35287,4558548992,17,2034218,347259,7703057,22822,2819481600,1,27622:10,94.84612061061401,926593,355908224,2574560
75038762,27622,7787220992,10029912064,3199,1944,1289088,35341,4565757952,17,2034226,347262,7703130,22822,2812747776,1,27622:10,94.91990383246896,926647,355922048,2574576
75144160,27622,7771099136,10029912064,3205,1948,1290768,35390,4572180480,17,2034233,347272,7703197,22822,2805587968,1,27622:11,94.87798989365346,926696,355934848,2574616
75249886,27622,7737020416,10029912064,3215,1949,1292334,35437,4578209792,17,2034242,347280,7703263,22822,2800603136,1,27622:10,104.04238626282596,926743,355946624,2574676
75355305,27622,7751045120,10029912064,3222,1952,1294167,35490,4585287680,17,2034250,347284,7703336,22822,2793209856,1,27622:10,94.86021460435042,926797,355960448,2574692
75460733,27622,7765200896,10029912064,3229,1954,1295996,35544,4592365568,17,2034258,347286,7703409,22822,2786324480,1,27622:9,85.36619732110059,926850,355974016,2574704
75566286,27622,7776604160,10029772800,3233,1959,1297458,35597,4598861824,17,2034262,347291,7703483,22824,2780958720,1,27622:9,85.26530783703572,926920,355986960,2574760
75672036,27622,7796396032,10101006336,3237,1965,1312819,35605,4599312384,17,2034266,347305,7703549,22824,2715267072,1,27622:10,94.56226056303713,926931,355987840,2574768
75777828,27622,7740428288,10167734272,3245,1967,1315669,35610,4599771136,17,2034274,347317,7703612,22824,2706243584,1,27622:10,94.52527831384901,926938,355988736,2574776
75885596,27622,7743705088,10262044672,3269,1968,1317151,35673,4600528896,17,2034310,347320,7703665,22832,2702880768,8,27622:25;27898:0;27899:0;27900:0;27901:0;27902:0;27903:0;27904:0,231.97959106656242,926979,355990216,2574796
76009633,27622,7744098304,10262044672,3362,1969,1317449,35677,4600528896,17,2034400,347321,7703671,22832,2702790656,8,27622:94;27898:92;27899:92;27900:93;27901:90;27902:90;27903:92;27904:94,757.8391995341192,926979,355990216,2574796
76137579,27622,7744098304,10262044672,3454,1970,1317449,35677,4600528896,17,2034500,347321,7703676,22832,2702790656,8,27622:94;27898:94;27899:94;27900:94;27901:93;27902:98;27903:95;27904:96,726.8667902887314,926979,355990216,2574796
76265593,27622,7744098304,10262044672,3542,1970,1317449,35677,4600528896,17,2034583,347321,7703690,22832,2702790656,8,27622:87;27898:87;27899:87;27900:87;27901:89;27902:84;27903:87;27904:86,687.4293021927025,926979,355990216,2574796
76392397,27622,7744098304,10262044672,3635,1970,1317449,35677,4600528896,17,2034674,347322,7703697,22832,2702790656,8,27622:93;27898:93;27899:93;27900:90;27901:95;27902:96;27903:93;27904:94,733.4118562445889,926979,355990216,2574796
76524041,27622,7744098304,10262044672,3728,1971,1317449,35677,4600528896,17,2034770,347322,7703705,22832,2702790656,8,27622:97;27898:97;27899:104;27900:104;27901:97;27902:96;27903:99;27904:96,714.0466985477375,926979,355990216,2574796
76655668,27622,7744098304,10262044672,3826,1971,1317449,35677,4600528896,17,2034864,347322,7703711,22832,2702790656,8,27622:96;27898:96;27899:89;27900:89;27901:89;27902:96;27903:94;27904:94,744.5296934319975,926979,355990216,2574796
76785593,27622,7745146880,10262044672,3920,1974,1318850,35677,4600528896,17,2034964,347325,7703713,22832,2702872576,8,27622:96;27898:102;27899:102;27900:102;27901:107;27902:100;27903:99;27904:105,746.5867113861332,926979,355990216,2574796
76918844,27622,7745540096,10262044672,4015,1974,1319827,35677,4600528896,17,2035048,347326,7703728,22832,2702356480,8,27622:95;27898:89;27899:89;27900:89;27901:84;27902:84;27903:91;27904:85,712.9381272143529,926979,355990216,2574796
77043673,27622,7745540096,10262044672,4104,1974,1319827,35677,4600528896,17,2035142,347326,7703735,22832,2702356480,8,27622:95;27898:95;27899:95;27900:95;27901:98;27902:100;27903:93;27904:96,712.9747734064031,926979,355990216,2574796
77175818,27622,7745540096,10262044672,4174,1977,1319827,35677,4600528896,17,2035200,347335,7703755,22832,2701840384,8,27622:68;27898:68;27899:68;27900:68;27901:66;27902:64;27903:64;27904:62,552.4227802627302,926980,355990240,2574796
77293612,27622,7745540096,10262044672,4258,1977,1319827,35677,4600528896,17,2035288,347335,7703765,22832,2701852672,8,27622:85;27898:85;27899:85;27900:85;27901:84;27902:84;27903:84;27904:85,713.1088905730332,926980,355990240,2574796
77421732,27622,7745540096,10262044672,4351,1977,1319828,35677,4600528896,17,2035389,347336,7703774,22832,2701852672,8,27622:93;27898:95;27899:96;27900:96;27901:96;27902:99;27903:100;27904:98,725.8822462580654,926980,355990240,2574796
77548849,27622,7745540096,10262044672,4444,1977,1319828,35677,4600528896,17,2035482,347336,7703781,22832,2701852672,8,27622:91;27898:89;27899:88;27900:94;27901:95;27902:92;27903:91;27904:94,731.6088981200625,926980,355990240,2574796
77678927,27622,7745540096,10262044672,4537,1977,1319828,35677,4600528896,17,2035583,347337,7703782,22832,2701852672,8,27622:96;27898:96;27899:96;27900:99;27901:98;27902:101;27903:101;27904:101,714.9561091904034,926980,355990240,2574796
77809604,27622,7745540096,10262044672,4635,1977,1319828,35677,4600528896,17,2035670,347337,7703794,22832,2701852672,8,27622:95;27898:95;27899:95;27900:90;27901:90;27902:87;27903:90;27904:88,749.9414854329759,926980,355990240,2574796
77935355,27622,7745540096,10262044672,4725,1977,1319828,35677,4600528896,17,2035764,347337,7703801,22832,2701852672,8,27622:93;27898:93;27899:93;27900:89;27901:89;27902:94;27903:93;27904:94,715.6979453759288,926980,355990240,2574796
78066604,27622,7745540096,10262044672,4820,1977,1319828,35677,4600528896,17,2035865,347338,7703804,22832,2701852672,8,27622:92;27898:98;27899:104;27900:104;27901:104;27902:102;27903:100;27904:101,723.8160919235465,926980,355990240,2574796
78195609,27622,7516356608,10090532864,4857,1984,1319832,35677,4600528896,17,2035884,347348,7703869,22832,2934034432,8,27622:45;27898:39;27899:33;27900:33;27901:33;27902:30;27903:31;27904:28,341.07365101785877,926980,355990240,2574796
78311337,27622,7193395200,10090532864,4857,1996,1319832,35677,4600528896,17,2035884,347361,7703949,22832,3254591488,8,27622:11;27898:11;27899:12;27900:12;27901:12;27902:12;27903:11;27904:11,103.69138836711717,926980,355990240,2574796
78429561,27622,6874054656,10090532864,4857,2008,1319832,35677,4600528896,17,2035886,347380,7704026,22832,3584036864,8,27622:12;27898:12;27899:11;27900:12;27901:12;27902:12;27903:12;27904:13,101.50199952172257,926980,355990240,2574796
78552009,27622,6528598016,10090532864,4857,2020,1319832,35677,4600528896,17,2035887,347406,7704097,22832,3939995648,8,27622:12;27898:12;27899:13;27900:12;27901:12;27902:12;27903:13;27904:12,98.00096568518236,926980,355990240,2574796
78674365,27622,6198632448,10090532864,4857,2032,1319832,35677,4600528896,17,2035888,347430,7704167,22832,4277473280,8,27622:13;27898:13;27899:12;27900:12;27901:12;27902:13;27903:12;27904:12,98.07418506257096,926980,355990240,2574796
78795986,27622,5872189440,10090532864,4857,2044,1319832,35677,4600528896,17,2035890,347455,7704238,22832,4602408960,8,27622:12;27898:12;27899:12;27900:12;27901:13;27902:12;27903:12;27904:12,98.6672066613257,926980,355990240,2574796
78916540,27622,5522829312,10090532864,4857,2056,1319832,35677,4600528896,17,2035891,347480,7704308,22832,4953092096,8,27622:12;27898:12;27899:12;27900:12;27901:12;27902:12;27903:12;27904:12,99.54033682608485,926980,355990240,2574796
79037214,27622,5231411200,7811227648,4857,2069,1319832,35677,4600528896,17,2035893,347505,7704379,22832,5251420160,8,27622:12;27898:12;27899:12;27900:13;27901:12;27902:12;27903:12;27904:12,107.72850600019603,926980,355990240,2574796
79159033,27622,4915105792,7811227648,4857,2081,1319832,35677,4600528896,17,2035894,347530,7704449,22832,5539102720,8,27622:12;27898:12;27899:13;27900:12;27901:12;27902:12;27903:12;27904:12,98.5067388090619,926980,355990240,2574796
79279941,27622,4614848512,7811227648,4857,2093,1319832,35677,4600528896,17,2035896,347556,7704519,22832,5845397504,8,27622:12;27898:12;27899:12;27900:12;27901:12;27902:12;27903:12;27904:12,99.24941718467764,926980,355990240,2574796
79401087,27622,4319260672,7811227648,4857,2105,1319832,35677,4600528896,17,2035897,347580,7704590,22832,6163959808,8,27622:12;27898:13;27899:12;27900:12;27901:12;27902:12;27903:12;27904:13,99.05379031887544,926980,355990240,2574796
79523375,27622,4015063040,7811227648,4857,2117,1319832,35677,4600528896,17,2035898,347605,7704660,22832,6440361984,8,27622:13;27898:12;27899:12;27900:12;27901:12;27902:12;27903:12;27904:12,98.12891946836793,926980,355990240,2574796
79644202,27622,3723415552,7811227648,4857,2129,1319832,35677,4600528896,17,2035900,347630,7704730,22832,6743502848,8,27622:12;27898:12;27899:12;27900:12;27901:12;27902:12;27903:12;27904:12,99.31512866610107,926980,355990240,2574796
79765047,27622,3445354496,7811227648,4857,2142,1319832,35677,4600528896,17,2035901,347654,7704800,22832,6998953984,8,27622:12;27898:12;27899:12;27900:12;27901:12;27902:12;27903:13;27904:12,107.57610601952943,926980,355990240,2574796
79884606,27622,3167293440,7811227648,4857,2153,1319832,35677,4600528896,17,2035903,347679,7704870,22832,7306555392,8,27622:12;27898:12;27899:12;27900:12;27901:12;27902:12;27903:12;27904:12,92.00501203157906,926980,355990240,2574796
80006589,27622,2865823744,7811227648,4857,2166,1319832,35677,4600528896,17,2035905,347704,7704941,22832,7601205248,8,27622:12;27898:12;27899:12;27900:12;27901:12;27902:13;27903:12;27904:12,106.57241773679173,926980,355990240,2574796
80128233,27622,2678243328,5094985728,4858,2176,1319880,35677,4600528896,17,2035912,347724,7705013,22832,7774134272,8,27622:12;27898:12;27899:12;27900:12;27901:12;27902:12;27903:12;27904:12,90.42725042619391,926980,355990240,2574796
80252839,27622,2668212224,5084835840,4870,2177,1319966,35678,4600659968,17,2035925,347738,7705084,22832,7782055936,8,27622:12;27898:12;27899:12;27900:12;27901:12;27902:11;27903:12;27904:12,104.32952438545335,926981,355990496,2574796
80374673,27622,2668212224,5084835840,4882,2177,1319966,35678,4600659968,17,2035938,347747,7705155,22832,7784534016,8,27622:12;27898:12;27899:12;27900:12;27901:12;27902:12;27903:11;27904:12,98.49450977649117,926981,355990496,2574796
80490182,27622,2427207680,5084569600,4888,2183,1319970,35678,4600659968,17,2035944,347753,7705233,22832,7784534016,8,27622:12;27898:12;27899:12;27900:12;27901:12;27902:12;27903:12;27904:11,103.88786662266207,926981,355990496,2574796
80603951,27622,1902534656,5084569600,4888,2194,1319970,35678,4600659968,17,2035946,347764,7705311,22832,7784534016,8,27622:11;27898:11;27899:11;27900:11;27901:12;27902:12;27903:12;27904:12,96.68737282424186,926981,355990496,2574796
80717648,27622,1357152256,5084569600,4888,2205,1319970,35678,4600659968,17,2035946,347776,7705389,22832,7784820736,8,27622:11;27898:11;27899:12;27900:12;27901:11;27902:11;27903:11;27904:11,96.74803299375301,926981,355990496,2574796
80831447,27622,836300800,5084569600,4888,2217,1319970,35678,4600659968,17,2035948,347788,7705467,22832,7784820736,8,27622:12;27898:12;27899:11;27900:11;27901:11;27902:11;27903:11;27904:11,105.44882645341984,926981,355990496,2574796
80944781,27622,312238080,5084569600,4888,2228,1319970,35678,4600659968,17,2035948,347800,7705545,22832,7784820736,8,27622:11;27898:11;27899:11;27900:12;27901:12;27902:12;27903:12;27904:12,97.05886492216298,926981,355990496,2574796
