elapsed_us,pid,rss_bytes,vsize_bytes,process_utime_ticks,process_stime_ticks,minor_faults,major_faults,read_bytes,syscr,system_user_ticks,system_ticks,system_idle_ticks,system_iowait_ticks,available_bytes,thread_count,thread_delta_ticks,process_cpu_pct,disk_reads_completed,disk_sectors_read,disk_io_ticks
5353,27924,131072,417792,0,0,16,0,139264,5,2035992,347821,7706167,22847,7815835648,1,27924:0,0.0,927292,356013312,2575132
110575,27924,9437184,14802944,5,1,1169,23,2846720,268,2035998,347823,7706241,22849,7814070272,1,27924:6,57.02264255090411,927334,356018672,2575188
216275,27924,14102528,19517440,14,3,3108,23,5206016,838,2036008,347824,7706313,22849,7809204224,1,27924:11,104.06801885712503,927352,356023280,2575232
322011,27924,17510400,22708224,24,3,3890,24,5885952,995,2036018,347826,7706386,22849,7806033920,1,27924:11,94.57485618308989,927358,356024608,2575252
427482,27924,18821120,24805376,35,4,4220,24,5885952,995,2036029,347833,7706451,22849,7804010496,1,27924:11,113.77555229426363,927358,356024608,2575252
532748,27924,19083264,24805376,45,4,4239,24,5885952,995,2036040,347833,7706524,22849,7804035072,1,27924:10,94.99733670216689,927358,356024608,2575252
637985,27924,19476480,24805376,55,4,4337,24,5885952,995,2036051,347833,7706597,22849,7803518976,1,27924:11,95.0237027599283,927358,356024608,2575252
743111,27924,22753280,27643904,66,4,5114,24,5885952,995,2036062,347833,7706669,22849,7800164352,1,27924:10,104.63594003116421,927359,356024616,2575252
848247,27924,25505792,30453760,76,4,5797,24,5885952,995,2036072,347834,7706743,22849,7795261440,1,27924:10,95.11483637456524,927359,356024616,2575252
953808,27924,33501184,38498304,86,5,7749,24,5885952,995,2036083,347834,7706816,22849,7789584384,1,27924:11,104.20504984681716,927359,356024616,2575252
1059038,27924,37826560,42762240,96,6,8790,24,5885952,995,2036093,347835,7706889,22849,7785750528,1,27924:11,104.53323283951804,927359,356024616,2575252
1164365,27924,38612992,43302912,106,6,8951,24,5885952,995,2036104,347835,7706962,22849,7784976384,1,27924:10,94.94292131260752,927359,356024616,2575252
1269714,27924,38612992,43302912,117,6,8951,24,5885952,995,2036115,347835,7707035,22849,7784976384,1,27924:11,104.41486753047124,927359,356024616,2575252
1374964,27924,38612992,43302912,127,6,8951,24,5885952,995,2036126,347835,7707108,22849,7784976384,1,27924:10,95.01159032138592,927359,356024616,2575252
1480299,27924,38612992,43302912,138,6,8951,24,5885952,995,2036137,347835,7707181,22849,7784976384,1,27924:11,104.42849739012298,927359,356024616,2575252
1585470,27924,38612992,43302912,148,6,8951,24,5885952,995,2036148,347836,7707254,22849,7784976384,1,27924:11,95.0829569799348,927359,356024616,2575252
1690925,27924,42020864,46706688,159,6,9763,24,5885952,995,2036159,347836,7707327,22849,7781621760,1,27924:10,104.31028592824372,927359,356024616,2575252
1796206,27924,42020864,46706688,169,6,9773,24,5885952,995,2036170,347836,7707400,22849,7781621760,1,27924:10,94.98376489998446,927359,356024616,2575252
1901511,27924,46739456,5037297664,173,9,10859,24,11132928,996,2036174,347839,7707477,22850,7776567296,1,27924:7,66.47382420340048,927369,356033840,2575300
2007636,27924,54603776,5037297664,173,13,12779,24,19521536,996,2036174,347844,7707556,22850,7768719360,1,27924:4,37.691428286050616,927384,356049200,2575376
2113722,27924,62861312,5037297664,173,17,14720,24,27385856,996,2036175,347848,7707635,22850,7760842752,1,27924:5,37.705032662267335,927399,356064560,2575460
2219665,27924,70856704,5037297664,173,22,16747,24,35250176,996,2036175,347853,7707714,22850,7752966144,1,27924:4,47.19522149515047,927415,356080944,2575552
2325376,27924,78721024,5037297664,173,27,18667,24,43114496,996,2036176,347857,7707794,22850,7744548864,1,27924:5,47.29883450941886,927430,356096304,2575632
2431346,27924,86585344,5037297664,174,30,20587,24,51503104,996,2036176,347861,7707874,22850,7736700928,1,27924:4,37.74648359420809,927445,356111664,2575716
2537436,27924,94973952,5037297664,174,34,22635,24,59367424,996,2036177,347865,7707954,22850,7728824320,1,27924:4,37.703936586955585,927460,356127024,2575800
2643081,27924,102838272,5037297664,174,38,24555,24,67231744,996,2036178,347869,7708033,22850,7721205760,1,27924:4,37.862542481654344,927476,356143408,2575876
2748653,27924,110702592,5037297664,174,42,26475,24,75096064,996,2036178,347873,7708113,22850,7713071104,1,27924:4,37.8890965116655,927491,356158768,2575952
2854425,27924,118173696,5037297664,174,46,28230,24,83111936,1000,2036179,347877,7708193,22850,7705337856,1,27924:4,37.81720099125691,927509,356173400,2576028
2960502,27924,126169088,5037297664,174,50,30265,24,90976256,1000,2036180,347880,7708273,22850,7697461248,1,27924:5,37.70832020416039,927524,356188760,2576108
3066205,27924,134033408,5037297664,175,53,32091,24,98840576,1000,2036180,347884,7708352,22850,7689584640,1,27924:4,37.84196148660859,927540,356204120,2576184
3172783,27924,141897728,5037297664,175,58,34105,24,106704896,1000,2036180,347889,7708432,22850,7681449984,1,27924:4,46.9138506791995,927556,356220504,2576260
3278552,27924,149762048,5037297664,175,62,36025,24,114569216,1000,2036181,347893,7708512,22850,7673266176,1,27924:4,37.81828864453316,927571,356235864,2576344
3384708,27924,157888512,5037297664,175,65,37945,24,122957824,1000,2036181,347897,7708592,22850,7665442816,1,27924:3,28.260327315067407,927586,356251224,2576416
3490662,27924,166014976,5037297664,175,70,39989,24,130822144,1000,2036181,347902,7708672,22850,7657566208,1,27924:5,47.19024781439548,927601,356266584,2576500
3596275,27924,173879296,5037297664,175,74,41913,24,138686464,1000,2036182,347906,7708751,22850,7649689600,1,27924:4,37.87392416396224,927617,356282968,2576584
3701976,27924,181743616,5037297664,175,78,43833,24,146550784,1000,2036182,347910,7708831,22850,7641247744,1,27924:4,37.84258800312762,927632,356298328,2576668
3808213,27924,189607936,5037297664,175,82,45753,24,154939392,1000,2036183,347914,7708911,22850,7633424384,1,27924:4,37.65201754994425,927647,356313688,2576740
3914267,27924,197996544,5037297664,175,86,47801,24,162803712,1000,2036183,347918,7708990,22850,7625547776,1,27924:4,37.71652787565872,927662,356329048,2576828
4019773,27924,205860864,5037297664,175,90,49721,24,170668032,1000,2036183,347923,7709070,22850,7617671168,1,27924:4,37.91242366617838,927678,356345432,2576916
4125316,27924,213725184,5037297664,175,94,51641,24,178532352,1000,2036184,347927,7709149,22850,7609229312,1,27924:4,37.8994172206614,927693,356360792,2577000
4231345,27924,221851648,5037297664,175,98,53561,24,186920960,1000,2036184,347931,7709229,22850,7601405952,1,27924:4,37.72547953234289,927708,356376152,2577084
4337375,27924,229978112,5037297664,175,102,55609,24,194785280,1000,2036185,347935,7709309,22850,7593529344,1,27924:4,37.72510914510686,927724,356392536,2577168
4442987,27924,237842432,5037297664,175,106,57529,24,202649600,1000,2036186,347940,7709388,22850,7585652736,1,27924:4,37.874327961475366,927739,356406872,2577252
4548560,27924,245706752,5037297664,175,110,59449,24,210513920,1000,2036186,347944,7709468,22850,7577518080,1,27924:4,37.888647897091474,927755,356423256,2577332
4654110,27924,253571072,5037297664,175,114,61369,24,218902528,1000,2036187,347948,7709548,22850,7569129472,1,27924:4,37.896813986425556,927770,356438616,2577412
4760398,27924,260648960,5037297664,175,117,63074,24,225873920,1019,2036187,347953,7709626,22852,7562706944,1,27924:3,28.225120588769993,927794,356453256,2577488
4866215,27924,268251136,5037297664,175,121,64943,24,233254912,1029,2036188,347957,7709705,22853,7555137536,1,27924:4,37.80105980752324,927812,356467328,2577568
4971815,27924,274411520,5037297664,175,124,66448,24,240603136,1045,2036188,347960,7709784,22855,7548211200,1,27924:3,28.409197981636332,927835,356482024,2577648
5077837,27924,282275840,5037297664,175,128,68368,24,248991744,1045,2036189,347964,7709864,22855,7540682752,1,27924:4,37.728029744476835,927850,356497384,2577736
5184069,27924,290140160,5037297664,175,132,70288,24,256856064,1045,2036190,347969,7709944,22855,7532806144,1,27924:4,37.65318433215229,927865,356512744,2577820
5290217,27924,298528768,5037297664,175,135,72336,24,264720384,1045,2036190,347972,7710024,22855,7524929536,1,27924:4,28.262545861868695,927880,356528104,2577900
5395858,27924,306393088,5037297664,175,139,74251,24,272449536,1045,2036190,347976,7710104,22855,7516868608,1,27924:3,37.86394600078778,927895,356543464,2577984
5501415,27924,314126336,5037297664,175,143,76143,24,280313856,1047,2036191,347987,7710174,22855,7508746240,1,27924:4,37.894360810379624,927911,356559584,2578056
5607304,27924,321990656,5037297664,175,147,78063,24,288178176,1047,2036191,347990,7710254,22855,7500869632,1,27924:4,37.775208685835054,927926,356573920,2578136
5712777,27924,329854976,5037297664,175,151,79983,24,296042496,1047,2036192,347994,7710334,22855,7492734976,1,27924:4,37.92453974185999,927942,356590304,2578212
5818670,27924,337719296,5037297664,175,154,81903,24,303906816,1047,2036192,347998,7710414,22855,7484551168,1,27924:3,28.330447625416483,927957,356605664,2578300
5924827,27924,345190400,5037297664,175,158,83712,24,311296000,1060,2036192,348000,7710492,22857,7477317632,1,27924:4,37.6799632725862,927977,356620096,2578392
6031770,27924,351744000,5037297664,175,161,85257,24,318820352,1076,2036192,348004,7710571,22859,7471149056,1,27924:3,28.052569317992294,927999,356633768,2578480
6137544,27924,359608320,5037297664,175,164,87243,24,326684672,1076,2036192,348008,7710651,22859,7463272448,1,27924:4,28.362275160072663,928014,356649128,2578556
6243221,27924,367472640,5037297664,175,168,89163,24,334548992,1076,2036193,348012,7710731,22859,7455395840,1,27924:3,37.85119665044163,928029,356664488,2578640
6348598,27924,375336960,5037297664,175,172,91083,24,342413312,1076,2036194,348015,7710811,22859,7447261184,1,27924:4,37.95886418765359,928044,356679848,2578724
6454154,27924,383201280,5037297664,175,176,93003,24,350277632,1076,2036194,348019,7710891,22859,7439384576,1,27924:4,37.894465637398035,928059,356695208,2578804
6559582,27924,390934528,5037297664,175,179,94890,24,358006784,1078,2036194,348023,7710971,22859,7431028736,1,27924:3,28.45551138722695,928075,356711328,2578884
6665639,27924,398798848,5037297664,175,183,96810,24,366395392,1078,2036195,348026,7711051,22859,7423266816,1,27924:4,37.71544606769943,928090,356726688,2578968
6771647,27924,407187456,5037297664,175,187,98829,24,374259712,1078,2036196,348030,7711131,22859,7415390208,1,27924:4,37.73323478418627,928105,356742048,2579052
6877402,27924,415051776,5037297664,175,191,100778,24,382124032,1078,2036196,348034,7711211,22859,7407513600,1,27924:4,37.8231609691228,928120,356757408,2579140
6982940,27924,422260736,5037297664,175,194,102530,24,389156864,1084,2036197,348037,7711290,22860,7399837696,1,27924:3,28.42574123318161,928137,356772776,2579228
7089113,27924,428552192,5037297664,175,198,104089,24,396201984,1110,2036198,348042,7711367,22864,7393361920,1,27924:4,37.67427010669673,928163,356785928,2579304
7195114,27924,436416512,5037297664,175,201,106009,24,404590592,1110,2036198,348046,7711447,22864,7385538560,1,27924:3,28.301828319807527,928178,356801288,2579396
7301295,27924,444805120,5037297664,175,205,107955,24,412454912,1110,2036199,348050,7711527,22864,7377661952,1,27924:4,37.67137272523299,928193,356816648,2579476
7407292,27924,452669440,5037297664,175,209,109977,24,420319232,1110,2036199,348054,7711607,22864,7369785344,1,27924:4,37.737061270694596,928208,356832008,2579556
7512864,27924,460533760,5037297664,175,213,111897,24,428183552,1110,2036199,348057,7711687,22864,7361908736,1,27924:4,37.88881262712881,928224,356848392,2579628
7618787,27924,468791296,5037297664,175,216,113856,24,436436992,1112,2036200,348060,7711767,22864,7353667584,1,27924:3,28.322434986228124,928239,356863488,2579716
7724585,27924,476655616,5037297664,175,220,115832,24,444301312,1112,2036200,348064,7711847,22864,7345790976,1,27924:4,37.80802671968864,928255,356879872,2579796
7830125,27924,484519936,5037297664,175,224,117752,24,452689920,1112,2036201,348067,7711927,22864,7337402368,1,27924:4,37.89997094777727,928270,356895232,2579888
7936248,27924,492908544,5037297664,175,228,119800,24,460554240,1112,2036202,348071,7712007,22864,7329525760,1,27924:4,37.69230129186499,928285,356910592,2579964
8042037,27924,500641792,5037297664,175,231,121618,24,467898368,1115,2036202,348075,7712086,22865,7321935872,1,27924:3,28.358409919000437,928301,356925704,2580044
8147640,27924,506015744,5037297664,175,234,122990,24,473444352,1141,2036202,348080,7712154,22876,7316381696,1,27924:3,28.40826771496962,928351,356939824,2580124
8254007,27924,512831488,5037297664,175,237,124647,24,480919552,1144,2036203,348085,7712223,22887,7310061568,1,27924:3,28.204268360642605,928373,356954888,2580212
8360718,27924,520040448,5037297664,175,240,126439,24,488783872,1144,2036204,348090,7712291,22900,7302332416,1,27924:3,28.113085674291234,928395,356969864,2580300
8466753,27924,527904768,5037297664,175,244,128358,24,496123904,1144,2036204,348095,7712359,22911,7294578688,1,27924:4,37.7234935448218,928420,356985008,2580376
8572951,27924,534458368,5037297664,175,246,129907,24,502939648,1144,2036205,348100,7712420,22929,7287693312,1,27924:3,18.832774575897453,928454,356999736,2580456
8678892,27924,541929472,5037297664,175,250,131815,24,510144512,1144,2036206,348104,7712487,22940,7280898048,1,27924:3,37.7568603932158,928474,357015656,2580544
8784574,27924,548614144,5037297664,175,252,133445,24,517484544,1146,2036206,348111,7712543,22965,7273390080,1,27924:3,18.924717963981948,928507,357030384,2580612
8891508,27924,555954176,5037297664,175,255,135238,24,524300288,1146,2036207,348113,7712608,22979,7266299904,1,27924:2,28.054646223944214,928536,357045160,2580712
8998190,27924,563687424,5037297664,175,258,137157,24,532164608,1146,2036207,348117,7712678,22990,7258984448,1,27924:3,28.120914119056355,928553,357060632,2580788
9105235,27924,571027456,5037297664,175,261,138949,24,539504640,1146,2036208,348119,7712746,23002,7251304448,1,27924:3,28.025708505558704,928574,357075432,2580880
9211828,27924,577974272,5037297664,175,264,140613,24,546193408,1149,2036209,348123,7712816,23013,7244705792,1,27924:3,28.14441533696891,928602,357089720,2580972
9318553,27924,584396800,5037297664,175,266,142173,24,552132608,1170,2036209,348128,7712884,23024,7238500352,1,27924:2,18.73978154849251,928637,357103888,2581056
9424333,27924,589901824,5037297664,175,269,143540,24,558825472,1179,2036210,348132,7712950,23038,7232499712,1,27924:3,28.36069992770479,928668,357118608,2581140
9530123,27924,596717568,5037297664,175,272,145204,24,566165504,1179,2036210,348135,7713016,23052,7225384960,1,27924:3,28.357974585734414,928690,357133728,2581228
9636720,27924,604581888,5037297664,175,274,147019,24,573505536,1179,2036212,348139,7713083,23065,7217610752,1,27924:3,18.762371497338467,928711,357149032,2581296
9743595,27924,611921920,5037297664,175,278,148916,24,580845568,1179,2036212,348145,7713151,23075,7210741760,1,27924:3,37.426757006125165,928731,357163640,2581376
9849061,27924,619524096,5037297664,175,281,150708,24,588709888,1179,2036213,348148,7713220,23086,7202885632,1,27924:3,28.445236292397073,928750,357179184,2581464
9955083,27924,627519488,5037297664,175,284,152632,24,596439040,1181,2036214,348150,7713288,23097,7196352512,1,27924:3,28.296055936322478,928768,357194424,2581548
10061062,27924,634990592,5037297664,175,287,154514,24,604303360,1181,2036216,348156,7713362,23099,7188738048,1,27924:3,28.3075141126168,928785,357209816,2581628
10167270,27924,642854912,5037297664,175,291,156435,24,612167680,1181,2036217,348160,7713443,23099,7180865536,1,27924:4,37.66188466812357,928800,357225176,2581720
10273228,27924,651243520,5037297664,175,295,158483,24,620032000,1181,2036218,348163,7713523,23099,7172988928,1,27924:4,37.750891718532145,928815,357240536,2581796
10378654,27924,658845696,5037297664,175,298,160281,24,627589120,1187,2036218,348168,7713602,23100,7165300736,1,27924:3,28.455972662992064,928832,357255904,2581880
10484804,27924,664875008,5037297664,175,301,161798,24,634634240,1214,2036218,348170,7713680,23103,7158951936,1,27924:3,28.26166963670123,928858,357269056,2581968
10590868,27924,672608256,5037297664,175,304,163714,24,641974272,1214,2036219,348180,7713751,23103,7149465600,1,27924:3,28.284906509191394,928873,357284416,2582052
10697470,27924,680472576,5037297664,175,308,165634,24,650362880,1214,2036220,348183,7713832,23103,7141904384,1,27924:4,37.52286573082263,928888,357299776,2582132
10804180,27924,688861184,5037297664,175,311,167682,24,658227200,1214,2036220,348187,7713912,23103,7134101504,1,27924:3,28.113437119021928,928903,357315136,2582216
10910039,27924,696725504,5037297664,175,314,169602,24,666091520,1214,2036221,348190,7713993,23103,7126065152,1,27924:4,28.339747358142773,928918,357330496,2582300
11016156,27924,704327680,5037297664,175,318,171489,24,673820672,1216,2036221,348194,7714073,23103,7117721600,1,27924:3,37.69419554810065,928934,357346616,2582384
11122799,27924,712192000,5037297664,175,322,173409,24,682209280,1216,2036222,348198,7714154,23103,7110176768,1,27924:4,37.50839602002161,928949,357361976,2582468
11229980,27924,720580608,5037297664,175,325,175457,24,690073600,1216,2036222,348201,7714235,23103,7102373888,1,27924:3,27.989832115027685,928964,357377336,2582548
11335693,27924,728444928,5037297664,175,329,177377,24,697937920,1216,2036223,348204,7714315,23103,7094562816,1,27924:4,37.8383366902875,928980,357393720,2582624
11441417,27924,736571392,5037297664,175,332,179333,24,706199552,1219,2036224,348208,7714395,23104,7086358528,1,27924:3,28.37587850182815,928997,357408832,2582712
11548263,27924,743124992,5037297664,175,335,180950,24,712536064,1248,2036224,348211,7714473,23107,7079165952,1,27924:3,28.07770801444856,929028,357422232,2582792
11655227,27924,751251456,5037297664,175,339,182863,24,720924672,1248,2036225,348214,7714554,23107,7071395840,1,27924:4,37.39590755641902,929043,357437592,2582880
11761917,27924,759377920,5037297664,175,343,184911,24,728788992,1248,2036225,348218,7714634,23107,7063519232,1,27924:4,37.49163877874548,929059,357453976,2582964
11867947,27924,767766528,5037297664,175,346,186865,24,737177600,1248,2036226,348222,7714715,23107,7055130624,1,27924:3,28.29383185883015,929074,357469336,2583044
11974382,27924,775630848,5037297664,175,350,188879,24,745041920,1248,2036226,348225,7714795,23107,7047512064,1,27924:4,37.58160705039968,929090,357485720,2583132
12080286,27924,783757312,5037297664,175,353,190766,24,753295360,1250,2036227,348228,7714876,23107,7039270912,1,27924:3,28.327660955290877,929105,357500816,2583216
12186840,27924,791752704,5037297664,175,356,192814,24,761159680,1250,2036227,348231,7714956,23107,7031394304,1,27924:3,28.154749540134393,929120,357516176,2583292
12292611,27924,799617024,5037297664,175,360,194734,24,769024000,1250,2036228,348235,7715037,23107,7023517696,1,27924:4,37.81763289867826,929136,357532560,2583372
12398804,27924,807481344,5037297664,176,363,196654,24,777412608,1250,2036228,348238,7715118,23107,7015129088,1,27924:4,37.667322956990326,929151,357547920,2583456
12505461,27924,815214592,5037297664,176,366,198551,24,784572416,1253,2036229,348241,7715198,23107,7007809536,1,27924:3,28.127351798202227,929168,357562928,2583544
12610945,27924,821637120,5037297664,176,369,200100,24,791515136,1281,2036230,348244,7715276,23109,7000834048,1,27924:3,28.440461330448002,929194,357577256,2583636
12717985,27924,829370368,5037297664,176,373,201949,24,799907840,1283,2036230,348248,7715357,23110,6993444864,1,27924:4,37.3689780569174,929210,357591856,2583720
12824379,27924,837234688,5037297664,176,376,203933,24,807772160,1283,2036231,348252,7715437,23110,6985568256,1,27924:3,28.197309886405442,929226,357608240,2583800
12930261,27924,845623296,5037297664,176,380,205853,24,816160768,1283,2036231,348255,7715518,23110,6977241088,1,27924:4,37.77780986792849,929241,357623600,2583884
13037120,27924,853487616,5037297664,176,383,207901,24,824025088,1283,2036231,348259,7715598,23110,6969364480,1,27924:3,28.07435815677128,929257,357639984,2583968
13143895,27924,861745152,5037297664,176,387,209914,24,832278528,1285,2036232,348262,7715679,23110,6961319936,1,27924:4,37.461954107682665,929272,357655080,2584056
13249890,27924,869609472,5037297664,176,390,211836,24,840142848,1285,2036232,348265,7715759,23110,6953443328,1,27924:3,28.30328566899641,929289,357671464,2584132
13355697,27924,877473792,5037297664,176,394,213756,24,848007168,1285,2036232,348269,7715840,23110,6945308672,1,27924:4,37.8044981020488,929304,357686824,2584208
13462023,27924,885338112,5037297664,176,397,215676,24,856395776,1285,2036233,348272,7715921,23110,6937178112,1,27924:3,28.2152433698763,929319,357702184,2584288
13568878,27924,893726720,5037297664,176,401,217646,24,863604736,1285,2036234,348277,7716002,23110,6929207296,1,27924:4,37.43383499476236,929335,357718312,2584376
13675221,27924,900542464,5037297664,176,403,219378,24,870608896,1315,2036234,348279,7716079,23113,6922256384,1,27924:3,18.807140559716302,929361,357730976,2584480
13780832,27924,907620352,5037297664,176,407,221035,24,878866432,1318,2036234,348283,7716159,23114,6914748416,1,27924:3,37.87458186343265,929378,357746072,2584556
13887475,27924,915746816,5037297664,176,410,223083,24,886730752,1318,2036235,348287,7716239,23114,6907129856,1,27924:3,28.13138512113787,929393,357761432,2584644
13993114,27924,923611136,5037297664,176,414,225003,24,894595072,1318,2036236,348290,7716319,23114,6899253248,1,27924:4,37.8646775493284,929409,357777816,2584724
14099053,27924,931475456,5037297664,176,417,226923,24,902459392,1318,2036236,348293,7716399,23114,6890811392,1,27924:3,28.31824672446144,929424,357793176,2584808
14205696,27924,939732992,5037297664,176,421,228938,24,910712832,1320,2036237,348297,7716480,23114,6883135488,1,27924:4,37.50824970509608,929439,357808272,2584892
14311305,27924,947597312,5037297664,176,424,230858,24,918577152,1320,2036237,348300,7716560,23114,6875258880,1,27924:3,28.406799265881194,929455,357824656,2584972
14417354,27924,955461632,5037297664,176,428,232778,24,926965760,1320,2036237,348304,7716642,23114,6866870272,1,27924:4,37.7183946915433,929470,357840016,2585064
14524112,27924,963850240,5037297664,176,431,234826,24,934830080,1320,2036238,348307,7716722,23114,6858993664,1,27924:3,28.100928832177757,929485,357855376,2585140
14629736,27924,971714560,5037297664,177,434,236746,24,942694400,1320,2036238,348310,7716802,23114,6851117056,1,27924:4,37.87005481463214,929501,357871760,2585216
14735643,27924,978661376,5037297664,177,437,238447,24,949551104,1343,2036239,348312,7716880,23117,6843781120,1,27924:3,28.326814121645782,929524,357885152,2585308
14841636,27924,985739264,5037297664,177,440,240082,24,957292544,1352,2036240,348316,7716960,23119,6837080064,1,27924:3,28.303686212654593,929543,357899248,2585396
14948087,27924,993603584,5037297664,177,444,242105,24,965156864,1352,2036240,348319,7717039,23119,6829203456,1,27924:4,37.57581119530149,929559,357915632,2585476
15053943,27924,1001467904,5037297664,177,447,244025,24,973545472,1352,2036240,348323,7717121,23119,6820814848,1,27924:3,28.34042790286303,929575,357930992,2585564
15160787,27924,1009856512,5037297664,177,451,246073,24,981409792,1352,2036241,348327,7717201,23119,6812938240,1,27924:4,37.43796610911271,929591,357947376,2585648
15266812,27924,1018114048,5037297664,177,454,247982,24,989663232,1354,2036241,348331,7717282,23119,6804697088,1,27924:3,28.295110647322808,929606,357962472,2585732
15373270,27924,1025978368,5037297664,177,458,250008,24,997527552,1354,2036242,348334,7717362,23119,6796574720,1,27924:4,37.573649637083165,929621,357977832,2585812
15478839,27924,1033842688,5037297664,177,461,251928,24,1005391872,1354,2036242,348337,7717443,23119,6787899392,1,27924:3,28.417461412284368,929637,357994216,2585888
15585407,27924,1041707008,5037297664,177,464,253848,24,1013780480,1354,2036243,348341,7717524,23119,6780051456,1,27924:3,28.150830762450894,929652,358009576,2585984
15692010,27924,1050095616,5037297664,177,467,255878,24,1021644800,1354,2036244,348350,7717595,23119,6771400704,1,27924:4,28.14194021680063,929667,358024936,2586064
15798024,27924,1056911360,5037297664,177,470,257567,24,1028345856,1376,2036244,348353,7717674,23121,6764384256,1,27924:2,28.298179997837074,929689,358038936,2586152
15904104,27924,1063989248,5037297664,177,473,259206,24,1036247040,1387,2036245,348356,7717753,23123,6757367808,1,27924:3,28.28040702293004,929710,358053456,2586240
16010731,27924,1072115712,5037297664,177,477,261254,24,1044111360,1387,2036245,348360,7717833,23123,6749491200,1,27924:4,37.51415631858203,929726,358069840,2586328
16116633,27924,1079980032,5037297664,177,480,263174,24,1052499968,1387,2036246,348364,7717914,23123,6741102592,1,27924:3,28.328051221951263,929741,358085200,2586408
16223212,27924,1088368640,5037297664,177,483,265139,24,1060364288,1387,2036246,348367,7717995,23123,6733225984,1,27924:4,28.14806822153468,929756,358100560,2586492
16329469,27924,1096101888,5037297664,177,487,267109,24,1068093440,1389,2036246,348372,7718075,23123,6724636672,1,27924:3,37.644576584437175,929772,358116680,2586572
16436200,27924,1104490496,5037297664,177,490,269157,24,1076482048,1389,2036247,348375,7718156,23123,6717046784,1,27924:4,28.10800440729761,929787,358132040,2586656
16541945,27924,1112354816,5037297664,178,494,271077,24,1084346368,1389,2036247,348379,7718237,23123,6709170176,1,27924:4,47.28366413898916,929803,358148424,2586740
16648297,27924,1120219136,5037297664,178,497,272997,24,1092734976,1389,2036248,348382,7718318,23123,6700781568,1,27924:3,28.208235185521467,929818,358163784,2586820
16754891,27924,1128607744,5037297664,178,500,275045,24,1100599296,1389,2036248,348385,7718398,23123,6692646912,1,27924:3,28.144052556128692,929834,358180168,2586904
16861317,27924,1135685632,5037297664,178,503,276790,24,1107640320,1411,2036248,348390,7718478,23125,6685433856,1,27924:3,28.188577751511033,929856,358194168,2586980
16968237,27924,1142632448,5037297664,178,506,278484,24,1115201536,1422,2036249,348393,7718557,23127,6678093824,1,27924:3,28.058330425710903,929877,358208688,2587064
17074707,27924,1150496768,5037297664,178,510,280404,24,1123590144,1422,2036249,348397,7718638,23127,6670479360,1,27924:4,37.56948817311103,929892,358224048,2587148
17181495,27924,1158885376,5037297664,178,513,282452,24,1131454464,1422,2036250,348401,7718718,23127,6662344704,1,27924:3,28.09289184379914,929907,358239408,2587224
17287220,27924,1166749696,5037297664,178,517,284372,24,1139318784,1422,2036250,348404,7718798,23127,6654468096,1,27924:4,37.834191184207825,929923,358255792,2587308
17393317,27924,1174482944,5037297664,178,520,286262,24,1147572224,1424,2036250,348408,7718880,23127,6646226944,1,27924:3,28.275887114251276,929938,358270888,2587396
17499943,27924,1182871552,5037297664,178,523,288307,24,1155436544,1424,2036250,348412,7718960,23127,6638350336,1,27924:3,28.135749175048108,929953,358286248,2587488
17605751,27924,1190735872,5037297664,178,527,290227,24,1163300864,1424,2036251,348416,7719040,23127,6630215680,1,27924:4,37.80457241955889,929969,358302632,2587564
17711635,27924,1198600192,5037297664,178,530,292147,24,1171689472,1424,2036252,348420,7719121,23127,6621827072,1,27924:3,28.332889120853398,929985,358317992,2587640
17818315,27924,1206988800,5037297664,178,533,294168,24,1179553792,1424,2036252,348423,7719202,23127,6613950464,1,27924:4,28.12148560521613,930000,358333352,2587728
17924395,27924,1214459904,5037297664,178,537,296016,24,1186267136,1440,2036253,348426,7719280,23129,6606491648,1,27924:3,37.70720936390671,930019,358347144,2587808
18029788,27924,1220620288,5037297664,178,539,297506,24,1194156032,1456,2036253,348428,7719359,23131,6599913472,1,27924:2,18.97666331545118,930043,358361872,2587900
18136636,27924,1229008896,5037297664,178,542,299541,24,1202020352,1456,2036254,348431,7719440,23131,6592036864,1,27924:4,28.077204525700957,930059,358377232,2587980
18242564,27924,1236873216,5037297664,178,546,301474,24,1209884672,1456,2036254,348434,7719520,23131,6584160256,1,27924:3,37.761315501521295,930075,358393616,2588064
18348569,27924,1244737536,5037297664,178,549,303394,24,1218273280,1456,2036255,348437,7719601,23131,6575771648,1,27924:3,28.30066025251698,930090,358408976,2588148
18455007,27924,1253126144,5037297664,178,552,305360,24,1226002432,1458,2036256,348440,7719682,23131,6567751680,1,27924:4,28.18553239440748,930106,358425096,2588236
18562245,27924,1261252608,5037297664,178,556,307332,24,1234391040,1458,2036256,348444,7719763,23131,6559653888,1,27924:3,37.300113702869105,930121,358440456,2588324
18668841,27924,1269116928,5037297664,178,559,309377,24,1242255360,1458,2036256,348448,7719843,23131,6551777280,1,27924:3,28.14371143449632,930137,358456840,2588404
18774764,27924,1276981248,5037297664,178,563,311297,24,1250643968,1458,2036257,348451,7719925,23131,6543388672,1,27924:4,37.763231674650726,930152,358472200,2588488
18881538,27924,1285369856,5037297664,178,566,313345,24,1258508288,1458,2036257,348454,7720005,23131,6535512064,1,27924:3,28.096597413080715,930167,358487560,2588568
18987074,27924,1292840960,5037297664,178,569,315169,24,1265221632,1474,2036258,348457,7720083,23133,6527758336,1,27924:3,28.42647062711267,930187,358502376,2588648
19092983,27924,1300049920,5037297664,178,572,316912,24,1273016320,1490,2036258,348461,7720162,23135,6520090624,1,27924:3,28.32613423058189,930212,358516920,2588728
19199624,27924,1308438528,5037297664,178,576,318883,24,1281404928,1490,2036259,348464,7720243,23135,6512218112,1,27924:4,37.50887964117881,930227,358532280,2588816
19305901,27924,1316302848,5037297664,178,579,320880,24,1289269248,1490,2036259,348468,7720324,23135,6503825408,1,27924:3,28.228185928334,930243,358548664,2588896
19412532,27924,1324691456,5037297664,178,583,322817,24,1297657856,1490,2036260,348472,7720405,23135,6495952896,1,27924:4,37.51273428378911,930258,358564024,2588980
19518918,27924,1332424704,5037297664,178,586,324818,24,1305387008,1492,2036260,348475,7720485,23135,6487711744,1,27924:3,28.199154081775852,930274,358580144,2589056
19625462,27924,1340420096,5037297664,178,589,326735,24,1313775616,1492,2036261,348479,7720567,23135,6479835136,1,27924:3,28.157259684429015,930289,358595504,2589136
19732137,27924,1348677632,5037297664,178,593,328783,24,1321639936,1492,2036261,348482,7720647,23135,6471958528,1,27924:4,37.49704206927202,930305,358611888,2589212
19837952,27924,1356541952,5037297664,178,596,330703,24,1329504256,1492,2036262,348486,7720728,23135,6463516672,1,27924:3,28.351442171237363,930320,358627248,2589304
19944474,27924,1364406272,5037297664,178,599,332623,24,1337892864,1492,2036262,348490,7720809,23135,6455693312,1,27924:3,28.16324022359585,930335,358642608,2589376
20051026,27924,1371877376,5037297664,178,602,334448,24,1344983040,1508,2036263,348492,7720888,23137,6448816128,1,27924:3,28.15525581386793,930355,358656456,2589460
20156565,27924,1377906688,5037297664,178,605,335934,24,1352523776,1524,2036264,348495,7720966,23139,6442143744,1,27924:3,28.42541587307248,930379,358671184,2589552
20262955,27924,1386295296,5037297664,178,609,337982,24,1360388096,1524,2036264,348498,7721047,23139,6434267136,1,27924:4,37.59770869035882,930394,358686544,2589640
20368949,27924,1394159616,5037297664,178,612,339902,24,1368252416,1524,2036264,348502,7721127,23139,6425874432,1,27924:3,28.303419182289495,930410,358702928,2589720
20475465,27924,1402548224,5037297664,178,615,341839,24,1376641024,1524,2036265,348505,7721209,23139,6418063360,1,27924:3,28.164738597850597,930425,358718288,2589808
20581829,27924,1410412544,5037297664,178,619,343870,24,1384370176,1524,2036266,348508,7721289,23139,6410260480,1,27924:4,37.60685506027547,930441,358734672,2589888
20687515,27924,1418145792,5037297664,178,622,345757,24,1392758784,1526,2036266,348514,7721367,23139,6401859584,1,27924:3,28.38603612537533,930457,358749768,2589964
20794250,27924,1426534400,5037297664,179,625,347695,24,1400623104,1526,2036267,348522,7721442,23139,6393442304,1,27924:4,37.47570052155869,930472,358765128,2590048
20900748,27924,1434398720,5037297664,179,629,349725,24,1408487424,1526,2036268,348526,7721522,23139,6385565696,1,27924:4,37.559404893765105,930487,358780488,2590132
21006442,27924,1442263040,5037297664,179,632,351645,24,1416351744,1526,2036268,348529,7721602,23139,6377689088,1,27924:3,28.383786870610102,930503,358796872,2590216
21112531,27924,1450258432,5037297664,179,635,353600,24,1423413248,1542,2036268,348533,7721681,23141,6369767424,1,27924:3,28.278330143113518,930522,358810664,2590292
21218357,27924,1456418816,5037297664,179,638,355084,24,1430949888,1558,2036268,348536,7721759,23144,6363652096,1,27924:3,28.348484212218867,930545,358824360,2590388
21324198,27924,1464283136,5037297664,179,641,357004,24,1438814208,1558,2036269,348541,7721839,23144,6355775488,1,27924:3,28.344243520815354,930560,358839720,2590476
21429735,27924,1472147456,5037297664,179,645,358924,24,1446678528,1558,2036269,348544,7721920,23144,6347948032,1,27924:4,37.90133235216891,930576,358856104,2590564
21536026,27924,1480011776,5037297664,179,648,360844,24,1455067136,1558,2036270,348548,7722001,23144,6339559424,1,27924:3,28.224390338350887,930591,358871464,2590640
21642628,27924,1488400384,5037297664,179,652,362892,24,1462931456,1558,2036270,348551,7722081,23144,6331682816,1,27924:4,37.52295372886979,930606,358886824,2590724
21748345,27924,1496133632,5037297664,179,655,364779,24,1470660608,1560,2036271,348554,7722162,23144,6323441664,1,27924:3,28.377656742237058,930622,358902944,2590808
21854790,27924,1504522240,5037297664,179,658,366710,24,1479049216,1560,2036271,348557,7722243,23144,6315565056,1,27924:3,28.183458040594495,930637,358918304,2590892
21961287,27924,1512386560,5037297664,179,661,368747,24,1486913536,1560,2036272,348561,7722324,23144,6307946496,1,27924:3,28.169873199513162,930653,358934688,2590976
22067296,27924,1520250880,5037297664,179,665,370667,24,1494777856,1560,2036272,348564,7722404,23144,6299271168,1,27924:4,37.73250830575048,930668,358950048,2591052
22173752,27924,1527853056,5037297664,179,668,372541,24,1502355456,1569,2036273,348568,7722485,23145,6291386368,1,27924:3,28.18062317822252,930685,358964808,2591144
22280813,27924,1534275584,5037297664,179,671,374105,24,1509380096,1593,2036274,348570,7722563,23148,6285213696,1,27924:3,28.02149813072789,930712,358978568,2591228
22387328,27924,1542139904,5037297664,179,674,376025,24,1517768704,1593,2036274,348574,7722645,23148,6277390336,1,27924:3,28.165190230182734,930727,358993928,2591304
22493996,27924,1550528512,5037297664,179,677,378073,24,1525633024,1593,2036274,348576,7722725,23148,6269255680,1,27924:3,28.1245390212276,930742,359009288,2591388
22599483,27924,1558392832,5037297664,179,681,379993,24,1533497344,1593,2036274,348580,7722805,23148,6261637120,1,27924:4,37.919341824883304,930758,359025672,2591468
22705581,27924,1566257152,5037297664,179,684,381913,24,1541885952,1593,2036275,348583,7722886,23148,6252990464,1,27924:3,28.275798367166892,930773,359041032,2591556
22812318,27924,1574514688,5037297664,179,687,383928,24,1549615104,1595,2036276,348586,7722967,23148,6245457920,1,27924:3,28.106380401308517,930789,359057152,2591640
22918395,27924,1582379008,5037297664,179,691,385848,24,1557479424,1595,2036276,348589,7723048,23148,6237016064,1,27924:4,37.708646181545184,930804,359072512,2591716
23025024,27924,1590243328,5037297664,179,694,387768,24,1565868032,1595,2036276,348594,7723129,23148,6229192704,1,27924:3,28.13491351261938,930819,359087872,2591804
23131631,27924,1598631936,5037297664,179,697,389816,24,1573732352,1595,2036276,348597,7723209,23148,6221316096,1,27924:3,28.140576512614146,930834,359103232,2591884
23237311,27924,1606365184,5037297664,179,700,391668,24,1581289472,1601,2036277,348600,7723289,23149,6213689344,1,27924:3,28.38755830094786,930851,359118600,2591968
23343104,27924,1612787712,5037297664,179,703,393255,24,1588334592,1628,2036278,348601,7723366,23152,6207021056,1,27924:3,28.35741596336494,930878,359132776,2592068
23448966,27924,1620652032,5037297664,179,706,395175,24,1596723200,1628,2036278,348604,7723447,23152,6198632448,1,27924:3,28.338877315133953,930893,359148136,2592152
23555698,27924,1629040640,5037297664,179,709,397170,24,1604587520,1628,2036279,348608,7723528,23152,6191013888,1,27924:3,28.10770813795353,930908,359163496,2592240
23662012,27924,1636904960,5037297664,179,713,399143,24,1612451840,1628,2036279,348611,7723609,23152,6183137280,1,27924:4,37.624202430399315,930923,359178856,2592324
23767531,27924,1644769280,5037297664,179,716,401063,24,1620316160,1628,2036280,348615,7723689,23152,6175260672,1,27924:3,28.431084075719482,930940,359195240,2592408
23873720,27924,1653026816,5037297664,179,719,403026,24,1628569600,1630,2036280,348619,7723770,23152,6167019520,1,27924:3,28.251456343740212,930955,359210336,2592488
23980009,27924,1660891136,5037297664,179,722,404998,24,1636433920,1630,2036280,348622,7723850,23152,6159142912,1,27924:3,28.22484388580119,930971,359226720,2592572
24085974,27924,1669148672,5037297664,179,726,406918,24,1644822528,1630,2036281,348625,7723932,23152,6150754304,1,27924:4,37.74822014546824,930986,359242080,2592656
24192516,27924,1677144064,5037297664,179,729,408966,24,1652686848,1630,2036281,348629,7724012,23152,6142877696,1,27924:3,28.158140547529037,931002,359258464,2592744
24298325,27924,1684877312,5037297664,179,732,410855,24,1660030976,1633,2036282,348632,7724091,23153,6134771712,1,27924:3,28.352793162659662,931018,359273576,2592836
24404252,27924,1691168768,5037297664,179,735,412409,24,1667289088,1662,2036282,348634,7724169,23156,6128308224,1,27924:3,28.321398900380153,931044,359285960,2592924
24509712,27924,1699033088,5037297664,179,738,414325,24,1675153408,1662,2036282,348637,7724249,23156,6120189952,1,27924:3,28.44689996399191,931060,359302344,2593004
24616320,27924,1707421696,5037297664,179,741,416245,24,1683542016,1662,2036283,348640,7724331,23156,6112317440,1,27924:3,28.140378540995286,931075,359317704,2593092
24722863,27924,1715286016,5037297664,179,745,418293,24,1691406336,1662,2036284,348644,7724411,23156,6104440832,1,27924:4,37.54345337955796,931090,359333064,2593184
24828705,27924,1723150336,5037297664,180,748,420213,24,1699270656,1662,2036284,348647,7724492,23156,6096564224,1,27924:4,37.7925032277396,931105,359348424,2593268
24934142,27924,1730883584,5037297664,180,751,422100,24,1706999808,1664,2036284,348650,7724572,23156,6088323072,1,27924:3,28.45289138709069,931121,359364544,2593348
25040736,27924,1739272192,5037297664,180,754,424148,24,1715388416,1664,2036285,348652,7724653,23156,6080446464,1,27924:3,28.144140478137423,931136,359379904,2593432
25146485,27924,1747136512,5037297664,180,757,426068,24,1723252736,1664,2036285,348656,7724734,23156,6072569856,1,27924:3,28.369069566575654,931151,359395264,2593516
25252062,27924,1755000832,5037297664,180,760,427988,24,1731117056,1664,2036285,348659,7724814,23156,6064435200,1,27924:3,28.41520744394326,931167,359411648,2593596
25358415,27924,1762734080,5037297664,180,763,429884,24,1738854400,1667,2036286,348663,7724894,23157,6056427520,1,27924:3,28.208135722805643,931183,359426760,2593684
25465298,27924,1769680896,5037297664,181,766,431561,24,1745715200,1696,2036287,348664,7724973,23160,6050140160,1,27924:4,37.423868157209434,931210,359440160,2593776
25571213,27924,1777152000,5037297664,181,769,433347,24,1754103808,1696,2036288,348668,7725053,23161,6042267648,1,27924:3,28.32457424199474,931225,359455520,2593864
25677673,27924,1785409536,5037297664,181,772,435395,24,1761968128,1696,2036288,348672,7725134,23161,6034391040,1,27924:3,28.17974064324823,931240,359470880,2593944
25783268,27924,1793273856,5037297664,181,775,437315,24,1769832448,1696,2036288,348678,7725209,23161,6025740288,1,27924:3,28.410352694641457,931256,359487264,2594036
25889431,27924,1801138176,5037297664,181,778,439235,24,1778221056,1696,2036289,348684,7725286,23161,6017069056,1,27924:3,28.258364113128483,931271,359502624,2594116
25996113,27924,1809395712,5037297664,181,782,441250,24,1785950208,1698,2036289,348688,7725366,23161,6009278464,1,27924:4,37.494874802129,931287,359518744,2594196
26102117,27924,1817260032,5037297664,181,785,443170,24,1794338816,1698,2036290,348690,7725447,23161,6000693248,1,27924:3,28.300626613607392,931302,359534104,2594284
26208899,27924,1825648640,5037297664,181,788,445218,24,1802203136,1698,2036291,348694,7725528,23161,5992816640,1,27924:3,28.094843170933085,931317,359549464,2594364
26314414,27924,1833512960,5037297664,181,792,447138,24,1810067456,1698,2036291,348697,7725608,23161,5984428032,1,27924:4,37.909219720311654,931333,359565848,2594448
26421047,27924,1841770496,5037297664,181,795,449161,24,1817804800,1701,2036292,348700,7725689,23161,5976625152,1,27924:3,28.133924080718405,931350,359580960,2594532
26527053,27924,1848061952,5037297664,181,798,450711,24,1824665600,1729,2036293,348705,7725767,23164,5969846272,1,27924:3,28.300282219847723,931375,359594624,2594608
26633778,27924,1855401984,5037297664,181,801,452496,24,1833058304,1731,2036293,348708,7725848,23165,5962457088,1,27924:3,28.10946372371575,931392,359609728,2594692
26740482,27924,1863790592,5037297664,181,804,454520,24,1840922624,1731,2036294,348712,7725929,23165,5954580480,1,27924:3,28.11531409857233,931407,359625088,2594776
26846623,27924,1871654912,5037297664,181,807,456464,24,1848786944,1731,2036294,348714,7726009,23165,5946703872,1,27924:3,28.264309925695486,931423,359640448,2594860
26952130,27924,1879519232,5037297664,181,811,458384,24,1856651264,1731,2036294,348718,7726090,23165,5938827264,1,27924:4,37.9120941561265,931439,359656832,2594944
27058078,27924,1887514624,5037297664,181,814,460271,24,1864904704,1733,2036295,348721,7726171,23165,5930586112,1,27924:3,28.31572997885815,931454,359671928,2595032
27164715,27924,1895641088,5037297664,181,817,462319,24,1872769024,1733,2036296,348724,7726251,23165,5922709504,1,27924:3,28.13287984381375,931470,359688312,2595112
27270515,27924,1903505408,5037297664,181,820,464239,24,1880633344,1733,2036296,348727,7726332,23165,5914574848,1,27924:3,28.355327489665804,931485,359703672,2595204
27376953,27924,1911369728,5037297664,181,824,466159,24,1889021952,1733,2036297,348731,7726414,23165,5906444288,1,27924:4,37.58041539493367,931500,359719032,2595284
27483613,27924,1919758336,5037297664,181,827,468207,24,1896755200,1733,2036297,348734,7726494,23165,5898727424,1,27924:3,28.127000269203517,931515,359734392,2595372
27589336,27924,1926705152,5037297664,181,830,469895,24,1903222784,1759,2036298,348738,7726572,23167,5891293184,1,27924:3,28.375800130171147,931546,359748920,2595464
27696036,27924,1934307328,5037297664,181,833,471774,24,1911451648,1766,2036298,348740,7726652,23168,5884006400,1,27924:3,28.11642290946382,931563,359763864,2595552
27801964,27924,1942171648,5037297664,181,836,473694,24,1919840256,1766,2036299,348744,7726733,23168,5875617792,1,27924:3,28.321131535692306,931578,359779224,2595640
27908549,27924,1950560256,5037297664,181,840,475624,24,1927704576,1766,2036299,348748,7726814,23168,5867483136,1,27924:4,37.52876251269927,931593,359794584,2595728
28014892,27924,1958424576,5037297664,181,843,477662,24,1935568896,1766,2036300,348750,7726895,23168,5859426304,1,27924:3,28.210401524851193,931609,359810968,2595812
28120576,27924,1966157824,5037297664,181,846,479549,24,1943822336,1768,2036300,348754,7726976,23168,5851316224,1,27924:3,28.386528457579942,931624,359826064,2595896
28227233,27924,1974546432,5037297664,181,849,481597,24,1951686656,1768,2036301,348757,7727056,23168,5843279872,1,27924:4,28.12752769785627,931639,359841424,2595980
28332963,27924,1982410752,5037297664,181,853,483517,24,1959550976,1768,2036301,348761,7727137,23168,5835218944,1,27924:3,37.832401986295686,931655,359857808,2596056
28439493,27924,1990275072,5037297664,181,856,485437,24,1967939584,1768,2036302,348764,7727218,23168,5827108864,1,27924:3,28.161070282878516,931670,359873168,2596148
28546136,27924,1998663680,5037297664,181,859,487485,24,1975672832,1768,2036302,348767,7727299,23168,5819330560,1,27924:3,28.13125296216233,931685,359888528,2596236
28651909,27924,2005217280,5037297664,181,862,489059,24,1982693376,1791,2036302,348769,7727377,23170,5812658176,1,27924:3,28.36259934449495,931710,359903008,2596320
28757763,27924,2012295168,5037297664,181,865,490688,24,1990434816,1800,2036303,348773,7727457,23172,5805654016,1,27924:3,28.340807008825163,931729,359917104,2596404
28864358,27924,2020159488,5037297664,181,868,492716,24,1998299136,1800,2036304,348776,7727537,23172,5797851136,1,27924:3,28.144008463316123,931744,359932464,2596480
28969863,27924,2028023808,5037297664,181,871,494636,24,2006163456,1800,2036304,348779,7727618,23172,5789483008,1,27924:3,28.43475569952641,931760,359948848,2596568
29076456,27924,2035888128,5037297664,181,874,496556,24,2014552064,1800,2036305,348783,7727700,23172,5781680128,1,27924:3,28.144250315412613,931775,359964208,2596640
29182939,27924,2044145664,5037297664,181,878,498571,24,2022281216,1802,2036305,348786,7727780,23172,5773901824,1,27924:4,37.564725077816966,931791,359980328,2596732
29288938,27924,2052009984,5037297664,181,881,500491,24,2030669824,1802,2036306,348790,7727860,23172,5765533696,1,27924:3,28.302240036448755,931806,359995688,2596808
29395435,27924,2059874304,5037297664,181,884,502411,24,2038009856,1802,2036306,348792,7727941,23172,5758062592,1,27924:3,28.169708143795013,931821,360011048,2596888
29500876,27924,2068262912,5037297664,181,887,504459,24,2046398464,1802,2036306,348796,7728021,23172,5749784576,1,27924:3,28.452126906501153,931837,360026408,2596968
29606591,27924,2076127232,5037297664,181,891,506379,24,2054262784,1802,2036307,348799,7728102,23172,5741907968,1,27924:4,37.83754638646702,931853,360042792,2597052
29712177,27924,2083205120,5037297664,181,893,508122,24,2060808192,1821,2036307,348804,7728180,23174,5734387712,1,27924:2,18.941864453590142,931873,360056344,2597128
29818173,27924,2089627648,5037297664,181,896,509690,24,2068860928,1834,2036308,348806,7728259,23177,5727612928,1,27924:3,28.3029740538712,931895,360070280,2597216
29924665,27924,2098016256,5037297664,181,899,511738,24,2076725248,1834,2036308,348810,7728340,23177,5719736320,1,27924:4,28.17103075998605,931911,360085640,2597296
30030474,27924,2105880576,5037297664,181,903,513658,24,2084589568,1834,2036308,348814,7728420,23177,5711859712,1,27924:3,37.80415581651953,931926,360101000,2597388
30136055,27924,2113744896,5037297664,181,906,515578,24,2092453888,1834,2036309,348817,7728500,23177,5703983104,1,27924:3,28.414097010178736,931941,360116360,2597472
30241305,27924,2121084928,5037297664,181,908,517292,24,2099658752,1834,2036310,348821,7728567,23190,5696708608,1,27924:3,19.002438487918962,931972,360131840,2597568
30347913,27924,2127245312,5037297664,181,911,518873,24,2105950208,1836,2036310,348823,7728631,23206,5691052032,1,27924:2,28.140301464798366,932010,360146624,2597672
30453311,27924,2134061056,5037297664,181,913,520440,24,2112765952,1836,2036310,348826,7728696,23222,5684301824,1,27924:2,18.97583058894593,932047,360160840,2597752
30559475,27924,2140352512,5037297664,181,915,522072,24,2119057408,1836,2036311,348831,7728755,23242,5678014464,1,27924:2,18.838709777082208,932092,360175424,2597836
30665880,27924,2147692544,5037297664,181,918,523865,24,2126397440,1836,2036312,348834,7728834,23244,5670133760,1,27924:3,28.194196134504285,932107,360190784,2597912
30772199,27924,2152935424,5037297664,181,920,525145,24,2132164608,1836,2036312,348836,7728909,23251,5665189888,1,27924:2,18.811209087830548,932118,360201032,2598000
30878220,27924,2160930816,5037297664,181,923,527100,24,2138718208,1853,2036313,348842,7728983,23253,5656526848,1,27924:3,28.296356189551553,932138,360214856,2598096
30983926,27924,2167091200,5037297664,181,925,528583,24,2146766848,1869,2036314,348846,7729058,23255,5650219008,1,27924:2,18.920398826492534,932161,360229552,2598180
31089863,27924,2175479808,5037297664,181,928,530586,24,2154631168,1869,2036314,348849,7729140,23255,5642342400,1,27924:3,28.318836952162897,932176,360244912,2598260
31195878,27924,2183344128,5037297664,181,931,532551,24,2162495488,1869,2036314,348852,7729220,23255,5634465792,1,27924:3,28.297835129775805,932192,360261296,2598340
31301469,27924,2191208448,5037297664,181,934,534471,24,2170359808,1869,2036315,348855,7729301,23255,5626023936,1,27924:3,28.411495931459573,932207,360276656,2598416
31407632,27924,2199597056,5037297664,181,936,536519,24,2178748416,1869,2036315,348857,7729382,23255,5618200576,1,27924:3,18.83900558836494,932222,360292016,2598508
31513245,27924,2207330304,5037297664,181,939,538406,24,2186477568,1871,2036316,348859,7729463,23255,5610471424,1,27924:2,28.405521927415407,932238,360308136,2598592
31619106,27924,2215194624,5037297664,181,942,540326,24,2194341888,1871,2036316,348862,7729544,23255,5602078720,1,27924:3,28.339089332999574,932253,360323496,2598684
31725275,27924,2223058944,5037297664,181,945,542246,24,2202730496,1871,2036317,348864,7729626,23255,5594206208,1,27924:3,28.256656149696223,932268,360338856,2598776
31831546,27924,2231447552,5037297664,181,947,544252,24,2210594816,1871,2036317,348867,7729707,23255,5586329600,1,27924:3,18.819808846260557,932283,360354216,2598864
31937424,27924,2239311872,5037297664,181,950,546205,24,2217648128,1880,2036318,348870,7729787,23256,5578412032,1,27924:2,28.334639497248286,932300,360368976,2598948
32043415,27924,2245996544,5037297664,181,953,547861,24,2225197056,1904,2036318,348872,7729865,23259,5571989504,1,27924:3,28.30434259470607,932327,360383760,2599036
32149415,27924,2254123008,5037297664,181,956,549781,24,2233585664,1904,2036319,348876,7729947,23259,5563645952,1,27924:3,28.301861694575475,932342,360399120,2599116
32255550,27924,2262249472,5037297664,181,958,551829,24,2241449984,1904,2036320,348878,7730028,23259,5555843072,1,27924:3,18.843960699035566,932357,360414480,2599200
32360931,27924,2270113792,5037297664,181,961,553749,24,2249314304,1904,2036320,348882,7730108,23259,5548040192,1,27924:2,28.46801106532611,932372,360429840,2599284
32466256,27924,2277978112,5037297664,181,964,555669,24,2257178624,1904,2036320,348884,7730189,23259,5540003840,1,27924:3,28.483327198974102,932388,360446224,2599372
32572045,27924,2286235648,5037297664,181,966,557647,24,2265432064,1906,2036320,348887,7730271,23259,5531893760,1,27924:3,18.905450420560253,932404,360461320,2599456
32677913,27924,2294099968,5037297664,181,969,559604,24,2273296384,1906,2036321,348890,7730352,23259,5523857408,1,27924:2,28.337193331351617,932419,360476680,2599536
32783315,27924,2301964288,5037297664,181,972,561524,24,2281160704,1906,2036321,348892,7730432,23259,5516054528,1,27924:3,28.46246314858162,932434,360492040,2599624
32888718,27924,2310352896,5037297664,181,975,563572,24,2289549312,1906,2036322,348894,7730513,23259,5507686400,1,27924:3,28.462193113874072,932450,360508424,2599700
32994252,27924,2322149376,5049909248,182,978,566357,24,2296602624,1917,2036323,348899,7730592,23260,5494562816,1,27924:4,37.90242485027003,932469,360524248,2599764
33100064,27924,2331455488,5049909248,182,980,568731,24,2303942656,1918,2036324,348901,7730673,23260,5486551040,1,27924:2,18.901452673980476,932481,360536536,2599844
33205724,27924,2333945856,5049909248,184,982,569310,24,2308689920,1920,2036327,348903,7730752,23260,5483995136,1,27924:5,37.85731639913737,932493,360547856,2599904
33311639,27924,2342465536,5049909248,195,982,571407,24,2308689920,1920,2036337,348904,7730826,23260,5475364864,1,27924:10,103.85689479157767,932493,360547856,2599904
33417447,27924,2383228928,5153722368,202,986,581297,24,2308689920,1920,2036345,348908,7730899,23260,5433303040,1,27924:11,103.96216540828497,932493,360547856,2599904
33523206,27924,2431594496,5153722368,208,990,593111,24,2308689920,1920,2036351,348912,7730972,23260,5385048064,1,27924:10,94.55507083054168,932493,360547856,2599904
33628792,27924,2435403776,5141110784,208,995,597155,24,2314981376,1921,2036352,348917,7731052,23260,5382578176,1,27924:5,47.354455725170276,932503,360558096,2599964
33734667,27924,2435403776,5141110784,208,996,597155,24,2322845696,1921,2036352,348919,7731134,23260,5382701056,1,27924:1,9.445080549630394,932518,360573456,2600060
33840034,27924,2435403776,5141110784,208,997,597155,24,2330710016,1921,2036352,348920,7731216,23260,5382565888,1,27924:1,9.490691709894078,932534,360588816,2600156
33945313,27924,2435403776,5141110784,209,998,597155,24,2338574336,1921,2036353,348920,7731299,23260,5382688768,1,27924:2,18.997106284782276,932549,360605200,2600260
34050786,27924,2435403776,5141110784,209,1000,597155,24,2346438656,1921,2036353,348922,7731381,23260,5382811648,1,27924:2,18.96220245222995,932565,360620560,2600352
34156417,27924,2435403776,5141110784,209,1001,597155,24,2354302976,1921,2036354,348923,7731463,23260,5382627328,1,27924:1,9.466942412191695,932580,360635920,2600444
34262253,27924,2435403776,5141110784,209,1002,597155,24,2362691584,1921,2036354,348924,7731546,23260,5382774784,1,27924:2,9.448557254439745,932595,360651280,2600548
34368192,27924,2435403776,5141110784,209,1004,597155,24,2370555904,1921,2036355,348926,7731628,23260,5382639616,1,27924:1,18.878808874025648,932610,360666640,2600644
34473545,27924,2435403776,5141110784,209,1005,597155,24,2378420224,1921,2036355,348928,7731710,23260,5382762496,1,27924:1,9.491919026261236,932625,360682000,2600732
34578912,27924,2435403776,5141110784,209,1007,597155,24,2386284544,1921,2036356,348929,7731792,23260,5382627328,1,27924:2,18.98129334698645,932641,360698384,2600832
34684555,27924,2435403776,5141110784,209,1008,597155,24,2394148864,1921,2036356,348930,7731875,23260,5382701056,1,27924:1,9.465762493247007,932656,360713744,2600936
34790360,27924,2435403776,5141110784,209,1009,597155,24,2402537472,1921,2036357,348931,7731957,23260,5382651904,1,27924:1,9.451355254403452,932671,360729104,2601036
34896193,27924,2435403776,5141110784,209,1011,597155,24,2410401792,1921,2036357,348933,7732040,23260,5382774784,1,27924:2,18.897828737746742,932686,360744464,2601124
35002074,27924,2441564160,5141110784,214,1012,598660,24,2411982848,1923,2036363,348935,7732116,23260,5376114688,1,27924:7,56.66711619430674,932692,360749600,2601156
35108214,27924,2450739200,5141110784,223,1014,600910,24,2411982848,1923,2036373,348937,7732190,23260,5367083008,1,27924:10,103.63718663553631,932692,360749600,2601156
35214219,27924,2460045312,5141110784,233,1015,603161,24,2411982848,1923,2036382,348938,7732263,23260,5357793280,1,27924:11,103.76794521573218,932692,360749600,2601156
35320309,27924,2469220352,5141110784,243,1016,605409,24,2411982848,1923,2036392,348940,7732336,23260,5348503552,1,27924:11,103.68639638438373,932692,360749600,2601156
35426291,27924,2478395392,5141110784,252,1017,607656,24,2411982848,1923,2036403,348940,7732410,23260,5339213824,1,27924:11,94.35533814617897,932692,360749600,2601156
35532492,27924,2487570432,5141110784,261,1019,609905,24,2411982848,1923,2036412,348942,7732483,23260,5330182144,1,27924:10,103.57672561296589,932692,360749600,2601156
35638580,27924,2496745472,5141110784,271,1020,612153,24,2411982848,1923,2036422,348944,7732557,23260,5320892416,1,27924:11,103.6877803328751,932692,360749600,2601156
35744675,27924,2506051584,5141110784,281,1020,614399,24,2411982848,1923,2036432,348945,7732630,23260,5311602688,1,27924:10,94.25506695446384,932692,360749600,2601156
35850667,27924,2515226624,5141110784,291,1021,616652,24,2411982848,1923,2036442,348946,7732704,23260,5302312960,1,27924:11,103.78120205426397,932692,360749600,2601156
35956647,27924,2524532736,5141110784,301,1022,618917,24,2411982848,1923,2036453,348950,7732771,23260,5291745280,1,27924:11,103.79323903673534,932692,360749600,2601156
36063325,27924,2533838848,5141110784,311,1022,621190,24,2411982848,1923,2036463,348954,7732842,23260,5282623488,1,27924:10,93.74062798777747,932692,360749600,2601156
36169493,27924,2541047808,5141110784,318,1023,622961,25,2413531136,1926,2036471,348956,7732916,23261,5275594752,1,27924:9,75.3522072842018,932696,360752624,2601176
36274395,27924,2541047808,5141110784,329,1023,622961,25,2413531136,1926,2036482,348956,7732989,23261,5275594752,1,27924:10,104.85920011838795,932696,360752624,2601176
36379001,27924,2541047808,5141110784,331,1024,622961,25,2420871168,1927,2036484,348956,7733069,23261,5275496448,1,27924:3,28.6790786341237,932708,360764912,2601256
36484649,27924,2541047808,5141110784,331,1026,622961,25,2428735488,1927,2036485,348958,7733152,23261,5275619328,1,27924:2,18.93079333578525,932723,360780272,2601348
36590011,27924,2541047808,5141110784,331,1027,622961,25,2436599808,1927,2036486,348959,7733234,23261,5275484160,1,27924:1,9.49113074712169,932739,360796656,2601444
36695916,27924,2541047808,5141110784,331,1028,622961,25,2444988416,1927,2036486,348960,7733317,23261,5275582464,1,27924:1,9.442408855189226,932754,360812016,2601540
36801651,27924,2541047808,5141110784,331,1030,622961,25,2452852736,1927,2036486,348962,7733399,23261,5275705344,1,27924:2,18.915105224730368,932769,360827376,2601632
36906993,27924,2541047808,5141110784,331,1031,622961,25,2460717056,1927,2036487,348964,7733481,23261,5275570176,1,27924:1,9.4928952324212,932785,360843760,2601728
37012707,27924,2541047808,5141110784,331,1032,622961,25,2469105664,1927,2036488,348965,7733564,23261,5275729920,1,27924:1,9.459558132877335,932800,360859120,2601820
37118563,27924,2541047808,5141110784,331,1034,622961,25,2476969984,1927,2036488,348967,7733646,23261,5275594752,1,27924:2,18.89355167049132,932815,360875504,2601916
37224112,27924,2541047808,5141110784,331,1035,622961,25,2485358592,1927,2036488,348969,7733729,23261,5275693056,1,27924:1,9.4742932579887,932831,360890864,2602008
37329781,27924,2541047808,5141110784,331,1036,622961,25,2493222912,1927,2036489,348970,7733811,23261,5275557888,1,27924:1,9.463440972056643,932846,360906224,2602100
37435578,27924,2541047808,5141110784,331,1038,622961,25,2501087232,1927,2036489,348972,7733893,23261,5275680768,1,27924:2,18.904266554014885,932861,360921584,2602196
37540900,27924,2541047808,5141110784,331,1039,622961,25,2509475840,1927,2036490,348973,7733976,23261,5275582464,1,27924:1,9.494656407373931,932877,360937968,2602288
37646609,27924,2541047808,5141110784,331,1040,622961,25,2516815872,1927,2036490,348974,7734058,23261,5275668480,1,27924:1,9.459904893143374,932893,360954000,2602388
37752371,27924,2549698560,5141110784,340,1042,625053,25,2516824064,1929,2036500,348976,7734132,23261,5266845696,1,27924:11,104.00738172535841,932895,360954368,2602388
37858446,27924,2558873600,5141110784,348,1044,627306,25,2516824064,1929,2036508,348978,7734206,23261,5257555968,1,27924:10,94.27254150268509,932895,360954368,2602388
37964488,27924,2568048640,5141110784,357,1045,629552,25,2516824064,1929,2036518,348980,7734279,23261,5248524288,1,27924:10,94.3022487031319,932895,360954368,2602388
38070446,27924,2577354752,5141110784,367,1046,631802,25,2516824064,1929,2036528,348982,7734352,23261,5239234560,1,27924:11,103.8153607944782,932895,360954368,2602388
38176502,27924,2586529792,5141110784,376,1048,634048,25,2516824064,1929,2036538,348983,7734426,23261,5229944832,1,27924:11,103.71853580354427,932895,360954368,2602388
38282416,27924,2595704832,5141110784,385,1049,636288,25,2516824064,1929,2036546,348986,7734498,23261,5221724160,1,27924:10,94.41632521710775,932895,360954368,2602388
38389156,27924,2604486656,5141110784,395,1050,638438,25,2516824064,1929,2036557,348989,7734570,23261,5212864512,1,27924:12,103.05383166793658,932895,360954368,2602388
38495073,27924,2613137408,5141110784,404,1052,640572,25,2516824064,1929,2036566,348991,7734644,23261,5203832832,1,27924:10,103.8550964599055,932895,360954368,2602388
38601145,27924,2621919232,5141110784,413,1053,642707,25,2516824064,1929,2036576,348992,7734717,23261,5195059200,1,27924:10,94.27542996760998,932895,360954368,2602388
38707209,27924,2630701056,5141110784,423,1054,644847,25,2516824064,1929,2036586,348994,7734791,23261,5186285568,1,27924:11,103.71083593630246,932895,360954368,2602388
38813263,27924,2639482880,5141110784,432,1055,646983,25,2516824064,1929,2036596,348994,7734864,23261,5177769984,1,27924:11,94.291911823673,932895,360954368,2602388
38919302,27924,2644856832,5141110784,439,1056,648305,25,2520494080,1930,2036603,348996,7734941,23261,5172559872,1,27924:7,75.44420012573718,932901,360960512,2602432
39025387,27924,2644856832,5141110784,439,1058,648305,25,2528882688,1930,2036604,348998,7735024,23261,5172449280,1,27924:2,18.852664363631476,932916,360975872,2602532
39131812,27924,2644856832,5141110784,439,1060,648305,25,2536747008,1930,2036604,349000,7735105,23261,5172154368,1,27924:2,18.792598474954325,932931,360991232,2602628
39237253,27924,2644856832,5141110784,439,1061,648305,25,2544611328,1930,2036605,349001,7735188,23261,5172092928,1,27924:1,9.484046079945008,932947,361007616,2602724
39342942,27924,2644856832,5141110784,439,1062,648305,25,2552999936,1930,2036605,349002,7735270,23261,5172240384,1,27924:1,9.461653936657841,932962,361022976,2602824
39448600,27924,2644856832,5141110784,439,1064,648305,25,2560864256,1930,2036606,349004,7735353,23261,5172178944,1,27924:2,18.92906881351584,932977,361038336,2602920
39554453,27924,2644856832,5141110784,439,1065,648305,25,2568728576,1930,2036606,349005,7735435,23261,5172142080,1,27924:1,9.447088191081189,932992,361053696,2603020
39659859,27924,2644856832,5141110784,439,1067,648305,25,2576592896,1930,2036606,349009,7735515,23261,5172383744,1,27924:2,18.97412791326744,933008,361069056,2603116
39765230,27924,2644856832,5141110784,439,1068,648305,25,2584457216,1930,2036607,349011,7735597,23261,5172580352,1,27924:1,9.490353857239018,933024,361085440,2603212
39871268,27924,2644856832,5141110784,440,1070,648305,25,2592845824,1930,2036607,349012,7735679,23261,5172469760,1,27924:3,28.291597191934496,933039,361100800,2603308
39977434,27924,2644856832,5141110784,440,1072,648305,25,2600710144,1930,2036608,349014,7735762,23261,5173071872,1,27924:2,18.838421605137697,933054,361116160,2603400
40082721,27924,2644856832,5141110784,440,1073,648305,25,2608574464,1930,2036608,349016,7735843,23261,5172420608,1,27924:1,9.49782392981488,933069,361131520,2603496
40188527,27924,2644856832,5141110784,440,1075,648305,25,2616438784,1930,2036609,349020,7735922,23261,5172752384,1,27924:2,18.90261385627944,933085,361147904,2603584
40294226,27924,2648920064,5141110784,443,1076,649276,25,2620116992,1932,2036613,349022,7736001,23261,5168439296,1,27924:5,37.84340823411068,933094,361156112,2603632
40400214,27924,2657964032,5141110784,453,1077,651517,25,2620116992,1932,2036624,349023,7736074,23261,5159149568,1,27924:10,103.78515988830377,933094,361156112,2603632
40506197,27924,2667270144,5141110784,463,1078,653760,25,2620116992,1932,2036634,349024,7736148,23261,5150117888,1,27924:11,103.79034215014677,933094,361156112,2603632
40612297,27924,2676445184,5141110784,473,1078,656006,25,2620116992,1932,2036645,349024,7736221,23261,5140828160,1,27924:10,94.25014368905657,933094,361156112,2603632
40718324,27924,2685620224,5141110784,482,1080,658258,25,2620116992,1932,2036653,349027,7736295,23261,5131538432,1,27924:12,103.74755601410716,933094,361156112,2603632
40824407,27924,2694795264,5141110784,492,1081,660505,25,2620116992,1932,2036664,349027,7736368,23261,5122248704,1,27924:10,103.69242308529678,933094,361156112,2603632
40930468,27924,2703970304,5141110784,501,1082,662736,25,2620116992,1932,2036673,349033,7736438,23261,5113298944,1,27924:10,94.28491159785403,933094,361156112,2603632
41036727,27924,2713276416,5141110784,511,1083,665007,25,2620116992,1932,2036684,349038,7736505,23261,5103403008,1,27924:11,103.52140773303975,933094,361156112,2603632
41142761,27924,2722582528,5141110784,520,1085,667269,25,2620116992,1932,2036693,349042,7736576,23261,5093703680,1,27924:11,103.74017763241999,933094,361156112,2603632
41248818,27924,2731757568,5141110784,529,1086,669514,25,2620116992,1932,2036704,349043,7736649,23261,5084672000,1,27924:10,94.28828178256674,933094,361156112,2603632
41354810,27924,2740932608,5141110784,539,1087,671758,25,2620116992,1932,2036713,349044,7736723,23261,5075382272,1,27924:11,103.782181203311,933094,361156112,2603632
41460817,27924,2748665856,5141110784,548,1087,673664,25,2622214144,1933,2036722,349045,7736797,23261,5067898880,1,27924:9,84.90001212372172,933096,361158160,2603652
41566171,27924,2748665856,5141110784,548,1089,673664,25,2630602752,1933,2036722,349046,7736880,23261,5068058624,1,27924:2,18.98348524108058,933113,361174544,2603748
41672027,27924,2748665856,5141110784,548,1090,673664,25,2638467072,1933,2036723,349048,7736962,23261,5067923456,1,27924:1,9.446842766900136,933128,361189904,2603836
41777973,27924,2748665856,5141110784,548,1092,673664,25,2646331392,1933,2036723,349053,7737041,23261,5068046336,1,27924:2,18.87743537203815,933144,361206288,2603936
41883815,27924,2748665856,5141110784,548,1093,673664,25,2654720000,1933,2036724,349054,7737124,23261,5067886592,1,27924:1,9.448122057718974,933159,361221648,2604028
41989775,27924,2748665856,5141110784,548,1095,673664,25,2662584320,1933,2036724,349056,7737206,23261,5068345344,1,27924:2,18.87489666583916,933174,361237008,2604124
42095107,27924,2748665856,5141110784,548,1096,673664,25,2670448640,1933,2036725,349058,7737288,23261,5068161024,1,27924:1,9.493871459132471,933190,361253392,2604216
42200888,27924,2748665856,5141110784,548,1097,673664,25,2678837248,1933,2036725,349060,7737371,23261,5068369920,1,27924:1,9.453421418675518,933205,361268752,2604316
42306690,27924,2748665856,5141110784,548,1099,673664,25,2686701568,1933,2036725,349062,7737453,23261,5068234752,1,27924:2,18.90333600497332,933221,361285136,2604416
42412400,27924,2748665856,5141110784,548,1100,673664,25,2695090176,1933,2036726,349064,7737536,23261,5068333056,1,27924:1,9.459785515255883,933236,361300496,2604512
42518268,27924,2748665856,5141110784,548,1102,673664,25,2702954496,1933,2036726,349065,7737618,23261,5068197888,1,27924:2,18.891506831924527,933251,361315856,2604608
42623634,27924,2748665856,5141110784,548,1103,673664,25,2710818816,1933,2036726,349066,7737700,23261,5068320768,1,27924:1,9.490759265296788,933267,361332240,2604708
42729360,27924,2748665856,5141110784,548,1104,673664,25,2719207424,1933,2036727,349071,7737780,23261,5068173312,1,27924:2,9.458368871183874,933282,361347600,2604800
42835088,27924,2751811584,5141110784,551,1106,674428,25,2723409920,1935,2036731,349072,7737859,23261,5064609792,1,27924:4,47.29109915968352,933293,361357856,2604860
42941042,27924,2760986624,5141110784,561,1107,676678,25,2723409920,1935,2036742,349074,7737932,23261,5055614976,1,27924:11,103.81928008030326,933293,361357856,2604860
43047082,27924,2770292736,5141110784,569,1109,678933,25,2723409920,1935,2036750,349076,7738005,23261,5046325248,1,27924:10,94.30336033049933,933293,361357856,2604860
43153088,27924,2779467776,5141110784,578,1110,681182,25,2723409920,1935,2036761,349077,7738079,23261,5037035520,1,27924:11,94.33494060261783,933293,361357856,2604860
43259068,27924,2788773888,5141110784,588,1111,683439,25,2723409920,1935,2036770,349078,7738152,23261,5027745792,1,27924:10,103.79332032425599,933293,361357856,2604860
43365158,27924,2797948928,5141110784,597,1113,685693,25,2723409920,1935,2036780,349080,7738226,23261,5018861568,1,27924:11,103.68513366135414,933293,361357856,2604860
43471793,27924,2807123968,5141110784,606,1115,687938,25,2723409920,1935,2036789,349084,7738297,23261,5009891328,1,27924:11,103.15582747431678,933293,361357856,2604860
43577797,27924,2816299008,5141110784,616,1115,690184,25,2723409920,1935,2036800,349085,7738370,23261,5000601600,1,27924:10,94.33586789597499,933293,361357856,2604860
43683835,27924,2825605120,5141110784,625,1117,692428,25,2723409920,1935,2036809,349087,7738443,23261,4991569920,1,27924:11,103.73675346493722,933293,361357856,2604860
43789792,27924,2834780160,5141110784,635,1117,694673,25,2723409920,1935,2036820,349088,7738517,23261,4982022144,1,27924:10,94.37763724150626,933293,361357856,2604860
43895805,27924,2843955200,5141110784,643,1119,696917,25,2723409920,1935,2036829,349090,7738590,23261,4972732416,1,27924:10,94.32811906042365,933293,361357856,2604860
44001705,27924,2852474880,5141110784,651,1122,699008,25,2724982784,1936,2036837,349092,7738665,23261,4964450304,1,27924:11,103.871564208401,933294,361358880,2604868
44107706,27924,2852474880,5141110784,651,1123,699008,25,2732847104,1936,2036837,349094,7738747,23261,4964573184,1,27924:1,9.433831525485745,933309,361374240,2604964
44213177,27924,2852474880,5141110784,651,1124,699008,25,2740711424,1936,2036838,349095,7738829,23261,4964438016,1,27924:1,9.481337196598988,933324,361389600,2605064
44318502,27924,2852474880,5141110784,651,1126,699008,25,2748575744,1936,2036838,349099,7738908,23261,4964556800,1,27924:2,18.988809799441142,933340,361405984,2605160
44424165,27924,2852474880,5141110784,651,1128,699008,25,2756440064,1936,2036838,349102,7738990,23261,4964716544,1,27924:2,18.928075989562416,933355,361421344,2605260
44530339,27924,2852474880,5141110784,651,1129,699008,25,2764828672,1936,2036838,349104,7739074,23261,4964581376,1,27924:1,9.418549075152168,933370,361436704,2605356
44637065,27924,2852474880,5141110784,651,1131,699008,25,2772692992,1936,2036839,349105,7739156,23261,4964704256,1,27924:2,18.73946689702219,933385,361452064,2605444
44742390,27924,2852474880,5141110784,651,1132,699008,25,2780557312,1936,2036839,349107,7739238,23261,4964544512,1,27924:1,9.494449971796737,933401,361468448,2605544
44848427,27924,2852474880,5141110784,651,1133,699008,25,2788945920,1936,2036840,349108,7739321,23261,4964667392,1,27924:1,9.430617597755,933416,361483808,2605636
44954317,27924,2852474880,5141110784,651,1135,699008,25,2796810240,1936,2036840,349110,7739403,23261,4964532224,1,27924:2,18.887537275735287,933431,361499168,2605732
45059670,27924,2852474880,5141110784,651,1136,699008,25,2804674560,1936,2036840,349112,7739485,23261,4964655104,1,27924:1,9.491911548255404,933447,361515552,2605828
45165378,27924,2852474880,5141110784,651,1138,699008,25,2812538880,1936,2036840,349117,7739564,23261,4964212736,1,27924:2,18.920048548087774,933462,361530912,2605924
45271621,27924,2852474880,5141110784,651,1141,699008,25,2820927488,1936,2036840,349120,7739646,23261,4964372480,1,27924:3,28.237130527735964,933478,361546272,2606024
45377899,27924,2853654528,5141110784,653,1142,699282,25,2826702848,1938,2036842,349122,7739726,23261,4962922496,1,27924:3,28.227997611986677,933492,361559600,2606100
45483919,27924,2862436352,5141110784,663,1143,701430,25,2826702848,1938,2036852,349123,7739800,23261,4954148864,1,27924:11,103.75387656316416,933492,361559600,2606100
45589836,27924,2871218176,5141110784,673,1143,703570,25,2826702848,1938,2036863,349123,7739873,23261,4945375232,1,27924:11,94.41313038903658,933492,361559600,2606100
45695977,27924,2880000000,5141110784,683,1144,705711,25,2826702848,1938,2036873,349125,7739947,23261,4936601600,1,27924:10,103.63625025316688,933492,361559600,2606100
45801990,27924,2888650752,5141110784,693,1145,707842,25,2826702848,1938,2036883,349126,7740020,23261,4927569920,1,27924:11,103.76080862194215,933492,361559600,2606100
45908017,27924,2897432576,5141110784,702,1146,709987,25,2826702848,1938,2036893,349127,7740094,23261,4918796288,1,27924:10,94.31562643274279,933492,361559600,2606100
46014003,27924,2906214400,5141110784,712,1146,712122,25,2826702848,1938,2036904,349130,7740164,23261,4909740032,1,27924:11,94.35203705529067,933492,361559600,2606100
46120011,27924,2915258368,5141110784,723,1146,714329,25,2826702848,1938,2036916,349137,7740231,23261,4900192256,1,27924:10,103.76553916069471,933492,361559600,2606100
46226587,27924,2924171264,5141110784,734,1147,716490,25,2826702848,1938,2036926,349139,7740302,23261,4891160576,1,27924:12,112.59548660241316,933492,361559600,2606100
46332657,27924,2932822016,5141110784,743,1148,718620,25,2826702848,1938,2036936,349140,7740376,23261,4882386944,1,27924:10,94.27761465341126,933492,361559600,2606100
46438649,27924,2941603840,5141110784,753,1149,720752,25,2826702848,1938,2036946,349141,7740449,23261,4873613312,1,27924:11,103.78161133631826,933492,361559600,2606100
46544638,27924,2950254592,5141110784,763,1149,722881,25,2826702848,1938,2036957,349142,7740523,23261,4864839680,1,27924:10,94.34947771148323,933492,361559600,2606100
46650682,27924,2956283904,5141110784,770,1151,724352,25,2829848576,1939,2036963,349144,7740599,23261,4859199488,1,27924:9,84.86992293386648,933497,361564720,2606128
46756719,27924,2956283904,5141110784,770,1152,724352,25,2838237184,1939,2036964,349146,7740681,23261,4859297792,1,27924:1,9.430680565251604,933512,361580080,2606220
46862949,27924,2956283904,5141110784,770,1155,724352,25,2846101504,1939,2036964,349151,7740759,23261,4859629568,1,27924:3,28.240807786510334,933527,361595440,2606316
46969442,27924,2956283904,5141110784,770,1158,724352,25,2853965824,1939,2036965,349154,7740840,23261,4859752448,1,27924:3,28.170655917946313,933542,361610800,2606408
47075027,27924,2956283904,5141110784,770,1160,724352,25,2861830144,1939,2036966,349157,7740921,23261,4859617280,1,27924:2,18.942148443480093,933557,361626160,2606512
47180590,27924,2956283904,5141110784,770,1163,724352,25,2869694464,1939,2036966,349160,7741002,23261,4859748352,1,27924:3,28.419155219202008,933573,361642544,2606608
47286448,27924,2956283904,5141110784,770,1165,724352,25,2877558784,1939,2036966,349164,7741083,23261,4859564032,1,27924:2,18.893231834105638,933589,361657904,2606700
47392945,27924,2956283904,5141110784,770,1168,724352,25,2885947392,1939,2036967,349167,7741165,23261,4859772928,1,27924:3,28.169642016245504,933604,361673264,2606804
47499322,27924,2956283904,5141110784,770,1170,724352,25,2893811712,1939,2036967,349170,7741247,23261,4859637760,1,27924:2,18.801011904302513,933619,361688624,2606900
47605145,27924,2956283904,5141110784,770,1173,724352,25,2901676032,1939,2036967,349172,7741328,23261,4859760640,1,27924:3,28.349399315917655,933634,361703984,2606988
47710882,27924,2956283904,5141110784,770,1175,724352,25,2909540352,1939,2036968,349174,7741409,23261,4859883520,1,27924:2,18.914851919029,933649,361719344,2607080
47816370,27924,2956283904,5141110784,770,1178,724352,25,2917404672,1939,2036968,349180,7741487,23261,4859543552,1,27924:3,28.439192016390756,933664,361734704,2607168
47921687,27924,2956283904,5141110784,770,1180,724352,25,2925268992,1939,2036968,349182,7741568,23261,4859383808,1,27924:2,18.990372118715467,933680,361751088,2607264
48028059,27924,2959036416,5141110784,772,1183,725016,25,2929995776,1941,2036971,349184,7741647,23261,4856397824,1,27924:5,47.00477577922872,933691,361761344,2607320
48134021,27924,2967687168,5141110784,781,1184,727137,25,2929995776,1941,2036981,349186,7741721,23261,4847624192,1,27924:10,94.37310996023524,933691,361761344,2607320
48240054,27924,2976468992,5141110784,790,1186,729273,25,2929995776,1941,2036991,349188,7741794,23261,4839108608,1,27924:11,103.74148181050616,933691,361761344,2607320
48346039,27924,2985119744,5141110784,799,1187,731396,25,2929995776,1941,2037000,349189,7741868,23261,4830334976,1,27924:11,94.35300207522825,933691,361761344,2607320
48452106,27924,2993901568,5141110784,809,1188,733523,25,2929995776,1941,2037011,349190,7741941,23261,4821561344,1,27924:10,103.70843155111054,933691,361761344,2607320
48558076,27924,3002552320,5141110784,819,1189,735648,25,2929995776,1941,2037021,349191,7742015,23261,4812787712,1,27924:11,103.80270646117683,933691,361761344,2607320
48664157,27924,3011334144,5141110784,827,1191,737782,25,2929995776,1941,2037030,349197,7742085,23261,4804837376,1,27924:10,94.26772838021027,933691,361761344,2607320
48770159,27924,3019984896,5141110784,837,1192,739899,25,2929995776,1941,2037039,349198,7742159,23261,4795805696,1,27924:11,103.77116782062879,933691,361761344,2607320
48876302,27924,3028635648,5141110784,847,1193,742018,25,2929995776,1941,2037050,349200,7742232,23261,4787032064,1,27924:11,103.63372825634838,933691,361761344,2607320
48982307,27924,3037286400,5141110784,856,1194,744129,25,2929995776,1941,2037060,349200,7742306,23261,4778528768,1,27924:11,94.33494060261783,933691,361761344,2607320
49088424,27924,3045937152,5141110784,867,1194,746250,25,2929995776,1941,2037071,349200,7742379,23261,4769816576,1,27924:10,103.65997455147627,933691,361761344,2607320
49194520,27924,3054718976,5141110784,877,1194,748370,25,2929995776,1941,2037082,349201,7742452,23261,4761042944,1,27924:10,94.25406662469345,933691,361761344,2607320
49300646,27924,3060092928,5141110784,883,1196,749696,25,2933665792,1942,2037088,349202,7742528,23261,4755906560,1,27924:8,75.38170231671528,933697,361766464,2607360
49406335,27924,3060092928,5141110784,883,1198,749696,25,2941530112,1942,2037088,349206,7742610,23261,4756029440,1,27924:2,18.923494440868694,933712,361781824,2607468
49511752,27924,3060092928,5141110784,883,1200,749696,25,2949394432,1942,2037089,349211,7742688,23261,4755849216,1,27924:2,18.972283002829364,933728,361798208,2607560
49617945,27924,3060092928,5141110784,883,1203,749696,25,2957783040,1942,2037089,349214,7742769,23261,4755750912,1,27924:3,28.250425444344586,933743,361813568,2607652
49724507,27924,3060092928,5141110784,883,1206,749696,25,2965647360,1942,2037090,349217,7742851,23261,4755873792,1,27924:3,28.152569811616512,933758,361828928,2607752
49830579,27924,3060092928,5141110784,883,1208,749696,25,2973511680,1942,2037090,349218,7742932,23261,4755738624,1,27924:2,18.855093281567303,933774,361845312,2607844
49936299,27924,3060092928,5141110784,883,1211,749696,25,2981376000,1942,2037091,349220,7743013,23261,4755861504,1,27924:3,28.37690730416486,933789,361860672,2607932
50042532,27924,3060092928,5141110784,883,1213,749696,25,2989240320,1942,2037091,349223,7743095,23261,4755677184,1,27924:2,18.826592166076146,933805,361876032,2608036
50148908,27924,3060092928,5141110784,883,1215,749696,25,2997628928,1942,2037091,349226,7743178,23261,4755824640,1,27924:2,18.801284263084415,933820,361891392,2608128
50255305,27924,3060092928,5141110784,883,1217,749696,25,3005493248,1942,2037091,349228,7743259,23261,4755689472,1,27924:2,18.797455704218578,933835,361906752,2608220
50360664,27924,3060092928,5141110784,883,1219,749696,25,3013357568,1942,2037092,349230,7743341,23261,4755812352,1,27924:2,18.982787044631294,933851,361923136,2608312
50466856,27924,3060092928,5141110784,883,1222,749696,25,3021746176,1942,2037092,349236,7743419,23261,4755943424,1,27924:3,28.250702915156133,933866,361938496,2608404
50573373,27924,3060092928,5141110784,883,1225,749696,25,3029610496,1942,2037093,349240,7743500,23261,4756066304,1,27924:3,28.164440866892853,933881,361953856,2608500
50678980,27924,3063631872,5141110784,887,1227,750558,25,3033288704,1944,2037097,349242,7743578,23261,4752011264,1,27924:6,56.81454052263014,933891,361963088,2608556
50785043,27924,3072413696,5141110784,896,1228,752698,25,3033288704,1944,2037107,349243,7743651,23261,4743495680,1,27924:10,94.28294702734307,933891,361963088,2608556
50890967,27924,3081195520,5141110784,906,1229,754834,25,3033288704,1944,2037116,349245,7743725,23261,4734722048,1,27924:11,103.84880671112529,933891,361963088,2608556
50996901,27924,3089846272,5141110784,915,1231,756967,25,3033288704,1944,2037126,349246,7743798,23261,4725948416,1,27924:11,103.83769586644978,933891,361963088,2608556
51102822,27924,3098628096,5141110784,925,1231,759107,25,3033288704,1944,2037137,349247,7743872,23261,4717174784,1,27924:10,94.41001064841069,933891,361963088,2608556
51208769,27924,3107803136,5141110784,934,1232,761339,25,3033288704,1944,2037147,349256,7743937,23261,4707110912,1,27924:11,94.38721338685542,933891,361963088,2608556
51315167,27924,3116584960,5141110784,944,1234,763481,25,3033288704,1944,2037156,349261,7744006,23261,4699062272,1,27924:11,112.78407170856393,933891,361963088,2608556
51421018,27924,3125235712,5141110784,954,1234,765597,25,3033288704,1944,2037168,349261,7744080,23261,4690288640,1,27924:10,94.47207159463916,933891,361963088,2608556
51527002,27924,3133886464,5141110784,964,1235,767706,25,3033288704,1944,2037177,349262,7744153,23261,4681515008,1,27924:11,103.78944510784771,933891,361963088,2608556
51632865,27924,3142537216,5141110784,973,1236,769821,25,3033288704,1944,2037187,349264,7744227,23261,4672999424,1,27924:10,94.46151185536371,933891,361963088,2608556
51738682,27924,3151187968,5141110784,982,1238,771936,25,3033288704,1944,2037196,349266,7744300,23261,4663967744,1,27924:11,103.95299502612325,933891,361963088,2608556
51844624,27924,3159969792,5141110784,989,1241,774061,25,3033288704,1944,2037204,349270,7744373,23261,4655194112,1,27924:10,94.39163154000089,933891,361963088,2608556
51950438,27924,3163901952,5141110784,993,1243,775040,25,3038007296,1945,2037208,349272,7744450,23263,4651495424,1,27924:6,56.703152278498514,933900,361971280,2608612
52056707,27924,3163901952,5141110784,993,1245,775040,25,3046395904,1945,2037209,349274,7744533,23263,4651433984,1,27924:3,18.82008918802626,933915,361986640,2608712
52162723,27924,3163901952,5141110784,993,1248,775040,25,3054260224,1945,2037209,349282,7744610,23263,4651286528,1,27924:2,28.297734767275134,933931,362002000,2608808
52268877,27924,3163901952,5141110784,993,1251,775040,25,3062124544,1945,2037210,349285,7744691,23263,4651347968,1,27924:3,28.26080438105772,933946,362017360,2608900
52374133,27924,3163901952,5141110784,993,1254,775040,25,3069988864,1945,2037210,349288,7744771,23263,4651470848,1,27924:3,28.501942464382836,933962,362033744,2608988
52480146,27924,3163901952,5141110784,993,1257,775040,25,3077853184,1945,2037210,349291,7744853,23263,4651544576,1,27924:3,28.29856918566726,933977,362049104,2609080
52586396,27924,3163901952,5141110784,993,1259,775040,25,3086241792,1945,2037211,349293,7744935,23263,4651495424,1,27924:2,18.823388037047966,933992,362064464,2609172
52692851,27924,3163901952,5141110784,993,1261,775040,25,3094106112,1945,2037211,349297,7745017,23263,4651360256,1,27924:3,18.78733219037467,934007,362079824,2609272
52798782,27924,3163901952,5141110784,993,1264,775040,25,3101970432,1945,2037212,349299,7745098,23263,4651483136,1,27924:2,28.32036289033319,934023,362096208,2609368
52904510,27924,3163901952,5141110784,993,1266,775040,25,3109834752,1945,2037212,349301,7745180,23263,4651581440,1,27924:2,18.916521607685283,934038,362111568,2609456
53010618,27924,3163901952,5141110784,993,1268,775040,25,3118223360,1945,2037212,349304,7745262,23263,4651507712,1,27924:2,18.848629932672317,934053,362126928,2609560
53116883,27924,3163901952,5141110784,993,1271,775040,25,3126087680,1945,2037213,349310,7745339,23263,4651094016,1,27924:3,28.231417711501237,934068,362142288,2609648
53222827,27924,3163901952,5141110784,993,1274,775040,25,3133952000,1945,2037214,349314,7745419,23263,4651704320,1,27924:3,28.31681001847228,934083,362157648,2609744
53328494,27924,3168620544,5141110784,996,1278,776196,25,3136589824,1947,2037219,349318,7745496,23263,4646543360,1,27924:7,66.2459932530538,934091,362164848,2609784
53434314,27924,3177271296,5141110784,1005,1279,778315,25,3136589824,1947,2037228,349319,7745569,23263,4638027776,1,27924:10,94.49937472598725,934091,362164848,2609784
53540160,27924,3185922048,5141110784,1015,1280,780436,25,3136589824,1947,2037239,349320,7745643,23263,4629254144,1,27924:11,103.92459714952591,934091,362164848,2609784
53645986,27924,3194703872,5141110784,1024,1281,782571,25,3136589824,1947,2037248,349321,7745716,23263,4620480512,1,27924:11,94.49461163376081,934091,362164848,2609784
53751913,27924,3203354624,5141110784,1035,1282,784698,25,3136589824,1947,2037258,349322,7745790,23263,4611706880,1,27924:11,113.28568543697503,934091,362164848,2609784
53857811,27924,3212136448,5141110784,1044,1283,786815,25,3136589824,1947,2037268,349324,7745863,23263,4603191296,1,27924:10,94.43036666046008,934091,362164848,2609784
53963617,27924,3220787200,5141110784,1053,1284,788933,25,3136589824,1947,2037278,349328,7745933,23263,4594429952,1,27924:10,94.51336674191822,934091,362164848,2609784
54069563,27924,3229437952,5141110784,1063,1285,791060,25,3136589824,1947,2037288,349329,7746006,23263,4585656320,1,27924:11,103.82658837902787,934091,362164848,2609784
54175408,27924,3238219776,5141110784,1073,1286,793183,25,3136589824,1947,2037298,349330,7746080,23263,4576882688,1,27924:11,103.92492410575368,934091,362164848,2609784
54281215,27924,3246870528,5141110784,1082,1287,795319,25,3136589824,1947,2037308,349332,7746153,23263,4568109056,1,27924:11,94.51210187769462,934091,362164848,2609784
54387076,27924,3255652352,5141110784,1093,1287,797448,25,3136589824,1947,2037319,349332,7746226,23263,4559335424,1,27924:10,103.90962613297626,934091,362164848,2609784
54492833,27924,3264303104,5141110784,1103,1287,799567,25,3136589824,1947,2037330,349332,7746300,23263,4550561792,1,27924:10,94.55589069630268,934091,362164848,2609784
54598749,27924,3267710976,5141110784,1107,1289,800408,25,3142356992,1948,2037334,349334,7746378,23263,4547530752,1,27924:6,56.64897037805511,934100,362174064,2609844
54704875,27924,3267710976,5141110784,1107,1291,800408,25,3150221312,1948,2037334,349337,7746460,23263,4547653632,1,27924:2,18.845595697595733,934115,362189424,2609936
54810419,27924,3267710976,5141110784,1107,1294,800408,25,3158085632,1948,2037334,349343,7746537,23263,4547985408,1,27924:3,28.423900945812886,934130,362204784,2610032
54915712,27924,3267710976,5141110784,1107,1297,800408,25,3165949952,1948,2037335,349346,7746618,23263,4548108288,1,27924:3,28.49200588394112,934146,362221168,2610128
55021409,27924,3267710976,5141110784,1107,1299,800408,25,3173814272,1948,2037336,349349,7746700,23263,4547788800,1,27924:2,18.922129288286683,934161,362236528,2610224
55127647,27924,3267710976,5141110784,1107,1301,800408,25,3182202880,1948,2037336,349352,7746782,23263,4547985408,1,27924:2,18.825484604448096,934176,362251888,2610316
55233932,27924,3267710976,5141110784,1107,1304,800408,25,3190067200,1948,2037337,349354,7746863,23263,4547923968,1,27924:3,28.226171950188935,934191,362267248,2610412
55339309,27924,3267710976,5141110784,1107,1306,800408,25,3197931520,1948,2037337,349357,7746944,23263,4547887104,1,27924:2,18.9793944510324,934206,362282608,2610516
55444525,27924,3267710976,5141110784,1107,1308,800408,25,3205795840,1948,2037337,349359,7747025,23263,4547825664,1,27924:2,19.008541107775958,934221,362297968,2610604
55550089,27924,3267710976,5141110784,1107,1311,800408,25,3213660160,1948,2037338,349361,7747107,23263,4548022272,1,27924:3,28.418807665431512,934237,362314352,2610700
55655973,27924,3267710976,5141110784,1107,1313,800408,25,3222048768,1948,2037338,349363,7747188,23263,4547911680,1,27924:2,18.888510866824742,934252,362329712,2610792
55762024,27924,3267710976,5141110784,1107,1315,800408,25,3229913088,1948,2037338,349370,7747267,23263,4547174400,1,27924:2,18.8590269817042,934267,362345072,2610888
55868312,27924,3267710976,5141110784,1107,1318,800408,25,3237777408,1948,2037339,349372,7747348,23263,4547112960,1,27924:3,28.225153782868706,934283,362360432,2610976
55974217,27924,3272953856,5141110784,1112,1320,801678,25,3239882752,1950,2037346,349374,7747425,23263,4541730816,1,27924:7,66.09649813010175,934290,362366592,2611008
56080205,27924,3281735680,5141110784,1121,1321,803817,25,3239882752,1950,2037356,349375,7747498,23263,4532699136,1,27924:10,94.35081300397252,934290,362366592,2611008
56185973,27924,3290386432,5141110784,1131,1322,805946,25,3239882752,1950,2037366,349375,7747572,23263,4523925504,1,27924:12,104.00131737523253,934290,362366592,2611008
56291899,27924,3299561472,5141110784,1140,1324,808188,25,3239882752,1950,2037375,349384,7747636,23263,4514926592,1,27924:10,103.84562045728514,934290,362366592,2611008
56397657,27924,3308212224,5141110784,1148,1326,810302,25,3239882752,1950,2037384,349387,7747709,23263,4506152960,1,27924:10,94.55548031460803,934290,362366592,2611008
56503547,27924,3316994048,5141110784,1156,1329,812427,25,3239882752,1950,2037392,349390,7747783,23263,4497379328,1,27924:11,103.88145501654407,934290,362366592,2611008
56609338,27924,3325775872,5141110784,1166,1330,814564,25,3239882752,1950,2037402,349394,7747853,23263,4488818688,1,27924:11,103.97858457072182,934290,362366592,2611008
56715197,27924,3334426624,5141110784,1176,1331,816701,25,3239882752,1950,2037412,349396,7747926,23263,4479787008,1,27924:11,103.91240697985684,934290,362366592,2611008
56820981,27924,3343208448,5141110784,1184,1332,818829,25,3239882752,1950,2037422,349397,7748000,23263,4471271424,1,27924:9,85.07841370163274,934290,362366592,2611008
56926859,27924,3351990272,5141110784,1194,1333,820965,25,3239882752,1950,2037431,349398,7748073,23263,4462497792,1,27924:11,103.89331116539715,934290,362366592,2611008
57032809,27924,3360641024,5141110784,1204,1334,823103,25,3239882752,1950,2037442,349399,7748147,23263,4453724160,1,27924:11,103.8225862279849,934290,362366592,2611008
57138675,27924,3369422848,5141110784,1214,1335,825244,25,3239882752,1950,2037451,349401,7748220,23263,4444950528,1,27924:11,103.90508757659198,934290,362366592,2611008
57244554,27924,3371520000,5141110784,1216,1337,825752,25,3246698496,1951,2037454,349403,7748300,23263,4443234304,1,27924:4,37.778805697104346,934301,362377856,2611092
57349864,27924,3371520000,5141110784,1216,1339,825752,25,3254562816,1951,2037455,349405,7748381,23263,4443099136,1,27924:2,18.9915518265728,934316,362393216,2611188
57455047,27924,3371520000,5141110784,1216,1341,825752,25,3262427136,1951,2037455,349410,7748459,23263,4442927104,1,27924:2,19.014648010153213,934332,362409600,2611284
57560705,27924,3371520000,5141110784,1217,1343,825752,25,3270291456,1951,2037456,349412,7748540,23263,4442791936,1,27924:3,28.393345508399886,934347,362424960,2611372
57666643,27924,3371520000,5141110784,1217,1346,825752,25,3278680064,1951,2037456,349414,7748621,23263,4442890240,1,27924:3,28.318603050108003,934362,362440320,2611464
57772884,27924,3371520000,5141110784,1217,1348,825752,25,3286544384,1951,2037457,349418,7748703,23263,4442755072,1,27924:2,18.825027086625536,934377,362455680,2611564
57878724,27924,3371520000,5141110784,1217,1350,825752,25,3294408704,1951,2037457,349420,7748784,23263,4442877952,1,27924:2,18.896392835447777,934392,362471040,2611668
57984118,27924,3371520000,5141110784,1217,1352,825752,25,3302273024,1951,2037458,349422,7748866,23263,4442742784,1,27924:2,18.976453191404392,934407,362486400,2611756
58089319,27924,3371520000,5141110784,1217,1355,825752,25,3310137344,1951,2037458,349425,7748947,23263,4442865664,1,27924:3,28.51694491125099,934422,362501760,2611848
58194513,27924,3371520000,5141110784,1217,1357,825752,25,3318525952,1951,2037458,349427,7749028,23263,4442767360,1,27924:2,19.01249391778437,934438,362518144,2611940
58300659,27924,3371520000,5141110784,1217,1359,825752,25,3326390272,1951,2037459,349432,7749108,23263,4442562560,1,27924:2,18.84187474769552,934453,362533504,2612036
58407468,27924,3371520000,5141110784,1217,1362,825752,25,3334254592,1951,2037460,349436,7749187,23263,4442492928,1,27924:3,28.087631688158975,934468,362548864,2612132
58513114,27924,3371520000,5141110784,1217,1365,825752,25,3342118912,1951,2037460,349440,7749268,23263,4442615808,1,27924:3,28.396749885961015,934483,362564224,2612224
58618634,27924,3378073600,5141110784,1224,1367,827347,25,3343183872,1953,2037468,349441,7749343,23263,4435660800,1,27924:9,85.29140039125818,934488,362568352,2612248
58724453,27924,3386724352,5141110784,1234,1368,829468,25,3343183872,1953,2037479,349442,7749416,23263,4426887168,1,27924:11,103.95119434724745,934488,362568352,2612248
58830164,27924,3395375104,5141110784,1243,1368,831580,25,3343183872,1953,2037489,349443,7749490,23263,4418371584,1,27924:10,85.13790211695394,934488,362568352,2612248
58936077,27924,3404025856,5141110784,1253,1369,833693,25,3343183872,1953,2037498,349444,7749563,23263,4409638912,1,27924:10,103.85930606574605,934488,362568352,2612248
59041849,27924,3412807680,5141110784,1263,1370,835812,25,3343183872,1953,2037508,349446,7749636,23263,4400865280,1,27924:12,103.99668821600952,934488,362568352,2612248
59147699,27924,3421458432,5141110784,1273,1371,837940,25,3343183872,1953,2037518,349447,7749709,23263,4391645184,1,27924:10,103.92058743927353,934488,362568352,2612248
59253801,27924,3430240256,5141110784,1283,1371,840079,25,3343183872,1953,2037530,349450,7749779,23263,4383547392,1,27924:10,94.2495884992279,934488,362568352,2612248
59359600,27924,3438891008,5141110784,1293,1372,842201,25,3343183872,1953,2037540,349450,7749853,23263,4374773760,1,27924:11,103.97002646216758,934488,362568352,2612248
59465334,27924,3447672832,5141110784,1302,1373,844326,25,3343183872,1953,2037550,349452,7749926,23263,4366258176,1,27924:11,94.57731595800499,934488,362568352,2612248
59571105,27924,3456323584,5141110784,1312,1374,846441,25,3343183872,1953,2037560,349453,7749999,23263,4357484544,1,27924:10,103.99857306394222,934488,362568352,2612248
59676853,27924,3464974336,5141110784,1322,1374,848560,25,3343183872,1953,2037571,349454,7750073,23263,4348710912,1,27924:10,94.56427256059806,934488,362568352,2612248
59782578,27924,3473756160,5141110784,1332,1375,850693,25,3343183872,1953,2037581,349454,7750146,23263,4340195328,1,27924:11,104.04300131294701,934488,362568352,2612248
59888475,27924,3475329024,5141110784,1333,1378,851096,25,3350523904,1954,2037582,349458,7750225,23263,4338716672,1,27924:4,37.77254793768357,934500,362580640,2612328
59993738,27924,3475329024,5141110784,1333,1381,851096,25,3358388224,1954,2037583,349463,7750304,23263,4337864704,1,27924:3,28.50006982517107,934515,362596000,2612432
60099505,27924,3475329024,5141110784,1334,1383,851096,25,3366252544,1954,2037583,349466,7750384,23263,4339073024,1,27924:3,28.3643421303544,934531,362612384,2612532
60205324,27924,3475329024,5141110784,1334,1386,851096,25,3374641152,1954,2037584,349469,7750465,23263,4338962432,1,27924:3,28.350203027143962,934546,362627744,2612620
60311499,27924,3475329024,5141110784,1334,1388,851096,25,3382505472,1954,2037584,349472,7750547,23263,4339159040,1,27924:3,18.83678022237535,934561,362643104,2612724
60417593,27924,3475329024,5141110784,1334,1391,851096,25,3390369792,1954,2037584,349475,7750628,23263,4339097600,1,27924:2,28.276853240926087,934576,362658464,2612824
60523073,27924,3475329024,5141110784,1334,1394,851096,25,3398234112,1954,2037585,349477,7750708,23263,4339060736,1,27924:3,28.441539851133758,934591,362673824,2612916
60628265,27924,3475329024,5141110784,1334,1396,851096,25,3406098432,1954,2037585,349479,7750789,23263,4339257344,1,27924:2,19.012862810102646,934607,362690208,2613008
60734245,27924,3475329024,5141110784,1334,1399,851096,25,3414487040,1954,2037586,349482,7750871,23263,4339183616,1,27924:3,28.307202671475267,934622,362705568,2613112
60840479,27924,3475329024,5141110784,1334,1401,851096,25,3422351360,1954,2037586,349485,7750952,23263,4339306496,1,27924:2,18.826400238462714,934638,362720928,2613196
60946715,27924,3475329024,5141110784,1334,1404,851096,25,3430215680,1954,2037586,349491,7751030,23263,4338900992,1,27924:3,28.23885819377297,934653,362736288,2613292
61052844,27924,3475329024,5141110784,1334,1407,851096,25,3438080000,1954,2037587,349494,7751111,23263,4339023872,1,27924:3,28.267561172910437,934668,362751648,2613384
61158017,27924,3475329024,5141110784,1334,1409,851096,25,3445944320,1954,2037588,349496,7751192,23263,4338888704,1,27924:2,19.01627515515664,934684,362768032,2613476
61263664,27924,3482537984,5141110784,1342,1411,852845,25,3446476800,1956,2037596,349498,7751267,23263,4331442176,1,27924:10,94.65519771284268,934687,362770096,2613488
61369438,27924,3491713024,5141110784,1352,1411,855080,25,3446476800,1956,2037607,349504,7751331,23263,4322643968,1,27924:10,94.54121572988473,934687,362770096,2613488
61475207,27924,3500363776,5141110784,1361,1413,857205,25,3446476800,1956,2037616,349506,7751405,23263,4313870336,1,27924:11,103.99976083836818,934687,362770096,2613488
61580961,27924,3509014528,5141110784,1371,1413,859315,25,3446476800,1956,2037627,349507,7751478,23263,4305096704,1,27924:10,94.5590942993783,934687,362770096,2613488
61686757,27924,3517665280,5141110784,1381,1414,861442,25,3446476800,1956,2037636,349508,7751551,23263,4296581120,1,27924:11,103.97330192457417,934687,362770096,2613488
61792524,27924,3526447104,5141110784,1389,1416,863576,25,3446476800,1956,2037646,349513,7751621,23263,4287512576,1,27924:10,94.54814232566343,934687,362770096,2613488
61898259,27924,3535228928,5141110784,1397,1418,865699,25,3446476800,1956,2037654,349515,7751695,23263,4278738944,1,27924:10,94.57586243918111,934687,362770096,2613488
62004086,27924,3543879680,5141110784,1407,1420,867817,25,3446476800,1956,2037664,349516,7751768,23263,4269993984,1,27924:12,113.39246246284272,934687,362770096,2613488
62109951,27924,3552530432,5141110784,1414,1423,869936,25,3446476800,1956,2037672,349520,7751842,23263,4261220352,1,27924:10,94.459764768737,934687,362770096,2613488
62215752,27924,3561181184,5141110784,1424,1424,872053,25,3446476800,1956,2037682,349521,7751915,23263,4252508160,1,27924:11,103.96896220242407,934687,362770096,2613488
62321644,27924,3569963008,5141110784,1433,1425,874181,25,3446476800,1956,2037692,349522,7751988,23263,4243734528,1,27924:11,94.43538279236041,934687,362770096,2613488
62427523,27924,3578613760,5141110784,1443,1426,876313,25,3446476800,1956,2037702,349524,7752061,23263,4235218944,1,27924:10,103.89232893705386,934687,362770096,2613488
62533302,27924,3579138048,5141110784,1443,1429,876440,25,3454865408,1957,2037703,349530,7752139,23263,4235325440,1,27924:3,28.361191381423435,934701,362784432,2613584
62638793,27924,3579138048,5141110784,1443,1431,876440,25,3462729728,1957,2037703,349532,7752220,23263,4235448320,1,27924:2,18.95887723784781,934716,362799792,2613680
62744209,27924,3579138048,5141110784,1444,1433,876440,25,3471118336,1957,2037704,349534,7752302,23263,4235350016,1,27924:3,28.45880704361545,934732,362816176,2613764
62850363,27924,3579138048,5141110784,1444,1435,876440,25,3478982656,1957,2037704,349537,7752383,23263,4235472896,1,27924:2,18.84048442917331,934748,362831536,2613864
62955880,27924,3579138048,5141110784,1444,1438,876440,25,3486846976,1957,2037704,349539,7752464,23263,4235337728,1,27924:3,28.431488244735824,934763,362846896,2613956
63061234,27924,3579138048,5141110784,1444,1440,876440,25,3495235584,1957,2037704,349542,7752546,23263,4235436032,1,27924:2,18.98363533750184,934779,362863280,2614048
63167567,27924,3579138048,5141110784,1444,1442,876440,25,3503099904,1957,2037705,349544,7752627,23263,4235300864,1,27924:2,18.808850365353926,934794,362878640,2614144
63273072,27924,3579138048,5141110784,1444,1445,876440,25,3510964224,1957,2037705,349547,7752708,23263,4235423744,1,27924:3,28.43444118276129,934810,362895024,2614236
63378796,27924,3579138048,5141110784,1444,1447,876440,25,3519352832,1957,2037706,349550,7752788,23263,4235386880,1,27924:2,18.91730440367984,934825,362910384,2614332
63485396,27924,3579138048,5141110784,1444,1450,876440,25,3527217152,1957,2037706,349554,7752868,23263,4235202560,1,27924:3,28.142545557973577,934840,362925744,2614424
63590601,27924,3579138048,5141110784,1444,1452,876440,25,3535081472,1957,2037707,349557,7752949,23263,4235067392,1,27924:2,19.010445660071614,934856,362942128,2614524
63696315,27924,3579138048,5141110784,1444,1454,876440,25,3543470080,1957,2037707,349560,7753031,23263,4235165696,1,27924:2,18.91910892813183,934871,362957488,2614616
63802482,27924,3579924480,5141110784,1445,1457,876616,25,3549769728,1959,2037708,349562,7753111,23263,4234010624,1,27924:4,37.676236719644606,934886,362971840,2614700
63908335,27924,3588575232,5141110784,1454,1457,878753,25,3549769728,1959,2037719,349563,7753185,23263,4225495040,1,27924:9,85.02355917801263,934886,362971840,2614700
64014207,27924,3597357056,5141110784,1464,1458,880890,25,3549769728,1959,2037729,349564,7753258,23263,4216737792,1,27924:11,103.89972995987912,934886,362971840,2614700
64120025,27924,3606138880,5141110784,1475,1458,883029,25,3549769728,1959,2037740,349564,7753332,23263,4207964160,1,27924:11,103.95209517007098,934886,362971840,2614700
64225776,27924,3614920704,5141110784,1483,1460,885169,25,3549769728,1959,2037749,349569,7753402,23263,4198694912,1,27924:11,94.56125459636256,934886,362971840,2614700
64331869,27924,3623702528,5141110784,1494,1460,887310,25,3549769728,1959,2037760,349570,7753475,23263,4189921280,1,27924:10,103.6830578584453,934886,362971840,2614700
64437371,27924,3632353280,5141110784,1503,1461,889436,25,3549769728,1959,2037770,349571,7753549,23263,4181147648,1,27924:11,94.78476408470317,934886,362971840,2614700
64543189,27924,3641135104,5141110784,1514,1461,891565,25,3549769728,1959,2037780,349572,7753622,23263,4172374016,1,27924:10,103.951890838116,934886,362971840,2614700
64648914,27924,3649785856,5141110784,1524,1462,893691,25,3549769728,1959,2037791,349572,7753695,23263,4163600384,1,27924:11,104.04373938269109,934886,362971840,2614700
64754700,27924,3658567680,5141110784,1533,1463,895829,25,3549769728,1959,2037800,349574,7753769,23263,4155084800,1,27924:10,94.53037870316024,934886,362971840,2614700
64860481,27924,3667349504,5141110784,1543,1464,897971,25,3549769728,1959,2037810,349575,7753842,23263,4146053120,1,27924:11,103.9884141781018,934886,362971840,2614700
64966296,27924,3676131328,5141110784,1551,1466,900103,25,3549769728,1959,2037820,349577,7753915,23263,4137537536,1,27924:11,94.50454734145762,934886,362971840,2614700
65072107,27924,3682947072,5141110784,1560,1467,901784,25,3552391168,1960,2037828,349581,7753988,23263,4131131392,1,27924:9,94.50845397022455,934889,362974912,2614720
65178206,27924,3682947072,5141110784,1560,1469,901784,25,3560255488,1960,2037828,349584,7754069,23263,4131246080,1,27924:2,18.850243355699213,934904,362990272,2614816
65283491,27924,3682947072,5141110784,1560,1471,901784,25,3568119808,1960,2037829,349586,7754150,23263,4131110912,1,27924:2,18.995978750756244,934919,363005632,2614908
65388902,27924,3682947072,5141110784,1560,1473,901784,25,3575984128,1960,2037829,349589,7754232,23263,4131233792,1,27924:2,18.973490343646056,934935,363022016,2615008
65494799,27924,3682947072,5141110784,1560,1475,901784,25,3584372736,1960,2037830,349592,7754314,23263,4131135488,1,27924:2,18.886140210534947,934950,363037376,2615116
65601184,27924,3682947072,5141110784,1560,1477,901784,25,3592237056,1960,2037830,349594,7754396,23263,4131258368,1,27924:2,18.799708544358495,934965,363052736,2615216
65706869,27924,3682947072,5141110784,1560,1479,901784,25,3600101376,1960,2037831,349597,7754477,23263,4131123200,1,27924:2,18.924210486196465,934980,363068096,2615316
65812068,27924,3682947072,5141110784,1560,1482,901784,25,3607965696,1960,2037832,349600,7754558,23263,4131078144,1,27924:3,28.517283755338436,934996,363084480,2615404
65918684,27924,3682947072,5141110784,1560,1484,901784,25,3616354304,1960,2037832,349605,7754638,23263,4130869248,1,27924:2,18.758976639296318,935011,363099840,2615508
66024929,27924,3682947072,5141110784,1560,1486,901784,25,3624218624,1960,2037832,349607,7754720,23263,4130992128,1,27924:2,18.824333055762267,935026,363115200,2615600
66131042,27924,3682947072,5141110784,1560,1488,901784,25,3632082944,1960,2037833,349610,7754801,23263,4130856960,1,27924:2,18.84794890305974,935041,363130560,2615704
66236675,27924,3682947072,5141110784,1560,1490,901784,25,3639947264,1960,2037833,349612,7754883,23263,4130979840,1,27924:2,18.93336932693065,935057,363146944,2615792
66342505,27924,3682947072,5141110784,1560,1492,901784,25,3647811584,1960,2037834,349613,7754964,23263,4130881536,1,27924:2,18.898304979844156,935072,363162304,2615884
66448712,27924,3685306368,5141110784,1561,1495,902345,25,3653062656,1962,2037836,349622,7755035,23263,4127612928,1,27924:4,37.66210629717102,935084,363173584,2615948
66554352,27924,3694088192,5141110784,1572,1495,904486,25,3653062656,1962,2037847,349622,7755108,23263,4118839296,1,27924:11,104.12708358412577,935084,363173584,2615948
66660220,27924,3702738944,5141110784,1581,1497,906621,25,3653062656,1962,2037857,349627,7755179,23263,4110766080,1,27924:11,103.90296075548335,935084,363173584,2615948
66765969,27924,3711520768,5141110784,1590,1498,908741,25,3653062656,1962,2037866,349628,7755252,23263,4101734400,1,27924:10,94.56404900108544,935084,363173584,2615948
66871750,27924,3720171520,5141110784,1599,1499,910869,25,3653062656,1962,2037876,349630,7755326,23263,4092960768,1,27924:10,94.53462438387533,935084,363173584,2615948
66977568,27924,3728953344,5141110784,1609,1500,913001,25,3653062656,1962,2037886,349631,7755399,23263,4084310016,1,27924:12,103.95254509614973,935084,363173584,2615948
67083399,27924,3737604096,5141110784,1619,1501,915134,25,3653062656,1962,2037896,349632,7755472,23263,4075536384,1,27924:10,103.93854911083218,935084,363173584,2615948
67189227,27924,3746385920,5141110784,1628,1503,917268,25,3653062656,1962,2037906,349634,7755546,23263,4066762752,1,27924:11,103.94239520017452,935084,363173584,2615948
67295046,27924,3755036672,5141110784,1637,1504,919388,25,3653062656,1962,2037916,349635,7755619,23263,4057989120,1,27924:10,94.5010866632705,935084,363173584,2615948
67401032,27924,3763818496,5141110784,1647,1504,921519,25,3653062656,1962,2037927,349636,7755692,23263,4048773120,1,27924:11,94.35270473303265,935084,363173584,2615948
67507796,27924,3772600320,5141110784,1657,1506,923670,25,3653062656,1962,2037936,349639,7755764,23263,4039983104,1,27924:11,112.39717835875504,935084,363173584,2615948
67613562,27924,3781382144,5141110784,1666,1507,925801,25,3653062656,1962,2037946,349640,7755837,23263,4031209472,1,27924:10,94.54777045011548,935084,363173584,2615948
67719408,27924,3786756096,5141110784,1672,1508,927128,25,3656732672,1963,2037952,349642,7755914,23263,4026081280,1,27924:7,66.13393826865469,935090,363179728,2615988
67825224,27924,3786756096,5141110784,1672,1510,927128,25,3665121280,1963,2037953,349644,7755996,23263,4026179584,1,27924:2,18.900827481062247,935105,363195088,2616080
67931545,27924,3786756096,5141110784,1672,1512,927128,25,3672985600,1963,2037954,349646,7756078,23263,4026044416,1,27924:2,18.81098049602298,935120,363210448,2616172
68037538,27924,3786756096,5141110784,1672,1514,927128,25,3680849920,1963,2037954,349648,7756159,23263,4026007552,1,27924:2,18.869183601279357,935135,363225808,2616268
68142933,27924,3786756096,5141110784,1673,1516,927128,25,3688714240,1963,2037954,349650,7756241,23263,4025946112,1,27924:3,28.464117222976963,935150,363241168,2616360
68248109,27924,3786756096,5141110784,1673,1519,927128,25,3696578560,1963,2037955,349655,7756319,23263,4026388480,1,27924:3,28.52372305210568,935166,363257552,2616456
68354242,27924,3786756096,5141110784,1673,1521,927128,25,3704967168,1963,2037956,349657,7756401,23263,4026327040,1,27924:2,18.84421974429317,935182,363272912,2616548
68460532,27924,3786756096,5141110784,1673,1523,927128,25,3712831488,1963,2037956,349659,7756483,23263,4026290176,1,27924:2,18.81657728416125,935197,363288272,2616644
68566247,27924,3786756096,5141110784,1673,1524,927128,25,3720695808,1963,2037957,349660,7756564,23263,4026486784,1,27924:1,9.459334430067486,935212,363303632,2616736
68671705,27924,3786756096,5141110784,1673,1527,927128,25,3728560128,1963,2037957,349664,7756646,23263,4026425344,1,27924:3,28.44733830155982,935228,363320016,2616828
68777623,27924,3786756096,5141110784,1673,1529,927128,25,3736948736,1963,2037958,349666,7756728,23263,4026392576,1,27924:2,18.88263338715828,935243,363335376,2616924
68883857,27924,3786756096,5141110784,1673,1531,927128,25,3744813056,1963,2037958,349668,7756810,23263,4026257408,1,27924:2,18.826348668552146,935258,363350736,2617016
68989849,27924,3786756096,5141110784,1673,1533,927128,25,3752677376,1963,2037958,349670,7756892,23263,4026380288,1,27924:2,18.869272435196972,935274,363367120,2617104
69095606,27924,3790426112,5141110784,1677,1535,928030,25,3756355584,1965,2037963,349674,7756966,23263,4022591488,1,27924:6,56.73411539798499,935283,363375328,2617152
69201391,27924,3799207936,5141110784,1686,1536,930166,25,3756355584,1965,2037973,349676,7757040,23263,4013559808,1,27924:11,94.53078886699556,935283,363375328,2617152
69307248,27924,3807989760,5141110784,1696,1537,932312,25,3756355584,1965,2037983,349677,7757113,23263,4004786176,1,27924:10,103.91392065550565,935283,363375328,2617152
69412970,27924,3816771584,5141110784,1706,1537,934455,25,3756355584,1965,2037994,349677,7757187,23263,3995754496,1,27924:10,94.58778887536369,935283,363375328,2617152
69518844,27924,3825553408,5141110784,1717,1537,936607,25,3756355584,1965,2038005,349677,7757260,23263,3986980864,1,27924:11,103.89719512331502,935283,363375328,2617152
69624692,27924,3834335232,5141110784,1726,1539,938749,25,3756355584,1965,2038014,349679,7757334,23263,3978207232,1,27924:11,103.92287894490539,935283,363375328,2617152
69730454,27924,3843117056,5141110784,1735,1540,940886,25,3756355584,1965,2038023,349681,7757407,23263,3969433600,1,27924:10,94.55130874990482,935283,363375328,2617152
69836472,27924,3851898880,5141110784,1744,1542,943031,25,3756355584,1965,2038033,349685,7757478,23263,3960737792,1,27924:11,103.75636330701863,935283,363375328,2617152
69942288,27924,3860680704,5141110784,1754,1542,945165,25,3756355584,1965,2038044,349686,7757551,23263,3952017408,1,27924:11,94.50402576754328,935283,363375328,2617152
70048129,27924,3869331456,5141110784,1765,1542,947295,25,3756355584,1965,2038054,349686,7757624,23263,3943243776,1,27924:10,103.92942413575315,935283,363375328,2617152
70153796,27924,3878113280,5141110784,1774,1544,949429,25,3756355584,1965,2038064,349688,7757698,23263,3934470144,1,27924:11,104.10039532976856,935283,363375328,2617152
70259619,27924,3886895104,5141110784,1784,1544,951565,25,3756355584,1965,2038074,349688,7757771,23263,3925696512,1,27924:10,94.49691900355343,935283,363375328,2617152
70365486,27924,3890565120,5141110784,1788,1546,952472,25,3761598464,1966,2038079,349690,7757848,23264,3922374656,1,27924:6,56.67485508121482,935292,363383520,2617216
70470697,27924,3890565120,5141110784,1788,1548,952472,25,3769462784,1966,2038079,349692,7757929,23264,3922239488,1,27924:2,19.009452050833787,935308,363398880,2617312
70575998,27924,3890565120,5141110784,1788,1550,952472,25,3777327104,1966,2038079,349698,7758008,23264,3922509824,1,27924:2,18.993295328762354,935323,363414240,2617416
70681219,27924,3890565120,5141110784,1788,1552,952472,25,3785191424,1966,2038080,349701,7758089,23264,3922374656,1,27924:2,19.00754011059024,935338,363429600,2617516
70786722,27924,3890565120,5141110784,1788,1555,952472,25,3793580032,1966,2038080,349704,7758171,23264,3922477056,1,27924:3,28.43527209346947,935354,363445984,2617612
70892842,27924,3890565120,5141110784,1788,1557,952472,25,3801444352,1966,2038081,349706,7758253,23264,3922341888,1,27924:2,18.84650583002052,935369,363461344,2617716
70998923,27924,3890565120,5141110784,1788,1559,952472,25,3809308672,1966,2038081,349708,7758334,23264,3922464768,1,27924:2,18.853545498313963,935384,363476704,2617808
71104365,27924,3890565120,5141110784,1788,1561,952472,25,3817172992,1966,2038082,349710,7758416,23264,3922329600,1,27924:2,18.967867294730688,935400,363493088,2617904
71209928,27924,3890565120,5141110784,1788,1563,952472,25,3825037312,1966,2038082,349713,7758497,23264,3922554880,1,27924:2,18.945931541661427,935415,363508448,2617996
71315962,27924,3890565120,5141110784,1788,1564,952472,25,3833425920,1966,2038082,349714,7758579,23264,3922178048,1,27924:1,9.43095859281044,935430,363523808,2618084
71422165,27924,3890565120,5141110784,1788,1567,952472,25,3841290240,1966,2038082,349719,7758659,23264,3922612224,1,27924:3,28.247710082904298,935445,363539168,2618180
71528436,27924,3890565120,5141110784,1788,1569,952472,25,3849154560,1966,2038083,349730,7758731,23264,3921702912,1,27924:2,18.819808846260557,935460,363554528,2618264
71633629,27924,3890565120,5141110784,1788,1571,952472,25,3857018880,1966,2038083,349732,7758812,23264,3921825792,1,27924:2,19.012629471847692,935475,363569888,2618356
71739014,27924,3895414784,5141110784,1794,1572,953651,25,3859656704,1968,2038089,349733,7758889,23264,3916726272,1,27924:7,66.42325832025088,935483,363577088,2618396
71844791,27924,3904065536,5141110784,1803,1574,955766,25,3859656704,1968,2038099,349734,7758962,23264,3907952640,1,27924:11,103.99287841642368,935483,363577088,2618396
71950616,27924,3912847360,5141110784,1812,1575,957892,25,3859656704,1968,2038109,349736,7759036,23264,3899228160,1,27924:10,94.4955420688578,935483,363577088,2618396
72056463,27924,3921498112,5141110784,1821,1576,960024,25,3859656704,1968,2038119,349737,7759109,23264,3890712576,1,27924:10,94.47575328919226,935483,363577088,2618396
72162272,27924,3930279936,5141110784,1830,1578,962151,25,3859656704,1968,2038128,349741,7759180,23264,3881521152,1,27924:11,103.96056877696667,935483,363577088,2618396
72268169,27924,3938930688,5141110784,1838,1580,964275,25,3859656704,1968,2038137,349744,7759253,23264,3872747520,1,27924:10,94.43144474945066,935483,363577088,2618396
72373935,27924,3947712512,5141110784,1848,1581,966407,25,3859656704,1968,2038146,349745,7759327,23264,3863715840,1,27924:11,104.00357114225768,935483,363577088,2618396
72479817,27924,3956363264,5141110784,1856,1583,968539,25,3859656704,1968,2038155,349747,7759400,23264,3854942208,1,27924:10,94.44433824703299,935483,363577088,2618396
72585657,27924,3965145088,5141110784,1866,1584,970667,25,3859656704,1968,2038166,349748,7759473,23264,3846426624,1,27924:12,103.93044732590455,935483,363577088,2618396
72691655,27924,3973795840,5141110784,1875,1586,972790,25,3859656704,1968,2038175,349750,7759547,23264,3837652992,1,27924:10,103.77545090574931,935483,363577088,2618396
72797547,27924,3982577664,5141110784,1885,1587,974923,25,3859656704,1968,2038186,349751,7759620,23264,3829125120,1,27924:11,103.87973823816942,935483,363577088,2618396
72903726,27924,3991359488,5141110784,1893,1589,977064,25,3859656704,1968,2038194,349756,7759691,23264,3820105728,1,27924:10,94.18079738869048,935483,363577088,2618396
73009528,27924,3994374144,5141110784,1896,1592,977816,25,3865423872,1969,2038197,349759,7759770,23264,3817402368,1,27924:6,56.70980647806895,935493,363587328,2618464
73115653,27924,3994374144,5141110784,1896,1594,977816,25,3873812480,1969,2038197,349762,7759853,23264,3817549824,1,27924:2,18.84561807248036,935508,363602688,2618556
73221803,27924,3994374144,5141110784,1896,1596,977816,25,3881676800,1969,2038198,349764,7759934,23264,3817414656,1,27924:2,18.841312596245547,935523,363618048,2618648
73327227,27924,3994374144,5141110784,1896,1598,977816,25,3889541120,1969,2038198,349767,7760016,23264,3817537536,1,27924:2,18.97101589220972,935538,363633408,2618756
73432366,27924,3994374144,5141110784,1896,1600,977816,25,3897405440,1969,2038198,349768,7760097,23264,3817402368,1,27924:2,19.02236405127771,935553,363648768,2618848
73537537,27924,3994374144,5141110784,1896,1601,977816,25,3905269760,1969,2038199,349770,7760179,23264,3817525248,1,27924:1,9.508393610526841,935569,363665152,2618940
73643243,27924,3994374144,5141110784,1896,1604,977816,25,3913134080,1969,2038199,349776,7760258,23264,3817541632,1,27924:3,28.380352308585095,935584,363680512,2619032
73749468,27924,3994374144,5141110784,1896,1606,977816,25,3921522688,1969,2038200,349779,7760340,23264,3817664512,1,27924:2,18.827980612188213,935599,363695872,2619124
73855587,27924,3994374144,5141110784,1896,1608,977816,25,3929387008,1969,2038200,349781,7760422,23264,3817529344,1,27924:2,18.846861027496754,935614,363711232,2619220
73961270,27924,3994374144,5141110784,1896,1610,977816,25,3937251328,1969,2038201,349783,7760503,23264,3817652224,1,27924:2,18.924479084315614,935630,363727616,2619308
74067203,27924,3994374144,5141110784,1896,1612,977816,25,3945115648,1969,2038201,349784,7760585,23264,3817492480,1,27924:2,18.879781565458437,935645,363742976,2619400
74173207,27924,3994374144,5141110784,1896,1614,977816,25,3953504256,1969,2038202,349787,7760668,23264,3817615360,1,27924:2,18.867255096731895,935660,363758336,2619500
74279440,27924,3994374144,5141110784,1896,1616,977816,25,3961368576,1969,2038202,349789,7760750,23264,3817480192,1,27924:2,18.826510999534957,935676,363773696,2619596
74385406,27924,4000272384,5141110784,1902,1617,979258,25,3962949632,1971,2038210,349794,7760823,23264,3811569664,1,27924:7,66.05917703760358,935682,363778832,2619620
74491243,27924,4009054208,5141110784,1911,1619,981391,25,3962949632,1971,2038220,349795,7760896,23264,3802796032,1,27924:11,103.93310751818557,935682,363778832,2619620
74596960,27924,4017836032,5141110784,1921,1620,983534,25,3962949632,1971,2038230,349796,7760970,23264,3794022400,1,27924:11,104.0516531324632,935682,363778832,2619620
74702841,27924,4026617856,5141110784,1931,1621,985679,25,3962949632,1971,2038240,349797,7761043,23264,3785248768,1,27924:11,103.89057156984643,935682,363778832,2619620
74808729,27924,4035399680,5141110784,1941,1621,987822,25,3962949632,1971,2038251,349798,7761117,23264,3776475136,1,27924:10,94.43950667483796,935682,363778832,2619620
74914509,27924,4044050432,5141110784,1950,1623,989953,25,3962949632,1971,2038260,349799,7761190,23264,3767738368,1,27924:11,103.9891927624316,935682,363778832,2619620
75020404,27924,4052832256,5141110784,1960,1623,992082,25,3962949632,1971,2038271,349800,7761263,23264,3758964736,1,27924:10,94.4328563787874,935682,363778832,2619620
75126199,27924,4061614080,5141110784,1969,1624,994232,25,3962949632,1971,2038280,349804,7761334,23264,3750092800,1,27924:10,94.5225978813875,935682,363778832,2619620
75232008,27924,4070395904,5141110784,1978,1626,996364,25,3962949632,1971,2038290,349805,7761408,23264,3741577216,1,27924:11,103.96065032679323,935682,363778832,2619620
75337867,27924,4079046656,5141110784,1987,1627,998497,25,3962949632,1971,2038300,349807,7761481,23264,3732545536,1,27924:11,94.4654158192371,935682,363778832,2619620
75443740,27924,4087828480,5141110784,1997,1628,1000635,25,3962949632,1971,2038310,349808,7761554,23264,3723878400,1,27924:10,103.8981352457139,935682,363778832,2619620
75549582,27924,4096610304,5141110784,2007,1629,1002769,25,3962949632,1971,2038320,349808,7761628,23264,3715104768,1,27924:11,103.9281564684124,935682,363778832,2619620
75655412,27924,4098183168,5141110784,2009,1630,1003160,25,3970289664,1972,2038322,349810,7761708,23264,3713630208,1,27924:3,28.34754666724319,935695,363792144,2619700
75761071,27924,4098183168,5141110784,2009,1632,1003160,25,3978678272,1972,2038323,349812,7761790,23264,3713789952,1,27924:2,18.9287253799511,935710,363807504,2619792
75867299,27924,4098183168,5141110784,2009,1635,1003160,25,3986542592,1972,2038323,349817,7761869,23264,3713794048,1,27924:3,28.241295093829017,935725,363822864,2619884
75972907,27924,4098183168,5141110784,2009,1637,1003160,25,3994406912,1972,2038324,349820,7761951,23264,3713916928,1,27924:2,18.93791100770717,935741,363839248,2619980
76078411,27924,4098183168,5141110784,2009,1638,1003160,25,4002795520,1972,2038324,349821,7762033,23264,3713757184,1,27924:1,9.478319278265417,935756,363854608,2620080
76184700,27924,4098183168,5141110784,2010,1640,1003160,25,4010659840,1972,2038324,349824,7762115,23264,3713880064,1,27924:3,28.224943466379067,935772,363869968,2620176
76290191,27924,4098183168,5141110784,2010,1642,1003160,25,4018524160,1972,2038324,349826,7762196,23264,3714002944,1,27924:2,18.958982194624475,935787,363885328,2620272
76395537,27924,4098183168,5141110784,2010,1644,1003160,25,4026912768,1972,2038325,349828,7762278,23264,3713904640,1,27924:2,18.98500937963881,935803,363901712,2620372
76501704,27924,4098183168,5141110784,2010,1646,1003160,25,4034777088,1972,2038326,349829,7762360,23264,3714027520,1,27924:2,18.838140539517376,935818,363917072,2620464
76606899,27924,4098183168,5141110784,2010,1649,1003160,25,4042641408,1972,2038326,349841,7762429,23264,3720888320,1,27924:3,28.518684215594636,935834,363933456,2620560
76712947,27924,4098183168,5141110784,2010,1651,1003160,25,4051030016,1972,2038327,349844,7762510,23264,3720847360,1,27924:2,18.859367890755,935849,363948816,2620652
76819031,27924,4098183168,5141110784,2010,1653,1003160,25,4058894336,1972,2038328,349845,7762592,23264,3720970240,1,27924:2,18.852968077438035,935864,363964176,2620756
76924370,27924,4098183168,5141110784,2010,1655,1003160,25,4066242560,1972,2038328,349847,7762673,23264,3720859648,1,27924:2,18.986316030420028,935881,363980576,2620844
77030120,27924,4106702848,5141110784,2019,1656,1005223,25,4066242560,1974,2038338,349849,7762747,23264,3712360448,1,27924:10,94.562745223066,935881,363980576,2620844
77136021,27924,4115484672,5141110784,2028,1658,1007370,25,4066242560,1974,2038346,349851,7762820,23264,3703586816,1,27924:11,103.87001155298925,935881,363980576,2620844
77241816,27924,4124135424,5141110784,2037,1659,1009507,25,4066242560,1974,2038356,349853,7762893,23264,3694813184,1,27924:10,94.52274708813226,935881,363980576,2620844
77347666,27924,4132917248,5141110784,2046,1661,1011647,25,4066242560,1974,2038365,349855,7762966,23264,3686076416,1,27924:11,103.92017902385923,935881,363980576,2620844
77454105,27924,4141830144,5141110784,2056,1661,1013797,25,4066242560,1974,2038376,349858,7763038,23264,3678310400,1,27924:10,93.95067041131492,935881,363980576,2620844
77560013,27924,4150611968,5141110784,2066,1662,1015940,25,4066242560,1974,2038386,349858,7763112,23264,3669278720,1,27924:11,103.86441237457606,935881,363980576,2620844
77665943,27924,4159393792,5141110784,2075,1663,1018090,25,4066242560,1974,2038395,349861,7763185,23264,3660505088,1,27924:10,94.40191632869286,935881,363980576,2620844
77771837,27924,4168175616,5141110784,2084,1665,1020241,25,4066242560,1974,2038404,349862,7763258,23264,3651731456,1,27924:11,103.8773672152849,935881,363980576,2620844
77877670,27924,4176957440,5141110784,2094,1665,1022377,25,4066242560,1974,2038415,349864,7763332,23264,3642957824,1,27924:11,94.48862317764164,935881,363980576,2620844
77983586,27924,4185739264,5141110784,2103,1667,1024515,25,4066242560,1974,2038424,349866,7763405,23264,3634184192,1,27924:10,103.85562791240095,935881,363980576,2620844
78089449,27924,4194521088,5141110784,2112,1668,1026665,25,4066242560,1974,2038434,349870,7763476,23264,3624931328,1,27924:11,94.46143779471083,935881,363980576,2620844
78195283,27924,4201992192,5141110784,2121,1669,1028504,25,4068343808,1975,2038442,349871,7763550,23265,3617738752,1,27924:9,94.48776698061864,935884,363982632,2620864
78301459,27924,4201992192,5141110784,2121,1671,1028504,25,4076208128,1975,2038443,349873,7763633,23265,3617861632,1,27924:3,18.836676791662992,935899,363997992,2620960
78407249,27924,4201992192,5141110784,2121,1674,1028504,25,4084072448,1975,2038443,349875,7763714,23265,3617726464,1,27924:2,28.358130864550084,935914,364013352,2621052
78512587,27924,4201992192,5141110784,2121,1675,1028504,25,4091936768,1975,2038444,349877,7763796,23265,3617849344,1,27924:1,9.493236870907994,935930,364029736,2621148
78618192,27924,4201992192,5141110784,2121,1677,1028504,25,4099801088,1975,2038444,349879,7763877,23265,3617665024,1,27924:2,18.938381919610112,935945,364045096,2621248
78724342,27924,4201992192,5141110784,2121,1679,1028504,25,4108189696,1975,2038444,349881,7763960,23265,3617812480,1,27924:2,18.841408800398117,935960,364060456,2621340
78830458,27924,4201992192,5141110784,2121,1681,1028504,25,4116054016,1975,2038445,349884,7764039,23265,3617067008,1,27924:2,18.84721623836195,935975,364075816,2621436
78935740,27924,4201992192,5141110784,2121,1683,1028504,25,4123918336,1975,2038445,349886,7764120,23265,3617189888,1,27924:2,18.99667773751886,935990,364091176,2621528
79040997,27924,4201992192,5141110784,2122,1685,1028504,25,4131782656,1975,2038446,349888,7764202,23265,3617054720,1,27924:3,28.50166057799942,936006,364107560,2621620
79146883,27924,4201992192,5141110784,2122,1687,1028504,25,4140171264,1975,2038446,349890,7764284,23265,3617214464,1,27924:2,18.88810950253045,936021,364122920,2621720
79252934,27924,4201992192,5141110784,2122,1688,1028504,25,4148035584,1975,2038447,349892,7764366,23265,3617079296,1,27924:2,9.429428310357338,936036,364138280,2621820
79358814,27924,4201992192,5141110784,2122,1690,1028504,25,4155899904,1975,2038447,349894,7764447,23265,3617202176,1,27924:1,18.889276538819637,936051,364153640,2621924
79464065,27924,4201992192,5141110784,2122,1692,1028504,25,4163764224,1975,2038448,349896,7764529,23265,3617067008,1,27924:2,19.002355617512947,936066,364169000,2622020
79569412,27924,4202909696,5141110784,2122,1695,1028708,25,4170575872,1977,2038449,349901,7764607,23265,3616317440,1,27924:4,28.477153733544224,936081,364184352,2622112
79675259,27924,4211953664,5141110784,2131,1697,1030946,25,4170575872,1977,2038458,349902,7764680,23265,3607027712,1,27924:10,103.92410622812255,936081,364184352,2622112
79781117,27924,4221259776,5141110784,2140,1698,1033188,25,4170575872,1977,2038468,349904,7764754,23265,3597737984,1,27924:10,94.46627071885025,936081,364184352,2622112
79887030,27924,4230434816,5141110784,2150,1700,1035437,25,4170575872,1977,2038478,349906,7764827,23265,3588706304,1,27924:12,113.29994648277028,936081,364184352,2622112
79992881,27924,4239609856,5141110784,2159,1700,1037686,25,4170575872,1977,2038488,349907,7764900,23265,3579416576,1,27924:9,85.02499857772072,936081,364184352,2622112
80098866,27924,4248784896,5141110784,2169,1701,1039922,25,4170575872,1977,2038498,349908,7764974,23265,3570118656,1,27924:11,103.78834243299198,936081,364184352,2622112
80204803,27924,4257959936,5141110784,2178,1703,1042153,25,4170575872,1977,2038507,349912,7765045,23265,3561521152,1,27924:11,103.83516405583057,936081,364184352,2622112
80310702,27924,4267134976,5141110784,2187,1705,1044408,25,4170575872,1977,2038516,349914,7765118,23265,3551973376,1,27924:11,103.87279027990158,936081,364184352,2622112
80416612,27924,4276441088,5141110784,2197,1705,1046663,25,4170575872,1977,2038527,349915,7765192,23265,3542683648,1,27924:10,94.42022455527673,936081,364184352,2622112
80522445,27924,4285616128,5141110784,2206,1706,1048915,25,4170575872,1977,2038536,349916,7765265,23265,3533651968,1,27924:11,94.48776698061864,936081,364184352,2622112
80628475,27924,4294922240,5141110784,2215,1709,1051176,25,4170575872,1977,2038546,349919,7765339,23265,3524362240,1,27924:11,113.17559428292354,936081,364184352,2622112
80734305,27924,4304097280,5141110784,2224,1710,1053433,25,4170575872,1977,2038555,349920,7765412,23265,3515072512,1,27924:10,94.49119007609679,936081,364184352,2622112
80840294,27924,4305801216,5141110784,2226,1712,1053848,25,4177920000,1978,2038558,349925,7765490,23265,3513823232,1,27924:4,37.74002823067332,936094,364196648,2622200
80946210,27924,4305801216,5141110784,2226,1714,1053848,25,4185784320,1978,2038558,349926,7765571,23265,3513749504,1,27924:2,18.88281184404357,936109,364212008,2622296
81051454,27924,4305801216,5141110784,2226,1716,1053848,25,4193648640,1978,2038558,349928,7765652,23265,3513810944,1,27924:2,19.003416377186042,936124,364227368,2622388
81156672,27924,4305801216,5141110784,2227,1717,1053848,25,4201512960,1978,2038559,349930,7765734,23265,3513933824,1,27924:2,19.008127219418636,936140,364243752,2622476
81262265,27924,4305801216,5141110784,2227,1719,1053848,25,4209901568,1978,2038559,349932,7765816,23265,3513774080,1,27924:2,18.94074328799011,936155,364259112,2622572
81368488,27924,4305801216,5141110784,2227,1721,1053848,25,4217765888,1978,2038560,349933,7765898,23265,3513896960,1,27924:2,18.82822415192901,936170,364274472,2622660
81474711,27924,4305801216,5141110784,2227,1723,1053848,25,4225630208,1978,2038560,349936,7765980,23265,3513245696,1,27924:2,18.828312955105037,936185,364289832,2622764
81580437,27924,4305801216,5141110784,2227,1725,1053848,25,4233494528,1978,2038561,349940,7766059,23265,3513298944,1,27924:2,18.91685708375007,936200,364305192,2622852
81685768,27924,4305801216,5141110784,2227,1727,1053848,25,4241358848,1978,2038562,349947,7766132,23265,3512659968,1,27924:2,18.987825661265983,936216,364321576,2622944
81791621,27924,4305801216,5141110784,2227,1729,1053848,25,4249747456,1978,2038562,349950,7766213,23265,3512770560,1,27924:2,18.894094453335324,936231,364336936,2623044
81897546,27924,4305801216,5141110784,2227,1731,1053848,25,4257611776,1978,2038563,349952,7766295,23265,3512635392,1,27924:3,18.881296583167877,936247,364352296,2623136
82003655,27924,4305801216,5141110784,2227,1734,1053848,25,4265476096,1978,2038563,349954,7766376,23265,3512758272,1,27924:2,28.272711487986772,936262,364367656,2623236
82108896,27924,4305801216,5141110784,2227,1736,1053848,25,4273340416,1978,2038564,349957,7766458,23265,3512623104,1,27924:2,19.00401081548662,936277,364383016,2623340
82214208,27924,4312616960,5141110784,2231,1739,1055519,25,4274909184,1980,2038570,349962,7766531,23265,3505635328,1,27924:8,66.4690901448863,936282,364388128,2623368
82320280,27924,4321923072,5141110784,2241,1740,1057774,25,4274909184,1980,2038580,349963,7766604,23265,3496345600,1,27924:10,103.70362507051729,936282,364388128,2623368
82426090,27924,4331098112,5141110784,2250,1742,1060021,25,4274909184,1980,2038589,349965,7766678,23265,3487313920,1,27924:12,103.96015906471392,936282,364388128,2623368
82532037,27924,4340273152,5141110784,2260,1743,1062270,25,4274909184,1980,2038599,349966,7766751,23265,3478024192,1,27924:10,103.82532223911313,936282,364388128,2623368
82637899,27924,4349579264,5141110784,2268,1745,1064521,25,4274909184,1980,2038608,349969,7766824,23265,3468734464,1,27924:10,94.4623300994627,936282,364388128,2623368
82743974,27924,4358754304,5141110784,2278,1746,1066775,25,4274909184,1980,2038618,349970,7766898,23265,3459702784,1,27924:11,103.70004005461185,936282,364388128,2623368
82849797,27924,4367929344,5141110784,2288,1746,1069018,25,4274909184,1980,2038628,349973,7766969,23265,3450613760,1,27924:10,94.49799771972552,936282,364388128,2623368
82955723,27924,4377235456,5141110784,2298,1747,1071268,25,4274909184,1980,2038637,349975,7767042,23265,3441344512,1,27924:11,103.84619200781393,936282,364388128,2623368
83061586,27924,4386410496,5141110784,2308,1748,1073520,25,4274909184,1980,2038648,349975,7767116,23265,3432312832,1,27924:11,103.90721350325249,936282,364388128,2623368
83167510,27924,4395585536,5141110784,2316,1750,1075776,25,4274909184,1980,2038657,349978,7767189,23265,3423023104,1,27924:10,94.4079677756906,936282,364388128,2623368
83273483,27924,4404891648,5141110784,2326,1751,1078033,25,4274909184,1980,2038667,349979,7767262,23265,3413733376,1,27924:11,103.79976888698368,936282,364388128,2623368
83379408,27924,4409610240,5141110784,2331,1752,1079192,25,4279631872,1981,2038672,349980,7767339,23266,3409117184,1,27924:7,56.643756061058916,936290,364395304,2623420
83485509,27924,4409610240,5141110784,2332,1754,1079192,25,4287496192,1981,2038673,349986,7767419,23266,3409584128,1,27924:2,28.27497648370206,936305,364410664,2623520
83590924,27924,4409610240,5141110784,2332,1756,1079192,25,4295360512,1981,2038673,349987,7767500,23266,3409707008,1,27924:2,18.97260534131205,936320,364426024,2623616
83696121,27924,4409610240,5141110784,2332,1758,1079192,25,4303224832,1981,2038674,349989,7767581,23266,3409608704,1,27924:2,19.01198190234233,936336,364442408,2623708
83802243,27924,4409610240,5141110784,2332,1760,1079192,25,4311613440,1981,2038674,349992,7767664,23266,3409731584,1,27924:2,18.84626909833795,936352,364457768,2623804
83908575,27924,4409610240,5141110784,2332,1763,1079192,25,4319477760,1981,2038675,349994,7767745,23266,3409596416,1,27924:3,28.213385925592554,936367,364473128,2623896
84014085,27924,4409610240,5141110784,2332,1765,1079192,25,4327342080,1981,2038675,349996,7767827,23266,3409588224,1,27924:2,18.955575646570182,936383,364489512,2624000
84119932,27924,4409610240,5141110784,2332,1767,1079192,25,4335206400,1981,2038675,349999,7767908,23266,3409145856,1,27924:2,18.895224919687735,936398,364504872,2624100
84226024,27924,4409610240,5141110784,2332,1769,1079192,25,4343595008,1981,2038676,350003,7767989,23266,3409764352,1,27924:2,18.85156865835092,936413,364520232,2624200
84332320,27924,4409610240,5141110784,2332,1771,1079192,25,4351459328,1981,2038676,350006,7768070,23266,3409629184,1,27924:2,18.81535301195983,936428,364535592,2624296
84437600,27924,4409610240,5141110784,2332,1773,1079192,25,4359323648,1981,2038677,350008,7768152,23266,3409752064,1,27924:2,18.99694099857876,936444,364551976,2624388
84543559,27924,4409610240,5141110784,2332,1775,1079192,25,4367712256,1981,2038677,350010,7768234,23266,3409653760,1,27924:2,18.875260237931716,936459,364567336,2624484
84649598,27924,4409610240,5141110784,2332,1777,1079192,25,4375576576,1981,2038678,350012,7768316,23266,3409776640,1,27924:2,18.8608869264178,936474,364582696,2624572
84755697,27924,4413935616,5141110784,2336,1779,1080245,25,4379242496,1983,2038683,350014,7768393,23266,3404689408,1,27924:6,56.55124121633162,936483,364591904,2624628
84861511,27924,4422979584,5141110784,2345,1780,1082455,25,4379242496,1983,2038693,350018,7768465,23266,3395096576,1,27924:11,94.50566374332927,936483,364591904,2624628
84967301,27924,4431892480,5141110784,2355,1781,1084632,25,4379242496,1983,2038703,350018,7768538,23266,3386327040,1,27924:10,103.97915758582023,936483,364591904,2624628
85073097,27924,4440674304,5141110784,2365,1781,1086766,25,4379242496,1983,2038714,350018,7768611,23266,3377553408,1,27924:10,94.52140692467609,936483,364591904,2624628
85178896,27924,4449456128,5141110784,2375,1782,1088912,25,4379242496,1983,2038724,350019,7768685,23266,3368779776,1,27924:11,103.97117231003443,936483,364591904,2624628
85284765,27924,4458369024,5141110784,2384,1783,1091082,25,4379242496,1983,2038734,350020,7768758,23266,3359748096,1,27924:10,94.45589874395664,936483,364591904,2624628
85390654,27924,4467544064,5141110784,2394,1784,1093341,25,4379242496,1983,2038744,350021,7768831,23266,3350716416,1,27924:11,103.88276274923163,936483,364591904,2624628
85496646,27924,4476456960,5141110784,2403,1785,1095504,25,4379242496,1983,2038755,350025,7768903,23266,3341697024,1,27924:10,94.34684462544615,936483,364591904,2624628
85602473,27924,4485107712,5141110784,2413,1786,1097630,25,4379242496,1983,2038764,350026,7768976,23266,3333181440,1,27924:11,103.94280477242236,936483,364591904,2624628
85708401,27924,4493889536,5141110784,2423,1787,1099764,25,4379242496,1983,2038775,350027,7769049,23266,3324407808,1,27924:11,103.84414994453306,936483,364591904,2624628
85814215,27924,4502671360,5141110784,2433,1787,1101904,25,4379242496,1983,2038786,350027,7769122,23266,3315634176,1,27924:10,94.50577449183301,936483,364591904,2624628
85920057,27924,4511453184,5141110784,2443,1788,1104047,25,4379242496,1983,2038796,350028,7769196,23266,3306860544,1,27924:11,103.92791099031706,936483,364591904,2624628
86025941,27924,4513419264,5141110784,2445,1790,1104536,25,4386062336,1984,2038798,350030,7769275,23267,3305336832,1,27924:4,37.77745308056855,936495,364603176,2624712
86131191,27924,4513419264,5141110784,2445,1793,1104536,25,4393926656,1984,2038798,350036,7769353,23267,3305439232,1,27924:3,28.503555904109707,936511,364619560,2624808
86237064,27924,4513419264,5141110784,2445,1795,1104536,25,4402315264,1984,2038799,350039,7769434,23267,3305598976,1,27924:2,18.89046602241299,936526,364634920,2624908
86343265,27924,4513419264,5141110784,2445,1798,1104536,25,4410179584,1984,2038799,350042,7769516,23267,3305463808,1,27924:3,28.248386214422176,936541,364650280,2625008
86449529,27924,4513419264,5141110784,2446,1800,1104536,25,4418043904,1984,2038799,350045,7769597,23267,3305586688,1,27924:3,28.231639017164046,936556,364665640,2625096
86554776,27924,4513419264,5141110784,2446,1803,1104536,25,4425908224,1984,2038799,350048,7769678,23267,3305451520,1,27924:3,28.504402234133234,936571,364681000,2625188
86659955,27924,4513419264,5141110784,2446,1805,1104536,25,4433772544,1984,2038799,350051,7769759,23267,3305574400,1,27924:2,19.015099966944152,936586,364696360,2625284
86765264,27924,4513419264,5141110784,2446,1808,1104536,25,4441636864,1984,2038800,350061,7769829,23267,3304873984,1,27924:3,28.487575528515507,936601,364711720,2625384
86870531,27924,4513419264,5141110784,2446,1811,1104536,25,4450025472,1984,2038800,350064,7769909,23267,3305029632,1,27924:3,28.49914496865265,936617,364728104,2625476
86976836,27924,4513419264,5141110784,2446,1813,1104536,25,4457889792,1984,2038801,350067,7769991,23267,3305152512,1,27924:2,18.813723256527563,936632,364743464,2625572
87083043,27924,4513419264,5141110784,2446,1815,1104536,25,4465754112,1984,2038802,350069,7770072,23267,3305017344,1,27924:2,18.831208291109842,936647,364758824,2625672
87188739,27924,4513419264,5141110784,2446,1818,1104536,25,4473618432,1984,2038802,350072,7770154,23267,3305140224,1,27924:3,28.38327207639785,936663,364775208,2625764
87294380,27924,4513419264,5141110784,2446,1820,1104536,25,4481482752,1984,2038803,350073,7770235,23267,3305263104,1,27924:2,18.93198805402913,936678,364790568,2625856
87400181,27924,4519579648,5141110784,2452,1821,1106024,25,4483575808,1986,2038810,350076,7770310,23267,3298983936,1,27924:7,66.16209249526693,936683,364795680,2625888
87506353,27924,4528230400,5141110784,2462,1821,1108152,25,4483575808,1986,2038821,350077,7770382,23267,3290492928,1,27924:10,94.18689503698452,936683,364795680,2625888
87612230,27924,4537012224,5141110784,2472,1822,1110281,25,4483575808,1986,2038831,350078,7770456,23267,3281719296,1,27924:11,103.8942512175084,936683,364795680,2625888
87718003,27924,4545662976,5141110784,2481,1823,1112398,25,4483575808,1986,2038841,350080,7770529,23267,3272687616,1,27924:11,94.54128991568714,936683,364795680,2625888
87823945,27924,4554444800,5141110784,2490,1825,1114534,25,4483575808,1986,2038850,350082,7770602,23267,3263913984,1,27924:10,103.83063102159846,936683,364795680,2625888
87929836,27924,4563095552,5141110784,2500,1826,1116666,25,4483575808,1986,2038860,350083,7770676,23267,3255398400,1,27924:11,103.880800672037,936683,364795680,2625888
88035732,27924,4571877376,5141110784,2510,1827,1118788,25,4483575808,1986,2038870,350086,7770747,23267,3246702592,1,27924:11,103.87577416843878,936683,364795680,2625888
88141524,27924,4580528128,5141110784,2519,1828,1120916,25,4483575808,1986,2038880,350087,7770820,23267,3237928960,1,27924:11,94.52434818656174,936683,364795680,2625888
88247408,27924,4589309952,5141110784,2529,1829,1123049,25,4483575808,1986,2038890,350089,7770893,23267,3229155328,1,27924:10,103.8872601097958,936683,364795680,2625888
88353270,27924,4597960704,5141110784,2537,1831,1125185,25,4483575808,1986,2038900,350090,7770967,23267,3220381696,1,27924:11,94.46310998762146,936683,364795680,2625888
88459201,27924,4606742528,5141110784,2547,1832,1127304,25,4483575808,1986,2038909,350092,7771040,23267,3211866112,1,27924:10,103.84112670114658,936683,364795680,2625888
88565061,27924,4615393280,5141110784,2557,1832,1129438,25,4483575808,1986,2038920,350092,7771114,23267,3203092480,1,27924:10,94.46418882439147,936683,364795680,2625888
88670916,27924,4617228288,5141110784,2559,1835,1129880,25,4490395648,1987,2038922,350097,7771190,23268,3201036288,1,27924:5,47.234473978806975,936696,364807976,2625964
88777172,27924,4617228288,5141110784,2559,1838,1129880,25,4498784256,1987,2038923,350100,7771271,23268,3200987136,1,27924:3,28.233676095494157,936711,364823336,2626060
88883629,27924,4617228288,5141110784,2559,1841,1129880,25,4506648576,1987,2038923,350103,7771352,23268,3201110016,1,27924:3,28.18028143421626,936726,364838696,2626164
88989179,27924,4617228288,5141110784,2559,1843,1129880,25,4514512896,1987,2038923,350107,7771433,23268,3200974848,1,27924:2,18.948369652905093,936741,364854056,2626264
89094391,27924,4617228288,5141110784,2559,1846,1129880,25,4522377216,1987,2038923,350109,7771514,23268,3201097728,1,27924:3,28.514008690100372,936756,364869416,2626352
89199619,27924,4617228288,5141110784,2560,1847,1129880,25,4530241536,1987,2038924,350111,7771595,23268,3200999424,1,27924:2,19.006366001731802,936772,364885800,2626444
89305679,27924,4617228288,5141110784,2560,1850,1129880,25,4538630144,1987,2038924,350116,7771674,23268,3201404928,1,27924:3,28.28591752407254,936787,364901160,2626540
89412224,27924,4617228288,5141110784,2560,1853,1129880,25,4546494464,1987,2038924,350119,7771755,23268,3201269760,1,27924:3,28.156962640112447,936802,364916520,2626636
89518353,27924,4617228288,5141110784,2560,1856,1129880,25,4554358784,1987,2038925,350122,7771836,23268,3201392640,1,27924:3,28.267427997702082,936818,364931880,2626732
89623888,27924,4617228288,5141110784,2560,1858,1129880,25,4562223104,1987,2038925,350124,7771917,23268,3201257472,1,27924:2,18.951182436286693,936834,364948264,2626824
89729611,27924,4617228288,5141110784,2561,1860,1129880,25,4570087424,1987,2038925,350126,7771999,23268,3201331200,1,27924:3,28.375945601193546,936849,364963624,2626920
89835874,27924,4617228288,5141110784,2561,1862,1129880,25,4578476032,1987,2038926,350129,7772081,23268,3201220608,1,27924:2,18.821314076669715,936864,364978984,2627024
89942006,27924,4617228288,5141110784,2561,1864,1129880,25,4586340352,1987,2038926,350134,7772161,23268,3201626112,1,27924:2,18.84437492628905,936879,364994344,2627128
90048407,27924,4623650816,5141110784,2566,1867,1131459,25,4587909120,1989,2038934,350136,7772236,23268,3194667008,1,27924:8,75.18702584711906,936884,364999456,2627152
90154257,27924,4632432640,5141110784,2576,1868,1133584,25,4587909120,1989,2038944,350138,7772309,23268,3186151424,1,27924:11,103.92120105019744,936884,364999456,2627152
90260176,27924,4641214464,5141110784,2586,1868,1135716,25,4587909120,1989,2038955,350138,7772382,23268,3177377792,1,27924:10,94.41179333209347,936884,364999456,2627152
90365985,27924,4649865216,5141110784,2596,1869,1137846,25,4587909120,1989,2038965,350138,7772456,23268,3168604160,1,27924:11,103.960937225995,936884,364999456,2627152
90471874,27924,4658647040,5141110784,2606,1869,1139976,25,4587909120,1989,2038975,350139,7772529,23268,3159830528,1,27924:10,94.43824467861268,936884,364999456,2627152
90577648,27924,4667297792,5141110784,2616,1869,1142100,25,4587909120,1989,2038986,350142,7772600,23268,3150815232,1,27924:11,94.54169928040153,936884,364999456,2627152
90683561,27924,4676079616,5141110784,2627,1870,1144227,25,4587909120,1989,2038997,350142,7772674,23268,3141783552,1,27924:11,113.30016898909037,936884,364999456,2627152
90789403,27924,4684730368,5141110784,2637,1871,1146358,25,4587909120,1989,2039007,350144,7772747,23268,3133009920,1,27924:11,103.92876918679792,936884,364999456,2627152
90895240,27924,4693512192,5141110784,2647,1871,1148489,25,4587909120,1989,2039018,350144,7772820,23268,3124236288,1,27924:10,94.48494047996763,936884,364999456,2627152
91001050,27924,4702162944,5141110784,2657,1872,1150617,25,4587909120,1989,2039028,350145,7772894,23268,3115466752,1,27924:11,103.95913627196074,936884,364999456,2627152
91106928,27924,4710944768,5141110784,2666,1873,1152744,25,4587909120,1989,2039038,350146,7772967,23268,3107123200,1,27924:10,94.44902133907519,936884,364999456,2627152
91213518,27924,4719726592,5141110784,2675,1874,1154898,25,4587909120,1989,2039048,350150,7773039,23268,3098464256,1,27924:11,93.81684508848083,936884,364999456,2627152
91319274,27924,4721037312,5141110784,2678,1876,1155224,25,4595253248,1990,2039049,350152,7773118,23268,3097280512,1,27924:4,47.27857836643265,936897,365011752,2627232
91424600,27924,4721037312,5141110784,2678,1878,1155224,25,4603117568,1990,2039050,350155,7773199,23268,3097120768,1,27924:2,18.98878708324977,936913,365028136,2627324
91530756,27924,4721037312,5141110784,2678,1881,1155224,25,4611506176,1990,2039050,350157,7773281,23268,3097243648,1,27924:3,28.260349677175906,936928,365043496,2627420
91637024,27924,4721037312,5141110784,2678,1883,1155224,25,4619370496,1990,2039050,350161,7773363,23268,3097366528,1,27924:2,18.820317824164988,936944,365058856,2627520
91743283,27924,4721037312,5141110784,2678,1885,1155224,25,4627234816,1990,2039051,350166,7773443,23268,3096997888,1,27924:2,18.82183819210146,936959,365074216,2627628
91849507,27924,4721037312,5141110784,2678,1888,1155224,25,4635099136,1990,2039051,350177,7773515,23268,3097124864,1,27924:3,28.242136821912528,936975,365090600,2627716
91955302,27924,4721037312,5141110784,2678,1891,1155224,25,4642963456,1990,2039051,350180,7773595,23268,3096510464,1,27924:3,28.35677936441625,936990,365105960,2627808
92061418,27924,4721037312,5141110784,2678,1893,1155224,25,4651352064,1990,2039052,350183,7773677,23268,3096633344,1,27924:2,18.84739384881565,937005,365121320,2627912
92167805,27924,4721037312,5141110784,2678,1895,1155224,25,4659216384,1990,2039052,350185,7773758,23268,3096498176,1,27924:2,18.799252101833932,937020,365136680,2628000
92272968,27924,4721037312,5141110784,2678,1897,1155224,25,4667080704,1990,2039052,350186,7773840,23268,3096621056,1,27924:2,19.01816606664511,937035,365152040,2628092
92378223,27924,4721037312,5141110784,2678,1899,1155224,25,4674945024,1990,2039053,350191,7773918,23268,3095822336,1,27924:2,19.001310140334176,937050,365167400,2628192
92483657,27924,4721037312,5141110784,2678,1902,1155224,25,4682809344,1990,2039053,350194,7773999,23268,3095945216,1,27924:3,28.45388098227198,937066,365183784,2628284
92589311,27924,4721037312,5141110784,2678,1905,1155224,25,4691197952,1990,2039054,350198,7774081,23268,3095785472,1,27924:3,28.394711784021194,937081,365199144,2628380
92695523,27924,4727853056,5141110784,2684,1907,1156896,25,4692242432,1992,2039062,350199,7774155,23268,3088572416,1,27924:8,75.32075531954717,937085,365203232,2628408
92801377,27924,4736634880,5141110784,2693,1909,1159022,25,4692242432,1992,2039071,350201,7774229,23268,3080056832,1,27924:11,103.91715233371237,937085,365203232,2628408
92907266,27924,4745285632,5141110784,2703,1909,1161150,25,4692242432,1992,2039082,350202,7774302,23268,3071283200,1,27924:10,94.43809484667183,937085,365203232,2628408
93013195,27924,4754067456,5141110784,2712,1911,1163279,25,4692242432,1992,2039091,350206,7774373,23268,3062771712,1,27924:11,103.843496069906,937085,365203232,2628408
93119038,27924,4762849280,5141110784,2722,1912,1165413,25,4692242432,1992,2039101,350207,7774446,23268,3053998080,1,27924:11,103.92737879778868,937085,365203232,2628408
93224951,27924,4771500032,5141110784,2731,1914,1167553,25,4692242432,1992,2039111,350208,7774520,23268,3045224448,1,27924:11,103.8588971512628,937085,365203232,2628408
93330833,27924,4780281856,5141110784,2740,1915,1169692,25,4692242432,1992,2039121,350210,7774593,23268,3036450816,1,27924:10,94.44474677257273,937085,365203232,2628408
93436712,27924,4789063680,5141110784,2750,1916,1171831,25,4692242432,1992,2039131,350211,7774666,23268,3027677184,1,27924:11,103.89204339763324,937085,365203232,2628408
93542509,27924,4797845504,5141110784,2761,1916,1173970,25,4692242432,1992,2039142,350214,7774738,23268,3018952704,1,27924:11,103.97281054291861,937085,365203232,2628408
93648607,27924,4806627328,5141110784,2770,1917,1176107,25,4692242432,1992,2039152,350215,7774811,23268,3010179072,1,27924:10,94.25232809141157,937085,365203232,2628408
93754444,27924,4815409152,5141110784,2779,1918,1178245,25,4692242432,1992,2039160,350217,7774884,23268,3001405440,1,27924:10,94.4851252775914,937085,365203232,2628408
93860318,27924,4824059904,5141110784,2789,1919,1180380,25,4692242432,1992,2039172,350218,7774958,23268,2992631808,1,27924:11,103.89686834153898,937085,365203232,2628408
93966078,27924,4824846336,5141110784,2790,1922,1180568,25,4700110848,1993,2039172,350220,7775038,23269,2991955968,1,27924:4,37.821461860393455,937100,365217576,2628496
94071942,27924,4824846336,5141110784,2790,1924,1180568,25,4708499456,1993,2039172,350224,7775119,23269,2992115712,1,27924:2,18.89216870581966,937115,365232936,2628588
94178250,27924,4824846336,5141110784,2790,1926,1180568,25,4716363776,1993,2039173,350228,7775199,23269,2992435200,1,27924:3,18.81322914667369,937130,365248296,2628684
94283957,27924,4824846336,5141110784,2790,1929,1180568,25,4724228096,1993,2039173,350230,7775280,23269,2992533504,1,27924:2,28.380285188377407,937146,365264680,2628776
94390067,27924,4824846336,5141110784,2790,1931,1180568,25,4732616704,1993,2039174,350233,7775362,23269,2992398336,1,27924:2,18.8484965294122,937161,365280040,2628872
94496229,27924,4824846336,5141110784,2790,1934,1180568,25,4740481024,1993,2039174,350235,7775443,23269,2992521216,1,27924:3,28.25863029401654,937176,365295400,2628964
94601532,27924,4824846336,5141110784,2790,1936,1180568,25,4748869632,1993,2039175,350237,7775525,23269,2992422912,1,27924:2,18.99281428713183,937192,365311784,2629064
94707932,27924,4824846336,5141110784,2790,1938,1180568,25,4756733952,1993,2039175,350240,7775606,23269,2991390720,1,27924:2,18.797021454055628,937207,365327144,2629156
94814020,27924,4824846336,5141110784,2790,1940,1180568,25,4764598272,1993,2039176,350243,7775686,23269,2991857664,1,27924:2,18.852249771873637,937223,365343528,2629252
94920006,27924,4824846336,5141110784,2790,1942,1180568,25,4772986880,1993,2039176,350246,7775767,23269,2991697920,1,27924:2,18.870474178596094,937238,365358888,2629344
95026208,27924,4824846336,5141110784,2791,1944,1180568,25,4780851200,1993,2039177,350248,7775849,23269,2992025600,1,27924:3,28.248020482300674,937253,365374248,2629436
95131680,27924,4824846336,5141110784,2791,1946,1180568,25,4788715520,1993,2039177,350250,7775930,23269,2991890432,1,27924:2,18.96225494888307,937268,365389608,2629528
95237046,27924,4824846336,5141110784,2791,1948,1180568,25,4796575744,1993,2039178,350251,7776011,23269,2992013312,1,27924:2,18.981563387806276,937283,365404968,2629620
95342348,27924,4833103872,5141110784,2800,1949,1182573,25,4796575744,1995,2039187,350255,7776083,23269,2984071168,1,27924:10,94.9648984094956,937285,365407008,2629628
95448232,27924,4841754624,5141110784,2810,1949,1184698,25,4796575744,1995,2039197,350256,7776156,23269,2975297536,1,27924:10,94.44322418551951,937285,365407008,2629628
95554088,27924,4850405376,5141110784,2819,1951,1186813,25,4796575744,1995,2039206,350258,7776229,23269,2966523904,1,27924:12,103.91408360895049,937285,365407008,2629628
95659960,27924,4859056128,5141110784,2828,1952,1188928,25,4796575744,1995,2039216,350259,7776303,23269,2958008320,1,27924:9,94.45429996352648,937285,365407008,2629628
95765828,27924,4867837952,5141110784,2838,1954,1191055,25,4796575744,1995,2039226,350261,7776376,23269,2949234688,1,27924:12,113.3478365038691,937285,365407008,2629628
95871737,27924,4876619776,5141110784,2848,1954,1193189,25,4796575744,1995,2039236,350262,7776449,23269,2939883520,1,27924:10,94.42126496810744,937285,365407008,2629628
95978548,27924,4885401600,5141110784,2858,1955,1195343,25,4796575744,1995,2039246,350264,7776521,23269,2931269632,1,27924:11,102.98496972752133,937285,365407008,2629628
96084488,27924,4894052352,5141110784,2868,1955,1197464,25,4796575744,1995,2039258,350264,7776595,23269,2922496000,1,27924:10,94.3935614378288,937285,365407008,2629628
96190323,27924,4902834176,5141110784,2877,1957,1199596,25,4796575744,1995,2039266,350266,7776668,23269,2913722368,1,27924:11,103.93560286107882,937285,365407008,2629628
96296202,27924,4911484928,5141110784,2887,1958,1201726,25,4796575744,1995,2039277,350268,7776742,23269,2904948736,1,27924:11,103.89167445555142,937285,365407008,2629628
96401969,27924,4920266752,5141110784,2895,1960,1203857,25,4796575744,1995,2039286,350270,7776815,23269,2896433152,1,27924:10,94.54743522827036,937285,365407008,2629628
96507792,27924,4928655360,5141110784,2904,1961,1205912,25,4797104128,1996,2039295,350273,7776886,23270,2888683520,1,27924:10,94.49770035593788,937286,365407016,2629636
96613118,27924,4928655360,5141110784,2905,1963,1205912,25,4805492736,1996,2039295,350275,7776968,23270,2888843264,1,27924:3,28.483034052283724,937301,365422376,2629728
96718576,27924,4928655360,5141110784,2905,1965,1205912,25,4813357056,1996,2039296,350277,7777049,23270,2888708096,1,27924:2,18.964907127237783,937316,365437736,2629828
96823814,27924,4928655360,5141110784,2905,1967,1205912,25,4821221376,1996,2039296,350280,7777130,23270,2888830976,1,27924:2,19.00440953613144,937331,365453096,2629924
96928981,27924,4928655360,5141110784,2905,1969,1205912,25,4829085696,1996,2039297,350287,7777203,23270,2887200768,1,27924:2,19.017457902741242,937347,365469480,2630024
97036078,27924,4928655360,5141110784,2905,1971,1205912,25,4836950016,1996,2039297,350292,7777282,23270,2887659520,1,27924:2,18.674595775535654,937362,365484840,2630116
97142065,27924,4928655360,5141110784,2905,1974,1205912,25,4845338624,1996,2039297,350295,7777364,23270,2887499776,1,27924:3,28.305510965988965,937377,365500200,2630216
97248359,27924,4928655360,5141110784,2905,1976,1205912,25,4853202944,1996,2039298,350297,7777446,23270,2887622656,1,27924:2,18.815648090181146,937392,365515560,2630308
97354435,27924,4928655360,5141110784,2905,1978,1205912,25,4861067264,1996,2039298,350299,7777528,23270,2887487488,1,27924:2,18.85436770430831,937408,365530920,2630404
97460674,27924,4928655360,5141110784,2905,1980,1205912,25,4868931584,1996,2039298,350301,7777610,23270,2887610368,1,27924:2,18.825610062484365,937423,365546280,2630500
97566055,27924,4928655360,5141110784,2905,1982,1205912,25,4876795904,1996,2039299,350304,7777690,23271,2887684096,1,27924:2,18.97877165556133,937439,365562664,2630588
97672366,27924,4928655360,5141110784,2905,1984,1205912,25,4885184512,1996,2039300,350309,7777770,23271,2887454720,1,27924:2,18.81273523973252,937454,365578024,2630680
97778012,27924,4928655360,5141110784,2905,1986,1205912,25,4893048832,1996,2039300,350311,7777852,23271,2887319552,1,27924:3,18.931009796721845,937469,365593384,2630776
97883891,27924,4928655360,5141110784,2905,1989,1205912,25,4900384768,1996,2039300,350313,7777932,23271,2887405568,1,27924:2,28.33438312222801,937484,365608744,2630872
97989003,27924,4936781824,5141110784,2913,1991,1207913,25,4900384768,1998,2039310,350315,7778005,23271,2878918656,1,27924:10,95.1366288522034,937485,365609760,2630872
98094156,27924,4945563648,5141110784,2923,1991,1210029,25,4900384768,1998,2039320,350315,7778078,23271,2870145024,1,27924:10,95.09885602162534,937485,365609760,2630872
98199266,27924,4954214400,5141110784,2933,1992,1212146,25,4900384768,1998,2039329,350318,7778149,23271,2861973504,1,27924:11,104.6524064506906,937485,365609760,2630872
98304306,27924,4962865152,5141110784,2943,1992,1214261,25,4900384768,1998,2039340,350318,7778222,23271,2852941824,1,27924:10,95.2020272700495,937485,365609760,2630872
98409331,27924,4971515904,5141110784,2953,1992,1216383,25,4900384768,1998,2039351,350319,7778295,23271,2844426240,1,27924:10,95.21558718010098,937485,365609760,2630872
98514334,27924,4980166656,5141110784,2962,1994,1218485,25,4900384768,1998,2039360,350321,7778368,23271,2835652608,1,27924:11,104.75904733417556,937485,365609760,2630872
98619295,27924,4988817408,5141110784,2971,1995,1220607,25,4900384768,1998,2039369,350322,7778441,23271,2827137024,1,27924:10,95.27330280662383,937485,365609760,2630872
98724325,27924,4997468160,5141110784,2980,1997,1222726,25,4900384768,1998,2039378,350325,7778512,23271,2818199552,1,27924:11,104.73195142379757,937485,365609760,2630872
98829399,27924,5006118912,5141110784,2990,1997,1224838,25,4900384768,1998,2039389,350326,7778585,23271,2809425920,1,27924:11,95.17080766429929,937485,365609760,2630872
98934501,27924,5014900736,5141110784,3000,1998,1226966,25,4900384768,1998,2039399,350327,7778658,23271,2800910336,1,27924:10,104.66012329038641,937485,365609760,2630872
99039521,27924,5023551488,5141110784,3009,1999,1229083,25,4900384768,1998,2039408,350329,7778731,23271,2792136704,1,27924:10,95.21985564803192,937485,365609760,2630872
99144613,27924,5032202240,5141110784,3018,2001,1231204,25,4900384768,1999,2039418,350330,7778804,23271,2783571968,1,27924:11,104.6711608466599,937485,365609760,2630872
99250171,27924,5032464384,5141110784,3019,2003,1231256,25,4908773376,1999,2039418,350334,7778883,23271,2783817728,1,27924:3,28.420187162089896,937499,365624096,2630964
99355399,27924,5032464384,5141110784,3019,2005,1231256,25,4916637696,1999,2039419,350337,7778964,23271,2783940608,1,27924:2,19.00647148496621,937515,365639456,2631064
99460518,27924,5032464384,5141110784,3019,2007,1231256,25,4924502016,1999,2039420,350338,7779046,23271,2783805440,1,27924:2,19.026013288129175,937530,365654816,2631168
99565625,27924,5032464384,5141110784,3019,2008,1231256,25,4932366336,1999,2039420,350340,7779127,23271,2783928320,1,27924:1,9.514077709635734,937545,365670176,2631268
99670903,27924,5032464384,5141110784,3020,2010,1231256,25,4940230656,1999,2039420,350342,7779208,23271,2783793152,1,27924:3,28.49605406590533,937560,365685536,2631360
99776040,27924,5032464384,5141110784,3020,2012,1231256,25,4948094976,1999,2039421,350343,7779290,23271,2783916032,1,27924:2,19.022876807022303,937575,365700896,2631448
99881338,27924,5032464384,5141110784,3020,2014,1231256,25,4955959296,1999,2039422,350347,7779369,23271,2783367168,1,27924:2,18.993656080881674,937591,365717280,2631544
99986958,27924,5032464384,5141110784,3020,2016,1231256,25,4964347904,1999,2039422,350350,7779451,23271,2783526912,1,27924:2,18.935714565083707,937606,365732640,2631644
100092795,27924,5032464384,5141110784,3020,2018,1231256,25,4972212224,1999,2039423,350352,7779533,23271,2783391744,1,27924:2,18.896995416467625,937621,365748000,2631732
100198571,27924,5032464384,5141110784,3020,2020,1231256,25,4980076544,1999,2039423,350355,7779615,23271,2783514624,1,27924:2,18.90790797536315,937636,365763360,2631840
100303859,27924,5032464384,5141110784,3020,2022,1231256,25,4987940864,1999,2039423,350358,7779696,23271,2783379456,1,27924:2,18.995520125026992,937651,365778720,2631936
100409030,27924,5032464384,5141110784,3020,2024,1231256,25,4995805184,1999,2039423,350362,7779775,23271,2783895552,1,27924:2,19.01669681193445,937666,365794080,2632036
100514182,27924,5032464384,5141110784,3020,2026,1231256,25,5003669504,1999,2039424,350364,7779857,23271,2783760384,1,27924:2,19.020050118973266,937681,365809440,2632128
100619408,27924,5040197632,5141110784,3026,2030,1233142,25,5003677696,2001,2039431,350367,7779930,23271,2775760896,1,27924:10,95.03367418459374,937684,365811504,2632132
100724470,27924,5048848384,5141110784,3035,2031,1235270,25,5003677696,2001,2039441,350368,7780003,23271,2767245312,1,27924:10,95.18190346826486,937684,365811504,2632132
100829465,27924,5057630208,5141110784,3045,2031,1237394,25,5003677696,2001,2039452,350369,7780076,23271,2758471680,1,27924:10,95.24237570258039,937684,365811504,2632132
100934538,27924,5066280960,5141110784,3055,2032,1239506,25,5003677696,2001,2039462,350371,7780147,23271,2749542400,1,27924:11,104.6891756959891,937684,365811504,2632132
101039666,27924,5074931712,5141110784,3064,2034,1241620,25,5003677696,2001,2039470,350374,7780220,23271,2741276672,1,27924:11,104.63482029178886,937684,365811504,2632132
101144741,27924,5083582464,5141110784,3073,2035,1243737,25,5003677696,2001,2039480,350375,7780293,23271,2732503040,1,27924:10,95.1694861959325,937684,365811504,2632132
101249848,27924,5092233216,5141110784,3082,2037,1245856,25,5003677696,2001,2039490,350376,7780366,23271,2723729408,1,27924:11,104.65572604586461,937684,365811504,2632132
101354949,27924,5101015040,5141110784,3092,2037,1247990,25,5003677696,2001,2039500,350377,7780438,23271,2715213824,1,27924:10,95.14643388216271,937684,365811504,2632132
101460000,27924,5109665792,5141110784,3100,2040,1250120,25,5003677696,2001,2039508,350381,7780510,23271,2706821120,1,27924:11,104.71060055660728,937684,365811504,2632132
101565108,27924,5118447616,5141110784,3109,2041,1252257,25,5003677696,2001,2039519,350382,7780583,23271,2697789440,1,27924:10,95.14036162204499,937684,365811504,2632132
101670135,27924,5127229440,5141110784,3119,2042,1254396,25,5003677696,2001,2039528,350384,7780656,23271,2689015808,1,27924:11,104.73535883709779,937684,365811504,2632132
101775213,27924,5136142336,5141110784,3129,2042,1256576,25,5003677696,2001,2039539,350384,7780728,23271,2680242176,1,27924:10,95.16733515216511,937684,365811504,2632132
101880134,27924,5081128960,5104799744,3133,2049,1269400,25,5003677696,2001,2039543,350391,7780801,23271,2734354432,1,27924:11,104.84083693182033,937684,365811504,2632132
101985339,27924,5100527616,5200232448,3141,2051,1274300,25,5003677696,2001,2039552,350398,7780869,23271,2716995584,1,27924:10,95.05249212093258,937684,365811504,2632132
102095294,27924,5103149056,5262192640,3200,2051,1275979,27,5003677696,2001,2039622,350402,7780897,23271,2714419200,8,27924:59;28309:0;28310:0;28311:0;28312:0;28313:0;28314:0;28315:0,536.5820496479362,937684,365811504,2632132
102226555,27924,5103149056,5262192640,3295,2053,1275979,27,5003677696,2001,2039715,350402,7780903,23271,2714419200,8,27924:97;28309:93;28310:93;28311:96;28312:96;28313:96;28314:96;28315:95,738.986056582532,937684,365811504,2632132
102355300,27924,5103149056,5262192640,3390,2053,1275979,27,5003677696,2001,2039809,350402,7780908,23271,2714419200,8,27924:96;28309:96;28310:96;28311:96;28312:98;28313:96;28314:99;28315:97,737.8940290034607,937684,365811504,2632132
102487390,27924,5103149056,5262192640,3486,2054,1275979,27,5003677696,2001,2039906,350403,7780917,23271,2714419200,8,27924:99;28309:99;28310:99;28311:96;28312:97;28313:97;28314:96;28315:98,734.3480155494028,937684,365811504,2632132
102619631,27924,5103149056,5262192640,3581,2055,1275979,27,5003677696,2001,2040009,350403,7780923,23271,2714423296,8,27924:93;28309:93;28310:96;28311:96;28312:99;28313:99;28314:100;28315:102,725.9443645767009,937685,365811512,2632140
102751294,27924,5103149056,5262192640,3678,2055,1275979,27,5003677696,2001,2040101,350403,7780930,23271,2714423296,8,27924:99;28309:99;28310:98;28311:102;28312:97;28313:97;28314:94;28315:92,736.7316546773463,937685,365811512,2632140
102883859,27924,5103935488,5262192640,3772,2058,1276984,27,5003677696,2001,2040200,350406,7780931,23271,2713907200,8,27924:95;28309:101;28310:99;28311:95;28312:100;28313:100;28314:100;28315:103,731.7184041616883,937685,365811512,2632140
103015392,27924,5104721920,5262192640,3875,2058,1278299,27,5003677696,2001,2040296,350408,7780933,23271,2713481216,8,27924:103;28309:97;28310:103;28311:103;28312:100;28313:100;28314:102;28315:97,783.069412838893,937685,365811512,2632140
103139397,27924,5104721920,5262192640,3959,2059,1278373,27,5003677696,2001,2040378,350408,7780950,23271,2713481216,8,27924:86;28309:86;28310:83;28311:83;28312:80;28313:80;28314:82;28315:81,685.4571934160047,937685,365811512,2632140
103265186,27924,5104721920,5262192640,4051,2059,1278373,27,5003677696,2001,2040468,350408,7780957,23271,2713481216,8,27924:91;28309:91;28310:88;28311:88;28312:88;28313:95;28314:91;28315:91,731.3820595272018,937685,365811512,2632140
103390076,27924,5104721920,5262192640,4140,2059,1278373,27,5003677696,2001,2040571,350408,7780959,23271,2713481216,8,27924:91;28309:91;28310:101;28311:101;28312:103;28313:96;28314:96;28315:99,712.6286810223979,937685,365811512,2632140
103519290,27924,5104721920,5262192640,4237,2059,1278374,27,5003677696,2001,2040658,350408,7780971,23271,2713481216,8,27924:95;28309:95;28310:85;28311:88;28312:88;28313:88;28314:90;28315:88,750.6920742449321,937685,365811512,2632140
103647309,27924,5104721920,5262192640,4329,2059,1278374,27,5003677696,2001,2040752,350408,7780979,23271,2713481216,8,27924:93;28309:93;28310:93;28311:94;28312:92;28313:92;28314:92;28315:92,718.6456840874192,937685,365811512,2632140
103779295,27924,5104721920,5262192640,4425,2059,1278374,27,5003677696,2001,2040855,350409,7780981,23271,2713481216,8,27924:95;28309:101;28310:101;28311:97;28312:100;28313:100;28314:101;28315:100,727.3489336041797,937685,365811512,2632140
103907352,27924,5104721920,5262192640,4520,2059,1278374,27,5003677696,2001,2040938,350410,7780992,23271,2713481216,8,27924:96;28309:90;28310:90;28311:90;28312:87;28313:87;28314:84;28315:87,741.85836989758,937685,365811512,2632140
104031307,27924,5104721920,5262192640,4609,2059,1278374,27,5003677696,2001,2041031,350410,7781000,23271,2713481216,8,27924:90;28309:90;28310:92;28311:93;28312:93;28313:93;28314:96;28315:95,718.0032655111214,937685,365811512,2632140
104163287,27924,5104721920,5262192640,4704,2060,1278374,27,5003677696,2001,2041133,350411,7781002,23271,2713481216,8,27924:94;28309:100;28310:98;28311:97;28312:100;28313:100;28314:100;28315:98,727.3806275762771,937685,365811512,2632140
104286939,27924,4832845824,5098962944,4722,2070,1278380,27,5003677696,2001,2041137,350422,7781078,23271,2980704256,8,27924:28;28309:22;28310:22;28311:22;28312:19;28313:19;28314:17;28315:17,226.4427905512314,937685,365811512,2632140
104400650,27924,4515061760,5098962944,4722,2081,1278380,27,5003677696,2001,2041138,350434,7781158,23271,3300560896,8,27924:11;28309:12;28310:12;28311:12;28312:12;28313:12;28314:11;28315:11,96.73573187528548,937685,365811512,2632140
104517735,27924,4197277696,5098962944,4722,2093,1278380,27,5003677696,2001,2041140,350450,7781239,23271,3653771264,8,27924:12;28309:11;28310:11;28311:12;28312:12;28313:12;28314:12;28315:13,102.4902981616153,937685,365811512,2632140
104642287,27924,3852705792,5098962944,4722,2105,1278380,27,5003677696,2001,2041142,350475,7781310,23271,3986505728,8,27924:12;28309:12;28310:13;28311:12;28312:12;28313:12;28314:13;28315:12,96.34509038626697,937685,365811512,2632140
104763460,27924,3494092800,5098962944,4722,2117,1278380,27,5003677696,2001,2041143,350500,7781380,23271,4335763456,8,27924:12;28309:13;28310:12;28311:12;28312:12;28313:13;28314:12;28315:12,99.03226414222202,937685,365811512,2632140
104884167,27924,3164479488,5098962944,4722,2129,1278380,27,5003677696,2001,2041144,350524,7781450,23271,4683808768,8,27924:12;28309:12;28310:12;28311:12;28312:12;28313:12;28314:12;28315:12,99.41361953498169,937685,365811512,2632140
105004165,27924,2846109696,5098962944,4722,2141,1278380,27,5003677696,2001,2041146,350549,7781520,23271,5004087296,8,27924:13;28309:12;28310:12;28311:12;28312:12;28313:11;28314:12;28315:12,100.00226755141672,937685,365811512,2632140
105123327,27924,2530484224,2822361088,4722,2153,1278380,27,5003677696,2001,2041147,350574,7781590,23271,5301309440,8,27924:11;28309:12;28310:12;28311:12;28312:12;28313:13;28314:12;28315:12,100.70327643648567,937685,365811512,2632140
105244895,27924,2238459904,2822361088,4722,2165,1278380,27,5003677696,2001,2041149,350599,7781661,23271,5606514688,8,27924:13;28309:12;28310:12;28311:12;28312:13;28313:12;28314:12;28315:12,98.71032411526697,937685,365811512,2632140
105367669,27924,1960398848,2822361088,4722,2178,1278380,27,5003677696,2001,2041150,350622,7781730,23271,5884682240,8,27924:12;28309:12;28310:12;28311:12;28312:12;28313:12;28314:12;28315:12,105.88552471571772,937685,365811512,2632140
105486558,27924,1682337792,2822361088,4722,2190,1278380,27,5003677696,2001,2041152,350648,7781801,23271,6162886656,8,27924:12;28309:12;28310:12;28311:12;28312:12;28313:12;28314:12;28315:12,100.933805078873,937685,365811512,2632140
105607554,27924,1368662016,2822361088,4722,2202,1278380,27,5003677696,2001,2041153,350672,7781871,23271,6457290752,8,27924:12;28309:12;28310:12;28311:13;28312:12;28313:12;28314:12;28315:12,99.17716671860244,937685,365811512,2632140
105729831,27924,1049894912,2822361088,4722,2214,1278380,27,5003677696,2001,2041155,350697,7781942,23271,6777171968,8,27924:12;28309:12;28310:13;28311:12;28312:12;28313:12;28314:12;28315:12,98.13778001284754,937685,365811512,2632140
105850883,27924,727932928,2822361088,4722,2226,1278380,27,5003677696,2001,2041156,350722,7782013,23271,7100461056,8,27924:12;28309:13;28310:12;28311:12;28312:12;28313:12;28314:12;28315:13,99.13104780038819,937685,365811512,2632140
105973902,27924,449871872,2822361088,4722,2238,1278380,27,5003677696,2001,2041158,350746,7782083,23271,7368884224,8,27924:13;28309:12;28310:12;28311:12;28312:12;28313:12;28314:12;28315:12,97.54612956467113,937685,365811512,2632140
106091115,27924,162799616,2822361088,4722,2250,1278380,27,5003677696,2001,2041159,350758,7782162,23271,7683837952,8,27924:11;28309:11;28310:12;28311:12;28312:12;28313:12;28314:12;28315:11,102.37757674442838,937685,365811512,2632140
106207230,27924,41320448,108822528,4728,2256,1278380,27,5003677696,2001,2041169,350761,7782241,23271,7783530496,8,27924:12;28309:12;28310:11;28311:11;28312:11;28313:12;28314:12;28315:12,103.34531986896536,937685,365811512,2632140
106323263,27924,37220352,104722432,4739,2256,1278404,27,5003677696,2001,2041182,350762,7782322,23271,7783530496,8,27924:11;28309:11;28310:12;28311:12;28312:12;28313:11;28314:11;28315:12,94.80114322594639,937685,365811512,2632140
106440951,27924,37220352,104722432,4751,2256,1278404,27,,,2041193,350763,7782398,23271,7783530496,2,27924:12;28309:12,101.96448775722166,937685,365811512,2632140
