encoded complete tensor M2_AFFINE_XOR R0 L8 in 1.968070s
encoded complete tensor M2_AFFINE_XOR R1 L8 in 2.851991s
encoded complete tensor M2_AFFINE_XOR R2 L8 in 3.513700s
encoded complete tensor M2_AFFINE_XOR R3 L8 in 4.242304s
encoded complete tensor M2_AFFINE_XOR R4 L8 in 5.014297s
encoded complete tensor M2_AFFINE_XOR R0 L16 in 1.174205s
encoded complete tensor M2_AFFINE_XOR R1 L16 in 1.827044s
encoded complete tensor M2_AFFINE_XOR R2 L16 in 2.470615s
encoded complete tensor M2_AFFINE_XOR R3 L16 in 2.940237s
encoded complete tensor M2_AFFINE_XOR R4 L16 in 3.533977s
encoded complete tensor M2_AFFINE_XOR R0 L32 in 0.914599s
encoded complete tensor M2_AFFINE_XOR R1 L32 in 1.644795s
encoded complete tensor M2_AFFINE_XOR R2 L32 in 2.263661s
encoded complete tensor M2_AFFINE_XOR R3 L32 in 2.720103s
encoded complete tensor M2_AFFINE_XOR R4 L32 in 3.148253s
encoded complete tensor M2_AFFINE_XOR R0 L64 in 2.209393s
encoded complete tensor M2_AFFINE_XOR R1 L64 in 4.661564s
encoded complete tensor M2_AFFINE_XOR R2 L64 in 7.048410s
encoded complete tensor M2_AFFINE_XOR R3 L64 in 9.407607s
encoded complete tensor M2_AFFINE_XOR R4 L64 in 11.444102s
encoded complete family control M0_LCG_JUMP R0 L32 in 1.174578s
encoded complete family control M1_LANE_AFFINE R2 L32 in 1.555480s
encoded complete family control M3_FLOAT_AFFINE R3 L32 in 1.166475s
$ g++ -O3 -march=znver3 -mavx2 -mfma -fno-omit-frame-pointer -std=c++17 /home/eugen/projekte/vBuf/research/simd_traceable_mutation_bench.cpp -o /tmp/opencode/simd-mutation-8n1xirnc/simd-traceable-bench
$ /tmp/opencode/simd-mutation-8n1xirnc/simd-traceable-bench self-test
scalar_avx2_equivalence=PASS
$ /tmp/opencode/simd-mutation-8n1xirnc/simd-traceable-bench throughput
family,rounds,length,variant,states_in_flight,cycles_per_weight,gweights_per_second,speedup_vs_scalar,materialization,correctness
M0_LCG_JUMP,0,8,scalar,1,5.967262745,0.703759285,1.000000,generate_to_buffer,PASS
M0_LCG_JUMP,0,8,avx2_basic,1,2.096242905,2.003365448,2.846663,generate_to_buffer,PASS
M0_LCG_JUMP,0,8,avx2_unrolled4,4,1.404354572,2.990429039,4.249221,generate_to_buffer,PASS
M0_LCG_JUMP,0,16,scalar,1,5.595388412,0.750596103,1.000000,generate_to_buffer,PASS
M0_LCG_JUMP,0,16,avx2_basic,1,1.883844852,2.229022060,2.969669,generate_to_buffer,PASS
M0_LCG_JUMP,0,16,avx2_unrolled4,4,1.357991695,3.092287094,4.119775,generate_to_buffer,PASS
M0_LCG_JUMP,0,32,scalar,1,5.301289558,0.792243153,1.000000,generate_to_buffer,PASS
M0_LCG_JUMP,0,32,avx2_basic,1,1.712312222,2.452698914,3.095892,generate_to_buffer,PASS
M0_LCG_JUMP,0,32,avx2_unrolled4,4,1.338565350,3.137110358,3.959782,generate_to_buffer,PASS
M0_LCG_JUMP,0,64,scalar,1,5.519054890,0.760963411,1.000000,generate_to_buffer,PASS
M0_LCG_JUMP,0,64,avx2_basic,1,1.629159451,2.577862840,3.387630,generate_to_buffer,PASS
M0_LCG_JUMP,0,64,avx2_unrolled4,4,1.273457050,3.297706947,4.333595,generate_to_buffer,PASS
M0_LCG_JUMP,1,8,scalar,1,5.971027851,0.703342580,1.000000,generate_to_buffer,PASS
M0_LCG_JUMP,1,8,avx2_basic,1,2.142405510,1.959936823,2.786603,generate_to_buffer,PASS
M0_LCG_JUMP,1,8,avx2_unrolled4,4,1.522224426,2.758455955,3.921924,generate_to_buffer,PASS
M0_LCG_JUMP,1,16,scalar,1,5.569903851,0.754001681,1.000000,generate_to_buffer,PASS
M0_LCG_JUMP,1,16,avx2_basic,1,1.894979715,2.216114114,2.939137,generate_to_buffer,PASS
M0_LCG_JUMP,1,16,avx2_unrolled4,4,1.376086235,3.051810071,4.047484,generate_to_buffer,PASS
M0_LCG_JUMP,1,32,scalar,1,5.311172724,0.790727330,1.000000,generate_to_buffer,PASS
M0_LCG_JUMP,1,32,avx2_basic,1,1.684754848,2.492799102,3.152539,generate_to_buffer,PASS
M0_LCG_JUMP,1,32,avx2_unrolled4,4,1.251447201,3.355590846,4.243676,generate_to_buffer,PASS
M0_LCG_JUMP,1,64,scalar,1,5.511805058,0.761922755,1.000000,generate_to_buffer,PASS
M0_LCG_JUMP,1,64,avx2_basic,1,1.733821392,2.421824170,3.178569,generate_to_buffer,PASS
M0_LCG_JUMP,1,64,avx2_unrolled4,4,1.307623386,3.211700340,4.215257,generate_to_buffer,PASS
M0_LCG_JUMP,2,8,scalar,1,5.948076487,0.706075411,1.000000,generate_to_buffer,PASS
M0_LCG_JUMP,2,8,avx2_basic,1,2.098335743,2.001424850,2.834577,generate_to_buffer,PASS
M0_LCG_JUMP,2,8,avx2_unrolled4,4,1.479166031,2.838984267,4.020795,generate_to_buffer,PASS
M0_LCG_JUMP,2,16,scalar,1,5.591252804,0.751141719,1.000000,generate_to_buffer,PASS
M0_LCG_JUMP,2,16,avx2_basic,1,1.830151796,2.294730599,3.054990,generate_to_buffer,PASS
M0_LCG_JUMP,2,16,avx2_unrolled4,4,1.328151226,3.162061629,4.209674,generate_to_buffer,PASS
M0_LCG_JUMP,2,32,scalar,1,5.310872555,0.790783832,1.000000,generate_to_buffer,PASS
M0_LCG_JUMP,2,32,avx2_basic,1,1.763341427,2.381343971,3.011372,generate_to_buffer,PASS
M0_LCG_JUMP,2,32,avx2_unrolled4,4,1.332647324,3.151325542,3.985066,generate_to_buffer,PASS
M0_LCG_JUMP,2,64,scalar,1,5.498567104,0.763773606,1.000000,generate_to_buffer,PASS
M0_LCG_JUMP,2,64,avx2_basic,1,1.694578171,2.477778408,3.244127,generate_to_buffer,PASS
M0_LCG_JUMP,2,64,avx2_unrolled4,4,1.327640533,3.163041700,4.141334,generate_to_buffer,PASS
M0_LCG_JUMP,3,8,scalar,1,5.958691120,0.704817602,1.000000,generate_to_buffer,PASS
M0_LCG_JUMP,3,8,avx2_basic,1,2.143537045,1.958993952,2.779434,generate_to_buffer,PASS
M0_LCG_JUMP,3,8,avx2_unrolled4,4,1.501676559,2.796433839,3.967599,generate_to_buffer,PASS
M0_LCG_JUMP,3,16,scalar,1,5.577233791,0.753028503,1.000000,generate_to_buffer,PASS
M0_LCG_JUMP,3,16,avx2_basic,1,1.797748089,2.336128613,3.102311,generate_to_buffer,PASS
M0_LCG_JUMP,3,16,avx2_unrolled4,4,1.394731522,3.010690262,3.998109,generate_to_buffer,PASS
M0_LCG_JUMP,3,32,scalar,1,5.355032444,0.784251340,1.000000,generate_to_buffer,PASS
M0_LCG_JUMP,3,32,avx2_basic,1,1.678946972,2.501421783,3.189566,generate_to_buffer,PASS
M0_LCG_JUMP,3,32,avx2_unrolled4,4,1.554428101,2.701112695,3.444193,generate_to_buffer,PASS
M0_LCG_JUMP,3,64,scalar,1,5.545050144,0.757363353,1.000000,generate_to_buffer,PASS
M0_LCG_JUMP,3,64,avx2_basic,1,1.707104921,2.459918666,3.248003,generate_to_buffer,PASS
M0_LCG_JUMP,3,64,avx2_unrolled4,4,1.235946178,3.397749256,4.486287,generate_to_buffer,PASS
M0_LCG_JUMP,4,8,scalar,1,5.961154461,0.704547783,1.000000,generate_to_buffer,PASS
M0_LCG_JUMP,4,8,avx2_basic,1,2.048057318,2.050534132,2.910426,generate_to_buffer,PASS
M0_LCG_JUMP,4,8,avx2_unrolled4,4,1.395963192,3.008468145,4.270070,generate_to_buffer,PASS
M0_LCG_JUMP,4,16,scalar,1,5.561492443,0.755159795,1.000000,generate_to_buffer,PASS
M0_LCG_JUMP,4,16,avx2_basic,1,1.814731121,2.314064287,3.064337,generate_to_buffer,PASS
M0_LCG_JUMP,4,16,avx2_unrolled4,4,1.289849281,3.255926459,4.311573,generate_to_buffer,PASS
M0_LCG_JUMP,4,32,scalar,1,5.317551374,0.789787660,1.000000,generate_to_buffer,PASS
M0_LCG_JUMP,4,32,avx2_basic,1,1.795495033,2.338877309,2.961400,generate_to_buffer,PASS
M0_LCG_JUMP,4,32,avx2_unrolled4,4,1.237127781,3.394699505,4.298243,generate_to_buffer,PASS
M0_LCG_JUMP,4,64,scalar,1,5.508390427,0.762446436,1.000000,generate_to_buffer,PASS
M0_LCG_JUMP,4,64,avx2_basic,1,1.789356709,2.346466402,3.077549,generate_to_buffer,PASS
M0_LCG_JUMP,4,64,avx2_unrolled4,4,1.214937687,3.456696762,4.533691,generate_to_buffer,PASS
M1_LANE_AFFINE,0,8,scalar,1,5.971498251,0.703307317,1.000000,generate_to_buffer,PASS
M1_LANE_AFFINE,0,8,avx2_basic,1,2.058581829,2.040011284,2.900597,generate_to_buffer,PASS
M1_LANE_AFFINE,0,8,avx2_unrolled4,4,0.887593746,4.730538976,6.726134,generate_to_buffer,PASS
M1_LANE_AFFINE,0,16,scalar,1,5.554252625,0.756118182,1.000000,generate_to_buffer,PASS
M1_LANE_AFFINE,0,16,avx2_basic,1,1.866291046,2.250105148,2.975864,generate_to_buffer,PASS
M1_LANE_AFFINE,0,16,avx2_unrolled4,4,0.836985111,5.016966020,6.635161,generate_to_buffer,PASS
M1_LANE_AFFINE,0,32,scalar,1,5.301569939,0.792193774,1.000000,generate_to_buffer,PASS
M1_LANE_AFFINE,0,32,avx2_basic,1,1.791208982,2.344512093,2.959518,generate_to_buffer,PASS
M1_LANE_AFFINE,0,32,avx2_unrolled4,4,0.757196903,5.546157772,7.001012,generate_to_buffer,PASS
M1_LANE_AFFINE,0,64,scalar,1,5.473382950,0.767283528,1.000000,generate_to_buffer,PASS
M1_LANE_AFFINE,0,64,avx2_basic,1,1.701357365,2.467503267,3.215895,generate_to_buffer,PASS
M1_LANE_AFFINE,0,64,avx2_unrolled4,4,0.972999334,4.314932246,5.623648,generate_to_buffer,PASS
M1_LANE_AFFINE,1,8,scalar,1,5.932105064,0.707962021,1.000000,generate_to_buffer,PASS
M1_LANE_AFFINE,1,8,avx2_basic,1,2.496786118,1.681892019,2.375681,generate_to_buffer,PASS
M1_LANE_AFFINE,1,8,avx2_unrolled4,4,1.402772427,2.993459686,4.228277,generate_to_buffer,PASS
M1_LANE_AFFINE,1,16,scalar,1,5.484137297,0.765829324,1.000000,generate_to_buffer,PASS
M1_LANE_AFFINE,1,16,avx2_basic,1,2.187646866,1.919783228,2.506803,generate_to_buffer,PASS
M1_LANE_AFFINE,1,16,avx2_unrolled4,4,1.323625088,3.172681516,4.142805,generate_to_buffer,PASS
M1_LANE_AFFINE,1,32,scalar,1,5.259502888,0.798490251,1.000000,generate_to_buffer,PASS
M1_LANE_AFFINE,1,32,avx2_basic,1,2.171294689,1.933696624,2.421691,generate_to_buffer,PASS
M1_LANE_AFFINE,1,32,avx2_unrolled4,4,1.298611164,3.233264597,4.049222,generate_to_buffer,PASS
M1_LANE_AFFINE,1,64,scalar,1,5.501861572,0.763262129,1.000000,generate_to_buffer,PASS
M1_LANE_AFFINE,1,64,avx2_basic,1,2.077467442,2.021303593,2.648243,generate_to_buffer,PASS
M1_LANE_AFFINE,1,64,avx2_unrolled4,4,1.282429218,3.274737938,4.290450,generate_to_buffer,PASS
M1_LANE_AFFINE,2,8,scalar,1,6.813460350,0.616209604,1.000000,generate_to_buffer,PASS
M1_LANE_AFFINE,2,8,avx2_basic,1,2.767573357,1.517365229,2.462417,generate_to_buffer,PASS
M1_LANE_AFFINE,2,8,avx2_unrolled4,4,1.736515045,2.417749166,3.923582,generate_to_buffer,PASS
M1_LANE_AFFINE,2,16,scalar,1,6.446602821,0.651448459,1.000000,generate_to_buffer,PASS
M1_LANE_AFFINE,2,16,avx2_basic,1,2.508241653,1.674238514,2.570025,generate_to_buffer,PASS
M1_LANE_AFFINE,2,16,avx2_unrolled4,4,1.622570515,2.588346374,3.973217,generate_to_buffer,PASS
M1_LANE_AFFINE,2,32,scalar,1,6.283421516,0.668413169,1.000000,generate_to_buffer,PASS
M1_LANE_AFFINE,2,32,avx2_basic,1,2.460506916,1.706700695,2.553362,generate_to_buffer,PASS
M1_LANE_AFFINE,2,32,avx2_unrolled4,4,1.573463917,2.669105215,3.993197,generate_to_buffer,PASS
M1_LANE_AFFINE,2,64,scalar,1,6.400399923,0.656126027,1.000000,generate_to_buffer,PASS
M1_LANE_AFFINE,2,64,avx2_basic,1,2.304214954,1.822619880,2.777850,generate_to_buffer,PASS
M1_LANE_AFFINE,2,64,avx2_unrolled4,4,1.567776203,2.678787825,4.082734,generate_to_buffer,PASS
M1_LANE_AFFINE,3,8,scalar,1,6.436679363,0.652459816,1.000000,generate_to_buffer,PASS
M1_LANE_AFFINE,3,8,avx2_basic,1,2.989113808,1.404965527,2.153336,generate_to_buffer,PASS
M1_LANE_AFFINE,3,8,avx2_unrolled4,4,2.264681339,1.854230225,2.841907,generate_to_buffer,PASS
M1_LANE_AFFINE,3,16,scalar,1,5.987049580,0.701467691,1.000000,generate_to_buffer,PASS
M1_LANE_AFFINE,3,16,avx2_basic,1,2.754075050,1.524729066,2.173627,generate_to_buffer,PASS
M1_LANE_AFFINE,3,16,avx2_unrolled4,4,2.156774998,1.947135889,2.775803,generate_to_buffer,PASS
M1_LANE_AFFINE,3,32,scalar,1,5.770075083,0.727861234,1.000000,generate_to_buffer,PASS
M1_LANE_AFFINE,3,32,avx2_basic,1,2.654600143,1.582027300,2.173529,generate_to_buffer,PASS
M1_LANE_AFFINE,3,32,avx2_unrolled4,4,2.075584888,2.023214633,2.779671,generate_to_buffer,PASS
M1_LANE_AFFINE,3,64,scalar,1,5.669298649,0.740801760,1.000000,generate_to_buffer,PASS
M1_LANE_AFFINE,3,64,avx2_basic,1,2.561834335,1.639110068,2.212616,generate_to_buffer,PASS
M1_LANE_AFFINE,3,64,avx2_unrolled4,4,1.968339443,2.133671929,2.880220,generate_to_buffer,PASS
M1_LANE_AFFINE,4,8,scalar,1,6.425273895,0.653629108,1.000000,generate_to_buffer,PASS
M1_LANE_AFFINE,4,8,avx2_basic,1,3.108215332,1.351069261,2.067027,generate_to_buffer,PASS
M1_LANE_AFFINE,4,8,avx2_unrolled4,4,2.538042068,1.654524505,2.531290,generate_to_buffer,PASS
M1_LANE_AFFINE,4,16,scalar,1,5.984776497,0.701722358,1.000000,generate_to_buffer,PASS
M1_LANE_AFFINE,4,16,avx2_basic,1,2.896618366,1.449769675,2.066016,generate_to_buffer,PASS
M1_LANE_AFFINE,4,16,avx2_unrolled4,4,2.419981956,1.735369894,2.473015,generate_to_buffer,PASS
M1_LANE_AFFINE,4,32,scalar,1,5.762154579,0.728832588,1.000000,generate_to_buffer,PASS
M1_LANE_AFFINE,4,32,avx2_basic,1,3.214319229,1.306451985,1.792527,generate_to_buffer,PASS
M1_LANE_AFFINE,4,32,avx2_unrolled4,4,2.372918129,1.769666387,2.428084,generate_to_buffer,PASS
M1_LANE_AFFINE,4,64,scalar,1,5.655600071,0.742580093,1.000000,generate_to_buffer,PASS
M1_LANE_AFFINE,4,64,avx2_basic,1,3.222810745,1.303079070,1.754799,generate_to_buffer,PASS
M1_LANE_AFFINE,4,64,avx2_unrolled4,4,2.367681026,1.773715059,2.388584,generate_to_buffer,PASS
M2_AFFINE_XOR,0,8,scalar,1,6.168715954,0.680827524,1.000000,generate_to_buffer,PASS
M2_AFFINE_XOR,0,8,avx2_basic,1,2.110141754,1.990227996,2.923248,generate_to_buffer,PASS
M2_AFFINE_XOR,0,8,avx2_unrolled4,4,0.860797405,4.878442082,7.165460,generate_to_buffer,PASS
M2_AFFINE_XOR,0,16,scalar,1,5.570294380,0.753939471,1.000000,generate_to_buffer,PASS
M2_AFFINE_XOR,0,16,avx2_basic,1,1.921355724,2.185525926,2.898808,generate_to_buffer,PASS
M2_AFFINE_XOR,0,16,avx2_unrolled4,4,0.767751217,5.469929955,7.255131,generate_to_buffer,PASS
M2_AFFINE_XOR,0,32,scalar,1,5.301740170,0.792147393,1.000000,generate_to_buffer,PASS
M2_AFFINE_XOR,0,32,avx2_basic,1,1.742793560,2.409775834,3.042080,generate_to_buffer,PASS
M2_AFFINE_XOR,0,32,avx2_unrolled4,4,0.774300098,5.423110292,6.846087,generate_to_buffer,PASS
M2_AFFINE_XOR,0,64,scalar,1,5.501040459,0.763391323,1.000000,generate_to_buffer,PASS
M2_AFFINE_XOR,0,64,avx2_basic,1,1.721414566,2.438821078,3.194719,generate_to_buffer,PASS
M2_AFFINE_XOR,0,64,avx2_unrolled4,4,0.781559944,5.373289742,7.038709,generate_to_buffer,PASS
M2_AFFINE_XOR,1,8,scalar,1,7.853320599,0.534767164,1.000000,generate_to_buffer,PASS
M2_AFFINE_XOR,1,8,avx2_basic,1,2.514550209,1.669999522,3.122854,generate_to_buffer,PASS
M2_AFFINE_XOR,1,8,avx2_unrolled4,4,1.760427475,2.385447663,4.460722,generate_to_buffer,PASS
M2_AFFINE_XOR,1,16,scalar,1,7.440170288,0.564462793,1.000000,generate_to_buffer,PASS
M2_AFFINE_XOR,1,16,avx2_basic,1,2.308530807,1.819054889,3.222630,generate_to_buffer,PASS
M2_AFFINE_XOR,1,16,avx2_unrolled4,4,1.611665726,2.605551024,4.615984,generate_to_buffer,PASS
M2_AFFINE_XOR,1,32,scalar,1,7.241410732,0.579982967,1.000000,generate_to_buffer,PASS
M2_AFFINE_XOR,1,32,avx2_basic,1,2.479022026,1.693955795,2.920699,generate_to_buffer,PASS
M2_AFFINE_XOR,1,32,avx2_unrolled4,4,1.562599182,2.686853118,4.632641,generate_to_buffer,PASS
M2_AFFINE_XOR,1,64,scalar,1,7.407616138,0.566973906,1.000000,generate_to_buffer,PASS
M2_AFFINE_XOR,1,64,avx2_basic,1,2.473855019,1.697637605,2.994208,generate_to_buffer,PASS
M2_AFFINE_XOR,1,64,avx2_unrolled4,4,1.529143810,2.746354502,4.843882,generate_to_buffer,PASS
M2_AFFINE_XOR,2,8,scalar,1,9.044365883,0.464347217,1.000000,generate_to_buffer,PASS
M2_AFFINE_XOR,2,8,avx2_basic,1,2.893714428,1.451280107,3.125420,generate_to_buffer,PASS
M2_AFFINE_XOR,2,8,avx2_unrolled4,4,2.394366980,1.753904182,3.777139,generate_to_buffer,PASS
M2_AFFINE_XOR,2,16,scalar,1,8.673132420,0.484204465,1.000000,generate_to_buffer,PASS
M2_AFFINE_XOR,2,16,avx2_basic,1,3.151243687,1.332652969,2.752253,generate_to_buffer,PASS
M2_AFFINE_XOR,2,16,avx2_unrolled4,4,2.222273827,1.889692148,3.902674,generate_to_buffer,PASS
M2_AFFINE_XOR,2,32,scalar,1,8.335384369,0.503844146,1.000000,generate_to_buffer,PASS
M2_AFFINE_XOR,2,32,avx2_basic,1,3.236078739,1.297696802,2.575592,generate_to_buffer,PASS
M2_AFFINE_XOR,2,32,avx2_unrolled4,4,2.208915710,1.901119059,3.773228,generate_to_buffer,PASS
M2_AFFINE_XOR,2,64,scalar,1,8.497594357,0.494240873,1.000000,generate_to_buffer,PASS
M2_AFFINE_XOR,2,64,avx2_basic,1,3.213668346,1.306728760,2.643911,generate_to_buffer,PASS
M2_AFFINE_XOR,2,64,avx2_unrolled4,4,2.238846302,1.875529998,3.794769,generate_to_buffer,PASS
M2_AFFINE_XOR,3,8,scalar,1,11.604097366,0.361915792,1.000000,generate_to_buffer,PASS
M2_AFFINE_XOR,3,8,avx2_basic,1,3.880132198,1.082290150,2.990447,generate_to_buffer,PASS
M2_AFFINE_XOR,3,8,avx2_unrolled4,4,3.170689821,1.324421973,3.659475,generate_to_buffer,PASS
M2_AFFINE_XOR,3,16,scalar,1,10.651335239,0.394286105,1.000000,generate_to_buffer,PASS
M2_AFFINE_XOR,3,16,avx2_basic,1,3.913817883,1.073039421,2.721474,generate_to_buffer,PASS
M2_AFFINE_XOR,3,16,avx2_unrolled4,4,2.973552704,1.412374317,3.582105,generate_to_buffer,PASS
M2_AFFINE_XOR,3,32,scalar,1,10.417307854,0.403131162,1.000000,generate_to_buffer,PASS
M2_AFFINE_XOR,3,32,avx2_basic,1,4.011119843,1.046969687,2.597094,generate_to_buffer,PASS
M2_AFFINE_XOR,3,32,avx2_unrolled4,4,2.981142998,1.408773734,3.494579,generate_to_buffer,PASS
M2_AFFINE_XOR,3,64,scalar,1,10.330460072,0.406520331,1.000000,generate_to_buffer,PASS
M2_AFFINE_XOR,3,64,avx2_basic,1,4.015505791,1.045763419,2.572475,generate_to_buffer,PASS
M2_AFFINE_XOR,3,64,avx2_unrolled4,4,2.927980900,1.434316388,3.528277,generate_to_buffer,PASS
M2_AFFINE_XOR,4,8,scalar,1,13.887153625,0.302413996,1.000000,generate_to_buffer,PASS
M2_AFFINE_XOR,4,8,avx2_basic,1,4.945166588,0.849260504,2.808271,generate_to_buffer,PASS
M2_AFFINE_XOR,4,8,avx2_unrolled4,4,3.821252346,1.098964339,3.633973,generate_to_buffer,PASS
M2_AFFINE_XOR,4,16,scalar,1,13.632297993,0.308078754,1.000000,generate_to_buffer,PASS
M2_AFFINE_XOR,4,16,avx2_basic,1,4.924208164,0.852875073,2.768367,generate_to_buffer,PASS
M2_AFFINE_XOR,4,16,avx2_unrolled4,4,3.714317322,1.130684621,3.670116,generate_to_buffer,PASS
M2_AFFINE_XOR,4,32,scalar,1,13.344377518,0.314719530,1.000000,generate_to_buffer,PASS
M2_AFFINE_XOR,4,32,avx2_basic,1,4.989206314,0.841683470,2.674392,generate_to_buffer,PASS
M2_AFFINE_XOR,4,32,avx2_unrolled4,4,3.696252823,1.136025235,3.609643,generate_to_buffer,PASS
M2_AFFINE_XOR,4,64,scalar,1,13.282713890,0.316177607,1.000000,generate_to_buffer,PASS
M2_AFFINE_XOR,4,64,avx2_basic,1,4.932369232,0.851451900,2.692954,generate_to_buffer,PASS
M2_AFFINE_XOR,4,64,avx2_unrolled4,4,3.723359585,1.127799396,3.566981,generate_to_buffer,PASS
M3_FLOAT_AFFINE,0,8,scalar,1,5.251121521,0.799700582,1.000000,generate_to_buffer,PASS
M3_FLOAT_AFFINE,0,8,avx2_basic,1,2.268055677,1.851683568,2.315471,generate_to_buffer,PASS
M3_FLOAT_AFFINE,0,8,avx2_unrolled4,4,0.925985813,4.534951410,5.670812,generate_to_buffer,PASS
M3_FLOAT_AFFINE,0,16,scalar,1,4.808981895,0.873298269,1.000000,generate_to_buffer,PASS
M3_FLOAT_AFFINE,0,16,avx2_basic,1,2.019068241,2.079798164,2.381544,generate_to_buffer,PASS
M3_FLOAT_AFFINE,0,16,avx2_unrolled4,4,0.867856979,4.839043660,5.541112,generate_to_buffer,PASS
M3_FLOAT_AFFINE,0,32,scalar,1,4.393027782,0.955938400,1.000000,generate_to_buffer,PASS
M3_FLOAT_AFFINE,0,32,avx2_basic,1,2.104844570,1.994428938,2.086357,generate_to_buffer,PASS
M3_FLOAT_AFFINE,0,32,avx2_unrolled4,4,1.054480076,3.982385346,4.165943,generate_to_buffer,PASS
M3_FLOAT_AFFINE,0,64,scalar,1,4.543030977,0.924458441,1.000000,generate_to_buffer,PASS
M3_FLOAT_AFFINE,0,64,avx2_basic,1,2.141784668,1.960753185,2.120975,generate_to_buffer,PASS
M3_FLOAT_AFFINE,0,64,avx2_unrolled4,4,0.856671572,4.902218695,5.302801,generate_to_buffer,PASS
M3_FLOAT_AFFINE,1,8,scalar,1,6.954972267,0.603833214,1.000000,generate_to_buffer,PASS
M3_FLOAT_AFFINE,1,8,avx2_basic,1,2.513558626,1.670284824,2.766136,generate_to_buffer,PASS
M3_FLOAT_AFFINE,1,8,avx2_unrolled4,4,1.136220932,3.695210406,6.119588,generate_to_buffer,PASS
M3_FLOAT_AFFINE,1,16,scalar,1,6.491053104,0.646997756,1.000000,generate_to_buffer,PASS
M3_FLOAT_AFFINE,1,16,avx2_basic,1,2.251553297,1.865022033,2.882579,generate_to_buffer,PASS
M3_FLOAT_AFFINE,1,16,avx2_unrolled4,4,1.068529129,3.929697799,6.073743,generate_to_buffer,PASS
M3_FLOAT_AFFINE,1,32,scalar,1,6.272046089,0.669599772,1.000000,generate_to_buffer,PASS
M3_FLOAT_AFFINE,1,32,avx2_basic,1,2.194045544,1.913958426,2.858362,generate_to_buffer,PASS
M3_FLOAT_AFFINE,1,32,avx2_unrolled4,4,1.027343273,4.087720769,6.104722,generate_to_buffer,PASS
M3_FLOAT_AFFINE,1,64,scalar,1,6.463846207,0.649755050,1.000000,generate_to_buffer,PASS
M3_FLOAT_AFFINE,1,64,avx2_basic,1,2.253376007,1.863340086,2.867758,generate_to_buffer,PASS
M3_FLOAT_AFFINE,1,64,avx2_unrolled4,4,1.021575451,4.110918137,6.326874,generate_to_buffer,PASS
M3_FLOAT_AFFINE,2,8,scalar,1,7.494423628,0.560360357,1.000000,generate_to_buffer,PASS
M3_FLOAT_AFFINE,2,8,avx2_basic,1,2.521429539,1.665489578,2.972176,generate_to_buffer,PASS
M3_FLOAT_AFFINE,2,8,avx2_unrolled4,4,1.308965206,3.208234023,5.725305,generate_to_buffer,PASS
M3_FLOAT_AFFINE,2,16,scalar,1,7.036753178,0.596817772,1.000000,generate_to_buffer,PASS
M3_FLOAT_AFFINE,2,16,avx2_basic,1,2.270519257,1.849682922,3.099242,generate_to_buffer,PASS
M3_FLOAT_AFFINE,2,16,avx2_unrolled4,4,1.212614536,3.463204264,5.802783,generate_to_buffer,PASS
M3_FLOAT_AFFINE,2,32,scalar,1,6.978353977,0.601842906,1.000000,generate_to_buffer,PASS
M3_FLOAT_AFFINE,2,32,avx2_basic,1,2.360140800,1.779313270,2.956441,generate_to_buffer,PASS
M3_FLOAT_AFFINE,2,32,avx2_unrolled4,4,1.241033077,3.383935941,5.622623,generate_to_buffer,PASS
M3_FLOAT_AFFINE,2,64,scalar,1,6.965656519,0.602944265,1.000000,generate_to_buffer,PASS
M3_FLOAT_AFFINE,2,64,avx2_basic,1,2.347563744,1.788951445,2.967026,generate_to_buffer,PASS
M3_FLOAT_AFFINE,2,64,avx2_unrolled4,4,1.176034927,3.571033643,5.922660,generate_to_buffer,PASS
M3_FLOAT_AFFINE,3,8,scalar,1,9.256994247,0.453614812,1.000000,generate_to_buffer,PASS
M3_FLOAT_AFFINE,3,8,avx2_basic,1,2.615477085,1.605725985,3.539845,generate_to_buffer,PASS
M3_FLOAT_AFFINE,3,8,avx2_unrolled4,4,1.475891590,2.845494214,6.272931,generate_to_buffer,PASS
M3_FLOAT_AFFINE,3,16,scalar,1,8.720826864,0.481577052,1.000000,generate_to_buffer,PASS
M3_FLOAT_AFFINE,3,16,avx2_basic,1,2.582942963,1.625868744,3.376134,generate_to_buffer,PASS
M3_FLOAT_AFFINE,3,16,avx2_unrolled4,4,1.370548725,3.064139166,6.362718,generate_to_buffer,PASS
M3_FLOAT_AFFINE,3,32,scalar,1,8.347030163,0.503129155,1.000000,generate_to_buffer,PASS
M3_FLOAT_AFFINE,3,32,avx2_basic,1,2.649353027,1.585063840,3.150411,generate_to_buffer,PASS
M3_FLOAT_AFFINE,3,32,avx2_unrolled4,4,1.415269375,2.967198351,5.897488,generate_to_buffer,PASS
M3_FLOAT_AFFINE,3,64,scalar,1,8.567589283,0.490188239,1.000000,generate_to_buffer,PASS
M3_FLOAT_AFFINE,3,64,avx2_basic,1,2.656983376,1.580476761,3.224224,generate_to_buffer,PASS
M3_FLOAT_AFFINE,3,64,avx2_unrolled4,4,1.483171463,2.830802624,5.774930,generate_to_buffer,PASS
M3_FLOAT_AFFINE,4,8,scalar,1,11.017311573,0.381188883,1.000000,generate_to_buffer,PASS
M3_FLOAT_AFFINE,4,8,avx2_basic,1,2.875880241,1.460136701,3.830481,generate_to_buffer,PASS
M3_FLOAT_AFFINE,4,8,avx2_unrolled4,4,1.615571022,2.599447053,6.819315,generate_to_buffer,PASS
M3_FLOAT_AFFINE,4,16,scalar,1,10.159057617,0.413386524,1.000000,generate_to_buffer,PASS
M3_FLOAT_AFFINE,4,16,avx2_basic,1,2.791826248,1.504136973,3.638573,generate_to_buffer,PASS
M3_FLOAT_AFFINE,4,16,avx2_unrolled4,4,1.641716480,2.557990641,6.187891,generate_to_buffer,PASS
M3_FLOAT_AFFINE,4,32,scalar,1,9.966225863,0.421390583,1.000000,generate_to_buffer,PASS
M3_FLOAT_AFFINE,4,32,avx2_basic,1,2.870362759,1.463110758,3.472101,generate_to_buffer,PASS
M3_FLOAT_AFFINE,4,32,avx2_unrolled4,4,1.553757191,2.702851579,6.414124,generate_to_buffer,PASS
M3_FLOAT_AFFINE,4,64,scalar,1,10.167639256,0.413045786,1.000000,generate_to_buffer,PASS
M3_FLOAT_AFFINE,4,64,avx2_basic,1,2.810661793,1.494175844,3.617458,generate_to_buffer,PASS
M3_FLOAT_AFFINE,4,64,avx2_unrolled4,4,1.527311325,2.749773655,6.657310,generate_to_buffer,PASS
$ /tmp/opencode/simd-mutation-8n1xirnc/simd-traceable-bench dot
family,rounds,length,path,cycles_per_weight,gweights_per_second,generated_weight_memory_writes,relative_difference,correctness
M0_LCG_JUMP,0,32,GENERATE_TO_BUFFER_PLUS_DOT,2.141151053,1.961525277,5120,0,PASS
M0_LCG_JUMP,0,32,DIRECT_GENERATE_AND_DOT,1.741285014,2.411969078,0,0,PASS
M0_LCG_JUMP,1,32,GENERATE_TO_BUFFER_PLUS_DOT,2.136312497,1.965964653,5120,0,PASS
M0_LCG_JUMP,1,32,DIRECT_GENERATE_AND_DOT,1.763030255,2.382225986,0,0,PASS
M0_LCG_JUMP,2,32,GENERATE_TO_BUFFER_PLUS_DOT,2.146935904,1.956238721,5120,0,PASS
M0_LCG_JUMP,2,32,DIRECT_GENERATE_AND_DOT,1.740982354,2.412372769,0,0,PASS
M0_LCG_JUMP,3,32,GENERATE_TO_BUFFER_PLUS_DOT,2.112899244,1.987755268,5120,0,PASS
M0_LCG_JUMP,3,32,DIRECT_GENERATE_AND_DOT,1.744030488,2.408179108,0,0,PASS
M0_LCG_JUMP,4,32,GENERATE_TO_BUFFER_PLUS_DOT,2.115148544,1.985635109,5120,0,PASS
M0_LCG_JUMP,4,32,DIRECT_GENERATE_AND_DOT,1.755118275,2.392945009,0,0,PASS
M1_LANE_AFFINE,0,32,GENERATE_TO_BUFFER_PLUS_DOT,2.174758387,1.931207292,5120,0,PASS
M1_LANE_AFFINE,0,32,DIRECT_GENERATE_AND_DOT,1.648417819,2.547836352,0,0,PASS
M1_LANE_AFFINE,1,32,GENERATE_TO_BUFFER_PLUS_DOT,2.505177999,1.676487135,5120,0,PASS
M1_LANE_AFFINE,1,32,DIRECT_GENERATE_AND_DOT,2.112128448,1.988477127,0,0,PASS
M1_LANE_AFFINE,2,32,GENERATE_TO_BUFFER_PLUS_DOT,2.786632454,1.507171545,5120,0,PASS
M1_LANE_AFFINE,2,32,DIRECT_GENERATE_AND_DOT,2.533599544,1.657695347,0,0,PASS
M1_LANE_AFFINE,3,32,GENERATE_TO_BUFFER_PLUS_DOT,3.095206690,1.356916695,5120,0,PASS
M1_LANE_AFFINE,3,32,DIRECT_GENERATE_AND_DOT,2.915875983,1.440368169,0,0,PASS
M1_LANE_AFFINE,4,32,GENERATE_TO_BUFFER_PLUS_DOT,3.687353253,1.139014019,5120,0,PASS
M1_LANE_AFFINE,4,32,DIRECT_GENERATE_AND_DOT,3.254734290,1.290409638,0,0,PASS
M2_AFFINE_XOR,0,32,GENERATE_TO_BUFFER_PLUS_DOT,2.115656734,1.985173429,5120,0,PASS
M2_AFFINE_XOR,0,32,DIRECT_GENERATE_AND_DOT,1.686667693,2.490050834,0,0,PASS
M2_AFFINE_XOR,1,32,GENERATE_TO_BUFFER_PLUS_DOT,2.880294722,1.458155872,5120,0,PASS
M2_AFFINE_XOR,1,32,DIRECT_GENERATE_AND_DOT,2.505880952,1.676025914,0,0,PASS
M2_AFFINE_XOR,2,32,GENERATE_TO_BUFFER_PLUS_DOT,3.605573344,1.164849355,5120,0,PASS
M2_AFFINE_XOR,2,32,DIRECT_GENERATE_AND_DOT,3.271916091,1.283631720,0,0,PASS
M2_AFFINE_XOR,3,32,GENERATE_TO_BUFFER_PLUS_DOT,4.460379624,0.941613476,5120,0,PASS
M2_AFFINE_XOR,3,32,DIRECT_GENERATE_AND_DOT,4.159985733,1.009607133,0,0,PASS
M2_AFFINE_XOR,4,32,GENERATE_TO_BUFFER_PLUS_DOT,5.421841049,0.774636769,5120,0,PASS
M2_AFFINE_XOR,4,32,DIRECT_GENERATE_AND_DOT,5.029852939,0.835004802,0,0,PASS
M3_FLOAT_AFFINE,0,32,GENERATE_TO_BUFFER_PLUS_DOT,2.574482739,1.631372449,5120,0,PASS
M3_FLOAT_AFFINE,0,32,DIRECT_GENERATE_AND_DOT,2.142940485,1.959877317,0,0,PASS
M3_FLOAT_AFFINE,1,32,GENERATE_TO_BUFFER_PLUS_DOT,2.768890136,1.516823665,5120,0,PASS
M3_FLOAT_AFFINE,1,32,DIRECT_GENERATE_AND_DOT,2.329639685,1.802812620,0,0,PASS
M3_FLOAT_AFFINE,2,32,GENERATE_TO_BUFFER_PLUS_DOT,2.932286489,1.432306288,5120,0,PASS
M3_FLOAT_AFFINE,2,32,DIRECT_GENERATE_AND_DOT,2.330249763,1.802354582,0,0,PASS
M3_FLOAT_AFFINE,3,32,GENERATE_TO_BUFFER_PLUS_DOT,3.182140338,1.319840853,5120,0,PASS
M3_FLOAT_AFFINE,3,32,DIRECT_GENERATE_AND_DOT,2.597054851,1.617190375,0,0,PASS
M3_FLOAT_AFFINE,4,32,GENERATE_TO_BUFFER_PLUS_DOT,3.437003481,1.221973052,5120,0,PASS
M3_FLOAT_AFFINE,4,32,DIRECT_GENERATE_AND_DOT,2.784337342,1.508409565,0,0,PASS
$ objdump -d -C /tmp/opencode/simd-mutation-8n1xirnc/simd-traceable-bench

/tmp/opencode/simd-mutation-8n1xirnc/simd-traceable-bench:     file format elf64-x86-64


Disassembly of section .init:

0000000000001000 <_init>:
    1000:	48 83 ec 08          	sub    $0x8,%rsp
    1004:	48 8b 05 c5 6f 00 00 	mov    0x6fc5(%rip),%rax        # 7fd0 <__gmon_start__@Base>
    100b:	48 85 c0             	test   %rax,%rax
    100e:	74 02                	je     1012 <_init+0x12>
    1010:	ff d0                	call   *%rax
    1012:	48 83 c4 08          	add    $0x8,%rsp
    1016:	c3                   	ret

Disassembly of section .plt:

0000000000001020 <printf@plt-0x10>:
    1020:	ff 35 ca 6f 00 00    	push   0x6fca(%rip)        # 7ff0 <_GLOBAL_OFFSET_TABLE_+0x8>
    1026:	ff 25 cc 6f 00 00    	jmp    *0x6fcc(%rip)        # 7ff8 <_GLOBAL_OFFSET_TABLE_+0x10>
    102c:	0f 1f 40 00          	nopl   0x0(%rax)

0000000000001030 <printf@plt>:
    1030:	ff 25 ca 6f 00 00    	jmp    *0x6fca(%rip)        # 8000 <printf@GLIBC_2.2.5>
    1036:	68 00 00 00 00       	push   $0x0
    103b:	e9 e0 ff ff ff       	jmp    1020 <_init+0x20>

0000000000001040 <memset@plt>:
    1040:	ff 25 c2 6f 00 00    	jmp    *0x6fc2(%rip)        # 8008 <memset@GLIBC_2.2.5>
    1046:	68 01 00 00 00       	push   $0x1
    104b:	e9 d0 ff ff ff       	jmp    1020 <_init+0x20>

0000000000001050 <__cxa_guard_release@plt>:
    1050:	ff 25 ba 6f 00 00    	jmp    *0x6fba(%rip)        # 8010 <__cxa_guard_release@CXXABI_1.3>
    1056:	68 02 00 00 00       	push   $0x2
    105b:	e9 c0 ff ff ff       	jmp    1020 <_init+0x20>

0000000000001060 <sinf@plt>:
    1060:	ff 25 b2 6f 00 00    	jmp    *0x6fb2(%rip)        # 8018 <sinf@GLIBC_2.2.5>
    1066:	68 03 00 00 00       	push   $0x3
    106b:	e9 b0 ff ff ff       	jmp    1020 <_init+0x20>

0000000000001070 <operator new(unsigned long)@plt>:
    1070:	ff 25 aa 6f 00 00    	jmp    *0x6faa(%rip)        # 8020 <operator new(unsigned long)@GLIBCXX_3.4>
    1076:	68 04 00 00 00       	push   $0x4
    107b:	e9 a0 ff ff ff       	jmp    1020 <_init+0x20>

0000000000001080 <operator delete(void*, unsigned long)@plt>:
    1080:	ff 25 a2 6f 00 00    	jmp    *0x6fa2(%rip)        # 8028 <operator delete(void*, unsigned long)@CXXABI_1.3.9>
    1086:	68 05 00 00 00       	push   $0x5
    108b:	e9 90 ff ff ff       	jmp    1020 <_init+0x20>

0000000000001090 <std::chrono::_V2::steady_clock::now()@plt>:
    1090:	ff 25 9a 6f 00 00    	jmp    *0x6f9a(%rip)        # 8030 <std::chrono::_V2::steady_clock::now()@GLIBCXX_3.4.19>
    1096:	68 06 00 00 00       	push   $0x6
    109b:	e9 80 ff ff ff       	jmp    1020 <_init+0x20>

00000000000010a0 <strcmp@plt>:
    10a0:	ff 25 92 6f 00 00    	jmp    *0x6f92(%rip)        # 8038 <strcmp@GLIBC_2.2.5>
    10a6:	68 07 00 00 00       	push   $0x7
    10ab:	e9 70 ff ff ff       	jmp    1020 <_init+0x20>

00000000000010b0 <fprintf@plt>:
    10b0:	ff 25 8a 6f 00 00    	jmp    *0x6f8a(%rip)        # 8040 <fprintf@GLIBC_2.2.5>
    10b6:	68 08 00 00 00       	push   $0x8
    10bb:	e9 60 ff ff ff       	jmp    1020 <_init+0x20>

00000000000010c0 <puts@plt>:
    10c0:	ff 25 82 6f 00 00    	jmp    *0x6f82(%rip)        # 8048 <puts@GLIBC_2.2.5>
    10c6:	68 09 00 00 00       	push   $0x9
    10cb:	e9 50 ff ff ff       	jmp    1020 <_init+0x20>

00000000000010d0 <_Unwind_Resume@plt>:
    10d0:	ff 25 7a 6f 00 00    	jmp    *0x6f7a(%rip)        # 8050 <_Unwind_Resume@GCC_3.0>
    10d6:	68 0a 00 00 00       	push   $0xa
    10db:	e9 40 ff ff ff       	jmp    1020 <_init+0x20>

00000000000010e0 <__cxa_guard_acquire@plt>:
    10e0:	ff 25 72 6f 00 00    	jmp    *0x6f72(%rip)        # 8058 <__cxa_guard_acquire@CXXABI_1.3>
    10e6:	68 0b 00 00 00       	push   $0xb
    10eb:	e9 30 ff ff ff       	jmp    1020 <_init+0x20>

Disassembly of section .plt.got:

00000000000010f0 <__cxa_finalize@plt>:
    10f0:	ff 25 c2 6e 00 00    	jmp    *0x6ec2(%rip)        # 7fb8 <__cxa_finalize@GLIBC_2.2.5>
    10f6:	66 90                	xchg   %ax,%ax

Disassembly of section .text:

0000000000001100 <throughput() [clone .cold]>:
    1100:	4c 89 fe             	mov    %r15,%rsi
    1103:	c5 f8 77             	vzeroupper
    1106:	48 8b bd 48 ff ff ff 	mov    -0xb8(%rbp),%rdi
    110d:	e8 6e ff ff ff       	call   1080 <operator delete(void*, unsigned long)@plt>
    1112:	4c 89 e7             	mov    %r12,%rdi
    1115:	e8 b6 ff ff ff       	call   10d0 <_Unwind_Resume@plt>
    111a:	48 8b bd 30 ff ff ff 	mov    -0xd0(%rbp),%rdi
    1121:	be 00 00 00 01       	mov    $0x1000000,%esi
    1126:	c5 f8 77             	vzeroupper
    1129:	e8 52 ff ff ff       	call   1080 <operator delete(void*, unsigned long)@plt>
    112e:	48 83 bd 40 ff ff ff 	cmpq   $0x0,-0xc0(%rbp)
    1135:	00 
    1136:	74 13                	je     114b <throughput() [clone .cold]+0x4b>
    1138:	48 8b b5 00 ff ff ff 	mov    -0x100(%rbp),%rsi
    113f:	48 8b bd 40 ff ff ff 	mov    -0xc0(%rbp),%rdi
    1146:	e8 35 ff ff ff       	call   1080 <operator delete(void*, unsigned long)@plt>
    114b:	48 8b b5 e0 fe ff ff 	mov    -0x120(%rbp),%rsi
    1152:	48 8b 85 48 ff ff ff 	mov    -0xb8(%rbp),%rax
    1159:	49 89 dc             	mov    %rbx,%r12
    115c:	48 29 c6             	sub    %rax,%rsi
    115f:	48 85 c0             	test   %rax,%rax
    1162:	75 a2                	jne    1106 <throughput() [clone .cold]+0x6>
    1164:	eb ac                	jmp    1112 <throughput() [clone .cold]+0x12>

0000000000001166 <main.cold>:
    1166:	48 8b 7d b0          	mov    -0x50(%rbp),%rdi
    116a:	be 00 50 00 00       	mov    $0x5000,%esi
    116f:	c5 f8 77             	vzeroupper
    1172:	e8 09 ff ff ff       	call   1080 <operator delete(void*, unsigned long)@plt>
    1177:	4c 89 ef             	mov    %r13,%rdi
    117a:	be 00 50 00 00       	mov    $0x5000,%esi
    117f:	4d 89 f5             	mov    %r14,%r13
    1182:	e8 f9 fe ff ff       	call   1080 <operator delete(void*, unsigned long)@plt>
    1187:	be 80 02 00 00       	mov    $0x280,%esi
    118c:	4c 89 e7             	mov    %r12,%rdi
    118f:	e8 ec fe ff ff       	call   1080 <operator delete(void*, unsigned long)@plt>
    1194:	48 89 df             	mov    %rbx,%rdi
    1197:	be 80 02 00 00       	mov    $0x280,%esi
    119c:	e8 df fe ff ff       	call   1080 <operator delete(void*, unsigned long)@plt>
    11a1:	4c 89 ef             	mov    %r13,%rdi
    11a4:	e8 27 ff ff ff       	call   10d0 <_Unwind_Resume@plt>
    11a9:	66 2e 0f 1f 84 00 00 	cs nopw 0x0(%rax,%rax,1)
    11b0:	00 00 00 
    11b3:	66 2e 0f 1f 84 00 00 	cs nopw 0x0(%rax,%rax,1)
    11ba:	00 00 00 
    11bd:	0f 1f 00             	nopl   (%rax)

00000000000011c0 <main>:
    11c0:	41 55                	push   %r13
    11c2:	4c 8d 6c 24 10       	lea    0x10(%rsp),%r13
    11c7:	48 83 e4 e0          	and    $0xffffffffffffffe0,%rsp
    11cb:	41 ff 75 f8          	push   -0x8(%r13)
    11cf:	55                   	push   %rbp
    11d0:	48 89 e5             	mov    %rsp,%rbp
    11d3:	41 57                	push   %r15
    11d5:	41 56                	push   %r14
    11d7:	41 55                	push   %r13
    11d9:	41 54                	push   %r12
    11db:	53                   	push   %rbx
    11dc:	41 89 fe             	mov    %edi,%r14d
    11df:	48 89 f3             	mov    %rsi,%rbx
    11e2:	48 83 ec 68          	sub    $0x68,%rsp
    11e6:	e8 95 1c 00 00       	call   2e80 <self_test()>
    11eb:	84 c0                	test   %al,%al
    11ed:	74 24                	je     1213 <main+0x53>
    11ef:	41 83 fe 02          	cmp    $0x2,%r14d
    11f3:	74 26                	je     121b <main+0x5b>
    11f5:	41 be 02 00 00 00    	mov    $0x2,%r14d
    11fb:	48 83 c4 68          	add    $0x68,%rsp
    11ff:	44 89 f0             	mov    %r14d,%eax
    1202:	5b                   	pop    %rbx
    1203:	41 5c                	pop    %r12
    1205:	41 5d                	pop    %r13
    1207:	41 5e                	pop    %r14
    1209:	41 5f                	pop    %r15
    120b:	5d                   	pop    %rbp
    120c:	49 8d 65 f0          	lea    -0x10(%r13),%rsp
    1210:	41 5d                	pop    %r13
    1212:	c3                   	ret
    1213:	41 be 03 00 00 00    	mov    $0x3,%r14d
    1219:	eb e0                	jmp    11fb <main+0x3b>
    121b:	48 8b 5b 08          	mov    0x8(%rbx),%rbx
    121f:	48 8d 35 5e 50 00 00 	lea    0x505e(%rip),%rsi        # 6284 <_IO_stdin_used+0x284>
    1226:	48 89 df             	mov    %rbx,%rdi
    1229:	e8 72 fe ff ff       	call   10a0 <strcmp@plt>
    122e:	85 c0                	test   %eax,%eax
    1230:	0f 84 f4 02 00 00    	je     152a <main+0x36a>
    1236:	48 8d 35 6e 50 00 00 	lea    0x506e(%rip),%rsi        # 62ab <_IO_stdin_used+0x2ab>
    123d:	48 89 df             	mov    %rbx,%rdi
    1240:	e8 5b fe ff ff       	call   10a0 <strcmp@plt>
    1245:	85 c0                	test   %eax,%eax
    1247:	0f 84 f1 02 00 00    	je     153e <main+0x37e>
    124d:	48 8d 35 62 50 00 00 	lea    0x5062(%rip),%rsi        # 62b6 <_IO_stdin_used+0x2b6>
    1254:	48 89 df             	mov    %rbx,%rdi
    1257:	e8 44 fe ff ff       	call   10a0 <strcmp@plt>
    125c:	85 c0                	test   %eax,%eax
    125e:	75 9b                	jne    11fb <main+0x3b>
    1260:	48 8d 3d 01 4f 00 00 	lea    0x4f01(%rip),%rdi        # 6168 <_IO_stdin_used+0x168>
    1267:	e8 54 fe ff ff       	call   10c0 <puts@plt>
    126c:	bf 80 02 00 00       	mov    $0x280,%edi
    1271:	c7 45 cc 00 00 00 00 	movl   $0x0,-0x34(%rbp)
    1278:	e8 f3 fd ff ff       	call   1070 <operator new(unsigned long)@plt>
    127d:	ba 7c 02 00 00       	mov    $0x27c,%edx
    1282:	31 f6                	xor    %esi,%esi
    1284:	48 89 c3             	mov    %rax,%rbx
    1287:	31 c0                	xor    %eax,%eax
    1289:	48 8d 7b 04          	lea    0x4(%rbx),%rdi
    128d:	89 03                	mov    %eax,(%rbx)
    128f:	e8 ac fd ff ff       	call   1040 <memset@plt>
    1294:	bf 80 02 00 00       	mov    $0x280,%edi
    1299:	e8 d2 fd ff ff       	call   1070 <operator new(unsigned long)@plt>
    129e:	48 8d 78 04          	lea    0x4(%rax),%rdi
    12a2:	c7 00 00 00 00 00    	movl   $0x0,(%rax)
    12a8:	ba 7c 02 00 00       	mov    $0x27c,%edx
    12ad:	31 f6                	xor    %esi,%esi
    12af:	49 89 c4             	mov    %rax,%r12
    12b2:	e8 89 fd ff ff       	call   1040 <memset@plt>
    12b7:	bf 00 50 00 00       	mov    $0x5000,%edi
    12bc:	e8 af fd ff ff       	call   1070 <operator new(unsigned long)@plt>
    12c1:	48 8d 78 04          	lea    0x4(%rax),%rdi
    12c5:	c7 00 00 00 00 00    	movl   $0x0,(%rax)
    12cb:	ba fc 4f 00 00       	mov    $0x4ffc,%edx
    12d0:	31 f6                	xor    %esi,%esi
    12d2:	49 89 c5             	mov    %rax,%r13
    12d5:	e8 66 fd ff ff       	call   1040 <memset@plt>
    12da:	bf 00 50 00 00       	mov    $0x5000,%edi
    12df:	e8 8c fd ff ff       	call   1070 <operator new(unsigned long)@plt>
    12e4:	ba fc 4f 00 00       	mov    $0x4ffc,%edx
    12e9:	c7 00 00 00 00 00    	movl   $0x0,(%rax)
    12ef:	48 8d 78 04          	lea    0x4(%rax),%rdi
    12f3:	31 f6                	xor    %esi,%esi
    12f5:	48 89 45 b0          	mov    %rax,-0x50(%rbp)
    12f9:	e8 42 fd ff ff       	call   1040 <memset@plt>
    12fe:	ba b1 79 37 9e       	mov    $0x9e3779b1,%edx
    1303:	31 c0                	xor    %eax,%eax
    1305:	c5 fd 6f 15 73 51 00 	vmovdqa 0x5173(%rip),%ymm2        # 6480 <C.1.0+0x180>
    130c:	00 
    130d:	c4 62 7d 18 05 36 4d 	vbroadcastss 0x4d36(%rip),%ymm8        # 604c <_IO_stdin_used+0x4c>
    1314:	00 00 
    1316:	c5 f9 6e e2          	vmovd  %edx,%xmm4
    131a:	ba 1d 00 00 00       	mov    $0x1d,%edx
    131f:	c4 e2 7d 59 35 98 51 	vpbroadcastq 0x5198(%rip),%ymm6        # 64c0 <C.1.0+0x1c0>
    1326:	00 00 
    1328:	c4 e2 7d 59 2d 97 51 	vpbroadcastq 0x5197(%rip),%ymm5        # 64c8 <C.1.0+0x1c8>
    132f:	00 00 
    1331:	c5 f9 6e da          	vmovd  %edx,%xmm3
    1335:	c4 e2 7d 58 e4       	vpbroadcastd %xmm4,%ymm4
    133a:	c4 e2 7d 58 db       	vpbroadcastd %xmm3,%ymm3
    133f:	c5 ed d4 fe          	vpaddq %ymm6,%ymm2,%ymm7
    1343:	c5 fd 6f ca          	vmovdqa %ymm2,%ymm1
    1347:	c4 41 7c 11 04 04    	vmovups %ymm8,(%r12,%rax,1)
    134d:	c5 ed d4 d5          	vpaddq %ymm5,%ymm2,%ymm2
    1351:	c4 e3 75 46 c7 20    	vperm2i128 $0x20,%ymm7,%ymm1,%ymm0
    1357:	c4 e3 75 46 cf 31    	vperm2i128 $0x31,%ymm7,%ymm1,%ymm1
    135d:	c5 fd 70 c0 d8       	vpshufd $0xd8,%ymm0,%ymm0
    1362:	c5 fd 70 c9 d8       	vpshufd $0xd8,%ymm1,%ymm1
    1367:	c5 fd 6c c1          	vpunpcklqdq %ymm1,%ymm0,%ymm0
    136b:	c4 e2 5d 40 c0       	vpmulld %ymm0,%ymm4,%ymm0
    1370:	c5 fd fe c3          	vpaddd %ymm3,%ymm0,%ymm0
    1374:	c5 fe 7f 04 03       	vmovdqu %ymm0,(%rbx,%rax,1)
    1379:	48 83 c0 20          	add    $0x20,%rax
    137d:	48 3d 80 02 00 00    	cmp    $0x280,%rax
    1383:	75 ba                	jne    133f <main+0x17f>
    1385:	45 31 f6             	xor    %r14d,%r14d
    1388:	c5 f8 77             	vzeroupper
    138b:	c5 e0 57 db          	vxorps %xmm3,%xmm3,%xmm3
    138f:	c4 c1 e2 2a c6       	vcvtsi2ss %r14,%xmm3,%xmm0
    1394:	c5 fa 59 05 a8 4c 00 	vmulss 0x4ca8(%rip),%xmm0,%xmm0        # 6044 <_IO_stdin_used+0x44>
    139b:	00 
    139c:	e8 bf fc ff ff       	call   1060 <sinf@plt>
    13a1:	c4 81 7a 11 44 b5 00 	vmovss %xmm0,0x0(%r13,%r14,4)
    13a8:	49 ff c6             	inc    %r14
    13ab:	49 81 fe 00 14 00 00 	cmp    $0x1400,%r14
    13b2:	75 d7                	jne    138b <main+0x1cb>
    13b4:	45 31 ff             	xor    %r15d,%r15d
    13b7:	44 89 7d b8          	mov    %r15d,-0x48(%rbp)
    13bb:	c7 45 bc 00 00 00 00 	movl   $0x0,-0x44(%rbp)
    13c2:	4c 89 e1             	mov    %r12,%rcx
    13c5:	48 89 da             	mov    %rbx,%rdx
    13c8:	4c 8b 45 b0          	mov    -0x50(%rbp),%r8
    13cc:	8b 75 bc             	mov    -0x44(%rbp),%esi
    13cf:	8b 7d b8             	mov    -0x48(%rbp),%edi
    13d2:	e8 69 0d 00 00       	call   2140 <generate_avx2_basic(Family, int, unsigned int const*, float const*, unsigned long, int, float*) [clone .constprop.0]>
    13d7:	c5 f0 57 c9          	vxorps %xmm1,%xmm1,%xmm1
    13db:	31 c0                	xor    %eax,%eax
    13dd:	48 8b 75 b0          	mov    -0x50(%rbp),%rsi
    13e1:	c5 fc 10 24 86       	vmovups (%rsi,%rax,4),%ymm4
    13e6:	c4 c2 5d b8 4c 85 00 	vfmadd231ps 0x0(%r13,%rax,4),%ymm4,%ymm1
    13ed:	48 83 c0 08          	add    $0x8,%rax
    13f1:	48 3d 00 14 00 00    	cmp    $0x1400,%rax
    13f7:	75 e4                	jne    13dd <main+0x21d>
    13f9:	c5 f8 28 c1          	vmovaps %xmm1,%xmm0
    13fd:	c4 e3 7d 19 c9 01    	vextractf128 $0x1,%ymm1,%xmm1
    1403:	8b 75 bc             	mov    -0x44(%rbp),%esi
    1406:	8b 7d b8             	mov    -0x48(%rbp),%edi
    1409:	c5 f8 58 c1          	vaddps %xmm1,%xmm0,%xmm0
    140d:	4c 89 e1             	mov    %r12,%rcx
    1410:	4d 89 e8             	mov    %r13,%r8
    1413:	48 89 da             	mov    %rbx,%rdx
    1416:	c5 fb 7c c0          	vhaddps %xmm0,%xmm0,%xmm0
    141a:	c5 fb 7c c0          	vhaddps %xmm0,%xmm0,%xmm0
    141e:	c5 fa 11 45 a8       	vmovss %xmm0,-0x58(%rbp)
    1423:	c5 f8 77             	vzeroupper
    1426:	e8 65 13 00 00       	call   2790 <direct_generate_dot(Family, int, unsigned int const*, float const*, unsigned long, int, float const*) [clone .constprop.0]>
    142b:	48 c7 c1 ff ff ff ff 	mov    $0xffffffffffffffff,%rcx
    1432:	4c 89 7d 88          	mov    %r15,-0x78(%rbp)
    1436:	c5 fa 10 4d a8       	vmovss -0x58(%rbp),%xmm1
    143b:	c5 f8 28 d0          	vmovaps %xmm0,%xmm2
    143f:	c7 45 a8 05 00 00 00 	movl   $0x5,-0x58(%rbp)
    1446:	49 89 ce             	mov    %rcx,%r14
    1449:	c5 f0 54 05 bf 4e 00 	vandps 0x4ebf(%rip),%xmm1,%xmm0        # 6310 <C.1.0+0x10>
    1450:	00 
    1451:	c5 fa 10 2d f7 4b 00 	vmovss 0x4bf7(%rip),%xmm5        # 6050 <_IO_stdin_used+0x50>
    1458:	00 
    1459:	48 8b 05 40 50 00 00 	mov    0x5040(%rip),%rax        # 64a0 <C.1.0+0x1a0>
    1460:	48 89 45 a0          	mov    %rax,-0x60(%rbp)
    1464:	c5 f2 5c d2          	vsubss %xmm2,%xmm1,%xmm2
    1468:	c5 e8 54 15 a0 4e 00 	vandps 0x4ea0(%rip),%xmm2,%xmm2        # 6310 <C.1.0+0x10>
    146f:	00 
    1470:	c5 d2 5f c0          	vmaxss %xmm0,%xmm5,%xmm0
    1474:	c5 ea 5e d0          	vdivss %xmm0,%xmm2,%xmm2
    1478:	c5 ea 5a d2          	vcvtss2sd %xmm2,%xmm2,%xmm2
    147c:	c5 fb 11 55 90       	vmovsd %xmm2,-0x70(%rbp)
    1481:	e8 0a fc ff ff       	call   1090 <std::chrono::_V2::steady_clock::now()@plt>
    1486:	48 89 45 98          	mov    %rax,-0x68(%rbp)
    148a:	0f 31                	rdtsc
    148c:	49 89 c7             	mov    %rax,%r15
    148f:	48 c1 e2 20          	shl    $0x20,%rdx
    1493:	4c 89 e0             	mov    %r12,%rax
    1496:	49 89 dc             	mov    %rbx,%r12
    1499:	49 09 d7             	or     %rdx,%r15
    149c:	ba 00 80 00 00       	mov    $0x8000,%edx
    14a1:	89 d3                	mov    %edx,%ebx
    14a3:	66 66 2e 0f 1f 84 00 	data16 cs nopw 0x0(%rax,%rax,1)
    14aa:	00 00 00 00 
    14ae:	66 90                	xchg   %ax,%ax
    14b0:	4c 8b 45 b0          	mov    -0x50(%rbp),%r8
    14b4:	8b 75 bc             	mov    -0x44(%rbp),%esi
    14b7:	48 89 c1             	mov    %rax,%rcx
    14ba:	4c 89 e2             	mov    %r12,%rdx
    14bd:	8b 7d b8             	mov    -0x48(%rbp),%edi
    14c0:	48 89 45 80          	mov    %rax,-0x80(%rbp)
    14c4:	e8 77 0c 00 00       	call   2140 <generate_avx2_basic(Family, int, unsigned int const*, float const*, unsigned long, int, float*) [clone .constprop.0]>
    14c9:	48 8b 45 80          	mov    -0x80(%rbp),%rax
    14cd:	c5 f0 57 c9          	vxorps %xmm1,%xmm1,%xmm1
    14d1:	31 d2                	xor    %edx,%edx
    14d3:	66 66 2e 0f 1f 84 00 	data16 cs nopw 0x0(%rax,%rax,1)
    14da:	00 00 00 00 
    14de:	66 90                	xchg   %ax,%ax
    14e0:	48 8b 75 b0          	mov    -0x50(%rbp),%rsi
    14e4:	c5 fc 10 34 96       	vmovups (%rsi,%rdx,4),%ymm6
    14e9:	c4 c2 4d b8 4c 95 00 	vfmadd231ps 0x0(%r13,%rdx,4),%ymm6,%ymm1
    14f0:	48 83 c2 08          	add    $0x8,%rdx
    14f4:	48 81 fa 00 14 00 00 	cmp    $0x1400,%rdx
    14fb:	75 e3                	jne    14e0 <main+0x320>
    14fd:	c5 f8 28 c1          	vmovaps %xmm1,%xmm0
    1501:	c4 e3 7d 19 c9 01    	vextractf128 $0x1,%ymm1,%xmm1
    1507:	ff cb                	dec    %ebx
    1509:	c5 f8 58 c1          	vaddps %xmm1,%xmm0,%xmm0
    150d:	c5 fa 10 4d cc       	vmovss -0x34(%rbp),%xmm1
    1512:	c5 fb 7c c0          	vhaddps %xmm0,%xmm0,%xmm0
    1516:	c5 fb 7c c0          	vhaddps %xmm0,%xmm0,%xmm0
    151a:	c5 fa 58 c1          	vaddss %xmm1,%xmm0,%xmm0
    151e:	c5 fa 11 45 cc       	vmovss %xmm0,-0x34(%rbp)
    1523:	74 3b                	je     1560 <main+0x3a0>
    1525:	c5 f8 77             	vzeroupper
    1528:	eb 86                	jmp    14b0 <main+0x2f0>
    152a:	48 8d 3d 5d 4d 00 00 	lea    0x4d5d(%rip),%rdi        # 628e <_IO_stdin_used+0x28e>
    1531:	45 31 f6             	xor    %r14d,%r14d
    1534:	e8 87 fb ff ff       	call   10c0 <puts@plt>
    1539:	e9 bd fc ff ff       	jmp    11fb <main+0x3b>
    153e:	48 83 c4 68          	add    $0x68,%rsp
    1542:	5b                   	pop    %rbx
    1543:	41 5c                	pop    %r12
    1545:	41 5d                	pop    %r13
    1547:	41 5e                	pop    %r14
    1549:	41 5f                	pop    %r15
    154b:	5d                   	pop    %rbp
    154c:	49 8d 65 f0          	lea    -0x10(%r13),%rsp
    1550:	41 5d                	pop    %r13
    1552:	e9 89 39 00 00       	jmp    4ee0 <throughput()>
    1557:	66 0f 1f 84 00 00 00 	nopw   0x0(%rax,%rax,1)
    155e:	00 00 
    1560:	4c 89 e3             	mov    %r12,%rbx
    1563:	49 89 c4             	mov    %rax,%r12
    1566:	0f 31                	rdtsc
    1568:	48 c1 e2 20          	shl    $0x20,%rdx
    156c:	48 89 c1             	mov    %rax,%rcx
    156f:	48 09 d1             	or     %rdx,%rcx
    1572:	48 89 4d 80          	mov    %rcx,-0x80(%rbp)
    1576:	c5 f8 77             	vzeroupper
    1579:	e8 12 fb ff ff       	call   1090 <std::chrono::_V2::steady_clock::now()@plt>
    157e:	c5 c1 57 ff          	vxorpd %xmm7,%xmm7,%xmm7
    1582:	48 8b 55 98          	mov    -0x68(%rbp),%rdx
    1586:	c5 fb 10 5d a0       	vmovsd -0x60(%rbp),%xmm3
    158b:	48 29 d0             	sub    %rdx,%rax
    158e:	c4 e1 c3 2a c0       	vcvtsi2sd %rax,%xmm7,%xmm0
    1593:	c5 fb 5e 05 05 4f 00 	vdivsd 0x4f05(%rip),%xmm0,%xmm0        # 64a0 <C.1.0+0x1a0>
    159a:	00 
    159b:	c5 f9 2f d8          	vcomisd %xmm0,%xmm3
    159f:	76 0f                	jbe    15b0 <main+0x3f0>
    15a1:	48 8b 4d 80          	mov    -0x80(%rbp),%rcx
    15a5:	c5 fb 11 45 a0       	vmovsd %xmm0,-0x60(%rbp)
    15aa:	4c 29 f9             	sub    %r15,%rcx
    15ad:	49 89 ce             	mov    %rcx,%r14
    15b0:	ff 4d a8             	decl   -0x58(%rbp)
    15b3:	0f 85 c8 fe ff ff    	jne    1481 <main+0x2c1>
    15b9:	c5 fb 10 55 90       	vmovsd -0x70(%rbp),%xmm2
    15be:	4c 8b 7d 88          	mov    -0x78(%rbp),%r15
    15c2:	4c 89 f1             	mov    %r14,%rcx
    15c5:	49 c7 c2 ff ff ff ff 	mov    $0xffffffffffffffff,%r10
    15cc:	48 8b 05 cd 4e 00 00 	mov    0x4ecd(%rip),%rax        # 64a0 <C.1.0+0x1a0>
    15d3:	c7 45 98 05 00 00 00 	movl   $0x5,-0x68(%rbp)
    15da:	4d 89 d6             	mov    %r10,%r14
    15dd:	48 89 8d 78 ff ff ff 	mov    %rcx,-0x88(%rbp)
    15e4:	4c 89 7d 80          	mov    %r15,-0x80(%rbp)
    15e8:	48 89 45 a8          	mov    %rax,-0x58(%rbp)
    15ec:	c5 fb 11 55 88       	vmovsd %xmm2,-0x78(%rbp)
    15f1:	e8 9a fa ff ff       	call   1090 <std::chrono::_V2::steady_clock::now()@plt>
    15f6:	48 89 45 90          	mov    %rax,-0x70(%rbp)
    15fa:	0f 31                	rdtsc
    15fc:	49 89 c7             	mov    %rax,%r15
    15ff:	48 c1 e2 20          	shl    $0x20,%rdx
    1603:	b8 00 80 00 00       	mov    $0x8000,%eax
    1608:	49 09 d7             	or     %rdx,%r15
    160b:	4c 89 bd 70 ff ff ff 	mov    %r15,-0x90(%rbp)
    1612:	4d 89 f7             	mov    %r14,%r15
    1615:	4d 89 ee             	mov    %r13,%r14
    1618:	4d 89 e5             	mov    %r12,%r13
    161b:	49 89 dc             	mov    %rbx,%r12
    161e:	89 c3                	mov    %eax,%ebx
    1620:	8b 75 bc             	mov    -0x44(%rbp),%esi
    1623:	8b 7d b8             	mov    -0x48(%rbp),%edi
    1626:	4d 89 f0             	mov    %r14,%r8
    1629:	4c 89 e9             	mov    %r13,%rcx
    162c:	4c 89 e2             	mov    %r12,%rdx
    162f:	e8 5c 11 00 00       	call   2790 <direct_generate_dot(Family, int, unsigned int const*, float const*, unsigned long, int, float const*) [clone .constprop.0]>
    1634:	c5 fa 10 4d cc       	vmovss -0x34(%rbp),%xmm1
    1639:	ff cb                	dec    %ebx
    163b:	c5 fa 58 c1          	vaddss %xmm1,%xmm0,%xmm0
    163f:	c5 fa 11 45 cc       	vmovss %xmm0,-0x34(%rbp)
    1644:	75 da                	jne    1620 <main+0x460>
    1646:	4c 89 e3             	mov    %r12,%rbx
    1649:	4d 89 ec             	mov    %r13,%r12
    164c:	4d 89 f5             	mov    %r14,%r13
    164f:	4d 89 fe             	mov    %r15,%r14
    1652:	4c 8b bd 70 ff ff ff 	mov    -0x90(%rbp),%r15
    1659:	0f 31                	rdtsc
    165b:	48 c1 e2 20          	shl    $0x20,%rdx
    165f:	48 89 c1             	mov    %rax,%rcx
    1662:	48 09 d1             	or     %rdx,%rcx
    1665:	48 89 8d 70 ff ff ff 	mov    %rcx,-0x90(%rbp)
    166c:	e8 1f fa ff ff       	call   1090 <std::chrono::_V2::steady_clock::now()@plt>
    1671:	48 8b 75 90          	mov    -0x70(%rbp),%rsi
    1675:	c5 d9 57 e4          	vxorpd %xmm4,%xmm4,%xmm4
    1679:	c5 fb 10 6d a8       	vmovsd -0x58(%rbp),%xmm5
    167e:	48 29 f0             	sub    %rsi,%rax
    1681:	c4 e1 db 2a c0       	vcvtsi2sd %rax,%xmm4,%xmm0
    1686:	c5 fb 5e 05 12 4e 00 	vdivsd 0x4e12(%rip),%xmm0,%xmm0        # 64a0 <C.1.0+0x1a0>
    168d:	00 
    168e:	c5 f9 2f e8          	vcomisd %xmm0,%xmm5
    1692:	76 12                	jbe    16a6 <main+0x4e6>
    1694:	48 8b 8d 70 ff ff ff 	mov    -0x90(%rbp),%rcx
    169b:	c5 fb 11 45 a8       	vmovsd %xmm0,-0x58(%rbp)
    16a0:	4c 29 f9             	sub    %r15,%rcx
    16a3:	49 89 ce             	mov    %rcx,%r14
    16a6:	ff 4d 98             	decl   -0x68(%rbp)
    16a9:	0f 85 42 ff ff ff    	jne    15f1 <main+0x431>
    16af:	c5 fb 10 3d 29 4e 00 	vmovsd 0x4e29(%rip),%xmm7        # 64e0 <C.1.0+0x1e0>
    16b6:	00 
    16b7:	c5 fb 10 55 88       	vmovsd -0x78(%rbp),%xmm2
    16bc:	48 8d 05 e3 4b 00 00 	lea    0x4be3(%rip),%rax        # 62a6 <_IO_stdin_used+0x2a6>
    16c3:	4c 8d 0d b5 4b 00 00 	lea    0x4bb5(%rip),%r9        # 627f <_IO_stdin_used+0x27f>
    16ca:	c5 c3 5e 4d a0       	vdivsd -0x60(%rbp),%xmm7,%xmm1
    16cf:	c5 fb 10 35 01 4e 00 	vmovsd 0x4e01(%rip),%xmm6        # 64d8 <C.1.0+0x1d8>
    16d6:	00 
    16d7:	4d 89 f2             	mov    %r14,%r10
    16da:	4c 8b 7d 80          	mov    -0x80(%rbp),%r15
    16de:	48 8b 8d 78 ff ff ff 	mov    -0x88(%rbp),%rcx
    16e5:	c5 f9 2f f2          	vcomisd %xmm2,%xmm6
    16e9:	4c 0f 47 c8          	cmova  %rax,%r9
    16ed:	48 8d 05 8c 66 00 00 	lea    0x668c(%rip),%rax        # 7d80 <NAMES>
    16f4:	4e 8b 34 f8          	mov    (%rax,%r15,8),%r14
    16f8:	c5 f3 5e 0d a0 4d 00 	vdivsd 0x4da0(%rip),%xmm1,%xmm1        # 64a0 <C.1.0+0x1a0>
    16ff:	00 
    1700:	48 85 c9             	test   %rcx,%rcx
    1703:	0f 88 17 01 00 00    	js     1820 <main+0x660>
    1709:	c5 d9 57 e4          	vxorpd %xmm4,%xmm4,%xmm4
    170d:	c4 e1 db 2a c1       	vcvtsi2sd %rcx,%xmm4,%xmm0
    1712:	8b 55 bc             	mov    -0x44(%rbp),%edx
    1715:	41 b8 00 14 00 00    	mov    $0x1400,%r8d
    171b:	b9 20 00 00 00       	mov    $0x20,%ecx
    1720:	4c 89 f6             	mov    %r14,%rsi
    1723:	48 8d 3d be 4a 00 00 	lea    0x4abe(%rip),%rdi        # 61e8 <_IO_stdin_used+0x1e8>
    172a:	b8 03 00 00 00       	mov    $0x3,%eax
    172f:	4c 89 55 90          	mov    %r10,-0x70(%rbp)
    1733:	4c 89 4d 98          	mov    %r9,-0x68(%rbp)
    1737:	c5 fb 11 55 a0       	vmovsd %xmm2,-0x60(%rbp)
    173c:	c5 fb 5e 05 9c 4d 00 	vdivsd 0x4d9c(%rip),%xmm0,%xmm0        # 64e0 <C.1.0+0x1e0>
    1743:	00 
    1744:	e8 e7 f8 ff ff       	call   1030 <printf@plt>
    1749:	c5 fb 10 35 8f 4d 00 	vmovsd 0x4d8f(%rip),%xmm6        # 64e0 <C.1.0+0x1e0>
    1750:	00 
    1751:	4c 8b 55 90          	mov    -0x70(%rbp),%r10
    1755:	c5 cb 5e 4d a8       	vdivsd -0x58(%rbp),%xmm6,%xmm1
    175a:	c5 fb 10 55 a0       	vmovsd -0x60(%rbp),%xmm2
    175f:	4c 8b 4d 98          	mov    -0x68(%rbp),%r9
    1763:	4d 85 d2             	test   %r10,%r10
    1766:	c5 f3 5e 0d 32 4d 00 	vdivsd 0x4d32(%rip),%xmm1,%xmm1        # 64a0 <C.1.0+0x1a0>
    176d:	00 
    176e:	0f 88 ca 00 00 00    	js     183e <main+0x67e>
    1774:	c5 e1 57 db          	vxorpd %xmm3,%xmm3,%xmm3
    1778:	c4 c1 e3 2a c2       	vcvtsi2sd %r10,%xmm3,%xmm0
    177d:	8b 55 bc             	mov    -0x44(%rbp),%edx
    1780:	4d 89 c8             	mov    %r9,%r8
    1783:	b9 20 00 00 00       	mov    $0x20,%ecx
    1788:	4c 89 f6             	mov    %r14,%rsi
    178b:	48 8d 3d 96 4a 00 00 	lea    0x4a96(%rip),%rdi        # 6228 <_IO_stdin_used+0x228>
    1792:	b8 03 00 00 00       	mov    $0x3,%eax
    1797:	c5 fb 5e 05 41 4d 00 	vdivsd 0x4d41(%rip),%xmm0,%xmm0        # 64e0 <C.1.0+0x1e0>
    179e:	00 
    179f:	e8 8c f8 ff ff       	call   1030 <printf@plt>
    17a4:	ff 45 bc             	incl   -0x44(%rbp)
    17a7:	8b 45 bc             	mov    -0x44(%rbp),%eax
    17aa:	83 f8 05             	cmp    $0x5,%eax
    17ad:	0f 85 0f fc ff ff    	jne    13c2 <main+0x202>
    17b3:	49 ff c7             	inc    %r15
    17b6:	49 83 ff 04          	cmp    $0x4,%r15
    17ba:	0f 85 f7 fb ff ff    	jne    13b7 <main+0x1f7>
    17c0:	c5 fa 10 45 cc       	vmovss -0x34(%rbp),%xmm0
    17c5:	45 31 f6             	xor    %r14d,%r14d
    17c8:	48 8b 7d b0          	mov    -0x50(%rbp),%rdi
    17cc:	b8 00 00 00 00       	mov    $0x0,%eax
    17d1:	c5 f8 2e 05 6f 48 00 	vucomiss 0x486f(%rip),%xmm0        # 6048 <_IO_stdin_used+0x48>
    17d8:	00 
    17d9:	be 00 50 00 00       	mov    $0x5000,%esi
    17de:	41 0f 9b c6          	setnp  %r14b
    17e2:	44 0f 45 f0          	cmovne %eax,%r14d
    17e6:	e8 95 f8 ff ff       	call   1080 <operator delete(void*, unsigned long)@plt>
    17eb:	4c 89 ef             	mov    %r13,%rdi
    17ee:	be 00 50 00 00       	mov    $0x5000,%esi
    17f3:	e8 88 f8 ff ff       	call   1080 <operator delete(void*, unsigned long)@plt>
    17f8:	4c 89 e7             	mov    %r12,%rdi
    17fb:	be 80 02 00 00       	mov    $0x280,%esi
    1800:	e8 7b f8 ff ff       	call   1080 <operator delete(void*, unsigned long)@plt>
    1805:	be 80 02 00 00       	mov    $0x280,%esi
    180a:	48 89 df             	mov    %rbx,%rdi
    180d:	e8 6e f8 ff ff       	call   1080 <operator delete(void*, unsigned long)@plt>
    1812:	e9 e4 f9 ff ff       	jmp    11fb <main+0x3b>
    1817:	66 0f 1f 84 00 00 00 	nopw   0x0(%rax,%rax,1)
    181e:	00 00 
    1820:	48 89 c8             	mov    %rcx,%rax
    1823:	83 e1 01             	and    $0x1,%ecx
    1826:	c5 d1 57 ed          	vxorpd %xmm5,%xmm5,%xmm5
    182a:	48 d1 e8             	shr    $1,%rax
    182d:	48 09 c8             	or     %rcx,%rax
    1830:	c4 e1 d3 2a c0       	vcvtsi2sd %rax,%xmm5,%xmm0
    1835:	c5 fb 58 c0          	vaddsd %xmm0,%xmm0,%xmm0
    1839:	e9 d4 fe ff ff       	jmp    1712 <main+0x552>
    183e:	4c 89 d0             	mov    %r10,%rax
    1841:	41 83 e2 01          	and    $0x1,%r10d
    1845:	c5 d9 57 e4          	vxorpd %xmm4,%xmm4,%xmm4
    1849:	48 d1 e8             	shr    $1,%rax
    184c:	4c 09 d0             	or     %r10,%rax
    184f:	c4 e1 db 2a c0       	vcvtsi2sd %rax,%xmm4,%xmm0
    1854:	c5 fb 58 c0          	vaddsd %xmm0,%xmm0,%xmm0
    1858:	e9 20 ff ff ff       	jmp    177d <main+0x5bd>
    185d:	49 89 c5             	mov    %rax,%r13
    1860:	c5 f8 77             	vzeroupper
    1863:	e9 2c f9 ff ff       	jmp    1194 <main.cold+0x2e>
    1868:	49 89 c6             	mov    %rax,%r14
    186b:	e9 f6 f8 ff ff       	jmp    1166 <main.cold>
    1870:	49 89 c6             	mov    %rax,%r14
    1873:	c5 f8 77             	vzeroupper
    1876:	e9 fc f8 ff ff       	jmp    1177 <main.cold+0x11>
    187b:	49 89 c5             	mov    %rax,%r13
    187e:	c5 f8 77             	vzeroupper
    1881:	e9 01 f9 ff ff       	jmp    1187 <main.cold+0x21>
    1886:	66 2e 0f 1f 84 00 00 	cs nopw 0x0(%rax,%rax,1)
    188d:	00 00 00 

0000000000001890 <_start>:
    1890:	31 ed                	xor    %ebp,%ebp
    1892:	49 89 d1             	mov    %rdx,%r9
    1895:	5e                   	pop    %rsi
    1896:	48 89 e2             	mov    %rsp,%rdx
    1899:	48 83 e4 f0          	and    $0xfffffffffffffff0,%rsp
    189d:	50                   	push   %rax
    189e:	54                   	push   %rsp
    189f:	45 31 c0             	xor    %r8d,%r8d
    18a2:	31 c9                	xor    %ecx,%ecx
    18a4:	48 8d 3d 15 f9 ff ff 	lea    -0x6eb(%rip),%rdi        # 11c0 <main>
    18ab:	ff 15 0f 67 00 00    	call   *0x670f(%rip)        # 7fc0 <__libc_start_main@GLIBC_2.34>
    18b1:	f4                   	hlt
    18b2:	66 2e 0f 1f 84 00 00 	cs nopw 0x0(%rax,%rax,1)
    18b9:	00 00 00 
    18bc:	0f 1f 40 00          	nopl   0x0(%rax)

00000000000018c0 <deregister_tm_clones>:
    18c0:	48 8d 3d b1 67 00 00 	lea    0x67b1(%rip),%rdi        # 8078 <__TMC_END__>
    18c7:	48 8d 05 aa 67 00 00 	lea    0x67aa(%rip),%rax        # 8078 <__TMC_END__>
    18ce:	48 39 f8             	cmp    %rdi,%rax
    18d1:	74 15                	je     18e8 <deregister_tm_clones+0x28>
    18d3:	48 8b 05 ee 66 00 00 	mov    0x66ee(%rip),%rax        # 7fc8 <_ITM_deregisterTMCloneTable@Base>
    18da:	48 85 c0             	test   %rax,%rax
    18dd:	74 09                	je     18e8 <deregister_tm_clones+0x28>
    18df:	ff e0                	jmp    *%rax
    18e1:	0f 1f 80 00 00 00 00 	nopl   0x0(%rax)
    18e8:	c3                   	ret
    18e9:	0f 1f 80 00 00 00 00 	nopl   0x0(%rax)

00000000000018f0 <register_tm_clones>:
    18f0:	48 8d 3d 81 67 00 00 	lea    0x6781(%rip),%rdi        # 8078 <__TMC_END__>
    18f7:	48 8d 35 7a 67 00 00 	lea    0x677a(%rip),%rsi        # 8078 <__TMC_END__>
    18fe:	48 29 fe             	sub    %rdi,%rsi
    1901:	48 89 f0             	mov    %rsi,%rax
    1904:	48 c1 ee 3f          	shr    $0x3f,%rsi
    1908:	48 c1 f8 03          	sar    $0x3,%rax
    190c:	48 01 c6             	add    %rax,%rsi
    190f:	48 d1 fe             	sar    $1,%rsi
    1912:	74 14                	je     1928 <register_tm_clones+0x38>
    1914:	48 8b 05 bd 66 00 00 	mov    0x66bd(%rip),%rax        # 7fd8 <_ITM_registerTMCloneTable@Base>
    191b:	48 85 c0             	test   %rax,%rax
    191e:	74 08                	je     1928 <register_tm_clones+0x38>
    1920:	ff e0                	jmp    *%rax
    1922:	66 0f 1f 44 00 00    	nopw   0x0(%rax,%rax,1)
    1928:	c3                   	ret
    1929:	0f 1f 80 00 00 00 00 	nopl   0x0(%rax)

0000000000001930 <__do_global_dtors_aux>:
    1930:	f3 0f 1e fa          	endbr64
    1934:	80 3d 4d 67 00 00 00 	cmpb   $0x0,0x674d(%rip)        # 8088 <completed.0>
    193b:	75 2b                	jne    1968 <__do_global_dtors_aux+0x38>
    193d:	55                   	push   %rbp
    193e:	48 83 3d 72 66 00 00 	cmpq   $0x0,0x6672(%rip)        # 7fb8 <__cxa_finalize@GLIBC_2.2.5>
    1945:	00 
    1946:	48 89 e5             	mov    %rsp,%rbp
    1949:	74 0c                	je     1957 <__do_global_dtors_aux+0x27>
    194b:	48 8b 3d 16 67 00 00 	mov    0x6716(%rip),%rdi        # 8068 <__dso_handle>
    1952:	e8 99 f7 ff ff       	call   10f0 <__cxa_finalize@plt>
    1957:	e8 64 ff ff ff       	call   18c0 <deregister_tm_clones>
    195c:	c6 05 25 67 00 00 01 	movb   $0x1,0x6725(%rip)        # 8088 <completed.0>
    1963:	5d                   	pop    %rbp
    1964:	c3                   	ret
    1965:	0f 1f 00             	nopl   (%rax)
    1968:	c3                   	ret
    1969:	0f 1f 80 00 00 00 00 	nopl   0x0(%rax)

0000000000001970 <frame_dummy>:
    1970:	f3 0f 1e fa          	endbr64
    1974:	e9 77 ff ff ff       	jmp    18f0 <register_tm_clones>
    1979:	0f 1f 80 00 00 00 00 	nopl   0x0(%rax)

0000000000001980 <jump_tables()>:
    1980:	0f b6 05 19 67 00 00 	movzbl 0x6719(%rip),%eax        # 80a0 <guard variable for jump_tables()::tables>
    1987:	84 c0                	test   %al,%al
    1989:	74 08                	je     1993 <jump_tables()+0x13>
    198b:	48 8d 05 2e 67 00 00 	lea    0x672e(%rip),%rax        # 80c0 <jump_tables()::tables>
    1992:	c3                   	ret
    1993:	55                   	push   %rbp
    1994:	48 89 e5             	mov    %rsp,%rbp
    1997:	41 54                	push   %r12
    1999:	4c 8d 25 00 67 00 00 	lea    0x6700(%rip),%r12        # 80a0 <guard variable for jump_tables()::tables>
    19a0:	53                   	push   %rbx
    19a1:	4c 89 e7             	mov    %r12,%rdi
    19a4:	48 8d 1d 15 6c 00 00 	lea    0x6c15(%rip),%rbx        # 85c0 <jump_tables()::tables+0x500>
    19ab:	e8 30 f7 ff ff       	call   10e0 <__cxa_guard_acquire@plt>
    19b0:	41 ba 41 00 00 00    	mov    $0x41,%r10d
    19b6:	85 c0                	test   %eax,%eax
    19b8:	75 3a                	jne    19f4 <jump_tables()+0x74>
    19ba:	5b                   	pop    %rbx
    19bb:	48 8d 05 fe 66 00 00 	lea    0x66fe(%rip),%rax        # 80c0 <jump_tables()::tables>
    19c2:	41 5c                	pop    %r12
    19c4:	5d                   	pop    %rbp
    19c5:	c3                   	ret
    19c6:	66 2e 0f 1f 84 00 00 	cs nopw 0x0(%rax,%rax,1)
    19cd:	00 00 00 
    19d0:	ff c1                	inc    %ecx
    19d2:	44 89 8a 00 fb ff ff 	mov    %r9d,-0x500(%rdx)
    19d9:	89 3a                	mov    %edi,(%rdx)
    19db:	48 83 c2 04          	add    $0x4,%rdx
    19df:	41 39 ca             	cmp    %ecx,%r10d
    19e2:	75 1c                	jne    1a00 <jump_tables()+0x80>
    19e4:	41 ff c2             	inc    %r10d
    19e7:	48 81 c3 00 01 00 00 	add    $0x100,%rbx
    19ee:	41 83 fa 46          	cmp    $0x46,%r10d
    19f2:	74 60                	je     1a54 <jump_tables()+0xd4>
    19f4:	41 8d 4a c0          	lea    -0x40(%r10),%ecx
    19f8:	48 89 da             	mov    %rbx,%rdx
    19fb:	0f 1f 44 00 00       	nopl   0x0(%rax,%rax,1)
    1a00:	89 ce                	mov    %ecx,%esi
    1a02:	41 b9 01 00 00 00    	mov    $0x1,%r9d
    1a08:	41 b8 15 7c 4a 7f    	mov    $0x7f4a7c15,%r8d
    1a0e:	31 ff                	xor    %edi,%edi
    1a10:	b8 b1 79 37 9e       	mov    $0x9e3779b1,%eax
    1a15:	66 66 2e 0f 1f 84 00 	data16 cs nopw 0x0(%rax,%rax,1)
    1a1c:	00 00 00 00 
    1a20:	40 f6 c6 01          	test   $0x1,%sil
    1a24:	74 1f                	je     1a45 <jump_tables()+0xc5>
    1a26:	0f af f8             	imul   %eax,%edi
    1a29:	44 8d 58 01          	lea    0x1(%rax),%r11d
    1a2d:	44 0f af c8          	imul   %eax,%r9d
    1a31:	0f af c0             	imul   %eax,%eax
    1a34:	44 01 c7             	add    %r8d,%edi
    1a37:	45 0f af c3          	imul   %r11d,%r8d
    1a3b:	d1 ee                	shr    $1,%esi
    1a3d:	74 91                	je     19d0 <jump_tables()+0x50>
    1a3f:	40 f6 c6 01          	test   $0x1,%sil
    1a43:	75 e1                	jne    1a26 <jump_tables()+0xa6>
    1a45:	44 8d 58 01          	lea    0x1(%rax),%r11d
    1a49:	0f af c0             	imul   %eax,%eax
    1a4c:	d1 ee                	shr    $1,%esi
    1a4e:	45 0f af c3          	imul   %r11d,%r8d
    1a52:	eb cc                	jmp    1a20 <jump_tables()+0xa0>
    1a54:	4c 89 e7             	mov    %r12,%rdi
    1a57:	e8 f4 f5 ff ff       	call   1050 <__cxa_guard_release@plt>
    1a5c:	5b                   	pop    %rbx
    1a5d:	48 8d 05 5c 66 00 00 	lea    0x665c(%rip),%rax        # 80c0 <jump_tables()::tables>
    1a64:	41 5c                	pop    %r12
    1a66:	5d                   	pop    %rbp
    1a67:	c3                   	ret
    1a68:	0f 1f 84 00 00 00 00 	nopl   0x0(%rax,%rax,1)
    1a6f:	00 

0000000000001a70 <generate_avx2_basic(Family, int, unsigned int const*, float const*, unsigned long, int, float*)>:
    1a70:	4d 85 c0             	test   %r8,%r8
    1a73:	0f 84 b9 06 00 00    	je     2132 <generate_avx2_basic(Family, int, unsigned int const*, float const*, unsigned long, int, float*)+0x6c2>
    1a79:	55                   	push   %rbp
    1a7a:	41 89 fa             	mov    %edi,%r10d
    1a7d:	4c 89 c7             	mov    %r8,%rdi
    1a80:	4c 8d 05 39 66 00 00 	lea    0x6639(%rip),%r8        # 80c0 <jump_tables()::tables>
    1a87:	48 89 e5             	mov    %rsp,%rbp
    1a8a:	41 57                	push   %r15
    1a8c:	41 56                	push   %r14
    1a8e:	41 55                	push   %r13
    1a90:	41 54                	push   %r12
    1a92:	53                   	push   %rbx
    1a93:	48 89 d3             	mov    %rdx,%rbx
    1a96:	48 63 d6             	movslq %esi,%rdx
    1a99:	48 83 c2 05          	add    $0x5,%rdx
    1a9d:	48 83 e4 e0          	and    $0xffffffffffffffe0,%rsp
    1aa1:	44 89 c8             	mov    %r9d,%eax
    1aa4:	48 c1 e2 08          	shl    $0x8,%rdx
    1aa8:	48 81 ec a0 00 00 00 	sub    $0xa0,%rsp
    1aaf:	4e 8d 34 02          	lea    (%rdx,%r8,1),%r14
    1ab3:	49 8d 94 10 00 fb ff 	lea    -0x500(%r8,%rdx,1),%rdx
    1aba:	ff 
    1abb:	4c 89 b4 24 98 00 00 	mov    %r14,0x98(%rsp)
    1ac2:	00 
    1ac3:	48 89 94 24 90 00 00 	mov    %rdx,0x90(%rsp)
    1aca:	00 
    1acb:	45 85 c9             	test   %r9d,%r9d
    1ace:	0f 8e bf 04 00 00    	jle    1f93 <generate_avx2_basic(Family, int, unsigned int const*, float const*, unsigned long, int, float*)+0x523>
    1ad4:	ff c8                	dec    %eax
    1ad6:	45 31 c0             	xor    %r8d,%r8d
    1ad9:	c5 e8 57 d2          	vxorps %xmm2,%xmm2,%xmm2
    1add:	4d 63 c9             	movslq %r9d,%r9
    1ae0:	c1 e8 03             	shr    $0x3,%eax
    1ae3:	4d 89 c4             	mov    %r8,%r12
    1ae6:	45 31 ff             	xor    %r15d,%r15d
    1ae9:	45 89 d5             	mov    %r10d,%r13d
    1aec:	ff c0                	inc    %eax
    1aee:	49 89 fe             	mov    %rdi,%r14
    1af1:	48 8d 14 c5 00 00 00 	lea    0x0(,%rax,8),%rdx
    1af8:	00 
    1af9:	b8 f5 79 2b 6d       	mov    $0x6d2b79f5,%eax
    1afe:	c5 f9 6e c8          	vmovd  %eax,%xmm1
    1b02:	49 89 d0             	mov    %rdx,%r8
    1b05:	89 f2                	mov    %esi,%edx
    1b07:	48 89 ce             	mov    %rcx,%rsi
    1b0a:	c4 e2 7d 58 c9       	vpbroadcastd %xmm1,%ymm1
    1b0f:	48 89 d9             	mov    %rbx,%rcx
    1b12:	41 69 c7 77 ca eb 85 	imul   $0x85ebca77,%r15d,%eax
    1b19:	4c 89 64 24 78       	mov    %r12,0x78(%rsp)
    1b1e:	4c 89 74 24 70       	mov    %r14,0x70(%rsp)
    1b23:	44 89 bc 24 8c 00 00 	mov    %r15d,0x8c(%rsp)
    1b2a:	00 
    1b2b:	31 db                	xor    %ebx,%ebx
    1b2d:	4c 89 8c 24 80 00 00 	mov    %r9,0x80(%rsp)
    1b34:	00 
    1b35:	49 89 f6             	mov    %rsi,%r14
    1b38:	44 8d 98 89 6a 3f 24 	lea    0x243f6a89(%rax),%r11d
    1b3f:	48 8b 45 10          	mov    0x10(%rbp),%rax
    1b43:	4e 8d 14 a0          	lea    (%rax,%r12,4),%r10
    1b47:	41 89 d4             	mov    %edx,%r12d
    1b4a:	44 89 da             	mov    %r11d,%edx
    1b4d:	e9 27 01 00 00       	jmp    1c79 <generate_avx2_basic(Family, int, unsigned int const*, float const*, unsigned long, int, float*)+0x209>
    1b52:	c4 e2 7d 40 e1       	vpmulld %ymm1,%ymm0,%ymm4
    1b57:	c5 dd fe e3          	vpaddd %ymm3,%ymm4,%ymm4
    1b5b:	45 85 e4             	test   %r12d,%r12d
    1b5e:	0f 8e 3e 04 00 00    	jle    1fa2 <generate_avx2_basic(Family, int, unsigned int const*, float const*, unsigned long, int, float*)+0x532>
    1b64:	b8 01 00 00 00       	mov    $0x1,%eax
    1b69:	c5 f9 6e d8          	vmovd  %eax,%xmm3
    1b6d:	c4 e2 7d 58 db       	vpbroadcastd %xmm3,%ymm3
    1b72:	41 83 fd 02          	cmp    $0x2,%r13d
    1b76:	0f 84 ae 02 00 00    	je     1e2a <generate_avx2_basic(Family, int, unsigned int const*, float const*, unsigned long, int, float*)+0x3ba>
    1b7c:	b8 15 7c 4a 7f       	mov    $0x7f4a7c15,%eax
    1b81:	c5 fd fe c3          	vpaddd %ymm3,%ymm0,%ymm0
    1b85:	c5 f9 6e d8          	vmovd  %eax,%xmm3
    1b89:	b8 b1 79 37 9e       	mov    $0x9e3779b1,%eax
    1b8e:	c5 f9 6e e8          	vmovd  %eax,%xmm5
    1b92:	c4 e2 7d 58 db       	vpbroadcastd %xmm3,%ymm3
    1b97:	c4 e2 7d 40 db       	vpmulld %ymm3,%ymm0,%ymm3
    1b9c:	c4 e2 7d 58 ed       	vpbroadcastd %xmm5,%ymm5
    1ba1:	c4 e2 5d 40 e5       	vpmulld %ymm5,%ymm4,%ymm4
    1ba6:	c5 e5 fe dc          	vpaddd %ymm4,%ymm3,%ymm3
    1baa:	41 83 fc 01          	cmp    $0x1,%r12d
    1bae:	0f 84 6d 02 00 00    	je     1e21 <generate_avx2_basic(Family, int, unsigned int const*, float const*, unsigned long, int, float*)+0x3b1>
    1bb4:	b8 b1 67 56 16       	mov    $0x165667b1,%eax
    1bb9:	c5 f9 6e e0          	vmovd  %eax,%xmm4
    1bbd:	b8 77 ca eb 85       	mov    $0x85ebca77,%eax
    1bc2:	c5 f9 6e e8          	vmovd  %eax,%xmm5
    1bc6:	c4 e2 7d 58 e4       	vpbroadcastd %xmm4,%ymm4
    1bcb:	c4 e2 7d 40 e4       	vpmulld %ymm4,%ymm0,%ymm4
    1bd0:	c4 e2 7d 58 ed       	vpbroadcastd %xmm5,%ymm5
    1bd5:	c4 e2 65 40 dd       	vpmulld %ymm5,%ymm3,%ymm3
    1bda:	c5 dd fe db          	vpaddd %ymm3,%ymm4,%ymm3
    1bde:	41 83 fc 02          	cmp    $0x2,%r12d
    1be2:	0f 84 39 02 00 00    	je     1e21 <generate_avx2_basic(Family, int, unsigned int const*, float const*, unsigned long, int, float*)+0x3b1>
    1be8:	b8 6d 64 a2 d3       	mov    $0xd3a2646d,%eax
    1bed:	c5 f9 6e e0          	vmovd  %eax,%xmm4
    1bf1:	b8 3d ae b2 c2       	mov    $0xc2b2ae3d,%eax
    1bf6:	c5 f9 6e e8          	vmovd  %eax,%xmm5
    1bfa:	c4 e2 7d 58 e4       	vpbroadcastd %xmm4,%ymm4
    1bff:	c4 e2 7d 40 e4       	vpmulld %ymm4,%ymm0,%ymm4
    1c04:	c4 e2 7d 58 ed       	vpbroadcastd %xmm5,%ymm5
    1c09:	c4 e2 65 40 dd       	vpmulld %ymm5,%ymm3,%ymm3
    1c0e:	c5 dd fe db          	vpaddd %ymm3,%ymm4,%ymm3
    1c12:	41 83 fc 03          	cmp    $0x3,%r12d
    1c16:	0f 84 05 02 00 00    	je     1e21 <generate_avx2_basic(Family, int, unsigned int const*, float const*, unsigned long, int, float*)+0x3b1>
    1c1c:	b8 c5 46 70 fd       	mov    $0xfd7046c5,%eax
    1c21:	c5 f9 6e e0          	vmovd  %eax,%xmm4
    1c25:	b8 2f eb d4 27       	mov    $0x27d4eb2f,%eax
    1c2a:	c4 e2 7d 58 e4       	vpbroadcastd %xmm4,%ymm4
    1c2f:	c4 e2 7d 40 c4       	vpmulld %ymm4,%ymm0,%ymm0
    1c34:	c5 f9 6e e0          	vmovd  %eax,%xmm4
    1c38:	c4 e2 7d 58 e4       	vpbroadcastd %xmm4,%ymm4
    1c3d:	c4 e2 65 40 dc       	vpmulld %ymm4,%ymm3,%ymm3
    1c42:	c5 fd fe c3          	vpaddd %ymm3,%ymm0,%ymm0
    1c46:	c4 e2 7d 18 1d 11 47 	vbroadcastss 0x4711(%rip),%ymm3        # 6360 <C.1.0+0x60>
    1c4d:	00 00 
    1c4f:	c5 fd 72 e0 10       	vpsrad $0x10,%ymm0,%ymm0
    1c54:	c5 fc 5b c0          	vcvtdq2ps %ymm0,%ymm0
    1c58:	c5 fc 59 c3          	vmulps %ymm3,%ymm0,%ymm0
    1c5c:	c4 82 7d 18 1c be    	vbroadcastss (%r14,%r15,4),%ymm3
    1c62:	c5 e4 59 c0          	vmulps %ymm0,%ymm3,%ymm0
    1c66:	c4 c1 7c 11 04 9a    	vmovups %ymm0,(%r10,%rbx,4)
    1c6c:	48 83 c3 08          	add    $0x8,%rbx
    1c70:	49 39 d8             	cmp    %rbx,%r8
    1c73:	0f 84 f0 02 00 00    	je     1f69 <generate_avx2_basic(Family, int, unsigned int const*, float const*, unsigned long, int, float*)+0x4f9>
    1c79:	44 8d 5b 04          	lea    0x4(%rbx),%r11d
    1c7d:	8d 7b 02             	lea    0x2(%rbx),%edi
    1c80:	44 8d 4b 05          	lea    0x5(%rbx),%r9d
    1c84:	8d 43 01             	lea    0x1(%rbx),%eax
    1c87:	c4 c1 79 6e db       	vmovd  %r11d,%xmm3
    1c8c:	44 8d 5b 06          	lea    0x6(%rbx),%r11d
    1c90:	c5 f9 6e c7          	vmovd  %edi,%xmm0
    1c94:	c5 f9 6e f3          	vmovd  %ebx,%xmm6
    1c98:	c4 c1 79 6e e3       	vmovd  %r11d,%xmm4
    1c9d:	44 8d 5b 07          	lea    0x7(%rbx),%r11d
    1ca1:	8d 7b 03             	lea    0x3(%rbx),%edi
    1ca4:	c4 c3 61 22 d9 01    	vpinsrd $0x1,%r9d,%xmm3,%xmm3
    1caa:	c4 c3 59 22 e3 01    	vpinsrd $0x1,%r11d,%xmm4,%xmm4
    1cb0:	c4 e3 79 22 c7 01    	vpinsrd $0x1,%edi,%xmm0,%xmm0
    1cb6:	42 8b 34 b9          	mov    (%rcx,%r15,4),%esi
    1cba:	c5 e1 6c dc          	vpunpcklqdq %xmm4,%xmm3,%xmm3
    1cbe:	c4 e3 49 22 e0 01    	vpinsrd $0x1,%eax,%xmm6,%xmm4
    1cc4:	c5 d9 6c c0          	vpunpcklqdq %xmm0,%xmm4,%xmm0
    1cc8:	c4 e3 7d 38 c3 01    	vinserti128 $0x1,%xmm3,%ymm0,%ymm0
    1cce:	41 83 fd 03          	cmp    $0x3,%r13d
    1cd2:	74 43                	je     1d17 <generate_avx2_basic(Family, int, unsigned int const*, float const*, unsigned long, int, float*)+0x2a7>
    1cd4:	01 d6                	add    %edx,%esi
    1cd6:	c5 f9 6e de          	vmovd  %esi,%xmm3
    1cda:	c4 e2 7d 58 db       	vpbroadcastd %xmm3,%ymm3
    1cdf:	45 85 ed             	test   %r13d,%r13d
    1ce2:	0f 85 6a fe ff ff    	jne    1b52 <generate_avx2_basic(Family, int, unsigned int const*, float const*, unsigned long, int, float*)+0xe2>
    1ce8:	0f b6 05 b1 63 00 00 	movzbl 0x63b1(%rip),%eax        # 80a0 <guard variable for jump_tables()::tables>
    1cef:	84 c0                	test   %al,%al
    1cf1:	0f 84 b4 02 00 00    	je     1fab <generate_avx2_basic(Family, int, unsigned int const*, float const*, unsigned long, int, float*)+0x53b>
    1cf7:	48 8b 84 24 90 00 00 	mov    0x90(%rsp),%rax
    1cfe:	00 
    1cff:	c4 e2 65 40 1c 98    	vpmulld (%rax,%rbx,4),%ymm3,%ymm3
    1d05:	48 8b 84 24 98 00 00 	mov    0x98(%rsp),%rax
    1d0c:	00 
    1d0d:	c5 e5 fe 04 98       	vpaddd (%rax,%rbx,4),%ymm3,%ymm0
    1d12:	e9 2f ff ff ff       	jmp    1c46 <generate_avx2_basic(Family, int, unsigned int const*, float const*, unsigned long, int, float*)+0x1d6>
    1d17:	b8 0f 00 00 00       	mov    $0xf,%eax
    1d1c:	c5 e5 72 f0 02       	vpslld $0x2,%ymm0,%ymm3
    1d21:	c5 e5 fe d8          	vpaddd %ymm0,%ymm3,%ymm3
    1d25:	c4 e2 7d 18 25 d6 42 	vbroadcastss 0x42d6(%rip),%ymm4        # 6004 <_IO_stdin_used+0x4>
    1d2c:	00 00 
    1d2e:	c5 f9 6e c0          	vmovd  %eax,%xmm0
    1d32:	8b 84 24 8c 00 00 00 	mov    0x8c(%rsp),%eax
    1d39:	c4 e2 7d 58 c0       	vpbroadcastd %xmm0,%ymm0
    1d3e:	c5 e5 db d8          	vpand  %ymm0,%ymm3,%ymm3
    1d42:	c4 e2 7d 18 05 bd 42 	vbroadcastss 0x42bd(%rip),%ymm0        # 6008 <_IO_stdin_used+0x8>
    1d49:	00 00 
    1d4b:	c5 fc 5b db          	vcvtdq2ps %ymm3,%ymm3
    1d4f:	83 e0 0f             	and    $0xf,%eax
    1d52:	83 e8 07             	sub    $0x7,%eax
    1d55:	c4 e2 7d 98 dc       	vfmadd132ps %ymm4,%ymm0,%ymm3
    1d5a:	c5 ea 2a e0          	vcvtsi2ss %eax,%xmm2,%xmm4
    1d5e:	c5 da 59 25 a6 42 00 	vmulss 0x42a6(%rip),%xmm4,%xmm4        # 600c <_IO_stdin_used+0xc>
    1d65:	00 
    1d66:	c5 ea 2a c6          	vcvtsi2ss %esi,%xmm2,%xmm0
    1d6a:	c4 e2 59 99 05 9d 42 	vfmadd132ss 0x429d(%rip),%xmm4,%xmm0        # 6010 <_IO_stdin_used+0x10>
    1d71:	00 00 
    1d73:	c4 e2 7d 18 c0       	vbroadcastss %xmm0,%ymm0
    1d78:	c5 fc 58 c3          	vaddps %ymm3,%ymm0,%ymm0
    1d7c:	45 85 e4             	test   %r12d,%r12d
    1d7f:	0f 8e d7 fe ff ff    	jle    1c5c <generate_avx2_basic(Family, int, unsigned int const*, float const*, unsigned long, int, float*)+0x1ec>
    1d85:	c4 e2 7d 18 25 92 45 	vbroadcastss 0x4592(%rip),%ymm4        # 6320 <C.1.0+0x20>
    1d8c:	00 00 
    1d8e:	c4 e2 7d 18 2d 7d 42 	vbroadcastss 0x427d(%rip),%ymm5        # 6014 <_IO_stdin_used+0x14>
    1d95:	00 00 
    1d97:	c5 e4 59 dc          	vmulps %ymm4,%ymm3,%ymm3
    1d9b:	c4 e2 7d 18 25 74 42 	vbroadcastss 0x4274(%rip),%ymm4        # 6018 <_IO_stdin_used+0x18>
    1da2:	00 00 
    1da4:	c5 e4 58 e4          	vaddps %ymm4,%ymm3,%ymm4
    1da8:	c4 e2 5d 98 c5       	vfmadd132ps %ymm5,%ymm4,%ymm0
    1dad:	41 83 fc 01          	cmp    $0x1,%r12d
    1db1:	0f 84 a5 fe ff ff    	je     1c5c <generate_avx2_basic(Family, int, unsigned int const*, float const*, unsigned long, int, float*)+0x1ec>
    1db7:	c4 e2 7d 18 25 60 42 	vbroadcastss 0x4260(%rip),%ymm4        # 6020 <_IO_stdin_used+0x20>
    1dbe:	00 00 
    1dc0:	c4 e2 7d 18 2d 53 42 	vbroadcastss 0x4253(%rip),%ymm5        # 601c <_IO_stdin_used+0x1c>
    1dc7:	00 00 
    1dc9:	c5 e4 58 e4          	vaddps %ymm4,%ymm3,%ymm4
    1dcd:	c4 e2 5d 98 c5       	vfmadd132ps %ymm5,%ymm4,%ymm0
    1dd2:	41 83 fc 02          	cmp    $0x2,%r12d
    1dd6:	0f 84 80 fe ff ff    	je     1c5c <generate_avx2_basic(Family, int, unsigned int const*, float const*, unsigned long, int, float*)+0x1ec>
    1ddc:	c4 e2 7d 18 25 43 42 	vbroadcastss 0x4243(%rip),%ymm4        # 6028 <_IO_stdin_used+0x28>
    1de3:	00 00 
    1de5:	c4 e2 7d 18 2d 36 42 	vbroadcastss 0x4236(%rip),%ymm5        # 6024 <_IO_stdin_used+0x24>
    1dec:	00 00 
    1dee:	c5 e4 58 e4          	vaddps %ymm4,%ymm3,%ymm4
    1df2:	c4 e2 5d 98 c5       	vfmadd132ps %ymm5,%ymm4,%ymm0
    1df7:	41 83 fc 03          	cmp    $0x3,%r12d
    1dfb:	0f 84 5b fe ff ff    	je     1c5c <generate_avx2_basic(Family, int, unsigned int const*, float const*, unsigned long, int, float*)+0x1ec>
    1e01:	c4 e2 7d 18 25 26 42 	vbroadcastss 0x4226(%rip),%ymm4        # 6030 <_IO_stdin_used+0x30>
    1e08:	00 00 
    1e0a:	c5 e4 58 dc          	vaddps %ymm4,%ymm3,%ymm3
    1e0e:	c4 e2 7d 18 25 15 42 	vbroadcastss 0x4215(%rip),%ymm4        # 602c <_IO_stdin_used+0x2c>
    1e15:	00 00 
    1e17:	c4 e2 65 98 c4       	vfmadd132ps %ymm4,%ymm3,%ymm0
    1e1c:	e9 3b fe ff ff       	jmp    1c5c <generate_avx2_basic(Family, int, unsigned int const*, float const*, unsigned long, int, float*)+0x1ec>
    1e21:	c5 fd 6f c3          	vmovdqa %ymm3,%ymm0
    1e25:	e9 1c fe ff ff       	jmp    1c46 <generate_avx2_basic(Family, int, unsigned int const*, float const*, unsigned long, int, float*)+0x1d6>
    1e2a:	b8 15 7c 4a 7f       	mov    $0x7f4a7c15,%eax
    1e2f:	c5 fd fe db          	vpaddd %ymm3,%ymm0,%ymm3
    1e33:	c5 f9 6e c0          	vmovd  %eax,%xmm0
    1e37:	b8 b1 79 37 9e       	mov    $0x9e3779b1,%eax
    1e3c:	c5 f9 6e e8          	vmovd  %eax,%xmm5
    1e40:	c4 e2 7d 58 c0       	vpbroadcastd %xmm0,%ymm0
    1e45:	b8 bb 49 d0 94       	mov    $0x94d049bb,%eax
    1e4a:	c4 e2 65 40 c0       	vpmulld %ymm0,%ymm3,%ymm0
    1e4f:	c4 e2 7d 58 ed       	vpbroadcastd %xmm5,%ymm5
    1e54:	c4 e2 5d 40 e5       	vpmulld %ymm5,%ymm4,%ymm4
    1e59:	c5 fd fe e4          	vpaddd %ymm4,%ymm0,%ymm4
    1e5d:	c5 fd 72 d4 07       	vpsrld $0x7,%ymm4,%ymm0
    1e62:	c5 fd ef c4          	vpxor  %ymm4,%ymm0,%ymm0
    1e66:	c5 f9 6e e0          	vmovd  %eax,%xmm4
    1e6a:	c4 e2 7d 58 e4       	vpbroadcastd %xmm4,%ymm4
    1e6f:	c4 e2 7d 40 c4       	vpmulld %ymm4,%ymm0,%ymm0
    1e74:	41 83 fc 01          	cmp    $0x1,%r12d
    1e78:	0f 84 c8 fd ff ff    	je     1c46 <generate_avx2_basic(Family, int, unsigned int const*, float const*, unsigned long, int, float*)+0x1d6>
    1e7e:	b8 b1 67 56 16       	mov    $0x165667b1,%eax
    1e83:	c5 f9 6e e0          	vmovd  %eax,%xmm4
    1e87:	b8 77 ca eb 85       	mov    $0x85ebca77,%eax
    1e8c:	c5 f9 6e e8          	vmovd  %eax,%xmm5
    1e90:	c4 e2 7d 58 e4       	vpbroadcastd %xmm4,%ymm4
    1e95:	b8 0f ea 9d 36       	mov    $0x369dea0f,%eax
    1e9a:	c4 e2 65 40 e4       	vpmulld %ymm4,%ymm3,%ymm4
    1e9f:	c4 e2 7d 58 ed       	vpbroadcastd %xmm5,%ymm5
    1ea4:	c4 e2 7d 40 c5       	vpmulld %ymm5,%ymm0,%ymm0
    1ea9:	c5 dd fe e0          	vpaddd %ymm0,%ymm4,%ymm4
    1ead:	c5 fd 72 d4 0b       	vpsrld $0xb,%ymm4,%ymm0
    1eb2:	c5 fd ef c4          	vpxor  %ymm4,%ymm0,%ymm0
    1eb6:	c5 f9 6e e0          	vmovd  %eax,%xmm4
    1eba:	c4 e2 7d 58 e4       	vpbroadcastd %xmm4,%ymm4
    1ebf:	c4 e2 7d 40 c4       	vpmulld %ymm4,%ymm0,%ymm0
    1ec4:	41 83 fc 02          	cmp    $0x2,%r12d
    1ec8:	0f 84 78 fd ff ff    	je     1c46 <generate_avx2_basic(Family, int, unsigned int const*, float const*, unsigned long, int, float*)+0x1d6>
    1ece:	b8 6d 64 a2 d3       	mov    $0xd3a2646d,%eax
    1ed3:	c5 f9 6e e0          	vmovd  %eax,%xmm4
    1ed7:	b8 3d ae b2 c2       	mov    $0xc2b2ae3d,%eax
    1edc:	c5 f9 6e e8          	vmovd  %eax,%xmm5
    1ee0:	c4 e2 7d 58 e4       	vpbroadcastd %xmm4,%ymm4
    1ee5:	b8 2d 35 eb 7f       	mov    $0x7feb352d,%eax
    1eea:	c4 e2 65 40 e4       	vpmulld %ymm4,%ymm3,%ymm4
    1eef:	c4 e2 7d 58 ed       	vpbroadcastd %xmm5,%ymm5
    1ef4:	c4 e2 7d 40 c5       	vpmulld %ymm5,%ymm0,%ymm0
    1ef9:	c5 dd fe e0          	vpaddd %ymm0,%ymm4,%ymm4
    1efd:	c5 fd 72 d4 09       	vpsrld $0x9,%ymm4,%ymm0
    1f02:	c5 fd ef c4          	vpxor  %ymm4,%ymm0,%ymm0
    1f06:	c5 f9 6e e0          	vmovd  %eax,%xmm4
    1f0a:	c4 e2 7d 58 e4       	vpbroadcastd %xmm4,%ymm4
    1f0f:	c4 e2 7d 40 c4       	vpmulld %ymm4,%ymm0,%ymm0
    1f14:	41 83 fc 03          	cmp    $0x3,%r12d
    1f18:	0f 84 28 fd ff ff    	je     1c46 <generate_avx2_basic(Family, int, unsigned int const*, float const*, unsigned long, int, float*)+0x1d6>
    1f1e:	b8 c5 46 70 fd       	mov    $0xfd7046c5,%eax
    1f23:	c5 f9 6e e0          	vmovd  %eax,%xmm4
    1f27:	b8 2f eb d4 27       	mov    $0x27d4eb2f,%eax
    1f2c:	c4 e2 7d 58 e4       	vpbroadcastd %xmm4,%ymm4
    1f31:	c4 e2 65 40 dc       	vpmulld %ymm4,%ymm3,%ymm3
    1f36:	c5 f9 6e e0          	vmovd  %eax,%xmm4
    1f3a:	b8 8b a6 6c 84       	mov    $0x846ca68b,%eax
    1f3f:	c4 e2 7d 58 e4       	vpbroadcastd %xmm4,%ymm4
    1f44:	c4 e2 7d 40 c4       	vpmulld %ymm4,%ymm0,%ymm0
    1f49:	c5 e5 fe c0          	vpaddd %ymm0,%ymm3,%ymm0
    1f4d:	c5 e5 72 d0 0d       	vpsrld $0xd,%ymm0,%ymm3
    1f52:	c5 fd ef db          	vpxor  %ymm3,%ymm0,%ymm3
    1f56:	c5 f9 6e c0          	vmovd  %eax,%xmm0
    1f5a:	c4 e2 7d 58 c0       	vpbroadcastd %xmm0,%ymm0
    1f5f:	c4 e2 7d 40 c3       	vpmulld %ymm3,%ymm0,%ymm0
    1f64:	e9 dd fc ff ff       	jmp    1c46 <generate_avx2_basic(Family, int, unsigned int const*, float const*, unsigned long, int, float*)+0x1d6>
    1f69:	4c 8b 8c 24 80 00 00 	mov    0x80(%rsp),%r9
    1f70:	00 
    1f71:	44 89 e2             	mov    %r12d,%edx
    1f74:	4c 89 f6             	mov    %r14,%rsi
    1f77:	4c 8b 64 24 78       	mov    0x78(%rsp),%r12
    1f7c:	4c 8b 74 24 70       	mov    0x70(%rsp),%r14
    1f81:	49 ff c7             	inc    %r15
    1f84:	4d 01 cc             	add    %r9,%r12
    1f87:	4d 39 fe             	cmp    %r15,%r14
    1f8a:	0f 85 82 fb ff ff    	jne    1b12 <generate_avx2_basic(Family, int, unsigned int const*, float const*, unsigned long, int, float*)+0xa2>
    1f90:	c5 f8 77             	vzeroupper
    1f93:	48 8d 65 d8          	lea    -0x28(%rbp),%rsp
    1f97:	5b                   	pop    %rbx
    1f98:	41 5c                	pop    %r12
    1f9a:	41 5d                	pop    %r13
    1f9c:	41 5e                	pop    %r14
    1f9e:	41 5f                	pop    %r15
    1fa0:	5d                   	pop    %rbp
    1fa1:	c3                   	ret
    1fa2:	c5 fd 6f c4          	vmovdqa %ymm4,%ymm0
    1fa6:	e9 9b fc ff ff       	jmp    1c46 <generate_avx2_basic(Family, int, unsigned int const*, float const*, unsigned long, int, float*)+0x1d6>
    1fab:	48 89 4c 24 30       	mov    %rcx,0x30(%rsp)
    1fb0:	4c 89 54 24 38       	mov    %r10,0x38(%rsp)
    1fb5:	4c 89 44 24 60       	mov    %r8,0x60(%rsp)
    1fba:	48 8d 3d df 60 00 00 	lea    0x60df(%rip),%rdi        # 80a0 <guard variable for jump_tables()::tables>
    1fc1:	89 54 24 68          	mov    %edx,0x68(%rsp)
    1fc5:	c5 fd 7f 5c 24 40    	vmovdqa %ymm3,0x40(%rsp)
    1fcb:	c5 f8 77             	vzeroupper
    1fce:	e8 0d f1 ff ff       	call   10e0 <__cxa_guard_acquire@plt>
    1fd3:	c5 e8 57 d2          	vxorps %xmm2,%xmm2,%xmm2
    1fd7:	85 c0                	test   %eax,%eax
    1fd9:	c5 fd 6f 5c 24 40    	vmovdqa 0x40(%rsp),%ymm3
    1fdf:	c5 fd 6f 0d 59 43 00 	vmovdqa 0x4359(%rip),%ymm1        # 6340 <C.1.0+0x40>
    1fe6:	00 
    1fe7:	8b 54 24 68          	mov    0x68(%rsp),%edx
    1feb:	4c 8b 44 24 60       	mov    0x60(%rsp),%r8
    1ff0:	4c 8b 54 24 38       	mov    0x38(%rsp),%r10
    1ff5:	48 8b 4c 24 30       	mov    0x30(%rsp),%rcx
    1ffa:	0f 84 f7 fc ff ff    	je     1cf7 <generate_avx2_basic(Family, int, unsigned int const*, float const*, unsigned long, int, float*)+0x287>
    2000:	48 8d 05 b9 65 00 00 	lea    0x65b9(%rip),%rax        # 85c0 <jump_tables()::tables+0x500>
    2007:	be 41 00 00 00       	mov    $0x41,%esi
    200c:	4c 89 7c 24 40       	mov    %r15,0x40(%rsp)
    2011:	48 89 5c 24 60       	mov    %rbx,0x60(%rsp)
    2016:	44 8d 7e c0          	lea    -0x40(%rsi),%r15d
    201a:	48 89 c3             	mov    %rax,%rbx
    201d:	4c 89 44 24 38       	mov    %r8,0x38(%rsp)
    2022:	4c 89 54 24 30       	mov    %r10,0x30(%rsp)
    2027:	66 0f 1f 84 00 00 00 	nopw   0x0(%rax,%rax,1)
    202e:	00 00 
    2030:	45 31 c9             	xor    %r9d,%r9d
    2033:	44 89 ff             	mov    %r15d,%edi
    2036:	41 ba 01 00 00 00    	mov    $0x1,%r10d
    203c:	41 b8 15 7c 4a 7f    	mov    $0x7f4a7c15,%r8d
    2042:	ba b1 79 37 9e       	mov    $0x9e3779b1,%edx
    2047:	66 66 2e 0f 1f 84 00 	data16 cs nopw 0x0(%rax,%rax,1)
    204e:	00 00 00 00 
    2052:	66 66 2e 0f 1f 84 00 	data16 cs nopw 0x0(%rax,%rax,1)
    2059:	00 00 00 00 
    205d:	0f 1f 00             	nopl   (%rax)
    2060:	40 f6 c7 01          	test   $0x1,%dil
    2064:	0f 84 b6 00 00 00    	je     2120 <generate_avx2_basic(Family, int, unsigned int const*, float const*, unsigned long, int, float*)+0x6b0>
    206a:	44 0f af ca          	imul   %edx,%r9d
    206e:	44 8d 5a 01          	lea    0x1(%rdx),%r11d
    2072:	44 0f af d2          	imul   %edx,%r10d
    2076:	0f af d2             	imul   %edx,%edx
    2079:	45 01 c1             	add    %r8d,%r9d
    207c:	45 0f af c3          	imul   %r11d,%r8d
    2080:	d1 ef                	shr    $1,%edi
    2082:	75 dc                	jne    2060 <generate_avx2_basic(Family, int, unsigned int const*, float const*, unsigned long, int, float*)+0x5f0>
    2084:	41 ff c7             	inc    %r15d
    2087:	44 89 93 00 fb ff ff 	mov    %r10d,-0x500(%rbx)
    208e:	44 89 0b             	mov    %r9d,(%rbx)
    2091:	48 83 c3 04          	add    $0x4,%rbx
    2095:	44 39 fe             	cmp    %r15d,%esi
    2098:	75 96                	jne    2030 <generate_avx2_basic(Family, int, unsigned int const*, float const*, unsigned long, int, float*)+0x5c0>
    209a:	ff c6                	inc    %esi
    209c:	4c 8b 44 24 38       	mov    0x38(%rsp),%r8
    20a1:	4c 8b 54 24 30       	mov    0x30(%rsp),%r10
    20a6:	48 05 00 01 00 00    	add    $0x100,%rax
    20ac:	83 fe 46             	cmp    $0x46,%esi
    20af:	0f 85 61 ff ff ff    	jne    2016 <generate_avx2_basic(Family, int, unsigned int const*, float const*, unsigned long, int, float*)+0x5a6>
    20b5:	8b 54 24 68          	mov    0x68(%rsp),%edx
    20b9:	c5 fd 7f 1c 24       	vmovdqa %ymm3,(%rsp)
    20be:	4c 89 44 24 38       	mov    %r8,0x38(%rsp)
    20c3:	4c 89 54 24 68       	mov    %r10,0x68(%rsp)
    20c8:	48 8d 3d d1 5f 00 00 	lea    0x5fd1(%rip),%rdi        # 80a0 <guard variable for jump_tables()::tables>
    20cf:	4c 8b 7c 24 40       	mov    0x40(%rsp),%r15
    20d4:	48 89 4c 24 40       	mov    %rcx,0x40(%rsp)
    20d9:	48 8b 5c 24 60       	mov    0x60(%rsp),%rbx
    20de:	89 54 24 30          	mov    %edx,0x30(%rsp)
    20e2:	c5 f8 77             	vzeroupper
    20e5:	e8 66 ef ff ff       	call   1050 <__cxa_guard_release@plt>
    20ea:	c5 e8 57 d2          	vxorps %xmm2,%xmm2,%xmm2
    20ee:	c5 fd 6f 0d 4a 42 00 	vmovdqa 0x424a(%rip),%ymm1        # 6340 <C.1.0+0x40>
    20f5:	00 
    20f6:	c5 fd 6f 1c 24       	vmovdqa (%rsp),%ymm3
    20fb:	8b 54 24 30          	mov    0x30(%rsp),%edx
    20ff:	4c 8b 44 24 38       	mov    0x38(%rsp),%r8
    2104:	4c 8b 54 24 68       	mov    0x68(%rsp),%r10
    2109:	48 8b 4c 24 40       	mov    0x40(%rsp),%rcx
    210e:	e9 e4 fb ff ff       	jmp    1cf7 <generate_avx2_basic(Family, int, unsigned int const*, float const*, unsigned long, int, float*)+0x287>
    2113:	66 66 2e 0f 1f 84 00 	data16 cs nopw 0x0(%rax,%rax,1)
    211a:	00 00 00 00 
    211e:	66 90                	xchg   %ax,%ax
    2120:	44 8d 5a 01          	lea    0x1(%rdx),%r11d
    2124:	0f af d2             	imul   %edx,%edx
    2127:	d1 ef                	shr    $1,%edi
    2129:	45 0f af c3          	imul   %r11d,%r8d
    212d:	e9 2e ff ff ff       	jmp    2060 <generate_avx2_basic(Family, int, unsigned int const*, float const*, unsigned long, int, float*)+0x5f0>
    2132:	c3                   	ret
    2133:	66 66 2e 0f 1f 84 00 	data16 cs nopw 0x0(%rax,%rax,1)
    213a:	00 00 00 00 
    213e:	66 90                	xchg   %ax,%ax

0000000000002140 <generate_avx2_basic(Family, int, unsigned int const*, float const*, unsigned long, int, float*) [clone .constprop.0]>:
    2140:	55                   	push   %rbp
    2141:	48 63 c6             	movslq %esi,%rax
    2144:	49 89 d1             	mov    %rdx,%r9
    2147:	48 8d 15 72 5f 00 00 	lea    0x5f72(%rip),%rdx        # 80c0 <jump_tables()::tables>
    214e:	48 89 e5             	mov    %rsp,%rbp
    2151:	48 83 c0 05          	add    $0x5,%rax
    2155:	41 57                	push   %r15
    2157:	41 56                	push   %r14
    2159:	41 55                	push   %r13
    215b:	41 54                	push   %r12
    215d:	53                   	push   %rbx
    215e:	48 c1 e0 08          	shl    $0x8,%rax
    2162:	48 83 e4 e0          	and    $0xffffffffffffffe0,%rsp
    2166:	48 8d 1c 10          	lea    (%rax,%rdx,1),%rbx
    216a:	48 8d 84 02 00 fb ff 	lea    -0x500(%rdx,%rax,1),%rax
    2171:	ff 
    2172:	41 89 f7             	mov    %esi,%r15d
    2175:	48 83 c4 80          	add    $0xffffffffffffff80,%rsp
    2179:	c5 e8 57 d2          	vxorps %xmm2,%xmm2,%xmm2
    217d:	41 89 fe             	mov    %edi,%r14d
    2180:	4c 89 ce             	mov    %r9,%rsi
    2183:	48 89 44 24 70       	mov    %rax,0x70(%rsp)
    2188:	b8 f5 79 2b 6d       	mov    $0x6d2b79f5,%eax
    218d:	48 89 5c 24 78       	mov    %rbx,0x78(%rsp)
    2192:	4c 89 44 24 60       	mov    %r8,0x60(%rsp)
    2197:	c5 f9 6e c8          	vmovd  %eax,%xmm1
    219b:	31 db                	xor    %ebx,%ebx
    219d:	c4 e2 7d 58 c9       	vpbroadcastd %xmm1,%ymm1
    21a2:	69 c3 77 ca eb 85    	imul   $0x85ebca77,%ebx,%eax
    21a8:	48 8b 7c 24 60       	mov    0x60(%rsp),%rdi
    21ad:	89 5c 24 6c          	mov    %ebx,0x6c(%rsp)
    21b1:	45 31 e4             	xor    %r12d,%r12d
    21b4:	49 89 cd             	mov    %rcx,%r13
    21b7:	44 8d 90 89 6a 3f 24 	lea    0x243f6a89(%rax),%r10d
    21be:	48 89 d8             	mov    %rbx,%rax
    21c1:	48 c1 e0 07          	shl    $0x7,%rax
    21c5:	44 89 d2             	mov    %r10d,%edx
    21c8:	4c 8d 04 07          	lea    (%rdi,%rax,1),%r8
    21cc:	e9 29 01 00 00       	jmp    22fa <generate_avx2_basic(Family, int, unsigned int const*, float const*, unsigned long, int, float*) [clone .constprop.0]+0x1ba>
    21d1:	c4 e2 7d 40 e1       	vpmulld %ymm1,%ymm0,%ymm4
    21d6:	c5 dd fe e3          	vpaddd %ymm3,%ymm4,%ymm4
    21da:	45 85 ff             	test   %r15d,%r15d
    21dd:	0f 8e 2e 04 00 00    	jle    2611 <generate_avx2_basic(Family, int, unsigned int const*, float const*, unsigned long, int, float*) [clone .constprop.0]+0x4d1>
    21e3:	b8 01 00 00 00       	mov    $0x1,%eax
    21e8:	c5 f9 6e d8          	vmovd  %eax,%xmm3
    21ec:	c4 e2 7d 58 db       	vpbroadcastd %xmm3,%ymm3
    21f1:	41 83 fe 02          	cmp    $0x2,%r14d
    21f5:	0f 84 b2 02 00 00    	je     24ad <generate_avx2_basic(Family, int, unsigned int const*, float const*, unsigned long, int, float*) [clone .constprop.0]+0x36d>
    21fb:	b8 15 7c 4a 7f       	mov    $0x7f4a7c15,%eax
    2200:	c5 fd fe c3          	vpaddd %ymm3,%ymm0,%ymm0
    2204:	c5 f9 6e d8          	vmovd  %eax,%xmm3
    2208:	b8 b1 79 37 9e       	mov    $0x9e3779b1,%eax
    220d:	c5 f9 6e e8          	vmovd  %eax,%xmm5
    2211:	c4 e2 7d 58 db       	vpbroadcastd %xmm3,%ymm3
    2216:	c4 e2 7d 40 db       	vpmulld %ymm3,%ymm0,%ymm3
    221b:	c4 e2 7d 58 ed       	vpbroadcastd %xmm5,%ymm5
    2220:	c4 e2 5d 40 e5       	vpmulld %ymm5,%ymm4,%ymm4
    2225:	c5 e5 fe dc          	vpaddd %ymm4,%ymm3,%ymm3
    2229:	41 83 ff 01          	cmp    $0x1,%r15d
    222d:	0f 84 71 02 00 00    	je     24a4 <generate_avx2_basic(Family, int, unsigned int const*, float const*, unsigned long, int, float*) [clone .constprop.0]+0x364>
    2233:	b8 b1 67 56 16       	mov    $0x165667b1,%eax
    2238:	c5 f9 6e e0          	vmovd  %eax,%xmm4
    223c:	b8 77 ca eb 85       	mov    $0x85ebca77,%eax
    2241:	c5 f9 6e e8          	vmovd  %eax,%xmm5
    2245:	c4 e2 7d 58 e4       	vpbroadcastd %xmm4,%ymm4
    224a:	c4 e2 7d 40 e4       	vpmulld %ymm4,%ymm0,%ymm4
    224f:	c4 e2 7d 58 ed       	vpbroadcastd %xmm5,%ymm5
    2254:	c4 e2 65 40 dd       	vpmulld %ymm5,%ymm3,%ymm3
    2259:	c5 dd fe db          	vpaddd %ymm3,%ymm4,%ymm3
    225d:	41 83 ff 02          	cmp    $0x2,%r15d
    2261:	0f 84 3d 02 00 00    	je     24a4 <generate_avx2_basic(Family, int, unsigned int const*, float const*, unsigned long, int, float*) [clone .constprop.0]+0x364>
    2267:	b8 6d 64 a2 d3       	mov    $0xd3a2646d,%eax
    226c:	c5 f9 6e e0          	vmovd  %eax,%xmm4
    2270:	b8 3d ae b2 c2       	mov    $0xc2b2ae3d,%eax
    2275:	c5 f9 6e e8          	vmovd  %eax,%xmm5
    2279:	c4 e2 7d 58 e4       	vpbroadcastd %xmm4,%ymm4
    227e:	c4 e2 7d 40 e4       	vpmulld %ymm4,%ymm0,%ymm4
    2283:	c4 e2 7d 58 ed       	vpbroadcastd %xmm5,%ymm5
    2288:	c4 e2 65 40 dd       	vpmulld %ymm5,%ymm3,%ymm3
    228d:	c5 dd fe db          	vpaddd %ymm3,%ymm4,%ymm3
    2291:	41 83 ff 03          	cmp    $0x3,%r15d
    2295:	0f 84 09 02 00 00    	je     24a4 <generate_avx2_basic(Family, int, unsigned int const*, float const*, unsigned long, int, float*) [clone .constprop.0]+0x364>
    229b:	b8 c5 46 70 fd       	mov    $0xfd7046c5,%eax
    22a0:	c5 f9 6e e0          	vmovd  %eax,%xmm4
    22a4:	b8 2f eb d4 27       	mov    $0x27d4eb2f,%eax
    22a9:	c4 e2 7d 58 e4       	vpbroadcastd %xmm4,%ymm4
    22ae:	c4 e2 7d 40 c4       	vpmulld %ymm4,%ymm0,%ymm0
    22b3:	c5 f9 6e e0          	vmovd  %eax,%xmm4
    22b7:	c4 e2 7d 58 e4       	vpbroadcastd %xmm4,%ymm4
    22bc:	c4 e2 65 40 dc       	vpmulld %ymm4,%ymm3,%ymm3
    22c1:	c5 fd fe c3          	vpaddd %ymm3,%ymm0,%ymm0
    22c5:	c4 e2 7d 18 1d 92 40 	vbroadcastss 0x4092(%rip),%ymm3        # 6360 <C.1.0+0x60>
    22cc:	00 00 
    22ce:	c5 fd 72 e0 10       	vpsrad $0x10,%ymm0,%ymm0
    22d3:	c5 fc 5b c0          	vcvtdq2ps %ymm0,%ymm0
    22d7:	c5 fc 59 c3          	vmulps %ymm3,%ymm0,%ymm0
    22db:	c4 c2 7d 18 5c 9d 00 	vbroadcastss 0x0(%r13,%rbx,4),%ymm3
    22e2:	c5 e4 59 c0          	vmulps %ymm0,%ymm3,%ymm0
    22e6:	c4 81 7c 11 04 a0    	vmovups %ymm0,(%r8,%r12,4)
    22ec:	49 83 c4 08          	add    $0x8,%r12
    22f0:	49 83 fc 20          	cmp    $0x20,%r12
    22f4:	0f 84 f2 02 00 00    	je     25ec <generate_avx2_basic(Family, int, unsigned int const*, float const*, unsigned long, int, float*) [clone .constprop.0]+0x4ac>
    22fa:	45 8d 5c 24 04       	lea    0x4(%r12),%r11d
    22ff:	41 8d 7c 24 02       	lea    0x2(%r12),%edi
    2304:	45 8d 4c 24 05       	lea    0x5(%r12),%r9d
    2309:	45 8d 54 24 07       	lea    0x7(%r12),%r10d
    230e:	c4 c1 79 6e db       	vmovd  %r11d,%xmm3
    2313:	45 8d 5c 24 06       	lea    0x6(%r12),%r11d
    2318:	c5 f9 6e c7          	vmovd  %edi,%xmm0
    231c:	41 8d 44 24 01       	lea    0x1(%r12),%eax
    2321:	c4 c1 79 6e e3       	vmovd  %r11d,%xmm4
    2326:	41 8d 7c 24 03       	lea    0x3(%r12),%edi
    232b:	c4 c3 61 22 d9 01    	vpinsrd $0x1,%r9d,%xmm3,%xmm3
    2331:	c4 c1 79 6e f4       	vmovd  %r12d,%xmm6
    2336:	c4 c3 59 22 e2 01    	vpinsrd $0x1,%r10d,%xmm4,%xmm4
    233c:	c4 e3 79 22 c7 01    	vpinsrd $0x1,%edi,%xmm0,%xmm0
    2342:	8b 0c 9e             	mov    (%rsi,%rbx,4),%ecx
    2345:	c5 e1 6c dc          	vpunpcklqdq %xmm4,%xmm3,%xmm3
    2349:	c4 e3 49 22 e0 01    	vpinsrd $0x1,%eax,%xmm6,%xmm4
    234f:	c5 d9 6c c0          	vpunpcklqdq %xmm0,%xmm4,%xmm0
    2353:	c4 e3 7d 38 c3 01    	vinserti128 $0x1,%xmm3,%ymm0,%ymm0
    2359:	41 83 fe 03          	cmp    $0x3,%r14d
    235d:	74 3e                	je     239d <generate_avx2_basic(Family, int, unsigned int const*, float const*, unsigned long, int, float*) [clone .constprop.0]+0x25d>
    235f:	01 d1                	add    %edx,%ecx
    2361:	c5 f9 6e d9          	vmovd  %ecx,%xmm3
    2365:	c4 e2 7d 58 db       	vpbroadcastd %xmm3,%ymm3
    236a:	45 85 f6             	test   %r14d,%r14d
    236d:	0f 85 5e fe ff ff    	jne    21d1 <generate_avx2_basic(Family, int, unsigned int const*, float const*, unsigned long, int, float*) [clone .constprop.0]+0x91>
    2373:	0f b6 05 26 5d 00 00 	movzbl 0x5d26(%rip),%eax        # 80a0 <guard variable for jump_tables()::tables>
    237a:	84 c0                	test   %al,%al
    237c:	0f 84 98 02 00 00    	je     261a <generate_avx2_basic(Family, int, unsigned int const*, float const*, unsigned long, int, float*) [clone .constprop.0]+0x4da>
    2382:	48 8b 44 24 70       	mov    0x70(%rsp),%rax
    2387:	c4 a2 65 40 1c a0    	vpmulld (%rax,%r12,4),%ymm3,%ymm3
    238d:	48 8b 44 24 78       	mov    0x78(%rsp),%rax
    2392:	c4 a1 65 fe 04 a0    	vpaddd (%rax,%r12,4),%ymm3,%ymm0
    2398:	e9 28 ff ff ff       	jmp    22c5 <generate_avx2_basic(Family, int, unsigned int const*, float const*, unsigned long, int, float*) [clone .constprop.0]+0x185>
    239d:	b8 0f 00 00 00       	mov    $0xf,%eax
    23a2:	c5 e5 72 f0 02       	vpslld $0x2,%ymm0,%ymm3
    23a7:	c5 e5 fe d8          	vpaddd %ymm0,%ymm3,%ymm3
    23ab:	c4 e2 7d 18 25 50 3c 	vbroadcastss 0x3c50(%rip),%ymm4        # 6004 <_IO_stdin_used+0x4>
    23b2:	00 00 
    23b4:	c5 f9 6e c0          	vmovd  %eax,%xmm0
    23b8:	8b 44 24 6c          	mov    0x6c(%rsp),%eax
    23bc:	c4 e2 7d 58 c0       	vpbroadcastd %xmm0,%ymm0
    23c1:	c5 e5 db d8          	vpand  %ymm0,%ymm3,%ymm3
    23c5:	c4 e2 7d 18 05 3a 3c 	vbroadcastss 0x3c3a(%rip),%ymm0        # 6008 <_IO_stdin_used+0x8>
    23cc:	00 00 
    23ce:	c5 fc 5b db          	vcvtdq2ps %ymm3,%ymm3
    23d2:	83 e0 0f             	and    $0xf,%eax
    23d5:	83 e8 07             	sub    $0x7,%eax
    23d8:	c4 e2 7d 98 dc       	vfmadd132ps %ymm4,%ymm0,%ymm3
    23dd:	c5 ea 2a e0          	vcvtsi2ss %eax,%xmm2,%xmm4
    23e1:	c5 da 59 25 23 3c 00 	vmulss 0x3c23(%rip),%xmm4,%xmm4        # 600c <_IO_stdin_used+0xc>
    23e8:	00 
    23e9:	c5 ea 2a c1          	vcvtsi2ss %ecx,%xmm2,%xmm0
    23ed:	c4 e2 59 99 05 1a 3c 	vfmadd132ss 0x3c1a(%rip),%xmm4,%xmm0        # 6010 <_IO_stdin_used+0x10>
    23f4:	00 00 
    23f6:	c4 e2 7d 18 c0       	vbroadcastss %xmm0,%ymm0
    23fb:	c5 fc 58 c3          	vaddps %ymm3,%ymm0,%ymm0
    23ff:	45 85 ff             	test   %r15d,%r15d
    2402:	0f 8e d3 fe ff ff    	jle    22db <generate_avx2_basic(Family, int, unsigned int const*, float const*, unsigned long, int, float*) [clone .constprop.0]+0x19b>
    2408:	c4 e2 7d 18 25 0f 3f 	vbroadcastss 0x3f0f(%rip),%ymm4        # 6320 <C.1.0+0x20>
    240f:	00 00 
    2411:	c4 e2 7d 18 2d fa 3b 	vbroadcastss 0x3bfa(%rip),%ymm5        # 6014 <_IO_stdin_used+0x14>
    2418:	00 00 
    241a:	c5 e4 59 dc          	vmulps %ymm4,%ymm3,%ymm3
    241e:	c4 e2 7d 18 25 f1 3b 	vbroadcastss 0x3bf1(%rip),%ymm4        # 6018 <_IO_stdin_used+0x18>
    2425:	00 00 
    2427:	c5 e4 58 e4          	vaddps %ymm4,%ymm3,%ymm4
    242b:	c4 e2 5d 98 c5       	vfmadd132ps %ymm5,%ymm4,%ymm0
    2430:	41 83 ff 01          	cmp    $0x1,%r15d
    2434:	0f 84 a1 fe ff ff    	je     22db <generate_avx2_basic(Family, int, unsigned int const*, float const*, unsigned long, int, float*) [clone .constprop.0]+0x19b>
    243a:	c4 e2 7d 18 25 dd 3b 	vbroadcastss 0x3bdd(%rip),%ymm4        # 6020 <_IO_stdin_used+0x20>
    2441:	00 00 
    2443:	c4 e2 7d 18 2d d0 3b 	vbroadcastss 0x3bd0(%rip),%ymm5        # 601c <_IO_stdin_used+0x1c>
    244a:	00 00 
    244c:	c5 e4 58 e4          	vaddps %ymm4,%ymm3,%ymm4
    2450:	c4 e2 5d 98 c5       	vfmadd132ps %ymm5,%ymm4,%ymm0
    2455:	41 83 ff 02          	cmp    $0x2,%r15d
    2459:	0f 84 7c fe ff ff    	je     22db <generate_avx2_basic(Family, int, unsigned int const*, float const*, unsigned long, int, float*) [clone .constprop.0]+0x19b>
    245f:	c4 e2 7d 18 25 c0 3b 	vbroadcastss 0x3bc0(%rip),%ymm4        # 6028 <_IO_stdin_used+0x28>
    2466:	00 00 
    2468:	c4 e2 7d 18 2d b3 3b 	vbroadcastss 0x3bb3(%rip),%ymm5        # 6024 <_IO_stdin_used+0x24>
    246f:	00 00 
    2471:	c5 e4 58 e4          	vaddps %ymm4,%ymm3,%ymm4
    2475:	c4 e2 5d 98 c5       	vfmadd132ps %ymm5,%ymm4,%ymm0
    247a:	41 83 ff 03          	cmp    $0x3,%r15d
    247e:	0f 84 57 fe ff ff    	je     22db <generate_avx2_basic(Family, int, unsigned int const*, float const*, unsigned long, int, float*) [clone .constprop.0]+0x19b>
    2484:	c4 e2 7d 18 25 a3 3b 	vbroadcastss 0x3ba3(%rip),%ymm4        # 6030 <_IO_stdin_used+0x30>
    248b:	00 00 
    248d:	c5 e4 58 dc          	vaddps %ymm4,%ymm3,%ymm3
    2491:	c4 e2 7d 18 25 92 3b 	vbroadcastss 0x3b92(%rip),%ymm4        # 602c <_IO_stdin_used+0x2c>
    2498:	00 00 
    249a:	c4 e2 65 98 c4       	vfmadd132ps %ymm4,%ymm3,%ymm0
    249f:	e9 37 fe ff ff       	jmp    22db <generate_avx2_basic(Family, int, unsigned int const*, float const*, unsigned long, int, float*) [clone .constprop.0]+0x19b>
    24a4:	c5 fd 6f c3          	vmovdqa %ymm3,%ymm0
    24a8:	e9 18 fe ff ff       	jmp    22c5 <generate_avx2_basic(Family, int, unsigned int const*, float const*, unsigned long, int, float*) [clone .constprop.0]+0x185>
    24ad:	b8 15 7c 4a 7f       	mov    $0x7f4a7c15,%eax
    24b2:	c5 fd fe db          	vpaddd %ymm3,%ymm0,%ymm3
    24b6:	c5 f9 6e c0          	vmovd  %eax,%xmm0
    24ba:	b8 b1 79 37 9e       	mov    $0x9e3779b1,%eax
    24bf:	c5 f9 6e e8          	vmovd  %eax,%xmm5
    24c3:	c4 e2 7d 58 c0       	vpbroadcastd %xmm0,%ymm0
    24c8:	b8 bb 49 d0 94       	mov    $0x94d049bb,%eax
    24cd:	c4 e2 65 40 c0       	vpmulld %ymm0,%ymm3,%ymm0
    24d2:	c4 e2 7d 58 ed       	vpbroadcastd %xmm5,%ymm5
    24d7:	c4 e2 5d 40 e5       	vpmulld %ymm5,%ymm4,%ymm4
    24dc:	c5 fd fe e4          	vpaddd %ymm4,%ymm0,%ymm4
    24e0:	c5 fd 72 d4 07       	vpsrld $0x7,%ymm4,%ymm0
    24e5:	c5 fd ef c4          	vpxor  %ymm4,%ymm0,%ymm0
    24e9:	c5 f9 6e e0          	vmovd  %eax,%xmm4
    24ed:	c4 e2 7d 58 e4       	vpbroadcastd %xmm4,%ymm4
    24f2:	c4 e2 7d 40 c4       	vpmulld %ymm4,%ymm0,%ymm0
    24f7:	41 83 ff 01          	cmp    $0x1,%r15d
    24fb:	0f 84 c4 fd ff ff    	je     22c5 <generate_avx2_basic(Family, int, unsigned int const*, float const*, unsigned long, int, float*) [clone .constprop.0]+0x185>
    2501:	b8 b1 67 56 16       	mov    $0x165667b1,%eax
    2506:	c5 f9 6e e0          	vmovd  %eax,%xmm4
    250a:	b8 77 ca eb 85       	mov    $0x85ebca77,%eax
    250f:	c5 f9 6e e8          	vmovd  %eax,%xmm5
    2513:	c4 e2 7d 58 e4       	vpbroadcastd %xmm4,%ymm4
    2518:	b8 0f ea 9d 36       	mov    $0x369dea0f,%eax
    251d:	c4 e2 65 40 e4       	vpmulld %ymm4,%ymm3,%ymm4
    2522:	c4 e2 7d 58 ed       	vpbroadcastd %xmm5,%ymm5
    2527:	c4 e2 7d 40 c5       	vpmulld %ymm5,%ymm0,%ymm0
    252c:	c5 dd fe e0          	vpaddd %ymm0,%ymm4,%ymm4
    2530:	c5 fd 72 d4 0b       	vpsrld $0xb,%ymm4,%ymm0
    2535:	c5 fd ef c4          	vpxor  %ymm4,%ymm0,%ymm0
    2539:	c5 f9 6e e0          	vmovd  %eax,%xmm4
    253d:	c4 e2 7d 58 e4       	vpbroadcastd %xmm4,%ymm4
    2542:	c4 e2 7d 40 c4       	vpmulld %ymm4,%ymm0,%ymm0
    2547:	41 83 ff 02          	cmp    $0x2,%r15d
    254b:	0f 84 74 fd ff ff    	je     22c5 <generate_avx2_basic(Family, int, unsigned int const*, float const*, unsigned long, int, float*) [clone .constprop.0]+0x185>
    2551:	b8 6d 64 a2 d3       	mov    $0xd3a2646d,%eax
    2556:	c5 f9 6e e0          	vmovd  %eax,%xmm4
    255a:	b8 3d ae b2 c2       	mov    $0xc2b2ae3d,%eax
    255f:	c5 f9 6e e8          	vmovd  %eax,%xmm5
    2563:	c4 e2 7d 58 e4       	vpbroadcastd %xmm4,%ymm4
    2568:	b8 2d 35 eb 7f       	mov    $0x7feb352d,%eax
    256d:	c4 e2 65 40 e4       	vpmulld %ymm4,%ymm3,%ymm4
    2572:	c4 e2 7d 58 ed       	vpbroadcastd %xmm5,%ymm5
    2577:	c4 e2 7d 40 c5       	vpmulld %ymm5,%ymm0,%ymm0
    257c:	c5 dd fe e0          	vpaddd %ymm0,%ymm4,%ymm4
    2580:	c5 fd 72 d4 09       	vpsrld $0x9,%ymm4,%ymm0
    2585:	c5 fd ef c4          	vpxor  %ymm4,%ymm0,%ymm0
    2589:	c5 f9 6e e0          	vmovd  %eax,%xmm4
    258d:	c4 e2 7d 58 e4       	vpbroadcastd %xmm4,%ymm4
    2592:	c4 e2 7d 40 c4       	vpmulld %ymm4,%ymm0,%ymm0
    2597:	41 83 ff 03          	cmp    $0x3,%r15d
    259b:	0f 84 24 fd ff ff    	je     22c5 <generate_avx2_basic(Family, int, unsigned int const*, float const*, unsigned long, int, float*) [clone .constprop.0]+0x185>
    25a1:	b8 c5 46 70 fd       	mov    $0xfd7046c5,%eax
    25a6:	c5 f9 6e e0          	vmovd  %eax,%xmm4
    25aa:	b8 2f eb d4 27       	mov    $0x27d4eb2f,%eax
    25af:	c4 e2 7d 58 e4       	vpbroadcastd %xmm4,%ymm4
    25b4:	c4 e2 65 40 dc       	vpmulld %ymm4,%ymm3,%ymm3
    25b9:	c5 f9 6e e0          	vmovd  %eax,%xmm4
    25bd:	b8 8b a6 6c 84       	mov    $0x846ca68b,%eax
    25c2:	c4 e2 7d 58 e4       	vpbroadcastd %xmm4,%ymm4
    25c7:	c4 e2 7d 40 c4       	vpmulld %ymm4,%ymm0,%ymm0
    25cc:	c5 e5 fe c0          	vpaddd %ymm0,%ymm3,%ymm0
    25d0:	c5 e5 72 d0 0d       	vpsrld $0xd,%ymm0,%ymm3
    25d5:	c5 fd ef db          	vpxor  %ymm3,%ymm0,%ymm3
    25d9:	c5 f9 6e c0          	vmovd  %eax,%xmm0
    25dd:	c4 e2 7d 58 c0       	vpbroadcastd %xmm0,%ymm0
    25e2:	c4 e2 7d 40 c3       	vpmulld %ymm3,%ymm0,%ymm0
    25e7:	e9 d9 fc ff ff       	jmp    22c5 <generate_avx2_basic(Family, int, unsigned int const*, float const*, unsigned long, int, float*) [clone .constprop.0]+0x185>
    25ec:	48 ff c3             	inc    %rbx
    25ef:	4c 89 e9             	mov    %r13,%rcx
    25f2:	48 81 fb a0 00 00 00 	cmp    $0xa0,%rbx
    25f9:	0f 85 a3 fb ff ff    	jne    21a2 <generate_avx2_basic(Family, int, unsigned int const*, float const*, unsigned long, int, float*) [clone .constprop.0]+0x62>
    25ff:	c5 f8 77             	vzeroupper
    2602:	48 8d 65 d8          	lea    -0x28(%rbp),%rsp
    2606:	5b                   	pop    %rbx
    2607:	41 5c                	pop    %r12
    2609:	41 5d                	pop    %r13
    260b:	41 5e                	pop    %r14
    260d:	41 5f                	pop    %r15
    260f:	5d                   	pop    %rbp
    2610:	c3                   	ret
    2611:	c5 fd 6f c4          	vmovdqa %ymm4,%ymm0
    2615:	e9 ab fc ff ff       	jmp    22c5 <generate_avx2_basic(Family, int, unsigned int const*, float const*, unsigned long, int, float*) [clone .constprop.0]+0x185>
    261a:	48 89 74 24 28       	mov    %rsi,0x28(%rsp)
    261f:	4c 89 44 24 30       	mov    %r8,0x30(%rsp)
    2624:	89 54 24 38          	mov    %edx,0x38(%rsp)
    2628:	48 8d 3d 71 5a 00 00 	lea    0x5a71(%rip),%rdi        # 80a0 <guard variable for jump_tables()::tables>
    262f:	c5 fd 7f 5c 24 40    	vmovdqa %ymm3,0x40(%rsp)
    2635:	c5 f8 77             	vzeroupper
    2638:	e8 a3 ea ff ff       	call   10e0 <__cxa_guard_acquire@plt>
    263d:	c5 e8 57 d2          	vxorps %xmm2,%xmm2,%xmm2
    2641:	85 c0                	test   %eax,%eax
    2643:	c5 fd 6f 5c 24 40    	vmovdqa 0x40(%rsp),%ymm3
    2649:	c5 fd 6f 0d ef 3c 00 	vmovdqa 0x3cef(%rip),%ymm1        # 6340 <C.1.0+0x40>
    2650:	00 
    2651:	8b 54 24 38          	mov    0x38(%rsp),%edx
    2655:	4c 8b 44 24 30       	mov    0x30(%rsp),%r8
    265a:	48 8b 74 24 28       	mov    0x28(%rsp),%rsi
    265f:	0f 84 1d fd ff ff    	je     2382 <generate_avx2_basic(Family, int, unsigned int const*, float const*, unsigned long, int, float*) [clone .constprop.0]+0x242>
    2665:	48 8d 05 54 5f 00 00 	lea    0x5f54(%rip),%rax        # 85c0 <jump_tables()::tables+0x500>
    266c:	41 bb 41 00 00 00    	mov    $0x41,%r11d
    2672:	48 89 5c 24 40       	mov    %rbx,0x40(%rsp)
    2677:	4c 89 64 24 28       	mov    %r12,0x28(%rsp)
    267c:	45 8d 63 c0          	lea    -0x40(%r11),%r12d
    2680:	48 89 c3             	mov    %rax,%rbx
    2683:	66 66 2e 0f 1f 84 00 	data16 cs nopw 0x0(%rax,%rax,1)
    268a:	00 00 00 00 
    268e:	66 90                	xchg   %ax,%ax
    2690:	45 31 c0             	xor    %r8d,%r8d
    2693:	44 89 e1             	mov    %r12d,%ecx
    2696:	41 b9 01 00 00 00    	mov    $0x1,%r9d
    269c:	bf 15 7c 4a 7f       	mov    $0x7f4a7c15,%edi
    26a1:	ba b1 79 37 9e       	mov    $0x9e3779b1,%edx
    26a6:	66 66 2e 0f 1f 84 00 	data16 cs nopw 0x0(%rax,%rax,1)
    26ad:	00 00 00 00 
    26b1:	66 66 2e 0f 1f 84 00 	data16 cs nopw 0x0(%rax,%rax,1)
    26b8:	00 00 00 00 
    26bc:	0f 1f 40 00          	nopl   0x0(%rax)
    26c0:	f6 c1 01             	test   $0x1,%cl
    26c3:	0f 84 a7 00 00 00    	je     2770 <generate_avx2_basic(Family, int, unsigned int const*, float const*, unsigned long, int, float*) [clone .constprop.0]+0x630>
    26c9:	44 0f af c2          	imul   %edx,%r8d
    26cd:	44 8d 52 01          	lea    0x1(%rdx),%r10d
    26d1:	44 0f af ca          	imul   %edx,%r9d
    26d5:	0f af d2             	imul   %edx,%edx
    26d8:	41 01 f8             	add    %edi,%r8d
    26db:	41 0f af fa          	imul   %r10d,%edi
    26df:	d1 e9                	shr    $1,%ecx
    26e1:	75 dd                	jne    26c0 <generate_avx2_basic(Family, int, unsigned int const*, float const*, unsigned long, int, float*) [clone .constprop.0]+0x580>
    26e3:	41 ff c4             	inc    %r12d
    26e6:	44 89 8b 00 fb ff ff 	mov    %r9d,-0x500(%rbx)
    26ed:	44 89 03             	mov    %r8d,(%rbx)
    26f0:	48 83 c3 04          	add    $0x4,%rbx
    26f4:	45 39 e3             	cmp    %r12d,%r11d
    26f7:	75 97                	jne    2690 <generate_avx2_basic(Family, int, unsigned int const*, float const*, unsigned long, int, float*) [clone .constprop.0]+0x550>
    26f9:	41 ff c3             	inc    %r11d
    26fc:	48 05 00 01 00 00    	add    $0x100,%rax
    2702:	41 83 fb 46          	cmp    $0x46,%r11d
    2706:	0f 85 70 ff ff ff    	jne    267c <generate_avx2_basic(Family, int, unsigned int const*, float const*, unsigned long, int, float*) [clone .constprop.0]+0x53c>
    270c:	8b 54 24 38          	mov    0x38(%rsp),%edx
    2710:	4c 8b 44 24 30       	mov    0x30(%rsp),%r8
    2715:	c5 fd 7f 1c 24       	vmovdqa %ymm3,(%rsp)
    271a:	48 8d 3d 7f 59 00 00 	lea    0x597f(%rip),%rdi        # 80a0 <guard variable for jump_tables()::tables>
    2721:	48 8b 5c 24 40       	mov    0x40(%rsp),%rbx
    2726:	48 89 74 24 40       	mov    %rsi,0x40(%rsp)
    272b:	4c 8b 64 24 28       	mov    0x28(%rsp),%r12
    2730:	89 54 24 68          	mov    %edx,0x68(%rsp)
    2734:	4c 89 44 24 38       	mov    %r8,0x38(%rsp)
    2739:	c5 f8 77             	vzeroupper
    273c:	e8 0f e9 ff ff       	call   1050 <__cxa_guard_release@plt>
    2741:	c5 e8 57 d2          	vxorps %xmm2,%xmm2,%xmm2
    2745:	c5 fd 6f 0d f3 3b 00 	vmovdqa 0x3bf3(%rip),%ymm1        # 6340 <C.1.0+0x40>
    274c:	00 
    274d:	c5 fd 6f 1c 24       	vmovdqa (%rsp),%ymm3
    2752:	8b 54 24 68          	mov    0x68(%rsp),%edx
    2756:	4c 8b 44 24 38       	mov    0x38(%rsp),%r8
    275b:	48 8b 74 24 40       	mov    0x40(%rsp),%rsi
    2760:	e9 1d fc ff ff       	jmp    2382 <generate_avx2_basic(Family, int, unsigned int const*, float const*, unsigned long, int, float*) [clone .constprop.0]+0x242>
    2765:	66 66 2e 0f 1f 84 00 	data16 cs nopw 0x0(%rax,%rax,1)
    276c:	00 00 00 00 
    2770:	44 8d 52 01          	lea    0x1(%rdx),%r10d
    2774:	0f af d2             	imul   %edx,%edx
    2777:	d1 e9                	shr    $1,%ecx
    2779:	41 0f af fa          	imul   %r10d,%edi
    277d:	e9 3e ff ff ff       	jmp    26c0 <generate_avx2_basic(Family, int, unsigned int const*, float const*, unsigned long, int, float*) [clone .constprop.0]+0x580>
    2782:	66 66 2e 0f 1f 84 00 	data16 cs nopw 0x0(%rax,%rax,1)
    2789:	00 00 00 00 
    278d:	0f 1f 00             	nopl   (%rax)

0000000000002790 <direct_generate_dot(Family, int, unsigned int const*, float const*, unsigned long, int, float const*) [clone .constprop.0]>:
    2790:	55                   	push   %rbp
    2791:	48 63 c6             	movslq %esi,%rax
    2794:	49 89 d1             	mov    %rdx,%r9
    2797:	48 8d 15 22 59 00 00 	lea    0x5922(%rip),%rdx        # 80c0 <jump_tables()::tables>
    279e:	48 89 e5             	mov    %rsp,%rbp
    27a1:	48 83 c0 05          	add    $0x5,%rax
    27a5:	41 57                	push   %r15
    27a7:	41 56                	push   %r14
    27a9:	41 55                	push   %r13
    27ab:	41 54                	push   %r12
    27ad:	53                   	push   %rbx
    27ae:	48 c1 e0 08          	shl    $0x8,%rax
    27b2:	48 83 e4 e0          	and    $0xffffffffffffffe0,%rsp
    27b6:	48 8d 1c 10          	lea    (%rax,%rdx,1),%rbx
    27ba:	48 8d 84 02 00 fb ff 	lea    -0x500(%rdx,%rax,1),%rax
    27c1:	ff 
    27c2:	41 89 f7             	mov    %esi,%r15d
    27c5:	48 81 ec 00 01 00 00 	sub    $0x100,%rsp
    27cc:	c5 d8 57 e4          	vxorps %xmm4,%xmm4,%xmm4
    27d0:	c5 e8 57 d2          	vxorps %xmm2,%xmm2,%xmm2
    27d4:	41 89 fe             	mov    %edi,%r14d
    27d7:	48 89 84 24 f0 00 00 	mov    %rax,0xf0(%rsp)
    27de:	00 
    27df:	b8 f5 79 2b 6d       	mov    $0x6d2b79f5,%eax
    27e4:	48 89 9c 24 f8 00 00 	mov    %rbx,0xf8(%rsp)
    27eb:	00 
    27ec:	4c 89 84 24 e0 00 00 	mov    %r8,0xe0(%rsp)
    27f3:	00 
    27f4:	c5 f9 6e d8          	vmovd  %eax,%xmm3
    27f8:	31 db                	xor    %ebx,%ebx
    27fa:	4c 89 ce             	mov    %r9,%rsi
    27fd:	c4 e2 7d 58 db       	vpbroadcastd %xmm3,%ymm3
    2802:	69 c3 77 ca eb 85    	imul   $0x85ebca77,%ebx,%eax
    2808:	48 8b bc 24 e0 00 00 	mov    0xe0(%rsp),%rdi
    280f:	00 
    2810:	89 9c 24 ec 00 00 00 	mov    %ebx,0xec(%rsp)
    2817:	45 31 e4             	xor    %r12d,%r12d
    281a:	49 89 cd             	mov    %rcx,%r13
    281d:	44 8d 90 89 6a 3f 24 	lea    0x243f6a89(%rax),%r10d
    2824:	48 89 d8             	mov    %rbx,%rax
    2827:	48 c1 e0 07          	shl    $0x7,%rax
    282b:	44 89 d2             	mov    %r10d,%edx
    282e:	4c 8d 04 07          	lea    (%rdi,%rax,1),%r8
    2832:	e9 22 01 00 00       	jmp    2959 <direct_generate_dot(Family, int, unsigned int const*, float const*, unsigned long, int, float const*) [clone .constprop.0]+0x1c9>
    2837:	c4 e2 7d 40 f3       	vpmulld %ymm3,%ymm0,%ymm6
    283c:	c5 cd fe f5          	vpaddd %ymm5,%ymm6,%ymm6
    2840:	45 85 ff             	test   %r15d,%r15d
    2843:	0f 8e 4d 04 00 00    	jle    2c96 <direct_generate_dot(Family, int, unsigned int const*, float const*, unsigned long, int, float const*) [clone .constprop.0]+0x506>
    2849:	b8 01 00 00 00       	mov    $0x1,%eax
    284e:	c5 f9 6e e8          	vmovd  %eax,%xmm5
    2852:	c4 e2 7d 58 ed       	vpbroadcastd %xmm5,%ymm5
    2857:	41 83 fe 02          	cmp    $0x2,%r14d
    285b:	0f 84 bb 02 00 00    	je     2b1c <direct_generate_dot(Family, int, unsigned int const*, float const*, unsigned long, int, float const*) [clone .constprop.0]+0x38c>
    2861:	b8 15 7c 4a 7f       	mov    $0x7f4a7c15,%eax
    2866:	c5 fd fe c5          	vpaddd %ymm5,%ymm0,%ymm0
    286a:	c5 f9 6e e8          	vmovd  %eax,%xmm5
    286e:	b8 b1 79 37 9e       	mov    $0x9e3779b1,%eax
    2873:	c5 f9 6e f8          	vmovd  %eax,%xmm7
    2877:	c4 e2 7d 58 ed       	vpbroadcastd %xmm5,%ymm5
    287c:	c4 e2 7d 40 ed       	vpmulld %ymm5,%ymm0,%ymm5
    2881:	c4 e2 7d 58 ff       	vpbroadcastd %xmm7,%ymm7
    2886:	c4 e2 4d 40 f7       	vpmulld %ymm7,%ymm6,%ymm6
    288b:	c5 d5 fe ee          	vpaddd %ymm6,%ymm5,%ymm5
    288f:	41 83 ff 01          	cmp    $0x1,%r15d
    2893:	0f 84 7a 02 00 00    	je     2b13 <direct_generate_dot(Family, int, unsigned int const*, float const*, unsigned long, int, float const*) [clone .constprop.0]+0x383>
    2899:	b8 b1 67 56 16       	mov    $0x165667b1,%eax
    289e:	c5 f9 6e f0          	vmovd  %eax,%xmm6
    28a2:	b8 77 ca eb 85       	mov    $0x85ebca77,%eax
    28a7:	c5 f9 6e f8          	vmovd  %eax,%xmm7
    28ab:	c4 e2 7d 58 f6       	vpbroadcastd %xmm6,%ymm6
    28b0:	c4 e2 7d 40 f6       	vpmulld %ymm6,%ymm0,%ymm6
    28b5:	c4 e2 7d 58 ff       	vpbroadcastd %xmm7,%ymm7
    28ba:	c4 e2 55 40 ef       	vpmulld %ymm7,%ymm5,%ymm5
    28bf:	c5 cd fe ed          	vpaddd %ymm5,%ymm6,%ymm5
    28c3:	41 83 ff 02          	cmp    $0x2,%r15d
    28c7:	0f 84 46 02 00 00    	je     2b13 <direct_generate_dot(Family, int, unsigned int const*, float const*, unsigned long, int, float const*) [clone .constprop.0]+0x383>
    28cd:	b8 6d 64 a2 d3       	mov    $0xd3a2646d,%eax
    28d2:	c5 f9 6e f0          	vmovd  %eax,%xmm6
    28d6:	b8 3d ae b2 c2       	mov    $0xc2b2ae3d,%eax
    28db:	c5 f9 6e f8          	vmovd  %eax,%xmm7
    28df:	c4 e2 7d 58 f6       	vpbroadcastd %xmm6,%ymm6
    28e4:	c4 e2 7d 40 f6       	vpmulld %ymm6,%ymm0,%ymm6
    28e9:	c4 e2 7d 58 ff       	vpbroadcastd %xmm7,%ymm7
    28ee:	c4 e2 55 40 ef       	vpmulld %ymm7,%ymm5,%ymm5
    28f3:	c5 cd fe ed          	vpaddd %ymm5,%ymm6,%ymm5
    28f7:	41 83 ff 03          	cmp    $0x3,%r15d
    28fb:	0f 84 12 02 00 00    	je     2b13 <direct_generate_dot(Family, int, unsigned int const*, float const*, unsigned long, int, float const*) [clone .constprop.0]+0x383>
    2901:	b8 c5 46 70 fd       	mov    $0xfd7046c5,%eax
    2906:	c5 f9 6e f0          	vmovd  %eax,%xmm6
    290a:	b8 2f eb d4 27       	mov    $0x27d4eb2f,%eax
    290f:	c4 e2 7d 58 f6       	vpbroadcastd %xmm6,%ymm6
    2914:	c4 e2 7d 40 c6       	vpmulld %ymm6,%ymm0,%ymm0
    2919:	c5 f9 6e f0          	vmovd  %eax,%xmm6
    291d:	c4 e2 7d 58 f6       	vpbroadcastd %xmm6,%ymm6
    2922:	c4 e2 55 40 ee       	vpmulld %ymm6,%ymm5,%ymm5
    2927:	c5 fd fe c5          	vpaddd %ymm5,%ymm0,%ymm0
    292b:	c4 e2 7d 18 2d 2c 3a 	vbroadcastss 0x3a2c(%rip),%ymm5        # 6360 <C.1.0+0x60>
    2932:	00 00 
    2934:	c5 fd 72 e0 10       	vpsrad $0x10,%ymm0,%ymm0
    2939:	c5 fc 5b c0          	vcvtdq2ps %ymm0,%ymm0
    293d:	c5 fc 59 c5          	vmulps %ymm5,%ymm0,%ymm0
    2941:	c5 f4 59 c8          	vmulps %ymm0,%ymm1,%ymm1
    2945:	c4 82 75 b8 14 a0    	vfmadd231ps (%r8,%r12,4),%ymm1,%ymm2
    294b:	49 83 c4 08          	add    $0x8,%r12
    294f:	49 83 fc 20          	cmp    $0x20,%r12
    2953:	0f 84 02 03 00 00    	je     2c5b <direct_generate_dot(Family, int, unsigned int const*, float const*, unsigned long, int, float const*) [clone .constprop.0]+0x4cb>
    2959:	45 8d 5c 24 04       	lea    0x4(%r12),%r11d
    295e:	41 8d 7c 24 02       	lea    0x2(%r12),%edi
    2963:	45 8d 4c 24 05       	lea    0x5(%r12),%r9d
    2968:	45 8d 54 24 07       	lea    0x7(%r12),%r10d
    296d:	c4 c1 79 6e eb       	vmovd  %r11d,%xmm5
    2972:	45 8d 5c 24 06       	lea    0x6(%r12),%r11d
    2977:	c5 f9 6e c7          	vmovd  %edi,%xmm0
    297b:	41 8d 44 24 01       	lea    0x1(%r12),%eax
    2980:	c4 c1 79 6e f3       	vmovd  %r11d,%xmm6
    2985:	41 8d 7c 24 03       	lea    0x3(%r12),%edi
    298a:	c4 c3 51 22 e9 01    	vpinsrd $0x1,%r9d,%xmm5,%xmm5
    2990:	c4 c1 79 6e fc       	vmovd  %r12d,%xmm7
    2995:	c4 c3 49 22 f2 01    	vpinsrd $0x1,%r10d,%xmm6,%xmm6
    299b:	c4 e3 79 22 c7 01    	vpinsrd $0x1,%edi,%xmm0,%xmm0
    29a1:	c4 c2 7d 18 4c 9d 00 	vbroadcastss 0x0(%r13,%rbx,4),%ymm1
    29a8:	8b 0c 9e             	mov    (%rsi,%rbx,4),%ecx
    29ab:	c5 d1 6c ee          	vpunpcklqdq %xmm6,%xmm5,%xmm5
    29af:	c4 e3 41 22 f0 01    	vpinsrd $0x1,%eax,%xmm7,%xmm6
    29b5:	c5 c9 6c c0          	vpunpcklqdq %xmm0,%xmm6,%xmm0
    29b9:	c4 e3 7d 38 c5 01    	vinserti128 $0x1,%xmm5,%ymm0,%ymm0
    29bf:	41 83 fe 03          	cmp    $0x3,%r14d
    29c3:	74 44                	je     2a09 <direct_generate_dot(Family, int, unsigned int const*, float const*, unsigned long, int, float const*) [clone .constprop.0]+0x279>
    29c5:	01 d1                	add    %edx,%ecx
    29c7:	c5 f9 6e e9          	vmovd  %ecx,%xmm5
    29cb:	c4 e2 7d 58 ed       	vpbroadcastd %xmm5,%ymm5
    29d0:	45 85 f6             	test   %r14d,%r14d
    29d3:	0f 85 5e fe ff ff    	jne    2837 <direct_generate_dot(Family, int, unsigned int const*, float const*, unsigned long, int, float const*) [clone .constprop.0]+0xa7>
    29d9:	0f b6 05 c0 56 00 00 	movzbl 0x56c0(%rip),%eax        # 80a0 <guard variable for jump_tables()::tables>
    29e0:	84 c0                	test   %al,%al
    29e2:	0f 84 b7 02 00 00    	je     2c9f <direct_generate_dot(Family, int, unsigned int const*, float const*, unsigned long, int, float const*) [clone .constprop.0]+0x50f>
    29e8:	48 8b 84 24 f0 00 00 	mov    0xf0(%rsp),%rax
    29ef:	00 
    29f0:	c4 a2 55 40 2c a0    	vpmulld (%rax,%r12,4),%ymm5,%ymm5
    29f6:	48 8b 84 24 f8 00 00 	mov    0xf8(%rsp),%rax
    29fd:	00 
    29fe:	c4 a1 55 fe 04 a0    	vpaddd (%rax,%r12,4),%ymm5,%ymm0
    2a04:	e9 22 ff ff ff       	jmp    292b <direct_generate_dot(Family, int, unsigned int const*, float const*, unsigned long, int, float const*) [clone .constprop.0]+0x19b>
    2a09:	b8 0f 00 00 00       	mov    $0xf,%eax
    2a0e:	c5 d5 72 f0 02       	vpslld $0x2,%ymm0,%ymm5
    2a13:	c5 d5 fe e8          	vpaddd %ymm0,%ymm5,%ymm5
    2a17:	c4 e2 7d 18 35 e4 35 	vbroadcastss 0x35e4(%rip),%ymm6        # 6004 <_IO_stdin_used+0x4>
    2a1e:	00 00 
    2a20:	c5 f9 6e c0          	vmovd  %eax,%xmm0
    2a24:	8b 84 24 ec 00 00 00 	mov    0xec(%rsp),%eax
    2a2b:	c4 e2 7d 58 c0       	vpbroadcastd %xmm0,%ymm0
    2a30:	c5 d5 db e8          	vpand  %ymm0,%ymm5,%ymm5
    2a34:	c4 e2 7d 18 05 cb 35 	vbroadcastss 0x35cb(%rip),%ymm0        # 6008 <_IO_stdin_used+0x8>
    2a3b:	00 00 
    2a3d:	c5 fc 5b ed          	vcvtdq2ps %ymm5,%ymm5
    2a41:	83 e0 0f             	and    $0xf,%eax
    2a44:	83 e8 07             	sub    $0x7,%eax
    2a47:	c4 e2 7d 98 ee       	vfmadd132ps %ymm6,%ymm0,%ymm5
    2a4c:	c5 da 2a f0          	vcvtsi2ss %eax,%xmm4,%xmm6
    2a50:	c5 ca 59 35 b4 35 00 	vmulss 0x35b4(%rip),%xmm6,%xmm6        # 600c <_IO_stdin_used+0xc>
    2a57:	00 
    2a58:	c5 da 2a c1          	vcvtsi2ss %ecx,%xmm4,%xmm0
    2a5c:	c4 e2 49 99 05 ab 35 	vfmadd132ss 0x35ab(%rip),%xmm6,%xmm0        # 6010 <_IO_stdin_used+0x10>
    2a63:	00 00 
    2a65:	c4 e2 7d 18 c0       	vbroadcastss %xmm0,%ymm0
    2a6a:	c5 fc 58 c5          	vaddps %ymm5,%ymm0,%ymm0
    2a6e:	45 85 ff             	test   %r15d,%r15d
    2a71:	0f 8e ca fe ff ff    	jle    2941 <direct_generate_dot(Family, int, unsigned int const*, float const*, unsigned long, int, float const*) [clone .constprop.0]+0x1b1>
    2a77:	c4 e2 7d 18 35 a0 38 	vbroadcastss 0x38a0(%rip),%ymm6        # 6320 <C.1.0+0x20>
    2a7e:	00 00 
    2a80:	c4 e2 7d 18 3d 8b 35 	vbroadcastss 0x358b(%rip),%ymm7        # 6014 <_IO_stdin_used+0x14>
    2a87:	00 00 
    2a89:	c5 d4 59 ee          	vmulps %ymm6,%ymm5,%ymm5
    2a8d:	c4 e2 7d 18 35 82 35 	vbroadcastss 0x3582(%rip),%ymm6        # 6018 <_IO_stdin_used+0x18>
    2a94:	00 00 
    2a96:	c5 d4 58 f6          	vaddps %ymm6,%ymm5,%ymm6
    2a9a:	c4 e2 4d 98 c7       	vfmadd132ps %ymm7,%ymm6,%ymm0
    2a9f:	41 83 ff 01          	cmp    $0x1,%r15d
    2aa3:	0f 84 98 fe ff ff    	je     2941 <direct_generate_dot(Family, int, unsigned int const*, float const*, unsigned long, int, float const*) [clone .constprop.0]+0x1b1>
    2aa9:	c4 e2 7d 18 35 6e 35 	vbroadcastss 0x356e(%rip),%ymm6        # 6020 <_IO_stdin_used+0x20>
    2ab0:	00 00 
    2ab2:	c4 e2 7d 18 3d 61 35 	vbroadcastss 0x3561(%rip),%ymm7        # 601c <_IO_stdin_used+0x1c>
    2ab9:	00 00 
    2abb:	c5 d4 58 f6          	vaddps %ymm6,%ymm5,%ymm6
    2abf:	c4 e2 4d 98 c7       	vfmadd132ps %ymm7,%ymm6,%ymm0
    2ac4:	41 83 ff 02          	cmp    $0x2,%r15d
    2ac8:	0f 84 73 fe ff ff    	je     2941 <direct_generate_dot(Family, int, unsigned int const*, float const*, unsigned long, int, float const*) [clone .constprop.0]+0x1b1>
    2ace:	c4 e2 7d 18 35 51 35 	vbroadcastss 0x3551(%rip),%ymm6        # 6028 <_IO_stdin_used+0x28>
    2ad5:	00 00 
    2ad7:	c4 e2 7d 18 3d 44 35 	vbroadcastss 0x3544(%rip),%ymm7        # 6024 <_IO_stdin_used+0x24>
    2ade:	00 00 
    2ae0:	c5 d4 58 f6          	vaddps %ymm6,%ymm5,%ymm6
    2ae4:	c4 e2 4d 98 c7       	vfmadd132ps %ymm7,%ymm6,%ymm0
    2ae9:	41 83 ff 03          	cmp    $0x3,%r15d
    2aed:	0f 84 4e fe ff ff    	je     2941 <direct_generate_dot(Family, int, unsigned int const*, float const*, unsigned long, int, float const*) [clone .constprop.0]+0x1b1>
    2af3:	c4 e2 7d 18 35 34 35 	vbroadcastss 0x3534(%rip),%ymm6        # 6030 <_IO_stdin_used+0x30>
    2afa:	00 00 
    2afc:	c5 d4 58 ee          	vaddps %ymm6,%ymm5,%ymm5
    2b00:	c4 e2 7d 18 35 23 35 	vbroadcastss 0x3523(%rip),%ymm6        # 602c <_IO_stdin_used+0x2c>
    2b07:	00 00 
    2b09:	c4 e2 55 98 c6       	vfmadd132ps %ymm6,%ymm5,%ymm0
    2b0e:	e9 2e fe ff ff       	jmp    2941 <direct_generate_dot(Family, int, unsigned int const*, float const*, unsigned long, int, float const*) [clone .constprop.0]+0x1b1>
    2b13:	c5 fd 6f c5          	vmovdqa %ymm5,%ymm0
    2b17:	e9 0f fe ff ff       	jmp    292b <direct_generate_dot(Family, int, unsigned int const*, float const*, unsigned long, int, float const*) [clone .constprop.0]+0x19b>
    2b1c:	b8 15 7c 4a 7f       	mov    $0x7f4a7c15,%eax
    2b21:	c5 fd fe ed          	vpaddd %ymm5,%ymm0,%ymm5
    2b25:	c5 f9 6e c0          	vmovd  %eax,%xmm0
    2b29:	b8 b1 79 37 9e       	mov    $0x9e3779b1,%eax
    2b2e:	c5 f9 6e f8          	vmovd  %eax,%xmm7
    2b32:	c4 e2 7d 58 c0       	vpbroadcastd %xmm0,%ymm0
    2b37:	b8 bb 49 d0 94       	mov    $0x94d049bb,%eax
    2b3c:	c4 e2 55 40 c0       	vpmulld %ymm0,%ymm5,%ymm0
    2b41:	c4 e2 7d 58 ff       	vpbroadcastd %xmm7,%ymm7
    2b46:	c4 e2 4d 40 f7       	vpmulld %ymm7,%ymm6,%ymm6
    2b4b:	c5 fd fe f6          	vpaddd %ymm6,%ymm0,%ymm6
    2b4f:	c5 fd 72 d6 07       	vpsrld $0x7,%ymm6,%ymm0
    2b54:	c5 fd ef c6          	vpxor  %ymm6,%ymm0,%ymm0
    2b58:	c5 f9 6e f0          	vmovd  %eax,%xmm6
    2b5c:	c4 e2 7d 58 f6       	vpbroadcastd %xmm6,%ymm6
    2b61:	c4 e2 7d 40 c6       	vpmulld %ymm6,%ymm0,%ymm0
    2b66:	41 83 ff 01          	cmp    $0x1,%r15d
    2b6a:	0f 84 bb fd ff ff    	je     292b <direct_generate_dot(Family, int, unsigned int const*, float const*, unsigned long, int, float const*) [clone .constprop.0]+0x19b>
    2b70:	b8 b1 67 56 16       	mov    $0x165667b1,%eax
    2b75:	c5 f9 6e f0          	vmovd  %eax,%xmm6
    2b79:	b8 77 ca eb 85       	mov    $0x85ebca77,%eax
    2b7e:	c5 f9 6e f8          	vmovd  %eax,%xmm7
    2b82:	c4 e2 7d 58 f6       	vpbroadcastd %xmm6,%ymm6
    2b87:	b8 0f ea 9d 36       	mov    $0x369dea0f,%eax
    2b8c:	c4 e2 55 40 f6       	vpmulld %ymm6,%ymm5,%ymm6
    2b91:	c4 e2 7d 58 ff       	vpbroadcastd %xmm7,%ymm7
    2b96:	c4 e2 7d 40 c7       	vpmulld %ymm7,%ymm0,%ymm0
    2b9b:	c5 cd fe f0          	vpaddd %ymm0,%ymm6,%ymm6
    2b9f:	c5 fd 72 d6 0b       	vpsrld $0xb,%ymm6,%ymm0
    2ba4:	c5 fd ef c6          	vpxor  %ymm6,%ymm0,%ymm0
    2ba8:	c5 f9 6e f0          	vmovd  %eax,%xmm6
    2bac:	c4 e2 7d 58 f6       	vpbroadcastd %xmm6,%ymm6
    2bb1:	c4 e2 7d 40 c6       	vpmulld %ymm6,%ymm0,%ymm0
    2bb6:	41 83 ff 02          	cmp    $0x2,%r15d
    2bba:	0f 84 6b fd ff ff    	je     292b <direct_generate_dot(Family, int, unsigned int const*, float const*, unsigned long, int, float const*) [clone .constprop.0]+0x19b>
    2bc0:	b8 6d 64 a2 d3       	mov    $0xd3a2646d,%eax
    2bc5:	c5 f9 6e f0          	vmovd  %eax,%xmm6
    2bc9:	b8 3d ae b2 c2       	mov    $0xc2b2ae3d,%eax
    2bce:	c5 f9 6e f8          	vmovd  %eax,%xmm7
    2bd2:	c4 e2 7d 58 f6       	vpbroadcastd %xmm6,%ymm6
    2bd7:	b8 2d 35 eb 7f       	mov    $0x7feb352d,%eax
    2bdc:	c4 e2 55 40 f6       	vpmulld %ymm6,%ymm5,%ymm6
    2be1:	c4 e2 7d 58 ff       	vpbroadcastd %xmm7,%ymm7
    2be6:	c4 e2 7d 40 c7       	vpmulld %ymm7,%ymm0,%ymm0
    2beb:	c5 cd fe f0          	vpaddd %ymm0,%ymm6,%ymm6
    2bef:	c5 fd 72 d6 09       	vpsrld $0x9,%ymm6,%ymm0
    2bf4:	c5 fd ef c6          	vpxor  %ymm6,%ymm0,%ymm0
    2bf8:	c5 f9 6e f0          	vmovd  %eax,%xmm6
    2bfc:	c4 e2 7d 58 f6       	vpbroadcastd %xmm6,%ymm6
    2c01:	c4 e2 7d 40 c6       	vpmulld %ymm6,%ymm0,%ymm0
    2c06:	41 83 ff 03          	cmp    $0x3,%r15d
    2c0a:	0f 84 1b fd ff ff    	je     292b <direct_generate_dot(Family, int, unsigned int const*, float const*, unsigned long, int, float const*) [clone .constprop.0]+0x19b>
    2c10:	b8 c5 46 70 fd       	mov    $0xfd7046c5,%eax
    2c15:	c5 f9 6e f0          	vmovd  %eax,%xmm6
    2c19:	b8 2f eb d4 27       	mov    $0x27d4eb2f,%eax
    2c1e:	c4 e2 7d 58 f6       	vpbroadcastd %xmm6,%ymm6
    2c23:	c4 e2 55 40 ee       	vpmulld %ymm6,%ymm5,%ymm5
    2c28:	c5 f9 6e f0          	vmovd  %eax,%xmm6
    2c2c:	b8 8b a6 6c 84       	mov    $0x846ca68b,%eax
    2c31:	c4 e2 7d 58 f6       	vpbroadcastd %xmm6,%ymm6
    2c36:	c4 e2 7d 40 c6       	vpmulld %ymm6,%ymm0,%ymm0
    2c3b:	c5 d5 fe c0          	vpaddd %ymm0,%ymm5,%ymm0
    2c3f:	c5 d5 72 d0 0d       	vpsrld $0xd,%ymm0,%ymm5
    2c44:	c5 fd ef ed          	vpxor  %ymm5,%ymm0,%ymm5
    2c48:	c5 f9 6e c0          	vmovd  %eax,%xmm0
    2c4c:	c4 e2 7d 58 c0       	vpbroadcastd %xmm0,%ymm0
    2c51:	c4 e2 7d 40 c5       	vpmulld %ymm5,%ymm0,%ymm0
    2c56:	e9 d0 fc ff ff       	jmp    292b <direct_generate_dot(Family, int, unsigned int const*, float const*, unsigned long, int, float const*) [clone .constprop.0]+0x19b>
    2c5b:	48 ff c3             	inc    %rbx
    2c5e:	4c 89 e9             	mov    %r13,%rcx
    2c61:	48 81 fb a0 00 00 00 	cmp    $0xa0,%rbx
    2c68:	0f 85 94 fb ff ff    	jne    2802 <direct_generate_dot(Family, int, unsigned int const*, float const*, unsigned long, int, float const*) [clone .constprop.0]+0x72>
    2c6e:	c5 f8 28 c2          	vmovaps %xmm2,%xmm0
    2c72:	c4 e3 7d 19 d2 01    	vextractf128 $0x1,%ymm2,%xmm2
    2c78:	c5 f8 58 c2          	vaddps %xmm2,%xmm0,%xmm0
    2c7c:	c5 fb 7c c0          	vhaddps %xmm0,%xmm0,%xmm0
    2c80:	c5 fb 7c c0          	vhaddps %xmm0,%xmm0,%xmm0
    2c84:	c5 f8 77             	vzeroupper
    2c87:	48 8d 65 d8          	lea    -0x28(%rbp),%rsp
    2c8b:	5b                   	pop    %rbx
    2c8c:	41 5c                	pop    %r12
    2c8e:	41 5d                	pop    %r13
    2c90:	41 5e                	pop    %r14
    2c92:	41 5f                	pop    %r15
    2c94:	5d                   	pop    %rbp
    2c95:	c3                   	ret
    2c96:	c5 fd 6f c6          	vmovdqa %ymm6,%ymm0
    2c9a:	e9 8c fc ff ff       	jmp    292b <direct_generate_dot(Family, int, unsigned int const*, float const*, unsigned long, int, float const*) [clone .constprop.0]+0x19b>
    2c9f:	48 89 74 24 40       	mov    %rsi,0x40(%rsp)
    2ca4:	4c 89 44 24 70       	mov    %r8,0x70(%rsp)
    2ca9:	89 54 24 78          	mov    %edx,0x78(%rsp)
    2cad:	48 8d 3d ec 53 00 00 	lea    0x53ec(%rip),%rdi        # 80a0 <guard variable for jump_tables()::tables>
    2cb4:	c5 fd 7f ac 24 80 00 	vmovdqa %ymm5,0x80(%rsp)
    2cbb:	00 00 
    2cbd:	c5 fc 29 94 24 a0 00 	vmovaps %ymm2,0xa0(%rsp)
    2cc4:	00 00 
    2cc6:	c5 fc 29 8c 24 c0 00 	vmovaps %ymm1,0xc0(%rsp)
    2ccd:	00 00 
    2ccf:	c5 f8 77             	vzeroupper
    2cd2:	e8 09 e4 ff ff       	call   10e0 <__cxa_guard_acquire@plt>
    2cd7:	c5 fc 28 8c 24 c0 00 	vmovaps 0xc0(%rsp),%ymm1
    2cde:	00 00 
    2ce0:	c5 d8 57 e4          	vxorps %xmm4,%xmm4,%xmm4
    2ce4:	85 c0                	test   %eax,%eax
    2ce6:	c5 fc 28 94 24 a0 00 	vmovaps 0xa0(%rsp),%ymm2
    2ced:	00 00 
    2cef:	c5 fd 6f ac 24 80 00 	vmovdqa 0x80(%rsp),%ymm5
    2cf6:	00 00 
    2cf8:	c5 fd 6f 1d 40 36 00 	vmovdqa 0x3640(%rip),%ymm3        # 6340 <C.1.0+0x40>
    2cff:	00 
    2d00:	8b 54 24 78          	mov    0x78(%rsp),%edx
    2d04:	4c 8b 44 24 70       	mov    0x70(%rsp),%r8
    2d09:	48 8b 74 24 40       	mov    0x40(%rsp),%rsi
    2d0e:	0f 84 d4 fc ff ff    	je     29e8 <direct_generate_dot(Family, int, unsigned int const*, float const*, unsigned long, int, float const*) [clone .constprop.0]+0x258>
    2d14:	48 8d 05 a5 58 00 00 	lea    0x58a5(%rip),%rax        # 85c0 <jump_tables()::tables+0x500>
    2d1b:	41 bb 41 00 00 00    	mov    $0x41,%r11d
    2d21:	48 89 9c 24 c0 00 00 	mov    %rbx,0xc0(%rsp)
    2d28:	00 
    2d29:	89 94 24 a0 00 00 00 	mov    %edx,0xa0(%rsp)
    2d30:	4c 89 84 24 80 00 00 	mov    %r8,0x80(%rsp)
    2d37:	00 
    2d38:	4c 89 64 24 78       	mov    %r12,0x78(%rsp)
    2d3d:	45 8d 63 c0          	lea    -0x40(%r11),%r12d
    2d41:	48 89 c3             	mov    %rax,%rbx
    2d44:	66 66 2e 0f 1f 84 00 	data16 cs nopw 0x0(%rax,%rax,1)
    2d4b:	00 00 00 00 
    2d4f:	90                   	nop
    2d50:	45 31 c0             	xor    %r8d,%r8d
    2d53:	44 89 e1             	mov    %r12d,%ecx
    2d56:	41 b9 01 00 00 00    	mov    $0x1,%r9d
    2d5c:	bf 15 7c 4a 7f       	mov    $0x7f4a7c15,%edi
    2d61:	ba b1 79 37 9e       	mov    $0x9e3779b1,%edx
    2d66:	66 66 2e 0f 1f 84 00 	data16 cs nopw 0x0(%rax,%rax,1)
    2d6d:	00 00 00 00 
    2d71:	66 66 2e 0f 1f 84 00 	data16 cs nopw 0x0(%rax,%rax,1)
    2d78:	00 00 00 00 
    2d7c:	0f 1f 40 00          	nopl   0x0(%rax)
    2d80:	f6 c1 01             	test   $0x1,%cl
    2d83:	0f 84 d7 00 00 00    	je     2e60 <direct_generate_dot(Family, int, unsigned int const*, float const*, unsigned long, int, float const*) [clone .constprop.0]+0x6d0>
    2d89:	44 0f af c2          	imul   %edx,%r8d
    2d8d:	44 8d 52 01          	lea    0x1(%rdx),%r10d
    2d91:	44 0f af ca          	imul   %edx,%r9d
    2d95:	0f af d2             	imul   %edx,%edx
    2d98:	41 01 f8             	add    %edi,%r8d
    2d9b:	41 0f af fa          	imul   %r10d,%edi
    2d9f:	d1 e9                	shr    $1,%ecx
    2da1:	75 dd                	jne    2d80 <direct_generate_dot(Family, int, unsigned int const*, float const*, unsigned long, int, float const*) [clone .constprop.0]+0x5f0>
    2da3:	41 ff c4             	inc    %r12d
    2da6:	44 89 8b 00 fb ff ff 	mov    %r9d,-0x500(%rbx)
    2dad:	44 89 03             	mov    %r8d,(%rbx)
    2db0:	48 83 c3 04          	add    $0x4,%rbx
    2db4:	45 39 e3             	cmp    %r12d,%r11d
    2db7:	75 97                	jne    2d50 <direct_generate_dot(Family, int, unsigned int const*, float const*, unsigned long, int, float const*) [clone .constprop.0]+0x5c0>
    2db9:	41 ff c3             	inc    %r11d
    2dbc:	48 05 00 01 00 00    	add    $0x100,%rax
    2dc2:	41 83 fb 46          	cmp    $0x46,%r11d
    2dc6:	0f 85 71 ff ff ff    	jne    2d3d <direct_generate_dot(Family, int, unsigned int const*, float const*, unsigned long, int, float const*) [clone .constprop.0]+0x5ad>
    2dcc:	8b 94 24 a0 00 00 00 	mov    0xa0(%rsp),%edx
    2dd3:	4c 8b 84 24 80 00 00 	mov    0x80(%rsp),%r8
    2dda:	00 
    2ddb:	c5 fd 7f 2c 24       	vmovdqa %ymm5,(%rsp)
    2de0:	c5 fc 29 54 24 20    	vmovaps %ymm2,0x20(%rsp)
    2de6:	c5 fc 29 4c 24 40    	vmovaps %ymm1,0x40(%rsp)
    2dec:	48 8d 3d ad 52 00 00 	lea    0x52ad(%rip),%rdi        # 80a0 <guard variable for jump_tables()::tables>
    2df3:	48 8b 9c 24 c0 00 00 	mov    0xc0(%rsp),%rbx
    2dfa:	00 
    2dfb:	48 89 b4 24 c0 00 00 	mov    %rsi,0xc0(%rsp)
    2e02:	00 
    2e03:	4c 8b 64 24 78       	mov    0x78(%rsp),%r12
    2e08:	89 54 24 70          	mov    %edx,0x70(%rsp)
    2e0c:	4c 89 84 24 a0 00 00 	mov    %r8,0xa0(%rsp)
    2e13:	00 
    2e14:	c5 f8 77             	vzeroupper
    2e17:	e8 34 e2 ff ff       	call   1050 <__cxa_guard_release@plt>
    2e1c:	c5 d8 57 e4          	vxorps %xmm4,%xmm4,%xmm4
    2e20:	c5 fd 6f 1d 18 35 00 	vmovdqa 0x3518(%rip),%ymm3        # 6340 <C.1.0+0x40>
    2e27:	00 
    2e28:	c5 fd 6f 2c 24       	vmovdqa (%rsp),%ymm5
    2e2d:	c5 fc 28 54 24 20    	vmovaps 0x20(%rsp),%ymm2
    2e33:	c5 fc 28 4c 24 40    	vmovaps 0x40(%rsp),%ymm1
    2e39:	8b 54 24 70          	mov    0x70(%rsp),%edx
    2e3d:	4c 8b 84 24 a0 00 00 	mov    0xa0(%rsp),%r8
    2e44:	00 
    2e45:	48 8b b4 24 c0 00 00 	mov    0xc0(%rsp),%rsi
    2e4c:	00 
    2e4d:	e9 96 fb ff ff       	jmp    29e8 <direct_generate_dot(Family, int, unsigned int const*, float const*, unsigned long, int, float const*) [clone .constprop.0]+0x258>
    2e52:	66 66 2e 0f 1f 84 00 	data16 cs nopw 0x0(%rax,%rax,1)
    2e59:	00 00 00 00 
    2e5d:	0f 1f 00             	nopl   (%rax)
    2e60:	44 8d 52 01          	lea    0x1(%rdx),%r10d
    2e64:	0f af d2             	imul   %edx,%edx
    2e67:	d1 e9                	shr    $1,%ecx
    2e69:	41 0f af fa          	imul   %r10d,%edi
    2e6d:	e9 0e ff ff ff       	jmp    2d80 <direct_generate_dot(Family, int, unsigned int const*, float const*, unsigned long, int, float const*) [clone .constprop.0]+0x5f0>
    2e72:	66 66 2e 0f 1f 84 00 	data16 cs nopw 0x0(%rax,%rax,1)
    2e79:	00 00 00 00 
    2e7d:	0f 1f 00             	nopl   (%rax)

0000000000002e80 <self_test()>:
    2e80:	4c 8d 54 24 08       	lea    0x8(%rsp),%r10
    2e85:	48 83 e4 e0          	and    $0xffffffffffffffe0,%rsp
    2e89:	b8 f5 79 2b 6d       	mov    $0x6d2b79f5,%eax
    2e8e:	c5 e8 57 d2          	vxorps %xmm2,%xmm2,%xmm2
    2e92:	41 ff 72 f8          	push   -0x8(%r10)
    2e96:	c5 f9 6e f0          	vmovd  %eax,%xmm6
    2e9a:	55                   	push   %rbp
    2e9b:	31 f6                	xor    %esi,%esi
    2e9d:	c4 e2 7d 58 f6       	vpbroadcastd %xmm6,%ymm6
    2ea2:	48 89 e5             	mov    %rsp,%rbp
    2ea5:	41 57                	push   %r15
    2ea7:	41 56                	push   %r14
    2ea9:	41 55                	push   %r13
    2eab:	41 54                	push   %r12
    2ead:	41 52                	push   %r10
    2eaf:	53                   	push   %rbx
    2eb0:	48 81 ec 60 02 00 00 	sub    $0x260,%rsp
    2eb7:	c5 fd 7f b5 b0 fd ff 	vmovdqa %ymm6,-0x250(%rbp)
    2ebe:	ff 
    2ebf:	c5 e0 57 db          	vxorps %xmm3,%xmm3,%xmm3
    2ec3:	83 fe 03             	cmp    $0x3,%esi
    2ec6:	0f 84 61 0b 00 00    	je     3a2d <self_test()+0xbad>
    2ecc:	31 c9                	xor    %ecx,%ecx
    2ece:	48 89 ca             	mov    %rcx,%rdx
    2ed1:	48 8d 3d e8 51 00 00 	lea    0x51e8(%rip),%rdi        # 80c0 <jump_tables()::tables>
    2ed8:	48 8d 05 21 34 00 00 	lea    0x3421(%rip),%rax        # 6300 <C.1.0>
    2edf:	41 89 f5             	mov    %esi,%r13d
    2ee2:	48 c1 e2 08          	shl    $0x8,%rdx
    2ee6:	49 89 ce             	mov    %rcx,%r14
    2ee9:	4c 8d 04 17          	lea    (%rdi,%rdx,1),%r8
    2eed:	8b 08                	mov    (%rax),%ecx
    2eef:	85 c9                	test   %ecx,%ecx
    2ef1:	0f 8e 9f 04 00 00    	jle    3396 <self_test()+0x516>
    2ef7:	48 63 f1             	movslq %ecx,%rsi
    2efa:	41 83 fd 03          	cmp    $0x3,%r13d
    2efe:	0f 84 53 0a 00 00    	je     3957 <self_test()+0xad7>
    2f04:	c5 fa 10 25 14 34 00 	vmovss 0x3414(%rip),%xmm4        # 6320 <C.1.0+0x20>
    2f0b:	00 
    2f0c:	31 db                	xor    %ebx,%ebx
    2f0e:	41 bf ee bd bd f2    	mov    $0xf2bdbdee,%r15d
    2f14:	4c 8d a5 d0 fd ff ff 	lea    -0x230(%rbp),%r12
    2f1b:	89 8d 98 fd ff ff    	mov    %ecx,-0x268(%rbp)
    2f21:	48 89 b5 a8 fd ff ff 	mov    %rsi,-0x258(%rbp)
    2f28:	48 89 85 90 fd ff ff 	mov    %rax,-0x270(%rbp)
    2f2f:	4c 89 85 a0 fd ff ff 	mov    %r8,-0x260(%rbp)
    2f36:	c5 fa 11 9d 88 fd ff 	vmovss %xmm3,-0x278(%rbp)
    2f3d:	ff 
    2f3e:	eb 5d                	jmp    2f9d <self_test()+0x11d>
    2f40:	49 83 fe 01          	cmp    $0x1,%r14
    2f44:	74 27                	je     2f6d <self_test()+0xed>
    2f46:	49 83 fe 02          	cmp    $0x2,%r14
    2f4a:	0f 84 02 0b 00 00    	je     3a52 <self_test()+0xbd2>
    2f50:	69 cb f8 eb 6a 62    	imul   $0x626aebf8,%ebx,%ecx
    2f56:	8d 81 34 ab 41 2d    	lea    0x2d41ab34(%rcx),%eax
    2f5c:	49 83 fe 04          	cmp    $0x4,%r14
    2f60:	75 0b                	jne    2f6d <self_test()+0xed>
    2f62:	69 c3 4d 41 0e 67    	imul   $0x670e414d,%ebx,%eax
    2f68:	05 51 71 b7 47       	add    $0x47b77151,%eax
    2f6d:	c1 f8 10             	sar    $0x10,%eax
    2f70:	41 81 ef 86 64 5e 0f 	sub    $0xf5e6486,%r15d
    2f77:	c5 ea 2a c0          	vcvtsi2ss %eax,%xmm2,%xmm0
    2f7b:	c5 fa 59 05 dd 33 00 	vmulss 0x33dd(%rip),%xmm0,%xmm0        # 6360 <C.1.0+0x60>
    2f82:	00 
    2f83:	c5 fa 59 c4          	vmulss %xmm4,%xmm0,%xmm0
    2f87:	c4 c1 7a 11 04 9c    	vmovss %xmm0,(%r12,%rbx,4)
    2f8d:	48 ff c3             	inc    %rbx
    2f90:	48 39 9d a8 fd ff ff 	cmp    %rbx,-0x258(%rbp)
    2f97:	0f 84 38 04 00 00    	je     33d5 <self_test()+0x555>
    2f9d:	45 85 ed             	test   %r13d,%r13d
    2fa0:	0f 84 83 00 00 00    	je     3029 <self_test()+0x1a9>
    2fa6:	4d 85 f6             	test   %r14,%r14
    2fa9:	0f 84 a3 00 00 00    	je     3052 <self_test()+0x1d2>
    2faf:	44 89 f8             	mov    %r15d,%eax
    2fb2:	41 83 fd 02          	cmp    $0x2,%r13d
    2fb6:	75 88                	jne    2f40 <self_test()+0xc0>
    2fb8:	c1 e8 07             	shr    $0x7,%eax
    2fbb:	44 31 f8             	xor    %r15d,%eax
    2fbe:	49 83 fe 01          	cmp    $0x1,%r14
    2fc2:	0f 84 d4 0b 00 00    	je     3b9c <self_test()+0xd1c>
    2fc8:	69 f0 ed d3 a8 5c    	imul   $0x5ca8d3ed,%eax,%esi
    2fce:	8d 43 01             	lea    0x1(%rbx),%eax
    2fd1:	69 c8 b1 67 56 16    	imul   $0x165667b1,%eax,%ecx
    2fd7:	01 f1                	add    %esi,%ecx
    2fd9:	89 ce                	mov    %ecx,%esi
    2fdb:	c1 ee 0b             	shr    $0xb,%esi
    2fde:	31 f1                	xor    %esi,%ecx
    2fe0:	49 83 fe 02          	cmp    $0x2,%r14
    2fe4:	0f 84 bd 0b 00 00    	je     3ba7 <self_test()+0xd27>
    2fea:	69 f1 93 f7 24 75    	imul   $0x7524f793,%ecx,%esi
    2ff0:	69 c8 6d 64 a2 d3    	imul   $0xd3a2646d,%eax,%ecx
    2ff6:	01 f1                	add    %esi,%ecx
    2ff8:	89 ce                	mov    %ecx,%esi
    2ffa:	c1 ee 09             	shr    $0x9,%esi
    2ffd:	31 f1                	xor    %esi,%ecx
    2fff:	49 83 fe 04          	cmp    $0x4,%r14
    3003:	0f 85 c9 0b 00 00    	jne    3bd2 <self_test()+0xd52>
    3009:	69 c9 43 12 43 4a    	imul   $0x4a431243,%ecx,%ecx
    300f:	69 c0 c5 46 70 fd    	imul   $0xfd7046c5,%eax,%eax
    3015:	01 c8                	add    %ecx,%eax
    3017:	89 c1                	mov    %eax,%ecx
    3019:	c1 e9 0d             	shr    $0xd,%ecx
    301c:	31 c8                	xor    %ecx,%eax
    301e:	69 c0 8b a6 6c 84    	imul   $0x846ca68b,%eax,%eax
    3024:	e9 44 ff ff ff       	jmp    2f6d <self_test()+0xed>
    3029:	0f b6 05 70 50 00 00 	movzbl 0x5070(%rip),%eax        # 80a0 <guard variable for jump_tables()::tables>
    3030:	84 c0                	test   %al,%al
    3032:	0f 84 2b 0a 00 00    	je     3a63 <self_test()+0xbe3>
    3038:	48 8b bd a0 fd ff ff 	mov    -0x260(%rbp),%rdi
    303f:	69 04 9f a9 ac 61 4f 	imul   $0x4f61aca9,(%rdi,%rbx,4),%eax
    3046:	03 84 9f 00 05 00 00 	add    0x500(%rdi,%rbx,4),%eax
    304d:	e9 1b ff ff ff       	jmp    2f6d <self_test()+0xed>
    3052:	69 c3 f5 79 2b 6d    	imul   $0x6d2b79f5,%ebx,%eax
    3058:	05 a9 ac 61 4f       	add    $0x4f61aca9,%eax
    305d:	e9 0b ff ff ff       	jmp    2f6d <self_test()+0xed>
    3062:	8d 51 ff             	lea    -0x1(%rcx),%edx
    3065:	c5 fa 10 9d a0 fd ff 	vmovss -0x260(%rbp),%xmm3
    306c:	ff 
    306d:	48 8b 85 a8 fd ff ff 	mov    -0x258(%rbp),%rax
    3074:	83 fa 07             	cmp    $0x7,%edx
    3077:	0f 86 71 0b 00 00    	jbe    3bee <self_test()+0xd6e>
    307d:	c5 fc 28 a5 d0 fd ff 	vmovaps -0x230(%rbp),%ymm4
    3084:	ff 
    3085:	c4 e2 7d 18 0d 82 32 	vbroadcastss 0x3282(%rip),%ymm1        # 6310 <C.1.0+0x10>
    308c:	00 00 
    308e:	c4 e2 7d 18 c3       	vbroadcastss %xmm3,%ymm0
    3093:	89 ca                	mov    %ecx,%edx
    3095:	c5 dc 5c a5 d0 fe ff 	vsubps -0x130(%rbp),%ymm4,%ymm4
    309c:	ff 
    309d:	c1 ea 03             	shr    $0x3,%edx
    30a0:	c5 dc 54 e1          	vandps %ymm1,%ymm4,%ymm4
    30a4:	c5 fc c2 e4 01       	vcmpltps %ymm4,%ymm0,%ymm4
    30a9:	c4 e2 7d 17 e4       	vptest %ymm4,%ymm4
    30ae:	0f 85 41 0b 00 00    	jne    3bf5 <self_test()+0xd75>
    30b4:	83 fa 01             	cmp    $0x1,%edx
    30b7:	0f 84 49 0b 00 00    	je     3c06 <self_test()+0xd86>
    30bd:	c5 fc 28 a5 f0 fd ff 	vmovaps -0x210(%rbp),%ymm4
    30c4:	ff 
    30c5:	c5 dc 5c a5 f0 fe ff 	vsubps -0x110(%rbp),%ymm4,%ymm4
    30cc:	ff 
    30cd:	c5 dc 54 e1          	vandps %ymm1,%ymm4,%ymm4
    30d1:	c5 fc c2 e4 01       	vcmpltps %ymm4,%ymm0,%ymm4
    30d6:	c4 e2 7d 17 e4       	vptest %ymm4,%ymm4
    30db:	0f 85 2f 0b 00 00    	jne    3c10 <self_test()+0xd90>
    30e1:	83 fa 02             	cmp    $0x2,%edx
    30e4:	0f 84 f3 00 00 00    	je     31dd <self_test()+0x35d>
    30ea:	c5 fc 28 a5 10 fe ff 	vmovaps -0x1f0(%rbp),%ymm4
    30f1:	ff 
    30f2:	c5 dc 5c a5 10 ff ff 	vsubps -0xf0(%rbp),%ymm4,%ymm4
    30f9:	ff 
    30fa:	c5 dc 54 e1          	vandps %ymm1,%ymm4,%ymm4
    30fe:	c5 fc c2 e4 01       	vcmpltps %ymm4,%ymm0,%ymm4
    3103:	c4 e2 7d 17 e4       	vptest %ymm4,%ymm4
    3108:	0f 85 0c 0b 00 00    	jne    3c1a <self_test()+0xd9a>
    310e:	83 fa 03             	cmp    $0x3,%edx
    3111:	0f 84 c6 00 00 00    	je     31dd <self_test()+0x35d>
    3117:	c5 fc 28 a5 30 fe ff 	vmovaps -0x1d0(%rbp),%ymm4
    311e:	ff 
    311f:	c5 dc 5c a5 30 ff ff 	vsubps -0xd0(%rbp),%ymm4,%ymm4
    3126:	ff 
    3127:	c5 dc 54 e1          	vandps %ymm1,%ymm4,%ymm4
    312b:	c5 fc c2 e4 01       	vcmpltps %ymm4,%ymm0,%ymm4
    3130:	c4 e2 7d 17 e4       	vptest %ymm4,%ymm4
    3135:	0f 85 e9 0a 00 00    	jne    3c24 <self_test()+0xda4>
    313b:	83 fa 04             	cmp    $0x4,%edx
    313e:	0f 84 99 00 00 00    	je     31dd <self_test()+0x35d>
    3144:	c5 fc 28 a5 50 fe ff 	vmovaps -0x1b0(%rbp),%ymm4
    314b:	ff 
    314c:	c5 dc 5c a5 50 ff ff 	vsubps -0xb0(%rbp),%ymm4,%ymm4
    3153:	ff 
    3154:	c5 dc 54 e1          	vandps %ymm1,%ymm4,%ymm4
    3158:	c5 fc c2 e4 01       	vcmpltps %ymm4,%ymm0,%ymm4
    315d:	c4 e2 7d 17 e4       	vptest %ymm4,%ymm4
    3162:	0f 85 e4 0a 00 00    	jne    3c4c <self_test()+0xdcc>
    3168:	83 fa 05             	cmp    $0x5,%edx
    316b:	74 70                	je     31dd <self_test()+0x35d>
    316d:	c5 fc 28 a5 70 fe ff 	vmovaps -0x190(%rbp),%ymm4
    3174:	ff 
    3175:	c5 dc 5c a5 70 ff ff 	vsubps -0x90(%rbp),%ymm4,%ymm4
    317c:	ff 
    317d:	c5 dc 54 e1          	vandps %ymm1,%ymm4,%ymm4
    3181:	c5 fc c2 e4 01       	vcmpltps %ymm4,%ymm0,%ymm4
    3186:	c4 e2 7d 17 e4       	vptest %ymm4,%ymm4
    318b:	0f 85 b1 0a 00 00    	jne    3c42 <self_test()+0xdc2>
    3191:	83 fa 06             	cmp    $0x6,%edx
    3194:	74 47                	je     31dd <self_test()+0x35d>
    3196:	c5 fc 28 a5 90 fe ff 	vmovaps -0x170(%rbp),%ymm4
    319d:	ff 
    319e:	c5 dc 5c 65 90       	vsubps -0x70(%rbp),%ymm4,%ymm4
    31a3:	c5 dc 54 e1          	vandps %ymm1,%ymm4,%ymm4
    31a7:	c5 fc c2 e4 01       	vcmpltps %ymm4,%ymm0,%ymm4
    31ac:	c4 e2 7d 17 e4       	vptest %ymm4,%ymm4
    31b1:	0f 85 81 0a 00 00    	jne    3c38 <self_test()+0xdb8>
    31b7:	83 fa 07             	cmp    $0x7,%edx
    31ba:	74 21                	je     31dd <self_test()+0x35d>
    31bc:	c5 fc 28 a5 b0 fe ff 	vmovaps -0x150(%rbp),%ymm4
    31c3:	ff 
    31c4:	c5 dc 5c 65 b0       	vsubps -0x50(%rbp),%ymm4,%ymm4
    31c9:	c5 dc 54 c9          	vandps %ymm1,%ymm4,%ymm1
    31cd:	c5 fc c2 c1 01       	vcmpltps %ymm1,%ymm0,%ymm0
    31d2:	c4 e2 7d 17 c0       	vptest %ymm0,%ymm0
    31d7:	0f 85 51 0a 00 00    	jne    3c2e <self_test()+0xdae>
    31dd:	89 ca                	mov    %ecx,%edx
    31df:	83 e2 f8             	and    $0xfffffff8,%edx
    31e2:	f6 c1 07             	test   $0x7,%cl
    31e5:	0f 84 ab 01 00 00    	je     3396 <self_test()+0x516>
    31eb:	48 63 f2             	movslq %edx,%rsi
    31ee:	c5 fa 10 a4 b5 d0 fd 	vmovss -0x230(%rbp,%rsi,4),%xmm4
    31f5:	ff ff 
    31f7:	c5 fa 10 8c b5 d0 fe 	vmovss -0x130(%rbp,%rsi,4),%xmm1
    31fe:	ff ff 
    3200:	c5 da 5c c1          	vsubss %xmm1,%xmm4,%xmm0
    3204:	c5 f8 54 05 04 31 00 	vandps 0x3104(%rip),%xmm0,%xmm0        # 6310 <C.1.0+0x10>
    320b:	00 
    320c:	c5 f8 2f c3          	vcomiss %xmm3,%xmm0
    3210:	0f 87 c7 09 00 00    	ja     3bdd <self_test()+0xd5d>
    3216:	44 8d 4a 01          	lea    0x1(%rdx),%r9d
    321a:	41 39 c9             	cmp    %ecx,%r9d
    321d:	0f 8d 73 01 00 00    	jge    3396 <self_test()+0x516>
    3223:	49 63 f1             	movslq %r9d,%rsi
    3226:	c5 fa 10 a4 b5 d0 fd 	vmovss -0x230(%rbp,%rsi,4),%xmm4
    322d:	ff ff 
    322f:	c5 fa 10 8c b5 d0 fe 	vmovss -0x130(%rbp,%rsi,4),%xmm1
    3236:	ff ff 
    3238:	c5 da 5c c1          	vsubss %xmm1,%xmm4,%xmm0
    323c:	c5 f8 54 05 cc 30 00 	vandps 0x30cc(%rip),%xmm0,%xmm0        # 6310 <C.1.0+0x10>
    3243:	00 
    3244:	c5 f8 2f c3          	vcomiss %xmm3,%xmm0
    3248:	0f 87 06 09 00 00    	ja     3b54 <self_test()+0xcd4>
    324e:	44 8d 4a 02          	lea    0x2(%rdx),%r9d
    3252:	44 39 c9             	cmp    %r9d,%ecx
    3255:	0f 8e 3b 01 00 00    	jle    3396 <self_test()+0x516>
    325b:	49 63 f1             	movslq %r9d,%rsi
    325e:	c5 fa 10 a4 b5 d0 fd 	vmovss -0x230(%rbp,%rsi,4),%xmm4
    3265:	ff ff 
    3267:	c5 fa 10 8c b5 d0 fe 	vmovss -0x130(%rbp,%rsi,4),%xmm1
    326e:	ff ff 
    3270:	c5 da 5c c1          	vsubss %xmm1,%xmm4,%xmm0
    3274:	c5 f8 54 05 94 30 00 	vandps 0x3094(%rip),%xmm0,%xmm0        # 6310 <C.1.0+0x10>
    327b:	00 
    327c:	c5 f8 2f c3          	vcomiss %xmm3,%xmm0
    3280:	0f 87 ce 08 00 00    	ja     3b54 <self_test()+0xcd4>
    3286:	44 8d 4a 03          	lea    0x3(%rdx),%r9d
    328a:	44 39 c9             	cmp    %r9d,%ecx
    328d:	0f 8e 03 01 00 00    	jle    3396 <self_test()+0x516>
    3293:	49 63 f1             	movslq %r9d,%rsi
    3296:	c5 fa 10 a4 b5 d0 fd 	vmovss -0x230(%rbp,%rsi,4),%xmm4
    329d:	ff ff 
    329f:	c5 fa 10 8c b5 d0 fe 	vmovss -0x130(%rbp,%rsi,4),%xmm1
    32a6:	ff ff 
    32a8:	c5 da 5c c1          	vsubss %xmm1,%xmm4,%xmm0
    32ac:	c5 f8 54 05 5c 30 00 	vandps 0x305c(%rip),%xmm0,%xmm0        # 6310 <C.1.0+0x10>
    32b3:	00 
    32b4:	c5 f8 2f c3          	vcomiss %xmm3,%xmm0
    32b8:	0f 87 96 08 00 00    	ja     3b54 <self_test()+0xcd4>
    32be:	44 8d 4a 04          	lea    0x4(%rdx),%r9d
    32c2:	44 39 c9             	cmp    %r9d,%ecx
    32c5:	0f 8e cb 00 00 00    	jle    3396 <self_test()+0x516>
    32cb:	49 63 f1             	movslq %r9d,%rsi
    32ce:	c5 fa 10 a4 b5 d0 fd 	vmovss -0x230(%rbp,%rsi,4),%xmm4
    32d5:	ff ff 
    32d7:	c5 fa 10 8c b5 d0 fe 	vmovss -0x130(%rbp,%rsi,4),%xmm1
    32de:	ff ff 
    32e0:	c5 da 5c c1          	vsubss %xmm1,%xmm4,%xmm0
    32e4:	c5 f8 54 05 24 30 00 	vandps 0x3024(%rip),%xmm0,%xmm0        # 6310 <C.1.0+0x10>
    32eb:	00 
    32ec:	c5 f8 2f c3          	vcomiss %xmm3,%xmm0
    32f0:	0f 87 5e 08 00 00    	ja     3b54 <self_test()+0xcd4>
    32f6:	44 8d 4a 05          	lea    0x5(%rdx),%r9d
    32fa:	44 39 c9             	cmp    %r9d,%ecx
    32fd:	0f 8e 93 00 00 00    	jle    3396 <self_test()+0x516>
    3303:	49 63 f1             	movslq %r9d,%rsi
    3306:	c5 fa 10 a4 b5 d0 fd 	vmovss -0x230(%rbp,%rsi,4),%xmm4
    330d:	ff ff 
    330f:	c5 fa 10 8c b5 d0 fe 	vmovss -0x130(%rbp,%rsi,4),%xmm1
    3316:	ff ff 
    3318:	c5 da 5c c1          	vsubss %xmm1,%xmm4,%xmm0
    331c:	c5 f8 54 05 ec 2f 00 	vandps 0x2fec(%rip),%xmm0,%xmm0        # 6310 <C.1.0+0x10>
    3323:	00 
    3324:	c5 f8 2f c3          	vcomiss %xmm3,%xmm0
    3328:	0f 87 26 08 00 00    	ja     3b54 <self_test()+0xcd4>
    332e:	44 8d 4a 06          	lea    0x6(%rdx),%r9d
    3332:	44 39 c9             	cmp    %r9d,%ecx
    3335:	7e 5f                	jle    3396 <self_test()+0x516>
    3337:	49 63 f1             	movslq %r9d,%rsi
    333a:	c5 fa 10 a4 b5 d0 fd 	vmovss -0x230(%rbp,%rsi,4),%xmm4
    3341:	ff ff 
    3343:	c5 fa 10 8c b5 d0 fe 	vmovss -0x130(%rbp,%rsi,4),%xmm1
    334a:	ff ff 
    334c:	c5 da 5c c1          	vsubss %xmm1,%xmm4,%xmm0
    3350:	c5 f8 54 05 b8 2f 00 	vandps 0x2fb8(%rip),%xmm0,%xmm0        # 6310 <C.1.0+0x10>
    3357:	00 
    3358:	c5 f8 2f c3          	vcomiss %xmm3,%xmm0
    335c:	0f 87 f2 07 00 00    	ja     3b54 <self_test()+0xcd4>
    3362:	44 8d 4a 07          	lea    0x7(%rdx),%r9d
    3366:	44 39 c9             	cmp    %r9d,%ecx
    3369:	7e 2b                	jle    3396 <self_test()+0x516>
    336b:	49 63 d1             	movslq %r9d,%rdx
    336e:	c5 fa 10 a4 95 d0 fd 	vmovss -0x230(%rbp,%rdx,4),%xmm4
    3375:	ff ff 
    3377:	c5 fa 10 8c 95 d0 fe 	vmovss -0x130(%rbp,%rdx,4),%xmm1
    337e:	ff ff 
    3380:	c5 da 5c c1          	vsubss %xmm1,%xmm4,%xmm0
    3384:	c5 f8 54 05 84 2f 00 	vandps 0x2f84(%rip),%xmm0,%xmm0        # 6310 <C.1.0+0x10>
    338b:	00 
    338c:	c5 f8 2f c3          	vcomiss %xmm3,%xmm0
    3390:	0f 87 be 07 00 00    	ja     3b54 <self_test()+0xcd4>
    3396:	48 83 c0 04          	add    $0x4,%rax
    339a:	48 8d 3d 6f 2f 00 00 	lea    0x2f6f(%rip),%rdi        # 6310 <C.1.0+0x10>
    33a1:	48 39 f8             	cmp    %rdi,%rax
    33a4:	0f 85 43 fb ff ff    	jne    2eed <self_test()+0x6d>
    33aa:	4c 89 f1             	mov    %r14,%rcx
    33ad:	44 89 ee             	mov    %r13d,%esi
    33b0:	48 ff c1             	inc    %rcx
    33b3:	48 83 f9 05          	cmp    $0x5,%rcx
    33b7:	0f 85 11 fb ff ff    	jne    2ece <self_test()+0x4e>
    33bd:	ff c6                	inc    %esi
    33bf:	83 fe 04             	cmp    $0x4,%esi
    33c2:	0f 85 f7 fa ff ff    	jne    2ebf <self_test()+0x3f>
    33c8:	b8 01 00 00 00       	mov    $0x1,%eax
    33cd:	c5 f8 77             	vzeroupper
    33d0:	e9 af 07 00 00       	jmp    3b84 <self_test()+0xd04>
    33d5:	c5 fa 10 9d 88 fd ff 	vmovss -0x278(%rbp),%xmm3
    33dc:	ff 
    33dd:	8b 8d 98 fd ff ff    	mov    -0x268(%rbp),%ecx
    33e3:	48 8b 85 90 fd ff ff 	mov    -0x270(%rbp),%rax
    33ea:	4c 8b 85 a0 fd ff ff 	mov    -0x260(%rbp),%r8
    33f1:	c4 e2 7d 18 0d 26 2f 	vbroadcastss 0x2f26(%rip),%ymm1        # 6320 <C.1.0+0x20>
    33f8:	00 00 
    33fa:	c4 e2 7d 18 25 5d 2f 	vbroadcastss 0x2f5d(%rip),%ymm4        # 6360 <C.1.0+0x60>
    3401:	00 00 
    3403:	45 31 e4             	xor    %r12d,%r12d
    3406:	48 8d 9d d0 fe ff ff 	lea    -0x130(%rbp),%rbx
    340d:	41 bf a9 ac 61 4f    	mov    $0x4f61aca9,%r15d
    3413:	48 89 85 a8 fd ff ff 	mov    %rax,-0x258(%rbp)
    341a:	c5 fa 11 9d a0 fd ff 	vmovss %xmm3,-0x260(%rbp)
    3421:	ff 
    3422:	e9 26 01 00 00       	jmp    354d <self_test()+0x6cd>
    3427:	c4 e2 7d 40 9d b0 fd 	vpmulld -0x250(%rbp),%ymm0,%ymm3
    342e:	ff ff 
    3430:	c4 c1 79 6e ef       	vmovd  %r15d,%xmm5
    3435:	c4 e2 7d 58 ed       	vpbroadcastd %xmm5,%ymm5
    343a:	c5 e5 fe dd          	vpaddd %ymm5,%ymm3,%ymm3
    343e:	4d 85 f6             	test   %r14,%r14
    3441:	0f 84 9d 01 00 00    	je     35e4 <self_test()+0x764>
    3447:	b8 01 00 00 00       	mov    $0x1,%eax
    344c:	c5 f9 6e e8          	vmovd  %eax,%xmm5
    3450:	c4 e2 7d 58 ed       	vpbroadcastd %xmm5,%ymm5
    3455:	41 83 fd 02          	cmp    $0x2,%r13d
    3459:	0f 84 6d 02 00 00    	je     36cc <self_test()+0x84c>
    345f:	b8 15 7c 4a 7f       	mov    $0x7f4a7c15,%eax
    3464:	c5 fd fe c5          	vpaddd %ymm5,%ymm0,%ymm0
    3468:	c5 f9 6e e8          	vmovd  %eax,%xmm5
    346c:	b8 b1 79 37 9e       	mov    $0x9e3779b1,%eax
    3471:	c5 f9 6e f0          	vmovd  %eax,%xmm6
    3475:	c4 e2 7d 58 ed       	vpbroadcastd %xmm5,%ymm5
    347a:	c4 e2 7d 40 ed       	vpmulld %ymm5,%ymm0,%ymm5
    347f:	c4 e2 7d 58 f6       	vpbroadcastd %xmm6,%ymm6
    3484:	c4 e2 65 40 de       	vpmulld %ymm6,%ymm3,%ymm3
    3489:	c5 d5 fe db          	vpaddd %ymm3,%ymm5,%ymm3
    348d:	49 83 fe 01          	cmp    $0x1,%r14
    3491:	0f 84 4d 01 00 00    	je     35e4 <self_test()+0x764>
    3497:	b8 b1 67 56 16       	mov    $0x165667b1,%eax
    349c:	c5 f9 6e e8          	vmovd  %eax,%xmm5
    34a0:	b8 77 ca eb 85       	mov    $0x85ebca77,%eax
    34a5:	c5 f9 6e f0          	vmovd  %eax,%xmm6
    34a9:	c4 e2 7d 58 ed       	vpbroadcastd %xmm5,%ymm5
    34ae:	c4 e2 7d 40 ed       	vpmulld %ymm5,%ymm0,%ymm5
    34b3:	c4 e2 7d 58 f6       	vpbroadcastd %xmm6,%ymm6
    34b8:	c4 e2 65 40 de       	vpmulld %ymm6,%ymm3,%ymm3
    34bd:	c5 d5 fe db          	vpaddd %ymm3,%ymm5,%ymm3
    34c1:	49 83 fe 02          	cmp    $0x2,%r14
    34c5:	0f 84 19 01 00 00    	je     35e4 <self_test()+0x764>
    34cb:	b8 6d 64 a2 d3       	mov    $0xd3a2646d,%eax
    34d0:	c5 f9 6e e8          	vmovd  %eax,%xmm5
    34d4:	b8 3d ae b2 c2       	mov    $0xc2b2ae3d,%eax
    34d9:	c5 f9 6e f0          	vmovd  %eax,%xmm6
    34dd:	c4 e2 7d 58 ed       	vpbroadcastd %xmm5,%ymm5
    34e2:	c4 e2 7d 40 ed       	vpmulld %ymm5,%ymm0,%ymm5
    34e7:	c4 e2 7d 58 f6       	vpbroadcastd %xmm6,%ymm6
    34ec:	c4 e2 65 40 de       	vpmulld %ymm6,%ymm3,%ymm3
    34f1:	c5 d5 fe db          	vpaddd %ymm3,%ymm5,%ymm3
    34f5:	49 83 fe 04          	cmp    $0x4,%r14
    34f9:	0f 85 e5 00 00 00    	jne    35e4 <self_test()+0x764>
    34ff:	b8 c5 46 70 fd       	mov    $0xfd7046c5,%eax
    3504:	c5 f9 6e e8          	vmovd  %eax,%xmm5
    3508:	b8 2f eb d4 27       	mov    $0x27d4eb2f,%eax
    350d:	c4 e2 7d 58 ed       	vpbroadcastd %xmm5,%ymm5
    3512:	c4 e2 7d 40 c5       	vpmulld %ymm5,%ymm0,%ymm0
    3517:	c5 f9 6e e8          	vmovd  %eax,%xmm5
    351b:	c4 e2 7d 58 ed       	vpbroadcastd %xmm5,%ymm5
    3520:	c4 e2 65 40 dd       	vpmulld %ymm5,%ymm3,%ymm3
    3525:	c5 fd fe c3          	vpaddd %ymm3,%ymm0,%ymm0
    3529:	c5 fd 72 e0 10       	vpsrad $0x10,%ymm0,%ymm0
    352e:	c5 fc 5b c0          	vcvtdq2ps %ymm0,%ymm0
    3532:	c5 fc 59 c4          	vmulps %ymm4,%ymm0,%ymm0
    3536:	c5 fc 59 c1          	vmulps %ymm1,%ymm0,%ymm0
    353a:	c4 a1 7c 29 04 a3    	vmovaps %ymm0,(%rbx,%r12,4)
    3540:	49 83 c4 08          	add    $0x8,%r12
    3544:	44 39 e1             	cmp    %r12d,%ecx
    3547:	0f 8e 15 fb ff ff    	jle    3062 <self_test()+0x1e2>
    354d:	41 8d 7c 24 02       	lea    0x2(%r12),%edi
    3552:	41 8d 74 24 05       	lea    0x5(%r12),%esi
    3557:	41 8d 44 24 01       	lea    0x1(%r12),%eax
    355c:	41 8d 54 24 03       	lea    0x3(%r12),%edx
    3561:	c5 f9 6e ef          	vmovd  %edi,%xmm5
    3565:	41 8d 7c 24 04       	lea    0x4(%r12),%edi
    356a:	c4 c1 79 6e fc       	vmovd  %r12d,%xmm7
    356f:	c5 f9 6e df          	vmovd  %edi,%xmm3
    3573:	41 8d 7c 24 06       	lea    0x6(%r12),%edi
    3578:	c4 e3 51 22 ea 01    	vpinsrd $0x1,%edx,%xmm5,%xmm5
    357e:	c5 f9 6e c7          	vmovd  %edi,%xmm0
    3582:	41 8d 7c 24 07       	lea    0x7(%r12),%edi
    3587:	c4 e3 61 22 de 01    	vpinsrd $0x1,%esi,%xmm3,%xmm3
    358d:	c4 e3 79 22 c7 01    	vpinsrd $0x1,%edi,%xmm0,%xmm0
    3593:	c5 e1 6c d8          	vpunpcklqdq %xmm0,%xmm3,%xmm3
    3597:	c4 e3 41 22 c0 01    	vpinsrd $0x1,%eax,%xmm7,%xmm0
    359d:	c5 f9 6c c5          	vpunpcklqdq %xmm5,%xmm0,%xmm0
    35a1:	c4 e3 7d 38 c3 01    	vinserti128 $0x1,%xmm3,%ymm0,%ymm0
    35a7:	41 83 fd 03          	cmp    $0x3,%r13d
    35ab:	74 40                	je     35ed <self_test()+0x76d>
    35ad:	45 85 ed             	test   %r13d,%r13d
    35b0:	0f 85 71 fe ff ff    	jne    3427 <self_test()+0x5a7>
    35b6:	0f b6 05 e3 4a 00 00 	movzbl 0x4ae3(%rip),%eax        # 80a0 <guard variable for jump_tables()::tables>
    35bd:	84 c0                	test   %al,%al
    35bf:	0f 84 46 02 00 00    	je     380b <self_test()+0x98b>
    35c5:	c4 c1 79 6e c7       	vmovd  %r15d,%xmm0
    35ca:	c4 e2 7d 58 c0       	vpbroadcastd %xmm0,%ymm0
    35cf:	c4 82 7d 40 04 a0    	vpmulld (%r8,%r12,4),%ymm0,%ymm0
    35d5:	c4 81 7d fe 84 a0 00 	vpaddd 0x500(%r8,%r12,4),%ymm0,%ymm0
    35dc:	05 00 00 
    35df:	e9 45 ff ff ff       	jmp    3529 <self_test()+0x6a9>
    35e4:	c5 fd 6f c3          	vmovdqa %ymm3,%ymm0
    35e8:	e9 3c ff ff ff       	jmp    3529 <self_test()+0x6a9>
    35ed:	b8 0f 00 00 00       	mov    $0xf,%eax
    35f2:	c5 e5 72 f0 02       	vpslld $0x2,%ymm0,%ymm3
    35f7:	c5 e5 fe d8          	vpaddd %ymm0,%ymm3,%ymm3
    35fb:	c4 e2 7d 18 2d 00 2a 	vbroadcastss 0x2a00(%rip),%ymm5        # 6004 <_IO_stdin_used+0x4>
    3602:	00 00 
    3604:	c5 f9 6e c0          	vmovd  %eax,%xmm0
    3608:	c4 e2 7d 58 c0       	vpbroadcastd %xmm0,%ymm0
    360d:	c5 e5 db d8          	vpand  %ymm0,%ymm3,%ymm3
    3611:	c4 e2 7d 18 05 ee 29 	vbroadcastss 0x29ee(%rip),%ymm0        # 6008 <_IO_stdin_used+0x8>
    3618:	00 00 
    361a:	c5 fc 5b db          	vcvtdq2ps %ymm3,%ymm3
    361e:	c4 e2 7d 98 dd       	vfmadd132ps %ymm5,%ymm0,%ymm3
    3623:	c4 e2 7d 18 05 0c 2a 	vbroadcastss 0x2a0c(%rip),%ymm0        # 6038 <_IO_stdin_used+0x38>
    362a:	00 00 
    362c:	c5 e4 58 c0          	vaddps %ymm0,%ymm3,%ymm0
    3630:	4d 85 f6             	test   %r14,%r14
    3633:	0f 84 fd fe ff ff    	je     3536 <self_test()+0x6b6>
    3639:	c4 e2 7d 18 2d d6 29 	vbroadcastss 0x29d6(%rip),%ymm5        # 6018 <_IO_stdin_used+0x18>
    3640:	00 00 
    3642:	c4 e2 7d 18 35 c9 29 	vbroadcastss 0x29c9(%rip),%ymm6        # 6014 <_IO_stdin_used+0x14>
    3649:	00 00 
    364b:	c5 e4 59 d9          	vmulps %ymm1,%ymm3,%ymm3
    364f:	c5 e4 58 ed          	vaddps %ymm5,%ymm3,%ymm5
    3653:	c4 e2 55 98 c6       	vfmadd132ps %ymm6,%ymm5,%ymm0
    3658:	49 83 fe 01          	cmp    $0x1,%r14
    365c:	0f 84 d4 fe ff ff    	je     3536 <self_test()+0x6b6>
    3662:	c4 e2 7d 18 2d b5 29 	vbroadcastss 0x29b5(%rip),%ymm5        # 6020 <_IO_stdin_used+0x20>
    3669:	00 00 
    366b:	c4 e2 7d 18 35 a8 29 	vbroadcastss 0x29a8(%rip),%ymm6        # 601c <_IO_stdin_used+0x1c>
    3672:	00 00 
    3674:	c5 e4 58 ed          	vaddps %ymm5,%ymm3,%ymm5
    3678:	c4 e2 55 98 c6       	vfmadd132ps %ymm6,%ymm5,%ymm0
    367d:	49 83 fe 02          	cmp    $0x2,%r14
    3681:	0f 84 af fe ff ff    	je     3536 <self_test()+0x6b6>
    3687:	c4 e2 7d 18 2d 98 29 	vbroadcastss 0x2998(%rip),%ymm5        # 6028 <_IO_stdin_used+0x28>
    368e:	00 00 
    3690:	c4 e2 7d 18 35 8b 29 	vbroadcastss 0x298b(%rip),%ymm6        # 6024 <_IO_stdin_used+0x24>
    3697:	00 00 
    3699:	c5 e4 58 ed          	vaddps %ymm5,%ymm3,%ymm5
    369d:	c4 e2 55 98 c6       	vfmadd132ps %ymm6,%ymm5,%ymm0
    36a2:	49 83 fe 04          	cmp    $0x4,%r14
    36a6:	0f 85 8a fe ff ff    	jne    3536 <self_test()+0x6b6>
    36ac:	c4 e2 7d 18 2d 7b 29 	vbroadcastss 0x297b(%rip),%ymm5        # 6030 <_IO_stdin_used+0x30>
    36b3:	00 00 
    36b5:	c5 e4 58 dd          	vaddps %ymm5,%ymm3,%ymm3
    36b9:	c4 e2 7d 18 2d 6a 29 	vbroadcastss 0x296a(%rip),%ymm5        # 602c <_IO_stdin_used+0x2c>
    36c0:	00 00 
    36c2:	c4 e2 65 98 c5       	vfmadd132ps %ymm5,%ymm3,%ymm0
    36c7:	e9 6a fe ff ff       	jmp    3536 <self_test()+0x6b6>
    36cc:	b8 15 7c 4a 7f       	mov    $0x7f4a7c15,%eax
    36d1:	c5 fd fe ed          	vpaddd %ymm5,%ymm0,%ymm5
    36d5:	c5 f9 6e c0          	vmovd  %eax,%xmm0
    36d9:	b8 b1 79 37 9e       	mov    $0x9e3779b1,%eax
    36de:	c5 f9 6e f0          	vmovd  %eax,%xmm6
    36e2:	c4 e2 7d 58 c0       	vpbroadcastd %xmm0,%ymm0
    36e7:	b8 bb 49 d0 94       	mov    $0x94d049bb,%eax
    36ec:	c4 e2 55 40 c0       	vpmulld %ymm0,%ymm5,%ymm0
    36f1:	c4 e2 7d 58 f6       	vpbroadcastd %xmm6,%ymm6
    36f6:	c4 e2 65 40 de       	vpmulld %ymm6,%ymm3,%ymm3
    36fb:	c5 fd fe db          	vpaddd %ymm3,%ymm0,%ymm3
    36ff:	c5 fd 72 d3 07       	vpsrld $0x7,%ymm3,%ymm0
    3704:	c5 fd ef c3          	vpxor  %ymm3,%ymm0,%ymm0
    3708:	c5 f9 6e d8          	vmovd  %eax,%xmm3
    370c:	c4 e2 7d 58 db       	vpbroadcastd %xmm3,%ymm3
    3711:	c4 e2 7d 40 c3       	vpmulld %ymm3,%ymm0,%ymm0
    3716:	49 83 fe 01          	cmp    $0x1,%r14
    371a:	0f 84 09 fe ff ff    	je     3529 <self_test()+0x6a9>
    3720:	b8 b1 67 56 16       	mov    $0x165667b1,%eax
    3725:	c5 f9 6e d8          	vmovd  %eax,%xmm3
    3729:	b8 77 ca eb 85       	mov    $0x85ebca77,%eax
    372e:	c5 f9 6e f0          	vmovd  %eax,%xmm6
    3732:	c4 e2 7d 58 db       	vpbroadcastd %xmm3,%ymm3
    3737:	b8 0f ea 9d 36       	mov    $0x369dea0f,%eax
    373c:	c4 e2 55 40 db       	vpmulld %ymm3,%ymm5,%ymm3
    3741:	c4 e2 7d 58 f6       	vpbroadcastd %xmm6,%ymm6
    3746:	c4 e2 7d 40 c6       	vpmulld %ymm6,%ymm0,%ymm0
    374b:	c5 e5 fe c0          	vpaddd %ymm0,%ymm3,%ymm0
    374f:	c5 e5 72 d0 0b       	vpsrld $0xb,%ymm0,%ymm3
    3754:	c5 fd ef c3          	vpxor  %ymm3,%ymm0,%ymm0
    3758:	c5 f9 6e d8          	vmovd  %eax,%xmm3
    375c:	c4 e2 7d 58 db       	vpbroadcastd %xmm3,%ymm3
    3761:	c4 e2 7d 40 db       	vpmulld %ymm3,%ymm0,%ymm3
    3766:	49 83 fe 02          	cmp    $0x2,%r14
    376a:	0f 84 74 fe ff ff    	je     35e4 <self_test()+0x764>
    3770:	b8 6d 64 a2 d3       	mov    $0xd3a2646d,%eax
    3775:	c5 f9 6e c0          	vmovd  %eax,%xmm0
    3779:	b8 3d ae b2 c2       	mov    $0xc2b2ae3d,%eax
    377e:	c5 f9 6e f0          	vmovd  %eax,%xmm6
    3782:	c4 e2 7d 58 c0       	vpbroadcastd %xmm0,%ymm0
    3787:	b8 2d 35 eb 7f       	mov    $0x7feb352d,%eax
    378c:	c4 e2 55 40 c0       	vpmulld %ymm0,%ymm5,%ymm0
    3791:	c4 e2 7d 58 f6       	vpbroadcastd %xmm6,%ymm6
    3796:	c4 e2 65 40 de       	vpmulld %ymm6,%ymm3,%ymm3
    379b:	c5 fd fe c3          	vpaddd %ymm3,%ymm0,%ymm0
    379f:	c5 e5 72 d0 09       	vpsrld $0x9,%ymm0,%ymm3
    37a4:	c5 fd ef c3          	vpxor  %ymm3,%ymm0,%ymm0
    37a8:	c5 f9 6e d8          	vmovd  %eax,%xmm3
    37ac:	c4 e2 7d 58 db       	vpbroadcastd %xmm3,%ymm3
    37b1:	c4 e2 7d 40 c3       	vpmulld %ymm3,%ymm0,%ymm0
    37b6:	49 83 fe 04          	cmp    $0x4,%r14
    37ba:	0f 85 69 fd ff ff    	jne    3529 <self_test()+0x6a9>
    37c0:	b8 c5 46 70 fd       	mov    $0xfd7046c5,%eax
    37c5:	c5 f9 6e d8          	vmovd  %eax,%xmm3
    37c9:	b8 2f eb d4 27       	mov    $0x27d4eb2f,%eax
    37ce:	c4 e2 7d 58 db       	vpbroadcastd %xmm3,%ymm3
    37d3:	c4 e2 55 40 eb       	vpmulld %ymm3,%ymm5,%ymm5
    37d8:	c5 f9 6e d8          	vmovd  %eax,%xmm3
    37dc:	b8 8b a6 6c 84       	mov    $0x846ca68b,%eax
    37e1:	c4 e2 7d 58 db       	vpbroadcastd %xmm3,%ymm3
    37e6:	c4 e2 7d 40 c3       	vpmulld %ymm3,%ymm0,%ymm0
    37eb:	c5 d5 fe c0          	vpaddd %ymm0,%ymm5,%ymm0
    37ef:	c5 e5 72 d0 0d       	vpsrld $0xd,%ymm0,%ymm3
    37f4:	c5 fd ef db          	vpxor  %ymm3,%ymm0,%ymm3
    37f8:	c5 f9 6e c0          	vmovd  %eax,%xmm0
    37fc:	c4 e2 7d 58 c0       	vpbroadcastd %xmm0,%ymm0
    3801:	c4 e2 7d 40 c3       	vpmulld %ymm3,%ymm0,%ymm0
    3806:	e9 1e fd ff ff       	jmp    3529 <self_test()+0x6a9>
    380b:	48 8d 3d 8e 48 00 00 	lea    0x488e(%rip),%rdi        # 80a0 <guard variable for jump_tables()::tables>
    3812:	4c 89 85 88 fd ff ff 	mov    %r8,-0x278(%rbp)
    3819:	89 8d 90 fd ff ff    	mov    %ecx,-0x270(%rbp)
    381f:	48 89 bd 98 fd ff ff 	mov    %rdi,-0x268(%rbp)
    3826:	c5 f8 77             	vzeroupper
    3829:	e8 b2 d8 ff ff       	call   10e0 <__cxa_guard_acquire@plt>
    382e:	c5 e8 57 d2          	vxorps %xmm2,%xmm2,%xmm2
    3832:	85 c0                	test   %eax,%eax
    3834:	c5 fc 28 0d e4 2a 00 	vmovaps 0x2ae4(%rip),%ymm1        # 6320 <C.1.0+0x20>
    383b:	00 
    383c:	c5 fc 28 25 1c 2b 00 	vmovaps 0x2b1c(%rip),%ymm4        # 6360 <C.1.0+0x60>
    3843:	00 
    3844:	48 8b bd 98 fd ff ff 	mov    -0x268(%rbp),%rdi
    384b:	8b 8d 90 fd ff ff    	mov    -0x270(%rbp),%ecx
    3851:	4c 8b 85 88 fd ff ff 	mov    -0x278(%rbp),%r8
    3858:	0f 84 67 fd ff ff    	je     35c5 <self_test()+0x745>
    385e:	48 8d 05 5b 4d 00 00 	lea    0x4d5b(%rip),%rax        # 85c0 <jump_tables()::tables+0x500>
    3865:	41 bb 41 00 00 00    	mov    $0x41,%r11d
    386b:	44 89 ad 98 fd ff ff 	mov    %r13d,-0x268(%rbp)
    3872:	4c 89 b5 88 fd ff ff 	mov    %r14,-0x278(%rbp)
    3879:	4c 89 85 80 fd ff ff 	mov    %r8,-0x280(%rbp)
    3880:	45 8d 6b c0          	lea    -0x40(%r11),%r13d
    3884:	49 89 c6             	mov    %rax,%r14
    3887:	66 0f 1f 84 00 00 00 	nopw   0x0(%rax,%rax,1)
    388e:	00 00 
    3890:	44 89 e9             	mov    %r13d,%ecx
    3893:	41 b9 01 00 00 00    	mov    $0x1,%r9d
    3899:	be 15 7c 4a 7f       	mov    $0x7f4a7c15,%esi
    389e:	45 31 c0             	xor    %r8d,%r8d
    38a1:	ba b1 79 37 9e       	mov    $0x9e3779b1,%edx
    38a6:	66 66 2e 0f 1f 84 00 	data16 cs nopw 0x0(%rax,%rax,1)
    38ad:	00 00 00 00 
    38b1:	66 66 2e 0f 1f 84 00 	data16 cs nopw 0x0(%rax,%rax,1)
    38b8:	00 00 00 00 
    38bc:	0f 1f 40 00          	nopl   0x0(%rax)
    38c0:	f6 c1 01             	test   $0x1,%cl
    38c3:	0f 84 77 01 00 00    	je     3a40 <self_test()+0xbc0>
    38c9:	44 0f af c2          	imul   %edx,%r8d
    38cd:	44 8d 52 01          	lea    0x1(%rdx),%r10d
    38d1:	44 0f af ca          	imul   %edx,%r9d
    38d5:	0f af d2             	imul   %edx,%edx
    38d8:	41 01 f0             	add    %esi,%r8d
    38db:	41 0f af f2          	imul   %r10d,%esi
    38df:	d1 e9                	shr    $1,%ecx
    38e1:	75 dd                	jne    38c0 <self_test()+0xa40>
    38e3:	41 ff c5             	inc    %r13d
    38e6:	45 89 8e 00 fb ff ff 	mov    %r9d,-0x500(%r14)
    38ed:	45 89 06             	mov    %r8d,(%r14)
    38f0:	49 83 c6 04          	add    $0x4,%r14
    38f4:	45 39 dd             	cmp    %r11d,%r13d
    38f7:	75 97                	jne    3890 <self_test()+0xa10>
    38f9:	45 8d 5d 01          	lea    0x1(%r13),%r11d
    38fd:	48 05 00 01 00 00    	add    $0x100,%rax
    3903:	41 83 fd 45          	cmp    $0x45,%r13d
    3907:	0f 85 73 ff ff ff    	jne    3880 <self_test()+0xa00>
    390d:	4c 8b 85 80 fd ff ff 	mov    -0x280(%rbp),%r8
    3914:	44 8b ad 98 fd ff ff 	mov    -0x268(%rbp),%r13d
    391b:	4c 8b b5 88 fd ff ff 	mov    -0x278(%rbp),%r14
    3922:	4c 89 85 98 fd ff ff 	mov    %r8,-0x268(%rbp)
    3929:	c5 f8 77             	vzeroupper
    392c:	e8 1f d7 ff ff       	call   1050 <__cxa_guard_release@plt>
    3931:	c5 e8 57 d2          	vxorps %xmm2,%xmm2,%xmm2
    3935:	c5 fc 28 25 23 2a 00 	vmovaps 0x2a23(%rip),%ymm4        # 6360 <C.1.0+0x60>
    393c:	00 
    393d:	c5 fc 28 0d db 29 00 	vmovaps 0x29db(%rip),%ymm1        # 6320 <C.1.0+0x20>
    3944:	00 
    3945:	8b 8d 90 fd ff ff    	mov    -0x270(%rbp),%ecx
    394b:	4c 8b 85 98 fd ff ff 	mov    -0x268(%rbp),%r8
    3952:	e9 6e fc ff ff       	jmp    35c5 <self_test()+0x745>
    3957:	c5 fa 10 3d a5 26 00 	vmovss 0x26a5(%rip),%xmm7        # 6004 <_IO_stdin_used+0x4>
    395e:	00 
    395f:	c5 fa 10 35 a1 26 00 	vmovss 0x26a1(%rip),%xmm6        # 6008 <_IO_stdin_used+0x8>
    3966:	00 
    3967:	31 ff                	xor    %edi,%edi
    3969:	4c 8d a5 d0 fd ff ff 	lea    -0x230(%rbp),%r12
    3970:	c5 fa 10 2d bc 26 00 	vmovss 0x26bc(%rip),%xmm5        # 6034 <_IO_stdin_used+0x34>
    3977:	00 
    3978:	c5 fa 10 25 a0 29 00 	vmovss 0x29a0(%rip),%xmm4        # 6320 <C.1.0+0x20>
    397f:	00 
    3980:	c5 7a 10 0d 8c 26 00 	vmovss 0x268c(%rip),%xmm9        # 6014 <_IO_stdin_used+0x14>
    3987:	00 
    3988:	c5 7a 10 05 88 26 00 	vmovss 0x2688(%rip),%xmm8        # 6018 <_IO_stdin_used+0x18>
    398f:	00 
    3990:	c5 7a 10 1d 84 26 00 	vmovss 0x2684(%rip),%xmm11        # 601c <_IO_stdin_used+0x1c>
    3997:	00 
    3998:	c5 7a 10 15 80 26 00 	vmovss 0x2680(%rip),%xmm10        # 6020 <_IO_stdin_used+0x20>
    399f:	00 
    39a0:	c5 7a 10 3d 7c 26 00 	vmovss 0x267c(%rip),%xmm15        # 6024 <_IO_stdin_used+0x24>
    39a7:	00 
    39a8:	c5 7a 10 35 78 26 00 	vmovss 0x2678(%rip),%xmm14        # 6028 <_IO_stdin_used+0x28>
    39af:	00 
    39b0:	c5 7a 10 2d 74 26 00 	vmovss 0x2674(%rip),%xmm13        # 602c <_IO_stdin_used+0x2c>
    39b7:	00 
    39b8:	c5 7a 10 25 70 26 00 	vmovss 0x2670(%rip),%xmm12        # 6030 <_IO_stdin_used+0x30>
    39bf:	00 
    39c0:	8d 14 bf             	lea    (%rdi,%rdi,4),%edx
    39c3:	83 e2 0f             	and    $0xf,%edx
    39c6:	c5 ea 2a ca          	vcvtsi2ss %edx,%xmm2,%xmm1
    39ca:	c4 e2 49 99 cf       	vfmadd132ss %xmm7,%xmm6,%xmm1
    39cf:	c5 f2 5c c5          	vsubss %xmm5,%xmm1,%xmm0
    39d3:	c5 fa 5c c4          	vsubss %xmm4,%xmm0,%xmm0
    39d7:	4d 85 f6             	test   %r14,%r14
    39da:	74 3a                	je     3a16 <self_test()+0xb96>
    39dc:	c4 c2 39 99 c1       	vfmadd132ss %xmm9,%xmm8,%xmm0
    39e1:	c5 f2 59 cc          	vmulss %xmm4,%xmm1,%xmm1
    39e5:	c5 f2 58 c0          	vaddss %xmm0,%xmm1,%xmm0
    39e9:	49 83 fe 01          	cmp    $0x1,%r14
    39ed:	74 27                	je     3a16 <self_test()+0xb96>
    39ef:	c4 c2 29 99 c3       	vfmadd132ss %xmm11,%xmm10,%xmm0
    39f4:	c5 f2 58 c0          	vaddss %xmm0,%xmm1,%xmm0
    39f8:	49 83 fe 02          	cmp    $0x2,%r14
    39fc:	74 18                	je     3a16 <self_test()+0xb96>
    39fe:	c4 c2 09 99 c7       	vfmadd132ss %xmm15,%xmm14,%xmm0
    3a03:	c5 f2 58 c0          	vaddss %xmm0,%xmm1,%xmm0
    3a07:	49 83 fe 04          	cmp    $0x4,%r14
    3a0b:	75 09                	jne    3a16 <self_test()+0xb96>
    3a0d:	c4 c2 19 99 c5       	vfmadd132ss %xmm13,%xmm12,%xmm0
    3a12:	c5 fa 58 c1          	vaddss %xmm1,%xmm0,%xmm0
    3a16:	c5 fa 59 c4          	vmulss %xmm4,%xmm0,%xmm0
    3a1a:	c4 c1 7a 11 04 bc    	vmovss %xmm0,(%r12,%rdi,4)
    3a20:	48 ff c7             	inc    %rdi
    3a23:	48 39 fe             	cmp    %rdi,%rsi
    3a26:	75 98                	jne    39c0 <self_test()+0xb40>
    3a28:	e9 c4 f9 ff ff       	jmp    33f1 <self_test()+0x571>
    3a2d:	c5 fa 10 1d 07 26 00 	vmovss 0x2607(%rip),%xmm3        # 603c <_IO_stdin_used+0x3c>
    3a34:	00 
    3a35:	e9 92 f4 ff ff       	jmp    2ecc <self_test()+0x4c>
    3a3a:	66 0f 1f 44 00 00    	nopw   0x0(%rax,%rax,1)
    3a40:	44 8d 52 01          	lea    0x1(%rdx),%r10d
    3a44:	0f af d2             	imul   %edx,%edx
    3a47:	d1 e9                	shr    $1,%ecx
    3a49:	41 0f af f2          	imul   %r10d,%esi
    3a4d:	e9 6e fe ff ff       	jmp    38c0 <self_test()+0xa40>
    3a52:	69 cb 67 f1 21 91    	imul   $0x9121f167,%ebx,%ecx
    3a58:	8d 81 53 7d e1 a3    	lea    -0x5c1e82ad(%rcx),%eax
    3a5e:	e9 0a f5 ff ff       	jmp    2f6d <self_test()+0xed>
    3a63:	48 8d 3d 36 46 00 00 	lea    0x4636(%rip),%rdi        # 80a0 <guard variable for jump_tables()::tables>
    3a6a:	c5 fa 11 a5 78 fd ff 	vmovss %xmm4,-0x288(%rbp)
    3a71:	ff 
    3a72:	48 89 bd 80 fd ff ff 	mov    %rdi,-0x280(%rbp)
    3a79:	c5 f8 77             	vzeroupper
    3a7c:	e8 5f d6 ff ff       	call   10e0 <__cxa_guard_acquire@plt>
    3a81:	c5 e8 57 d2          	vxorps %xmm2,%xmm2,%xmm2
    3a85:	85 c0                	test   %eax,%eax
    3a87:	c5 fa 10 a5 78 fd ff 	vmovss -0x288(%rbp),%xmm4
    3a8e:	ff 
    3a8f:	48 8b bd 80 fd ff ff 	mov    -0x280(%rbp),%rdi
    3a96:	0f 84 9c f5 ff ff    	je     3038 <self_test()+0x1b8>
    3a9c:	48 8d 05 1d 4b 00 00 	lea    0x4b1d(%rip),%rax        # 85c0 <jump_tables()::tables+0x500>
    3aa3:	41 bb 41 00 00 00    	mov    $0x41,%r11d
    3aa9:	44 89 ad 80 fd ff ff 	mov    %r13d,-0x280(%rbp)
    3ab0:	48 89 9d 78 fd ff ff 	mov    %rbx,-0x288(%rbp)
    3ab7:	45 8d 6b c0          	lea    -0x40(%r11),%r13d
    3abb:	48 89 c3             	mov    %rax,%rbx
    3abe:	66 90                	xchg   %ax,%ax
    3ac0:	44 89 e9             	mov    %r13d,%ecx
    3ac3:	41 b9 01 00 00 00    	mov    $0x1,%r9d
    3ac9:	be 15 7c 4a 7f       	mov    $0x7f4a7c15,%esi
    3ace:	45 31 c0             	xor    %r8d,%r8d
    3ad1:	ba b1 79 37 9e       	mov    $0x9e3779b1,%edx
    3ad6:	66 2e 0f 1f 84 00 00 	cs nopw 0x0(%rax,%rax,1)
    3add:	00 00 00 
    3ae0:	f6 c1 01             	test   $0x1,%cl
    3ae3:	0f 84 d7 00 00 00    	je     3bc0 <self_test()+0xd40>
    3ae9:	44 0f af c2          	imul   %edx,%r8d
    3aed:	44 8d 52 01          	lea    0x1(%rdx),%r10d
    3af1:	44 0f af ca          	imul   %edx,%r9d
    3af5:	0f af d2             	imul   %edx,%edx
    3af8:	41 01 f0             	add    %esi,%r8d
    3afb:	41 0f af f2          	imul   %r10d,%esi
    3aff:	d1 e9                	shr    $1,%ecx
    3b01:	75 dd                	jne    3ae0 <self_test()+0xc60>
    3b03:	41 ff c5             	inc    %r13d
    3b06:	44 89 8b 00 fb ff ff 	mov    %r9d,-0x500(%rbx)
    3b0d:	44 89 03             	mov    %r8d,(%rbx)
    3b10:	48 83 c3 04          	add    $0x4,%rbx
    3b14:	45 39 eb             	cmp    %r13d,%r11d
    3b17:	75 a7                	jne    3ac0 <self_test()+0xc40>
    3b19:	41 ff c3             	inc    %r11d
    3b1c:	48 05 00 01 00 00    	add    $0x100,%rax
    3b22:	41 83 fb 46          	cmp    $0x46,%r11d
    3b26:	75 8f                	jne    3ab7 <self_test()+0xc37>
    3b28:	c5 fa 11 a5 74 fd ff 	vmovss %xmm4,-0x28c(%rbp)
    3b2f:	ff 
    3b30:	44 8b ad 80 fd ff ff 	mov    -0x280(%rbp),%r13d
    3b37:	48 8b 9d 78 fd ff ff 	mov    -0x288(%rbp),%rbx
    3b3e:	e8 0d d5 ff ff       	call   1050 <__cxa_guard_release@plt>
    3b43:	c5 fa 10 a5 74 fd ff 	vmovss -0x28c(%rbp),%xmm4
    3b4a:	ff 
    3b4b:	c5 e8 57 d2          	vxorps %xmm2,%xmm2,%xmm2
    3b4f:	e9 e4 f4 ff ff       	jmp    3038 <self_test()+0x1b8>
    3b54:	41 89 c8             	mov    %ecx,%r8d
    3b57:	44 89 ee             	mov    %r13d,%esi
    3b5a:	4c 89 f1             	mov    %r14,%rcx
    3b5d:	48 8b 3d 1c 45 00 00 	mov    0x451c(%rip),%rdi        # 8080 <stderr@GLIBC_2.2.5>
    3b64:	c5 da 5a c4          	vcvtss2sd %xmm4,%xmm4,%xmm0
    3b68:	89 f2                	mov    %esi,%edx
    3b6a:	b8 02 00 00 00       	mov    $0x2,%eax
    3b6f:	c5 f2 5a c9          	vcvtss2sd %xmm1,%xmm1,%xmm1
    3b73:	48 8d 35 de 24 00 00 	lea    0x24de(%rip),%rsi        # 6058 <_IO_stdin_used+0x58>
    3b7a:	c5 f8 77             	vzeroupper
    3b7d:	e8 2e d5 ff ff       	call   10b0 <fprintf@plt>
    3b82:	31 c0                	xor    %eax,%eax
    3b84:	48 81 c4 60 02 00 00 	add    $0x260,%rsp
    3b8b:	5b                   	pop    %rbx
    3b8c:	41 5a                	pop    %r10
    3b8e:	41 5c                	pop    %r12
    3b90:	41 5d                	pop    %r13
    3b92:	41 5e                	pop    %r14
    3b94:	41 5f                	pop    %r15
    3b96:	5d                   	pop    %rbp
    3b97:	49 8d 62 f8          	lea    -0x8(%r10),%rsp
    3b9b:	c3                   	ret
    3b9c:	69 c0 bb 49 d0 94    	imul   $0x94d049bb,%eax,%eax
    3ba2:	e9 c6 f3 ff ff       	jmp    2f6d <self_test()+0xed>
    3ba7:	69 c1 0f ea 9d 36    	imul   $0x369dea0f,%ecx,%eax
    3bad:	e9 bb f3 ff ff       	jmp    2f6d <self_test()+0xed>
    3bb2:	66 66 2e 0f 1f 84 00 	data16 cs nopw 0x0(%rax,%rax,1)
    3bb9:	00 00 00 00 
    3bbd:	0f 1f 00             	nopl   (%rax)
    3bc0:	44 8d 52 01          	lea    0x1(%rdx),%r10d
    3bc4:	0f af d2             	imul   %edx,%edx
    3bc7:	d1 e9                	shr    $1,%ecx
    3bc9:	41 0f af f2          	imul   %r10d,%esi
    3bcd:	e9 0e ff ff ff       	jmp    3ae0 <self_test()+0xc60>
    3bd2:	69 c1 2d 35 eb 7f    	imul   $0x7feb352d,%ecx,%eax
    3bd8:	e9 90 f3 ff ff       	jmp    2f6d <self_test()+0xed>
    3bdd:	41 89 c8             	mov    %ecx,%r8d
    3be0:	44 89 ee             	mov    %r13d,%esi
    3be3:	4c 89 f1             	mov    %r14,%rcx
    3be6:	41 89 d1             	mov    %edx,%r9d
    3be9:	e9 6f ff ff ff       	jmp    3b5d <self_test()+0xcdd>
    3bee:	31 d2                	xor    %edx,%edx
    3bf0:	e9 f6 f5 ff ff       	jmp    31eb <self_test()+0x36b>
    3bf5:	c5 fd 6f 05 a3 27 00 	vmovdqa 0x27a3(%rip),%ymm0        # 63a0 <C.1.0+0xa0>
    3bfc:	00 
    3bfd:	c5 f9 7e c2          	vmovd  %xmm0,%edx
    3c01:	e9 e5 f5 ff ff       	jmp    31eb <self_test()+0x36b>
    3c06:	ba 08 00 00 00       	mov    $0x8,%edx
    3c0b:	e9 db f5 ff ff       	jmp    31eb <self_test()+0x36b>
    3c10:	c5 fd 6f 05 a8 27 00 	vmovdqa 0x27a8(%rip),%ymm0        # 63c0 <C.1.0+0xc0>
    3c17:	00 
    3c18:	eb e3                	jmp    3bfd <self_test()+0xd7d>
    3c1a:	c5 fd 6f 05 be 27 00 	vmovdqa 0x27be(%rip),%ymm0        # 63e0 <C.1.0+0xe0>
    3c21:	00 
    3c22:	eb d9                	jmp    3bfd <self_test()+0xd7d>
    3c24:	c5 fd 6f 05 d4 27 00 	vmovdqa 0x27d4(%rip),%ymm0        # 6400 <C.1.0+0x100>
    3c2b:	00 
    3c2c:	eb cf                	jmp    3bfd <self_test()+0xd7d>
    3c2e:	c5 fd 6f 05 4a 27 00 	vmovdqa 0x274a(%rip),%ymm0        # 6380 <C.1.0+0x80>
    3c35:	00 
    3c36:	eb c5                	jmp    3bfd <self_test()+0xd7d>
    3c38:	c5 fd 6f 05 20 28 00 	vmovdqa 0x2820(%rip),%ymm0        # 6460 <C.1.0+0x160>
    3c3f:	00 
    3c40:	eb bb                	jmp    3bfd <self_test()+0xd7d>
    3c42:	c5 fd 6f 05 f6 27 00 	vmovdqa 0x27f6(%rip),%ymm0        # 6440 <C.1.0+0x140>
    3c49:	00 
    3c4a:	eb b1                	jmp    3bfd <self_test()+0xd7d>
    3c4c:	c5 fd 6f 05 cc 27 00 	vmovdqa 0x27cc(%rip),%ymm0        # 6420 <C.1.0+0x120>
    3c53:	00 
    3c54:	eb a7                	jmp    3bfd <self_test()+0xd7d>
    3c56:	66 2e 0f 1f 84 00 00 	cs nopw 0x0(%rax,%rax,1)
    3c5d:	00 00 00 

0000000000003c60 <generate_avx2_unrolled4(Family, int, unsigned int const*, float const*, unsigned long, int, float*)>:
    3c60:	41 55                	push   %r13
    3c62:	4c 8d 6c 24 10       	lea    0x10(%rsp),%r13
    3c67:	48 83 e4 e0          	and    $0xffffffffffffffe0,%rsp
    3c6b:	41 ff 75 f8          	push   -0x8(%r13)
    3c6f:	55                   	push   %rbp
    3c70:	4d 89 eb             	mov    %r13,%r11
    3c73:	48 89 e5             	mov    %rsp,%rbp
    3c76:	41 57                	push   %r15
    3c78:	41 56                	push   %r14
    3c7a:	41 55                	push   %r13
    3c7c:	41 54                	push   %r12
    3c7e:	53                   	push   %rbx
    3c7f:	41 89 fd             	mov    %edi,%r13d
    3c82:	48 81 ec 88 01 00 00 	sub    $0x188,%rsp
    3c89:	48 89 95 70 fe ff ff 	mov    %rdx,-0x190(%rbp)
    3c90:	4d 8b 3b             	mov    (%r11),%r15
    3c93:	48 89 8d 68 fe ff ff 	mov    %rcx,-0x198(%rbp)
    3c9a:	4c 89 85 90 fe ff ff 	mov    %r8,-0x170(%rbp)
    3ca1:	44 89 8d b8 fe ff ff 	mov    %r9d,-0x148(%rbp)
    3ca8:	49 83 f8 03          	cmp    $0x3,%r8
    3cac:	0f 86 23 12 00 00    	jbe    4ed5 <generate_avx2_unrolled4(Family, int, unsigned int const*, float const*, unsigned long, int, float*)+0x1275>
    3cb2:	48 63 c6             	movslq %esi,%rax
    3cb5:	49 89 d4             	mov    %rdx,%r12
    3cb8:	4d 89 c6             	mov    %r8,%r14
    3cbb:	44 89 ca             	mov    %r9d,%edx
    3cbe:	48 83 c0 05          	add    $0x5,%rax
    3cc2:	49 89 c8             	mov    %rcx,%r8
    3cc5:	49 8d 4e fc          	lea    -0x4(%r14),%rcx
    3cc9:	c5 fa 10 35 3b 23 00 	vmovss 0x233b(%rip),%xmm6        # 600c <_IO_stdin_used+0xc>
    3cd0:	00 
    3cd1:	48 c1 e0 08          	shl    $0x8,%rax
    3cd5:	4d 89 fa             	mov    %r15,%r10
    3cd8:	45 31 f6             	xor    %r14d,%r14d
    3cdb:	4c 89 bd 80 fe ff ff 	mov    %r15,-0x180(%rbp)
    3ce2:	48 89 85 b0 fe ff ff 	mov    %rax,-0x150(%rbp)
    3ce9:	48 2d 00 05 00 00    	sub    $0x500,%rax
    3cef:	c5 d8 57 e4          	vxorps %xmm4,%xmm4,%xmm4
    3cf3:	c7 45 c4 00 35 2b aa 	movl   $0xaa2b3500,-0x3c(%rbp)
    3cfa:	48 89 85 c0 fe ff ff 	mov    %rax,-0x140(%rbp)
    3d01:	49 63 c1             	movslq %r9d,%rax
    3d04:	48 89 8d 88 fe ff ff 	mov    %rcx,-0x178(%rbp)
    3d0b:	4c 89 9d 78 fe ff ff 	mov    %r11,-0x188(%rbp)
    3d12:	48 89 c3             	mov    %rax,%rbx
    3d15:	48 c1 e0 02          	shl    $0x2,%rax
    3d19:	49 8d 3c 07          	lea    (%r15,%rax,1),%rdi
    3d1d:	48 c1 e3 04          	shl    $0x4,%rbx
    3d21:	4d 89 c7             	mov    %r8,%r15
    3d24:	4d 89 d0             	mov    %r10,%r8
    3d27:	4c 8d 0c 07          	lea    (%rdi,%rax,1),%r9
    3d2b:	4c 01 c8             	add    %r9,%rax
    3d2e:	48 89 45 c8          	mov    %rax,-0x38(%rbp)
    3d32:	48 89 c8             	mov    %rcx,%rax
    3d35:	48 c1 e8 02          	shr    $0x2,%rax
    3d39:	48 8d 04 85 04 00 00 	lea    0x4(,%rax,4),%rax
    3d40:	00 
    3d41:	48 89 85 98 fe ff ff 	mov    %rax,-0x168(%rbp)
    3d48:	8d 42 ff             	lea    -0x1(%rdx),%eax
    3d4b:	4c 89 e2             	mov    %r12,%rdx
    3d4e:	49 89 dc             	mov    %rbx,%r12
    3d51:	c1 e8 03             	shr    $0x3,%eax
    3d54:	ff c0                	inc    %eax
    3d56:	48 c1 e0 03          	shl    $0x3,%rax
    3d5a:	48 89 45 b8          	mov    %rax,-0x48(%rbp)
    3d5e:	b8 f5 79 2b 6d       	mov    $0x6d2b79f5,%eax
    3d63:	c5 f9 6e e8          	vmovd  %eax,%xmm5
    3d67:	89 f0                	mov    %esi,%eax
    3d69:	44 89 ee             	mov    %r13d,%esi
    3d6c:	4d 89 f5             	mov    %r14,%r13
    3d6f:	c4 e2 7d 58 ed       	vpbroadcastd %xmm5,%ymm5
    3d74:	41 89 c6             	mov    %eax,%r14d
    3d77:	c5 fd 7f ad 70 ff ff 	vmovdqa %ymm5,-0x90(%rbp)
    3d7e:	ff 
    3d7f:	c5 fa 10 2d 89 22 00 	vmovss 0x2289(%rip),%xmm5        # 6010 <_IO_stdin_used+0x10>
    3d86:	00 
    3d87:	66 0f 1f 84 00 00 00 	nopw   0x0(%rax,%rax,1)
    3d8e:	00 00 
    3d90:	8b 85 b8 fe ff ff    	mov    -0x148(%rbp),%eax
    3d96:	85 c0                	test   %eax,%eax
    3d98:	0f 8e 60 0f 00 00    	jle    4cfe <generate_avx2_unrolled4(Family, int, unsigned int const*, float const*, unsigned long, int, float*)+0x109e>
    3d9e:	8b 45 c4             	mov    -0x3c(%rbp),%eax
    3da1:	44 89 6d ac          	mov    %r13d,-0x54(%rbp)
    3da5:	31 db                	xor    %ebx,%ebx
    3da7:	4c 89 ad a8 fe ff ff 	mov    %r13,-0x158(%rbp)
    3dae:	4c 89 a5 a0 fe ff ff 	mov    %r12,-0x160(%rbp)
    3db5:	8d 88 89 35 14 7a    	lea    0x7a143589(%rax),%ecx
    3dbb:	89 4d c0             	mov    %ecx,-0x40(%rbp)
    3dbe:	8d 88 77 ca eb 85    	lea    -0x7a143589(%rax),%ecx
    3dc4:	05 ee 94 d7 0b       	add    $0xbd794ee,%eax
    3dc9:	89 45 b4             	mov    %eax,-0x4c(%rbp)
    3dcc:	41 8d 45 01          	lea    0x1(%r13),%eax
    3dd0:	89 4d b0             	mov    %ecx,-0x50(%rbp)
    3dd3:	48 8b 8d c0 fe ff ff 	mov    -0x140(%rbp),%rcx
    3dda:	83 e0 0f             	and    $0xf,%eax
    3ddd:	83 e8 07             	sub    $0x7,%eax
    3de0:	89 85 bc fe ff ff    	mov    %eax,-0x144(%rbp)
    3de6:	e9 48 04 00 00       	jmp    4233 <generate_avx2_unrolled4(Family, int, unsigned int const*, float const*, unsigned long, int, float*)+0x5d3>
    3deb:	0f 1f 44 00 00       	nopl   0x0(%rax,%rax,1)
    3df0:	c4 62 3d 40 8d 70 ff 	vpmulld -0x90(%rbp),%ymm8,%ymm9
    3df7:	ff ff 
    3df9:	c5 b5 fe c0          	vpaddd %ymm0,%ymm9,%ymm0
    3dfd:	45 85 f6             	test   %r14d,%r14d
    3e00:	0f 8e 7a 0f 00 00    	jle    4d80 <generate_avx2_unrolled4(Family, int, unsigned int const*, float const*, unsigned long, int, float*)+0x1120>
    3e06:	b8 01 00 00 00       	mov    $0x1,%eax
    3e0b:	83 fe 02             	cmp    $0x2,%esi
    3e0e:	0f 84 3c 09 00 00    	je     4750 <generate_avx2_unrolled4(Family, int, unsigned int const*, float const*, unsigned long, int, float*)+0xaf0>
    3e14:	c5 f9 6e c8          	vmovd  %eax,%xmm1
    3e18:	b8 15 7c 4a 7f       	mov    $0x7f4a7c15,%eax
    3e1d:	c5 f9 6e d8          	vmovd  %eax,%xmm3
    3e21:	b8 b1 79 37 9e       	mov    $0x9e3779b1,%eax
    3e26:	c4 e2 7d 58 c9       	vpbroadcastd %xmm1,%ymm1
    3e2b:	c5 f9 6e d0          	vmovd  %eax,%xmm2
    3e2f:	c5 bd fe c9          	vpaddd %ymm1,%ymm8,%ymm1
    3e33:	c4 e2 7d 58 db       	vpbroadcastd %xmm3,%ymm3
    3e38:	c4 e2 75 40 db       	vpmulld %ymm3,%ymm1,%ymm3
    3e3d:	c4 e2 7d 58 d2       	vpbroadcastd %xmm2,%ymm2
    3e42:	c4 e2 7d 40 c2       	vpmulld %ymm2,%ymm0,%ymm0
    3e47:	c5 e5 fe d8          	vpaddd %ymm0,%ymm3,%ymm3
    3e4b:	41 83 fe 01          	cmp    $0x1,%r14d
    3e4f:	0f 84 8a 00 00 00    	je     3edf <generate_avx2_unrolled4(Family, int, unsigned int const*, float const*, unsigned long, int, float*)+0x27f>
    3e55:	b8 b1 67 56 16       	mov    $0x165667b1,%eax
    3e5a:	c5 f9 6e c0          	vmovd  %eax,%xmm0
    3e5e:	b8 77 ca eb 85       	mov    $0x85ebca77,%eax
    3e63:	c5 f9 6e d0          	vmovd  %eax,%xmm2
    3e67:	c4 e2 7d 58 c0       	vpbroadcastd %xmm0,%ymm0
    3e6c:	c4 e2 75 40 c0       	vpmulld %ymm0,%ymm1,%ymm0
    3e71:	c4 e2 7d 58 d2       	vpbroadcastd %xmm2,%ymm2
    3e76:	c4 e2 65 40 da       	vpmulld %ymm2,%ymm3,%ymm3
    3e7b:	c5 fd fe db          	vpaddd %ymm3,%ymm0,%ymm3
    3e7f:	41 83 fe 02          	cmp    $0x2,%r14d
    3e83:	74 5a                	je     3edf <generate_avx2_unrolled4(Family, int, unsigned int const*, float const*, unsigned long, int, float*)+0x27f>
    3e85:	b8 6d 64 a2 d3       	mov    $0xd3a2646d,%eax
    3e8a:	c5 f9 6e c0          	vmovd  %eax,%xmm0
    3e8e:	b8 3d ae b2 c2       	mov    $0xc2b2ae3d,%eax
    3e93:	c5 f9 6e d0          	vmovd  %eax,%xmm2
    3e97:	c4 e2 7d 58 c0       	vpbroadcastd %xmm0,%ymm0
    3e9c:	c4 e2 75 40 c0       	vpmulld %ymm0,%ymm1,%ymm0
    3ea1:	c4 e2 7d 58 d2       	vpbroadcastd %xmm2,%ymm2
    3ea6:	c4 e2 65 40 da       	vpmulld %ymm2,%ymm3,%ymm3
    3eab:	c5 fd fe db          	vpaddd %ymm3,%ymm0,%ymm3
    3eaf:	41 83 fe 03          	cmp    $0x3,%r14d
    3eb3:	74 2a                	je     3edf <generate_avx2_unrolled4(Family, int, unsigned int const*, float const*, unsigned long, int, float*)+0x27f>
    3eb5:	b8 c5 46 70 fd       	mov    $0xfd7046c5,%eax
    3eba:	c5 f9 6e c0          	vmovd  %eax,%xmm0
    3ebe:	b8 2f eb d4 27       	mov    $0x27d4eb2f,%eax
    3ec3:	c4 e2 7d 58 c0       	vpbroadcastd %xmm0,%ymm0
    3ec8:	c4 e2 75 40 c8       	vpmulld %ymm0,%ymm1,%ymm1
    3ecd:	c5 f9 6e c0          	vmovd  %eax,%xmm0
    3ed1:	c4 e2 7d 58 c0       	vpbroadcastd %xmm0,%ymm0
    3ed6:	c4 e2 65 40 d8       	vpmulld %ymm0,%ymm3,%ymm3
    3edb:	c5 f5 fe db          	vpaddd %ymm3,%ymm1,%ymm3
    3edf:	8b 45 c4             	mov    -0x3c(%rbp),%eax
    3ee2:	03 42 04             	add    0x4(%rdx),%eax
    3ee5:	41 ba 01 00 00 00    	mov    $0x1,%r10d
    3eeb:	c5 e5 72 e3 10       	vpsrad $0x10,%ymm3,%ymm3
    3ef0:	c4 e2 7d 18 3d 67 24 	vbroadcastss 0x2467(%rip),%ymm7        # 6360 <C.1.0+0x60>
    3ef7:	00 00 
    3ef9:	c4 c1 79 6e d2       	vmovd  %r10d,%xmm2
    3efe:	41 ba 15 7c 4a 7f    	mov    $0x7f4a7c15,%r10d
    3f04:	c5 fc 5b db          	vcvtdq2ps %ymm3,%ymm3
    3f08:	c4 e2 7d 58 d2       	vpbroadcastd %xmm2,%ymm2
    3f0d:	c4 c1 79 6e ca       	vmovd  %r10d,%xmm1
    3f12:	c5 bd fe d2          	vpaddd %ymm2,%ymm8,%ymm2
    3f16:	c4 e2 7d 58 c9       	vpbroadcastd %xmm1,%ymm1
    3f1b:	c4 e2 6d 40 c9       	vpmulld %ymm1,%ymm2,%ymm1
    3f20:	c5 f9 6e c0          	vmovd  %eax,%xmm0
    3f24:	b8 b1 79 37 9e       	mov    $0x9e3779b1,%eax
    3f29:	c4 e2 7d 58 c0       	vpbroadcastd %xmm0,%ymm0
    3f2e:	c5 79 6e d0          	vmovd  %eax,%xmm10
    3f32:	c4 c1 7d fe c1       	vpaddd %ymm9,%ymm0,%ymm0
    3f37:	c4 42 7d 58 d2       	vpbroadcastd %xmm10,%ymm10
    3f3c:	c4 c2 7d 40 c2       	vpmulld %ymm10,%ymm0,%ymm0
    3f41:	c5 e4 59 df          	vmulps %ymm7,%ymm3,%ymm3
    3f45:	c5 f5 fe c8          	vpaddd %ymm0,%ymm1,%ymm1
    3f49:	41 83 fe 01          	cmp    $0x1,%r14d
    3f4d:	0f 84 8a 00 00 00    	je     3fdd <generate_avx2_unrolled4(Family, int, unsigned int const*, float const*, unsigned long, int, float*)+0x37d>
    3f53:	b8 b1 67 56 16       	mov    $0x165667b1,%eax
    3f58:	c5 79 6e d0          	vmovd  %eax,%xmm10
    3f5c:	b8 77 ca eb 85       	mov    $0x85ebca77,%eax
    3f61:	c5 f9 6e c0          	vmovd  %eax,%xmm0
    3f65:	c4 42 7d 58 d2       	vpbroadcastd %xmm10,%ymm10
    3f6a:	c4 42 6d 40 d2       	vpmulld %ymm10,%ymm2,%ymm10
    3f6f:	c4 e2 7d 58 c0       	vpbroadcastd %xmm0,%ymm0
    3f74:	c4 e2 75 40 c0       	vpmulld %ymm0,%ymm1,%ymm0
    3f79:	c5 ad fe c8          	vpaddd %ymm0,%ymm10,%ymm1
    3f7d:	41 83 fe 02          	cmp    $0x2,%r14d
    3f81:	74 5a                	je     3fdd <generate_avx2_unrolled4(Family, int, unsigned int const*, float const*, unsigned long, int, float*)+0x37d>
    3f83:	b8 6d 64 a2 d3       	mov    $0xd3a2646d,%eax
    3f88:	c5 79 6e d0          	vmovd  %eax,%xmm10
    3f8c:	b8 3d ae b2 c2       	mov    $0xc2b2ae3d,%eax
    3f91:	c5 f9 6e c0          	vmovd  %eax,%xmm0
    3f95:	c4 42 7d 58 d2       	vpbroadcastd %xmm10,%ymm10
    3f9a:	c4 42 6d 40 d2       	vpmulld %ymm10,%ymm2,%ymm10
    3f9f:	c4 e2 7d 58 c0       	vpbroadcastd %xmm0,%ymm0
    3fa4:	c4 e2 75 40 c0       	vpmulld %ymm0,%ymm1,%ymm0
    3fa9:	c5 ad fe c8          	vpaddd %ymm0,%ymm10,%ymm1
    3fad:	41 83 fe 03          	cmp    $0x3,%r14d
    3fb1:	74 2a                	je     3fdd <generate_avx2_unrolled4(Family, int, unsigned int const*, float const*, unsigned long, int, float*)+0x37d>
    3fb3:	b8 c5 46 70 fd       	mov    $0xfd7046c5,%eax
    3fb8:	c5 f9 6e c0          	vmovd  %eax,%xmm0
    3fbc:	b8 2f eb d4 27       	mov    $0x27d4eb2f,%eax
    3fc1:	c4 e2 7d 58 c0       	vpbroadcastd %xmm0,%ymm0
    3fc6:	c4 e2 6d 40 d0       	vpmulld %ymm0,%ymm2,%ymm2
    3fcb:	c5 f9 6e c0          	vmovd  %eax,%xmm0
    3fcf:	c4 e2 7d 58 c0       	vpbroadcastd %xmm0,%ymm0
    3fd4:	c4 e2 75 40 c0       	vpmulld %ymm0,%ymm1,%ymm0
    3fd9:	c5 ed fe c8          	vpaddd %ymm0,%ymm2,%ymm1
    3fdd:	8b 45 b0             	mov    -0x50(%rbp),%eax
    3fe0:	03 42 08             	add    0x8(%rdx),%eax
    3fe3:	41 ba 01 00 00 00    	mov    $0x1,%r10d
    3fe9:	c5 f5 72 e1 10       	vpsrad $0x10,%ymm1,%ymm1
    3fee:	c4 41 79 6e d2       	vmovd  %r10d,%xmm10
    3ff3:	41 ba 15 7c 4a 7f    	mov    $0x7f4a7c15,%r10d
    3ff9:	c5 fc 5b c9          	vcvtdq2ps %ymm1,%ymm1
    3ffd:	c4 42 7d 58 d2       	vpbroadcastd %xmm10,%ymm10
    4002:	c4 c1 79 6e d2       	vmovd  %r10d,%xmm2
    4007:	c4 41 3d fe d2       	vpaddd %ymm10,%ymm8,%ymm10
    400c:	c4 e2 7d 58 d2       	vpbroadcastd %xmm2,%ymm2
    4011:	c4 e2 2d 40 d2       	vpmulld %ymm2,%ymm10,%ymm2
    4016:	c5 f4 59 cf          	vmulps %ymm7,%ymm1,%ymm1
    401a:	c5 f9 6e c0          	vmovd  %eax,%xmm0
    401e:	b8 b1 79 37 9e       	mov    $0x9e3779b1,%eax
    4023:	c4 e2 7d 58 c0       	vpbroadcastd %xmm0,%ymm0
    4028:	c5 79 6e d8          	vmovd  %eax,%xmm11
    402c:	c4 c1 7d fe c1       	vpaddd %ymm9,%ymm0,%ymm0
    4031:	c4 42 7d 58 db       	vpbroadcastd %xmm11,%ymm11
    4036:	c4 c2 7d 40 c3       	vpmulld %ymm11,%ymm0,%ymm0
    403b:	c5 ed fe d0          	vpaddd %ymm0,%ymm2,%ymm2
    403f:	41 83 fe 01          	cmp    $0x1,%r14d
    4043:	0f 84 8a 00 00 00    	je     40d3 <generate_avx2_unrolled4(Family, int, unsigned int const*, float const*, unsigned long, int, float*)+0x473>
    4049:	b8 b1 67 56 16       	mov    $0x165667b1,%eax
    404e:	c5 79 6e d8          	vmovd  %eax,%xmm11
    4052:	b8 77 ca eb 85       	mov    $0x85ebca77,%eax
    4057:	c5 f9 6e c0          	vmovd  %eax,%xmm0
    405b:	c4 42 7d 58 db       	vpbroadcastd %xmm11,%ymm11
    4060:	c4 42 2d 40 db       	vpmulld %ymm11,%ymm10,%ymm11
    4065:	c4 e2 7d 58 c0       	vpbroadcastd %xmm0,%ymm0
    406a:	c4 e2 6d 40 c0       	vpmulld %ymm0,%ymm2,%ymm0
    406f:	c5 a5 fe d0          	vpaddd %ymm0,%ymm11,%ymm2
    4073:	41 83 fe 02          	cmp    $0x2,%r14d
    4077:	74 5a                	je     40d3 <generate_avx2_unrolled4(Family, int, unsigned int const*, float const*, unsigned long, int, float*)+0x473>
    4079:	b8 6d 64 a2 d3       	mov    $0xd3a2646d,%eax
    407e:	c5 79 6e d8          	vmovd  %eax,%xmm11
    4082:	b8 3d ae b2 c2       	mov    $0xc2b2ae3d,%eax
    4087:	c5 f9 6e c0          	vmovd  %eax,%xmm0
    408b:	c4 42 7d 58 db       	vpbroadcastd %xmm11,%ymm11
    4090:	c4 42 2d 40 db       	vpmulld %ymm11,%ymm10,%ymm11
    4095:	c4 e2 7d 58 c0       	vpbroadcastd %xmm0,%ymm0
    409a:	c4 e2 6d 40 c0       	vpmulld %ymm0,%ymm2,%ymm0
    409f:	c5 a5 fe d0          	vpaddd %ymm0,%ymm11,%ymm2
    40a3:	41 83 fe 03          	cmp    $0x3,%r14d
    40a7:	74 2a                	je     40d3 <generate_avx2_unrolled4(Family, int, unsigned int const*, float const*, unsigned long, int, float*)+0x473>
    40a9:	b8 c5 46 70 fd       	mov    $0xfd7046c5,%eax
    40ae:	c5 f9 6e c0          	vmovd  %eax,%xmm0
    40b2:	b8 2f eb d4 27       	mov    $0x27d4eb2f,%eax
    40b7:	c4 e2 7d 58 c0       	vpbroadcastd %xmm0,%ymm0
    40bc:	c4 62 2d 40 d0       	vpmulld %ymm0,%ymm10,%ymm10
    40c1:	c5 f9 6e c0          	vmovd  %eax,%xmm0
    40c5:	c4 e2 7d 58 c0       	vpbroadcastd %xmm0,%ymm0
    40ca:	c4 e2 6d 40 c0       	vpmulld %ymm0,%ymm2,%ymm0
    40cf:	c5 ad fe d0          	vpaddd %ymm0,%ymm10,%ymm2
    40d3:	8b 45 b4             	mov    -0x4c(%rbp),%eax
    40d6:	03 42 0c             	add    0xc(%rdx),%eax
    40d9:	41 ba 01 00 00 00    	mov    $0x1,%r10d
    40df:	c5 ed 72 e2 10       	vpsrad $0x10,%ymm2,%ymm2
    40e4:	c4 c1 79 6e c2       	vmovd  %r10d,%xmm0
    40e9:	41 ba 15 7c 4a 7f    	mov    $0x7f4a7c15,%r10d
    40ef:	c5 fc 5b d2          	vcvtdq2ps %ymm2,%ymm2
    40f3:	c4 e2 7d 58 c0       	vpbroadcastd %xmm0,%ymm0
    40f8:	c5 3d fe c0          	vpaddd %ymm0,%ymm8,%ymm8
    40fc:	c4 c1 79 6e c2       	vmovd  %r10d,%xmm0
    4101:	c4 e2 7d 58 c0       	vpbroadcastd %xmm0,%ymm0
    4106:	c5 ec 59 d7          	vmulps %ymm7,%ymm2,%ymm2
    410a:	c4 e2 3d 40 c0       	vpmulld %ymm0,%ymm8,%ymm0
    410f:	c5 79 6e d0          	vmovd  %eax,%xmm10
    4113:	b8 b1 79 37 9e       	mov    $0x9e3779b1,%eax
    4118:	c4 42 7d 58 d2       	vpbroadcastd %xmm10,%ymm10
    411d:	c4 41 2d fe c9       	vpaddd %ymm9,%ymm10,%ymm9
    4122:	c5 79 6e d0          	vmovd  %eax,%xmm10
    4126:	c4 42 7d 58 d2       	vpbroadcastd %xmm10,%ymm10
    412b:	c4 42 35 40 ca       	vpmulld %ymm10,%ymm9,%ymm9
    4130:	c4 c1 7d fe c1       	vpaddd %ymm9,%ymm0,%ymm0
    4135:	41 83 fe 01          	cmp    $0x1,%r14d
    4139:	0f 84 91 00 00 00    	je     41d0 <generate_avx2_unrolled4(Family, int, unsigned int const*, float const*, unsigned long, int, float*)+0x570>
    413f:	b8 b1 67 56 16       	mov    $0x165667b1,%eax
    4144:	c5 79 6e c8          	vmovd  %eax,%xmm9
    4148:	b8 77 ca eb 85       	mov    $0x85ebca77,%eax
    414d:	c5 79 6e d0          	vmovd  %eax,%xmm10
    4151:	c4 42 7d 58 c9       	vpbroadcastd %xmm9,%ymm9
    4156:	c4 42 3d 40 c9       	vpmulld %ymm9,%ymm8,%ymm9
    415b:	c4 42 7d 58 d2       	vpbroadcastd %xmm10,%ymm10
    4160:	c4 c2 7d 40 c2       	vpmulld %ymm10,%ymm0,%ymm0
    4165:	c5 b5 fe c0          	vpaddd %ymm0,%ymm9,%ymm0
    4169:	41 83 fe 02          	cmp    $0x2,%r14d
    416d:	74 61                	je     41d0 <generate_avx2_unrolled4(Family, int, unsigned int const*, float const*, unsigned long, int, float*)+0x570>
    416f:	b8 6d 64 a2 d3       	mov    $0xd3a2646d,%eax
    4174:	c5 79 6e c8          	vmovd  %eax,%xmm9
    4178:	b8 3d ae b2 c2       	mov    $0xc2b2ae3d,%eax
    417d:	c5 79 6e d0          	vmovd  %eax,%xmm10
    4181:	c4 42 7d 58 c9       	vpbroadcastd %xmm9,%ymm9
    4186:	c4 42 3d 40 c9       	vpmulld %ymm9,%ymm8,%ymm9
    418b:	c4 42 7d 58 d2       	vpbroadcastd %xmm10,%ymm10
    4190:	c4 c2 7d 40 c2       	vpmulld %ymm10,%ymm0,%ymm0
    4195:	c5 b5 fe c0          	vpaddd %ymm0,%ymm9,%ymm0
    4199:	41 83 fe 03          	cmp    $0x3,%r14d
    419d:	74 31                	je     41d0 <generate_avx2_unrolled4(Family, int, unsigned int const*, float const*, unsigned long, int, float*)+0x570>
    419f:	b8 c5 46 70 fd       	mov    $0xfd7046c5,%eax
    41a4:	c5 79 6e c8          	vmovd  %eax,%xmm9
    41a8:	b8 2f eb d4 27       	mov    $0x27d4eb2f,%eax
    41ad:	c4 42 7d 58 c9       	vpbroadcastd %xmm9,%ymm9
    41b2:	c4 42 3d 40 c1       	vpmulld %ymm9,%ymm8,%ymm8
    41b7:	c5 79 6e c8          	vmovd  %eax,%xmm9
    41bb:	c4 42 7d 58 c9       	vpbroadcastd %xmm9,%ymm9
    41c0:	c4 c2 7d 40 c1       	vpmulld %ymm9,%ymm0,%ymm0
    41c5:	c5 bd fe c0          	vpaddd %ymm0,%ymm8,%ymm0
    41c9:	0f 1f 80 00 00 00 00 	nopl   0x0(%rax)
    41d0:	c5 fd 72 e0 10       	vpsrad $0x10,%ymm0,%ymm0
    41d5:	c5 fc 5b c0          	vcvtdq2ps %ymm0,%ymm0
    41d9:	c5 fc 59 c7          	vmulps %ymm7,%ymm0,%ymm0
    41dd:	c4 c2 7d 18 3f       	vbroadcastss (%r15),%ymm7
    41e2:	48 8b 45 c8          	mov    -0x38(%rbp),%rax
    41e6:	48 83 c1 20          	add    $0x20,%rcx
    41ea:	c5 c4 59 db          	vmulps %ymm3,%ymm7,%ymm3
    41ee:	c4 c1 7c 11 1c 98    	vmovups %ymm3,(%r8,%rbx,4)
    41f4:	c4 c2 7d 18 5f 04    	vbroadcastss 0x4(%r15),%ymm3
    41fa:	c5 e4 59 c9          	vmulps %ymm1,%ymm3,%ymm1
    41fe:	c5 fc 11 0c 9f       	vmovups %ymm1,(%rdi,%rbx,4)
    4203:	c4 c2 7d 18 4f 08    	vbroadcastss 0x8(%r15),%ymm1
    4209:	c5 f4 59 ca          	vmulps %ymm2,%ymm1,%ymm1
    420d:	c4 c1 7c 11 0c 99    	vmovups %ymm1,(%r9,%rbx,4)
    4213:	c4 c2 7d 18 4f 0c    	vbroadcastss 0xc(%r15),%ymm1
    4219:	c5 f4 59 c0          	vmulps %ymm0,%ymm1,%ymm0
    421d:	c5 fc 11 04 98       	vmovups %ymm0,(%rax,%rbx,4)
    4222:	48 8b 45 b8          	mov    -0x48(%rbp),%rax
    4226:	48 83 c3 08          	add    $0x8,%rbx
    422a:	48 39 c3             	cmp    %rax,%rbx
    422d:	0f 84 bd 0a 00 00    	je     4cf0 <generate_avx2_unrolled4(Family, int, unsigned int const*, float const*, unsigned long, int, float*)+0x1090>
    4233:	44 8d 6b 04          	lea    0x4(%rbx),%r13d
    4237:	44 8d 5b 02          	lea    0x2(%rbx),%r11d
    423b:	44 8d 63 05          	lea    0x5(%rbx),%r12d
    423f:	8d 43 01             	lea    0x1(%rbx),%eax
    4242:	c4 c1 79 6e c5       	vmovd  %r13d,%xmm0
    4247:	44 8d 6b 06          	lea    0x6(%rbx),%r13d
    424b:	c4 41 79 6e c3       	vmovd  %r11d,%xmm8
    4250:	c5 f9 6e fb          	vmovd  %ebx,%xmm7
    4254:	c4 c1 79 6e cd       	vmovd  %r13d,%xmm1
    4259:	44 8d 6b 07          	lea    0x7(%rbx),%r13d
    425d:	44 8d 5b 03          	lea    0x3(%rbx),%r11d
    4261:	c4 c3 79 22 c4 01    	vpinsrd $0x1,%r12d,%xmm0,%xmm0
    4267:	c4 c3 71 22 cd 01    	vpinsrd $0x1,%r13d,%xmm1,%xmm1
    426d:	c4 43 39 22 c3 01    	vpinsrd $0x1,%r11d,%xmm8,%xmm8
    4273:	44 8b 12             	mov    (%rdx),%r10d
    4276:	c5 f9 6c c1          	vpunpcklqdq %xmm1,%xmm0,%xmm0
    427a:	c4 e3 41 22 c8 01    	vpinsrd $0x1,%eax,%xmm7,%xmm1
    4280:	c4 41 71 6c c0       	vpunpcklqdq %xmm8,%xmm1,%xmm8
    4285:	c4 63 3d 38 c0 01    	vinserti128 $0x1,%xmm0,%ymm8,%ymm8
    428b:	83 fe 03             	cmp    $0x3,%esi
    428e:	0f 84 ec 01 00 00    	je     4480 <generate_avx2_unrolled4(Family, int, unsigned int const*, float const*, unsigned long, int, float*)+0x820>
    4294:	8b 45 c0             	mov    -0x40(%rbp),%eax
    4297:	41 01 c2             	add    %eax,%r10d
    429a:	c4 c1 79 6e c2       	vmovd  %r10d,%xmm0
    429f:	c4 e2 7d 58 c0       	vpbroadcastd %xmm0,%ymm0
    42a4:	85 f6                	test   %esi,%esi
    42a6:	0f 85 44 fb ff ff    	jne    3df0 <generate_avx2_unrolled4(Family, int, unsigned int const*, float const*, unsigned long, int, float*)+0x190>
    42ac:	4c 89 8d c8 fe ff ff 	mov    %r9,-0x138(%rbp)
    42b3:	4c 89 45 98          	mov    %r8,-0x68(%rbp)
    42b7:	89 75 a8             	mov    %esi,-0x58(%rbp)
    42ba:	48 89 4d a0          	mov    %rcx,-0x60(%rbp)
    42be:	48 89 7d 90          	mov    %rdi,-0x70(%rbp)
    42c2:	48 89 95 10 ff ff ff 	mov    %rdx,-0xf0(%rbp)
    42c9:	c5 fd 7f 85 50 ff ff 	vmovdqa %ymm0,-0xb0(%rbp)
    42d0:	ff 
    42d1:	c5 f8 77             	vzeroupper
    42d4:	e8 a7 d6 ff ff       	call   1980 <jump_tables()>
    42d9:	48 8b bd c0 fe ff ff 	mov    -0x140(%rbp),%rdi
    42e0:	c5 fd 6f 85 50 ff ff 	vmovdqa -0xb0(%rbp),%ymm0
    42e7:	ff 
    42e8:	c4 e2 7d 18 3d 6f 20 	vbroadcastss 0x206f(%rip),%ymm7        # 6360 <C.1.0+0x60>
    42ef:	00 00 
    42f1:	48 8b 95 10 ff ff ff 	mov    -0xf0(%rbp),%rdx
    42f8:	4c 8d 14 38          	lea    (%rax,%rdi,1),%r10
    42fc:	48 8b bd b0 fe ff ff 	mov    -0x150(%rbp),%rdi
    4303:	c4 c2 7d 40 04 9a    	vpmulld (%r10,%rbx,4),%ymm0,%ymm0
    4309:	48 89 95 50 ff ff ff 	mov    %rdx,-0xb0(%rbp)
    4310:	44 8b 62 04          	mov    0x4(%rdx),%r12d
    4314:	48 01 f8             	add    %rdi,%rax
    4317:	c5 fd fe 04 98       	vpaddd (%rax,%rbx,4),%ymm0,%ymm0
    431c:	c5 fc 29 bd 30 ff ff 	vmovaps %ymm7,-0xd0(%rbp)
    4323:	ff 
    4324:	c5 fd 72 e0 10       	vpsrad $0x10,%ymm0,%ymm0
    4329:	c5 fc 5b c0          	vcvtdq2ps %ymm0,%ymm0
    432d:	c5 fc 59 df          	vmulps %ymm7,%ymm0,%ymm3
    4331:	c5 fc 29 9d d0 fe ff 	vmovaps %ymm3,-0x130(%rbp)
    4338:	ff 
    4339:	c5 f8 77             	vzeroupper
    433c:	e8 3f d6 ff ff       	call   1980 <jump_tables()>
    4341:	8b 7d c4             	mov    -0x3c(%rbp),%edi
    4344:	48 8b 4d a0          	mov    -0x60(%rbp),%rcx
    4348:	c5 fc 28 bd 30 ff ff 	vmovaps -0xd0(%rbp),%ymm7
    434f:	ff 
    4350:	48 8b 95 50 ff ff ff 	mov    -0xb0(%rbp),%rdx
    4357:	41 01 fc             	add    %edi,%r12d
    435a:	48 89 8d 10 ff ff ff 	mov    %rcx,-0xf0(%rbp)
    4361:	4c 8d a9 00 05 00 00 	lea    0x500(%rcx),%r13
    4368:	c4 c1 79 6e cc       	vmovd  %r12d,%xmm1
    436d:	44 8b 62 08          	mov    0x8(%rdx),%r12d
    4371:	c4 e2 7d 58 c9       	vpbroadcastd %xmm1,%ymm1
    4376:	c4 e2 75 40 0c 08    	vpmulld (%rax,%rcx,1),%ymm1,%ymm1
    437c:	c5 f5 fe 8c 01 00 05 	vpaddd 0x500(%rcx,%rax,1),%ymm1,%ymm1
    4383:	00 00 
    4385:	c5 f5 72 e1 10       	vpsrad $0x10,%ymm1,%ymm1
    438a:	c5 fc 5b c9          	vcvtdq2ps %ymm1,%ymm1
    438e:	c5 f4 59 cf          	vmulps %ymm7,%ymm1,%ymm1
    4392:	c5 fc 29 8d f0 fe ff 	vmovaps %ymm1,-0x110(%rbp)
    4399:	ff 
    439a:	c5 f8 77             	vzeroupper
    439d:	e8 de d5 ff ff       	call   1980 <jump_tables()>
    43a2:	8b 75 b0             	mov    -0x50(%rbp),%esi
    43a5:	48 8b 8d 10 ff ff ff 	mov    -0xf0(%rbp),%rcx
    43ac:	c5 fc 28 bd 30 ff ff 	vmovaps -0xd0(%rbp),%ymm7
    43b3:	ff 
    43b4:	48 8b 95 50 ff ff ff 	mov    -0xb0(%rbp),%rdx
    43bb:	41 01 f4             	add    %esi,%r12d
    43be:	48 89 4d a0          	mov    %rcx,-0x60(%rbp)
    43c2:	c4 c1 79 6e d4       	vmovd  %r12d,%xmm2
    43c7:	44 8b 62 0c          	mov    0xc(%rdx),%r12d
    43cb:	c4 e2 7d 58 d2       	vpbroadcastd %xmm2,%ymm2
    43d0:	c4 e2 6d 40 14 08    	vpmulld (%rax,%rcx,1),%ymm2,%ymm2
    43d6:	c4 a1 6d fe 14 28    	vpaddd (%rax,%r13,1),%ymm2,%ymm2
    43dc:	c5 fc 29 bd 10 ff ff 	vmovaps %ymm7,-0xf0(%rbp)
    43e3:	ff 
    43e4:	c5 ed 72 e2 10       	vpsrad $0x10,%ymm2,%ymm2
    43e9:	c5 fc 5b d2          	vcvtdq2ps %ymm2,%ymm2
    43ed:	c5 ec 59 d7          	vmulps %ymm7,%ymm2,%ymm2
    43f1:	c5 fc 29 95 30 ff ff 	vmovaps %ymm2,-0xd0(%rbp)
    43f8:	ff 
    43f9:	c5 f8 77             	vzeroupper
    43fc:	e8 7f d5 ff ff       	call   1980 <jump_tables()>
    4401:	c5 d8 57 e4          	vxorps %xmm4,%xmm4,%xmm4
    4405:	8b 7d b4             	mov    -0x4c(%rbp),%edi
    4408:	48 8b 4d a0          	mov    -0x60(%rbp),%rcx
    440c:	c5 fc 28 95 30 ff ff 	vmovaps -0xd0(%rbp),%ymm2
    4413:	ff 
    4414:	c5 fc 28 bd 10 ff ff 	vmovaps -0xf0(%rbp),%ymm7
    441b:	ff 
    441c:	c5 fc 28 8d f0 fe ff 	vmovaps -0x110(%rbp),%ymm1
    4423:	ff 
    4424:	c5 fc 28 9d d0 fe ff 	vmovaps -0x130(%rbp),%ymm3
    442b:	ff 
    442c:	c5 fa 10 35 d8 1b 00 	vmovss 0x1bd8(%rip),%xmm6        # 600c <_IO_stdin_used+0xc>
    4433:	00 
    4434:	c5 fa 10 2d d4 1b 00 	vmovss 0x1bd4(%rip),%xmm5        # 6010 <_IO_stdin_used+0x10>
    443b:	00 
    443c:	41 01 fc             	add    %edi,%r12d
    443f:	48 8b 95 50 ff ff ff 	mov    -0xb0(%rbp),%rdx
    4446:	4c 8b 45 98          	mov    -0x68(%rbp),%r8
    444a:	c4 c1 79 6e c4       	vmovd  %r12d,%xmm0
    444f:	48 8b 7d 90          	mov    -0x70(%rbp),%rdi
    4453:	4c 8b 8d c8 fe ff ff 	mov    -0x138(%rbp),%r9
    445a:	c4 e2 7d 58 c0       	vpbroadcastd %xmm0,%ymm0
    445f:	c4 e2 7d 40 04 08    	vpmulld (%rax,%rcx,1),%ymm0,%ymm0
    4465:	8b 75 a8             	mov    -0x58(%rbp),%esi
    4468:	c4 a1 7d fe 04 28    	vpaddd (%rax,%r13,1),%ymm0,%ymm0
    446e:	e9 5d fd ff ff       	jmp    41d0 <generate_avx2_unrolled4(Family, int, unsigned int const*, float const*, unsigned long, int, float*)+0x570>
    4473:	66 66 2e 0f 1f 84 00 	data16 cs nopw 0x0(%rax,%rax,1)
    447a:	00 00 00 00 
    447e:	66 90                	xchg   %ax,%ax
    4480:	b8 0f 00 00 00       	mov    $0xf,%eax
    4485:	c4 c1 7d 72 f0 02    	vpslld $0x2,%ymm8,%ymm0
    448b:	c4 c1 7d fe c0       	vpaddd %ymm8,%ymm0,%ymm0
    4490:	c4 e2 7d 18 15 6b 1b 	vbroadcastss 0x1b6b(%rip),%ymm2        # 6004 <_IO_stdin_used+0x4>
    4497:	00 00 
    4499:	c5 f9 6e c8          	vmovd  %eax,%xmm1
    449d:	8b 45 ac             	mov    -0x54(%rbp),%eax
    44a0:	c4 c1 5a 2a da       	vcvtsi2ss %r10d,%xmm4,%xmm3
    44a5:	c4 e2 7d 58 c9       	vpbroadcastd %xmm1,%ymm1
    44aa:	c5 fd db c1          	vpand  %ymm1,%ymm0,%ymm0
    44ae:	c4 e2 7d 18 0d 51 1b 	vbroadcastss 0x1b51(%rip),%ymm1        # 6008 <_IO_stdin_used+0x8>
    44b5:	00 00 
    44b7:	c5 fc 5b c0          	vcvtdq2ps %ymm0,%ymm0
    44bb:	83 e0 0f             	and    $0xf,%eax
    44be:	83 e8 07             	sub    $0x7,%eax
    44c1:	c5 fc 28 f8          	vmovaps %ymm0,%ymm7
    44c5:	c5 da 2a c0          	vcvtsi2ss %eax,%xmm4,%xmm0
    44c9:	c5 fa 59 c6          	vmulss %xmm6,%xmm0,%xmm0
    44cd:	c4 e2 79 99 dd       	vfmadd132ss %xmm5,%xmm0,%xmm3
    44d2:	c4 e2 75 98 fa       	vfmadd132ps %ymm2,%ymm1,%ymm7
    44d7:	c4 e2 7d 18 db       	vbroadcastss %xmm3,%ymm3
    44dc:	c5 e4 58 df          	vaddps %ymm7,%ymm3,%ymm3
    44e0:	45 85 f6             	test   %r14d,%r14d
    44e3:	0f 8e 17 09 00 00    	jle    4e00 <generate_avx2_unrolled4(Family, int, unsigned int const*, float const*, unsigned long, int, float*)+0x11a0>
    44e9:	c4 62 7d 18 15 2e 1e 	vbroadcastss 0x1e2e(%rip),%ymm10        # 6320 <C.1.0+0x20>
    44f0:	00 00 
    44f2:	c4 62 7d 18 05 1d 1b 	vbroadcastss 0x1b1d(%rip),%ymm8        # 6018 <_IO_stdin_used+0x18>
    44f9:	00 00 
    44fb:	c4 62 7d 18 0d 10 1b 	vbroadcastss 0x1b10(%rip),%ymm9        # 6014 <_IO_stdin_used+0x14>
    4502:	00 00 
    4504:	c4 c1 44 59 c2       	vmulps %ymm10,%ymm7,%ymm0
    4509:	c4 c1 7c 58 c8       	vaddps %ymm8,%ymm0,%ymm1
    450e:	c4 c2 75 98 d9       	vfmadd132ps %ymm9,%ymm1,%ymm3
    4513:	41 83 fe 01          	cmp    $0x1,%r14d
    4517:	74 5d                	je     4576 <generate_avx2_unrolled4(Family, int, unsigned int const*, float const*, unsigned long, int, float*)+0x916>
    4519:	c4 e2 7d 18 0d fe 1a 	vbroadcastss 0x1afe(%rip),%ymm1        # 6020 <_IO_stdin_used+0x20>
    4520:	00 00 
    4522:	c4 e2 7d 18 15 f1 1a 	vbroadcastss 0x1af1(%rip),%ymm2        # 601c <_IO_stdin_used+0x1c>
    4529:	00 00 
    452b:	c5 fc 58 c9          	vaddps %ymm1,%ymm0,%ymm1
    452f:	c4 e2 75 98 da       	vfmadd132ps %ymm2,%ymm1,%ymm3
    4534:	41 83 fe 02          	cmp    $0x2,%r14d
    4538:	74 3c                	je     4576 <generate_avx2_unrolled4(Family, int, unsigned int const*, float const*, unsigned long, int, float*)+0x916>
    453a:	c4 e2 7d 18 0d e5 1a 	vbroadcastss 0x1ae5(%rip),%ymm1        # 6028 <_IO_stdin_used+0x28>
    4541:	00 00 
    4543:	c4 e2 7d 18 15 d8 1a 	vbroadcastss 0x1ad8(%rip),%ymm2        # 6024 <_IO_stdin_used+0x24>
    454a:	00 00 
    454c:	c5 fc 58 c9          	vaddps %ymm1,%ymm0,%ymm1
    4550:	c4 e2 75 98 da       	vfmadd132ps %ymm2,%ymm1,%ymm3
    4555:	41 83 fe 03          	cmp    $0x3,%r14d
    4559:	74 1b                	je     4576 <generate_avx2_unrolled4(Family, int, unsigned int const*, float const*, unsigned long, int, float*)+0x916>
    455b:	c4 e2 7d 18 0d cc 1a 	vbroadcastss 0x1acc(%rip),%ymm1        # 6030 <_IO_stdin_used+0x30>
    4562:	00 00 
    4564:	c5 fc 58 c1          	vaddps %ymm1,%ymm0,%ymm0
    4568:	c4 e2 7d 18 0d bb 1a 	vbroadcastss 0x1abb(%rip),%ymm1        # 602c <_IO_stdin_used+0x2c>
    456f:	00 00 
    4571:	c4 e2 7d 98 d9       	vfmadd132ps %ymm1,%ymm0,%ymm3
    4576:	c5 da 2a 85 bc fe ff 	vcvtsi2ssl -0x144(%rbp),%xmm4,%xmm0
    457d:	ff 
    457e:	c5 fa 59 c6          	vmulss %xmm6,%xmm0,%xmm0
    4582:	c5 da 2a 4a 04       	vcvtsi2ssl 0x4(%rdx),%xmm4,%xmm1
    4587:	c4 e2 79 99 cd       	vfmadd132ss %xmm5,%xmm0,%xmm1
    458c:	c4 c1 44 59 c2       	vmulps %ymm10,%ymm7,%ymm0
    4591:	c4 c1 7c 58 d0       	vaddps %ymm8,%ymm0,%ymm2
    4596:	c4 e2 7d 18 c9       	vbroadcastss %xmm1,%ymm1
    459b:	c5 f4 58 cf          	vaddps %ymm7,%ymm1,%ymm1
    459f:	c4 c2 6d 98 c9       	vfmadd132ps %ymm9,%ymm2,%ymm1
    45a4:	41 83 fe 01          	cmp    $0x1,%r14d
    45a8:	74 5d                	je     4607 <generate_avx2_unrolled4(Family, int, unsigned int const*, float const*, unsigned long, int, float*)+0x9a7>
    45aa:	c4 e2 7d 18 15 6d 1a 	vbroadcastss 0x1a6d(%rip),%ymm2        # 6020 <_IO_stdin_used+0x20>
    45b1:	00 00 
    45b3:	c4 62 7d 18 1d 60 1a 	vbroadcastss 0x1a60(%rip),%ymm11        # 601c <_IO_stdin_used+0x1c>
    45ba:	00 00 
    45bc:	c5 fc 58 d2          	vaddps %ymm2,%ymm0,%ymm2
    45c0:	c4 c2 6d 98 cb       	vfmadd132ps %ymm11,%ymm2,%ymm1
    45c5:	41 83 fe 02          	cmp    $0x2,%r14d
    45c9:	74 3c                	je     4607 <generate_avx2_unrolled4(Family, int, unsigned int const*, float const*, unsigned long, int, float*)+0x9a7>
    45cb:	c4 e2 7d 18 15 54 1a 	vbroadcastss 0x1a54(%rip),%ymm2        # 6028 <_IO_stdin_used+0x28>
    45d2:	00 00 
    45d4:	c4 62 7d 18 1d 47 1a 	vbroadcastss 0x1a47(%rip),%ymm11        # 6024 <_IO_stdin_used+0x24>
    45db:	00 00 
    45dd:	c5 fc 58 d2          	vaddps %ymm2,%ymm0,%ymm2
    45e1:	c4 c2 6d 98 cb       	vfmadd132ps %ymm11,%ymm2,%ymm1
    45e6:	41 83 fe 03          	cmp    $0x3,%r14d
    45ea:	74 1b                	je     4607 <generate_avx2_unrolled4(Family, int, unsigned int const*, float const*, unsigned long, int, float*)+0x9a7>
    45ec:	c4 e2 7d 18 15 3b 1a 	vbroadcastss 0x1a3b(%rip),%ymm2        # 6030 <_IO_stdin_used+0x30>
    45f3:	00 00 
    45f5:	c5 fc 58 c2          	vaddps %ymm2,%ymm0,%ymm0
    45f9:	c4 e2 7d 18 15 2a 1a 	vbroadcastss 0x1a2a(%rip),%ymm2        # 602c <_IO_stdin_used+0x2c>
    4600:	00 00 
    4602:	c4 e2 7d 98 ca       	vfmadd132ps %ymm2,%ymm0,%ymm1
    4607:	8b 45 ac             	mov    -0x54(%rbp),%eax
    460a:	c5 da 2a 52 08       	vcvtsi2ssl 0x8(%rdx),%xmm4,%xmm2
    460f:	83 c0 02             	add    $0x2,%eax
    4612:	83 e0 0f             	and    $0xf,%eax
    4615:	83 e8 07             	sub    $0x7,%eax
    4618:	c5 da 2a c0          	vcvtsi2ss %eax,%xmm4,%xmm0
    461c:	c5 fa 59 c6          	vmulss %xmm6,%xmm0,%xmm0
    4620:	c4 e2 79 99 d5       	vfmadd132ss %xmm5,%xmm0,%xmm2
    4625:	c4 c1 44 59 c2       	vmulps %ymm10,%ymm7,%ymm0
    462a:	c4 41 7c 58 d8       	vaddps %ymm8,%ymm0,%ymm11
    462f:	c4 e2 7d 18 d2       	vbroadcastss %xmm2,%ymm2
    4634:	c5 ec 58 d7          	vaddps %ymm7,%ymm2,%ymm2
    4638:	c4 c2 25 98 d1       	vfmadd132ps %ymm9,%ymm11,%ymm2
    463d:	41 83 fe 01          	cmp    $0x1,%r14d
    4641:	74 60                	je     46a3 <generate_avx2_unrolled4(Family, int, unsigned int const*, float const*, unsigned long, int, float*)+0xa43>
    4643:	c4 62 7d 18 1d d4 19 	vbroadcastss 0x19d4(%rip),%ymm11        # 6020 <_IO_stdin_used+0x20>
    464a:	00 00 
    464c:	c4 62 7d 18 25 c7 19 	vbroadcastss 0x19c7(%rip),%ymm12        # 601c <_IO_stdin_used+0x1c>
    4653:	00 00 
    4655:	c4 41 7c 58 db       	vaddps %ymm11,%ymm0,%ymm11
    465a:	c4 c2 25 98 d4       	vfmadd132ps %ymm12,%ymm11,%ymm2
    465f:	41 83 fe 02          	cmp    $0x2,%r14d
    4663:	74 3e                	je     46a3 <generate_avx2_unrolled4(Family, int, unsigned int const*, float const*, unsigned long, int, float*)+0xa43>
    4665:	c4 62 7d 18 1d ba 19 	vbroadcastss 0x19ba(%rip),%ymm11        # 6028 <_IO_stdin_used+0x28>
    466c:	00 00 
    466e:	c4 62 7d 18 25 ad 19 	vbroadcastss 0x19ad(%rip),%ymm12        # 6024 <_IO_stdin_used+0x24>
    4675:	00 00 
    4677:	c4 41 7c 58 db       	vaddps %ymm11,%ymm0,%ymm11
    467c:	c4 c2 25 98 d4       	vfmadd132ps %ymm12,%ymm11,%ymm2
    4681:	41 83 fe 03          	cmp    $0x3,%r14d
    4685:	74 1c                	je     46a3 <generate_avx2_unrolled4(Family, int, unsigned int const*, float const*, unsigned long, int, float*)+0xa43>
    4687:	c4 62 7d 18 1d a0 19 	vbroadcastss 0x19a0(%rip),%ymm11        # 6030 <_IO_stdin_used+0x30>
    468e:	00 00 
    4690:	c4 c1 7c 58 c3       	vaddps %ymm11,%ymm0,%ymm0
    4695:	c4 62 7d 18 1d 8e 19 	vbroadcastss 0x198e(%rip),%ymm11        # 602c <_IO_stdin_used+0x2c>
    469c:	00 00 
    469e:	c4 c2 7d 98 d3       	vfmadd132ps %ymm11,%ymm0,%ymm2
    46a3:	8b 45 ac             	mov    -0x54(%rbp),%eax
    46a6:	c5 da 2a 42 0c       	vcvtsi2ssl 0xc(%rdx),%xmm4,%xmm0
    46ab:	c4 41 44 59 d2       	vmulps %ymm10,%ymm7,%ymm10
    46b0:	c4 41 2c 58 c0       	vaddps %ymm8,%ymm10,%ymm8
    46b5:	83 c0 03             	add    $0x3,%eax
    46b8:	83 e0 0f             	and    $0xf,%eax
    46bb:	83 e8 07             	sub    $0x7,%eax
    46be:	c5 5a 2a d8          	vcvtsi2ss %eax,%xmm4,%xmm11
    46c2:	c5 22 59 de          	vmulss %xmm6,%xmm11,%xmm11
    46c6:	c4 e2 21 99 c5       	vfmadd132ss %xmm5,%xmm11,%xmm0
    46cb:	c4 e2 7d 18 c0       	vbroadcastss %xmm0,%ymm0
    46d0:	c5 fc 58 c7          	vaddps %ymm7,%ymm0,%ymm0
    46d4:	c4 c2 3d 98 c1       	vfmadd132ps %ymm9,%ymm8,%ymm0
    46d9:	41 83 fe 01          	cmp    $0x1,%r14d
    46dd:	0f 84 fa fa ff ff    	je     41dd <generate_avx2_unrolled4(Family, int, unsigned int const*, float const*, unsigned long, int, float*)+0x57d>
    46e3:	c4 e2 7d 18 3d 34 19 	vbroadcastss 0x1934(%rip),%ymm7        # 6020 <_IO_stdin_used+0x20>
    46ea:	00 00 
    46ec:	c4 62 7d 18 05 27 19 	vbroadcastss 0x1927(%rip),%ymm8        # 601c <_IO_stdin_used+0x1c>
    46f3:	00 00 
    46f5:	c5 ac 58 ff          	vaddps %ymm7,%ymm10,%ymm7
    46f9:	c4 c2 45 98 c0       	vfmadd132ps %ymm8,%ymm7,%ymm0
    46fe:	41 83 fe 02          	cmp    $0x2,%r14d
    4702:	0f 84 d5 fa ff ff    	je     41dd <generate_avx2_unrolled4(Family, int, unsigned int const*, float const*, unsigned long, int, float*)+0x57d>
    4708:	c4 e2 7d 18 3d 17 19 	vbroadcastss 0x1917(%rip),%ymm7        # 6028 <_IO_stdin_used+0x28>
    470f:	00 00 
    4711:	c4 62 7d 18 05 0a 19 	vbroadcastss 0x190a(%rip),%ymm8        # 6024 <_IO_stdin_used+0x24>
    4718:	00 00 
    471a:	c5 ac 58 ff          	vaddps %ymm7,%ymm10,%ymm7
    471e:	c4 c2 45 98 c0       	vfmadd132ps %ymm8,%ymm7,%ymm0
    4723:	41 83 fe 03          	cmp    $0x3,%r14d
    4727:	0f 84 b0 fa ff ff    	je     41dd <generate_avx2_unrolled4(Family, int, unsigned int const*, float const*, unsigned long, int, float*)+0x57d>
    472d:	c4 e2 7d 18 3d fa 18 	vbroadcastss 0x18fa(%rip),%ymm7        # 6030 <_IO_stdin_used+0x30>
    4734:	00 00 
    4736:	c5 2c 58 d7          	vaddps %ymm7,%ymm10,%ymm10
    473a:	c4 e2 7d 18 3d e9 18 	vbroadcastss 0x18e9(%rip),%ymm7        # 602c <_IO_stdin_used+0x2c>
    4741:	00 00 
    4743:	c4 e2 2d 98 c7       	vfmadd132ps %ymm7,%ymm10,%ymm0
    4748:	e9 90 fa ff ff       	jmp    41dd <generate_avx2_unrolled4(Family, int, unsigned int const*, float const*, unsigned long, int, float*)+0x57d>
    474d:	0f 1f 00             	nopl   (%rax)
    4750:	c5 f9 6e d0          	vmovd  %eax,%xmm2
    4754:	b8 15 7c 4a 7f       	mov    $0x7f4a7c15,%eax
    4759:	c5 f9 6e c8          	vmovd  %eax,%xmm1
    475d:	b8 b1 79 37 9e       	mov    $0x9e3779b1,%eax
    4762:	c4 e2 7d 58 d2       	vpbroadcastd %xmm2,%ymm2
    4767:	c5 f9 6e d8          	vmovd  %eax,%xmm3
    476b:	c5 bd fe d2          	vpaddd %ymm2,%ymm8,%ymm2
    476f:	c4 e2 7d 58 c9       	vpbroadcastd %xmm1,%ymm1
    4774:	b8 bb 49 d0 94       	mov    $0x94d049bb,%eax
    4779:	c4 e2 6d 40 c9       	vpmulld %ymm1,%ymm2,%ymm1
    477e:	c4 e2 7d 58 db       	vpbroadcastd %xmm3,%ymm3
    4783:	c4 e2 7d 40 c3       	vpmulld %ymm3,%ymm0,%ymm0
    4788:	c5 f5 fe c0          	vpaddd %ymm0,%ymm1,%ymm0
    478c:	c5 f5 72 d0 07       	vpsrld $0x7,%ymm0,%ymm1
    4791:	c5 fd ef c1          	vpxor  %ymm1,%ymm0,%ymm0
    4795:	c5 f9 6e c8          	vmovd  %eax,%xmm1
    4799:	c4 e2 7d 58 c9       	vpbroadcastd %xmm1,%ymm1
    479e:	c4 e2 7d 40 c1       	vpmulld %ymm1,%ymm0,%ymm0
    47a3:	41 83 fe 01          	cmp    $0x1,%r14d
    47a7:	0f 84 e2 00 00 00    	je     488f <generate_avx2_unrolled4(Family, int, unsigned int const*, float const*, unsigned long, int, float*)+0xc2f>
    47ad:	b8 b1 67 56 16       	mov    $0x165667b1,%eax
    47b2:	c5 f9 6e c8          	vmovd  %eax,%xmm1
    47b6:	b8 77 ca eb 85       	mov    $0x85ebca77,%eax
    47bb:	c5 f9 6e d8          	vmovd  %eax,%xmm3
    47bf:	c4 e2 7d 58 c9       	vpbroadcastd %xmm1,%ymm1
    47c4:	b8 0f ea 9d 36       	mov    $0x369dea0f,%eax
    47c9:	c4 e2 6d 40 c9       	vpmulld %ymm1,%ymm2,%ymm1
    47ce:	c4 e2 7d 58 db       	vpbroadcastd %xmm3,%ymm3
    47d3:	c4 e2 7d 40 c3       	vpmulld %ymm3,%ymm0,%ymm0
    47d8:	c5 f5 fe c0          	vpaddd %ymm0,%ymm1,%ymm0
    47dc:	c5 f5 72 d0 0b       	vpsrld $0xb,%ymm0,%ymm1
    47e1:	c5 fd ef c9          	vpxor  %ymm1,%ymm0,%ymm1
    47e5:	c5 f9 6e c0          	vmovd  %eax,%xmm0
    47e9:	c4 e2 7d 58 c0       	vpbroadcastd %xmm0,%ymm0
    47ee:	c4 e2 75 40 c0       	vpmulld %ymm0,%ymm1,%ymm0
    47f3:	41 83 fe 02          	cmp    $0x2,%r14d
    47f7:	0f 84 92 00 00 00    	je     488f <generate_avx2_unrolled4(Family, int, unsigned int const*, float const*, unsigned long, int, float*)+0xc2f>
    47fd:	b8 6d 64 a2 d3       	mov    $0xd3a2646d,%eax
    4802:	c5 f9 6e c8          	vmovd  %eax,%xmm1
    4806:	b8 3d ae b2 c2       	mov    $0xc2b2ae3d,%eax
    480b:	c5 f9 6e d8          	vmovd  %eax,%xmm3
    480f:	c4 e2 7d 58 c9       	vpbroadcastd %xmm1,%ymm1
    4814:	b8 2d 35 eb 7f       	mov    $0x7feb352d,%eax
    4819:	c4 e2 6d 40 c9       	vpmulld %ymm1,%ymm2,%ymm1
    481e:	c4 e2 7d 58 db       	vpbroadcastd %xmm3,%ymm3
    4823:	c4 e2 7d 40 c3       	vpmulld %ymm3,%ymm0,%ymm0
    4828:	c5 f5 fe c0          	vpaddd %ymm0,%ymm1,%ymm0
    482c:	c5 f5 72 d0 09       	vpsrld $0x9,%ymm0,%ymm1
    4831:	c5 fd ef c9          	vpxor  %ymm1,%ymm0,%ymm1
    4835:	c5 f9 6e c0          	vmovd  %eax,%xmm0
    4839:	c4 e2 7d 58 c0       	vpbroadcastd %xmm0,%ymm0
    483e:	c4 e2 75 40 c0       	vpmulld %ymm0,%ymm1,%ymm0
    4843:	41 83 fe 03          	cmp    $0x3,%r14d
    4847:	74 46                	je     488f <generate_avx2_unrolled4(Family, int, unsigned int const*, float const*, unsigned long, int, float*)+0xc2f>
    4849:	b8 c5 46 70 fd       	mov    $0xfd7046c5,%eax
    484e:	c5 f9 6e c8          	vmovd  %eax,%xmm1
    4852:	b8 2f eb d4 27       	mov    $0x27d4eb2f,%eax
    4857:	c4 e2 7d 58 c9       	vpbroadcastd %xmm1,%ymm1
    485c:	c4 e2 6d 40 d1       	vpmulld %ymm1,%ymm2,%ymm2
    4861:	c5 f9 6e c8          	vmovd  %eax,%xmm1
    4865:	b8 8b a6 6c 84       	mov    $0x846ca68b,%eax
    486a:	c4 e2 7d 58 c9       	vpbroadcastd %xmm1,%ymm1
    486f:	c4 e2 7d 40 c1       	vpmulld %ymm1,%ymm0,%ymm0
    4874:	c5 ed fe d0          	vpaddd %ymm0,%ymm2,%ymm2
    4878:	c5 fd 72 d2 0d       	vpsrld $0xd,%ymm2,%ymm0
    487d:	c5 ed ef d0          	vpxor  %ymm0,%ymm2,%ymm2
    4881:	c5 f9 6e c0          	vmovd  %eax,%xmm0
    4885:	c4 e2 7d 58 c0       	vpbroadcastd %xmm0,%ymm0
    488a:	c4 e2 6d 40 c0       	vpmulld %ymm0,%ymm2,%ymm0
    488f:	8b 45 c4             	mov    -0x3c(%rbp),%eax
    4892:	03 42 04             	add    0x4(%rdx),%eax
    4895:	41 ba 01 00 00 00    	mov    $0x1,%r10d
    489b:	c5 e5 72 e0 10       	vpsrad $0x10,%ymm0,%ymm3
    48a0:	c4 c1 79 6e ca       	vmovd  %r10d,%xmm1
    48a5:	41 ba 15 7c 4a 7f    	mov    $0x7f4a7c15,%r10d
    48ab:	c4 e2 7d 18 3d ac 1a 	vbroadcastss 0x1aac(%rip),%ymm7        # 6360 <C.1.0+0x60>
    48b2:	00 00 
    48b4:	c5 fc 5b db          	vcvtdq2ps %ymm3,%ymm3
    48b8:	c4 e2 7d 58 c9       	vpbroadcastd %xmm1,%ymm1
    48bd:	c4 c1 79 6e c2       	vmovd  %r10d,%xmm0
    48c2:	c5 bd fe c9          	vpaddd %ymm1,%ymm8,%ymm1
    48c6:	c4 e2 7d 58 c0       	vpbroadcastd %xmm0,%ymm0
    48cb:	c4 e2 75 40 c0       	vpmulld %ymm0,%ymm1,%ymm0
    48d0:	c5 f9 6e d0          	vmovd  %eax,%xmm2
    48d4:	b8 b1 79 37 9e       	mov    $0x9e3779b1,%eax
    48d9:	c5 79 6e d0          	vmovd  %eax,%xmm10
    48dd:	c4 e2 7d 58 d2       	vpbroadcastd %xmm2,%ymm2
    48e2:	b8 bb 49 d0 94       	mov    $0x94d049bb,%eax
    48e7:	c4 c1 6d fe d1       	vpaddd %ymm9,%ymm2,%ymm2
    48ec:	c4 42 7d 58 d2       	vpbroadcastd %xmm10,%ymm10
    48f1:	c4 c2 6d 40 d2       	vpmulld %ymm10,%ymm2,%ymm2
    48f6:	c5 e4 59 df          	vmulps %ymm7,%ymm3,%ymm3
    48fa:	c5 fd fe c2          	vpaddd %ymm2,%ymm0,%ymm0
    48fe:	c5 ed 72 d0 07       	vpsrld $0x7,%ymm0,%ymm2
    4903:	c5 fd ef c2          	vpxor  %ymm2,%ymm0,%ymm0
    4907:	c5 f9 6e d0          	vmovd  %eax,%xmm2
    490b:	c4 e2 7d 58 d2       	vpbroadcastd %xmm2,%ymm2
    4910:	c4 e2 7d 40 c2       	vpmulld %ymm2,%ymm0,%ymm0
    4915:	41 83 fe 01          	cmp    $0x1,%r14d
    4919:	0f 84 e2 00 00 00    	je     4a01 <generate_avx2_unrolled4(Family, int, unsigned int const*, float const*, unsigned long, int, float*)+0xda1>
    491f:	b8 b1 67 56 16       	mov    $0x165667b1,%eax
    4924:	c5 f9 6e d0          	vmovd  %eax,%xmm2
    4928:	b8 77 ca eb 85       	mov    $0x85ebca77,%eax
    492d:	c5 79 6e d0          	vmovd  %eax,%xmm10
    4931:	c4 e2 7d 58 d2       	vpbroadcastd %xmm2,%ymm2
    4936:	b8 0f ea 9d 36       	mov    $0x369dea0f,%eax
    493b:	c4 e2 75 40 d2       	vpmulld %ymm2,%ymm1,%ymm2
    4940:	c4 42 7d 58 d2       	vpbroadcastd %xmm10,%ymm10
    4945:	c4 c2 7d 40 c2       	vpmulld %ymm10,%ymm0,%ymm0
    494a:	c5 ed fe c0          	vpaddd %ymm0,%ymm2,%ymm0
    494e:	c5 ed 72 d0 0b       	vpsrld $0xb,%ymm0,%ymm2
    4953:	c5 fd ef c2          	vpxor  %ymm2,%ymm0,%ymm0
    4957:	c5 f9 6e d0          	vmovd  %eax,%xmm2
    495b:	c4 e2 7d 58 d2       	vpbroadcastd %xmm2,%ymm2
    4960:	c4 e2 7d 40 c2       	vpmulld %ymm2,%ymm0,%ymm0
    4965:	41 83 fe 02          	cmp    $0x2,%r14d
    4969:	0f 84 92 00 00 00    	je     4a01 <generate_avx2_unrolled4(Family, int, unsigned int const*, float const*, unsigned long, int, float*)+0xda1>
    496f:	b8 6d 64 a2 d3       	mov    $0xd3a2646d,%eax
    4974:	c5 f9 6e d0          	vmovd  %eax,%xmm2
    4978:	b8 3d ae b2 c2       	mov    $0xc2b2ae3d,%eax
    497d:	c5 79 6e d0          	vmovd  %eax,%xmm10
    4981:	c4 e2 7d 58 d2       	vpbroadcastd %xmm2,%ymm2
    4986:	b8 2d 35 eb 7f       	mov    $0x7feb352d,%eax
    498b:	c4 e2 75 40 d2       	vpmulld %ymm2,%ymm1,%ymm2
    4990:	c4 42 7d 58 d2       	vpbroadcastd %xmm10,%ymm10
    4995:	c4 c2 7d 40 c2       	vpmulld %ymm10,%ymm0,%ymm0
    499a:	c5 ed fe c0          	vpaddd %ymm0,%ymm2,%ymm0
    499e:	c5 ed 72 d0 09       	vpsrld $0x9,%ymm0,%ymm2
    49a3:	c5 fd ef c2          	vpxor  %ymm2,%ymm0,%ymm0
    49a7:	c5 f9 6e d0          	vmovd  %eax,%xmm2
    49ab:	c4 e2 7d 58 d2       	vpbroadcastd %xmm2,%ymm2
    49b0:	c4 e2 7d 40 c2       	vpmulld %ymm2,%ymm0,%ymm0
    49b5:	41 83 fe 03          	cmp    $0x3,%r14d
    49b9:	74 46                	je     4a01 <generate_avx2_unrolled4(Family, int, unsigned int const*, float const*, unsigned long, int, float*)+0xda1>
    49bb:	b8 c5 46 70 fd       	mov    $0xfd7046c5,%eax
    49c0:	c5 f9 6e d0          	vmovd  %eax,%xmm2
    49c4:	b8 2f eb d4 27       	mov    $0x27d4eb2f,%eax
    49c9:	c4 e2 7d 58 d2       	vpbroadcastd %xmm2,%ymm2
    49ce:	c4 e2 75 40 ca       	vpmulld %ymm2,%ymm1,%ymm1
    49d3:	c5 f9 6e d0          	vmovd  %eax,%xmm2
    49d7:	b8 8b a6 6c 84       	mov    $0x846ca68b,%eax
    49dc:	c4 e2 7d 58 d2       	vpbroadcastd %xmm2,%ymm2
    49e1:	c4 e2 7d 40 c2       	vpmulld %ymm2,%ymm0,%ymm0
    49e6:	c5 f5 fe c8          	vpaddd %ymm0,%ymm1,%ymm1
    49ea:	c5 fd 72 d1 0d       	vpsrld $0xd,%ymm1,%ymm0
    49ef:	c5 f5 ef c8          	vpxor  %ymm0,%ymm1,%ymm1
    49f3:	c5 f9 6e c0          	vmovd  %eax,%xmm0
    49f7:	c4 e2 7d 58 c0       	vpbroadcastd %xmm0,%ymm0
    49fc:	c4 e2 75 40 c0       	vpmulld %ymm0,%ymm1,%ymm0
    4a01:	8b 45 b0             	mov    -0x50(%rbp),%eax
    4a04:	03 42 08             	add    0x8(%rdx),%eax
    4a07:	41 ba 01 00 00 00    	mov    $0x1,%r10d
    4a0d:	c5 f5 72 e0 10       	vpsrad $0x10,%ymm0,%ymm1
    4a12:	c4 41 79 6e d2       	vmovd  %r10d,%xmm10
    4a17:	41 ba 15 7c 4a 7f    	mov    $0x7f4a7c15,%r10d
    4a1d:	c5 fc 5b c9          	vcvtdq2ps %ymm1,%ymm1
    4a21:	c4 42 7d 58 d2       	vpbroadcastd %xmm10,%ymm10
    4a26:	c4 c1 79 6e c2       	vmovd  %r10d,%xmm0
    4a2b:	c4 41 3d fe d2       	vpaddd %ymm10,%ymm8,%ymm10
    4a30:	c4 e2 7d 58 c0       	vpbroadcastd %xmm0,%ymm0
    4a35:	c4 e2 2d 40 c0       	vpmulld %ymm0,%ymm10,%ymm0
    4a3a:	c5 f4 59 cf          	vmulps %ymm7,%ymm1,%ymm1
    4a3e:	c5 f9 6e d0          	vmovd  %eax,%xmm2
    4a42:	b8 b1 79 37 9e       	mov    $0x9e3779b1,%eax
    4a47:	c5 79 6e d8          	vmovd  %eax,%xmm11
    4a4b:	c4 e2 7d 58 d2       	vpbroadcastd %xmm2,%ymm2
    4a50:	b8 bb 49 d0 94       	mov    $0x94d049bb,%eax
    4a55:	c4 c1 6d fe d1       	vpaddd %ymm9,%ymm2,%ymm2
    4a5a:	c4 42 7d 58 db       	vpbroadcastd %xmm11,%ymm11
    4a5f:	c4 c2 6d 40 d3       	vpmulld %ymm11,%ymm2,%ymm2
    4a64:	c5 fd fe c2          	vpaddd %ymm2,%ymm0,%ymm0
    4a68:	c5 ed 72 d0 07       	vpsrld $0x7,%ymm0,%ymm2
    4a6d:	c5 ed ef d0          	vpxor  %ymm0,%ymm2,%ymm2
    4a71:	c5 f9 6e c0          	vmovd  %eax,%xmm0
    4a75:	c4 e2 7d 58 c0       	vpbroadcastd %xmm0,%ymm0
    4a7a:	c4 e2 6d 40 d0       	vpmulld %ymm0,%ymm2,%ymm2
    4a7f:	41 83 fe 01          	cmp    $0x1,%r14d
    4a83:	0f 84 e3 00 00 00    	je     4b6c <generate_avx2_unrolled4(Family, int, unsigned int const*, float const*, unsigned long, int, float*)+0xf0c>
    4a89:	b8 b1 67 56 16       	mov    $0x165667b1,%eax
    4a8e:	c5 f9 6e c0          	vmovd  %eax,%xmm0
    4a92:	b8 77 ca eb 85       	mov    $0x85ebca77,%eax
    4a97:	c5 79 6e d8          	vmovd  %eax,%xmm11
    4a9b:	c4 e2 7d 58 c0       	vpbroadcastd %xmm0,%ymm0
    4aa0:	b8 0f ea 9d 36       	mov    $0x369dea0f,%eax
    4aa5:	c4 e2 2d 40 c0       	vpmulld %ymm0,%ymm10,%ymm0
    4aaa:	c4 42 7d 58 db       	vpbroadcastd %xmm11,%ymm11
    4aaf:	c4 c2 6d 40 d3       	vpmulld %ymm11,%ymm2,%ymm2
    4ab4:	c5 fd fe c2          	vpaddd %ymm2,%ymm0,%ymm0
    4ab8:	c5 ed 72 d0 0b       	vpsrld $0xb,%ymm0,%ymm2
    4abd:	c5 ed ef d0          	vpxor  %ymm0,%ymm2,%ymm2
    4ac1:	c5 f9 6e c0          	vmovd  %eax,%xmm0
    4ac5:	c4 e2 7d 58 c0       	vpbroadcastd %xmm0,%ymm0
    4aca:	c4 e2 6d 40 d0       	vpmulld %ymm0,%ymm2,%ymm2
    4acf:	41 83 fe 02          	cmp    $0x2,%r14d
    4ad3:	0f 84 93 00 00 00    	je     4b6c <generate_avx2_unrolled4(Family, int, unsigned int const*, float const*, unsigned long, int, float*)+0xf0c>
    4ad9:	b8 6d 64 a2 d3       	mov    $0xd3a2646d,%eax
    4ade:	c5 f9 6e c0          	vmovd  %eax,%xmm0
    4ae2:	b8 3d ae b2 c2       	mov    $0xc2b2ae3d,%eax
    4ae7:	c5 79 6e d8          	vmovd  %eax,%xmm11
    4aeb:	c4 e2 7d 58 c0       	vpbroadcastd %xmm0,%ymm0
    4af0:	b8 2d 35 eb 7f       	mov    $0x7feb352d,%eax
    4af5:	c4 e2 2d 40 c0       	vpmulld %ymm0,%ymm10,%ymm0
    4afa:	c4 42 7d 58 db       	vpbroadcastd %xmm11,%ymm11
    4aff:	c4 c2 6d 40 d3       	vpmulld %ymm11,%ymm2,%ymm2
    4b04:	c5 fd fe c2          	vpaddd %ymm2,%ymm0,%ymm0
    4b08:	c5 ed 72 d0 09       	vpsrld $0x9,%ymm0,%ymm2
    4b0d:	c5 fd ef c2          	vpxor  %ymm2,%ymm0,%ymm0
    4b11:	c5 f9 6e d0          	vmovd  %eax,%xmm2
    4b15:	c4 e2 7d 58 d2       	vpbroadcastd %xmm2,%ymm2
    4b1a:	c4 e2 7d 40 d2       	vpmulld %ymm2,%ymm0,%ymm2
    4b1f:	41 83 fe 03          	cmp    $0x3,%r14d
    4b23:	74 47                	je     4b6c <generate_avx2_unrolled4(Family, int, unsigned int const*, float const*, unsigned long, int, float*)+0xf0c>
    4b25:	b8 c5 46 70 fd       	mov    $0xfd7046c5,%eax
    4b2a:	c5 f9 6e c0          	vmovd  %eax,%xmm0
    4b2e:	b8 2f eb d4 27       	mov    $0x27d4eb2f,%eax
    4b33:	c4 e2 7d 58 c0       	vpbroadcastd %xmm0,%ymm0
    4b38:	c4 62 2d 40 d0       	vpmulld %ymm0,%ymm10,%ymm10
    4b3d:	c5 f9 6e c0          	vmovd  %eax,%xmm0
    4b41:	b8 8b a6 6c 84       	mov    $0x846ca68b,%eax
    4b46:	c4 e2 7d 58 c0       	vpbroadcastd %xmm0,%ymm0
    4b4b:	c4 e2 6d 40 c0       	vpmulld %ymm0,%ymm2,%ymm0
    4b50:	c5 f9 6e d0          	vmovd  %eax,%xmm2
    4b54:	c4 e2 7d 58 d2       	vpbroadcastd %xmm2,%ymm2
    4b59:	c5 2d fe d0          	vpaddd %ymm0,%ymm10,%ymm10
    4b5d:	c4 c1 7d 72 d2 0d    	vpsrld $0xd,%ymm10,%ymm0
    4b63:	c5 2d ef d0          	vpxor  %ymm0,%ymm10,%ymm10
    4b67:	c4 e2 2d 40 d2       	vpmulld %ymm2,%ymm10,%ymm2
    4b6c:	8b 45 b4             	mov    -0x4c(%rbp),%eax
    4b6f:	03 42 0c             	add    0xc(%rdx),%eax
    4b72:	41 ba 01 00 00 00    	mov    $0x1,%r10d
    4b78:	c5 ed 72 e2 10       	vpsrad $0x10,%ymm2,%ymm2
    4b7d:	c4 c1 79 6e c2       	vmovd  %r10d,%xmm0
    4b82:	41 ba 15 7c 4a 7f    	mov    $0x7f4a7c15,%r10d
    4b88:	c5 fc 5b d2          	vcvtdq2ps %ymm2,%ymm2
    4b8c:	c4 e2 7d 58 c0       	vpbroadcastd %xmm0,%ymm0
    4b91:	c5 3d fe c0          	vpaddd %ymm0,%ymm8,%ymm8
    4b95:	c4 c1 79 6e c2       	vmovd  %r10d,%xmm0
    4b9a:	c4 e2 7d 58 c0       	vpbroadcastd %xmm0,%ymm0
    4b9f:	c5 ec 59 d7          	vmulps %ymm7,%ymm2,%ymm2
    4ba3:	c4 e2 3d 40 c0       	vpmulld %ymm0,%ymm8,%ymm0
    4ba8:	c5 79 6e d0          	vmovd  %eax,%xmm10
    4bac:	b8 b1 79 37 9e       	mov    $0x9e3779b1,%eax
    4bb1:	c4 42 7d 58 d2       	vpbroadcastd %xmm10,%ymm10
    4bb6:	c4 41 2d fe c9       	vpaddd %ymm9,%ymm10,%ymm9
    4bbb:	c5 79 6e d0          	vmovd  %eax,%xmm10
    4bbf:	b8 bb 49 d0 94       	mov    $0x94d049bb,%eax
    4bc4:	c4 42 7d 58 d2       	vpbroadcastd %xmm10,%ymm10
    4bc9:	c4 42 35 40 ca       	vpmulld %ymm10,%ymm9,%ymm9
    4bce:	c4 41 7d fe c9       	vpaddd %ymm9,%ymm0,%ymm9
    4bd3:	c4 c1 7d 72 d1 07    	vpsrld $0x7,%ymm9,%ymm0
    4bd9:	c4 c1 7d ef c1       	vpxor  %ymm9,%ymm0,%ymm0
    4bde:	c5 79 6e c8          	vmovd  %eax,%xmm9
    4be2:	c4 42 7d 58 c9       	vpbroadcastd %xmm9,%ymm9
    4be7:	c4 c2 7d 40 c1       	vpmulld %ymm9,%ymm0,%ymm0
    4bec:	41 83 fe 01          	cmp    $0x1,%r14d
    4bf0:	0f 84 da f5 ff ff    	je     41d0 <generate_avx2_unrolled4(Family, int, unsigned int const*, float const*, unsigned long, int, float*)+0x570>
    4bf6:	b8 b1 67 56 16       	mov    $0x165667b1,%eax
    4bfb:	c5 79 6e c8          	vmovd  %eax,%xmm9
    4bff:	b8 77 ca eb 85       	mov    $0x85ebca77,%eax
    4c04:	c5 79 6e d0          	vmovd  %eax,%xmm10
    4c08:	c4 42 7d 58 c9       	vpbroadcastd %xmm9,%ymm9
    4c0d:	b8 0f ea 9d 36       	mov    $0x369dea0f,%eax
    4c12:	c4 42 3d 40 c9       	vpmulld %ymm9,%ymm8,%ymm9
    4c17:	c4 42 7d 58 d2       	vpbroadcastd %xmm10,%ymm10
    4c1c:	c4 c2 7d 40 c2       	vpmulld %ymm10,%ymm0,%ymm0
    4c21:	c5 35 fe c8          	vpaddd %ymm0,%ymm9,%ymm9
    4c25:	c4 c1 7d 72 d1 0b    	vpsrld $0xb,%ymm9,%ymm0
    4c2b:	c4 c1 7d ef c1       	vpxor  %ymm9,%ymm0,%ymm0
    4c30:	c5 79 6e c8          	vmovd  %eax,%xmm9
    4c34:	c4 42 7d 58 c9       	vpbroadcastd %xmm9,%ymm9
    4c39:	c4 c2 7d 40 c1       	vpmulld %ymm9,%ymm0,%ymm0
    4c3e:	41 83 fe 02          	cmp    $0x2,%r14d
    4c42:	0f 84 88 f5 ff ff    	je     41d0 <generate_avx2_unrolled4(Family, int, unsigned int const*, float const*, unsigned long, int, float*)+0x570>
    4c48:	b8 6d 64 a2 d3       	mov    $0xd3a2646d,%eax
    4c4d:	c5 79 6e c8          	vmovd  %eax,%xmm9
    4c51:	b8 3d ae b2 c2       	mov    $0xc2b2ae3d,%eax
    4c56:	c5 79 6e d0          	vmovd  %eax,%xmm10
    4c5a:	c4 42 7d 58 c9       	vpbroadcastd %xmm9,%ymm9
    4c5f:	b8 2d 35 eb 7f       	mov    $0x7feb352d,%eax
    4c64:	c4 42 3d 40 c9       	vpmulld %ymm9,%ymm8,%ymm9
    4c69:	c4 42 7d 58 d2       	vpbroadcastd %xmm10,%ymm10
    4c6e:	c4 c2 7d 40 c2       	vpmulld %ymm10,%ymm0,%ymm0
    4c73:	c5 35 fe c8          	vpaddd %ymm0,%ymm9,%ymm9
    4c77:	c4 c1 7d 72 d1 09    	vpsrld $0x9,%ymm9,%ymm0
    4c7d:	c4 c1 7d ef c1       	vpxor  %ymm9,%ymm0,%ymm0
    4c82:	c5 79 6e c8          	vmovd  %eax,%xmm9
    4c86:	c4 42 7d 58 c9       	vpbroadcastd %xmm9,%ymm9
    4c8b:	c4 c2 7d 40 c1       	vpmulld %ymm9,%ymm0,%ymm0
    4c90:	41 83 fe 03          	cmp    $0x3,%r14d
    4c94:	0f 84 36 f5 ff ff    	je     41d0 <generate_avx2_unrolled4(Family, int, unsigned int const*, float const*, unsigned long, int, float*)+0x570>
    4c9a:	b8 c5 46 70 fd       	mov    $0xfd7046c5,%eax
    4c9f:	c5 79 6e c8          	vmovd  %eax,%xmm9
    4ca3:	b8 2f eb d4 27       	mov    $0x27d4eb2f,%eax
    4ca8:	c4 42 7d 58 c9       	vpbroadcastd %xmm9,%ymm9
    4cad:	c4 42 3d 40 c1       	vpmulld %ymm9,%ymm8,%ymm8
    4cb2:	c5 79 6e c8          	vmovd  %eax,%xmm9
    4cb6:	b8 8b a6 6c 84       	mov    $0x846ca68b,%eax
    4cbb:	c4 42 7d 58 c9       	vpbroadcastd %xmm9,%ymm9
    4cc0:	c4 c2 7d 40 c1       	vpmulld %ymm9,%ymm0,%ymm0
    4cc5:	c5 3d fe c0          	vpaddd %ymm0,%ymm8,%ymm8
    4cc9:	c4 c1 7d 72 d0 0d    	vpsrld $0xd,%ymm8,%ymm0
    4ccf:	c5 3d ef c0          	vpxor  %ymm0,%ymm8,%ymm8
    4cd3:	c5 f9 6e c0          	vmovd  %eax,%xmm0
    4cd7:	c4 e2 7d 58 c0       	vpbroadcastd %xmm0,%ymm0
    4cdc:	c4 c2 7d 40 c0       	vpmulld %ymm8,%ymm0,%ymm0
    4ce1:	e9 ea f4 ff ff       	jmp    41d0 <generate_avx2_unrolled4(Family, int, unsigned int const*, float const*, unsigned long, int, float*)+0x570>
    4ce6:	66 2e 0f 1f 84 00 00 	cs nopw 0x0(%rax,%rax,1)
    4ced:	00 00 00 
    4cf0:	4c 8b ad a8 fe ff ff 	mov    -0x158(%rbp),%r13
    4cf7:	4c 8b a5 a0 fe ff ff 	mov    -0x160(%rbp),%r12
    4cfe:	48 8b 85 98 fe ff ff 	mov    -0x168(%rbp),%rax
    4d05:	49 83 c5 04          	add    $0x4,%r13
    4d09:	4c 01 65 c8          	add    %r12,-0x38(%rbp)
    4d0d:	49 83 c7 10          	add    $0x10,%r15
    4d11:	81 45 c4 dc 29 af 17 	addl   $0x17af29dc,-0x3c(%rbp)
    4d18:	4d 01 e0             	add    %r12,%r8
    4d1b:	4c 01 e7             	add    %r12,%rdi
    4d1e:	4d 01 e1             	add    %r12,%r9
    4d21:	48 83 c2 10          	add    $0x10,%rdx
    4d25:	49 39 c5             	cmp    %rax,%r13
    4d28:	0f 85 62 f0 ff ff    	jne    3d90 <generate_avx2_unrolled4(Family, int, unsigned int const*, float const*, unsigned long, int, float*)+0x130>
    4d2e:	48 8b 8d 88 fe ff ff 	mov    -0x178(%rbp),%rcx
    4d35:	41 89 f5             	mov    %esi,%r13d
    4d38:	4c 8b bd 80 fe ff ff 	mov    -0x180(%rbp),%r15
    4d3f:	44 89 f6             	mov    %r14d,%esi
    4d42:	4c 8b 9d 78 fe ff ff 	mov    -0x188(%rbp),%r11
    4d49:	48 83 e1 fc          	and    $0xfffffffffffffffc,%rcx
    4d4d:	48 8d 41 04          	lea    0x4(%rcx),%rax
    4d51:	c5 f8 77             	vzeroupper
    4d54:	48 8b bd 90 fe ff ff 	mov    -0x170(%rbp),%rdi
    4d5b:	48 39 f8             	cmp    %rdi,%rax
    4d5e:	0f 82 14 01 00 00    	jb     4e78 <generate_avx2_unrolled4(Family, int, unsigned int const*, float const*, unsigned long, int, float*)+0x1218>
    4d64:	48 81 c4 88 01 00 00 	add    $0x188,%rsp
    4d6b:	5b                   	pop    %rbx
    4d6c:	41 5c                	pop    %r12
    4d6e:	41 5d                	pop    %r13
    4d70:	41 5e                	pop    %r14
    4d72:	41 5f                	pop    %r15
    4d74:	5d                   	pop    %rbp
    4d75:	49 8d 65 f0          	lea    -0x10(%r13),%rsp
    4d79:	41 5d                	pop    %r13
    4d7b:	c3                   	ret
    4d7c:	0f 1f 40 00          	nopl   0x0(%rax)
    4d80:	8b 45 c4             	mov    -0x3c(%rbp),%eax
    4d83:	03 42 04             	add    0x4(%rdx),%eax
    4d86:	c5 fd 72 e0 10       	vpsrad $0x10,%ymm0,%ymm0
    4d8b:	c5 fc 5b c0          	vcvtdq2ps %ymm0,%ymm0
    4d8f:	c4 e2 7d 18 3d c8 15 	vbroadcastss 0x15c8(%rip),%ymm7        # 6360 <C.1.0+0x60>
    4d96:	00 00 
    4d98:	c5 f9 6e c8          	vmovd  %eax,%xmm1
    4d9c:	8b 45 b0             	mov    -0x50(%rbp),%eax
    4d9f:	03 42 08             	add    0x8(%rdx),%eax
    4da2:	c4 e2 7d 58 c9       	vpbroadcastd %xmm1,%ymm1
    4da7:	c4 c1 75 fe c9       	vpaddd %ymm9,%ymm1,%ymm1
    4dac:	c5 f5 72 e1 10       	vpsrad $0x10,%ymm1,%ymm1
    4db1:	c5 fc 5b c9          	vcvtdq2ps %ymm1,%ymm1
    4db5:	c5 fc 59 df          	vmulps %ymm7,%ymm0,%ymm3
    4db9:	c5 f9 6e d0          	vmovd  %eax,%xmm2
    4dbd:	8b 45 b4             	mov    -0x4c(%rbp),%eax
    4dc0:	03 42 0c             	add    0xc(%rdx),%eax
    4dc3:	c4 e2 7d 58 d2       	vpbroadcastd %xmm2,%ymm2
    4dc8:	c5 f4 59 cf          	vmulps %ymm7,%ymm1,%ymm1
    4dcc:	c4 c1 6d fe d1       	vpaddd %ymm9,%ymm2,%ymm2
    4dd1:	c5 ed 72 e2 10       	vpsrad $0x10,%ymm2,%ymm2
    4dd6:	c5 fc 5b d2          	vcvtdq2ps %ymm2,%ymm2
    4dda:	c5 f9 6e c0          	vmovd  %eax,%xmm0
    4dde:	c4 e2 7d 58 c0       	vpbroadcastd %xmm0,%ymm0
    4de3:	c5 ec 59 d7          	vmulps %ymm7,%ymm2,%ymm2
    4de7:	c4 c1 7d fe c1       	vpaddd %ymm9,%ymm0,%ymm0
    4dec:	e9 df f3 ff ff       	jmp    41d0 <generate_avx2_unrolled4(Family, int, unsigned int const*, float const*, unsigned long, int, float*)+0x570>
    4df1:	66 66 2e 0f 1f 84 00 	data16 cs nopw 0x0(%rax,%rax,1)
    4df8:	00 00 00 00 
    4dfc:	0f 1f 40 00          	nopl   0x0(%rax)
    4e00:	44 8b 5d ac          	mov    -0x54(%rbp),%r11d
    4e04:	c5 da 2a 4a 04       	vcvtsi2ssl 0x4(%rdx),%xmm4,%xmm1
    4e09:	c5 da 2a 52 08       	vcvtsi2ssl 0x8(%rdx),%xmm4,%xmm2
    4e0e:	41 8d 43 01          	lea    0x1(%r11),%eax
    4e12:	83 e0 0f             	and    $0xf,%eax
    4e15:	83 e8 07             	sub    $0x7,%eax
    4e18:	c5 da 2a c0          	vcvtsi2ss %eax,%xmm4,%xmm0
    4e1c:	41 8d 43 02          	lea    0x2(%r11),%eax
    4e20:	c5 fa 59 c6          	vmulss %xmm6,%xmm0,%xmm0
    4e24:	83 e0 0f             	and    $0xf,%eax
    4e27:	83 e8 07             	sub    $0x7,%eax
    4e2a:	c4 e2 79 99 cd       	vfmadd132ss %xmm5,%xmm0,%xmm1
    4e2f:	c5 da 2a c0          	vcvtsi2ss %eax,%xmm4,%xmm0
    4e33:	41 8d 43 03          	lea    0x3(%r11),%eax
    4e37:	c5 fa 59 c6          	vmulss %xmm6,%xmm0,%xmm0
    4e3b:	83 e0 0f             	and    $0xf,%eax
    4e3e:	83 e8 07             	sub    $0x7,%eax
    4e41:	c5 5a 2a c0          	vcvtsi2ss %eax,%xmm4,%xmm8
    4e45:	c5 3a 59 c6          	vmulss %xmm6,%xmm8,%xmm8
    4e49:	c4 e2 79 99 d5       	vfmadd132ss %xmm5,%xmm0,%xmm2
    4e4e:	c5 da 2a 42 0c       	vcvtsi2ssl 0xc(%rdx),%xmm4,%xmm0
    4e53:	c4 e2 7d 18 c9       	vbroadcastss %xmm1,%ymm1
    4e58:	c5 f4 58 cf          	vaddps %ymm7,%ymm1,%ymm1
    4e5c:	c4 e2 39 99 c5       	vfmadd132ss %xmm5,%xmm8,%xmm0
    4e61:	c4 e2 7d 18 d2       	vbroadcastss %xmm2,%ymm2
    4e66:	c5 ec 58 d7          	vaddps %ymm7,%ymm2,%ymm2
    4e6a:	c4 e2 7d 18 c0       	vbroadcastss %xmm0,%ymm0
    4e6f:	c5 fc 58 c7          	vaddps %ymm7,%ymm0,%ymm0
    4e73:	e9 65 f3 ff ff       	jmp    41dd <generate_avx2_unrolled4(Family, int, unsigned int const*, float const*, unsigned long, int, float*)+0x57d>
    4e78:	48 8b 8d 68 fe ff ff 	mov    -0x198(%rbp),%rcx
    4e7f:	48 8b bd 70 fe ff ff 	mov    -0x190(%rbp),%rdi
    4e86:	48 8d 14 85 00 00 00 	lea    0x0(,%rax,4),%rdx
    4e8d:	00 
    4e8e:	48 01 d7             	add    %rdx,%rdi
    4e91:	48 01 d1             	add    %rdx,%rcx
    4e94:	48 63 95 b8 fe ff ff 	movslq -0x148(%rbp),%rdx
    4e9b:	49 89 d1             	mov    %rdx,%r9
    4e9e:	48 0f af d0          	imul   %rax,%rdx
    4ea2:	49 8d 14 97          	lea    (%r15,%rdx,4),%rdx
    4ea6:	49 89 13             	mov    %rdx,(%r11)
    4ea9:	4c 8b 85 90 fe ff ff 	mov    -0x170(%rbp),%r8
    4eb0:	48 81 c4 88 01 00 00 	add    $0x188,%rsp
    4eb7:	48 89 fa             	mov    %rdi,%rdx
    4eba:	5b                   	pop    %rbx
    4ebb:	44 89 ef             	mov    %r13d,%edi
    4ebe:	41 5c                	pop    %r12
    4ec0:	41 5d                	pop    %r13
    4ec2:	41 5e                	pop    %r14
    4ec4:	41 5f                	pop    %r15
    4ec6:	5d                   	pop    %rbp
    4ec7:	49 29 c0             	sub    %rax,%r8
    4eca:	49 8d 65 f0          	lea    -0x10(%r13),%rsp
    4ece:	41 5d                	pop    %r13
    4ed0:	e9 9b cb ff ff       	jmp    1a70 <generate_avx2_basic(Family, int, unsigned int const*, float const*, unsigned long, int, float*)>
    4ed5:	31 c0                	xor    %eax,%eax
    4ed7:	e9 78 fe ff ff       	jmp    4d54 <generate_avx2_unrolled4(Family, int, unsigned int const*, float const*, unsigned long, int, float*)+0x10f4>
    4edc:	0f 1f 40 00          	nopl   0x0(%rax)

0000000000004ee0 <throughput()>:
    4ee0:	4c 8d 54 24 08       	lea    0x8(%rsp),%r10
    4ee5:	48 83 e4 e0          	and    $0xffffffffffffffe0,%rsp
    4ee9:	48 8d 3d b8 11 00 00 	lea    0x11b8(%rip),%rdi        # 60a8 <_IO_stdin_used+0xa8>
    4ef0:	41 ff 72 f8          	push   -0x8(%r10)
    4ef4:	55                   	push   %rbp
    4ef5:	48 89 e5             	mov    %rsp,%rbp
    4ef8:	41 57                	push   %r15
    4efa:	41 56                	push   %r14
    4efc:	41 55                	push   %r13
    4efe:	41 54                	push   %r12
    4f00:	41 52                	push   %r10
    4f02:	53                   	push   %rbx
    4f03:	48 81 ec 80 01 00 00 	sub    $0x180,%rsp
    4f0a:	e8 b1 c1 ff ff       	call   10c0 <puts@plt>
    4f0f:	c7 85 6c ff ff ff 00 	movl   $0x0,-0x94(%rbp)
    4f16:	00 00 00 
    4f19:	48 c7 85 20 ff ff ff 	movq   $0x0,-0xe0(%rbp)
    4f20:	00 00 00 00 
    4f24:	c7 85 2c ff ff ff 00 	movl   $0x0,-0xd4(%rbp)
    4f2b:	00 00 00 
    4f2e:	8b 85 20 ff ff ff    	mov    -0xe0(%rbp),%eax
    4f34:	89 85 28 ff ff ff    	mov    %eax,-0xd8(%rbp)
    4f3a:	48 8d 05 7f 31 00 00 	lea    0x317f(%rip),%rax        # 80c0 <jump_tables()::tables>
    4f41:	48 89 85 f0 fe ff ff 	mov    %rax,-0x110(%rbp)
    4f48:	4c 8d 2d b1 13 00 00 	lea    0x13b1(%rip),%r13        # 6300 <C.1.0>
    4f4f:	49 63 4d 00          	movslq 0x0(%r13),%rcx
    4f53:	b8 00 00 40 00       	mov    $0x400000,%eax
    4f58:	31 d2                	xor    %edx,%edx
    4f5a:	48 f7 f1             	div    %rcx
    4f5d:	49 89 ce             	mov    %rcx,%r14
    4f60:	48 89 8d e8 fe ff ff 	mov    %rcx,-0x118(%rbp)
    4f67:	48 89 85 38 ff ff ff 	mov    %rax,-0xc8(%rbp)
    4f6e:	48 81 f9 00 00 40 00 	cmp    $0x400000,%rcx
    4f75:	0f 87 6b 0d 00 00    	ja     5ce6 <throughput()+0xe06>
    4f7b:	4c 8d 3c 85 00 00 00 	lea    0x0(,%rax,4),%r15
    4f82:	00 
    4f83:	48 89 c3             	mov    %rax,%rbx
    4f86:	4c 89 ff             	mov    %r15,%rdi
    4f89:	e8 e2 c0 ff ff       	call   1070 <operator new(unsigned long)@plt>
    4f8e:	4a 8d 0c 38          	lea    (%rax,%r15,1),%rcx
    4f92:	48 89 85 48 ff ff ff 	mov    %rax,-0xb8(%rbp)
    4f99:	c7 00 00 00 00 00    	movl   $0x0,(%rax)
    4f9f:	48 89 8d e0 fe ff ff 	mov    %rcx,-0x120(%rbp)
    4fa6:	48 83 fb 01          	cmp    $0x1,%rbx
    4faa:	0f 84 6a 0d 00 00    	je     5d1a <throughput()+0xe3a>
    4fb0:	4d 8d 67 fc          	lea    -0x4(%r15),%r12
    4fb4:	48 8d 78 04          	lea    0x4(%rax),%rdi
    4fb8:	31 f6                	xor    %esi,%esi
    4fba:	4c 89 e2             	mov    %r12,%rdx
    4fbd:	e8 7e c0 ff ff       	call   1040 <memset@plt>
    4fc2:	4c 89 ff             	mov    %r15,%rdi
    4fc5:	e8 a6 c0 ff ff       	call   1070 <operator new(unsigned long)@plt>
    4fca:	c7 00 00 00 00 00    	movl   $0x0,(%rax)
    4fd0:	48 8d 78 04          	lea    0x4(%rax),%rdi
    4fd4:	4c 89 e2             	mov    %r12,%rdx
    4fd7:	31 f6                	xor    %esi,%esi
    4fd9:	48 89 85 40 ff ff ff 	mov    %rax,-0xc0(%rbp)
    4fe0:	4c 89 bd 00 ff ff ff 	mov    %r15,-0x100(%rbp)
    4fe7:	e8 54 c0 ff ff       	call   1040 <memset@plt>
    4fec:	bf 00 00 00 01       	mov    $0x1000000,%edi
    4ff1:	e8 7a c0 ff ff       	call   1070 <operator new(unsigned long)@plt>
    4ff6:	31 f6                	xor    %esi,%esi
    4ff8:	c7 00 00 00 00 00    	movl   $0x0,(%rax)
    4ffe:	48 8d 78 04          	lea    0x4(%rax),%rdi
    5002:	ba fc ff ff 00       	mov    $0xfffffc,%edx
    5007:	48 89 85 30 ff ff ff 	mov    %rax,-0xd0(%rbp)
    500e:	e8 2d c0 ff ff       	call   1040 <memset@plt>
    5013:	c5 e0 57 db          	vxorps %xmm3,%xmm3,%xmm3
    5017:	48 81 bd e8 fe ff ff 	cmpq   $0x400000,-0x118(%rbp)
    501e:	00 00 40 00 
    5022:	0f 87 77 02 00 00    	ja     529f <throughput()+0x3bf>
    5028:	48 8b 85 38 ff ff ff 	mov    -0xc8(%rbp),%rax
    502f:	48 83 f8 07          	cmp    $0x7,%rax
    5033:	0f 86 10 0d 00 00    	jbe    5d49 <throughput()+0xe69>
    5039:	c5 fd 6f 15 3f 14 00 	vmovdqa 0x143f(%rip),%ymm2        # 6480 <C.1.0+0x180>
    5040:	00 
    5041:	c4 62 7d 18 0d f6 0f 	vbroadcastss 0xff6(%rip),%ymm9        # 6040 <_IO_stdin_used+0x40>
    5048:	00 00 
    504a:	b9 b1 79 37 9e       	mov    $0x9e3779b1,%ecx
    504f:	48 c1 e8 03          	shr    $0x3,%rax
    5053:	c4 62 7d 18 05 e8 0f 	vbroadcastss 0xfe8(%rip),%ymm8        # 6044 <_IO_stdin_used+0x44>
    505a:	00 00 
    505c:	c4 e2 7d 59 3d 5b 14 	vpbroadcastq 0x145b(%rip),%ymm7        # 64c0 <C.1.0+0x1c0>
    5063:	00 00 
    5065:	c5 f9 6e e9          	vmovd  %ecx,%xmm5
    5069:	b9 11 00 00 00       	mov    $0x11,%ecx
    506e:	c4 e2 7d 59 35 51 14 	vpbroadcastq 0x1451(%rip),%ymm6        # 64c8 <C.1.0+0x1c8>
    5075:	00 00 
    5077:	c4 e2 7d 59 0d 50 14 	vpbroadcastq 0x1450(%rip),%ymm1        # 64d0 <C.1.0+0x1d0>
    507e:	00 00 
    5080:	48 89 c2             	mov    %rax,%rdx
    5083:	c5 f9 6e e1          	vmovd  %ecx,%xmm4
    5087:	48 c1 e2 05          	shl    $0x5,%rdx
    508b:	31 c0                	xor    %eax,%eax
    508d:	c4 e2 7d 58 ed       	vpbroadcastd %xmm5,%ymm5
    5092:	c4 e2 7d 58 e4       	vpbroadcastd %xmm4,%ymm4
    5097:	c5 6d d4 df          	vpaddq %ymm7,%ymm2,%ymm11
    509b:	c5 fd 6f c2          	vmovdqa %ymm2,%ymm0
    509f:	48 8b 8d 48 ff ff ff 	mov    -0xb8(%rbp),%rcx
    50a6:	c5 ed d4 d6          	vpaddq %ymm6,%ymm2,%ymm2
    50aa:	c4 43 7d 46 d3 20    	vperm2i128 $0x20,%ymm11,%ymm0,%ymm10
    50b0:	c4 43 7d 46 e3 31    	vperm2i128 $0x31,%ymm11,%ymm0,%ymm12
    50b6:	c5 fd db c1          	vpand  %ymm1,%ymm0,%ymm0
    50ba:	c5 25 db d9          	vpand  %ymm1,%ymm11,%ymm11
    50be:	c4 41 7d 70 d2 d8    	vpshufd $0xd8,%ymm10,%ymm10
    50c4:	c4 41 7d 70 e4 d8    	vpshufd $0xd8,%ymm12,%ymm12
    50ca:	c4 41 2d 6c d4       	vpunpcklqdq %ymm12,%ymm10,%ymm10
    50cf:	c4 42 55 40 d2       	vpmulld %ymm10,%ymm5,%ymm10
    50d4:	c5 2d fe d4          	vpaddd %ymm4,%ymm10,%ymm10
    50d8:	c5 7e 7f 14 01       	vmovdqu %ymm10,(%rcx,%rax,1)
    50dd:	c4 43 7d 46 d3 20    	vperm2i128 $0x20,%ymm11,%ymm0,%ymm10
    50e3:	c4 c3 7d 46 c3 31    	vperm2i128 $0x31,%ymm11,%ymm0,%ymm0
    50e9:	48 8b 8d 40 ff ff ff 	mov    -0xc0(%rbp),%rcx
    50f0:	c4 41 7d 70 d2 d8    	vpshufd $0xd8,%ymm10,%ymm10
    50f6:	c5 fd 70 c0 d8       	vpshufd $0xd8,%ymm0,%ymm0
    50fb:	c5 ad 6c c0          	vpunpcklqdq %ymm0,%ymm10,%ymm0
    50ff:	c5 fc 5b c0          	vcvtdq2ps %ymm0,%ymm0
    5103:	c4 c2 3d 98 c1       	vfmadd132ps %ymm9,%ymm8,%ymm0
    5108:	c5 fc 11 04 01       	vmovups %ymm0,(%rcx,%rax,1)
    510d:	48 83 c0 20          	add    $0x20,%rax
    5111:	48 39 d0             	cmp    %rdx,%rax
    5114:	75 81                	jne    5097 <throughput()+0x1b7>
    5116:	48 8b 8d 38 ff ff ff 	mov    -0xc8(%rbp),%rcx
    511d:	48 89 c8             	mov    %rcx,%rax
    5120:	48 83 e0 f8          	and    $0xfffffffffffffff8,%rax
    5124:	83 e1 07             	and    $0x7,%ecx
    5127:	0f 84 14 0c 00 00    	je     5d41 <throughput()+0xe61>
    512d:	c5 f8 77             	vzeroupper
    5130:	48 8b 8d 38 ff ff ff 	mov    -0xc8(%rbp),%rcx
    5137:	48 29 c1             	sub    %rax,%rcx
    513a:	48 8d 51 ff          	lea    -0x1(%rcx),%rdx
    513e:	48 83 fa 02          	cmp    $0x2,%rdx
    5142:	0f 86 b4 00 00 00    	jbe    51fc <throughput()+0x31c>
    5148:	bb 02 00 00 00       	mov    $0x2,%ebx
    514d:	48 8d 50 01          	lea    0x1(%rax),%rdx
    5151:	c4 e1 f9 6e e8       	vmovq  %rax,%xmm5
    5156:	c4 e1 f9 6e cb       	vmovq  %rbx,%xmm1
    515b:	c4 e3 d1 22 c2 01    	vpinsrq $0x1,%rdx,%xmm5,%xmm0
    5161:	bb b1 79 37 9e       	mov    $0x9e3779b1,%ebx
    5166:	48 8d 14 85 00 00 00 	lea    0x0(,%rax,4),%rdx
    516d:	00 
    516e:	c5 f1 6c c9          	vpunpcklqdq %xmm1,%xmm1,%xmm1
    5172:	c5 f9 6e e3          	vmovd  %ebx,%xmm4
    5176:	bb 11 00 00 00       	mov    $0x11,%ebx
    517b:	c5 f9 d4 c9          	vpaddq %xmm1,%xmm0,%xmm1
    517f:	c4 e2 79 58 e4       	vpbroadcastd %xmm4,%xmm4
    5184:	c5 f8 c6 d1 88       	vshufps $0x88,%xmm1,%xmm0,%xmm2
    5189:	c4 e2 69 40 d4       	vpmulld %xmm4,%xmm2,%xmm2
    518e:	c5 f9 6e e3          	vmovd  %ebx,%xmm4
    5192:	48 8b 9d 48 ff ff ff 	mov    -0xb8(%rbp),%rbx
    5199:	c4 e2 79 58 e4       	vpbroadcastd %xmm4,%xmm4
    519e:	c5 e9 fe d4          	vpaddd %xmm4,%xmm2,%xmm2
    51a2:	c5 fa 7f 14 13       	vmovdqu %xmm2,(%rbx,%rdx,1)
    51a7:	bb 07 00 00 00       	mov    $0x7,%ebx
    51ac:	c4 e1 f9 6e d3       	vmovq  %rbx,%xmm2
    51b1:	48 8b 9d 40 ff ff ff 	mov    -0xc0(%rbp),%rbx
    51b8:	c5 e9 6c d2          	vpunpcklqdq %xmm2,%xmm2,%xmm2
    51bc:	c5 f1 db ca          	vpand  %xmm2,%xmm1,%xmm1
    51c0:	c5 f9 db c2          	vpand  %xmm2,%xmm0,%xmm0
    51c4:	c4 e2 79 18 15 73 0e 	vbroadcastss 0xe73(%rip),%xmm2        # 6040 <_IO_stdin_used+0x40>
    51cb:	00 00 
    51cd:	c5 f8 c6 c1 88       	vshufps $0x88,%xmm1,%xmm0,%xmm0
    51d2:	c4 e2 79 18 0d 69 0e 	vbroadcastss 0xe69(%rip),%xmm1        # 6044 <_IO_stdin_used+0x44>
    51d9:	00 00 
    51db:	c5 f8 5b c0          	vcvtdq2ps %xmm0,%xmm0
    51df:	c4 e2 71 98 c2       	vfmadd132ps %xmm2,%xmm1,%xmm0
    51e4:	c5 f8 11 04 13       	vmovups %xmm0,(%rbx,%rdx,1)
    51e9:	48 89 ca             	mov    %rcx,%rdx
    51ec:	48 83 e2 fc          	and    $0xfffffffffffffffc,%rdx
    51f0:	48 01 d0             	add    %rdx,%rax
    51f3:	83 e1 03             	and    $0x3,%ecx
    51f6:	0f 84 a3 00 00 00    	je     529f <throughput()+0x3bf>
    51fc:	c5 fa 10 15 3c 0e 00 	vmovss 0xe3c(%rip),%xmm2        # 6040 <_IO_stdin_used+0x40>
    5203:	00 
    5204:	c5 fa 10 0d 38 0e 00 	vmovss 0xe38(%rip),%xmm1        # 6044 <_IO_stdin_used+0x44>
    520b:	00 
    520c:	69 c8 b1 79 37 9e    	imul   $0x9e3779b1,%eax,%ecx
    5212:	48 8d 14 85 00 00 00 	lea    0x0(,%rax,4),%rdx
    5219:	00 
    521a:	48 8b 9d 48 ff ff ff 	mov    -0xb8(%rbp),%rbx
    5221:	4c 8b 9d 40 ff ff ff 	mov    -0xc0(%rbp),%r11
    5228:	4c 8b 8d 38 ff ff ff 	mov    -0xc8(%rbp),%r9
    522f:	83 c1 11             	add    $0x11,%ecx
    5232:	89 0c 13             	mov    %ecx,(%rbx,%rdx,1)
    5235:	48 89 c1             	mov    %rax,%rcx
    5238:	83 e1 07             	and    $0x7,%ecx
    523b:	c4 e1 e2 2a c1       	vcvtsi2ss %rcx,%xmm3,%xmm0
    5240:	48 8d 48 01          	lea    0x1(%rax),%rcx
    5244:	c4 e2 71 99 c2       	vfmadd132ss %xmm2,%xmm1,%xmm0
    5249:	c4 c1 7a 11 04 13    	vmovss %xmm0,(%r11,%rdx,1)
    524f:	4c 39 c9             	cmp    %r9,%rcx
    5252:	73 4b                	jae    529f <throughput()+0x3bf>
    5254:	69 f9 b1 79 37 9e    	imul   $0x9e3779b1,%ecx,%edi
    525a:	83 e1 07             	and    $0x7,%ecx
    525d:	48 83 c0 02          	add    $0x2,%rax
    5261:	c4 e1 e2 2a c1       	vcvtsi2ss %rcx,%xmm3,%xmm0
    5266:	c4 e2 71 99 c2       	vfmadd132ss %xmm2,%xmm1,%xmm0
    526b:	83 c7 11             	add    $0x11,%edi
    526e:	89 7c 13 04          	mov    %edi,0x4(%rbx,%rdx,1)
    5272:	c4 c1 7a 11 44 13 04 	vmovss %xmm0,0x4(%r11,%rdx,1)
    5279:	4c 39 c8             	cmp    %r9,%rax
    527c:	73 21                	jae    529f <throughput()+0x3bf>
    527e:	69 c8 b1 79 37 9e    	imul   $0x9e3779b1,%eax,%ecx
    5284:	83 e0 07             	and    $0x7,%eax
    5287:	c4 e1 e2 2a c0       	vcvtsi2ss %rax,%xmm3,%xmm0
    528c:	c4 e2 71 99 c2       	vfmadd132ss %xmm2,%xmm1,%xmm0
    5291:	83 c1 11             	add    $0x11,%ecx
    5294:	89 4c 13 08          	mov    %ecx,0x8(%rbx,%rdx,1)
    5298:	c4 c1 7a 11 44 13 08 	vmovss %xmm0,0x8(%r11,%rdx,1)
    529f:	48 8b 05 fa 11 00 00 	mov    0x11fa(%rip),%rax        # 64a0 <C.1.0+0x1a0>
    52a6:	48 c7 c3 ff ff ff ff 	mov    $0xffffffffffffffff,%rbx
    52ad:	c7 85 d8 fe ff ff 05 	movl   $0x5,-0x128(%rbp)
    52b4:	00 00 00 
    52b7:	49 89 dc             	mov    %rbx,%r12
    52ba:	48 89 85 f8 fe ff ff 	mov    %rax,-0x108(%rbp)
    52c1:	41 8d 46 ff          	lea    -0x1(%r14),%eax
    52c5:	89 85 cc fe ff ff    	mov    %eax,-0x134(%rbp)
    52cb:	e8 c0 bd ff ff       	call   1090 <std::chrono::_V2::steady_clock::now()@plt>
    52d0:	48 89 85 d0 fe ff ff 	mov    %rax,-0x130(%rbp)
    52d7:	0f 31                	rdtsc
    52d9:	31 ff                	xor    %edi,%edi
    52db:	c5 fa 10 2d 25 0d 00 	vmovss 0xd25(%rip),%xmm5        # 6008 <_IO_stdin_used+0x8>
    52e2:	00 
    52e3:	c5 fa 10 35 75 10 00 	vmovss 0x1075(%rip),%xmm6        # 6360 <C.1.0+0x60>
    52ea:	00 
    52eb:	c5 e0 57 db          	vxorps %xmm3,%xmm3,%xmm3
    52ef:	48 c1 e2 20          	shl    $0x20,%rdx
    52f3:	48 89 c3             	mov    %rax,%rbx
    52f6:	48 c7 85 08 ff ff ff 	movq   $0x0,-0xf8(%rbp)
    52fd:	00 00 00 00 
    5301:	48 09 d3             	or     %rdx,%rbx
    5304:	81 bd cc fe ff ff ff 	cmpl   $0x3fffff,-0x134(%rbp)
    530b:	ff 3f 00 
    530e:	0f 87 38 02 00 00    	ja     554c <throughput()+0x66c>
    5314:	44 89 b5 c8 fe ff ff 	mov    %r14d,-0x138(%rbp)
    531b:	4c 8b 8d e8 fe ff ff 	mov    -0x118(%rbp),%r9
    5322:	44 8b b5 2c ff ff ff 	mov    -0xd4(%rbp),%r14d
    5329:	4c 89 a5 b0 fe ff ff 	mov    %r12,-0x150(%rbp)
    5330:	4c 89 ad c0 fe ff ff 	mov    %r13,-0x140(%rbp)
    5337:	4c 89 bd b8 fe ff ff 	mov    %r15,-0x148(%rbp)
    533e:	49 89 fc             	mov    %rdi,%r12
    5341:	48 89 9d a8 fe ff ff 	mov    %rbx,-0x158(%rbp)
    5348:	4c 8b 95 20 ff ff ff 	mov    -0xe0(%rbp),%r10
    534f:	48 8b 85 40 ff ff ff 	mov    -0xc0(%rbp),%rax
    5356:	48 8b 9d 08 ff ff ff 	mov    -0xf8(%rbp),%rbx
    535d:	45 89 e3             	mov    %r12d,%r11d
    5360:	c5 fa 10 25 a8 0c 00 	vmovss 0xca8(%rip),%xmm4        # 6010 <_IO_stdin_used+0x10>
    5367:	00 
    5368:	c4 a1 7a 10 14 a0    	vmovss (%rax,%r12,4),%xmm2
    536e:	48 8b 85 48 ff ff ff 	mov    -0xb8(%rbp),%rax
    5375:	42 8b 0c a0          	mov    (%rax,%r12,4),%ecx
    5379:	41 69 c4 77 ca eb 85 	imul   $0x85ebca77,%r12d,%eax
    5380:	89 8d 50 ff ff ff    	mov    %ecx,-0xb0(%rbp)
    5386:	8d 8c 01 89 6a 3f 24 	lea    0x243f6a89(%rcx,%rax,1),%ecx
    538d:	69 c1 25 b3 b8 ce    	imul   $0xceb8b325,%ecx,%eax
    5393:	89 8d 10 ff ff ff    	mov    %ecx,-0xf0(%rbp)
    5399:	44 69 e9 b1 79 37 9e 	imul   $0x9e3779b1,%ecx,%r13d
    53a0:	8d 90 e4 51 67 6b    	lea    0x6b6751e4(%rax),%edx
    53a6:	69 c1 47 3b 4a fc    	imul   $0xfc4a3b47,%ecx,%eax
    53ac:	41 81 c5 15 7c 4a 7f 	add    $0x7f4a7c15,%r13d
    53b3:	8d b0 74 a7 25 d8    	lea    -0x27da588c(%rax),%esi
    53b9:	69 c1 eb 61 58 97    	imul   $0x975861eb,%ecx,%eax
    53bf:	8d 88 11 23 14 43    	lea    0x43142311(%rax),%ecx
    53c5:	48 8b 85 30 ff ff ff 	mov    -0xd0(%rbp),%rax
    53cc:	41 89 cf             	mov    %ecx,%r15d
    53cf:	4c 89 e1             	mov    %r12,%rcx
    53d2:	41 89 f4             	mov    %esi,%r12d
    53d5:	4c 8d 04 98          	lea    (%rax,%rbx,4),%r8
    53d9:	31 db                	xor    %ebx,%ebx
    53db:	e9 dd 00 00 00       	jmp    54bd <throughput()+0x5dd>
    53e0:	8d 04 9b             	lea    (%rbx,%rbx,4),%eax
    53e3:	c5 e2 2a 85 50 ff ff 	vcvtsi2ssl -0xb0(%rbp),%xmm3,%xmm0
    53ea:	ff 
    53eb:	c5 f8 28 f8          	vmovaps %xmm0,%xmm7
    53ef:	83 e0 0f             	and    $0xf,%eax
    53f2:	c5 e2 2a c8          	vcvtsi2ss %eax,%xmm3,%xmm1
    53f6:	c4 e2 51 99 0d 05 0c 	vfmadd132ss 0xc05(%rip),%xmm5,%xmm1        # 6004 <_IO_stdin_used+0x4>
    53fd:	00 00 
    53ff:	44 89 d8             	mov    %r11d,%eax
    5402:	83 e0 0f             	and    $0xf,%eax
    5405:	83 e8 07             	sub    $0x7,%eax
    5408:	c5 e2 2a c0          	vcvtsi2ss %eax,%xmm3,%xmm0
    540c:	c4 e2 71 99 fc       	vfmadd132ss %xmm4,%xmm1,%xmm7
    5411:	c4 e2 41 99 05 f2 0b 	vfmadd132ss 0xbf2(%rip),%xmm7,%xmm0        # 600c <_IO_stdin_used+0xc>
    5418:	00 00 
    541a:	45 85 f6             	test   %r14d,%r14d
    541d:	74 71                	je     5490 <throughput()+0x5b0>
    541f:	c5 fa 10 3d f1 0b 00 	vmovss 0xbf1(%rip),%xmm7        # 6018 <_IO_stdin_used+0x18>
    5426:	00 
    5427:	c5 f2 59 0d f1 0e 00 	vmulss 0xef1(%rip),%xmm1,%xmm1        # 6320 <C.1.0+0x20>
    542e:	00 
    542f:	c4 e2 41 99 05 dc 0b 	vfmadd132ss 0xbdc(%rip),%xmm7,%xmm0        # 6014 <_IO_stdin_used+0x14>
    5436:	00 00 
    5438:	c5 fa 58 c1          	vaddss %xmm1,%xmm0,%xmm0
    543c:	41 83 fe 01          	cmp    $0x1,%r14d
    5440:	74 4e                	je     5490 <throughput()+0x5b0>
    5442:	c5 fa 10 3d d6 0b 00 	vmovss 0xbd6(%rip),%xmm7        # 6020 <_IO_stdin_used+0x20>
    5449:	00 
    544a:	c4 e2 41 99 05 c9 0b 	vfmadd132ss 0xbc9(%rip),%xmm7,%xmm0        # 601c <_IO_stdin_used+0x1c>
    5451:	00 00 
    5453:	c5 fa 58 c1          	vaddss %xmm1,%xmm0,%xmm0
    5457:	41 83 fe 02          	cmp    $0x2,%r14d
    545b:	74 33                	je     5490 <throughput()+0x5b0>
    545d:	c5 fa 10 3d c3 0b 00 	vmovss 0xbc3(%rip),%xmm7        # 6028 <_IO_stdin_used+0x28>
    5464:	00 
    5465:	c4 e2 41 99 05 b6 0b 	vfmadd132ss 0xbb6(%rip),%xmm7,%xmm0        # 6024 <_IO_stdin_used+0x24>
    546c:	00 00 
    546e:	c5 fa 58 c1          	vaddss %xmm1,%xmm0,%xmm0
    5472:	41 83 fe 04          	cmp    $0x4,%r14d
    5476:	75 18                	jne    5490 <throughput()+0x5b0>
    5478:	c5 fa 10 3d b0 0b 00 	vmovss 0xbb0(%rip),%xmm7        # 6030 <_IO_stdin_used+0x30>
    547f:	00 
    5480:	c4 e2 41 99 05 a3 0b 	vfmadd132ss 0xba3(%rip),%xmm7,%xmm0        # 602c <_IO_stdin_used+0x2c>
    5487:	00 00 
    5489:	c5 fa 58 c1          	vaddss %xmm1,%xmm0,%xmm0
    548d:	0f 1f 00             	nopl   (%rax)
    5490:	c5 ea 59 c0          	vmulss %xmm0,%xmm2,%xmm0
    5494:	81 c2 4d 41 0e 67    	add    $0x670e414d,%edx
    549a:	41 81 ed 86 64 5e 0f 	sub    $0xf5e6486,%r13d
    54a1:	41 81 ec 99 0e de 6e 	sub    $0x6ede0e99,%r12d
    54a8:	41 81 c7 f8 eb 6a 62 	add    $0x626aebf8,%r15d
    54af:	c4 c1 7a 11 04 98    	vmovss %xmm0,(%r8,%rbx,4)
    54b5:	48 ff c3             	inc    %rbx
    54b8:	49 39 d9             	cmp    %rbx,%r9
    54bb:	74 4f                	je     550c <throughput()+0x62c>
    54bd:	49 83 fa 03          	cmp    $0x3,%r10
    54c1:	0f 84 19 ff ff ff    	je     53e0 <throughput()+0x500>
    54c7:	4d 85 d2             	test   %r10,%r10
    54ca:	0f 84 71 05 00 00    	je     5a41 <throughput()+0xb61>
    54d0:	45 85 f6             	test   %r14d,%r14d
    54d3:	0f 84 90 05 00 00    	je     5a69 <throughput()+0xb89>
    54d9:	44 89 e8             	mov    %r13d,%eax
    54dc:	49 83 fa 02          	cmp    $0x2,%r10
    54e0:	0f 84 ea 04 00 00    	je     59d0 <throughput()+0xaf0>
    54e6:	41 83 fe 01          	cmp    $0x1,%r14d
    54ea:	74 13                	je     54ff <throughput()+0x61f>
    54ec:	44 89 e0             	mov    %r12d,%eax
    54ef:	41 83 fe 02          	cmp    $0x2,%r14d
    54f3:	74 0a                	je     54ff <throughput()+0x61f>
    54f5:	41 83 fe 04          	cmp    $0x4,%r14d
    54f9:	89 d0                	mov    %edx,%eax
    54fb:	41 0f 45 c7          	cmovne %r15d,%eax
    54ff:	c1 f8 10             	sar    $0x10,%eax
    5502:	c5 e2 2a c0          	vcvtsi2ss %eax,%xmm3,%xmm0
    5506:	c5 fa 59 c6          	vmulss %xmm6,%xmm0,%xmm0
    550a:	eb 84                	jmp    5490 <throughput()+0x5b0>
    550c:	48 8b 85 38 ff ff ff 	mov    -0xc8(%rbp),%rax
    5513:	49 89 cc             	mov    %rcx,%r12
    5516:	4c 01 8d 08 ff ff ff 	add    %r9,-0xf8(%rbp)
    551d:	49 ff c4             	inc    %r12
    5520:	49 39 c4             	cmp    %rax,%r12
    5523:	0f 82 26 fe ff ff    	jb     534f <throughput()+0x46f>
    5529:	44 8b b5 c8 fe ff ff 	mov    -0x138(%rbp),%r14d
    5530:	4c 8b ad c0 fe ff ff 	mov    -0x140(%rbp),%r13
    5537:	4c 8b bd b8 fe ff ff 	mov    -0x148(%rbp),%r15
    553e:	4c 8b a5 b0 fe ff ff 	mov    -0x150(%rbp),%r12
    5545:	48 8b 9d a8 fe ff ff 	mov    -0x158(%rbp),%rbx
    554c:	0f 31                	rdtsc
    554e:	48 c1 e2 20          	shl    $0x20,%rdx
    5552:	48 89 c1             	mov    %rax,%rcx
    5555:	48 09 d1             	or     %rdx,%rcx
    5558:	48 89 8d 50 ff ff ff 	mov    %rcx,-0xb0(%rbp)
    555f:	e8 2c bb ff ff       	call   1090 <std::chrono::_V2::steady_clock::now()@plt>
    5564:	48 8b 8d d0 fe ff ff 	mov    -0x130(%rbp),%rcx
    556b:	c5 e0 57 db          	vxorps %xmm3,%xmm3,%xmm3
    556f:	c5 fb 10 ad f8 fe ff 	vmovsd -0x108(%rbp),%xmm5
    5576:	ff 
    5577:	48 29 c8             	sub    %rcx,%rax
    557a:	48 8b 8d 50 ff ff ff 	mov    -0xb0(%rbp),%rcx
    5581:	c4 e1 e3 2a c0       	vcvtsi2sd %rax,%xmm3,%xmm0
    5586:	c5 fb 5e 05 12 0f 00 	vdivsd 0xf12(%rip),%xmm0,%xmm0        # 64a0 <C.1.0+0x1a0>
    558d:	00 
    558e:	c5 f9 2f e8          	vcomisd %xmm0,%xmm5
    5592:	76 0e                	jbe    55a2 <throughput()+0x6c2>
    5594:	48 29 d9             	sub    %rbx,%rcx
    5597:	c5 fb 11 85 f8 fe ff 	vmovsd %xmm0,-0x108(%rbp)
    559e:	ff 
    559f:	49 89 cc             	mov    %rcx,%r12
    55a2:	ff 8d d8 fe ff ff    	decl   -0x128(%rbp)
    55a8:	0f 85 1d fd ff ff    	jne    52cb <throughput()+0x3eb>
    55ae:	c5 fb 10 0d ea 0e 00 	vmovsd 0xeea(%rip),%xmm1        # 64a0 <C.1.0+0x1a0>
    55b5:	00 
    55b6:	48 8b 85 f8 fe ff ff 	mov    -0x108(%rbp),%rax
    55bd:	48 c7 c3 ff ff ff ff 	mov    $0xffffffffffffffff,%rbx
    55c4:	41 bb 05 00 00 00    	mov    $0x5,%r11d
    55ca:	4c 89 bd 08 ff ff ff 	mov    %r15,-0xf8(%rbp)
    55d1:	4c 89 a5 58 ff ff ff 	mov    %r12,-0xa8(%rbp)
    55d8:	49 89 df             	mov    %rbx,%r15
    55db:	4c 89 eb             	mov    %r13,%rbx
    55de:	45 89 dd             	mov    %r11d,%r13d
    55e1:	48 89 85 50 ff ff ff 	mov    %rax,-0xb0(%rbp)
    55e8:	c5 fb 11 8d d8 fe ff 	vmovsd %xmm1,-0x128(%rbp)
    55ef:	ff 
    55f0:	e8 9b ba ff ff       	call   1090 <std::chrono::_V2::steady_clock::now()@plt>
    55f5:	48 89 85 10 ff ff ff 	mov    %rax,-0xf0(%rbp)
    55fc:	0f 31                	rdtsc
    55fe:	4c 8b 85 38 ff ff ff 	mov    -0xc8(%rbp),%r8
    5605:	48 8b 8d 40 ff ff ff 	mov    -0xc0(%rbp),%rcx
    560c:	8b b5 2c ff ff ff    	mov    -0xd4(%rbp),%esi
    5612:	8b bd 28 ff ff ff    	mov    -0xd8(%rbp),%edi
    5618:	49 89 c4             	mov    %rax,%r12
    561b:	48 c1 e2 20          	shl    $0x20,%rdx
    561f:	48 83 ec 08          	sub    $0x8,%rsp
    5623:	ff b5 30 ff ff ff    	push   -0xd0(%rbp)
    5629:	49 09 d4             	or     %rdx,%r12
    562c:	48 8b 95 48 ff ff ff 	mov    -0xb8(%rbp),%rdx
    5633:	45 89 f1             	mov    %r14d,%r9d
    5636:	e8 35 c4 ff ff       	call   1a70 <generate_avx2_basic(Family, int, unsigned int const*, float const*, unsigned long, int, float*)>
    563b:	0f 31                	rdtsc
    563d:	48 c1 e2 20          	shl    $0x20,%rdx
    5641:	48 89 c1             	mov    %rax,%rcx
    5644:	48 09 d1             	or     %rdx,%rcx
    5647:	48 89 8d e8 fe ff ff 	mov    %rcx,-0x118(%rbp)
    564e:	e8 3d ba ff ff       	call   1090 <std::chrono::_V2::steady_clock::now()@plt>
    5653:	48 8b 8d 10 ff ff ff 	mov    -0xf0(%rbp),%rcx
    565a:	c5 e0 57 db          	vxorps %xmm3,%xmm3,%xmm3
    565e:	c5 fb 10 8d d8 fe ff 	vmovsd -0x128(%rbp),%xmm1
    5665:	ff 
    5666:	48 29 c8             	sub    %rcx,%rax
    5669:	59                   	pop    %rcx
    566a:	5e                   	pop    %rsi
    566b:	c4 e1 e3 2a c0       	vcvtsi2sd %rax,%xmm3,%xmm0
    5670:	c5 fb 5e 05 28 0e 00 	vdivsd 0xe28(%rip),%xmm0,%xmm0        # 64a0 <C.1.0+0x1a0>
    5677:	00 
    5678:	c5 f9 2f c8          	vcomisd %xmm0,%xmm1
    567c:	76 11                	jbe    568f <throughput()+0x7af>
    567e:	48 8b 8d e8 fe ff ff 	mov    -0x118(%rbp),%rcx
    5685:	c5 f9 28 c8          	vmovapd %xmm0,%xmm1
    5689:	4c 29 e1             	sub    %r12,%rcx
    568c:	49 89 cf             	mov    %rcx,%r15
    568f:	41 ff cd             	dec    %r13d
    5692:	0f 85 50 ff ff ff    	jne    55e8 <throughput()+0x708>
    5698:	c5 f9 d6 8d 10 ff ff 	vmovq  %xmm1,-0xf0(%rbp)
    569f:	ff 
    56a0:	c5 fb 10 0d f8 0d 00 	vmovsd 0xdf8(%rip),%xmm1        # 64a0 <C.1.0+0x1a0>
    56a7:	00 
    56a8:	49 89 dd             	mov    %rbx,%r13
    56ab:	4c 89 fb             	mov    %r15,%rbx
    56ae:	4c 8b bd 08 ff ff ff 	mov    -0xf8(%rbp),%r15
    56b5:	48 89 9d 18 ff ff ff 	mov    %rbx,-0xe8(%rbp)
    56bc:	41 bb 05 00 00 00    	mov    $0x5,%r11d
    56c2:	48 c7 c3 ff ff ff ff 	mov    $0xffffffffffffffff,%rbx
    56c9:	4c 89 bd e8 fe ff ff 	mov    %r15,-0x118(%rbp)
    56d0:	49 89 df             	mov    %rbx,%r15
    56d3:	4c 89 eb             	mov    %r13,%rbx
    56d6:	45 89 dd             	mov    %r11d,%r13d
    56d9:	c5 fb 11 8d d0 fe ff 	vmovsd %xmm1,-0x130(%rbp)
    56e0:	ff 
    56e1:	e8 aa b9 ff ff       	call   1090 <std::chrono::_V2::steady_clock::now()@plt>
    56e6:	48 89 85 08 ff ff ff 	mov    %rax,-0xf8(%rbp)
    56ed:	0f 31                	rdtsc
    56ef:	4c 8b 85 38 ff ff ff 	mov    -0xc8(%rbp),%r8
    56f6:	48 8b 8d 40 ff ff ff 	mov    -0xc0(%rbp),%rcx
    56fd:	8b b5 2c ff ff ff    	mov    -0xd4(%rbp),%esi
    5703:	8b bd 28 ff ff ff    	mov    -0xd8(%rbp),%edi
    5709:	49 89 c4             	mov    %rax,%r12
    570c:	48 c1 e2 20          	shl    $0x20,%rdx
    5710:	48 83 ec 08          	sub    $0x8,%rsp
    5714:	ff b5 30 ff ff ff    	push   -0xd0(%rbp)
    571a:	49 09 d4             	or     %rdx,%r12
    571d:	48 8b 95 48 ff ff ff 	mov    -0xb8(%rbp),%rdx
    5724:	45 89 f1             	mov    %r14d,%r9d
    5727:	e8 34 e5 ff ff       	call   3c60 <generate_avx2_unrolled4(Family, int, unsigned int const*, float const*, unsigned long, int, float*)>
    572c:	0f 31                	rdtsc
    572e:	48 c1 e2 20          	shl    $0x20,%rdx
    5732:	48 89 c1             	mov    %rax,%rcx
    5735:	48 09 d1             	or     %rdx,%rcx
    5738:	48 89 8d d8 fe ff ff 	mov    %rcx,-0x128(%rbp)
    573f:	e8 4c b9 ff ff       	call   1090 <std::chrono::_V2::steady_clock::now()@plt>
    5744:	48 8b 8d 08 ff ff ff 	mov    -0xf8(%rbp),%rcx
    574b:	c5 e0 57 db          	vxorps %xmm3,%xmm3,%xmm3
    574f:	c5 fb 10 8d d0 fe ff 	vmovsd -0x130(%rbp),%xmm1
    5756:	ff 
    5757:	48 29 c8             	sub    %rcx,%rax
    575a:	c4 e1 e3 2a c0       	vcvtsi2sd %rax,%xmm3,%xmm0
    575f:	c5 fb 5e 05 39 0d 00 	vdivsd 0xd39(%rip),%xmm0,%xmm0        # 64a0 <C.1.0+0x1a0>
    5766:	00 
    5767:	58                   	pop    %rax
    5768:	5a                   	pop    %rdx
    5769:	c5 f9 2f c8          	vcomisd %xmm0,%xmm1
    576d:	76 11                	jbe    5780 <throughput()+0x8a0>
    576f:	48 8b 8d d8 fe ff ff 	mov    -0x128(%rbp),%rcx
    5776:	c5 f9 28 c8          	vmovapd %xmm0,%xmm1
    577a:	4c 29 e1             	sub    %r12,%rcx
    577d:	49 89 cf             	mov    %rcx,%r15
    5780:	41 ff cd             	dec    %r13d
    5783:	0f 85 50 ff ff ff    	jne    56d9 <throughput()+0x7f9>
    5789:	48 8b b5 30 ff ff ff 	mov    -0xd0(%rbp),%rsi
    5790:	49 89 dd             	mov    %rbx,%r13
    5793:	4c 89 fb             	mov    %r15,%rbx
    5796:	4c 8b bd e8 fe ff ff 	mov    -0x118(%rbp),%r15
    579d:	c4 e1 f9 7e c9       	vmovq  %xmm1,%rcx
    57a2:	48 89 f0             	mov    %rsi,%rax
    57a5:	48 8d 96 00 00 00 01 	lea    0x1000000(%rsi),%rdx
    57ac:	c5 fa 10 85 6c ff ff 	vmovss -0x94(%rbp),%xmm0
    57b3:	ff 
    57b4:	48 05 00 40 00 00    	add    $0x4000,%rax
    57ba:	c5 fa 58 80 00 c0 ff 	vaddss -0x4000(%rax),%xmm0,%xmm0
    57c1:	ff 
    57c2:	c5 fa 11 85 6c ff ff 	vmovss %xmm0,-0x94(%rbp)
    57c9:	ff 
    57ca:	48 39 d0             	cmp    %rdx,%rax
    57cd:	75 dd                	jne    57ac <throughput()+0x8cc>
    57cf:	c5 f9 6f b5 50 ff ff 	vmovdqa -0xb0(%rbp),%xmm6
    57d6:	ff 
    57d7:	48 8d 05 87 0a 00 00 	lea    0xa87(%rip),%rax        # 6265 <_IO_stdin_used+0x265>
    57de:	48 89 4d c0          	mov    %rcx,-0x40(%rbp)
    57e2:	48 89 5d c8          	mov    %rbx,-0x38(%rbp)
    57e6:	c7 85 78 ff ff ff 04 	movl   $0x4,-0x88(%rbp)
    57ed:	00 00 00 
    57f0:	31 db                	xor    %ebx,%ebx
    57f2:	4c 8d 65 a0          	lea    -0x60(%rbp),%r12
    57f6:	4c 8d 55 a8          	lea    -0x58(%rbp),%r10
    57fa:	48 8b 8d 20 ff ff ff 	mov    -0xe0(%rbp),%rcx
    5801:	4c 8d 9d 70 ff ff ff 	lea    -0x90(%rbp),%r11
    5808:	c5 f9 6f ad 10 ff ff 	vmovdqa -0xf0(%rbp),%xmm5
    580f:	ff 
    5810:	c5 f9 7f 75 a0       	vmovdqa %xmm6,-0x60(%rbp)
    5815:	c5 fa 7e 35 83 25 00 	vmovq  0x2583(%rip),%xmm6        # 7da0 <NAMES+0x20>
    581c:	00 
    581d:	c5 f9 7f 6d b0       	vmovdqa %xmm5,-0x50(%rbp)
    5822:	c4 e3 c9 22 c0 01    	vpinsrq $0x1,%rax,%xmm6,%xmm0
    5828:	48 8d 05 41 0a 00 00 	lea    0xa41(%rip),%rax        # 6270 <_IO_stdin_used+0x270>
    582f:	48 89 45 90          	mov    %rax,-0x70(%rbp)
    5833:	48 8b 05 6e 0c 00 00 	mov    0xc6e(%rip),%rax        # 64a8 <C.1.0+0x1a8>
    583a:	c5 f9 7f 45 80       	vmovdqa %xmm0,-0x80(%rbp)
    583f:	48 89 85 70 ff ff ff 	mov    %rax,-0x90(%rbp)
    5846:	48 8d 05 33 25 00 00 	lea    0x2533(%rip),%rax        # 7d80 <NAMES>
    584d:	48 8b 04 c8          	mov    (%rax,%rcx,8),%rax
    5851:	48 89 85 50 ff ff ff 	mov    %rax,-0xb0(%rbp)
    5858:	48 8d 45 80          	lea    -0x80(%rbp),%rax
    585c:	48 89 85 38 ff ff ff 	mov    %rax,-0xc8(%rbp)
    5863:	48 89 d8             	mov    %rbx,%rax
    5866:	c5 fb 10 ad f8 fe ff 	vmovsd -0x108(%rbp),%xmm5
    586d:	ff 
    586e:	48 c1 e0 04          	shl    $0x4,%rax
    5872:	c5 fb 10 35 36 0c 00 	vmovsd 0xc36(%rip),%xmm6        # 64b0 <C.1.0+0x1b0>
    5879:	00 
    587a:	c4 c1 7b 10 04 04    	vmovsd (%r12,%rax,1),%xmm0
    5880:	49 8b 04 02          	mov    (%r10,%rax,1),%rax
    5884:	c5 d3 5e d0          	vdivsd %xmm0,%xmm5,%xmm2
    5888:	c5 cb 5e c0          	vdivsd %xmm0,%xmm6,%xmm0
    588c:	c5 fb 5e 0d 0c 0c 00 	vdivsd 0xc0c(%rip),%xmm0,%xmm1        # 64a0 <C.1.0+0x1a0>
    5893:	00 
    5894:	48 85 c0             	test   %rax,%rax
    5897:	0f 88 16 04 00 00    	js     5cb3 <throughput()+0xdd3>
    589d:	c4 e1 e3 2a c0       	vcvtsi2sd %rax,%xmm3,%xmm0
    58a2:	c5 fb 59 05 0e 0c 00 	vmulsd 0xc0e(%rip),%xmm0,%xmm0        # 64b8 <C.1.0+0x1b8>
    58a9:	00 
    58aa:	48 8b 85 38 ff ff ff 	mov    -0xc8(%rbp),%rax
    58b1:	44 89 f1             	mov    %r14d,%ecx
    58b4:	48 8d 3d 75 08 00 00 	lea    0x875(%rip),%rdi        # 6130 <_IO_stdin_used+0x130>
    58bb:	45 8b 0c 9b          	mov    (%r11,%rbx,4),%r9d
    58bf:	8b 95 2c ff ff ff    	mov    -0xd4(%rbp),%edx
    58c5:	4c 89 95 08 ff ff ff 	mov    %r10,-0xf8(%rbp)
    58cc:	4c 89 9d 10 ff ff ff 	mov    %r11,-0xf0(%rbp)
    58d3:	48 8b b5 50 ff ff ff 	mov    -0xb0(%rbp),%rsi
    58da:	4c 8b 04 d8          	mov    (%rax,%rbx,8),%r8
    58de:	b8 03 00 00 00       	mov    $0x3,%eax
    58e3:	e8 48 b7 ff ff       	call   1030 <printf@plt>
    58e8:	48 ff c3             	inc    %rbx
    58eb:	4c 8b 9d 10 ff ff ff 	mov    -0xf0(%rbp),%r11
    58f2:	4c 8b 95 08 ff ff ff 	mov    -0xf8(%rbp),%r10
    58f9:	c5 e0 57 db          	vxorps %xmm3,%xmm3,%xmm3
    58fd:	48 83 fb 03          	cmp    $0x3,%rbx
    5901:	0f 85 5c ff ff ff    	jne    5863 <throughput()+0x983>
    5907:	48 8b bd 30 ff ff ff 	mov    -0xd0(%rbp),%rdi
    590e:	be 00 00 00 01       	mov    $0x1000000,%esi
    5913:	e8 68 b7 ff ff       	call   1080 <operator delete(void*, unsigned long)@plt>
    5918:	48 8b bd 40 ff ff ff 	mov    -0xc0(%rbp),%rdi
    591f:	48 85 ff             	test   %rdi,%rdi
    5922:	74 0c                	je     5930 <throughput()+0xa50>
    5924:	48 8b b5 00 ff ff ff 	mov    -0x100(%rbp),%rsi
    592b:	e8 50 b7 ff ff       	call   1080 <operator delete(void*, unsigned long)@plt>
    5930:	48 8b bd 48 ff ff ff 	mov    -0xb8(%rbp),%rdi
    5937:	48 85 ff             	test   %rdi,%rdi
    593a:	0f 84 8d 03 00 00    	je     5ccd <throughput()+0xded>
    5940:	4c 89 fe             	mov    %r15,%rsi
    5943:	49 83 c5 04          	add    $0x4,%r13
    5947:	e8 34 b7 ff ff       	call   1080 <operator delete(void*, unsigned long)@plt>
    594c:	48 8d 05 bd 09 00 00 	lea    0x9bd(%rip),%rax        # 6310 <C.1.0+0x10>
    5953:	4c 39 e8             	cmp    %r13,%rax
    5956:	0f 85 f3 f5 ff ff    	jne    4f4f <throughput()+0x6f>
    595c:	ff 85 2c ff ff ff    	incl   -0xd4(%rbp)
    5962:	48 81 85 f0 fe ff ff 	addq   $0x100,-0x110(%rbp)
    5969:	00 01 00 00 
    596d:	8b 85 2c ff ff ff    	mov    -0xd4(%rbp),%eax
    5973:	83 f8 05             	cmp    $0x5,%eax
    5976:	0f 85 cc f5 ff ff    	jne    4f48 <throughput()+0x68>
    597c:	48 ff 85 20 ff ff ff 	incq   -0xe0(%rbp)
    5983:	48 8b 85 20 ff ff ff 	mov    -0xe0(%rbp),%rax
    598a:	48 83 f8 04          	cmp    $0x4,%rax
    598e:	0f 85 90 f5 ff ff    	jne    4f24 <throughput()+0x44>
    5994:	c5 fa 10 85 6c ff ff 	vmovss -0x94(%rbp),%xmm0
    599b:	ff 
    599c:	31 c0                	xor    %eax,%eax
    599e:	ba 00 00 00 00       	mov    $0x0,%edx
    59a3:	c5 f8 2e 05 9d 06 00 	vucomiss 0x69d(%rip),%xmm0        # 6048 <_IO_stdin_used+0x48>
    59aa:	00 
    59ab:	0f 9b c0             	setnp  %al
    59ae:	0f 45 c2             	cmovne %edx,%eax
    59b1:	48 8d 65 d0          	lea    -0x30(%rbp),%rsp
    59b5:	5b                   	pop    %rbx
    59b6:	41 5a                	pop    %r10
    59b8:	41 5c                	pop    %r12
    59ba:	41 5d                	pop    %r13
    59bc:	41 5e                	pop    %r14
    59be:	41 5f                	pop    %r15
    59c0:	5d                   	pop    %rbp
    59c1:	49 8d 62 f8          	lea    -0x8(%r10),%rsp
    59c5:	c3                   	ret
    59c6:	66 2e 0f 1f 84 00 00 	cs nopw 0x0(%rax,%rax,1)
    59cd:	00 00 00 
    59d0:	c1 e8 07             	shr    $0x7,%eax
    59d3:	44 31 e8             	xor    %r13d,%eax
    59d6:	41 83 fe 01          	cmp    $0x1,%r14d
    59da:	0f 84 b2 02 00 00    	je     5c92 <throughput()+0xdb2>
    59e0:	69 f8 ed d3 a8 5c    	imul   $0x5ca8d3ed,%eax,%edi
    59e6:	8d 43 01             	lea    0x1(%rbx),%eax
    59e9:	69 f0 b1 67 56 16    	imul   $0x165667b1,%eax,%esi
    59ef:	01 fe                	add    %edi,%esi
    59f1:	89 f7                	mov    %esi,%edi
    59f3:	c1 ef 0b             	shr    $0xb,%edi
    59f6:	31 fe                	xor    %edi,%esi
    59f8:	41 83 fe 02          	cmp    $0x2,%r14d
    59fc:	0f 84 9b 02 00 00    	je     5c9d <throughput()+0xdbd>
    5a02:	69 f8 6d 64 a2 d3    	imul   $0xd3a2646d,%eax,%edi
    5a08:	69 f6 93 f7 24 75    	imul   $0x7524f793,%esi,%esi
    5a0e:	01 fe                	add    %edi,%esi
    5a10:	89 f7                	mov    %esi,%edi
    5a12:	c1 ef 09             	shr    $0x9,%edi
    5a15:	31 f7                	xor    %esi,%edi
    5a17:	41 83 fe 04          	cmp    $0x4,%r14d
    5a1b:	0f 85 87 02 00 00    	jne    5ca8 <throughput()+0xdc8>
    5a21:	69 f7 43 12 43 4a    	imul   $0x4a431243,%edi,%esi
    5a27:	69 c0 c5 46 70 fd    	imul   $0xfd7046c5,%eax,%eax
    5a2d:	01 f0                	add    %esi,%eax
    5a2f:	89 c6                	mov    %eax,%esi
    5a31:	c1 ee 0d             	shr    $0xd,%esi
    5a34:	31 f0                	xor    %esi,%eax
    5a36:	69 c0 8b a6 6c 84    	imul   $0x846ca68b,%eax,%eax
    5a3c:	e9 be fa ff ff       	jmp    54ff <throughput()+0x61f>
    5a41:	0f b6 05 58 26 00 00 	movzbl 0x2658(%rip),%eax        # 80a0 <guard variable for jump_tables()::tables>
    5a48:	84 c0                	test   %al,%al
    5a4a:	74 30                	je     5a7c <throughput()+0xb9c>
    5a4c:	48 8b b5 f0 fe ff ff 	mov    -0x110(%rbp),%rsi
    5a53:	8b 85 10 ff ff ff    	mov    -0xf0(%rbp),%eax
    5a59:	0f af 04 9e          	imul   (%rsi,%rbx,4),%eax
    5a5d:	03 84 9e 00 05 00 00 	add    0x500(%rsi,%rbx,4),%eax
    5a64:	e9 96 fa ff ff       	jmp    54ff <throughput()+0x61f>
    5a69:	8b b5 10 ff ff ff    	mov    -0xf0(%rbp),%esi
    5a6f:	69 c3 f5 79 2b 6d    	imul   $0x6d2b79f5,%ebx,%eax
    5a75:	01 f0                	add    %esi,%eax
    5a77:	e9 83 fa ff ff       	jmp    54ff <throughput()+0x61f>
    5a7c:	48 8d 3d 1d 26 00 00 	lea    0x261d(%rip),%rdi        # 80a0 <guard variable for jump_tables()::tables>
    5a83:	44 89 9d 70 fe ff ff 	mov    %r11d,-0x190(%rbp)
    5a8a:	48 89 8d 78 fe ff ff 	mov    %rcx,-0x188(%rbp)
    5a91:	4c 89 95 80 fe ff ff 	mov    %r10,-0x180(%rbp)
    5a98:	4c 89 85 88 fe ff ff 	mov    %r8,-0x178(%rbp)
    5a9f:	89 95 90 fe ff ff    	mov    %edx,-0x170(%rbp)
    5aa5:	4c 89 8d 98 fe ff ff 	mov    %r9,-0x168(%rbp)
    5aac:	c5 fa 11 95 a0 fe ff 	vmovss %xmm2,-0x160(%rbp)
    5ab3:	ff 
    5ab4:	e8 27 b6 ff ff       	call   10e0 <__cxa_guard_acquire@plt>
    5ab9:	c5 e0 57 db          	vxorps %xmm3,%xmm3,%xmm3
    5abd:	85 c0                	test   %eax,%eax
    5abf:	c5 fa 10 95 a0 fe ff 	vmovss -0x160(%rbp),%xmm2
    5ac6:	ff 
    5ac7:	c5 fa 10 2d 39 05 00 	vmovss 0x539(%rip),%xmm5        # 6008 <_IO_stdin_used+0x8>
    5ace:	00 
    5acf:	c5 fa 10 25 39 05 00 	vmovss 0x539(%rip),%xmm4        # 6010 <_IO_stdin_used+0x10>
    5ad6:	00 
    5ad7:	c5 fa 10 35 81 08 00 	vmovss 0x881(%rip),%xmm6        # 6360 <C.1.0+0x60>
    5ade:	00 
    5adf:	4c 8b 8d 98 fe ff ff 	mov    -0x168(%rbp),%r9
    5ae6:	8b 95 90 fe ff ff    	mov    -0x170(%rbp),%edx
    5aec:	4c 8b 85 88 fe ff ff 	mov    -0x178(%rbp),%r8
    5af3:	4c 8b 95 80 fe ff ff 	mov    -0x180(%rbp),%r10
    5afa:	48 8b 8d 78 fe ff ff 	mov    -0x188(%rbp),%rcx
    5b01:	44 8b 9d 70 fe ff ff 	mov    -0x190(%rbp),%r11d
    5b08:	0f 84 3e ff ff ff    	je     5a4c <throughput()+0xb6c>
    5b0e:	48 8d 05 ab 2a 00 00 	lea    0x2aab(%rip),%rax        # 85c0 <jump_tables()::tables+0x500>
    5b15:	be 41 00 00 00       	mov    $0x41,%esi
    5b1a:	4c 89 8d a0 fe ff ff 	mov    %r9,-0x160(%rbp)
    5b21:	44 89 b5 98 fe ff ff 	mov    %r14d,-0x168(%rbp)
    5b28:	44 89 a5 80 fe ff ff 	mov    %r12d,-0x180(%rbp)
    5b2f:	44 8d 66 c0          	lea    -0x40(%rsi),%r12d
    5b33:	49 89 c6             	mov    %rax,%r14
    5b36:	4c 89 95 78 fe ff ff 	mov    %r10,-0x188(%rbp)
    5b3d:	48 89 85 70 fe ff ff 	mov    %rax,-0x190(%rbp)
    5b44:	66 66 2e 0f 1f 84 00 	data16 cs nopw 0x0(%rax,%rax,1)
    5b4b:	00 00 00 00 
    5b4f:	90                   	nop
    5b50:	44 89 e2             	mov    %r12d,%edx
    5b53:	41 b9 01 00 00 00    	mov    $0x1,%r9d
    5b59:	bf 15 7c 4a 7f       	mov    $0x7f4a7c15,%edi
    5b5e:	45 31 c0             	xor    %r8d,%r8d
    5b61:	b8 b1 79 37 9e       	mov    $0x9e3779b1,%eax
    5b66:	66 66 2e 0f 1f 84 00 	data16 cs nopw 0x0(%rax,%rax,1)
    5b6d:	00 00 00 00 
    5b71:	66 66 2e 0f 1f 84 00 	data16 cs nopw 0x0(%rax,%rax,1)
    5b78:	00 00 00 00 
    5b7c:	0f 1f 40 00          	nopl   0x0(%rax)
    5b80:	f6 c2 01             	test   $0x1,%dl
    5b83:	0f 84 f7 00 00 00    	je     5c80 <throughput()+0xda0>
    5b89:	44 0f af c0          	imul   %eax,%r8d
    5b8d:	44 8d 50 01          	lea    0x1(%rax),%r10d
    5b91:	44 0f af c8          	imul   %eax,%r9d
    5b95:	0f af c0             	imul   %eax,%eax
    5b98:	41 01 f8             	add    %edi,%r8d
    5b9b:	41 0f af fa          	imul   %r10d,%edi
    5b9f:	d1 ea                	shr    $1,%edx
    5ba1:	75 dd                	jne    5b80 <throughput()+0xca0>
    5ba3:	41 ff c4             	inc    %r12d
    5ba6:	45 89 8e 00 fb ff ff 	mov    %r9d,-0x500(%r14)
    5bad:	45 89 06             	mov    %r8d,(%r14)
    5bb0:	49 83 c6 04          	add    $0x4,%r14
    5bb4:	41 39 f4             	cmp    %esi,%r12d
    5bb7:	75 97                	jne    5b50 <throughput()+0xc70>
    5bb9:	48 8b 85 70 fe ff ff 	mov    -0x190(%rbp),%rax
    5bc0:	4c 8b 95 78 fe ff ff 	mov    -0x188(%rbp),%r10
    5bc7:	41 8d 74 24 01       	lea    0x1(%r12),%esi
    5bcc:	48 05 00 01 00 00    	add    $0x100,%rax
    5bd2:	41 83 fc 45          	cmp    $0x45,%r12d
    5bd6:	0f 85 53 ff ff ff    	jne    5b2f <throughput()+0xc4f>
    5bdc:	4c 8b 8d a0 fe ff ff 	mov    -0x160(%rbp),%r9
    5be3:	8b 95 90 fe ff ff    	mov    -0x170(%rbp),%edx
    5be9:	48 8d 3d b0 24 00 00 	lea    0x24b0(%rip),%rdi        # 80a0 <guard variable for jump_tables()::tables>
    5bf0:	c5 fa 11 95 6c fe ff 	vmovss %xmm2,-0x194(%rbp)
    5bf7:	ff 
    5bf8:	44 8b b5 98 fe ff ff 	mov    -0x168(%rbp),%r14d
    5bff:	4c 89 95 90 fe ff ff 	mov    %r10,-0x170(%rbp)
    5c06:	48 89 8d 98 fe ff ff 	mov    %rcx,-0x168(%rbp)
    5c0d:	44 89 9d a0 fe ff ff 	mov    %r11d,-0x160(%rbp)
    5c14:	44 8b a5 80 fe ff ff 	mov    -0x180(%rbp),%r12d
    5c1b:	4c 89 8d 70 fe ff ff 	mov    %r9,-0x190(%rbp)
    5c22:	89 95 78 fe ff ff    	mov    %edx,-0x188(%rbp)
    5c28:	e8 23 b4 ff ff       	call   1050 <__cxa_guard_release@plt>
    5c2d:	c5 fa 10 35 2b 07 00 	vmovss 0x72b(%rip),%xmm6        # 6360 <C.1.0+0x60>
    5c34:	00 
    5c35:	c5 e0 57 db          	vxorps %xmm3,%xmm3,%xmm3
    5c39:	c5 fa 10 25 cf 03 00 	vmovss 0x3cf(%rip),%xmm4        # 6010 <_IO_stdin_used+0x10>
    5c40:	00 
    5c41:	c5 fa 10 2d bf 03 00 	vmovss 0x3bf(%rip),%xmm5        # 6008 <_IO_stdin_used+0x8>
    5c48:	00 
    5c49:	c5 fa 10 95 6c fe ff 	vmovss -0x194(%rbp),%xmm2
    5c50:	ff 
    5c51:	4c 8b 8d 70 fe ff ff 	mov    -0x190(%rbp),%r9
    5c58:	8b 95 78 fe ff ff    	mov    -0x188(%rbp),%edx
    5c5e:	4c 8b 85 88 fe ff ff 	mov    -0x178(%rbp),%r8
    5c65:	4c 8b 95 90 fe ff ff 	mov    -0x170(%rbp),%r10
    5c6c:	48 8b 8d 98 fe ff ff 	mov    -0x168(%rbp),%rcx
    5c73:	44 8b 9d a0 fe ff ff 	mov    -0x160(%rbp),%r11d
    5c7a:	e9 cd fd ff ff       	jmp    5a4c <throughput()+0xb6c>
    5c7f:	90                   	nop
    5c80:	44 8d 50 01          	lea    0x1(%rax),%r10d
    5c84:	0f af c0             	imul   %eax,%eax
    5c87:	d1 ea                	shr    $1,%edx
    5c89:	41 0f af fa          	imul   %r10d,%edi
    5c8d:	e9 ee fe ff ff       	jmp    5b80 <throughput()+0xca0>
    5c92:	69 c0 bb 49 d0 94    	imul   $0x94d049bb,%eax,%eax
    5c98:	e9 62 f8 ff ff       	jmp    54ff <throughput()+0x61f>
    5c9d:	69 c6 0f ea 9d 36    	imul   $0x369dea0f,%esi,%eax
    5ca3:	e9 57 f8 ff ff       	jmp    54ff <throughput()+0x61f>
    5ca8:	69 c7 2d 35 eb 7f    	imul   $0x7feb352d,%edi,%eax
    5cae:	e9 4c f8 ff ff       	jmp    54ff <throughput()+0x61f>
    5cb3:	48 89 c2             	mov    %rax,%rdx
    5cb6:	83 e0 01             	and    $0x1,%eax
    5cb9:	48 d1 ea             	shr    $1,%rdx
    5cbc:	48 09 c2             	or     %rax,%rdx
    5cbf:	c4 e1 e3 2a c2       	vcvtsi2sd %rdx,%xmm3,%xmm0
    5cc4:	c5 fb 58 c0          	vaddsd %xmm0,%xmm0,%xmm0
    5cc8:	e9 d5 fb ff ff       	jmp    58a2 <throughput()+0x9c2>
    5ccd:	49 83 c5 04          	add    $0x4,%r13
    5cd1:	48 8d 05 38 06 00 00 	lea    0x638(%rip),%rax        # 6310 <C.1.0+0x10>
    5cd8:	49 39 c5             	cmp    %rax,%r13
    5cdb:	0f 85 6e f2 ff ff    	jne    4f4f <throughput()+0x6f>
    5ce1:	e9 76 fc ff ff       	jmp    595c <throughput()+0xa7c>
    5ce6:	48 c7 85 00 ff ff ff 	movq   $0x0,-0x100(%rbp)
    5ced:	00 00 00 00 
    5cf1:	45 31 ff             	xor    %r15d,%r15d
    5cf4:	48 c7 85 e0 fe ff ff 	movq   $0x0,-0x120(%rbp)
    5cfb:	00 00 00 00 
    5cff:	48 c7 85 40 ff ff ff 	movq   $0x0,-0xc0(%rbp)
    5d06:	00 00 00 00 
    5d0a:	48 c7 85 48 ff ff ff 	movq   $0x0,-0xb8(%rbp)
    5d11:	00 00 00 00 
    5d15:	e9 d2 f2 ff ff       	jmp    4fec <throughput()+0x10c>
    5d1a:	bf 04 00 00 00       	mov    $0x4,%edi
    5d1f:	e8 4c b3 ff ff       	call   1070 <operator new(unsigned long)@plt>
    5d24:	48 89 85 40 ff ff ff 	mov    %rax,-0xc0(%rbp)
    5d2b:	c7 00 00 00 00 00    	movl   $0x0,(%rax)
    5d31:	48 c7 85 00 ff ff ff 	movq   $0x4,-0x100(%rbp)
    5d38:	04 00 00 00 
    5d3c:	e9 ab f2 ff ff       	jmp    4fec <throughput()+0x10c>
    5d41:	c5 f8 77             	vzeroupper
    5d44:	e9 56 f5 ff ff       	jmp    529f <throughput()+0x3bf>
    5d49:	31 c0                	xor    %eax,%eax
    5d4b:	e9 e0 f3 ff ff       	jmp    5130 <throughput()+0x250>
    5d50:	49 89 c4             	mov    %rax,%r12
    5d53:	e9 a8 b3 ff ff       	jmp    1100 <throughput() [clone .cold]>
    5d58:	48 89 c3             	mov    %rax,%rbx
    5d5b:	e9 ba b3 ff ff       	jmp    111a <throughput() [clone .cold]+0x1a>
    5d60:	48 89 c3             	mov    %rax,%rbx
    5d63:	c5 f8 77             	vzeroupper
    5d66:	e9 c3 b3 ff ff       	jmp    112e <throughput() [clone .cold]+0x2e>

Disassembly of section .fini:

0000000000005d6c <_fini>:
    5d6c:	48 83 ec 08          	sub    $0x8,%rsp
    5d70:	48 83 c4 08          	add    $0x8,%rsp
    5d74:	c3                   	ret
