elapsed_us,pid,rss_bytes,vsize_bytes,process_utime_ticks,process_stime_ticks,minor_faults,major_faults,read_bytes,syscr,system_user_ticks,system_ticks,system_idle_ticks,system_iowait_ticks,available_bytes,thread_count,thread_delta_ticks,process_cpu_pct,disk_reads_completed,disk_sectors_read,disk_io_ticks
5802,25869,131072,3534848,0,0,16,0,405504,6,2004617,328873,7308674,21838,7821328384,1,25869:0,0.0,792419,300542008,2292408
110815,25869,9568256,14802944,5,2,1185,21,3026944,309,2004624,328876,7308747,21840,7820488704,1,25869:7,66.6581356949765,792457,300547384,2292456
216312,25869,14102528,19517440,13,5,3110,21,5386240,885,2004631,328879,7308820,21840,7816089600,1,25869:11,104.26827392735316,792474,300551736,2292492
321710,25869,17510400,22708224,23,5,3892,22,5804032,995,2004642,328880,7308893,21840,7812771840,1,25869:10,94.87852370535171,792479,300552808,2292496
426851,25869,18821120,24805376,33,6,4222,22,5804032,995,2004653,328880,7308966,21840,7811481600,1,25869:11,104.6213534465032,792479,300552808,2292496
532053,25869,19083264,24805376,43,6,4241,23,5873664,995,2004663,328881,7309039,21840,7811223552,1,25869:10,95.05524967568337,792480,300552944,2292496
637260,25869,19476480,24805376,54,6,4339,23,5873664,995,2004674,328881,7309112,21840,7810965504,1,25869:11,104.55638474894187,792480,300552944,2292496
742352,25869,22622208,27508736,64,7,5081,23,5873664,995,2004684,328882,7309185,21840,7807868928,1,25869:11,104.67021564671664,792480,300552944,2292496
847523,25869,25374720,30318592,74,7,5766,23,5873664,995,2004695,328882,7309258,21840,7805030400,1,25869:10,95.08315406910117,792480,300552944,2292496
952718,25869,33501184,38498304,84,8,7751,23,5873664,995,2004705,328883,7309331,21840,7797317632,1,25869:11,104.56740043417716,792480,300552944,2292496
1058059,25869,37826560,42762240,93,9,8792,23,5873664,995,2004716,328884,7309404,21840,7792930816,1,25869:10,94.92952365713029,792480,300552944,2292496
1163816,25869,38744064,43302912,104,9,8953,23,5873664,995,2004726,328884,7309477,21840,7792414720,1,25869:11,104.01218493290835,792480,300552944,2292496
1269073,25869,38744064,43302912,115,9,8953,23,5873664,995,2004737,328884,7309550,21840,7792414720,1,25869:11,104.50622183016978,792480,300552944,2292496
1374221,25869,38744064,43302912,125,9,8953,23,5873664,995,2004748,328884,7309623,21840,7792414720,1,25869:10,95.10455485671145,792480,300552944,2292496
1479514,25869,38744064,43302912,135,9,8953,23,5873664,995,2004759,328884,7309696,21840,7792414720,1,25869:11,94.9726475925754,792480,300552944,2292496
1584775,25869,38744064,43302912,146,9,8953,23,5873664,995,2004770,328884,7309769,21840,7792414720,1,25869:10,104.50196160632133,792480,300552944,2292496
1690694,25869,42151936,46706688,156,9,9765,23,5873664,995,2004781,328885,7309843,21840,7789060096,1,25869:10,94.41198764868389,792480,300552944,2292496
1795788,25869,42151936,46706688,166,9,9775,23,5873664,995,2004792,328885,7309916,21840,7789060096,1,25869:11,95.15277944361222,792480,300552944,2292496
1900922,25869,46739456,5037297664,170,12,10861,23,11644928,996,2004796,328888,7309992,21841,7784026112,1,25869:6,66.58205355888924,792490,300562168,2292548
2007089,25869,54996992,5037297664,171,16,12821,23,19509248,996,2004796,328893,7310072,21841,7775891456,1,25869:6,47.095614401755995,792505,300577528,2292620
2112895,25869,62992384,5037297664,171,21,14829,23,27373568,996,2004797,328897,7310151,21841,7768014848,1,25869:4,47.25633410197966,792520,300592888,2292712
2218367,25869,70856704,5037297664,171,26,16749,23,35237888,996,2004798,328902,7310230,21841,7759880192,1,25869:5,47.40569804923562,792536,300609272,2292792
2324029,25869,78721024,5037297664,171,30,18669,23,43626496,996,2004798,328907,7310309,21841,7751766016,1,25869:4,37.856633144618016,792551,300624632,2292868
2430120,25869,87109632,5037297664,171,35,20657,23,51490816,996,2004799,328911,7310388,21841,7743889408,1,25869:5,47.12909267391262,792566,300639992,2292948
2535785,25869,94973952,5037297664,171,39,22637,23,59355136,996,2004799,328915,7310468,21841,7736012800,1,25869:4,37.855692679915684,792581,300655352,2293028
2641132,25869,102838272,5037297664,171,43,24557,23,67219456,996,2004799,328919,7310547,21841,7728136192,1,25869:4,37.96976681997308,792597,300671736,2293112
2746777,25869,110702592,5037297664,171,47,26477,23,75083776,996,2004799,328924,7310627,21841,7719895040,1,25869:4,37.86257581223555,792612,300687096,2293188
2852532,25869,118304768,5037297664,171,50,28347,23,83099648,1000,2004800,328928,7310706,21841,7712526336,1,25869:3,28.367540789426865,792630,300701728,2293276
2958235,25869,126169088,5037297664,171,54,30267,23,90963968,1000,2004800,328931,7310786,21841,7704649728,1,25869:4,37.84186017188587,792645,300717088,2293356
3063652,25869,134033408,5037297664,172,57,32183,23,98828288,1000,2004801,328935,7310866,21841,7697031168,1,25869:5,37.94447925850417,792661,300732448,2293432
3169312,25869,141897728,5037297664,172,61,34107,23,106692608,1000,2004801,328938,7310945,21841,7689154560,1,25869:3,37.85735007881285,792677,300748832,2293516
3274798,25869,149762048,5037297664,172,65,36027,23,114556928,1000,2004802,328943,7311025,21841,7680712704,1,25869:4,37.91953989340362,792692,300764192,2293600
3380791,25869,157757440,5037297664,172,69,37947,23,122945536,1000,2004802,328947,7311105,21841,7672889344,1,25869:4,37.73838536091803,792707,300779552,2293680
3486814,25869,166014976,5037297664,172,73,39970,23,130809856,1000,2004803,328950,7311185,21841,7665012736,1,25869:4,37.72755860356082,792722,300794912,2293760
3592340,25869,173879296,5037297664,173,77,41915,23,138674176,1000,2004803,328954,7311264,21841,7657136128,1,25869:5,47.381683435202376,792738,300811296,2293840
3697883,25869,181743616,5037297664,173,81,43835,23,146538496,1000,2004804,328958,7311344,21841,7648202752,1,25869:4,37.89949550276059,792753,300826656,2293916
3803728,25869,189607936,5037297664,173,84,45755,23,154927104,1000,2004804,328962,7311424,21841,7640612864,1,25869:3,28.343219495532075,792768,300842016,2293996
3909715,25869,197996544,5037297664,173,89,47803,23,162791424,1000,2004804,328966,7311503,21841,7632703488,1,25869:5,47.17585561599171,792783,300857376,2294076
4015209,25869,205860864,5037297664,173,93,49723,23,170655744,1000,2004805,328970,7311583,21841,7624667136,1,25869:4,37.91678437458416,792799,300873760,2294160
4120674,25869,213725184,5037297664,173,97,51643,23,178520064,1000,2004805,328974,7311662,21841,7616348160,1,25869:4,37.92725539141387,792814,300889120,2294240
4226513,25869,221589504,5037297664,173,101,53563,23,186908672,1000,2004806,328978,7311742,21841,7608496128,1,25869:4,37.79330986230215,792829,300904480,2294320
4332446,25869,229978112,5037297664,173,104,55611,23,194772992,1000,2004806,328982,7311822,21841,7600717824,1,25869:3,28.31957477138976,792844,300920864,2294404
4437817,25869,237842432,5037297664,173,108,57531,23,202637312,1000,2004806,328986,7311902,21841,7592841216,1,25869:4,37.96134409617157,792860,300935200,2294492
4543389,25869,245706752,5037297664,173,112,59451,23,210501632,1000,2004806,328992,7311980,21841,7584964608,1,25869:4,37.88875556362039,792876,300951584,2294572
4648927,25869,253571072,5037297664,173,116,61371,23,218365952,1000,2004807,329004,7312051,21841,7575748608,1,25869:4,37.901141656293916,792891,300966944,2294652
4754925,25869,260648960,5037297664,173,120,63076,23,225861632,1019,2004808,329008,7312129,21843,7569379328,1,25869:4,37.736515853718814,792914,300980560,2294736
4860570,25869,267857920,5037297664,173,124,64836,23,233242624,1029,2004808,329012,7312207,21844,7561551872,1,25869:4,37.862515960588645,792933,300995656,2294828
4966555,25869,274411520,5037297664,173,127,66450,23,240590848,1045,2004809,329016,7312286,21846,7555485696,1,25869:3,28.305836257719356,792956,301010352,2294908
5072288,25869,282275840,5037297664,173,131,68370,23,248455168,1045,2004809,329018,7312366,21846,7547609088,1,25869:4,37.83134715450529,792971,301025712,2294992
5178040,25869,290140160,5037297664,173,135,70290,23,256319488,1045,2004810,329022,7312445,21846,7539167232,1,25869:4,37.82419245372752,792986,301041072,2295072
5283864,25869,298135552,5037297664,173,138,72210,23,264708096,1045,2004810,329026,7312526,21846,7531343872,1,25869:3,28.34896667024273,793001,301056432,2295152
5390005,25869,306393088,5037297664,173,142,74183,23,272437248,1045,2004811,329030,7312606,21846,7523540992,1,25869:4,37.685838881827245,793016,301071792,2295232
5495765,25869,314126336,5037297664,173,146,76145,23,280301568,1047,2004811,329033,7312686,21846,7515676672,1,25869:4,37.82155484071556,793032,301087912,2295312
5601530,25869,321990656,5037297664,174,149,78065,23,288165888,1047,2004811,329036,7312766,21846,7507800064,1,25869:4,37.81957338594641,793047,301102248,2295388
5707104,25869,329854976,5037297664,174,153,79985,23,296030208,1047,2004811,329040,7312845,21846,7499665408,1,25869:4,37.88824738297588,793063,301118632,2295468
5812820,25869,337719296,5037297664,174,157,81905,23,303894528,1047,2004812,329045,7312925,21846,7491272704,1,25869:4,37.837147309899436,793078,301133992,2295560
5918768,25869,345190400,5037297664,174,160,83714,23,310759424,1060,2004812,329049,7313004,21848,7483985920,1,25869:3,28.31567652692144,793098,301148424,2295644
6024825,25869,351219712,5037297664,174,163,85197,23,318808064,1076,2004812,329052,7313082,21850,7478075392,1,25869:3,28.286709371740397,793120,301162096,2295740
6130902,25869,359477248,5037297664,174,167,87155,23,326672384,1076,2004813,329057,7313162,21850,7470198784,1,25869:4,37.70845741969001,793135,301177456,2295824
6236811,25869,367472640,5037297664,174,171,89165,23,334536704,1076,2004814,329061,7313242,21850,7462322176,1,25869:4,37.7684350209891,793150,301192816,2295908
6342408,25869,375336960,5037297664,174,175,91085,23,342401024,1076,2004814,329065,7313322,21850,7454445568,1,25869:4,37.87962151742809,793165,301208176,2295996
6447945,25869,383201280,5037297664,174,178,93005,23,350265344,1076,2004815,329069,7313402,21850,7446568960,1,25869:4,28.426248680536442,793180,301223536,2296068
6553508,25869,390934528,5037297664,174,182,94892,23,357994496,1078,2004815,329073,7313482,21850,7438274560,1,25869:3,37.892060864880605,793196,301239656,2296148
6659485,25869,398798848,5037297664,174,186,96812,23,366383104,1078,2004816,329077,7313562,21850,7430451200,1,25869:4,37.74393444829733,793211,301255016,2296244
6765593,25869,407187456,5037297664,174,190,98826,23,374247424,1078,2004816,329080,7313642,21850,7422574592,1,25869:4,37.697544439443966,793226,301270376,2296320
6871375,25869,415051776,5037297664,174,193,100780,23,382111744,1078,2004816,329084,7313722,21850,7414697984,1,25869:4,28.360009829957537,793241,301285736,2296404
6976935,25869,422260736,5037297664,174,197,102532,23,389144576,1084,2004816,329087,7313801,21851,7407030272,1,25869:3,37.893257289902465,793259,301301520,2296492
7082988,25869,428552192,5037297664,174,200,104091,23,396713984,1110,2004817,329089,7313878,21855,7400660992,1,25869:3,28.28764289679607,793284,301314256,2296572
7189073,25869,436678656,5037297664,174,204,106011,23,404578304,1110,2004818,329092,7313959,21855,7392784384,1,25869:4,37.70579149362811,793299,301329616,2296652
7294932,25869,444805120,5037297664,174,207,108059,23,412442624,1110,2004818,329096,7314039,21855,7384649728,1,25869:3,28.339493300062014,793314,301344976,2296724
7400569,25869,452669440,5037297664,174,211,109979,23,420306944,1110,2004819,329100,7314118,21855,7376773120,1,25869:4,37.86559229359466,793329,301360336,2296812
7506091,25869,460533760,5037297664,174,215,111899,23,428171264,1110,2004820,329104,7314198,21855,7368122368,1,25869:4,37.90679834641828,793345,301376720,2296900
7611974,25869,468791296,5037297664,174,218,113914,23,436424704,1112,2004820,329109,7314278,21855,7360593920,1,25869:4,28.333237252177675,793360,301391816,2296984
7717658,25869,476655616,5037297664,174,222,115834,23,444289024,1112,2004820,329112,7314358,21855,7352717312,1,25869:3,37.848454278116286,793376,301408200,2297064
7823357,25869,484782080,5037297664,174,226,117754,23,452677632,1112,2004821,329116,7314438,21855,7344328704,1,25869:4,37.84345656834211,793391,301423560,2297140
7929359,25869,492908544,5037297664,174,230,119802,23,460541952,1112,2004822,329120,7314518,21855,7336452096,1,25869:4,37.73518121509473,793406,301438920,2297224
8034853,25869,500641792,5037297664,174,233,121640,23,467886080,1115,2004822,329123,7314597,21856,7328862208,1,25869:4,28.437723064314813,793422,301454032,2297308
8140504,25869,506540032,5037297664,174,236,123120,23,475140096,1144,2004823,329125,7314674,21859,7322398720,1,25869:2,28.39534121801286,793449,301467432,2297408
8246940,25869,514404352,5037297664,175,240,125033,23,483004416,1144,2004823,329128,7314754,21859,7314538496,1,25869:5,46.97631455159835,793464,301482792,2297488
8353033,25869,522792960,5037297664,175,243,127081,23,490868736,1144,2004824,329131,7314834,21859,7306661888,1,25869:3,28.27728875244071,793479,301498152,2297568
8458659,25869,530657280,5037297664,175,247,129001,23,498733056,1144,2004824,329136,7314914,21859,7298785280,1,25869:4,37.86913232587241,793494,301513512,2297656
8564093,25869,538521600,5037297664,175,251,130921,23,506597376,1144,2004824,329140,7314994,21859,7290908672,1,25869:4,37.938661265668266,793510,301529896,2297748
8669762,25869,546254848,5037297664,175,255,132808,23,514850816,1146,2004824,329144,7315074,21859,7282667520,1,25869:4,37.85403578436638,793526,301544992,2297832
8775759,25869,554643456,5037297664,175,258,134790,23,522715136,1146,2004824,329149,7315154,21859,7274790912,1,25869:4,28.302565253002903,793541,301560352,2297916
8881637,25869,562507776,5037297664,175,262,136776,23,530579456,1146,2004825,329152,7315234,21859,7266807808,1,25869:3,37.779507911331194,793556,301575712,2298004
8987281,25869,570372096,5037297664,175,266,138696,23,538443776,1146,2004826,329156,7315314,21859,7259004928,1,25869:4,37.862784756893426,793571,301591072,2298080
9092786,25869,578236416,5037297664,175,270,140616,23,546181120,1149,2004826,329160,7315394,21860,7250452480,1,25869:4,37.913130497137345,793588,301607208,2298172
9198935,25869,584921088,5037297664,175,273,142269,23,552652800,1176,2004826,329165,7315471,21862,7244058624,1,25869:3,28.262060483390698,793612,301619856,2298256
9304362,25869,592261120,5037297664,175,277,144054,23,560910336,1179,2004827,329169,7315550,21863,7236612096,1,25869:4,37.94101545561412,793629,301634952,2298336
9409780,25869,600125440,5037297664,175,281,145974,23,568774656,1179,2004827,329172,7315630,21863,7228735488,1,25869:4,37.94408944112464,793645,301651336,2298416
9515539,25869,607989760,5037297664,175,284,147894,23,577163264,1179,2004828,329176,7315710,21863,7220346880,1,25869:3,28.366412084106674,793660,301666696,2298496
9621603,25869,616378368,5037297664,175,288,149942,23,585027584,1179,2004829,329181,7315790,21863,7212470272,1,25869:4,37.713182366647196,793676,301683080,2298572
9728463,25869,624373760,5037297664,175,292,151829,23,593281024,1181,2004829,329191,7315861,21863,7203393536,1,25869:4,37.43192653235779,793691,301698176,2298656
9834566,25869,632500224,5037297664,175,296,153877,23,601145344,1181,2004830,329194,7315941,21863,7195516928,1,25869:4,37.69942429963141,793706,301713536,2298740
9940242,25869,640364544,5037297664,175,299,155797,23,609009664,1181,2004830,329198,7316021,21863,7187640320,1,25869:3,28.388735970333993,793721,301728896,2298832
10045715,25869,648228864,5037297664,175,303,157717,23,616873984,1181,2004830,329202,7316101,21863,7179505664,1,25869:4,37.92409388318024,793737,301745280,2298916
10151607,25869,656093184,5037297664,175,306,159637,23,625131520,1181,2004831,329207,7316182,21863,7171510272,1,25869:3,28.330784459873453,793752,301760640,2299008
10257681,25869,663171072,5037297664,175,310,161363,23,631599104,1205,2004831,329212,7316260,21865,7164829696,1,25869:4,37.70952354017007,793775,301774448,2299080
10363233,25869,670248960,5037297664,175,313,163076,23,639340544,1214,2004831,329216,7316339,21867,7157850112,1,25869:3,28.42219822567606,793794,301788136,2299172
10468733,25869,678113280,5037297664,175,316,164996,23,647204864,1214,2004832,329220,7316418,21867,7149973504,1,25869:3,28.436027043420008,793810,301804520,2299256
10574296,25869,685977600,5037297664,175,320,166916,23,655069184,1214,2004832,329224,7316499,21867,7142096896,1,25869:4,37.892060864880605,793825,301819880,2299336
10679757,25869,693841920,5037297664,175,323,168836,23,662933504,1214,2004832,329228,7316579,21867,7134220288,1,25869:3,28.446430350854385,793840,301835240,2299420
10785498,25869,701575168,5037297664,175,327,170723,23,671186944,1216,2004832,329232,7316659,21867,7125979136,1,25869:4,37.82827638314695,793855,301850336,2299500
10891445,25869,709439488,5037297664,175,330,172643,23,679051264,1216,2004833,329236,7316740,21867,7118102528,1,25869:3,28.316088646573647,793870,301865696,2299576
10997418,25869,717565952,5037297664,175,334,174570,23,686915584,1216,2004833,329238,7316820,21867,7110225920,1,25869:4,37.745329187726085,793885,301881056,2299660
11103472,25869,725692416,5037297664,175,337,176611,23,694779904,1216,2004834,329242,7316900,21867,7102349312,1,25869:3,28.28743164801813,793900,301896416,2299740
11208916,25869,733556736,5037297664,175,341,178531,23,702644224,1216,2004834,329245,7316980,21867,7094214656,1,25869:4,37.93489847919371,793916,301912800,2299824
11314807,25869,740896768,5037297664,175,344,180352,23,709619712,1235,2004835,329248,7317059,21869,7086723072,1,25869:3,28.331030067807202,793941,301927000,2299908
11420408,25869,748105728,5037297664,175,347,182097,23,717242368,1248,2004835,329252,7317137,21870,7079632896,1,25869:3,28.408740911250707,793964,301941312,2300000
11526018,25869,755970048,5037297664,175,351,184017,23,725630976,1248,2004836,329256,7317217,21870,7071244288,1,25869:4,37.875317409363134,793979,301956672,2300080
11632024,25869,764358656,5037297664,175,354,186054,23,733495296,1248,2004836,329260,7317298,21870,7063625728,1,25869:4,28.30030678098556,793994,301972032,2300160
11737891,25869,772222976,5037297664,175,358,187985,23,741359616,1248,2004836,329263,7317378,21870,7055183872,1,25869:3,37.78343337001097,794010,301988416,2300240
11843860,25869,780480512,5037297664,175,362,190000,23,749613056,1250,2004836,329267,7317458,21870,7047507968,1,25869:4,37.746620375218015,794025,302003512,2300324
11949419,25869,788344832,5037297664,175,365,191920,23,757477376,1250,2004837,329272,7317538,21870,7039631360,1,25869:3,28.420302126190062,794041,302019896,2300416
12054966,25869,796209152,5037297664,175,369,193840,23,765341696,1250,2004838,329275,7317618,21870,7031189504,1,25869:4,37.89772992503005,794056,302035256,2300496
12161051,25869,804073472,5037297664,175,372,195760,23,773730304,1250,2004838,329279,7317699,21870,7023366144,1,25869:3,28.279210333970028,794071,302050616,2300576
12267141,25869,812462080,5037297664,175,376,197723,23,781594624,1250,2004838,329283,7317779,21870,7015489536,1,25869:4,37.703777369902504,794086,302065976,2300648
12372819,25869,819277824,5037297664,175,379,199440,23,788701184,1267,2004838,329286,7317858,21872,7008415744,1,25869:3,28.388008242931324,794107,302079856,2300728
12478885,25869,825569280,5037297664,175,382,200991,23,796225536,1283,2004839,329291,7317937,21874,7001743360,1,25869:3,28.28436489523386,794130,302094552,2300816
12584853,25869,833826816,5037297664,175,386,203039,23,804089856,1283,2004839,329294,7318017,21874,6994124800,1,25869:4,37.747258699705085,794145,302109912,2300900
12690336,25869,841691136,5037297664,175,389,204959,23,811954176,1283,2004840,329297,7318097,21874,6985478144,1,25869:3,28.44065464926397,794161,302126296,2300984
12796256,25869,850079744,5037297664,175,393,206941,23,820342784,1283,2004840,329300,7318177,21874,6977601536,1,25869:4,37.764423899842555,794176,302141656,2301068
12902029,25869,857944064,5037297664,175,396,208927,23,828071936,1283,2004841,329304,7318257,21874,6969602048,1,25869:3,28.362624013919014,794192,302158040,2301148
13007697,25869,865677312,5037297664,175,400,210814,23,835936256,1285,2004841,329307,7318338,21874,6961995776,1,25869:4,37.85418516770251,794207,302173136,2301224
13113297,25869,873934848,5037297664,175,403,212734,23,844324864,1285,2004842,329310,7318418,21874,6953607168,1,25869:3,28.40916704350638,794223,302188496,2301308
13219143,25869,881930240,5037297664,175,407,214782,23,852189184,1285,2004842,329314,7318498,21874,6945730560,1,25869:4,37.790587296242485,794238,302203856,2301384
13324705,25869,889794560,5037297664,175,410,216702,23,860053504,1285,2004842,329318,7318578,21874,6937853952,1,25869:3,28.419471820895335,794253,302219216,2301468
13430193,25869,897527808,5037297664,175,413,218520,23,867131392,1302,2004843,329320,7318657,21875,6929670144,1,25869:4,28.43923946534495,794274,302234064,2301560
13536311,25869,903819264,5037297664,175,416,220052,23,874655744,1318,2004843,329323,7318735,21878,6923816960,1,25869:3,28.27051612086603,794296,302247736,2301648
13642053,25869,911814656,5037297664,175,420,222061,23,882520064,1318,2004844,329326,7318815,21878,6915940352,1,25869:3,37.82778449068591,794312,302264120,2301728
13747485,25869,919678976,5037297664,175,423,223981,23,890384384,1318,2004844,329330,7318895,21878,6907805696,1,25869:3,28.454299563697894,794327,302279480,2301804
13853119,25869,927543296,5037297664,175,427,225901,23,898248704,1318,2004844,329333,7318976,21878,6899621888,1,25869:4,37.86666767644447,794342,302294840,2301888
13959044,25869,935931904,5037297664,175,430,227885,23,906637312,1318,2004845,329337,7319056,21878,6891671552,1,25869:3,28.321936318673746,794357,302310200,2301972
14064749,25869,943665152,5037297664,175,434,229836,23,914366464,1320,2004845,329340,7319136,21878,6883893248,1,25869:4,37.841263392638034,794373,302326320,2302060
14170242,25869,951529472,5037297664,175,437,231756,23,922230784,1320,2004846,329343,7319216,21878,6875574272,1,25869:3,28.437947616257762,794388,302341680,2302140
14276059,25869,959393792,5037297664,175,441,233676,23,930619392,1320,2004846,329346,7319297,21878,6867722240,1,25869:4,37.80083975510537,794403,302357040,2302228
14382166,25869,967782400,5037297664,175,445,235724,23,938483712,1320,2004847,329350,7319377,21878,6859866112,1,25869:4,37.69773700013567,794418,302372400,2302312
14487629,25869,974991360,5037297664,175,448,237476,23,945516544,1326,2004848,329354,7319456,21879,6851989504,1,25869:3,28.446014428444332,794435,302387768,2302396
14593442,25869,981282816,5037297664,175,451,239035,23,952557568,1352,2004848,329358,7319533,21883,6845566976,1,25869:3,28.35209219586264,794461,302400912,2302484
14699343,25869,989278208,5037297664,175,454,240955,23,960946176,1352,2004848,329362,7319613,21883,6837694464,1,25869:3,28.32817640914831,794476,302416272,2302564
14805829,25869,997535744,5037297664,175,458,243003,23,968810496,1352,2004848,329372,7319684,21883,6829043712,1,25869:4,37.563641024942726,794491,302431632,2302644
14911186,25869,1005400064,5037297664,175,461,244923,23,977199104,1352,2004849,329375,7319764,21883,6820655104,1,25869:3,28.474723799213063,794508,302448016,2302728
15017283,25869,1013788672,5037297664,175,465,246948,23,985063424,1352,2004850,329379,7319845,21883,6812778496,1,25869:4,37.701274853528666,794523,302463376,2302816
15122942,25869,1021521920,5037297664,175,469,248858,23,992792576,1354,2004850,329382,7319925,21883,6804791296,1,25869:4,37.857753164685754,794539,302479496,2302884
15228730,25869,1029386240,5037297664,175,472,250778,23,1000656896,1354,2004851,329386,7320005,21883,6796660736,1,25869:3,28.358613650982072,794554,302494856,2302976
15334760,25869,1037774848,5037297664,175,476,252762,23,1009045504,1354,2004851,329390,7320086,21883,6788784128,1,25869:4,37.72508281622383,794569,302510216,2303060
15440587,25869,1045639168,5037297664,175,479,254746,23,1016909824,1354,2004852,329393,7320166,21883,6780907520,1,25869:3,28.34815177846146,794584,302525576,2303152
15546150,25869,1053241344,5037297664,175,482,256511,23,1024253952,1357,2004852,329396,7320245,21884,6773317632,1,25869:4,28.419011996943816,794600,302540688,2303232
15651911,25869,1059532800,5037297664,175,485,258069,23,1031512064,1387,2004853,329398,7320323,21886,6766858240,1,25869:2,28.365730559106893,794627,302554096,2303324
15758183,25869,1067528192,5037297664,175,489,260001,23,1039376384,1387,2004854,329401,7320403,21886,6758998016,1,25869:4,37.63942891275367,794642,302569456,2303400
15863987,25869,1075523584,5037297664,175,493,262024,23,1047240704,1387,2004854,329404,7320483,21886,6751121408,1,25869:4,37.80584157906305,794658,302585840,2303480
15969447,25869,1083387904,5037297664,175,496,263944,23,1055105024,1387,2004854,329407,7320563,21886,6742986752,1,25869:3,28.44670008654529,794673,302601200,2303568
16075358,25869,1091252224,5037297664,175,499,265864,23,1063493632,1387,2004855,329411,7320644,21886,6734856192,1,25869:3,28.325680096510503,794688,302616560,2303648
16181183,25869,1099509760,5037297664,175,503,267879,23,1071222784,1389,2004855,329414,7320723,21886,6727127040,1,25869:4,37.79841363270849,794704,302632680,2303732
16286603,25869,1107374080,5037297664,175,507,269799,23,1079611392,1389,2004856,329418,7320804,21886,6718480384,1,25869:4,37.94320473296706,794719,302648040,2303812
16392574,25869,1115762688,5037297664,175,510,271807,23,1087475712,1389,2004856,329421,7320884,21886,6710603776,1,25869:3,28.309854146876507,794734,302663400,2303892
16498338,25869,1123627008,5037297664,175,514,273767,23,1095340032,1389,2004857,329425,7320964,21886,6702727168,1,25869:4,37.819945630424364,794750,302679784,2303968
16603836,25869,1131360256,5037297664,175,517,275663,23,1103077376,1392,2004857,329428,7321043,21888,6694461440,1,25869:3,28.436611139665153,794766,302694896,2304052
16710317,25869,1138176000,5037297664,175,520,277341,23,1109942272,1422,2004858,329429,7321122,21890,6688174080,1,25869:3,28.17398752080179,794793,302708304,2304152
16815942,25869,1145516032,5037297664,175,523,279126,23,1117806592,1422,2004858,329432,7321201,21890,6680813568,1,25869:3,28.402330831599233,794808,302723664,2304232
16921634,25869,1153380352,5037297664,175,527,281046,23,1125670912,1422,2004859,329435,7321281,21890,6672371712,1,25869:4,37.845709080469526,794823,302739024,2304308
17027518,25869,1161244672,5037297664,175,530,282966,23,1134059520,1422,2004860,329439,7321362,21890,6664548352,1,25869:3,28.332958692916748,794838,302754384,2304392
17133399,25869,1169633280,5037297664,175,533,285014,23,1141923840,1422,2004860,329443,7321442,21890,6656671744,1,25869:3,28.33366085471189,794853,302769744,2304472
17238891,25869,1177366528,5037297664,175,537,286901,23,1149652992,1424,2004861,329446,7321522,21890,6648623104,1,25869:4,37.91775771064712,794869,302785864,2304540
17344701,25869,1185230848,5037297664,175,540,288821,23,1157517312,1424,2004861,329449,7321603,21890,6640439296,1,25869:3,28.352650608500333,794884,302801224,2304620
17450677,25869,1193095168,5037297664,175,544,290741,23,1165381632,1424,2004862,329453,7321683,21890,6633127936,1,25869:4,37.74418660499392,794900,302817144,2304712
17556463,25869,1201483776,5037297664,175,547,292789,23,1173770240,1424,2004862,329457,7321763,21890,6624739328,1,25869:3,28.359306093532904,794915,302831944,2304800
17661974,25869,1209348096,5037297664,175,550,294709,23,1181503488,1424,2004863,329460,7321843,21890,6616997888,1,25869:3,28.432894303539758,794931,302848328,2304884
17767504,25869,1216032768,5037297664,175,553,296349,23,1187971072,1447,2004864,329462,7321921,21893,6609829888,1,25869:3,28.427999566870998,794955,302861736,2304964
17873335,25869,1223241728,5037297664,175,556,298023,23,1196236800,1456,2004864,329466,7322000,21895,6602825728,1,25869:3,28.34713630992627,794973,302875824,2305048
17979149,25869,1231368192,5037297664,175,560,300068,23,1204101120,1456,2004864,329469,7322080,21895,6594949120,1,25869:4,37.802134743252154,794989,302891184,2305124
18084724,25869,1239232512,5037297664,175,563,301988,23,1211965440,1456,2004865,329472,7322161,21895,6586814464,1,25869:3,28.41575946355138,795005,302907568,2305216
18190207,25869,1247096832,5037297664,175,567,303908,23,1219829760,1456,2004865,329476,7322241,21895,6578679808,1,25869:4,37.920843027362345,795020,302922928,2305296
18295987,25869,1255354368,5037297664,175,570,305894,23,1228083200,1458,2004866,329480,7322321,21895,6570696704,1,25869:3,28.360892431824002,795035,302938024,2305388
18401815,25869,1263218688,5037297664,175,573,307843,23,1235947520,1458,2004866,329482,7322401,21895,6562304000,1,25869:3,28.347794708823642,795051,302954408,2305464
18507666,25869,1271345152,5037297664,175,577,309763,23,1244336128,1458,2004867,329486,7322482,21895,6554431488,1,25869:4,37.78896608292917,795066,302969768,2305544
18613778,25869,1279471616,5037297664,175,580,311811,23,1252200448,1458,2004867,329490,7322562,21895,6546554880,1,25869:3,28.272147960137666,795081,302985128,2305624
18719155,25869,1287335936,5037297664,175,584,313731,23,1260064768,1458,2004868,329493,7322642,21895,6538113024,1,25869:4,37.9586725521968,795097,303001512,2305704
18825104,25869,1294544896,5037297664,176,587,315502,23,1267392512,1481,2004868,329496,7322721,21897,6531284992,1,25869:4,37.75427991247765,795121,303015248,2305800
18930931,25869,1302016000,5037297664,176,589,317298,23,1275097088,1490,2004868,329499,7322800,21899,6523777024,1,25869:3,18.89864141730059,795141,303029848,2305892
19036854,25869,1310273536,5037297664,176,593,319346,23,1282961408,1490,2004869,329502,7322880,21899,6515900416,1,25869:3,37.76333934261352,795156,303045208,2305976
19142260,25869,1318137856,5037297664,176,596,321266,23,1290825728,1490,2004870,329506,7322960,21899,6507458560,1,25869:3,28.461475656548846,795172,303061592,2306060
19248167,25869,1326395392,5037297664,176,600,323187,23,1299214336,1490,2004870,329509,7323041,21899,6499635200,1,25869:4,37.768969949071845,795187,303076952,2306140
19354077,25869,1334259712,5037297664,176,603,325201,23,1306943488,1492,2004870,329512,7323121,21899,6491906048,1,25869:3,28.32598097876386,795203,303093072,2306228
19459738,25869,1342124032,5037297664,176,606,327121,23,1315332096,1492,2004870,329516,7323202,21899,6483517440,1,25869:3,28.392676393051175,795218,303108432,2306308
19565834,25869,1350512640,5037297664,176,610,329126,23,1323196416,1492,2004871,329519,7323282,21899,6475640832,1,25869:4,37.701408108948925,795233,303123792,2306392
19671529,25869,1358376960,5037297664,176,613,331089,23,1331060736,1492,2004871,329522,7323362,21899,6467764224,1,25869:3,28.38358814762667,795248,303139152,2306468
19776928,25869,1366241280,5037297664,176,616,333009,23,1338925056,1492,2004872,329525,7323443,21899,6459887616,1,25869:3,28.463343497308664,795264,303155536,2306560
19882431,25869,1372794880,5037297664,176,619,334624,23,1345372160,1511,2004872,329536,7323512,21901,6452121600,1,25869:3,28.435173448918395,795285,303169152,2306652
19988096,25869,1379479552,5037297664,176,622,336192,23,1353555968,1524,2004873,329540,7323590,21903,6445322240,1,25869:3,28.391736191482725,795307,303183088,2306740
20094237,25869,1387606016,5037297664,176,626,338240,23,1361420288,1524,2004874,329543,7323670,21903,6437445632,1,25869:4,37.68564644266764,795323,303199472,2306820
20199723,25869,1395470336,5037297664,176,629,340160,23,1369284608,1524,2004874,329547,7323750,21903,6429003776,1,25869:3,28.439666243452834,795338,303214832,2306904
20305628,25869,1403858944,5037297664,176,632,342137,23,1377673216,1524,2004874,329550,7323831,21903,6421438464,1,25869:4,28.327507686952487,795353,303230192,2306992
20411434,25869,1411723264,5037297664,176,636,344098,23,1385402368,1526,2004875,329554,7323911,21903,6413180928,1,25869:3,37.80472498574762,795369,303246312,2307068
20517278,25869,1419456512,5037297664,176,639,346015,23,1393266688,1526,2004875,329556,7323992,21903,6405320704,1,25869:3,28.343609923222544,795385,303261672,2307152
20623146,25869,1427451904,5037297664,176,643,347935,23,1401655296,1526,2004876,329560,7324072,21903,6397444096,1,25869:4,37.78291302141058,795400,303277032,2307232
20729085,25869,1435709440,5037297664,176,646,349983,23,1409519616,1526,2004876,329563,7324153,21903,6389567488,1,25869:3,28.318304997659776,795415,303292392,2307316
20834661,25869,1443573760,5037297664,176,649,351903,23,1417383936,1526,2004877,329566,7324233,21903,6381690880,1,25869:3,28.415568636210033,795431,303308776,2307396
20940213,25869,1451044864,5037297664,176,652,353727,23,1424445440,1542,2004877,329570,7324311,21905,6373896192,1,25869:3,28.421861637432144,795450,303322568,2307476
21045819,25869,1457467392,5037297664,176,655,355214,23,1431982080,1558,2004877,329573,7324390,21908,6367653888,1,25869:3,28.407575031389186,795473,303336264,2307556
21151758,25869,1465593856,5037297664,176,658,357252,23,1439846400,1558,2004878,329576,7324470,21908,6359777280,1,25869:4,28.318071104392217,795488,303351624,2307632
21257358,25869,1473458176,5037297664,176,662,359182,23,1447710720,1558,2004878,329580,7324550,21908,6351900672,1,25869:3,37.87905367782931,795503,303366984,2307724
21362745,25869,1481322496,5037297664,176,665,361102,23,1455575040,1558,2004879,329583,7324631,21908,6343507968,1,25869:3,28.46640434811801,795519,303383368,2307804
21468521,25869,1489186816,5037297664,176,668,363022,23,1463828480,1558,2004879,329586,7324711,21908,6335254528,1,25869:3,28.361774820497615,795534,303398728,2307884
21574634,25869,1497444352,5037297664,176,672,365037,23,1471692800,1560,2004880,329589,7324791,21908,6327648256,1,25869:4,37.69579762724556,795549,303413824,2307968
21680005,25869,1505308672,5037297664,176,675,366957,23,1479557120,1560,2004880,329592,7324872,21908,6319771648,1,25869:3,28.47069275288196,795565,303430208,2308048
21785638,25869,1513172992,5037297664,176,679,368877,23,1487421440,1560,2004880,329596,7324952,21908,6311383040,1,25869:4,37.86701109490171,795580,303445568,2308132
21891532,25869,1521037312,5037297664,176,682,370797,23,1495810048,1560,2004881,329599,7325033,21908,6303453184,1,25869:3,28.330305295868964,795595,303460928,2308220
21997560,25869,1529032704,5037297664,176,685,372743,23,1502343168,1574,2004882,329602,7325112,21909,6295355392,1,25869:3,28.29433487431826,795616,303475776,2308300
22103507,25869,1535062016,5037297664,176,688,374235,23,1509888000,1593,2004882,329605,7325190,21912,6289358848,1,25869:3,28.31601087210227,795639,303489448,2308392
22209572,25869,1542926336,5037297664,176,691,376155,23,1518276608,1593,2004883,329608,7325270,21912,6281596928,1,25869:3,28.284542497525102,795654,303504808,2308476
22315452,25869,1551314944,5037297664,176,695,378203,23,1526140928,1593,2004883,329612,7325351,21912,6273720320,1,25869:4,37.77867546207121,795669,303520168,2308560
22421062,25869,1559179264,5037297664,176,698,380123,23,1534005248,1593,2004883,329616,7325431,21912,6265843712,1,25869:3,28.406319947899778,795684,303535528,2308652
22526245,25869,1567043584,5037297664,176,701,382043,23,1541869568,1593,2004884,329619,7325511,21912,6257967104,1,25869:3,28.521884157188595,795700,303551912,2308732
22631750,25869,1575038976,5037297664,176,705,383930,23,1550123008,1595,2004884,329623,7325592,21912,6249664512,1,25869:4,37.91302556682888,795715,303567008,2308804
22737767,25869,1583165440,5037297664,176,708,385978,23,1557987328,1595,2004884,329626,7325672,21912,6241787904,1,25869:3,28.297214815504844,795730,303582368,2308896
22843400,25869,1591029760,5037297664,176,712,387898,23,1565851648,1595,2004884,329630,7325752,21912,6233911296,1,25869:4,37.86678740618054,795745,303597728,2308984
22948761,25869,1598894080,5037297664,176,715,389818,23,1573715968,1595,2004885,329633,7325832,21912,6226034688,1,25869:3,28.47380004644077,795761,303614112,2309064
23054362,25869,1606627328,5037297664,176,718,391698,23,1581273088,1601,2004886,329636,7325911,21913,6218407936,1,25869:3,28.408819464973107,795777,303628456,2309136
23159724,25869,1613049856,5037297664,176,721,393257,23,1588318208,1628,2004886,329640,7325988,21916,6211997696,1,25869:3,28.47314740178259,795804,303642632,2309212
23265399,25869,1620914176,5037297664,176,725,395177,23,1596182528,1628,2004886,329643,7326069,21916,6203346944,1,25869:4,37.85184174050339,795819,303657992,2309296
23371162,25869,1628778496,5037297664,176,728,397097,23,1604571136,1628,2004886,329647,7326149,21916,6195474432,1,25869:3,28.36546235675276,795834,303673352,2309376
23477141,25869,1637167104,5037297664,176,731,399137,23,1612435456,1628,2004886,329650,7326230,21916,6187597824,1,25869:3,28.307249413919628,795849,303688712,2309460
23582676,25869,1645031424,5037297664,176,734,401065,23,1620299776,1628,2004887,329654,7326310,21916,6179721216,1,25869:3,28.426765034897073,795865,303704072,2309548
23688080,25869,1652764672,5037297664,176,738,402952,23,1628553216,1630,2004887,329658,7326390,21916,6171480064,1,25869:4,37.9491893749556,795881,303720192,2309632
23794154,25869,1661153280,5037297664,176,741,404977,23,1636417536,1630,2004888,329660,7326470,21916,6163603456,1,25869:3,28.28202054070359,795896,303735552,2309716
23899720,25869,1669017600,5037297664,176,745,406920,23,1644281856,1630,2004888,329664,7326551,21916,6155468800,1,25869:4,37.89119329759354,795912,303751936,2309804
24005635,25869,1676881920,5037297664,176,748,408840,23,1652146176,1630,2004888,329667,7326629,21917,6147284992,1,25869:3,28.3246325412375,795929,303767312,2309888
24111444,25869,1684615168,5037297664,176,751,410733,23,1660014592,1633,2004889,329670,7326709,21918,6139686912,1,25869:3,28.35295206400418,795945,303782424,2309972
24217322,25869,1690906624,5037297664,176,754,412286,23,1667272704,1662,2004890,329674,7326786,21922,6133284864,1,25869:3,28.334385530740015,795972,303795832,2310052
24323623,25869,1698770944,5037297664,176,757,414199,23,1675137024,1662,2004890,329679,7326867,21922,6125424640,1,25869:3,28.221771307303285,795987,303811192,2310140
24429566,25869,1707159552,5037297664,176,761,416247,23,1683001344,1662,2004890,329682,7326947,21922,6117548032,1,25869:4,37.756239919496906,796002,303826552,2310212
24535062,25869,1715023872,5037297664,176,764,418167,23,1690865664,1662,2004890,329685,7327027,21922,6109671424,1,25869:3,28.437094176006333,796017,303841912,2310288
24640455,25869,1722888192,5037297664,176,767,420087,23,1698729984,1662,2004891,329688,7327108,21922,6101794816,1,25869:3,28.46486236190592,796033,303858296,2310376
24745931,25869,1730621440,5037297664,176,770,421974,23,1706983424,1664,2004891,329692,7327188,21922,6093553664,1,25869:3,28.44248605076195,796048,303873392,2310460
24851849,25869,1739010048,5037297664,176,774,424022,23,1714847744,1664,2004892,329695,7327269,21922,6085677056,1,25869:4,37.764884552464686,796063,303888752,2310544
24957556,25869,1746874368,5037297664,176,777,425942,23,1722712064,1664,2004892,329704,7327339,21922,6077808640,1,25869:3,28.380354724918494,796078,303904112,2310632
25062986,25869,1754738688,5037297664,176,781,427862,23,1730576384,1664,2004892,329707,7327419,21922,6069673984,1,25869:4,37.94004056530167,796094,303920496,2310712
25168635,25869,1762603008,5037297664,176,784,429782,23,1738313728,1667,2004893,329711,7327499,21922,6061359104,1,25869:3,28.395990838203932,796110,303935608,2310804
25274760,25869,1769418752,5037297664,176,787,431436,23,1744781312,1693,2004893,329714,7327577,21926,6054948864,1,25869:3,28.268573878245274,796135,303949264,2310880
25380687,25869,1776758784,5037297664,176,790,433221,23,1753038848,1696,2004894,329717,7327656,21926,6047698944,1,25869:3,28.321301311684078,796152,303964368,2310964
25486416,25869,1784623104,5037297664,176,793,435141,23,1760903168,1696,2004894,329721,7327737,21926,6039257088,1,25869:3,28.374483175340742,796167,303979728,2311052
25592327,25869,1792487424,5037297664,176,797,437061,23,1769291776,1696,2004895,329724,7327817,21926,6031433728,1,25869:4,37.7672760621232,796182,303995088,2311136
25698445,25869,1800876032,5037297664,176,800,439109,23,1777156096,1696,2004896,329727,7327898,21926,6023557120,1,25869:3,28.270405295838486,796197,304010448,2311216
25804030,25869,1808609280,5037297664,176,803,440996,23,1785409536,1698,2004896,329730,7327978,21926,6015315968,1,25869:3,28.41323638951755,796213,304026568,2311304
25910125,25869,1816997888,5037297664,176,807,443044,23,1793273856,1698,2004897,329733,7328059,21926,6007439360,1,25869:4,37.70198555998873,796228,304041928,2311388
26015816,25869,1824862208,5037297664,176,810,444964,23,1801138176,1698,2004897,329737,7328139,21926,5999562752,1,25869:3,28.384763070537637,796244,304058312,2311476
26121571,25869,1832726528,5037297664,176,813,446884,23,1809526784,1698,2004898,329740,7328220,21926,5991174144,1,25869:3,28.367484727560853,796259,304073672,2311552
26227534,25869,1841115136,5037297664,176,816,448871,23,1817260032,1698,2004898,329744,7328300,21926,5983432704,1,25869:3,28.311746491714544,796275,304089032,2311632
26333114,25869,1847930880,5037297664,176,819,450554,23,1823727616,1722,2004898,329746,7328378,21929,5976514560,1,25869:3,28.414469746687843,796299,304103456,2311712
26438807,25869,1854615552,5037297664,176,822,452242,23,1831993344,1731,2004899,329750,7328457,21930,5969264640,1,25869:3,28.384080394917927,796318,304117552,2311796
26544761,25869,1862742016,5037297664,176,826,454162,23,1839857664,1731,2004899,329753,7328538,21930,5961388032,1,25869:4,37.752305856572775,796333,304132912,2311876
26650800,25869,1870868480,5037297664,176,829,456210,23,1847721984,1731,2004900,329756,7328619,21930,5953511424,1,25869:3,28.291288502121407,796349,304148272,2311956
26756377,25869,1878732800,5037297664,176,832,458130,23,1855586304,1731,2004900,329760,7328699,21930,5945634816,1,25869:3,28.41549031430544,796364,304163632,2312048
26861902,25869,1886466048,5037297664,176,836,460017,23,1863315456,1733,2004901,329763,7328779,21930,5937082368,1,25869:4,37.90540637609116,796380,304179752,2312128
26967761,25869,1894854656,5037297664,176,839,461953,23,1871704064,1733,2004901,329767,7328860,21930,5929463808,1,25869:3,28.339616179007525,796395,304195112,2312216
27073932,25869,1902718976,5037297664,176,842,463985,23,1879568384,1733,2004902,329770,7328940,21930,5921640448,1,25869:3,28.256448024896418,796410,304210472,2312304
27179363,25869,1910583296,5037297664,176,845,465905,23,1887432704,1733,2004902,329774,7329020,21930,5913763840,1,25869:3,28.45442344025323,796426,304226856,2312392
27285069,25869,1918447616,5037297664,176,849,467825,23,1895297024,1733,2004902,329776,7329101,21930,5905371136,1,25869:4,37.84103965002109,796441,304242216,2312476
27390901,25869,1925787648,5037297664,177,851,469590,23,1902338048,1755,2004903,329779,7329180,21933,5898158080,1,25869:3,28.346834978078117,796467,304256216,2312572
27496755,25869,1932996608,5037297664,177,854,471392,23,1910386688,1766,2004903,329782,7329259,21934,5890789376,1,25869:3,28.340798709080396,796488,304270664,2312656
27602837,25869,1941385216,5037297664,177,858,473405,23,1918251008,1766,2004904,329785,7329340,21934,5882912768,1,25869:4,37.70687239234589,796503,304286024,2312744
27708540,25869,1949249536,5037297664,177,861,475360,23,1926115328,1766,2004904,329788,7329420,21934,5875036160,1,25869:3,28.381216039746416,796518,304301384,2312828
27814010,25869,1957113856,5037297664,177,864,477280,23,1933979648,1766,2004904,329791,7329500,21934,5866901504,1,25869:3,28.444250265029304,796534,304317768,2312912
27919731,25869,1965109248,5037297664,177,867,479167,23,1942233088,1768,2004905,329794,7329581,21934,5858856960,1,25869:3,28.376507101121582,796549,304332864,2312992
28025704,25869,1973235712,5037297664,177,870,481215,23,1950097408,1768,2004905,329797,7329661,21934,5850980352,1,25869:4,28.309130457975584,796564,304348224,2313080
28131357,25869,1981100032,5037297664,177,874,483135,23,1957961728,1768,2004906,329800,7329742,21934,5843103744,1,25869:3,37.85988805058263,796579,304363584,2313164
28236651,25869,1988964352,5037297664,177,877,485055,23,1965826048,1768,2004906,329803,7329822,21934,5834686464,1,25869:3,28.491467403833365,796595,304379968,2313240
28342507,25869,1996828672,5037297664,177,880,486975,23,1974214656,1768,2004907,329807,7329902,21934,5826838528,1,25869:3,28.340497244226725,796610,304395328,2313328
28448399,25869,2004168704,5037297664,177,883,488679,23,1980956672,1784,2004908,329811,7329981,21935,5819928576,1,25869:3,28.33074004756448,796630,304409176,2313412
28554286,25869,2010460160,5037297664,177,886,490286,23,1988321280,1800,2004908,329814,7330059,21938,5813297152,1,25869:3,28.332033144852282,796654,304423904,2313500
28660153,25869,2018455552,5037297664,177,889,492206,23,1996709888,1800,2004909,329817,7330140,21938,5805215744,1,25869:3,28.33744145945078,796669,304439264,2313584
28766370,25869,2026713088,5037297664,177,893,494254,23,2004574208,1800,2004910,329820,7330221,21938,5797339136,1,25869:4,37.65888920850825,796684,304454624,2313672
28871829,25869,2034577408,5037297664,177,896,496174,23,2012438528,1800,2004910,329823,7330301,21938,5789462528,1,25869:3,28.446913451100265,796700,304471008,2313748
28977269,25869,2042441728,5037297664,177,899,498094,23,2020167680,1800,2004910,329826,7330381,21938,5781463040,1,25869:3,28.452320653784252,796715,304486368,2313832
29082803,25869,2050306048,5037297664,177,903,499981,23,2028556288,1802,2004911,329830,7330462,21938,5773344768,1,25869:4,37.90265291090954,796730,304501464,2313912
29188900,25869,2058563584,5037297664,177,906,502029,23,2036420608,1802,2004912,329833,7330542,21938,5765468160,1,25869:3,28.275811692519397,796746,304517848,2313992
29294561,25869,2066427904,5037297664,177,909,503949,23,2044284928,1802,2004912,329836,7330622,21938,5757591552,1,25869:3,28.392833323298046,796762,304533208,2314076
29400045,25869,2074292224,5037297664,177,912,505869,23,2052149248,1802,2004913,329839,7330703,21938,5749456896,1,25869:3,28.440149383591045,796777,304548568,2314160
29505925,25869,2082287616,5037297664,177,916,507824,23,2059210752,1818,2004913,329842,7330782,21939,5741793280,1,25869:4,37.77873469213935,796796,304562360,2314256
29611374,25869,2088316928,5037297664,177,918,509308,23,2066747392,1834,2004914,329843,7330860,21942,5735677952,1,25869:2,18.966587463777966,796819,304576056,2314352
29717193,25869,2096181248,5037297664,177,921,511228,23,2074611712,1834,2004914,329847,7330940,21942,5727801344,1,25869:3,28.35017221737366,796835,304591416,2314440
29822667,25869,2104045568,5037297664,177,924,513148,23,2082476032,1834,2004914,329850,7331020,21942,5719924736,1,25869:3,28.443047760172092,796850,304606776,2314516
29928165,25869,2111909888,5037297664,177,928,515068,23,2090340352,1834,2004914,329853,7331101,21942,5711953920,1,25869:4,37.91533165204115,796866,304623160,2314596
30033789,25869,2119774208,5037297664,177,931,516988,23,2098204672,1834,2004914,329863,7331172,21942,5702393856,1,25869:3,28.402779090748837,796881,304638520,2314672
30139245,25869,2128031744,5037297664,177,934,518925,23,2106458112,1836,2004915,329866,7331252,21942,5694349312,1,25869:3,28.447857850226676,796896,304653616,2314748
30244845,25869,2135896064,5037297664,177,937,520923,23,2114322432,1836,2004916,329869,7331333,21942,5686472704,1,25869:3,28.40893137787588,796911,304668976,2314832
30350238,25869,2143760384,5037297664,177,940,522843,23,2122186752,1836,2004916,329873,7331413,21942,5678596096,1,25869:3,28.465076269088147,796927,304685360,2314912
30455659,25869,2151624704,5037297664,177,943,524763,23,2130575360,1836,2004916,329876,7331494,21942,5670268928,1,25869:3,28.45733606456727,796942,304700720,2315000
30561204,25869,2159357952,5037297664,177,946,526643,23,2137608192,1842,2004917,329879,7331573,21944,5663092736,1,25869:3,28.423791338673876,796959,304716088,2315084
30666593,25869,2165780480,5037297664,177,948,528201,23,2145177600,1869,2004918,329882,7331652,21946,5656174592,1,25869:2,18.97729515606344,796985,304729240,2315172
30772109,25869,2173775872,5037297664,177,951,530121,23,2153041920,1869,2004918,329884,7331733,21946,5648297984,1,25869:3,28.43163671237365,797000,304744600,2315264
30877734,25869,2182033408,5037297664,177,954,532169,23,2160906240,1869,2004918,329887,7331813,21946,5640421376,1,25869:3,28.402487868587368,797015,304759960,2315340
30982960,25869,2189897728,5037297664,177,956,534089,23,2168770560,1869,2004919,329890,7331894,21946,5632544768,1,25869:2,19.006698711390495,797031,304776344,2315420
31088368,25869,2197762048,5037297664,177,959,536009,23,2177159168,1869,2004920,329891,7331975,21946,5624156160,1,25869:3,28.460946970083633,797046,304791704,2315516
31193898,25869,2206019584,5037297664,177,962,538024,23,2184888320,1871,2004920,329893,7332055,21946,5616427008,1,25869:3,28.427718871806558,797061,304806800,2315600
31299321,25869,2213883904,5037297664,177,965,539944,23,2192752640,1871,2004921,329895,7332136,21946,5608550400,1,25869:3,28.456998643578192,797076,304822160,2315688
31404601,25869,2221748224,5037297664,178,967,541864,23,2200616960,1871,2004921,329898,7332217,21946,5600673792,1,25869:3,28.49540283666036,797091,304837520,2315780
31510118,25869,2229612544,5037297664,178,970,543784,23,2208481280,1871,2004921,329900,7332297,21946,5592797184,1,25869:3,28.431513034142835,797107,304853904,2315860
31615533,25869,2237083648,5037297664,178,972,545612,23,2216218624,1874,2004922,329903,7332376,21949,5585797120,1,25869:3,18.972472157138213,797122,304867992,2315944
31720941,25869,2244423680,5037297664,178,975,547355,23,2223607808,1904,2004922,329906,7332454,21951,5578559488,1,25869:2,28.461081974974434,797150,304882424,2316028
31826482,25869,2252550144,5037297664,178,978,549399,23,2231472128,1904,2004923,329909,7332535,21951,5570756608,1,25869:3,28.424823618284485,797165,304897784,2316100
31931878,25869,2260414464,5037297664,178,981,551319,23,2239336448,1904,2004923,329912,7332615,21951,5562953728,1,25869:3,28.46399596266681,797181,304914168,2316180
32037391,25869,2268278784,5037297664,178,984,553239,23,2247200768,1904,2004923,329915,7332696,21951,5554401280,1,25869:3,28.432546144174275,797196,304929528,2316260
32142813,25869,2276143104,5037297664,178,986,555159,23,2255589376,1904,2004924,329918,7332777,21951,5546713088,1,25869:2,18.97135492354468,797211,304944888,2316340
32248366,25869,2284400640,5037297664,178,989,557174,23,2263318528,1906,2004924,329920,7332858,21951,5538922496,1,25869:3,28.42186136816474,797227,304961008,2316432
32353737,25869,2292264960,5037297664,178,992,559094,23,2271182848,1906,2004924,329922,7332939,21951,5531045888,1,25869:3,28.470895399410782,797243,304976368,2316520
32459051,25869,2300129280,5037297664,178,994,561014,23,2279047168,1906,2004924,329925,7333020,21951,5523169280,1,25869:2,18.990817151788196,797258,304991728,2316608
32564430,25869,2307993600,5037297664,178,997,562934,23,2287435776,1906,2004925,329927,7333101,21951,5514842112,1,25869:3,28.46863294706396,797273,305007088,2316692
32669991,25869,2317168640,5037297664,178,1000,565165,23,2296041472,1912,2004925,329931,7333180,21952,5506129920,1,25869:3,28.419527819207925,797292,305024504,2316760
32775379,25869,2331717632,5049909248,179,1003,568733,23,2301829120,1918,2004926,329935,7333259,21952,5491539968,1,25869:4,37.954980705443226,797304,305035200,2316820
32880661,25869,2331979776,5049909248,179,1004,568785,23,2308673536,1920,2004927,329936,7333341,21952,5490876416,1,25869:1,9.498354747231636,797320,305050616,2316912
32985880,25869,2340499456,5049909248,189,1005,570864,23,2308673536,1920,2004937,329938,7333414,21952,5482360832,1,25869:11,104.54292914252284,797320,305050616,2316912
33091033,25869,2370514944,5153722368,198,1007,578147,23,2308673536,1920,2004947,329939,7333487,21952,5451395072,1,25869:11,104.61024282443394,797320,305050616,2316912
33195963,25869,2418225152,5153722368,205,1010,589813,23,2308673536,1920,2004954,329943,7333560,21952,5403656192,1,25869:10,95.30089035619224,797320,305050616,2316912
33300781,25869,2435612672,5141110784,208,1014,597157,23,2312343552,1921,2004957,329947,7333636,21952,5387485184,1,25869:7,66.78261910212639,797326,305056760,2316948
33406339,25869,2435612672,5141110784,208,1015,597157,23,2320732160,1921,2004957,329949,7333718,21952,5387386880,1,25869:1,9.473516339816774,797341,305072120,2317044
33511751,25869,2435612672,5141110784,208,1017,597157,23,2328596480,1921,2004958,329950,7333801,21952,5387509760,1,25869:2,18.973101918788693,797357,305087480,2317140
33617276,25869,2435612672,5141110784,208,1018,597157,23,2336460800,1921,2004958,329951,7333883,21952,5387374592,1,25869:1,9.476471390390726,797372,305102840,2317236
33722684,25869,2435612672,5141110784,208,1019,597157,23,2344325120,1921,2004958,329953,7333965,21952,5387497472,1,25869:1,9.486907261591886,797387,305118200,2317324
33828021,25869,2435612672,5141110784,208,1021,597157,23,2352189440,1921,2004959,329953,7334047,21952,5387165696,1,25869:2,18.98672320153367,797402,305133560,2317424
33933385,25869,2435612672,5141110784,209,1022,597157,23,2360053760,1921,2004959,329954,7334130,21952,5387313152,1,25869:2,18.981767860116218,797418,305149944,2317528
34039203,25869,2435612672,5141110784,209,1023,597157,23,2368442368,1921,2004960,329956,7334212,21952,5387251712,1,25869:1,9.450157873392417,797433,305165304,2317620
34145100,25869,2435612672,5141110784,209,1024,597157,23,2376306688,1921,2004960,329957,7334295,21952,5387448320,1,25869:1,9.443178717492625,797448,305180664,2317720
34250748,25869,2435612672,5141110784,209,1026,597157,23,2384171008,1921,2004960,329959,7334377,21952,5387411456,1,25869:2,18.93073527922361,797463,305196024,2317812
34356125,25869,2435612672,5141110784,209,1027,597157,23,2392035328,1921,2004960,329962,7334459,21952,5387612160,1,25869:1,9.489791963641798,797478,305211384,2317908
34461639,25869,2435612672,5141110784,209,1029,597157,23,2399899648,1921,2004960,329964,7334541,21952,5387476992,1,25869:2,18.95468638651583,797494,305227768,2318004
34567358,25869,2435612672,5141110784,209,1030,597157,23,2408288256,1921,2004961,329966,7334624,21952,5387636736,1,25869:1,9.459040769080552,797509,305243128,2318092
34673319,25869,2439151616,5141110784,213,1031,598032,23,2411966464,1923,2004966,329966,7334703,21952,5383581696,1,25869:5,47.18722741413324,797519,305252360,2318144
34779365,25869,2448326656,5141110784,223,1031,600275,23,2411966464,1923,2004976,329967,7334776,21952,5374550016,1,25869:10,94.29858852175326,797519,305252360,2318144
34885410,25869,2457501696,5141110784,233,1032,602512,23,2411966464,1923,2004986,329968,7334850,21952,5365260288,1,25869:11,103.72983440154317,797519,305252360,2318144
34991395,25869,2466676736,5141110784,243,1033,604752,23,2411966464,1923,2004997,329969,7334923,21952,5356228608,1,25869:11,103.78839237601794,797519,305252360,2318144
35097453,25869,2475982848,5141110784,253,1033,607004,23,2411966464,1923,2005006,329976,7334989,21952,5345390592,1,25869:10,94.28784616085537,797519,305252360,2318144
35203592,25869,2485157888,5141110784,262,1034,609258,23,2411966464,1923,2005018,329978,7335061,21952,5336166400,1,25869:11,94.21592868193378,797519,305252360,2318144
35309744,25869,2494332928,5141110784,272,1035,611506,23,2411966464,1923,2005027,329979,7335134,21952,5326876672,1,25869:10,103.62515458046924,797519,305252360,2318144
35415820,25869,2503639040,5141110784,281,1037,613752,23,2411966464,1923,2005036,329982,7335208,21952,5317586944,1,25869:11,103.69935768806393,797519,305252360,2318144
35522017,25869,2512814080,5141110784,291,1038,616003,23,2411966464,1923,2005046,329984,7335281,21952,5308555264,1,25869:11,103.58120431662805,797519,305252360,2318144
35627980,25869,2521989120,5141110784,301,1038,618249,23,2411966464,1923,2005057,329984,7335355,21952,5299007488,1,25869:10,94.37245089983047,797519,305252360,2318144
35734031,25869,2531164160,5141110784,311,1038,620498,23,2411966464,1923,2005067,329985,7335428,21952,5289717760,1,25869:10,94.29466187923869,797519,305252360,2318144
35839958,25869,2539421696,5141110784,321,1038,622501,23,2413469696,1924,2005077,329985,7335502,21952,5281939456,1,25869:10,94.40422630350783,797521,305254408,2318160
35945594,25869,2541256704,5141110784,330,1039,622963,24,2413514752,1926,2005086,329986,7335576,21953,5279928320,1,25869:10,94.66469047183229,797523,305255384,2318164
36050542,25869,2541256704,5141110784,336,1040,622963,24,2418233344,1927,2005092,329987,7335653,21953,5279973376,1,25869:7,66.69989655513045,797530,305262552,2318212
36155874,25869,2541256704,5141110784,336,1041,622963,24,2426097664,1927,2005092,329988,7335735,21953,5280096256,1,25869:1,9.493763480313438,797546,305278936,2318312
36261587,25869,2541256704,5141110784,336,1042,622963,24,2434486272,1927,2005092,329990,7335818,21953,5279997952,1,25869:1,9.45953656746564,797561,305294296,2318404
36367365,25869,2541256704,5141110784,336,1043,622963,24,2442350592,1927,2005093,329992,7335900,21953,5280210944,1,25869:1,9.4538095562586,797576,305309656,2318492
36472859,25869,2541256704,5141110784,336,1045,622963,24,2450214912,1927,2005093,329992,7335983,21953,5280075776,1,25869:2,18.958384639461766,797592,305326040,2318588
36578676,25869,2541256704,5141110784,336,1046,622963,24,2458603520,1927,2005094,329995,7336066,21953,5280174080,1,25869:1,9.450258343129866,797607,305341400,2318680
36684499,25869,2541256704,5141110784,336,1047,622963,24,2466467840,1927,2005094,329997,7336148,21953,5280038912,1,25869:1,9.449778340329383,797622,305356760,2318776
36789855,25869,2541256704,5141110784,336,1049,622963,24,2474332160,1927,2005094,329998,7336230,21953,5280198656,1,25869:2,18.983239109709626,797638,305373144,2318868
36895530,25869,2541256704,5141110784,336,1050,622963,24,2482720768,1927,2005095,329999,7336313,21953,5280063488,1,25869:1,9.462964285675083,797653,305388504,2318964
37001257,25869,2541256704,5141110784,336,1051,622963,24,2490585088,1927,2005095,330001,7336395,21953,5280038912,1,25869:1,9.458336218125881,797668,305403864,2319056
37106547,25869,2541256704,5141110784,336,1053,622963,24,2498973696,1927,2005096,330002,7336477,21953,5279928320,1,25869:2,18.995063145098463,797684,305420248,2319152
37212260,25869,2541256704,5141110784,336,1054,622963,24,2506838016,1927,2005096,330003,7336559,21953,5280124928,1,25869:1,9.459618623934443,797699,305435608,2319252
37317602,25869,2541256704,5141110784,336,1056,622963,24,2514702336,1927,2005096,330004,7336642,21953,5279830016,1,25869:2,18.985761988526185,797715,305451992,2319352
37423254,25869,2547023872,5141110784,341,1057,624375,24,2516807680,1929,2005103,330006,7336718,21953,5273673728,1,25869:6,56.790503976537344,797722,305457128,2319384
37529262,25869,2556329984,5141110784,352,1057,626619,24,2516807680,1929,2005113,330007,7336792,21953,5264642048,1,25869:11,103.7653854823698,797722,305457128,2319384
37635335,25869,2565505024,5141110784,360,1060,628871,24,2516807680,1929,2005122,330010,7336865,21953,5255352320,1,25869:11,103.70180075820157,797722,305457128,2319384
37741381,25869,2574680064,5141110784,370,1060,631116,24,2516807680,1929,2005132,330011,7336939,21953,5246062592,1,25869:10,94.29907048274637,797722,305457128,2319384
37847332,25869,2583855104,5141110784,379,1062,633358,24,2516807680,1929,2005142,330012,7337012,21953,5237030912,1,25869:11,103.8213721202429,797722,305457128,2319384
37953361,25869,2593030144,5141110784,388,1063,635605,24,2516807680,1929,2005151,330014,7337085,21953,5227741184,1,25869:10,94.31418984148652,797722,305457128,2319384
38059318,25869,2602336256,5141110784,399,1063,637857,24,2516807680,1929,2005163,330014,7337159,21953,5218451456,1,25869:11,103.8152069685448,797722,305457128,2319384
38165421,25869,2611380224,5141110784,407,1066,640080,24,2516807680,1929,2005170,330020,7337230,21953,5212532736,1,25869:11,103.67284717371655,797722,305457128,2319384
38271266,25869,2620555264,5141110784,416,1067,642327,24,2516807680,1929,2005181,330021,7337303,21953,5202984960,1,25869:11,94.47832752197141,797722,305457128,2319384
38377244,25869,2629861376,5141110784,426,1068,644575,24,2516807680,1929,2005190,330022,7337376,21953,5193953280,1,25869:10,103.79451418817224,797722,305457128,2319384
38483273,25869,2639036416,5141110784,436,1069,646824,24,2516807680,1929,2005200,330024,7337450,21953,5184663552,1,25869:11,103.74515971062759,797722,305457128,2319384
38589312,25869,2645065728,5141110784,443,1070,648307,24,2520477696,1930,2005208,330025,7337527,21953,5178773504,1,25869:8,75.44385150292405,797727,305462248,2319420
38695755,25869,2645065728,5141110784,443,1072,648307,24,2528342016,1930,2005208,330028,7337608,21953,5178896384,1,25869:2,18.78947386617175,797742,305477608,2319516
38801080,25869,2645065728,5141110784,443,1074,648307,24,2536206336,1930,2005208,330029,7337690,21953,5179019264,1,25869:2,18.988788886120116,797758,305493992,2319608
38907122,25869,2645065728,5141110784,443,1076,648307,24,2544594944,1930,2005208,330032,7337772,21953,5178859520,1,25869:2,18.860525508558982,797773,305509352,2319704
39013492,25869,2645065728,5141110784,443,1078,648307,24,2552459264,1930,2005208,330033,7337854,21953,5178724352,1,25869:2,18.80225817376938,797788,305524712,2319804
39119147,25869,2645065728,5141110784,443,1079,648307,24,2560323584,1930,2005209,330035,7337937,21953,5178847232,1,25869:1,9.46475172654818,797803,305540072,2319896
39224517,25869,2645065728,5141110784,443,1080,648307,24,2568712192,1930,2005209,330037,7338019,21953,5178748928,1,25869:1,9.49034728236598,797819,305556456,2319988
39330306,25869,2645065728,5141110784,443,1082,648307,24,2576576512,1930,2005210,330038,7338102,21953,5178773504,1,25869:2,18.905608399776934,797835,305571816,2320080
39436072,25869,2645065728,5141110784,443,1083,648307,24,2584440832,1930,2005210,330039,7338184,21953,5178638336,1,25869:1,9.454859823477388,797850,305587176,2320180
39541867,25869,2645065728,5141110784,443,1084,648307,24,2592305152,1930,2005211,330044,7338263,21953,5178454016,1,25869:2,9.452204841150877,797865,305602536,2320276
39647545,25869,2645065728,5141110784,443,1087,648307,24,2600169472,1930,2005211,330046,7338345,21953,5178269696,1,25869:2,28.388276871810604,797881,305618920,2320364
39754082,25869,2645065728,5141110784,443,1089,648307,24,2608558080,1930,2005212,330048,7338427,21953,5178417152,1,25869:2,18.772771019256904,797896,305634280,2320456
39860377,25869,2645065728,5141110784,443,1091,648307,24,2616422400,1930,2005212,330051,7338509,21953,5178281984,1,25869:2,18.815635168145644,797911,305649640,2320560
39965993,25869,2648866816,5141110784,447,1092,649226,24,2620100608,1932,2005218,330052,7338587,21953,5174226944,1,25869:5,47.34121420632577,797921,305658872,2320612
40072011,25869,2658172928,5141110784,456,1094,651484,24,2620100608,1932,2005227,330054,7338660,21953,5164937216,1,25869:11,103.7559248641849,797921,305658872,2320612
40178126,25869,2667479040,5141110784,465,1096,653770,24,2620100608,1932,2005236,330063,7338726,21953,5154615296,1,25869:11,103.66136756352316,797921,305658872,2320612
40284474,25869,2676785152,5141110784,474,1098,656032,24,2620100608,1932,2005245,330065,7338798,21953,5145325568,1,25869:11,103.43401493778998,797921,305658872,2320612
40390534,25869,2685698048,5141110784,483,1099,658219,24,2620100608,1932,2005254,330070,7338870,21953,5136818176,1,25869:10,94.2858823570343,797921,305658872,2320612
40496539,25869,2694479872,5141110784,492,1101,660354,24,2620100608,1932,2005263,330071,7338943,21953,5128302592,1,25869:11,103.76893390372663,797921,305658872,2320612
40602564,25869,2703261696,5141110784,502,1101,662503,24,2620100608,1932,2005274,330072,7339016,21953,5119270912,1,25869:10,94.31748828454182,797921,305658872,2320612
40708568,25869,2712174592,5141110784,511,1103,664692,24,2620100608,1932,2005282,330075,7339090,21953,5110497280,1,25869:11,103.76938224567942,797921,305658872,2320612
40814635,25869,2721349632,5141110784,521,1103,666919,24,2620100608,1932,2005293,330079,7339160,21953,5101158400,1,25869:10,94.27973455314465,797921,305658872,2320612
40920627,25869,2730524672,5141110784,532,1103,669166,24,2620100608,1932,2005303,330079,7339234,21953,5091868672,1,25869:11,103.78153887945147,797921,305658872,2320612
41026777,25869,2739699712,5141110784,542,1103,671416,24,2620100608,1932,2005315,330079,7339307,21953,5082619904,1,25869:10,94.20668279221297,797921,305658872,2320612
41132838,25869,2748874752,5141110784,552,1105,673651,24,2621149184,1933,2005324,330081,7339381,21953,5073842176,1,25869:12,113.14212540424266,797921,305658872,2320616
41238299,25869,2748874752,5141110784,552,1106,673651,24,2629013504,1933,2005325,330082,7339463,21953,5073707008,1,25869:1,9.482132211417566,797938,305675256,2320708
41344019,25869,2748874752,5141110784,552,1107,673651,24,2637402112,1933,2005325,330084,7339546,21953,5073805312,1,25869:1,9.45898484850348,797953,305690616,2320808
41449926,25869,2748874752,5141110784,552,1109,673651,24,2645266432,1933,2005326,330085,7339628,21953,5073670144,1,25869:2,18.884425596864464,797968,305705976,2320900
41555210,25869,2748874752,5141110784,552,1110,673651,24,2653130752,1933,2005326,330087,7339710,21953,5073793024,1,25869:1,9.498155548424974,797984,305722360,2320996
41661055,25869,2748874752,5141110784,552,1112,673651,24,2661519360,1933,2005327,330089,7339792,21953,5073694720,1,25869:2,18.895561426007585,797999,305737720,2321096
41766606,25869,2748874752,5141110784,552,1113,673651,24,2669383680,1933,2005328,330090,7339874,21953,5073817600,1,25869:1,9.47411086464317,798014,305754104,2321184
41872180,25869,2748874752,5141110784,552,1115,673651,24,2677248000,1933,2005328,330096,7339953,21953,5074493440,1,25869:2,18.944108797987013,798030,305769464,2321280
41978617,25869,2748874752,5141110784,552,1118,673651,24,2685636608,1933,2005328,330099,7340035,21953,5074616320,1,25869:3,28.185512798623275,798045,305784824,2321372
42083944,25869,2748874752,5141110784,552,1119,673651,24,2693500928,1933,2005329,330100,7340117,21953,5074432000,1,25869:1,9.494217945317558,798061,305801208,2321464
42189780,25869,2748874752,5141110784,552,1121,673651,24,2701889536,1933,2005330,330102,7340199,21953,5074624512,1,25869:2,18.897197892316154,798076,305816568,2321560
42295493,25869,2748874752,5141110784,552,1122,673651,24,2709753856,1933,2005330,330103,7340282,21953,5074489344,1,25869:1,9.459633567850261,798091,305831928,2321656
42400842,25869,2748874752,5141110784,552,1123,673651,24,2718142464,1933,2005330,330105,7340364,21953,5074649088,1,25869:1,9.492235275606673,798107,305848312,2321744
42506687,25869,2750709760,5141110784,553,1125,674090,24,2723393536,1935,2005333,330106,7340445,21953,5072388096,1,25869:3,28.343263946976176,798120,305860616,2321820
42612678,25869,2759491584,5141110784,562,1127,676248,24,2723393536,1935,2005342,330111,7340515,21953,5063172096,1,25869:11,103.7826815556069,798120,305860616,2321820
42718689,25869,2768273408,5141110784,572,1127,678364,24,2723393536,1935,2005353,330112,7340588,21953,5054656512,1,25869:10,94.32961035428212,798120,305860616,2321820
42824704,25869,2776924160,5141110784,582,1128,680481,24,2723393536,1935,2005363,330113,7340662,21953,5045882880,1,25869:11,103.75865638425927,798120,305860616,2321820
42930690,25869,2785574912,5141110784,591,1129,682587,24,2723393536,1935,2005373,330114,7340735,21953,5037395968,1,25869:10,94.35211984681744,798120,305860616,2321820
43036666,25869,2794225664,5141110784,600,1131,684697,24,2723393536,1935,2005382,330117,7340809,21953,5028622336,1,25869:11,103.79761503276326,798120,305860616,2321820
43142615,25869,2802876416,5141110784,610,1132,686812,24,2723393536,1935,2005392,330118,7340882,21953,5020106752,1,25869:11,103.82304581290056,798120,305860616,2321820
43248724,25869,2811527168,5141110784,619,1133,688923,24,2723393536,1935,2005402,330119,7340956,21953,5011333120,1,25869:10,94.24334239819207,798120,305860616,2321820
43354679,25869,2820177920,5141110784,629,1134,691034,24,2723393536,1935,2005413,330120,7341029,21953,5002817536,1,25869:11,103.81737037131906,798120,305860616,2321820
43460672,25869,2828828672,5141110784,639,1134,693157,24,2723393536,1935,2005423,330124,7341099,21953,4994510848,1,25869:10,94.34525843562656,798120,305860616,2321820
43566578,25869,2837479424,5141110784,650,1134,695277,24,2723393536,1935,2005434,330124,7341172,21953,4985737216,1,25869:11,103.86646602309304,798120,305860616,2321820
43672474,25869,2846261248,5141110784,659,1135,697403,24,2723393536,1935,2005444,330126,7341246,21953,4977221632,1,25869:10,94.43215813866057,798120,305860616,2321820
43778492,25869,2852683776,5141110784,667,1136,699026,24,2726014976,1936,2005452,330127,7341321,21953,4970766336,1,25869:9,84.89104390148825,798124,305864712,2321844
43884724,25869,2852683776,5141110784,667,1139,699026,24,2734403584,1936,2005452,330130,7341403,21953,4970926080,1,25869:3,28.240046153272232,798139,305880072,2321936
43991109,25869,2852683776,5141110784,667,1141,699026,24,2742267904,1936,2005453,330133,7341485,21953,4970790912,1,25869:2,18.799599688844065,798154,305895432,2322040
44097254,25869,2852683776,5141110784,667,1144,699026,24,2750132224,1936,2005454,330135,7341566,21953,4970913792,1,25869:3,28.263458354637304,798169,305910792,2322136
44202575,25869,2852683776,5141110784,667,1146,699026,24,2757996544,1936,2005454,330138,7341647,21953,4970778624,1,25869:2,18.9894123392138,798184,305927176,2322232
44308222,25869,2852683776,5141110784,667,1148,699026,24,2765860864,1936,2005454,330140,7341729,21953,4970618880,1,25869:2,18.93104886056383,798200,305942536,2322324
44414008,25869,2852683776,5141110784,667,1151,699026,24,2774249472,1936,2005454,330146,7341807,21953,4970446848,1,25869:3,28.35912755110322,798215,305957896,2322420
44520434,25869,2852683776,5141110784,667,1153,699026,24,2782113792,1936,2005455,330148,7341888,21953,4970569728,1,25869:2,18.79232071733746,798230,305973256,2322516
44626142,25869,2852683776,5141110784,667,1156,699026,24,2789978112,1936,2005456,330150,7341969,21953,4970434560,1,25869:3,28.380287604699372,798245,305988616,2322608
44731816,25869,2852683776,5141110784,667,1158,699026,24,2797842432,1936,2005456,330153,7342051,21953,4970299392,1,25869:2,18.926099967186875,798261,306005000,2322708
44838245,25869,2852683776,5141110784,667,1161,699026,24,2806231040,1936,2005457,330155,7342133,21953,4970459136,1,25869:3,28.187808073950375,798276,306020360,2322800
44944569,25869,2852683776,5141110784,667,1163,699026,24,2814095360,1936,2005457,330158,7342215,21953,4970582016,1,25869:2,18.810458931181447,798291,306035720,2322896
45051625,25869,2852683776,5141110784,667,1165,699026,24,2821959680,1936,2005458,330160,7342297,21953,4970397696,1,25869:2,18.68182936246847,798308,306052104,2322992
45158020,25869,2855436288,5141110784,671,1167,699681,24,2826686464,1938,2005462,330161,7342376,21953,4967436288,1,25869:6,56.39334395000692,798319,306062360,2323052
45264030,25869,2864611328,5141110784,679,1168,701922,24,2826686464,1938,2005471,330171,7342438,21953,4959645696,1,25869:10,84.89795068232766,798319,306062360,2323052
45370343,25869,2873262080,5141110784,689,1169,704057,24,2826686464,1938,2005481,330172,7342511,21953,4950872064,1,25869:10,103.46766031740191,798319,306062360,2323052
45476286,25869,2882043904,5141110784,699,1170,706188,24,2826686464,1938,2005490,330174,7342584,21953,4942098432,1,25869:11,103.82961959640218,798319,306062360,2323052
45582355,25869,2890825728,5141110784,708,1171,708324,24,2826686464,1938,2005500,330175,7342658,21953,4933066752,1,25869:10,94.27829016666685,798319,306062360,2323052
45688295,25869,2899607552,5141110784,718,1172,710463,24,2826686464,1938,2005510,330176,7342731,21953,4924293120,1,25869:11,103.83235597824512,798319,306062360,2323052
45794384,25869,2908258304,5141110784,728,1173,712594,24,2826686464,1938,2005521,330177,7342805,21953,4915519488,1,25869:11,103.68681273788347,798319,306062360,2323052
45900358,25869,2917040128,5141110784,738,1173,714721,24,2826686464,1938,2005531,330178,7342878,21953,4907003904,1,25869:10,94.36239513613187,798319,306062360,2323052
46006427,25869,2925690880,5141110784,747,1175,716850,24,2826686464,1938,2005541,330180,7342952,21953,4898246656,1,25869:11,103.70571245192792,798319,306062360,2323052
46112457,25869,2934472704,5141110784,757,1176,718987,24,2826686464,1938,2005550,330184,7343022,21953,4889006080,1,25869:11,103.74503740329266,798319,306062360,2323052
46218385,25869,2943123456,5141110784,767,1177,721112,24,2826686464,1938,2005561,330185,7343096,21953,4880232448,1,25869:11,103.84383231924797,798319,306062360,2323052
46324275,25869,2951905280,5141110784,775,1179,723245,24,2826686464,1938,2005569,330188,7343169,21953,4871458816,1,25869:10,94.43750890132546,798319,306062360,2323052
46430410,25869,2956492800,5141110784,780,1181,724371,24,2831405056,1939,2005575,330190,7343247,21953,4867522560,1,25869:7,65.9539724374392,798326,306069528,2323096
46536774,25869,2956492800,5141110784,780,1183,724371,24,2839269376,1939,2005575,330192,7343328,21953,4867645440,1,25869:2,18.803318808333653,798341,306084888,2323188
46642122,25869,2956492800,5141110784,781,1185,724371,24,2847133696,1939,2005576,330193,7343409,21953,4867510272,1,25869:3,28.47712237691174,798356,306100248,2323276
46747488,25869,2956492800,5141110784,781,1187,724371,24,2854998016,1939,2005576,330195,7343491,21953,4867633152,1,25869:2,18.98142251165011,798372,306116632,2323368
46853440,25869,2956492800,5141110784,781,1188,724371,24,2862862336,1939,2005576,330196,7343573,21953,4867473408,1,25869:1,9.438224869237406,798387,306131992,2323460
46959656,25869,2956492800,5141110784,781,1190,724371,24,2871250944,1939,2005576,330200,7343655,21953,4867657728,1,25869:3,18.829525973368103,798403,306147352,2323568
47066075,25869,2956492800,5141110784,781,1193,724371,24,2879115264,1939,2005577,330206,7343733,21953,4867743744,1,25869:2,28.190577891341956,798418,306162712,2323656
47172275,25869,2956492800,5141110784,781,1196,724371,24,2886979584,1939,2005577,330210,7343814,21953,4867866624,1,25869:3,28.24836679713332,798433,306178072,2323748
47277923,25869,2956492800,5141110784,781,1198,724371,24,2894843904,1939,2005578,330212,7343895,21953,4867706880,1,25869:2,18.930854618097744,798449,306194456,2323844
47384914,25869,2956492800,5141110784,781,1201,724371,24,2903232512,1939,2005579,330214,7343978,21953,4867829760,1,25869:3,28.03968112115655,798464,306209816,2323936
47492021,25869,2956492800,5141110784,781,1203,724371,24,2911096832,1939,2005579,330217,7344060,21953,4867694592,1,25869:2,18.672992055584867,798479,306225176,2324032
47597932,25869,2956492800,5141110784,781,1205,724371,24,2918961152,1939,2005580,330219,7344141,21953,4867817472,1,25869:2,18.883719869230998,798494,306240536,2324124
47703287,25869,2956492800,5141110784,781,1207,724371,24,2926825472,1939,2005580,330222,7344223,21953,4867977216,1,25869:2,18.98336685938296,798510,306256920,2324220
47809710,25869,2960949248,5141110784,786,1209,725451,24,2929979392,1941,2005586,330224,7344301,21953,4863135744,1,25869:7,65.77528563364119,798518,306264104,2324264
47915666,25869,2969731072,5141110784,795,1210,727583,24,2929979392,1941,2005595,330228,7344371,21953,4854276096,1,25869:11,94.37957636537966,798518,306264104,2324264
48021841,25869,2978381824,5141110784,806,1210,729700,24,2929979392,1941,2005606,330229,7344444,21953,4845289472,1,25869:10,103.60230098073329,798518,306264104,2324264
48127722,25869,2987032576,5141110784,816,1210,731832,24,2929979392,1941,2005616,330230,7344518,21953,4836773888,1,25869:10,94.4454246830133,798518,306264104,2324264
48233815,25869,2995945472,5141110784,826,1211,733985,24,2929979392,1941,2005626,330232,7344591,21953,4827742208,1,25869:11,103.68306665404499,798518,306264104,2324264
48339769,25869,3004596224,5141110784,835,1213,736107,24,2929979392,1941,2005634,330234,7344665,21953,4819226624,1,25869:11,103.81802391697346,798518,306264104,2324264
48445752,25869,3013509120,5141110784,843,1215,738283,24,2929979392,1941,2005643,330237,7344738,21953,4810194944,1,25869:10,94.35453154763105,798518,306264104,2324264
48551656,25869,3022422016,5141110784,853,1216,740469,24,2929979392,1941,2005652,330239,7344812,21953,4800905216,1,25869:11,103.86769099346822,798518,306264104,2324264
48657764,25869,3031203840,5141110784,862,1217,742616,24,2929979392,1941,2005661,330241,7344885,21953,4792131584,1,25869:10,94.24426789163105,798518,306264104,2324264
48763832,25869,3040116736,5141110784,871,1219,744760,24,2929979392,1941,2005671,330246,7344955,21953,4783824896,1,25869:12,103.70656698265744,798518,306264104,2324264
48869885,25869,3048767488,5141110784,882,1219,746876,24,2929979392,1941,2005682,330246,7345029,21953,4775309312,1,25869:10,103.72225413200702,798518,306264104,2324264
48975791,25869,3057418240,5141110784,892,1219,748987,24,2929979392,1941,2005692,330247,7345102,21953,4766535680,1,25869:10,94.4228332086653,798518,306264104,2324264
49081933,25869,3060301824,5141110784,895,1222,749715,24,2935746560,1942,2005696,330250,7345180,21954,4764012544,1,25869:6,56.52811496929209,798528,306273320,2324324
49187364,25869,3060301824,5141110784,895,1224,749715,24,2944135168,1942,2005697,330252,7345261,21954,4763914240,1,25869:2,18.96969803200006,798544,306289704,2324424
49293830,25869,3060301824,5141110784,895,1227,749715,24,2951999488,1942,2005698,330255,7345344,21954,4764037120,1,25869:3,28.178100132738575,798559,306305064,2324520
49400189,25869,3060301824,5141110784,895,1229,749715,24,2959863808,1942,2005698,330258,7345425,21954,4763901952,1,25869:2,18.804224861785894,798574,306320424,2324624
49505785,25869,3060301824,5141110784,895,1231,749715,24,2967728128,1942,2005698,330261,7345506,21954,4764024832,1,25869:2,18.94022921067646,798589,306335784,2324716
49611178,25869,3060301824,5141110784,895,1233,749715,24,2975592448,1942,2005699,330264,7345587,21954,4763521024,1,25869:2,18.97655996336765,798605,306352168,2324812
49717531,25869,3060301824,5141110784,895,1236,749715,24,2983981056,1942,2005700,330270,7345666,21954,4763521024,1,25869:3,28.207817977282435,798620,306367528,2324904
49823900,25869,3060301824,5141110784,895,1239,749715,24,2991845376,1942,2005700,330272,7345747,21954,4763385856,1,25869:3,28.2038512697355,798636,306382888,2325000
49930407,25869,3060301824,5141110784,895,1242,749715,24,2999709696,1942,2005700,330276,7345828,21954,4763508736,1,25869:4,28.167087878863644,798651,306398248,2325092
50036438,25869,3060301824,5141110784,895,1246,749715,24,3007574016,1942,2005701,330278,7345908,21954,4763545600,1,25869:3,37.72480138410787,798667,306414632,2325188
50142359,25869,3060301824,5141110784,895,1248,749715,24,3015962624,1942,2005701,330282,7345990,21954,4763705344,1,25869:2,18.881922089035438,798682,306429992,2325280
50248516,25869,3060301824,5141110784,895,1250,749715,24,3023826944,1942,2005701,330283,7346072,21954,4763570176,1,25869:2,18.840160885177077,798697,306445352,2325376
50354869,25869,3060301824,5141110784,895,1253,749715,24,3031691264,1942,2005702,330291,7346144,21954,4763693056,1,25869:3,28.207950326175578,798712,306460712,2325468
50460333,25869,3066200064,5141110784,901,1255,751153,24,3033272320,1944,2005709,330293,7346220,21954,4757487616,1,25869:8,75.85517033013005,798718,306465848,2325496
50566348,25869,3074850816,5141110784,910,1255,753270,24,3033272320,1944,2005720,330297,7346290,21954,4749180928,1,25869:9,84.89327877273747,798718,306465848,2325496
50672237,25869,3083632640,5141110784,919,1257,755388,24,3033272320,1944,2005728,330299,7346363,21954,4740407296,1,25869:11,103.8821594026028,798718,306465848,2325496
50778193,25869,3092283392,5141110784,929,1258,757513,24,3033272320,1944,2005739,330300,7346436,21954,4731891712,1,25869:11,103.81692161460003,798718,306465848,2325496
50883997,25869,3101065216,5141110784,937,1260,759647,24,3033272320,1944,2005748,330302,7346510,21954,4723118080,1,25869:11,94.51445565991831,798718,306465848,2325496
50989969,25869,3109715968,5141110784,947,1262,761777,24,3033272320,1944,2005758,330304,7346583,21954,4714397696,1,25869:11,113.23790133706217,798718,306465848,2325496
51095978,25869,3118497792,5141110784,956,1263,763901,24,3033272320,1944,2005767,330305,7346657,21954,4705624064,1,25869:10,94.3312049163462,798718,306465848,2325496
51202021,25869,3127148544,5141110784,966,1264,766028,24,3033272320,1944,2005778,330306,7346730,21954,4697108480,1,25869:11,103.73195316272219,798718,306465848,2325496
51307943,25869,3135930368,5141110784,974,1266,768153,24,3033272320,1944,2005787,330308,7346804,21954,4688334848,1,25869:11,94.4083483565338,798718,306465848,2325496
51414018,25869,3144581120,5141110784,984,1266,770274,24,3033272320,1944,2005797,330312,7346874,21954,4678860800,1,25869:9,94.27299386904069,798718,306465848,2325496
51519928,25869,3153231872,5141110784,992,1269,772396,24,3033272320,1944,2005805,330315,7346947,21954,4669829120,1,25869:11,103.86217542196793,798718,306465848,2325496
51625916,25869,3162013696,5141110784,1003,1269,774527,24,3033272320,1944,2005816,330316,7347021,21954,4661313536,1,25869:11,103.78500615185624,798718,306465848,2325496
51731726,25869,3164110848,5141110784,1005,1271,775059,24,3040088064,1945,2005819,330318,7347099,21955,4659331072,1,25869:4,37.80369777814909,798730,306477112,2325572
51838063,25869,3164110848,5141110784,1006,1273,775059,24,3047952384,1945,2005819,330320,7347181,21955,4659453952,1,25869:3,28.212084268254372,798746,306492472,2325664
51944019,25869,3164110848,5141110784,1006,1275,775059,24,3055816704,1945,2005820,330322,7347262,21955,4659318784,1,25869:2,18.875848467029112,798761,306507832,2325752
52049453,25869,3164110848,5141110784,1006,1278,775059,24,3063681024,1945,2005820,330325,7347343,21955,4659441664,1,25869:3,28.453906080617745,798776,306523192,2325860
52154727,25869,3164110848,5141110784,1006,1280,775059,24,3071545344,1945,2005821,330328,7347424,21955,4659699712,1,25869:2,18.997919946241968,798792,306539576,2325960
52260848,25869,3164110848,5141110784,1006,1282,775059,24,3079409664,1945,2005821,330331,7347505,21955,4659453952,1,25869:2,18.84640406841094,798807,306554936,2326068
52367076,25869,3164110848,5141110784,1006,1285,775059,24,3087798272,1945,2005822,330337,7347584,21955,4659355648,1,25869:3,28.241264254460418,798822,306570296,2326164
52473564,25869,3164110848,5141110784,1006,1288,775059,24,3095662592,1945,2005822,330340,7347666,21955,4659478528,1,25869:3,28.17210269925931,798837,306585656,2326264
52579530,25869,3164110848,5141110784,1006,1290,775059,24,3103526912,1945,2005823,330343,7347747,21955,4659343360,1,25869:2,18.874111675778398,798853,306602040,2326360
52685331,25869,3164110848,5141110784,1006,1293,775059,24,3111391232,1945,2005823,330346,7347828,21955,4659183616,1,25869:3,28.355073420169674,798868,306617400,2326464
52791516,25869,3164110848,5141110784,1006,1295,775059,24,3119779840,1945,2005824,330348,7347911,21955,4659367936,1,25869:2,18.834948974851866,798883,306632760,2326560
52898001,25869,3164110848,5141110784,1006,1297,775059,24,3127644160,1945,2005824,330350,7347992,21955,4659490816,1,25869:2,18.78198225284862,798898,306648120,2326648
53003540,25869,3164110848,5141110784,1006,1300,775059,24,3135508480,1945,2005825,330352,7348073,21955,4659355648,1,25869:3,28.425564277297745,798913,306663480,2326736
53108851,25869,3170533376,5141110784,1012,1302,776632,24,3136573440,1947,2005832,330354,7348148,21955,4652658688,1,25869:8,75.96534240779863,798918,306667608,2326756
53214912,25869,3179315200,5141110784,1020,1304,778772,24,3136573440,1947,2005842,330359,7348218,21955,4644126720,1,25869:11,94.28529029823315,798918,306667608,2326756
53320811,25869,3188097024,5141110784,1030,1305,780902,24,3136573440,1947,2005852,330360,7348291,21955,4635353088,1,25869:10,103.87292171648417,798918,306667608,2326756
53426679,25869,3196747776,5141110784,1040,1306,783012,24,3136573440,1947,2005862,330361,7348365,21955,4626579456,1,25869:11,103.90276544955724,798918,306667608,2326756
53533477,25869,3205529600,5141110784,1049,1307,785150,24,3136573440,1947,2005872,330362,7348439,21955,4618063872,1,25869:10,93.6347981817096,798918,306667608,2326756
53639356,25869,3214180352,5141110784,1058,1309,787262,24,3136573440,1947,2005882,330364,7348512,21955,4609290240,1,25869:11,103.892338749433,798918,306667608,2326756
53745407,25869,3222831104,5141110784,1068,1310,789397,24,3136573440,1947,2005891,330366,7348586,21955,4600516608,1,25869:11,103.72380237315343,798918,306667608,2326756
53851277,25869,3231612928,5141110784,1077,1311,791534,24,3136573440,1947,2005901,330368,7348659,21955,4591742976,1,25869:10,94.4557211981459,798918,306667608,2326756
53957207,25869,3240263680,5141110784,1086,1312,793645,24,3136573440,1947,2005910,330369,7348732,21955,4583276544,1,25869:10,94.40118111736976,798918,306667608,2326756
54063098,25869,3249045504,5141110784,1095,1314,795798,24,3136573440,1947,2005920,330374,7348802,21955,4575068160,1,25869:12,103.88052500612943,798918,306667608,2326756
54169048,25869,3257827328,5141110784,1105,1315,797924,24,3136573440,1947,2005930,330375,7348876,21955,4566294528,1,25869:10,103.8223922040181,798918,306667608,2326756
54275029,25869,3266609152,5141110784,1114,1316,800058,24,3136573440,1947,2005940,330377,7348949,21955,4557520896,1,25869:11,94.3571650627537,798918,306667608,2326756
54380928,25869,3267919872,5141110784,1116,1319,800403,24,3143913472,1948,2005942,330380,7349029,21955,4556193792,1,25869:4,47.21457430055574,798931,306680920,2326844
54486614,25869,3267919872,5141110784,1116,1322,800403,24,3151777792,1948,2005942,330382,7349109,21955,4556316672,1,25869:3,28.386128251706687,798946,306696280,2326932
54592887,25869,3267919872,5141110784,1116,1324,800403,24,3160166400,1948,2005942,330385,7349191,21955,4556218368,1,25869:4,18.819308750040424,798961,306711640,2327024
54699294,25869,3267919872,5141110784,1117,1327,800403,24,3168030720,1948,2005943,330388,7349272,21955,4556341248,1,25869:2,37.59182343255865,798976,306727000,2327112
54805230,25869,3267919872,5141110784,1117,1330,800403,24,3175895040,1948,2005943,330392,7349353,21955,4556206080,1,25869:3,28.318761568450086,798991,306742360,2327204
54910630,25869,3267919872,5141110784,1117,1332,800403,24,3183759360,1948,2005944,330395,7349434,21955,4555247616,1,25869:2,18.97535223187334,799006,306757720,2327296
55015875,25869,3267919872,5141110784,1117,1335,800403,24,3191623680,1948,2005944,330400,7349511,21955,4556095488,1,25869:3,28.505104523087365,799022,306774104,2327388
55122277,25869,3267919872,5141110784,1117,1338,800403,24,3200012288,1948,2005945,330403,7349593,21955,4555984896,1,25869:3,28.194894350112527,799037,306789464,2327480
55228559,25869,3267919872,5141110784,1117,1341,800403,24,3207876608,1948,2005946,330406,7349674,21955,4556107776,1,25869:3,28.22680508866068,799052,306804824,2327580
55334545,25869,3267919872,5141110784,1117,1343,800403,24,3215740928,1948,2005946,330408,7349755,21955,4555972608,1,25869:2,18.87047595907024,799068,306821208,2327672
55440314,25869,3267919872,5141110784,1117,1346,800403,24,3223605248,1948,2005946,330417,7349827,21955,4554805248,1,25869:3,28.363439469796553,799082,306836568,2327772
55545946,25869,3267919872,5141110784,1117,1348,800403,24,3231469568,1948,2005946,330421,7349908,21955,4554645504,1,25869:2,18.93366238271413,799098,306851928,2327872
55652173,25869,3267919872,5141110784,1117,1351,800403,24,3239333888,1948,2005947,330424,7349989,21955,4554743808,1,25869:3,28.24144184760935,799114,306867288,2327968
55758558,25869,3275259904,5141110784,1125,1352,802175,24,3239866368,1950,2005957,330424,7350064,21955,4547088384,1,25869:9,84.59899381340718,799117,306869352,2327980
55864534,25869,3283910656,5141110784,1134,1353,804298,24,3239866368,1950,2005966,330430,7350134,21955,4538781696,1,25869:10,94.36035521389559,799117,306869352,2327980
55970488,25869,3292561408,5141110784,1142,1356,806422,24,3239866368,1950,2005974,330433,7350208,21955,4530044928,1,25869:11,103.81937120721882,799117,306869352,2327980
56076405,25869,3301343232,5141110784,1151,1357,808546,24,3239866368,1950,2005983,330434,7350281,21955,4521271296,1,25869:10,94.41321328781382,799117,306869352,2327980
56182371,25869,3310125056,5141110784,1161,1358,810685,24,3239866368,1950,2005994,330436,7350354,21955,4512497664,1,25869:11,103.80712439996651,799117,306869352,2327980
56288270,25869,3318775808,5141110784,1171,1359,812802,24,3239866368,1950,2006004,330436,7350428,21955,4503724032,1,25869:11,103.8725136756427,799117,306869352,2327980
56394247,25869,3327426560,5141110784,1181,1359,814936,24,3239866368,1950,2006014,330438,7350501,21955,4495208448,1,25869:10,94.35965092251043,799117,306869352,2327980
56500061,25869,3336208384,5141110784,1190,1361,817072,24,3239866368,1950,2006024,330438,7350575,21955,4486434816,1,25869:12,103.95619769697898,799117,306869352,2327980
56606010,25869,3344990208,5141110784,1200,1361,819205,24,3239866368,1950,2006034,330440,7350648,21955,4477661184,1,25869:9,94.38532918237983,799117,306869352,2327980
56711987,25869,3353640960,5141110784,1209,1363,821327,24,3239866368,1950,2006044,330444,7350718,21955,4468912128,1,25869:11,103.79622717132908,799117,306869352,2327980
56817963,25869,3362422784,5141110784,1219,1364,823463,24,3239866368,1950,2006054,330445,7350792,21955,4459880448,1,25869:11,103.79630944295512,799117,306869352,2327980
56923857,25869,3371204608,5141110784,1228,1365,825599,24,3239866368,1950,2006063,330447,7350865,21955,4451106816,1,25869:10,94.43423951327838,799117,306869352,2327980
57029801,25869,3371728896,5141110784,1228,1368,825747,24,3248259072,1951,2006064,330451,7350947,21955,4450934784,1,25869:3,28.316756829737454,799132,306883696,2328080
57136132,25869,3371728896,5141110784,1228,1371,825747,24,3256123392,1951,2006065,330454,7351028,21955,4450799616,1,25869:3,28.213786847511273,799147,306899056,2328184
57242328,25869,3371728896,5141110784,1228,1373,825747,24,3263987712,1951,2006065,330457,7351109,21955,4450922496,1,25869:2,18.833204981902515,799162,306914416,2328272
57347575,25869,3371728896,5141110784,1228,1375,825747,24,3271852032,1951,2006066,330460,7351191,21955,4450787328,1,25869:2,19.002891308915544,799177,306929776,2328368
57452907,25869,3371728896,5141110784,1228,1378,825747,24,3279716352,1951,2006066,330462,7351272,21955,4450910208,1,25869:3,28.481436995586627,799193,306946160,2328460
57558756,25869,3371728896,5141110784,1228,1380,825747,24,3288104960,1951,2006067,330467,7351350,21955,4450529280,1,25869:2,18.89488449816911,799208,306961520,2328552
57664895,25869,3371728896,5141110784,1228,1383,825747,24,3295969280,1951,2006067,330469,7351432,21955,4450652160,1,25869:3,28.264590065978318,799223,306976880,2328644
57771328,25869,3371728896,5141110784,1228,1385,825747,24,3303833600,1951,2006068,330472,7351513,21955,4450516992,1,25869:2,18.79119511493569,799238,306992240,2328744
57876921,25869,3371728896,5141110784,1228,1387,825747,24,3311697920,1951,2006068,330475,7351595,21955,4450639872,1,25869:2,18.940640326795748,799253,307007600,2328844
57982260,25869,3371728896,5141110784,1228,1390,825747,24,3319562240,1951,2006069,330477,7351676,21955,4450480128,1,25869:3,28.479510544296698,799269,307023984,2328944
58088607,25869,3371728896,5141110784,1228,1392,825747,24,3327950848,1951,2006070,330479,7351758,21955,4450443264,1,25869:2,18.806427510343067,799284,307039344,2329036
58195054,25869,3371728896,5141110784,1228,1394,825747,24,3335815168,1951,2006070,330481,7351840,21955,4450701312,1,25869:2,18.788606123289405,799299,307054704,2329124
58301101,25869,3371728896,5141110784,1228,1397,825747,24,3343171584,1951,2006071,330483,7351921,21955,4450848768,1,25869:3,28.28929885510284,799314,307070064,2329224
58406308,25869,3379986432,5141110784,1236,1398,827753,24,3343171584,1953,2006081,330484,7351994,21955,4442333184,1,25869:9,85.54613297640698,799316,307071120,2329224
58512261,25869,3388768256,5141110784,1247,1398,829882,24,3343171584,1953,2006091,330488,7352065,21955,4433526784,1,25869:11,103.81912624275505,799316,307071120,2329224
58618283,25869,3397419008,5141110784,1257,1399,832019,24,3343171584,1953,2006102,330488,7352138,21955,4424753152,1,25869:11,103.75262100342782,799316,307071120,2329224
58724187,25869,3406462976,5141110784,1267,1399,834203,24,3343171584,1953,2006112,330489,7352212,21955,4415721472,1,25869:10,94.42461726822671,799316,307071120,2329224
58830234,25869,3415113728,5141110784,1276,1401,836318,24,3343171584,1953,2006122,330491,7352285,21955,4406947840,1,25869:11,103.72832608413782,799316,307071120,2329224
58936142,25869,3423764480,5141110784,1286,1402,838435,24,3343171584,1953,2006132,330492,7352359,21955,4398211072,1,25869:11,103.863645464581,799316,307071120,2329224
59042327,25869,3432415232,5141110784,1296,1403,840566,24,3343171584,1953,2006142,330493,7352432,21955,4389437440,1,25869:11,103.59291105045547,799316,307071120,2329224
59148266,25869,3441197056,5141110784,1304,1405,842709,24,3343171584,1953,2006151,330496,7352505,21955,4380663808,1,25869:10,94.39327275003181,799316,307071120,2329224
59254318,25869,3449978880,5141110784,1314,1406,844847,24,3343171584,1953,2006162,330497,7352578,21955,4371939328,1,25869:11,103.72339452498136,799316,307071120,2329224
59360142,25869,3458760704,5141110784,1323,1407,846983,24,3343171584,1953,2006172,330501,7352649,21955,4363616256,1,25869:11,94.49655556747578,799316,307071120,2329224
59466050,25869,3467542528,5141110784,1333,1408,849132,24,3343171584,1953,2006182,330502,7352723,21955,4354584576,1,25869:10,103.8635238584098,799316,307071120,2329224
59572735,25869,3475537920,5141110784,1340,1411,851091,24,3344744448,1954,2006189,330505,7352797,21955,4347076608,1,25869:10,93.73397383382377,799317,307072144,2329232
59678320,25869,3475537920,5141110784,1340,1413,851091,24,3352608768,1954,2006190,330508,7352878,21955,4346941440,1,25869:2,18.941993082194706,799333,307088528,2329324
59784203,25869,3475537920,5141110784,1341,1415,851091,24,3360473088,1954,2006190,330509,7352960,21955,4347101184,1,25869:3,28.3333263601869,799348,307103888,2329416
59890548,25869,3475537920,5141110784,1341,1417,851091,24,3368861696,1954,2006190,330513,7353042,21955,4346966016,1,25869:3,18.806574996775144,799363,307119248,2329516
59996813,25869,3475537920,5141110784,1341,1420,851091,24,3376726016,1954,2006191,330515,7353123,21955,4347088896,1,25869:2,28.23145357712938,799378,307134608,2329616
60102114,25869,3475537920,5141110784,1341,1422,851091,24,3384590336,1954,2006191,330517,7353204,21955,4346953728,1,25869:2,18.99317682468138,799393,307149968,2329704
60207405,25869,3475537920,5141110784,1341,1424,851091,24,3392454656,1954,2006192,330522,7353282,21955,4346806272,1,25869:2,18.99486776718055,799408,307165328,2329796
60312902,25869,3475537920,5141110784,1341,1426,851091,24,3400318976,1954,2006192,330524,7353363,21955,4346671104,1,25869:2,18.95803277347166,799424,307181712,2329888
60418601,25869,3475537920,5141110784,1342,1428,851091,24,3408707584,1954,2006192,330526,7353445,21955,4346769408,1,25869:3,28.382279062382327,799439,307197072,2329976
60524796,25869,3475537920,5141110784,1342,1431,851091,24,3416571904,1954,2006193,330533,7353517,21955,4345602048,1,25869:3,28.24995138889615,799454,307212432,2330072
60630764,25869,3475537920,5141110784,1342,1433,851091,24,3424436224,1954,2006194,330535,7353598,21955,4345724928,1,25869:2,18.87366639616928,799470,307227792,2330164
60736431,25869,3475537920,5141110784,1343,1435,851091,24,3432300544,1954,2006194,330536,7353679,21955,4345589760,1,25869:3,28.391120351558534,799486,307244176,2330260
60842050,25869,3475537920,5141110784,1343,1437,851091,24,3440164864,1954,2006194,330539,7353761,21955,4345712640,1,25869:2,18.935858349251212,799501,307259536,2330348
60948070,25869,3476455424,5141110784,1343,1439,851312,24,3446464512,1956,2006196,330542,7353841,21955,4344582144,1,25869:2,18.86440951931683,799515,307272864,2330436
61054018,25869,3485237248,5141110784,1353,1441,853439,24,3446464512,1956,2006206,330547,7353912,21955,4336312320,1,25869:12,113.26373132317644,799515,307272864,2330436
61159835,25869,3493888000,5141110784,1362,1442,855568,24,3446464512,1956,2006215,330548,7353985,21955,4327538688,1,25869:10,94.50206277212577,799515,307272864,2330436
61265825,25869,3502669824,5141110784,1372,1443,857700,24,3446464512,1956,2006225,330549,7354058,21955,4318765056,1,25869:11,103.78423062207125,799515,307272864,2330436
61371729,25869,3511320576,5141110784,1381,1444,859831,24,3446464512,1956,2006234,330552,7354132,21955,4309991424,1,25869:10,94.42435692150083,799515,307272864,2330436
61477740,25869,3520102400,5141110784,1391,1445,861961,24,3446464512,1956,2006244,330552,7354205,21955,4301475840,1,25869:11,103.76363142826072,799515,307272864,2330436
61583671,25869,3528884224,5141110784,1400,1446,864102,24,3446464512,1956,2006254,330554,7354279,21955,4292702208,1,25869:10,94.40043878834356,799515,307272864,2330436
61689580,25869,3537666048,5141110784,1410,1447,866237,24,3446464512,1956,2006264,330555,7354352,21955,4283928576,1,25869:11,103.86340127183189,799515,307272864,2330436
61795444,25869,3546316800,5141110784,1420,1448,868370,24,3446464512,1956,2006275,330556,7354426,21955,4274896896,1,25869:11,103.90669133776767,799515,307272864,2330436
61901402,25869,3555098624,5141110784,1430,1448,870506,24,3446464512,1956,2006285,330559,7354496,21955,4266385408,1,25869:10,94.37675544304254,799515,307272864,2330436
62007280,25869,3563880448,5141110784,1439,1449,872648,24,3446464512,1956,2006295,330561,7354569,21955,4257353728,1,25869:11,94.44880724473732,799515,307272864,2330436
62113097,25869,3572662272,5141110784,1449,1450,874797,24,3446464512,1956,2006305,330562,7354643,21955,4248580096,1,25869:10,103.95255491990667,799515,307272864,2330436
62218967,25869,3579346944,5141110784,1457,1451,876435,24,3449085952,1957,2006313,330563,7354718,21955,4242128896,1,25869:9,85.01014907833128,799518,307275936,2330464
62324447,25869,3579346944,5141110784,1457,1453,876435,24,3456950272,1957,2006313,330565,7354800,21955,4242030592,1,25869:2,18.96099834510303,799534,307292320,2330556
62430728,25869,3579346944,5141110784,1457,1455,876435,24,3465338880,1957,2006314,330568,7354882,21955,4242153472,1,25869:3,18.81803968039592,799549,307307680,2330648
62536433,25869,3579346944,5141110784,1457,1458,876435,24,3473203200,1957,2006314,330570,7354963,21955,4242018304,1,25869:2,28.380779737515816,799565,307323040,2330744
62641944,25869,3579346944,5141110784,1457,1460,876435,24,3481591808,1957,2006314,330574,7355043,21955,4242116608,1,25869:2,18.955285325427514,799581,307339424,2330840
62748223,25869,3579346944,5141110784,1457,1462,876435,24,3489456128,1957,2006314,330578,7355123,21956,4242755584,1,25869:2,18.81843081253835,799596,307354784,2330936
62854556,25869,3579346944,5141110784,1457,1464,876435,24,3497320448,1957,2006315,330580,7355204,21956,4242878464,1,25869:2,18.808822594226044,799612,307371168,2331024
62960377,25869,3579346944,5141110784,1457,1466,876435,24,3505709056,1957,2006315,330582,7355286,21956,4242595840,1,25869:2,18.8998840539363,799627,307386528,2331124
63066815,25869,3579346944,5141110784,1457,1469,876435,24,3513573376,1957,2006316,330584,7355368,21956,4242792448,1,25869:3,28.185391517213702,799642,307401888,2331216
63172328,25869,3579346944,5141110784,1457,1471,876435,24,3521437696,1957,2006316,330586,7355449,21956,4242706432,1,25869:2,18.955060584164638,799658,307418272,2331308
63278581,25869,3579346944,5141110784,1457,1473,876435,24,3529826304,1957,2006317,330589,7355532,21956,4242644992,1,25869:2,18.823028232029476,799673,307433632,2331404
63384743,25869,3579346944,5141110784,1457,1475,876435,24,3537690624,1957,2006317,330591,7355613,21956,4242583552,1,25869:2,18.839103366062666,799688,307448992,2331500
63490093,25869,3579346944,5141110784,1457,1477,876435,24,3545554944,1957,2006318,330592,7355694,21956,4242780160,1,25869:2,18.984215204076374,799704,307465376,2331596
63596219,25869,3582754816,5141110784,1461,1479,877259,24,3549757440,1959,2006322,330598,7355770,21956,4239155200,1,25869:6,56.53703641373365,799714,307474608,2331652
63702221,25869,3591536640,5141110784,1470,1480,879390,24,3549757440,1959,2006332,330599,7355843,21956,4230381568,1,25869:10,94.33747156916243,799714,307474608,2331652
63808093,25869,3600187392,5141110784,1480,1481,881522,24,3549757440,1959,2006342,330600,7355917,21956,4221607936,1,25869:11,103.8988800938067,799714,307474608,2331652
63914099,25869,3608969216,5141110784,1490,1481,883658,24,3549757440,1959,2006353,330600,7355990,21956,4212834304,1,25869:10,94.33472702515694,799714,307474608,2331652
64020085,25869,3617882112,5141110784,1500,1482,885821,24,3549757440,1959,2006363,330602,7356064,21956,4204060672,1,25869:11,103.78741408902445,799714,307474608,2331652
64126092,25869,3626532864,5141110784,1510,1482,887940,24,3549757440,1959,2006374,330602,7356137,21956,4195545088,1,25869:10,94.33342867298525,799714,307474608,2331652
64231878,25869,3635183616,5141110784,1520,1483,890050,24,3549757440,1959,2006384,330603,7356210,21956,4186771456,1,25869:11,103.98268918877518,799714,307474608,2331652
64337876,25869,3643834368,5141110784,1530,1484,892178,24,3549757440,1959,2006394,330606,7356281,21956,4178563072,1,25869:11,103.77635749664557,799714,307474608,2331652
64443723,25869,3652747264,5141110784,1539,1485,894336,24,3549757440,1959,2006404,330608,7356354,21956,4169531392,1,25869:10,94.47598535712925,799714,307474608,2331652
64549667,25869,3661791232,5141110784,1549,1486,896558,24,3549757440,1959,2006414,330608,7356428,21956,4160425984,1,25869:11,103.8276183654671,799714,307474608,2331652
64655598,25869,3670966272,5141110784,1558,1488,898798,24,3549757440,1959,2006423,330611,7356501,21956,4151136256,1,25869:11,103.84158546994162,799714,307474608,2331652
64761619,25869,3680141312,5141110784,1567,1489,901044,24,3549757440,1959,2006433,330612,7356575,21956,4141846528,1,25869:10,94.32052807347237,799714,307474608,2331652
64867471,25869,3683155968,5141110784,1571,1491,901779,24,3556048896,1960,2006437,330614,7356654,21956,4139102208,1,25869:6,56.68327080271078,799724,307484848,2331724
64973759,25869,3683155968,5141110784,1571,1493,901779,24,3563913216,1960,2006438,330616,7356736,21956,4138967040,1,25869:2,18.816748829530013,799739,307500208,2331812
65079667,25869,3683155968,5141110784,1571,1495,901779,24,3571777536,1960,2006438,330620,7356817,21956,4138340352,1,25869:2,18.88433626359376,799754,307515568,2331908
65185314,25869,3683155968,5141110784,1571,1498,901779,24,3579641856,1960,2006438,330624,7356895,21956,4138733568,1,25869:3,28.39646147528742,799769,307530928,2332000
65290678,25869,3683155968,5141110784,1571,1500,901779,24,3588030464,1960,2006438,330627,7356977,21956,4138831872,1,25869:2,18.981880456881335,799785,307547312,2332100
65396828,25869,3683155968,5141110784,1571,1502,901779,24,3595894784,1960,2006439,330629,7357059,21956,4138696704,1,25869:2,18.841210890709768,799800,307562672,2332192
65503288,25869,3683155968,5141110784,1571,1504,901779,24,3603759104,1960,2006440,330631,7357141,21956,4138819584,1,25869:2,18.786282358068064,799815,307578032,2332288
65608855,25869,3683155968,5141110784,1571,1506,901779,24,3611623424,1960,2006440,330640,7357212,21956,4137377792,1,25869:2,18.945334988334647,799830,307593392,2332396
65714472,25869,3683155968,5141110784,1571,1508,901779,24,3619487744,1960,2006441,330642,7357294,21956,4137537536,1,25869:2,18.936470980331634,799846,307609776,2332484
65820358,25869,3683155968,5141110784,1571,1510,901779,24,3627352064,1960,2006441,330645,7357376,21956,4137439232,1,25869:2,18.888111286334023,799861,307625136,2332576
65926623,25869,3683155968,5141110784,1571,1513,901779,24,3635740672,1960,2006442,330649,7357455,21956,4138029056,1,25869:3,28.231486786125565,799876,307640496,2332664
66033077,25869,3683155968,5141110784,1571,1515,901779,24,3643604992,1960,2006442,330651,7357536,21956,4138225664,1,25869:2,18.78743684473941,799891,307655856,2332764
66138306,25869,3683155968,5141110784,1571,1517,901779,24,3651469312,1960,2006443,330652,7357618,21956,4137930752,1,25869:2,19.006134267847216,799907,307672240,2332852
66244001,25869,3689185280,5141110784,1577,1518,903242,24,3653050368,1962,2006450,330653,7357694,21956,4131565568,1,25869:8,66.22826770249192,799912,307676352,2332880
66349993,25869,3697967104,5141110784,1587,1519,905376,24,3653050368,1962,2006460,330655,7357767,21956,4122791936,1,25869:10,103.78174254225341,799912,307676352,2332880
66455864,25869,3706617856,5141110784,1596,1521,907510,24,3653050368,1962,2006469,330656,7357841,21956,4114153472,1,25869:11,103.8999439006421,799912,307676352,2332880
66561823,25869,3715399680,5141110784,1606,1522,909648,24,3653050368,1962,2006479,330657,7357914,21956,4105379840,1,25869:11,103.81402340590972,799912,307676352,2332880
66667690,25869,3724181504,5141110784,1616,1522,911783,24,3653050368,1962,2006490,330658,7357987,21956,4096864256,1,25869:10,94.45728166130863,799912,307676352,2332880
66773636,25869,3732963328,5141110784,1625,1523,913919,24,3653050368,1962,2006500,330662,7358058,21956,4087881728,1,25869:10,94.38800183516705,799912,307676352,2332880
66879509,25869,3741745152,5141110784,1636,1523,916075,24,3653050368,1962,2006511,330662,7358131,21956,4078850048,1,25869:11,103.89867695235861,799912,307676352,2332880
66985436,25869,3750526976,5141110784,1646,1524,918213,24,3653050368,1962,2006521,330663,7358205,21956,4070334464,1,25869:11,103.84485284443276,799912,307676352,2332880
67091366,25869,3759177728,5141110784,1655,1525,920339,24,3653050368,1962,2006531,330664,7358278,21956,4061560832,1,25869:10,94.40199831660469,799912,307676352,2332880
67197328,25869,3767959552,5141110784,1665,1526,922478,24,3653050368,1962,2006541,330665,7358352,21956,4052787200,1,25869:11,103.81063452938568,799912,307676352,2332880
67303448,25869,3776741376,5141110784,1674,1528,924620,24,3653050368,1962,2006551,330667,7358425,21956,4044013568,1,25869:11,103.65632124752455,799912,307676352,2332880
67409344,25869,3785523200,5141110784,1684,1528,926748,24,3653050368,1962,2006561,330667,7358499,21956,4035239936,1,25869:10,94.43230706001803,799912,307676352,2332880
67515209,25869,3786964992,5141110784,1685,1531,927123,24,3660394496,1963,2006563,330674,7358575,21957,4033888256,1,25869:4,37.78373102441991,799925,307688648,2332956
67620555,25869,3786964992,5141110784,1685,1533,927123,24,3668258816,1963,2006563,330676,7358656,21957,4033961984,1,25869:2,18.9851611221263,799941,307705032,2333036
67726840,25869,3786964992,5141110784,1685,1535,927123,24,3676647424,1963,2006564,330679,7358738,21957,4033703936,1,25869:2,18.817361213587326,799956,307720392,2333136
67833356,25869,3786964992,5141110784,1685,1538,927123,24,3684511744,1963,2006564,330682,7358819,21957,4033900544,1,25869:3,28.16480708214964,799971,307735752,2333236
67938837,25869,3786964992,5141110784,1685,1540,927123,24,3692900352,1963,2006564,330684,7358901,21957,4033789952,1,25869:2,18.96061636337407,799987,307752136,2333328
68045068,25869,3786964992,5141110784,1685,1542,927123,24,3700764672,1963,2006565,330686,7358983,21957,4034150400,1,25869:2,18.826918788730264,800002,307767496,2333432
68150976,25869,3786964992,5141110784,1685,1544,927123,24,3708628992,1963,2006565,330689,7359064,21957,4034015232,1,25869:2,18.8844478857364,800018,307782856,2333524
68256536,25869,3786964992,5141110784,1685,1546,927123,24,3717017600,1963,2006565,330691,7359146,21957,4034113536,1,25869:2,18.946561337427152,800034,307799240,2333620
68362750,25869,3786964992,5141110784,1685,1548,927123,24,3724881920,1963,2006566,330696,7359225,21957,4033781760,1,25869:2,18.829887799665663,800049,307814600,2333716
68468244,25869,3786964992,5141110784,1685,1550,927123,24,3732746240,1963,2006566,330699,7359307,21957,4033904640,1,25869:2,18.958317428094944,800065,307830984,2333816
68574081,25869,3786964992,5141110784,1685,1552,927123,24,3741134848,1963,2006566,330702,7359389,21957,4033806336,1,25869:2,18.897056658704834,800080,307846344,2333908
68680258,25869,3786964992,5141110784,1685,1555,927123,24,3748999168,1963,2006566,330704,7359471,21957,4033929216,1,25869:3,28.254607504745856,800096,307862728,2334004
68787052,25869,3786964992,5141110784,1685,1557,927123,24,3756859392,1963,2006566,330706,7359553,21957,4033794048,1,25869:2,18.727704901411183,800111,307878088,2334100
68892944,25869,3795091456,5141110784,1695,1557,929096,24,3756859392,1965,2006576,330706,7359626,21958,4025536512,1,25869:10,94.4358376146686,800112,307879104,2334104
68998823,25869,3803742208,5141110784,1704,1558,931225,24,3756859392,1965,2006587,330708,7359700,21958,4016762880,1,25869:10,94.44772875927013,800112,307879104,2334104
69104747,25869,3812524032,5141110784,1714,1559,933360,24,3756859392,1965,2006596,330711,7359771,21958,4007952384,1,25869:11,103.84812140494914,800112,307879104,2334104
69210767,25869,3821305856,5141110784,1722,1561,935495,24,3756859392,1965,2006606,330713,7359844,21958,3999744000,1,25869:10,94.3211953053436,800112,307879104,2334104
69316684,25869,3829956608,5141110784,1733,1561,937624,24,3756859392,1965,2006616,330714,7359918,21958,3990970368,1,25869:11,103.85490231440933,800112,307879104,2334104
69422747,25869,3838738432,5141110784,1743,1562,939759,24,3756859392,1965,2006627,330714,7359991,21958,3982196736,1,25869:11,103.71251486754257,800112,307879104,2334104
69528709,25869,3847520256,5141110784,1753,1562,941901,24,3756859392,1965,2006638,330715,7360064,21958,3973423104,1,25869:10,94.37285969432179,800112,307879104,2334104
69634736,25869,3856302080,5141110784,1762,1563,944043,24,3756859392,1965,2006648,330716,7360138,21958,3964649472,1,25869:10,94.31622776814427,800112,307879104,2334104
69740648,25869,3864952832,5141110784,1773,1564,946181,24,3756859392,1965,2006658,330716,7360211,21958,3956133888,1,25869:12,113.3008033508486,800112,307879104,2334104
69846644,25869,3873734656,5141110784,1782,1565,948314,24,3756859392,1965,2006668,330720,7360284,21958,3947016192,1,25869:10,94.34362690544762,800112,307879104,2334104
69952534,25869,3882516480,5141110784,1792,1566,950441,24,3756859392,1965,2006678,330722,7360356,21958,3938033664,1,25869:11,103.88126077248674,800112,307879104,2334104
70058673,25869,3890774016,5141110784,1802,1566,952467,24,3757965312,1966,2006688,330724,7360430,21958,3929989120,1,25869:10,94.21574316049764,800115,307879216,2334108
70164113,25869,3890774016,5141110784,1802,1568,952467,24,3765829632,1966,2006688,330725,7360512,21958,3929853952,1,25869:2,18.96825118774921,800131,307895600,2334208
70270199,25869,3890774016,5141110784,1802,1570,952467,24,3774218240,1966,2006688,330728,7360593,21958,3930013696,1,25869:2,18.852503180700076,800147,307910960,2334300
70375784,25869,3890774016,5141110784,1802,1572,952467,24,3782082560,1966,2006689,330730,7360675,21958,3929878528,1,25869:2,18.942247474174422,800163,307927344,2334396
70481724,25869,3890774016,5141110784,1802,1574,952467,24,3790471168,1966,2006690,330731,7360757,21958,3929976832,1,25869:2,18.87857293393535,800178,307942704,2334496
70587812,25869,3890774016,5141110784,1802,1576,952467,24,3798335488,1966,2006690,330733,7360839,21958,3929841664,1,25869:2,18.852295797234135,800193,307958064,2334588
70693136,25869,3890774016,5141110784,1802,1578,952467,24,3806199808,1966,2006690,330746,7360907,21958,3931123712,1,25869:2,18.989029211801572,800209,307974448,2334680
70799170,25869,3890774016,5141110784,1803,1580,952467,24,3814588416,1966,2006691,330748,7360990,21958,3931222016,1,25869:3,28.29278932611895,800224,307989808,2334776
70905321,25869,3890774016,5141110784,1803,1582,952467,24,3822452736,1966,2006691,330749,7361071,21958,3931086848,1,25869:2,18.841055583327794,800240,308006192,2334876
71011321,25869,3890774016,5141110784,1803,1584,952467,24,3830841344,1966,2006692,330752,7361154,21958,3931082752,1,25869:2,18.867917052334754,800255,308021552,2334968
71118078,25869,3890774016,5141110784,1803,1586,952467,24,3838705664,1966,2006692,330754,7361235,21958,3930861568,1,25869:2,18.73418805256195,800270,308036912,2335060
71224435,25869,3890774016,5141110784,1803,1588,952467,24,3847094272,1966,2006692,330756,7361318,21958,3931041792,1,25869:2,18.804563615608355,800286,308053296,2335156
71330797,25869,3890774016,5141110784,1803,1590,952467,24,3854958592,1966,2006693,330758,7361399,21958,3931164672,1,25869:2,18.80368705328257,800301,308068656,2335256
71436124,25869,3892740096,5141110784,1805,1591,952950,24,3860721664,1968,2006696,330762,7361476,21958,3928510464,1,25869:4,28.482608675796904,800314,308081960,2335336
71542233,25869,3901521920,5141110784,1815,1593,955086,24,3860721664,1968,2006706,330764,7361550,21958,3919736832,1,25869:11,113.0912562844929,800314,308081960,2335336
71648217,25869,3910303744,5141110784,1822,1596,957228,24,3860721664,1968,2006714,330766,7361623,21958,3910963200,1,25869:10,94.35367777898237,800314,308081960,2335336
71754220,25869,3918954496,5141110784,1832,1597,959367,24,3860721664,1968,2006725,330767,7361697,21958,3902189568,1,25869:11,103.77158485520887,800314,308081960,2335336
71860197,25869,3927867392,5141110784,1841,1598,961510,24,3860721664,1968,2006735,330768,7361770,21958,3893415936,1,25869:11,94.35942832944248,800314,308081960,2335336
71966191,25869,3936518144,5141110784,1851,1599,963654,24,3860721664,1968,2006745,330770,7361844,21958,3884666880,1,25869:10,103.77945725645871,800314,308081960,2335336
72072187,25869,3945431040,5141110784,1860,1601,965828,24,3860721664,1968,2006754,330772,7361917,21958,3875893248,1,25869:11,103.77811198103586,800314,308081960,2335336
72178126,25869,3954475008,5141110784,1869,1602,968008,24,3860721664,1968,2006764,330775,7361988,21958,3867222016,1,25869:10,94.39319879634324,800314,308081960,2335336
72283981,25869,3963256832,5141110784,1876,1605,970151,24,3860721664,1968,2006772,330778,7362062,21958,3858190336,1,25869:11,94.46973777203553,800314,308081960,2335336
72390041,25869,3972038656,5141110784,1886,1606,972298,24,3860721664,1968,2006782,330779,7362135,21958,3849416704,1,25869:10,103.71455273480991,800314,308081960,2335336
72495925,25869,3980820480,5141110784,1895,1608,974462,24,3860721664,1968,2006791,330781,7362208,21958,3840643072,1,25869:11,103.88702365509417,800314,308081960,2335336
72601993,25869,3989602304,5141110784,1904,1609,976589,24,3860721664,1968,2006801,330783,7362282,21958,3831869440,1,25869:10,94.27925278978202,800314,308081960,2335336
72707888,25869,3994583040,5141110784,1911,1610,977811,24,3864920064,1969,2006807,330784,7362358,21959,3827273728,1,25869:8,75.54673811801611,800321,308088112,2335380
72813532,25869,3994583040,5141110784,1911,1612,977811,24,3872784384,1969,2006808,330785,7362440,21959,3827138560,1,25869:2,18.93137732575875,800336,308103472,2335468
72919041,25869,3994583040,5141110784,1911,1614,977811,24,3880648704,1969,2006808,330790,7362519,21959,3827027968,1,25869:2,18.955779200050955,800352,308119856,2335560
73025268,25869,3994583040,5141110784,1911,1616,977811,24,3889037312,1969,2006809,330792,7362601,21959,3826954240,1,25869:2,18.82762789840623,800367,308135216,2335664
73131409,25869,3994583040,5141110784,1911,1618,977811,24,3896901632,1969,2006810,330795,7362683,21959,3827077120,1,25869:2,18.842919440913622,800382,308150576,2335760
73237750,25869,3994583040,5141110784,1911,1620,977811,24,3904765952,1969,2006810,330796,7362765,21959,3826941952,1,25869:2,18.8074444002574,800397,308165936,2335852
73343240,25869,3994583040,5141110784,1911,1622,977811,24,3912630272,1969,2006810,330798,7362846,21959,3827064832,1,25869:2,18.958968715521337,800413,308182320,2335940
73449372,25869,3994583040,5141110784,1911,1624,977811,24,3921018880,1969,2006811,330800,7362928,21959,3826966528,1,25869:2,18.844472937287527,800428,308197680,2336032
73555570,25869,3994583040,5141110784,1911,1626,977811,24,3928883200,1969,2006812,330802,7363011,21959,3827089408,1,25869:2,18.83288736271355,800443,308213040,2336132
73662006,25869,3994583040,5141110784,1911,1628,977811,24,3936747520,1969,2006812,330806,7363091,21959,3826941952,1,25869:2,18.790510991128897,800458,308228400,2336232
73767594,25869,3994583040,5141110784,1911,1630,977811,24,3944611840,1969,2006812,330809,7363171,21959,3826929664,1,25869:2,18.94152970449045,800474,308244784,2336324
73873611,25869,3994583040,5141110784,1911,1632,977811,24,3953000448,1969,2006812,330812,7363253,21959,3826769920,1,25869:2,18.86498034556739,800489,308260144,2336420
73979717,25869,3994583040,5141110784,1911,1634,977811,24,3960864768,1969,2006813,330814,7363336,21959,3826892800,1,25869:2,18.84909783599728,800505,308275504,2336520
74086370,25869,3998121984,5141110784,1914,1636,978682,24,3965054976,1971,2006818,330816,7363414,21959,3822874624,1,25869:5,46.88082860551897,800515,308285736,2336576
74192400,25869,4006903808,5141110784,1925,1636,980821,24,3965054976,1971,2006828,330816,7363488,21959,3814359040,1,25869:11,103.74418223846406,800515,308285736,2336576
74298376,25869,4015685632,5141110784,1935,1636,982964,24,3965054976,1971,2006840,330816,7363561,21959,3805327360,1,25869:10,94.36113430953387,800515,308285736,2336576
74404298,25869,4024598528,5141110784,1945,1637,985150,24,3965054976,1971,2006849,330819,7363634,21959,3796590592,1,25869:11,103.85057247014412,800515,308285736,2336576
74510240,25869,4033380352,5141110784,1955,1638,987284,24,3965054976,1971,2006860,330821,7363706,21959,3788156928,1,25869:11,103.83031347900776,800515,308285736,2336576
74616145,25869,4042162176,5141110784,1964,1639,989414,24,3965054976,1971,2006870,330822,7363779,21959,3779383296,1,25869:11,94.42376223076894,800515,308285736,2336576
74722358,25869,4050944000,5141110784,1975,1639,991564,24,3965054976,1971,2006881,330822,7363853,21959,3770609664,1,25869:10,103.5659264298352,800515,308285736,2336576
74828222,25869,4059594752,5141110784,1984,1640,993696,24,3965054976,1971,2006890,330824,7363926,21959,3761836032,1,25869:10,94.46029388467743,800515,308285736,2336576
74934266,25869,4068376576,5141110784,1993,1642,995835,24,3965054976,1971,2006900,330825,7363999,21959,3753070592,1,25869:11,103.73064922420083,800515,308285736,2336576
75040277,25869,4077158400,5141110784,2003,1643,997984,24,3965054976,1971,2006909,330827,7364073,21959,3744296960,1,25869:11,103.76289732723566,800515,308285736,2336576
75146242,25869,4085940224,5141110784,2011,1645,1000130,24,3965054976,1971,2006919,330832,7364144,21959,3735400448,1,25869:10,94.3709671569877,800515,308285736,2336576
75252098,25869,4094853120,5141110784,2021,1646,1002280,24,3965054976,1971,2006929,330832,7364217,21959,3726626816,1,25869:11,103.9145017930211,800515,308285736,2336576
75358106,25869,4098392064,5141110784,2024,1649,1003155,24,3970826240,1972,2006933,330835,7364295,21959,3723325440,1,25869:6,56.599523814999586,800525,308294960,2336624
75464221,25869,4098392064,5141110784,2024,1651,1003155,24,3978690560,1972,2006933,330838,7364378,21959,3723190272,1,25869:2,18.84753611720363,800540,308310320,2336720
75570511,25869,4098392064,5141110784,2024,1653,1003155,24,3986554880,1972,2006934,330839,7364459,21959,3723313152,1,25869:2,18.816387507996023,800555,308325680,2336808
75676089,25869,4098392064,5141110784,2024,1655,1003155,24,3994419200,1972,2006934,330843,7364541,21959,3723436032,1,25869:2,18.943301354072865,800570,308341040,2336916
75782448,25869,4098392064,5141110784,2024,1657,1003155,24,4002283520,1972,2006935,330851,7364614,21959,3722477568,1,25869:2,18.804335185281417,800586,308357424,2337012
75888705,25869,4098392064,5141110784,2024,1659,1003155,24,4010672128,1972,2006935,330855,7364693,21959,3722825728,1,25869:2,18.822297503465045,800601,308372784,2337104
75994944,25869,4098392064,5141110784,2024,1661,1003155,24,4018536448,1972,2006936,330857,7364776,21959,3722690560,1,25869:2,18.825368185139062,800617,308388144,2337196
76101144,25869,4098392064,5141110784,2024,1663,1003155,24,4026400768,1972,2006936,330859,7364857,21959,3722813440,1,25869:2,18.832488358815024,800632,308403504,2337296
76206835,25869,4098392064,5141110784,2024,1665,1003155,24,4034265088,1972,2006936,330860,7364939,21959,3722678272,1,25869:2,18.923033579140704,800648,308419888,2337384
76312834,25869,4098392064,5141110784,2024,1667,1003155,24,4042653696,1972,2006937,330863,7365021,21959,3722776576,1,25869:2,18.868050374637875,800663,308435248,2337492
76419045,25869,4098392064,5141110784,2024,1669,1003155,24,4050518016,1972,2006937,330865,7365104,21959,3722641408,1,25869:2,18.830493592901018,800678,308450608,2337580
76525357,25869,4098392064,5141110784,2024,1671,1003155,24,4058382336,1972,2006938,330867,7365185,21959,3722764288,1,25869:2,18.81262623330992,800693,308465968,2337680
76630845,25869,4098392064,5141110784,2024,1673,1003155,24,4066246656,1972,2006938,330871,7365264,21959,3722948608,1,25869:2,18.95935063086528,800708,308481328,2337772
76736242,25869,4103372800,5141110784,2029,1674,1004388,24,4069388288,1974,2006944,330873,7365341,21959,3717566464,1,25869:7,56.92814964452213,800716,308489512,2337820
76842300,25869,4112678912,5141110784,2039,1676,1006642,24,4069388288,1974,2006954,330875,7365414,21959,3708276736,1,25869:11,113.14497052927095,800716,308489512,2337820
76948243,25869,4121985024,5141110784,2049,1676,1008901,24,4069388288,1974,2006965,330875,7365488,21959,3699040256,1,25869:10,94.39008037277588,800716,308489512,2337820
77054432,25869,4131160064,5141110784,2057,1678,1011147,24,4069388288,1974,2006974,330877,7365561,21959,3689832448,1,25869:10,94.17175172152554,800716,308489512,2337820
77160324,25869,4139941888,5141110784,2067,1680,1013290,24,4069388288,1974,2006984,330879,7365634,21959,3680800768,1,25869:12,113.32313890967163,800716,308489512,2337820
77266375,25869,4148723712,5141110784,2077,1680,1015433,24,4069388288,1974,2006995,330879,7365708,21959,3672027136,1,25869:10,94.29425465106411,800716,308489512,2337820
77372404,25869,4157767680,5141110784,2086,1682,1017661,24,4069388288,1974,2007004,330883,7365779,21959,3663147008,1,25869:11,103.74569003856804,800716,308489512,2337820
77478548,25869,4166942720,5141110784,2094,1684,1019897,24,4069388288,1974,2007013,330885,7365853,21959,3653857280,1,25869:10,94.2110467822382,800716,308489512,2337820
77584472,25869,4176117760,5141110784,2104,1684,1022147,24,4069388288,1974,2007023,330886,7365926,21959,3644567552,1,25869:10,94.40779130130576,800716,308489512,2337820
77690406,25869,4185423872,5141110784,2114,1685,1024393,24,4069388288,1974,2007033,330888,7365999,21959,3635535872,1,25869:11,103.83774683719192,800716,308489512,2337820
77796326,25869,4194598912,5141110784,2123,1687,1026649,24,4069388288,1974,2007042,330890,7366073,21959,3626246144,1,25869:11,103.85224612393206,800716,308489512,2337820
77902309,25869,4202201088,5141110784,2129,1690,1028499,24,4071489536,1975,2007050,330892,7366147,21960,3618992128,1,25869:9,84.91934520995167,800719,308491568,2337832
78007599,25869,4202201088,5141110784,2130,1691,1028499,24,4079353856,1975,2007050,330896,7366226,21960,3619127296,1,25869:2,18.995213605071008,800735,308507952,2337924
78113914,25869,4202201088,5141110784,2130,1693,1028499,24,4087742464,1975,2007051,330898,7366308,21960,3619205120,1,25869:2,18.811947979846988,800750,308523312,2338024
78220097,25869,4202201088,5141110784,2130,1695,1028499,24,4095606784,1975,2007051,330900,7366390,21960,3619069952,1,25869:2,18.835503473714184,800765,308538672,2338116
78326245,25869,4202201088,5141110784,2130,1697,1028499,24,4103471104,1975,2007052,330901,7366472,21960,3619192832,1,25869:2,18.841484415421608,800780,308554032,2338208
78431524,25869,4202201088,5141110784,2130,1699,1028499,24,4111335424,1975,2007052,330904,7366553,21960,3619057664,1,25869:2,18.99719073342872,800795,308569392,2338304
78536875,25869,4202201088,5141110784,2130,1701,1028499,24,4119724032,1975,2007053,330907,7366635,21960,3619155968,1,25869:2,18.98422277248836,800811,308585776,2338400
78643129,25869,4202201088,5141110784,2130,1703,1028499,24,4127588352,1975,2007054,330909,7366718,21960,3619020800,1,25869:2,18.82280679313968,800826,308601136,2338488
78749520,25869,4202201088,5141110784,2130,1706,1028499,24,4135452672,1975,2007054,330912,7366797,21960,3618533376,1,25869:3,28.197897468891863,800841,308616496,2338584
78855061,25869,4202201088,5141110784,2130,1708,1028499,24,4143316992,1975,2007055,330914,7366878,21960,3618398208,1,25869:2,18.94988995325157,800856,308631856,2338680
78960491,25869,4202201088,5141110784,2130,1710,1028499,24,4151181312,1975,2007055,330916,7366960,21960,3618557952,1,25869:2,18.9699528088278,800872,308648240,2338772
79066857,25869,4202201088,5141110784,2131,1712,1028499,24,4159569920,1975,2007055,330918,7367042,21960,3618422784,1,25869:3,28.20453617503938,800887,308663600,2338860
79173089,25869,4202201088,5141110784,2131,1714,1028499,24,4167434240,1975,2007055,330921,7367124,21960,3618545664,1,25869:2,18.82671958832441,800902,308678960,2338960
79278616,25869,4203511808,5141110784,2131,1716,1028829,24,4173721600,1977,2007057,330923,7367204,21960,3616813056,1,25869:2,18.952463780965164,800916,308693288,2339040
79384526,25869,4212817920,5141110784,2141,1717,1031089,24,4173721600,1977,2007067,330924,7367277,21960,3607560192,1,25869:11,103.86152033966418,800916,308693288,2339040
79490498,25869,4221861888,5141110784,2150,1718,1033308,24,4173721600,1977,2007077,330927,7367349,21960,3598921728,1,25869:10,94.36462214451946,800916,308693288,2339040
79596444,25869,4231168000,5141110784,2160,1719,1035564,24,4173721600,1977,2007087,330928,7367422,21960,3589373952,1,25869:11,103.82663835886858,800916,308693288,2339040
79702475,25869,4240343040,5141110784,2168,1721,1037822,24,4173721600,1977,2007096,330931,7367496,21960,3580084224,1,25869:10,94.3125967440934,800916,308693288,2339040
79808426,25869,4249649152,5141110784,2177,1724,1040077,24,4173721600,1977,2007104,330933,7367569,21960,3570794496,1,25869:12,113.25963377950457,800916,308693288,2339040
79914433,25869,4258824192,5141110784,2187,1724,1042333,24,4173721600,1977,2007116,330933,7367642,21960,3561541632,1,25869:10,94.33290987604533,800916,308693288,2339040
80020416,25869,4268130304,5141110784,2198,1724,1044590,24,4173721600,1977,2007126,330934,7367715,21960,3552522240,1,25869:11,103.79055564066381,800916,308693288,2339040
80126534,25869,4277305344,5141110784,2207,1725,1046832,24,4173721600,1977,2007136,330938,7367787,21960,3543650304,1,25869:10,94.2345724293803,800916,308693288,2339040
80232407,25869,4286480384,5141110784,2216,1727,1049085,24,4173721600,1977,2007146,330939,7367861,21960,3534102528,1,25869:11,103.89830796316113,800916,308693288,2339040
80338457,25869,4295786496,5141110784,2225,1728,1051337,24,4173721600,1977,2007156,330940,7367934,21960,3525070848,1,25869:10,94.29521760021746,800916,308693288,2339040
80444376,25869,4304961536,5141110784,2235,1729,1053580,24,4173721600,1977,2007166,330942,7368007,21960,3515781120,1,25869:11,103.85265596653241,800916,308693288,2339040
80550519,25869,4306010112,5141110784,2235,1732,1053843,24,4181590016,1978,2007167,330944,7368088,21961,3515117568,1,25869:3,28.263813302815947,800930,308706608,2339136
80656182,25869,4306010112,5141110784,2235,1734,1053843,24,4189454336,1978,2007168,330946,7368169,21961,3514982400,1,25869:2,18.928159825595937,800945,308721968,2339232
80761618,25869,4306010112,5141110784,2235,1736,1053843,24,4197318656,1978,2007168,330954,7368247,21961,3514519552,1,25869:2,18.968806007178063,800961,308738352,2339328
80868190,25869,4306010112,5141110784,2235,1739,1053843,24,4205182976,1978,2007168,330964,7368320,21961,3512836096,1,25869:3,28.14988669905186,800976,308753712,2339420
80974495,25869,4306010112,5141110784,2235,1742,1053843,24,4213571584,1978,2007168,330966,7368402,21961,3512934400,1,25869:3,28.220642756745907,800991,308769072,2339508
81080845,25869,4306010112,5141110784,2236,1744,1053843,24,4221435904,1978,2007169,330968,7368483,21961,3512799232,1,25869:3,28.208845769348734,801006,308784432,2339600
81186394,25869,4306010112,5141110784,2236,1746,1053843,24,4229300224,1978,2007170,330970,7368564,21961,3512922112,1,25869:2,18.948633192453403,801021,308799792,2339696
81291730,25869,4306010112,5141110784,2236,1748,1053843,24,4237164544,1978,2007170,330972,7368646,21961,3512786944,1,25869:2,18.986738162115262,801037,308816176,2339788
81397932,25869,4306010112,5141110784,2236,1750,1053843,24,4245553152,1978,2007170,330978,7368725,21961,3513204736,1,25869:2,18.832007980553016,801052,308831536,2339884
81504299,25869,4306010112,5141110784,2236,1753,1053843,24,4253417472,1978,2007170,330980,7368807,21961,3513069568,1,25869:3,28.204260140677206,801067,308846896,2339980
81610705,25869,4306010112,5141110784,2236,1755,1053843,24,4261281792,1978,2007171,330982,7368888,21961,3513192448,1,25869:2,18.79601469979922,801083,308862256,2340072
81716408,25869,4306010112,5141110784,2236,1758,1053843,24,4269146112,1978,2007171,330984,7368969,21961,3513057280,1,25869:3,28.381328003774037,801099,308878640,2340172
81822273,25869,4306010112,5141110784,2236,1760,1053843,24,4277010432,1978,2007172,330988,7369050,21961,3513131008,1,25869:2,18.891954738277,801114,308894000,2340276
81928573,25869,4313219072,5141110784,2243,1763,1055614,24,4278054912,1980,2007179,330990,7369125,21961,3505471488,1,25869:10,94.07327015178093,801117,308897064,2340296
82034597,25869,4321869824,5141110784,2253,1764,1057732,24,4278054912,1980,2007189,330992,7369199,21961,3496955904,1,25869:11,103.75017553822315,801117,308897064,2340296
82140636,25869,4330651648,5141110784,2261,1766,1059853,24,4278054912,1980,2007198,330996,7369269,21961,3488563200,1,25869:10,94.30485084160101,801117,308897064,2340296
82246564,25869,4339302400,5141110784,2270,1768,1061983,24,4278054912,1980,2007208,330998,7369343,21961,3479789568,1,25869:11,103.84448619810959,801117,308897064,2340296
82352424,25869,4348084224,5141110784,2279,1769,1064110,24,4278054912,1980,2007217,331000,7369416,21961,3471273984,1,25869:10,94.46482953481438,801117,308897064,2340296
82458413,25869,4356734976,5141110784,2289,1770,1066225,24,4278054912,1980,2007228,331000,7369490,21961,3462500352,1,25869:11,103.78402694950393,801117,308897064,2340296
82564391,25869,4365385728,5141110784,2298,1771,1068355,24,4278054912,1980,2007237,331002,7369563,21961,3453726720,1,25869:10,94.35894486091652,801117,308897064,2340296
82670357,25869,4374167552,5141110784,2306,1773,1070486,24,4278054912,1980,2007246,331004,7369637,21961,3444953088,1,25869:10,94.36978001819186,801117,308897064,2340296
82776329,25869,4382818304,5141110784,2316,1775,1072604,24,4278054912,1980,2007256,331008,7369708,21961,3436126208,1,25869:12,113.23745681430081,801117,308897064,2340296
82882284,25869,4391600128,5141110784,2326,1775,1074736,24,4278054912,1980,2007266,331009,7369781,21961,3427352576,1,25869:10,94.37976164183563,801117,308897064,2340296
82988250,25869,4400250880,5141110784,2335,1777,1076868,24,4278054912,1980,2007275,331011,7369855,21961,3418320896,1,25869:11,103.80745061745095,801117,308897064,2340296
83094400,25869,4409032704,5141110784,2345,1778,1079005,24,4278054912,1980,2007286,331012,7369928,21961,3409547264,1,25869:11,103.62657887221931,801117,308897064,2340296
83200388,25869,4409819136,5141110784,2345,1780,1079187,24,4285923328,1981,2007287,331014,7370008,21962,3409158144,1,25869:2,18.870038328633154,801132,308911408,2340372
83306522,25869,4409819136,5141110784,2346,1782,1079187,24,4294311936,1981,2007288,331016,7370090,21962,3409256448,1,25869:3,28.266165559058535,801147,308926768,2340464
83412644,25869,4409819136,5141110784,2346,1784,1079187,24,4302176256,1981,2007288,331020,7370169,21962,3409334272,1,25869:2,18.84624849781265,801162,308942128,2340552
83518646,25869,4409819136,5141110784,2346,1786,1079187,24,4310040576,1981,2007288,331022,7370250,21962,3409457152,1,25869:2,18.867642581642933,801177,308957488,2340644
83623918,25869,4409819136,5141110784,2346,1788,1079187,24,4317904896,1981,2007289,331024,7370331,21962,3409321984,1,25869:2,18.998243336928976,801194,308973872,2340740
83729814,25869,4409819136,5141110784,2347,1790,1079187,24,4325769216,1981,2007289,331026,7370413,21962,3409395712,1,25869:3,28.329915234627222,801209,308989232,2340832
83836080,25869,4409819136,5141110784,2347,1793,1079187,24,4334157824,1981,2007290,331029,7370495,21962,3409346560,1,25869:3,28.230833513101004,801224,309004592,2340924
83942401,25869,4409819136,5141110784,2347,1794,1079187,24,4342022144,1981,2007290,331030,7370577,21962,3409469440,1,25869:1,9.405516963987912,801239,309019952,2341016
84047762,25869,4409819136,5141110784,2347,1796,1079187,24,4349886464,1981,2007290,331033,7370658,21962,3409334272,1,25869:2,18.982278249428862,801254,309035312,2341108
84153090,25869,4409819136,5141110784,2347,1799,1079187,24,4357750784,1981,2007290,331038,7370736,21962,3409620992,1,25869:3,28.482462109092328,801270,309051696,2341208
84259525,25869,4409819136,5141110784,2347,1802,1079187,24,4366139392,1981,2007291,331042,7370818,21962,3409485824,1,25869:3,28.18618595590025,801285,309067056,2341304
84366101,25869,4409819136,5141110784,2347,1805,1079187,24,4374003712,1981,2007292,331045,7370898,21962,3409633280,1,25869:3,28.149028274432197,801300,309082416,2341392
84471859,25869,4409819136,5141110784,2347,1808,1079187,24,4381868032,1981,2007292,331048,7370979,21962,3409498112,1,25869:3,28.36678088834659,801315,309097776,2341488
84577258,25869,4417421312,5141110784,2356,1809,1081036,24,4382388224,1983,2007302,331048,7371053,21962,3401793536,1,25869:10,94.8771356273967,801318,309100840,2341504
84683231,25869,4426072064,5141110784,2364,1811,1083154,24,4382388224,1983,2007311,331050,7371127,21962,3393019904,1,25869:11,94.36410211396161,801318,309100840,2341504
84789139,25869,4434722816,5141110784,2373,1813,1085265,24,4382388224,1983,2007319,331056,7371198,21962,3384205312,1,25869:10,103.86344246088979,801318,309100840,2341504
84895082,25869,4443373568,5141110784,2381,1815,1087380,24,4382388224,1983,2007328,331058,7371271,21962,3375431680,1,25869:10,94.39026569047499,801318,309100840,2341504
85001066,25869,4452024320,5141110784,2389,1818,1089491,24,4382388224,1983,2007337,331060,7371344,21962,3366662144,1,25869:11,103.78941279111102,801318,309100840,2341504
85106915,25869,4460675072,5141110784,2399,1818,1091612,24,4382388224,1983,2007347,331062,7371418,21962,3358146560,1,25869:11,94.47438678919303,801318,309100840,2341504
85212862,25869,4469325824,5141110784,2408,1820,1093723,24,4382388224,1983,2007356,331063,7371491,21962,3349372928,1,25869:10,103.8252908800025,801318,309100840,2341504
85318891,25869,4477976576,5141110784,2418,1821,1095836,24,4382388224,1983,2007366,331065,7371565,21962,3340857344,1,25869:11,103.74548651724129,801318,309100840,2341504
85424808,25869,4486627328,5141110784,2427,1822,1097946,24,4382388224,1983,2007376,331068,7371636,21962,3332071424,1,25869:10,94.41325072601902,801318,309100840,2341504
85530903,25869,4495278080,5141110784,2436,1823,1100059,24,4382388224,1983,2007386,331070,7371709,21962,3323297792,1,25869:11,94.25463075121611,801318,309100840,2341504
85636861,25869,4504059904,5141110784,2446,1824,1102194,24,4382388224,1983,2007396,331071,7371783,21962,3314524160,1,25869:10,103.81524811938678,801318,309100840,2341504
85742836,25869,4512710656,5141110784,2455,1826,1104318,24,4382388224,1983,2007406,331072,7371856,21962,3305750528,1,25869:11,103.79798232763862,801318,309100840,2341504
85848903,25869,4513628160,5141110784,2457,1827,1104531,24,4390256640,1984,2007407,331075,7371934,21962,3305058304,1,25869:3,28.284031296959444,801332,309114160,2341592
85953907,25869,4513628160,5141110784,2457,1829,1104531,24,4398120960,1984,2007408,331083,7372008,21962,3304148992,1,25869:2,19.04688202398416,801348,309130544,2341680
86059890,25869,4513628160,5141110784,2458,1831,1104531,24,4405985280,1984,2007408,331088,7372086,21962,3304235008,1,25869:3,28.306470571390168,801363,309145904,2341776
86166378,25869,4513628160,5141110784,2458,1835,1104531,24,4414373888,1984,2007409,331092,7372168,21962,3304394752,1,25869:4,37.562862154118584,801378,309161264,2341864
86272808,25869,4513628160,5141110784,2458,1838,1104531,24,4422238208,1984,2007409,331095,7372248,21962,3304259584,1,25869:3,28.187598313644983,801393,309176624,2341960
86378503,25869,4513628160,5141110784,2458,1840,1104531,24,4430102528,1984,2007410,331098,7372329,21962,3304382464,1,25869:2,18.922309924710873,801408,309191984,2342064
86483920,25869,4513628160,5141110784,2458,1843,1104531,24,4437966848,1984,2007410,331100,7372411,21962,3304505344,1,25869:3,28.458550846385283,801423,309208368,2342172
86589726,25869,4513628160,5141110784,2458,1845,1104531,24,4445831168,1984,2007410,331103,7372492,21962,3304370176,1,25869:2,18.902503805806486,801439,309223728,2342264
86695791,25869,4513628160,5141110784,2458,1847,1104531,24,4454219776,1984,2007411,331106,7372574,21962,3304960000,1,25869:2,18.856302464067124,801454,309239088,2342364
86802391,25869,4513628160,5141110784,2458,1850,1104531,24,4462084096,1984,2007412,331111,7372653,21962,3304570880,1,25869:3,28.14264693470618,801469,309254448,2342452
86908280,25869,4513628160,5141110784,2458,1853,1104531,24,4469948416,1984,2007412,331114,7372734,21962,3304693760,1,25869:3,28.331509256329046,801484,309269808,2342552
87013624,25869,4513628160,5141110784,2458,1855,1104531,24,4477812736,1984,2007413,331117,7372814,21962,3304558592,1,25869:2,18.98534909154013,801500,309286192,2342656
87119837,25869,4513628160,5141110784,2458,1858,1104531,24,4486201344,1984,2007414,331120,7372896,21962,3304718336,1,25869:3,28.24526383180691,801515,309301552,2342752
87226224,25869,4520968192,5141110784,2465,1861,1106336,24,4486721536,1986,2007423,331121,7372970,21962,3296952320,1,25869:10,93.995974246419,801518,309304616,2342768
87332192,25869,4529750016,5141110784,2474,1862,1108463,24,4486721536,1986,2007433,331122,7373044,21962,3288178688,1,25869:10,94.368145858728,801518,309304616,2342768
87438243,25869,4538269696,5141110784,2484,1863,1110566,24,4486721536,1986,2007443,331126,7373115,21962,3279904768,1,25869:11,103.72425130326694,801518,309304616,2342768
87544171,25869,4547051520,5141110784,2493,1864,1112694,24,4486721536,1986,2007453,331126,7373188,21962,3271131136,1,25869:11,94.40385466798458,801518,309304616,2342768
87650184,25869,4555833344,5141110784,2504,1864,1114830,24,4486721536,1986,2007465,331126,7373262,21962,3262357504,1,25869:10,103.76077730179041,801518,309304616,2342768
87756141,25869,4564484096,5141110784,2512,1865,1116947,24,4486721536,1986,2007473,331129,7373335,21962,3253583872,1,25869:10,84.94018215082302,801518,309304616,2342768
87862178,25869,4573265920,5141110784,2523,1865,1119081,24,4486721536,1986,2007485,331129,7373409,21962,3244810240,1,25869:10,103.73659987186454,801518,309304616,2342768
87968099,25869,4581916672,5141110784,2532,1867,1121210,24,4486721536,1986,2007493,331131,7373482,21962,3236343808,1,25869:12,103.85187942540001,801518,309304616,2342768
88074334,25869,4590567424,5141110784,2539,1871,1123331,24,4486721536,1986,2007502,331136,7373553,21962,3227566080,1,25869:10,103.54391083581567,801518,309304616,2342768
88180286,25869,4599349248,5141110784,2548,1873,1125459,24,4486721536,1986,2007510,331139,7373627,21962,3218534400,1,25869:11,103.82047356161146,801518,309304616,2342768
88286286,25869,4608131072,5141110784,2557,1874,1127594,24,4486721536,1986,2007521,331140,7373700,21962,3209760768,1,25869:10,94.33917675540043,801518,309304616,2342768
88392105,25869,4616912896,5141110784,2567,1874,1129735,24,4486721536,1986,2007531,331141,7373774,21962,3200987136,1,25869:10,94.50094556228616,801518,309304616,2342768
88498191,25869,4617437184,5141110784,2568,1877,1129875,24,4495114240,1987,2007532,331144,7373854,21963,3200864256,1,25869:4,37.70519899833123,801533,309318960,2342852
88604523,25869,4617437184,5141110784,2568,1879,1129875,24,4502978560,1987,2007532,331147,7373934,21963,3200532480,1,25869:2,18.809080497409898,801548,309334320,2342948
88710763,25869,4617437184,5141110784,2568,1881,1129875,24,4510842880,1987,2007532,331150,7374015,21963,3201114112,1,25869:2,18.825383069719297,801563,309349680,2343036
88816132,25869,4617437184,5141110784,2568,1884,1129875,24,4518707200,1987,2007533,331153,7374096,21963,3200978944,1,25869:3,28.471402028353932,801578,309365040,2343128
88921849,25869,4617437184,5141110784,2568,1886,1129875,24,4526571520,1987,2007533,331156,7374177,21963,3200905216,1,25869:2,18.918364815352692,801594,309381424,2343224
89028007,25869,4617437184,5141110784,2568,1888,1129875,24,4534960128,1987,2007534,331159,7374260,21963,3200942080,1,25869:3,18.83976157302062,801609,309396784,2343324
89134586,25869,4617437184,5141110784,2568,1891,1129875,24,4542824448,1987,2007535,331160,7374341,21963,3201064960,1,25869:2,28.14821400801875,801624,309412144,2343412
89240391,25869,4617437184,5141110784,2568,1893,1129875,24,4550688768,1987,2007535,331162,7374422,21963,3200929792,1,25869:2,18.90276446314306,801639,309427504,2343504
89345815,25869,4617437184,5141110784,2568,1896,1129875,24,4558553088,1987,2007536,331168,7374501,21963,3200303104,1,25869:3,28.456357565743005,801655,309442864,2343592
89451248,25869,4617437184,5141110784,2568,1898,1129875,24,4566417408,1987,2007536,331170,7374582,21963,3200167936,1,25869:2,18.969368055800444,801671,309459248,2343688
89557674,25869,4617437184,5141110784,2568,1900,1129875,24,4574806016,1987,2007537,331172,7374664,21963,3200327680,1,25869:2,18.79249729465558,801686,309474608,2343776
89663893,25869,4617437184,5141110784,2568,1903,1129875,24,4582670336,1987,2007538,331174,7374746,21963,3200192512,1,25869:3,28.243601856836058,801701,309489968,2343872
89770357,25869,4617437184,5141110784,2568,1905,1129875,24,4590534656,1987,2007538,331176,7374827,21963,3200315392,1,25869:2,18.785583946636468,801716,309505328,2343960
89875699,25869,4625039360,5141110784,2575,1907,1131744,24,4591054848,1989,2007546,331178,7374901,21963,3192291328,1,25869:10,85.43606439111127,801719,309508392,2343976
89981739,25869,4633821184,5141110784,2584,1909,1133875,24,4591054848,1989,2007554,331184,7374972,21963,3183796224,1,25869:10,103.73423635683552,801719,309508392,2343976
90087862,25869,4642471936,5141110784,2593,1911,1135998,24,4591054848,1989,2007564,331186,7375046,21963,3174764544,1,25869:11,103.65371525116383,801719,309508392,2343976
90193857,25869,4651253760,5141110784,2603,1911,1138130,24,4591054848,1989,2007574,331186,7375119,21963,3166248960,1,25869:10,94.34414582027415,801719,309508392,2343976
90299804,25869,4659904512,5141110784,2613,1912,1140255,24,4591054848,1989,2007585,331187,7375193,21963,3157475328,1,25869:12,103.82520954239756,801719,309508392,2343976
90405918,25869,4668817408,5141110784,2624,1912,1142415,24,4591054848,1989,2007596,331188,7375267,21963,3148443648,1,25869:10,103.66222331739792,801719,309508392,2343976
90511931,25869,4677468160,5141110784,2632,1914,1144541,24,4591054848,1989,2007605,331192,7375338,21963,3140464640,1,25869:11,94.32842336596168,801719,309508392,2343976
90618003,25869,4686249984,5141110784,2641,1916,1146667,24,4591054848,1989,2007614,331194,7375411,21963,3131432960,1,25869:10,103.70290061726794,801719,309508392,2343976
90723947,25869,4694900736,5141110784,2651,1917,1148793,24,4591054848,1989,2007624,331195,7375485,21963,3122659328,1,25869:11,103.82810935572913,801719,309508392,2343976
90829997,25869,4703682560,5141110784,2660,1918,1150923,24,4591054848,1989,2007634,331196,7375558,21963,3114143744,1,25869:10,94.29495796656091,801719,309508392,2343976
90935930,25869,4712464384,5141110784,2670,1918,1153078,24,4591054848,1989,2007645,331198,7375630,21963,3104595968,1,25869:11,94.40010461041993,801719,309508392,2343976
91042931,25869,4721246208,5141110784,2679,1920,1155219,24,4591583232,1990,2007654,331205,7375697,21964,3095789568,1,25869:10,102.8019954876653,801720,309508400,2343984
91148788,25869,4721246208,5141110784,2680,1922,1155219,24,4599971840,1990,2007654,331209,7375776,21964,3095977984,1,25869:3,28.34015161168694,801735,309523760,2344072
91254210,25869,4721246208,5141110784,2680,1924,1155219,24,4607836160,1990,2007655,331211,7375857,21964,3095842816,1,25869:2,18.971459838562556,801751,309540144,2344168
91360500,25869,4721246208,5141110784,2680,1926,1155219,24,4616224768,1990,2007655,331215,7375939,21964,3095941120,1,25869:2,18.81640945952084,801767,309555504,2344268
91466779,25869,4721246208,5141110784,2680,1928,1155219,24,4624089088,1990,2007656,331218,7376021,21964,3096064000,1,25869:3,18.81833484289311,801782,309570864,2344360
91573087,25869,4721246208,5141110784,2680,1931,1155219,24,4631953408,1990,2007656,331220,7376103,21964,3095928832,1,25869:2,28.219957068979312,801797,309586224,2344452
91678463,25869,4721246208,5141110784,2680,1933,1155219,24,4639817728,1990,2007657,331222,7376184,21964,3096051712,1,25869:2,18.97959887661652,801812,309601584,2344540
91784227,25869,4721246208,5141110784,2680,1935,1155219,24,4647682048,1990,2007657,331226,7376263,21964,3096203264,1,25869:2,18.910069721805268,801828,309617968,2344636
91890354,25869,4721246208,5141110784,2680,1937,1155219,24,4656070656,1990,2007658,331228,7376345,21964,3096363008,1,25869:2,18.84541989677949,801843,309633328,2344732
91996542,25869,4721246208,5141110784,2680,1939,1155219,24,4663934976,1990,2007658,331231,7376428,21964,3096227840,1,25869:3,18.834453749470292,801858,309648688,2344836
92102708,25869,4721246208,5141110784,2680,1942,1155219,24,4671799296,1990,2007659,331233,7376509,21964,3096350720,1,25869:2,28.2576571610357,801873,309664048,2344936
92208074,25869,4721246208,5141110784,2680,1944,1155219,24,4679663616,1990,2007659,331235,7376590,21964,3096215552,1,25869:2,18.981430077835537,801889,309680432,2345028
92313906,25869,4721246208,5141110784,2680,1946,1155219,24,4688052224,1990,2007660,331238,7376672,21964,3096313856,1,25869:2,18.897815524022533,801904,309695792,2345120
92420112,25869,4721246208,5141110784,2680,1948,1155219,24,4695388160,1992,2007660,331242,7376752,21964,3095539712,1,25869:2,18.831439147918054,801919,309711152,2345216
92526984,25869,4729896960,5141110784,2688,1950,1157348,24,4695388160,1992,2007670,331244,7376826,21964,3086508032,1,25869:10,93.56989199339651,801920,309712168,2345216
92633056,25869,4738678784,5141110784,2698,1951,1159486,24,4695388160,1992,2007680,331245,7376899,21964,3077734400,1,25869:11,103.70334838879691,801920,309712168,2345216
92739073,25869,4747460608,5141110784,2708,1952,1161621,24,4695388160,1992,2007691,331245,7376973,21964,3068960768,1,25869:11,103.75629186407205,801920,309712168,2345216
92845088,25869,4756242432,5141110784,2717,1954,1163760,24,4695388160,1992,2007700,331247,7377046,21964,3060445184,1,25869:11,103.75885995726097,801920,309712168,2345216
92951053,25869,4764893184,5141110784,2727,1954,1165889,24,4695388160,1992,2007711,331250,7377118,21964,3052421120,1,25869:10,94.37081842903542,801920,309712168,2345216
93057080,25869,4773675008,5141110784,2736,1955,1168019,24,4695388160,1992,2007720,331251,7377191,21964,3043389440,1,25869:10,94.31596890832587,801920,309712168,2345216
93163007,25869,4782456832,5141110784,2746,1956,1170154,24,4695388160,1992,2007730,331252,7377264,21964,3034615808,1,25869:11,103.8444852177753,801920,309712168,2345216
93269077,25869,4791107584,5141110784,2756,1957,1172292,24,4695388160,1992,2007740,331253,7377338,21964,3025842176,1,25869:11,103.70567138787679,801920,309712168,2345216
93374983,25869,4799889408,5141110784,2766,1957,1174425,24,4695388160,1992,2007751,331254,7377411,21964,3016810496,1,25869:10,94.42320499362786,801920,309712168,2345216
93480993,25869,4808540160,5141110784,2776,1958,1176542,24,4695388160,1992,2007761,331255,7377484,21964,3008798720,1,25869:11,103.7641208347148,801920,309712168,2345216
93586945,25869,4817321984,5141110784,2784,1960,1178668,24,4695388160,1992,2007771,331258,7377556,21964,3000090624,1,25869:11,94.38176588076324,801920,309712168,2345216
93692864,25869,4825055232,5141110784,2794,1961,1180563,24,4696965120,1993,2007780,331259,7377630,21965,2992345088,1,25869:10,103.85326877549794,801922,309713200,2345232
93798257,25869,4825055232,5141110784,2794,1963,1180563,24,4704829440,1993,2007780,331262,7377711,21965,2992467968,1,25869:2,18.976612359492297,801938,309729584,2345324
93904087,25869,4825055232,5141110784,2794,1965,1180563,24,4713218048,1993,2007780,331264,7377793,21965,2992369664,1,25869:2,18.898276943930153,801953,309744944,2345420
94010555,25869,4825055232,5141110784,2794,1966,1180563,24,4721082368,1993,2007781,331265,7377875,21965,2992492544,1,25869:1,9.392420739122462,801968,309760304,2345516
94116313,25869,4825055232,5141110784,2794,1968,1180563,24,4729470976,1993,2007782,331269,7377955,21965,2991755264,1,25869:2,18.911209610986866,801984,309776688,2345616
94222570,25869,4825055232,5141110784,2794,1970,1180563,24,4737335296,1993,2007782,331271,7378037,21965,2991878144,1,25869:2,18.822312028910467,801999,309792048,2345708
94328553,25869,4825055232,5141110784,2794,1972,1180563,24,4745199616,1993,2007782,331273,7378119,21965,2991742976,1,25869:2,18.87089883119597,802014,309807408,2345804
94434231,25869,4825055232,5141110784,2794,1974,1180563,24,4753588224,1993,2007783,331275,7378201,21965,2991902720,1,25869:2,18.925406164529022,802030,309823792,2345892
94540582,25869,4825055232,5141110784,2794,1976,1180563,24,4761452544,1993,2007784,331277,7378283,21965,2991767552,1,25869:2,18.805742453815025,802045,309839152,2345992
94646140,25869,4825055232,5141110784,2794,1978,1180563,24,4769316864,1993,2007784,331279,7378364,21965,2991890432,1,25869:2,18.946882981966546,802061,309855536,2346088
94752062,25869,4825055232,5141110784,2794,1980,1180563,24,4777705472,1993,2007784,331284,7378444,21965,2991951872,1,25869:2,18.881751314155732,802076,309870896,2346184
94858555,25869,4825055232,5141110784,2795,1982,1180563,24,4785569792,1993,2007785,331285,7378526,21965,2992074752,1,25869:3,28.1708458507748,802091,309886256,2346276
94964228,25869,4825055232,5141110784,2795,1984,1180563,24,4793434112,1993,2007786,331286,7378608,21965,2991939584,1,25869:2,18.926279246613717,802106,309901616,2346368
95069940,25869,4826365952,5141110784,2797,1985,1180893,24,4799721472,1995,2007788,331288,7378688,21965,2990473216,1,25869:3,28.37920244905706,802120,309915944,2346448
95175856,25869,4835016704,5141110784,2804,1988,1183000,24,4799721472,1995,2007796,331291,7378761,21965,2981957632,1,25869:11,94.41458782424189,802120,309915944,2346448
95281956,25869,4843798528,5141110784,2815,1988,1185137,24,4799721472,1995,2007807,331293,7378833,21965,2973454336,1,25869:10,103.67524893204832,802120,309915944,2346448
95387946,25869,4852580352,5141110784,2824,1989,1187280,24,4799721472,1995,2007817,331294,7378906,21965,2964471808,1,25869:11,94.34833651145705,802120,309915944,2346448
95494011,25869,4861231104,5141110784,2835,1989,1189390,24,4799721472,1995,2007828,331294,7378980,21965,2955698176,1,25869:10,103.71064135198023,802120,309915944,2346448
95599915,25869,4869881856,5141110784,2845,1990,1191514,24,4799721472,1995,2007838,331295,7379053,21965,2947182592,1,25869:11,103.867282993721,802120,309915944,2346448
95706134,25869,4878663680,5141110784,2854,1991,1193647,24,4799721472,1995,2007848,331297,7379127,21965,2938408960,1,25869:10,94.1453022967528,802120,309915944,2346448
95812102,25869,4887707648,5141110784,2864,1992,1195844,24,4799721472,1995,2007858,331298,7379200,21965,2929377280,1,25869:11,103.80467636481043,802120,309915944,2346448
95918243,25869,4896358400,5141110784,2874,1992,1197983,24,4799721472,1995,2007869,331300,7379272,21965,2920673280,1,25869:10,94.2145599237435,802120,309915944,2346448
96024339,25869,4905271296,5141110784,2885,1993,1200155,24,4799721472,1995,2007880,331303,7379342,21965,2911641600,1,25869:12,113.10533515886601,802120,309915944,2346448
96130245,25869,4914315264,5141110784,2895,1993,1202353,24,4799721472,1995,2007891,331307,7379410,21965,2901835776,1,25869:10,94.42294465468973,802120,309915944,2346448
96236121,25869,4923097088,5141110784,2904,1994,1204486,24,4799721472,1995,2007900,331308,7379483,21965,2893062144,1,25869:10,94.44966273583857,802120,309915944,2346448
96342306,25869,4928864256,5141110784,2910,1996,1205907,24,4803395584,1996,2007907,331310,7379559,21965,2887372800,1,25869:8,75.34086018035039,802126,309921072,2346484
96448656,25869,4928864256,5141110784,2910,1998,1205907,24,4811259904,1996,2007907,331315,7379639,21965,2887028736,1,25869:3,18.80580876453932,802141,309936432,2346588
96555085,25869,4928864256,5141110784,2910,2001,1205907,24,4819124224,1996,2007908,331317,7379721,21965,2886893568,1,25869:2,28.187829791736096,802156,309951792,2346684
96660397,25869,4928864256,5141110784,2910,2003,1205907,24,4826988544,1996,2007908,331319,7379802,21965,2887016448,1,25869:2,18.99116284219464,802171,309967152,2346780
96765795,25869,4928864256,5141110784,2910,2004,1205907,24,4834852864,1996,2007908,331322,7379884,21965,2886881280,1,25869:1,9.48784867974356,802186,309982512,2346872
96871174,25869,4928864256,5141110784,2910,2006,1205907,24,4842717184,1996,2007909,331323,7379966,21965,2887004160,1,25869:2,18.979125912750057,802201,309997872,2346964
96976585,25869,4928864256,5141110784,2910,2009,1205907,24,4850581504,1996,2007910,331327,7380045,21965,2887409664,1,25869:3,28.45996822292761,802216,310013232,2347064
97082437,25869,4928864256,5141110784,2910,2011,1205907,24,4858445824,1996,2007910,331330,7380127,21965,2887671808,1,25869:2,18.89433417301644,802231,310028592,2347156
97187982,25869,4928864256,5141110784,2910,2013,1205907,24,4866310144,1996,2007911,331331,7380209,21965,2887536640,1,25869:2,18.949156882372154,802248,310044976,2347248
97294214,25869,4928864256,5141110784,2910,2015,1205907,24,4874698752,1996,2007911,331334,7380291,21965,2887634944,1,25869:2,18.826852329051547,802263,310060336,2347348
97400451,25869,4928864256,5141110784,2910,2017,1205907,24,4882563072,1996,2007912,331335,7380373,21965,2887499776,1,25869:2,18.825826073953607,802278,310075696,2347440
97505829,25869,4928864256,5141110784,2910,2019,1205907,24,4890427392,1996,2007912,331337,7380454,21965,2887348224,1,25869:2,18.97929863368409,802294,310092080,2347532
97611775,25869,4928864256,5141110784,2910,2021,1205907,24,4898816000,1996,2007912,331342,7380534,21965,2887331840,1,25869:2,18.877511276504958,802309,310107440,2347636
97718081,25869,4931223552,5141110784,2912,2023,1206486,24,4903530496,1998,2007916,331344,7380613,21966,2884579328,1,25869:4,37.627022478326786,802320,310118696,2347700
97823943,25869,4940005376,5141110784,2921,2025,1208638,24,4903530496,1998,2007925,331346,7380687,21966,2875805696,1,25869:11,103.9095122716095,802320,310118696,2347700
97929998,25869,4948918272,5141110784,2930,2026,1210814,24,4903530496,1998,2007935,331347,7380760,21966,2866774016,1,25869:10,94.28995763014751,802320,310118696,2347700
98036014,25869,4957831168,5141110784,2939,2027,1212978,24,4903530496,1998,2007944,331349,7380834,21966,2858000384,1,25869:11,94.32582882384341,802320,310118696,2347700
98142170,25869,4966744064,5141110784,2950,2028,1215159,24,4903530496,1998,2007955,331351,7380905,21966,2848542720,1,25869:11,113.04078748055946,802320,310118696,2347700
98248110,25869,4975919104,5141110784,2959,2028,1217398,24,4903530496,1998,2007965,331352,7380979,21966,2839511040,1,25869:10,84.95394547502862,802320,310118696,2347700
98354175,25869,4985094144,5141110784,2969,2029,1219638,24,4903530496,1998,2007976,331353,7381052,21966,2830221312,1,25869:10,103.71003022506264,802320,310118696,2347700
98460050,25869,4994269184,5141110784,2979,2030,1221873,24,4903530496,1998,2007986,331354,7381125,21966,2821189632,1,25869:11,103.89642772912539,802320,310118696,2347700
98566083,25869,5003182080,5141110784,2988,2032,1224054,24,4903530496,1998,2007996,331355,7381199,21966,2812157952,1,25869:11,103.74092021742287,802320,310118696,2347700
98672011,25869,5012226048,5141110784,2998,2032,1226267,24,4903530496,1998,2008006,331358,7381271,21966,2803224576,1,25869:10,94.40366929692281,802320,310118696,2347700
98777959,25869,5021401088,5141110784,3008,2033,1228505,24,4903530496,1998,2008016,331359,7381344,21966,2793676800,1,25869:11,103.82480089635915,802320,310118696,2347700
98883914,25869,5030576128,5141110784,3017,2035,1230749,24,4903530496,1998,2008026,331361,7381418,21966,2784645120,1,25869:11,103.81708524378399,802320,310118696,2347700
98989915,25869,5032673280,5141110784,3019,2037,1231251,24,4910346240,1999,2008028,331364,7381497,21966,2782912512,1,25869:4,37.73565575036724,802332,310130984,2347776
99096131,25869,5032673280,5141110784,3019,2039,1231251,24,4918210560,1999,2008028,331365,7381580,21966,2782777344,1,25869:2,18.829629325565985,802348,310146344,2347872
99201959,25869,5032673280,5141110784,3019,2041,1231251,24,4926074880,1999,2008028,331370,7381659,21966,2782748672,1,25869:2,18.89852980588243,802363,310161704,2347972
99307993,25869,5032673280,5141110784,3019,2043,1231251,24,4934463488,1999,2008029,331372,7381742,21966,2782650368,1,25869:2,18.86190402206903,802378,310177064,2348064
99414415,25869,5032673280,5141110784,3019,2045,1231251,24,4942327808,1999,2008030,331374,7381824,21966,2782773248,1,25869:2,18.793004972929804,802393,310192424,2348156
99520759,25869,5032673280,5141110784,3019,2047,1231251,24,4950192128,1999,2008030,331376,7381906,21966,2782638080,1,25869:2,18.80686962288089,802408,310207784,2348264
99626747,25869,5032673280,5141110784,3019,2049,1231251,24,4958056448,1999,2008031,331378,7381988,21966,2782760960,1,25869:2,18.870068061221936,802423,310223144,2348364
99732219,25869,5032673280,5141110784,3019,2052,1231251,24,4965920768,1999,2008031,331382,7382067,21966,2783248384,1,25869:3,28.44366585492553,802439,310239528,2348460
99838160,25869,5032673280,5141110784,3019,2054,1231251,24,4974309376,1999,2008031,331386,7382148,21966,2783125504,1,25869:2,18.8783799450288,802454,310254888,2348552
99944448,25869,5032673280,5141110784,3019,2057,1231251,24,4982173696,1999,2008032,331389,7382230,21966,2783211520,1,25869:3,28.225244867876643,802469,310270248,2348656
100051031,25869,5032673280,5141110784,3019,2059,1231251,24,4990038016,1999,2008032,331391,7382311,21966,2783334400,1,25869:2,18.764808365801926,802484,310285608,2348744
100156692,25869,5032673280,5141110784,3019,2061,1231251,24,4997902336,1999,2008032,331393,7382392,21966,2783199232,1,25869:2,18.928451107843912,802500,310301992,2348836
100262668,25869,5032673280,5141110784,3019,2064,1231251,24,5006290944,1999,2008033,331398,7382472,21966,2783207424,1,25869:3,28.308317854738302,802515,310317352,2348936
100368998,25869,5039357952,5141110784,3026,2065,1232883,24,5006823424,2001,2008040,331399,7382548,21966,2776215552,1,25869:8,75.23697083052296,802519,310320440,2348956
100474928,25869,5048008704,5141110784,3034,2067,1235010,24,5006823424,2001,2008050,331401,7382621,21966,2767441920,1,25869:11,94.40185038199756,802519,310320440,2348956
100580870,25869,5056790528,5141110784,3045,2067,1237140,24,5006823424,2001,2008061,331401,7382694,21966,2758668288,1,25869:10,103.83112988101058,802519,310320440,2348956
100686844,25869,5065965568,5141110784,3054,2068,1239385,24,5006823424,2001,2008071,331402,7382768,21966,2749378560,1,25869:10,94.36250732996162,802519,310320440,2348956
100792801,25869,5075009536,5141110784,3064,2070,1241600,24,5006823424,2001,2008081,331406,7382840,21966,2740203520,1,25869:12,113.25397702665727,802519,310320440,2348956
100898727,25869,5083660288,5141110784,3073,2071,1243712,24,5006823424,2001,2008091,331407,7382913,21966,2731429888,1,25869:10,94.40478331666586,802519,310320440,2348956
101004740,25869,5092442112,5141110784,3083,2072,1245849,24,5006823424,2001,2008100,331409,7382987,21966,2722705408,1,25869:11,103.76130681064785,802519,310320440,2348956
101110783,25869,5101223936,5141110784,3091,2074,1247987,24,5006823424,2001,2008110,331413,7383056,21966,2713415680,1,25869:11,94.30136831285422,802519,310320440,2348956
101218006,25869,5110267904,5141110784,3102,2074,1250202,24,5006823424,2001,2008121,331418,7383125,21966,2704384000,1,25869:10,102.59023078931477,802519,310320440,2348956
101324011,25869,5119049728,5141110784,3111,2075,1252327,24,5006823424,2001,2008131,331421,7383197,21966,2696347648,1,25869:10,94.33491212556717,802519,310320440,2348956
101429966,25869,5127700480,5141110784,3121,2076,1254451,24,5006823424,2001,2008142,331421,7383270,21966,2687574016,1,25869:11,103.81716656866011,802519,310320440,2348956
101535866,25869,5136351232,5141110784,3129,2078,1256574,24,5006823424,2001,2008150,331424,7383343,21966,2678800384,1,25869:11,94.4287411021804,802519,310320440,2348956
101641905,25869,5081554944,5104799744,3133,2085,1269297,24,5006823424,2001,2008155,331430,7383417,21966,2730590208,1,25869:10,103.73602854875861,802519,310320440,2348956
101748675,25869,5100691456,5200232448,3143,2086,1274114,24,5006823424,2001,2008165,331432,7383491,21966,2714849280,1,25869:11,103.02464530277067,802519,310320440,2348956
101857127,25869,5103181824,5262192640,3197,2091,1275764,32,5006823424,2001,2008234,331438,7383521,21966,2712793088,8,25869:59;26231:0;26232:0;26233:0;26234:0;26235:0;26236:0;26237:0,544.0226393084996,802519,310320440,2348956
101997128,25869,5103181824,5262192640,3298,2092,1275764,32,5006823424,2001,2008343,331439,7383531,21966,2712727552,8,25869:103;26231:99;26232:94;26233:97;26234:96;26235:101;26236:98;26237:101,728.564127318067,802519,310320440,2348956
102137225,25869,5103181824,5262192640,3398,2092,1275764,32,5006823424,2001,2008437,331439,7383538,21966,2712727552,8,25869:101;26231:104;26232:104;26233:101;26234:104;26235:99;26236:100;26237:96,713.7899616648394,802519,310320440,2348956
102270321,25869,5103181824,5262192640,3495,2092,1275764,32,5006823424,2001,2008537,331439,7383546,21966,2712727552,8,25869:98;26231:96;26232:96;26233:96;26234:98;26235:102;26236:101;26237:101,728.8018204297381,802519,310320440,2348956
102403808,25869,5103181824,5262192640,3592,2092,1275764,32,5006823424,2001,2008639,331440,7383553,21966,2712727552,8,25869:95;26231:95;26232:100;26233:100;26234:96;26235:95;26236:95;26237:101,726.6573499705404,802519,310320440,2348956
102543622,25869,5103181824,5262192640,3692,2092,1275764,32,5006823424,2001,2008735,331440,7383558,21966,2712727552,8,25869:102;26231:103;26232:99;26233:99;26234:100;26235:98;26236:99;26237:93,715.2370715499278,802519,310320440,2348956
102665119,25869,5104099328,5262192640,3780,2092,1276829,32,5006823424,2001,2008832,331443,7383564,21966,2712211456,8,25869:85;26231:83;26232:88;26233:88;26234:92;26235:91;26236:90;26237:96,724.2998117585943,802519,310320440,2348956
102797295,25869,5104754688,5262192640,3884,2092,1278128,32,5006823424,2001,2008922,331444,7383571,21966,2711437312,8,25869:104;26231:104;26232:103;26233:103;26234:97;26235:98;26236:98;26237:92,786.8315568025996,802519,310320440,2348956
102917963,25869,5104885760,5262192640,3970,2092,1278148,32,5006823424,2001,2009015,331446,7383578,21966,2711437312,8,25869:88;26231:91;26232:87;26233:87;26234:90;26235:89;26236:89;26237:89,712.6951255664393,802519,310320440,2348956
103045248,25869,5104885760,5262192640,4063,2092,1278148,32,5006823424,2001,2009106,331446,7383587,21966,2711437312,8,25869:91;26231:88;26232:90;26233:91;26234:88;26235:88;26236:91;26237:92,730.6426827313782,802519,310320440,2348956
103173366,25869,5104885760,5262192640,4155,2092,1278148,32,5006823424,2001,2009200,331446,7383594,21966,2711437312,8,25869:98;26231:98;26232:95;26233:94;26234:94;26235:94;26236:91;26237:90,718.0921266303013,802519,310320440,2348956
103301248,25869,5104885760,5262192640,4248,2092,1278148,32,5006823424,2001,2009296,331447,7383602,21966,2711437312,8,25869:88;26231:88;26232:91;26233:92;26234:92;26235:92;26236:95;26237:97,727.2332704247883,802519,310320440,2348956
103433254,25869,5104885760,5262192640,4344,2092,1278148,32,5006823424,2001,2009386,331447,7383609,21966,2711437312,8,25869:96;26231:96;26232:93;26233:92;26234:92;26235:92;26236:89;26237:90,727.2393238483295,802519,310320440,2348964
103553129,25869,5104885760,5262192640,4429,2092,1278148,32,5006823424,2001,2009477,331448,7383617,21966,2711437312,8,25869:84;26231:90;26232:90;26233:90;26234:90;26235:94;26236:94;26237:91,709.0701340185097,802519,310320440,2348964
103685248,25869,5104885760,5262192640,4527,2092,1278148,32,5006823424,2001,2009577,331448,7383625,21966,2711437312,8,25869:100;26231:96;26232:96;26233:96;26234:96;26235:96;26236:97;26237:97,741.7558978827986,802519,310320440,2348964
103813130,25869,5104885760,5262192640,4620,2092,1278148,32,5006823424,2001,2009667,331449,7383633,21966,2711437312,8,25869:91;26231:89;26232:89;26233:93;26234:93;26235:89;26236:91;26237:91,727.2325595810885,802519,310320440,2348964
103939816,25869,5062692864,5169745920,4703,2092,1278148,32,5006823424,2001,2009742,331452,7383651,21966,2779344896,8,25869:84;26231:84;26232:85;26233:81;26234:81;26235:81;26236:78;26237:78,655.1648659236675,802519,310320440,2348964
104058178,25869,4753571840,5098962944,4704,2104,1278149,32,5006823424,2001,2009744,331464,7383731,21966,3069784064,8,25869:12;26231:12;26232:11;26233:12;26234:12;26235:12;26236:12;26237:12,109.83219592096911,802519,310320440,2348964
104174892,25869,4435787776,5098962944,4704,2115,1278149,32,5006823424,2001,2009746,331475,7383811,21966,3395944448,8,25869:12;26231:12;26232:12;26233:11;26234:11;26235:11;26236:12;26237:12,94.24737983716108,802519,310320440,2348964
104292814,25869,4109479936,5098962944,4704,2127,1278149,32,5006823424,2001,2009746,331489,7383892,21966,3737047040,8,25869:11;26231:11;26232:12;26233:12;26234:12;26235:12;26236:11;26237:12,101.76206355554767,802519,310320440,2348964
104410621,25869,3760496640,5098962944,4704,2139,1278149,32,5006823424,2001,2009748,331505,7383972,21966,4090310656,8,25869:12;26231:12;26232:12;26233:12;26234:12;26235:12;26236:13;26237:12,101.86147084432702,802519,310320440,2348964
104534369,25869,3402989568,5098962944,4704,2151,1278149,32,5006823424,2001,2009750,331529,7384042,21966,4445454336,8,25869:13;26231:13;26232:12;26233:12;26234:12;26235:13;26236:12;26237:12,96.97160662468964,802519,310320440,2348964
104655807,25869,3045482496,5098962944,4704,2163,1278149,32,5006823424,2001,2009752,331554,7384112,21966,4804947968,8,25869:12;26231:12;26232:12;26233:12;26234:13;26235:12;26236:12;26237:12,98.81573459411231,802519,310320440,2348964
104776046,25869,2730635264,2822361088,4704,2175,1278149,32,5006823424,2001,2009754,331578,7384182,21966,5102493696,8,25869:12;26231:12;26232:12;26233:12;26234:12;26235:12;26236:12;26237:12,99.8013271613753,802519,310320440,2348964
104896880,25869,2434936832,2822361088,4704,2188,1278149,32,5006823424,2001,2009756,331603,7384253,21966,5414174720,8,25869:12;26231:12;26232:12;26233:12;26234:12;26235:12;26236:12;26237:12,107.586062063453,802519,310320440,2348964
105017423,25869,2153918464,2822361088,4704,2200,1278149,32,5006823424,2001,2009758,331627,7384323,21966,5697056768,8,25869:12;26231:12;26232:12;26233:13;26234:12;26235:12;26236:12;26237:12,99.54881408037008,802519,310320440,2348964
105138790,25869,1881124864,2822361088,4704,2212,1278149,32,5006823424,2001,2009759,331651,7384393,21966,5950935040,8,25869:12;26231:12;26232:13;26233:12;26234:12;26235:12;26236:12;26237:12,98.87408373077625,802519,310320440,2348964
105258380,25869,1603063808,2822361088,4704,2224,1278149,32,5006823424,2001,2009761,331676,7384465,21966,6249742336,8,25869:12;26231:12;26232:12;26233:12;26234:12;26235:12;26236:12;26237:12,100.34303101343869,802519,310320440,2348964
105383012,25869,1283600384,2822361088,4704,2236,1278149,32,5006823424,2001,2009763,331702,7384536,21966,6564036608,8,25869:13;26231:13;26232:12;26233:12;26234:12;26235:12;26236:13;26237:13,96.28329472319723,802519,310320440,2348964
105505624,25869,927363072,2822361088,4704,2249,1278149,32,5006823424,2001,2009765,331726,7384607,21966,6899081216,8,25869:12;26231:12;26232:12;26233:12;26234:12;26235:13;26236:12;26237:12,106.0254024141136,802519,310320440,2348964
105627713,25869,649302016,2822361088,4704,2261,1278149,32,5006823424,2001,2009767,331751,7384677,21966,7188283392,8,25869:12;26231:12;26232:12;26233:12;26234:13;26235:12;26236:12;26237:12,98.28890966752843,802519,310320440,2348964
105748914,25869,365047808,2822361088,4704,2273,1278149,32,5006823424,2001,2009769,331775,7384748,21966,7483830272,8,25869:12;26231:12;26232:12;26233:13;26234:12;26235:12;26236:12;26237:13,99.0092972947962,802519,310320440,2348964
105871719,25869,41492480,2822361088,4704,2285,1278149,32,5006823424,2001,2009772,331791,7384826,21966,7783579648,8,25869:12;26231:12;26232:13;26233:12;26234:12;26235:12;26236:12;26237:11,97.71532928608381,802519,310320440,2348964
105992159,25869,41492480,108822528,4714,2286,1278201,32,5006823424,2001,2009786,331791,7384906,21966,7783763968,8,25869:12;26231:12;26232:11;26233:11;26234:11;26235:12;26236:12;26237:12,91.33219143738785,802519,310320440,2348964
106108704,25869,37392384,104722432,4726,2287,1278232,32,5006823424,2001,2009798,331791,7384987,21966,7784230912,8,25869:12;26231:12;26232:12;26233:12;26234:13;26235:12;26236:12;26237:12,111.54485853709433,802519,310320440,2348964
