layout,simulated_ordinal,source_ordinal,name,layer,group,role,payload_bytes,simulated_start,simulated_end
GGUF_SOURCE_ORDER,0,0,output_norm.weight,,GlobalPost,FinalNorm,4096,5951136,5955232
GGUF_SOURCE_ORDER,1,1,token_embd.weight,,GlobalPre,TokenEmbedding,165306368,5955232,171261600
GGUF_SOURCE_ORDER,2,2,blk.0.attn_k.weight,0,Layer,attn_k.weight,1114112,171261600,172375712
GGUF_SOURCE_ORDER,3,3,blk.0.attn_k_norm.weight,0,Layer,attn_k_norm.weight,512,172375712,172376224
GGUF_SOURCE_ORDER,4,4,blk.0.attn_norm.weight,0,Layer,attn_norm.weight,4096,172376224,172380320
GGUF_SOURCE_ORDER,5,5,blk.0.attn_output.weight,0,Layer,attn_output.weight,2228224,172380320,174608544
GGUF_SOURCE_ORDER,6,6,blk.0.attn_q.weight,0,Layer,attn_q.weight,2228224,174608544,176836768
GGUF_SOURCE_ORDER,7,7,blk.0.attn_q_norm.weight,0,Layer,attn_q_norm.weight,512,176836768,176837280
GGUF_SOURCE_ORDER,8,8,blk.0.attn_v.weight,0,Layer,attn_v.weight,1114112,176837280,177951392
GGUF_SOURCE_ORDER,9,9,blk.0.ffn_down.weight,0,Layer,ffn_down.weight,3342336,177951392,181293728
GGUF_SOURCE_ORDER,10,10,blk.0.ffn_gate.weight,0,Layer,ffn_gate.weight,3342336,181293728,184636064
GGUF_SOURCE_ORDER,11,11,blk.0.ffn_norm.weight,0,Layer,ffn_norm.weight,4096,184636064,184640160
GGUF_SOURCE_ORDER,12,12,blk.0.ffn_up.weight,0,Layer,ffn_up.weight,3342336,184640160,187982496
GGUF_SOURCE_ORDER,13,13,blk.1.attn_k.weight,1,Layer,attn_k.weight,1114112,187982496,189096608
GGUF_SOURCE_ORDER,14,14,blk.1.attn_k_norm.weight,1,Layer,attn_k_norm.weight,512,189096608,189097120
GGUF_SOURCE_ORDER,15,15,blk.1.attn_norm.weight,1,Layer,attn_norm.weight,4096,189097120,189101216
GGUF_SOURCE_ORDER,16,16,blk.1.attn_output.weight,1,Layer,attn_output.weight,2228224,189101216,191329440
GGUF_SOURCE_ORDER,17,17,blk.1.attn_q.weight,1,Layer,attn_q.weight,2228224,191329440,193557664
GGUF_SOURCE_ORDER,18,18,blk.1.attn_q_norm.weight,1,Layer,attn_q_norm.weight,512,193557664,193558176
GGUF_SOURCE_ORDER,19,19,blk.1.attn_v.weight,1,Layer,attn_v.weight,1114112,193558176,194672288
GGUF_SOURCE_ORDER,20,20,blk.1.ffn_down.weight,1,Layer,ffn_down.weight,3342336,194672288,198014624
GGUF_SOURCE_ORDER,21,21,blk.1.ffn_gate.weight,1,Layer,ffn_gate.weight,3342336,198014624,201356960
GGUF_SOURCE_ORDER,22,22,blk.1.ffn_norm.weight,1,Layer,ffn_norm.weight,4096,201356960,201361056
GGUF_SOURCE_ORDER,23,23,blk.1.ffn_up.weight,1,Layer,ffn_up.weight,3342336,201361056,204703392
GGUF_SOURCE_ORDER,24,24,blk.2.attn_k.weight,2,Layer,attn_k.weight,1114112,204703392,205817504
GGUF_SOURCE_ORDER,25,25,blk.2.attn_k_norm.weight,2,Layer,attn_k_norm.weight,512,205817504,205818016
GGUF_SOURCE_ORDER,26,26,blk.2.attn_norm.weight,2,Layer,attn_norm.weight,4096,205818016,205822112
GGUF_SOURCE_ORDER,27,27,blk.2.attn_output.weight,2,Layer,attn_output.weight,2228224,205822112,208050336
GGUF_SOURCE_ORDER,28,28,blk.2.attn_q.weight,2,Layer,attn_q.weight,2228224,208050336,210278560
GGUF_SOURCE_ORDER,29,29,blk.2.attn_q_norm.weight,2,Layer,attn_q_norm.weight,512,210278560,210279072
GGUF_SOURCE_ORDER,30,30,blk.2.attn_v.weight,2,Layer,attn_v.weight,1114112,210279072,211393184
GGUF_SOURCE_ORDER,31,31,blk.2.ffn_down.weight,2,Layer,ffn_down.weight,3342336,211393184,214735520
GGUF_SOURCE_ORDER,32,32,blk.2.ffn_gate.weight,2,Layer,ffn_gate.weight,3342336,214735520,218077856
GGUF_SOURCE_ORDER,33,33,blk.2.ffn_norm.weight,2,Layer,ffn_norm.weight,4096,218077856,218081952
GGUF_SOURCE_ORDER,34,34,blk.2.ffn_up.weight,2,Layer,ffn_up.weight,3342336,218081952,221424288
GGUF_SOURCE_ORDER,35,35,blk.3.attn_k.weight,3,Layer,attn_k.weight,1114112,221424288,222538400
GGUF_SOURCE_ORDER,36,36,blk.3.attn_k_norm.weight,3,Layer,attn_k_norm.weight,512,222538400,222538912
GGUF_SOURCE_ORDER,37,37,blk.3.attn_norm.weight,3,Layer,attn_norm.weight,4096,222538912,222543008
GGUF_SOURCE_ORDER,38,38,blk.3.attn_output.weight,3,Layer,attn_output.weight,2228224,222543008,224771232
GGUF_SOURCE_ORDER,39,39,blk.3.attn_q.weight,3,Layer,attn_q.weight,2228224,224771232,226999456
GGUF_SOURCE_ORDER,40,40,blk.3.attn_q_norm.weight,3,Layer,attn_q_norm.weight,512,226999456,226999968
GGUF_SOURCE_ORDER,41,41,blk.3.attn_v.weight,3,Layer,attn_v.weight,1114112,226999968,228114080
GGUF_SOURCE_ORDER,42,42,blk.3.ffn_down.weight,3,Layer,ffn_down.weight,3342336,228114080,231456416
GGUF_SOURCE_ORDER,43,43,blk.3.ffn_gate.weight,3,Layer,ffn_gate.weight,3342336,231456416,234798752
GGUF_SOURCE_ORDER,44,44,blk.3.ffn_norm.weight,3,Layer,ffn_norm.weight,4096,234798752,234802848
GGUF_SOURCE_ORDER,45,45,blk.3.ffn_up.weight,3,Layer,ffn_up.weight,3342336,234802848,238145184
GGUF_SOURCE_ORDER,46,46,blk.4.attn_k.weight,4,Layer,attn_k.weight,1114112,238145184,239259296
GGUF_SOURCE_ORDER,47,47,blk.4.attn_k_norm.weight,4,Layer,attn_k_norm.weight,512,239259296,239259808
GGUF_SOURCE_ORDER,48,48,blk.4.attn_norm.weight,4,Layer,attn_norm.weight,4096,239259808,239263904
GGUF_SOURCE_ORDER,49,49,blk.4.attn_output.weight,4,Layer,attn_output.weight,2228224,239263904,241492128
GGUF_SOURCE_ORDER,50,50,blk.4.attn_q.weight,4,Layer,attn_q.weight,2228224,241492128,243720352
GGUF_SOURCE_ORDER,51,51,blk.4.attn_q_norm.weight,4,Layer,attn_q_norm.weight,512,243720352,243720864
GGUF_SOURCE_ORDER,52,52,blk.4.attn_v.weight,4,Layer,attn_v.weight,1114112,243720864,244834976
GGUF_SOURCE_ORDER,53,53,blk.4.ffn_down.weight,4,Layer,ffn_down.weight,3342336,244834976,248177312
GGUF_SOURCE_ORDER,54,54,blk.4.ffn_gate.weight,4,Layer,ffn_gate.weight,3342336,248177312,251519648
GGUF_SOURCE_ORDER,55,55,blk.4.ffn_norm.weight,4,Layer,ffn_norm.weight,4096,251519648,251523744
GGUF_SOURCE_ORDER,56,56,blk.4.ffn_up.weight,4,Layer,ffn_up.weight,3342336,251523744,254866080
GGUF_SOURCE_ORDER,57,57,blk.5.attn_k.weight,5,Layer,attn_k.weight,1114112,254866080,255980192
GGUF_SOURCE_ORDER,58,58,blk.5.attn_k_norm.weight,5,Layer,attn_k_norm.weight,512,255980192,255980704
GGUF_SOURCE_ORDER,59,59,blk.5.attn_norm.weight,5,Layer,attn_norm.weight,4096,255980704,255984800
GGUF_SOURCE_ORDER,60,60,blk.5.attn_output.weight,5,Layer,attn_output.weight,2228224,255984800,258213024
GGUF_SOURCE_ORDER,61,61,blk.5.attn_q.weight,5,Layer,attn_q.weight,2228224,258213024,260441248
GGUF_SOURCE_ORDER,62,62,blk.5.attn_q_norm.weight,5,Layer,attn_q_norm.weight,512,260441248,260441760
GGUF_SOURCE_ORDER,63,63,blk.5.attn_v.weight,5,Layer,attn_v.weight,1114112,260441760,261555872
GGUF_SOURCE_ORDER,64,64,blk.5.ffn_down.weight,5,Layer,ffn_down.weight,3342336,261555872,264898208
GGUF_SOURCE_ORDER,65,65,blk.5.ffn_gate.weight,5,Layer,ffn_gate.weight,3342336,264898208,268240544
GGUF_SOURCE_ORDER,66,66,blk.5.ffn_norm.weight,5,Layer,ffn_norm.weight,4096,268240544,268244640
GGUF_SOURCE_ORDER,67,67,blk.5.ffn_up.weight,5,Layer,ffn_up.weight,3342336,268244640,271586976
GGUF_SOURCE_ORDER,68,68,blk.6.attn_k.weight,6,Layer,attn_k.weight,1114112,271586976,272701088
GGUF_SOURCE_ORDER,69,69,blk.6.attn_k_norm.weight,6,Layer,attn_k_norm.weight,512,272701088,272701600
GGUF_SOURCE_ORDER,70,70,blk.6.attn_norm.weight,6,Layer,attn_norm.weight,4096,272701600,272705696
GGUF_SOURCE_ORDER,71,71,blk.6.attn_output.weight,6,Layer,attn_output.weight,2228224,272705696,274933920
GGUF_SOURCE_ORDER,72,72,blk.6.attn_q.weight,6,Layer,attn_q.weight,2228224,274933920,277162144
GGUF_SOURCE_ORDER,73,73,blk.6.attn_q_norm.weight,6,Layer,attn_q_norm.weight,512,277162144,277162656
GGUF_SOURCE_ORDER,74,74,blk.6.attn_v.weight,6,Layer,attn_v.weight,1114112,277162656,278276768
GGUF_SOURCE_ORDER,75,75,blk.6.ffn_down.weight,6,Layer,ffn_down.weight,3342336,278276768,281619104
GGUF_SOURCE_ORDER,76,76,blk.6.ffn_gate.weight,6,Layer,ffn_gate.weight,3342336,281619104,284961440
GGUF_SOURCE_ORDER,77,77,blk.6.ffn_norm.weight,6,Layer,ffn_norm.weight,4096,284961440,284965536
GGUF_SOURCE_ORDER,78,78,blk.6.ffn_up.weight,6,Layer,ffn_up.weight,3342336,284965536,288307872
GGUF_SOURCE_ORDER,79,79,blk.7.attn_k.weight,7,Layer,attn_k.weight,1114112,288307872,289421984
GGUF_SOURCE_ORDER,80,80,blk.7.attn_k_norm.weight,7,Layer,attn_k_norm.weight,512,289421984,289422496
GGUF_SOURCE_ORDER,81,81,blk.7.attn_norm.weight,7,Layer,attn_norm.weight,4096,289422496,289426592
GGUF_SOURCE_ORDER,82,82,blk.7.attn_output.weight,7,Layer,attn_output.weight,2228224,289426592,291654816
GGUF_SOURCE_ORDER,83,83,blk.7.attn_q.weight,7,Layer,attn_q.weight,2228224,291654816,293883040
GGUF_SOURCE_ORDER,84,84,blk.7.attn_q_norm.weight,7,Layer,attn_q_norm.weight,512,293883040,293883552
GGUF_SOURCE_ORDER,85,85,blk.7.attn_v.weight,7,Layer,attn_v.weight,1114112,293883552,294997664
GGUF_SOURCE_ORDER,86,86,blk.7.ffn_down.weight,7,Layer,ffn_down.weight,3342336,294997664,298340000
GGUF_SOURCE_ORDER,87,87,blk.7.ffn_gate.weight,7,Layer,ffn_gate.weight,3342336,298340000,301682336
GGUF_SOURCE_ORDER,88,88,blk.7.ffn_norm.weight,7,Layer,ffn_norm.weight,4096,301682336,301686432
GGUF_SOURCE_ORDER,89,89,blk.7.ffn_up.weight,7,Layer,ffn_up.weight,3342336,301686432,305028768
GGUF_SOURCE_ORDER,90,90,blk.8.attn_k.weight,8,Layer,attn_k.weight,1114112,305028768,306142880
GGUF_SOURCE_ORDER,91,91,blk.8.attn_k_norm.weight,8,Layer,attn_k_norm.weight,512,306142880,306143392
GGUF_SOURCE_ORDER,92,92,blk.8.attn_norm.weight,8,Layer,attn_norm.weight,4096,306143392,306147488
GGUF_SOURCE_ORDER,93,93,blk.8.attn_output.weight,8,Layer,attn_output.weight,2228224,306147488,308375712
GGUF_SOURCE_ORDER,94,94,blk.8.attn_q.weight,8,Layer,attn_q.weight,2228224,308375712,310603936
GGUF_SOURCE_ORDER,95,95,blk.8.attn_q_norm.weight,8,Layer,attn_q_norm.weight,512,310603936,310604448
GGUF_SOURCE_ORDER,96,96,blk.8.attn_v.weight,8,Layer,attn_v.weight,1114112,310604448,311718560
GGUF_SOURCE_ORDER,97,97,blk.8.ffn_down.weight,8,Layer,ffn_down.weight,3342336,311718560,315060896
GGUF_SOURCE_ORDER,98,98,blk.8.ffn_gate.weight,8,Layer,ffn_gate.weight,3342336,315060896,318403232
GGUF_SOURCE_ORDER,99,99,blk.8.ffn_norm.weight,8,Layer,ffn_norm.weight,4096,318403232,318407328
GGUF_SOURCE_ORDER,100,100,blk.8.ffn_up.weight,8,Layer,ffn_up.weight,3342336,318407328,321749664
GGUF_SOURCE_ORDER,101,101,blk.9.attn_k.weight,9,Layer,attn_k.weight,1114112,321749664,322863776
GGUF_SOURCE_ORDER,102,102,blk.9.attn_k_norm.weight,9,Layer,attn_k_norm.weight,512,322863776,322864288
GGUF_SOURCE_ORDER,103,103,blk.9.attn_norm.weight,9,Layer,attn_norm.weight,4096,322864288,322868384
GGUF_SOURCE_ORDER,104,104,blk.9.attn_output.weight,9,Layer,attn_output.weight,2228224,322868384,325096608
GGUF_SOURCE_ORDER,105,105,blk.9.attn_q.weight,9,Layer,attn_q.weight,2228224,325096608,327324832
GGUF_SOURCE_ORDER,106,106,blk.9.attn_q_norm.weight,9,Layer,attn_q_norm.weight,512,327324832,327325344
GGUF_SOURCE_ORDER,107,107,blk.9.attn_v.weight,9,Layer,attn_v.weight,1114112,327325344,328439456
GGUF_SOURCE_ORDER,108,108,blk.9.ffn_down.weight,9,Layer,ffn_down.weight,3342336,328439456,331781792
GGUF_SOURCE_ORDER,109,109,blk.9.ffn_gate.weight,9,Layer,ffn_gate.weight,3342336,331781792,335124128
GGUF_SOURCE_ORDER,110,110,blk.9.ffn_norm.weight,9,Layer,ffn_norm.weight,4096,335124128,335128224
GGUF_SOURCE_ORDER,111,111,blk.9.ffn_up.weight,9,Layer,ffn_up.weight,3342336,335128224,338470560
GGUF_SOURCE_ORDER,112,112,blk.10.attn_k.weight,10,Layer,attn_k.weight,1114112,338470560,339584672
GGUF_SOURCE_ORDER,113,113,blk.10.attn_k_norm.weight,10,Layer,attn_k_norm.weight,512,339584672,339585184
GGUF_SOURCE_ORDER,114,114,blk.10.attn_norm.weight,10,Layer,attn_norm.weight,4096,339585184,339589280
GGUF_SOURCE_ORDER,115,115,blk.10.attn_output.weight,10,Layer,attn_output.weight,2228224,339589280,341817504
GGUF_SOURCE_ORDER,116,116,blk.10.attn_q.weight,10,Layer,attn_q.weight,2228224,341817504,344045728
GGUF_SOURCE_ORDER,117,117,blk.10.attn_q_norm.weight,10,Layer,attn_q_norm.weight,512,344045728,344046240
GGUF_SOURCE_ORDER,118,118,blk.10.attn_v.weight,10,Layer,attn_v.weight,1114112,344046240,345160352
GGUF_SOURCE_ORDER,119,119,blk.10.ffn_down.weight,10,Layer,ffn_down.weight,3342336,345160352,348502688
GGUF_SOURCE_ORDER,120,120,blk.10.ffn_gate.weight,10,Layer,ffn_gate.weight,3342336,348502688,351845024
GGUF_SOURCE_ORDER,121,121,blk.10.ffn_norm.weight,10,Layer,ffn_norm.weight,4096,351845024,351849120
GGUF_SOURCE_ORDER,122,122,blk.10.ffn_up.weight,10,Layer,ffn_up.weight,3342336,351849120,355191456
GGUF_SOURCE_ORDER,123,123,blk.11.attn_k.weight,11,Layer,attn_k.weight,1114112,355191456,356305568
GGUF_SOURCE_ORDER,124,124,blk.11.attn_k_norm.weight,11,Layer,attn_k_norm.weight,512,356305568,356306080
GGUF_SOURCE_ORDER,125,125,blk.11.attn_norm.weight,11,Layer,attn_norm.weight,4096,356306080,356310176
GGUF_SOURCE_ORDER,126,126,blk.11.attn_output.weight,11,Layer,attn_output.weight,2228224,356310176,358538400
GGUF_SOURCE_ORDER,127,127,blk.11.attn_q.weight,11,Layer,attn_q.weight,2228224,358538400,360766624
GGUF_SOURCE_ORDER,128,128,blk.11.attn_q_norm.weight,11,Layer,attn_q_norm.weight,512,360766624,360767136
GGUF_SOURCE_ORDER,129,129,blk.11.attn_v.weight,11,Layer,attn_v.weight,1114112,360767136,361881248
GGUF_SOURCE_ORDER,130,130,blk.11.ffn_down.weight,11,Layer,ffn_down.weight,3342336,361881248,365223584
GGUF_SOURCE_ORDER,131,131,blk.11.ffn_gate.weight,11,Layer,ffn_gate.weight,3342336,365223584,368565920
GGUF_SOURCE_ORDER,132,132,blk.11.ffn_norm.weight,11,Layer,ffn_norm.weight,4096,368565920,368570016
GGUF_SOURCE_ORDER,133,133,blk.11.ffn_up.weight,11,Layer,ffn_up.weight,3342336,368570016,371912352
GGUF_SOURCE_ORDER,134,134,blk.12.attn_k.weight,12,Layer,attn_k.weight,1114112,371912352,373026464
GGUF_SOURCE_ORDER,135,135,blk.12.attn_k_norm.weight,12,Layer,attn_k_norm.weight,512,373026464,373026976
GGUF_SOURCE_ORDER,136,136,blk.12.attn_norm.weight,12,Layer,attn_norm.weight,4096,373026976,373031072
GGUF_SOURCE_ORDER,137,137,blk.12.attn_output.weight,12,Layer,attn_output.weight,2228224,373031072,375259296
GGUF_SOURCE_ORDER,138,138,blk.12.attn_q.weight,12,Layer,attn_q.weight,2228224,375259296,377487520
GGUF_SOURCE_ORDER,139,139,blk.12.attn_q_norm.weight,12,Layer,attn_q_norm.weight,512,377487520,377488032
GGUF_SOURCE_ORDER,140,140,blk.12.attn_v.weight,12,Layer,attn_v.weight,1114112,377488032,378602144
GGUF_SOURCE_ORDER,141,141,blk.12.ffn_down.weight,12,Layer,ffn_down.weight,3342336,378602144,381944480
GGUF_SOURCE_ORDER,142,142,blk.12.ffn_gate.weight,12,Layer,ffn_gate.weight,3342336,381944480,385286816
GGUF_SOURCE_ORDER,143,143,blk.12.ffn_norm.weight,12,Layer,ffn_norm.weight,4096,385286816,385290912
GGUF_SOURCE_ORDER,144,144,blk.12.ffn_up.weight,12,Layer,ffn_up.weight,3342336,385290912,388633248
GGUF_SOURCE_ORDER,145,145,blk.13.attn_k.weight,13,Layer,attn_k.weight,1114112,388633248,389747360
GGUF_SOURCE_ORDER,146,146,blk.13.attn_k_norm.weight,13,Layer,attn_k_norm.weight,512,389747360,389747872
GGUF_SOURCE_ORDER,147,147,blk.13.attn_norm.weight,13,Layer,attn_norm.weight,4096,389747872,389751968
GGUF_SOURCE_ORDER,148,148,blk.13.attn_output.weight,13,Layer,attn_output.weight,2228224,389751968,391980192
GGUF_SOURCE_ORDER,149,149,blk.13.attn_q.weight,13,Layer,attn_q.weight,2228224,391980192,394208416
GGUF_SOURCE_ORDER,150,150,blk.13.attn_q_norm.weight,13,Layer,attn_q_norm.weight,512,394208416,394208928
GGUF_SOURCE_ORDER,151,151,blk.13.attn_v.weight,13,Layer,attn_v.weight,1114112,394208928,395323040
GGUF_SOURCE_ORDER,152,152,blk.13.ffn_down.weight,13,Layer,ffn_down.weight,3342336,395323040,398665376
GGUF_SOURCE_ORDER,153,153,blk.13.ffn_gate.weight,13,Layer,ffn_gate.weight,3342336,398665376,402007712
GGUF_SOURCE_ORDER,154,154,blk.13.ffn_norm.weight,13,Layer,ffn_norm.weight,4096,402007712,402011808
GGUF_SOURCE_ORDER,155,155,blk.13.ffn_up.weight,13,Layer,ffn_up.weight,3342336,402011808,405354144
GGUF_SOURCE_ORDER,156,156,blk.14.attn_k.weight,14,Layer,attn_k.weight,1114112,405354144,406468256
GGUF_SOURCE_ORDER,157,157,blk.14.attn_k_norm.weight,14,Layer,attn_k_norm.weight,512,406468256,406468768
GGUF_SOURCE_ORDER,158,158,blk.14.attn_norm.weight,14,Layer,attn_norm.weight,4096,406468768,406472864
GGUF_SOURCE_ORDER,159,159,blk.14.attn_output.weight,14,Layer,attn_output.weight,2228224,406472864,408701088
GGUF_SOURCE_ORDER,160,160,blk.14.attn_q.weight,14,Layer,attn_q.weight,2228224,408701088,410929312
GGUF_SOURCE_ORDER,161,161,blk.14.attn_q_norm.weight,14,Layer,attn_q_norm.weight,512,410929312,410929824
GGUF_SOURCE_ORDER,162,162,blk.14.attn_v.weight,14,Layer,attn_v.weight,1114112,410929824,412043936
GGUF_SOURCE_ORDER,163,163,blk.14.ffn_down.weight,14,Layer,ffn_down.weight,3342336,412043936,415386272
GGUF_SOURCE_ORDER,164,164,blk.14.ffn_gate.weight,14,Layer,ffn_gate.weight,3342336,415386272,418728608
GGUF_SOURCE_ORDER,165,165,blk.14.ffn_norm.weight,14,Layer,ffn_norm.weight,4096,418728608,418732704
GGUF_SOURCE_ORDER,166,166,blk.14.ffn_up.weight,14,Layer,ffn_up.weight,3342336,418732704,422075040
GGUF_SOURCE_ORDER,167,167,blk.15.attn_k.weight,15,Layer,attn_k.weight,1114112,422075040,423189152
GGUF_SOURCE_ORDER,168,168,blk.15.attn_k_norm.weight,15,Layer,attn_k_norm.weight,512,423189152,423189664
GGUF_SOURCE_ORDER,169,169,blk.15.attn_norm.weight,15,Layer,attn_norm.weight,4096,423189664,423193760
GGUF_SOURCE_ORDER,170,170,blk.15.attn_output.weight,15,Layer,attn_output.weight,2228224,423193760,425421984
GGUF_SOURCE_ORDER,171,171,blk.15.attn_q.weight,15,Layer,attn_q.weight,2228224,425421984,427650208
GGUF_SOURCE_ORDER,172,172,blk.15.attn_q_norm.weight,15,Layer,attn_q_norm.weight,512,427650208,427650720
GGUF_SOURCE_ORDER,173,173,blk.15.attn_v.weight,15,Layer,attn_v.weight,1114112,427650720,428764832
GGUF_SOURCE_ORDER,174,174,blk.15.ffn_down.weight,15,Layer,ffn_down.weight,3342336,428764832,432107168
GGUF_SOURCE_ORDER,175,175,blk.15.ffn_gate.weight,15,Layer,ffn_gate.weight,3342336,432107168,435449504
GGUF_SOURCE_ORDER,176,176,blk.15.ffn_norm.weight,15,Layer,ffn_norm.weight,4096,435449504,435453600
GGUF_SOURCE_ORDER,177,177,blk.15.ffn_up.weight,15,Layer,ffn_up.weight,3342336,435453600,438795936
GGUF_SOURCE_ORDER,178,178,blk.16.attn_k.weight,16,Layer,attn_k.weight,1114112,438795936,439910048
GGUF_SOURCE_ORDER,179,179,blk.16.attn_k_norm.weight,16,Layer,attn_k_norm.weight,512,439910048,439910560
GGUF_SOURCE_ORDER,180,180,blk.16.attn_norm.weight,16,Layer,attn_norm.weight,4096,439910560,439914656
GGUF_SOURCE_ORDER,181,181,blk.16.attn_output.weight,16,Layer,attn_output.weight,2228224,439914656,442142880
GGUF_SOURCE_ORDER,182,182,blk.16.attn_q.weight,16,Layer,attn_q.weight,2228224,442142880,444371104
GGUF_SOURCE_ORDER,183,183,blk.16.attn_q_norm.weight,16,Layer,attn_q_norm.weight,512,444371104,444371616
GGUF_SOURCE_ORDER,184,184,blk.16.attn_v.weight,16,Layer,attn_v.weight,1114112,444371616,445485728
GGUF_SOURCE_ORDER,185,185,blk.16.ffn_down.weight,16,Layer,ffn_down.weight,3342336,445485728,448828064
GGUF_SOURCE_ORDER,186,186,blk.16.ffn_gate.weight,16,Layer,ffn_gate.weight,3342336,448828064,452170400
GGUF_SOURCE_ORDER,187,187,blk.16.ffn_norm.weight,16,Layer,ffn_norm.weight,4096,452170400,452174496
GGUF_SOURCE_ORDER,188,188,blk.16.ffn_up.weight,16,Layer,ffn_up.weight,3342336,452174496,455516832
GGUF_SOURCE_ORDER,189,189,blk.17.attn_k.weight,17,Layer,attn_k.weight,1114112,455516832,456630944
GGUF_SOURCE_ORDER,190,190,blk.17.attn_k_norm.weight,17,Layer,attn_k_norm.weight,512,456630944,456631456
GGUF_SOURCE_ORDER,191,191,blk.17.attn_norm.weight,17,Layer,attn_norm.weight,4096,456631456,456635552
GGUF_SOURCE_ORDER,192,192,blk.17.attn_output.weight,17,Layer,attn_output.weight,2228224,456635552,458863776
GGUF_SOURCE_ORDER,193,193,blk.17.attn_q.weight,17,Layer,attn_q.weight,2228224,458863776,461092000
GGUF_SOURCE_ORDER,194,194,blk.17.attn_q_norm.weight,17,Layer,attn_q_norm.weight,512,461092000,461092512
GGUF_SOURCE_ORDER,195,195,blk.17.attn_v.weight,17,Layer,attn_v.weight,1114112,461092512,462206624
GGUF_SOURCE_ORDER,196,196,blk.17.ffn_down.weight,17,Layer,ffn_down.weight,3342336,462206624,465548960
GGUF_SOURCE_ORDER,197,197,blk.17.ffn_gate.weight,17,Layer,ffn_gate.weight,3342336,465548960,468891296
GGUF_SOURCE_ORDER,198,198,blk.17.ffn_norm.weight,17,Layer,ffn_norm.weight,4096,468891296,468895392
GGUF_SOURCE_ORDER,199,199,blk.17.ffn_up.weight,17,Layer,ffn_up.weight,3342336,468895392,472237728
GGUF_SOURCE_ORDER,200,200,blk.18.attn_k.weight,18,Layer,attn_k.weight,1114112,472237728,473351840
GGUF_SOURCE_ORDER,201,201,blk.18.attn_k_norm.weight,18,Layer,attn_k_norm.weight,512,473351840,473352352
GGUF_SOURCE_ORDER,202,202,blk.18.attn_norm.weight,18,Layer,attn_norm.weight,4096,473352352,473356448
GGUF_SOURCE_ORDER,203,203,blk.18.attn_output.weight,18,Layer,attn_output.weight,2228224,473356448,475584672
GGUF_SOURCE_ORDER,204,204,blk.18.attn_q.weight,18,Layer,attn_q.weight,2228224,475584672,477812896
GGUF_SOURCE_ORDER,205,205,blk.18.attn_q_norm.weight,18,Layer,attn_q_norm.weight,512,477812896,477813408
GGUF_SOURCE_ORDER,206,206,blk.18.attn_v.weight,18,Layer,attn_v.weight,1114112,477813408,478927520
GGUF_SOURCE_ORDER,207,207,blk.18.ffn_down.weight,18,Layer,ffn_down.weight,3342336,478927520,482269856
GGUF_SOURCE_ORDER,208,208,blk.18.ffn_gate.weight,18,Layer,ffn_gate.weight,3342336,482269856,485612192
GGUF_SOURCE_ORDER,209,209,blk.18.ffn_norm.weight,18,Layer,ffn_norm.weight,4096,485612192,485616288
GGUF_SOURCE_ORDER,210,210,blk.18.ffn_up.weight,18,Layer,ffn_up.weight,3342336,485616288,488958624
GGUF_SOURCE_ORDER,211,211,blk.19.attn_k.weight,19,Layer,attn_k.weight,1114112,488958624,490072736
GGUF_SOURCE_ORDER,212,212,blk.19.attn_k_norm.weight,19,Layer,attn_k_norm.weight,512,490072736,490073248
GGUF_SOURCE_ORDER,213,213,blk.19.attn_norm.weight,19,Layer,attn_norm.weight,4096,490073248,490077344
GGUF_SOURCE_ORDER,214,214,blk.19.attn_output.weight,19,Layer,attn_output.weight,2228224,490077344,492305568
GGUF_SOURCE_ORDER,215,215,blk.19.attn_q.weight,19,Layer,attn_q.weight,2228224,492305568,494533792
GGUF_SOURCE_ORDER,216,216,blk.19.attn_q_norm.weight,19,Layer,attn_q_norm.weight,512,494533792,494534304
GGUF_SOURCE_ORDER,217,217,blk.19.attn_v.weight,19,Layer,attn_v.weight,1114112,494534304,495648416
GGUF_SOURCE_ORDER,218,218,blk.19.ffn_down.weight,19,Layer,ffn_down.weight,3342336,495648416,498990752
GGUF_SOURCE_ORDER,219,219,blk.19.ffn_gate.weight,19,Layer,ffn_gate.weight,3342336,498990752,502333088
GGUF_SOURCE_ORDER,220,220,blk.19.ffn_norm.weight,19,Layer,ffn_norm.weight,4096,502333088,502337184
GGUF_SOURCE_ORDER,221,221,blk.19.ffn_up.weight,19,Layer,ffn_up.weight,3342336,502337184,505679520
GGUF_SOURCE_ORDER,222,222,blk.20.attn_k.weight,20,Layer,attn_k.weight,1114112,505679520,506793632
GGUF_SOURCE_ORDER,223,223,blk.20.attn_k_norm.weight,20,Layer,attn_k_norm.weight,512,506793632,506794144
GGUF_SOURCE_ORDER,224,224,blk.20.attn_norm.weight,20,Layer,attn_norm.weight,4096,506794144,506798240
GGUF_SOURCE_ORDER,225,225,blk.20.attn_output.weight,20,Layer,attn_output.weight,2228224,506798240,509026464
GGUF_SOURCE_ORDER,226,226,blk.20.attn_q.weight,20,Layer,attn_q.weight,2228224,509026464,511254688
GGUF_SOURCE_ORDER,227,227,blk.20.attn_q_norm.weight,20,Layer,attn_q_norm.weight,512,511254688,511255200
GGUF_SOURCE_ORDER,228,228,blk.20.attn_v.weight,20,Layer,attn_v.weight,1114112,511255200,512369312
GGUF_SOURCE_ORDER,229,229,blk.20.ffn_down.weight,20,Layer,ffn_down.weight,3342336,512369312,515711648
GGUF_SOURCE_ORDER,230,230,blk.20.ffn_gate.weight,20,Layer,ffn_gate.weight,3342336,515711648,519053984
GGUF_SOURCE_ORDER,231,231,blk.20.ffn_norm.weight,20,Layer,ffn_norm.weight,4096,519053984,519058080
GGUF_SOURCE_ORDER,232,232,blk.20.ffn_up.weight,20,Layer,ffn_up.weight,3342336,519058080,522400416
GGUF_SOURCE_ORDER,233,233,blk.21.attn_k.weight,21,Layer,attn_k.weight,1114112,522400416,523514528
GGUF_SOURCE_ORDER,234,234,blk.21.attn_k_norm.weight,21,Layer,attn_k_norm.weight,512,523514528,523515040
GGUF_SOURCE_ORDER,235,235,blk.21.attn_norm.weight,21,Layer,attn_norm.weight,4096,523515040,523519136
GGUF_SOURCE_ORDER,236,236,blk.21.attn_output.weight,21,Layer,attn_output.weight,2228224,523519136,525747360
GGUF_SOURCE_ORDER,237,237,blk.21.attn_q.weight,21,Layer,attn_q.weight,2228224,525747360,527975584
GGUF_SOURCE_ORDER,238,238,blk.21.attn_q_norm.weight,21,Layer,attn_q_norm.weight,512,527975584,527976096
GGUF_SOURCE_ORDER,239,239,blk.21.attn_v.weight,21,Layer,attn_v.weight,1114112,527976096,529090208
GGUF_SOURCE_ORDER,240,240,blk.21.ffn_down.weight,21,Layer,ffn_down.weight,3342336,529090208,532432544
GGUF_SOURCE_ORDER,241,241,blk.21.ffn_gate.weight,21,Layer,ffn_gate.weight,3342336,532432544,535774880
GGUF_SOURCE_ORDER,242,242,blk.21.ffn_norm.weight,21,Layer,ffn_norm.weight,4096,535774880,535778976
GGUF_SOURCE_ORDER,243,243,blk.21.ffn_up.weight,21,Layer,ffn_up.weight,3342336,535778976,539121312
GGUF_SOURCE_ORDER,244,244,blk.22.attn_k.weight,22,Layer,attn_k.weight,1114112,539121312,540235424
GGUF_SOURCE_ORDER,245,245,blk.22.attn_k_norm.weight,22,Layer,attn_k_norm.weight,512,540235424,540235936
GGUF_SOURCE_ORDER,246,246,blk.22.attn_norm.weight,22,Layer,attn_norm.weight,4096,540235936,540240032
GGUF_SOURCE_ORDER,247,247,blk.22.attn_output.weight,22,Layer,attn_output.weight,2228224,540240032,542468256
GGUF_SOURCE_ORDER,248,248,blk.22.attn_q.weight,22,Layer,attn_q.weight,2228224,542468256,544696480
GGUF_SOURCE_ORDER,249,249,blk.22.attn_q_norm.weight,22,Layer,attn_q_norm.weight,512,544696480,544696992
GGUF_SOURCE_ORDER,250,250,blk.22.attn_v.weight,22,Layer,attn_v.weight,1114112,544696992,545811104
GGUF_SOURCE_ORDER,251,251,blk.22.ffn_down.weight,22,Layer,ffn_down.weight,3342336,545811104,549153440
GGUF_SOURCE_ORDER,252,252,blk.22.ffn_gate.weight,22,Layer,ffn_gate.weight,3342336,549153440,552495776
GGUF_SOURCE_ORDER,253,253,blk.22.ffn_norm.weight,22,Layer,ffn_norm.weight,4096,552495776,552499872
GGUF_SOURCE_ORDER,254,254,blk.22.ffn_up.weight,22,Layer,ffn_up.weight,3342336,552499872,555842208
GGUF_SOURCE_ORDER,255,255,blk.23.attn_k.weight,23,Layer,attn_k.weight,1114112,555842208,556956320
GGUF_SOURCE_ORDER,256,256,blk.23.attn_k_norm.weight,23,Layer,attn_k_norm.weight,512,556956320,556956832
GGUF_SOURCE_ORDER,257,257,blk.23.attn_norm.weight,23,Layer,attn_norm.weight,4096,556956832,556960928
GGUF_SOURCE_ORDER,258,258,blk.23.attn_output.weight,23,Layer,attn_output.weight,2228224,556960928,559189152
GGUF_SOURCE_ORDER,259,259,blk.23.attn_q.weight,23,Layer,attn_q.weight,2228224,559189152,561417376
GGUF_SOURCE_ORDER,260,260,blk.23.attn_q_norm.weight,23,Layer,attn_q_norm.weight,512,561417376,561417888
GGUF_SOURCE_ORDER,261,261,blk.23.attn_v.weight,23,Layer,attn_v.weight,1114112,561417888,562532000
GGUF_SOURCE_ORDER,262,262,blk.23.ffn_down.weight,23,Layer,ffn_down.weight,3342336,562532000,565874336
GGUF_SOURCE_ORDER,263,263,blk.23.ffn_gate.weight,23,Layer,ffn_gate.weight,3342336,565874336,569216672
GGUF_SOURCE_ORDER,264,264,blk.23.ffn_norm.weight,23,Layer,ffn_norm.weight,4096,569216672,569220768
GGUF_SOURCE_ORDER,265,265,blk.23.ffn_up.weight,23,Layer,ffn_up.weight,3342336,569220768,572563104
GGUF_SOURCE_ORDER,266,266,blk.24.attn_k.weight,24,Layer,attn_k.weight,1114112,572563104,573677216
GGUF_SOURCE_ORDER,267,267,blk.24.attn_k_norm.weight,24,Layer,attn_k_norm.weight,512,573677216,573677728
GGUF_SOURCE_ORDER,268,268,blk.24.attn_norm.weight,24,Layer,attn_norm.weight,4096,573677728,573681824
GGUF_SOURCE_ORDER,269,269,blk.24.attn_output.weight,24,Layer,attn_output.weight,2228224,573681824,575910048
GGUF_SOURCE_ORDER,270,270,blk.24.attn_q.weight,24,Layer,attn_q.weight,2228224,575910048,578138272
GGUF_SOURCE_ORDER,271,271,blk.24.attn_q_norm.weight,24,Layer,attn_q_norm.weight,512,578138272,578138784
GGUF_SOURCE_ORDER,272,272,blk.24.attn_v.weight,24,Layer,attn_v.weight,1114112,578138784,579252896
GGUF_SOURCE_ORDER,273,273,blk.24.ffn_down.weight,24,Layer,ffn_down.weight,3342336,579252896,582595232
GGUF_SOURCE_ORDER,274,274,blk.24.ffn_gate.weight,24,Layer,ffn_gate.weight,3342336,582595232,585937568
GGUF_SOURCE_ORDER,275,275,blk.24.ffn_norm.weight,24,Layer,ffn_norm.weight,4096,585937568,585941664
GGUF_SOURCE_ORDER,276,276,blk.24.ffn_up.weight,24,Layer,ffn_up.weight,3342336,585941664,589284000
GGUF_SOURCE_ORDER,277,277,blk.25.attn_k.weight,25,Layer,attn_k.weight,1114112,589284000,590398112
GGUF_SOURCE_ORDER,278,278,blk.25.attn_k_norm.weight,25,Layer,attn_k_norm.weight,512,590398112,590398624
GGUF_SOURCE_ORDER,279,279,blk.25.attn_norm.weight,25,Layer,attn_norm.weight,4096,590398624,590402720
GGUF_SOURCE_ORDER,280,280,blk.25.attn_output.weight,25,Layer,attn_output.weight,2228224,590402720,592630944
GGUF_SOURCE_ORDER,281,281,blk.25.attn_q.weight,25,Layer,attn_q.weight,2228224,592630944,594859168
GGUF_SOURCE_ORDER,282,282,blk.25.attn_q_norm.weight,25,Layer,attn_q_norm.weight,512,594859168,594859680
GGUF_SOURCE_ORDER,283,283,blk.25.attn_v.weight,25,Layer,attn_v.weight,1114112,594859680,595973792
GGUF_SOURCE_ORDER,284,284,blk.25.ffn_down.weight,25,Layer,ffn_down.weight,3342336,595973792,599316128
GGUF_SOURCE_ORDER,285,285,blk.25.ffn_gate.weight,25,Layer,ffn_gate.weight,3342336,599316128,602658464
GGUF_SOURCE_ORDER,286,286,blk.25.ffn_norm.weight,25,Layer,ffn_norm.weight,4096,602658464,602662560
GGUF_SOURCE_ORDER,287,287,blk.25.ffn_up.weight,25,Layer,ffn_up.weight,3342336,602662560,606004896
GGUF_SOURCE_ORDER,288,288,blk.26.attn_k.weight,26,Layer,attn_k.weight,1114112,606004896,607119008
GGUF_SOURCE_ORDER,289,289,blk.26.attn_k_norm.weight,26,Layer,attn_k_norm.weight,512,607119008,607119520
GGUF_SOURCE_ORDER,290,290,blk.26.attn_norm.weight,26,Layer,attn_norm.weight,4096,607119520,607123616
GGUF_SOURCE_ORDER,291,291,blk.26.attn_output.weight,26,Layer,attn_output.weight,2228224,607123616,609351840
GGUF_SOURCE_ORDER,292,292,blk.26.attn_q.weight,26,Layer,attn_q.weight,2228224,609351840,611580064
GGUF_SOURCE_ORDER,293,293,blk.26.attn_q_norm.weight,26,Layer,attn_q_norm.weight,512,611580064,611580576
GGUF_SOURCE_ORDER,294,294,blk.26.attn_v.weight,26,Layer,attn_v.weight,1114112,611580576,612694688
GGUF_SOURCE_ORDER,295,295,blk.26.ffn_down.weight,26,Layer,ffn_down.weight,3342336,612694688,616037024
GGUF_SOURCE_ORDER,296,296,blk.26.ffn_gate.weight,26,Layer,ffn_gate.weight,3342336,616037024,619379360
GGUF_SOURCE_ORDER,297,297,blk.26.ffn_norm.weight,26,Layer,ffn_norm.weight,4096,619379360,619383456
GGUF_SOURCE_ORDER,298,298,blk.26.ffn_up.weight,26,Layer,ffn_up.weight,3342336,619383456,622725792
GGUF_SOURCE_ORDER,299,299,blk.27.attn_k.weight,27,Layer,attn_k.weight,1114112,622725792,623839904
GGUF_SOURCE_ORDER,300,300,blk.27.attn_k_norm.weight,27,Layer,attn_k_norm.weight,512,623839904,623840416
GGUF_SOURCE_ORDER,301,301,blk.27.attn_norm.weight,27,Layer,attn_norm.weight,4096,623840416,623844512
GGUF_SOURCE_ORDER,302,302,blk.27.attn_output.weight,27,Layer,attn_output.weight,2228224,623844512,626072736
GGUF_SOURCE_ORDER,303,303,blk.27.attn_q.weight,27,Layer,attn_q.weight,2228224,626072736,628300960
GGUF_SOURCE_ORDER,304,304,blk.27.attn_q_norm.weight,27,Layer,attn_q_norm.weight,512,628300960,628301472
GGUF_SOURCE_ORDER,305,305,blk.27.attn_v.weight,27,Layer,attn_v.weight,1114112,628301472,629415584
GGUF_SOURCE_ORDER,306,306,blk.27.ffn_down.weight,27,Layer,ffn_down.weight,3342336,629415584,632757920
GGUF_SOURCE_ORDER,307,307,blk.27.ffn_gate.weight,27,Layer,ffn_gate.weight,3342336,632757920,636100256
GGUF_SOURCE_ORDER,308,308,blk.27.ffn_norm.weight,27,Layer,ffn_norm.weight,4096,636100256,636104352
GGUF_SOURCE_ORDER,309,309,blk.27.ffn_up.weight,27,Layer,ffn_up.weight,3342336,636104352,639446688
NAME_ORDER,0,2,blk.0.attn_k.weight,0,Layer,attn_k.weight,1114112,5951136,7065248
NAME_ORDER,1,3,blk.0.attn_k_norm.weight,0,Layer,attn_k_norm.weight,512,7065248,7065760
NAME_ORDER,2,4,blk.0.attn_norm.weight,0,Layer,attn_norm.weight,4096,7065760,7069856
NAME_ORDER,3,5,blk.0.attn_output.weight,0,Layer,attn_output.weight,2228224,7069856,9298080
NAME_ORDER,4,6,blk.0.attn_q.weight,0,Layer,attn_q.weight,2228224,9298080,11526304
NAME_ORDER,5,7,blk.0.attn_q_norm.weight,0,Layer,attn_q_norm.weight,512,11526304,11526816
NAME_ORDER,6,8,blk.0.attn_v.weight,0,Layer,attn_v.weight,1114112,11526816,12640928
NAME_ORDER,7,9,blk.0.ffn_down.weight,0,Layer,ffn_down.weight,3342336,12640928,15983264
NAME_ORDER,8,10,blk.0.ffn_gate.weight,0,Layer,ffn_gate.weight,3342336,15983264,19325600
NAME_ORDER,9,11,blk.0.ffn_norm.weight,0,Layer,ffn_norm.weight,4096,19325600,19329696
NAME_ORDER,10,12,blk.0.ffn_up.weight,0,Layer,ffn_up.weight,3342336,19329696,22672032
NAME_ORDER,11,13,blk.1.attn_k.weight,1,Layer,attn_k.weight,1114112,22672032,23786144
NAME_ORDER,12,14,blk.1.attn_k_norm.weight,1,Layer,attn_k_norm.weight,512,23786144,23786656
NAME_ORDER,13,15,blk.1.attn_norm.weight,1,Layer,attn_norm.weight,4096,23786656,23790752
NAME_ORDER,14,16,blk.1.attn_output.weight,1,Layer,attn_output.weight,2228224,23790752,26018976
NAME_ORDER,15,17,blk.1.attn_q.weight,1,Layer,attn_q.weight,2228224,26018976,28247200
NAME_ORDER,16,18,blk.1.attn_q_norm.weight,1,Layer,attn_q_norm.weight,512,28247200,28247712
NAME_ORDER,17,19,blk.1.attn_v.weight,1,Layer,attn_v.weight,1114112,28247712,29361824
NAME_ORDER,18,20,blk.1.ffn_down.weight,1,Layer,ffn_down.weight,3342336,29361824,32704160
NAME_ORDER,19,21,blk.1.ffn_gate.weight,1,Layer,ffn_gate.weight,3342336,32704160,36046496
NAME_ORDER,20,22,blk.1.ffn_norm.weight,1,Layer,ffn_norm.weight,4096,36046496,36050592
NAME_ORDER,21,23,blk.1.ffn_up.weight,1,Layer,ffn_up.weight,3342336,36050592,39392928
NAME_ORDER,22,112,blk.10.attn_k.weight,10,Layer,attn_k.weight,1114112,39392928,40507040
NAME_ORDER,23,113,blk.10.attn_k_norm.weight,10,Layer,attn_k_norm.weight,512,40507040,40507552
NAME_ORDER,24,114,blk.10.attn_norm.weight,10,Layer,attn_norm.weight,4096,40507552,40511648
NAME_ORDER,25,115,blk.10.attn_output.weight,10,Layer,attn_output.weight,2228224,40511648,42739872
NAME_ORDER,26,116,blk.10.attn_q.weight,10,Layer,attn_q.weight,2228224,42739872,44968096
NAME_ORDER,27,117,blk.10.attn_q_norm.weight,10,Layer,attn_q_norm.weight,512,44968096,44968608
NAME_ORDER,28,118,blk.10.attn_v.weight,10,Layer,attn_v.weight,1114112,44968608,46082720
NAME_ORDER,29,119,blk.10.ffn_down.weight,10,Layer,ffn_down.weight,3342336,46082720,49425056
NAME_ORDER,30,120,blk.10.ffn_gate.weight,10,Layer,ffn_gate.weight,3342336,49425056,52767392
NAME_ORDER,31,121,blk.10.ffn_norm.weight,10,Layer,ffn_norm.weight,4096,52767392,52771488
NAME_ORDER,32,122,blk.10.ffn_up.weight,10,Layer,ffn_up.weight,3342336,52771488,56113824
NAME_ORDER,33,123,blk.11.attn_k.weight,11,Layer,attn_k.weight,1114112,56113824,57227936
NAME_ORDER,34,124,blk.11.attn_k_norm.weight,11,Layer,attn_k_norm.weight,512,57227936,57228448
NAME_ORDER,35,125,blk.11.attn_norm.weight,11,Layer,attn_norm.weight,4096,57228448,57232544
NAME_ORDER,36,126,blk.11.attn_output.weight,11,Layer,attn_output.weight,2228224,57232544,59460768
NAME_ORDER,37,127,blk.11.attn_q.weight,11,Layer,attn_q.weight,2228224,59460768,61688992
NAME_ORDER,38,128,blk.11.attn_q_norm.weight,11,Layer,attn_q_norm.weight,512,61688992,61689504
NAME_ORDER,39,129,blk.11.attn_v.weight,11,Layer,attn_v.weight,1114112,61689504,62803616
NAME_ORDER,40,130,blk.11.ffn_down.weight,11,Layer,ffn_down.weight,3342336,62803616,66145952
NAME_ORDER,41,131,blk.11.ffn_gate.weight,11,Layer,ffn_gate.weight,3342336,66145952,69488288
NAME_ORDER,42,132,blk.11.ffn_norm.weight,11,Layer,ffn_norm.weight,4096,69488288,69492384
NAME_ORDER,43,133,blk.11.ffn_up.weight,11,Layer,ffn_up.weight,3342336,69492384,72834720
NAME_ORDER,44,134,blk.12.attn_k.weight,12,Layer,attn_k.weight,1114112,72834720,73948832
NAME_ORDER,45,135,blk.12.attn_k_norm.weight,12,Layer,attn_k_norm.weight,512,73948832,73949344
NAME_ORDER,46,136,blk.12.attn_norm.weight,12,Layer,attn_norm.weight,4096,73949344,73953440
NAME_ORDER,47,137,blk.12.attn_output.weight,12,Layer,attn_output.weight,2228224,73953440,76181664
NAME_ORDER,48,138,blk.12.attn_q.weight,12,Layer,attn_q.weight,2228224,76181664,78409888
NAME_ORDER,49,139,blk.12.attn_q_norm.weight,12,Layer,attn_q_norm.weight,512,78409888,78410400
NAME_ORDER,50,140,blk.12.attn_v.weight,12,Layer,attn_v.weight,1114112,78410400,79524512
NAME_ORDER,51,141,blk.12.ffn_down.weight,12,Layer,ffn_down.weight,3342336,79524512,82866848
NAME_ORDER,52,142,blk.12.ffn_gate.weight,12,Layer,ffn_gate.weight,3342336,82866848,86209184
NAME_ORDER,53,143,blk.12.ffn_norm.weight,12,Layer,ffn_norm.weight,4096,86209184,86213280
NAME_ORDER,54,144,blk.12.ffn_up.weight,12,Layer,ffn_up.weight,3342336,86213280,89555616
NAME_ORDER,55,145,blk.13.attn_k.weight,13,Layer,attn_k.weight,1114112,89555616,90669728
NAME_ORDER,56,146,blk.13.attn_k_norm.weight,13,Layer,attn_k_norm.weight,512,90669728,90670240
NAME_ORDER,57,147,blk.13.attn_norm.weight,13,Layer,attn_norm.weight,4096,90670240,90674336
NAME_ORDER,58,148,blk.13.attn_output.weight,13,Layer,attn_output.weight,2228224,90674336,92902560
NAME_ORDER,59,149,blk.13.attn_q.weight,13,Layer,attn_q.weight,2228224,92902560,95130784
NAME_ORDER,60,150,blk.13.attn_q_norm.weight,13,Layer,attn_q_norm.weight,512,95130784,95131296
NAME_ORDER,61,151,blk.13.attn_v.weight,13,Layer,attn_v.weight,1114112,95131296,96245408
NAME_ORDER,62,152,blk.13.ffn_down.weight,13,Layer,ffn_down.weight,3342336,96245408,99587744
NAME_ORDER,63,153,blk.13.ffn_gate.weight,13,Layer,ffn_gate.weight,3342336,99587744,102930080
NAME_ORDER,64,154,blk.13.ffn_norm.weight,13,Layer,ffn_norm.weight,4096,102930080,102934176
NAME_ORDER,65,155,blk.13.ffn_up.weight,13,Layer,ffn_up.weight,3342336,102934176,106276512
NAME_ORDER,66,156,blk.14.attn_k.weight,14,Layer,attn_k.weight,1114112,106276512,107390624
NAME_ORDER,67,157,blk.14.attn_k_norm.weight,14,Layer,attn_k_norm.weight,512,107390624,107391136
NAME_ORDER,68,158,blk.14.attn_norm.weight,14,Layer,attn_norm.weight,4096,107391136,107395232
NAME_ORDER,69,159,blk.14.attn_output.weight,14,Layer,attn_output.weight,2228224,107395232,109623456
NAME_ORDER,70,160,blk.14.attn_q.weight,14,Layer,attn_q.weight,2228224,109623456,111851680
NAME_ORDER,71,161,blk.14.attn_q_norm.weight,14,Layer,attn_q_norm.weight,512,111851680,111852192
NAME_ORDER,72,162,blk.14.attn_v.weight,14,Layer,attn_v.weight,1114112,111852192,112966304
NAME_ORDER,73,163,blk.14.ffn_down.weight,14,Layer,ffn_down.weight,3342336,112966304,116308640
NAME_ORDER,74,164,blk.14.ffn_gate.weight,14,Layer,ffn_gate.weight,3342336,116308640,119650976
NAME_ORDER,75,165,blk.14.ffn_norm.weight,14,Layer,ffn_norm.weight,4096,119650976,119655072
NAME_ORDER,76,166,blk.14.ffn_up.weight,14,Layer,ffn_up.weight,3342336,119655072,122997408
NAME_ORDER,77,167,blk.15.attn_k.weight,15,Layer,attn_k.weight,1114112,122997408,124111520
NAME_ORDER,78,168,blk.15.attn_k_norm.weight,15,Layer,attn_k_norm.weight,512,124111520,124112032
NAME_ORDER,79,169,blk.15.attn_norm.weight,15,Layer,attn_norm.weight,4096,124112032,124116128
NAME_ORDER,80,170,blk.15.attn_output.weight,15,Layer,attn_output.weight,2228224,124116128,126344352
NAME_ORDER,81,171,blk.15.attn_q.weight,15,Layer,attn_q.weight,2228224,126344352,128572576
NAME_ORDER,82,172,blk.15.attn_q_norm.weight,15,Layer,attn_q_norm.weight,512,128572576,128573088
NAME_ORDER,83,173,blk.15.attn_v.weight,15,Layer,attn_v.weight,1114112,128573088,129687200
NAME_ORDER,84,174,blk.15.ffn_down.weight,15,Layer,ffn_down.weight,3342336,129687200,133029536
NAME_ORDER,85,175,blk.15.ffn_gate.weight,15,Layer,ffn_gate.weight,3342336,133029536,136371872
NAME_ORDER,86,176,blk.15.ffn_norm.weight,15,Layer,ffn_norm.weight,4096,136371872,136375968
NAME_ORDER,87,177,blk.15.ffn_up.weight,15,Layer,ffn_up.weight,3342336,136375968,139718304
NAME_ORDER,88,178,blk.16.attn_k.weight,16,Layer,attn_k.weight,1114112,139718304,140832416
NAME_ORDER,89,179,blk.16.attn_k_norm.weight,16,Layer,attn_k_norm.weight,512,140832416,140832928
NAME_ORDER,90,180,blk.16.attn_norm.weight,16,Layer,attn_norm.weight,4096,140832928,140837024
NAME_ORDER,91,181,blk.16.attn_output.weight,16,Layer,attn_output.weight,2228224,140837024,143065248
NAME_ORDER,92,182,blk.16.attn_q.weight,16,Layer,attn_q.weight,2228224,143065248,145293472
NAME_ORDER,93,183,blk.16.attn_q_norm.weight,16,Layer,attn_q_norm.weight,512,145293472,145293984
NAME_ORDER,94,184,blk.16.attn_v.weight,16,Layer,attn_v.weight,1114112,145293984,146408096
NAME_ORDER,95,185,blk.16.ffn_down.weight,16,Layer,ffn_down.weight,3342336,146408096,149750432
NAME_ORDER,96,186,blk.16.ffn_gate.weight,16,Layer,ffn_gate.weight,3342336,149750432,153092768
NAME_ORDER,97,187,blk.16.ffn_norm.weight,16,Layer,ffn_norm.weight,4096,153092768,153096864
NAME_ORDER,98,188,blk.16.ffn_up.weight,16,Layer,ffn_up.weight,3342336,153096864,156439200
NAME_ORDER,99,189,blk.17.attn_k.weight,17,Layer,attn_k.weight,1114112,156439200,157553312
NAME_ORDER,100,190,blk.17.attn_k_norm.weight,17,Layer,attn_k_norm.weight,512,157553312,157553824
NAME_ORDER,101,191,blk.17.attn_norm.weight,17,Layer,attn_norm.weight,4096,157553824,157557920
NAME_ORDER,102,192,blk.17.attn_output.weight,17,Layer,attn_output.weight,2228224,157557920,159786144
NAME_ORDER,103,193,blk.17.attn_q.weight,17,Layer,attn_q.weight,2228224,159786144,162014368
NAME_ORDER,104,194,blk.17.attn_q_norm.weight,17,Layer,attn_q_norm.weight,512,162014368,162014880
NAME_ORDER,105,195,blk.17.attn_v.weight,17,Layer,attn_v.weight,1114112,162014880,163128992
NAME_ORDER,106,196,blk.17.ffn_down.weight,17,Layer,ffn_down.weight,3342336,163128992,166471328
NAME_ORDER,107,197,blk.17.ffn_gate.weight,17,Layer,ffn_gate.weight,3342336,166471328,169813664
NAME_ORDER,108,198,blk.17.ffn_norm.weight,17,Layer,ffn_norm.weight,4096,169813664,169817760
NAME_ORDER,109,199,blk.17.ffn_up.weight,17,Layer,ffn_up.weight,3342336,169817760,173160096
NAME_ORDER,110,200,blk.18.attn_k.weight,18,Layer,attn_k.weight,1114112,173160096,174274208
NAME_ORDER,111,201,blk.18.attn_k_norm.weight,18,Layer,attn_k_norm.weight,512,174274208,174274720
NAME_ORDER,112,202,blk.18.attn_norm.weight,18,Layer,attn_norm.weight,4096,174274720,174278816
NAME_ORDER,113,203,blk.18.attn_output.weight,18,Layer,attn_output.weight,2228224,174278816,176507040
NAME_ORDER,114,204,blk.18.attn_q.weight,18,Layer,attn_q.weight,2228224,176507040,178735264
NAME_ORDER,115,205,blk.18.attn_q_norm.weight,18,Layer,attn_q_norm.weight,512,178735264,178735776
NAME_ORDER,116,206,blk.18.attn_v.weight,18,Layer,attn_v.weight,1114112,178735776,179849888
NAME_ORDER,117,207,blk.18.ffn_down.weight,18,Layer,ffn_down.weight,3342336,179849888,183192224
NAME_ORDER,118,208,blk.18.ffn_gate.weight,18,Layer,ffn_gate.weight,3342336,183192224,186534560
NAME_ORDER,119,209,blk.18.ffn_norm.weight,18,Layer,ffn_norm.weight,4096,186534560,186538656
NAME_ORDER,120,210,blk.18.ffn_up.weight,18,Layer,ffn_up.weight,3342336,186538656,189880992
NAME_ORDER,121,211,blk.19.attn_k.weight,19,Layer,attn_k.weight,1114112,189880992,190995104
NAME_ORDER,122,212,blk.19.attn_k_norm.weight,19,Layer,attn_k_norm.weight,512,190995104,190995616
NAME_ORDER,123,213,blk.19.attn_norm.weight,19,Layer,attn_norm.weight,4096,190995616,190999712
NAME_ORDER,124,214,blk.19.attn_output.weight,19,Layer,attn_output.weight,2228224,190999712,193227936
NAME_ORDER,125,215,blk.19.attn_q.weight,19,Layer,attn_q.weight,2228224,193227936,195456160
NAME_ORDER,126,216,blk.19.attn_q_norm.weight,19,Layer,attn_q_norm.weight,512,195456160,195456672
NAME_ORDER,127,217,blk.19.attn_v.weight,19,Layer,attn_v.weight,1114112,195456672,196570784
NAME_ORDER,128,218,blk.19.ffn_down.weight,19,Layer,ffn_down.weight,3342336,196570784,199913120
NAME_ORDER,129,219,blk.19.ffn_gate.weight,19,Layer,ffn_gate.weight,3342336,199913120,203255456
NAME_ORDER,130,220,blk.19.ffn_norm.weight,19,Layer,ffn_norm.weight,4096,203255456,203259552
NAME_ORDER,131,221,blk.19.ffn_up.weight,19,Layer,ffn_up.weight,3342336,203259552,206601888
NAME_ORDER,132,24,blk.2.attn_k.weight,2,Layer,attn_k.weight,1114112,206601888,207716000
NAME_ORDER,133,25,blk.2.attn_k_norm.weight,2,Layer,attn_k_norm.weight,512,207716000,207716512
NAME_ORDER,134,26,blk.2.attn_norm.weight,2,Layer,attn_norm.weight,4096,207716512,207720608
NAME_ORDER,135,27,blk.2.attn_output.weight,2,Layer,attn_output.weight,2228224,207720608,209948832
NAME_ORDER,136,28,blk.2.attn_q.weight,2,Layer,attn_q.weight,2228224,209948832,212177056
NAME_ORDER,137,29,blk.2.attn_q_norm.weight,2,Layer,attn_q_norm.weight,512,212177056,212177568
NAME_ORDER,138,30,blk.2.attn_v.weight,2,Layer,attn_v.weight,1114112,212177568,213291680
NAME_ORDER,139,31,blk.2.ffn_down.weight,2,Layer,ffn_down.weight,3342336,213291680,216634016
NAME_ORDER,140,32,blk.2.ffn_gate.weight,2,Layer,ffn_gate.weight,3342336,216634016,219976352
NAME_ORDER,141,33,blk.2.ffn_norm.weight,2,Layer,ffn_norm.weight,4096,219976352,219980448
NAME_ORDER,142,34,blk.2.ffn_up.weight,2,Layer,ffn_up.weight,3342336,219980448,223322784
NAME_ORDER,143,222,blk.20.attn_k.weight,20,Layer,attn_k.weight,1114112,223322784,224436896
NAME_ORDER,144,223,blk.20.attn_k_norm.weight,20,Layer,attn_k_norm.weight,512,224436896,224437408
NAME_ORDER,145,224,blk.20.attn_norm.weight,20,Layer,attn_norm.weight,4096,224437408,224441504
NAME_ORDER,146,225,blk.20.attn_output.weight,20,Layer,attn_output.weight,2228224,224441504,226669728
NAME_ORDER,147,226,blk.20.attn_q.weight,20,Layer,attn_q.weight,2228224,226669728,228897952
NAME_ORDER,148,227,blk.20.attn_q_norm.weight,20,Layer,attn_q_norm.weight,512,228897952,228898464
NAME_ORDER,149,228,blk.20.attn_v.weight,20,Layer,attn_v.weight,1114112,228898464,230012576
NAME_ORDER,150,229,blk.20.ffn_down.weight,20,Layer,ffn_down.weight,3342336,230012576,233354912
NAME_ORDER,151,230,blk.20.ffn_gate.weight,20,Layer,ffn_gate.weight,3342336,233354912,236697248
NAME_ORDER,152,231,blk.20.ffn_norm.weight,20,Layer,ffn_norm.weight,4096,236697248,236701344
NAME_ORDER,153,232,blk.20.ffn_up.weight,20,Layer,ffn_up.weight,3342336,236701344,240043680
NAME_ORDER,154,233,blk.21.attn_k.weight,21,Layer,attn_k.weight,1114112,240043680,241157792
NAME_ORDER,155,234,blk.21.attn_k_norm.weight,21,Layer,attn_k_norm.weight,512,241157792,241158304
NAME_ORDER,156,235,blk.21.attn_norm.weight,21,Layer,attn_norm.weight,4096,241158304,241162400
NAME_ORDER,157,236,blk.21.attn_output.weight,21,Layer,attn_output.weight,2228224,241162400,243390624
NAME_ORDER,158,237,blk.21.attn_q.weight,21,Layer,attn_q.weight,2228224,243390624,245618848
NAME_ORDER,159,238,blk.21.attn_q_norm.weight,21,Layer,attn_q_norm.weight,512,245618848,245619360
NAME_ORDER,160,239,blk.21.attn_v.weight,21,Layer,attn_v.weight,1114112,245619360,246733472
NAME_ORDER,161,240,blk.21.ffn_down.weight,21,Layer,ffn_down.weight,3342336,246733472,250075808
NAME_ORDER,162,241,blk.21.ffn_gate.weight,21,Layer,ffn_gate.weight,3342336,250075808,253418144
NAME_ORDER,163,242,blk.21.ffn_norm.weight,21,Layer,ffn_norm.weight,4096,253418144,253422240
NAME_ORDER,164,243,blk.21.ffn_up.weight,21,Layer,ffn_up.weight,3342336,253422240,256764576
NAME_ORDER,165,244,blk.22.attn_k.weight,22,Layer,attn_k.weight,1114112,256764576,257878688
NAME_ORDER,166,245,blk.22.attn_k_norm.weight,22,Layer,attn_k_norm.weight,512,257878688,257879200
NAME_ORDER,167,246,blk.22.attn_norm.weight,22,Layer,attn_norm.weight,4096,257879200,257883296
NAME_ORDER,168,247,blk.22.attn_output.weight,22,Layer,attn_output.weight,2228224,257883296,260111520
NAME_ORDER,169,248,blk.22.attn_q.weight,22,Layer,attn_q.weight,2228224,260111520,262339744
NAME_ORDER,170,249,blk.22.attn_q_norm.weight,22,Layer,attn_q_norm.weight,512,262339744,262340256
NAME_ORDER,171,250,blk.22.attn_v.weight,22,Layer,attn_v.weight,1114112,262340256,263454368
NAME_ORDER,172,251,blk.22.ffn_down.weight,22,Layer,ffn_down.weight,3342336,263454368,266796704
NAME_ORDER,173,252,blk.22.ffn_gate.weight,22,Layer,ffn_gate.weight,3342336,266796704,270139040
NAME_ORDER,174,253,blk.22.ffn_norm.weight,22,Layer,ffn_norm.weight,4096,270139040,270143136
NAME_ORDER,175,254,blk.22.ffn_up.weight,22,Layer,ffn_up.weight,3342336,270143136,273485472
NAME_ORDER,176,255,blk.23.attn_k.weight,23,Layer,attn_k.weight,1114112,273485472,274599584
NAME_ORDER,177,256,blk.23.attn_k_norm.weight,23,Layer,attn_k_norm.weight,512,274599584,274600096
NAME_ORDER,178,257,blk.23.attn_norm.weight,23,Layer,attn_norm.weight,4096,274600096,274604192
NAME_ORDER,179,258,blk.23.attn_output.weight,23,Layer,attn_output.weight,2228224,274604192,276832416
NAME_ORDER,180,259,blk.23.attn_q.weight,23,Layer,attn_q.weight,2228224,276832416,279060640
NAME_ORDER,181,260,blk.23.attn_q_norm.weight,23,Layer,attn_q_norm.weight,512,279060640,279061152
NAME_ORDER,182,261,blk.23.attn_v.weight,23,Layer,attn_v.weight,1114112,279061152,280175264
NAME_ORDER,183,262,blk.23.ffn_down.weight,23,Layer,ffn_down.weight,3342336,280175264,283517600
NAME_ORDER,184,263,blk.23.ffn_gate.weight,23,Layer,ffn_gate.weight,3342336,283517600,286859936
NAME_ORDER,185,264,blk.23.ffn_norm.weight,23,Layer,ffn_norm.weight,4096,286859936,286864032
NAME_ORDER,186,265,blk.23.ffn_up.weight,23,Layer,ffn_up.weight,3342336,286864032,290206368
NAME_ORDER,187,266,blk.24.attn_k.weight,24,Layer,attn_k.weight,1114112,290206368,291320480
NAME_ORDER,188,267,blk.24.attn_k_norm.weight,24,Layer,attn_k_norm.weight,512,291320480,291320992
NAME_ORDER,189,268,blk.24.attn_norm.weight,24,Layer,attn_norm.weight,4096,291320992,291325088
NAME_ORDER,190,269,blk.24.attn_output.weight,24,Layer,attn_output.weight,2228224,291325088,293553312
NAME_ORDER,191,270,blk.24.attn_q.weight,24,Layer,attn_q.weight,2228224,293553312,295781536
NAME_ORDER,192,271,blk.24.attn_q_norm.weight,24,Layer,attn_q_norm.weight,512,295781536,295782048
NAME_ORDER,193,272,blk.24.attn_v.weight,24,Layer,attn_v.weight,1114112,295782048,296896160
NAME_ORDER,194,273,blk.24.ffn_down.weight,24,Layer,ffn_down.weight,3342336,296896160,300238496
NAME_ORDER,195,274,blk.24.ffn_gate.weight,24,Layer,ffn_gate.weight,3342336,300238496,303580832
NAME_ORDER,196,275,blk.24.ffn_norm.weight,24,Layer,ffn_norm.weight,4096,303580832,303584928
NAME_ORDER,197,276,blk.24.ffn_up.weight,24,Layer,ffn_up.weight,3342336,303584928,306927264
NAME_ORDER,198,277,blk.25.attn_k.weight,25,Layer,attn_k.weight,1114112,306927264,308041376
NAME_ORDER,199,278,blk.25.attn_k_norm.weight,25,Layer,attn_k_norm.weight,512,308041376,308041888
NAME_ORDER,200,279,blk.25.attn_norm.weight,25,Layer,attn_norm.weight,4096,308041888,308045984
NAME_ORDER,201,280,blk.25.attn_output.weight,25,Layer,attn_output.weight,2228224,308045984,310274208
NAME_ORDER,202,281,blk.25.attn_q.weight,25,Layer,attn_q.weight,2228224,310274208,312502432
NAME_ORDER,203,282,blk.25.attn_q_norm.weight,25,Layer,attn_q_norm.weight,512,312502432,312502944
NAME_ORDER,204,283,blk.25.attn_v.weight,25,Layer,attn_v.weight,1114112,312502944,313617056
NAME_ORDER,205,284,blk.25.ffn_down.weight,25,Layer,ffn_down.weight,3342336,313617056,316959392
NAME_ORDER,206,285,blk.25.ffn_gate.weight,25,Layer,ffn_gate.weight,3342336,316959392,320301728
NAME_ORDER,207,286,blk.25.ffn_norm.weight,25,Layer,ffn_norm.weight,4096,320301728,320305824
NAME_ORDER,208,287,blk.25.ffn_up.weight,25,Layer,ffn_up.weight,3342336,320305824,323648160
NAME_ORDER,209,288,blk.26.attn_k.weight,26,Layer,attn_k.weight,1114112,323648160,324762272
NAME_ORDER,210,289,blk.26.attn_k_norm.weight,26,Layer,attn_k_norm.weight,512,324762272,324762784
NAME_ORDER,211,290,blk.26.attn_norm.weight,26,Layer,attn_norm.weight,4096,324762784,324766880
NAME_ORDER,212,291,blk.26.attn_output.weight,26,Layer,attn_output.weight,2228224,324766880,326995104
NAME_ORDER,213,292,blk.26.attn_q.weight,26,Layer,attn_q.weight,2228224,326995104,329223328
NAME_ORDER,214,293,blk.26.attn_q_norm.weight,26,Layer,attn_q_norm.weight,512,329223328,329223840
NAME_ORDER,215,294,blk.26.attn_v.weight,26,Layer,attn_v.weight,1114112,329223840,330337952
NAME_ORDER,216,295,blk.26.ffn_down.weight,26,Layer,ffn_down.weight,3342336,330337952,333680288
NAME_ORDER,217,296,blk.26.ffn_gate.weight,26,Layer,ffn_gate.weight,3342336,333680288,337022624
NAME_ORDER,218,297,blk.26.ffn_norm.weight,26,Layer,ffn_norm.weight,4096,337022624,337026720
NAME_ORDER,219,298,blk.26.ffn_up.weight,26,Layer,ffn_up.weight,3342336,337026720,340369056
NAME_ORDER,220,299,blk.27.attn_k.weight,27,Layer,attn_k.weight,1114112,340369056,341483168
NAME_ORDER,221,300,blk.27.attn_k_norm.weight,27,Layer,attn_k_norm.weight,512,341483168,341483680
NAME_ORDER,222,301,blk.27.attn_norm.weight,27,Layer,attn_norm.weight,4096,341483680,341487776
NAME_ORDER,223,302,blk.27.attn_output.weight,27,Layer,attn_output.weight,2228224,341487776,343716000
NAME_ORDER,224,303,blk.27.attn_q.weight,27,Layer,attn_q.weight,2228224,343716000,345944224
NAME_ORDER,225,304,blk.27.attn_q_norm.weight,27,Layer,attn_q_norm.weight,512,345944224,345944736
NAME_ORDER,226,305,blk.27.attn_v.weight,27,Layer,attn_v.weight,1114112,345944736,347058848
NAME_ORDER,227,306,blk.27.ffn_down.weight,27,Layer,ffn_down.weight,3342336,347058848,350401184
NAME_ORDER,228,307,blk.27.ffn_gate.weight,27,Layer,ffn_gate.weight,3342336,350401184,353743520
NAME_ORDER,229,308,blk.27.ffn_norm.weight,27,Layer,ffn_norm.weight,4096,353743520,353747616
NAME_ORDER,230,309,blk.27.ffn_up.weight,27,Layer,ffn_up.weight,3342336,353747616,357089952
NAME_ORDER,231,35,blk.3.attn_k.weight,3,Layer,attn_k.weight,1114112,357089952,358204064
NAME_ORDER,232,36,blk.3.attn_k_norm.weight,3,Layer,attn_k_norm.weight,512,358204064,358204576
NAME_ORDER,233,37,blk.3.attn_norm.weight,3,Layer,attn_norm.weight,4096,358204576,358208672
NAME_ORDER,234,38,blk.3.attn_output.weight,3,Layer,attn_output.weight,2228224,358208672,360436896
NAME_ORDER,235,39,blk.3.attn_q.weight,3,Layer,attn_q.weight,2228224,360436896,362665120
NAME_ORDER,236,40,blk.3.attn_q_norm.weight,3,Layer,attn_q_norm.weight,512,362665120,362665632
NAME_ORDER,237,41,blk.3.attn_v.weight,3,Layer,attn_v.weight,1114112,362665632,363779744
NAME_ORDER,238,42,blk.3.ffn_down.weight,3,Layer,ffn_down.weight,3342336,363779744,367122080
NAME_ORDER,239,43,blk.3.ffn_gate.weight,3,Layer,ffn_gate.weight,3342336,367122080,370464416
NAME_ORDER,240,44,blk.3.ffn_norm.weight,3,Layer,ffn_norm.weight,4096,370464416,370468512
NAME_ORDER,241,45,blk.3.ffn_up.weight,3,Layer,ffn_up.weight,3342336,370468512,373810848
NAME_ORDER,242,46,blk.4.attn_k.weight,4,Layer,attn_k.weight,1114112,373810848,374924960
NAME_ORDER,243,47,blk.4.attn_k_norm.weight,4,Layer,attn_k_norm.weight,512,374924960,374925472
NAME_ORDER,244,48,blk.4.attn_norm.weight,4,Layer,attn_norm.weight,4096,374925472,374929568
NAME_ORDER,245,49,blk.4.attn_output.weight,4,Layer,attn_output.weight,2228224,374929568,377157792
NAME_ORDER,246,50,blk.4.attn_q.weight,4,Layer,attn_q.weight,2228224,377157792,379386016
NAME_ORDER,247,51,blk.4.attn_q_norm.weight,4,Layer,attn_q_norm.weight,512,379386016,379386528
NAME_ORDER,248,52,blk.4.attn_v.weight,4,Layer,attn_v.weight,1114112,379386528,380500640
NAME_ORDER,249,53,blk.4.ffn_down.weight,4,Layer,ffn_down.weight,3342336,380500640,383842976
NAME_ORDER,250,54,blk.4.ffn_gate.weight,4,Layer,ffn_gate.weight,3342336,383842976,387185312
NAME_ORDER,251,55,blk.4.ffn_norm.weight,4,Layer,ffn_norm.weight,4096,387185312,387189408
NAME_ORDER,252,56,blk.4.ffn_up.weight,4,Layer,ffn_up.weight,3342336,387189408,390531744
NAME_ORDER,253,57,blk.5.attn_k.weight,5,Layer,attn_k.weight,1114112,390531744,391645856
NAME_ORDER,254,58,blk.5.attn_k_norm.weight,5,Layer,attn_k_norm.weight,512,391645856,391646368
NAME_ORDER,255,59,blk.5.attn_norm.weight,5,Layer,attn_norm.weight,4096,391646368,391650464
NAME_ORDER,256,60,blk.5.attn_output.weight,5,Layer,attn_output.weight,2228224,391650464,393878688
NAME_ORDER,257,61,blk.5.attn_q.weight,5,Layer,attn_q.weight,2228224,393878688,396106912
NAME_ORDER,258,62,blk.5.attn_q_norm.weight,5,Layer,attn_q_norm.weight,512,396106912,396107424
NAME_ORDER,259,63,blk.5.attn_v.weight,5,Layer,attn_v.weight,1114112,396107424,397221536
NAME_ORDER,260,64,blk.5.ffn_down.weight,5,Layer,ffn_down.weight,3342336,397221536,400563872
NAME_ORDER,261,65,blk.5.ffn_gate.weight,5,Layer,ffn_gate.weight,3342336,400563872,403906208
NAME_ORDER,262,66,blk.5.ffn_norm.weight,5,Layer,ffn_norm.weight,4096,403906208,403910304
NAME_ORDER,263,67,blk.5.ffn_up.weight,5,Layer,ffn_up.weight,3342336,403910304,407252640
NAME_ORDER,264,68,blk.6.attn_k.weight,6,Layer,attn_k.weight,1114112,407252640,408366752
NAME_ORDER,265,69,blk.6.attn_k_norm.weight,6,Layer,attn_k_norm.weight,512,408366752,408367264
NAME_ORDER,266,70,blk.6.attn_norm.weight,6,Layer,attn_norm.weight,4096,408367264,408371360
NAME_ORDER,267,71,blk.6.attn_output.weight,6,Layer,attn_output.weight,2228224,408371360,410599584
NAME_ORDER,268,72,blk.6.attn_q.weight,6,Layer,attn_q.weight,2228224,410599584,412827808
NAME_ORDER,269,73,blk.6.attn_q_norm.weight,6,Layer,attn_q_norm.weight,512,412827808,412828320
NAME_ORDER,270,74,blk.6.attn_v.weight,6,Layer,attn_v.weight,1114112,412828320,413942432
NAME_ORDER,271,75,blk.6.ffn_down.weight,6,Layer,ffn_down.weight,3342336,413942432,417284768
NAME_ORDER,272,76,blk.6.ffn_gate.weight,6,Layer,ffn_gate.weight,3342336,417284768,420627104
NAME_ORDER,273,77,blk.6.ffn_norm.weight,6,Layer,ffn_norm.weight,4096,420627104,420631200
NAME_ORDER,274,78,blk.6.ffn_up.weight,6,Layer,ffn_up.weight,3342336,420631200,423973536
NAME_ORDER,275,79,blk.7.attn_k.weight,7,Layer,attn_k.weight,1114112,423973536,425087648
NAME_ORDER,276,80,blk.7.attn_k_norm.weight,7,Layer,attn_k_norm.weight,512,425087648,425088160
NAME_ORDER,277,81,blk.7.attn_norm.weight,7,Layer,attn_norm.weight,4096,425088160,425092256
NAME_ORDER,278,82,blk.7.attn_output.weight,7,Layer,attn_output.weight,2228224,425092256,427320480
NAME_ORDER,279,83,blk.7.attn_q.weight,7,Layer,attn_q.weight,2228224,427320480,429548704
NAME_ORDER,280,84,blk.7.attn_q_norm.weight,7,Layer,attn_q_norm.weight,512,429548704,429549216
NAME_ORDER,281,85,blk.7.attn_v.weight,7,Layer,attn_v.weight,1114112,429549216,430663328
NAME_ORDER,282,86,blk.7.ffn_down.weight,7,Layer,ffn_down.weight,3342336,430663328,434005664
NAME_ORDER,283,87,blk.7.ffn_gate.weight,7,Layer,ffn_gate.weight,3342336,434005664,437348000
NAME_ORDER,284,88,blk.7.ffn_norm.weight,7,Layer,ffn_norm.weight,4096,437348000,437352096
NAME_ORDER,285,89,blk.7.ffn_up.weight,7,Layer,ffn_up.weight,3342336,437352096,440694432
NAME_ORDER,286,90,blk.8.attn_k.weight,8,Layer,attn_k.weight,1114112,440694432,441808544
NAME_ORDER,287,91,blk.8.attn_k_norm.weight,8,Layer,attn_k_norm.weight,512,441808544,441809056
NAME_ORDER,288,92,blk.8.attn_norm.weight,8,Layer,attn_norm.weight,4096,441809056,441813152
NAME_ORDER,289,93,blk.8.attn_output.weight,8,Layer,attn_output.weight,2228224,441813152,444041376
NAME_ORDER,290,94,blk.8.attn_q.weight,8,Layer,attn_q.weight,2228224,444041376,446269600
NAME_ORDER,291,95,blk.8.attn_q_norm.weight,8,Layer,attn_q_norm.weight,512,446269600,446270112
NAME_ORDER,292,96,blk.8.attn_v.weight,8,Layer,attn_v.weight,1114112,446270112,447384224
NAME_ORDER,293,97,blk.8.ffn_down.weight,8,Layer,ffn_down.weight,3342336,447384224,450726560
NAME_ORDER,294,98,blk.8.ffn_gate.weight,8,Layer,ffn_gate.weight,3342336,450726560,454068896
NAME_ORDER,295,99,blk.8.ffn_norm.weight,8,Layer,ffn_norm.weight,4096,454068896,454072992
NAME_ORDER,296,100,blk.8.ffn_up.weight,8,Layer,ffn_up.weight,3342336,454072992,457415328
NAME_ORDER,297,101,blk.9.attn_k.weight,9,Layer,attn_k.weight,1114112,457415328,458529440
NAME_ORDER,298,102,blk.9.attn_k_norm.weight,9,Layer,attn_k_norm.weight,512,458529440,458529952
NAME_ORDER,299,103,blk.9.attn_norm.weight,9,Layer,attn_norm.weight,4096,458529952,458534048
NAME_ORDER,300,104,blk.9.attn_output.weight,9,Layer,attn_output.weight,2228224,458534048,460762272
NAME_ORDER,301,105,blk.9.attn_q.weight,9,Layer,attn_q.weight,2228224,460762272,462990496
NAME_ORDER,302,106,blk.9.attn_q_norm.weight,9,Layer,attn_q_norm.weight,512,462990496,462991008
NAME_ORDER,303,107,blk.9.attn_v.weight,9,Layer,attn_v.weight,1114112,462991008,464105120
NAME_ORDER,304,108,blk.9.ffn_down.weight,9,Layer,ffn_down.weight,3342336,464105120,467447456
NAME_ORDER,305,109,blk.9.ffn_gate.weight,9,Layer,ffn_gate.weight,3342336,467447456,470789792
NAME_ORDER,306,110,blk.9.ffn_norm.weight,9,Layer,ffn_norm.weight,4096,470789792,470793888
NAME_ORDER,307,111,blk.9.ffn_up.weight,9,Layer,ffn_up.weight,3342336,470793888,474136224
NAME_ORDER,308,0,output_norm.weight,,GlobalPost,FinalNorm,4096,474136224,474140320
NAME_ORDER,309,1,token_embd.weight,,GlobalPre,TokenEmbedding,165306368,474140320,639446688
LAYER_MAJOR,0,1,token_embd.weight,,GlobalPre,TokenEmbedding,165306368,5951136,171257504
LAYER_MAJOR,1,2,blk.0.attn_k.weight,0,Layer,attn_k.weight,1114112,171257504,172371616
LAYER_MAJOR,2,3,blk.0.attn_k_norm.weight,0,Layer,attn_k_norm.weight,512,172371616,172372128
LAYER_MAJOR,3,4,blk.0.attn_norm.weight,0,Layer,attn_norm.weight,4096,172372128,172376224
LAYER_MAJOR,4,5,blk.0.attn_output.weight,0,Layer,attn_output.weight,2228224,172376224,174604448
LAYER_MAJOR,5,6,blk.0.attn_q.weight,0,Layer,attn_q.weight,2228224,174604448,176832672
LAYER_MAJOR,6,7,blk.0.attn_q_norm.weight,0,Layer,attn_q_norm.weight,512,176832672,176833184
LAYER_MAJOR,7,8,blk.0.attn_v.weight,0,Layer,attn_v.weight,1114112,176833184,177947296
LAYER_MAJOR,8,9,blk.0.ffn_down.weight,0,Layer,ffn_down.weight,3342336,177947296,181289632
LAYER_MAJOR,9,10,blk.0.ffn_gate.weight,0,Layer,ffn_gate.weight,3342336,181289632,184631968
LAYER_MAJOR,10,11,blk.0.ffn_norm.weight,0,Layer,ffn_norm.weight,4096,184631968,184636064
LAYER_MAJOR,11,12,blk.0.ffn_up.weight,0,Layer,ffn_up.weight,3342336,184636064,187978400
LAYER_MAJOR,12,13,blk.1.attn_k.weight,1,Layer,attn_k.weight,1114112,187978400,189092512
LAYER_MAJOR,13,14,blk.1.attn_k_norm.weight,1,Layer,attn_k_norm.weight,512,189092512,189093024
LAYER_MAJOR,14,15,blk.1.attn_norm.weight,1,Layer,attn_norm.weight,4096,189093024,189097120
LAYER_MAJOR,15,16,blk.1.attn_output.weight,1,Layer,attn_output.weight,2228224,189097120,191325344
LAYER_MAJOR,16,17,blk.1.attn_q.weight,1,Layer,attn_q.weight,2228224,191325344,193553568
LAYER_MAJOR,17,18,blk.1.attn_q_norm.weight,1,Layer,attn_q_norm.weight,512,193553568,193554080
LAYER_MAJOR,18,19,blk.1.attn_v.weight,1,Layer,attn_v.weight,1114112,193554080,194668192
LAYER_MAJOR,19,20,blk.1.ffn_down.weight,1,Layer,ffn_down.weight,3342336,194668192,198010528
LAYER_MAJOR,20,21,blk.1.ffn_gate.weight,1,Layer,ffn_gate.weight,3342336,198010528,201352864
LAYER_MAJOR,21,22,blk.1.ffn_norm.weight,1,Layer,ffn_norm.weight,4096,201352864,201356960
LAYER_MAJOR,22,23,blk.1.ffn_up.weight,1,Layer,ffn_up.weight,3342336,201356960,204699296
LAYER_MAJOR,23,24,blk.2.attn_k.weight,2,Layer,attn_k.weight,1114112,204699296,205813408
LAYER_MAJOR,24,25,blk.2.attn_k_norm.weight,2,Layer,attn_k_norm.weight,512,205813408,205813920
LAYER_MAJOR,25,26,blk.2.attn_norm.weight,2,Layer,attn_norm.weight,4096,205813920,205818016
LAYER_MAJOR,26,27,blk.2.attn_output.weight,2,Layer,attn_output.weight,2228224,205818016,208046240
LAYER_MAJOR,27,28,blk.2.attn_q.weight,2,Layer,attn_q.weight,2228224,208046240,210274464
LAYER_MAJOR,28,29,blk.2.attn_q_norm.weight,2,Layer,attn_q_norm.weight,512,210274464,210274976
LAYER_MAJOR,29,30,blk.2.attn_v.weight,2,Layer,attn_v.weight,1114112,210274976,211389088
LAYER_MAJOR,30,31,blk.2.ffn_down.weight,2,Layer,ffn_down.weight,3342336,211389088,214731424
LAYER_MAJOR,31,32,blk.2.ffn_gate.weight,2,Layer,ffn_gate.weight,3342336,214731424,218073760
LAYER_MAJOR,32,33,blk.2.ffn_norm.weight,2,Layer,ffn_norm.weight,4096,218073760,218077856
LAYER_MAJOR,33,34,blk.2.ffn_up.weight,2,Layer,ffn_up.weight,3342336,218077856,221420192
LAYER_MAJOR,34,35,blk.3.attn_k.weight,3,Layer,attn_k.weight,1114112,221420192,222534304
LAYER_MAJOR,35,36,blk.3.attn_k_norm.weight,3,Layer,attn_k_norm.weight,512,222534304,222534816
LAYER_MAJOR,36,37,blk.3.attn_norm.weight,3,Layer,attn_norm.weight,4096,222534816,222538912
LAYER_MAJOR,37,38,blk.3.attn_output.weight,3,Layer,attn_output.weight,2228224,222538912,224767136
LAYER_MAJOR,38,39,blk.3.attn_q.weight,3,Layer,attn_q.weight,2228224,224767136,226995360
LAYER_MAJOR,39,40,blk.3.attn_q_norm.weight,3,Layer,attn_q_norm.weight,512,226995360,226995872
LAYER_MAJOR,40,41,blk.3.attn_v.weight,3,Layer,attn_v.weight,1114112,226995872,228109984
LAYER_MAJOR,41,42,blk.3.ffn_down.weight,3,Layer,ffn_down.weight,3342336,228109984,231452320
LAYER_MAJOR,42,43,blk.3.ffn_gate.weight,3,Layer,ffn_gate.weight,3342336,231452320,234794656
LAYER_MAJOR,43,44,blk.3.ffn_norm.weight,3,Layer,ffn_norm.weight,4096,234794656,234798752
LAYER_MAJOR,44,45,blk.3.ffn_up.weight,3,Layer,ffn_up.weight,3342336,234798752,238141088
LAYER_MAJOR,45,46,blk.4.attn_k.weight,4,Layer,attn_k.weight,1114112,238141088,239255200
LAYER_MAJOR,46,47,blk.4.attn_k_norm.weight,4,Layer,attn_k_norm.weight,512,239255200,239255712
LAYER_MAJOR,47,48,blk.4.attn_norm.weight,4,Layer,attn_norm.weight,4096,239255712,239259808
LAYER_MAJOR,48,49,blk.4.attn_output.weight,4,Layer,attn_output.weight,2228224,239259808,241488032
LAYER_MAJOR,49,50,blk.4.attn_q.weight,4,Layer,attn_q.weight,2228224,241488032,243716256
LAYER_MAJOR,50,51,blk.4.attn_q_norm.weight,4,Layer,attn_q_norm.weight,512,243716256,243716768
LAYER_MAJOR,51,52,blk.4.attn_v.weight,4,Layer,attn_v.weight,1114112,243716768,244830880
LAYER_MAJOR,52,53,blk.4.ffn_down.weight,4,Layer,ffn_down.weight,3342336,244830880,248173216
LAYER_MAJOR,53,54,blk.4.ffn_gate.weight,4,Layer,ffn_gate.weight,3342336,248173216,251515552
LAYER_MAJOR,54,55,blk.4.ffn_norm.weight,4,Layer,ffn_norm.weight,4096,251515552,251519648
LAYER_MAJOR,55,56,blk.4.ffn_up.weight,4,Layer,ffn_up.weight,3342336,251519648,254861984
LAYER_MAJOR,56,57,blk.5.attn_k.weight,5,Layer,attn_k.weight,1114112,254861984,255976096
LAYER_MAJOR,57,58,blk.5.attn_k_norm.weight,5,Layer,attn_k_norm.weight,512,255976096,255976608
LAYER_MAJOR,58,59,blk.5.attn_norm.weight,5,Layer,attn_norm.weight,4096,255976608,255980704
LAYER_MAJOR,59,60,blk.5.attn_output.weight,5,Layer,attn_output.weight,2228224,255980704,258208928
LAYER_MAJOR,60,61,blk.5.attn_q.weight,5,Layer,attn_q.weight,2228224,258208928,260437152
LAYER_MAJOR,61,62,blk.5.attn_q_norm.weight,5,Layer,attn_q_norm.weight,512,260437152,260437664
LAYER_MAJOR,62,63,blk.5.attn_v.weight,5,Layer,attn_v.weight,1114112,260437664,261551776
LAYER_MAJOR,63,64,blk.5.ffn_down.weight,5,Layer,ffn_down.weight,3342336,261551776,264894112
LAYER_MAJOR,64,65,blk.5.ffn_gate.weight,5,Layer,ffn_gate.weight,3342336,264894112,268236448
LAYER_MAJOR,65,66,blk.5.ffn_norm.weight,5,Layer,ffn_norm.weight,4096,268236448,268240544
LAYER_MAJOR,66,67,blk.5.ffn_up.weight,5,Layer,ffn_up.weight,3342336,268240544,271582880
LAYER_MAJOR,67,68,blk.6.attn_k.weight,6,Layer,attn_k.weight,1114112,271582880,272696992
LAYER_MAJOR,68,69,blk.6.attn_k_norm.weight,6,Layer,attn_k_norm.weight,512,272696992,272697504
LAYER_MAJOR,69,70,blk.6.attn_norm.weight,6,Layer,attn_norm.weight,4096,272697504,272701600
LAYER_MAJOR,70,71,blk.6.attn_output.weight,6,Layer,attn_output.weight,2228224,272701600,274929824
LAYER_MAJOR,71,72,blk.6.attn_q.weight,6,Layer,attn_q.weight,2228224,274929824,277158048
LAYER_MAJOR,72,73,blk.6.attn_q_norm.weight,6,Layer,attn_q_norm.weight,512,277158048,277158560
LAYER_MAJOR,73,74,blk.6.attn_v.weight,6,Layer,attn_v.weight,1114112,277158560,278272672
LAYER_MAJOR,74,75,blk.6.ffn_down.weight,6,Layer,ffn_down.weight,3342336,278272672,281615008
LAYER_MAJOR,75,76,blk.6.ffn_gate.weight,6,Layer,ffn_gate.weight,3342336,281615008,284957344
LAYER_MAJOR,76,77,blk.6.ffn_norm.weight,6,Layer,ffn_norm.weight,4096,284957344,284961440
LAYER_MAJOR,77,78,blk.6.ffn_up.weight,6,Layer,ffn_up.weight,3342336,284961440,288303776
LAYER_MAJOR,78,79,blk.7.attn_k.weight,7,Layer,attn_k.weight,1114112,288303776,289417888
LAYER_MAJOR,79,80,blk.7.attn_k_norm.weight,7,Layer,attn_k_norm.weight,512,289417888,289418400
LAYER_MAJOR,80,81,blk.7.attn_norm.weight,7,Layer,attn_norm.weight,4096,289418400,289422496
LAYER_MAJOR,81,82,blk.7.attn_output.weight,7,Layer,attn_output.weight,2228224,289422496,291650720
LAYER_MAJOR,82,83,blk.7.attn_q.weight,7,Layer,attn_q.weight,2228224,291650720,293878944
LAYER_MAJOR,83,84,blk.7.attn_q_norm.weight,7,Layer,attn_q_norm.weight,512,293878944,293879456
LAYER_MAJOR,84,85,blk.7.attn_v.weight,7,Layer,attn_v.weight,1114112,293879456,294993568
LAYER_MAJOR,85,86,blk.7.ffn_down.weight,7,Layer,ffn_down.weight,3342336,294993568,298335904
LAYER_MAJOR,86,87,blk.7.ffn_gate.weight,7,Layer,ffn_gate.weight,3342336,298335904,301678240
LAYER_MAJOR,87,88,blk.7.ffn_norm.weight,7,Layer,ffn_norm.weight,4096,301678240,301682336
LAYER_MAJOR,88,89,blk.7.ffn_up.weight,7,Layer,ffn_up.weight,3342336,301682336,305024672
LAYER_MAJOR,89,90,blk.8.attn_k.weight,8,Layer,attn_k.weight,1114112,305024672,306138784
LAYER_MAJOR,90,91,blk.8.attn_k_norm.weight,8,Layer,attn_k_norm.weight,512,306138784,306139296
LAYER_MAJOR,91,92,blk.8.attn_norm.weight,8,Layer,attn_norm.weight,4096,306139296,306143392
LAYER_MAJOR,92,93,blk.8.attn_output.weight,8,Layer,attn_output.weight,2228224,306143392,308371616
LAYER_MAJOR,93,94,blk.8.attn_q.weight,8,Layer,attn_q.weight,2228224,308371616,310599840
LAYER_MAJOR,94,95,blk.8.attn_q_norm.weight,8,Layer,attn_q_norm.weight,512,310599840,310600352
LAYER_MAJOR,95,96,blk.8.attn_v.weight,8,Layer,attn_v.weight,1114112,310600352,311714464
LAYER_MAJOR,96,97,blk.8.ffn_down.weight,8,Layer,ffn_down.weight,3342336,311714464,315056800
LAYER_MAJOR,97,98,blk.8.ffn_gate.weight,8,Layer,ffn_gate.weight,3342336,315056800,318399136
LAYER_MAJOR,98,99,blk.8.ffn_norm.weight,8,Layer,ffn_norm.weight,4096,318399136,318403232
LAYER_MAJOR,99,100,blk.8.ffn_up.weight,8,Layer,ffn_up.weight,3342336,318403232,321745568
LAYER_MAJOR,100,101,blk.9.attn_k.weight,9,Layer,attn_k.weight,1114112,321745568,322859680
LAYER_MAJOR,101,102,blk.9.attn_k_norm.weight,9,Layer,attn_k_norm.weight,512,322859680,322860192
LAYER_MAJOR,102,103,blk.9.attn_norm.weight,9,Layer,attn_norm.weight,4096,322860192,322864288
LAYER_MAJOR,103,104,blk.9.attn_output.weight,9,Layer,attn_output.weight,2228224,322864288,325092512
LAYER_MAJOR,104,105,blk.9.attn_q.weight,9,Layer,attn_q.weight,2228224,325092512,327320736
LAYER_MAJOR,105,106,blk.9.attn_q_norm.weight,9,Layer,attn_q_norm.weight,512,327320736,327321248
LAYER_MAJOR,106,107,blk.9.attn_v.weight,9,Layer,attn_v.weight,1114112,327321248,328435360
LAYER_MAJOR,107,108,blk.9.ffn_down.weight,9,Layer,ffn_down.weight,3342336,328435360,331777696
LAYER_MAJOR,108,109,blk.9.ffn_gate.weight,9,Layer,ffn_gate.weight,3342336,331777696,335120032
LAYER_MAJOR,109,110,blk.9.ffn_norm.weight,9,Layer,ffn_norm.weight,4096,335120032,335124128
LAYER_MAJOR,110,111,blk.9.ffn_up.weight,9,Layer,ffn_up.weight,3342336,335124128,338466464
LAYER_MAJOR,111,112,blk.10.attn_k.weight,10,Layer,attn_k.weight,1114112,338466464,339580576
LAYER_MAJOR,112,113,blk.10.attn_k_norm.weight,10,Layer,attn_k_norm.weight,512,339580576,339581088
LAYER_MAJOR,113,114,blk.10.attn_norm.weight,10,Layer,attn_norm.weight,4096,339581088,339585184
LAYER_MAJOR,114,115,blk.10.attn_output.weight,10,Layer,attn_output.weight,2228224,339585184,341813408
LAYER_MAJOR,115,116,blk.10.attn_q.weight,10,Layer,attn_q.weight,2228224,341813408,344041632
LAYER_MAJOR,116,117,blk.10.attn_q_norm.weight,10,Layer,attn_q_norm.weight,512,344041632,344042144
LAYER_MAJOR,117,118,blk.10.attn_v.weight,10,Layer,attn_v.weight,1114112,344042144,345156256
LAYER_MAJOR,118,119,blk.10.ffn_down.weight,10,Layer,ffn_down.weight,3342336,345156256,348498592
LAYER_MAJOR,119,120,blk.10.ffn_gate.weight,10,Layer,ffn_gate.weight,3342336,348498592,351840928
LAYER_MAJOR,120,121,blk.10.ffn_norm.weight,10,Layer,ffn_norm.weight,4096,351840928,351845024
LAYER_MAJOR,121,122,blk.10.ffn_up.weight,10,Layer,ffn_up.weight,3342336,351845024,355187360
LAYER_MAJOR,122,123,blk.11.attn_k.weight,11,Layer,attn_k.weight,1114112,355187360,356301472
LAYER_MAJOR,123,124,blk.11.attn_k_norm.weight,11,Layer,attn_k_norm.weight,512,356301472,356301984
LAYER_MAJOR,124,125,blk.11.attn_norm.weight,11,Layer,attn_norm.weight,4096,356301984,356306080
LAYER_MAJOR,125,126,blk.11.attn_output.weight,11,Layer,attn_output.weight,2228224,356306080,358534304
LAYER_MAJOR,126,127,blk.11.attn_q.weight,11,Layer,attn_q.weight,2228224,358534304,360762528
LAYER_MAJOR,127,128,blk.11.attn_q_norm.weight,11,Layer,attn_q_norm.weight,512,360762528,360763040
LAYER_MAJOR,128,129,blk.11.attn_v.weight,11,Layer,attn_v.weight,1114112,360763040,361877152
LAYER_MAJOR,129,130,blk.11.ffn_down.weight,11,Layer,ffn_down.weight,3342336,361877152,365219488
LAYER_MAJOR,130,131,blk.11.ffn_gate.weight,11,Layer,ffn_gate.weight,3342336,365219488,368561824
LAYER_MAJOR,131,132,blk.11.ffn_norm.weight,11,Layer,ffn_norm.weight,4096,368561824,368565920
LAYER_MAJOR,132,133,blk.11.ffn_up.weight,11,Layer,ffn_up.weight,3342336,368565920,371908256
LAYER_MAJOR,133,134,blk.12.attn_k.weight,12,Layer,attn_k.weight,1114112,371908256,373022368
LAYER_MAJOR,134,135,blk.12.attn_k_norm.weight,12,Layer,attn_k_norm.weight,512,373022368,373022880
LAYER_MAJOR,135,136,blk.12.attn_norm.weight,12,Layer,attn_norm.weight,4096,373022880,373026976
LAYER_MAJOR,136,137,blk.12.attn_output.weight,12,Layer,attn_output.weight,2228224,373026976,375255200
LAYER_MAJOR,137,138,blk.12.attn_q.weight,12,Layer,attn_q.weight,2228224,375255200,377483424
LAYER_MAJOR,138,139,blk.12.attn_q_norm.weight,12,Layer,attn_q_norm.weight,512,377483424,377483936
LAYER_MAJOR,139,140,blk.12.attn_v.weight,12,Layer,attn_v.weight,1114112,377483936,378598048
LAYER_MAJOR,140,141,blk.12.ffn_down.weight,12,Layer,ffn_down.weight,3342336,378598048,381940384
LAYER_MAJOR,141,142,blk.12.ffn_gate.weight,12,Layer,ffn_gate.weight,3342336,381940384,385282720
LAYER_MAJOR,142,143,blk.12.ffn_norm.weight,12,Layer,ffn_norm.weight,4096,385282720,385286816
LAYER_MAJOR,143,144,blk.12.ffn_up.weight,12,Layer,ffn_up.weight,3342336,385286816,388629152
LAYER_MAJOR,144,145,blk.13.attn_k.weight,13,Layer,attn_k.weight,1114112,388629152,389743264
LAYER_MAJOR,145,146,blk.13.attn_k_norm.weight,13,Layer,attn_k_norm.weight,512,389743264,389743776
LAYER_MAJOR,146,147,blk.13.attn_norm.weight,13,Layer,attn_norm.weight,4096,389743776,389747872
LAYER_MAJOR,147,148,blk.13.attn_output.weight,13,Layer,attn_output.weight,2228224,389747872,391976096
LAYER_MAJOR,148,149,blk.13.attn_q.weight,13,Layer,attn_q.weight,2228224,391976096,394204320
LAYER_MAJOR,149,150,blk.13.attn_q_norm.weight,13,Layer,attn_q_norm.weight,512,394204320,394204832
LAYER_MAJOR,150,151,blk.13.attn_v.weight,13,Layer,attn_v.weight,1114112,394204832,395318944
LAYER_MAJOR,151,152,blk.13.ffn_down.weight,13,Layer,ffn_down.weight,3342336,395318944,398661280
LAYER_MAJOR,152,153,blk.13.ffn_gate.weight,13,Layer,ffn_gate.weight,3342336,398661280,402003616
LAYER_MAJOR,153,154,blk.13.ffn_norm.weight,13,Layer,ffn_norm.weight,4096,402003616,402007712
LAYER_MAJOR,154,155,blk.13.ffn_up.weight,13,Layer,ffn_up.weight,3342336,402007712,405350048
LAYER_MAJOR,155,156,blk.14.attn_k.weight,14,Layer,attn_k.weight,1114112,405350048,406464160
LAYER_MAJOR,156,157,blk.14.attn_k_norm.weight,14,Layer,attn_k_norm.weight,512,406464160,406464672
LAYER_MAJOR,157,158,blk.14.attn_norm.weight,14,Layer,attn_norm.weight,4096,406464672,406468768
LAYER_MAJOR,158,159,blk.14.attn_output.weight,14,Layer,attn_output.weight,2228224,406468768,408696992
LAYER_MAJOR,159,160,blk.14.attn_q.weight,14,Layer,attn_q.weight,2228224,408696992,410925216
LAYER_MAJOR,160,161,blk.14.attn_q_norm.weight,14,Layer,attn_q_norm.weight,512,410925216,410925728
LAYER_MAJOR,161,162,blk.14.attn_v.weight,14,Layer,attn_v.weight,1114112,410925728,412039840
LAYER_MAJOR,162,163,blk.14.ffn_down.weight,14,Layer,ffn_down.weight,3342336,412039840,415382176
LAYER_MAJOR,163,164,blk.14.ffn_gate.weight,14,Layer,ffn_gate.weight,3342336,415382176,418724512
LAYER_MAJOR,164,165,blk.14.ffn_norm.weight,14,Layer,ffn_norm.weight,4096,418724512,418728608
LAYER_MAJOR,165,166,blk.14.ffn_up.weight,14,Layer,ffn_up.weight,3342336,418728608,422070944
LAYER_MAJOR,166,167,blk.15.attn_k.weight,15,Layer,attn_k.weight,1114112,422070944,423185056
LAYER_MAJOR,167,168,blk.15.attn_k_norm.weight,15,Layer,attn_k_norm.weight,512,423185056,423185568
LAYER_MAJOR,168,169,blk.15.attn_norm.weight,15,Layer,attn_norm.weight,4096,423185568,423189664
LAYER_MAJOR,169,170,blk.15.attn_output.weight,15,Layer,attn_output.weight,2228224,423189664,425417888
LAYER_MAJOR,170,171,blk.15.attn_q.weight,15,Layer,attn_q.weight,2228224,425417888,427646112
LAYER_MAJOR,171,172,blk.15.attn_q_norm.weight,15,Layer,attn_q_norm.weight,512,427646112,427646624
LAYER_MAJOR,172,173,blk.15.attn_v.weight,15,Layer,attn_v.weight,1114112,427646624,428760736
LAYER_MAJOR,173,174,blk.15.ffn_down.weight,15,Layer,ffn_down.weight,3342336,428760736,432103072
LAYER_MAJOR,174,175,blk.15.ffn_gate.weight,15,Layer,ffn_gate.weight,3342336,432103072,435445408
LAYER_MAJOR,175,176,blk.15.ffn_norm.weight,15,Layer,ffn_norm.weight,4096,435445408,435449504
LAYER_MAJOR,176,177,blk.15.ffn_up.weight,15,Layer,ffn_up.weight,3342336,435449504,438791840
LAYER_MAJOR,177,178,blk.16.attn_k.weight,16,Layer,attn_k.weight,1114112,438791840,439905952
LAYER_MAJOR,178,179,blk.16.attn_k_norm.weight,16,Layer,attn_k_norm.weight,512,439905952,439906464
LAYER_MAJOR,179,180,blk.16.attn_norm.weight,16,Layer,attn_norm.weight,4096,439906464,439910560
LAYER_MAJOR,180,181,blk.16.attn_output.weight,16,Layer,attn_output.weight,2228224,439910560,442138784
LAYER_MAJOR,181,182,blk.16.attn_q.weight,16,Layer,attn_q.weight,2228224,442138784,444367008
LAYER_MAJOR,182,183,blk.16.attn_q_norm.weight,16,Layer,attn_q_norm.weight,512,444367008,444367520
LAYER_MAJOR,183,184,blk.16.attn_v.weight,16,Layer,attn_v.weight,1114112,444367520,445481632
LAYER_MAJOR,184,185,blk.16.ffn_down.weight,16,Layer,ffn_down.weight,3342336,445481632,448823968
LAYER_MAJOR,185,186,blk.16.ffn_gate.weight,16,Layer,ffn_gate.weight,3342336,448823968,452166304
LAYER_MAJOR,186,187,blk.16.ffn_norm.weight,16,Layer,ffn_norm.weight,4096,452166304,452170400
LAYER_MAJOR,187,188,blk.16.ffn_up.weight,16,Layer,ffn_up.weight,3342336,452170400,455512736
LAYER_MAJOR,188,189,blk.17.attn_k.weight,17,Layer,attn_k.weight,1114112,455512736,456626848
LAYER_MAJOR,189,190,blk.17.attn_k_norm.weight,17,Layer,attn_k_norm.weight,512,456626848,456627360
LAYER_MAJOR,190,191,blk.17.attn_norm.weight,17,Layer,attn_norm.weight,4096,456627360,456631456
LAYER_MAJOR,191,192,blk.17.attn_output.weight,17,Layer,attn_output.weight,2228224,456631456,458859680
LAYER_MAJOR,192,193,blk.17.attn_q.weight,17,Layer,attn_q.weight,2228224,458859680,461087904
LAYER_MAJOR,193,194,blk.17.attn_q_norm.weight,17,Layer,attn_q_norm.weight,512,461087904,461088416
LAYER_MAJOR,194,195,blk.17.attn_v.weight,17,Layer,attn_v.weight,1114112,461088416,462202528
LAYER_MAJOR,195,196,blk.17.ffn_down.weight,17,Layer,ffn_down.weight,3342336,462202528,465544864
LAYER_MAJOR,196,197,blk.17.ffn_gate.weight,17,Layer,ffn_gate.weight,3342336,465544864,468887200
LAYER_MAJOR,197,198,blk.17.ffn_norm.weight,17,Layer,ffn_norm.weight,4096,468887200,468891296
LAYER_MAJOR,198,199,blk.17.ffn_up.weight,17,Layer,ffn_up.weight,3342336,468891296,472233632
LAYER_MAJOR,199,200,blk.18.attn_k.weight,18,Layer,attn_k.weight,1114112,472233632,473347744
LAYER_MAJOR,200,201,blk.18.attn_k_norm.weight,18,Layer,attn_k_norm.weight,512,473347744,473348256
LAYER_MAJOR,201,202,blk.18.attn_norm.weight,18,Layer,attn_norm.weight,4096,473348256,473352352
LAYER_MAJOR,202,203,blk.18.attn_output.weight,18,Layer,attn_output.weight,2228224,473352352,475580576
LAYER_MAJOR,203,204,blk.18.attn_q.weight,18,Layer,attn_q.weight,2228224,475580576,477808800
LAYER_MAJOR,204,205,blk.18.attn_q_norm.weight,18,Layer,attn_q_norm.weight,512,477808800,477809312
LAYER_MAJOR,205,206,blk.18.attn_v.weight,18,Layer,attn_v.weight,1114112,477809312,478923424
LAYER_MAJOR,206,207,blk.18.ffn_down.weight,18,Layer,ffn_down.weight,3342336,478923424,482265760
LAYER_MAJOR,207,208,blk.18.ffn_gate.weight,18,Layer,ffn_gate.weight,3342336,482265760,485608096
LAYER_MAJOR,208,209,blk.18.ffn_norm.weight,18,Layer,ffn_norm.weight,4096,485608096,485612192
LAYER_MAJOR,209,210,blk.18.ffn_up.weight,18,Layer,ffn_up.weight,3342336,485612192,488954528
LAYER_MAJOR,210,211,blk.19.attn_k.weight,19,Layer,attn_k.weight,1114112,488954528,490068640
LAYER_MAJOR,211,212,blk.19.attn_k_norm.weight,19,Layer,attn_k_norm.weight,512,490068640,490069152
LAYER_MAJOR,212,213,blk.19.attn_norm.weight,19,Layer,attn_norm.weight,4096,490069152,490073248
LAYER_MAJOR,213,214,blk.19.attn_output.weight,19,Layer,attn_output.weight,2228224,490073248,492301472
LAYER_MAJOR,214,215,blk.19.attn_q.weight,19,Layer,attn_q.weight,2228224,492301472,494529696
LAYER_MAJOR,215,216,blk.19.attn_q_norm.weight,19,Layer,attn_q_norm.weight,512,494529696,494530208
LAYER_MAJOR,216,217,blk.19.attn_v.weight,19,Layer,attn_v.weight,1114112,494530208,495644320
LAYER_MAJOR,217,218,blk.19.ffn_down.weight,19,Layer,ffn_down.weight,3342336,495644320,498986656
LAYER_MAJOR,218,219,blk.19.ffn_gate.weight,19,Layer,ffn_gate.weight,3342336,498986656,502328992
LAYER_MAJOR,219,220,blk.19.ffn_norm.weight,19,Layer,ffn_norm.weight,4096,502328992,502333088
LAYER_MAJOR,220,221,blk.19.ffn_up.weight,19,Layer,ffn_up.weight,3342336,502333088,505675424
LAYER_MAJOR,221,222,blk.20.attn_k.weight,20,Layer,attn_k.weight,1114112,505675424,506789536
LAYER_MAJOR,222,223,blk.20.attn_k_norm.weight,20,Layer,attn_k_norm.weight,512,506789536,506790048
LAYER_MAJOR,223,224,blk.20.attn_norm.weight,20,Layer,attn_norm.weight,4096,506790048,506794144
LAYER_MAJOR,224,225,blk.20.attn_output.weight,20,Layer,attn_output.weight,2228224,506794144,509022368
LAYER_MAJOR,225,226,blk.20.attn_q.weight,20,Layer,attn_q.weight,2228224,509022368,511250592
LAYER_MAJOR,226,227,blk.20.attn_q_norm.weight,20,Layer,attn_q_norm.weight,512,511250592,511251104
LAYER_MAJOR,227,228,blk.20.attn_v.weight,20,Layer,attn_v.weight,1114112,511251104,512365216
LAYER_MAJOR,228,229,blk.20.ffn_down.weight,20,Layer,ffn_down.weight,3342336,512365216,515707552
LAYER_MAJOR,229,230,blk.20.ffn_gate.weight,20,Layer,ffn_gate.weight,3342336,515707552,519049888
LAYER_MAJOR,230,231,blk.20.ffn_norm.weight,20,Layer,ffn_norm.weight,4096,519049888,519053984
LAYER_MAJOR,231,232,blk.20.ffn_up.weight,20,Layer,ffn_up.weight,3342336,519053984,522396320
LAYER_MAJOR,232,233,blk.21.attn_k.weight,21,Layer,attn_k.weight,1114112,522396320,523510432
LAYER_MAJOR,233,234,blk.21.attn_k_norm.weight,21,Layer,attn_k_norm.weight,512,523510432,523510944
LAYER_MAJOR,234,235,blk.21.attn_norm.weight,21,Layer,attn_norm.weight,4096,523510944,523515040
LAYER_MAJOR,235,236,blk.21.attn_output.weight,21,Layer,attn_output.weight,2228224,523515040,525743264
LAYER_MAJOR,236,237,blk.21.attn_q.weight,21,Layer,attn_q.weight,2228224,525743264,527971488
LAYER_MAJOR,237,238,blk.21.attn_q_norm.weight,21,Layer,attn_q_norm.weight,512,527971488,527972000
LAYER_MAJOR,238,239,blk.21.attn_v.weight,21,Layer,attn_v.weight,1114112,527972000,529086112
LAYER_MAJOR,239,240,blk.21.ffn_down.weight,21,Layer,ffn_down.weight,3342336,529086112,532428448
LAYER_MAJOR,240,241,blk.21.ffn_gate.weight,21,Layer,ffn_gate.weight,3342336,532428448,535770784
LAYER_MAJOR,241,242,blk.21.ffn_norm.weight,21,Layer,ffn_norm.weight,4096,535770784,535774880
LAYER_MAJOR,242,243,blk.21.ffn_up.weight,21,Layer,ffn_up.weight,3342336,535774880,539117216
LAYER_MAJOR,243,244,blk.22.attn_k.weight,22,Layer,attn_k.weight,1114112,539117216,540231328
LAYER_MAJOR,244,245,blk.22.attn_k_norm.weight,22,Layer,attn_k_norm.weight,512,540231328,540231840
LAYER_MAJOR,245,246,blk.22.attn_norm.weight,22,Layer,attn_norm.weight,4096,540231840,540235936
LAYER_MAJOR,246,247,blk.22.attn_output.weight,22,Layer,attn_output.weight,2228224,540235936,542464160
LAYER_MAJOR,247,248,blk.22.attn_q.weight,22,Layer,attn_q.weight,2228224,542464160,544692384
LAYER_MAJOR,248,249,blk.22.attn_q_norm.weight,22,Layer,attn_q_norm.weight,512,544692384,544692896
LAYER_MAJOR,249,250,blk.22.attn_v.weight,22,Layer,attn_v.weight,1114112,544692896,545807008
LAYER_MAJOR,250,251,blk.22.ffn_down.weight,22,Layer,ffn_down.weight,3342336,545807008,549149344
LAYER_MAJOR,251,252,blk.22.ffn_gate.weight,22,Layer,ffn_gate.weight,3342336,549149344,552491680
LAYER_MAJOR,252,253,blk.22.ffn_norm.weight,22,Layer,ffn_norm.weight,4096,552491680,552495776
LAYER_MAJOR,253,254,blk.22.ffn_up.weight,22,Layer,ffn_up.weight,3342336,552495776,555838112
LAYER_MAJOR,254,255,blk.23.attn_k.weight,23,Layer,attn_k.weight,1114112,555838112,556952224
LAYER_MAJOR,255,256,blk.23.attn_k_norm.weight,23,Layer,attn_k_norm.weight,512,556952224,556952736
LAYER_MAJOR,256,257,blk.23.attn_norm.weight,23,Layer,attn_norm.weight,4096,556952736,556956832
LAYER_MAJOR,257,258,blk.23.attn_output.weight,23,Layer,attn_output.weight,2228224,556956832,559185056
LAYER_MAJOR,258,259,blk.23.attn_q.weight,23,Layer,attn_q.weight,2228224,559185056,561413280
LAYER_MAJOR,259,260,blk.23.attn_q_norm.weight,23,Layer,attn_q_norm.weight,512,561413280,561413792
LAYER_MAJOR,260,261,blk.23.attn_v.weight,23,Layer,attn_v.weight,1114112,561413792,562527904
LAYER_MAJOR,261,262,blk.23.ffn_down.weight,23,Layer,ffn_down.weight,3342336,562527904,565870240
LAYER_MAJOR,262,263,blk.23.ffn_gate.weight,23,Layer,ffn_gate.weight,3342336,565870240,569212576
LAYER_MAJOR,263,264,blk.23.ffn_norm.weight,23,Layer,ffn_norm.weight,4096,569212576,569216672
LAYER_MAJOR,264,265,blk.23.ffn_up.weight,23,Layer,ffn_up.weight,3342336,569216672,572559008
LAYER_MAJOR,265,266,blk.24.attn_k.weight,24,Layer,attn_k.weight,1114112,572559008,573673120
LAYER_MAJOR,266,267,blk.24.attn_k_norm.weight,24,Layer,attn_k_norm.weight,512,573673120,573673632
LAYER_MAJOR,267,268,blk.24.attn_norm.weight,24,Layer,attn_norm.weight,4096,573673632,573677728
LAYER_MAJOR,268,269,blk.24.attn_output.weight,24,Layer,attn_output.weight,2228224,573677728,575905952
LAYER_MAJOR,269,270,blk.24.attn_q.weight,24,Layer,attn_q.weight,2228224,575905952,578134176
LAYER_MAJOR,270,271,blk.24.attn_q_norm.weight,24,Layer,attn_q_norm.weight,512,578134176,578134688
LAYER_MAJOR,271,272,blk.24.attn_v.weight,24,Layer,attn_v.weight,1114112,578134688,579248800
LAYER_MAJOR,272,273,blk.24.ffn_down.weight,24,Layer,ffn_down.weight,3342336,579248800,582591136
LAYER_MAJOR,273,274,blk.24.ffn_gate.weight,24,Layer,ffn_gate.weight,3342336,582591136,585933472
LAYER_MAJOR,274,275,blk.24.ffn_norm.weight,24,Layer,ffn_norm.weight,4096,585933472,585937568
LAYER_MAJOR,275,276,blk.24.ffn_up.weight,24,Layer,ffn_up.weight,3342336,585937568,589279904
LAYER_MAJOR,276,277,blk.25.attn_k.weight,25,Layer,attn_k.weight,1114112,589279904,590394016
LAYER_MAJOR,277,278,blk.25.attn_k_norm.weight,25,Layer,attn_k_norm.weight,512,590394016,590394528
LAYER_MAJOR,278,279,blk.25.attn_norm.weight,25,Layer,attn_norm.weight,4096,590394528,590398624
LAYER_MAJOR,279,280,blk.25.attn_output.weight,25,Layer,attn_output.weight,2228224,590398624,592626848
LAYER_MAJOR,280,281,blk.25.attn_q.weight,25,Layer,attn_q.weight,2228224,592626848,594855072
LAYER_MAJOR,281,282,blk.25.attn_q_norm.weight,25,Layer,attn_q_norm.weight,512,594855072,594855584
LAYER_MAJOR,282,283,blk.25.attn_v.weight,25,Layer,attn_v.weight,1114112,594855584,595969696
LAYER_MAJOR,283,284,blk.25.ffn_down.weight,25,Layer,ffn_down.weight,3342336,595969696,599312032
LAYER_MAJOR,284,285,blk.25.ffn_gate.weight,25,Layer,ffn_gate.weight,3342336,599312032,602654368
LAYER_MAJOR,285,286,blk.25.ffn_norm.weight,25,Layer,ffn_norm.weight,4096,602654368,602658464
LAYER_MAJOR,286,287,blk.25.ffn_up.weight,25,Layer,ffn_up.weight,3342336,602658464,606000800
LAYER_MAJOR,287,288,blk.26.attn_k.weight,26,Layer,attn_k.weight,1114112,606000800,607114912
LAYER_MAJOR,288,289,blk.26.attn_k_norm.weight,26,Layer,attn_k_norm.weight,512,607114912,607115424
LAYER_MAJOR,289,290,blk.26.attn_norm.weight,26,Layer,attn_norm.weight,4096,607115424,607119520
LAYER_MAJOR,290,291,blk.26.attn_output.weight,26,Layer,attn_output.weight,2228224,607119520,609347744
LAYER_MAJOR,291,292,blk.26.attn_q.weight,26,Layer,attn_q.weight,2228224,609347744,611575968
LAYER_MAJOR,292,293,blk.26.attn_q_norm.weight,26,Layer,attn_q_norm.weight,512,611575968,611576480
LAYER_MAJOR,293,294,blk.26.attn_v.weight,26,Layer,attn_v.weight,1114112,611576480,612690592
LAYER_MAJOR,294,295,blk.26.ffn_down.weight,26,Layer,ffn_down.weight,3342336,612690592,616032928
LAYER_MAJOR,295,296,blk.26.ffn_gate.weight,26,Layer,ffn_gate.weight,3342336,616032928,619375264
LAYER_MAJOR,296,297,blk.26.ffn_norm.weight,26,Layer,ffn_norm.weight,4096,619375264,619379360
LAYER_MAJOR,297,298,blk.26.ffn_up.weight,26,Layer,ffn_up.weight,3342336,619379360,622721696
LAYER_MAJOR,298,299,blk.27.attn_k.weight,27,Layer,attn_k.weight,1114112,622721696,623835808
LAYER_MAJOR,299,300,blk.27.attn_k_norm.weight,27,Layer,attn_k_norm.weight,512,623835808,623836320
LAYER_MAJOR,300,301,blk.27.attn_norm.weight,27,Layer,attn_norm.weight,4096,623836320,623840416
LAYER_MAJOR,301,302,blk.27.attn_output.weight,27,Layer,attn_output.weight,2228224,623840416,626068640
LAYER_MAJOR,302,303,blk.27.attn_q.weight,27,Layer,attn_q.weight,2228224,626068640,628296864
LAYER_MAJOR,303,304,blk.27.attn_q_norm.weight,27,Layer,attn_q_norm.weight,512,628296864,628297376
LAYER_MAJOR,304,305,blk.27.attn_v.weight,27,Layer,attn_v.weight,1114112,628297376,629411488
LAYER_MAJOR,305,306,blk.27.ffn_down.weight,27,Layer,ffn_down.weight,3342336,629411488,632753824
LAYER_MAJOR,306,307,blk.27.ffn_gate.weight,27,Layer,ffn_gate.weight,3342336,632753824,636096160
LAYER_MAJOR,307,308,blk.27.ffn_norm.weight,27,Layer,ffn_norm.weight,4096,636096160,636100256
LAYER_MAJOR,308,309,blk.27.ffn_up.weight,27,Layer,ffn_up.weight,3342336,636100256,639442592
LAYER_MAJOR,309,0,output_norm.weight,,GlobalPost,FinalNorm,4096,639442592,639446688
LAYER_MAJOR_ROLE_ORDER,0,1,token_embd.weight,,GlobalPre,TokenEmbedding,165306368,5951136,171257504
LAYER_MAJOR_ROLE_ORDER,1,4,blk.0.attn_norm.weight,0,Layer,attn_norm.weight,4096,171257504,171261600
LAYER_MAJOR_ROLE_ORDER,2,6,blk.0.attn_q.weight,0,Layer,attn_q.weight,2228224,171261600,173489824
LAYER_MAJOR_ROLE_ORDER,3,7,blk.0.attn_q_norm.weight,0,Layer,attn_q_norm.weight,512,173489824,173490336
LAYER_MAJOR_ROLE_ORDER,4,2,blk.0.attn_k.weight,0,Layer,attn_k.weight,1114112,173490336,174604448
LAYER_MAJOR_ROLE_ORDER,5,3,blk.0.attn_k_norm.weight,0,Layer,attn_k_norm.weight,512,174604448,174604960
LAYER_MAJOR_ROLE_ORDER,6,8,blk.0.attn_v.weight,0,Layer,attn_v.weight,1114112,174604960,175719072
LAYER_MAJOR_ROLE_ORDER,7,5,blk.0.attn_output.weight,0,Layer,attn_output.weight,2228224,175719072,177947296
LAYER_MAJOR_ROLE_ORDER,8,11,blk.0.ffn_norm.weight,0,Layer,ffn_norm.weight,4096,177947296,177951392
LAYER_MAJOR_ROLE_ORDER,9,10,blk.0.ffn_gate.weight,0,Layer,ffn_gate.weight,3342336,177951392,181293728
LAYER_MAJOR_ROLE_ORDER,10,12,blk.0.ffn_up.weight,0,Layer,ffn_up.weight,3342336,181293728,184636064
LAYER_MAJOR_ROLE_ORDER,11,9,blk.0.ffn_down.weight,0,Layer,ffn_down.weight,3342336,184636064,187978400
LAYER_MAJOR_ROLE_ORDER,12,15,blk.1.attn_norm.weight,1,Layer,attn_norm.weight,4096,187978400,187982496
LAYER_MAJOR_ROLE_ORDER,13,17,blk.1.attn_q.weight,1,Layer,attn_q.weight,2228224,187982496,190210720
LAYER_MAJOR_ROLE_ORDER,14,18,blk.1.attn_q_norm.weight,1,Layer,attn_q_norm.weight,512,190210720,190211232
LAYER_MAJOR_ROLE_ORDER,15,13,blk.1.attn_k.weight,1,Layer,attn_k.weight,1114112,190211232,191325344
LAYER_MAJOR_ROLE_ORDER,16,14,blk.1.attn_k_norm.weight,1,Layer,attn_k_norm.weight,512,191325344,191325856
LAYER_MAJOR_ROLE_ORDER,17,19,blk.1.attn_v.weight,1,Layer,attn_v.weight,1114112,191325856,192439968
LAYER_MAJOR_ROLE_ORDER,18,16,blk.1.attn_output.weight,1,Layer,attn_output.weight,2228224,192439968,194668192
LAYER_MAJOR_ROLE_ORDER,19,22,blk.1.ffn_norm.weight,1,Layer,ffn_norm.weight,4096,194668192,194672288
LAYER_MAJOR_ROLE_ORDER,20,21,blk.1.ffn_gate.weight,1,Layer,ffn_gate.weight,3342336,194672288,198014624
LAYER_MAJOR_ROLE_ORDER,21,23,blk.1.ffn_up.weight,1,Layer,ffn_up.weight,3342336,198014624,201356960
LAYER_MAJOR_ROLE_ORDER,22,20,blk.1.ffn_down.weight,1,Layer,ffn_down.weight,3342336,201356960,204699296
LAYER_MAJOR_ROLE_ORDER,23,26,blk.2.attn_norm.weight,2,Layer,attn_norm.weight,4096,204699296,204703392
LAYER_MAJOR_ROLE_ORDER,24,28,blk.2.attn_q.weight,2,Layer,attn_q.weight,2228224,204703392,206931616
LAYER_MAJOR_ROLE_ORDER,25,29,blk.2.attn_q_norm.weight,2,Layer,attn_q_norm.weight,512,206931616,206932128
LAYER_MAJOR_ROLE_ORDER,26,24,blk.2.attn_k.weight,2,Layer,attn_k.weight,1114112,206932128,208046240
LAYER_MAJOR_ROLE_ORDER,27,25,blk.2.attn_k_norm.weight,2,Layer,attn_k_norm.weight,512,208046240,208046752
LAYER_MAJOR_ROLE_ORDER,28,30,blk.2.attn_v.weight,2,Layer,attn_v.weight,1114112,208046752,209160864
LAYER_MAJOR_ROLE_ORDER,29,27,blk.2.attn_output.weight,2,Layer,attn_output.weight,2228224,209160864,211389088
LAYER_MAJOR_ROLE_ORDER,30,33,blk.2.ffn_norm.weight,2,Layer,ffn_norm.weight,4096,211389088,211393184
LAYER_MAJOR_ROLE_ORDER,31,32,blk.2.ffn_gate.weight,2,Layer,ffn_gate.weight,3342336,211393184,214735520
LAYER_MAJOR_ROLE_ORDER,32,34,blk.2.ffn_up.weight,2,Layer,ffn_up.weight,3342336,214735520,218077856
LAYER_MAJOR_ROLE_ORDER,33,31,blk.2.ffn_down.weight,2,Layer,ffn_down.weight,3342336,218077856,221420192
LAYER_MAJOR_ROLE_ORDER,34,37,blk.3.attn_norm.weight,3,Layer,attn_norm.weight,4096,221420192,221424288
LAYER_MAJOR_ROLE_ORDER,35,39,blk.3.attn_q.weight,3,Layer,attn_q.weight,2228224,221424288,223652512
LAYER_MAJOR_ROLE_ORDER,36,40,blk.3.attn_q_norm.weight,3,Layer,attn_q_norm.weight,512,223652512,223653024
LAYER_MAJOR_ROLE_ORDER,37,35,blk.3.attn_k.weight,3,Layer,attn_k.weight,1114112,223653024,224767136
LAYER_MAJOR_ROLE_ORDER,38,36,blk.3.attn_k_norm.weight,3,Layer,attn_k_norm.weight,512,224767136,224767648
LAYER_MAJOR_ROLE_ORDER,39,41,blk.3.attn_v.weight,3,Layer,attn_v.weight,1114112,224767648,225881760
LAYER_MAJOR_ROLE_ORDER,40,38,blk.3.attn_output.weight,3,Layer,attn_output.weight,2228224,225881760,228109984
LAYER_MAJOR_ROLE_ORDER,41,44,blk.3.ffn_norm.weight,3,Layer,ffn_norm.weight,4096,228109984,228114080
LAYER_MAJOR_ROLE_ORDER,42,43,blk.3.ffn_gate.weight,3,Layer,ffn_gate.weight,3342336,228114080,231456416
LAYER_MAJOR_ROLE_ORDER,43,45,blk.3.ffn_up.weight,3,Layer,ffn_up.weight,3342336,231456416,234798752
LAYER_MAJOR_ROLE_ORDER,44,42,blk.3.ffn_down.weight,3,Layer,ffn_down.weight,3342336,234798752,238141088
LAYER_MAJOR_ROLE_ORDER,45,48,blk.4.attn_norm.weight,4,Layer,attn_norm.weight,4096,238141088,238145184
LAYER_MAJOR_ROLE_ORDER,46,50,blk.4.attn_q.weight,4,Layer,attn_q.weight,2228224,238145184,240373408
LAYER_MAJOR_ROLE_ORDER,47,51,blk.4.attn_q_norm.weight,4,Layer,attn_q_norm.weight,512,240373408,240373920
LAYER_MAJOR_ROLE_ORDER,48,46,blk.4.attn_k.weight,4,Layer,attn_k.weight,1114112,240373920,241488032
LAYER_MAJOR_ROLE_ORDER,49,47,blk.4.attn_k_norm.weight,4,Layer,attn_k_norm.weight,512,241488032,241488544
LAYER_MAJOR_ROLE_ORDER,50,52,blk.4.attn_v.weight,4,Layer,attn_v.weight,1114112,241488544,242602656
LAYER_MAJOR_ROLE_ORDER,51,49,blk.4.attn_output.weight,4,Layer,attn_output.weight,2228224,242602656,244830880
LAYER_MAJOR_ROLE_ORDER,52,55,blk.4.ffn_norm.weight,4,Layer,ffn_norm.weight,4096,244830880,244834976
LAYER_MAJOR_ROLE_ORDER,53,54,blk.4.ffn_gate.weight,4,Layer,ffn_gate.weight,3342336,244834976,248177312
LAYER_MAJOR_ROLE_ORDER,54,56,blk.4.ffn_up.weight,4,Layer,ffn_up.weight,3342336,248177312,251519648
LAYER_MAJOR_ROLE_ORDER,55,53,blk.4.ffn_down.weight,4,Layer,ffn_down.weight,3342336,251519648,254861984
LAYER_MAJOR_ROLE_ORDER,56,59,blk.5.attn_norm.weight,5,Layer,attn_norm.weight,4096,254861984,254866080
LAYER_MAJOR_ROLE_ORDER,57,61,blk.5.attn_q.weight,5,Layer,attn_q.weight,2228224,254866080,257094304
LAYER_MAJOR_ROLE_ORDER,58,62,blk.5.attn_q_norm.weight,5,Layer,attn_q_norm.weight,512,257094304,257094816
LAYER_MAJOR_ROLE_ORDER,59,57,blk.5.attn_k.weight,5,Layer,attn_k.weight,1114112,257094816,258208928
LAYER_MAJOR_ROLE_ORDER,60,58,blk.5.attn_k_norm.weight,5,Layer,attn_k_norm.weight,512,258208928,258209440
LAYER_MAJOR_ROLE_ORDER,61,63,blk.5.attn_v.weight,5,Layer,attn_v.weight,1114112,258209440,259323552
LAYER_MAJOR_ROLE_ORDER,62,60,blk.5.attn_output.weight,5,Layer,attn_output.weight,2228224,259323552,261551776
LAYER_MAJOR_ROLE_ORDER,63,66,blk.5.ffn_norm.weight,5,Layer,ffn_norm.weight,4096,261551776,261555872
LAYER_MAJOR_ROLE_ORDER,64,65,blk.5.ffn_gate.weight,5,Layer,ffn_gate.weight,3342336,261555872,264898208
LAYER_MAJOR_ROLE_ORDER,65,67,blk.5.ffn_up.weight,5,Layer,ffn_up.weight,3342336,264898208,268240544
LAYER_MAJOR_ROLE_ORDER,66,64,blk.5.ffn_down.weight,5,Layer,ffn_down.weight,3342336,268240544,271582880
LAYER_MAJOR_ROLE_ORDER,67,70,blk.6.attn_norm.weight,6,Layer,attn_norm.weight,4096,271582880,271586976
LAYER_MAJOR_ROLE_ORDER,68,72,blk.6.attn_q.weight,6,Layer,attn_q.weight,2228224,271586976,273815200
LAYER_MAJOR_ROLE_ORDER,69,73,blk.6.attn_q_norm.weight,6,Layer,attn_q_norm.weight,512,273815200,273815712
LAYER_MAJOR_ROLE_ORDER,70,68,blk.6.attn_k.weight,6,Layer,attn_k.weight,1114112,273815712,274929824
LAYER_MAJOR_ROLE_ORDER,71,69,blk.6.attn_k_norm.weight,6,Layer,attn_k_norm.weight,512,274929824,274930336
LAYER_MAJOR_ROLE_ORDER,72,74,blk.6.attn_v.weight,6,Layer,attn_v.weight,1114112,274930336,276044448
LAYER_MAJOR_ROLE_ORDER,73,71,blk.6.attn_output.weight,6,Layer,attn_output.weight,2228224,276044448,278272672
LAYER_MAJOR_ROLE_ORDER,74,77,blk.6.ffn_norm.weight,6,Layer,ffn_norm.weight,4096,278272672,278276768
LAYER_MAJOR_ROLE_ORDER,75,76,blk.6.ffn_gate.weight,6,Layer,ffn_gate.weight,3342336,278276768,281619104
LAYER_MAJOR_ROLE_ORDER,76,78,blk.6.ffn_up.weight,6,Layer,ffn_up.weight,3342336,281619104,284961440
LAYER_MAJOR_ROLE_ORDER,77,75,blk.6.ffn_down.weight,6,Layer,ffn_down.weight,3342336,284961440,288303776
LAYER_MAJOR_ROLE_ORDER,78,81,blk.7.attn_norm.weight,7,Layer,attn_norm.weight,4096,288303776,288307872
LAYER_MAJOR_ROLE_ORDER,79,83,blk.7.attn_q.weight,7,Layer,attn_q.weight,2228224,288307872,290536096
LAYER_MAJOR_ROLE_ORDER,80,84,blk.7.attn_q_norm.weight,7,Layer,attn_q_norm.weight,512,290536096,290536608
LAYER_MAJOR_ROLE_ORDER,81,79,blk.7.attn_k.weight,7,Layer,attn_k.weight,1114112,290536608,291650720
LAYER_MAJOR_ROLE_ORDER,82,80,blk.7.attn_k_norm.weight,7,Layer,attn_k_norm.weight,512,291650720,291651232
LAYER_MAJOR_ROLE_ORDER,83,85,blk.7.attn_v.weight,7,Layer,attn_v.weight,1114112,291651232,292765344
LAYER_MAJOR_ROLE_ORDER,84,82,blk.7.attn_output.weight,7,Layer,attn_output.weight,2228224,292765344,294993568
LAYER_MAJOR_ROLE_ORDER,85,88,blk.7.ffn_norm.weight,7,Layer,ffn_norm.weight,4096,294993568,294997664
LAYER_MAJOR_ROLE_ORDER,86,87,blk.7.ffn_gate.weight,7,Layer,ffn_gate.weight,3342336,294997664,298340000
LAYER_MAJOR_ROLE_ORDER,87,89,blk.7.ffn_up.weight,7,Layer,ffn_up.weight,3342336,298340000,301682336
LAYER_MAJOR_ROLE_ORDER,88,86,blk.7.ffn_down.weight,7,Layer,ffn_down.weight,3342336,301682336,305024672
LAYER_MAJOR_ROLE_ORDER,89,92,blk.8.attn_norm.weight,8,Layer,attn_norm.weight,4096,305024672,305028768
LAYER_MAJOR_ROLE_ORDER,90,94,blk.8.attn_q.weight,8,Layer,attn_q.weight,2228224,305028768,307256992
LAYER_MAJOR_ROLE_ORDER,91,95,blk.8.attn_q_norm.weight,8,Layer,attn_q_norm.weight,512,307256992,307257504
LAYER_MAJOR_ROLE_ORDER,92,90,blk.8.attn_k.weight,8,Layer,attn_k.weight,1114112,307257504,308371616
LAYER_MAJOR_ROLE_ORDER,93,91,blk.8.attn_k_norm.weight,8,Layer,attn_k_norm.weight,512,308371616,308372128
LAYER_MAJOR_ROLE_ORDER,94,96,blk.8.attn_v.weight,8,Layer,attn_v.weight,1114112,308372128,309486240
LAYER_MAJOR_ROLE_ORDER,95,93,blk.8.attn_output.weight,8,Layer,attn_output.weight,2228224,309486240,311714464
LAYER_MAJOR_ROLE_ORDER,96,99,blk.8.ffn_norm.weight,8,Layer,ffn_norm.weight,4096,311714464,311718560
LAYER_MAJOR_ROLE_ORDER,97,98,blk.8.ffn_gate.weight,8,Layer,ffn_gate.weight,3342336,311718560,315060896
LAYER_MAJOR_ROLE_ORDER,98,100,blk.8.ffn_up.weight,8,Layer,ffn_up.weight,3342336,315060896,318403232
LAYER_MAJOR_ROLE_ORDER,99,97,blk.8.ffn_down.weight,8,Layer,ffn_down.weight,3342336,318403232,321745568
LAYER_MAJOR_ROLE_ORDER,100,103,blk.9.attn_norm.weight,9,Layer,attn_norm.weight,4096,321745568,321749664
LAYER_MAJOR_ROLE_ORDER,101,105,blk.9.attn_q.weight,9,Layer,attn_q.weight,2228224,321749664,323977888
LAYER_MAJOR_ROLE_ORDER,102,106,blk.9.attn_q_norm.weight,9,Layer,attn_q_norm.weight,512,323977888,323978400
LAYER_MAJOR_ROLE_ORDER,103,101,blk.9.attn_k.weight,9,Layer,attn_k.weight,1114112,323978400,325092512
LAYER_MAJOR_ROLE_ORDER,104,102,blk.9.attn_k_norm.weight,9,Layer,attn_k_norm.weight,512,325092512,325093024
LAYER_MAJOR_ROLE_ORDER,105,107,blk.9.attn_v.weight,9,Layer,attn_v.weight,1114112,325093024,326207136
LAYER_MAJOR_ROLE_ORDER,106,104,blk.9.attn_output.weight,9,Layer,attn_output.weight,2228224,326207136,328435360
LAYER_MAJOR_ROLE_ORDER,107,110,blk.9.ffn_norm.weight,9,Layer,ffn_norm.weight,4096,328435360,328439456
LAYER_MAJOR_ROLE_ORDER,108,109,blk.9.ffn_gate.weight,9,Layer,ffn_gate.weight,3342336,328439456,331781792
LAYER_MAJOR_ROLE_ORDER,109,111,blk.9.ffn_up.weight,9,Layer,ffn_up.weight,3342336,331781792,335124128
LAYER_MAJOR_ROLE_ORDER,110,108,blk.9.ffn_down.weight,9,Layer,ffn_down.weight,3342336,335124128,338466464
LAYER_MAJOR_ROLE_ORDER,111,114,blk.10.attn_norm.weight,10,Layer,attn_norm.weight,4096,338466464,338470560
LAYER_MAJOR_ROLE_ORDER,112,116,blk.10.attn_q.weight,10,Layer,attn_q.weight,2228224,338470560,340698784
LAYER_MAJOR_ROLE_ORDER,113,117,blk.10.attn_q_norm.weight,10,Layer,attn_q_norm.weight,512,340698784,340699296
LAYER_MAJOR_ROLE_ORDER,114,112,blk.10.attn_k.weight,10,Layer,attn_k.weight,1114112,340699296,341813408
LAYER_MAJOR_ROLE_ORDER,115,113,blk.10.attn_k_norm.weight,10,Layer,attn_k_norm.weight,512,341813408,341813920
LAYER_MAJOR_ROLE_ORDER,116,118,blk.10.attn_v.weight,10,Layer,attn_v.weight,1114112,341813920,342928032
LAYER_MAJOR_ROLE_ORDER,117,115,blk.10.attn_output.weight,10,Layer,attn_output.weight,2228224,342928032,345156256
LAYER_MAJOR_ROLE_ORDER,118,121,blk.10.ffn_norm.weight,10,Layer,ffn_norm.weight,4096,345156256,345160352
LAYER_MAJOR_ROLE_ORDER,119,120,blk.10.ffn_gate.weight,10,Layer,ffn_gate.weight,3342336,345160352,348502688
LAYER_MAJOR_ROLE_ORDER,120,122,blk.10.ffn_up.weight,10,Layer,ffn_up.weight,3342336,348502688,351845024
LAYER_MAJOR_ROLE_ORDER,121,119,blk.10.ffn_down.weight,10,Layer,ffn_down.weight,3342336,351845024,355187360
LAYER_MAJOR_ROLE_ORDER,122,125,blk.11.attn_norm.weight,11,Layer,attn_norm.weight,4096,355187360,355191456
LAYER_MAJOR_ROLE_ORDER,123,127,blk.11.attn_q.weight,11,Layer,attn_q.weight,2228224,355191456,357419680
LAYER_MAJOR_ROLE_ORDER,124,128,blk.11.attn_q_norm.weight,11,Layer,attn_q_norm.weight,512,357419680,357420192
LAYER_MAJOR_ROLE_ORDER,125,123,blk.11.attn_k.weight,11,Layer,attn_k.weight,1114112,357420192,358534304
LAYER_MAJOR_ROLE_ORDER,126,124,blk.11.attn_k_norm.weight,11,Layer,attn_k_norm.weight,512,358534304,358534816
LAYER_MAJOR_ROLE_ORDER,127,129,blk.11.attn_v.weight,11,Layer,attn_v.weight,1114112,358534816,359648928
LAYER_MAJOR_ROLE_ORDER,128,126,blk.11.attn_output.weight,11,Layer,attn_output.weight,2228224,359648928,361877152
LAYER_MAJOR_ROLE_ORDER,129,132,blk.11.ffn_norm.weight,11,Layer,ffn_norm.weight,4096,361877152,361881248
LAYER_MAJOR_ROLE_ORDER,130,131,blk.11.ffn_gate.weight,11,Layer,ffn_gate.weight,3342336,361881248,365223584
LAYER_MAJOR_ROLE_ORDER,131,133,blk.11.ffn_up.weight,11,Layer,ffn_up.weight,3342336,365223584,368565920
LAYER_MAJOR_ROLE_ORDER,132,130,blk.11.ffn_down.weight,11,Layer,ffn_down.weight,3342336,368565920,371908256
LAYER_MAJOR_ROLE_ORDER,133,136,blk.12.attn_norm.weight,12,Layer,attn_norm.weight,4096,371908256,371912352
LAYER_MAJOR_ROLE_ORDER,134,138,blk.12.attn_q.weight,12,Layer,attn_q.weight,2228224,371912352,374140576
LAYER_MAJOR_ROLE_ORDER,135,139,blk.12.attn_q_norm.weight,12,Layer,attn_q_norm.weight,512,374140576,374141088
LAYER_MAJOR_ROLE_ORDER,136,134,blk.12.attn_k.weight,12,Layer,attn_k.weight,1114112,374141088,375255200
LAYER_MAJOR_ROLE_ORDER,137,135,blk.12.attn_k_norm.weight,12,Layer,attn_k_norm.weight,512,375255200,375255712
LAYER_MAJOR_ROLE_ORDER,138,140,blk.12.attn_v.weight,12,Layer,attn_v.weight,1114112,375255712,376369824
LAYER_MAJOR_ROLE_ORDER,139,137,blk.12.attn_output.weight,12,Layer,attn_output.weight,2228224,376369824,378598048
LAYER_MAJOR_ROLE_ORDER,140,143,blk.12.ffn_norm.weight,12,Layer,ffn_norm.weight,4096,378598048,378602144
LAYER_MAJOR_ROLE_ORDER,141,142,blk.12.ffn_gate.weight,12,Layer,ffn_gate.weight,3342336,378602144,381944480
LAYER_MAJOR_ROLE_ORDER,142,144,blk.12.ffn_up.weight,12,Layer,ffn_up.weight,3342336,381944480,385286816
LAYER_MAJOR_ROLE_ORDER,143,141,blk.12.ffn_down.weight,12,Layer,ffn_down.weight,3342336,385286816,388629152
LAYER_MAJOR_ROLE_ORDER,144,147,blk.13.attn_norm.weight,13,Layer,attn_norm.weight,4096,388629152,388633248
LAYER_MAJOR_ROLE_ORDER,145,149,blk.13.attn_q.weight,13,Layer,attn_q.weight,2228224,388633248,390861472
LAYER_MAJOR_ROLE_ORDER,146,150,blk.13.attn_q_norm.weight,13,Layer,attn_q_norm.weight,512,390861472,390861984
LAYER_MAJOR_ROLE_ORDER,147,145,blk.13.attn_k.weight,13,Layer,attn_k.weight,1114112,390861984,391976096
LAYER_MAJOR_ROLE_ORDER,148,146,blk.13.attn_k_norm.weight,13,Layer,attn_k_norm.weight,512,391976096,391976608
LAYER_MAJOR_ROLE_ORDER,149,151,blk.13.attn_v.weight,13,Layer,attn_v.weight,1114112,391976608,393090720
LAYER_MAJOR_ROLE_ORDER,150,148,blk.13.attn_output.weight,13,Layer,attn_output.weight,2228224,393090720,395318944
LAYER_MAJOR_ROLE_ORDER,151,154,blk.13.ffn_norm.weight,13,Layer,ffn_norm.weight,4096,395318944,395323040
LAYER_MAJOR_ROLE_ORDER,152,153,blk.13.ffn_gate.weight,13,Layer,ffn_gate.weight,3342336,395323040,398665376
LAYER_MAJOR_ROLE_ORDER,153,155,blk.13.ffn_up.weight,13,Layer,ffn_up.weight,3342336,398665376,402007712
LAYER_MAJOR_ROLE_ORDER,154,152,blk.13.ffn_down.weight,13,Layer,ffn_down.weight,3342336,402007712,405350048
LAYER_MAJOR_ROLE_ORDER,155,158,blk.14.attn_norm.weight,14,Layer,attn_norm.weight,4096,405350048,405354144
LAYER_MAJOR_ROLE_ORDER,156,160,blk.14.attn_q.weight,14,Layer,attn_q.weight,2228224,405354144,407582368
LAYER_MAJOR_ROLE_ORDER,157,161,blk.14.attn_q_norm.weight,14,Layer,attn_q_norm.weight,512,407582368,407582880
LAYER_MAJOR_ROLE_ORDER,158,156,blk.14.attn_k.weight,14,Layer,attn_k.weight,1114112,407582880,408696992
LAYER_MAJOR_ROLE_ORDER,159,157,blk.14.attn_k_norm.weight,14,Layer,attn_k_norm.weight,512,408696992,408697504
LAYER_MAJOR_ROLE_ORDER,160,162,blk.14.attn_v.weight,14,Layer,attn_v.weight,1114112,408697504,409811616
LAYER_MAJOR_ROLE_ORDER,161,159,blk.14.attn_output.weight,14,Layer,attn_output.weight,2228224,409811616,412039840
LAYER_MAJOR_ROLE_ORDER,162,165,blk.14.ffn_norm.weight,14,Layer,ffn_norm.weight,4096,412039840,412043936
LAYER_MAJOR_ROLE_ORDER,163,164,blk.14.ffn_gate.weight,14,Layer,ffn_gate.weight,3342336,412043936,415386272
LAYER_MAJOR_ROLE_ORDER,164,166,blk.14.ffn_up.weight,14,Layer,ffn_up.weight,3342336,415386272,418728608
LAYER_MAJOR_ROLE_ORDER,165,163,blk.14.ffn_down.weight,14,Layer,ffn_down.weight,3342336,418728608,422070944
LAYER_MAJOR_ROLE_ORDER,166,169,blk.15.attn_norm.weight,15,Layer,attn_norm.weight,4096,422070944,422075040
LAYER_MAJOR_ROLE_ORDER,167,171,blk.15.attn_q.weight,15,Layer,attn_q.weight,2228224,422075040,424303264
LAYER_MAJOR_ROLE_ORDER,168,172,blk.15.attn_q_norm.weight,15,Layer,attn_q_norm.weight,512,424303264,424303776
LAYER_MAJOR_ROLE_ORDER,169,167,blk.15.attn_k.weight,15,Layer,attn_k.weight,1114112,424303776,425417888
LAYER_MAJOR_ROLE_ORDER,170,168,blk.15.attn_k_norm.weight,15,Layer,attn_k_norm.weight,512,425417888,425418400
LAYER_MAJOR_ROLE_ORDER,171,173,blk.15.attn_v.weight,15,Layer,attn_v.weight,1114112,425418400,426532512
LAYER_MAJOR_ROLE_ORDER,172,170,blk.15.attn_output.weight,15,Layer,attn_output.weight,2228224,426532512,428760736
LAYER_MAJOR_ROLE_ORDER,173,176,blk.15.ffn_norm.weight,15,Layer,ffn_norm.weight,4096,428760736,428764832
LAYER_MAJOR_ROLE_ORDER,174,175,blk.15.ffn_gate.weight,15,Layer,ffn_gate.weight,3342336,428764832,432107168
LAYER_MAJOR_ROLE_ORDER,175,177,blk.15.ffn_up.weight,15,Layer,ffn_up.weight,3342336,432107168,435449504
LAYER_MAJOR_ROLE_ORDER,176,174,blk.15.ffn_down.weight,15,Layer,ffn_down.weight,3342336,435449504,438791840
LAYER_MAJOR_ROLE_ORDER,177,180,blk.16.attn_norm.weight,16,Layer,attn_norm.weight,4096,438791840,438795936
LAYER_MAJOR_ROLE_ORDER,178,182,blk.16.attn_q.weight,16,Layer,attn_q.weight,2228224,438795936,441024160
LAYER_MAJOR_ROLE_ORDER,179,183,blk.16.attn_q_norm.weight,16,Layer,attn_q_norm.weight,512,441024160,441024672
LAYER_MAJOR_ROLE_ORDER,180,178,blk.16.attn_k.weight,16,Layer,attn_k.weight,1114112,441024672,442138784
LAYER_MAJOR_ROLE_ORDER,181,179,blk.16.attn_k_norm.weight,16,Layer,attn_k_norm.weight,512,442138784,442139296
LAYER_MAJOR_ROLE_ORDER,182,184,blk.16.attn_v.weight,16,Layer,attn_v.weight,1114112,442139296,443253408
LAYER_MAJOR_ROLE_ORDER,183,181,blk.16.attn_output.weight,16,Layer,attn_output.weight,2228224,443253408,445481632
LAYER_MAJOR_ROLE_ORDER,184,187,blk.16.ffn_norm.weight,16,Layer,ffn_norm.weight,4096,445481632,445485728
LAYER_MAJOR_ROLE_ORDER,185,186,blk.16.ffn_gate.weight,16,Layer,ffn_gate.weight,3342336,445485728,448828064
LAYER_MAJOR_ROLE_ORDER,186,188,blk.16.ffn_up.weight,16,Layer,ffn_up.weight,3342336,448828064,452170400
LAYER_MAJOR_ROLE_ORDER,187,185,blk.16.ffn_down.weight,16,Layer,ffn_down.weight,3342336,452170400,455512736
LAYER_MAJOR_ROLE_ORDER,188,191,blk.17.attn_norm.weight,17,Layer,attn_norm.weight,4096,455512736,455516832
LAYER_MAJOR_ROLE_ORDER,189,193,blk.17.attn_q.weight,17,Layer,attn_q.weight,2228224,455516832,457745056
LAYER_MAJOR_ROLE_ORDER,190,194,blk.17.attn_q_norm.weight,17,Layer,attn_q_norm.weight,512,457745056,457745568
LAYER_MAJOR_ROLE_ORDER,191,189,blk.17.attn_k.weight,17,Layer,attn_k.weight,1114112,457745568,458859680
LAYER_MAJOR_ROLE_ORDER,192,190,blk.17.attn_k_norm.weight,17,Layer,attn_k_norm.weight,512,458859680,458860192
LAYER_MAJOR_ROLE_ORDER,193,195,blk.17.attn_v.weight,17,Layer,attn_v.weight,1114112,458860192,459974304
LAYER_MAJOR_ROLE_ORDER,194,192,blk.17.attn_output.weight,17,Layer,attn_output.weight,2228224,459974304,462202528
LAYER_MAJOR_ROLE_ORDER,195,198,blk.17.ffn_norm.weight,17,Layer,ffn_norm.weight,4096,462202528,462206624
LAYER_MAJOR_ROLE_ORDER,196,197,blk.17.ffn_gate.weight,17,Layer,ffn_gate.weight,3342336,462206624,465548960
LAYER_MAJOR_ROLE_ORDER,197,199,blk.17.ffn_up.weight,17,Layer,ffn_up.weight,3342336,465548960,468891296
LAYER_MAJOR_ROLE_ORDER,198,196,blk.17.ffn_down.weight,17,Layer,ffn_down.weight,3342336,468891296,472233632
LAYER_MAJOR_ROLE_ORDER,199,202,blk.18.attn_norm.weight,18,Layer,attn_norm.weight,4096,472233632,472237728
LAYER_MAJOR_ROLE_ORDER,200,204,blk.18.attn_q.weight,18,Layer,attn_q.weight,2228224,472237728,474465952
LAYER_MAJOR_ROLE_ORDER,201,205,blk.18.attn_q_norm.weight,18,Layer,attn_q_norm.weight,512,474465952,474466464
LAYER_MAJOR_ROLE_ORDER,202,200,blk.18.attn_k.weight,18,Layer,attn_k.weight,1114112,474466464,475580576
LAYER_MAJOR_ROLE_ORDER,203,201,blk.18.attn_k_norm.weight,18,Layer,attn_k_norm.weight,512,475580576,475581088
LAYER_MAJOR_ROLE_ORDER,204,206,blk.18.attn_v.weight,18,Layer,attn_v.weight,1114112,475581088,476695200
LAYER_MAJOR_ROLE_ORDER,205,203,blk.18.attn_output.weight,18,Layer,attn_output.weight,2228224,476695200,478923424
LAYER_MAJOR_ROLE_ORDER,206,209,blk.18.ffn_norm.weight,18,Layer,ffn_norm.weight,4096,478923424,478927520
LAYER_MAJOR_ROLE_ORDER,207,208,blk.18.ffn_gate.weight,18,Layer,ffn_gate.weight,3342336,478927520,482269856
LAYER_MAJOR_ROLE_ORDER,208,210,blk.18.ffn_up.weight,18,Layer,ffn_up.weight,3342336,482269856,485612192
LAYER_MAJOR_ROLE_ORDER,209,207,blk.18.ffn_down.weight,18,Layer,ffn_down.weight,3342336,485612192,488954528
LAYER_MAJOR_ROLE_ORDER,210,213,blk.19.attn_norm.weight,19,Layer,attn_norm.weight,4096,488954528,488958624
LAYER_MAJOR_ROLE_ORDER,211,215,blk.19.attn_q.weight,19,Layer,attn_q.weight,2228224,488958624,491186848
LAYER_MAJOR_ROLE_ORDER,212,216,blk.19.attn_q_norm.weight,19,Layer,attn_q_norm.weight,512,491186848,491187360
LAYER_MAJOR_ROLE_ORDER,213,211,blk.19.attn_k.weight,19,Layer,attn_k.weight,1114112,491187360,492301472
LAYER_MAJOR_ROLE_ORDER,214,212,blk.19.attn_k_norm.weight,19,Layer,attn_k_norm.weight,512,492301472,492301984
LAYER_MAJOR_ROLE_ORDER,215,217,blk.19.attn_v.weight,19,Layer,attn_v.weight,1114112,492301984,493416096
LAYER_MAJOR_ROLE_ORDER,216,214,blk.19.attn_output.weight,19,Layer,attn_output.weight,2228224,493416096,495644320
LAYER_MAJOR_ROLE_ORDER,217,220,blk.19.ffn_norm.weight,19,Layer,ffn_norm.weight,4096,495644320,495648416
LAYER_MAJOR_ROLE_ORDER,218,219,blk.19.ffn_gate.weight,19,Layer,ffn_gate.weight,3342336,495648416,498990752
LAYER_MAJOR_ROLE_ORDER,219,221,blk.19.ffn_up.weight,19,Layer,ffn_up.weight,3342336,498990752,502333088
LAYER_MAJOR_ROLE_ORDER,220,218,blk.19.ffn_down.weight,19,Layer,ffn_down.weight,3342336,502333088,505675424
LAYER_MAJOR_ROLE_ORDER,221,224,blk.20.attn_norm.weight,20,Layer,attn_norm.weight,4096,505675424,505679520
LAYER_MAJOR_ROLE_ORDER,222,226,blk.20.attn_q.weight,20,Layer,attn_q.weight,2228224,505679520,507907744
LAYER_MAJOR_ROLE_ORDER,223,227,blk.20.attn_q_norm.weight,20,Layer,attn_q_norm.weight,512,507907744,507908256
LAYER_MAJOR_ROLE_ORDER,224,222,blk.20.attn_k.weight,20,Layer,attn_k.weight,1114112,507908256,509022368
LAYER_MAJOR_ROLE_ORDER,225,223,blk.20.attn_k_norm.weight,20,Layer,attn_k_norm.weight,512,509022368,509022880
LAYER_MAJOR_ROLE_ORDER,226,228,blk.20.attn_v.weight,20,Layer,attn_v.weight,1114112,509022880,510136992
LAYER_MAJOR_ROLE_ORDER,227,225,blk.20.attn_output.weight,20,Layer,attn_output.weight,2228224,510136992,512365216
LAYER_MAJOR_ROLE_ORDER,228,231,blk.20.ffn_norm.weight,20,Layer,ffn_norm.weight,4096,512365216,512369312
LAYER_MAJOR_ROLE_ORDER,229,230,blk.20.ffn_gate.weight,20,Layer,ffn_gate.weight,3342336,512369312,515711648
LAYER_MAJOR_ROLE_ORDER,230,232,blk.20.ffn_up.weight,20,Layer,ffn_up.weight,3342336,515711648,519053984
LAYER_MAJOR_ROLE_ORDER,231,229,blk.20.ffn_down.weight,20,Layer,ffn_down.weight,3342336,519053984,522396320
LAYER_MAJOR_ROLE_ORDER,232,235,blk.21.attn_norm.weight,21,Layer,attn_norm.weight,4096,522396320,522400416
LAYER_MAJOR_ROLE_ORDER,233,237,blk.21.attn_q.weight,21,Layer,attn_q.weight,2228224,522400416,524628640
LAYER_MAJOR_ROLE_ORDER,234,238,blk.21.attn_q_norm.weight,21,Layer,attn_q_norm.weight,512,524628640,524629152
LAYER_MAJOR_ROLE_ORDER,235,233,blk.21.attn_k.weight,21,Layer,attn_k.weight,1114112,524629152,525743264
LAYER_MAJOR_ROLE_ORDER,236,234,blk.21.attn_k_norm.weight,21,Layer,attn_k_norm.weight,512,525743264,525743776
LAYER_MAJOR_ROLE_ORDER,237,239,blk.21.attn_v.weight,21,Layer,attn_v.weight,1114112,525743776,526857888
LAYER_MAJOR_ROLE_ORDER,238,236,blk.21.attn_output.weight,21,Layer,attn_output.weight,2228224,526857888,529086112
LAYER_MAJOR_ROLE_ORDER,239,242,blk.21.ffn_norm.weight,21,Layer,ffn_norm.weight,4096,529086112,529090208
LAYER_MAJOR_ROLE_ORDER,240,241,blk.21.ffn_gate.weight,21,Layer,ffn_gate.weight,3342336,529090208,532432544
LAYER_MAJOR_ROLE_ORDER,241,243,blk.21.ffn_up.weight,21,Layer,ffn_up.weight,3342336,532432544,535774880
LAYER_MAJOR_ROLE_ORDER,242,240,blk.21.ffn_down.weight,21,Layer,ffn_down.weight,3342336,535774880,539117216
LAYER_MAJOR_ROLE_ORDER,243,246,blk.22.attn_norm.weight,22,Layer,attn_norm.weight,4096,539117216,539121312
LAYER_MAJOR_ROLE_ORDER,244,248,blk.22.attn_q.weight,22,Layer,attn_q.weight,2228224,539121312,541349536
LAYER_MAJOR_ROLE_ORDER,245,249,blk.22.attn_q_norm.weight,22,Layer,attn_q_norm.weight,512,541349536,541350048
LAYER_MAJOR_ROLE_ORDER,246,244,blk.22.attn_k.weight,22,Layer,attn_k.weight,1114112,541350048,542464160
LAYER_MAJOR_ROLE_ORDER,247,245,blk.22.attn_k_norm.weight,22,Layer,attn_k_norm.weight,512,542464160,542464672
LAYER_MAJOR_ROLE_ORDER,248,250,blk.22.attn_v.weight,22,Layer,attn_v.weight,1114112,542464672,543578784
LAYER_MAJOR_ROLE_ORDER,249,247,blk.22.attn_output.weight,22,Layer,attn_output.weight,2228224,543578784,545807008
LAYER_MAJOR_ROLE_ORDER,250,253,blk.22.ffn_norm.weight,22,Layer,ffn_norm.weight,4096,545807008,545811104
LAYER_MAJOR_ROLE_ORDER,251,252,blk.22.ffn_gate.weight,22,Layer,ffn_gate.weight,3342336,545811104,549153440
LAYER_MAJOR_ROLE_ORDER,252,254,blk.22.ffn_up.weight,22,Layer,ffn_up.weight,3342336,549153440,552495776
LAYER_MAJOR_ROLE_ORDER,253,251,blk.22.ffn_down.weight,22,Layer,ffn_down.weight,3342336,552495776,555838112
LAYER_MAJOR_ROLE_ORDER,254,257,blk.23.attn_norm.weight,23,Layer,attn_norm.weight,4096,555838112,555842208
LAYER_MAJOR_ROLE_ORDER,255,259,blk.23.attn_q.weight,23,Layer,attn_q.weight,2228224,555842208,558070432
LAYER_MAJOR_ROLE_ORDER,256,260,blk.23.attn_q_norm.weight,23,Layer,attn_q_norm.weight,512,558070432,558070944
LAYER_MAJOR_ROLE_ORDER,257,255,blk.23.attn_k.weight,23,Layer,attn_k.weight,1114112,558070944,559185056
LAYER_MAJOR_ROLE_ORDER,258,256,blk.23.attn_k_norm.weight,23,Layer,attn_k_norm.weight,512,559185056,559185568
LAYER_MAJOR_ROLE_ORDER,259,261,blk.23.attn_v.weight,23,Layer,attn_v.weight,1114112,559185568,560299680
LAYER_MAJOR_ROLE_ORDER,260,258,blk.23.attn_output.weight,23,Layer,attn_output.weight,2228224,560299680,562527904
LAYER_MAJOR_ROLE_ORDER,261,264,blk.23.ffn_norm.weight,23,Layer,ffn_norm.weight,4096,562527904,562532000
LAYER_MAJOR_ROLE_ORDER,262,263,blk.23.ffn_gate.weight,23,Layer,ffn_gate.weight,3342336,562532000,565874336
LAYER_MAJOR_ROLE_ORDER,263,265,blk.23.ffn_up.weight,23,Layer,ffn_up.weight,3342336,565874336,569216672
LAYER_MAJOR_ROLE_ORDER,264,262,blk.23.ffn_down.weight,23,Layer,ffn_down.weight,3342336,569216672,572559008
LAYER_MAJOR_ROLE_ORDER,265,268,blk.24.attn_norm.weight,24,Layer,attn_norm.weight,4096,572559008,572563104
LAYER_MAJOR_ROLE_ORDER,266,270,blk.24.attn_q.weight,24,Layer,attn_q.weight,2228224,572563104,574791328
LAYER_MAJOR_ROLE_ORDER,267,271,blk.24.attn_q_norm.weight,24,Layer,attn_q_norm.weight,512,574791328,574791840
LAYER_MAJOR_ROLE_ORDER,268,266,blk.24.attn_k.weight,24,Layer,attn_k.weight,1114112,574791840,575905952
LAYER_MAJOR_ROLE_ORDER,269,267,blk.24.attn_k_norm.weight,24,Layer,attn_k_norm.weight,512,575905952,575906464
LAYER_MAJOR_ROLE_ORDER,270,272,blk.24.attn_v.weight,24,Layer,attn_v.weight,1114112,575906464,577020576
LAYER_MAJOR_ROLE_ORDER,271,269,blk.24.attn_output.weight,24,Layer,attn_output.weight,2228224,577020576,579248800
LAYER_MAJOR_ROLE_ORDER,272,275,blk.24.ffn_norm.weight,24,Layer,ffn_norm.weight,4096,579248800,579252896
LAYER_MAJOR_ROLE_ORDER,273,274,blk.24.ffn_gate.weight,24,Layer,ffn_gate.weight,3342336,579252896,582595232
LAYER_MAJOR_ROLE_ORDER,274,276,blk.24.ffn_up.weight,24,Layer,ffn_up.weight,3342336,582595232,585937568
LAYER_MAJOR_ROLE_ORDER,275,273,blk.24.ffn_down.weight,24,Layer,ffn_down.weight,3342336,585937568,589279904
LAYER_MAJOR_ROLE_ORDER,276,279,blk.25.attn_norm.weight,25,Layer,attn_norm.weight,4096,589279904,589284000
LAYER_MAJOR_ROLE_ORDER,277,281,blk.25.attn_q.weight,25,Layer,attn_q.weight,2228224,589284000,591512224
LAYER_MAJOR_ROLE_ORDER,278,282,blk.25.attn_q_norm.weight,25,Layer,attn_q_norm.weight,512,591512224,591512736
LAYER_MAJOR_ROLE_ORDER,279,277,blk.25.attn_k.weight,25,Layer,attn_k.weight,1114112,591512736,592626848
LAYER_MAJOR_ROLE_ORDER,280,278,blk.25.attn_k_norm.weight,25,Layer,attn_k_norm.weight,512,592626848,592627360
LAYER_MAJOR_ROLE_ORDER,281,283,blk.25.attn_v.weight,25,Layer,attn_v.weight,1114112,592627360,593741472
LAYER_MAJOR_ROLE_ORDER,282,280,blk.25.attn_output.weight,25,Layer,attn_output.weight,2228224,593741472,595969696
LAYER_MAJOR_ROLE_ORDER,283,286,blk.25.ffn_norm.weight,25,Layer,ffn_norm.weight,4096,595969696,595973792
LAYER_MAJOR_ROLE_ORDER,284,285,blk.25.ffn_gate.weight,25,Layer,ffn_gate.weight,3342336,595973792,599316128
LAYER_MAJOR_ROLE_ORDER,285,287,blk.25.ffn_up.weight,25,Layer,ffn_up.weight,3342336,599316128,602658464
LAYER_MAJOR_ROLE_ORDER,286,284,blk.25.ffn_down.weight,25,Layer,ffn_down.weight,3342336,602658464,606000800
LAYER_MAJOR_ROLE_ORDER,287,290,blk.26.attn_norm.weight,26,Layer,attn_norm.weight,4096,606000800,606004896
LAYER_MAJOR_ROLE_ORDER,288,292,blk.26.attn_q.weight,26,Layer,attn_q.weight,2228224,606004896,608233120
LAYER_MAJOR_ROLE_ORDER,289,293,blk.26.attn_q_norm.weight,26,Layer,attn_q_norm.weight,512,608233120,608233632
LAYER_MAJOR_ROLE_ORDER,290,288,blk.26.attn_k.weight,26,Layer,attn_k.weight,1114112,608233632,609347744
LAYER_MAJOR_ROLE_ORDER,291,289,blk.26.attn_k_norm.weight,26,Layer,attn_k_norm.weight,512,609347744,609348256
LAYER_MAJOR_ROLE_ORDER,292,294,blk.26.attn_v.weight,26,Layer,attn_v.weight,1114112,609348256,610462368
LAYER_MAJOR_ROLE_ORDER,293,291,blk.26.attn_output.weight,26,Layer,attn_output.weight,2228224,610462368,612690592
LAYER_MAJOR_ROLE_ORDER,294,297,blk.26.ffn_norm.weight,26,Layer,ffn_norm.weight,4096,612690592,612694688
LAYER_MAJOR_ROLE_ORDER,295,296,blk.26.ffn_gate.weight,26,Layer,ffn_gate.weight,3342336,612694688,616037024
LAYER_MAJOR_ROLE_ORDER,296,298,blk.26.ffn_up.weight,26,Layer,ffn_up.weight,3342336,616037024,619379360
LAYER_MAJOR_ROLE_ORDER,297,295,blk.26.ffn_down.weight,26,Layer,ffn_down.weight,3342336,619379360,622721696
LAYER_MAJOR_ROLE_ORDER,298,301,blk.27.attn_norm.weight,27,Layer,attn_norm.weight,4096,622721696,622725792
LAYER_MAJOR_ROLE_ORDER,299,303,blk.27.attn_q.weight,27,Layer,attn_q.weight,2228224,622725792,624954016
LAYER_MAJOR_ROLE_ORDER,300,304,blk.27.attn_q_norm.weight,27,Layer,attn_q_norm.weight,512,624954016,624954528
LAYER_MAJOR_ROLE_ORDER,301,299,blk.27.attn_k.weight,27,Layer,attn_k.weight,1114112,624954528,626068640
LAYER_MAJOR_ROLE_ORDER,302,300,blk.27.attn_k_norm.weight,27,Layer,attn_k_norm.weight,512,626068640,626069152
LAYER_MAJOR_ROLE_ORDER,303,305,blk.27.attn_v.weight,27,Layer,attn_v.weight,1114112,626069152,627183264
LAYER_MAJOR_ROLE_ORDER,304,302,blk.27.attn_output.weight,27,Layer,attn_output.weight,2228224,627183264,629411488
LAYER_MAJOR_ROLE_ORDER,305,308,blk.27.ffn_norm.weight,27,Layer,ffn_norm.weight,4096,629411488,629415584
LAYER_MAJOR_ROLE_ORDER,306,307,blk.27.ffn_gate.weight,27,Layer,ffn_gate.weight,3342336,629415584,632757920
LAYER_MAJOR_ROLE_ORDER,307,309,blk.27.ffn_up.weight,27,Layer,ffn_up.weight,3342336,632757920,636100256
LAYER_MAJOR_ROLE_ORDER,308,306,blk.27.ffn_down.weight,27,Layer,ffn_down.weight,3342336,636100256,639442592
LAYER_MAJOR_ROLE_ORDER,309,0,output_norm.weight,,GlobalPost,FinalNorm,4096,639442592,639446688
PREFIX_FRIENDLY,0,1,token_embd.weight,,GlobalPre,TokenEmbedding,165306368,5951136,171257504
PREFIX_FRIENDLY,1,4,blk.0.attn_norm.weight,0,Layer,attn_norm.weight,4096,171257504,171261600
PREFIX_FRIENDLY,2,6,blk.0.attn_q.weight,0,Layer,attn_q.weight,2228224,171261600,173489824
PREFIX_FRIENDLY,3,7,blk.0.attn_q_norm.weight,0,Layer,attn_q_norm.weight,512,173489824,173490336
PREFIX_FRIENDLY,4,2,blk.0.attn_k.weight,0,Layer,attn_k.weight,1114112,173490336,174604448
PREFIX_FRIENDLY,5,3,blk.0.attn_k_norm.weight,0,Layer,attn_k_norm.weight,512,174604448,174604960
PREFIX_FRIENDLY,6,8,blk.0.attn_v.weight,0,Layer,attn_v.weight,1114112,174604960,175719072
PREFIX_FRIENDLY,7,5,blk.0.attn_output.weight,0,Layer,attn_output.weight,2228224,175719072,177947296
PREFIX_FRIENDLY,8,11,blk.0.ffn_norm.weight,0,Layer,ffn_norm.weight,4096,177947296,177951392
PREFIX_FRIENDLY,9,10,blk.0.ffn_gate.weight,0,Layer,ffn_gate.weight,3342336,177951392,181293728
PREFIX_FRIENDLY,10,12,blk.0.ffn_up.weight,0,Layer,ffn_up.weight,3342336,181293728,184636064
PREFIX_FRIENDLY,11,9,blk.0.ffn_down.weight,0,Layer,ffn_down.weight,3342336,184636064,187978400
PREFIX_FRIENDLY,12,15,blk.1.attn_norm.weight,1,Layer,attn_norm.weight,4096,187978400,187982496
PREFIX_FRIENDLY,13,17,blk.1.attn_q.weight,1,Layer,attn_q.weight,2228224,187982496,190210720
PREFIX_FRIENDLY,14,18,blk.1.attn_q_norm.weight,1,Layer,attn_q_norm.weight,512,190210720,190211232
PREFIX_FRIENDLY,15,13,blk.1.attn_k.weight,1,Layer,attn_k.weight,1114112,190211232,191325344
PREFIX_FRIENDLY,16,14,blk.1.attn_k_norm.weight,1,Layer,attn_k_norm.weight,512,191325344,191325856
PREFIX_FRIENDLY,17,19,blk.1.attn_v.weight,1,Layer,attn_v.weight,1114112,191325856,192439968
PREFIX_FRIENDLY,18,16,blk.1.attn_output.weight,1,Layer,attn_output.weight,2228224,192439968,194668192
PREFIX_FRIENDLY,19,22,blk.1.ffn_norm.weight,1,Layer,ffn_norm.weight,4096,194668192,194672288
PREFIX_FRIENDLY,20,21,blk.1.ffn_gate.weight,1,Layer,ffn_gate.weight,3342336,194672288,198014624
PREFIX_FRIENDLY,21,23,blk.1.ffn_up.weight,1,Layer,ffn_up.weight,3342336,198014624,201356960
PREFIX_FRIENDLY,22,20,blk.1.ffn_down.weight,1,Layer,ffn_down.weight,3342336,201356960,204699296
PREFIX_FRIENDLY,23,26,blk.2.attn_norm.weight,2,Layer,attn_norm.weight,4096,204699296,204703392
PREFIX_FRIENDLY,24,28,blk.2.attn_q.weight,2,Layer,attn_q.weight,2228224,204703392,206931616
PREFIX_FRIENDLY,25,29,blk.2.attn_q_norm.weight,2,Layer,attn_q_norm.weight,512,206931616,206932128
PREFIX_FRIENDLY,26,24,blk.2.attn_k.weight,2,Layer,attn_k.weight,1114112,206932128,208046240
PREFIX_FRIENDLY,27,25,blk.2.attn_k_norm.weight,2,Layer,attn_k_norm.weight,512,208046240,208046752
PREFIX_FRIENDLY,28,30,blk.2.attn_v.weight,2,Layer,attn_v.weight,1114112,208046752,209160864
PREFIX_FRIENDLY,29,27,blk.2.attn_output.weight,2,Layer,attn_output.weight,2228224,209160864,211389088
PREFIX_FRIENDLY,30,33,blk.2.ffn_norm.weight,2,Layer,ffn_norm.weight,4096,211389088,211393184
PREFIX_FRIENDLY,31,32,blk.2.ffn_gate.weight,2,Layer,ffn_gate.weight,3342336,211393184,214735520
PREFIX_FRIENDLY,32,34,blk.2.ffn_up.weight,2,Layer,ffn_up.weight,3342336,214735520,218077856
PREFIX_FRIENDLY,33,31,blk.2.ffn_down.weight,2,Layer,ffn_down.weight,3342336,218077856,221420192
PREFIX_FRIENDLY,34,37,blk.3.attn_norm.weight,3,Layer,attn_norm.weight,4096,221420192,221424288
PREFIX_FRIENDLY,35,39,blk.3.attn_q.weight,3,Layer,attn_q.weight,2228224,221424288,223652512
PREFIX_FRIENDLY,36,40,blk.3.attn_q_norm.weight,3,Layer,attn_q_norm.weight,512,223652512,223653024
PREFIX_FRIENDLY,37,35,blk.3.attn_k.weight,3,Layer,attn_k.weight,1114112,223653024,224767136
PREFIX_FRIENDLY,38,36,blk.3.attn_k_norm.weight,3,Layer,attn_k_norm.weight,512,224767136,224767648
PREFIX_FRIENDLY,39,41,blk.3.attn_v.weight,3,Layer,attn_v.weight,1114112,224767648,225881760
PREFIX_FRIENDLY,40,38,blk.3.attn_output.weight,3,Layer,attn_output.weight,2228224,225881760,228109984
PREFIX_FRIENDLY,41,44,blk.3.ffn_norm.weight,3,Layer,ffn_norm.weight,4096,228109984,228114080
PREFIX_FRIENDLY,42,43,blk.3.ffn_gate.weight,3,Layer,ffn_gate.weight,3342336,228114080,231456416
PREFIX_FRIENDLY,43,45,blk.3.ffn_up.weight,3,Layer,ffn_up.weight,3342336,231456416,234798752
PREFIX_FRIENDLY,44,42,blk.3.ffn_down.weight,3,Layer,ffn_down.weight,3342336,234798752,238141088
PREFIX_FRIENDLY,45,48,blk.4.attn_norm.weight,4,Layer,attn_norm.weight,4096,238141088,238145184
PREFIX_FRIENDLY,46,50,blk.4.attn_q.weight,4,Layer,attn_q.weight,2228224,238145184,240373408
PREFIX_FRIENDLY,47,51,blk.4.attn_q_norm.weight,4,Layer,attn_q_norm.weight,512,240373408,240373920
PREFIX_FRIENDLY,48,46,blk.4.attn_k.weight,4,Layer,attn_k.weight,1114112,240373920,241488032
PREFIX_FRIENDLY,49,47,blk.4.attn_k_norm.weight,4,Layer,attn_k_norm.weight,512,241488032,241488544
PREFIX_FRIENDLY,50,52,blk.4.attn_v.weight,4,Layer,attn_v.weight,1114112,241488544,242602656
PREFIX_FRIENDLY,51,49,blk.4.attn_output.weight,4,Layer,attn_output.weight,2228224,242602656,244830880
PREFIX_FRIENDLY,52,55,blk.4.ffn_norm.weight,4,Layer,ffn_norm.weight,4096,244830880,244834976
PREFIX_FRIENDLY,53,54,blk.4.ffn_gate.weight,4,Layer,ffn_gate.weight,3342336,244834976,248177312
PREFIX_FRIENDLY,54,56,blk.4.ffn_up.weight,4,Layer,ffn_up.weight,3342336,248177312,251519648
PREFIX_FRIENDLY,55,53,blk.4.ffn_down.weight,4,Layer,ffn_down.weight,3342336,251519648,254861984
PREFIX_FRIENDLY,56,59,blk.5.attn_norm.weight,5,Layer,attn_norm.weight,4096,254861984,254866080
PREFIX_FRIENDLY,57,61,blk.5.attn_q.weight,5,Layer,attn_q.weight,2228224,254866080,257094304
PREFIX_FRIENDLY,58,62,blk.5.attn_q_norm.weight,5,Layer,attn_q_norm.weight,512,257094304,257094816
PREFIX_FRIENDLY,59,57,blk.5.attn_k.weight,5,Layer,attn_k.weight,1114112,257094816,258208928
PREFIX_FRIENDLY,60,58,blk.5.attn_k_norm.weight,5,Layer,attn_k_norm.weight,512,258208928,258209440
PREFIX_FRIENDLY,61,63,blk.5.attn_v.weight,5,Layer,attn_v.weight,1114112,258209440,259323552
PREFIX_FRIENDLY,62,60,blk.5.attn_output.weight,5,Layer,attn_output.weight,2228224,259323552,261551776
PREFIX_FRIENDLY,63,66,blk.5.ffn_norm.weight,5,Layer,ffn_norm.weight,4096,261551776,261555872
PREFIX_FRIENDLY,64,65,blk.5.ffn_gate.weight,5,Layer,ffn_gate.weight,3342336,261555872,264898208
PREFIX_FRIENDLY,65,67,blk.5.ffn_up.weight,5,Layer,ffn_up.weight,3342336,264898208,268240544
PREFIX_FRIENDLY,66,64,blk.5.ffn_down.weight,5,Layer,ffn_down.weight,3342336,268240544,271582880
PREFIX_FRIENDLY,67,70,blk.6.attn_norm.weight,6,Layer,attn_norm.weight,4096,271582880,271586976
PREFIX_FRIENDLY,68,72,blk.6.attn_q.weight,6,Layer,attn_q.weight,2228224,271586976,273815200
PREFIX_FRIENDLY,69,73,blk.6.attn_q_norm.weight,6,Layer,attn_q_norm.weight,512,273815200,273815712
PREFIX_FRIENDLY,70,68,blk.6.attn_k.weight,6,Layer,attn_k.weight,1114112,273815712,274929824
PREFIX_FRIENDLY,71,69,blk.6.attn_k_norm.weight,6,Layer,attn_k_norm.weight,512,274929824,274930336
PREFIX_FRIENDLY,72,74,blk.6.attn_v.weight,6,Layer,attn_v.weight,1114112,274930336,276044448
PREFIX_FRIENDLY,73,71,blk.6.attn_output.weight,6,Layer,attn_output.weight,2228224,276044448,278272672
PREFIX_FRIENDLY,74,77,blk.6.ffn_norm.weight,6,Layer,ffn_norm.weight,4096,278272672,278276768
PREFIX_FRIENDLY,75,76,blk.6.ffn_gate.weight,6,Layer,ffn_gate.weight,3342336,278276768,281619104
PREFIX_FRIENDLY,76,78,blk.6.ffn_up.weight,6,Layer,ffn_up.weight,3342336,281619104,284961440
PREFIX_FRIENDLY,77,75,blk.6.ffn_down.weight,6,Layer,ffn_down.weight,3342336,284961440,288303776
PREFIX_FRIENDLY,78,81,blk.7.attn_norm.weight,7,Layer,attn_norm.weight,4096,288303776,288307872
PREFIX_FRIENDLY,79,83,blk.7.attn_q.weight,7,Layer,attn_q.weight,2228224,288307872,290536096
PREFIX_FRIENDLY,80,84,blk.7.attn_q_norm.weight,7,Layer,attn_q_norm.weight,512,290536096,290536608
PREFIX_FRIENDLY,81,79,blk.7.attn_k.weight,7,Layer,attn_k.weight,1114112,290536608,291650720
PREFIX_FRIENDLY,82,80,blk.7.attn_k_norm.weight,7,Layer,attn_k_norm.weight,512,291650720,291651232
PREFIX_FRIENDLY,83,85,blk.7.attn_v.weight,7,Layer,attn_v.weight,1114112,291651232,292765344
PREFIX_FRIENDLY,84,82,blk.7.attn_output.weight,7,Layer,attn_output.weight,2228224,292765344,294993568
PREFIX_FRIENDLY,85,88,blk.7.ffn_norm.weight,7,Layer,ffn_norm.weight,4096,294993568,294997664
PREFIX_FRIENDLY,86,87,blk.7.ffn_gate.weight,7,Layer,ffn_gate.weight,3342336,294997664,298340000
PREFIX_FRIENDLY,87,89,blk.7.ffn_up.weight,7,Layer,ffn_up.weight,3342336,298340000,301682336
PREFIX_FRIENDLY,88,86,blk.7.ffn_down.weight,7,Layer,ffn_down.weight,3342336,301682336,305024672
PREFIX_FRIENDLY,89,92,blk.8.attn_norm.weight,8,Layer,attn_norm.weight,4096,305024672,305028768
PREFIX_FRIENDLY,90,94,blk.8.attn_q.weight,8,Layer,attn_q.weight,2228224,305028768,307256992
PREFIX_FRIENDLY,91,95,blk.8.attn_q_norm.weight,8,Layer,attn_q_norm.weight,512,307256992,307257504
PREFIX_FRIENDLY,92,90,blk.8.attn_k.weight,8,Layer,attn_k.weight,1114112,307257504,308371616
PREFIX_FRIENDLY,93,91,blk.8.attn_k_norm.weight,8,Layer,attn_k_norm.weight,512,308371616,308372128
PREFIX_FRIENDLY,94,96,blk.8.attn_v.weight,8,Layer,attn_v.weight,1114112,308372128,309486240
PREFIX_FRIENDLY,95,93,blk.8.attn_output.weight,8,Layer,attn_output.weight,2228224,309486240,311714464
PREFIX_FRIENDLY,96,99,blk.8.ffn_norm.weight,8,Layer,ffn_norm.weight,4096,311714464,311718560
PREFIX_FRIENDLY,97,98,blk.8.ffn_gate.weight,8,Layer,ffn_gate.weight,3342336,311718560,315060896
PREFIX_FRIENDLY,98,100,blk.8.ffn_up.weight,8,Layer,ffn_up.weight,3342336,315060896,318403232
PREFIX_FRIENDLY,99,97,blk.8.ffn_down.weight,8,Layer,ffn_down.weight,3342336,318403232,321745568
PREFIX_FRIENDLY,100,103,blk.9.attn_norm.weight,9,Layer,attn_norm.weight,4096,321745568,321749664
PREFIX_FRIENDLY,101,105,blk.9.attn_q.weight,9,Layer,attn_q.weight,2228224,321749664,323977888
PREFIX_FRIENDLY,102,106,blk.9.attn_q_norm.weight,9,Layer,attn_q_norm.weight,512,323977888,323978400
PREFIX_FRIENDLY,103,101,blk.9.attn_k.weight,9,Layer,attn_k.weight,1114112,323978400,325092512
PREFIX_FRIENDLY,104,102,blk.9.attn_k_norm.weight,9,Layer,attn_k_norm.weight,512,325092512,325093024
PREFIX_FRIENDLY,105,107,blk.9.attn_v.weight,9,Layer,attn_v.weight,1114112,325093024,326207136
PREFIX_FRIENDLY,106,104,blk.9.attn_output.weight,9,Layer,attn_output.weight,2228224,326207136,328435360
PREFIX_FRIENDLY,107,110,blk.9.ffn_norm.weight,9,Layer,ffn_norm.weight,4096,328435360,328439456
PREFIX_FRIENDLY,108,109,blk.9.ffn_gate.weight,9,Layer,ffn_gate.weight,3342336,328439456,331781792
PREFIX_FRIENDLY,109,111,blk.9.ffn_up.weight,9,Layer,ffn_up.weight,3342336,331781792,335124128
PREFIX_FRIENDLY,110,108,blk.9.ffn_down.weight,9,Layer,ffn_down.weight,3342336,335124128,338466464
PREFIX_FRIENDLY,111,114,blk.10.attn_norm.weight,10,Layer,attn_norm.weight,4096,338466464,338470560
PREFIX_FRIENDLY,112,116,blk.10.attn_q.weight,10,Layer,attn_q.weight,2228224,338470560,340698784
PREFIX_FRIENDLY,113,117,blk.10.attn_q_norm.weight,10,Layer,attn_q_norm.weight,512,340698784,340699296
PREFIX_FRIENDLY,114,112,blk.10.attn_k.weight,10,Layer,attn_k.weight,1114112,340699296,341813408
PREFIX_FRIENDLY,115,113,blk.10.attn_k_norm.weight,10,Layer,attn_k_norm.weight,512,341813408,341813920
PREFIX_FRIENDLY,116,118,blk.10.attn_v.weight,10,Layer,attn_v.weight,1114112,341813920,342928032
PREFIX_FRIENDLY,117,115,blk.10.attn_output.weight,10,Layer,attn_output.weight,2228224,342928032,345156256
PREFIX_FRIENDLY,118,121,blk.10.ffn_norm.weight,10,Layer,ffn_norm.weight,4096,345156256,345160352
PREFIX_FRIENDLY,119,120,blk.10.ffn_gate.weight,10,Layer,ffn_gate.weight,3342336,345160352,348502688
PREFIX_FRIENDLY,120,122,blk.10.ffn_up.weight,10,Layer,ffn_up.weight,3342336,348502688,351845024
PREFIX_FRIENDLY,121,119,blk.10.ffn_down.weight,10,Layer,ffn_down.weight,3342336,351845024,355187360
PREFIX_FRIENDLY,122,125,blk.11.attn_norm.weight,11,Layer,attn_norm.weight,4096,355187360,355191456
PREFIX_FRIENDLY,123,127,blk.11.attn_q.weight,11,Layer,attn_q.weight,2228224,355191456,357419680
PREFIX_FRIENDLY,124,128,blk.11.attn_q_norm.weight,11,Layer,attn_q_norm.weight,512,357419680,357420192
PREFIX_FRIENDLY,125,123,blk.11.attn_k.weight,11,Layer,attn_k.weight,1114112,357420192,358534304
PREFIX_FRIENDLY,126,124,blk.11.attn_k_norm.weight,11,Layer,attn_k_norm.weight,512,358534304,358534816
PREFIX_FRIENDLY,127,129,blk.11.attn_v.weight,11,Layer,attn_v.weight,1114112,358534816,359648928
PREFIX_FRIENDLY,128,126,blk.11.attn_output.weight,11,Layer,attn_output.weight,2228224,359648928,361877152
PREFIX_FRIENDLY,129,132,blk.11.ffn_norm.weight,11,Layer,ffn_norm.weight,4096,361877152,361881248
PREFIX_FRIENDLY,130,131,blk.11.ffn_gate.weight,11,Layer,ffn_gate.weight,3342336,361881248,365223584
PREFIX_FRIENDLY,131,133,blk.11.ffn_up.weight,11,Layer,ffn_up.weight,3342336,365223584,368565920
PREFIX_FRIENDLY,132,130,blk.11.ffn_down.weight,11,Layer,ffn_down.weight,3342336,368565920,371908256
PREFIX_FRIENDLY,133,136,blk.12.attn_norm.weight,12,Layer,attn_norm.weight,4096,371908256,371912352
PREFIX_FRIENDLY,134,138,blk.12.attn_q.weight,12,Layer,attn_q.weight,2228224,371912352,374140576
PREFIX_FRIENDLY,135,139,blk.12.attn_q_norm.weight,12,Layer,attn_q_norm.weight,512,374140576,374141088
PREFIX_FRIENDLY,136,134,blk.12.attn_k.weight,12,Layer,attn_k.weight,1114112,374141088,375255200
PREFIX_FRIENDLY,137,135,blk.12.attn_k_norm.weight,12,Layer,attn_k_norm.weight,512,375255200,375255712
PREFIX_FRIENDLY,138,140,blk.12.attn_v.weight,12,Layer,attn_v.weight,1114112,375255712,376369824
PREFIX_FRIENDLY,139,137,blk.12.attn_output.weight,12,Layer,attn_output.weight,2228224,376369824,378598048
PREFIX_FRIENDLY,140,143,blk.12.ffn_norm.weight,12,Layer,ffn_norm.weight,4096,378598048,378602144
PREFIX_FRIENDLY,141,142,blk.12.ffn_gate.weight,12,Layer,ffn_gate.weight,3342336,378602144,381944480
PREFIX_FRIENDLY,142,144,blk.12.ffn_up.weight,12,Layer,ffn_up.weight,3342336,381944480,385286816
PREFIX_FRIENDLY,143,141,blk.12.ffn_down.weight,12,Layer,ffn_down.weight,3342336,385286816,388629152
PREFIX_FRIENDLY,144,147,blk.13.attn_norm.weight,13,Layer,attn_norm.weight,4096,388629152,388633248
PREFIX_FRIENDLY,145,149,blk.13.attn_q.weight,13,Layer,attn_q.weight,2228224,388633248,390861472
PREFIX_FRIENDLY,146,150,blk.13.attn_q_norm.weight,13,Layer,attn_q_norm.weight,512,390861472,390861984
PREFIX_FRIENDLY,147,145,blk.13.attn_k.weight,13,Layer,attn_k.weight,1114112,390861984,391976096
PREFIX_FRIENDLY,148,146,blk.13.attn_k_norm.weight,13,Layer,attn_k_norm.weight,512,391976096,391976608
PREFIX_FRIENDLY,149,151,blk.13.attn_v.weight,13,Layer,attn_v.weight,1114112,391976608,393090720
PREFIX_FRIENDLY,150,148,blk.13.attn_output.weight,13,Layer,attn_output.weight,2228224,393090720,395318944
PREFIX_FRIENDLY,151,154,blk.13.ffn_norm.weight,13,Layer,ffn_norm.weight,4096,395318944,395323040
PREFIX_FRIENDLY,152,153,blk.13.ffn_gate.weight,13,Layer,ffn_gate.weight,3342336,395323040,398665376
PREFIX_FRIENDLY,153,155,blk.13.ffn_up.weight,13,Layer,ffn_up.weight,3342336,398665376,402007712
PREFIX_FRIENDLY,154,152,blk.13.ffn_down.weight,13,Layer,ffn_down.weight,3342336,402007712,405350048
PREFIX_FRIENDLY,155,158,blk.14.attn_norm.weight,14,Layer,attn_norm.weight,4096,405350048,405354144
PREFIX_FRIENDLY,156,160,blk.14.attn_q.weight,14,Layer,attn_q.weight,2228224,405354144,407582368
PREFIX_FRIENDLY,157,161,blk.14.attn_q_norm.weight,14,Layer,attn_q_norm.weight,512,407582368,407582880
PREFIX_FRIENDLY,158,156,blk.14.attn_k.weight,14,Layer,attn_k.weight,1114112,407582880,408696992
PREFIX_FRIENDLY,159,157,blk.14.attn_k_norm.weight,14,Layer,attn_k_norm.weight,512,408696992,408697504
PREFIX_FRIENDLY,160,162,blk.14.attn_v.weight,14,Layer,attn_v.weight,1114112,408697504,409811616
PREFIX_FRIENDLY,161,159,blk.14.attn_output.weight,14,Layer,attn_output.weight,2228224,409811616,412039840
PREFIX_FRIENDLY,162,165,blk.14.ffn_norm.weight,14,Layer,ffn_norm.weight,4096,412039840,412043936
PREFIX_FRIENDLY,163,164,blk.14.ffn_gate.weight,14,Layer,ffn_gate.weight,3342336,412043936,415386272
PREFIX_FRIENDLY,164,166,blk.14.ffn_up.weight,14,Layer,ffn_up.weight,3342336,415386272,418728608
PREFIX_FRIENDLY,165,163,blk.14.ffn_down.weight,14,Layer,ffn_down.weight,3342336,418728608,422070944
PREFIX_FRIENDLY,166,169,blk.15.attn_norm.weight,15,Layer,attn_norm.weight,4096,422070944,422075040
PREFIX_FRIENDLY,167,171,blk.15.attn_q.weight,15,Layer,attn_q.weight,2228224,422075040,424303264
PREFIX_FRIENDLY,168,172,blk.15.attn_q_norm.weight,15,Layer,attn_q_norm.weight,512,424303264,424303776
PREFIX_FRIENDLY,169,167,blk.15.attn_k.weight,15,Layer,attn_k.weight,1114112,424303776,425417888
PREFIX_FRIENDLY,170,168,blk.15.attn_k_norm.weight,15,Layer,attn_k_norm.weight,512,425417888,425418400
PREFIX_FRIENDLY,171,173,blk.15.attn_v.weight,15,Layer,attn_v.weight,1114112,425418400,426532512
PREFIX_FRIENDLY,172,170,blk.15.attn_output.weight,15,Layer,attn_output.weight,2228224,426532512,428760736
PREFIX_FRIENDLY,173,176,blk.15.ffn_norm.weight,15,Layer,ffn_norm.weight,4096,428760736,428764832
PREFIX_FRIENDLY,174,175,blk.15.ffn_gate.weight,15,Layer,ffn_gate.weight,3342336,428764832,432107168
PREFIX_FRIENDLY,175,177,blk.15.ffn_up.weight,15,Layer,ffn_up.weight,3342336,432107168,435449504
PREFIX_FRIENDLY,176,174,blk.15.ffn_down.weight,15,Layer,ffn_down.weight,3342336,435449504,438791840
PREFIX_FRIENDLY,177,180,blk.16.attn_norm.weight,16,Layer,attn_norm.weight,4096,438791840,438795936
PREFIX_FRIENDLY,178,182,blk.16.attn_q.weight,16,Layer,attn_q.weight,2228224,438795936,441024160
PREFIX_FRIENDLY,179,183,blk.16.attn_q_norm.weight,16,Layer,attn_q_norm.weight,512,441024160,441024672
PREFIX_FRIENDLY,180,178,blk.16.attn_k.weight,16,Layer,attn_k.weight,1114112,441024672,442138784
PREFIX_FRIENDLY,181,179,blk.16.attn_k_norm.weight,16,Layer,attn_k_norm.weight,512,442138784,442139296
PREFIX_FRIENDLY,182,184,blk.16.attn_v.weight,16,Layer,attn_v.weight,1114112,442139296,443253408
PREFIX_FRIENDLY,183,181,blk.16.attn_output.weight,16,Layer,attn_output.weight,2228224,443253408,445481632
PREFIX_FRIENDLY,184,187,blk.16.ffn_norm.weight,16,Layer,ffn_norm.weight,4096,445481632,445485728
PREFIX_FRIENDLY,185,186,blk.16.ffn_gate.weight,16,Layer,ffn_gate.weight,3342336,445485728,448828064
PREFIX_FRIENDLY,186,188,blk.16.ffn_up.weight,16,Layer,ffn_up.weight,3342336,448828064,452170400
PREFIX_FRIENDLY,187,185,blk.16.ffn_down.weight,16,Layer,ffn_down.weight,3342336,452170400,455512736
PREFIX_FRIENDLY,188,191,blk.17.attn_norm.weight,17,Layer,attn_norm.weight,4096,455512736,455516832
PREFIX_FRIENDLY,189,193,blk.17.attn_q.weight,17,Layer,attn_q.weight,2228224,455516832,457745056
PREFIX_FRIENDLY,190,194,blk.17.attn_q_norm.weight,17,Layer,attn_q_norm.weight,512,457745056,457745568
PREFIX_FRIENDLY,191,189,blk.17.attn_k.weight,17,Layer,attn_k.weight,1114112,457745568,458859680
PREFIX_FRIENDLY,192,190,blk.17.attn_k_norm.weight,17,Layer,attn_k_norm.weight,512,458859680,458860192
PREFIX_FRIENDLY,193,195,blk.17.attn_v.weight,17,Layer,attn_v.weight,1114112,458860192,459974304
PREFIX_FRIENDLY,194,192,blk.17.attn_output.weight,17,Layer,attn_output.weight,2228224,459974304,462202528
PREFIX_FRIENDLY,195,198,blk.17.ffn_norm.weight,17,Layer,ffn_norm.weight,4096,462202528,462206624
PREFIX_FRIENDLY,196,197,blk.17.ffn_gate.weight,17,Layer,ffn_gate.weight,3342336,462206624,465548960
PREFIX_FRIENDLY,197,199,blk.17.ffn_up.weight,17,Layer,ffn_up.weight,3342336,465548960,468891296
PREFIX_FRIENDLY,198,196,blk.17.ffn_down.weight,17,Layer,ffn_down.weight,3342336,468891296,472233632
PREFIX_FRIENDLY,199,202,blk.18.attn_norm.weight,18,Layer,attn_norm.weight,4096,472233632,472237728
PREFIX_FRIENDLY,200,204,blk.18.attn_q.weight,18,Layer,attn_q.weight,2228224,472237728,474465952
PREFIX_FRIENDLY,201,205,blk.18.attn_q_norm.weight,18,Layer,attn_q_norm.weight,512,474465952,474466464
PREFIX_FRIENDLY,202,200,blk.18.attn_k.weight,18,Layer,attn_k.weight,1114112,474466464,475580576
PREFIX_FRIENDLY,203,201,blk.18.attn_k_norm.weight,18,Layer,attn_k_norm.weight,512,475580576,475581088
PREFIX_FRIENDLY,204,206,blk.18.attn_v.weight,18,Layer,attn_v.weight,1114112,475581088,476695200
PREFIX_FRIENDLY,205,203,blk.18.attn_output.weight,18,Layer,attn_output.weight,2228224,476695200,478923424
PREFIX_FRIENDLY,206,209,blk.18.ffn_norm.weight,18,Layer,ffn_norm.weight,4096,478923424,478927520
PREFIX_FRIENDLY,207,208,blk.18.ffn_gate.weight,18,Layer,ffn_gate.weight,3342336,478927520,482269856
PREFIX_FRIENDLY,208,210,blk.18.ffn_up.weight,18,Layer,ffn_up.weight,3342336,482269856,485612192
PREFIX_FRIENDLY,209,207,blk.18.ffn_down.weight,18,Layer,ffn_down.weight,3342336,485612192,488954528
PREFIX_FRIENDLY,210,213,blk.19.attn_norm.weight,19,Layer,attn_norm.weight,4096,488954528,488958624
PREFIX_FRIENDLY,211,215,blk.19.attn_q.weight,19,Layer,attn_q.weight,2228224,488958624,491186848
PREFIX_FRIENDLY,212,216,blk.19.attn_q_norm.weight,19,Layer,attn_q_norm.weight,512,491186848,491187360
PREFIX_FRIENDLY,213,211,blk.19.attn_k.weight,19,Layer,attn_k.weight,1114112,491187360,492301472
PREFIX_FRIENDLY,214,212,blk.19.attn_k_norm.weight,19,Layer,attn_k_norm.weight,512,492301472,492301984
PREFIX_FRIENDLY,215,217,blk.19.attn_v.weight,19,Layer,attn_v.weight,1114112,492301984,493416096
PREFIX_FRIENDLY,216,214,blk.19.attn_output.weight,19,Layer,attn_output.weight,2228224,493416096,495644320
PREFIX_FRIENDLY,217,220,blk.19.ffn_norm.weight,19,Layer,ffn_norm.weight,4096,495644320,495648416
PREFIX_FRIENDLY,218,219,blk.19.ffn_gate.weight,19,Layer,ffn_gate.weight,3342336,495648416,498990752
PREFIX_FRIENDLY,219,221,blk.19.ffn_up.weight,19,Layer,ffn_up.weight,3342336,498990752,502333088
PREFIX_FRIENDLY,220,218,blk.19.ffn_down.weight,19,Layer,ffn_down.weight,3342336,502333088,505675424
PREFIX_FRIENDLY,221,224,blk.20.attn_norm.weight,20,Layer,attn_norm.weight,4096,505675424,505679520
PREFIX_FRIENDLY,222,226,blk.20.attn_q.weight,20,Layer,attn_q.weight,2228224,505679520,507907744
PREFIX_FRIENDLY,223,227,blk.20.attn_q_norm.weight,20,Layer,attn_q_norm.weight,512,507907744,507908256
PREFIX_FRIENDLY,224,222,blk.20.attn_k.weight,20,Layer,attn_k.weight,1114112,507908256,509022368
PREFIX_FRIENDLY,225,223,blk.20.attn_k_norm.weight,20,Layer,attn_k_norm.weight,512,509022368,509022880
PREFIX_FRIENDLY,226,228,blk.20.attn_v.weight,20,Layer,attn_v.weight,1114112,509022880,510136992
PREFIX_FRIENDLY,227,225,blk.20.attn_output.weight,20,Layer,attn_output.weight,2228224,510136992,512365216
PREFIX_FRIENDLY,228,231,blk.20.ffn_norm.weight,20,Layer,ffn_norm.weight,4096,512365216,512369312
PREFIX_FRIENDLY,229,230,blk.20.ffn_gate.weight,20,Layer,ffn_gate.weight,3342336,512369312,515711648
PREFIX_FRIENDLY,230,232,blk.20.ffn_up.weight,20,Layer,ffn_up.weight,3342336,515711648,519053984
PREFIX_FRIENDLY,231,229,blk.20.ffn_down.weight,20,Layer,ffn_down.weight,3342336,519053984,522396320
PREFIX_FRIENDLY,232,235,blk.21.attn_norm.weight,21,Layer,attn_norm.weight,4096,522396320,522400416
PREFIX_FRIENDLY,233,237,blk.21.attn_q.weight,21,Layer,attn_q.weight,2228224,522400416,524628640
PREFIX_FRIENDLY,234,238,blk.21.attn_q_norm.weight,21,Layer,attn_q_norm.weight,512,524628640,524629152
PREFIX_FRIENDLY,235,233,blk.21.attn_k.weight,21,Layer,attn_k.weight,1114112,524629152,525743264
PREFIX_FRIENDLY,236,234,blk.21.attn_k_norm.weight,21,Layer,attn_k_norm.weight,512,525743264,525743776
PREFIX_FRIENDLY,237,239,blk.21.attn_v.weight,21,Layer,attn_v.weight,1114112,525743776,526857888
PREFIX_FRIENDLY,238,236,blk.21.attn_output.weight,21,Layer,attn_output.weight,2228224,526857888,529086112
PREFIX_FRIENDLY,239,242,blk.21.ffn_norm.weight,21,Layer,ffn_norm.weight,4096,529086112,529090208
PREFIX_FRIENDLY,240,241,blk.21.ffn_gate.weight,21,Layer,ffn_gate.weight,3342336,529090208,532432544
PREFIX_FRIENDLY,241,243,blk.21.ffn_up.weight,21,Layer,ffn_up.weight,3342336,532432544,535774880
PREFIX_FRIENDLY,242,240,blk.21.ffn_down.weight,21,Layer,ffn_down.weight,3342336,535774880,539117216
PREFIX_FRIENDLY,243,246,blk.22.attn_norm.weight,22,Layer,attn_norm.weight,4096,539117216,539121312
PREFIX_FRIENDLY,244,248,blk.22.attn_q.weight,22,Layer,attn_q.weight,2228224,539121312,541349536
PREFIX_FRIENDLY,245,249,blk.22.attn_q_norm.weight,22,Layer,attn_q_norm.weight,512,541349536,541350048
PREFIX_FRIENDLY,246,244,blk.22.attn_k.weight,22,Layer,attn_k.weight,1114112,541350048,542464160
PREFIX_FRIENDLY,247,245,blk.22.attn_k_norm.weight,22,Layer,attn_k_norm.weight,512,542464160,542464672
PREFIX_FRIENDLY,248,250,blk.22.attn_v.weight,22,Layer,attn_v.weight,1114112,542464672,543578784
PREFIX_FRIENDLY,249,247,blk.22.attn_output.weight,22,Layer,attn_output.weight,2228224,543578784,545807008
PREFIX_FRIENDLY,250,253,blk.22.ffn_norm.weight,22,Layer,ffn_norm.weight,4096,545807008,545811104
PREFIX_FRIENDLY,251,252,blk.22.ffn_gate.weight,22,Layer,ffn_gate.weight,3342336,545811104,549153440
PREFIX_FRIENDLY,252,254,blk.22.ffn_up.weight,22,Layer,ffn_up.weight,3342336,549153440,552495776
PREFIX_FRIENDLY,253,251,blk.22.ffn_down.weight,22,Layer,ffn_down.weight,3342336,552495776,555838112
PREFIX_FRIENDLY,254,257,blk.23.attn_norm.weight,23,Layer,attn_norm.weight,4096,555838112,555842208
PREFIX_FRIENDLY,255,259,blk.23.attn_q.weight,23,Layer,attn_q.weight,2228224,555842208,558070432
PREFIX_FRIENDLY,256,260,blk.23.attn_q_norm.weight,23,Layer,attn_q_norm.weight,512,558070432,558070944
PREFIX_FRIENDLY,257,255,blk.23.attn_k.weight,23,Layer,attn_k.weight,1114112,558070944,559185056
PREFIX_FRIENDLY,258,256,blk.23.attn_k_norm.weight,23,Layer,attn_k_norm.weight,512,559185056,559185568
PREFIX_FRIENDLY,259,261,blk.23.attn_v.weight,23,Layer,attn_v.weight,1114112,559185568,560299680
PREFIX_FRIENDLY,260,258,blk.23.attn_output.weight,23,Layer,attn_output.weight,2228224,560299680,562527904
PREFIX_FRIENDLY,261,264,blk.23.ffn_norm.weight,23,Layer,ffn_norm.weight,4096,562527904,562532000
PREFIX_FRIENDLY,262,263,blk.23.ffn_gate.weight,23,Layer,ffn_gate.weight,3342336,562532000,565874336
PREFIX_FRIENDLY,263,265,blk.23.ffn_up.weight,23,Layer,ffn_up.weight,3342336,565874336,569216672
PREFIX_FRIENDLY,264,262,blk.23.ffn_down.weight,23,Layer,ffn_down.weight,3342336,569216672,572559008
PREFIX_FRIENDLY,265,268,blk.24.attn_norm.weight,24,Layer,attn_norm.weight,4096,572559008,572563104
PREFIX_FRIENDLY,266,270,blk.24.attn_q.weight,24,Layer,attn_q.weight,2228224,572563104,574791328
PREFIX_FRIENDLY,267,271,blk.24.attn_q_norm.weight,24,Layer,attn_q_norm.weight,512,574791328,574791840
PREFIX_FRIENDLY,268,266,blk.24.attn_k.weight,24,Layer,attn_k.weight,1114112,574791840,575905952
PREFIX_FRIENDLY,269,267,blk.24.attn_k_norm.weight,24,Layer,attn_k_norm.weight,512,575905952,575906464
PREFIX_FRIENDLY,270,272,blk.24.attn_v.weight,24,Layer,attn_v.weight,1114112,575906464,577020576
PREFIX_FRIENDLY,271,269,blk.24.attn_output.weight,24,Layer,attn_output.weight,2228224,577020576,579248800
PREFIX_FRIENDLY,272,275,blk.24.ffn_norm.weight,24,Layer,ffn_norm.weight,4096,579248800,579252896
PREFIX_FRIENDLY,273,274,blk.24.ffn_gate.weight,24,Layer,ffn_gate.weight,3342336,579252896,582595232
PREFIX_FRIENDLY,274,276,blk.24.ffn_up.weight,24,Layer,ffn_up.weight,3342336,582595232,585937568
PREFIX_FRIENDLY,275,273,blk.24.ffn_down.weight,24,Layer,ffn_down.weight,3342336,585937568,589279904
PREFIX_FRIENDLY,276,279,blk.25.attn_norm.weight,25,Layer,attn_norm.weight,4096,589279904,589284000
PREFIX_FRIENDLY,277,281,blk.25.attn_q.weight,25,Layer,attn_q.weight,2228224,589284000,591512224
PREFIX_FRIENDLY,278,282,blk.25.attn_q_norm.weight,25,Layer,attn_q_norm.weight,512,591512224,591512736
PREFIX_FRIENDLY,279,277,blk.25.attn_k.weight,25,Layer,attn_k.weight,1114112,591512736,592626848
PREFIX_FRIENDLY,280,278,blk.25.attn_k_norm.weight,25,Layer,attn_k_norm.weight,512,592626848,592627360
PREFIX_FRIENDLY,281,283,blk.25.attn_v.weight,25,Layer,attn_v.weight,1114112,592627360,593741472
PREFIX_FRIENDLY,282,280,blk.25.attn_output.weight,25,Layer,attn_output.weight,2228224,593741472,595969696
PREFIX_FRIENDLY,283,286,blk.25.ffn_norm.weight,25,Layer,ffn_norm.weight,4096,595969696,595973792
PREFIX_FRIENDLY,284,285,blk.25.ffn_gate.weight,25,Layer,ffn_gate.weight,3342336,595973792,599316128
PREFIX_FRIENDLY,285,287,blk.25.ffn_up.weight,25,Layer,ffn_up.weight,3342336,599316128,602658464
PREFIX_FRIENDLY,286,284,blk.25.ffn_down.weight,25,Layer,ffn_down.weight,3342336,602658464,606000800
PREFIX_FRIENDLY,287,290,blk.26.attn_norm.weight,26,Layer,attn_norm.weight,4096,606000800,606004896
PREFIX_FRIENDLY,288,292,blk.26.attn_q.weight,26,Layer,attn_q.weight,2228224,606004896,608233120
PREFIX_FRIENDLY,289,293,blk.26.attn_q_norm.weight,26,Layer,attn_q_norm.weight,512,608233120,608233632
PREFIX_FRIENDLY,290,288,blk.26.attn_k.weight,26,Layer,attn_k.weight,1114112,608233632,609347744
PREFIX_FRIENDLY,291,289,blk.26.attn_k_norm.weight,26,Layer,attn_k_norm.weight,512,609347744,609348256
PREFIX_FRIENDLY,292,294,blk.26.attn_v.weight,26,Layer,attn_v.weight,1114112,609348256,610462368
PREFIX_FRIENDLY,293,291,blk.26.attn_output.weight,26,Layer,attn_output.weight,2228224,610462368,612690592
PREFIX_FRIENDLY,294,297,blk.26.ffn_norm.weight,26,Layer,ffn_norm.weight,4096,612690592,612694688
PREFIX_FRIENDLY,295,296,blk.26.ffn_gate.weight,26,Layer,ffn_gate.weight,3342336,612694688,616037024
PREFIX_FRIENDLY,296,298,blk.26.ffn_up.weight,26,Layer,ffn_up.weight,3342336,616037024,619379360
PREFIX_FRIENDLY,297,295,blk.26.ffn_down.weight,26,Layer,ffn_down.weight,3342336,619379360,622721696
PREFIX_FRIENDLY,298,301,blk.27.attn_norm.weight,27,Layer,attn_norm.weight,4096,622721696,622725792
PREFIX_FRIENDLY,299,303,blk.27.attn_q.weight,27,Layer,attn_q.weight,2228224,622725792,624954016
PREFIX_FRIENDLY,300,304,blk.27.attn_q_norm.weight,27,Layer,attn_q_norm.weight,512,624954016,624954528
PREFIX_FRIENDLY,301,299,blk.27.attn_k.weight,27,Layer,attn_k.weight,1114112,624954528,626068640
PREFIX_FRIENDLY,302,300,blk.27.attn_k_norm.weight,27,Layer,attn_k_norm.weight,512,626068640,626069152
PREFIX_FRIENDLY,303,305,blk.27.attn_v.weight,27,Layer,attn_v.weight,1114112,626069152,627183264
PREFIX_FRIENDLY,304,302,blk.27.attn_output.weight,27,Layer,attn_output.weight,2228224,627183264,629411488
PREFIX_FRIENDLY,305,308,blk.27.ffn_norm.weight,27,Layer,ffn_norm.weight,4096,629411488,629415584
PREFIX_FRIENDLY,306,307,blk.27.ffn_gate.weight,27,Layer,ffn_gate.weight,3342336,629415584,632757920
PREFIX_FRIENDLY,307,309,blk.27.ffn_up.weight,27,Layer,ffn_up.weight,3342336,632757920,636100256
PREFIX_FRIENDLY,308,306,blk.27.ffn_down.weight,27,Layer,ffn_down.weight,3342336,636100256,639442592
PREFIX_FRIENDLY,309,0,output_norm.weight,,GlobalPost,FinalNorm,4096,639442592,639446688
