layout,simulated_ordinal,source_ordinal,name,layer,group,role,payload_bytes,simulated_start,simulated_end
GGUF_SOURCE_ORDER,0,0,output.weight,,GlobalPost,OutputProjection,311164928,5951712,317116640
GGUF_SOURCE_ORDER,1,1,token_embd.weight,,GlobalPre,TokenEmbedding,311164928,317116640,628281568
GGUF_SOURCE_ORDER,2,2,blk.0.attn_norm.weight,0,Layer,attn_norm.weight,4096,628281568,628285664
GGUF_SOURCE_ORDER,3,3,blk.0.ffn_down.weight,0,Layer,ffn_down.weight,6291456,628285664,634577120
GGUF_SOURCE_ORDER,4,4,blk.0.ffn_gate.weight,0,Layer,ffn_gate.weight,6291456,634577120,640868576
GGUF_SOURCE_ORDER,5,5,blk.0.ffn_up.weight,0,Layer,ffn_up.weight,6291456,640868576,647160032
GGUF_SOURCE_ORDER,6,6,blk.0.ffn_norm.weight,0,Layer,ffn_norm.weight,4096,647160032,647164128
GGUF_SOURCE_ORDER,7,7,blk.0.attn_k_norm.weight,0,Layer,attn_k_norm.weight,512,647164128,647164640
GGUF_SOURCE_ORDER,8,8,blk.0.attn_k.weight,0,Layer,attn_k.weight,2097152,647164640,649261792
GGUF_SOURCE_ORDER,9,9,blk.0.attn_output.weight,0,Layer,attn_output.weight,4194304,649261792,653456096
GGUF_SOURCE_ORDER,10,10,blk.0.attn_q_norm.weight,0,Layer,attn_q_norm.weight,512,653456096,653456608
GGUF_SOURCE_ORDER,11,11,blk.0.attn_q.weight,0,Layer,attn_q.weight,4194304,653456608,657650912
GGUF_SOURCE_ORDER,12,12,blk.0.attn_v.weight,0,Layer,attn_v.weight,2097152,657650912,659748064
GGUF_SOURCE_ORDER,13,13,blk.1.attn_norm.weight,1,Layer,attn_norm.weight,4096,659748064,659752160
GGUF_SOURCE_ORDER,14,14,blk.1.ffn_down.weight,1,Layer,ffn_down.weight,6291456,659752160,666043616
GGUF_SOURCE_ORDER,15,15,blk.1.ffn_gate.weight,1,Layer,ffn_gate.weight,6291456,666043616,672335072
GGUF_SOURCE_ORDER,16,16,blk.1.ffn_up.weight,1,Layer,ffn_up.weight,6291456,672335072,678626528
GGUF_SOURCE_ORDER,17,17,blk.1.ffn_norm.weight,1,Layer,ffn_norm.weight,4096,678626528,678630624
GGUF_SOURCE_ORDER,18,18,blk.1.attn_k_norm.weight,1,Layer,attn_k_norm.weight,512,678630624,678631136
GGUF_SOURCE_ORDER,19,19,blk.1.attn_k.weight,1,Layer,attn_k.weight,2097152,678631136,680728288
GGUF_SOURCE_ORDER,20,20,blk.1.attn_output.weight,1,Layer,attn_output.weight,4194304,680728288,684922592
GGUF_SOURCE_ORDER,21,21,blk.1.attn_q_norm.weight,1,Layer,attn_q_norm.weight,512,684922592,684923104
GGUF_SOURCE_ORDER,22,22,blk.1.attn_q.weight,1,Layer,attn_q.weight,4194304,684923104,689117408
GGUF_SOURCE_ORDER,23,23,blk.1.attn_v.weight,1,Layer,attn_v.weight,2097152,689117408,691214560
GGUF_SOURCE_ORDER,24,24,blk.10.attn_norm.weight,10,Layer,attn_norm.weight,4096,691214560,691218656
GGUF_SOURCE_ORDER,25,25,blk.10.ffn_down.weight,10,Layer,ffn_down.weight,6291456,691218656,697510112
GGUF_SOURCE_ORDER,26,26,blk.10.ffn_gate.weight,10,Layer,ffn_gate.weight,6291456,697510112,703801568
GGUF_SOURCE_ORDER,27,27,blk.10.ffn_up.weight,10,Layer,ffn_up.weight,6291456,703801568,710093024
GGUF_SOURCE_ORDER,28,28,blk.10.ffn_norm.weight,10,Layer,ffn_norm.weight,4096,710093024,710097120
GGUF_SOURCE_ORDER,29,29,blk.10.attn_k_norm.weight,10,Layer,attn_k_norm.weight,512,710097120,710097632
GGUF_SOURCE_ORDER,30,30,blk.10.attn_k.weight,10,Layer,attn_k.weight,2097152,710097632,712194784
GGUF_SOURCE_ORDER,31,31,blk.10.attn_output.weight,10,Layer,attn_output.weight,4194304,712194784,716389088
GGUF_SOURCE_ORDER,32,32,blk.10.attn_q_norm.weight,10,Layer,attn_q_norm.weight,512,716389088,716389600
GGUF_SOURCE_ORDER,33,33,blk.10.attn_q.weight,10,Layer,attn_q.weight,4194304,716389600,720583904
GGUF_SOURCE_ORDER,34,34,blk.10.attn_v.weight,10,Layer,attn_v.weight,2097152,720583904,722681056
GGUF_SOURCE_ORDER,35,35,blk.11.attn_norm.weight,11,Layer,attn_norm.weight,4096,722681056,722685152
GGUF_SOURCE_ORDER,36,36,blk.11.ffn_down.weight,11,Layer,ffn_down.weight,6291456,722685152,728976608
GGUF_SOURCE_ORDER,37,37,blk.11.ffn_gate.weight,11,Layer,ffn_gate.weight,6291456,728976608,735268064
GGUF_SOURCE_ORDER,38,38,blk.11.ffn_up.weight,11,Layer,ffn_up.weight,6291456,735268064,741559520
GGUF_SOURCE_ORDER,39,39,blk.11.ffn_norm.weight,11,Layer,ffn_norm.weight,4096,741559520,741563616
GGUF_SOURCE_ORDER,40,40,blk.11.attn_k_norm.weight,11,Layer,attn_k_norm.weight,512,741563616,741564128
GGUF_SOURCE_ORDER,41,41,blk.11.attn_k.weight,11,Layer,attn_k.weight,2097152,741564128,743661280
GGUF_SOURCE_ORDER,42,42,blk.11.attn_output.weight,11,Layer,attn_output.weight,4194304,743661280,747855584
GGUF_SOURCE_ORDER,43,43,blk.11.attn_q_norm.weight,11,Layer,attn_q_norm.weight,512,747855584,747856096
GGUF_SOURCE_ORDER,44,44,blk.11.attn_q.weight,11,Layer,attn_q.weight,4194304,747856096,752050400
GGUF_SOURCE_ORDER,45,45,blk.11.attn_v.weight,11,Layer,attn_v.weight,2097152,752050400,754147552
GGUF_SOURCE_ORDER,46,46,blk.12.attn_norm.weight,12,Layer,attn_norm.weight,4096,754147552,754151648
GGUF_SOURCE_ORDER,47,47,blk.12.ffn_down.weight,12,Layer,ffn_down.weight,6291456,754151648,760443104
GGUF_SOURCE_ORDER,48,48,blk.12.ffn_gate.weight,12,Layer,ffn_gate.weight,6291456,760443104,766734560
GGUF_SOURCE_ORDER,49,49,blk.12.ffn_up.weight,12,Layer,ffn_up.weight,6291456,766734560,773026016
GGUF_SOURCE_ORDER,50,50,blk.12.ffn_norm.weight,12,Layer,ffn_norm.weight,4096,773026016,773030112
GGUF_SOURCE_ORDER,51,51,blk.12.attn_k_norm.weight,12,Layer,attn_k_norm.weight,512,773030112,773030624
GGUF_SOURCE_ORDER,52,52,blk.12.attn_k.weight,12,Layer,attn_k.weight,2097152,773030624,775127776
GGUF_SOURCE_ORDER,53,53,blk.12.attn_output.weight,12,Layer,attn_output.weight,4194304,775127776,779322080
GGUF_SOURCE_ORDER,54,54,blk.12.attn_q_norm.weight,12,Layer,attn_q_norm.weight,512,779322080,779322592
GGUF_SOURCE_ORDER,55,55,blk.12.attn_q.weight,12,Layer,attn_q.weight,4194304,779322592,783516896
GGUF_SOURCE_ORDER,56,56,blk.12.attn_v.weight,12,Layer,attn_v.weight,2097152,783516896,785614048
GGUF_SOURCE_ORDER,57,57,blk.13.attn_norm.weight,13,Layer,attn_norm.weight,4096,785614048,785618144
GGUF_SOURCE_ORDER,58,58,blk.13.ffn_down.weight,13,Layer,ffn_down.weight,6291456,785618144,791909600
GGUF_SOURCE_ORDER,59,59,blk.13.ffn_gate.weight,13,Layer,ffn_gate.weight,6291456,791909600,798201056
GGUF_SOURCE_ORDER,60,60,blk.13.ffn_up.weight,13,Layer,ffn_up.weight,6291456,798201056,804492512
GGUF_SOURCE_ORDER,61,61,blk.13.ffn_norm.weight,13,Layer,ffn_norm.weight,4096,804492512,804496608
GGUF_SOURCE_ORDER,62,62,blk.13.attn_k_norm.weight,13,Layer,attn_k_norm.weight,512,804496608,804497120
GGUF_SOURCE_ORDER,63,63,blk.13.attn_k.weight,13,Layer,attn_k.weight,2097152,804497120,806594272
GGUF_SOURCE_ORDER,64,64,blk.13.attn_output.weight,13,Layer,attn_output.weight,4194304,806594272,810788576
GGUF_SOURCE_ORDER,65,65,blk.13.attn_q_norm.weight,13,Layer,attn_q_norm.weight,512,810788576,810789088
GGUF_SOURCE_ORDER,66,66,blk.13.attn_q.weight,13,Layer,attn_q.weight,4194304,810789088,814983392
GGUF_SOURCE_ORDER,67,67,blk.13.attn_v.weight,13,Layer,attn_v.weight,2097152,814983392,817080544
GGUF_SOURCE_ORDER,68,68,blk.14.attn_norm.weight,14,Layer,attn_norm.weight,4096,817080544,817084640
GGUF_SOURCE_ORDER,69,69,blk.14.ffn_down.weight,14,Layer,ffn_down.weight,6291456,817084640,823376096
GGUF_SOURCE_ORDER,70,70,blk.14.ffn_gate.weight,14,Layer,ffn_gate.weight,6291456,823376096,829667552
GGUF_SOURCE_ORDER,71,71,blk.14.ffn_up.weight,14,Layer,ffn_up.weight,6291456,829667552,835959008
GGUF_SOURCE_ORDER,72,72,blk.14.ffn_norm.weight,14,Layer,ffn_norm.weight,4096,835959008,835963104
GGUF_SOURCE_ORDER,73,73,blk.14.attn_k_norm.weight,14,Layer,attn_k_norm.weight,512,835963104,835963616
GGUF_SOURCE_ORDER,74,74,blk.14.attn_k.weight,14,Layer,attn_k.weight,2097152,835963616,838060768
GGUF_SOURCE_ORDER,75,75,blk.14.attn_output.weight,14,Layer,attn_output.weight,4194304,838060768,842255072
GGUF_SOURCE_ORDER,76,76,blk.14.attn_q_norm.weight,14,Layer,attn_q_norm.weight,512,842255072,842255584
GGUF_SOURCE_ORDER,77,77,blk.14.attn_q.weight,14,Layer,attn_q.weight,4194304,842255584,846449888
GGUF_SOURCE_ORDER,78,78,blk.14.attn_v.weight,14,Layer,attn_v.weight,2097152,846449888,848547040
GGUF_SOURCE_ORDER,79,79,blk.15.attn_norm.weight,15,Layer,attn_norm.weight,4096,848547040,848551136
GGUF_SOURCE_ORDER,80,80,blk.15.ffn_down.weight,15,Layer,ffn_down.weight,6291456,848551136,854842592
GGUF_SOURCE_ORDER,81,81,blk.15.ffn_gate.weight,15,Layer,ffn_gate.weight,6291456,854842592,861134048
GGUF_SOURCE_ORDER,82,82,blk.15.ffn_up.weight,15,Layer,ffn_up.weight,6291456,861134048,867425504
GGUF_SOURCE_ORDER,83,83,blk.15.ffn_norm.weight,15,Layer,ffn_norm.weight,4096,867425504,867429600
GGUF_SOURCE_ORDER,84,84,blk.15.attn_k_norm.weight,15,Layer,attn_k_norm.weight,512,867429600,867430112
GGUF_SOURCE_ORDER,85,85,blk.15.attn_k.weight,15,Layer,attn_k.weight,2097152,867430112,869527264
GGUF_SOURCE_ORDER,86,86,blk.15.attn_output.weight,15,Layer,attn_output.weight,4194304,869527264,873721568
GGUF_SOURCE_ORDER,87,87,blk.15.attn_q_norm.weight,15,Layer,attn_q_norm.weight,512,873721568,873722080
GGUF_SOURCE_ORDER,88,88,blk.15.attn_q.weight,15,Layer,attn_q.weight,4194304,873722080,877916384
GGUF_SOURCE_ORDER,89,89,blk.15.attn_v.weight,15,Layer,attn_v.weight,2097152,877916384,880013536
GGUF_SOURCE_ORDER,90,90,blk.16.attn_norm.weight,16,Layer,attn_norm.weight,4096,880013536,880017632
GGUF_SOURCE_ORDER,91,91,blk.16.ffn_down.weight,16,Layer,ffn_down.weight,6291456,880017632,886309088
GGUF_SOURCE_ORDER,92,92,blk.16.ffn_gate.weight,16,Layer,ffn_gate.weight,6291456,886309088,892600544
GGUF_SOURCE_ORDER,93,93,blk.16.ffn_up.weight,16,Layer,ffn_up.weight,6291456,892600544,898892000
GGUF_SOURCE_ORDER,94,94,blk.16.ffn_norm.weight,16,Layer,ffn_norm.weight,4096,898892000,898896096
GGUF_SOURCE_ORDER,95,95,blk.16.attn_k_norm.weight,16,Layer,attn_k_norm.weight,512,898896096,898896608
GGUF_SOURCE_ORDER,96,96,blk.16.attn_k.weight,16,Layer,attn_k.weight,2097152,898896608,900993760
GGUF_SOURCE_ORDER,97,97,blk.16.attn_output.weight,16,Layer,attn_output.weight,4194304,900993760,905188064
GGUF_SOURCE_ORDER,98,98,blk.16.attn_q_norm.weight,16,Layer,attn_q_norm.weight,512,905188064,905188576
GGUF_SOURCE_ORDER,99,99,blk.16.attn_q.weight,16,Layer,attn_q.weight,4194304,905188576,909382880
GGUF_SOURCE_ORDER,100,100,blk.16.attn_v.weight,16,Layer,attn_v.weight,2097152,909382880,911480032
GGUF_SOURCE_ORDER,101,101,blk.17.attn_norm.weight,17,Layer,attn_norm.weight,4096,911480032,911484128
GGUF_SOURCE_ORDER,102,102,blk.17.ffn_down.weight,17,Layer,ffn_down.weight,6291456,911484128,917775584
GGUF_SOURCE_ORDER,103,103,blk.17.ffn_gate.weight,17,Layer,ffn_gate.weight,6291456,917775584,924067040
GGUF_SOURCE_ORDER,104,104,blk.17.ffn_up.weight,17,Layer,ffn_up.weight,6291456,924067040,930358496
GGUF_SOURCE_ORDER,105,105,blk.17.ffn_norm.weight,17,Layer,ffn_norm.weight,4096,930358496,930362592
GGUF_SOURCE_ORDER,106,106,blk.17.attn_k_norm.weight,17,Layer,attn_k_norm.weight,512,930362592,930363104
GGUF_SOURCE_ORDER,107,107,blk.17.attn_k.weight,17,Layer,attn_k.weight,2097152,930363104,932460256
GGUF_SOURCE_ORDER,108,108,blk.17.attn_output.weight,17,Layer,attn_output.weight,4194304,932460256,936654560
GGUF_SOURCE_ORDER,109,109,blk.17.attn_q_norm.weight,17,Layer,attn_q_norm.weight,512,936654560,936655072
GGUF_SOURCE_ORDER,110,110,blk.17.attn_q.weight,17,Layer,attn_q.weight,4194304,936655072,940849376
GGUF_SOURCE_ORDER,111,111,blk.17.attn_v.weight,17,Layer,attn_v.weight,2097152,940849376,942946528
GGUF_SOURCE_ORDER,112,112,blk.18.attn_norm.weight,18,Layer,attn_norm.weight,4096,942946528,942950624
GGUF_SOURCE_ORDER,113,113,blk.18.ffn_down.weight,18,Layer,ffn_down.weight,6291456,942950624,949242080
GGUF_SOURCE_ORDER,114,114,blk.18.ffn_gate.weight,18,Layer,ffn_gate.weight,6291456,949242080,955533536
GGUF_SOURCE_ORDER,115,115,blk.18.ffn_up.weight,18,Layer,ffn_up.weight,6291456,955533536,961824992
GGUF_SOURCE_ORDER,116,116,blk.18.ffn_norm.weight,18,Layer,ffn_norm.weight,4096,961824992,961829088
GGUF_SOURCE_ORDER,117,117,blk.18.attn_k_norm.weight,18,Layer,attn_k_norm.weight,512,961829088,961829600
GGUF_SOURCE_ORDER,118,118,blk.18.attn_k.weight,18,Layer,attn_k.weight,2097152,961829600,963926752
GGUF_SOURCE_ORDER,119,119,blk.18.attn_output.weight,18,Layer,attn_output.weight,4194304,963926752,968121056
GGUF_SOURCE_ORDER,120,120,blk.18.attn_q_norm.weight,18,Layer,attn_q_norm.weight,512,968121056,968121568
GGUF_SOURCE_ORDER,121,121,blk.18.attn_q.weight,18,Layer,attn_q.weight,4194304,968121568,972315872
GGUF_SOURCE_ORDER,122,122,blk.18.attn_v.weight,18,Layer,attn_v.weight,2097152,972315872,974413024
GGUF_SOURCE_ORDER,123,123,blk.19.attn_norm.weight,19,Layer,attn_norm.weight,4096,974413024,974417120
GGUF_SOURCE_ORDER,124,124,blk.19.ffn_down.weight,19,Layer,ffn_down.weight,6291456,974417120,980708576
GGUF_SOURCE_ORDER,125,125,blk.19.ffn_gate.weight,19,Layer,ffn_gate.weight,6291456,980708576,987000032
GGUF_SOURCE_ORDER,126,126,blk.19.ffn_up.weight,19,Layer,ffn_up.weight,6291456,987000032,993291488
GGUF_SOURCE_ORDER,127,127,blk.19.ffn_norm.weight,19,Layer,ffn_norm.weight,4096,993291488,993295584
GGUF_SOURCE_ORDER,128,128,blk.19.attn_k_norm.weight,19,Layer,attn_k_norm.weight,512,993295584,993296096
GGUF_SOURCE_ORDER,129,129,blk.19.attn_k.weight,19,Layer,attn_k.weight,2097152,993296096,995393248
GGUF_SOURCE_ORDER,130,130,blk.19.attn_output.weight,19,Layer,attn_output.weight,4194304,995393248,999587552
GGUF_SOURCE_ORDER,131,131,blk.19.attn_q_norm.weight,19,Layer,attn_q_norm.weight,512,999587552,999588064
GGUF_SOURCE_ORDER,132,132,blk.19.attn_q.weight,19,Layer,attn_q.weight,4194304,999588064,1003782368
GGUF_SOURCE_ORDER,133,133,blk.19.attn_v.weight,19,Layer,attn_v.weight,2097152,1003782368,1005879520
GGUF_SOURCE_ORDER,134,134,blk.2.attn_norm.weight,2,Layer,attn_norm.weight,4096,1005879520,1005883616
GGUF_SOURCE_ORDER,135,135,blk.2.ffn_down.weight,2,Layer,ffn_down.weight,6291456,1005883616,1012175072
GGUF_SOURCE_ORDER,136,136,blk.2.ffn_gate.weight,2,Layer,ffn_gate.weight,6291456,1012175072,1018466528
GGUF_SOURCE_ORDER,137,137,blk.2.ffn_up.weight,2,Layer,ffn_up.weight,6291456,1018466528,1024757984
GGUF_SOURCE_ORDER,138,138,blk.2.ffn_norm.weight,2,Layer,ffn_norm.weight,4096,1024757984,1024762080
GGUF_SOURCE_ORDER,139,139,blk.2.attn_k_norm.weight,2,Layer,attn_k_norm.weight,512,1024762080,1024762592
GGUF_SOURCE_ORDER,140,140,blk.2.attn_k.weight,2,Layer,attn_k.weight,2097152,1024762592,1026859744
GGUF_SOURCE_ORDER,141,141,blk.2.attn_output.weight,2,Layer,attn_output.weight,4194304,1026859744,1031054048
GGUF_SOURCE_ORDER,142,142,blk.2.attn_q_norm.weight,2,Layer,attn_q_norm.weight,512,1031054048,1031054560
GGUF_SOURCE_ORDER,143,143,blk.2.attn_q.weight,2,Layer,attn_q.weight,4194304,1031054560,1035248864
GGUF_SOURCE_ORDER,144,144,blk.2.attn_v.weight,2,Layer,attn_v.weight,2097152,1035248864,1037346016
GGUF_SOURCE_ORDER,145,145,blk.20.attn_norm.weight,20,Layer,attn_norm.weight,4096,1037346016,1037350112
GGUF_SOURCE_ORDER,146,146,blk.20.ffn_down.weight,20,Layer,ffn_down.weight,6291456,1037350112,1043641568
GGUF_SOURCE_ORDER,147,147,blk.20.ffn_gate.weight,20,Layer,ffn_gate.weight,6291456,1043641568,1049933024
GGUF_SOURCE_ORDER,148,148,blk.20.ffn_up.weight,20,Layer,ffn_up.weight,6291456,1049933024,1056224480
GGUF_SOURCE_ORDER,149,149,blk.20.ffn_norm.weight,20,Layer,ffn_norm.weight,4096,1056224480,1056228576
GGUF_SOURCE_ORDER,150,150,blk.20.attn_k_norm.weight,20,Layer,attn_k_norm.weight,512,1056228576,1056229088
GGUF_SOURCE_ORDER,151,151,blk.20.attn_k.weight,20,Layer,attn_k.weight,2097152,1056229088,1058326240
GGUF_SOURCE_ORDER,152,152,blk.20.attn_output.weight,20,Layer,attn_output.weight,4194304,1058326240,1062520544
GGUF_SOURCE_ORDER,153,153,blk.20.attn_q_norm.weight,20,Layer,attn_q_norm.weight,512,1062520544,1062521056
GGUF_SOURCE_ORDER,154,154,blk.20.attn_q.weight,20,Layer,attn_q.weight,4194304,1062521056,1066715360
GGUF_SOURCE_ORDER,155,155,blk.20.attn_v.weight,20,Layer,attn_v.weight,2097152,1066715360,1068812512
GGUF_SOURCE_ORDER,156,156,blk.21.attn_norm.weight,21,Layer,attn_norm.weight,4096,1068812512,1068816608
GGUF_SOURCE_ORDER,157,157,blk.21.ffn_down.weight,21,Layer,ffn_down.weight,6291456,1068816608,1075108064
GGUF_SOURCE_ORDER,158,158,blk.21.ffn_gate.weight,21,Layer,ffn_gate.weight,6291456,1075108064,1081399520
GGUF_SOURCE_ORDER,159,159,blk.21.ffn_up.weight,21,Layer,ffn_up.weight,6291456,1081399520,1087690976
GGUF_SOURCE_ORDER,160,160,blk.21.ffn_norm.weight,21,Layer,ffn_norm.weight,4096,1087690976,1087695072
GGUF_SOURCE_ORDER,161,161,blk.21.attn_k_norm.weight,21,Layer,attn_k_norm.weight,512,1087695072,1087695584
GGUF_SOURCE_ORDER,162,162,blk.21.attn_k.weight,21,Layer,attn_k.weight,2097152,1087695584,1089792736
GGUF_SOURCE_ORDER,163,163,blk.21.attn_output.weight,21,Layer,attn_output.weight,4194304,1089792736,1093987040
GGUF_SOURCE_ORDER,164,164,blk.21.attn_q_norm.weight,21,Layer,attn_q_norm.weight,512,1093987040,1093987552
GGUF_SOURCE_ORDER,165,165,blk.21.attn_q.weight,21,Layer,attn_q.weight,4194304,1093987552,1098181856
GGUF_SOURCE_ORDER,166,166,blk.21.attn_v.weight,21,Layer,attn_v.weight,2097152,1098181856,1100279008
GGUF_SOURCE_ORDER,167,167,blk.22.attn_norm.weight,22,Layer,attn_norm.weight,4096,1100279008,1100283104
GGUF_SOURCE_ORDER,168,168,blk.22.ffn_down.weight,22,Layer,ffn_down.weight,6291456,1100283104,1106574560
GGUF_SOURCE_ORDER,169,169,blk.22.ffn_gate.weight,22,Layer,ffn_gate.weight,6291456,1106574560,1112866016
GGUF_SOURCE_ORDER,170,170,blk.22.ffn_up.weight,22,Layer,ffn_up.weight,6291456,1112866016,1119157472
GGUF_SOURCE_ORDER,171,171,blk.22.ffn_norm.weight,22,Layer,ffn_norm.weight,4096,1119157472,1119161568
GGUF_SOURCE_ORDER,172,172,blk.22.attn_k_norm.weight,22,Layer,attn_k_norm.weight,512,1119161568,1119162080
GGUF_SOURCE_ORDER,173,173,blk.22.attn_k.weight,22,Layer,attn_k.weight,2097152,1119162080,1121259232
GGUF_SOURCE_ORDER,174,174,blk.22.attn_output.weight,22,Layer,attn_output.weight,4194304,1121259232,1125453536
GGUF_SOURCE_ORDER,175,175,blk.22.attn_q_norm.weight,22,Layer,attn_q_norm.weight,512,1125453536,1125454048
GGUF_SOURCE_ORDER,176,176,blk.22.attn_q.weight,22,Layer,attn_q.weight,4194304,1125454048,1129648352
GGUF_SOURCE_ORDER,177,177,blk.22.attn_v.weight,22,Layer,attn_v.weight,2097152,1129648352,1131745504
GGUF_SOURCE_ORDER,178,178,blk.23.attn_norm.weight,23,Layer,attn_norm.weight,4096,1131745504,1131749600
GGUF_SOURCE_ORDER,179,179,blk.23.ffn_down.weight,23,Layer,ffn_down.weight,6291456,1131749600,1138041056
GGUF_SOURCE_ORDER,180,180,blk.23.ffn_gate.weight,23,Layer,ffn_gate.weight,6291456,1138041056,1144332512
GGUF_SOURCE_ORDER,181,181,blk.23.ffn_up.weight,23,Layer,ffn_up.weight,6291456,1144332512,1150623968
GGUF_SOURCE_ORDER,182,182,blk.23.ffn_norm.weight,23,Layer,ffn_norm.weight,4096,1150623968,1150628064
GGUF_SOURCE_ORDER,183,183,blk.23.attn_k_norm.weight,23,Layer,attn_k_norm.weight,512,1150628064,1150628576
GGUF_SOURCE_ORDER,184,184,blk.23.attn_k.weight,23,Layer,attn_k.weight,2097152,1150628576,1152725728
GGUF_SOURCE_ORDER,185,185,blk.23.attn_output.weight,23,Layer,attn_output.weight,4194304,1152725728,1156920032
GGUF_SOURCE_ORDER,186,186,blk.23.attn_q_norm.weight,23,Layer,attn_q_norm.weight,512,1156920032,1156920544
GGUF_SOURCE_ORDER,187,187,blk.23.attn_q.weight,23,Layer,attn_q.weight,4194304,1156920544,1161114848
GGUF_SOURCE_ORDER,188,188,blk.23.attn_v.weight,23,Layer,attn_v.weight,2097152,1161114848,1163212000
GGUF_SOURCE_ORDER,189,189,blk.24.attn_norm.weight,24,Layer,attn_norm.weight,4096,1163212000,1163216096
GGUF_SOURCE_ORDER,190,190,blk.24.ffn_down.weight,24,Layer,ffn_down.weight,6291456,1163216096,1169507552
GGUF_SOURCE_ORDER,191,191,blk.24.ffn_gate.weight,24,Layer,ffn_gate.weight,6291456,1169507552,1175799008
GGUF_SOURCE_ORDER,192,192,blk.24.ffn_up.weight,24,Layer,ffn_up.weight,6291456,1175799008,1182090464
GGUF_SOURCE_ORDER,193,193,blk.24.ffn_norm.weight,24,Layer,ffn_norm.weight,4096,1182090464,1182094560
GGUF_SOURCE_ORDER,194,194,blk.24.attn_k_norm.weight,24,Layer,attn_k_norm.weight,512,1182094560,1182095072
GGUF_SOURCE_ORDER,195,195,blk.24.attn_k.weight,24,Layer,attn_k.weight,2097152,1182095072,1184192224
GGUF_SOURCE_ORDER,196,196,blk.24.attn_output.weight,24,Layer,attn_output.weight,4194304,1184192224,1188386528
GGUF_SOURCE_ORDER,197,197,blk.24.attn_q_norm.weight,24,Layer,attn_q_norm.weight,512,1188386528,1188387040
GGUF_SOURCE_ORDER,198,198,blk.24.attn_q.weight,24,Layer,attn_q.weight,4194304,1188387040,1192581344
GGUF_SOURCE_ORDER,199,199,blk.24.attn_v.weight,24,Layer,attn_v.weight,2097152,1192581344,1194678496
GGUF_SOURCE_ORDER,200,200,blk.25.attn_norm.weight,25,Layer,attn_norm.weight,4096,1194678496,1194682592
GGUF_SOURCE_ORDER,201,201,blk.25.ffn_down.weight,25,Layer,ffn_down.weight,6291456,1194682592,1200974048
GGUF_SOURCE_ORDER,202,202,blk.25.ffn_gate.weight,25,Layer,ffn_gate.weight,6291456,1200974048,1207265504
GGUF_SOURCE_ORDER,203,203,blk.25.ffn_up.weight,25,Layer,ffn_up.weight,6291456,1207265504,1213556960
GGUF_SOURCE_ORDER,204,204,blk.25.ffn_norm.weight,25,Layer,ffn_norm.weight,4096,1213556960,1213561056
GGUF_SOURCE_ORDER,205,205,blk.25.attn_k_norm.weight,25,Layer,attn_k_norm.weight,512,1213561056,1213561568
GGUF_SOURCE_ORDER,206,206,blk.25.attn_k.weight,25,Layer,attn_k.weight,2097152,1213561568,1215658720
GGUF_SOURCE_ORDER,207,207,blk.25.attn_output.weight,25,Layer,attn_output.weight,4194304,1215658720,1219853024
GGUF_SOURCE_ORDER,208,208,blk.25.attn_q_norm.weight,25,Layer,attn_q_norm.weight,512,1219853024,1219853536
GGUF_SOURCE_ORDER,209,209,blk.25.attn_q.weight,25,Layer,attn_q.weight,4194304,1219853536,1224047840
GGUF_SOURCE_ORDER,210,210,blk.25.attn_v.weight,25,Layer,attn_v.weight,2097152,1224047840,1226144992
GGUF_SOURCE_ORDER,211,211,blk.26.attn_norm.weight,26,Layer,attn_norm.weight,4096,1226144992,1226149088
GGUF_SOURCE_ORDER,212,212,blk.26.ffn_down.weight,26,Layer,ffn_down.weight,6291456,1226149088,1232440544
GGUF_SOURCE_ORDER,213,213,blk.26.ffn_gate.weight,26,Layer,ffn_gate.weight,6291456,1232440544,1238732000
GGUF_SOURCE_ORDER,214,214,blk.26.ffn_up.weight,26,Layer,ffn_up.weight,6291456,1238732000,1245023456
GGUF_SOURCE_ORDER,215,215,blk.26.ffn_norm.weight,26,Layer,ffn_norm.weight,4096,1245023456,1245027552
GGUF_SOURCE_ORDER,216,216,blk.26.attn_k_norm.weight,26,Layer,attn_k_norm.weight,512,1245027552,1245028064
GGUF_SOURCE_ORDER,217,217,blk.26.attn_k.weight,26,Layer,attn_k.weight,2097152,1245028064,1247125216
GGUF_SOURCE_ORDER,218,218,blk.26.attn_output.weight,26,Layer,attn_output.weight,4194304,1247125216,1251319520
GGUF_SOURCE_ORDER,219,219,blk.26.attn_q_norm.weight,26,Layer,attn_q_norm.weight,512,1251319520,1251320032
GGUF_SOURCE_ORDER,220,220,blk.26.attn_q.weight,26,Layer,attn_q.weight,4194304,1251320032,1255514336
GGUF_SOURCE_ORDER,221,221,blk.26.attn_v.weight,26,Layer,attn_v.weight,2097152,1255514336,1257611488
GGUF_SOURCE_ORDER,222,222,blk.27.attn_norm.weight,27,Layer,attn_norm.weight,4096,1257611488,1257615584
GGUF_SOURCE_ORDER,223,223,blk.27.ffn_down.weight,27,Layer,ffn_down.weight,6291456,1257615584,1263907040
GGUF_SOURCE_ORDER,224,224,blk.27.ffn_gate.weight,27,Layer,ffn_gate.weight,6291456,1263907040,1270198496
GGUF_SOURCE_ORDER,225,225,blk.27.ffn_up.weight,27,Layer,ffn_up.weight,6291456,1270198496,1276489952
GGUF_SOURCE_ORDER,226,226,blk.27.ffn_norm.weight,27,Layer,ffn_norm.weight,4096,1276489952,1276494048
GGUF_SOURCE_ORDER,227,227,blk.27.attn_k_norm.weight,27,Layer,attn_k_norm.weight,512,1276494048,1276494560
GGUF_SOURCE_ORDER,228,228,blk.27.attn_k.weight,27,Layer,attn_k.weight,2097152,1276494560,1278591712
GGUF_SOURCE_ORDER,229,229,blk.27.attn_output.weight,27,Layer,attn_output.weight,4194304,1278591712,1282786016
GGUF_SOURCE_ORDER,230,230,blk.27.attn_q_norm.weight,27,Layer,attn_q_norm.weight,512,1282786016,1282786528
GGUF_SOURCE_ORDER,231,231,blk.27.attn_q.weight,27,Layer,attn_q.weight,4194304,1282786528,1286980832
GGUF_SOURCE_ORDER,232,232,blk.27.attn_v.weight,27,Layer,attn_v.weight,2097152,1286980832,1289077984
GGUF_SOURCE_ORDER,233,233,blk.3.attn_norm.weight,3,Layer,attn_norm.weight,4096,1289077984,1289082080
GGUF_SOURCE_ORDER,234,234,blk.3.ffn_down.weight,3,Layer,ffn_down.weight,6291456,1289082080,1295373536
GGUF_SOURCE_ORDER,235,235,blk.3.ffn_gate.weight,3,Layer,ffn_gate.weight,6291456,1295373536,1301664992
GGUF_SOURCE_ORDER,236,236,blk.3.ffn_up.weight,3,Layer,ffn_up.weight,6291456,1301664992,1307956448
GGUF_SOURCE_ORDER,237,237,blk.3.ffn_norm.weight,3,Layer,ffn_norm.weight,4096,1307956448,1307960544
GGUF_SOURCE_ORDER,238,238,blk.3.attn_k_norm.weight,3,Layer,attn_k_norm.weight,512,1307960544,1307961056
GGUF_SOURCE_ORDER,239,239,blk.3.attn_k.weight,3,Layer,attn_k.weight,2097152,1307961056,1310058208
GGUF_SOURCE_ORDER,240,240,blk.3.attn_output.weight,3,Layer,attn_output.weight,4194304,1310058208,1314252512
GGUF_SOURCE_ORDER,241,241,blk.3.attn_q_norm.weight,3,Layer,attn_q_norm.weight,512,1314252512,1314253024
GGUF_SOURCE_ORDER,242,242,blk.3.attn_q.weight,3,Layer,attn_q.weight,4194304,1314253024,1318447328
GGUF_SOURCE_ORDER,243,243,blk.3.attn_v.weight,3,Layer,attn_v.weight,2097152,1318447328,1320544480
GGUF_SOURCE_ORDER,244,244,blk.4.attn_norm.weight,4,Layer,attn_norm.weight,4096,1320544480,1320548576
GGUF_SOURCE_ORDER,245,245,blk.4.ffn_down.weight,4,Layer,ffn_down.weight,6291456,1320548576,1326840032
GGUF_SOURCE_ORDER,246,246,blk.4.ffn_gate.weight,4,Layer,ffn_gate.weight,6291456,1326840032,1333131488
GGUF_SOURCE_ORDER,247,247,blk.4.ffn_up.weight,4,Layer,ffn_up.weight,6291456,1333131488,1339422944
GGUF_SOURCE_ORDER,248,248,blk.4.ffn_norm.weight,4,Layer,ffn_norm.weight,4096,1339422944,1339427040
GGUF_SOURCE_ORDER,249,249,blk.4.attn_k_norm.weight,4,Layer,attn_k_norm.weight,512,1339427040,1339427552
GGUF_SOURCE_ORDER,250,250,blk.4.attn_k.weight,4,Layer,attn_k.weight,2097152,1339427552,1341524704
GGUF_SOURCE_ORDER,251,251,blk.4.attn_output.weight,4,Layer,attn_output.weight,4194304,1341524704,1345719008
GGUF_SOURCE_ORDER,252,252,blk.4.attn_q_norm.weight,4,Layer,attn_q_norm.weight,512,1345719008,1345719520
GGUF_SOURCE_ORDER,253,253,blk.4.attn_q.weight,4,Layer,attn_q.weight,4194304,1345719520,1349913824
GGUF_SOURCE_ORDER,254,254,blk.4.attn_v.weight,4,Layer,attn_v.weight,2097152,1349913824,1352010976
GGUF_SOURCE_ORDER,255,255,blk.5.attn_norm.weight,5,Layer,attn_norm.weight,4096,1352010976,1352015072
GGUF_SOURCE_ORDER,256,256,blk.5.ffn_down.weight,5,Layer,ffn_down.weight,6291456,1352015072,1358306528
GGUF_SOURCE_ORDER,257,257,blk.5.ffn_gate.weight,5,Layer,ffn_gate.weight,6291456,1358306528,1364597984
GGUF_SOURCE_ORDER,258,258,blk.5.ffn_up.weight,5,Layer,ffn_up.weight,6291456,1364597984,1370889440
GGUF_SOURCE_ORDER,259,259,blk.5.ffn_norm.weight,5,Layer,ffn_norm.weight,4096,1370889440,1370893536
GGUF_SOURCE_ORDER,260,260,blk.5.attn_k_norm.weight,5,Layer,attn_k_norm.weight,512,1370893536,1370894048
GGUF_SOURCE_ORDER,261,261,blk.5.attn_k.weight,5,Layer,attn_k.weight,2097152,1370894048,1372991200
GGUF_SOURCE_ORDER,262,262,blk.5.attn_output.weight,5,Layer,attn_output.weight,4194304,1372991200,1377185504
GGUF_SOURCE_ORDER,263,263,blk.5.attn_q_norm.weight,5,Layer,attn_q_norm.weight,512,1377185504,1377186016
GGUF_SOURCE_ORDER,264,264,blk.5.attn_q.weight,5,Layer,attn_q.weight,4194304,1377186016,1381380320
GGUF_SOURCE_ORDER,265,265,blk.5.attn_v.weight,5,Layer,attn_v.weight,2097152,1381380320,1383477472
GGUF_SOURCE_ORDER,266,266,blk.6.attn_norm.weight,6,Layer,attn_norm.weight,4096,1383477472,1383481568
GGUF_SOURCE_ORDER,267,267,blk.6.ffn_down.weight,6,Layer,ffn_down.weight,6291456,1383481568,1389773024
GGUF_SOURCE_ORDER,268,268,blk.6.ffn_gate.weight,6,Layer,ffn_gate.weight,6291456,1389773024,1396064480
GGUF_SOURCE_ORDER,269,269,blk.6.ffn_up.weight,6,Layer,ffn_up.weight,6291456,1396064480,1402355936
GGUF_SOURCE_ORDER,270,270,blk.6.ffn_norm.weight,6,Layer,ffn_norm.weight,4096,1402355936,1402360032
GGUF_SOURCE_ORDER,271,271,blk.6.attn_k_norm.weight,6,Layer,attn_k_norm.weight,512,1402360032,1402360544
GGUF_SOURCE_ORDER,272,272,blk.6.attn_k.weight,6,Layer,attn_k.weight,2097152,1402360544,1404457696
GGUF_SOURCE_ORDER,273,273,blk.6.attn_output.weight,6,Layer,attn_output.weight,4194304,1404457696,1408652000
GGUF_SOURCE_ORDER,274,274,blk.6.attn_q_norm.weight,6,Layer,attn_q_norm.weight,512,1408652000,1408652512
GGUF_SOURCE_ORDER,275,275,blk.6.attn_q.weight,6,Layer,attn_q.weight,4194304,1408652512,1412846816
GGUF_SOURCE_ORDER,276,276,blk.6.attn_v.weight,6,Layer,attn_v.weight,2097152,1412846816,1414943968
GGUF_SOURCE_ORDER,277,277,blk.7.attn_norm.weight,7,Layer,attn_norm.weight,4096,1414943968,1414948064
GGUF_SOURCE_ORDER,278,278,blk.7.ffn_down.weight,7,Layer,ffn_down.weight,6291456,1414948064,1421239520
GGUF_SOURCE_ORDER,279,279,blk.7.ffn_gate.weight,7,Layer,ffn_gate.weight,6291456,1421239520,1427530976
GGUF_SOURCE_ORDER,280,280,blk.7.ffn_up.weight,7,Layer,ffn_up.weight,6291456,1427530976,1433822432
GGUF_SOURCE_ORDER,281,281,blk.7.ffn_norm.weight,7,Layer,ffn_norm.weight,4096,1433822432,1433826528
GGUF_SOURCE_ORDER,282,282,blk.7.attn_k_norm.weight,7,Layer,attn_k_norm.weight,512,1433826528,1433827040
GGUF_SOURCE_ORDER,283,283,blk.7.attn_k.weight,7,Layer,attn_k.weight,2097152,1433827040,1435924192
GGUF_SOURCE_ORDER,284,284,blk.7.attn_output.weight,7,Layer,attn_output.weight,4194304,1435924192,1440118496
GGUF_SOURCE_ORDER,285,285,blk.7.attn_q_norm.weight,7,Layer,attn_q_norm.weight,512,1440118496,1440119008
GGUF_SOURCE_ORDER,286,286,blk.7.attn_q.weight,7,Layer,attn_q.weight,4194304,1440119008,1444313312
GGUF_SOURCE_ORDER,287,287,blk.7.attn_v.weight,7,Layer,attn_v.weight,2097152,1444313312,1446410464
GGUF_SOURCE_ORDER,288,288,blk.8.attn_norm.weight,8,Layer,attn_norm.weight,4096,1446410464,1446414560
GGUF_SOURCE_ORDER,289,289,blk.8.ffn_down.weight,8,Layer,ffn_down.weight,6291456,1446414560,1452706016
GGUF_SOURCE_ORDER,290,290,blk.8.ffn_gate.weight,8,Layer,ffn_gate.weight,6291456,1452706016,1458997472
GGUF_SOURCE_ORDER,291,291,blk.8.ffn_up.weight,8,Layer,ffn_up.weight,6291456,1458997472,1465288928
GGUF_SOURCE_ORDER,292,292,blk.8.ffn_norm.weight,8,Layer,ffn_norm.weight,4096,1465288928,1465293024
GGUF_SOURCE_ORDER,293,293,blk.8.attn_k_norm.weight,8,Layer,attn_k_norm.weight,512,1465293024,1465293536
GGUF_SOURCE_ORDER,294,294,blk.8.attn_k.weight,8,Layer,attn_k.weight,2097152,1465293536,1467390688
GGUF_SOURCE_ORDER,295,295,blk.8.attn_output.weight,8,Layer,attn_output.weight,4194304,1467390688,1471584992
GGUF_SOURCE_ORDER,296,296,blk.8.attn_q_norm.weight,8,Layer,attn_q_norm.weight,512,1471584992,1471585504
GGUF_SOURCE_ORDER,297,297,blk.8.attn_q.weight,8,Layer,attn_q.weight,4194304,1471585504,1475779808
GGUF_SOURCE_ORDER,298,298,blk.8.attn_v.weight,8,Layer,attn_v.weight,2097152,1475779808,1477876960
GGUF_SOURCE_ORDER,299,299,blk.9.attn_norm.weight,9,Layer,attn_norm.weight,4096,1477876960,1477881056
GGUF_SOURCE_ORDER,300,300,blk.9.ffn_down.weight,9,Layer,ffn_down.weight,6291456,1477881056,1484172512
GGUF_SOURCE_ORDER,301,301,blk.9.ffn_gate.weight,9,Layer,ffn_gate.weight,6291456,1484172512,1490463968
GGUF_SOURCE_ORDER,302,302,blk.9.ffn_up.weight,9,Layer,ffn_up.weight,6291456,1490463968,1496755424
GGUF_SOURCE_ORDER,303,303,blk.9.ffn_norm.weight,9,Layer,ffn_norm.weight,4096,1496755424,1496759520
GGUF_SOURCE_ORDER,304,304,blk.9.attn_k_norm.weight,9,Layer,attn_k_norm.weight,512,1496759520,1496760032
GGUF_SOURCE_ORDER,305,305,blk.9.attn_k.weight,9,Layer,attn_k.weight,2097152,1496760032,1498857184
GGUF_SOURCE_ORDER,306,306,blk.9.attn_output.weight,9,Layer,attn_output.weight,4194304,1498857184,1503051488
GGUF_SOURCE_ORDER,307,307,blk.9.attn_q_norm.weight,9,Layer,attn_q_norm.weight,512,1503051488,1503052000
GGUF_SOURCE_ORDER,308,308,blk.9.attn_q.weight,9,Layer,attn_q.weight,4194304,1503052000,1507246304
GGUF_SOURCE_ORDER,309,309,blk.9.attn_v.weight,9,Layer,attn_v.weight,2097152,1507246304,1509343456
GGUF_SOURCE_ORDER,310,310,output_norm.weight,,GlobalPost,FinalNorm,4096,1509343456,1509347552
NAME_ORDER,0,8,blk.0.attn_k.weight,0,Layer,attn_k.weight,2097152,5951712,8048864
NAME_ORDER,1,7,blk.0.attn_k_norm.weight,0,Layer,attn_k_norm.weight,512,8048864,8049376
NAME_ORDER,2,2,blk.0.attn_norm.weight,0,Layer,attn_norm.weight,4096,8049376,8053472
NAME_ORDER,3,9,blk.0.attn_output.weight,0,Layer,attn_output.weight,4194304,8053472,12247776
NAME_ORDER,4,11,blk.0.attn_q.weight,0,Layer,attn_q.weight,4194304,12247776,16442080
NAME_ORDER,5,10,blk.0.attn_q_norm.weight,0,Layer,attn_q_norm.weight,512,16442080,16442592
NAME_ORDER,6,12,blk.0.attn_v.weight,0,Layer,attn_v.weight,2097152,16442592,18539744
NAME_ORDER,7,3,blk.0.ffn_down.weight,0,Layer,ffn_down.weight,6291456,18539744,24831200
NAME_ORDER,8,4,blk.0.ffn_gate.weight,0,Layer,ffn_gate.weight,6291456,24831200,31122656
NAME_ORDER,9,6,blk.0.ffn_norm.weight,0,Layer,ffn_norm.weight,4096,31122656,31126752
NAME_ORDER,10,5,blk.0.ffn_up.weight,0,Layer,ffn_up.weight,6291456,31126752,37418208
NAME_ORDER,11,19,blk.1.attn_k.weight,1,Layer,attn_k.weight,2097152,37418208,39515360
NAME_ORDER,12,18,blk.1.attn_k_norm.weight,1,Layer,attn_k_norm.weight,512,39515360,39515872
NAME_ORDER,13,13,blk.1.attn_norm.weight,1,Layer,attn_norm.weight,4096,39515872,39519968
NAME_ORDER,14,20,blk.1.attn_output.weight,1,Layer,attn_output.weight,4194304,39519968,43714272
NAME_ORDER,15,22,blk.1.attn_q.weight,1,Layer,attn_q.weight,4194304,43714272,47908576
NAME_ORDER,16,21,blk.1.attn_q_norm.weight,1,Layer,attn_q_norm.weight,512,47908576,47909088
NAME_ORDER,17,23,blk.1.attn_v.weight,1,Layer,attn_v.weight,2097152,47909088,50006240
NAME_ORDER,18,14,blk.1.ffn_down.weight,1,Layer,ffn_down.weight,6291456,50006240,56297696
NAME_ORDER,19,15,blk.1.ffn_gate.weight,1,Layer,ffn_gate.weight,6291456,56297696,62589152
NAME_ORDER,20,17,blk.1.ffn_norm.weight,1,Layer,ffn_norm.weight,4096,62589152,62593248
NAME_ORDER,21,16,blk.1.ffn_up.weight,1,Layer,ffn_up.weight,6291456,62593248,68884704
NAME_ORDER,22,30,blk.10.attn_k.weight,10,Layer,attn_k.weight,2097152,68884704,70981856
NAME_ORDER,23,29,blk.10.attn_k_norm.weight,10,Layer,attn_k_norm.weight,512,70981856,70982368
NAME_ORDER,24,24,blk.10.attn_norm.weight,10,Layer,attn_norm.weight,4096,70982368,70986464
NAME_ORDER,25,31,blk.10.attn_output.weight,10,Layer,attn_output.weight,4194304,70986464,75180768
NAME_ORDER,26,33,blk.10.attn_q.weight,10,Layer,attn_q.weight,4194304,75180768,79375072
NAME_ORDER,27,32,blk.10.attn_q_norm.weight,10,Layer,attn_q_norm.weight,512,79375072,79375584
NAME_ORDER,28,34,blk.10.attn_v.weight,10,Layer,attn_v.weight,2097152,79375584,81472736
NAME_ORDER,29,25,blk.10.ffn_down.weight,10,Layer,ffn_down.weight,6291456,81472736,87764192
NAME_ORDER,30,26,blk.10.ffn_gate.weight,10,Layer,ffn_gate.weight,6291456,87764192,94055648
NAME_ORDER,31,28,blk.10.ffn_norm.weight,10,Layer,ffn_norm.weight,4096,94055648,94059744
NAME_ORDER,32,27,blk.10.ffn_up.weight,10,Layer,ffn_up.weight,6291456,94059744,100351200
NAME_ORDER,33,41,blk.11.attn_k.weight,11,Layer,attn_k.weight,2097152,100351200,102448352
NAME_ORDER,34,40,blk.11.attn_k_norm.weight,11,Layer,attn_k_norm.weight,512,102448352,102448864
NAME_ORDER,35,35,blk.11.attn_norm.weight,11,Layer,attn_norm.weight,4096,102448864,102452960
NAME_ORDER,36,42,blk.11.attn_output.weight,11,Layer,attn_output.weight,4194304,102452960,106647264
NAME_ORDER,37,44,blk.11.attn_q.weight,11,Layer,attn_q.weight,4194304,106647264,110841568
NAME_ORDER,38,43,blk.11.attn_q_norm.weight,11,Layer,attn_q_norm.weight,512,110841568,110842080
NAME_ORDER,39,45,blk.11.attn_v.weight,11,Layer,attn_v.weight,2097152,110842080,112939232
NAME_ORDER,40,36,blk.11.ffn_down.weight,11,Layer,ffn_down.weight,6291456,112939232,119230688
NAME_ORDER,41,37,blk.11.ffn_gate.weight,11,Layer,ffn_gate.weight,6291456,119230688,125522144
NAME_ORDER,42,39,blk.11.ffn_norm.weight,11,Layer,ffn_norm.weight,4096,125522144,125526240
NAME_ORDER,43,38,blk.11.ffn_up.weight,11,Layer,ffn_up.weight,6291456,125526240,131817696
NAME_ORDER,44,52,blk.12.attn_k.weight,12,Layer,attn_k.weight,2097152,131817696,133914848
NAME_ORDER,45,51,blk.12.attn_k_norm.weight,12,Layer,attn_k_norm.weight,512,133914848,133915360
NAME_ORDER,46,46,blk.12.attn_norm.weight,12,Layer,attn_norm.weight,4096,133915360,133919456
NAME_ORDER,47,53,blk.12.attn_output.weight,12,Layer,attn_output.weight,4194304,133919456,138113760
NAME_ORDER,48,55,blk.12.attn_q.weight,12,Layer,attn_q.weight,4194304,138113760,142308064
NAME_ORDER,49,54,blk.12.attn_q_norm.weight,12,Layer,attn_q_norm.weight,512,142308064,142308576
NAME_ORDER,50,56,blk.12.attn_v.weight,12,Layer,attn_v.weight,2097152,142308576,144405728
NAME_ORDER,51,47,blk.12.ffn_down.weight,12,Layer,ffn_down.weight,6291456,144405728,150697184
NAME_ORDER,52,48,blk.12.ffn_gate.weight,12,Layer,ffn_gate.weight,6291456,150697184,156988640
NAME_ORDER,53,50,blk.12.ffn_norm.weight,12,Layer,ffn_norm.weight,4096,156988640,156992736
NAME_ORDER,54,49,blk.12.ffn_up.weight,12,Layer,ffn_up.weight,6291456,156992736,163284192
NAME_ORDER,55,63,blk.13.attn_k.weight,13,Layer,attn_k.weight,2097152,163284192,165381344
NAME_ORDER,56,62,blk.13.attn_k_norm.weight,13,Layer,attn_k_norm.weight,512,165381344,165381856
NAME_ORDER,57,57,blk.13.attn_norm.weight,13,Layer,attn_norm.weight,4096,165381856,165385952
NAME_ORDER,58,64,blk.13.attn_output.weight,13,Layer,attn_output.weight,4194304,165385952,169580256
NAME_ORDER,59,66,blk.13.attn_q.weight,13,Layer,attn_q.weight,4194304,169580256,173774560
NAME_ORDER,60,65,blk.13.attn_q_norm.weight,13,Layer,attn_q_norm.weight,512,173774560,173775072
NAME_ORDER,61,67,blk.13.attn_v.weight,13,Layer,attn_v.weight,2097152,173775072,175872224
NAME_ORDER,62,58,blk.13.ffn_down.weight,13,Layer,ffn_down.weight,6291456,175872224,182163680
NAME_ORDER,63,59,blk.13.ffn_gate.weight,13,Layer,ffn_gate.weight,6291456,182163680,188455136
NAME_ORDER,64,61,blk.13.ffn_norm.weight,13,Layer,ffn_norm.weight,4096,188455136,188459232
NAME_ORDER,65,60,blk.13.ffn_up.weight,13,Layer,ffn_up.weight,6291456,188459232,194750688
NAME_ORDER,66,74,blk.14.attn_k.weight,14,Layer,attn_k.weight,2097152,194750688,196847840
NAME_ORDER,67,73,blk.14.attn_k_norm.weight,14,Layer,attn_k_norm.weight,512,196847840,196848352
NAME_ORDER,68,68,blk.14.attn_norm.weight,14,Layer,attn_norm.weight,4096,196848352,196852448
NAME_ORDER,69,75,blk.14.attn_output.weight,14,Layer,attn_output.weight,4194304,196852448,201046752
NAME_ORDER,70,77,blk.14.attn_q.weight,14,Layer,attn_q.weight,4194304,201046752,205241056
NAME_ORDER,71,76,blk.14.attn_q_norm.weight,14,Layer,attn_q_norm.weight,512,205241056,205241568
NAME_ORDER,72,78,blk.14.attn_v.weight,14,Layer,attn_v.weight,2097152,205241568,207338720
NAME_ORDER,73,69,blk.14.ffn_down.weight,14,Layer,ffn_down.weight,6291456,207338720,213630176
NAME_ORDER,74,70,blk.14.ffn_gate.weight,14,Layer,ffn_gate.weight,6291456,213630176,219921632
NAME_ORDER,75,72,blk.14.ffn_norm.weight,14,Layer,ffn_norm.weight,4096,219921632,219925728
NAME_ORDER,76,71,blk.14.ffn_up.weight,14,Layer,ffn_up.weight,6291456,219925728,226217184
NAME_ORDER,77,85,blk.15.attn_k.weight,15,Layer,attn_k.weight,2097152,226217184,228314336
NAME_ORDER,78,84,blk.15.attn_k_norm.weight,15,Layer,attn_k_norm.weight,512,228314336,228314848
NAME_ORDER,79,79,blk.15.attn_norm.weight,15,Layer,attn_norm.weight,4096,228314848,228318944
NAME_ORDER,80,86,blk.15.attn_output.weight,15,Layer,attn_output.weight,4194304,228318944,232513248
NAME_ORDER,81,88,blk.15.attn_q.weight,15,Layer,attn_q.weight,4194304,232513248,236707552
NAME_ORDER,82,87,blk.15.attn_q_norm.weight,15,Layer,attn_q_norm.weight,512,236707552,236708064
NAME_ORDER,83,89,blk.15.attn_v.weight,15,Layer,attn_v.weight,2097152,236708064,238805216
NAME_ORDER,84,80,blk.15.ffn_down.weight,15,Layer,ffn_down.weight,6291456,238805216,245096672
NAME_ORDER,85,81,blk.15.ffn_gate.weight,15,Layer,ffn_gate.weight,6291456,245096672,251388128
NAME_ORDER,86,83,blk.15.ffn_norm.weight,15,Layer,ffn_norm.weight,4096,251388128,251392224
NAME_ORDER,87,82,blk.15.ffn_up.weight,15,Layer,ffn_up.weight,6291456,251392224,257683680
NAME_ORDER,88,96,blk.16.attn_k.weight,16,Layer,attn_k.weight,2097152,257683680,259780832
NAME_ORDER,89,95,blk.16.attn_k_norm.weight,16,Layer,attn_k_norm.weight,512,259780832,259781344
NAME_ORDER,90,90,blk.16.attn_norm.weight,16,Layer,attn_norm.weight,4096,259781344,259785440
NAME_ORDER,91,97,blk.16.attn_output.weight,16,Layer,attn_output.weight,4194304,259785440,263979744
NAME_ORDER,92,99,blk.16.attn_q.weight,16,Layer,attn_q.weight,4194304,263979744,268174048
NAME_ORDER,93,98,blk.16.attn_q_norm.weight,16,Layer,attn_q_norm.weight,512,268174048,268174560
NAME_ORDER,94,100,blk.16.attn_v.weight,16,Layer,attn_v.weight,2097152,268174560,270271712
NAME_ORDER,95,91,blk.16.ffn_down.weight,16,Layer,ffn_down.weight,6291456,270271712,276563168
NAME_ORDER,96,92,blk.16.ffn_gate.weight,16,Layer,ffn_gate.weight,6291456,276563168,282854624
NAME_ORDER,97,94,blk.16.ffn_norm.weight,16,Layer,ffn_norm.weight,4096,282854624,282858720
NAME_ORDER,98,93,blk.16.ffn_up.weight,16,Layer,ffn_up.weight,6291456,282858720,289150176
NAME_ORDER,99,107,blk.17.attn_k.weight,17,Layer,attn_k.weight,2097152,289150176,291247328
NAME_ORDER,100,106,blk.17.attn_k_norm.weight,17,Layer,attn_k_norm.weight,512,291247328,291247840
NAME_ORDER,101,101,blk.17.attn_norm.weight,17,Layer,attn_norm.weight,4096,291247840,291251936
NAME_ORDER,102,108,blk.17.attn_output.weight,17,Layer,attn_output.weight,4194304,291251936,295446240
NAME_ORDER,103,110,blk.17.attn_q.weight,17,Layer,attn_q.weight,4194304,295446240,299640544
NAME_ORDER,104,109,blk.17.attn_q_norm.weight,17,Layer,attn_q_norm.weight,512,299640544,299641056
NAME_ORDER,105,111,blk.17.attn_v.weight,17,Layer,attn_v.weight,2097152,299641056,301738208
NAME_ORDER,106,102,blk.17.ffn_down.weight,17,Layer,ffn_down.weight,6291456,301738208,308029664
NAME_ORDER,107,103,blk.17.ffn_gate.weight,17,Layer,ffn_gate.weight,6291456,308029664,314321120
NAME_ORDER,108,105,blk.17.ffn_norm.weight,17,Layer,ffn_norm.weight,4096,314321120,314325216
NAME_ORDER,109,104,blk.17.ffn_up.weight,17,Layer,ffn_up.weight,6291456,314325216,320616672
NAME_ORDER,110,118,blk.18.attn_k.weight,18,Layer,attn_k.weight,2097152,320616672,322713824
NAME_ORDER,111,117,blk.18.attn_k_norm.weight,18,Layer,attn_k_norm.weight,512,322713824,322714336
NAME_ORDER,112,112,blk.18.attn_norm.weight,18,Layer,attn_norm.weight,4096,322714336,322718432
NAME_ORDER,113,119,blk.18.attn_output.weight,18,Layer,attn_output.weight,4194304,322718432,326912736
NAME_ORDER,114,121,blk.18.attn_q.weight,18,Layer,attn_q.weight,4194304,326912736,331107040
NAME_ORDER,115,120,blk.18.attn_q_norm.weight,18,Layer,attn_q_norm.weight,512,331107040,331107552
NAME_ORDER,116,122,blk.18.attn_v.weight,18,Layer,attn_v.weight,2097152,331107552,333204704
NAME_ORDER,117,113,blk.18.ffn_down.weight,18,Layer,ffn_down.weight,6291456,333204704,339496160
NAME_ORDER,118,114,blk.18.ffn_gate.weight,18,Layer,ffn_gate.weight,6291456,339496160,345787616
NAME_ORDER,119,116,blk.18.ffn_norm.weight,18,Layer,ffn_norm.weight,4096,345787616,345791712
NAME_ORDER,120,115,blk.18.ffn_up.weight,18,Layer,ffn_up.weight,6291456,345791712,352083168
NAME_ORDER,121,129,blk.19.attn_k.weight,19,Layer,attn_k.weight,2097152,352083168,354180320
NAME_ORDER,122,128,blk.19.attn_k_norm.weight,19,Layer,attn_k_norm.weight,512,354180320,354180832
NAME_ORDER,123,123,blk.19.attn_norm.weight,19,Layer,attn_norm.weight,4096,354180832,354184928
NAME_ORDER,124,130,blk.19.attn_output.weight,19,Layer,attn_output.weight,4194304,354184928,358379232
NAME_ORDER,125,132,blk.19.attn_q.weight,19,Layer,attn_q.weight,4194304,358379232,362573536
NAME_ORDER,126,131,blk.19.attn_q_norm.weight,19,Layer,attn_q_norm.weight,512,362573536,362574048
NAME_ORDER,127,133,blk.19.attn_v.weight,19,Layer,attn_v.weight,2097152,362574048,364671200
NAME_ORDER,128,124,blk.19.ffn_down.weight,19,Layer,ffn_down.weight,6291456,364671200,370962656
NAME_ORDER,129,125,blk.19.ffn_gate.weight,19,Layer,ffn_gate.weight,6291456,370962656,377254112
NAME_ORDER,130,127,blk.19.ffn_norm.weight,19,Layer,ffn_norm.weight,4096,377254112,377258208
NAME_ORDER,131,126,blk.19.ffn_up.weight,19,Layer,ffn_up.weight,6291456,377258208,383549664
NAME_ORDER,132,140,blk.2.attn_k.weight,2,Layer,attn_k.weight,2097152,383549664,385646816
NAME_ORDER,133,139,blk.2.attn_k_norm.weight,2,Layer,attn_k_norm.weight,512,385646816,385647328
NAME_ORDER,134,134,blk.2.attn_norm.weight,2,Layer,attn_norm.weight,4096,385647328,385651424
NAME_ORDER,135,141,blk.2.attn_output.weight,2,Layer,attn_output.weight,4194304,385651424,389845728
NAME_ORDER,136,143,blk.2.attn_q.weight,2,Layer,attn_q.weight,4194304,389845728,394040032
NAME_ORDER,137,142,blk.2.attn_q_norm.weight,2,Layer,attn_q_norm.weight,512,394040032,394040544
NAME_ORDER,138,144,blk.2.attn_v.weight,2,Layer,attn_v.weight,2097152,394040544,396137696
NAME_ORDER,139,135,blk.2.ffn_down.weight,2,Layer,ffn_down.weight,6291456,396137696,402429152
NAME_ORDER,140,136,blk.2.ffn_gate.weight,2,Layer,ffn_gate.weight,6291456,402429152,408720608
NAME_ORDER,141,138,blk.2.ffn_norm.weight,2,Layer,ffn_norm.weight,4096,408720608,408724704
NAME_ORDER,142,137,blk.2.ffn_up.weight,2,Layer,ffn_up.weight,6291456,408724704,415016160
NAME_ORDER,143,151,blk.20.attn_k.weight,20,Layer,attn_k.weight,2097152,415016160,417113312
NAME_ORDER,144,150,blk.20.attn_k_norm.weight,20,Layer,attn_k_norm.weight,512,417113312,417113824
NAME_ORDER,145,145,blk.20.attn_norm.weight,20,Layer,attn_norm.weight,4096,417113824,417117920
NAME_ORDER,146,152,blk.20.attn_output.weight,20,Layer,attn_output.weight,4194304,417117920,421312224
NAME_ORDER,147,154,blk.20.attn_q.weight,20,Layer,attn_q.weight,4194304,421312224,425506528
NAME_ORDER,148,153,blk.20.attn_q_norm.weight,20,Layer,attn_q_norm.weight,512,425506528,425507040
NAME_ORDER,149,155,blk.20.attn_v.weight,20,Layer,attn_v.weight,2097152,425507040,427604192
NAME_ORDER,150,146,blk.20.ffn_down.weight,20,Layer,ffn_down.weight,6291456,427604192,433895648
NAME_ORDER,151,147,blk.20.ffn_gate.weight,20,Layer,ffn_gate.weight,6291456,433895648,440187104
NAME_ORDER,152,149,blk.20.ffn_norm.weight,20,Layer,ffn_norm.weight,4096,440187104,440191200
NAME_ORDER,153,148,blk.20.ffn_up.weight,20,Layer,ffn_up.weight,6291456,440191200,446482656
NAME_ORDER,154,162,blk.21.attn_k.weight,21,Layer,attn_k.weight,2097152,446482656,448579808
NAME_ORDER,155,161,blk.21.attn_k_norm.weight,21,Layer,attn_k_norm.weight,512,448579808,448580320
NAME_ORDER,156,156,blk.21.attn_norm.weight,21,Layer,attn_norm.weight,4096,448580320,448584416
NAME_ORDER,157,163,blk.21.attn_output.weight,21,Layer,attn_output.weight,4194304,448584416,452778720
NAME_ORDER,158,165,blk.21.attn_q.weight,21,Layer,attn_q.weight,4194304,452778720,456973024
NAME_ORDER,159,164,blk.21.attn_q_norm.weight,21,Layer,attn_q_norm.weight,512,456973024,456973536
NAME_ORDER,160,166,blk.21.attn_v.weight,21,Layer,attn_v.weight,2097152,456973536,459070688
NAME_ORDER,161,157,blk.21.ffn_down.weight,21,Layer,ffn_down.weight,6291456,459070688,465362144
NAME_ORDER,162,158,blk.21.ffn_gate.weight,21,Layer,ffn_gate.weight,6291456,465362144,471653600
NAME_ORDER,163,160,blk.21.ffn_norm.weight,21,Layer,ffn_norm.weight,4096,471653600,471657696
NAME_ORDER,164,159,blk.21.ffn_up.weight,21,Layer,ffn_up.weight,6291456,471657696,477949152
NAME_ORDER,165,173,blk.22.attn_k.weight,22,Layer,attn_k.weight,2097152,477949152,480046304
NAME_ORDER,166,172,blk.22.attn_k_norm.weight,22,Layer,attn_k_norm.weight,512,480046304,480046816
NAME_ORDER,167,167,blk.22.attn_norm.weight,22,Layer,attn_norm.weight,4096,480046816,480050912
NAME_ORDER,168,174,blk.22.attn_output.weight,22,Layer,attn_output.weight,4194304,480050912,484245216
NAME_ORDER,169,176,blk.22.attn_q.weight,22,Layer,attn_q.weight,4194304,484245216,488439520
NAME_ORDER,170,175,blk.22.attn_q_norm.weight,22,Layer,attn_q_norm.weight,512,488439520,488440032
NAME_ORDER,171,177,blk.22.attn_v.weight,22,Layer,attn_v.weight,2097152,488440032,490537184
NAME_ORDER,172,168,blk.22.ffn_down.weight,22,Layer,ffn_down.weight,6291456,490537184,496828640
NAME_ORDER,173,169,blk.22.ffn_gate.weight,22,Layer,ffn_gate.weight,6291456,496828640,503120096
NAME_ORDER,174,171,blk.22.ffn_norm.weight,22,Layer,ffn_norm.weight,4096,503120096,503124192
NAME_ORDER,175,170,blk.22.ffn_up.weight,22,Layer,ffn_up.weight,6291456,503124192,509415648
NAME_ORDER,176,184,blk.23.attn_k.weight,23,Layer,attn_k.weight,2097152,509415648,511512800
NAME_ORDER,177,183,blk.23.attn_k_norm.weight,23,Layer,attn_k_norm.weight,512,511512800,511513312
NAME_ORDER,178,178,blk.23.attn_norm.weight,23,Layer,attn_norm.weight,4096,511513312,511517408
NAME_ORDER,179,185,blk.23.attn_output.weight,23,Layer,attn_output.weight,4194304,511517408,515711712
NAME_ORDER,180,187,blk.23.attn_q.weight,23,Layer,attn_q.weight,4194304,515711712,519906016
NAME_ORDER,181,186,blk.23.attn_q_norm.weight,23,Layer,attn_q_norm.weight,512,519906016,519906528
NAME_ORDER,182,188,blk.23.attn_v.weight,23,Layer,attn_v.weight,2097152,519906528,522003680
NAME_ORDER,183,179,blk.23.ffn_down.weight,23,Layer,ffn_down.weight,6291456,522003680,528295136
NAME_ORDER,184,180,blk.23.ffn_gate.weight,23,Layer,ffn_gate.weight,6291456,528295136,534586592
NAME_ORDER,185,182,blk.23.ffn_norm.weight,23,Layer,ffn_norm.weight,4096,534586592,534590688
NAME_ORDER,186,181,blk.23.ffn_up.weight,23,Layer,ffn_up.weight,6291456,534590688,540882144
NAME_ORDER,187,195,blk.24.attn_k.weight,24,Layer,attn_k.weight,2097152,540882144,542979296
NAME_ORDER,188,194,blk.24.attn_k_norm.weight,24,Layer,attn_k_norm.weight,512,542979296,542979808
NAME_ORDER,189,189,blk.24.attn_norm.weight,24,Layer,attn_norm.weight,4096,542979808,542983904
NAME_ORDER,190,196,blk.24.attn_output.weight,24,Layer,attn_output.weight,4194304,542983904,547178208
NAME_ORDER,191,198,blk.24.attn_q.weight,24,Layer,attn_q.weight,4194304,547178208,551372512
NAME_ORDER,192,197,blk.24.attn_q_norm.weight,24,Layer,attn_q_norm.weight,512,551372512,551373024
NAME_ORDER,193,199,blk.24.attn_v.weight,24,Layer,attn_v.weight,2097152,551373024,553470176
NAME_ORDER,194,190,blk.24.ffn_down.weight,24,Layer,ffn_down.weight,6291456,553470176,559761632
NAME_ORDER,195,191,blk.24.ffn_gate.weight,24,Layer,ffn_gate.weight,6291456,559761632,566053088
NAME_ORDER,196,193,blk.24.ffn_norm.weight,24,Layer,ffn_norm.weight,4096,566053088,566057184
NAME_ORDER,197,192,blk.24.ffn_up.weight,24,Layer,ffn_up.weight,6291456,566057184,572348640
NAME_ORDER,198,206,blk.25.attn_k.weight,25,Layer,attn_k.weight,2097152,572348640,574445792
NAME_ORDER,199,205,blk.25.attn_k_norm.weight,25,Layer,attn_k_norm.weight,512,574445792,574446304
NAME_ORDER,200,200,blk.25.attn_norm.weight,25,Layer,attn_norm.weight,4096,574446304,574450400
NAME_ORDER,201,207,blk.25.attn_output.weight,25,Layer,attn_output.weight,4194304,574450400,578644704
NAME_ORDER,202,209,blk.25.attn_q.weight,25,Layer,attn_q.weight,4194304,578644704,582839008
NAME_ORDER,203,208,blk.25.attn_q_norm.weight,25,Layer,attn_q_norm.weight,512,582839008,582839520
NAME_ORDER,204,210,blk.25.attn_v.weight,25,Layer,attn_v.weight,2097152,582839520,584936672
NAME_ORDER,205,201,blk.25.ffn_down.weight,25,Layer,ffn_down.weight,6291456,584936672,591228128
NAME_ORDER,206,202,blk.25.ffn_gate.weight,25,Layer,ffn_gate.weight,6291456,591228128,597519584
NAME_ORDER,207,204,blk.25.ffn_norm.weight,25,Layer,ffn_norm.weight,4096,597519584,597523680
NAME_ORDER,208,203,blk.25.ffn_up.weight,25,Layer,ffn_up.weight,6291456,597523680,603815136
NAME_ORDER,209,217,blk.26.attn_k.weight,26,Layer,attn_k.weight,2097152,603815136,605912288
NAME_ORDER,210,216,blk.26.attn_k_norm.weight,26,Layer,attn_k_norm.weight,512,605912288,605912800
NAME_ORDER,211,211,blk.26.attn_norm.weight,26,Layer,attn_norm.weight,4096,605912800,605916896
NAME_ORDER,212,218,blk.26.attn_output.weight,26,Layer,attn_output.weight,4194304,605916896,610111200
NAME_ORDER,213,220,blk.26.attn_q.weight,26,Layer,attn_q.weight,4194304,610111200,614305504
NAME_ORDER,214,219,blk.26.attn_q_norm.weight,26,Layer,attn_q_norm.weight,512,614305504,614306016
NAME_ORDER,215,221,blk.26.attn_v.weight,26,Layer,attn_v.weight,2097152,614306016,616403168
NAME_ORDER,216,212,blk.26.ffn_down.weight,26,Layer,ffn_down.weight,6291456,616403168,622694624
NAME_ORDER,217,213,blk.26.ffn_gate.weight,26,Layer,ffn_gate.weight,6291456,622694624,628986080
NAME_ORDER,218,215,blk.26.ffn_norm.weight,26,Layer,ffn_norm.weight,4096,628986080,628990176
NAME_ORDER,219,214,blk.26.ffn_up.weight,26,Layer,ffn_up.weight,6291456,628990176,635281632
NAME_ORDER,220,228,blk.27.attn_k.weight,27,Layer,attn_k.weight,2097152,635281632,637378784
NAME_ORDER,221,227,blk.27.attn_k_norm.weight,27,Layer,attn_k_norm.weight,512,637378784,637379296
NAME_ORDER,222,222,blk.27.attn_norm.weight,27,Layer,attn_norm.weight,4096,637379296,637383392
NAME_ORDER,223,229,blk.27.attn_output.weight,27,Layer,attn_output.weight,4194304,637383392,641577696
NAME_ORDER,224,231,blk.27.attn_q.weight,27,Layer,attn_q.weight,4194304,641577696,645772000
NAME_ORDER,225,230,blk.27.attn_q_norm.weight,27,Layer,attn_q_norm.weight,512,645772000,645772512
NAME_ORDER,226,232,blk.27.attn_v.weight,27,Layer,attn_v.weight,2097152,645772512,647869664
NAME_ORDER,227,223,blk.27.ffn_down.weight,27,Layer,ffn_down.weight,6291456,647869664,654161120
NAME_ORDER,228,224,blk.27.ffn_gate.weight,27,Layer,ffn_gate.weight,6291456,654161120,660452576
NAME_ORDER,229,226,blk.27.ffn_norm.weight,27,Layer,ffn_norm.weight,4096,660452576,660456672
NAME_ORDER,230,225,blk.27.ffn_up.weight,27,Layer,ffn_up.weight,6291456,660456672,666748128
NAME_ORDER,231,239,blk.3.attn_k.weight,3,Layer,attn_k.weight,2097152,666748128,668845280
NAME_ORDER,232,238,blk.3.attn_k_norm.weight,3,Layer,attn_k_norm.weight,512,668845280,668845792
NAME_ORDER,233,233,blk.3.attn_norm.weight,3,Layer,attn_norm.weight,4096,668845792,668849888
NAME_ORDER,234,240,blk.3.attn_output.weight,3,Layer,attn_output.weight,4194304,668849888,673044192
NAME_ORDER,235,242,blk.3.attn_q.weight,3,Layer,attn_q.weight,4194304,673044192,677238496
NAME_ORDER,236,241,blk.3.attn_q_norm.weight,3,Layer,attn_q_norm.weight,512,677238496,677239008
NAME_ORDER,237,243,blk.3.attn_v.weight,3,Layer,attn_v.weight,2097152,677239008,679336160
NAME_ORDER,238,234,blk.3.ffn_down.weight,3,Layer,ffn_down.weight,6291456,679336160,685627616
NAME_ORDER,239,235,blk.3.ffn_gate.weight,3,Layer,ffn_gate.weight,6291456,685627616,691919072
NAME_ORDER,240,237,blk.3.ffn_norm.weight,3,Layer,ffn_norm.weight,4096,691919072,691923168
NAME_ORDER,241,236,blk.3.ffn_up.weight,3,Layer,ffn_up.weight,6291456,691923168,698214624
NAME_ORDER,242,250,blk.4.attn_k.weight,4,Layer,attn_k.weight,2097152,698214624,700311776
NAME_ORDER,243,249,blk.4.attn_k_norm.weight,4,Layer,attn_k_norm.weight,512,700311776,700312288
NAME_ORDER,244,244,blk.4.attn_norm.weight,4,Layer,attn_norm.weight,4096,700312288,700316384
NAME_ORDER,245,251,blk.4.attn_output.weight,4,Layer,attn_output.weight,4194304,700316384,704510688
NAME_ORDER,246,253,blk.4.attn_q.weight,4,Layer,attn_q.weight,4194304,704510688,708704992
NAME_ORDER,247,252,blk.4.attn_q_norm.weight,4,Layer,attn_q_norm.weight,512,708704992,708705504
NAME_ORDER,248,254,blk.4.attn_v.weight,4,Layer,attn_v.weight,2097152,708705504,710802656
NAME_ORDER,249,245,blk.4.ffn_down.weight,4,Layer,ffn_down.weight,6291456,710802656,717094112
NAME_ORDER,250,246,blk.4.ffn_gate.weight,4,Layer,ffn_gate.weight,6291456,717094112,723385568
NAME_ORDER,251,248,blk.4.ffn_norm.weight,4,Layer,ffn_norm.weight,4096,723385568,723389664
NAME_ORDER,252,247,blk.4.ffn_up.weight,4,Layer,ffn_up.weight,6291456,723389664,729681120
NAME_ORDER,253,261,blk.5.attn_k.weight,5,Layer,attn_k.weight,2097152,729681120,731778272
NAME_ORDER,254,260,blk.5.attn_k_norm.weight,5,Layer,attn_k_norm.weight,512,731778272,731778784
NAME_ORDER,255,255,blk.5.attn_norm.weight,5,Layer,attn_norm.weight,4096,731778784,731782880
NAME_ORDER,256,262,blk.5.attn_output.weight,5,Layer,attn_output.weight,4194304,731782880,735977184
NAME_ORDER,257,264,blk.5.attn_q.weight,5,Layer,attn_q.weight,4194304,735977184,740171488
NAME_ORDER,258,263,blk.5.attn_q_norm.weight,5,Layer,attn_q_norm.weight,512,740171488,740172000
NAME_ORDER,259,265,blk.5.attn_v.weight,5,Layer,attn_v.weight,2097152,740172000,742269152
NAME_ORDER,260,256,blk.5.ffn_down.weight,5,Layer,ffn_down.weight,6291456,742269152,748560608
NAME_ORDER,261,257,blk.5.ffn_gate.weight,5,Layer,ffn_gate.weight,6291456,748560608,754852064
NAME_ORDER,262,259,blk.5.ffn_norm.weight,5,Layer,ffn_norm.weight,4096,754852064,754856160
NAME_ORDER,263,258,blk.5.ffn_up.weight,5,Layer,ffn_up.weight,6291456,754856160,761147616
NAME_ORDER,264,272,blk.6.attn_k.weight,6,Layer,attn_k.weight,2097152,761147616,763244768
NAME_ORDER,265,271,blk.6.attn_k_norm.weight,6,Layer,attn_k_norm.weight,512,763244768,763245280
NAME_ORDER,266,266,blk.6.attn_norm.weight,6,Layer,attn_norm.weight,4096,763245280,763249376
NAME_ORDER,267,273,blk.6.attn_output.weight,6,Layer,attn_output.weight,4194304,763249376,767443680
NAME_ORDER,268,275,blk.6.attn_q.weight,6,Layer,attn_q.weight,4194304,767443680,771637984
NAME_ORDER,269,274,blk.6.attn_q_norm.weight,6,Layer,attn_q_norm.weight,512,771637984,771638496
NAME_ORDER,270,276,blk.6.attn_v.weight,6,Layer,attn_v.weight,2097152,771638496,773735648
NAME_ORDER,271,267,blk.6.ffn_down.weight,6,Layer,ffn_down.weight,6291456,773735648,780027104
NAME_ORDER,272,268,blk.6.ffn_gate.weight,6,Layer,ffn_gate.weight,6291456,780027104,786318560
NAME_ORDER,273,270,blk.6.ffn_norm.weight,6,Layer,ffn_norm.weight,4096,786318560,786322656
NAME_ORDER,274,269,blk.6.ffn_up.weight,6,Layer,ffn_up.weight,6291456,786322656,792614112
NAME_ORDER,275,283,blk.7.attn_k.weight,7,Layer,attn_k.weight,2097152,792614112,794711264
NAME_ORDER,276,282,blk.7.attn_k_norm.weight,7,Layer,attn_k_norm.weight,512,794711264,794711776
NAME_ORDER,277,277,blk.7.attn_norm.weight,7,Layer,attn_norm.weight,4096,794711776,794715872
NAME_ORDER,278,284,blk.7.attn_output.weight,7,Layer,attn_output.weight,4194304,794715872,798910176
NAME_ORDER,279,286,blk.7.attn_q.weight,7,Layer,attn_q.weight,4194304,798910176,803104480
NAME_ORDER,280,285,blk.7.attn_q_norm.weight,7,Layer,attn_q_norm.weight,512,803104480,803104992
NAME_ORDER,281,287,blk.7.attn_v.weight,7,Layer,attn_v.weight,2097152,803104992,805202144
NAME_ORDER,282,278,blk.7.ffn_down.weight,7,Layer,ffn_down.weight,6291456,805202144,811493600
NAME_ORDER,283,279,blk.7.ffn_gate.weight,7,Layer,ffn_gate.weight,6291456,811493600,817785056
NAME_ORDER,284,281,blk.7.ffn_norm.weight,7,Layer,ffn_norm.weight,4096,817785056,817789152
NAME_ORDER,285,280,blk.7.ffn_up.weight,7,Layer,ffn_up.weight,6291456,817789152,824080608
NAME_ORDER,286,294,blk.8.attn_k.weight,8,Layer,attn_k.weight,2097152,824080608,826177760
NAME_ORDER,287,293,blk.8.attn_k_norm.weight,8,Layer,attn_k_norm.weight,512,826177760,826178272
NAME_ORDER,288,288,blk.8.attn_norm.weight,8,Layer,attn_norm.weight,4096,826178272,826182368
NAME_ORDER,289,295,blk.8.attn_output.weight,8,Layer,attn_output.weight,4194304,826182368,830376672
NAME_ORDER,290,297,blk.8.attn_q.weight,8,Layer,attn_q.weight,4194304,830376672,834570976
NAME_ORDER,291,296,blk.8.attn_q_norm.weight,8,Layer,attn_q_norm.weight,512,834570976,834571488
NAME_ORDER,292,298,blk.8.attn_v.weight,8,Layer,attn_v.weight,2097152,834571488,836668640
NAME_ORDER,293,289,blk.8.ffn_down.weight,8,Layer,ffn_down.weight,6291456,836668640,842960096
NAME_ORDER,294,290,blk.8.ffn_gate.weight,8,Layer,ffn_gate.weight,6291456,842960096,849251552
NAME_ORDER,295,292,blk.8.ffn_norm.weight,8,Layer,ffn_norm.weight,4096,849251552,849255648
NAME_ORDER,296,291,blk.8.ffn_up.weight,8,Layer,ffn_up.weight,6291456,849255648,855547104
NAME_ORDER,297,305,blk.9.attn_k.weight,9,Layer,attn_k.weight,2097152,855547104,857644256
NAME_ORDER,298,304,blk.9.attn_k_norm.weight,9,Layer,attn_k_norm.weight,512,857644256,857644768
NAME_ORDER,299,299,blk.9.attn_norm.weight,9,Layer,attn_norm.weight,4096,857644768,857648864
NAME_ORDER,300,306,blk.9.attn_output.weight,9,Layer,attn_output.weight,4194304,857648864,861843168
NAME_ORDER,301,308,blk.9.attn_q.weight,9,Layer,attn_q.weight,4194304,861843168,866037472
NAME_ORDER,302,307,blk.9.attn_q_norm.weight,9,Layer,attn_q_norm.weight,512,866037472,866037984
NAME_ORDER,303,309,blk.9.attn_v.weight,9,Layer,attn_v.weight,2097152,866037984,868135136
NAME_ORDER,304,300,blk.9.ffn_down.weight,9,Layer,ffn_down.weight,6291456,868135136,874426592
NAME_ORDER,305,301,blk.9.ffn_gate.weight,9,Layer,ffn_gate.weight,6291456,874426592,880718048
NAME_ORDER,306,303,blk.9.ffn_norm.weight,9,Layer,ffn_norm.weight,4096,880718048,880722144
NAME_ORDER,307,302,blk.9.ffn_up.weight,9,Layer,ffn_up.weight,6291456,880722144,887013600
NAME_ORDER,308,0,output.weight,,GlobalPost,OutputProjection,311164928,887013600,1198178528
NAME_ORDER,309,310,output_norm.weight,,GlobalPost,FinalNorm,4096,1198178528,1198182624
NAME_ORDER,310,1,token_embd.weight,,GlobalPre,TokenEmbedding,311164928,1198182624,1509347552
LAYER_MAJOR,0,1,token_embd.weight,,GlobalPre,TokenEmbedding,311164928,5951712,317116640
LAYER_MAJOR,1,8,blk.0.attn_k.weight,0,Layer,attn_k.weight,2097152,317116640,319213792
LAYER_MAJOR,2,7,blk.0.attn_k_norm.weight,0,Layer,attn_k_norm.weight,512,319213792,319214304
LAYER_MAJOR,3,2,blk.0.attn_norm.weight,0,Layer,attn_norm.weight,4096,319214304,319218400
LAYER_MAJOR,4,9,blk.0.attn_output.weight,0,Layer,attn_output.weight,4194304,319218400,323412704
LAYER_MAJOR,5,11,blk.0.attn_q.weight,0,Layer,attn_q.weight,4194304,323412704,327607008
LAYER_MAJOR,6,10,blk.0.attn_q_norm.weight,0,Layer,attn_q_norm.weight,512,327607008,327607520
LAYER_MAJOR,7,12,blk.0.attn_v.weight,0,Layer,attn_v.weight,2097152,327607520,329704672
LAYER_MAJOR,8,3,blk.0.ffn_down.weight,0,Layer,ffn_down.weight,6291456,329704672,335996128
LAYER_MAJOR,9,4,blk.0.ffn_gate.weight,0,Layer,ffn_gate.weight,6291456,335996128,342287584
LAYER_MAJOR,10,6,blk.0.ffn_norm.weight,0,Layer,ffn_norm.weight,4096,342287584,342291680
LAYER_MAJOR,11,5,blk.0.ffn_up.weight,0,Layer,ffn_up.weight,6291456,342291680,348583136
LAYER_MAJOR,12,19,blk.1.attn_k.weight,1,Layer,attn_k.weight,2097152,348583136,350680288
LAYER_MAJOR,13,18,blk.1.attn_k_norm.weight,1,Layer,attn_k_norm.weight,512,350680288,350680800
LAYER_MAJOR,14,13,blk.1.attn_norm.weight,1,Layer,attn_norm.weight,4096,350680800,350684896
LAYER_MAJOR,15,20,blk.1.attn_output.weight,1,Layer,attn_output.weight,4194304,350684896,354879200
LAYER_MAJOR,16,22,blk.1.attn_q.weight,1,Layer,attn_q.weight,4194304,354879200,359073504
LAYER_MAJOR,17,21,blk.1.attn_q_norm.weight,1,Layer,attn_q_norm.weight,512,359073504,359074016
LAYER_MAJOR,18,23,blk.1.attn_v.weight,1,Layer,attn_v.weight,2097152,359074016,361171168
LAYER_MAJOR,19,14,blk.1.ffn_down.weight,1,Layer,ffn_down.weight,6291456,361171168,367462624
LAYER_MAJOR,20,15,blk.1.ffn_gate.weight,1,Layer,ffn_gate.weight,6291456,367462624,373754080
LAYER_MAJOR,21,17,blk.1.ffn_norm.weight,1,Layer,ffn_norm.weight,4096,373754080,373758176
LAYER_MAJOR,22,16,blk.1.ffn_up.weight,1,Layer,ffn_up.weight,6291456,373758176,380049632
LAYER_MAJOR,23,140,blk.2.attn_k.weight,2,Layer,attn_k.weight,2097152,380049632,382146784
LAYER_MAJOR,24,139,blk.2.attn_k_norm.weight,2,Layer,attn_k_norm.weight,512,382146784,382147296
LAYER_MAJOR,25,134,blk.2.attn_norm.weight,2,Layer,attn_norm.weight,4096,382147296,382151392
LAYER_MAJOR,26,141,blk.2.attn_output.weight,2,Layer,attn_output.weight,4194304,382151392,386345696
LAYER_MAJOR,27,143,blk.2.attn_q.weight,2,Layer,attn_q.weight,4194304,386345696,390540000
LAYER_MAJOR,28,142,blk.2.attn_q_norm.weight,2,Layer,attn_q_norm.weight,512,390540000,390540512
LAYER_MAJOR,29,144,blk.2.attn_v.weight,2,Layer,attn_v.weight,2097152,390540512,392637664
LAYER_MAJOR,30,135,blk.2.ffn_down.weight,2,Layer,ffn_down.weight,6291456,392637664,398929120
LAYER_MAJOR,31,136,blk.2.ffn_gate.weight,2,Layer,ffn_gate.weight,6291456,398929120,405220576
LAYER_MAJOR,32,138,blk.2.ffn_norm.weight,2,Layer,ffn_norm.weight,4096,405220576,405224672
LAYER_MAJOR,33,137,blk.2.ffn_up.weight,2,Layer,ffn_up.weight,6291456,405224672,411516128
LAYER_MAJOR,34,239,blk.3.attn_k.weight,3,Layer,attn_k.weight,2097152,411516128,413613280
LAYER_MAJOR,35,238,blk.3.attn_k_norm.weight,3,Layer,attn_k_norm.weight,512,413613280,413613792
LAYER_MAJOR,36,233,blk.3.attn_norm.weight,3,Layer,attn_norm.weight,4096,413613792,413617888
LAYER_MAJOR,37,240,blk.3.attn_output.weight,3,Layer,attn_output.weight,4194304,413617888,417812192
LAYER_MAJOR,38,242,blk.3.attn_q.weight,3,Layer,attn_q.weight,4194304,417812192,422006496
LAYER_MAJOR,39,241,blk.3.attn_q_norm.weight,3,Layer,attn_q_norm.weight,512,422006496,422007008
LAYER_MAJOR,40,243,blk.3.attn_v.weight,3,Layer,attn_v.weight,2097152,422007008,424104160
LAYER_MAJOR,41,234,blk.3.ffn_down.weight,3,Layer,ffn_down.weight,6291456,424104160,430395616
LAYER_MAJOR,42,235,blk.3.ffn_gate.weight,3,Layer,ffn_gate.weight,6291456,430395616,436687072
LAYER_MAJOR,43,237,blk.3.ffn_norm.weight,3,Layer,ffn_norm.weight,4096,436687072,436691168
LAYER_MAJOR,44,236,blk.3.ffn_up.weight,3,Layer,ffn_up.weight,6291456,436691168,442982624
LAYER_MAJOR,45,250,blk.4.attn_k.weight,4,Layer,attn_k.weight,2097152,442982624,445079776
LAYER_MAJOR,46,249,blk.4.attn_k_norm.weight,4,Layer,attn_k_norm.weight,512,445079776,445080288
LAYER_MAJOR,47,244,blk.4.attn_norm.weight,4,Layer,attn_norm.weight,4096,445080288,445084384
LAYER_MAJOR,48,251,blk.4.attn_output.weight,4,Layer,attn_output.weight,4194304,445084384,449278688
LAYER_MAJOR,49,253,blk.4.attn_q.weight,4,Layer,attn_q.weight,4194304,449278688,453472992
LAYER_MAJOR,50,252,blk.4.attn_q_norm.weight,4,Layer,attn_q_norm.weight,512,453472992,453473504
LAYER_MAJOR,51,254,blk.4.attn_v.weight,4,Layer,attn_v.weight,2097152,453473504,455570656
LAYER_MAJOR,52,245,blk.4.ffn_down.weight,4,Layer,ffn_down.weight,6291456,455570656,461862112
LAYER_MAJOR,53,246,blk.4.ffn_gate.weight,4,Layer,ffn_gate.weight,6291456,461862112,468153568
LAYER_MAJOR,54,248,blk.4.ffn_norm.weight,4,Layer,ffn_norm.weight,4096,468153568,468157664
LAYER_MAJOR,55,247,blk.4.ffn_up.weight,4,Layer,ffn_up.weight,6291456,468157664,474449120
LAYER_MAJOR,56,261,blk.5.attn_k.weight,5,Layer,attn_k.weight,2097152,474449120,476546272
LAYER_MAJOR,57,260,blk.5.attn_k_norm.weight,5,Layer,attn_k_norm.weight,512,476546272,476546784
LAYER_MAJOR,58,255,blk.5.attn_norm.weight,5,Layer,attn_norm.weight,4096,476546784,476550880
LAYER_MAJOR,59,262,blk.5.attn_output.weight,5,Layer,attn_output.weight,4194304,476550880,480745184
LAYER_MAJOR,60,264,blk.5.attn_q.weight,5,Layer,attn_q.weight,4194304,480745184,484939488
LAYER_MAJOR,61,263,blk.5.attn_q_norm.weight,5,Layer,attn_q_norm.weight,512,484939488,484940000
LAYER_MAJOR,62,265,blk.5.attn_v.weight,5,Layer,attn_v.weight,2097152,484940000,487037152
LAYER_MAJOR,63,256,blk.5.ffn_down.weight,5,Layer,ffn_down.weight,6291456,487037152,493328608
LAYER_MAJOR,64,257,blk.5.ffn_gate.weight,5,Layer,ffn_gate.weight,6291456,493328608,499620064
LAYER_MAJOR,65,259,blk.5.ffn_norm.weight,5,Layer,ffn_norm.weight,4096,499620064,499624160
LAYER_MAJOR,66,258,blk.5.ffn_up.weight,5,Layer,ffn_up.weight,6291456,499624160,505915616
LAYER_MAJOR,67,272,blk.6.attn_k.weight,6,Layer,attn_k.weight,2097152,505915616,508012768
LAYER_MAJOR,68,271,blk.6.attn_k_norm.weight,6,Layer,attn_k_norm.weight,512,508012768,508013280
LAYER_MAJOR,69,266,blk.6.attn_norm.weight,6,Layer,attn_norm.weight,4096,508013280,508017376
LAYER_MAJOR,70,273,blk.6.attn_output.weight,6,Layer,attn_output.weight,4194304,508017376,512211680
LAYER_MAJOR,71,275,blk.6.attn_q.weight,6,Layer,attn_q.weight,4194304,512211680,516405984
LAYER_MAJOR,72,274,blk.6.attn_q_norm.weight,6,Layer,attn_q_norm.weight,512,516405984,516406496
LAYER_MAJOR,73,276,blk.6.attn_v.weight,6,Layer,attn_v.weight,2097152,516406496,518503648
LAYER_MAJOR,74,267,blk.6.ffn_down.weight,6,Layer,ffn_down.weight,6291456,518503648,524795104
LAYER_MAJOR,75,268,blk.6.ffn_gate.weight,6,Layer,ffn_gate.weight,6291456,524795104,531086560
LAYER_MAJOR,76,270,blk.6.ffn_norm.weight,6,Layer,ffn_norm.weight,4096,531086560,531090656
LAYER_MAJOR,77,269,blk.6.ffn_up.weight,6,Layer,ffn_up.weight,6291456,531090656,537382112
LAYER_MAJOR,78,283,blk.7.attn_k.weight,7,Layer,attn_k.weight,2097152,537382112,539479264
LAYER_MAJOR,79,282,blk.7.attn_k_norm.weight,7,Layer,attn_k_norm.weight,512,539479264,539479776
LAYER_MAJOR,80,277,blk.7.attn_norm.weight,7,Layer,attn_norm.weight,4096,539479776,539483872
LAYER_MAJOR,81,284,blk.7.attn_output.weight,7,Layer,attn_output.weight,4194304,539483872,543678176
LAYER_MAJOR,82,286,blk.7.attn_q.weight,7,Layer,attn_q.weight,4194304,543678176,547872480
LAYER_MAJOR,83,285,blk.7.attn_q_norm.weight,7,Layer,attn_q_norm.weight,512,547872480,547872992
LAYER_MAJOR,84,287,blk.7.attn_v.weight,7,Layer,attn_v.weight,2097152,547872992,549970144
LAYER_MAJOR,85,278,blk.7.ffn_down.weight,7,Layer,ffn_down.weight,6291456,549970144,556261600
LAYER_MAJOR,86,279,blk.7.ffn_gate.weight,7,Layer,ffn_gate.weight,6291456,556261600,562553056
LAYER_MAJOR,87,281,blk.7.ffn_norm.weight,7,Layer,ffn_norm.weight,4096,562553056,562557152
LAYER_MAJOR,88,280,blk.7.ffn_up.weight,7,Layer,ffn_up.weight,6291456,562557152,568848608
LAYER_MAJOR,89,294,blk.8.attn_k.weight,8,Layer,attn_k.weight,2097152,568848608,570945760
LAYER_MAJOR,90,293,blk.8.attn_k_norm.weight,8,Layer,attn_k_norm.weight,512,570945760,570946272
LAYER_MAJOR,91,288,blk.8.attn_norm.weight,8,Layer,attn_norm.weight,4096,570946272,570950368
LAYER_MAJOR,92,295,blk.8.attn_output.weight,8,Layer,attn_output.weight,4194304,570950368,575144672
LAYER_MAJOR,93,297,blk.8.attn_q.weight,8,Layer,attn_q.weight,4194304,575144672,579338976
LAYER_MAJOR,94,296,blk.8.attn_q_norm.weight,8,Layer,attn_q_norm.weight,512,579338976,579339488
LAYER_MAJOR,95,298,blk.8.attn_v.weight,8,Layer,attn_v.weight,2097152,579339488,581436640
LAYER_MAJOR,96,289,blk.8.ffn_down.weight,8,Layer,ffn_down.weight,6291456,581436640,587728096
LAYER_MAJOR,97,290,blk.8.ffn_gate.weight,8,Layer,ffn_gate.weight,6291456,587728096,594019552
LAYER_MAJOR,98,292,blk.8.ffn_norm.weight,8,Layer,ffn_norm.weight,4096,594019552,594023648
LAYER_MAJOR,99,291,blk.8.ffn_up.weight,8,Layer,ffn_up.weight,6291456,594023648,600315104
LAYER_MAJOR,100,305,blk.9.attn_k.weight,9,Layer,attn_k.weight,2097152,600315104,602412256
LAYER_MAJOR,101,304,blk.9.attn_k_norm.weight,9,Layer,attn_k_norm.weight,512,602412256,602412768
LAYER_MAJOR,102,299,blk.9.attn_norm.weight,9,Layer,attn_norm.weight,4096,602412768,602416864
LAYER_MAJOR,103,306,blk.9.attn_output.weight,9,Layer,attn_output.weight,4194304,602416864,606611168
LAYER_MAJOR,104,308,blk.9.attn_q.weight,9,Layer,attn_q.weight,4194304,606611168,610805472
LAYER_MAJOR,105,307,blk.9.attn_q_norm.weight,9,Layer,attn_q_norm.weight,512,610805472,610805984
LAYER_MAJOR,106,309,blk.9.attn_v.weight,9,Layer,attn_v.weight,2097152,610805984,612903136
LAYER_MAJOR,107,300,blk.9.ffn_down.weight,9,Layer,ffn_down.weight,6291456,612903136,619194592
LAYER_MAJOR,108,301,blk.9.ffn_gate.weight,9,Layer,ffn_gate.weight,6291456,619194592,625486048
LAYER_MAJOR,109,303,blk.9.ffn_norm.weight,9,Layer,ffn_norm.weight,4096,625486048,625490144
LAYER_MAJOR,110,302,blk.9.ffn_up.weight,9,Layer,ffn_up.weight,6291456,625490144,631781600
LAYER_MAJOR,111,30,blk.10.attn_k.weight,10,Layer,attn_k.weight,2097152,631781600,633878752
LAYER_MAJOR,112,29,blk.10.attn_k_norm.weight,10,Layer,attn_k_norm.weight,512,633878752,633879264
LAYER_MAJOR,113,24,blk.10.attn_norm.weight,10,Layer,attn_norm.weight,4096,633879264,633883360
LAYER_MAJOR,114,31,blk.10.attn_output.weight,10,Layer,attn_output.weight,4194304,633883360,638077664
LAYER_MAJOR,115,33,blk.10.attn_q.weight,10,Layer,attn_q.weight,4194304,638077664,642271968
LAYER_MAJOR,116,32,blk.10.attn_q_norm.weight,10,Layer,attn_q_norm.weight,512,642271968,642272480
LAYER_MAJOR,117,34,blk.10.attn_v.weight,10,Layer,attn_v.weight,2097152,642272480,644369632
LAYER_MAJOR,118,25,blk.10.ffn_down.weight,10,Layer,ffn_down.weight,6291456,644369632,650661088
LAYER_MAJOR,119,26,blk.10.ffn_gate.weight,10,Layer,ffn_gate.weight,6291456,650661088,656952544
LAYER_MAJOR,120,28,blk.10.ffn_norm.weight,10,Layer,ffn_norm.weight,4096,656952544,656956640
LAYER_MAJOR,121,27,blk.10.ffn_up.weight,10,Layer,ffn_up.weight,6291456,656956640,663248096
LAYER_MAJOR,122,41,blk.11.attn_k.weight,11,Layer,attn_k.weight,2097152,663248096,665345248
LAYER_MAJOR,123,40,blk.11.attn_k_norm.weight,11,Layer,attn_k_norm.weight,512,665345248,665345760
LAYER_MAJOR,124,35,blk.11.attn_norm.weight,11,Layer,attn_norm.weight,4096,665345760,665349856
LAYER_MAJOR,125,42,blk.11.attn_output.weight,11,Layer,attn_output.weight,4194304,665349856,669544160
LAYER_MAJOR,126,44,blk.11.attn_q.weight,11,Layer,attn_q.weight,4194304,669544160,673738464
LAYER_MAJOR,127,43,blk.11.attn_q_norm.weight,11,Layer,attn_q_norm.weight,512,673738464,673738976
LAYER_MAJOR,128,45,blk.11.attn_v.weight,11,Layer,attn_v.weight,2097152,673738976,675836128
LAYER_MAJOR,129,36,blk.11.ffn_down.weight,11,Layer,ffn_down.weight,6291456,675836128,682127584
LAYER_MAJOR,130,37,blk.11.ffn_gate.weight,11,Layer,ffn_gate.weight,6291456,682127584,688419040
LAYER_MAJOR,131,39,blk.11.ffn_norm.weight,11,Layer,ffn_norm.weight,4096,688419040,688423136
LAYER_MAJOR,132,38,blk.11.ffn_up.weight,11,Layer,ffn_up.weight,6291456,688423136,694714592
LAYER_MAJOR,133,52,blk.12.attn_k.weight,12,Layer,attn_k.weight,2097152,694714592,696811744
LAYER_MAJOR,134,51,blk.12.attn_k_norm.weight,12,Layer,attn_k_norm.weight,512,696811744,696812256
LAYER_MAJOR,135,46,blk.12.attn_norm.weight,12,Layer,attn_norm.weight,4096,696812256,696816352
LAYER_MAJOR,136,53,blk.12.attn_output.weight,12,Layer,attn_output.weight,4194304,696816352,701010656
LAYER_MAJOR,137,55,blk.12.attn_q.weight,12,Layer,attn_q.weight,4194304,701010656,705204960
LAYER_MAJOR,138,54,blk.12.attn_q_norm.weight,12,Layer,attn_q_norm.weight,512,705204960,705205472
LAYER_MAJOR,139,56,blk.12.attn_v.weight,12,Layer,attn_v.weight,2097152,705205472,707302624
LAYER_MAJOR,140,47,blk.12.ffn_down.weight,12,Layer,ffn_down.weight,6291456,707302624,713594080
LAYER_MAJOR,141,48,blk.12.ffn_gate.weight,12,Layer,ffn_gate.weight,6291456,713594080,719885536
LAYER_MAJOR,142,50,blk.12.ffn_norm.weight,12,Layer,ffn_norm.weight,4096,719885536,719889632
LAYER_MAJOR,143,49,blk.12.ffn_up.weight,12,Layer,ffn_up.weight,6291456,719889632,726181088
LAYER_MAJOR,144,63,blk.13.attn_k.weight,13,Layer,attn_k.weight,2097152,726181088,728278240
LAYER_MAJOR,145,62,blk.13.attn_k_norm.weight,13,Layer,attn_k_norm.weight,512,728278240,728278752
LAYER_MAJOR,146,57,blk.13.attn_norm.weight,13,Layer,attn_norm.weight,4096,728278752,728282848
LAYER_MAJOR,147,64,blk.13.attn_output.weight,13,Layer,attn_output.weight,4194304,728282848,732477152
LAYER_MAJOR,148,66,blk.13.attn_q.weight,13,Layer,attn_q.weight,4194304,732477152,736671456
LAYER_MAJOR,149,65,blk.13.attn_q_norm.weight,13,Layer,attn_q_norm.weight,512,736671456,736671968
LAYER_MAJOR,150,67,blk.13.attn_v.weight,13,Layer,attn_v.weight,2097152,736671968,738769120
LAYER_MAJOR,151,58,blk.13.ffn_down.weight,13,Layer,ffn_down.weight,6291456,738769120,745060576
LAYER_MAJOR,152,59,blk.13.ffn_gate.weight,13,Layer,ffn_gate.weight,6291456,745060576,751352032
LAYER_MAJOR,153,61,blk.13.ffn_norm.weight,13,Layer,ffn_norm.weight,4096,751352032,751356128
LAYER_MAJOR,154,60,blk.13.ffn_up.weight,13,Layer,ffn_up.weight,6291456,751356128,757647584
LAYER_MAJOR,155,74,blk.14.attn_k.weight,14,Layer,attn_k.weight,2097152,757647584,759744736
LAYER_MAJOR,156,73,blk.14.attn_k_norm.weight,14,Layer,attn_k_norm.weight,512,759744736,759745248
LAYER_MAJOR,157,68,blk.14.attn_norm.weight,14,Layer,attn_norm.weight,4096,759745248,759749344
LAYER_MAJOR,158,75,blk.14.attn_output.weight,14,Layer,attn_output.weight,4194304,759749344,763943648
LAYER_MAJOR,159,77,blk.14.attn_q.weight,14,Layer,attn_q.weight,4194304,763943648,768137952
LAYER_MAJOR,160,76,blk.14.attn_q_norm.weight,14,Layer,attn_q_norm.weight,512,768137952,768138464
LAYER_MAJOR,161,78,blk.14.attn_v.weight,14,Layer,attn_v.weight,2097152,768138464,770235616
LAYER_MAJOR,162,69,blk.14.ffn_down.weight,14,Layer,ffn_down.weight,6291456,770235616,776527072
LAYER_MAJOR,163,70,blk.14.ffn_gate.weight,14,Layer,ffn_gate.weight,6291456,776527072,782818528
LAYER_MAJOR,164,72,blk.14.ffn_norm.weight,14,Layer,ffn_norm.weight,4096,782818528,782822624
LAYER_MAJOR,165,71,blk.14.ffn_up.weight,14,Layer,ffn_up.weight,6291456,782822624,789114080
LAYER_MAJOR,166,85,blk.15.attn_k.weight,15,Layer,attn_k.weight,2097152,789114080,791211232
LAYER_MAJOR,167,84,blk.15.attn_k_norm.weight,15,Layer,attn_k_norm.weight,512,791211232,791211744
LAYER_MAJOR,168,79,blk.15.attn_norm.weight,15,Layer,attn_norm.weight,4096,791211744,791215840
LAYER_MAJOR,169,86,blk.15.attn_output.weight,15,Layer,attn_output.weight,4194304,791215840,795410144
LAYER_MAJOR,170,88,blk.15.attn_q.weight,15,Layer,attn_q.weight,4194304,795410144,799604448
LAYER_MAJOR,171,87,blk.15.attn_q_norm.weight,15,Layer,attn_q_norm.weight,512,799604448,799604960
LAYER_MAJOR,172,89,blk.15.attn_v.weight,15,Layer,attn_v.weight,2097152,799604960,801702112
LAYER_MAJOR,173,80,blk.15.ffn_down.weight,15,Layer,ffn_down.weight,6291456,801702112,807993568
LAYER_MAJOR,174,81,blk.15.ffn_gate.weight,15,Layer,ffn_gate.weight,6291456,807993568,814285024
LAYER_MAJOR,175,83,blk.15.ffn_norm.weight,15,Layer,ffn_norm.weight,4096,814285024,814289120
LAYER_MAJOR,176,82,blk.15.ffn_up.weight,15,Layer,ffn_up.weight,6291456,814289120,820580576
LAYER_MAJOR,177,96,blk.16.attn_k.weight,16,Layer,attn_k.weight,2097152,820580576,822677728
LAYER_MAJOR,178,95,blk.16.attn_k_norm.weight,16,Layer,attn_k_norm.weight,512,822677728,822678240
LAYER_MAJOR,179,90,blk.16.attn_norm.weight,16,Layer,attn_norm.weight,4096,822678240,822682336
LAYER_MAJOR,180,97,blk.16.attn_output.weight,16,Layer,attn_output.weight,4194304,822682336,826876640
LAYER_MAJOR,181,99,blk.16.attn_q.weight,16,Layer,attn_q.weight,4194304,826876640,831070944
LAYER_MAJOR,182,98,blk.16.attn_q_norm.weight,16,Layer,attn_q_norm.weight,512,831070944,831071456
LAYER_MAJOR,183,100,blk.16.attn_v.weight,16,Layer,attn_v.weight,2097152,831071456,833168608
LAYER_MAJOR,184,91,blk.16.ffn_down.weight,16,Layer,ffn_down.weight,6291456,833168608,839460064
LAYER_MAJOR,185,92,blk.16.ffn_gate.weight,16,Layer,ffn_gate.weight,6291456,839460064,845751520
LAYER_MAJOR,186,94,blk.16.ffn_norm.weight,16,Layer,ffn_norm.weight,4096,845751520,845755616
LAYER_MAJOR,187,93,blk.16.ffn_up.weight,16,Layer,ffn_up.weight,6291456,845755616,852047072
LAYER_MAJOR,188,107,blk.17.attn_k.weight,17,Layer,attn_k.weight,2097152,852047072,854144224
LAYER_MAJOR,189,106,blk.17.attn_k_norm.weight,17,Layer,attn_k_norm.weight,512,854144224,854144736
LAYER_MAJOR,190,101,blk.17.attn_norm.weight,17,Layer,attn_norm.weight,4096,854144736,854148832
LAYER_MAJOR,191,108,blk.17.attn_output.weight,17,Layer,attn_output.weight,4194304,854148832,858343136
LAYER_MAJOR,192,110,blk.17.attn_q.weight,17,Layer,attn_q.weight,4194304,858343136,862537440
LAYER_MAJOR,193,109,blk.17.attn_q_norm.weight,17,Layer,attn_q_norm.weight,512,862537440,862537952
LAYER_MAJOR,194,111,blk.17.attn_v.weight,17,Layer,attn_v.weight,2097152,862537952,864635104
LAYER_MAJOR,195,102,blk.17.ffn_down.weight,17,Layer,ffn_down.weight,6291456,864635104,870926560
LAYER_MAJOR,196,103,blk.17.ffn_gate.weight,17,Layer,ffn_gate.weight,6291456,870926560,877218016
LAYER_MAJOR,197,105,blk.17.ffn_norm.weight,17,Layer,ffn_norm.weight,4096,877218016,877222112
LAYER_MAJOR,198,104,blk.17.ffn_up.weight,17,Layer,ffn_up.weight,6291456,877222112,883513568
LAYER_MAJOR,199,118,blk.18.attn_k.weight,18,Layer,attn_k.weight,2097152,883513568,885610720
LAYER_MAJOR,200,117,blk.18.attn_k_norm.weight,18,Layer,attn_k_norm.weight,512,885610720,885611232
LAYER_MAJOR,201,112,blk.18.attn_norm.weight,18,Layer,attn_norm.weight,4096,885611232,885615328
LAYER_MAJOR,202,119,blk.18.attn_output.weight,18,Layer,attn_output.weight,4194304,885615328,889809632
LAYER_MAJOR,203,121,blk.18.attn_q.weight,18,Layer,attn_q.weight,4194304,889809632,894003936
LAYER_MAJOR,204,120,blk.18.attn_q_norm.weight,18,Layer,attn_q_norm.weight,512,894003936,894004448
LAYER_MAJOR,205,122,blk.18.attn_v.weight,18,Layer,attn_v.weight,2097152,894004448,896101600
LAYER_MAJOR,206,113,blk.18.ffn_down.weight,18,Layer,ffn_down.weight,6291456,896101600,902393056
LAYER_MAJOR,207,114,blk.18.ffn_gate.weight,18,Layer,ffn_gate.weight,6291456,902393056,908684512
LAYER_MAJOR,208,116,blk.18.ffn_norm.weight,18,Layer,ffn_norm.weight,4096,908684512,908688608
LAYER_MAJOR,209,115,blk.18.ffn_up.weight,18,Layer,ffn_up.weight,6291456,908688608,914980064
LAYER_MAJOR,210,129,blk.19.attn_k.weight,19,Layer,attn_k.weight,2097152,914980064,917077216
LAYER_MAJOR,211,128,blk.19.attn_k_norm.weight,19,Layer,attn_k_norm.weight,512,917077216,917077728
LAYER_MAJOR,212,123,blk.19.attn_norm.weight,19,Layer,attn_norm.weight,4096,917077728,917081824
LAYER_MAJOR,213,130,blk.19.attn_output.weight,19,Layer,attn_output.weight,4194304,917081824,921276128
LAYER_MAJOR,214,132,blk.19.attn_q.weight,19,Layer,attn_q.weight,4194304,921276128,925470432
LAYER_MAJOR,215,131,blk.19.attn_q_norm.weight,19,Layer,attn_q_norm.weight,512,925470432,925470944
LAYER_MAJOR,216,133,blk.19.attn_v.weight,19,Layer,attn_v.weight,2097152,925470944,927568096
LAYER_MAJOR,217,124,blk.19.ffn_down.weight,19,Layer,ffn_down.weight,6291456,927568096,933859552
LAYER_MAJOR,218,125,blk.19.ffn_gate.weight,19,Layer,ffn_gate.weight,6291456,933859552,940151008
LAYER_MAJOR,219,127,blk.19.ffn_norm.weight,19,Layer,ffn_norm.weight,4096,940151008,940155104
LAYER_MAJOR,220,126,blk.19.ffn_up.weight,19,Layer,ffn_up.weight,6291456,940155104,946446560
LAYER_MAJOR,221,151,blk.20.attn_k.weight,20,Layer,attn_k.weight,2097152,946446560,948543712
LAYER_MAJOR,222,150,blk.20.attn_k_norm.weight,20,Layer,attn_k_norm.weight,512,948543712,948544224
LAYER_MAJOR,223,145,blk.20.attn_norm.weight,20,Layer,attn_norm.weight,4096,948544224,948548320
LAYER_MAJOR,224,152,blk.20.attn_output.weight,20,Layer,attn_output.weight,4194304,948548320,952742624
LAYER_MAJOR,225,154,blk.20.attn_q.weight,20,Layer,attn_q.weight,4194304,952742624,956936928
LAYER_MAJOR,226,153,blk.20.attn_q_norm.weight,20,Layer,attn_q_norm.weight,512,956936928,956937440
LAYER_MAJOR,227,155,blk.20.attn_v.weight,20,Layer,attn_v.weight,2097152,956937440,959034592
LAYER_MAJOR,228,146,blk.20.ffn_down.weight,20,Layer,ffn_down.weight,6291456,959034592,965326048
LAYER_MAJOR,229,147,blk.20.ffn_gate.weight,20,Layer,ffn_gate.weight,6291456,965326048,971617504
LAYER_MAJOR,230,149,blk.20.ffn_norm.weight,20,Layer,ffn_norm.weight,4096,971617504,971621600
LAYER_MAJOR,231,148,blk.20.ffn_up.weight,20,Layer,ffn_up.weight,6291456,971621600,977913056
LAYER_MAJOR,232,162,blk.21.attn_k.weight,21,Layer,attn_k.weight,2097152,977913056,980010208
LAYER_MAJOR,233,161,blk.21.attn_k_norm.weight,21,Layer,attn_k_norm.weight,512,980010208,980010720
LAYER_MAJOR,234,156,blk.21.attn_norm.weight,21,Layer,attn_norm.weight,4096,980010720,980014816
LAYER_MAJOR,235,163,blk.21.attn_output.weight,21,Layer,attn_output.weight,4194304,980014816,984209120
LAYER_MAJOR,236,165,blk.21.attn_q.weight,21,Layer,attn_q.weight,4194304,984209120,988403424
LAYER_MAJOR,237,164,blk.21.attn_q_norm.weight,21,Layer,attn_q_norm.weight,512,988403424,988403936
LAYER_MAJOR,238,166,blk.21.attn_v.weight,21,Layer,attn_v.weight,2097152,988403936,990501088
LAYER_MAJOR,239,157,blk.21.ffn_down.weight,21,Layer,ffn_down.weight,6291456,990501088,996792544
LAYER_MAJOR,240,158,blk.21.ffn_gate.weight,21,Layer,ffn_gate.weight,6291456,996792544,1003084000
LAYER_MAJOR,241,160,blk.21.ffn_norm.weight,21,Layer,ffn_norm.weight,4096,1003084000,1003088096
LAYER_MAJOR,242,159,blk.21.ffn_up.weight,21,Layer,ffn_up.weight,6291456,1003088096,1009379552
LAYER_MAJOR,243,173,blk.22.attn_k.weight,22,Layer,attn_k.weight,2097152,1009379552,1011476704
LAYER_MAJOR,244,172,blk.22.attn_k_norm.weight,22,Layer,attn_k_norm.weight,512,1011476704,1011477216
LAYER_MAJOR,245,167,blk.22.attn_norm.weight,22,Layer,attn_norm.weight,4096,1011477216,1011481312
LAYER_MAJOR,246,174,blk.22.attn_output.weight,22,Layer,attn_output.weight,4194304,1011481312,1015675616
LAYER_MAJOR,247,176,blk.22.attn_q.weight,22,Layer,attn_q.weight,4194304,1015675616,1019869920
LAYER_MAJOR,248,175,blk.22.attn_q_norm.weight,22,Layer,attn_q_norm.weight,512,1019869920,1019870432
LAYER_MAJOR,249,177,blk.22.attn_v.weight,22,Layer,attn_v.weight,2097152,1019870432,1021967584
LAYER_MAJOR,250,168,blk.22.ffn_down.weight,22,Layer,ffn_down.weight,6291456,1021967584,1028259040
LAYER_MAJOR,251,169,blk.22.ffn_gate.weight,22,Layer,ffn_gate.weight,6291456,1028259040,1034550496
LAYER_MAJOR,252,171,blk.22.ffn_norm.weight,22,Layer,ffn_norm.weight,4096,1034550496,1034554592
LAYER_MAJOR,253,170,blk.22.ffn_up.weight,22,Layer,ffn_up.weight,6291456,1034554592,1040846048
LAYER_MAJOR,254,184,blk.23.attn_k.weight,23,Layer,attn_k.weight,2097152,1040846048,1042943200
LAYER_MAJOR,255,183,blk.23.attn_k_norm.weight,23,Layer,attn_k_norm.weight,512,1042943200,1042943712
LAYER_MAJOR,256,178,blk.23.attn_norm.weight,23,Layer,attn_norm.weight,4096,1042943712,1042947808
LAYER_MAJOR,257,185,blk.23.attn_output.weight,23,Layer,attn_output.weight,4194304,1042947808,1047142112
LAYER_MAJOR,258,187,blk.23.attn_q.weight,23,Layer,attn_q.weight,4194304,1047142112,1051336416
LAYER_MAJOR,259,186,blk.23.attn_q_norm.weight,23,Layer,attn_q_norm.weight,512,1051336416,1051336928
LAYER_MAJOR,260,188,blk.23.attn_v.weight,23,Layer,attn_v.weight,2097152,1051336928,1053434080
LAYER_MAJOR,261,179,blk.23.ffn_down.weight,23,Layer,ffn_down.weight,6291456,1053434080,1059725536
LAYER_MAJOR,262,180,blk.23.ffn_gate.weight,23,Layer,ffn_gate.weight,6291456,1059725536,1066016992
LAYER_MAJOR,263,182,blk.23.ffn_norm.weight,23,Layer,ffn_norm.weight,4096,1066016992,1066021088
LAYER_MAJOR,264,181,blk.23.ffn_up.weight,23,Layer,ffn_up.weight,6291456,1066021088,1072312544
LAYER_MAJOR,265,195,blk.24.attn_k.weight,24,Layer,attn_k.weight,2097152,1072312544,1074409696
LAYER_MAJOR,266,194,blk.24.attn_k_norm.weight,24,Layer,attn_k_norm.weight,512,1074409696,1074410208
LAYER_MAJOR,267,189,blk.24.attn_norm.weight,24,Layer,attn_norm.weight,4096,1074410208,1074414304
LAYER_MAJOR,268,196,blk.24.attn_output.weight,24,Layer,attn_output.weight,4194304,1074414304,1078608608
LAYER_MAJOR,269,198,blk.24.attn_q.weight,24,Layer,attn_q.weight,4194304,1078608608,1082802912
LAYER_MAJOR,270,197,blk.24.attn_q_norm.weight,24,Layer,attn_q_norm.weight,512,1082802912,1082803424
LAYER_MAJOR,271,199,blk.24.attn_v.weight,24,Layer,attn_v.weight,2097152,1082803424,1084900576
LAYER_MAJOR,272,190,blk.24.ffn_down.weight,24,Layer,ffn_down.weight,6291456,1084900576,1091192032
LAYER_MAJOR,273,191,blk.24.ffn_gate.weight,24,Layer,ffn_gate.weight,6291456,1091192032,1097483488
LAYER_MAJOR,274,193,blk.24.ffn_norm.weight,24,Layer,ffn_norm.weight,4096,1097483488,1097487584
LAYER_MAJOR,275,192,blk.24.ffn_up.weight,24,Layer,ffn_up.weight,6291456,1097487584,1103779040
LAYER_MAJOR,276,206,blk.25.attn_k.weight,25,Layer,attn_k.weight,2097152,1103779040,1105876192
LAYER_MAJOR,277,205,blk.25.attn_k_norm.weight,25,Layer,attn_k_norm.weight,512,1105876192,1105876704
LAYER_MAJOR,278,200,blk.25.attn_norm.weight,25,Layer,attn_norm.weight,4096,1105876704,1105880800
LAYER_MAJOR,279,207,blk.25.attn_output.weight,25,Layer,attn_output.weight,4194304,1105880800,1110075104
LAYER_MAJOR,280,209,blk.25.attn_q.weight,25,Layer,attn_q.weight,4194304,1110075104,1114269408
LAYER_MAJOR,281,208,blk.25.attn_q_norm.weight,25,Layer,attn_q_norm.weight,512,1114269408,1114269920
LAYER_MAJOR,282,210,blk.25.attn_v.weight,25,Layer,attn_v.weight,2097152,1114269920,1116367072
LAYER_MAJOR,283,201,blk.25.ffn_down.weight,25,Layer,ffn_down.weight,6291456,1116367072,1122658528
LAYER_MAJOR,284,202,blk.25.ffn_gate.weight,25,Layer,ffn_gate.weight,6291456,1122658528,1128949984
LAYER_MAJOR,285,204,blk.25.ffn_norm.weight,25,Layer,ffn_norm.weight,4096,1128949984,1128954080
LAYER_MAJOR,286,203,blk.25.ffn_up.weight,25,Layer,ffn_up.weight,6291456,1128954080,1135245536
LAYER_MAJOR,287,217,blk.26.attn_k.weight,26,Layer,attn_k.weight,2097152,1135245536,1137342688
LAYER_MAJOR,288,216,blk.26.attn_k_norm.weight,26,Layer,attn_k_norm.weight,512,1137342688,1137343200
LAYER_MAJOR,289,211,blk.26.attn_norm.weight,26,Layer,attn_norm.weight,4096,1137343200,1137347296
LAYER_MAJOR,290,218,blk.26.attn_output.weight,26,Layer,attn_output.weight,4194304,1137347296,1141541600
LAYER_MAJOR,291,220,blk.26.attn_q.weight,26,Layer,attn_q.weight,4194304,1141541600,1145735904
LAYER_MAJOR,292,219,blk.26.attn_q_norm.weight,26,Layer,attn_q_norm.weight,512,1145735904,1145736416
LAYER_MAJOR,293,221,blk.26.attn_v.weight,26,Layer,attn_v.weight,2097152,1145736416,1147833568
LAYER_MAJOR,294,212,blk.26.ffn_down.weight,26,Layer,ffn_down.weight,6291456,1147833568,1154125024
LAYER_MAJOR,295,213,blk.26.ffn_gate.weight,26,Layer,ffn_gate.weight,6291456,1154125024,1160416480
LAYER_MAJOR,296,215,blk.26.ffn_norm.weight,26,Layer,ffn_norm.weight,4096,1160416480,1160420576
LAYER_MAJOR,297,214,blk.26.ffn_up.weight,26,Layer,ffn_up.weight,6291456,1160420576,1166712032
LAYER_MAJOR,298,228,blk.27.attn_k.weight,27,Layer,attn_k.weight,2097152,1166712032,1168809184
LAYER_MAJOR,299,227,blk.27.attn_k_norm.weight,27,Layer,attn_k_norm.weight,512,1168809184,1168809696
LAYER_MAJOR,300,222,blk.27.attn_norm.weight,27,Layer,attn_norm.weight,4096,1168809696,1168813792
LAYER_MAJOR,301,229,blk.27.attn_output.weight,27,Layer,attn_output.weight,4194304,1168813792,1173008096
LAYER_MAJOR,302,231,blk.27.attn_q.weight,27,Layer,attn_q.weight,4194304,1173008096,1177202400
LAYER_MAJOR,303,230,blk.27.attn_q_norm.weight,27,Layer,attn_q_norm.weight,512,1177202400,1177202912
LAYER_MAJOR,304,232,blk.27.attn_v.weight,27,Layer,attn_v.weight,2097152,1177202912,1179300064
LAYER_MAJOR,305,223,blk.27.ffn_down.weight,27,Layer,ffn_down.weight,6291456,1179300064,1185591520
LAYER_MAJOR,306,224,blk.27.ffn_gate.weight,27,Layer,ffn_gate.weight,6291456,1185591520,1191882976
LAYER_MAJOR,307,226,blk.27.ffn_norm.weight,27,Layer,ffn_norm.weight,4096,1191882976,1191887072
LAYER_MAJOR,308,225,blk.27.ffn_up.weight,27,Layer,ffn_up.weight,6291456,1191887072,1198178528
LAYER_MAJOR,309,0,output.weight,,GlobalPost,OutputProjection,311164928,1198178528,1509343456
LAYER_MAJOR,310,310,output_norm.weight,,GlobalPost,FinalNorm,4096,1509343456,1509347552
LAYER_MAJOR_ROLE_ORDER,0,1,token_embd.weight,,GlobalPre,TokenEmbedding,311164928,5951712,317116640
LAYER_MAJOR_ROLE_ORDER,1,2,blk.0.attn_norm.weight,0,Layer,attn_norm.weight,4096,317116640,317120736
LAYER_MAJOR_ROLE_ORDER,2,11,blk.0.attn_q.weight,0,Layer,attn_q.weight,4194304,317120736,321315040
LAYER_MAJOR_ROLE_ORDER,3,10,blk.0.attn_q_norm.weight,0,Layer,attn_q_norm.weight,512,321315040,321315552
LAYER_MAJOR_ROLE_ORDER,4,8,blk.0.attn_k.weight,0,Layer,attn_k.weight,2097152,321315552,323412704
LAYER_MAJOR_ROLE_ORDER,5,7,blk.0.attn_k_norm.weight,0,Layer,attn_k_norm.weight,512,323412704,323413216
LAYER_MAJOR_ROLE_ORDER,6,12,blk.0.attn_v.weight,0,Layer,attn_v.weight,2097152,323413216,325510368
LAYER_MAJOR_ROLE_ORDER,7,9,blk.0.attn_output.weight,0,Layer,attn_output.weight,4194304,325510368,329704672
LAYER_MAJOR_ROLE_ORDER,8,6,blk.0.ffn_norm.weight,0,Layer,ffn_norm.weight,4096,329704672,329708768
LAYER_MAJOR_ROLE_ORDER,9,4,blk.0.ffn_gate.weight,0,Layer,ffn_gate.weight,6291456,329708768,336000224
LAYER_MAJOR_ROLE_ORDER,10,5,blk.0.ffn_up.weight,0,Layer,ffn_up.weight,6291456,336000224,342291680
LAYER_MAJOR_ROLE_ORDER,11,3,blk.0.ffn_down.weight,0,Layer,ffn_down.weight,6291456,342291680,348583136
LAYER_MAJOR_ROLE_ORDER,12,13,blk.1.attn_norm.weight,1,Layer,attn_norm.weight,4096,348583136,348587232
LAYER_MAJOR_ROLE_ORDER,13,22,blk.1.attn_q.weight,1,Layer,attn_q.weight,4194304,348587232,352781536
LAYER_MAJOR_ROLE_ORDER,14,21,blk.1.attn_q_norm.weight,1,Layer,attn_q_norm.weight,512,352781536,352782048
LAYER_MAJOR_ROLE_ORDER,15,19,blk.1.attn_k.weight,1,Layer,attn_k.weight,2097152,352782048,354879200
LAYER_MAJOR_ROLE_ORDER,16,18,blk.1.attn_k_norm.weight,1,Layer,attn_k_norm.weight,512,354879200,354879712
LAYER_MAJOR_ROLE_ORDER,17,23,blk.1.attn_v.weight,1,Layer,attn_v.weight,2097152,354879712,356976864
LAYER_MAJOR_ROLE_ORDER,18,20,blk.1.attn_output.weight,1,Layer,attn_output.weight,4194304,356976864,361171168
LAYER_MAJOR_ROLE_ORDER,19,17,blk.1.ffn_norm.weight,1,Layer,ffn_norm.weight,4096,361171168,361175264
LAYER_MAJOR_ROLE_ORDER,20,15,blk.1.ffn_gate.weight,1,Layer,ffn_gate.weight,6291456,361175264,367466720
LAYER_MAJOR_ROLE_ORDER,21,16,blk.1.ffn_up.weight,1,Layer,ffn_up.weight,6291456,367466720,373758176
LAYER_MAJOR_ROLE_ORDER,22,14,blk.1.ffn_down.weight,1,Layer,ffn_down.weight,6291456,373758176,380049632
LAYER_MAJOR_ROLE_ORDER,23,134,blk.2.attn_norm.weight,2,Layer,attn_norm.weight,4096,380049632,380053728
LAYER_MAJOR_ROLE_ORDER,24,143,blk.2.attn_q.weight,2,Layer,attn_q.weight,4194304,380053728,384248032
LAYER_MAJOR_ROLE_ORDER,25,142,blk.2.attn_q_norm.weight,2,Layer,attn_q_norm.weight,512,384248032,384248544
LAYER_MAJOR_ROLE_ORDER,26,140,blk.2.attn_k.weight,2,Layer,attn_k.weight,2097152,384248544,386345696
LAYER_MAJOR_ROLE_ORDER,27,139,blk.2.attn_k_norm.weight,2,Layer,attn_k_norm.weight,512,386345696,386346208
LAYER_MAJOR_ROLE_ORDER,28,144,blk.2.attn_v.weight,2,Layer,attn_v.weight,2097152,386346208,388443360
LAYER_MAJOR_ROLE_ORDER,29,141,blk.2.attn_output.weight,2,Layer,attn_output.weight,4194304,388443360,392637664
LAYER_MAJOR_ROLE_ORDER,30,138,blk.2.ffn_norm.weight,2,Layer,ffn_norm.weight,4096,392637664,392641760
LAYER_MAJOR_ROLE_ORDER,31,136,blk.2.ffn_gate.weight,2,Layer,ffn_gate.weight,6291456,392641760,398933216
LAYER_MAJOR_ROLE_ORDER,32,137,blk.2.ffn_up.weight,2,Layer,ffn_up.weight,6291456,398933216,405224672
LAYER_MAJOR_ROLE_ORDER,33,135,blk.2.ffn_down.weight,2,Layer,ffn_down.weight,6291456,405224672,411516128
LAYER_MAJOR_ROLE_ORDER,34,233,blk.3.attn_norm.weight,3,Layer,attn_norm.weight,4096,411516128,411520224
LAYER_MAJOR_ROLE_ORDER,35,242,blk.3.attn_q.weight,3,Layer,attn_q.weight,4194304,411520224,415714528
LAYER_MAJOR_ROLE_ORDER,36,241,blk.3.attn_q_norm.weight,3,Layer,attn_q_norm.weight,512,415714528,415715040
LAYER_MAJOR_ROLE_ORDER,37,239,blk.3.attn_k.weight,3,Layer,attn_k.weight,2097152,415715040,417812192
LAYER_MAJOR_ROLE_ORDER,38,238,blk.3.attn_k_norm.weight,3,Layer,attn_k_norm.weight,512,417812192,417812704
LAYER_MAJOR_ROLE_ORDER,39,243,blk.3.attn_v.weight,3,Layer,attn_v.weight,2097152,417812704,419909856
LAYER_MAJOR_ROLE_ORDER,40,240,blk.3.attn_output.weight,3,Layer,attn_output.weight,4194304,419909856,424104160
LAYER_MAJOR_ROLE_ORDER,41,237,blk.3.ffn_norm.weight,3,Layer,ffn_norm.weight,4096,424104160,424108256
LAYER_MAJOR_ROLE_ORDER,42,235,blk.3.ffn_gate.weight,3,Layer,ffn_gate.weight,6291456,424108256,430399712
LAYER_MAJOR_ROLE_ORDER,43,236,blk.3.ffn_up.weight,3,Layer,ffn_up.weight,6291456,430399712,436691168
LAYER_MAJOR_ROLE_ORDER,44,234,blk.3.ffn_down.weight,3,Layer,ffn_down.weight,6291456,436691168,442982624
LAYER_MAJOR_ROLE_ORDER,45,244,blk.4.attn_norm.weight,4,Layer,attn_norm.weight,4096,442982624,442986720
LAYER_MAJOR_ROLE_ORDER,46,253,blk.4.attn_q.weight,4,Layer,attn_q.weight,4194304,442986720,447181024
LAYER_MAJOR_ROLE_ORDER,47,252,blk.4.attn_q_norm.weight,4,Layer,attn_q_norm.weight,512,447181024,447181536
LAYER_MAJOR_ROLE_ORDER,48,250,blk.4.attn_k.weight,4,Layer,attn_k.weight,2097152,447181536,449278688
LAYER_MAJOR_ROLE_ORDER,49,249,blk.4.attn_k_norm.weight,4,Layer,attn_k_norm.weight,512,449278688,449279200
LAYER_MAJOR_ROLE_ORDER,50,254,blk.4.attn_v.weight,4,Layer,attn_v.weight,2097152,449279200,451376352
LAYER_MAJOR_ROLE_ORDER,51,251,blk.4.attn_output.weight,4,Layer,attn_output.weight,4194304,451376352,455570656
LAYER_MAJOR_ROLE_ORDER,52,248,blk.4.ffn_norm.weight,4,Layer,ffn_norm.weight,4096,455570656,455574752
LAYER_MAJOR_ROLE_ORDER,53,246,blk.4.ffn_gate.weight,4,Layer,ffn_gate.weight,6291456,455574752,461866208
LAYER_MAJOR_ROLE_ORDER,54,247,blk.4.ffn_up.weight,4,Layer,ffn_up.weight,6291456,461866208,468157664
LAYER_MAJOR_ROLE_ORDER,55,245,blk.4.ffn_down.weight,4,Layer,ffn_down.weight,6291456,468157664,474449120
LAYER_MAJOR_ROLE_ORDER,56,255,blk.5.attn_norm.weight,5,Layer,attn_norm.weight,4096,474449120,474453216
LAYER_MAJOR_ROLE_ORDER,57,264,blk.5.attn_q.weight,5,Layer,attn_q.weight,4194304,474453216,478647520
LAYER_MAJOR_ROLE_ORDER,58,263,blk.5.attn_q_norm.weight,5,Layer,attn_q_norm.weight,512,478647520,478648032
LAYER_MAJOR_ROLE_ORDER,59,261,blk.5.attn_k.weight,5,Layer,attn_k.weight,2097152,478648032,480745184
LAYER_MAJOR_ROLE_ORDER,60,260,blk.5.attn_k_norm.weight,5,Layer,attn_k_norm.weight,512,480745184,480745696
LAYER_MAJOR_ROLE_ORDER,61,265,blk.5.attn_v.weight,5,Layer,attn_v.weight,2097152,480745696,482842848
LAYER_MAJOR_ROLE_ORDER,62,262,blk.5.attn_output.weight,5,Layer,attn_output.weight,4194304,482842848,487037152
LAYER_MAJOR_ROLE_ORDER,63,259,blk.5.ffn_norm.weight,5,Layer,ffn_norm.weight,4096,487037152,487041248
LAYER_MAJOR_ROLE_ORDER,64,257,blk.5.ffn_gate.weight,5,Layer,ffn_gate.weight,6291456,487041248,493332704
LAYER_MAJOR_ROLE_ORDER,65,258,blk.5.ffn_up.weight,5,Layer,ffn_up.weight,6291456,493332704,499624160
LAYER_MAJOR_ROLE_ORDER,66,256,blk.5.ffn_down.weight,5,Layer,ffn_down.weight,6291456,499624160,505915616
LAYER_MAJOR_ROLE_ORDER,67,266,blk.6.attn_norm.weight,6,Layer,attn_norm.weight,4096,505915616,505919712
LAYER_MAJOR_ROLE_ORDER,68,275,blk.6.attn_q.weight,6,Layer,attn_q.weight,4194304,505919712,510114016
LAYER_MAJOR_ROLE_ORDER,69,274,blk.6.attn_q_norm.weight,6,Layer,attn_q_norm.weight,512,510114016,510114528
LAYER_MAJOR_ROLE_ORDER,70,272,blk.6.attn_k.weight,6,Layer,attn_k.weight,2097152,510114528,512211680
LAYER_MAJOR_ROLE_ORDER,71,271,blk.6.attn_k_norm.weight,6,Layer,attn_k_norm.weight,512,512211680,512212192
LAYER_MAJOR_ROLE_ORDER,72,276,blk.6.attn_v.weight,6,Layer,attn_v.weight,2097152,512212192,514309344
LAYER_MAJOR_ROLE_ORDER,73,273,blk.6.attn_output.weight,6,Layer,attn_output.weight,4194304,514309344,518503648
LAYER_MAJOR_ROLE_ORDER,74,270,blk.6.ffn_norm.weight,6,Layer,ffn_norm.weight,4096,518503648,518507744
LAYER_MAJOR_ROLE_ORDER,75,268,blk.6.ffn_gate.weight,6,Layer,ffn_gate.weight,6291456,518507744,524799200
LAYER_MAJOR_ROLE_ORDER,76,269,blk.6.ffn_up.weight,6,Layer,ffn_up.weight,6291456,524799200,531090656
LAYER_MAJOR_ROLE_ORDER,77,267,blk.6.ffn_down.weight,6,Layer,ffn_down.weight,6291456,531090656,537382112
LAYER_MAJOR_ROLE_ORDER,78,277,blk.7.attn_norm.weight,7,Layer,attn_norm.weight,4096,537382112,537386208
LAYER_MAJOR_ROLE_ORDER,79,286,blk.7.attn_q.weight,7,Layer,attn_q.weight,4194304,537386208,541580512
LAYER_MAJOR_ROLE_ORDER,80,285,blk.7.attn_q_norm.weight,7,Layer,attn_q_norm.weight,512,541580512,541581024
LAYER_MAJOR_ROLE_ORDER,81,283,blk.7.attn_k.weight,7,Layer,attn_k.weight,2097152,541581024,543678176
LAYER_MAJOR_ROLE_ORDER,82,282,blk.7.attn_k_norm.weight,7,Layer,attn_k_norm.weight,512,543678176,543678688
LAYER_MAJOR_ROLE_ORDER,83,287,blk.7.attn_v.weight,7,Layer,attn_v.weight,2097152,543678688,545775840
LAYER_MAJOR_ROLE_ORDER,84,284,blk.7.attn_output.weight,7,Layer,attn_output.weight,4194304,545775840,549970144
LAYER_MAJOR_ROLE_ORDER,85,281,blk.7.ffn_norm.weight,7,Layer,ffn_norm.weight,4096,549970144,549974240
LAYER_MAJOR_ROLE_ORDER,86,279,blk.7.ffn_gate.weight,7,Layer,ffn_gate.weight,6291456,549974240,556265696
LAYER_MAJOR_ROLE_ORDER,87,280,blk.7.ffn_up.weight,7,Layer,ffn_up.weight,6291456,556265696,562557152
LAYER_MAJOR_ROLE_ORDER,88,278,blk.7.ffn_down.weight,7,Layer,ffn_down.weight,6291456,562557152,568848608
LAYER_MAJOR_ROLE_ORDER,89,288,blk.8.attn_norm.weight,8,Layer,attn_norm.weight,4096,568848608,568852704
LAYER_MAJOR_ROLE_ORDER,90,297,blk.8.attn_q.weight,8,Layer,attn_q.weight,4194304,568852704,573047008
LAYER_MAJOR_ROLE_ORDER,91,296,blk.8.attn_q_norm.weight,8,Layer,attn_q_norm.weight,512,573047008,573047520
LAYER_MAJOR_ROLE_ORDER,92,294,blk.8.attn_k.weight,8,Layer,attn_k.weight,2097152,573047520,575144672
LAYER_MAJOR_ROLE_ORDER,93,293,blk.8.attn_k_norm.weight,8,Layer,attn_k_norm.weight,512,575144672,575145184
LAYER_MAJOR_ROLE_ORDER,94,298,blk.8.attn_v.weight,8,Layer,attn_v.weight,2097152,575145184,577242336
LAYER_MAJOR_ROLE_ORDER,95,295,blk.8.attn_output.weight,8,Layer,attn_output.weight,4194304,577242336,581436640
LAYER_MAJOR_ROLE_ORDER,96,292,blk.8.ffn_norm.weight,8,Layer,ffn_norm.weight,4096,581436640,581440736
LAYER_MAJOR_ROLE_ORDER,97,290,blk.8.ffn_gate.weight,8,Layer,ffn_gate.weight,6291456,581440736,587732192
LAYER_MAJOR_ROLE_ORDER,98,291,blk.8.ffn_up.weight,8,Layer,ffn_up.weight,6291456,587732192,594023648
LAYER_MAJOR_ROLE_ORDER,99,289,blk.8.ffn_down.weight,8,Layer,ffn_down.weight,6291456,594023648,600315104
LAYER_MAJOR_ROLE_ORDER,100,299,blk.9.attn_norm.weight,9,Layer,attn_norm.weight,4096,600315104,600319200
LAYER_MAJOR_ROLE_ORDER,101,308,blk.9.attn_q.weight,9,Layer,attn_q.weight,4194304,600319200,604513504
LAYER_MAJOR_ROLE_ORDER,102,307,blk.9.attn_q_norm.weight,9,Layer,attn_q_norm.weight,512,604513504,604514016
LAYER_MAJOR_ROLE_ORDER,103,305,blk.9.attn_k.weight,9,Layer,attn_k.weight,2097152,604514016,606611168
LAYER_MAJOR_ROLE_ORDER,104,304,blk.9.attn_k_norm.weight,9,Layer,attn_k_norm.weight,512,606611168,606611680
LAYER_MAJOR_ROLE_ORDER,105,309,blk.9.attn_v.weight,9,Layer,attn_v.weight,2097152,606611680,608708832
LAYER_MAJOR_ROLE_ORDER,106,306,blk.9.attn_output.weight,9,Layer,attn_output.weight,4194304,608708832,612903136
LAYER_MAJOR_ROLE_ORDER,107,303,blk.9.ffn_norm.weight,9,Layer,ffn_norm.weight,4096,612903136,612907232
LAYER_MAJOR_ROLE_ORDER,108,301,blk.9.ffn_gate.weight,9,Layer,ffn_gate.weight,6291456,612907232,619198688
LAYER_MAJOR_ROLE_ORDER,109,302,blk.9.ffn_up.weight,9,Layer,ffn_up.weight,6291456,619198688,625490144
LAYER_MAJOR_ROLE_ORDER,110,300,blk.9.ffn_down.weight,9,Layer,ffn_down.weight,6291456,625490144,631781600
LAYER_MAJOR_ROLE_ORDER,111,24,blk.10.attn_norm.weight,10,Layer,attn_norm.weight,4096,631781600,631785696
LAYER_MAJOR_ROLE_ORDER,112,33,blk.10.attn_q.weight,10,Layer,attn_q.weight,4194304,631785696,635980000
LAYER_MAJOR_ROLE_ORDER,113,32,blk.10.attn_q_norm.weight,10,Layer,attn_q_norm.weight,512,635980000,635980512
LAYER_MAJOR_ROLE_ORDER,114,30,blk.10.attn_k.weight,10,Layer,attn_k.weight,2097152,635980512,638077664
LAYER_MAJOR_ROLE_ORDER,115,29,blk.10.attn_k_norm.weight,10,Layer,attn_k_norm.weight,512,638077664,638078176
LAYER_MAJOR_ROLE_ORDER,116,34,blk.10.attn_v.weight,10,Layer,attn_v.weight,2097152,638078176,640175328
LAYER_MAJOR_ROLE_ORDER,117,31,blk.10.attn_output.weight,10,Layer,attn_output.weight,4194304,640175328,644369632
LAYER_MAJOR_ROLE_ORDER,118,28,blk.10.ffn_norm.weight,10,Layer,ffn_norm.weight,4096,644369632,644373728
LAYER_MAJOR_ROLE_ORDER,119,26,blk.10.ffn_gate.weight,10,Layer,ffn_gate.weight,6291456,644373728,650665184
LAYER_MAJOR_ROLE_ORDER,120,27,blk.10.ffn_up.weight,10,Layer,ffn_up.weight,6291456,650665184,656956640
LAYER_MAJOR_ROLE_ORDER,121,25,blk.10.ffn_down.weight,10,Layer,ffn_down.weight,6291456,656956640,663248096
LAYER_MAJOR_ROLE_ORDER,122,35,blk.11.attn_norm.weight,11,Layer,attn_norm.weight,4096,663248096,663252192
LAYER_MAJOR_ROLE_ORDER,123,44,blk.11.attn_q.weight,11,Layer,attn_q.weight,4194304,663252192,667446496
LAYER_MAJOR_ROLE_ORDER,124,43,blk.11.attn_q_norm.weight,11,Layer,attn_q_norm.weight,512,667446496,667447008
LAYER_MAJOR_ROLE_ORDER,125,41,blk.11.attn_k.weight,11,Layer,attn_k.weight,2097152,667447008,669544160
LAYER_MAJOR_ROLE_ORDER,126,40,blk.11.attn_k_norm.weight,11,Layer,attn_k_norm.weight,512,669544160,669544672
LAYER_MAJOR_ROLE_ORDER,127,45,blk.11.attn_v.weight,11,Layer,attn_v.weight,2097152,669544672,671641824
LAYER_MAJOR_ROLE_ORDER,128,42,blk.11.attn_output.weight,11,Layer,attn_output.weight,4194304,671641824,675836128
LAYER_MAJOR_ROLE_ORDER,129,39,blk.11.ffn_norm.weight,11,Layer,ffn_norm.weight,4096,675836128,675840224
LAYER_MAJOR_ROLE_ORDER,130,37,blk.11.ffn_gate.weight,11,Layer,ffn_gate.weight,6291456,675840224,682131680
LAYER_MAJOR_ROLE_ORDER,131,38,blk.11.ffn_up.weight,11,Layer,ffn_up.weight,6291456,682131680,688423136
LAYER_MAJOR_ROLE_ORDER,132,36,blk.11.ffn_down.weight,11,Layer,ffn_down.weight,6291456,688423136,694714592
LAYER_MAJOR_ROLE_ORDER,133,46,blk.12.attn_norm.weight,12,Layer,attn_norm.weight,4096,694714592,694718688
LAYER_MAJOR_ROLE_ORDER,134,55,blk.12.attn_q.weight,12,Layer,attn_q.weight,4194304,694718688,698912992
LAYER_MAJOR_ROLE_ORDER,135,54,blk.12.attn_q_norm.weight,12,Layer,attn_q_norm.weight,512,698912992,698913504
LAYER_MAJOR_ROLE_ORDER,136,52,blk.12.attn_k.weight,12,Layer,attn_k.weight,2097152,698913504,701010656
LAYER_MAJOR_ROLE_ORDER,137,51,blk.12.attn_k_norm.weight,12,Layer,attn_k_norm.weight,512,701010656,701011168
LAYER_MAJOR_ROLE_ORDER,138,56,blk.12.attn_v.weight,12,Layer,attn_v.weight,2097152,701011168,703108320
LAYER_MAJOR_ROLE_ORDER,139,53,blk.12.attn_output.weight,12,Layer,attn_output.weight,4194304,703108320,707302624
LAYER_MAJOR_ROLE_ORDER,140,50,blk.12.ffn_norm.weight,12,Layer,ffn_norm.weight,4096,707302624,707306720
LAYER_MAJOR_ROLE_ORDER,141,48,blk.12.ffn_gate.weight,12,Layer,ffn_gate.weight,6291456,707306720,713598176
LAYER_MAJOR_ROLE_ORDER,142,49,blk.12.ffn_up.weight,12,Layer,ffn_up.weight,6291456,713598176,719889632
LAYER_MAJOR_ROLE_ORDER,143,47,blk.12.ffn_down.weight,12,Layer,ffn_down.weight,6291456,719889632,726181088
LAYER_MAJOR_ROLE_ORDER,144,57,blk.13.attn_norm.weight,13,Layer,attn_norm.weight,4096,726181088,726185184
LAYER_MAJOR_ROLE_ORDER,145,66,blk.13.attn_q.weight,13,Layer,attn_q.weight,4194304,726185184,730379488
LAYER_MAJOR_ROLE_ORDER,146,65,blk.13.attn_q_norm.weight,13,Layer,attn_q_norm.weight,512,730379488,730380000
LAYER_MAJOR_ROLE_ORDER,147,63,blk.13.attn_k.weight,13,Layer,attn_k.weight,2097152,730380000,732477152
LAYER_MAJOR_ROLE_ORDER,148,62,blk.13.attn_k_norm.weight,13,Layer,attn_k_norm.weight,512,732477152,732477664
LAYER_MAJOR_ROLE_ORDER,149,67,blk.13.attn_v.weight,13,Layer,attn_v.weight,2097152,732477664,734574816
LAYER_MAJOR_ROLE_ORDER,150,64,blk.13.attn_output.weight,13,Layer,attn_output.weight,4194304,734574816,738769120
LAYER_MAJOR_ROLE_ORDER,151,61,blk.13.ffn_norm.weight,13,Layer,ffn_norm.weight,4096,738769120,738773216
LAYER_MAJOR_ROLE_ORDER,152,59,blk.13.ffn_gate.weight,13,Layer,ffn_gate.weight,6291456,738773216,745064672
LAYER_MAJOR_ROLE_ORDER,153,60,blk.13.ffn_up.weight,13,Layer,ffn_up.weight,6291456,745064672,751356128
LAYER_MAJOR_ROLE_ORDER,154,58,blk.13.ffn_down.weight,13,Layer,ffn_down.weight,6291456,751356128,757647584
LAYER_MAJOR_ROLE_ORDER,155,68,blk.14.attn_norm.weight,14,Layer,attn_norm.weight,4096,757647584,757651680
LAYER_MAJOR_ROLE_ORDER,156,77,blk.14.attn_q.weight,14,Layer,attn_q.weight,4194304,757651680,761845984
LAYER_MAJOR_ROLE_ORDER,157,76,blk.14.attn_q_norm.weight,14,Layer,attn_q_norm.weight,512,761845984,761846496
LAYER_MAJOR_ROLE_ORDER,158,74,blk.14.attn_k.weight,14,Layer,attn_k.weight,2097152,761846496,763943648
LAYER_MAJOR_ROLE_ORDER,159,73,blk.14.attn_k_norm.weight,14,Layer,attn_k_norm.weight,512,763943648,763944160
LAYER_MAJOR_ROLE_ORDER,160,78,blk.14.attn_v.weight,14,Layer,attn_v.weight,2097152,763944160,766041312
LAYER_MAJOR_ROLE_ORDER,161,75,blk.14.attn_output.weight,14,Layer,attn_output.weight,4194304,766041312,770235616
LAYER_MAJOR_ROLE_ORDER,162,72,blk.14.ffn_norm.weight,14,Layer,ffn_norm.weight,4096,770235616,770239712
LAYER_MAJOR_ROLE_ORDER,163,70,blk.14.ffn_gate.weight,14,Layer,ffn_gate.weight,6291456,770239712,776531168
LAYER_MAJOR_ROLE_ORDER,164,71,blk.14.ffn_up.weight,14,Layer,ffn_up.weight,6291456,776531168,782822624
LAYER_MAJOR_ROLE_ORDER,165,69,blk.14.ffn_down.weight,14,Layer,ffn_down.weight,6291456,782822624,789114080
LAYER_MAJOR_ROLE_ORDER,166,79,blk.15.attn_norm.weight,15,Layer,attn_norm.weight,4096,789114080,789118176
LAYER_MAJOR_ROLE_ORDER,167,88,blk.15.attn_q.weight,15,Layer,attn_q.weight,4194304,789118176,793312480
LAYER_MAJOR_ROLE_ORDER,168,87,blk.15.attn_q_norm.weight,15,Layer,attn_q_norm.weight,512,793312480,793312992
LAYER_MAJOR_ROLE_ORDER,169,85,blk.15.attn_k.weight,15,Layer,attn_k.weight,2097152,793312992,795410144
LAYER_MAJOR_ROLE_ORDER,170,84,blk.15.attn_k_norm.weight,15,Layer,attn_k_norm.weight,512,795410144,795410656
LAYER_MAJOR_ROLE_ORDER,171,89,blk.15.attn_v.weight,15,Layer,attn_v.weight,2097152,795410656,797507808
LAYER_MAJOR_ROLE_ORDER,172,86,blk.15.attn_output.weight,15,Layer,attn_output.weight,4194304,797507808,801702112
LAYER_MAJOR_ROLE_ORDER,173,83,blk.15.ffn_norm.weight,15,Layer,ffn_norm.weight,4096,801702112,801706208
LAYER_MAJOR_ROLE_ORDER,174,81,blk.15.ffn_gate.weight,15,Layer,ffn_gate.weight,6291456,801706208,807997664
LAYER_MAJOR_ROLE_ORDER,175,82,blk.15.ffn_up.weight,15,Layer,ffn_up.weight,6291456,807997664,814289120
LAYER_MAJOR_ROLE_ORDER,176,80,blk.15.ffn_down.weight,15,Layer,ffn_down.weight,6291456,814289120,820580576
LAYER_MAJOR_ROLE_ORDER,177,90,blk.16.attn_norm.weight,16,Layer,attn_norm.weight,4096,820580576,820584672
LAYER_MAJOR_ROLE_ORDER,178,99,blk.16.attn_q.weight,16,Layer,attn_q.weight,4194304,820584672,824778976
LAYER_MAJOR_ROLE_ORDER,179,98,blk.16.attn_q_norm.weight,16,Layer,attn_q_norm.weight,512,824778976,824779488
LAYER_MAJOR_ROLE_ORDER,180,96,blk.16.attn_k.weight,16,Layer,attn_k.weight,2097152,824779488,826876640
LAYER_MAJOR_ROLE_ORDER,181,95,blk.16.attn_k_norm.weight,16,Layer,attn_k_norm.weight,512,826876640,826877152
LAYER_MAJOR_ROLE_ORDER,182,100,blk.16.attn_v.weight,16,Layer,attn_v.weight,2097152,826877152,828974304
LAYER_MAJOR_ROLE_ORDER,183,97,blk.16.attn_output.weight,16,Layer,attn_output.weight,4194304,828974304,833168608
LAYER_MAJOR_ROLE_ORDER,184,94,blk.16.ffn_norm.weight,16,Layer,ffn_norm.weight,4096,833168608,833172704
LAYER_MAJOR_ROLE_ORDER,185,92,blk.16.ffn_gate.weight,16,Layer,ffn_gate.weight,6291456,833172704,839464160
LAYER_MAJOR_ROLE_ORDER,186,93,blk.16.ffn_up.weight,16,Layer,ffn_up.weight,6291456,839464160,845755616
LAYER_MAJOR_ROLE_ORDER,187,91,blk.16.ffn_down.weight,16,Layer,ffn_down.weight,6291456,845755616,852047072
LAYER_MAJOR_ROLE_ORDER,188,101,blk.17.attn_norm.weight,17,Layer,attn_norm.weight,4096,852047072,852051168
LAYER_MAJOR_ROLE_ORDER,189,110,blk.17.attn_q.weight,17,Layer,attn_q.weight,4194304,852051168,856245472
LAYER_MAJOR_ROLE_ORDER,190,109,blk.17.attn_q_norm.weight,17,Layer,attn_q_norm.weight,512,856245472,856245984
LAYER_MAJOR_ROLE_ORDER,191,107,blk.17.attn_k.weight,17,Layer,attn_k.weight,2097152,856245984,858343136
LAYER_MAJOR_ROLE_ORDER,192,106,blk.17.attn_k_norm.weight,17,Layer,attn_k_norm.weight,512,858343136,858343648
LAYER_MAJOR_ROLE_ORDER,193,111,blk.17.attn_v.weight,17,Layer,attn_v.weight,2097152,858343648,860440800
LAYER_MAJOR_ROLE_ORDER,194,108,blk.17.attn_output.weight,17,Layer,attn_output.weight,4194304,860440800,864635104
LAYER_MAJOR_ROLE_ORDER,195,105,blk.17.ffn_norm.weight,17,Layer,ffn_norm.weight,4096,864635104,864639200
LAYER_MAJOR_ROLE_ORDER,196,103,blk.17.ffn_gate.weight,17,Layer,ffn_gate.weight,6291456,864639200,870930656
LAYER_MAJOR_ROLE_ORDER,197,104,blk.17.ffn_up.weight,17,Layer,ffn_up.weight,6291456,870930656,877222112
LAYER_MAJOR_ROLE_ORDER,198,102,blk.17.ffn_down.weight,17,Layer,ffn_down.weight,6291456,877222112,883513568
LAYER_MAJOR_ROLE_ORDER,199,112,blk.18.attn_norm.weight,18,Layer,attn_norm.weight,4096,883513568,883517664
LAYER_MAJOR_ROLE_ORDER,200,121,blk.18.attn_q.weight,18,Layer,attn_q.weight,4194304,883517664,887711968
LAYER_MAJOR_ROLE_ORDER,201,120,blk.18.attn_q_norm.weight,18,Layer,attn_q_norm.weight,512,887711968,887712480
LAYER_MAJOR_ROLE_ORDER,202,118,blk.18.attn_k.weight,18,Layer,attn_k.weight,2097152,887712480,889809632
LAYER_MAJOR_ROLE_ORDER,203,117,blk.18.attn_k_norm.weight,18,Layer,attn_k_norm.weight,512,889809632,889810144
LAYER_MAJOR_ROLE_ORDER,204,122,blk.18.attn_v.weight,18,Layer,attn_v.weight,2097152,889810144,891907296
LAYER_MAJOR_ROLE_ORDER,205,119,blk.18.attn_output.weight,18,Layer,attn_output.weight,4194304,891907296,896101600
LAYER_MAJOR_ROLE_ORDER,206,116,blk.18.ffn_norm.weight,18,Layer,ffn_norm.weight,4096,896101600,896105696
LAYER_MAJOR_ROLE_ORDER,207,114,blk.18.ffn_gate.weight,18,Layer,ffn_gate.weight,6291456,896105696,902397152
LAYER_MAJOR_ROLE_ORDER,208,115,blk.18.ffn_up.weight,18,Layer,ffn_up.weight,6291456,902397152,908688608
LAYER_MAJOR_ROLE_ORDER,209,113,blk.18.ffn_down.weight,18,Layer,ffn_down.weight,6291456,908688608,914980064
LAYER_MAJOR_ROLE_ORDER,210,123,blk.19.attn_norm.weight,19,Layer,attn_norm.weight,4096,914980064,914984160
LAYER_MAJOR_ROLE_ORDER,211,132,blk.19.attn_q.weight,19,Layer,attn_q.weight,4194304,914984160,919178464
LAYER_MAJOR_ROLE_ORDER,212,131,blk.19.attn_q_norm.weight,19,Layer,attn_q_norm.weight,512,919178464,919178976
LAYER_MAJOR_ROLE_ORDER,213,129,blk.19.attn_k.weight,19,Layer,attn_k.weight,2097152,919178976,921276128
LAYER_MAJOR_ROLE_ORDER,214,128,blk.19.attn_k_norm.weight,19,Layer,attn_k_norm.weight,512,921276128,921276640
LAYER_MAJOR_ROLE_ORDER,215,133,blk.19.attn_v.weight,19,Layer,attn_v.weight,2097152,921276640,923373792
LAYER_MAJOR_ROLE_ORDER,216,130,blk.19.attn_output.weight,19,Layer,attn_output.weight,4194304,923373792,927568096
LAYER_MAJOR_ROLE_ORDER,217,127,blk.19.ffn_norm.weight,19,Layer,ffn_norm.weight,4096,927568096,927572192
LAYER_MAJOR_ROLE_ORDER,218,125,blk.19.ffn_gate.weight,19,Layer,ffn_gate.weight,6291456,927572192,933863648
LAYER_MAJOR_ROLE_ORDER,219,126,blk.19.ffn_up.weight,19,Layer,ffn_up.weight,6291456,933863648,940155104
LAYER_MAJOR_ROLE_ORDER,220,124,blk.19.ffn_down.weight,19,Layer,ffn_down.weight,6291456,940155104,946446560
LAYER_MAJOR_ROLE_ORDER,221,145,blk.20.attn_norm.weight,20,Layer,attn_norm.weight,4096,946446560,946450656
LAYER_MAJOR_ROLE_ORDER,222,154,blk.20.attn_q.weight,20,Layer,attn_q.weight,4194304,946450656,950644960
LAYER_MAJOR_ROLE_ORDER,223,153,blk.20.attn_q_norm.weight,20,Layer,attn_q_norm.weight,512,950644960,950645472
LAYER_MAJOR_ROLE_ORDER,224,151,blk.20.attn_k.weight,20,Layer,attn_k.weight,2097152,950645472,952742624
LAYER_MAJOR_ROLE_ORDER,225,150,blk.20.attn_k_norm.weight,20,Layer,attn_k_norm.weight,512,952742624,952743136
LAYER_MAJOR_ROLE_ORDER,226,155,blk.20.attn_v.weight,20,Layer,attn_v.weight,2097152,952743136,954840288
LAYER_MAJOR_ROLE_ORDER,227,152,blk.20.attn_output.weight,20,Layer,attn_output.weight,4194304,954840288,959034592
LAYER_MAJOR_ROLE_ORDER,228,149,blk.20.ffn_norm.weight,20,Layer,ffn_norm.weight,4096,959034592,959038688
LAYER_MAJOR_ROLE_ORDER,229,147,blk.20.ffn_gate.weight,20,Layer,ffn_gate.weight,6291456,959038688,965330144
LAYER_MAJOR_ROLE_ORDER,230,148,blk.20.ffn_up.weight,20,Layer,ffn_up.weight,6291456,965330144,971621600
LAYER_MAJOR_ROLE_ORDER,231,146,blk.20.ffn_down.weight,20,Layer,ffn_down.weight,6291456,971621600,977913056
LAYER_MAJOR_ROLE_ORDER,232,156,blk.21.attn_norm.weight,21,Layer,attn_norm.weight,4096,977913056,977917152
LAYER_MAJOR_ROLE_ORDER,233,165,blk.21.attn_q.weight,21,Layer,attn_q.weight,4194304,977917152,982111456
LAYER_MAJOR_ROLE_ORDER,234,164,blk.21.attn_q_norm.weight,21,Layer,attn_q_norm.weight,512,982111456,982111968
LAYER_MAJOR_ROLE_ORDER,235,162,blk.21.attn_k.weight,21,Layer,attn_k.weight,2097152,982111968,984209120
LAYER_MAJOR_ROLE_ORDER,236,161,blk.21.attn_k_norm.weight,21,Layer,attn_k_norm.weight,512,984209120,984209632
LAYER_MAJOR_ROLE_ORDER,237,166,blk.21.attn_v.weight,21,Layer,attn_v.weight,2097152,984209632,986306784
LAYER_MAJOR_ROLE_ORDER,238,163,blk.21.attn_output.weight,21,Layer,attn_output.weight,4194304,986306784,990501088
LAYER_MAJOR_ROLE_ORDER,239,160,blk.21.ffn_norm.weight,21,Layer,ffn_norm.weight,4096,990501088,990505184
LAYER_MAJOR_ROLE_ORDER,240,158,blk.21.ffn_gate.weight,21,Layer,ffn_gate.weight,6291456,990505184,996796640
LAYER_MAJOR_ROLE_ORDER,241,159,blk.21.ffn_up.weight,21,Layer,ffn_up.weight,6291456,996796640,1003088096
LAYER_MAJOR_ROLE_ORDER,242,157,blk.21.ffn_down.weight,21,Layer,ffn_down.weight,6291456,1003088096,1009379552
LAYER_MAJOR_ROLE_ORDER,243,167,blk.22.attn_norm.weight,22,Layer,attn_norm.weight,4096,1009379552,1009383648
LAYER_MAJOR_ROLE_ORDER,244,176,blk.22.attn_q.weight,22,Layer,attn_q.weight,4194304,1009383648,1013577952
LAYER_MAJOR_ROLE_ORDER,245,175,blk.22.attn_q_norm.weight,22,Layer,attn_q_norm.weight,512,1013577952,1013578464
LAYER_MAJOR_ROLE_ORDER,246,173,blk.22.attn_k.weight,22,Layer,attn_k.weight,2097152,1013578464,1015675616
LAYER_MAJOR_ROLE_ORDER,247,172,blk.22.attn_k_norm.weight,22,Layer,attn_k_norm.weight,512,1015675616,1015676128
LAYER_MAJOR_ROLE_ORDER,248,177,blk.22.attn_v.weight,22,Layer,attn_v.weight,2097152,1015676128,1017773280
LAYER_MAJOR_ROLE_ORDER,249,174,blk.22.attn_output.weight,22,Layer,attn_output.weight,4194304,1017773280,1021967584
LAYER_MAJOR_ROLE_ORDER,250,171,blk.22.ffn_norm.weight,22,Layer,ffn_norm.weight,4096,1021967584,1021971680
LAYER_MAJOR_ROLE_ORDER,251,169,blk.22.ffn_gate.weight,22,Layer,ffn_gate.weight,6291456,1021971680,1028263136
LAYER_MAJOR_ROLE_ORDER,252,170,blk.22.ffn_up.weight,22,Layer,ffn_up.weight,6291456,1028263136,1034554592
LAYER_MAJOR_ROLE_ORDER,253,168,blk.22.ffn_down.weight,22,Layer,ffn_down.weight,6291456,1034554592,1040846048
LAYER_MAJOR_ROLE_ORDER,254,178,blk.23.attn_norm.weight,23,Layer,attn_norm.weight,4096,1040846048,1040850144
LAYER_MAJOR_ROLE_ORDER,255,187,blk.23.attn_q.weight,23,Layer,attn_q.weight,4194304,1040850144,1045044448
LAYER_MAJOR_ROLE_ORDER,256,186,blk.23.attn_q_norm.weight,23,Layer,attn_q_norm.weight,512,1045044448,1045044960
LAYER_MAJOR_ROLE_ORDER,257,184,blk.23.attn_k.weight,23,Layer,attn_k.weight,2097152,1045044960,1047142112
LAYER_MAJOR_ROLE_ORDER,258,183,blk.23.attn_k_norm.weight,23,Layer,attn_k_norm.weight,512,1047142112,1047142624
LAYER_MAJOR_ROLE_ORDER,259,188,blk.23.attn_v.weight,23,Layer,attn_v.weight,2097152,1047142624,1049239776
LAYER_MAJOR_ROLE_ORDER,260,185,blk.23.attn_output.weight,23,Layer,attn_output.weight,4194304,1049239776,1053434080
LAYER_MAJOR_ROLE_ORDER,261,182,blk.23.ffn_norm.weight,23,Layer,ffn_norm.weight,4096,1053434080,1053438176
LAYER_MAJOR_ROLE_ORDER,262,180,blk.23.ffn_gate.weight,23,Layer,ffn_gate.weight,6291456,1053438176,1059729632
LAYER_MAJOR_ROLE_ORDER,263,181,blk.23.ffn_up.weight,23,Layer,ffn_up.weight,6291456,1059729632,1066021088
LAYER_MAJOR_ROLE_ORDER,264,179,blk.23.ffn_down.weight,23,Layer,ffn_down.weight,6291456,1066021088,1072312544
LAYER_MAJOR_ROLE_ORDER,265,189,blk.24.attn_norm.weight,24,Layer,attn_norm.weight,4096,1072312544,1072316640
LAYER_MAJOR_ROLE_ORDER,266,198,blk.24.attn_q.weight,24,Layer,attn_q.weight,4194304,1072316640,1076510944
LAYER_MAJOR_ROLE_ORDER,267,197,blk.24.attn_q_norm.weight,24,Layer,attn_q_norm.weight,512,1076510944,1076511456
LAYER_MAJOR_ROLE_ORDER,268,195,blk.24.attn_k.weight,24,Layer,attn_k.weight,2097152,1076511456,1078608608
LAYER_MAJOR_ROLE_ORDER,269,194,blk.24.attn_k_norm.weight,24,Layer,attn_k_norm.weight,512,1078608608,1078609120
LAYER_MAJOR_ROLE_ORDER,270,199,blk.24.attn_v.weight,24,Layer,attn_v.weight,2097152,1078609120,1080706272
LAYER_MAJOR_ROLE_ORDER,271,196,blk.24.attn_output.weight,24,Layer,attn_output.weight,4194304,1080706272,1084900576
LAYER_MAJOR_ROLE_ORDER,272,193,blk.24.ffn_norm.weight,24,Layer,ffn_norm.weight,4096,1084900576,1084904672
LAYER_MAJOR_ROLE_ORDER,273,191,blk.24.ffn_gate.weight,24,Layer,ffn_gate.weight,6291456,1084904672,1091196128
LAYER_MAJOR_ROLE_ORDER,274,192,blk.24.ffn_up.weight,24,Layer,ffn_up.weight,6291456,1091196128,1097487584
LAYER_MAJOR_ROLE_ORDER,275,190,blk.24.ffn_down.weight,24,Layer,ffn_down.weight,6291456,1097487584,1103779040
LAYER_MAJOR_ROLE_ORDER,276,200,blk.25.attn_norm.weight,25,Layer,attn_norm.weight,4096,1103779040,1103783136
LAYER_MAJOR_ROLE_ORDER,277,209,blk.25.attn_q.weight,25,Layer,attn_q.weight,4194304,1103783136,1107977440
LAYER_MAJOR_ROLE_ORDER,278,208,blk.25.attn_q_norm.weight,25,Layer,attn_q_norm.weight,512,1107977440,1107977952
LAYER_MAJOR_ROLE_ORDER,279,206,blk.25.attn_k.weight,25,Layer,attn_k.weight,2097152,1107977952,1110075104
LAYER_MAJOR_ROLE_ORDER,280,205,blk.25.attn_k_norm.weight,25,Layer,attn_k_norm.weight,512,1110075104,1110075616
LAYER_MAJOR_ROLE_ORDER,281,210,blk.25.attn_v.weight,25,Layer,attn_v.weight,2097152,1110075616,1112172768
LAYER_MAJOR_ROLE_ORDER,282,207,blk.25.attn_output.weight,25,Layer,attn_output.weight,4194304,1112172768,1116367072
LAYER_MAJOR_ROLE_ORDER,283,204,blk.25.ffn_norm.weight,25,Layer,ffn_norm.weight,4096,1116367072,1116371168
LAYER_MAJOR_ROLE_ORDER,284,202,blk.25.ffn_gate.weight,25,Layer,ffn_gate.weight,6291456,1116371168,1122662624
LAYER_MAJOR_ROLE_ORDER,285,203,blk.25.ffn_up.weight,25,Layer,ffn_up.weight,6291456,1122662624,1128954080
LAYER_MAJOR_ROLE_ORDER,286,201,blk.25.ffn_down.weight,25,Layer,ffn_down.weight,6291456,1128954080,1135245536
LAYER_MAJOR_ROLE_ORDER,287,211,blk.26.attn_norm.weight,26,Layer,attn_norm.weight,4096,1135245536,1135249632
LAYER_MAJOR_ROLE_ORDER,288,220,blk.26.attn_q.weight,26,Layer,attn_q.weight,4194304,1135249632,1139443936
LAYER_MAJOR_ROLE_ORDER,289,219,blk.26.attn_q_norm.weight,26,Layer,attn_q_norm.weight,512,1139443936,1139444448
LAYER_MAJOR_ROLE_ORDER,290,217,blk.26.attn_k.weight,26,Layer,attn_k.weight,2097152,1139444448,1141541600
LAYER_MAJOR_ROLE_ORDER,291,216,blk.26.attn_k_norm.weight,26,Layer,attn_k_norm.weight,512,1141541600,1141542112
LAYER_MAJOR_ROLE_ORDER,292,221,blk.26.attn_v.weight,26,Layer,attn_v.weight,2097152,1141542112,1143639264
LAYER_MAJOR_ROLE_ORDER,293,218,blk.26.attn_output.weight,26,Layer,attn_output.weight,4194304,1143639264,1147833568
LAYER_MAJOR_ROLE_ORDER,294,215,blk.26.ffn_norm.weight,26,Layer,ffn_norm.weight,4096,1147833568,1147837664
LAYER_MAJOR_ROLE_ORDER,295,213,blk.26.ffn_gate.weight,26,Layer,ffn_gate.weight,6291456,1147837664,1154129120
LAYER_MAJOR_ROLE_ORDER,296,214,blk.26.ffn_up.weight,26,Layer,ffn_up.weight,6291456,1154129120,1160420576
LAYER_MAJOR_ROLE_ORDER,297,212,blk.26.ffn_down.weight,26,Layer,ffn_down.weight,6291456,1160420576,1166712032
LAYER_MAJOR_ROLE_ORDER,298,222,blk.27.attn_norm.weight,27,Layer,attn_norm.weight,4096,1166712032,1166716128
LAYER_MAJOR_ROLE_ORDER,299,231,blk.27.attn_q.weight,27,Layer,attn_q.weight,4194304,1166716128,1170910432
LAYER_MAJOR_ROLE_ORDER,300,230,blk.27.attn_q_norm.weight,27,Layer,attn_q_norm.weight,512,1170910432,1170910944
LAYER_MAJOR_ROLE_ORDER,301,228,blk.27.attn_k.weight,27,Layer,attn_k.weight,2097152,1170910944,1173008096
LAYER_MAJOR_ROLE_ORDER,302,227,blk.27.attn_k_norm.weight,27,Layer,attn_k_norm.weight,512,1173008096,1173008608
LAYER_MAJOR_ROLE_ORDER,303,232,blk.27.attn_v.weight,27,Layer,attn_v.weight,2097152,1173008608,1175105760
LAYER_MAJOR_ROLE_ORDER,304,229,blk.27.attn_output.weight,27,Layer,attn_output.weight,4194304,1175105760,1179300064
LAYER_MAJOR_ROLE_ORDER,305,226,blk.27.ffn_norm.weight,27,Layer,ffn_norm.weight,4096,1179300064,1179304160
LAYER_MAJOR_ROLE_ORDER,306,224,blk.27.ffn_gate.weight,27,Layer,ffn_gate.weight,6291456,1179304160,1185595616
LAYER_MAJOR_ROLE_ORDER,307,225,blk.27.ffn_up.weight,27,Layer,ffn_up.weight,6291456,1185595616,1191887072
LAYER_MAJOR_ROLE_ORDER,308,223,blk.27.ffn_down.weight,27,Layer,ffn_down.weight,6291456,1191887072,1198178528
LAYER_MAJOR_ROLE_ORDER,309,0,output.weight,,GlobalPost,OutputProjection,311164928,1198178528,1509343456
LAYER_MAJOR_ROLE_ORDER,310,310,output_norm.weight,,GlobalPost,FinalNorm,4096,1509343456,1509347552
PREFIX_FRIENDLY,0,1,token_embd.weight,,GlobalPre,TokenEmbedding,311164928,5951712,317116640
PREFIX_FRIENDLY,1,2,blk.0.attn_norm.weight,0,Layer,attn_norm.weight,4096,317116640,317120736
PREFIX_FRIENDLY,2,11,blk.0.attn_q.weight,0,Layer,attn_q.weight,4194304,317120736,321315040
PREFIX_FRIENDLY,3,10,blk.0.attn_q_norm.weight,0,Layer,attn_q_norm.weight,512,321315040,321315552
PREFIX_FRIENDLY,4,8,blk.0.attn_k.weight,0,Layer,attn_k.weight,2097152,321315552,323412704
PREFIX_FRIENDLY,5,7,blk.0.attn_k_norm.weight,0,Layer,attn_k_norm.weight,512,323412704,323413216
PREFIX_FRIENDLY,6,12,blk.0.attn_v.weight,0,Layer,attn_v.weight,2097152,323413216,325510368
PREFIX_FRIENDLY,7,9,blk.0.attn_output.weight,0,Layer,attn_output.weight,4194304,325510368,329704672
PREFIX_FRIENDLY,8,6,blk.0.ffn_norm.weight,0,Layer,ffn_norm.weight,4096,329704672,329708768
PREFIX_FRIENDLY,9,4,blk.0.ffn_gate.weight,0,Layer,ffn_gate.weight,6291456,329708768,336000224
PREFIX_FRIENDLY,10,5,blk.0.ffn_up.weight,0,Layer,ffn_up.weight,6291456,336000224,342291680
PREFIX_FRIENDLY,11,3,blk.0.ffn_down.weight,0,Layer,ffn_down.weight,6291456,342291680,348583136
PREFIX_FRIENDLY,12,13,blk.1.attn_norm.weight,1,Layer,attn_norm.weight,4096,348583136,348587232
PREFIX_FRIENDLY,13,22,blk.1.attn_q.weight,1,Layer,attn_q.weight,4194304,348587232,352781536
PREFIX_FRIENDLY,14,21,blk.1.attn_q_norm.weight,1,Layer,attn_q_norm.weight,512,352781536,352782048
PREFIX_FRIENDLY,15,19,blk.1.attn_k.weight,1,Layer,attn_k.weight,2097152,352782048,354879200
PREFIX_FRIENDLY,16,18,blk.1.attn_k_norm.weight,1,Layer,attn_k_norm.weight,512,354879200,354879712
PREFIX_FRIENDLY,17,23,blk.1.attn_v.weight,1,Layer,attn_v.weight,2097152,354879712,356976864
PREFIX_FRIENDLY,18,20,blk.1.attn_output.weight,1,Layer,attn_output.weight,4194304,356976864,361171168
PREFIX_FRIENDLY,19,17,blk.1.ffn_norm.weight,1,Layer,ffn_norm.weight,4096,361171168,361175264
PREFIX_FRIENDLY,20,15,blk.1.ffn_gate.weight,1,Layer,ffn_gate.weight,6291456,361175264,367466720
PREFIX_FRIENDLY,21,16,blk.1.ffn_up.weight,1,Layer,ffn_up.weight,6291456,367466720,373758176
PREFIX_FRIENDLY,22,14,blk.1.ffn_down.weight,1,Layer,ffn_down.weight,6291456,373758176,380049632
PREFIX_FRIENDLY,23,134,blk.2.attn_norm.weight,2,Layer,attn_norm.weight,4096,380049632,380053728
PREFIX_FRIENDLY,24,143,blk.2.attn_q.weight,2,Layer,attn_q.weight,4194304,380053728,384248032
PREFIX_FRIENDLY,25,142,blk.2.attn_q_norm.weight,2,Layer,attn_q_norm.weight,512,384248032,384248544
PREFIX_FRIENDLY,26,140,blk.2.attn_k.weight,2,Layer,attn_k.weight,2097152,384248544,386345696
PREFIX_FRIENDLY,27,139,blk.2.attn_k_norm.weight,2,Layer,attn_k_norm.weight,512,386345696,386346208
PREFIX_FRIENDLY,28,144,blk.2.attn_v.weight,2,Layer,attn_v.weight,2097152,386346208,388443360
PREFIX_FRIENDLY,29,141,blk.2.attn_output.weight,2,Layer,attn_output.weight,4194304,388443360,392637664
PREFIX_FRIENDLY,30,138,blk.2.ffn_norm.weight,2,Layer,ffn_norm.weight,4096,392637664,392641760
PREFIX_FRIENDLY,31,136,blk.2.ffn_gate.weight,2,Layer,ffn_gate.weight,6291456,392641760,398933216
PREFIX_FRIENDLY,32,137,blk.2.ffn_up.weight,2,Layer,ffn_up.weight,6291456,398933216,405224672
PREFIX_FRIENDLY,33,135,blk.2.ffn_down.weight,2,Layer,ffn_down.weight,6291456,405224672,411516128
PREFIX_FRIENDLY,34,233,blk.3.attn_norm.weight,3,Layer,attn_norm.weight,4096,411516128,411520224
PREFIX_FRIENDLY,35,242,blk.3.attn_q.weight,3,Layer,attn_q.weight,4194304,411520224,415714528
PREFIX_FRIENDLY,36,241,blk.3.attn_q_norm.weight,3,Layer,attn_q_norm.weight,512,415714528,415715040
PREFIX_FRIENDLY,37,239,blk.3.attn_k.weight,3,Layer,attn_k.weight,2097152,415715040,417812192
PREFIX_FRIENDLY,38,238,blk.3.attn_k_norm.weight,3,Layer,attn_k_norm.weight,512,417812192,417812704
PREFIX_FRIENDLY,39,243,blk.3.attn_v.weight,3,Layer,attn_v.weight,2097152,417812704,419909856
PREFIX_FRIENDLY,40,240,blk.3.attn_output.weight,3,Layer,attn_output.weight,4194304,419909856,424104160
PREFIX_FRIENDLY,41,237,blk.3.ffn_norm.weight,3,Layer,ffn_norm.weight,4096,424104160,424108256
PREFIX_FRIENDLY,42,235,blk.3.ffn_gate.weight,3,Layer,ffn_gate.weight,6291456,424108256,430399712
PREFIX_FRIENDLY,43,236,blk.3.ffn_up.weight,3,Layer,ffn_up.weight,6291456,430399712,436691168
PREFIX_FRIENDLY,44,234,blk.3.ffn_down.weight,3,Layer,ffn_down.weight,6291456,436691168,442982624
PREFIX_FRIENDLY,45,244,blk.4.attn_norm.weight,4,Layer,attn_norm.weight,4096,442982624,442986720
PREFIX_FRIENDLY,46,253,blk.4.attn_q.weight,4,Layer,attn_q.weight,4194304,442986720,447181024
PREFIX_FRIENDLY,47,252,blk.4.attn_q_norm.weight,4,Layer,attn_q_norm.weight,512,447181024,447181536
PREFIX_FRIENDLY,48,250,blk.4.attn_k.weight,4,Layer,attn_k.weight,2097152,447181536,449278688
PREFIX_FRIENDLY,49,249,blk.4.attn_k_norm.weight,4,Layer,attn_k_norm.weight,512,449278688,449279200
PREFIX_FRIENDLY,50,254,blk.4.attn_v.weight,4,Layer,attn_v.weight,2097152,449279200,451376352
PREFIX_FRIENDLY,51,251,blk.4.attn_output.weight,4,Layer,attn_output.weight,4194304,451376352,455570656
PREFIX_FRIENDLY,52,248,blk.4.ffn_norm.weight,4,Layer,ffn_norm.weight,4096,455570656,455574752
PREFIX_FRIENDLY,53,246,blk.4.ffn_gate.weight,4,Layer,ffn_gate.weight,6291456,455574752,461866208
PREFIX_FRIENDLY,54,247,blk.4.ffn_up.weight,4,Layer,ffn_up.weight,6291456,461866208,468157664
PREFIX_FRIENDLY,55,245,blk.4.ffn_down.weight,4,Layer,ffn_down.weight,6291456,468157664,474449120
PREFIX_FRIENDLY,56,255,blk.5.attn_norm.weight,5,Layer,attn_norm.weight,4096,474449120,474453216
PREFIX_FRIENDLY,57,264,blk.5.attn_q.weight,5,Layer,attn_q.weight,4194304,474453216,478647520
PREFIX_FRIENDLY,58,263,blk.5.attn_q_norm.weight,5,Layer,attn_q_norm.weight,512,478647520,478648032
PREFIX_FRIENDLY,59,261,blk.5.attn_k.weight,5,Layer,attn_k.weight,2097152,478648032,480745184
PREFIX_FRIENDLY,60,260,blk.5.attn_k_norm.weight,5,Layer,attn_k_norm.weight,512,480745184,480745696
PREFIX_FRIENDLY,61,265,blk.5.attn_v.weight,5,Layer,attn_v.weight,2097152,480745696,482842848
PREFIX_FRIENDLY,62,262,blk.5.attn_output.weight,5,Layer,attn_output.weight,4194304,482842848,487037152
PREFIX_FRIENDLY,63,259,blk.5.ffn_norm.weight,5,Layer,ffn_norm.weight,4096,487037152,487041248
PREFIX_FRIENDLY,64,257,blk.5.ffn_gate.weight,5,Layer,ffn_gate.weight,6291456,487041248,493332704
PREFIX_FRIENDLY,65,258,blk.5.ffn_up.weight,5,Layer,ffn_up.weight,6291456,493332704,499624160
PREFIX_FRIENDLY,66,256,blk.5.ffn_down.weight,5,Layer,ffn_down.weight,6291456,499624160,505915616
PREFIX_FRIENDLY,67,266,blk.6.attn_norm.weight,6,Layer,attn_norm.weight,4096,505915616,505919712
PREFIX_FRIENDLY,68,275,blk.6.attn_q.weight,6,Layer,attn_q.weight,4194304,505919712,510114016
PREFIX_FRIENDLY,69,274,blk.6.attn_q_norm.weight,6,Layer,attn_q_norm.weight,512,510114016,510114528
PREFIX_FRIENDLY,70,272,blk.6.attn_k.weight,6,Layer,attn_k.weight,2097152,510114528,512211680
PREFIX_FRIENDLY,71,271,blk.6.attn_k_norm.weight,6,Layer,attn_k_norm.weight,512,512211680,512212192
PREFIX_FRIENDLY,72,276,blk.6.attn_v.weight,6,Layer,attn_v.weight,2097152,512212192,514309344
PREFIX_FRIENDLY,73,273,blk.6.attn_output.weight,6,Layer,attn_output.weight,4194304,514309344,518503648
PREFIX_FRIENDLY,74,270,blk.6.ffn_norm.weight,6,Layer,ffn_norm.weight,4096,518503648,518507744
PREFIX_FRIENDLY,75,268,blk.6.ffn_gate.weight,6,Layer,ffn_gate.weight,6291456,518507744,524799200
PREFIX_FRIENDLY,76,269,blk.6.ffn_up.weight,6,Layer,ffn_up.weight,6291456,524799200,531090656
PREFIX_FRIENDLY,77,267,blk.6.ffn_down.weight,6,Layer,ffn_down.weight,6291456,531090656,537382112
PREFIX_FRIENDLY,78,277,blk.7.attn_norm.weight,7,Layer,attn_norm.weight,4096,537382112,537386208
PREFIX_FRIENDLY,79,286,blk.7.attn_q.weight,7,Layer,attn_q.weight,4194304,537386208,541580512
PREFIX_FRIENDLY,80,285,blk.7.attn_q_norm.weight,7,Layer,attn_q_norm.weight,512,541580512,541581024
PREFIX_FRIENDLY,81,283,blk.7.attn_k.weight,7,Layer,attn_k.weight,2097152,541581024,543678176
PREFIX_FRIENDLY,82,282,blk.7.attn_k_norm.weight,7,Layer,attn_k_norm.weight,512,543678176,543678688
PREFIX_FRIENDLY,83,287,blk.7.attn_v.weight,7,Layer,attn_v.weight,2097152,543678688,545775840
PREFIX_FRIENDLY,84,284,blk.7.attn_output.weight,7,Layer,attn_output.weight,4194304,545775840,549970144
PREFIX_FRIENDLY,85,281,blk.7.ffn_norm.weight,7,Layer,ffn_norm.weight,4096,549970144,549974240
PREFIX_FRIENDLY,86,279,blk.7.ffn_gate.weight,7,Layer,ffn_gate.weight,6291456,549974240,556265696
PREFIX_FRIENDLY,87,280,blk.7.ffn_up.weight,7,Layer,ffn_up.weight,6291456,556265696,562557152
PREFIX_FRIENDLY,88,278,blk.7.ffn_down.weight,7,Layer,ffn_down.weight,6291456,562557152,568848608
PREFIX_FRIENDLY,89,288,blk.8.attn_norm.weight,8,Layer,attn_norm.weight,4096,568848608,568852704
PREFIX_FRIENDLY,90,297,blk.8.attn_q.weight,8,Layer,attn_q.weight,4194304,568852704,573047008
PREFIX_FRIENDLY,91,296,blk.8.attn_q_norm.weight,8,Layer,attn_q_norm.weight,512,573047008,573047520
PREFIX_FRIENDLY,92,294,blk.8.attn_k.weight,8,Layer,attn_k.weight,2097152,573047520,575144672
PREFIX_FRIENDLY,93,293,blk.8.attn_k_norm.weight,8,Layer,attn_k_norm.weight,512,575144672,575145184
PREFIX_FRIENDLY,94,298,blk.8.attn_v.weight,8,Layer,attn_v.weight,2097152,575145184,577242336
PREFIX_FRIENDLY,95,295,blk.8.attn_output.weight,8,Layer,attn_output.weight,4194304,577242336,581436640
PREFIX_FRIENDLY,96,292,blk.8.ffn_norm.weight,8,Layer,ffn_norm.weight,4096,581436640,581440736
PREFIX_FRIENDLY,97,290,blk.8.ffn_gate.weight,8,Layer,ffn_gate.weight,6291456,581440736,587732192
PREFIX_FRIENDLY,98,291,blk.8.ffn_up.weight,8,Layer,ffn_up.weight,6291456,587732192,594023648
PREFIX_FRIENDLY,99,289,blk.8.ffn_down.weight,8,Layer,ffn_down.weight,6291456,594023648,600315104
PREFIX_FRIENDLY,100,299,blk.9.attn_norm.weight,9,Layer,attn_norm.weight,4096,600315104,600319200
PREFIX_FRIENDLY,101,308,blk.9.attn_q.weight,9,Layer,attn_q.weight,4194304,600319200,604513504
PREFIX_FRIENDLY,102,307,blk.9.attn_q_norm.weight,9,Layer,attn_q_norm.weight,512,604513504,604514016
PREFIX_FRIENDLY,103,305,blk.9.attn_k.weight,9,Layer,attn_k.weight,2097152,604514016,606611168
PREFIX_FRIENDLY,104,304,blk.9.attn_k_norm.weight,9,Layer,attn_k_norm.weight,512,606611168,606611680
PREFIX_FRIENDLY,105,309,blk.9.attn_v.weight,9,Layer,attn_v.weight,2097152,606611680,608708832
PREFIX_FRIENDLY,106,306,blk.9.attn_output.weight,9,Layer,attn_output.weight,4194304,608708832,612903136
PREFIX_FRIENDLY,107,303,blk.9.ffn_norm.weight,9,Layer,ffn_norm.weight,4096,612903136,612907232
PREFIX_FRIENDLY,108,301,blk.9.ffn_gate.weight,9,Layer,ffn_gate.weight,6291456,612907232,619198688
PREFIX_FRIENDLY,109,302,blk.9.ffn_up.weight,9,Layer,ffn_up.weight,6291456,619198688,625490144
PREFIX_FRIENDLY,110,300,blk.9.ffn_down.weight,9,Layer,ffn_down.weight,6291456,625490144,631781600
PREFIX_FRIENDLY,111,24,blk.10.attn_norm.weight,10,Layer,attn_norm.weight,4096,631781600,631785696
PREFIX_FRIENDLY,112,33,blk.10.attn_q.weight,10,Layer,attn_q.weight,4194304,631785696,635980000
PREFIX_FRIENDLY,113,32,blk.10.attn_q_norm.weight,10,Layer,attn_q_norm.weight,512,635980000,635980512
PREFIX_FRIENDLY,114,30,blk.10.attn_k.weight,10,Layer,attn_k.weight,2097152,635980512,638077664
PREFIX_FRIENDLY,115,29,blk.10.attn_k_norm.weight,10,Layer,attn_k_norm.weight,512,638077664,638078176
PREFIX_FRIENDLY,116,34,blk.10.attn_v.weight,10,Layer,attn_v.weight,2097152,638078176,640175328
PREFIX_FRIENDLY,117,31,blk.10.attn_output.weight,10,Layer,attn_output.weight,4194304,640175328,644369632
PREFIX_FRIENDLY,118,28,blk.10.ffn_norm.weight,10,Layer,ffn_norm.weight,4096,644369632,644373728
PREFIX_FRIENDLY,119,26,blk.10.ffn_gate.weight,10,Layer,ffn_gate.weight,6291456,644373728,650665184
PREFIX_FRIENDLY,120,27,blk.10.ffn_up.weight,10,Layer,ffn_up.weight,6291456,650665184,656956640
PREFIX_FRIENDLY,121,25,blk.10.ffn_down.weight,10,Layer,ffn_down.weight,6291456,656956640,663248096
PREFIX_FRIENDLY,122,35,blk.11.attn_norm.weight,11,Layer,attn_norm.weight,4096,663248096,663252192
PREFIX_FRIENDLY,123,44,blk.11.attn_q.weight,11,Layer,attn_q.weight,4194304,663252192,667446496
PREFIX_FRIENDLY,124,43,blk.11.attn_q_norm.weight,11,Layer,attn_q_norm.weight,512,667446496,667447008
PREFIX_FRIENDLY,125,41,blk.11.attn_k.weight,11,Layer,attn_k.weight,2097152,667447008,669544160
PREFIX_FRIENDLY,126,40,blk.11.attn_k_norm.weight,11,Layer,attn_k_norm.weight,512,669544160,669544672
PREFIX_FRIENDLY,127,45,blk.11.attn_v.weight,11,Layer,attn_v.weight,2097152,669544672,671641824
PREFIX_FRIENDLY,128,42,blk.11.attn_output.weight,11,Layer,attn_output.weight,4194304,671641824,675836128
PREFIX_FRIENDLY,129,39,blk.11.ffn_norm.weight,11,Layer,ffn_norm.weight,4096,675836128,675840224
PREFIX_FRIENDLY,130,37,blk.11.ffn_gate.weight,11,Layer,ffn_gate.weight,6291456,675840224,682131680
PREFIX_FRIENDLY,131,38,blk.11.ffn_up.weight,11,Layer,ffn_up.weight,6291456,682131680,688423136
PREFIX_FRIENDLY,132,36,blk.11.ffn_down.weight,11,Layer,ffn_down.weight,6291456,688423136,694714592
PREFIX_FRIENDLY,133,46,blk.12.attn_norm.weight,12,Layer,attn_norm.weight,4096,694714592,694718688
PREFIX_FRIENDLY,134,55,blk.12.attn_q.weight,12,Layer,attn_q.weight,4194304,694718688,698912992
PREFIX_FRIENDLY,135,54,blk.12.attn_q_norm.weight,12,Layer,attn_q_norm.weight,512,698912992,698913504
PREFIX_FRIENDLY,136,52,blk.12.attn_k.weight,12,Layer,attn_k.weight,2097152,698913504,701010656
PREFIX_FRIENDLY,137,51,blk.12.attn_k_norm.weight,12,Layer,attn_k_norm.weight,512,701010656,701011168
PREFIX_FRIENDLY,138,56,blk.12.attn_v.weight,12,Layer,attn_v.weight,2097152,701011168,703108320
PREFIX_FRIENDLY,139,53,blk.12.attn_output.weight,12,Layer,attn_output.weight,4194304,703108320,707302624
PREFIX_FRIENDLY,140,50,blk.12.ffn_norm.weight,12,Layer,ffn_norm.weight,4096,707302624,707306720
PREFIX_FRIENDLY,141,48,blk.12.ffn_gate.weight,12,Layer,ffn_gate.weight,6291456,707306720,713598176
PREFIX_FRIENDLY,142,49,blk.12.ffn_up.weight,12,Layer,ffn_up.weight,6291456,713598176,719889632
PREFIX_FRIENDLY,143,47,blk.12.ffn_down.weight,12,Layer,ffn_down.weight,6291456,719889632,726181088
PREFIX_FRIENDLY,144,57,blk.13.attn_norm.weight,13,Layer,attn_norm.weight,4096,726181088,726185184
PREFIX_FRIENDLY,145,66,blk.13.attn_q.weight,13,Layer,attn_q.weight,4194304,726185184,730379488
PREFIX_FRIENDLY,146,65,blk.13.attn_q_norm.weight,13,Layer,attn_q_norm.weight,512,730379488,730380000
PREFIX_FRIENDLY,147,63,blk.13.attn_k.weight,13,Layer,attn_k.weight,2097152,730380000,732477152
PREFIX_FRIENDLY,148,62,blk.13.attn_k_norm.weight,13,Layer,attn_k_norm.weight,512,732477152,732477664
PREFIX_FRIENDLY,149,67,blk.13.attn_v.weight,13,Layer,attn_v.weight,2097152,732477664,734574816
PREFIX_FRIENDLY,150,64,blk.13.attn_output.weight,13,Layer,attn_output.weight,4194304,734574816,738769120
PREFIX_FRIENDLY,151,61,blk.13.ffn_norm.weight,13,Layer,ffn_norm.weight,4096,738769120,738773216
PREFIX_FRIENDLY,152,59,blk.13.ffn_gate.weight,13,Layer,ffn_gate.weight,6291456,738773216,745064672
PREFIX_FRIENDLY,153,60,blk.13.ffn_up.weight,13,Layer,ffn_up.weight,6291456,745064672,751356128
PREFIX_FRIENDLY,154,58,blk.13.ffn_down.weight,13,Layer,ffn_down.weight,6291456,751356128,757647584
PREFIX_FRIENDLY,155,68,blk.14.attn_norm.weight,14,Layer,attn_norm.weight,4096,757647584,757651680
PREFIX_FRIENDLY,156,77,blk.14.attn_q.weight,14,Layer,attn_q.weight,4194304,757651680,761845984
PREFIX_FRIENDLY,157,76,blk.14.attn_q_norm.weight,14,Layer,attn_q_norm.weight,512,761845984,761846496
PREFIX_FRIENDLY,158,74,blk.14.attn_k.weight,14,Layer,attn_k.weight,2097152,761846496,763943648
PREFIX_FRIENDLY,159,73,blk.14.attn_k_norm.weight,14,Layer,attn_k_norm.weight,512,763943648,763944160
PREFIX_FRIENDLY,160,78,blk.14.attn_v.weight,14,Layer,attn_v.weight,2097152,763944160,766041312
PREFIX_FRIENDLY,161,75,blk.14.attn_output.weight,14,Layer,attn_output.weight,4194304,766041312,770235616
PREFIX_FRIENDLY,162,72,blk.14.ffn_norm.weight,14,Layer,ffn_norm.weight,4096,770235616,770239712
PREFIX_FRIENDLY,163,70,blk.14.ffn_gate.weight,14,Layer,ffn_gate.weight,6291456,770239712,776531168
PREFIX_FRIENDLY,164,71,blk.14.ffn_up.weight,14,Layer,ffn_up.weight,6291456,776531168,782822624
PREFIX_FRIENDLY,165,69,blk.14.ffn_down.weight,14,Layer,ffn_down.weight,6291456,782822624,789114080
PREFIX_FRIENDLY,166,79,blk.15.attn_norm.weight,15,Layer,attn_norm.weight,4096,789114080,789118176
PREFIX_FRIENDLY,167,88,blk.15.attn_q.weight,15,Layer,attn_q.weight,4194304,789118176,793312480
PREFIX_FRIENDLY,168,87,blk.15.attn_q_norm.weight,15,Layer,attn_q_norm.weight,512,793312480,793312992
PREFIX_FRIENDLY,169,85,blk.15.attn_k.weight,15,Layer,attn_k.weight,2097152,793312992,795410144
PREFIX_FRIENDLY,170,84,blk.15.attn_k_norm.weight,15,Layer,attn_k_norm.weight,512,795410144,795410656
PREFIX_FRIENDLY,171,89,blk.15.attn_v.weight,15,Layer,attn_v.weight,2097152,795410656,797507808
PREFIX_FRIENDLY,172,86,blk.15.attn_output.weight,15,Layer,attn_output.weight,4194304,797507808,801702112
PREFIX_FRIENDLY,173,83,blk.15.ffn_norm.weight,15,Layer,ffn_norm.weight,4096,801702112,801706208
PREFIX_FRIENDLY,174,81,blk.15.ffn_gate.weight,15,Layer,ffn_gate.weight,6291456,801706208,807997664
PREFIX_FRIENDLY,175,82,blk.15.ffn_up.weight,15,Layer,ffn_up.weight,6291456,807997664,814289120
PREFIX_FRIENDLY,176,80,blk.15.ffn_down.weight,15,Layer,ffn_down.weight,6291456,814289120,820580576
PREFIX_FRIENDLY,177,90,blk.16.attn_norm.weight,16,Layer,attn_norm.weight,4096,820580576,820584672
PREFIX_FRIENDLY,178,99,blk.16.attn_q.weight,16,Layer,attn_q.weight,4194304,820584672,824778976
PREFIX_FRIENDLY,179,98,blk.16.attn_q_norm.weight,16,Layer,attn_q_norm.weight,512,824778976,824779488
PREFIX_FRIENDLY,180,96,blk.16.attn_k.weight,16,Layer,attn_k.weight,2097152,824779488,826876640
PREFIX_FRIENDLY,181,95,blk.16.attn_k_norm.weight,16,Layer,attn_k_norm.weight,512,826876640,826877152
PREFIX_FRIENDLY,182,100,blk.16.attn_v.weight,16,Layer,attn_v.weight,2097152,826877152,828974304
PREFIX_FRIENDLY,183,97,blk.16.attn_output.weight,16,Layer,attn_output.weight,4194304,828974304,833168608
PREFIX_FRIENDLY,184,94,blk.16.ffn_norm.weight,16,Layer,ffn_norm.weight,4096,833168608,833172704
PREFIX_FRIENDLY,185,92,blk.16.ffn_gate.weight,16,Layer,ffn_gate.weight,6291456,833172704,839464160
PREFIX_FRIENDLY,186,93,blk.16.ffn_up.weight,16,Layer,ffn_up.weight,6291456,839464160,845755616
PREFIX_FRIENDLY,187,91,blk.16.ffn_down.weight,16,Layer,ffn_down.weight,6291456,845755616,852047072
PREFIX_FRIENDLY,188,101,blk.17.attn_norm.weight,17,Layer,attn_norm.weight,4096,852047072,852051168
PREFIX_FRIENDLY,189,110,blk.17.attn_q.weight,17,Layer,attn_q.weight,4194304,852051168,856245472
PREFIX_FRIENDLY,190,109,blk.17.attn_q_norm.weight,17,Layer,attn_q_norm.weight,512,856245472,856245984
PREFIX_FRIENDLY,191,107,blk.17.attn_k.weight,17,Layer,attn_k.weight,2097152,856245984,858343136
PREFIX_FRIENDLY,192,106,blk.17.attn_k_norm.weight,17,Layer,attn_k_norm.weight,512,858343136,858343648
PREFIX_FRIENDLY,193,111,blk.17.attn_v.weight,17,Layer,attn_v.weight,2097152,858343648,860440800
PREFIX_FRIENDLY,194,108,blk.17.attn_output.weight,17,Layer,attn_output.weight,4194304,860440800,864635104
PREFIX_FRIENDLY,195,105,blk.17.ffn_norm.weight,17,Layer,ffn_norm.weight,4096,864635104,864639200
PREFIX_FRIENDLY,196,103,blk.17.ffn_gate.weight,17,Layer,ffn_gate.weight,6291456,864639200,870930656
PREFIX_FRIENDLY,197,104,blk.17.ffn_up.weight,17,Layer,ffn_up.weight,6291456,870930656,877222112
PREFIX_FRIENDLY,198,102,blk.17.ffn_down.weight,17,Layer,ffn_down.weight,6291456,877222112,883513568
PREFIX_FRIENDLY,199,112,blk.18.attn_norm.weight,18,Layer,attn_norm.weight,4096,883513568,883517664
PREFIX_FRIENDLY,200,121,blk.18.attn_q.weight,18,Layer,attn_q.weight,4194304,883517664,887711968
PREFIX_FRIENDLY,201,120,blk.18.attn_q_norm.weight,18,Layer,attn_q_norm.weight,512,887711968,887712480
PREFIX_FRIENDLY,202,118,blk.18.attn_k.weight,18,Layer,attn_k.weight,2097152,887712480,889809632
PREFIX_FRIENDLY,203,117,blk.18.attn_k_norm.weight,18,Layer,attn_k_norm.weight,512,889809632,889810144
PREFIX_FRIENDLY,204,122,blk.18.attn_v.weight,18,Layer,attn_v.weight,2097152,889810144,891907296
PREFIX_FRIENDLY,205,119,blk.18.attn_output.weight,18,Layer,attn_output.weight,4194304,891907296,896101600
PREFIX_FRIENDLY,206,116,blk.18.ffn_norm.weight,18,Layer,ffn_norm.weight,4096,896101600,896105696
PREFIX_FRIENDLY,207,114,blk.18.ffn_gate.weight,18,Layer,ffn_gate.weight,6291456,896105696,902397152
PREFIX_FRIENDLY,208,115,blk.18.ffn_up.weight,18,Layer,ffn_up.weight,6291456,902397152,908688608
PREFIX_FRIENDLY,209,113,blk.18.ffn_down.weight,18,Layer,ffn_down.weight,6291456,908688608,914980064
PREFIX_FRIENDLY,210,123,blk.19.attn_norm.weight,19,Layer,attn_norm.weight,4096,914980064,914984160
PREFIX_FRIENDLY,211,132,blk.19.attn_q.weight,19,Layer,attn_q.weight,4194304,914984160,919178464
PREFIX_FRIENDLY,212,131,blk.19.attn_q_norm.weight,19,Layer,attn_q_norm.weight,512,919178464,919178976
PREFIX_FRIENDLY,213,129,blk.19.attn_k.weight,19,Layer,attn_k.weight,2097152,919178976,921276128
PREFIX_FRIENDLY,214,128,blk.19.attn_k_norm.weight,19,Layer,attn_k_norm.weight,512,921276128,921276640
PREFIX_FRIENDLY,215,133,blk.19.attn_v.weight,19,Layer,attn_v.weight,2097152,921276640,923373792
PREFIX_FRIENDLY,216,130,blk.19.attn_output.weight,19,Layer,attn_output.weight,4194304,923373792,927568096
PREFIX_FRIENDLY,217,127,blk.19.ffn_norm.weight,19,Layer,ffn_norm.weight,4096,927568096,927572192
PREFIX_FRIENDLY,218,125,blk.19.ffn_gate.weight,19,Layer,ffn_gate.weight,6291456,927572192,933863648
PREFIX_FRIENDLY,219,126,blk.19.ffn_up.weight,19,Layer,ffn_up.weight,6291456,933863648,940155104
PREFIX_FRIENDLY,220,124,blk.19.ffn_down.weight,19,Layer,ffn_down.weight,6291456,940155104,946446560
PREFIX_FRIENDLY,221,145,blk.20.attn_norm.weight,20,Layer,attn_norm.weight,4096,946446560,946450656
PREFIX_FRIENDLY,222,154,blk.20.attn_q.weight,20,Layer,attn_q.weight,4194304,946450656,950644960
PREFIX_FRIENDLY,223,153,blk.20.attn_q_norm.weight,20,Layer,attn_q_norm.weight,512,950644960,950645472
PREFIX_FRIENDLY,224,151,blk.20.attn_k.weight,20,Layer,attn_k.weight,2097152,950645472,952742624
PREFIX_FRIENDLY,225,150,blk.20.attn_k_norm.weight,20,Layer,attn_k_norm.weight,512,952742624,952743136
PREFIX_FRIENDLY,226,155,blk.20.attn_v.weight,20,Layer,attn_v.weight,2097152,952743136,954840288
PREFIX_FRIENDLY,227,152,blk.20.attn_output.weight,20,Layer,attn_output.weight,4194304,954840288,959034592
PREFIX_FRIENDLY,228,149,blk.20.ffn_norm.weight,20,Layer,ffn_norm.weight,4096,959034592,959038688
PREFIX_FRIENDLY,229,147,blk.20.ffn_gate.weight,20,Layer,ffn_gate.weight,6291456,959038688,965330144
PREFIX_FRIENDLY,230,148,blk.20.ffn_up.weight,20,Layer,ffn_up.weight,6291456,965330144,971621600
PREFIX_FRIENDLY,231,146,blk.20.ffn_down.weight,20,Layer,ffn_down.weight,6291456,971621600,977913056
PREFIX_FRIENDLY,232,156,blk.21.attn_norm.weight,21,Layer,attn_norm.weight,4096,977913056,977917152
PREFIX_FRIENDLY,233,165,blk.21.attn_q.weight,21,Layer,attn_q.weight,4194304,977917152,982111456
PREFIX_FRIENDLY,234,164,blk.21.attn_q_norm.weight,21,Layer,attn_q_norm.weight,512,982111456,982111968
PREFIX_FRIENDLY,235,162,blk.21.attn_k.weight,21,Layer,attn_k.weight,2097152,982111968,984209120
PREFIX_FRIENDLY,236,161,blk.21.attn_k_norm.weight,21,Layer,attn_k_norm.weight,512,984209120,984209632
PREFIX_FRIENDLY,237,166,blk.21.attn_v.weight,21,Layer,attn_v.weight,2097152,984209632,986306784
PREFIX_FRIENDLY,238,163,blk.21.attn_output.weight,21,Layer,attn_output.weight,4194304,986306784,990501088
PREFIX_FRIENDLY,239,160,blk.21.ffn_norm.weight,21,Layer,ffn_norm.weight,4096,990501088,990505184
PREFIX_FRIENDLY,240,158,blk.21.ffn_gate.weight,21,Layer,ffn_gate.weight,6291456,990505184,996796640
PREFIX_FRIENDLY,241,159,blk.21.ffn_up.weight,21,Layer,ffn_up.weight,6291456,996796640,1003088096
PREFIX_FRIENDLY,242,157,blk.21.ffn_down.weight,21,Layer,ffn_down.weight,6291456,1003088096,1009379552
PREFIX_FRIENDLY,243,167,blk.22.attn_norm.weight,22,Layer,attn_norm.weight,4096,1009379552,1009383648
PREFIX_FRIENDLY,244,176,blk.22.attn_q.weight,22,Layer,attn_q.weight,4194304,1009383648,1013577952
PREFIX_FRIENDLY,245,175,blk.22.attn_q_norm.weight,22,Layer,attn_q_norm.weight,512,1013577952,1013578464
PREFIX_FRIENDLY,246,173,blk.22.attn_k.weight,22,Layer,attn_k.weight,2097152,1013578464,1015675616
PREFIX_FRIENDLY,247,172,blk.22.attn_k_norm.weight,22,Layer,attn_k_norm.weight,512,1015675616,1015676128
PREFIX_FRIENDLY,248,177,blk.22.attn_v.weight,22,Layer,attn_v.weight,2097152,1015676128,1017773280
PREFIX_FRIENDLY,249,174,blk.22.attn_output.weight,22,Layer,attn_output.weight,4194304,1017773280,1021967584
PREFIX_FRIENDLY,250,171,blk.22.ffn_norm.weight,22,Layer,ffn_norm.weight,4096,1021967584,1021971680
PREFIX_FRIENDLY,251,169,blk.22.ffn_gate.weight,22,Layer,ffn_gate.weight,6291456,1021971680,1028263136
PREFIX_FRIENDLY,252,170,blk.22.ffn_up.weight,22,Layer,ffn_up.weight,6291456,1028263136,1034554592
PREFIX_FRIENDLY,253,168,blk.22.ffn_down.weight,22,Layer,ffn_down.weight,6291456,1034554592,1040846048
PREFIX_FRIENDLY,254,178,blk.23.attn_norm.weight,23,Layer,attn_norm.weight,4096,1040846048,1040850144
PREFIX_FRIENDLY,255,187,blk.23.attn_q.weight,23,Layer,attn_q.weight,4194304,1040850144,1045044448
PREFIX_FRIENDLY,256,186,blk.23.attn_q_norm.weight,23,Layer,attn_q_norm.weight,512,1045044448,1045044960
PREFIX_FRIENDLY,257,184,blk.23.attn_k.weight,23,Layer,attn_k.weight,2097152,1045044960,1047142112
PREFIX_FRIENDLY,258,183,blk.23.attn_k_norm.weight,23,Layer,attn_k_norm.weight,512,1047142112,1047142624
PREFIX_FRIENDLY,259,188,blk.23.attn_v.weight,23,Layer,attn_v.weight,2097152,1047142624,1049239776
PREFIX_FRIENDLY,260,185,blk.23.attn_output.weight,23,Layer,attn_output.weight,4194304,1049239776,1053434080
PREFIX_FRIENDLY,261,182,blk.23.ffn_norm.weight,23,Layer,ffn_norm.weight,4096,1053434080,1053438176
PREFIX_FRIENDLY,262,180,blk.23.ffn_gate.weight,23,Layer,ffn_gate.weight,6291456,1053438176,1059729632
PREFIX_FRIENDLY,263,181,blk.23.ffn_up.weight,23,Layer,ffn_up.weight,6291456,1059729632,1066021088
PREFIX_FRIENDLY,264,179,blk.23.ffn_down.weight,23,Layer,ffn_down.weight,6291456,1066021088,1072312544
PREFIX_FRIENDLY,265,189,blk.24.attn_norm.weight,24,Layer,attn_norm.weight,4096,1072312544,1072316640
PREFIX_FRIENDLY,266,198,blk.24.attn_q.weight,24,Layer,attn_q.weight,4194304,1072316640,1076510944
PREFIX_FRIENDLY,267,197,blk.24.attn_q_norm.weight,24,Layer,attn_q_norm.weight,512,1076510944,1076511456
PREFIX_FRIENDLY,268,195,blk.24.attn_k.weight,24,Layer,attn_k.weight,2097152,1076511456,1078608608
PREFIX_FRIENDLY,269,194,blk.24.attn_k_norm.weight,24,Layer,attn_k_norm.weight,512,1078608608,1078609120
PREFIX_FRIENDLY,270,199,blk.24.attn_v.weight,24,Layer,attn_v.weight,2097152,1078609120,1080706272
PREFIX_FRIENDLY,271,196,blk.24.attn_output.weight,24,Layer,attn_output.weight,4194304,1080706272,1084900576
PREFIX_FRIENDLY,272,193,blk.24.ffn_norm.weight,24,Layer,ffn_norm.weight,4096,1084900576,1084904672
PREFIX_FRIENDLY,273,191,blk.24.ffn_gate.weight,24,Layer,ffn_gate.weight,6291456,1084904672,1091196128
PREFIX_FRIENDLY,274,192,blk.24.ffn_up.weight,24,Layer,ffn_up.weight,6291456,1091196128,1097487584
PREFIX_FRIENDLY,275,190,blk.24.ffn_down.weight,24,Layer,ffn_down.weight,6291456,1097487584,1103779040
PREFIX_FRIENDLY,276,200,blk.25.attn_norm.weight,25,Layer,attn_norm.weight,4096,1103779040,1103783136
PREFIX_FRIENDLY,277,209,blk.25.attn_q.weight,25,Layer,attn_q.weight,4194304,1103783136,1107977440
PREFIX_FRIENDLY,278,208,blk.25.attn_q_norm.weight,25,Layer,attn_q_norm.weight,512,1107977440,1107977952
PREFIX_FRIENDLY,279,206,blk.25.attn_k.weight,25,Layer,attn_k.weight,2097152,1107977952,1110075104
PREFIX_FRIENDLY,280,205,blk.25.attn_k_norm.weight,25,Layer,attn_k_norm.weight,512,1110075104,1110075616
PREFIX_FRIENDLY,281,210,blk.25.attn_v.weight,25,Layer,attn_v.weight,2097152,1110075616,1112172768
PREFIX_FRIENDLY,282,207,blk.25.attn_output.weight,25,Layer,attn_output.weight,4194304,1112172768,1116367072
PREFIX_FRIENDLY,283,204,blk.25.ffn_norm.weight,25,Layer,ffn_norm.weight,4096,1116367072,1116371168
PREFIX_FRIENDLY,284,202,blk.25.ffn_gate.weight,25,Layer,ffn_gate.weight,6291456,1116371168,1122662624
PREFIX_FRIENDLY,285,203,blk.25.ffn_up.weight,25,Layer,ffn_up.weight,6291456,1122662624,1128954080
PREFIX_FRIENDLY,286,201,blk.25.ffn_down.weight,25,Layer,ffn_down.weight,6291456,1128954080,1135245536
PREFIX_FRIENDLY,287,211,blk.26.attn_norm.weight,26,Layer,attn_norm.weight,4096,1135245536,1135249632
PREFIX_FRIENDLY,288,220,blk.26.attn_q.weight,26,Layer,attn_q.weight,4194304,1135249632,1139443936
PREFIX_FRIENDLY,289,219,blk.26.attn_q_norm.weight,26,Layer,attn_q_norm.weight,512,1139443936,1139444448
PREFIX_FRIENDLY,290,217,blk.26.attn_k.weight,26,Layer,attn_k.weight,2097152,1139444448,1141541600
PREFIX_FRIENDLY,291,216,blk.26.attn_k_norm.weight,26,Layer,attn_k_norm.weight,512,1141541600,1141542112
PREFIX_FRIENDLY,292,221,blk.26.attn_v.weight,26,Layer,attn_v.weight,2097152,1141542112,1143639264
PREFIX_FRIENDLY,293,218,blk.26.attn_output.weight,26,Layer,attn_output.weight,4194304,1143639264,1147833568
PREFIX_FRIENDLY,294,215,blk.26.ffn_norm.weight,26,Layer,ffn_norm.weight,4096,1147833568,1147837664
PREFIX_FRIENDLY,295,213,blk.26.ffn_gate.weight,26,Layer,ffn_gate.weight,6291456,1147837664,1154129120
PREFIX_FRIENDLY,296,214,blk.26.ffn_up.weight,26,Layer,ffn_up.weight,6291456,1154129120,1160420576
PREFIX_FRIENDLY,297,212,blk.26.ffn_down.weight,26,Layer,ffn_down.weight,6291456,1160420576,1166712032
PREFIX_FRIENDLY,298,222,blk.27.attn_norm.weight,27,Layer,attn_norm.weight,4096,1166712032,1166716128
PREFIX_FRIENDLY,299,231,blk.27.attn_q.weight,27,Layer,attn_q.weight,4194304,1166716128,1170910432
PREFIX_FRIENDLY,300,230,blk.27.attn_q_norm.weight,27,Layer,attn_q_norm.weight,512,1170910432,1170910944
PREFIX_FRIENDLY,301,228,blk.27.attn_k.weight,27,Layer,attn_k.weight,2097152,1170910944,1173008096
PREFIX_FRIENDLY,302,227,blk.27.attn_k_norm.weight,27,Layer,attn_k_norm.weight,512,1173008096,1173008608
PREFIX_FRIENDLY,303,232,blk.27.attn_v.weight,27,Layer,attn_v.weight,2097152,1173008608,1175105760
PREFIX_FRIENDLY,304,229,blk.27.attn_output.weight,27,Layer,attn_output.weight,4194304,1175105760,1179300064
PREFIX_FRIENDLY,305,226,blk.27.ffn_norm.weight,27,Layer,ffn_norm.weight,4096,1179300064,1179304160
PREFIX_FRIENDLY,306,224,blk.27.ffn_gate.weight,27,Layer,ffn_gate.weight,6291456,1179304160,1185595616
PREFIX_FRIENDLY,307,225,blk.27.ffn_up.weight,27,Layer,ffn_up.weight,6291456,1185595616,1191887072
PREFIX_FRIENDLY,308,223,blk.27.ffn_down.weight,27,Layer,ffn_down.weight,6291456,1191887072,1198178528
PREFIX_FRIENDLY,309,0,output.weight,,GlobalPost,OutputProjection,311164928,1198178528,1509343456
PREFIX_FRIENDLY,310,310,output_norm.weight,,GlobalPost,FinalNorm,4096,1509343456,1509347552
