elapsed_us,pid,rss_bytes,vsize_bytes,process_utime_ticks,process_stime_ticks,minor_faults,major_faults,read_bytes,syscr,system_user_ticks,system_ticks,system_idle_ticks,system_iowait_ticks,available_bytes,thread_count,thread_delta_ticks
5839,20603,262144,4202496,0,0,19,1,393216,8,1940300,289146,6279837,18817,7820640256,1,20603:0
110319,20603,9568256,14938112,5,3,1216,21,2994176,400,1940306,289150,6279910,18818,7816134656,1,20603:8
215224,20603,13971456,19517440,14,4,3108,21,5222400,966,1940316,289151,6279982,18818,7811760128,1,20603:10
320100,20603,17379328,22708224,24,5,3890,22,5378048,995,1940326,289152,6280055,18818,7808405504,1,20603:11
424676,20603,18690048,24805376,34,5,4220,22,5378048,995,1940336,289152,6280128,18818,7807115264,1,20603:10
529459,20603,18952192,24805376,45,5,4239,23,5447680,995,1940347,289152,6280200,18818,7806857216,1,20603:11
634166,20603,19345408,24805376,55,5,4337,23,5447680,995,1940358,289152,6280273,18818,7806599168,1,20603:10
739529,20603,22884352,27914240,66,5,5173,23,5447680,995,1940369,289152,6280346,18818,7802986496,1,20603:11
844148,20603,29569024,34553856,76,6,6816,23,5447680,995,1940379,289153,6280419,18818,7796277248,1,20603:11
948695,20603,33370112,38498304,85,7,7749,23,5447680,995,1940390,289156,6280488,18818,7792988160,1,20603:10
1053364,20603,37695488,42762240,95,7,8790,23,5447680,995,1940400,289156,6280561,18818,7788601344,1,20603:10
1158115,20603,38612992,43302912,105,7,8951,23,5447680,995,1940412,289156,6280634,18818,7788085248,1,20603:10
1262912,20603,38612992,43302912,116,7,8951,23,5447680,995,1940423,289156,6280707,18818,7788085248,1,20603:11
1367574,20603,38612992,43302912,126,7,8951,23,5447680,995,1940434,289156,6280779,18818,7788085248,1,20603:10
1472255,20603,38612992,43302912,137,7,8951,23,5447680,995,1940444,289156,6280852,18818,7788085248,1,20603:11
1576948,20603,38875136,43302912,147,7,8958,23,5447680,995,1940455,289156,6280925,18818,7786278912,1,20603:10
1682336,20603,42020864,46706688,157,8,9764,23,5447680,995,1940466,289157,6280998,18818,7784730624,1,20603:11
1786967,20603,42020864,46706688,168,8,9773,23,5447680,995,1940476,289158,6281071,18818,7784730624,1,20603:11
1891642,20603,47132672,5037297664,171,11,10911,23,11218944,996,1940480,289161,6281147,18819,7779696640,1,20603:6
1996996,20603,54996992,5037297664,171,16,12874,23,19083264,996,1940480,289165,6281226,18819,7771820032,1,20603:5
2102129,20603,62861312,5037297664,171,20,14827,23,26947584,996,1940481,289170,6281305,18819,7763943424,1,20603:4
2207215,20603,70725632,5037297664,171,25,16747,23,34811904,996,1940482,289174,6281383,18819,7756066816,1,20603:5
2312231,20603,78589952,5037297664,171,29,18667,23,42676224,996,1940482,289178,6281462,18819,7747674112,1,20603:4
2417383,20603,86454272,5037297664,171,33,20587,23,51064832,996,1940482,289184,6281541,18819,7739801600,1,20603:4
2522863,20603,94580736,5037297664,171,37,22507,23,58929152,996,1940484,289190,6281617,18819,7731924992,1,20603:5
2628242,20603,102707200,5037297664,171,42,24555,23,66793472,996,1940484,289193,6281696,18819,7724048384,1,20603:4
2733234,20603,110571520,5037297664,171,46,26475,23,74657792,996,1940485,289197,6281775,18819,7716192256,1,20603:4
2838160,20603,117649408,5037297664,172,49,28217,23,82149376,1000,1940486,289201,6281855,18819,7708147712,1,20603:4
2943365,20603,125513728,5037297664,172,53,30137,23,90537984,1000,1940486,289205,6281934,18819,7700553728,1,20603:4
3049043,20603,133378048,5037297664,172,57,32057,23,97878016,1000,1940486,289209,6282013,18819,7692931072,1,20603:4
3154054,20603,141373440,5037297664,172,61,33977,23,106266624,1000,1940487,289214,6282093,18819,7685058560,1,20603:4
3259476,20603,149630976,5037297664,172,65,35936,23,114130944,1000,1940487,289218,6282172,18819,7677181952,1,20603:4
3364725,20603,157495296,5037297664,172,69,37945,23,121995264,1000,1940488,289222,6282251,18819,7669305344,1,20603:4
3469830,20603,165359616,5037297664,172,73,39865,23,129859584,1000,1940488,289226,6282331,18819,7661428736,1,20603:4
3574801,20603,173223936,5037297664,172,77,41785,23,137723904,1000,1940488,289230,6282410,18819,7653294080,1,20603:4
3679773,20603,181088256,5037297664,172,81,43705,23,145588224,1000,1940489,289234,6282489,18819,7644901376,1,20603:4
3784964,20603,188952576,5037297664,172,85,45625,23,153976832,1000,1940489,289238,6282569,18819,7637286912,1,20603:4
3890315,20603,197341184,5037297664,172,89,47624,23,161841152,1000,1940490,289242,6282648,18819,7629410304,1,20603:4
3995512,20603,205205504,5037297664,172,93,49593,23,169705472,1000,1940491,289248,6282725,18819,7621533696,1,20603:4
4100730,20603,213069824,5037297664,172,97,51513,23,177569792,1000,1940492,289252,6282803,18819,7613657088,1,20603:4
4205496,20603,220934144,5037297664,172,101,53433,23,185434112,1000,1940492,289256,6282882,18819,7605780480,1,20603:4
4310399,20603,228798464,5037297664,172,105,55353,23,193822720,1000,1940492,289260,6282962,18819,7597391872,1,20603:4
4415580,20603,236662784,5037297664,172,109,57273,23,201162752,1000,1940492,289265,6283041,18819,7589511168,1,20603:4
4520762,20603,244527104,5037297664,172,113,59193,23,209551360,1000,1940493,289269,6283120,18819,7581380608,1,20603:4
4626435,20603,252915712,5037297664,172,117,61149,23,217415680,1000,1940494,289273,6283200,18819,7573504000,1,20603:4
4732769,20603,259469312,5037297664,173,120,62818,23,224387072,1019,1940494,289276,6283278,18821,7566565376,1,20603:4
4837900,20603,267202560,5037297664,173,124,64709,23,231591936,1029,1940495,289279,6283356,18822,7558991872,1,20603:4
4943132,20603,273231872,5037297664,174,126,66192,23,239640576,1045,1940495,289282,6283434,18824,7552675840,1,20603:3
5048778,20603,281096192,5037297664,174,129,68112,23,247504896,1045,1940495,289285,6283514,18824,7544569856,1,20603:3
5154298,20603,289353728,5037297664,174,133,70056,23,255369216,1045,1940496,289288,6283594,18824,7536693248,1,20603:4
5259563,20603,297349120,5037297664,175,136,72018,23,263233536,1045,1940496,289292,6283674,18824,7528816640,1,20603:4
5364790,20603,305213440,5037297664,175,140,74000,23,271097856,1045,1940496,289295,6283753,18824,7521198080,1,20603:4
5469779,20603,312946688,5037297664,175,144,75887,23,278827008,1047,1940497,289299,6283833,18824,7513407488,1,20603:4
5574561,20603,320811008,5037297664,175,147,77807,23,286691328,1047,1940498,289304,6283909,18824,7505530880,1,20603:3
5679714,20603,328675328,5037297664,175,151,79727,23,294555648,1047,1940498,289308,6283989,18824,7497654272,1,20603:4
5784444,20603,336539648,5037297664,175,154,81647,23,302419968,1047,1940498,289312,6284068,18824,7489777664,1,20603:3
5889197,20603,344010752,5037297664,175,158,83408,23,309784576,1052,1940499,289318,6284147,18825,7481896960,1,20603:4
5994813,20603,350040064,5037297664,175,161,84939,23,316809216,1076,1940500,289321,6284223,18828,7476318208,1,20603:3
6099703,20603,357904384,5037297664,175,165,86859,23,324673536,1076,1940500,289326,6284303,18828,7468441600,1,20603:4
6204443,20603,365768704,5037297664,175,168,88779,23,332537856,1076,1940500,289330,6284382,18828,7460564992,1,20603:3
6309205,20603,373633024,5037297664,175,172,90699,23,340402176,1076,1940500,289334,6284461,18828,7452688384,1,20603:4
6414101,20603,381497344,5037297664,175,176,92619,23,348266496,1076,1940501,289338,6284541,18828,7444553728,1,20603:4
6519082,20603,389230592,5037297664,175,180,94506,23,355995648,1078,1940502,289342,6284620,18828,7436763136,1,20603:4
6623874,20603,397094912,5037297664,175,183,96426,23,363859968,1078,1940502,289345,6284700,18828,7428628480,1,20603:3
6729029,20603,404959232,5037297664,175,187,98346,23,371724288,1078,1940502,289348,6284779,18828,7420444672,1,20603:4
6834214,20603,412823552,5037297664,175,191,100266,23,380112896,1078,1940503,289353,6284859,18828,7412621312,1,20603:4
6939657,20603,420556800,5037297664,175,195,102162,23,387850240,1081,1940503,289357,6284938,18830,7404929024,1,20603:4
7045568,20603,427503616,5037297664,175,198,103839,23,393666560,1110,1940504,289360,6285013,18832,7398559744,1,20603:3
7151028,20603,434712576,5037297664,175,201,105625,23,402055168,1110,1940505,289363,6285091,18833,7391219712,1,20603:3
7255769,20603,442576896,5037297664,175,205,107545,23,409919488,1110,1940506,289366,6285171,18833,7383343104,1,20603:4
7360425,20603,450441216,5037297664,175,209,109465,23,417783808,1110,1940506,289370,6285250,18833,7375466496,1,20603:4
7465059,20603,458305536,5037297664,175,212,111385,23,425648128,1110,1940506,289373,6285329,18833,7367073792,1,20603:3
7570212,20603,466563072,5037297664,175,216,113323,23,433901568,1112,1940507,289377,6285409,18833,7359348736,1,20603:4
7675504,20603,474427392,5037297664,175,220,115320,23,441765888,1112,1940507,289381,6285488,18833,7351472128,1,20603:4
7780233,20603,482291712,5037297664,175,224,117240,23,449630208,1112,1940508,289385,6285568,18833,7343595520,1,20603:4
7884997,20603,490156032,5037297664,175,228,119160,23,457494528,1112,1940508,289388,6285647,18833,7335153664,1,20603:4
7990254,20603,498020352,5037297664,175,231,121080,23,465752064,1112,1940509,289392,6285727,18833,7327465472,1,20603:3
8095709,20603,504967168,5037297664,176,234,122781,23,472215552,1135,1940509,289393,6285804,18835,7320793088,1,20603:4
8200736,20603,512045056,5037297664,176,237,124437,23,479956992,1144,1940510,289395,6285882,18837,7313547264,1,20603:3
8306092,20603,520040448,5037297664,177,240,126412,23,487821312,1144,1940510,289398,6285962,18837,7305670656,1,20603:4
8411314,20603,527904768,5037297664,177,244,128359,23,495685632,1144,1940511,289402,6286041,18837,7297794048,1,20603:4
8516158,20603,535769088,5037297664,177,248,130279,23,503549952,1144,1940511,289406,6286120,18837,7289917440,1,20603:4
8620957,20603,543502336,5037297664,177,252,132166,23,511279104,1146,1940514,289410,6286196,18837,7281561600,1,20603:4
8726918,20603,551497728,5037297664,177,255,134086,23,519667712,1146,1940514,289414,6286277,18837,7273799680,1,20603:3
8832419,20603,559624192,5037297664,177,259,136046,23,527532032,1146,1940514,289417,6286357,18837,7265923072,1,20603:4
8937743,20603,567619584,5037297664,177,262,138029,23,535396352,1146,1940515,289421,6286436,18837,7258046464,1,20603:4
9043004,20603,575483904,5037297664,177,266,139974,23,543260672,1146,1940515,289426,6286516,18837,7250169856,1,20603:3
9148028,20603,582299648,5037297664,177,270,141670,23,549990400,1163,1940515,289430,6286593,18839,7244693504,1,20603:4
9253475,20603,588984320,5037297664,177,273,143284,23,557338624,1179,1940516,289434,6286671,18841,7238979584,1,20603:3
9358843,20603,597110784,5037297664,177,277,145204,23,565727232,1179,1940516,289437,6286751,18841,7231176704,1,20603:4
9464267,20603,605237248,5037297664,177,281,147252,23,573591552,1179,1940517,289441,6286830,18841,7223373824,1,20603:4
9569228,20603,613101568,5037297664,177,285,149172,23,581455872,1179,1940517,289445,6286910,18841,7215337472,1,20603:4
9674076,20603,620965888,5037297664,177,288,151092,23,589185024,1181,1940518,289448,6286989,18841,7207227392,1,20603:3
9779532,20603,629223424,5037297664,177,291,153055,23,597573632,1181,1940518,289452,6287069,18841,7199424512,1,20603:4
9884667,20603,637087744,5037297664,177,295,155009,23,605437952,1181,1940518,289456,6287149,18841,7191646208,1,20603:3
9989869,20603,644952064,5037297664,177,299,156947,23,613302272,1181,1940519,289459,6287227,18843,7184044032,1,20603:4
10094718,20603,652685312,5037297664,177,302,158825,23,621166592,1181,1940519,289464,6287302,18847,7175958528,1,20603:3
10199938,20603,660156416,5037297664,177,305,160685,23,627695616,1192,1940522,289467,6287378,18849,7167787008,1,20603:3
10305145,20603,666185728,5037297664,177,308,162178,23,635244544,1214,1940522,289469,6287455,18851,7162331136,1,20603:3
10410247,20603,674050048,5037297664,177,312,164098,23,643108864,1214,1940522,289472,6287535,18851,7154036736,1,20603:4
10515466,20603,681914368,5037297664,177,315,166018,23,650973184,1214,1940523,289476,6287614,18851,7146233856,1,20603:3
10620664,20603,689778688,5037297664,177,319,167938,23,658837504,1214,1940523,289480,6287694,18851,7138381824,1,20603:4
10725905,20603,697643008,5037297664,177,322,169858,23,666701824,1214,1940524,289484,6287774,18851,7130345472,1,20603:3
10831242,20603,705638400,5037297664,177,326,171745,23,674955264,1216,1940524,289486,6287854,18851,7122800640,1,20603:4
10936651,20603,713502720,5037297664,177,329,173665,23,682819584,1216,1940525,289489,6287934,18851,7114764288,1,20603:3
11042199,20603,721629184,5037297664,177,333,175713,23,690683904,1216,1940526,289493,6288014,18851,7107072000,1,20603:4
11147278,20603,729493504,5037297664,177,336,177633,23,698548224,1216,1940526,289497,6288094,18851,7099195392,1,20603:3
11252277,20603,737226752,5037297664,177,340,179522,23,705892352,1219,1940526,289500,6288173,18852,7091605504,1,20603:4
11357103,20603,743911424,5037297664,177,343,181075,23,713146368,1248,1940527,289503,6288251,18855,7084675072,1,20603:3
11462645,20603,752037888,5037297664,177,346,183119,23,721010688,1248,1940528,289506,6288331,18855,7076798464,1,20603:3
11567604,20603,759902208,5037297664,177,350,185039,23,728875008,1248,1940528,289510,6288410,18855,7068921856,1,20603:4
11672410,20603,767766528,5037297664,177,353,186959,23,737263616,1248,1940529,289515,6288487,18855,7060533248,1,20603:3
11777866,20603,776155136,5037297664,177,357,189007,23,745127936,1248,1940530,289518,6288567,18855,7052656640,1,20603:4
11882969,20603,783888384,5037297664,177,360,190894,23,752857088,1250,1940530,289522,6288646,18855,7044608000,1,20603:3
11988128,20603,791752704,5037297664,177,364,192814,23,760721408,1250,1940531,289526,6288726,18855,7036215296,1,20603:4
12093289,20603,799617024,5037297664,177,367,194734,23,769110016,1250,1940531,289530,6288806,18855,7028342784,1,20603:3
12198793,20603,807481344,5037297664,177,371,196654,23,776974336,1250,1940531,289534,6288886,18855,7020466176,1,20603:4
12304277,20603,815214592,5037297664,177,374,198551,23,784134144,1253,1940532,289537,6288966,18855,7013208064,1,20603:3
12409388,20603,821506048,5037297664,177,377,200100,23,791076864,1281,1940532,289540,6289044,18857,7006490624,1,20603:3
12514970,20603,828846080,5037297664,177,381,201885,23,799469568,1283,1940533,289543,6289123,18858,6999101440,1,20603:4
12620410,20603,837234688,5037297664,177,384,203844,23,807333888,1283,1940533,289547,6289203,18858,6991224832,1,20603:3
12725836,20603,845099008,5037297664,177,388,205853,23,815198208,1283,1940533,289551,6289283,18858,6983348224,1,20603:4
12830926,20603,852963328,5037297664,177,391,207773,23,823586816,1283,1940534,289554,6289363,18858,6974959616,1,20603:3
12936444,20603,861220864,5037297664,177,395,209788,23,831315968,1285,1940534,289558,6289442,18858,6967230464,1,20603:4
13041356,20603,869085184,5037297664,177,398,211708,23,839180288,1285,1940534,289562,6289522,18858,6959353856,1,20603:3
13146200,20603,876949504,5037297664,177,402,213628,23,847044608,1285,1940534,289565,6289602,18858,6951477248,1,20603:4
13251047,20603,884813824,5037297664,177,405,215548,23,854908928,1285,1940535,289570,6289678,18858,6943600640,1,20603:3
13355981,20603,892678144,5037297664,177,408,217468,23,862773248,1285,1940536,289574,6289758,18858,6935724032,1,20603:3
13460788,20603,899756032,5037297664,177,412,219157,23,869634048,1309,1940536,289576,6289836,18860,6928666624,1,20603:4
13565882,20603,906833920,5037297664,177,415,220907,23,877375488,1318,1940537,289579,6289914,18862,6921687040,1,20603:3
13671013,20603,914698240,5037297664,177,418,222827,23,885239808,1318,1940537,289582,6289994,18862,6913810432,1,20603:3
13776048,20603,922562560,5037297664,177,422,224747,23,893104128,1318,1940538,289586,6290074,18862,6905675776,1,20603:4
13880864,20603,930426880,5037297664,177,425,226667,23,900968448,1318,1940538,289590,6290153,18862,6897799168,1,20603:3
13985770,20603,938160128,5037297664,177,429,228554,23,909221888,1320,1940538,289592,6290233,18862,6889558016,1,20603:4
14091201,20603,946024448,5037297664,177,432,230474,23,917086208,1320,1940539,289596,6290313,18862,6881681408,1,20603:3
14196722,20603,954413056,5037297664,177,436,232458,23,924950528,1320,1940539,289599,6290393,18862,6873804800,1,20603:4
14302047,20603,962277376,5037297664,177,439,234442,23,932814848,1320,1940540,289603,6290473,18862,6865928192,1,20603:3
14406964,20603,970141696,5037297664,177,443,236362,23,940679168,1320,1940540,289607,6290553,18862,6858309632,1,20603:4
14511770,20603,977612800,5037297664,178,445,238182,23,947392512,1336,1940541,289609,6290630,18864,6850793472,1,20603:3
14616491,20603,983642112,5037297664,178,448,239673,23,954753024,1352,1940541,289611,6290708,18867,6843949056,1,20603:3
14721691,20603,991506432,5037297664,178,451,241593,23,963141632,1352,1940542,289617,6290785,18867,6836076544,1,20603:3
14827088,20603,999895040,5037297664,178,455,243615,23,971005952,1352,1940543,289620,6290865,18867,6828199936,1,20603:4
14932219,20603,1007759360,5037297664,178,458,245561,23,978870272,1352,1940543,289622,6290944,18867,6820323328,1,20603:3
15037187,20603,1015623680,5037297664,178,462,247481,23,986599424,1354,1940544,289626,6291024,18867,6812016640,1,20603:4
15142483,20603,1023881216,5037297664,178,465,249446,23,994988032,1354,1940544,289630,6291104,18867,6804463616,1,20603:3
15247687,20603,1031745536,5037297664,178,469,251416,23,1002852352,1354,1940544,289634,6291183,18867,6796587008,1,20603:4
15352899,20603,1039609856,5037297664,178,472,253336,23,1010716672,1354,1940545,289636,6291263,18867,6788710400,1,20603:3
15457853,20603,1047474176,5037297664,178,476,255256,23,1018580992,1354,1940545,289640,6291343,18867,6780833792,1,20603:4
15562644,20603,1054945280,5037297664,178,479,257074,23,1025134592,1370,1940546,289644,6291421,18868,6772383744,1,20603:3
15668114,20603,1061105664,5037297664,178,482,258566,23,1033183232,1387,1940546,289647,6291499,18871,6766542848,1,20603:3
15773575,20603,1068969984,5037297664,178,485,260486,23,1041047552,1387,1940546,289651,6291579,18871,6758666240,1,20603:3
15879114,20603,1077358592,5037297664,178,489,262534,23,1048911872,1387,1940547,289654,6291659,18871,6750789632,1,20603:4
15983919,20603,1085222912,5037297664,178,492,264454,23,1056776192,1387,1940547,289658,6291739,18871,6742913024,1,20603:3
16088759,20603,1093087232,5037297664,178,496,266374,23,1064640512,1387,1940547,289661,6291818,18871,6735036416,1,20603:4
16193559,20603,1101213696,5037297664,178,499,268307,23,1072893952,1389,1940548,289664,6291898,18871,6726803456,1,20603:4
16298904,20603,1109209088,5037297664,178,503,270309,23,1080758272,1389,1940549,289670,6291975,18871,6718926848,1,20603:3
16403825,20603,1117073408,5037297664,178,506,272229,23,1088622592,1389,1940549,289673,6292054,18871,6711050240,1,20603:3
16508876,20603,1124937728,5037297664,178,509,274149,23,1096486912,1389,1940550,289677,6292133,18872,6703173632,1,20603:3
16613932,20603,1132539904,5037297664,178,513,276029,23,1104044032,1395,1940550,289681,6292212,18873,6695485440,1,20603:4
16718959,20603,1138962432,5037297664,178,515,277549,23,1111089152,1422,1940550,289686,6292289,18876,6689136640,1,20603:3
16824035,20603,1146826752,5037297664,178,519,279508,23,1118953472,1422,1940550,289689,6292369,18876,6681260032,1,20603:3
16929043,20603,1154691072,5037297664,178,522,281428,23,1126817792,1422,1940551,289692,6292449,18876,6673383424,1,20603:3
17034125,20603,1162555392,5037297664,178,525,283348,23,1134682112,1422,1940552,289695,6292529,18876,6665506816,1,20603:3
17138963,20603,1170419712,5037297664,178,529,285268,23,1142546432,1422,1940552,289698,6292609,18876,6657630208,1,20603:4
17243750,20603,1178152960,5037297664,178,532,287155,23,1150275584,1424,1940552,289702,6292688,18876,6649274368,1,20603:3
17349129,20603,1186017280,5037297664,178,535,289075,23,1158664192,1424,1940553,289705,6292769,18876,6641192960,1,20603:3
17454542,20603,1194405888,5037297664,178,539,291083,23,1166528512,1424,1940553,289708,6292849,18876,6633316352,1,20603:4
17559680,20603,1202270208,5037297664,178,542,293043,23,1174392832,1424,1940554,289712,6292929,18876,6625439744,1,20603:3
17664631,20603,1210003456,5037297664,178,545,294939,23,1181605888,1427,1940554,289714,6293008,18877,6617698304,1,20603:3
17769410,20603,1216425984,5037297664,178,548,296489,23,1188466688,1454,1940556,289722,6293082,18880,6610493440,1,20603:3
17874856,20603,1223503872,5037297664,178,551,298146,23,1196335104,1456,1940556,289725,6293161,18880,6603272192,1,20603:3
17980663,20603,1232023552,5037297664,178,555,300229,23,1204723712,1456,1940557,289728,6293242,18880,6595395584,1,20603:4
18086004,20603,1239887872,5037297664,178,558,302211,23,1212588032,1456,1940558,289731,6293319,18883,6587518976,1,20603:3
18191148,20603,1247227904,5037297664,178,561,304034,23,1220452352,1456,1940558,289734,6293393,18889,6579748864,1,20603:3
18296699,20603,1255485440,5037297664,178,565,306049,23,1228181504,1458,1940558,289738,6293473,18889,6572019712,1,20603:4
18401695,20603,1263349760,5037297664,178,568,307969,23,1236045824,1458,1940559,289742,6293552,18889,6563368960,1,20603:3
18506977,20603,1271214080,5037297664,178,572,309889,23,1244434432,1458,1940559,289746,6293633,18889,6555754496,1,20603:4
18612476,20603,1279602688,5037297664,178,575,311937,23,1252298752,1458,1940559,289749,6293713,18889,6547877888,1,20603:3
18717564,20603,1287467008,5037297664,178,578,313857,23,1260163072,1458,1940560,289752,6293792,18889,6539743232,1,20603:3
18822697,20603,1294544896,5037297664,178,582,315558,23,1266966528,1481,1940560,289754,6293870,18891,6532890624,1,20603:4
18927766,20603,1302147072,5037297664,178,585,317424,23,1274671104,1490,1940560,289758,6293948,18893,6525353984,1,20603:3
19032990,20603,1310011392,5037297664,178,588,319344,23,1283059712,1490,1940561,289761,6294028,18893,6517223424,1,20603:3
19138426,20603,1318400000,5037297664,178,591,321392,23,1290924032,1490,1940561,289765,6294108,18893,6509346816,1,20603:4
19243454,20603,1326264320,5037297664,178,595,323312,23,1298788352,1490,1940561,289768,6294188,18893,6501470208,1,20603:3
19348158,20603,1333997568,5037297664,178,598,325199,23,1307041792,1492,1940562,289773,6294265,18893,6493229056,1,20603:3
19453668,20603,1342124032,5037297664,178,602,327119,23,1314906112,1492,1940563,289777,6294345,18893,6485352448,1,20603:4
19559138,20603,1350250496,5037297664,178,605,329167,23,1322770432,1492,1940563,289781,6294425,18893,6477217792,1,20603:3
19664135,20603,1358114816,5037297664,178,608,331087,23,1330634752,1492,1940564,289784,6294505,18893,6469341184,1,20603:3
19768986,20603,1365979136,5037297664,178,612,333007,23,1338499072,1492,1940564,289787,6294585,18893,6461464576,1,20603:4
19873818,20603,1372532736,5037297664,178,615,334622,23,1344946176,1511,1940564,289790,6294663,18895,6454714368,1,20603:3
19978820,20603,1378955264,5037297664,178,618,336190,23,1353129984,1524,1940565,289794,6294741,18897,6447915008,1,20603:3
20084375,20603,1387343872,5037297664,178,621,338238,23,1360994304,1524,1940565,289797,6294821,18897,6440038400,1,20603:3
20189394,20603,1395208192,5037297664,178,624,340158,23,1368858624,1524,1940566,289800,6294901,18897,6432161792,1,20603:3
20294214,20603,1403072512,5037297664,178,628,342078,23,1376722944,1524,1940566,289804,6294981,18897,6424027136,1,20603:4
20399395,20603,1411330048,5037297664,178,631,344042,23,1384976384,1526,1940566,289808,6295061,18897,6416031744,1,20603:3
20504663,20603,1419194368,5037297664,178,634,345950,23,1392840704,1526,1940567,289811,6295141,18897,6408167424,1,20603:4
20609960,20603,1427058688,5037297664,178,638,347933,23,1400705024,1526,1940568,289814,6295221,18897,6400290816,1,20603:3
20715081,20603,1434923008,5037297664,178,641,349853,23,1408569344,1526,1940568,289817,6295300,18897,6392414208,1,20603:3
20820012,20603,1442787328,5037297664,178,645,351773,23,1416433664,1526,1940568,289822,6295378,18897,6384537600,1,20603:4
20924295,20603,1450258432,5037297664,178,648,353600,23,1422970880,1542,1940570,289825,6295454,18899,6377127936,1,20603:3
21029207,20603,1456418816,5037297664,178,651,355084,23,1430507520,1558,1940570,289828,6295532,18902,6370213888,1,20603:3
21134457,20603,1464283136,5037297664,178,654,357004,23,1438896128,1558,1940571,289831,6295612,18902,6362624000,1,20603:3
21240058,20603,1472147456,5037297664,178,657,358924,23,1446760448,1558,1940572,289835,6295692,18902,6354747392,1,20603:3
21345688,20603,1480536064,5037297664,178,661,360940,23,1454624768,1558,1940572,289838,6295772,18902,6346870784,1,20603:4
21450990,20603,1488400384,5037297664,178,664,362892,23,1462489088,1558,1940572,289842,6295852,18902,6338736128,1,20603:3
21555789,20603,1496133632,5037297664,178,668,364779,23,1470218240,1560,1940573,289845,6295932,18902,6330232832,1,20603:4
21661131,20603,1503997952,5037297664,178,671,366699,23,1478606848,1560,1940574,289848,6296012,18902,6322618368,1,20603:3
21766583,20603,1512386560,5037297664,178,674,368678,23,1486471168,1560,1940574,289852,6296092,18902,6314741760,1,20603:3
21871849,20603,1520250880,5037297664,178,678,370667,23,1494335488,1560,1940574,289855,6296172,18902,6306865152,1,20603:4
21976918,20603,1527328768,5037297664,178,681,372419,23,1501368320,1566,1940574,289859,6296251,18903,6299430912,1,20603:3
22081928,20603,1533751296,5037297664,178,684,373977,23,1508413440,1593,1940575,289862,6296328,18906,6293024768,1,20603:3
22187088,20603,1541615616,5037297664,178,687,375897,23,1516277760,1593,1940575,289866,6296408,18906,6284840960,1,20603:3
22292447,20603,1549742080,5037297664,178,690,377817,23,1524666368,1593,1940575,289868,6296489,18906,6277017600,1,20603:3
22397967,20603,1557868544,5037297664,178,694,379810,23,1532530688,1593,1940577,289873,6296566,18906,6269140992,1,20603:4
22503218,20603,1565732864,5037297664,178,697,381785,23,1540395008,1593,1940578,289877,6296646,18906,6261264384,1,20603:3
22608205,20603,1573466112,5037297664,178,700,383672,23,1548124160,1595,1940578,289879,6296725,18906,6253535232,1,20603:3
22713213,20603,1581330432,5037297664,178,704,385592,23,1555988480,1595,1940578,289882,6296805,18906,6245093376,1,20603:4
22818508,20603,1589194752,5037297664,178,707,387512,23,1564377088,1595,1940579,289886,6296886,18906,6237270016,1,20603:3
22923921,20603,1597059072,5037297664,178,710,389432,23,1572241408,1595,1940579,289889,6296966,18906,6229393408,1,20603:3
23029338,20603,1605185536,5037297664,178,713,391388,23,1579978752,1598,1940580,289893,6297045,18907,6221639680,1,20603:4
23134797,20603,1611739136,5037297664,178,716,393006,23,1586319360,1628,1940580,289895,6297123,18909,6215352320,1,20603:2
23239745,20603,1619603456,5037297664,178,720,394868,23,1594707968,1628,1940580,289898,6297202,18909,6207221760,1,20603:4
23344959,20603,1627467776,5037297664,178,723,396839,23,1602572288,1628,1940581,289901,6297282,18909,6199345152,1,20603:3
23449997,20603,1635332096,5037297664,178,726,398759,23,1610436608,1628,1940582,289905,6297362,18909,6191468544,1,20603:3
23554860,20603,1643196416,5037297664,178,730,400679,23,1618300928,1628,1940582,289908,6297442,18909,6183849984,1,20603:4
23659624,20603,1650929664,5037297664,178,733,402566,23,1626030080,1630,1940582,289912,6297522,18909,6175608832,1,20603:3
23765113,20603,1659056128,5037297664,178,736,404488,23,1634418688,1630,1940583,289915,6297602,18909,6167732224,1,20603:3
23870588,20603,1667182592,5037297664,178,740,406534,23,1642283008,1630,1940584,289919,6297681,18909,6159855616,1,20603:4
23975204,20603,1675046912,5037297664,178,743,408454,23,1650147328,1630,1940584,289925,6297759,18909,6151204864,1,20603:3
24080450,20603,1682911232,5037297664,178,746,410374,23,1657880576,1630,1940584,289928,6297839,18910,6143467520,1,20603:3
24185803,20603,1690120192,5037297664,178,749,412091,23,1664880640,1659,1940585,289931,6297916,18913,6136741888,1,20603:3
24291132,20603,1696935936,5037297664,178,752,413813,23,1672613888,1662,1940585,289934,6297995,18914,6129807360,1,20603:3
24396243,20603,1704800256,5037297664,178,755,415733,23,1680478208,1662,1940585,289936,6298075,18914,6121672704,1,20603:3
24501412,20603,1712664576,5037297664,179,758,417653,23,1688866816,1662,1940586,289940,6298155,18914,6113542144,1,20603:4
24606841,20603,1720528896,5037297664,179,762,419573,23,1696731136,1662,1940586,289943,6298235,18914,6105665536,1,20603:4
24712253,20603,1728786432,5037297664,179,765,421588,23,1704460288,1664,1940587,289946,6298315,18914,6097874944,1,20603:3
24817223,20603,1736650752,5037297664,179,768,423508,23,1712324608,1664,1940587,289948,6298395,18914,6089998336,1,20603:3
24922280,20603,1744515072,5037297664,179,771,425428,23,1720188928,1664,1940588,289952,6298475,18914,6081605632,1,20603:3
25027422,20603,1752379392,5037297664,179,775,427348,23,1728053248,1664,1940588,289955,6298555,18914,6073475072,1,20603:4
25132912,20603,1760243712,5037297664,179,778,429268,23,1736441856,1664,1940589,289958,6298635,18914,6065598464,1,20603:3
25238348,20603,1767583744,5037297664,179,781,431066,23,1742856192,1685,1940590,289961,6298713,18916,6058524672,1,20603:3
25343546,20603,1774268416,5037297664,179,783,432707,23,1750515712,1696,1940590,289964,6298791,18919,6051557376,1,20603:2
25448829,20603,1782132736,5037297664,179,787,434627,23,1758380032,1696,1940592,289969,6298865,18921,6043697152,1,20603:4
25554043,20603,1790128128,5037297664,179,790,436547,23,1766244352,1696,1940592,289974,6298944,18923,6036201472,1,20603:3
25658856,20603,1797992448,5037297664,179,793,438467,23,1774108672,1696,1940592,289976,6299024,18923,6028398592,1,20603:3
25763826,20603,1806249984,5037297664,179,796,440439,23,1782362112,1698,1940592,289980,6299104,18923,6020055040,1,20603:4
25869084,20603,1814114304,5037297664,179,800,442402,23,1790226432,1698,1940593,289984,6299184,18923,6012252160,1,20603:3
25973988,20603,1821978624,5037297664,179,803,444322,23,1798090752,1698,1940593,289988,6299264,18923,6004449280,1,20603:3
26078983,20603,1829842944,5037297664,179,806,446242,23,1806479360,1698,1940594,289990,6299344,18923,5996081152,1,20603:3
26184386,20603,1837707264,5037297664,179,809,448162,23,1814343680,1698,1940594,289993,6299424,18923,5988356096,1,20603:3
26289817,20603,1845702656,5037297664,179,812,450084,23,1821421568,1715,1940594,289996,6299502,18925,5980995584,1,20603:3
26395099,20603,1851731968,5037297664,179,815,451600,23,1828421632,1731,1940595,289999,6299581,18927,5974269952,1,20603:3
26500452,20603,1859596288,5037297664,179,818,453520,23,1836810240,1731,1940595,290003,6299661,18927,5966188544,1,20603:3
26605832,20603,1867460608,5037297664,179,822,455440,23,1844674560,1731,1940596,290006,6299741,18927,5958311936,1,20603:4
26711357,20603,1875849216,5037297664,179,825,457434,23,1852538880,1731,1940596,290010,6299822,18927,5950435328,1,20603:3
26816619,20603,1883713536,5037297664,179,828,459408,23,1860403200,1731,1940596,290013,6299901,18927,5942558720,1,20603:3
26921673,20603,1891446784,5037297664,179,832,461295,23,1868132352,1733,1940597,290016,6299981,18927,5934768128,1,20603:4
27026548,20603,1899311104,5037297664,179,835,463215,23,1876520960,1733,1940598,290022,6300058,18927,5927981056,1,20603:3
27132001,20603,1907175424,5037297664,179,838,465135,23,1884385280,1733,1940598,290025,6300139,18927,5920362496,1,20603:3
27237573,20603,1915564032,5037297664,179,841,467127,23,1892249600,1733,1940599,290028,6300219,18927,5912485888,1,20603:3
27342757,20603,1923559424,5037297664,179,844,469129,23,1899302912,1742,1940599,290030,6300298,18928,5904293888,1,20603:3
27447700,20603,1930244096,5037297664,179,847,470690,23,1906814976,1766,1940600,290033,6300376,18930,5897838592,1,20603:3
27552950,20603,1938108416,5037297664,179,850,472670,23,1914679296,1766,1940600,290036,6300456,18930,5889961984,1,20603:4
27658016,20603,1945972736,5037297664,180,853,474590,23,1922543616,1766,1940601,290039,6300536,18930,5882085376,1,20603:3
27762918,20603,1953837056,5037297664,180,857,476510,23,1930407936,1766,1940601,290043,6300616,18930,5874208768,1,20603:4
27867887,20603,1961701376,5037297664,180,860,478430,23,1938272256,1766,1940601,290046,6300696,18930,5866332160,1,20603:3
27972959,20603,1969434624,5037297664,180,863,480317,23,1946525696,1768,1940602,290049,6300776,18930,5858091008,1,20603:3
28078367,20603,1977430016,5037297664,180,866,482237,23,1954390016,1768,1940602,290053,6300857,18930,5850214400,1,20603:3
28183851,20603,1985687552,5037297664,180,870,484285,23,1962254336,1768,1940602,290056,6300936,18930,5842337792,1,20603:4
28288506,20603,1993551872,5037297664,180,873,486205,23,1970118656,1768,1940602,290060,6301016,18930,5834219520,1,20603:3
28393139,20603,2000760832,5037297664,180,876,487966,23,1977409536,1771,1940602,290063,6301095,18931,5827055616,1,20603:3
28497923,20603,2006790144,5037297664,180,879,489455,23,1984749568,1800,1940604,290069,6301169,18934,5820715008,1,20603:3
28603429,20603,2014785536,5037297664,180,882,491323,23,1992613888,1800,1940604,290072,6301249,18934,5812854784,1,20603:3
28708828,20603,2022780928,5037297664,180,885,493342,23,2000478208,1800,1940604,290075,6301329,18934,5804978176,1,20603:3
28813966,20603,2030645248,5037297664,180,889,495276,23,2008342528,1800,1940605,290078,6301409,18934,5797101568,1,20603:4
28918765,20603,2038509568,5037297664,180,892,497196,23,2016206848,1800,1940606,290081,6301489,18934,5789224960,1,20603:3
29023607,20603,2046242816,5037297664,180,895,499083,23,2023936000,1802,1940606,290086,6301569,18934,5780983808,1,20603:3
29128990,20603,2054238208,5037297664,180,898,501003,23,2032324608,1802,1940606,290088,6301649,18934,5772849152,1,20603:3
29234196,20603,2062364672,5037297664,180,901,502937,23,2040188928,1802,1940606,290092,6301730,18934,5764972544,1,20603:3
29339260,20603,2070360064,5037297664,180,904,504935,23,2048053248,1802,1940607,290095,6301810,18934,5757095936,1,20603:3
29444114,20603,2078224384,5037297664,180,907,506891,23,2055262208,1802,1940607,290098,6301890,18934,5749084160,1,20603:3
29548840,20603,2085040128,5037297664,180,910,508545,23,2062258176,1831,1940608,290099,6301967,18937,5742370816,1,20603:3
29653582,20603,2091855872,5037297664,180,912,510202,23,2070515712,1834,1940608,290102,6302046,18939,5735120896,1,20603:2
29758564,20603,2099720192,5037297664,180,915,512122,23,2078380032,1834,1940609,290104,6302127,18939,5727244288,1,20603:3
29863562,20603,2107715584,5037297664,180,918,514042,23,2086244352,1834,1940609,290105,6302207,18939,5719367680,1,20603:3
29968518,20603,2115579904,5037297664,180,921,515962,23,2094108672,1834,1940609,290108,6302288,18939,5711491072,1,20603:3
30073721,20603,2123706368,5037297664,180,923,517977,23,2101837824,1836,1940611,290112,6302365,18939,5703249920,1,20603:2
30178448,20603,2131570688,5037297664,180,926,519897,23,2109702144,1836,1940611,290115,6302446,18939,5695115264,1,20603:3
30283347,20603,2139435008,5037297664,180,929,521817,23,2117566464,1836,1940612,290118,6302526,18939,5686931456,1,20603:3
30388306,20603,2147299328,5037297664,180,932,523737,23,2125955072,1836,1940612,290120,6302607,18939,5679108096,1,20603:3
30493385,20603,2155687936,5037297664,180,934,525785,23,2133819392,1836,1940612,290123,6302687,18939,5671231488,1,20603:2
30598154,20603,2162634752,5037297664,180,937,527464,23,2140520448,1858,1940613,290127,6302766,18941,5664276480,1,20603:3
30703001,20603,2169450496,5037297664,180,939,529095,23,2148421632,1869,1940613,290131,6302844,18942,5657198592,1,20603:3
30808028,20603,2177576960,5037297664,180,942,531143,23,2156285952,1869,1940614,290134,6302924,18942,5649321984,1,20603:2
30912734,20603,2185441280,5037297664,180,945,533063,23,2164150272,1869,1940614,290137,6303005,18942,5641445376,1,20603:3
31017431,20603,2193305600,5037297664,180,948,534983,23,2172014592,1869,1940614,290140,6303085,18942,5633310720,1,20603:3
31122172,20603,2201038848,5037297664,180,951,536873,23,2180268032,1871,1940614,290144,6303166,18942,5625069568,1,20603:3
31227159,20603,2208903168,5037297664,180,953,538790,23,2188132352,1871,1940614,290146,6303246,18942,5617192960,1,20603:2
31332205,20603,2216898560,5037297664,180,956,540710,23,2195996672,1871,1940615,290147,6303327,18942,5609316352,1,20603:3
31437262,20603,2224762880,5037297664,180,959,542630,23,2203860992,1871,1940615,290149,6303407,18942,5601181696,1,20603:3
31542280,20603,2232758272,5037297664,180,961,544550,23,2211725312,1871,1940616,290154,6303485,18942,5593075712,1,20603:2
31647276,20603,2240491520,5037297664,180,964,546503,23,2218455040,1888,1940616,290158,6303564,18944,5585600512,1,20603:3
31752009,20603,2247700480,5037297664,180,967,548245,23,2226327552,1904,1940617,290161,6303642,18946,5577977856,1,20603:3
31856980,20603,2255564800,5037297664,180,969,550165,23,2234191872,1904,1940617,290163,6303721,18947,5570097152,1,20603:2
31961950,20603,2263429120,5037297664,180,972,552085,23,2242056192,1904,1940618,290166,6303802,18947,5562171392,1,20603:3
32066900,20603,2271293440,5037297664,180,975,554005,23,2250444800,1904,1940618,290169,6303882,18947,5554348032,1,20603:3
32171998,20603,2279157760,5037297664,180,977,555925,23,2258173952,1906,1940619,290171,6303963,18947,5546586112,1,20603:2
32277169,20603,2287415296,5037297664,180,980,557940,23,2266038272,1906,1940619,290174,6304043,18947,5538762752,1,20603:3
32381873,20603,2295279616,5037297664,180,983,559860,23,2273902592,1906,1940620,290177,6304124,18947,5530886144,1,20603:3
32486587,20603,2303143936,5037297664,180,985,561780,23,2281766912,1906,1940620,290179,6304205,18947,5523009536,1,20603:2
32591309,20603,2311532544,5037297664,180,988,563828,23,2290155520,1906,1940621,290181,6304285,18947,5514362880,1,20603:3
32696208,20603,2328571904,5049909248,181,992,567963,23,2296160256,1917,1940622,290184,6304362,18948,5496111104,1,20603:5
32800753,20603,2331586560,5049909248,181,994,568731,23,2304548864,1918,1940623,290186,6304444,18948,5494427648,1,20603:2
32905765,20603,2334994432,5049909248,185,994,569556,23,2308247552,1920,1940628,290186,6304522,18948,5490671616,1,20603:4
33010428,20603,2343383040,5049909248,195,994,571622,23,2308247552,1920,1940638,290187,6304594,18948,5482156032,1,20603:11
33115504,20603,2387554304,5153722368,201,999,582329,23,2308247552,1920,1940646,290193,6304664,18948,5437026304,1,20603:11
33220060,20603,2435133440,5153722368,207,1004,593963,23,2308247552,1920,1940652,290198,6304737,18948,5388771328,1,20603:10
33325141,20603,2435428352,5141110784,208,1006,597155,23,2315063296,1921,1940653,290200,6304817,18948,5389881344,1,20603:3
33430199,20603,2435428352,5141110784,208,1007,597155,23,2322927616,1921,1940654,290202,6304899,18948,5389746176,1,20603:1
33535197,20603,2435428352,5141110784,208,1009,597155,23,2330791936,1921,1940654,290204,6304981,18948,5389869056,1,20603:2
33639948,20603,2435428352,5141110784,208,1010,597155,23,2338656256,1921,1940654,290205,6305062,18948,5389733888,1,20603:1
33744745,20603,2435428352,5141110784,208,1012,597155,23,2346520576,1921,1940654,290207,6305144,18948,5389856768,1,20603:2
33849540,20603,2435428352,5141110784,208,1013,597155,23,2354384896,1921,1940655,290208,6305225,18948,5389721600,1,20603:1
33954241,20603,2435428352,5141110784,208,1015,597155,23,2362249216,1921,1940655,290210,6305307,18948,5389844480,1,20603:2
34058995,20603,2435428352,5141110784,208,1016,597155,23,2370113536,1921,1940656,290212,6305389,18948,5389549568,1,20603:1
34163822,20603,2435428352,5141110784,208,1017,597155,23,2377977856,1921,1940656,290213,6305470,18948,5389746176,1,20603:1
34268652,20603,2435428352,5141110784,208,1019,597155,23,2386366464,1921,1940656,290214,6305552,18948,5389733888,1,20603:2
34373632,20603,2435428352,5141110784,208,1020,597155,23,2394230784,1921,1940657,290216,6305634,18948,5389856768,1,20603:1
34478608,20603,2435428352,5141110784,208,1021,597155,23,2402095104,1921,1940658,290217,6305716,18948,5389721600,1,20603:1
34583602,20603,2435428352,5141110784,208,1023,597155,23,2409959424,1921,1940658,290219,6305796,18948,5389844480,1,20603:2
34688191,20603,2441457664,5141110784,215,1023,598624,23,2411540480,1923,1940666,290220,6305870,18948,5383442432,1,20603:7
34792878,20603,2450501632,5141110784,225,1024,600841,23,2411540480,1923,1940676,290221,6305943,18948,5374410752,1,20603:11
34897543,20603,2459545600,5141110784,232,1027,603054,23,2411540480,1923,1940684,290225,6306016,18948,5365379072,1,20603:10
35002213,20603,2468720640,5141110784,242,1028,605272,23,2411540480,1923,1940694,290226,6306088,18948,5356347392,1,20603:11
35106990,20603,2477764608,5141110784,252,1028,607488,23,2411540480,1923,1940704,290227,6306161,18948,5347315712,1,20603:10
35211659,20603,2486808576,5141110784,262,1029,609704,23,2411540480,1923,1940713,290228,6306234,18948,5338025984,1,20603:11
35316393,20603,2495852544,5141110784,270,1031,611920,23,2411540480,1923,1940721,290231,6306306,18948,5328994304,1,20603:10
35421073,20603,2505027584,5141110784,281,1031,614137,23,2411540480,1923,1940732,290231,6306379,18948,5319962624,1,20603:11
35525787,20603,2514071552,5141110784,289,1033,616354,23,2411540480,1923,1940740,290234,6306452,18948,5310930944,1,20603:10
35630539,20603,2523115520,5141110784,299,1034,618571,23,2411540480,1923,1940750,290235,6306525,18948,5301899264,1,20603:11
35735249,20603,2532290560,5141110784,307,1036,620792,23,2411540480,1923,1940758,290238,6306597,18948,5292609536,1,20603:10
35839993,20603,2539499520,5141110784,314,1038,622552,24,2413088768,1926,1940765,290240,6306671,18949,5285335040,1,20603:9
35944889,20603,2541072384,5141110784,324,1038,622961,24,2413088768,1926,1940776,290240,6306744,18949,5284106240,1,20603:10
36049183,20603,2541072384,5141110784,329,1039,622961,24,2418855936,1927,1940780,290241,6306822,18949,5284155392,1,20603:6
36154137,20603,2541072384,5141110784,329,1040,622961,24,2426720256,1927,1940782,290244,6306901,18949,5284020224,1,20603:1
36258985,20603,2541072384,5141110784,329,1042,622961,24,2434584576,1927,1940782,290245,6306983,18949,5284143104,1,20603:2
36363763,20603,2541072384,5141110784,329,1043,622961,24,2442448896,1927,1940783,290246,6307065,18949,5284007936,1,20603:1
36468439,20603,2541072384,5141110784,329,1044,622961,24,2450837504,1927,1940783,290248,6307147,18949,5284167680,1,20603:1
36573402,20603,2541072384,5141110784,329,1045,622961,24,2458701824,1927,1940784,290249,6307229,18949,5284032512,1,20603:2
36678473,20603,2541072384,5141110784,329,1047,622961,24,2466566144,1927,1940784,290250,6307311,18949,5284155392,1,20603:1
36784125,20603,2541072384,5141110784,329,1048,622961,24,2474954752,1927,1940784,290252,6307393,18949,5283995648,1,20603:1
36889223,20603,2541072384,5141110784,329,1049,622961,24,2482819072,1927,1940785,290253,6307475,18949,5284118528,1,20603:2
36994222,20603,2541072384,5141110784,329,1051,622961,24,2490683392,1927,1940785,290254,6307557,18949,5283983360,1,20603:1
37099041,20603,2541072384,5141110784,329,1052,622961,24,2498547712,1927,1940786,290256,6307639,18949,5284106240,1,20603:1
37203805,20603,2541072384,5141110784,329,1053,622961,24,2506936320,1927,1940786,290257,6307721,18949,5284007936,1,20603:1
37308912,20603,2541072384,5141110784,329,1055,622961,24,2514800640,1927,1940786,290258,6307803,18949,5284130816,1,20603:2
37413891,20603,2547232768,5141110784,335,1055,624446,24,2516381696,1929,1940794,290259,6307879,18949,5277728768,1,20603:6
37518633,20603,2556276736,5141110784,345,1056,626659,24,2516381696,1929,1940804,290260,6307951,18949,5268697088,1,20603:11
37623393,20603,2565320704,5141110784,354,1057,628879,24,2516381696,1929,1940814,290261,6308024,18949,5259665408,1,20603:11
37728446,20603,2574495744,5141110784,364,1058,631117,24,2516381696,1929,1940823,290264,6308094,18949,5250375680,1,20603:10
37833126,20603,2583539712,5141110784,374,1058,633332,24,2516381696,1929,1940834,290264,6308167,18949,5241085952,1,20603:10
37937846,20603,2592714752,5141110784,384,1059,635549,24,2516381696,1929,1940844,290266,6308240,18949,5232054272,1,20603:11
38042605,20603,2601758720,5141110784,394,1060,637772,24,2516381696,1929,1940854,290266,6308312,18949,5223022592,1,20603:11
38147303,20603,2610802688,5141110784,403,1061,639990,24,2516381696,1929,1940863,290268,6308385,18949,5213732864,1,20603:10
38251981,20603,2619977728,5141110784,413,1061,642211,24,2516381696,1929,1940873,290269,6308458,18949,5204701184,1,20603:10
38356642,20603,2629021696,5141110784,423,1062,644432,24,2516381696,1929,1940883,290270,6308530,18949,5195669504,1,20603:11
38461371,20603,2637672448,5141110784,432,1063,646543,24,2516381696,1929,1940892,290272,6308602,18949,5186023424,1,20603:10
38566100,20603,2644881408,5141110784,439,1065,648305,24,2519003136,1930,1940900,290274,6308677,18949,5179023360,1,20603:9
38671405,20603,2644881408,5141110784,439,1067,648305,24,2526867456,1930,1940900,290276,6308758,18949,5179023360,1,20603:2
38776459,20603,2644881408,5141110784,439,1068,648305,24,2534731776,1930,1940900,290277,6308840,18949,5179146240,1,20603:1
38881441,20603,2644881408,5141110784,439,1069,648305,24,2542596096,1930,1940901,290278,6308922,18949,5179011072,1,20603:1
38986174,20603,2644881408,5141110784,439,1071,648305,24,2550460416,1930,1940901,290282,6309001,18949,5178384384,1,20603:2
39090984,20603,2644881408,5141110784,439,1072,648305,24,2558324736,1930,1940902,290284,6309082,18949,5178953728,1,20603:1
39195820,20603,2644881408,5141110784,439,1074,648305,24,2566713344,1930,1940902,290288,6309160,18949,5178855424,1,20603:2
39300891,20603,2644881408,5141110784,439,1075,648305,24,2574053376,1930,1940902,290289,6309242,18949,5178978304,1,20603:1
39405978,20603,2644881408,5141110784,439,1077,648305,24,2582441984,1930,1940903,290291,6309324,18949,5178843136,1,20603:2
39510989,20603,2644881408,5141110784,439,1078,648305,24,2590306304,1930,1940904,290292,6309406,18949,5178966016,1,20603:1
39615971,20603,2644881408,5141110784,439,1079,648305,24,2598170624,1930,1940904,290294,6309488,18949,5178830848,1,20603:1
39720677,20603,2644881408,5141110784,439,1081,648305,24,2606034944,1930,1940904,290296,6309569,18949,5178953728,1,20603:2
39825414,20603,2644881408,5141110784,439,1082,648305,24,2613899264,1930,1940905,290297,6309651,18949,5178818560,1,20603:1
39930081,20603,2646323200,5141110784,440,1084,648643,24,2619674624,1932,1940906,290300,6309731,18949,5177040896,1,20603:3
40034737,20603,2655367168,5141110784,450,1084,650850,24,2619674624,1932,1940916,290303,6309801,18949,5167771648,1,20603:11
40139409,20603,2664411136,5141110784,460,1085,653060,24,2619674624,1932,1940926,290304,6309873,18949,5158739968,1,20603:10
40244120,20603,2673455104,5141110784,468,1087,655271,24,2619674624,1932,1940935,290306,6309946,18949,5149708288,1,20603:10
40348850,20603,2682499072,5141110784,478,1087,657472,24,2619674624,1932,1940945,290307,6310019,18949,5140676608,1,20603:10
40453549,20603,2691543040,5141110784,488,1089,659688,24,2619674624,1932,1940954,290308,6310092,18949,5131644928,1,20603:12
40558271,20603,2700587008,5141110784,497,1090,661908,24,2619674624,1932,1940964,290311,6310164,18949,5122625536,1,20603:10
40663067,20603,2709368832,5141110784,506,1091,664034,24,2619674624,1932,1940973,290314,6310235,18949,5115228160,1,20603:11
40767782,20603,2718412800,5141110784,515,1092,666249,24,2619674624,1932,1940984,290316,6310305,18949,5105680384,1,20603:9
40872414,20603,2727456768,5141110784,525,1093,668460,24,2619674624,1932,1940994,290317,6310377,18949,5096648704,1,20603:11
40977013,20603,2736500736,5141110784,535,1093,670677,24,2619674624,1932,1941004,290318,6310450,18949,5087621120,1,20603:10
41081823,20603,2745675776,5141110784,545,1094,672897,24,2619674624,1932,1941014,290319,6310523,18949,5078331392,1,20603:11
41186495,20603,2748690432,5141110784,548,1097,673649,24,2625966080,1933,1941018,290324,6310598,18949,5075378176,1,20603:6
41292712,20603,2748690432,5141110784,548,1099,673649,24,2633830400,1933,1941018,290327,6310679,18949,5075243008,1,20603:2
41397616,20603,2748690432,5141110784,548,1102,673649,24,2641694720,1933,1941018,290330,6310760,18949,5075365888,1,20603:3
41502353,20603,2748690432,5141110784,548,1104,673649,24,2649559040,1933,1941019,290332,6310841,18949,5075181568,1,20603:2
41607726,20603,2748690432,5141110784,548,1106,673649,24,2657947648,1933,1941019,290334,6310923,18949,5075329024,1,20603:2
41712968,20603,2748690432,5141110784,548,1108,673649,24,2665811968,1933,1941020,290336,6311004,18949,5075451904,1,20603:2
41817770,20603,2748690432,5141110784,548,1110,673649,24,2673676288,1933,1941020,290337,6311085,18949,5075316736,1,20603:2
41922541,20603,2748690432,5141110784,548,1112,673649,24,2681540608,1933,1941021,290339,6311166,18949,5075390464,1,20603:2
42027901,20603,2748690432,5141110784,548,1113,673649,24,2689929216,1933,1941021,290341,6311248,18949,5075083264,1,20603:1
42132735,20603,2748690432,5141110784,548,1115,673649,24,2697793536,1933,1941022,290342,6311330,18949,5075206144,1,20603:2
42237411,20603,2748690432,5141110784,548,1116,673649,24,2705657856,1933,1941023,290345,6311409,18949,5075070976,1,20603:1
42342242,20603,2748690432,5141110784,548,1117,673649,24,2714046464,1933,1941024,290347,6311491,18949,5075169280,1,20603:1
42447205,20603,2748690432,5141110784,548,1119,673649,24,2721910784,1933,1941024,290349,6311573,18949,5075034112,1,20603:2
42551928,20603,2755112960,5141110784,555,1119,675198,24,2722967552,1935,1941031,290352,6311644,18949,5069418496,1,20603:7
42656624,20603,2763763712,5141110784,565,1120,677304,24,2722967552,1935,1941041,290353,6311717,18949,5060386816,1,20603:11
42761333,20603,2772283392,5141110784,575,1120,679408,24,2722967552,1935,1941052,290354,6311790,18949,5051932672,1,20603:10
42866041,20603,2780934144,5141110784,585,1121,681520,24,2722967552,1935,1941062,290355,6311862,18949,5043212288,1,20603:11
42970671,20603,2789584896,5141110784,594,1122,683621,24,2722967552,1935,1941072,290356,6311935,18949,5034438656,1,20603:11
43075312,20603,2798235648,5141110784,604,1122,685721,24,2722967552,1935,1941081,290357,6312008,18949,5025923072,1,20603:10
43179960,20603,2806755328,5141110784,613,1124,687828,24,2722967552,1935,1941090,290359,6312080,18949,5017149440,1,20603:10
43284493,20603,2815406080,5141110784,623,1125,689939,24,2722967552,1935,1941100,290360,6312153,18949,5008633856,1,20603:11
43389134,20603,2824056832,5141110784,633,1125,692037,24,2722967552,1935,1941110,290363,6312223,18949,4999811072,1,20603:10
43493804,20603,2832707584,5141110784,643,1126,694138,24,2722967552,1935,1941121,290364,6312296,18949,4991037440,1,20603:11
43598498,20603,2841227264,5141110784,652,1127,696244,24,2722967552,1935,1941130,290365,6312368,18949,4982263808,1,20603:10
43703234,20603,2849878016,5141110784,662,1128,698347,24,2722967552,1935,1941140,290366,6312441,18949,4973748224,1,20603:11
43807941,20603,2852499456,5141110784,664,1130,698993,24,2729259008,1936,1941144,290370,6312517,18949,4971470848,1,20603:4
43912777,20603,2852499456,5141110784,665,1132,698993,24,2737123328,1936,1941144,290372,6312598,18949,4971335680,1,20603:3
44017619,20603,2852499456,5141110784,665,1134,698993,24,2744987648,1936,1941145,290374,6312679,18949,4971458560,1,20603:2
44122394,20603,2852499456,5141110784,665,1136,698993,24,2752851968,1936,1941145,290376,6312760,18949,4971323392,1,20603:2
44227136,20603,2852499456,5141110784,665,1138,698993,24,2760716288,1936,1941146,290382,6312837,18949,4970819584,1,20603:2
44331880,20603,2852499456,5141110784,665,1141,698993,24,2768580608,1936,1941146,290386,6312917,18949,4970684416,1,20603:3
44436478,20603,2852499456,5141110784,665,1144,698993,24,2776444928,1936,1941146,290388,6312998,18949,4970758144,1,20603:3
44541601,20603,2852499456,5141110784,665,1146,698993,24,2784833536,1936,1941146,290391,6313078,18949,4970708992,1,20603:2
44646858,20603,2852499456,5141110784,665,1149,698993,24,2792697856,1936,1941146,290394,6313160,18949,4970831872,1,20603:3
44752279,20603,2852499456,5141110784,665,1151,698993,24,2800562176,1936,1941147,290396,6313241,18949,4970696704,1,20603:2
44857568,20603,2852499456,5141110784,665,1153,698993,24,2808426496,1936,1941148,290398,6313322,18949,4970819584,1,20603:2
44962351,20603,2852499456,5141110784,665,1155,698993,24,2816290816,1936,1941148,290400,6313403,18949,4970684416,1,20603:2
45067124,20603,2852499456,5141110784,665,1157,698993,24,2824155136,1936,1941148,290403,6313484,18949,4970807296,1,20603:2
45171827,20603,2857873408,5141110784,671,1158,700303,24,2826260480,1938,1941155,290407,6313556,18949,4965949440,1,20603:7
45276454,20603,2866524160,5141110784,679,1160,702404,24,2826260480,1938,1941164,290410,6313627,18949,4957175808,1,20603:10
45381443,20603,2875174912,5141110784,688,1162,704531,24,2826260480,1938,1941174,290413,6313699,18949,4948660224,1,20603:11
45486424,20603,2883825664,5141110784,697,1163,706628,24,2826260480,1938,1941185,290414,6313771,18949,4939886592,1,20603:11
45591144,20603,2892476416,5141110784,707,1164,708734,24,2826260480,1938,1941194,290415,6313844,18949,4931371008,1,20603:10
45695782,20603,2900996096,5141110784,717,1165,710822,24,2826260480,1938,1941204,290416,6313917,18949,4922855424,1,20603:11
45800490,20603,2909646848,5141110784,727,1165,712933,24,2826260480,1938,1941214,290416,6313989,18949,4914081792,1,20603:10
45905217,20603,2918166528,5141110784,737,1165,715022,24,2826260480,1938,1941224,290417,6314062,18949,4905349120,1,20603:10
46009973,20603,2926817280,5141110784,746,1166,717124,24,2826260480,1938,1941234,290422,6314132,18949,4896399360,1,20603:10
46114692,20603,2935336960,5141110784,756,1167,719215,24,2826260480,1938,1941244,290423,6314204,18949,4887883776,1,20603:11
46219452,20603,2943987712,5141110784,766,1168,721315,24,2826260480,1938,1941254,290424,6314277,18949,4879110144,1,20603:11
46324186,20603,2952507392,5141110784,775,1169,723411,24,2826260480,1938,1941264,290425,6314350,18949,4870594560,1,20603:10
46428770,20603,2956308480,5141110784,778,1172,724370,24,2831503360,1939,1941267,290427,6314427,18949,4867026944,1,20603:7
46533812,20603,2956308480,5141110784,779,1174,724370,24,2839367680,1939,1941268,290429,6314508,18949,4867149824,1,20603:2
46638595,20603,2956308480,5141110784,779,1176,724370,24,2847232000,1939,1941268,290430,6314589,18949,4867014656,1,20603:2
46743273,20603,2956308480,5141110784,779,1178,724370,24,2855096320,1939,1941269,290432,6314670,18949,4867137536,1,20603:2
46848070,20603,2956308480,5141110784,779,1180,724370,24,2862960640,1939,1941270,290439,6314745,18949,4867444736,1,20603:2
46953092,20603,2956308480,5141110784,779,1183,724370,24,2870824960,1939,1941270,290442,6314824,18949,4867592192,1,20603:3
47057819,20603,2956308480,5141110784,779,1186,724370,24,2878689280,1939,1941271,290445,6314905,18949,4867457024,1,20603:3
47162709,20603,2956308480,5141110784,779,1188,724370,24,2886553600,1939,1941272,290448,6314985,18949,4867579904,1,20603:3
47267609,20603,2956308480,5141110784,779,1191,724370,24,2894417920,1939,1941272,290452,6315065,18949,4867444736,1,20603:2
47372265,20603,2956308480,5141110784,779,1194,724370,24,2902282240,1939,1941272,290455,6315146,18949,4867567616,1,20603:3
47477119,20603,2956308480,5141110784,779,1196,724370,24,2910146560,1939,1941272,290458,6315226,18949,4867432448,1,20603:2
47581992,20603,2956308480,5141110784,779,1198,724370,24,2918010880,1939,1941273,290461,6315307,18949,4867555328,1,20603:2
47686808,20603,2956308480,5141110784,779,1201,724370,24,2925875200,1939,1941273,290464,6315388,18949,4867420160,1,20603:3
47791491,20603,2959978496,5141110784,782,1203,725252,24,2929553408,1941,1941278,290468,6315462,18949,4863156224,1,20603:6
47896124,20603,2968498176,5141110784,792,1203,727347,24,2929553408,1941,1941288,290469,6315535,18949,4854669312,1,20603:9
48000737,20603,2977148928,5141110784,802,1204,729436,24,2929553408,1941,1941299,290469,6315608,18949,4846153728,1,20603:11
48105324,20603,2985668608,5141110784,812,1204,731535,24,2929553408,1941,1941308,290470,6315680,18949,4837380096,1,20603:10
48209992,20603,2994319360,5141110784,821,1206,733641,24,2929553408,1941,1941318,290472,6315753,18949,4828864512,1,20603:11
48314654,20603,3002839040,5141110784,830,1207,735734,24,2929553408,1941,1941328,290473,6315826,18949,4820348928,1,20603:11
48419314,20603,3011620864,5141110784,839,1209,737861,24,2929553408,1941,1941338,290477,6315896,18949,4811575296,1,20603:10
48523980,20603,3020271616,5141110784,849,1210,739963,24,2929553408,1941,1941348,290478,6315968,18949,4803059712,1,20603:11
48628490,20603,3028791296,5141110784,859,1210,742068,24,2929553408,1941,1941358,290481,6316038,18949,4794396672,1,20603:10
48733068,20603,3037442048,5141110784,870,1210,744172,24,2929553408,1941,1941369,290481,6316110,18949,4785623040,1,20603:11
48837737,20603,3046092800,5141110784,878,1212,746275,24,2929553408,1941,1941378,290484,6316183,18949,4776591360,1,20603:10
48942382,20603,3054743552,5141110784,887,1213,748380,24,2929553408,1941,1941388,290485,6316256,18949,4768075776,1,20603:10
49047034,20603,3060117504,5141110784,894,1214,749715,24,2933223424,1942,1941394,290486,6316331,18950,4762923008,1,20603:8
49152478,20603,3060117504,5141110784,894,1216,749715,24,2941087744,1942,1941394,290488,6316412,18950,4762787840,1,20603:2
49257913,20603,3060117504,5141110784,894,1218,749715,24,2948952064,1942,1941395,290489,6316493,18950,4762910720,1,20603:2
49362732,20603,3060117504,5141110784,894,1220,749715,24,2956816384,1942,1941395,290492,6316574,18950,4762775552,1,20603:2
49467438,20603,3060117504,5141110784,894,1222,749715,24,2964680704,1942,1941395,290495,6316654,18950,4762591232,1,20603:2
49572100,20603,3060117504,5141110784,894,1225,749715,24,2972545024,1942,1941396,290500,6316731,18950,4763230208,1,20603:3
49676843,20603,3060117504,5141110784,895,1228,749715,24,2980409344,1942,1941396,290502,6316812,18950,4763353088,1,20603:4
49781575,20603,3060117504,5141110784,895,1230,749715,24,2988273664,1942,1941396,290505,6316892,18950,4763217920,1,20603:2
49886423,20603,3060117504,5141110784,895,1233,749715,24,2996137984,1942,1941398,290509,6316970,18950,4763340800,1,20603:3
49991328,20603,3060117504,5141110784,895,1235,749715,24,3004002304,1942,1941398,290512,6317051,18950,4763205632,1,20603:2
50096210,20603,3060117504,5141110784,895,1237,749715,24,3011866624,1942,1941399,290514,6317132,18950,4763279360,1,20603:2
50201484,20603,3060117504,5141110784,895,1239,749715,24,3020255232,1942,1941399,290517,6317213,18950,4763230208,1,20603:2
50306755,20603,3060117504,5141110784,895,1241,749715,24,3028119552,1942,1941399,290518,6317295,18950,4763353088,1,20603:2
50412091,20603,3062476800,5141110784,897,1243,750274,24,3032846336,1944,1941402,290522,6317371,18950,4760813568,1,20603:4
50516758,20603,3071127552,5141110784,905,1246,752379,24,3032846336,1944,1941410,290526,6317443,18950,4751777792,1,20603:11
50621394,20603,3079647232,5141110784,914,1247,754483,24,3032846336,1944,1941420,290527,6317515,18950,4743262208,1,20603:10
50726091,20603,3088297984,5141110784,925,1247,756593,24,3032846336,1944,1941431,290528,6317588,18950,4734488576,1,20603:11
50830753,20603,3096948736,5141110784,934,1249,758704,24,3032846336,1944,1941440,290530,6317661,18950,4725972992,1,20603:11
50935456,20603,3105599488,5141110784,942,1250,760808,24,3032846336,1944,1941449,290531,6317734,18950,4717215744,1,20603:10
51040158,20603,3114250240,5141110784,953,1251,762921,24,3032846336,1944,1941459,290532,6317806,18950,4708700160,1,20603:11
51144796,20603,3122900992,5141110784,961,1253,765029,24,3032846336,1944,1941468,290534,6317878,18950,4699926528,1,20603:10
51249529,20603,3131551744,5141110784,970,1254,767149,24,3032846336,1944,1941478,290538,6317949,18950,4691484672,1,20603:10
51354292,20603,3140202496,5141110784,980,1255,769248,24,3032846336,1944,1941488,290540,6318020,18950,4683161600,1,20603:11
51458955,20603,3148853248,5141110784,989,1256,771374,24,3032846336,1944,1941500,290542,6318090,18950,4674387968,1,20603:10
51563566,20603,3157372928,5141110784,998,1257,773465,24,3032846336,1944,1941509,290544,6318163,18950,4665872384,1,20603:10
51668086,20603,3163926528,5141110784,1005,1259,775059,24,3035467776,1945,1941516,290546,6318237,18951,4659429376,1,20603:9
51773547,20603,3163926528,5141110784,1005,1261,775059,24,3043332096,1945,1941517,290548,6318318,18951,4659552256,1,20603:2
51878534,20603,3163926528,5141110784,1005,1264,775059,24,3051196416,1945,1941517,290551,6318399,18951,4659220480,1,20603:3
51983394,20603,3163926528,5141110784,1005,1266,775059,24,3059060736,1945,1941518,290553,6318480,18951,4659417088,1,20603:2
52088246,20603,3163926528,5141110784,1005,1268,775059,24,3066925056,1945,1941518,290554,6318561,18951,4659355648,1,20603:2
52193010,20603,3163926528,5141110784,1005,1270,775059,24,3074789376,1945,1941518,290561,6318637,18951,4659011584,1,20603:2
52297894,20603,3163926528,5141110784,1005,1274,775059,24,3082653696,1945,1941519,290564,6318717,18951,4658950144,1,20603:4
52402722,20603,3163926528,5141110784,1006,1276,775059,24,3090518016,1945,1941519,290567,6318798,18951,4659146752,1,20603:3
52507439,20603,3163926528,5141110784,1006,1279,775059,24,3098382336,1945,1941520,290569,6318878,18951,4658851840,1,20603:3
52612104,20603,3163926528,5141110784,1006,1281,775059,24,3106246656,1945,1941520,290572,6318958,18951,4659048448,1,20603:2
52716769,20603,3163926528,5141110784,1006,1284,775059,24,3114110976,1945,1941520,290575,6319038,18951,4658987008,1,20603:3
52821429,20603,3163926528,5141110784,1006,1287,775059,24,3121975296,1945,1941521,290576,6319119,18951,4659183616,1,20603:3
52926076,20603,3163926528,5141110784,1006,1289,775059,24,3129839616,1945,1941523,290580,6319197,18951,4659023872,1,20603:2
53032510,20603,3164844032,5141110784,1008,1291,775274,24,3136147456,1947,1941525,290581,6319277,18951,4657893376,1,20603:4
53137113,20603,3173494784,5141110784,1017,1292,777380,24,3136147456,1947,1941534,290586,6319346,18951,4649967616,1,20603:10
53241770,20603,3182145536,5141110784,1026,1293,779484,24,3136147456,1947,1941544,290588,6319419,18951,4640935936,1,20603:10
53346376,20603,3190665216,5141110784,1035,1294,781580,24,3136147456,1947,1941553,290589,6319491,18951,4632162304,1,20603:10
53451029,20603,3199315968,5141110784,1045,1295,783692,24,3136147456,1947,1941563,290590,6319564,18951,4623646720,1,20603:11
53555664,20603,3207966720,5141110784,1054,1297,785791,24,3136147456,1947,1941572,290592,6319637,18951,4615131136,1,20603:11
53660228,20603,3216486400,5141110784,1064,1297,787881,24,3136147456,1947,1941582,290592,6319709,18951,4606357504,1,20603:10
53764860,20603,3225137152,5141110784,1074,1298,789988,24,3136147456,1947,1941592,290594,6319782,18951,4597841920,1,20603:11
53869419,20603,3233656832,5141110784,1083,1299,792084,24,3136147456,1947,1941602,290595,6319855,18951,4589326336,1,20603:10
53974046,20603,3242307584,5141110784,1091,1301,794191,24,3136147456,1947,1941611,290600,6319924,18951,4580356096,1,20603:10
54078705,20603,3250958336,5141110784,1101,1302,796295,24,3136147456,1947,1941621,290602,6319997,18951,4571582464,1,20603:11
54183384,20603,3259609088,5141110784,1110,1303,798402,24,3136147456,1947,1941630,290603,6320069,18951,4562808832,1,20603:10
54287922,20603,3267735552,5141110784,1119,1304,800403,24,3137196032,1948,1941639,290604,6320142,18951,4555325440,1,20603:10
54392821,20603,3267735552,5141110784,1120,1306,800403,24,3145060352,1948,1941640,290606,6320223,18951,4555190272,1,20603:3
54497770,20603,3267735552,5141110784,1120,1309,800403,24,3152924672,1948,1941642,290611,6320301,18951,4555288576,1,20603:3
54602907,20603,3267735552,5141110784,1120,1311,800403,24,3161313280,1948,1941642,290613,6320382,18951,4555214848,1,20603:2
54708279,20603,3267735552,5141110784,1120,1313,800403,24,3169177600,1948,1941643,290616,6320463,18951,4555337728,1,20603:2
54813828,20603,3267735552,5141110784,1120,1316,800403,24,3177041920,1948,1941644,290623,6320541,18951,4555669504,1,20603:3
54919171,20603,3267735552,5141110784,1120,1319,800403,24,3184906240,1948,1941644,290626,6320622,18951,4555792384,1,20603:3
55024622,20603,3267735552,5141110784,1120,1321,800403,24,3192770560,1948,1941644,290629,6320702,18951,4555657216,1,20603:2
55129341,20603,3267735552,5141110784,1120,1324,800403,24,3200634880,1948,1941644,290631,6320783,18951,4555780096,1,20603:3
55234090,20603,3267735552,5141110784,1120,1326,800403,24,3208499200,1948,1941645,290634,6320864,18951,4555644928,1,20603:2
55338797,20603,3267735552,5141110784,1120,1328,800403,24,3216363520,1948,1941646,290637,6320944,18951,4555767808,1,20603:2
55443563,20603,3267735552,5141110784,1120,1331,800403,24,3224227840,1948,1941646,290640,6321025,18951,4555632640,1,20603:3
55548138,20603,3267735552,5141110784,1120,1333,800403,24,3232092160,1948,1941646,290642,6321106,18951,4555755520,1,20603:2
55652849,20603,3267735552,5141110784,1120,1335,800403,24,3239440384,1948,1941647,290644,6321187,18951,4555644928,1,20603:2
55757518,20603,3275862016,5141110784,1127,1337,802382,24,3239440384,1950,1941656,290648,6321257,18951,4547080192,1,20603:9
55862151,20603,3284512768,5141110784,1136,1338,804486,24,3239440384,1950,1941667,290649,6321330,18951,4538306560,1,20603:10
55966761,20603,3293032448,5141110784,1146,1339,806581,24,3239440384,1950,1941676,290650,6321402,18951,4529790976,1,20603:12
56071799,20603,3301814272,5141110784,1156,1340,808720,24,3239440384,1950,1941686,290653,6321472,18951,4521017344,1,20603:10
56176405,20603,3310465024,5141110784,1164,1342,810814,24,3239440384,1950,1941695,290656,6321545,18951,4512243712,1,20603:10
56280962,20603,3318984704,5141110784,1172,1344,812915,24,3239440384,1950,1941703,290658,6321618,18951,4503728128,1,20603:10
56385636,20603,3327635456,5141110784,1182,1345,815018,24,3239440384,1950,1941714,290659,6321690,18951,4494954496,1,20603:11
56490241,20603,3336286208,5141110784,1192,1345,817122,24,3239440384,1950,1941724,290660,6321763,18951,4486438912,1,20603:10
56594817,20603,3344805888,5141110784,1202,1346,819221,24,3239440384,1950,1941734,290663,6321833,18951,4477874176,1,20603:11
56699520,20603,3353456640,5141110784,1211,1347,821307,24,3239440384,1950,1941744,290664,6321905,18951,4468842496,1,20603:11
56804085,20603,3361976320,5141110784,1221,1348,823395,24,3239440384,1950,1941753,290666,6321978,18951,4460326912,1,20603:10
56908721,20603,3370496000,5141110784,1231,1348,825476,24,3239440384,1950,1941763,290666,6322050,18951,4451811328,1,20603:10
57013358,20603,3371544576,5141110784,1232,1351,825747,24,3247304704,1951,1941765,290670,6322130,18951,4451123200,1,20603:4
57118955,20603,3371544576,5141110784,1232,1353,825747,24,3255169024,1951,1941765,290672,6322212,18951,4450988032,1,20603:2
57224515,20603,3371544576,5141110784,1232,1355,825747,24,3263033344,1951,1941765,290675,6322293,18951,4451110912,1,20603:2
57329615,20603,3371544576,5141110784,1232,1357,825747,24,3270897664,1951,1941766,290677,6322374,18951,4450975744,1,20603:2
57434730,20603,3371544576,5141110784,1232,1360,825747,24,3278761984,1951,1941766,290683,6322452,18951,4451315712,1,20603:3
57539777,20603,3371544576,5141110784,1232,1363,825747,24,3286626304,1951,1941768,290688,6322529,18951,4451180544,1,20603:3
57644424,20603,3371544576,5141110784,1232,1366,825747,24,3294490624,1951,1941768,290691,6322609,18951,4451303424,1,20603:3
57749182,20603,3371544576,5141110784,1232,1369,825747,24,3302354944,1951,1941768,290694,6322689,18951,4451168256,1,20603:3
57854142,20603,3371544576,5141110784,1232,1372,825747,24,3310219264,1951,1941769,290697,6322769,18951,4451291136,1,20603:3
57959115,20603,3371544576,5141110784,1232,1374,825747,24,3318083584,1951,1941769,290700,6322850,18951,4451155968,1,20603:2
58063926,20603,3371544576,5141110784,1232,1377,825747,24,3325947904,1951,1941769,290703,6322931,18951,4451278848,1,20603:3
58168859,20603,3371544576,5141110784,1232,1379,825747,24,3333812224,1951,1941770,290705,6323012,18951,4451143680,1,20603:2
58273982,20603,3371544576,5141110784,1232,1381,825747,24,3342200832,1951,1941770,290707,6323093,18951,4451303424,1,20603:2
58379311,20603,3378360320,5141110784,1238,1382,827391,24,3342741504,1953,1941778,290712,6323164,18951,4444786688,1,20603:8
58483973,20603,3386880000,5141110784,1248,1384,829490,24,3342741504,1953,1941787,290714,6323237,18951,4435755008,1,20603:11
58588480,20603,3395399680,5141110784,1258,1384,831578,24,3342741504,1953,1941797,290714,6323309,18951,4427239424,1,20603:10
58693060,20603,3404050432,5141110784,1267,1386,833672,24,3342741504,1953,1941806,290716,6323382,18951,4418723840,1,20603:11
58798111,20603,3412701184,5141110784,1276,1386,835773,24,3342741504,1953,1941817,290717,6323455,18951,4409950208,1,20603:9
58902822,20603,3421220864,5141110784,1286,1388,837877,24,3342741504,1953,1941826,290718,6323528,18951,4401491968,1,20603:12
59007879,20603,3429871616,5141110784,1294,1390,839983,24,3342741504,1953,1941834,290721,6323601,18951,4392976384,1,20603:10
59112447,20603,3438522368,5141110784,1302,1392,842106,24,3342741504,1953,1941844,290725,6323670,18951,4384202752,1,20603:10
59217044,20603,3447173120,5141110784,1312,1393,844215,24,3342741504,1953,1941854,290729,6323739,18951,4375146496,1,20603:11
59321652,20603,3455823872,5141110784,1322,1393,846327,24,3342741504,1953,1941865,290730,6323812,18951,4366372864,1,20603:10
59426408,20603,3464474624,5141110784,1331,1394,848439,24,3342741504,1953,1941874,290731,6323885,18951,4357599232,1,20603:10
59531049,20603,3473125376,5141110784,1341,1395,850546,24,3342741504,1953,1941884,290732,6323957,18951,4349083648,1,20603:11
59635716,20603,3475353600,5141110784,1343,1398,851091,24,3349557248,1954,1941887,290735,6324036,18951,4347097088,1,20603:5
59740646,20603,3475353600,5141110784,1343,1400,851091,24,3357421568,1954,1941887,290738,6324117,18951,4347219968,1,20603:2
59845608,20603,3475353600,5141110784,1343,1403,851091,24,3365285888,1954,1941888,290741,6324197,18951,4347084800,1,20603:3
59950527,20603,3475353600,5141110784,1343,1406,851091,24,3373150208,1954,1941888,290743,6324278,18951,4347207680,1,20603:3
60055478,20603,3475353600,5141110784,1344,1408,851091,24,3381014528,1954,1941888,290749,6324355,18951,4347314176,1,20603:3
60160166,20603,3475353600,5141110784,1344,1410,851091,24,3388878848,1954,1941889,290751,6324435,18951,4347437056,1,20603:2
60264900,20603,3475353600,5141110784,1344,1413,851091,24,3396743168,1954,1941889,290754,6324515,18951,4347301888,1,20603:3
60369589,20603,3475353600,5141110784,1344,1416,851091,24,3404607488,1954,1941889,290757,6324596,18951,4347424768,1,20603:3
60474344,20603,3475353600,5141110784,1344,1418,851091,24,3412471808,1954,1941890,290760,6324676,18951,4347289600,1,20603:2
60579103,20603,3475353600,5141110784,1344,1421,851091,24,3420336128,1954,1941891,290764,6324754,18951,4347412480,1,20603:3
60683851,20603,3475353600,5141110784,1344,1423,851091,24,3428200448,1954,1941891,290767,6324834,18951,4347277312,1,20603:2
60788458,20603,3475353600,5141110784,1344,1426,851091,24,3436064768,1954,1941891,290770,6324914,18951,4347400192,1,20603:3
60893078,20603,3475353600,5141110784,1344,1429,851091,24,3443929088,1954,1941891,290772,6324994,18951,4347281408,1,20603:3
60997931,20603,3480727552,5141110784,1350,1430,852397,24,3446034432,1956,1941898,290777,6325067,18951,4341080064,1,20603:7
61102586,20603,3489378304,5141110784,1359,1432,854502,24,3446034432,1956,1941908,290778,6325139,18951,4332564480,1,20603:12
61207266,20603,3498029056,5141110784,1369,1432,856601,24,3446034432,1956,1941918,290779,6325212,18951,4324048896,1,20603:9
61311935,20603,3506548736,5141110784,1378,1433,858705,24,3446034432,1956,1941927,290780,6325285,18951,4315275264,1,20603:10
61416450,20603,3515199488,5141110784,1387,1435,860806,24,3446034432,1956,1941936,290782,6325357,18951,4306759680,1,20603:11
61521086,20603,3523719168,5141110784,1397,1436,862906,24,3446034432,1956,1941946,290783,6325430,18951,4298244096,1,20603:11
61625705,20603,3532369920,5141110784,1405,1438,864995,24,3446034432,1956,1941955,290785,6325503,18951,4289470464,1,20603:10
61730289,20603,3540889600,5141110784,1414,1439,867085,24,3446034432,1956,1941964,290789,6325573,18951,4280967168,1,20603:10
61834935,20603,3549540352,5141110784,1424,1440,869186,24,3446034432,1956,1941974,290790,6325645,18951,4272951296,1,20603:11
61939576,20603,3558191104,5141110784,1433,1441,871292,24,3446034432,1956,1941984,290792,6325718,18951,4263964672,1,20603:11
62044145,20603,3566710784,5141110784,1443,1442,873395,24,3446034432,1956,1941994,290793,6325790,18951,4255449088,1,20603:10
62148699,20603,3575492608,5141110784,1453,1443,875519,24,3446034432,1956,1942005,290795,6325860,18951,4246417408,1,20603:11
62253333,20603,3579162624,5141110784,1456,1446,876435,24,3451277312,1957,1942009,290798,6325937,18951,4243103744,1,20603:6
62358084,20603,3579162624,5141110784,1456,1448,876435,24,3459141632,1957,1942010,290800,6326018,18951,4242968576,1,20603:2
62462894,20603,3579162624,5141110784,1457,1450,876435,24,3467530240,1957,1942010,290802,6326099,18951,4243128320,1,20603:3
62568282,20603,3579162624,5141110784,1457,1452,876435,24,3475394560,1957,1942010,290808,6326177,18951,4243259392,1,20603:2
62673742,20603,3579162624,5141110784,1457,1455,876435,24,3483258880,1957,1942011,290811,6326258,18951,4243382272,1,20603:3
62778635,20603,3579162624,5141110784,1457,1457,876435,24,3491123200,1957,1942011,290813,6326338,18951,4243247104,1,20603:2
62883333,20603,3579162624,5141110784,1457,1459,876435,24,3498987520,1957,1942012,290816,6326419,18951,4243345408,1,20603:2
62988511,20603,3579162624,5141110784,1457,1462,876435,24,3507376128,1957,1942012,290818,6326500,18951,4243210240,1,20603:3
63093967,20603,3579162624,5141110784,1457,1464,876435,24,3515240448,1957,1942012,290820,6326581,18951,4243333120,1,20603:2
63198839,20603,3579162624,5141110784,1457,1467,876435,24,3523104768,1957,1942013,290823,6326662,18951,4243197952,1,20603:3
63303573,20603,3579162624,5141110784,1457,1469,876435,24,3530969088,1957,1942013,290826,6326742,18951,4243320832,1,20603:2
63408872,20603,3579162624,5141110784,1457,1471,876435,24,3539357696,1957,1942014,290829,6326823,18951,4243369984,1,20603:2
63514715,20603,3579162624,5141110784,1457,1474,876435,24,3547222016,1957,1942014,290834,6326900,18953,4243464192,1,20603:3
63620161,20603,3584405504,5141110784,1462,1476,877712,24,3549327360,1959,1942021,290836,6326974,18953,4237824000,1,20603:7
63725076,20603,3593187328,5141110784,1471,1477,879841,24,3549327360,1959,1942031,290838,6327046,18953,4229050368,1,20603:10
63829799,20603,3601838080,5141110784,1481,1478,881955,24,3549327360,1959,1942042,290839,6327118,18953,4220534784,1,20603:11
63934407,20603,3610357760,5141110784,1489,1479,884061,24,3549327360,1959,1942051,290841,6327191,18953,4211761152,1,20603:10
64039062,20603,3619008512,5141110784,1499,1480,886169,24,3549327360,1959,1942060,290842,6327264,18953,4203245568,1,20603:10
64143605,20603,3627659264,5141110784,1508,1482,888277,24,3549327360,1959,1942070,290844,6327336,18953,4194471936,1,20603:11
64248145,20603,3636310016,5141110784,1518,1482,890385,24,3549327360,1959,1942080,290847,6327406,18953,4185772032,1,20603:10
64352765,20603,3644960768,5141110784,1528,1483,892487,24,3549327360,1959,1942090,290848,6327478,18953,4177539072,1,20603:11
64457317,20603,3653480448,5141110784,1537,1484,894582,24,3549327360,1959,1942099,290850,6327551,18953,4169023488,1,20603:10
64562014,20603,3662131200,5141110784,1546,1485,896678,24,3549327360,1959,1942110,290851,6327624,18953,4160507904,1,20603:10
64666639,20603,3670650880,5141110784,1555,1487,898778,24,3549327360,1959,1942118,290853,6327696,18953,4151562240,1,20603:12
64771289,20603,3679301632,5141110784,1565,1488,900885,24,3549327360,1959,1942128,290854,6327769,18953,4142788608,1,20603:10
64875914,20603,3682971648,5141110784,1569,1489,901779,24,3554570240,1960,1942132,290856,6327846,18953,4139503616,1,20603:5
64980656,20603,3682971648,5141110784,1570,1491,901779,24,3562434560,1960,1942133,290857,6327927,18953,4139368448,1,20603:3
65085551,20603,3682971648,5141110784,1570,1493,901779,24,3570298880,1960,1942133,290862,6328005,18953,4139782144,1,20603:2
65190511,20603,3682971648,5141110784,1570,1496,901779,24,3578163200,1960,1942134,290868,6328083,18953,4139646976,1,20603:3
65295441,20603,3682971648,5141110784,1570,1498,901779,24,3586551808,1960,1942134,290870,6328164,18953,4139745280,1,20603:2
65400892,20603,3682971648,5141110784,1570,1500,901779,24,3594416128,1960,1942135,290872,6328245,18953,4139610112,1,20603:2
65506301,20603,3682971648,5141110784,1570,1502,901779,24,3602280448,1960,1942136,290874,6328327,18953,4139732992,1,20603:2
65611582,20603,3682971648,5141110784,1570,1504,901779,24,3610144768,1960,1942136,290876,6328408,18953,4139597824,1,20603:2
65716739,20603,3682971648,5141110784,1570,1506,901779,24,3618009088,1960,1942136,290877,6328489,18953,4139720704,1,20603:2
65821461,20603,3682971648,5141110784,1571,1508,901779,24,3625873408,1960,1942137,290878,6328570,18953,4139585536,1,20603:3
65926210,20603,3682971648,5141110784,1571,1510,901779,24,3633737728,1960,1942137,290883,6328648,18953,4139225088,1,20603:2
66031094,20603,3682971648,5141110784,1571,1512,901779,24,3641602048,1960,1942138,290885,6328729,18953,4139089920,1,20603:2
66135690,20603,3682971648,5141110784,1571,1514,901779,24,3649466368,1960,1942138,290888,6328810,18953,4139212800,1,20603:2
66240272,20603,3687165952,5141110784,1575,1516,902801,24,3652620288,1962,1942143,290890,6328886,18953,4134666240,1,20603:6
66344828,20603,3695816704,5141110784,1584,1517,904902,24,3652620288,1962,1942152,290891,6328959,18953,4126150656,1,20603:10
66449468,20603,3704467456,5141110784,1594,1518,907009,24,3652620288,1962,1942163,290892,6329032,18953,4117635072,1,20603:11
66554070,20603,3712987136,5141110784,1604,1519,909106,24,3652620288,1962,1942173,290893,6329104,18953,4108861440,1,20603:11
66658707,20603,3721506816,5141110784,1613,1520,911194,24,3652620288,1962,1942182,290895,6329177,18953,4100345856,1,20603:10
66763381,20603,3730419712,5141110784,1622,1521,913342,24,3652620288,1962,1942194,290900,6329244,18953,4092039168,1,20603:10
66868059,20603,3738939392,5141110784,1632,1522,915451,24,3652620288,1962,1942204,290901,6329316,18953,4083269632,1,20603:11
66972640,20603,3747590144,5141110784,1642,1523,917551,24,3652620288,1962,1942214,290902,6329389,18953,4074496000,1,20603:11
67077158,20603,3756240896,5141110784,1652,1523,919651,24,3652620288,1962,1942224,290902,6329461,18953,4065980416,1,20603:10
67181776,20603,3764760576,5141110784,1661,1524,921750,24,3652620288,1962,1942234,290904,6329534,18953,4057464832,1,20603:10
67286421,20603,3773411328,5141110784,1671,1525,923851,24,3652620288,1962,1942244,290904,6329607,18953,4048691200,1,20603:11
67391036,20603,3782062080,5141110784,1680,1526,925956,24,3652620288,1962,1942254,290906,6329679,18953,4040175616,1,20603:10
67495659,20603,3786780672,5141110784,1686,1527,927123,24,3656814592,1963,1942260,290909,6329753,18953,4035649536,1,20603:7
67600305,20603,3786780672,5141110784,1686,1529,927123,24,3664678912,1963,1942260,290911,6329834,18953,4035772416,1,20603:2
67705128,20603,3786780672,5141110784,1686,1531,927123,24,3672543232,1963,1942260,290914,6329915,18953,4035637248,1,20603:2
67810130,20603,3786780672,5141110784,1686,1533,927123,24,3680407552,1963,1942261,290915,6329996,18953,4035710976,1,20603:2
67915353,20603,3786780672,5141110784,1687,1535,927123,24,3688271872,1963,1942262,290917,6330077,18953,4035575808,1,20603:3
68020719,20603,3786780672,5141110784,1687,1537,927123,24,3696660480,1963,1942262,290918,6330159,18953,4035784704,1,20603:2
68126102,20603,3786780672,5141110784,1687,1539,927123,24,3704524800,1963,1942263,290920,6330240,18953,4035649536,1,20603:2
68231313,20603,3786780672,5141110784,1687,1541,927123,24,3712389120,1963,1942265,290923,6330318,18953,4035772416,1,20603:2
68336116,20603,3786780672,5141110784,1687,1544,927123,24,3720253440,1963,1942265,290929,6330396,18953,4034998272,1,20603:3
68440811,20603,3786780672,5141110784,1687,1546,927123,24,3728117760,1963,1942266,290932,6330477,18953,4035121152,1,20603:2
68545536,20603,3786780672,5141110784,1687,1548,927123,24,3735982080,1963,1942266,290934,6330558,18953,4034985984,1,20603:2
68650181,20603,3786780672,5141110784,1687,1550,927123,24,3743846400,1963,1942266,290936,6330639,18953,4035108864,1,20603:2
68754851,20603,3786780672,5141110784,1687,1552,927123,24,3752235008,1963,1942267,290937,6330720,18953,4035227648,1,20603:2
68860087,20603,3790188544,5141110784,1690,1554,927937,24,3755913216,1965,1942270,290939,6330797,18953,4031680512,1,20603:5
68964718,20603,3798708224,5141110784,1700,1555,930034,24,3755913216,1965,1942281,290940,6330870,18953,4023164928,1,20603:11
69069280,20603,3807358976,5141110784,1710,1555,932130,24,3755913216,1965,1942291,290940,6330942,18953,4014649344,1,20603:10
69173867,20603,3816009728,5141110784,1719,1557,934248,24,3755913216,1965,1942300,290946,6331012,18953,4006453248,1,20603:11
69278556,20603,3824660480,5141110784,1728,1558,936354,24,3755913216,1965,1942310,290947,6331085,18953,3997421568,1,20603:11
69383192,20603,3833311232,5141110784,1737,1560,938470,24,3755913216,1965,1942319,290948,6331157,18953,3988905984,1,20603:10
69487875,20603,3841961984,5141110784,1746,1561,940586,24,3755913216,1965,1942328,290950,6331230,18953,3980132352,1,20603:10
69592431,20603,3850612736,5141110784,1756,1562,942701,24,3755913216,1965,1942338,290951,6331303,18953,3971616768,1,20603:11
69696999,20603,3859263488,5141110784,1764,1564,944806,24,3755913216,1965,1942347,290953,6331375,18953,3962843136,1,20603:10
69801678,20603,3868045312,5141110784,1773,1566,946951,24,3755913216,1965,1942358,290956,6331445,18953,3954069504,1,20603:11
69906407,20603,3876696064,5141110784,1781,1568,949059,24,3755913216,1965,1942366,290962,6331515,18953,3945889792,1,20603:10
70011112,20603,3885346816,5141110784,1791,1568,951173,24,3755913216,1965,1942376,290962,6331588,18953,3936858112,1,20603:10
70115705,20603,3890589696,5141110784,1797,1570,952467,24,3759583232,1966,1942382,290964,6331663,18954,3932000256,1,20603:8
70220488,20603,3890589696,5141110784,1797,1572,952467,24,3767447552,1966,1942383,290967,6331743,18954,3931865088,1,20603:2
70325163,20603,3890589696,5141110784,1797,1574,952467,24,3775311872,1966,1942383,290970,6331824,18954,3931987968,1,20603:2
70429985,20603,3890589696,5141110784,1797,1576,952467,24,3783176192,1966,1942384,290972,6331905,18954,3931852800,1,20603:2
70534872,20603,3890589696,5141110784,1797,1578,952467,24,3791040512,1966,1942384,290973,6331986,18954,3931975680,1,20603:2
70639607,20603,3890589696,5141110784,1797,1581,952467,24,3798904832,1966,1942384,290979,6332064,18954,3931521024,1,20603:3
70744287,20603,3890589696,5141110784,1797,1583,952467,24,3806769152,1966,1942384,290981,6332145,18954,3931643904,1,20603:2
70849003,20603,3890589696,5141110784,1797,1585,952467,24,3814633472,1966,1942385,290982,6332226,18954,3931508736,1,20603:2
70953812,20603,3890589696,5141110784,1797,1587,952467,24,3822497792,1966,1942385,290985,6332307,18954,3931631616,1,20603:2
71058937,20603,3890589696,5141110784,1797,1589,952467,24,3830362112,1966,1942386,290988,6332388,18954,3931447296,1,20603:2
71164121,20603,3890589696,5141110784,1797,1591,952467,24,3838226432,1966,1942386,290990,6332469,18954,3931480064,1,20603:2
71269329,20603,3890589696,5141110784,1797,1593,952467,24,3846615040,1966,1942388,290994,6332549,18954,3931344896,1,20603:2
71374852,20603,3890589696,5141110784,1797,1595,952467,24,3854479360,1966,1942388,290996,6332629,18954,3931467776,1,20603:2
71479998,20603,3892817920,5141110784,1798,1599,953021,24,3859214336,1968,1942391,291001,6332705,18954,3929571328,1,20603:5
71584620,20603,3901468672,5141110784,1808,1600,955131,24,3859214336,1968,1942400,291002,6332778,18954,3920539648,1,20603:11
71689173,20603,3910119424,5141110784,1817,1601,957233,24,3859214336,1968,1942410,291004,6332850,18954,3912024064,1,20603:10
71793792,20603,3918770176,5141110784,1826,1602,959331,24,3859214336,1968,1942420,291005,6332923,18954,3903250432,1,20603:10
71898486,20603,3927420928,5141110784,1835,1604,961441,24,3859214336,1968,1942430,291006,6332996,18954,3894784000,1,20603:11
72003244,20603,3936071680,5141110784,1845,1604,963550,24,3859214336,1968,1942440,291007,6333069,18954,3886010368,1,20603:10
72107937,20603,3944591360,5141110784,1855,1605,965661,24,3859214336,1968,1942449,291008,6333141,18954,3877236736,1,20603:11
72212501,20603,3953242112,5141110784,1864,1606,967772,24,3859214336,1968,1942458,291012,6333211,18954,3868819456,1,20603:10
72317050,20603,3961892864,5141110784,1874,1607,969873,24,3859214336,1968,1942469,291012,6333284,18954,3859787776,1,20603:11
72421683,20603,3970543616,5141110784,1884,1607,971975,24,3859214336,1968,1942480,291013,6333357,18954,3851272192,1,20603:10
72526277,20603,3979194368,5141110784,1894,1608,974084,24,3859214336,1968,1942490,291014,6333429,18954,3842498560,1,20603:11
72631018,20603,3987845120,5141110784,1903,1608,976194,24,3859214336,1968,1942500,291014,6333502,18954,3833982976,1,20603:10
72735738,20603,3994398720,5141110784,1911,1610,977811,24,3861835776,1969,1942508,291016,6333577,18954,3827568640,1,20603:9
72840468,20603,3994398720,5141110784,1911,1611,977811,24,3869700096,1969,1942509,291019,6333655,18954,3827691520,1,20603:1
72945198,20603,3994398720,5141110784,1912,1613,977811,24,3877564416,1969,1942509,291023,6333733,18954,3827785728,1,20603:3
73050051,20603,3994398720,5141110784,1912,1615,977811,24,3885428736,1969,1942510,291026,6333814,18954,3827982336,1,20603:2
73154770,20603,3994398720,5141110784,1912,1617,977811,24,3893293056,1969,1942510,291027,6333895,18954,3827687424,1,20603:2
73259589,20603,3994398720,5141110784,1912,1619,977811,24,3901157376,1969,1942510,291029,6333976,18954,3827884032,1,20603:2
73364280,20603,3994398720,5141110784,1912,1620,977811,24,3909021696,1969,1942511,291030,6334057,18954,3827773440,1,20603:1
73469487,20603,3994398720,5141110784,1913,1622,977811,24,3916886016,1969,1942511,291032,6334138,18954,3827970048,1,20603:3
73574771,20603,3994398720,5141110784,1913,1624,977811,24,3925274624,1969,1942512,291034,6334220,18954,3827675136,1,20603:2
73680143,20603,3994398720,5141110784,1913,1626,977811,24,3933138944,1969,1942512,291037,6334302,18954,3827871744,1,20603:2
73785598,20603,3994398720,5141110784,1913,1628,977811,24,3941003264,1969,1942513,291042,6334380,18954,3827658752,1,20603:2
73890628,20603,3994398720,5141110784,1913,1630,977811,24,3948867584,1969,1942513,291044,6334462,18954,3827363840,1,20603:2
73995467,20603,3994398720,5141110784,1913,1632,977811,24,3956731904,1969,1942514,291045,6334543,18954,3827302400,1,20603:2
74100235,20603,3995709440,5141110784,1914,1635,978132,24,3962507264,1971,1942515,291048,6334622,18954,3826012160,1,20603:4
74204876,20603,4004360192,5141110784,1922,1637,980239,24,3962507264,1971,1942524,291050,6334695,18954,3817238528,1,20603:10
74309535,20603,4013010944,5141110784,1932,1637,982346,24,3962507264,1971,1942534,291052,6334767,18954,3808722944,1,20603:10
74414531,20603,4021792768,5141110784,1940,1639,984495,24,3962507264,1971,1942544,291055,6334838,18954,3799949312,1,20603:11
74519163,20603,4030443520,5141110784,1950,1640,986601,24,3962507264,1971,1942554,291058,6334908,18954,3791667200,1,20603:11
74623877,20603,4039094272,5141110784,1960,1641,988707,24,3962507264,1971,1942563,291060,6334980,18954,3782893568,1,20603:10
74728480,20603,4047613952,5141110784,1969,1642,990812,24,3962507264,1971,1942572,291061,6335053,18954,3774377984,1,20603:10
74833099,20603,4056264704,5141110784,1978,1644,992920,24,3962507264,1971,1942582,291062,6335126,18954,3765604352,1,20603:11
74937814,20603,4064915456,5141110784,1987,1645,995022,24,3962507264,1971,1942592,291064,6335198,18954,3757088768,1,20603:10
75042427,20603,4073566208,5141110784,1996,1646,997126,24,3962507264,1971,1942602,291065,6335271,18954,3748057088,1,20603:10
75147163,20603,4082216960,5141110784,2004,1649,999243,24,3962507264,1971,1942609,291070,6335341,18955,3738791936,1,20603:11
75252002,20603,4090867712,5141110784,2013,1651,1001371,24,3962507264,1971,1942618,291073,6335412,18955,3730608128,1,20603:11
75356740,20603,4098207744,5141110784,2021,1652,1003155,24,3964604416,1972,1942626,291074,6335486,18955,3723395072,1,20603:9
75461908,20603,4098207744,5141110784,2021,1654,1003155,24,3972468736,1972,1942627,291076,6335567,18955,3723517952,1,20603:2
75566791,20603,4098207744,5141110784,2021,1656,1003155,24,3980333056,1972,1942628,291078,6335649,18955,3723616256,1,20603:2
75672158,20603,4098207744,5141110784,2021,1658,1003155,24,3988721664,1972,1942628,291080,6335730,18955,3723481088,1,20603:2
75777580,20603,4098207744,5141110784,2021,1660,1003155,24,3996585984,1972,1942628,291083,6335812,18955,3723603968,1,20603:2
75882308,20603,4098207744,5141110784,2021,1662,1003155,24,4004450304,1972,1942630,291088,6335888,18955,3723321344,1,20603:2
75986991,20603,4098207744,5141110784,2021,1665,1003155,24,4012314624,1972,1942630,291092,6335968,18955,3723206656,1,20603:3
76091814,20603,4098207744,5141110784,2021,1667,1003155,24,4020178944,1972,1942630,291094,6336049,18955,3723108352,1,20603:2
76197240,20603,4098207744,5141110784,2021,1668,1003155,24,4028567552,1972,1942630,291096,6336130,18955,3723231232,1,20603:2
76302297,20603,4098207744,5141110784,2021,1670,1003155,24,4036431872,1972,1942631,291098,6336212,18955,3723096064,1,20603:1
76407022,20603,4098207744,5141110784,2021,1672,1003155,24,4044296192,1972,1942631,291100,6336293,18955,3723218944,1,20603:2
76512371,20603,4098207744,5141110784,2021,1674,1003155,24,4052684800,1972,1942632,291102,6336374,18955,3723059200,1,20603:2
76617895,20603,4098207744,5141110784,2021,1677,1003155,24,4060549120,1972,1942632,291105,6336456,18955,3723182080,1,20603:3
76722833,20603,4099518464,5141110784,2022,1679,1003471,24,4066447360,1974,1942634,291110,6336533,18955,3721986048,1,20603:3
76827590,20603,4108169216,5141110784,2031,1680,1005588,24,4066447360,1974,1942643,291112,6336605,18955,3713212416,1,20603:11
76932238,20603,4116819968,5141110784,2040,1682,1007707,24,4066447360,1974,1942653,291113,6336678,18955,3704754176,1,20603:10
77036989,20603,4125470720,5141110784,2049,1684,1009810,24,4066447360,1974,1942662,291114,6336751,18955,3695980544,1,20603:11
77141658,20603,4134121472,5141110784,2058,1685,1011908,24,4066447360,1974,1942672,291116,6336823,18955,3687464960,1,20603:10
77246346,20603,4142641152,5141110784,2068,1685,1014013,24,4066447360,1974,1942682,291116,6336896,18955,3678691328,1,20603:10
77351050,20603,4151422976,5141110784,2078,1686,1016128,24,4066447360,1974,1942693,291118,6336968,18955,3669372928,1,20603:11
77455745,20603,4160204800,5141110784,2088,1686,1018293,24,4066447360,1974,1942704,291122,6337036,18955,3661029376,1,20603:10
77560289,20603,4168986624,5141110784,2097,1687,1020424,24,4066447360,1974,1942714,291122,6337109,18955,3652255744,1,20603:10
77664950,20603,4177768448,5141110784,2108,1688,1022583,24,4066447360,1974,1942725,291123,6337182,18955,3643224064,1,20603:12
77769668,20603,4186419200,5141110784,2117,1688,1024692,24,4066447360,1974,1942736,291124,6337255,18955,3634708480,1,20603:9
77874352,20603,4195332096,5141110784,2125,1691,1026858,24,4066447360,1974,1942744,291126,6337327,18955,3625676800,1,20603:11
77979077,20603,4202016768,5141110784,2132,1692,1028499,24,4069072896,1975,1942751,291128,6337402,18955,3618996224,1,20603:9
78084491,20603,4202016768,5141110784,2132,1695,1028499,24,4076937216,1975,1942751,291132,6337480,18955,3619532800,1,20603:2
78189534,20603,4202016768,5141110784,2132,1697,1028499,24,4084801536,1975,1942751,291135,6337561,18955,3619397632,1,20603:2
78294417,20603,4202016768,5141110784,2133,1698,1028499,24,4092665856,1975,1942752,291136,6337643,18955,3619520512,1,20603:2
78399178,20603,4202016768,5141110784,2133,1701,1028499,24,4100530176,1975,1942752,291138,6337724,18955,3619385344,1,20603:3
78503885,20603,4202016768,5141110784,2133,1702,1028499,24,4108394496,1975,1942752,291140,6337805,18955,3619508224,1,20603:1
78608631,20603,4202016768,5141110784,2133,1704,1028499,24,4116258816,1975,1942752,291142,6337886,18955,3619323904,1,20603:2
78713813,20603,4202016768,5141110784,2133,1706,1028499,24,4124647424,1975,1942753,291144,6337967,18955,3619471360,1,20603:2
78819086,20603,4202016768,5141110784,2133,1709,1028499,24,4132511744,1975,1942754,291149,6338046,18955,3619233792,1,20603:3
78924422,20603,4202016768,5141110784,2133,1711,1028499,24,4140376064,1975,1942755,291153,6338124,18955,3619074048,1,20603:2
79029754,20603,4202016768,5141110784,2133,1713,1028499,24,4148240384,1975,1942755,291156,6338205,18955,3619221504,1,20603:2
79134393,20603,4202016768,5141110784,2133,1715,1028499,24,4156104704,1975,1942755,291158,6338286,18955,3619086336,1,20603:2
79239071,20603,4202016768,5141110784,2133,1717,1028499,24,4163969024,1975,1942756,291160,6338367,18955,3619209216,1,20603:2
79343789,20603,4202803200,5141110784,2134,1719,1028696,24,4170780672,1977,1942757,291161,6338447,18955,3618029568,1,20603:3
79448441,20603,4211847168,5141110784,2143,1720,1030908,24,4170780672,1977,1942766,291163,6338520,18955,3608997888,1,20603:10
79553040,20603,4220891136,5141110784,2153,1721,1033114,24,4170780672,1977,1942776,291166,6338590,18955,3600162816,1,20603:11
79657718,20603,4230066176,5141110784,2162,1722,1035328,24,4170780672,1977,1942787,291167,6338663,18955,3590873088,1,20603:10
79762485,20603,4239110144,5141110784,2170,1724,1037545,24,4170780672,1977,1942795,291170,6338736,18955,3581841408,1,20603:10
79867089,20603,4248154112,5141110784,2179,1725,1039755,24,4170780672,1977,1942804,291171,6338808,18955,3572592640,1,20603:11
79971694,20603,4257198080,5141110784,2190,1726,1041968,24,4170780672,1977,1942815,291172,6338881,18955,3563524096,1,20603:11
80076294,20603,4266242048,5141110784,2200,1726,1044185,24,4170780672,1977,1942826,291172,6338954,18955,3554492416,1,20603:10
80180932,20603,4275286016,5141110784,2210,1726,1046395,24,4170780672,1977,1942836,291174,6339024,18955,3545636864,1,20603:10
80285682,20603,4284461056,5141110784,2219,1727,1048623,24,4170780672,1977,1942846,291175,6339097,18955,3536605184,1,20603:10
80390401,20603,4293636096,5141110784,2229,1728,1050849,24,4170780672,1977,1942855,291177,6339170,18955,3527315456,1,20603:11
80495020,20603,4302811136,5141110784,2238,1730,1053095,24,4170780672,1977,1942866,291180,6339239,18955,3518283776,1,20603:11
80599664,20603,4305825792,5141110784,2241,1732,1053843,24,4176551936,1978,1942869,291182,6339317,18956,3515527168,1,20603:5
80704430,20603,4305825792,5141110784,2241,1734,1053843,24,4184416256,1978,1942869,291184,6339398,18956,3515342848,1,20603:2
80809708,20603,4305825792,5141110784,2241,1736,1053843,24,4192280576,1978,1942870,291189,6339477,18956,3515490304,1,20603:2
80914890,20603,4305825792,5141110784,2241,1738,1053843,24,4200669184,1978,1942870,291192,6339558,18956,3515019264,1,20603:2
81020214,20603,4305825792,5141110784,2241,1740,1053843,24,4208533504,1978,1942870,291194,6339640,18956,3515142144,1,20603:2
81125734,20603,4305825792,5141110784,2241,1742,1053843,24,4216397824,1978,1942871,291196,6339722,18956,3515006976,1,20603:2
81231620,20603,4305825792,5141110784,2241,1744,1053843,24,4224262144,1978,1942871,291198,6339803,18956,3515129856,1,20603:2
81336409,20603,4305825792,5141110784,2241,1746,1053843,24,4232126464,1978,1942871,291201,6339884,18956,3514994688,1,20603:2
81441082,20603,4305825792,5141110784,2241,1748,1053843,24,4239990784,1978,1942872,291202,6339965,18956,3515117568,1,20603:2
81546169,20603,4305825792,5141110784,2241,1750,1053843,24,4247855104,1978,1942872,291208,6340044,18956,3515523072,1,20603:2
81651132,20603,4305825792,5141110784,2241,1753,1053843,24,4255719424,1978,1942872,291210,6340125,18956,3515645952,1,20603:3
81756234,20603,4305825792,5141110784,2241,1755,1053843,24,4264108032,1978,1942872,291212,6340206,18956,3515547648,1,20603:2
81861775,20603,4305825792,5141110784,2241,1757,1053843,24,4271972352,1978,1942873,291215,6340288,18956,3515670528,1,20603:2
81967217,20603,4310675456,5141110784,2245,1759,1055028,24,4275113984,1980,1942879,291218,6340363,18956,3510546432,1,20603:6
82072272,20603,4319850496,5141110784,2255,1759,1057263,24,4275113984,1980,1942890,291218,6340434,18956,3501416448,1,20603:10
82176897,20603,4328894464,5141110784,2264,1761,1059485,24,4275113984,1980,1942899,291220,6340507,18956,3492384768,1,20603:11
82281547,20603,4338069504,5141110784,2274,1762,1061699,24,4275113984,1980,1942909,291223,6340577,18956,3482509312,1,20603:11
82386258,20603,4347113472,5141110784,2281,1765,1063920,24,4275113984,1980,1942917,291226,6340650,18956,3473477632,1,20603:10
82491034,20603,4356288512,5141110784,2291,1765,1066146,24,4275113984,1980,1942928,291226,6340723,18956,3464187904,1,20603:11
82595765,20603,4365332480,5141110784,2301,1766,1068368,24,4275113984,1980,1942937,291228,6340796,18956,3455156224,1,20603:10
82700350,20603,4374507520,5141110784,2310,1767,1070592,24,4275113984,1980,1942947,291229,6340868,18956,3446124544,1,20603:10
82804959,20603,4383551488,5141110784,2320,1768,1072821,24,4275113984,1980,1942957,291229,6340941,18956,3436650496,1,20603:11
82909667,20603,4392595456,5141110784,2330,1768,1075031,24,4275113984,1980,1942968,291233,6341011,18956,3428286464,1,20603:10
83014377,20603,4401770496,5141110784,2340,1769,1077249,24,4275113984,1980,1942978,291233,6341084,18956,3418996736,1,20603:11
83119008,20603,4409634816,5141110784,2348,1770,1079187,24,4276690944,1981,1942986,291234,6341157,18957,3411243008,1,20603:9
83223827,20603,4409634816,5141110784,2348,1772,1079187,24,4284555264,1981,1942986,291237,6341238,18957,3411365888,1,20603:2
83328456,20603,4409634816,5141110784,2348,1774,1079187,24,4292419584,1981,1942986,291239,6341319,18957,3411230720,1,20603:2
83433104,20603,4409634816,5141110784,2349,1775,1079187,24,4300283904,1981,1942987,291240,6341400,18957,3411390464,1,20603:2
83538378,20603,4409634816,5141110784,2349,1778,1079187,24,4308672512,1981,1942988,291246,6341476,18957,3411365888,1,20603:3
83643580,20603,4409634816,5141110784,2349,1780,1079187,24,4316536832,1981,1942988,291249,6341557,18957,3411488768,1,20603:2
83748815,20603,4409634816,5141110784,2349,1782,1079187,24,4324401152,1981,1942989,291251,6341638,18957,3411353600,1,20603:2
83853998,20603,4409634816,5141110784,2350,1784,1079187,24,4332265472,1981,1942990,291252,6341720,18957,3411476480,1,20603:3
83958731,20603,4409634816,5141110784,2350,1786,1079187,24,4340129792,1981,1942990,291254,6341801,18957,3411341312,1,20603:2
84063449,20603,4409634816,5141110784,2350,1788,1079187,24,4347994112,1981,1942990,291256,6341882,18957,3411304448,1,20603:2
84168168,20603,4409634816,5141110784,2350,1790,1079187,24,4355858432,1981,1942991,291260,6341961,18957,3410616320,1,20603:2
84273430,20603,4409634816,5141110784,2350,1792,1079187,24,4364247040,1981,1942992,291264,6342042,18957,3411218432,1,20603:2
84378612,20603,4409634816,5141110784,2350,1794,1079187,24,4372111360,1981,1942992,291265,6342123,18957,3411083264,1,20603:2
84483945,20603,4409634816,5141110784,2350,1796,1079187,24,4379447296,1983,1942992,291267,6342204,18957,3410972672,1,20603:2
84588867,20603,4418154496,5141110784,2359,1797,1081275,24,4379447296,1983,1943002,291268,6342277,18957,3402457088,1,20603:10
84693503,20603,4426805248,5141110784,2368,1798,1083376,24,4379447296,1983,1943012,291269,6342350,18957,3393683456,1,20603:10
84798127,20603,4435456000,5141110784,2376,1800,1085470,24,4379447296,1983,1943020,291272,6342422,18957,3385167872,1,20603:10
84902769,20603,4443975680,5141110784,2386,1801,1087567,24,4379447296,1983,1943030,291276,6342493,18957,3377131520,1,20603:11
85007451,20603,4452495360,5141110784,2395,1802,1089653,24,4379447296,1983,1943040,291277,6342565,18957,3368357888,1,20603:11
85111901,20603,4461146112,5141110784,2404,1804,1091769,24,4379447296,1983,1943049,291281,6342635,18957,3360034816,1,20603:10
85216462,20603,4469796864,5141110784,2413,1805,1093861,24,4379447296,1983,1943058,291283,6342707,18957,3351392256,1,20603:10
85320957,20603,4478316544,5141110784,2421,1808,1095950,24,4379447296,1983,1943066,291285,6342780,18957,3342876672,1,20603:11
85425572,20603,4486836224,5141110784,2431,1809,1098038,24,4379447296,1983,1943076,291286,6342853,18957,3334361088,1,20603:11
85530239,20603,4495486976,5141110784,2440,1810,1100139,24,4379447296,1983,1943086,291290,6342923,18957,3325038592,1,20603:10
85634933,20603,4504137728,5141110784,2450,1811,1102243,24,4379447296,1983,1943096,291291,6342996,18957,3316264960,1,20603:11
85739548,20603,4512657408,5141110784,2458,1813,1104339,24,4379447296,1983,1943105,291293,6343068,18957,3307749376,1,20603:10
85844151,20603,4513443840,5141110784,2459,1815,1104531,24,4387315712,1984,1943106,291295,6343148,18958,3307053056,1,20603:3
85948841,20603,4513443840,5141110784,2459,1817,1104531,24,4395180032,1984,1943106,291297,6343229,18958,3307175936,1,20603:2
86053649,20603,4513443840,5141110784,2459,1819,1104531,24,4403044352,1984,1943107,291298,6343310,18958,3307040768,1,20603:2
86158324,20603,4513443840,5141110784,2459,1821,1104531,24,4410908672,1984,1943108,291304,6343388,18958,3307139072,1,20603:2
86263014,20603,4513443840,5141110784,2459,1824,1104531,24,4418772992,1984,1943108,291307,6343468,18958,3307003904,1,20603:3
86367850,20603,4513443840,5141110784,2459,1827,1104531,24,4426637312,1984,1943108,291310,6343548,18958,3307126784,1,20603:3
86472466,20603,4513443840,5141110784,2459,1830,1104531,24,4434501632,1984,1943108,291313,6343628,18958,3306991616,1,20603:3
86577082,20603,4513443840,5141110784,2459,1832,1104531,24,4442365952,1984,1943109,291319,6343705,18958,3306860544,1,20603:2
86681828,20603,4513443840,5141110784,2459,1835,1104531,24,4450230272,1984,1943109,291322,6343786,18958,3306676224,1,20603:3
86787054,20603,4513443840,5141110784,2459,1837,1104531,24,4458618880,1984,1943110,291324,6343867,18958,3306885120,1,20603:2
86892429,20603,4513443840,5141110784,2459,1840,1104531,24,4466483200,1984,1943110,291328,6343946,18958,3307499520,1,20603:3
86997740,20603,4513443840,5141110784,2459,1842,1104531,24,4474347520,1984,1943110,291330,6344027,18958,3307622400,1,20603:2
87103117,20603,4513443840,5141110784,2459,1844,1104531,24,4482211840,1984,1943111,291332,6344108,18958,3307487232,1,20603:2
87208387,20603,4519735296,5141110784,2466,1846,1106070,24,4483780608,1986,1943118,291337,6344176,18962,3300876288,1,20603:9
87313164,20603,4528386048,5141110784,2475,1847,1108174,24,4483780608,1986,1943128,291338,6344248,18962,3292360704,1,20603:10
87417742,20603,4536905728,5141110784,2484,1848,1110262,24,4483780608,1986,1943138,291340,6344321,18962,3283587072,1,20603:10
87522371,20603,4545556480,5141110784,2492,1850,1112360,24,4483780608,1986,1943146,291345,6344391,18962,3274727424,1,20603:10
87626997,20603,4554076160,5141110784,2503,1850,1114455,24,4483780608,1986,1943157,291345,6344464,18962,3265953792,1,20603:11
87731619,20603,4562726912,5141110784,2513,1851,1116558,24,4483780608,1986,1943167,291346,6344536,18962,3257180160,1,20603:11
87836125,20603,4571377664,5141110784,2523,1851,1118662,24,4483780608,1986,1943177,291346,6344609,18962,3248664576,1,20603:10
87940758,20603,4579897344,5141110784,2533,1852,1120759,24,4483780608,1986,1943187,291347,6344682,18962,3240202240,1,20603:11
88045337,20603,4588548096,5141110784,2541,1854,1122851,24,4483780608,1986,1943196,291350,6344753,18962,3232051200,1,20603:10
88150068,20603,4597329920,5141110784,2551,1855,1124997,24,4483780608,1986,1943206,291356,6344822,18962,3224141824,1,20603:11
88254707,20603,4605849600,5141110784,2559,1857,1127086,24,4483780608,1986,1943215,291358,6344894,18962,3215110144,1,20603:10
88359318,20603,4614500352,5141110784,2569,1858,1129183,24,4483780608,1986,1943225,291358,6344967,18962,3206594560,1,20603:11
88463922,20603,4617252864,5141110784,2572,1860,1129875,24,4489551872,1987,1943228,291361,6345044,18962,3204059136,1,20603:5
88569197,20603,4617252864,5141110784,2572,1861,1129875,24,4497940480,1987,1943228,291362,6345126,18962,3203923968,1,20603:1
88674399,20603,4617252864,5141110784,2572,1864,1129875,24,4505804800,1987,1943229,291366,6345207,18962,3203616768,1,20603:3
88779713,20603,4617252864,5141110784,2572,1867,1129875,24,4513669120,1987,1943229,291371,6345285,18962,3203137536,1,20603:3
88885067,20603,4617252864,5141110784,2572,1870,1129875,24,4521533440,1987,1943230,291374,6345365,18962,3203260416,1,20603:3
88990271,20603,4617252864,5141110784,2572,1872,1129875,24,4529397760,1987,1943230,291378,6345446,18962,3203125248,1,20603:2
89095382,20603,4617252864,5141110784,2572,1875,1129875,24,4537262080,1987,1943231,291380,6345526,18962,3203248128,1,20603:3
89200036,20603,4617252864,5141110784,2572,1878,1129875,24,4545126400,1987,1943231,291381,6345607,18962,3203112960,1,20603:3
89304759,20603,4617252864,5141110784,2572,1880,1129875,24,4552990720,1987,1943232,291384,6345687,18962,3203235840,1,20603:2
89409468,20603,4617252864,5141110784,2572,1882,1129875,24,4560855040,1987,1943232,291390,6345765,18962,3203149824,1,20603:2
89514124,20603,4617252864,5141110784,2572,1885,1129875,24,4568719360,1987,1943232,291393,6345846,18962,3203272704,1,20603:3
89618869,20603,4617252864,5141110784,2572,1888,1129875,24,4576583680,1987,1943233,291398,6345924,18962,3202883584,1,20603:3
89723322,20603,4617252864,5141110784,2572,1890,1129875,24,4584448000,1987,1943234,291402,6346004,18962,3203006464,1,20603:2
89828146,20603,4621447168,5141110784,2576,1893,1130909,24,4588113920,1989,1943239,291403,6346080,18962,3198435328,1,20603:7
89932691,20603,4630097920,5141110784,2584,1895,1133008,24,4588113920,1989,1943248,291405,6346153,18962,3189956608,1,20603:10
90037268,20603,4638748672,5141110784,2594,1896,1135111,24,4588113920,1989,1943258,291408,6346223,18962,3181981696,1,20603:11
90141951,20603,4647268352,5141110784,2604,1896,1137213,24,4588113920,1989,1943269,291409,6346296,18962,3172880384,1,20603:10
90246596,20603,4655919104,5141110784,2613,1897,1139304,24,4588113920,1989,1943279,291410,6346368,18962,3164364800,1,20603:11
90351276,20603,4664438784,5141110784,2623,1898,1141403,24,4588113920,1989,1943288,291411,6346441,18962,3155849216,1,20603:10
90455886,20603,4673089536,5141110784,2633,1899,1143493,24,4588113920,1989,1943298,291412,6346514,18962,3147333632,1,20603:11
90560389,20603,4681609216,5141110784,2643,1899,1145588,24,4588113920,1989,1943308,291413,6346586,18962,3138093056,1,20603:10
90665029,20603,4690128896,5141110784,2652,1900,1147672,24,4588113920,1989,1943318,291416,6346657,18962,3130576896,1,20603:10
90769643,20603,4698779648,5141110784,2662,1901,1149766,24,4588113920,1989,1943328,291418,6346730,18962,3121803264,1,20603:11
90874348,20603,4707299328,5141110784,2671,1902,1151860,24,4588113920,1989,1943338,291419,6346802,18962,3113287680,1,20603:10
90979015,20603,4715819008,5141110784,2681,1903,1153948,24,4588113920,1989,1943348,291419,6346875,18962,3104772096,1,20603:11
91083736,20603,4721061888,5141110784,2687,1905,1155219,24,4591788032,1990,1943354,291422,6346950,18963,3099672576,1,20603:8
91188412,20603,4721061888,5141110784,2687,1907,1155219,24,4599652352,1990,1943356,291428,6347026,18963,3102973952,1,20603:2
91293980,20603,4721061888,5141110784,2687,1910,1155219,24,4607516672,1990,1943357,291431,6347106,18963,3102605312,1,20603:3
91399177,20603,4721061888,5141110784,2687,1913,1155219,24,4615380992,1990,1943357,291435,6347186,18963,3102728192,1,20603:3
91504100,20603,4721061888,5141110784,2687,1916,1155219,24,4623245312,1990,1943358,291438,6347266,18963,3102593024,1,20603:3
91608862,20603,4721061888,5141110784,2687,1919,1155219,24,4631633920,1990,1943358,291441,6347347,18963,3102691328,1,20603:3
91714150,20603,4721061888,5141110784,2687,1921,1155219,24,4639498240,1990,1943359,291444,6347428,18963,3102556160,1,20603:2
91819398,20603,4721061888,5141110784,2687,1923,1155219,24,4647362560,1990,1943359,291446,6347510,18963,3102679040,1,20603:2
91924824,20603,4721061888,5141110784,2687,1925,1155219,24,4655226880,1990,1943360,291451,6347588,18963,3102679040,1,20603:2
92030299,20603,4721061888,5141110784,2687,1928,1155219,24,4663091200,1990,1943360,291454,6347669,18963,3102801920,1,20603:3
92135311,20603,4721061888,5141110784,2687,1931,1155219,24,4670955520,1990,1943360,291456,6347749,18963,3102666752,1,20603:3
92240080,20603,4721061888,5141110784,2687,1933,1155219,24,4678819840,1990,1943361,291458,6347830,18963,3102916608,1,20603:2
92344748,20603,4721061888,5141110784,2687,1935,1155219,24,4686684160,1990,1943361,291460,6347911,18963,3103039488,1,20603:2
92449481,20603,4723027968,5141110784,2688,1937,1155689,24,4692447232,1992,1943364,291461,6347990,18963,3100815360,1,20603:3
92554096,20603,4731547648,5141110784,2698,1938,1157783,24,4692447232,1992,1943374,291466,6348060,18963,3092066304,1,20603:11
92660521,20603,4740329472,5141110784,2708,1939,1159920,24,4692447232,1992,1943383,291467,6348134,18963,3083292672,1,20603:11
92773208,20603,4749766656,5141110784,2718,1940,1162212,24,4692447232,1992,1943394,291470,6348209,18963,3073744896,1,20603:11
92877939,20603,4758286336,5141110784,2727,1941,1164305,24,4692447232,1992,1943404,291471,6348282,18963,3065249792,1,20603:10
92982649,20603,4766937088,5141110784,2737,1942,1166404,24,4692447232,1992,1943414,291472,6348355,18963,3056734208,1,20603:11
93087329,20603,4775456768,5141110784,2746,1944,1168498,24,4692447232,1992,1943424,291476,6348425,18963,3048022016,1,20603:11
93191992,20603,4784107520,5141110784,2755,1945,1170604,24,4692447232,1992,1943433,291477,6348497,18963,3039846400,1,20603:10
93296728,20603,4792758272,5141110784,2766,1945,1172708,24,4692447232,1992,1943444,291477,6348570,18963,3031330816,1,20603:11
93401329,20603,4801277952,5141110784,2775,1945,1174806,24,4692447232,1992,1943454,291478,6348643,18963,3022557184,1,20603:9
93505981,20603,4809928704,5141110784,2784,1947,1176906,24,4692447232,1992,1943464,291480,6348716,18963,3014041600,1,20603:11
93610669,20603,4818448384,5141110784,2792,1949,1179001,24,4692447232,1992,1943473,291482,6348788,18963,3005526016,1,20603:11
93715329,20603,4824870912,5141110784,2800,1951,1180563,24,4695072768,1993,1943480,291485,6348860,18964,2999390208,1,20603:9
93820032,20603,4824870912,5141110784,2800,1953,1180563,24,4702937088,1993,1943480,291488,6348941,18964,2999255040,1,20603:2
93924685,20603,4824870912,5141110784,2800,1955,1180563,24,4710801408,1993,1943480,291490,6349022,18964,2999390208,1,20603:2
94030428,20603,4824870912,5141110784,2800,1958,1180563,24,4719190016,1993,1943481,291492,6349103,18964,2999095296,1,20603:3
94135793,20603,4824870912,5141110784,2800,1960,1180563,24,4727054336,1993,1943482,291494,6349184,18964,2999291904,1,20603:2
94240474,20603,4824870912,5141110784,2800,1962,1180563,24,4734918656,1993,1943482,291499,6349261,18964,2998542336,1,20603:2
94346311,20603,4824870912,5141110784,2800,1965,1180563,24,4743307264,1993,1943483,291504,6349341,18964,2999291904,1,20603:3
94452205,20603,4824870912,5141110784,2800,1967,1180563,24,4751171584,1993,1943484,291506,6349421,18964,2998775808,1,20603:2
94557515,20603,4824870912,5141110784,2800,1970,1180563,24,4759035904,1993,1943484,291509,6349502,18964,2998714368,1,20603:3
94662293,20603,4824870912,5141110784,2800,1972,1180563,24,4766900224,1993,1943484,291512,6349583,18964,2998677504,1,20603:2
94767073,20603,4824870912,5141110784,2800,1974,1180563,24,4774764544,1993,1943485,291514,6349663,18964,2998849536,1,20603:2
94872154,20603,4824870912,5141110784,2800,1977,1180563,24,4783153152,1993,1943485,291518,6349742,18964,2998349824,1,20603:3
94978035,20603,4824870912,5141110784,2800,1979,1180563,24,4791017472,1993,1943486,291521,6349824,18964,2998030336,1,20603:2
95083412,20603,4826574848,5141110784,2802,1981,1180952,24,4796256256,1995,1943488,291522,6349902,18965,2996199424,1,20603:4
95188104,20603,4835094528,5141110784,2812,1981,1183056,24,4796256256,1995,1943498,291523,6349975,18965,2987683840,1,20603:10
95292860,20603,4843745280,5141110784,2821,1983,1185175,24,4796256256,1995,1943508,291524,6350048,18965,2978840576,1,20603:11
95397522,20603,4852396032,5141110784,2830,1984,1187279,24,4796256256,1995,1943517,291526,6350120,18965,2970324992,1,20603:10
95502115,20603,4860915712,5141110784,2840,1984,1189380,24,4796256256,1995,1943528,291528,6350191,18965,2962239488,1,20603:10
95606923,20603,4869566464,5141110784,2850,1984,1191487,24,4796256256,1995,1943538,291529,6350264,18965,2953723904,1,20603:11
95711596,20603,4878217216,5141110784,2859,1986,1193579,24,4796256256,1995,1943547,291531,6350336,18965,2945208320,1,20603:10
95816148,20603,4886999040,5141110784,2869,1987,1195718,24,4796256256,1995,1943559,291533,6350406,18965,2936180736,1,20603:11
95920910,20603,4895518720,5141110784,2878,1988,1197821,24,4796256256,1995,1943568,291534,6350479,18965,2927407104,1,20603:10
96025716,20603,4904169472,5141110784,2887,1989,1199923,24,4796256256,1995,1943578,291538,6350550,18965,2918731776,1,20603:10
96130432,20603,4912689152,5141110784,2897,1991,1202017,24,4796256256,1995,1943588,291539,6350622,18965,2910216192,1,20603:12
96235251,20603,4921339904,5141110784,2904,1994,1204131,24,4796256256,1995,1943596,291542,6350695,18965,2901442560,1,20603:10
96339911,20603,4928679936,5141110784,2912,1995,1205907,24,4798353408,1996,1943604,291544,6350769,18965,2894278656,1,20603:9
96444891,20603,4928679936,5141110784,2912,1997,1205907,24,4806217728,1996,1943604,291546,6350851,18965,2894217216,1,20603:2
96550232,20603,4928679936,5141110784,2912,1999,1205907,24,4814082048,1996,1943605,291548,6350932,18965,2894303232,1,20603:2
96656010,20603,4928679936,5141110784,2912,2002,1205907,24,4821946368,1996,1943605,291553,6351011,18965,2893676544,1,20603:3
96760829,20603,4928679936,5141110784,2912,2004,1205907,24,4829810688,1996,1943606,291555,6351092,18965,2893848576,1,20603:2
96866040,20603,4928679936,5141110784,2912,2006,1205907,24,4838199296,1996,1943606,291557,6351173,18965,2893762560,1,20603:2
96971341,20603,4928679936,5141110784,2912,2008,1205907,24,4846063616,1996,1943606,291559,6351255,18965,2893959168,1,20603:2
97076739,20603,4928679936,5141110784,2913,2010,1205907,24,4853927936,1996,1943607,291561,6351336,18965,2893897728,1,20603:3
97182138,20603,4928679936,5141110784,2913,2012,1205907,24,4861792256,1996,1943607,291566,6351416,18965,2893983744,1,20603:2
97287574,20603,4928679936,5141110784,2913,2014,1205907,24,4869656576,1996,1943609,291569,6351489,18969,2894106624,1,20603:2
97392462,20603,4928679936,5141110784,2913,2016,1205907,24,4877520896,1996,1943609,291572,6351560,18980,2893971456,1,20603:2
97497215,20603,4928679936,5141110784,2913,2018,1205907,24,4885385216,1996,1943609,291574,6351630,18990,2893934592,1,20603:2
97601991,20603,4928679936,5141110784,2913,2020,1205907,24,4893249536,1996,1943610,291577,6351699,19003,2893897728,1,20603:2
97708001,20603,4929073152,5141110784,2913,2022,1205980,24,4899549184,1998,1943611,291579,6351774,19008,2893209600,1,20603:2
97812648,20603,4937723904,5141110784,2920,2025,1208084,24,4899549184,1998,1943619,291583,6351845,19008,2884767744,1,20603:10
97918127,20603,4946374656,5141110784,2930,2026,1210211,24,4899549184,1998,1943629,291585,6351918,19008,2875994112,1,20603:11
98022843,20603,4955025408,5141110784,2940,2027,1212334,24,4899549184,1998,1943640,291585,6351991,19008,2867220480,1,20603:11
98127518,20603,4963676160,5141110784,2949,2027,1214449,24,4899549184,1998,1943650,291587,6352063,19008,2858446848,1,20603:10
98232172,20603,4972326912,5141110784,2958,2029,1216562,24,4899549184,1998,1943658,291589,6352136,19008,2849673216,1,20603:10
98336819,20603,4980977664,5141110784,2968,2030,1218669,24,4899549184,1998,1943668,291591,6352207,19008,2840985600,1,20603:11
98441459,20603,4989628416,5141110784,2977,2031,1220776,24,4899549184,1998,1943678,291592,6352279,19008,2832470016,1,20603:10
98546142,20603,4998279168,5141110784,2987,2032,1222891,24,4899549184,1998,1943689,291593,6352352,19008,2823696384,1,20603:11
98650805,20603,5006929920,5141110784,2997,2032,1225000,24,4899549184,1998,1943700,291593,6352425,19008,2815180800,1,20603:11
98755446,20603,5015580672,5141110784,3007,2033,1227104,24,4899549184,1998,1943709,291594,6352497,19008,2806665216,1,20603:10
98860096,20603,5024362496,5141110784,3017,2034,1229247,24,4899549184,1998,1943720,291599,6352565,19008,2797989888,1,20603:11
98964732,20603,5032488960,5141110784,3025,2035,1231251,24,4900597760,1999,1943729,291600,6352638,19008,2789892096,1,20603:9
99069651,20603,5032488960,5141110784,3025,2037,1231251,24,4908462080,1999,1943729,291603,6352719,19008,2789830656,1,20603:2
99174400,20603,5032488960,5141110784,3025,2039,1231251,24,4916326400,1999,1943729,291606,6352800,19008,2790219776,1,20603:2
99279201,20603,5032488960,5141110784,3025,2041,1231251,24,4924190720,1999,1943730,291608,6352881,19008,2790449152,1,20603:2
99384134,20603,5032488960,5141110784,3025,2043,1231251,24,4932055040,1999,1943730,291612,6352962,19008,2790146048,1,20603:2
99489632,20603,5032488960,5141110784,3025,2045,1231251,24,4939919360,1999,1943731,291615,6353042,19008,2790600704,1,20603:2
99594412,20603,5032488960,5141110784,3025,2047,1231251,24,4947783680,1999,1943731,291618,6353123,19008,2790354944,1,20603:2
99699235,20603,5032488960,5141110784,3025,2049,1231251,24,4955648000,1999,1943732,291620,6353203,19008,2789826560,1,20603:2
99804199,20603,5032488960,5141110784,3025,2051,1231251,24,4963512320,1999,1943732,291621,6353284,19008,2789765120,1,20603:2
99908912,20603,5032488960,5141110784,3025,2053,1231251,24,4971376640,1999,1943732,291623,6353365,19008,2789961728,1,20603:2
100013786,20603,5032488960,5141110784,3025,2055,1231251,24,4979240960,1999,1943733,291626,6353445,19008,2790084608,1,20603:2
100118545,20603,5032488960,5141110784,3025,2057,1231251,24,4987105280,1999,1943734,291628,6353526,19008,2789974016,1,20603:2
100224149,20603,5032488960,5141110784,3025,2059,1231251,24,4995493888,1999,1943734,291630,6353608,19008,2789912576,1,20603:2
100329818,20603,5032488960,5141110784,3025,2061,1231251,24,5002842112,1999,1943735,291635,6353687,19008,2789924864,1,20603:2
100435533,20603,5040484352,5141110784,3033,2063,1233203,24,5002842112,2001,1943744,291637,6353760,19008,2781900800,1,20603:10
100540784,20603,5049397248,5141110784,3043,2064,1235389,24,5002842112,2001,1943754,291640,6353831,19008,2772230144,1,20603:11
100646003,20603,5058179072,5141110784,3053,2064,1237512,24,5002842112,2001,1943764,291641,6353904,19008,2763456512,1,20603:10
100751237,20603,5066829824,5141110784,3062,2065,1239640,24,5002842112,2001,1943774,291642,6353977,19008,2754682880,1,20603:11
100856608,20603,5075480576,5141110784,3072,2066,1241765,24,5002842112,2001,1943784,291643,6354050,19008,2746167296,1,20603:10
100961882,20603,5084262400,5141110784,3083,2066,1243890,24,5002842112,2001,1943795,291643,6354123,19008,2737393664,1,20603:11
101067198,20603,5093044224,5141110784,3092,2067,1246027,24,5002842112,2001,1943804,291646,6354194,19008,2729455616,1,20603:10
101172503,20603,5101694976,5141110784,3102,2068,1248143,24,5002842112,2001,1943814,291647,6354267,19008,2720423936,1,20603:11
101277860,20603,5110345728,5141110784,3112,2069,1250260,24,5002842112,2001,1943825,291648,6354341,19008,2712297472,1,20603:11
101383237,20603,5119127552,5141110784,3121,2069,1252401,24,5002842112,2001,1943834,291649,6354414,19008,2703523840,1,20603:10
101488582,20603,5127778304,5141110784,3131,2071,1254514,24,5002842112,2001,1943844,291651,6354487,19008,2694750208,1,20603:11
101593838,20603,5107146752,5141110784,3139,2073,1256595,24,5002842112,2001,1943853,291654,6354558,19008,2699689984,1,20603:10
101700122,20603,5084778496,5104799744,3141,2081,1270143,24,5002842112,2001,1943856,291663,6354632,19008,2734428160,1,20603:10
101806379,20603,5100507136,5200232448,3150,2083,1274131,24,5002842112,2001,1943865,291665,6354706,19008,2722299904,1,20603:11
101916634,20603,5103259648,5262192640,3206,2084,1275615,30,5002842112,2001,1943928,291668,6354737,19008,2718715904,8,20603:60;20605:0;20606:0;20607:0;20608:0;20609:0;20610:0;20611:0
102048486,20603,5103390720,5262192640,3300,2085,1275695,30,5002842112,2001,1944028,291668,6354746,19008,2718715904,8,20603:93;20605:92;20606:96;20607:96;20608:93;20609:94;20610:98;20611:98
102181299,20603,5103390720,5262192640,3395,2085,1275695,30,5002842112,2001,1944128,291669,6354752,19008,2718715904,8,20603:94;20605:99;20606:99;20607:99;20608:101;20609:98;20610:97;20611:97
102314123,20603,5103390720,5262192640,3495,2085,1275695,30,5002842112,2001,1944218,291669,6354758,19008,2718715904,8,20603:100;20605:95;20606:91;20607:91;20608:89;20609:96;20610:94;20611:94
102439147,20603,5103390720,5262192640,3585,2085,1275695,30,5002842112,2001,1944319,291670,6354765,19008,2718715904,8,20603:92;20605:94;20606:94;20607:99;20608:103;20609:96;20610:97;20611:97
102576492,20603,5103390720,5262192640,3687,2085,1275695,30,5002842112,2001,1944408,291670,6354771,19008,2718715904,8,20603:102;20605:100;20606:100;20607:95;20608:91;20609:91;20610:89;20611:92
102696484,20603,5103915008,5262192640,3775,2085,1276367,30,5002842112,2001,1944507,291670,6354772,19008,2718199808,8,20603:86;20605:86;20606:92;20607:92;20608:95;20609:95;20610:95;20611:92
102820480,20603,5104701440,5262192640,3867,2085,1277585,30,5002842112,2001,1944595,291672,6354778,19008,2717941760,8,20603:92;20605:92;20606:89;20607:89;20608:86;20609:89;20610:89;20611:89
102936493,20603,5104963584,5262192640,3940,2086,1277946,30,5002842112,2001,1944663,291673,6354798,19008,2717786112,8,20603:75;20605:75;20606:72;20607:72;20608:74;20609:71;20610:72;20611:72
103052534,20603,5104963584,5262192640,4025,2087,1277946,30,5002842112,2001,1944752,291674,6354805,19008,2717786112,8,20603:86;20605:86;20606:89;20607:91;20608:89;20609:89;20610:91;20611:91
103180500,20603,5104963584,5262192640,4120,2087,1277946,30,5002842112,2001,1944846,291674,6354813,19008,2717786112,8,20603:94;20605:94;20606:94;20607:92;20608:92;20609:92;20610:93;20611:93
103308492,20603,5104963584,5262192640,4212,2087,1277946,30,5002842112,2001,1944940,291674,6354820,19008,2717786112,8,20603:93;20605:93;20606:93;20607:94;20608:94;20609:94;20610:93;20611:93
103434067,20603,5104963584,5262192640,4281,2088,1277946,30,5002842112,2001,1945007,291678,6354846,19008,2717786112,8,20603:69;20605:69;20606:66;20607:65;20608:65;20609:72;20610:69;20611:69
103558792,20603,5104963584,5262192640,4370,2088,1277946,30,5002842112,2001,1945101,291678,6354854,19008,2717786112,8,20603:91;20605:91;20606:91;20607:91;20608:97;20609:91;20610:91;20611:91
103688662,20603,5104963584,5262192640,4465,2088,1277946,30,5002842112,2001,1945195,291678,6354861,19008,2717786112,8,20603:94;20605:94;20606:98;20607:98;20608:92;20609:91;20610:95;20611:95
103814537,20603,5104963584,5262192640,4556,2088,1277946,30,5002842112,2001,1945289,291678,6354869,19008,2717786112,8,20603:92;20605:92;20606:88;20607:88;20608:94;20609:95;20610:91;20611:91
103939929,20603,5104963584,5262192640,4649,2088,1277946,30,5002842112,2001,1945383,291678,6354877,19008,2717786112,8,20603:91;20605:91;20606:91;20607:97;20608:92;20609:91;20610:91;20611:94
104068827,20603,5031710720,5169745920,4725,2089,1277946,30,5002842112,2001,1945448,291682,6354901,19008,2801229824,8,20603:77;20605:78;20606:78;20607:72;20608:71;20609:71;20610:71;20611:68
104183003,20603,4745515008,5098962944,4725,2101,1277947,30,5002842112,2001,1945449,291694,6354981,19008,3100307456,8,20603:12;20605:11;20606:11;20607:11;20608:11;20609:11;20610:12;20611:12
104299011,20603,4435865600,5098962944,4725,2112,1277947,30,5002842112,2001,1945450,291706,6355061,19008,3420397568,8,20603:12;20605:12;20606:12;20607:12;20608:12;20609:12;20610:11;20611:11
104416723,20603,4118081536,5098962944,4725,2124,1277947,30,5002842112,2001,1945452,291724,6355137,19008,3739029504,8,20603:11;20605:12;20606:12;20607:12;20608:12;20609:12;20610:12;20611:13
104537929,20603,3760574464,5098962944,4725,2136,1277947,30,5002842112,2001,1945454,291748,6355207,19008,4087078912,8,20603:13;20605:12;20606:12;20607:12;20608:12;20609:12;20610:12;20611:12
104658936,20603,3432697856,5098962944,4725,2148,1277947,30,5002842112,2001,1945456,291773,6355277,19008,4414242816,8,20603:12;20605:12;20606:12;20607:12;20608:12;20609:12;20610:12;20611:12
104778847,20603,3084660736,5098962944,4725,2160,1277947,30,5002842112,2001,1945457,291798,6355347,19008,4762841088,8,20603:12;20605:12;20606:12;20607:12;20608:12;20609:12;20610:12;20611:12
104897679,20603,2778386432,5098962944,4725,2172,1277947,30,5002842112,2001,1945458,291823,6355415,19008,5067796480,8,20603:11;20605:12;20606:12;20607:12;20608:12;20609:12;20610:12;20611:12
105017858,20603,2477047808,2822361088,4725,2184,1277947,30,5002842112,2001,1945460,291850,6355483,19008,5374382080,8,20603:13;20605:12;20606:12;20607:12;20608:12;20609:12;20610:12;20611:12
105139371,20603,2198986752,2822361088,4725,2196,1277947,30,5002842112,2001,1945462,291875,6355552,19008,5644890112,8,20603:12;20605:12;20606:12;20607:12;20608:12;20609:12;20610:12;20611:12
105258757,20603,1920925696,2822361088,4725,2208,1277947,30,5002842112,2001,1945464,291900,6355623,19008,5911801856,8,20603:12;20605:12;20606:12;20607:12;20608:12;20609:12;20610:13;20611:12
105381318,20603,1642864640,2822361088,4725,2221,1277947,30,5002842112,2001,1945465,291924,6355693,19008,6187708416,8,20603:12;20605:12;20606:12;20607:12;20608:12;20609:13;20610:12;20611:12
105503236,20603,1364803584,2822361088,4725,2233,1277947,30,5002842112,2001,1945467,291950,6355764,19008,6494896128,8,20603:12;20605:12;20606:12;20607:12;20608:13;20609:12;20610:12;20611:12
105624503,20603,1047019520,2822361088,4725,2245,1277947,30,5002842112,2001,1945468,291974,6355834,19008,6810189824,8,20603:12;20605:12;20606:12;20607:13;20608:12;20609:12;20610:12;20611:13
105745699,20603,729178112,2822361088,4725,2257,1277947,30,5002842112,2001,1945469,291994,6355905,19008,7106043904,8,20603:12;20605:12;20606:12;20607:11;20608:12;20609:12;20610:12;20611:11
105859369,20603,432754688,2822361088,4725,2268,1277947,30,5002842112,2001,1945470,292006,6355983,19008,7399051264,8,20603:12;20605:12;20606:12;20607:12;20608:11;20609:11;20610:11;20611:11
105973011,20603,133332992,2822361088,4725,2280,1277947,30,5002842112,2001,1945472,292017,6356063,19008,7687725056,8,20603:11;20605:11;20606:11;20607:11;20608:12;20609:12;20610:12;20611:12
106089068,20603,41570304,108822528,4731,2285,1277956,30,5002842112,2001,1945482,292020,6356142,19008,7787417600,8,20603:11;20605:11;20606:11;20607:11;20608:11;20609:11;20610:11;20611:11
106205262,20603,37584896,104722432,4742,2286,1277958,30,5002842112,2001,1945494,292022,6356222,19008,7787884544,8,20603:12;20605:13;20606:13;20607:13;20608:12;20609:12;20610:12;20611:12
106323276,20603,,,,,,,,,1945504,292023,6356296,19008,7787884544,0,
