elapsed_us,pid,rss_bytes,vsize_bytes,process_utime_ticks,process_stime_ticks,minor_faults,major_faults,read_bytes,syscr,system_user_ticks,system_ticks,system_idle_ticks,system_iowait_ticks,available_bytes,thread_count,thread_delta_ticks,process_cpu_pct,disk_reads_completed,disk_sectors_read,disk_io_ticks
6117,26559,131072,3534848,0,0,15,0,405504,6,2015092,335200,7441034,22143,7823249408,1,26559:0,0.0,837230,319009384,2386864
111150,26559,9437184,14802944,4,3,1182,21,3022848,306,2015098,335205,7441107,22144,7819370496,1,26559:7,66.64576020904985,837266,319014496,2386900
216590,26559,13971456,19517440,14,4,3108,21,5251072,876,2015107,335206,7441180,22144,7814770688,1,26559:11,104.32484625102074,837284,319019104,2386932
322032,26559,17379328,22708224,24,5,3890,22,5799936,995,2015118,335207,7441253,22144,7811624960,1,26559:11,104.32344425482447,837289,319020176,2386944
427185,26559,18690048,24805376,34,5,4220,22,5799936,995,2015129,335207,7441326,22144,7810334720,1,26559:10,95.09871403429638,837289,319020176,2386944
532386,26559,18952192,24805376,45,5,4239,23,5869568,995,2015140,335207,7441399,22144,7810334720,1,26559:11,104.56180930865119,837290,319020312,2386944
637644,26559,19345408,24805376,55,5,4337,23,5869568,995,2015150,335207,7441472,22144,7809818624,1,26559:10,95.00482852540499,837290,319020312,2386944
742725,26559,22622208,27643904,65,6,5123,23,5869568,995,2015161,335208,7441545,22144,7806464000,1,26559:11,104.68167074763402,837290,319020312,2386944
847891,26559,26947584,34553856,75,6,6066,23,5869568,995,2015172,335208,7441618,22144,7800012800,1,26559:10,95.08752369153197,837290,319020312,2386944
953562,26559,33370112,38498304,84,8,7749,23,5869568,995,2015181,335210,7441691,22144,7795884032,1,26559:11,104.0968340547228,837290,319020312,2386944
1058501,26559,37695488,42762240,94,8,8790,23,5869568,995,2015192,335210,7441764,22144,7791792128,1,26559:10,95.29370047366021,837290,319020312,2386944
1164075,26559,38612992,43302912,104,8,8951,23,5869568,995,2015203,335210,7441837,22144,7791276032,1,26559:11,94.72005771103676,837290,319020312,2386944
1269303,26559,38612992,43302912,115,8,8951,23,5869568,995,2015214,335210,7441910,22144,7791276032,1,26559:10,104.53464942076829,837290,319020312,2386944
1374431,26559,38612992,43302912,125,8,8951,23,5869568,995,2015225,335210,7441983,22144,7791276032,1,26559:10,95.12185632966039,837290,319020312,2386944
1479513,26559,38612992,43302912,136,8,8951,23,5869568,995,2015236,335211,7442056,22144,7791276032,1,26559:11,104.68079907574086,837290,319020312,2386944
1584682,26559,38612992,43302912,147,8,8951,23,5869568,995,2015246,335211,7442129,22144,7791276032,1,26559:11,104.59304377528858,837290,319020312,2386944
1689850,26559,42020864,46706688,156,9,9762,23,5869568,995,2015256,335212,7442202,22144,7787941888,1,26559:10,95.08590436189377,837290,319020312,2386944
1795027,26559,42020864,46706688,167,9,9771,23,5869568,995,2015268,335212,7442275,22144,7787941888,1,26559:11,104.58554365372068,837290,319020312,2386944
1900251,26559,45690880,5037297664,172,11,10603,23,10067968,996,2015272,335216,7442350,22145,7784185856,1,26559:7,66.52465743080138,837297,319026464,2386992
2005887,26559,53555200,5037297664,172,16,12523,23,17932288,996,2015272,335220,7442429,22145,7776309248,1,26559:5,47.332588091200364,837312,319041824,2387072
2111200,26559,61419520,5037297664,172,20,14443,23,25796608,996,2015273,335225,7442508,22145,7768432640,1,26559:4,37.98204004043872,837328,319058208,2387148
2216739,26559,69283840,5037297664,172,25,16363,23,34185216,996,2015274,335229,7442587,22145,7760044032,1,26559:5,47.375641050458576,837343,319073568,2387224
2322760,26559,77672448,5037297664,172,29,18372,23,42049536,996,2015274,335233,7442667,22145,7752167424,1,26559:5,37.72855214106185,837358,319088928,2387300
2428474,26559,85536768,5037297664,173,33,20331,23,49913856,996,2015275,335238,7442746,22145,7744290816,1,26559:4,47.29742199631124,837373,319104288,2387384
2533825,26559,93401088,5037297664,173,37,22251,23,57778176,996,2015275,335242,7442826,22145,7736414208,1,26559:4,37.96825020879453,837389,319120672,2387464
2639292,26559,101265408,5037297664,173,41,24171,23,66166784,996,2015276,335246,7442906,22145,7728025600,1,26559:4,37.926610964801306,837404,319136032,2387540
2745479,26559,109391872,5037297664,173,45,26091,23,74031104,996,2015276,335250,7442986,22145,7720148992,1,26559:4,37.66939562289345,837419,319151392,2387616
2851453,26559,116731904,5037297664,173,49,27961,23,81522688,1000,2015276,335254,7443065,22145,7713185792,1,26559:4,37.74516605915036,837438,319167048,2387696
2957149,26559,124596224,5037297664,173,52,29881,23,89387008,1000,2015277,335258,7443145,22145,7705309184,1,26559:3,28.383117937162673,837453,319182408,2387776
3062692,26559,131936256,5037297664,173,56,31673,23,96727040,1000,2015277,335262,7443225,22145,7697379328,1,26559:4,37.89927107100223,837469,319197768,2387852
3168690,26559,140324864,5037297664,173,60,33721,23,105115648,1000,2015277,335266,7443305,22145,7689043968,1,26559:4,37.73663476181999,837484,319213128,2387936
3274578,26559,148713472,5037297664,173,64,35676,23,113504256,1000,2015278,335271,7443384,22145,7681167360,1,26559:4,37.77589578264989,837499,319228488,2388016
3380355,26559,156577792,5037297664,173,69,37689,23,121368576,1000,2015278,335276,7443463,22145,7673290752,1,26559:5,47.26927121863698,837514,319243848,2388096
3485923,26559,164442112,5037297664,173,73,39609,23,129232896,1000,2015278,335280,7443543,22145,7665414144,1,26559:4,37.89005694146175,837530,319260232,2388168
3591342,26559,172306432,5037297664,173,77,41529,23,137097216,1000,2015279,335283,7443622,22145,7656972288,1,26559:4,37.94402933149355,837545,319275592,2388252
3697277,26559,180432896,5037297664,173,80,43449,23,145485824,1000,2015280,335287,7443702,22145,7648890880,1,26559:3,28.319040115940414,837560,319290952,2388332
3803325,26559,188559360,5037297664,173,84,45497,23,153350144,1000,2015280,335291,7443782,22145,7641014272,1,26559:6,37.718768859384426,837575,319306312,2388420
3908895,26559,196423680,5037297664,174,89,47417,23,161214464,1000,2015281,335295,7443861,22145,7633137664,1,26559:4,56.83436723414614,837591,319322696,2388504
4014378,26559,204288000,5037297664,174,92,49337,23,169078784,1000,2015281,335299,7443941,22145,7624744960,1,26559:3,28.440677297665435,837606,319338056,2388584
4120129,26559,212283392,5037297664,174,96,51257,23,177467392,1000,2015282,335303,7444021,22145,7616872448,1,26559:4,37.82466958803611,837621,319353416,2388668
4226289,26559,220540928,5037297664,174,100,53305,23,185331712,1000,2015282,335306,7444101,22145,7608995840,1,26559:4,37.679167857838614,837636,319368776,2388748
4331751,26559,228405248,5037297664,174,104,55225,23,193196032,1000,2015283,335311,7444180,22145,7600603136,1,26559:4,37.928154460664345,837652,319385160,2388836
4437662,26559,236269568,5037297664,174,108,57145,23,201060352,1000,2015283,335314,7444260,22145,7593242624,1,26559:4,37.76770682991305,837668,319400520,2388916
4543326,26559,244133888,5037297664,174,111,59065,23,209448960,1000,2015284,335318,7444341,22145,7584854016,1,26559:3,28.391814382494406,837683,319415880,2388996
4649423,26559,252260352,5037297664,174,115,60985,23,217313280,1000,2015284,335322,7444421,22145,7576977408,1,26559:4,37.701215866096746,837698,319431240,2389084
4755468,26559,259076096,5037297664,174,119,62694,23,224284672,1019,2015285,335327,7444499,22147,7570280448,1,26559:4,37.71996930537498,837722,319445880,2389160
4861435,26559,267333632,5037297664,174,122,64708,23,232013824,1029,2015286,335330,7444578,22148,7562260480,1,26559:3,28.31066657115277,837741,319460976,2389240
4967091,26559,273362944,5037297664,174,125,66149,23,239538176,1045,2015286,335337,7444653,22150,7556087808,1,26559:4,28.394075928144137,837763,319474648,2389328
5073500,26559,281227264,5037297664,174,129,68112,23,247402496,1045,2015286,335346,7444727,22150,7547695104,1,26559:3,37.590851920349344,837778,319490008,2389420
5178990,26559,289091584,5037297664,174,133,70032,23,255266816,1045,2015286,335349,7444807,22150,7539818496,1,26559:4,37.91814734662171,837793,319505368,2389500
5284439,26559,296955904,5037297664,174,137,71952,23,263131136,1045,2015287,335352,7444886,22150,7531941888,1,26559:4,37.93306952653687,837808,319520728,2389576
5389964,26559,304820224,5037297664,174,140,73872,23,270995456,1045,2015287,335355,7444966,22150,7524065280,1,26559:3,28.429200799633815,837824,319537112,2389656
5495422,26559,312553472,5037297664,174,144,75759,23,279248896,1047,2015288,335359,7445046,22150,7515566080,1,26559:4,37.930012432415,837839,319552208,2389728
5601534,26559,320417792,5037297664,175,147,77679,23,286588928,1047,2015288,335362,7445126,22150,7507685376,1,26559:4,37.69591592363226,837855,319567568,2389804
5707344,26559,328544256,5037297664,175,151,79599,23,294977536,1047,2015289,335366,7445206,22150,7499812864,1,26559:4,37.80362346407776,837870,319582928,2389880
5813308,26559,336670720,5037297664,175,155,81611,23,302841856,1047,2015289,335370,7445286,22150,7491936256,1,26559:4,37.74855001921165,837885,319598288,2389976
5919011,26559,343879680,5037297664,175,158,83408,23,310206464,1052,2015290,335374,7445365,22151,7484055552,1,26559:3,28.38146225437228,837902,319613656,2390064
6025146,26559,350171136,5037297664,175,162,84939,23,317231104,1076,2015290,335378,7445442,22154,7478476800,1,26559:4,37.68796933593751,837927,319626392,2390140
6130530,26559,358035456,5037297664,175,165,86859,23,325095424,1076,2015291,335381,7445522,22154,7470600192,1,26559:3,28.467383267881758,837942,319641752,2390216
6235816,26559,365899776,5037297664,175,169,88779,23,332959744,1076,2015291,335384,7445602,22154,7462723584,1,26559:4,37.99179512096259,837958,319658136,2390296
6341608,26559,373764096,5037297664,175,172,90699,23,340824064,1076,2015291,335388,7445682,22154,7454846976,1,26559:3,28.35744115986925,837973,319673496,2390388
6447186,26559,381628416,5037297664,175,176,92619,23,348688384,1076,2015292,335391,7445762,22154,7446970368,1,26559:4,37.886796846268936,837988,319688856,2390460
6552944,26559,389361664,5037297664,175,179,94506,23,356941824,1078,2015292,335394,7445842,22154,7438667776,1,26559:3,28.366445611368572,838003,319703952,2390548
6659039,26559,397750272,5037297664,175,183,96554,23,364806144,1078,2015292,335399,7445923,22154,7430791168,1,26559:4,37.70207475554187,838018,319719312,2390640
6764573,26559,405614592,5037297664,175,187,98474,23,372670464,1078,2015292,335404,7446002,22154,7422914560,1,26559:4,37.90244316684995,838033,319734672,2390724
6869981,26559,413478912,5037297664,175,191,100394,23,380534784,1078,2015293,335407,7446082,22154,7415037952,1,26559:4,37.94798905542048,838049,319751056,2390796
6975502,26559,421212160,5037297664,176,194,102287,23,388272128,1081,2015294,335410,7446161,22156,7407345664,1,26559:4,37.90699269156972,838064,319765144,2390876
7080783,26559,427634688,5037297664,176,197,103840,23,394612736,1110,2015294,335414,7446238,22158,7400996864,1,26559:3,28.495177105789317,838091,319778552,2390964
7186368,26559,434974720,5037297664,176,201,105625,23,403001344,1110,2015294,335418,7446317,22159,7393124352,1,26559:4,37.884390176486704,838106,319793912,2391032
7292346,26559,443232256,5037297664,176,204,107649,23,410865664,1110,2015295,335422,7446397,22159,7384989696,1,26559:4,28.3076946768286,838121,319809272,2391120
7398118,26559,451096576,5037297664,176,208,109593,23,418729984,1110,2015295,335425,7446477,22159,7376855040,1,26559:3,37.81720456660898,838136,319824632,2391200
7503458,26559,458960896,5037297664,176,212,111513,23,426594304,1110,2015296,335428,7446557,22159,7368720384,1,26559:4,37.97232024803064,838152,319841016,2391276
7609462,26559,467218432,5037297664,176,215,113500,23,434847744,1112,2015296,335432,7446637,22159,7360737280,1,26559:4,28.300773984660676,838167,319856112,2391364
7715092,26559,475082752,5037297664,176,219,115448,23,442712064,1112,2015297,335435,7446717,22159,7352860672,1,26559:3,37.868116313699055,838183,319872496,2391444
7820646,26559,482947072,5037297664,176,223,117368,23,450576384,1112,2015297,335438,7446797,22159,7344418816,1,26559:4,37.89521703433964,838198,319887856,2391528
7926696,26559,491335680,5037297664,177,226,119409,23,458964992,1112,2015298,335442,7446877,22159,7336595456,1,26559:4,37.71786475169547,838213,319903216,2391604
8032261,26559,499200000,5037297664,177,230,121336,23,466173952,1112,2015298,335445,7446957,22159,7328358400,1,26559:4,37.891402558222886,838230,319919352,2391688
8138269,26559,506015744,5037297664,177,233,122990,23,473169920,1141,2015299,335449,7447034,22162,7322189824,1,26559:3,28.299750695232902,838254,319931992,2391772
8243699,26559,512831488,5037297664,177,236,124647,23,481427456,1144,2015300,335452,7447113,22163,7314681856,1,26559:3,28.454996956880347,838271,319947088,2391852
8349840,26559,520957952,5037297664,177,239,126567,23,489291776,1144,2015300,335455,7447194,22163,7306805248,1,26559:3,28.26426811816371,838286,319962448,2391924
8455974,26559,529084416,5037297664,177,243,128615,23,497156096,1144,2015301,335458,7447274,22163,7298928640,1,26559:4,37.68802828192556,838301,319977808,2392012
8561512,26559,536948736,5037297664,177,246,130535,23,505020416,1144,2015301,335462,7447354,22163,7291052032,1,26559:3,28.425889910147937,838317,319994192,2392096
8667197,26559,544681984,5037297664,177,249,132422,23,513273856,1146,2015302,335465,7447435,22163,7282810880,1,26559:4,28.386284840983013,838333,320009288,2392168
8773199,26559,553070592,5037297664,177,253,134470,23,521138176,1146,2015302,335468,7447515,22163,7275192320,1,26559:3,37.73498827168263,838348,320024648,2392244
8878836,26559,560934912,5037297664,178,256,136390,23,529002496,1146,2015303,335471,7447595,22163,7267315712,1,26559:4,37.86557723866831,838363,320040008,2392320
8984297,26559,568799232,5037297664,178,260,138310,23,536866816,1146,2015303,335475,7447675,22163,7259439104,1,26559:4,37.92891834339115,838378,320056392,2392408
9089845,26559,576663552,5037297664,178,263,140230,23,544731136,1146,2015303,335478,7447755,22163,7251304448,1,26559:3,28.422961098781652,838394,320071752,2392496
9195479,26559,583610368,5037297664,178,266,141949,23,551432192,1168,2015304,335479,7447834,22165,7244029952,1,26559:3,28.399866331295797,838416,320085504,2392596
9300946,26559,590688256,5037297664,178,269,143668,23,559333376,1179,2015304,335482,7447911,22167,7237013504,1,26559:3,28.445014322396567,838437,320100272,2392676
9406549,26559,598552576,5037297664,178,272,145588,23,567197696,1179,2015305,335486,7447992,22167,7228571648,1,26559:3,28.40839334314452,838452,320115632,2392756
9512424,26559,606941184,5037297664,178,276,147576,23,575586304,1179,2015306,335490,7448072,22167,7221006336,1,26559:4,37.78025154469281,838467,320130992,2392836
9618311,26559,614805504,5037297664,178,280,149556,23,583450624,1179,2015306,335494,7448152,22167,7213129728,1,26559:4,37.77604419313638,838483,320147376,2392912
9723653,26559,622800896,5037297664,178,283,151443,23,591704064,1181,2015307,335496,7448232,22167,7204827136,1,26559:3,28.47885709713908,838498,320162472,2393000
9829652,26559,630927360,5037297664,178,286,153464,23,599568384,1181,2015307,335499,7448313,22167,7196950528,1,26559:4,28.30211988444018,838513,320177832,2393080
9935360,26559,638791680,5037297664,178,290,155411,23,607432704,1181,2015308,335503,7448393,22167,7189073920,1,26559:3,37.83987658902649,838528,320193192,2393168
10040909,26559,646656000,5037297664,178,294,157331,23,615297024,1181,2015308,335508,7448470,22167,7180681216,1,26559:4,37.89717662244445,838544,320209576,2393256
10146719,26559,654520320,5037297664,178,297,159251,23,623161344,1181,2015309,335516,7448544,22167,7171465216,1,26559:3,28.35276207929971,838559,320224936,2393332
10252610,26559,661991424,5037297664,178,300,161072,23,629891072,1198,2015309,335521,7448622,22169,7164313600,1,26559:3,28.330940706693596,838579,320238760,2393412
10358560,26559,668676096,5037297664,178,303,162690,23,637763584,1214,2015310,335525,7448701,22171,7157993472,1,26559:3,28.315309317571597,838601,320252432,2393492
10464128,26559,676540416,5037297664,178,307,164610,23,645627904,1214,2015310,335528,7448780,22171,7150116864,1,26559:4,37.89019153472876,838616,320267792,2393564
10569442,26559,684404736,5037297664,178,310,166530,23,653492224,1214,2015311,335532,7448860,22171,7142240256,1,26559:3,28.486315800588347,838631,320283152,2393640
10674831,26559,692269056,5037297664,178,314,168450,23,661356544,1214,2015312,335535,7448940,22171,7134363648,1,26559:4,37.95459031212688,838646,320298512,2393724
10780179,26559,700133376,5037297664,178,317,170370,23,669085696,1214,2015312,335540,7449020,22171,7126364160,1,26559:3,28.477055068511426,838661,320313872,2393808
10885661,26559,707866624,5037297664,178,321,172257,23,676950016,1216,2015312,335544,7449100,22171,7117934592,1,26559:4,37.92120252835447,838677,320329992,2393900
10991543,26559,715730944,5037297664,178,324,174177,23,685338624,1216,2015312,335547,7449181,22171,7110111232,1,26559:3,28.33327070106438,838692,320345352,2393992
11097580,26559,724119552,5037297664,178,328,176200,23,693202944,1216,2015312,335550,7449261,22171,7102234624,1,26559:4,37.72278522902856,838707,320360712,2394072
11203233,26559,731983872,5037297664,178,331,178145,23,701067264,1216,2015313,335553,7449342,22171,7094358016,1,26559:3,28.394837561084863,838722,320376072,2394156
11308574,26559,739979264,5037297664,178,335,180099,23,708182016,1232,2015313,335556,7449421,22172,7086235648,1,26559:4,37.97191471880079,838746,320390992,2394248
11414313,26559,746532864,5037297664,179,337,181711,23,715665408,1248,2015314,335558,7449499,22174,7079776256,1,26559:3,28.371766184908086,838770,320404584,2394344
11519847,26559,754397184,5037297664,179,341,183631,23,723529728,1248,2015314,335562,7449579,22174,7071899648,1,26559:4,37.90254767943878,838786,320420968,2394424
11625465,26559,762261504,5037297664,179,344,185551,23,731918336,1248,2015314,335566,7449659,22174,7063511040,1,26559:3,28.404101362876123,838801,320436328,2394504
11731435,26559,770650112,5037297664,179,348,187599,23,739782656,1248,2015315,335569,7449739,22174,7055634432,1,26559:4,37.746813437601354,838816,320451688,2394592
11836794,26559,778514432,5037297664,179,351,189519,23,747646976,1248,2015316,335573,7449819,22174,7047499776,1,26559:3,28.474059220879884,838832,320468072,2394668
11942599,26559,786771968,5037297664,179,355,191459,23,755900416,1250,2015316,335577,7449900,22174,7039516672,1,26559:4,37.80533526281683,838847,320483168,2394756
12048491,26559,794636288,5037297664,179,359,193454,23,763764736,1250,2015316,335580,7449980,22174,7031640064,1,26559:4,37.77426049046931,838862,320498528,2394848
12153849,26559,802500608,5037297664,179,362,195374,23,771629056,1250,2015316,335584,7450060,22174,7023763456,1,26559:3,28.474205701116855,838877,320513888,2394928
12259314,26559,810364928,5037297664,179,366,197294,23,779493376,1250,2015317,335587,7450140,22174,7015886848,1,26559:4,37.92748015473046,838893,320530272,2395004
12364816,26559,817442816,5037297664,179,369,198977,23,786554880,1256,2015318,335591,7450219,22175,7008780288,1,26559:3,28.43555536345758,838911,320545088,2395088
12470656,26559,823865344,5037297664,179,372,200605,23,794124288,1283,2015318,335594,7450297,22178,7002398720,1,26559:3,28.34467013058692,838936,320557824,2395188
12576178,26559,831729664,5037297664,179,375,202525,23,801988608,1283,2015318,335598,7450377,22178,6994522112,1,26559:3,28.43006508191545,838952,320574208,2395272
12681844,26559,839856128,5037297664,179,379,204445,23,810377216,1283,2015318,335602,7450458,22178,6985875456,1,26559:4,37.854931385570936,838967,320589568,2395352
12787818,26559,847982592,5037297664,179,383,206493,23,818241536,1283,2015318,335606,7450538,22178,6977998848,1,26559:4,37.745106578120925,838982,320604928,2395432
12893201,26559,855846912,5037297664,179,386,208413,23,826105856,1283,2015318,335609,7450617,22178,6969864192,1,26559:3,28.467709859568313,838998,320621312,2395512
12999031,26559,864104448,5037297664,179,390,210344,23,834359296,1285,2015319,335613,7450698,22178,6961881088,1,26559:4,37.7964942447609,839013,320636408,2395592
13104797,26559,871968768,5037297664,179,393,212348,23,842223616,1285,2015319,335616,7450778,22178,6954004480,1,26559:3,28.364378066336997,839029,320651768,2395668
13210205,26559,879833088,5037297664,179,397,214268,23,850087936,1285,2015320,335619,7450858,22178,6946127872,1,26559:4,37.947869171647255,839044,320667128,2395744
13315646,26559,887697408,5037297664,179,400,216188,23,857952256,1285,2015320,335622,7450938,22178,6938251264,1,26559:3,28.45199468493978,839060,320683512,2395832
13421219,26559,895430656,5037297664,179,403,218077,23,865296384,1288,2015320,335627,7451017,22179,6930599936,1,26559:3,28.41617423252199,839075,320697600,2395920
13526752,26559,901853184,5037297664,179,406,219631,23,872554496,1318,2015320,335631,7451095,22182,6924197888,1,26559:3,28.427281408016892,839102,320711008,2396004
13632410,26559,909717504,5037297664,179,410,221547,23,880418816,1318,2015321,335634,7451175,22182,6916276224,1,26559:4,37.85808137250083,839118,320727392,2396092
13738023,26559,917581824,5037297664,179,413,223467,23,888283136,1318,2015321,335639,7451255,22182,6908141568,1,26559:3,28.405580291397886,839133,320742752,2396172
13843673,26559,925446144,5037297664,179,417,225387,23,896671744,1318,2015322,335642,7451335,22182,6900072448,1,26559:4,37.860679287978435,839148,320758112,2396260
13949736,26559,933834752,5037297664,179,420,227408,23,904536064,1318,2015322,335646,7451416,22182,6892195840,1,26559:3,28.285231594196382,839163,320773472,2396348
14055432,26559,941568000,5037297664,179,424,229322,23,912265216,1320,2015322,335650,7451496,22182,6884405248,1,26559:4,37.84414256970848,839179,320789592,2396424
14160989,26559,949432320,5037297664,179,427,231242,23,920129536,1320,2015322,335653,7451576,22182,6876270592,1,26559:3,28.420840342859922,839194,320804952,2396508
14266850,26559,957296640,5037297664,179,431,233162,23,928518144,1320,2015322,335657,7451657,22182,6868140032,1,26559:4,37.785351788568214,839209,320820312,2396588
14372858,26559,965685248,5037297664,179,434,235210,23,936382464,1320,2015323,335660,7451737,22182,6860263424,1,26559:3,28.299772852816517,839224,320835672,2396664
14478242,26559,973418496,5037297664,179,437,237106,23,943595520,1323,2015323,335663,7451816,22183,6852263936,1,26559:3,28.46732708082022,839240,320850784,2396752
14583590,26559,979972096,5037297664,179,440,238670,23,950452224,1350,2015323,335669,7451894,22186,6845419520,1,26559:3,28.476998572951157,839266,320864944,2396820
14689526,26559,987443200,5037297664,179,443,240441,23,958844928,1352,2015324,335673,7451974,22187,6838091776,1,26559:3,28.318884267677003,839282,320879544,2396904
14795480,26559,995438592,5037297664,179,447,242489,23,966709248,1352,2015324,335676,7452054,22187,6830215168,1,26559:4,37.75230550026363,839297,320894904,2396984
14900764,26559,1003302912,5037297664,179,450,244409,23,974573568,1352,2015324,335679,7452134,22187,6822338560,1,26559:3,28.49446664527492,839314,320911288,2397068
15006442,26559,1011691520,5037297664,179,453,246380,23,982962176,1352,2015325,335683,7452215,22187,6813949952,1,26559:4,28.387919059267514,839329,320926648,2397144
15112356,26559,1019424768,5037297664,179,457,248344,23,990691328,1354,2015325,335687,7452294,22187,6805704704,1,26559:3,37.76665203680983,839345,320942768,2397232
15218813,26559,1027289088,5037297664,179,460,250264,23,999079936,1354,2015325,335697,7452367,22187,6797058048,1,26559:3,28.180438143064677,839360,320958128,2397308
15324776,26559,1035677696,5037297664,179,464,252312,23,1006944256,1354,2015326,335701,7452446,22187,6789181440,1,26559:4,37.74881719979557,839375,320973488,2397396
15430408,26559,1043542016,5037297664,179,467,254232,23,1014808576,1354,2015326,335704,7452527,22187,6781304832,1,26559:3,28.400583374489724,839390,320988848,2397488
15535767,26559,1051406336,5037297664,179,470,256152,23,1022541824,1354,2015327,335706,7452607,22187,6773563392,1,26559:3,28.474126785377578,839405,321004208,2397568
15641175,26559,1058353152,5037297664,179,473,257839,23,1029009408,1378,2015327,335712,7452685,22189,6766362624,1,26559:3,28.460654283878707,839431,321018648,2397636
15746754,26559,1065562112,5037297664,179,476,259506,23,1037275136,1387,2015327,335716,7452764,22191,6759395328,1,26559:3,28.41495203110929,839448,321032728,2397724
15852558,26559,1073426432,5037297664,179,480,261510,23,1045139456,1387,2015327,335720,7452844,22191,6751518720,1,26559:4,37.80552892628612,839464,321049112,2397808
15958078,26559,1081290752,5037297664,179,483,263430,23,1053003776,1387,2015328,335723,7452924,22191,6743384064,1,26559:3,28.430794697762927,839479,321064472,2397892
16063814,26559,1089155072,5037297664,179,486,265350,23,1061392384,1387,2015328,335727,7453004,22191,6735253504,1,26559:3,28.372436998365263,839494,321079832,2397976
16169819,26559,1097412608,5037297664,179,490,267365,23,1069121536,1389,2015328,335731,7453084,22191,6727462912,1,26559:4,37.73400934565757,839509,321095952,2398056
16275238,26559,1105276928,5037297664,179,493,269285,23,1077510144,1389,2015328,335734,7453165,22191,6718816256,1,26559:3,28.45796584850584,839525,321111312,2398140
16381156,26559,1113665536,5037297664,179,497,271290,23,1085374464,1389,2015328,335737,7453245,22191,6711197696,1,26559:4,37.764869577512314,839540,321126672,2398228
16486961,26559,1120874496,5037297664,179,500,273124,23,1093238784,1389,2015329,335742,7453324,22193,6706417664,1,26559:3,28.354179925002438,839555,321142032,2398292
16593669,26559,1129263104,5037297664,179,503,275173,23,1101103104,1389,2015329,335746,7453404,22193,6698381312,1,26559:3,28.114021474614166,839571,321158416,2398368
16699290,26559,1136340992,5037297664,179,506,276893,23,1107804160,1411,2015330,335747,7453482,22195,6691217408,1,26559:3,28.403608152002175,839593,321172168,2398468
16805158,26559,1143418880,5037297664,179,509,278612,23,1115705344,1422,2015330,335750,7453561,22197,6684291072,1,26559:3,28.33702871802007,839613,321185912,2398548
16910971,26559,1151283200,5037297664,179,513,280532,23,1123569664,1422,2015331,335754,7453641,22197,6676414464,1,26559:4,37.80262596886359,839629,321202296,2398632
17016639,26559,1159147520,5037297664,179,516,282452,23,1131433984,1422,2015331,335756,7453722,22197,6668279808,1,26559:3,28.390851668863,839644,321217656,2398712
17123116,26559,1167405056,5037297664,179,519,284372,23,1139822592,1422,2015332,335760,7453803,22197,6660149248,1,26559:3,28.175100964535133,839659,321233016,2398800
17229724,26559,1175269376,5037297664,179,523,286387,23,1147551744,1424,2015332,335764,7453883,22197,6652616704,1,26559:4,37.520684215190734,839675,321249136,2398880
17335579,26559,1183133696,5037297664,179,526,288307,23,1155416064,1424,2015332,335769,7453964,22197,6644224000,1,26559:3,28.340497244226725,839690,321264496,2398972
17442211,26559,1190998016,5037297664,179,529,290227,23,1163804672,1424,2015333,335772,7454046,22197,6636351488,1,26559:3,28.134113782402494,839705,321279856,2399048
17548894,26559,1199386624,5037297664,179,533,292275,23,1171668992,1424,2015333,335775,7454126,22197,6628474880,1,26559:4,37.49426290909662,839722,321296240,2399140
17654475,26559,1207250944,5037297664,179,536,294195,23,1179533312,1424,2015334,335778,7454206,22197,6620082176,1,26559:3,28.41420089099546,839737,321311600,2399216
17761112,26559,1214722048,5037297664,179,539,296016,23,1186476032,1443,2015334,335782,7454285,22199,6612848640,1,26559:3,28.132827343802813,839757,321325736,2399296
17867343,26559,1221275648,5037297664,179,542,297634,23,1194135552,1456,2015334,335785,7454364,22201,6606561280,1,26559:3,28.240378183095398,839779,321340120,2399376
17973082,26559,1229139968,5037297664,179,546,299554,23,1201999872,1456,2015334,335788,7454444,22201,6598426624,1,26559:4,37.82908132567779,839796,321355480,2399464
18079413,26559,1237397504,5037297664,179,549,301474,23,1210388480,1456,2015334,335792,7454526,22201,6590296064,1,26559:3,28.213653913170315,839811,321370840,2399556
18186139,26559,1245392896,5037297664,179,552,303522,23,1218252800,1456,2015335,335796,7454606,22201,6582419456,1,26559:3,28.109411574443747,839826,321386200,2399640
18291619,26559,1253257216,5037297664,179,556,305447,23,1226506240,1458,2015336,335799,7454687,22201,6574166016,1,26559:4,37.92210167017848,839842,321402320,2399728
18398224,26559,1261514752,5037297664,179,559,307457,23,1234370560,1458,2015336,335802,7454767,22201,6566301696,1,26559:3,28.141117913225795,839858,321418704,2399808
18503939,26559,1269379072,5037297664,179,563,309377,23,1242759168,1458,2015336,335806,7454848,22201,6557913088,1,26559:4,37.837579673054364,839873,321434064,2399896
18610872,26559,1277767680,5037297664,179,566,311425,23,1250623488,1458,2015337,335809,7454929,22201,6549778432,1,26559:3,28.05496577523291,839888,321449424,2399976
18716543,26559,1285632000,5037297664,179,569,313345,23,1258487808,1458,2015337,335812,7455009,22201,6541901824,1,26559:3,28.390146400982086,839904,321465808,2400060
18822849,26559,1293103104,5037297664,179,572,315169,23,1265496064,1474,2015338,335816,7455088,22203,6533705728,1,26559:4,28.22041073942405,839924,321479944,2400148
18929869,26559,1300836352,5037297664,179,576,316985,23,1273520128,1490,2015338,335820,7455168,22205,6526742528,1,26559:3,37.37624165743598,839948,321494144,2400224
19036089,26559,1308700672,5037297664,179,579,318960,23,1281384448,1490,2015338,335824,7455248,22205,6518865920,1,26559:3,28.243125371450052,839964,321510528,2400308
19142130,26559,1316827136,5037297664,179,583,320880,23,1289773056,1490,2015339,335828,7455329,22205,6510477312,1,26559:4,37.721214293039615,839979,321525888,2400392
19248662,26559,1324953600,5037297664,179,586,322928,23,1297637376,1490,2015339,335831,7455409,22205,6502600704,1,26559:3,28.160621161724936,839995,321542272,2400476
19354361,26559,1332817920,5037297664,179,589,324818,23,1305890816,1492,2015340,335835,7455490,22205,6494359552,1,26559:4,28.38236847913192,840010,321557368,2400552
19460885,26559,1341075456,5037297664,179,593,326863,23,1313755136,1492,2015340,335838,7455570,22205,6486482944,1,26559:3,37.5504913294038,840025,321572728,2400644
19566549,26559,1348939776,5037297664,179,596,328783,23,1321619456,1492,2015341,335841,7455651,22205,6478348288,1,26559:3,28.39172463752096,840041,321589112,2400728
19673149,26559,1356804096,5037297664,179,599,330703,23,1330008064,1492,2015342,335845,7455732,22205,6470217728,1,26559:3,28.142613934387523,840056,321604472,2400816
19779901,26559,1365192704,5037297664,179,603,332751,23,1337872384,1492,2015342,335848,7455813,22205,6462341120,1,26559:4,37.4700727699726,840071,321619832,2400904
19885749,26559,1372139520,5037297664,179,606,334448,23,1344962560,1508,2015342,335852,7455891,22207,6455463936,1,26559:3,28.342472143034403,840091,321633680,2400988
19991036,26559,1378168832,5037297664,179,609,335934,23,1352503296,1524,2015343,335854,7455970,22209,6448852992,1,26559:3,28.493722391304498,840115,321648408,2401084
20097680,26559,1386557440,5037297664,179,612,337982,23,1360367616,1524,2015343,335857,7456050,22209,6440976384,1,26559:3,28.130749925284725,840131,321664792,2401160
20203817,26559,1394421760,5037297664,179,615,339902,23,1368756224,1524,2015344,335862,7456130,22209,6432169984,1,26559:3,28.26556660598929,840146,321680152,2401248
20310907,26559,1402810368,5037297664,179,619,341950,23,1376620544,1524,2015344,335871,7456203,22209,6423425024,1,26559:4,37.35165103121885,840161,321695512,2401328
20416333,26559,1410674688,5037297664,179,622,343870,23,1384349696,1524,2015344,335875,7456283,22209,6415683584,1,26559:3,28.45596402574263,840177,321711896,2401416
20522662,26559,1418801152,5037297664,179,625,345757,23,1392738304,1526,2015345,335879,7456364,22209,6407245824,1,26559:4,28.21437246340448,840193,321726992,2401496
20629299,26559,1426796544,5037297664,179,629,347805,23,1400602624,1526,2015345,335884,7456444,22209,6399369216,1,26559:3,37.510202188898475,840208,321742352,2401588
20734875,26559,1434660864,5037297664,179,632,349725,23,1408466944,1526,2015346,335886,7456525,22209,6391234560,1,26559:3,28.41578180316795,840224,321758736,2401668
20840942,26559,1442525184,5037297664,179,636,351645,23,1416855552,1526,2015346,335890,7456605,22209,6382845952,1,26559:4,37.711908754226606,840239,321774096,2401756
20947462,26559,1450520576,5037297664,179,639,353600,23,1423392768,1542,2015348,335892,7456684,22211,6375497728,1,26559:3,28.163551148923617,840258,321787888,2401840
21052871,26559,1456549888,5037297664,179,642,355084,23,1430929408,1558,2015348,335894,7456762,22214,6369320960,1,26559:3,28.460789555998307,840282,321802608,2401924
21158744,26559,1464414208,5037297664,179,645,357004,23,1438793728,1558,2015348,335898,7456843,22214,6360928256,1,26559:3,28.33577932503097,840297,321817968,2402000
21265325,26559,1472278528,5037297664,179,648,358924,23,1447182336,1558,2015349,335902,7456924,22214,6353055744,1,26559:3,28.147498823575283,840312,321833328,2402088
21372034,26559,1480667136,5037297664,179,652,360972,23,1455046656,1558,2015350,335905,7457004,22214,6345179136,1,26559:4,37.4853911230864,840327,321848688,2402164
21477670,26559,1488531456,5037297664,179,655,362892,23,1462910976,1558,2015350,335908,7457084,22214,6337044480,1,26559:3,28.399272721131595,840343,321865072,2402244
21584169,26559,1496788992,5037297664,179,658,364894,23,1471164416,1560,2015350,335912,7457166,22214,6329319424,1,26559:3,28.16936904500712,840358,321880168,2402324
21690356,26559,1504653312,5037297664,179,662,366827,23,1479028736,1560,2015351,335916,7457246,22214,6321442816,1,26559:4,37.669410167478574,840374,321896552,2402404
21796078,26559,1512517632,5037297664,179,665,368747,23,1487417344,1560,2015351,335919,7457327,22214,6313054208,1,26559:3,28.376171594190442,840389,321911912,2402488
21902755,26559,1520906240,5037297664,179,668,370667,23,1495281664,1560,2015352,335922,7457408,22214,6305177600,1,26559:3,28.122202104536242,840404,321927272,2402564
22009207,26559,1528901632,5037297664,179,671,372706,23,1502334976,1569,2015352,335926,7457488,22215,6297034752,1,26559:3,28.181805978242195,840421,321942032,2402648
22115294,26559,1534537728,5037297664,179,674,374105,23,1509883904,1593,2015353,335930,7457566,22218,6290886656,1,26559:3,28.278743575422943,840448,321955792,2402736
22222104,26559,1542926336,5037297664,179,677,376121,23,1517748224,1593,2015354,335933,7457647,22218,6283010048,1,26559:4,28.087305607055708,840463,321971152,2402824
22328273,26559,1550790656,5037297664,179,681,378073,23,1525612544,1593,2015354,335937,7457727,22218,6275133440,1,26559:3,37.67567851000679,840479,321987536,2402908
22434601,26559,1558654976,5037297664,179,684,379993,23,1534001152,1593,2015354,335941,7457809,22218,6267002880,1,26559:3,28.21451628398456,840494,322002896,2402992
22541177,26559,1567043584,5037297664,179,688,381983,23,1541865472,1593,2015355,335944,7457890,22218,6258814976,1,26559:4,37.53206692883316,840509,322018256,2403072
22647428,26559,1574776832,5037297664,179,691,383928,23,1550118912,1595,2015356,335948,7457970,22218,6250627072,1,26559:3,28.23489657030335,840525,322034376,2403164
22754123,26559,1583034368,5037297664,179,694,385848,23,1557983232,1595,2015356,335951,7458052,22218,6242750464,1,26559:3,28.11746882384262,840540,322049736,2403236
22860676,26559,1591029760,5037297664,179,698,387896,23,1565847552,1595,2015357,335954,7458132,22218,6234873856,1,26559:4,37.54019769174897,840555,322065096,2403312
22966300,26559,1598894080,5037297664,179,701,389816,23,1573711872,1595,2015358,335958,7458212,22218,6226997248,1,26559:3,28.40261102552247,840570,322080456,2403400
23071861,26559,1606627328,5037297664,179,704,391696,23,1581268992,1601,2015358,335961,7458292,22219,6219309056,1,26559:3,28.419595394388576,840587,322095824,2403488
23177285,26559,1612918784,5037297664,179,707,393255,23,1588314112,1628,2015358,335963,7458369,22222,6212894720,1,26559:3,28.456481190294387,840614,322110000,2403588
23283477,26559,1620783104,5037297664,179,710,395175,23,1596702720,1628,2015359,335967,7458451,22222,6204526592,1,26559:3,28.250616720379877,840629,322125360,2403672
23390203,26559,1629171712,5037297664,179,713,397223,23,1604567040,1628,2015360,335970,7458531,22222,6196490240,1,26559:4,28.109586986400597,840644,322140720,2403760
23496084,26559,1637036032,5037297664,179,717,399143,23,1612431360,1628,2015360,335974,7458612,22222,6188687360,1,26559:3,37.77806604540952,840659,322156080,2403844
23601606,26559,1644900352,5037297664,179,720,401063,23,1620295680,1628,2015360,335977,7458692,22222,6180884480,1,26559:3,28.43014375361027,840676,322172464,2403924
23707830,26559,1653157888,5037297664,179,723,403041,23,1628549120,1630,2015361,335980,7458773,22222,6172540928,1,26559:4,28.24230565212698,840691,322187560,2404004
23813963,26559,1661022208,5037297664,179,727,404998,23,1636413440,1630,2015362,335983,7458853,22222,6164762624,1,26559:3,37.68853146090679,840707,322203944,2404092
23920098,26559,1669410816,5037297664,179,730,406970,23,1644802048,1630,2015362,335986,7458935,22222,6156374016,1,26559:3,28.26589923619604,840722,322219304,2404176
24026407,26559,1677275136,5037297664,179,733,408966,23,1652666368,1630,2015363,335990,7459015,22222,6148497408,1,26559:3,28.219614370315615,840738,322235688,2404256
24132470,26559,1685008384,5037297664,179,736,410855,23,1660010496,1633,2015363,335993,7459095,22223,6140649472,1,26559:3,28.285097985754998,840755,322251056,2404340
24238754,26559,1691430912,5037297664,179,739,412344,23,1667268608,1662,2015364,335997,7459171,22228,6134480896,1,26559:3,28.22605270874749,840794,322263832,2404424
24345163,26559,1699295232,5037297664,179,742,414325,23,1675132928,1662,2015364,336000,7459251,22228,6126301184,1,26559:3,28.193116684393242,840809,322279192,2404512
24450811,26559,1707159552,5037297664,179,746,416245,23,1682997248,1662,2015365,336002,7459332,22228,6118424576,1,26559:4,37.8618289345776,840825,322295576,2404600
24557100,26559,1715023872,5037297664,179,749,418165,23,1690861568,1662,2015366,336005,7459413,22228,6109982720,1,26559:3,28.224957274941342,840840,322310936,2404692
24663540,26559,1722888192,5037297664,179,752,420085,23,1699250176,1662,2015366,336009,7459494,22228,6102159360,1,26559:3,28.184685298823055,840855,322326296,2404780
24770212,26559,1731145728,5037297664,179,755,422100,23,1706979328,1664,2015366,336012,7459575,22228,6094430208,1,26559:3,28.123728807457905,840871,322342416,2404856
24875970,26559,1739010048,5037297664,179,758,424020,23,1715367936,1664,2015366,336015,7459656,22228,6086041600,1,26559:3,28.366658041941882,840886,322357776,2404944
24982857,26559,1747398656,5037297664,179,762,426068,23,1723232256,1664,2015367,336018,7459737,22228,6078164992,1,26559:4,37.42266092558141,840901,322373136,2405020
25088612,26559,1755262976,5037297664,179,765,427988,23,1731096576,1664,2015367,336022,7459817,22228,6070288384,1,26559:3,28.36733961151098,840917,322389520,2405104
25194272,26559,1762996224,5037297664,179,768,429884,23,1738309632,1667,2015368,336025,7459896,22229,6062546944,1,26559:3,28.393090757151736,840933,322404632,2405192
25300008,26559,1769811968,5037297664,179,771,431561,23,1745170432,1695,2015368,336030,7459971,22232,6055768064,1,26559:3,28.37244799997034,840959,322418024,2405284
25406060,26559,1777152000,5037297664,179,774,433347,23,1753559040,1696,2015369,336037,7460045,22233,6047715328,1,26559:3,28.288087543106805,840974,322432368,2405376
25511759,26559,1785016320,5037297664,179,777,435267,23,1761423360,1696,2015369,336040,7460125,22233,6039838720,1,26559:3,28.38252502693005,840989,322447728,2405460
25617301,26559,1792880640,5037297664,179,781,437187,23,1769287680,1696,2015370,336043,7460205,22233,6031704064,1,26559:4,37.89949550276059,841005,322464112,2405548
25723664,26559,1801269248,5037297664,179,784,439132,23,1777676288,1696,2015370,336047,7460287,22233,6023315456,1,26559:3,28.205375978507952,841020,322479472,2405632
25830104,26559,1809002496,5037297664,179,787,441122,23,1785405440,1698,2015371,336050,7460367,22233,6014959616,1,26559:3,28.18489475097955,841036,322495592,2405712
25936556,26559,1817391104,5037297664,179,790,443103,23,1793794048,1698,2015372,336053,7460449,22233,6007136256,1,26559:4,28.181629663795505,841051,322510952,2405796
26042997,26559,1825255424,5037297664,179,794,445090,23,1801658368,1698,2015372,336056,7460529,22233,5999259648,1,26559:3,37.57966866269198,841067,322527336,2405876
26148889,26559,1833250816,5037297664,179,797,447010,23,1810046976,1698,2015372,336060,7460610,22233,5990871040,1,26559:3,28.33057283379482,841082,322542696,2405968
26255541,26559,1841508352,5037297664,179,800,449058,23,1817255936,1698,2015373,336063,7460691,22233,5982912512,1,26559:3,28.128881697771536,841099,322558824,2406044
26361626,26559,1848324096,5037297664,179,803,450711,23,1824256000,1728,2015374,336066,7460768,22235,5975982080,1,26559:3,28.279254584866052,841124,322571480,2406132
26466926,26559,1855139840,5037297664,179,806,452368,23,1832513536,1731,2015374,336070,7460849,22237,5968732160,1,26559:3,28.49013725579465,841141,322586576,2406216
26573483,26559,1863528448,5037297664,179,809,454416,23,1840377856,1731,2015374,336073,7460929,22237,5960855552,1,26559:4,28.153882364070242,841156,322601936,2406296
26679133,26559,1871392768,5037297664,179,813,456336,23,1848242176,1731,2015374,336077,7461009,22237,5952978944,1,26559:3,37.86088821170483,841173,322618320,2406384
26784746,26559,1879257088,5037297664,179,816,458256,23,1856106496,1731,2015375,336080,7461090,22237,5944844288,1,26559:3,28.40551305180774,841188,322633680,2406460
26891222,26559,1887514624,5037297664,179,819,460233,23,1864359936,1733,2015375,336084,7461171,22237,5936807936,1,26559:3,28.175332502029537,841203,322648776,2406552
26997444,26559,1895378944,5037297664,179,823,462191,23,1872224256,1733,2015376,336086,7461251,22237,5928984576,1,26559:4,37.65698360952487,841219,322665160,2406636
27103465,26559,1903243264,5037297664,179,826,464111,23,1880612864,1733,2015376,336091,7461332,22237,5920595968,1,26559:3,28.296291868101285,841234,322680520,2406728
27210107,26559,1911631872,5037297664,179,829,466066,23,1888477184,1733,2015376,336094,7461414,22237,5912719360,1,26559:3,28.13158560418994,841249,322695880,2406808
27316524,26559,1919496192,5037297664,179,833,468079,23,1896341504,1733,2015376,336098,7461494,22237,5904842752,1,26559:4,37.58789353338162,841264,322711240,2406900
27422189,26559,1926574080,5037297664,179,836,469805,23,1903202304,1757,2015377,336099,7461572,22239,5897785344,1,26559:3,28.391691050476194,841292,322726072,2407000
27528036,26559,1934045184,5037297664,179,839,471646,23,1910906880,1766,2015377,336102,7461651,22240,5889740800,1,26559:3,28.342661722094082,841312,322740712,2407092
27634384,26559,1941909504,5037297664,179,842,473566,23,1919295488,1766,2015378,336105,7461733,22240,5881610240,1,26559:3,28.20934311497948,841327,322756072,2407168
27741125,26559,1950298112,5037297664,179,845,475593,23,1927159808,1766,2015378,336108,7461814,22240,5873475584,1,26559:3,28.105362695255565,841342,322771432,2407260
27847128,26559,1958162432,5037297664,179,848,477534,23,1935024128,1766,2015379,336111,7461894,22240,5865598976,1,26559:3,28.30125241720997,841358,322787816,2407340
27953186,26559,1966026752,5037297664,179,852,479421,23,1943277568,1768,2015380,336114,7461975,22240,5857357824,1,26559:4,37.715256882150435,841373,322802912,2407436
28059787,26559,1974284288,5037297664,179,855,481469,23,1951141888,1768,2015380,336118,7462056,22240,5849481216,1,26559:3,28.142283935457506,841388,322818272,2407520
28165455,26559,1982148608,5037297664,179,858,483389,23,1959006208,1768,2015380,336121,7462136,22240,5841088512,1,26559:3,28.390661444589345,841404,322834656,2407596
28271868,26559,1990012928,5037297664,179,861,485309,23,1967394816,1768,2015380,336125,7462218,22240,5833216000,1,26559:3,28.192079175988376,841419,322850016,2407688
28378510,26559,1998401536,5037297664,179,865,487357,23,1975259136,1768,2015380,336129,7462298,22240,5825339392,1,26559:4,37.50860459110759,841434,322865376,2407768
28483998,26559,2004955136,5037297664,179,868,488962,23,1981853696,1791,2015381,336133,7462377,22242,5818507264,1,26559:3,28.439464041236462,841459,322880304,2407844
28590998,26559,2011901952,5037297664,179,871,490668,23,1989890048,1800,2015382,336135,7462456,22244,5811851264,1,26559:3,28.037289894624273,841478,322893952,2407936
28696589,26559,2019766272,5037297664,179,874,492588,23,1997754368,1800,2015382,336139,7462536,22244,5803974656,1,26559:3,28.41148732118911,841494,322910336,2408024
28802415,26559,2027630592,5037297664,179,877,494508,23,2006142976,1800,2015382,336142,7462617,22244,5795586048,1,26559:3,28.348520108030538,841509,322925696,2408108
28908838,26559,2036019200,5037297664,179,881,496428,23,2014007296,1800,2015382,336145,7462698,22244,5787709440,1,26559:4,37.58580404477563,841524,322941056,2408188
29015426,26559,2043752448,5037297664,179,884,498443,23,2021736448,1802,2015383,336149,7462779,22244,5779660800,1,26559:3,28.145804235067263,841540,322957176,2408272
29121877,26559,2051616768,5037297664,179,887,500363,23,2030125056,1802,2015384,336153,7462860,22244,5771530240,1,26559:3,28.181817097245222,841555,322972536,2408348
29228167,26559,2060005376,5037297664,179,890,502411,23,2037989376,1802,2015384,336156,7462941,22244,5763653632,1,26559:3,28.22481334789809,841570,322987896,2408424
29333439,26559,2067869696,5037297664,179,893,504331,23,2045853696,1802,2015384,336159,7463021,22244,5755777024,1,26559:3,28.49755693294169,841586,323003256,2408504
29438773,26559,2075734016,5037297664,179,896,506251,23,2053718016,1802,2015385,336162,7463102,22244,5747900416,1,26559:3,28.480670709921917,841602,323019640,2408584
29544174,26559,2083205120,5037297664,179,899,508071,23,2060431360,1821,2015385,336165,7463180,22246,5740408832,1,26559:3,28.462949494014143,841621,323033432,2408664
29650100,26559,2089889792,5037297664,179,902,509690,23,2068316160,1834,2015386,336168,7463259,22249,5733863424,1,26559:3,28.321479378139614,841644,323047128,2408744
29755393,26559,2097754112,5037297664,179,904,511610,23,2076180480,1834,2015386,336171,7463340,22249,5725986816,1,26559:2,18.994679970033992,841661,323063512,2408820
29860807,26559,2105618432,5037297664,179,907,513530,23,2084044800,1834,2015387,336174,7463420,22249,5718110208,1,26559:3,28.459146937260282,841676,323078872,2408912
29966480,26559,2113482752,5037297664,179,910,515450,23,2091909120,1834,2015388,336177,7463501,22249,5709717504,1,26559:3,28.389586779060284,841691,323094232,2408992
30072550,26559,2121609216,5037297664,179,913,517370,23,2100162560,1836,2015388,336179,7463583,22249,5701959680,1,26559:3,28.283242532340118,841706,323109592,2409084
30178824,26559,2129604608,5037297664,179,916,519385,23,2108026880,1836,2015389,336182,7463664,22249,5694115840,1,26559:3,28.228741595727286,841722,323125712,2409160
30284514,26559,2137468928,5037297664,179,919,521305,23,2116415488,1836,2015389,336184,7463745,22249,5685727232,1,26559:3,28.38508750067497,841737,323141072,2409244
30390697,26559,2145857536,5037297664,179,921,523272,23,2124279808,1836,2015390,336192,7463821,22249,5674979328,1,26559:2,18.835399879636146,841752,323156432,2409324
30496797,26559,2153721856,5037297664,179,924,525273,23,2132144128,1836,2015390,336198,7463897,22249,5666869248,1,26559:3,28.27510120224222,841768,323172816,2409416
30602310,26559,2161192960,5037297664,179,927,527100,23,2139746304,1853,2015391,336202,7463977,22251,5658996736,1,26559:3,28.4325911457177,841788,323186640,2409488
30708581,26559,2167746560,5037297664,179,930,528711,23,2146746368,1869,2015391,336206,7464056,22252,5652578304,1,26559:3,28.229593998026974,841811,323201336,2409568
30814628,26559,2175741952,5037297664,179,932,530631,23,2155134976,1869,2015392,336210,7464137,22252,5644447744,1,26559:2,18.859584321937028,841826,323216696,2409644
30920683,26559,2183999488,5037297664,179,935,532679,23,2162999296,1869,2015392,336212,7464218,22252,5636571136,1,26559:3,28.287331892747524,841841,323232056,2409732
31026013,26559,2191863808,5037297664,179,938,534599,23,2170863616,1869,2015392,336215,7464299,22252,5628694528,1,26559:3,28.481819883477456,841857,323248440,2409816
31131403,26559,2199728128,5037297664,179,940,536519,23,2179117056,1869,2015393,336218,7464380,22252,5620441088,1,26559:2,18.97720512205773,841872,323263800,2409896
31237609,26559,2207985664,5037297664,179,943,538534,23,2186981376,1871,2015393,336222,7464461,22252,5612576768,1,26559:3,28.246992493277002,841887,323278896,2409968
31343124,26559,2215849984,5037297664,179,946,540454,23,2194845696,1871,2015393,336225,7464542,22252,5604700160,1,26559:3,28.431726440391063,841902,323294256,2410044
31448452,26559,2223714304,5037297664,179,949,542374,23,2202710016,1871,2015394,336228,7464623,22252,5596823552,1,26559:3,28.482608675796904,841917,323309616,2410120
31553727,26559,2231578624,5037297664,179,951,544294,23,2210574336,1871,2015394,336231,7464704,22252,5588946944,1,26559:2,18.997837295701174,841933,323326000,2410200
31659427,26559,2239574016,5037297664,179,954,546240,23,2217627648,1880,2015394,336235,7464783,22254,5581021184,1,26559:3,28.382256506894837,841949,323339736,2410280
31764766,26559,2246782976,5037297664,179,957,547989,23,2225700864,1904,2015395,336236,7464861,22256,5573885952,1,26559:3,28.479566779462523,841976,323354520,2410376
31870084,26559,2254647296,5037297664,179,959,549909,23,2233565184,1904,2015395,336239,7464942,22256,5565706240,1,26559:2,18.99007351826557,841992,323370904,2410456
31975939,26559,2260152320,5037297664,179,961,551189,23,2239332352,1904,2015395,336242,7465020,22261,5560680448,1,26559:2,18.89378387991995,842002,323381144,2410536
32081465,26559,2268278784,5037297664,179,964,553237,23,2247196672,1904,2015396,336245,7465100,22261,5552803840,1,26559:3,28.42885273071544,842017,323396504,2410624
32186834,26559,2276143104,5037297664,179,967,555157,23,2255060992,1904,2015396,336247,7465181,22261,5544927232,1,26559:3,28.471525783657153,842032,323411864,2410704
32292082,26559,2283876352,5037297664,179,969,557044,23,2263314432,1906,2015397,336249,7465262,22261,5536624640,1,26559:2,19.002756074228603,842048,323427984,2410796
32397793,26559,2291740672,5037297664,179,972,558964,23,2271178752,1906,2015397,336252,7465343,22261,5528748032,1,26559:3,28.379258557247493,842064,323443344,2410884
32503472,26559,2299867136,5037297664,179,975,560893,23,2279043072,1906,2015398,336253,7465424,22261,5520871424,1,26559:3,28.387616591134947,842079,323458704,2410972
32608933,26559,2307993600,5037297664,179,977,562932,23,2286907392,1906,2015398,336256,7465505,22261,5512994816,1,26559:2,18.964369439267596,842094,323474064,2411060
32714215,26559,2316775424,5037297664,179,980,565077,23,2295300096,1912,2015399,336258,7465584,22262,5503606784,1,26559:3,28.494917546774147,842114,323492504,2411132
32819766,26559,2331717632,5049909248,180,984,568731,23,2301825024,1918,2015401,336262,7465664,22262,5489242112,1,26559:5,47.37044212501075,842126,323503200,2411196
32925380,26559,2331717632,5049909248,180,985,568732,23,2308669440,1920,2015401,336263,7465746,22262,5489094656,1,26559:1,9.468463289901461,842142,323518616,2411288
33030757,26559,2340237312,5049909248,189,986,570807,23,2308669440,1920,2015412,336264,7465819,22262,5480611840,1,26559:10,94.89720639705864,842142,323518616,2411288
33135979,26559,2369204224,5153722368,197,988,577832,23,2308669440,1920,2015420,336266,7465892,22262,5450678272,1,26559:11,95.0371441748736,842142,323518616,2411288
33240874,26559,2417176576,5153722368,205,991,589541,23,2308669440,1920,2015428,336270,7465965,22262,5402423296,1,26559:10,104.8675403321275,842142,323518616,2411288
33345630,26559,2435579904,5141110784,208,995,597155,23,2312339456,1921,2015431,336274,7466041,22262,5384945664,1,26559:7,66.82177145337077,842147,323523736,2411324
33450926,26559,2435579904,5141110784,208,996,597155,23,2320203776,1921,2015432,336275,7466123,22262,5384810496,1,26559:1,9.497058120048798,842162,323539096,2411416
33556191,26559,2435579904,5141110784,208,998,597155,23,2328068096,1921,2015432,336277,7466205,22262,5384933376,1,26559:2,18.999657037190822,842179,323555480,2411508
33661835,26559,2435579904,5141110784,208,999,597155,23,2335932416,1921,2015432,336279,7466287,22262,5385056256,1,26559:1,9.46572235232174,842194,323570840,2411600
33767342,26559,2435579904,5141110784,208,1001,597155,23,2344321024,1921,2015433,336280,7466369,22262,5384957952,1,26559:2,18.95607869930743,842209,323586200,2411688
33872815,26559,2435579904,5141110784,208,1002,597155,23,2352185344,1921,2015434,336282,7466452,22262,5385080832,1,26559:1,9.481143295420896,842224,323601560,2411780
33978443,26559,2435579904,5141110784,208,1003,597155,23,2360049664,1921,2015434,336284,7466534,22262,5384945664,1,26559:2,9.467129907218151,842239,323616920,2411868
34083806,26559,2435579904,5141110784,208,1005,597155,23,2367913984,1921,2015435,336284,7466616,22262,5384859648,1,26559:1,18.982023141421,842254,323632280,2411964
34189106,26559,2435579904,5141110784,208,1006,597155,23,2375778304,1921,2015435,336286,7466698,22262,5384798208,1,26559:1,9.496682296053145,842269,323647640,2412060
34294346,26559,2435579904,5141110784,208,1008,597155,23,2383642624,1921,2015435,336288,7466780,22262,5384736768,1,26559:2,19.004185434289585,842285,323664024,2412160
34399895,26559,2435579904,5141110784,208,1009,597155,23,2392031232,1921,2015436,336290,7466863,22262,5384884224,1,26559:1,9.474301605883701,842300,323679384,2412248
34505464,26559,2435579904,5141110784,208,1010,597155,23,2399895552,1921,2015436,336292,7466945,22262,5384847360,1,26559:1,9.472443260633215,842315,323694744,2412340
34611011,26559,2435579904,5141110784,208,1012,597155,23,2407759872,1921,2015436,336294,7467027,22262,5384785920,1,26559:2,18.948947187493513,842330,323710104,2412428
34716504,26559,2438594560,5141110784,212,1013,597915,23,2411962368,1923,2015440,336295,7467106,22262,5381505024,1,26559:5,47.39650477888057,842341,323720360,2412488
34821876,26559,2447769600,5141110784,222,1014,600136,23,2411962368,1923,2015450,336296,7467179,22262,5372215296,1,26559:11,104.39204474159524,842341,323720360,2412488
34927120,26559,2456944640,5141110784,232,1014,602369,23,2411962368,1923,2015460,336297,7467252,22262,5363183616,1,26559:10,95.01671443774511,842341,323720360,2412488
35032354,26559,2465988608,5141110784,241,1015,604604,23,2411962368,1923,2015469,336298,7467325,22262,5354151936,1,26559:10,95.02668349272476,842341,323720360,2412488
35137597,26559,2475163648,5141110784,251,1016,606834,23,2411962368,1923,2015478,336300,7467398,22262,5344862208,1,26559:11,104.52041283662699,842341,323720360,2412488
35242841,26559,2484338688,5141110784,260,1017,609067,23,2411962368,1923,2015489,336301,7467471,22262,5335830528,1,26559:10,95.01663860112704,842341,323720360,2412488
35348162,26559,2493513728,5141110784,270,1018,611302,23,2411962368,1923,2015499,336302,7467544,22262,5326688256,1,26559:11,104.44263556129509,842341,323720360,2412488
35453445,26559,2502557696,5141110784,279,1020,613525,23,2411962368,1923,2015508,336306,7467615,22262,5317398528,1,26559:11,104.48037294402097,842341,323720360,2412488
35559153,26559,2511863808,5141110784,287,1021,615800,23,2411962368,1923,2015518,336313,7467682,22262,5308108800,1,26559:10,85.14015805929783,842341,323720360,2412488
35664375,26559,2521038848,5141110784,297,1023,618027,23,2411962368,1923,2015526,336315,7467754,22262,5299077120,1,26559:11,114.04529594041513,842341,323720360,2412488
35769586,26559,2530213888,5141110784,305,1025,620260,23,2411962368,1923,2015535,336318,7467827,22262,5289787392,1,26559:10,95.04700549656833,842341,323720360,2412488
35874817,26559,2539257856,5141110784,314,1026,622491,23,2413010944,1924,2015544,336320,7467901,22262,5280735232,1,26559:10,95.02920385226726,842341,323720360,2412488
35980231,26559,2541223936,5141110784,322,1026,622961,24,2413510656,1926,2015553,336320,7467975,22262,5278904320,1,26559:9,75.89066901836672,842345,323723384,2412508
36085130,26559,2541223936,5141110784,329,1027,622961,24,2417180672,1927,2015560,336320,7468051,22262,5278732288,1,26559:7,76.26442362828186,842351,323729528,2412548
36190428,26559,2541223936,5141110784,329,1028,622961,24,2425569280,1927,2015561,336322,7468133,22262,5278830592,1,26559:1,9.496795031109697,842366,323744888,2412640
36295855,26559,2541223936,5141110784,329,1030,622961,24,2433433600,1927,2015561,336323,7468215,22262,5278695424,1,26559:2,18.9705226628456,842381,323760248,2412732
36401288,26559,2541223936,5141110784,329,1031,622961,24,2441297920,1927,2015561,336324,7468298,22262,5278818304,1,26559:1,9.484717762731876,842396,323775608,2412836
36506607,26559,2541223936,5141110784,329,1032,622961,24,2449686528,1927,2015562,336327,7468380,22262,5278720000,1,26559:1,9.49492027936752,842412,323791992,2412928
36612330,26559,2541223936,5141110784,329,1034,622961,24,2457550848,1927,2015562,336329,7468462,22262,5278842880,1,26559:2,18.91745524472968,842427,323807352,2413028
36718081,26559,2541223936,5141110784,329,1035,622961,24,2465415168,1927,2015562,336330,7468545,22262,5278965760,1,26559:1,9.45611884268604,842442,323822712,2413124
36823330,26559,2541223936,5141110784,329,1036,622961,24,2473803776,1927,2015563,336331,7468627,22262,5278806016,1,26559:1,9.501351766817217,842458,323839096,2413216
36929217,26559,2541223936,5141110784,329,1038,622961,24,2481668096,1927,2015563,336332,7468709,22262,5278928896,1,26559:2,18.887947712947657,842473,323854456,2413312
37034473,26559,2541223936,5141110784,329,1039,622961,24,2489532416,1927,2015564,336334,7468792,22262,5278793728,1,26559:1,9.50069722291675,842489,323870840,2413408
37139921,26559,2541223936,5141110784,329,1040,622961,24,2497921024,1927,2015564,336335,7468874,22262,5278953472,1,26559:1,9.48326747156658,842504,323886200,2413512
37245695,26559,2541223936,5141110784,329,1042,622961,24,2505785344,1927,2015564,336336,7468956,22262,5278818304,1,26559:2,18.90828193715651,842519,323901560,2413604
37350888,26559,2541223936,5141110784,329,1043,622961,24,2513649664,1927,2015564,336338,7469039,22262,5278941184,1,26559:1,9.506398419298886,842535,323917944,2413700
37456502,26559,2545811456,5141110784,334,1044,624081,24,2516803584,1929,2015570,336339,7469117,22262,5273817088,1,26559:6,56.810309071373574,842544,323925128,2413748
37562601,26559,2554986496,5141110784,344,1045,626327,24,2516803584,1929,2015580,336340,7469190,22262,5264785408,1,26559:11,103.67728533507325,842544,323925128,2413748
37668638,26559,2564292608,5141110784,354,1045,628586,24,2516803584,1929,2015590,336341,7469264,22262,5255266304,1,26559:10,94.3064072131425,842544,323925128,2413748
37774613,26559,2573467648,5141110784,364,1046,630820,24,2516803584,1929,2015600,336345,7469335,22262,5247635456,1,26559:11,103.79830848766693,842544,323925128,2413748
37881103,26559,2582249472,5141110784,373,1048,632977,24,2516803584,1929,2015609,336347,7469408,22262,5238960128,1,26559:11,103.29540513866469,842544,323925128,2413748
37987079,26559,2591031296,5141110784,382,1049,635117,24,2516803584,1929,2015619,336349,7469481,22262,5230186496,1,26559:10,94.36131951358966,842544,323925128,2413748
38093150,26559,2599813120,5141110784,391,1050,637253,24,2516803584,1929,2015628,336350,7469555,22262,5221457920,1,26559:10,94.27662362187728,842544,323925128,2413748
38199152,26559,2608594944,5141110784,401,1051,639400,24,2516803584,1929,2015639,336352,7469628,22262,5212684288,1,26559:11,103.77113649422292,842544,323925128,2413748
38305178,26559,2617376768,5141110784,411,1052,641548,24,2516803584,1929,2015648,336353,7469702,22262,5203652608,1,26559:11,103.74874784693053,842544,323925128,2413748
38411386,26559,2626158592,5141110784,420,1053,643700,24,2516803584,1929,2015658,336354,7469775,22262,5194878976,1,26559:11,94.15497939738404,842544,323925128,2413748
38517520,26559,2635071488,5141110784,430,1054,645854,24,2516803584,1929,2015668,336356,7469849,22262,5186105344,1,26559:10,103.64171255945254,842544,323925128,2413748
38623515,26559,2643853312,5141110784,440,1054,648013,24,2516803584,1929,2015680,336357,7469921,22262,5176987648,1,26559:11,94.34470212467005,842544,323925128,2413748
38730051,26559,2645032960,5141110784,442,1057,648305,24,2524667904,1930,2015681,336361,7470000,22262,5176610816,1,26559:4,46.93238613515564,842557,323938440,2413840
38836193,26559,2645032960,5141110784,442,1059,648305,24,2532532224,1930,2015682,336362,7470082,22262,5176475648,1,26559:2,18.842616228299324,842572,323953800,2413932
38941595,26559,2645032960,5141110784,442,1061,648305,24,2540396544,1930,2015682,336365,7470163,22262,5176549376,1,26559:2,18.975007116813607,842588,323970184,2414024
39047779,26559,2645032960,5141110784,442,1063,648305,24,2548785152,1930,2015682,336369,7470245,22262,5176438784,1,26559:2,18.835252118137113,842603,323985544,2414124
39154267,26559,2645032960,5141110784,442,1065,648305,24,2556649472,1930,2015683,336371,7470327,22262,5176561664,1,26559:2,18.78151908663895,842618,324000904,2414216
39259976,26559,2645032960,5141110784,442,1067,648305,24,2564513792,1930,2015683,336373,7470408,22262,5176197120,1,26559:2,18.91987869368417,842633,324016264,2414312
39365600,26559,2645032960,5141110784,442,1069,648305,24,2571853824,1930,2015683,336375,7470490,22262,5176545280,1,26559:2,18.935006791560898,842650,324032648,2414404
39472074,26559,2645032960,5141110784,442,1072,648305,24,2580766720,1930,2015684,336378,7470572,22262,5176471552,1,26559:3,28.176037987159823,842665,324048008,2414508
39578268,26559,2645032960,5141110784,442,1073,648305,24,2588631040,1930,2015685,336379,7470654,22262,5176594432,1,26559:1,9.41665427591908,842680,324063368,2414600
39683936,26559,2645032960,5141110784,442,1075,648305,24,2596495360,1930,2015685,336380,7470736,22262,5176459264,1,26559:2,18.92732400638339,842695,324078728,2414700
39789304,26559,2645032960,5141110784,442,1076,648305,24,2604359680,1930,2015685,336381,7470819,22262,5176582144,1,26559:1,9.490534894993258,842711,324095112,2414792
39894927,26559,2645032960,5141110784,442,1077,648305,24,2612748288,1930,2015686,336383,7470901,22262,5176422400,1,26559:1,9.467600469986834,842726,324110472,2414888
40000627,26559,2645032960,5141110784,442,1078,648305,24,2620096512,1930,2015686,336384,7470984,22262,5176569856,1,26559:1,9.460767116462442,842741,324125832,2414992
40106451,26559,2653028352,5141110784,452,1079,650257,24,2620096512,1932,2015697,336388,7471055,22262,5168041984,1,26559:11,103.94621112422335,842743,324126872,2414996
40212420,26559,2661679104,5141110784,461,1081,652372,24,2620096512,1932,2015706,336390,7471128,22262,5159526400,1,26559:11,103.80365467000279,842743,324126872,2414996
40318474,26559,2670329856,5141110784,469,1083,654491,24,2620096512,1932,2015714,336394,7471202,22262,5150752768,1,26559:10,94.29199539881465,842743,324126872,2414996
40424479,26559,2679111680,5141110784,477,1085,656609,24,2620096512,1932,2015723,336396,7471275,22262,5141979136,1,26559:10,94.33517108937936,842743,324126872,2414996
40530481,26559,2687893504,5141110784,486,1087,658754,24,2620096512,1932,2015732,336400,7471346,22262,5132947456,1,26559:11,103.77089175732807,842743,324126872,2414996
40636870,26559,2696937472,5141110784,495,1089,660975,24,2620096512,1932,2015742,336406,7471413,22262,5123915776,1,26559:11,103.39464062151909,842743,324126872,2414996
40742993,26559,2705588224,5141110784,505,1089,663092,24,2620096512,1932,2015752,336407,7471487,22262,5115142144,1,26559:10,94.22998516480806,842743,324126872,2414996
40849163,26559,2714370048,5141110784,515,1090,665212,24,2620096512,1932,2015762,336408,7471560,22262,5106282496,1,26559:11,103.60738302443893,842743,324126872,2414996
40955664,26559,2723020800,5141110784,524,1091,667348,24,2620096512,1932,2015772,336412,7471631,22262,5098319872,1,26559:11,93.89602328088048,842743,324126872,2414996
41061868,26559,2731802624,5141110784,535,1091,669471,24,2620096512,1932,2015782,336413,7471705,22262,5089546240,1,26559:10,103.5747038860419,842743,324126872,2414996
41167884,26559,2740453376,5141110784,545,1092,671591,24,2620096512,1932,2015793,336414,7471778,22262,5081030656,1,26559:11,103.7579223536266,842743,324126872,2414996
41274086,26559,2748841984,5141110784,555,1092,673649,24,2621145088,1933,2015803,336415,7471852,22262,5072519168,1,26559:10,94.15985460136565,842743,324126872,2415000
41379506,26559,2748841984,5141110784,555,1094,673649,24,2629533696,1933,2015804,336417,7471934,22262,5072617472,1,26559:2,18.97172995958301,842760,324143256,2415096
41485933,26559,2748841984,5141110784,555,1096,673649,24,2637398016,1933,2015804,336419,7472016,22262,5072482304,1,26559:3,18.792232429922752,842775,324158616,2415188
41591815,26559,2748841984,5141110784,555,1099,673649,24,2645262336,1933,2015804,336422,7472097,22262,5072605184,1,26559:2,28.333371048198348,842791,324175000,2415284
41697638,26559,2748841984,5141110784,555,1100,673649,24,2653650944,1933,2015804,336424,7472179,22262,5072506880,1,26559:1,9.449756015804454,842806,324190360,2415376
41803735,26559,2748841984,5141110784,555,1103,673649,24,2661515264,1933,2015805,336430,7472258,22262,5071904768,1,26559:3,28.276056081711694,842821,324205720,2415472
41909595,26559,2748841984,5141110784,555,1106,673649,24,2669379584,1933,2015805,336433,7472339,22262,5072027648,1,26559:3,28.339359713920587,842837,324222104,2415564
42015296,26559,2748841984,5141110784,555,1108,673649,24,2677768192,1933,2015806,336436,7472421,22262,5071867904,1,26559:2,18.92131780961565,842852,324237464,2415664
42121602,26559,2748841984,5141110784,555,1110,673649,24,2685632512,1933,2015806,336438,7472502,22262,5071990784,1,26559:2,18.813607159616037,842867,324252824,2415756
42226889,26559,2748841984,5141110784,555,1113,673649,24,2693496832,1933,2015806,336440,7472583,22262,5071806464,1,26559:3,28.49346285879016,842883,324269208,2415848
42333152,26559,2748841984,5141110784,555,1115,673649,24,2701885440,1933,2015806,336442,7472666,22262,5072175104,1,26559:2,18.821168307271837,842898,324284568,2415944
42439476,26559,2748841984,5141110784,555,1117,673649,24,2709749760,1933,2015807,336444,7472747,22262,5072039936,1,26559:2,18.81042938614186,842913,324299928,2416040
42544790,26559,2748841984,5141110784,555,1119,673649,24,2717614080,1933,2015807,336446,7472829,22262,5072138240,1,26559:2,18.99094500347667,842929,324316312,2416140
42650905,26559,2750545920,5141110784,557,1120,674054,24,2723389440,1935,2015810,336449,7472908,22262,5069520896,1,26559:4,28.271148852508464,842942,324328616,2416208
42757357,26559,2759196672,5141110784,567,1121,676175,24,2723389440,1935,2015820,336452,7472980,22262,5061373952,1,26559:10,103.33308668038671,842942,324328616,2416208
42863330,26559,2767847424,5141110784,575,1123,678289,24,2723389440,1935,2015829,336454,7473054,22262,5052342272,1,26559:11,94.36313775739494,842942,324328616,2416208
42969435,26559,2776498176,5141110784,585,1124,680405,24,2723389440,1935,2015839,336455,7473127,22262,5043826688,1,26559:10,103.67138154999441,842942,324328616,2416208
43075494,26559,2785148928,5141110784,595,1124,682518,24,2723389440,1935,2015850,336456,7473201,22262,5035073536,1,26559:11,94.28688247324902,842942,324328616,2416208
43181717,26559,2793930752,5141110784,605,1126,684636,24,2723389440,1935,2015859,336457,7473274,22262,5026557952,1,26559:11,112.96966609132157,842942,324328616,2416208
43287737,26559,2802581504,5141110784,615,1126,686749,24,2723389440,1935,2015870,336458,7473348,22262,5017784320,1,26559:10,94.32182518089205,842942,324328616,2416208
43393813,26559,2811232256,5141110784,623,1128,688864,24,2723389440,1935,2015878,336460,7473422,22262,5009010688,1,26559:10,94.272550389998,842942,324328616,2416208
43499787,26559,2819883008,5141110784,634,1128,690987,24,2723389440,1935,2015890,336462,7473494,22262,5001293824,1,26559:11,103.79875708348669,842942,324328616,2416208
43606238,26559,2828664832,5141110784,643,1130,693116,24,2723389440,1935,2015900,336465,7473566,22262,4992446464,1,26559:11,103.33413796182091,842942,324328616,2416208
43712156,26559,2837315584,5141110784,653,1130,695229,24,2723389440,1935,2015910,336466,7473640,22262,4983414784,1,26559:10,94.41261962881414,842942,324328616,2416208
43818451,26559,2845966336,5141110784,662,1132,697350,24,2723389440,1935,2015920,336468,7473713,22262,4974899200,1,26559:11,103.48526227337797,842942,324328616,2416208
43924473,26559,2852651008,5141110784,670,1133,698993,24,2726010880,1936,2015928,336469,7473789,22262,4968452096,1,26559:9,84.88850889438687,842945,324331688,2416236
44030183,26559,2852651008,5141110784,670,1135,698993,24,2733875200,1936,2015928,336471,7473870,22262,4968316928,1,26559:2,18.919692018442234,842960,324347048,2416328
44135526,26559,2852651008,5141110784,670,1137,698993,24,2741739520,1936,2015928,336472,7473952,22262,4968439808,1,26559:2,18.985611858473924,842976,324363432,2416420
44241297,26559,2852651008,5141110784,670,1138,698993,24,2750128128,1936,2015929,336476,7474033,22262,4968341504,1,26559:1,9.454301141652245,842991,324378792,2416520
44347341,26559,2852651008,5141110784,670,1140,698993,24,2757992448,1936,2015929,336478,7474116,22262,4968464384,1,26559:2,18.860118040763787,843006,324394152,2416624
44453617,26559,2852651008,5141110784,670,1143,698993,24,2765856768,1936,2015930,336484,7474194,22262,4967628800,1,26559:3,28.228409573860823,843021,324409512,2416720
44559797,26559,2852651008,5141110784,670,1146,698993,24,2773721088,1936,2015930,336488,7474274,22262,4967751680,1,26559:3,28.253964603376637,843036,324425896,2416808
44665563,26559,2852651008,5141110784,670,1150,698993,24,2781585408,1936,2015930,336491,7474355,22262,4967616512,1,26559:4,37.81921580929449,843052,324441256,2416900
44771751,26559,2852651008,5141110784,670,1153,698993,24,2789974016,1936,2015931,336494,7474436,22262,4967714816,1,26559:3,28.252002285323297,843067,324456616,2416992
44878303,26559,2852651008,5141110784,670,1155,698993,24,2797838336,1936,2015932,336497,7474518,22262,4967579648,1,26559:2,18.7700694274836,843082,324471976,2417084
44983957,26559,2852651008,5141110784,670,1157,698993,24,2805702656,1936,2015932,336500,7474600,22262,4967444480,1,26559:2,18.92983204383475,843098,324488360,2417184
45091224,26559,2852651008,5141110784,670,1159,698993,24,2814091264,1936,2015932,336502,7474683,22262,4967555072,1,26559:2,18.645002243040384,843113,324503720,2417280
45197814,26559,2852651008,5141110784,670,1161,698993,24,2821955584,1936,2015932,336504,7474764,22262,4967518208,1,26559:2,18.763517413852917,843129,324519080,2417380
45303669,26559,2855141376,5141110784,672,1163,699590,24,2826682368,1938,2015936,336508,7474842,22262,4965625856,1,26559:5,37.78740426596555,843141,324530360,2417440
45410166,26559,2863923200,5141110784,682,1164,701729,24,2826682368,1938,2015946,336511,7474914,22262,4956618752,1,26559:10,103.2892227630592,843141,324530360,2417440
45516147,26559,2872573952,5141110784,692,1165,703857,24,2826682368,1938,2015956,336512,7474987,22262,4947845120,1,26559:11,103.79214607472636,843141,324530360,2417440
45622210,26559,2881486848,5141110784,701,1166,706035,24,2826682368,1938,2015966,336516,7475057,22262,4938297344,1,26559:10,94.2837346236075,843141,324530360,2417440
45728573,26559,2890530816,5141110784,711,1168,708240,24,2826682368,1938,2015975,336521,7475125,22262,4929523712,1,26559:12,112.82141481325996,843141,324530360,2417440
45834645,26559,2899312640,5141110784,721,1168,710380,24,2826682368,1938,2015986,336522,7475199,22262,4920750080,1,26559:10,94.27573482208042,843141,324530360,2417440
45940692,26559,2908094464,5141110784,731,1168,712516,24,2826682368,1938,2015996,336522,7475272,22262,4911976448,1,26559:10,94.29758904639206,843141,324530360,2417440
46046672,26559,2916745216,5141110784,740,1170,714645,24,2826682368,1938,2016006,336524,7475346,22262,4903202816,1,26559:11,103.79345253916998,843141,324530360,2417440
46152752,26559,2925527040,5141110784,750,1171,716789,24,2826682368,1938,2016016,336528,7475416,22262,4895154176,1,26559:11,103.69459114872397,843141,324530360,2417440
46259061,26559,2934308864,5141110784,760,1171,718936,24,2826682368,1938,2016027,336528,7475489,22262,4886122496,1,26559:11,94.06534407155709,843141,324530360,2417440
46365081,26559,2943221760,5141110784,771,1171,721087,24,2826682368,1938,2016037,336529,7475563,22262,4877348864,1,26559:10,103.75453811738467,843141,324530360,2417440
46471050,26559,2952003584,5141110784,781,1171,723230,24,2826682368,1938,2016049,336529,7475636,22262,4868575232,1,26559:11,94.3670335940034,843141,324530360,2417440
46577055,26559,2956460032,5141110784,787,1172,724337,24,2831400960,1939,2016054,336530,7475714,22262,4864229376,1,26559:6,66.03438678430801,843148,324537528,2417492
46683062,26559,2956460032,5141110784,787,1175,724337,24,2839265280,1939,2016055,336533,7475795,22262,4864352256,1,26559:3,28.300228826216877,843163,324552888,2417580
46788454,26559,2956460032,5141110784,787,1178,724337,24,2847129600,1939,2016056,336536,7475875,22262,4864217088,1,26559:3,28.46502009113304,843179,324569272,2417672
46894221,26559,2956460032,5141110784,787,1180,724337,24,2854993920,1939,2016056,336540,7475957,22262,4864339968,1,26559:2,18.90957804732625,843194,324584632,2417764
47000319,26559,2956460032,5141110784,787,1183,724337,24,2863382528,1939,2016056,336544,7476038,22262,4863283200,1,26559:3,28.27558969378507,843209,324599992,2417856
47106998,26559,2956460032,5141110784,787,1186,724337,24,2871246848,1939,2016057,336549,7476117,22262,4864057344,1,26559:3,28.121740778124256,843225,324615352,2417952
47212950,26559,2956460032,5141110784,787,1189,724337,24,2879111168,1939,2016057,336550,7476198,22262,4863922176,1,26559:3,28.314774823166683,843240,324630712,2418044
47318677,26559,2956460032,5141110784,787,1191,724337,24,2886975488,1939,2016058,336552,7476279,22262,4864045056,1,26559:2,18.91673953158275,843255,324646072,2418136
47424013,26559,2956460032,5141110784,788,1193,724337,24,2894839808,1939,2016058,336554,7476360,22262,4863909888,1,26559:3,28.480231344539476,843271,324662456,2418232
47529908,26559,2956460032,5141110784,788,1195,724337,24,2902704128,1939,2016058,336557,7476441,22262,4864032768,1,26559:2,18.886669547828106,843286,324677816,2418332
47635974,26559,2956460032,5141110784,788,1197,724337,24,2911092736,1939,2016059,336560,7476523,22262,4863873024,1,26559:2,18.856028331182568,843301,324693176,2418440
47742319,26559,2956460032,5141110784,788,1200,724337,24,2918957056,1939,2016060,336562,7476606,22262,4863995904,1,26559:3,28.210315575823603,843316,324708536,2418532
47848604,26559,2956460032,5141110784,788,1202,724337,24,2926821376,1939,2016060,336566,7476687,22262,4863860736,1,26559:2,18.817191427485973,843331,324723896,2418636
47953967,26559,2960654336,5141110784,791,1205,725352,24,2929975296,1941,2016065,336571,7476761,22262,4859203584,1,26559:6,56.94627210341079,843340,324732104,2418684
48060272,26559,2969436160,5141110784,801,1205,727483,24,2929975296,1941,2016075,336572,7476834,22262,4850487296,1,26559:10,94.06888263541953,843340,324732104,2418684
48166414,26559,2978086912,5141110784,811,1206,729626,24,2929975296,1941,2016086,336572,7476908,22262,4841713664,1,26559:11,103.63430821687412,843340,324732104,2418684
48272437,26559,2986868736,5141110784,821,1207,731769,24,2929975296,1941,2016096,336573,7476981,22262,4832940032,1,26559:11,103.75135666688769,843340,324732104,2418684
48378377,26559,2995650560,5141110784,830,1208,733903,24,2929975296,1941,2016106,336574,7477055,22262,4824166400,1,26559:10,94.39271676369437,843340,324732104,2418684
48484383,26559,3004432384,5141110784,841,1208,736041,24,2929975296,1941,2016117,336575,7477128,22262,4815392768,1,26559:11,103.76771028274146,843340,324732104,2418684
48590454,26559,3013083136,5141110784,850,1210,738169,24,2929975296,1941,2016127,336576,7477202,22262,4806361088,1,26559:11,103.70469270428153,843340,324732104,2418684
48696421,26559,3021864960,5141110784,859,1211,740309,24,2929975296,1941,2016136,336578,7477275,22262,4797587456,1,26559:10,94.36922252745843,843340,324732104,2418684
48802465,26559,3030646784,5141110784,870,1211,742448,24,2929975296,1941,2016148,336581,7477346,22262,4789379072,1,26559:11,103.73016013343471,843340,324732104,2418684
48908488,26559,3039559680,5141110784,880,1212,744604,24,2929975296,1941,2016157,336582,7477419,22262,4780605440,1,26559:11,103.75123532351532,843340,324732104,2418684
49014496,26559,3048210432,5141110784,889,1213,746745,24,2929975296,1941,2016167,336584,7477493,22262,4771831808,1,26559:10,94.33231722648951,843340,324732104,2418684
49120482,26559,3056992256,5141110784,898,1215,748887,24,2929975296,1941,2016176,336586,7477566,22262,4763058176,1,26559:11,103.78757664594596,843340,324732104,2418684
49226530,26559,3060269056,5141110784,901,1217,749681,24,2935742464,1942,2016180,336589,7477644,22263,4759928832,1,26559:5,47.148423728240104,843350,324741320,2418744
49332651,26559,3060269056,5141110784,901,1220,749681,24,2943606784,1942,2016180,336592,7477725,22263,4760051712,1,26559:3,28.26968362238001,843366,324757704,2418852
49438371,26559,3060269056,5141110784,901,1222,749681,24,2951471104,1942,2016181,336594,7477807,22263,4760125440,1,26559:2,18.91776838626186,843381,324773064,2418948
49544585,26559,3060269056,5141110784,901,1225,749681,24,2959859712,1942,2016181,336598,7477889,22263,4760014848,1,26559:3,28.244842868290153,843396,324788424,2419040
49651233,26559,3060269056,5141110784,901,1227,749681,24,2967724032,1942,2016182,336602,7477969,22263,4759855104,1,26559:2,18.75334987572577,843411,324803784,2419132
49757585,26559,3060269056,5141110784,901,1230,749681,24,2975588352,1942,2016182,336606,7478048,22263,4759695360,1,26559:3,28.208204683547383,843427,324820168,2419224
49863765,26559,3060269056,5141110784,901,1232,749681,24,2983976960,1942,2016183,336608,7478131,22263,4759855104,1,26559:2,18.835998399505215,843442,324835528,2419316
49970110,26559,3060269056,5141110784,901,1234,749681,24,2991841280,1942,2016184,336610,7478212,22263,4759719936,1,26559:2,18.80667827402312,843458,324850888,2419408
50076257,26559,3060269056,5141110784,901,1236,749681,24,2999705600,1942,2016184,336612,7478294,22263,4759842816,1,26559:3,18.841824690538104,843473,324866248,2419504
50182435,26559,3060269056,5141110784,901,1239,749681,24,3007569920,1942,2016185,336614,7478375,22263,4759707648,1,26559:2,28.254474717669986,843489,324882632,2419596
50288230,26559,3060269056,5141110784,901,1241,749681,24,3015958528,1942,2016185,336616,7478457,22263,4759867392,1,26559:2,18.90436501031914,843504,324897992,2419692
50394617,26559,3060269056,5141110784,901,1244,749681,24,3023822848,1942,2016186,336619,7478539,22263,4759732224,1,26559:3,28.199001935805086,843519,324913352,2419792
50500970,26559,3060269056,5141110784,901,1246,749681,24,3031687168,1942,2016186,336621,7478620,22263,4759855104,1,26559:2,18.80530039427005,843534,324928712,2419884
50606324,26559,3066167296,5141110784,907,1248,751121,24,3033268224,1944,2016194,336625,7478693,22263,4754214912,1,26559:8,75.93466820341983,843540,324933848,2419908
50712284,26559,3075211264,5141110784,917,1249,753314,24,3033268224,1944,2016204,336630,7478761,22263,4744667136,1,26559:11,103.81259493661807,843540,324933848,2419908
50819243,26559,3084255232,5141110784,926,1250,755516,24,3033268224,1944,2016214,336634,7478831,22263,4735893504,1,26559:11,93.49327389753994,843540,324933848,2419908
50925139,26559,3092905984,5141110784,936,1250,757657,24,3033268224,1944,2016224,336634,7478905,22263,4727119872,1,26559:9,94.43256745058605,843540,324933848,2419908
51031177,26559,3101687808,5141110784,946,1251,759795,24,3033268224,1944,2016234,336635,7478978,22263,4718391296,1,26559:11,103.73643747458812,843540,324933848,2419908
51137318,26559,3110469632,5141110784,956,1252,761933,24,3033268224,1944,2016244,336636,7479052,22263,4709617664,1,26559:11,103.63609695756075,843540,324933848,2419908
51243377,26559,3119251456,5141110784,965,1253,764066,24,3033268224,1944,2016254,336638,7479125,22263,4700844032,1,26559:10,94.28643797453422,843540,324933848,2419908
51349397,26559,3128033280,5141110784,975,1255,766220,24,3033268224,1944,2016263,336640,7479198,22263,4691750912,1,26559:12,113.18645818349884,843540,324933848,2419908
51455404,26559,3136815104,5141110784,983,1256,768365,24,3033268224,1944,2016273,336645,7479269,22263,4682674176,1,26559:10,84.90011944314804,843540,324933848,2419908
51561436,26559,3145596928,5141110784,993,1258,770504,24,3033268224,1944,2016282,336646,7479342,22263,4673642496,1,26559:11,113.17342538205864,843540,324933848,2419908
51667377,26559,3154378752,5141110784,1003,1258,772642,24,3033268224,1944,2016294,336647,7479416,22263,4664868864,1,26559:10,94.39223384497922,843540,324933848,2419908
51773494,26559,3163160576,5141110784,1012,1260,774787,24,3033268224,1944,2016302,336649,7479489,22263,4656095232,1,26559:11,103.65953594603612,843540,324933848,2419908
51879491,26559,3164078080,5141110784,1013,1262,775025,24,3041132544,1945,2016304,336651,7479569,22264,4655423488,1,26559:3,28.302531609564497,843554,324947160,2419996
51985158,26559,3164078080,5141110784,1013,1264,775025,24,3048996864,1945,2016304,336654,7479650,22264,4655288320,1,26559:2,18.927398700467517,843570,324962520,2420100
52090556,26559,3164078080,5141110784,1013,1266,775025,24,3056861184,1945,2016305,336657,7479732,22264,4655411200,1,26559:2,18.97575713247239,843585,324977880,2420196
52195921,26559,3164078080,5141110784,1013,1268,775025,24,3064725504,1945,2016305,336660,7479813,22264,4655276032,1,26559:2,18.981557803161817,843600,324993240,2420296
52301395,26559,3164078080,5141110784,1013,1271,775025,24,3072589824,1945,2016305,336665,7479891,22264,4656099328,1,26559:3,28.44305908627412,843616,325009624,2420400
52407586,26559,3164078080,5141110784,1013,1273,775025,24,3080978432,1945,2016306,336668,7479973,22264,4655706112,1,26559:2,18.833980897390035,843631,325024984,2420508
52514081,26559,3164078080,5141110784,1013,1275,775025,24,3088842752,1945,2016307,336671,7480055,22264,4655828992,1,26559:2,18.78024064775003,843646,325040344,2420612
52620266,26559,3164078080,5141110784,1013,1277,775025,24,3096707072,1945,2016307,336673,7480137,22264,4655693824,1,26559:2,18.835096731594636,843661,325055704,2420704
52725799,26559,3164078080,5141110784,1013,1280,775025,24,3104571392,1945,2016307,336676,7480218,22264,4655816704,1,26559:3,28.42709069525889,843677,325072088,2420804
52831893,26559,3164078080,5141110784,1013,1282,775025,24,3112960000,1945,2016308,336678,7480300,22264,4655718400,1,26559:2,18.8511926720739,843692,325087448,2420900
52938220,26559,3164078080,5141110784,1013,1284,775025,24,3120824320,1945,2016308,336680,7480383,22264,4655841280,1,26559:2,18.80995030947212,843707,325102808,2420988
53044512,26559,3164078080,5141110784,1013,1286,775025,24,3128688640,1945,2016309,336682,7480464,22264,4655706112,1,26559:2,18.816107099475264,843722,325118168,2421088
53149915,26559,3164078080,5141110784,1013,1288,775025,24,3136552960,1945,2016309,336684,7480545,22264,4655828992,1,26559:2,18.974804590346775,843737,325133528,2421176
53255190,26559,3171680256,5141110784,1021,1289,776887,24,3136569344,1947,2016320,336686,7480617,22264,4647522304,1,26559:9,85.49023453599919,843740,325135608,2421184
53361171,26559,3180462080,5141110784,1030,1291,779018,24,3136569344,1947,2016328,336688,7480690,22264,4638748672,1,26559:11,103.79230962582051,843740,325135608,2421184
53467182,26559,3189112832,5141110784,1039,1292,781146,24,3136569344,1947,2016339,336689,7480764,22264,4629975040,1,26559:11,94.32957298238028,843740,325135608,2421184
53573214,26559,3197894656,5141110784,1049,1293,783272,24,3136569344,1947,2016348,336691,7480837,22264,4621459456,1,26559:10,103.74226648558927,843740,325135608,2421184
53679234,26559,3206676480,5141110784,1058,1295,785405,24,3136569344,1947,2016358,336692,7480910,22264,4612685824,1,26559:11,103.75372194076091,843740,325135608,2421184
53785221,26559,3215720448,5141110784,1068,1295,787623,24,3136569344,1947,2016368,336693,7480984,22264,4603654144,1,26559:10,94.3512670120288,843740,325135608,2421184
53891148,26559,3224371200,5141110784,1077,1297,789752,24,3136569344,1947,2016378,336694,7481057,22264,4594880512,1,26559:12,103.84538419209484,843740,325135608,2421184
53997190,26559,3233153024,5141110784,1086,1298,791884,24,3136569344,1947,2016386,336696,7481131,22264,4586106880,1,26559:9,94.30192411288412,843740,325135608,2421184
54103202,26559,3241934848,5141110784,1095,1300,794024,24,3136569344,1947,2016396,336701,7481201,22264,4577067008,1,26559:11,103.76175508669601,843740,325135608,2421184
54209166,26559,3250716672,5141110784,1105,1301,796159,24,3136569344,1947,2016406,336702,7481275,22264,4568293376,1,26559:11,103.8094922172844,843740,325135608,2421184
54315115,26559,3259498496,5141110784,1115,1302,798300,24,3136569344,1947,2016417,336702,7481348,22264,4559519744,1,26559:11,103.82353577997839,843740,325135608,2421184
54421206,26559,3267887104,5141110784,1124,1303,800369,24,3137896448,1948,2016426,336704,7481423,22265,4551503872,1,26559:10,94.25803697514687,843743,325136152,2421192
54527654,26559,3267887104,5141110784,1124,1305,800369,24,3145760768,1948,2016426,336706,7481505,22265,4551368704,1,26559:2,18.78855458371966,843758,325151512,2421296
54634089,26559,3267887104,5141110784,1124,1307,800369,24,3153625088,1948,2016427,336708,7481586,22265,4551491584,1,26559:2,18.790871319549478,843773,325166872,2421388
54739537,26559,3267887104,5141110784,1125,1309,800369,24,3161489408,1948,2016427,336710,7481668,22265,4551356416,1,26559:3,28.449959707270395,843789,325183256,2421480
54845319,26559,3267887104,5141110784,1125,1311,800369,24,3169353728,1948,2016428,336711,7481749,22265,4551479296,1,26559:2,18.906755257923734,843804,325198616,2421572
54951253,26559,3267887104,5141110784,1125,1313,800369,24,3177742336,1948,2016428,336717,7481828,22265,4551847936,1,26559:2,18.879761069826948,843819,325213976,2421668
55057579,26559,3267887104,5141110784,1125,1315,800369,24,3185606656,1948,2016429,336720,7481910,22265,4551970816,1,26559:2,18.80997985300678,843834,325229336,2421768
55163952,26559,3267887104,5141110784,1125,1317,800369,24,3193470976,1948,2016430,336722,7481992,22265,4551835648,1,26559:2,18.801911902494865,843849,325244696,2421860
55269289,26559,3267887104,5141110784,1125,1320,800369,24,3201335296,1948,2016430,336725,7482073,22265,4551958528,1,26559:3,28.47998368362748,843865,325261080,2421964
55374957,26559,3267887104,5141110784,1125,1322,800369,24,3209199616,1948,2016430,336727,7482155,22265,4551774208,1,26559:2,18.927167096990008,843880,325276440,2422052
55481369,26559,3267887104,5141110784,1125,1324,800369,24,3217588224,1948,2016431,336729,7482237,22265,4551921664,1,26559:2,18.794859335325814,843895,325291800,2422152
55587417,26559,3267887104,5141110784,1125,1326,800369,24,3225452544,1948,2016432,336732,7482319,22265,4551786496,1,26559:2,18.859354730761165,843910,325307160,2422252
55693106,26559,3267887104,5141110784,1125,1328,800369,24,3233316864,1948,2016432,336734,7482400,22265,4551909376,1,26559:2,18.923503572388466,843925,325322520,2422348
55798409,26559,3268018176,5141110784,1125,1330,800405,24,3240128512,1950,2016433,336743,7482474,22265,4551245824,1,26559:2,18.992755849538515,843941,325337872,2422432
55904283,26559,3276931072,5141110784,1133,1332,802567,24,3240128512,1950,2016442,336750,7482541,22265,4542779392,1,26559:10,94.45211511060617,843941,325337872,2422432
56010452,26559,3285712896,5141110784,1142,1334,804705,24,3240128512,1950,2016452,336752,7482615,22265,4534005760,1,26559:11,103.60803490483113,843941,325337872,2422432
56116486,26559,3294363648,5141110784,1153,1334,806842,24,3240128512,1950,2016462,336752,7482688,22265,4525281280,1,26559:11,103.74018643771346,843941,325337872,2422432
56222524,26559,3303145472,5141110784,1162,1335,808977,24,3240128512,1950,2016473,336753,7482762,22265,4516507648,1,26559:10,94.3065930918063,843941,325337872,2422432
56328549,26559,3311927296,5141110784,1172,1337,811118,24,3240128512,1950,2016482,336755,7482835,22265,4507734016,1,26559:12,113.18040736231758,843941,325337872,2422432
56434634,26559,3320840192,5141110784,1181,1338,813280,24,3240128512,1950,2016492,336757,7482909,22265,4498960384,1,26559:10,94.26410819800243,843941,325337872,2422432
56540566,26559,3329490944,5141110784,1191,1338,815414,24,3240128512,1950,2016502,336758,7482982,22265,4490186752,1,26559:10,94.40014203822972,843941,325337872,2422432
56646582,26559,3338272768,5141110784,1200,1340,817551,24,3240128512,1950,2016512,336759,7483056,22265,4481413120,1,26559:11,103.75771780560727,843941,325337872,2422432
56752731,26559,3347054592,5141110784,1209,1341,819696,24,3240128512,1950,2016521,336763,7483126,22265,4472172544,1,26559:10,94.20727563920249,843941,325337872,2422432
56858844,26559,3355836416,5141110784,1219,1342,821839,24,3240128512,1950,2016531,336765,7483200,22265,4463398912,1,26559:11,103.66344347492529,843941,325337872,2422432
56964791,26559,3364618240,5141110784,1228,1343,823973,24,3240128512,1950,2016541,336766,7483273,22265,4454625280,1,26559:10,94.38655412945234,843941,325337872,2422432
57070791,26559,3371696128,5141110784,1236,1345,825713,24,3242229760,1951,2016549,336768,7483348,22266,4448235520,1,26559:10,94.33954699187271,843944,325339928,2422448
57176431,26559,3371696128,5141110784,1236,1347,825713,24,3250094080,1951,2016550,336770,7483429,22266,4448100352,1,26559:2,18.932310816896273,843960,325356312,2422556
57282108,26559,3371696128,5141110784,1236,1349,825713,24,3258482688,1951,2016550,336772,7483511,22266,4448423936,1,26559:2,18.925517914540404,843975,325371672,2422652
57388154,26559,3371696128,5141110784,1236,1351,825713,24,3266347008,1951,2016550,336776,7483593,22266,4448288768,1,26559:2,18.8597845741107,843990,325387032,2422756
57494787,26559,3371696128,5141110784,1236,1353,825713,24,3274211328,1951,2016550,336778,7483675,22266,4448411648,1,26559:2,18.75588518648653,844005,325402392,2422848
57600605,26559,3371696128,5141110784,1236,1355,825713,24,3282075648,1951,2016550,336784,7483753,22266,4448755712,1,26559:2,18.900427379298968,844020,325417752,2422944
57706241,26559,3371696128,5141110784,1236,1357,825713,24,3290464256,1951,2016551,336787,7483836,22266,4448595968,1,26559:2,18.932945442720282,844036,325434136,2423036
57812614,26559,3371696128,5141110784,1236,1360,825713,24,3298328576,1951,2016551,336788,7483917,22266,4448718848,1,26559:3,28.202569581238656,844051,325449496,2423132
57917994,26559,3371696128,5141110784,1236,1362,825713,24,3306192896,1951,2016552,336790,7483998,22266,4448583680,1,26559:2,18.97885594127866,844067,325465880,2423224
58024005,26559,3371696128,5141110784,1236,1363,825713,24,3314581504,1951,2016552,336792,7484081,22266,4448743424,1,26559:2,9.43302038596448,844082,325481240,2423320
58130082,26559,3371696128,5141110784,1236,1366,825713,24,3322445824,1951,2016552,336794,7484162,22266,4448608256,1,26559:2,28.281220690639095,844097,325496600,2423416
58235615,26559,3371696128,5141110784,1236,1368,825713,24,3330834432,1951,2016553,336796,7484244,22266,4448706560,1,26559:2,18.951550749016928,844113,325512984,2423516
58341911,26559,3371696128,5141110784,1236,1370,825713,24,3338698752,1951,2016554,336798,7484326,22266,4448571392,1,26559:2,18.81528114668,844128,325528344,2423608
58447723,26559,3373662208,5141110784,1238,1371,826190,24,3344461824,1953,2016556,336801,7484406,22266,4445585408,1,26559:3,28.352114435484733,844141,325541648,2423684
58554646,26559,3382444032,5141110784,1246,1373,828342,24,3344461824,1953,2016566,336806,7484477,22266,4437315584,1,26559:10,93.52529874762799,844141,325541648,2423684
58660608,26559,3391225856,5141110784,1256,1374,830489,24,3344461824,1953,2016575,336807,7484551,22266,4428283904,1,26559:11,103.81145160166206,844141,325541648,2423684
58766623,26559,3400007680,5141110784,1266,1375,832624,24,3344461824,1953,2016586,336808,7484624,22266,4419510272,1,26559:11,103.7582482619456,844141,325541648,2423684
58872675,26559,3408920576,5141110784,1277,1375,834781,24,3344461824,1953,2016596,336808,7484698,22266,4410478592,1,26559:11,103.72319109112082,844141,325541648,2423684
58978691,26559,3417571328,5141110784,1287,1376,836918,24,3344461824,1953,2016608,336809,7484771,22266,4401704960,1,26559:11,103.75763657384248,844141,325541648,2423684
59084627,26559,3426353152,5141110784,1296,1377,839058,24,3344461824,1953,2016617,336810,7484845,22266,4392964096,1,26559:10,94.39668900215045,844141,325541648,2423684
59190777,26559,3435134976,5141110784,1306,1378,841201,24,3344461824,1953,2016627,336812,7484918,22266,4384190464,1,26559:11,103.62714801414114,844141,325541648,2423684
59296814,26559,3443916800,5141110784,1315,1379,843351,24,3344461824,1953,2016637,336816,7484989,22266,4375867392,1,26559:10,94.3064819202686,844141,325541648,2423684
59402785,26559,3452829696,5141110784,1325,1380,845514,24,3344461824,1953,2016648,336816,7485062,22266,4366835712,1,26559:11,103.80247137075939,844141,325541648,2423684
59508737,26559,3461611520,5141110784,1335,1381,847664,24,3344461824,1953,2016658,336817,7485136,22266,4358062080,1,26559:11,103.81986113961439,844141,325541648,2423684
59614698,26559,3470655488,5141110784,1345,1381,849869,24,3344461824,1953,2016669,336818,7485209,22266,4349030400,1,26559:10,94.37456616011937,844141,325541648,2423684
59720742,26559,3475505152,5141110784,1350,1382,851057,24,3349184512,1954,2016674,336819,7485286,22267,4344463360,1,26559:7,56.58039840748056,844149,325548824,2423728
59826852,26559,3475505152,5141110784,1350,1384,851057,24,3357048832,1954,2016675,336821,7485368,22267,4344586240,1,26559:1,18.84827626717692,844164,325564184,2423820
59932378,26559,3475505152,5141110784,1350,1386,851057,24,3364913152,1954,2016675,336824,7485449,22267,4344451072,1,26559:2,18.95280789686936,844179,325579544,2423924
60037772,26559,3475505152,5141110784,1350,1388,851057,24,3372777472,1954,2016675,336826,7485531,22267,4344573952,1,26559:2,18.97639485444806,844195,325595928,2424012
60143616,26559,3475505152,5141110784,1350,1391,851057,24,3381166080,1954,2016676,336831,7485610,22267,4343881728,1,26559:3,28.34357671770554,844210,325611288,2424112
60249973,26559,3475505152,5141110784,1350,1393,851057,24,3389030400,1954,2016677,336834,7485692,22267,4344004608,1,26559:2,18.804652018927147,844225,325626648,2424212
60356074,26559,3475505152,5141110784,1350,1395,851057,24,3396894720,1954,2016677,336836,7485773,22267,4343869440,1,26559:2,18.84981572373024,844240,325642008,2424300
60461538,26559,3475505152,5141110784,1350,1397,851057,24,3404759040,1954,2016677,336838,7485855,22267,4343992320,1,26559:2,18.963829983650903,844256,325658392,2424396
60567391,26559,3475505152,5141110784,1350,1399,851057,24,3413147648,1954,2016678,336840,7485937,22267,4343894016,1,26559:2,18.89417067032569,844271,325673752,2424492
60673562,26559,3475505152,5141110784,1350,1401,851057,24,3421011968,1954,2016678,336844,7486019,22267,4344016896,1,26559:2,18.837602563564122,844287,325689112,2424592
60779809,26559,3475505152,5141110784,1350,1403,851057,24,3428876288,1954,2016678,336845,7486101,22267,4343881728,1,26559:2,18.824046740861018,844302,325704472,2424680
60885191,26559,3475505152,5141110784,1350,1405,851057,24,3436740608,1954,2016678,336852,7486175,22267,4343746560,1,26559:2,18.97852564640289,844318,325720856,2424780
60991664,26559,3475505152,5141110784,1350,1407,851057,24,3445129216,1954,2016679,336856,7486255,22267,4343316480,1,26559:2,18.784106478233525,844333,325736216,2424880
61098221,26559,3479437312,5141110784,1354,1410,852019,24,3448795136,1956,2016684,336861,7486331,22267,4339773440,1,26559:7,65.69252041479534,844342,325745424,2424932
61204296,26559,3488219136,5141110784,1363,1411,854166,24,3448795136,1956,2016694,336862,7486404,22267,4330999808,1,26559:10,94.27303119612445,844342,325745424,2424932
61310281,26559,3497000960,5141110784,1373,1412,856315,24,3448795136,1956,2016705,336863,7486477,22267,4321968128,1,26559:11,103.78839335529344,844342,325745424,2424932
61416275,26559,3505913856,5141110784,1382,1413,858464,24,3448795136,1956,2016715,336864,7486551,22267,4313194496,1,26559:11,94.34510978869667,844342,325745424,2424932
61522366,26559,3514564608,5141110784,1392,1414,860604,24,3448795136,1956,2016725,336865,7486624,22267,4304420864,1,26559:10,103.68404395219409,844342,325745424,2424932
61628353,26559,3523477504,5141110784,1402,1415,862755,24,3448795136,1956,2016735,336866,7486698,22267,4295647232,1,26559:11,103.78639371323166,844342,325745424,2424932
61734389,26559,3532259328,5141110784,1412,1415,864910,24,3448795136,1956,2016746,336867,7486771,22267,4286873600,1,26559:10,94.30777864138554,844342,325745424,2424932
61840271,26559,3541041152,5141110784,1421,1416,867058,24,3448795136,1956,2016756,336871,7486842,22267,4277583872,1,26559:11,94.44434716676687,844342,325745424,2424932
61946317,26559,3549822976,5141110784,1430,1418,869200,24,3448795136,1956,2016766,336872,7486915,22267,4268810240,1,26559:10,103.72922207025157,844342,325745424,2424932
62052294,26559,3558604800,5141110784,1441,1418,871343,24,3448795136,1956,2016776,336873,7486989,22267,4260052992,1,26559:11,103.79590102438061,844342,325745424,2424932
62158302,26559,3567386624,5141110784,1450,1419,873488,24,3448795136,1956,2016786,336874,7487062,22267,4251279360,1,26559:10,94.33265092464771,844342,325745424,2424932
62264212,26559,3576168448,5141110784,1459,1420,875624,24,3448795136,1956,2016796,336876,7487136,22267,4242505728,1,26559:11,94.41952739344178,844342,325745424,2424932
62370326,26559,3579314176,5141110784,1463,1422,876401,24,3454566400,1957,2016799,336878,7487214,22267,4239454208,1,26559:5,56.54285292826058,844352,325754648,2424992
62475614,26559,3579314176,5141110784,1463,1424,876401,24,3462430720,1957,2016799,336881,7487295,22267,4239577088,1,26559:2,18.995544300653343,844367,325770008,2425084
62580915,26559,3579314176,5141110784,1463,1426,876401,24,3470295040,1957,2016800,336882,7487377,22267,4239699968,1,26559:2,18.99321434179514,844383,325786392,2425188
62686837,26559,3579314176,5141110784,1463,1429,876401,24,3478159360,1957,2016800,336888,7487456,22267,4240130048,1,26559:3,28.322704782053627,844399,325801752,2425284
62793109,26559,3579314176,5141110784,1463,1431,876401,24,3486547968,1957,2016801,336891,7487538,22267,4240252928,1,26559:2,18.819581816282923,844414,325817112,2425384
62899287,26559,3579314176,5141110784,1463,1433,876401,24,3494412288,1957,2016801,336894,7487620,22267,4240117760,1,26559:2,18.836412454180074,844429,325832472,2425472
63005368,26559,3579314176,5141110784,1463,1435,876401,24,3502276608,1957,2016801,336896,7487702,22267,4240240640,1,26559:2,18.853473163259295,844445,325848856,2425576
63111026,26559,3579314176,5141110784,1463,1437,876401,24,3510140928,1957,2016801,336899,7487784,22267,4240056320,1,26559:2,18.928898976267412,844460,325864216,2425668
63217374,26559,3579314176,5141110784,1463,1439,876401,24,3518529536,1957,2016802,336900,7487866,22267,4240203776,1,26559:2,18.806324412688127,844475,325879576,2425760
63323609,26559,3579314176,5141110784,1463,1441,876401,24,3526393856,1957,2016802,336902,7487947,22267,4239937536,1,26559:2,18.82603269825846,844490,325894936,2425852
63429178,26559,3579314176,5141110784,1463,1443,876401,24,3534258176,1957,2016803,336906,7488029,22267,4240060416,1,26559:2,18.9449687117211,844505,325910296,2425948
63534490,26559,3579314176,5141110784,1463,1444,876401,24,3542122496,1957,2016804,336910,7488106,22269,4239421440,1,26559:2,9.495649046128818,844520,325925656,2426036
63640088,26559,3579314176,5141110784,1463,1447,876401,24,3549986816,1957,2016804,336912,7488187,22269,4239544320,1,26559:2,28.409458402653197,844535,325941016,2426128
63745380,26559,3584163840,5141110784,1468,1449,877584,24,3553128448,1959,2016810,336914,7488264,22269,4234223616,1,26559:7,66.48214263056087,844543,325949200,2426176
63851339,26559,3592945664,5141110784,1478,1449,879717,24,3553128448,1959,2016821,336915,7488337,22269,4225708032,1,26559:10,94.37612394295557,844543,325949200,2426176
63957466,26559,3601727488,5141110784,1487,1451,881860,24,3553128448,1959,2016830,336916,7488411,22269,4216934400,1,26559:11,103.64940314245015,844543,325949200,2426176
64063411,26559,3610378240,5141110784,1495,1453,883986,24,3553128448,1959,2016840,336918,7488485,22269,4208160768,1,26559:11,94.38878138740824,844543,325949200,2426176
64169625,26559,3619291136,5141110784,1506,1453,886140,24,3553128448,1959,2016850,336919,7488558,22269,4199387136,1,26559:10,103.56381444546685,844543,325949200,2426176
64275566,26559,3627941888,5141110784,1516,1454,888283,24,3553128448,1959,2016861,336920,7488632,22269,4190613504,1,26559:11,103.83186494781886,844543,325949200,2426176
64381536,26559,3636854784,5141110784,1526,1454,890443,24,3553128448,1959,2016871,336923,7488702,22269,4182122496,1,26559:10,94.36643962510215,844543,325949200,2426176
64487452,26559,3645636608,5141110784,1536,1455,892597,24,3553128448,1959,2016882,336924,7488776,22269,4173348864,1,26559:11,103.85559751552486,844543,325949200,2426176
64593433,26559,3654549504,5141110784,1544,1458,894751,24,3553128448,1959,2016890,336926,7488849,22269,4164575232,1,26559:11,103.7925544637512,844543,325949200,2426176
64699433,26559,3663331328,5141110784,1554,1458,896896,24,3553128448,1959,2016901,336927,7488923,22269,4155801600,1,26559:10,94.33913937591811,844543,325949200,2426176
64805499,26559,3672113152,5141110784,1564,1459,899049,24,3553128448,1959,2016911,336928,7488996,22269,4146769920,1,26559:11,103.7092157263033,844543,325949200,2426176
64911412,26559,3681026048,5141110784,1574,1459,901224,24,3553128448,1959,2016922,336929,7489070,22269,4137738240,1,26559:10,94.41752155044524,844543,325949200,2426176
65017452,26559,3683123200,5141110784,1576,1461,901745,24,3559948288,1960,2016924,336930,7489149,22270,4135895040,1,26559:4,37.721303223874756,844555,325960472,2426252
65122762,26559,3683123200,5141110784,1576,1463,901745,24,3567812608,1960,2016925,336935,7489228,22270,4135612416,1,26559:2,18.991688705255296,844570,325975832,2426352
65228077,26559,3683123200,5141110784,1576,1466,901745,24,3575676928,1960,2016925,336937,7489309,22270,4135575552,1,26559:3,28.48575238093176,844586,325992216,2426444
65334039,26559,3683123200,5141110784,1576,1468,901745,24,3583541248,1960,2016925,336940,7489391,22270,4135673856,1,26559:2,18.874764849921792,844601,326007576,2426544
65440137,26559,3683123200,5141110784,1576,1470,901745,24,3591929856,1960,2016925,336944,7489473,22270,4135796736,1,26559:2,18.85052655929859,844616,326022936,2426644
65545917,26559,3683123200,5141110784,1576,1472,901745,24,3599794176,1960,2016926,336946,7489554,22270,4135661568,1,26559:2,18.907134893795266,844631,326038296,2426732
65651209,26559,3683123200,5141110784,1576,1474,901745,24,3607658496,1960,2016926,336948,7489636,22270,4135784448,1,26559:2,18.99486776718055,844647,326054680,2426824
65757164,26559,3683123200,5141110784,1576,1476,901745,24,3616047104,1960,2016926,336950,7489718,22270,4135624704,1,26559:2,18.875915273075933,844662,326070040,2426916
65863425,26559,3683123200,5141110784,1576,1478,901745,24,3623911424,1960,2016927,336954,7489800,22270,4135747584,1,26559:2,18.821537251690046,844677,326085400,2427020
65969495,26559,3683123200,5141110784,1576,1480,901745,24,3631775744,1960,2016928,336964,7489871,22270,4140994560,1,26559:2,18.85545075821727,844692,326100760,2427120
66075490,26559,3683123200,5141110784,1576,1483,901745,24,3639640064,1960,2016928,336967,7489950,22270,4140191744,1,26559:3,28.303265909136044,844707,326116120,2427212
66181114,26559,3683123200,5141110784,1576,1485,901745,24,3648028672,1960,2016928,336969,7490032,22270,4140548096,1,26559:2,18.935126184296283,844723,326132504,2427300
66287425,26559,3683123200,5141110784,1576,1487,901745,24,3655892992,1960,2016929,336972,7490114,22270,4140412928,1,26559:2,18.812648529975412,844738,326147864,2427400
66393463,26559,3689938944,5141110784,1583,1488,903402,24,3657461760,1962,2016937,336972,7490190,22270,4133494784,1,26559:8,75.44465191723722,844743,326152976,2427428
66499405,26559,3699245056,5141110784,1593,1488,905666,24,3657461760,1962,2016949,336972,7490263,22270,4124205056,1,26559:11,94.39119407182524,844743,326152976,2427428
66605428,26559,3708420096,5141110784,1603,1490,907929,24,3657461760,1962,2016958,336974,7490337,22270,4114915328,1,26559:11,113.18374334725998,844743,326152976,2427428
66711483,26559,3717726208,5141110784,1611,1492,910195,24,3657461760,1962,2016967,336976,7490410,22270,4105625600,1,26559:10,94.29014255490928,844743,326152976,2427428
66817599,26559,3726901248,5141110784,1621,1493,912431,24,3657461760,1962,2016977,336980,7490481,22270,4096520192,1,26559:11,103.66075701716888,844743,326152976,2427428
66923519,26559,3736207360,5141110784,1631,1493,914684,24,3657461760,1962,2016988,336981,7490555,22270,4086972416,1,26559:10,94.41039124572472,844743,326152976,2427428
67029527,26559,3745382400,5141110784,1641,1494,916929,24,3657461760,1962,2016998,336982,7490628,22270,4077953024,1,26559:11,103.7654667262683,844743,326152976,2427428
67135817,26559,3754557440,5141110784,1651,1494,919187,24,3657461760,1962,2017009,336982,7490702,22270,4068405248,1,26559:10,94.0826376917984,844743,326152976,2427428
67241885,26559,3763863552,5141110784,1661,1495,921446,24,3657461760,1962,2017019,336983,7490775,22270,4059115520,1,26559:11,103.70726019928142,844743,326152976,2427428
67347920,26559,3773038592,5141110784,1671,1496,923703,24,3657461760,1962,2017029,336984,7490849,22270,4049944576,1,26559:11,103.73900458501882,844743,326152976,2427428
67454024,26559,3782344704,5141110784,1679,1498,925967,24,3657461760,1962,2017039,336986,7490922,22270,4040654848,1,26559:10,94.24704359276366,844743,326152976,2427428
67560032,26559,3786932224,5141110784,1684,1500,927089,24,3662184448,1963,2017044,336991,7490996,22270,4036878336,1,26559:7,66.03295904971705,844751,326160152,2427476
67665633,26559,3786932224,5141110784,1684,1502,927089,24,3670048768,1963,2017044,336994,7491078,22270,4036694016,1,26559:2,18.93910823864182,844767,326176536,2427572
67771839,26559,3786932224,5141110784,1684,1504,927089,24,3678437376,1963,2017044,336996,7491160,22270,4036902912,1,26559:2,18.831439147918054,844782,326191896,2427672
67878295,26559,3786932224,5141110784,1684,1506,927089,24,3686301696,1963,2017045,336998,7491242,22270,4036767744,1,26559:2,18.78715006279323,844797,326207256,2427764
67983589,26559,3786932224,5141110784,1684,1508,927089,24,3694166016,1963,2017046,337000,7491323,22270,4036890624,1,26559:2,18.994334151574428,844813,326223640,2427852
68089555,26559,3786932224,5141110784,1684,1510,927089,24,3702554624,1963,2017046,337001,7491406,22270,4036730880,1,26559:3,18.87394834477785,844828,326239000,2427956
68195724,26559,3786932224,5141110784,1685,1511,927089,24,3710418944,1963,2017047,337003,7491487,22270,4036853760,1,26559:1,18.837964877763604,844844,326254360,2428052
68301112,26559,3786932224,5141110784,1685,1513,927089,24,3718283264,1963,2017047,337005,7491569,22270,4036718592,1,26559:2,18.977482789676685,844860,326270744,2428148
68407280,26559,3786932224,5141110784,1685,1516,927089,24,3726671872,1963,2017047,337011,7491648,22270,4036419584,1,26559:3,28.257013854724715,844875,326286104,2428240
68513176,26559,3786932224,5141110784,1685,1518,927089,24,3734536192,1963,2017047,337013,7491729,22270,4036284416,1,26559:2,18.886558077771447,844890,326301464,2428336
68618486,26559,3786932224,5141110784,1685,1520,927089,24,3742924800,1963,2017048,337016,7491811,22270,4036382720,1,26559:2,18.991546055709897,844906,326317848,2428432
68724697,26559,3786932224,5141110784,1685,1522,927089,24,3750789120,1963,2017048,337018,7491893,22270,4036247552,1,26559:2,18.830456538581338,844921,326333208,2428524
68830883,26559,3786932224,5141110784,1685,1524,927089,24,3758653440,1963,2017048,337020,7491975,22270,4036321280,1,26559:2,18.834764326526933,844937,326349592,2428616
68937204,26559,3792306176,5141110784,1691,1525,928386,24,3761795072,1965,2017054,337021,7492052,22270,4030730240,1,26559:7,65.83825711009442,844944,326356752,2428660
69043193,26559,3801481216,5141110784,1699,1527,930641,24,3761795072,1965,2017064,337023,7492126,22270,4021497856,1,26559:11,94.34967177164437,844944,326356752,2428660
69149375,26559,3810787328,5141110784,1710,1527,932899,24,3761795072,1965,2017075,337025,7492197,22270,4012531712,1,26559:10,103.59628475092637,844944,326356752,2428660
69255332,26559,3819962368,5141110784,1720,1527,935151,24,3761795072,1965,2017086,337026,7492270,22270,4002754560,1,26559:11,94.37716427482687,844944,326356752,2428660
69362034,26559,3829268480,5141110784,1731,1528,937432,24,3761795072,1965,2017097,337027,7492344,22270,3993870336,1,26559:11,112.46354986059299,844944,326356752,2428660
69468047,26559,3838574592,5141110784,1741,1528,939693,24,3761795072,1965,2017108,337027,7492417,22270,3984580608,1,26559:10,94.32734940751861,844944,326356752,2428660
69574230,26559,3847880704,5141110784,1750,1529,941962,24,3761795072,1965,2017118,337028,7492491,22270,3975290880,1,26559:10,94.17781183373025,844944,326356752,2428660
69680204,26559,3857186816,5141110784,1760,1530,944221,24,3761795072,1965,2017128,337029,7492564,22270,3966001152,1,26559:12,103.79822719233296,844944,326356752,2428660
69786359,26559,3866361856,5141110784,1770,1531,946490,24,3761795072,1965,2017139,337030,7492638,22270,3956711424,1,26559:10,103.62214505093806,844944,326356752,2428660
69892328,26559,3875536896,5141110784,1779,1532,948722,24,3761795072,1965,2017148,337034,7492709,22270,3947761664,1,26559:11,94.36781279992745,844944,326356752,2428660
69998363,26559,3884711936,5141110784,1789,1533,950944,24,3761795072,1965,2017159,337035,7492782,22270,3938471936,1,26559:10,103.73916796867968,844944,326356752,2428660
70104356,26559,3890741248,5141110784,1796,1534,952433,24,3765469184,1966,2017166,337036,7492858,22271,3932577792,1,26559:8,75.47650368795651,844950,326361880,2428696
70210732,26559,3890741248,5141110784,1796,1536,952433,24,3773333504,1966,2017166,337038,7492940,22271,3932700672,1,26559:2,18.801241844585327,844966,326377240,2428796
70316204,26559,3890741248,5141110784,1796,1538,952433,24,3781197824,1966,2017166,337040,7493021,22271,3932540928,1,26559:2,18.962458825628,844982,326393624,2428892
70422407,26559,3890741248,5141110784,1796,1540,952433,24,3789586432,1966,2017167,337043,7493104,22271,3932663808,1,26559:2,18.831749448243865,844997,326408984,2428984
70528682,26559,3890741248,5141110784,1796,1542,952433,24,3797450752,1966,2017167,337045,7493185,22271,3932528640,1,26559:2,18.819102096225908,845013,326425368,2429080
70634517,26559,3890741248,5141110784,1796,1544,952433,24,3805839360,1966,2017168,337051,7493264,22271,3932516352,1,26559:2,18.897384123933428,845028,326440728,2429172
70740605,26559,3890741248,5141110784,1796,1547,952433,24,3813703680,1966,2017168,337053,7493346,22271,3932381184,1,26559:3,28.27848821090564,845043,326456088,2429264
70846412,26559,3890741248,5141110784,1796,1549,952433,24,3821568000,1966,2017169,337055,7493427,22271,3932504064,1,26559:2,18.902295499491032,845059,326472472,2429360
70952527,26559,3890741248,5141110784,1796,1551,952433,24,3829956608,1966,2017170,337057,7493510,22271,3932344320,1,26559:2,18.84752865738461,845074,326487832,2429456
71058885,26559,3890741248,5141110784,1796,1553,952433,24,3837820928,1966,2017170,337066,7493583,22271,3931435008,1,26559:2,18.804327936422265,845090,326504216,2429556
71166231,26559,3890741248,5141110784,1796,1555,952433,24,3846209536,1966,2017171,337069,7493665,22271,3931336704,1,26559:2,18.63135344523349,845105,326519576,2429648
71272262,26559,3890741248,5141110784,1796,1557,952433,24,3854073856,1966,2017172,337070,7493746,22271,3931459584,1,26559:2,18.862407985755034,845120,326534936,2429744
71377559,26559,3890741248,5141110784,1796,1560,952433,24,3861938176,1966,2017172,337076,7493824,22271,3931926528,1,26559:3,28.490869958267524,845136,326551320,2429840
71483491,26559,3894542336,5141110784,1800,1562,953359,24,3866128384,1968,2017177,337078,7493902,22271,3927846912,1,26559:6,56.64004030958388,845145,326560528,2429892
71589645,26559,3903193088,5141110784,1810,1563,955471,24,3866128384,1968,2017186,337079,7493976,22271,3919073280,1,26559:11,103.62271512030912,845145,326560528,2429892
71695656,26559,3911843840,5141110784,1819,1564,957592,24,3866128384,1968,2017196,337081,7494049,22271,3910557696,1,26559:11,94.33031419729714,845145,326560528,2429892
71801731,26559,3920625664,5141110784,1829,1565,959710,24,3866128384,1968,2017207,337081,7494123,22271,3901784064,1,26559:10,103.69968322857765,845145,326560528,2429892
71907819,26559,3929276416,5141110784,1840,1565,961833,24,3866128384,1968,2017218,337082,7494196,22271,3893010432,1,26559:11,103.68762786216266,845145,326560528,2429892
72013881,26559,3937927168,5141110784,1850,1565,963952,24,3866128384,1968,2017228,337083,7494270,22271,3884535808,1,26559:10,94.28440044606327,845145,326560528,2429892
72119834,26559,3946577920,5141110784,1860,1566,966071,24,3866128384,1968,2017238,337085,7494342,22271,3875086336,1,26559:11,103.82006495285285,845145,326560528,2429892
72226687,26559,3955359744,5141110784,1870,1566,968206,24,3866128384,1968,2017250,337086,7494415,22271,3867086848,1,26559:10,93.58620162797129,845145,326560528,2429892
72332742,26559,3964010496,5141110784,1880,1567,970325,24,3866128384,1968,2017260,337087,7494488,22271,3858313216,1,26559:11,103.72005361610161,845145,326560528,2429892
72438748,26559,3972661248,5141110784,1890,1567,972441,24,3866128384,1968,2017270,337088,7494562,22271,3849539584,1,26559:10,94.33398485099971,845145,326560528,2429892
72544745,26559,3981443072,5141110784,1900,1568,974559,24,3866128384,1968,2017280,337089,7494635,22271,3840765952,1,26559:11,103.77672464109362,845145,326560528,2429892
72650860,26559,3990093824,5141110784,1910,1569,976677,24,3866128384,1968,2017291,337090,7494709,22271,3832250368,1,26559:11,103.66153070272661,845145,326560528,2429892
72756938,26559,3994550272,5141110784,1916,1570,977777,24,3870851072,1969,2017297,337090,7494786,22272,3827933184,1,26559:7,65.98884123038609,845153,326567704,2429944
72863145,26559,3994550272,5141110784,1916,1571,977777,24,3878715392,1969,2017298,337095,7494866,22272,3827306496,1,26559:2,9.41555698207521,845168,326583064,2430040
72969576,26559,3994550272,5141110784,1916,1575,977777,24,3886579712,1969,2017298,337098,7494946,22272,3827773440,1,26559:3,37.583331995210116,845183,326599448,2430132
73075257,26559,3994550272,5141110784,1916,1578,977777,24,3894444032,1969,2017298,337102,7495026,22272,3827896320,1,26559:3,28.387068350496726,845199,326614808,2430220
73181545,26559,3994550272,5141110784,1916,1581,977777,24,3902832640,1969,2017299,337105,7495108,22272,3827994624,1,26559:3,28.225333297907408,845214,326630168,2430320
73287853,26559,3994550272,5141110784,1916,1584,977777,24,3910696960,1969,2017299,337108,7495189,22272,3828117504,1,26559:3,28.21992388710262,845229,326645528,2430420
73394148,26559,3994550272,5141110784,1916,1586,977777,24,3918561280,1969,2017300,337110,7495270,22272,3827982336,1,26559:2,18.815465413190395,845244,326660888,2430508
73499451,26559,3994550272,5141110784,1916,1588,977777,24,3926425600,1969,2017300,337112,7495352,22272,3828105216,1,26559:2,18.992838636235177,845259,326676248,2430600
73605106,26559,3994550272,5141110784,1916,1590,977777,24,3934289920,1969,2017300,337114,7495434,22272,3827970048,1,26559:2,18.929570639478758,845275,326692632,2430692
73711241,26559,3994550272,5141110784,1916,1592,977777,24,3942678528,1969,2017301,337121,7495513,22272,3828129792,1,26559:2,18.843888437509715,845290,326707992,2430776
73817490,26559,3994550272,5141110784,1916,1595,977777,24,3950542848,1969,2017301,337124,7495594,22272,3828252672,1,26559:3,28.235616202982005,845305,326723352,2430876
73923147,26559,3994550272,5141110784,1916,1598,977777,24,3958407168,1969,2017302,337126,7495675,22272,3828117504,1,26559:3,28.393740274374956,845320,326738712,2430976
74028482,26559,3994550272,5141110784,1916,1600,977777,24,3966271488,1969,2017302,337128,7495756,22272,3828240384,1,26559:2,18.98710623589733,845336,326754072,2431068
74134011,26559,3998220288,5141110784,1920,1602,978672,24,3970461696,1971,2017307,337130,7495833,22272,3824037888,1,26559:6,56.85638112242305,845346,326764304,2431124
74239998,26559,4006871040,5141110784,1929,1604,980779,24,3970461696,1971,2017316,337132,7495907,22272,3815264256,1,26559:11,103.78569943829388,845346,326764304,2431124
74345998,26559,4015521792,5141110784,1938,1606,982893,24,3970461696,1971,2017326,337134,7495980,22272,3806748672,1,26559:11,103.77444055529288,845346,326764304,2431124
74451932,26559,4024303616,5141110784,1947,1607,985020,24,3970461696,1971,2017336,337138,7496051,22272,3798089728,1,26559:10,94.39824840651745,845346,326764304,2431124
74557944,26559,4032954368,5141110784,1957,1607,987152,24,3970461696,1971,2017347,337138,7496124,22272,3789058048,1,26559:10,94.32846073695261,845346,326764304,2431124
74663950,26559,4041736192,5141110784,1964,1611,989285,24,3970461696,1971,2017354,337142,7496198,22272,3780284416,1,26559:11,103.76775139593803,845346,326764304,2431124
74770052,26559,4050518016,5141110784,1973,1613,991422,24,3970461696,1971,2017363,337145,7496271,22272,3771510784,1,26559:11,103.67362006264752,845346,326764304,2431124
74876038,26559,4059168768,5141110784,1982,1614,993555,24,3970461696,1971,2017373,337146,7496345,22272,3762995200,1,26559:11,94.35241718532663,845346,326764304,2431124
74982051,26559,4067950592,5141110784,1991,1616,995692,24,3970461696,1971,2017382,337148,7496418,22272,3754221568,1,26559:10,103.76053163500612,845346,326764304,2431124
75088085,26559,4076601344,5141110784,1999,1618,997816,24,3970461696,1971,2017390,337150,7496492,22272,3745447936,1,26559:10,94.30992835982067,845346,326764304,2431124
75194194,26559,4085514240,5141110784,2008,1620,999967,24,3970461696,1971,2017400,337155,7496563,22272,3736809472,1,26559:11,103.66694389406459,845346,326764304,2431124
75300152,26559,4094296064,5141110784,2017,1621,1002115,24,3970461696,1971,2017410,337157,7496634,22273,3728248832,1,26559:11,94.37638491446339,845358,326766360,2431148
75406406,26559,4098359296,5141110784,2022,1623,1003121,24,3975708672,1972,2017415,337159,7496709,22274,3724439552,1,26559:6,65.88023671296092,845368,326774672,2431220
75512511,26559,4098359296,5141110784,2022,1626,1003121,24,3983572992,1972,2017415,337162,7496791,22274,3724304384,1,26559:3,28.27392414820539,845383,326790032,2431328
75618557,26559,4098359296,5141110784,2022,1628,1003121,24,3991437312,1972,2017416,337165,7496873,22274,3724427264,1,26559:2,18.859710412729957,845398,326805392,2431432
75724135,26559,4098359296,5141110784,2022,1630,1003121,24,3999301632,1972,2017416,337167,7496954,22274,3724292096,1,26559:2,18.943338853832714,845413,326820752,2431524
75829502,26559,4098359296,5141110784,2022,1633,1003121,24,4007165952,1972,2017417,337170,7497034,22274,3724345344,1,26559:3,28.471953801559614,845429,326837136,2431624
75935992,26559,4098359296,5141110784,2022,1635,1003121,24,4015554560,1972,2017418,337175,7497114,22274,3724345344,1,26559:2,18.78112225638206,845444,326852496,2431728
76042387,26559,4098359296,5141110784,2022,1638,1003121,24,4023418880,1972,2017418,337179,7497196,22274,3724468224,1,26559:3,28.196616851484368,845460,326867856,2431832
76148737,26559,4098359296,5141110784,2022,1640,1003121,24,4031283200,1972,2017419,337189,7497261,22282,3722801152,1,26559:2,18.805963491381284,845475,326883216,2431928
76254979,26559,4098359296,5141110784,2022,1643,1003121,24,4039147520,1972,2017419,337192,7497331,22292,3722924032,1,26559:3,28.23723285283446,845491,326899600,2432016
76361177,26559,4098359296,5141110784,2022,1645,1003121,24,4047011840,1972,2017419,337194,7497402,22303,3722825728,1,26559:2,18.832835579919553,845506,326914960,2432108
76467367,26559,4098359296,5141110784,2022,1647,1003121,24,4055400448,1972,2017420,337198,7497473,22313,3723145216,1,26559:2,18.834091747678844,845521,326930320,2432204
76573348,26559,4098359296,5141110784,2022,1650,1003121,24,4062740480,1972,2017420,337202,7497541,22326,3723063296,1,26559:3,28.30697136542262,845541,326945896,2432288
76679475,26559,4098359296,5141110784,2022,1651,1003121,24,4070604800,1972,2017420,337208,7497605,22341,3724374016,1,26559:1,9.42268775157634,845561,326960616,2432384
76785409,26559,4101767168,5141110784,2023,1656,1003952,24,4074795008,1974,2017424,337211,7497674,22348,3719962624,1,26559:6,56.63912708683559,845607,326972824,2432476
76891187,26559,4110548992,5141110784,2032,1657,1006108,24,4074795008,1974,2017436,337214,7497744,22349,3711492096,1,26559:10,94.53709010998436,845622,326973352,2432484
76997152,26559,4119330816,5141110784,2042,1658,1008241,24,4074795008,1974,2017445,337216,7497817,22349,3702718464,1,26559:11,103.80802272753975,845622,326973352,2432484
77103120,26559,4127981568,5141110784,2052,1658,1010376,24,4074795008,1974,2017456,337216,7497891,22349,3693993984,1,26559:10,94.3685911281766,845622,326973352,2432484
77209143,26559,4136763392,5141110784,2062,1659,1012524,24,4074795008,1974,2017466,337217,7497964,22349,3685220352,1,26559:11,103.75131752383334,845622,326973352,2432484
77315087,26559,4145545216,5141110784,2072,1660,1014665,24,4074795008,1974,2017476,337221,7498035,22349,3676459008,1,26559:11,103.82769970684626,845622,326973352,2432484
77421204,26559,4154327040,5141110784,2081,1661,1016808,24,4074795008,1974,2017485,337223,7498109,22349,3667427328,1,26559:10,94.23594176912376,845622,326973352,2432484
77527200,26559,4163108864,5141110784,2091,1662,1018946,24,4074795008,1974,2017496,337224,7498182,22349,3658395648,1,26559:11,103.7777448267714,845622,326973352,2432484
77633211,26559,4171890688,5141110784,2101,1663,1021080,24,4074795008,1974,2017505,337225,7498256,22349,3649622016,1,26559:11,103.76244904131798,845622,326973352,2432484
77739244,26559,4180672512,5141110784,2110,1664,1023223,24,4074795008,1974,2017516,337226,7498329,22349,3640848384,1,26559:10,94.3101871864823,845622,326973352,2432484
77845203,26559,4189454336,5141110784,2119,1666,1025359,24,4074795008,1974,2017524,337228,7498402,22349,3632332800,1,26559:11,103.81341106000713,845622,326973352,2432484
77951237,26559,4198105088,5141110784,2129,1666,1027493,24,4074795008,1974,2017535,337229,7498476,22349,3623559168,1,26559:10,94.3094462878326,845622,326973352,2432484
78057285,26559,4202037248,5141110784,2133,1668,1028465,24,4080041984,1975,2017540,337233,7498551,22349,3619602432,1,26559:6,56.578508612012826,845631,326981552,2432536
78163776,26559,4202037248,5141110784,2134,1670,1028465,24,4087906304,1975,2017541,337235,7498633,22349,3619921920,1,26559:3,28.171231808520965,845646,326996912,2432636
78269589,26559,4202037248,5141110784,2134,1672,1028465,24,4095770624,1975,2017541,337237,7498714,22349,3619786752,1,26559:2,18.901387294727506,845662,327013296,2432728
78375528,26559,4202037248,5141110784,2134,1673,1028465,24,4103634944,1975,2017542,337238,7498796,22349,3619860480,1,26559:1,9.43937556793773,845677,327028656,2432820
78481861,26559,4202037248,5141110784,2135,1675,1028465,24,4112023552,1975,2017542,337241,7498879,22349,3619749888,1,26559:3,28.213189846817805,845692,327044016,2432908
78588104,26559,4202037248,5141110784,2135,1677,1028465,24,4119887872,1975,2017542,337244,7498961,22349,3619872768,1,26559:2,18.82478504707415,845707,327059376,2433016
78694373,26559,4202037248,5141110784,2135,1680,1028465,24,4127752192,1975,2017543,337248,7499042,22349,3619528704,1,26559:3,28.23022489919198,845723,327075760,2433116
78801589,26559,4202037248,5141110784,2135,1682,1028465,24,4136140800,1975,2017544,337251,7499123,22349,3619799040,1,26559:2,18.654008802453674,845738,327091120,2433208
78907929,26559,4202037248,5141110784,2135,1684,1028465,24,4144005120,1975,2017544,337253,7499205,22349,3619663872,1,26559:2,18.807459079647398,845753,327106480,2433304
79013883,26559,4202037248,5141110784,2135,1686,1028465,24,4151869440,1975,2017544,337255,7499286,22349,3619786752,1,26559:2,18.87619746703515,845769,327122864,2433396
79119668,26559,4202037248,5141110784,2135,1688,1028465,24,4159733760,1975,2017545,337256,7499368,22349,3619627008,1,26559:2,18.906352939183517,845784,327138224,2433488
79226266,26559,4202037248,5141110784,2135,1690,1028465,24,4168122368,1975,2017546,337259,7499450,22349,3619749888,1,26559:3,18.762058022902732,845799,327153584,2433580
79332509,26559,4202037248,5141110784,2135,1692,1028465,24,4175986688,1975,2017546,337262,7499532,22349,3619614720,1,26559:1,18.824630010368228,845814,327168944,2433684
79438052,26559,4206755840,5141110784,2139,1695,1029609,24,4179128320,1977,2017552,337264,7499608,22349,3614846976,1,26559:7,66.32390786908059,845822,327177128,2433732
79544600,26559,4215668736,5141110784,2149,1695,1031760,24,4179128320,1977,2017562,337267,7499680,22349,3605397504,1,26559:10,93.85423774267645,845822,327177128,2433732
79650577,26559,4224319488,5141110784,2159,1696,1033899,24,4179128320,1977,2017573,337268,7499754,22349,3596623872,1,26559:11,103.79630944295512,845822,327177128,2433732
79756525,26559,4233232384,5141110784,2169,1697,1036054,24,4179128320,1977,2017583,337269,7499827,22349,3587592192,1,26559:11,103.8243922535375,845822,327177128,2433732
79862645,26559,4242014208,5141110784,2179,1697,1038200,24,4179128320,1977,2017593,337270,7499901,22349,3578818560,1,26559:10,94.23353701472604,845822,327177128,2433732
79968789,26559,4250796032,5141110784,2188,1698,1040345,24,4179128320,1977,2017603,337271,7499974,22349,3570044928,1,26559:10,94.21149057039547,845822,327177128,2433732
80074821,26559,4259577856,5141110784,2198,1699,1042486,24,4179128320,1977,2017614,337272,7500048,22349,3561328640,1,26559:11,103.74169510006472,845822,327177128,2433732
80180829,26559,4268359680,5141110784,2208,1700,1044625,24,4179128320,1977,2017624,337275,7500119,22349,3553402880,1,26559:11,103.76587490537024,845822,327177128,2433732
80286807,26559,4277010432,5141110784,2218,1701,1046759,24,4179128320,1977,2017634,337277,7500193,22349,3544371200,1,26559:11,103.79492161643418,845822,327177128,2433732
80392846,26559,4285923328,5141110784,2227,1702,1048933,24,4179128320,1977,2017644,337278,7500266,22349,3535405056,1,26559:10,94.30555520452933,845822,327177128,2433732
80498812,26559,4294836224,5141110784,2236,1703,1051091,24,4179128320,1977,2017654,337279,7500339,22349,3526373376,1,26559:10,94.36933384696675,845822,327177128,2433772
80604848,26559,4303618048,5141110784,2247,1704,1053240,24,4179128320,1977,2017664,337279,7500413,22349,3517599744,1,26559:12,113.16982318365687,845822,327177128,2433772
80710920,26559,4305846272,5141110784,2250,1705,1053809,24,4185948160,1978,2017668,337280,7500492,22350,3515355136,1,26559:4,37.710264420980195,845834,327188400,2433844
80817123,26559,4305846272,5141110784,2250,1707,1053809,24,4193812480,1978,2017668,337284,7500572,22350,3515404288,1,26559:2,18.83176416559904,845849,327203760,2433940
80923248,26559,4305846272,5141110784,2251,1709,1053809,24,4201676800,1978,2017669,337286,7500653,22350,3515527168,1,26559:3,28.268573878245274,845864,327219120,2434028
81028620,26559,4305846272,5141110784,2251,1711,1053809,24,4209541120,1978,2017670,337288,7500735,22350,3515392000,1,26559:2,18.980439319160634,845879,327234480,2434132
81134025,26559,4305846272,5141110784,2251,1713,1053809,24,4217405440,1978,2017670,337291,7500816,22350,3515465728,1,26559:2,18.97433960593693,845895,327250864,2434228
81240204,26559,4305846272,5141110784,2251,1715,1053809,24,4225269760,1978,2017671,337301,7500889,22350,3514322944,1,26559:2,18.83616852516549,845909,327265200,2434312
81345511,26559,4305846272,5141110784,2251,1717,1053809,24,4233134080,1978,2017672,337304,7500970,22350,3514183680,1,26559:2,18.992117027449947,845924,327280560,2434416
81450771,26559,4305846272,5141110784,2251,1719,1053809,24,4240998400,1978,2017672,337306,7501051,22350,3514146816,1,26559:2,19.00050701902955,845940,327296944,2434504
81556275,26559,4305846272,5141110784,2251,1721,1053809,24,4248862720,1978,2017672,337311,7501130,22350,3514994688,1,26559:2,18.95660280086081,845955,327312304,2434596
81662188,26559,4305846272,5141110784,2251,1723,1053809,24,4257251328,1978,2017673,337314,7501212,22350,3514933248,1,26559:2,18.883482023444408,845970,327327664,2434692
81768000,26559,4305846272,5141110784,2251,1725,1053809,24,4265115648,1978,2017673,337316,7501294,22350,3514871808,1,26559:2,18.90141712618847,845986,327343024,2434784
81873796,26559,4305846272,5141110784,2251,1727,1053809,24,4272979968,1978,2017673,337318,7501375,22350,3515068416,1,26559:2,18.904342674407,846001,327358384,2434872
81979050,26559,4305846272,5141110784,2251,1729,1053809,24,4280844288,1978,2017674,337320,7501457,22350,3514773504,1,26559:2,19.001545006123674,846016,327373744,2434972
82084405,26559,4311220224,5141110784,2256,1731,1055135,24,4283461632,1980,2017681,337321,7501533,22350,3509084160,1,26559:7,66.44202050032474,846023,327380904,2435012
82189702,26559,4320002048,5141110784,2265,1732,1057256,24,4283461632,1980,2017691,337322,7501606,22350,3500310528,1,26559:10,94.97001658869772,846023,327380904,2435012
82295148,26559,4328652800,5141110784,2275,1732,1059380,24,4283461632,1980,2017702,337324,7501677,22350,3492241408,1,26559:11,94.83488530465077,846023,327380904,2435012
82400322,26559,4337303552,5141110784,2284,1734,1061500,24,4283461632,1980,2017710,337327,7501750,22350,3483209728,1,26559:10,104.5890250799633,846023,327380904,2435012
82505563,26559,4346085376,5141110784,2293,1735,1063622,24,4283461632,1980,2017720,337328,7501823,22350,3474436096,1,26559:10,95.01987440444037,846023,327380904,2435012
82610795,26559,4354736128,5141110784,2303,1736,1065746,24,4283461632,1980,2017730,337330,7501896,22350,3465920512,1,26559:11,104.530427605376,846023,327380904,2435012
82715977,26559,4363386880,5141110784,2313,1737,1067857,24,4283461632,1980,2017739,337331,7501969,22350,3457146880,1,26559:11,104.58123520003201,846023,327380904,2435012
82821107,26559,4372168704,5141110784,2322,1738,1069989,24,4283461632,1980,2017749,337332,7502042,22350,3448643584,1,26559:10,95.12049912389264,846023,327380904,2435012
82926281,26559,4380950528,5141110784,2332,1739,1072151,24,4283461632,1980,2017759,337335,7502113,22350,3440070656,1,26559:11,104.58836179122441,846023,327380904,2435012
83031534,26559,4389863424,5141110784,2342,1740,1074324,24,4283461632,1980,2017770,337336,7502186,22350,3431297024,1,26559:11,104.51015175035549,846023,327380904,2435012
83136652,26559,4398776320,5141110784,2352,1740,1076505,24,4283461632,1980,2017780,337337,7502259,22350,3422265344,1,26559:10,95.13086734845311,846023,327380904,2435012
83241978,26559,4407689216,5141110784,2362,1741,1078677,24,4283461632,1980,2017790,337337,7502332,22350,3413233664,1,26559:11,104.4375535491688,846023,327380904,2435012
83347215,26559,4409655296,5141110784,2365,1742,1079153,24,4290281472,1981,2017793,337338,7502411,22351,3411771392,1,26559:4,38.00958981951146,846035,327392176,2435092
83452444,26559,4409655296,5141110784,2365,1743,1079153,24,4298145792,1981,2017793,337340,7502492,22351,3411636224,1,26559:1,9.503059638341869,846050,327407536,2435184
83557891,26559,4409655296,5141110784,2365,1746,1079153,24,4306010112,1981,2017794,337344,7502571,22351,3411820544,1,26559:3,28.450364413131002,846066,327423920,2435272
83663686,26559,4409655296,5141110784,2365,1748,1079153,24,4314398720,1981,2017794,337347,7502653,22351,3411709952,1,26559:2,18.90446185944476,846081,327439280,2435372
83769861,26559,4409655296,5141110784,2365,1750,1079153,24,4322263040,1981,2017795,337349,7502735,22351,3411832832,1,26559:2,18.836848526298684,846097,327454640,2435464
83875342,26559,4409655296,5141110784,2365,1752,1079153,24,4330127360,1981,2017796,337351,7502817,22351,3411697664,1,26559:2,18.96077364810442,846112,327470000,2435556
83980619,26559,4409655296,5141110784,2365,1754,1079153,24,4337991680,1981,2017796,337354,7502898,22351,3411771392,1,26559:2,18.99745382825576,846128,327486384,2435656
84086595,26559,4409655296,5141110784,2365,1756,1079153,24,4346380288,1981,2017796,337356,7502980,22351,3411722240,1,26559:2,18.87227138213014,846143,327501744,2435744
84192593,26559,4409655296,5141110784,2365,1758,1079153,24,4354244608,1981,2017797,337358,7503062,22351,3411845120,1,26559:2,18.86816910249384,846158,327517104,2435844
84298473,26559,4409655296,5141110784,2365,1760,1079153,24,4362108928,1981,2017798,337362,7503141,22351,3411587072,1,26559:2,18.889360031504427,846173,327532464,2435932
84403752,26559,4409655296,5141110784,2365,1762,1079153,24,4369973248,1981,2017798,337364,7503222,22351,3411451904,1,26559:2,18.99719813174335,846189,327548848,2436028
84509617,26559,4409655296,5141110784,2365,1765,1079153,24,4378361856,1981,2017798,337366,7503304,22351,3411611648,1,26559:3,28.337943349957502,846204,327564208,2436120
84615547,26559,4409655296,5141110784,2365,1767,1079153,24,4386226176,1981,2017799,337369,7503386,22351,3411734528,1,26559:2,18.88040697094834,846219,327579568,2436220
84721185,26559,4416339968,5141110784,2372,1768,1080797,24,4387794944,1983,2017806,337370,7503461,22351,3404496896,1,26559:8,75.7300497490576,846224,327584680,2436248
84826393,26559,4425515008,5141110784,2382,1769,1083028,24,4387794944,1983,2017816,337372,7503534,22351,3395465216,1,26559:11,104.55547342247866,846224,327584680,2436248
84931574,26559,4434558976,5141110784,2391,1770,1085245,24,4387794944,1983,2017826,337375,7503605,22351,3385487360,1,26559:10,95.07388814581779,846224,327584680,2436248
85036769,26559,4443734016,5141110784,2401,1771,1087482,24,4387794944,1983,2017836,337376,7503678,22351,3376197632,1,26559:11,104.56740043417716,846224,327584680,2436248
85142137,26559,4452909056,5141110784,2410,1772,1089717,24,4387794944,1983,2017846,337377,7503751,22351,3367239680,1,26559:10,94.90549936749281,846224,327584680,2436248
85247291,26559,4462084096,5141110784,2419,1773,1091958,24,4387794944,1983,2017856,337378,7503824,22351,3357949952,1,26559:11,95.09882708149841,846224,327584680,2436248
85352513,26559,4471259136,5141110784,2429,1774,1094206,24,4387794944,1983,2017866,337380,7503897,22351,3348918272,1,26559:10,104.54089932696189,846224,327584680,2436248
85457812,26559,4480434176,5141110784,2439,1775,1096446,24,4387794944,1983,2017876,337381,7503970,22351,3339751424,1,26559:11,104.46441498051999,846224,327584680,2436248
85563508,26559,4489609216,5141110784,2448,1776,1098679,24,4387794944,1983,2017886,337384,7504041,22351,3331084288,1,26559:11,94.61043071862176,846224,327584680,2436248
85668759,26559,4498784256,5141110784,2458,1777,1100916,24,4387794944,1983,2017896,337385,7504114,22351,3321794560,1,26559:10,104.51209696168702,846224,327584680,2436248
85773922,26559,4507959296,5141110784,2467,1779,1103151,24,4387794944,1983,2017905,337387,7504187,22351,3312762880,1,26559:11,104.59955032082773,846224,327584680,2436248
85879190,26559,4513464320,5141110784,2473,1780,1104497,24,4391469056,1984,2017911,337388,7504263,22352,3307384832,1,26559:7,66.49722034969217,846231,327590832,2436288
85985148,26559,4513464320,5141110784,2473,1782,1104497,24,4399857664,1984,2017912,337389,7504345,22352,3307507712,1,26559:2,18.87539562357342,846246,327606192,2436384
86091051,26559,4513464320,5141110784,2473,1784,1104497,24,4407721984,1984,2017912,337394,7504425,22352,3306905600,1,26559:2,18.88522053971694,846261,327621552,2436476
86197784,26559,4513464320,5141110784,2473,1786,1104497,24,4415586304,1984,2017912,337396,7504506,22352,3307470848,1,26559:2,18.73828371243739,846277,327637936,2436564
86303372,26559,4513464320,5141110784,2473,1788,1104497,24,4423450624,1984,2017912,337404,7504579,22352,3307286528,1,26559:2,18.94152970449045,846292,327653296,2436656
86410354,26559,4513464320,5141110784,2473,1790,1104497,24,4431839232,1984,2017913,337406,7504661,22352,3307216896,1,26559:3,18.69474417831645,846307,327668656,2436752
86516089,26559,4513464320,5141110784,2473,1793,1104497,24,4439703552,1984,2017913,337409,7504742,22352,3307339776,1,26559:2,28.37296240161616,846322,327684016,2436844
86621458,26559,4513464320,5141110784,2473,1795,1104497,24,4447567872,1984,2017914,337411,7504823,22352,3307204608,1,26559:2,18.980957202838596,846337,327699376,2436940
86726649,26559,4513464320,5141110784,2474,1796,1104497,24,4455432192,1984,2017914,337412,7504905,22352,3307327488,1,26559:2,19.013022770309785,846353,327715760,2437036
86832447,26559,4513464320,5141110784,2474,1799,1104497,24,4463296512,1984,2017915,337418,7504983,22352,3307118592,1,26559:3,28.355709942524204,846368,327731120,2437128
86938158,26559,4513464320,5141110784,2474,1802,1104497,24,4471685120,1984,2017916,337421,7505064,22352,3307266048,1,26559:3,28.37945990425508,846383,327746480,2437216
87044063,26559,4513464320,5141110784,2474,1805,1104497,24,4479549440,1984,2017916,337424,7505145,22352,3307130880,1,26559:3,28.327218006298104,846398,327761840,2437312
87150073,26559,4513464320,5141110784,2474,1807,1104497,24,4487413760,1984,2017916,337426,7505226,22352,3307253760,1,26559:2,18.86615929652922,846413,327777200,2437400
87255288,26559,4516741120,5141110784,2478,1808,1105283,24,4492128256,1986,2017921,337426,7505304,22352,3303727104,1,26559:5,47.52165809071816,846424,327788456,2437464
87360477,26559,4525785088,5141110784,2488,1809,1107509,24,4492128256,1986,2017932,337428,7505377,22352,3294769152,1,26559:11,104.57415232881362,846424,327788456,2437464
87465824,26559,4534566912,5141110784,2498,1809,1109633,24,4492128256,1986,2017942,337430,7505447,22352,3285397504,1,26559:10,94.92404220858289,846424,327788456,2437464
87571022,26559,4543217664,5141110784,2507,1810,1111751,24,4492128256,1986,2017953,337431,7505521,22352,3276881920,1,26559:10,95.05841130246033,846424,327788456,2437464
87676168,26559,4551999488,5141110784,2516,1812,1113899,24,4492128256,1986,2017962,337433,7505593,22352,3267592192,1,26559:12,104.61683409259477,846424,327788456,2437464
87781428,26559,4560650240,5141110784,2524,1815,1116005,24,4492128256,1986,2017970,337436,7505666,22352,3259076608,1,26559:10,104.50320260514702,846424,327788456,2437464
87886544,26559,4569169920,5141110784,2532,1817,1118105,24,4492128256,1986,2017979,337438,7505739,22352,3250561024,1,26559:10,95.13297873276575,846424,327788456,2437464
87991731,26559,4577820672,5141110784,2541,1818,1120202,24,4492128256,1986,2017989,337439,7505812,22352,3241787392,1,26559:11,95.06872803555876,846424,327788456,2437464
88096896,26559,4586471424,5141110784,2551,1819,1122313,24,4492128256,1986,2017998,337443,7505883,22352,3233689600,1,26559:10,104.59797582567715,846424,327788456,2437464
88202121,26559,4595122176,5141110784,2561,1820,1124432,24,4492128256,1986,2018008,337444,7505956,22352,3224850432,1,26559:11,104.53729890825045,846424,327788456,2437464
88307262,26559,4603772928,5141110784,2571,1820,1126548,24,4492128256,1986,2018020,337444,7506029,22352,3216334848,1,26559:10,95.11088669169003,846424,327788456,2437464
88412432,26559,4612423680,5141110784,2581,1821,1128660,24,4492128256,1986,2018029,337445,7506102,22352,3207561216,1,26559:11,104.59188318493884,846424,327788456,2437464
88517658,26559,4617273344,5141110784,2586,1823,1129841,24,4496326656,1987,2018035,337448,7506178,22352,3202953216,1,26559:7,66.52352514660052,846431,327794608,2437508
88623008,26559,4617273344,5141110784,2586,1825,1129841,24,4504190976,1987,2018036,337449,7506259,22352,3203076096,1,26559:2,18.984327829877945,846446,327809968,2437600
88728245,26559,4617273344,5141110784,2586,1827,1129841,24,4512055296,1987,2018036,337454,7506338,22352,3202940928,1,26559:2,19.004847642507567,846462,327826352,2437692
88833963,26559,4617273344,5141110784,2586,1830,1129841,24,4519919616,1987,2018036,337457,7506419,22352,3203014656,1,26559:3,28.377379456273705,846477,327841712,2437784
88939733,26559,4617273344,5141110784,2586,1832,1129841,24,4528308224,1987,2018036,337460,7506501,22352,3202965504,1,26559:2,18.908818237056,846492,327857072,2437884
89045704,26559,4617273344,5141110784,2586,1834,1129841,24,4536172544,1987,2018037,337463,7506582,22352,3203088384,1,26559:3,18.873206355344635,846507,327872432,2437972
89151682,26559,4617273344,5141110784,2586,1837,1129841,24,4544036864,1987,2018037,337465,7506663,22352,3202953216,1,26559:2,28.30773928402273,846522,327887792,2438068
89256947,26559,4617273344,5141110784,2586,1839,1129841,24,4551901184,1987,2018038,337467,7506745,22352,3203076096,1,26559:2,18.99964945646753,846538,327904176,2438160
89362586,26559,4617273344,5141110784,2586,1842,1129841,24,4559765504,1987,2018038,337471,7506823,22352,3203203072,1,26559:3,28.39847751596927,846554,327919536,2438248
89468390,26559,4617273344,5141110784,2587,1844,1129841,24,4568154112,1987,2018039,337472,7506905,22352,3203301376,1,26559:3,28.354514912093066,846569,327934896,2438344
89574453,26559,4617273344,5141110784,2587,1846,1129841,24,4576018432,1987,2018039,337476,7506987,22352,3203166208,1,26559:2,18.856695010636358,846584,327950256,2438436
89680394,26559,4617273344,5141110784,2587,1848,1129841,24,4583882752,1987,2018040,337479,7507068,22352,3203289088,1,26559:2,18.87841718819474,846599,327965616,2438532
89785953,26559,4617273344,5141110784,2587,1850,1129841,24,4591747072,1987,2018040,337482,7507149,22352,3203153920,1,26559:2,18.946628644951232,846614,327980976,2438624
89891200,26559,4620419072,5141110784,2589,1853,1130610,24,4596461568,1989,2018044,337484,7507227,22352,3199885312,1,26559:5,47.5074165015586,846625,327992232,2438688
89996386,26559,4629069824,5141110784,2599,1854,1132719,24,4596461568,1989,2018054,337487,7507298,22352,3190599680,1,26559:11,104.57642999759304,846625,327992232,2438688
90101677,26559,4637851648,5141110784,2608,1855,1134848,24,4596461568,1989,2018064,337488,7507371,22352,3182104576,1,26559:10,94.97497836707431,846625,327992232,2438688
90206859,26559,4646502400,5141110784,2616,1857,1136967,24,4596461568,1989,2018072,337491,7507444,22352,3173330944,1,26559:10,95.07321022233621,846625,327992232,2438688
90312065,26559,4655153152,5141110784,2626,1858,1139076,24,4596461568,1989,2018082,337492,7507517,22352,3164557312,1,26559:11,104.55675743337001,846625,327992232,2438688
90417346,26559,4663803904,5141110784,2636,1859,1141201,24,4596461568,1989,2018092,337492,7507590,22352,3156041728,1,26559:11,104.48293631701392,846625,327992232,2438688
90522470,26559,4672454656,5141110784,2644,1861,1143319,24,4596461568,1989,2018102,337495,7507663,22352,3147268096,1,26559:10,95.12524860864818,846625,327992232,2438688
90627680,26559,4681105408,5141110784,2653,1862,1145434,24,4596461568,1989,2018111,337498,7507734,22352,3139026944,1,26559:11,95.048511477103,846625,327992232,2438688
90732849,26559,4689887232,5141110784,2663,1863,1147565,24,4596461568,1989,2018121,337500,7507807,22352,3129995264,1,26559:10,104.59333417553154,846625,327992232,2438688
90838042,26559,4698537984,5141110784,2671,1866,1149679,24,4596461568,1989,2018129,337502,7507880,22352,3121221632,1,26559:11,104.5693050323037,846625,327992232,2438688
90943207,26559,4707188736,5141110784,2680,1867,1151801,24,4596461568,1989,2018139,337504,7507953,22352,3112448000,1,26559:11,95.08906893243379,846625,327992232,2438688
91048406,26559,4715839488,5141110784,2691,1867,1153917,24,4596461568,1989,2018150,337504,7508026,22352,3103932416,1,26559:10,104.56392144135395,846625,327992232,2438688
91153692,26559,4721082368,5141110784,2697,1868,1155185,24,4600135680,1990,2018156,337507,7508100,22353,3099049984,1,26559:7,66.4856938743349,846632,327998384,2438732
91259535,26559,4721082368,5141110784,2697,1870,1155185,24,4608524288,1990,2018156,337510,7508182,22353,3099234304,1,26559:2,18.895784758569313,846647,328013744,2438828
91365388,26559,4721082368,5141110784,2697,1872,1155185,24,4616388608,1990,2018157,337517,7508257,22353,3098804224,1,26559:2,18.8941556767708,846662,328029104,2438932
91472244,26559,4721082368,5141110784,2697,1874,1155185,24,4624252928,1990,2018158,337522,7508336,22353,3098411008,1,26559:2,18.716824311926956,846678,328044464,2439028
91577550,26559,4721082368,5141110784,2697,1876,1155185,24,4632117248,1990,2018158,337524,7508418,22353,3098533888,1,26559:2,18.992207383357364,846693,328059824,2439120
91683008,26559,4721082368,5141110784,2697,1878,1155185,24,4640505856,1990,2018158,337525,7508499,22353,3098435584,1,26559:2,18.964946151263785,846709,328076208,2439208
91788816,26559,4721082368,5141110784,2697,1880,1155185,24,4648370176,1990,2018159,337529,7508579,22353,3098845184,1,26559:2,18.902169017278972,846724,328091568,2439300
91894890,26559,4721082368,5141110784,2697,1883,1155185,24,4656234496,1990,2018159,337531,7508661,22353,3098710016,1,26559:3,28.28214265512755,846739,328106928,2439392
92000422,26559,4721082368,5141110784,2698,1884,1155185,24,4664098816,1990,2018160,337533,7508742,22353,3098832896,1,26559:2,18.951535843835707,846754,328122288,2439484
92105671,26559,4721082368,5141110784,2698,1886,1155185,24,4671963136,1990,2018160,337536,7508823,22353,3098697728,1,26559:2,19.00252280343117,846770,328138672,2439588
92211276,26559,4721082368,5141110784,2698,1888,1155185,24,4679827456,1990,2018161,337538,7508905,22353,3098796032,1,26559:2,18.938600168140677,846785,328154032,2439680
92317165,26559,4721082368,5141110784,2698,1890,1155185,24,4688216064,1990,2018161,337540,7508987,22353,3098660864,1,26559:2,18.887717430681132,846800,328169392,2439780
92423097,26559,4721082368,5141110784,2698,1892,1155185,24,4696080384,1990,2018161,337544,7509067,22353,3099070464,1,26559:2,18.879946779695622,846815,328184752,2439880
92528607,26559,4724228096,5141110784,2700,1895,1155950,24,4700794880,1992,2018165,337547,7509145,22353,3095543808,1,26559:5,47.38916728181755,846826,328196008,2439944
92633823,26559,4733403136,5141110784,2711,1895,1158183,24,4700794880,1992,2018176,337547,7509218,22353,3086512128,1,26559:11,104.54657168173433,846826,328196008,2439944
92739032,26559,4742184960,5141110784,2720,1896,1160337,24,4700794880,1992,2018186,337548,7509291,22353,3077738496,1,26559:10,95.04881231756569,846826,328196008,2439944
92844213,26559,4751097856,5141110784,2730,1896,1162513,24,4700794880,1992,2018196,337548,7509364,22353,3068706816,1,26559:10,95.07388814581779,846826,328196008,2439944
92949433,26559,4760010752,5141110784,2740,1897,1164691,24,4700794880,1992,2018207,337549,7509437,22353,3059675136,1,26559:11,104.5434249342189,846826,328196008,2439944
93054604,26559,4769054720,5141110784,2750,1898,1166899,24,4700794880,1992,2018217,337552,7509508,22353,3050938368,1,26559:11,104.59113831232918,846826,328196008,2439944
93159845,26559,4778229760,5141110784,2759,1899,1169141,24,4700794880,1992,2018226,337554,7509581,22353,3041689600,1,26559:11,95.01994934334469,846826,328196008,2439944
93265157,26559,4787404800,5141110784,2769,1900,1171384,24,4700794880,1992,2018236,337555,7509653,22353,3032293376,1,26559:10,104.45193221308888,846826,328196008,2439944
93370835,26559,4796710912,5141110784,2779,1900,1173638,24,4700794880,1992,2018246,337556,7509726,22353,3022745600,1,26559:10,94.62680696630062,846826,328196008,2439944
93476090,26559,4805885952,5141110784,2788,1901,1175885,24,4700794880,1992,2018256,337557,7509799,22353,3013713920,1,26559:11,95.00779995036032,846826,328196008,2439944
93581283,26559,4814798848,5141110784,2799,1901,1178067,24,4700794880,1992,2018267,337559,7509870,22353,3004735488,1,26559:10,104.56955354970239,846826,328196008,2439944
93686503,26559,4823711744,5141110784,2809,1902,1180230,24,4700794880,1992,2018278,337560,7509943,22353,2995961856,1,26559:11,104.54276321729404,846826,328196008,2439944
93791739,26559,4824891392,5141110784,2810,1904,1180529,24,4708663296,1993,2018279,337562,7510023,22354,2995036160,1,26559:3,28.507429392442535,846840,328209328,2440032
93897550,26559,4824891392,5141110784,2810,1906,1180529,24,4716527616,1993,2018279,337564,7510105,22354,2994900992,1,26559:3,18.901543776972446,846855,328224688,2440128
94003265,26559,4824891392,5141110784,2811,1908,1180529,24,4724391936,1993,2018280,337566,7510187,22354,2995023872,1,26559:2,28.378330250264238,846870,328240048,2440224
94108552,26559,4824891392,5141110784,2811,1910,1180529,24,4732780544,1993,2018280,337571,7510266,22354,2994401280,1,26559:2,18.995544300653343,846886,328256432,2440316
94214623,26559,4824891392,5141110784,2811,1913,1180529,24,4740644864,1993,2018280,337574,7510347,22354,2994524160,1,26559:3,28.28306467972983,846901,328271792,2440408
94320379,26559,4824891392,5141110784,2811,1916,1180529,24,4748509184,1993,2018281,337577,7510427,22354,2994388992,1,26559:3,28.367183231182157,846916,328287152,2440504
94425701,26559,4824891392,5141110784,2811,1918,1180529,24,4756897792,1993,2018281,337580,7510508,22354,2994548736,1,26559:2,18.989449841457084,846932,328303536,2440592
94531459,26559,4824891392,5141110784,2811,1920,1180529,24,4764762112,1993,2018282,337582,7510590,22354,2994413568,1,26559:3,18.910971251030908,846947,328318896,2440676
94637168,26559,4824891392,5141110784,2811,1923,1180529,24,4772626432,1993,2018282,337584,7510671,22355,2994438144,1,26559:2,28.37991844916914,846962,328334256,2440776
94742468,26559,4824891392,5141110784,2811,1925,1180529,24,4780490752,1993,2018282,337588,7510750,22355,2995204096,1,26559:2,18.99325943467608,846977,328349616,2440868
94848119,26559,4824891392,5141110784,2811,1927,1180529,24,4788879360,1993,2018283,337590,7510831,22355,2994601984,1,26559:2,18.93037691326953,846993,328366000,2440964
94954669,26559,4824891392,5141110784,2812,1929,1180529,24,4796743680,1993,2018284,337592,7510913,22355,2994798592,1,26559:3,28.155819976454787,847008,328381360,2441052
95060975,26559,4824891392,5141110784,2812,1931,1180529,24,4804603904,1993,2018284,337594,7510995,22355,2994737152,1,26559:2,18.813540616910295,847023,328396720,2441144
95166624,26559,4832493568,5141110784,2820,1932,1182369,24,4804603904,1995,2018292,337596,7511068,22355,2987098112,1,26559:9,85.18810797865288,847025,328398760,2441152
95272612,26559,4841144320,5141110784,2830,1933,1184503,24,4804603904,1995,2018302,337597,7511142,22355,2978324480,1,26559:11,103.7847613495359,847025,328398760,2441152
95378616,26559,4849926144,5141110784,2839,1934,1186640,24,4804603904,1995,2018312,337600,7511213,22355,2969464832,1,26559:10,94.33646948951508,847025,328398760,2441152
95484539,26559,4858707968,5141110784,2849,1935,1188778,24,4804603904,1995,2018322,337601,7511286,22355,2960433152,1,26559:11,103.84848807694267,847025,328398760,2441152
95590571,26559,4867489792,5141110784,2858,1936,1190913,24,4804603904,1995,2018332,337602,7511360,22355,2951659520,1,26559:10,94.31118870784222,847025,328398760,2441152
95696670,26559,4876271616,5141110784,2868,1937,1193055,24,4804603904,1995,2018342,337604,7511433,22355,2942885888,1,26559:11,103.67691791671261,847025,328398760,2441152
95802804,26559,4885053440,5141110784,2876,1939,1195200,24,4804603904,1995,2018352,337606,7511507,22355,2934112256,1,26559:10,94.22058914909528,847025,328398760,2441152
95908850,26559,4893835264,5141110784,2886,1940,1197350,24,4804603904,1995,2018362,337608,7511578,22355,2925436928,1,26559:11,103.72881417945732,847025,328398760,2441152
96014861,26559,4902617088,5141110784,2895,1942,1199491,24,4804603904,1995,2018371,337610,7511652,22355,2916405248,1,26559:11,103.76204186794618,847025,328398760,2441152
96120934,26559,4911267840,5141110784,2906,1942,1201622,24,4804603904,1995,2018382,337610,7511725,22355,2907631616,1,26559:11,103.70257505655348,847025,328398760,2441152
96226930,26559,4920049664,5141110784,2915,1943,1203757,24,4804603904,1995,2018392,337612,7511799,22355,2898972672,1,26559:11,94.34358952243869,847025,328398760,2441152
96332915,26559,4928700416,5141110784,2925,1944,1205873,24,4805652480,1996,2018402,337612,7511873,22355,2890706944,1,26559:10,103.78835124646366,847025,328398760,2441156
96439032,26559,4928700416,5141110784,2926,1946,1205873,24,4813516800,1996,2018402,337620,7511947,22355,2890465280,1,26559:3,28.27067170362083,847040,328414120,2441244
96545655,26559,4928700416,5141110784,2926,1948,1205873,24,4821381120,1996,2018403,337626,7512025,22355,2890248192,1,26559:2,18.757658869351722,847055,328429480,2441340
96650979,26559,4928700416,5141110784,2926,1950,1205873,24,4829245440,1996,2018403,337628,7512106,22355,2890113024,1,26559:2,18.98889399405304,847071,328445864,2441436
96756877,26559,4928700416,5141110784,2926,1952,1205873,24,4837634048,1996,2018404,337630,7512188,22355,2890272768,1,26559:2,18.886089917901696,847086,328461224,2441536
96862982,26559,4928700416,5141110784,2926,1954,1205873,24,4845498368,1996,2018404,337632,7512271,22355,2890137600,1,26559:2,18.849342099998985,847101,328476584,2441636
96969199,26559,4928700416,5141110784,2926,1956,1205873,24,4853362688,1996,2018404,337634,7512352,22355,2890260480,1,26559:2,18.829341254084024,847116,328491944,2441736
97074483,26559,4928700416,5141110784,2926,1959,1205873,24,4861227008,1996,2018405,337639,7512431,22355,2890571776,1,26559:3,28.494353786808436,847131,328507304,2441828
97179736,26559,4928700416,5141110784,2926,1961,1205873,24,4869091328,1996,2018405,337640,7512512,22355,2890338304,1,26559:2,19.001815804017326,847147,328522664,2441920
97285423,26559,4928700416,5141110784,2926,1963,1205873,24,4876955648,1996,2018406,337644,7512594,22355,2890203136,1,26559:2,18.92377949168136,847163,328539048,2442016
97391057,26559,4928700416,5141110784,2926,1965,1205873,24,4885344256,1996,2018406,337646,7512676,22355,2890301440,1,26559:2,18.933415928466978,847178,328554408,2442104
97497214,26559,4928700416,5141110784,2926,1967,1205873,24,4893208576,1996,2018406,337647,7512758,22355,2890166272,1,26559:2,18.839975957176282,847193,328569768,2442196
97603406,26559,4928700416,5141110784,2926,1969,1205873,24,4901072896,1996,2018406,337652,7512838,22355,2889797632,1,26559:2,18.833862599401126,847208,328585128,2442284
97709467,26559,4928831488,5141110784,2926,1972,1205898,24,4907896832,1998,2018407,337655,7512918,22355,2889392128,1,26559:3,28.285575888432255,847224,328600504,2442376
97815474,26559,4937482240,5141110784,2935,1973,1208016,24,4907896832,1998,2018418,337656,7512992,22355,2880618496,1,26559:10,94.33357817299103,847224,328600504,2442376
97921440,26559,4946526208,5141110784,2944,1974,1210224,24,4907896832,1998,2018427,337657,7513065,22355,2871586816,1,26559:10,94.36974172388926,847224,328600504,2442376
98027457,26559,4955701248,5141110784,2953,1976,1212466,24,4907896832,1998,2018437,337659,7513139,22355,2862297088,1,26559:11,103.75657665777354,847224,328600504,2442376
98133600,26559,4964876288,5141110784,2964,1976,1214704,24,4907896832,1998,2018448,337661,7513210,22355,2853564416,1,26559:11,103.63353493761562,847224,328600504,2442376
98239557,26559,4973527040,5141110784,2973,1978,1216828,24,4907896832,1998,2018458,337663,7513284,22355,2844672000,1,26559:11,103.81626808282375,847224,328600504,2442376
98345602,26559,4982439936,5141110784,2983,1978,1218995,24,4907896832,1998,2018468,337663,7513357,22355,2835898368,1,26559:10,94.29984856670218,847224,328600504,2442376
98451593,26559,4991483904,5141110784,2991,1980,1221197,24,4907896832,1998,2018477,337666,7513431,22355,2826866688,1,26559:10,94.34700217919875,847224,328600504,2442376
98557647,26559,5000396800,5141110784,3001,1982,1223383,24,4907896832,1998,2018487,337667,7513504,22355,2817835008,1,26559:12,113.15052677652055,847224,328600504,2442376
98663636,26559,5009571840,5141110784,3010,1982,1225627,24,4907896832,1998,2018498,337670,7513576,22355,2809159680,1,26559:10,84.91400357874785,847224,328600504,2442376
98769651,26559,5018484736,5141110784,3020,1984,1227798,24,4907896832,1998,2018507,337671,7513649,22355,2799869952,1,26559:11,113.19224058889998,847224,328600504,2442376
98875627,26559,5027266560,5141110784,3029,1985,1229944,24,4907896832,1998,2018517,337672,7513723,22355,2791096320,1,26559:10,94.36091170946729,847224,328600504,2442376
98981689,26559,5032509440,5141110784,3034,1987,1231217,24,4912091136,1999,2018523,337674,7513800,22355,2785968128,1,26559:7,65.99874366677236,847230,328606648,2442420
99087888,26559,5032509440,5141110784,3035,1989,1231217,24,4919955456,1999,2018524,337676,7513882,22355,2785746944,1,26559:3,28.248942943387682,847245,328622008,2442516
99194102,26559,5032509440,5141110784,3035,1991,1231217,24,4927819776,1999,2018524,337680,7513963,22355,2785542144,1,26559:2,18.8298213190239,847261,328637368,2442604
99300478,26559,5032509440,5141110784,3035,1993,1231217,24,4935684096,1999,2018525,337682,7514043,22355,2786148352,1,26559:2,18.801278607273478,847276,328652728,2442700
99406080,26559,5032509440,5141110784,3035,1995,1231217,24,4943548416,1999,2018525,337684,7514125,22355,2786013184,1,26559:2,18.93914572180228,847291,328668088,2442788
99511355,26559,5032509440,5141110784,3035,1997,1231217,24,4951412736,1999,2018525,337687,7514206,22355,2786136064,1,26559:2,18.99770195248217,847306,328683448,2442888
99616749,26559,5032509440,5141110784,3035,1999,1231217,24,4959277056,1999,2018526,337689,7514288,22355,2786000896,1,26559:2,18.97642492314311,847321,328698808,2442972
99722153,26559,5032509440,5141110784,3035,2001,1231217,24,4967141376,1999,2018526,337691,7514369,22355,2786074624,1,26559:2,18.974609628952173,847337,328715192,2443064
99828384,26559,5032509440,5141110784,3035,2003,1231217,24,4975005696,1999,2018526,337696,7514448,22356,2785849344,1,26559:2,18.82702955590417,847352,328730552,2443156
99934579,26559,5032509440,5141110784,3035,2006,1231217,24,4983394304,1999,2018527,337699,7514530,22356,2785787904,1,26559:3,28.249763314066367,847367,328745912,2443252
100040739,26559,5032509440,5141110784,3035,2008,1231217,24,4991258624,1999,2018528,337701,7514611,22356,2785984512,1,26559:2,18.839554469781795,847382,328761272,2443360
100146634,26559,5032509440,5141110784,3035,2010,1231217,24,4999122944,1999,2018528,337703,7514693,22356,2785689600,1,26559:2,18.886543096296137,847397,328776632,2443452
100251931,26559,5032509440,5141110784,3035,2012,1231217,24,5006987264,1999,2018528,337705,7514775,22356,2786025472,1,26559:2,18.993935853584865,847413,328793016,2443544
100357605,26559,5035786240,5141110784,3039,2013,1231988,24,5011189760,2001,2018532,337708,7514851,22356,2783141888,1,26559:5,47.31549259785551,847423,328802248,2443600
100463672,26559,5044830208,5141110784,3048,2014,1234191,24,5011189760,2001,2018543,337709,7514925,22356,2773852160,1,26559:11,94.27991943780884,847423,328802248,2443600
100569689,26559,5053480960,5141110784,3059,2014,1236332,24,5011189760,2001,2018554,337709,7514998,22356,2765078528,1,26559:10,103.75637309373131,847423,328802248,2443600
100675701,26559,5062262784,5141110784,3068,2015,1238469,24,5011189760,2001,2018564,337710,7515072,22356,2756304896,1,26559:11,94.32938790292198,847423,328802248,2443600
100781799,26559,5071044608,5141110784,3078,2016,1240608,24,5011189760,2001,2018574,337712,7515145,22356,2747531264,1,26559:10,103.67752865345285,847423,328802248,2443600
100887797,26559,5079826432,5141110784,3088,2017,1242740,24,5011189760,2001,2018584,337715,7515217,22356,2738356224,1,26559:11,103.7759090944169,847423,328802248,2443600
100993838,26559,5088608256,5141110784,3097,2018,1244888,24,5011189760,2001,2018593,337717,7515290,22356,2729582592,1,26559:10,94.3029610309328,847423,328802248,2443600
101099820,26559,5097390080,5141110784,3104,2022,1247022,24,5011189760,2001,2018601,337720,7515364,22356,2720821248,1,26559:12,103.790841601815,847423,328802248,2443600
101206152,26559,5106040832,5141110784,3115,2022,1249166,24,5011189760,2001,2018612,337721,7515438,22356,2712047616,1,26559:10,103.44994273575443,847423,328802248,2443600
101312192,26559,5114822656,5141110784,3123,2024,1251306,24,5011189760,2001,2018621,337723,7515511,22356,2703273984,1,26559:11,94.3036653656313,847423,328802248,2443600
101418212,26559,5123604480,5141110784,3134,2024,1253438,24,5011189760,2001,2018632,337725,7515583,22356,2695163904,1,26559:10,103.7542122323726,847423,328802248,2443600
101524216,26559,5132779520,5141110784,3143,2025,1255679,24,5011189760,2001,2018642,337731,7515650,22356,2685100032,1,26559:11,94.33620962864221,847423,328802248,2443600
101630352,26559,5046120448,5104799744,3148,2031,1260560,24,5011189760,2001,2018647,337740,7515721,22356,2765123584,1,26559:10,103.64016579147727,847423,328802248,2443600
101737160,26559,5100646400,5168738304,3152,2037,1273983,24,5011189760,2001,2018652,337746,7515795,22356,2714030080,1,26559:10,93.62617791679601,847423,328802248,2443600
101849201,26559,5102743552,5262192640,3185,2039,1275269,25,5011189760,2001,2018695,337749,7515847,22356,2712231936,8,26559:37;26924:0;26925:0;26926:0;26927:0;26928:0;26929:0;26930:0,312.3865590524127,847423,328802248,2443600
101967103,26559,5103005696,5262192640,3269,2040,1275473,25,5011189760,2001,2018785,337749,7515858,22356,2712231936,8,26559:87;26924:87;26925:88;26926:89;26927:89;26928:89;26929:88;26930:90,720.9361258904431,847423,328802248,2443600
102099379,26559,5103005696,5262192640,3365,2040,1275473,25,5011189760,2001,2018886,337749,7515867,22356,2712268800,8,26559:95;26924:95;26925:100;26926:98;26927:98;26928:97;26929:99;26930:98,725.7540045461685,847423,328802248,2443600
102237239,26559,5103005696,5262192640,3466,2040,1275473,25,5011189760,2001,2018982,337750,7515873,22356,2712268800,8,26559:99;26924:99;26925:95;26926:94;26927:96;26928:96;26929:97;26930:95,732.6280311188181,847423,328802248,2443600
102371656,26559,5103005696,5262192640,3565,2040,1275473,25,5011189760,2001,2019080,337750,7515883,22356,2712268800,8,26559:98;26924:98;26925:95;26926:95;26927:99;26928:100;26929:100;26930:101,736.5170948742337,847423,328802248,2443600
102503582,26559,5103005696,5262192640,3660,2040,1275473,25,5011189760,2001,2019174,337750,7515889,22356,2712268800,8,26559:96;26924:96;26925:96;26926:96;26927:96;26928:97;26929:94;26930:93,720.0968962383577,847423,328802248,2443600
102634051,26559,5103923200,5262192640,3755,2041,1275882,25,5011189760,2001,2019273,337750,7515890,22356,2711752704,8,26559:95;26924:101;26925:101;26926:101;26927:98;26928:96;26929:96;26930:99,735.8118460433894,847423,328802248,2443600
102757183,26559,5104709632,5262192640,3845,2041,1277130,25,5011189760,2001,2019369,337752,7515898,22356,2711494656,8,26559:90;26924:84;26925:89;26926:89;26927:86;26928:92;26929:92;26930:89,730.9207393935726,847423,328802248,2443600
102889482,26559,5104709632,5262192640,3939,2042,1277750,25,5011189760,2001,2019454,337752,7515912,22356,2711494656,8,26559:96;26924:96;26925:94;26926:96;26927:98;26928:93;26929:93;26930:93,718.0705670622164,847423,328802248,2443600
103021192,26559,5104709632,5262192640,4034,2043,1277750,25,5011189760,2001,2019544,337753,7515921,22356,2711494656,8,26559:95;26924:95;26925:95;26926:94;26927:92;26928:91;26929:94;26930:94,728.8738920386069,847423,328802248,2443600
103147703,26559,5104709632,5262192640,4123,2043,1277750,25,5011189760,2001,2019647,337754,7515922,22356,2711494656,8,26559:92;26924:92;26925:98;26926:97;26927:100;26928:100;26929:97;26930:100,703.4967948448893,847423,328802248,2443600
103277191,26559,5104709632,5262192640,4221,2043,1277750,25,5011189760,2001,2019737,337754,7515934,22356,2711494656,8,26559:97;26924:97;26925:90;26926:91;26927:88;26928:91;26929:91;26930:88,756.8245144665693,847423,328802248,2443600
103409191,26559,5104709632,5262192640,4316,2043,1277750,25,5011189760,2001,2019832,337754,7515943,22356,2711494656,8,26559:95;26924:95;26925:96;26926:96;26927:98;26928:96;26929:96;26930:96,719.6968497474948,847423,328802248,2443600
103541186,26559,5104709632,5262192640,4410,2044,1277750,25,5011189760,2001,2019931,337754,7515945,22356,2711494656,8,26559:93;26924:99;26925:96;26926:98;26927:96;26928:95;26929:98;26930:98,719.7250226154648,847423,328802248,2443600
103669191,26559,5104709632,5262192640,4506,2045,1277750,25,5011189760,2001,2020013,337754,7515955,22356,2711494656,8,26559:97;26924:91;26925:91;26926:88;26927:88;26928:88;26929:85;26930:88,757.7817979968405,847423,328802248,2443600
103793203,26559,5104709632,5262192640,4595,2045,1277750,25,5011189760,2001,2020106,337755,7515963,22356,2711494656,8,26559:89;26924:89;26925:92;26926:93;26927:93;26928:93;26929:96;26930:94,717.6750470119491,847423,328802248,2443600
103921188,26559,5104709632,5262192640,4687,2045,1277750,25,5011189760,2001,2020209,337755,7515965,22356,2711494656,8,26559:92;26924:101;26925:98;26926:97;26927:100;26928:100;26929:100;26930:99,718.8357717089166,847423,328802248,2443600
104048186,26559,4832923648,5098962944,4707,2055,1277750,25,5011189760,2001,2020213,337767,7516043,22356,2986070016,8,26559:31;26924:22;26925:22;26926:22;26927:19;26928:19;26929:16;26930:16,236.22272492692824,847423,328802248,2443600
104164590,26559,4515139584,5098962944,4707,2067,1277750,25,5011189760,2001,2020214,337779,7516124,22356,3319701504,8,26559:11;26924:12;26925:12;26926:12;26927:12;26928:12;26929:12;26930:12,103.08975635062538,847423,328802248,2443600
104284190,26559,4192522240,5098962944,4707,2079,1277750,25,5011189760,2001,2020216,337792,7516205,22356,3657768960,8,26559:12;26924:11;26925:11;26926:12;26927:12;26928:12;26929:12;26930:12,100.33394145735251,847423,328802248,2443600
104402025,26559,3839848448,5098962944,4707,2091,1277750,25,5011189760,2001,2020217,337804,7516285,22356,4014514176,8,26559:12;26924:12;26925:12;26926:11;26927:12;26928:12;26929:12;26930:12,101.83780750668544,847423,328802248,2443600
104520114,26559,3482341376,5098962944,4707,2102,1277750,25,5011189760,2001,2020219,337823,7516359,22356,4352790528,8,26559:12;26924:12;26925:12;26926:12;26927:12;26928:12;26929:12;26930:12,93.15004148860507,847423,328802248,2443600
104639300,26559,3124834304,5098962944,4707,2114,1277750,25,5011189760,2001,2020220,337846,7516427,22356,4721836032,8,26559:12;26924:12;26925:12;26926:12;26927:11;26928:11;26929:11;26930:12,100.68311817630655,847423,328802248,2443600
104754678,26559,2807050240,5098962944,4707,2126,1277750,25,5011189760,2001,2020221,337870,7516495,22356,5019787264,8,26559:11;26924:11;26925:11;26926:12;26927:12;26928:12;26929:12;26930:11,104.00567995819388,847423,328802248,2443600
104871499,26559,2516598784,2822361088,4707,2138,1277750,25,5011189760,2001,2020223,337894,7516564,22356,5317148672,8,26559:12;26924:12;26925:12;26926:11;26927:11;26928:11;26929:12;26930:12,102.72108056824376,847423,328802248,2443600
104989358,26559,2228572160,2822361088,4707,2150,1277750,25,5011189760,2001,2020224,337918,7516632,22356,5611356160,8,26559:12;26924:12;26925:12;26926:12;26927:12;26928:12;26929:11;26930:12,101.81667332703263,847423,328802248,2443600
105106664,26559,1920753664,2822361088,4707,2161,1277750,25,5011189760,2001,2020226,337942,7516702,22356,5904035840,8,26559:12;26924:12;26925:12;26926:12;26927:12;26928:12;26929:12;26930:12,93.77165832270823,847423,328802248,2443600
105227613,26559,1616203776,2822361088,4707,2173,1277750,25,5011189760,2001,2020227,337967,7516772,22356,6218153984,8,26559:12;26924:12;26925:12;26926:12;26927:12;26928:12;26929:12;26930:12,99.21589020531472,847423,328802248,2443600
105346846,26559,1286950912,2822361088,4707,2185,1277750,25,5011189760,2001,2020229,337992,7516840,22356,6539157504,8,26559:12;26924:12;26925:12;26926:12;26927:12;26928:12;26929:12;26930:11,100.64279800263296,847423,328802248,2443600
105465426,26559,1007001600,2822361088,4707,2197,1277750,25,5011189760,2001,2020231,338016,7516910,22356,6852788224,8,26559:11;26924:12;26925:12;26926:12;26927:12;26928:12;26929:12;26930:12,101.19743296182378,847423,328802248,2443600
105585689,26559,689262592,2822361088,4707,2209,1277750,25,5011189760,2001,2020232,338040,7516979,22356,7172444160,8,26559:12;26924:12;26925:12;26926:12;26927:12;26928:12;26929:12;26930:12,99.78182537578542,847423,328802248,2443600
105704153,26559,371085312,2822361088,4707,2221,1277750,25,5011189760,2001,2020234,338064,7517048,22356,7462719488,8,26559:12;26924:11;26925:12;26926:12;26927:12;26928:12;26929:12;26930:12,101.29645278055723,847423,328802248,2443600
105822766,26559,76894208,2822361088,4707,2233,1277750,25,5011189760,2001,2020235,338084,7517121,22356,7768485888,8,26559:12;26924:12;26925:11;26926:11;26927:12;26928:12;26929:12;26930:12,101.16888847596994,847423,328802248,2443600
105939949,26559,41398272,108822528,4716,2236,1277772,25,5011189760,2001,2020248,338086,7517200,22356,7784538112,8,26559:12;26924:12;26925:12;26926:12;26927:11;26928:12;26929:12;26930:12,102.4038353103631,847423,328802248,2443600
106056600,26559,37298176,104722432,4727,2236,1277772,25,5011189760,2001,2020260,338086,7517280,22356,7788437504,8,26559:11;26924:11;26925:12;26926:12;26927:12;26928:11;26929:11;26930:11,94.29902068581038,847423,328802248,2443600
