tensor_name,source_representation,target_representation,source_payload_bytes,target_payload_bytes,source_sha256,target_sha256,match
token_embd.weight,GGML_Q8_0,GGML_Q8_0,826531840,826531840,d8b93d1194b2618ce8db54fb89cb5a094428885d7d1415eaa0ba88d520813152,d8b93d1194b2618ce8db54fb89cb5a094428885d7d1415eaa0ba88d520813152,true
blk.0.attn_norm.weight,CanonicalPrimitive,CanonicalPrimitive,20480,20480,6536ff6ad122f2b73ffe09a6655e2640a9fb232232dfd8a03fe9cddfc4def5dc,6536ff6ad122f2b73ffe09a6655e2640a9fb232232dfd8a03fe9cddfc4def5dc,true
blk.0.attn_q.weight,GGML_Q8_0,GGML_Q8_0,44564480,44564480,211c45115ef6b7650776095120eb51cf206f0762024f27590c4ffe2e16f2a4c8,211c45115ef6b7650776095120eb51cf206f0762024f27590c4ffe2e16f2a4c8,true
blk.0.attn_q_norm.weight,CanonicalPrimitive,CanonicalPrimitive,512,512,1b216aa94651c7eb041315cc1584e08147b1388c0ed9503ae7eac2cf0895129b,1b216aa94651c7eb041315cc1584e08147b1388c0ed9503ae7eac2cf0895129b,true
blk.0.attn_k.weight,GGML_Q8_0,GGML_Q8_0,5570560,5570560,837fc968d99159608e2aced336e042b2af1482f8ec9acfce5553a85f17b8fbd2,837fc968d99159608e2aced336e042b2af1482f8ec9acfce5553a85f17b8fbd2,true
blk.0.attn_k_norm.weight,CanonicalPrimitive,CanonicalPrimitive,512,512,8aafa37aef9a4dd4db16246d11ae2b1b79765a23a843a32f97116682c3c41b5f,8aafa37aef9a4dd4db16246d11ae2b1b79765a23a843a32f97116682c3c41b5f,true
blk.0.attn_v.weight,GGML_Q8_0,GGML_Q8_0,5570560,5570560,abb45f2c4b6d9eeecb36713b176a9dd453ea77b2095bb0684312234bea71205a,abb45f2c4b6d9eeecb36713b176a9dd453ea77b2095bb0684312234bea71205a,true
blk.0.attn_output.weight,GGML_Q8_0,GGML_Q8_0,44564480,44564480,c340ba368ad69b6ffb7b73d151af21f751b615e248860a2fd254c81ce88aaa7f,c340ba368ad69b6ffb7b73d151af21f751b615e248860a2fd254c81ce88aaa7f,true
blk.0.ffn_norm.weight,CanonicalPrimitive,CanonicalPrimitive,20480,20480,441593fc2c29f678fa8a01c454a4928f742f3534f06c00f8a84939d3f112f587,441593fc2c29f678fa8a01c454a4928f742f3534f06c00f8a84939d3f112f587,true
blk.0.ffn_gate.weight,GGML_Q8_0,GGML_Q8_0,139264000,139264000,c41b3126ebc4e17ae444b8fa86e71f934c71c1500b845772b9125efa3f1d5d1b,c41b3126ebc4e17ae444b8fa86e71f934c71c1500b845772b9125efa3f1d5d1b,true
blk.0.ffn_up.weight,GGML_Q8_0,GGML_Q8_0,139264000,139264000,da2ed59061e2857464eed9cdeb2d1d96d8b2889078c99f7c98ee65fe3daf2e1a,da2ed59061e2857464eed9cdeb2d1d96d8b2889078c99f7c98ee65fe3daf2e1a,true
blk.0.ffn_down.weight,GGML_Q8_0,GGML_Q8_0,139264000,139264000,100e03ab0e7db0bc485eb26a8c058c9edd83f1bc3f713a34efcbbf8864ad3291,100e03ab0e7db0bc485eb26a8c058c9edd83f1bc3f713a34efcbbf8864ad3291,true
blk.1.attn_norm.weight,CanonicalPrimitive,CanonicalPrimitive,20480,20480,eb26e1ebd986e4927fb4c1ffd935933412824f54bb28f34078703eda5b540c70,eb26e1ebd986e4927fb4c1ffd935933412824f54bb28f34078703eda5b540c70,true
blk.1.attn_q.weight,GGML_Q8_0,GGML_Q8_0,44564480,44564480,4a88806e7fe1364bf9af770b18bae22f74bf45d95bd3d5de4acc5fc61ba1904e,4a88806e7fe1364bf9af770b18bae22f74bf45d95bd3d5de4acc5fc61ba1904e,true
blk.1.attn_q_norm.weight,CanonicalPrimitive,CanonicalPrimitive,512,512,252bc37a871486f554f63b3ad06be0cc5d7b97eee34bf0a19b2c5361502c067a,252bc37a871486f554f63b3ad06be0cc5d7b97eee34bf0a19b2c5361502c067a,true
blk.1.attn_k.weight,GGML_Q8_0,GGML_Q8_0,5570560,5570560,daf430450885a8dd986b32bd3e53cf382067f5953cb06a5fe0b725c95d3114f0,daf430450885a8dd986b32bd3e53cf382067f5953cb06a5fe0b725c95d3114f0,true
blk.1.attn_k_norm.weight,CanonicalPrimitive,CanonicalPrimitive,512,512,31395620e088480c538e85fb0d212f8c5e331c9f4e6ceec6397c13040f4f1fbb,31395620e088480c538e85fb0d212f8c5e331c9f4e6ceec6397c13040f4f1fbb,true
blk.1.attn_v.weight,GGML_Q8_0,GGML_Q8_0,5570560,5570560,325ca61cd5896827aebca5bd2695ac1d4c6ecbb49caa08141da6ca5fedfd2697,325ca61cd5896827aebca5bd2695ac1d4c6ecbb49caa08141da6ca5fedfd2697,true
blk.1.attn_output.weight,GGML_Q8_0,GGML_Q8_0,44564480,44564480,5a74adb2a81684f13aa2315671dc5e27941afc62201b2a9e46f02d014a4b77a6,5a74adb2a81684f13aa2315671dc5e27941afc62201b2a9e46f02d014a4b77a6,true
blk.1.ffn_norm.weight,CanonicalPrimitive,CanonicalPrimitive,20480,20480,0c4aca8d89b14b41bad9ae6dcddb6d483fb05b868a9925022f26a6b6c864311a,0c4aca8d89b14b41bad9ae6dcddb6d483fb05b868a9925022f26a6b6c864311a,true
blk.1.ffn_gate.weight,GGML_Q8_0,GGML_Q8_0,139264000,139264000,679ac7e1148bdf6fa6a9a2f129ab0e72380596fcb779f7f8b5c4e97759d7b5b2,679ac7e1148bdf6fa6a9a2f129ab0e72380596fcb779f7f8b5c4e97759d7b5b2,true
blk.1.ffn_up.weight,GGML_Q8_0,GGML_Q8_0,139264000,139264000,36634a612bb3da2bc70501ff503b6aceb17bfeb970671bff770b07efdffe0409,36634a612bb3da2bc70501ff503b6aceb17bfeb970671bff770b07efdffe0409,true
blk.1.ffn_down.weight,GGML_Q8_0,GGML_Q8_0,139264000,139264000,eab0aa996e35e62b07e11631d48a1cbbfd4c527b0cc632827d0ddf7abc44021a,eab0aa996e35e62b07e11631d48a1cbbfd4c527b0cc632827d0ddf7abc44021a,true
blk.2.attn_norm.weight,CanonicalPrimitive,CanonicalPrimitive,20480,20480,9e5fc8d7f0dad4556affcb1ffd4b8496ce44f51af3b54fbadea67b715f0d20dc,9e5fc8d7f0dad4556affcb1ffd4b8496ce44f51af3b54fbadea67b715f0d20dc,true
blk.2.attn_q.weight,GGML_Q8_0,GGML_Q8_0,44564480,44564480,fe0ca911245aff4e36db06f8994b8031b61845ca96f20d5b775aba3ff1cb1524,fe0ca911245aff4e36db06f8994b8031b61845ca96f20d5b775aba3ff1cb1524,true
blk.2.attn_q_norm.weight,CanonicalPrimitive,CanonicalPrimitive,512,512,a871609a513968bdc5f793dac9be33a35c962e37ced4188c3a3b39e7ae0dd860,a871609a513968bdc5f793dac9be33a35c962e37ced4188c3a3b39e7ae0dd860,true
blk.2.attn_k.weight,GGML_Q8_0,GGML_Q8_0,5570560,5570560,d70c1aa567ec3d4354334c3bea4d0b4fede005982c7a333ac3d8f2f7eb3abf25,d70c1aa567ec3d4354334c3bea4d0b4fede005982c7a333ac3d8f2f7eb3abf25,true
blk.2.attn_k_norm.weight,CanonicalPrimitive,CanonicalPrimitive,512,512,e8beb43c32503dc149adff2f13fd4733e977f995720e7a7fd928e9afd35e3e8f,e8beb43c32503dc149adff2f13fd4733e977f995720e7a7fd928e9afd35e3e8f,true
blk.2.attn_v.weight,GGML_Q8_0,GGML_Q8_0,5570560,5570560,62c580ee6eb9bd1ea16ebfcf5b1eef947a073003fb10aced817c3571bce3fb2a,62c580ee6eb9bd1ea16ebfcf5b1eef947a073003fb10aced817c3571bce3fb2a,true
blk.2.attn_output.weight,GGML_Q8_0,GGML_Q8_0,44564480,44564480,2d5f1323691ebf4a6d7897d7ee42e8b250bc5bdd5df969bc7803c823fb79dddf,2d5f1323691ebf4a6d7897d7ee42e8b250bc5bdd5df969bc7803c823fb79dddf,true
blk.2.ffn_norm.weight,CanonicalPrimitive,CanonicalPrimitive,20480,20480,0f873c25ae851220aa602f657efeabd08a6229117a7a7f4db92dec34e994c482,0f873c25ae851220aa602f657efeabd08a6229117a7a7f4db92dec34e994c482,true
blk.2.ffn_gate.weight,GGML_Q8_0,GGML_Q8_0,139264000,139264000,10c6d134b554bad2733666b16342bc5a53a6ea02a43b435e1884c2a47c8196b7,10c6d134b554bad2733666b16342bc5a53a6ea02a43b435e1884c2a47c8196b7,true
blk.2.ffn_up.weight,GGML_Q8_0,GGML_Q8_0,139264000,139264000,2be1c16b476ee3e5b09676bcae80a99911cfd9c240e7b18fe1ca4480e2226b4a,2be1c16b476ee3e5b09676bcae80a99911cfd9c240e7b18fe1ca4480e2226b4a,true
blk.2.ffn_down.weight,GGML_Q8_0,GGML_Q8_0,139264000,139264000,1d04bfc0788fde0dbec83240fbb64cbffbc9ed95d7660bd7666b433772ba5b12,1d04bfc0788fde0dbec83240fbb64cbffbc9ed95d7660bd7666b433772ba5b12,true
blk.3.attn_norm.weight,CanonicalPrimitive,CanonicalPrimitive,20480,20480,4f3e16974fdf19f1408af7282153becca8dc0b86f821ad8cd635bc81bbf07c50,4f3e16974fdf19f1408af7282153becca8dc0b86f821ad8cd635bc81bbf07c50,true
blk.3.attn_q.weight,GGML_Q8_0,GGML_Q8_0,44564480,44564480,3c56b582ef43a7f18c7f37b8ebbdd845c9c8992489336fe61d14c66b610fe54f,3c56b582ef43a7f18c7f37b8ebbdd845c9c8992489336fe61d14c66b610fe54f,true
blk.3.attn_q_norm.weight,CanonicalPrimitive,CanonicalPrimitive,512,512,41e0df7ba35f492b15fd8d2688fb761b2096127437acae9bb98113360d14911a,41e0df7ba35f492b15fd8d2688fb761b2096127437acae9bb98113360d14911a,true
blk.3.attn_k.weight,GGML_Q8_0,GGML_Q8_0,5570560,5570560,54bb41bf4c70bb8befd5c81720e890170f2c357d84aed6f77e5a5cfa92d06c38,54bb41bf4c70bb8befd5c81720e890170f2c357d84aed6f77e5a5cfa92d06c38,true
blk.3.attn_k_norm.weight,CanonicalPrimitive,CanonicalPrimitive,512,512,8aa34e924e0f4ce9cf31bbb13e6592f44b06bb0c937cc69be7b9e7c12655d951,8aa34e924e0f4ce9cf31bbb13e6592f44b06bb0c937cc69be7b9e7c12655d951,true
blk.3.attn_v.weight,GGML_Q8_0,GGML_Q8_0,5570560,5570560,5876c9d7193244039c89ce69920e37890d1930efcd3b8bb913d44fcb7fc4f772,5876c9d7193244039c89ce69920e37890d1930efcd3b8bb913d44fcb7fc4f772,true
blk.3.attn_output.weight,GGML_Q8_0,GGML_Q8_0,44564480,44564480,01be4f667f9ee7bc04675d48c8135a535bb364c034d9cb2bd5e12ed7e47562b6,01be4f667f9ee7bc04675d48c8135a535bb364c034d9cb2bd5e12ed7e47562b6,true
blk.3.ffn_norm.weight,CanonicalPrimitive,CanonicalPrimitive,20480,20480,a00577a9b0757aa98989f5fa22282a84c99e18777fb83e0a4b9c239251cce45f,a00577a9b0757aa98989f5fa22282a84c99e18777fb83e0a4b9c239251cce45f,true
blk.3.ffn_gate.weight,GGML_Q8_0,GGML_Q8_0,139264000,139264000,3ee642891f6ecfe83a465c738e300dbb805af2ffe4a2c1a17f6a0e4c9deb01ac,3ee642891f6ecfe83a465c738e300dbb805af2ffe4a2c1a17f6a0e4c9deb01ac,true
blk.3.ffn_up.weight,GGML_Q8_0,GGML_Q8_0,139264000,139264000,58cd650df8eef91e1da6bad4b0f7d29f82667071aaa3974ef88292d46c1a7880,58cd650df8eef91e1da6bad4b0f7d29f82667071aaa3974ef88292d46c1a7880,true
blk.3.ffn_down.weight,GGML_Q8_0,GGML_Q8_0,139264000,139264000,a73fa39dd9c527eb526bc6a885cbbfb0826b0ac808f66b0d5dbe82438334ec19,a73fa39dd9c527eb526bc6a885cbbfb0826b0ac808f66b0d5dbe82438334ec19,true
blk.4.attn_norm.weight,CanonicalPrimitive,CanonicalPrimitive,20480,20480,e8f99684692034e2ed86bc92788782936290f3efd7deca562c3fb0e2ded0925d,e8f99684692034e2ed86bc92788782936290f3efd7deca562c3fb0e2ded0925d,true
blk.4.attn_q.weight,GGML_Q8_0,GGML_Q8_0,44564480,44564480,481a1dacb08e34a86ac6b5f8115a418a5d7a34ebf1d42efce09437a6b092fc28,481a1dacb08e34a86ac6b5f8115a418a5d7a34ebf1d42efce09437a6b092fc28,true
blk.4.attn_q_norm.weight,CanonicalPrimitive,CanonicalPrimitive,512,512,378c19f3307a121f68ece66656bfb33b9ad8c6cbc25f01097f72b21b7fe8a109,378c19f3307a121f68ece66656bfb33b9ad8c6cbc25f01097f72b21b7fe8a109,true
blk.4.attn_k.weight,GGML_Q8_0,GGML_Q8_0,5570560,5570560,a347b14a8675182500ef733d3eeed53198adf7a3f51caf6f7b3f5da95307778c,a347b14a8675182500ef733d3eeed53198adf7a3f51caf6f7b3f5da95307778c,true
blk.4.attn_k_norm.weight,CanonicalPrimitive,CanonicalPrimitive,512,512,9f45766d05296167529cf136857399bb1e33ce4168ff0012cc64b69c9f0eb008,9f45766d05296167529cf136857399bb1e33ce4168ff0012cc64b69c9f0eb008,true
blk.4.attn_v.weight,GGML_Q8_0,GGML_Q8_0,5570560,5570560,6ad5f2788e30aaef49f6c4f22e75666e1de6cf038400418e62d24110ee4e4aff,6ad5f2788e30aaef49f6c4f22e75666e1de6cf038400418e62d24110ee4e4aff,true
blk.4.attn_output.weight,GGML_Q8_0,GGML_Q8_0,44564480,44564480,c74a4bdea964dd6b56af4c26018f1c9ddc0893e67799d9a3657664c9421a9150,c74a4bdea964dd6b56af4c26018f1c9ddc0893e67799d9a3657664c9421a9150,true
blk.4.ffn_norm.weight,CanonicalPrimitive,CanonicalPrimitive,20480,20480,53182ab46103c86d48368c5482c8d629676b8c4431b497de5f9a49c2f55eb655,53182ab46103c86d48368c5482c8d629676b8c4431b497de5f9a49c2f55eb655,true
blk.4.ffn_gate.weight,GGML_Q8_0,GGML_Q8_0,139264000,139264000,060bb93c7b0487b65a538db053e092f09876b5fe03f28a1c99b28bdc9f1ef47e,060bb93c7b0487b65a538db053e092f09876b5fe03f28a1c99b28bdc9f1ef47e,true
blk.4.ffn_up.weight,GGML_Q8_0,GGML_Q8_0,139264000,139264000,d6ff564c601ba3ec8593070b66038eae971c38fec4a937a6e1d1c8b4bcda11dd,d6ff564c601ba3ec8593070b66038eae971c38fec4a937a6e1d1c8b4bcda11dd,true
blk.4.ffn_down.weight,GGML_Q8_0,GGML_Q8_0,139264000,139264000,3ff98f910b0913ee8ee1b60ae3ac82eb945c8070e9062deebbf658850ae2f8ec,3ff98f910b0913ee8ee1b60ae3ac82eb945c8070e9062deebbf658850ae2f8ec,true
blk.5.attn_norm.weight,CanonicalPrimitive,CanonicalPrimitive,20480,20480,197bf3374a6bd88486076bfb46ee2062ba82b314134f9b4da074dea1e933d50f,197bf3374a6bd88486076bfb46ee2062ba82b314134f9b4da074dea1e933d50f,true
blk.5.attn_q.weight,GGML_Q8_0,GGML_Q8_0,44564480,44564480,e6dd85644883da32ddc5ca49180fcc96e707831d0d2d4f6a4221aa4c6b38c2ef,e6dd85644883da32ddc5ca49180fcc96e707831d0d2d4f6a4221aa4c6b38c2ef,true
blk.5.attn_q_norm.weight,CanonicalPrimitive,CanonicalPrimitive,512,512,6d47b448aedf1cdf58fc13296462728d5c8bf85c2ff7a68bac0ca3e998585bc7,6d47b448aedf1cdf58fc13296462728d5c8bf85c2ff7a68bac0ca3e998585bc7,true
blk.5.attn_k.weight,GGML_Q8_0,GGML_Q8_0,5570560,5570560,77f4b3e3f800e37e8704e6c18649b7242ce2df77c4aae6c481b4235515269162,77f4b3e3f800e37e8704e6c18649b7242ce2df77c4aae6c481b4235515269162,true
blk.5.attn_k_norm.weight,CanonicalPrimitive,CanonicalPrimitive,512,512,135dad689dff40cd0908f2a6b8dae9903a35ff2099b311eee854d56177bcc6fa,135dad689dff40cd0908f2a6b8dae9903a35ff2099b311eee854d56177bcc6fa,true
blk.5.attn_v.weight,GGML_Q8_0,GGML_Q8_0,5570560,5570560,c58dcdfc67a2098bdcd06db8851ad2e97208b2e2d4eebaba130364406e453794,c58dcdfc67a2098bdcd06db8851ad2e97208b2e2d4eebaba130364406e453794,true
blk.5.attn_output.weight,GGML_Q8_0,GGML_Q8_0,44564480,44564480,f89e20902855bc18d5874d58d0c06042688c07859f04a98d793450cf5fe7f601,f89e20902855bc18d5874d58d0c06042688c07859f04a98d793450cf5fe7f601,true
blk.5.ffn_norm.weight,CanonicalPrimitive,CanonicalPrimitive,20480,20480,585c13f266aace3bc758da3d0b5e95a3385333a1bc4fa1125be1ff9c46de4428,585c13f266aace3bc758da3d0b5e95a3385333a1bc4fa1125be1ff9c46de4428,true
blk.5.ffn_gate.weight,GGML_Q8_0,GGML_Q8_0,139264000,139264000,9a0eb10c24fc52b09b78c33dfe93ba238d55873a5347a33c8f47b4f4cb93ff6f,9a0eb10c24fc52b09b78c33dfe93ba238d55873a5347a33c8f47b4f4cb93ff6f,true
blk.5.ffn_up.weight,GGML_Q8_0,GGML_Q8_0,139264000,139264000,3c99c8d01344abb424b501b2ab9ee8da9c3562cd327bb0c73d1c03535a94e867,3c99c8d01344abb424b501b2ab9ee8da9c3562cd327bb0c73d1c03535a94e867,true
blk.5.ffn_down.weight,GGML_Q8_0,GGML_Q8_0,139264000,139264000,82ecf6c93cf38cf62c87e20b2c6a1113d074426c83972aa3dfb7a7d33254c8bf,82ecf6c93cf38cf62c87e20b2c6a1113d074426c83972aa3dfb7a7d33254c8bf,true
blk.6.attn_norm.weight,CanonicalPrimitive,CanonicalPrimitive,20480,20480,cdee0a6764d800bb0d4d1e0772ea4adc12d3b16577b85b279ab4cd0977f14a60,cdee0a6764d800bb0d4d1e0772ea4adc12d3b16577b85b279ab4cd0977f14a60,true
blk.6.attn_q.weight,GGML_Q8_0,GGML_Q8_0,44564480,44564480,e5685d5c19104c105565afc610a78ee60d007d1cebf9231584a8ae7d05437a3b,e5685d5c19104c105565afc610a78ee60d007d1cebf9231584a8ae7d05437a3b,true
blk.6.attn_q_norm.weight,CanonicalPrimitive,CanonicalPrimitive,512,512,da6aad3e9e46cd3656f569be327edf88200460de738c3a8fd6fa1609ca74bcb2,da6aad3e9e46cd3656f569be327edf88200460de738c3a8fd6fa1609ca74bcb2,true
blk.6.attn_k.weight,GGML_Q8_0,GGML_Q8_0,5570560,5570560,a10f28be47c09fde2e8748169924a3cb1a67d2860b19845e58546348542dd172,a10f28be47c09fde2e8748169924a3cb1a67d2860b19845e58546348542dd172,true
blk.6.attn_k_norm.weight,CanonicalPrimitive,CanonicalPrimitive,512,512,42622a73ebb95decd063fe2a19624b89fd604a23bf7aa31b2681d5f39f075be9,42622a73ebb95decd063fe2a19624b89fd604a23bf7aa31b2681d5f39f075be9,true
blk.6.attn_v.weight,GGML_Q8_0,GGML_Q8_0,5570560,5570560,a73bc269ccd72d86d926371a3c20911fb86ee223c46a38dd8bb36e0b346ebf0a,a73bc269ccd72d86d926371a3c20911fb86ee223c46a38dd8bb36e0b346ebf0a,true
blk.6.attn_output.weight,GGML_Q8_0,GGML_Q8_0,44564480,44564480,38e63d24f5a844181448a8a50a0f900aff40732879c1a804a7a58ea07a9b5fbc,38e63d24f5a844181448a8a50a0f900aff40732879c1a804a7a58ea07a9b5fbc,true
blk.6.ffn_norm.weight,CanonicalPrimitive,CanonicalPrimitive,20480,20480,5a7847a2a2fdfc1798b6d288643118168d0cb0feece11bb3ec5cc5736387aed7,5a7847a2a2fdfc1798b6d288643118168d0cb0feece11bb3ec5cc5736387aed7,true
blk.6.ffn_gate.weight,GGML_Q8_0,GGML_Q8_0,139264000,139264000,a161da7c012f4dfc77d83f63d7067a594ccd28194c19a637b6d4bad86637f53e,a161da7c012f4dfc77d83f63d7067a594ccd28194c19a637b6d4bad86637f53e,true
blk.6.ffn_up.weight,GGML_Q8_0,GGML_Q8_0,139264000,139264000,6a441c998b01d67fa04697ef1b866d9cb2d8e3a72be34cf3211edbd7ce51171f,6a441c998b01d67fa04697ef1b866d9cb2d8e3a72be34cf3211edbd7ce51171f,true
blk.6.ffn_down.weight,GGML_Q8_0,GGML_Q8_0,139264000,139264000,70c32eb4f5b90ce18366a14477a1f1fc5927811e3c0eb99f6bd59771ad15effc,70c32eb4f5b90ce18366a14477a1f1fc5927811e3c0eb99f6bd59771ad15effc,true
blk.7.attn_norm.weight,CanonicalPrimitive,CanonicalPrimitive,20480,20480,3e496c747eb208b57bc1c45739a9d97fd31a54d6f8f31870855b054bba698a15,3e496c747eb208b57bc1c45739a9d97fd31a54d6f8f31870855b054bba698a15,true
blk.7.attn_q.weight,GGML_Q8_0,GGML_Q8_0,44564480,44564480,27869f7991d323d2c5894fff9f5a6002c4c5bf413673d847f11da496c197c423,27869f7991d323d2c5894fff9f5a6002c4c5bf413673d847f11da496c197c423,true
blk.7.attn_q_norm.weight,CanonicalPrimitive,CanonicalPrimitive,512,512,f86f24744d68674437dfb74ceb2310724280b1e84fdbf5799299374bfecfd19c,f86f24744d68674437dfb74ceb2310724280b1e84fdbf5799299374bfecfd19c,true
blk.7.attn_k.weight,GGML_Q8_0,GGML_Q8_0,5570560,5570560,4082e2ba35a2267183f906f404fd52a205813412fff5a29b83ab968d251bfcb1,4082e2ba35a2267183f906f404fd52a205813412fff5a29b83ab968d251bfcb1,true
blk.7.attn_k_norm.weight,CanonicalPrimitive,CanonicalPrimitive,512,512,609e0624dec9f37d1a5bcbc410286f70a1b3dedd7edcb3d54c2f8f0f9f09d950,609e0624dec9f37d1a5bcbc410286f70a1b3dedd7edcb3d54c2f8f0f9f09d950,true
blk.7.attn_v.weight,GGML_Q8_0,GGML_Q8_0,5570560,5570560,c10575862b8c8f39ee6d906711c3070518a44304fecec824291d0f2e6fd42b20,c10575862b8c8f39ee6d906711c3070518a44304fecec824291d0f2e6fd42b20,true
blk.7.attn_output.weight,GGML_Q8_0,GGML_Q8_0,44564480,44564480,90f78570c806e0f3426a86cfd5100ffb8b035c880fe8c9852c3c59244d5a7abd,90f78570c806e0f3426a86cfd5100ffb8b035c880fe8c9852c3c59244d5a7abd,true
blk.7.ffn_norm.weight,CanonicalPrimitive,CanonicalPrimitive,20480,20480,23934fc83e28a276af346bc91157b9697a024ada5ad3b3ef6e158a115791cc76,23934fc83e28a276af346bc91157b9697a024ada5ad3b3ef6e158a115791cc76,true
blk.7.ffn_gate.weight,GGML_Q8_0,GGML_Q8_0,139264000,139264000,9e80ac32173ef18d86e1fb6678e6d8111944039f45a7c0fd16f900655284b245,9e80ac32173ef18d86e1fb6678e6d8111944039f45a7c0fd16f900655284b245,true
blk.7.ffn_up.weight,GGML_Q8_0,GGML_Q8_0,139264000,139264000,31fcad8d59e76d399594d5ac4dae33d351201531bae70294a8e6933b36738a69,31fcad8d59e76d399594d5ac4dae33d351201531bae70294a8e6933b36738a69,true
blk.7.ffn_down.weight,GGML_Q8_0,GGML_Q8_0,139264000,139264000,981d18f6b5e622b25b1c386a65c9e0c4f5b73f8e40c776482eefe7fdc52a2c85,981d18f6b5e622b25b1c386a65c9e0c4f5b73f8e40c776482eefe7fdc52a2c85,true
blk.8.attn_norm.weight,CanonicalPrimitive,CanonicalPrimitive,20480,20480,01c1634e11ec0d00eb8000e4fffe12fdc07bc84e85d4f51377f53715f152655f,01c1634e11ec0d00eb8000e4fffe12fdc07bc84e85d4f51377f53715f152655f,true
blk.8.attn_q.weight,GGML_Q8_0,GGML_Q8_0,44564480,44564480,610d05289502e1700fd9c0c4a4578b986f572a55fb808b3afb622e85d3f51187,610d05289502e1700fd9c0c4a4578b986f572a55fb808b3afb622e85d3f51187,true
blk.8.attn_q_norm.weight,CanonicalPrimitive,CanonicalPrimitive,512,512,61e5b8cd4df45fc8cf425436c8f389ef7aa3ea6eaaabbfb6235a72fd8a9916a6,61e5b8cd4df45fc8cf425436c8f389ef7aa3ea6eaaabbfb6235a72fd8a9916a6,true
blk.8.attn_k.weight,GGML_Q8_0,GGML_Q8_0,5570560,5570560,4a45ff18fa4a85e0ae720d4c938d0bfbc172a371558b9102d28f82f99f0c2e5e,4a45ff18fa4a85e0ae720d4c938d0bfbc172a371558b9102d28f82f99f0c2e5e,true
blk.8.attn_k_norm.weight,CanonicalPrimitive,CanonicalPrimitive,512,512,8faf80bfb9f3f137c645511eae594e99a71637c0492ae97fd66bdc1c4795887f,8faf80bfb9f3f137c645511eae594e99a71637c0492ae97fd66bdc1c4795887f,true
blk.8.attn_v.weight,GGML_Q8_0,GGML_Q8_0,5570560,5570560,e898086851a5eaf99033a985f6dfcc787bed8ef240e93276a637a013f5d279c8,e898086851a5eaf99033a985f6dfcc787bed8ef240e93276a637a013f5d279c8,true
blk.8.attn_output.weight,GGML_Q8_0,GGML_Q8_0,44564480,44564480,96f6f60187a7d693900ea396b60bf6cf181cd4b085ad2fc3757d0ad58d3e28f6,96f6f60187a7d693900ea396b60bf6cf181cd4b085ad2fc3757d0ad58d3e28f6,true
blk.8.ffn_norm.weight,CanonicalPrimitive,CanonicalPrimitive,20480,20480,7b730ce6054a756b8374f620f58efd4366bdbcf228e623633276d324a8263370,7b730ce6054a756b8374f620f58efd4366bdbcf228e623633276d324a8263370,true
blk.8.ffn_gate.weight,GGML_Q8_0,GGML_Q8_0,139264000,139264000,16df3f029b2e50d4f67aafabdf650445ae13d8dd3ee41b52171d79daab051320,16df3f029b2e50d4f67aafabdf650445ae13d8dd3ee41b52171d79daab051320,true
blk.8.ffn_up.weight,GGML_Q8_0,GGML_Q8_0,139264000,139264000,4fb51578b7a3665de976dfe5e6aec2b6e7c53b005270dcc9f2f6ac38e53aef6c,4fb51578b7a3665de976dfe5e6aec2b6e7c53b005270dcc9f2f6ac38e53aef6c,true
blk.8.ffn_down.weight,GGML_Q8_0,GGML_Q8_0,139264000,139264000,6fdcdff067b0bd4b03687f1790d0c6fa92f5530a7721e72abab36ef835525d69,6fdcdff067b0bd4b03687f1790d0c6fa92f5530a7721e72abab36ef835525d69,true
blk.9.attn_norm.weight,CanonicalPrimitive,CanonicalPrimitive,20480,20480,3a4d78e16369f3ac96049c11c9d7b5e7056dde05cc9404e90d57a70a4d290f57,3a4d78e16369f3ac96049c11c9d7b5e7056dde05cc9404e90d57a70a4d290f57,true
blk.9.attn_q.weight,GGML_Q8_0,GGML_Q8_0,44564480,44564480,05d1a11e869e88e3e23c9852279896f3759340dfc4f3dcfffcf4b774c62591b3,05d1a11e869e88e3e23c9852279896f3759340dfc4f3dcfffcf4b774c62591b3,true
blk.9.attn_q_norm.weight,CanonicalPrimitive,CanonicalPrimitive,512,512,2915df502e5c114ea4530c601552815f19e51930d070ecc26264343348bbb411,2915df502e5c114ea4530c601552815f19e51930d070ecc26264343348bbb411,true
blk.9.attn_k.weight,GGML_Q8_0,GGML_Q8_0,5570560,5570560,a0f5a8d87f3ec6d9044ab43786caa3bada97fe7d9d83d65246b8384a819e6c60,a0f5a8d87f3ec6d9044ab43786caa3bada97fe7d9d83d65246b8384a819e6c60,true
blk.9.attn_k_norm.weight,CanonicalPrimitive,CanonicalPrimitive,512,512,30569d401b32a31b082b8f995dfed13a13c5699d885555b4df7199e2b8134282,30569d401b32a31b082b8f995dfed13a13c5699d885555b4df7199e2b8134282,true
blk.9.attn_v.weight,GGML_Q8_0,GGML_Q8_0,5570560,5570560,d8526a952d7896d1b484e77bdfe0db5fd791ba920c4e9b1cc8645e49c77cfbad,d8526a952d7896d1b484e77bdfe0db5fd791ba920c4e9b1cc8645e49c77cfbad,true
blk.9.attn_output.weight,GGML_Q8_0,GGML_Q8_0,44564480,44564480,0f15be4499720cb96a393f0c0808cf5bf3e9114a286bb854b100e146ed71aea2,0f15be4499720cb96a393f0c0808cf5bf3e9114a286bb854b100e146ed71aea2,true
blk.9.ffn_norm.weight,CanonicalPrimitive,CanonicalPrimitive,20480,20480,5fba08ff7cf7a6bded56b0c9e9b081be85eee5000c8cc5fc31dcef0722319c69,5fba08ff7cf7a6bded56b0c9e9b081be85eee5000c8cc5fc31dcef0722319c69,true
blk.9.ffn_gate.weight,GGML_Q8_0,GGML_Q8_0,139264000,139264000,ca559894a75152843112cc47cc2ff7c10225143245a6c3dd9f13e794d9118bd4,ca559894a75152843112cc47cc2ff7c10225143245a6c3dd9f13e794d9118bd4,true
blk.9.ffn_up.weight,GGML_Q8_0,GGML_Q8_0,139264000,139264000,a7d9ad4f343f144fcbe7b26ae040be407081aa6b9496bc04af1a5805c29499a0,a7d9ad4f343f144fcbe7b26ae040be407081aa6b9496bc04af1a5805c29499a0,true
blk.9.ffn_down.weight,GGML_Q8_0,GGML_Q8_0,139264000,139264000,075a122f75633a24842c7b010567fbd94450c1e3fdc9426228453e70017446f9,075a122f75633a24842c7b010567fbd94450c1e3fdc9426228453e70017446f9,true
blk.10.attn_norm.weight,CanonicalPrimitive,CanonicalPrimitive,20480,20480,f2caf28da51c2ec117cdbe2ed458ecb3d5e5c3698e6e309545f3beaab3838008,f2caf28da51c2ec117cdbe2ed458ecb3d5e5c3698e6e309545f3beaab3838008,true
blk.10.attn_q.weight,GGML_Q8_0,GGML_Q8_0,44564480,44564480,6030bd60647a1a96a0e1cf499fc1a64a0c4bf5562add949bc9229b0572a20f3c,6030bd60647a1a96a0e1cf499fc1a64a0c4bf5562add949bc9229b0572a20f3c,true
blk.10.attn_q_norm.weight,CanonicalPrimitive,CanonicalPrimitive,512,512,021dc9558f83690da8b749652ea57a9946ff5c55d8db85bac8aab2596251c005,021dc9558f83690da8b749652ea57a9946ff5c55d8db85bac8aab2596251c005,true
blk.10.attn_k.weight,GGML_Q8_0,GGML_Q8_0,5570560,5570560,bfb4d69b99058c659ce075ec794b5d923b8a513ab6b7745a042383aa8dac13bf,bfb4d69b99058c659ce075ec794b5d923b8a513ab6b7745a042383aa8dac13bf,true
blk.10.attn_k_norm.weight,CanonicalPrimitive,CanonicalPrimitive,512,512,c6394cf16b11489ed59791688e47d4e68e74946dcd2d751c5a5f3a700fd8fc12,c6394cf16b11489ed59791688e47d4e68e74946dcd2d751c5a5f3a700fd8fc12,true
blk.10.attn_v.weight,GGML_Q8_0,GGML_Q8_0,5570560,5570560,8e6f586f47c8b881ecd2fe691a5ff70c95837ab312598c84ee4121fa0ed5a726,8e6f586f47c8b881ecd2fe691a5ff70c95837ab312598c84ee4121fa0ed5a726,true
blk.10.attn_output.weight,GGML_Q8_0,GGML_Q8_0,44564480,44564480,1115abd19576fbed232bd3180781ecf2386c3c77ae75bd21e977c03d1785bd83,1115abd19576fbed232bd3180781ecf2386c3c77ae75bd21e977c03d1785bd83,true
blk.10.ffn_norm.weight,CanonicalPrimitive,CanonicalPrimitive,20480,20480,70e44c99f227867550c02d1881855408c68d2e0d8b2a9cb5c38234f624f59cc1,70e44c99f227867550c02d1881855408c68d2e0d8b2a9cb5c38234f624f59cc1,true
blk.10.ffn_gate.weight,GGML_Q8_0,GGML_Q8_0,139264000,139264000,52a9edb7130c46c8bc785383de27de48319c4e16a496ce48ac538dcd33220275,52a9edb7130c46c8bc785383de27de48319c4e16a496ce48ac538dcd33220275,true
blk.10.ffn_up.weight,GGML_Q8_0,GGML_Q8_0,139264000,139264000,49d054e7755a4f0136946837f1cfd271e0877d259492a99271f9fc514b7724ef,49d054e7755a4f0136946837f1cfd271e0877d259492a99271f9fc514b7724ef,true
blk.10.ffn_down.weight,GGML_Q8_0,GGML_Q8_0,139264000,139264000,17dfb32841398732c2bb93fcbe5837238f77cd4833133a622b12a1452bda753d,17dfb32841398732c2bb93fcbe5837238f77cd4833133a622b12a1452bda753d,true
blk.11.attn_norm.weight,CanonicalPrimitive,CanonicalPrimitive,20480,20480,76de7756b878e9b93c54012bb9e2e1482d57d0fab20b3fe33c56c9cfd40da832,76de7756b878e9b93c54012bb9e2e1482d57d0fab20b3fe33c56c9cfd40da832,true
blk.11.attn_q.weight,GGML_Q8_0,GGML_Q8_0,44564480,44564480,3134142fe20f237c0ef409df19c72b40caa4dbd6b015692ab7bcf3b7d983b2fc,3134142fe20f237c0ef409df19c72b40caa4dbd6b015692ab7bcf3b7d983b2fc,true
blk.11.attn_q_norm.weight,CanonicalPrimitive,CanonicalPrimitive,512,512,cdd23ed08e2ba9a4e412afa2e6b9fb4ec2aed3a962022045c7c6427b0382f4e3,cdd23ed08e2ba9a4e412afa2e6b9fb4ec2aed3a962022045c7c6427b0382f4e3,true
blk.11.attn_k.weight,GGML_Q8_0,GGML_Q8_0,5570560,5570560,1252c0a0934b8388aa90759dab557497519604e1d4d8e6fe9b71da0ef3b83835,1252c0a0934b8388aa90759dab557497519604e1d4d8e6fe9b71da0ef3b83835,true
blk.11.attn_k_norm.weight,CanonicalPrimitive,CanonicalPrimitive,512,512,eb40df2fcb89ef76f8ee1c14deb4ddbf4d3040227b52fec31a83f82a2744cd08,eb40df2fcb89ef76f8ee1c14deb4ddbf4d3040227b52fec31a83f82a2744cd08,true
blk.11.attn_v.weight,GGML_Q8_0,GGML_Q8_0,5570560,5570560,04bdfead769bdd8b4329fbfceee140c23e773fe68ff8673b133e641fb884255c,04bdfead769bdd8b4329fbfceee140c23e773fe68ff8673b133e641fb884255c,true
blk.11.attn_output.weight,GGML_Q8_0,GGML_Q8_0,44564480,44564480,829318e0fc72c14d870b0a0170c0e6fb334548406f0f9d017ea9b2008bf5cbd0,829318e0fc72c14d870b0a0170c0e6fb334548406f0f9d017ea9b2008bf5cbd0,true
blk.11.ffn_norm.weight,CanonicalPrimitive,CanonicalPrimitive,20480,20480,b3063bae2cbae595d07d1c3a51dd0f6fbfc3937f3676b5f6568606af805d7c83,b3063bae2cbae595d07d1c3a51dd0f6fbfc3937f3676b5f6568606af805d7c83,true
blk.11.ffn_gate.weight,GGML_Q8_0,GGML_Q8_0,139264000,139264000,c124710ff444942476844a782c33ff1da8c39c6a96410255df72bdd1af1e2a2e,c124710ff444942476844a782c33ff1da8c39c6a96410255df72bdd1af1e2a2e,true
blk.11.ffn_up.weight,GGML_Q8_0,GGML_Q8_0,139264000,139264000,91ebbd2b082f3744621c650035fc5cbbd63a1559af1b69b0e069bd2a7e8e9cdb,91ebbd2b082f3744621c650035fc5cbbd63a1559af1b69b0e069bd2a7e8e9cdb,true
blk.11.ffn_down.weight,GGML_Q8_0,GGML_Q8_0,139264000,139264000,9325190bd6baca9b639766cddd3496e7ddfb57465d6b66f9614447a8a43e2400,9325190bd6baca9b639766cddd3496e7ddfb57465d6b66f9614447a8a43e2400,true
blk.12.attn_norm.weight,CanonicalPrimitive,CanonicalPrimitive,20480,20480,c53d42e2ac923decf7192eb4ffe3a3afa68227734cb2737932c0281869968aa7,c53d42e2ac923decf7192eb4ffe3a3afa68227734cb2737932c0281869968aa7,true
blk.12.attn_q.weight,GGML_Q8_0,GGML_Q8_0,44564480,44564480,00b75c8422f52d984df68da232debdccc5e9e5f26e4c2feb878effc0ea31e2ca,00b75c8422f52d984df68da232debdccc5e9e5f26e4c2feb878effc0ea31e2ca,true
blk.12.attn_q_norm.weight,CanonicalPrimitive,CanonicalPrimitive,512,512,1d1135627b25049589183a4deb0e6e9881c9dde384819807fd70a700f159b090,1d1135627b25049589183a4deb0e6e9881c9dde384819807fd70a700f159b090,true
blk.12.attn_k.weight,GGML_Q8_0,GGML_Q8_0,5570560,5570560,25c87bd443db5b177cdaf0f7b149459f128f021e4ba0e4eb26a33b3e19b14291,25c87bd443db5b177cdaf0f7b149459f128f021e4ba0e4eb26a33b3e19b14291,true
blk.12.attn_k_norm.weight,CanonicalPrimitive,CanonicalPrimitive,512,512,05028cda6e4e048767f28bf26509ecf2f50251fac1c00b538f35587c5331299a,05028cda6e4e048767f28bf26509ecf2f50251fac1c00b538f35587c5331299a,true
blk.12.attn_v.weight,GGML_Q8_0,GGML_Q8_0,5570560,5570560,1020eebb919ca24f58a68a2ce4e93f5020ad3b0c21e1ca0d738d5d2bce51ffdf,1020eebb919ca24f58a68a2ce4e93f5020ad3b0c21e1ca0d738d5d2bce51ffdf,true
blk.12.attn_output.weight,GGML_Q8_0,GGML_Q8_0,44564480,44564480,2738eaa0935d030ce63f9590b8756359a6c27d7ee756ce17a7d2a48b492deeb3,2738eaa0935d030ce63f9590b8756359a6c27d7ee756ce17a7d2a48b492deeb3,true
blk.12.ffn_norm.weight,CanonicalPrimitive,CanonicalPrimitive,20480,20480,cf375e6ec73a8ff0a6850ec7775f7ffe27856222e7da3bc4dd65c8409bac81d4,cf375e6ec73a8ff0a6850ec7775f7ffe27856222e7da3bc4dd65c8409bac81d4,true
blk.12.ffn_gate.weight,GGML_Q8_0,GGML_Q8_0,139264000,139264000,d8659289b0808c50cfd134879bc1f188ea787e6877f3c08af16b15a3e49f3f75,d8659289b0808c50cfd134879bc1f188ea787e6877f3c08af16b15a3e49f3f75,true
blk.12.ffn_up.weight,GGML_Q8_0,GGML_Q8_0,139264000,139264000,0b4e31ab4589df309ec9ee388bb30486899ad0b2b982f8cbca5541496f34775d,0b4e31ab4589df309ec9ee388bb30486899ad0b2b982f8cbca5541496f34775d,true
blk.12.ffn_down.weight,GGML_Q8_0,GGML_Q8_0,139264000,139264000,854e4d6427547821ddc3fdf5c5be381fef063350883eeaec9a58be5e378e7c4c,854e4d6427547821ddc3fdf5c5be381fef063350883eeaec9a58be5e378e7c4c,true
blk.13.attn_norm.weight,CanonicalPrimitive,CanonicalPrimitive,20480,20480,009ec103129b49f3864cbeac9f28ec6abfa62d67bcf179e8c744fad9825abe44,009ec103129b49f3864cbeac9f28ec6abfa62d67bcf179e8c744fad9825abe44,true
blk.13.attn_q.weight,GGML_Q8_0,GGML_Q8_0,44564480,44564480,a61a384177640a94f4379c697055141deebd3d2d53b3e305c737df251ded4797,a61a384177640a94f4379c697055141deebd3d2d53b3e305c737df251ded4797,true
blk.13.attn_q_norm.weight,CanonicalPrimitive,CanonicalPrimitive,512,512,ed455dda2c4a2e452c18e03cac74d391938122890e8e82a8129ab496f3a75c88,ed455dda2c4a2e452c18e03cac74d391938122890e8e82a8129ab496f3a75c88,true
blk.13.attn_k.weight,GGML_Q8_0,GGML_Q8_0,5570560,5570560,8aecf6de63dc8472bf167a2c3f270742207e47da0db5d332828512210ee3e7b1,8aecf6de63dc8472bf167a2c3f270742207e47da0db5d332828512210ee3e7b1,true
blk.13.attn_k_norm.weight,CanonicalPrimitive,CanonicalPrimitive,512,512,a79511a9c6518eda91f9e6bd630b8face2f8e87be4c2cf63f60c0998eee974c1,a79511a9c6518eda91f9e6bd630b8face2f8e87be4c2cf63f60c0998eee974c1,true
blk.13.attn_v.weight,GGML_Q8_0,GGML_Q8_0,5570560,5570560,4c00fe093ca7d3f7e4e911a7dda177df8553a32016cf0cceb5e70cb9773ab604,4c00fe093ca7d3f7e4e911a7dda177df8553a32016cf0cceb5e70cb9773ab604,true
blk.13.attn_output.weight,GGML_Q8_0,GGML_Q8_0,44564480,44564480,a46de27e27a12166341a982819737ad16c4be26af9be48243100a15af996342e,a46de27e27a12166341a982819737ad16c4be26af9be48243100a15af996342e,true
blk.13.ffn_norm.weight,CanonicalPrimitive,CanonicalPrimitive,20480,20480,acc1d67af87ce2284af3bfc8f467d191801cd4595feb284d71460493bf8429c5,acc1d67af87ce2284af3bfc8f467d191801cd4595feb284d71460493bf8429c5,true
blk.13.ffn_gate.weight,GGML_Q8_0,GGML_Q8_0,139264000,139264000,7a77b271f05e5c2709998f28e86afeaf13d8248cfc21ef73039ee3cb31d93f32,7a77b271f05e5c2709998f28e86afeaf13d8248cfc21ef73039ee3cb31d93f32,true
blk.13.ffn_up.weight,GGML_Q8_0,GGML_Q8_0,139264000,139264000,68a4eff5d28c909c0e823b31574136d44b75d775d88e10a52a412039c44e8719,68a4eff5d28c909c0e823b31574136d44b75d775d88e10a52a412039c44e8719,true
blk.13.ffn_down.weight,GGML_Q8_0,GGML_Q8_0,139264000,139264000,50081f0b388a39213a11f14018e3906a6d84a0234d519abd412f393f04c3b894,50081f0b388a39213a11f14018e3906a6d84a0234d519abd412f393f04c3b894,true
blk.14.attn_norm.weight,CanonicalPrimitive,CanonicalPrimitive,20480,20480,3a9e8be026b24c37189f46a0e30e7deed1b0729621a1d49833a7d5cd1fc5488b,3a9e8be026b24c37189f46a0e30e7deed1b0729621a1d49833a7d5cd1fc5488b,true
blk.14.attn_q.weight,GGML_Q8_0,GGML_Q8_0,44564480,44564480,5ceb3230ddf0da269f2a898f6b45d6af97f3f72aa721f3c5be32418066a097b8,5ceb3230ddf0da269f2a898f6b45d6af97f3f72aa721f3c5be32418066a097b8,true
blk.14.attn_q_norm.weight,CanonicalPrimitive,CanonicalPrimitive,512,512,348480c2babb0b57dc92a20cab3efc97888aeda143253f0d5ec0eabb1c7825fb,348480c2babb0b57dc92a20cab3efc97888aeda143253f0d5ec0eabb1c7825fb,true
blk.14.attn_k.weight,GGML_Q8_0,GGML_Q8_0,5570560,5570560,a77352c3ee71a17e3e51f273bbfa804f1fe82f986ec746ac263635ac82384028,a77352c3ee71a17e3e51f273bbfa804f1fe82f986ec746ac263635ac82384028,true
blk.14.attn_k_norm.weight,CanonicalPrimitive,CanonicalPrimitive,512,512,fb4ed783d430473b6a74a3b7751e6302d73bb6e62d3442392c900c596ae9defa,fb4ed783d430473b6a74a3b7751e6302d73bb6e62d3442392c900c596ae9defa,true
blk.14.attn_v.weight,GGML_Q8_0,GGML_Q8_0,5570560,5570560,8e6a6dc17248a24f8014a414a974d60a70f50886bfc1cc561853f3265fc41b4c,8e6a6dc17248a24f8014a414a974d60a70f50886bfc1cc561853f3265fc41b4c,true
blk.14.attn_output.weight,GGML_Q8_0,GGML_Q8_0,44564480,44564480,1e5ae2ffefbfbabce1c1e285643b339f7e78796fc47ba0f76e4820144769e653,1e5ae2ffefbfbabce1c1e285643b339f7e78796fc47ba0f76e4820144769e653,true
blk.14.ffn_norm.weight,CanonicalPrimitive,CanonicalPrimitive,20480,20480,22560673bdb7fbeafcb15f77b771b5d555443490fc7d9996f405736444c5f426,22560673bdb7fbeafcb15f77b771b5d555443490fc7d9996f405736444c5f426,true
blk.14.ffn_gate.weight,GGML_Q8_0,GGML_Q8_0,139264000,139264000,a4f53985d2fb769b48be4c7773e6bed202dbdbd32bcd2d49d15ffd0ca1dfed38,a4f53985d2fb769b48be4c7773e6bed202dbdbd32bcd2d49d15ffd0ca1dfed38,true
blk.14.ffn_up.weight,GGML_Q8_0,GGML_Q8_0,139264000,139264000,7e3340772aa65974a0c01520a71081dff53227578d8ac41158b462442fca7df0,7e3340772aa65974a0c01520a71081dff53227578d8ac41158b462442fca7df0,true
blk.14.ffn_down.weight,GGML_Q8_0,GGML_Q8_0,139264000,139264000,c26b1e6a374421d99aaea49138de9c26258937a4ecb1ee95298a29b88bcfe2b9,c26b1e6a374421d99aaea49138de9c26258937a4ecb1ee95298a29b88bcfe2b9,true
blk.15.attn_norm.weight,CanonicalPrimitive,CanonicalPrimitive,20480,20480,2d1b655b6e9ad147890916aa6d9018772a22ae12e7f2c49a6e01e420b4f5c65a,2d1b655b6e9ad147890916aa6d9018772a22ae12e7f2c49a6e01e420b4f5c65a,true
blk.15.attn_q.weight,GGML_Q8_0,GGML_Q8_0,44564480,44564480,883b73b33f8ef2ed79950501e1d23ad78b1ae3d5acdb5f243d40ad3d3cecafc4,883b73b33f8ef2ed79950501e1d23ad78b1ae3d5acdb5f243d40ad3d3cecafc4,true
blk.15.attn_q_norm.weight,CanonicalPrimitive,CanonicalPrimitive,512,512,591b2869f5af9f58f6f1fab46a92ad24023b8d06dba2654451d1432330ce430b,591b2869f5af9f58f6f1fab46a92ad24023b8d06dba2654451d1432330ce430b,true
blk.15.attn_k.weight,GGML_Q8_0,GGML_Q8_0,5570560,5570560,4e8999acd697cabc9f352d45a417fc4ff055d5b866743882c71707a0fd772f97,4e8999acd697cabc9f352d45a417fc4ff055d5b866743882c71707a0fd772f97,true
blk.15.attn_k_norm.weight,CanonicalPrimitive,CanonicalPrimitive,512,512,a7f46b0c335561c3c57d9a607111bdfbaed0ff852ab750343c89ca3c5195e67c,a7f46b0c335561c3c57d9a607111bdfbaed0ff852ab750343c89ca3c5195e67c,true
blk.15.attn_v.weight,GGML_Q8_0,GGML_Q8_0,5570560,5570560,c8afa5a0f1f904cbcf0b32f2464eefac56ef5270dc3482f143e2c14aa82ec5b7,c8afa5a0f1f904cbcf0b32f2464eefac56ef5270dc3482f143e2c14aa82ec5b7,true
blk.15.attn_output.weight,GGML_Q8_0,GGML_Q8_0,44564480,44564480,4331e8007fcf571714b36ec104ff4c424c56f936b7b59975cba41c3163e8f916,4331e8007fcf571714b36ec104ff4c424c56f936b7b59975cba41c3163e8f916,true
blk.15.ffn_norm.weight,CanonicalPrimitive,CanonicalPrimitive,20480,20480,e20d4ed998b20e1d432a9bf62bc515ddb26babbde0fe403e57d3badb00cb7d5e,e20d4ed998b20e1d432a9bf62bc515ddb26babbde0fe403e57d3badb00cb7d5e,true
blk.15.ffn_gate.weight,GGML_Q8_0,GGML_Q8_0,139264000,139264000,7139f40814dbcca22665b8f1bee248df1a0e3b8e8a69cffcc8c388fe6be9517e,7139f40814dbcca22665b8f1bee248df1a0e3b8e8a69cffcc8c388fe6be9517e,true
blk.15.ffn_up.weight,GGML_Q8_0,GGML_Q8_0,139264000,139264000,2ccfb2d3542f6132e48115605c85be3a86dc46dff772bcd2209105abe579ee3e,2ccfb2d3542f6132e48115605c85be3a86dc46dff772bcd2209105abe579ee3e,true
blk.15.ffn_down.weight,GGML_Q8_0,GGML_Q8_0,139264000,139264000,ba08bbcf1fa5c60c4076061afaa7e37a126b763acc3aee8e84e50011068fecfb,ba08bbcf1fa5c60c4076061afaa7e37a126b763acc3aee8e84e50011068fecfb,true
blk.16.attn_norm.weight,CanonicalPrimitive,CanonicalPrimitive,20480,20480,ac813b8f1152fce08569312540d4493e8e5842cda56dc733c9f46fbc67a2e790,ac813b8f1152fce08569312540d4493e8e5842cda56dc733c9f46fbc67a2e790,true
blk.16.attn_q.weight,GGML_Q8_0,GGML_Q8_0,44564480,44564480,5ddf10d7b4500d76ffe6bc074536c5ddac72fb6e1aa08a167aac96d9ccf9aec0,5ddf10d7b4500d76ffe6bc074536c5ddac72fb6e1aa08a167aac96d9ccf9aec0,true
blk.16.attn_q_norm.weight,CanonicalPrimitive,CanonicalPrimitive,512,512,79d754b35d3d88987411615c767e6a0982685ac98cf3a52b839756709d5c738a,79d754b35d3d88987411615c767e6a0982685ac98cf3a52b839756709d5c738a,true
blk.16.attn_k.weight,GGML_Q8_0,GGML_Q8_0,5570560,5570560,eefd62bb26452b6f9e6205a4cc04ee201d88b80b30f164e64a081283b9548e86,eefd62bb26452b6f9e6205a4cc04ee201d88b80b30f164e64a081283b9548e86,true
blk.16.attn_k_norm.weight,CanonicalPrimitive,CanonicalPrimitive,512,512,7bc8eccea0351415a54919f3119740b7c5233a4cfa753acb6d3fdea8f6f0fc25,7bc8eccea0351415a54919f3119740b7c5233a4cfa753acb6d3fdea8f6f0fc25,true
blk.16.attn_v.weight,GGML_Q8_0,GGML_Q8_0,5570560,5570560,6289d727b518f53ace91074f7091830200a6678e571bc3ddbbbf740b92c21aeb,6289d727b518f53ace91074f7091830200a6678e571bc3ddbbbf740b92c21aeb,true
blk.16.attn_output.weight,GGML_Q8_0,GGML_Q8_0,44564480,44564480,81f1cfed14eac6b842e2b2e533ed803eb93b38d2c7cea400d8b19c22eb562fb2,81f1cfed14eac6b842e2b2e533ed803eb93b38d2c7cea400d8b19c22eb562fb2,true
blk.16.ffn_norm.weight,CanonicalPrimitive,CanonicalPrimitive,20480,20480,dfcd7fa9902a1d5263573a48f7564ac4e31cd20c3c1f9b93a85eed8622414872,dfcd7fa9902a1d5263573a48f7564ac4e31cd20c3c1f9b93a85eed8622414872,true
blk.16.ffn_gate.weight,GGML_Q8_0,GGML_Q8_0,139264000,139264000,b1b79867cac633ec14e33c3fe584f5342d8121d9910f32a7fe106bb3dcb3c330,b1b79867cac633ec14e33c3fe584f5342d8121d9910f32a7fe106bb3dcb3c330,true
blk.16.ffn_up.weight,GGML_Q8_0,GGML_Q8_0,139264000,139264000,8ffb1c6575c9a55c477c2843be587249cd9b1f339ff7d48e9e406377cd782198,8ffb1c6575c9a55c477c2843be587249cd9b1f339ff7d48e9e406377cd782198,true
blk.16.ffn_down.weight,GGML_Q8_0,GGML_Q8_0,139264000,139264000,15345c3a4e31f0ef32203b96fc25d86a49448e269895375a0b30e213a3f74989,15345c3a4e31f0ef32203b96fc25d86a49448e269895375a0b30e213a3f74989,true
blk.17.attn_norm.weight,CanonicalPrimitive,CanonicalPrimitive,20480,20480,5e74ebf8b9b67fa6a9aa082c3ace2adae80bdcc1d7bb773d6926c1d6ac4c07c8,5e74ebf8b9b67fa6a9aa082c3ace2adae80bdcc1d7bb773d6926c1d6ac4c07c8,true
blk.17.attn_q.weight,GGML_Q8_0,GGML_Q8_0,44564480,44564480,6cfc1ce3cd93c776b2e69489f0a4b826df1a1198364205f8e7c3bcbd059f9c43,6cfc1ce3cd93c776b2e69489f0a4b826df1a1198364205f8e7c3bcbd059f9c43,true
blk.17.attn_q_norm.weight,CanonicalPrimitive,CanonicalPrimitive,512,512,d8f0ab0c6d48e5926cb4d8741de2d2d0dd90a1f112b0b54a98bd051008db6400,d8f0ab0c6d48e5926cb4d8741de2d2d0dd90a1f112b0b54a98bd051008db6400,true
blk.17.attn_k.weight,GGML_Q8_0,GGML_Q8_0,5570560,5570560,c80e54ce78a69bba66ce8093284211f16d926f4305a89791ff6939646554333e,c80e54ce78a69bba66ce8093284211f16d926f4305a89791ff6939646554333e,true
blk.17.attn_k_norm.weight,CanonicalPrimitive,CanonicalPrimitive,512,512,e2eb9161d0cb2ef82c3ecf4d4d9ba7f0aa289329a5648fdd7df8f24e299e7bff,e2eb9161d0cb2ef82c3ecf4d4d9ba7f0aa289329a5648fdd7df8f24e299e7bff,true
blk.17.attn_v.weight,GGML_Q8_0,GGML_Q8_0,5570560,5570560,960e284d406b171c268328dd202c671dfcd714710738bf43b833eb22506e40df,960e284d406b171c268328dd202c671dfcd714710738bf43b833eb22506e40df,true
blk.17.attn_output.weight,GGML_Q8_0,GGML_Q8_0,44564480,44564480,9fbb08d6ec107dc9f781c0221e131da204e168a05f92734244e677c0816ac47c,9fbb08d6ec107dc9f781c0221e131da204e168a05f92734244e677c0816ac47c,true
blk.17.ffn_norm.weight,CanonicalPrimitive,CanonicalPrimitive,20480,20480,125102551b6e58805d3a3e2b13a8d9c112df46ce936855858bcca53e4d4e2051,125102551b6e58805d3a3e2b13a8d9c112df46ce936855858bcca53e4d4e2051,true
blk.17.ffn_gate.weight,GGML_Q8_0,GGML_Q8_0,139264000,139264000,bbd7ff2213d51eb01afa0812ededf5a5c34d6d59bf9612a8b8dfc21e32ed33c6,bbd7ff2213d51eb01afa0812ededf5a5c34d6d59bf9612a8b8dfc21e32ed33c6,true
blk.17.ffn_up.weight,GGML_Q8_0,GGML_Q8_0,139264000,139264000,82169d54bbea88992e0dd29cc6b1c097ab12b06f136f63bbc6e897ba8a75326a,82169d54bbea88992e0dd29cc6b1c097ab12b06f136f63bbc6e897ba8a75326a,true
blk.17.ffn_down.weight,GGML_Q8_0,GGML_Q8_0,139264000,139264000,68969b5e849441b2b6a2d74598c84875d09583db127ab3d1d4a82fb340d2d224,68969b5e849441b2b6a2d74598c84875d09583db127ab3d1d4a82fb340d2d224,true
blk.18.attn_norm.weight,CanonicalPrimitive,CanonicalPrimitive,20480,20480,a8c766f9945dbf671fcae0eac88fc05c35a7aa562ebeb2f9bbde9803295e1189,a8c766f9945dbf671fcae0eac88fc05c35a7aa562ebeb2f9bbde9803295e1189,true
blk.18.attn_q.weight,GGML_Q8_0,GGML_Q8_0,44564480,44564480,4e52f2299b7cb0831d6b7a487957cf24f7999f497be481e2430a667f2f6ccb40,4e52f2299b7cb0831d6b7a487957cf24f7999f497be481e2430a667f2f6ccb40,true
blk.18.attn_q_norm.weight,CanonicalPrimitive,CanonicalPrimitive,512,512,ba30d00a82382a6a464a321cd87358a05dd5ddca68f5cb1c39081b922ffd6675,ba30d00a82382a6a464a321cd87358a05dd5ddca68f5cb1c39081b922ffd6675,true
blk.18.attn_k.weight,GGML_Q8_0,GGML_Q8_0,5570560,5570560,99fc1a01b21d37cbc5c419808d25c3ff3f9041b853b2f8a599ce40e724afe910,99fc1a01b21d37cbc5c419808d25c3ff3f9041b853b2f8a599ce40e724afe910,true
blk.18.attn_k_norm.weight,CanonicalPrimitive,CanonicalPrimitive,512,512,e9674d64d6529613b3efae468f059284e4bfa82d027c7bd4ede0f1aef0267a59,e9674d64d6529613b3efae468f059284e4bfa82d027c7bd4ede0f1aef0267a59,true
blk.18.attn_v.weight,GGML_Q8_0,GGML_Q8_0,5570560,5570560,166d7eccd64b96c27b98cad04e93d8bdcdb6a5d9c252bcf278c11ada0c4f13ef,166d7eccd64b96c27b98cad04e93d8bdcdb6a5d9c252bcf278c11ada0c4f13ef,true
blk.18.attn_output.weight,GGML_Q8_0,GGML_Q8_0,44564480,44564480,2c5bc430f8469364ce155c16a4deeb28fb6ad4db43b0a5d5b8a3d0102a7d5ef0,2c5bc430f8469364ce155c16a4deeb28fb6ad4db43b0a5d5b8a3d0102a7d5ef0,true
blk.18.ffn_norm.weight,CanonicalPrimitive,CanonicalPrimitive,20480,20480,ac3412526618df76a87ec67be9ed8495081df03fd6d5a9d37df8c0274b15adb5,ac3412526618df76a87ec67be9ed8495081df03fd6d5a9d37df8c0274b15adb5,true
blk.18.ffn_gate.weight,GGML_Q8_0,GGML_Q8_0,139264000,139264000,2de21cbba8410cf3e3b679c4966b0f610707e7cf9c7ba9f487cdd8d2d2ca6c4f,2de21cbba8410cf3e3b679c4966b0f610707e7cf9c7ba9f487cdd8d2d2ca6c4f,true
blk.18.ffn_up.weight,GGML_Q8_0,GGML_Q8_0,139264000,139264000,2667ec6046a37677266d1ec5dbaa6cb75cb586db2c9328cb31a9c6a05336bc91,2667ec6046a37677266d1ec5dbaa6cb75cb586db2c9328cb31a9c6a05336bc91,true
blk.18.ffn_down.weight,GGML_Q8_0,GGML_Q8_0,139264000,139264000,70d3c5a23a50b903cb3bc7fb32fe366b7e7429523f3abaf2c0db9d49efe0383a,70d3c5a23a50b903cb3bc7fb32fe366b7e7429523f3abaf2c0db9d49efe0383a,true
blk.19.attn_norm.weight,CanonicalPrimitive,CanonicalPrimitive,20480,20480,9c6b2f1db0f96beb4b22503e1dc9cc8893909c1ee776bde55a9c3dcd543242cc,9c6b2f1db0f96beb4b22503e1dc9cc8893909c1ee776bde55a9c3dcd543242cc,true
blk.19.attn_q.weight,GGML_Q8_0,GGML_Q8_0,44564480,44564480,34eb2003d9da41f08357c057dfa3e3598bf3f44db50d1d0b936ce4bc1c0b163e,34eb2003d9da41f08357c057dfa3e3598bf3f44db50d1d0b936ce4bc1c0b163e,true
blk.19.attn_q_norm.weight,CanonicalPrimitive,CanonicalPrimitive,512,512,f95b06f10b32af0c4f900c1e7feffbb5c47d18dbac0916c910ad76a5ff14b825,f95b06f10b32af0c4f900c1e7feffbb5c47d18dbac0916c910ad76a5ff14b825,true
blk.19.attn_k.weight,GGML_Q8_0,GGML_Q8_0,5570560,5570560,9ffb2ef0fe1dd3385cde7116e8cdd84fef8a197c1fa92045cb91e2f1151202a4,9ffb2ef0fe1dd3385cde7116e8cdd84fef8a197c1fa92045cb91e2f1151202a4,true
blk.19.attn_k_norm.weight,CanonicalPrimitive,CanonicalPrimitive,512,512,bcd9813a86b57529d186c6f1c94c8a85f846e8577893ae95420b7e0ddd26b480,bcd9813a86b57529d186c6f1c94c8a85f846e8577893ae95420b7e0ddd26b480,true
blk.19.attn_v.weight,GGML_Q8_0,GGML_Q8_0,5570560,5570560,040ae3dc5ddc550908b5eceeed0b5a4c31ac3455af39df6b3684a640694b87bd,040ae3dc5ddc550908b5eceeed0b5a4c31ac3455af39df6b3684a640694b87bd,true
blk.19.attn_output.weight,GGML_Q8_0,GGML_Q8_0,44564480,44564480,053146ccdc48dda70579deb0f49236581dc0f9f26b46a3f1f6f94c87808de4b9,053146ccdc48dda70579deb0f49236581dc0f9f26b46a3f1f6f94c87808de4b9,true
blk.19.ffn_norm.weight,CanonicalPrimitive,CanonicalPrimitive,20480,20480,8b186718b0cdb29f86b43c41d75c3eff6d569ad66c04751f86a80cc2c166ddeb,8b186718b0cdb29f86b43c41d75c3eff6d569ad66c04751f86a80cc2c166ddeb,true
blk.19.ffn_gate.weight,GGML_Q8_0,GGML_Q8_0,139264000,139264000,f63c890c2f52af21f4f1f86402c41717183d07a9130e0bc1ee193cff8ea576b6,f63c890c2f52af21f4f1f86402c41717183d07a9130e0bc1ee193cff8ea576b6,true
blk.19.ffn_up.weight,GGML_Q8_0,GGML_Q8_0,139264000,139264000,2f4b5137564ce1037d391d540a9766334ea0fcf41730452f71b836b13cac2de3,2f4b5137564ce1037d391d540a9766334ea0fcf41730452f71b836b13cac2de3,true
blk.19.ffn_down.weight,GGML_Q8_0,GGML_Q8_0,139264000,139264000,520525c9c9882748a3225eb488856de60aeea082acc426f52f51d3be97f75b17,520525c9c9882748a3225eb488856de60aeea082acc426f52f51d3be97f75b17,true
blk.20.attn_norm.weight,CanonicalPrimitive,CanonicalPrimitive,20480,20480,e63c1bf9e36b514116e6a8fd558cf7916e74846cb94d500617e842f134721ac2,e63c1bf9e36b514116e6a8fd558cf7916e74846cb94d500617e842f134721ac2,true
blk.20.attn_q.weight,GGML_Q8_0,GGML_Q8_0,44564480,44564480,5de82ac33aa2477cc4700d3bf57615438c07be40b53e5e9c7f5ce29a90fb3055,5de82ac33aa2477cc4700d3bf57615438c07be40b53e5e9c7f5ce29a90fb3055,true
blk.20.attn_q_norm.weight,CanonicalPrimitive,CanonicalPrimitive,512,512,42c635dccb706c08515c4ff32273f1e763766487e9ff4a2794ee8310045c30d1,42c635dccb706c08515c4ff32273f1e763766487e9ff4a2794ee8310045c30d1,true
blk.20.attn_k.weight,GGML_Q8_0,GGML_Q8_0,5570560,5570560,4484ad6e2c544dbc1eb872a120b25b36165a37a55b185ad9d03f44ff8f120dc0,4484ad6e2c544dbc1eb872a120b25b36165a37a55b185ad9d03f44ff8f120dc0,true
blk.20.attn_k_norm.weight,CanonicalPrimitive,CanonicalPrimitive,512,512,efe826e80fbfd61e65c16ac0efb8017d2e5195bc82c158077e500d69daa900db,efe826e80fbfd61e65c16ac0efb8017d2e5195bc82c158077e500d69daa900db,true
blk.20.attn_v.weight,GGML_Q8_0,GGML_Q8_0,5570560,5570560,1c8e99f5dac8da9fa21fd860bdf13969333e91828de811e7f3c5769524ddd3e7,1c8e99f5dac8da9fa21fd860bdf13969333e91828de811e7f3c5769524ddd3e7,true
blk.20.attn_output.weight,GGML_Q8_0,GGML_Q8_0,44564480,44564480,43a524ab5b1b482ddc34bd5eeee5462e31cccbb510aaa594a8c02e455d71ac73,43a524ab5b1b482ddc34bd5eeee5462e31cccbb510aaa594a8c02e455d71ac73,true
blk.20.ffn_norm.weight,CanonicalPrimitive,CanonicalPrimitive,20480,20480,d7d8f43aab96ac7efc22e403e0e5e99ca5aa56c107bb514f2cc1804013f8266a,d7d8f43aab96ac7efc22e403e0e5e99ca5aa56c107bb514f2cc1804013f8266a,true
blk.20.ffn_gate.weight,GGML_Q8_0,GGML_Q8_0,139264000,139264000,479637b875231b53835e9254a1d5ddd0e4a7b8c8b95f8274059d46bb97e7fafe,479637b875231b53835e9254a1d5ddd0e4a7b8c8b95f8274059d46bb97e7fafe,true
blk.20.ffn_up.weight,GGML_Q8_0,GGML_Q8_0,139264000,139264000,14c27a6eb5c7926b1ab2191ee727308cbc281fe645531d2448625ef59276b690,14c27a6eb5c7926b1ab2191ee727308cbc281fe645531d2448625ef59276b690,true
blk.20.ffn_down.weight,GGML_Q8_0,GGML_Q8_0,139264000,139264000,4c1d983d94d2e2683b28f2437fa78db781e32d1e5baa8549747b8034f99464a6,4c1d983d94d2e2683b28f2437fa78db781e32d1e5baa8549747b8034f99464a6,true
blk.21.attn_norm.weight,CanonicalPrimitive,CanonicalPrimitive,20480,20480,d86458c3ec4121a4b6073b371d8e71491cb64552dc41138875fc8418d5a69242,d86458c3ec4121a4b6073b371d8e71491cb64552dc41138875fc8418d5a69242,true
blk.21.attn_q.weight,GGML_Q8_0,GGML_Q8_0,44564480,44564480,4f6dee673c8b8e26f3c1767f29715b1e69e501cb6effa0ff45145c0a3104bd4f,4f6dee673c8b8e26f3c1767f29715b1e69e501cb6effa0ff45145c0a3104bd4f,true
blk.21.attn_q_norm.weight,CanonicalPrimitive,CanonicalPrimitive,512,512,47c2b0d0a28b239e85e2f622f2664aa718ce838bc18737c980af42ff33e9bf58,47c2b0d0a28b239e85e2f622f2664aa718ce838bc18737c980af42ff33e9bf58,true
blk.21.attn_k.weight,GGML_Q8_0,GGML_Q8_0,5570560,5570560,a623242d7222fb3b7b29c9dab4cec24c01ea7260c44c86003c5888ec0d4d92d7,a623242d7222fb3b7b29c9dab4cec24c01ea7260c44c86003c5888ec0d4d92d7,true
blk.21.attn_k_norm.weight,CanonicalPrimitive,CanonicalPrimitive,512,512,baa2453839d93911a54edae216bb7d6952040aad407d8813f5efac10aabc5716,baa2453839d93911a54edae216bb7d6952040aad407d8813f5efac10aabc5716,true
blk.21.attn_v.weight,GGML_Q8_0,GGML_Q8_0,5570560,5570560,c34a3c56a913884e93de148a32adc3ca651576507b0c3016e759846a5bf82b47,c34a3c56a913884e93de148a32adc3ca651576507b0c3016e759846a5bf82b47,true
blk.21.attn_output.weight,GGML_Q8_0,GGML_Q8_0,44564480,44564480,c4c9d9c59ff919b44b5cc17f6546438c712dfae4d1c7fd38bbfce2e51385ee5c,c4c9d9c59ff919b44b5cc17f6546438c712dfae4d1c7fd38bbfce2e51385ee5c,true
blk.21.ffn_norm.weight,CanonicalPrimitive,CanonicalPrimitive,20480,20480,37c118b7dbce1fee262a5f7c69d25417512b65cde6c93d5e7897dfc239c223fd,37c118b7dbce1fee262a5f7c69d25417512b65cde6c93d5e7897dfc239c223fd,true
blk.21.ffn_gate.weight,GGML_Q8_0,GGML_Q8_0,139264000,139264000,83e67c9d958e1ae326f8bfd8349066e9e65d22d16632476a00a9a29e7234fda0,83e67c9d958e1ae326f8bfd8349066e9e65d22d16632476a00a9a29e7234fda0,true
blk.21.ffn_up.weight,GGML_Q8_0,GGML_Q8_0,139264000,139264000,3f12d6780b3e4a198c76aa5cfaef27ca1c8aecfbff370b2c9f6ca80b5eae2e4e,3f12d6780b3e4a198c76aa5cfaef27ca1c8aecfbff370b2c9f6ca80b5eae2e4e,true
blk.21.ffn_down.weight,GGML_Q8_0,GGML_Q8_0,139264000,139264000,3ac44657966a7630b8348f13a64dcd2955c0bd74b3979bdaba95969a6f27be0d,3ac44657966a7630b8348f13a64dcd2955c0bd74b3979bdaba95969a6f27be0d,true
blk.22.attn_norm.weight,CanonicalPrimitive,CanonicalPrimitive,20480,20480,f5bfc98487dc7075e8e74e7ee0dda029b0c58ac6fc83fd09053a8390454f5c94,f5bfc98487dc7075e8e74e7ee0dda029b0c58ac6fc83fd09053a8390454f5c94,true
blk.22.attn_q.weight,GGML_Q8_0,GGML_Q8_0,44564480,44564480,d329556171690bc6a737e88c1d6615862f024ae148b2c282b093ecd80f93a603,d329556171690bc6a737e88c1d6615862f024ae148b2c282b093ecd80f93a603,true
blk.22.attn_q_norm.weight,CanonicalPrimitive,CanonicalPrimitive,512,512,39d691d1225a976d0c1769d2a991ef92f4c772af051be15af22f31162140d315,39d691d1225a976d0c1769d2a991ef92f4c772af051be15af22f31162140d315,true
blk.22.attn_k.weight,GGML_Q8_0,GGML_Q8_0,5570560,5570560,2a5cf5e7951b8fdac2a351019ba57c59dd12e4308cd0103d6f76f56f819f2fe7,2a5cf5e7951b8fdac2a351019ba57c59dd12e4308cd0103d6f76f56f819f2fe7,true
blk.22.attn_k_norm.weight,CanonicalPrimitive,CanonicalPrimitive,512,512,3a36b6fceed0231b7d36f903c6631b3a9ab934d7b92c336cc3afd3ae78da002d,3a36b6fceed0231b7d36f903c6631b3a9ab934d7b92c336cc3afd3ae78da002d,true
blk.22.attn_v.weight,GGML_Q8_0,GGML_Q8_0,5570560,5570560,b0a1fddc6dc12b07ecd891f8e4debf3af982252871d96f40cedfd164b90c9046,b0a1fddc6dc12b07ecd891f8e4debf3af982252871d96f40cedfd164b90c9046,true
blk.22.attn_output.weight,GGML_Q8_0,GGML_Q8_0,44564480,44564480,be21d0e4318b36c5ba37a1e38b8fb1661c2f84590d7a2ed9e15b28fbe4902fa1,be21d0e4318b36c5ba37a1e38b8fb1661c2f84590d7a2ed9e15b28fbe4902fa1,true
blk.22.ffn_norm.weight,CanonicalPrimitive,CanonicalPrimitive,20480,20480,b7e7838a6804450458ae5aa3d15c69a03182cd36c8f61d6307cf57c8510123b5,b7e7838a6804450458ae5aa3d15c69a03182cd36c8f61d6307cf57c8510123b5,true
blk.22.ffn_gate.weight,GGML_Q8_0,GGML_Q8_0,139264000,139264000,a819e28e7e35790a4694beb46c2e80a029277fcafc5d30e1939d072b59a7a6a8,a819e28e7e35790a4694beb46c2e80a029277fcafc5d30e1939d072b59a7a6a8,true
blk.22.ffn_up.weight,GGML_Q8_0,GGML_Q8_0,139264000,139264000,e29b29fccd7f434cef59323aa8a38d0885034975f9255ba1e8b7a00185fd4f59,e29b29fccd7f434cef59323aa8a38d0885034975f9255ba1e8b7a00185fd4f59,true
blk.22.ffn_down.weight,GGML_Q8_0,GGML_Q8_0,139264000,139264000,8bfa7326da3639f02ee78b7b93604bc2a40c7eb13ee167b25bb5af92624f6154,8bfa7326da3639f02ee78b7b93604bc2a40c7eb13ee167b25bb5af92624f6154,true
blk.23.attn_norm.weight,CanonicalPrimitive,CanonicalPrimitive,20480,20480,cee1af97fcd194e6890f63e9126a4210010515979731b8aceddb8690e2cc4bdc,cee1af97fcd194e6890f63e9126a4210010515979731b8aceddb8690e2cc4bdc,true
blk.23.attn_q.weight,GGML_Q8_0,GGML_Q8_0,44564480,44564480,9890b5af36236255a0a1a528a5ca2ccef733fd4053dac979fada414e6f4a3964,9890b5af36236255a0a1a528a5ca2ccef733fd4053dac979fada414e6f4a3964,true
blk.23.attn_q_norm.weight,CanonicalPrimitive,CanonicalPrimitive,512,512,dbcbdc8c438d6a0cb2ec417f57633902bd64c8cc30af43e94933dfe900c299ab,dbcbdc8c438d6a0cb2ec417f57633902bd64c8cc30af43e94933dfe900c299ab,true
blk.23.attn_k.weight,GGML_Q8_0,GGML_Q8_0,5570560,5570560,2a533fb789c6886ccf3deeca7ba0daed326ae272bbceb3c79175ea3bb2c78edc,2a533fb789c6886ccf3deeca7ba0daed326ae272bbceb3c79175ea3bb2c78edc,true
blk.23.attn_k_norm.weight,CanonicalPrimitive,CanonicalPrimitive,512,512,8a6c118709993d2b59f493fe55dd5582241f468e06cd52eecf8d90d734fe8cc4,8a6c118709993d2b59f493fe55dd5582241f468e06cd52eecf8d90d734fe8cc4,true
blk.23.attn_v.weight,GGML_Q8_0,GGML_Q8_0,5570560,5570560,85dba83f5c3d453187b98efbff2daf9debf12ec2134dc8bb473f9ba7282ff8b1,85dba83f5c3d453187b98efbff2daf9debf12ec2134dc8bb473f9ba7282ff8b1,true
blk.23.attn_output.weight,GGML_Q8_0,GGML_Q8_0,44564480,44564480,b2e59639bc27edb29d1d9ef8427eb685f1c15bb82bfd124f0f389ac1254f10ad,b2e59639bc27edb29d1d9ef8427eb685f1c15bb82bfd124f0f389ac1254f10ad,true
blk.23.ffn_norm.weight,CanonicalPrimitive,CanonicalPrimitive,20480,20480,0b9b28bff9bc0ccfb197c1db916dfee65bd32d656ff192c0498153a453c3ccdf,0b9b28bff9bc0ccfb197c1db916dfee65bd32d656ff192c0498153a453c3ccdf,true
blk.23.ffn_gate.weight,GGML_Q8_0,GGML_Q8_0,139264000,139264000,fc81a3ff9ea520fcab96619f641e7665fedc570a0ca83094db6af6718b53a767,fc81a3ff9ea520fcab96619f641e7665fedc570a0ca83094db6af6718b53a767,true
blk.23.ffn_up.weight,GGML_Q8_0,GGML_Q8_0,139264000,139264000,fa8d20666770b2da5628f4f5e442af3deb157672cdf17b7c2c328952ace899d6,fa8d20666770b2da5628f4f5e442af3deb157672cdf17b7c2c328952ace899d6,true
blk.23.ffn_down.weight,GGML_Q8_0,GGML_Q8_0,139264000,139264000,4da819f5b86ca99d91452b19f768ed01bc42372804b84b0d7b47a95d8c5a0234,4da819f5b86ca99d91452b19f768ed01bc42372804b84b0d7b47a95d8c5a0234,true
blk.24.attn_norm.weight,CanonicalPrimitive,CanonicalPrimitive,20480,20480,a348b68115b294a34e3e075f9cf63a163f639bec4ca854a51b915622ee7fa21a,a348b68115b294a34e3e075f9cf63a163f639bec4ca854a51b915622ee7fa21a,true
blk.24.attn_q.weight,GGML_Q8_0,GGML_Q8_0,44564480,44564480,db41859f626c22f7ca1f8579a810f6390dffb229670ae6a02b9a9a8be07f82f5,db41859f626c22f7ca1f8579a810f6390dffb229670ae6a02b9a9a8be07f82f5,true
blk.24.attn_q_norm.weight,CanonicalPrimitive,CanonicalPrimitive,512,512,a65fc9413ae3fc780330ecbe4ee8d5092afcfd04c11b093bbf1bb4f3f6180780,a65fc9413ae3fc780330ecbe4ee8d5092afcfd04c11b093bbf1bb4f3f6180780,true
blk.24.attn_k.weight,GGML_Q8_0,GGML_Q8_0,5570560,5570560,d25f94185fca1cf5e9eaa08bb5c20beffd394b0fb4fd3ee5ff7afac4d28679bf,d25f94185fca1cf5e9eaa08bb5c20beffd394b0fb4fd3ee5ff7afac4d28679bf,true
blk.24.attn_k_norm.weight,CanonicalPrimitive,CanonicalPrimitive,512,512,0ead790b3c5de9976a531ce5b1d66502400a01aa1feb581fa7bf0c81e4b0d9e6,0ead790b3c5de9976a531ce5b1d66502400a01aa1feb581fa7bf0c81e4b0d9e6,true
blk.24.attn_v.weight,GGML_Q8_0,GGML_Q8_0,5570560,5570560,9e3e288b3cd3bd99f8602b438340cee24e7b51cb3474c91b49743b35a1bdacf3,9e3e288b3cd3bd99f8602b438340cee24e7b51cb3474c91b49743b35a1bdacf3,true
blk.24.attn_output.weight,GGML_Q8_0,GGML_Q8_0,44564480,44564480,1cd7064a0eef66aad97c3f38399234df15c87a3414ecbddc7987a4f6a5268f99,1cd7064a0eef66aad97c3f38399234df15c87a3414ecbddc7987a4f6a5268f99,true
blk.24.ffn_norm.weight,CanonicalPrimitive,CanonicalPrimitive,20480,20480,1d91e7c37775b3e3881819289f0d24c054ea031417095655c35ec5c09ff5f80d,1d91e7c37775b3e3881819289f0d24c054ea031417095655c35ec5c09ff5f80d,true
blk.24.ffn_gate.weight,GGML_Q8_0,GGML_Q8_0,139264000,139264000,280018b50c794b9841017428aa83f415d1c27f46f61026b05f6a9340138117db,280018b50c794b9841017428aa83f415d1c27f46f61026b05f6a9340138117db,true
blk.24.ffn_up.weight,GGML_Q8_0,GGML_Q8_0,139264000,139264000,721223ffe9b32f0c125743f31e0454318057b5acad24477d5b114258872c79bc,721223ffe9b32f0c125743f31e0454318057b5acad24477d5b114258872c79bc,true
blk.24.ffn_down.weight,GGML_Q8_0,GGML_Q8_0,139264000,139264000,a0bf0edcbf0207484e9bd08df83507fb1a69dbf9dcb2e389112c9514e61d260b,a0bf0edcbf0207484e9bd08df83507fb1a69dbf9dcb2e389112c9514e61d260b,true
blk.25.attn_norm.weight,CanonicalPrimitive,CanonicalPrimitive,20480,20480,39d3778d14ecce4baea1f5cc1bbed2f4432d631932d171fb747fc314cdb40227,39d3778d14ecce4baea1f5cc1bbed2f4432d631932d171fb747fc314cdb40227,true
blk.25.attn_q.weight,GGML_Q8_0,GGML_Q8_0,44564480,44564480,f5df7444d3851463d813594c255b0fda963b1f68506b231bba22cee9add03285,f5df7444d3851463d813594c255b0fda963b1f68506b231bba22cee9add03285,true
blk.25.attn_q_norm.weight,CanonicalPrimitive,CanonicalPrimitive,512,512,45505ec4d92c694a7e900a493500a12acfef5a769f4c93c472989658765d8fac,45505ec4d92c694a7e900a493500a12acfef5a769f4c93c472989658765d8fac,true
blk.25.attn_k.weight,GGML_Q8_0,GGML_Q8_0,5570560,5570560,2efd41fd26242a8fd2385722b323ecfcd8047a67ec69e2bfc16c2407b8d91b43,2efd41fd26242a8fd2385722b323ecfcd8047a67ec69e2bfc16c2407b8d91b43,true
blk.25.attn_k_norm.weight,CanonicalPrimitive,CanonicalPrimitive,512,512,399e58acd30b8c33668bc3d503deb852a5bf8e7ec781aef4834743caf9e98434,399e58acd30b8c33668bc3d503deb852a5bf8e7ec781aef4834743caf9e98434,true
blk.25.attn_v.weight,GGML_Q8_0,GGML_Q8_0,5570560,5570560,89685a72e331461f7b18c871d62e64c11f513f15b5841c329500954e9c8d4546,89685a72e331461f7b18c871d62e64c11f513f15b5841c329500954e9c8d4546,true
blk.25.attn_output.weight,GGML_Q8_0,GGML_Q8_0,44564480,44564480,00e2e20785ad3e0765b35333005e9eaf160f446ff7605c148f975ca6f80abe11,00e2e20785ad3e0765b35333005e9eaf160f446ff7605c148f975ca6f80abe11,true
blk.25.ffn_norm.weight,CanonicalPrimitive,CanonicalPrimitive,20480,20480,3dc37f08b2e4d94b98ff1b0f2edef6ea777e25e772b61bded1d5dd3cab5a8420,3dc37f08b2e4d94b98ff1b0f2edef6ea777e25e772b61bded1d5dd3cab5a8420,true
blk.25.ffn_gate.weight,GGML_Q8_0,GGML_Q8_0,139264000,139264000,e2f77f5dc0a4ea348ad3964e82f16f2f9e7dfda7c37715dc752f9cb3c53e3f30,e2f77f5dc0a4ea348ad3964e82f16f2f9e7dfda7c37715dc752f9cb3c53e3f30,true
blk.25.ffn_up.weight,GGML_Q8_0,GGML_Q8_0,139264000,139264000,c6f71e068f8a0ba1153493fccb01b68e7bc61650bc4a5484b4ca6b713b77cc69,c6f71e068f8a0ba1153493fccb01b68e7bc61650bc4a5484b4ca6b713b77cc69,true
blk.25.ffn_down.weight,GGML_Q8_0,GGML_Q8_0,139264000,139264000,e9e5831a5693cf8cbb2cf5137418aa01d73f5ea8e1fb6447c75594a7776606a2,e9e5831a5693cf8cbb2cf5137418aa01d73f5ea8e1fb6447c75594a7776606a2,true
blk.26.attn_norm.weight,CanonicalPrimitive,CanonicalPrimitive,20480,20480,62f1ea24872a8a28e0fb929e4c7b473842d80cd6c42ac7f0aee9163d07111abe,62f1ea24872a8a28e0fb929e4c7b473842d80cd6c42ac7f0aee9163d07111abe,true
blk.26.attn_q.weight,GGML_Q8_0,GGML_Q8_0,44564480,44564480,60c3f17066e194b15214ecafeb7d876159c1ac66484d91e3239e3f2837d94d31,60c3f17066e194b15214ecafeb7d876159c1ac66484d91e3239e3f2837d94d31,true
blk.26.attn_q_norm.weight,CanonicalPrimitive,CanonicalPrimitive,512,512,d69f286ca33d77c7127d0ea9b9e3240e01ce7f753d028757d67f7279dd054d80,d69f286ca33d77c7127d0ea9b9e3240e01ce7f753d028757d67f7279dd054d80,true
blk.26.attn_k.weight,GGML_Q8_0,GGML_Q8_0,5570560,5570560,49796a6102b6a7b01e78670e74d3f0a3ad076a09d91f1bae588ad277731272ca,49796a6102b6a7b01e78670e74d3f0a3ad076a09d91f1bae588ad277731272ca,true
blk.26.attn_k_norm.weight,CanonicalPrimitive,CanonicalPrimitive,512,512,0f15de9326caee4a8427a76e16695bbb0ac637b815b28795775a2a576ae7731d,0f15de9326caee4a8427a76e16695bbb0ac637b815b28795775a2a576ae7731d,true
blk.26.attn_v.weight,GGML_Q8_0,GGML_Q8_0,5570560,5570560,699459444a80e59144bf104112181d058a01fc93905cdf931a3e8bc4f4330443,699459444a80e59144bf104112181d058a01fc93905cdf931a3e8bc4f4330443,true
blk.26.attn_output.weight,GGML_Q8_0,GGML_Q8_0,44564480,44564480,9a5be3752df064bff838acfcf2ef5c07be5856647d653a029523c3b0dcb8225c,9a5be3752df064bff838acfcf2ef5c07be5856647d653a029523c3b0dcb8225c,true
blk.26.ffn_norm.weight,CanonicalPrimitive,CanonicalPrimitive,20480,20480,0b26d63aaaab95015f265ccc5ff4cd0fea2e7078fa1c0294ef71d7bd615a03ab,0b26d63aaaab95015f265ccc5ff4cd0fea2e7078fa1c0294ef71d7bd615a03ab,true
blk.26.ffn_gate.weight,GGML_Q8_0,GGML_Q8_0,139264000,139264000,20ce3be300e4e2db7b954ed151ce4827de995c48d2ea991584bc702a5c3f6b62,20ce3be300e4e2db7b954ed151ce4827de995c48d2ea991584bc702a5c3f6b62,true
blk.26.ffn_up.weight,GGML_Q8_0,GGML_Q8_0,139264000,139264000,9c3e45c88cfe94a267734c11985dbbe7544d32708509b87c19bb02c3802d4d34,9c3e45c88cfe94a267734c11985dbbe7544d32708509b87c19bb02c3802d4d34,true
blk.26.ffn_down.weight,GGML_Q8_0,GGML_Q8_0,139264000,139264000,59dd6e0e882c4d69dabcff4d376e5ce92a7e2944d8f9c8d190aea7e993b824f4,59dd6e0e882c4d69dabcff4d376e5ce92a7e2944d8f9c8d190aea7e993b824f4,true
blk.27.attn_norm.weight,CanonicalPrimitive,CanonicalPrimitive,20480,20480,c6b5efa5d1d33366f21598375fa3d2db56c4cfc14809ffeaea30fb655a447c21,c6b5efa5d1d33366f21598375fa3d2db56c4cfc14809ffeaea30fb655a447c21,true
blk.27.attn_q.weight,GGML_Q8_0,GGML_Q8_0,44564480,44564480,f3f516c3293eafa9b54f50a394b38612304323a392ce1abda20538871f8eeff7,f3f516c3293eafa9b54f50a394b38612304323a392ce1abda20538871f8eeff7,true
blk.27.attn_q_norm.weight,CanonicalPrimitive,CanonicalPrimitive,512,512,9e0c9f2ab1dbe0b63c86ec33e978b87e57ab3bd52a32d407fdeb80ffaa0ba77d,9e0c9f2ab1dbe0b63c86ec33e978b87e57ab3bd52a32d407fdeb80ffaa0ba77d,true
blk.27.attn_k.weight,GGML_Q8_0,GGML_Q8_0,5570560,5570560,7b20126334db7dc10b5b4bad1813b8f4481e62dbde275815fedf9c104ab89ac7,7b20126334db7dc10b5b4bad1813b8f4481e62dbde275815fedf9c104ab89ac7,true
blk.27.attn_k_norm.weight,CanonicalPrimitive,CanonicalPrimitive,512,512,1dad6430d6b77e8f4edd1cae9ef4bb88a7c71da651e0fb571c30dbe1eba3043b,1dad6430d6b77e8f4edd1cae9ef4bb88a7c71da651e0fb571c30dbe1eba3043b,true
blk.27.attn_v.weight,GGML_Q8_0,GGML_Q8_0,5570560,5570560,5851a0e95d2b99532382ad14caf6656348dff4092fc3d8cbfb8d06b662c51f7a,5851a0e95d2b99532382ad14caf6656348dff4092fc3d8cbfb8d06b662c51f7a,true
blk.27.attn_output.weight,GGML_Q8_0,GGML_Q8_0,44564480,44564480,07db21712646951d46fd4ea0f70eaf6e9f0b16292dd916e11fd5611cc3394845,07db21712646951d46fd4ea0f70eaf6e9f0b16292dd916e11fd5611cc3394845,true
blk.27.ffn_norm.weight,CanonicalPrimitive,CanonicalPrimitive,20480,20480,b75dc48a0a8356f646479360e10077ceac9d8cc39739848cc4e6d27a26503a02,b75dc48a0a8356f646479360e10077ceac9d8cc39739848cc4e6d27a26503a02,true
blk.27.ffn_gate.weight,GGML_Q8_0,GGML_Q8_0,139264000,139264000,60c4ede3c862289a778edbf57936fb0a90383f465226601a832b494f9022ff4d,60c4ede3c862289a778edbf57936fb0a90383f465226601a832b494f9022ff4d,true
blk.27.ffn_up.weight,GGML_Q8_0,GGML_Q8_0,139264000,139264000,840bfbbc05491815b210a16e83b44a086066c258ab3ca1419281c2365a1c6346,840bfbbc05491815b210a16e83b44a086066c258ab3ca1419281c2365a1c6346,true
blk.27.ffn_down.weight,GGML_Q8_0,GGML_Q8_0,139264000,139264000,e16cbc4338ae0d482c365ec5098e203685e0a2fb48ea9ff86616e78dc9f6332a,e16cbc4338ae0d482c365ec5098e203685e0a2fb48ea9ff86616e78dc9f6332a,true
blk.28.attn_norm.weight,CanonicalPrimitive,CanonicalPrimitive,20480,20480,3dc24c69fd2f8c3d5684c7f5c464ed3733ff7bbceba2a43c07a48e90051b28f8,3dc24c69fd2f8c3d5684c7f5c464ed3733ff7bbceba2a43c07a48e90051b28f8,true
blk.28.attn_q.weight,GGML_Q8_0,GGML_Q8_0,44564480,44564480,1f84286ee48c0bd6aba89c0d855b0fa577b1d11f6d72551a7ffb8779e802885f,1f84286ee48c0bd6aba89c0d855b0fa577b1d11f6d72551a7ffb8779e802885f,true
blk.28.attn_q_norm.weight,CanonicalPrimitive,CanonicalPrimitive,512,512,f261b1488c4c4f96df6f37705398f202b850dab6e31c253b29827d6519bb03a2,f261b1488c4c4f96df6f37705398f202b850dab6e31c253b29827d6519bb03a2,true
blk.28.attn_k.weight,GGML_Q8_0,GGML_Q8_0,5570560,5570560,a9693527f34fb7b3e94b958f4457025349e9cc1f2398ed31a34f60316b49f4da,a9693527f34fb7b3e94b958f4457025349e9cc1f2398ed31a34f60316b49f4da,true
blk.28.attn_k_norm.weight,CanonicalPrimitive,CanonicalPrimitive,512,512,c9296dac7bf2f20fa0e3f8e17e9fc186f1f3d5b69e18f1fa58c59309f20566ed,c9296dac7bf2f20fa0e3f8e17e9fc186f1f3d5b69e18f1fa58c59309f20566ed,true
blk.28.attn_v.weight,GGML_Q8_0,GGML_Q8_0,5570560,5570560,e84467d80b48b2f160f300fba5ba1497d237e37b4d52e4dd447d8cb00c815126,e84467d80b48b2f160f300fba5ba1497d237e37b4d52e4dd447d8cb00c815126,true
blk.28.attn_output.weight,GGML_Q8_0,GGML_Q8_0,44564480,44564480,f348b04e5f272404fb14102c4570555c62f7fb5960bf04812697c356320e247c,f348b04e5f272404fb14102c4570555c62f7fb5960bf04812697c356320e247c,true
blk.28.ffn_norm.weight,CanonicalPrimitive,CanonicalPrimitive,20480,20480,a25be40ee69af2f0fb6fdc854a483a2c80b933497d23cf783a657153063d71ba,a25be40ee69af2f0fb6fdc854a483a2c80b933497d23cf783a657153063d71ba,true
blk.28.ffn_gate.weight,GGML_Q8_0,GGML_Q8_0,139264000,139264000,4b6a4a67033a49e2739c62f42d667039bbf3731bc216e3bd223a2881c638f696,4b6a4a67033a49e2739c62f42d667039bbf3731bc216e3bd223a2881c638f696,true
blk.28.ffn_up.weight,GGML_Q8_0,GGML_Q8_0,139264000,139264000,ec5f1aa1d9d634471a665a1326fd9a45a84caf1fd2865adbffe995fdba0d9748,ec5f1aa1d9d634471a665a1326fd9a45a84caf1fd2865adbffe995fdba0d9748,true
blk.28.ffn_down.weight,GGML_Q8_0,GGML_Q8_0,139264000,139264000,ff14726c14459966d437fd6058b9f4f91b3cf9a63c2fc30eddc4c9b00751f9a8,ff14726c14459966d437fd6058b9f4f91b3cf9a63c2fc30eddc4c9b00751f9a8,true
blk.29.attn_norm.weight,CanonicalPrimitive,CanonicalPrimitive,20480,20480,ff9cc1c5101c44b31fec309f1541b07caede64ba452be1bdcf3088b585ef1d39,ff9cc1c5101c44b31fec309f1541b07caede64ba452be1bdcf3088b585ef1d39,true
blk.29.attn_q.weight,GGML_Q8_0,GGML_Q8_0,44564480,44564480,ac50c0cee7142d45942eb202ffd115fcccae16a2ff56f14162893ca63354ee19,ac50c0cee7142d45942eb202ffd115fcccae16a2ff56f14162893ca63354ee19,true
blk.29.attn_q_norm.weight,CanonicalPrimitive,CanonicalPrimitive,512,512,7dd8bc32c01f7faf58667053119e6095eb4bac746e66bca68ad885d3d9477cf7,7dd8bc32c01f7faf58667053119e6095eb4bac746e66bca68ad885d3d9477cf7,true
blk.29.attn_k.weight,GGML_Q8_0,GGML_Q8_0,5570560,5570560,841db1e4acf016d9147b0f6e08022335d50cb4ad573467f01d05b922d8d88d67,841db1e4acf016d9147b0f6e08022335d50cb4ad573467f01d05b922d8d88d67,true
blk.29.attn_k_norm.weight,CanonicalPrimitive,CanonicalPrimitive,512,512,561922101ff2d42c62e4c1dbad2bf6c3f55a8231cb852347f7c62e4886efd2c1,561922101ff2d42c62e4c1dbad2bf6c3f55a8231cb852347f7c62e4886efd2c1,true
blk.29.attn_v.weight,GGML_Q8_0,GGML_Q8_0,5570560,5570560,e1589268e7e93f6158f12f51a1be5b411c932a9fedefcd8c9cd5792bc8fb7f9d,e1589268e7e93f6158f12f51a1be5b411c932a9fedefcd8c9cd5792bc8fb7f9d,true
blk.29.attn_output.weight,GGML_Q8_0,GGML_Q8_0,44564480,44564480,f4ae217d0e85b4f24a76aca00f222a91117690fee2f6cc0c8c4a1d298b56ebc1,f4ae217d0e85b4f24a76aca00f222a91117690fee2f6cc0c8c4a1d298b56ebc1,true
blk.29.ffn_norm.weight,CanonicalPrimitive,CanonicalPrimitive,20480,20480,595ea808208ae9561295eb1e800612451dcbe775e56131714718c5b384b3623a,595ea808208ae9561295eb1e800612451dcbe775e56131714718c5b384b3623a,true
blk.29.ffn_gate.weight,GGML_Q8_0,GGML_Q8_0,139264000,139264000,c6825ba330efbd51dccc8cac020656b718ab1015bd5f15497c0e00ee4060731b,c6825ba330efbd51dccc8cac020656b718ab1015bd5f15497c0e00ee4060731b,true
blk.29.ffn_up.weight,GGML_Q8_0,GGML_Q8_0,139264000,139264000,89956e4953914f4901f32c9f362e48e24af3c2fc38f3933dcb5bfef9863c010b,89956e4953914f4901f32c9f362e48e24af3c2fc38f3933dcb5bfef9863c010b,true
blk.29.ffn_down.weight,GGML_Q8_0,GGML_Q8_0,139264000,139264000,2ebd706288fcfc6b5199deaaf150736666d5c40a0d81380a44f3db7648c3d80e,2ebd706288fcfc6b5199deaaf150736666d5c40a0d81380a44f3db7648c3d80e,true
blk.30.attn_norm.weight,CanonicalPrimitive,CanonicalPrimitive,20480,20480,6a00c2f2b0677343740148d1103e13a5fc0ad2681f70252655c3b5c4afc18904,6a00c2f2b0677343740148d1103e13a5fc0ad2681f70252655c3b5c4afc18904,true
blk.30.attn_q.weight,GGML_Q8_0,GGML_Q8_0,44564480,44564480,7446c71049f8d978bd2d6a8fcaa13632c3e7bb8a5e46a8367df90b21d475ef0b,7446c71049f8d978bd2d6a8fcaa13632c3e7bb8a5e46a8367df90b21d475ef0b,true
blk.30.attn_q_norm.weight,CanonicalPrimitive,CanonicalPrimitive,512,512,46c5f82a04ad56753b50aaa08d419c0c369f85ef98a1d41b81371f6b01366112,46c5f82a04ad56753b50aaa08d419c0c369f85ef98a1d41b81371f6b01366112,true
blk.30.attn_k.weight,GGML_Q8_0,GGML_Q8_0,5570560,5570560,ab2843faf95851172ff2e493d51a1263a99b9d60df72c5685add23ba608f88da,ab2843faf95851172ff2e493d51a1263a99b9d60df72c5685add23ba608f88da,true
blk.30.attn_k_norm.weight,CanonicalPrimitive,CanonicalPrimitive,512,512,6f699f6d48405aa759f77b1d1a8f2ba815b5b119ee909ca1a07c56dfc119e413,6f699f6d48405aa759f77b1d1a8f2ba815b5b119ee909ca1a07c56dfc119e413,true
blk.30.attn_v.weight,GGML_Q8_0,GGML_Q8_0,5570560,5570560,a1c47c58404ba9dc22cf8097341b682643516575601d7ad7bf0b287760230a09,a1c47c58404ba9dc22cf8097341b682643516575601d7ad7bf0b287760230a09,true
blk.30.attn_output.weight,GGML_Q8_0,GGML_Q8_0,44564480,44564480,e24b6f2fde5795d3074d4e73e9470f17d1652e90b568752fc6e1b33ff1891495,e24b6f2fde5795d3074d4e73e9470f17d1652e90b568752fc6e1b33ff1891495,true
blk.30.ffn_norm.weight,CanonicalPrimitive,CanonicalPrimitive,20480,20480,c336ee276bcfa93c6910264ba7fcca347221b1d46c39e02e35582a5a24ec5909,c336ee276bcfa93c6910264ba7fcca347221b1d46c39e02e35582a5a24ec5909,true
blk.30.ffn_gate.weight,GGML_Q8_0,GGML_Q8_0,139264000,139264000,f5497fed6caa49fc676f4002e46d7f8dd4f21e46fb35573d8805e6c646d6f3fd,f5497fed6caa49fc676f4002e46d7f8dd4f21e46fb35573d8805e6c646d6f3fd,true
blk.30.ffn_up.weight,GGML_Q8_0,GGML_Q8_0,139264000,139264000,2a964b38b4e601f0eff53f1ab93a246263afa8cef2a69cfc8fe6794f50da2867,2a964b38b4e601f0eff53f1ab93a246263afa8cef2a69cfc8fe6794f50da2867,true
blk.30.ffn_down.weight,GGML_Q8_0,GGML_Q8_0,139264000,139264000,06d2b53dc15ce9790b5915f321f6e2d978a36e19ec3b15cb466a5f106cce9d6e,06d2b53dc15ce9790b5915f321f6e2d978a36e19ec3b15cb466a5f106cce9d6e,true
blk.31.attn_norm.weight,CanonicalPrimitive,CanonicalPrimitive,20480,20480,e24a38e4c0441ef54c2bc51fe9f26d3503d6ed0612a91d8a1bc13b4cf98a79a2,e24a38e4c0441ef54c2bc51fe9f26d3503d6ed0612a91d8a1bc13b4cf98a79a2,true
blk.31.attn_q.weight,GGML_Q8_0,GGML_Q8_0,44564480,44564480,900ea0e03db2891d7524e3018b48e1e65ce0b0b757962ff120e6b277a5c968a9,900ea0e03db2891d7524e3018b48e1e65ce0b0b757962ff120e6b277a5c968a9,true
blk.31.attn_q_norm.weight,CanonicalPrimitive,CanonicalPrimitive,512,512,4e05e92b39aabd473b2090e0905bade26ca90c0f9ce12dc5fb8d1b4809d93dfe,4e05e92b39aabd473b2090e0905bade26ca90c0f9ce12dc5fb8d1b4809d93dfe,true
blk.31.attn_k.weight,GGML_Q8_0,GGML_Q8_0,5570560,5570560,c8f537665810e12e5279265ba55ca1716f2e9d3bf1f3c72e1a43f800c9a0688a,c8f537665810e12e5279265ba55ca1716f2e9d3bf1f3c72e1a43f800c9a0688a,true
blk.31.attn_k_norm.weight,CanonicalPrimitive,CanonicalPrimitive,512,512,0b92b598a94db60bff624994e120d433bf0dd24d21815742e5b399d3d3070e4a,0b92b598a94db60bff624994e120d433bf0dd24d21815742e5b399d3d3070e4a,true
blk.31.attn_v.weight,GGML_Q8_0,GGML_Q8_0,5570560,5570560,f0cc0d2257b58482a10ce0d29db3009d11d9d826df83e52e714632e3919422af,f0cc0d2257b58482a10ce0d29db3009d11d9d826df83e52e714632e3919422af,true
blk.31.attn_output.weight,GGML_Q8_0,GGML_Q8_0,44564480,44564480,5b110ea876c766a43f6198df3e4cfb6c33ea037efdda44f82e64f20e8cf3a993,5b110ea876c766a43f6198df3e4cfb6c33ea037efdda44f82e64f20e8cf3a993,true
blk.31.ffn_norm.weight,CanonicalPrimitive,CanonicalPrimitive,20480,20480,70446e8ad2a3ed5afa05d5a388538614393b9b41143e89e26174e4aa29c9b6a8,70446e8ad2a3ed5afa05d5a388538614393b9b41143e89e26174e4aa29c9b6a8,true
blk.31.ffn_gate.weight,GGML_Q8_0,GGML_Q8_0,139264000,139264000,b03e78f64fa906836a7af5bd5ff526bb371763d6e9f633238b044250a0ba9fe6,b03e78f64fa906836a7af5bd5ff526bb371763d6e9f633238b044250a0ba9fe6,true
blk.31.ffn_up.weight,GGML_Q8_0,GGML_Q8_0,139264000,139264000,73af29b38b064f4b568a2df3b61f543c497a8b727fe82a79d6cbac0714e401e5,73af29b38b064f4b568a2df3b61f543c497a8b727fe82a79d6cbac0714e401e5,true
blk.31.ffn_down.weight,GGML_Q8_0,GGML_Q8_0,139264000,139264000,d1ca67e04d517cebbef75676705820da940c54c71978963d1a4ae53bf99b4c45,d1ca67e04d517cebbef75676705820da940c54c71978963d1a4ae53bf99b4c45,true
blk.32.attn_norm.weight,CanonicalPrimitive,CanonicalPrimitive,20480,20480,ad4f59ab9d2bb83cf5e4a5dacaa86077d874a6dab81db21c566b2533e7ea188f,ad4f59ab9d2bb83cf5e4a5dacaa86077d874a6dab81db21c566b2533e7ea188f,true
blk.32.attn_q.weight,GGML_Q8_0,GGML_Q8_0,44564480,44564480,d076bd44582f6c586d7d60e7ae011e22beedac18f408b70a13ab72879d77fe5f,d076bd44582f6c586d7d60e7ae011e22beedac18f408b70a13ab72879d77fe5f,true
blk.32.attn_q_norm.weight,CanonicalPrimitive,CanonicalPrimitive,512,512,aa60719353b4ff3d0a75647e26125e1e6459ae700f4f2f339166dd64b169509a,aa60719353b4ff3d0a75647e26125e1e6459ae700f4f2f339166dd64b169509a,true
blk.32.attn_k.weight,GGML_Q8_0,GGML_Q8_0,5570560,5570560,73edad27bc2325ee870c1c52fe55b5acd6df14e9ec85cc58377623bf2e0530bc,73edad27bc2325ee870c1c52fe55b5acd6df14e9ec85cc58377623bf2e0530bc,true
blk.32.attn_k_norm.weight,CanonicalPrimitive,CanonicalPrimitive,512,512,205696acba0577b750ff1810e1c4c48625b0d212222e6ed0983e9331426a8104,205696acba0577b750ff1810e1c4c48625b0d212222e6ed0983e9331426a8104,true
blk.32.attn_v.weight,GGML_Q8_0,GGML_Q8_0,5570560,5570560,0a558e6d97eedd14a1f9e5351f676fbec4ba5eda60156892228af3f48aea253c,0a558e6d97eedd14a1f9e5351f676fbec4ba5eda60156892228af3f48aea253c,true
blk.32.attn_output.weight,GGML_Q8_0,GGML_Q8_0,44564480,44564480,73c6a8779fc8cd83f7b64778f28b21e53425598e802d9391d708e2593c90a0bf,73c6a8779fc8cd83f7b64778f28b21e53425598e802d9391d708e2593c90a0bf,true
blk.32.ffn_norm.weight,CanonicalPrimitive,CanonicalPrimitive,20480,20480,2576e406b51a87057c3a17f03d33dbbd893ffe4e607d8d6ee740a155abe92e86,2576e406b51a87057c3a17f03d33dbbd893ffe4e607d8d6ee740a155abe92e86,true
blk.32.ffn_gate.weight,GGML_Q8_0,GGML_Q8_0,139264000,139264000,2633f0e53043e5a6c5295e1ed24e8b2f3d00503672d5263ded1d33238e6c34f2,2633f0e53043e5a6c5295e1ed24e8b2f3d00503672d5263ded1d33238e6c34f2,true
blk.32.ffn_up.weight,GGML_Q8_0,GGML_Q8_0,139264000,139264000,d45d1586989778158190f2b50c6d6212619b6867f92119c55810b249dd658bf9,d45d1586989778158190f2b50c6d6212619b6867f92119c55810b249dd658bf9,true
blk.32.ffn_down.weight,GGML_Q8_0,GGML_Q8_0,139264000,139264000,8730b82f18da25e69664c9ace4a19bc395d63f92577eec3cc04465a7736141b8,8730b82f18da25e69664c9ace4a19bc395d63f92577eec3cc04465a7736141b8,true
blk.33.attn_norm.weight,CanonicalPrimitive,CanonicalPrimitive,20480,20480,85bf5c6b5bd0e413a464dbac4f5925f1c42776105267485a52795b49c767dc1c,85bf5c6b5bd0e413a464dbac4f5925f1c42776105267485a52795b49c767dc1c,true
blk.33.attn_q.weight,GGML_Q8_0,GGML_Q8_0,44564480,44564480,bd7eebcfbdb7ebc9d8495d2cc7a7f643f987f14cf36887648b37a483b194ce7f,bd7eebcfbdb7ebc9d8495d2cc7a7f643f987f14cf36887648b37a483b194ce7f,true
blk.33.attn_q_norm.weight,CanonicalPrimitive,CanonicalPrimitive,512,512,bb01edfc8a078c8e8db4974ef6678d2c2d105801372959b570079d624ac7f6f8,bb01edfc8a078c8e8db4974ef6678d2c2d105801372959b570079d624ac7f6f8,true
blk.33.attn_k.weight,GGML_Q8_0,GGML_Q8_0,5570560,5570560,31d525da5cec3c0cc7845526b39d9943285e7cdde554a5204f769a405bbd10a4,31d525da5cec3c0cc7845526b39d9943285e7cdde554a5204f769a405bbd10a4,true
blk.33.attn_k_norm.weight,CanonicalPrimitive,CanonicalPrimitive,512,512,9aadd0f5096378996197534aa2a9e7aa46c262c636391eb548d914d462b0e641,9aadd0f5096378996197534aa2a9e7aa46c262c636391eb548d914d462b0e641,true
blk.33.attn_v.weight,GGML_Q8_0,GGML_Q8_0,5570560,5570560,a8f34458169d32efa37d382f2120d28bee053e09922efafa8cdef7d99ae00891,a8f34458169d32efa37d382f2120d28bee053e09922efafa8cdef7d99ae00891,true
blk.33.attn_output.weight,GGML_Q8_0,GGML_Q8_0,44564480,44564480,ef7ecd52beb97ed4671985a9e9eb5eaa74d1300114b8329a69df5a0fd7caab72,ef7ecd52beb97ed4671985a9e9eb5eaa74d1300114b8329a69df5a0fd7caab72,true
blk.33.ffn_norm.weight,CanonicalPrimitive,CanonicalPrimitive,20480,20480,5786f86ca00c22b9382fb42096dccded9d615d6287bbb00a52c8041e0887e6c9,5786f86ca00c22b9382fb42096dccded9d615d6287bbb00a52c8041e0887e6c9,true
blk.33.ffn_gate.weight,GGML_Q8_0,GGML_Q8_0,139264000,139264000,cb12a7eed266bbeca24a6310da8c044102d373485c89551d687d3b4406392b41,cb12a7eed266bbeca24a6310da8c044102d373485c89551d687d3b4406392b41,true
blk.33.ffn_up.weight,GGML_Q8_0,GGML_Q8_0,139264000,139264000,3783c61ab5d285b5dbe46da150bdc8a963bd51fd8ef414a57b8c9242c8cc6225,3783c61ab5d285b5dbe46da150bdc8a963bd51fd8ef414a57b8c9242c8cc6225,true
blk.33.ffn_down.weight,GGML_Q8_0,GGML_Q8_0,139264000,139264000,95524340d7266cd5b72c3ab1bac97a1d2a9f8c13ea88ad288c572beb0652baf9,95524340d7266cd5b72c3ab1bac97a1d2a9f8c13ea88ad288c572beb0652baf9,true
blk.34.attn_norm.weight,CanonicalPrimitive,CanonicalPrimitive,20480,20480,ad99d11f80a82127780b2c24ede0c32caf095d4dbd7b8d2c76ef9a20d609755c,ad99d11f80a82127780b2c24ede0c32caf095d4dbd7b8d2c76ef9a20d609755c,true
blk.34.attn_q.weight,GGML_Q8_0,GGML_Q8_0,44564480,44564480,367086424c0272a47e58af78fd7ac139bb09ac8872210e5f04baeef0e86f3e9a,367086424c0272a47e58af78fd7ac139bb09ac8872210e5f04baeef0e86f3e9a,true
blk.34.attn_q_norm.weight,CanonicalPrimitive,CanonicalPrimitive,512,512,cde9e6cd0d8b38def1896541810a18fee608a9d14cc80996ba055666ec5ad100,cde9e6cd0d8b38def1896541810a18fee608a9d14cc80996ba055666ec5ad100,true
blk.34.attn_k.weight,GGML_Q8_0,GGML_Q8_0,5570560,5570560,06043ad440aa46b9411bc333077645c4a3cc7b2d540e56d345e34c111db1a70c,06043ad440aa46b9411bc333077645c4a3cc7b2d540e56d345e34c111db1a70c,true
blk.34.attn_k_norm.weight,CanonicalPrimitive,CanonicalPrimitive,512,512,45a6e539c638b5c495ebc56e333d63ad27d522cdf9d4c10e1820091ea16790f7,45a6e539c638b5c495ebc56e333d63ad27d522cdf9d4c10e1820091ea16790f7,true
blk.34.attn_v.weight,GGML_Q8_0,GGML_Q8_0,5570560,5570560,76fb6f9751600e5a01c3e4d27cc8a0ba854b74d1757cab58a7469e88f08b6655,76fb6f9751600e5a01c3e4d27cc8a0ba854b74d1757cab58a7469e88f08b6655,true
blk.34.attn_output.weight,GGML_Q8_0,GGML_Q8_0,44564480,44564480,c6b425354200f4fb0d4723c01fd10d78dd059e3beec6143fc54898db134356e0,c6b425354200f4fb0d4723c01fd10d78dd059e3beec6143fc54898db134356e0,true
blk.34.ffn_norm.weight,CanonicalPrimitive,CanonicalPrimitive,20480,20480,175aa82300a9590d4f0cbec72451f8b7991a6e20ac10e0b29cd795eb407a6d0d,175aa82300a9590d4f0cbec72451f8b7991a6e20ac10e0b29cd795eb407a6d0d,true
blk.34.ffn_gate.weight,GGML_Q8_0,GGML_Q8_0,139264000,139264000,1731b6b845a72981324fcc73a2803a5da9761bea2564f645afe1d519ed65d78a,1731b6b845a72981324fcc73a2803a5da9761bea2564f645afe1d519ed65d78a,true
blk.34.ffn_up.weight,GGML_Q8_0,GGML_Q8_0,139264000,139264000,3896dc85fd618928b3b553565dcfce304f29db6e0768681cd972305d27f8b024,3896dc85fd618928b3b553565dcfce304f29db6e0768681cd972305d27f8b024,true
blk.34.ffn_down.weight,GGML_Q8_0,GGML_Q8_0,139264000,139264000,c62bc3545763f8a6a289ec329dd81eb0afa7054b960da64512f98b1ea13385ed,c62bc3545763f8a6a289ec329dd81eb0afa7054b960da64512f98b1ea13385ed,true
blk.35.attn_norm.weight,CanonicalPrimitive,CanonicalPrimitive,20480,20480,63f2dbdd8ac748db2f8665206f972a537569a2b03ec132137dcbf8be71b610cb,63f2dbdd8ac748db2f8665206f972a537569a2b03ec132137dcbf8be71b610cb,true
blk.35.attn_q.weight,GGML_Q8_0,GGML_Q8_0,44564480,44564480,cde67bf32300a01a169ad790f0ded31df36cb95681615f9bd5a0875ecafda863,cde67bf32300a01a169ad790f0ded31df36cb95681615f9bd5a0875ecafda863,true
blk.35.attn_q_norm.weight,CanonicalPrimitive,CanonicalPrimitive,512,512,77e2fd36091375e7c17dd9135e194068290bb356dd53f9a84e8447990875ec94,77e2fd36091375e7c17dd9135e194068290bb356dd53f9a84e8447990875ec94,true
blk.35.attn_k.weight,GGML_Q8_0,GGML_Q8_0,5570560,5570560,fd5b81440468c8a7d9c49c11dd8a745326378ade1ace102bd51faf4cb7b2e035,fd5b81440468c8a7d9c49c11dd8a745326378ade1ace102bd51faf4cb7b2e035,true
blk.35.attn_k_norm.weight,CanonicalPrimitive,CanonicalPrimitive,512,512,bad3c6e87fb562f9baf37576f67b4d982757329c669bca34edc133df1d4d4e68,bad3c6e87fb562f9baf37576f67b4d982757329c669bca34edc133df1d4d4e68,true
blk.35.attn_v.weight,GGML_Q8_0,GGML_Q8_0,5570560,5570560,1f81548e31c083dad706a984011e09ce950fc353c9d136df8dccefb6d8382007,1f81548e31c083dad706a984011e09ce950fc353c9d136df8dccefb6d8382007,true
blk.35.attn_output.weight,GGML_Q8_0,GGML_Q8_0,44564480,44564480,845fd5a7637511a594ffbb467cbdae4b52c145a233f43b397073a3def8557fff,845fd5a7637511a594ffbb467cbdae4b52c145a233f43b397073a3def8557fff,true
blk.35.ffn_norm.weight,CanonicalPrimitive,CanonicalPrimitive,20480,20480,4ebd97e28663bb62cd9b77b45bcc393e88f6b9623a66a4887583e5bc9dc7c4f8,4ebd97e28663bb62cd9b77b45bcc393e88f6b9623a66a4887583e5bc9dc7c4f8,true
blk.35.ffn_gate.weight,GGML_Q8_0,GGML_Q8_0,139264000,139264000,bb2182caf68f85bb74784d9c5d9f0d168cdcf508aee8a7a692d22c621cf96fa4,bb2182caf68f85bb74784d9c5d9f0d168cdcf508aee8a7a692d22c621cf96fa4,true
blk.35.ffn_up.weight,GGML_Q8_0,GGML_Q8_0,139264000,139264000,baa212b60664633a33f6102f38d0ad49ce389a32af044cdef0604f28e2a30f37,baa212b60664633a33f6102f38d0ad49ce389a32af044cdef0604f28e2a30f37,true
blk.35.ffn_down.weight,GGML_Q8_0,GGML_Q8_0,139264000,139264000,74db4a9ef46820c6a99e59d70e3531b69a22bdbb205164ac96c3f6c28a6797ba,74db4a9ef46820c6a99e59d70e3531b69a22bdbb205164ac96c3f6c28a6797ba,true
blk.36.attn_norm.weight,CanonicalPrimitive,CanonicalPrimitive,20480,20480,e53cb2fcfee3dc01d6881a837cd2f08121ca5515428a7ff9ee27845021584dbc,e53cb2fcfee3dc01d6881a837cd2f08121ca5515428a7ff9ee27845021584dbc,true
blk.36.attn_q.weight,GGML_Q8_0,GGML_Q8_0,44564480,44564480,3fcbd88c325202665f97f0d8ec1cf6c87fffeb14af6df00f03c1bcf4a0bf4c3e,3fcbd88c325202665f97f0d8ec1cf6c87fffeb14af6df00f03c1bcf4a0bf4c3e,true
blk.36.attn_q_norm.weight,CanonicalPrimitive,CanonicalPrimitive,512,512,1c08c2f57b42d591e07116041787f5fd29b2995e560c2af20935d2cace1c2859,1c08c2f57b42d591e07116041787f5fd29b2995e560c2af20935d2cace1c2859,true
blk.36.attn_k.weight,GGML_Q8_0,GGML_Q8_0,5570560,5570560,2f6cc07ce5c661773a64cdeb694a70644ee297f360739edae97362bae50e2faa,2f6cc07ce5c661773a64cdeb694a70644ee297f360739edae97362bae50e2faa,true
blk.36.attn_k_norm.weight,CanonicalPrimitive,CanonicalPrimitive,512,512,5dda09435b33acc109a3e4a1b5ba817dedb9a7223dd3a92de2e3853f05eb9198,5dda09435b33acc109a3e4a1b5ba817dedb9a7223dd3a92de2e3853f05eb9198,true
blk.36.attn_v.weight,GGML_Q8_0,GGML_Q8_0,5570560,5570560,1a19dbd2b22595fe079da84fbbf5de120214272a5da7bc12f4bb97e6c0a5b260,1a19dbd2b22595fe079da84fbbf5de120214272a5da7bc12f4bb97e6c0a5b260,true
blk.36.attn_output.weight,GGML_Q8_0,GGML_Q8_0,44564480,44564480,96a64af34bdd18056bb352052b15a204ec3c659a100d997e05c878c3e9b856f4,96a64af34bdd18056bb352052b15a204ec3c659a100d997e05c878c3e9b856f4,true
blk.36.ffn_norm.weight,CanonicalPrimitive,CanonicalPrimitive,20480,20480,eb88266db97c3b4ea53ac214ff1511695307e031b3b97d69e09bf820b2018cd2,eb88266db97c3b4ea53ac214ff1511695307e031b3b97d69e09bf820b2018cd2,true
blk.36.ffn_gate.weight,GGML_Q8_0,GGML_Q8_0,139264000,139264000,af9d457063d61428fb601105127592d0212c0ed6769c05365115e7fa4f7ee3a3,af9d457063d61428fb601105127592d0212c0ed6769c05365115e7fa4f7ee3a3,true
blk.36.ffn_up.weight,GGML_Q8_0,GGML_Q8_0,139264000,139264000,d9912bc3f38819dc6c157d52b8f446e36d26d848cdcf50ba7e2a5777c90985df,d9912bc3f38819dc6c157d52b8f446e36d26d848cdcf50ba7e2a5777c90985df,true
blk.36.ffn_down.weight,GGML_Q8_0,GGML_Q8_0,139264000,139264000,d8fc32ca7f6e45fa23227645bcda55847feecf853d3e153c43f3b5f7cd212e92,d8fc32ca7f6e45fa23227645bcda55847feecf853d3e153c43f3b5f7cd212e92,true
blk.37.attn_norm.weight,CanonicalPrimitive,CanonicalPrimitive,20480,20480,10966d182d628a7eb7a881dffc1d116bbb6980f9e02a0245cecbb969226ff091,10966d182d628a7eb7a881dffc1d116bbb6980f9e02a0245cecbb969226ff091,true
blk.37.attn_q.weight,GGML_Q8_0,GGML_Q8_0,44564480,44564480,966de4832c460806917fe0a4237818741bcc4838920480c31b11a7865d53165f,966de4832c460806917fe0a4237818741bcc4838920480c31b11a7865d53165f,true
blk.37.attn_q_norm.weight,CanonicalPrimitive,CanonicalPrimitive,512,512,51536f3cc10c76adba20dcf3ac1f412399c5755d4ed35dd005857f1141fcbff7,51536f3cc10c76adba20dcf3ac1f412399c5755d4ed35dd005857f1141fcbff7,true
blk.37.attn_k.weight,GGML_Q8_0,GGML_Q8_0,5570560,5570560,487ff9aba5f434b66ecbcc3d001b4fde722f3d03d56cf389a6f4bb614c8ab747,487ff9aba5f434b66ecbcc3d001b4fde722f3d03d56cf389a6f4bb614c8ab747,true
blk.37.attn_k_norm.weight,CanonicalPrimitive,CanonicalPrimitive,512,512,daaef1693a73b9f079e416435adbc21c61520839951c2cc3cafa031a39af43b4,daaef1693a73b9f079e416435adbc21c61520839951c2cc3cafa031a39af43b4,true
blk.37.attn_v.weight,GGML_Q8_0,GGML_Q8_0,5570560,5570560,c684dd14de274ca327390b8605f7d43a5ce93abb79b3dd9a380d6df1e45703c0,c684dd14de274ca327390b8605f7d43a5ce93abb79b3dd9a380d6df1e45703c0,true
blk.37.attn_output.weight,GGML_Q8_0,GGML_Q8_0,44564480,44564480,6f6ac1b610cf4a470d7dc1b7c7f3947b73e58820d6f4c247c7134ddc39ca25c2,6f6ac1b610cf4a470d7dc1b7c7f3947b73e58820d6f4c247c7134ddc39ca25c2,true
blk.37.ffn_norm.weight,CanonicalPrimitive,CanonicalPrimitive,20480,20480,af17b3284d98d2fdb54d66f809e9619ea373416c2332c5961c2207a44aa184ad,af17b3284d98d2fdb54d66f809e9619ea373416c2332c5961c2207a44aa184ad,true
blk.37.ffn_gate.weight,GGML_Q8_0,GGML_Q8_0,139264000,139264000,5cc66b0ce49d8f1ea8d0f4a995d1bcb146cab07998d89d9a8a6b204157d69b24,5cc66b0ce49d8f1ea8d0f4a995d1bcb146cab07998d89d9a8a6b204157d69b24,true
blk.37.ffn_up.weight,GGML_Q8_0,GGML_Q8_0,139264000,139264000,c72618121b941a8d0c7b0e30277f98340098d1dfb2e57fb0e6f281fc85485f3b,c72618121b941a8d0c7b0e30277f98340098d1dfb2e57fb0e6f281fc85485f3b,true
blk.37.ffn_down.weight,GGML_Q8_0,GGML_Q8_0,139264000,139264000,9db4c8d0c5c97fe8ca9559f747ff503e3cee714277e2a832a211138293e4a4f2,9db4c8d0c5c97fe8ca9559f747ff503e3cee714277e2a832a211138293e4a4f2,true
blk.38.attn_norm.weight,CanonicalPrimitive,CanonicalPrimitive,20480,20480,a063eb4239bb4906f608dcd42e753cccafbf74682753d0a9a8c2fba69212e7fa,a063eb4239bb4906f608dcd42e753cccafbf74682753d0a9a8c2fba69212e7fa,true
blk.38.attn_q.weight,GGML_Q8_0,GGML_Q8_0,44564480,44564480,1812ef3fb35c79877366d3c07cd7032f5801332f009cbd9068efa1f0f9086936,1812ef3fb35c79877366d3c07cd7032f5801332f009cbd9068efa1f0f9086936,true
blk.38.attn_q_norm.weight,CanonicalPrimitive,CanonicalPrimitive,512,512,0d07ab524e9c9bcf4bf38418a65375258e545230bf8c121963fe347a58c7d232,0d07ab524e9c9bcf4bf38418a65375258e545230bf8c121963fe347a58c7d232,true
blk.38.attn_k.weight,GGML_Q8_0,GGML_Q8_0,5570560,5570560,91a62b06d48546c11e0e5252ab1b0c4137373c01138a58ec33063b4e65b88008,91a62b06d48546c11e0e5252ab1b0c4137373c01138a58ec33063b4e65b88008,true
blk.38.attn_k_norm.weight,CanonicalPrimitive,CanonicalPrimitive,512,512,b091e791c4c42cfc55db556ae8b8bb398ba78baee6d61c6e73cafeb5401572df,b091e791c4c42cfc55db556ae8b8bb398ba78baee6d61c6e73cafeb5401572df,true
blk.38.attn_v.weight,GGML_Q8_0,GGML_Q8_0,5570560,5570560,f94c497d60330cd016c12ba9fdaddb68d276a288cdbd2ab6e75b6e2432811e04,f94c497d60330cd016c12ba9fdaddb68d276a288cdbd2ab6e75b6e2432811e04,true
blk.38.attn_output.weight,GGML_Q8_0,GGML_Q8_0,44564480,44564480,8044e35d9f203888bfd554653125ad40212d2ff6ed56703b7a74a6b1d6ecdc19,8044e35d9f203888bfd554653125ad40212d2ff6ed56703b7a74a6b1d6ecdc19,true
blk.38.ffn_norm.weight,CanonicalPrimitive,CanonicalPrimitive,20480,20480,977eea2fb107d8691fca1bb3cd8f14fc4ef32172bd12e5bbc54ecefb2c3cc73d,977eea2fb107d8691fca1bb3cd8f14fc4ef32172bd12e5bbc54ecefb2c3cc73d,true
blk.38.ffn_gate.weight,GGML_Q8_0,GGML_Q8_0,139264000,139264000,791e2e14d8e178efa238a73e8eedc996e40fc97d9d25f84830dab04573c7571c,791e2e14d8e178efa238a73e8eedc996e40fc97d9d25f84830dab04573c7571c,true
blk.38.ffn_up.weight,GGML_Q8_0,GGML_Q8_0,139264000,139264000,0daeb101a8d3489dd7dd255b81c6bb1579cae8c3a67c356d42fb4d159d25da2f,0daeb101a8d3489dd7dd255b81c6bb1579cae8c3a67c356d42fb4d159d25da2f,true
blk.38.ffn_down.weight,GGML_Q8_0,GGML_Q8_0,139264000,139264000,c9d0d5df7f87f77abb330672fa9f9a7d3bd508f0a78470d8361c6f5d1e7f11be,c9d0d5df7f87f77abb330672fa9f9a7d3bd508f0a78470d8361c6f5d1e7f11be,true
blk.39.attn_norm.weight,CanonicalPrimitive,CanonicalPrimitive,20480,20480,e3ab959821713efcec2e3c0476226dcc21f0f33e272c789a55574a5196472b5f,e3ab959821713efcec2e3c0476226dcc21f0f33e272c789a55574a5196472b5f,true
blk.39.attn_q.weight,GGML_Q8_0,GGML_Q8_0,44564480,44564480,7395862335a692fa739f07bbc739442634421676bf94afda771314c4ec4b26a1,7395862335a692fa739f07bbc739442634421676bf94afda771314c4ec4b26a1,true
blk.39.attn_q_norm.weight,CanonicalPrimitive,CanonicalPrimitive,512,512,67384ce5650942f3c78b257574c0069f216b74e034854d6a35270974b3e23caa,67384ce5650942f3c78b257574c0069f216b74e034854d6a35270974b3e23caa,true
blk.39.attn_k.weight,GGML_Q8_0,GGML_Q8_0,5570560,5570560,11a1acab1b52ba0bee54177a02109942aaa91b5a94726c48e823fb3d17e68d69,11a1acab1b52ba0bee54177a02109942aaa91b5a94726c48e823fb3d17e68d69,true
blk.39.attn_k_norm.weight,CanonicalPrimitive,CanonicalPrimitive,512,512,8585fcf252f455dc70c2cb2cb239f8ee55dbf1927a93662658e55c028d12ffb5,8585fcf252f455dc70c2cb2cb239f8ee55dbf1927a93662658e55c028d12ffb5,true
blk.39.attn_v.weight,GGML_Q8_0,GGML_Q8_0,5570560,5570560,2a5683043af34772aef19a3e1f6813555ea6986109fc6fbcc61a256318ff45ee,2a5683043af34772aef19a3e1f6813555ea6986109fc6fbcc61a256318ff45ee,true
blk.39.attn_output.weight,GGML_Q8_0,GGML_Q8_0,44564480,44564480,3524b4fc835ad21e4a23a3bcfec1a18191fdd6c6c5977bc8e5dafeb7a422cade,3524b4fc835ad21e4a23a3bcfec1a18191fdd6c6c5977bc8e5dafeb7a422cade,true
blk.39.ffn_norm.weight,CanonicalPrimitive,CanonicalPrimitive,20480,20480,8beb00de81f046358c06d8bfed613f8669f9d2704582bd4b351b60ebf3ac0af1,8beb00de81f046358c06d8bfed613f8669f9d2704582bd4b351b60ebf3ac0af1,true
blk.39.ffn_gate.weight,GGML_Q8_0,GGML_Q8_0,139264000,139264000,7de2f5a2401d97eb5c55e12f8cd08ac3e0652d198b248343ce3f488d9215dd3b,7de2f5a2401d97eb5c55e12f8cd08ac3e0652d198b248343ce3f488d9215dd3b,true
blk.39.ffn_up.weight,GGML_Q8_0,GGML_Q8_0,139264000,139264000,0e2453520d5032df905b00f0af93f5ee265d200f7eeffe1012d2770b4caa5fef,0e2453520d5032df905b00f0af93f5ee265d200f7eeffe1012d2770b4caa5fef,true
blk.39.ffn_down.weight,GGML_Q8_0,GGML_Q8_0,139264000,139264000,b9ea184a0ff52befa0b5fbcff07694fc2b638c51bbec4a7dee3da9f2f151eb56,b9ea184a0ff52befa0b5fbcff07694fc2b638c51bbec4a7dee3da9f2f151eb56,true
blk.40.attn_norm.weight,CanonicalPrimitive,CanonicalPrimitive,20480,20480,300b3b8d9fc15e696a94a9dbc88cfbeb4e0ac354d73bb04ed6770aea288f57e9,300b3b8d9fc15e696a94a9dbc88cfbeb4e0ac354d73bb04ed6770aea288f57e9,true
blk.40.attn_q.weight,GGML_Q8_0,GGML_Q8_0,44564480,44564480,3ddc2db272b2bd9722e40b4ce6cec983b6afa21421babbb525c3636d3fa1b745,3ddc2db272b2bd9722e40b4ce6cec983b6afa21421babbb525c3636d3fa1b745,true
blk.40.attn_q_norm.weight,CanonicalPrimitive,CanonicalPrimitive,512,512,18c0e557796435cb9c0c48fe003bbcc88edffdb6bf24ab8644785f44c6954bf7,18c0e557796435cb9c0c48fe003bbcc88edffdb6bf24ab8644785f44c6954bf7,true
blk.40.attn_k.weight,GGML_Q8_0,GGML_Q8_0,5570560,5570560,c059c94de8125f455cef576fd3bf342d483bf45725521404d7b87c4c1a8a6c8b,c059c94de8125f455cef576fd3bf342d483bf45725521404d7b87c4c1a8a6c8b,true
blk.40.attn_k_norm.weight,CanonicalPrimitive,CanonicalPrimitive,512,512,1317bbff03b0e1cfbec4bf75655796a066df38a7c646a0b8b23a2a9b6eb4b06c,1317bbff03b0e1cfbec4bf75655796a066df38a7c646a0b8b23a2a9b6eb4b06c,true
blk.40.attn_v.weight,GGML_Q8_0,GGML_Q8_0,5570560,5570560,33ac0e71e1b3d2387ddf75ac0764866242270fd961b6b28abe5ea804f64aa128,33ac0e71e1b3d2387ddf75ac0764866242270fd961b6b28abe5ea804f64aa128,true
blk.40.attn_output.weight,GGML_Q8_0,GGML_Q8_0,44564480,44564480,73f0c3d2d8a7060e0efc904855a09370dc27f7136b5796a89d2ee773f4d19c3a,73f0c3d2d8a7060e0efc904855a09370dc27f7136b5796a89d2ee773f4d19c3a,true
blk.40.ffn_norm.weight,CanonicalPrimitive,CanonicalPrimitive,20480,20480,592ba22321fb8fd0dd17a4a79fddb32961a70506c533ceb3fe408b2a92c06f02,592ba22321fb8fd0dd17a4a79fddb32961a70506c533ceb3fe408b2a92c06f02,true
blk.40.ffn_gate.weight,GGML_Q8_0,GGML_Q8_0,139264000,139264000,4f9b86be68bd087c49b869a59728a1d5dc5b3a7f6a303773d6b85877b7b48c92,4f9b86be68bd087c49b869a59728a1d5dc5b3a7f6a303773d6b85877b7b48c92,true
blk.40.ffn_up.weight,GGML_Q8_0,GGML_Q8_0,139264000,139264000,1660b035d3224c7dbf3d7bca1b71e508fb0ffe5e2f34f84a6d97a47ff53c12dc,1660b035d3224c7dbf3d7bca1b71e508fb0ffe5e2f34f84a6d97a47ff53c12dc,true
blk.40.ffn_down.weight,GGML_Q8_0,GGML_Q8_0,139264000,139264000,141b3d5bab90d8330763a8d28b676c29d57b5d83345d63e3761d6936c525d46a,141b3d5bab90d8330763a8d28b676c29d57b5d83345d63e3761d6936c525d46a,true
blk.41.attn_norm.weight,CanonicalPrimitive,CanonicalPrimitive,20480,20480,7ec99baa198f6c3a105ad9cf4abe88f783d38ecb0a9cd1ceac016cf68cabc124,7ec99baa198f6c3a105ad9cf4abe88f783d38ecb0a9cd1ceac016cf68cabc124,true
blk.41.attn_q.weight,GGML_Q8_0,GGML_Q8_0,44564480,44564480,1ac9f46a38f949fda602b071d19a2bed1c991aebe40265755a5e74b7547e8ca9,1ac9f46a38f949fda602b071d19a2bed1c991aebe40265755a5e74b7547e8ca9,true
blk.41.attn_q_norm.weight,CanonicalPrimitive,CanonicalPrimitive,512,512,ae28ce178cab5e16684b4b48f71e4e15210e020c83a2033c18e4e054b70cb7d5,ae28ce178cab5e16684b4b48f71e4e15210e020c83a2033c18e4e054b70cb7d5,true
blk.41.attn_k.weight,GGML_Q8_0,GGML_Q8_0,5570560,5570560,bfa5f96d5f28790f60023e418864f2d9ce36a02fabcdfda6eb9af0893e5e2118,bfa5f96d5f28790f60023e418864f2d9ce36a02fabcdfda6eb9af0893e5e2118,true
blk.41.attn_k_norm.weight,CanonicalPrimitive,CanonicalPrimitive,512,512,7ea2143ae369718d32013753ffb7f82db62c4d2e289ea29dc624f9cb49c8b75b,7ea2143ae369718d32013753ffb7f82db62c4d2e289ea29dc624f9cb49c8b75b,true
blk.41.attn_v.weight,GGML_Q8_0,GGML_Q8_0,5570560,5570560,4de23f9eed09a29888bb49e27d8ee10ddb37b0b986989604b7cd54acfa1c4c4d,4de23f9eed09a29888bb49e27d8ee10ddb37b0b986989604b7cd54acfa1c4c4d,true
blk.41.attn_output.weight,GGML_Q8_0,GGML_Q8_0,44564480,44564480,e863a99934d8f1df1614cc2d0130db3ac39f185fd10a9cf6431cb09a6e78bc30,e863a99934d8f1df1614cc2d0130db3ac39f185fd10a9cf6431cb09a6e78bc30,true
blk.41.ffn_norm.weight,CanonicalPrimitive,CanonicalPrimitive,20480,20480,837011cd11c15c1684045a8a4e9036a00fdbf3aa3d803dcfc3cf371bf57e7616,837011cd11c15c1684045a8a4e9036a00fdbf3aa3d803dcfc3cf371bf57e7616,true
blk.41.ffn_gate.weight,GGML_Q8_0,GGML_Q8_0,139264000,139264000,3c99368e2bce4350aee4f2f693a2ebb5fe1f11f62ca160b15252b03e0f0c4163,3c99368e2bce4350aee4f2f693a2ebb5fe1f11f62ca160b15252b03e0f0c4163,true
blk.41.ffn_up.weight,GGML_Q8_0,GGML_Q8_0,139264000,139264000,f31840864424fe6a691e1d894fef85f711536e02e9951dd79bab60f5481efc2d,f31840864424fe6a691e1d894fef85f711536e02e9951dd79bab60f5481efc2d,true
blk.41.ffn_down.weight,GGML_Q8_0,GGML_Q8_0,139264000,139264000,6f7fd694167bb8a4bdc54f2b300d1a4b2c432522ceee06850063872d74d34789,6f7fd694167bb8a4bdc54f2b300d1a4b2c432522ceee06850063872d74d34789,true
blk.42.attn_norm.weight,CanonicalPrimitive,CanonicalPrimitive,20480,20480,8b4348c822057664240d9706ab2d4ca193e2b7aa7ac019356fdf450aa21bceb4,8b4348c822057664240d9706ab2d4ca193e2b7aa7ac019356fdf450aa21bceb4,true
blk.42.attn_q.weight,GGML_Q8_0,GGML_Q8_0,44564480,44564480,f02e0e6b33b49a0b3929111e8d52772d9a0dea298874be2553a4b20901936178,f02e0e6b33b49a0b3929111e8d52772d9a0dea298874be2553a4b20901936178,true
blk.42.attn_q_norm.weight,CanonicalPrimitive,CanonicalPrimitive,512,512,6bafe3b55a99bea17907d9ef1fa06d161920b82851357086059040e38f4b89db,6bafe3b55a99bea17907d9ef1fa06d161920b82851357086059040e38f4b89db,true
blk.42.attn_k.weight,GGML_Q8_0,GGML_Q8_0,5570560,5570560,cad47f8229761512d0cbc83c68c441e5b3f41062ccae436e5a5df80b571fc8e8,cad47f8229761512d0cbc83c68c441e5b3f41062ccae436e5a5df80b571fc8e8,true
blk.42.attn_k_norm.weight,CanonicalPrimitive,CanonicalPrimitive,512,512,d3f1202dc02ac2f4a364024065608358be8083753abd0236767047d898909153,d3f1202dc02ac2f4a364024065608358be8083753abd0236767047d898909153,true
blk.42.attn_v.weight,GGML_Q8_0,GGML_Q8_0,5570560,5570560,f56f2ef60a78dc123e15c7b599246f328c0e43e3df5c6b9bc5b95bfb1b7578bd,f56f2ef60a78dc123e15c7b599246f328c0e43e3df5c6b9bc5b95bfb1b7578bd,true
blk.42.attn_output.weight,GGML_Q8_0,GGML_Q8_0,44564480,44564480,86ac851f121a892a2f73fcd7bdf84dabfc3583c9fa3664f9a353c616fa61b8f5,86ac851f121a892a2f73fcd7bdf84dabfc3583c9fa3664f9a353c616fa61b8f5,true
blk.42.ffn_norm.weight,CanonicalPrimitive,CanonicalPrimitive,20480,20480,0167a2da03555c2a7a1755b8d6481e6799c3e31753b2ac8c9ce05991421124fd,0167a2da03555c2a7a1755b8d6481e6799c3e31753b2ac8c9ce05991421124fd,true
blk.42.ffn_gate.weight,GGML_Q8_0,GGML_Q8_0,139264000,139264000,6573962e01d75854e590b98d192d06d0910f2819d50fa789936f2cbe284b89cc,6573962e01d75854e590b98d192d06d0910f2819d50fa789936f2cbe284b89cc,true
blk.42.ffn_up.weight,GGML_Q8_0,GGML_Q8_0,139264000,139264000,bde5e6ee19f280526f727928c700d2814ec2b1a3de468f5330faed6d41e22dc5,bde5e6ee19f280526f727928c700d2814ec2b1a3de468f5330faed6d41e22dc5,true
blk.42.ffn_down.weight,GGML_Q8_0,GGML_Q8_0,139264000,139264000,6f3042a8ae042977170fd80ba8a37c66533e175d37c7fab85641fa2c7efda308,6f3042a8ae042977170fd80ba8a37c66533e175d37c7fab85641fa2c7efda308,true
blk.43.attn_norm.weight,CanonicalPrimitive,CanonicalPrimitive,20480,20480,9bcf4984722bb0f682aa92c38931530529045179bc8292c3c2f801604f6b2159,9bcf4984722bb0f682aa92c38931530529045179bc8292c3c2f801604f6b2159,true
blk.43.attn_q.weight,GGML_Q8_0,GGML_Q8_0,44564480,44564480,6b7813a2a6786eaafe53ab53c3d4bcfbee830425558bd3f8fd6746788699de13,6b7813a2a6786eaafe53ab53c3d4bcfbee830425558bd3f8fd6746788699de13,true
blk.43.attn_q_norm.weight,CanonicalPrimitive,CanonicalPrimitive,512,512,000367b87f66ea11cc4973a4962ceb7916358801c91780baa1a0cfe45d8fba83,000367b87f66ea11cc4973a4962ceb7916358801c91780baa1a0cfe45d8fba83,true
blk.43.attn_k.weight,GGML_Q8_0,GGML_Q8_0,5570560,5570560,b4b4f71bc0dd408a9d6f534308fcc2fba8bb5c02553637261525322bbdbe091d,b4b4f71bc0dd408a9d6f534308fcc2fba8bb5c02553637261525322bbdbe091d,true
blk.43.attn_k_norm.weight,CanonicalPrimitive,CanonicalPrimitive,512,512,d208a9fb686c3719d011794c46fe240d4ada5a557c5fbfbc9895e278d0b5d581,d208a9fb686c3719d011794c46fe240d4ada5a557c5fbfbc9895e278d0b5d581,true
blk.43.attn_v.weight,GGML_Q8_0,GGML_Q8_0,5570560,5570560,f83a63092a9f732b0cc63c2764691f0407ca54985f2f425cc8d8b1f3b6525757,f83a63092a9f732b0cc63c2764691f0407ca54985f2f425cc8d8b1f3b6525757,true
blk.43.attn_output.weight,GGML_Q8_0,GGML_Q8_0,44564480,44564480,293a4e4252ee7561ac18d665c4e5d51e01573976e105167b8c7ec02c083c3529,293a4e4252ee7561ac18d665c4e5d51e01573976e105167b8c7ec02c083c3529,true
blk.43.ffn_norm.weight,CanonicalPrimitive,CanonicalPrimitive,20480,20480,2b7ee13228022d43f2c144c8d5bba378d0f66cc1fc7ee1aa4b39fe107fc4a8fa,2b7ee13228022d43f2c144c8d5bba378d0f66cc1fc7ee1aa4b39fe107fc4a8fa,true
blk.43.ffn_gate.weight,GGML_Q8_0,GGML_Q8_0,139264000,139264000,46089769e9baf02418849fa007dce0e10adf4762e894d4b273da5a80b40ead93,46089769e9baf02418849fa007dce0e10adf4762e894d4b273da5a80b40ead93,true
blk.43.ffn_up.weight,GGML_Q8_0,GGML_Q8_0,139264000,139264000,553d6ec5f167881a026ea8579e72476d35ee2e93ed106f9a1e380d0b89076427,553d6ec5f167881a026ea8579e72476d35ee2e93ed106f9a1e380d0b89076427,true
blk.43.ffn_down.weight,GGML_Q8_0,GGML_Q8_0,139264000,139264000,7f3375bd16d8be34cde9723aa7a1d24ac560ad73ed75bf810b309045c7c56f0d,7f3375bd16d8be34cde9723aa7a1d24ac560ad73ed75bf810b309045c7c56f0d,true
blk.44.attn_norm.weight,CanonicalPrimitive,CanonicalPrimitive,20480,20480,7b21b0cc55b8e3c754bfb611220f590a6c0ba4f81b7258b84b81c69044533b8b,7b21b0cc55b8e3c754bfb611220f590a6c0ba4f81b7258b84b81c69044533b8b,true
blk.44.attn_q.weight,GGML_Q8_0,GGML_Q8_0,44564480,44564480,cb1b5051c3d38888c2d8c75b8457e78d49ebcfdd7cc1fd964c5c778f3c888226,cb1b5051c3d38888c2d8c75b8457e78d49ebcfdd7cc1fd964c5c778f3c888226,true
blk.44.attn_q_norm.weight,CanonicalPrimitive,CanonicalPrimitive,512,512,906a73839d1822c815400aeffe646e06dd1dc1cbe6a8d9a585477651b5e8ee1d,906a73839d1822c815400aeffe646e06dd1dc1cbe6a8d9a585477651b5e8ee1d,true
blk.44.attn_k.weight,GGML_Q8_0,GGML_Q8_0,5570560,5570560,ff3576133b65a3c080801d36f40a552bd2d18a97fa9e8407fdf1c2684bb833cb,ff3576133b65a3c080801d36f40a552bd2d18a97fa9e8407fdf1c2684bb833cb,true
blk.44.attn_k_norm.weight,CanonicalPrimitive,CanonicalPrimitive,512,512,cfb3812a79bc3b7e6312f71033eae4ad101c1ab97d190f8a81d080f2d16230e6,cfb3812a79bc3b7e6312f71033eae4ad101c1ab97d190f8a81d080f2d16230e6,true
blk.44.attn_v.weight,GGML_Q8_0,GGML_Q8_0,5570560,5570560,d90ef5755b137c0bf0b3c25e833422eef7d61a2f2e35c8c627076b512076855b,d90ef5755b137c0bf0b3c25e833422eef7d61a2f2e35c8c627076b512076855b,true
blk.44.attn_output.weight,GGML_Q8_0,GGML_Q8_0,44564480,44564480,9f38e5e72fb87df009339a580e9e16e3cc5e580efda5a5cccf6d2e88b8fab672,9f38e5e72fb87df009339a580e9e16e3cc5e580efda5a5cccf6d2e88b8fab672,true
blk.44.ffn_norm.weight,CanonicalPrimitive,CanonicalPrimitive,20480,20480,dff32a01a831c68f7ec24b213025e06a01605357af4d7cdf74d658ca51b21f35,dff32a01a831c68f7ec24b213025e06a01605357af4d7cdf74d658ca51b21f35,true
blk.44.ffn_gate.weight,GGML_Q8_0,GGML_Q8_0,139264000,139264000,67cc502c100c4ff4537539f3a0fae816cdde66f40784b99c78e6a9cf2da820a8,67cc502c100c4ff4537539f3a0fae816cdde66f40784b99c78e6a9cf2da820a8,true
blk.44.ffn_up.weight,GGML_Q8_0,GGML_Q8_0,139264000,139264000,adf262ad65c751f1fdbe12ad194fbd3bb60544674eca4786dd785ec1dd507064,adf262ad65c751f1fdbe12ad194fbd3bb60544674eca4786dd785ec1dd507064,true
blk.44.ffn_down.weight,GGML_Q8_0,GGML_Q8_0,139264000,139264000,fb4c43f8a84257723bcd3f817ffb8df9a16f1dba155ab22e7b19c1ad36f5b4a1,fb4c43f8a84257723bcd3f817ffb8df9a16f1dba155ab22e7b19c1ad36f5b4a1,true
blk.45.attn_norm.weight,CanonicalPrimitive,CanonicalPrimitive,20480,20480,0494c7c5790810bf4095ea3c61999be06ae75f1c8c477852e6a59f4e082855bb,0494c7c5790810bf4095ea3c61999be06ae75f1c8c477852e6a59f4e082855bb,true
blk.45.attn_q.weight,GGML_Q8_0,GGML_Q8_0,44564480,44564480,d39b68cd66bf3de38f8be96072655c464b33c66712d37cd290dfd00cf2b32a3f,d39b68cd66bf3de38f8be96072655c464b33c66712d37cd290dfd00cf2b32a3f,true
blk.45.attn_q_norm.weight,CanonicalPrimitive,CanonicalPrimitive,512,512,125c873aef474be6e57c7f8f60441edb0a1da9764fd328556befa659a5c1d557,125c873aef474be6e57c7f8f60441edb0a1da9764fd328556befa659a5c1d557,true
blk.45.attn_k.weight,GGML_Q8_0,GGML_Q8_0,5570560,5570560,b452bdfcb8bda347727de52f4a1ef0f3f02f030f85ee10159603178e468bf26d,b452bdfcb8bda347727de52f4a1ef0f3f02f030f85ee10159603178e468bf26d,true
blk.45.attn_k_norm.weight,CanonicalPrimitive,CanonicalPrimitive,512,512,c147ceab5a0d42e5d27dc0b2187c8542f2c6ad7a088c037b1f9160048722bf87,c147ceab5a0d42e5d27dc0b2187c8542f2c6ad7a088c037b1f9160048722bf87,true
blk.45.attn_v.weight,GGML_Q8_0,GGML_Q8_0,5570560,5570560,14b1b848b9d850f0d9b787e99f6ecd6b2a67f1e685c58da99cd9bfcb0b7e7104,14b1b848b9d850f0d9b787e99f6ecd6b2a67f1e685c58da99cd9bfcb0b7e7104,true
blk.45.attn_output.weight,GGML_Q8_0,GGML_Q8_0,44564480,44564480,56e3294fc09007641c65ee6d370a3a76fc8311de04ca17ec039d570b9007aa15,56e3294fc09007641c65ee6d370a3a76fc8311de04ca17ec039d570b9007aa15,true
blk.45.ffn_norm.weight,CanonicalPrimitive,CanonicalPrimitive,20480,20480,583345868d25106925bc24bad469034140297acc0b54c744bf0fd79b8f93b35f,583345868d25106925bc24bad469034140297acc0b54c744bf0fd79b8f93b35f,true
blk.45.ffn_gate.weight,GGML_Q8_0,GGML_Q8_0,139264000,139264000,7109a27a51b44bb45909adea03e7205691d2a01cd9df5e0f0c62ac408f5465f7,7109a27a51b44bb45909adea03e7205691d2a01cd9df5e0f0c62ac408f5465f7,true
blk.45.ffn_up.weight,GGML_Q8_0,GGML_Q8_0,139264000,139264000,0bd29eae08a2d0e445fa3558237ea913c6e028773a7f967c1a9eae43e75e4935,0bd29eae08a2d0e445fa3558237ea913c6e028773a7f967c1a9eae43e75e4935,true
blk.45.ffn_down.weight,GGML_Q8_0,GGML_Q8_0,139264000,139264000,3568a994f107c95421ea52e935d508c27a2f1ac8c4ab60e68caa6d75f48a0538,3568a994f107c95421ea52e935d508c27a2f1ac8c4ab60e68caa6d75f48a0538,true
blk.46.attn_norm.weight,CanonicalPrimitive,CanonicalPrimitive,20480,20480,129c3730db8dc306051d92f58f1ec76c91e9bc30c43c41af4ebd301b305ddefd,129c3730db8dc306051d92f58f1ec76c91e9bc30c43c41af4ebd301b305ddefd,true
blk.46.attn_q.weight,GGML_Q8_0,GGML_Q8_0,44564480,44564480,860a747567e1b7433c49a10f040b5ed9a66514da34943a83d027738a67ecf146,860a747567e1b7433c49a10f040b5ed9a66514da34943a83d027738a67ecf146,true
blk.46.attn_q_norm.weight,CanonicalPrimitive,CanonicalPrimitive,512,512,3fde7f840afda60ae104bf18fd49d092f866026e8a67c358a24de8bbee00e58d,3fde7f840afda60ae104bf18fd49d092f866026e8a67c358a24de8bbee00e58d,true
blk.46.attn_k.weight,GGML_Q8_0,GGML_Q8_0,5570560,5570560,209e1db5e5745ff78f16732417c8d5bc24af51dfff1e2950be776a8bbdc0c31e,209e1db5e5745ff78f16732417c8d5bc24af51dfff1e2950be776a8bbdc0c31e,true
blk.46.attn_k_norm.weight,CanonicalPrimitive,CanonicalPrimitive,512,512,9acd079bfaeb09ec5e041277af6a861dfebb25d3f3064dc702912990ed5f4eb7,9acd079bfaeb09ec5e041277af6a861dfebb25d3f3064dc702912990ed5f4eb7,true
blk.46.attn_v.weight,GGML_Q8_0,GGML_Q8_0,5570560,5570560,6cfaf4da8352eb3926a074bb81ac7f62926a0f62fd15c391943d867a04c1fa7c,6cfaf4da8352eb3926a074bb81ac7f62926a0f62fd15c391943d867a04c1fa7c,true
blk.46.attn_output.weight,GGML_Q8_0,GGML_Q8_0,44564480,44564480,f77454726178fdc22bf3da58ad609c9a00782f300feddb599f3cc2112301bc4b,f77454726178fdc22bf3da58ad609c9a00782f300feddb599f3cc2112301bc4b,true
blk.46.ffn_norm.weight,CanonicalPrimitive,CanonicalPrimitive,20480,20480,6ac0e857e6ec9604422b75efbe16c0f1a5edbad4a96f0df912101e118a9ea86e,6ac0e857e6ec9604422b75efbe16c0f1a5edbad4a96f0df912101e118a9ea86e,true
blk.46.ffn_gate.weight,GGML_Q8_0,GGML_Q8_0,139264000,139264000,64e0f5a30df795c4a881e64362480314a3a0e872b2f5683b1e84e2c2f4be15eb,64e0f5a30df795c4a881e64362480314a3a0e872b2f5683b1e84e2c2f4be15eb,true
blk.46.ffn_up.weight,GGML_Q8_0,GGML_Q8_0,139264000,139264000,db11d641e68c3c89f5067e9446e152e803abb67e53ec7d5da426eadae5994707,db11d641e68c3c89f5067e9446e152e803abb67e53ec7d5da426eadae5994707,true
blk.46.ffn_down.weight,GGML_Q8_0,GGML_Q8_0,139264000,139264000,8bc1b2b7080b2b107a848040ace1791ad3322cc829b70ca9987c784d63d8ef03,8bc1b2b7080b2b107a848040ace1791ad3322cc829b70ca9987c784d63d8ef03,true
blk.47.attn_norm.weight,CanonicalPrimitive,CanonicalPrimitive,20480,20480,125ac23357ca0e60b83b348ec85d14abc20a2f24fcc2d4b86876cbc24738a0e6,125ac23357ca0e60b83b348ec85d14abc20a2f24fcc2d4b86876cbc24738a0e6,true
blk.47.attn_q.weight,GGML_Q8_0,GGML_Q8_0,44564480,44564480,3f3cdd148ec60d42e7c27c14d16c0afde711fcdccf0be272b80afb47e8f68e92,3f3cdd148ec60d42e7c27c14d16c0afde711fcdccf0be272b80afb47e8f68e92,true
blk.47.attn_q_norm.weight,CanonicalPrimitive,CanonicalPrimitive,512,512,3d1f275cf5828a7765f2cc5867a7e99ecf69ba4627a31459bd6c6f1d86d6a209,3d1f275cf5828a7765f2cc5867a7e99ecf69ba4627a31459bd6c6f1d86d6a209,true
blk.47.attn_k.weight,GGML_Q8_0,GGML_Q8_0,5570560,5570560,97bbf7d9a689f80bf967d9d543ddae303ad0bb5bc89db1e42b1085e97e41cff0,97bbf7d9a689f80bf967d9d543ddae303ad0bb5bc89db1e42b1085e97e41cff0,true
blk.47.attn_k_norm.weight,CanonicalPrimitive,CanonicalPrimitive,512,512,2f405ed95709595b68595bccc087c15ecb32d5d779adc27055a440af5c5fdcca,2f405ed95709595b68595bccc087c15ecb32d5d779adc27055a440af5c5fdcca,true
blk.47.attn_v.weight,GGML_Q8_0,GGML_Q8_0,5570560,5570560,765de3788b1a938e73427c393838954dffa5c3c53d9a30dac084982276105670,765de3788b1a938e73427c393838954dffa5c3c53d9a30dac084982276105670,true
blk.47.attn_output.weight,GGML_Q8_0,GGML_Q8_0,44564480,44564480,c5c85db432c9a9e6cce0d74a7d10691ca1403afee15cb0e71b3f4372548fb521,c5c85db432c9a9e6cce0d74a7d10691ca1403afee15cb0e71b3f4372548fb521,true
blk.47.ffn_norm.weight,CanonicalPrimitive,CanonicalPrimitive,20480,20480,c42b82f705772817c80b8c8e4e925d45f6096d40263f43af83eb517a7c19a99e,c42b82f705772817c80b8c8e4e925d45f6096d40263f43af83eb517a7c19a99e,true
blk.47.ffn_gate.weight,GGML_Q8_0,GGML_Q8_0,139264000,139264000,9bafc5da2caa238d91696feb54ecef8e64bfa63ea0428e7f9bb2370d93789914,9bafc5da2caa238d91696feb54ecef8e64bfa63ea0428e7f9bb2370d93789914,true
blk.47.ffn_up.weight,GGML_Q8_0,GGML_Q8_0,139264000,139264000,94717e3b6b4f836e6b59f1564b6bd266e6996ecdf02af698feac7dc6088589b4,94717e3b6b4f836e6b59f1564b6bd266e6996ecdf02af698feac7dc6088589b4,true
blk.47.ffn_down.weight,GGML_Q8_0,GGML_Q8_0,139264000,139264000,dbd2640f55d3761a05a9d34124bae5416365d2169acfb7ceadeeac4d3803f3a2,dbd2640f55d3761a05a9d34124bae5416365d2169acfb7ceadeeac4d3803f3a2,true
blk.48.attn_norm.weight,CanonicalPrimitive,CanonicalPrimitive,20480,20480,6f384999a21f8039c180fe4caf2e420fcc7e21657c8ea4acd40bcdfd07672869,6f384999a21f8039c180fe4caf2e420fcc7e21657c8ea4acd40bcdfd07672869,true
blk.48.attn_q.weight,GGML_Q8_0,GGML_Q8_0,44564480,44564480,0ff9f36be8a2eec0b9e77f40befcd4bfb543a7951a2abe6f6276cc8a70d54959,0ff9f36be8a2eec0b9e77f40befcd4bfb543a7951a2abe6f6276cc8a70d54959,true
blk.48.attn_q_norm.weight,CanonicalPrimitive,CanonicalPrimitive,512,512,ca224592435325aae8cbe05d9119e7488ac1ed05621e16f5dafa70a198fb4b12,ca224592435325aae8cbe05d9119e7488ac1ed05621e16f5dafa70a198fb4b12,true
blk.48.attn_k.weight,GGML_Q8_0,GGML_Q8_0,5570560,5570560,d05aea6ecdfa492d74ff005dbf932b31cc6e4840dde67541b4b2cba7fb98c83d,d05aea6ecdfa492d74ff005dbf932b31cc6e4840dde67541b4b2cba7fb98c83d,true
blk.48.attn_k_norm.weight,CanonicalPrimitive,CanonicalPrimitive,512,512,ee62909262d4e0168977b617e08f641d9fc7329b1d24664a9cddbba31d0d131e,ee62909262d4e0168977b617e08f641d9fc7329b1d24664a9cddbba31d0d131e,true
blk.48.attn_v.weight,GGML_Q8_0,GGML_Q8_0,5570560,5570560,555bc18632327af84789bf3ba2449c1ba8b9e9f085a396418d3b5d3ac7bd095c,555bc18632327af84789bf3ba2449c1ba8b9e9f085a396418d3b5d3ac7bd095c,true
blk.48.attn_output.weight,GGML_Q8_0,GGML_Q8_0,44564480,44564480,4455e0f08759ba0f0037e93c1a3b3a6cea368c0f694162764ab5b3e749ce93fe,4455e0f08759ba0f0037e93c1a3b3a6cea368c0f694162764ab5b3e749ce93fe,true
blk.48.ffn_norm.weight,CanonicalPrimitive,CanonicalPrimitive,20480,20480,778b6af183f8c28072ec8e5da56f97dee038f9fba215219d4a252ea2e7243f7b,778b6af183f8c28072ec8e5da56f97dee038f9fba215219d4a252ea2e7243f7b,true
blk.48.ffn_gate.weight,GGML_Q8_0,GGML_Q8_0,139264000,139264000,f46565c0d254976c3d62f41b4ac9b6cb531a34b06aeb8380d0376cceea11d98a,f46565c0d254976c3d62f41b4ac9b6cb531a34b06aeb8380d0376cceea11d98a,true
blk.48.ffn_up.weight,GGML_Q8_0,GGML_Q8_0,139264000,139264000,3ec926cb9fa5e4e5b1f7ce2e25f757d696e735d12e08b290d74e9e2c2828bf91,3ec926cb9fa5e4e5b1f7ce2e25f757d696e735d12e08b290d74e9e2c2828bf91,true
blk.48.ffn_down.weight,GGML_Q8_0,GGML_Q8_0,139264000,139264000,6ec9efbbd1d0f13ac08579b7662e9256fad9bbe39a94f72ccf5abb44b2a03be3,6ec9efbbd1d0f13ac08579b7662e9256fad9bbe39a94f72ccf5abb44b2a03be3,true
blk.49.attn_norm.weight,CanonicalPrimitive,CanonicalPrimitive,20480,20480,f956ab88a5be0581c908ae7ed3b85eef9fc3d238a1a1a3f173d892cef604b8d7,f956ab88a5be0581c908ae7ed3b85eef9fc3d238a1a1a3f173d892cef604b8d7,true
blk.49.attn_q.weight,GGML_Q8_0,GGML_Q8_0,44564480,44564480,df48304c2cfc76ebd979f221544e697ee099f6d903d623e8c907b8e353c66308,df48304c2cfc76ebd979f221544e697ee099f6d903d623e8c907b8e353c66308,true
blk.49.attn_q_norm.weight,CanonicalPrimitive,CanonicalPrimitive,512,512,d371f16d8033dcb36e417879b170cce3fa064509310cab83ec862b6995e6f399,d371f16d8033dcb36e417879b170cce3fa064509310cab83ec862b6995e6f399,true
blk.49.attn_k.weight,GGML_Q8_0,GGML_Q8_0,5570560,5570560,56f413724d7d7d286765723491c4eab3844f1f030eb49bc438b059bcae50c32d,56f413724d7d7d286765723491c4eab3844f1f030eb49bc438b059bcae50c32d,true
blk.49.attn_k_norm.weight,CanonicalPrimitive,CanonicalPrimitive,512,512,44f8cadfecd8dcdf453b9343c9d6b6894e7ef8e760483ed49ccd4e46af4e828a,44f8cadfecd8dcdf453b9343c9d6b6894e7ef8e760483ed49ccd4e46af4e828a,true
blk.49.attn_v.weight,GGML_Q8_0,GGML_Q8_0,5570560,5570560,a96e518d3f200bab7e0f15bed4e0a01a1c5e2b0d9297405bc288b75081544132,a96e518d3f200bab7e0f15bed4e0a01a1c5e2b0d9297405bc288b75081544132,true
blk.49.attn_output.weight,GGML_Q8_0,GGML_Q8_0,44564480,44564480,c38f3beb917e0898eb24badebbfac47829462dec1f2014f31e5e79290a8a94a8,c38f3beb917e0898eb24badebbfac47829462dec1f2014f31e5e79290a8a94a8,true
blk.49.ffn_norm.weight,CanonicalPrimitive,CanonicalPrimitive,20480,20480,3de0f02aca33c29d8a64719bd441c9542b58ba40a1206e933f16e5db74ac8cb4,3de0f02aca33c29d8a64719bd441c9542b58ba40a1206e933f16e5db74ac8cb4,true
blk.49.ffn_gate.weight,GGML_Q8_0,GGML_Q8_0,139264000,139264000,454e405ada17d6f7f5f00f83380ef6bcaa83a6d4209568ff3f8e3a5cf42db457,454e405ada17d6f7f5f00f83380ef6bcaa83a6d4209568ff3f8e3a5cf42db457,true
blk.49.ffn_up.weight,GGML_Q8_0,GGML_Q8_0,139264000,139264000,61c3aa58cc4e4c9bcfaeabd95c6d1c1cc3f7a11b18d4edc2ba547cf3c23866c5,61c3aa58cc4e4c9bcfaeabd95c6d1c1cc3f7a11b18d4edc2ba547cf3c23866c5,true
blk.49.ffn_down.weight,GGML_Q8_0,GGML_Q8_0,139264000,139264000,e233690c78895d6c6248189158695f9b347f826ffa418d2c9fa3a203b521d747,e233690c78895d6c6248189158695f9b347f826ffa418d2c9fa3a203b521d747,true
blk.50.attn_norm.weight,CanonicalPrimitive,CanonicalPrimitive,20480,20480,0b2177843176581eaa7ffc1e5f163eb19073270892ae03ae6b7a6255475a02aa,0b2177843176581eaa7ffc1e5f163eb19073270892ae03ae6b7a6255475a02aa,true
blk.50.attn_q.weight,GGML_Q8_0,GGML_Q8_0,44564480,44564480,a0e19dd946568a2f134de422df02145cdf7c3eab1c5017cb2f15062596bcf161,a0e19dd946568a2f134de422df02145cdf7c3eab1c5017cb2f15062596bcf161,true
blk.50.attn_q_norm.weight,CanonicalPrimitive,CanonicalPrimitive,512,512,f816d36540716d3cf2167da2bf2f9ecc9b3e78b667a590296fe333875644b659,f816d36540716d3cf2167da2bf2f9ecc9b3e78b667a590296fe333875644b659,true
blk.50.attn_k.weight,GGML_Q8_0,GGML_Q8_0,5570560,5570560,da3e18c00edd1b7e74a21724bdcc1a0f354663b83212c1087c8fa4776239996d,da3e18c00edd1b7e74a21724bdcc1a0f354663b83212c1087c8fa4776239996d,true
blk.50.attn_k_norm.weight,CanonicalPrimitive,CanonicalPrimitive,512,512,b2032814147978cfc8a136d0d1302fa1e13ebe18a802e50ac75269626485ba88,b2032814147978cfc8a136d0d1302fa1e13ebe18a802e50ac75269626485ba88,true
blk.50.attn_v.weight,GGML_Q8_0,GGML_Q8_0,5570560,5570560,1dcdf018b3a47b68fb93bb0083ea902c65bee2d04c920fefa79a2aafcd660074,1dcdf018b3a47b68fb93bb0083ea902c65bee2d04c920fefa79a2aafcd660074,true
blk.50.attn_output.weight,GGML_Q8_0,GGML_Q8_0,44564480,44564480,7f202550801c2f5fcb6d5e8e329afafab696b384bfda72b523dd9252edd926e3,7f202550801c2f5fcb6d5e8e329afafab696b384bfda72b523dd9252edd926e3,true
blk.50.ffn_norm.weight,CanonicalPrimitive,CanonicalPrimitive,20480,20480,2d9940ff3d413135ebb79a81275a12c28f1c824258648dde663e8e81073781dc,2d9940ff3d413135ebb79a81275a12c28f1c824258648dde663e8e81073781dc,true
blk.50.ffn_gate.weight,GGML_Q8_0,GGML_Q8_0,139264000,139264000,e63486b335f84d384acd096d35e1bdaa4e293945896cb7cba698b4b3988a0476,e63486b335f84d384acd096d35e1bdaa4e293945896cb7cba698b4b3988a0476,true
blk.50.ffn_up.weight,GGML_Q8_0,GGML_Q8_0,139264000,139264000,25e5cda267f8b6ac13f12d3b7bbbfee792404ccae02e742fa3fbb44c8c52d880,25e5cda267f8b6ac13f12d3b7bbbfee792404ccae02e742fa3fbb44c8c52d880,true
blk.50.ffn_down.weight,GGML_Q8_0,GGML_Q8_0,139264000,139264000,7fb5eebe3c352fc8b3326be98fe75f9e5af641881e6b22b6c25f3ce70a9a6890,7fb5eebe3c352fc8b3326be98fe75f9e5af641881e6b22b6c25f3ce70a9a6890,true
blk.51.attn_norm.weight,CanonicalPrimitive,CanonicalPrimitive,20480,20480,e3fab94cc58b8bce1e4fea3fd58464013349d07782d498ea0bf6f3ff39a7e2a0,e3fab94cc58b8bce1e4fea3fd58464013349d07782d498ea0bf6f3ff39a7e2a0,true
blk.51.attn_q.weight,GGML_Q8_0,GGML_Q8_0,44564480,44564480,a9b8134884c7d92d07718a48bf771b7c066db045bbf736a8e2a45e7d5c17ce41,a9b8134884c7d92d07718a48bf771b7c066db045bbf736a8e2a45e7d5c17ce41,true
blk.51.attn_q_norm.weight,CanonicalPrimitive,CanonicalPrimitive,512,512,a7a901b9448d421cccf487ff485810f06ac8032d2b680517c809cfb3327a82e6,a7a901b9448d421cccf487ff485810f06ac8032d2b680517c809cfb3327a82e6,true
blk.51.attn_k.weight,GGML_Q8_0,GGML_Q8_0,5570560,5570560,ae717a61b0387516446a6e0724654f2356292135eef23cd82f821a278209fa3c,ae717a61b0387516446a6e0724654f2356292135eef23cd82f821a278209fa3c,true
blk.51.attn_k_norm.weight,CanonicalPrimitive,CanonicalPrimitive,512,512,a6c22da5657e2aa485909141d3b9fa65a98a6e84374ca434d736793280140c4d,a6c22da5657e2aa485909141d3b9fa65a98a6e84374ca434d736793280140c4d,true
blk.51.attn_v.weight,GGML_Q8_0,GGML_Q8_0,5570560,5570560,ace7c0f3aaaf29241cd48ddb1f779c1144bef18149f2541d94ca456736aadeb8,ace7c0f3aaaf29241cd48ddb1f779c1144bef18149f2541d94ca456736aadeb8,true
blk.51.attn_output.weight,GGML_Q8_0,GGML_Q8_0,44564480,44564480,8d8c0110ba0ac69a5fee787c1bb8f207cc9a6ec8b8e626cb10a5bb6bf55af14c,8d8c0110ba0ac69a5fee787c1bb8f207cc9a6ec8b8e626cb10a5bb6bf55af14c,true
blk.51.ffn_norm.weight,CanonicalPrimitive,CanonicalPrimitive,20480,20480,e8080623b5de83a1e2a6b134245ef3edc9035aafd71f322ee0f54f70fd7b17d7,e8080623b5de83a1e2a6b134245ef3edc9035aafd71f322ee0f54f70fd7b17d7,true
blk.51.ffn_gate.weight,GGML_Q8_0,GGML_Q8_0,139264000,139264000,93e058f57f38c77dc82c1ea4cc4aebe26cbc693c7af0875a2451fda67e95df2d,93e058f57f38c77dc82c1ea4cc4aebe26cbc693c7af0875a2451fda67e95df2d,true
blk.51.ffn_up.weight,GGML_Q8_0,GGML_Q8_0,139264000,139264000,74fedbabe8cd6ab9304117fe3d59cab703d958eab9986dcc4c06bf57fb4b0067,74fedbabe8cd6ab9304117fe3d59cab703d958eab9986dcc4c06bf57fb4b0067,true
blk.51.ffn_down.weight,GGML_Q8_0,GGML_Q8_0,139264000,139264000,df25fb95d4f64c3faeca364f3bcd5aca3eec61ca27b14ba12403590125e5b008,df25fb95d4f64c3faeca364f3bcd5aca3eec61ca27b14ba12403590125e5b008,true
blk.52.attn_norm.weight,CanonicalPrimitive,CanonicalPrimitive,20480,20480,5b6dc4def2c517ac8a7fb77fb7dff6da831db479e7eda2f704547434da1487a5,5b6dc4def2c517ac8a7fb77fb7dff6da831db479e7eda2f704547434da1487a5,true
blk.52.attn_q.weight,GGML_Q8_0,GGML_Q8_0,44564480,44564480,f3c01166c4ba9d7be6010efec2a0f151104a048239eb27188a03aaf96e3a3d50,f3c01166c4ba9d7be6010efec2a0f151104a048239eb27188a03aaf96e3a3d50,true
blk.52.attn_q_norm.weight,CanonicalPrimitive,CanonicalPrimitive,512,512,9d78596218db11d51f0f75bd490168175e7c6db074ae18307c3093b655a0da4a,9d78596218db11d51f0f75bd490168175e7c6db074ae18307c3093b655a0da4a,true
blk.52.attn_k.weight,GGML_Q8_0,GGML_Q8_0,5570560,5570560,f8f0d4ae66bdcfe274a4157bd448c7fa164645b504f8272e287c87f02f217a34,f8f0d4ae66bdcfe274a4157bd448c7fa164645b504f8272e287c87f02f217a34,true
blk.52.attn_k_norm.weight,CanonicalPrimitive,CanonicalPrimitive,512,512,53994fd9a0f74b3414f8d2c6cdf19d3feb7425e54678c00cd68dc6bc7b216e7a,53994fd9a0f74b3414f8d2c6cdf19d3feb7425e54678c00cd68dc6bc7b216e7a,true
blk.52.attn_v.weight,GGML_Q8_0,GGML_Q8_0,5570560,5570560,94c1d8d6bafb58c1dab2e77f9c5626d9b3f4afc19382fefccd80afc35ebe9723,94c1d8d6bafb58c1dab2e77f9c5626d9b3f4afc19382fefccd80afc35ebe9723,true
blk.52.attn_output.weight,GGML_Q8_0,GGML_Q8_0,44564480,44564480,2af178835f12c9feb59d7e47b61147cc77dd0656eb132ce01aeae9acc79a9673,2af178835f12c9feb59d7e47b61147cc77dd0656eb132ce01aeae9acc79a9673,true
blk.52.ffn_norm.weight,CanonicalPrimitive,CanonicalPrimitive,20480,20480,47d6792fee47edca6534b8bc135ac8a8ecebf6629dacbc049084b5a5b95f1854,47d6792fee47edca6534b8bc135ac8a8ecebf6629dacbc049084b5a5b95f1854,true
blk.52.ffn_gate.weight,GGML_Q8_0,GGML_Q8_0,139264000,139264000,d6b587351c06565ebcfb38b1bfca3c0ac1f6abbcc792aaaab956bb13817bf9c9,d6b587351c06565ebcfb38b1bfca3c0ac1f6abbcc792aaaab956bb13817bf9c9,true
blk.52.ffn_up.weight,GGML_Q8_0,GGML_Q8_0,139264000,139264000,f13e6dd1ba03e85258dc8f79ef3b1432a3f47062c53bd2444dd237f9e13531a7,f13e6dd1ba03e85258dc8f79ef3b1432a3f47062c53bd2444dd237f9e13531a7,true
blk.52.ffn_down.weight,GGML_Q8_0,GGML_Q8_0,139264000,139264000,ac47147ae74cb7bc5136a51dcb536665ffd0140f5970df06bff73403ca890d2c,ac47147ae74cb7bc5136a51dcb536665ffd0140f5970df06bff73403ca890d2c,true
blk.53.attn_norm.weight,CanonicalPrimitive,CanonicalPrimitive,20480,20480,220abc0d6253b5262e630ccfb8eb6324b6876142686ad306ce0ec6c052604c7b,220abc0d6253b5262e630ccfb8eb6324b6876142686ad306ce0ec6c052604c7b,true
blk.53.attn_q.weight,GGML_Q8_0,GGML_Q8_0,44564480,44564480,005a652bc2fa52657a4258dd298cfaa111bdef209095ddc113ce0e7bc3b66184,005a652bc2fa52657a4258dd298cfaa111bdef209095ddc113ce0e7bc3b66184,true
blk.53.attn_q_norm.weight,CanonicalPrimitive,CanonicalPrimitive,512,512,95127c71ea9d8bb9fb313c17916ebfde0bc29acecf587011b2771723457fd404,95127c71ea9d8bb9fb313c17916ebfde0bc29acecf587011b2771723457fd404,true
blk.53.attn_k.weight,GGML_Q8_0,GGML_Q8_0,5570560,5570560,67e8b6451636a635782a313aa136d5ce67cae625274f3959ef7d35e52af8f94a,67e8b6451636a635782a313aa136d5ce67cae625274f3959ef7d35e52af8f94a,true
blk.53.attn_k_norm.weight,CanonicalPrimitive,CanonicalPrimitive,512,512,f1d2251ac076ede2e228baa99025cff308d9f446c9118d9dccb89317c90d6655,f1d2251ac076ede2e228baa99025cff308d9f446c9118d9dccb89317c90d6655,true
blk.53.attn_v.weight,GGML_Q8_0,GGML_Q8_0,5570560,5570560,604582fa71d8a30842b40db3ad9f29c2a1bb1998f055ad3d8a8323aa007559f5,604582fa71d8a30842b40db3ad9f29c2a1bb1998f055ad3d8a8323aa007559f5,true
blk.53.attn_output.weight,GGML_Q8_0,GGML_Q8_0,44564480,44564480,edaee0f0d47a7d5ce7a530ac6d6ad3842ee235023e852d87386ebc01fe64a5cf,edaee0f0d47a7d5ce7a530ac6d6ad3842ee235023e852d87386ebc01fe64a5cf,true
blk.53.ffn_norm.weight,CanonicalPrimitive,CanonicalPrimitive,20480,20480,8d45775cf03635f91cced43505e85ff593fb58b1e809c66e715e8a8cca1df6c3,8d45775cf03635f91cced43505e85ff593fb58b1e809c66e715e8a8cca1df6c3,true
blk.53.ffn_gate.weight,GGML_Q8_0,GGML_Q8_0,139264000,139264000,64b61ee31590b458cdaa9d5a9d56bd332467c6297fde9611b1e54bd60095ce93,64b61ee31590b458cdaa9d5a9d56bd332467c6297fde9611b1e54bd60095ce93,true
blk.53.ffn_up.weight,GGML_Q8_0,GGML_Q8_0,139264000,139264000,d1c64619eef5a0f4ad79846ac0307d8df93da2eac52fcf1a66193b13da12203f,d1c64619eef5a0f4ad79846ac0307d8df93da2eac52fcf1a66193b13da12203f,true
blk.53.ffn_down.weight,GGML_Q8_0,GGML_Q8_0,139264000,139264000,c7ed5a984d067c98a3586be832faf73c6b6d4420bfe1273fe3e2517c4008f799,c7ed5a984d067c98a3586be832faf73c6b6d4420bfe1273fe3e2517c4008f799,true
blk.54.attn_norm.weight,CanonicalPrimitive,CanonicalPrimitive,20480,20480,54d2e698649d8f79715ead8153d47dccfcae61108e4f7ebebe5d79f57ca97df4,54d2e698649d8f79715ead8153d47dccfcae61108e4f7ebebe5d79f57ca97df4,true
blk.54.attn_q.weight,GGML_Q8_0,GGML_Q8_0,44564480,44564480,460d1b6f3f695c04fa16d4171f809a7d563f4991d303c5ae672b7ed361ff37e6,460d1b6f3f695c04fa16d4171f809a7d563f4991d303c5ae672b7ed361ff37e6,true
blk.54.attn_q_norm.weight,CanonicalPrimitive,CanonicalPrimitive,512,512,ed0f04125c56c09014ca0f279ed08cd295cc63599abc1649e7051a775e13f0ea,ed0f04125c56c09014ca0f279ed08cd295cc63599abc1649e7051a775e13f0ea,true
blk.54.attn_k.weight,GGML_Q8_0,GGML_Q8_0,5570560,5570560,93af3608d1cf9e2f88266d34c1262b641002b814278a0f457acaa26a5560be2a,93af3608d1cf9e2f88266d34c1262b641002b814278a0f457acaa26a5560be2a,true
blk.54.attn_k_norm.weight,CanonicalPrimitive,CanonicalPrimitive,512,512,c8497c6f53ae4d4ff0c38735866062d1f9b7426ae487109f3f5304b87b05adc0,c8497c6f53ae4d4ff0c38735866062d1f9b7426ae487109f3f5304b87b05adc0,true
blk.54.attn_v.weight,GGML_Q8_0,GGML_Q8_0,5570560,5570560,fd1d4a08c56e450fd9c045d2b6de41e7bd4db4cd7ed24a75457c0608fd8b2f1d,fd1d4a08c56e450fd9c045d2b6de41e7bd4db4cd7ed24a75457c0608fd8b2f1d,true
blk.54.attn_output.weight,GGML_Q8_0,GGML_Q8_0,44564480,44564480,b259e849a68a3fbedf40f536182d2da1e32f951bddc2cc1a6e398ed675ac123a,b259e849a68a3fbedf40f536182d2da1e32f951bddc2cc1a6e398ed675ac123a,true
blk.54.ffn_norm.weight,CanonicalPrimitive,CanonicalPrimitive,20480,20480,8206e53df5cb13044546c8cc7fe833ab920fc47ae3d2b3906a58abd910aee4a4,8206e53df5cb13044546c8cc7fe833ab920fc47ae3d2b3906a58abd910aee4a4,true
blk.54.ffn_gate.weight,GGML_Q8_0,GGML_Q8_0,139264000,139264000,5c62d036c8df63d33c790ca7b38cdaa450eeae7dec68ae0bbf956c379a805c2a,5c62d036c8df63d33c790ca7b38cdaa450eeae7dec68ae0bbf956c379a805c2a,true
blk.54.ffn_up.weight,GGML_Q8_0,GGML_Q8_0,139264000,139264000,2c51c1519e5eeb0be54cd085712499e37c692ad0abcea0f9de1436e091c6e76b,2c51c1519e5eeb0be54cd085712499e37c692ad0abcea0f9de1436e091c6e76b,true
blk.54.ffn_down.weight,GGML_Q8_0,GGML_Q8_0,139264000,139264000,8966e897afa3dd931fe5c2c4b42c7857efe7a36a2ec75eeb9e0a24203b76da76,8966e897afa3dd931fe5c2c4b42c7857efe7a36a2ec75eeb9e0a24203b76da76,true
blk.55.attn_norm.weight,CanonicalPrimitive,CanonicalPrimitive,20480,20480,8fabb91a3175cd5d02366c795077af27a388159fbd2a7d67ee32ae81b0a3b8d1,8fabb91a3175cd5d02366c795077af27a388159fbd2a7d67ee32ae81b0a3b8d1,true
blk.55.attn_q.weight,GGML_Q8_0,GGML_Q8_0,44564480,44564480,aec7358290c74ee51e8fb61d64a744dfea14edf9f28a69540627ae956f04736c,aec7358290c74ee51e8fb61d64a744dfea14edf9f28a69540627ae956f04736c,true
blk.55.attn_q_norm.weight,CanonicalPrimitive,CanonicalPrimitive,512,512,f40baf4e9d114f9c0a87bf8c0c6e5ff2a60fa080d8cda96360fd31fb8e5ec2e9,f40baf4e9d114f9c0a87bf8c0c6e5ff2a60fa080d8cda96360fd31fb8e5ec2e9,true
blk.55.attn_k.weight,GGML_Q8_0,GGML_Q8_0,5570560,5570560,152ca3c925a2bc5afcb5b4c3018a8d4474f51a267f8788b84bb85850b6d0375b,152ca3c925a2bc5afcb5b4c3018a8d4474f51a267f8788b84bb85850b6d0375b,true
blk.55.attn_k_norm.weight,CanonicalPrimitive,CanonicalPrimitive,512,512,bb55262140ce8ad6b4a5ae57a1d280fb73664f4bcb2408f430ff41b6804b21ed,bb55262140ce8ad6b4a5ae57a1d280fb73664f4bcb2408f430ff41b6804b21ed,true
blk.55.attn_v.weight,GGML_Q8_0,GGML_Q8_0,5570560,5570560,82591505bd3b3e938e080d197538511944c8380263466e84e8dcdf64869fd9a7,82591505bd3b3e938e080d197538511944c8380263466e84e8dcdf64869fd9a7,true
blk.55.attn_output.weight,GGML_Q8_0,GGML_Q8_0,44564480,44564480,833822d4fcf4748c99efb603c1d79195d43860b17f52a37464fc038e2d6dfbfd,833822d4fcf4748c99efb603c1d79195d43860b17f52a37464fc038e2d6dfbfd,true
blk.55.ffn_norm.weight,CanonicalPrimitive,CanonicalPrimitive,20480,20480,cd21218fb7d6886f135d86d12d941a135617b24b8c854ea27e21de5cb2502557,cd21218fb7d6886f135d86d12d941a135617b24b8c854ea27e21de5cb2502557,true
blk.55.ffn_gate.weight,GGML_Q8_0,GGML_Q8_0,139264000,139264000,689451c706d3c0b0a65c249faa876b167d437061b1a46de63c29a0b078198ad4,689451c706d3c0b0a65c249faa876b167d437061b1a46de63c29a0b078198ad4,true
blk.55.ffn_up.weight,GGML_Q8_0,GGML_Q8_0,139264000,139264000,8671ecf554879028143f3aabfa95f822c2991a3cdf825daf795a9784243006ac,8671ecf554879028143f3aabfa95f822c2991a3cdf825daf795a9784243006ac,true
blk.55.ffn_down.weight,GGML_Q8_0,GGML_Q8_0,139264000,139264000,bcbaa786ecbc486cd9c09fe24b0670c927572abfab13b6363b109a0aef0612d9,bcbaa786ecbc486cd9c09fe24b0670c927572abfab13b6363b109a0aef0612d9,true
blk.56.attn_norm.weight,CanonicalPrimitive,CanonicalPrimitive,20480,20480,33dbd6caf90f07bdd7cc6af83007d1f87a5f8d44ad9ab3da1fb29fac812464ba,33dbd6caf90f07bdd7cc6af83007d1f87a5f8d44ad9ab3da1fb29fac812464ba,true
blk.56.attn_q.weight,GGML_Q8_0,GGML_Q8_0,44564480,44564480,3aa8293ed52c9fe9ca0352e24c682b0bf5b1100e0a265e089166fff38d9930f5,3aa8293ed52c9fe9ca0352e24c682b0bf5b1100e0a265e089166fff38d9930f5,true
blk.56.attn_q_norm.weight,CanonicalPrimitive,CanonicalPrimitive,512,512,1656e843830d8b986b8becae73a47e9f2e8b51e0c174e3404a3a227d3dbb6ee4,1656e843830d8b986b8becae73a47e9f2e8b51e0c174e3404a3a227d3dbb6ee4,true
blk.56.attn_k.weight,GGML_Q8_0,GGML_Q8_0,5570560,5570560,5df0436214136422b73570b5906dd353e57b2d40212ad7477c6d055abd414f2a,5df0436214136422b73570b5906dd353e57b2d40212ad7477c6d055abd414f2a,true
blk.56.attn_k_norm.weight,CanonicalPrimitive,CanonicalPrimitive,512,512,83f3b8a68dd970c780122939300e85874c47e4a300d04d848f859358368b3f32,83f3b8a68dd970c780122939300e85874c47e4a300d04d848f859358368b3f32,true
blk.56.attn_v.weight,GGML_Q8_0,GGML_Q8_0,5570560,5570560,4f3a41cf8811b5a474f3802db9c808fd101c0d51b7a3a899b613a04654976819,4f3a41cf8811b5a474f3802db9c808fd101c0d51b7a3a899b613a04654976819,true
blk.56.attn_output.weight,GGML_Q8_0,GGML_Q8_0,44564480,44564480,a09dedf66c51236cbfbb70f074292454c129a3e750e61d17313f0c2a24210ba7,a09dedf66c51236cbfbb70f074292454c129a3e750e61d17313f0c2a24210ba7,true
blk.56.ffn_norm.weight,CanonicalPrimitive,CanonicalPrimitive,20480,20480,b59b8903e714b13060273e0e4daa496e2947802c6b14f85bc27d28bae5b5152f,b59b8903e714b13060273e0e4daa496e2947802c6b14f85bc27d28bae5b5152f,true
blk.56.ffn_gate.weight,GGML_Q8_0,GGML_Q8_0,139264000,139264000,774c2bd335bf885f45567d27d51a422a0d034ac68cc38d5c60c96b7cdd0c2a0d,774c2bd335bf885f45567d27d51a422a0d034ac68cc38d5c60c96b7cdd0c2a0d,true
blk.56.ffn_up.weight,GGML_Q8_0,GGML_Q8_0,139264000,139264000,804b15bff838c76198bbc4f0e05fea1180ea52b26720cc12bf02761ac2753bbc,804b15bff838c76198bbc4f0e05fea1180ea52b26720cc12bf02761ac2753bbc,true
blk.56.ffn_down.weight,GGML_Q8_0,GGML_Q8_0,139264000,139264000,0751e42f00e150d935511cff2862ab405c46cc9c56383a0ba2dbadd21673448c,0751e42f00e150d935511cff2862ab405c46cc9c56383a0ba2dbadd21673448c,true
blk.57.attn_norm.weight,CanonicalPrimitive,CanonicalPrimitive,20480,20480,4ad381e11f81f13eb8225e66c9fc10562fd03499055a41e6dd240e32ca17e3b4,4ad381e11f81f13eb8225e66c9fc10562fd03499055a41e6dd240e32ca17e3b4,true
blk.57.attn_q.weight,GGML_Q8_0,GGML_Q8_0,44564480,44564480,9b8b6d647e57869e8e983bca8edd2476a745db61d3229a43dcfe0b57e30ced25,9b8b6d647e57869e8e983bca8edd2476a745db61d3229a43dcfe0b57e30ced25,true
blk.57.attn_q_norm.weight,CanonicalPrimitive,CanonicalPrimitive,512,512,8dcbc695b996cd671e111b22cec4e6c5629f19363d074db9f66b982a757a2b2c,8dcbc695b996cd671e111b22cec4e6c5629f19363d074db9f66b982a757a2b2c,true
blk.57.attn_k.weight,GGML_Q8_0,GGML_Q8_0,5570560,5570560,c46102aaadc74f4607a1f5cc875bba3fd6b5c2f90438a66d965d67eb88c2cc5f,c46102aaadc74f4607a1f5cc875bba3fd6b5c2f90438a66d965d67eb88c2cc5f,true
blk.57.attn_k_norm.weight,CanonicalPrimitive,CanonicalPrimitive,512,512,9f5f22eed431ec0c9f9a4488f763d8f99245ac6d2f496c3b7d80877a153e8b6a,9f5f22eed431ec0c9f9a4488f763d8f99245ac6d2f496c3b7d80877a153e8b6a,true
blk.57.attn_v.weight,GGML_Q8_0,GGML_Q8_0,5570560,5570560,26b35e5913537a0920a16b57a8b4b580f5ea5ef628324ae61aede9a3977ef395,26b35e5913537a0920a16b57a8b4b580f5ea5ef628324ae61aede9a3977ef395,true
blk.57.attn_output.weight,GGML_Q8_0,GGML_Q8_0,44564480,44564480,7d6c84bd3d81590d037b5bb4d6c2879aeb9e128f41ec258ad469a6f5afd03502,7d6c84bd3d81590d037b5bb4d6c2879aeb9e128f41ec258ad469a6f5afd03502,true
blk.57.ffn_norm.weight,CanonicalPrimitive,CanonicalPrimitive,20480,20480,afc1d17c21f8bab418ed5404846a9d40d991f6b0497cfb0b02387cf51a1f8c58,afc1d17c21f8bab418ed5404846a9d40d991f6b0497cfb0b02387cf51a1f8c58,true
blk.57.ffn_gate.weight,GGML_Q8_0,GGML_Q8_0,139264000,139264000,24fb66fdf599d8d2d536ac47b75c8cc2c6ecd1ce2cf93ffd79649ecbf0b3ef3a,24fb66fdf599d8d2d536ac47b75c8cc2c6ecd1ce2cf93ffd79649ecbf0b3ef3a,true
blk.57.ffn_up.weight,GGML_Q8_0,GGML_Q8_0,139264000,139264000,8644741954dd8b1cf29b5fc6901524506532cbbe0f414e68b0deb6cb5d64b519,8644741954dd8b1cf29b5fc6901524506532cbbe0f414e68b0deb6cb5d64b519,true
blk.57.ffn_down.weight,GGML_Q8_0,GGML_Q8_0,139264000,139264000,58bdc21df7731a771672f6634f63016de0c01550d5015b2b3b000eb0214b8e60,58bdc21df7731a771672f6634f63016de0c01550d5015b2b3b000eb0214b8e60,true
blk.58.attn_norm.weight,CanonicalPrimitive,CanonicalPrimitive,20480,20480,4d81bfe0b4be63ce961042b101de06b0c5462d07140300ff10b520d2910392b8,4d81bfe0b4be63ce961042b101de06b0c5462d07140300ff10b520d2910392b8,true
blk.58.attn_q.weight,GGML_Q8_0,GGML_Q8_0,44564480,44564480,f024252a991595e02b0a7802da839b248fc23be5e5085211c695c74d9fb27ab1,f024252a991595e02b0a7802da839b248fc23be5e5085211c695c74d9fb27ab1,true
blk.58.attn_q_norm.weight,CanonicalPrimitive,CanonicalPrimitive,512,512,02470de345bfa62496f9bd24cb44727be00bcd6811add4ce27204309ed10fd98,02470de345bfa62496f9bd24cb44727be00bcd6811add4ce27204309ed10fd98,true
blk.58.attn_k.weight,GGML_Q8_0,GGML_Q8_0,5570560,5570560,b702d90155a3dfd9fe670e64d1c3d7b4196d94b1a9908aabc1a4d2717b0f9a6c,b702d90155a3dfd9fe670e64d1c3d7b4196d94b1a9908aabc1a4d2717b0f9a6c,true
blk.58.attn_k_norm.weight,CanonicalPrimitive,CanonicalPrimitive,512,512,efbf425f52a6ec5f9aa7b81f57a2123e77b72448e0a9614d6f28bac37da62958,efbf425f52a6ec5f9aa7b81f57a2123e77b72448e0a9614d6f28bac37da62958,true
blk.58.attn_v.weight,GGML_Q8_0,GGML_Q8_0,5570560,5570560,852c8d1fe96b5b46c88afd91c530fc9fe1e3f4d0f5f7964b8c4ac2ac8d21c493,852c8d1fe96b5b46c88afd91c530fc9fe1e3f4d0f5f7964b8c4ac2ac8d21c493,true
blk.58.attn_output.weight,GGML_Q8_0,GGML_Q8_0,44564480,44564480,e26769da1d1f5e0683befa9f1a56c6bbdcba70635dedaa56a77887ced26381a0,e26769da1d1f5e0683befa9f1a56c6bbdcba70635dedaa56a77887ced26381a0,true
blk.58.ffn_norm.weight,CanonicalPrimitive,CanonicalPrimitive,20480,20480,92da9171301af26bbdcd132b19ae81cddc8952cb9d14cc471dbebc455711f373,92da9171301af26bbdcd132b19ae81cddc8952cb9d14cc471dbebc455711f373,true
blk.58.ffn_gate.weight,GGML_Q8_0,GGML_Q8_0,139264000,139264000,3bef53e64d02fbceac0d9c1e6094df117c88ccc1b1e0d83cbfa729fa9809143a,3bef53e64d02fbceac0d9c1e6094df117c88ccc1b1e0d83cbfa729fa9809143a,true
blk.58.ffn_up.weight,GGML_Q8_0,GGML_Q8_0,139264000,139264000,26716f9d6b7fda5885f1e5b9bfbe1f85826a4925209001a96ad6e905fc3dea56,26716f9d6b7fda5885f1e5b9bfbe1f85826a4925209001a96ad6e905fc3dea56,true
blk.58.ffn_down.weight,GGML_Q8_0,GGML_Q8_0,139264000,139264000,5d6c9bc4d2cb0dcb492048d9dad19a6f2b3f9783d85d2a9f9e4740fde057c4ca,5d6c9bc4d2cb0dcb492048d9dad19a6f2b3f9783d85d2a9f9e4740fde057c4ca,true
blk.59.attn_norm.weight,CanonicalPrimitive,CanonicalPrimitive,20480,20480,3dc7c3756e1d10cad1aba46fa04dc84ed818831e9553c64f8f1ef65aa598b714,3dc7c3756e1d10cad1aba46fa04dc84ed818831e9553c64f8f1ef65aa598b714,true
blk.59.attn_q.weight,GGML_Q8_0,GGML_Q8_0,44564480,44564480,9e082f6d4eaa8bf03c03cb274459e11d16fd7c34b0264b7484bc124578d11ecb,9e082f6d4eaa8bf03c03cb274459e11d16fd7c34b0264b7484bc124578d11ecb,true
blk.59.attn_q_norm.weight,CanonicalPrimitive,CanonicalPrimitive,512,512,e0e33e0a82d854c0a3556789e283311a9a04864ba3b3a9627b14b69dda83061a,e0e33e0a82d854c0a3556789e283311a9a04864ba3b3a9627b14b69dda83061a,true
blk.59.attn_k.weight,GGML_Q8_0,GGML_Q8_0,5570560,5570560,b82ec98394007e7000b4124ec0c50a2eb1f70c9ee0658f9b673b1bf9f33b18dd,b82ec98394007e7000b4124ec0c50a2eb1f70c9ee0658f9b673b1bf9f33b18dd,true
blk.59.attn_k_norm.weight,CanonicalPrimitive,CanonicalPrimitive,512,512,decc1510a83e26ad19f96a69c3460cd8a99a551db55159ff21409a5de34f997b,decc1510a83e26ad19f96a69c3460cd8a99a551db55159ff21409a5de34f997b,true
blk.59.attn_v.weight,GGML_Q8_0,GGML_Q8_0,5570560,5570560,f1318b5a0a608d89a1bce5f2d02c24799e64601e992f856a246bf45aa1dd9261,f1318b5a0a608d89a1bce5f2d02c24799e64601e992f856a246bf45aa1dd9261,true
blk.59.attn_output.weight,GGML_Q8_0,GGML_Q8_0,44564480,44564480,0c120778ead423f1be47784c898c7b292b4613cd2ce15bbe3a82fd4fb5270c5c,0c120778ead423f1be47784c898c7b292b4613cd2ce15bbe3a82fd4fb5270c5c,true
blk.59.ffn_norm.weight,CanonicalPrimitive,CanonicalPrimitive,20480,20480,e17400b83bfa193d0403256b29b085d4157f0cb2e6e96f8d737e222980c254c0,e17400b83bfa193d0403256b29b085d4157f0cb2e6e96f8d737e222980c254c0,true
blk.59.ffn_gate.weight,GGML_Q8_0,GGML_Q8_0,139264000,139264000,f5dde11d1c8505132b410c2379c7c18b2c4cc0b09b0a0aa13fbe68773de5e8e2,f5dde11d1c8505132b410c2379c7c18b2c4cc0b09b0a0aa13fbe68773de5e8e2,true
blk.59.ffn_up.weight,GGML_Q8_0,GGML_Q8_0,139264000,139264000,f85f97db6b841dca4df4f5f60242fd9575b0b0c4ed6311721547539a5791f770,f85f97db6b841dca4df4f5f60242fd9575b0b0c4ed6311721547539a5791f770,true
blk.59.ffn_down.weight,GGML_Q8_0,GGML_Q8_0,139264000,139264000,4a61e9e6a75cd08dbdac707a06b30330b395deeb990fe8eb7456f6c149533f7f,4a61e9e6a75cd08dbdac707a06b30330b395deeb990fe8eb7456f6c149533f7f,true
blk.60.attn_norm.weight,CanonicalPrimitive,CanonicalPrimitive,20480,20480,d200f452039009be3217ac30efae72b9ca5516f716cac67788455c89e5d5719d,d200f452039009be3217ac30efae72b9ca5516f716cac67788455c89e5d5719d,true
blk.60.attn_q.weight,GGML_Q8_0,GGML_Q8_0,44564480,44564480,369f7bbd38e7da8b5c23f911be5d83adeee1a7d11de59bf8bfe2dede5b64e213,369f7bbd38e7da8b5c23f911be5d83adeee1a7d11de59bf8bfe2dede5b64e213,true
blk.60.attn_q_norm.weight,CanonicalPrimitive,CanonicalPrimitive,512,512,4b5ce872e5404bfbd6f3ae794621a9a439618c6423b8fe5f00a0506422d0cb8c,4b5ce872e5404bfbd6f3ae794621a9a439618c6423b8fe5f00a0506422d0cb8c,true
blk.60.attn_k.weight,GGML_Q8_0,GGML_Q8_0,5570560,5570560,882bc2200d3643fb847e7680280696cac2e1020644fda208f5311363b32eac52,882bc2200d3643fb847e7680280696cac2e1020644fda208f5311363b32eac52,true
blk.60.attn_k_norm.weight,CanonicalPrimitive,CanonicalPrimitive,512,512,aa68207c38d390f6f1d4a0b25e781acd0805bef3c651f275f1c0efa90b04b1ab,aa68207c38d390f6f1d4a0b25e781acd0805bef3c651f275f1c0efa90b04b1ab,true
blk.60.attn_v.weight,GGML_Q8_0,GGML_Q8_0,5570560,5570560,dd35a589f94bf9b593ec15d48d105a12b78d37c5230797da83e8ac48ebb6dc67,dd35a589f94bf9b593ec15d48d105a12b78d37c5230797da83e8ac48ebb6dc67,true
blk.60.attn_output.weight,GGML_Q8_0,GGML_Q8_0,44564480,44564480,ca252980166533517cb49e285557dace4a960ec5c5fa87ea42cefb8e7567b07e,ca252980166533517cb49e285557dace4a960ec5c5fa87ea42cefb8e7567b07e,true
blk.60.ffn_norm.weight,CanonicalPrimitive,CanonicalPrimitive,20480,20480,cb675aa99edf5c1d7afad9c92504f01b28303f361e264a76ce337236f9aa6f57,cb675aa99edf5c1d7afad9c92504f01b28303f361e264a76ce337236f9aa6f57,true
blk.60.ffn_gate.weight,GGML_Q8_0,GGML_Q8_0,139264000,139264000,ac2e6daa0e09d00aae4292e629a5f395e8d4a2a50b2d5ab63c94afcc30436ed0,ac2e6daa0e09d00aae4292e629a5f395e8d4a2a50b2d5ab63c94afcc30436ed0,true
blk.60.ffn_up.weight,GGML_Q8_0,GGML_Q8_0,139264000,139264000,ec03ac6da414b0af1bfba3df883c199b63f7ea187b7cf884e1240dfff26b80fc,ec03ac6da414b0af1bfba3df883c199b63f7ea187b7cf884e1240dfff26b80fc,true
blk.60.ffn_down.weight,GGML_Q8_0,GGML_Q8_0,139264000,139264000,68cb34c305930dfdbf16ad97c9488cf82bddeb3e90556b4dd83dd1b52e43e78f,68cb34c305930dfdbf16ad97c9488cf82bddeb3e90556b4dd83dd1b52e43e78f,true
blk.61.attn_norm.weight,CanonicalPrimitive,CanonicalPrimitive,20480,20480,bd30fbffaecf8750afa6cf99948247b6f81ab2bc9c159393b196495a7df0133c,bd30fbffaecf8750afa6cf99948247b6f81ab2bc9c159393b196495a7df0133c,true
blk.61.attn_q.weight,GGML_Q8_0,GGML_Q8_0,44564480,44564480,33cfe868e9b73c70b2ab873e6f41001b60552f86139ee31084239a5eee56462a,33cfe868e9b73c70b2ab873e6f41001b60552f86139ee31084239a5eee56462a,true
blk.61.attn_q_norm.weight,CanonicalPrimitive,CanonicalPrimitive,512,512,e17f4e8eba94b074bdde5a33b567c96cd4e16c27f195224740fd75b1c0e0ae87,e17f4e8eba94b074bdde5a33b567c96cd4e16c27f195224740fd75b1c0e0ae87,true
blk.61.attn_k.weight,GGML_Q8_0,GGML_Q8_0,5570560,5570560,4c24ef980162f002e25a595bb349224ed66c56f5598f884812206fff01b4f16c,4c24ef980162f002e25a595bb349224ed66c56f5598f884812206fff01b4f16c,true
blk.61.attn_k_norm.weight,CanonicalPrimitive,CanonicalPrimitive,512,512,eee5a32e19a2ee1d1c4f3dcb916845867d2d20cca93f3b975aa362e0d4c49f93,eee5a32e19a2ee1d1c4f3dcb916845867d2d20cca93f3b975aa362e0d4c49f93,true
blk.61.attn_v.weight,GGML_Q8_0,GGML_Q8_0,5570560,5570560,f09b47476d3e1c5b886007a391d3e7a772c9bf9f45558adaa24a6e57443510f1,f09b47476d3e1c5b886007a391d3e7a772c9bf9f45558adaa24a6e57443510f1,true
blk.61.attn_output.weight,GGML_Q8_0,GGML_Q8_0,44564480,44564480,e67cc134d5688b9e69ab67e2f7c3ac3abfa65eb3fc92025ad28c06413ae2859a,e67cc134d5688b9e69ab67e2f7c3ac3abfa65eb3fc92025ad28c06413ae2859a,true
blk.61.ffn_norm.weight,CanonicalPrimitive,CanonicalPrimitive,20480,20480,3176d740a5af50075c7b448b5efd926b0bebc505bebe873f38b621c341ef9930,3176d740a5af50075c7b448b5efd926b0bebc505bebe873f38b621c341ef9930,true
blk.61.ffn_gate.weight,GGML_Q8_0,GGML_Q8_0,139264000,139264000,dc55f1a46c6f52a750037a7e64e24b0d5edc9a6b7e2218fc56f77d294f3e813e,dc55f1a46c6f52a750037a7e64e24b0d5edc9a6b7e2218fc56f77d294f3e813e,true
blk.61.ffn_up.weight,GGML_Q8_0,GGML_Q8_0,139264000,139264000,ba7522f39df04c7b12e9e55321f958e53d9dd0a28d97aa676fa679225724b12c,ba7522f39df04c7b12e9e55321f958e53d9dd0a28d97aa676fa679225724b12c,true
blk.61.ffn_down.weight,GGML_Q8_0,GGML_Q8_0,139264000,139264000,8bfbc3a7e259fdcdc4e59cb732b034d1856f497f020c6c6aa6e5445a952af094,8bfbc3a7e259fdcdc4e59cb732b034d1856f497f020c6c6aa6e5445a952af094,true
blk.62.attn_norm.weight,CanonicalPrimitive,CanonicalPrimitive,20480,20480,c6d69b352c6f2d1630da49fc543a707770969262f51185a088dfd9214255cae9,c6d69b352c6f2d1630da49fc543a707770969262f51185a088dfd9214255cae9,true
blk.62.attn_q.weight,GGML_Q8_0,GGML_Q8_0,44564480,44564480,5f321cf0c1d4d8dbea8d80ba07ddc79cc015895fed1c9d393ae6d90e07c534ee,5f321cf0c1d4d8dbea8d80ba07ddc79cc015895fed1c9d393ae6d90e07c534ee,true
blk.62.attn_q_norm.weight,CanonicalPrimitive,CanonicalPrimitive,512,512,f35eee5fbeb86d1d9780297045b977964ab5a873df31c352195da2be019be97c,f35eee5fbeb86d1d9780297045b977964ab5a873df31c352195da2be019be97c,true
blk.62.attn_k.weight,GGML_Q8_0,GGML_Q8_0,5570560,5570560,32c261a5e4b2ff5c7c691330bfebfcaae5bfad4287e3772d805ad565f9afa0dc,32c261a5e4b2ff5c7c691330bfebfcaae5bfad4287e3772d805ad565f9afa0dc,true
blk.62.attn_k_norm.weight,CanonicalPrimitive,CanonicalPrimitive,512,512,bada385245230d8d2cdeadee09f32f36f7f7cfacc50d93af12980bf98edbbe2f,bada385245230d8d2cdeadee09f32f36f7f7cfacc50d93af12980bf98edbbe2f,true
blk.62.attn_v.weight,GGML_Q8_0,GGML_Q8_0,5570560,5570560,ca9add93a3e0d6bce901628c2c4bffe6dee40b0b64f0a08f2accd81068ac9e43,ca9add93a3e0d6bce901628c2c4bffe6dee40b0b64f0a08f2accd81068ac9e43,true
blk.62.attn_output.weight,GGML_Q8_0,GGML_Q8_0,44564480,44564480,adbfbf9123cf00efa72ce2a71a6d92376a338d4edf8c292a7c13442d3c088366,adbfbf9123cf00efa72ce2a71a6d92376a338d4edf8c292a7c13442d3c088366,true
blk.62.ffn_norm.weight,CanonicalPrimitive,CanonicalPrimitive,20480,20480,185f0a3dfd8970b6580077e4d7d69033b3949454d8a5411fd97eb3f3f531efec,185f0a3dfd8970b6580077e4d7d69033b3949454d8a5411fd97eb3f3f531efec,true
blk.62.ffn_gate.weight,GGML_Q8_0,GGML_Q8_0,139264000,139264000,2f410e1eca04e99966f881f4ca5c75c366e518b91353c8b318c13f58701135a4,2f410e1eca04e99966f881f4ca5c75c366e518b91353c8b318c13f58701135a4,true
blk.62.ffn_up.weight,GGML_Q8_0,GGML_Q8_0,139264000,139264000,53d281f4ad171edac3f7bf68312daff0a0a3b1ed598c18862ebaba680aec29fb,53d281f4ad171edac3f7bf68312daff0a0a3b1ed598c18862ebaba680aec29fb,true
blk.62.ffn_down.weight,GGML_Q8_0,GGML_Q8_0,139264000,139264000,f37b1e301365476fe69bdae448a735153403295ae5c032b24cbd8d1f1f6d3590,f37b1e301365476fe69bdae448a735153403295ae5c032b24cbd8d1f1f6d3590,true
blk.63.attn_norm.weight,CanonicalPrimitive,CanonicalPrimitive,20480,20480,6aaf3c7a0ea8485cce4159b4df7402d151db7b486312da569dce010209c94bcc,6aaf3c7a0ea8485cce4159b4df7402d151db7b486312da569dce010209c94bcc,true
blk.63.attn_q.weight,GGML_Q8_0,GGML_Q8_0,44564480,44564480,f9f657869c24bd20dde4afa832bd79ea40e7150948c80a5182c9ba65e7697019,f9f657869c24bd20dde4afa832bd79ea40e7150948c80a5182c9ba65e7697019,true
blk.63.attn_q_norm.weight,CanonicalPrimitive,CanonicalPrimitive,512,512,6bbd115f651aae9e86bc1195c4790e62f7fa27575896e567de8f3b09493732c0,6bbd115f651aae9e86bc1195c4790e62f7fa27575896e567de8f3b09493732c0,true
blk.63.attn_k.weight,GGML_Q8_0,GGML_Q8_0,5570560,5570560,1bb1a7e46ca62bfb9f091ee2e8ad4e5207c58a08d7aac2230ff145eca6d85dfd,1bb1a7e46ca62bfb9f091ee2e8ad4e5207c58a08d7aac2230ff145eca6d85dfd,true
blk.63.attn_k_norm.weight,CanonicalPrimitive,CanonicalPrimitive,512,512,69f23eea172ad8f34ce2c66ca63414fa8e7e00a8c23ba0658984d58c7106ba28,69f23eea172ad8f34ce2c66ca63414fa8e7e00a8c23ba0658984d58c7106ba28,true
blk.63.attn_v.weight,GGML_Q8_0,GGML_Q8_0,5570560,5570560,ed2a6a952e9c57daa81663b1a4ddadb050efc5329c2203b636f40cb0d77d8d6b,ed2a6a952e9c57daa81663b1a4ddadb050efc5329c2203b636f40cb0d77d8d6b,true
blk.63.attn_output.weight,GGML_Q8_0,GGML_Q8_0,44564480,44564480,a8ffffd595886a69bd03569b619d96baec1c8b82763671fa6e64637c6a836bfd,a8ffffd595886a69bd03569b619d96baec1c8b82763671fa6e64637c6a836bfd,true
blk.63.ffn_norm.weight,CanonicalPrimitive,CanonicalPrimitive,20480,20480,7697a93a0b743d2912a3ea0357bf09e90ffadf4a07feef002addf3dedfa210bb,7697a93a0b743d2912a3ea0357bf09e90ffadf4a07feef002addf3dedfa210bb,true
blk.63.ffn_gate.weight,GGML_Q8_0,GGML_Q8_0,139264000,139264000,34282e5cd57795f581cdfca7537aee7620621ca73e144b5af442af8d6603374e,34282e5cd57795f581cdfca7537aee7620621ca73e144b5af442af8d6603374e,true
blk.63.ffn_up.weight,GGML_Q8_0,GGML_Q8_0,139264000,139264000,e059b1dde0e152bdb8336914d1c345de031b602e3aa750f8731eee0ac0f3f166,e059b1dde0e152bdb8336914d1c345de031b602e3aa750f8731eee0ac0f3f166,true
blk.63.ffn_down.weight,GGML_Q8_0,GGML_Q8_0,139264000,139264000,642a74b08d5a5a0a1d2630b1758cf6a14125fc29f9c1ad5c9b6961df685d619e,642a74b08d5a5a0a1d2630b1758cf6a14125fc29f9c1ad5c9b6961df685d619e,true
output.weight,GGML_Q8_0,GGML_Q8_0,826531840,826531840,a9d412e584c067b65e1fa7a23da338939fc9bd994d23fd836acc1aaa49bf8bce,a9d412e584c067b65e1fa7a23da338939fc9bd994d23fd836acc1aaa49bf8bce,true
output_norm.weight,CanonicalPrimitive,CanonicalPrimitive,20480,20480,5214cbccfe99941e428357e435de03ae15d20759d06d3b25c9c9998c1c5afbd7,5214cbccfe99941e428357e435de03ae15d20759d06d3b25c9c9998c1c5afbd7,true
