elapsed_us,rss_bytes,vsize_bytes,minor_faults,major_faults,read_bytes,available_bytes,thread_count,process_cpu_pct,system_user_ticks,system_system_ticks,system_idle_ticks,system_iowait_ticks,thermal_json,frequency_json
6417,131072,3547136,14,1,393216,7826087936,1,0.0,2577629,413682,10412275,27447,"{""thermal_zone0"": 43000, ""thermal_zone1"": 44000}","{""cpu0"": 1600000, ""cpu1"": 1600000, ""cpu2"": 1600000, ""cpu3"": 1600000, ""cpu4"": 1600000, ""cpu5"": 1600000, ""cpu6"": 1600000, ""cpu7"": 1600000}"
125215,6815744,5005656064,317,54,5648384,7825383424,1,33.67079324685102,2577634,413686,10412356,27453,"{""thermal_zone0"": 42000, ""thermal_zone1"": 43000}","{""cpu0"": 1600000, ""cpu1"": 1600000, ""cpu2"": 1600000, ""cpu3"": 1600000, ""cpu4"": 1600000, ""cpu5"": 1600000, ""cpu6"": 1600000, ""cpu7"": 1600000}"
240666,9961472,5005656064,320,102,11939840,7824936960,1,17.323283946181025,2577635,413687,10412434,27462,"{""thermal_zone0"": 42000, ""thermal_zone1"": 43000}","{""cpu0"": 1600000, ""cpu1"": 1600000, ""cpu2"": 1600000, ""cpu3"": 1600000, ""cpu4"": 1600000, ""cpu5"": 1600000, ""cpu6"": 1600000, ""cpu7"": 1600000}"
356079,13107200,5005656064,323,151,18231296,7825174528,1,17.329156567595245,2577637,413688,10412512,27472,"{""thermal_zone0"": 41000, ""thermal_zone1"": 43000}","{""cpu0"": 1600000, ""cpu1"": 1600000, ""cpu2"": 1600000, ""cpu3"": 1600000, ""cpu4"": 1600000, ""cpu5"": 1600000, ""cpu6"": 1600000, ""cpu7"": 1600000}"
471612,16252928,5005656064,325,198,24522752,7825137664,1,8.655469495472596,2577638,413689,10412591,27482,"{""thermal_zone0"": 42000, ""thermal_zone1"": 42000}","{""cpu0"": 1600000, ""cpu1"": 1600000, ""cpu2"": 1600000, ""cpu3"": 1600000, ""cpu4"": 1600000, ""cpu5"": 1600000, ""cpu6"": 1600000, ""cpu7"": 1600000}"
587105,19267584,5005656064,327,246,30814208,7825006592,1,8.658589045856218,2577640,413692,10412669,27492,"{""thermal_zone0"": 42000, ""thermal_zone1"": 43000}","{""cpu0"": 1600000, ""cpu1"": 1600000, ""cpu2"": 1600000, ""cpu3"": 1600000, ""cpu4"": 1600000, ""cpu5"": 1600000, ""cpu6"": 1600000, ""cpu7"": 1600000}"
702780,22806528,5005656064,336,294,37105664,7824818176,1,17.28980118716962,2577641,413694,10412747,27502,"{""thermal_zone0"": 42000, ""thermal_zone1"": 43000}","{""cpu0"": 1600000, ""cpu1"": 1600000, ""cpu2"": 1600000, ""cpu3"": 1600000, ""cpu4"": 1600000, ""cpu5"": 1600000, ""cpu6"": 1600000, ""cpu7"": 1600000}"
818605,27525120,5005656064,380,345,43155456,7824519168,1,25.90119003362959,2577644,413697,10412826,27509,"{""thermal_zone0"": 42000, ""thermal_zone1"": 43000}","{""cpu0"": 1600000, ""cpu1"": 1600000, ""cpu2"": 1600000, ""cpu3"": 1600000, ""cpu4"": 1600000, ""cpu5"": 1600000, ""cpu6"": 1600000, ""cpu7"": 1600000}"
934219,33685504,5009399808,1545,367,44584960,7819784192,1,95.14370197691919,2577654,413699,10412906,27510,"{""thermal_zone0"": 42000, ""thermal_zone1"": 43000}","{""cpu0"": 1600000, ""cpu1"": 1600000, ""cpu2"": 1600000, ""cpu3"": 1600000, ""cpu4"": 1600000, ""cpu5"": 1600000, ""cpu6"": 1600000, ""cpu7"": 1600000}"
1048825,36847616,5012549632,2436,367,44584960,7816687616,1,95.98106094724947,2577665,413700,10412984,27510,"{""thermal_zone0"": 42000, ""thermal_zone1"": 43000}","{""cpu0"": 1600000, ""cpu1"": 1600000, ""cpu2"": 1600000, ""cpu3"": 1600000, ""cpu4"": 1600000, ""cpu5"": 1600000, ""cpu6"": 1600000, ""cpu7"": 1600000}"
1163265,41435136,5017178112,3588,367,44584960,7812042752,1,96.11996890606387,2577678,413700,10413063,27510,"{""thermal_zone0"": 42000, ""thermal_zone1"": 43000}","{""cpu0"": 1600000, ""cpu1"": 1600000, ""cpu2"": 1600000, ""cpu3"": 1600000, ""cpu4"": 1600000, ""cpu5"": 1600000, ""cpu6"": 1600000, ""cpu7"": 1600000}"
1278975,47288320,5023059968,5162,367,44584960,7806107648,1,103.70810131130337,2577689,413702,10413142,27510,"{""thermal_zone0"": 42000, ""thermal_zone1"": 43000}","{""cpu0"": 1600000, ""cpu1"": 1600000, ""cpu2"": 1600000, ""cpu3"": 1600000, ""cpu4"": 1600000, ""cpu5"": 1600000, ""cpu6"": 1600000, ""cpu7"": 1600000}"
1393424,50565120,5026299904,5980,367,44584960,7802806272,1,96.11212979289566,2577700,413703,10413220,27510,"{""thermal_zone0"": 42000, ""thermal_zone1"": 43000}","{""cpu0"": 1600000, ""cpu1"": 1600000, ""cpu2"": 1600000, ""cpu3"": 1600000, ""cpu4"": 1600000, ""cpu5"": 1600000, ""cpu6"": 1600000, ""cpu7"": 1600000}"
1507560,54497280,5030252544,6928,367,44584960,7798935552,1,105.13800493381116,2577713,413704,10413299,27510,"{""thermal_zone0"": 43000, ""thermal_zone1"": 43000}","{""cpu0"": 1600000, ""cpu1"": 1600000, ""cpu2"": 1600000, ""cpu3"": 1600000, ""cpu4"": 1600000, ""cpu5"": 1600000, ""cpu6"": 1600000, ""cpu7"": 1600000}"
1621676,55676928,5030928384,7089,368,44597248,7798419456,1,105.15627852911744,2577726,413704,10413377,27510,"{""thermal_zone0"": 42000, ""thermal_zone1"": 44000}","{""cpu0"": 1600000, ""cpu1"": 1600000, ""cpu2"": 1600000, ""cpu3"": 1600000, ""cpu4"": 1600000, ""cpu5"": 1600000, ""cpu6"": 1600000, ""cpu7"": 1600000}"
1736672,55676928,5030928384,7089,368,44597248,7797702656,1,95.65524319867306,2577738,413710,10413450,27510,"{""thermal_zone0"": 42000, ""thermal_zone1"": 44000}","{""cpu0"": 1600000, ""cpu1"": 1600000, ""cpu2"": 1600000, ""cpu3"": 1600000, ""cpu4"": 1600000, ""cpu5"": 1600000, ""cpu6"": 1600000, ""cpu7"": 1600000}"
1857669,55676928,5030928384,7089,368,44597248,7799164928,1,99.17616180617244,2577752,413731,10413510,27510,"{""thermal_zone0"": 44000, ""thermal_zone1"": 44000}","{""cpu0"": 1600000, ""cpu1"": 1600000, ""cpu2"": 1600000, ""cpu3"": 1600000, ""cpu4"": 1600000, ""cpu5"": 1600000, ""cpu6"": 1600000, ""cpu7"": 1600000}"
1975625,55676928,5030928384,7126,368,44597248,7796625408,1,101.7330987899348,2577766,413743,10413579,27510,"{""thermal_zone0"": 44000, ""thermal_zone1"": 45000}","{""cpu0"": 1600000, ""cpu1"": 1600000, ""cpu2"": 1600000, ""cpu3"": 1600000, ""cpu4"": 1600000, ""cpu5"": 1600000, ""cpu6"": 1600000, ""cpu7"": 1600000}"
2099174,58953728,5034209280,8014,368,44597248,7791980544,1,89.0334576402281,2577779,413756,10413650,27511,"{""thermal_zone0"": 44000, ""thermal_zone1"": 44000}","{""cpu0"": 1600000, ""cpu1"": 1600000, ""cpu2"": 1600000, ""cpu3"": 1600000, ""cpu4"": 1600000, ""cpu5"": 1600000, ""cpu6"": 1600000, ""cpu7"": 1600000}"
2219876,58953728,5034209280,8070,368,44597248,7796051968,1,107.70298010169216,2577792,413768,10413720,27511,"{""thermal_zone0"": 43000, ""thermal_zone1"": 45000}","{""cpu0"": 1600000, ""cpu1"": 1600000, ""cpu2"": 1600000, ""cpu3"": 1600000, ""cpu4"": 1600000, ""cpu5"": 1600000, ""cpu6"": 1600000, ""cpu7"": 1600000}"
2339358,68128768,10027216896,9255,403,49373184,7788830720,1,66.95582432144207,2577798,413783,10413794,27511,"{""thermal_zone0"": 43000, ""thermal_zone1"": 45000}","{""cpu0"": 1600000, ""cpu1"": 1600000, ""cpu2"": 1600000, ""cpu3"": 1600000, ""cpu4"": 1600000, ""cpu5"": 1600000, ""cpu6"": 1600000, ""cpu7"": 1600000}"
2464319,84905984,10027216896,11465,468,57761792,7780773888,1,48.014967994062594,2577800,413803,10413872,27511,"{""thermal_zone0"": 44000, ""thermal_zone1"": 45000}","{""cpu0"": 1600000, ""cpu1"": 1600000, ""cpu2"": 1600000, ""cpu3"": 1600000, ""cpu4"": 1600000, ""cpu5"": 1600000, ""cpu6"": 1600000, ""cpu7"": 1600000}"
2589695,101683200,10027216896,13618,532,66150400,7773614080,1,47.855880293683875,2577802,413823,10413951,27511,"{""thermal_zone0"": 44000, ""thermal_zone1"": 45000}","{""cpu0"": 1600000, ""cpu1"": 1600000, ""cpu2"": 1600000, ""cpu3"": 1600000, ""cpu4"": 1600000, ""cpu5"": 1600000, ""cpu6"": 1600000, ""cpu7"": 1600000}"
2714626,118198272,10027216896,15783,595,74539008,7764582400,1,48.026545616505516,2577805,413842,10414029,27511,"{""thermal_zone0"": 45000, ""thermal_zone1"": 45000}","{""cpu0"": 1600000, ""cpu1"": 1600000, ""cpu2"": 1600000, ""cpu3"": 1600000, ""cpu4"": 1600000, ""cpu5"": 1600000, ""cpu6"": 1600000, ""cpu7"": 1600000}"
2838705,134975488,10027216896,17959,659,82927616,7758237696,1,40.29714859471996,2577807,413854,10414112,27511,"{""thermal_zone0"": 44000, ""thermal_zone1"": 43000}","{""cpu0"": 1600000, ""cpu1"": 1600000, ""cpu2"": 1600000, ""cpu3"": 1600000, ""cpu4"": 1600000, ""cpu5"": 1600000, ""cpu6"": 1600000, ""cpu7"": 1600000}"
2959874,151752704,10027216896,20101,722,91185152,7749931008,1,49.51767433111958,2577809,413858,10414201,27511,"{""thermal_zone0"": 42000, ""thermal_zone1"": 42000}","{""cpu0"": 1600000, ""cpu1"": 1600000, ""cpu2"": 1600000, ""cpu3"": 1600000, ""cpu4"": 1600000, ""cpu5"": 1600000, ""cpu6"": 1600000, ""cpu7"": 1600000}"
3080648,168005632,10027216896,22243,785,99311616,7741685760,1,33.11970269502721,2577812,413862,10414290,27511,"{""thermal_zone0"": 42000, ""thermal_zone1"": 42000}","{""cpu0"": 1600000, ""cpu1"": 1600000, ""cpu2"": 1600000, ""cpu3"": 1600000, ""cpu4"": 1600000, ""cpu5"": 1600000, ""cpu6"": 1600000, ""cpu7"": 1600000}"
3201418,184520704,10027216896,24385,848,107569152,7733440512,1,41.400842551858844,2577814,413866,10414380,27511,"{""thermal_zone0"": 42000, ""thermal_zone1"": 43000}","{""cpu0"": 1600000, ""cpu1"": 1600000, ""cpu2"": 1600000, ""cpu3"": 1600000, ""cpu4"": 1600000, ""cpu5"": 1600000, ""cpu6"": 1600000, ""cpu7"": 1600000}"
3322351,201428992,10027216896,26556,911,115826688,7725023232,1,33.07620415926487,2577817,413869,10414469,27511,"{""thermal_zone0"": 43000, ""thermal_zone1"": 42000}","{""cpu0"": 1600000, ""cpu1"": 1600000, ""cpu2"": 1600000, ""cpu3"": 1600000, ""cpu4"": 1600000, ""cpu5"": 1600000, ""cpu6"": 1600000, ""cpu7"": 1600000}"
3443319,217681920,10027216896,28698,974,123953152,7716777984,1,41.333207228473626,2577818,413873,10414558,27511,"{""thermal_zone0"": 41000, ""thermal_zone1"": 42000}","{""cpu0"": 1600000, ""cpu1"": 1600000, ""cpu2"": 1600000, ""cpu3"": 1600000, ""cpu4"": 1600000, ""cpu5"": 1600000, ""cpu6"": 1600000, ""cpu7"": 1600000}"
3564183,234196992,10027216896,30840,1037,132210688,7708532736,1,41.368915277917694,2577822,413878,10414647,27511,"{""thermal_zone0"": 42000, ""thermal_zone1"": 42000}","{""cpu0"": 1600000, ""cpu1"": 1600000, ""cpu2"": 1600000, ""cpu3"": 1600000, ""cpu4"": 1600000, ""cpu5"": 1600000, ""cpu6"": 1600000, ""cpu7"": 1600000}"
3685236,250974208,10027216896,33016,1101,140599296,7699771392,1,41.30401466431303,2577824,413882,10414737,27511,"{""thermal_zone0"": 42000, ""thermal_zone1"": 42000}","{""cpu0"": 1600000, ""cpu1"": 1600000, ""cpu2"": 1600000, ""cpu3"": 1600000, ""cpu4"": 1600000, ""cpu5"": 1600000, ""cpu6"": 1600000, ""cpu7"": 1600000}"
3806300,267358208,10027216896,35124,1163,148856832,7691784192,1,41.30058823354006,2577826,413885,10414826,27511,"{""thermal_zone0"": 42000, ""thermal_zone1"": 42000}","{""cpu0"": 1600000, ""cpu1"": 1600000, ""cpu2"": 1600000, ""cpu3"": 1600000, ""cpu4"": 1600000, ""cpu5"": 1600000, ""cpu6"": 1600000, ""cpu7"": 1600000}"
3927250,283742208,10027216896,37266,1226,156983296,7683477504,1,33.07161231021979,2577828,413888,10414916,27511,"{""thermal_zone0"": 41000, ""thermal_zone1"": 42000}","{""cpu0"": 1600000, ""cpu1"": 1600000, ""cpu2"": 1600000, ""cpu3"": 1600000, ""cpu4"": 1600000, ""cpu5"": 1600000, ""cpu6"": 1600000, ""cpu7"": 1600000}"
4048066,300257280,10027216896,39408,1289,165240832,7675375616,1,41.38517950536053,2577831,413893,10415005,27511,"{""thermal_zone0"": 41000, ""thermal_zone1"": 42000}","{""cpu0"": 1600000, ""cpu1"": 1600000, ""cpu2"": 1600000, ""cpu3"": 1600000, ""cpu4"": 1600000, ""cpu5"": 1600000, ""cpu6"": 1600000, ""cpu7"": 1600000}"
4168813,316903424,10027216896,41550,1352,173629440,7666987008,1,41.40888531322244,2577833,413899,10415094,27511,"{""thermal_zone0"": 42000, ""thermal_zone1"": 42000}","{""cpu0"": 1600000, ""cpu1"": 1600000, ""cpu2"": 1600000, ""cpu3"": 1600000, ""cpu4"": 1600000, ""cpu5"": 1600000, ""cpu6"": 1600000, ""cpu7"": 1600000}"
4289696,333549568,10027216896,43692,1415,181886976,7658741760,1,33.08966845996952,2577835,413904,10415184,27511,"{""thermal_zone0"": 41000, ""thermal_zone1"": 42000}","{""cpu0"": 1600000, ""cpu1"": 1600000, ""cpu2"": 1600000, ""cpu3"": 1600000, ""cpu4"": 1600000, ""cpu5"": 1600000, ""cpu6"": 1600000, ""cpu7"": 1600000}"
4410208,350064640,10027216896,45834,1478,190144512,7650496512,1,41.48987554099479,2577837,413909,10415274,27511,"{""thermal_zone0"": 42000, ""thermal_zone1"": 41000}","{""cpu0"": 1600000, ""cpu1"": 1600000, ""cpu2"": 1600000, ""cpu3"": 1600000, ""cpu4"": 1600000, ""cpu5"": 1600000, ""cpu6"": 1600000, ""cpu7"": 1600000}"
4530934,366579712,10027216896,48010,1542,198402048,7641931776,1,33.132756186674555,2577839,413913,10415363,27511,"{""thermal_zone0"": 42000, ""thermal_zone1"": 42000}","{""cpu0"": 1600000, ""cpu1"": 1600000, ""cpu2"": 1600000, ""cpu3"": 1600000, ""cpu4"": 1600000, ""cpu5"": 1600000, ""cpu6"": 1600000, ""cpu7"": 1600000}"
4651760,383094784,10027216896,50118,1604,206659584,7633686528,1,41.38203996126211,2577841,413917,10415452,27511,"{""thermal_zone0"": 42000, ""thermal_zone1"": 42000}","{""cpu0"": 1600000, ""cpu1"": 1600000, ""cpu2"": 1600000, ""cpu3"": 1600000, ""cpu4"": 1600000, ""cpu5"": 1600000, ""cpu6"": 1600000, ""cpu7"": 1600000}"
4772665,399609856,10027216896,52260,1667,214917120,7625441280,1,41.3545165724007,2577843,413923,10415542,27511,"{""thermal_zone0"": 42000, ""thermal_zone1"": 42000}","{""cpu0"": 1600000, ""cpu1"": 1600000, ""cpu2"": 1600000, ""cpu3"": 1600000, ""cpu4"": 1600000, ""cpu5"": 1600000, ""cpu6"": 1600000, ""cpu7"": 1600000}"
4893557,415862784,10027216896,54402,1730,223043584,7617196032,1,33.08756961965864,2577846,413926,10415631,27511,"{""thermal_zone0"": 41000, ""thermal_zone1"": 42000}","{""cpu0"": 1600000, ""cpu1"": 1600000, ""cpu2"": 1600000, ""cpu3"": 1600000, ""cpu4"": 1600000, ""cpu5"": 1600000, ""cpu6"": 1600000, ""cpu7"": 1600000}"
5014891,432902144,10027216896,56578,1794,231563264,7608807424,1,41.208388181698005,2577848,413931,10415721,27511,"{""thermal_zone0"": 41000, ""thermal_zone1"": 42000}","{""cpu0"": 1600000, ""cpu1"": 1600000, ""cpu2"": 1600000, ""cpu3"": 1600000, ""cpu4"": 1600000, ""cpu5"": 1600000, ""cpu6"": 1600000, ""cpu7"": 1600000}"
5136316,449417216,10027216896,58754,1858,239689728,7600799744,1,41.177703739351394,2577850,413935,10415809,27511,"{""thermal_zone0"": 42000, ""thermal_zone1"": 42000}","{""cpu0"": 1600000, ""cpu1"": 1600000, ""cpu2"": 1600000, ""cpu3"": 1600000, ""cpu4"": 1600000, ""cpu5"": 1600000, ""cpu6"": 1600000, ""cpu7"": 1600000}"
5253432,465145856,10027216896,60794,1918,247685120,7592763392,1,34.154300248404226,2577852,413939,10415896,27511,"{""thermal_zone0"": 42000, ""thermal_zone1"": 44000}","{""cpu0"": 1600000, ""cpu1"": 1600000, ""cpu2"": 1600000, ""cpu3"": 1600000, ""cpu4"": 1600000, ""cpu5"": 1600000, ""cpu6"": 1600000, ""cpu7"": 1600000}"
5370015,481136640,10027216896,62868,1979,255680512,7584677888,1,42.88795037473004,2577853,413944,10415983,27511,"{""thermal_zone0"": 42000, ""thermal_zone1"": 41000}","{""cpu0"": 1600000, ""cpu1"": 1600000, ""cpu2"": 1600000, ""cpu3"": 1600000, ""cpu4"": 1600000, ""cpu5"": 1600000, ""cpu6"": 1600000, ""cpu7"": 1600000}"
5486809,497389568,10027216896,65024,2045,263327744,7576408064,1,42.810317543389864,2577854,413947,10416068,27512,"{""thermal_zone0"": 41000, ""thermal_zone1"": 42000}","{""cpu0"": 1600000, ""cpu1"": 1600000, ""cpu2"": 1600000, ""cpu3"": 1600000, ""cpu4"": 1600000, ""cpu5"": 1600000, ""cpu6"": 1600000, ""cpu7"": 1600000}"
5603479,513380352,10027216896,67083,2106,271196160,7568580608,1,34.28476352024363,2577855,413954,10416155,27512,"{""thermal_zone0"": 42000, ""thermal_zone1"": 45000}","{""cpu0"": 1600000, ""cpu1"": 1600000, ""cpu2"": 1600000, ""cpu3"": 1600000, ""cpu4"": 1600000, ""cpu5"": 1600000, ""cpu6"": 1600000, ""cpu7"": 1600000}"
5719841,529240064,10027216896,69179,2168,279191552,7560544256,1,42.96926489264447,2577857,413958,10416241,27512,"{""thermal_zone0"": 42000, ""thermal_zone1"": 43000}","{""cpu0"": 1600000, ""cpu1"": 1600000, ""cpu2"": 1600000, ""cpu3"": 1600000, ""cpu4"": 1600000, ""cpu5"": 1600000, ""cpu6"": 1600000, ""cpu7"": 1600000}"
5836507,545755136,10027216896,71377,2237,286879744,7551991808,1,34.286012476062794,2577858,413961,10416327,27513,"{""thermal_zone0"": 41000, ""thermal_zone1"": 41000}","{""cpu0"": 1600000, ""cpu1"": 1600000, ""cpu2"": 1600000, ""cpu3"": 1600000, ""cpu4"": 1600000, ""cpu5"": 1600000, ""cpu6"": 1600000, ""cpu7"": 1600000}"
5953124,562270208,10027216896,73519,2300,295137280,7543623680,1,42.87527787467591,2577860,413965,10416413,27513,"{""thermal_zone0"": 41000, ""thermal_zone1"": 44000}","{""cpu0"": 1600000, ""cpu1"": 1600000, ""cpu2"": 1600000, ""cpu3"": 1600000, ""cpu4"": 1600000, ""cpu5"": 1600000, ""cpu6"": 1600000, ""cpu7"": 1600000}"
6069656,578785280,10027216896,75661,2363,303394816,7535538176,1,42.906780976509765,2577862,413969,10416500,27513,"{""thermal_zone0"": 42000, ""thermal_zone1"": 44000}","{""cpu0"": 1600000, ""cpu1"": 1600000, ""cpu2"": 1600000, ""cpu3"": 1600000, ""cpu4"": 1600000, ""cpu5"": 1600000, ""cpu6"": 1600000, ""cpu7"": 1600000}"
6186116,595300352,10027216896,77802,2426,311652352,7527194624,1,25.759947650290922,2577864,413973,10416587,27513,"{""thermal_zone0"": 42000, ""thermal_zone1"": 44000}","{""cpu0"": 1600000, ""cpu1"": 1600000, ""cpu2"": 1600000, ""cpu3"": 1600000, ""cpu4"": 1600000, ""cpu5"": 1600000, ""cpu6"": 1600000, ""cpu7"": 1600000}"
6302694,611815424,10027216896,79945,2489,319909888,7518568448,1,42.88945246201284,2577866,413978,10416673,27513,"{""thermal_zone0"": 42000, ""thermal_zone1"": 41000}","{""cpu0"": 1600000, ""cpu1"": 1600000, ""cpu2"": 1600000, ""cpu3"": 1600000, ""cpu4"": 1600000, ""cpu5"": 1600000, ""cpu6"": 1600000, ""cpu7"": 1600000}"
6419225,628330496,10027216896,82087,2552,328167424,7510482944,1,42.90731781645106,2577869,413981,10416760,27513,"{""thermal_zone0"": 41000, ""thermal_zone1"": 44000}","{""cpu0"": 1600000, ""cpu1"": 1600000, ""cpu2"": 1600000, ""cpu3"": 1600000, ""cpu4"": 1600000, ""cpu5"": 1600000, ""cpu6"": 1600000, ""cpu7"": 1600000}"
6535610,644845568,10027216896,84229,2615,336424960,7502372864,1,34.36868067364539,2577870,413986,10416846,27513,"{""thermal_zone0"": 42000, ""thermal_zone1"": 45000}","{""cpu0"": 1600000, ""cpu1"": 1600000, ""cpu2"": 1600000, ""cpu3"": 1600000, ""cpu4"": 1600000, ""cpu5"": 1600000, ""cpu6"": 1600000, ""cpu7"": 1600000}"
6651994,661360640,10027216896,86371,2678,344682496,7494094848,1,42.96103503719004,2577872,413990,10416933,27513,"{""thermal_zone0"": 42000, ""thermal_zone1"": 45000}","{""cpu0"": 1600000, ""cpu1"": 1600000, ""cpu2"": 1600000, ""cpu3"": 1600000, ""cpu4"": 1600000, ""cpu5"": 1600000, ""cpu6"": 1600000, ""cpu7"": 1600000}"
6768536,677875712,10027216896,88513,2741,352940032,7485591552,1,34.32245500283246,2577874,413994,10417020,27513,"{""thermal_zone0"": 42000, ""thermal_zone1"": 41000}","{""cpu0"": 1600000, ""cpu1"": 1600000, ""cpu2"": 1600000, ""cpu3"": 1600000, ""cpu4"": 1600000, ""cpu5"": 1600000, ""cpu6"": 1600000, ""cpu7"": 1600000}"
6884796,694390784,10027216896,90655,2804,361197568,7476944896,1,34.405533324945836,2577876,414001,10417103,27513,"{""thermal_zone0"": 42000, ""thermal_zone1"": 41000}","{""cpu0"": 1600000, ""cpu1"": 1600000, ""cpu2"": 1600000, ""cpu3"": 1600000, ""cpu4"": 1600000, ""cpu5"": 1600000, ""cpu6"": 1600000, ""cpu7"": 1600000}"
7004638,711168000,10027216896,92831,2868,369586176,7467925504,1,41.7217428440327,2577878,414010,10417185,27513,"{""thermal_zone0"": 42000, ""thermal_zone1"": 42000}","{""cpu0"": 1600000, ""cpu1"": 1600000, ""cpu2"": 1600000, ""cpu3"": 1600000, ""cpu4"": 1600000, ""cpu5"": 1600000, ""cpu6"": 1600000, ""cpu7"": 1600000}"
7121107,727945216,10027216896,95001,2932,377974784,7459794944,1,42.929759280905245,2577879,414015,10417271,27513,"{""thermal_zone0"": 42000, ""thermal_zone1"": 43000}","{""cpu0"": 1600000, ""cpu1"": 1600000, ""cpu2"": 1600000, ""cpu3"": 1600000, ""cpu4"": 1600000, ""cpu5"": 1600000, ""cpu6"": 1600000, ""cpu7"": 1600000}"
7237607,744198144,10027216896,97115,2994,386101248,7451115520,1,34.334951390807596,2577882,414018,10417358,27513,"{""thermal_zone0"": 41000, ""thermal_zone1"": 44000}","{""cpu0"": 1600000, ""cpu1"": 1600000, ""cpu2"": 1600000, ""cpu3"": 1600000, ""cpu4"": 1600000, ""cpu5"": 1600000, ""cpu6"": 1600000, ""cpu7"": 1600000}"
7354049,760713216,10027216896,99256,3057,394227712,7443120128,1,42.93955982141953,2577883,414023,10417445,27513,"{""thermal_zone0"": 42000, ""thermal_zone1"": 44000}","{""cpu0"": 1600000, ""cpu1"": 1600000, ""cpu2"": 1600000, ""cpu3"": 1600000, ""cpu4"": 1600000, ""cpu5"": 1600000, ""cpu6"": 1600000, ""cpu7"": 1600000}"
7470507,777228288,10027216896,101398,3120,402485248,7434874880,1,25.760445119883315,2577885,414027,10417531,27513,"{""thermal_zone0"": 41000, ""thermal_zone1"": 41000}","{""cpu0"": 1600000, ""cpu1"": 1600000, ""cpu2"": 1600000, ""cpu3"": 1600000, ""cpu4"": 1600000, ""cpu5"": 1600000, ""cpu6"": 1600000, ""cpu7"": 1600000}"
7587103,794005504,10027216896,103574,3184,410873856,7426629632,1,51.45980223552016,2577886,414031,10417618,27513,"{""thermal_zone0"": 42000, ""thermal_zone1"": 44000}","{""cpu0"": 1600000, ""cpu1"": 1600000, ""cpu2"": 1600000, ""cpu3"": 1600000, ""cpu4"": 1600000, ""cpu5"": 1600000, ""cpu6"": 1600000, ""cpu7"": 1600000}"
7703618,810389504,10027216896,105682,3246,419000320,7418384384,1,34.330359348659364,2577887,414036,10417704,27513,"{""thermal_zone0"": 42000, ""thermal_zone1"": 42000}","{""cpu0"": 1600000, ""cpu1"": 1600000, ""cpu2"": 1600000, ""cpu3"": 1600000, ""cpu4"": 1600000, ""cpu5"": 1600000, ""cpu6"": 1600000, ""cpu7"": 1600000}"
7820018,826904576,10027216896,107834,3309,427126784,7409954816,1,34.364202418588654,2577889,414042,10417791,27513,"{""thermal_zone0"": 42000, ""thermal_zone1"": 45000}","{""cpu0"": 1600000, ""cpu1"": 1600000, ""cpu2"": 1600000, ""cpu3"": 1600000, ""cpu4"": 1600000, ""cpu5"": 1600000, ""cpu6"": 1600000, ""cpu7"": 1600000}"
7936230,843157504,10027216896,109976,3372,435384320,7401852928,1,43.024741558337034,2577891,414045,10417877,27513,"{""thermal_zone0"": 41000, ""thermal_zone1"": 42000}","{""cpu0"": 1600000, ""cpu1"": 1600000, ""cpu2"": 1600000, ""cpu3"": 1600000, ""cpu4"": 1600000, ""cpu5"": 1600000, ""cpu6"": 1600000, ""cpu7"": 1600000}"
8052726,859934720,10027216896,112118,3435,443641856,7393464320,1,34.33611823573642,2577893,414049,10417964,27513,"{""thermal_zone0"": 41000, ""thermal_zone1"": 41000}","{""cpu0"": 1600000, ""cpu1"": 1600000, ""cpu2"": 1600000, ""cpu3"": 1600000, ""cpu4"": 1600000, ""cpu5"": 1600000, ""cpu6"": 1600000, ""cpu7"": 1600000}"
8169190,876187648,10027216896,114260,3498,451899392,7384784896,1,34.345269473628264,2577894,414053,10418050,27513,"{""thermal_zone0"": 41000, ""thermal_zone1"": 40000}","{""cpu0"": 1600000, ""cpu1"": 1600000, ""cpu2"": 1600000, ""cpu3"": 1600000, ""cpu4"": 1600000, ""cpu5"": 1600000, ""cpu6"": 1600000, ""cpu7"": 1600000}"
8285631,892964864,10027216896,116411,3562,459849728,7376633856,1,34.35202901289925,2577897,414058,10418137,27514,"{""thermal_zone0"": 42000, ""thermal_zone1"": 42000}","{""cpu0"": 1600000, ""cpu1"": 1600000, ""cpu2"": 1600000, ""cpu3"": 1600000, ""cpu4"": 1600000, ""cpu5"": 1600000, ""cpu6"": 1600000, ""cpu7"": 1600000}"
8401939,909479936,10027216896,118675,3632,467562496,7367954432,1,42.98932237229422,2577900,414064,10418222,27514,"{""thermal_zone0"": 41000, ""thermal_zone1"": 44000}","{""cpu0"": 1600000, ""cpu1"": 1600000, ""cpu2"": 1600000, ""cpu3"": 1600000, ""cpu4"": 1600000, ""cpu5"": 1600000, ""cpu6"": 1600000, ""cpu7"": 1600000}"
8518705,925732864,10027216896,120749,3693,475557888,7360110592,1,42.82064413056703,2577902,414068,10418309,27514,"{""thermal_zone0"": 42000, ""thermal_zone1"": 42000}","{""cpu0"": 1600000, ""cpu1"": 1600000, ""cpu2"": 1600000, ""cpu3"": 1600000, ""cpu4"": 1600000, ""cpu5"": 1600000, ""cpu6"": 1600000, ""cpu7"": 1600000}"
8635056,941461504,10027216896,122823,3754,483553280,7351975936,1,34.37895728656929,2577903,414072,10418396,27514,"{""thermal_zone0"": 42000, ""thermal_zone1"": 41000}","{""cpu0"": 1600000, ""cpu1"": 1600000, ""cpu2"": 1600000, ""cpu3"": 1600000, ""cpu4"": 1600000, ""cpu5"": 1600000, ""cpu6"": 1600000, ""cpu7"": 1600000}"
8751431,957714432,10027216896,124931,3816,491679744,7344070656,1,34.37168297147599,2577904,414076,10418483,27514,"{""thermal_zone0"": 41000, ""thermal_zone1"": 42000}","{""cpu0"": 1600000, ""cpu1"": 1600000, ""cpu2"": 1600000, ""cpu3"": 1600000, ""cpu4"": 1600000, ""cpu5"": 1600000, ""cpu6"": 1600000, ""cpu7"": 1600000}"
8867969,973705216,10027216896,127005,3877,499675136,7335936000,1,34.32336328870541,2577906,414080,10418569,27514,"{""thermal_zone0"": 41000, ""thermal_zone1"": 42000}","{""cpu0"": 1600000, ""cpu1"": 1600000, ""cpu2"": 1600000, ""cpu3"": 1600000, ""cpu4"": 1600000, ""cpu5"": 1600000, ""cpu6"": 1600000, ""cpu7"": 1600000}"
8984550,989958144,10027216896,129079,3938,507670528,7327948800,1,34.3109118272355,2577907,414085,10418656,27514,"{""thermal_zone0"": 42000, ""thermal_zone1"": 44000}","{""cpu0"": 1600000, ""cpu1"": 1600000, ""cpu2"": 1600000, ""cpu3"": 1600000, ""cpu4"": 1600000, ""cpu5"": 1600000, ""cpu6"": 1600000, ""cpu7"": 1600000}"
9100800,1005948928,10027216896,131153,3999,515665920,7319928832,1,43.01092473187097,2577909,414089,10418742,27514,"{""thermal_zone0"": 41000, ""thermal_zone1"": 41000}","{""cpu0"": 1600000, ""cpu1"": 1600000, ""cpu2"": 1600000, ""cpu3"": 1600000, ""cpu4"": 1600000, ""cpu5"": 1600000, ""cpu6"": 1600000, ""cpu7"": 1600000}"
9217250,1021939712,10027216896,133261,4061,523792384,7311712256,1,42.93693255891709,2577910,414094,10418829,27514,"{""thermal_zone0"": 41000, ""thermal_zone1"": 44000}","{""cpu0"": 1600000, ""cpu1"": 1600000, ""cpu2"": 1600000, ""cpu3"": 1600000, ""cpu4"": 1600000, ""cpu5"": 1600000, ""cpu6"": 1600000, ""cpu7"": 1600000}"
9333752,1037930496,10027216896,135335,4122,531787776,7303692288,1,34.3339198940208,2577911,414099,10418916,27514,"{""thermal_zone0"": 41000, ""thermal_zone1"": 42000}","{""cpu0"": 1600000, ""cpu1"": 1600000, ""cpu2"": 1600000, ""cpu3"": 1600000, ""cpu4"": 1600000, ""cpu5"": 1600000, ""cpu6"": 1600000, ""cpu7"": 1600000}"
9450341,1053921280,10027216896,137409,4183,539783168,7295672320,1,34.308655797673076,2577912,414103,10419003,27514,"{""thermal_zone0"": 42000, ""thermal_zone1"": 41000}","{""cpu0"": 1600000, ""cpu1"": 1600000, ""cpu2"": 1600000, ""cpu3"": 1600000, ""cpu4"": 1600000, ""cpu5"": 1600000, ""cpu6"": 1600000, ""cpu7"": 1600000}"
9566788,1070174208,10027216896,139517,4245,547909632,7287570432,1,34.35040650442809,2577914,414107,10419089,27514,"{""thermal_zone0"": 41000, ""thermal_zone1"": 42000}","{""cpu0"": 1600000, ""cpu1"": 1600000, ""cpu2"": 1600000, ""cpu3"": 1600000, ""cpu4"": 1600000, ""cpu5"": 1600000, ""cpu6"": 1600000, ""cpu7"": 1600000}"
9683440,1086164992,10027216896,141591,4306,555905024,7279550464,1,42.862674224019074,2577916,414111,10419175,27514,"{""thermal_zone0"": 42000, ""thermal_zone1"": 43000}","{""cpu0"": 1600000, ""cpu1"": 1600000, ""cpu2"": 1600000, ""cpu3"": 1600000, ""cpu4"": 1600000, ""cpu5"": 1600000, ""cpu6"": 1600000, ""cpu7"": 1600000}"
9799867,1102155776,10027216896,143665,4367,563900416,7271530496,1,42.945322487807076,2577918,414114,10419262,27514,"{""thermal_zone0"": 42000, ""thermal_zone1"": 45000}","{""cpu0"": 1600000, ""cpu1"": 1600000, ""cpu2"": 1600000, ""cpu3"": 1600000, ""cpu4"": 1600000, ""cpu5"": 1600000, ""cpu6"": 1600000, ""cpu7"": 1600000}"
9916518,1118015488,10027216896,145738,4428,571764736,7263387648,1,34.29035984569372,2577920,414119,10419349,27515,"{""thermal_zone0"": 41000, ""thermal_zone1"": 40000}","{""cpu0"": 1600000, ""cpu1"": 1600000, ""cpu2"": 1600000, ""cpu3"": 1600000, ""cpu4"": 1600000, ""cpu5"": 1600000, ""cpu6"": 1600000, ""cpu7"": 1600000}"
10032958,1134268416,10027216896,147840,4490,579760128,7255543808,1,34.35245915084672,2577921,414123,10419435,27515,"{""thermal_zone0"": 41000, ""thermal_zone1"": 43000}","{""cpu0"": 1600000, ""cpu1"": 1600000, ""cpu2"": 1600000, ""cpu3"": 1600000, ""cpu4"": 1600000, ""cpu5"": 1600000, ""cpu6"": 1600000, ""cpu7"": 1600000}"
10149619,1149997056,10027216896,149886,4550,587755520,7247409152,1,34.287420525723704,2577923,414128,10419522,27515,"{""thermal_zone0"": 41000, ""thermal_zone1"": 41000}","{""cpu0"": 1600000, ""cpu1"": 1600000, ""cpu2"": 1600000, ""cpu3"": 1600000, ""cpu4"": 1600000, ""cpu5"": 1600000, ""cpu6"": 1600000, ""cpu7"": 1600000}"
10266380,1165725696,10027216896,151926,4610,595619840,7239274496,1,34.25794557806746,2577924,414133,10419609,27515,"{""thermal_zone0"": 41000, ""thermal_zone1"": 43000}","{""cpu0"": 1600000, ""cpu1"": 1600000, ""cpu2"": 1600000, ""cpu3"": 1600000, ""cpu4"": 1600000, ""cpu5"": 1600000, ""cpu6"": 1600000, ""cpu7"": 1600000}"
10383000,1181716480,10027216896,153982,4671,603484160,7231512576,1,42.87412897455502,2577925,414136,10419696,27515,"{""thermal_zone0"": 42000, ""thermal_zone1"": 41000}","{""cpu0"": 1600000, ""cpu1"": 1600000, ""cpu2"": 1600000, ""cpu3"": 1600000, ""cpu4"": 1600000, ""cpu5"": 1600000, ""cpu6"": 1600000, ""cpu7"": 1600000}"
10499740,1197969408,10027216896,156108,4733,611610624,7223226368,1,34.26435261561775,2577926,414140,10419783,27515,"{""thermal_zone0"": 41000, ""thermal_zone1"": 42000}","{""cpu0"": 1600000, ""cpu1"": 1600000, ""cpu2"": 1600000, ""cpu3"": 1600000, ""cpu4"": 1600000, ""cpu5"": 1600000, ""cpu6"": 1600000, ""cpu7"": 1600000}"
10616523,1213960192,10027216896,158182,4794,619606016,7215267840,1,34.251479931522724,2577928,414144,10419870,27515,"{""thermal_zone0"": 41000, ""thermal_zone1"": 44000}","{""cpu0"": 1600000, ""cpu1"": 1600000, ""cpu2"": 1600000, ""cpu3"": 1600000, ""cpu4"": 1600000, ""cpu5"": 1600000, ""cpu6"": 1600000, ""cpu7"": 1600000}"
10733003,1229950976,10027216896,160256,4855,627601408,7207247872,1,34.34052755652629,2577929,414148,10419957,27515,"{""thermal_zone0"": 41000, ""thermal_zone1"": 44000}","{""cpu0"": 1600000, ""cpu1"": 1600000, ""cpu2"": 1600000, ""cpu3"": 1600000, ""cpu4"": 1600000, ""cpu5"": 1600000, ""cpu6"": 1600000, ""cpu7"": 1600000}"
10849587,1246203904,10027216896,162364,4917,635727872,7199145984,1,42.88778152065166,2577931,414153,10420044,27515,"{""thermal_zone0"": 42000, ""thermal_zone1"": 42000}","{""cpu0"": 1600000, ""cpu1"": 1600000, ""cpu2"": 1600000, ""cpu3"": 1600000, ""cpu4"": 1600000, ""cpu5"": 1600000, ""cpu6"": 1600000, ""cpu7"": 1600000}"
10966414,1262587904,10027216896,164497,4980,643538944,7190953984,1,34.23862922497944,2577933,414158,10420130,27515,"{""thermal_zone0"": 42000, ""thermal_zone1"": 44000}","{""cpu0"": 1600000, ""cpu1"": 1600000, ""cpu2"": 1600000, ""cpu3"": 1600000, ""cpu4"": 1600000, ""cpu5"": 1600000, ""cpu6"": 1600000, ""cpu7"": 1600000}"
11082837,1278840832,10027216896,166649,5047,651051008,7182577664,1,42.94681310338877,2577934,414163,10420216,27516,"{""thermal_zone0"": 41000, ""thermal_zone1"": 43000}","{""cpu0"": 1600000, ""cpu1"": 1600000, ""cpu2"": 1600000, ""cpu3"": 1600000, ""cpu4"": 1600000, ""cpu5"": 1600000, ""cpu6"": 1600000, ""cpu7"": 1600000}"
11199178,1295093760,10027216896,168695,5109,659058688,7174094848,1,34.38161679587364,2577936,414166,10420303,27516,"{""thermal_zone0"": 42000, ""thermal_zone1"": 45000}","{""cpu0"": 1600000, ""cpu1"": 1600000, ""cpu2"": 1600000, ""cpu3"": 1600000, ""cpu4"": 1600000, ""cpu5"": 1600000, ""cpu6"": 1600000, ""cpu7"": 1600000}"
11315782,1311084544,10027216896,170708,5170,667049984,7166156800,1,34.30427907546434,2577937,414172,10420390,27516,"{""thermal_zone0"": 41000, ""thermal_zone1"": 41000}","{""cpu0"": 1600000, ""cpu1"": 1600000, ""cpu2"": 1600000, ""cpu3"": 1600000, ""cpu4"": 1600000, ""cpu5"": 1600000, ""cpu6"": 1600000, ""cpu7"": 1600000}"
11432243,1327075328,10027216896,172721,5231,675045376,7157944320,1,34.34604389687158,2577939,414174,10420477,27516,"{""thermal_zone0"": 41000, ""thermal_zone1"": 44000}","{""cpu0"": 1600000, ""cpu1"": 1600000, ""cpu2"": 1600000, ""cpu3"": 1600000, ""cpu4"": 1600000, ""cpu5"": 1600000, ""cpu6"": 1600000, ""cpu7"": 1600000}"
11548681,1343066112,10027216896,174701,5291,682909696,7150182400,1,42.94157261417353,2577941,414178,10420563,27516,"{""thermal_zone0"": 41000, ""thermal_zone1"": 43000}","{""cpu0"": 1600000, ""cpu1"": 1600000, ""cpu2"": 1600000, ""cpu3"": 1600000, ""cpu4"": 1600000, ""cpu5"": 1600000, ""cpu6"": 1600000, ""cpu7"": 1600000}"
11665204,1359056896,10027216896,176725,5353,690905088,7142162432,1,34.327891887599975,2577942,414183,10420650,27516,"{""thermal_zone0"": 42000, ""thermal_zone1"": 43000}","{""cpu0"": 1600000, ""cpu1"": 1600000, ""cpu2"": 1600000, ""cpu3"": 1600000, ""cpu4"": 1600000, ""cpu5"": 1600000, ""cpu6"": 1600000, ""cpu7"": 1600000}"
11781693,1374785536,10027216896,178727,5413,698900480,7134203904,1,34.33787439990165,2577944,414186,10420737,27516,"{""thermal_zone0"": 42000, ""thermal_zone1"": 44000}","{""cpu0"": 1600000, ""cpu1"": 1600000, ""cpu2"": 1600000, ""cpu3"": 1600000, ""cpu4"": 1600000, ""cpu5"": 1600000, ""cpu6"": 1600000, ""cpu7"": 1600000}"
11897873,1390776320,10027216896,180740,5474,706895872,7126327296,1,34.42929823105709,2577946,414191,10420824,27516,"{""thermal_zone0"": 42000, ""thermal_zone1"": 42000}","{""cpu0"": 1600000, ""cpu1"": 1600000, ""cpu2"": 1600000, ""cpu3"": 1600000, ""cpu4"": 1600000, ""cpu5"": 1600000, ""cpu6"": 1600000, ""cpu7"": 1600000}"
12014545,1406767104,10027216896,182753,5535,714891264,7117389824,1,25.713159184048774,2577948,414200,10420902,27516,"{""thermal_zone0"": 43000, ""thermal_zone1"": 43000}","{""cpu0"": 1600000, ""cpu1"": 1600000, ""cpu2"": 1600000, ""cpu3"": 1600000, ""cpu4"": 1600000, ""cpu5"": 1600000, ""cpu6"": 1600000, ""cpu7"": 1600000}"
12132282,1422757888,10027216896,184766,5596,722886656,7108997120,1,42.467666668668315,2577950,414205,10420989,27516,"{""thermal_zone0"": 41000, ""thermal_zone1"": 43000}","{""cpu0"": 1600000, ""cpu1"": 1600000, ""cpu2"": 1600000, ""cpu3"": 1600000, ""cpu4"": 1600000, ""cpu5"": 1600000, ""cpu6"": 1600000, ""cpu7"": 1600000}"
12248730,1438748672,10027216896,186779,5657,730882048,7101235200,1,34.35016048652606,2577951,414209,10421076,27516,"{""thermal_zone0"": 41000, ""thermal_zone1"": 44000}","{""cpu0"": 1600000, ""cpu1"": 1600000, ""cpu2"": 1600000, ""cpu3"": 1600000, ""cpu4"": 1600000, ""cpu5"": 1600000, ""cpu6"": 1600000, ""cpu7"": 1600000}"
12364949,1454739456,10027216896,188762,5718,738746368,7093276672,1,34.417621491794634,2577952,414214,10421163,27516,"{""thermal_zone0"": 41000, ""thermal_zone1"": 43000}","{""cpu0"": 1600000, ""cpu1"": 1600000, ""cpu2"": 1600000, ""cpu3"": 1600000, ""cpu4"": 1600000, ""cpu5"": 1600000, ""cpu6"": 1600000, ""cpu7"": 1600000}"
12481602,1470730240,10027216896,190805,5779,746872832,7085256704,1,34.2897598895568,2577954,414218,10421250,27516,"{""thermal_zone0"": 42000, ""thermal_zone1"": 44000}","{""cpu0"": 1600000, ""cpu1"": 1600000, ""cpu2"": 1600000, ""cpu3"": 1600000, ""cpu4"": 1600000, ""cpu5"": 1600000, ""cpu6"": 1600000, ""cpu7"": 1600000}"
12598259,1486589952,10027216896,192805,5840,754606080,7077113856,1,42.86077573649428,2577956,414222,10421337,27516,"{""thermal_zone0"": 42000, ""thermal_zone1"": 43000}","{""cpu0"": 1600000, ""cpu1"": 1600000, ""cpu2"": 1600000, ""cpu3"": 1600000, ""cpu4"": 1600000, ""cpu5"": 1600000, ""cpu6"": 1600000, ""cpu7"": 1600000}"
12714611,1502318592,10027216896,194799,5900,762601472,7069093888,1,25.78391325665891,2577958,414228,10421424,27516,"{""thermal_zone0"": 41000, ""thermal_zone1"": 44000}","{""cpu0"": 1600000, ""cpu1"": 1600000, ""cpu2"": 1600000, ""cpu3"": 1600000, ""cpu4"": 1600000, ""cpu5"": 1600000, ""cpu6"": 1600000, ""cpu7"": 1600000}"
12831132,1518309376,10027216896,196812,5961,770596864,7061217280,1,34.32851822083941,2577959,414231,10421511,27516,"{""thermal_zone0"": 41000, ""thermal_zone1"": 43000}","{""cpu0"": 1600000, ""cpu1"": 1600000, ""cpu2"": 1600000, ""cpu3"": 1600000, ""cpu4"": 1600000, ""cpu5"": 1600000, ""cpu6"": 1600000, ""cpu7"": 1600000}"
12947848,1534562304,10027216896,198825,6022,778592256,7053115392,1,34.27101897069685,2577960,414236,10421598,27516,"{""thermal_zone0"": 41000, ""thermal_zone1"": 40000}","{""cpu0"": 1600000, ""cpu1"": 1600000, ""cpu2"": 1600000, ""cpu3"": 1600000, ""cpu4"": 1600000, ""cpu5"": 1600000, ""cpu6"": 1600000, ""cpu7"": 1600000}"
13064154,1550290944,10027216896,200838,6083,786456576,7045230592,1,34.392283197065375,2577962,414240,10421685,27516,"{""thermal_zone0"": 41000, ""thermal_zone1"": 41000}","{""cpu0"": 1600000, ""cpu1"": 1600000, ""cpu2"": 1600000, ""cpu3"": 1600000, ""cpu4"": 1600000, ""cpu5"": 1600000, ""cpu6"": 1600000, ""cpu7"": 1600000}"
13180783,1566281728,10027216896,202864,6144,794451968,7037095936,1,34.29663198156817,2577962,414245,10421772,27516,"{""thermal_zone0"": 41000, ""thermal_zone1"": 39000}","{""cpu0"": 1600000, ""cpu1"": 1600000, ""cpu2"": 1600000, ""cpu3"": 1600000, ""cpu4"": 1600000, ""cpu5"": 1600000, ""cpu6"": 1600000, ""cpu7"": 1600000}"
13297407,1582272512,10027216896,204868,6205,802316288,7029075968,1,34.29835969895404,2577964,414250,10421859,27516,"{""thermal_zone0"": 42000, ""thermal_zone1"": 42000}","{""cpu0"": 1600000, ""cpu1"": 1600000, ""cpu2"": 1600000, ""cpu3"": 1600000, ""cpu4"": 1600000, ""cpu5"": 1600000, ""cpu6"": 1600000, ""cpu7"": 1600000}"
13414104,1598263296,10027216896,206890,6266,810311680,7021056000,1,42.845932035400374,2577965,414254,10421947,27516,"{""thermal_zone0"": 41000, ""thermal_zone1"": 41000}","{""cpu0"": 1600000, ""cpu1"": 1600000, ""cpu2"": 1600000, ""cpu3"": 1600000, ""cpu4"": 1600000, ""cpu5"": 1600000, ""cpu6"": 1600000, ""cpu7"": 1600000}"
13530720,1614254080,10027216896,208873,6327,818307072,7013097472,1,25.725396365973914,2577966,414258,10422034,27516,"{""thermal_zone0"": 42000, ""thermal_zone1"": 41000}","{""cpu0"": 1600000, ""cpu1"": 1600000, ""cpu2"": 1600000, ""cpu3"": 1600000, ""cpu4"": 1600000, ""cpu5"": 1600000, ""cpu6"": 1600000, ""cpu7"": 1600000}"
13647462,1630769152,10027216896,211024,6390,826118144,7004635136,1,42.82944725625952,2577968,414262,10422120,27516,"{""thermal_zone0"": 41000, ""thermal_zone1"": 43000}","{""cpu0"": 1600000, ""cpu1"": 1600000, ""cpu2"": 1600000, ""cpu3"": 1600000, ""cpu4"": 1600000, ""cpu5"": 1600000, ""cpu6"": 1600000, ""cpu7"": 1600000}"
13764314,1647022080,10027216896,213228,6459,833724416,6996242432,1,25.673661033426132,2577970,414267,10422207,27517,"{""thermal_zone0"": 41000, ""thermal_zone1"": 41000}","{""cpu0"": 1600000, ""cpu1"": 1600000, ""cpu2"": 1600000, ""cpu3"": 1600000, ""cpu4"": 1600000, ""cpu5"": 1600000, ""cpu6"": 1600000, ""cpu7"": 1600000}"
13880857,1663275008,10027216896,215348,6521,841670656,6988443648,1,42.902424895679964,2577972,414272,10422293,27517,"{""thermal_zone0"": 41000, ""thermal_zone1"": 41000}","{""cpu0"": 1600000, ""cpu1"": 1600000, ""cpu2"": 1600000, ""cpu3"": 1600000, ""cpu4"": 1600000, ""cpu5"": 1600000, ""cpu6"": 1600000, ""cpu7"": 1600000}"
13997266,1679134720,10027216896,217404,6581,849629184,6980423680,1,34.36154560259452,2577974,414275,10422380,27517,"{""thermal_zone0"": 41000, ""thermal_zone1"": 40000}","{""cpu0"": 1600000, ""cpu1"": 1600000, ""cpu2"": 1600000, ""cpu3"": 1600000, ""cpu4"": 1600000, ""cpu5"": 1600000, ""cpu6"": 1600000, ""cpu7"": 1600000}"
14113705,1695256576,10027216896,219478,6643,857624576,6972145664,1,34.35292617838717,2577975,414280,10422467,27517,"{""thermal_zone0"": 41000, ""thermal_zone1"": 44000}","{""cpu0"": 1600000, ""cpu1"": 1600000, ""cpu2"": 1600000, ""cpu3"": 1600000, ""cpu4"": 1600000, ""cpu5"": 1600000, ""cpu6"": 1600000, ""cpu7"": 1600000}"
14230171,1711247360,10027216896,221553,6704,865619968,6964125696,1,42.93089568273176,2577976,414284,10422554,27517,"{""thermal_zone0"": 41000, ""thermal_zone1"": 41000}","{""cpu0"": 1600000, ""cpu1"": 1600000, ""cpu2"": 1600000, ""cpu3"": 1600000, ""cpu4"": 1600000, ""cpu5"": 1600000, ""cpu6"": 1600000, ""cpu7"": 1600000}"
14346634,1727107072,10027216896,223626,6764,873615360,6956167168,1,34.34571212330825,2577977,414289,10422641,27517,"{""thermal_zone0"": 41000, ""thermal_zone1"": 42000}","{""cpu0"": 1600000, ""cpu1"": 1600000, ""cpu2"": 1600000, ""cpu3"": 1600000, ""cpu4"": 1600000, ""cpu5"": 1600000, ""cpu6"": 1600000, ""cpu7"": 1600000}"
14463123,1743360000,10027216896,225734,6826,881741824,6948003840,1,34.33782517298066,2577979,414292,10422728,27517,"{""thermal_zone0"": 41000, ""thermal_zone1"": 41000}","{""cpu0"": 1600000, ""cpu1"": 1600000, ""cpu2"": 1600000, ""cpu3"": 1600000, ""cpu4"": 1600000, ""cpu5"": 1600000, ""cpu6"": 1600000, ""cpu7"": 1600000}"
14579517,1762103296,10027216896,228168,6897,889094144,6938697728,1,34.36621980671991,2577981,414297,10422813,27518,"{""thermal_zone0"": 41000, ""thermal_zone1"": 41000}","{""cpu0"": 1600000, ""cpu1"": 1600000, ""cpu2"": 1600000, ""cpu3"": 1600000, ""cpu4"": 1600000, ""cpu5"": 1600000, ""cpu6"": 1600000, ""cpu7"": 1600000}"
14695985,1781764096,10027216896,230718,6962,896876544,6928953344,1,42.930312177295534,2577983,414301,10422899,27519,"{""thermal_zone0"": 41000, ""thermal_zone1"": 40000}","{""cpu0"": 1600000, ""cpu1"": 1600000, ""cpu2"": 1600000, ""cpu3"": 1600000, ""cpu4"": 1600000, ""cpu5"": 1600000, ""cpu6"": 1600000, ""cpu7"": 1600000}"
14812754,1798541312,10027216896,232894,7026,905265152,6920564736,1,34.25570853612606,2577984,414306,10422986,27519,"{""thermal_zone0"": 41000, ""thermal_zone1"": 40000}","{""cpu0"": 1600000, ""cpu1"": 1600000, ""cpu2"": 1600000, ""cpu3"": 1600000, ""cpu4"": 1600000, ""cpu5"": 1600000, ""cpu6"": 1600000, ""cpu7"": 1600000}"
14929422,1815056384,10027216896,235005,7089,913391616,6912319488,1,34.28510645975548,2577987,414310,10423073,27519,"{""thermal_zone0"": 41000, ""thermal_zone1"": 42000}","{""cpu0"": 1600000, ""cpu1"": 1600000, ""cpu2"": 1600000, ""cpu3"": 1600000, ""cpu4"": 1600000, ""cpu5"": 1600000, ""cpu6"": 1600000, ""cpu7"": 1600000}"
15046046,1831571456,10027216896,237178,7152,921780224,6903816192,1,34.29845763265872,2577989,414314,10423160,27519,"{""thermal_zone0"": 41000, ""thermal_zone1"": 41000}","{""cpu0"": 1600000, ""cpu1"": 1600000, ""cpu2"": 1600000, ""cpu3"": 1600000, ""cpu4"": 1600000, ""cpu5"": 1600000, ""cpu6"": 1600000, ""cpu7"": 1600000}"
15162704,1847824384,10027216896,239303,7215,929906688,6895144960,1,42.86011771668483,2577990,414318,10423247,27519,"{""thermal_zone0"": 41000, ""thermal_zone1"": 44000}","{""cpu0"": 1600000, ""cpu1"": 1600000, ""cpu2"": 1600000, ""cpu3"": 1600000, ""cpu4"": 1600000, ""cpu5"": 1600000, ""cpu6"": 1600000, ""cpu7"": 1600000}"
15279266,1863815168,10027216896,241377,7276,937902080,6887301120,1,34.316406585623845,2577991,414322,10423334,27519,"{""thermal_zone0"": 41000, ""thermal_zone1"": 41000}","{""cpu0"": 1600000, ""cpu1"": 1600000, ""cpu2"": 1600000, ""cpu3"": 1600000, ""cpu4"": 1600000, ""cpu5"": 1600000, ""cpu6"": 1600000, ""cpu7"": 1600000}"
15395826,1880199168,10027216896,243485,7338,946028544,6879137792,1,34.31736313068793,2577994,414325,10423421,27519,"{""thermal_zone0"": 41000, ""thermal_zone1"": 40000}","{""cpu0"": 1600000, ""cpu1"": 1600000, ""cpu2"": 1600000, ""cpu3"": 1600000, ""cpu4"": 1600000, ""cpu5"": 1600000, ""cpu6"": 1600000, ""cpu7"": 1600000}"
15512175,1896321024,10027216896,245559,7400,954023936,6871117824,1,42.97380445801653,2577996,414327,10423507,27519,"{""thermal_zone0"": 41000, ""thermal_zone1"": 44000}","{""cpu0"": 1600000, ""cpu1"": 1600000, ""cpu2"": 1600000, ""cpu3"": 1600000, ""cpu4"": 1600000, ""cpu5"": 1600000, ""cpu6"": 1600000, ""cpu7"": 1600000}"
15628602,1912311808,10027216896,247667,7461,962150400,6863159296,1,25.76739644113432,2577998,414331,10423594,27519,"{""thermal_zone0"": 41000, ""thermal_zone1"": 40000}","{""cpu0"": 1600000, ""cpu1"": 1600000, ""cpu2"": 1600000, ""cpu3"": 1600000, ""cpu4"": 1600000, ""cpu5"": 1600000, ""cpu6"": 1600000, ""cpu7"": 1600000}"
15745074,1928433664,10027216896,249781,7523,970145792,6855131136,1,34.342935208764395,2577999,414336,10423681,27519,"{""thermal_zone0"": 40000, ""thermal_zone1"": 42000}","{""cpu0"": 1600000, ""cpu1"": 1600000, ""cpu2"": 1600000, ""cpu3"": 1600000, ""cpu4"": 1600000, ""cpu5"": 1600000, ""cpu6"": 1600000, ""cpu7"": 1600000}"
15861521,1944424448,10027216896,251851,7584,978141184,6847111168,1,42.93797715685875,2578001,414341,10423768,27519,"{""thermal_zone0"": 41000, ""thermal_zone1"": 43000}","{""cpu0"": 1600000, ""cpu1"": 1600000, ""cpu2"": 1600000, ""cpu3"": 1600000, ""cpu4"": 1600000, ""cpu5"": 1600000, ""cpu6"": 1600000, ""cpu7"": 1600000}"
15978311,1960415232,10027216896,253929,7645,986136576,6839152640,1,34.24953698907183,2578003,414344,10423855,27519,"{""thermal_zone0"": 41000, ""thermal_zone1"": 42000}","{""cpu0"": 1600000, ""cpu1"": 1600000, ""cpu2"": 1600000, ""cpu3"": 1600000, ""cpu4"": 1600000, ""cpu5"": 1600000, ""cpu6"": 1600000, ""cpu7"": 1600000}"
16094922,1976406016,10027216896,256003,7706,994131968,6830755840,1,34.302036272636805,2578005,414348,10423942,27519,"{""thermal_zone0"": 41000, ""thermal_zone1"": 41000}","{""cpu0"": 1600000, ""cpu1"": 1600000, ""cpu2"": 1600000, ""cpu3"": 1600000, ""cpu4"": 1600000, ""cpu5"": 1600000, ""cpu6"": 1600000, ""cpu7"": 1600000}"
16211333,1992658944,10027216896,258155,7770,1001943040,6822436864,1,34.361114941898194,2578007,414353,10424028,27519,"{""thermal_zone0"": 41000, ""thermal_zone1"": 42000}","{""cpu0"": 1600000, ""cpu1"": 1600000, ""cpu2"": 1600000, ""cpu3"": 1600000, ""cpu4"": 1600000, ""cpu5"": 1600000, ""cpu6"": 1600000, ""cpu7"": 1600000}"
16328134,2009567232,10027216896,260418,7837,1009627136,6813626368,1,34.246067222307396,2578009,414358,10424115,27519,"{""thermal_zone0"": 41000, ""thermal_zone1"": 42000}","{""cpu0"": 1600000, ""cpu1"": 1600000, ""cpu2"": 1600000, ""cpu3"": 1600000, ""cpu4"": 1600000, ""cpu5"": 1600000, ""cpu6"": 1600000, ""cpu7"": 1600000}"
16444547,2025820160,10027216896,262526,7899,1017716736,6805565440,1,42.95062550713951,2578010,414362,10424202,27519,"{""thermal_zone0"": 41000, ""thermal_zone1"": 42000}","{""cpu0"": 1600000, ""cpu1"": 1600000, ""cpu2"": 1600000, ""cpu3"": 1600000, ""cpu4"": 1600000, ""cpu5"": 1600000, ""cpu6"": 1600000, ""cpu7"": 1600000}"
16561095,2041810944,10027216896,264600,7960,1025675264,6797762560,1,34.320651237789306,2578013,414365,10424288,27519,"{""thermal_zone0"": 42000, ""thermal_zone1"": 41000}","{""cpu0"": 1600000, ""cpu1"": 1600000, ""cpu2"": 1600000, ""cpu3"": 1600000, ""cpu4"": 1600000, ""cpu5"": 1600000, ""cpu6"": 1600000, ""cpu7"": 1600000}"
16677657,2057801728,10027216896,266674,8021,1033670656,6789443584,1,34.3165905890731,2578016,414368,10424375,27519,"{""thermal_zone0"": 41000, ""thermal_zone1"": 42000}","{""cpu0"": 1600000, ""cpu1"": 1600000, ""cpu2"": 1600000, ""cpu3"": 1600000, ""cpu4"": 1600000, ""cpu5"": 1600000, ""cpu6"": 1600000, ""cpu7"": 1600000}"
16794364,2073792512,10027216896,268748,8082,1041666048,6781595648,1,34.273845350994506,2578018,414372,10424462,27519,"{""thermal_zone0"": 41000, ""thermal_zone1"": 41000}","{""cpu0"": 1600000, ""cpu1"": 1600000, ""cpu2"": 1600000, ""cpu3"": 1600000, ""cpu4"": 1600000, ""cpu5"": 1600000, ""cpu6"": 1600000, ""cpu7"": 1600000}"
16910864,2090045440,10027216896,270856,8144,1049792512,6773350400,1,34.33465667111564,2578020,414375,10424549,27519,"{""thermal_zone0"": 41000, ""thermal_zone1"": 42000}","{""cpu0"": 1600000, ""cpu1"": 1600000, ""cpu2"": 1600000, ""cpu3"": 1600000, ""cpu4"": 1600000, ""cpu5"": 1600000, ""cpu6"": 1600000, ""cpu7"": 1600000}"
17027310,2106036224,10027216896,272930,8205,1057656832,6765182976,1,34.350725978977444,2578021,414379,10424635,27519,"{""thermal_zone0"": 42000, ""thermal_zone1"": 42000}","{""cpu0"": 1600000, ""cpu1"": 1600000, ""cpu2"": 1600000, ""cpu3"": 1600000, ""cpu4"": 1600000, ""cpu5"": 1600000, ""cpu6"": 1600000, ""cpu7"": 1600000}"
17148008,2122551296,10027216896,275038,8267,1066045440,6756741120,1,41.425638836582806,2578023,414389,10424716,27519,"{""thermal_zone0"": 42000, ""thermal_zone1"": 42000}","{""cpu0"": 1600000, ""cpu1"": 1600000, ""cpu2"": 1600000, ""cpu3"": 1600000, ""cpu4"": 1600000, ""cpu5"": 1600000, ""cpu6"": 1600000, ""cpu7"": 1600000}"
17268915,2139066368,10027216896,277214,8331,1074434048,6748372992,1,41.35411741649746,2578026,414394,10424806,27519,"{""thermal_zone0"": 41000, ""thermal_zone1"": 41000}","{""cpu0"": 1600000, ""cpu1"": 1600000, ""cpu2"": 1600000, ""cpu3"": 1600000, ""cpu4"": 1600000, ""cpu5"": 1600000, ""cpu6"": 1600000, ""cpu7"": 1600000}"
17390057,2155843584,10027216896,279356,8394,1082691584,6740262912,1,33.01909500868171,2578028,414397,10424896,27519,"{""thermal_zone0"": 41000, ""thermal_zone1"": 42000}","{""cpu0"": 1600000, ""cpu1"": 1600000, ""cpu2"": 1600000, ""cpu3"": 1600000, ""cpu4"": 1600000, ""cpu5"": 1600000, ""cpu6"": 1600000, ""cpu7"": 1600000}"
17511537,2172620800,10027216896,281532,8458,1091080192,6731894784,1,41.159272646175495,2578029,414402,10424986,27519,"{""thermal_zone0"": 41000, ""thermal_zone1"": 41000}","{""cpu0"": 1600000, ""cpu1"": 1600000, ""cpu2"": 1600000, ""cpu3"": 1600000, ""cpu4"": 1600000, ""cpu5"": 1600000, ""cpu6"": 1600000, ""cpu7"": 1600000}"
17633123,2189135872,10027216896,283708,8522,1099337728,6723526656,1,32.89845279810182,2578031,414407,10425076,27519,"{""thermal_zone0"": 41000, ""thermal_zone1"": 41000}","{""cpu0"": 1600000, ""cpu1"": 1600000, ""cpu2"": 1600000, ""cpu3"": 1600000, ""cpu4"": 1600000, ""cpu5"": 1600000, ""cpu6"": 1600000, ""cpu7"": 1600000}"
17754699,2206175232,10027216896,285918,8587,1107857408,6714900480,1,32.90107976984412,2578033,414412,10425166,27519,"{""thermal_zone0"": 42000, ""thermal_zone1"": 41000}","{""cpu0"": 1600000, ""cpu1"": 1600000, ""cpu2"": 1600000, ""cpu3"": 1600000, ""cpu4"": 1600000, ""cpu5"": 1600000, ""cpu6"": 1600000, ""cpu7"": 1600000}"
17875850,2222559232,10027216896,288074,8651,1116114944,6706556928,1,41.27090210234966,2578036,414416,10425256,27519,"{""thermal_zone0"": 41000, ""thermal_zone1"": 42000}","{""cpu0"": 1600000, ""cpu1"": 1600000, ""cpu2"": 1600000, ""cpu3"": 1600000, ""cpu4"": 1600000, ""cpu5"": 1600000, ""cpu6"": 1600000, ""cpu7"": 1600000}"
17996842,2239074304,10027216896,290216,8714,1124372480,6698446848,1,33.05998429171377,2578038,414419,10425346,27519,"{""thermal_zone0"": 41000, ""thermal_zone1"": 41000}","{""cpu0"": 1600000, ""cpu1"": 1600000, ""cpu2"": 1600000, ""cpu3"": 1600000, ""cpu4"": 1600000, ""cpu5"": 1600000, ""cpu6"": 1600000, ""cpu7"": 1600000}"
18117857,2255589376,10027216896,292358,8777,1132630016,6690103296,1,33.05381457671074,2578040,414425,10425437,27519,"{""thermal_zone0"": 41000, ""thermal_zone1"": 41000}","{""cpu0"": 1600000, ""cpu1"": 1600000, ""cpu2"": 1600000, ""cpu3"": 1600000, ""cpu4"": 1600000, ""cpu5"": 1600000, ""cpu6"": 1600000, ""cpu7"": 1600000}"
18239004,2272104448,10027216896,294500,8840,1141018624,6681993216,1,33.01782326863408,2578041,414429,10425527,27519,"{""thermal_zone0"": 42000, ""thermal_zone1"": 41000}","{""cpu0"": 1600000, ""cpu1"": 1600000, ""cpu2"": 1600000, ""cpu3"": 1600000, ""cpu4"": 1600000, ""cpu5"": 1600000, ""cpu6"": 1600000, ""cpu7"": 1600000}"
18360107,2288881664,10027216896,296664,8904,1149145088,6673649664,1,33.02961474067446,2578042,414434,10425617,27520,"{""thermal_zone0"": 41000, ""thermal_zone1"": 41000}","{""cpu0"": 1600000, ""cpu1"": 1600000, ""cpu2"": 1600000, ""cpu3"": 1600000, ""cpu4"": 1600000, ""cpu5"": 1600000, ""cpu6"": 1600000, ""cpu7"": 1600000}"
18481546,2305396736,10027216896,298803,8967,1157402624,6665523200,1,32.938320253210705,2578046,414439,10425707,27520,"{""thermal_zone0"": 41000, ""thermal_zone1"": 41000}","{""cpu0"": 1600000, ""cpu1"": 1600000, ""cpu2"": 1600000, ""cpu3"": 1600000, ""cpu4"": 1600000, ""cpu5"": 1600000, ""cpu6"": 1600000, ""cpu7"": 1600000}"
18602936,2322173952,10027216896,300971,9031,1165791232,6657142784,1,41.1897881189885,2578048,414443,10425797,27520,"{""thermal_zone0"": 41000, ""thermal_zone1"": 40000}","{""cpu0"": 1600000, ""cpu1"": 1600000, ""cpu2"": 1600000, ""cpu3"": 1600000, ""cpu4"": 1600000, ""cpu5"": 1600000, ""cpu6"": 1600000, ""cpu7"": 1600000}"
18724239,2338689024,10027216896,303135,9094,1174048768,6648659968,1,32.975067197210215,2578049,414447,10425888,27520,"{""thermal_zone0"": 41000, ""thermal_zone1"": 41000}","{""cpu0"": 1600000, ""cpu1"": 1600000, ""cpu2"": 1600000, ""cpu3"": 1600000, ""cpu4"": 1600000, ""cpu5"": 1600000, ""cpu6"": 1600000, ""cpu7"": 1600000}"
18845442,2355466240,10027216896,305331,9160,1182162944,6640132096,1,33.00270426633961,2578051,414452,10425977,27520,"{""thermal_zone0"": 42000, ""thermal_zone1"": 41000}","{""cpu0"": 1600000, ""cpu1"": 1600000, ""cpu2"": 1600000, ""cpu3"": 1600000, ""cpu4"": 1600000, ""cpu5"": 1600000, ""cpu6"": 1600000, ""cpu7"": 1600000}"
18967034,2373160960,10027216896,307712,9231,1190162432,6631268352,1,32.896919509429296,2578054,414454,10426067,27520,"{""thermal_zone0"": 41000, ""thermal_zone1"": 41000}","{""cpu0"": 1600000, ""cpu1"": 1600000, ""cpu2"": 1600000, ""cpu3"": 1600000, ""cpu4"": 1600000, ""cpu5"": 1600000, ""cpu6"": 1600000, ""cpu7"": 1600000}"
19088072,2389938176,10027216896,309888,9295,1198419968,6622887936,1,41.30928933307978,2578055,414460,10426157,27520,"{""thermal_zone0"": 41000, ""thermal_zone1"": 41000}","{""cpu0"": 1600000, ""cpu1"": 1600000, ""cpu2"": 1600000, ""cpu3"": 1600000, ""cpu4"": 1600000, ""cpu5"": 1600000, ""cpu6"": 1600000, ""cpu7"": 1600000}"
19209029,2406715392,10027216896,312030,9358,1206808576,6614650880,1,33.06941350915635,2578058,414463,10426247,27520,"{""thermal_zone0"": 41000, ""thermal_zone1"": 42000}","{""cpu0"": 1600000, ""cpu1"": 1600000, ""cpu2"": 1600000, ""cpu3"": 1600000, ""cpu4"": 1600000, ""cpu5"": 1600000, ""cpu6"": 1600000, ""cpu7"": 1600000}"
19330171,2423492608,10027216896,314240,9423,1215197184,6606127104,1,41.27384048223629,2578060,414467,10426337,27520,"{""thermal_zone0"": 41000, ""thermal_zone1"": 41000}","{""cpu0"": 1600000, ""cpu1"": 1600000, ""cpu2"": 1600000, ""cpu3"": 1600000, ""cpu4"": 1600000, ""cpu5"": 1600000, ""cpu6"": 1600000, ""cpu7"": 1600000}"
19451260,2441318400,10027216896,316514,9493,1222979584,6597103616,1,24.775168852479336,2578062,414470,10426426,27521,"{""thermal_zone0"": 40000, ""thermal_zone1"": 41000}","{""cpu0"": 1600000, ""cpu1"": 1600000, ""cpu2"": 1600000, ""cpu3"": 1600000, ""cpu4"": 1600000, ""cpu5"": 1600000, ""cpu6"": 1600000, ""cpu7"": 1600000}"
19573332,2497155072,10027216896,323690,9539,1227460608,6567059456,1,65.5352921433482,2578069,414474,10426514,27521,"{""thermal_zone0"": 42000, ""thermal_zone1"": 41000}","{""cpu0"": 1600000, ""cpu1"": 1600000, ""cpu2"": 1600000, ""cpu3"": 1600000, ""cpu4"": 1600000, ""cpu5"": 1600000, ""cpu6"": 1600000, ""cpu7"": 1600000}"
19702318,2578157568,10027216896,334312,9571,1231065088,6528192512,1,77.52787125033252,2578075,414480,10426603,27522,"{""thermal_zone0"": 42000, ""thermal_zone1"": 41000}","{""cpu0"": 1600000, ""cpu1"": 1600000, ""cpu2"": 1600000, ""cpu3"": 1600000, ""cpu4"": 1600000, ""cpu5"": 1600000, ""cpu6"": 1600000, ""cpu7"": 1600000}"
19823481,2594672640,10027216896,336461,9634,1239322624,6520070144,1,33.01337213240898,2578077,414484,10426693,27522,"{""thermal_zone0"": 41000, ""thermal_zone1"": 41000}","{""cpu0"": 1600000, ""cpu1"": 1600000, ""cpu2"": 1600000, ""cpu3"": 1600000, ""cpu4"": 1600000, ""cpu5"": 1600000, ""cpu6"": 1600000, ""cpu7"": 1600000}"
19944534,2611449856,10027216896,338637,9698,1247711232,6511431680,1,33.043279972456446,2578078,414489,10426783,27522,"{""thermal_zone0"": 41000, ""thermal_zone1"": 41000}","{""cpu0"": 1600000, ""cpu1"": 1600000, ""cpu2"": 1600000, ""cpu3"": 1600000, ""cpu4"": 1600000, ""cpu5"": 1600000, ""cpu6"": 1600000, ""cpu7"": 1600000}"
20065540,2628227072,10027216896,340802,9762,1256099840,6503186432,1,33.05617056560893,2578081,414493,10426873,27522,"{""thermal_zone0"": 41000, ""thermal_zone1"": 41000}","{""cpu0"": 1600000, ""cpu1"": 1600000, ""cpu2"": 1600000, ""cpu3"": 1600000, ""cpu4"": 1600000, ""cpu5"": 1600000, ""cpu6"": 1600000, ""cpu7"": 1600000}"
20186687,2645004288,10027216896,342988,9826,1264357376,6494932992,1,41.27240684126463,2578083,414497,10426963,27522,"{""thermal_zone0"": 41000, ""thermal_zone1"": 41000}","{""cpu0"": 1600000, ""cpu1"": 1600000, ""cpu2"": 1600000, ""cpu3"": 1600000, ""cpu4"": 1600000, ""cpu5"": 1600000, ""cpu6"": 1600000, ""cpu7"": 1600000}"
20307754,2661781504,10027216896,345164,9890,1272877056,6486401024,1,33.03936776130167,2578085,414501,10427053,27522,"{""thermal_zone0"": 41000, ""thermal_zone1"": 41000}","{""cpu0"": 1600000, ""cpu1"": 1600000, ""cpu2"": 1600000, ""cpu3"": 1600000, ""cpu4"": 1600000, ""cpu5"": 1600000, ""cpu6"": 1600000, ""cpu7"": 1600000}"
20428825,2678558720,10027216896,347340,9954,1281134592,6477897728,1,33.038719636621664,2578088,414505,10427143,27522,"{""thermal_zone0"": 41000, ""thermal_zone1"": 41000}","{""cpu0"": 1600000, ""cpu1"": 1600000, ""cpu2"": 1600000, ""cpu3"": 1600000, ""cpu4"": 1600000, ""cpu5"": 1600000, ""cpu6"": 1600000, ""cpu7"": 1600000}"
20549909,2695335936,10027216896,349491,10018,1289523200,6469767168,1,41.29346834370454,2578090,414509,10427233,27522,"{""thermal_zone0"": 41000, ""thermal_zone1"": 41000}","{""cpu0"": 1600000, ""cpu1"": 1600000, ""cpu2"": 1600000, ""cpu3"": 1600000, ""cpu4"": 1600000, ""cpu5"": 1600000, ""cpu6"": 1600000, ""cpu7"": 1600000}"
20671061,2712113152,10027216896,351692,10082,1298042880,6461296640,1,33.01632434378611,2578092,414513,10427323,27522,"{""thermal_zone0"": 41000, ""thermal_zone1"": 41000}","{""cpu0"": 1600000, ""cpu1"": 1600000, ""cpu2"": 1600000, ""cpu3"": 1600000, ""cpu4"": 1600000, ""cpu5"": 1600000, ""cpu6"": 1600000, ""cpu7"": 1600000}"
20792270,2729545728,10027216896,354021,10151,1305501696,6452862976,1,41.25113946991279,2578094,414519,10427412,27522,"{""thermal_zone0"": 40000, ""thermal_zone1"": 41000}","{""cpu0"": 1600000, ""cpu1"": 1600000, ""cpu2"": 1600000, ""cpu3"": 1600000, ""cpu4"": 1600000, ""cpu5"": 1600000, ""cpu6"": 1600000, ""cpu7"": 1600000}"
20911099,2800455680,10027216896,363237,10181,1308540928,6417088512,1,67.3237832583171,2578099,414523,10427496,27523,"{""thermal_zone0"": 41000, ""thermal_zone1"": 41000}","{""cpu0"": 1600000, ""cpu1"": 1600000, ""cpu2"": 1600000, ""cpu3"": 1600000, ""cpu4"": 1600000, ""cpu5"": 1600000, ""cpu6"": 1600000, ""cpu7"": 1600000}"
21027855,2816970752,10027216896,365296,10248,1316446208,6408847360,1,34.25946165178723,2578100,414526,10427582,27523,"{""thermal_zone0"": 41000, ""thermal_zone1"": 41000}","{""cpu0"": 1600000, ""cpu1"": 1600000, ""cpu2"": 1600000, ""cpu3"": 1600000, ""cpu4"": 1600000, ""cpu5"": 1600000, ""cpu6"": 1600000, ""cpu7"": 1600000}"
21144169,2832961536,10027216896,367331,10312,1324163072,6400466944,1,34.389634455208615,2578102,414531,10427669,27524,"{""thermal_zone0"": 41000, ""thermal_zone1"": 41000}","{""cpu0"": 1600000, ""cpu1"": 1600000, ""cpu2"": 1600000, ""cpu3"": 1600000, ""cpu4"": 1600000, ""cpu5"": 1600000, ""cpu6"": 1600000, ""cpu7"": 1600000}"
21260666,2848952320,10027216896,369344,10373,1332158464,6392971264,1,34.335725054072114,2578103,414534,10427756,27524,"{""thermal_zone0"": 40000, ""thermal_zone1"": 41000}","{""cpu0"": 1600000, ""cpu1"": 1600000, ""cpu2"": 1600000, ""cpu3"": 1600000, ""cpu4"": 1600000, ""cpu5"": 1600000, ""cpu6"": 1600000, ""cpu7"": 1600000}"
21377090,2864680960,10027216896,371324,10433,1340022784,6384844800,1,34.35697123302824,2578106,414537,10427843,27524,"{""thermal_zone0"": 41000, ""thermal_zone1"": 41000}","{""cpu0"": 1600000, ""cpu1"": 1600000, ""cpu2"": 1600000, ""cpu3"": 1600000, ""cpu4"": 1600000, ""cpu5"": 1600000, ""cpu6"": 1600000, ""cpu7"": 1600000}"
21493784,2932183040,10027216896,380064,10462,1343389696,6351204352,1,68.55557147187406,2578110,414542,10427926,27524,"{""thermal_zone0"": 41000, ""thermal_zone1"": 42000}","{""cpu0"": 1600000, ""cpu1"": 1600000, ""cpu2"": 1600000, ""cpu3"": 1600000, ""cpu4"": 1600000, ""cpu5"": 1600000, ""cpu6"": 1600000, ""cpu7"": 1600000}"
21610295,2948304896,10027216896,382155,10524,1351254016,6343061504,1,34.33141508840288,2578111,414546,10428012,27524,"{""thermal_zone0"": 42000, ""thermal_zone1"": 41000}","{""cpu0"": 1600000, ""cpu1"": 1600000, ""cpu2"": 1600000, ""cpu3"": 1600000, ""cpu4"": 1600000, ""cpu5"": 1600000, ""cpu6"": 1600000, ""cpu7"": 1600000}"
21726749,2964295680,10027216896,384195,10584,1359249408,6335041536,1,34.34857531898921,2578113,414550,10428099,27524,"{""thermal_zone0"": 41000, ""thermal_zone1"": 41000}","{""cpu0"": 1600000, ""cpu1"": 1600000, ""cpu2"": 1600000, ""cpu3"": 1600000, ""cpu4"": 1600000, ""cpu5"": 1600000, ""cpu6"": 1600000, ""cpu7"": 1600000}"
21843315,2980024320,10027216896,386269,10645,1367244800,6327164928,1,34.315339404529006,2578115,414553,10428187,27524,"{""thermal_zone0"": 41000, ""thermal_zone1"": 41000}","{""cpu0"": 1600000, ""cpu1"": 1600000, ""cpu2"": 1600000, ""cpu3"": 1600000, ""cpu4"": 1600000, ""cpu5"": 1600000, ""cpu6"": 1600000, ""cpu7"": 1600000}"
21959707,2996277248,10027216896,388343,10706,1375240192,6319063040,1,34.366539575480274,2578117,414556,10428274,27524,"{""thermal_zone0"": 40000, ""thermal_zone1"": 40000}","{""cpu0"": 1600000, ""cpu1"": 1600000, ""cpu2"": 1600000, ""cpu3"": 1600000, ""cpu4"": 1600000, ""cpu5"": 1600000, ""cpu6"": 1600000, ""cpu7"": 1600000}"
22076071,3012268032,10027216896,390417,10767,1383104512,6311178240,1,34.374685793887664,2578118,414560,10428361,27524,"{""thermal_zone0"": 41000, ""thermal_zone1"": 41000}","{""cpu0"": 1600000, ""cpu1"": 1600000, ""cpu2"": 1600000, ""cpu3"": 1600000, ""cpu4"": 1600000, ""cpu5"": 1600000, ""cpu6"": 1600000, ""cpu7"": 1600000}"
22192701,3027996672,10027216896,392491,10828,1391099904,6302527488,1,34.296521707644736,2578119,414572,10428438,27524,"{""thermal_zone0"": 42000, ""thermal_zone1"": 42000}","{""cpu0"": 1600000, ""cpu1"": 1600000, ""cpu2"": 1600000, ""cpu3"": 1600000, ""cpu4"": 1600000, ""cpu5"": 1600000, ""cpu6"": 1600000, ""cpu7"": 1600000}"
22309351,3043987456,10027216896,394565,10889,1399095296,6294507520,1,34.29071494966213,2578121,414577,10428525,27524,"{""thermal_zone0"": 41000, ""thermal_zone1"": 41000}","{""cpu0"": 1600000, ""cpu1"": 1600000, ""cpu2"": 1600000, ""cpu3"": 1600000, ""cpu4"": 1600000, ""cpu5"": 1600000, ""cpu6"": 1600000, ""cpu7"": 1600000}"
22426138,3059978240,10027216896,396639,10950,1407090688,6286487552,1,34.2503191252078,2578122,414580,10428613,27524,"{""thermal_zone0"": 41000, ""thermal_zone1"": 41000}","{""cpu0"": 1600000, ""cpu1"": 1600000, ""cpu2"": 1600000, ""cpu3"": 1600000, ""cpu4"": 1600000, ""cpu5"": 1600000, ""cpu6"": 1600000, ""cpu7"": 1600000}"
22543353,3075969024,10027216896,398713,11011,1415086080,6278529024,1,34.12541754687849,2578124,414583,10428700,27524,"{""thermal_zone0"": 41000, ""thermal_zone1"": 42000}","{""cpu0"": 1600000, ""cpu1"": 1600000, ""cpu2"": 1600000, ""cpu3"": 1600000, ""cpu4"": 1600000, ""cpu5"": 1600000, ""cpu6"": 1600000, ""cpu7"": 1600000}"
22659930,3092877312,10027216896,400946,11077,1422635008,6269931520,1,34.31206467693806,2578125,414588,10428787,27525,"{""thermal_zone0"": 41000, ""thermal_zone1"": 40000}","{""cpu0"": 1600000, ""cpu1"": 1600000, ""cpu2"": 1600000, ""cpu3"": 1600000, ""cpu4"": 1600000, ""cpu5"": 1600000, ""cpu6"": 1600000, ""cpu7"": 1600000}"
22777472,3190263808,10027216896,413538,11088,1423101952,6219849728,1,85.0758751319261,2578132,414595,10428868,27525,"{""thermal_zone0"": 42000, ""thermal_zone1"": 42000}","{""cpu0"": 1600000, ""cpu1"": 1600000, ""cpu2"": 1600000, ""cpu3"": 1600000, ""cpu4"": 1600000, ""cpu5"": 1600000, ""cpu6"": 1600000, ""cpu7"": 1600000}"
22896518,3273232384,10027216896,424373,11120,1425235968,6179610624,1,75.60088147603766,2578135,414602,10428950,27526,"{""thermal_zone0"": 42000, ""thermal_zone1"": 41000}","{""cpu0"": 1600000, ""cpu1"": 1600000, ""cpu2"": 1600000, ""cpu3"": 1600000, ""cpu4"": 1600000, ""cpu5"": 1600000, ""cpu6"": 1600000, ""cpu7"": 1600000}"
23013699,3293024256,10027216896,426924,11187,1432977408,6169739264,1,42.66920888675369,2578138,414606,10429037,27527,"{""thermal_zone0"": 41000, ""thermal_zone1"": 41000}","{""cpu0"": 1600000, ""cpu1"": 1600000, ""cpu2"": 1600000, ""cpu3"": 1600000, ""cpu4"": 1600000, ""cpu5"": 1600000, ""cpu6"": 1600000, ""cpu7"": 1600000}"
23130788,3310456832,10027216896,429196,11252,1441103872,6160822272,1,34.16190850352846,2578140,414608,10429124,27527,"{""thermal_zone0"": 41000, ""thermal_zone1"": 41000}","{""cpu0"": 1600000, ""cpu1"": 1600000, ""cpu2"": 1600000, ""cpu3"": 1600000, ""cpu4"": 1600000, ""cpu5"": 1600000, ""cpu6"": 1600000, ""cpu7"": 1600000}"
23247850,3326971904,10027216896,431361,11315,1449361408,6152577024,1,34.16999418341275,2578143,414612,10429212,27527,"{""thermal_zone0"": 41000, ""thermal_zone1"": 41000}","{""cpu0"": 1600000, ""cpu1"": 1600000, ""cpu2"": 1600000, ""cpu3"": 1600000, ""cpu4"": 1600000, ""cpu5"": 1600000, ""cpu6"": 1600000, ""cpu7"": 1600000}"
23364812,3343749120,10027216896,433537,11379,1457750016,6144188416,1,34.19925709808788,2578144,414615,10429299,27527,"{""thermal_zone0"": 41000, ""thermal_zone1"": 41000}","{""cpu0"": 1600000, ""cpu1"": 1600000, ""cpu2"": 1600000, ""cpu3"": 1600000, ""cpu4"": 1600000, ""cpu5"": 1600000, ""cpu6"": 1600000, ""cpu7"": 1600000}"
23481625,3360395264,10027216896,435679,11442,1466007552,6135799808,1,34.24261047034246,2578147,414618,10429386,27527,"{""thermal_zone0"": 41000, ""thermal_zone1"": 41000}","{""cpu0"": 1600000, ""cpu1"": 1600000, ""cpu2"": 1600000, ""cpu3"": 1600000, ""cpu4"": 1600000, ""cpu5"": 1600000, ""cpu6"": 1600000, ""cpu7"": 1600000}"
23598811,3377172480,10027216896,437854,11506,1474265088,6127546368,1,34.1338258798896,2578148,414622,10429474,27527,"{""thermal_zone0"": 41000, ""thermal_zone1"": 41000}","{""cpu0"": 1600000, ""cpu1"": 1600000, ""cpu2"": 1600000, ""cpu3"": 1600000, ""cpu4"": 1600000, ""cpu5"": 1600000, ""cpu6"": 1600000, ""cpu7"": 1600000}"
23715688,3393818624,10027216896,440030,11570,1482653696,6118723584,1,25.668013912268883,2578149,414627,10429561,27527,"{""thermal_zone0"": 41000, ""thermal_zone1"": 41000}","{""cpu0"": 1600000, ""cpu1"": 1600000, ""cpu2"": 1600000, ""cpu3"": 1600000, ""cpu4"": 1600000, ""cpu5"": 1600000, ""cpu6"": 1600000, ""cpu7"": 1600000}"
23832201,3410333696,10027216896,442172,11633,1490911232,6110736384,1,34.33098547728936,2578150,414631,10429648,27527,"{""thermal_zone0"": 41000, ""thermal_zone1"": 41000}","{""cpu0"": 1600000, ""cpu1"": 1600000, ""cpu2"": 1600000, ""cpu3"": 1600000, ""cpu4"": 1600000, ""cpu5"": 1600000, ""cpu6"": 1600000, ""cpu7"": 1600000}"
23949131,3427110912,10027216896,444314,11696,1499168768,6102347776,1,34.208408950308645,2578153,414633,10429736,27527,"{""thermal_zone0"": 41000, ""thermal_zone1"": 41000}","{""cpu0"": 1600000, ""cpu1"": 1600000, ""cpu2"": 1600000, ""cpu3"": 1600000, ""cpu4"": 1600000, ""cpu5"": 1600000, ""cpu6"": 1600000, ""cpu7"": 1600000}"
24066179,3443625984,10027216896,446480,11760,1507557376,6094102528,1,34.17402050294282,2578155,414636,10429823,27527,"{""thermal_zone0"": 41000, ""thermal_zone1"": 41000}","{""cpu0"": 1600000, ""cpu1"": 1600000, ""cpu2"": 1600000, ""cpu3"": 1600000, ""cpu4"": 1600000, ""cpu5"": 1600000, ""cpu6"": 1600000, ""cpu7"": 1600000}"
24183151,3468529664,10027216896,449688,11826,1514156032,6080221184,1,34.19635793228679,2578157,414642,10429909,27528,"{""thermal_zone0"": 41000, ""thermal_zone1"": 42000}","{""cpu0"": 1600000, ""cpu1"": 1600000, ""cpu2"": 1600000, ""cpu3"": 1600000, ""cpu4"": 1600000, ""cpu5"": 1600000, ""cpu6"": 1600000, ""cpu7"": 1600000}"
24302438,3566964736,10027216896,462475,11838,1515102208,6030589952,1,92.21423865807829,2578160,414650,10429991,27528,"{""thermal_zone0"": 42000, ""thermal_zone1"": 42000}","{""cpu0"": 1600000, ""cpu1"": 1600000, ""cpu2"": 1600000, ""cpu3"": 1600000, ""cpu4"": 1600000, ""cpu5"": 1600000, ""cpu6"": 1600000, ""cpu7"": 1600000}"
24421633,3659763712,10027216896,474545,11857,1516679168,5985456128,1,92.28579901846,2578164,414658,10430073,27529,"{""thermal_zone0"": 41000, ""thermal_zone1"": 42000}","{""cpu0"": 1600000, ""cpu1"": 1600000, ""cpu2"": 1600000, ""cpu3"": 1600000, ""cpu4"": 1600000, ""cpu5"": 1600000, ""cpu6"": 1600000, ""cpu7"": 1600000}"
24538635,3675885568,10027216896,476657,11920,1524674560,5977169920,1,34.18739514672491,2578165,414662,10430160,27529,"{""thermal_zone0"": 41000, ""thermal_zone1"": 41000}","{""cpu0"": 1600000, ""cpu1"": 1600000, ""cpu2"": 1600000, ""cpu3"": 1600000, ""cpu4"": 1600000, ""cpu5"": 1600000, ""cpu6"": 1600000, ""cpu7"": 1600000}"
24655579,3691876352,10027216896,478731,11981,1532669952,5969149952,1,34.20447221421933,2578168,414664,10430248,27529,"{""thermal_zone0"": 41000, ""thermal_zone1"": 41000}","{""cpu0"": 1600000, ""cpu1"": 1600000, ""cpu2"": 1600000, ""cpu3"": 1600000, ""cpu4"": 1600000, ""cpu5"": 1600000, ""cpu6"": 1600000, ""cpu7"": 1600000}"
24772126,3707867136,10027216896,480805,12042,1540665344,5961191424,1,34.32079847680864,2578170,414668,10430335,27529,"{""thermal_zone0"": 42000, ""thermal_zone1"": 41000}","{""cpu0"": 1600000, ""cpu1"": 1600000, ""cpu2"": 1600000, ""cpu3"": 1600000, ""cpu4"": 1600000, ""cpu5"": 1600000, ""cpu6"": 1600000, ""cpu7"": 1600000}"
24888779,3723595776,10027216896,482879,12103,1548660736,5953056768,1,34.289796632959714,2578172,414671,10430422,27529,"{""thermal_zone0"": 41000, ""thermal_zone1"": 41000}","{""cpu0"": 1600000, ""cpu1"": 1600000, ""cpu2"": 1600000, ""cpu3"": 1600000, ""cpu4"": 1600000, ""cpu5"": 1600000, ""cpu6"": 1600000, ""cpu7"": 1600000}"
25005758,3739848704,10027216896,484988,12165,1556656128,5945028608,1,25.645687895568702,2578173,414674,10430510,27529,"{""thermal_zone0"": 41000, ""thermal_zone1"": 41000}","{""cpu0"": 1600000, ""cpu1"": 1600000, ""cpu2"": 1600000, ""cpu3"": 1600000, ""cpu4"": 1600000, ""cpu5"": 1600000, ""cpu6"": 1600000, ""cpu7"": 1600000}"
25122778,3755839488,10027216896,487062,12226,1564651520,5937008640,1,34.1822947762318,2578174,414678,10430598,27529,"{""thermal_zone0"": 41000, ""thermal_zone1"": 42000}","{""cpu0"": 1600000, ""cpu1"": 1600000, ""cpu2"": 1600000, ""cpu3"": 1600000, ""cpu4"": 1600000, ""cpu5"": 1600000, ""cpu6"": 1600000, ""cpu7"": 1600000}"
25239427,3771830272,10027216896,489136,12287,1572646912,5929308160,1,34.290812839714796,2578176,414681,10430685,27529,"{""thermal_zone0"": 41000, ""thermal_zone1"": 42000}","{""cpu0"": 1600000, ""cpu1"": 1600000, ""cpu2"": 1600000, ""cpu3"": 1600000, ""cpu4"": 1600000, ""cpu5"": 1600000, ""cpu6"": 1600000, ""cpu7"": 1600000}"
25356527,3788083200,10027216896,491224,12349,1580642304,5921144832,1,34.15885756042478,2578178,414684,10430773,27529,"{""thermal_zone0"": 41000, ""thermal_zone1"": 41000}","{""cpu0"": 1600000, ""cpu1"": 1600000, ""cpu2"": 1600000, ""cpu3"": 1600000, ""cpu4"": 1600000, ""cpu5"": 1600000, ""cpu6"": 1600000, ""cpu7"": 1600000}"
25473254,3803942912,10027216896,493284,12409,1588637696,5912866816,1,34.26792384827757,2578179,414688,10430860,27529,"{""thermal_zone0"": 41000, ""thermal_zone1"": 41000}","{""cpu0"": 1600000, ""cpu1"": 1600000, ""cpu2"": 1600000, ""cpu3"": 1600000, ""cpu4"": 1600000, ""cpu5"": 1600000, ""cpu6"": 1600000, ""cpu7"": 1600000}"
25589958,3820589056,10027216896,495437,12473,1596178432,5904203776,1,25.706035545791835,2578180,414692,10430947,27530,"{""thermal_zone0"": 40000, ""thermal_zone1"": 41000}","{""cpu0"": 1600000, ""cpu1"": 1600000, ""cpu2"": 1600000, ""cpu3"": 1600000, ""cpu4"": 1600000, ""cpu5"": 1600000, ""cpu6"": 1600000, ""cpu7"": 1600000}"
25707272,3856502784,10027216896,500090,12535,1602076672,5885075456,1,51.144875480384634,2578183,414696,10431032,27531,"{""thermal_zone0"": 40000, ""thermal_zone1"": 42000}","{""cpu0"": 1600000, ""cpu1"": 1600000, ""cpu2"": 1600000, ""cpu3"": 1600000, ""cpu4"": 1600000, ""cpu5"": 1600000, ""cpu6"": 1600000, ""cpu7"": 1600000}"
25826206,3888222208,10027216896,504292,12589,1609482240,5870424064,1,42.040055226507114,2578186,414699,10431120,27531,"{""thermal_zone0"": 41000, ""thermal_zone1"": 41000}","{""cpu0"": 1600000, ""cpu1"": 1600000, ""cpu2"": 1600000, ""cpu3"": 1600000, ""cpu4"": 1600000, ""cpu5"": 1600000, ""cpu6"": 1600000, ""cpu7"": 1600000}"
25942960,3904212992,10027216896,506366,12650,1617477632,5862154240,1,34.260219592247886,2578188,414701,10431207,27531,"{""thermal_zone0"": 40000, ""thermal_zone1"": 42000}","{""cpu0"": 1600000, ""cpu1"": 1600000, ""cpu2"": 1600000, ""cpu3"": 1600000, ""cpu4"": 1600000, ""cpu5"": 1600000, ""cpu6"": 1600000, ""cpu7"": 1600000}"
26059551,3920465920,10027216896,508471,12712,1625473024,5854257152,1,34.30794485375252,2578190,414705,10431295,27531,"{""thermal_zone0"": 40000, ""thermal_zone1"": 41000}","{""cpu0"": 1600000, ""cpu1"": 1600000, ""cpu2"": 1600000, ""cpu3"": 1600000, ""cpu4"": 1600000, ""cpu5"": 1600000, ""cpu6"": 1600000, ""cpu7"": 1600000}"
26176286,3936456704,10027216896,510548,12773,1633468416,5848825856,1,34.26553903003802,2578192,414709,10431382,27531,"{""thermal_zone0"": 41000, ""thermal_zone1"": 41000}","{""cpu0"": 1600000, ""cpu1"": 1600000, ""cpu2"": 1600000, ""cpu3"": 1600000, ""cpu4"": 1600000, ""cpu5"": 1600000, ""cpu6"": 1600000, ""cpu7"": 1600000}"
26300175,3953233920,10027216896,512724,12837,1641988096,5840683008,1,24.215295675459764,2578194,414714,10431475,27531,"{""thermal_zone0"": 40000, ""thermal_zone1"": 41000}","{""cpu0"": 1600000, ""cpu1"": 1600000, ""cpu2"": 1600000, ""cpu3"": 1600000, ""cpu4"": 1600000, ""cpu5"": 1600000, ""cpu6"": 1600000, ""cpu7"": 1600000}"
26421253,3970011136,10027216896,514900,12901,1650376704,5832327168,1,33.03640051369621,2578198,414716,10431565,27531,"{""thermal_zone0"": 40000, ""thermal_zone1"": 40000}","{""cpu0"": 1600000, ""cpu1"": 1600000, ""cpu2"": 1600000, ""cpu3"": 1600000, ""cpu4"": 1600000, ""cpu5"": 1600000, ""cpu6"": 1600000, ""cpu7"": 1600000}"
26542395,3986788352,10027216896,517042,12964,1658765312,5823959040,1,33.019322057020226,2578199,414720,10431656,27531,"{""thermal_zone0"": 41000, ""thermal_zone1"": 41000}","{""cpu0"": 1600000, ""cpu1"": 1600000, ""cpu2"": 1600000, ""cpu3"": 1600000, ""cpu4"": 1600000, ""cpu5"": 1600000, ""cpu6"": 1600000, ""cpu7"": 1600000}"
26663448,4003565568,10027216896,519252,13029,1667153920,5815336960,1,33.04325704344698,2578201,414724,10431746,27531,"{""thermal_zone0"": 40000, ""thermal_zone1"": 40000}","{""cpu0"": 1600000, ""cpu1"": 1600000, ""cpu2"": 1600000, ""cpu3"": 1600000, ""cpu4"": 1600000, ""cpu5"": 1600000, ""cpu6"": 1600000, ""cpu7"": 1600000}"
26784542,4020342784,10027216896,521405,13093,1675542528,5807214592,1,33.032160408663316,2578203,414726,10431836,27531,"{""thermal_zone0"": 41000, ""thermal_zone1"": 41000}","{""cpu0"": 1600000, ""cpu1"": 1600000, ""cpu2"": 1600000, ""cpu3"": 1600000, ""cpu4"": 1600000, ""cpu5"": 1600000, ""cpu6"": 1600000, ""cpu7"": 1600000}"
26905526,4037120000,10027216896,523605,13157,1683931136,5798572032,1,33.06228404490959,2578205,414731,10431926,27531,"{""thermal_zone0"": 41000, ""thermal_zone1"": 41000}","{""cpu0"": 1600000, ""cpu1"": 1600000, ""cpu2"": 1600000, ""cpu3"": 1600000, ""cpu4"": 1600000, ""cpu5"": 1600000, ""cpu6"": 1600000, ""cpu7"": 1600000}"
27026886,4054290432,10027216896,525849,13223,1692581888,5789958144,1,41.199602565561875,2578208,414734,10432016,27531,"{""thermal_zone0"": 41000, ""thermal_zone1"": 40000}","{""cpu0"": 1600000, ""cpu1"": 1600000, ""cpu2"": 1600000, ""cpu3"": 1600000, ""cpu4"": 1600000, ""cpu5"": 1600000, ""cpu6"": 1600000, ""cpu7"": 1600000}"
27147945,4071854080,10027216896,528093,13289,1701232640,5781282816,1,33.041766999024716,2578210,414738,10432106,27531,"{""thermal_zone0"": 40000, ""thermal_zone1"": 40000}","{""cpu0"": 1600000, ""cpu1"": 1600000, ""cpu2"": 1600000, ""cpu3"": 1600000, ""cpu4"": 1600000, ""cpu5"": 1600000, ""cpu6"": 1600000, ""cpu7"": 1600000}"
27268918,4088893440,10027216896,530303,13354,1709752320,5771522048,1,33.06526769723391,2578213,414748,10432187,27531,"{""thermal_zone0"": 41000, ""thermal_zone1"": 42000}","{""cpu0"": 1600000, ""cpu1"": 1600000, ""cpu2"": 1600000, ""cpu3"": 1600000, ""cpu4"": 1600000, ""cpu5"": 1600000, ""cpu6"": 1600000, ""cpu7"": 1600000}"
27390304,4106063872,10027216896,532580,13421,1718272000,5762723840,1,32.952690218086175,2578216,414752,10432277,27531,"{""thermal_zone0"": 41000, ""thermal_zone1"": 41000}","{""cpu0"": 1600000, ""cpu1"": 1600000, ""cpu2"": 1600000, ""cpu3"": 1600000, ""cpu4"": 1600000, ""cpu5"": 1600000, ""cpu6"": 1600000, ""cpu7"": 1600000}"
27511598,4123365376,10027216896,534824,13487,1726922752,5754224640,1,32.977706419150955,2578217,414756,10432367,27531,"{""thermal_zone0"": 41000, ""thermal_zone1"": 41000}","{""cpu0"": 1600000, ""cpu1"": 1600000, ""cpu2"": 1600000, ""cpu3"": 1600000, ""cpu4"": 1600000, ""cpu5"": 1600000, ""cpu6"": 1600000, ""cpu7"": 1600000}"
27632834,4140666880,10027216896,537047,13553,1735573504,5745434624,1,32.9936303651994,2578218,414763,10432456,27531,"{""thermal_zone0"": 40000, ""thermal_zone1"": 41000}","{""cpu0"": 1600000, ""cpu1"": 1600000, ""cpu2"": 1600000, ""cpu3"": 1600000, ""cpu4"": 1600000, ""cpu5"": 1600000, ""cpu6"": 1600000, ""cpu7"": 1600000}"
27754168,4157968384,10027216896,539285,13619,1744224256,5736562688,1,32.9668349848866,2578220,414767,10432547,27531,"{""thermal_zone0"": 40000, ""thermal_zone1"": 40000}","{""cpu0"": 1600000, ""cpu1"": 1600000, ""cpu2"": 1600000, ""cpu3"": 1600000, ""cpu4"": 1600000, ""cpu5"": 1600000, ""cpu6"": 1600000, ""cpu7"": 1600000}"
27875525,4175269888,10027216896,541527,13685,1752875008,5727563776,1,32.960564727858134,2578222,414772,10432637,27531,"{""thermal_zone0"": 40000, ""thermal_zone1"": 41000}","{""cpu0"": 1600000, ""cpu1"": 1600000, ""cpu2"": 1600000, ""cpu3"": 1600000, ""cpu4"": 1600000, ""cpu5"": 1600000, ""cpu6"": 1600000, ""cpu7"": 1600000}"
27994669,4192833536,10027216896,543846,13757,1760661504,5718708224,1,33.572825362832646,2578223,414776,10432726,27532,"{""thermal_zone0"": 41000, ""thermal_zone1"": 41000}","{""cpu0"": 1600000, ""cpu1"": 1600000, ""cpu2"": 1600000, ""cpu3"": 1600000, ""cpu4"": 1600000, ""cpu5"": 1600000, ""cpu6"": 1600000, ""cpu7"": 1600000}"
28113787,4209348608,10027216896,545986,13819,1768919040,5710163968,1,25.185105911177736,2578224,414779,10432816,27532,"{""thermal_zone0"": 40000, ""thermal_zone1"": 41000}","{""cpu0"": 1600000, ""cpu1"": 1600000, ""cpu2"": 1600000, ""cpu3"": 1600000, ""cpu4"": 1600000, ""cpu5"": 1600000, ""cpu6"": 1600000, ""cpu7"": 1600000}"
28232678,4225863680,10027216896,548162,13883,1777176576,5701783552,1,25.233164745793403,2578227,414782,10432905,27532,"{""thermal_zone0"": 40000, ""thermal_zone1"": 41000}","{""cpu0"": 1600000, ""cpu1"": 1600000, ""cpu2"": 1600000, ""cpu3"": 1600000, ""cpu4"": 1600000, ""cpu5"": 1600000, ""cpu6"": 1600000, ""cpu7"": 1600000}"
28351591,4242378752,10027216896,550304,13946,1785434112,5693431808,1,25.228585066663967,2578229,414786,10432995,27532,"{""thermal_zone0"": 40000, ""thermal_zone1"": 41000}","{""cpu0"": 1600000, ""cpu1"": 1600000, ""cpu2"": 1600000, ""cpu3"": 1600000, ""cpu4"": 1600000, ""cpu5"": 1600000, ""cpu6"": 1600000, ""cpu7"": 1600000}"
28470742,4258893824,10027216896,552446,14009,1793691648,5685329920,1,33.570794107399074,2578230,414790,10433085,27532,"{""thermal_zone0"": 40000, ""thermal_zone1"": 40000}","{""cpu0"": 1600000, ""cpu1"": 1600000, ""cpu2"": 1600000, ""cpu3"": 1600000, ""cpu4"": 1600000, ""cpu5"": 1600000, ""cpu6"": 1600000, ""cpu7"": 1600000}"
28589744,4275408896,10027216896,554588,14072,1801924608,5677039616,1,25.209673052388894,2578233,414791,10433174,27532,"{""thermal_zone0"": 41000, ""thermal_zone1"": 40000}","{""cpu0"": 1600000, ""cpu1"": 1600000, ""cpu2"": 1600000, ""cpu3"": 1600000, ""cpu4"": 1600000, ""cpu5"": 1600000, ""cpu6"": 1600000, ""cpu7"": 1600000}"
28708104,4292186112,10027216896,556730,14135,1810182144,5668945920,1,25.346339565282904,2578235,414794,10433264,27532,"{""thermal_zone0"": 41000, ""thermal_zone1"": 40000}","{""cpu0"": 1600000, ""cpu1"": 1600000, ""cpu2"": 1600000, ""cpu3"": 1600000, ""cpu4"": 1600000, ""cpu5"": 1600000, ""cpu6"": 1600000, ""cpu7"": 1600000}"
28827002,4308439040,10027216896,558872,14198,1818439680,5660307456,1,16.821178442307403,2578238,414797,10433354,27532,"{""thermal_zone0"": 39000, ""thermal_zone1"": 40000}","{""cpu0"": 1600000, ""cpu1"": 1600000, ""cpu2"": 1600000, ""cpu3"": 1600000, ""cpu4"": 1600000, ""cpu5"": 1600000, ""cpu6"": 1600000, ""cpu7"": 1600000}"
28945896,4324954112,10027216896,561014,14261,1826697216,5652213760,1,33.643406103516085,2578241,414800,10433443,27532,"{""thermal_zone0"": 40000, ""thermal_zone1"": 40000}","{""cpu0"": 1600000, ""cpu1"": 1600000, ""cpu2"": 1600000, ""cpu3"": 1600000, ""cpu4"": 1600000, ""cpu5"": 1600000, ""cpu6"": 1600000, ""cpu7"": 1600000}"
29065139,4341731328,10027216896,563188,14325,1835085824,5643833344,1,16.772493834682855,2578242,414803,10433533,27532,"{""thermal_zone0"": 40000, ""thermal_zone1"": 40000}","{""cpu0"": 1600000, ""cpu1"": 1600000, ""cpu2"": 1600000, ""cpu3"": 1600000, ""cpu4"": 1600000, ""cpu5"": 1600000, ""cpu6"": 1600000, ""cpu7"": 1600000}"
29184190,4358246400,10027216896,565319,14388,1843343360,5635534848,1,33.59910985206287,2578243,414806,10433623,27532,"{""thermal_zone0"": 40000, ""thermal_zone1"": 40000}","{""cpu0"": 1600000, ""cpu1"": 1600000, ""cpu2"": 1600000, ""cpu3"": 1600000, ""cpu4"": 1600000, ""cpu5"": 1600000, ""cpu6"": 1600000, ""cpu7"": 1600000}"
29303116,4374761472,10027216896,567440,14450,1851600896,5627297792,1,25.225606260659134,2578246,414808,10433713,27532,"{""thermal_zone0"": 40000, ""thermal_zone1"": 41000}","{""cpu0"": 1600000, ""cpu1"": 1600000, ""cpu2"": 1600000, ""cpu3"": 1600000, ""cpu4"": 1600000, ""cpu5"": 1600000, ""cpu6"": 1600000, ""cpu7"": 1600000}"
29422327,4391276544,10027216896,569616,14514,1859858432,5618925568,1,33.55407412267777,2578248,414810,10433803,27532,"{""thermal_zone0"": 40000, ""thermal_zone1"": 41000}","{""cpu0"": 1600000, ""cpu1"": 1600000, ""cpu2"": 1600000, ""cpu3"": 1600000, ""cpu4"": 1600000, ""cpu5"": 1600000, ""cpu6"": 1600000, ""cpu7"": 1600000}"
29541316,4407922688,10027216896,571787,14578,1868115968,5610426368,1,25.21240060830463,2578250,414813,10433892,27532,"{""thermal_zone0"": 40000, ""thermal_zone1"": 41000}","{""cpu0"": 1600000, ""cpu1"": 1600000, ""cpu2"": 1600000, ""cpu3"": 1600000, ""cpu4"": 1600000, ""cpu5"": 1600000, ""cpu6"": 1600000, ""cpu7"": 1600000}"
29660176,4424306688,10027216896,573895,14640,1876242432,5602324480,1,25.23973690670349,2578251,414817,10433982,27532,"{""thermal_zone0"": 40000, ""thermal_zone1"": 41000}","{""cpu0"": 1600000, ""cpu1"": 1600000, ""cpu2"": 1600000, ""cpu3"": 1600000, ""cpu4"": 1600000, ""cpu5"": 1600000, ""cpu6"": 1600000, ""cpu7"": 1600000}"
29779169,4440690688,10027216896,576017,14703,1884499968,5593645056,1,16.80770205551305,2578252,414820,10434071,27533,"{""thermal_zone0"": 40000, ""thermal_zone1"": 40000}","{""cpu0"": 1600000, ""cpu1"": 1600000, ""cpu2"": 1600000, ""cpu3"": 1600000, ""cpu4"": 1600000, ""cpu5"": 1600000, ""cpu6"": 1600000, ""cpu7"": 1600000}"
29898659,4456943616,10027216896,578145,14765,1892626432,5585543168,1,33.47572904195912,2578254,414824,10434149,27545,"{""thermal_zone0"": 40000, ""thermal_zone1"": 41000}","{""cpu0"": 1600000, ""cpu1"": 1600000, ""cpu2"": 1600000, ""cpu3"": 1600000, ""cpu4"": 1600000, ""cpu5"": 1600000, ""cpu6"": 1600000, ""cpu7"": 1600000}"
30016533,4472541184,10027216896,580184,14825,1900359680,5577101312,1,25.450868498162066,2578256,414830,10434234,27548,"{""thermal_zone0"": 39000, ""thermal_zone1"": 40000}","{""cpu0"": 1600000, ""cpu1"": 1600000, ""cpu2"": 1600000, ""cpu3"": 1600000, ""cpu4"": 1600000, ""cpu5"": 1600000, ""cpu6"": 1600000, ""cpu7"": 1600000}"
30132457,4488531968,10027216896,582258,14886,1908355072,5569040384,1,25.87912643317955,2578257,414832,10434321,27548,"{""thermal_zone0"": 40000, ""thermal_zone1"": 41000}","{""cpu0"": 1600000, ""cpu1"": 1600000, ""cpu2"": 1600000, ""cpu3"": 1600000, ""cpu4"": 1600000, ""cpu5"": 1600000, ""cpu6"": 1600000, ""cpu7"": 1600000}"
30248080,4504522752,10027216896,584332,14947,1916219392,5560979456,1,25.946337300862726,2578259,414834,10434409,27548,"{""thermal_zone0"": 40000, ""thermal_zone1"": 41000}","{""cpu0"": 1600000, ""cpu1"": 1600000, ""cpu2"": 1600000, ""cpu3"": 1600000, ""cpu4"": 1600000, ""cpu5"": 1600000, ""cpu6"": 1600000, ""cpu7"": 1600000}"
30363739,4520513536,10027216896,586406,15008,1924345856,5552918528,1,25.938261490617414,2578262,414836,10434497,27548,"{""thermal_zone0"": 40000, ""thermal_zone1"": 41000}","{""cpu0"": 1600000, ""cpu1"": 1600000, ""cpu2"": 1600000, ""cpu3"": 1600000, ""cpu4"": 1600000, ""cpu5"": 1600000, ""cpu6"": 1600000, ""cpu7"": 1600000}"
30479624,4536504320,10027216896,588452,15069,1932210176,5545234432,1,25.88772414648648,2578264,414840,10434584,27548,"{""thermal_zone0"": 39000, ""thermal_zone1"": 42000}","{""cpu0"": 1600000, ""cpu1"": 1600000, ""cpu2"": 1600000, ""cpu3"": 1600000, ""cpu4"": 1600000, ""cpu5"": 1600000, ""cpu6"": 1600000, ""cpu7"": 1600000}"
30595239,4553281536,10027216896,590725,15137,1939722240,5536473088,1,25.948244876285514,2578266,414842,10434671,27549,"{""thermal_zone0"": 40000, ""thermal_zone1"": 41000}","{""cpu0"": 1600000, ""cpu1"": 1600000, ""cpu2"": 1600000, ""cpu3"": 1600000, ""cpu4"": 1600000, ""cpu5"": 1600000, ""cpu6"": 1600000, ""cpu7"": 1600000}"
30711096,4569534464,10027216896,592839,15201,1947914240,5528526848,1,25.893971007470107,2578267,414846,10434759,27549,"{""thermal_zone0"": 39000, ""thermal_zone1"": 40000}","{""cpu0"": 1600000, ""cpu1"": 1600000, ""cpu2"": 1600000, ""cpu3"": 1600000, ""cpu4"": 1600000, ""cpu5"": 1600000, ""cpu6"": 1600000, ""cpu7"": 1600000}"
30826549,4585525248,10027216896,594879,15261,1955778560,5520506880,1,25.984606995984716,2578269,414848,10434846,27549,"{""thermal_zone0"": 39000, ""thermal_zone1"": 42000}","{""cpu0"": 1600000, ""cpu1"": 1600000, ""cpu2"": 1600000, ""cpu3"": 1600000, ""cpu4"": 1600000, ""cpu5"": 1600000, ""cpu6"": 1600000, ""cpu7"": 1600000}"
30942879,4671770624,10027216896,606033,15277,1956982784,5475827712,1,85.96204626083625,2578273,414855,10434927,27549,"{""thermal_zone0"": 41000, ""thermal_zone1"": 42000}","{""cpu0"": 1600000, ""cpu1"": 1600000, ""cpu2"": 1600000, ""cpu3"": 1600000, ""cpu4"": 1600000, ""cpu5"": 1600000, ""cpu6"": 1600000, ""cpu7"": 1600000}"
31062095,4761686016,10027216896,617757,15291,1958739968,5431607296,1,92.26944681555953,2578278,414864,10435010,27550,"{""thermal_zone0"": 40000, ""thermal_zone1"": 42000}","{""cpu0"": 1600000, ""cpu1"": 1600000, ""cpu2"": 1600000, ""cpu3"": 1600000, ""cpu4"": 1600000, ""cpu5"": 1600000, ""cpu6"": 1600000, ""cpu7"": 1600000}"
31177707,4777545728,10027216896,619831,15352,1966735360,5423730688,1,17.299253814850914,2578280,414865,10435098,27550,"{""thermal_zone0"": 40000, ""thermal_zone1"": 42000}","{""cpu0"": 1600000, ""cpu1"": 1600000, ""cpu2"": 1600000, ""cpu3"": 1600000, ""cpu4"": 1600000, ""cpu5"": 1600000, ""cpu6"": 1600000, ""cpu7"": 1600000}"
31293423,4793274368,10027216896,621871,15412,1974599680,5415772160,1,25.92560636882224,2578282,414867,10435185,27550,"{""thermal_zone0"": 41000, ""thermal_zone1"": 42000}","{""cpu0"": 1600000, ""cpu1"": 1600000, ""cpu2"": 1600000, ""cpu3"": 1600000, ""cpu4"": 1600000, ""cpu5"": 1600000, ""cpu6"": 1600000, ""cpu7"": 1600000}"
31409296,4809527296,10027216896,623979,15474,1982726144,5407752192,1,25.890460757254726,2578284,414871,10435273,27550,"{""thermal_zone0"": 41000, ""thermal_zone1"": 41000}","{""cpu0"": 1600000, ""cpu1"": 1600000, ""cpu2"": 1600000, ""cpu3"": 1600000, ""cpu4"": 1600000, ""cpu5"": 1600000, ""cpu6"": 1600000, ""cpu7"": 1600000}"
31524958,4825255936,10027216896,626019,15534,1990590464,5399990272,1,25.937663391068323,2578285,414874,10435361,27550,"{""thermal_zone0"": 41000, ""thermal_zone1"": 41000}","{""cpu0"": 1600000, ""cpu1"": 1600000, ""cpu2"": 1600000, ""cpu3"": 1600000, ""cpu4"": 1600000, ""cpu5"": 1600000, ""cpu6"": 1600000, ""cpu7"": 1600000}"
31640672,4841508864,10027216896,628092,15595,1998454784,5391847424,1,17.284017640863468,2578286,414877,10435448,27550,"{""thermal_zone0"": 40000, ""thermal_zone1"": 42000}","{""cpu0"": 1600000, ""cpu1"": 1600000, ""cpu2"": 1600000, ""cpu3"": 1600000, ""cpu4"": 1600000, ""cpu5"": 1600000, ""cpu6"": 1600000, ""cpu7"": 1600000}"
31756341,4857499648,10027216896,630200,15657,2006450176,5383827456,1,34.581346163104975,2578288,414879,10435536,27550,"{""thermal_zone0"": 41000, ""thermal_zone1"": 41000}","{""cpu0"": 1600000, ""cpu1"": 1600000, ""cpu2"": 1600000, ""cpu3"": 1600000, ""cpu4"": 1600000, ""cpu5"": 1600000, ""cpu6"": 1600000, ""cpu7"": 1600000}"
31871711,4873228288,10027216896,632240,15717,2014445568,5375692800,1,26.003197509184915,2578290,414882,10435623,27550,"{""thermal_zone0"": 40000, ""thermal_zone1"": 40000}","{""cpu0"": 1600000, ""cpu1"": 1600000, ""cpu2"": 1600000, ""cpu3"": 1600000, ""cpu4"": 1600000, ""cpu5"": 1600000, ""cpu6"": 1600000, ""cpu7"": 1600000}"
31987417,4889219072,10027216896,634280,15777,2022309888,5367734272,1,25.927828196264258,2578292,414884,10435711,27550,"{""thermal_zone0"": 40000, ""thermal_zone1"": 41000}","{""cpu0"": 1600000, ""cpu1"": 1600000, ""cpu2"": 1600000, ""cpu3"": 1600000, ""cpu4"": 1600000, ""cpu5"": 1600000, ""cpu6"": 1600000, ""cpu7"": 1600000}"
32102914,4904947712,10027216896,636320,15837,2030043136,5359996928,1,17.316515821775823,2578294,414888,10435799,27550,"{""thermal_zone0"": 40000, ""thermal_zone1"": 40000}","{""cpu0"": 1600000, ""cpu1"": 1600000, ""cpu2"": 1600000, ""cpu3"": 1600000, ""cpu4"": 1600000, ""cpu5"": 1600000, ""cpu6"": 1600000, ""cpu7"": 1600000}"
32218763,4942565376,10027216896,641205,15894,2035888128,5339389952,1,43.1595676198555,2578298,414890,10435884,27550,"{""thermal_zone0"": 41000, ""thermal_zone1"": 41000}","{""cpu0"": 1600000, ""cpu1"": 1600000, ""cpu2"": 1600000, ""cpu3"": 1600000, ""cpu4"": 1600000, ""cpu5"": 1600000, ""cpu6"": 1600000, ""cpu7"": 1600000}"
32336867,5033005056,10027216896,652954,15910,2037645312,5290700800,1,93.13805388036418,2578302,414904,10435958,27550,"{""thermal_zone0"": 42000, ""thermal_zone1"": 43000}","{""cpu0"": 1600000, ""cpu1"": 1600000, ""cpu2"": 1600000, ""cpu3"": 1600000, ""cpu4"": 1600000, ""cpu5"": 1600000, ""cpu6"": 1600000, ""cpu7"": 1600000}"
32459849,5127901184,10027216896,665305,15929,2039459840,5244850176,1,81.31269259419446,2578307,414913,10436040,27551,"{""thermal_zone0"": 41000, ""thermal_zone1"": 41000}","{""cpu0"": 1600000, ""cpu1"": 1600000, ""cpu2"": 1600000, ""cpu3"": 1600000, ""cpu4"": 1600000, ""cpu5"": 1600000, ""cpu6"": 1600000, ""cpu7"": 1600000}"
32575526,5144154112,10027216896,667413,15991,2047586304,5236428800,1,25.934262798869902,2578308,414917,10436127,27551,"{""thermal_zone0"": 40000, ""thermal_zone1"": 42000}","{""cpu0"": 1600000, ""cpu1"": 1600000, ""cpu2"": 1600000, ""cpu3"": 1600000, ""cpu4"": 1600000, ""cpu5"": 1600000, ""cpu6"": 1600000, ""cpu7"": 1600000}"
32691219,5160144896,10027216896,669487,16052,2055581696,5228408832,1,25.93080706421567,2578310,414920,10436215,27551,"{""thermal_zone0"": 40000, ""thermal_zone1"": 41000}","{""cpu0"": 1600000, ""cpu1"": 1600000, ""cpu2"": 1600000, ""cpu3"": 1600000, ""cpu4"": 1600000, ""cpu5"": 1600000, ""cpu6"": 1600000, ""cpu7"": 1600000}"
32806811,5175873536,10027216896,671561,16113,2063577088,5220450304,1,25.953379667267633,2578312,414922,10436303,27551,"{""thermal_zone0"": 40000, ""thermal_zone1"": 42000}","{""cpu0"": 1600000, ""cpu1"": 1600000, ""cpu2"": 1600000, ""cpu3"": 1600000, ""cpu4"": 1600000, ""cpu5"": 1600000, ""cpu6"": 1600000, ""cpu7"": 1600000}"
32922571,5191864320,10027216896,673635,16174,2071572480,5212430336,1,25.915668376403932,2578315,414924,10436391,27551,"{""thermal_zone0"": 41000, ""thermal_zone1"": 41000}","{""cpu0"": 1600000, ""cpu1"": 1600000, ""cpu2"": 1600000, ""cpu3"": 1600000, ""cpu4"": 1600000, ""cpu5"": 1600000, ""cpu6"": 1600000, ""cpu7"": 1600000}"
33038144,5207986176,10027216896,675742,16236,2079567872,5204287488,1,17.30509757470615,2578315,414928,10436478,27551,"{""thermal_zone0"": 40000, ""thermal_zone1"": 41000}","{""cpu0"": 1600000, ""cpu1"": 1600000, ""cpu2"": 1600000, ""cpu3"": 1600000, ""cpu4"": 1600000, ""cpu5"": 1600000, ""cpu6"": 1600000, ""cpu7"": 1600000}"
33153744,5223976960,10027216896,677785,16297,2087432192,5196267520,1,34.60199919797756,2578316,414930,10436566,27551,"{""thermal_zone0"": 41000, ""thermal_zone1"": 41000}","{""cpu0"": 1600000, ""cpu1"": 1600000, ""cpu2"": 1600000, ""cpu3"": 1600000, ""cpu4"": 1600000, ""cpu5"": 1600000, ""cpu6"": 1600000, ""cpu7"": 1600000}"
33269396,5239705600,10027216896,679856,16357,2095427584,5188390912,1,25.93991554655229,2578318,414932,10436653,27551,"{""thermal_zone0"": 40000, ""thermal_zone1"": 41000}","{""cpu0"": 1600000, ""cpu1"": 1600000, ""cpu2"": 1600000, ""cpu3"": 1600000, ""cpu4"": 1600000, ""cpu5"": 1600000, ""cpu6"": 1600000, ""cpu7"": 1600000}"
33384916,5255958528,10027216896,681964,16419,2103554048,5180289024,1,17.31294325679385,2578320,414935,10436741,27551,"{""thermal_zone0"": 39000, ""thermal_zone1"": 40000}","{""cpu0"": 1600000, ""cpu1"": 1600000, ""cpu2"": 1600000, ""cpu3"": 1600000, ""cpu4"": 1600000, ""cpu5"": 1600000, ""cpu6"": 1600000, ""cpu7"": 1600000}"
33500560,5272473600,10027216896,684079,16482,2111455232,5172183040,1,25.94183137517328,2578323,414938,10436828,27551,"{""thermal_zone0"": 40000, ""thermal_zone1"": 41000}","{""cpu0"": 1600000, ""cpu1"": 1600000, ""cpu2"": 1600000, ""cpu3"": 1600000, ""cpu4"": 1600000, ""cpu5"": 1600000, ""cpu6"": 1600000, ""cpu7"": 1600000}"
33616127,5301309440,10027216896,687919,16552,2117595136,5157404672,1,43.26470927430615,2578324,414943,10436912,27552,"{""thermal_zone0"": 40000, ""thermal_zone1"": 42000}","{""cpu0"": 1600000, ""cpu1"": 1600000, ""cpu2"": 1600000, ""cpu3"": 1600000, ""cpu4"": 1600000, ""cpu5"": 1600000, ""cpu6"": 1600000, ""cpu7"": 1600000}"
33731772,5320314880,10027216896,690378,16619,2124750848,5147119616,1,25.941429613162263,2578328,414944,10436999,27553,"{""thermal_zone0"": 41000, ""thermal_zone1"": 41000}","{""cpu0"": 1600000, ""cpu1"": 1600000, ""cpu2"": 1600000, ""cpu3"": 1600000, ""cpu4"": 1600000, ""cpu5"": 1600000, ""cpu6"": 1600000, ""cpu7"": 1600000}"
33847697,5362913280,10027216896,695820,16673,2130071552,5124866048,1,43.13139667726416,2578331,414947,10437084,27554,"{""thermal_zone0"": 40000, ""thermal_zone1"": 42000}","{""cpu0"": 1600000, ""cpu1"": 1600000, ""cpu2"": 1600000, ""cpu3"": 1600000, ""cpu4"": 1600000, ""cpu5"": 1600000, ""cpu6"": 1600000, ""cpu7"": 1600000}"
33966764,5471178752,10027216896,709839,16676,2130190336,5070417920,1,100.78350355457117,2578336,414956,10437165,27554,"{""thermal_zone0"": 41000, ""thermal_zone1"": 42000}","{""cpu0"": 1600000, ""cpu1"": 1600000, ""cpu2"": 1600000, ""cpu3"": 1600000, ""cpu4"": 1600000, ""cpu5"": 1600000, ""cpu6"": 1600000, ""cpu7"": 1600000}"
34085710,5503815680,10027216896,714190,16729,2137268224,5055229952,1,42.03610871472597,2578338,414962,10437253,27554,"{""thermal_zone0"": 40000, ""thermal_zone1"": 42000}","{""cpu0"": 1600000, ""cpu1"": 1600000, ""cpu2"": 1600000, ""cpu3"": 1600000, ""cpu4"": 1600000, ""cpu5"": 1600000, ""cpu6"": 1600000, ""cpu7"": 1600000}"
34201368,5519806464,10027216896,716230,16789,2145132544,5047169024,1,17.292255212175366,2578339,414964,10437340,27554,"{""thermal_zone0"": 41000, ""thermal_zone1"": 40000}","{""cpu0"": 1600000, ""cpu1"": 1600000, ""cpu2"": 1600000, ""cpu3"": 1600000, ""cpu4"": 1600000, ""cpu5"": 1600000, ""cpu6"": 1600000, ""cpu7"": 1600000}"
34317284,5535797248,10027216896,718331,16851,2153127936,5039108096,1,34.50775919474557,2578340,414967,10437428,27554,"{""thermal_zone0"": 39000, ""thermal_zone1"": 41000}","{""cpu0"": 1600000, ""cpu1"": 1600000, ""cpu2"": 1600000, ""cpu3"": 1600000, ""cpu4"": 1600000, ""cpu5"": 1600000, ""cpu6"": 1600000, ""cpu7"": 1600000}"
34432843,5551525888,10027216896,720378,16911,2161123328,5031182336,1,17.30724411663601,2578342,414970,10437516,27554,"{""thermal_zone0"": 40000, ""thermal_zone1"": 40000}","{""cpu0"": 1600000, ""cpu1"": 1600000, ""cpu2"": 1600000, ""cpu3"": 1600000, ""cpu4"": 1600000, ""cpu5"": 1600000, ""cpu6"": 1600000, ""cpu7"": 1600000}"
34548514,5584293888,10027216896,724526,16962,2167115776,5013487616,1,43.225841874493135,2578343,414974,10437602,27555,"{""thermal_zone0"": 40000, ""thermal_zone1"": 41000}","{""cpu0"": 1600000, ""cpu1"": 1600000, ""cpu2"": 1600000, ""cpu3"": 1600000, ""cpu4"": 1600000, ""cpu5"": 1600000, ""cpu6"": 1600000, ""cpu7"": 1600000}"
34667945,5670146048,10027216896,735743,16997,2168717312,4970221568,1,75.35778305440417,2578347,414982,10437684,27556,"{""thermal_zone0"": 41000, ""thermal_zone1"": 42000}","{""cpu0"": 1600000, ""cpu1"": 1600000, ""cpu2"": 1600000, ""cpu3"": 1600000, ""cpu4"": 1600000, ""cpu5"": 1600000, ""cpu6"": 1600000, ""cpu7"": 1600000}"
34788541,5782212608,10027216896,750268,16997,2168717312,4916072448,1,107.79742204289448,2578353,414993,10437763,27556,"{""thermal_zone0"": 41000, ""thermal_zone1"": 42000}","{""cpu0"": 1600000, ""cpu1"": 1600000, ""cpu2"": 1600000, ""cpu3"": 1600000, ""cpu4"": 1600000, ""cpu5"": 1600000, ""cpu6"": 1600000, ""cpu7"": 1600000}"
34907998,5860855808,10027216896,760533,17019,2171731968,4877561856,1,75.34085521363615,2578358,415000,10437846,27556,"{""thermal_zone0"": 41000, ""thermal_zone1"": 41000}","{""cpu0"": 1600000, ""cpu1"": 1600000, ""cpu2"": 1600000, ""cpu3"": 1600000, ""cpu4"": 1600000, ""cpu5"": 1600000, ""cpu6"": 1600000, ""cpu7"": 1600000}"
35024497,5876846592,10027216896,762641,17081,2179854336,4869242880,1,25.75130571781048,2578360,415004,10437933,27556,"{""thermal_zone0"": 40000, ""thermal_zone1"": 40000}","{""cpu0"": 1600000, ""cpu1"": 1600000, ""cpu2"": 1600000, ""cpu3"": 1600000, ""cpu4"": 1600000, ""cpu5"": 1600000, ""cpu6"": 1600000, ""cpu7"": 1600000}"
35143484,5893361664,10027216896,764783,17144,2187984896,4861767680,1,50.4258255058515,2578361,415012,10438019,27556,"{""thermal_zone0"": 41000, ""thermal_zone1"": 41000}","{""cpu0"": 1600000, ""cpu1"": 1600000, ""cpu2"": 1600000, ""cpu3"": 1600000, ""cpu4"": 1600000, ""cpu5"": 1600000, ""cpu6"": 1600000, ""cpu7"": 1600000}"
35260079,5909221376,10027216896,766840,17206,2195980288,4853940224,1,25.730011456201833,2578363,415015,10438106,27556,"{""thermal_zone0"": 40000, ""thermal_zone1"": 41000}","{""cpu0"": 1600000, ""cpu1"": 1600000, ""cpu2"": 1600000, ""cpu3"": 1600000, ""cpu4"": 1600000, ""cpu5"": 1600000, ""cpu6"": 1600000, ""cpu7"": 1600000}"
35376735,5925343232,10027216896,768931,17269,2203906048,4845813760,1,34.2888289849712,2578365,415018,10438193,27557,"{""thermal_zone0"": 41000, ""thermal_zone1"": 40000}","{""cpu0"": 1600000, ""cpu1"": 1600000, ""cpu2"": 1600000, ""cpu3"": 1600000, ""cpu4"": 1600000, ""cpu5"": 1600000, ""cpu6"": 1600000, ""cpu7"": 1600000}"
35493604,5943169024,10027216896,771241,17339,2211581952,4836835328,1,34.226568916612635,2578368,415021,10438279,27558,"{""thermal_zone0"": 40000, ""thermal_zone1"": 41000}","{""cpu0"": 1600000, ""cpu1"": 1600000, ""cpu2"": 1600000, ""cpu3"": 1600000, ""cpu4"": 1600000, ""cpu5"": 1600000, ""cpu6"": 1600000, ""cpu7"": 1600000}"
35610150,5959684096,10027216896,773366,17403,2219769856,4828741632,1,42.901335645566604,2578369,415029,10438363,27558,"{""thermal_zone0"": 40000, ""thermal_zone1"": 41000}","{""cpu0"": 1600000, ""cpu1"": 1600000, ""cpu2"": 1600000, ""cpu3"": 1600000, ""cpu4"": 1600000, ""cpu5"": 1600000, ""cpu6"": 1600000, ""cpu7"": 1600000}"
35726839,5976199168,10027216896,775508,17466,2228027392,4820434944,1,34.279082948147845,2578370,415033,10438450,27558,"{""thermal_zone0"": 40000, ""thermal_zone1"": 41000}","{""cpu0"": 1600000, ""cpu1"": 1600000, ""cpu2"": 1600000, ""cpu3"": 1600000, ""cpu4"": 1600000, ""cpu5"": 1600000, ""cpu6"": 1600000, ""cpu7"": 1600000}"
35843460,5992714240,10027216896,777684,17530,2236416000,4812189696,1,34.299242004758796,2578371,415038,10438537,27558,"{""thermal_zone0"": 40000, ""thermal_zone1"": 40000}","{""cpu0"": 1600000, ""cpu1"": 1600000, ""cpu2"": 1600000, ""cpu3"": 1600000, ""cpu4"": 1600000, ""cpu5"": 1600000, ""cpu6"": 1600000, ""cpu7"": 1600000}"
35960334,6009884672,10027216896,779931,17597,2244222976,4803514368,1,34.22477521552667,2578374,415040,10438624,27558,"{""thermal_zone0"": 40000, ""thermal_zone1"": 42000}","{""cpu0"": 1600000, ""cpu1"": 1600000, ""cpu2"": 1600000, ""cpu3"": 1600000, ""cpu4"": 1600000, ""cpu5"": 1600000, ""cpu6"": 1600000, ""cpu7"": 1600000}"
36076968,6098620416,10027216896,791376,17614,2245193728,4754247680,1,77.16491307972713,2578378,415053,10438701,27559,"{""thermal_zone0"": 41000, ""thermal_zone1"": 42000}","{""cpu0"": 1600000, ""cpu1"": 1600000, ""cpu2"": 1600000, ""cpu3"": 1600000, ""cpu4"": 1600000, ""cpu5"": 1600000, ""cpu6"": 1600000, ""cpu7"": 1600000}"
36200495,6195875840,10027216896,803986,17628,2246520832,4707713024,1,89.04928409961403,2578384,415075,10438773,27559,"{""thermal_zone0"": 41000, ""thermal_zone1"": 42000}","{""cpu0"": 1600000, ""cpu1"": 1600000, ""cpu2"": 1600000, ""cpu3"": 1600000, ""cpu4"": 1600000, ""cpu5"": 1600000, ""cpu6"": 1600000, ""cpu7"": 1600000}"
36321775,6232576000,10027216896,808849,17683,2253017088,4691124224,1,57.71764811830615,2578386,415081,10438859,27559,"{""thermal_zone0"": 41000, ""thermal_zone1"": 41000}","{""cpu0"": 1600000, ""cpu1"": 1600000, ""cpu2"": 1600000, ""cpu3"": 1600000, ""cpu4"": 1600000, ""cpu5"": 1600000, ""cpu6"": 1600000, ""cpu7"": 1600000}"
36438584,6248304640,10027216896,810889,17743,2261012480,4683087872,1,34.24403928989848,2578388,415086,10438946,27559,"{""thermal_zone0"": 41000, ""thermal_zone1"": 42000}","{""cpu0"": 1600000, ""cpu1"": 1600000, ""cpu2"": 1600000, ""cpu3"": 1600000, ""cpu4"": 1600000, ""cpu5"": 1600000, ""cpu6"": 1600000, ""cpu7"": 1600000}"
36555129,6264295424,10027216896,812929,17803,2268868608,4675211264,1,25.741123630420994,2578390,415089,10439034,27559,"{""thermal_zone0"": 40000, ""thermal_zone1"": 40000}","{""cpu0"": 1600000, ""cpu1"": 1600000, ""cpu2"": 1600000, ""cpu3"": 1600000, ""cpu4"": 1600000, ""cpu5"": 1600000, ""cpu6"": 1600000, ""cpu7"": 1600000}"
36672166,6280941568,10027216896,815122,17868,2276753408,4666224640,1,42.72128173551482,2578391,415096,10439118,27559,"{""thermal_zone0"": 41000, ""thermal_zone1"": 40000}","{""cpu0"": 1600000, ""cpu1"": 1600000, ""cpu2"": 1600000, ""cpu3"": 1600000, ""cpu4"": 1600000, ""cpu5"": 1600000, ""cpu6"": 1600000, ""cpu7"": 1600000}"
36788811,6296932352,10027216896,817195,17929,2284486656,4657582080,1,34.292319476335706,2578392,415111,10439196,27559,"{""thermal_zone0"": 41000, ""thermal_zone1"": 42000}","{""cpu0"": 1600000, ""cpu1"": 1600000, ""cpu2"": 1600000, ""cpu3"": 1600000, ""cpu4"": 1600000, ""cpu5"": 1600000, ""cpu6"": 1600000, ""cpu7"": 1600000}"
36906372,6312660992,10027216896,819235,17989,2292416512,4644794368,1,42.53076130879334,2578394,415127,10439272,27559,"{""thermal_zone0"": 42000, ""thermal_zone1"": 43000}","{""cpu0"": 1600000, ""cpu1"": 1600000, ""cpu2"": 1600000, ""cpu3"": 1600000, ""cpu4"": 1600000, ""cpu5"": 1600000, ""cpu6"": 1600000, ""cpu7"": 1600000}"
37028567,6352375808,10027216896,824386,18058,2297163776,4628496384,1,57.285816821480914,2578396,415138,10439351,27562,"{""thermal_zone0"": 41000, ""thermal_zone1"": 42000}","{""cpu0"": 1600000, ""cpu1"": 1600000, ""cpu2"": 1600000, ""cpu3"": 1600000, ""cpu4"": 1600000, ""cpu5"": 1600000, ""cpu6"": 1600000, ""cpu7"": 1600000}"
37145063,6375051264,10027216896,827381,18131,2304004096,4617584640,1,34.3358234960126,2578398,415145,10439433,27564,"{""thermal_zone0"": 41000, ""thermal_zone1"": 40000}","{""cpu0"": 1600000, ""cpu1"": 1600000, ""cpu2"": 1600000, ""cpu3"": 1600000, ""cpu4"": 1600000, ""cpu5"": 1600000, ""cpu6"": 1600000, ""cpu7"": 1600000}"
37261597,6463918080,10027216896,838836,18154,2304991232,4571496448,1,85.81169007333544,2578403,415152,10439514,27564,"{""thermal_zone0"": 41000, ""thermal_zone1"": 42000}","{""cpu0"": 1600000, ""cpu1"": 1600000, ""cpu2"": 1600000, ""cpu3"": 1600000, ""cpu4"": 1600000, ""cpu5"": 1600000, ""cpu6"": 1600000, ""cpu7"": 1600000}"
37381221,6575984640,10027216896,853308,18160,2305028096,4515229696,1,100.31465782314935,2578411,415163,10439590,27564,"{""thermal_zone0"": 42000, ""thermal_zone1"": 42000}","{""cpu0"": 1600000, ""cpu1"": 1600000, ""cpu2"": 1600000, ""cpu3"": 1600000, ""cpu4"": 1600000, ""cpu5"": 1600000, ""cpu6"": 1600000, ""cpu7"": 1600000}"
37506629,6602854400,10027216896,856945,18225,2313285632,4502577152,1,39.86994996448864,2578413,415173,10439674,27565,"{""thermal_zone0"": 41000, ""thermal_zone1"": 41000}","{""cpu0"": 1600000, ""cpu1"": 1600000, ""cpu2"": 1600000, ""cpu3"": 1600000, ""cpu4"": 1600000, ""cpu5"": 1600000, ""cpu6"": 1600000, ""cpu7"": 1600000}"
37628447,6620418048,10027216896,859189,18291,2322067456,4494098432,1,32.835720844590895,2578415,415180,10439761,27565,"{""thermal_zone0"": 41000, ""thermal_zone1"": 41000}","{""cpu0"": 1600000, ""cpu1"": 1600000, ""cpu2"": 1600000, ""cpu3"": 1600000, ""cpu4"": 1600000, ""cpu5"": 1600000, ""cpu6"": 1600000, ""cpu7"": 1600000}"
37749800,6637719552,10027216896,861433,18357,2330718208,4485423104,1,41.20220519476084,2578417,415185,10439851,27565,"{""thermal_zone0"": 40000, ""thermal_zone1"": 41000}","{""cpu0"": 1600000, ""cpu1"": 1600000, ""cpu2"": 1600000, ""cpu3"": 1600000, ""cpu4"": 1600000, ""cpu5"": 1600000, ""cpu6"": 1600000, ""cpu7"": 1600000}"
37871144,6654758912,10027216896,863677,18423,2339237888,4476809216,1,41.20534603433734,2578418,415190,10439941,27565,"{""thermal_zone0"": 41000, ""thermal_zone1"": 41000}","{""cpu0"": 1600000, ""cpu1"": 1600000, ""cpu2"": 1600000, ""cpu3"": 1600000, ""cpu4"": 1600000, ""cpu5"": 1600000, ""cpu6"": 1600000, ""cpu7"": 1600000}"
37992764,6672322560,10027216896,865954,18490,2347888640,4467929088,1,41.11133036240386,2578421,415194,10440031,27565,"{""thermal_zone0"": 42000, ""thermal_zone1"": 41000}","{""cpu0"": 1600000, ""cpu1"": 1600000, ""cpu2"": 1600000, ""cpu3"": 1600000, ""cpu4"": 1600000, ""cpu5"": 1600000, ""cpu6"": 1600000, ""cpu7"": 1600000}"
38114079,6689361920,10027216896,868164,18558,2356408320,4459868160,1,32.9722019937763,2578423,415202,10440119,27565,"{""thermal_zone0"": 41000, ""thermal_zone1"": 40000}","{""cpu0"": 1600000, ""cpu1"": 1600000, ""cpu2"": 1600000, ""cpu3"": 1600000, ""cpu4"": 1600000, ""cpu5"": 1600000, ""cpu6"": 1600000, ""cpu7"": 1600000}"
38235065,6706663424,10027216896,870374,18623,2365059072,4451336192,1,33.06172629258084,2578424,415206,10440209,27565,"{""thermal_zone0"": 41000, ""thermal_zone1"": 41000}","{""cpu0"": 1600000, ""cpu1"": 1600000, ""cpu2"": 1600000, ""cpu3"": 1600000, ""cpu4"": 1600000, ""cpu5"": 1600000, ""cpu6"": 1600000, ""cpu7"": 1600000}"
38356225,6723964928,10027216896,872652,18690,2373709824,4442415104,1,24.76059108284948,2578425,415213,10440295,27565,"{""thermal_zone0"": 41000, ""thermal_zone1"": 40000}","{""cpu0"": 1600000, ""cpu1"": 1600000, ""cpu2"": 1600000, ""cpu3"": 1600000, ""cpu4"": 1600000, ""cpu5"": 1600000, ""cpu6"": 1600000, ""cpu7"": 1600000}"
38475892,6740742144,10027216896,874880,18756,2381193216,4433448960,1,33.42602956286633,2578428,415217,10440377,27573,"{""thermal_zone0"": 41000, ""thermal_zone1"": 40000}","{""cpu0"": 1600000, ""cpu1"": 1600000, ""cpu2"": 1600000, ""cpu3"": 1600000, ""cpu4"": 1600000, ""cpu5"": 1600000, ""cpu6"": 1600000, ""cpu7"": 1600000}"
38595240,6796578816,10027216896,882105,18802,2384175104,4405891072,1,67.0307177564631,2578433,415221,10440457,27576,"{""thermal_zone0"": 40000, ""thermal_zone1"": 40000}","{""cpu0"": 1600000, ""cpu1"": 1600000, ""cpu2"": 1600000, ""cpu3"": 1600000, ""cpu4"": 1600000, ""cpu5"": 1600000, ""cpu6"": 1600000, ""cpu7"": 1600000}"
38710897,6869323776,10027216896,891559,18833,2386178048,4369375232,1,69.17031683472273,2578435,415232,10440536,27576,"{""thermal_zone0"": 40000, ""thermal_zone1"": 41000}","{""cpu0"": 1600000, ""cpu1"": 1600000, ""cpu2"": 1600000, ""cpu3"": 1600000, ""cpu4"": 1600000, ""cpu5"": 1600000, ""cpu6"": 1600000, ""cpu7"": 1600000}"
38826757,6943117312,10027216896,901042,18873,2387517440,4331008000,1,77.68018116537327,2578440,415239,10440617,27577,"{""thermal_zone0"": 41000, ""thermal_zone1"": 43000}","{""cpu0"": 1600000, ""cpu1"": 1600000, ""cpu2"": 1600000, ""cpu3"": 1600000, ""cpu4"": 1600000, ""cpu5"": 1600000, ""cpu6"": 1600000, ""cpu7"": 1600000}"
38945488,6965137408,10027216896,903974,18932,2395447296,4321361920,1,25.267159148865638,2578442,415242,10440704,27577,"{""thermal_zone0"": 40000, ""thermal_zone1"": 41000}","{""cpu0"": 1600000, ""cpu1"": 1600000, ""cpu2"": 1600000, ""cpu3"": 1600000, ""cpu4"": 1600000, ""cpu5"": 1600000, ""cpu6"": 1600000, ""cpu7"": 1600000}"
39061014,6981390336,10027216896,906048,18993,2403442688,4313612288,1,43.280203882307,2578444,415256,10440783,27577,"{""thermal_zone0"": 41000, ""thermal_zone1"": 40000}","{""cpu0"": 1600000, ""cpu1"": 1600000, ""cpu2"": 1600000, ""cpu3"": 1600000, ""cpu4"": 1600000, ""cpu5"": 1600000, ""cpu6"": 1600000, ""cpu7"": 1600000}"
39179191,6997381120,10027216896,908156,19055,2411569152,4305575936,1,25.385749151227476,2578446,415272,10440859,27577,"{""thermal_zone0"": 41000, ""thermal_zone1"": 42000}","{""cpu0"": 1600000, ""cpu1"": 1600000, ""cpu2"": 1600000, ""cpu3"": 1600000, ""cpu4"": 1600000, ""cpu5"": 1600000, ""cpu6"": 1600000, ""cpu7"": 1600000}"
39296094,7013371904,10027216896,910230,19116,2419433472,4297617408,1,51.32461078986515,2578447,415276,10440945,27577,"{""thermal_zone0"": 41000, ""thermal_zone1"": 43000}","{""cpu0"": 1600000, ""cpu1"": 1600000, ""cpu2"": 1600000, ""cpu3"": 1600000, ""cpu4"": 1600000, ""cpu5"": 1600000, ""cpu6"": 1600000, ""cpu7"": 1600000}"
39412669,7029231616,10027216896,912310,19177,2427297792,4289236992,1,42.89083213524228,2578448,415283,10441031,27577,"{""thermal_zone0"": 41000, ""thermal_zone1"": 41000}","{""cpu0"": 1600000, ""cpu1"": 1600000, ""cpu2"": 1600000, ""cpu3"": 1600000, ""cpu4"": 1600000, ""cpu5"": 1600000, ""cpu6"": 1600000, ""cpu7"": 1600000}"
39529696,7045222400,10027216896,914384,19238,2435424256,4281225216,1,34.18006760304671,2578451,415287,10441118,27577,"{""thermal_zone0"": 40000, ""thermal_zone1"": 40000}","{""cpu0"": 1600000, ""cpu1"": 1600000, ""cpu2"": 1600000, ""cpu3"": 1600000, ""cpu4"": 1600000, ""cpu5"": 1600000, ""cpu6"": 1600000, ""cpu7"": 1600000}"
39646679,7061475328,10027216896,916458,19299,2443419648,4274577408,1,42.74118431445038,2578454,415295,10441193,27584,"{""thermal_zone0"": 41000, ""thermal_zone1"": 42000}","{""cpu0"": 1600000, ""cpu1"": 1600000, ""cpu2"": 1600000, ""cpu3"": 1600000, ""cpu4"": 1600000, ""cpu5"": 1600000, ""cpu6"": 1600000, ""cpu7"": 1600000}"
39763126,7073271808,10027216896,918022,19345,2449317888,4269240320,1,17.175258562568434,2578458,415298,10441259,27603,"{""thermal_zone0"": 41000, ""thermal_zone1"": 41000}","{""cpu0"": 1600000, ""cpu1"": 1600000, ""cpu2"": 1600000, ""cpu3"": 1600000, ""cpu4"": 1600000, ""cpu5"": 1600000, ""cpu6"": 1600000, ""cpu7"": 1600000}"
39881385,7088738304,10027216896,920028,19404,2457182208,4261679104,1,33.823946005887926,2578458,415304,10441345,27605,"{""thermal_zone0"": 40000, ""thermal_zone1"": 41000}","{""cpu0"": 1600000, ""cpu1"": 1600000, ""cpu2"": 1600000, ""cpu3"": 1600000, ""cpu4"": 1600000, ""cpu5"": 1600000, ""cpu6"": 1600000, ""cpu7"": 1600000}"
39998075,7105515520,10027216896,922258,19470,2464731136,4253077504,1,42.8487314063179,2578461,415308,10441431,27605,"{""thermal_zone0"": 40000, ""thermal_zone1"": 41000}","{""cpu0"": 1600000, ""cpu1"": 1600000, ""cpu2"": 1600000, ""cpu3"": 1600000, ""cpu4"": 1600000, ""cpu5"": 1600000, ""cpu6"": 1600000, ""cpu7"": 1600000}"
40114976,7168299008,10027216896,930343,19514,2466795520,4220805120,1,68.43347294674261,2578465,415318,10441509,27607,"{""thermal_zone0"": 41000, ""thermal_zone1"": 42000}","{""cpu0"": 1600000, ""cpu1"": 1600000, ""cpu2"": 1600000, ""cpu3"": 1600000, ""cpu4"": 1600000, ""cpu5"": 1600000, ""cpu6"": 1600000, ""cpu7"": 1600000}"
40233832,7271059456,10027216896,943682,19515,2466799616,4168007680,1,100.96322959563417,2578471,415326,10441589,27607,"{""thermal_zone0"": 42000, ""thermal_zone1"": 42000}","{""cpu0"": 1600000, ""cpu1"": 1600000, ""cpu2"": 1600000, ""cpu3"": 1600000, ""cpu4"": 1600000, ""cpu5"": 1600000, ""cpu6"": 1600000, ""cpu7"": 1600000}"
40354009,7323488256,10027216896,950529,19555,2471718912,4143984640,1,66.56840892141496,2578474,415335,10441672,27607,"{""thermal_zone0"": 41000, ""thermal_zone1"": 41000}","{""cpu0"": 1600000, ""cpu1"": 1600000, ""cpu2"": 1600000, ""cpu3"": 1600000, ""cpu4"": 1600000, ""cpu5"": 1600000, ""cpu6"": 1600000, ""cpu7"": 1600000}"
40470738,7339216896,10027216896,952603,19616,2479714304,4135849984,1,34.267434469656884,2578476,415340,10441758,27607,"{""thermal_zone0"": 41000, ""thermal_zone1"": 41000}","{""cpu0"": 1600000, ""cpu1"": 1600000, ""cpu2"": 1600000, ""cpu3"": 1600000, ""cpu4"": 1600000, ""cpu5"": 1600000, ""cpu6"": 1600000, ""cpu7"": 1600000}"
40587143,7355207680,10027216896,954677,19677,2487709696,4128088064,1,51.54394208687607,2578478,415344,10441845,27607,"{""thermal_zone0"": 41000, ""thermal_zone1"": 41000}","{""cpu0"": 1600000, ""cpu1"": 1600000, ""cpu2"": 1600000, ""cpu3"": 1600000, ""cpu4"": 1600000, ""cpu5"": 1600000, ""cpu6"": 1600000, ""cpu7"": 1600000}"
40703547,7370936320,10027216896,956683,19736,2495442944,4119252992,1,25.77240454833457,2578480,415350,10441928,27607,"{""thermal_zone0"": 41000, ""thermal_zone1"": 40000}","{""cpu0"": 1600000, ""cpu1"": 1600000, ""cpu2"": 1600000, ""cpu3"": 1600000, ""cpu4"": 1600000, ""cpu5"": 1600000, ""cpu6"": 1600000, ""cpu7"": 1600000}"
40819874,7386664960,10027216896,958723,19796,2503176192,4111806464,1,42.9823163271707,2578482,415354,10442014,27607,"{""thermal_zone0"": 41000, ""thermal_zone1"": 41000}","{""cpu0"": 1600000, ""cpu1"": 1600000, ""cpu2"": 1600000, ""cpu3"": 1600000, ""cpu4"": 1600000, ""cpu5"": 1600000, ""cpu6"": 1600000, ""cpu7"": 1600000}"
40936481,7402262528,10027216896,960796,19857,2511171584,4103905280,1,42.87884739462807,2578484,415356,10442101,27607,"{""thermal_zone0"": 41000, ""thermal_zone1"": 41000}","{""cpu0"": 1600000, ""cpu1"": 1600000, ""cpu2"": 1600000, ""cpu3"": 1600000, ""cpu4"": 1600000, ""cpu5"": 1600000, ""cpu6"": 1600000, ""cpu7"": 1600000}"
41052741,7418253312,10027216896,962870,19918,2519166976,4095893504,1,34.405854121672945,2578486,415361,10442187,27607,"{""thermal_zone0"": 41000, ""thermal_zone1"": 41000}","{""cpu0"": 1600000, ""cpu1"": 1600000, ""cpu2"": 1600000, ""cpu3"": 1600000, ""cpu4"": 1600000, ""cpu5"": 1600000, ""cpu6"": 1600000, ""cpu7"": 1600000}"
41169122,7433981952,10027216896,964910,19978,2527031296,4088016896,1,34.36968945335834,2578488,415364,10442274,27607,"{""thermal_zone0"": 40000, ""thermal_zone1"": 41000}","{""cpu0"": 1600000, ""cpu1"": 1600000, ""cpu2"": 1600000, ""cpu3"": 1600000, ""cpu4"": 1600000, ""cpu5"": 1600000, ""cpu6"": 1600000, ""cpu7"": 1600000}"
41287034,7449972736,10027216896,966984,20039,2535026688,4080783360,1,50.88527875740184,2578489,415372,10442358,27607,"{""thermal_zone0"": 41000, ""thermal_zone1"": 41000}","{""cpu0"": 1600000, ""cpu1"": 1600000, ""cpu2"": 1600000, ""cpu3"": 1600000, ""cpu4"": 1600000, ""cpu5"": 1600000, ""cpu6"": 1600000, ""cpu7"": 1600000}"
41403614,7466225664,10027216896,969088,20102,2542575616,4072464384,1,25.73343241734151,2578491,415375,10442444,27607,"{""thermal_zone0"": 41000, ""thermal_zone1"": 41000}","{""cpu0"": 1600000, ""cpu1"": 1600000, ""cpu2"": 1600000, ""cpu3"": 1600000, ""cpu4"": 1600000, ""cpu5"": 1600000, ""cpu6"": 1600000, ""cpu7"": 1600000}"
41520436,7541460992,10027216896,978819,20131,2544979968,4032008192,1,85.60026664825462,2578495,415381,10442526,27608,"{""thermal_zone0"": 41000, ""thermal_zone1"": 41000}","{""cpu0"": 1600000, ""cpu1"": 1600000, ""cpu2"": 1600000, ""cpu3"": 1600000, ""cpu4"": 1600000, ""cpu5"": 1600000, ""cpu6"": 1600000, ""cpu7"": 1600000}"
41642412,7584976896,10027216896,984518,20184,2550083584,4012126208,1,49.190102184074966,2578499,415390,10442610,27609,"{""thermal_zone0"": 41000, ""thermal_zone1"": 41000}","{""cpu0"": 1600000, ""cpu1"": 1600000, ""cpu2"": 1600000, ""cpu3"": 1600000, ""cpu4"": 1600000, ""cpu5"": 1600000, ""cpu6"": 1600000, ""cpu7"": 1600000}"
41759504,7620104192,10027216896,989055,20263,2555015168,3994230784,1,51.24173192237175,2578502,415398,10442690,27612,"{""thermal_zone0"": 40000, ""thermal_zone1"": 41000}","{""cpu0"": 1600000, ""cpu1"": 1600000, ""cpu2"": 1600000, ""cpu3"": 1600000, ""cpu4"": 1600000, ""cpu5"": 1600000, ""cpu6"": 1600000, ""cpu7"": 1600000}"
41878121,7636094976,10027216896,991101,20325,2563010560,3986919424,1,42.152507333145245,2578504,415403,10442777,27612,"{""thermal_zone0"": 41000, ""thermal_zone1"": 40000}","{""cpu0"": 1600000, ""cpu1"": 1600000, ""cpu2"": 1600000, ""cpu3"": 1600000, ""cpu4"": 1600000, ""cpu5"": 1600000, ""cpu6"": 1600000, ""cpu7"": 1600000}"
41994942,7651823616,10027216896,993082,20390,2570440704,3978887168,1,25.68039148626883,2578506,415406,10442863,27613,"{""thermal_zone0"": 41000, ""thermal_zone1"": 40000}","{""cpu0"": 1600000, ""cpu1"": 1600000, ""cpu2"": 1600000, ""cpu3"": 1600000, ""cpu4"": 1600000, ""cpu5"": 1600000, ""cpu6"": 1600000, ""cpu7"": 1600000}"
42111289,7668338688,10027216896,995240,20456,2578194432,3970490368,1,42.974912535309265,2578508,415408,10442949,27613,"{""thermal_zone0"": 40000, ""thermal_zone1"": 41000}","{""cpu0"": 1600000, ""cpu1"": 1600000, ""cpu2"": 1600000, ""cpu3"": 1600000, ""cpu4"": 1600000, ""cpu5"": 1600000, ""cpu6"": 1600000, ""cpu7"": 1600000}"
42227749,7684460544,10027216896,997352,20519,2586075136,3962404864,1,34.346436725057984,2578509,415412,10443036,27613,"{""thermal_zone0"": 41000, ""thermal_zone1"": 40000}","{""cpu0"": 1600000, ""cpu1"": 1600000, ""cpu2"": 1600000, ""cpu3"": 1600000, ""cpu4"": 1600000, ""cpu5"": 1600000, ""cpu6"": 1600000, ""cpu7"": 1600000}"
42345091,7700451328,10027216896,999426,20580,2594070528,3954135040,1,34.08829039357803,2578511,415419,10443120,27613,"{""thermal_zone0"": 40000, ""thermal_zone1"": 41000}","{""cpu0"": 1600000, ""cpu1"": 1600000, ""cpu2"": 1600000, ""cpu3"": 1600000, ""cpu4"": 1600000, ""cpu5"": 1600000, ""cpu6"": 1600000, ""cpu7"": 1600000}"
42461655,7716442112,10027216896,1001500,20641,2602065920,3945517056,1,34.316099819460426,2578514,415423,10443204,27615,"{""thermal_zone0"": 41000, ""thermal_zone1"": 42000}","{""cpu0"": 1600000, ""cpu1"": 1600000, ""cpu2"": 1600000, ""cpu3"": 1600000, ""cpu4"": 1600000, ""cpu5"": 1600000, ""cpu6"": 1600000, ""cpu7"": 1600000}"
42578111,7732695040,10027216896,1003608,20703,2610061312,3937382400,1,42.93444386993388,2578516,415428,10443279,27627,"{""thermal_zone0"": 41000, ""thermal_zone1"": 41000}","{""cpu0"": 1600000, ""cpu1"": 1600000, ""cpu2"": 1600000, ""cpu3"": 1600000, ""cpu4"": 1600000, ""cpu5"": 1600000, ""cpu6"": 1600000, ""cpu7"": 1600000}"
42694589,7748685824,10027216896,1005662,20764,2618056704,3929477120,1,34.34151021289899,2578517,415432,10443354,27638,"{""thermal_zone0"": 41000, ""thermal_zone1"": 40000}","{""cpu0"": 1600000, ""cpu1"": 1600000, ""cpu2"": 1600000, ""cpu3"": 1600000, ""cpu4"": 1600000, ""cpu5"": 1600000, ""cpu6"": 1600000, ""cpu7"": 1600000}"
42811080,7757598720,10027216896,1007755,20825,2626052096,3920879616,1,42.92148301861743,2578520,415442,10443423,27650,"{""thermal_zone0"": 41000, ""thermal_zone1"": 42000}","{""cpu0"": 1600000, ""cpu1"": 1600000, ""cpu2"": 1600000, ""cpu3"": 1600000, ""cpu4"": 1600000, ""cpu5"": 1600000, ""cpu6"": 1600000, ""cpu7"": 1600000}"
42930909,7759040512,10027216896,1009897,20888,2634309632,3913568256,1,41.72616748606568,2578521,415452,10443495,27662,"{""thermal_zone0"": 41000, ""thermal_zone1"": 41000}","{""cpu0"": 1600000, ""cpu1"": 1600000, ""cpu2"": 1600000, ""cpu3"": 1600000, ""cpu4"": 1600000, ""cpu5"": 1600000, ""cpu6"": 1600000, ""cpu7"": 1600000}"
43047208,7775293440,10027216896,1011971,20949,2642305024,3905466368,1,42.992787805071664,2578523,415456,10443570,27674,"{""thermal_zone0"": 41000, ""thermal_zone1"": 41000}","{""cpu0"": 1600000, ""cpu1"": 1600000, ""cpu2"": 1600000, ""cpu3"": 1600000, ""cpu4"": 1600000, ""cpu5"": 1600000, ""cpu6"": 1600000, ""cpu7"": 1600000}"
43163594,7791022080,10027216896,1014045,21010,2650300416,3897331712,1,34.3684834133403,2578524,415462,10443644,27685,"{""thermal_zone0"": 41000, ""thermal_zone1"": 41000}","{""cpu0"": 1600000, ""cpu1"": 1600000, ""cpu2"": 1600000, ""cpu3"": 1600000, ""cpu4"": 1600000, ""cpu5"": 1600000, ""cpu6"": 1600000, ""cpu7"": 1600000}"
43279844,7805046784,10027216896,1016162,21073,2658111488,3888582656,1,25.806249602691285,2578525,415468,10443719,27696,"{""thermal_zone0"": 41000, ""thermal_zone1"": 42000}","{""cpu0"": 1600000, ""cpu1"": 1600000, ""cpu2"": 1600000, ""cpu3"": 1600000, ""cpu4"": 1600000, ""cpu5"": 1600000, ""cpu6"": 1600000, ""cpu7"": 1600000}"
43400066,7775555584,10027216896,1018355,21139,2665844736,3882188800,1,58.22593850106506,2578527,415490,10443782,27699,"{""thermal_zone0"": 42000, ""thermal_zone1"": 43000}","{""cpu0"": 1600000, ""cpu1"": 1600000, ""cpu2"": 1600000, ""cpu3"": 1600000, ""cpu4"": 1600000, ""cpu5"": 1600000, ""cpu6"": 1600000, ""cpu7"": 1600000}"
43519632,7771099136,10027216896,1020401,21201,2673971200,3874762752,1,41.81783080691327,2578530,415499,10443864,27699,"{""thermal_zone0"": 42000, ""thermal_zone1"": 42000}","{""cpu0"": 1600000, ""cpu1"": 1600000, ""cpu2"": 1600000, ""cpu3"": 1600000, ""cpu4"": 1600000, ""cpu5"": 1600000, ""cpu6"": 1600000, ""cpu7"": 1600000}"
43635949,7787089920,10027216896,1022414,21262,2681966592,3866742784,1,34.38887107354318,2578531,415504,10443951,27699,"{""thermal_zone0"": 41000, ""thermal_zone1"": 41000}","{""cpu0"": 1600000, ""cpu1"": 1600000, ""cpu2"": 1600000, ""cpu3"": 1600000, ""cpu4"": 1600000, ""cpu5"": 1600000, ""cpu6"": 1600000, ""cpu7"": 1600000}"
43752004,7803080704,10027216896,1024447,21324,2689961984,3858706432,1,34.46634313340143,2578532,415508,10444037,27699,"{""thermal_zone0"": 41000, ""thermal_zone1"": 41000}","{""cpu0"": 1600000, ""cpu1"": 1600000, ""cpu2"": 1600000, ""cpu3"": 1600000, ""cpu4"": 1600000, ""cpu5"": 1600000, ""cpu6"": 1600000, ""cpu7"": 1600000}"
43868193,7816318976,10027216896,1026176,21376,2696908800,3850985472,1,25.81995506071248,2578533,415518,10444113,27705,"{""thermal_zone0"": 42000, ""thermal_zone1"": 41000}","{""cpu0"": 1600000, ""cpu1"": 1600000, ""cpu2"": 1600000, ""cpu3"": 1600000, ""cpu4"": 1600000, ""cpu5"": 1600000, ""cpu6"": 1600000, ""cpu7"": 1600000}"
43987119,7802818560,10027216896,1028222,21438,2705166336,3842502656,1,33.63442449712857,2578535,415535,10444189,27705,"{""thermal_zone0"": 42000, ""thermal_zone1"": 42000}","{""cpu0"": 1600000, ""cpu1"": 1600000, ""cpu2"": 1600000, ""cpu3"": 1600000, ""cpu4"": 1600000, ""cpu5"": 1600000, ""cpu6"": 1600000, ""cpu7"": 1600000}"
44107648,7774244864,10027216896,1030301,21501,2713292800,3835809792,1,58.07731208641799,2578537,415553,10444265,27705,"{""thermal_zone0"": 42000, ""thermal_zone1"": 42000}","{""cpu0"": 1600000, ""cpu1"": 1600000, ""cpu2"": 1600000, ""cpu3"": 1600000, ""cpu4"": 1600000, ""cpu5"": 1600000, ""cpu6"": 1600000, ""cpu7"": 1600000}"
44223883,7790235648,10027216896,1032314,21562,2721288192,3828416512,1,34.412970303568166,2578538,415565,10444343,27705,"{""thermal_zone0"": 42000, ""thermal_zone1"": 41000}","{""cpu0"": 1600000, ""cpu1"": 1600000, ""cpu2"": 1600000, ""cpu3"": 1600000, ""cpu4"": 1600000, ""cpu5"": 1600000, ""cpu6"": 1600000, ""cpu7"": 1600000}"
44340266,7806226432,10027216896,1034327,21623,2729283584,3820396544,1,34.36936933066512,2578540,415568,10444430,27705,"{""thermal_zone0"": 41000, ""thermal_zone1"": 41000}","{""cpu0"": 1600000, ""cpu1"": 1600000, ""cpu2"": 1600000, ""cpu3"": 1600000, ""cpu4"": 1600000, ""cpu5"": 1600000, ""cpu6"": 1600000, ""cpu7"": 1600000}"
44456489,7816843264,10027216896,1036340,21684,2737278976,3812376576,1,25.812411004722197,2578542,415574,10444516,27705,"{""thermal_zone0"": 41000, ""thermal_zone1"": 41000}","{""cpu0"": 1600000, ""cpu1"": 1600000, ""cpu2"": 1600000, ""cpu3"": 1600000, ""cpu4"": 1600000, ""cpu5"": 1600000, ""cpu6"": 1600000, ""cpu7"": 1600000}"
44576162,7787483136,10027216896,1038407,21747,2745536512,3804241920,1,58.492578403159634,2578545,415590,10444591,27705,"{""thermal_zone0"": 42000, ""thermal_zone1"": 42000}","{""cpu0"": 1600000, ""cpu1"": 1600000, ""cpu2"": 1600000, ""cpu3"": 1600000, ""cpu4"": 1600000, ""cpu5"": 1600000, ""cpu6"": 1600000, ""cpu7"": 1600000}"
44695347,7785910272,10027216896,1040432,21808,2753531904,3796594688,1,41.951756822110795,2578546,415600,10444674,27705,"{""thermal_zone0"": 42000, ""thermal_zone1"": 42000}","{""cpu0"": 1600000, ""cpu1"": 1600000, ""cpu2"": 1600000, ""cpu3"": 1600000, ""cpu4"": 1600000, ""cpu5"": 1600000, ""cpu6"": 1600000, ""cpu7"": 1600000}"
44811434,7801638912,10027216896,1042445,21869,2761527296,3786883072,1,43.071022479369624,2578548,415612,10444754,27705,"{""thermal_zone0"": 41000, ""thermal_zone1"": 41000}","{""cpu0"": 1600000, ""cpu1"": 1600000, ""cpu2"": 1600000, ""cpu3"": 1600000, ""cpu4"": 1600000, ""cpu5"": 1600000, ""cpu6"": 1600000, ""cpu7"": 1600000}"
44932813,7812124672,10027216896,1044560,21932,2769719296,3778433024,1,32.95474890330921,2578550,415629,10444830,27705,"{""thermal_zone0"": 41000, ""thermal_zone1"": 42000}","{""cpu0"": 1600000, ""cpu1"": 1600000, ""cpu2"": 1600000, ""cpu3"": 1600000, ""cpu4"": 1600000, ""cpu5"": 1600000, ""cpu6"": 1600000, ""cpu7"": 1600000}"
45052789,7782109184,10027216896,1046634,21993,2777714688,3770245120,1,41.675014519366684,2578552,415648,10444905,27705,"{""thermal_zone0"": 42000, ""thermal_zone1"": 43000}","{""cpu0"": 1600000, ""cpu1"": 1600000, ""cpu2"": 1600000, ""cpu3"": 1600000, ""cpu4"": 1600000, ""cpu5"": 1600000, ""cpu6"": 1600000, ""cpu7"": 1600000}"
45172320,7781322752,10027216896,1048776,22056,2785972224,3762130944,1,50.1961250448722,2578554,415657,10444989,27705,"{""thermal_zone0"": 42000, ""thermal_zone1"": 42000}","{""cpu0"": 1600000, ""cpu1"": 1600000, ""cpu2"": 1600000, ""cpu3"": 1600000, ""cpu4"": 1600000, ""cpu5"": 1600000, ""cpu6"": 1600000, ""cpu7"": 1600000}"
45288450,7797051392,10027216896,1050816,22116,2793836544,3753996288,1,34.44410936066722,2578556,415661,10445075,27705,"{""thermal_zone0"": 41000, ""thermal_zone1"": 42000}","{""cpu0"": 1600000, ""cpu1"": 1600000, ""cpu2"": 1600000, ""cpu3"": 1600000, ""cpu4"": 1600000, ""cpu5"": 1600000, ""cpu6"": 1600000, ""cpu7"": 1600000}"
45404715,7813042176,10027216896,1052889,22177,2801700864,3746111488,1,34.404090701430945,2578558,415665,10445162,27705,"{""thermal_zone0"": 41000, ""thermal_zone1"": 41000}","{""cpu0"": 1600000, ""cpu1"": 1600000, ""cpu2"": 1600000, ""cpu3"": 1600000, ""cpu4"": 1600000, ""cpu5"": 1600000, ""cpu6"": 1600000, ""cpu7"": 1600000}"
45520929,7804784640,10027216896,1054938,22238,2809696256,3739635712,1,43.02412477120093,2578561,415678,10445241,27705,"{""thermal_zone0"": 42000, ""thermal_zone1"": 42000}","{""cpu0"": 1600000, ""cpu1"": 1600000, ""cpu2"": 1600000, ""cpu3"": 1600000, ""cpu4"": 1600000, ""cpu5"": 1600000, ""cpu6"": 1600000, ""cpu7"": 1600000}"
45640413,7775817728,10027216896,1057037,22299,2817691648,3731759104,1,50.21613232586939,2578563,415694,10445315,27705,"{""thermal_zone0"": 42000, ""thermal_zone1"": 42000}","{""cpu0"": 1600000, ""cpu1"": 1600000, ""cpu2"": 1600000, ""cpu3"": 1600000, ""cpu4"": 1600000, ""cpu5"": 1600000, ""cpu6"": 1600000, ""cpu7"": 1600000}"
45756495,7791546368,10027216896,1059077,22359,2825555968,3723882496,1,43.07273852724228,2578564,415698,10445402,27705,"{""thermal_zone0"": 41000, ""thermal_zone1"": 43000}","{""cpu0"": 1600000, ""cpu1"": 1600000, ""cpu2"": 1600000, ""cpu3"": 1600000, ""cpu4"": 1600000, ""cpu5"": 1600000, ""cpu6"": 1600000, ""cpu7"": 1600000}"
45872535,7807275008,10027216896,1061117,22419,2833420288,3716005888,1,34.47086023065832,2578566,415702,10445488,27705,"{""thermal_zone0"": 41000, ""thermal_zone1"": 42000}","{""cpu0"": 1600000, ""cpu1"": 1600000, ""cpu2"": 1600000, ""cpu3"": 1600000, ""cpu4"": 1600000, ""cpu5"": 1600000, ""cpu6"": 1600000, ""cpu7"": 1600000}"
45988846,7815008256,10027216896,1063288,22485,2841141248,3707129856,1,34.39062021970379,2578568,415711,10445572,27705,"{""thermal_zone0"": 42000, ""thermal_zone1"": 41000}","{""cpu0"": 1600000, ""cpu1"": 1600000, ""cpu2"": 1600000, ""cpu3"": 1600000, ""cpu4"": 1600000, ""cpu5"": 1600000, ""cpu6"": 1600000, ""cpu7"": 1600000}"
46108959,7785648128,10027216896,1065411,22550,2848993280,3699146752,1,58.278493756362714,2578570,415729,10445647,27705,"{""thermal_zone0"": 41000, ""thermal_zone1"": 42000}","{""cpu0"": 1600000, ""cpu1"": 1600000, ""cpu2"": 1600000, ""cpu3"": 1600000, ""cpu4"": 1600000, ""cpu5"": 1600000, ""cpu6"": 1600000, ""cpu7"": 1600000}"
46228303,7787483136,10027216896,1067487,22612,2857250816,3691290624,1,41.895793012996705,2578572,415738,10445731,27705,"{""thermal_zone0"": 42000, ""thermal_zone1"": 42000}","{""cpu0"": 1600000, ""cpu1"": 1600000, ""cpu2"": 1600000, ""cpu3"": 1600000, ""cpu4"": 1600000, ""cpu5"": 1600000, ""cpu6"": 1600000, ""cpu7"": 1600000}"
46344528,7803211776,10027216896,1069467,22672,2865115136,3683414016,1,34.416005218292376,2578573,415742,10445817,27705,"{""thermal_zone0"": 41000, ""thermal_zone1"": 41000}","{""cpu0"": 1600000, ""cpu1"": 1600000, ""cpu2"": 1600000, ""cpu3"": 1600000, ""cpu4"": 1600000, ""cpu5"": 1600000, ""cpu6"": 1600000, ""cpu7"": 1600000}"
46461076,7819202560,10027216896,1071480,22733,2873110528,3675394048,1,42.90072202344173,2578575,415745,10445904,27705,"{""thermal_zone0"": 41000, ""thermal_zone1"": 41000}","{""cpu0"": 1600000, ""cpu1"": 1600000, ""cpu2"": 1600000, ""cpu3"": 1600000, ""cpu4"": 1600000, ""cpu5"": 1600000, ""cpu6"": 1600000, ""cpu7"": 1600000}"
46577421,7796133888,10027216896,1073460,22793,2880974848,3666817024,1,42.97571297202042,2578577,415762,10445980,27705,"{""thermal_zone0"": 42000, ""thermal_zone1"": 42000}","{""cpu0"": 1600000, ""cpu1"": 1600000, ""cpu2"": 1600000, ""cpu3"": 1600000, ""cpu4"": 1600000, ""cpu5"": 1600000, ""cpu6"": 1600000, ""cpu7"": 1600000}"
46696913,7782240256,10027216896,1075506,22855,2889101312,3658493952,1,41.843683580474966,2578578,415774,10446059,27705,"{""thermal_zone0"": 41000, ""thermal_zone1"": 43000}","{""cpu0"": 1600000, ""cpu1"": 1600000, ""cpu2"": 1600000, ""cpu3"": 1600000, ""cpu4"": 1600000, ""cpu5"": 1600000, ""cpu6"": 1600000, ""cpu7"": 1600000}"
46813115,7797968896,10027216896,1077519,22916,2897096704,3650617344,1,34.42286639415001,2578579,415778,10446146,27705,"{""thermal_zone0"": 41000, ""thermal_zone1"": 41000}","{""cpu0"": 1600000, ""cpu1"": 1600000, ""cpu2"": 1600000, ""cpu3"": 1600000, ""cpu4"": 1600000, ""cpu5"": 1600000, ""cpu6"": 1600000, ""cpu7"": 1600000}"
46929348,7813959680,10027216896,1079532,22977,2905092096,3642597376,1,43.01682980985778,2578581,415782,10446233,27705,"{""thermal_zone0"": 41000, ""thermal_zone1"": 41000}","{""cpu0"": 1600000, ""cpu1"": 1600000, ""cpu2"": 1600000, ""cpu3"": 1600000, ""cpu4"": 1600000, ""cpu5"": 1600000, ""cpu6"": 1600000, ""cpu7"": 1600000}"
47045621,7803604992,10027216896,1081545,23038,2913087488,3634663424,1,43.002308699348994,2578583,415794,10446312,27705,"{""thermal_zone0"": 42000, ""thermal_zone1"": 43000}","{""cpu0"": 1600000, ""cpu1"": 1600000, ""cpu2"": 1600000, ""cpu3"": 1600000, ""cpu4"": 1600000, ""cpu5"": 1600000, ""cpu6"": 1600000, ""cpu7"": 1600000}"
47165136,7776997376,10027216896,1083558,23099,2921082880,3626684416,1,41.83587920137549,2578586,415808,10446388,27705,"{""thermal_zone0"": 42000, ""thermal_zone1"": 42000}","{""cpu0"": 1600000, ""cpu1"": 1600000, ""cpu2"": 1600000, ""cpu3"": 1600000, ""cpu4"": 1600000, ""cpu5"": 1600000, ""cpu6"": 1600000, ""cpu7"": 1600000}"
47281356,7792726016,10027216896,1085571,23160,2929078272,3618807808,1,43.02185732344815,2578587,415811,10446475,27705,"{""thermal_zone0"": 42000, ""thermal_zone1"": 41000}","{""cpu0"": 1600000, ""cpu1"": 1600000, ""cpu2"": 1600000, ""cpu3"": 1600000, ""cpu4"": 1600000, ""cpu5"": 1600000, ""cpu6"": 1600000, ""cpu7"": 1600000}"
47397549,7808454656,10027216896,1087551,23220,2936942592,3610931200,1,25.81901064597848,2578588,415816,10446561,27705,"{""thermal_zone0"": 41000, ""thermal_zone1"": 41000}","{""cpu0"": 1600000, ""cpu1"": 1600000, ""cpu2"": 1600000, ""cpu3"": 1600000, ""cpu4"": 1600000, ""cpu5"": 1600000, ""cpu6"": 1600000, ""cpu7"": 1600000}"
47513772,7813304320,10027216896,1089564,23281,2944937984,3602780160,1,43.02087008660041,2578590,415823,10446645,27705,"{""thermal_zone0"": 42000, ""thermal_zone1"": 42000}","{""cpu0"": 1600000, ""cpu1"": 1600000, ""cpu2"": 1600000, ""cpu3"": 1600000, ""cpu4"": 1600000, ""cpu5"": 1600000, ""cpu6"": 1600000, ""cpu7"": 1600000}"
47633932,7783682048,10027216896,1091756,23346,2953392128,3594473472,1,49.933369743636916,2578592,415840,10446720,27705,"{""thermal_zone0"": 42000, ""thermal_zone1"": 43000}","{""cpu0"": 1600000, ""cpu1"": 1600000, ""cpu2"": 1600000, ""cpu3"": 1600000, ""cpu4"": 1600000, ""cpu5"": 1600000, ""cpu6"": 1600000, ""cpu7"": 1600000}"
47753186,7789056000,10027216896,1093966,23411,2961911808,3585519616,1,41.92724941328265,2578592,415848,10446805,27705,"{""thermal_zone0"": 42000, ""thermal_zone1"": 42000}","{""cpu0"": 1600000, ""cpu1"": 1600000, ""cpu2"": 1600000, ""cpu3"": 1600000, ""cpu4"": 1600000, ""cpu5"": 1600000, ""cpu6"": 1600000, ""cpu7"": 1600000}"
47869692,7805571072,10027216896,1096108,23474,2970169344,3577274368,1,42.91623360610606,2578595,415852,10446892,27705,"{""thermal_zone0"": 41000, ""thermal_zone1"": 41000}","{""cpu0"": 1600000, ""cpu1"": 1600000, ""cpu2"": 1600000, ""cpu3"": 1600000, ""cpu4"": 1600000, ""cpu5"": 1600000, ""cpu6"": 1600000, ""cpu7"": 1600000}"
47986334,7816450048,10027216896,1098216,23536,2978426880,3568734208,1,34.293079165376064,2578598,415856,10446978,27705,"{""thermal_zone0"": 42000, ""thermal_zone1"": 42000}","{""cpu0"": 1600000, ""cpu1"": 1600000, ""cpu2"": 1600000, ""cpu3"": 1600000, ""cpu4"": 1600000, ""cpu5"": 1600000, ""cpu6"": 1600000, ""cpu7"": 1600000}"
48106238,7786827776,10027216896,1100425,23601,2986684416,3559841792,1,50.03987302182061,2578601,415874,10447053,27705,"{""thermal_zone0"": 42000, ""thermal_zone1"": 42000}","{""cpu0"": 1600000, ""cpu1"": 1600000, ""cpu2"": 1600000, ""cpu3"": 1600000, ""cpu4"": 1600000, ""cpu5"": 1600000, ""cpu6"": 1600000, ""cpu7"": 1600000}"
48225393,7786303488,10027216896,1102601,23665,2995073024,3551563776,1,41.96211351550665,2578603,415883,10447136,27705,"{""thermal_zone0"": 41000, ""thermal_zone1"": 42000}","{""cpu0"": 1600000, ""cpu1"": 1600000, ""cpu2"": 1600000, ""cpu3"": 1600000, ""cpu4"": 1600000, ""cpu5"": 1600000, ""cpu6"": 1600000, ""cpu7"": 1600000}"
48341938,7802818560,10027216896,1104743,23728,3003330560,3543257088,1,34.321559133703936,2578604,415887,10447223,27705,"{""thermal_zone0"": 41000, ""thermal_zone1"": 42000}","{""cpu0"": 1600000, ""cpu1"": 1600000, ""cpu2"": 1600000, ""cpu3"": 1600000, ""cpu4"": 1600000, ""cpu5"": 1600000, ""cpu6"": 1600000, ""cpu7"": 1600000}"
48458196,7816056832,10027216896,1106851,23790,3011588096,3534376960,1,34.406211621752526,2578605,415899,10447300,27706,"{""thermal_zone0"": 42000, ""thermal_zone1"": 42000}","{""cpu0"": 1600000, ""cpu1"": 1600000, ""cpu2"": 1600000, ""cpu3"": 1600000, ""cpu4"": 1600000, ""cpu5"": 1600000, ""cpu6"": 1600000, ""cpu7"": 1600000}"
48580514,7793119232,10027216896,1109078,23857,3019911168,3525664768,1,49.05265346159425,2578608,415917,10447376,27706,"{""thermal_zone0"": 42000, ""thermal_zone1"": 42000}","{""cpu0"": 1600000, ""cpu1"": 1600000, ""cpu2"": 1600000, ""cpu3"": 1600000, ""cpu4"": 1600000, ""cpu5"": 1600000, ""cpu6"": 1600000, ""cpu7"": 1600000}"
48696830,7809241088,10027216896,1111201,23926,3027316736,3517550592,1,42.98615018910382,2578611,415921,10447461,27707,"{""thermal_zone0"": 41000, ""thermal_zone1"": 41000}","{""cpu0"": 1600000, ""cpu1"": 1600000, ""cpu2"": 1600000, ""cpu3"": 1600000, ""cpu4"": 1600000, ""cpu5"": 1600000, ""cpu6"": 1600000, ""cpu7"": 1600000}"
48812978,7804522496,10027216896,1113275,23987,3035312128,3508604928,1,25.829143265140004,2578613,415928,10447543,27707,"{""thermal_zone0"": 42000, ""thermal_zone1"": 42000}","{""cpu0"": 1600000, ""cpu1"": 1600000, ""cpu2"": 1600000, ""cpu3"": 1600000, ""cpu4"": 1600000, ""cpu5"": 1600000, ""cpu6"": 1600000, ""cpu7"": 1600000}"
48931490,7798099968,10027216896,1115383,24049,3043438592,3500699648,1,25.313902943964724,2578615,415937,10447627,27707,"{""thermal_zone0"": 42000, ""thermal_zone1"": 42000}","{""cpu0"": 1600000, ""cpu1"": 1600000, ""cpu2"": 1600000, ""cpu3"": 1600000, ""cpu4"": 1600000, ""cpu5"": 1600000, ""cpu6"": 1600000, ""cpu7"": 1600000}"
49047038,7811993600,10027216896,1117423,24109,3051302912,3492917248,1,25.963234484866536,2578616,415942,10447713,27707,"{""thermal_zone0"": 41000, ""thermal_zone1"": 41000}","{""cpu0"": 1600000, ""cpu1"": 1600000, ""cpu2"": 1600000, ""cpu3"": 1600000, ""cpu4"": 1600000, ""cpu5"": 1600000, ""cpu6"": 1600000, ""cpu7"": 1600000}"
49232551,7788400640,10027216896,1120687,24205,3063885824,3481739264,1,48.514179144805524,2578618,415962,10447830,27713,"{""thermal_zone0"": 41000, ""thermal_zone1"": 43000}","{""cpu0"": 1600000, ""cpu1"": 1600000, ""cpu2"": 1600000, ""cpu3"": 1600000, ""cpu4"": 1600000, ""cpu5"": 1600000, ""cpu6"": 1600000, ""cpu7"": 1600000}"
49365047,7804915712,10027216896,1122829,24268,3072143360,3473702912,1,37.736973191193854,2578620,415968,10447926,27716,"{""thermal_zone0"": 41000, ""thermal_zone1"": 40000}","{""cpu0"": 1600000, ""cpu1"": 1600000, ""cpu2"": 1600000, ""cpu3"": 1600000, ""cpu4"": 1600000, ""cpu5"": 1600000, ""cpu6"": 1600000, ""cpu7"": 1600000}"
49481076,7819857920,10027216896,1124876,24329,3080138752,3465904128,1,25.855716929128914,2578623,415975,10448010,27716,"{""thermal_zone0"": 41000, ""thermal_zone1"": 42000}","{""cpu0"": 1600000, ""cpu1"": 1600000, ""cpu2"": 1600000, ""cpu3"": 1600000, ""cpu4"": 1600000, ""cpu5"": 1600000, ""cpu6"": 1600000, ""cpu7"": 1600000}"
49601111,7790891008,10027216896,1127011,24391,3088265216,3456798720,1,41.65451604433654,2578624,415991,10448087,27716,"{""thermal_zone0"": 42000, ""thermal_zone1"": 41000}","{""cpu0"": 1600000, ""cpu1"": 1600000, ""cpu2"": 1600000, ""cpu3"": 1600000, ""cpu4"": 1600000, ""cpu5"": 1600000, ""cpu6"": 1600000, ""cpu7"": 1600000}"
49719610,7792988160,10027216896,1129119,24453,3096391680,3449827328,1,25.31654649394312,2578626,415998,10448172,27716,"{""thermal_zone0"": 41000, ""thermal_zone1"": 41000}","{""cpu0"": 1600000, ""cpu1"": 1600000, ""cpu2"": 1600000, ""cpu3"": 1600000, ""cpu4"": 1600000, ""cpu5"": 1600000, ""cpu6"": 1600000, ""cpu7"": 1600000}"
49834799,7808847872,10027216896,1131159,24513,3104256000,3442065408,1,26.044244413843803,2578628,416003,10448260,27716,"{""thermal_zone0"": 41000, ""thermal_zone1"": 40000}","{""cpu0"": 1600000, ""cpu1"": 1600000, ""cpu2"": 1600000, ""cpu3"": 1600000, ""cpu4"": 1600000, ""cpu5"": 1600000, ""cpu6"": 1600000, ""cpu7"": 1600000}"
49949936,7824969728,10027216896,1133233,24574,3112251392,3433590784,1,26.055780666885198,2578630,416006,10448347,27716,"{""thermal_zone0"": 41000, ""thermal_zone1"": 41000}","{""cpu0"": 1600000, ""cpu1"": 1600000, ""cpu2"": 1600000, ""cpu3"": 1600000, ""cpu4"": 1600000, ""cpu5"": 1600000, ""cpu6"": 1600000, ""cpu7"": 1600000}"
50067420,7800459264,10027216896,1135341,24636,3120377856,3425255424,1,34.04725837771521,2578632,416020,10448423,27716,"{""thermal_zone0"": 41000, ""thermal_zone1"": 42000}","{""cpu0"": 1600000, ""cpu1"": 1600000, ""cpu2"": 1600000, ""cpu3"": 1600000, ""cpu4"": 1600000, ""cpu5"": 1600000, ""cpu6"": 1600000, ""cpu7"": 1600000}"
50186205,7788400640,10027216896,1137456,24698,3128442880,3417305088,1,25.255787883641833,2578635,416030,10448505,27716,"{""thermal_zone0"": 41000, ""thermal_zone1"": 42000}","{""cpu0"": 1600000, ""cpu1"": 1600000, ""cpu2"": 1600000, ""cpu3"": 1600000, ""cpu4"": 1600000, ""cpu5"": 1600000, ""cpu6"": 1600000, ""cpu7"": 1600000}"
50301469,7803998208,10027216896,1139481,24760,3136307200,3409428480,1,26.02707252797728,2578636,416033,10448593,27716,"{""thermal_zone0"": 41000, ""thermal_zone1"": 41000}","{""cpu0"": 1600000, ""cpu1"": 1600000, ""cpu2"": 1600000, ""cpu3"": 1600000, ""cpu4"": 1600000, ""cpu5"": 1600000, ""cpu6"": 1600000, ""cpu7"": 1600000}"
50416710,7819988992,10027216896,1141555,24821,3144433664,3401469952,1,26.032511674084613,2578638,416035,10448680,27716,"{""thermal_zone0"": 41000, ""thermal_zone1"": 41000}","{""cpu0"": 1600000, ""cpu1"": 1600000, ""cpu2"": 1600000, ""cpu3"": 1600000, ""cpu4"": 1600000, ""cpu5"": 1600000, ""cpu6"": 1600000, ""cpu7"": 1600000}"
50531890,7806619648,10027216896,1143578,24881,3152297984,3393409024,1,26.04615691559326,2578638,416046,10448760,27716,"{""thermal_zone0"": 42000, ""thermal_zone1"": 41000}","{""cpu0"": 1600000, ""cpu1"": 1600000, ""cpu2"": 1600000, ""cpu3"": 1600000, ""cpu4"": 1600000, ""cpu5"": 1600000, ""cpu6"": 1600000, ""cpu7"": 1600000}"
50650641,7782764544,10027216896,1145669,24942,3160293376,3385638912,1,25.263045567258445,2578640,416061,10448838,27716,"{""thermal_zone0"": 41000, ""thermal_zone1"": 41000}","{""cpu0"": 1600000, ""cpu1"": 1600000, ""cpu2"": 1600000, ""cpu3"": 1600000, ""cpu4"": 1600000, ""cpu5"": 1600000, ""cpu6"": 1600000, ""cpu7"": 1600000}"
50766038,7798362112,10027216896,1147758,25003,3168227328,3377958912,1,34.66271788984466,2578642,416064,10448926,27716,"{""thermal_zone0"": 41000, ""thermal_zone1"": 42000}","{""cpu0"": 1600000, ""cpu1"": 1600000, ""cpu2"": 1600000, ""cpu3"": 1600000, ""cpu4"": 1600000, ""cpu5"": 1600000, ""cpu6"": 1600000, ""cpu7"": 1600000}"
50881213,7781060608,10027216896,1149832,25064,3176222720,3369598976,1,26.047504292237996,2578643,416076,10449004,27716,"{""thermal_zone0"": 42000, ""thermal_zone1"": 43000}","{""cpu0"": 1600000, ""cpu1"": 1600000, ""cpu2"": 1600000, ""cpu3"": 1600000, ""cpu4"": 1600000, ""cpu5"": 1600000, ""cpu6"": 1600000, ""cpu7"": 1600000}"
50999577,7761399808,10027216896,1151940,25126,3184218112,3361529856,1,33.793798907177816,2578646,416087,10449084,27716,"{""thermal_zone0"": 42000, ""thermal_zone1"": 43000}","{""cpu0"": 1600000, ""cpu1"": 1600000, ""cpu2"": 1600000, ""cpu3"": 1600000, ""cpu4"": 1600000, ""cpu5"": 1600000, ""cpu6"": 1600000, ""cpu7"": 1600000}"
51114758,7777128448,10027216896,1153980,25186,3192213504,3353395200,1,26.046166413228782,2578647,416090,10449171,27716,"{""thermal_zone0"": 41000, ""thermal_zone1"": 42000}","{""cpu0"": 1600000, ""cpu1"": 1600000, ""cpu2"": 1600000, ""cpu3"": 1600000, ""cpu4"": 1600000, ""cpu5"": 1600000, ""cpu6"": 1600000, ""cpu7"": 1600000}"
51230202,7793119232,10027216896,1156054,25247,3200045056,3345633280,1,25.986510973856713,2578649,416092,10449258,27716,"{""thermal_zone0"": 41000, ""thermal_zone1"": 40000}","{""cpu0"": 1600000, ""cpu1"": 1600000, ""cpu2"": 1600000, ""cpu3"": 1600000, ""cpu4"": 1600000, ""cpu5"": 1600000, ""cpu6"": 1600000, ""cpu7"": 1600000}"
51345781,7776735232,10027216896,1158151,25318,3207421952,3337412608,1,34.6084484500455,2578650,416105,10449334,27717,"{""thermal_zone0"": 41000, ""thermal_zone1"": 42000}","{""cpu0"": 1600000, ""cpu1"": 1600000, ""cpu2"": 1600000, ""cpu3"": 1600000, ""cpu4"": 1600000, ""cpu5"": 1600000, ""cpu6"": 1600000, ""cpu7"": 1600000}"
51464671,7760351232,10027216896,1160361,25383,3215941632,3329646592,1,25.23335045500273,2578653,416116,10449415,27717,"{""thermal_zone0"": 42000, ""thermal_zone1"": 42000}","{""cpu0"": 1600000, ""cpu1"": 1600000, ""cpu2"": 1600000, ""cpu3"": 1600000, ""cpu4"": 1600000, ""cpu5"": 1600000, ""cpu6"": 1600000, ""cpu7"": 1600000}"
51580012,7777128448,10027216896,1162503,25446,3224199168,3321028608,1,26.009857423845347,2578655,416119,10449501,27717,"{""thermal_zone0"": 41000, ""thermal_zone1"": 41000}","{""cpu0"": 1600000, ""cpu1"": 1600000, ""cpu2"": 1600000, ""cpu3"": 1600000, ""cpu4"": 1600000, ""cpu5"": 1600000, ""cpu6"": 1600000, ""cpu7"": 1600000}"
51695322,7793643520,10027216896,1164645,25509,3232456704,3312291840,1,26.01685895929477,2578656,416123,10449589,27717,"{""thermal_zone0"": 41000, ""thermal_zone1"": 40000}","{""cpu0"": 1600000, ""cpu1"": 1600000, ""cpu2"": 1600000, ""cpu3"": 1600000, ""cpu4"": 1600000, ""cpu5"": 1600000, ""cpu6"": 1600000, ""cpu7"": 1600000}"
51811470,7777914880,10027216896,1166821,25573,3240845312,3303776256,1,25.82897670243521,2578657,416135,10449667,27717,"{""thermal_zone0"": 41000, ""thermal_zone1"": 42000}","{""cpu0"": 1600000, ""cpu1"": 1600000, ""cpu2"": 1600000, ""cpu3"": 1600000, ""cpu4"": 1600000, ""cpu5"": 1600000, ""cpu6"": 1600000, ""cpu7"": 1600000}"
51926903,7787352064,10027216896,1168963,25636,3249102848,3295383552,1,25.98908096484948,2578659,416140,10449751,27717,"{""thermal_zone0"": 41000, ""thermal_zone1"": 43000}","{""cpu0"": 1600000, ""cpu1"": 1600000, ""cpu2"": 1600000, ""cpu3"": 1600000, ""cpu4"": 1600000, ""cpu5"": 1600000, ""cpu6"": 1600000, ""cpu7"": 1600000}"
52045399,7794561024,10027216896,1171173,25701,3257622528,3286507520,1,25.317498948079013,2578661,416148,10449836,27717,"{""thermal_zone0"": 42000, ""thermal_zone1"": 43000}","{""cpu0"": 1600000, ""cpu1"": 1600000, ""cpu2"": 1600000, ""cpu3"": 1600000, ""cpu4"": 1600000, ""cpu5"": 1600000, ""cpu6"": 1600000, ""cpu7"": 1600000}"
52163933,7797182464,10027216896,1173349,25765,3266011136,3278639104,1,33.74534544123077,2578663,416162,10449913,27717,"{""thermal_zone0"": 42000, ""thermal_zone1"": 42000}","{""cpu0"": 1600000, ""cpu1"": 1600000, ""cpu2"": 1600000, ""cpu3"": 1600000, ""cpu4"": 1600000, ""cpu5"": 1600000, ""cpu6"": 1600000, ""cpu7"": 1600000}"
52587790,7845285888,10027216896,1181015,25991,3295240192,3248832512,1,37.74858929452037,2578666,416220,10450161,27747,"{""thermal_zone0"": 42000, ""thermal_zone1"": 44000}","{""cpu0"": 1600000, ""cpu1"": 1600000, ""cpu2"": 1600000, ""cpu3"": 1600000, ""cpu4"": 1600000, ""cpu5"": 1600000, ""cpu6"": 1600000, ""cpu7"": 1600000}"
52813562,7847251968,10027216896,1183788,26072,3306250240,3243085824,1,62.009634454622265,2578668,416257,10450291,27758,"{""thermal_zone0"": 43000, ""thermal_zone1"": 44000}","{""cpu0"": 1600000, ""cpu1"": 1600000, ""cpu2"": 1600000, ""cpu3"": 1600000, ""cpu4"": 1600000, ""cpu5"": 1600000, ""cpu6"": 1600000, ""cpu7"": 1600000}"
52937953,7820120064,10027216896,1185826,26136,3314638848,3235278848,1,48.23508080509559,2578670,416274,10450366,27759,"{""thermal_zone0"": 43000, ""thermal_zone1"": 43000}","{""cpu0"": 1600000, ""cpu1"": 1600000, ""cpu2"": 1600000, ""cpu3"": 1600000, ""cpu4"": 1600000, ""cpu5"": 1600000, ""cpu6"": 1600000, ""cpu7"": 1600000}"
53057148,7821824000,10027216896,1187989,26199,3322896384,3227566080,1,41.947724108610444,2578672,416284,10450449,27759,"{""thermal_zone0"": 42000, ""thermal_zone1"": 41000}","{""cpu0"": 1600000, ""cpu1"": 1600000, ""cpu2"": 1600000, ""cpu3"": 1600000, ""cpu4"": 1600000, ""cpu5"": 1600000, ""cpu6"": 1600000, ""cpu7"": 1600000}"
53174189,7838339072,10027216896,1190131,26263,3331153920,3219320832,1,42.720156403619015,2578675,416288,10450535,27759,"{""thermal_zone0"": 41000, ""thermal_zone1"": 42000}","{""cpu0"": 1600000, ""cpu1"": 1600000, ""cpu2"": 1600000, ""cpu3"": 1600000, ""cpu4"": 1600000, ""cpu5"": 1600000, ""cpu6"": 1600000, ""cpu7"": 1600000}"
53290414,7829557248,10027216896,1192273,26325,3339411456,3210174464,1,51.62398917217801,2578677,416300,10450614,27759,"{""thermal_zone0"": 43000, ""thermal_zone1"": 44000}","{""cpu0"": 1600000, ""cpu1"": 1600000, ""cpu2"": 1600000, ""cpu3"": 1600000, ""cpu4"": 1600000, ""cpu5"": 1600000, ""cpu6"": 1600000, ""cpu7"": 1600000}"
53409614,7821824000,10027216896,1194484,26390,3347931136,3204501504,1,50.3358082135908,2578679,416312,10450694,27759,"{""thermal_zone0"": 42000, ""thermal_zone1"": 43000}","{""cpu0"": 1600000, ""cpu1"": 1600000, ""cpu2"": 1600000, ""cpu3"": 1600000, ""cpu4"": 1600000, ""cpu5"": 1600000, ""cpu6"": 1600000, ""cpu7"": 1600000}"
53526153,7837552640,10027216896,1196524,26450,3355795456,3194732544,1,34.32320365781008,2578682,416318,10450773,27765,"{""thermal_zone0"": 42000, ""thermal_zone1"": 43000}","{""cpu0"": 1600000, ""cpu1"": 1600000, ""cpu2"": 1600000, ""cpu3"": 1600000, ""cpu4"": 1600000, ""cpu5"": 1600000, ""cpu6"": 1600000, ""cpu7"": 1600000}"
53642309,7830212608,10027216896,1198666,26513,3364052992,3186356224,1,43.045422304433245,2578683,416329,10450840,27777,"{""thermal_zone0"": 43000, ""thermal_zone1"": 43000}","{""cpu0"": 1600000, ""cpu1"": 1600000, ""cpu2"": 1600000, ""cpu3"": 1600000, ""cpu4"": 1600000, ""cpu5"": 1600000, ""cpu6"": 1600000, ""cpu7"": 1600000}"
53761579,7821299712,10027216896,1200842,26577,3372441600,3177914368,1,41.92178623834697,2578685,416342,10450909,27788,"{""thermal_zone0"": 42000, ""thermal_zone1"": 43000}","{""cpu0"": 1600000, ""cpu1"": 1600000, ""cpu2"": 1600000, ""cpu3"": 1600000, ""cpu4"": 1600000, ""cpu5"": 1600000, ""cpu6"": 1600000, ""cpu7"": 1600000}"
53878044,7837552640,10027216896,1202984,26640,3380699136,3168014336,1,51.5175357362978,2578687,416348,10450981,27800,"{""thermal_zone0"": 43000, ""thermal_zone1"": 42000}","{""cpu0"": 1600000, ""cpu1"": 1600000, ""cpu2"": 1600000, ""cpu3"": 1600000, ""cpu4"": 1600000, ""cpu5"": 1600000, ""cpu6"": 1600000, ""cpu7"": 1600000}"
53999283,7827197952,10027216896,1205059,26705,3388375040,3159597056,1,41.241088532797384,2578691,416369,10451044,27808,"{""thermal_zone0"": 42000, ""thermal_zone1"": 43000}","{""cpu0"": 1600000, ""cpu1"": 1600000, ""cpu2"": 1600000, ""cpu3"": 1600000, ""cpu4"": 1600000, ""cpu5"": 1600000, ""cpu6"": 1600000, ""cpu7"": 1600000}"
54119493,7820513280,10027216896,1207079,26768,3396501504,3151261696,1,41.59356009238329,2578692,416381,10451114,27819,"{""thermal_zone0"": 42000, ""thermal_zone1"": 44000}","{""cpu0"": 1600000, ""cpu1"": 1600000, ""cpu2"": 1600000, ""cpu3"": 1600000, ""cpu4"": 1600000, ""cpu5"": 1600000, ""cpu6"": 1600000, ""cpu7"": 1600000}"
54235755,7836372992,10027216896,1209092,26829,3404496896,3143385088,1,43.00656227672337,2578694,416386,10451188,27831,"{""thermal_zone0"": 42000, ""thermal_zone1"": 43000}","{""cpu0"": 1600000, ""cpu1"": 1600000, ""cpu2"": 1600000, ""cpu3"": 1600000, ""cpu4"": 1600000, ""cpu5"": 1600000, ""cpu6"": 1600000, ""cpu7"": 1600000}"
54351910,7829557248,10027216896,1211105,26890,3412492288,3135266816,1,43.04586997175382,2578695,416399,10451256,27842,"{""thermal_zone0"": 42000, ""thermal_zone1"": 43000}","{""cpu0"": 1600000, ""cpu1"": 1600000, ""cpu2"": 1600000, ""cpu3"": 1600000, ""cpu4"": 1600000, ""cpu5"": 1600000, ""cpu6"": 1600000, ""cpu7"": 1600000}"
54471055,7819595776,10027216896,1213151,26952,3420618752,3127132160,1,41.965649890167924,2578697,416410,10451325,27854,"{""thermal_zone0"": 42000, ""thermal_zone1"": 41000}","{""cpu0"": 1600000, ""cpu1"": 1600000, ""cpu2"": 1600000, ""cpu3"": 1600000, ""cpu4"": 1600000, ""cpu5"": 1600000, ""cpu6"": 1600000, ""cpu7"": 1600000}"
54587385,7835848704,10027216896,1215164,27013,3428614144,3118788608,1,34.385015656615145,2578698,416415,10451399,27866,"{""thermal_zone0"": 42000, ""thermal_zone1"": 42000}","{""cpu0"": 1600000, ""cpu1"": 1600000, ""cpu2"": 1600000, ""cpu3"": 1600000, ""cpu4"": 1600000, ""cpu5"": 1600000, ""cpu6"": 1600000, ""cpu7"": 1600000}"
54703437,7830212608,10027216896,1217177,27074,3436609536,3110506496,1,43.08422825307207,2578699,416427,10451468,27878,"{""thermal_zone0"": 42000, ""thermal_zone1"": 44000}","{""cpu0"": 1600000, ""cpu1"": 1600000, ""cpu2"": 1600000, ""cpu3"": 1600000, ""cpu4"": 1600000, ""cpu5"": 1600000, ""cpu6"": 1600000, ""cpu7"": 1600000}"
54822662,7819202560,10027216896,1219223,27136,3444736000,3102912512,1,41.93718386912056,2578700,416441,10451536,27889,"{""thermal_zone0"": 42000, ""thermal_zone1"": 43000}","{""cpu0"": 1600000, ""cpu1"": 1600000, ""cpu2"": 1600000, ""cpu3"": 1600000, ""cpu4"": 1600000, ""cpu5"": 1600000, ""cpu6"": 1600000, ""cpu7"": 1600000}"
54938921,7835062272,10027216896,1221236,27197,3452731392,3094642688,1,43.00748707880908,2578702,416445,10451610,27901,"{""thermal_zone0"": 41000, ""thermal_zone1"": 42000}","{""cpu0"": 1600000, ""cpu1"": 1600000, ""cpu2"": 1600000, ""cpu3"": 1600000, ""cpu4"": 1600000, ""cpu5"": 1600000, ""cpu6"": 1600000, ""cpu7"": 1600000}"
55055133,7830081536,10027216896,1223249,27258,3460857856,3086004224,1,43.024741558337034,2578704,416456,10451679,27913,"{""thermal_zone0"": 43000, ""thermal_zone1"": 44000}","{""cpu0"": 1600000, ""cpu1"": 1600000, ""cpu2"": 1600000, ""cpu3"": 1600000, ""cpu4"": 1600000, ""cpu5"": 1600000, ""cpu6"": 1600000, ""cpu7"": 1600000}"
55174272,7819857920,10027216896,1225394,27323,3469246464,3078430720,1,41.967866195295905,2578706,416468,10451747,27924,"{""thermal_zone0"": 41000, ""thermal_zone1"": 43000}","{""cpu0"": 1600000, ""cpu1"": 1600000, ""cpu2"": 1600000, ""cpu3"": 1600000, ""cpu4"": 1600000, ""cpu5"": 1600000, ""cpu6"": 1600000, ""cpu7"": 1600000}"
55290664,7836110848,10027216896,1227440,27385,3477372928,3070152704,1,34.36658918003165,2578708,416472,10451822,27936,"{""thermal_zone0"": 41000, ""thermal_zone1"": 42000}","{""cpu0"": 1600000, ""cpu1"": 1600000, ""cpu2"": 1600000, ""cpu3"": 1600000, ""cpu4"": 1600000, ""cpu5"": 1600000, ""cpu6"": 1600000, ""cpu7"": 1600000}"
55406842,7830343680,10027216896,1229453,27446,3485368320,3061424128,1,43.037409596908525,2578710,416483,10451890,27948,"{""thermal_zone0"": 42000, ""thermal_zone1"": 44000}","{""cpu0"": 1600000, ""cpu1"": 1600000, ""cpu2"": 1600000, ""cpu3"": 1600000, ""cpu4"": 1600000, ""cpu5"": 1600000, ""cpu6"": 1600000, ""cpu7"": 1600000}"
55526339,7801507840,10027216896,1231532,27509,3493625856,3052965888,1,41.84218101732552,2578712,416500,10451953,27960,"{""thermal_zone0"": 43000, ""thermal_zone1"": 44000}","{""cpu0"": 1600000, ""cpu1"": 1600000, ""cpu2"": 1600000, ""cpu3"": 1600000, ""cpu4"": 1600000, ""cpu5"": 1600000, ""cpu6"": 1600000, ""cpu7"": 1600000}"
55643571,7815270400,10027216896,1233479,27570,3501490176,3046383616,1,42.650358807232564,2578714,416505,10452018,27981,"{""thermal_zone0"": 42000, ""thermal_zone1"": 42000}","{""cpu0"": 1600000, ""cpu1"": 1600000, ""cpu2"": 1600000, ""cpu3"": 1600000, ""cpu4"": 1600000, ""cpu5"": 1600000, ""cpu6"": 1600000, ""cpu7"": 1600000}"
55759645,7830999040,10027216896,1235459,27630,3509485568,3038507008,1,25.845683915952627,2578716,416509,10452081,28004,"{""thermal_zone0"": 41000, ""thermal_zone1"": 43000}","{""cpu0"": 1600000, ""cpu1"": 1600000, ""cpu2"": 1600000, ""cpu3"": 1600000, ""cpu4"": 1600000, ""cpu5"": 1600000, ""cpu6"": 1600000, ""cpu7"": 1600000}"
55875960,7839780864,10027216896,1237472,27691,3517612032,3029909504,1,42.98648907996594,2578717,416516,10452142,28028,"{""thermal_zone0"": 41000, ""thermal_zone1"": 42000}","{""cpu0"": 1600000, ""cpu1"": 1600000, ""cpu2"": 1600000, ""cpu3"": 1600000, ""cpu4"": 1600000, ""cpu5"": 1600000, ""cpu6"": 1600000, ""cpu7"": 1600000}"
55995449,7816056832,10027216896,1239551,27754,3525738496,3022221312,1,50.21406633082327,2578719,416532,10452195,28051,"{""thermal_zone0"": 42000, ""thermal_zone1"": 44000}","{""cpu0"": 1600000, ""cpu1"": 1600000, ""cpu2"": 1600000, ""cpu3"": 1600000, ""cpu4"": 1600000, ""cpu5"": 1600000, ""cpu6"": 1600000, ""cpu7"": 1600000}"
56111890,7832047616,10027216896,1241564,27815,3533733888,3014176768,1,34.352004231617286,2578722,416535,10452258,28074,"{""thermal_zone0"": 41000, ""thermal_zone1"": 41000}","{""cpu0"": 1600000, ""cpu1"": 1600000, ""cpu2"": 1600000, ""cpu3"": 1600000, ""cpu4"": 1600000, ""cpu5"": 1600000, ""cpu6"": 1600000, ""cpu7"": 1600000}"
56228099,7840174080,10027216896,1243577,27876,3541729280,3004932096,1,34.42100289051233,2578724,416543,10452319,28098,"{""thermal_zone0"": 42000, ""thermal_zone1"": 42000}","{""cpu0"": 1600000, ""cpu1"": 1600000, ""cpu2"": 1600000, ""cpu3"": 1600000, ""cpu4"": 1600000, ""cpu5"": 1600000, ""cpu6"": 1600000, ""cpu7"": 1600000}"
56347784,7818022912,10027216896,1245689,27940,3550117888,2997030912,1,50.131521299417045,2578726,416558,10452372,28121,"{""thermal_zone0"": 42000, ""thermal_zone1"": 42000}","{""cpu0"": 1600000, ""cpu1"": 1600000, ""cpu2"": 1600000, ""cpu3"": 1600000, ""cpu4"": 1600000, ""cpu5"": 1600000, ""cpu6"": 1600000, ""cpu7"": 1600000}"
56464346,7834013696,10027216896,1247735,28002,3558113280,2988945408,1,34.31656585889474,2578728,416562,10452436,28144,"{""thermal_zone0"": 41000, ""thermal_zone1"": 43000}","{""cpu0"": 1600000, ""cpu1"": 1600000, ""cpu2"": 1600000, ""cpu3"": 1600000, ""cpu4"": 1600000, ""cpu5"": 1600000, ""cpu6"": 1600000, ""cpu7"": 1600000}"
56580522,7835455488,10027216896,1249774,28063,3565977600,2980909056,1,43.038089371880695,2578730,416571,10452495,28167,"{""thermal_zone0"": 43000, ""thermal_zone1"": 44000}","{""cpu0"": 1600000, ""cpu1"": 1600000, ""cpu2"": 1600000, ""cpu3"": 1600000, ""cpu4"": 1600000, ""cpu5"": 1600000, ""cpu6"": 1600000, ""cpu7"": 1600000}"
56703875,7818809344,10027216896,1251738,28127,3573768192,2972590080,1,40.53393241404537,2578732,416590,10452569,28172,"{""thermal_zone0"": 42000, ""thermal_zone1"": 42000}","{""cpu0"": 1600000, ""cpu1"": 1600000, ""cpu2"": 1600000, ""cpu3"": 1600000, ""cpu4"": 1600000, ""cpu5"": 1600000, ""cpu6"": 1600000, ""cpu7"": 1600000}"
56820232,7834800128,10027216896,1253812,28188,3581632512,2964602880,1,34.37685242892143,2578734,416594,10452655,28172,"{""thermal_zone0"": 41000, ""thermal_zone1"": 42000}","{""cpu0"": 1600000, ""cpu1"": 1600000, ""cpu2"": 1600000, ""cpu3"": 1600000, ""cpu4"": 1600000, ""cpu5"": 1600000, ""cpu6"": 1600000, ""cpu7"": 1600000}"
56936499,7832571904,10027216896,1255886,28249,3589758976,2956308480,1,34.40362228170207,2578736,416601,10452737,28172,"{""thermal_zone0"": 43000, ""thermal_zone1"": 44000}","{""cpu0"": 1600000, ""cpu1"": 1600000, ""cpu2"": 1600000, ""cpu3"": 1600000, ""cpu4"": 1600000, ""cpu5"": 1600000, ""cpu6"": 1600000, ""cpu7"": 1600000}"
57055551,7820906496,10027216896,1257960,28311,3597754368,2948009984,1,41.99854935330592,2578739,416614,10452817,28172,"{""thermal_zone0"": 42000, ""thermal_zone1"": 41000}","{""cpu0"": 1600000, ""cpu1"": 1600000, ""cpu2"": 1600000, ""cpu3"": 1600000, ""cpu4"": 1600000, ""cpu5"": 1600000, ""cpu6"": 1600000, ""cpu7"": 1600000}"
57171923,7836766208,10027216896,1260034,28371,3605749760,2939875328,1,34.372544242835154,2578740,416618,10452904,28172,"{""thermal_zone0"": 41000, ""thermal_zone1"": 42000}","{""cpu0"": 1600000, ""cpu1"": 1600000, ""cpu2"": 1600000, ""cpu3"": 1600000, ""cpu4"": 1600000, ""cpu5"": 1600000, ""cpu6"": 1600000, ""cpu7"": 1600000}"
57288208,7829426176,10027216896,1262108,28432,3613745152,2932404224,1,42.9978559205141,2578742,416629,10452984,28172,"{""thermal_zone0"": 42000, ""thermal_zone1"": 43000}","{""cpu0"": 1600000, ""cpu1"": 1600000, ""cpu2"": 1600000, ""cpu3"": 1600000, ""cpu4"": 1600000, ""cpu5"": 1600000, ""cpu6"": 1600000, ""cpu7"": 1600000}"
57407331,7823265792,10027216896,1264232,28495,3621871616,2924179456,1,41.973473872612225,2578743,416642,10453066,28172,"{""thermal_zone0"": 42000, ""thermal_zone1"": 43000}","{""cpu0"": 1600000, ""cpu1"": 1600000, ""cpu2"": 1600000, ""cpu3"": 1600000, ""cpu4"": 1600000, ""cpu5"": 1600000, ""cpu6"": 1600000, ""cpu7"": 1600000}"
57523604,7839256576,10027216896,1266290,28555,3629867008,2916220928,1,43.002200706424674,2578744,416645,10453152,28172,"{""thermal_zone0"": 41000, ""thermal_zone1"": 42000}","{""cpu0"": 1600000, ""cpu1"": 1600000, ""cpu2"": 1600000, ""cpu3"": 1600000, ""cpu4"": 1600000, ""cpu5"": 1600000, ""cpu6"": 1600000, ""cpu7"": 1600000}"
57639728,7825231872,10027216896,1268364,28616,3637862400,2907230208,1,43.05734573646679,2578746,416660,10453221,28181,"{""thermal_zone0"": 43000, ""thermal_zone1"": 45000}","{""cpu0"": 1600000, ""cpu1"": 1600000, ""cpu2"": 1600000, ""cpu3"": 1600000, ""cpu4"": 1600000, ""cpu5"": 1600000, ""cpu6"": 1600000, ""cpu7"": 1600000}"
57759070,7825887232,10027216896,1270472,28678,3646119936,2899869696,1,33.51723092771313,2578747,416668,10453293,28192,"{""thermal_zone0"": 42000, ""thermal_zone1"": 42000}","{""cpu0"": 1600000, ""cpu1"": 1600000, ""cpu2"": 1600000, ""cpu3"": 1600000, ""cpu4"": 1600000, ""cpu5"": 1600000, ""cpu6"": 1600000, ""cpu7"": 1600000}"
57875292,7841615872,10027216896,1272546,28739,3653984256,2891993088,1,43.02088563328624,2578748,416671,10453368,28204,"{""thermal_zone0"": 41000, ""thermal_zone1"": 41000}","{""cpu0"": 1600000, ""cpu1"": 1600000, ""cpu2"": 1600000, ""cpu3"": 1600000, ""cpu4"": 1600000, ""cpu5"": 1600000, ""cpu6"": 1600000, ""cpu7"": 1600000}"
57991334,7820513280,10027216896,1274586,28799,3661979648,2883653632,1,34.470389991012105,2578750,416686,10453432,28215,"{""thermal_zone0"": 44000, ""thermal_zone1"": 44000}","{""cpu0"": 1600000, ""cpu1"": 1600000, ""cpu2"": 1600000, ""cpu3"": 1600000, ""cpu4"": 1600000, ""cpu5"": 1600000, ""cpu6"": 1600000, ""cpu7"": 1600000}"
58111006,7828770816,10027216896,1276728,28862,3669975040,2875424768,1,41.78099513723532,2578752,416692,10453506,28227,"{""thermal_zone0"": 42000, ""thermal_zone1"": 43000}","{""cpu0"": 1600000, ""cpu1"": 1600000, ""cpu2"": 1600000, ""cpu3"": 1600000, ""cpu4"": 1600000, ""cpu5"": 1600000, ""cpu6"": 1600000, ""cpu7"": 1600000}"
58227299,7843188736,10027216896,1278632,28920,3677708288,2867867648,1,25.796726080740296,2578754,416698,10453581,28239,"{""thermal_zone0"": 41000, ""thermal_zone1"": 43000}","{""cpu0"": 1600000, ""cpu1"": 1600000, ""cpu2"": 1600000, ""cpu3"": 1600000, ""cpu4"": 1600000, ""cpu5"": 1600000, ""cpu6"": 1600000, ""cpu7"": 1600000}"
58347725,7814877184,10027216896,1280740,28982,3685834752,2860007424,1,49.82343984582768,2578756,416717,10453657,28239,"{""thermal_zone0"": 42000, ""thermal_zone1"": 43000}","{""cpu0"": 1600000, ""cpu1"": 1600000, ""cpu2"": 1600000, ""cpu3"": 1600000, ""cpu4"": 1600000, ""cpu5"": 1600000, ""cpu6"": 1600000, ""cpu7"": 1600000}"
58464037,7831130112,10027216896,1282841,29044,3693830144,2851905536,1,34.390115207917646,2578757,416719,10453744,28239,"{""thermal_zone0"": 42000, ""thermal_zone1"": 42000}","{""cpu0"": 1600000, ""cpu1"": 1600000, ""cpu2"": 1600000, ""cpu3"": 1600000, ""cpu4"": 1600000, ""cpu5"": 1600000, ""cpu6"": 1600000, ""cpu7"": 1600000}"
58580280,7837421568,10027216896,1284888,29104,3701825536,2843209728,1,43.013391212840766,2578759,416727,10453822,28245,"{""thermal_zone0"": 42000, ""thermal_zone1"": 42000}","{""cpu0"": 1600000, ""cpu1"": 1600000, ""cpu2"": 1600000, ""cpu3"": 1600000, ""cpu4"": 1600000, ""cpu5"": 1600000, ""cpu6"": 1600000, ""cpu7"": 1600000}"
58699583,7818547200,10027216896,1286996,29166,3709952000,2835931136,1,41.91002947658104,2578761,416740,10453889,28257,"{""thermal_zone0"": 42000, ""thermal_zone1"": 42000}","{""cpu0"": 1600000, ""cpu1"": 1600000, ""cpu2"": 1600000, ""cpu3"": 1600000, ""cpu4"": 1600000, ""cpu5"": 1600000, ""cpu6"": 1600000, ""cpu7"": 1600000}"
58815788,7834537984,10027216896,1289036,29226,3717816320,2827972608,1,34.4221136814572,2578762,416744,10453964,28268,"{""thermal_zone0"": 41000, ""thermal_zone1"": 43000}","{""cpu0"": 1600000, ""cpu1"": 1600000, ""cpu2"": 1600000, ""cpu3"": 1600000, ""cpu4"": 1600000, ""cpu5"": 1600000, ""cpu6"": 1600000, ""cpu7"": 1600000}"
58932133,7829819392,10027216896,1291110,29287,3725811712,2820059136,1,34.38048409010867,2578764,416756,10454032,28280,"{""thermal_zone0"": 42000, ""thermal_zone1"": 44000}","{""cpu0"": 1600000, ""cpu1"": 1600000, ""cpu2"": 1600000, ""cpu3"": 1600000, ""cpu4"": 1600000, ""cpu5"": 1600000, ""cpu6"": 1600000, ""cpu7"": 1600000}"
59051538,7822479360,10027216896,1293218,29349,3733938176,2811760640,1,41.87411241537619,2578766,416767,10454102,28292,"{""thermal_zone0"": 42000, ""thermal_zone1"": 43000}","{""cpu0"": 1600000, ""cpu1"": 1600000, ""cpu2"": 1600000, ""cpu3"": 1600000, ""cpu4"": 1600000, ""cpu5"": 1600000, ""cpu6"": 1600000, ""cpu7"": 1600000}"
59167571,7838470144,10027216896,1295258,29409,3741802496,2803740672,1,34.47308832505089,2578767,416771,10454187,28294,"{""thermal_zone0"": 41000, ""thermal_zone1"": 41000}","{""cpu0"": 1600000, ""cpu1"": 1600000, ""cpu2"": 1600000, ""cpu3"": 1600000, ""cpu4"": 1600000, ""cpu5"": 1600000, ""cpu6"": 1600000, ""cpu7"": 1600000}"
59283673,7837028352,10027216896,1297357,29470,3749666816,2795057152,1,43.06548864639976,2578768,416780,10454268,28294,"{""thermal_zone0"": 42000, ""thermal_zone1"": 43000}","{""cpu0"": 1600000, ""cpu1"": 1600000, ""cpu2"": 1600000, ""cpu3"": 1600000, ""cpu4"": 1600000, ""cpu5"": 1600000, ""cpu6"": 1600000, ""cpu7"": 1600000}"
59400086,7838593024,10098311168,1298749,29533,3755360256,2787622912,1,25.770209277292523,2578771,416792,10454342,28299,"{""thermal_zone0"": 42000, ""thermal_zone1"": 43000}","{""cpu0"": 1600000, ""cpu1"": 1600000, ""cpu2"": 1600000, ""cpu3"": 1600000, ""cpu4"": 1600000, ""cpu5"": 1600000, ""cpu6"": 1600000, ""cpu7"": 1600000}"
59518617,7854714880,10098311168,1314401,29533,3755360256,2730340352,1,101.24005740378747,2578774,416815,10454411,28299,"{""thermal_zone0"": 44000, ""thermal_zone1"": 44000}","{""cpu0"": 1600000, ""cpu1"": 1600000, ""cpu2"": 1600000, ""cpu3"": 1600000, ""cpu4"": 1600000, ""cpu5"": 1600000, ""cpu6"": 1600000, ""cpu7"": 1600000}"
59636707,7815655424,10197364736,1316359,29536,3755470848,2723274752,1,101.61698019739099,2578784,416829,10454479,28299,"{""thermal_zone0"": 43000, ""thermal_zone1"": 44000}","{""cpu0"": 1600000, ""cpu1"": 1600000, ""cpu2"": 1600000, ""cpu3"": 1600000, ""cpu4"": 1600000, ""cpu5"": 1600000, ""cpu6"": 1600000, ""cpu7"": 1600000}"
59756562,7777775616,10259349504,1317528,29571,3756216320,2719260672,8,358.76782209401216,2578836,416841,10454520,28303,"{""thermal_zone0"": 45000, ""thermal_zone1"": 47000}","{""cpu0"": 1600000, ""cpu1"": 1600000, ""cpu2"": 1600000, ""cpu3"": 1600000, ""cpu4"": 1600000, ""cpu5"": 1600000, ""cpu6"": 1600000, ""cpu7"": 1600000}"
59912590,7778168832,10259349504,1317898,29571,3756216320,2719277056,8,685.7711748738159,2578946,416842,10454531,28303,"{""thermal_zone0"": 49000, ""thermal_zone1"": 51000}","{""cpu0"": 1600000, ""cpu1"": 1600000, ""cpu2"": 1600000, ""cpu3"": 1600000, ""cpu4"": 1600000, ""cpu5"": 1600000, ""cpu6"": 1600000, ""cpu7"": 1600000}"
60052559,7778168832,10259349504,1318764,29571,3756216320,2719277056,8,664.4336694260312,2579035,416842,10454548,28303,"{""thermal_zone0"": 52000, ""thermal_zone1"": 53000}","{""cpu0"": 1600000, ""cpu1"": 1600000, ""cpu2"": 1600000, ""cpu3"": 1600000, ""cpu4"": 1600000, ""cpu5"": 1600000, ""cpu6"": 1600000, ""cpu7"": 1600000}"
60216548,7778168832,10259349504,1319111,29571,3756216320,2719277056,8,701.2667963916737,2579148,416842,10454558,28303,"{""thermal_zone0"": 54000, ""thermal_zone1"": 54000}","{""cpu0"": 1600000, ""cpu1"": 1600000, ""cpu2"": 1600000, ""cpu3"": 1600000, ""cpu4"": 1600000, ""cpu5"": 1600000, ""cpu6"": 1600000, ""cpu7"": 1600000}"
60352555,7778168832,10259349504,1320316,29571,3756216320,2719182848,8,683.7909186183958,2579237,416844,10454574,28303,"{""thermal_zone0"": 53000, ""thermal_zone1"": 54000}","{""cpu0"": 1600000, ""cpu1"": 1600000, ""cpu2"": 1600000, ""cpu3"": 1600000, ""cpu4"": 1600000, ""cpu5"": 1600000, ""cpu6"": 1600000, ""cpu7"": 1600000}"
60508538,7778168832,10259349504,1320415,29571,3756216320,2719182848,8,692.3799394913785,2579368,416846,10454587,28303,"{""thermal_zone0"": 54000, ""thermal_zone1"": 55000}","{""cpu0"": 1600000, ""cpu1"": 1600000, ""cpu2"": 1600000, ""cpu3"": 1600000, ""cpu4"": 1600000, ""cpu5"": 1600000, ""cpu6"": 1600000, ""cpu7"": 1600000}"
60677847,7778955264,10259349504,1321698,29571,3756216320,2718150656,8,691.0445038448712,2579484,416849,10454595,28303,"{""thermal_zone0"": 55000, ""thermal_zone1"": 56000}","{""cpu0"": 1600000, ""cpu1"": 1600000, ""cpu2"": 1600000, ""cpu3"": 1600000, ""cpu4"": 1600000, ""cpu5"": 1600000, ""cpu6"": 1600000, ""cpu7"": 1600000}"
60835700,7779610624,10259349504,1322876,29571,3756216320,2717892608,8,741.1993505066478,2579592,416849,10454608,28303,"{""thermal_zone0"": 55000, ""thermal_zone1"": 56000}","{""cpu0"": 1600000, ""cpu1"": 1600000, ""cpu2"": 1600000, ""cpu3"": 1600000, ""cpu4"": 1600000, ""cpu5"": 1600000, ""cpu6"": 1600000, ""cpu7"": 1600000}"
60991592,7779610624,10259349504,1323360,29571,3756216320,2717892608,8,667.1266718891994,2579698,416850,10454623,28303,"{""thermal_zone0"": 54000, ""thermal_zone1"": 58000}","{""cpu0"": 1600000, ""cpu1"": 1600000, ""cpu2"": 1600000, ""cpu3"": 1600000, ""cpu4"": 1600000, ""cpu5"": 1600000, ""cpu6"": 1600000, ""cpu7"": 1600000}"
61153063,7779610624,10259349504,1323458,29571,3756216320,2717892608,8,706.0091679254015,2579814,416852,10454631,28303,"{""thermal_zone0"": 57000, ""thermal_zone1"": 58000}","{""cpu0"": 1600000, ""cpu1"": 1600000, ""cpu2"": 1600000, ""cpu3"": 1600000, ""cpu4"": 1600000, ""cpu5"": 1600000, ""cpu6"": 1600000, ""cpu7"": 1600000}"
61296562,7779610624,10259349504,1323482,29571,3756216320,2717892608,8,717.7727108599325,2579910,416852,10454644,28303,"{""thermal_zone0"": 55000, ""thermal_zone1"": 55000}","{""cpu0"": 1600000, ""cpu1"": 1600000, ""cpu2"": 1600000, ""cpu3"": 1600000, ""cpu4"": 1600000, ""cpu5"": 1600000, ""cpu6"": 1600000, ""cpu7"": 1600000}"
61460548,7779610624,10259349504,1323552,29571,3756216320,2717892608,8,695.1831315740121,2580020,416854,10454658,28303,"{""thermal_zone0"": 56000, ""thermal_zone1"": 58000}","{""cpu0"": 1600000, ""cpu1"": 1600000, ""cpu2"": 1600000, ""cpu3"": 1600000, ""cpu4"": 1600000, ""cpu5"": 1600000, ""cpu6"": 1600000, ""cpu7"": 1600000}"
61618393,7779610624,10259349504,1323666,29571,3756216320,2717892608,8,690.5513162145662,2580124,416856,10454673,28303,"{""thermal_zone0"": 56000, ""thermal_zone1"": 58000}","{""cpu0"": 1600000, ""cpu1"": 1600000, ""cpu2"": 1600000, ""cpu3"": 1600000, ""cpu4"": 1600000, ""cpu5"": 1600000, ""cpu6"": 1600000, ""cpu7"": 1600000}"
61762857,7779610624,10259349504,1323666,29571,3756216320,2716319744,8,512.2377970662535,2580205,416863,10454697,28304,"{""thermal_zone0"": 55000, ""thermal_zone1"": 55000}","{""cpu0"": 1600000, ""cpu1"": 1600000, ""cpu2"": 1600000, ""cpu3"": 1600000, ""cpu4"": 1600000, ""cpu5"": 1600000, ""cpu6"": 1600000, ""cpu7"": 1600000}"
61892555,7779610624,10259349504,1323666,29571,3756216320,2716319744,8,670.7872122791252,2580293,416864,10454712,28304,"{""thermal_zone0"": 55000, ""thermal_zone1"": 58000}","{""cpu0"": 1600000, ""cpu1"": 1600000, ""cpu2"": 1600000, ""cpu3"": 1600000, ""cpu4"": 1600000, ""cpu5"": 1600000, ""cpu6"": 1600000, ""cpu7"": 1600000}"
62048544,7779610624,10259349504,1323946,29571,3756216320,2716319744,8,679.5357619381596,2580404,416864,10454721,28304,"{""thermal_zone0"": 57000, ""thermal_zone1"": 59000}","{""cpu0"": 1600000, ""cpu1"": 1600000, ""cpu2"": 1600000, ""cpu3"": 1600000, ""cpu4"": 1600000, ""cpu5"": 1600000, ""cpu6"": 1600000, ""cpu7"": 1600000}"
62192564,7779610624,10259349504,1324002,29571,3756216320,2716319744,8,749.8965142810292,2580508,416866,10454731,28304,"{""thermal_zone0"": 55000, ""thermal_zone1"": 59000}","{""cpu0"": 1600000, ""cpu1"": 1600000, ""cpu2"": 1600000, ""cpu3"": 1600000, ""cpu4"": 1600000, ""cpu5"": 1600000, ""cpu6"": 1600000, ""cpu7"": 1600000}"
62343750,7779610624,10259349504,1324138,29571,3756216320,2716319744,8,681.2791565155521,2580612,416868,10454745,28304,"{""thermal_zone0"": 56000, ""thermal_zone1"": 58000}","{""cpu0"": 1600000, ""cpu1"": 1600000, ""cpu2"": 1600000, ""cpu3"": 1600000, ""cpu4"": 1600000, ""cpu5"": 1600000, ""cpu6"": 1600000, ""cpu7"": 1600000}"
62498572,7779610624,10259349504,1324138,29571,3756216320,2716516352,8,684.6574226805069,2580716,416868,10454761,28304,"{""thermal_zone0"": 57000, ""thermal_zone1"": 59000}","{""cpu0"": 1600000, ""cpu1"": 1600000, ""cpu2"": 1600000, ""cpu3"": 1600000, ""cpu4"": 1600000, ""cpu5"": 1600000, ""cpu6"": 1600000, ""cpu7"": 1600000}"
62655031,7779610624,10259349504,1324758,29571,3756216320,2716516352,8,671.1028482371854,2580821,416869,10454775,28304,"{""thermal_zone0"": 55000, ""thermal_zone1"": 59000}","{""cpu0"": 1600000, ""cpu1"": 1600000, ""cpu2"": 1600000, ""cpu3"": 1600000, ""cpu4"": 1600000, ""cpu5"": 1600000, ""cpu6"": 1600000, ""cpu7"": 1600000}"
62810987,7779610624,10259349504,1325230,29571,3756216320,2716516352,8,692.505908806667,2580934,416869,10454783,28304,"{""thermal_zone0"": 58000, ""thermal_zone1"": 60000}","{""cpu0"": 1600000, ""cpu1"": 1600000, ""cpu2"": 1600000, ""cpu3"": 1600000, ""cpu4"": 1600000, ""cpu5"": 1600000, ""cpu6"": 1600000, ""cpu7"": 1600000}"
62956577,7779610624,10259349504,1325230,29571,3756216320,2716516352,8,762.4114714930162,2581034,416870,10454793,28304,"{""thermal_zone0"": 58000, ""thermal_zone1"": 59000}","{""cpu0"": 1600000, ""cpu1"": 1600000, ""cpu2"": 1600000, ""cpu3"": 1600000, ""cpu4"": 1600000, ""cpu5"": 1600000, ""cpu6"": 1600000, ""cpu7"": 1600000}"
63116549,7779610624,10259349504,1325230,29571,3756216320,2716516352,8,687.6227535544361,2581142,416871,10454807,28304,"{""thermal_zone0"": 57000, ""thermal_zone1"": 61000}","{""cpu0"": 1600000, ""cpu1"": 1600000, ""cpu2"": 1600000, ""cpu3"": 1600000, ""cpu4"": 1600000, ""cpu5"": 1600000, ""cpu6"": 1600000, ""cpu7"": 1600000}"
63272344,7779610624,10259349504,1325230,29571,3756216320,2716516352,8,673.9601565025345,2581247,416871,10454823,28304,"{""thermal_zone0"": 59000, ""thermal_zone1"": 59000}","{""cpu0"": 1600000, ""cpu1"": 1600000, ""cpu2"": 1600000, ""cpu3"": 1600000, ""cpu4"": 1600000, ""cpu5"": 1600000, ""cpu6"": 1600000, ""cpu7"": 1600000}"
63434856,7779610624,10259349504,1325230,29571,3756216320,2716516352,8,683.0281821858423,2581355,416872,10454837,28304,"{""thermal_zone0"": 58000, ""thermal_zone1"": 60000}","{""cpu0"": 1600000, ""cpu1"": 1600000, ""cpu2"": 1600000, ""cpu3"": 1600000, ""cpu4"": 1600000, ""cpu5"": 1600000, ""cpu6"": 1600000, ""cpu7"": 1600000}"
63590485,7779610624,10259349504,1325230,29571,3756216320,2716516352,8,681.1058056038828,2581464,416874,10454848,28304,"{""thermal_zone0"": 59000, ""thermal_zone1"": 61000}","{""cpu0"": 1600000, ""cpu1"": 1600000, ""cpu2"": 1600000, ""cpu3"": 1600000, ""cpu4"": 1600000, ""cpu5"": 1600000, ""cpu6"": 1600000, ""cpu7"": 1600000}"
63747988,7779610624,10259349504,1325230,29571,3756216320,2716516352,8,723.7950433131334,2581572,416875,10454862,28304,"{""thermal_zone0"": 59000, ""thermal_zone1"": 60000}","{""cpu0"": 1600000, ""cpu1"": 1600000, ""cpu2"": 1600000, ""cpu3"": 1600000, ""cpu4"": 1600000, ""cpu5"": 1600000, ""cpu6"": 1600000, ""cpu7"": 1600000}"
63908938,7779610624,10259349504,1325230,29571,3756216320,2716516352,8,689.6571306201224,2581685,416876,10454872,28304,"{""thermal_zone0"": 59000, ""thermal_zone1"": 61000}","{""cpu0"": 1600000, ""cpu1"": 1600000, ""cpu2"": 1600000, ""cpu3"": 1600000, ""cpu4"": 1600000, ""cpu5"": 1600000, ""cpu6"": 1600000, ""cpu7"": 1600000}"
64084555,7779610624,10259349504,1325230,29571,3756216320,2716516352,8,768.7184391968143,2581811,416876,10454878,28304,"{""thermal_zone0"": 59000, ""thermal_zone1"": 59000}","{""cpu0"": 1600000, ""cpu1"": 1600000, ""cpu2"": 1600000, ""cpu3"": 1600000, ""cpu4"": 1600000, ""cpu5"": 1600000, ""cpu6"": 1600000, ""cpu7"": 1600000}"
64240540,7779610624,10259349504,1325273,29571,3756216320,2716516352,8,679.5517325456706,2581915,416877,10454893,28304,"{""thermal_zone0"": 59000, ""thermal_zone1"": 60000}","{""cpu0"": 1600000, ""cpu1"": 1600000, ""cpu2"": 1600000, ""cpu3"": 1600000, ""cpu4"": 1600000, ""cpu5"": 1600000, ""cpu6"": 1600000, ""cpu7"": 1600000}"
64404872,7779610624,10259349504,1325273,29571,3756216320,2716286976,8,711.9735995807898,2582031,416879,10454904,28304,"{""thermal_zone0"": 59000, ""thermal_zone1"": 60000}","{""cpu0"": 1600000, ""cpu1"": 1600000, ""cpu2"": 1600000, ""cpu3"": 1600000, ""cpu4"": 1600000, ""cpu5"": 1600000, ""cpu6"": 1600000, ""cpu7"": 1600000}"
64562588,7779610624,10259349504,1325273,29571,3756216320,2716286976,8,672.0928058209629,2582141,416880,10454919,28304,"{""thermal_zone0"": 59000, ""thermal_zone1"": 60000}","{""cpu0"": 1600000, ""cpu1"": 1600000, ""cpu2"": 1600000, ""cpu3"": 1600000, ""cpu4"": 1600000, ""cpu5"": 1600000, ""cpu6"": 1600000, ""cpu7"": 1600000}"
64714095,7779610624,10259349504,1325301,29571,3756216320,2716286976,8,693.0373951889846,2582243,416880,10454933,28304,"{""thermal_zone0"": 59000, ""thermal_zone1"": 60000}","{""cpu0"": 1600000, ""cpu1"": 1600000, ""cpu2"": 1600000, ""cpu3"": 1600000, ""cpu4"": 1600000, ""cpu5"": 1600000, ""cpu6"": 1600000, ""cpu7"": 1600000}"
64870801,7779610624,10259349504,1325324,29571,3756216320,2716286976,8,676.4269977330124,2582346,416882,10454947,28304,"{""thermal_zone0"": 59000, ""thermal_zone1"": 60000}","{""cpu0"": 1600000, ""cpu1"": 1600000, ""cpu2"": 1600000, ""cpu3"": 1600000, ""cpu4"": 1600000, ""cpu5"": 1600000, ""cpu6"": 1600000, ""cpu7"": 1600000}"
65032540,7779610624,10259349504,1325552,29571,3756216320,2716286976,8,704.8400668734943,2582459,416883,10454956,28304,"{""thermal_zone0"": 60000, ""thermal_zone1"": 62000}","{""cpu0"": 1600000, ""cpu1"": 1600000, ""cpu2"": 1600000, ""cpu3"": 1600000, ""cpu4"": 1600000, ""cpu5"": 1600000, ""cpu6"": 1600000, ""cpu7"": 1600000}"
65176557,7779610624,10259349504,1325569,29571,3756216320,2716286976,8,736.0218940127779,2582563,416884,10454967,28304,"{""thermal_zone0"": 59000, ""thermal_zone1"": 62000}","{""cpu0"": 1600000, ""cpu1"": 1600000, ""cpu2"": 1600000, ""cpu3"": 1600000, ""cpu4"": 1600000, ""cpu5"": 1600000, ""cpu6"": 1600000, ""cpu7"": 1600000}"
65328089,7779610624,10259349504,1326027,29571,3756216320,2716286976,8,679.7237776787977,2582671,416884,10454981,28304,"{""thermal_zone0"": 59000, ""thermal_zone1"": 61000}","{""cpu0"": 1600000, ""cpu1"": 1600000, ""cpu2"": 1600000, ""cpu3"": 1600000, ""cpu4"": 1600000, ""cpu5"": 1600000, ""cpu6"": 1600000, ""cpu7"": 1600000}"
65488548,7779610624,10259349504,1326027,29571,3756216320,2716286976,8,685.5367085587762,2582775,416884,10454996,28304,"{""thermal_zone0"": 59000, ""thermal_zone1"": 61000}","{""cpu0"": 1600000, ""cpu1"": 1600000, ""cpu2"": 1600000, ""cpu3"": 1600000, ""cpu4"": 1600000, ""cpu5"": 1600000, ""cpu6"": 1600000, ""cpu7"": 1600000}"
65640554,7779610624,10259349504,1326380,29571,3756216320,2716286976,8,684.1802963495377,2582882,416885,10455010,28304,"{""thermal_zone0"": 59000, ""thermal_zone1"": 61000}","{""cpu0"": 1600000, ""cpu1"": 1600000, ""cpu2"": 1600000, ""cpu3"": 1600000, ""cpu4"": 1600000, ""cpu5"": 1600000, ""cpu6"": 1600000, ""cpu7"": 1600000}"
65796542,7779610624,10259349504,1326380,29571,3756216320,2716286976,8,685.9510544048552,2582995,416886,10455020,28304,"{""thermal_zone0"": 61000, ""thermal_zone1"": 62000}","{""cpu0"": 1600000, ""cpu1"": 1600000, ""cpu2"": 1600000, ""cpu3"": 1600000, ""cpu4"": 1600000, ""cpu5"": 1600000, ""cpu6"": 1600000, ""cpu7"": 1600000}"
65940568,7779610624,10259349504,1326380,29571,3756216320,2716286976,8,742.9195032623575,2583099,416887,10455030,28304,"{""thermal_zone0"": 61000, ""thermal_zone1"": 62000}","{""cpu0"": 1600000, ""cpu1"": 1600000, ""cpu2"": 1600000, ""cpu3"": 1600000, ""cpu4"": 1600000, ""cpu5"": 1600000, ""cpu6"": 1600000, ""cpu7"": 1600000}"
66096546,7779610624,10259349504,1326421,29571,3756216320,2716286976,8,685.9942974127508,2583203,416888,10455044,28304,"{""thermal_zone0"": 58000, ""thermal_zone1"": 63000}","{""cpu0"": 1600000, ""cpu1"": 1600000, ""cpu2"": 1600000, ""cpu3"": 1600000, ""cpu4"": 1600000, ""cpu5"": 1600000, ""cpu6"": 1600000, ""cpu7"": 1600000}"
66246796,7779610624,10259349504,1326421,29571,3756216320,2716286976,8,672.2133497085392,2583308,416888,10455060,28304,"{""thermal_zone0"": 62000, ""thermal_zone1"": 61000}","{""cpu0"": 1600000, ""cpu1"": 1600000, ""cpu2"": 1600000, ""cpu3"": 1600000, ""cpu4"": 1600000, ""cpu5"": 1600000, ""cpu6"": 1600000, ""cpu7"": 1600000}"
66403629,7779610624,10259349504,1326421,29571,3756216320,2716286976,8,682.2558341545483,2583414,416890,10455074,28304,"{""thermal_zone0"": 59000, ""thermal_zone1"": 61000}","{""cpu0"": 1600000, ""cpu1"": 1600000, ""cpu2"": 1600000, ""cpu3"": 1600000, ""cpu4"": 1600000, ""cpu5"": 1600000, ""cpu6"": 1600000, ""cpu7"": 1600000}"
66566660,7779610624,10259349504,1326659,29571,3756216320,2716286976,8,693.1205892305228,2583530,416891,10455082,28304,"{""thermal_zone0"": 61000, ""thermal_zone1"": 63000}","{""cpu0"": 1600000, ""cpu1"": 1600000, ""cpu2"": 1600000, ""cpu3"": 1600000, ""cpu4"": 1600000, ""cpu5"": 1600000, ""cpu6"": 1600000, ""cpu7"": 1600000}"
66712556,7779610624,10259349504,1326666,29571,3756216320,2716286976,8,753.9608528034756,2583627,416894,10455093,28304,"{""thermal_zone0"": 59000, ""thermal_zone1"": 62000}","{""cpu0"": 1600000, ""cpu1"": 1600000, ""cpu2"": 1600000, ""cpu3"": 1600000, ""cpu4"": 1600000, ""cpu5"": 1600000, ""cpu6"": 1600000, ""cpu7"": 1600000}"
66871297,7779610624,10259349504,1326666,29571,3756216320,2714738688,8,516.5644387742187,2583695,416901,10455120,28304,"{""thermal_zone0"": 59000, ""thermal_zone1"": 60000}","{""cpu0"": 1600000, ""cpu1"": 1600000, ""cpu2"": 1600000, ""cpu3"": 1600000, ""cpu4"": 1600000, ""cpu5"": 1600000, ""cpu6"": 1600000, ""cpu7"": 1600000}"
67004540,7779610624,10259349504,1327063,29571,3756216320,2714738688,8,705.4755522513282,2583795,416902,10455133,28304,"{""thermal_zone0"": 59000, ""thermal_zone1"": 63000}","{""cpu0"": 1600000, ""cpu1"": 1600000, ""cpu2"": 1600000, ""cpu3"": 1600000, ""cpu4"": 1600000, ""cpu5"": 1600000, ""cpu6"": 1600000, ""cpu7"": 1600000}"
67163120,7779610624,10259349504,1327063,29571,3756216320,2714738688,8,693.6596368802788,2583909,416903,10455144,28304,"{""thermal_zone0"": 61000, ""thermal_zone1"": 59000}","{""cpu0"": 1600000, ""cpu1"": 1600000, ""cpu2"": 1600000, ""cpu3"": 1600000, ""cpu4"": 1600000, ""cpu5"": 1600000, ""cpu6"": 1600000, ""cpu7"": 1600000}"
67324553,7779610624,10259349504,1327533,29571,3756216320,2714738688,8,699.9806538975204,2584013,416903,10455158,28304,"{""thermal_zone0"": 60000, ""thermal_zone1"": 61000}","{""cpu0"": 1600000, ""cpu1"": 1600000, ""cpu2"": 1600000, ""cpu3"": 1600000, ""cpu4"": 1600000, ""cpu5"": 1600000, ""cpu6"": 1600000, ""cpu7"": 1600000}"
67475020,7779610624,10259349504,1327533,29571,3756216320,2714714112,8,671.2416860652745,2584118,416904,10455175,28305,"{""thermal_zone0"": 60000, ""thermal_zone1"": 61000}","{""cpu0"": 1600000, ""cpu1"": 1600000, ""cpu2"": 1600000, ""cpu3"": 1600000, ""cpu4"": 1600000, ""cpu5"": 1600000, ""cpu6"": 1600000, ""cpu7"": 1600000}"
67628593,7779610624,10259349504,1327533,29571,3756216320,2714030080,8,540.4618629500324,2584208,416911,10455208,28308,"{""thermal_zone0"": 58000, ""thermal_zone1"": 59000}","{""cpu0"": 1600000, ""cpu1"": 1600000, ""cpu2"": 1600000, ""cpu3"": 1600000, ""cpu4"": 1600000, ""cpu5"": 1600000, ""cpu6"": 1600000, ""cpu7"": 1600000}"
67792626,7779610624,10259349504,1327533,29571,3756216320,2714230784,8,505.99502602012365,2584290,416918,10455235,28310,"{""thermal_zone0"": 58000, ""thermal_zone1"": 59000}","{""cpu0"": 1600000, ""cpu1"": 1600000, ""cpu2"": 1600000, ""cpu3"": 1600000, ""cpu4"": 1600000, ""cpu5"": 1600000, ""cpu6"": 1600000, ""cpu7"": 1600000}"
67950312,7779610624,10259349504,1327787,29571,3756216320,2714230784,8,665.8798461292462,2584393,416920,10455249,28310,"{""thermal_zone0"": 58000, ""thermal_zone1"": 57000}","{""cpu0"": 1600000, ""cpu1"": 1600000, ""cpu2"": 1600000, ""cpu3"": 1600000, ""cpu4"": 1600000, ""cpu5"": 1600000, ""cpu6"": 1600000, ""cpu7"": 1600000}"
68116545,7779610624,10259349504,1327787,29571,3756216320,2714230784,8,721.8758695220434,2584509,416921,10455259,28310,"{""thermal_zone0"": 60000, ""thermal_zone1"": 62000}","{""cpu0"": 1600000, ""cpu1"": 1600000, ""cpu2"": 1600000, ""cpu3"": 1600000, ""cpu4"": 1600000, ""cpu5"": 1600000, ""cpu6"": 1600000, ""cpu7"": 1600000}"
68272362,7779610624,10259349504,1327787,29571,3756216320,2714230784,8,686.7045690793414,2584619,416922,10455273,28310,"{""thermal_zone0"": 61000, ""thermal_zone1"": 62000}","{""cpu0"": 1600000, ""cpu1"": 1600000, ""cpu2"": 1600000, ""cpu3"": 1600000, ""cpu4"": 1600000, ""cpu5"": 1600000, ""cpu6"": 1600000, ""cpu7"": 1600000}"
68428104,7779610624,10259349504,1327787,29571,3756216320,2714697728,8,687.0323119836074,2584725,416924,10455289,28310,"{""thermal_zone0"": 59000, ""thermal_zone1"": 63000}","{""cpu0"": 1600000, ""cpu1"": 1600000, ""cpu2"": 1600000, ""cpu3"": 1600000, ""cpu4"": 1600000, ""cpu5"": 1600000, ""cpu6"": 1600000, ""cpu7"": 1600000}"
68583423,7779610624,10259349504,1327788,29571,3756216320,2714697728,8,669.5902867172731,2584830,416925,10455303,28310,"{""thermal_zone0"": 60000, ""thermal_zone1"": 62000}","{""cpu0"": 1600000, ""cpu1"": 1600000, ""cpu2"": 1600000, ""cpu3"": 1600000, ""cpu4"": 1600000, ""cpu5"": 1600000, ""cpu6"": 1600000, ""cpu7"": 1600000}"
68744550,7779610624,10259349504,1327788,29571,3756216320,2714697728,8,707.5157110069907,2584942,416926,10455311,28310,"{""thermal_zone0"": 62000, ""thermal_zone1"": 63000}","{""cpu0"": 1600000, ""cpu1"": 1600000, ""cpu2"": 1600000, ""cpu3"": 1600000, ""cpu4"": 1600000, ""cpu5"": 1600000, ""cpu6"": 1600000, ""cpu7"": 1600000}"
68888565,7779610624,10259349504,1327820,29571,3756216320,2714697728,8,722.1468030154822,2585040,416927,10455324,28310,"{""thermal_zone0"": 60000, ""thermal_zone1"": 63000}","{""cpu0"": 1600000, ""cpu1"": 1600000, ""cpu2"": 1600000, ""cpu3"": 1600000, ""cpu4"": 1600000, ""cpu5"": 1600000, ""cpu6"": 1600000, ""cpu7"": 1600000}"
69044549,7779610624,10259349504,1327820,29571,3756216320,2714697728,8,685.9708435721961,2585144,416928,10455339,28310,"{""thermal_zone0"": 60000, ""thermal_zone1"": 62000}","{""cpu0"": 1600000, ""cpu1"": 1600000, ""cpu2"": 1600000, ""cpu3"": 1600000, ""cpu4"": 1600000, ""cpu5"": 1600000, ""cpu6"": 1600000, ""cpu7"": 1600000}"
69192544,7779610624,10259349504,1327820,29571,3756216320,2714697728,8,682.4541326293795,2585252,416929,10455353,28310,"{""thermal_zone0"": 61000, ""thermal_zone1"": 63000}","{""cpu0"": 1600000, ""cpu1"": 1600000, ""cpu2"": 1600000, ""cpu3"": 1600000, ""cpu4"": 1600000, ""cpu5"": 1600000, ""cpu6"": 1600000, ""cpu7"": 1600000}"
69349300,7779610624,10259349504,1327820,29571,3756216320,2714697728,8,682.5891450897581,2585347,416929,10455366,28310,"{""thermal_zone0"": 61000, ""thermal_zone1"": 59000}","{""cpu0"": 1600000, ""cpu1"": 1600000, ""cpu2"": 1600000, ""cpu3"": 1600000, ""cpu4"": 1600000, ""cpu5"": 1600000, ""cpu6"": 1600000, ""cpu7"": 1600000}"
69480545,7779610624,10259349504,1327822,29571,3756216320,2714697728,8,647.6435421146138,2585430,416931,10455384,28310,"{""thermal_zone0"": 59000, ""thermal_zone1"": 61000}","{""cpu0"": 1600000, ""cpu1"": 1600000, ""cpu2"": 1600000, ""cpu3"": 1600000, ""cpu4"": 1600000, ""cpu5"": 1600000, ""cpu6"": 1600000, ""cpu7"": 1600000}"
69630631,7779610624,10259349504,1327822,29571,3756216320,2714697728,8,659.6217992451848,2585538,416932,10455399,28310,"{""thermal_zone0"": 61000, ""thermal_zone1"": 62000}","{""cpu0"": 1600000, ""cpu1"": 1600000, ""cpu2"": 1600000, ""cpu3"": 1600000, ""cpu4"": 1600000, ""cpu5"": 1600000, ""cpu6"": 1600000, ""cpu7"": 1600000}"
69792547,7779610624,10259349504,1327822,29571,3756216320,2714697728,8,704.069759132918,2585643,416933,10455414,28310,"{""thermal_zone0"": 59000, ""thermal_zone1"": 62000}","{""cpu0"": 1600000, ""cpu1"": 1600000, ""cpu2"": 1600000, ""cpu3"": 1600000, ""cpu4"": 1600000, ""cpu5"": 1600000, ""cpu6"": 1600000, ""cpu7"": 1600000}"
69942806,7779610624,10259349504,1327822,29571,3756216320,2714697728,8,672.1732698173516,2585758,416935,10455423,28310,"{""thermal_zone0"": 61000, ""thermal_zone1"": 63000}","{""cpu0"": 1600000, ""cpu1"": 1600000, ""cpu2"": 1600000, ""cpu3"": 1600000, ""cpu4"": 1600000, ""cpu5"": 1600000, ""cpu6"": 1600000, ""cpu7"": 1600000}"
70092559,7779610624,10259349504,1327822,29571,3756216320,2714697728,8,747.8956586727084,2585855,416936,10455434,28310,"{""thermal_zone0"": 60000, ""thermal_zone1"": 62000}","{""cpu0"": 1600000, ""cpu1"": 1600000, ""cpu2"": 1600000, ""cpu3"": 1600000, ""cpu4"": 1600000, ""cpu5"": 1600000, ""cpu6"": 1600000, ""cpu7"": 1600000}"
70244550,7779610624,10259349504,1327822,29571,3756216320,2714697728,8,684.2510051647266,2585959,416937,10455447,28310,"{""thermal_zone0"": 60000, ""thermal_zone1"": 62000}","{""cpu0"": 1600000, ""cpu1"": 1600000, ""cpu2"": 1600000, ""cpu3"": 1600000, ""cpu4"": 1600000, ""cpu5"": 1600000, ""cpu6"": 1600000, ""cpu7"": 1600000}"
70376549,7779610624,10259349504,1327822,29571,3756216320,2714697728,8,704.5549019861858,2586071,416938,10455453,28310,"{""thermal_zone0"": 62000, ""thermal_zone1"": 63000}","{""cpu0"": 1600000, ""cpu1"": 1600000, ""cpu2"": 1600000, ""cpu3"": 1600000, ""cpu4"": 1600000, ""cpu5"": 1600000, ""cpu6"": 1600000, ""cpu7"": 1600000}"
70536635,7779610624,10259349504,1327822,29571,3756216320,2714697728,8,724.610064680131,2586179,416938,10455466,28310,"{""thermal_zone0"": 61000, ""thermal_zone1"": 62000}","{""cpu0"": 1600000, ""cpu1"": 1600000, ""cpu2"": 1600000, ""cpu3"": 1600000, ""cpu4"": 1600000, ""cpu5"": 1600000, ""cpu6"": 1600000, ""cpu7"": 1600000}"
70696594,7779610624,10259349504,1327822,29571,3756216320,2714697728,8,687.6763073112639,2586292,416940,10455477,28310,"{""thermal_zone0"": 62000, ""thermal_zone1"": 64000}","{""cpu0"": 1600000, ""cpu1"": 1600000, ""cpu2"": 1600000, ""cpu3"": 1600000, ""cpu4"": 1600000, ""cpu5"": 1600000, ""cpu6"": 1600000, ""cpu7"": 1600000}"
70872560,7779610624,10259349504,1327822,29571,3756216320,2714697728,8,767.1929299500345,2586420,416941,10455483,28310,"{""thermal_zone0"": 62000, ""thermal_zone1"": 64000}","{""cpu0"": 1600000, ""cpu1"": 1600000, ""cpu2"": 1600000, ""cpu3"": 1600000, ""cpu4"": 1600000, ""cpu5"": 1600000, ""cpu6"": 1600000, ""cpu7"": 1600000}"
71028547,7779610624,10259349504,1327822,29571,3756216320,2714697728,8,679.543019628004,2586521,416941,10455497,28310,"{""thermal_zone0"": 61000, ""thermal_zone1"": 64000}","{""cpu0"": 1600000, ""cpu1"": 1600000, ""cpu2"": 1600000, ""cpu3"": 1600000, ""cpu4"": 1600000, ""cpu5"": 1600000, ""cpu6"": 1600000, ""cpu7"": 1600000}"
71160537,7779610624,10259349504,1327822,29571,3756216320,2714697728,8,628.8370042968811,2586622,416942,10455513,28310,"{""thermal_zone0"": 61000, ""thermal_zone1"": 63000}","{""cpu0"": 1600000, ""cpu1"": 1600000, ""cpu2"": 1600000, ""cpu3"": 1600000, ""cpu4"": 1600000, ""cpu5"": 1600000, ""cpu6"": 1600000, ""cpu7"": 1600000}"
71324653,7779610624,10259349504,1327822,29571,3756216320,2714697728,8,725.093467442234,2586730,416943,10455526,28310,"{""thermal_zone0"": 61000, ""thermal_zone1"": 63000}","{""cpu0"": 1600000, ""cpu1"": 1600000, ""cpu2"": 1600000, ""cpu3"": 1600000, ""cpu4"": 1600000, ""cpu5"": 1600000, ""cpu6"": 1600000, ""cpu7"": 1600000}"
71488544,7779610624,10259349504,1327822,29571,3756216320,2714697728,8,695.5871505747693,2586844,416944,10455534,28310,"{""thermal_zone0"": 62000, ""thermal_zone1"": 63000}","{""cpu0"": 1600000, ""cpu1"": 1600000, ""cpu2"": 1600000, ""cpu3"": 1600000, ""cpu4"": 1600000, ""cpu5"": 1600000, ""cpu6"": 1600000, ""cpu7"": 1600000}"
71632551,7779610624,10259349504,1327822,29571,3756216320,2714697728,8,736.0764081754508,2586944,416946,10455544,28310,"{""thermal_zone0"": 62000, ""thermal_zone1"": 63000}","{""cpu0"": 1600000, ""cpu1"": 1600000, ""cpu2"": 1600000, ""cpu3"": 1600000, ""cpu4"": 1600000, ""cpu5"": 1600000, ""cpu6"": 1600000, ""cpu7"": 1600000}"
71784585,7779610624,10259349504,1327960,29571,3756216320,2714697728,8,690.6326864334818,2587052,416947,10455558,28310,"{""thermal_zone0"": 61000, ""thermal_zone1"": 62000}","{""cpu0"": 1600000, ""cpu1"": 1600000, ""cpu2"": 1600000, ""cpu3"": 1600000, ""cpu4"": 1600000, ""cpu5"": 1600000, ""cpu6"": 1600000, ""cpu7"": 1600000}"
71944549,7779610624,10259349504,1327960,29571,3756216320,2713923584,8,612.6390422596348,2587150,416953,10455576,28310,"{""thermal_zone0"": 63000, ""thermal_zone1"": 62000}","{""cpu0"": 1600000, ""cpu1"": 1600000, ""cpu2"": 1600000, ""cpu3"": 1600000, ""cpu4"": 1600000, ""cpu5"": 1600000, ""cpu6"": 1600000, ""cpu7"": 1600000}"
72100576,7779610624,10259349504,1327960,29571,3756216320,2713665536,8,685.7757546609679,2587250,416954,10455588,28310,"{""thermal_zone0"": 61000, ""thermal_zone1"": 63000}","{""cpu0"": 1600000, ""cpu1"": 1600000, ""cpu2"": 1600000, ""cpu3"": 1600000, ""cpu4"": 1600000, ""cpu5"": 1600000, ""cpu6"": 1600000, ""cpu7"": 1600000}"
72256553,7779610624,10259349504,1327960,29571,3756216320,2713665536,8,679.5883989516003,2587357,416954,10455603,28310,"{""thermal_zone0"": 61000, ""thermal_zone1"": 63000}","{""cpu0"": 1600000, ""cpu1"": 1600000, ""cpu2"": 1600000, ""cpu3"": 1600000, ""cpu4"": 1600000, ""cpu5"": 1600000, ""cpu6"": 1600000, ""cpu7"": 1600000}"
72416549,7779610624,10259349504,1327960,29571,3756216320,2713665536,8,693.7661777600578,2587465,416955,10455617,28310,"{""thermal_zone0"": 62000, ""thermal_zone1"": 64000}","{""cpu0"": 1600000, ""cpu1"": 1600000, ""cpu2"": 1600000, ""cpu3"": 1600000, ""cpu4"": 1600000, ""cpu5"": 1600000, ""cpu6"": 1600000, ""cpu7"": 1600000}"
72572959,7779610624,10259349504,1327960,29571,3756216320,2713665536,8,690.4954824876505,2587565,416957,10455630,28310,"{""thermal_zone0"": 61000, ""thermal_zone1"": 61000}","{""cpu0"": 1600000, ""cpu1"": 1600000, ""cpu2"": 1600000, ""cpu3"": 1600000, ""cpu4"": 1600000, ""cpu5"": 1600000, ""cpu6"": 1600000, ""cpu7"": 1600000}"
72708590,7779610624,10259349504,1327960,29571,3756216320,2713665536,8,670.9385100412474,2587657,416958,10455644,28310,"{""thermal_zone0"": 61000, ""thermal_zone1"": 63000}","{""cpu0"": 1600000, ""cpu1"": 1600000, ""cpu2"": 1600000, ""cpu3"": 1600000, ""cpu4"": 1600000, ""cpu5"": 1600000, ""cpu6"": 1600000, ""cpu7"": 1600000}"
72872555,7779610624,10259349504,1327960,29571,3756216320,2713665536,8,744.0584689927264,2587784,416961,10455651,28310,"{""thermal_zone0"": 61000, ""thermal_zone1"": 64000}","{""cpu0"": 1600000, ""cpu1"": 1600000, ""cpu2"": 1600000, ""cpu3"": 1600000, ""cpu4"": 1600000, ""cpu5"": 1600000, ""cpu6"": 1600000, ""cpu7"": 1600000}"
73033670,7779610624,10259349504,1327960,29571,3756216320,2713665536,8,688.9488959929106,2587886,416963,10455665,28310,"{""thermal_zone0"": 61000, ""thermal_zone1"": 63000}","{""cpu0"": 1600000, ""cpu1"": 1600000, ""cpu2"": 1600000, ""cpu3"": 1600000, ""cpu4"": 1600000, ""cpu5"": 1600000, ""cpu6"": 1600000, ""cpu7"": 1600000}"
73191305,7779610624,10259349504,1327960,29571,3756216320,2713665536,8,691.4716099265787,2587998,416964,10455679,28310,"{""thermal_zone0"": 60000, ""thermal_zone1"": 63000}","{""cpu0"": 1600000, ""cpu1"": 1600000, ""cpu2"": 1600000, ""cpu3"": 1600000, ""cpu4"": 1600000, ""cpu5"": 1600000, ""cpu6"": 1600000, ""cpu7"": 1600000}"
73347005,7779610624,10259349504,1327960,29571,3756216320,2713665536,8,674.3742505414021,2588096,416965,10455693,28310,"{""thermal_zone0"": 62000, ""thermal_zone1"": 63000}","{""cpu0"": 1600000, ""cpu1"": 1600000, ""cpu2"": 1600000, ""cpu3"": 1600000, ""cpu4"": 1600000, ""cpu5"": 1600000, ""cpu6"": 1600000, ""cpu7"": 1600000}"
73500538,7779610624,10259349504,1327960,29571,3756216320,2713665536,8,696.9198124324346,2588210,416967,10455702,28310,"{""thermal_zone0"": 62000, ""thermal_zone1"": 65000}","{""cpu0"": 1600000, ""cpu1"": 1600000, ""cpu2"": 1600000, ""cpu3"": 1600000, ""cpu4"": 1600000, ""cpu5"": 1600000, ""cpu6"": 1600000, ""cpu7"": 1600000}"
73638503,7503986688,10087837696,1327960,29572,3756236800,2994094080,8,239.19147887459772,2588219,416979,10455782,28310,"{""thermal_zone0"": 56000, ""thermal_zone1"": 57000}","{""cpu0"": 1600000, ""cpu1"": 1600000, ""cpu2"": 1600000, ""cpu3"": 1600000, ""cpu4"": 1600000, ""cpu5"": 1600000, ""cpu6"": 1600000, ""cpu7"": 1600000}"
73763882,7151181824,10087837696,1327960,29572,3756236800,3345702912,8,103.68567397614245,2588221,416992,10455868,28310,"{""thermal_zone0"": 52000, ""thermal_zone1"": 55000}","{""cpu0"": 1600000, ""cpu1"": 1600000, ""cpu2"": 1600000, ""cpu3"": 1600000, ""cpu4"": 1600000, ""cpu5"": 1600000, ""cpu6"": 1600000, ""cpu7"": 1600000}"
73890671,6807248896,10087837696,1327960,29572,3756236800,3702448128,8,94.64475226318079,2588223,417006,10455956,28310,"{""thermal_zone0"": 52000, ""thermal_zone1"": 54000}","{""cpu0"": 1600000, ""cpu1"": 1600000, ""cpu2"": 1600000, ""cpu3"": 1600000, ""cpu4"": 1600000, ""cpu5"": 1600000, ""cpu6"": 1600000, ""cpu7"": 1600000}"
74023692,6431465472,10087837696,1327960,29572,3756236800,4093513728,8,105.24690080954716,2588226,417020,10456045,28310,"{""thermal_zone0"": 50000, ""thermal_zone1"": 52000}","{""cpu0"": 1600000, ""cpu1"": 1600000, ""cpu2"": 1600000, ""cpu3"": 1600000, ""cpu4"": 1600000, ""cpu5"": 1600000, ""cpu6"": 1600000, ""cpu7"": 1600000}"
74155623,6025011200,10087837696,1327960,29572,3756236800,4494852096,8,90.95639098865928,2588228,417033,10456132,28310,"{""thermal_zone0"": 50000, ""thermal_zone1"": 52000}","{""cpu0"": 1600000, ""cpu1"": 1600000, ""cpu2"": 1600000, ""cpu3"": 1600000, ""cpu4"": 1600000, ""cpu5"": 1600000, ""cpu6"": 1600000, ""cpu7"": 1600000}"
74282331,5628649472,10087837696,1327960,29572,3756236800,4875685888,8,102.59833681624433,2588230,417047,10456218,28310,"{""thermal_zone0"": 49000, ""thermal_zone1"": 51000}","{""cpu0"": 1600000, ""cpu1"": 1600000, ""cpu2"": 1600000, ""cpu3"": 1600000, ""cpu4"": 1600000, ""cpu5"": 1600000, ""cpu6"": 1600000, ""cpu7"": 1600000}"
74407863,5267939328,10087837696,1327960,29572,3756236800,5247664128,8,103.55957768563545,2588232,417060,10456304,28310,"{""thermal_zone0"": 49000, ""thermal_zone1"": 52000}","{""cpu0"": 1600000, ""cpu1"": 1600000, ""cpu2"": 1600000, ""cpu3"": 1600000, ""cpu4"": 1600000, ""cpu5"": 1600000, ""cpu6"": 1600000, ""cpu7"": 1600000}"
74536878,4882268160,10087837696,1327960,29572,3756236800,5631901696,8,100.76295930053082,2588234,417073,10456391,28310,"{""thermal_zone0"": 49000, ""thermal_zone1"": 50000}","{""cpu0"": 1600000, ""cpu1"": 1600000, ""cpu2"": 1600000, ""cpu3"": 1600000, ""cpu4"": 1600000, ""cpu5"": 1600000, ""cpu6"": 1600000, ""cpu7"": 1600000}"
74665918,4515061760,10087837696,1327960,29572,3756236800,6003499008,8,100.74451201826619,2588236,417087,10456479,28310,"{""thermal_zone0"": 49000, ""thermal_zone1"": 50000}","{""cpu0"": 1600000, ""cpu1"": 1600000, ""cpu2"": 1600000, ""cpu3"": 1600000, ""cpu4"": 1600000, ""cpu5"": 1600000, ""cpu6"": 1600000, ""cpu7"": 1600000}"
74795685,4167254016,10087837696,1327960,29572,3756236800,6330757120,8,100.17901990857663,2588238,417101,10456565,28310,"{""thermal_zone0"": 48000, ""thermal_zone1"": 50000}","{""cpu0"": 1600000, ""cpu1"": 1600000, ""cpu2"": 1600000, ""cpu3"": 1600000, ""cpu4"": 1600000, ""cpu5"": 1600000, ""cpu6"": 1600000, ""cpu7"": 1600000}"
74921561,3849469952,10087837696,1327960,29572,3756236800,6659555328,8,95.33202830671671,2588240,417115,10456651,28310,"{""thermal_zone0"": 48000, ""thermal_zone1"": 50000}","{""cpu0"": 1600000, ""cpu1"": 1600000, ""cpu2"": 1600000, ""cpu3"": 1600000, ""cpu4"": 1600000, ""cpu5"": 1600000, ""cpu6"": 1600000, ""cpu7"": 1600000}"
75050851,3527303168,10087837696,1327960,29572,3756236800,6983008256,8,100.54919272959108,2588242,417128,10456738,28310,"{""thermal_zone0"": 48000, ""thermal_zone1"": 50000}","{""cpu0"": 1600000, ""cpu1"": 1600000, ""cpu2"": 1600000, ""cpu3"": 1600000, ""cpu4"": 1600000, ""cpu5"": 1600000, ""cpu6"": 1600000, ""cpu7"": 1600000}"
75178946,3193856000,10087837696,1327960,29572,3756236800,7318073344,8,101.48749677552755,2588244,417142,10456826,28310,"{""thermal_zone0"": 48000, ""thermal_zone1"": 49000}","{""cpu0"": 1600000, ""cpu1"": 1600000, ""cpu2"": 1600000, ""cpu3"": 1600000, ""cpu4"": 1600000, ""cpu5"": 1600000, ""cpu6"": 1600000, ""cpu7"": 1600000}"
75308672,2896117760,10087837696,1327960,29572,3756236800,7610544128,8,100.21097107398758,2588246,417155,10456912,28310,"{""thermal_zone0"": 47000, ""thermal_zone1"": 49000}","{""cpu0"": 1600000, ""cpu1"": 1600000, ""cpu2"": 1600000, ""cpu3"": 1600000, ""cpu4"": 1600000, ""cpu5"": 1600000, ""cpu6"": 1600000, ""cpu7"": 1600000}"
75434873,2712326144,5094998016,1327974,29572,3756236800,7795040256,8,95.0865597120893,2588255,417163,10457000,28310,"{""thermal_zone0"": 47000, ""thermal_zone1"": 48000}","{""cpu0"": 1600000, ""cpu1"": 1600000, ""cpu2"": 1600000, ""cpu3"": 1600000, ""cpu4"": 1600000, ""cpu5"": 1600000, ""cpu6"": 1600000, ""cpu7"": 1600000}"
75566455,2702430208,5084848128,1329219,29573,3756367872,7795974144,8,98.79731069768388,2588268,417164,10457087,28310,"{""thermal_zone0"": 47000, ""thermal_zone1"": 48000}","{""cpu0"": 1600000, ""cpu1"": 1600000, ""cpu2"": 1600000, ""cpu3"": 1600000, ""cpu4"": 1600000, ""cpu5"": 1600000, ""cpu6"": 1600000, ""cpu7"": 1600000}"
75694905,2702430208,5084848128,1329219,29573,3756367872,7795974144,8,101.20659120848549,2588284,417166,10457174,28310,"{""thermal_zone0"": 46000, ""thermal_zone1"": 48000}","{""cpu0"": 1600000, ""cpu1"": 1600000, ""cpu2"": 1600000, ""cpu3"": 1600000, ""cpu4"": 1600000, ""cpu5"": 1600000, ""cpu6"": 1600000, ""cpu7"": 1600000}"
75823898,2162012160,5084581888,1329220,29573,3756367872,7795974144,8,100.78069767453579,2588286,417178,10457260,28310,"{""thermal_zone0"": 46000, ""thermal_zone1"": 48000}","{""cpu0"": 1600000, ""cpu1"": 1600000, ""cpu2"": 1600000, ""cpu3"": 1600000, ""cpu4"": 1600000, ""cpu5"": 1600000, ""cpu6"": 1600000, ""cpu7"": 1600000}"
75949049,1557745664,5084581888,1329220,29573,3756367872,7795974144,8,103.87449551054031,2588288,417191,10457345,28310,"{""thermal_zone0"": 47000, ""thermal_zone1"": 48000}","{""cpu0"": 1600000, ""cpu1"": 1600000, ""cpu2"": 1600000, ""cpu3"": 1600000, ""cpu4"": 1600000, ""cpu5"": 1600000, ""cpu6"": 1600000, ""cpu7"": 1600000}"
76074574,984862720,5084581888,1329220,29573,3756367872,7795974144,8,95.5987232121324,2588290,417204,10457430,28310,"{""thermal_zone0"": 46000, ""thermal_zone1"": 48000}","{""cpu0"": 1600000, ""cpu1"": 1600000, ""cpu2"": 1600000, ""cpu3"": 1600000, ""cpu4"": 1600000, ""cpu5"": 1600000, ""cpu6"": 1600000, ""cpu7"": 1600000}"
76199852,392527872,5084581888,1329220,29573,3756367872,7795974144,8,103.76909135760559,2588292,417217,10457515,28310,"{""thermal_zone0"": 46000, ""thermal_zone1"": 48000}","{""cpu0"": 1600000, ""cpu1"": 1600000, ""cpu2"": 1600000, ""cpu3"": 1600000, ""cpu4"": 1600000, ""cpu5"": 1600000, ""cpu6"": 1600000, ""cpu7"": 1600000}"
