artifact,block_index,semantic_role,layer,tensor_name,group,quantization,logical_payload_bytes,physical_aligned_extent_bytes,header_bytes,existing_slack_bytes,free_bits_per_weight,base_shift,base_step,offset,payload_offset,alignment_boundary,slack_location,size_bucket
0.6B,0,Control/Other,,Bootstrap,control,control,64,72,8,0,0,3,8,24,32,8,none,<4KiB
0.6B,1,Control/Other,,ModelMetadataControl,control,control,104,112,8,0,0,3,8,96,104,8,none,<4KiB
0.6B,2,Control/Other,,Metadata.Architecture,control,control,5,16,8,3,0,3,8,208,216,8,between payload end and next canonical block,<4KiB
0.6B,3,Control/Other,,Metadata.ContextLength,control,control,8,16,8,0,0,3,8,224,232,8,none,<4KiB
0.6B,4,Control/Other,,Metadata.EmbeddingLength,control,control,8,16,8,0,0,3,8,240,248,8,none,<4KiB
0.6B,5,Control/Other,,Metadata.LayerCount,control,control,8,16,8,0,0,3,8,256,264,8,none,<4KiB
0.6B,6,Control/Other,,Metadata.HeadCount,control,control,8,16,8,0,0,3,8,272,280,8,none,<4KiB
0.6B,7,Control/Other,,Metadata.FeedForwardLength,control,control,8,16,8,0,0,3,8,288,296,8,none,<4KiB
0.6B,8,Control/Other,,Metadata.NormalizationEpsilon,control,control,8,16,8,0,0,3,8,304,312,8,none,<4KiB
0.6B,9,Control/Other,,Metadata.RopeTheta,control,control,8,16,8,0,0,3,8,320,328,8,none,<4KiB
0.6B,10,Control/Other,,Metadata.KVHeadCount,control,control,8,16,8,0,0,3,8,336,344,8,none,<4KiB
0.6B,11,Control/Other,,Metadata.KeyHeadDimension,control,control,8,16,8,0,0,3,8,352,360,8,none,<4KiB
0.6B,12,Control/Other,,Metadata.ValueHeadDimension,control,control,8,16,8,0,0,3,8,368,376,8,none,<4KiB
0.6B,13,Control/Other,,TensorDirectory,control,control,13933,13944,8,3,0,3,8,384,392,8,between payload end and next canonical block,4KiB-1MiB
0.6B,14,Control/Other,,TokenizerControl,control,control,164,176,8,4,0,3,8,14328,14336,8,between payload end and next canonical block,<4KiB
0.6B,15,Control/Other,,TokenTextBytes,tokenizer,control,1372760,1372776,16,0,0,3,8,14504,14520,8,none,1-64MiB
0.6B,16,Control/Other,,TokenOffsets,tokenizer,control,1215496,1215512,16,0,0,3,8,1387280,1387296,8,none,1-64MiB
0.6B,17,Control/Other,,TokenTypes,tokenizer,control,607744,607760,16,0,0,3,8,2602792,2602808,8,none,4KiB-1MiB
0.6B,18,Control/Other,,MergeLeftIds,tokenizer,control,605548,605568,16,4,0,3,8,3210552,3210568,8,between payload end and next canonical block,4KiB-1MiB
0.6B,19,Control/Other,,MergeRightIds,tokenizer,control,605548,605568,16,4,0,3,8,3816120,3816136,8,between payload end and next canonical block,4KiB-1MiB
0.6B,20,Control/Other,,TokenizerModelIdentity,tokenizer,control,1,16,8,7,0,3,8,4421688,4421696,8,between payload end and next canonical block,<4KiB
0.6B,21,Control/Other,,PreTokenizerIdentity,tokenizer,control,1,16,8,7,0,3,8,4421704,4421712,8,between payload end and next canonical block,<4KiB
0.6B,22,Control/Other,,AddBos,tokenizer,control,1,16,8,7,0,3,8,4421720,4421728,8,between payload end and next canonical block,<4KiB
0.6B,23,Control/Other,,ChatTemplate,tokenizer,control,4100,4112,8,4,0,3,8,4421736,4421744,8,between payload end and next canonical block,4KiB-1MiB
0.6B,24,Control/Other,,Special.BosId,tokenizer,control,8,16,8,0,0,3,8,4425848,4425856,8,none,<4KiB
0.6B,25,Control/Other,,Special.EosId,tokenizer,control,8,16,8,0,0,3,8,4425864,4425872,8,none,<4KiB
0.6B,26,Control/Other,,Special.PadId,tokenizer,control,8,16,8,0,0,3,8,4425880,4425888,8,none,<4KiB
0.6B,27,TokenEmbedding,,token_embd.weight,tensor,Q8_0,165306368,165306384,16,0,0.0,3,8,4425896,4425912,8,none,>=64MiB
0.6B,28,Norm,0,blk.0.attn_norm.weight,tensor,F32,4096,4104,8,0,0.0,3,8,169732280,169732288,8,none,4KiB-1MiB
0.6B,29,Q,0,blk.0.attn_q.weight,tensor,Q8_0,2228224,2228240,16,0,0.0,3,8,169736384,169736400,8,none,1-64MiB
0.6B,30,Norm,0,blk.0.attn_q_norm.weight,tensor,F32,512,520,8,0,0.0,3,8,171964624,171964632,8,none,<4KiB
0.6B,31,K,0,blk.0.attn_k.weight,tensor,Q8_0,1114112,1114128,16,0,0.0,3,8,171965144,171965160,8,none,1-64MiB
0.6B,32,Norm,0,blk.0.attn_k_norm.weight,tensor,F32,512,520,8,0,0.0,3,8,173079272,173079280,8,none,<4KiB
0.6B,33,V,0,blk.0.attn_v.weight,tensor,Q8_0,1114112,1114128,16,0,0.0,3,8,173079792,173079808,8,none,1-64MiB
0.6B,34,AttentionOutput,0,blk.0.attn_output.weight,tensor,Q8_0,2228224,2228240,16,0,0.0,3,8,174193920,174193936,8,none,1-64MiB
0.6B,35,Norm,0,blk.0.ffn_norm.weight,tensor,F32,4096,4104,8,0,0.0,3,8,176422160,176422168,8,none,4KiB-1MiB
0.6B,36,FFNGate,0,blk.0.ffn_gate.weight,tensor,Q8_0,3342336,3342352,16,0,0.0,3,8,176426264,176426280,8,none,1-64MiB
0.6B,37,FFNUp,0,blk.0.ffn_up.weight,tensor,Q8_0,3342336,3342352,16,0,0.0,3,8,179768616,179768632,8,none,1-64MiB
0.6B,38,FFNDown,0,blk.0.ffn_down.weight,tensor,Q8_0,3342336,3342352,16,0,0.0,3,8,183110968,183110984,8,none,1-64MiB
0.6B,39,Norm,1,blk.1.attn_norm.weight,tensor,F32,4096,4104,8,0,0.0,3,8,186453320,186453328,8,none,4KiB-1MiB
0.6B,40,Q,1,blk.1.attn_q.weight,tensor,Q8_0,2228224,2228240,16,0,0.0,3,8,186457424,186457440,8,none,1-64MiB
0.6B,41,Norm,1,blk.1.attn_q_norm.weight,tensor,F32,512,520,8,0,0.0,3,8,188685664,188685672,8,none,<4KiB
0.6B,42,K,1,blk.1.attn_k.weight,tensor,Q8_0,1114112,1114128,16,0,0.0,3,8,188686184,188686200,8,none,1-64MiB
0.6B,43,Norm,1,blk.1.attn_k_norm.weight,tensor,F32,512,520,8,0,0.0,3,8,189800312,189800320,8,none,<4KiB
0.6B,44,V,1,blk.1.attn_v.weight,tensor,Q8_0,1114112,1114128,16,0,0.0,3,8,189800832,189800848,8,none,1-64MiB
0.6B,45,AttentionOutput,1,blk.1.attn_output.weight,tensor,Q8_0,2228224,2228240,16,0,0.0,3,8,190914960,190914976,8,none,1-64MiB
0.6B,46,Norm,1,blk.1.ffn_norm.weight,tensor,F32,4096,4104,8,0,0.0,3,8,193143200,193143208,8,none,4KiB-1MiB
0.6B,47,FFNGate,1,blk.1.ffn_gate.weight,tensor,Q8_0,3342336,3342352,16,0,0.0,3,8,193147304,193147320,8,none,1-64MiB
0.6B,48,FFNUp,1,blk.1.ffn_up.weight,tensor,Q8_0,3342336,3342352,16,0,0.0,3,8,196489656,196489672,8,none,1-64MiB
0.6B,49,FFNDown,1,blk.1.ffn_down.weight,tensor,Q8_0,3342336,3342352,16,0,0.0,3,8,199832008,199832024,8,none,1-64MiB
0.6B,50,Norm,2,blk.2.attn_norm.weight,tensor,F32,4096,4104,8,0,0.0,3,8,203174360,203174368,8,none,4KiB-1MiB
0.6B,51,Q,2,blk.2.attn_q.weight,tensor,Q8_0,2228224,2228240,16,0,0.0,3,8,203178464,203178480,8,none,1-64MiB
0.6B,52,Norm,2,blk.2.attn_q_norm.weight,tensor,F32,512,520,8,0,0.0,3,8,205406704,205406712,8,none,<4KiB
0.6B,53,K,2,blk.2.attn_k.weight,tensor,Q8_0,1114112,1114128,16,0,0.0,3,8,205407224,205407240,8,none,1-64MiB
0.6B,54,Norm,2,blk.2.attn_k_norm.weight,tensor,F32,512,520,8,0,0.0,3,8,206521352,206521360,8,none,<4KiB
0.6B,55,V,2,blk.2.attn_v.weight,tensor,Q8_0,1114112,1114128,16,0,0.0,3,8,206521872,206521888,8,none,1-64MiB
0.6B,56,AttentionOutput,2,blk.2.attn_output.weight,tensor,Q8_0,2228224,2228240,16,0,0.0,3,8,207636000,207636016,8,none,1-64MiB
0.6B,57,Norm,2,blk.2.ffn_norm.weight,tensor,F32,4096,4104,8,0,0.0,3,8,209864240,209864248,8,none,4KiB-1MiB
0.6B,58,FFNGate,2,blk.2.ffn_gate.weight,tensor,Q8_0,3342336,3342352,16,0,0.0,3,8,209868344,209868360,8,none,1-64MiB
0.6B,59,FFNUp,2,blk.2.ffn_up.weight,tensor,Q8_0,3342336,3342352,16,0,0.0,3,8,213210696,213210712,8,none,1-64MiB
0.6B,60,FFNDown,2,blk.2.ffn_down.weight,tensor,Q8_0,3342336,3342352,16,0,0.0,3,8,216553048,216553064,8,none,1-64MiB
0.6B,61,Norm,3,blk.3.attn_norm.weight,tensor,F32,4096,4104,8,0,0.0,3,8,219895400,219895408,8,none,4KiB-1MiB
0.6B,62,Q,3,blk.3.attn_q.weight,tensor,Q8_0,2228224,2228240,16,0,0.0,3,8,219899504,219899520,8,none,1-64MiB
0.6B,63,Norm,3,blk.3.attn_q_norm.weight,tensor,F32,512,520,8,0,0.0,3,8,222127744,222127752,8,none,<4KiB
0.6B,64,K,3,blk.3.attn_k.weight,tensor,Q8_0,1114112,1114128,16,0,0.0,3,8,222128264,222128280,8,none,1-64MiB
0.6B,65,Norm,3,blk.3.attn_k_norm.weight,tensor,F32,512,520,8,0,0.0,3,8,223242392,223242400,8,none,<4KiB
0.6B,66,V,3,blk.3.attn_v.weight,tensor,Q8_0,1114112,1114128,16,0,0.0,3,8,223242912,223242928,8,none,1-64MiB
0.6B,67,AttentionOutput,3,blk.3.attn_output.weight,tensor,Q8_0,2228224,2228240,16,0,0.0,3,8,224357040,224357056,8,none,1-64MiB
0.6B,68,Norm,3,blk.3.ffn_norm.weight,tensor,F32,4096,4104,8,0,0.0,3,8,226585280,226585288,8,none,4KiB-1MiB
0.6B,69,FFNGate,3,blk.3.ffn_gate.weight,tensor,Q8_0,3342336,3342352,16,0,0.0,3,8,226589384,226589400,8,none,1-64MiB
0.6B,70,FFNUp,3,blk.3.ffn_up.weight,tensor,Q8_0,3342336,3342352,16,0,0.0,3,8,229931736,229931752,8,none,1-64MiB
0.6B,71,FFNDown,3,blk.3.ffn_down.weight,tensor,Q8_0,3342336,3342352,16,0,0.0,3,8,233274088,233274104,8,none,1-64MiB
0.6B,72,Norm,4,blk.4.attn_norm.weight,tensor,F32,4096,4104,8,0,0.0,3,8,236616440,236616448,8,none,4KiB-1MiB
0.6B,73,Q,4,blk.4.attn_q.weight,tensor,Q8_0,2228224,2228240,16,0,0.0,3,8,236620544,236620560,8,none,1-64MiB
0.6B,74,Norm,4,blk.4.attn_q_norm.weight,tensor,F32,512,520,8,0,0.0,3,8,238848784,238848792,8,none,<4KiB
0.6B,75,K,4,blk.4.attn_k.weight,tensor,Q8_0,1114112,1114128,16,0,0.0,3,8,238849304,238849320,8,none,1-64MiB
0.6B,76,Norm,4,blk.4.attn_k_norm.weight,tensor,F32,512,520,8,0,0.0,3,8,239963432,239963440,8,none,<4KiB
0.6B,77,V,4,blk.4.attn_v.weight,tensor,Q8_0,1114112,1114128,16,0,0.0,3,8,239963952,239963968,8,none,1-64MiB
0.6B,78,AttentionOutput,4,blk.4.attn_output.weight,tensor,Q8_0,2228224,2228240,16,0,0.0,3,8,241078080,241078096,8,none,1-64MiB
0.6B,79,Norm,4,blk.4.ffn_norm.weight,tensor,F32,4096,4104,8,0,0.0,3,8,243306320,243306328,8,none,4KiB-1MiB
0.6B,80,FFNGate,4,blk.4.ffn_gate.weight,tensor,Q8_0,3342336,3342352,16,0,0.0,3,8,243310424,243310440,8,none,1-64MiB
0.6B,81,FFNUp,4,blk.4.ffn_up.weight,tensor,Q8_0,3342336,3342352,16,0,0.0,3,8,246652776,246652792,8,none,1-64MiB
0.6B,82,FFNDown,4,blk.4.ffn_down.weight,tensor,Q8_0,3342336,3342352,16,0,0.0,3,8,249995128,249995144,8,none,1-64MiB
0.6B,83,Norm,5,blk.5.attn_norm.weight,tensor,F32,4096,4104,8,0,0.0,3,8,253337480,253337488,8,none,4KiB-1MiB
0.6B,84,Q,5,blk.5.attn_q.weight,tensor,Q8_0,2228224,2228240,16,0,0.0,3,8,253341584,253341600,8,none,1-64MiB
0.6B,85,Norm,5,blk.5.attn_q_norm.weight,tensor,F32,512,520,8,0,0.0,3,8,255569824,255569832,8,none,<4KiB
0.6B,86,K,5,blk.5.attn_k.weight,tensor,Q8_0,1114112,1114128,16,0,0.0,3,8,255570344,255570360,8,none,1-64MiB
0.6B,87,Norm,5,blk.5.attn_k_norm.weight,tensor,F32,512,520,8,0,0.0,3,8,256684472,256684480,8,none,<4KiB
0.6B,88,V,5,blk.5.attn_v.weight,tensor,Q8_0,1114112,1114128,16,0,0.0,3,8,256684992,256685008,8,none,1-64MiB
0.6B,89,AttentionOutput,5,blk.5.attn_output.weight,tensor,Q8_0,2228224,2228240,16,0,0.0,3,8,257799120,257799136,8,none,1-64MiB
0.6B,90,Norm,5,blk.5.ffn_norm.weight,tensor,F32,4096,4104,8,0,0.0,3,8,260027360,260027368,8,none,4KiB-1MiB
0.6B,91,FFNGate,5,blk.5.ffn_gate.weight,tensor,Q8_0,3342336,3342352,16,0,0.0,3,8,260031464,260031480,8,none,1-64MiB
0.6B,92,FFNUp,5,blk.5.ffn_up.weight,tensor,Q8_0,3342336,3342352,16,0,0.0,3,8,263373816,263373832,8,none,1-64MiB
0.6B,93,FFNDown,5,blk.5.ffn_down.weight,tensor,Q8_0,3342336,3342352,16,0,0.0,3,8,266716168,266716184,8,none,1-64MiB
0.6B,94,Norm,6,blk.6.attn_norm.weight,tensor,F32,4096,4104,8,0,0.0,3,8,270058520,270058528,8,none,4KiB-1MiB
0.6B,95,Q,6,blk.6.attn_q.weight,tensor,Q8_0,2228224,2228240,16,0,0.0,3,8,270062624,270062640,8,none,1-64MiB
0.6B,96,Norm,6,blk.6.attn_q_norm.weight,tensor,F32,512,520,8,0,0.0,3,8,272290864,272290872,8,none,<4KiB
0.6B,97,K,6,blk.6.attn_k.weight,tensor,Q8_0,1114112,1114128,16,0,0.0,3,8,272291384,272291400,8,none,1-64MiB
0.6B,98,Norm,6,blk.6.attn_k_norm.weight,tensor,F32,512,520,8,0,0.0,3,8,273405512,273405520,8,none,<4KiB
0.6B,99,V,6,blk.6.attn_v.weight,tensor,Q8_0,1114112,1114128,16,0,0.0,3,8,273406032,273406048,8,none,1-64MiB
0.6B,100,AttentionOutput,6,blk.6.attn_output.weight,tensor,Q8_0,2228224,2228240,16,0,0.0,3,8,274520160,274520176,8,none,1-64MiB
0.6B,101,Norm,6,blk.6.ffn_norm.weight,tensor,F32,4096,4104,8,0,0.0,3,8,276748400,276748408,8,none,4KiB-1MiB
0.6B,102,FFNGate,6,blk.6.ffn_gate.weight,tensor,Q8_0,3342336,3342352,16,0,0.0,3,8,276752504,276752520,8,none,1-64MiB
0.6B,103,FFNUp,6,blk.6.ffn_up.weight,tensor,Q8_0,3342336,3342352,16,0,0.0,3,8,280094856,280094872,8,none,1-64MiB
0.6B,104,FFNDown,6,blk.6.ffn_down.weight,tensor,Q8_0,3342336,3342352,16,0,0.0,3,8,283437208,283437224,8,none,1-64MiB
0.6B,105,Norm,7,blk.7.attn_norm.weight,tensor,F32,4096,4104,8,0,0.0,3,8,286779560,286779568,8,none,4KiB-1MiB
0.6B,106,Q,7,blk.7.attn_q.weight,tensor,Q8_0,2228224,2228240,16,0,0.0,3,8,286783664,286783680,8,none,1-64MiB
0.6B,107,Norm,7,blk.7.attn_q_norm.weight,tensor,F32,512,520,8,0,0.0,3,8,289011904,289011912,8,none,<4KiB
0.6B,108,K,7,blk.7.attn_k.weight,tensor,Q8_0,1114112,1114128,16,0,0.0,3,8,289012424,289012440,8,none,1-64MiB
0.6B,109,Norm,7,blk.7.attn_k_norm.weight,tensor,F32,512,520,8,0,0.0,3,8,290126552,290126560,8,none,<4KiB
0.6B,110,V,7,blk.7.attn_v.weight,tensor,Q8_0,1114112,1114128,16,0,0.0,3,8,290127072,290127088,8,none,1-64MiB
0.6B,111,AttentionOutput,7,blk.7.attn_output.weight,tensor,Q8_0,2228224,2228240,16,0,0.0,3,8,291241200,291241216,8,none,1-64MiB
0.6B,112,Norm,7,blk.7.ffn_norm.weight,tensor,F32,4096,4104,8,0,0.0,3,8,293469440,293469448,8,none,4KiB-1MiB
0.6B,113,FFNGate,7,blk.7.ffn_gate.weight,tensor,Q8_0,3342336,3342352,16,0,0.0,3,8,293473544,293473560,8,none,1-64MiB
0.6B,114,FFNUp,7,blk.7.ffn_up.weight,tensor,Q8_0,3342336,3342352,16,0,0.0,3,8,296815896,296815912,8,none,1-64MiB
0.6B,115,FFNDown,7,blk.7.ffn_down.weight,tensor,Q8_0,3342336,3342352,16,0,0.0,3,8,300158248,300158264,8,none,1-64MiB
0.6B,116,Norm,8,blk.8.attn_norm.weight,tensor,F32,4096,4104,8,0,0.0,3,8,303500600,303500608,8,none,4KiB-1MiB
0.6B,117,Q,8,blk.8.attn_q.weight,tensor,Q8_0,2228224,2228240,16,0,0.0,3,8,303504704,303504720,8,none,1-64MiB
0.6B,118,Norm,8,blk.8.attn_q_norm.weight,tensor,F32,512,520,8,0,0.0,3,8,305732944,305732952,8,none,<4KiB
0.6B,119,K,8,blk.8.attn_k.weight,tensor,Q8_0,1114112,1114128,16,0,0.0,3,8,305733464,305733480,8,none,1-64MiB
0.6B,120,Norm,8,blk.8.attn_k_norm.weight,tensor,F32,512,520,8,0,0.0,3,8,306847592,306847600,8,none,<4KiB
0.6B,121,V,8,blk.8.attn_v.weight,tensor,Q8_0,1114112,1114128,16,0,0.0,3,8,306848112,306848128,8,none,1-64MiB
0.6B,122,AttentionOutput,8,blk.8.attn_output.weight,tensor,Q8_0,2228224,2228240,16,0,0.0,3,8,307962240,307962256,8,none,1-64MiB
0.6B,123,Norm,8,blk.8.ffn_norm.weight,tensor,F32,4096,4104,8,0,0.0,3,8,310190480,310190488,8,none,4KiB-1MiB
0.6B,124,FFNGate,8,blk.8.ffn_gate.weight,tensor,Q8_0,3342336,3342352,16,0,0.0,3,8,310194584,310194600,8,none,1-64MiB
0.6B,125,FFNUp,8,blk.8.ffn_up.weight,tensor,Q8_0,3342336,3342352,16,0,0.0,3,8,313536936,313536952,8,none,1-64MiB
0.6B,126,FFNDown,8,blk.8.ffn_down.weight,tensor,Q8_0,3342336,3342352,16,0,0.0,3,8,316879288,316879304,8,none,1-64MiB
0.6B,127,Norm,9,blk.9.attn_norm.weight,tensor,F32,4096,4104,8,0,0.0,3,8,320221640,320221648,8,none,4KiB-1MiB
0.6B,128,Q,9,blk.9.attn_q.weight,tensor,Q8_0,2228224,2228240,16,0,0.0,3,8,320225744,320225760,8,none,1-64MiB
0.6B,129,Norm,9,blk.9.attn_q_norm.weight,tensor,F32,512,520,8,0,0.0,3,8,322453984,322453992,8,none,<4KiB
0.6B,130,K,9,blk.9.attn_k.weight,tensor,Q8_0,1114112,1114128,16,0,0.0,3,8,322454504,322454520,8,none,1-64MiB
0.6B,131,Norm,9,blk.9.attn_k_norm.weight,tensor,F32,512,520,8,0,0.0,3,8,323568632,323568640,8,none,<4KiB
0.6B,132,V,9,blk.9.attn_v.weight,tensor,Q8_0,1114112,1114128,16,0,0.0,3,8,323569152,323569168,8,none,1-64MiB
0.6B,133,AttentionOutput,9,blk.9.attn_output.weight,tensor,Q8_0,2228224,2228240,16,0,0.0,3,8,324683280,324683296,8,none,1-64MiB
0.6B,134,Norm,9,blk.9.ffn_norm.weight,tensor,F32,4096,4104,8,0,0.0,3,8,326911520,326911528,8,none,4KiB-1MiB
0.6B,135,FFNGate,9,blk.9.ffn_gate.weight,tensor,Q8_0,3342336,3342352,16,0,0.0,3,8,326915624,326915640,8,none,1-64MiB
0.6B,136,FFNUp,9,blk.9.ffn_up.weight,tensor,Q8_0,3342336,3342352,16,0,0.0,3,8,330257976,330257992,8,none,1-64MiB
0.6B,137,FFNDown,9,blk.9.ffn_down.weight,tensor,Q8_0,3342336,3342352,16,0,0.0,3,8,333600328,333600344,8,none,1-64MiB
0.6B,138,Norm,10,blk.10.attn_norm.weight,tensor,F32,4096,4104,8,0,0.0,3,8,336942680,336942688,8,none,4KiB-1MiB
0.6B,139,Q,10,blk.10.attn_q.weight,tensor,Q8_0,2228224,2228240,16,0,0.0,3,8,336946784,336946800,8,none,1-64MiB
0.6B,140,Norm,10,blk.10.attn_q_norm.weight,tensor,F32,512,520,8,0,0.0,3,8,339175024,339175032,8,none,<4KiB
0.6B,141,K,10,blk.10.attn_k.weight,tensor,Q8_0,1114112,1114128,16,0,0.0,3,8,339175544,339175560,8,none,1-64MiB
0.6B,142,Norm,10,blk.10.attn_k_norm.weight,tensor,F32,512,520,8,0,0.0,3,8,340289672,340289680,8,none,<4KiB
0.6B,143,V,10,blk.10.attn_v.weight,tensor,Q8_0,1114112,1114128,16,0,0.0,3,8,340290192,340290208,8,none,1-64MiB
0.6B,144,AttentionOutput,10,blk.10.attn_output.weight,tensor,Q8_0,2228224,2228240,16,0,0.0,3,8,341404320,341404336,8,none,1-64MiB
0.6B,145,Norm,10,blk.10.ffn_norm.weight,tensor,F32,4096,4104,8,0,0.0,3,8,343632560,343632568,8,none,4KiB-1MiB
0.6B,146,FFNGate,10,blk.10.ffn_gate.weight,tensor,Q8_0,3342336,3342352,16,0,0.0,3,8,343636664,343636680,8,none,1-64MiB
0.6B,147,FFNUp,10,blk.10.ffn_up.weight,tensor,Q8_0,3342336,3342352,16,0,0.0,3,8,346979016,346979032,8,none,1-64MiB
0.6B,148,FFNDown,10,blk.10.ffn_down.weight,tensor,Q8_0,3342336,3342352,16,0,0.0,3,8,350321368,350321384,8,none,1-64MiB
0.6B,149,Norm,11,blk.11.attn_norm.weight,tensor,F32,4096,4104,8,0,0.0,3,8,353663720,353663728,8,none,4KiB-1MiB
0.6B,150,Q,11,blk.11.attn_q.weight,tensor,Q8_0,2228224,2228240,16,0,0.0,3,8,353667824,353667840,8,none,1-64MiB
0.6B,151,Norm,11,blk.11.attn_q_norm.weight,tensor,F32,512,520,8,0,0.0,3,8,355896064,355896072,8,none,<4KiB
0.6B,152,K,11,blk.11.attn_k.weight,tensor,Q8_0,1114112,1114128,16,0,0.0,3,8,355896584,355896600,8,none,1-64MiB
0.6B,153,Norm,11,blk.11.attn_k_norm.weight,tensor,F32,512,520,8,0,0.0,3,8,357010712,357010720,8,none,<4KiB
0.6B,154,V,11,blk.11.attn_v.weight,tensor,Q8_0,1114112,1114128,16,0,0.0,3,8,357011232,357011248,8,none,1-64MiB
0.6B,155,AttentionOutput,11,blk.11.attn_output.weight,tensor,Q8_0,2228224,2228240,16,0,0.0,3,8,358125360,358125376,8,none,1-64MiB
0.6B,156,Norm,11,blk.11.ffn_norm.weight,tensor,F32,4096,4104,8,0,0.0,3,8,360353600,360353608,8,none,4KiB-1MiB
0.6B,157,FFNGate,11,blk.11.ffn_gate.weight,tensor,Q8_0,3342336,3342352,16,0,0.0,3,8,360357704,360357720,8,none,1-64MiB
0.6B,158,FFNUp,11,blk.11.ffn_up.weight,tensor,Q8_0,3342336,3342352,16,0,0.0,3,8,363700056,363700072,8,none,1-64MiB
0.6B,159,FFNDown,11,blk.11.ffn_down.weight,tensor,Q8_0,3342336,3342352,16,0,0.0,3,8,367042408,367042424,8,none,1-64MiB
0.6B,160,Norm,12,blk.12.attn_norm.weight,tensor,F32,4096,4104,8,0,0.0,3,8,370384760,370384768,8,none,4KiB-1MiB
0.6B,161,Q,12,blk.12.attn_q.weight,tensor,Q8_0,2228224,2228240,16,0,0.0,3,8,370388864,370388880,8,none,1-64MiB
0.6B,162,Norm,12,blk.12.attn_q_norm.weight,tensor,F32,512,520,8,0,0.0,3,8,372617104,372617112,8,none,<4KiB
0.6B,163,K,12,blk.12.attn_k.weight,tensor,Q8_0,1114112,1114128,16,0,0.0,3,8,372617624,372617640,8,none,1-64MiB
0.6B,164,Norm,12,blk.12.attn_k_norm.weight,tensor,F32,512,520,8,0,0.0,3,8,373731752,373731760,8,none,<4KiB
0.6B,165,V,12,blk.12.attn_v.weight,tensor,Q8_0,1114112,1114128,16,0,0.0,3,8,373732272,373732288,8,none,1-64MiB
0.6B,166,AttentionOutput,12,blk.12.attn_output.weight,tensor,Q8_0,2228224,2228240,16,0,0.0,3,8,374846400,374846416,8,none,1-64MiB
0.6B,167,Norm,12,blk.12.ffn_norm.weight,tensor,F32,4096,4104,8,0,0.0,3,8,377074640,377074648,8,none,4KiB-1MiB
0.6B,168,FFNGate,12,blk.12.ffn_gate.weight,tensor,Q8_0,3342336,3342352,16,0,0.0,3,8,377078744,377078760,8,none,1-64MiB
0.6B,169,FFNUp,12,blk.12.ffn_up.weight,tensor,Q8_0,3342336,3342352,16,0,0.0,3,8,380421096,380421112,8,none,1-64MiB
0.6B,170,FFNDown,12,blk.12.ffn_down.weight,tensor,Q8_0,3342336,3342352,16,0,0.0,3,8,383763448,383763464,8,none,1-64MiB
0.6B,171,Norm,13,blk.13.attn_norm.weight,tensor,F32,4096,4104,8,0,0.0,3,8,387105800,387105808,8,none,4KiB-1MiB
0.6B,172,Q,13,blk.13.attn_q.weight,tensor,Q8_0,2228224,2228240,16,0,0.0,3,8,387109904,387109920,8,none,1-64MiB
0.6B,173,Norm,13,blk.13.attn_q_norm.weight,tensor,F32,512,520,8,0,0.0,3,8,389338144,389338152,8,none,<4KiB
0.6B,174,K,13,blk.13.attn_k.weight,tensor,Q8_0,1114112,1114128,16,0,0.0,3,8,389338664,389338680,8,none,1-64MiB
0.6B,175,Norm,13,blk.13.attn_k_norm.weight,tensor,F32,512,520,8,0,0.0,3,8,390452792,390452800,8,none,<4KiB
0.6B,176,V,13,blk.13.attn_v.weight,tensor,Q8_0,1114112,1114128,16,0,0.0,3,8,390453312,390453328,8,none,1-64MiB
0.6B,177,AttentionOutput,13,blk.13.attn_output.weight,tensor,Q8_0,2228224,2228240,16,0,0.0,3,8,391567440,391567456,8,none,1-64MiB
0.6B,178,Norm,13,blk.13.ffn_norm.weight,tensor,F32,4096,4104,8,0,0.0,3,8,393795680,393795688,8,none,4KiB-1MiB
0.6B,179,FFNGate,13,blk.13.ffn_gate.weight,tensor,Q8_0,3342336,3342352,16,0,0.0,3,8,393799784,393799800,8,none,1-64MiB
0.6B,180,FFNUp,13,blk.13.ffn_up.weight,tensor,Q8_0,3342336,3342352,16,0,0.0,3,8,397142136,397142152,8,none,1-64MiB
0.6B,181,FFNDown,13,blk.13.ffn_down.weight,tensor,Q8_0,3342336,3342352,16,0,0.0,3,8,400484488,400484504,8,none,1-64MiB
0.6B,182,Norm,14,blk.14.attn_norm.weight,tensor,F32,4096,4104,8,0,0.0,3,8,403826840,403826848,8,none,4KiB-1MiB
0.6B,183,Q,14,blk.14.attn_q.weight,tensor,Q8_0,2228224,2228240,16,0,0.0,3,8,403830944,403830960,8,none,1-64MiB
0.6B,184,Norm,14,blk.14.attn_q_norm.weight,tensor,F32,512,520,8,0,0.0,3,8,406059184,406059192,8,none,<4KiB
0.6B,185,K,14,blk.14.attn_k.weight,tensor,Q8_0,1114112,1114128,16,0,0.0,3,8,406059704,406059720,8,none,1-64MiB
0.6B,186,Norm,14,blk.14.attn_k_norm.weight,tensor,F32,512,520,8,0,0.0,3,8,407173832,407173840,8,none,<4KiB
0.6B,187,V,14,blk.14.attn_v.weight,tensor,Q8_0,1114112,1114128,16,0,0.0,3,8,407174352,407174368,8,none,1-64MiB
0.6B,188,AttentionOutput,14,blk.14.attn_output.weight,tensor,Q8_0,2228224,2228240,16,0,0.0,3,8,408288480,408288496,8,none,1-64MiB
0.6B,189,Norm,14,blk.14.ffn_norm.weight,tensor,F32,4096,4104,8,0,0.0,3,8,410516720,410516728,8,none,4KiB-1MiB
0.6B,190,FFNGate,14,blk.14.ffn_gate.weight,tensor,Q8_0,3342336,3342352,16,0,0.0,3,8,410520824,410520840,8,none,1-64MiB
0.6B,191,FFNUp,14,blk.14.ffn_up.weight,tensor,Q8_0,3342336,3342352,16,0,0.0,3,8,413863176,413863192,8,none,1-64MiB
0.6B,192,FFNDown,14,blk.14.ffn_down.weight,tensor,Q8_0,3342336,3342352,16,0,0.0,3,8,417205528,417205544,8,none,1-64MiB
0.6B,193,Norm,15,blk.15.attn_norm.weight,tensor,F32,4096,4104,8,0,0.0,3,8,420547880,420547888,8,none,4KiB-1MiB
0.6B,194,Q,15,blk.15.attn_q.weight,tensor,Q8_0,2228224,2228240,16,0,0.0,3,8,420551984,420552000,8,none,1-64MiB
0.6B,195,Norm,15,blk.15.attn_q_norm.weight,tensor,F32,512,520,8,0,0.0,3,8,422780224,422780232,8,none,<4KiB
0.6B,196,K,15,blk.15.attn_k.weight,tensor,Q8_0,1114112,1114128,16,0,0.0,3,8,422780744,422780760,8,none,1-64MiB
0.6B,197,Norm,15,blk.15.attn_k_norm.weight,tensor,F32,512,520,8,0,0.0,3,8,423894872,423894880,8,none,<4KiB
0.6B,198,V,15,blk.15.attn_v.weight,tensor,Q8_0,1114112,1114128,16,0,0.0,3,8,423895392,423895408,8,none,1-64MiB
0.6B,199,AttentionOutput,15,blk.15.attn_output.weight,tensor,Q8_0,2228224,2228240,16,0,0.0,3,8,425009520,425009536,8,none,1-64MiB
0.6B,200,Norm,15,blk.15.ffn_norm.weight,tensor,F32,4096,4104,8,0,0.0,3,8,427237760,427237768,8,none,4KiB-1MiB
0.6B,201,FFNGate,15,blk.15.ffn_gate.weight,tensor,Q8_0,3342336,3342352,16,0,0.0,3,8,427241864,427241880,8,none,1-64MiB
0.6B,202,FFNUp,15,blk.15.ffn_up.weight,tensor,Q8_0,3342336,3342352,16,0,0.0,3,8,430584216,430584232,8,none,1-64MiB
0.6B,203,FFNDown,15,blk.15.ffn_down.weight,tensor,Q8_0,3342336,3342352,16,0,0.0,3,8,433926568,433926584,8,none,1-64MiB
0.6B,204,Norm,16,blk.16.attn_norm.weight,tensor,F32,4096,4104,8,0,0.0,3,8,437268920,437268928,8,none,4KiB-1MiB
0.6B,205,Q,16,blk.16.attn_q.weight,tensor,Q8_0,2228224,2228240,16,0,0.0,3,8,437273024,437273040,8,none,1-64MiB
0.6B,206,Norm,16,blk.16.attn_q_norm.weight,tensor,F32,512,520,8,0,0.0,3,8,439501264,439501272,8,none,<4KiB
0.6B,207,K,16,blk.16.attn_k.weight,tensor,Q8_0,1114112,1114128,16,0,0.0,3,8,439501784,439501800,8,none,1-64MiB
0.6B,208,Norm,16,blk.16.attn_k_norm.weight,tensor,F32,512,520,8,0,0.0,3,8,440615912,440615920,8,none,<4KiB
0.6B,209,V,16,blk.16.attn_v.weight,tensor,Q8_0,1114112,1114128,16,0,0.0,3,8,440616432,440616448,8,none,1-64MiB
0.6B,210,AttentionOutput,16,blk.16.attn_output.weight,tensor,Q8_0,2228224,2228240,16,0,0.0,3,8,441730560,441730576,8,none,1-64MiB
0.6B,211,Norm,16,blk.16.ffn_norm.weight,tensor,F32,4096,4104,8,0,0.0,3,8,443958800,443958808,8,none,4KiB-1MiB
0.6B,212,FFNGate,16,blk.16.ffn_gate.weight,tensor,Q8_0,3342336,3342352,16,0,0.0,3,8,443962904,443962920,8,none,1-64MiB
0.6B,213,FFNUp,16,blk.16.ffn_up.weight,tensor,Q8_0,3342336,3342352,16,0,0.0,3,8,447305256,447305272,8,none,1-64MiB
0.6B,214,FFNDown,16,blk.16.ffn_down.weight,tensor,Q8_0,3342336,3342352,16,0,0.0,3,8,450647608,450647624,8,none,1-64MiB
0.6B,215,Norm,17,blk.17.attn_norm.weight,tensor,F32,4096,4104,8,0,0.0,3,8,453989960,453989968,8,none,4KiB-1MiB
0.6B,216,Q,17,blk.17.attn_q.weight,tensor,Q8_0,2228224,2228240,16,0,0.0,3,8,453994064,453994080,8,none,1-64MiB
0.6B,217,Norm,17,blk.17.attn_q_norm.weight,tensor,F32,512,520,8,0,0.0,3,8,456222304,456222312,8,none,<4KiB
0.6B,218,K,17,blk.17.attn_k.weight,tensor,Q8_0,1114112,1114128,16,0,0.0,3,8,456222824,456222840,8,none,1-64MiB
0.6B,219,Norm,17,blk.17.attn_k_norm.weight,tensor,F32,512,520,8,0,0.0,3,8,457336952,457336960,8,none,<4KiB
0.6B,220,V,17,blk.17.attn_v.weight,tensor,Q8_0,1114112,1114128,16,0,0.0,3,8,457337472,457337488,8,none,1-64MiB
0.6B,221,AttentionOutput,17,blk.17.attn_output.weight,tensor,Q8_0,2228224,2228240,16,0,0.0,3,8,458451600,458451616,8,none,1-64MiB
0.6B,222,Norm,17,blk.17.ffn_norm.weight,tensor,F32,4096,4104,8,0,0.0,3,8,460679840,460679848,8,none,4KiB-1MiB
0.6B,223,FFNGate,17,blk.17.ffn_gate.weight,tensor,Q8_0,3342336,3342352,16,0,0.0,3,8,460683944,460683960,8,none,1-64MiB
0.6B,224,FFNUp,17,blk.17.ffn_up.weight,tensor,Q8_0,3342336,3342352,16,0,0.0,3,8,464026296,464026312,8,none,1-64MiB
0.6B,225,FFNDown,17,blk.17.ffn_down.weight,tensor,Q8_0,3342336,3342352,16,0,0.0,3,8,467368648,467368664,8,none,1-64MiB
0.6B,226,Norm,18,blk.18.attn_norm.weight,tensor,F32,4096,4104,8,0,0.0,3,8,470711000,470711008,8,none,4KiB-1MiB
0.6B,227,Q,18,blk.18.attn_q.weight,tensor,Q8_0,2228224,2228240,16,0,0.0,3,8,470715104,470715120,8,none,1-64MiB
0.6B,228,Norm,18,blk.18.attn_q_norm.weight,tensor,F32,512,520,8,0,0.0,3,8,472943344,472943352,8,none,<4KiB
0.6B,229,K,18,blk.18.attn_k.weight,tensor,Q8_0,1114112,1114128,16,0,0.0,3,8,472943864,472943880,8,none,1-64MiB
0.6B,230,Norm,18,blk.18.attn_k_norm.weight,tensor,F32,512,520,8,0,0.0,3,8,474057992,474058000,8,none,<4KiB
0.6B,231,V,18,blk.18.attn_v.weight,tensor,Q8_0,1114112,1114128,16,0,0.0,3,8,474058512,474058528,8,none,1-64MiB
0.6B,232,AttentionOutput,18,blk.18.attn_output.weight,tensor,Q8_0,2228224,2228240,16,0,0.0,3,8,475172640,475172656,8,none,1-64MiB
0.6B,233,Norm,18,blk.18.ffn_norm.weight,tensor,F32,4096,4104,8,0,0.0,3,8,477400880,477400888,8,none,4KiB-1MiB
0.6B,234,FFNGate,18,blk.18.ffn_gate.weight,tensor,Q8_0,3342336,3342352,16,0,0.0,3,8,477404984,477405000,8,none,1-64MiB
0.6B,235,FFNUp,18,blk.18.ffn_up.weight,tensor,Q8_0,3342336,3342352,16,0,0.0,3,8,480747336,480747352,8,none,1-64MiB
0.6B,236,FFNDown,18,blk.18.ffn_down.weight,tensor,Q8_0,3342336,3342352,16,0,0.0,3,8,484089688,484089704,8,none,1-64MiB
0.6B,237,Norm,19,blk.19.attn_norm.weight,tensor,F32,4096,4104,8,0,0.0,3,8,487432040,487432048,8,none,4KiB-1MiB
0.6B,238,Q,19,blk.19.attn_q.weight,tensor,Q8_0,2228224,2228240,16,0,0.0,3,8,487436144,487436160,8,none,1-64MiB
0.6B,239,Norm,19,blk.19.attn_q_norm.weight,tensor,F32,512,520,8,0,0.0,3,8,489664384,489664392,8,none,<4KiB
0.6B,240,K,19,blk.19.attn_k.weight,tensor,Q8_0,1114112,1114128,16,0,0.0,3,8,489664904,489664920,8,none,1-64MiB
0.6B,241,Norm,19,blk.19.attn_k_norm.weight,tensor,F32,512,520,8,0,0.0,3,8,490779032,490779040,8,none,<4KiB
0.6B,242,V,19,blk.19.attn_v.weight,tensor,Q8_0,1114112,1114128,16,0,0.0,3,8,490779552,490779568,8,none,1-64MiB
0.6B,243,AttentionOutput,19,blk.19.attn_output.weight,tensor,Q8_0,2228224,2228240,16,0,0.0,3,8,491893680,491893696,8,none,1-64MiB
0.6B,244,Norm,19,blk.19.ffn_norm.weight,tensor,F32,4096,4104,8,0,0.0,3,8,494121920,494121928,8,none,4KiB-1MiB
0.6B,245,FFNGate,19,blk.19.ffn_gate.weight,tensor,Q8_0,3342336,3342352,16,0,0.0,3,8,494126024,494126040,8,none,1-64MiB
0.6B,246,FFNUp,19,blk.19.ffn_up.weight,tensor,Q8_0,3342336,3342352,16,0,0.0,3,8,497468376,497468392,8,none,1-64MiB
0.6B,247,FFNDown,19,blk.19.ffn_down.weight,tensor,Q8_0,3342336,3342352,16,0,0.0,3,8,500810728,500810744,8,none,1-64MiB
0.6B,248,Norm,20,blk.20.attn_norm.weight,tensor,F32,4096,4104,8,0,0.0,3,8,504153080,504153088,8,none,4KiB-1MiB
0.6B,249,Q,20,blk.20.attn_q.weight,tensor,Q8_0,2228224,2228240,16,0,0.0,3,8,504157184,504157200,8,none,1-64MiB
0.6B,250,Norm,20,blk.20.attn_q_norm.weight,tensor,F32,512,520,8,0,0.0,3,8,506385424,506385432,8,none,<4KiB
0.6B,251,K,20,blk.20.attn_k.weight,tensor,Q8_0,1114112,1114128,16,0,0.0,3,8,506385944,506385960,8,none,1-64MiB
0.6B,252,Norm,20,blk.20.attn_k_norm.weight,tensor,F32,512,520,8,0,0.0,3,8,507500072,507500080,8,none,<4KiB
0.6B,253,V,20,blk.20.attn_v.weight,tensor,Q8_0,1114112,1114128,16,0,0.0,3,8,507500592,507500608,8,none,1-64MiB
0.6B,254,AttentionOutput,20,blk.20.attn_output.weight,tensor,Q8_0,2228224,2228240,16,0,0.0,3,8,508614720,508614736,8,none,1-64MiB
0.6B,255,Norm,20,blk.20.ffn_norm.weight,tensor,F32,4096,4104,8,0,0.0,3,8,510842960,510842968,8,none,4KiB-1MiB
0.6B,256,FFNGate,20,blk.20.ffn_gate.weight,tensor,Q8_0,3342336,3342352,16,0,0.0,3,8,510847064,510847080,8,none,1-64MiB
0.6B,257,FFNUp,20,blk.20.ffn_up.weight,tensor,Q8_0,3342336,3342352,16,0,0.0,3,8,514189416,514189432,8,none,1-64MiB
0.6B,258,FFNDown,20,blk.20.ffn_down.weight,tensor,Q8_0,3342336,3342352,16,0,0.0,3,8,517531768,517531784,8,none,1-64MiB
0.6B,259,Norm,21,blk.21.attn_norm.weight,tensor,F32,4096,4104,8,0,0.0,3,8,520874120,520874128,8,none,4KiB-1MiB
0.6B,260,Q,21,blk.21.attn_q.weight,tensor,Q8_0,2228224,2228240,16,0,0.0,3,8,520878224,520878240,8,none,1-64MiB
0.6B,261,Norm,21,blk.21.attn_q_norm.weight,tensor,F32,512,520,8,0,0.0,3,8,523106464,523106472,8,none,<4KiB
0.6B,262,K,21,blk.21.attn_k.weight,tensor,Q8_0,1114112,1114128,16,0,0.0,3,8,523106984,523107000,8,none,1-64MiB
0.6B,263,Norm,21,blk.21.attn_k_norm.weight,tensor,F32,512,520,8,0,0.0,3,8,524221112,524221120,8,none,<4KiB
0.6B,264,V,21,blk.21.attn_v.weight,tensor,Q8_0,1114112,1114128,16,0,0.0,3,8,524221632,524221648,8,none,1-64MiB
0.6B,265,AttentionOutput,21,blk.21.attn_output.weight,tensor,Q8_0,2228224,2228240,16,0,0.0,3,8,525335760,525335776,8,none,1-64MiB
0.6B,266,Norm,21,blk.21.ffn_norm.weight,tensor,F32,4096,4104,8,0,0.0,3,8,527564000,527564008,8,none,4KiB-1MiB
0.6B,267,FFNGate,21,blk.21.ffn_gate.weight,tensor,Q8_0,3342336,3342352,16,0,0.0,3,8,527568104,527568120,8,none,1-64MiB
0.6B,268,FFNUp,21,blk.21.ffn_up.weight,tensor,Q8_0,3342336,3342352,16,0,0.0,3,8,530910456,530910472,8,none,1-64MiB
0.6B,269,FFNDown,21,blk.21.ffn_down.weight,tensor,Q8_0,3342336,3342352,16,0,0.0,3,8,534252808,534252824,8,none,1-64MiB
0.6B,270,Norm,22,blk.22.attn_norm.weight,tensor,F32,4096,4104,8,0,0.0,3,8,537595160,537595168,8,none,4KiB-1MiB
0.6B,271,Q,22,blk.22.attn_q.weight,tensor,Q8_0,2228224,2228240,16,0,0.0,3,8,537599264,537599280,8,none,1-64MiB
0.6B,272,Norm,22,blk.22.attn_q_norm.weight,tensor,F32,512,520,8,0,0.0,3,8,539827504,539827512,8,none,<4KiB
0.6B,273,K,22,blk.22.attn_k.weight,tensor,Q8_0,1114112,1114128,16,0,0.0,3,8,539828024,539828040,8,none,1-64MiB
0.6B,274,Norm,22,blk.22.attn_k_norm.weight,tensor,F32,512,520,8,0,0.0,3,8,540942152,540942160,8,none,<4KiB
0.6B,275,V,22,blk.22.attn_v.weight,tensor,Q8_0,1114112,1114128,16,0,0.0,3,8,540942672,540942688,8,none,1-64MiB
0.6B,276,AttentionOutput,22,blk.22.attn_output.weight,tensor,Q8_0,2228224,2228240,16,0,0.0,3,8,542056800,542056816,8,none,1-64MiB
0.6B,277,Norm,22,blk.22.ffn_norm.weight,tensor,F32,4096,4104,8,0,0.0,3,8,544285040,544285048,8,none,4KiB-1MiB
0.6B,278,FFNGate,22,blk.22.ffn_gate.weight,tensor,Q8_0,3342336,3342352,16,0,0.0,3,8,544289144,544289160,8,none,1-64MiB
0.6B,279,FFNUp,22,blk.22.ffn_up.weight,tensor,Q8_0,3342336,3342352,16,0,0.0,3,8,547631496,547631512,8,none,1-64MiB
0.6B,280,FFNDown,22,blk.22.ffn_down.weight,tensor,Q8_0,3342336,3342352,16,0,0.0,3,8,550973848,550973864,8,none,1-64MiB
0.6B,281,Norm,23,blk.23.attn_norm.weight,tensor,F32,4096,4104,8,0,0.0,3,8,554316200,554316208,8,none,4KiB-1MiB
0.6B,282,Q,23,blk.23.attn_q.weight,tensor,Q8_0,2228224,2228240,16,0,0.0,3,8,554320304,554320320,8,none,1-64MiB
0.6B,283,Norm,23,blk.23.attn_q_norm.weight,tensor,F32,512,520,8,0,0.0,3,8,556548544,556548552,8,none,<4KiB
0.6B,284,K,23,blk.23.attn_k.weight,tensor,Q8_0,1114112,1114128,16,0,0.0,3,8,556549064,556549080,8,none,1-64MiB
0.6B,285,Norm,23,blk.23.attn_k_norm.weight,tensor,F32,512,520,8,0,0.0,3,8,557663192,557663200,8,none,<4KiB
0.6B,286,V,23,blk.23.attn_v.weight,tensor,Q8_0,1114112,1114128,16,0,0.0,3,8,557663712,557663728,8,none,1-64MiB
0.6B,287,AttentionOutput,23,blk.23.attn_output.weight,tensor,Q8_0,2228224,2228240,16,0,0.0,3,8,558777840,558777856,8,none,1-64MiB
0.6B,288,Norm,23,blk.23.ffn_norm.weight,tensor,F32,4096,4104,8,0,0.0,3,8,561006080,561006088,8,none,4KiB-1MiB
0.6B,289,FFNGate,23,blk.23.ffn_gate.weight,tensor,Q8_0,3342336,3342352,16,0,0.0,3,8,561010184,561010200,8,none,1-64MiB
0.6B,290,FFNUp,23,blk.23.ffn_up.weight,tensor,Q8_0,3342336,3342352,16,0,0.0,3,8,564352536,564352552,8,none,1-64MiB
0.6B,291,FFNDown,23,blk.23.ffn_down.weight,tensor,Q8_0,3342336,3342352,16,0,0.0,3,8,567694888,567694904,8,none,1-64MiB
0.6B,292,Norm,24,blk.24.attn_norm.weight,tensor,F32,4096,4104,8,0,0.0,3,8,571037240,571037248,8,none,4KiB-1MiB
0.6B,293,Q,24,blk.24.attn_q.weight,tensor,Q8_0,2228224,2228240,16,0,0.0,3,8,571041344,571041360,8,none,1-64MiB
0.6B,294,Norm,24,blk.24.attn_q_norm.weight,tensor,F32,512,520,8,0,0.0,3,8,573269584,573269592,8,none,<4KiB
0.6B,295,K,24,blk.24.attn_k.weight,tensor,Q8_0,1114112,1114128,16,0,0.0,3,8,573270104,573270120,8,none,1-64MiB
0.6B,296,Norm,24,blk.24.attn_k_norm.weight,tensor,F32,512,520,8,0,0.0,3,8,574384232,574384240,8,none,<4KiB
0.6B,297,V,24,blk.24.attn_v.weight,tensor,Q8_0,1114112,1114128,16,0,0.0,3,8,574384752,574384768,8,none,1-64MiB
0.6B,298,AttentionOutput,24,blk.24.attn_output.weight,tensor,Q8_0,2228224,2228240,16,0,0.0,3,8,575498880,575498896,8,none,1-64MiB
0.6B,299,Norm,24,blk.24.ffn_norm.weight,tensor,F32,4096,4104,8,0,0.0,3,8,577727120,577727128,8,none,4KiB-1MiB
0.6B,300,FFNGate,24,blk.24.ffn_gate.weight,tensor,Q8_0,3342336,3342352,16,0,0.0,3,8,577731224,577731240,8,none,1-64MiB
0.6B,301,FFNUp,24,blk.24.ffn_up.weight,tensor,Q8_0,3342336,3342352,16,0,0.0,3,8,581073576,581073592,8,none,1-64MiB
0.6B,302,FFNDown,24,blk.24.ffn_down.weight,tensor,Q8_0,3342336,3342352,16,0,0.0,3,8,584415928,584415944,8,none,1-64MiB
0.6B,303,Norm,25,blk.25.attn_norm.weight,tensor,F32,4096,4104,8,0,0.0,3,8,587758280,587758288,8,none,4KiB-1MiB
0.6B,304,Q,25,blk.25.attn_q.weight,tensor,Q8_0,2228224,2228240,16,0,0.0,3,8,587762384,587762400,8,none,1-64MiB
0.6B,305,Norm,25,blk.25.attn_q_norm.weight,tensor,F32,512,520,8,0,0.0,3,8,589990624,589990632,8,none,<4KiB
0.6B,306,K,25,blk.25.attn_k.weight,tensor,Q8_0,1114112,1114128,16,0,0.0,3,8,589991144,589991160,8,none,1-64MiB
0.6B,307,Norm,25,blk.25.attn_k_norm.weight,tensor,F32,512,520,8,0,0.0,3,8,591105272,591105280,8,none,<4KiB
0.6B,308,V,25,blk.25.attn_v.weight,tensor,Q8_0,1114112,1114128,16,0,0.0,3,8,591105792,591105808,8,none,1-64MiB
0.6B,309,AttentionOutput,25,blk.25.attn_output.weight,tensor,Q8_0,2228224,2228240,16,0,0.0,3,8,592219920,592219936,8,none,1-64MiB
0.6B,310,Norm,25,blk.25.ffn_norm.weight,tensor,F32,4096,4104,8,0,0.0,3,8,594448160,594448168,8,none,4KiB-1MiB
0.6B,311,FFNGate,25,blk.25.ffn_gate.weight,tensor,Q8_0,3342336,3342352,16,0,0.0,3,8,594452264,594452280,8,none,1-64MiB
0.6B,312,FFNUp,25,blk.25.ffn_up.weight,tensor,Q8_0,3342336,3342352,16,0,0.0,3,8,597794616,597794632,8,none,1-64MiB
0.6B,313,FFNDown,25,blk.25.ffn_down.weight,tensor,Q8_0,3342336,3342352,16,0,0.0,3,8,601136968,601136984,8,none,1-64MiB
0.6B,314,Norm,26,blk.26.attn_norm.weight,tensor,F32,4096,4104,8,0,0.0,3,8,604479320,604479328,8,none,4KiB-1MiB
0.6B,315,Q,26,blk.26.attn_q.weight,tensor,Q8_0,2228224,2228240,16,0,0.0,3,8,604483424,604483440,8,none,1-64MiB
0.6B,316,Norm,26,blk.26.attn_q_norm.weight,tensor,F32,512,520,8,0,0.0,3,8,606711664,606711672,8,none,<4KiB
0.6B,317,K,26,blk.26.attn_k.weight,tensor,Q8_0,1114112,1114128,16,0,0.0,3,8,606712184,606712200,8,none,1-64MiB
0.6B,318,Norm,26,blk.26.attn_k_norm.weight,tensor,F32,512,520,8,0,0.0,3,8,607826312,607826320,8,none,<4KiB
0.6B,319,V,26,blk.26.attn_v.weight,tensor,Q8_0,1114112,1114128,16,0,0.0,3,8,607826832,607826848,8,none,1-64MiB
0.6B,320,AttentionOutput,26,blk.26.attn_output.weight,tensor,Q8_0,2228224,2228240,16,0,0.0,3,8,608940960,608940976,8,none,1-64MiB
0.6B,321,Norm,26,blk.26.ffn_norm.weight,tensor,F32,4096,4104,8,0,0.0,3,8,611169200,611169208,8,none,4KiB-1MiB
0.6B,322,FFNGate,26,blk.26.ffn_gate.weight,tensor,Q8_0,3342336,3342352,16,0,0.0,3,8,611173304,611173320,8,none,1-64MiB
0.6B,323,FFNUp,26,blk.26.ffn_up.weight,tensor,Q8_0,3342336,3342352,16,0,0.0,3,8,614515656,614515672,8,none,1-64MiB
0.6B,324,FFNDown,26,blk.26.ffn_down.weight,tensor,Q8_0,3342336,3342352,16,0,0.0,3,8,617858008,617858024,8,none,1-64MiB
0.6B,325,Norm,27,blk.27.attn_norm.weight,tensor,F32,4096,4104,8,0,0.0,3,8,621200360,621200368,8,none,4KiB-1MiB
0.6B,326,Q,27,blk.27.attn_q.weight,tensor,Q8_0,2228224,2228240,16,0,0.0,3,8,621204464,621204480,8,none,1-64MiB
0.6B,327,Norm,27,blk.27.attn_q_norm.weight,tensor,F32,512,520,8,0,0.0,3,8,623432704,623432712,8,none,<4KiB
0.6B,328,K,27,blk.27.attn_k.weight,tensor,Q8_0,1114112,1114128,16,0,0.0,3,8,623433224,623433240,8,none,1-64MiB
0.6B,329,Norm,27,blk.27.attn_k_norm.weight,tensor,F32,512,520,8,0,0.0,3,8,624547352,624547360,8,none,<4KiB
0.6B,330,V,27,blk.27.attn_v.weight,tensor,Q8_0,1114112,1114128,16,0,0.0,3,8,624547872,624547888,8,none,1-64MiB
0.6B,331,AttentionOutput,27,blk.27.attn_output.weight,tensor,Q8_0,2228224,2228240,16,0,0.0,3,8,625662000,625662016,8,none,1-64MiB
0.6B,332,Norm,27,blk.27.ffn_norm.weight,tensor,F32,4096,4104,8,0,0.0,3,8,627890240,627890248,8,none,4KiB-1MiB
0.6B,333,FFNGate,27,blk.27.ffn_gate.weight,tensor,Q8_0,3342336,3342352,16,0,0.0,3,8,627894344,627894360,8,none,1-64MiB
0.6B,334,FFNUp,27,blk.27.ffn_up.weight,tensor,Q8_0,3342336,3342352,16,0,0.0,3,8,631236696,631236712,8,none,1-64MiB
0.6B,335,FFNDown,27,blk.27.ffn_down.weight,tensor,Q8_0,3342336,3342352,16,0,0.0,3,8,634579048,634579064,8,none,1-64MiB
0.6B,336,Norm,,output_norm.weight,tensor,F32,4096,4104,8,0,0.0,3,8,637921400,637921408,8,none,4KiB-1MiB
32B,0,Control/Other,,Bootstrap,control,control,64,72,8,0,0,3,8,24,32,8,none,<4KiB
32B,1,Control/Other,,ModelMetadataControl,control,control,104,112,8,0,0,3,8,96,104,8,none,<4KiB
32B,2,Control/Other,,Metadata.Architecture,control,control,5,16,8,3,0,3,8,208,216,8,between payload end and next canonical block,<4KiB
32B,3,Control/Other,,Metadata.ContextLength,control,control,8,16,8,0,0,3,8,224,232,8,none,<4KiB
32B,4,Control/Other,,Metadata.EmbeddingLength,control,control,8,16,8,0,0,3,8,240,248,8,none,<4KiB
32B,5,Control/Other,,Metadata.LayerCount,control,control,8,16,8,0,0,3,8,256,264,8,none,<4KiB
32B,6,Control/Other,,Metadata.HeadCount,control,control,8,16,8,0,0,3,8,272,280,8,none,<4KiB
32B,7,Control/Other,,Metadata.FeedForwardLength,control,control,8,16,8,0,0,3,8,288,296,8,none,<4KiB
32B,8,Control/Other,,Metadata.NormalizationEpsilon,control,control,8,16,8,0,0,3,8,304,312,8,none,<4KiB
32B,9,Control/Other,,Metadata.RopeTheta,control,control,8,16,8,0,0,3,8,320,328,8,none,<4KiB
32B,10,Control/Other,,Metadata.KVHeadCount,control,control,8,16,8,0,0,3,8,336,344,8,none,<4KiB
32B,11,Control/Other,,Metadata.KeyHeadDimension,control,control,8,16,8,0,0,3,8,352,360,8,none,<4KiB
32B,12,Control/Other,,Metadata.ValueHeadDimension,control,control,8,16,8,0,0,3,8,368,376,8,none,<4KiB
32B,13,Control/Other,,TensorDirectory,control,control,31900,31912,8,4,0,3,8,384,392,8,between payload end and next canonical block,4KiB-1MiB
32B,14,Control/Other,,TokenizerControl,control,control,164,176,8,4,0,3,8,32296,32304,8,between payload end and next canonical block,<4KiB
32B,15,Control/Other,,TokenTextBytes,tokenizer,control,1372760,1372776,16,0,0,3,8,32472,32488,8,none,1-64MiB
32B,16,Control/Other,,TokenOffsets,tokenizer,control,1215496,1215512,16,0,0,3,8,1405248,1405264,8,none,1-64MiB
32B,17,Control/Other,,TokenTypes,tokenizer,control,607744,607760,16,0,0,3,8,2620760,2620776,8,none,4KiB-1MiB
32B,18,Control/Other,,MergeLeftIds,tokenizer,control,605548,605568,16,4,0,3,8,3228520,3228536,8,between payload end and next canonical block,4KiB-1MiB
32B,19,Control/Other,,MergeRightIds,tokenizer,control,605548,605568,16,4,0,3,8,3834088,3834104,8,between payload end and next canonical block,4KiB-1MiB
32B,20,Control/Other,,TokenizerModelIdentity,tokenizer,control,1,16,8,7,0,3,8,4439656,4439664,8,between payload end and next canonical block,<4KiB
32B,21,Control/Other,,PreTokenizerIdentity,tokenizer,control,1,16,8,7,0,3,8,4439672,4439680,8,between payload end and next canonical block,<4KiB
32B,22,Control/Other,,AddBos,tokenizer,control,1,16,8,7,0,3,8,4439688,4439696,8,between payload end and next canonical block,<4KiB
32B,23,Control/Other,,ChatTemplate,tokenizer,control,4100,4112,8,4,0,3,8,4439704,4439712,8,between payload end and next canonical block,4KiB-1MiB
32B,24,Control/Other,,Special.BosId,tokenizer,control,8,16,8,0,0,3,8,4443816,4443824,8,none,<4KiB
32B,25,Control/Other,,Special.EosId,tokenizer,control,8,16,8,0,0,3,8,4443832,4443840,8,none,<4KiB
32B,26,Control/Other,,Special.PadId,tokenizer,control,8,16,8,0,0,3,8,4443848,4443856,8,none,<4KiB
32B,27,TokenEmbedding,,token_embd.weight,tensor,Q8_0,826531840,826531856,16,0,0.0,3,8,4443864,4443880,8,none,>=64MiB
32B,28,Norm,0,blk.0.attn_norm.weight,tensor,F32,20480,20488,8,0,0.0,3,8,830975720,830975728,8,none,4KiB-1MiB
32B,29,Q,0,blk.0.attn_q.weight,tensor,Q8_0,44564480,44564496,16,0,0.0,3,8,830996208,830996224,8,none,1-64MiB
32B,30,Norm,0,blk.0.attn_q_norm.weight,tensor,F32,512,520,8,0,0.0,3,8,875560704,875560712,8,none,<4KiB
32B,31,K,0,blk.0.attn_k.weight,tensor,Q8_0,5570560,5570576,16,0,0.0,3,8,875561224,875561240,8,none,1-64MiB
32B,32,Norm,0,blk.0.attn_k_norm.weight,tensor,F32,512,520,8,0,0.0,3,8,881131800,881131808,8,none,<4KiB
32B,33,V,0,blk.0.attn_v.weight,tensor,Q8_0,5570560,5570576,16,0,0.0,3,8,881132320,881132336,8,none,1-64MiB
32B,34,AttentionOutput,0,blk.0.attn_output.weight,tensor,Q8_0,44564480,44564496,16,0,0.0,3,8,886702896,886702912,8,none,1-64MiB
32B,35,Norm,0,blk.0.ffn_norm.weight,tensor,F32,20480,20488,8,0,0.0,3,8,931267392,931267400,8,none,4KiB-1MiB
32B,36,FFNGate,0,blk.0.ffn_gate.weight,tensor,Q8_0,139264000,139264016,16,0,0.0,3,8,931287880,931287896,8,none,>=64MiB
32B,37,FFNUp,0,blk.0.ffn_up.weight,tensor,Q8_0,139264000,139264016,16,0,0.0,3,8,1070551896,1070551912,8,none,>=64MiB
32B,38,FFNDown,0,blk.0.ffn_down.weight,tensor,Q8_0,139264000,139264016,16,0,0.0,3,8,1209815912,1209815928,8,none,>=64MiB
32B,39,Norm,1,blk.1.attn_norm.weight,tensor,F32,20480,20488,8,0,0.0,3,8,1349079928,1349079936,8,none,4KiB-1MiB
32B,40,Q,1,blk.1.attn_q.weight,tensor,Q8_0,44564480,44564496,16,0,0.0,3,8,1349100416,1349100432,8,none,1-64MiB
32B,41,Norm,1,blk.1.attn_q_norm.weight,tensor,F32,512,520,8,0,0.0,3,8,1393664912,1393664920,8,none,<4KiB
32B,42,K,1,blk.1.attn_k.weight,tensor,Q8_0,5570560,5570576,16,0,0.0,3,8,1393665432,1393665448,8,none,1-64MiB
32B,43,Norm,1,blk.1.attn_k_norm.weight,tensor,F32,512,520,8,0,0.0,3,8,1399236008,1399236016,8,none,<4KiB
32B,44,V,1,blk.1.attn_v.weight,tensor,Q8_0,5570560,5570576,16,0,0.0,3,8,1399236528,1399236544,8,none,1-64MiB
32B,45,AttentionOutput,1,blk.1.attn_output.weight,tensor,Q8_0,44564480,44564496,16,0,0.0,3,8,1404807104,1404807120,8,none,1-64MiB
32B,46,Norm,1,blk.1.ffn_norm.weight,tensor,F32,20480,20488,8,0,0.0,3,8,1449371600,1449371608,8,none,4KiB-1MiB
32B,47,FFNGate,1,blk.1.ffn_gate.weight,tensor,Q8_0,139264000,139264016,16,0,0.0,3,8,1449392088,1449392104,8,none,>=64MiB
32B,48,FFNUp,1,blk.1.ffn_up.weight,tensor,Q8_0,139264000,139264016,16,0,0.0,3,8,1588656104,1588656120,8,none,>=64MiB
32B,49,FFNDown,1,blk.1.ffn_down.weight,tensor,Q8_0,139264000,139264016,16,0,0.0,3,8,1727920120,1727920136,8,none,>=64MiB
32B,50,Norm,2,blk.2.attn_norm.weight,tensor,F32,20480,20488,8,0,0.0,3,8,1867184136,1867184144,8,none,4KiB-1MiB
32B,51,Q,2,blk.2.attn_q.weight,tensor,Q8_0,44564480,44564496,16,0,0.0,3,8,1867204624,1867204640,8,none,1-64MiB
32B,52,Norm,2,blk.2.attn_q_norm.weight,tensor,F32,512,520,8,0,0.0,3,8,1911769120,1911769128,8,none,<4KiB
32B,53,K,2,blk.2.attn_k.weight,tensor,Q8_0,5570560,5570576,16,0,0.0,3,8,1911769640,1911769656,8,none,1-64MiB
32B,54,Norm,2,blk.2.attn_k_norm.weight,tensor,F32,512,520,8,0,0.0,3,8,1917340216,1917340224,8,none,<4KiB
32B,55,V,2,blk.2.attn_v.weight,tensor,Q8_0,5570560,5570576,16,0,0.0,3,8,1917340736,1917340752,8,none,1-64MiB
32B,56,AttentionOutput,2,blk.2.attn_output.weight,tensor,Q8_0,44564480,44564496,16,0,0.0,3,8,1922911312,1922911328,8,none,1-64MiB
32B,57,Norm,2,blk.2.ffn_norm.weight,tensor,F32,20480,20488,8,0,0.0,3,8,1967475808,1967475816,8,none,4KiB-1MiB
32B,58,FFNGate,2,blk.2.ffn_gate.weight,tensor,Q8_0,139264000,139264016,16,0,0.0,3,8,1967496296,1967496312,8,none,>=64MiB
32B,59,FFNUp,2,blk.2.ffn_up.weight,tensor,Q8_0,139264000,139264016,16,0,0.0,3,8,2106760312,2106760328,8,none,>=64MiB
32B,60,FFNDown,2,blk.2.ffn_down.weight,tensor,Q8_0,139264000,139264016,16,0,0.0,3,8,2246024328,2246024344,8,none,>=64MiB
32B,61,Norm,3,blk.3.attn_norm.weight,tensor,F32,20480,20488,8,0,0.0,3,8,2385288344,2385288352,8,none,4KiB-1MiB
32B,62,Q,3,blk.3.attn_q.weight,tensor,Q8_0,44564480,44564496,16,0,0.0,3,8,2385308832,2385308848,8,none,1-64MiB
32B,63,Norm,3,blk.3.attn_q_norm.weight,tensor,F32,512,520,8,0,0.0,3,8,2429873328,2429873336,8,none,<4KiB
32B,64,K,3,blk.3.attn_k.weight,tensor,Q8_0,5570560,5570576,16,0,0.0,3,8,2429873848,2429873864,8,none,1-64MiB
32B,65,Norm,3,blk.3.attn_k_norm.weight,tensor,F32,512,520,8,0,0.0,3,8,2435444424,2435444432,8,none,<4KiB
32B,66,V,3,blk.3.attn_v.weight,tensor,Q8_0,5570560,5570576,16,0,0.0,3,8,2435444944,2435444960,8,none,1-64MiB
32B,67,AttentionOutput,3,blk.3.attn_output.weight,tensor,Q8_0,44564480,44564496,16,0,0.0,3,8,2441015520,2441015536,8,none,1-64MiB
32B,68,Norm,3,blk.3.ffn_norm.weight,tensor,F32,20480,20488,8,0,0.0,3,8,2485580016,2485580024,8,none,4KiB-1MiB
32B,69,FFNGate,3,blk.3.ffn_gate.weight,tensor,Q8_0,139264000,139264016,16,0,0.0,3,8,2485600504,2485600520,8,none,>=64MiB
32B,70,FFNUp,3,blk.3.ffn_up.weight,tensor,Q8_0,139264000,139264016,16,0,0.0,3,8,2624864520,2624864536,8,none,>=64MiB
32B,71,FFNDown,3,blk.3.ffn_down.weight,tensor,Q8_0,139264000,139264016,16,0,0.0,3,8,2764128536,2764128552,8,none,>=64MiB
32B,72,Norm,4,blk.4.attn_norm.weight,tensor,F32,20480,20488,8,0,0.0,3,8,2903392552,2903392560,8,none,4KiB-1MiB
32B,73,Q,4,blk.4.attn_q.weight,tensor,Q8_0,44564480,44564496,16,0,0.0,3,8,2903413040,2903413056,8,none,1-64MiB
32B,74,Norm,4,blk.4.attn_q_norm.weight,tensor,F32,512,520,8,0,0.0,3,8,2947977536,2947977544,8,none,<4KiB
32B,75,K,4,blk.4.attn_k.weight,tensor,Q8_0,5570560,5570576,16,0,0.0,3,8,2947978056,2947978072,8,none,1-64MiB
32B,76,Norm,4,blk.4.attn_k_norm.weight,tensor,F32,512,520,8,0,0.0,3,8,2953548632,2953548640,8,none,<4KiB
32B,77,V,4,blk.4.attn_v.weight,tensor,Q8_0,5570560,5570576,16,0,0.0,3,8,2953549152,2953549168,8,none,1-64MiB
32B,78,AttentionOutput,4,blk.4.attn_output.weight,tensor,Q8_0,44564480,44564496,16,0,0.0,3,8,2959119728,2959119744,8,none,1-64MiB
32B,79,Norm,4,blk.4.ffn_norm.weight,tensor,F32,20480,20488,8,0,0.0,3,8,3003684224,3003684232,8,none,4KiB-1MiB
32B,80,FFNGate,4,blk.4.ffn_gate.weight,tensor,Q8_0,139264000,139264016,16,0,0.0,3,8,3003704712,3003704728,8,none,>=64MiB
32B,81,FFNUp,4,blk.4.ffn_up.weight,tensor,Q8_0,139264000,139264016,16,0,0.0,3,8,3142968728,3142968744,8,none,>=64MiB
32B,82,FFNDown,4,blk.4.ffn_down.weight,tensor,Q8_0,139264000,139264016,16,0,0.0,3,8,3282232744,3282232760,8,none,>=64MiB
32B,83,Norm,5,blk.5.attn_norm.weight,tensor,F32,20480,20488,8,0,0.0,3,8,3421496760,3421496768,8,none,4KiB-1MiB
32B,84,Q,5,blk.5.attn_q.weight,tensor,Q8_0,44564480,44564496,16,0,0.0,3,8,3421517248,3421517264,8,none,1-64MiB
32B,85,Norm,5,blk.5.attn_q_norm.weight,tensor,F32,512,520,8,0,0.0,3,8,3466081744,3466081752,8,none,<4KiB
32B,86,K,5,blk.5.attn_k.weight,tensor,Q8_0,5570560,5570576,16,0,0.0,3,8,3466082264,3466082280,8,none,1-64MiB
32B,87,Norm,5,blk.5.attn_k_norm.weight,tensor,F32,512,520,8,0,0.0,3,8,3471652840,3471652848,8,none,<4KiB
32B,88,V,5,blk.5.attn_v.weight,tensor,Q8_0,5570560,5570576,16,0,0.0,3,8,3471653360,3471653376,8,none,1-64MiB
32B,89,AttentionOutput,5,blk.5.attn_output.weight,tensor,Q8_0,44564480,44564496,16,0,0.0,3,8,3477223936,3477223952,8,none,1-64MiB
32B,90,Norm,5,blk.5.ffn_norm.weight,tensor,F32,20480,20488,8,0,0.0,3,8,3521788432,3521788440,8,none,4KiB-1MiB
32B,91,FFNGate,5,blk.5.ffn_gate.weight,tensor,Q8_0,139264000,139264016,16,0,0.0,3,8,3521808920,3521808936,8,none,>=64MiB
32B,92,FFNUp,5,blk.5.ffn_up.weight,tensor,Q8_0,139264000,139264016,16,0,0.0,3,8,3661072936,3661072952,8,none,>=64MiB
32B,93,FFNDown,5,blk.5.ffn_down.weight,tensor,Q8_0,139264000,139264016,16,0,0.0,3,8,3800336952,3800336968,8,none,>=64MiB
32B,94,Norm,6,blk.6.attn_norm.weight,tensor,F32,20480,20488,8,0,0.0,3,8,3939600968,3939600976,8,none,4KiB-1MiB
32B,95,Q,6,blk.6.attn_q.weight,tensor,Q8_0,44564480,44564496,16,0,0.0,3,8,3939621456,3939621472,8,none,1-64MiB
32B,96,Norm,6,blk.6.attn_q_norm.weight,tensor,F32,512,520,8,0,0.0,3,8,3984185952,3984185960,8,none,<4KiB
32B,97,K,6,blk.6.attn_k.weight,tensor,Q8_0,5570560,5570576,16,0,0.0,3,8,3984186472,3984186488,8,none,1-64MiB
32B,98,Norm,6,blk.6.attn_k_norm.weight,tensor,F32,512,520,8,0,0.0,3,8,3989757048,3989757056,8,none,<4KiB
32B,99,V,6,blk.6.attn_v.weight,tensor,Q8_0,5570560,5570576,16,0,0.0,3,8,3989757568,3989757584,8,none,1-64MiB
32B,100,AttentionOutput,6,blk.6.attn_output.weight,tensor,Q8_0,44564480,44564496,16,0,0.0,3,8,3995328144,3995328160,8,none,1-64MiB
32B,101,Norm,6,blk.6.ffn_norm.weight,tensor,F32,20480,20488,8,0,0.0,3,8,4039892640,4039892648,8,none,4KiB-1MiB
32B,102,FFNGate,6,blk.6.ffn_gate.weight,tensor,Q8_0,139264000,139264016,16,0,0.0,3,8,4039913128,4039913144,8,none,>=64MiB
32B,103,FFNUp,6,blk.6.ffn_up.weight,tensor,Q8_0,139264000,139264016,16,0,0.0,3,8,4179177144,4179177160,8,none,>=64MiB
32B,104,FFNDown,6,blk.6.ffn_down.weight,tensor,Q8_0,139264000,139264016,16,0,0.0,3,8,4318441160,4318441176,8,none,>=64MiB
32B,105,Norm,7,blk.7.attn_norm.weight,tensor,F32,20480,20488,8,0,0.0,3,8,4457705176,4457705184,8,none,4KiB-1MiB
32B,106,Q,7,blk.7.attn_q.weight,tensor,Q8_0,44564480,44564496,16,0,0.0,3,8,4457725664,4457725680,8,none,1-64MiB
32B,107,Norm,7,blk.7.attn_q_norm.weight,tensor,F32,512,520,8,0,0.0,3,8,4502290160,4502290168,8,none,<4KiB
32B,108,K,7,blk.7.attn_k.weight,tensor,Q8_0,5570560,5570576,16,0,0.0,3,8,4502290680,4502290696,8,none,1-64MiB
32B,109,Norm,7,blk.7.attn_k_norm.weight,tensor,F32,512,520,8,0,0.0,3,8,4507861256,4507861264,8,none,<4KiB
32B,110,V,7,blk.7.attn_v.weight,tensor,Q8_0,5570560,5570576,16,0,0.0,3,8,4507861776,4507861792,8,none,1-64MiB
32B,111,AttentionOutput,7,blk.7.attn_output.weight,tensor,Q8_0,44564480,44564496,16,0,0.0,3,8,4513432352,4513432368,8,none,1-64MiB
32B,112,Norm,7,blk.7.ffn_norm.weight,tensor,F32,20480,20488,8,0,0.0,3,8,4557996848,4557996856,8,none,4KiB-1MiB
32B,113,FFNGate,7,blk.7.ffn_gate.weight,tensor,Q8_0,139264000,139264016,16,0,0.0,3,8,4558017336,4558017352,8,none,>=64MiB
32B,114,FFNUp,7,blk.7.ffn_up.weight,tensor,Q8_0,139264000,139264016,16,0,0.0,3,8,4697281352,4697281368,8,none,>=64MiB
32B,115,FFNDown,7,blk.7.ffn_down.weight,tensor,Q8_0,139264000,139264016,16,0,0.0,3,8,4836545368,4836545384,8,none,>=64MiB
32B,116,Norm,8,blk.8.attn_norm.weight,tensor,F32,20480,20488,8,0,0.0,3,8,4975809384,4975809392,8,none,4KiB-1MiB
32B,117,Q,8,blk.8.attn_q.weight,tensor,Q8_0,44564480,44564496,16,0,0.0,3,8,4975829872,4975829888,8,none,1-64MiB
32B,118,Norm,8,blk.8.attn_q_norm.weight,tensor,F32,512,520,8,0,0.0,3,8,5020394368,5020394376,8,none,<4KiB
32B,119,K,8,blk.8.attn_k.weight,tensor,Q8_0,5570560,5570576,16,0,0.0,3,8,5020394888,5020394904,8,none,1-64MiB
32B,120,Norm,8,blk.8.attn_k_norm.weight,tensor,F32,512,520,8,0,0.0,3,8,5025965464,5025965472,8,none,<4KiB
32B,121,V,8,blk.8.attn_v.weight,tensor,Q8_0,5570560,5570576,16,0,0.0,3,8,5025965984,5025966000,8,none,1-64MiB
32B,122,AttentionOutput,8,blk.8.attn_output.weight,tensor,Q8_0,44564480,44564496,16,0,0.0,3,8,5031536560,5031536576,8,none,1-64MiB
32B,123,Norm,8,blk.8.ffn_norm.weight,tensor,F32,20480,20488,8,0,0.0,3,8,5076101056,5076101064,8,none,4KiB-1MiB
32B,124,FFNGate,8,blk.8.ffn_gate.weight,tensor,Q8_0,139264000,139264016,16,0,0.0,3,8,5076121544,5076121560,8,none,>=64MiB
32B,125,FFNUp,8,blk.8.ffn_up.weight,tensor,Q8_0,139264000,139264016,16,0,0.0,3,8,5215385560,5215385576,8,none,>=64MiB
32B,126,FFNDown,8,blk.8.ffn_down.weight,tensor,Q8_0,139264000,139264016,16,0,0.0,3,8,5354649576,5354649592,8,none,>=64MiB
32B,127,Norm,9,blk.9.attn_norm.weight,tensor,F32,20480,20488,8,0,0.0,3,8,5493913592,5493913600,8,none,4KiB-1MiB
32B,128,Q,9,blk.9.attn_q.weight,tensor,Q8_0,44564480,44564496,16,0,0.0,3,8,5493934080,5493934096,8,none,1-64MiB
32B,129,Norm,9,blk.9.attn_q_norm.weight,tensor,F32,512,520,8,0,0.0,3,8,5538498576,5538498584,8,none,<4KiB
32B,130,K,9,blk.9.attn_k.weight,tensor,Q8_0,5570560,5570576,16,0,0.0,3,8,5538499096,5538499112,8,none,1-64MiB
32B,131,Norm,9,blk.9.attn_k_norm.weight,tensor,F32,512,520,8,0,0.0,3,8,5544069672,5544069680,8,none,<4KiB
32B,132,V,9,blk.9.attn_v.weight,tensor,Q8_0,5570560,5570576,16,0,0.0,3,8,5544070192,5544070208,8,none,1-64MiB
32B,133,AttentionOutput,9,blk.9.attn_output.weight,tensor,Q8_0,44564480,44564496,16,0,0.0,3,8,5549640768,5549640784,8,none,1-64MiB
32B,134,Norm,9,blk.9.ffn_norm.weight,tensor,F32,20480,20488,8,0,0.0,3,8,5594205264,5594205272,8,none,4KiB-1MiB
32B,135,FFNGate,9,blk.9.ffn_gate.weight,tensor,Q8_0,139264000,139264016,16,0,0.0,3,8,5594225752,5594225768,8,none,>=64MiB
32B,136,FFNUp,9,blk.9.ffn_up.weight,tensor,Q8_0,139264000,139264016,16,0,0.0,3,8,5733489768,5733489784,8,none,>=64MiB
32B,137,FFNDown,9,blk.9.ffn_down.weight,tensor,Q8_0,139264000,139264016,16,0,0.0,3,8,5872753784,5872753800,8,none,>=64MiB
32B,138,Norm,10,blk.10.attn_norm.weight,tensor,F32,20480,20488,8,0,0.0,3,8,6012017800,6012017808,8,none,4KiB-1MiB
32B,139,Q,10,blk.10.attn_q.weight,tensor,Q8_0,44564480,44564496,16,0,0.0,3,8,6012038288,6012038304,8,none,1-64MiB
32B,140,Norm,10,blk.10.attn_q_norm.weight,tensor,F32,512,520,8,0,0.0,3,8,6056602784,6056602792,8,none,<4KiB
32B,141,K,10,blk.10.attn_k.weight,tensor,Q8_0,5570560,5570576,16,0,0.0,3,8,6056603304,6056603320,8,none,1-64MiB
32B,142,Norm,10,blk.10.attn_k_norm.weight,tensor,F32,512,520,8,0,0.0,3,8,6062173880,6062173888,8,none,<4KiB
32B,143,V,10,blk.10.attn_v.weight,tensor,Q8_0,5570560,5570576,16,0,0.0,3,8,6062174400,6062174416,8,none,1-64MiB
32B,144,AttentionOutput,10,blk.10.attn_output.weight,tensor,Q8_0,44564480,44564496,16,0,0.0,3,8,6067744976,6067744992,8,none,1-64MiB
32B,145,Norm,10,blk.10.ffn_norm.weight,tensor,F32,20480,20488,8,0,0.0,3,8,6112309472,6112309480,8,none,4KiB-1MiB
32B,146,FFNGate,10,blk.10.ffn_gate.weight,tensor,Q8_0,139264000,139264016,16,0,0.0,3,8,6112329960,6112329976,8,none,>=64MiB
32B,147,FFNUp,10,blk.10.ffn_up.weight,tensor,Q8_0,139264000,139264016,16,0,0.0,3,8,6251593976,6251593992,8,none,>=64MiB
32B,148,FFNDown,10,blk.10.ffn_down.weight,tensor,Q8_0,139264000,139264016,16,0,0.0,3,8,6390857992,6390858008,8,none,>=64MiB
32B,149,Norm,11,blk.11.attn_norm.weight,tensor,F32,20480,20488,8,0,0.0,3,8,6530122008,6530122016,8,none,4KiB-1MiB
32B,150,Q,11,blk.11.attn_q.weight,tensor,Q8_0,44564480,44564496,16,0,0.0,3,8,6530142496,6530142512,8,none,1-64MiB
32B,151,Norm,11,blk.11.attn_q_norm.weight,tensor,F32,512,520,8,0,0.0,3,8,6574706992,6574707000,8,none,<4KiB
32B,152,K,11,blk.11.attn_k.weight,tensor,Q8_0,5570560,5570576,16,0,0.0,3,8,6574707512,6574707528,8,none,1-64MiB
32B,153,Norm,11,blk.11.attn_k_norm.weight,tensor,F32,512,520,8,0,0.0,3,8,6580278088,6580278096,8,none,<4KiB
32B,154,V,11,blk.11.attn_v.weight,tensor,Q8_0,5570560,5570576,16,0,0.0,3,8,6580278608,6580278624,8,none,1-64MiB
32B,155,AttentionOutput,11,blk.11.attn_output.weight,tensor,Q8_0,44564480,44564496,16,0,0.0,3,8,6585849184,6585849200,8,none,1-64MiB
32B,156,Norm,11,blk.11.ffn_norm.weight,tensor,F32,20480,20488,8,0,0.0,3,8,6630413680,6630413688,8,none,4KiB-1MiB
32B,157,FFNGate,11,blk.11.ffn_gate.weight,tensor,Q8_0,139264000,139264016,16,0,0.0,3,8,6630434168,6630434184,8,none,>=64MiB
32B,158,FFNUp,11,blk.11.ffn_up.weight,tensor,Q8_0,139264000,139264016,16,0,0.0,3,8,6769698184,6769698200,8,none,>=64MiB
32B,159,FFNDown,11,blk.11.ffn_down.weight,tensor,Q8_0,139264000,139264016,16,0,0.0,3,8,6908962200,6908962216,8,none,>=64MiB
32B,160,Norm,12,blk.12.attn_norm.weight,tensor,F32,20480,20488,8,0,0.0,3,8,7048226216,7048226224,8,none,4KiB-1MiB
32B,161,Q,12,blk.12.attn_q.weight,tensor,Q8_0,44564480,44564496,16,0,0.0,3,8,7048246704,7048246720,8,none,1-64MiB
32B,162,Norm,12,blk.12.attn_q_norm.weight,tensor,F32,512,520,8,0,0.0,3,8,7092811200,7092811208,8,none,<4KiB
32B,163,K,12,blk.12.attn_k.weight,tensor,Q8_0,5570560,5570576,16,0,0.0,3,8,7092811720,7092811736,8,none,1-64MiB
32B,164,Norm,12,blk.12.attn_k_norm.weight,tensor,F32,512,520,8,0,0.0,3,8,7098382296,7098382304,8,none,<4KiB
32B,165,V,12,blk.12.attn_v.weight,tensor,Q8_0,5570560,5570576,16,0,0.0,3,8,7098382816,7098382832,8,none,1-64MiB
32B,166,AttentionOutput,12,blk.12.attn_output.weight,tensor,Q8_0,44564480,44564496,16,0,0.0,3,8,7103953392,7103953408,8,none,1-64MiB
32B,167,Norm,12,blk.12.ffn_norm.weight,tensor,F32,20480,20488,8,0,0.0,3,8,7148517888,7148517896,8,none,4KiB-1MiB
32B,168,FFNGate,12,blk.12.ffn_gate.weight,tensor,Q8_0,139264000,139264016,16,0,0.0,3,8,7148538376,7148538392,8,none,>=64MiB
32B,169,FFNUp,12,blk.12.ffn_up.weight,tensor,Q8_0,139264000,139264016,16,0,0.0,3,8,7287802392,7287802408,8,none,>=64MiB
32B,170,FFNDown,12,blk.12.ffn_down.weight,tensor,Q8_0,139264000,139264016,16,0,0.0,3,8,7427066408,7427066424,8,none,>=64MiB
32B,171,Norm,13,blk.13.attn_norm.weight,tensor,F32,20480,20488,8,0,0.0,3,8,7566330424,7566330432,8,none,4KiB-1MiB
32B,172,Q,13,blk.13.attn_q.weight,tensor,Q8_0,44564480,44564496,16,0,0.0,3,8,7566350912,7566350928,8,none,1-64MiB
32B,173,Norm,13,blk.13.attn_q_norm.weight,tensor,F32,512,520,8,0,0.0,3,8,7610915408,7610915416,8,none,<4KiB
32B,174,K,13,blk.13.attn_k.weight,tensor,Q8_0,5570560,5570576,16,0,0.0,3,8,7610915928,7610915944,8,none,1-64MiB
32B,175,Norm,13,blk.13.attn_k_norm.weight,tensor,F32,512,520,8,0,0.0,3,8,7616486504,7616486512,8,none,<4KiB
32B,176,V,13,blk.13.attn_v.weight,tensor,Q8_0,5570560,5570576,16,0,0.0,3,8,7616487024,7616487040,8,none,1-64MiB
32B,177,AttentionOutput,13,blk.13.attn_output.weight,tensor,Q8_0,44564480,44564496,16,0,0.0,3,8,7622057600,7622057616,8,none,1-64MiB
32B,178,Norm,13,blk.13.ffn_norm.weight,tensor,F32,20480,20488,8,0,0.0,3,8,7666622096,7666622104,8,none,4KiB-1MiB
32B,179,FFNGate,13,blk.13.ffn_gate.weight,tensor,Q8_0,139264000,139264016,16,0,0.0,3,8,7666642584,7666642600,8,none,>=64MiB
32B,180,FFNUp,13,blk.13.ffn_up.weight,tensor,Q8_0,139264000,139264016,16,0,0.0,3,8,7805906600,7805906616,8,none,>=64MiB
32B,181,FFNDown,13,blk.13.ffn_down.weight,tensor,Q8_0,139264000,139264016,16,0,0.0,3,8,7945170616,7945170632,8,none,>=64MiB
32B,182,Norm,14,blk.14.attn_norm.weight,tensor,F32,20480,20488,8,0,0.0,3,8,8084434632,8084434640,8,none,4KiB-1MiB
32B,183,Q,14,blk.14.attn_q.weight,tensor,Q8_0,44564480,44564496,16,0,0.0,3,8,8084455120,8084455136,8,none,1-64MiB
32B,184,Norm,14,blk.14.attn_q_norm.weight,tensor,F32,512,520,8,0,0.0,3,8,8129019616,8129019624,8,none,<4KiB
32B,185,K,14,blk.14.attn_k.weight,tensor,Q8_0,5570560,5570576,16,0,0.0,3,8,8129020136,8129020152,8,none,1-64MiB
32B,186,Norm,14,blk.14.attn_k_norm.weight,tensor,F32,512,520,8,0,0.0,3,8,8134590712,8134590720,8,none,<4KiB
32B,187,V,14,blk.14.attn_v.weight,tensor,Q8_0,5570560,5570576,16,0,0.0,3,8,8134591232,8134591248,8,none,1-64MiB
32B,188,AttentionOutput,14,blk.14.attn_output.weight,tensor,Q8_0,44564480,44564496,16,0,0.0,3,8,8140161808,8140161824,8,none,1-64MiB
32B,189,Norm,14,blk.14.ffn_norm.weight,tensor,F32,20480,20488,8,0,0.0,3,8,8184726304,8184726312,8,none,4KiB-1MiB
32B,190,FFNGate,14,blk.14.ffn_gate.weight,tensor,Q8_0,139264000,139264016,16,0,0.0,3,8,8184746792,8184746808,8,none,>=64MiB
32B,191,FFNUp,14,blk.14.ffn_up.weight,tensor,Q8_0,139264000,139264016,16,0,0.0,3,8,8324010808,8324010824,8,none,>=64MiB
32B,192,FFNDown,14,blk.14.ffn_down.weight,tensor,Q8_0,139264000,139264016,16,0,0.0,3,8,8463274824,8463274840,8,none,>=64MiB
32B,193,Norm,15,blk.15.attn_norm.weight,tensor,F32,20480,20488,8,0,0.0,3,8,8602538840,8602538848,8,none,4KiB-1MiB
32B,194,Q,15,blk.15.attn_q.weight,tensor,Q8_0,44564480,44564496,16,0,0.0,3,8,8602559328,8602559344,8,none,1-64MiB
32B,195,Norm,15,blk.15.attn_q_norm.weight,tensor,F32,512,520,8,0,0.0,3,8,8647123824,8647123832,8,none,<4KiB
32B,196,K,15,blk.15.attn_k.weight,tensor,Q8_0,5570560,5570576,16,0,0.0,3,8,8647124344,8647124360,8,none,1-64MiB
32B,197,Norm,15,blk.15.attn_k_norm.weight,tensor,F32,512,520,8,0,0.0,3,8,8652694920,8652694928,8,none,<4KiB
32B,198,V,15,blk.15.attn_v.weight,tensor,Q8_0,5570560,5570576,16,0,0.0,3,8,8652695440,8652695456,8,none,1-64MiB
32B,199,AttentionOutput,15,blk.15.attn_output.weight,tensor,Q8_0,44564480,44564496,16,0,0.0,3,8,8658266016,8658266032,8,none,1-64MiB
32B,200,Norm,15,blk.15.ffn_norm.weight,tensor,F32,20480,20488,8,0,0.0,3,8,8702830512,8702830520,8,none,4KiB-1MiB
32B,201,FFNGate,15,blk.15.ffn_gate.weight,tensor,Q8_0,139264000,139264016,16,0,0.0,3,8,8702851000,8702851016,8,none,>=64MiB
32B,202,FFNUp,15,blk.15.ffn_up.weight,tensor,Q8_0,139264000,139264016,16,0,0.0,3,8,8842115016,8842115032,8,none,>=64MiB
32B,203,FFNDown,15,blk.15.ffn_down.weight,tensor,Q8_0,139264000,139264016,16,0,0.0,3,8,8981379032,8981379048,8,none,>=64MiB
32B,204,Norm,16,blk.16.attn_norm.weight,tensor,F32,20480,20488,8,0,0.0,3,8,9120643048,9120643056,8,none,4KiB-1MiB
32B,205,Q,16,blk.16.attn_q.weight,tensor,Q8_0,44564480,44564496,16,0,0.0,3,8,9120663536,9120663552,8,none,1-64MiB
32B,206,Norm,16,blk.16.attn_q_norm.weight,tensor,F32,512,520,8,0,0.0,3,8,9165228032,9165228040,8,none,<4KiB
32B,207,K,16,blk.16.attn_k.weight,tensor,Q8_0,5570560,5570576,16,0,0.0,3,8,9165228552,9165228568,8,none,1-64MiB
32B,208,Norm,16,blk.16.attn_k_norm.weight,tensor,F32,512,520,8,0,0.0,3,8,9170799128,9170799136,8,none,<4KiB
32B,209,V,16,blk.16.attn_v.weight,tensor,Q8_0,5570560,5570576,16,0,0.0,3,8,9170799648,9170799664,8,none,1-64MiB
32B,210,AttentionOutput,16,blk.16.attn_output.weight,tensor,Q8_0,44564480,44564496,16,0,0.0,3,8,9176370224,9176370240,8,none,1-64MiB
32B,211,Norm,16,blk.16.ffn_norm.weight,tensor,F32,20480,20488,8,0,0.0,3,8,9220934720,9220934728,8,none,4KiB-1MiB
32B,212,FFNGate,16,blk.16.ffn_gate.weight,tensor,Q8_0,139264000,139264016,16,0,0.0,3,8,9220955208,9220955224,8,none,>=64MiB
32B,213,FFNUp,16,blk.16.ffn_up.weight,tensor,Q8_0,139264000,139264016,16,0,0.0,3,8,9360219224,9360219240,8,none,>=64MiB
32B,214,FFNDown,16,blk.16.ffn_down.weight,tensor,Q8_0,139264000,139264016,16,0,0.0,3,8,9499483240,9499483256,8,none,>=64MiB
32B,215,Norm,17,blk.17.attn_norm.weight,tensor,F32,20480,20488,8,0,0.0,3,8,9638747256,9638747264,8,none,4KiB-1MiB
32B,216,Q,17,blk.17.attn_q.weight,tensor,Q8_0,44564480,44564496,16,0,0.0,3,8,9638767744,9638767760,8,none,1-64MiB
32B,217,Norm,17,blk.17.attn_q_norm.weight,tensor,F32,512,520,8,0,0.0,3,8,9683332240,9683332248,8,none,<4KiB
32B,218,K,17,blk.17.attn_k.weight,tensor,Q8_0,5570560,5570576,16,0,0.0,3,8,9683332760,9683332776,8,none,1-64MiB
32B,219,Norm,17,blk.17.attn_k_norm.weight,tensor,F32,512,520,8,0,0.0,3,8,9688903336,9688903344,8,none,<4KiB
32B,220,V,17,blk.17.attn_v.weight,tensor,Q8_0,5570560,5570576,16,0,0.0,3,8,9688903856,9688903872,8,none,1-64MiB
32B,221,AttentionOutput,17,blk.17.attn_output.weight,tensor,Q8_0,44564480,44564496,16,0,0.0,3,8,9694474432,9694474448,8,none,1-64MiB
32B,222,Norm,17,blk.17.ffn_norm.weight,tensor,F32,20480,20488,8,0,0.0,3,8,9739038928,9739038936,8,none,4KiB-1MiB
32B,223,FFNGate,17,blk.17.ffn_gate.weight,tensor,Q8_0,139264000,139264016,16,0,0.0,3,8,9739059416,9739059432,8,none,>=64MiB
32B,224,FFNUp,17,blk.17.ffn_up.weight,tensor,Q8_0,139264000,139264016,16,0,0.0,3,8,9878323432,9878323448,8,none,>=64MiB
32B,225,FFNDown,17,blk.17.ffn_down.weight,tensor,Q8_0,139264000,139264016,16,0,0.0,3,8,10017587448,10017587464,8,none,>=64MiB
32B,226,Norm,18,blk.18.attn_norm.weight,tensor,F32,20480,20488,8,0,0.0,3,8,10156851464,10156851472,8,none,4KiB-1MiB
32B,227,Q,18,blk.18.attn_q.weight,tensor,Q8_0,44564480,44564496,16,0,0.0,3,8,10156871952,10156871968,8,none,1-64MiB
32B,228,Norm,18,blk.18.attn_q_norm.weight,tensor,F32,512,520,8,0,0.0,3,8,10201436448,10201436456,8,none,<4KiB
32B,229,K,18,blk.18.attn_k.weight,tensor,Q8_0,5570560,5570576,16,0,0.0,3,8,10201436968,10201436984,8,none,1-64MiB
32B,230,Norm,18,blk.18.attn_k_norm.weight,tensor,F32,512,520,8,0,0.0,3,8,10207007544,10207007552,8,none,<4KiB
32B,231,V,18,blk.18.attn_v.weight,tensor,Q8_0,5570560,5570576,16,0,0.0,3,8,10207008064,10207008080,8,none,1-64MiB
32B,232,AttentionOutput,18,blk.18.attn_output.weight,tensor,Q8_0,44564480,44564496,16,0,0.0,3,8,10212578640,10212578656,8,none,1-64MiB
32B,233,Norm,18,blk.18.ffn_norm.weight,tensor,F32,20480,20488,8,0,0.0,3,8,10257143136,10257143144,8,none,4KiB-1MiB
32B,234,FFNGate,18,blk.18.ffn_gate.weight,tensor,Q8_0,139264000,139264016,16,0,0.0,3,8,10257163624,10257163640,8,none,>=64MiB
32B,235,FFNUp,18,blk.18.ffn_up.weight,tensor,Q8_0,139264000,139264016,16,0,0.0,3,8,10396427640,10396427656,8,none,>=64MiB
32B,236,FFNDown,18,blk.18.ffn_down.weight,tensor,Q8_0,139264000,139264016,16,0,0.0,3,8,10535691656,10535691672,8,none,>=64MiB
32B,237,Norm,19,blk.19.attn_norm.weight,tensor,F32,20480,20488,8,0,0.0,3,8,10674955672,10674955680,8,none,4KiB-1MiB
32B,238,Q,19,blk.19.attn_q.weight,tensor,Q8_0,44564480,44564496,16,0,0.0,3,8,10674976160,10674976176,8,none,1-64MiB
32B,239,Norm,19,blk.19.attn_q_norm.weight,tensor,F32,512,520,8,0,0.0,3,8,10719540656,10719540664,8,none,<4KiB
32B,240,K,19,blk.19.attn_k.weight,tensor,Q8_0,5570560,5570576,16,0,0.0,3,8,10719541176,10719541192,8,none,1-64MiB
32B,241,Norm,19,blk.19.attn_k_norm.weight,tensor,F32,512,520,8,0,0.0,3,8,10725111752,10725111760,8,none,<4KiB
32B,242,V,19,blk.19.attn_v.weight,tensor,Q8_0,5570560,5570576,16,0,0.0,3,8,10725112272,10725112288,8,none,1-64MiB
32B,243,AttentionOutput,19,blk.19.attn_output.weight,tensor,Q8_0,44564480,44564496,16,0,0.0,3,8,10730682848,10730682864,8,none,1-64MiB
32B,244,Norm,19,blk.19.ffn_norm.weight,tensor,F32,20480,20488,8,0,0.0,3,8,10775247344,10775247352,8,none,4KiB-1MiB
32B,245,FFNGate,19,blk.19.ffn_gate.weight,tensor,Q8_0,139264000,139264016,16,0,0.0,3,8,10775267832,10775267848,8,none,>=64MiB
32B,246,FFNUp,19,blk.19.ffn_up.weight,tensor,Q8_0,139264000,139264016,16,0,0.0,3,8,10914531848,10914531864,8,none,>=64MiB
32B,247,FFNDown,19,blk.19.ffn_down.weight,tensor,Q8_0,139264000,139264016,16,0,0.0,3,8,11053795864,11053795880,8,none,>=64MiB
32B,248,Norm,20,blk.20.attn_norm.weight,tensor,F32,20480,20488,8,0,0.0,3,8,11193059880,11193059888,8,none,4KiB-1MiB
32B,249,Q,20,blk.20.attn_q.weight,tensor,Q8_0,44564480,44564496,16,0,0.0,3,8,11193080368,11193080384,8,none,1-64MiB
32B,250,Norm,20,blk.20.attn_q_norm.weight,tensor,F32,512,520,8,0,0.0,3,8,11237644864,11237644872,8,none,<4KiB
32B,251,K,20,blk.20.attn_k.weight,tensor,Q8_0,5570560,5570576,16,0,0.0,3,8,11237645384,11237645400,8,none,1-64MiB
32B,252,Norm,20,blk.20.attn_k_norm.weight,tensor,F32,512,520,8,0,0.0,3,8,11243215960,11243215968,8,none,<4KiB
32B,253,V,20,blk.20.attn_v.weight,tensor,Q8_0,5570560,5570576,16,0,0.0,3,8,11243216480,11243216496,8,none,1-64MiB
32B,254,AttentionOutput,20,blk.20.attn_output.weight,tensor,Q8_0,44564480,44564496,16,0,0.0,3,8,11248787056,11248787072,8,none,1-64MiB
32B,255,Norm,20,blk.20.ffn_norm.weight,tensor,F32,20480,20488,8,0,0.0,3,8,11293351552,11293351560,8,none,4KiB-1MiB
32B,256,FFNGate,20,blk.20.ffn_gate.weight,tensor,Q8_0,139264000,139264016,16,0,0.0,3,8,11293372040,11293372056,8,none,>=64MiB
32B,257,FFNUp,20,blk.20.ffn_up.weight,tensor,Q8_0,139264000,139264016,16,0,0.0,3,8,11432636056,11432636072,8,none,>=64MiB
32B,258,FFNDown,20,blk.20.ffn_down.weight,tensor,Q8_0,139264000,139264016,16,0,0.0,3,8,11571900072,11571900088,8,none,>=64MiB
32B,259,Norm,21,blk.21.attn_norm.weight,tensor,F32,20480,20488,8,0,0.0,3,8,11711164088,11711164096,8,none,4KiB-1MiB
32B,260,Q,21,blk.21.attn_q.weight,tensor,Q8_0,44564480,44564496,16,0,0.0,3,8,11711184576,11711184592,8,none,1-64MiB
32B,261,Norm,21,blk.21.attn_q_norm.weight,tensor,F32,512,520,8,0,0.0,3,8,11755749072,11755749080,8,none,<4KiB
32B,262,K,21,blk.21.attn_k.weight,tensor,Q8_0,5570560,5570576,16,0,0.0,3,8,11755749592,11755749608,8,none,1-64MiB
32B,263,Norm,21,blk.21.attn_k_norm.weight,tensor,F32,512,520,8,0,0.0,3,8,11761320168,11761320176,8,none,<4KiB
32B,264,V,21,blk.21.attn_v.weight,tensor,Q8_0,5570560,5570576,16,0,0.0,3,8,11761320688,11761320704,8,none,1-64MiB
32B,265,AttentionOutput,21,blk.21.attn_output.weight,tensor,Q8_0,44564480,44564496,16,0,0.0,3,8,11766891264,11766891280,8,none,1-64MiB
32B,266,Norm,21,blk.21.ffn_norm.weight,tensor,F32,20480,20488,8,0,0.0,3,8,11811455760,11811455768,8,none,4KiB-1MiB
32B,267,FFNGate,21,blk.21.ffn_gate.weight,tensor,Q8_0,139264000,139264016,16,0,0.0,3,8,11811476248,11811476264,8,none,>=64MiB
32B,268,FFNUp,21,blk.21.ffn_up.weight,tensor,Q8_0,139264000,139264016,16,0,0.0,3,8,11950740264,11950740280,8,none,>=64MiB
32B,269,FFNDown,21,blk.21.ffn_down.weight,tensor,Q8_0,139264000,139264016,16,0,0.0,3,8,12090004280,12090004296,8,none,>=64MiB
32B,270,Norm,22,blk.22.attn_norm.weight,tensor,F32,20480,20488,8,0,0.0,3,8,12229268296,12229268304,8,none,4KiB-1MiB
32B,271,Q,22,blk.22.attn_q.weight,tensor,Q8_0,44564480,44564496,16,0,0.0,3,8,12229288784,12229288800,8,none,1-64MiB
32B,272,Norm,22,blk.22.attn_q_norm.weight,tensor,F32,512,520,8,0,0.0,3,8,12273853280,12273853288,8,none,<4KiB
32B,273,K,22,blk.22.attn_k.weight,tensor,Q8_0,5570560,5570576,16,0,0.0,3,8,12273853800,12273853816,8,none,1-64MiB
32B,274,Norm,22,blk.22.attn_k_norm.weight,tensor,F32,512,520,8,0,0.0,3,8,12279424376,12279424384,8,none,<4KiB
32B,275,V,22,blk.22.attn_v.weight,tensor,Q8_0,5570560,5570576,16,0,0.0,3,8,12279424896,12279424912,8,none,1-64MiB
32B,276,AttentionOutput,22,blk.22.attn_output.weight,tensor,Q8_0,44564480,44564496,16,0,0.0,3,8,12284995472,12284995488,8,none,1-64MiB
32B,277,Norm,22,blk.22.ffn_norm.weight,tensor,F32,20480,20488,8,0,0.0,3,8,12329559968,12329559976,8,none,4KiB-1MiB
32B,278,FFNGate,22,blk.22.ffn_gate.weight,tensor,Q8_0,139264000,139264016,16,0,0.0,3,8,12329580456,12329580472,8,none,>=64MiB
32B,279,FFNUp,22,blk.22.ffn_up.weight,tensor,Q8_0,139264000,139264016,16,0,0.0,3,8,12468844472,12468844488,8,none,>=64MiB
32B,280,FFNDown,22,blk.22.ffn_down.weight,tensor,Q8_0,139264000,139264016,16,0,0.0,3,8,12608108488,12608108504,8,none,>=64MiB
32B,281,Norm,23,blk.23.attn_norm.weight,tensor,F32,20480,20488,8,0,0.0,3,8,12747372504,12747372512,8,none,4KiB-1MiB
32B,282,Q,23,blk.23.attn_q.weight,tensor,Q8_0,44564480,44564496,16,0,0.0,3,8,12747392992,12747393008,8,none,1-64MiB
32B,283,Norm,23,blk.23.attn_q_norm.weight,tensor,F32,512,520,8,0,0.0,3,8,12791957488,12791957496,8,none,<4KiB
32B,284,K,23,blk.23.attn_k.weight,tensor,Q8_0,5570560,5570576,16,0,0.0,3,8,12791958008,12791958024,8,none,1-64MiB
32B,285,Norm,23,blk.23.attn_k_norm.weight,tensor,F32,512,520,8,0,0.0,3,8,12797528584,12797528592,8,none,<4KiB
32B,286,V,23,blk.23.attn_v.weight,tensor,Q8_0,5570560,5570576,16,0,0.0,3,8,12797529104,12797529120,8,none,1-64MiB
32B,287,AttentionOutput,23,blk.23.attn_output.weight,tensor,Q8_0,44564480,44564496,16,0,0.0,3,8,12803099680,12803099696,8,none,1-64MiB
32B,288,Norm,23,blk.23.ffn_norm.weight,tensor,F32,20480,20488,8,0,0.0,3,8,12847664176,12847664184,8,none,4KiB-1MiB
32B,289,FFNGate,23,blk.23.ffn_gate.weight,tensor,Q8_0,139264000,139264016,16,0,0.0,3,8,12847684664,12847684680,8,none,>=64MiB
32B,290,FFNUp,23,blk.23.ffn_up.weight,tensor,Q8_0,139264000,139264016,16,0,0.0,3,8,12986948680,12986948696,8,none,>=64MiB
32B,291,FFNDown,23,blk.23.ffn_down.weight,tensor,Q8_0,139264000,139264016,16,0,0.0,3,8,13126212696,13126212712,8,none,>=64MiB
32B,292,Norm,24,blk.24.attn_norm.weight,tensor,F32,20480,20488,8,0,0.0,3,8,13265476712,13265476720,8,none,4KiB-1MiB
32B,293,Q,24,blk.24.attn_q.weight,tensor,Q8_0,44564480,44564496,16,0,0.0,3,8,13265497200,13265497216,8,none,1-64MiB
32B,294,Norm,24,blk.24.attn_q_norm.weight,tensor,F32,512,520,8,0,0.0,3,8,13310061696,13310061704,8,none,<4KiB
32B,295,K,24,blk.24.attn_k.weight,tensor,Q8_0,5570560,5570576,16,0,0.0,3,8,13310062216,13310062232,8,none,1-64MiB
32B,296,Norm,24,blk.24.attn_k_norm.weight,tensor,F32,512,520,8,0,0.0,3,8,13315632792,13315632800,8,none,<4KiB
32B,297,V,24,blk.24.attn_v.weight,tensor,Q8_0,5570560,5570576,16,0,0.0,3,8,13315633312,13315633328,8,none,1-64MiB
32B,298,AttentionOutput,24,blk.24.attn_output.weight,tensor,Q8_0,44564480,44564496,16,0,0.0,3,8,13321203888,13321203904,8,none,1-64MiB
32B,299,Norm,24,blk.24.ffn_norm.weight,tensor,F32,20480,20488,8,0,0.0,3,8,13365768384,13365768392,8,none,4KiB-1MiB
32B,300,FFNGate,24,blk.24.ffn_gate.weight,tensor,Q8_0,139264000,139264016,16,0,0.0,3,8,13365788872,13365788888,8,none,>=64MiB
32B,301,FFNUp,24,blk.24.ffn_up.weight,tensor,Q8_0,139264000,139264016,16,0,0.0,3,8,13505052888,13505052904,8,none,>=64MiB
32B,302,FFNDown,24,blk.24.ffn_down.weight,tensor,Q8_0,139264000,139264016,16,0,0.0,3,8,13644316904,13644316920,8,none,>=64MiB
32B,303,Norm,25,blk.25.attn_norm.weight,tensor,F32,20480,20488,8,0,0.0,3,8,13783580920,13783580928,8,none,4KiB-1MiB
32B,304,Q,25,blk.25.attn_q.weight,tensor,Q8_0,44564480,44564496,16,0,0.0,3,8,13783601408,13783601424,8,none,1-64MiB
32B,305,Norm,25,blk.25.attn_q_norm.weight,tensor,F32,512,520,8,0,0.0,3,8,13828165904,13828165912,8,none,<4KiB
32B,306,K,25,blk.25.attn_k.weight,tensor,Q8_0,5570560,5570576,16,0,0.0,3,8,13828166424,13828166440,8,none,1-64MiB
32B,307,Norm,25,blk.25.attn_k_norm.weight,tensor,F32,512,520,8,0,0.0,3,8,13833737000,13833737008,8,none,<4KiB
32B,308,V,25,blk.25.attn_v.weight,tensor,Q8_0,5570560,5570576,16,0,0.0,3,8,13833737520,13833737536,8,none,1-64MiB
32B,309,AttentionOutput,25,blk.25.attn_output.weight,tensor,Q8_0,44564480,44564496,16,0,0.0,3,8,13839308096,13839308112,8,none,1-64MiB
32B,310,Norm,25,blk.25.ffn_norm.weight,tensor,F32,20480,20488,8,0,0.0,3,8,13883872592,13883872600,8,none,4KiB-1MiB
32B,311,FFNGate,25,blk.25.ffn_gate.weight,tensor,Q8_0,139264000,139264016,16,0,0.0,3,8,13883893080,13883893096,8,none,>=64MiB
32B,312,FFNUp,25,blk.25.ffn_up.weight,tensor,Q8_0,139264000,139264016,16,0,0.0,3,8,14023157096,14023157112,8,none,>=64MiB
32B,313,FFNDown,25,blk.25.ffn_down.weight,tensor,Q8_0,139264000,139264016,16,0,0.0,3,8,14162421112,14162421128,8,none,>=64MiB
32B,314,Norm,26,blk.26.attn_norm.weight,tensor,F32,20480,20488,8,0,0.0,3,8,14301685128,14301685136,8,none,4KiB-1MiB
32B,315,Q,26,blk.26.attn_q.weight,tensor,Q8_0,44564480,44564496,16,0,0.0,3,8,14301705616,14301705632,8,none,1-64MiB
32B,316,Norm,26,blk.26.attn_q_norm.weight,tensor,F32,512,520,8,0,0.0,3,8,14346270112,14346270120,8,none,<4KiB
32B,317,K,26,blk.26.attn_k.weight,tensor,Q8_0,5570560,5570576,16,0,0.0,3,8,14346270632,14346270648,8,none,1-64MiB
32B,318,Norm,26,blk.26.attn_k_norm.weight,tensor,F32,512,520,8,0,0.0,3,8,14351841208,14351841216,8,none,<4KiB
32B,319,V,26,blk.26.attn_v.weight,tensor,Q8_0,5570560,5570576,16,0,0.0,3,8,14351841728,14351841744,8,none,1-64MiB
32B,320,AttentionOutput,26,blk.26.attn_output.weight,tensor,Q8_0,44564480,44564496,16,0,0.0,3,8,14357412304,14357412320,8,none,1-64MiB
32B,321,Norm,26,blk.26.ffn_norm.weight,tensor,F32,20480,20488,8,0,0.0,3,8,14401976800,14401976808,8,none,4KiB-1MiB
32B,322,FFNGate,26,blk.26.ffn_gate.weight,tensor,Q8_0,139264000,139264016,16,0,0.0,3,8,14401997288,14401997304,8,none,>=64MiB
32B,323,FFNUp,26,blk.26.ffn_up.weight,tensor,Q8_0,139264000,139264016,16,0,0.0,3,8,14541261304,14541261320,8,none,>=64MiB
32B,324,FFNDown,26,blk.26.ffn_down.weight,tensor,Q8_0,139264000,139264016,16,0,0.0,3,8,14680525320,14680525336,8,none,>=64MiB
32B,325,Norm,27,blk.27.attn_norm.weight,tensor,F32,20480,20488,8,0,0.0,3,8,14819789336,14819789344,8,none,4KiB-1MiB
32B,326,Q,27,blk.27.attn_q.weight,tensor,Q8_0,44564480,44564496,16,0,0.0,3,8,14819809824,14819809840,8,none,1-64MiB
32B,327,Norm,27,blk.27.attn_q_norm.weight,tensor,F32,512,520,8,0,0.0,3,8,14864374320,14864374328,8,none,<4KiB
32B,328,K,27,blk.27.attn_k.weight,tensor,Q8_0,5570560,5570576,16,0,0.0,3,8,14864374840,14864374856,8,none,1-64MiB
32B,329,Norm,27,blk.27.attn_k_norm.weight,tensor,F32,512,520,8,0,0.0,3,8,14869945416,14869945424,8,none,<4KiB
32B,330,V,27,blk.27.attn_v.weight,tensor,Q8_0,5570560,5570576,16,0,0.0,3,8,14869945936,14869945952,8,none,1-64MiB
32B,331,AttentionOutput,27,blk.27.attn_output.weight,tensor,Q8_0,44564480,44564496,16,0,0.0,3,8,14875516512,14875516528,8,none,1-64MiB
32B,332,Norm,27,blk.27.ffn_norm.weight,tensor,F32,20480,20488,8,0,0.0,3,8,14920081008,14920081016,8,none,4KiB-1MiB
32B,333,FFNGate,27,blk.27.ffn_gate.weight,tensor,Q8_0,139264000,139264016,16,0,0.0,3,8,14920101496,14920101512,8,none,>=64MiB
32B,334,FFNUp,27,blk.27.ffn_up.weight,tensor,Q8_0,139264000,139264016,16,0,0.0,3,8,15059365512,15059365528,8,none,>=64MiB
32B,335,FFNDown,27,blk.27.ffn_down.weight,tensor,Q8_0,139264000,139264016,16,0,0.0,3,8,15198629528,15198629544,8,none,>=64MiB
32B,336,Norm,28,blk.28.attn_norm.weight,tensor,F32,20480,20488,8,0,0.0,3,8,15337893544,15337893552,8,none,4KiB-1MiB
32B,337,Q,28,blk.28.attn_q.weight,tensor,Q8_0,44564480,44564496,16,0,0.0,3,8,15337914032,15337914048,8,none,1-64MiB
32B,338,Norm,28,blk.28.attn_q_norm.weight,tensor,F32,512,520,8,0,0.0,3,8,15382478528,15382478536,8,none,<4KiB
32B,339,K,28,blk.28.attn_k.weight,tensor,Q8_0,5570560,5570576,16,0,0.0,3,8,15382479048,15382479064,8,none,1-64MiB
32B,340,Norm,28,blk.28.attn_k_norm.weight,tensor,F32,512,520,8,0,0.0,3,8,15388049624,15388049632,8,none,<4KiB
32B,341,V,28,blk.28.attn_v.weight,tensor,Q8_0,5570560,5570576,16,0,0.0,3,8,15388050144,15388050160,8,none,1-64MiB
32B,342,AttentionOutput,28,blk.28.attn_output.weight,tensor,Q8_0,44564480,44564496,16,0,0.0,3,8,15393620720,15393620736,8,none,1-64MiB
32B,343,Norm,28,blk.28.ffn_norm.weight,tensor,F32,20480,20488,8,0,0.0,3,8,15438185216,15438185224,8,none,4KiB-1MiB
32B,344,FFNGate,28,blk.28.ffn_gate.weight,tensor,Q8_0,139264000,139264016,16,0,0.0,3,8,15438205704,15438205720,8,none,>=64MiB
32B,345,FFNUp,28,blk.28.ffn_up.weight,tensor,Q8_0,139264000,139264016,16,0,0.0,3,8,15577469720,15577469736,8,none,>=64MiB
32B,346,FFNDown,28,blk.28.ffn_down.weight,tensor,Q8_0,139264000,139264016,16,0,0.0,3,8,15716733736,15716733752,8,none,>=64MiB
32B,347,Norm,29,blk.29.attn_norm.weight,tensor,F32,20480,20488,8,0,0.0,3,8,15855997752,15855997760,8,none,4KiB-1MiB
32B,348,Q,29,blk.29.attn_q.weight,tensor,Q8_0,44564480,44564496,16,0,0.0,3,8,15856018240,15856018256,8,none,1-64MiB
32B,349,Norm,29,blk.29.attn_q_norm.weight,tensor,F32,512,520,8,0,0.0,3,8,15900582736,15900582744,8,none,<4KiB
32B,350,K,29,blk.29.attn_k.weight,tensor,Q8_0,5570560,5570576,16,0,0.0,3,8,15900583256,15900583272,8,none,1-64MiB
32B,351,Norm,29,blk.29.attn_k_norm.weight,tensor,F32,512,520,8,0,0.0,3,8,15906153832,15906153840,8,none,<4KiB
32B,352,V,29,blk.29.attn_v.weight,tensor,Q8_0,5570560,5570576,16,0,0.0,3,8,15906154352,15906154368,8,none,1-64MiB
32B,353,AttentionOutput,29,blk.29.attn_output.weight,tensor,Q8_0,44564480,44564496,16,0,0.0,3,8,15911724928,15911724944,8,none,1-64MiB
32B,354,Norm,29,blk.29.ffn_norm.weight,tensor,F32,20480,20488,8,0,0.0,3,8,15956289424,15956289432,8,none,4KiB-1MiB
32B,355,FFNGate,29,blk.29.ffn_gate.weight,tensor,Q8_0,139264000,139264016,16,0,0.0,3,8,15956309912,15956309928,8,none,>=64MiB
32B,356,FFNUp,29,blk.29.ffn_up.weight,tensor,Q8_0,139264000,139264016,16,0,0.0,3,8,16095573928,16095573944,8,none,>=64MiB
32B,357,FFNDown,29,blk.29.ffn_down.weight,tensor,Q8_0,139264000,139264016,16,0,0.0,3,8,16234837944,16234837960,8,none,>=64MiB
32B,358,Norm,30,blk.30.attn_norm.weight,tensor,F32,20480,20488,8,0,0.0,3,8,16374101960,16374101968,8,none,4KiB-1MiB
32B,359,Q,30,blk.30.attn_q.weight,tensor,Q8_0,44564480,44564496,16,0,0.0,3,8,16374122448,16374122464,8,none,1-64MiB
32B,360,Norm,30,blk.30.attn_q_norm.weight,tensor,F32,512,520,8,0,0.0,3,8,16418686944,16418686952,8,none,<4KiB
32B,361,K,30,blk.30.attn_k.weight,tensor,Q8_0,5570560,5570576,16,0,0.0,3,8,16418687464,16418687480,8,none,1-64MiB
32B,362,Norm,30,blk.30.attn_k_norm.weight,tensor,F32,512,520,8,0,0.0,3,8,16424258040,16424258048,8,none,<4KiB
32B,363,V,30,blk.30.attn_v.weight,tensor,Q8_0,5570560,5570576,16,0,0.0,3,8,16424258560,16424258576,8,none,1-64MiB
32B,364,AttentionOutput,30,blk.30.attn_output.weight,tensor,Q8_0,44564480,44564496,16,0,0.0,3,8,16429829136,16429829152,8,none,1-64MiB
32B,365,Norm,30,blk.30.ffn_norm.weight,tensor,F32,20480,20488,8,0,0.0,3,8,16474393632,16474393640,8,none,4KiB-1MiB
32B,366,FFNGate,30,blk.30.ffn_gate.weight,tensor,Q8_0,139264000,139264016,16,0,0.0,3,8,16474414120,16474414136,8,none,>=64MiB
32B,367,FFNUp,30,blk.30.ffn_up.weight,tensor,Q8_0,139264000,139264016,16,0,0.0,3,8,16613678136,16613678152,8,none,>=64MiB
32B,368,FFNDown,30,blk.30.ffn_down.weight,tensor,Q8_0,139264000,139264016,16,0,0.0,3,8,16752942152,16752942168,8,none,>=64MiB
32B,369,Norm,31,blk.31.attn_norm.weight,tensor,F32,20480,20488,8,0,0.0,3,8,16892206168,16892206176,8,none,4KiB-1MiB
32B,370,Q,31,blk.31.attn_q.weight,tensor,Q8_0,44564480,44564496,16,0,0.0,3,8,16892226656,16892226672,8,none,1-64MiB
32B,371,Norm,31,blk.31.attn_q_norm.weight,tensor,F32,512,520,8,0,0.0,3,8,16936791152,16936791160,8,none,<4KiB
32B,372,K,31,blk.31.attn_k.weight,tensor,Q8_0,5570560,5570576,16,0,0.0,3,8,16936791672,16936791688,8,none,1-64MiB
32B,373,Norm,31,blk.31.attn_k_norm.weight,tensor,F32,512,520,8,0,0.0,3,8,16942362248,16942362256,8,none,<4KiB
32B,374,V,31,blk.31.attn_v.weight,tensor,Q8_0,5570560,5570576,16,0,0.0,3,8,16942362768,16942362784,8,none,1-64MiB
32B,375,AttentionOutput,31,blk.31.attn_output.weight,tensor,Q8_0,44564480,44564496,16,0,0.0,3,8,16947933344,16947933360,8,none,1-64MiB
32B,376,Norm,31,blk.31.ffn_norm.weight,tensor,F32,20480,20488,8,0,0.0,3,8,16992497840,16992497848,8,none,4KiB-1MiB
32B,377,FFNGate,31,blk.31.ffn_gate.weight,tensor,Q8_0,139264000,139264016,16,0,0.0,3,8,16992518328,16992518344,8,none,>=64MiB
32B,378,FFNUp,31,blk.31.ffn_up.weight,tensor,Q8_0,139264000,139264016,16,0,0.0,3,8,17131782344,17131782360,8,none,>=64MiB
32B,379,FFNDown,31,blk.31.ffn_down.weight,tensor,Q8_0,139264000,139264016,16,0,0.0,3,8,17271046360,17271046376,8,none,>=64MiB
32B,380,Norm,32,blk.32.attn_norm.weight,tensor,F32,20480,20488,8,0,0.0,3,8,17410310376,17410310384,8,none,4KiB-1MiB
32B,381,Q,32,blk.32.attn_q.weight,tensor,Q8_0,44564480,44564496,16,0,0.0,3,8,17410330864,17410330880,8,none,1-64MiB
32B,382,Norm,32,blk.32.attn_q_norm.weight,tensor,F32,512,520,8,0,0.0,3,8,17454895360,17454895368,8,none,<4KiB
32B,383,K,32,blk.32.attn_k.weight,tensor,Q8_0,5570560,5570576,16,0,0.0,3,8,17454895880,17454895896,8,none,1-64MiB
32B,384,Norm,32,blk.32.attn_k_norm.weight,tensor,F32,512,520,8,0,0.0,3,8,17460466456,17460466464,8,none,<4KiB
32B,385,V,32,blk.32.attn_v.weight,tensor,Q8_0,5570560,5570576,16,0,0.0,3,8,17460466976,17460466992,8,none,1-64MiB
32B,386,AttentionOutput,32,blk.32.attn_output.weight,tensor,Q8_0,44564480,44564496,16,0,0.0,3,8,17466037552,17466037568,8,none,1-64MiB
32B,387,Norm,32,blk.32.ffn_norm.weight,tensor,F32,20480,20488,8,0,0.0,3,8,17510602048,17510602056,8,none,4KiB-1MiB
32B,388,FFNGate,32,blk.32.ffn_gate.weight,tensor,Q8_0,139264000,139264016,16,0,0.0,3,8,17510622536,17510622552,8,none,>=64MiB
32B,389,FFNUp,32,blk.32.ffn_up.weight,tensor,Q8_0,139264000,139264016,16,0,0.0,3,8,17649886552,17649886568,8,none,>=64MiB
32B,390,FFNDown,32,blk.32.ffn_down.weight,tensor,Q8_0,139264000,139264016,16,0,0.0,3,8,17789150568,17789150584,8,none,>=64MiB
32B,391,Norm,33,blk.33.attn_norm.weight,tensor,F32,20480,20488,8,0,0.0,3,8,17928414584,17928414592,8,none,4KiB-1MiB
32B,392,Q,33,blk.33.attn_q.weight,tensor,Q8_0,44564480,44564496,16,0,0.0,3,8,17928435072,17928435088,8,none,1-64MiB
32B,393,Norm,33,blk.33.attn_q_norm.weight,tensor,F32,512,520,8,0,0.0,3,8,17972999568,17972999576,8,none,<4KiB
32B,394,K,33,blk.33.attn_k.weight,tensor,Q8_0,5570560,5570576,16,0,0.0,3,8,17973000088,17973000104,8,none,1-64MiB
32B,395,Norm,33,blk.33.attn_k_norm.weight,tensor,F32,512,520,8,0,0.0,3,8,17978570664,17978570672,8,none,<4KiB
32B,396,V,33,blk.33.attn_v.weight,tensor,Q8_0,5570560,5570576,16,0,0.0,3,8,17978571184,17978571200,8,none,1-64MiB
32B,397,AttentionOutput,33,blk.33.attn_output.weight,tensor,Q8_0,44564480,44564496,16,0,0.0,3,8,17984141760,17984141776,8,none,1-64MiB
32B,398,Norm,33,blk.33.ffn_norm.weight,tensor,F32,20480,20488,8,0,0.0,3,8,18028706256,18028706264,8,none,4KiB-1MiB
32B,399,FFNGate,33,blk.33.ffn_gate.weight,tensor,Q8_0,139264000,139264016,16,0,0.0,3,8,18028726744,18028726760,8,none,>=64MiB
32B,400,FFNUp,33,blk.33.ffn_up.weight,tensor,Q8_0,139264000,139264016,16,0,0.0,3,8,18167990760,18167990776,8,none,>=64MiB
32B,401,FFNDown,33,blk.33.ffn_down.weight,tensor,Q8_0,139264000,139264016,16,0,0.0,3,8,18307254776,18307254792,8,none,>=64MiB
32B,402,Norm,34,blk.34.attn_norm.weight,tensor,F32,20480,20488,8,0,0.0,3,8,18446518792,18446518800,8,none,4KiB-1MiB
32B,403,Q,34,blk.34.attn_q.weight,tensor,Q8_0,44564480,44564496,16,0,0.0,3,8,18446539280,18446539296,8,none,1-64MiB
32B,404,Norm,34,blk.34.attn_q_norm.weight,tensor,F32,512,520,8,0,0.0,3,8,18491103776,18491103784,8,none,<4KiB
32B,405,K,34,blk.34.attn_k.weight,tensor,Q8_0,5570560,5570576,16,0,0.0,3,8,18491104296,18491104312,8,none,1-64MiB
32B,406,Norm,34,blk.34.attn_k_norm.weight,tensor,F32,512,520,8,0,0.0,3,8,18496674872,18496674880,8,none,<4KiB
32B,407,V,34,blk.34.attn_v.weight,tensor,Q8_0,5570560,5570576,16,0,0.0,3,8,18496675392,18496675408,8,none,1-64MiB
32B,408,AttentionOutput,34,blk.34.attn_output.weight,tensor,Q8_0,44564480,44564496,16,0,0.0,3,8,18502245968,18502245984,8,none,1-64MiB
32B,409,Norm,34,blk.34.ffn_norm.weight,tensor,F32,20480,20488,8,0,0.0,3,8,18546810464,18546810472,8,none,4KiB-1MiB
32B,410,FFNGate,34,blk.34.ffn_gate.weight,tensor,Q8_0,139264000,139264016,16,0,0.0,3,8,18546830952,18546830968,8,none,>=64MiB
32B,411,FFNUp,34,blk.34.ffn_up.weight,tensor,Q8_0,139264000,139264016,16,0,0.0,3,8,18686094968,18686094984,8,none,>=64MiB
32B,412,FFNDown,34,blk.34.ffn_down.weight,tensor,Q8_0,139264000,139264016,16,0,0.0,3,8,18825358984,18825359000,8,none,>=64MiB
32B,413,Norm,35,blk.35.attn_norm.weight,tensor,F32,20480,20488,8,0,0.0,3,8,18964623000,18964623008,8,none,4KiB-1MiB
32B,414,Q,35,blk.35.attn_q.weight,tensor,Q8_0,44564480,44564496,16,0,0.0,3,8,18964643488,18964643504,8,none,1-64MiB
32B,415,Norm,35,blk.35.attn_q_norm.weight,tensor,F32,512,520,8,0,0.0,3,8,19009207984,19009207992,8,none,<4KiB
32B,416,K,35,blk.35.attn_k.weight,tensor,Q8_0,5570560,5570576,16,0,0.0,3,8,19009208504,19009208520,8,none,1-64MiB
32B,417,Norm,35,blk.35.attn_k_norm.weight,tensor,F32,512,520,8,0,0.0,3,8,19014779080,19014779088,8,none,<4KiB
32B,418,V,35,blk.35.attn_v.weight,tensor,Q8_0,5570560,5570576,16,0,0.0,3,8,19014779600,19014779616,8,none,1-64MiB
32B,419,AttentionOutput,35,blk.35.attn_output.weight,tensor,Q8_0,44564480,44564496,16,0,0.0,3,8,19020350176,19020350192,8,none,1-64MiB
32B,420,Norm,35,blk.35.ffn_norm.weight,tensor,F32,20480,20488,8,0,0.0,3,8,19064914672,19064914680,8,none,4KiB-1MiB
32B,421,FFNGate,35,blk.35.ffn_gate.weight,tensor,Q8_0,139264000,139264016,16,0,0.0,3,8,19064935160,19064935176,8,none,>=64MiB
32B,422,FFNUp,35,blk.35.ffn_up.weight,tensor,Q8_0,139264000,139264016,16,0,0.0,3,8,19204199176,19204199192,8,none,>=64MiB
32B,423,FFNDown,35,blk.35.ffn_down.weight,tensor,Q8_0,139264000,139264016,16,0,0.0,3,8,19343463192,19343463208,8,none,>=64MiB
32B,424,Norm,36,blk.36.attn_norm.weight,tensor,F32,20480,20488,8,0,0.0,3,8,19482727208,19482727216,8,none,4KiB-1MiB
32B,425,Q,36,blk.36.attn_q.weight,tensor,Q8_0,44564480,44564496,16,0,0.0,3,8,19482747696,19482747712,8,none,1-64MiB
32B,426,Norm,36,blk.36.attn_q_norm.weight,tensor,F32,512,520,8,0,0.0,3,8,19527312192,19527312200,8,none,<4KiB
32B,427,K,36,blk.36.attn_k.weight,tensor,Q8_0,5570560,5570576,16,0,0.0,3,8,19527312712,19527312728,8,none,1-64MiB
32B,428,Norm,36,blk.36.attn_k_norm.weight,tensor,F32,512,520,8,0,0.0,3,8,19532883288,19532883296,8,none,<4KiB
32B,429,V,36,blk.36.attn_v.weight,tensor,Q8_0,5570560,5570576,16,0,0.0,3,8,19532883808,19532883824,8,none,1-64MiB
32B,430,AttentionOutput,36,blk.36.attn_output.weight,tensor,Q8_0,44564480,44564496,16,0,0.0,3,8,19538454384,19538454400,8,none,1-64MiB
32B,431,Norm,36,blk.36.ffn_norm.weight,tensor,F32,20480,20488,8,0,0.0,3,8,19583018880,19583018888,8,none,4KiB-1MiB
32B,432,FFNGate,36,blk.36.ffn_gate.weight,tensor,Q8_0,139264000,139264016,16,0,0.0,3,8,19583039368,19583039384,8,none,>=64MiB
32B,433,FFNUp,36,blk.36.ffn_up.weight,tensor,Q8_0,139264000,139264016,16,0,0.0,3,8,19722303384,19722303400,8,none,>=64MiB
32B,434,FFNDown,36,blk.36.ffn_down.weight,tensor,Q8_0,139264000,139264016,16,0,0.0,3,8,19861567400,19861567416,8,none,>=64MiB
32B,435,Norm,37,blk.37.attn_norm.weight,tensor,F32,20480,20488,8,0,0.0,3,8,20000831416,20000831424,8,none,4KiB-1MiB
32B,436,Q,37,blk.37.attn_q.weight,tensor,Q8_0,44564480,44564496,16,0,0.0,3,8,20000851904,20000851920,8,none,1-64MiB
32B,437,Norm,37,blk.37.attn_q_norm.weight,tensor,F32,512,520,8,0,0.0,3,8,20045416400,20045416408,8,none,<4KiB
32B,438,K,37,blk.37.attn_k.weight,tensor,Q8_0,5570560,5570576,16,0,0.0,3,8,20045416920,20045416936,8,none,1-64MiB
32B,439,Norm,37,blk.37.attn_k_norm.weight,tensor,F32,512,520,8,0,0.0,3,8,20050987496,20050987504,8,none,<4KiB
32B,440,V,37,blk.37.attn_v.weight,tensor,Q8_0,5570560,5570576,16,0,0.0,3,8,20050988016,20050988032,8,none,1-64MiB
32B,441,AttentionOutput,37,blk.37.attn_output.weight,tensor,Q8_0,44564480,44564496,16,0,0.0,3,8,20056558592,20056558608,8,none,1-64MiB
32B,442,Norm,37,blk.37.ffn_norm.weight,tensor,F32,20480,20488,8,0,0.0,3,8,20101123088,20101123096,8,none,4KiB-1MiB
32B,443,FFNGate,37,blk.37.ffn_gate.weight,tensor,Q8_0,139264000,139264016,16,0,0.0,3,8,20101143576,20101143592,8,none,>=64MiB
32B,444,FFNUp,37,blk.37.ffn_up.weight,tensor,Q8_0,139264000,139264016,16,0,0.0,3,8,20240407592,20240407608,8,none,>=64MiB
32B,445,FFNDown,37,blk.37.ffn_down.weight,tensor,Q8_0,139264000,139264016,16,0,0.0,3,8,20379671608,20379671624,8,none,>=64MiB
32B,446,Norm,38,blk.38.attn_norm.weight,tensor,F32,20480,20488,8,0,0.0,3,8,20518935624,20518935632,8,none,4KiB-1MiB
32B,447,Q,38,blk.38.attn_q.weight,tensor,Q8_0,44564480,44564496,16,0,0.0,3,8,20518956112,20518956128,8,none,1-64MiB
32B,448,Norm,38,blk.38.attn_q_norm.weight,tensor,F32,512,520,8,0,0.0,3,8,20563520608,20563520616,8,none,<4KiB
32B,449,K,38,blk.38.attn_k.weight,tensor,Q8_0,5570560,5570576,16,0,0.0,3,8,20563521128,20563521144,8,none,1-64MiB
32B,450,Norm,38,blk.38.attn_k_norm.weight,tensor,F32,512,520,8,0,0.0,3,8,20569091704,20569091712,8,none,<4KiB
32B,451,V,38,blk.38.attn_v.weight,tensor,Q8_0,5570560,5570576,16,0,0.0,3,8,20569092224,20569092240,8,none,1-64MiB
32B,452,AttentionOutput,38,blk.38.attn_output.weight,tensor,Q8_0,44564480,44564496,16,0,0.0,3,8,20574662800,20574662816,8,none,1-64MiB
32B,453,Norm,38,blk.38.ffn_norm.weight,tensor,F32,20480,20488,8,0,0.0,3,8,20619227296,20619227304,8,none,4KiB-1MiB
32B,454,FFNGate,38,blk.38.ffn_gate.weight,tensor,Q8_0,139264000,139264016,16,0,0.0,3,8,20619247784,20619247800,8,none,>=64MiB
32B,455,FFNUp,38,blk.38.ffn_up.weight,tensor,Q8_0,139264000,139264016,16,0,0.0,3,8,20758511800,20758511816,8,none,>=64MiB
32B,456,FFNDown,38,blk.38.ffn_down.weight,tensor,Q8_0,139264000,139264016,16,0,0.0,3,8,20897775816,20897775832,8,none,>=64MiB
32B,457,Norm,39,blk.39.attn_norm.weight,tensor,F32,20480,20488,8,0,0.0,3,8,21037039832,21037039840,8,none,4KiB-1MiB
32B,458,Q,39,blk.39.attn_q.weight,tensor,Q8_0,44564480,44564496,16,0,0.0,3,8,21037060320,21037060336,8,none,1-64MiB
32B,459,Norm,39,blk.39.attn_q_norm.weight,tensor,F32,512,520,8,0,0.0,3,8,21081624816,21081624824,8,none,<4KiB
32B,460,K,39,blk.39.attn_k.weight,tensor,Q8_0,5570560,5570576,16,0,0.0,3,8,21081625336,21081625352,8,none,1-64MiB
32B,461,Norm,39,blk.39.attn_k_norm.weight,tensor,F32,512,520,8,0,0.0,3,8,21087195912,21087195920,8,none,<4KiB
32B,462,V,39,blk.39.attn_v.weight,tensor,Q8_0,5570560,5570576,16,0,0.0,3,8,21087196432,21087196448,8,none,1-64MiB
32B,463,AttentionOutput,39,blk.39.attn_output.weight,tensor,Q8_0,44564480,44564496,16,0,0.0,3,8,21092767008,21092767024,8,none,1-64MiB
32B,464,Norm,39,blk.39.ffn_norm.weight,tensor,F32,20480,20488,8,0,0.0,3,8,21137331504,21137331512,8,none,4KiB-1MiB
32B,465,FFNGate,39,blk.39.ffn_gate.weight,tensor,Q8_0,139264000,139264016,16,0,0.0,3,8,21137351992,21137352008,8,none,>=64MiB
32B,466,FFNUp,39,blk.39.ffn_up.weight,tensor,Q8_0,139264000,139264016,16,0,0.0,3,8,21276616008,21276616024,8,none,>=64MiB
32B,467,FFNDown,39,blk.39.ffn_down.weight,tensor,Q8_0,139264000,139264016,16,0,0.0,3,8,21415880024,21415880040,8,none,>=64MiB
32B,468,Norm,40,blk.40.attn_norm.weight,tensor,F32,20480,20488,8,0,0.0,3,8,21555144040,21555144048,8,none,4KiB-1MiB
32B,469,Q,40,blk.40.attn_q.weight,tensor,Q8_0,44564480,44564496,16,0,0.0,3,8,21555164528,21555164544,8,none,1-64MiB
32B,470,Norm,40,blk.40.attn_q_norm.weight,tensor,F32,512,520,8,0,0.0,3,8,21599729024,21599729032,8,none,<4KiB
32B,471,K,40,blk.40.attn_k.weight,tensor,Q8_0,5570560,5570576,16,0,0.0,3,8,21599729544,21599729560,8,none,1-64MiB
32B,472,Norm,40,blk.40.attn_k_norm.weight,tensor,F32,512,520,8,0,0.0,3,8,21605300120,21605300128,8,none,<4KiB
32B,473,V,40,blk.40.attn_v.weight,tensor,Q8_0,5570560,5570576,16,0,0.0,3,8,21605300640,21605300656,8,none,1-64MiB
32B,474,AttentionOutput,40,blk.40.attn_output.weight,tensor,Q8_0,44564480,44564496,16,0,0.0,3,8,21610871216,21610871232,8,none,1-64MiB
32B,475,Norm,40,blk.40.ffn_norm.weight,tensor,F32,20480,20488,8,0,0.0,3,8,21655435712,21655435720,8,none,4KiB-1MiB
32B,476,FFNGate,40,blk.40.ffn_gate.weight,tensor,Q8_0,139264000,139264016,16,0,0.0,3,8,21655456200,21655456216,8,none,>=64MiB
32B,477,FFNUp,40,blk.40.ffn_up.weight,tensor,Q8_0,139264000,139264016,16,0,0.0,3,8,21794720216,21794720232,8,none,>=64MiB
32B,478,FFNDown,40,blk.40.ffn_down.weight,tensor,Q8_0,139264000,139264016,16,0,0.0,3,8,21933984232,21933984248,8,none,>=64MiB
32B,479,Norm,41,blk.41.attn_norm.weight,tensor,F32,20480,20488,8,0,0.0,3,8,22073248248,22073248256,8,none,4KiB-1MiB
32B,480,Q,41,blk.41.attn_q.weight,tensor,Q8_0,44564480,44564496,16,0,0.0,3,8,22073268736,22073268752,8,none,1-64MiB
32B,481,Norm,41,blk.41.attn_q_norm.weight,tensor,F32,512,520,8,0,0.0,3,8,22117833232,22117833240,8,none,<4KiB
32B,482,K,41,blk.41.attn_k.weight,tensor,Q8_0,5570560,5570576,16,0,0.0,3,8,22117833752,22117833768,8,none,1-64MiB
32B,483,Norm,41,blk.41.attn_k_norm.weight,tensor,F32,512,520,8,0,0.0,3,8,22123404328,22123404336,8,none,<4KiB
32B,484,V,41,blk.41.attn_v.weight,tensor,Q8_0,5570560,5570576,16,0,0.0,3,8,22123404848,22123404864,8,none,1-64MiB
32B,485,AttentionOutput,41,blk.41.attn_output.weight,tensor,Q8_0,44564480,44564496,16,0,0.0,3,8,22128975424,22128975440,8,none,1-64MiB
32B,486,Norm,41,blk.41.ffn_norm.weight,tensor,F32,20480,20488,8,0,0.0,3,8,22173539920,22173539928,8,none,4KiB-1MiB
32B,487,FFNGate,41,blk.41.ffn_gate.weight,tensor,Q8_0,139264000,139264016,16,0,0.0,3,8,22173560408,22173560424,8,none,>=64MiB
32B,488,FFNUp,41,blk.41.ffn_up.weight,tensor,Q8_0,139264000,139264016,16,0,0.0,3,8,22312824424,22312824440,8,none,>=64MiB
32B,489,FFNDown,41,blk.41.ffn_down.weight,tensor,Q8_0,139264000,139264016,16,0,0.0,3,8,22452088440,22452088456,8,none,>=64MiB
32B,490,Norm,42,blk.42.attn_norm.weight,tensor,F32,20480,20488,8,0,0.0,3,8,22591352456,22591352464,8,none,4KiB-1MiB
32B,491,Q,42,blk.42.attn_q.weight,tensor,Q8_0,44564480,44564496,16,0,0.0,3,8,22591372944,22591372960,8,none,1-64MiB
32B,492,Norm,42,blk.42.attn_q_norm.weight,tensor,F32,512,520,8,0,0.0,3,8,22635937440,22635937448,8,none,<4KiB
32B,493,K,42,blk.42.attn_k.weight,tensor,Q8_0,5570560,5570576,16,0,0.0,3,8,22635937960,22635937976,8,none,1-64MiB
32B,494,Norm,42,blk.42.attn_k_norm.weight,tensor,F32,512,520,8,0,0.0,3,8,22641508536,22641508544,8,none,<4KiB
32B,495,V,42,blk.42.attn_v.weight,tensor,Q8_0,5570560,5570576,16,0,0.0,3,8,22641509056,22641509072,8,none,1-64MiB
32B,496,AttentionOutput,42,blk.42.attn_output.weight,tensor,Q8_0,44564480,44564496,16,0,0.0,3,8,22647079632,22647079648,8,none,1-64MiB
32B,497,Norm,42,blk.42.ffn_norm.weight,tensor,F32,20480,20488,8,0,0.0,3,8,22691644128,22691644136,8,none,4KiB-1MiB
32B,498,FFNGate,42,blk.42.ffn_gate.weight,tensor,Q8_0,139264000,139264016,16,0,0.0,3,8,22691664616,22691664632,8,none,>=64MiB
32B,499,FFNUp,42,blk.42.ffn_up.weight,tensor,Q8_0,139264000,139264016,16,0,0.0,3,8,22830928632,22830928648,8,none,>=64MiB
32B,500,FFNDown,42,blk.42.ffn_down.weight,tensor,Q8_0,139264000,139264016,16,0,0.0,3,8,22970192648,22970192664,8,none,>=64MiB
32B,501,Norm,43,blk.43.attn_norm.weight,tensor,F32,20480,20488,8,0,0.0,3,8,23109456664,23109456672,8,none,4KiB-1MiB
32B,502,Q,43,blk.43.attn_q.weight,tensor,Q8_0,44564480,44564496,16,0,0.0,3,8,23109477152,23109477168,8,none,1-64MiB
32B,503,Norm,43,blk.43.attn_q_norm.weight,tensor,F32,512,520,8,0,0.0,3,8,23154041648,23154041656,8,none,<4KiB
32B,504,K,43,blk.43.attn_k.weight,tensor,Q8_0,5570560,5570576,16,0,0.0,3,8,23154042168,23154042184,8,none,1-64MiB
32B,505,Norm,43,blk.43.attn_k_norm.weight,tensor,F32,512,520,8,0,0.0,3,8,23159612744,23159612752,8,none,<4KiB
32B,506,V,43,blk.43.attn_v.weight,tensor,Q8_0,5570560,5570576,16,0,0.0,3,8,23159613264,23159613280,8,none,1-64MiB
32B,507,AttentionOutput,43,blk.43.attn_output.weight,tensor,Q8_0,44564480,44564496,16,0,0.0,3,8,23165183840,23165183856,8,none,1-64MiB
32B,508,Norm,43,blk.43.ffn_norm.weight,tensor,F32,20480,20488,8,0,0.0,3,8,23209748336,23209748344,8,none,4KiB-1MiB
32B,509,FFNGate,43,blk.43.ffn_gate.weight,tensor,Q8_0,139264000,139264016,16,0,0.0,3,8,23209768824,23209768840,8,none,>=64MiB
32B,510,FFNUp,43,blk.43.ffn_up.weight,tensor,Q8_0,139264000,139264016,16,0,0.0,3,8,23349032840,23349032856,8,none,>=64MiB
32B,511,FFNDown,43,blk.43.ffn_down.weight,tensor,Q8_0,139264000,139264016,16,0,0.0,3,8,23488296856,23488296872,8,none,>=64MiB
32B,512,Norm,44,blk.44.attn_norm.weight,tensor,F32,20480,20488,8,0,0.0,3,8,23627560872,23627560880,8,none,4KiB-1MiB
32B,513,Q,44,blk.44.attn_q.weight,tensor,Q8_0,44564480,44564496,16,0,0.0,3,8,23627581360,23627581376,8,none,1-64MiB
32B,514,Norm,44,blk.44.attn_q_norm.weight,tensor,F32,512,520,8,0,0.0,3,8,23672145856,23672145864,8,none,<4KiB
32B,515,K,44,blk.44.attn_k.weight,tensor,Q8_0,5570560,5570576,16,0,0.0,3,8,23672146376,23672146392,8,none,1-64MiB
32B,516,Norm,44,blk.44.attn_k_norm.weight,tensor,F32,512,520,8,0,0.0,3,8,23677716952,23677716960,8,none,<4KiB
32B,517,V,44,blk.44.attn_v.weight,tensor,Q8_0,5570560,5570576,16,0,0.0,3,8,23677717472,23677717488,8,none,1-64MiB
32B,518,AttentionOutput,44,blk.44.attn_output.weight,tensor,Q8_0,44564480,44564496,16,0,0.0,3,8,23683288048,23683288064,8,none,1-64MiB
32B,519,Norm,44,blk.44.ffn_norm.weight,tensor,F32,20480,20488,8,0,0.0,3,8,23727852544,23727852552,8,none,4KiB-1MiB
32B,520,FFNGate,44,blk.44.ffn_gate.weight,tensor,Q8_0,139264000,139264016,16,0,0.0,3,8,23727873032,23727873048,8,none,>=64MiB
32B,521,FFNUp,44,blk.44.ffn_up.weight,tensor,Q8_0,139264000,139264016,16,0,0.0,3,8,23867137048,23867137064,8,none,>=64MiB
32B,522,FFNDown,44,blk.44.ffn_down.weight,tensor,Q8_0,139264000,139264016,16,0,0.0,3,8,24006401064,24006401080,8,none,>=64MiB
32B,523,Norm,45,blk.45.attn_norm.weight,tensor,F32,20480,20488,8,0,0.0,3,8,24145665080,24145665088,8,none,4KiB-1MiB
32B,524,Q,45,blk.45.attn_q.weight,tensor,Q8_0,44564480,44564496,16,0,0.0,3,8,24145685568,24145685584,8,none,1-64MiB
32B,525,Norm,45,blk.45.attn_q_norm.weight,tensor,F32,512,520,8,0,0.0,3,8,24190250064,24190250072,8,none,<4KiB
32B,526,K,45,blk.45.attn_k.weight,tensor,Q8_0,5570560,5570576,16,0,0.0,3,8,24190250584,24190250600,8,none,1-64MiB
32B,527,Norm,45,blk.45.attn_k_norm.weight,tensor,F32,512,520,8,0,0.0,3,8,24195821160,24195821168,8,none,<4KiB
32B,528,V,45,blk.45.attn_v.weight,tensor,Q8_0,5570560,5570576,16,0,0.0,3,8,24195821680,24195821696,8,none,1-64MiB
32B,529,AttentionOutput,45,blk.45.attn_output.weight,tensor,Q8_0,44564480,44564496,16,0,0.0,3,8,24201392256,24201392272,8,none,1-64MiB
32B,530,Norm,45,blk.45.ffn_norm.weight,tensor,F32,20480,20488,8,0,0.0,3,8,24245956752,24245956760,8,none,4KiB-1MiB
32B,531,FFNGate,45,blk.45.ffn_gate.weight,tensor,Q8_0,139264000,139264016,16,0,0.0,3,8,24245977240,24245977256,8,none,>=64MiB
32B,532,FFNUp,45,blk.45.ffn_up.weight,tensor,Q8_0,139264000,139264016,16,0,0.0,3,8,24385241256,24385241272,8,none,>=64MiB
32B,533,FFNDown,45,blk.45.ffn_down.weight,tensor,Q8_0,139264000,139264016,16,0,0.0,3,8,24524505272,24524505288,8,none,>=64MiB
32B,534,Norm,46,blk.46.attn_norm.weight,tensor,F32,20480,20488,8,0,0.0,3,8,24663769288,24663769296,8,none,4KiB-1MiB
32B,535,Q,46,blk.46.attn_q.weight,tensor,Q8_0,44564480,44564496,16,0,0.0,3,8,24663789776,24663789792,8,none,1-64MiB
32B,536,Norm,46,blk.46.attn_q_norm.weight,tensor,F32,512,520,8,0,0.0,3,8,24708354272,24708354280,8,none,<4KiB
32B,537,K,46,blk.46.attn_k.weight,tensor,Q8_0,5570560,5570576,16,0,0.0,3,8,24708354792,24708354808,8,none,1-64MiB
32B,538,Norm,46,blk.46.attn_k_norm.weight,tensor,F32,512,520,8,0,0.0,3,8,24713925368,24713925376,8,none,<4KiB
32B,539,V,46,blk.46.attn_v.weight,tensor,Q8_0,5570560,5570576,16,0,0.0,3,8,24713925888,24713925904,8,none,1-64MiB
32B,540,AttentionOutput,46,blk.46.attn_output.weight,tensor,Q8_0,44564480,44564496,16,0,0.0,3,8,24719496464,24719496480,8,none,1-64MiB
32B,541,Norm,46,blk.46.ffn_norm.weight,tensor,F32,20480,20488,8,0,0.0,3,8,24764060960,24764060968,8,none,4KiB-1MiB
32B,542,FFNGate,46,blk.46.ffn_gate.weight,tensor,Q8_0,139264000,139264016,16,0,0.0,3,8,24764081448,24764081464,8,none,>=64MiB
32B,543,FFNUp,46,blk.46.ffn_up.weight,tensor,Q8_0,139264000,139264016,16,0,0.0,3,8,24903345464,24903345480,8,none,>=64MiB
32B,544,FFNDown,46,blk.46.ffn_down.weight,tensor,Q8_0,139264000,139264016,16,0,0.0,3,8,25042609480,25042609496,8,none,>=64MiB
32B,545,Norm,47,blk.47.attn_norm.weight,tensor,F32,20480,20488,8,0,0.0,3,8,25181873496,25181873504,8,none,4KiB-1MiB
32B,546,Q,47,blk.47.attn_q.weight,tensor,Q8_0,44564480,44564496,16,0,0.0,3,8,25181893984,25181894000,8,none,1-64MiB
32B,547,Norm,47,blk.47.attn_q_norm.weight,tensor,F32,512,520,8,0,0.0,3,8,25226458480,25226458488,8,none,<4KiB
32B,548,K,47,blk.47.attn_k.weight,tensor,Q8_0,5570560,5570576,16,0,0.0,3,8,25226459000,25226459016,8,none,1-64MiB
32B,549,Norm,47,blk.47.attn_k_norm.weight,tensor,F32,512,520,8,0,0.0,3,8,25232029576,25232029584,8,none,<4KiB
32B,550,V,47,blk.47.attn_v.weight,tensor,Q8_0,5570560,5570576,16,0,0.0,3,8,25232030096,25232030112,8,none,1-64MiB
32B,551,AttentionOutput,47,blk.47.attn_output.weight,tensor,Q8_0,44564480,44564496,16,0,0.0,3,8,25237600672,25237600688,8,none,1-64MiB
32B,552,Norm,47,blk.47.ffn_norm.weight,tensor,F32,20480,20488,8,0,0.0,3,8,25282165168,25282165176,8,none,4KiB-1MiB
32B,553,FFNGate,47,blk.47.ffn_gate.weight,tensor,Q8_0,139264000,139264016,16,0,0.0,3,8,25282185656,25282185672,8,none,>=64MiB
32B,554,FFNUp,47,blk.47.ffn_up.weight,tensor,Q8_0,139264000,139264016,16,0,0.0,3,8,25421449672,25421449688,8,none,>=64MiB
32B,555,FFNDown,47,blk.47.ffn_down.weight,tensor,Q8_0,139264000,139264016,16,0,0.0,3,8,25560713688,25560713704,8,none,>=64MiB
32B,556,Norm,48,blk.48.attn_norm.weight,tensor,F32,20480,20488,8,0,0.0,3,8,25699977704,25699977712,8,none,4KiB-1MiB
32B,557,Q,48,blk.48.attn_q.weight,tensor,Q8_0,44564480,44564496,16,0,0.0,3,8,25699998192,25699998208,8,none,1-64MiB
32B,558,Norm,48,blk.48.attn_q_norm.weight,tensor,F32,512,520,8,0,0.0,3,8,25744562688,25744562696,8,none,<4KiB
32B,559,K,48,blk.48.attn_k.weight,tensor,Q8_0,5570560,5570576,16,0,0.0,3,8,25744563208,25744563224,8,none,1-64MiB
32B,560,Norm,48,blk.48.attn_k_norm.weight,tensor,F32,512,520,8,0,0.0,3,8,25750133784,25750133792,8,none,<4KiB
32B,561,V,48,blk.48.attn_v.weight,tensor,Q8_0,5570560,5570576,16,0,0.0,3,8,25750134304,25750134320,8,none,1-64MiB
32B,562,AttentionOutput,48,blk.48.attn_output.weight,tensor,Q8_0,44564480,44564496,16,0,0.0,3,8,25755704880,25755704896,8,none,1-64MiB
32B,563,Norm,48,blk.48.ffn_norm.weight,tensor,F32,20480,20488,8,0,0.0,3,8,25800269376,25800269384,8,none,4KiB-1MiB
32B,564,FFNGate,48,blk.48.ffn_gate.weight,tensor,Q8_0,139264000,139264016,16,0,0.0,3,8,25800289864,25800289880,8,none,>=64MiB
32B,565,FFNUp,48,blk.48.ffn_up.weight,tensor,Q8_0,139264000,139264016,16,0,0.0,3,8,25939553880,25939553896,8,none,>=64MiB
32B,566,FFNDown,48,blk.48.ffn_down.weight,tensor,Q8_0,139264000,139264016,16,0,0.0,3,8,26078817896,26078817912,8,none,>=64MiB
32B,567,Norm,49,blk.49.attn_norm.weight,tensor,F32,20480,20488,8,0,0.0,3,8,26218081912,26218081920,8,none,4KiB-1MiB
32B,568,Q,49,blk.49.attn_q.weight,tensor,Q8_0,44564480,44564496,16,0,0.0,3,8,26218102400,26218102416,8,none,1-64MiB
32B,569,Norm,49,blk.49.attn_q_norm.weight,tensor,F32,512,520,8,0,0.0,3,8,26262666896,26262666904,8,none,<4KiB
32B,570,K,49,blk.49.attn_k.weight,tensor,Q8_0,5570560,5570576,16,0,0.0,3,8,26262667416,26262667432,8,none,1-64MiB
32B,571,Norm,49,blk.49.attn_k_norm.weight,tensor,F32,512,520,8,0,0.0,3,8,26268237992,26268238000,8,none,<4KiB
32B,572,V,49,blk.49.attn_v.weight,tensor,Q8_0,5570560,5570576,16,0,0.0,3,8,26268238512,26268238528,8,none,1-64MiB
32B,573,AttentionOutput,49,blk.49.attn_output.weight,tensor,Q8_0,44564480,44564496,16,0,0.0,3,8,26273809088,26273809104,8,none,1-64MiB
32B,574,Norm,49,blk.49.ffn_norm.weight,tensor,F32,20480,20488,8,0,0.0,3,8,26318373584,26318373592,8,none,4KiB-1MiB
32B,575,FFNGate,49,blk.49.ffn_gate.weight,tensor,Q8_0,139264000,139264016,16,0,0.0,3,8,26318394072,26318394088,8,none,>=64MiB
32B,576,FFNUp,49,blk.49.ffn_up.weight,tensor,Q8_0,139264000,139264016,16,0,0.0,3,8,26457658088,26457658104,8,none,>=64MiB
32B,577,FFNDown,49,blk.49.ffn_down.weight,tensor,Q8_0,139264000,139264016,16,0,0.0,3,8,26596922104,26596922120,8,none,>=64MiB
32B,578,Norm,50,blk.50.attn_norm.weight,tensor,F32,20480,20488,8,0,0.0,3,8,26736186120,26736186128,8,none,4KiB-1MiB
32B,579,Q,50,blk.50.attn_q.weight,tensor,Q8_0,44564480,44564496,16,0,0.0,3,8,26736206608,26736206624,8,none,1-64MiB
32B,580,Norm,50,blk.50.attn_q_norm.weight,tensor,F32,512,520,8,0,0.0,3,8,26780771104,26780771112,8,none,<4KiB
32B,581,K,50,blk.50.attn_k.weight,tensor,Q8_0,5570560,5570576,16,0,0.0,3,8,26780771624,26780771640,8,none,1-64MiB
32B,582,Norm,50,blk.50.attn_k_norm.weight,tensor,F32,512,520,8,0,0.0,3,8,26786342200,26786342208,8,none,<4KiB
32B,583,V,50,blk.50.attn_v.weight,tensor,Q8_0,5570560,5570576,16,0,0.0,3,8,26786342720,26786342736,8,none,1-64MiB
32B,584,AttentionOutput,50,blk.50.attn_output.weight,tensor,Q8_0,44564480,44564496,16,0,0.0,3,8,26791913296,26791913312,8,none,1-64MiB
32B,585,Norm,50,blk.50.ffn_norm.weight,tensor,F32,20480,20488,8,0,0.0,3,8,26836477792,26836477800,8,none,4KiB-1MiB
32B,586,FFNGate,50,blk.50.ffn_gate.weight,tensor,Q8_0,139264000,139264016,16,0,0.0,3,8,26836498280,26836498296,8,none,>=64MiB
32B,587,FFNUp,50,blk.50.ffn_up.weight,tensor,Q8_0,139264000,139264016,16,0,0.0,3,8,26975762296,26975762312,8,none,>=64MiB
32B,588,FFNDown,50,blk.50.ffn_down.weight,tensor,Q8_0,139264000,139264016,16,0,0.0,3,8,27115026312,27115026328,8,none,>=64MiB
32B,589,Norm,51,blk.51.attn_norm.weight,tensor,F32,20480,20488,8,0,0.0,3,8,27254290328,27254290336,8,none,4KiB-1MiB
32B,590,Q,51,blk.51.attn_q.weight,tensor,Q8_0,44564480,44564496,16,0,0.0,3,8,27254310816,27254310832,8,none,1-64MiB
32B,591,Norm,51,blk.51.attn_q_norm.weight,tensor,F32,512,520,8,0,0.0,3,8,27298875312,27298875320,8,none,<4KiB
32B,592,K,51,blk.51.attn_k.weight,tensor,Q8_0,5570560,5570576,16,0,0.0,3,8,27298875832,27298875848,8,none,1-64MiB
32B,593,Norm,51,blk.51.attn_k_norm.weight,tensor,F32,512,520,8,0,0.0,3,8,27304446408,27304446416,8,none,<4KiB
32B,594,V,51,blk.51.attn_v.weight,tensor,Q8_0,5570560,5570576,16,0,0.0,3,8,27304446928,27304446944,8,none,1-64MiB
32B,595,AttentionOutput,51,blk.51.attn_output.weight,tensor,Q8_0,44564480,44564496,16,0,0.0,3,8,27310017504,27310017520,8,none,1-64MiB
32B,596,Norm,51,blk.51.ffn_norm.weight,tensor,F32,20480,20488,8,0,0.0,3,8,27354582000,27354582008,8,none,4KiB-1MiB
32B,597,FFNGate,51,blk.51.ffn_gate.weight,tensor,Q8_0,139264000,139264016,16,0,0.0,3,8,27354602488,27354602504,8,none,>=64MiB
32B,598,FFNUp,51,blk.51.ffn_up.weight,tensor,Q8_0,139264000,139264016,16,0,0.0,3,8,27493866504,27493866520,8,none,>=64MiB
32B,599,FFNDown,51,blk.51.ffn_down.weight,tensor,Q8_0,139264000,139264016,16,0,0.0,3,8,27633130520,27633130536,8,none,>=64MiB
32B,600,Norm,52,blk.52.attn_norm.weight,tensor,F32,20480,20488,8,0,0.0,3,8,27772394536,27772394544,8,none,4KiB-1MiB
32B,601,Q,52,blk.52.attn_q.weight,tensor,Q8_0,44564480,44564496,16,0,0.0,3,8,27772415024,27772415040,8,none,1-64MiB
32B,602,Norm,52,blk.52.attn_q_norm.weight,tensor,F32,512,520,8,0,0.0,3,8,27816979520,27816979528,8,none,<4KiB
32B,603,K,52,blk.52.attn_k.weight,tensor,Q8_0,5570560,5570576,16,0,0.0,3,8,27816980040,27816980056,8,none,1-64MiB
32B,604,Norm,52,blk.52.attn_k_norm.weight,tensor,F32,512,520,8,0,0.0,3,8,27822550616,27822550624,8,none,<4KiB
32B,605,V,52,blk.52.attn_v.weight,tensor,Q8_0,5570560,5570576,16,0,0.0,3,8,27822551136,27822551152,8,none,1-64MiB
32B,606,AttentionOutput,52,blk.52.attn_output.weight,tensor,Q8_0,44564480,44564496,16,0,0.0,3,8,27828121712,27828121728,8,none,1-64MiB
32B,607,Norm,52,blk.52.ffn_norm.weight,tensor,F32,20480,20488,8,0,0.0,3,8,27872686208,27872686216,8,none,4KiB-1MiB
32B,608,FFNGate,52,blk.52.ffn_gate.weight,tensor,Q8_0,139264000,139264016,16,0,0.0,3,8,27872706696,27872706712,8,none,>=64MiB
32B,609,FFNUp,52,blk.52.ffn_up.weight,tensor,Q8_0,139264000,139264016,16,0,0.0,3,8,28011970712,28011970728,8,none,>=64MiB
32B,610,FFNDown,52,blk.52.ffn_down.weight,tensor,Q8_0,139264000,139264016,16,0,0.0,3,8,28151234728,28151234744,8,none,>=64MiB
32B,611,Norm,53,blk.53.attn_norm.weight,tensor,F32,20480,20488,8,0,0.0,3,8,28290498744,28290498752,8,none,4KiB-1MiB
32B,612,Q,53,blk.53.attn_q.weight,tensor,Q8_0,44564480,44564496,16,0,0.0,3,8,28290519232,28290519248,8,none,1-64MiB
32B,613,Norm,53,blk.53.attn_q_norm.weight,tensor,F32,512,520,8,0,0.0,3,8,28335083728,28335083736,8,none,<4KiB
32B,614,K,53,blk.53.attn_k.weight,tensor,Q8_0,5570560,5570576,16,0,0.0,3,8,28335084248,28335084264,8,none,1-64MiB
32B,615,Norm,53,blk.53.attn_k_norm.weight,tensor,F32,512,520,8,0,0.0,3,8,28340654824,28340654832,8,none,<4KiB
32B,616,V,53,blk.53.attn_v.weight,tensor,Q8_0,5570560,5570576,16,0,0.0,3,8,28340655344,28340655360,8,none,1-64MiB
32B,617,AttentionOutput,53,blk.53.attn_output.weight,tensor,Q8_0,44564480,44564496,16,0,0.0,3,8,28346225920,28346225936,8,none,1-64MiB
32B,618,Norm,53,blk.53.ffn_norm.weight,tensor,F32,20480,20488,8,0,0.0,3,8,28390790416,28390790424,8,none,4KiB-1MiB
32B,619,FFNGate,53,blk.53.ffn_gate.weight,tensor,Q8_0,139264000,139264016,16,0,0.0,3,8,28390810904,28390810920,8,none,>=64MiB
32B,620,FFNUp,53,blk.53.ffn_up.weight,tensor,Q8_0,139264000,139264016,16,0,0.0,3,8,28530074920,28530074936,8,none,>=64MiB
32B,621,FFNDown,53,blk.53.ffn_down.weight,tensor,Q8_0,139264000,139264016,16,0,0.0,3,8,28669338936,28669338952,8,none,>=64MiB
32B,622,Norm,54,blk.54.attn_norm.weight,tensor,F32,20480,20488,8,0,0.0,3,8,28808602952,28808602960,8,none,4KiB-1MiB
32B,623,Q,54,blk.54.attn_q.weight,tensor,Q8_0,44564480,44564496,16,0,0.0,3,8,28808623440,28808623456,8,none,1-64MiB
32B,624,Norm,54,blk.54.attn_q_norm.weight,tensor,F32,512,520,8,0,0.0,3,8,28853187936,28853187944,8,none,<4KiB
32B,625,K,54,blk.54.attn_k.weight,tensor,Q8_0,5570560,5570576,16,0,0.0,3,8,28853188456,28853188472,8,none,1-64MiB
32B,626,Norm,54,blk.54.attn_k_norm.weight,tensor,F32,512,520,8,0,0.0,3,8,28858759032,28858759040,8,none,<4KiB
32B,627,V,54,blk.54.attn_v.weight,tensor,Q8_0,5570560,5570576,16,0,0.0,3,8,28858759552,28858759568,8,none,1-64MiB
32B,628,AttentionOutput,54,blk.54.attn_output.weight,tensor,Q8_0,44564480,44564496,16,0,0.0,3,8,28864330128,28864330144,8,none,1-64MiB
32B,629,Norm,54,blk.54.ffn_norm.weight,tensor,F32,20480,20488,8,0,0.0,3,8,28908894624,28908894632,8,none,4KiB-1MiB
32B,630,FFNGate,54,blk.54.ffn_gate.weight,tensor,Q8_0,139264000,139264016,16,0,0.0,3,8,28908915112,28908915128,8,none,>=64MiB
32B,631,FFNUp,54,blk.54.ffn_up.weight,tensor,Q8_0,139264000,139264016,16,0,0.0,3,8,29048179128,29048179144,8,none,>=64MiB
32B,632,FFNDown,54,blk.54.ffn_down.weight,tensor,Q8_0,139264000,139264016,16,0,0.0,3,8,29187443144,29187443160,8,none,>=64MiB
32B,633,Norm,55,blk.55.attn_norm.weight,tensor,F32,20480,20488,8,0,0.0,3,8,29326707160,29326707168,8,none,4KiB-1MiB
32B,634,Q,55,blk.55.attn_q.weight,tensor,Q8_0,44564480,44564496,16,0,0.0,3,8,29326727648,29326727664,8,none,1-64MiB
32B,635,Norm,55,blk.55.attn_q_norm.weight,tensor,F32,512,520,8,0,0.0,3,8,29371292144,29371292152,8,none,<4KiB
32B,636,K,55,blk.55.attn_k.weight,tensor,Q8_0,5570560,5570576,16,0,0.0,3,8,29371292664,29371292680,8,none,1-64MiB
32B,637,Norm,55,blk.55.attn_k_norm.weight,tensor,F32,512,520,8,0,0.0,3,8,29376863240,29376863248,8,none,<4KiB
32B,638,V,55,blk.55.attn_v.weight,tensor,Q8_0,5570560,5570576,16,0,0.0,3,8,29376863760,29376863776,8,none,1-64MiB
32B,639,AttentionOutput,55,blk.55.attn_output.weight,tensor,Q8_0,44564480,44564496,16,0,0.0,3,8,29382434336,29382434352,8,none,1-64MiB
32B,640,Norm,55,blk.55.ffn_norm.weight,tensor,F32,20480,20488,8,0,0.0,3,8,29426998832,29426998840,8,none,4KiB-1MiB
32B,641,FFNGate,55,blk.55.ffn_gate.weight,tensor,Q8_0,139264000,139264016,16,0,0.0,3,8,29427019320,29427019336,8,none,>=64MiB
32B,642,FFNUp,55,blk.55.ffn_up.weight,tensor,Q8_0,139264000,139264016,16,0,0.0,3,8,29566283336,29566283352,8,none,>=64MiB
32B,643,FFNDown,55,blk.55.ffn_down.weight,tensor,Q8_0,139264000,139264016,16,0,0.0,3,8,29705547352,29705547368,8,none,>=64MiB
32B,644,Norm,56,blk.56.attn_norm.weight,tensor,F32,20480,20488,8,0,0.0,3,8,29844811368,29844811376,8,none,4KiB-1MiB
32B,645,Q,56,blk.56.attn_q.weight,tensor,Q8_0,44564480,44564496,16,0,0.0,3,8,29844831856,29844831872,8,none,1-64MiB
32B,646,Norm,56,blk.56.attn_q_norm.weight,tensor,F32,512,520,8,0,0.0,3,8,29889396352,29889396360,8,none,<4KiB
32B,647,K,56,blk.56.attn_k.weight,tensor,Q8_0,5570560,5570576,16,0,0.0,3,8,29889396872,29889396888,8,none,1-64MiB
32B,648,Norm,56,blk.56.attn_k_norm.weight,tensor,F32,512,520,8,0,0.0,3,8,29894967448,29894967456,8,none,<4KiB
32B,649,V,56,blk.56.attn_v.weight,tensor,Q8_0,5570560,5570576,16,0,0.0,3,8,29894967968,29894967984,8,none,1-64MiB
32B,650,AttentionOutput,56,blk.56.attn_output.weight,tensor,Q8_0,44564480,44564496,16,0,0.0,3,8,29900538544,29900538560,8,none,1-64MiB
32B,651,Norm,56,blk.56.ffn_norm.weight,tensor,F32,20480,20488,8,0,0.0,3,8,29945103040,29945103048,8,none,4KiB-1MiB
32B,652,FFNGate,56,blk.56.ffn_gate.weight,tensor,Q8_0,139264000,139264016,16,0,0.0,3,8,29945123528,29945123544,8,none,>=64MiB
32B,653,FFNUp,56,blk.56.ffn_up.weight,tensor,Q8_0,139264000,139264016,16,0,0.0,3,8,30084387544,30084387560,8,none,>=64MiB
32B,654,FFNDown,56,blk.56.ffn_down.weight,tensor,Q8_0,139264000,139264016,16,0,0.0,3,8,30223651560,30223651576,8,none,>=64MiB
32B,655,Norm,57,blk.57.attn_norm.weight,tensor,F32,20480,20488,8,0,0.0,3,8,30362915576,30362915584,8,none,4KiB-1MiB
32B,656,Q,57,blk.57.attn_q.weight,tensor,Q8_0,44564480,44564496,16,0,0.0,3,8,30362936064,30362936080,8,none,1-64MiB
32B,657,Norm,57,blk.57.attn_q_norm.weight,tensor,F32,512,520,8,0,0.0,3,8,30407500560,30407500568,8,none,<4KiB
32B,658,K,57,blk.57.attn_k.weight,tensor,Q8_0,5570560,5570576,16,0,0.0,3,8,30407501080,30407501096,8,none,1-64MiB
32B,659,Norm,57,blk.57.attn_k_norm.weight,tensor,F32,512,520,8,0,0.0,3,8,30413071656,30413071664,8,none,<4KiB
32B,660,V,57,blk.57.attn_v.weight,tensor,Q8_0,5570560,5570576,16,0,0.0,3,8,30413072176,30413072192,8,none,1-64MiB
32B,661,AttentionOutput,57,blk.57.attn_output.weight,tensor,Q8_0,44564480,44564496,16,0,0.0,3,8,30418642752,30418642768,8,none,1-64MiB
32B,662,Norm,57,blk.57.ffn_norm.weight,tensor,F32,20480,20488,8,0,0.0,3,8,30463207248,30463207256,8,none,4KiB-1MiB
32B,663,FFNGate,57,blk.57.ffn_gate.weight,tensor,Q8_0,139264000,139264016,16,0,0.0,3,8,30463227736,30463227752,8,none,>=64MiB
32B,664,FFNUp,57,blk.57.ffn_up.weight,tensor,Q8_0,139264000,139264016,16,0,0.0,3,8,30602491752,30602491768,8,none,>=64MiB
32B,665,FFNDown,57,blk.57.ffn_down.weight,tensor,Q8_0,139264000,139264016,16,0,0.0,3,8,30741755768,30741755784,8,none,>=64MiB
32B,666,Norm,58,blk.58.attn_norm.weight,tensor,F32,20480,20488,8,0,0.0,3,8,30881019784,30881019792,8,none,4KiB-1MiB
32B,667,Q,58,blk.58.attn_q.weight,tensor,Q8_0,44564480,44564496,16,0,0.0,3,8,30881040272,30881040288,8,none,1-64MiB
32B,668,Norm,58,blk.58.attn_q_norm.weight,tensor,F32,512,520,8,0,0.0,3,8,30925604768,30925604776,8,none,<4KiB
32B,669,K,58,blk.58.attn_k.weight,tensor,Q8_0,5570560,5570576,16,0,0.0,3,8,30925605288,30925605304,8,none,1-64MiB
32B,670,Norm,58,blk.58.attn_k_norm.weight,tensor,F32,512,520,8,0,0.0,3,8,30931175864,30931175872,8,none,<4KiB
32B,671,V,58,blk.58.attn_v.weight,tensor,Q8_0,5570560,5570576,16,0,0.0,3,8,30931176384,30931176400,8,none,1-64MiB
32B,672,AttentionOutput,58,blk.58.attn_output.weight,tensor,Q8_0,44564480,44564496,16,0,0.0,3,8,30936746960,30936746976,8,none,1-64MiB
32B,673,Norm,58,blk.58.ffn_norm.weight,tensor,F32,20480,20488,8,0,0.0,3,8,30981311456,30981311464,8,none,4KiB-1MiB
32B,674,FFNGate,58,blk.58.ffn_gate.weight,tensor,Q8_0,139264000,139264016,16,0,0.0,3,8,30981331944,30981331960,8,none,>=64MiB
32B,675,FFNUp,58,blk.58.ffn_up.weight,tensor,Q8_0,139264000,139264016,16,0,0.0,3,8,31120595960,31120595976,8,none,>=64MiB
32B,676,FFNDown,58,blk.58.ffn_down.weight,tensor,Q8_0,139264000,139264016,16,0,0.0,3,8,31259859976,31259859992,8,none,>=64MiB
32B,677,Norm,59,blk.59.attn_norm.weight,tensor,F32,20480,20488,8,0,0.0,3,8,31399123992,31399124000,8,none,4KiB-1MiB
32B,678,Q,59,blk.59.attn_q.weight,tensor,Q8_0,44564480,44564496,16,0,0.0,3,8,31399144480,31399144496,8,none,1-64MiB
32B,679,Norm,59,blk.59.attn_q_norm.weight,tensor,F32,512,520,8,0,0.0,3,8,31443708976,31443708984,8,none,<4KiB
32B,680,K,59,blk.59.attn_k.weight,tensor,Q8_0,5570560,5570576,16,0,0.0,3,8,31443709496,31443709512,8,none,1-64MiB
32B,681,Norm,59,blk.59.attn_k_norm.weight,tensor,F32,512,520,8,0,0.0,3,8,31449280072,31449280080,8,none,<4KiB
32B,682,V,59,blk.59.attn_v.weight,tensor,Q8_0,5570560,5570576,16,0,0.0,3,8,31449280592,31449280608,8,none,1-64MiB
32B,683,AttentionOutput,59,blk.59.attn_output.weight,tensor,Q8_0,44564480,44564496,16,0,0.0,3,8,31454851168,31454851184,8,none,1-64MiB
32B,684,Norm,59,blk.59.ffn_norm.weight,tensor,F32,20480,20488,8,0,0.0,3,8,31499415664,31499415672,8,none,4KiB-1MiB
32B,685,FFNGate,59,blk.59.ffn_gate.weight,tensor,Q8_0,139264000,139264016,16,0,0.0,3,8,31499436152,31499436168,8,none,>=64MiB
32B,686,FFNUp,59,blk.59.ffn_up.weight,tensor,Q8_0,139264000,139264016,16,0,0.0,3,8,31638700168,31638700184,8,none,>=64MiB
32B,687,FFNDown,59,blk.59.ffn_down.weight,tensor,Q8_0,139264000,139264016,16,0,0.0,3,8,31777964184,31777964200,8,none,>=64MiB
32B,688,Norm,60,blk.60.attn_norm.weight,tensor,F32,20480,20488,8,0,0.0,3,8,31917228200,31917228208,8,none,4KiB-1MiB
32B,689,Q,60,blk.60.attn_q.weight,tensor,Q8_0,44564480,44564496,16,0,0.0,3,8,31917248688,31917248704,8,none,1-64MiB
32B,690,Norm,60,blk.60.attn_q_norm.weight,tensor,F32,512,520,8,0,0.0,3,8,31961813184,31961813192,8,none,<4KiB
32B,691,K,60,blk.60.attn_k.weight,tensor,Q8_0,5570560,5570576,16,0,0.0,3,8,31961813704,31961813720,8,none,1-64MiB
32B,692,Norm,60,blk.60.attn_k_norm.weight,tensor,F32,512,520,8,0,0.0,3,8,31967384280,31967384288,8,none,<4KiB
32B,693,V,60,blk.60.attn_v.weight,tensor,Q8_0,5570560,5570576,16,0,0.0,3,8,31967384800,31967384816,8,none,1-64MiB
32B,694,AttentionOutput,60,blk.60.attn_output.weight,tensor,Q8_0,44564480,44564496,16,0,0.0,3,8,31972955376,31972955392,8,none,1-64MiB
32B,695,Norm,60,blk.60.ffn_norm.weight,tensor,F32,20480,20488,8,0,0.0,3,8,32017519872,32017519880,8,none,4KiB-1MiB
32B,696,FFNGate,60,blk.60.ffn_gate.weight,tensor,Q8_0,139264000,139264016,16,0,0.0,3,8,32017540360,32017540376,8,none,>=64MiB
32B,697,FFNUp,60,blk.60.ffn_up.weight,tensor,Q8_0,139264000,139264016,16,0,0.0,3,8,32156804376,32156804392,8,none,>=64MiB
32B,698,FFNDown,60,blk.60.ffn_down.weight,tensor,Q8_0,139264000,139264016,16,0,0.0,3,8,32296068392,32296068408,8,none,>=64MiB
32B,699,Norm,61,blk.61.attn_norm.weight,tensor,F32,20480,20488,8,0,0.0,3,8,32435332408,32435332416,8,none,4KiB-1MiB
32B,700,Q,61,blk.61.attn_q.weight,tensor,Q8_0,44564480,44564496,16,0,0.0,3,8,32435352896,32435352912,8,none,1-64MiB
32B,701,Norm,61,blk.61.attn_q_norm.weight,tensor,F32,512,520,8,0,0.0,3,8,32479917392,32479917400,8,none,<4KiB
32B,702,K,61,blk.61.attn_k.weight,tensor,Q8_0,5570560,5570576,16,0,0.0,3,8,32479917912,32479917928,8,none,1-64MiB
32B,703,Norm,61,blk.61.attn_k_norm.weight,tensor,F32,512,520,8,0,0.0,3,8,32485488488,32485488496,8,none,<4KiB
32B,704,V,61,blk.61.attn_v.weight,tensor,Q8_0,5570560,5570576,16,0,0.0,3,8,32485489008,32485489024,8,none,1-64MiB
32B,705,AttentionOutput,61,blk.61.attn_output.weight,tensor,Q8_0,44564480,44564496,16,0,0.0,3,8,32491059584,32491059600,8,none,1-64MiB
32B,706,Norm,61,blk.61.ffn_norm.weight,tensor,F32,20480,20488,8,0,0.0,3,8,32535624080,32535624088,8,none,4KiB-1MiB
32B,707,FFNGate,61,blk.61.ffn_gate.weight,tensor,Q8_0,139264000,139264016,16,0,0.0,3,8,32535644568,32535644584,8,none,>=64MiB
32B,708,FFNUp,61,blk.61.ffn_up.weight,tensor,Q8_0,139264000,139264016,16,0,0.0,3,8,32674908584,32674908600,8,none,>=64MiB
32B,709,FFNDown,61,blk.61.ffn_down.weight,tensor,Q8_0,139264000,139264016,16,0,0.0,3,8,32814172600,32814172616,8,none,>=64MiB
32B,710,Norm,62,blk.62.attn_norm.weight,tensor,F32,20480,20488,8,0,0.0,3,8,32953436616,32953436624,8,none,4KiB-1MiB
32B,711,Q,62,blk.62.attn_q.weight,tensor,Q8_0,44564480,44564496,16,0,0.0,3,8,32953457104,32953457120,8,none,1-64MiB
32B,712,Norm,62,blk.62.attn_q_norm.weight,tensor,F32,512,520,8,0,0.0,3,8,32998021600,32998021608,8,none,<4KiB
32B,713,K,62,blk.62.attn_k.weight,tensor,Q8_0,5570560,5570576,16,0,0.0,3,8,32998022120,32998022136,8,none,1-64MiB
32B,714,Norm,62,blk.62.attn_k_norm.weight,tensor,F32,512,520,8,0,0.0,3,8,33003592696,33003592704,8,none,<4KiB
32B,715,V,62,blk.62.attn_v.weight,tensor,Q8_0,5570560,5570576,16,0,0.0,3,8,33003593216,33003593232,8,none,1-64MiB
32B,716,AttentionOutput,62,blk.62.attn_output.weight,tensor,Q8_0,44564480,44564496,16,0,0.0,3,8,33009163792,33009163808,8,none,1-64MiB
32B,717,Norm,62,blk.62.ffn_norm.weight,tensor,F32,20480,20488,8,0,0.0,3,8,33053728288,33053728296,8,none,4KiB-1MiB
32B,718,FFNGate,62,blk.62.ffn_gate.weight,tensor,Q8_0,139264000,139264016,16,0,0.0,3,8,33053748776,33053748792,8,none,>=64MiB
32B,719,FFNUp,62,blk.62.ffn_up.weight,tensor,Q8_0,139264000,139264016,16,0,0.0,3,8,33193012792,33193012808,8,none,>=64MiB
32B,720,FFNDown,62,blk.62.ffn_down.weight,tensor,Q8_0,139264000,139264016,16,0,0.0,3,8,33332276808,33332276824,8,none,>=64MiB
32B,721,Norm,63,blk.63.attn_norm.weight,tensor,F32,20480,20488,8,0,0.0,3,8,33471540824,33471540832,8,none,4KiB-1MiB
32B,722,Q,63,blk.63.attn_q.weight,tensor,Q8_0,44564480,44564496,16,0,0.0,3,8,33471561312,33471561328,8,none,1-64MiB
32B,723,Norm,63,blk.63.attn_q_norm.weight,tensor,F32,512,520,8,0,0.0,3,8,33516125808,33516125816,8,none,<4KiB
32B,724,K,63,blk.63.attn_k.weight,tensor,Q8_0,5570560,5570576,16,0,0.0,3,8,33516126328,33516126344,8,none,1-64MiB
32B,725,Norm,63,blk.63.attn_k_norm.weight,tensor,F32,512,520,8,0,0.0,3,8,33521696904,33521696912,8,none,<4KiB
32B,726,V,63,blk.63.attn_v.weight,tensor,Q8_0,5570560,5570576,16,0,0.0,3,8,33521697424,33521697440,8,none,1-64MiB
32B,727,AttentionOutput,63,blk.63.attn_output.weight,tensor,Q8_0,44564480,44564496,16,0,0.0,3,8,33527268000,33527268016,8,none,1-64MiB
32B,728,Norm,63,blk.63.ffn_norm.weight,tensor,F32,20480,20488,8,0,0.0,3,8,33571832496,33571832504,8,none,4KiB-1MiB
32B,729,FFNGate,63,blk.63.ffn_gate.weight,tensor,Q8_0,139264000,139264016,16,0,0.0,3,8,33571852984,33571853000,8,none,>=64MiB
32B,730,FFNUp,63,blk.63.ffn_up.weight,tensor,Q8_0,139264000,139264016,16,0,0.0,3,8,33711117000,33711117016,8,none,>=64MiB
32B,731,FFNDown,63,blk.63.ffn_down.weight,tensor,Q8_0,139264000,139264016,16,0,0.0,3,8,33850381016,33850381032,8,none,>=64MiB
32B,732,Output,,output.weight,tensor,Q8_0,826531840,826531856,16,0,0.0,3,8,33989645032,33989645048,8,none,>=64MiB
32B,733,Norm,,output_norm.weight,tensor,F32,20480,20488,8,0,0.0,3,8,34816176888,34816176896,8,none,4KiB-1MiB
