elapsed_us,pid,rss_bytes,vsize_bytes,process_utime_ticks,process_stime_ticks,minor_faults,major_faults,read_bytes,syscr,system_user_ticks,system_ticks,system_idle_ticks,system_iowait_ticks,available_bytes,thread_count,thread_delta_ticks
5407,18959,262144,4198400,0,0,19,1,393216,8,1873911,255705,5407667,16341,7825391616,1,18959:0
109970,18959,9699328,14934016,5,3,1218,19,2969600,400,1873917,255710,5407739,16342,7821213696,1,18959:8
214846,18959,14102528,19513344,12,6,3110,19,5197824,963,1873925,255713,5407812,16342,7816839168,1,18959:10
319644,18959,17510400,22704128,22,7,3892,20,5353472,995,1873936,255713,5407884,16342,7813484544,1,18959:11
424196,18959,18821120,24801280,33,7,4222,20,5353472,995,1873946,255713,5407957,16342,7812194304,1,18959:11
528625,18959,19083264,24801280,43,7,4241,20,5353472,995,1873957,255713,5408029,16342,7811936256,1,18959:10
633270,18959,19476480,24801280,53,7,4339,20,5353472,995,1873968,255713,5408102,16342,7811678208,1,18959:10
737691,18959,22884352,27774976,63,7,5144,20,5353472,995,1873978,255714,5408174,16342,7808323584,1,18959:10
842247,18959,27996160,34549760,72,9,6310,20,5353472,995,1873987,255716,5408247,16342,7801614336,1,18959:11
947150,18959,33501184,38494208,82,9,7751,20,5353472,995,1873998,255717,5408320,16342,7797743616,1,18959:11
1051836,18959,37826560,42758144,92,10,8792,20,5353472,995,1874008,255718,5408393,16342,7793602560,1,18959:10
1156660,18959,38744064,43298816,102,11,8953,20,5353472,995,1874018,255718,5408465,16342,7793086464,1,18959:11
1261225,18959,38744064,43298816,113,11,8953,20,5353472,995,1874029,255719,5408536,16343,7793295360,1,18959:11
1365940,18959,38744064,43298816,123,11,8953,20,5353472,995,1874040,255719,5408609,16343,7793295360,1,18959:10
1470781,18959,38744064,43298816,133,11,8953,20,5353472,995,1874052,255721,5408679,16343,7793295360,1,18959:10
1575462,18959,38744064,43298816,144,11,8953,20,5353472,995,1874062,255721,5408751,16343,7793295360,1,18959:11
1680223,18959,42151936,46702592,154,11,9765,20,5353472,995,1874072,255722,5408824,16343,7789940736,1,18959:10
1784790,18959,42151936,46702592,165,11,9775,20,5353472,995,1874083,255722,5408897,16343,7789940736,1,18959:11
1889289,18959,46084096,5037293568,169,14,10732,20,10600448,996,1874087,255724,5408972,16344,7785426944,1,18959:7
1994688,18959,53948416,5037293568,170,17,12652,20,18464768,996,1874088,255728,5409052,16344,7777550336,1,18959:4
2100004,18959,62074880,5037293568,170,22,14572,20,26329088,996,1874088,255732,5409131,16344,7769853952,1,18959:5
2205483,18959,70201344,5037293568,170,26,16620,20,34193408,996,1874089,255737,5409209,16344,7761977344,1,18959:4
2310296,18959,78065664,5037293568,170,31,18540,20,42057728,996,1874090,255742,5409287,16344,7754100736,1,18959:5
2415145,18959,85929984,5037293568,170,34,20460,20,49922048,996,1874090,255745,5409366,16344,7745966080,1,18959:3
2520219,18959,93794304,5037293568,170,38,22380,20,57786368,996,1874090,255750,5409446,16344,7737782272,1,18959:4
2625545,18959,101920768,5037293568,171,42,24300,20,66174976,996,1874091,255753,5409525,16344,7729958912,1,18959:5
2731012,18959,110047232,5037293568,171,45,26309,20,74039296,996,1874092,255756,5409605,16344,7722082304,1,18959:4
2836102,18959,117125120,5037293568,172,49,28090,20,81530880,1000,1874092,255759,5409684,16344,7715119104,1,18959:4
2940853,18959,124989440,5037293568,172,52,30010,20,89395200,1000,1874092,255764,5409761,16344,7707242496,1,18959:3
3045957,18959,132853760,5037293568,172,56,31930,20,97259520,1000,1874093,255768,5409839,16344,7699365888,1,18959:4
3150765,18959,140718080,5037293568,172,60,33850,20,105123840,1000,1874094,255772,5409918,16344,7691231232,1,18959:4
3255810,18959,148582400,5037293568,173,64,35770,20,112988160,1000,1874094,255776,5409998,16344,7683096576,1,18959:5
3361052,18959,156446720,5037293568,173,67,37690,20,121376768,1000,1874094,255779,5410077,16344,7675224064,1,18959:3
3466475,18959,164573184,5037293568,173,71,39610,20,129241088,1000,1874095,255783,5410157,16344,7667347456,1,18959:4
3571855,18959,172699648,5037293568,173,75,41658,20,137105408,1000,1874096,255787,5410236,16344,7659470848,1,18959:4
3676692,18959,180563968,5037293568,173,79,43578,20,144969728,1000,1874096,255791,5410315,16344,7651594240,1,18959:4
3781608,18959,188428288,5037293568,173,83,45498,20,152834048,1000,1874096,255795,5410394,16344,7643717632,1,18959:4
3886260,18959,196292608,5037293568,173,87,47418,20,160698368,1000,1874097,255799,5410473,16344,7635841024,1,18959:4
3991301,18959,204156928,5037293568,173,91,49338,20,169086976,1000,1874098,255803,5410553,16344,7627452416,1,18959:4
4096679,18959,212414464,5037293568,173,95,51261,20,176951296,1000,1874098,255807,5410632,16344,7619575808,1,18959:4
4202091,18959,220409856,5037293568,173,99,53306,20,184815616,1000,1874099,255810,5410712,16344,7611699200,1,18959:4
4307107,18959,228274176,5037293568,173,103,55226,20,192679936,1000,1874099,255815,5410791,16344,7603822592,1,18959:4
4412031,18959,236138496,5037293568,173,107,57146,20,200544256,1000,1874100,255819,5410870,16344,7595945984,1,18959:4
4516855,18959,244002816,5037293568,173,111,59066,20,208408576,1000,1874100,255824,5410946,16344,7588069376,1,18959:4
4621548,18959,251867136,5037293568,173,114,60986,20,216272896,1000,1874101,255828,5411026,16344,7580192768,1,18959:3
4726419,18959,258945024,5037293568,173,117,62672,20,223768576,1019,1874101,255830,5411103,16346,7572983808,1,18959:4
4831673,18959,266809344,5037293568,173,121,64615,20,230948864,1021,1874102,255834,5411183,16346,7564701696,1,18959:3
4936835,18959,272707584,5037293568,174,123,66065,20,238497792,1045,1874102,255836,5411260,16349,7559045120,1,18959:3
5041447,18959,280571904,5037293568,174,127,67985,20,246362112,1045,1874102,255839,5411339,16349,7551168512,1,18959:4
5146339,18959,288436224,5037293568,174,131,69905,20,254226432,1045,1874102,255844,5411419,16349,7543549952,1,18959:4
5251196,18959,296169472,5037293568,174,134,71703,20,262090752,1045,1874102,255847,5411497,16350,7536836608,1,18959:3
5356754,18959,304164864,5037293568,174,138,73660,20,269955072,1045,1874103,255852,5411576,16350,7529291776,1,18959:4
5462089,18959,311898112,5037293568,174,142,75632,20,277684224,1047,1874104,255855,5411656,16350,7521513472,1,18959:4
5567013,18959,319762432,5037293568,174,145,77510,20,285548544,1047,1874104,255858,5411736,16350,7513710592,1,18959:3
5672170,18959,327626752,5037293568,174,149,79472,20,293412864,1047,1874104,255862,5411815,16350,7505674240,1,18959:4
5776879,18959,335491072,5037293568,174,153,81392,20,301277184,1047,1874104,255865,5411894,16350,7497871360,1,18959:4
5881814,18959,343093248,5037293568,175,155,83220,20,309014528,1050,1874104,255868,5411973,16351,7489847296,1,18959:4
5987270,18959,348991488,5037293568,176,158,84688,20,315666432,1076,1874105,255871,5412049,16354,7484231680,1,18959:3
6092451,18959,356855808,5037293568,176,161,86604,20,323530752,1076,1874107,255875,5412126,16354,7476195328,1,18959:3
6197299,18959,364720128,5037293568,176,164,88524,20,331395072,1076,1874107,255878,5412206,16354,7468515328,1,18959:3
6302182,18959,372584448,5037293568,176,168,90444,20,339259392,1076,1874108,255882,5412285,16354,7460646912,1,18959:4
6406970,18959,380448768,5037293568,177,171,92364,20,347123712,1076,1874108,255885,5412365,16354,7452786688,1,18959:4
6511807,18959,388182016,5037293568,177,175,94251,20,354852864,1078,1874108,255889,5412444,16354,7445065728,1,18959:4
6616505,18959,396046336,5037293568,177,179,96171,20,362717184,1078,1874108,255893,5412524,16354,7436939264,1,18959:4
6721543,18959,403910656,5037293568,177,182,98091,20,370581504,1078,1874109,255898,5412603,16354,7428812800,1,18959:3
6826746,18959,411774976,5037293568,177,186,100011,20,378445824,1078,1874109,255901,5412683,16354,7420895232,1,18959:4
6932067,18959,419901440,5037293568,177,190,101931,20,386179072,1078,1874110,255905,5412763,16355,7413223424,1,18959:4
7037120,18959,426323968,5037293568,177,193,103571,20,392658944,1106,1874110,255908,5412839,16357,7406022656,1,18959:3
7142553,18959,433664000,5037293568,177,196,105370,20,400912384,1110,1874111,255913,5412918,16359,7399571456,1,18959:4
7247672,18959,441528320,5037293568,177,200,107290,20,408776704,1110,1874111,255918,5412997,16359,7391703040,1,18959:3
7352644,18959,449392640,5037293568,177,204,109210,20,416641024,1110,1874112,255921,5413077,16359,7383588864,1,18959:4
7457591,18959,457256960,5037293568,177,208,111130,20,424505344,1110,1874112,255924,5413156,16359,7375720448,1,18959:4
7562663,18959,464990208,5037293568,177,211,113017,20,432758784,1112,1874114,255929,5413233,16359,7367176192,1,18959:3
7668019,18959,473378816,5037293568,177,215,115058,20,440623104,1112,1874114,255933,5413312,16359,7359307776,1,18959:4
7773128,18959,481243136,5037293568,177,219,116985,20,448487424,1112,1874114,255937,5413392,16359,7351439360,1,18959:4
7877916,18959,489107456,5037293568,177,222,118905,20,456351744,1112,1874115,255940,5413471,16359,7343054848,1,18959:3
7983081,18959,496971776,5037293568,177,226,120825,20,464740352,1112,1874115,255944,5413551,16359,7335251968,1,18959:4
8088399,18959,504180736,5037293568,177,229,122568,20,470892544,1132,1874115,255948,5413629,16361,7328481280,1,18959:3
8193675,18959,510865408,5037293568,177,232,124149,20,478814208,1144,1874116,255952,5413707,16363,7321681920,1,18959:3
8299073,18959,518991872,5037293568,177,236,126119,20,486678528,1144,1874116,255956,5413786,16363,7313813504,1,18959:4
8404312,18959,526856192,5037293568,177,240,128104,20,494542848,1144,1874117,255959,5413865,16363,7305945088,1,18959:4
8509039,18959,534720512,5037293568,177,244,130024,20,502407168,1144,1874117,255962,5413945,16363,7298076672,1,18959:4
8613915,18959,542584832,5037293568,177,247,131949,20,510136320,1146,1874118,255966,5414024,16363,7290322944,1,18959:3
8718878,18959,550318080,5037293568,177,251,133831,20,518524928,1146,1874118,255969,5414104,16363,7281975296,1,18959:4
8824347,18959,558182400,5037293568,177,254,135751,20,526389248,1146,1874118,255972,5414184,16363,7274119168,1,18959:3
8929895,18959,566046720,5037293568,177,258,137671,20,534253568,1146,1874119,255976,5414265,16363,7266258944,1,18959:4
9035389,18959,574435328,5037293568,177,261,139633,20,542117888,1146,1874119,255980,5414345,16363,7259660288,1,18959:4
9141583,18959,581906432,5037293568,177,265,141546,20,548671488,1163,1874121,255984,5414420,16365,7252209664,1,18959:3
9246414,18959,587935744,5037293568,177,268,143029,20,556195840,1179,1874122,255987,5414498,16367,7245881344,1,18959:3
9351328,18959,595800064,5037293568,177,271,144949,20,564060160,1179,1874123,255990,5414578,16367,7238012928,1,18959:3
9456267,18959,603664384,5037293568,177,275,146869,20,571924480,1179,1874123,255994,5414658,16367,7230144512,1,18959:4
9561229,18959,611528704,5037293568,177,278,148789,20,579788800,1179,1874123,255997,5414737,16367,7221735424,1,18959:3
9667083,18959,619917312,5037293568,177,282,150765,20,588177408,1179,1874124,256001,5414818,16367,7213895680,1,18959:4
9772860,18959,627519488,5037293568,177,285,152724,20,595906560,1181,1874124,256004,5414898,16367,7206174720,1,18959:3
9877720,18959,635383808,5037293568,177,289,154644,20,603770880,1181,1874124,256008,5414977,16367,7198314496,1,18959:4
9982788,18959,643248128,5037293568,177,292,156564,20,611635200,1181,1874124,256014,5415057,16367,7189929984,1,18959:3
10088580,18959,651112448,5037293568,177,295,158484,20,620023808,1181,1874125,256018,5415139,16367,7182065664,1,18959:3
10194728,18959,658845696,5037293568,177,299,160364,20,627056640,1187,1874125,256022,5415217,16368,7174897664,1,18959:4
10299550,18959,665268224,5037293568,177,302,161923,20,634101760,1214,1874125,256026,5415294,16371,7168557056,1,18959:3
10404254,18959,673132544,5037293568,177,305,163843,20,641966080,1214,1874125,256030,5415374,16371,7160688640,1,18959:3
10509060,18959,680996864,5037293568,177,309,165763,20,649830400,1214,1874126,256033,5415453,16371,7152820224,1,18959:4
10613759,18959,688467968,5037293568,177,312,167555,20,657694720,1214,1874127,256040,5415530,16371,7144775680,1,18959:3
10720073,18959,696201216,5037293568,177,315,169475,20,665559040,1214,1874127,256042,5415611,16371,7136972800,1,18959:3
10826308,18959,704327680,5037293568,177,319,171490,20,673288192,1216,1874128,256046,5415691,16371,7129194496,1,18959:4
10931085,18959,712192000,5037293568,177,322,173410,20,681152512,1216,1874128,256048,5415770,16371,7121145856,1,18959:3
11036016,18959,720056320,5037293568,177,326,175330,20,689016832,1216,1874128,256052,5415850,16371,7113109504,1,18959:4
11141095,18959,727920640,5037293568,177,329,177250,20,696881152,1216,1874129,256057,5415930,16371,7105306624,1,18959:3
11245837,18959,735784960,5037293568,177,333,179170,20,704618496,1219,1874130,256060,5416010,16372,7097409536,1,18959:4
11351989,18959,743124992,5037293568,177,336,180951,20,711479296,1248,1874130,256064,5416087,16374,7090663424,1,18959:3
11457727,18959,750465024,5037293568,177,339,182736,20,719343616,1248,1874130,256067,5416167,16374,7082795008,1,18959:3
11563486,18959,758591488,5037293568,177,343,184656,20,727732224,1248,1874130,256072,5416248,16374,7074930688,1,18959:4
11669706,18959,766717952,5037293568,177,346,186704,20,735596544,1248,1874130,256075,5416327,16374,7066804224,1,18959:3
11775115,18959,774582272,5037293568,177,350,188624,20,743985152,1248,1874131,256079,5416408,16374,7058690048,1,18959:4
11881354,18959,782839808,5037293568,177,354,190639,20,751714304,1250,1874131,256082,5416488,16374,7050907648,1,18959:4
11986112,18959,790704128,5037293568,177,357,192559,20,759578624,1250,1874132,256086,5416568,16374,7043039232,1,18959:3
12090860,18959,798568448,5037293568,177,360,194479,20,767442944,1250,1874132,256089,5416647,16374,7035170816,1,18959:3
12196344,18959,806432768,5037293568,177,364,196399,20,775307264,1250,1874134,256094,5416724,16374,7026737152,1,18959:4
12302461,18959,814297088,5037293568,177,367,198319,20,783118336,1250,1874134,256098,5416805,16374,7019630592,1,18959:3
12407758,18959,820850688,5037293568,177,370,199917,20,790061056,1274,1874134,256100,5416883,16376,7012454400,1,18959:3
12513313,18959,827797504,5037293568,177,373,201630,20,798326784,1283,1874135,256103,5416962,16378,7005204480,1,18959:3
12619204,18959,836186112,5037293568,177,377,203550,20,806191104,1283,1874136,256107,5417043,16378,6997336064,1,18959:4
12725329,18959,844050432,5037293568,177,380,205598,20,814055424,1283,1874136,256110,5417122,16378,6989209600,1,18959:3
12830974,18959,851914752,5037293568,177,384,207518,20,822444032,1283,1874137,256113,5417204,16378,6981095424,1,18959:4
12937184,18959,860172288,5037293568,177,387,209533,20,830173184,1285,1874137,256116,5417283,16378,6973374464,1,18959:3
13042200,18959,868036608,5037293568,177,391,211453,20,838037504,1285,1874138,256119,5417363,16378,6964940800,1,18959:4
13148097,18959,875900928,5037293568,177,394,213373,20,846426112,1285,1874138,256122,5417444,16378,6957125632,1,18959:3
13254533,18959,884289536,5037293568,177,398,215333,20,854290432,1285,1874139,256126,5417525,16378,6949257216,1,18959:4
13360354,18959,892153856,5037293568,177,401,217341,20,862154752,1285,1874140,256129,5417604,16378,6941646848,1,18959:3
13465589,18959,899100672,5037293568,177,404,219013,20,868855808,1307,1874140,256134,5417682,16380,6934179840,1,18959:3
13571121,18959,906309632,5037293568,177,407,220675,20,876756992,1318,1874141,256137,5417761,16382,6927110144,1,18959:4
13677018,18959,914173952,5037293568,177,411,222700,20,884621312,1318,1874142,256142,5417838,16382,6919241728,1,18959:3
13782327,18959,922038272,5037293568,177,414,224620,20,892485632,1318,1874143,256145,5417918,16382,6911373312,1,18959:3
13887251,18959,929902592,5037293568,177,418,226540,20,900349952,1318,1874144,256148,5417998,16382,6903259136,1,18959:4
13991987,18959,937635840,5037293568,177,421,228430,20,908603392,1320,1874144,256151,5418078,16382,6895284224,1,18959:3
14098248,18959,946024448,5037293568,177,425,230387,20,916467712,1320,1874144,256156,5418158,16382,6887424000,1,18959:4
14204060,18959,953888768,5037293568,177,428,232395,20,924332032,1320,1874144,256159,5418238,16382,6879555584,1,18959:3
14309115,18959,961753088,5037293568,177,432,234315,20,932196352,1320,1874145,256164,5418317,16382,6871429120,1,18959:4
14414395,18959,969617408,5037293568,177,435,236235,20,940060672,1320,1874146,256167,5418397,16382,6863306752,1,18959:3
14520387,18959,977088512,5037293568,177,438,238059,20,947298304,1336,1874146,256170,5418476,16384,6855798784,1,18959:3
14626394,18959,983642112,5037293568,177,442,239674,20,954658816,1352,1874147,256173,5418554,16387,6849736704,1,18959:4
14731418,18959,991506432,5037293568,177,445,241594,20,962523136,1352,1874147,256177,5418634,16387,6841868288,1,18959:3
14836367,18959,999370752,5037293568,177,448,243514,20,970387456,1352,1874148,256181,5418713,16387,6833455104,1,18959:3
14942391,18959,1007759360,5037293568,177,452,245562,20,978776064,1352,1874148,256184,5418794,16387,6825639936,1,18959:4
15047624,18959,1015623680,5037293568,177,456,247482,20,986505216,1352,1874148,256188,5418874,16387,6817648640,1,18959:4
15152348,18959,1023356928,5037293568,177,459,249369,20,994893824,1354,1874148,256192,5418953,16387,6809546752,1,18959:3
15258356,18959,1031221248,5037293568,177,462,251289,20,1002758144,1354,1874150,256198,5419032,16387,6801174528,1,18959:3
15364503,18959,1039609856,5037293568,177,466,253337,20,1010622464,1354,1874151,256201,5419111,16387,6793306112,1,18959:4
15469555,18959,1047474176,5037293568,177,469,255257,20,1018486784,1354,1874151,256204,5419191,16387,6785437696,1,18959:3
15574527,18959,1054945280,5037293568,177,472,257075,20,1025564672,1371,1874152,256207,5419271,16388,6777327616,1,18959:3
15681192,18959,1061629952,5037293568,177,475,258594,20,1033089024,1387,1874153,256210,5419349,16390,6771421184,1,18959:3
15786999,18959,1069494272,5037293568,177,478,260615,20,1040953344,1387,1874154,256213,5419429,16390,6763552768,1,18959:3
15892206,18959,1077358592,5037293568,177,482,262535,20,1048817664,1387,1874154,256216,5419509,16390,6755684352,1,18959:4
15997391,18959,1085222912,5037293568,177,485,264455,20,1056681984,1387,1874154,256219,5419588,16391,6747602944,1,18959:3
16102288,18959,1093087232,5037293568,177,488,266375,20,1064546304,1387,1874155,256222,5419668,16391,6739283968,1,18959:3
16207485,18959,1101213696,5037293568,177,492,268390,20,1072799744,1389,1874156,256226,5419748,16391,6731456512,1,18959:4
16312396,18959,1109078016,5037293568,177,495,270310,20,1080664064,1389,1874156,256229,5419828,16391,6723788800,1,18959:3
16417117,18959,1116942336,5037293568,177,498,272230,20,1088528384,1389,1874156,256232,5419908,16391,6715674624,1,18959:3
16521990,18959,1124806656,5037293568,177,501,274150,20,1096392704,1389,1874157,256236,5419988,16391,6707294208,1,18959:3
16627382,18959,1132539904,5037293568,177,505,276030,20,1103949824,1395,1874158,256238,5420067,16392,6699868160,1,18959:4
16732464,18959,1138962432,5037293568,177,507,277589,20,1110994944,1422,1874158,256243,5420141,16395,6693527552,1,18959:2
16837569,18959,1146826752,5037293568,177,511,279509,20,1118859264,1422,1874159,256246,5420221,16395,6685376512,1,18959:4
16942692,18959,1154691072,5037293568,177,514,281429,20,1127247872,1422,1874160,256250,5420301,16395,6677544960,1,18959:3
17048143,18959,1162555392,5037293568,177,517,283349,20,1135112192,1422,1874160,256253,5420382,16395,6669676544,1,18959:3
17153662,18959,1170944000,5037293568,177,521,285395,20,1142976512,1422,1874160,256256,5420462,16395,6661808128,1,18959:4
17258754,18959,1178677248,5037293568,177,524,287284,20,1150705664,1424,1874160,256261,5420541,16395,6654033920,1,18959:3
17363613,18959,1186541568,5037293568,177,527,289204,20,1158569984,1424,1874161,256264,5420621,16395,6646218752,1,18959:3
17468549,18959,1194405888,5037293568,177,531,291124,20,1166958592,1424,1874161,256267,5420701,16395,6637580288,1,18959:4
17574122,18959,1202270208,5037293568,177,534,293044,20,1174822912,1424,1874162,256271,5420781,16395,6629711872,1,18959:3
17679522,18959,1210003456,5037293568,177,537,294940,20,1182560256,1427,1874162,256274,5420861,16396,6621966336,1,18959:3
17785342,18959,1216950272,5037293568,177,540,296618,20,1188900864,1456,1874162,256277,5420938,16399,6615687168,1,18959:3
17890437,18959,1224159232,5037293568,177,543,298403,20,1196765184,1456,1874163,256280,5421018,16399,6608089088,1,18959:3
17995463,18959,1232023552,5037293568,177,547,300323,20,1205153792,1456,1874163,256283,5421098,16399,6599708672,1,18959:4
18100909,18959,1239887872,5037293568,177,550,302243,20,1213018112,1456,1874163,256286,5421178,16399,6591848448,1,18959:3
18206295,18959,1248276480,5037293568,177,553,304222,20,1220882432,1456,1874164,256290,5421258,16399,6583980032,1,18959:3
18311568,18959,1256009728,5037293568,177,556,306178,20,1228611584,1458,1874165,256294,5421335,16399,6576197632,1,18959:3
18416373,18959,1263874048,5037293568,177,560,308098,20,1237000192,1458,1874166,256297,5421415,16399,6567817216,1,18959:4
18521858,18959,1272262656,5037293568,177,563,310126,20,1244864512,1458,1874166,256300,5421495,16399,6559948800,1,18959:3
18627080,18959,1280126976,5037293568,177,567,312066,20,1252728832,1458,1874166,256304,5421575,16399,6552080384,1,18959:4
18731777,18959,1287991296,5037293568,177,570,313986,20,1260462080,1458,1874167,256307,5421655,16399,6543867904,1,18959:3
18836981,18959,1295069184,5037293568,177,573,315625,20,1267101696,1487,1874167,256311,5421732,16403,6536327168,1,18959:3
18942715,18959,1302671360,5037293568,177,576,317553,20,1275625472,1490,1874168,256314,5421812,16403,6529069056,1,18959:3
19048149,18959,1311059968,5037293568,177,579,319545,20,1283489792,1490,1874168,256317,5421892,16403,6521458688,1,18959:4
19153377,18959,1318924288,5037293568,177,583,321521,20,1291354112,1490,1874169,256321,5421971,16403,6513590272,1,18959:3
19258182,18959,1326788608,5037293568,177,586,323441,20,1299218432,1490,1874170,256324,5422051,16403,6505205760,1,18959:3
19363468,18959,1335046144,5037293568,177,589,325399,20,1307471872,1492,1874170,256328,5422131,16403,6497251328,1,18959:4
19468680,18959,1342910464,5037293568,177,593,327376,20,1315336192,1492,1874170,256331,5422211,16403,6489382912,1,18959:3
19573477,18959,1350774784,5037293568,177,596,329296,20,1323200512,1492,1874170,256335,5422291,16403,6481514496,1,18959:3
19678195,18959,1358639104,5037293568,177,599,331216,20,1331064832,1492,1874171,256338,5422371,16403,6473646080,1,18959:3
19782942,18959,1366503424,5037293568,177,602,333136,20,1338929152,1492,1874172,256344,5422448,16403,6465777664,1,18959:3
19887772,18959,1373057024,5037293568,177,605,334710,20,1345523712,1513,1874173,256348,5422526,16405,6459195392,1,18959:3
19992692,18959,1379479552,5037293568,177,608,336319,20,1353560064,1524,1874174,256351,5422604,16408,6452305920,1,18959:3
20098279,18959,1387868160,5037293568,177,612,338367,20,1361424384,1524,1874174,256354,5422684,16408,6444437504,1,18959:4
20203046,18959,1395732480,5037293568,177,615,340287,20,1369288704,1524,1874175,256357,5422764,16408,6436569088,1,18959:3
20307861,18959,1403596800,5037293568,177,618,342207,20,1377153024,1524,1874175,256361,5422843,16408,6428184576,1,18959:3
20413162,18959,1411854336,5037293568,177,621,344176,20,1385406464,1526,1874176,256364,5422923,16408,6420406272,1,18959:4
20518385,18959,1419718656,5037293568,177,625,346118,20,1393270784,1526,1874176,256367,5423004,16408,6412537856,1,18959:3
20623584,18959,1427582976,5037293568,177,628,348062,20,1401135104,1526,1874176,256371,5423084,16408,6404677632,1,18959:3
20728486,18959,1435447296,5037293568,177,631,349982,20,1408999424,1526,1874177,256374,5423163,16408,6396563456,1,18959:3
20833324,18959,1443311616,5037293568,177,635,351902,20,1416863744,1526,1874177,256378,5423243,16408,6388695040,1,18959:4
20938217,18959,1450782720,5037293568,177,638,353726,20,1423925248,1542,1874178,256382,5423321,16410,6381342720,1,18959:3
21042998,18959,1456943104,5037293568,177,641,355213,20,1431461888,1558,1874178,256385,5423399,16412,6374674432,1,18959:3
21148444,18959,1464807424,5037293568,177,644,357133,20,1439326208,1558,1874178,256388,5423479,16412,6366806016,1,18959:3
21253888,18959,1472933888,5037293568,177,647,359053,20,1447190528,1558,1874179,256391,5423559,16412,6358937600,1,18959:3
21359316,18959,1481060352,5037293568,177,650,361096,20,1455054848,1558,1874180,256397,5423635,16413,6351069184,1,18959:4
21464404,18959,1488924672,5037293568,177,654,363021,20,1462919168,1558,1874180,256400,5423715,16413,6343200768,1,18959:3
21569310,18959,1496657920,5037293568,177,657,364908,20,1470648320,1560,1874181,256403,5423795,16413,6335221760,1,18959:3
21674396,18959,1504522240,5037293568,177,660,366828,20,1478512640,1560,1874182,256406,5423875,16413,6327099392,1,18959:3
21779659,18959,1512517632,5037293568,177,664,368748,20,1486901248,1560,1874182,256409,5423956,16413,6319230976,1,18959:4
21885129,18959,1520775168,5037293568,177,667,370751,20,1494765568,1560,1874182,256412,5424036,16413,6311370752,1,18959:3
21990297,18959,1528508416,5037293568,177,670,372707,20,1501818880,1569,1874183,256415,5424115,16414,6303485952,1,18959:3
22095430,18959,1534275584,5037293568,177,673,374106,20,1508843520,1593,1874183,256417,5424192,16417,6297300992,1,18959:3
22200851,18959,1542139904,5037293568,177,676,376026,20,1517232128,1593,1874183,256420,5424273,16417,6289240064,1,18959:3
22306259,18959,1550528512,5037293568,177,679,378046,20,1525096448,1593,1874184,256424,5424353,16417,6281371648,1,18959:3
22411437,18959,1558392832,5037293568,177,682,379994,20,1532960768,1593,1874184,256427,5424433,16417,6273503232,1,18959:4
22516382,18959,1566257152,5037293568,177,686,381914,20,1540825088,1593,1874185,256431,5424513,16417,6265634816,1,18959:3
22621315,18959,1573990400,5037293568,177,689,383801,20,1548554240,1595,1874185,256434,5424593,16417,6257852416,1,18959:3
22726222,18959,1581854720,5037293568,177,692,385721,20,1556418560,1595,1874186,256437,5424673,16417,6249418752,1,18959:3
22831379,18959,1589719040,5037293568,177,695,387641,20,1564807168,1595,1874187,256442,5424751,16417,6241665024,1,18959:3
22937953,18959,1598107648,5037293568,177,699,389645,20,1572671488,1595,1874188,256445,5424831,16417,6233796608,1,18959:4
23043053,18959,1605840896,5037293568,177,702,391483,20,1580015616,1598,1874188,256449,5424910,16418,6226153472,1,18959:3
23148158,18959,1612263424,5037293568,177,705,393121,20,1587273728,1628,1874188,256452,5424987,16421,6219767808,1,18959:3
23253337,18959,1620127744,5037293568,177,708,395048,20,1595138048,1628,1874189,256455,5425067,16421,6211854336,1,18959:3
23358320,18959,1627992064,5037293568,177,711,396968,20,1603002368,1628,1874189,256459,5425147,16421,6203985920,1,18959:3
23462979,18959,1635856384,5037293568,177,715,398888,20,1610866688,1628,1874190,256462,5425227,16421,6196117504,1,18959:4
23567743,18959,1643720704,5037293568,177,718,400808,20,1618731008,1628,1874190,256466,5425306,16421,6188249088,1,18959:3
23672591,18959,1651453952,5037293568,177,721,402695,20,1626984448,1630,1874190,256469,5425387,16421,6179770368,1,18959:3
23778130,18959,1659842560,5037293568,177,724,404743,20,1634848768,1630,1874191,256472,5425467,16421,6171901952,1,18959:3
23883244,18959,1667706880,5037293568,177,728,406663,20,1642713088,1630,1874192,256475,5425547,16421,6164033536,1,18959:4
23987914,18959,1675571200,5037293568,177,731,408583,20,1650577408,1630,1874192,256479,5425627,16421,6155653120,1,18959:3
24093313,18959,1683828736,5037293568,177,734,410607,20,1658314752,1633,1874192,256482,5425706,16421,6147919872,1,18959:3
24198259,18959,1690120192,5037293568,177,737,412157,20,1665175552,1660,1874193,256486,5425784,16424,6141083648,1,18959:3
24303654,18959,1697460224,5037293568,177,740,413942,20,1673043968,1662,1874194,256490,5425863,16425,6134018048,1,18959:3
24408809,18959,1705324544,5037293568,177,743,415862,20,1680908288,1662,1874195,256495,5425940,16425,6125850624,1,18959:3
24514149,18959,1713188864,5037293568,177,746,417782,20,1689296896,1662,1874196,256498,5426020,16425,6118035456,1,18959:3
24619557,18959,1721577472,5037293568,177,750,419723,20,1697161216,1662,1874196,256501,5426101,16425,6110167040,1,18959:4
24724931,18959,1729310720,5037293568,177,753,421717,20,1704890368,1664,1874196,256504,5426180,16425,6102704128,1,18959:3
24829521,18959,1737175040,5037293568,177,756,423637,20,1712754688,1664,1874196,256507,5426260,16425,6094577664,1,18959:3
24934450,18959,1745039360,5037293568,177,759,425557,20,1720619008,1664,1874197,256510,5426341,16425,6086426624,1,18959:3
25039560,18959,1752903680,5037293568,177,762,427477,20,1729007616,1664,1874197,256513,5426421,16425,6078586880,1,18959:3
25144887,18959,1760768000,5037293568,177,765,429397,20,1736871936,1664,1874197,256516,5426501,16425,6070472704,1,18959:3
25250313,18959,1768108032,5037293568,177,768,431183,20,1743728640,1687,1874198,256519,5426579,16427,6063403008,1,18959:3
25355417,18959,1774792704,5037293568,177,771,432836,20,1751470080,1696,1874198,256521,5426657,16430,6056452096,1,18959:3
25460851,18959,1782657024,5037293568,177,774,434756,20,1759334400,1696,1874199,256524,5426737,16430,6048591872,1,18959:3
25566277,18959,1791045632,5037293568,177,778,436710,20,1767198720,1696,1874200,256528,5426818,16430,6040723456,1,18959:4
25671567,18959,1798909952,5037293568,177,781,438724,20,1775063040,1696,1874200,256531,5426898,16430,6032855040,1,18959:3
25776459,18959,1806643200,5037293568,177,784,440611,20,1782792192,1698,1874200,256534,5426978,16430,6024507392,1,18959:3
25881749,18959,1814638592,5037293568,177,787,442531,20,1791180800,1698,1874201,256539,5427056,16430,6016692224,1,18959:3
25987545,18959,1822896128,5037293568,177,791,444579,20,1799045120,1698,1874202,256543,5427135,16430,6008823808,1,18959:4
26092303,18959,1830760448,5037293568,177,794,446499,20,1806909440,1698,1874202,256547,5427215,16430,6000439296,1,18959:3
26197487,18959,1838624768,5037293568,177,797,448419,20,1814773760,1698,1874202,256550,5427295,16430,5992570880,1,18959:3
26302408,18959,1846095872,5037293568,177,800,450239,20,1821503488,1715,1874202,256554,5427373,16432,5984866304,1,18959:3
26407594,18959,1852780544,5037293568,177,803,451857,20,1829376000,1731,1874202,256557,5427451,16434,5978812416,1,18959:3
26512390,18959,1860644864,5037293568,177,806,453777,20,1837240320,1731,1874203,256560,5427531,16434,5970944000,1,18959:3
26617135,18959,1868509184,5037293568,177,809,455697,20,1845104640,1731,1874203,256564,5427611,16434,5962838016,1,18959:3
26721807,18959,1876373504,5037293568,177,812,457617,20,1852968960,1731,1874203,256568,5427691,16434,5954969600,1,18959:3
26826438,18959,1884106752,5037293568,177,815,459537,20,1860698112,1731,1874204,256571,5427770,16434,5947170816,1,18959:3
26931241,18959,1891840000,5037293568,177,819,461424,20,1868562432,1733,1874204,256574,5427850,16434,5939109888,1,18959:4
27036381,18959,1899704320,5037293568,177,822,463344,20,1876951040,1733,1874204,256577,5427930,16434,5931257856,1,18959:3
27141894,18959,1907961856,5037293568,177,825,465281,20,1884815360,1733,1874205,256580,5428011,16434,5923221504,1,18959:3
27247302,18959,1915957248,5037293568,177,828,467312,20,1892679680,1733,1874205,256584,5428091,16434,5915545600,1,18959:3
27352346,18959,1923821568,5037293568,177,831,469152,20,1899282432,1748,1874206,256588,5428169,16435,5907460096,1,18959:3
27457750,18959,1930506240,5037293568,177,834,470870,20,1907245056,1766,1874207,256593,5428245,16437,5900976128,1,18959:3
27562853,18959,1938370560,5037293568,177,837,472799,20,1915109376,1766,1874208,256596,5428325,16437,5893107712,1,18959:4
27667771,18959,1946234880,5037293568,177,841,474719,20,1922973696,1766,1874208,256600,5428404,16437,5885239296,1,18959:3
27772472,18959,1954099200,5037293568,177,844,476639,20,1930838016,1766,1874208,256603,5428484,16437,5877370880,1,18959:3
27877300,18959,1961963520,5037293568,177,847,478559,20,1938702336,1766,1874209,256606,5428564,16437,5869502464,1,18959:3
27982079,18959,1969696768,5037293568,177,850,480446,20,1946955776,1768,1874210,256610,5428644,16437,5861269504,1,18959:3
28087421,18959,1977561088,5037293568,177,853,482366,20,1954820096,1768,1874210,256613,5428725,16437,5853163520,1,18959:4
28192823,18959,1985949696,5037293568,177,857,484414,20,1962684416,1768,1874210,256616,5428805,16437,5845295104,1,18959:3
28297633,18959,1993814016,5037293568,177,860,486334,20,1970548736,1768,1874211,256619,5428885,16437,5837426688,1,18959:3
28402406,18959,2001022976,5037293568,177,863,488040,20,1978134528,1774,1874212,256621,5428964,16438,5830254592,1,18959:3
28507399,18959,2007183360,5037293568,177,866,489521,20,1985179648,1800,1874212,256623,5429041,16442,5823893504,1,18959:3
28612867,18959,2015309824,5037293568,177,869,491544,20,1993043968,1800,1874212,256627,5429121,16442,5816025088,1,18959:3
28717891,18959,2023174144,5037293568,177,872,493485,20,2000908288,1800,1874213,256630,5429201,16442,5808156672,1,18959:3
28822800,18959,2031038464,5037293568,177,875,495405,20,2008772608,1800,1874213,256634,5429281,16442,5800288256,1,18959:3
28927494,18959,2038902784,5037293568,177,878,497325,20,2016636928,1800,1874213,256638,5429361,16442,5792419840,1,18959:3
29032585,18959,2046636032,5037293568,177,881,499212,20,2024890368,1802,1874214,256642,5429438,16442,5784186880,1,18959:3
29138016,18959,2055024640,5037293568,177,885,501244,20,2032754688,1802,1874215,256645,5429514,16446,5776318464,1,18959:4
29243129,18959,2062364672,5037293568,177,887,503052,20,2040094720,1802,1874215,256649,5429582,16458,5769322496,1,18959:2
29348102,18959,2070228992,5037293568,177,891,504972,20,2047959040,1802,1874216,256652,5429662,16458,5761519616,1,18959:4
29452813,18959,2078093312,5037293568,177,894,506892,20,2055168000,1803,1874216,256655,5429741,16458,5753249792,1,18959:3
29558388,18959,2084777984,5037293568,177,896,508546,20,2062163968,1831,1874217,256657,5429819,16461,5746860032,1,18959:2
29663107,18959,2091593728,5037293568,177,899,510203,20,2070421504,1834,1874218,256660,5429898,16462,5739548672,1,18959:3
29769161,18959,2099720192,5037293568,177,902,512123,20,2078285824,1834,1874218,256663,5429979,16462,5730983936,1,18959:4
29874707,18959,2107846656,5037293568,177,905,514111,20,2086150144,1834,1874218,256667,5430059,16462,5723181056,1,18959:3
29979904,18959,2115710976,5037293568,177,908,516058,20,2094014464,1834,1874218,256670,5430140,16462,5715144704,1,18959:2
30085141,18959,2123444224,5037293568,177,911,517978,20,2101743616,1836,1874219,256674,5430220,16462,5706825728,1,18959:3
30190415,18959,2131308544,5037293568,177,914,519898,20,2110132224,1836,1874219,256677,5430301,16462,5698740224,1,18959:3
30295762,18959,2139697152,5037293568,177,917,521846,20,2117996544,1836,1874220,256680,5430382,16462,5690937344,1,18959:3
30401180,18959,2147561472,5037293568,177,920,523866,20,2125860864,1836,1874220,256682,5430462,16462,5683314688,1,18959:3
30505830,18959,2155425792,5037293568,177,923,525786,20,2133725184,1836,1874221,256688,5430539,16462,5675446272,1,18959:3
30610453,18959,2162503680,5037293568,177,925,527505,20,2140426240,1858,1874222,256689,5430617,16464,5668179968,1,18959:2
30715450,18959,2169581568,5037293568,178,927,529224,20,2148327424,1869,1874222,256690,5430696,16466,5661437952,1,18959:3
30820082,18959,2177445888,5037293568,178,930,531144,20,2156191744,1869,1874222,256693,5430776,16466,5653569536,1,18959:3
30924782,18959,2185310208,5037293568,178,932,533064,20,2164056064,1869,1874222,256696,5430857,16466,5645135872,1,18959:2
31030273,18959,2193174528,5037293568,178,935,534984,20,2172444672,1869,1874223,256699,5430938,16466,5637320704,1,18959:3
31135863,18959,2201300992,5037293568,178,938,536999,20,2180173824,1871,1874223,256701,5431019,16466,5629538304,1,18959:3
31240476,18959,2209165312,5037293568,178,940,538919,20,2188038144,1871,1874224,256703,5431099,16466,5621424128,1,18959:2
31345092,18959,2217029632,5037293568,178,943,540839,20,2195902464,1871,1874224,256705,5431179,16466,5613555712,1,18959:3
31449734,18959,2224893952,5037293568,178,945,542759,20,2203766784,1871,1874224,256707,5431259,16466,5605687296,1,18959:2
31554377,18959,2232758272,5037293568,178,948,544679,20,2211631104,1871,1874225,256708,5431340,16466,5597560832,1,18959:3
31659036,18959,2240360448,5037293568,178,951,546504,20,2218360832,1888,1874226,256712,5431418,16468,5589630976,1,18959:3
31764620,18959,2247962624,5037293568,178,953,548374,20,2226757632,1904,1874226,256714,5431497,16470,5582540800,1,18959:2
31869277,18959,2255826944,5037293568,178,956,550294,20,2234621952,1904,1874226,256716,5431578,16470,5574680576,1,18959:3
31974047,18959,2263691264,5037293568,178,958,552214,20,2242486272,1904,1874227,256718,5431658,16470,5566554112,1,18959:2
32079379,18959,2271555584,5037293568,178,961,554134,20,2250874880,1904,1874228,256723,5431736,16470,5558431744,1,18959:3
32185146,18959,2279813120,5037293568,178,964,556152,20,2258604032,1906,1874229,256727,5431817,16470,5550698496,1,18959:3
32289847,18959,2287677440,5037293568,178,966,558069,20,2266468352,1906,1874229,256730,5431897,16470,5542297600,1,18959:2
32395218,18959,2295541760,5037293568,178,969,559989,20,2274332672,1906,1874230,256732,5431978,16470,5534429184,1,18959:3
32499858,18959,2303406080,5037293568,178,972,561909,20,2282196992,1906,1874230,256734,5432058,16470,5526560768,1,18959:3
32604595,18959,2311794688,5037293568,178,974,563957,20,2291109888,1906,1874230,256737,5432138,16470,5517099008,1,18959:2
32710409,18959,2331455488,5049905152,180,977,568732,20,2297114624,1918,1874233,256740,5432216,16471,5498138624,1,18959:6
32815513,18959,2331455488,5049905152,180,979,568732,20,2304978944,1918,1874233,256741,5432298,16471,5497860096,1,18959:1
32920262,18959,2335518720,5049905152,184,980,569714,20,2308153344,1920,1874237,256743,5432375,16471,5493411840,1,18959:5
33025444,18959,2344038400,5049905152,195,980,571794,20,2308153344,1920,1874248,256743,5432448,16471,5483864064,1,18959:11
33130704,18959,2391617536,5153718272,200,986,583389,20,2308153344,1920,1874253,256750,5432521,16471,5436125184,1,18959:11
33235837,18959,2440376320,5153718272,205,991,595212,20,2308153344,1920,1874259,256755,5432595,16471,5385461760,1,18959:10
33344687,18959,2435264512,5141106688,205,994,597156,20,2316017664,1921,1874259,256757,5432677,16471,5393891328,1,18959:3
33450103,18959,2435264512,5141106688,205,995,597156,20,2323881984,1921,1874260,256759,5432759,16471,5394022400,1,18959:1
33555340,18959,2435264512,5141106688,205,997,597156,20,2331746304,1921,1874260,256763,5432834,16475,5392691200,1,18959:2
33660135,18959,2435264512,5141106688,205,998,597156,20,2339610624,1921,1874261,256764,5432905,16485,5392887808,1,18959:1
33764819,18959,2435264512,5141106688,205,999,597156,20,2347474944,1921,1874261,256766,5432976,16496,5393047552,1,18959:1
33869534,18959,2435264512,5141106688,205,1001,597156,20,2355339264,1921,1874262,256767,5433047,16507,5392662528,1,18959:2
33974229,18959,2435264512,5141106688,205,1002,597156,20,2363203584,1921,1874262,256768,5433118,16518,5392707584,1,18959:1
34078995,18959,2435264512,5141106688,205,1003,597156,20,2371067904,1921,1874264,256770,5433187,16528,5392338944,1,18959:1
34184341,18959,2435264512,5141106688,205,1005,597156,20,2378932224,1921,1874264,256772,5433259,16538,5392302080,1,18959:2
34289665,18959,2435264512,5141106688,205,1006,597156,20,2386796544,1921,1874264,256774,5433330,16549,5392498688,1,18959:1
34394389,18959,2435264512,5141106688,205,1007,597156,20,2394660864,1921,1874265,256776,5433406,16554,5392515072,1,18959:1
34499319,18959,2435264512,5141106688,205,1009,597156,20,2402525184,1921,1874265,256777,5433488,16554,5392646144,1,18959:2
34604254,18959,2435264512,5141106688,205,1010,597156,20,2410389504,1921,1874265,256778,5433570,16554,5392777216,1,18959:1
34709235,18959,2441949184,5141106688,213,1010,598786,20,2411446272,1923,1874273,256779,5433645,16554,5385625600,1,18959:8
34813903,18959,2450993152,5141106688,223,1010,601001,20,2411446272,1923,1874284,256780,5433717,16554,5376593920,1,18959:10
34918645,18959,2460168192,5141106688,233,1011,603218,20,2411446272,1923,1874294,256781,5433790,16554,5367562240,1,18959:11
35023325,18959,2469212160,5141106688,243,1011,605430,20,2411446272,1923,1874304,256781,5433863,16554,5358530560,1,18959:11
35128053,18959,2478387200,5141106688,253,1012,607665,20,2411446272,1923,1874314,256785,5433932,16554,5349244928,1,18959:10
35232641,18959,2487431168,5141106688,263,1013,609881,20,2411446272,1923,1874324,256786,5434005,16554,5339955200,1,18959:11
35337283,18959,2496475136,5141106688,273,1013,612099,20,2411446272,1923,1874334,256786,5434077,16554,5330923520,1,18959:10
35441927,18959,2505519104,5141106688,283,1013,614316,20,2411446272,1923,1874345,256786,5434150,16554,5321891840,1,18959:10
35546597,18959,2514694144,5141106688,294,1013,616536,20,2411446272,1923,1874356,256787,5434223,16554,5312860160,1,18959:11
35651319,18959,2523738112,5141106688,303,1014,618756,20,2411446272,1923,1874365,256788,5434295,16554,5303570432,1,18959:10
35755980,18959,2532782080,5141106688,312,1015,620972,20,2411446272,1923,1874375,256790,5434368,16554,5294538752,1,18959:11
35860608,18959,2540122112,5141106688,320,1016,622738,20,2412949504,1926,1874382,256791,5434442,16554,5287264256,1,18959:8
35965336,18959,2540908544,5141106688,330,1016,622962,20,2412949504,1926,1874393,256791,5434515,16554,5286748160,1,18959:10
36069377,18959,2540908544,5141106688,334,1018,622962,20,2419240960,1927,1874396,256792,5434593,16554,5286842368,1,18959:6
36174024,18959,2540908544,5141106688,334,1019,622962,20,2427105280,1927,1874397,256794,5434675,16554,5286715392,1,18959:1
36278932,18959,2540908544,5141106688,334,1020,622962,20,2434969600,1927,1874397,256796,5434757,16554,5286846464,1,18959:1
36383683,18959,2540908544,5141106688,334,1021,622962,20,2442833920,1927,1874398,256797,5434839,16554,5286694912,1,18959:1
36488610,18959,2540908544,5141106688,334,1023,622962,20,2451222528,1927,1874398,256798,5434921,16554,5286825984,1,18959:2
36593528,18959,2540908544,5141106688,334,1024,622962,20,2459086848,1927,1874399,256802,5435001,16554,5286707200,1,18959:1
36699604,18959,2540908544,5141106688,334,1025,622962,20,2466951168,1927,1874399,256804,5435078,16559,5286580224,1,18959:1
36804500,18959,2540908544,5141106688,334,1026,622962,20,2474815488,1927,1874400,256805,5435149,16570,5286223872,1,18959:1
36909367,18959,2540908544,5141106688,334,1028,622962,20,2483204096,1927,1874400,256807,5435231,16570,5286371328,1,18959:2
37014508,18959,2540908544,5141106688,334,1029,622962,20,2491068416,1927,1874401,256808,5435313,16570,5286309888,1,18959:1
37119637,18959,2540908544,5141106688,334,1030,622962,20,2498932736,1927,1874401,256810,5435395,16570,5286506496,1,18959:1
37224497,18959,2540908544,5141106688,334,1031,622962,20,2507321344,1927,1874401,256812,5435477,16570,5286658048,1,18959:1
37329837,18959,2540908544,5141106688,334,1033,622962,20,2515185664,1927,1874402,256813,5435559,16570,5286789120,1,18959:2
37435142,18959,2547593216,5141106688,340,1034,624587,20,2516242432,1929,1874410,256814,5435635,16570,5279834112,1,18959:8
37540757,18959,2556768256,5141106688,351,1034,626826,20,2516242432,1929,1874420,256815,5435708,16570,5270544384,1,18959:10
37646047,18959,2565812224,5141106688,360,1036,629057,20,2516242432,1929,1874429,256817,5435781,16570,5261512704,1,18959:11
37752875,18959,2574462976,5141106688,369,1036,631167,20,2516242432,1929,1874438,256820,5435852,16570,5252575232,1,18959:9
37862183,18959,2583244800,5141106688,377,1039,633294,20,2516242432,1929,1874447,256824,5435928,16570,5243707392,1,18959:11
37967459,18959,2591895552,5141106688,388,1039,635414,20,2516242432,1929,1874457,256825,5436001,16570,5235191808,1,18959:11
38072848,18959,2600546304,5141106688,397,1040,637530,20,2516242432,1929,1874466,256827,5436074,16570,5226418176,1,18959:10
38178022,18959,2609328128,5141106688,406,1042,639678,20,2516242432,1929,1874477,256830,5436144,16570,5217644544,1,18959:11
38283344,18959,2618109952,5141106688,415,1043,641801,20,2516242432,1929,1874486,256832,5436217,16570,5208870912,1,18959:10
38389434,18959,2626891776,5141106688,423,1046,643953,20,2516242432,1929,1874494,256835,5436290,16570,5200097280,1,18959:11
38494751,18959,2635542528,5141106688,432,1047,646079,20,2516242432,1929,1874504,256837,5436363,16570,5191323648,1,18959:11
38604802,18959,2644717568,5141106688,442,1048,648306,20,2516246528,1929,1874514,256840,5436438,16570,5183213568,1,18959:10
38713324,18959,2644717568,5141106688,442,1051,648306,20,2524639232,1930,1874514,256844,5436520,16570,5182439424,1,18959:3
38818956,18959,2644717568,5141106688,442,1054,648306,20,2533027840,1930,1874515,256847,5436601,16570,5182570496,1,18959:3
38924817,18959,2644717568,5141106688,442,1056,648306,20,2540892160,1930,1874516,256849,5436682,16570,5182701568,1,18959:2
39030402,18959,2644717568,5141106688,442,1059,648306,20,2548756480,1930,1874516,256852,5436763,16570,5182328832,1,18959:3
39135505,18959,2644717568,5141106688,442,1061,648306,20,2556620800,1930,1874516,256854,5436844,16570,5182619648,1,18959:2
39240409,18959,2644717568,5141106688,442,1064,648306,20,2564485120,1930,1874517,256856,5436924,16570,5182492672,1,18959:3
39345746,18959,2644717568,5141106688,442,1066,648306,20,2572349440,1930,1874517,256858,5437006,16570,5182623744,1,18959:2
39450642,18959,2644717568,5141106688,442,1067,648306,20,2580213760,1930,1874518,256860,5437087,16570,5182504960,1,18959:1
39555979,18959,2644717568,5141106688,442,1069,648306,20,2588602368,1930,1874518,256863,5437168,16570,5181493248,1,18959:2
39661495,18959,2644717568,5141106688,442,1071,648306,20,2595942400,1930,1874520,256868,5437245,16570,5182242816,1,18959:2
39766762,18959,2644717568,5141106688,443,1072,648306,20,2604331008,1930,1874520,256870,5437327,16570,5181943808,1,18959:2
39872079,18959,2644717568,5141106688,443,1073,648306,20,2612195328,1930,1874520,256872,5437409,16570,5181816832,1,18959:1
39977361,18959,2644717568,5141106688,443,1075,648306,20,2619543552,1930,1874521,256873,5437491,16570,5181911040,1,18959:2
40082596,18959,2653106176,5141106688,451,1076,650359,20,2619543552,1932,1874529,256875,5437565,16570,5173194752,1,18959:9
40187956,18959,2662281216,5141106688,460,1078,652589,20,2619543552,1932,1874539,256876,5437638,16570,5163905024,1,18959:11
40293285,18959,2671325184,5141106688,470,1078,654815,20,2619543552,1932,1874550,256876,5437711,16570,5154873344,1,18959:10
40398564,18959,2680369152,5141106688,481,1078,657028,20,2619543552,1932,1874561,256879,5437782,16570,5146591232,1,18959:11
40504308,18959,2689019904,5141106688,491,1078,659136,20,2619543552,1932,1874571,256880,5437855,16570,5138075648,1,18959:10
40609729,18959,2697670656,5141106688,501,1079,661234,20,2619543552,1932,1874580,256882,5437928,16570,5129674752,1,18959:11
40715102,18959,2706190336,5141106688,510,1080,663328,20,2619543552,1932,1874590,256883,5438002,16570,5121159168,1,18959:10
40821412,18959,2714972160,5141106688,521,1080,665463,20,2619543552,1932,1874600,256883,5438075,16570,5112385536,1,18959:11
40926782,18959,2723885056,5141106688,530,1081,667647,20,2619543552,1932,1874611,256886,5438146,16570,5103190016,1,18959:11
41032089,18959,2732666880,5141106688,540,1083,669779,20,2619543552,1932,1874620,256888,5438219,16570,5094416384,1,18959:11
41137418,18959,2741317632,5141106688,549,1083,671906,20,2619543552,1932,1874630,256889,5438292,16570,5085642752,1,18959:9
41242769,18959,2748526592,5141106688,557,1085,673650,20,2621640704,1933,1874640,256893,5438363,16570,5078761472,1,18959:10
41348390,18959,2748526592,5141106688,557,1087,673650,20,2630029312,1933,1874640,256895,5438445,16570,5078978560,1,18959:2
41453939,18959,2748526592,5141106688,557,1089,673650,20,2637893632,1933,1874640,256897,5438526,16570,5078851584,1,18959:2
41558708,18959,2748526592,5141106688,557,1091,673650,20,2645757952,1933,1874641,256904,5438603,16570,5078421504,1,18959:2
41664091,18959,2748526592,5141106688,557,1094,673650,20,2654146560,1933,1874641,256906,5438685,16570,5078536192,1,18959:3
41770045,18959,2748526592,5141106688,557,1097,673650,20,2662010880,1933,1874642,256910,5438766,16570,5078409216,1,18959:3
41874977,18959,2748526592,5141106688,557,1099,673650,20,2669875200,1933,1874642,256912,5438846,16570,5078540288,1,18959:2
41979740,18959,2748526592,5141106688,557,1102,673650,20,2677739520,1933,1874642,256915,5438926,16570,5078388736,1,18959:3
42085143,18959,2748526592,5141106688,557,1103,673650,20,2686128128,1933,1874643,256917,5439009,16570,5078102016,1,18959:1
42190098,18959,2748526592,5141106688,557,1105,673650,20,2693992448,1933,1874644,256919,5439091,16570,5078298624,1,18959:2
42294944,18959,2748526592,5141106688,557,1106,673650,20,2701856768,1933,1874644,256920,5439172,16570,5078188032,1,18959:1
42400176,18959,2748526592,5141106688,557,1107,673650,20,2710245376,1933,1874644,256922,5439255,16570,5078384640,1,18959:1
42505478,18959,2748526592,5141106688,557,1110,673650,20,2718109696,1933,1874645,256927,5439332,16570,5078654976,1,18959:3
42610523,18959,2750885888,5141106688,558,1113,674227,20,2722836480,1935,1874648,256930,5439411,16570,5076086784,1,18959:4
42715872,18959,2759667712,5141106688,569,1113,676373,20,2722836480,1935,1874660,256932,5439481,16570,5067313152,1,18959:11
42821371,18959,2768318464,5141106688,578,1115,678475,20,2722836480,1935,1874669,256934,5439554,16570,5058998272,1,18959:11
42926731,18959,2776969216,5141106688,587,1116,680586,20,2722836480,1935,1874679,256935,5439627,16570,5050224640,1,18959:11
43032234,18959,2786013184,5141106688,597,1117,682812,20,2722836480,1935,1874688,256937,5439700,16570,5040934912,1,18959:10
43137557,18959,2795188224,5141106688,606,1118,685040,20,2722836480,1935,1874698,256938,5439773,16570,5031903232,1,18959:10
43242908,18959,2804232192,5141106688,616,1118,687242,20,2722836480,1935,1874708,256941,5439845,16570,5022453760,1,18959:11
43348656,18959,2812882944,5141106688,627,1118,689376,20,2722836480,1935,1874719,256941,5439918,16570,5013680128,1,18959:10
43453934,18959,2821533696,5141106688,636,1120,691490,20,2722836480,1935,1874729,256943,5439991,16570,5004906496,1,18959:11
43559201,18959,2830315520,5141106688,646,1120,693612,20,2722836480,1935,1874739,256943,5440064,16570,4996132864,1,18959:10
43664488,18959,2838966272,5141106688,656,1120,695733,20,2722836480,1935,1874750,256944,5440137,16570,4987617280,1,18959:10
43769824,18959,2847879168,5141106688,665,1122,697895,20,2722836480,1935,1874760,256947,5440208,16570,4979224576,1,18959:11
43875200,18959,2852335616,5141106688,670,1123,698994,20,2727555072,1936,1874764,256949,5440285,16570,4974653440,1,18959:7
43981033,18959,2852335616,5141106688,670,1126,698994,20,2735419392,1936,1874764,256952,5440366,16570,4974526464,1,18959:2
44086134,18959,2852335616,5141106688,670,1128,698994,20,2743283712,1936,1874765,256954,5440447,16570,4974657536,1,18959:2
44191031,18959,2852335616,5141106688,670,1131,698994,20,2751148032,1936,1874765,256956,5440528,16570,4974362624,1,18959:3
44295841,18959,2852335616,5141106688,670,1132,698994,20,2759012352,1936,1874766,256962,5440605,16570,4973912064,1,18959:1
44401706,18959,2852335616,5141106688,670,1135,698994,20,2766876672,1936,1874766,256967,5440684,16570,4974534656,1,18959:3
44507140,18959,2852335616,5141106688,670,1137,698994,20,2775265280,1936,1874767,256970,5440766,16570,4974383104,1,18959:2
44613014,18959,2852335616,5141106688,670,1139,698994,20,2783129600,1936,1874767,256972,5440847,16570,4974514176,1,18959:3
44718453,18959,2852335616,5141106688,670,1142,698994,20,2790993920,1936,1874768,256974,5440928,16570,4974395392,1,18959:2
44823320,18959,2852335616,5141106688,670,1144,698994,20,2798858240,1936,1874768,256976,5441009,16570,4974022656,1,18959:2
44928139,18959,2852335616,5141106688,670,1145,698994,20,2806722560,1936,1874769,256977,5441091,16570,4974153728,1,18959:1
45033039,18959,2852335616,5141106688,670,1146,698994,20,2814586880,1936,1874769,256978,5441173,16570,4974026752,1,18959:1
45137945,18959,2852335616,5141106688,670,1148,698994,20,2822975488,1936,1874770,256979,5441255,16570,4974194688,1,18959:2
45243121,18959,2856267776,5141106688,675,1148,699953,20,2826129408,1938,1874775,256982,5441331,16570,4970708992,1,18959:5
45348425,18959,2864918528,5141106688,685,1149,702074,20,2826129408,1938,1874786,256983,5441404,16570,4961677312,1,18959:11
45453786,18959,2873569280,5141106688,695,1149,704185,20,2826129408,1938,1874797,256983,5441477,16570,4953161728,1,18959:10
45559182,18959,2882220032,5141106688,705,1149,706306,20,2826129408,1938,1874807,256984,5441550,16570,4944388096,1,18959:11
45664454,18959,2891001856,5141106688,715,1151,708430,20,2826129408,1938,1874816,256985,5441623,16570,4935614464,1,18959:11
45769864,18959,2900045824,5141106688,724,1152,710642,20,2826129408,1938,1874826,256991,5441693,16570,4926226432,1,18959:10
45875507,18959,2908827648,5141106688,734,1152,712802,20,2826129408,1938,1874837,256992,5441765,16570,4918059008,1,18959:11
45980839,18959,2917609472,5141106688,743,1154,714929,20,2826129408,1938,1874846,256994,5441838,16570,4909027328,1,18959:10
46086058,18959,2926260224,5141106688,751,1156,717049,20,2826129408,1938,1874854,256997,5441911,16570,4900286464,1,18959:10
46191294,18959,2934910976,5141106688,758,1160,719166,20,2826129408,1938,1874862,257000,5441984,16570,4891512832,1,18959:12
46296583,18959,2943954944,5141106688,768,1161,721380,20,2826129408,1938,1874871,257004,5442054,16570,4882415616,1,18959:10
46402023,18959,2953129984,5141106688,776,1163,723615,20,2826129408,1938,1874881,257006,5442127,16570,4872867840,1,18959:10
46507357,18959,2956144640,5141106688,780,1164,724338,20,2832420864,1939,1874884,257007,5442206,16570,4870361088,1,18959:5
46612346,18959,2956144640,5141106688,780,1165,724338,20,2840285184,1939,1874885,257008,5442288,16570,4870234112,1,18959:1
46717192,18959,2956144640,5141106688,780,1166,724338,20,2848149504,1939,1874885,257009,5442370,16570,4870365184,1,18959:1
46822000,18959,2956144640,5141106688,780,1168,724338,20,2856013824,1939,1874886,257011,5442452,16570,4870238208,1,18959:2
46926745,18959,2956144640,5141106688,780,1169,724338,20,2863878144,1939,1874886,257012,5442534,16570,4870377472,1,18959:1
47031632,18959,2956144640,5141106688,780,1170,724338,20,2871742464,1939,1874886,257014,5442616,16570,4870250496,1,18959:1
47136461,18959,2956144640,5141106688,780,1171,724338,20,2879606784,1939,1874886,257018,5442695,16570,4869943296,1,18959:1
47242148,18959,2956144640,5141106688,780,1173,724338,20,2887995392,1939,1874887,257020,5442777,16570,4869771264,1,18959:2
47347411,18959,2956144640,5141106688,780,1174,724338,20,2895859712,1939,1874888,257023,5442856,16570,4870115328,1,18959:1
47452667,18959,2956144640,5141106688,780,1175,724338,20,2903724032,1939,1874889,257024,5442938,16570,4870246400,1,18959:1
47557986,18959,2956144640,5141106688,780,1176,724338,20,2911588352,1939,1874890,257025,5443021,16570,4870119424,1,18959:1
47663004,18959,2956144640,5141106688,780,1178,724338,20,2919452672,1939,1874890,257026,5443103,16570,4870004736,1,18959:2
47767798,18959,2956144640,5141106688,780,1179,724338,20,2927316992,1939,1874890,257027,5443184,16570,4869877760,1,18959:1
47872536,18959,2961780736,5141106688,787,1179,725716,20,2929422336,1941,1874898,257028,5443261,16570,4863975424,1,18959:7
47977891,18959,2970824704,5141106688,795,1181,727916,20,2929422336,1941,1874907,257032,5443332,16570,4855300096,1,18959:10
48083129,18959,2979475456,5141106688,806,1181,730042,20,2929422336,1941,1874918,257032,5443405,16570,4846288896,1,18959:11
48188436,18959,2988257280,5141106688,815,1183,732167,20,2929422336,1941,1874927,257034,5443478,16570,4837773312,1,18959:11
48293749,18959,2996908032,5141106688,823,1185,734290,20,2929422336,1941,1874936,257036,5443551,16570,4828999680,1,18959:10
48399054,18959,3005689856,5141106688,833,1185,736425,20,2929422336,1941,1874946,257037,5443624,16570,4820226048,1,18959:11
48504368,18959,3014471680,5141106688,844,1185,738591,20,2929422336,1941,1874956,257040,5443695,16570,4812484608,1,18959:10
48609585,18959,3023253504,5141106688,853,1187,740710,20,2929422336,1941,1874966,257041,5443768,16570,4803710976,1,18959:11
48714852,18959,3031904256,5141106688,862,1188,742833,20,2929422336,1941,1874976,257043,5443841,16570,4794937344,1,18959:11
48820196,18959,3040555008,5141106688,873,1188,744959,20,2929422336,1941,1874986,257044,5443913,16570,4786163712,1,18959:10
48925795,18959,3049467904,5141106688,883,1188,747120,20,2929422336,1941,1874998,257046,5443984,16570,4777136128,1,18959:10
49031127,18959,3058380800,5141106688,893,1189,749311,20,2929422336,1941,1875007,257049,5444055,16570,4767072256,1,18959:11
49136504,18959,3059953664,5141106688,895,1190,749682,20,2936762368,1942,1875009,257050,5444135,16571,4765687808,1,18959:3
49242458,18959,3059953664,5141106688,895,1193,749682,20,2944626688,1942,1875010,257052,5444215,16571,4765626368,1,18959:3
49347369,18959,3059953664,5141106688,896,1195,749682,20,2952491008,1942,1875010,257054,5444296,16571,4765822976,1,18959:3
49452154,18959,3059953664,5141106688,896,1197,749682,20,2960355328,1942,1875011,257057,5444377,16571,4765528064,1,18959:2
49556836,18959,3059953664,5141106688,896,1199,749682,20,2968219648,1942,1875011,257058,5444459,16571,4765466624,1,18959:2
49661490,18959,3059953664,5141106688,896,1200,749682,20,2976083968,1942,1875011,257063,5444537,16571,4764901376,1,18959:1
49766999,18959,3059953664,5141106688,896,1202,749682,20,2984472576,1942,1875012,257064,5444619,16571,4765097984,1,18959:2
49872808,18959,3059953664,5141106688,896,1204,749682,20,2992336896,1942,1875012,257067,5444700,16571,4764803072,1,18959:2
49978370,18959,3059953664,5141106688,896,1206,749682,20,3000201216,1942,1875013,257069,5444782,16571,4764999680,1,18959:2
50083718,18959,3059953664,5141106688,896,1208,749682,20,3008065536,1942,1875014,257071,5444863,16571,4764938240,1,18959:2
50188553,18959,3059953664,5141106688,896,1210,749682,20,3015929856,1942,1875014,257073,5444944,16571,4764643328,1,18959:2
50293224,18959,3059953664,5141106688,896,1211,749682,20,3023794176,1942,1875014,257074,5445026,16571,4764839936,1,18959:1
50398017,18959,3059953664,5141106688,896,1213,749682,20,3031658496,1942,1875016,257078,5445104,16571,4765454336,1,18959:2
50503139,18959,3066900480,5141106688,902,1214,751385,20,3032715264,1944,1875024,257080,5445179,16571,4758720512,1,18959:8
50609409,18959,3075813376,5141106688,912,1216,753546,20,3032715264,1944,1875033,257084,5445250,16571,4749938688,1,18959:11
50714767,18959,3084726272,5141106688,921,1217,755749,20,3032715264,1944,1875042,257086,5445323,16571,4740648960,1,18959:10
50820070,18959,3093901312,5141106688,930,1218,757976,20,3032715264,1944,1875052,257088,5445396,16571,4731359232,1,18959:10
50925432,18959,3103076352,5141106688,940,1219,760203,20,3032715264,1944,1875062,257088,5445469,16571,4722069504,1,18959:11
51030801,18959,3112120320,5141106688,949,1220,762433,20,3032715264,1944,1875072,257090,5445542,16571,4713037824,1,18959:11
51136172,18959,3121295360,5141106688,959,1221,764667,20,3032715264,1944,1875081,257091,5445615,16571,4703748096,1,18959:10
51241476,18959,3130339328,5141106688,969,1222,766879,20,3032715264,1944,1875091,257092,5445688,16571,4694716416,1,18959:11
51346818,18959,3139383296,5141106688,979,1222,769071,20,3032715264,1944,1875102,257096,5445759,16571,4685893632,1,18959:10
51452149,18959,3148034048,5141106688,989,1223,771197,20,3032715264,1944,1875112,257097,5445832,16571,4676861952,1,18959:11
51557530,18959,3156684800,5141106688,999,1224,773317,20,3032715264,1944,1875122,257098,5445905,16571,4667830272,1,18959:11
51662940,18959,3163762688,5141106688,1005,1226,775026,20,3034288128,1945,1875128,257100,5445978,16572,4661391360,1,18959:8
51768135,18959,3163762688,5141106688,1005,1228,775026,20,3042676736,1945,1875129,257102,5446060,16572,4661276672,1,18959:2
51873853,18959,3163762688,5141106688,1006,1230,775026,20,3051065344,1945,1875130,257104,5446141,16572,4661407744,1,18959:3
51979717,18959,3163762688,5141106688,1006,1232,775026,20,3058929664,1945,1875131,257108,5446220,16572,4661280768,1,18959:2
52085447,18959,3163762688,5141106688,1006,1234,775026,20,3066793984,1945,1875132,257110,5446302,16572,4661411840,1,18959:2
52191076,18959,3163762688,5141106688,1006,1236,775026,20,3074658304,1945,1875132,257113,5446382,16572,4661026816,1,18959:2
52296845,18959,3163762688,5141106688,1006,1239,775026,20,3082522624,1945,1875132,257118,5446461,16572,4661116928,1,18959:3
52401636,18959,3163762688,5141106688,1006,1241,775026,20,3090386944,1945,1875132,257120,5446541,16572,4661248000,1,18959:2
52506434,18959,3163762688,5141106688,1006,1243,775026,20,3098251264,1945,1875133,257123,5446622,16572,4661071872,1,18959:2
52612058,18959,3163762688,5141106688,1006,1245,775026,20,3106639872,1945,1875133,257126,5446704,16572,4660981760,1,18959:2
52717777,18959,3163762688,5141106688,1006,1248,775026,20,3114504192,1945,1875134,257129,5446786,16572,4660854784,1,18959:3
52823548,18959,3163762688,5141106688,1006,1250,775026,20,3122368512,1945,1875134,257131,5446868,16572,4660985856,1,18959:2
52929114,18959,3163762688,5141106688,1006,1252,775026,20,3130232832,1945,1875134,257134,5446949,16572,4660858880,1,18959:2
53033897,18959,3164942336,5141106688,1006,1255,775331,20,3136016384,1947,1875137,257136,5447029,16572,4659478528,1,18959:3
53139213,18959,3173724160,5141106688,1015,1256,777464,20,3136016384,1947,1875146,257140,5447099,16572,4650008576,1,18959:10
53244776,18959,3182374912,5141106688,1025,1257,779576,20,3136016384,1947,1875156,257142,5447172,16572,4641468416,1,18959:11
53350079,18959,3191025664,5141106688,1034,1258,781690,20,3136016384,1947,1875166,257143,5447245,16572,4632952832,1,18959:10
53455383,18959,3199807488,5141106688,1042,1260,783831,20,3136016384,1947,1875176,257147,5447315,16572,4624179200,1,18959:11
53560684,18959,3208458240,5141106688,1052,1261,785947,20,3136016384,1947,1875185,257148,5447388,16572,4615405568,1,18959:10
53666082,18959,3217108992,5141106688,1062,1262,788065,20,3136016384,1947,1875196,257149,5447461,16572,4606889984,1,18959:11
53771365,18959,3225759744,5141106688,1071,1263,790176,20,3136016384,1947,1875206,257150,5447534,16572,4598116352,1,18959:11
53876679,18959,3234541568,5141106688,1081,1264,792294,20,3136016384,1947,1875216,257151,5447607,16572,4589342720,1,18959:10
53982120,18959,3243192320,5141106688,1091,1264,794422,20,3136016384,1947,1875226,257155,5447677,16572,4581429248,1,18959:10
54087465,18959,3251843072,5141106688,1101,1265,796535,20,3136016384,1947,1875236,257156,5447750,16572,4571844608,1,18959:11
54192833,18959,3260493824,5141106688,1110,1267,798648,20,3136016384,1947,1875244,257158,5447823,16572,4563329024,1,18959:11
54298200,18959,3267571712,5141106688,1117,1269,800370,20,3138113536,1948,1875252,257161,5447898,16572,4556603392,1,18959:9
54403210,18959,3267571712,5141106688,1117,1271,800370,20,3145977856,1948,1875252,257164,5447979,16572,4556476416,1,18959:2
54508336,18959,3267571712,5141106688,1117,1273,800370,20,3153842176,1948,1875252,257165,5448060,16572,4556607488,1,18959:2
54613669,18959,3267571712,5141106688,1117,1276,800370,20,3162230784,1948,1875253,257168,5448141,16572,4556525568,1,18959:3
54719395,18959,3267571712,5141106688,1117,1278,800370,20,3170095104,1948,1875253,257170,5448223,16572,4556656640,1,18959:2
54825162,18959,3267571712,5141106688,1117,1280,800370,20,3177959424,1948,1875254,257172,5448305,16572,4556529664,1,18959:2
54930682,18959,3267571712,5141106688,1117,1281,800370,20,3185823744,1948,1875254,257178,5448383,16572,4556992512,1,18959:2
55036417,18959,3267571712,5141106688,1117,1285,800370,20,3193688064,1948,1875256,257182,5448460,16572,4557107200,1,18959:3
55141143,18959,3267571712,5141106688,1117,1287,800370,20,3201552384,1948,1875256,257185,5448541,16572,4556800000,1,18959:2
55246134,18959,3267571712,5141106688,1117,1290,800370,20,3209416704,1948,1875257,257187,5448622,16572,4556996608,1,18959:3
55351374,18959,3267571712,5141106688,1117,1292,800370,20,3217805312,1948,1875258,257189,5448703,16572,4556640256,1,18959:2
55457330,18959,3267571712,5141106688,1117,1294,800370,20,3225669632,1948,1875258,257191,5448785,16572,4556603392,1,18959:2
55563138,18959,3267571712,5141106688,1117,1296,800370,20,3233533952,1948,1875258,257194,5448867,16572,4556541952,1,18959:2
55668592,18959,3268620288,5141106688,1118,1298,800643,20,3239309312,1950,1875260,257196,5448947,16572,4555153408,1,18959:3
55773955,18959,3277271040,5141106688,1127,1299,802756,20,3239309312,1950,1875271,257197,5449020,16572,4546637824,1,18959:10
55879298,18959,3286052864,5141106688,1136,1301,804899,20,3239309312,1950,1875280,257202,5449090,16572,4537556992,1,18959:11
55984592,18959,3294703616,5141106688,1145,1303,806997,20,3239309312,1950,1875289,257203,5449163,16572,4528783360,1,18959:11
56089881,18959,3303223296,5141106688,1155,1303,809090,20,3239309312,1950,1875300,257204,5449236,16572,4520267776,1,18959:10
56195157,18959,3311874048,5141106688,1165,1303,811185,20,3239309312,1950,1875311,257204,5449309,16572,4511412224,1,18959:11
56300502,18959,3320131584,5141106688,1175,1304,813216,20,3239309312,1950,1875321,257205,5449382,16572,4503154688,1,18959:10
56405931,18959,3328782336,5141106688,1184,1305,815313,20,3239309312,1950,1875330,257207,5449455,16572,4494639104,1,18959:10
56511198,18959,3337564160,5141106688,1193,1307,817456,20,3239309312,1950,1875341,257210,5449525,16572,4485865472,1,18959:11
56616547,18959,3346083840,5141106688,1202,1309,819553,20,3239309312,1950,1875350,257211,5449598,16572,4477091840,1,18959:11
56721882,18959,3354734592,5141106688,1211,1310,821662,20,3239309312,1950,1875361,257216,5449668,16572,4468367360,1,18959:10
56827156,18959,3363385344,5141106688,1222,1310,823760,20,3239309312,1950,1875371,257216,5449741,16572,4459593728,1,18959:11
56932479,18959,3371380736,5141106688,1230,1312,825714,20,3240886272,1951,1875379,257218,5449815,16572,4451872768,1,18959:10
57038253,18959,3371380736,5141106688,1230,1314,825714,20,3248750592,1951,1875380,257220,5449897,16572,4452012032,1,18959:2
57144097,18959,3371380736,5141106688,1230,1316,825714,20,3256614912,1951,1875380,257222,5449978,16572,4451958784,1,18959:2
57249272,18959,3371380736,5141106688,1230,1318,825714,20,3264479232,1951,1875381,257223,5450059,16572,4452175872,1,18959:2
57354605,18959,3371380736,5141106688,1231,1320,825714,20,3272343552,1951,1875381,257225,5450141,16572,4452048896,1,18959:3
57459921,18959,3371380736,5141106688,1231,1321,825714,20,3280207872,1951,1875382,257226,5450222,16572,4452179968,1,18959:1
57564647,18959,3371380736,5141106688,1231,1323,825714,20,3288072192,1951,1875382,257229,5450303,16572,4452052992,1,18959:2
57669395,18959,3371380736,5141106688,1231,1325,825714,20,3295936512,1951,1875382,257234,5450381,16572,4452651008,1,18959:2
57774270,18959,3371380736,5141106688,1231,1328,825714,20,3303800832,1951,1875383,257237,5450462,16572,4452782080,1,18959:3
57879097,18959,3371380736,5141106688,1231,1330,825714,20,3311665152,1951,1875383,257238,5450542,16572,4452655104,1,18959:2
57983842,18959,3371380736,5141106688,1231,1332,825714,20,3319529472,1951,1875384,257241,5450623,16572,4452761600,1,18959:2
58089506,18959,3371380736,5141106688,1231,1334,825714,20,3327918080,1951,1875385,257245,5450702,16572,4452388864,1,18959:2
58195101,18959,3371380736,5141106688,1231,1336,825714,20,3335782400,1951,1875385,257248,5450784,16572,4452528128,1,18959:2
58300864,18959,3371380736,5141106688,1231,1338,825722,20,3342614528,1953,1875385,257250,5450865,16572,4452122624,1,18959:2
58406304,18959,3380031488,5141106688,1239,1341,827840,20,3342614528,1953,1875395,257252,5450938,16572,4443348992,1,18959:11
58511712,18959,3388682240,5141106688,1249,1341,829951,20,3342614528,1953,1875405,257252,5451011,16572,4434833408,1,18959:10
58617101,18959,3397464064,5141106688,1259,1342,832075,20,3342614528,1953,1875415,257256,5451081,16572,4425592832,1,18959:11
58722406,18959,3405983744,5141106688,1269,1343,834172,20,3342614528,1953,1875426,257257,5451154,16572,4417077248,1,18959:11
58827788,18959,3414634496,5141106688,1278,1343,836274,20,3342614528,1953,1875436,257258,5451227,16572,4408303616,1,18959:10
58933085,18959,3423285248,5141106688,1288,1345,838377,20,3342614528,1953,1875445,257260,5451300,16572,4399529984,1,18959:11
59038353,18959,3431936000,5141106688,1297,1346,840507,20,3342614528,1953,1875456,257260,5451373,16572,4390756352,1,18959:10
59143580,18959,3440586752,5141106688,1307,1347,842624,20,3342614528,1953,1875465,257262,5451446,16572,4382294016,1,18959:11
59248843,18959,3449237504,5141106688,1316,1349,844728,20,3342614528,1953,1875474,257264,5451519,16572,4373680128,1,18959:11
59354139,18959,3457888256,5141106688,1326,1349,846848,20,3342614528,1953,1875485,257264,5451592,16572,4365164544,1,18959:10
59459468,18959,3466670080,5141106688,1335,1350,848968,20,3342614528,1953,1875494,257269,5451662,16572,4356624384,1,18959:10
59564828,18959,3475189760,5141106688,1344,1352,851058,20,3343663104,1954,1875504,257273,5451732,16572,4348100608,1,18959:11
59669589,18959,3475189760,5141106688,1345,1354,851058,20,3351527424,1954,1875504,257276,5451813,16572,4348231680,1,18959:3
59774404,18959,3475189760,5141106688,1345,1356,851058,20,3359391744,1954,1875504,257277,5451894,16572,4348104704,1,18959:2
59879132,18959,3475189760,5141106688,1345,1358,851058,20,3367256064,1954,1875504,257280,5451974,16572,4348235776,1,18959:2
59983893,18959,3475189760,5141106688,1345,1360,851058,20,3375120384,1954,1875505,257282,5452055,16572,4348108800,1,18959:2
60088652,18959,3475189760,5141106688,1345,1362,851058,20,3382984704,1954,1875505,257284,5452136,16572,4348239872,1,18959:2
60193285,18959,3475189760,5141106688,1345,1364,851058,20,3390849024,1954,1875506,257285,5452217,16572,4348112896,1,18959:2
60298022,18959,3475189760,5141106688,1345,1366,851058,20,3398713344,1954,1875506,257288,5452298,16572,4348243968,1,18959:2
60402794,18959,3475189760,5141106688,1345,1368,851058,20,3406577664,1954,1875506,257294,5452375,16572,4347740160,1,18959:2
60508506,18959,3475189760,5141106688,1345,1371,851058,20,3414966272,1954,1875507,257298,5452456,16572,4347957248,1,18959:3
60614342,18959,3475189760,5141106688,1345,1374,851058,20,3422830592,1954,1875508,257300,5452537,16572,4347744256,1,18959:3
60720154,18959,3475189760,5141106688,1345,1377,851058,20,3430694912,1954,1875508,257303,5452618,16572,4347723776,1,18959:3
60826114,18959,3475189760,5141106688,1345,1380,851058,20,3438559232,1954,1875509,257306,5452699,16572,4347596800,1,18959:3
60931150,18959,3475189760,5141106688,1345,1383,851058,20,3445907456,1954,1875509,257308,5452779,16572,4347691008,1,18959:3
61035900,18959,3483316224,5141106688,1354,1384,853053,20,3445907456,1956,1875518,257310,5452852,16572,4339175424,1,18959:10
61141176,18959,3491966976,5141106688,1363,1386,855183,20,3445907456,1956,1875528,257314,5452922,16572,4330442752,1,18959:11
61246503,18959,3500617728,5141106688,1372,1387,857291,20,3445907456,1956,1875538,257314,5452995,16572,4321873920,1,18959:10
61351915,18959,3509268480,5141106688,1382,1388,859401,20,3445907456,1956,1875547,257320,5453065,16572,4314083328,1,18959:11
61457241,18959,3517919232,5141106688,1392,1388,861518,20,3445907456,1956,1875558,257320,5453138,16572,4305309696,1,18959:10
61562499,18959,3526569984,5141106688,1401,1389,863627,20,3445907456,1956,1875568,257321,5453211,16572,4296536064,1,18959:10
61667857,18959,3535220736,5141106688,1411,1390,865746,20,3445907456,1956,1875578,257322,5453284,16572,4288020480,1,18959:11
61773148,18959,3544002560,5141106688,1420,1392,867865,20,3445907456,1956,1875587,257324,5453357,16572,4278988800,1,18959:11
61878428,18959,3552653312,5141106688,1428,1394,869986,20,3445907456,1956,1875596,257326,5453431,16572,4270215168,1,18959:10
61983715,18959,3561304064,5141106688,1438,1395,872105,20,3445907456,1956,1875606,257327,5453504,16572,4261699584,1,18959:11
62089017,18959,3569954816,5141106688,1447,1396,874215,20,3445907456,1956,1875616,257328,5453577,16572,4252925952,1,18959:10
62194277,18959,3578736640,5141106688,1456,1397,876349,20,3445907456,1956,1875626,257332,5453647,16572,4243918848,1,18959:10
62299851,18959,3578998784,5141106688,1457,1400,876435,20,3454296064,1957,1875627,257335,5453727,16572,4243628032,1,18959:4
62405687,18959,3578998784,5141106688,1457,1402,876435,20,3462684672,1957,1875627,257338,5453809,16572,4243845120,1,18959:2
62511585,18959,3578998784,5141106688,1457,1404,876435,20,3470548992,1957,1875628,257340,5453890,16572,4243718144,1,18959:2
62616311,18959,3578998784,5141106688,1457,1406,876435,20,3478413312,1957,1875629,257344,5453968,16572,4243849216,1,18959:2
62721028,18959,3578998784,5141106688,1458,1408,876435,20,3486277632,1957,1875629,257345,5454049,16572,4243722240,1,18959:3
62826294,18959,3578998784,5141106688,1458,1410,876435,20,3494666240,1957,1875630,257348,5454131,16572,4243828736,1,18959:2
62932027,18959,3578998784,5141106688,1458,1412,876435,20,3502530560,1957,1875630,257350,5454212,16572,4243701760,1,18959:2
63036674,18959,3578998784,5141106688,1458,1414,876435,20,3510394880,1957,1875630,257352,5454292,16572,4243902464,1,18959:2
63141517,18959,3578998784,5141106688,1458,1417,876435,20,3518259200,1957,1875630,257358,5454370,16572,4244439040,1,18959:3
63246863,18959,3578998784,5141106688,1458,1419,876435,20,3526647808,1957,1875631,257360,5454452,16572,4244606976,1,18959:2
63352504,18959,3578998784,5141106688,1458,1421,876435,20,3534512128,1957,1875632,257362,5454533,16572,4244480000,1,18959:2
63457478,18959,3578998784,5141106688,1458,1423,876435,20,3542376448,1957,1875632,257364,5454613,16572,4244365312,1,18959:2
63562273,18959,3579392000,5141106688,1458,1426,876529,20,3549200384,1959,1875633,257367,5454694,16572,4243451904,1,18959:3
63667689,18959,3588042752,5141106688,1468,1426,878659,20,3549200384,1959,1875644,257367,5454767,16572,4234936320,1,18959:10
63773003,18959,3596824576,5141106688,1478,1427,880786,20,3549200384,1959,1875653,257368,5454840,16572,4226162688,1,18959:11
63878271,18959,3605475328,5141106688,1487,1428,882910,20,3549200384,1959,1875663,257370,5454913,16572,4217389056,1,18959:10
63983507,18959,3614257152,5141106688,1497,1429,885038,20,3549200384,1959,1875672,257375,5454983,16572,4208566272,1,18959:11
64088785,18959,3622776832,5141106688,1505,1431,887141,20,3549200384,1959,1875681,257377,5455056,16572,4199821312,1,18959:10
64194048,18959,3631558656,5141106688,1514,1433,889283,20,3549200384,1959,1875692,257380,5455126,16572,4190793728,1,18959:11
64299260,18959,3640340480,5141106688,1523,1434,891403,20,3549200384,1959,1875702,257381,5455199,16572,4182020096,1,18959:10
64404465,18959,3648991232,5141106688,1533,1435,893524,20,3549200384,1959,1875712,257382,5455272,16572,4173504512,1,18959:11
64509883,18959,3657773056,5141106688,1542,1436,895657,20,3549200384,1959,1875722,257384,5455346,16572,4164730880,1,18959:10
64615205,18959,3666423808,5141106688,1552,1437,897781,20,3549200384,1959,1875732,257384,5455419,16572,4155957248,1,18959:11
64720486,18959,3675074560,5141106688,1562,1437,899899,20,3549200384,1959,1875742,257385,5455492,16572,4147183616,1,18959:10
64825772,18959,3682807808,5141106688,1570,1439,901779,20,3550773248,1960,1875751,257390,5455562,16572,4140154880,1,18959:10
64930617,18959,3682807808,5141106688,1570,1441,901779,20,3558637568,1960,1875752,257392,5455642,16573,4140347392,1,18959:2
65035349,18959,3682807808,5141106688,1570,1443,901779,20,3566501888,1960,1875752,257394,5455723,16573,4140298240,1,18959:2
65140022,18959,3682807808,5141106688,1570,1445,901779,20,3574366208,1960,1875752,257396,5455804,16573,4140236800,1,18959:2
65244628,18959,3682807808,5141106688,1570,1447,901779,20,3582230528,1960,1875752,257399,5455885,16573,4140199936,1,18959:2
65349382,18959,3682807808,5141106688,1570,1449,901779,20,3590094848,1960,1875753,257401,5455965,16573,4140306432,1,18959:2
65454081,18959,3682807808,5141106688,1570,1451,901779,20,3597959168,1960,1875754,257403,5456046,16573,4140437504,1,18959:2
65558755,18959,3682807808,5141106688,1570,1453,901779,20,3605823488,1960,1875754,257405,5456127,16573,4140310528,1,18959:2
65663484,18959,3682807808,5141106688,1570,1455,901779,20,3614212096,1960,1875755,257408,5456207,16573,4140478464,1,18959:2
65770010,18959,3682807808,5141106688,1570,1457,901779,20,3622076416,1960,1875756,257409,5456288,16573,4142788608,1,18959:2
65874969,18959,3682807808,5141106688,1571,1459,901779,20,3629940736,1960,1875757,257414,5456366,16573,4142227456,1,18959:3
65980324,18959,3682807808,5141106688,1571,1461,901779,20,3637805056,1960,1875757,257417,5456447,16573,4142358528,1,18959:2
66085784,18959,3682807808,5141106688,1571,1463,901779,20,3645669376,1960,1875758,257420,5456528,16573,4142231552,1,18959:2
66190488,18959,3682807808,5141106688,1571,1465,901799,20,3652493312,1962,1875758,257423,5456609,16573,4142448640,1,18959:2
66295143,18959,3691458560,5141106688,1579,1467,903904,20,3652493312,1962,1875768,257424,5456682,16573,4133933056,1,18959:10
66399799,18959,3700109312,5141106688,1589,1468,906012,20,3652493312,1962,1875778,257425,5456754,16573,4125159424,1,18959:11
66504391,18959,3708760064,5141106688,1599,1469,908119,20,3652493312,1962,1875788,257426,5456827,16573,4116643840,1,18959:11
66609047,18959,3717410816,5141106688,1607,1470,910232,20,3652493312,1962,1875798,257427,5456899,16573,4107870208,1,18959:9
66713622,18959,3726061568,5141106688,1616,1472,912352,20,3652493312,1962,1875806,257432,5456969,16573,4099305472,1,18959:11
66818236,18959,3734712320,5141106688,1626,1473,914463,20,3652493312,1962,1875817,257434,5457042,16573,4090273792,1,18959:11
66922912,18959,3743363072,5141106688,1636,1473,916567,20,3652493312,1962,1875827,257434,5457114,16573,4081758208,1,18959:10
67027453,18959,3752013824,5141106688,1645,1474,918675,20,3652493312,1962,1875837,257435,5457187,16573,4073259008,1,18959:11
67132015,18959,3760664576,5141106688,1655,1475,920791,20,3652493312,1962,1875846,257436,5457260,16573,4064485376,1,18959:10
67236539,18959,3769446400,5141106688,1665,1476,922937,20,3652493312,1962,1875858,257438,5457329,16573,4056162304,1,18959:11
67341184,18959,3778097152,5141106688,1675,1476,925042,20,3652493312,1962,1875868,257439,5457402,16573,4047388672,1,18959:10
67445742,18959,3786616832,5141106688,1684,1478,927123,20,3653021696,1963,1875878,257440,5457475,16573,4039114752,1,18959:11
67550687,18959,3786616832,5141106688,1684,1479,927123,20,3661410304,1963,1875878,257444,5457553,16574,4037611520,1,18959:1
67656187,18959,3786616832,5141106688,1684,1482,927123,20,3669274624,1963,1875878,257449,5457633,16574,4038086656,1,18959:3
67761099,18959,3786616832,5141106688,1684,1484,927123,20,3677138944,1963,1875879,257451,5457714,16574,4037713920,1,18959:2
67865855,18959,3786616832,5141106688,1684,1486,927123,20,3685003264,1963,1875879,257453,5457795,16574,4037586944,1,18959:2
67970544,18959,3786616832,5141106688,1684,1488,927123,20,3693391872,1963,1875879,257456,5457876,16574,4037447680,1,18959:2
68075470,18959,3786616832,5141106688,1684,1489,927123,20,3701256192,1963,1875880,257457,5457958,16574,4037246976,1,18959:1
68180348,18959,3786616832,5141106688,1684,1491,927123,20,3709120512,1963,1875880,257458,5458040,16574,4037615616,1,18959:2
68285054,18959,3786616832,5141106688,1684,1492,927123,20,3716984832,1963,1875880,257463,5458118,16574,4037181440,1,18959:1
68390022,18959,3786616832,5141106688,1684,1494,927123,20,3725373440,1963,1875881,257464,5458200,16574,4037357568,1,18959:2
68494885,18959,3786616832,5141106688,1684,1495,927123,20,3733237760,1963,1875881,257466,5458282,16574,4037230592,1,18959:1
68599777,18959,3786616832,5141106688,1684,1496,927123,20,3741102080,1963,1875881,257467,5458363,16574,4037361664,1,18959:1
68704568,18959,3786616832,5141106688,1684,1498,927123,20,3748966400,1963,1875882,257469,5458444,16574,4037234688,1,18959:2
68808872,18959,3786616832,5141106688,1684,1499,927123,20,3756302336,1963,1875883,257471,5458523,16574,4038111232,1,18959:1
68913503,18959,3795267584,5141106688,1691,1502,929252,20,3756302336,1965,1875891,257474,5458596,16575,4029079552,1,18959:10
69018161,18959,3804311552,5141106688,1700,1503,931453,20,3756302336,1965,1875901,257476,5458668,16575,4020076544,1,18959:10
69122820,18959,3813093376,5141106688,1709,1505,933584,20,3756302336,1965,1875910,257479,5458739,16575,4011585536,1,18959:11
69227382,18959,3821613056,5141106688,1719,1505,935681,20,3756302336,1965,1875920,257480,5458812,16575,4002811904,1,18959:10
69332164,18959,3830263808,5141106688,1730,1505,937772,20,3756302336,1965,1875931,257480,5458884,16575,3994296320,1,18959:11
69436690,18959,3838783488,5141106688,1740,1506,939871,20,3756302336,1965,1875942,257480,5458957,16575,3985522688,1,18959:11
69541239,18959,3847434240,5141106688,1750,1506,941968,20,3756302336,1965,1875952,257481,5459029,16575,3977007104,1,18959:10
69645804,18959,3856216064,5141106688,1760,1506,944118,20,3756302336,1965,1875962,257483,5459100,16575,3968286720,1,18959:10
69750363,18959,3864735744,5141106688,1769,1507,946213,20,3756302336,1965,1875973,257484,5459173,16575,3959771136,1,18959:10
69854988,18959,3873386496,5141106688,1780,1507,948316,20,3756302336,1965,1875984,257484,5459245,16575,3951255552,1,18959:11
69959600,18959,3882037248,5141106688,1789,1509,950418,20,3756302336,1965,1875993,257486,5459318,16575,3942481920,1,18959:11
70064223,18959,3890425856,5141106688,1798,1510,952467,20,3756957696,1966,1876002,257487,5459391,16575,3934318592,1,18959:10
70168796,18959,3890425856,5141106688,1798,1512,952467,20,3765215232,1966,1876002,257489,5459471,16576,3934363648,1,18959:2
70273572,18959,3890425856,5141106688,1798,1514,952467,20,3773079552,1966,1876004,257496,5459547,16576,3934187520,1,18959:2
70379011,18959,3890425856,5141106688,1798,1516,952467,20,3780943872,1966,1876004,257498,5459628,16576,3934318592,1,18959:2
70484174,18959,3890425856,5141106688,1798,1518,952467,20,3788808192,1966,1876005,257500,5459709,16576,3934191616,1,18959:2
70588855,18959,3890425856,5141106688,1798,1520,952467,20,3796672512,1966,1876005,257502,5459790,16576,3934322688,1,18959:2
70693502,18959,3890425856,5141106688,1798,1522,952467,20,3804536832,1966,1876006,257505,5459871,16576,3934203904,1,18959:2
70798218,18959,3890425856,5141106688,1798,1523,952467,20,3812401152,1966,1876006,257506,5459953,16576,3934076928,1,18959:1
70902874,18959,3890425856,5141106688,1798,1525,952467,20,3820265472,1966,1876006,257508,5460034,16576,3934208000,1,18959:2
71007537,18959,3890425856,5141106688,1798,1526,952467,20,3828129792,1966,1876006,257510,5460116,16576,3934081024,1,18959:1
71112254,18959,3890425856,5141106688,1798,1527,952467,20,3835994112,1966,1876006,257512,5460198,16576,3934212096,1,18959:1
71216867,18959,3890425856,5141106688,1798,1529,952467,20,3843858432,1966,1876006,257516,5460276,16576,3933446144,1,18959:2
71321513,18959,3890425856,5141106688,1798,1531,952467,20,3851722752,1966,1876006,257517,5460357,16576,3933859840,1,18959:2
71426730,18959,3890425856,5141106688,1798,1533,952467,20,3859587072,1966,1876007,257519,5460437,16577,3934248960,1,18959:2
71531480,18959,3898159104,5141106688,1806,1534,954331,20,3859603456,1968,1876016,257520,5460511,16577,3926052864,1,18959:10
71636790,18959,3906809856,5141106688,1816,1535,956456,20,3859603456,1968,1876026,257522,5460584,16577,3917279232,1,18959:10
71742041,18959,3915591680,5141106688,1826,1535,958597,20,3859603456,1968,1876036,257522,5460657,16577,3908247552,1,18959:10
71847344,18959,3924766720,5141106688,1836,1536,960844,20,3859603456,1968,1876047,257525,5460727,16577,3898699776,1,18959:11
71952626,18959,3933810688,5141106688,1845,1538,963037,20,3859603456,1968,1876056,257530,5460798,16577,3890679808,1,18959:11
72057878,18959,3942461440,5141106688,1853,1539,965151,20,3859603456,1968,1876066,257531,5460871,16577,3881648128,1,18959:9
72163152,18959,3951112192,5141106688,1863,1540,967268,20,3859603456,1968,1876076,257532,5460944,16577,3872886784,1,18959:11
72268398,18959,3959894016,5141106688,1871,1542,969400,20,3859603456,1968,1876084,257534,5461017,16577,3864371200,1,18959:10
72373818,18959,3968413696,5141106688,1881,1543,971509,20,3859603456,1968,1876095,257535,5461090,16577,3855597568,1,18959:11
72479085,18959,3977326592,5141106688,1891,1543,973682,20,3859603456,1968,1876105,257536,5461163,16577,3846098944,1,18959:11
72584297,18959,3986370560,5141106688,1901,1544,975889,20,3859603456,1968,1876115,257540,5461233,16577,3837485056,1,18959:10
72689536,18959,3994234880,5141106688,1908,1547,977811,20,3861700608,1969,1876122,257543,5461307,16577,3829460992,1,18959:10
72794909,18959,3994234880,5141106688,1908,1548,977811,20,3869564928,1969,1876123,257545,5461390,16577,3829354496,1,18959:1
72900050,18959,3994234880,5141106688,1908,1549,977811,20,3877429248,1969,1876123,257546,5461472,16577,3829227520,1,18959:1
73005228,18959,3994234880,5141106688,1908,1551,977811,20,3885293568,1969,1876124,257548,5461553,16577,3829358592,1,18959:2
73110117,18959,3994234880,5141106688,1908,1552,977811,20,3893157888,1969,1876124,257548,5461635,16577,3829231616,1,18959:1
73214856,18959,3994234880,5141106688,1909,1553,977811,20,3901022208,1969,1876125,257550,5461717,16577,3829362688,1,18959:2
73319594,18959,3994234880,5141106688,1909,1554,977811,20,3908886528,1969,1876126,257553,5461796,16577,3829235712,1,18959:1
73424364,18959,3994234880,5141106688,1909,1556,977811,20,3916750848,1969,1876126,257558,5461874,16577,3829833728,1,18959:2
73529109,18959,3994234880,5141106688,1909,1557,977811,20,3924615168,1969,1876127,257559,5461956,16577,3829706752,1,18959:1
73633901,18959,3994234880,5141106688,1909,1558,977811,20,3932479488,1969,1876127,257560,5462038,16577,3829837824,1,18959:1
73738930,18959,3994234880,5141106688,1909,1560,977811,20,3940868096,1969,1876128,257562,5462120,16577,3830005760,1,18959:2
73844081,18959,3994234880,5141106688,1909,1561,977811,20,3948732416,1969,1876128,257563,5462203,16577,3829878784,1,18959:1
73949152,18959,3994234880,5141106688,1909,1562,977811,20,3956596736,1969,1876128,257564,5462285,16577,3830018048,1,18959:1
74054200,18959,3995021312,5141106688,1909,1564,977991,20,3962896384,1971,1876130,257567,5462366,16577,3828862976,1,18959:2
74159560,18959,4004196352,5141106688,1918,1565,980219,20,3962896384,1971,1876140,257568,5462439,16577,3819831296,1,18959:11
74264882,18959,4013109248,5141106688,1928,1565,982415,20,3962896384,1971,1876149,257571,5462509,16577,3811422208,1,18959:9
74370067,18959,4021760000,5141106688,1936,1568,984534,20,3962896384,1971,1876158,257574,5462582,16577,3802648576,1,18959:11
74475337,18959,4030541824,5141106688,1945,1569,986657,20,3962896384,1971,1876168,257575,5462655,16577,3794132992,1,18959:11
74580607,18959,4039192576,5141106688,1956,1570,988779,20,3962896384,1971,1876178,257576,5462728,16577,3785359360,1,18959:11
74685853,18959,4047974400,5141106688,1966,1570,990903,20,3962896384,1971,1876190,257576,5462801,16577,3776585728,1,18959:10
74791196,18959,4056625152,5141106688,1975,1571,993045,20,3962896384,1971,1876199,257577,5462874,16577,3767554048,1,18959:10
74896375,18959,4065931264,5141106688,1983,1574,995292,20,3962896384,1971,1876207,257583,5462944,16577,3758522368,1,18959:11
75001600,18959,4074844160,5141106688,1992,1575,997475,20,3962896384,1971,1876216,257586,5463015,16577,3749728256,1,18959:10
75106757,18959,4083494912,5141106688,2001,1577,999600,20,3962896384,1971,1876226,257588,5463088,16577,3740696576,1,18959:11
75212032,18959,4092276736,5141106688,2011,1577,1001719,20,3962896384,1971,1876236,257588,5463161,16577,3731664896,1,18959:11
75317352,18959,4098043904,5141106688,2018,1578,1003155,20,3966566400,1972,1876243,257590,5463237,16577,3726032896,1,18959:7
75422926,18959,4098043904,5141106688,2018,1580,1003155,20,3974430720,1972,1876244,257592,5463319,16577,3726163968,1,18959:2
75527912,18959,4098043904,5141106688,2019,1581,1003155,20,3982295040,1972,1876244,257593,5463400,16577,3726036992,1,18959:2
75632534,18959,4098043904,5141106688,2019,1583,1003155,20,3990159360,1972,1876245,257598,5463478,16577,3725959168,1,18959:2
75737307,18959,4098043904,5141106688,2019,1585,1003155,20,3998547968,1972,1876245,257601,5463560,16577,3726065664,1,18959:2
75843030,18959,4098043904,5141106688,2019,1587,1003155,20,4006412288,1972,1876245,257603,5463642,16577,3725938688,1,18959:2
75948519,18959,4098043904,5141106688,2019,1589,1003155,20,4014276608,1972,1876246,257605,5463723,16577,3726069760,1,18959:2
76053274,18959,4098043904,5141106688,2019,1591,1003155,20,4022140928,1972,1876246,257607,5463804,16577,3725950976,1,18959:2
76157996,18959,4098043904,5141106688,2019,1593,1003155,20,4030529536,1972,1876247,257610,5463885,16577,3725914112,1,18959:2
76263265,18959,4098043904,5141106688,2019,1595,1003155,20,4038393856,1972,1876247,257611,5463967,16577,3725606912,1,18959:2
76368120,18959,4098043904,5141106688,2019,1596,1003155,20,4046258176,1972,1876248,257614,5464047,16577,3726295040,1,18959:1
76474363,18959,4098043904,5141106688,2019,1597,1003155,20,4054646784,1972,1876249,257616,5464129,16577,3726143488,1,18959:1
76579551,18959,4098043904,5141106688,2019,1599,1003155,20,4062511104,1972,1876249,257621,5464207,16577,3726741504,1,18959:2
76684947,18959,4101451776,5141106688,2023,1600,1003999,20,4066189312,1974,1876254,257622,5464284,16578,3723218944,1,18959:5
76790293,18959,4110233600,5141106688,2032,1602,1006140,20,4066189312,1974,1876264,257623,5464357,16578,3714445312,1,18959:11
76895644,18959,4118884352,5141106688,2042,1602,1008267,20,4066189312,1974,1876274,257624,5464430,16578,3705671680,1,18959:10
77000959,18959,4127666176,5141106688,2051,1603,1010390,20,4066189312,1974,1876283,257625,5464503,16578,3696898048,1,18959:10
77106221,18959,4136579072,5141106688,2061,1604,1012557,20,4066189312,1974,1876294,257626,5464576,16578,3687608320,1,18959:11
77211459,18959,4145623040,5141106688,2071,1605,1014791,20,4066189312,1974,1876304,257627,5464649,16578,3678576640,1,18959:11
77316752,18959,4154798080,5141106688,2080,1606,1017012,20,4066189312,1974,1876314,257628,5464722,16578,3669544960,1,18959:10
77421920,18959,4163579904,5141106688,2089,1607,1019167,20,4066189312,1974,1876324,257631,5464793,16578,3660828672,1,18959:10
77527129,18959,4172361728,5141106688,2099,1608,1021297,20,4066189312,1974,1876334,257632,5464866,16578,3651796992,1,18959:12
77632634,18959,4181143552,5141106688,2108,1610,1023443,20,4066189312,1974,1876343,257634,5464939,16578,3643023360,1,18959:10
77737871,18959,4189794304,5141106688,2118,1611,1025578,20,4066189312,1974,1876354,257635,5465012,16578,3634249728,1,18959:11
77843137,18959,4198576128,5141106688,2126,1612,1027709,20,4066189312,1974,1876363,257636,5465085,16578,3625476096,1,18959:10
77948451,18959,4201721856,5141106688,2129,1615,1028499,20,4071956480,1975,1876366,257644,5465157,16578,3621867520,1,18959:5
78053516,18959,4201721856,5141106688,2130,1617,1028499,20,4079820800,1975,1876366,257646,5465239,16578,3621949440,1,18959:3
78159060,18959,4201721856,5141106688,2130,1619,1028499,20,4088209408,1975,1876367,257648,5465321,16578,3621920768,1,18959:2
78264640,18959,4201721856,5141106688,2130,1620,1028499,20,4096073728,1975,1876368,257649,5465403,16578,3622051840,1,18959:1
78370290,18959,4201721856,5141106688,2130,1622,1028499,20,4103938048,1975,1876368,257651,5465484,16578,3621924864,1,18959:2
78475617,18959,4201721856,5141106688,2130,1624,1028499,20,4111802368,1975,1876368,257653,5465565,16578,3621818368,1,18959:2
78580340,18959,4201721856,5141106688,2130,1625,1028499,20,4119666688,1975,1876368,257655,5465647,16578,3621691392,1,18959:1
78685023,18959,4201721856,5141106688,2130,1627,1028499,20,4127531008,1975,1876369,257656,5465729,16578,3621822464,1,18959:2
78789684,18959,4201721856,5141106688,2130,1628,1028499,20,4135395328,1975,1876369,257658,5465811,16578,3621695488,1,18959:1
78894445,18959,4201721856,5141106688,2130,1630,1028499,20,4143783936,1975,1876370,257662,5465889,16578,3621494784,1,18959:2
79000082,18959,4201721856,5141106688,2130,1631,1028499,20,4151648256,1975,1876370,257664,5465971,16578,3621625856,1,18959:1
79105859,18959,4201721856,5141106688,2130,1633,1028499,20,4159512576,1975,1876371,257666,5466053,16578,3621498880,1,18959:2
79211501,18959,4201721856,5141106688,2130,1635,1028499,20,4167376896,1975,1876371,257668,5466134,16578,3621629952,1,18959:2
79316513,18959,4206964736,5141106688,2137,1636,1029771,20,4169482240,1977,1876378,257669,5466210,16578,3616038912,1,18959:8
79421806,18959,4215877632,5141106688,2145,1638,1031926,20,4169482240,1977,1876386,257673,5466281,16578,3607265280,1,18959:10
79527163,18959,4225052672,5141106688,2155,1639,1034165,20,4169482240,1977,1876397,257675,5466354,16578,3597975552,1,18959:11
79632456,18959,4234096640,5141106688,2164,1640,1036395,20,4169482240,1977,1876407,257676,5466426,16578,3588943872,1,18959:10
79737679,18959,4242878464,5141106688,2173,1642,1038524,20,4169482240,1977,1876417,257680,5466498,16578,3581222912,1,18959:11
79842945,18959,4251660288,5141106688,2183,1642,1040654,20,4169482240,1977,1876427,257680,5466571,16578,3572191232,1,18959:11
79948228,18959,4260311040,5141106688,2194,1642,1042783,20,4169482240,1977,1876438,257680,5466644,16578,3563417600,1,18959:10
80053419,18959,4269092864,5141106688,2203,1643,1044920,20,4169482240,1977,1876447,257682,5466717,16578,3554643968,1,18959:10
80158640,18959,4277743616,5141106688,2212,1644,1047050,20,4169482240,1977,1876458,257682,5466790,16578,3545874432,1,18959:10
80263941,18959,4286918656,5141106688,2222,1645,1049264,20,4169482240,1977,1876468,257686,5466861,16578,3537100800,1,18959:11
80369225,18959,4295569408,5141106688,2232,1646,1051397,20,4169482240,1977,1876478,257686,5466933,16578,3528327168,1,18959:11
80474511,18959,4304351232,5141106688,2242,1646,1053529,20,4169482240,1977,1876489,257687,5467006,16578,3519553536,1,18959:10
80579874,18959,4305530880,5141106688,2243,1648,1053843,20,4177346560,1978,1876490,257690,5467087,16578,3518115840,1,18959:3
80685312,18959,4305530880,5141106688,2244,1650,1053843,20,4185210880,1978,1876490,257691,5467168,16578,3517988864,1,18959:3
80790129,18959,4305530880,5141106688,2244,1652,1053843,20,4193075200,1978,1876491,257693,5467250,16578,3518119936,1,18959:2
80894823,18959,4305530880,5141106688,2244,1653,1053843,20,4200939520,1978,1876491,257697,5467329,16578,3517603840,1,18959:1
81000233,18959,4305530880,5141106688,2244,1655,1053843,20,4209328128,1978,1876492,257702,5467408,16578,3517771776,1,18959:2
81105849,18959,4305530880,5141106688,2244,1657,1053843,20,4217192448,1978,1876492,257704,5467489,16578,3517644800,1,18959:2
81210731,18959,4305530880,5141106688,2244,1659,1053843,20,4225056768,1978,1876492,257706,5467570,16578,3517775872,1,18959:2
81315967,18959,4305530880,5141106688,2244,1661,1053843,20,4233445376,1978,1876492,257708,5467652,16578,3517624320,1,18959:2
81421690,18959,4305530880,5141106688,2244,1662,1053843,20,4241309696,1978,1876493,257709,5467733,16578,3517755392,1,18959:1
81526377,18959,4305530880,5141106688,2244,1664,1053843,20,4249174016,1978,1876494,257711,5467815,16578,3517083648,1,18959:2
81631157,18959,4305530880,5141106688,2244,1666,1053843,20,4257038336,1978,1876494,257715,5467895,16578,3517128704,1,18959:2
81736070,18959,4305530880,5141106688,2244,1668,1053843,20,4265426944,1978,1876494,257716,5467976,16578,3517296640,1,18959:2
81841834,18959,4305530880,5141106688,2245,1670,1053843,20,4272775168,1978,1876495,257718,5468057,16578,3517132800,1,18959:3
81946553,18959,4313788416,5141106688,2254,1670,1055835,20,4272775168,1980,1876505,257719,5468130,16578,3508875264,1,18959:9
82051179,18959,4322439168,5141106688,2263,1671,1057942,20,4272775168,1980,1876514,257720,5468203,16578,3500359680,1,18959:11
82155833,18959,4331089920,5141106688,2273,1671,1060058,20,4272775168,1980,1876525,257724,5468273,16578,3491921920,1,18959:10
82260403,18959,4339740672,5141106688,2282,1673,1062163,20,4272775168,1980,1876534,257726,5468345,16578,3483148288,1,18959:10
82365083,18959,4348260352,5141106688,2291,1674,1064267,20,4272775168,1980,1876543,257727,5468418,16578,3474374656,1,18959:10
82469731,18959,4356911104,5141106688,2301,1676,1066380,20,4272775168,1980,1876552,257730,5468489,16578,3465859072,1,18959:12
82574024,18959,4365561856,5141106688,2310,1677,1068492,20,4272775168,1980,1876562,257732,5468560,16578,3457245184,1,18959:10
82678678,18959,4374212608,5141106688,2319,1678,1070594,20,4272775168,1980,1876572,257734,5468633,16578,3448729600,1,18959:10
82783250,18959,4382863360,5141106688,2330,1678,1072696,20,4272775168,1980,1876583,257734,5468705,16578,3439955968,1,18959:11
82887811,18959,4391514112,5141106688,2339,1679,1074801,20,4272775168,1980,1876592,257735,5468778,16578,3431440384,1,18959:10
82992342,18959,4400164864,5141106688,2347,1682,1076921,20,4272775168,1980,1876600,257741,5468848,16578,3423649792,1,18959:11
83096858,18959,4408815616,5141106688,2357,1682,1079034,20,4272775168,1980,1876610,257742,5468920,16578,3414876160,1,18959:10
83201453,18959,4409339904,5141106688,2358,1684,1079187,20,4280643584,1981,1876611,257743,5469000,16579,3413950464,1,18959:3
83306241,18959,4409339904,5141106688,2358,1686,1079187,20,4288507904,1981,1876611,257746,5469081,16579,3413831680,1,18959:2
83410968,18959,4409339904,5141106688,2358,1688,1079187,20,4296896512,1981,1876612,257748,5469162,16579,3413999616,1,18959:2
83516376,18959,4409339904,5141106688,2358,1690,1079187,20,4304760832,1981,1876612,257750,5469244,16579,3413872640,1,18959:2
83621851,18959,4409339904,5141106688,2358,1692,1079187,20,4312625152,1981,1876613,257752,5469326,16579,3414003712,1,18959:2
83727275,18959,4409339904,5141106688,2358,1694,1079187,20,4320489472,1981,1876613,257754,5469407,16579,3413876736,1,18959:2
83832258,18959,4409339904,5141106688,2358,1696,1079187,20,4328353792,1981,1876613,257756,5469488,16579,3414007808,1,18959:2
83936892,18959,4409339904,5141106688,2358,1698,1079187,20,4336218112,1981,1876613,257762,5469566,16579,3413831680,1,18959:2
84041459,18959,4409339904,5141106688,2358,1701,1079187,20,4344082432,1981,1876614,257767,5469643,16579,3413962752,1,18959:3
84146134,18959,4409339904,5141106688,2358,1703,1079187,20,4351946752,1981,1876614,257770,5469724,16579,3413835776,1,18959:2
84250864,18959,4409339904,5141106688,2358,1705,1079187,20,4359811072,1981,1876615,257772,5469804,16579,3413966848,1,18959:2
84355772,18959,4409339904,5141106688,2358,1707,1079187,20,4367675392,1981,1876615,257774,5469885,16579,3413790720,1,18959:2
84461020,18959,4409339904,5141106688,2358,1710,1079187,20,4375539712,1981,1876616,257777,5469967,16579,3413954560,1,18959:3
84566204,18959,4416155648,5141106688,2364,1711,1080820,20,4376584192,1983,1876624,257779,5470041,16580,3407024128,1,18959:7
84670848,18959,4424675328,5141106688,2375,1711,1082923,20,4376584192,1983,1876634,257779,5470113,16580,3398250496,1,18959:12
84775537,18959,4433326080,5141106688,2384,1713,1085024,20,4376584192,1983,1876644,257781,5470186,16580,3389734912,1,18959:10
84880170,18959,4442107904,5141106688,2392,1715,1087153,20,4376584192,1983,1876652,257786,5470256,16580,3380752384,1,18959:10
84984874,18959,4450758656,5141106688,2402,1715,1089281,20,4376584192,1983,1876662,257786,5470328,16580,3371978752,1,18959:10
85089385,18959,4459409408,5141106688,2412,1716,1091393,20,4376584192,1983,1876672,257787,5470401,16580,3363475456,1,18959:11
85194405,18959,4468191232,5141106688,2422,1716,1093547,20,4376584192,1983,1876684,257788,5470474,16580,3354882048,1,18959:10
85299061,18959,4477366272,5141106688,2431,1718,1095776,20,4376584192,1983,1876692,257790,5470547,16580,3345592320,1,18959:11
85403727,18959,4486541312,5141106688,2440,1719,1098010,20,4376584192,1983,1876702,257790,5470619,16580,3336560640,1,18959:11
85508304,18959,4495716352,5141106688,2451,1720,1100244,20,4376584192,1983,1876712,257791,5470692,16580,3327270912,1,18959:11
85612857,18959,4504891392,5141106688,2460,1721,1102490,20,4376584192,1983,1876722,257795,5470761,16580,3317981184,1,18959:10
85717410,18959,4513148928,5141106688,2470,1721,1104531,20,4377632768,1984,1876732,257798,5470831,16580,3310239744,1,18959:10
85822324,18959,4513148928,5141106688,2470,1723,1104531,20,4385497088,1984,1876733,257800,5470912,16580,3309867008,1,18959:2
85927114,18959,4513148928,5141106688,2470,1726,1104531,20,4393361408,1984,1876734,257803,5470993,16580,3309998080,1,18959:3
86031741,18959,4513148928,5141106688,2470,1728,1104531,20,4401225728,1984,1876734,257805,5471074,16580,3309871104,1,18959:2
86136362,18959,4513148928,5141106688,2470,1730,1104531,20,4409090048,1984,1876734,257808,5471155,16580,3309883392,1,18959:2
86240908,18959,4513148928,5141106688,2470,1732,1104531,20,4416954368,1984,1876734,257810,5471235,16580,3309875200,1,18959:2
86345496,18959,4513148928,5141106688,2470,1734,1104531,20,4424818688,1984,1876735,257812,5471316,16580,3310006272,1,18959:2
86450295,18959,4513148928,5141106688,2470,1736,1104531,20,4432683008,1984,1876736,257814,5471397,16580,3309879296,1,18959:2
86554877,18959,4513148928,5141106688,2470,1738,1104531,20,4440547328,1984,1876736,257815,5471478,16580,3310010368,1,18959:2
86659504,18959,4513148928,5141106688,2470,1740,1104531,20,4448411648,1984,1876736,257821,5471556,16580,3309682688,1,18959:2
86764170,18959,4513148928,5141106688,2470,1743,1104531,20,4456275968,1984,1876736,257824,5471636,16580,3309813760,1,18959:3
86868683,18959,4513148928,5141106688,2470,1745,1104531,20,4464140288,1984,1876736,257826,5471717,16580,3309686784,1,18959:2
86973309,18959,4513148928,5141106688,2470,1747,1104531,20,4472004608,1984,1876737,257828,5471798,16580,3309817856,1,18959:2
87078299,18959,4513148928,5141106688,2470,1749,1104531,20,4479868928,1984,1876738,257832,5471876,16580,3309690880,1,18959:2
87183311,18959,4521013248,5141106688,2479,1749,1106424,20,4479877120,1986,1876748,257832,5471950,16580,3301752832,1,18959:10
87287863,18959,4529664000,5141106688,2489,1750,1108536,20,4479877120,1986,1876758,257833,5472022,16580,3293179904,1,18959:10
87392378,18959,4538314752,5141106688,2499,1751,1110642,20,4479877120,1986,1876768,257834,5472094,16580,3284664320,1,18959:11
87496863,18959,4546965504,5141106688,2508,1752,1112773,20,4479877120,1986,1876777,257837,5472165,16580,3276259328,1,18959:10
87601434,18959,4555616256,5141106688,2518,1752,1114881,20,4479877120,1986,1876788,257838,5472237,16580,3267067904,1,18959:10
87706069,18959,4564267008,5141106688,2527,1754,1116982,20,4479877120,1986,1876797,257840,5472309,16580,3258552320,1,18959:11
87810545,18959,4572786688,5141106688,2535,1756,1119078,20,4479877120,1986,1876805,257843,5472382,16580,3249520640,1,18959:10
87915115,18959,4581437440,5141106688,2545,1757,1121186,20,4479877120,1986,1876815,257844,5472454,16580,3241005056,1,18959:11
88019646,18959,4590088192,5141106688,2555,1757,1123279,20,4479877120,1986,1876826,257844,5472527,16580,3232489472,1,18959:10
88124178,18959,4598607872,5141106688,2564,1758,1125382,20,4479877120,1986,1876835,257845,5472600,16580,3223715840,1,18959:10
88228646,18959,4607258624,5141106688,2574,1759,1127484,20,4479877120,1986,1876846,257846,5472672,16580,3215200256,1,18959:11
88333156,18959,4615909376,5141106688,2584,1760,1129588,20,4479877120,1986,1876855,257848,5472743,16580,3207524352,1,18959:11
88437808,18959,4616957952,5141106688,2584,1763,1129875,20,4487217152,1987,1876857,257854,5472820,16581,3205980160,1,18959:3
88542485,18959,4616957952,5141106688,2584,1766,1129875,20,4495081472,1987,1876857,257857,5472901,16581,3205607424,1,18959:3
88647120,18959,4616957952,5141106688,2584,1768,1129875,20,4502945792,1987,1876858,257862,5472979,16581,3205738496,1,18959:2
88751740,18959,4616957952,5141106688,2584,1770,1129875,20,4510810112,1987,1876858,257865,5473059,16581,3205611520,1,18959:2
88856365,18959,4616957952,5141106688,2584,1772,1129875,20,4518674432,1987,1876858,257867,5473140,16581,3205742592,1,18959:2
88960908,18959,4616957952,5141106688,2584,1774,1129875,20,4526538752,1987,1876858,257868,5473221,16581,3205615616,1,18959:2
89065409,18959,4616957952,5141106688,2584,1776,1129875,20,4534403072,1987,1876859,257870,5473302,16581,3205746688,1,18959:2
89169993,18959,4616957952,5141106688,2585,1778,1129875,20,4542267392,1987,1876859,257871,5473383,16581,3205619712,1,18959:3
89274660,18959,4616957952,5141106688,2585,1779,1129875,20,4550131712,1987,1876860,257873,5473464,16581,3205771264,1,18959:1
89379243,18959,4616957952,5141106688,2585,1782,1129875,20,4557996032,1987,1876860,257878,5473542,16581,3205582848,1,18959:3
89483858,18959,4616957952,5141106688,2585,1784,1129875,20,4565860352,1987,1876860,257880,5473622,16581,3205713920,1,18959:2
89588471,18959,4616957952,5141106688,2585,1786,1129875,20,4573724672,1987,1876861,257883,5473703,16581,3205586944,1,18959:2
89693031,18959,4616957952,5141106688,2585,1788,1129875,20,4581588992,1987,1876861,257886,5473784,16581,3205718016,1,18959:2
89797514,18959,4623249408,5141106688,2591,1790,1131398,20,4583170048,1989,1876868,257887,5473859,16581,3198996480,1,18959:8
89902069,18959,4632424448,5141106688,2601,1790,1133622,20,4583170048,1989,1876878,257888,5473932,16581,3189964800,1,18959:10
90006675,18959,4641468416,5141106688,2611,1791,1135851,20,4583170048,1989,1876889,257888,5474004,16581,3180933120,1,18959:11
90111228,18959,4650643456,5141106688,2621,1791,1138081,20,4583170048,1989,1876900,257889,5474076,16581,3171692544,1,18959:11
90215611,18959,4659556352,5141106688,2631,1791,1140264,20,4583170048,1989,1876912,257893,5474144,16581,3163385856,1,18959:10
90320228,18959,4668338176,5141106688,2641,1792,1142386,20,4583170048,1989,1876922,257894,5474216,16581,3154612224,1,18959:10
90424673,18959,4677120000,5141106688,2650,1793,1144529,20,4583170048,1989,1876931,257895,5474289,16581,3145838592,1,18959:10
90529120,18959,4685901824,5141106688,2661,1793,1146690,20,4583170048,1989,1876942,257895,5474361,16581,3137064960,1,18959:11
90633686,18959,4695076864,5141106688,2670,1794,1148917,20,4583170048,1989,1876951,257897,5474434,16581,3127775232,1,18959:10
90738313,18959,4704120832,5141106688,2680,1795,1151149,20,4583170048,1989,1876962,257898,5474507,16581,3118485504,1,18959:11
90842916,18959,4713295872,5141106688,2690,1796,1153380,20,4583170048,1989,1876972,257898,5474579,16581,3109195776,1,18959:11
90947477,18959,4720766976,5141106688,2697,1798,1155219,20,4584742912,1990,1876979,257902,5474650,16582,3101839360,1,18959:9
91052207,18959,4720766976,5141106688,2697,1799,1155219,20,4593131520,1990,1876980,257903,5474731,16582,3101945856,1,18959:1
91157502,18959,4720766976,5141106688,2697,1801,1155219,20,4600995840,1990,1876980,257906,5474812,16582,3101581312,1,18959:2
91262282,18959,4720766976,5141106688,2697,1803,1155219,20,4608860160,1990,1876981,257908,5474894,16582,3101712384,1,18959:2
91366968,18959,4720766976,5141106688,2697,1805,1155219,20,4616724480,1990,1876981,257909,5474975,16582,3101585408,1,18959:2
91471644,18959,4720766976,5141106688,2697,1807,1155219,20,4624588800,1990,1876981,257911,5475056,16582,3101458432,1,18959:2
91576246,18959,4720766976,5141106688,2697,1808,1155219,20,4632453120,1990,1876981,257915,5475135,16582,3101982720,1,18959:1
91680765,18959,4720766976,5141106688,2698,1811,1155219,20,4640317440,1990,1876983,257918,5475213,16582,3102081024,1,18959:4
91785305,18959,4720766976,5141106688,2698,1812,1155219,20,4648181760,1990,1876984,257920,5475294,16582,3101954048,1,18959:1
91889913,18959,4720766976,5141106688,2698,1814,1155219,20,4656046080,1990,1876984,257922,5475375,16582,3102085120,1,18959:2
91994729,18959,4720766976,5141106688,2698,1816,1155219,20,4663910400,1990,1876984,257925,5475456,16582,3101933568,1,18959:2
92099911,18959,4720766976,5141106688,2698,1818,1155219,20,4672299008,1990,1876985,257927,5475538,16582,3102126080,1,18959:2
92205196,18959,4720766976,5141106688,2698,1820,1155219,20,4680163328,1990,1876985,257928,5475620,16582,3101999104,1,18959:2
92310036,18959,4721422336,5141106688,2698,1822,1155347,20,4686471168,1992,1876987,257933,5475697,16583,3101667328,1,18959:2
92414719,18959,4730466304,5141106688,2707,1823,1157565,20,4686471168,1992,1876997,257934,5475769,16583,3092377600,1,18959:10
92519377,18959,4739510272,5141106688,2717,1824,1159775,20,4686471168,1992,1877007,257934,5475842,16583,3083345920,1,18959:11
92623927,18959,4748554240,5141106688,2726,1825,1161992,20,4686471168,1992,1877016,257936,5475915,16583,3074314240,1,18959:10
92728457,18959,4757729280,5141106688,2736,1826,1164210,20,4686471168,1992,1877027,257936,5475987,16583,3065024512,1,18959:11
92833008,18959,4766773248,5141106688,2745,1827,1166419,20,4686471168,1992,1877036,257940,5476058,16583,3056312320,1,18959:10
92937528,18959,4775817216,5141106688,2754,1828,1168638,20,4686471168,1992,1877046,257941,5476131,16583,3047022592,1,18959:10
93042127,18959,4784861184,5141106688,2764,1829,1170849,20,4686471168,1992,1877056,257941,5476203,16583,3037732864,1,18959:11
93146583,18959,4793905152,5141106688,2773,1830,1173069,20,4686471168,1992,1877066,257943,5476276,16583,3028443136,1,18959:10
93251109,18959,4803080192,5141106688,2783,1831,1175303,20,4686471168,1992,1877077,257947,5476344,16583,3019325440,1,18959:11
93355713,18959,4812124160,5141106688,2792,1832,1177514,20,4686471168,1992,1877086,257949,5476416,16583,3010035712,1,18959:10
93460296,18959,4821299200,5141106688,2802,1833,1179729,20,4686471168,1992,1877095,257950,5476489,16583,3001004032,1,18959:11
93564824,18959,4824576000,5141106688,2805,1835,1180563,20,4692242432,1993,1877098,257952,5476566,16583,2997473280,1,18959:5
93670258,18959,4824576000,5141106688,2805,1837,1180563,20,4700106752,1993,1877099,257954,5476647,16583,2997604352,1,18959:2
93774945,18959,4824576000,5141106688,2805,1839,1180563,20,4707971072,1993,1877100,257957,5476727,16583,2997862400,1,18959:2
93879617,18959,4824576000,5141106688,2805,1841,1180563,20,4715835392,1993,1877100,257960,5476808,16583,2998030336,1,18959:2
93984868,18959,4824576000,5141106688,2805,1843,1180563,20,4724224000,1993,1877100,257962,5476889,16583,2997903360,1,18959:2
94090224,18959,4824576000,5141106688,2805,1845,1180563,20,4732088320,1993,1877101,257964,5476971,16583,2998034432,1,18959:2
94195005,18959,4824576000,5141106688,2805,1847,1180563,20,4739952640,1993,1877101,257966,5477052,16583,2997907456,1,18959:2
94299665,18959,4824576000,5141106688,2805,1849,1180563,20,4747816960,1993,1877101,257968,5477133,16583,2997989376,1,18959:2
94405025,18959,4824576000,5141106688,2805,1851,1180563,20,4756205568,1993,1877102,257972,5477212,16583,2997334016,1,18959:2
94510349,18959,4824576000,5141106688,2805,1854,1180563,20,4764069888,1993,1877102,257974,5477293,16583,2997465088,1,18959:3
94615594,18959,4824576000,5141106688,2805,1856,1180563,20,4771934208,1993,1877103,257977,5477374,16583,2997346304,1,18959:2
94720173,18959,4824576000,5141106688,2806,1858,1180563,20,4779798528,1993,1877104,257981,5477451,16583,2997641216,1,18959:3
94824899,18959,4824576000,5141106688,2806,1861,1180563,20,4787662848,1993,1877104,257984,5477532,16583,2997514240,1,18959:3
94929672,18959,4829425664,5141106688,2811,1863,1181718,20,4790804480,1995,1877109,257988,5477606,16583,2993033216,1,18959:7
95034196,18959,4837945344,5141106688,2820,1864,1183809,20,4790804480,1995,1877118,257990,5477678,16583,2984562688,1,18959:10
95138786,18959,4846596096,5141106688,2828,1866,1185905,20,4790804480,1995,1877128,257992,5477751,16583,2975789056,1,18959:10
95243432,18959,4855115776,5141106688,2837,1868,1188006,20,4790804480,1995,1877137,257993,5477823,16583,2967273472,1,18959:11
95348020,18959,4863766528,5141106688,2846,1869,1190102,20,4790804480,1995,1877146,257995,5477896,16583,2958757888,1,18959:11
95452510,18959,4872286208,5141106688,2855,1871,1192195,20,4790804480,1995,1877155,257998,5477966,16583,2950377472,1,18959:10
95557035,18959,4880936960,5141106688,2865,1871,1194299,20,4790804480,1995,1877165,257999,5478039,16583,2941861888,1,18959:10
95661460,18959,4889587712,5141106688,2875,1872,1196400,20,4790804480,1995,1877176,258000,5478112,16583,2933346304,1,18959:11
95765798,18959,4898107392,5141106688,2884,1873,1198496,20,4790804480,1995,1877185,258001,5478184,16583,2924572672,1,18959:10
95870279,18959,4906758144,5141106688,2894,1873,1200601,20,4790804480,1995,1877196,258001,5478257,16583,2916057088,1,18959:10
95974803,18959,4915408896,5141106688,2904,1874,1202712,20,4790804480,1995,1877207,258003,5478328,16583,2906656768,1,18959:11
96079372,18959,4923928576,5141106688,2914,1874,1204811,20,4790804480,1995,1877217,258004,5478400,16583,2898141184,1,18959:10
96184007,18959,4928385024,5141106688,2919,1876,1205907,20,4795002880,1996,1877221,258006,5478476,16584,2893742080,1,18959:7
96289310,18959,4928385024,5141106688,2919,1878,1205907,20,4802867200,1996,1877223,258010,5478554,16584,2893393920,1,18959:2
96394414,18959,4928385024,5141106688,2919,1880,1205907,20,4811255808,1996,1877224,258013,5478635,16584,2893586432,1,18959:2
96499558,18959,4928385024,5141106688,2919,1882,1205907,20,4819120128,1996,1877224,258017,5478715,16584,2894024704,1,18959:2
96604858,18959,4928385024,5141106688,2919,1885,1205907,20,4826984448,1996,1877224,258020,5478796,16584,2894155776,1,18959:3
96710201,18959,4928385024,5141106688,2919,1887,1205907,20,4834848768,1996,1877225,258022,5478877,16584,2894028800,1,18959:2
96815383,18959,4928385024,5141106688,2919,1889,1205907,20,4842713088,1996,1877225,258024,5478958,16584,2894159872,1,18959:2
96920812,18959,4928385024,5141106688,2919,1891,1205907,20,4850577408,1996,1877226,258026,5479039,16584,2894032896,1,18959:2
97026009,18959,4928385024,5141106688,2919,1894,1205907,20,4858441728,1996,1877226,258027,5479121,16584,2894163968,1,18959:3
97130873,18959,4928385024,5141106688,2919,1896,1205907,20,4866306048,1996,1877227,258031,5479200,16584,2894393344,1,18959:2
97235885,18959,4928385024,5141106688,2919,1898,1205907,20,4874170368,1996,1877227,258034,5479280,16584,2894417920,1,18959:2
97340666,18959,4928385024,5141106688,2919,1900,1205907,20,4882034688,1996,1877228,258036,5479361,16584,2894299136,1,18959:2
97445243,18959,4928385024,5141106688,2919,1902,1205907,20,4889899008,1996,1877228,258039,5479442,16584,2894434304,1,18959:2
97549929,18959,4930875392,5141106688,2922,1904,1206522,20,4894613504,1998,1877232,258040,5479520,16585,2891620352,1,18959:5
97655218,18959,4939526144,5141106688,2932,1904,1208641,20,4894613504,1998,1877242,258042,5479591,16585,2882998272,1,18959:10
97760410,18959,4948307968,5141106688,2942,1905,1210774,20,4894613504,1998,1877252,258045,5479663,16585,2873966592,1,18959:11
97865173,18959,4956958720,5141106688,2951,1906,1212882,20,4894613504,1998,1877262,258046,5479734,16585,2865451008,1,18959:10
97970368,18959,4965609472,5141106688,2961,1907,1214990,20,4894613504,1998,1877273,258047,5479807,16585,2856677376,1,18959:11
98075554,18959,4974260224,5141106688,2971,1908,1217114,20,4894613504,1998,1877283,258048,5479880,16585,2848161792,1,18959:11
98180833,18959,4982910976,5141106688,2979,1911,1219233,20,4894613504,1998,1877291,258053,5479951,16585,2839605248,1,18959:11
98285961,18959,4991561728,5141106688,2987,1912,1221349,20,4894613504,1998,1877301,258054,5480024,16585,2830831616,1,18959:9
98391518,18959,5000343552,5141106688,2998,1912,1223480,20,4894613504,1998,1877312,258055,5480097,16585,2822057984,1,18959:11
98496825,18959,5008994304,5141106688,3008,1913,1225599,20,4894613504,1998,1877322,258056,5480170,16585,2813284352,1,18959:11
98601880,18959,5017645056,5141106688,3016,1915,1227716,20,4894613504,1998,1877331,258060,5480241,16585,2804936704,1,18959:10
98707053,18959,5026295808,5141106688,3026,1916,1229829,20,4894613504,1998,1877341,258060,5480314,16585,2796163072,1,18959:11
98812283,18959,5032194048,5141106688,3032,1917,1231251,20,4898283520,1999,1877347,258062,5480390,16585,2790522880,1,18959:7
98917883,18959,5032194048,5141106688,3033,1919,1231251,20,4906147840,1999,1877348,258064,5480471,16585,2790408192,1,18959:3
99023351,18959,5032194048,5141106688,3033,1921,1231251,20,4913487872,1999,1877348,258065,5480553,16585,2790281216,1,18959:2
99129009,18959,5032194048,5141106688,3033,1922,1231251,20,4921876480,1999,1877349,258068,5480633,16585,2790215680,1,18959:1
99234564,18959,5032194048,5141106688,3033,1925,1231251,20,4929740800,1999,1877350,258072,5480715,16585,2790154240,1,18959:3
99340320,18959,5032194048,5141106688,3033,1927,1231251,20,4937605120,1999,1877350,258076,5480793,16585,2790653952,1,18959:2
99445982,18959,5032194048,5141106688,3033,1929,1231251,20,4945469440,1999,1877351,258077,5480874,16585,2790592512,1,18959:3
99551333,18959,5032194048,5141106688,3034,1931,1231251,20,4953333760,1999,1877352,258078,5480955,16585,2790789120,1,18959:2
99656022,18959,5032194048,5141106688,3034,1932,1231251,20,4961198080,1999,1877352,258082,5481034,16585,2789892096,1,18959:1
99760606,18959,5032194048,5141106688,3034,1936,1231251,20,4969062400,1999,1877352,258086,5481114,16585,2790088704,1,18959:4
99865227,18959,5032194048,5141106688,3034,1938,1231251,20,4976926720,1999,1877352,258089,5481194,16585,2790027264,1,18959:2
99969906,18959,5032194048,5141106688,3034,1941,1231251,20,4984791040,1999,1877353,258091,5481275,16585,2789990400,1,18959:3
100074631,18959,5032194048,5141106688,3035,1943,1231251,20,4992655360,1999,1877353,258093,5481356,16585,2789928960,1,18959:3
100179550,18959,5034160128,5141106688,3036,1944,1231722,20,4997906432,2001,1877356,258097,5481434,16585,2788339712,1,18959:3
100284834,18959,5042810880,5141106688,3046,1945,1233840,20,4997906432,2001,1877366,258098,5481506,16585,2779566080,1,18959:10
100389998,18959,5051330560,5141106688,3056,1946,1235934,20,4997906432,2001,1877376,258099,5481580,16585,2770792448,1,18959:11
100495227,18959,5059981312,5141106688,3065,1947,1238040,20,4997906432,2001,1877386,258100,5481653,16585,2762276864,1,18959:10
100600443,18959,5068632064,5141106688,3075,1948,1240140,20,4997906432,2001,1877396,258100,5481726,16585,2753761280,1,18959:11
100705642,18959,5077151744,5141106688,3085,1949,1242245,20,4997906432,2001,1877406,258103,5481797,16585,2745098240,1,18959:11
100810910,18959,5085802496,5141106688,3095,1949,1244351,20,4997906432,2001,1877417,258104,5481869,16585,2736324608,1,18959:10
100915761,18959,5094584320,5141106688,3104,1950,1246469,20,4997906432,2001,1877426,258108,5481940,16585,2727550976,1,18959:10
101020904,18959,5103104000,5141106688,3113,1952,1248568,20,4997906432,2001,1877435,258110,5482013,16585,2719035392,1,18959:11
101126126,18959,5111754752,5141106688,3122,1954,1250665,20,4997906432,2001,1877445,258113,5482084,16585,2710560768,1,18959:11
101231271,18959,5120274432,5141106688,3130,1956,1252764,20,4997906432,2001,1877454,258115,5482157,16585,2701787136,1,18959:11
101336486,18959,5128925184,5141106688,3140,1956,1254862,20,4997906432,2001,1877464,258116,5482230,16585,2693271552,1,18959:9
101441652,18959,5058924544,5141106688,3148,1959,1256595,20,4997906432,2001,1877472,258119,5482303,16585,2748895232,1,18959:11
101548861,18959,5098508288,5104795648,3152,1966,1273532,20,4997906432,2001,1877477,258125,5482377,16585,2722873344,1,18959:11
101655157,18959,5100212224,5200228352,3162,1966,1274103,20,4997906432,2001,1877488,258126,5482451,16585,2722099200,1,18959:11
101764873,18959,5103095808,5262188544,3228,1971,1275716,37,4997976064,2001,1877572,258132,5482470,16586,2719055872,8,18959:72;18969:0;18970:0;18971:0;18972:0;18973:0;18974:0;18975:0
101905003,18959,5103095808,5262188544,3329,1972,1275716,37,4997976064,2001,1877662,258132,5482478,16586,2719055872,8,18959:101;18969:102;18970:99;18971:99;18972:95;18973:96;18974:91;18975:93
102028876,18959,5103095808,5262188544,3419,1972,1275716,37,4997976064,2001,1877755,258132,5482482,16586,2719055872,8,18959:91;18969:90;18970:93;18971:93;18972:95;18973:94;18974:97;18975:96
102156886,18959,5103095808,5262188544,3513,1973,1275716,37,4997976064,2001,1877851,258135,5482491,16586,2719166464,8,18959:94;18969:94;18970:93;18971:93;18972:94;18973:96;18974:97;18975:97
102289516,18959,5103095808,5262188544,3608,1974,1275716,37,4997976064,2001,1877940,258136,5482496,16586,2719166464,8,18959:96;18969:96;18970:97;18971:97;18972:96;18973:97;18974:93;18975:93
102415293,18959,5103095808,5262188544,3673,1977,1275716,37,4997976064,2001,1877998,258139,5482520,16586,2719166464,8,18959:68;18969:68;18970:67;18971:67;18972:66;18973:64;18974:64;18975:64
102532887,18959,5103095808,5262188544,3746,1981,1275802,37,4997976064,2001,1878075,258140,5482540,16586,2718912512,8,18959:77;18969:77;18970:78;18971:78;18972:79;18973:81;18974:82;18975:83
102660313,18959,5104144384,5262188544,3836,1984,1277258,37,4997976064,2001,1878177,258144,5482541,16586,2718138368,8,18959:92;18969:92;18970:98;18971:98;18972:96;18973:99;18974:98;18975:96
102791855,18959,5104537600,5262188544,3928,1984,1278099,37,4997976064,2001,1878262,258144,5482556,16586,2718138368,8,18959:95;18969:95;18970:86;18971:86;18972:92;18973:86;18974:86;18975:90
102921312,18959,5104537600,5262188544,4024,1984,1278099,37,4997976064,2001,1878352,258145,5482564,16586,2718138368,8,18959:94;18969:94;18970:97;18971:98;18972:92;18973:92;18974:95;18975:91
103046280,18959,5104537600,5262188544,4115,1984,1278099,37,4997976064,2001,1878444,258145,5482570,16586,2718138368,8,18959:92;18969:92;18970:89;18971:88;18972:88;18973:93;18974:93;18975:93
103169013,18959,5104537600,5262188544,4193,1986,1278099,37,4997976064,2001,1878520,258147,5482588,16586,2718138368,8,18959:79;18969:79;18970:83;18971:83;18972:83;18973:78;18974:78;18975:78
103294302,18959,5104537600,5262188544,4283,1987,1278099,37,4997976064,2001,1878610,258148,5482595,16586,2718138368,8,18959:91;18969:91;18970:87;18971:87;18972:87;18973:87;18974:91;18975:91
103420889,18959,5104537600,5262188544,4375,1988,1278099,37,4997976064,2001,1878696,258149,5482599,16586,2718138368,8,18959:92;18969:92;18970:92;18971:93;18972:94;18973:94;18974:88;18975:88
103536887,18959,5104537600,5262188544,4454,1989,1278099,37,4997976064,2001,1878785,258149,5482611,16586,2718138368,8,18959:80;18969:83;18970:83;18971:88;18972:87;18973:87;18974:86;18975:88
103669012,18959,5104537600,5262188544,4553,1989,1278099,37,4997976064,2001,1878882,258149,5482619,16586,2718138368,8,18959:101;18969:100;18970:101;18971:95;18972:95;18973:98;18974:99;18975:97
103796889,18959,5104537600,5262188544,4646,1989,1278099,37,4997976064,2001,1878972,258150,5482626,16586,2718138368,8,18959:92;18969:90;18970:89;18971:92;18972:92;18973:89;18974:88;18975:92
103921800,18959,5062569984,5169741824,4727,1990,1278100,37,4997976064,2001,1879046,258154,5482641,16586,2757251072,8,18959:81;18969:81;18970:81;18971:78;18972:79;18973:79;18974:79;18975:75
104037852,18959,4777078784,5098958848,4727,2001,1278101,37,4997976064,2001,1879047,258166,5482720,16586,3062779904,8,18959:11;18969:12;18970:12;18971:12;18972:11;18973:11;18974:11;18975:12
104152485,18959,4475387904,5098958848,4727,2013,1278101,37,4997976064,2001,1879049,258177,5482800,16586,3382562816,8,18959:12;18969:11;18970:11;18971:11;18972:11;18973:12;18974:12;18975:11
104270179,18959,4147933184,5098958848,4727,2025,1278101,37,4997976064,2001,1879051,258196,5482882,16587,3730997248,8,18959:12;18969:12;18970:12;18971:13;18972:13;18973:12;18974:13;18975:13
104400880,18959,3783028736,5098958848,4727,2038,1278101,37,4997976064,2001,1879052,258221,5482952,16587,4063363072,8,18959:13;18969:13;18970:13;18971:13;18972:13;18973:13;18974:12;18975:12
104521106,18959,3422318592,5098958848,4727,2050,1278101,37,4997976064,2001,1879053,258246,5483022,16587,4421357568,8,18959:12;18969:12;18970:12;18971:12;18972:12;18973:12;18974:12;18975:12
104641432,18959,3082579968,5098958848,4727,2062,1278101,37,4997976064,2001,1879055,258270,5483092,16587,4767186944,8,18959:12;18969:12;18970:12;18971:12;18972:12;18973:12;18974:12;18975:12
104760889,18959,2766651392,5098958848,4727,2074,1278101,37,4997976064,2001,1879056,258294,5483163,16587,5089566720,8,18959:12;18969:12;18970:12;18971:12;18972:12;18973:12;18974:12;18975:12
104882659,18959,2471292928,2822356992,4727,2086,1278101,37,4997976064,2001,1879058,258318,5483232,16587,5378441216,8,18959:12;18969:12;18970:12;18971:12;18972:12;18973:12;18974:12;18975:12
105001495,18959,2171400192,2822356992,4727,2098,1278101,37,4997976064,2001,1879060,258343,5483301,16587,5658083328,8,18959:12;18969:12;18970:12;18971:12;18972:12;18973:12;18974:12;18975:12
105120486,18959,1881001984,2822356992,4727,2110,1278101,37,4997976064,2001,1879061,258368,5483371,16587,5942665216,8,18959:12;18969:12;18970:12;18971:12;18972:12;18973:12;18974:12;18975:12
105240522,18959,1602940928,2822356992,4727,2122,1278101,37,4997976064,2001,1879063,258392,5483442,16587,6235643904,8,18959:12;18969:12;18970:12;18971:12;18972:12;18973:12;18974:12;18975:12
105363681,18959,1315762176,2822356992,4727,2134,1278101,37,4997976064,2001,1879065,258417,5483513,16587,6536253440,8,18959:12;18969:13;18970:13;18971:12;18972:12;18973:12;18974:12;18975:13
105486307,18959,992800768,2822356992,4727,2146,1278101,37,4997976064,2001,1879067,258446,5483580,16587,6860754944,8,18959:13;18969:12;18970:12;18971:12;18972:12;18973:12;18974:13;18975:12
105609111,18959,689311744,2822356992,4727,2159,1278101,37,4997976064,2001,1879069,258470,5483650,16587,7175204864,8,18959:12;18969:12;18970:12;18971:12;18972:12;18973:12;18974:12;18975:12
105729078,18959,371359744,2822356992,4727,2171,1278101,37,4997976064,2001,1879070,258490,5483722,16587,7471284224,8,18959:12;18969:12;18970:12;18971:12;18972:12;18973:12;18974:11;18975:11
105844306,18959,53575680,2822356992,4727,2182,1278101,37,4997976064,2001,1879071,258502,5483801,16587,7774728192,8,18959:11;18969:11;18970:12;18971:12;18972:12;18973:12;18974:12;18975:12
105960612,18959,41369600,108818432,4735,2186,1278113,37,4997976064,2001,1879084,258503,5483880,16587,7786577920,8,18959:12;18969:12;18970:12;18971:12;18972:12;18973:12;18974:12;18975:12
106075908,18959,37269504,104718336,4746,2186,1278119,37,4997976064,2001,1879097,258503,5483961,16587,7790080000,8,18959:12;18969:12;18970:11;18971:11;18972:12;18973:12;18974:12;18975:12
