elapsed_us,pid,rss_bytes,vsize_bytes,process_utime_ticks,process_stime_ticks,minor_faults,major_faults,read_bytes,syscr,system_user_ticks,system_ticks,system_idle_ticks,system_iowait_ticks,available_bytes,thread_count,thread_delta_ticks
5937,19243,262144,4198400,0,0,18,1,393216,8,1884481,262202,5552696,16739,7824736256,1,19243:0
110731,19243,9568256,14934016,7,1,1217,19,2969600,402,1884489,262204,5552769,16740,7819931648,1,19243:8
216218,19243,13971456,19513344,17,2,3110,19,5197824,970,1884499,262205,5552841,16740,7815815168,1,19243:11
321812,19243,17379328,22704128,27,2,3892,20,5353472,995,1884510,262206,5552914,16740,7812694016,1,19243:10
426681,19243,18690048,24801280,37,3,4222,20,5353472,995,1884520,262206,5552987,16740,7811145728,1,19243:11
531763,19243,18952192,24801280,47,3,4241,20,5353472,995,1884530,262206,5553060,16740,7811145728,1,19243:11
637311,19243,19345408,24801280,58,3,4339,20,5353472,995,1884542,262206,5553134,16740,7810629632,1,19243:10
743294,19243,22753280,27774976,68,3,5147,20,5353472,995,1884552,262209,5553204,16740,7807021056,1,19243:10
848710,19243,29175808,34549760,78,3,6572,20,5353472,995,1884563,262210,5553278,16740,7800311808,1,19243:10
954923,19243,33370112,38494208,88,4,7751,20,5353472,995,1884573,262211,5553352,16740,7796670464,1,19243:11
1061295,19243,37695488,42758144,98,4,8792,20,5353472,995,1884584,262211,5553425,16740,7792541696,1,19243:10
1167918,19243,38612992,43298816,109,4,8953,20,5353472,995,1884595,262211,5553498,16740,7791767552,1,19243:11
1272870,19243,38612992,43298816,120,4,8953,20,5353472,995,1884606,262211,5553571,16740,7791767552,1,19243:11
1377890,19243,38612992,43298816,130,4,8953,20,5353472,995,1884617,262211,5553645,16740,7791767552,1,19243:10
1484454,19243,38612992,43298816,141,4,8953,20,5353472,995,1884628,262211,5553718,16740,7791767552,1,19243:11
1589753,19243,41889792,46702592,151,5,9639,20,5353472,995,1884639,262212,5553791,16740,7788670976,1,19243:11
1695611,19243,42020864,46702592,161,5,9766,20,5353472,995,1884650,262212,5553864,16740,7788412928,1,19243:11
1800617,19243,42020864,46702592,172,5,9776,20,5353472,995,1884661,262212,5553937,16740,7788412928,1,19243:10
1905540,19243,47263744,5037293568,175,8,10989,20,11124736,996,1884664,262215,5554013,16741,7782871040,1,19243:6
2011283,19243,55128064,5037293568,175,12,12909,20,19513344,996,1884664,262220,5554093,16741,7774998528,1,19243:4
2117421,19243,63516672,5037293568,175,17,14870,20,27377664,996,1884665,262225,5554173,16741,7767404544,1,19243:5
2223208,19243,71380992,5037293568,175,21,16877,20,35241984,996,1884665,262230,5554251,16741,7759527936,1,19243:4
2328396,19243,79245312,5037293568,175,26,18797,20,43106304,996,1884666,262236,5554327,16741,7751135232,1,19243:5
2434081,19243,87109632,5037293568,175,30,20717,20,51494912,996,1884667,262241,5554407,16741,7743262720,1,19243:4
2540331,19243,95498240,5037293568,175,34,22765,20,59359232,996,1884667,262245,5554487,16741,7735386112,1,19243:4
2645826,19243,103362560,5037293568,175,38,24685,20,67223552,996,1884668,262249,5554566,16741,7727509504,1,19243:4
2750895,19243,111226880,5037293568,176,41,26605,20,74694656,996,1884668,262252,5554645,16741,7719460864,1,19243:4
2856304,19243,118566912,5037293568,177,44,28347,20,83103744,1000,1884668,262255,5554726,16741,7711899648,1,19243:4
2962347,19243,126693376,5037293568,177,48,30364,20,90968064,1000,1884668,262260,5554805,16741,7704023040,1,19243:4
3067784,19243,134426624,5037293568,177,52,32187,20,98832384,1000,1884669,262264,5554885,16741,7696146432,1,19243:4
3173970,19243,142422016,5037293568,177,56,34235,20,106696704,1000,1884670,262267,5554964,16741,7688269824,1,19243:4
3278742,19243,150286336,5037293568,177,60,36155,20,114561024,1000,1884670,262271,5555043,16741,7680393216,1,19243:4
3384240,19243,158150656,5037293568,178,63,38075,20,122949632,1000,1884670,262274,5555123,16741,7672004608,1,19243:4
3490459,19243,166014976,5037293568,178,67,39995,20,130813952,1000,1884671,262280,5555204,16741,7664128000,1,19243:4
3596679,19243,174403584,5037293568,178,71,42043,20,138678272,1000,1884671,262284,5555283,16741,7656251392,1,19243:4
3701562,19243,182267904,5037293568,178,75,43963,20,146542592,1000,1884671,262287,5555362,16741,7648374784,1,19243:4
3806663,19243,190132224,5037293568,178,79,45883,20,154406912,1000,1884673,262293,5555439,16741,7639982080,1,19243:4
3912318,19243,198520832,5037293568,178,83,47806,20,162795520,1000,1884674,262297,5555519,16741,7631593472,1,19243:4
4018457,19243,206385152,5037293568,178,87,49851,20,170659840,1000,1884674,262301,5555599,16741,7623716864,1,19243:4
4123599,19243,214249472,5037293568,178,91,51771,20,178524160,1000,1884674,262305,5555678,16741,7615840256,1,19243:4
4228322,19243,222113792,5037293568,178,95,53691,20,186388480,1000,1884675,262309,5555757,16741,7607963648,1,19243:4
4333466,19243,229978112,5037293568,178,99,55611,20,194777088,1000,1884676,262313,5555837,16741,7599575040,1,19243:4
4439548,19243,237842432,5037293568,178,103,57531,20,202641408,1000,1884676,262317,5555916,16741,7591956480,1,19243:4
4545853,19243,246231040,5037293568,178,107,59520,20,210505728,1000,1884677,262321,5555996,16741,7584079872,1,19243:5
4651418,19243,254095360,5037293568,178,112,61499,20,218370048,1000,1884677,262325,5556076,16741,7576203264,1,19243:4
4756488,19243,260648960,5037293568,178,114,63076,20,225865728,1019,1884678,262327,5556154,16743,7569268736,1,19243:2
4862791,19243,268251136,5037293568,178,118,64960,20,232947712,1032,1884678,262331,5556232,16744,7561658368,1,19243:4
4969016,19243,274935808,5037293568,179,121,66578,20,240594944,1045,1884679,262334,5556311,16746,7555375104,1,19243:4
5074038,19243,282800128,5037293568,179,124,68498,20,248459264,1045,1884680,262336,5556390,16746,7547498496,1,19243:3
5179100,19243,290009088,5037293568,179,127,70289,20,256323584,1045,1884680,262340,5556469,16747,7539806208,1,19243:3
5284519,19243,298397696,5037293568,179,131,72266,20,264187904,1045,1884680,262344,5556548,16747,7532027904,1,19243:4
5389823,19243,305737728,5037293568,180,134,74130,20,271527936,1045,1884683,262348,5556625,16747,7524225024,1,19243:4
5495885,19243,313864192,5037293568,180,138,76061,20,279781376,1047,1884683,262351,5556706,16747,7516360704,1,19243:4
5601840,19243,321204224,5037293568,180,141,77937,20,287645696,1047,1884684,262354,5556786,16747,7508484096,1,19243:4
5707961,19243,329592832,5037293568,180,145,79985,20,295510016,1047,1884684,262357,5556865,16747,7500607488,1,19243:3
5812878,19243,337457152,5037293568,180,149,81905,20,303374336,1047,1884685,262361,5556945,16747,7492730880,1,19243:4
5918088,19243,344928256,5037293568,181,151,83714,20,310239232,1060,1884686,262364,5557023,16749,7485444096,1,19243:3
6022910,19243,350957568,5037293568,182,154,85197,20,317763584,1076,1884686,262366,5557100,16751,7479480320,1,19243:4
6128033,19243,358821888,5037293568,182,157,87117,20,325627904,1076,1884686,262371,5557180,16751,7471603712,1,19243:3
6233082,19243,366686208,5037293568,182,161,89037,20,333492224,1076,1884686,262375,5557259,16751,7463727104,1,19243:4
6337880,19243,374550528,5037293568,182,165,90957,20,341356544,1076,1884687,262378,5557339,16751,7456108544,1,19243:4
6443015,19243,382414848,5037293568,182,168,92877,20,349220864,1076,1884687,262382,5557419,16751,7448231936,1,19243:3
6548085,19243,390148096,5037293568,182,172,94764,20,356950016,1078,1884687,262387,5557498,16751,7439638528,1,19243:4
6654238,19243,398012416,5037293568,182,176,96684,20,365338624,1078,1884688,262390,5557579,16751,7431884800,1,19243:4
6760471,19243,406401024,5037293568,182,179,98652,20,373202944,1078,1884688,262393,5557659,16751,7424016384,1,19243:4
6866438,19243,414265344,5037293568,182,183,100652,20,381067264,1078,1884690,262400,5557736,16751,7416147968,1,19243:3
6971677,19243,421867520,5037293568,182,187,102438,20,388624384,1084,1884690,262404,5557815,16753,7408209920,1,19243:4
7077896,19243,427896832,5037293568,182,190,103967,20,395669504,1110,1884690,262408,5557892,16756,7401807872,1,19243:3
7184053,19243,436154368,5037293568,182,193,105883,20,403533824,1110,1884690,262412,5557973,16756,7393939456,1,19243:4
7289982,19243,444149760,5037293568,182,197,107931,20,411398144,1110,1884691,262416,5558053,16756,7386079232,1,19243:3
7395351,19243,452014080,5037293568,182,201,109851,20,419262464,1110,1884691,262420,5558132,16756,7378210816,1,19243:4
7500298,19243,459878400,5037293568,182,205,111771,20,427126784,1110,1884691,262423,5558211,16756,7369777152,1,19243:4
7606258,19243,468135936,5037293568,182,208,113773,20,435380224,1112,1884692,262427,5558292,16756,7362109440,1,19243:3
7711751,19243,476000256,5037293568,182,212,115706,20,443244544,1112,1884692,262431,5558371,16756,7354241024,1,19243:4
7816621,19243,483864576,5037293568,182,216,117626,20,451108864,1112,1884692,262434,5558451,16756,7345860608,1,19243:4
7922609,19243,492253184,5037293568,182,220,119572,20,459497472,1112,1884693,262438,5558531,16756,7337992192,1,19243:4
8028471,19243,499986432,5037293568,182,223,121507,20,467234816,1115,1884694,262442,5558610,16757,7330000896,1,19243:3
8134264,19243,506277888,5037293568,182,227,123119,20,473571328,1144,1884694,262447,5558688,16760,7323721728,1,19243:4
8239666,19243,513617920,5037293568,182,230,124904,20,481435648,1144,1884695,262453,5558757,16770,7316402176,1,19243:3
8344871,19243,520433664,5037293568,182,232,126544,20,488251392,1144,1884695,262458,5558821,16784,7310970880,1,19243:2
8450227,19243,527380480,5037293568,182,235,128232,20,495591424,1144,1884698,262466,5558881,16800,7303163904,1,19243:3
8556157,19243,534196224,5037293568,182,237,129896,20,502407168,1144,1884699,262467,5558930,16828,7296552960,1,19243:2
8662397,19243,541536256,5037293568,182,239,131583,20,509222912,1144,1884700,262468,5558986,16852,7289937920,1,19243:3
8768273,19243,548614144,5037293568,182,243,133447,20,516952064,1146,1884700,262473,5559052,16864,7282761728,1,19243:3
8873976,19243,555429888,5037293568,182,245,135112,20,523243520,1146,1884702,262478,5559117,16877,7276064768,1,19243:2
8979089,19243,563163136,5037293568,182,249,136904,20,531107840,1146,1884702,262482,5559188,16886,7268335616,1,19243:4
9085277,19243,570634240,5037293568,182,252,138823,20,538447872,1146,1884702,262485,5559254,16898,7262101504,1,19243:3
9190002,19243,578367488,5037293568,182,255,140719,20,545660928,1149,1884703,262490,5559322,16909,7254208512,1,19243:3
9295572,19243,584658944,5037293568,182,258,142269,20,552132608,1176,1884705,262493,5559396,16911,7247351808,1,19243:3
9400351,19243,591998976,5037293568,182,262,144054,20,560390144,1179,1884706,262497,5559475,16912,7240171520,1,19243:4
9505236,19243,599863296,5037293568,182,265,145974,20,568254464,1179,1884706,262500,5559554,16912,7232303104,1,19243:3
9610656,19243,607727616,5037293568,182,269,147894,20,576643072,1179,1884706,262504,5559635,16912,7223930880,1,19243:4
9716939,19243,616116224,5037293568,182,272,149942,20,584507392,1179,1884706,262508,5559715,16912,7216062464,1,19243:3
9821878,19243,623849472,5037293568,182,276,151829,20,592236544,1181,1884707,262512,5559795,16912,7207768064,1,19243:4
9927696,19243,631713792,5037293568,182,279,153749,20,600625152,1181,1884708,262515,5559876,16912,7199899648,1,19243:3
10034016,19243,640102400,5037293568,182,283,155761,20,608489472,1181,1884709,262520,5559953,16912,7191773184,1,19243:4
10139953,19243,647966720,5037293568,182,286,157717,20,616353792,1181,1884710,262523,5560033,16912,7183904768,1,19243:3
10244881,19243,655831040,5037293568,182,290,159637,20,624218112,1181,1884710,262526,5560112,16912,7176036352,1,19243:4
10349809,19243,662777856,5037293568,182,293,161326,20,631078912,1205,1884711,262531,5560190,16914,7168987136,1,19243:3
10455341,19243,669462528,5037293568,182,296,162948,20,638820352,1214,1884711,262534,5560269,16916,7161769984,1,19243:3
10561582,19243,677720064,5037293568,182,299,164910,20,646684672,1214,1884712,262537,5560349,16917,7154847744,1,19243:3
10667451,19243,685584384,5037293568,182,303,166914,20,654548992,1214,1884712,262540,5560429,16917,7146799104,1,19243:4
10772853,19243,693448704,5037293568,182,306,168836,20,662413312,1214,1884713,262543,5560509,16917,7138762752,1,19243:3
10877961,19243,701050880,5037293568,182,310,170723,20,670142464,1216,1884714,262546,5560589,16917,7130984448,1,19243:4
10983212,19243,708915200,5037293568,182,313,172643,20,678006784,1216,1884714,262550,5560669,16917,7123181568,1,19243:3
11088687,19243,716779520,5037293568,182,316,174563,20,685871104,1216,1884714,262552,5560749,16917,7115493376,1,19243:3
11194086,19243,724643840,5037293568,182,320,176483,20,694259712,1216,1884714,262556,5560830,16917,7107112960,1,19243:4
11300302,19243,733032448,5037293568,182,323,178527,20,702124032,1216,1884715,262560,5560910,16917,7099244544,1,19243:4
11405874,19243,740110336,5037293568,182,327,180228,20,708870144,1232,1884715,262566,5560989,16918,7091793920,1,19243:3
11511741,19243,747712512,5037293568,182,330,182071,20,716722176,1248,1884715,262570,5561067,16919,7084679168,1,19243:3
11617460,19243,755576832,5037293568,182,334,184017,20,724586496,1248,1884716,262575,5561144,16919,7076810752,1,19243:4
11722533,19243,763441152,5037293568,182,337,185937,20,732975104,1248,1884717,262578,5561224,16919,7068430336,1,19243:3
11828692,19243,771829760,5037293568,182,341,187985,20,740839424,1248,1884717,262582,5561304,16919,7060561920,1,19243:4
11933589,19243,779563008,5037293568,182,344,189875,20,749092864,1250,1884718,262586,5561384,16919,7052337152,1,19243:3
12039730,19243,787951616,5037293568,182,348,191825,20,756957184,1250,1884718,262590,5561465,16919,7044055040,1,19243:4
12145692,19243,795815936,5037293568,182,351,193840,20,764821504,1250,1884718,262594,5561544,16919,7036354560,1,19243:3
12250710,19243,803680256,5037293568,182,355,195760,20,772685824,1250,1884719,262598,5561624,16919,7028486144,1,19243:4
12355588,19243,811544576,5037293568,182,358,197680,20,780550144,1250,1884719,262601,5561704,16919,7020875776,1,19243:3
12460355,19243,818491392,5037293568,182,361,199380,20,787132416,1267,1884720,262605,5561782,16921,7013761024,1,19243:3
12565130,19243,824913920,5037293568,182,364,200863,20,795181056,1283,1884720,262608,5561861,16923,7007145984,1,19243:3
12671301,19243,832909312,5037293568,182,368,202911,20,803045376,1283,1884720,262611,5561941,16923,6999277568,1,19243:4
12776198,19243,840773632,5037293568,182,371,204831,20,811433984,1283,1884720,262615,5562021,16923,6990897152,1,19243:3
12882448,19243,849162240,5037293568,182,374,206879,20,819298304,1283,1884721,262618,5562102,16923,6983028736,1,19243:4
12987797,19243,857026560,5037293568,182,378,208799,20,827162624,1283,1884721,262622,5562182,16923,6975160320,1,19243:3
13092715,19243,864759808,5037293568,182,381,210686,20,835416064,1285,1884721,262628,5562259,16923,6966874112,1,19243:3
13198805,19243,873148416,5037293568,182,385,212640,20,843280384,1285,1884721,262632,5562339,16923,6959005696,1,19243:4
13304721,19243,881012736,5037293568,182,388,214654,20,851144704,1285,1884721,262636,5562419,16923,6951395328,1,19243:3
13409917,19243,888877056,5037293568,182,392,216574,20,859009024,1285,1884722,262640,5562499,16923,6943526912,1,19243:4
13514922,19243,896872448,5037293568,182,395,218490,20,866062336,1294,1884722,262642,5562578,16924,6935150592,1,19243:3
13620134,19243,902508544,5037293568,182,398,219885,20,873611264,1318,1884722,262645,5562656,16927,6929002496,1,19243:3
13726504,19243,910897152,5037293568,182,402,221933,20,881475584,1318,1884722,262650,5562736,16927,6921134080,1,19243:4
13831404,19243,918761472,5037293568,182,405,223853,20,889339904,1318,1884722,262653,5562816,16927,6913523712,1,19243:3
13936223,19243,926625792,5037293568,182,408,225773,20,897204224,1318,1884722,262657,5562895,16927,6905655296,1,19243:3
14041073,19243,934490112,5037293568,182,412,227693,20,905068544,1318,1884723,262660,5562975,16927,6897221632,1,19243:4
14146990,19243,942747648,5037293568,182,415,229662,20,913321984,1320,1884724,262664,5563056,16927,6889553920,1,19243:3
14252621,19243,950611968,5037293568,182,419,231628,20,921186304,1320,1884724,262668,5563135,16927,6881685504,1,19243:4
14357716,19243,958476288,5037293568,182,422,233548,20,929050624,1320,1884724,262671,5563215,16927,6873825280,1,19243:3
14462613,19243,966340608,5037293568,182,426,235468,20,936914944,1320,1884724,262676,5563295,16927,6865444864,1,19243:4
14568701,19243,974073856,5037293568,182,429,237357,20,944259072,1323,1884724,262678,5563374,16928,6857797632,1,19243:3
14674204,19243,980365312,5037293568,182,432,238911,20,951513088,1352,1884726,262684,5563449,16931,6851919872,1,19243:3
14779408,19243,988229632,5037293568,182,435,240827,20,959377408,1352,1884726,262688,5563528,16931,6844067840,1,19243:3
14884255,19243,996093952,5037293568,182,439,242747,20,967241728,1352,1884726,262692,5563608,16931,6835683328,1,19243:4
14990163,19243,1003958272,5037293568,182,442,244667,20,975630336,1352,1884727,262696,5563689,16931,6827581440,1,19243:3
15096187,19243,1012346880,5037293568,182,446,246715,20,983494656,1352,1884728,262699,5563769,16931,6819713024,1,19243:4
15201392,19243,1020211200,5037293568,182,449,248602,20,991748096,1354,1884728,262702,5563849,16931,6811480064,1,19243:3
15307631,19243,1028468736,5037293568,182,453,250650,20,999612416,1354,1884728,262706,5563929,16931,6803619840,1,19243:4
15412721,19243,1035939840,5037293568,182,456,252441,20,1007476736,1354,1884729,262709,5564006,16934,6795636736,1,19243:3
15518729,19243,1043804160,5037293568,182,459,254362,20,1015341056,1354,1884729,262712,5564086,16934,6787833856,1,19243:3
15624028,19243,1052061696,5037293568,182,463,256386,20,1022554112,1357,1884729,262716,5564166,16934,6779871232,1,19243:4
15729001,19243,1058353152,5037293568,182,466,257935,20,1029283840,1384,1884730,262718,5564243,16937,6773223424,1,19243:3
15834444,19243,1065693184,5037293568,182,469,259720,20,1037283328,1387,1884731,262721,5564323,16938,6766194688,1,19243:3
15939293,19243,1073557504,5037293568,182,472,261640,20,1045671936,1387,1884731,262724,5564402,16938,6757826560,1,19243:3
16044689,19243,1081421824,5037293568,182,476,263560,20,1053536256,1387,1884731,262728,5564483,16938,6750023680,1,19243:4
16150242,19243,1089810432,5037293568,182,479,265573,20,1061400576,1387,1884734,262732,5564560,16938,6742331392,1,19243:3
16255641,19243,1097543680,5037293568,182,482,267495,20,1069129728,1389,1884734,262736,5564639,16938,6734188544,1,19243:3
16360421,19243,1105408000,5037293568,182,486,269415,20,1076994048,1389,1884734,262739,5564719,16938,6725820416,1,19243:4
16465871,19243,1113534464,5037293568,182,489,271335,20,1085382656,1389,1884735,262743,5564800,16938,6718017536,1,19243:3
16571336,19243,1121660928,5037293568,182,492,273383,20,1093246976,1389,1884735,262746,5564880,16938,6710214656,1,19243:3
16676207,19243,1129525248,5037293568,182,496,275303,20,1101111296,1389,1884736,262750,5564959,16938,6701920256,1,19243:4
16781466,19243,1136603136,5037293568,182,499,277029,20,1107972096,1413,1884736,262752,5565037,16940,6695247872,1,19243:3
16886331,19243,1143681024,5037293568,182,501,278742,20,1115713536,1422,1884737,262756,5565116,16942,6688243712,1,19243:3
16991417,19243,1151545344,5037293568,182,505,280662,20,1123577856,1422,1884737,262760,5565196,16942,6680207360,1,19243:3
17096297,19243,1159409664,5037293568,182,508,282582,20,1131442176,1422,1884738,262762,5565275,16942,6672404480,1,19243:3
17201096,19243,1167273984,5037293568,182,512,284502,20,1139306496,1422,1884738,262766,5565355,16942,6664728576,1,19243:4
17306005,19243,1175007232,5037293568,182,515,286389,20,1147559936,1424,1884738,262769,5565435,16942,6656495616,1,19243:3
17411421,19243,1182871552,5037293568,182,518,288309,20,1155424256,1424,1884739,262772,5565515,16942,6648635392,1,19243:3
17516930,19243,1191129088,5037293568,182,521,290243,20,1163288576,1424,1884739,262775,5565596,16942,6640766976,1,19243:3
17622463,19243,1199124480,5037293568,182,525,292277,20,1171152896,1424,1884740,262779,5565676,16942,6632898560,1,19243:4
17727293,19243,1206988800,5037293568,182,528,294197,20,1179017216,1424,1884741,262784,5565753,16942,6624784384,1,19243:3
17832262,19243,1214459904,5037293568,182,531,296018,20,1185730560,1440,1884742,262786,5565830,16944,6617333760,1,19243:3
17937097,19243,1220489216,5037293568,182,534,297508,20,1193619456,1456,1884742,262789,5565908,16947,6610763776,1,19243:3
18042571,19243,1228877824,5037293568,182,537,299459,20,1201483776,1456,1884742,262793,5565989,16947,6602895360,1,19243:3
18147905,19243,1236742144,5037293568,182,541,301476,20,1209348096,1456,1884742,262796,5566068,16947,6595026944,1,19243:4
18252738,19243,1244606464,5037293568,182,544,303396,20,1217212416,1456,1884742,262800,5566148,16947,6587158528,1,19243:3
18357456,19243,1252470784,5037293568,182,547,305316,20,1224941568,1456,1884742,262803,5566228,16947,6579425280,1,19243:3
18462278,19243,1260728320,5037293568,182,550,307249,20,1233330176,1458,1884743,262807,5566308,16947,6571057152,1,19243:4
18567627,19243,1268592640,5037293568,182,554,309251,20,1241194496,1458,1884743,262810,5566388,16947,6563196928,1,19243:3
18672422,19243,1276456960,5037293568,182,557,311171,20,1249058816,1458,1884744,262813,5566468,16947,6555328512,1,19243:3
18777279,19243,1284321280,5037293568,182,560,313091,20,1256923136,1458,1884744,262816,5566547,16947,6546944000,1,19243:3
18882385,19243,1292316672,5037293568,182,563,315046,20,1263984640,1474,1884745,262818,5566626,16948,6539546624,1,19243:3
18987242,19243,1299001344,5037293568,182,566,316658,20,1271955456,1490,1884745,262821,5566704,16951,6532575232,1,19243:3
19092700,19243,1307389952,5037293568,182,569,318680,20,1279819776,1490,1884745,262825,5566784,16951,6524706816,1,19243:4
19198033,19243,1315254272,5037293568,182,573,320626,20,1287684096,1490,1884746,262831,5566861,16951,6516076544,1,19243:3
19303792,19243,1323118592,5037293568,182,576,322546,20,1296072704,1490,1884746,262834,5566942,16951,6508212224,1,19243:3
19410108,19243,1331507200,5037293568,182,579,324594,20,1303801856,1490,1884747,262838,5567022,16951,6500220928,1,19243:3
19515241,19243,1339240448,5037293568,182,583,326481,20,1311666176,1492,1884748,262841,5567102,16951,6492303360,1,19243:4
19620645,19243,1347104768,5037293568,182,586,328401,20,1320054784,1492,1884748,262844,5567183,16951,6484180992,1,19243:3
19726750,19243,1355493376,5037293568,182,589,330424,20,1327919104,1492,1884749,262848,5567263,16951,6476312576,1,19243:3
19832245,19243,1363357696,5037293568,182,593,332369,20,1335783424,1492,1884749,262851,5567343,16951,6468444160,1,19243:4
19937192,19243,1370697728,5037293568,182,596,334152,20,1342865408,1501,1884750,262854,5567422,16952,6461120512,1,19243:3
20042522,19243,1376333824,5037293568,182,599,335552,20,1350414336,1524,1884750,262858,5567500,16955,6454980608,1,19243:3
20148690,19243,1384722432,5037293568,182,602,337561,20,1358278656,1524,1884750,262862,5567580,16955,6446854144,1,19243:3
20254254,19243,1392586752,5037293568,182,605,339520,20,1366142976,1524,1884750,262865,5567660,16955,6438727680,1,19243:3
20359677,19243,1400451072,5037293568,182,609,341440,20,1374531584,1524,1884751,262868,5567741,16955,6430605312,1,19243:4
20465983,19243,1408839680,5037293568,182,612,343488,20,1382395904,1524,1884751,262872,5567821,16955,6422736896,1,19243:3
20571325,19243,1416572928,5037293568,182,615,345375,20,1390125056,1526,1884751,262876,5567901,16955,6415015936,1,19243:3
20676368,19243,1424437248,5037293568,182,619,347295,20,1397989376,1526,1884752,262878,5567981,16955,6406643712,1,19243:4
20781715,19243,1432301568,5037293568,182,622,349215,20,1406377984,1526,1884752,262885,5568058,16955,6398521344,1,19243:3
20887658,19243,1440296960,5037293568,182,625,351135,20,1414242304,1526,1884753,262888,5568139,16955,6390652928,1,19243:3
20993822,19243,1448030208,5037293568,182,628,353024,20,1421799424,1532,1884753,262892,5568219,16956,6382972928,1,19243:3
21100191,19243,1454321664,5037293568,182,631,354578,20,1428840448,1558,1884754,262896,5568297,16959,6376640512,1,19243:3
21206556,19243,1462579200,5037293568,182,634,356556,20,1436704768,1558,1884754,262900,5568377,16959,6368772096,1,19243:4
21312317,19243,1470443520,5037293568,182,638,358542,20,1444569088,1558,1884754,262903,5568457,16959,6360903680,1,19243:3
21417392,19243,1478307840,5037293568,182,641,360462,20,1452433408,1558,1884755,262906,5568537,16959,6353035264,1,19243:3
21522319,19243,1486172160,5037293568,182,644,362382,20,1460297728,1558,1884755,262910,5568617,16959,6344908800,1,19243:3
21627460,19243,1494036480,5037293568,182,647,364269,20,1468551168,1560,1884755,262914,5568697,16960,6336368640,1,19243:3
21733794,19243,1502425088,5037293568,182,651,366244,20,1476415488,1560,1884756,262918,5568778,16960,6328565760,1,19243:4
21839637,19243,1510289408,5037293568,182,654,368237,20,1484279808,1560,1884756,262921,5568858,16960,6320762880,1,19243:3
21944400,19243,1518153728,5037293568,182,657,370157,20,1492144128,1560,1884756,262924,5568937,16960,6312726528,1,19243:3
22049160,19243,1525886976,5037293568,182,661,372053,20,1499357184,1563,1884757,262927,5569016,16961,6305259520,1,19243:4
22154020,19243,1532702720,5037293568,182,663,373699,20,1506217984,1591,1884758,262928,5569094,16963,6298488832,1,19243:2
22259601,19243,1539911680,5037293568,182,666,375387,20,1514610688,1593,1884759,262934,5569172,16964,6291107840,1,19243:4
22365780,19243,1547907072,5037293568,182,670,377435,20,1522475008,1593,1884760,262937,5569252,16964,6283239424,1,19243:3
22470650,19243,1555771392,5037293568,182,673,379355,20,1530339328,1593,1884760,262940,5569332,16964,6275371008,1,19243:3
22575475,19243,1563635712,5037293568,182,676,381275,20,1538203648,1593,1884760,262943,5569411,16964,6267502592,1,19243:3
22680301,19243,1571368960,5037293568,182,679,383162,20,1545932800,1595,1884761,262946,5569491,16964,6259269632,1,19243:3
22786385,19243,1579757568,5037293568,182,683,385159,20,1554321408,1595,1884761,262950,5569573,16964,6251409408,1,19243:4
22892082,19243,1587621888,5037293568,182,686,387130,20,1562185728,1595,1884761,262954,5569653,16964,6243540992,1,19243:3
22997208,19243,1595486208,5037293568,182,689,389050,20,1570050048,1595,1884762,262956,5569732,16964,6235672576,1,19243:3
23102208,19243,1603350528,5037293568,182,693,390970,20,1577914368,1595,1884762,262960,5569812,16964,6227042304,1,19243:4
23207768,19243,1610428416,5037293568,182,696,392696,20,1584775168,1619,1884762,262965,5569890,16966,6220509184,1,19243:3
23312671,19243,1617506304,5037293568,182,699,394409,20,1592516608,1628,1884763,262968,5569968,16968,6213279744,1,19243:3
23417423,19243,1625370624,5037293568,182,702,396329,20,1600380928,1628,1884763,262972,5570048,16968,6205411328,1,19243:3
23522314,19243,1633234944,5037293568,182,705,398249,20,1608245248,1628,1884764,262975,5570129,16968,6197284864,1,19243:3
23628003,19243,1641099264,5037293568,182,708,400169,20,1616633856,1628,1884764,262978,5570210,16968,6189162496,1,19243:3
23734256,19243,1649356800,5037293568,182,712,402184,20,1624363008,1630,1884765,262980,5570290,16968,6181441536,1,19243:4
23839428,19243,1657221120,5037293568,182,715,404104,20,1632227328,1630,1884766,262986,5570367,16968,6173573120,1,19243:3
23944925,19243,1665085440,5037293568,182,718,406024,20,1640615936,1630,1884767,262989,5570447,16968,6165450752,1,19243:3
24051118,19243,1673474048,5037293568,182,722,408072,20,1648480256,1630,1884767,262992,5570527,16968,6157590528,1,19243:4
24155939,19243,1681338368,5037293568,182,725,409992,20,1656344576,1630,1884768,262995,5570607,16968,6149464064,1,19243:3
24261412,19243,1688416256,5037293568,182,728,411735,20,1663025152,1651,1884768,262998,5570686,16970,6142222336,1,19243:3
24367507,19243,1695363072,5037293568,182,731,413431,20,1670946816,1662,1884768,263001,5570764,16972,6135443456,1,19243:3
24472280,19243,1703227392,5037293568,182,734,415351,20,1678811136,1662,1884769,263004,5570844,16972,6127575040,1,19243:3
24577204,19243,1711091712,5037293568,182,737,417271,20,1686675456,1662,1884769,263008,5570924,16972,6118944768,1,19243:3
24682801,19243,1718956032,5037293568,182,740,419191,20,1695064064,1662,1884769,263011,5571005,16972,6111338496,1,19243:3
24788708,19243,1727213568,5037293568,182,744,421209,20,1702793216,1664,1884769,263015,5571085,16972,6103543808,1,19243:4
24894033,19243,1735077888,5037293568,182,747,423126,20,1710657536,1664,1884770,263018,5571165,16972,6095429632,1,19243:3
24998718,19243,1742942208,5037293568,182,750,425046,20,1718521856,1664,1884770,263022,5571245,16972,6087561216,1,19243:3
25103558,19243,1750806528,5037293568,182,753,426966,20,1726386176,1664,1884771,263024,5571325,16972,6079434752,1,19243:3
25209132,19243,1758670848,5037293568,182,756,428886,20,1734774784,1664,1884771,263028,5571405,16972,6071320576,1,19243:3
25314931,19243,1766404096,5037293568,182,759,430729,20,1741836288,1680,1884772,263034,5571481,16974,6063710208,1,19243:4
25421170,19243,1772826624,5037293568,182,762,432325,20,1748848640,1696,1884773,263036,5571559,16977,6057299968,1,19243:2
25527009,19243,1780690944,5037293568,182,766,434245,20,1757237248,1696,1884774,263039,5571640,16977,6049431552,1,19243:4
25633225,19243,1789079552,5037293568,182,769,436252,20,1765101568,1696,1884775,263042,5571721,16977,6041563136,1,19243:3
25738798,19243,1796943872,5037293568,182,772,438213,20,1772965888,1696,1884775,263045,5571801,16977,6033694720,1,19243:3
25843821,19243,1804808192,5037293568,182,775,440133,20,1780830208,1696,1884775,263049,5571881,16977,6025568256,1,19243:3
25949270,19243,1812934656,5037293568,182,779,442073,20,1789083648,1698,1884776,263052,5571962,16977,6017593344,1,19243:4
26055049,19243,1820798976,5037293568,182,782,444068,20,1796947968,1698,1884776,263056,5572042,16977,6009479168,1,19243:3
26159783,19243,1828663296,5037293568,182,785,445988,20,1805336576,1698,1884776,263059,5572122,16977,6001098752,1,19243:3
26265809,19243,1836527616,5037293568,182,788,447908,20,1813200896,1698,1884777,263063,5572203,16977,5993238528,1,19243:3
26371838,19243,1844523008,5037293568,182,791,449854,20,1819750400,1713,1884777,263066,5572282,16978,5985087488,1,19243:3
26478013,19243,1850683392,5037293568,182,794,451346,20,1827803136,1731,1884778,263068,5572360,16981,5979222016,1,19243:3
26584125,19243,1859072000,5037293568,182,797,453355,20,1835667456,1731,1884778,263072,5572441,16981,5971353600,1,19243:3
26689706,19243,1866805248,5037293568,182,800,455214,20,1843531776,1731,1884778,263075,5572520,16981,5963288576,1,19243:4
26795076,19243,1874669568,5037293568,182,804,457223,20,1851396096,1731,1884779,263078,5572601,16981,5955411968,1,19243:3
26900170,19243,1882402816,5037293568,182,807,459026,20,1859260416,1731,1884780,263083,5572677,16981,5948760064,1,19243:3
27005759,19243,1890267136,5037293568,182,810,461041,20,1866989568,1733,1884781,263086,5572757,16981,5941030912,1,19243:3
27110522,19243,1898131456,5037293568,182,813,462961,20,1874853888,1733,1884781,263089,5572837,16981,5932580864,1,19243:3
27215725,19243,1905995776,5037293568,182,817,464881,20,1882718208,1733,1884782,263092,5572917,16981,5924716544,1,19243:4
27321145,19243,1913860096,5037293568,182,820,466801,20,1891106816,1733,1884782,263096,5572998,16981,5916848128,1,19243:3
27426576,19243,1921593344,5037293568,182,823,468690,20,1898663936,1739,1884782,263099,5573077,16982,5909168128,1,19243:3
27532088,19243,1928802304,5037293568,182,826,470368,20,1905672192,1766,1884782,263102,5573155,16984,5902217216,1,19243:3
27637552,19243,1936928768,5037293568,182,829,472391,20,1913536512,1766,1884783,263105,5573235,16984,5894348800,1,19243:3
27742695,19243,1944793088,5037293568,182,832,474336,20,1921400832,1766,1884784,263109,5573315,16984,5886480384,1,19243:3
27847777,19243,1952657408,5037293568,182,835,476256,20,1929265152,1766,1884784,263112,5573395,16984,5878620160,1,19243:3
27952651,19243,1960521728,5037293568,182,839,478176,20,1937129472,1766,1884784,263115,5573475,16984,5870751744,1,19243:4
28057428,19243,1968254976,5037293568,182,842,480063,20,1945382912,1768,1884785,263119,5573555,16984,5862572032,1,19243:3
28162957,19243,1976250368,5037293568,182,845,481983,20,1953247232,1768,1884785,263122,5573636,16984,5854703616,1,19243:3
28268345,19243,1984507904,5037293568,182,848,484031,20,1961111552,1768,1884786,263125,5573716,16984,5846835200,1,19243:3
28373134,19243,1991847936,5037293568,182,851,485823,20,1968975872,1768,1884788,263128,5573793,16984,5838958592,1,19243:3
28478588,19243,1999712256,5037293568,182,854,487719,20,1976135680,1771,1884788,263132,5573873,16985,5831852032,1,19243:3
28583332,19243,2006003712,5037293568,183,856,489269,20,1983078400,1798,1884789,263133,5573950,16988,5824946176,1,19243:3
28688676,19243,2013343744,5037293568,183,859,491054,20,1990946816,1800,1884789,263136,5574029,16989,5817610240,1,19243:3
28793807,19243,2021208064,5037293568,183,863,492974,20,1999335424,1800,1884790,263139,5574110,16989,5809807360,1,19243:4
28899182,19243,2029596672,5037293568,183,866,494977,20,2007199744,1800,1884790,263143,5574190,16989,5802004480,1,19243:3
29004336,19243,2037460992,5037293568,183,869,496942,20,2015064064,1800,1884790,263146,5574270,16989,5794201600,1,19243:3
29109445,19243,2045194240,5037293568,183,872,498829,20,2022793216,1802,1884791,263148,5574350,16989,5786529792,1,19243:3
29214461,19243,2053058560,5037293568,183,875,500749,20,2030657536,1802,1884792,263152,5574430,16989,5778411520,1,19243:3
29319591,19243,2060922880,5037293568,183,878,502669,20,2039046144,1802,1884792,263154,5574510,16989,5770289152,1,19243:3
29425090,19243,2068787200,5037293568,183,882,504589,20,2046910464,1802,1884792,263158,5574591,16989,5762420736,1,19243:4
29530615,19243,2077175808,5037293568,183,885,506594,20,2054774784,1802,1884792,263162,5574671,16989,5754552320,1,19243:3
29635734,19243,2083991552,5037293568,183,888,508295,20,2061631488,1825,1884793,263165,5574749,16991,5747740672,1,19243:3
29740987,19243,2090676224,5037293568,183,891,509948,20,2068848640,1834,1884793,263168,5574827,16993,5741043712,1,19243:3
29846023,19243,2098540544,5037293568,183,894,511868,20,2076712960,1834,1884794,263170,5574907,16993,5732671488,1,19243:3
29951067,19243,2106404864,5037293568,183,897,513788,20,2084577280,1834,1884795,263175,5574984,16993,5725892608,1,19243:3
30056017,19243,2114269184,5037293568,184,900,515708,20,2092441600,1834,1884796,263176,5575064,16993,5718102016,1,19243:4
30160734,19243,2122133504,5037293568,184,902,517598,20,2100695040,1836,1884796,263179,5575144,16993,5709692928,1,19243:2
30265677,19243,2130259968,5037293568,184,905,519547,20,2108559360,1836,1884796,263182,5575224,16993,5701824512,1,19243:4
30370658,19243,2138255360,5037293568,184,908,521563,20,2116423680,1836,1884796,263185,5575305,16993,5693956096,1,19243:2
30475335,19243,2146119680,5037293568,184,911,523483,20,2124288000,1836,1884796,263188,5575385,16993,5686087680,1,19243:3
30580040,19243,2153984000,5037293568,184,914,525403,20,2132152320,1836,1884797,263191,5575465,16993,5677961216,1,19243:3
30684733,19243,2161455104,5037293568,184,917,527227,20,2139230208,1853,1884797,263194,5575543,16995,5670350848,1,19243:3
30789546,19243,2168008704,5037293568,184,919,528841,20,2146754560,1869,1884797,263197,5575622,16997,5664202752,1,19243:2
30894324,19243,2175873024,5037293568,184,922,530761,20,2154618880,1869,1884797,263200,5575702,16997,5656076288,1,19243:3
30999106,19243,2183737344,5037293568,184,924,532681,20,2162483200,1869,1884798,263202,5575783,16997,5647667200,1,19243:2
31104074,19243,2191601664,5037293568,184,927,534601,20,2170871808,1869,1884798,263206,5575863,16997,5640032256,1,19243:3
31209106,19243,2199990272,5037293568,184,930,536649,20,2178600960,1869,1884798,263208,5575944,16997,5632094208,1,19243:3
31313943,19243,2207723520,5037293568,184,932,538536,20,2186465280,1871,1884798,263211,5576024,16997,5624504320,1,19243:2
31418724,19243,2215587840,5037293568,184,935,540456,20,2194329600,1871,1884798,263215,5576103,16997,5616390144,1,19243:3
31523200,19243,2223452160,5037293568,184,938,542376,20,2202193920,1871,1884800,263218,5576182,16997,5608267776,1,19243:3
31627937,19243,2231316480,5037293568,184,940,544296,20,2210058240,1871,1884800,263220,5576262,16997,5600399360,1,19243:2
31732720,19243,2239311872,5037293568,184,943,546240,20,2217111552,1880,1884800,263224,5576341,16998,5592477696,1,19243:3
31837418,19243,2246258688,5037293568,184,946,547877,20,2225184768,1904,1884801,263227,5576419,17001,5585059840,1,19243:3
31942452,19243,2254385152,5037293568,184,948,549911,20,2233049088,1904,1884801,263229,5576500,17001,5577191424,1,19243:2
32047205,19243,2262249472,5037293568,184,951,551831,20,2240913408,1904,1884802,263232,5576580,17001,5569323008,1,19243:3
32151988,19243,2270113792,5037293568,184,953,553751,20,2248777728,1904,1884802,263234,5576661,17001,5561454592,1,19243:2
32256671,19243,2277978112,5037293568,184,956,555671,20,2256642048,1904,1884802,263237,5576741,17001,5553356800,1,19243:3
32361346,19243,2285711360,5037293568,184,959,557558,20,2264895488,1906,1884802,263240,5576821,17001,5545123840,1,19243:3
32466345,19243,2293575680,5037293568,184,961,559478,20,2272759808,1906,1884803,263243,5576902,17001,5537263616,1,19243:2
32571341,19243,2301440000,5037293568,184,964,561398,20,2280624128,1906,1884803,263246,5576982,17001,5529415680,1,19243:3
32676403,19243,2309828608,5037293568,184,967,563446,20,2288488448,1906,1884804,263248,5577062,17001,5520478208,1,19243:3
32781454,19243,2320707584,5049905152,184,970,566047,20,2296066048,1917,1884804,263250,5577141,17003,5509017600,1,19243:3
32886036,19243,2331455488,5049905152,186,971,568733,20,2302881792,1918,1884806,263252,5577221,17003,5499600896,1,19243:3
32990747,19243,2333159424,5049905152,188,972,569136,20,2308153344,1920,1884809,263255,5577297,17003,5497090048,1,19243:4
33095515,19243,2341548032,5049905152,197,973,571206,20,2308153344,1920,1884818,263257,5577370,17003,5488623616,1,19243:10
33200184,19243,2376937472,5153718272,205,977,579792,20,2308153344,1920,1884826,263260,5577442,17003,5452496896,1,19243:11
33304513,19243,2423730176,5153718272,211,981,591215,20,2308153344,1920,1884832,263265,5577515,17003,5405790208,1,19243:10
33408681,19243,2435289088,5141106688,213,985,597157,20,2312871936,1921,1884834,263269,5577592,17003,5395025920,1,19243:6
33513372,19243,2435289088,5141106688,213,987,597157,20,2320736256,1921,1884834,263270,5577674,17003,5394898944,1,19243:2
33618122,19243,2435289088,5141106688,213,988,597157,20,2328600576,1921,1884835,263272,5577756,17003,5395030016,1,19243:1
33722890,19243,2435289088,5141106688,213,989,597157,20,2336464896,1921,1884836,263273,5577838,17003,5394903040,1,19243:1
33827678,19243,2435289088,5141106688,213,990,597157,20,2344329216,1921,1884836,263274,5577920,17003,5395034112,1,19243:1
33932441,19243,2435289088,5141106688,213,991,597157,20,2352193536,1921,1884836,263274,5578002,17003,5394907136,1,19243:1
34037183,19243,2435289088,5141106688,213,993,597157,20,2360582144,1921,1884837,263276,5578083,17003,5395075072,1,19243:2
34142217,19243,2435289088,5141106688,213,994,597157,20,2368446464,1921,1884838,263278,5578165,17003,5394956288,1,19243:1
34247228,19243,2435289088,5141106688,213,996,597157,20,2376310784,1921,1884838,263279,5578247,17003,5395087360,1,19243:2
34352214,19243,2435289088,5141106688,213,997,597157,20,2384175104,1921,1884838,263280,5578329,17003,5395218432,1,19243:1
34456932,19243,2435289088,5141106688,213,998,597157,20,2392039424,1921,1884839,263282,5578411,17003,5395091456,1,19243:1
34561720,19243,2435289088,5141106688,213,1000,597157,20,2399903744,1921,1884840,263285,5578490,17003,5395222528,1,19243:2
34666526,19243,2435289088,5141106688,213,1001,597157,20,2407768064,1921,1884841,263287,5578572,17003,5395095552,1,19243:1
34771343,19243,2439090176,5141106688,217,1002,598090,20,2411446272,1923,1884846,263288,5578649,17003,5391040512,1,19243:5
34876064,19243,2448134144,5141106688,227,1002,600305,20,2411446272,1923,1884856,263289,5578722,17003,5382008832,1,19243:10
34980681,19243,2457178112,5141106688,237,1003,602513,20,2411446272,1923,1884865,263290,5578795,17003,5372977152,1,19243:11
35085317,19243,2466222080,5141106688,247,1004,604726,20,2411446272,1923,1884876,263290,5578867,17003,5363699712,1,19243:11
35190033,19243,2475266048,5141106688,256,1004,606936,20,2411446272,1923,1884886,263292,5578940,17003,5354409984,1,19243:9
35294764,19243,2484310016,5141106688,266,1005,609146,20,2411446272,1923,1884896,263293,5579013,17003,5345378304,1,19243:11
35399572,19243,2493485056,5141106688,276,1006,611360,20,2411446272,1923,1884906,263293,5579085,17003,5336346624,1,19243:11
35504255,19243,2502529024,5141106688,285,1007,613576,20,2411446272,1923,1884915,263295,5579158,17003,5327314944,1,19243:10
35608920,19243,2511572992,5141106688,293,1010,615789,20,2411446272,1923,1884923,263298,5579231,17003,5318283264,1,19243:11
35713683,19243,2520616960,5141106688,303,1011,618002,20,2411446272,1923,1884933,263299,5579303,17003,5309251584,1,19243:11
35818417,19243,2529660928,5141106688,312,1012,620215,20,2411446272,1923,1884943,263300,5579376,17003,5300219904,1,19243:10
35923162,19243,2538835968,5141106688,321,1013,622431,20,2411446272,1923,1884952,263302,5579449,17003,5291188224,1,19243:10
36027914,19243,2540933120,5141106688,329,1014,622963,20,2412949504,1926,1884960,263307,5579520,17003,5289086976,1,19243:9
36132197,19243,2540933120,5141106688,336,1015,622963,20,2416619520,1927,1884967,263308,5579596,17003,5289095168,1,19243:8
36237329,19243,2540933120,5141106688,336,1016,622963,20,2424483840,1927,1884967,263309,5579678,17003,5288980480,1,19243:1
36342115,19243,2540933120,5141106688,336,1017,622963,20,2432348160,1927,1884968,263311,5579760,17003,5288853504,1,19243:1
36446878,19243,2540933120,5141106688,336,1019,622963,20,2440212480,1927,1884968,263312,5579842,17003,5288984576,1,19243:2
36551742,19243,2540933120,5141106688,336,1020,622963,20,2448601088,1927,1884969,263313,5579924,17003,5288894464,1,19243:1
36656676,19243,2540933120,5141106688,336,1021,622963,20,2456465408,1927,1884969,263314,5580006,17003,5289033728,1,19243:1
36761483,19243,2540933120,5141106688,336,1022,622963,20,2464329728,1927,1884969,263316,5580088,17003,5288906752,1,19243:1
36866220,19243,2540933120,5141106688,336,1024,622963,20,2472194048,1927,1884970,263317,5580170,17003,5289013248,1,19243:2
36971217,19243,2540933120,5141106688,336,1025,622963,20,2480582656,1927,1884970,263319,5580252,17003,5288886272,1,19243:1
37076173,19243,2540933120,5141106688,336,1026,622963,20,2488446976,1927,1884970,263320,5580334,17003,5289017344,1,19243:1
37180956,19243,2540933120,5141106688,336,1028,622963,20,2496311296,1927,1884971,263322,5580415,17003,5288865792,1,19243:2
37285807,19243,2540933120,5141106688,336,1029,622963,20,2504699904,1927,1884972,263324,5580497,17003,5289058304,1,19243:1
37390785,19243,2540933120,5141106688,336,1030,622963,20,2512564224,1927,1884972,263325,5580579,17003,5288931328,1,19243:1
37495554,19243,2544734208,5141106688,339,1032,623875,20,2516242432,1929,1884976,263326,5580657,17003,5284884480,1,19243:5
37600407,19243,2553909248,5141106688,349,1032,626109,20,2516242432,1929,1884987,263329,5580727,17003,5275623424,1,19243:10
37705102,19243,2562953216,5141106688,359,1033,628323,20,2516242432,1929,1884997,263330,5580800,17003,5266591744,1,19243:11
37809829,19243,2571997184,5141106688,368,1034,630539,20,2516242432,1929,1885007,263331,5580872,17003,5257560064,1,19243:10
37914626,19243,2581041152,5141106688,379,1034,632751,20,2516242432,1929,1885018,263332,5580945,17003,5248528384,1,19243:11
38019431,19243,2590085120,5141106688,389,1034,634965,20,2516242432,1929,1885028,263333,5581017,17003,5239332864,1,19243:10
38124275,19243,2598735872,5141106688,397,1036,637075,20,2516242432,1929,1885036,263338,5581088,17003,5231075328,1,19243:10
38229016,19243,2607386624,5141106688,408,1036,639178,20,2516242432,1929,1885047,263338,5581160,17003,5222301696,1,19243:11
38333755,19243,2616037376,5141106688,418,1036,641285,20,2516242432,1929,1885057,263338,5581233,17003,5213528064,1,19243:10
38438502,19243,2624688128,5141106688,428,1037,643392,20,2516242432,1929,1885068,263339,5581305,17003,5205012480,1,19243:11
38543273,19243,2633338880,5141106688,437,1038,645502,20,2516242432,1929,1885077,263340,5581378,17003,5196238848,1,19243:11
38647965,19243,2641858560,5141106688,448,1038,647593,20,2516242432,1929,1885088,263341,5581451,17003,5187723264,1,19243:10
38752663,19243,2644742144,5141106688,451,1040,648307,20,2522009600,1930,1885091,263342,5581529,17003,5184974848,1,19243:5
38858038,19243,2644742144,5141106688,451,1042,648307,20,2530398208,1930,1885092,263344,5581611,17003,5185105920,1,19243:2
38963426,19243,2644742144,5141106688,451,1043,648307,20,2538262528,1930,1885092,263348,5581690,17003,5184720896,1,19243:1
39068433,19243,2644742144,5141106688,451,1046,648307,20,2546126848,1930,1885093,263353,5581768,17003,5184864256,1,19243:3
39173070,19243,2644742144,5141106688,451,1049,648307,20,2553991168,1930,1885094,263357,5581846,17003,5184737280,1,19243:3
39278066,19243,2644742144,5141106688,451,1052,648307,20,2561855488,1930,1885094,263360,5581926,17003,5184868352,1,19243:3
39382832,19243,2644742144,5141106688,451,1055,648307,20,2569719808,1930,1885095,263363,5582006,17003,5184741376,1,19243:3
39487736,19243,2644742144,5141106688,451,1058,648307,20,2577584128,1930,1885095,263366,5582086,17003,5184872448,1,19243:3
39592451,19243,2644742144,5141106688,451,1061,648307,20,2585448448,1930,1885096,263368,5582167,17003,5185003520,1,19243:3
39697233,19243,2644742144,5141106688,451,1063,648307,20,2593312768,1930,1885096,263371,5582248,17003,5184827392,1,19243:2
39802459,19243,2644742144,5141106688,451,1065,648307,20,2601701376,1930,1885097,263373,5582330,17003,5184745472,1,19243:2
39907776,19243,2644742144,5141106688,451,1066,648307,20,2609565696,1930,1885097,263375,5582411,17003,5184299008,1,19243:2
40013149,19243,2644742144,5141106688,451,1069,648307,20,2617430016,1930,1885098,263380,5582489,17003,5184958464,1,19243:2
40118461,19243,2649985024,5141106688,457,1070,649565,20,2619535360,1932,1885104,263382,5582565,17003,5179625472,1,19243:7
40223176,19243,2658504704,5141106688,467,1070,651667,20,2619535360,1932,1885115,263382,5582638,17003,5170851840,1,19243:11
40327914,19243,2667155456,5141106688,477,1071,653775,20,2619535360,1932,1885125,263384,5582710,17003,5162336256,1,19243:10
40432586,19243,2675806208,5141106688,488,1072,655879,20,2619535360,1932,1885135,263384,5582783,17003,5153820672,1,19243:12
40537171,19243,2684456960,5141106688,497,1072,657986,20,2619535360,1932,1885145,263385,5582856,17003,5145047040,1,19243:9
40641979,19243,2693238784,5141106688,507,1073,660126,20,2619535360,1932,1885156,263388,5582925,17003,5135761408,1,19243:11
40746732,19243,2701889536,5141106688,516,1074,662236,20,2619535360,1932,1885166,263389,5582999,17003,5126987776,1,19243:10
40852372,19243,2710671360,5141106688,526,1075,664381,20,2619535360,1932,1885176,263393,5583068,17003,5118005248,1,19243:11
40956972,19243,2719191040,5141106688,536,1076,666477,20,2619535360,1932,1885186,263394,5583141,17003,5109489664,1,19243:11
41061644,19243,2727710720,5141106688,544,1078,668569,20,2619535360,1932,1885194,263396,5583214,17003,5100621824,1,19243:10
41166314,19243,2736361472,5141106688,553,1079,670665,20,2619535360,1932,1885204,263398,5583286,17003,5092106240,1,19243:10
41271011,19243,2745012224,5141106688,562,1080,672766,20,2619535360,1932,1885214,263399,5583359,17003,5083332608,1,19243:11
41375765,19243,2748551168,5141106688,567,1082,673651,20,2624778240,1933,1885218,263400,5583437,17003,5079810048,1,19243:6
41480946,19243,2748551168,5141106688,567,1084,673651,20,2633166848,1933,1885219,263403,5583518,17003,5079916544,1,19243:2
41586205,19243,2748551168,5141106688,567,1086,673651,20,2641031168,1933,1885220,263404,5583599,17003,5080047616,1,19243:2
41691079,19243,2748551168,5141106688,567,1088,673651,20,2648895488,1933,1885220,263410,5583677,17003,5080211456,1,19243:2
41795873,19243,2748551168,5141106688,567,1091,673651,20,2657284096,1933,1885220,263413,5583757,17003,5080379392,1,19243:3
41901382,19243,2748551168,5141106688,567,1094,673651,20,2665148416,1933,1885221,263416,5583839,17003,5080252416,1,19243:3
42006772,19243,2748551168,5141106688,567,1096,673651,20,2673012736,1933,1885221,263418,5583920,17003,5080383488,1,19243:2
42111583,19243,2748551168,5141106688,567,1098,673651,20,2680877056,1933,1885222,263420,5584000,17003,5080256512,1,19243:2
42216350,19243,2748551168,5141106688,567,1101,673651,20,2689265664,1933,1885223,263424,5584078,17003,5080371200,1,19243:3
42321883,19243,2748551168,5141106688,567,1103,673651,20,2697129984,1933,1885223,263427,5584159,17003,5080244224,1,19243:2
42426828,19243,2748551168,5141106688,567,1105,673651,20,2704994304,1933,1885224,263429,5584240,17003,5080129536,1,19243:2
42531515,19243,2748551168,5141106688,567,1107,673651,20,2713382912,1933,1885224,263431,5584321,17003,5080039424,1,19243:2
42636957,19243,2748551168,5141106688,567,1109,673651,20,2721247232,1933,1885224,263437,5584399,17003,5079703552,1,19243:2
42742498,19243,2754318336,5141106688,573,1111,675039,20,2722828288,1935,1885232,263438,5584475,17003,5073756160,1,19243:8
42847187,19243,2762838016,5141106688,583,1111,677134,20,2722828288,1935,1885242,263439,5584547,17003,5065240576,1,19243:11
42951894,19243,2771488768,5141106688,594,1111,679235,20,2722828288,1935,1885252,263440,5584620,17003,5056724992,1,19243:10
43056413,19243,2780008448,5141106688,604,1111,681310,20,2722828288,1935,1885262,263440,5584692,17003,5048422400,1,19243:10
43161045,19243,2788397056,5141106688,614,1112,683387,20,2722828288,1935,1885272,263441,5584765,17003,5039906816,1,19243:11
43265705,19243,2797047808,5141106688,623,1113,685477,20,2722828288,1935,1885282,263442,5584838,17003,5031133184,1,19243:10
43370406,19243,2805567488,5141106688,632,1115,687573,20,2722828288,1935,1885291,263444,5584911,17003,5022617600,1,19243:11
43475102,19243,2814218240,5141106688,641,1116,689688,20,2722828288,1935,1885301,263446,5584983,17003,5014839296,1,19243:11
43579797,19243,2822868992,5141106688,651,1117,691781,20,2722828288,1935,1885311,263450,5585053,17003,5005279232,1,19243:10
43684350,19243,2831519744,5141106688,659,1120,693886,20,2722828288,1935,1885319,263455,5585122,17003,4996505600,1,19243:11
43789137,19243,2840039424,5141106688,669,1120,695963,20,2722828288,1935,1885329,263456,5585195,17003,4987990016,1,19243:10
43893923,19243,2848559104,5141106688,678,1121,698044,20,2722828288,1935,1885340,263456,5585268,17003,4979474432,1,19243:10
43998647,19243,2852360192,5141106688,682,1123,698995,20,2728071168,1936,1885343,263459,5585346,17003,4975902720,1,19243:6
44104062,19243,2852360192,5141106688,682,1125,698995,20,2735935488,1936,1885343,263462,5585427,17003,4975775744,1,19243:3
44209245,19243,2852360192,5141106688,682,1128,698995,20,2743799808,1936,1885344,263463,5585507,17003,4975906816,1,19243:2
44314187,19243,2852360192,5141106688,682,1130,698995,20,2751664128,1936,1885344,263466,5585588,17003,4975779840,1,19243:2
44418923,19243,2852360192,5141106688,682,1132,698995,20,2759528448,1936,1885344,263472,5585666,17003,4975874048,1,19243:2
44523700,19243,2852360192,5141106688,682,1134,698995,20,2767392768,1936,1885344,263475,5585746,17003,4976005120,1,19243:2
44628390,19243,2852360192,5141106688,682,1136,698995,20,2775257088,1936,1885345,263477,5585827,17003,4975853568,1,19243:2
44733545,19243,2852360192,5141106688,682,1139,698995,20,2783645696,1936,1885346,263480,5585909,17003,4976054272,1,19243:3
44838820,19243,2852360192,5141106688,682,1140,698995,20,2791510016,1936,1885346,263481,5585990,17003,4975927296,1,19243:1
44943861,19243,2852360192,5141106688,682,1142,698995,20,2799374336,1936,1885346,263483,5586072,17003,4975812608,1,19243:2
45048696,19243,2852360192,5141106688,682,1143,698995,20,2807238656,1936,1885346,263484,5586154,17003,4975939584,1,19243:1
45153346,19243,2852360192,5141106688,682,1145,698995,20,2814578688,1936,1885347,263486,5586235,17003,4976033792,1,19243:2
45258199,19243,2852360192,5141106688,682,1146,698995,20,2822967296,1936,1885349,263492,5586311,17003,4975636480,1,19243:1
45362927,19243,2856816640,5141106688,687,1147,700073,20,2826121216,1938,1885355,263492,5586388,17003,4971028480,1,19243:6
45467573,19243,2865860608,5141106688,697,1147,702286,20,2826121216,1938,1885366,263492,5586460,17003,4961738752,1,19243:11
45572254,19243,2874904576,5141106688,708,1148,704500,20,2826121216,1938,1885376,263493,5586533,17003,4952449024,1,19243:11
45676881,19243,2883948544,5141106688,717,1148,706709,20,2826121216,1938,1885386,263494,5586606,17003,4943417344,1,19243:9
45781530,19243,2892992512,5141106688,726,1150,708919,20,2826121216,1938,1885394,263496,5586678,17003,4934385664,1,19243:11
45886222,19243,2902167552,5141106688,736,1151,711132,20,2826121216,1938,1885405,263497,5586751,17003,4925353984,1,19243:11
45990925,19243,2911211520,5141106688,745,1152,713343,20,2826121216,1938,1885415,263498,5586824,17003,4916363264,1,19243:11
46095661,19243,2920255488,5141106688,755,1153,715547,20,2826121216,1938,1885424,263502,5586893,17003,4907724800,1,19243:10
46200326,19243,2929299456,5141106688,764,1154,717759,20,2826121216,1938,1885434,263504,5586966,17003,4898693120,1,19243:10
46304969,19243,2938343424,5141106688,773,1155,719970,20,2826121216,1938,1885443,263505,5587039,17003,4889661440,1,19243:10
46409641,19243,2947387392,5141106688,783,1156,722179,20,2826121216,1938,1885453,263506,5587111,17003,4880629760,1,19243:11
46514323,19243,2956169216,5141106688,792,1158,724339,20,2827169792,1939,1885462,263508,5587184,17003,4872118272,1,19243:11
46618976,19243,2956169216,5141106688,792,1159,724339,20,2835034112,1939,1885462,263510,5587266,17003,4871991296,1,19243:1
46723750,19243,2956169216,5141106688,792,1161,724339,20,2842898432,1939,1885463,263513,5587345,17003,4872122368,1,19243:2
46828272,19243,2956169216,5141106688,792,1162,724339,20,2850762752,1939,1885464,263514,5587427,17003,4871995392,1,19243:1
46933004,19243,2956169216,5141106688,792,1163,724339,20,2858627072,1939,1885464,263519,5587505,17003,4871831552,1,19243:1
47037727,19243,2956169216,5141106688,792,1164,724339,20,2866491392,1939,1885464,263520,5587587,17003,4871704576,1,19243:1
47142501,19243,2956169216,5141106688,792,1165,724339,20,2874355712,1939,1885465,263520,5587669,17003,4871897088,1,19243:1
47247230,19243,2956169216,5141106688,792,1166,724339,20,2882220032,1939,1885465,263521,5587751,17003,4871720960,1,19243:1
47352219,19243,2956169216,5141106688,792,1167,724339,20,2890084352,1939,1885466,263522,5587833,17003,4871876608,1,19243:1
47457110,19243,2956169216,5141106688,792,1169,724339,20,2898472960,1939,1885466,263523,5587915,17003,4871749632,1,19243:2
47562038,19243,2956169216,5141106688,792,1170,724339,20,2906337280,1939,1885466,263525,5587997,17003,4871880704,1,19243:1
47666985,19243,2956169216,5141106688,792,1171,724339,20,2914201600,1939,1885467,263527,5588079,17003,4871761920,1,19243:1
47772002,19243,2956169216,5141106688,792,1172,724339,20,2922065920,1939,1885467,263529,5588160,17003,4872187904,1,19243:2
47876913,19243,2956169216,5141106688,792,1175,724339,20,2929414144,1939,1885468,263533,5588238,17003,4871421952,1,19243:2
47981719,19243,2964164608,5141106688,801,1176,726297,20,2929414144,1941,1885476,263535,5588311,17003,4863164416,1,19243:10
48086417,19243,2972815360,5141106688,810,1177,728388,20,2929414144,1941,1885486,263536,5588384,17003,4854751232,1,19243:10
48191039,19243,2981335040,5141106688,820,1178,730480,20,2929414144,1941,1885496,263537,5588457,17003,4845719552,1,19243:12
48295752,19243,2990116864,5141106688,830,1179,732613,20,2929414144,1941,1885507,263541,5588527,17003,4837203968,1,19243:10
48400320,19243,2999029760,5141106688,840,1179,734804,20,2929414144,1941,1885517,263541,5588599,17003,4827914240,1,19243:10
48505090,19243,3008204800,5141106688,851,1179,737027,20,2929414144,1941,1885528,263542,5588672,17003,4818882560,1,19243:11
48609804,19243,3017248768,5141106688,860,1180,739237,20,2929414144,1941,1885538,263546,5588741,17003,4810317824,1,19243:10
48714468,19243,3026161664,5141106688,869,1181,741431,20,2929414144,1941,1885548,263547,5588814,17003,4801286144,1,19243:10
48819186,19243,3035336704,5141106688,878,1182,743645,20,2929414144,1941,1885557,263548,5588887,17003,4791996416,1,19243:11
48923823,19243,3044380672,5141106688,888,1183,745858,20,2929414144,1941,1885567,263550,5588959,17003,4782964736,1,19243:10
49028457,19243,3053424640,5141106688,898,1184,748072,20,2929414144,1941,1885577,263550,5589032,17003,4773933056,1,19243:11
49133089,19243,3059978240,5141106688,905,1185,749683,20,2932035584,1942,1885584,263552,5589106,17005,4767453184,1,19243:8
49238158,19243,3059978240,5141106688,905,1186,749683,20,2940424192,1942,1885585,263553,5589188,17005,4767141888,1,19243:1
49343129,19243,3059978240,5141106688,905,1188,749683,20,2948288512,1942,1885585,263558,5589267,17005,4766892032,1,19243:2
49448021,19243,3059978240,5141106688,905,1189,749683,20,2956152832,1942,1885585,263560,5589348,17005,4766851072,1,19243:1
49552853,19243,3059978240,5141106688,905,1191,749683,20,2964017152,1942,1885585,263562,5589430,17005,4766982144,1,19243:2
49657554,19243,3059978240,5141106688,905,1192,749683,20,2971881472,1942,1885586,263562,5589512,17005,4766855168,1,19243:1
49762234,19243,3059978240,5141106688,905,1193,749683,20,2979745792,1942,1885586,263565,5589593,17005,4766994432,1,19243:1
49866600,19243,3059978240,5141106688,905,1194,749683,20,2987610112,1942,1885587,263568,5589672,17005,4766867456,1,19243:1
49971326,19243,3059978240,5141106688,905,1196,749683,20,2995474432,1942,1885587,263570,5589754,17005,4766998528,1,19243:2
50076089,19243,3059978240,5141106688,906,1197,749683,20,3003863040,1942,1885587,263570,5589836,17005,4767092736,1,19243:2
50181035,19243,3059978240,5141106688,906,1198,749683,20,3011727360,1942,1885588,263573,5589917,17005,4766683136,1,19243:1
50286045,19243,3059978240,5141106688,906,1199,749683,20,3019591680,1942,1885588,263577,5589996,17005,4767305728,1,19243:1
50390838,19243,3059978240,5141106688,906,1201,749683,20,3027456000,1942,1885589,263578,5590077,17005,4767178752,1,19243:2
50495531,19243,3061944320,5141106688,907,1202,750162,20,3032707072,1944,1885592,263580,5590157,17005,4764987392,1,19243:3
50600153,19243,3070988288,5141106688,918,1203,752377,20,3032707072,1944,1885601,263581,5590230,17005,4755955712,1,19243:11
50704732,19243,3080032256,5141106688,927,1204,754582,20,3032707072,1944,1885610,263582,5590302,17005,4746924032,1,19243:10
50809351,19243,3089207296,5141106688,937,1204,756795,20,3032707072,1944,1885621,263582,5590375,17005,4737892352,1,19243:10
50914056,19243,3098251264,5141106688,946,1206,759007,20,3032707072,1944,1885631,263584,5590448,17005,4728860672,1,19243:11
51018786,19243,3107295232,5141106688,956,1206,761215,20,3032707072,1944,1885641,263585,5590520,17005,4720365568,1,19243:10
51123570,19243,3116339200,5141106688,965,1207,763419,20,3032707072,1944,1885651,263589,5590590,17005,4711026688,1,19243:11
51228258,19243,3125383168,5141106688,976,1207,765628,20,3032707072,1944,1885661,263589,5590662,17005,4701995008,1,19243:10
51332864,19243,3134427136,5141106688,985,1208,767843,20,3032707072,1944,1885672,263592,5590732,17005,4693643264,1,19243:10
51437539,19243,3143471104,5141106688,995,1209,770058,20,3032707072,1944,1885682,263593,5590805,17005,4684800000,1,19243:11
51542276,19243,3152515072,5141106688,1004,1211,772277,20,3032707072,1944,1885691,263596,5590877,17005,4675768320,1,19243:11
51646959,19243,3161690112,5141106688,1012,1213,774491,20,3032707072,1944,1885699,263598,5590950,17005,4666736640,1,19243:10
51751635,19243,3163787264,5141106688,1015,1214,775027,20,3039522816,1945,1885702,263600,5591029,17006,4664737792,1,19243:4
51856519,19243,3163787264,5141106688,1015,1215,775027,20,3047387136,1945,1885702,263601,5591111,17006,4664868864,1,19243:1
51961235,19243,3163787264,5141106688,1015,1217,775027,20,3055251456,1945,1885703,263606,5591188,17006,4665208832,1,19243:2
52066002,19243,3163787264,5141106688,1015,1219,775027,20,3063115776,1945,1885704,263609,5591269,17006,4665331712,1,19243:2
52170802,19243,3163787264,5141106688,1015,1222,775027,20,3070980096,1945,1885704,263612,5591350,17006,4665036800,1,19243:3
52275599,19243,3163787264,5141106688,1015,1225,775027,20,3078844416,1945,1885704,263614,5591430,17006,4665233408,1,19243:3
52380259,19243,3163787264,5141106688,1015,1227,775027,20,3086708736,1945,1885705,263616,5591510,17006,4665171968,1,19243:2
52484990,19243,3163787264,5141106688,1015,1230,775027,20,3094573056,1945,1885705,263619,5591591,17006,4665135104,1,19243:3
52589831,19243,3163787264,5141106688,1015,1231,775027,20,3102961664,1945,1885706,263621,5591672,17006,4664778752,1,19243:1
52694700,19243,3163787264,5141106688,1015,1233,775027,20,3110825984,1945,1885706,263622,5591754,17006,4664975360,1,19243:2
52799737,19243,3163787264,5141106688,1015,1234,775027,20,3118690304,1945,1885706,263626,5591834,17006,4665012224,1,19243:1
52905162,19243,3163787264,5141106688,1015,1237,775027,20,3126554624,1945,1885709,263631,5591910,17006,4665184256,1,19243:3
53010178,19243,3163787264,5141106688,1015,1239,775027,20,3134418944,1945,1885710,263632,5591991,17006,4665241600,1,19243:2
53115275,19243,3169554432,5141106688,1022,1240,776438,20,3136008192,1947,1885717,263633,5592066,17006,4659355648,1,19243:9
53220023,19243,3178205184,5141106688,1032,1241,778535,20,3136008192,1947,1885726,263634,5592139,17006,4650840064,1,19243:10
53324820,19243,3186855936,5141106688,1041,1242,780642,20,3136008192,1947,1885736,263635,5592211,17006,4642066432,1,19243:10
53429509,19243,3195637760,5141106688,1051,1243,782809,20,3136008192,1947,1885746,263636,5592284,17006,4633034752,1,19243:11
53534223,19243,3204812800,5141106688,1060,1245,785023,20,3136008192,1947,1885756,263638,5592357,17006,4623745024,1,19243:11
53638928,19243,3213725696,5141106688,1069,1246,787222,20,3136008192,1947,1885766,263641,5592428,17006,4614049792,1,19243:10
53743582,19243,3222769664,5141106688,1078,1247,789426,20,3136008192,1947,1885775,263644,5592499,17006,4605632512,1,19243:10
53848255,19243,3231813632,5141106688,1088,1248,791637,20,3136008192,1947,1885785,263645,5592572,17006,4596342784,1,19243:11
53952865,19243,3240857600,5141106688,1098,1248,793850,20,3136008192,1947,1885795,263646,5592644,17006,4587311104,1,19243:10
54057518,19243,3250032640,5141106688,1107,1249,796061,20,3136008192,1947,1885805,263647,5592717,17006,4578291712,1,19243:10
54162180,19243,3259076608,5141106688,1117,1250,798268,20,3136008192,1947,1885816,263648,5592790,17006,4569260032,1,19243:11
54266945,19243,3267596288,5141106688,1126,1251,800371,20,3137056768,1948,1885824,263649,5592863,17006,4560941056,1,19243:10
54371927,19243,3267596288,5141106688,1126,1253,800371,20,3145445376,1948,1885825,263652,5592942,17006,4560875520,1,19243:2
54476850,19243,3267596288,5141106688,1126,1254,800371,20,3153309696,1948,1885826,263654,5593024,17006,4561006592,1,19243:1
54581818,19243,3267596288,5141106688,1126,1255,800371,20,3161174016,1948,1885826,263658,5593103,17006,4560592896,1,19243:2
54686751,19243,3267596288,5141106688,1126,1257,800371,20,3169038336,1948,1885827,263660,5593185,17006,4560723968,1,19243:1
54791792,19243,3267596288,5141106688,1126,1258,800371,20,3176902656,1948,1885827,263661,5593266,17006,4560596992,1,19243:1
54896475,19243,3267596288,5141106688,1126,1259,800371,20,3184766976,1948,1885828,263663,5593348,17006,4560728064,1,19243:1
55001102,19243,3267596288,5141106688,1126,1261,800371,20,3192631296,1948,1885828,263664,5593430,17006,4560601088,1,19243:2
55105846,19243,3267596288,5141106688,1126,1262,800371,20,3200495616,1948,1885828,263666,5593512,17006,4560719872,1,19243:1
55210635,19243,3267596288,5141106688,1126,1263,800371,20,3208359936,1948,1885829,263667,5593594,17006,4560568320,1,19243:1
55315707,19243,3267596288,5141106688,1126,1265,800371,20,3216748544,1948,1885829,263668,5593676,17006,4560699392,1,19243:2
55420659,19243,3267596288,5141106688,1126,1266,800371,20,3224612864,1948,1885829,263673,5593754,17006,4561039360,1,19243:1
55525693,19243,3267596288,5141106688,1126,1268,800371,20,3232477184,1948,1885830,263675,5593836,17006,4561170432,1,19243:2
55630730,19243,3267596288,5141106688,1126,1269,800371,20,3239301120,1950,1885830,263677,5593918,17006,4561092608,1,19243:1
55735742,19243,3276640256,5141106688,1134,1271,802567,20,3239301120,1950,1885839,263678,5593990,17006,4552060928,1,19243:11
55840422,19243,3285684224,5141106688,1143,1273,804780,20,3239301120,1950,1885848,263680,5594063,17006,4543029248,1,19243:10
55945113,19243,3294859264,5141106688,1153,1274,807006,20,3239301120,1950,1885858,263683,5594133,17006,4533739520,1,19243:11
56049820,19243,3303903232,5141106688,1161,1276,809215,20,3239301120,1950,1885867,263686,5594206,17006,4524707840,1,19243:10
56154521,19243,3312947200,5141106688,1170,1277,811428,20,3239301120,1950,1885877,263687,5594278,17006,4515676160,1,19243:10
56259396,19243,3321860096,5141106688,1179,1278,813618,20,3239301120,1950,1885886,263693,5594348,17006,4506378240,1,19243:11
56364088,19243,3330904064,5141106688,1189,1279,815830,20,3239301120,1950,1885895,263694,5594420,17006,4496830464,1,19243:10
56468653,19243,3339948032,5141106688,1198,1281,818038,20,3239301120,1950,1885904,263696,5594493,17006,4487798784,1,19243:11
56573219,19243,3348992000,5141106688,1207,1282,820248,20,3239301120,1950,1885914,263697,5594565,17006,4478767104,1,19243:10
56677956,19243,3358167040,5141106688,1216,1284,822468,20,3239301120,1950,1885923,263700,5594638,17006,4469735424,1,19243:11
56782711,19243,3367211008,5141106688,1225,1285,824684,20,3239301120,1950,1885933,263700,5594711,17006,4460703744,1,19243:10
56887471,19243,3371405312,5141106688,1229,1287,825715,20,3244548096,1951,1885937,263703,5594789,17006,4456669184,1,19243:6
56992488,19243,3371405312,5141106688,1229,1288,825715,20,3252412416,1951,1885937,263703,5594871,17006,4456296448,1,19243:1
57097483,19243,3371405312,5141106688,1229,1290,825715,20,3260276736,1951,1885938,263708,5594949,17006,4456910848,1,19243:2
57202934,19243,3371405312,5141106688,1229,1292,825715,20,3268141056,1951,1885938,263711,5595030,17006,4456796160,1,19243:3
57308312,19243,3371405312,5141106688,1229,1295,825715,20,3276005376,1951,1885939,263714,5595111,17006,4456669184,1,19243:2
57413327,19243,3371405312,5141106688,1229,1297,825715,20,3283869696,1951,1885939,263716,5595190,17006,4456800256,1,19243:2
57517936,19243,3371405312,5141106688,1229,1299,825715,20,3291734016,1951,1885940,263720,5595270,17006,4456681472,1,19243:2
57622741,19243,3371405312,5141106688,1229,1302,825715,20,3299598336,1951,1885941,263723,5595351,17006,4456812544,1,19243:3
57727600,19243,3371405312,5141106688,1229,1304,825715,20,3307462656,1951,1885941,263725,5595432,17006,4456685568,1,19243:2
57832306,19243,3371405312,5141106688,1229,1305,825715,20,3315326976,1951,1885942,263729,5595511,17006,4456853504,1,19243:1
57937495,19243,3371405312,5141106688,1229,1307,825715,20,3323191296,1951,1885942,263731,5595592,17006,4456935424,1,19243:2
58042767,19243,3371405312,5141106688,1229,1310,825715,20,3331579904,1951,1885942,263733,5595674,17006,4456833024,1,19243:3
58148226,19243,3371405312,5141106688,1229,1312,825715,20,3339444224,1951,1885943,263736,5595755,17006,4456964096,1,19243:2
58253695,19243,3375468544,5141106688,1233,1314,826702,20,3342606336,1953,1885948,263737,5595832,17006,4452683776,1,19243:6
58358411,19243,3384119296,5141106688,1242,1315,828808,20,3342606336,1953,1885957,263740,5595905,17006,4443910144,1,19243:10
58463188,19243,3392770048,5141106688,1251,1317,830937,20,3342606336,1953,1885967,263744,5595975,17006,4434915328,1,19243:12
58567914,19243,3401420800,5141106688,1261,1318,833022,20,3342606336,1953,1885976,263746,5596047,17006,4426670080,1,19243:10
58672444,19243,3409809408,5141106688,1271,1318,835089,20,3342606336,1953,1885986,263746,5596119,17006,4417896448,1,19243:10
58777091,19243,3418329088,5141106688,1280,1320,837171,20,3342606336,1953,1885996,263748,5596192,17006,4409380864,1,19243:11
58881797,19243,3426848768,5141106688,1290,1320,839258,20,3342606336,1953,1886006,263749,5596265,17006,4400865280,1,19243:10
58986502,19243,3435630592,5141106688,1300,1321,841377,20,3342606336,1953,1886018,263751,5596335,17006,4392091648,1,19243:11
59091198,19243,3444150272,5141106688,1309,1322,843464,20,3342606336,1953,1886028,263752,5596407,17006,4383735808,1,19243:10
59195902,19243,3452669952,5141106688,1319,1322,845545,20,3342606336,1953,1886038,263753,5596480,17006,4374962176,1,19243:10
59300595,19243,3461320704,5141106688,1327,1325,847645,20,3342606336,1953,1886046,263757,5596551,17006,4366802944,1,19243:11
59405244,19243,3469840384,5141106688,1337,1325,849731,20,3342606336,1953,1886056,263759,5596622,17006,4358410240,1,19243:10
59509956,19243,3475214336,5141106688,1343,1327,851059,20,3346276352,1954,1886063,263761,5596698,17006,4353028096,1,19243:8
59614702,19243,3475214336,5141106688,1343,1329,851059,20,3354140672,1954,1886063,263763,5596778,17006,4353159168,1,19243:2
59719480,19243,3475214336,5141106688,1343,1331,851059,20,3362004992,1954,1886064,263764,5596859,17006,4353032192,1,19243:2
59824276,19243,3475214336,5141106688,1343,1334,851059,20,3369869312,1954,1886064,263767,5596940,17006,4353163264,1,19243:3
59929182,19243,3475214336,5141106688,1344,1336,851059,20,3378257920,1954,1886064,263769,5597021,17006,4353011712,1,19243:3
60034465,19243,3475214336,5141106688,1344,1338,851059,20,3386122240,1954,1886065,263771,5597102,17006,4352905216,1,19243:2
60139869,19243,3475214336,5141106688,1344,1340,851059,20,3393986560,1954,1886065,263774,5597184,17006,4352778240,1,19243:2
60245346,19243,3475214336,5141106688,1344,1342,851059,20,3401850880,1954,1886066,263777,5597264,17006,4351889408,1,19243:2
60350614,19243,3475214336,5141106688,1344,1345,851059,20,3409715200,1954,1886066,263782,5597343,17006,4352315392,1,19243:3
60455428,19243,3475214336,5141106688,1344,1347,851059,20,3417579520,1954,1886067,263783,5597424,17006,4352188416,1,19243:2
60560334,19243,3475214336,5141106688,1344,1349,851059,20,3425443840,1954,1886068,263788,5597501,17006,4352319488,1,19243:2
60665065,19243,3475214336,5141106688,1344,1351,851059,20,3433308160,1954,1886068,263790,5597582,17006,4352450560,1,19243:2
60769895,19243,3475214336,5141106688,1344,1354,851059,20,3441172480,1954,1886069,263793,5597662,17006,4352323584,1,19243:3
60874772,19243,3477704704,5141106688,1346,1356,851672,20,3445899264,1956,1886072,263795,5597741,17006,4349579264,1,19243:5
60979461,19243,3486355456,5141106688,1356,1357,853765,20,3445899264,1956,1886081,263796,5597813,17006,4341063680,1,19243:10
61084123,19243,3494875136,5141106688,1364,1359,855840,20,3445899264,1956,1886089,263799,5597886,17006,4332240896,1,19243:10
61189456,19243,3503525888,5141106688,1374,1360,857958,20,3445899264,1956,1886100,263803,5597956,17006,4324196352,1,19243:11
61294730,19243,3512176640,5141106688,1384,1360,860062,20,3445899264,1956,1886110,263804,5598029,17006,4315422720,1,19243:10
61400137,19243,3520827392,5141106688,1394,1361,862179,20,3445899264,1956,1886120,263805,5598102,17006,4306391040,1,19243:11
61505459,19243,3529478144,5141106688,1403,1362,864306,20,3445899264,1956,1886130,263807,5598175,17006,4297617408,1,19243:10
61610830,19243,3538259968,5141106688,1413,1363,866435,20,3445899264,1956,1886139,263808,5598248,17006,4288843776,1,19243:11
61716252,19243,3547041792,5141106688,1423,1364,868567,20,3445899264,1956,1886149,263809,5598321,17006,4280328192,1,19243:11
61821522,19243,3555692544,5141106688,1433,1364,870683,20,3445899264,1956,1886160,263809,5598394,17006,4271554560,1,19243:10
61926721,19243,3564343296,5141106688,1443,1364,872796,20,3445899264,1956,1886171,263810,5598468,17006,4262780928,1,19243:11
62032317,19243,3573125120,5141106688,1453,1365,874961,20,3445899264,1956,1886181,263815,5598535,17006,4253958144,1,19243:10
62137644,19243,3579023360,5141106688,1459,1367,876435,20,3449044992,1957,1886188,263818,5598609,17006,4247900160,1,19243:8
62242793,19243,3579023360,5141106688,1459,1370,876435,20,3457433600,1957,1886188,263822,5598690,17006,4247756800,1,19243:3
62348693,19243,3579023360,5141106688,1459,1373,876435,20,3465297920,1957,1886188,263825,5598770,17006,4247896064,1,19243:3
62453906,19243,3579023360,5141106688,1459,1376,876435,20,3473162240,1957,1886189,263828,5598851,17006,4247769088,1,19243:3
62558712,19243,3579023360,5141106688,1459,1378,876435,20,3481026560,1957,1886189,263830,5598932,17006,4247900160,1,19243:2
62663709,19243,3579023360,5141106688,1459,1381,876435,20,3488890880,1957,1886189,263834,5599012,17006,4247502848,1,19243:3
62769300,19243,3579023360,5141106688,1460,1383,876435,20,3497279488,1957,1886190,263836,5599094,17006,4247633920,1,19243:3
62874991,19243,3579023360,5141106688,1460,1386,876435,20,3505143808,1957,1886190,263838,5599175,17006,4247506944,1,19243:3
62979871,19243,3579023360,5141106688,1460,1388,876435,20,3513008128,1957,1886191,263844,5599252,17006,4247109632,1,19243:2
63084643,19243,3579023360,5141106688,1460,1391,876435,20,3521396736,1957,1886191,263846,5599332,17006,4247490560,1,19243:3
63190392,19243,3579023360,5141106688,1460,1393,876435,20,3529261056,1957,1886192,263849,5599414,17006,4247195648,1,19243:2
63296119,19243,3579023360,5141106688,1460,1395,876435,20,3537125376,1957,1886192,263851,5599495,17006,4247392256,1,19243:2
63400991,19243,3579023360,5141106688,1460,1398,876435,20,3544989696,1957,1886193,263853,5599576,17006,4247384064,1,19243:3
63505893,19243,3582300160,5141106688,1463,1399,877226,20,3549192192,1959,1886198,263855,5599654,17006,4243820544,1,19243:4
63611241,19243,3591213056,5141106688,1473,1400,879385,20,3549192192,1959,1886208,263858,5599724,17006,4235046912,1,19243:11
63716648,19243,3599863808,5141106688,1484,1400,881514,20,3549192192,1959,1886219,263858,5599797,17006,4226273280,1,19243:11
63821980,19243,3608645632,5141106688,1494,1401,883647,20,3549192192,1959,1886230,263859,5599870,17006,4217057280,1,19243:11
63927318,19243,3617296384,5141106688,1504,1401,885773,20,3549192192,1959,1886240,263862,5599940,17006,4209451008,1,19243:10
64032653,19243,3625947136,5141106688,1515,1401,887883,20,3549192192,1959,1886251,263862,5600013,17006,4200419328,1,19243:11
64137948,19243,3634728960,5141106688,1525,1401,890008,20,3549192192,1959,1886262,263863,5600086,17006,4191645696,1,19243:10
64243266,19243,3643379712,5141106688,1534,1402,892135,20,3549192192,1959,1886271,263864,5600159,17006,4183130112,1,19243:10
64348517,19243,3652030464,5141106688,1545,1402,894248,20,3549192192,1959,1886282,263864,5600232,17006,4174098432,1,19243:11
64453844,19243,3660681216,5141106688,1554,1404,896366,20,3549192192,1959,1886292,263866,5600305,17006,4165582848,1,19243:11
64559205,19243,3669331968,5141106688,1563,1405,898480,20,3549192192,1959,1886301,263868,5600378,17006,4156809216,1,19243:10
64664615,19243,3677982720,5141106688,1573,1406,900589,20,3549192192,1959,1886312,263868,5600451,17006,4148035584,1,19243:11
64770121,19243,3682832384,5141106688,1578,1408,901780,20,3553386496,1960,1886317,263874,5600525,17006,4143030272,1,19243:7
64875857,19243,3682832384,5141106688,1579,1410,901780,20,3561775104,1960,1886317,263876,5600606,17006,4143136768,1,19243:3
64981771,19243,3682832384,5141106688,1579,1412,901780,20,3569639424,1960,1886318,263878,5600688,17006,4143009792,1,19243:2
65087406,19243,3682832384,5141106688,1579,1415,901780,20,3577503744,1960,1886319,263884,5600766,17006,4143140864,1,19243:3
65192707,19243,3682832384,5141106688,1579,1417,901780,20,3585368064,1960,1886319,263886,5600847,17006,4143407104,1,19243:2
65297456,19243,3682832384,5141106688,1579,1419,901780,20,3593232384,1960,1886319,263889,5600927,17006,4143538176,1,19243:2
65402210,19243,3682832384,5141106688,1579,1421,901780,20,3601096704,1960,1886320,263891,5601008,17006,4143165440,1,19243:2
65507027,19243,3682832384,5141106688,1579,1423,901780,20,3608961024,1960,1886320,263892,5601089,17006,4143296512,1,19243:2
65611831,19243,3682832384,5141106688,1579,1425,901780,20,3616825344,1960,1886320,263894,5601171,17006,4143169536,1,19243:2
65716664,19243,3682832384,5141106688,1579,1428,901780,20,3624689664,1960,1886320,263900,5601248,17006,4143775744,1,19243:3
65821485,19243,3682832384,5141106688,1579,1430,901780,20,3632553984,1960,1886320,263902,5601328,17006,4143906816,1,19243:2
65926364,19243,3682832384,5141106688,1580,1432,901780,20,3640942592,1960,1886321,263904,5601409,17006,4143816704,1,19243:3
66032089,19243,3682832384,5141106688,1580,1434,901780,20,3648806912,1960,1886321,263906,5601491,17006,4143947776,1,19243:2
66138100,19243,3686240256,5141106688,1583,1436,902599,20,3652485120,1962,1886326,263909,5601568,17006,4140167168,1,19243:5
66242795,19243,3694759936,5141106688,1593,1437,904704,20,3652485120,1962,1886336,263909,5601641,17006,4131393536,1,19243:12
66347445,19243,3703410688,5141106688,1602,1438,906796,20,3652485120,1962,1886345,263911,5601714,17006,4122877952,1,19243:9
66452076,19243,3711930368,5141106688,1611,1440,908891,20,3652485120,1962,1886354,263913,5601786,17006,4114362368,1,19243:11
66556726,19243,3720056832,5141106688,1621,1440,910838,20,3652485120,1962,1886363,263915,5601858,17006,4105723904,1,19243:10
66661548,19243,3728445440,5141106688,1629,1441,912885,20,3652485120,1962,1886374,263918,5601927,17006,4097814528,1,19243:9
66766323,19243,3737096192,5141106688,1639,1442,914988,20,3652485120,1962,1886384,263919,5602000,17006,4089040896,1,19243:11
66871078,19243,3745746944,5141106688,1649,1442,917097,20,3652485120,1962,1886395,263920,5602073,17006,4080267264,1,19243:11
66975932,19243,3754266624,5141106688,1658,1444,919200,20,3652485120,1962,1886404,263921,5602145,17006,4071751680,1,19243:10
67080422,19243,3762917376,5141106688,1667,1446,921295,20,3652485120,1962,1886413,263923,5602218,17006,4063236096,1,19243:11
67185049,19243,3771437056,5141106688,1677,1446,923389,20,3652485120,1962,1886423,263924,5602291,17006,4054515712,1,19243:10
67290330,19243,3780218880,5141106688,1686,1448,925520,20,3652485120,1962,1886433,263925,5602364,17006,4045742080,1,19243:11
67395742,19243,3786641408,5141106688,1694,1448,927124,20,3655106560,1963,1886441,263928,5602437,17006,4039032832,1,19243:8
67500523,19243,3786641408,5141106688,1694,1451,927124,20,3662970880,1963,1886441,263932,5602516,17006,4038770688,1,19243:3
67605987,19243,3786641408,5141106688,1694,1454,927124,20,3670835200,1963,1886442,263935,5602597,17006,4038619136,1,19243:3
67711579,19243,3786641408,5141106688,1694,1456,927124,20,3679223808,1963,1886442,263936,5602679,17006,4038750208,1,19243:2
67817435,19243,3786641408,5141106688,1694,1458,927124,20,3687088128,1963,1886443,263938,5602760,17006,4038623232,1,19243:2
67923239,19243,3786641408,5141106688,1695,1460,927124,20,3694952448,1963,1886443,263940,5602841,17006,4038754304,1,19243:3
68028053,19243,3786641408,5141106688,1695,1462,927124,20,3702816768,1963,1886444,263942,5602922,17006,4038885376,1,19243:2
68132775,19243,3786641408,5141106688,1695,1464,927124,20,3710681088,1963,1886444,263948,5603000,17006,4038905856,1,19243:2
68237508,19243,3786641408,5141106688,1695,1466,927124,20,3718545408,1963,1886444,263950,5603081,17006,4039036928,1,19243:2
68342570,19243,3786641408,5141106688,1695,1467,927124,20,3726409728,1963,1886445,263953,5603162,17006,4039409664,1,19243:1
68448125,19243,3786641408,5141106688,1695,1470,927124,20,3734274048,1963,1886445,263958,5603240,17006,4038778880,1,19243:3
68553328,19243,3786641408,5141106688,1695,1473,927124,20,3742662656,1963,1886446,263961,5603321,17006,4038909952,1,19243:3
68658678,19243,3786641408,5141106688,1695,1475,927124,20,3750526976,1963,1886446,263964,5603402,17006,4038782976,1,19243:2
68763682,19243,3788476416,5141106688,1696,1478,927556,20,3755778048,1965,1886448,263966,5603481,17006,4036788224,1,19243:4
68868384,19243,3797127168,5141106688,1707,1478,929666,20,3755778048,1965,1886459,263966,5603554,17006,4028014592,1,19243:11
68973092,19243,3805777920,5141106688,1716,1478,931774,20,3755778048,1965,1886469,263967,5603626,17006,4019531776,1,19243:9
69077756,19243,3814428672,5141106688,1726,1479,933885,20,3755778048,1965,1886480,263968,5603699,17006,4010758144,1,19243:11
69182511,19243,3823079424,5141106688,1736,1480,936001,20,3755778048,1965,1886490,263972,5603769,17006,4002738176,1,19243:11
69287705,19243,3831730176,5141106688,1745,1480,938121,20,3755778048,1965,1886500,263973,5603842,17006,3994222592,1,19243:10
69392305,19243,3840380928,5141106688,1756,1481,940229,20,3755778048,1965,1886510,263973,5603914,17006,3985448960,1,19243:11
69496893,19243,3849031680,5141106688,1765,1482,942335,20,3755778048,1965,1886520,263974,5603987,17006,3976933376,1,19243:10
69601530,19243,3857682432,5141106688,1775,1483,944437,20,3755778048,1965,1886530,263976,5604059,17006,3968417792,1,19243:11
69706176,19243,3866333184,5141106688,1784,1483,946575,20,3755778048,1965,1886542,263978,5604129,17006,3959390208,1,19243:9
69810865,19243,3875246080,5141106688,1794,1485,948742,20,3755778048,1965,1886551,263980,5604202,17006,3949596672,1,19243:12
69915852,19243,3883896832,5141106688,1803,1486,950853,20,3755778048,1965,1886560,263984,5604272,17006,3941081088,1,19243:10
70020440,19243,3890450432,5141106688,1810,1487,952468,20,3758399488,1966,1886567,263986,5604346,17007,3934621696,1,19243:9
70125944,19243,3890450432,5141106688,1811,1489,952468,20,3766263808,1966,1886568,263987,5604427,17007,3934752768,1,19243:2
70231219,19243,3890450432,5141106688,1811,1490,952468,20,3774128128,1966,1886568,263989,5604508,17007,3934625792,1,19243:1
70336335,19243,3890450432,5141106688,1811,1493,952468,20,3781992448,1966,1886568,263991,5604590,17007,3934756864,1,19243:3
70441150,19243,3890450432,5141106688,1812,1494,952468,20,3789856768,1966,1886569,263992,5604670,17007,3934629888,1,19243:2
70545825,19243,3890450432,5141106688,1812,1495,952468,20,3797721088,1966,1886569,263994,5604752,17007,3934257152,1,19243:1
70650649,19243,3890450432,5141106688,1812,1497,952468,20,3805585408,1966,1886570,263998,5604831,17007,3934289920,1,19243:2
70755413,19243,3890450432,5141106688,1812,1499,952468,20,3813449728,1966,1886570,264000,5604912,17007,3934429184,1,19243:2
70860121,19243,3890450432,5141106688,1812,1501,952468,20,3821314048,1966,1886570,264002,5604993,17007,3934056448,1,19243:2
70965091,19243,3890450432,5141106688,1812,1503,952468,20,3829178368,1966,1886570,264004,5605074,17007,3934187520,1,19243:2
71070342,19243,3890450432,5141106688,1812,1505,952468,20,3837042688,1966,1886571,264006,5605155,17007,3934011392,1,19243:2
71175641,19243,3890450432,5141106688,1813,1507,952468,20,3845431296,1966,1886572,264008,5605235,17007,3934031872,1,19243:3
71280689,19243,3890450432,5141106688,1813,1509,952468,20,3853295616,1966,1886572,264011,5605315,17007,3934101504,1,19243:2
71385606,19243,3891630080,5141106688,1814,1510,952722,20,3859079168,1968,1886574,264015,5605392,17007,3932913664,1,19243:2
71490296,19243,3900149760,5141106688,1824,1511,954826,20,3859079168,1968,1886584,264016,5605465,17007,3924140032,1,19243:11
71594966,19243,3908669440,5141106688,1833,1512,956913,20,3859079168,1968,1886593,264018,5605538,17007,3915653120,1,19243:10
71699702,19243,3917320192,5141106688,1843,1512,959024,20,3859079168,1968,1886604,264018,5605610,17007,3906879488,1,19243:10
71804349,19243,3925970944,5141106688,1852,1514,961138,20,3859079168,1968,1886613,264020,5605683,17007,3898363904,1,19243:11
71908947,19243,3934621696,5141106688,1862,1514,963254,20,3859079168,1968,1886624,264020,5605756,17007,3889590272,1,19243:10
72013643,19243,3943141376,5141106688,1873,1514,965352,20,3859079168,1968,1886634,264022,5605826,17007,3881598976,1,19243:11
72118346,19243,3951792128,5141106688,1883,1515,967459,20,3859079168,1968,1886645,264023,5605899,17007,3872825344,1,19243:11
72223009,19243,3960442880,5141106688,1893,1515,969561,20,3859079168,1968,1886656,264023,5605972,17007,3864309760,1,19243:10
72327675,19243,3968962560,5141106688,1902,1516,971647,20,3859079168,1968,1886665,264025,5606044,17007,3855794176,1,19243:10
72432281,19243,3977482240,5141106688,1911,1518,973733,20,3859079168,1968,1886674,264026,5606117,17007,3847278592,1,19243:11
72536908,19243,3986132992,5141106688,1921,1518,975825,20,3859079168,1968,1886684,264027,5606190,17007,3838504960,1,19243:10
72641500,19243,3994128384,5141106688,1930,1520,977812,20,3860127744,1969,1886694,264030,5606261,17007,3830632448,1,19243:11
72746774,19243,3994128384,5141106688,1930,1521,977812,20,3867992064,1969,1886695,264034,5606339,17007,3830534144,1,19243:1
72851614,19243,3994128384,5141106688,1930,1523,977812,20,3875856384,1969,1886695,264036,5606420,17007,3830484992,1,19243:2
72956476,19243,3994128384,5141106688,1930,1525,977812,20,3883720704,1969,1886696,264038,5606501,17007,3830423552,1,19243:2
73061197,19243,3994128384,5141106688,1931,1527,977812,20,3891585024,1969,1886696,264039,5606582,17007,3830386688,1,19243:3
73165981,19243,3994128384,5141106688,1931,1529,977812,20,3899449344,1969,1886697,264042,5606663,17007,3830325248,1,19243:2
73270850,19243,3994128384,5141106688,1931,1531,977812,20,3907313664,1969,1886697,264046,5606742,17007,3830034432,1,19243:2
73376466,19243,3994128384,5141106688,1931,1533,977812,20,3915702272,1969,1886698,264048,5606824,17007,3830165504,1,19243:2
73482146,19243,3994128384,5141106688,1931,1535,977812,20,3923566592,1969,1886698,264051,5606906,17007,3830038528,1,19243:2
73587853,19243,3994128384,5141106688,1931,1537,977812,20,3931430912,1969,1886698,264053,5606987,17007,3830177792,1,19243:3
73693563,19243,3994128384,5141106688,1931,1540,977812,20,3939295232,1969,1886698,264055,5607068,17007,3830050816,1,19243:2
73798398,19243,3994128384,5141106688,1931,1542,977812,20,3947159552,1969,1886698,264058,5607150,17007,3830181888,1,19243:2
73903200,19243,3994128384,5141106688,1931,1544,977812,20,3955023872,1969,1886699,264062,5607229,17007,3830591488,1,19243:2
74007980,19243,3994128384,5141106688,1931,1545,977812,20,3962372096,1969,1886699,264063,5607310,17007,3830685696,1,19243:1
74112986,19243,4002385920,5141106688,1940,1546,979843,20,3962372096,1971,1886709,264065,5607383,17007,3821912064,1,19243:10
74218319,19243,4011167744,5141106688,1949,1547,981972,20,3962372096,1971,1886720,264066,5607455,17007,3813396480,1,19243:10
74323670,19243,4019949568,5141106688,1959,1548,984127,20,3962372096,1971,1886730,264070,5607526,17007,3804364800,1,19243:11
74429122,19243,4028731392,5141106688,1970,1548,986250,20,3962372096,1971,1886740,264070,5607599,17007,3795849216,1,19243:11
74534397,19243,4037382144,5141106688,1979,1549,988381,20,3962372096,1971,1886751,264073,5607670,17007,3786903552,1,19243:11
74639776,19243,4046163968,5141106688,1990,1549,990514,20,3962372096,1971,1886761,264073,5607743,17007,3778129920,1,19243:10
74745103,19243,4054814720,5141106688,1999,1551,992638,20,3962372096,1971,1886770,264075,5607816,17007,3769356288,1,19243:11
74850473,19243,4063596544,5141106688,2009,1551,994768,20,3962372096,1971,1886781,264076,5607889,17007,3760582656,1,19243:10
74955797,19243,4072247296,5141106688,2018,1552,996895,20,3962372096,1971,1886791,264077,5607962,17007,3752067072,1,19243:10
75061156,19243,4081029120,5141106688,2026,1555,999022,20,3962372096,1971,1886799,264080,5608035,17007,3743072256,1,19243:11
75166501,19243,4089679872,5141106688,2036,1556,1001157,20,3962372096,1971,1886809,264083,5608106,17007,3734286336,1,19243:11
75271887,19243,4097937408,5141106688,2045,1556,1003156,20,3963944960,1972,1886819,264083,5608180,17007,3726262272,1,19243:9
75377625,19243,4097937408,5141106688,2045,1559,1003156,20,3971809280,1972,1886820,264086,5608252,17016,3726487552,1,19243:3
75482666,19243,4097937408,5141106688,2045,1560,1003156,20,3979149312,1972,1886820,264089,5608315,17034,3726217216,1,19243:1
75589063,19243,4097937408,5141106688,2045,1561,1003156,20,3985965056,1972,1886820,264091,5608380,17050,3726057472,1,19243:1
75693900,19243,4097937408,5141106688,2045,1562,1003156,20,3993305088,1972,1886821,264094,5608448,17062,3725443072,1,19243:1
75799768,19243,4097937408,5141106688,2045,1564,1003156,20,4000645120,1972,1886822,264100,5608515,17070,3725635584,1,19243:2
75905113,19243,4097937408,5141106688,2045,1566,1003156,20,4008509440,1972,1886823,264102,5608597,17070,3725832192,1,19243:2
76010424,19243,4097937408,5141106688,2045,1568,1003156,20,4016373760,1972,1886823,264104,5608678,17070,3725537280,1,19243:2
76115437,19243,4097937408,5141106688,2045,1570,1003156,20,4024238080,1972,1886824,264107,5608759,17070,3726536704,1,19243:2
76220319,19243,4097937408,5141106688,2045,1572,1003156,20,4032626688,1972,1886824,264109,5608840,17070,3726454784,1,19243:2
76325711,19243,4097937408,5141106688,2045,1574,1003156,20,4040491008,1972,1886825,264111,5608922,17070,3726327808,1,19243:2
76430808,19243,4097937408,5141106688,2045,1575,1003156,20,4048355328,1972,1886825,264114,5609002,17070,3725922304,1,19243:1
76536405,19243,4097937408,5141106688,2045,1578,1003156,20,4056219648,1972,1886826,264116,5609083,17070,3726327808,1,19243:3
76641723,19243,4097937408,5141106688,2045,1580,1003156,20,4064608256,1972,1886826,264120,5609165,17070,3726200832,1,19243:2
76747166,19243,4104097792,5141106688,2051,1582,1004669,20,4065665024,1974,1886833,264121,5609239,17071,3719786496,1,19243:9
76852578,19243,4112748544,5141106688,2060,1583,1006777,20,4065665024,1974,1886842,264123,5609312,17071,3711012864,1,19243:9
76957911,19243,4121530368,5141106688,2070,1584,1008913,20,4065665024,1974,1886852,264124,5609385,17071,3702239232,1,19243:11
77063174,19243,4130312192,5141106688,2079,1585,1011048,20,4065665024,1974,1886862,264127,5609456,17071,3693576192,1,19243:11
77168458,19243,4138962944,5141106688,2089,1586,1013170,20,4065665024,1974,1886872,264128,5609529,17071,3684802560,1,19243:10
77273752,19243,4147613696,5141106688,2098,1587,1015301,20,4065665024,1974,1886882,264129,5609602,17071,3676028928,1,19243:10
77379075,19243,4156133376,5141106688,2106,1589,1017357,20,4065665024,1974,1886892,264132,5609673,17071,3667259392,1,19243:11
77484441,19243,4164784128,5141106688,2117,1590,1019484,20,4065665024,1974,1886902,264132,5609746,17071,3658743808,1,19243:11
77589726,19243,4173565952,5141106688,2126,1591,1021608,20,4065665024,1974,1886912,264134,5609819,17071,3649970176,1,19243:10
77695027,19243,4182216704,5141106688,2136,1591,1023745,20,4065665024,1974,1886923,264136,5609890,17071,3641516032,1,19243:10
77800317,19243,4190867456,5141106688,2145,1593,1025860,20,4065665024,1974,1886932,264138,5609963,17071,3632484352,1,19243:11
77905681,19243,4199649280,5141106688,2154,1595,1027987,20,4065665024,1974,1886941,264140,5610036,17071,3623968768,1,19243:11
78011004,19243,4201746432,5141106688,2156,1597,1028500,20,4072480768,1975,1886944,264142,5610116,17071,3621793792,1,19243:4
78115867,19243,4201746432,5141106688,2156,1598,1028500,20,4080345088,1975,1886944,264144,5610197,17071,3621875712,1,19243:1
78220623,19243,4201746432,5141106688,2156,1600,1028500,20,4088209408,1975,1886944,264146,5610278,17071,3621748736,1,19243:2
78325492,19243,4201746432,5141106688,2156,1602,1028500,20,4096073728,1975,1886944,264150,5610357,17071,3621429248,1,19243:2
78430417,19243,4201746432,5141106688,2156,1604,1028500,20,4103938048,1975,1886945,264152,5610439,17071,3621560320,1,19243:2
78535294,19243,4201746432,5141106688,2156,1606,1028500,20,4111802368,1975,1886945,264154,5610520,17071,3621441536,1,19243:2
78640275,19243,4201746432,5141106688,2156,1608,1028500,20,4120190976,1975,1886946,264156,5610602,17071,3621609472,1,19243:2
78745881,19243,4201746432,5141106688,2157,1609,1028500,20,4128055296,1975,1886946,264158,5610684,17071,3621482496,1,19243:2
78851611,19243,4201746432,5141106688,2157,1611,1028500,20,4135919616,1975,1886948,264162,5610762,17071,3620900864,1,19243:2
78957780,19243,4201746432,5141106688,2157,1614,1028500,20,4143783936,1975,1886949,264165,5610842,17071,3621810176,1,19243:3
79062748,19243,4201746432,5141106688,2157,1615,1028500,20,4151648256,1975,1886949,264167,5610923,17071,3621978112,1,19243:1
79167574,19243,4201746432,5141106688,2157,1617,1028500,20,4159512576,1975,1886950,264169,5611004,17071,3621851136,1,19243:2
79272479,19243,4201746432,5141106688,2157,1619,1028500,20,4167376896,1975,1886950,264171,5611085,17071,3621982208,1,19243:2
79377451,19243,4207775744,5141106688,2163,1621,1029960,20,4168957952,1977,1886958,264172,5611161,17071,3615518720,1,19243:8
79482828,19243,4216426496,5141106688,2172,1622,1032094,20,4168957952,1977,1886967,264176,5611232,17071,3606814720,1,19243:10
79588246,19243,4225208320,5141106688,2181,1624,1034216,20,4168957952,1977,1886976,264178,5611305,17071,3597783040,1,19243:11
79693618,19243,4233859072,5141106688,2190,1626,1036332,20,4168957952,1977,1886985,264180,5611378,17071,3589267456,1,19243:11
79798948,19243,4242509824,5141106688,2198,1627,1038456,20,4168957952,1977,1886994,264182,5611451,17071,3580493824,1,19243:10
79904288,19243,4251160576,5141106688,2207,1629,1040571,20,4168957952,1977,1887003,264184,5611524,17071,3571720192,1,19243:10
80009783,19243,4259942400,5141106688,2217,1630,1042714,20,4168957952,1977,1887014,264184,5611597,17071,3562475520,1,19243:11
80115112,19243,4268724224,5141106688,2227,1631,1044843,20,4168957952,1977,1887023,264188,5611669,17071,3554041856,1,19243:11
80220457,19243,4277374976,5141106688,2236,1632,1046972,20,4168957952,1977,1887033,264189,5611741,17071,3545010176,1,19243:10
80325829,19243,4286025728,5141106688,2245,1633,1049093,20,4168957952,1977,1887043,264190,5611814,17071,3536494592,1,19243:10
80431190,19243,4294938624,5141106688,2255,1634,1051246,20,4168957952,1977,1887053,264194,5611885,17071,3527720960,1,19243:11
80536668,19243,4303589376,5141106688,2264,1635,1053376,20,4168957952,1977,1887062,264196,5611958,17071,3518947328,1,19243:10
80642055,19243,4305555456,5141106688,2267,1637,1053844,20,4176297984,1978,1887064,264200,5612036,17071,3517562880,1,19243:5
80747926,19243,4305555456,5141106688,2267,1639,1053844,20,4184162304,1978,1887065,264202,5612117,17071,3517693952,1,19243:2
80852863,19243,4305555456,5141106688,2267,1641,1053844,20,4192026624,1978,1887065,264203,5612199,17071,3517329408,1,19243:2
80957746,19243,4305555456,5141106688,2267,1643,1053844,20,4199890944,1978,1887066,264205,5612280,17071,3517411328,1,19243:2
81063238,19243,4305555456,5141106688,2267,1644,1053844,20,4208279552,1978,1887066,264208,5612362,17071,3517370368,1,19243:2
81168715,19243,4305555456,5141106688,2267,1646,1053844,20,4216143872,1978,1887066,264209,5612443,17071,3517243392,1,19243:1
81273433,19243,4305555456,5141106688,2267,1648,1053844,20,4224008192,1978,1887066,264213,5612522,17071,3517583360,1,19243:2
81378385,19243,4305555456,5141106688,2267,1650,1053844,20,4232396800,1978,1887067,264215,5612604,17071,3517431808,1,19243:2
81484060,19243,4305555456,5141106688,2267,1652,1053844,20,4240261120,1978,1887067,264217,5612686,17071,3517562880,1,19243:2
81589381,19243,4305555456,5141106688,2267,1654,1053844,20,4248125440,1978,1887068,264219,5612767,17071,3517435904,1,19243:2
81694184,19243,4305555456,5141106688,2267,1656,1053844,20,4255989760,1978,1887068,264221,5612848,17071,3517566976,1,19243:2
81799133,19243,4305555456,5141106688,2267,1658,1053844,20,4264378368,1978,1887069,264224,5612929,17071,3517313024,1,19243:2
81905522,19243,4305555456,5141106688,2267,1660,1053844,20,4272242688,1978,1887070,264230,5613006,17071,3517075456,1,19243:2
82010503,19243,4313157632,5141106688,2276,1661,1055694,20,4272250880,1980,1887080,264230,5613080,17071,3509108736,1,19243:10
82115912,19243,4321808384,5141106688,2285,1662,1057814,20,4272250880,1980,1887089,264232,5613153,17071,3500617728,1,19243:10
82221261,19243,4330459136,5141106688,2295,1663,1059938,20,4272250880,1980,1887099,264233,5613226,17071,3492102144,1,19243:11
82326701,19243,4339109888,5141106688,2304,1664,1062052,20,4272250880,1980,1887108,264235,5613300,17071,3483328512,1,19243:10
82432002,19243,4347891712,5141106688,2314,1665,1064174,20,4272250880,1980,1887118,264237,5613371,17071,3474911232,1,19243:11
82537272,19243,4356542464,5141106688,2323,1666,1066291,20,4272250880,1980,1887128,264239,5613444,17071,3466137600,1,19243:10
82642632,19243,4365193216,5141106688,2333,1666,1068421,20,4272250880,1980,1887139,264239,5613517,17071,3457363968,1,19243:10
82748014,19243,4373975040,5141106688,2343,1667,1070539,20,4272250880,1980,1887149,264240,5613590,17071,3448848384,1,19243:11
82853255,19243,4382625792,5141106688,2353,1668,1072658,20,4272250880,1980,1887159,264241,5613663,17071,3440074752,1,19243:11
82958607,19243,4391276544,5141106688,2361,1670,1074782,20,4272250880,1980,1887168,264245,5613735,17071,3431153664,1,19243:11
83063960,19243,4400058368,5141106688,2369,1673,1076903,20,4272250880,1980,1887176,264248,5613808,17071,3422380032,1,19243:10
83169228,19243,4408709120,5141106688,2378,1674,1079021,20,4272250880,1980,1887185,264249,5613881,17071,3413864448,1,19243:10
83274491,19243,4409364480,5141106688,2379,1676,1079188,20,4280119296,1981,1887186,264252,5613962,17071,3413446656,1,19243:3
83380117,19243,4409364480,5141106688,2379,1678,1079188,20,4288507904,1981,1887186,264254,5614044,17071,3413319680,1,19243:2
83485988,19243,4409364480,5141106688,2379,1680,1079188,20,4296372224,1981,1887186,264261,5614120,17071,3412983808,1,19243:2
83591216,19243,4409364480,5141106688,2379,1682,1079188,20,4304236544,1981,1887186,264264,5614202,17071,3413114880,1,19243:2
83696265,19243,4409364480,5141106688,2379,1684,1079188,20,4312100864,1981,1887187,264266,5614283,17071,3412987904,1,19243:2
83800969,19243,4409364480,5141106688,2379,1686,1079188,20,4319965184,1981,1887187,264267,5614364,17071,3413118976,1,19243:2
83905732,19243,4409364480,5141106688,2379,1688,1079188,20,4327829504,1981,1887188,264270,5614445,17071,3412992000,1,19243:2
84010651,19243,4409364480,5141106688,2379,1690,1079188,20,4335693824,1981,1887188,264273,5614525,17071,3413184512,1,19243:2
84115595,19243,4409364480,5141106688,2379,1692,1079188,20,4343558144,1981,1887188,264274,5614606,17071,3413057536,1,19243:2
84220493,19243,4409364480,5141106688,2379,1694,1079188,20,4351946752,1981,1887189,264276,5614687,17071,3413364736,1,19243:2
84326102,19243,4409364480,5141106688,2379,1696,1079188,20,4359811072,1981,1887189,264279,5614770,17071,3413237760,1,19243:2
84431680,19243,4409364480,5141106688,2379,1697,1079188,20,4367675392,1981,1887190,264281,5614851,17071,3413368832,1,19243:2
84536969,19243,4409364480,5141106688,2379,1699,1079188,20,4375539712,1981,1887190,264284,5614931,17071,3412840448,1,19243:2
84642156,19243,4417359872,5141106688,2387,1701,1081126,20,4375547904,1983,1887198,264286,5615005,17071,3404582912,1,19243:9
84747536,19243,4426403840,5141106688,2396,1702,1083359,20,4375547904,1983,1887208,264288,5615078,17071,3395551232,1,19243:10
84852854,19243,4435578880,5141106688,2407,1702,1085584,20,4375547904,1983,1887219,264288,5615151,17071,3386261504,1,19243:11
84958193,19243,4444753920,5141106688,2416,1704,1087844,20,4375547904,1983,1887229,264292,5615221,17071,3376971776,1,19243:11
85063655,19243,4453928960,5141106688,2425,1705,1090060,20,4375547904,1983,1887238,264294,5615292,17071,3368349696,1,19243:10
85169033,19243,4462972928,5141106688,2435,1705,1092284,20,4375547904,1983,1887249,264295,5615366,17071,3359318016,1,19243:10
85274552,19243,4472147968,5141106688,2445,1706,1094520,20,4375547904,1983,1887260,264295,5615439,17071,3350028288,1,19243:12
85380089,19243,4481323008,5141106688,2455,1707,1096758,20,4375547904,1983,1887270,264296,5615512,17071,3340996608,1,19243:10
85485390,19243,4490498048,5141106688,2465,1707,1098988,20,4375547904,1983,1887280,264297,5615585,17071,3331964928,1,19243:10
85590721,19243,4499542016,5141106688,2474,1709,1101217,20,4375547904,1983,1887289,264301,5615656,17071,3323068416,1,19243:11
85696041,19243,4508717056,5141106688,2484,1710,1103434,20,4375547904,1983,1887299,264302,5615729,17071,3313778688,1,19243:11
85801529,19243,4513173504,5141106688,2488,1712,1104532,20,4380270592,1984,1887304,264304,5615806,17071,3309674496,1,19243:6
85907283,19243,4513173504,5141106688,2488,1714,1104532,20,4388134912,1984,1887305,264306,5615888,17071,3309547520,1,19243:2
86012074,19243,4513173504,5141106688,2488,1716,1104532,20,4395999232,1984,1887305,264310,5615967,17071,3309191168,1,19243:2
86116950,19243,4513173504,5141106688,2488,1718,1104532,20,4403863552,1984,1887305,264312,5616048,17071,3308883968,1,19243:2
86221822,19243,4513173504,5141106688,2489,1719,1104532,20,4411727872,1984,1887306,264314,5616129,17071,3309068288,1,19243:2
86326623,19243,4513173504,5141106688,2489,1721,1104532,20,4419592192,1984,1887306,264317,5616210,17071,3308941312,1,19243:2
86431717,19243,4513173504,5141106688,2489,1723,1104532,20,4427456512,1984,1887306,264320,5616291,17071,3309072384,1,19243:2
86537117,19243,4513173504,5141106688,2489,1725,1104532,20,4435320832,1984,1887308,264326,5616368,17071,3309293568,1,19243:2
86642738,19243,4513173504,5141106688,2489,1728,1104532,20,4443709440,1984,1887309,264329,5616450,17071,3309510656,1,19243:3
86748304,19243,4513173504,5141106688,2489,1730,1104532,20,4451573760,1984,1887309,264331,5616531,17071,3309383680,1,19243:2
86853450,19243,4513173504,5141106688,2489,1732,1104532,20,4459438080,1984,1887309,264334,5616612,17071,3309514752,1,19243:2
86958241,19243,4513173504,5141106688,2489,1734,1104532,20,4467302400,1984,1887310,264335,5616694,17071,3309387776,1,19243:2
87063060,19243,4513173504,5141106688,2489,1736,1104532,20,4475166720,1984,1887310,264337,5616775,17071,3309518848,1,19243:2
87168025,19243,4516450304,5141106688,2491,1738,1105311,20,4479881216,1986,1887315,264341,5616849,17073,3306139648,1,19243:4
87272659,19243,4525494272,5141106688,2500,1740,1107520,20,4479881216,1986,1887324,264342,5616922,17073,3296591872,1,19243:11
87377287,19243,4534669312,5141106688,2510,1740,1109740,20,4479881216,1986,1887334,264343,5616994,17073,3287560192,1,19243:10
87481953,19243,4543713280,5141106688,2520,1741,1111964,20,4479881216,1986,1887346,264343,5617067,17073,3278528512,1,19243:11
87586636,19243,4552757248,5141106688,2529,1741,1114174,20,4479881216,1986,1887355,264346,5617138,17073,3269386240,1,19243:10
87691332,19243,4561801216,5141106688,2539,1743,1116381,20,4479881216,1986,1887364,264348,5617211,17073,3260354560,1,19243:11
87796043,19243,4570845184,5141106688,2547,1745,1118600,20,4479881216,1986,1887373,264350,5617283,17073,3251322880,1,19243:10
87900664,19243,4580020224,5141106688,2556,1746,1120814,20,4479881216,1986,1887382,264351,5617356,17073,3242291200,1,19243:10
88005241,19243,4589064192,5141106688,2566,1747,1123039,20,4479881216,1986,1887392,264354,5617427,17073,3233107968,1,19243:11
88109916,19243,4598239232,5141106688,2575,1748,1125259,20,4479881216,1986,1887403,264358,5617497,17073,3224686592,1,19243:10
88214660,19243,4607283200,5141106688,2584,1749,1127480,20,4479881216,1986,1887412,264359,5617569,17073,3215138816,1,19243:11
88319334,19243,4616327168,5141106688,2593,1751,1129700,20,4479881216,1986,1887421,264361,5617642,17073,3206107136,1,19243:10
88424028,19243,4616982528,5141106688,2594,1753,1129876,20,4487749632,1987,1887422,264362,5617722,17073,3205726208,1,19243:3
88528681,19243,4616982528,5141106688,2594,1755,1129876,20,4495613952,1987,1887422,264367,5617801,17073,3205246976,1,19243:2
88633292,19243,4616982528,5141106688,2594,1757,1129876,20,4503478272,1987,1887423,264368,5617882,17073,3205353472,1,19243:2
88738403,19243,4616982528,5141106688,2594,1759,1129876,20,4511342592,1987,1887423,264371,5617963,17073,3205226496,1,19243:2
88843775,19243,4616982528,5141106688,2594,1761,1129876,20,4519731200,1987,1887424,264374,5618045,17073,3205357568,1,19243:2
88949174,19243,4616982528,5141106688,2594,1763,1129876,20,4527595520,1987,1887424,264376,5618127,17073,3204993024,1,19243:2
89054428,19243,4616982528,5141106688,2594,1765,1129876,20,4535459840,1987,1887424,264380,5618206,17073,3205545984,1,19243:2
89159382,19243,4616982528,5141106688,2594,1767,1129876,20,4543324160,1987,1887425,264382,5618287,17073,3205419008,1,19243:2
89264289,19243,4616982528,5141106688,2594,1769,1129876,20,4551188480,1987,1887425,264385,5618368,17073,3205550080,1,19243:2
89369163,19243,4616982528,5141106688,2594,1771,1129876,20,4559052800,1987,1887426,264387,5618449,17073,3205681152,1,19243:2
89473939,19243,4616982528,5141106688,2594,1773,1129876,20,4566917120,1987,1887426,264388,5618531,17073,3205554176,1,19243:2
89578632,19243,4616982528,5141106688,2594,1775,1129876,20,4574781440,1987,1887427,264395,5618607,17073,3205849088,1,19243:2
89683453,19243,4616982528,5141106688,2594,1777,1129876,20,4582645760,1987,1887427,264396,5618688,17073,3205722112,1,19243:2
89788414,19243,4623929344,5141106688,2601,1778,1131549,20,4584214528,1989,1887436,264397,5618762,17073,3198545920,1,19243:8
89893138,19243,4632973312,5141106688,2611,1779,1133753,20,4584214528,1989,1887446,264398,5618835,17073,3189514240,1,19243:11
89997826,19243,4642017280,5141106688,2620,1781,1135958,20,4584214528,1989,1887455,264401,5618907,17073,3180032000,1,19243:11
90102943,19243,4650536960,5141106688,2629,1782,1138057,20,4584214528,1989,1887464,264404,5618979,17073,3171123200,1,19243:10
90207679,19243,4659187712,5141106688,2638,1783,1140151,20,4584214528,1989,1887474,264404,5619051,17073,3162607616,1,19243:11
90312332,19243,4667838464,5141106688,2648,1784,1142254,20,4584214528,1989,1887484,264406,5619124,17073,3154337792,1,19243:10
90416954,19243,4676358144,5141106688,2657,1786,1144346,20,4584214528,1989,1887493,264407,5619197,17073,3145564160,1,19243:11
90521626,19243,4684877824,5141106688,2666,1787,1146441,20,4584214528,1989,1887503,264410,5619267,17073,3136970752,1,19243:10
90626293,19243,4693528576,5141106688,2676,1787,1148535,20,4584214528,1989,1887513,264412,5619340,17073,3128455168,1,19243:10
90730969,19243,4702048256,5141106688,2685,1789,1150634,20,4584214528,1989,1887522,264413,5619413,17073,3119681536,1,19243:11
90835632,19243,4710699008,5141106688,2694,1790,1152741,20,4584214528,1989,1887532,264414,5619486,17073,3111165952,1,19243:11
90940236,19243,4719349760,5141106688,2705,1790,1154845,20,4584214528,1989,1887542,264417,5619556,17073,3103096832,1,19243:10
91044930,19243,4720791552,5141106688,2706,1793,1155220,20,4591558656,1990,1887544,264420,5619635,17074,3101663232,1,19243:4
91150193,19243,4720791552,5141106688,2706,1795,1155220,20,4599422976,1990,1887546,264424,5619713,17074,3101794304,1,19243:2
91255564,19243,4720791552,5141106688,2706,1797,1155220,20,4607287296,1990,1887546,264426,5619794,17074,3101667328,1,19243:2
91360780,19243,4720791552,5141106688,2706,1799,1155220,20,4615151616,1990,1887546,264428,5619875,17074,3101798400,1,19243:3
91465822,19243,4720791552,5141106688,2707,1801,1155220,20,4623015936,1990,1887547,264432,5619955,17074,3101351936,1,19243:2
91570908,19243,4720791552,5141106688,2707,1804,1155220,20,4630880256,1990,1887547,264434,5620035,17074,3101237248,1,19243:3
91675658,19243,4720791552,5141106688,2707,1806,1155220,20,4638744576,1990,1887548,264436,5620116,17074,3101110272,1,19243:2
91780380,19243,4720791552,5141106688,2707,1808,1155220,20,4646608896,1990,1887548,264438,5620197,17074,3101241344,1,19243:2
91885098,19243,4720791552,5141106688,2707,1810,1155220,20,4654473216,1990,1887548,264440,5620277,17074,3101114368,1,19243:2
91990015,19243,4720791552,5141106688,2707,1813,1155220,20,4662337536,1990,1887549,264444,5620356,17074,3101691904,1,19243:3
92095221,19243,4720791552,5141106688,2707,1815,1155220,20,4670201856,1990,1887550,264446,5620437,17074,3101515776,1,19243:2
92200582,19243,4720791552,5141106688,2707,1817,1155220,20,4678590464,1990,1887550,264449,5620518,17075,3101560832,1,19243:2
92306066,19243,4720791552,5141106688,2707,1819,1155220,20,4686454784,1990,1887550,264452,5620599,17076,3101499392,1,19243:2
92411789,19243,4726427648,5141106688,2713,1821,1156582,20,4688547840,1992,1887558,264454,5620673,17076,3095048192,1,19243:8
92517742,19243,4734947328,5141106688,2723,1821,1158689,20,4688547840,1992,1887569,264455,5620746,17076,3086864384,1,19243:10
92623145,19243,4743729152,5141106688,2732,1822,1160813,20,4688547840,1992,1887578,264459,5620816,17076,3078090752,1,19243:11
92728589,19243,4752248832,5141106688,2742,1823,1162906,20,4688547840,1992,1887588,264460,5620889,17076,3069575168,1,19243:10
92833887,19243,4760768512,5141106688,2752,1824,1164992,20,4688547840,1992,1887599,264460,5620963,17076,3061059584,1,19243:11
92939254,19243,4769419264,5141106688,2761,1826,1167104,20,4688547840,1992,1887608,264464,5621034,17076,3051757568,1,19243:11
93044602,19243,4778070016,5141106688,2771,1826,1169222,20,4688547840,1992,1887618,264465,5621107,17076,3042983936,1,19243:10
93149899,19243,4786720768,5141106688,2779,1828,1171311,20,4688547840,1992,1887627,264467,5621180,17076,3034628096,1,19243:10
93255254,19243,4795240448,5141106688,2789,1829,1173411,20,4688547840,1992,1887637,264468,5621253,17076,3026112512,1,19243:11
93360679,19243,4803891200,5141106688,2797,1831,1175521,20,4688547840,1992,1887645,264473,5621324,17076,3017289728,1,19243:10
93466089,19243,4812541952,5141106688,2807,1832,1177621,20,4688547840,1992,1887656,264474,5621397,17076,3008774144,1,19243:11
93571415,19243,4821192704,5141106688,2816,1834,1179736,20,4688547840,1992,1887665,264475,5621470,17076,3000258560,1,19243:11
93676717,19243,4824600576,5141106688,2820,1835,1180564,20,4694319104,1993,1887669,264477,5621548,17076,2996957184,1,19243:5
93782408,19243,4824600576,5141106688,2820,1838,1180564,20,4702183424,1993,1887670,264482,5621627,17076,2997047296,1,19243:3
93888056,19243,4824600576,5141106688,2820,1840,1180564,20,4710047744,1993,1887670,264484,5621708,17076,2996920320,1,19243:2
93992868,19243,4824600576,5141106688,2820,1843,1180564,20,4717912064,1993,1887670,264487,5621788,17076,2996756480,1,19243:3
94098464,19243,4824600576,5141106688,2821,1845,1180564,20,4726300672,1993,1887671,264489,5621870,17076,2996715520,1,19243:3
94204392,19243,4824600576,5141106688,2821,1848,1180564,20,4734164992,1993,1887672,264494,5621948,17076,2996854784,1,19243:3
94309347,19243,4824600576,5141106688,2821,1850,1180564,20,4742029312,1993,1887672,264498,5622027,17076,2996686848,1,19243:2
94414411,19243,4824600576,5141106688,2821,1852,1180564,20,4750417920,1993,1887673,264500,5622108,17076,2996768768,1,19243:2
94520253,19243,4824600576,5141106688,2821,1855,1180564,20,4758282240,1993,1887674,264502,5622190,17076,2996666368,1,19243:3
94625784,19243,4824600576,5141106688,2821,1857,1180564,20,4766146560,1993,1887674,264504,5622271,17076,2996797440,1,19243:2
94730634,19243,4824600576,5141106688,2821,1859,1180564,20,4774010880,1993,1887675,264508,5622350,17076,2996580352,1,19243:2
94836321,19243,4824600576,5141106688,2821,1861,1180564,20,4782399488,1993,1887675,264510,5622431,17076,2996797440,1,19243:2
94942148,19243,4824600576,5141106688,2821,1864,1180564,20,4790263808,1993,1887676,264513,5622513,17076,2996584448,1,19243:3
95048042,19243,4829712384,5141106688,2827,1865,1181802,20,4792881152,1995,1887683,264514,5622589,17076,2991321088,1,19243:7
95153478,19243,4838363136,5141106688,2837,1866,1183930,20,4792881152,1995,1887694,264516,5622661,17076,2983022592,1,19243:11
95259086,19243,4847144960,5141106688,2847,1866,1186061,20,4792881152,1995,1887704,264518,5622734,17076,2973990912,1,19243:10
95364452,19243,4855795712,5141106688,2857,1866,1188176,20,4792881152,1995,1887714,264518,5622807,17076,2965217280,1,19243:10
95469892,19243,4864446464,5141106688,2867,1867,1190284,20,4792881152,1995,1887725,264519,5622880,17076,2956443648,1,19243:11
95575276,19243,4872966144,5141106688,2876,1868,1192382,20,4792881152,1995,1887735,264521,5622953,17076,2947743744,1,19243:10
95681336,19243,4881747968,5141106688,2886,1869,1194535,20,4792881152,1995,1887745,264526,5623022,17076,2938863616,1,19243:11
95786776,19243,4890529792,5141106688,2896,1869,1196652,20,4792881152,1995,1887756,264526,5623095,17076,2930089984,1,19243:11
95892347,19243,4899180544,5141106688,2906,1870,1198766,20,4792881152,1995,1887766,264527,5623168,17076,2921316352,1,19243:10
95997663,19243,4907700224,5141106688,2916,1871,1200862,20,4792881152,1995,1887777,264529,5623241,17076,2912796672,1,19243:11
96103575,19243,4916482048,5141106688,2925,1872,1202988,20,4792881152,1995,1887786,264531,5623313,17076,2904522752,1,19243:11
96209023,19243,4925001728,5141106688,2936,1872,1205093,20,4792881152,1995,1887797,264531,5623386,17076,2896007168,1,19243:10
96314446,19243,4928409600,5141106688,2940,1874,1205908,20,4798652416,1996,1887802,264533,5623464,17077,2892972032,1,19243:6
96420225,19243,4928409600,5141106688,2940,1876,1205908,20,4806516736,1996,1887802,264535,5623546,17077,2892845056,1,19243:2
96526241,19243,4928409600,5141106688,2940,1879,1205908,20,4814381056,1996,1887803,264539,5623625,17077,2892959744,1,19243:3
96631656,19243,4928409600,5141106688,2940,1881,1205908,20,4822245376,1996,1887803,264542,5623706,17077,2892595200,1,19243:2
96736675,19243,4928409600,5141106688,2940,1884,1205908,20,4830109696,1996,1887804,264544,5623786,17077,2892726272,1,19243:3
96841882,19243,4928409600,5141106688,2940,1886,1205908,20,4837974016,1996,1887804,264546,5623868,17077,2892599296,1,19243:2
96947581,19243,4928409600,5141106688,2940,1889,1205908,20,4845838336,1996,1887805,264551,5623946,17077,2892713984,1,19243:3
97052686,19243,4928409600,5141106688,2940,1891,1205908,20,4853702656,1996,1887805,264554,5624027,17077,2892587008,1,19243:2
97158017,19243,4928409600,5141106688,2940,1894,1205908,20,4861566976,1996,1887805,264556,5624108,17077,2892718080,1,19243:3
97263028,19243,4928409600,5141106688,2940,1896,1205908,20,4869431296,1996,1887806,264561,5624186,17077,2892541952,1,19243:2
97368849,19243,4928409600,5141106688,2940,1899,1205908,20,4877819904,1996,1887807,264565,5624265,17077,2892967936,1,19243:3
97474646,19243,4928409600,5141106688,2940,1901,1205908,20,4885684224,1996,1887808,264568,5624347,17077,2892840960,1,19243:3
97580348,19243,4928409600,5141106688,2940,1904,1205908,20,4893548544,1996,1887808,264571,5624427,17077,2892972032,1,19243:2
97685367,19243,4932603904,5141106688,2945,1905,1206929,20,4896690176,1998,1887814,264572,5624503,17078,2888372224,1,19243:6
97790735,19243,4941254656,5141106688,2954,1906,1209058,20,4896690176,1998,1887824,264575,5624575,17078,2879832064,1,19243:11
97896883,19243,4950036480,5141106688,2964,1908,1211199,20,4896690176,1998,1887833,264576,5624648,17078,2871058432,1,19243:11
98002216,19243,4958687232,5141106688,2973,1908,1213305,20,4896690176,1998,1887844,264577,5624722,17078,2862297088,1,19243:9
98107612,19243,4967337984,5141106688,2984,1909,1215419,20,4896690176,1998,1887854,264578,5624795,17078,2853564416,1,19243:12
98212992,19243,4975988736,5141106688,2993,1910,1217536,20,4896690176,1998,1887864,264580,5624866,17078,2844782592,1,19243:10
98318313,19243,4984639488,5141106688,3002,1911,1219650,20,4896690176,1998,1887874,264582,5624939,17078,2835750912,1,19243:10
98423658,19243,4993421312,5141106688,3012,1912,1221768,20,4896690176,1998,1887884,264583,5625012,17078,2826977280,1,19243:11
98529035,19243,5001940992,5141106688,3020,1914,1223879,20,4896690176,1998,1887892,264585,5625085,17078,2818203648,1,19243:10
98634393,19243,5010591744,5141106688,3030,1915,1225981,20,4896690176,1998,1887903,264588,5625156,17078,2810204160,1,19243:11
98739726,19243,5019373568,5141106688,3039,1917,1228126,20,4896690176,1998,1887913,264592,5625227,17078,2801172480,1,19243:11
98845096,19243,5028155392,5141106688,3049,1917,1230249,20,4896690176,1998,1887924,264592,5625299,17078,2792398848,1,19243:10
98950403,19243,5032218624,5141106688,3054,1918,1231252,20,4901933056,1999,1887929,264593,5625377,17078,2788610048,1,19243:6
99056218,19243,5032218624,5141106688,3054,1920,1231252,20,4909797376,1999,1887930,264597,5625457,17078,2788749312,1,19243:2
99162517,19243,5032218624,5141106688,3054,1923,1231252,20,4917661696,1999,1887930,264600,5625539,17078,2788536320,1,19243:3
99268217,19243,5032218624,5141106688,3054,1925,1231252,20,4925526016,1999,1887930,264602,5625621,17078,2788753408,1,19243:2
99373925,19243,5032218624,5141106688,3054,1927,1231252,20,4933390336,1999,1887931,264606,5625702,17078,2788380672,1,19243:2
99479596,19243,5032218624,5141106688,3054,1929,1231252,20,4941254656,1999,1887932,264610,5625782,17078,2788519936,1,19243:3
99585239,19243,5032218624,5141106688,3054,1932,1231252,20,4949118976,1999,1887932,264613,5625863,17078,2788392960,1,19243:2
99690553,19243,5032218624,5141106688,3054,1935,1231252,20,4956983296,1999,1887932,264616,5625943,17078,2788524032,1,19243:3
99795533,19243,5032218624,5141106688,3054,1937,1231252,20,4964847616,1999,1887933,264618,5626025,17078,2788397056,1,19243:2
99900494,19243,5032218624,5141106688,3054,1939,1231252,20,4972711936,1999,1887933,264622,5626104,17078,2788278272,1,19243:2
100005352,19243,5032218624,5141106688,3054,1941,1231252,20,4980576256,1999,1887934,264624,5626185,17078,2788126720,1,19243:2
100110899,19243,5032218624,5141106688,3054,1943,1231252,20,4988964864,1999,1887934,264627,5626267,17078,2788265984,1,19243:2
100216659,19243,5032218624,5141106688,3054,1945,1231252,20,4996829184,1999,1887934,264629,5626349,17078,2788139008,1,19243:2
100322217,19243,5036150784,5141106688,3057,1949,1232215,20,4999983104,2001,1887941,264634,5626422,17078,2784428032,1,19243:7
100427653,19243,5044801536,5141106688,3067,1949,1234334,20,4999983104,2001,1887951,264634,5626495,17078,2775396352,1,19243:10
100533141,19243,5053583360,5141106688,3077,1950,1236458,20,4999983104,2001,1887961,264635,5626568,17078,2766622720,1,19243:11
100638527,19243,5062234112,5141106688,3087,1950,1238574,20,4999983104,2001,1887972,264635,5626641,17078,2758107136,1,19243:10
100743883,19243,5070884864,5141106688,3096,1952,1240679,20,4999983104,2001,1887981,264638,5626713,17078,2749861888,1,19243:11
100849158,19243,5079535616,5141106688,3105,1953,1242798,20,4999983104,2001,1887991,264640,5626786,17078,2741346304,1,19243:10
100954535,19243,5088186368,5141106688,3115,1953,1244923,20,4999983104,2001,1888002,264640,5626859,17078,2732572672,1,19243:11
101059897,19243,5096837120,5141106688,3124,1956,1247036,20,4999983104,2001,1888010,264643,5626932,17078,2723799040,1,19243:11
101165251,19243,5105487872,5141106688,3133,1956,1249153,20,4999983104,2001,1888020,264645,5627004,17078,2714963968,1,19243:9
101270551,19243,5114269696,5141106688,3143,1957,1251273,20,4999983104,2001,1888031,264646,5627077,17078,2705969152,1,19243:11
101375912,19243,5122920448,5141106688,3153,1958,1253389,20,4999983104,2001,1888041,264647,5627150,17078,2697453568,1,19243:11
101481284,19243,5131571200,5141106688,3162,1959,1255511,20,4999983104,2001,1888050,264649,5627221,17078,2688454656,1,19243:10
101586679,19243,5034311680,5104795648,3168,1963,1257859,20,4999983104,2001,1888057,264654,5627295,17078,2782556160,1,19243:11
101693112,19243,5100240896,5168734208,3173,1969,1274105,20,4999983104,2001,1888063,264660,5627369,17078,2720374784,1,19243:10
101800702,19243,5102600192,5262188544,3191,1969,1275043,46,5000048640,2001,1888105,264664,5627429,17080,2716286976,8,19243:18;19249:0;19250:0;19251:0;19252:0;19253:0;19254:0;19255:0
101940711,19243,5103124480,5262188544,3296,1971,1275700,46,5000048640,2001,1888208,264664,5627439,17080,2716286976,8,19243:107;19249:104;19250:104;19251:109;19252:107;19253:101;19254:101;19255:100
102079901,19243,5103124480,5262188544,3396,1971,1275700,46,5000048640,2001,1888302,264664,5627445,17080,2716377088,8,19243:101;19249:97;19250:97;19251:95;19252:91;19253:92;19254:92;19255:95
102205281,19243,5103124480,5262188544,3489,1971,1275700,46,5000048640,2001,1888395,264664,5627450,17080,2716377088,8,19243:92;19249:94;19250:97;19251:95;19252:95;19253:97;19254:100;19255:99
102340828,19243,5103124480,5262188544,3588,1972,1275700,46,5000048640,2001,1888494,264665,5627458,17080,2716377088,8,19243:102;19249:103;19250:100;19251:99;19252:102;19253:99;19254:97;19255:95
102473460,19243,5103124480,5262188544,3685,1972,1275700,46,5000048640,2001,1888599,264665,5627463,17080,2716377088,8,19243:95;19249:98;19250:98;19251:101;19252:104;19253:104;19254:103;19255:106
102608725,19243,5103779840,5262188544,3786,1973,1276340,46,5000048640,2001,1888700,264667,5627464,17080,2715602944,8,19243:102;19249:96;19250:102;19251:99;19252:99;19253:99;19254:99;19255:102
102741140,19243,5104566272,5262188544,3890,1973,1277769,46,5000048640,2001,1888805,264668,5627464,17080,2714570752,8,19243:104;19249:110;19250:104;19251:104;19252:104;19253:104;19254:104;19255:104
102872969,19243,5104566272,5262188544,3985,1973,1278069,46,5000048640,2001,1888890,264668,5627479,17080,2714570752,8,19243:95;19249:89;19250:93;19251:93;19252:87;19253:87;19254:91;19255:85
102998526,19243,5104566272,5262188544,4075,1973,1278069,46,5000048640,2001,1888982,264670,5627486,17080,2714570752,8,19243:93;19249:93;19250:89;19251:89;19252:89;19253:95;19254:92;19255:92
103128704,19243,5104566272,5262188544,4170,1974,1278069,46,5000048640,2001,1889082,264670,5627488,17080,2714570752,8,19243:93;19249:99;19250:99;19251:102;19252:102;19253:96;19254:97;19255:97
103252840,19243,5104566272,5262188544,4264,1974,1278069,46,5000048640,2001,1889172,264671,5627498,17080,2714570752,8,19243:94;19249:88;19250:91;19251:89;19252:89;19253:89;19254:90;19255:92
103384693,19243,5104566272,5262188544,4340,1974,1278069,46,5000048640,2001,1889246,264674,5627521,17080,2714570752,8,19243:77;19249:77;19250:74;19251:76;19252:78;19253:80;19254:78;19255:76
103511081,19243,5104566272,5262188544,4430,1974,1278069,46,5000048640,2001,1889348,264674,5627523,17080,2714570752,8,19243:92;19249:92;19250:101;19251:98;19252:99;19253:97;19254:99;19255:99
103640708,19243,5104566272,5262188544,4531,1974,1278069,46,5000048640,2001,1889440,264675,5627531,17080,2714570752,8,19243:98;19249:98;19250:92;19251:93;19252:90;19253:90;19254:90;19255:91
103766446,19243,5104566272,5262188544,4621,1974,1278069,46,5000048640,2001,1889533,264676,5627538,17080,2714570752,8,19243:92;19249:92;19250:89;19251:88;19252:88;19253:95;19254:92;19255:91
103892707,19243,5104566272,5262188544,4715,1974,1278069,46,5000048640,2001,1889625,264676,5627540,17080,2714570752,8,19243:92;19249:94;19250:94;19251:94;19252:97;19253:90;19254:93;19255:93
104010813,19243,4839038976,5098958848,4731,1982,1278071,46,5000048640,2001,1889632,264687,5627612,17080,2973863936,8,19243:25;19249:23;19250:23;19251:23;19252:20;19253:20;19254:17;19255:17
104121398,19243,4554706944,5098958848,4731,1994,1278071,46,5000048640,2001,1889633,264699,5627688,17080,3262435328,8,19243:11;19249:11;19250:11;19251:11;19252:11;19253:11;19254:11;19255:11
104232255,19243,4236922880,5098958848,4731,2005,1278071,46,5000048640,2001,1889634,264710,5627764,17080,3577155584,8,19243:11;19249:11;19250:11;19251:11;19252:11;19253:11;19254:11;19255:12
104343741,19243,3919138816,5098958848,4731,2016,1278071,46,5000048640,2001,1889635,264721,5627841,17080,3897245696,8,19243:11;19249:11;19250:11;19251:11;19252:11;19253:11;19254:11;19255:10
104454971,19243,3601354752,5098958848,4731,2027,1278071,46,5000048640,2001,1889636,264740,5627911,17080,4217266176,8,19243:11;19249:11;19250:11;19251:12;19252:12;19253:12;19254:12;19255:12
104567705,19243,3243847680,5098958848,4731,2038,1278071,46,5000048640,2001,1889637,264763,5627976,17080,4574011392,8,19243:11;19249:11;19250:11;19251:11;19252:11;19253:11;19254:11;19255:11
104679200,19243,2926063616,5098958848,4731,2049,1278071,46,5000048640,2001,1889638,264786,5628043,17080,4888944640,8,19243:12;19249:12;19250:12;19251:11;19252:11;19253:11;19254:11;19255:11
104793131,19243,2648596480,2822356992,4731,2061,1278071,46,5000048640,2001,1889639,264809,5628110,17080,5179858944,8,19243:11;19249:11;19250:11;19251:11;19252:11;19253:12;19254:12;19255:12
104907818,19243,2357551104,2822356992,4731,2072,1278071,46,5000048640,2001,1889641,264835,5628173,17080,5465571328,8,19243:11;19249:11;19250:11;19251:12;19252:12;19253:11;19254:11;19255:11
105022071,19243,2088656896,2822356992,4731,2084,1278071,46,5000048640,2001,1889642,264859,5628240,17080,5736849408,8,19243:12;19249:12;19250:12;19251:11;19252:11;19253:11;19254:11;19255:11
105135863,19243,1828610048,2822356992,4731,2095,1278071,46,5000048640,2001,1889644,264881,5628306,17080,6007349248,8,19243:11;19249:11;19250:11;19251:12;19252:12;19253:12;19254:12;19255:12
105249537,19243,1563090944,2822356992,4731,2106,1278071,46,5000048640,2001,1889644,264905,5628373,17080,6260350976,8,19243:11;19249:12;19250:12;19251:11;19252:11;19253:11;19254:11;19255:11
105362976,19243,1285029888,2822356992,4731,2118,1278071,46,5000048640,2001,1889646,264928,5628439,17080,6535065600,8,19243:12;19249:11;19250:11;19251:11;19252:11;19253:11;19254:11;19255:12
105476611,19243,1000235008,2822356992,4731,2129,1278071,46,5000048640,2001,1889647,264950,5628506,17080,6845558784,8,19243:11;19249:11;19250:12;19251:12;19252:12;19253:12;19254:12;19255:11
105590323,19243,689184768,2822356992,4731,2140,1278071,46,5000048640,2001,1889648,264974,5628573,17080,7136096256,8,19243:12;19249:12;19250:11;19251:11;19252:11;19253:11;19254:11;19255:11
105703641,19243,410468352,2822356992,4731,2152,1278071,46,5000048640,2001,1889649,264996,5628640,17080,7404630016,8,19243:11;19249:11;19250:11;19251:11;19252:11;19253:12;19254:12;19255:12
105818793,19243,140402688,2822356992,4731,2163,1278071,46,5000048640,2001,1889650,265012,5628712,17080,7672573952,8,19243:12;19249:12;19250:12;19251:12;19252:12;19253:11;19254:11;19255:11
105929521,19243,41242624,108818432,4737,2169,1278077,46,5000048640,2001,1889658,265017,5628788,17080,7784116224,8,19243:11;19249:11;19250:11;19251:11;19252:11;19253:11;19254:11;19255:11
106039973,19243,37142528,104718336,4748,2169,1278080,46,5000048640,2001,1889670,265017,5628864,17080,7787896832,8,19243:11;19249:11;19250:11;19251:11;19252:11;19253:11;19254:11;19255:11
106150594,19243,37142528,104718336,4759,2169,1278080,46,5000048640,2001,1889681,265017,5628941,17080,7787896832,8,19243:11;19249:11;19250:11;19251:11;19252:11;19253:11;19254:11;19255:11
