elapsed_us,pid,rss_bytes,vsize_bytes,process_utime_ticks,process_stime_ticks,minor_faults,major_faults,read_bytes,syscr,system_user_ticks,system_ticks,system_idle_ticks,system_iowait_ticks,available_bytes,thread_count,thread_delta_ticks,process_cpu_pct,disk_reads_completed,disk_sectors_read,disk_io_ticks
8164,25167,131072,3534848,0,0,16,0,405504,6,1994167,322716,7177430,21187,7824863232,1,25167:0,0.0,746347,281837696,2198832
114081,25167,9568256,14938112,5,3,1195,20,3207168,347,1994173,322720,7177504,21188,7820484608,1,25167:8,75.53077885847426,746383,281843232,2198856
220688,25167,14102528,19517440,15,3,3110,20,5697536,954,1994184,322722,7177577,21188,7816085504,1,25167:10,93.80240740501719,746402,281848096,2198900
326885,25167,17510400,22708224,25,4,3892,21,5853184,995,1994195,322722,7177650,21188,7812730880,1,25167:11,103.58112336101235,746404,281848400,2198904
432439,25167,18821120,24805376,35,4,4222,21,5853184,995,1994206,322723,7177724,21188,7811182592,1,25167:10,94.73826607126446,746404,281848400,2198904
537965,25167,19083264,24805376,45,4,4241,22,5922816,995,1994216,322723,7177797,21188,7811182592,1,25167:11,94.76351594022788,746405,281848536,2198904
644650,25167,19476480,24805376,56,5,4339,22,5922816,995,1994228,322724,7177871,21188,7810666496,1,25167:11,112.48111969255609,746405,281848536,2198904
750858,25167,23277568,28184576,65,6,5234,22,5922816,995,1994237,322725,7177945,21188,7807434752,1,25167:10,94.15457337480026,746405,281848536,2198904
857058,25167,30093312,35098624,75,7,6926,22,5922816,995,1994247,322726,7178018,21188,7800467456,1,25167:11,103.57848213154422,746405,281848536,2198904
963420,25167,33501184,38498304,84,8,7756,22,5922816,995,1994256,322728,7178092,21188,7796854784,1,25167:10,94.01814091311095,746405,281848536,2198904
1069694,25167,37826560,42762240,94,9,8792,22,5922816,995,1994267,322728,7178166,21188,7792984064,1,25167:12,103.5062380574973,746405,281848536,2198904
1176984,25167,38744064,43302912,105,9,8953,22,5922816,995,1994279,322728,7178240,21188,7792209920,1,25167:10,102.52568960573029,746405,281848536,2198904
1282660,25167,38744064,43302912,116,9,8953,22,5922816,995,1994290,322728,7178313,21188,7792209920,1,25167:11,104.0921954037618,746405,281848536,2198904
1388487,25167,38744064,43302912,126,9,8953,22,5922816,995,1994301,322729,7178387,21188,7792238592,1,25167:10,94.49391426591727,746405,281848536,2198904
1495143,25167,38744064,43302912,137,9,8953,22,5922816,995,1994312,322729,7178460,21188,7792238592,1,25167:11,103.13528452165339,746405,281848536,2198904
1601165,25167,42151936,46706688,147,9,9761,22,5922816,995,1994322,322730,7178533,21188,7788883968,1,25167:10,94.31926747582287,746405,281848536,2198904
1706794,25167,42151936,46706688,157,9,9767,22,5922816,995,1994333,322730,7178607,21188,7788883968,1,25167:10,94.67115029234452,746405,281848536,2198904
1812265,25167,42414080,47157248,168,9,9815,22,5922816,995,1994344,322730,7178680,21188,7788625920,1,25167:11,104.29434823238147,746405,281848536,2198904
1918637,25167,48312320,5037297664,170,13,11245,22,13266944,996,1994346,322734,7178758,21189,7782318080,1,25167:6,56.40564768316105,746418,281860832,2198980
2025593,25167,56569856,5037297664,170,17,13178,22,21131264,996,1994346,322740,7178839,21189,7774441472,1,25167:5,37.398751878364,746433,281876192,2199072
2132211,25167,64565248,5037297664,170,22,15213,22,28995584,996,1994347,322744,7178918,21189,7766564864,1,25167:4,46.89627332198569,746448,281891552,2199148
2238042,25167,72429568,5037297664,170,27,17133,22,37384192,996,1994347,322750,7178997,21189,7758176256,1,25167:5,47.24515263080428,746464,281907936,2199224
2344965,25167,80818176,5037297664,170,31,19129,22,45248512,996,1994347,322754,7179077,21189,7750299648,1,25167:4,37.41023600920771,746479,281923296,2199308
2451193,25167,88682496,5037297664,170,35,21101,22,53112832,996,1994348,322758,7179156,21189,7742423040,1,25167:4,37.654709197246504,746495,281939680,2199388
2556940,25167,96546816,5037297664,170,39,23021,22,60977152,996,1994348,322763,7179236,21189,7733821440,1,25167:4,37.826264176680965,746510,281955040,2199468
2663734,25167,104935424,5037297664,171,42,25010,22,69365760,996,1994349,322766,7179317,21189,7726157824,1,25167:4,37.45517586942055,746525,281970400,2199548
2770035,25167,112275456,5037297664,172,46,26811,22,77381632,1000,1994349,322770,7179397,21189,7718682624,1,25167:5,47.03611913936659,746543,281986056,2199632
2876717,25167,120139776,5037297664,172,49,28731,22,85245952,1000,1994349,322781,7179468,21189,7709765632,1,25167:4,28.12104881688467,746559,282001416,2199708
2983352,25167,128266240,5037297664,172,53,30778,22,93110272,1000,1994349,322784,7179548,21189,7701889024,1,25167:4,37.51094968065522,746574,282016776,2199788
3089413,25167,136130560,5037297664,173,56,32664,22,100974592,1000,1994350,322789,7179628,21189,7694012416,1,25167:4,37.71445677628609,746590,282032136,2199872
3195626,25167,143994880,5037297664,173,61,34619,22,108838912,1000,1994350,322792,7179707,21189,7685877760,1,25167:4,47.07521811101894,746606,282048520,2199960
3302153,25167,151859200,5037297664,173,65,36539,22,117227520,1000,1994351,322797,7179789,21189,7677808640,1,25167:4,37.549169111516534,746621,282063880,2200040
3409094,25167,160247808,5037297664,173,68,38587,22,125091840,1000,1994352,322800,7179869,21189,7670190080,1,25167:4,28.052757924139677,746636,282079240,2200124
3514866,25167,168112128,5037297664,173,72,40507,22,132956160,1000,1994352,322804,7179948,21189,7662313472,1,25167:3,37.817144858318116,746652,282095624,2200200
3620626,25167,175976448,5037297664,174,75,42427,22,141344768,1000,1994352,322808,7180028,21189,7653924864,1,25167:4,37.82133133109726,746667,282110984,2200272
3727404,25167,184365056,5037297664,174,80,44448,22,149209088,1000,1994352,322812,7180109,21189,7646048256,1,25167:5,46.826405458737646,746682,282126344,2200356
3833408,25167,192229376,5037297664,174,84,46395,22,157073408,1000,1994353,322816,7180188,21189,7638171648,1,25167:4,37.734513753197284,746698,282142728,2200436
3939190,25167,200093696,5037297664,174,88,48315,22,165462016,1000,1994354,322821,7180268,21189,7629783040,1,25167:4,37.813555199074564,746713,282158088,2200516
4045981,25167,208482304,5037297664,174,92,50347,22,173326336,1000,1994354,322826,7180349,21189,7621906432,1,25167:4,37.45608215841798,746728,282173448,2200596
4152058,25167,216346624,5037297664,174,96,52283,22,181190656,1000,1994354,322830,7180428,21189,7613771776,1,25167:4,37.70870874709685,746744,282189832,2200680
4257942,25167,224210944,5037297664,174,100,54203,22,189579264,1000,1994354,322833,7180508,21189,7605383168,1,25167:4,37.777189062260895,746759,282205192,2200764
4364858,25167,232599552,5037297664,174,104,56251,22,197443584,1000,1994355,322837,7180589,21189,7597506560,1,25167:4,37.41261220498367,746774,282220552,2200848
4470725,25167,240463872,5037297664,174,108,58171,22,205307904,1000,1994356,322842,7180669,21189,7589629952,1,25167:4,37.7830172327397,746790,282235912,2200928
4576738,25167,248328192,5037297664,174,112,60091,22,213172224,1000,1994356,322846,7180748,21189,7581782016,1,25167:4,37.73147327357593,746806,282252296,2201008
4682700,25167,256061440,5037297664,174,116,61973,22,220876800,1006,1994357,322849,7180827,21190,7574011904,1,25167:4,37.7492774717512,746824,282267344,2201096
4788551,25167,263401472,5037297664,174,120,63754,22,228548608,1021,1994358,322853,7180906,21191,7566680064,1,25167:4,37.78884684480795,746846,282282328,2201168
4894895,25167,270217216,5037297664,174,123,65433,22,235528192,1042,1994358,322857,7180984,21193,7559753728,1,25167:3,28.210470496671853,746869,282295968,2201256
5000519,25167,277032960,5037297664,174,126,67090,22,243785728,1045,1994359,322861,7181064,21194,7552503808,1,25167:3,28.40264463840863,746886,282311064,2201336
5107397,25167,285421568,5037297664,174,130,69074,22,251650048,1045,1994359,322865,7181145,21194,7544627200,1,25167:4,37.42560771608245,746901,282326424,2201432
5213524,25167,293285888,5037297664,174,134,71058,22,259514368,1045,1994360,322870,7181225,21194,7536750592,1,25167:4,37.6908543547085,746916,282341784,2201520
5319079,25167,301150208,5037297664,174,137,72978,22,267378688,1045,1994360,322873,7181304,21194,7528873984,1,25167:3,28.421266838179537,746932,282358168,2201612
5425121,25167,308883456,5037297664,174,141,74865,22,275632128,1047,1994361,322878,7181385,21194,7520632832,1,25167:4,37.72090303841874,746947,282373264,2201692
5531868,25167,317272064,5037297664,174,145,76901,22,283496448,1047,1994361,322882,7181466,21194,7512756224,1,25167:4,37.47179837324619,746962,282388624,2201768
5637985,25167,325136384,5037297664,174,148,78713,22,291360768,1047,1994362,322886,7181546,21194,7504879616,1,25167:4,28.27051612086603,746978,282403984,2201856
5744550,25167,333000704,5037297664,174,152,80753,22,299225088,1047,1994362,322890,7181626,21194,7497003008,1,25167:3,37.535691750893626,746994,282420368,2201932
5850719,25167,340865024,5037297664,174,156,82673,22,307089408,1047,1994363,322893,7181706,21194,7488614400,1,25167:4,37.67601847296629,747009,282435728,2202008
5957493,25167,347680768,5037297664,174,159,84342,22,313749504,1072,1994364,322896,7181785,21197,7481815040,1,25167:3,28.0967752965734,747035,282449760,2202100
6064600,25167,354889728,5037297664,174,162,86093,22,322002944,1076,1994364,322900,7181864,21199,7474896896,1,25167:4,28.00932490179207,747051,282463832,2202176
6170533,25167,362754048,5037297664,174,166,88013,22,329867264,1076,1994364,322903,7181944,21199,7467020288,1,25167:3,37.759714977588246,747067,282480216,2202256
6276534,25167,370618368,5037297664,174,170,89933,22,337731584,1076,1994365,322907,7182025,21199,7459143680,1,25167:4,37.73534425737588,747082,282495576,2202340
6383040,25167,378482688,5037297664,174,174,91853,22,345595904,1076,1994366,322910,7182105,21199,7450755072,1,25167:4,37.55671980135049,747097,282510936,2202420
6489766,25167,386740224,5037297664,174,177,93801,22,353849344,1078,1994366,322914,7182186,21199,7443222528,1,25167:3,28.109378652023175,747112,282526032,2202508
6596161,25167,394604544,5037297664,174,181,95788,22,361713664,1078,1994367,322917,7182266,21199,7435087872,1,25167:4,37.59565097269113,747128,282542416,2202592
6702541,25167,402468864,5037297664,174,185,97708,22,369577984,1078,1994368,322920,7182345,21200,7427469312,1,25167:4,37.600893066331395,747142,282556752,2202676
6808170,25167,410333184,5037297664,174,188,99628,22,377442304,1078,1994368,322924,7182425,21200,7419334656,1,25167:3,28.40150184490949,747158,282573136,2202760
6914533,25167,418197504,5037297664,174,192,101548,22,385830912,1078,1994368,322928,7182507,21200,7411204096,1,25167:4,37.60691728850253,747173,282588496,2202844
7021443,25167,425537536,5037297664,175,194,103347,22,392396800,1099,1994369,322929,7182585,21202,7404126208,1,25167:3,28.06095752891766,747195,282602568,2202948
7128169,25167,432222208,5037297664,175,198,104987,22,399908864,1110,1994369,322933,7182663,21204,7396855808,1,25167:4,37.479113241557165,747216,282617016,2203028
7234653,25167,440217600,5037297664,175,201,106907,22,408297472,1110,1994370,322938,7182744,21204,7389290496,1,25167:3,28.173336906088096,747231,282632376,2203116
7341328,25167,448475136,5037297664,175,205,108955,22,416161792,1110,1994371,322941,7182825,21204,7381413888,1,25167:4,37.49711904947203,747246,282647736,2203196
7447112,25167,456339456,5037297664,175,209,110875,22,424026112,1110,1994371,322945,7182904,21204,7373021184,1,25167:4,37.8130039941687,747262,282664120,2203284
7553741,25167,464596992,5037297664,175,213,112890,22,432279552,1112,1994372,322950,7182985,21204,7365296128,1,25167:4,37.51308960647615,747277,282679216,2203368
7659613,25167,472461312,5037297664,175,217,114810,22,440143872,1112,1994372,322953,7183065,21204,7357419520,1,25167:4,37.78155975388866,747293,282695600,2203452
7765792,25167,480325632,5037297664,175,220,116730,22,448532480,1112,1994373,322957,7183146,21204,7348772864,1,25167:3,28.254019951350156,747308,282710960,2203540
7872698,25167,488714240,5037297664,175,224,118778,22,456396800,1112,1994374,322961,7183226,21204,7340896256,1,25167:4,37.416330887056745,747324,282727344,2203616
7979199,25167,496578560,5037297664,175,228,120698,22,464785408,1112,1994375,322974,7183298,21204,7331217408,1,25167:4,37.55823298391626,747339,282742704,2203700
8086008,25167,504311808,5037297664,175,231,122518,22,471199744,1131,1994375,322978,7183376,21207,7323979776,1,25167:3,28.08740395652654,747359,282756840,2203780
8192587,25167,510734336,5037297664,175,234,124137,22,478859264,1144,1994376,322982,7183454,21209,7317434368,1,25167:3,28.148137152999265,747382,282771216,2203848
8298966,25167,518598656,5037297664,175,238,126057,22,487247872,1144,1994376,322987,7183535,21209,7309303808,1,25167:4,37.60154096379086,747397,282786576,2203940
8405643,25167,526987264,5037297664,175,242,128105,22,495112192,1144,1994377,322991,7183615,21209,7301427200,1,25167:4,37.49629864661985,747412,282801936,2204020
8511449,25167,534851584,5037297664,175,246,130025,22,502976512,1144,1994377,322994,7183695,21209,7293550592,1,25167:4,37.80494829913411,747427,282817296,2204096
8617356,25167,542715904,5037297664,175,249,131950,22,510705664,1146,1994378,322998,7183776,21209,7285530624,1,25167:3,28.326694028364653,747443,282833416,2204180
8723370,25167,550973440,5037297664,175,253,133921,22,519094272,1146,1994378,323002,7183856,21209,7277432832,1,25167:4,37.73107322821224,747459,282848776,2204260
8829538,25167,558837760,5037297664,175,257,135880,22,526958592,1146,1994379,323006,7183936,21209,7269556224,1,25167:4,37.676254818263175,747474,282864136,2204348
8935346,25167,566702080,5037297664,175,260,137800,22,534822912,1146,1994379,323010,7184016,21209,7261679616,1,25167:3,28.35304129606288,747490,282880520,2204432
9041186,25167,574566400,5037297664,175,264,139720,22,542687232,1146,1994380,323013,7184096,21209,7253262336,1,25167:4,37.79313132136182,747505,282895880,2204512
9148000,25167,582299648,5037297664,175,267,141586,22,550289408,1163,1994381,323014,7184176,21211,7245611008,1,25167:3,28.08599084070901,747525,282909704,2204604
9254751,25167,588591104,5037297664,175,270,143158,22,557813760,1179,1994382,323017,7184255,21213,7239196672,1,25167:3,28.102894438877467,747548,282924400,2204696
9361818,25167,596979712,5037297664,175,273,145206,22,565678080,1179,1994382,323021,7184336,21213,7231320064,1,25167:3,28.01990896723855,747564,282940784,2204776
9467587,25167,604844032,5037297664,175,277,147126,22,573542400,1179,1994382,323025,7184416,21213,7222992896,1,25167:4,37.81803871472332,747579,282956144,2204860
9574113,25167,613232640,5037297664,175,280,149146,22,581931008,1179,1994383,323029,7184497,21213,7214858240,1,25167:4,28.162152303379152,747594,282971504,2204944
9680335,25167,621096960,5037297664,175,284,151094,22,589660160,1179,1994384,323032,7184577,21213,7206281216,1,25167:3,37.65720518089336,747610,282987888,2205024
9787060,25167,629354496,5037297664,175,287,153105,22,598048768,1181,1994384,323035,7184658,21213,7198679040,1,25167:3,28.10965283229489,747625,283002984,2205104
9893131,25167,637218816,5037297664,176,291,155029,22,605913088,1181,1994384,323038,7184739,21213,7190802432,1,25167:5,47.13796028992636,747640,283018344,2205184
9998745,25167,645083136,5037297664,176,294,156949,22,613777408,1181,1994385,323041,7184819,21213,7182360576,1,25167:3,28.40551305180774,747656,283034728,2205268
10105429,25167,653078528,5037297664,176,297,158869,22,622166016,1181,1994385,323045,7184901,21213,7174537216,1,25167:3,28.120192150147126,747671,283050088,2205348
10212245,25167,660942848,5037297664,176,300,160825,22,628719616,1198,1994386,323048,7184979,21215,7167184896,1,25167:3,28.085716858900916,747691,283063912,2205432
10317616,25167,667103232,5037297664,176,303,162308,22,636243968,1214,1994386,323051,7185057,21217,7160238080,1,25167:3,28.47099672375699,747714,283078608,2205520
10424429,25167,674967552,5037297664,176,307,164228,22,644632576,1214,1994387,323055,7185139,21217,7152623616,1,25167:4,37.44838220320685,747729,283093968,2205600
10531116,25167,683356160,5037297664,176,310,166257,22,652496896,1214,1994387,323058,7185219,21217,7144747008,1,25167:4,28.119730889676227,747744,283109328,2205684
10637364,25167,691220480,5037297664,176,314,168196,22,660361216,1214,1994388,323061,7185300,21217,7136870400,1,25167:3,37.647665438148046,747759,283124688,2205764
10743020,25167,699084800,5037297664,176,317,170116,22,668225536,1214,1994388,323064,7185380,21217,7128993792,1,25167:3,28.394221586612318,747774,283140048,2205844
10848653,25167,706818048,5037297664,176,321,172003,22,676478976,1216,1994389,323068,7185460,21217,7120752640,1,25167:4,37.86669742957166,747790,283156168,2205928
10955322,25167,714813440,5037297664,176,324,173923,22,684343296,1216,1994390,323071,7185542,21217,7112876032,1,25167:3,28.124476005856415,747805,283171528,2206020
11062065,25167,723070976,5037297664,176,328,175971,22,692207616,1216,1994390,323075,7185622,21217,7104999424,1,25167:4,37.473305071403836,747820,283186888,2206104
11167627,25167,730935296,5037297664,176,331,177891,22,700071936,1216,1994390,323078,7185702,21217,7097122816,1,25167:3,28.419224946350184,747836,283203272,2206184
11273891,25167,739192832,5037297664,176,334,179824,22,707649536,1225,1994391,323082,7185783,21217,7088443392,1,25167:4,28.231641673915764,747854,283218032,2206260
11380801,25167,745484288,5037297664,176,337,181457,22,715194368,1248,1994392,323086,7185861,21220,7081771008,1,25167:2,28.060968552764713,747884,283231784,2206332
11487430,25167,753872896,5037297664,176,341,183505,22,723058688,1248,1994392,323090,7185942,21220,7073894400,1,25167:4,37.51317755867561,747899,283247144,2206416
11593309,25167,761737216,5037297664,176,344,185425,22,730923008,1248,1994393,323093,7186022,21220,7065759744,1,25167:3,28.33414039984024,747915,283263528,2206500
11700012,25167,770125824,5037297664,176,348,187473,22,739311616,1248,1994393,323097,7186103,21220,7057629184,1,25167:4,37.487367225836984,747930,283278888,2206584
11805876,25167,777990144,5037297664,176,351,189393,22,747175936,1248,1994394,323100,7186183,21220,7049494528,1,25167:3,28.338299903774466,747946,283295272,2206664
11912610,25167,786247680,5037297664,176,355,191399,22,755429376,1250,1994394,323104,7186264,21220,7041511424,1,25167:4,37.476377117025315,747961,283310368,2206756
12018598,25167,794112000,5037297664,176,358,193328,22,763293696,1250,1994394,323107,7186344,21220,7033634816,1,25167:3,28.30492369714347,747977,283326752,2206840
12124617,25167,801976320,5037297664,176,362,195248,22,771158016,1250,1994395,323111,7186424,21220,7026507776,1,25167:4,37.72920480126392,747992,283342112,2206916
12230105,25167,809840640,5037297664,176,365,197168,22,779022336,1250,1994395,323114,7186504,21220,7018471424,1,25167:3,28.43912704393191,748007,283357472,2206996
12335959,25167,816918528,5037297664,176,368,198901,22,786608128,1256,1994396,323117,7186583,21221,7011467264,1,25167:3,28.341066445233505,748024,283371712,2207080
12441189,25167,823341056,5037297664,176,371,200479,22,793653248,1283,1994396,323121,7186661,21224,7005052928,1,25167:3,28.50887412830316,748050,283385024,2207164
12546574,25167,831205376,5037297664,176,375,202399,22,801517568,1283,1994396,323125,7186741,21224,6996992000,1,25167:4,37.956060811454655,748066,283401408,2207248
12652517,25167,839593984,5037297664,176,378,204394,22,809906176,1283,1994396,323129,7186821,21224,6988881920,1,25167:3,28.317102159156388,748081,283416768,2207332
12758259,25167,847458304,5037297664,176,382,206367,22,817770496,1283,1994397,323132,7186901,21224,6981005312,1,25167:4,37.82820197241163,748097,283433152,2207416
12863724,25167,855322624,5037297664,176,385,208287,22,825634816,1283,1994397,323136,7186981,21224,6972563456,1,25167:3,28.445261375494695,748112,283448512,2207496
12969674,25167,863580160,5037297664,176,389,210302,22,833888256,1285,1994398,323141,7187061,21224,6964461568,1,25167:4,37.75386441713286,748128,283464632,2207580
13076807,25167,871444480,5037297664,176,392,212222,22,841752576,1285,1994398,323150,7187134,21224,6955196416,1,25167:3,28.002571009386273,748144,283479992,2207656
13182782,25167,879308800,5037297664,176,396,214142,22,850141184,1285,1994398,323154,7187214,21224,6947581952,1,25167:4,37.74470624361418,748159,283495352,2207732
13288902,25167,887566336,5037297664,176,399,216073,22,858005504,1285,1994399,323158,7187295,21224,6939705344,1,25167:3,28.269927639256647,748174,283510712,2207812
13395100,25167,894906368,5037297664,176,403,217955,22,865218560,1288,1994399,323162,7187365,21234,6932119552,1,25167:4,37.66531648748287,748194,283525968,2207900
13501600,25167,901328896,5037297664,176,406,219508,22,872607744,1318,1994400,323166,7187444,21237,6925422592,1,25167:3,28.16914871452296,748221,283539376,2207984
13608843,25167,909717504,5037297664,176,409,221549,22,880472064,1318,1994400,323170,7187524,21237,6917877760,1,25167:3,27.97389263737496,748236,283554736,2208068
13714797,25167,917581824,5037297664,176,413,223469,22,888336384,1318,1994400,323174,7187604,21237,6910222336,1,25167:4,37.75194919448383,748251,283570096,2208148
13820312,25167,925446144,5037297664,176,416,225389,22,896200704,1318,1994400,323177,7187684,21237,6901829632,1,25167:3,28.431995897300904,748267,283586480,2208232
13926839,25167,933703680,5037297664,176,419,227314,22,904589312,1318,1994401,323180,7187766,21237,6893957120,1,25167:4,28.161975970399734,748282,283601840,2208316
14033394,25167,941568000,5037297664,176,423,229324,22,912318464,1320,1994402,323184,7187846,21237,6886227968,1,25167:3,37.53936131074986,748298,283617960,2208404
14139650,25167,949432320,5037297664,176,426,231244,22,920707072,1320,1994402,323188,7187927,21237,6877609984,1,25167:3,28.233545896485147,748313,283633320,2208488
14246228,25167,957820928,5037297664,176,430,233232,22,928571392,1320,1994403,323191,7188008,21237,6869741568,1,25167:4,37.53145065193162,748328,283648680,2208576
14352588,25167,965685248,5037297664,176,433,235212,22,936435712,1320,1994403,323195,7188088,21237,6861357056,1,25167:3,28.20603894678575,748344,283665064,2208668
14459172,25167,973418496,5037297664,176,437,237108,22,944697344,1323,1994404,323198,7188168,21238,6853615616,1,25167:4,37.52907412556014,748360,283680176,2208756
14566143,25167,980234240,5037297664,176,440,238785,22,951033856,1352,1994404,323201,7188247,21241,6847078400,1,25167:3,28.044803255889477,748387,283693576,2208844
14672676,25167,987574272,5037297664,176,443,240571,22,959422464,1352,1994405,323205,7188327,21241,6839472128,1,25167:3,28.16037876385286,748402,283708936,2208928
14779139,25167,995962880,5037297664,176,447,242619,22,967286784,1352,1994406,323209,7188407,21241,6831603712,1,25167:4,37.57184441123511,748417,283724296,2209008
14884989,25167,1003827200,5037297664,176,450,244539,22,975151104,1352,1994406,323212,7188488,21241,6823477248,1,25167:3,28.34190288556282,748434,283740680,2209092
14991089,25167,1012215808,5037297664,176,453,246512,22,983539712,1352,1994407,323215,7188569,21241,6815096832,1,25167:4,28.27525683546794,748449,283756040,2209180
15097435,25167,1019949056,5037297664,176,457,248474,22,991268864,1354,1994408,323218,7188649,21241,6806757376,1,25167:3,37.61304671715303,748465,283772160,2209256
15204193,25167,1028075520,5037297664,176,460,250394,22,999657472,1354,1994408,323222,7188730,21241,6799003648,1,25167:4,28.10097515910327,748480,283787520,2209344
15310813,25167,1036201984,5037297664,176,464,252442,22,1007521792,1354,1994408,323226,7188810,21241,6791135232,1,25167:3,37.51652004788571,748496,283803904,2209428
15416429,25167,1044066304,5037297664,176,467,254362,22,1015386112,1354,1994408,323229,7188891,21241,6783008768,1,25167:3,28.404672583789193,748511,283819264,2209516
15522898,25167,1052323840,5037297664,176,471,256320,22,1023123456,1357,1994409,323233,7188972,21242,6774714368,1,25167:4,37.5697270653253,748527,283834376,2209608
15629420,25167,1058746368,5037297664,177,473,257935,22,1029984256,1385,1994410,323234,7189050,21245,6767943680,1,25167:3,28.163088729303688,748552,283848040,2209712
15736161,25167,1065955328,5037297664,177,476,259720,22,1038376960,1387,1994410,323238,7189131,21245,6760562688,1,25167:3,28.10556017449618,748569,283863144,2209792
15842734,25167,1074343936,5037297664,177,480,261768,22,1046241280,1387,1994410,323242,7189211,21245,6752694272,1,25167:4,37.532800852985446,748584,283878504,2209884
15948205,25167,1082208256,5037297664,177,483,263688,22,1054105600,1387,1994411,323246,7189291,21245,6744825856,1,25167:3,28.443969248959366,748600,283894888,2209964
16054115,25167,1090072576,5037297664,177,486,265608,22,1062494208,1387,1994412,323249,7189372,21245,6736506880,1,25167:3,28.32580258824755,748615,283910248,2210048
16160792,25167,1098330112,5037297664,177,490,267623,22,1070223360,1389,1994412,323252,7189453,21245,6728724480,1,25167:4,37.49654750538844,748630,283925344,2210132
16266312,25167,1106194432,5037297664,177,493,269543,22,1078611968,1389,1994413,323256,7189533,21245,6720352256,1,25167:3,28.430637617037206,748646,283941728,2210216
16373048,25167,1114583040,5037297664,177,496,271591,22,1086476288,1389,1994413,323259,7189614,21245,6712483840,1,25167:3,28.106569731729632,748661,283957088,2210300
16478783,25167,1122447360,5037297664,177,500,273511,22,1094340608,1389,1994413,323262,7189694,21245,6704615424,1,25167:4,37.83031849969345,748677,283973472,2210380
16585121,25167,1130835968,5037297664,177,503,275544,22,1102073856,1389,1994414,323266,7189775,21246,6696140800,1,25167:3,28.211962492760108,748693,283989600,2210460
16691326,25167,1137651712,5037297664,177,506,277213,22,1109073920,1419,1994414,323269,7189853,21248,6689198080,1,25167:3,28.24733612319718,748718,284002256,2210540
16796571,25167,1144467456,5037297664,177,509,278870,22,1117331456,1422,1994415,323273,7189933,21249,6681956352,1,25167:3,28.504878638483856,748735,284017352,2210624
16903210,25167,1152856064,5037297664,177,512,280918,22,1125195776,1422,1994416,323276,7190013,21249,6674087936,1,25167:3,28.13222294824196,748750,284032712,2210704
17009129,25167,1160720384,5037297664,177,516,282838,22,1133060096,1422,1994416,323279,7190094,21249,6665973760,1,25167:4,37.76503287644379,748765,284048072,2210792
17114705,25167,1168584704,5037297664,177,519,284758,22,1140924416,1422,1994417,323282,7190174,21249,6657540096,1,25167:3,28.41544536687821,748781,284064456,2210872
17221307,25167,1176842240,5037297664,177,522,286751,22,1149177856,1424,1994417,323285,7190256,21249,6649872384,1,25167:3,28.141910122018444,748796,284079552,2210956
17327418,25167,1184706560,5037297664,177,525,288693,22,1157042176,1424,1994417,323289,7190336,21249,6642012160,1,25167:3,28.272403210157982,748811,284094912,2211040
17432865,25167,1192570880,5037297664,177,529,290613,22,1164906496,1424,1994418,323292,7190416,21249,6634143744,1,25167:4,37.933654455627305,748827,284111296,2211116
17538711,25167,1200304128,5037297664,177,532,292533,22,1172770816,1424,1994418,323295,7190496,21250,6625984512,1,25167:3,28.343152550849243,748843,284126656,2211200
17644682,25167,1208168448,5037297664,177,535,294453,22,1181159424,1424,1994419,323299,7190577,21250,6618144768,1,25167:3,28.309686912414755,748858,284142016,2211284
17750653,25167,1215508480,5037297664,177,538,296226,22,1188020224,1447,1994420,323303,7190655,21252,6611099648,1,25167:3,28.309665006449507,748882,284156440,2211364
17857569,25167,1222324224,5037297664,177,541,297892,22,1195761664,1456,1994420,323307,7190734,21254,6604161024,1,25167:3,28.05933895471012,748901,284170536,2211448
17963591,25167,1230450688,5037297664,177,544,299812,22,1203625984,1456,1994420,323310,7190814,21254,6596292608,1,25167:3,28.295980406957693,748917,284185896,2211536
18069603,25167,1238577152,5037297664,177,548,301860,22,1211490304,1456,1994421,323316,7190891,21254,6588166144,1,25167:4,37.731532711644704,748933,284202280,2211616
18176049,25167,1246441472,5037297664,177,551,303780,22,1219354624,1456,1994422,323324,7190966,21254,6578749440,1,25167:3,28.18343871246328,748948,284217640,2211700
18281900,25167,1254699008,5037297664,177,554,305789,22,1227608064,1458,1994422,323328,7191046,21254,6570971136,1,25167:4,28.341758031126034,748963,284232736,2211776
18387598,25167,1262563328,5037297664,177,558,307715,22,1235472384,1458,1994422,323331,7191126,21254,6562304000,1,25167:3,37.84363522705439,748979,284249120,2211860
18493493,25167,1270820864,5037297664,177,561,309652,22,1243860992,1458,1994423,323335,7191207,21254,6554722304,1,25167:3,28.329748030593827,748994,284264480,2211940
18599419,25167,1278816256,5037297664,177,565,311683,22,1251725312,1458,1994423,323338,7191287,21254,6546853888,1,25167:4,37.762388534515615,749010,284280864,2212028
18705082,25167,1286680576,5037297664,177,568,313603,22,1259589632,1458,1994423,323342,7191368,21254,6538493952,1,25167:3,28.392015907705808,749025,284296224,2212108
18810963,25167,1294151680,5037297664,177,571,315401,22,1266622464,1479,1994424,323345,7191446,21257,6531366912,1,25167:3,28.33367209386507,749048,284310184,2212192
18916706,25167,1301753856,5037297664,177,574,317238,22,1274621952,1490,1994424,323349,7191525,21258,6523863040,1,25167:3,28.370737755312526,749069,284324560,2212272
19022382,25167,1309618176,5037297664,177,577,319218,22,1282486272,1490,1994424,323352,7191605,21258,6515757056,1,25167:3,28.38866881046538,749085,284340944,2212360
19127805,25167,1317482496,5037297664,177,581,321138,22,1290874880,1490,1994424,323356,7191686,21258,6507376640,1,25167:4,37.942589636759465,749100,284356304,2212444
19233717,25167,1325871104,5037297664,177,584,323167,22,1298739200,1490,1994425,323359,7191766,21258,6499508224,1,25167:3,28.325423616151983,749115,284371664,2212528
19339396,25167,1333604352,5037297664,177,587,325073,22,1306468352,1492,1994425,323362,7191846,21258,6491271168,1,25167:3,28.387717592210187,749131,284387784,2212616
19445273,25167,1341468672,5037297664,177,591,326993,22,1314856960,1492,1994426,323365,7191927,21258,6483406848,1,25167:4,37.77964172035681,749146,284403144,2212704
19551214,25167,1349857280,5037297664,177,594,329041,22,1322721280,1492,1994426,323370,7192008,21258,6475538432,1,25167:3,28.3175699175432,749161,284418504,2212792
19656899,25167,1357721600,5037297664,177,597,330961,22,1330585600,1492,1994427,323373,7192088,21258,6467670016,1,25167:3,28.386396845007166,749176,284433864,2212876
19762449,25167,1365585920,5037297664,177,601,332881,22,1338449920,1492,1994427,323376,7192168,21258,6459801600,1,25167:4,37.89662297697642,749192,284450248,2212964
19868155,25167,1372532736,5037297664,177,604,334574,22,1345191936,1508,1994428,323378,7192247,21260,6452641792,1,25167:3,28.38056736386873,749212,284464096,2213056
19973747,25167,1379217408,5037297664,177,606,336192,22,1353080832,1524,1994428,323382,7192325,21262,6446329856,1,25167:3,18.940797280283345,749235,284477800,2213136
20079430,25167,1387081728,5037297664,177,610,338112,22,1360945152,1524,1994428,323386,7192405,21262,6437945344,1,25167:3,37.84915550254571,749251,284494184,2213220
20185339,25167,1395077120,5037297664,177,613,340032,22,1369333760,1524,1994429,323390,7192486,21262,6430089216,1,25167:3,28.326359965773822,749266,284509544,2213296
20291341,25167,1403334656,5037297664,177,617,342080,22,1377198080,1524,1994429,323393,7192566,21262,6422220800,1,25167:4,37.7350623161536,749281,284524904,2213380
20396684,25167,1411198976,5037297664,177,620,344005,22,1385451520,1526,1994430,323397,7192646,21262,6413975552,1,25167:3,28.47840643343149,749297,284541024,2213456
20502493,25167,1418932224,5037297664,177,623,345887,22,1393315840,1526,1994430,323400,7192727,21262,6405873664,1,25167:3,28.35295206400418,749313,284556384,2213536
20608642,25167,1427320832,5037297664,177,627,347935,22,1401180160,1526,1994431,323403,7192808,21262,6398005248,1,25167:4,37.682702936569704,749328,284571744,2213624
20714384,25167,1435185152,5037297664,177,630,349855,22,1409044480,1526,1994431,323406,7192888,21262,6390136832,1,25167:3,28.37110640373511,749343,284587104,2213704
20819831,25167,1443049472,5037297664,177,633,351775,22,1416908800,1526,1994431,323410,7192968,21262,6382268416,1,25167:3,28.45020711608529,749359,284603488,2213796
20925465,25167,1450520576,5037297664,177,636,353602,22,1424494592,1542,1994432,323413,7193047,21265,6374342656,1,25167:3,28.399888645929945,749378,284617280,2213888
21031953,25167,1457074176,5037297664,178,639,355214,22,1431506944,1558,1994433,323416,7193125,21267,6368247808,1,25167:4,37.56289143174013,749401,284630976,2213972
21137491,25167,1464938496,5037297664,178,642,357134,22,1439371264,1558,1994434,323418,7193206,21267,6360379392,1,25167:3,28.425755238916434,749416,284646336,2214060
21242961,25167,1472802816,5037297664,178,645,359054,22,1447235584,1558,1994434,323422,7193286,21267,6352510976,1,25167:3,28.444205226571505,749432,284662720,2214152
21348376,25167,1480667136,5037297664,178,649,360974,22,1455099904,1558,1994434,323426,7193366,21267,6344138752,1,25167:4,37.945349267635315,749447,284678080,2214224
21454247,25167,1489055744,5037297664,178,652,362909,22,1463488512,1558,1994435,323428,7193447,21267,6336270336,1,25167:3,28.336325853994754,749462,284693440,2214304
21560271,25167,1496788992,5037297664,178,655,364909,22,1471217664,1560,1994435,323432,7193527,21267,6328487936,1,25167:3,28.29560249930152,749478,284709560,2214388
21666027,25167,1504653312,5037297664,178,658,366829,22,1479081984,1560,1994436,323435,7193608,21267,6320054272,1,25167:3,28.367071378728458,749493,284724920,2214468
21772029,25167,1513041920,5037297664,178,662,368789,22,1487470592,1560,1994436,323439,7193689,21267,6312239104,1,25167:4,37.73519616651161,749508,284740280,2214552
21878057,25167,1520906240,5037297664,178,665,370797,22,1495334912,1560,1994437,323442,7193769,21267,6304628736,1,25167:3,28.294323666351296,749523,284755640,2214632
21983569,25167,1528901632,5037297664,178,668,372743,22,1502388224,1569,1994437,323446,7193848,21268,6296248320,1,25167:3,28.432939036707943,749540,284770400,2214712
22089073,25167,1534537728,5037297664,178,671,374107,22,1509937152,1593,1994438,323448,7193926,21271,6290108416,1,25167:3,28.434904201291218,749567,284784160,2214796
22194979,25167,1542926336,5037297664,178,674,376089,22,1517801472,1593,1994438,323451,7194007,21271,6282240000,1,25167:3,28.32681652887118,749582,284799520,2214892
22300817,25167,1550790656,5037297664,178,678,378075,22,1525665792,1593,1994439,323456,7194087,21271,6274371584,1,25167:4,37.79392012797324,749598,284815904,2214972
22406291,25167,1558654976,5037297664,178,681,379995,22,1533530112,1593,1994439,323458,7194167,21271,6266503168,1,25167:3,28.44286816175971,749613,284831264,2215064
22512129,25167,1566519296,5037297664,178,684,381915,22,1541918720,1593,1994439,323462,7194248,21271,6258388992,1,25167:3,28.34525021193271,749628,284846624,2215144
22618193,25167,1574645760,5037297664,178,687,383930,22,1549647872,1595,1994440,323466,7194329,21271,6250668032,1,25167:3,28.284797971399207,749643,284861720,2215232
22723958,25167,1582510080,5037297664,178,691,385850,22,1557512192,1595,1994440,323469,7194409,21271,6242799616,1,25167:4,37.819886271063595,749659,284878104,2215312
22829693,25167,1590374400,5037297664,178,694,387770,22,1565376512,1595,1994440,323473,7194489,21272,6234931200,1,25167:3,28.37263824858806,749674,284893464,2215384
22935455,25167,1598238720,5037297664,178,697,389690,22,1573240832,1595,1994440,323477,7194569,21272,6226497536,1,25167:3,28.36560745359663,749689,284908824,2215476
23041464,25167,1606103040,5037297664,178,700,391579,22,1581109248,1601,1994441,323481,7194649,21273,6218829824,1,25167:3,28.29951710835987,749706,284924192,2215564
23147672,25167,1612394496,5037297664,178,703,393133,22,1588367360,1628,1994441,323484,7194724,21275,6212530176,1,25167:3,28.24632759844064,749732,284937344,2215664
23253698,25167,1620783104,5037297664,178,706,395177,22,1596231680,1628,1994441,323492,7194798,21275,6203629568,1,25167:4,28.2951464080948,749747,284952704,2215752
23359398,25167,1628647424,5037297664,178,710,397097,22,1604096000,1628,1994442,323495,7194879,21275,6195761152,1,25167:3,37.84275519704254,749762,284968064,2215836
23464764,25167,1636511744,5037297664,178,713,399017,22,1611960320,1628,1994442,323498,7194959,21275,6187388928,1,25167:3,28.472235100635967,749778,284984448,2215916
23570642,25167,1644376064,5037297664,178,716,400937,22,1620348928,1628,1994443,323502,7195040,21275,6179016704,1,25167:3,28.334397038080805,749794,284999808,2215996
23676849,25167,1652633600,5037297664,178,720,402952,22,1628078080,1630,1994443,323506,7195120,21275,6171234304,1,25167:4,37.66234636869825,749809,285014904,2216076
23782205,25167,1660497920,5037297664,178,723,404872,22,1635942400,1630,1994443,323510,7195200,21275,6163107840,1,25167:3,28.475038937480118,749825,285031288,2216160
23888274,25167,1668624384,5037297664,178,726,406792,22,1644331008,1630,1994443,323513,7195281,21275,6155046912,1,25167:3,28.283442519206226,749840,285046648,2216244
23994287,25167,1676750848,5037297664,178,730,408840,22,1652195328,1630,1994444,323516,7195361,21275,6147178496,1,25167:4,37.73128072399234,749856,285063032,2216336
24099961,25167,1684484096,5037297664,178,733,410733,22,1659932672,1633,1994444,323519,7195440,21277,6139432960,1,25167:3,28.389038193675148,749872,285078144,2216420
24205594,25167,1690906624,5037297664,178,735,412286,22,1666273280,1662,1994444,323522,7195518,21280,6132785152,1,25167:2,18.93358763918459,749899,285091552,2216504
24311790,25167,1698639872,5037297664,178,739,414199,22,1674661888,1662,1994445,323525,7195598,21280,6124453888,1,25167:4,37.66611450967755,749914,285106912,2216588
24417653,25167,1706766336,5037297664,178,742,416119,22,1683050496,1662,1994446,323528,7195679,21280,6116909056,1,25167:3,28.338389043630656,749929,285122272,2216672
24523682,25167,1714892800,5037297664,178,745,418139,22,1690914816,1662,1994446,323531,7195760,21280,6109040640,1,25167:3,28.294368231415334,749944,285137632,2216768
24629340,25167,1722757120,5037297664,178,748,420087,22,1698779136,1662,1994447,323534,7195840,21280,6101172224,1,25167:3,28.393325891316422,749959,285152992,2216856
24734697,25167,1730490368,5037297664,178,751,421974,22,1706508288,1664,1994447,323537,7195920,21280,6093139968,1,25167:3,28.474543530287573,749975,285169112,2216944
24840604,25167,1738747904,5037297664,178,754,423894,22,1714896896,1664,1994448,323540,7196001,21280,6084771840,1,25167:3,28.32698369830244,749990,285184472,2217032
24946637,25167,1746743296,5037297664,178,758,425942,22,1722761216,1664,1994448,323543,7196082,21280,6076903424,1,25167:4,37.72394145889365,750005,285199832,2217116
25052317,25167,1754607616,5037297664,178,761,427862,22,1730625536,1664,1994449,323546,7196162,21280,6069035008,1,25167:3,28.387616859753873,750020,285216216,2217200
25157750,25167,1762471936,5037297664,178,764,429782,22,1738362880,1667,1994449,323550,7196242,21280,6060789760,1,25167:3,28.45402968386976,750037,285231328,2217284
25263962,25167,1769287680,5037297664,179,767,431436,22,1744830464,1693,1994450,323553,7196320,21284,6054387712,1,25167:4,37.66063260165158,750062,285244984,2217368
25369704,25167,1776627712,5037297664,179,770,433221,22,1753088000,1696,1994450,323557,7196400,21284,6046887936,1,25167:3,28.370759755895712,750079,285260088,2217444
25475387,25167,1784492032,5037297664,179,773,435141,22,1760952320,1696,1994450,323560,7196480,21284,6038503424,1,25167:3,28.386911752576044,750094,285275448,2217524
25581181,25167,1792356352,5037297664,179,776,437061,22,1769340928,1696,1994450,323563,7196561,21284,6030639104,1,25167:3,28.357072330403298,750109,285290808,2217608
25687157,25167,1800744960,5037297664,179,779,439094,22,1777205248,1696,1994451,323566,7196641,21284,6022770688,1,25167:4,28.308329073794784,750124,285306168,2217684
25792808,25167,1808478208,5037297664,179,783,440996,22,1784934400,1698,1994452,323569,7196722,21284,6014492672,1,25167:3,37.86044062321541,750140,285322288,2217764
25898746,25167,1816735744,5037297664,179,786,442947,22,1793323008,1698,1994452,323572,7196803,21284,6006677504,1,25167:3,28.318516440498794,750155,285337648,2217852
26004703,25167,1824731136,5037297664,179,789,444964,22,1801187328,1698,1994452,323575,7196883,21284,5998809088,1,25167:3,28.31331629060448,750171,285354032,2217932
26110313,25167,1832595456,5037297664,179,792,446884,22,1809575936,1698,1994453,323578,7196964,21284,5990428672,1,25167:3,28.406275029479083,750186,285369392,2218024
26216373,25167,1840721920,5037297664,179,795,448804,22,1817309184,1698,1994453,323582,7197044,21284,5982695424,1,25167:3,28.285964996344603,750202,285384752,2218104
26322274,25167,1847930880,5037297664,179,798,450545,22,1823776768,1722,1994454,323586,7197123,21287,5975519232,1,25167:3,28.32826548532763,750226,285399176,2218180
26427935,25167,1854484480,5037297664,179,801,452242,22,1832042496,1731,1994454,323589,7197201,21288,5968297984,1,25167:3,28.39281075103243,750245,285413272,2218260
26533853,25167,1862742016,5037297664,179,804,454162,22,1839906816,1731,1994454,323593,7197282,21288,5960429568,1,25167:4,28.32372999958751,750260,285428632,2218352
26639842,25167,1870737408,5037297664,179,808,456210,22,1847771136,1731,1994454,323596,7197363,21288,5952561152,1,25167:3,37.73992817318,750276,285443992,2218444
26745357,25167,1878601728,5037297664,179,811,458130,22,1855635456,1731,1994455,323599,7197443,21288,5944692736,1,25167:3,28.43183880330163,750291,285459352,2218520
26850804,25167,1886334976,5037297664,179,814,460017,22,1863364608,1733,1994455,323602,7197523,21288,5936345088,1,25167:3,28.450263235586416,750307,285475472,2218608
26956795,25167,1894723584,5037297664,179,817,461969,22,1871753216,1733,1994455,323606,7197604,21288,5928538112,1,25167:4,28.30444540750844,750322,285490832,2218692
27062725,25167,1902587904,5037297664,179,821,463985,22,1879617536,1733,1994455,323608,7197685,21288,5920669696,1,25167:3,37.760517004915464,750337,285506192,2218784
27168305,25167,1910452224,5037297664,179,824,465905,22,1887481856,1733,1994456,323611,7197765,21288,5912543232,1,25167:3,28.41464925577345,750353,285522576,2218864
27273851,25167,1918316544,5037297664,179,827,467825,22,1895346176,1733,1994456,323615,7197846,21288,5904416768,1,25167:3,28.423510726706073,750368,285537936,2218952
27379828,25167,1925656576,5037297664,180,829,469570,22,1902387200,1755,1994458,323617,7197924,21291,5897211904,1,25167:3,28.30805100408751,750394,285551936,2219044
27485704,25167,1932996608,5037297664,180,832,471392,22,1910435840,1766,1994458,323619,7198004,21292,5889593344,1,25167:3,28.335088298510534,750415,285566384,2219140
27591753,25167,1941385216,5037297664,180,835,473382,22,1918300160,1766,1994458,323623,7198085,21292,5881724928,1,25167:3,28.288820826614618,750430,285581744,2219232
27697615,25167,1949249536,5037297664,180,839,475360,22,1926164480,1766,1994459,323626,7198165,21292,5873856512,1,25167:4,37.78500984965468,750445,285597104,2219316
27803100,25167,1957113856,5037297664,180,842,477280,22,1934028800,1766,1994460,323629,7198246,21292,5865742336,1,25167:3,28.43991347326965,750461,285613488,2219404
27908871,25167,1964978176,5037297664,180,845,479167,22,1942282240,1768,1994460,323633,7198327,21292,5857509376,1,25167:3,28.363171310765672,750476,285628584,2219476
28014845,25167,1973235712,5037297664,180,848,481215,22,1950146560,1768,1994460,323636,7198407,21292,5849649152,1,25167:3,28.309052721722917,750491,285643944,2219568
28120590,25167,1981100032,5037297664,180,851,483135,22,1958010880,1768,1994461,323640,7198487,21292,5841780736,1,25167:3,28.37012282598803,750506,285659304,2219644
28225982,25167,1988964352,5037297664,180,855,485055,22,1965875200,1768,1994461,323644,7198565,21292,5833347072,1,25167:4,37.95341990059297,750522,285675688,2219724
28333193,25167,1996959744,5037297664,180,858,486975,22,1974263808,1768,1994462,323653,7198639,21292,5825015808,1,25167:3,27.9821333705334,750537,285691048,2219808
28439187,25167,2004299776,5037297664,180,861,488761,22,1981005824,1784,1994462,323657,7198718,21294,5818114048,1,25167:3,28.30361090958154,750557,285704896,2219896
28544925,25167,2010329088,5037297664,180,863,490286,22,1988894720,1800,1994463,323660,7198796,21296,5811544064,1,25167:2,18.91471936557156,750581,285719624,2219984
28650890,25167,2018717696,5037297664,180,867,492244,22,1996759040,1800,1994464,323663,7198877,21296,5803675648,1,25167:4,37.74803027475074,750596,285734984,2220076
28756909,25167,2026582016,5037297664,180,870,494254,22,2004623360,1800,1994464,323666,7198957,21296,5795807232,1,25167:3,28.29694817413942,750612,285751368,2220148
28862379,25167,2034446336,5037297664,180,873,496174,22,2012487680,1800,1994465,323670,7199038,21296,5787938816,1,25167:3,28.44412647703593,750627,285766728,2220244
28968074,25167,2042310656,5037297664,180,876,498094,22,2020216832,1800,1994465,323673,7199118,21296,5779431424,1,25167:3,28.383431319561048,750642,285782088,2220332
29073927,25167,2050568192,5037297664,180,879,500077,22,2028605440,1802,1994465,323677,7199199,21296,5771579392,1,25167:4,28.341278495856553,750657,285797184,2220408
29179587,25167,2058432512,5037297664,180,883,502029,22,2036469760,1802,1994466,323680,7199279,21296,5763473408,1,25167:3,37.85727483706726,750673,285813568,2220488
29285206,25167,2066296832,5037297664,180,886,503949,22,2044334080,1802,1994466,323684,7199360,21296,5755863040,1,25167:3,28.40402283524373,750689,285828928,2220568
29390725,25167,2074161152,5037297664,180,889,505869,22,2052198400,1802,1994466,323687,7199440,21296,5747478528,1,25167:3,28.430873373495796,750704,285844288,2220652
29496621,25167,2082156544,5037297664,180,892,507824,22,2059259904,1818,1994467,323690,7199519,21298,5739823104,1,25167:3,28.329513948262825,750723,285858080,2220744
29601979,25167,2088316928,5037297664,180,895,509292,22,2066796544,1834,1994467,323691,7199597,21301,5733654528,1,25167:3,28.474588394604417,750746,285871776,2220840
29707714,25167,2096181248,5037297664,180,898,511228,22,2074660864,1834,1994468,323694,7199677,21301,5725786112,1,25167:3,28.372593436624705,750762,285887136,2220920
29813234,25167,2104045568,5037297664,180,902,513148,22,2082525184,1834,1994468,323698,7199757,21301,5717917696,1,25167:4,37.90763681091202,750777,285902496,2221012
29918627,25167,2111909888,5037297664,180,905,515068,22,2090389504,1834,1994468,323700,7199837,21301,5710307328,1,25167:3,28.464839945051473,750793,285918880,2221104
30024249,25167,2119774208,5037297664,180,908,516988,22,2098253824,1834,1994469,323704,7199918,21301,5702193152,1,25167:3,28.403249415049274,750808,285934240,2221184
30129833,25167,2128031744,5037297664,180,910,518969,22,2106507264,1836,1994470,323706,7199998,21301,5693960192,1,25167:3,18.942277255346614,750823,285949336,2221260
30235369,25167,2135896064,5037297664,180,914,520923,22,2114371584,1836,1994470,323709,7200079,21301,5686091776,1,25167:3,37.90182975062814,750838,285964696,2221348
30340654,25167,2143760384,5037297664,180,916,522843,22,2122235904,1836,1994470,323713,7200159,21301,5678223360,1,25167:2,18.99602548058472,750854,285981080,2221428
30446133,25167,2151624704,5037297664,180,919,524763,22,2130624512,1836,1994471,323715,7200240,21301,5669851136,1,25167:3,28.441677098757808,750869,285996440,2221512
30551680,25167,2159226880,5037297664,180,922,526643,22,2137657344,1842,1994472,323718,7200320,21302,5662683136,1,25167:3,28.423275092337274,750886,286011808,2221596
30657080,25167,2165649408,5037297664,180,924,528201,22,2145226752,1869,1994472,323722,7200398,21305,5655834624,1,25167:2,18.975359613188054,750912,286024960,2221672
30762595,25167,2174038016,5037297664,180,927,530188,22,2153091072,1869,1994472,323724,7200479,21305,5647966208,1,25167:3,28.432041166562854,750927,286040320,2221756
30867948,25167,2181902336,5037297664,180,930,532169,22,2160955392,1869,1994473,323727,7200560,21305,5640097792,1,25167:3,28.475601933409845,750942,286055680,2221832
30973200,25167,2189766656,5037297664,180,932,534089,22,2168819712,1869,1994474,323730,7200640,21305,5632229376,1,25167:2,19.002086429089914,750958,286072064,2221916
31078612,25167,2197762048,5037297664,180,935,536009,22,2177208320,1869,1994474,323732,7200721,21305,5623848960,1,25167:3,28.45973198369948,750973,286087424,2222000
31184206,25167,2205364224,5037297664,180,938,537896,22,2184413184,1871,1994474,323734,7200797,21309,5615865856,1,25167:3,28.410556904588763,750994,286102912,2222092
31289695,25167,2213228544,5037297664,180,940,539816,22,2192277504,1871,1994475,323736,7200879,21309,5607997440,1,25167:2,18.959478059219855,751009,286118272,2222180
31395347,25167,2221092864,5037297664,180,943,541736,22,2200141824,1871,1994475,323738,7200959,21309,5600133120,1,25167:3,28.394938076035093,751024,286133632,2222272
31500789,25167,2229088256,5037297664,181,945,543656,22,2208530432,1871,1994476,323740,7201040,21309,5592018944,1,25167:3,28.451814703687294,751039,286148992,2222360
31606283,25167,2236821504,5037297664,181,948,545552,22,2216267776,1874,1994476,323743,7201120,21310,5584273408,1,25167:3,28.43744244676361,751055,286164104,2222440
31712002,25167,2244161536,5037297664,181,950,547355,22,2223656960,1904,1994476,323745,7201199,21313,5576687616,1,25167:2,18.918200717550327,751083,286178536,2222536
31817609,25167,2252419072,5037297664,181,953,549399,22,2231521280,1904,1994477,323748,7201280,21313,5568745472,1,25167:3,28.407003693734286,751098,286193896,2222612
31922879,25167,2260283392,5037297664,181,956,551319,22,2239385600,1904,1994478,323750,7201360,21313,5560877056,1,25167:3,28.498199597742207,751114,286210280,2222700
32028298,25167,2268147712,5037297664,181,958,553239,22,2247249920,1904,1994478,323753,7201441,21313,5552750592,1,25167:2,18.971984790994558,751129,286225640,2222780
32133758,25167,2276012032,5037297664,181,961,555159,22,2255638528,1904,1994479,323756,7201522,21313,5544574976,1,25167:3,28.446610263992127,751144,286241000,2222864
32239395,25167,2284269568,5037297664,181,964,557174,22,2263367680,1906,1994479,323758,7201603,21313,5537165312,1,25167:3,28.399272452292035,751159,286256096,2222948
32344624,25167,2292133888,5037297664,181,966,559094,22,2271232000,1906,1994480,323761,7201684,21313,5529296896,1,25167:2,19.006209765873336,751175,286271456,2223036
32449981,25167,2299998208,5037297664,181,969,561014,22,2279096320,1906,1994480,323764,7201765,21313,5521428480,1,25167:3,28.47459974583952,751191,286287840,2223112
32555362,25167,2307862528,5037297664,181,972,562934,22,2286960640,1906,1994480,323766,7201845,21313,5513048064,1,25167:3,28.46808130256275,751206,286303200,2223196
32660750,25167,2317037568,5037297664,181,974,565142,22,2296090624,1912,1994481,323768,7201925,21314,5504094208,1,25167:2,18.977565263206447,751225,286320616,2223296
32766210,25167,2331717632,5049909248,182,977,568733,22,2301878272,1918,1994483,323771,7202004,21314,5489762304,1,25167:4,37.928873387105476,751237,286331312,2223368
32871553,25167,2331848704,5049909248,182,979,568786,22,2308722688,1920,1994483,323772,7202086,21314,5489426432,1,25167:2,18.98566448482461,751253,286346728,2223456
32976750,25167,2340368384,5049909248,192,980,570863,22,2308722688,1920,1994494,323774,7202159,21314,5480910848,1,25167:11,104.56520466576026,751253,286346728,2223456
33082004,25167,2370383872,5153722368,199,983,578126,22,2308722688,1920,1994501,323777,7202232,21314,5449945088,1,25167:10,95.00896618615691,751253,286346728,2223456
33186981,25167,2418225152,5153722368,205,987,589824,22,2308722688,1920,1994507,323782,7202305,21314,5401948160,1,25167:10,95.2586765555842,751253,286346728,2223456
33291744,25167,2435534848,5141110784,209,990,597157,22,2312392704,1921,1994511,323786,7202381,21314,5384511488,1,25167:7,66.81744053942217,751259,286352872,2223496
33398048,25167,2435534848,5141110784,209,992,597157,22,2320781312,1921,1994511,323793,7202456,21314,5383368704,1,25167:2,18.813946251565792,751274,286368232,2223584
33503723,25167,2435534848,5141110784,209,993,597157,22,2328645632,1921,1994511,323795,7202538,21314,5383499776,1,25167:1,9.463016402719482,751290,286383592,2223684
33609262,25167,2435534848,5141110784,209,994,597157,22,2336509952,1921,1994512,323797,7202620,21314,5383372800,1,25167:1,9.475135751454303,751305,286398952,2223768
33714696,25167,2435534848,5141110784,209,996,597157,22,2344374272,1921,1994512,323798,7202700,21317,5382938624,1,25167:2,18.969150716788246,751320,286414312,2223868
33820395,25167,2435534848,5141110784,209,997,597157,22,2352238592,1921,1994512,323800,7202782,21317,5383061504,1,25167:1,9.460815539518192,751335,286429672,2223964
33925753,25167,2435534848,5141110784,209,998,597157,22,2360102912,1921,1994513,323802,7202864,21317,5382926336,1,25167:1,9.491450727620308,751351,286446056,2224056
34031428,25167,2435534848,5141110784,209,999,597157,22,2367967232,1921,1994513,323803,7202946,21317,5382848512,1,25167:1,9.462997776630822,751366,286461416,2224148
34137205,25167,2435534848,5141110784,209,1001,597157,22,2376355840,1921,1994513,323805,7203029,21317,5382721536,1,25167:2,18.907730831321214,751381,286476776,2224244
34243058,25167,2435534848,5141110784,209,1002,597157,22,2384220160,1921,1994514,323806,7203111,21317,5382852608,1,25167:1,9.447081586772635,751396,286492136,2224336
34348428,25167,2435534848,5141110784,209,1004,597157,22,2392084480,1921,1994514,323807,7203194,21317,5382991872,1,25167:2,18.980642146062248,751411,286507496,2224440
34453718,25167,2435534848,5141110784,209,1005,597157,22,2399948800,1921,1994514,323808,7203276,21317,5382864896,1,25167:1,9.497572885751474,751426,286522856,2224544
34559167,25167,2435534848,5141110784,209,1006,597157,22,2407813120,1921,1994515,323810,7203358,21317,5382995968,1,25167:1,9.48331621515729,751442,286539240,2224640
34664761,25167,2438942720,5141110784,213,1008,597995,22,2412015616,1923,1994519,323812,7203437,21317,5379174400,1,25167:6,56.82115847205177,751452,286548472,2224692
34770762,25167,2448117760,5141110784,222,1009,600238,22,2412015616,1923,1994528,323813,7203510,21317,5369626624,1,25167:10,94.33854664808588,751452,286548472,2224692
34876882,25167,2457292800,5141110784,232,1009,602482,22,2412015616,1923,1994538,323815,7203584,21317,5360336896,1,25167:10,94.23316672187003,751452,286548472,2224692
34982883,25167,2466467840,5141110784,242,1010,604727,22,2412015616,1923,1994548,323816,7203657,21317,5351305216,1,25167:11,103.77301219611195,751452,286548472,2224692
35089466,25167,2475773952,5141110784,252,1011,606983,22,2412015616,1923,1994558,323817,7203731,21317,5342015488,1,25167:11,103.20531695778948,751452,286548472,2224692
35195619,25167,2484948992,5141110784,261,1012,609229,22,2412015616,1923,1994568,323818,7203805,21317,5332725760,1,25167:10,94.20409494273042,751452,286548472,2224692
35301622,25167,2494124032,5141110784,270,1014,611474,22,2412015616,1923,1994577,323821,7203878,21317,5323694080,1,25167:11,103.770850641643,751452,286548472,2224692
35407809,25167,2503299072,5141110784,280,1014,613720,22,2412015616,1923,1994588,323821,7203952,21317,5314404352,1,25167:10,94.17311923614602,751452,286548472,2224692
35513825,25167,2512605184,5141110784,289,1016,615964,22,2412015616,1923,1994598,323823,7204025,21317,5305114624,1,25167:12,103.75804469134415,751452,286548472,2224692
35620044,25167,2521780224,5141110784,299,1017,618208,22,2412015616,1923,1994607,323824,7204099,21317,5296123904,1,25167:10,103.55946691502862,751452,286548472,2224692
35726052,25167,2530955264,5141110784,309,1017,620446,22,2412015616,1923,1994617,323826,7204173,21317,5286834176,1,25167:10,94.3329846251668,751452,286548472,2224692
35832191,25167,2539343872,5141110784,319,1018,622501,22,2413518848,1924,1994626,323828,7204246,21317,5278744576,1,25167:11,103.63703333716006,751453,286549496,2224700
35937930,25167,2541178880,5141110784,327,1018,622963,22,2413518848,1926,1994636,323828,7204320,21317,5276938240,1,25167:9,75.65804315975491,751455,286551408,2224712
36042859,25167,2541178880,5141110784,334,1018,622963,22,2417713152,1927,1994642,323829,7204397,21317,5276958720,1,25167:6,66.71194755991094,751462,286558576,2224760
36148727,25167,2541178880,5141110784,334,1020,622963,22,2426101760,1927,1994642,323830,7204480,21317,5276917760,1,25167:2,18.891404405328156,751477,286573936,2224856
36254500,25167,2541178880,5141110784,334,1021,622963,22,2433966080,1927,1994643,323831,7204562,21317,5277048832,1,25167:1,9.454245277101046,751492,286589296,2224952
36359901,25167,2541178880,5141110784,334,1022,622963,22,2441830400,1927,1994643,323832,7204645,21317,5276921856,1,25167:1,9.48759357198458,751508,286605680,2225052
36465611,25167,2541178880,5141110784,334,1023,622963,22,2450219008,1927,1994644,323834,7204728,21317,5277028352,1,25167:1,9.459846009221117,751523,286621040,2225140
36571387,25167,2541178880,5141110784,334,1025,622963,22,2458083328,1927,1994644,323835,7204810,21317,5276909568,1,25167:2,18.907872403286163,751538,286636400,2225240
36676969,25167,2541178880,5141110784,334,1026,622963,22,2466471936,1927,1994644,323837,7204892,21317,5277077504,1,25167:1,9.471232008862042,751554,286652784,2225336
36782823,25167,2541178880,5141110784,334,1027,622963,22,2474336256,1927,1994644,323839,7204975,21317,5276704768,1,25167:1,9.447048208381478,751569,286668144,2225432
36888567,25167,2541178880,5141110784,334,1028,622963,22,2482200576,1927,1994644,323840,7205057,21317,5276835840,1,25167:1,9.456778347782992,751585,286684528,2225524
36994239,25167,2541178880,5141110784,334,1030,622963,22,2490589184,1927,1994645,323841,7205140,21317,5276684288,1,25167:2,18.926406051695622,751600,286699888,2225624
37100255,25167,2541178880,5141110784,334,1031,622963,22,2498453504,1927,1994645,323842,7205223,21317,5276815360,1,25167:1,9.432538395784237,751615,286715248,2225716
37205740,25167,2541178880,5141110784,334,1032,622963,22,2506842112,1927,1994646,323844,7205305,21317,5276725248,1,25167:1,9.480042335214657,751631,286731632,2225812
37311655,25167,2541178880,5141110784,334,1033,622963,22,2514706432,1927,1994646,323846,7205388,21317,5276856320,1,25167:1,9.441540436418212,751646,286746992,2225908
37417344,25167,2546814976,5141110784,340,1034,624316,22,2516811776,1929,1994653,323847,7205465,21317,5270953984,1,25167:7,66.23207951528262,751654,286753152,2225940
37523386,25167,2555990016,5141110784,350,1034,626559,22,2516811776,1929,1994663,323848,7205538,21317,5261664256,1,25167:10,94.30247991946568,751654,286753152,2225940
37629412,25167,2565165056,5141110784,360,1035,628801,22,2516811776,1929,1994673,323850,7205612,21317,5252677632,1,25167:12,103.74793273991341,751654,286753152,2225940
37735446,25167,2574209024,5141110784,369,1037,631028,22,2516811776,1929,1994682,323851,7205685,21317,5243387904,1,25167:10,103.73990173398133,751654,286753152,2225940
37841438,25167,2583384064,5141110784,378,1038,633256,22,2516811776,1929,1994692,323852,7205759,21317,5234098176,1,25167:11,94.34685263664122,751654,286753152,2225940
37947588,25167,2592559104,5141110784,389,1038,635481,22,2516811776,1929,1994703,323852,7205832,21317,5225066496,1,25167:10,103.62670090040676,751654,286753152,2225940
38053676,25167,2601603072,5141110784,398,1040,637698,22,2516811776,1929,1994712,323857,7205904,21317,5215936512,1,25167:11,103.68770898434488,751654,286753152,2225940
38159947,25167,2610253824,5141110784,408,1041,639820,22,2516811776,1929,1994722,323859,7205976,21317,5206503424,1,25167:11,103.508835669476,751654,286753152,2225940
38265840,25167,2618904576,5141110784,416,1043,641938,22,2516811776,1929,1994732,323861,7206050,21317,5197729792,1,25167:10,94.43535425463615,751654,286753152,2225940
38371948,25167,2627424256,5141110784,425,1044,644041,22,2516811776,1929,1994740,323863,7206122,21317,5188956160,1,25167:10,94.2438237946222,751654,286753152,2225940
38477964,25167,2636599296,5141110784,434,1046,646269,22,2516811776,1929,1994750,323871,7206188,21317,5179408384,1,25167:12,103.75775891088612,751654,286753152,2225940
38583382,25167,2644856832,5141110784,444,1046,648307,22,2517860352,1930,1994760,323872,7206261,21317,5171310592,1,25167:9,94.8601111221697,751654,286753152,2225948
38688677,25167,2644856832,5141110784,445,1048,648307,22,2525724672,1930,1994761,323874,7206342,21317,5171273728,1,25167:3,28.49142248631196,751669,286768512,2226036
38793984,25167,2644856832,5141110784,445,1050,648307,22,2533588992,1930,1994761,323877,7206413,21328,5170966528,1,25167:2,18.992056971005074,751684,286783872,2226136
38899152,25167,2644856832,5141110784,445,1051,648307,22,2540929024,1930,1994762,323879,7206477,21345,5171961856,1,25167:1,9.508605444819553,751717,286799192,2226228
39004411,25167,2644856832,5141110784,445,1052,648307,22,2547744768,1930,1994762,323883,7206535,21364,5172539392,1,25167:1,9.500388893669168,751744,286813816,2226328
39109640,25167,2644856832,5141110784,445,1055,648307,22,2555609088,1930,1994763,323886,7206604,21376,5172219904,1,25167:3,28.50923526741791,751763,286829752,2226420
39216285,25167,2644856832,5141110784,445,1056,648307,22,2562949120,1930,1994764,323888,7206680,21381,5171961856,1,25167:1,9.376953395210098,751782,286844752,2226508
39321807,25167,2644856832,5141110784,445,1058,648307,22,2570813440,1930,1994764,323892,7206762,21381,5171900416,1,25167:2,18.953234467070963,751798,286861136,2226604
39427753,25167,2644856832,5141110784,445,1060,648307,22,2578677760,1930,1994764,323894,7206844,21381,5172097024,1,25167:2,18.87759288339667,751814,286876496,2226704
39533831,25167,2644856832,5141110784,445,1062,648307,22,2587066368,1930,1994765,323896,7206926,21381,5171986432,1,25167:2,18.854050792812835,751829,286891856,2226800
39640176,25167,2644856832,5141110784,445,1064,648307,22,2594930688,1930,1994766,323898,7207008,21381,5173145600,1,25167:2,18.806692952217205,751844,286907216,2226900
39745508,25167,2644856832,5141110784,445,1066,648307,22,2602795008,1930,1994766,323901,7207088,21383,5173018624,1,25167:2,18.987684692140945,751859,286922576,2226984
39851684,25167,2644856832,5141110784,445,1068,648307,22,2610659328,1930,1994767,323902,7207170,21383,5172891648,1,25167:2,18.836604585989893,751874,286937936,2227088
39956980,25167,2644856832,5141110784,445,1070,648307,22,2618523648,1930,1994768,323908,7207248,21383,5173489664,1,25167:2,18.994123636017736,751889,286953296,2227184
40062426,25167,2650755072,5141110784,450,1072,649739,22,2620104704,1932,1994775,323910,7207323,21383,5167616000,1,25167:8,66.38470868066366,751895,286958432,2227208
40168485,25167,2659536896,5141110784,460,1073,651861,22,2620104704,1932,1994785,323911,7207397,21383,5158584320,1,25167:10,103.71504070051627,751895,286958432,2227208
40274261,25167,2668187648,5141110784,470,1074,653988,22,2620104704,1932,1994796,323912,7207470,21383,5150068736,1,25167:12,103.99358529750036,751895,286958432,2227208
40380132,25167,2676969472,5141110784,480,1075,656115,22,2620104704,1932,1994805,323913,7207543,21383,5141295104,1,25167:10,103.90067994210692,751895,286958432,2227208
40485872,25167,2685489152,5141110784,490,1075,658224,22,2620104704,1932,1994816,323913,7207617,21383,5132521472,1,25167:11,94.57154686962554,751895,286958432,2227208
40591745,25167,2694270976,5141110784,500,1076,660342,22,2620104704,1932,1994826,323914,7207690,21383,5124042752,1,25167:10,103.89789972284763,751895,286958432,2227208
40697559,25167,2702921728,5141110784,510,1076,662478,22,2620104704,1932,1994837,323915,7207763,21383,5115269120,1,25167:10,94.50518770634558,751895,286958432,2227208
40803352,25167,2711572480,5141110784,520,1076,664591,22,2620104704,1932,1994847,323919,7207833,21383,5106704384,1,25167:10,94.52417038333341,751895,286958432,2227208
40909222,25167,2720354304,5141110784,530,1077,666717,22,2620104704,1932,1994858,323920,7207907,21383,5097672704,1,25167:11,103.90063872350925,751895,286958432,2227208
41015029,25167,2729136128,5141110784,540,1078,668857,22,2620104704,1932,1994867,323921,7207980,21383,5089157120,1,25167:11,103.96373064585201,751895,286958432,2227208
41120795,25167,2737917952,5141110784,550,1078,670999,22,2620104704,1932,1994878,323922,7208054,21383,5080125440,1,25167:10,94.54781604047004,751895,286958432,2227208
41226672,25167,2746699776,5141110784,560,1080,673162,22,2620104704,1932,1994888,323923,7208127,21383,5071351808,1,25167:12,113.33914889099532,751895,286958432,2227208
41332615,25167,2748665856,5141110784,562,1082,673651,22,2627444736,1933,1994890,323926,7208207,21383,5069369344,1,25167:4,37.75632901556045,751908,286970720,2227280
41438762,25167,2748665856,5141110784,562,1084,673651,22,2635309056,1933,1994890,323928,7208289,21383,5069500416,1,25167:2,18.841750847841105,751923,286986080,2227380
41544174,25167,2748665856,5141110784,562,1086,673651,22,2643173376,1933,1994891,323930,7208370,21383,5069373440,1,25167:2,18.973237091714672,751939,287002464,2227472
41649924,25167,2748665856,5141110784,562,1087,673651,22,2651561984,1933,1994892,323937,7208449,21383,5070106624,1,25167:1,9.456264238888082,751954,287017824,2227568
41756493,25167,2748665856,5141110784,562,1091,673651,22,2659426304,1933,1994892,323940,7208530,21383,5070237696,1,25167:4,37.53410677364889,751969,287033184,2227656
41862625,25167,2748665856,5141110784,562,1093,673651,22,2667290624,1933,1994893,323943,7208611,21383,5070061568,1,25167:2,18.844539521427844,751985,287049568,2227752
41968933,25167,2748665856,5141110784,562,1096,673651,22,2675679232,1933,1994893,323946,7208693,21383,5069971456,1,25167:3,28.219945919860034,752000,287064928,2227844
42074996,25167,2748665856,5141110784,562,1099,673651,22,2683543552,1933,1994894,323948,7208774,21383,5069844480,1,25167:3,28.284842506461317,752016,287081312,2227940
42181122,25167,2748665856,5141110784,562,1101,673651,22,2691932160,1933,1994894,323952,7208856,21383,5070020608,1,25167:2,18.845604931668664,752031,287096672,2228032
42287433,25167,2748665856,5141110784,562,1103,673651,22,2699796480,1933,1994894,323954,7208937,21383,5069893632,1,25167:2,18.812773816983412,752046,287112032,2228132
42392584,25167,2748665856,5141110784,562,1106,673651,22,2707660800,1933,1994895,323956,7209018,21383,5070024704,1,25167:3,28.530461817164642,752062,287128416,2228224
42498630,25167,2748665856,5141110784,562,1108,673651,22,2716049408,1933,1994895,323958,7209100,21383,5069873152,1,25167:2,18.859636429775396,752077,287143776,2228320
42604786,25167,2748665856,5141110784,562,1110,673651,22,2723397632,1933,1994896,323964,7209179,21383,5069303808,1,25167:2,18.840160707701244,752092,287159136,2228416
42710008,25167,2756792320,5141110784,570,1111,675625,22,2723397632,1935,1994904,323966,7209252,21383,5061046272,1,25167:9,85.53370126193477,752094,287160176,2228416
42816024,25167,2765443072,5141110784,581,1112,677729,22,2723397632,1935,1994914,323966,7209325,21383,5052272640,1,25167:12,113.19050559171001,752094,287160176,2228416
42921837,25167,2774093824,5141110784,589,1113,679834,22,2723397632,1935,1994924,323968,7209399,21383,5043757056,1,25167:9,85.05584090792611,752094,287160176,2228416
43027790,25167,2782744576,5141110784,598,1115,681941,22,2723397632,1935,1994932,323971,7209472,21383,5034983424,1,25167:11,103.81981998511525,752094,287160176,2228416
43133639,25167,2791264256,5141110784,608,1116,684047,22,2723397632,1935,1994943,323972,7209546,21383,5026209792,1,25167:11,103.92096640452444,752094,287160176,2228416
43239618,25167,2800046080,5141110784,617,1118,686167,22,2723397632,1935,1994952,323973,7209619,21383,5017436160,1,25167:11,103.79410480434225,752094,287160176,2228416
43345457,25167,2808696832,5141110784,627,1118,688295,22,2723397632,1935,1994963,323974,7209693,21383,5008920576,1,25167:10,94.48312646630727,752094,287160176,2228416
43451397,25167,2817347584,5141110784,636,1120,690393,22,2723397632,1935,1994972,323980,7209762,21383,5000220672,1,25167:11,103.83272253891622,752094,287160176,2228416
43557181,25167,2826260480,5141110784,644,1122,692586,22,2723397632,1935,1994981,323986,7209828,21383,4990406656,1,25167:10,94.53183976051531,752094,287160176,2228416
43663346,25167,2834911232,5141110784,654,1123,694689,22,2723397632,1935,1994990,323988,7209901,21383,4981891072,1,25167:11,103.61279153790188,752094,287160176,2228416
43769030,25167,2843561984,5141110784,662,1125,696788,22,2723397632,1935,1994999,323990,7209974,21383,4973375488,1,25167:10,94.62165856268433,752094,287160176,2228416
43874894,25167,2852081664,5141110784,672,1126,698892,22,2723397632,1935,1995010,323991,7210048,21383,4964601856,1,25167:11,103.9065274260004,752094,287160176,2228416
43980840,25167,2852474880,5141110784,673,1128,698995,22,2731786240,1936,1995010,323993,7210129,21383,4964474880,1,25167:3,28.316378366921214,752108,287174512,2228508
44086214,25167,2852474880,5141110784,673,1130,698995,22,2739650560,1936,1995011,323996,7210210,21383,4964605952,1,25167:2,18.98005655373571,752123,287189872,2228608
44191705,25167,2852474880,5141110784,673,1132,698995,22,2747514880,1936,1995011,323998,7210292,21383,4964454400,1,25167:2,18.959013645939663,752139,287206256,2228704
44297737,25167,2852474880,5141110784,673,1134,698995,22,2755903488,1936,1995012,324000,7210374,21383,4964585472,1,25167:2,18.86208938080212,752154,287221616,2228796
44403445,25167,2852474880,5141110784,673,1136,698995,22,2763767808,1936,1995012,324005,7210452,21383,4964950016,1,25167:2,18.920184398009162,752169,287236976,2228892
44509824,25167,2852474880,5141110784,673,1139,698995,22,2771632128,1936,1995013,324008,7210533,21383,4965081088,1,25167:3,28.20105631004557,752184,287252336,2228980
44615761,25167,2852474880,5141110784,673,1142,698995,22,2779496448,1936,1995013,324011,7210613,21383,4964470784,1,25167:3,28.31847206664499,752200,287268720,2229080
44721777,25167,2852474880,5141110784,673,1145,698995,22,2787885056,1936,1995014,324014,7210695,21383,4964638720,1,25167:3,28.297659762785997,752215,287284080,2229172
44828259,25167,2852474880,5141110784,673,1148,698995,22,2795749376,1936,1995015,324018,7210776,21383,4964511744,1,25167:4,28.173744892769175,752230,287299440,2229264
44934395,25167,2852474880,5141110784,673,1152,698995,22,2803613696,1936,1995015,324021,7210856,21383,4964642816,1,25167:3,37.68768810219567,752245,287314800,2229360
45040066,25167,2852474880,5141110784,673,1154,698995,22,2811478016,1936,1995016,324024,7210938,21383,4964491264,1,25167:2,18.92661506886558,752261,287331184,2229444
45147368,25167,2852474880,5141110784,673,1157,698995,22,2819342336,1936,1995016,324027,7211018,21384,4967645184,1,25167:3,27.958413723480568,752277,287346544,2229540
45252955,25167,2852474880,5141110784,673,1159,698995,22,2826690560,1938,1995017,324029,7211099,21384,4968173568,1,25167:2,18.941761300811063,752293,287361920,2229628
45358511,25167,2860863488,5141110784,681,1161,701063,22,2826690560,1938,1995026,324034,7211169,21384,4960481280,1,25167:10,94.7369206870458,752293,287361920,2229628
45463569,25167,2869514240,5141110784,691,1162,703155,22,2826690560,1938,1995036,324035,7211242,21384,4951965696,1,25167:11,104.703632703007,752293,287361920,2229628
45568719,25167,2878033920,5141110784,700,1163,705251,22,2826690560,1938,1995046,324037,7211315,21384,4943192064,1,25167:10,95.10225660916937,752293,287361920,2229628
45673919,25167,2886684672,5141110784,709,1164,707348,22,2826690560,1938,1995056,324038,7211388,21384,4934799360,1,25167:11,95.05701795602354,752293,287361920,2229628
45779018,25167,2895335424,5141110784,719,1166,709452,22,2826690560,1938,1995065,324040,7211461,21384,4926283776,1,25167:11,114.1781758426497,752293,287361920,2229628
45884158,25167,2903855104,5141110784,728,1167,711552,22,2826690560,1938,1995074,324041,7211534,21384,4917510144,1,25167:10,95.11126391475415,752293,287361920,2229628
45989271,25167,2912505856,5141110784,738,1167,713654,22,2826690560,1938,1995086,324041,7211607,21384,4908994560,1,25167:10,95.13542961271575,752293,287361920,2229628
46094455,25167,2921156608,5141110784,748,1167,715753,22,2826690560,1938,1995096,324042,7211680,21384,4900478976,1,25167:10,95.07219335524088,752293,287361920,2229628
46199698,25167,2929807360,5141110784,759,1168,717878,22,2826690560,1938,1995106,324043,7211751,21384,4891594752,1,25167:12,114.02091428620294,752293,287361920,2229628
46304822,25167,2938458112,5141110784,769,1168,720001,22,2826690560,1938,1995117,324047,7211822,21384,4882882560,1,25167:10,95.12630461683915,752293,287361920,2229628
46409898,25167,2947108864,5141110784,778,1169,722104,22,2826690560,1938,1995127,324048,7211895,21384,4874108928,1,25167:11,95.16889113956972,752293,287361920,2229628
46515026,25167,2955759616,5141110784,788,1170,724219,22,2826690560,1938,1995137,324049,7211968,21384,4865593344,1,25167:10,104.6342081777284,752293,287361920,2229628
46620114,25167,2956283904,5141110784,788,1173,724339,22,2835079168,1939,1995138,324052,7212049,21384,4864962560,1,25167:3,28.547678805840697,752307,287376256,2229724
46726074,25167,2956283904,5141110784,788,1175,724339,22,2842943488,1939,1995138,324056,7212130,21384,4865093632,1,25167:2,18.875039349738284,752322,287391616,2229828
46831415,25167,2956283904,5141110784,788,1178,724339,22,2850807808,1939,1995138,324059,7212210,21384,4864966656,1,25167:3,28.478767071395193,752337,287406976,2229936
46936638,25167,2956283904,5141110784,788,1180,724339,22,2858672128,1939,1995139,324062,7212291,21384,4865097728,1,25167:2,19.007353507903076,752352,287422336,2230040
47041903,25167,2956283904,5141110784,788,1183,724339,22,2866536448,1939,1995139,324064,7212372,21384,4864970752,1,25167:3,28.499530769475644,752368,287438720,2230132
47147438,25167,2956283904,5141110784,788,1185,724339,22,2874400768,1939,1995139,324070,7212450,21384,4864376832,1,25167:2,18.951027106345784,752384,287454080,2230236
47252943,25167,2956283904,5141110784,788,1188,724339,22,2882265088,1939,1995140,324074,7212531,21384,4864458752,1,25167:3,28.434735755668882,752399,287469440,2230328
47358765,25167,2956283904,5141110784,788,1190,724339,22,2890653696,1939,1995140,324077,7212613,21384,4864356352,1,25167:2,18.899638478265366,752414,287484800,2230424
47464697,25167,2956283904,5141110784,788,1193,724339,22,2898518016,1939,1995140,324080,7212694,21384,4864487424,1,25167:3,28.32000919380778,752429,287500160,2230516
47570551,25167,2956283904,5141110784,788,1196,724339,22,2906382336,1939,1995141,324082,7212775,21384,4864360448,1,25167:3,28.340865374909548,752444,287515520,2230608
47676312,25167,2956283904,5141110784,788,1198,724339,22,2914246656,1939,1995141,324084,7212856,21384,4864659456,1,25167:2,18.91066584435527,752459,287530880,2230700
47781644,25167,2956283904,5141110784,788,1200,724339,22,2922110976,1939,1995142,324087,7212937,21384,4864532480,1,25167:2,18.9874743239505,752474,287546240,2230792
47887008,25167,2956283904,5141110784,788,1203,724339,22,2929975296,1939,1995142,324089,7213018,21384,4864663552,1,25167:3,28.472764206561628,752490,287562624,2230884
47992667,25167,2964017152,5141110784,796,1204,726236,22,2929983488,1941,1995152,324090,7213092,21384,4856664064,1,25167:9,85.17991076098255,752492,287563664,2230888
48097834,25167,2972667904,5141110784,805,1206,728347,22,2929983488,1941,1995161,324095,7213162,21384,4848873472,1,25167:11,104.59499107899812,752492,287563664,2230888
48203012,25167,2981318656,5141110784,815,1207,730451,22,2929983488,1941,1995170,324096,7213235,21384,4840099840,1,25167:11,104.58467457632321,752492,287563664,2230888
48308265,25167,2989838336,5141110784,825,1207,732545,22,2929983488,1941,1995181,324096,7213308,21384,4831326208,1,25167:10,95.00956736842444,752492,287563664,2230888
48413360,25167,2998489088,5141110784,834,1208,734656,22,2929983488,1941,1995192,324097,7213381,21384,4822810624,1,25167:10,95.15161057993042,752492,287563664,2230888
48518506,25167,3007139840,5141110784,844,1209,736755,22,2929983488,1941,1995201,324098,7213454,21384,4814094336,1,25167:11,104.6169584641287,752492,287563664,2230888
48624465,25167,3016183808,5141110784,853,1211,738970,22,2929983488,1941,1995210,324106,7213519,21384,4804546560,1,25167:11,103.81336991062152,752492,287563664,2230888
48729643,25167,3024834560,5141110784,862,1211,741082,22,2929983488,1941,1995220,324108,7213591,21384,4795699200,1,25167:10,85.56931336863074,752495,287564136,2230892
48834981,25167,3033485312,5141110784,871,1214,743196,22,2929983488,1941,1995229,324110,7213664,21384,4787240960,1,25167:11,113.91916797085126,752495,287564136,2230892
48940095,25167,3042136064,5141110784,880,1215,745308,22,2929983488,1941,1995238,324115,7213734,21384,4779192320,1,25167:10,95.1346756912181,752495,287564136,2230892
49045359,25167,3050786816,5141110784,889,1216,747421,22,2929983488,1941,1995248,324116,7213807,21384,4770676736,1,25167:10,94.9994511881705,752495,287564136,2230892
49150471,25167,3059437568,5141110784,898,1217,749518,22,2929983488,1941,1995258,324118,7213880,21384,4761903104,1,25167:11,95.13592016589347,752495,287564136,2230892
49255559,25167,3060092928,5141110784,899,1220,749683,22,2937847808,1942,1995258,324121,7213959,21385,4761223168,1,25167:3,38.06354167780818,752509,287577448,2230976
49360847,25167,3060092928,5141110784,899,1222,749683,22,2945712128,1942,1995259,324123,7214040,21385,4761305088,1,25167:2,18.995469067749678,752525,287593832,2231072
49466668,25167,3060092928,5141110784,899,1225,749683,22,2954100736,1942,1995259,324126,7214122,21385,4761264128,1,25167:3,28.349904309150485,752540,287609192,2231180
49572548,25167,3060092928,5141110784,899,1227,749683,22,2961965056,1942,1995260,324129,7214204,21385,4761251840,1,25167:2,18.889218736624073,752555,287624552,2231280
49678670,25167,3060092928,5141110784,899,1229,749683,22,2969829376,1942,1995260,324131,7214285,21385,4761268224,1,25167:2,18.84626341542992,752570,287639912,2231372
49784219,25167,3060092928,5141110784,899,1231,749683,22,2977693696,1942,1995261,324132,7214367,21385,4761141248,1,25167:2,18.948461208729164,752586,287656296,2231464
49889656,25167,3060092928,5141110784,899,1233,749683,22,2985558016,1942,1995261,324138,7214445,21385,4760805376,1,25167:2,18.96877578271571,752601,287671656,2231552
49995068,25167,3060092928,5141110784,899,1235,749683,22,2993422336,1942,1995262,324139,7214526,21385,4760936448,1,25167:2,18.973132157038982,752617,287687016,2231652
50100800,25167,3060092928,5141110784,899,1238,749683,22,3001810944,1942,1995262,324143,7214608,21385,4760793088,1,25167:3,28.373666815975206,752632,287702376,2231756
50206616,25167,3060092928,5141110784,899,1240,749683,22,3009675264,1942,1995263,324145,7214689,21385,4760924160,1,25167:2,18.90063582305928,752647,287717736,2231852
50312359,25167,3060092928,5141110784,899,1242,749683,22,3017539584,1942,1995263,324148,7214770,21385,4760797184,1,25167:2,18.913795299568182,752662,287733096,2231944
50417655,25167,3060092928,5141110784,899,1245,749683,22,3025403904,1942,1995264,324149,7214852,21385,4760928256,1,25167:3,28.49127555830055,752677,287748456,2232032
50522940,25167,3060092928,5141110784,899,1247,749683,22,3033268224,1942,1995264,324152,7214933,21385,4760694784,1,25167:2,18.996048033673002,752693,287764840,2232132
50628606,25167,3067826176,5141110784,908,1248,751589,22,3033276416,1944,1995274,324154,7215006,21385,4752953344,1,25167:10,94.63725412732703,752695,287765880,2232140
50733708,25167,3076476928,5141110784,916,1250,753711,22,3033276416,1944,1995283,324158,7215076,21385,4745003008,1,25167:11,95.14614147620401,752695,287765880,2232140
50838847,25167,3085258752,5141110784,925,1252,755837,22,3033276416,1944,1995292,324161,7215149,21385,4735971328,1,25167:10,104.62309383024204,752695,287765880,2232140
50944070,25167,3093909504,5141110784,933,1254,757952,22,3033276416,1944,1995300,324164,7215222,21385,4727455744,1,25167:10,95.0365047094152,752695,287765880,2232140
51049221,25167,3102560256,5141110784,943,1255,760069,22,3033276416,1944,1995310,324165,7215295,21385,4718682112,1,25167:11,104.61140382227245,752695,287765880,2232140
51154360,25167,3111211008,5141110784,953,1255,762172,22,3033276416,1944,1995320,324166,7215368,21385,4710166528,1,25167:10,95.11186639232854,752695,287765880,2232140
51259566,25167,3119861760,5141110784,963,1256,764289,22,3033276416,1944,1995330,324166,7215441,21385,4701106176,1,25167:11,104.55725435007368,752695,287765880,2232140
51364736,25167,3128512512,5141110784,972,1257,766424,22,3033276416,1944,1995341,324167,7215514,21385,4692332544,1,25167:10,95.08451020937125,752695,287765880,2232140
51469932,25167,3137294336,5141110784,981,1258,768544,22,3033276416,1944,1995350,324169,7215587,21385,4683816960,1,25167:11,95.06025651021592,752695,287765880,2232140
51575069,25167,3145945088,5141110784,991,1259,770653,22,3033276416,1944,1995360,324172,7215657,21385,4675510272,1,25167:10,104.62496065269235,752695,287765880,2232140
51680190,25167,3154464768,5141110784,1001,1260,772764,22,3033276416,1944,1995370,324173,7215730,21385,4666994688,1,25167:11,104.64129918679728,752695,287765880,2232140
51785209,25167,3163115520,5141110784,1011,1260,774876,22,3033276416,1944,1995381,324174,7215803,21385,4658221056,1,25167:10,95.22114859424971,752695,287765880,2232140
51890350,25167,3163770880,5141110784,1012,1262,775027,22,3041140736,1945,1995382,324176,7215883,21386,4657487872,1,25167:3,28.53305107424702,752710,287780216,2232240
51996291,25167,3163770880,5141110784,1012,1264,775027,22,3049529344,1945,1995382,324177,7215964,21386,4657713152,1,25167:2,18.878469043756645,752726,287795576,2232332
52101977,25167,3163770880,5141110784,1013,1266,775027,22,3057393664,1945,1995383,324179,7216046,21386,4657844224,1,25167:3,28.385982676261857,752741,287810936,2232428
52207935,25167,3163770880,5141110784,1013,1268,775027,22,3065257984,1945,1995383,324182,7216128,21386,4657717248,1,25167:2,18.875454944473084,752756,287826296,2232524
52313715,25167,3163770880,5141110784,1013,1270,775027,22,3073122304,1945,1995383,324185,7216209,21386,4657848320,1,25167:2,18.90706804531839,752771,287841656,2232624
52418902,25167,3163770880,5141110784,1013,1272,775027,22,3080986624,1945,1995384,324188,7216291,21386,4657721344,1,25167:2,19.013888951872396,752786,287857016,2232724
52524239,25167,3163770880,5141110784,1013,1274,775027,22,3088850944,1945,1995384,324194,7216369,21386,4657545216,1,25167:2,18.98665560883844,752801,287872376,2232812
52629478,25167,3163770880,5141110784,1013,1276,775027,22,3096715264,1945,1995384,324197,7216450,21386,4657676288,1,25167:2,19.00435861163886,752817,287888760,2232916
52735095,25167,3163770880,5141110784,1013,1279,775027,22,3105103872,1945,1995385,324199,7216532,21386,4657524736,1,25167:3,28.40454940897518,752832,287904120,2233008
52840999,25167,3163770880,5141110784,1013,1281,775027,22,3112968192,1945,1995386,324202,7216614,21386,4657655808,1,25167:2,18.884878695389524,752847,287919480,2233104
52946794,25167,3163770880,5141110784,1013,1283,775027,22,3120832512,1945,1995386,324204,7216696,21386,4657528832,1,25167:2,18.904536373192865,752862,287934840,2233196
53052387,25167,3163770880,5141110784,1013,1285,775027,22,3128696832,1945,1995386,324205,7216777,21386,4657668096,1,25167:2,18.94070005850214,752877,287950200,2233284
53157563,25167,3163770880,5141110784,1013,1287,775027,22,3136561152,1945,1995387,324206,7216858,21386,4657541120,1,25167:2,19.01578698241595,752892,287965560,2233376
53262751,25167,3171373056,5141110784,1019,1290,776887,22,3136577536,1947,1995395,324209,7216932,21386,4649861120,1,25167:9,85.56083927539895,752895,287967640,2233380
53367924,25167,3180023808,5141110784,1029,1291,778994,22,3136577536,1947,1995405,324210,7217005,21386,4640829440,1,25167:11,104.58981168965715,752895,287967640,2233380
53473282,25167,3188674560,5141110784,1039,1291,781108,22,3136577536,1947,1995416,324214,7217075,21386,4633395200,1,25167:10,94.91443160264839,752895,287967640,2233380
53578535,25167,3197325312,5141110784,1048,1292,783220,22,3136577536,1947,1995425,324215,7217148,21386,4624367616,1,25167:10,95.00858977410577,752895,287967640,2233380
53683693,25167,3206500352,5141110784,1057,1294,785442,22,3136577536,1947,1995434,324224,7217212,21386,4614561792,1,25167:11,104.60456455330738,752895,287967640,2233380
53788959,25167,3215020032,5141110784,1067,1295,787537,22,3136577536,1947,1995445,324224,7217285,21386,4606046208,1,25167:11,104.49757664894872,752895,287967640,2233380
53894156,25167,3223670784,5141110784,1077,1295,789627,22,3136577536,1947,1995455,324225,7217358,21386,4597272576,1,25167:10,95.0598796916459,752895,287967640,2233380
53999370,25167,3232190464,5141110784,1086,1296,791719,22,3136577536,1947,1995465,324226,7217431,21386,4588756992,1,25167:10,95.0445591704085,752895,287967640,2233380
54104596,25167,3240841216,5141110784,1097,1296,793828,22,3136577536,1947,1995476,324226,7217504,21386,4580241408,1,25167:11,104.53622200999891,752895,287967640,2233380
54209728,25167,3249360896,5141110784,1106,1297,795928,22,3136577536,1947,1995486,324227,7217577,21386,4571467776,1,25167:11,95.11865157668868,752895,287967640,2233380
54314860,25167,3258011648,5141110784,1116,1298,798042,22,3136577536,1947,1995495,324232,7217647,21386,4562485248,1,25167:10,104.63051673435754,752895,287967640,2233380
54420058,25167,3266662400,5141110784,1125,1299,800152,22,3136577536,1947,1995504,324233,7217720,21386,4553969664,1,25167:10,95.05844925410203,752895,287967640,2233380
54525243,25167,3267579904,5141110784,1126,1302,800371,22,3144445952,1948,1995506,324236,7217800,21387,4552884224,1,25167:4,38.02844059606767,752909,287980960,2233476
54630900,25167,3267579904,5141110784,1126,1304,800371,22,3152310272,1948,1995506,324237,7217881,21387,4552724480,1,25167:2,18.92923471233597,752924,287996320,2233568
54736312,25167,3267579904,5141110784,1126,1306,800371,22,3160174592,1948,1995506,324239,7217962,21387,4552855552,1,25167:2,18.973064661077128,752940,288012704,2233656
54842181,25167,3267579904,5141110784,1126,1308,800371,22,3168038912,1948,1995507,324242,7218044,21387,4552765440,1,25167:2,18.89133017350648,752955,288028064,2233756
54948227,25167,3267579904,5141110784,1126,1310,800371,22,3176427520,1948,1995508,324244,7218127,21387,4552896512,1,25167:2,18.85975487391938,752970,288043424,2233848
55054089,25167,3267579904,5141110784,1126,1312,800371,22,3184291840,1948,1995508,324246,7218208,21387,4552769536,1,25167:2,18.892556857811105,752985,288058784,2233940
55159986,25167,3267579904,5141110784,1126,1314,800371,22,3192156160,1948,1995508,324251,7218287,21387,4553097216,1,25167:2,18.886275752298676,753000,288074144,2234028
55265570,25167,3267579904,5141110784,1126,1316,800371,22,3200020480,1948,1995509,324253,7218368,21387,4553240576,1,25167:2,18.942262185344163,753016,288090528,2234120
55371371,25167,3267579904,5141110784,1126,1318,800371,22,3208409088,1948,1995510,324256,7218450,21387,4553347072,1,25167:2,18.903278116700427,753031,288105888,2234224
55477148,25167,3267579904,5141110784,1126,1320,800371,22,3216273408,1948,1995510,324258,7218532,21387,4553228288,1,25167:2,18.907753175240444,753046,288121248,2234324
55583018,25167,3267579904,5141110784,1126,1322,800371,22,3224137728,1948,1995511,324260,7218613,21387,4553359360,1,25167:2,18.891144239629178,753061,288136608,2234416
55688588,25167,3267579904,5141110784,1126,1324,800371,22,3232002048,1948,1995511,324261,7218695,21387,4553232384,1,25167:2,18.944684457809288,753076,288151968,2234508
55793878,25167,3267579904,5141110784,1127,1326,800371,22,3239866368,1948,1995512,324262,7218776,21387,4553621504,1,25167:3,28.49270756218018,753092,288167328,2234596
55899083,25167,3274526720,5141110784,1135,1327,802068,22,3240910848,1950,1995520,324264,7218851,21387,4546408448,1,25167:9,85.54792839798083,753096,288171416,2234616
56004373,25167,3283177472,5141110784,1142,1329,804162,22,3240910848,1950,1995529,324266,7218924,21387,4538200064,1,25167:9,85.47758200826065,753096,288171416,2234616
56110287,25167,3291828224,5141110784,1153,1329,806284,22,3240910848,1950,1995540,324270,7218994,21387,4529377280,1,25167:11,103.85792537940245,753096,288171416,2234616
56216178,25167,3300478976,5141110784,1163,1330,808404,22,3240910848,1950,1995550,324270,7219068,21387,4520345600,1,25167:11,103.88040237941651,753096,288171416,2234616
56322011,25167,3309129728,5141110784,1172,1331,810525,22,3240910848,1950,1995559,324273,7219141,21387,4511830016,1,25167:11,94.48829641031499,753096,288171416,2234616
56427986,25167,3317911552,5141110784,1182,1332,812655,22,3240910848,1950,1995569,324274,7219214,21387,4503056384,1,25167:10,103.79830848766693,753096,288171416,2234616
56533855,25167,3326562304,5141110784,1190,1335,814777,22,3240910848,1950,1995578,324276,7219288,21387,4494282752,1,25167:11,103.90264277033083,753096,288171416,2234616
56639756,25167,3335344128,5141110784,1200,1335,816905,22,3240910848,1950,1995588,324277,7219361,21387,4485279744,1,25167:10,94.42781198210183,753096,288171416,2234616
56745706,25167,3343994880,5141110784,1208,1338,819036,22,3240910848,1950,1995597,324279,7219435,21387,4476764160,1,25167:11,103.8217797593853,753096,288171416,2234616
56851773,25167,3352776704,5141110784,1217,1339,821171,22,3240910848,1950,1995606,324281,7219508,21387,4467990528,1,25167:10,94.28010432319816,753096,288171416,2234616
56957597,25167,3361558528,5141110784,1227,1340,823301,22,3240910848,1950,1995617,324285,7219579,21387,4459692032,1,25167:11,103.94657947148798,753096,288171416,2234616
57063489,25167,3370209280,5141110784,1236,1342,825437,22,3240910848,1950,1995626,324287,7219652,21387,4450660352,1,25167:11,103.87954400053232,753096,288171416,2234616
57169456,25167,3371388928,5141110784,1237,1344,825715,22,3248779264,1951,1995628,324289,7219733,21388,4449730560,1,25167:3,28.31065535024343,753110,288184736,2234700
57275752,25167,3371388928,5141110784,1237,1346,825715,22,3256643584,1951,1995628,324291,7219815,21388,4449861632,1,25167:2,18.815391599947446,753125,288200096,2234804
57382026,25167,3371388928,5141110784,1237,1348,825715,22,3264507904,1951,1995629,324294,7219896,21388,4449734656,1,25167:2,18.819271916808805,753140,288215456,2234904
57487383,25167,3371388928,5141110784,1237,1350,825715,22,3272372224,1951,1995629,324297,7219978,21388,4449865728,1,25167:2,18.98296902120879,753155,288230816,2235004
57592789,25167,3371388928,5141110784,1237,1352,825715,22,3280236544,1951,1995629,324299,7220059,21388,4449898496,1,25167:2,18.97433942592415,753171,288247200,2235100
57698857,25167,3371388928,5141110784,1237,1355,825715,22,3288625152,1951,1995630,324302,7220141,21388,4449787904,1,25167:3,28.28367610744663,753186,288262560,2235200
57804878,25167,3371388928,5141110784,1237,1357,825715,22,3296489472,1951,1995630,324307,7220220,21388,4449689600,1,25167:2,18.864283365682436,753201,288277920,2235292
57910159,25167,3371388928,5141110784,1237,1359,825715,22,3304353792,1951,1995630,324309,7220301,21388,4449345536,1,25167:2,18.99674720597267,753217,288294304,2235392
58016401,25167,3371388928,5141110784,1237,1361,825715,22,3312742400,1951,1995631,324311,7220384,21388,4449296384,1,25167:2,18.82500653251258,753232,288309664,2235492
58122413,25167,3371388928,5141110784,1237,1363,825715,22,3320606720,1951,1995632,324313,7220465,21388,4449099776,1,25167:2,18.86569962159463,753248,288326048,2235588
58228498,25167,3371388928,5141110784,1237,1365,825715,22,3328995328,1951,1995632,324315,7220548,21388,4449525760,1,25167:2,18.852851317959,753263,288341408,2235676
58334678,25167,3371388928,5141110784,1237,1367,825715,22,3336859648,1951,1995633,324317,7220628,21389,4449398784,1,25167:2,18.835961500914586,753278,288356768,2235772
58440007,25167,3371388928,5141110784,1237,1369,825715,22,3345244160,1951,1995633,324319,7220699,21400,4449505280,1,25167:2,18.988067765299814,753294,288373152,2235860
58545910,25167,3379384320,5141110784,1244,1371,827645,22,3345244160,1953,1995642,324322,7220770,21402,4441997312,1,25167:10,84.98329181270022,753308,288375824,2235876
58651020,25167,3388035072,5141110784,1254,1372,829765,22,3345244160,1953,1995652,324322,7220843,21402,4433481728,1,25167:10,104.65278878085572,753308,288375824,2235876
58756217,25167,3397079040,5141110784,1263,1373,831953,22,3345244160,1953,1995662,324334,7220904,21402,4425449472,1,25167:10,95.05905196637873,753308,288375824,2235876
58861353,25167,3405729792,5141110784,1272,1374,834068,22,3345244160,1953,1995672,324335,7220977,21402,4416700416,1,25167:10,95.11567321389697,753308,288375824,2235876
58966436,25167,3414380544,5141110784,1283,1374,836188,22,3345244160,1953,1995683,324335,7221050,21402,4407926784,1,25167:11,104.67830966074597,753308,288375824,2235876
59071673,25167,3423031296,5141110784,1293,1375,838301,22,3345244160,1953,1995693,324336,7221123,21402,4399153152,1,25167:11,104.52591610337572,753308,288375824,2235876
59176785,25167,3431682048,5141110784,1302,1376,840416,22,3345244160,1953,1995704,324337,7221195,21402,4390637568,1,25167:10,95.13659898398488,753308,288375824,2235876
59281868,25167,3440332800,5141110784,1311,1377,842528,22,3345244160,1953,1995713,324338,7221268,21402,4381863936,1,25167:11,95.162929212408,753308,288375824,2235876
59387036,25167,3448983552,5141110784,1322,1377,844645,22,3345244160,1953,1995724,324338,7221341,21402,4373090304,1,25167:10,104.59532326164047,753308,288375824,2235876
59492096,25167,3457634304,5141110784,1331,1379,846755,22,3345244160,1953,1995733,324340,7221414,21402,4364193792,1,25167:11,104.7013903497509,753308,288375824,2235876
59597195,25167,3466285056,5141110784,1340,1380,848868,22,3345244160,1953,1995743,324344,7221484,21402,4355887104,1,25167:10,95.14866817649843,753308,288375824,2235876
59702285,25167,3475066880,5141110784,1349,1382,851016,22,3345248256,1953,1995752,324346,7221557,21402,4346806272,1,25167:11,104.67229132422571,753309,288375832,2235876
59807819,25167,3475197952,5141110784,1350,1384,851059,22,3353636864,1954,1995752,324348,7221638,21403,4346691584,1,25167:3,28.426809748781096,753324,288391192,2235972
59913734,25167,3475197952,5141110784,1350,1385,851059,22,3362025472,1954,1995753,324349,7221720,21403,4346822656,1,25167:1,9.441551668409986,753339,288406552,2236064
60019664,25167,3475197952,5141110784,1350,1387,851059,22,3369889792,1954,1995754,324351,7221802,21403,4346695680,1,25167:2,18.88034761891865,753354,288421912,2236164
60125239,25167,3475197952,5141110784,1350,1389,851059,22,3377754112,1954,1995754,324352,7221883,21403,4346826752,1,25167:2,18.94388450110636,753369,288437272,2236256
60230409,25167,3475197952,5141110784,1350,1391,851059,22,3385618432,1954,1995755,324355,7221965,21403,4346957824,1,25167:2,19.01688703371972,753385,288453656,2236360
60335803,25167,3475197952,5141110784,1350,1393,851059,22,3393482752,1954,1995755,324357,7222046,21403,4346830848,1,25167:2,18.976334717343843,753400,288469016,2236452
60441387,25167,3475197952,5141110784,1350,1395,851059,22,3401347072,1954,1995756,324362,7222125,21403,4346716160,1,25167:2,18.942247474174422,753415,288484376,2236540
60547199,25167,3475197952,5141110784,1350,1397,851059,22,3409735680,1954,1995756,324363,7222207,21403,4346675200,1,25167:2,18.901498939899984,753430,288499736,2236636
60652873,25167,3475197952,5141110784,1350,1399,851059,22,3417600000,1954,1995757,324365,7222288,21403,4346806272,1,25167:2,18.926077758982814,753445,288515096,2236732
60758147,25167,3475197952,5141110784,1350,1401,851059,22,3425464320,1954,1995758,324367,7222370,21403,4346679296,1,25167:2,18.998017756326313,753461,288530456,2236824
60863387,25167,3475197952,5141110784,1351,1403,851059,22,3433328640,1954,1995758,324368,7222451,21403,4346818560,1,25167:3,28.506402480984423,753476,288545816,2236916
60968858,25167,3475197952,5141110784,1351,1404,851059,22,3441192960,1954,1995758,324370,7222533,21403,4346728448,1,25167:1,9.481281821137307,753492,288562200,2237000
61074611,25167,3475197952,5141110784,1351,1406,851059,22,3449057280,1954,1995759,324371,7222612,21405,4347023360,1,25167:2,18.91195477047156,753507,288577560,2237092
61180178,25167,3482931200,5141110784,1360,1407,852944,22,3449577472,1956,1995768,324373,7222686,21405,4339503104,1,25167:10,94.72704912321213,753509,288579600,2237104
61286029,25167,3491581952,5141110784,1370,1407,855072,22,3449577472,1956,1995778,324377,7222757,21405,4330979328,1,25167:10,94.47207962711494,753509,288579600,2237104
61391926,25167,3500363776,5141110784,1380,1408,857208,22,3449577472,1956,1995788,324377,7222830,21405,4321947648,1,25167:11,103.87455783551711,753509,288579600,2237104
61497822,25167,3509145600,5141110784,1389,1409,859349,22,3449577472,1956,1995798,324379,7222904,21405,4313174016,1,25167:10,94.43178717492626,753509,288579600,2237104
61603655,25167,3517927424,5141110784,1399,1410,861486,22,3449577472,1956,1995808,324380,7222977,21405,4304400384,1,25167:11,103.93786261971434,753509,288579600,2237104
61709505,25167,3526578176,5141110784,1408,1411,863619,22,3449577472,1956,1995819,324381,7223051,21405,4295626752,1,25167:11,94.47300961854275,753509,288579600,2237104
61815379,25167,3535360000,5141110784,1417,1413,865747,22,3449577472,1956,1995828,324382,7223124,21405,4287111168,1,25167:10,103.89691838906505,753509,288579600,2237104
61921215,25167,3544010752,5141110784,1427,1414,867884,22,3449577472,1956,1995838,324384,7223198,21405,4278337536,1,25167:11,103.93508041022534,753509,288579600,2237104
62027128,25167,3552923648,5141110784,1436,1415,870028,22,3449577472,1956,1995847,324385,7223271,21405,4269563904,1,25167:10,94.4171132603992,753509,288579600,2237104
62132989,25167,3561574400,5141110784,1446,1415,872151,22,3449577472,1956,1995858,324388,7223342,21405,4260282368,1,25167:10,94.46360255519889,753509,288579600,2237104
62238764,25167,3570225152,5141110784,1457,1416,874282,22,3449577472,1956,1995868,324389,7223415,21405,4251508736,1,25167:12,113.44794872447682,753509,288579600,2237104
62344746,25167,3578875904,5141110784,1467,1416,876403,22,3450105856,1957,1995879,324390,7223489,21405,4243202048,1,25167:10,94.35542094349911,753510,288579608,2237108
62450569,25167,3578875904,5141110784,1467,1418,876403,22,3458494464,1957,1995879,324392,7223570,21406,4243091456,1,25167:2,18.899460060380562,753525,288594968,2237200
62556823,25167,3578875904,5141110784,1467,1420,876403,22,3466358784,1957,1995880,324395,7223652,21406,4243054592,1,25167:2,18.822821319371165,753540,288610328,2237296
62662739,25167,3578875904,5141110784,1467,1422,876403,22,3474223104,1957,1995880,324397,7223734,21406,4243124224,1,25167:2,18.88301419434289,753555,288625688,2237400
62767980,25167,3578875904,5141110784,1467,1424,876403,22,3482087424,1957,1995880,324399,7223815,21406,4243255296,1,25167:2,19.003891997081002,753571,288641048,2237496
62873108,25167,3578875904,5141110784,1467,1426,876403,22,3489951744,1957,1995881,324401,7223896,21406,4243189760,1,25167:2,19.02452200959793,753587,288657432,2237584
62978779,25167,3578875904,5141110784,1467,1428,876403,22,3498340352,1957,1995881,324406,7223975,21406,4243824640,1,25167:2,18.926667189547395,753602,288672792,2237688
63084992,25167,3578875904,5141110784,1467,1430,876403,22,3506204672,1957,1995882,324408,7224058,21406,4243451904,1,25167:2,18.830087244407576,753617,288688152,2237780
63191015,25167,3578875904,5141110784,1467,1432,876403,22,3514068992,1957,1995882,324409,7224139,21406,4243582976,1,25167:2,18.86380901464837,753632,288703512,2237880
63296877,25167,3578875904,5141110784,1467,1434,876403,22,3521933312,1957,1995883,324411,7224221,21406,4243456000,1,25167:2,18.89253472825734,753647,288718872,2237972
63402120,25167,3578875904,5141110784,1467,1436,876403,22,3529797632,1957,1995884,324413,7224302,21406,4243587072,1,25167:2,19.00351586897619,753663,288735256,2238072
63508036,25167,3578875904,5141110784,1467,1438,876403,22,3537661952,1957,1995884,324416,7224384,21406,4243443712,1,25167:2,18.882991730571433,753678,288750616,2238176
63614018,25167,3578875904,5141110784,1467,1440,876403,22,3546050560,1957,1995885,324418,7224467,21406,4243574784,1,25167:2,18.87116591809312,753693,288765976,2238276
63720239,25167,3578875904,5141110784,1467,1442,876403,22,3553910784,1957,1995885,324420,7224548,21406,4243447808,1,25167:2,18.828558276016537,753708,288781336,2238364
63825553,25167,3587395584,5141110784,1475,1444,878462,22,3553910784,1959,1995894,324431,7224612,21406,4233654272,1,25167:10,94.95438690359471,753710,288783376,2238372
63932344,25167,3596308480,5141110784,1485,1444,880631,22,3553910784,1959,1995906,324432,7224684,21406,4224622592,1,25167:10,93.6408989885884,753710,288783376,2238372
64038129,25167,3605090304,5141110784,1495,1444,882774,22,3553910784,1959,1995916,324433,7224757,21406,4215848960,1,25167:11,94.53135631084955,753710,288783376,2238372
64144035,25167,3613741056,5141110784,1505,1446,884904,22,3553910784,1959,1995925,324434,7224831,21406,4207333376,1,25167:11,113.30802359420528,753710,288783376,2238372
64249803,25167,3622522880,5141110784,1515,1446,887026,22,3553910784,1959,1995936,324435,7224904,21406,4198559744,1,25167:10,94.54662444819519,753710,288783376,2238372
64355760,25167,3631304704,5141110784,1523,1449,889168,22,3553910784,1959,1995944,324438,7224978,21406,4189786112,1,25167:11,103.81581933563406,753710,288783376,2238372
64461601,25167,3640086528,5141110784,1532,1450,891321,22,3553910784,1959,1995955,324439,7225051,21406,4181012480,1,25167:11,94.48108042819129,753710,288783376,2238372
64567371,25167,3648999424,5141110784,1542,1451,893503,22,3553910784,1959,1995964,324442,7225122,21406,4172300288,1,25167:10,103.99956516836353,753710,288783376,2238372
64673351,25167,3657781248,5141110784,1552,1451,895651,22,3553910784,1959,1995976,324442,7225195,21406,4163055616,1,25167:11,94.35701637830219,753710,288783376,2238372
64779308,25167,3666694144,5141110784,1562,1452,897815,22,3553910784,1959,1995985,324444,7225269,21406,4154281984,1,25167:10,103.81557438793145,753710,288783376,2238372
64885052,25167,3675344896,5141110784,1571,1454,899935,22,3553910784,1959,1995995,324445,7225342,21406,4145508352,1,25167:11,104.02517764876072,753710,288783376,2238372
64990884,25167,3682684928,5141110784,1578,1456,901747,22,3556012032,1960,1996003,324447,7225416,21407,4138283008,1,25167:9,85.04057162836007,753713,288785432,2238392
65096753,25167,3682684928,5141110784,1578,1458,901747,22,3563876352,1960,1996004,324450,7225498,21407,4138414080,1,25167:2,18.89130037387678,753728,288800792,2238488
65202089,25167,3682684928,5141110784,1579,1459,901747,22,3571740672,1960,1996004,324451,7225579,21407,4138287104,1,25167:2,18.986880919694133,753744,288817176,2238584
65307947,25167,3682684928,5141110784,1579,1461,901747,22,3579604992,1960,1996004,324453,7225661,21407,4138221568,1,25167:2,18.893226122840016,753759,288832536,2238688
65414034,25167,3682684928,5141110784,1579,1464,901747,22,3587993600,1960,1996005,324458,7225741,21407,4138106880,1,25167:3,28.27863268588021,753774,288847896,2238788
65520233,25167,3682684928,5141110784,1579,1466,901747,22,3595857920,1960,1996005,324460,7225822,21407,4138237952,1,25167:2,18.832488358815024,753789,288863256,2238880
65625488,25167,3682684928,5141110784,1579,1468,901747,22,3603722240,1960,1996006,324462,7225904,21407,4138369024,1,25167:2,19.001567391790232,753805,288879640,2238976
65731122,25167,3682684928,5141110784,1579,1469,901747,22,3611586560,1960,1996006,324463,7225986,21407,4137947136,1,25167:1,9.466584740317902,753820,288895000,2239068
65837223,25167,3682684928,5141110784,1579,1471,901747,22,3619975168,1960,1996007,324465,7226068,21407,4138110976,1,25167:2,18.85002305263569,753835,288910360,2239160
65943161,25167,3682684928,5141110784,1579,1473,901747,22,3627839488,1960,1996008,324467,7226149,21407,4137984000,1,25167:2,18.87899616903634,753850,288925720,2239252
66048612,25167,3682684928,5141110784,1579,1475,901747,22,3635703808,1960,1996008,324469,7226231,21407,4138115072,1,25167:2,18.966212810883963,753865,288941080,2239352
66153817,25167,3682684928,5141110784,1579,1477,901747,22,3643568128,1960,1996008,324472,7226311,21407,4137639936,1,25167:2,19.01036452678146,753880,288956440,2239444
66259310,25167,3682684928,5141110784,1579,1479,901747,22,3651956736,1960,1996009,324476,7226391,21407,4137934848,1,25167:2,18.958624375865497,753896,288972824,2239536
66367426,25167,3683864576,5141110784,1581,1481,902047,22,3658244096,1962,1996010,324478,7226473,21407,4136501248,1,25167:4,36.997555848966726,753910,288987152,2239624
66472638,25167,3692777472,5141110784,1589,1483,904208,22,3658244096,1962,1996020,324479,7226546,21407,4127985664,1,25167:10,95.0458003851522,753910,288987152,2239624
66577763,25167,3701952512,5141110784,1599,1483,906440,22,3658244096,1962,1996030,324480,7226619,21407,4118953984,1,25167:10,95.12494728413235,753910,288987152,2239624
66683019,25167,3711127552,5141110784,1609,1484,908680,22,3658244096,1962,1996040,324481,7226692,21407,4109664256,1,25167:11,104.5073805202271,753910,288987152,2239624
66788144,25167,3720302592,5141110784,1617,1486,910915,22,3658244096,1962,1996049,324482,7226765,21407,4100632576,1,25167:10,95.12441974460674,753910,288987152,2239624
66893249,25167,3729477632,5141110784,1628,1486,913150,22,3658244096,1962,1996060,324483,7226838,21407,4091342848,1,25167:11,104.65756017766896,753910,288987152,2239624
66998424,25167,3737604096,5141110784,1636,1487,915178,22,3658244096,1962,1996069,324486,7226909,21407,4082876416,1,25167:9,85.5716174537956,753910,288987152,2239624
67104437,25167,3746779136,5141110784,1645,1489,917425,22,3658244096,1962,1996079,324488,7226983,21407,4073844736,1,25167:11,103.76077730179041,753910,288987152,2239624
67210286,25167,3755954176,5141110784,1654,1490,919671,22,3658244096,1962,1996088,324490,7227056,21407,4064555008,1,25167:10,94.4740137085384,753910,288987152,2239624
67316375,25167,3765260288,5141110784,1664,1491,921924,22,3658244096,1962,1996099,324491,7227130,21407,4055265280,1,25167:11,103.68644720669748,753910,288987152,2239624
67422209,25167,3774435328,5141110784,1673,1493,924176,22,3658244096,1962,1996107,324493,7227203,21407,4045975552,1,25167:12,103.93606148298034,753910,288987152,2239624
67528099,25167,3783741440,5141110784,1683,1494,926428,22,3658244096,1962,1996117,324494,7227276,21407,4036943872,1,25167:10,103.88175128918198,753910,288987152,2239624
67633874,25167,3786362880,5141110784,1686,1496,927091,22,3664539648,1963,1996120,324496,7227355,21407,4034457600,1,25167:5,47.27036966733742,753921,288997400,2239696
67739112,25167,3786362880,5141110784,1686,1498,927091,22,3672928256,1963,1996121,324501,7227434,21407,4034895872,1,25167:2,19.004509038321196,753937,289013784,2239788
67845290,25167,3786362880,5141110784,1686,1500,927091,22,3680792576,1963,1996122,324503,7227516,21407,4034768896,1,25167:2,18.836183249428654,753952,289029144,2239880
67951067,25167,3786362880,5141110784,1686,1502,927091,22,3688656896,1963,1996122,324505,7227597,21407,4034899968,1,25167:2,18.90782771493693,753968,289045528,2239980
68056741,25167,3786362880,5141110784,1686,1504,927091,22,3697045504,1963,1996123,324507,7227680,21407,4034809856,1,25167:2,18.926040327531027,753983,289060888,2240068
68162870,25167,3786362880,5141110784,1686,1506,927091,22,3704909824,1963,1996123,324509,7227761,21407,4034940928,1,25167:2,18.84502781950119,753998,289076248,2240172
68268228,25167,3786362880,5141110784,1686,1508,927091,22,3712774144,1963,1996124,324511,7227843,21407,4034813952,1,25167:2,18.98289388788213,754015,289092632,2240264
68374148,25167,3786362880,5141110784,1686,1510,927091,22,3721162752,1963,1996124,324513,7227925,21407,4034920448,1,25167:2,18.88212263759273,754030,289107992,2240364
68480471,25167,3786362880,5141110784,1686,1512,927091,22,3729027072,1963,1996125,324516,7228006,21407,4034375680,1,25167:2,18.810599050237805,754045,289123352,2240452
68585966,25167,3786362880,5141110784,1686,1514,927091,22,3737415680,1963,1996125,324520,7228086,21407,4034764800,1,25167:2,18.958242310072443,754061,289139736,2240552
68692446,25167,3786362880,5141110784,1686,1516,927091,22,3745280000,1963,1996126,324522,7228168,21407,4034469888,1,25167:2,18.782996500831057,754076,289155096,2240648
68798027,25167,3786362880,5141110784,1686,1518,927091,22,3753144320,1963,1996126,324524,7228250,21407,4034617344,1,25167:2,18.94277816716763,754092,289171480,2240748
68904298,25167,3786362880,5141110784,1686,1520,927091,22,3761532928,1963,1996126,324533,7228324,21407,4034297856,1,25167:2,18.819707018565076,754107,289186840,2240844
69010702,25167,3793702912,5141110784,1693,1522,928882,22,3762577408,1965,1996134,324536,7228397,21407,4026200064,1,25167:9,84.58362339250704,754111,289190928,2240868
69116638,25167,3803009024,5141110784,1703,1522,931138,22,3762577408,1965,1996146,324536,7228471,21407,4016910336,1,25167:10,94.39650276815857,754111,289190928,2240868
69222449,25167,3812184064,5141110784,1714,1522,933395,22,3762577408,1965,1996156,324536,7228544,21407,4007620608,1,25167:11,103.95947327061596,754111,289190928,2240868
69328430,25167,3821359104,5141110784,1721,1525,935626,22,3762577408,1965,1996165,324542,7228615,21407,3998085120,1,25167:10,94.35653382480758,754111,289190928,2240868
69434348,25167,3830534144,5141110784,1730,1526,937878,22,3762577408,1965,1996174,324543,7228689,21407,3988795392,1,25167:11,94.41224792720506,754111,289190928,2240868
69540343,25167,3839840256,5141110784,1741,1527,940129,22,3762577408,1965,1996185,324544,7228762,21407,3979505664,1,25167:11,113.21310849675416,754111,289190928,2240868
69646213,25167,3849015296,5141110784,1750,1528,942374,22,3762577408,1965,1996194,324545,7228835,21407,3970760704,1,25167:11,94.45490306853661,754111,289190928,2240868
69752376,25167,3858190336,5141110784,1760,1529,944632,22,3762577408,1965,1996204,324547,7228909,21407,3961470976,1,25167:10,103.61433748888996,754111,289190928,2240868
69858192,25167,3867496448,5141110784,1770,1529,946883,22,3762577408,1965,1996214,324548,7228982,21407,3952181248,1,25167:11,94.50425797439688,754111,289190928,2240868
69964050,25167,3876540416,5141110784,1779,1531,949112,22,3762577408,1965,1996224,324552,7229053,21407,3944009728,1,25167:10,103.91249827032922,754111,289190928,2240868
70069870,25167,3885715456,5141110784,1787,1533,951350,22,3762577408,1965,1996232,324554,7229127,21407,3934461952,1,25167:11,94.50038741378825,754111,289190928,2240868
70175718,25167,3890171904,5141110784,1791,1536,952435,22,3767824384,1966,1996236,324558,7229204,21408,3930398720,1,25167:6,66.13253871498016,754120,289199128,2240920
70281790,25167,3890171904,5141110784,1791,1538,952435,22,3775688704,1966,1996236,324560,7229286,21408,3930279936,1,25167:2,18.85510252494994,754136,289214488,2241020
70387897,25167,3890171904,5141110784,1791,1540,952435,22,3783553024,1966,1996237,324561,7229368,21408,3930165248,1,25167:2,18.848772219721983,754151,289229848,2241116
70493487,25167,3890171904,5141110784,1792,1541,952435,22,3791941632,1966,1996237,324563,7229450,21408,3930013696,1,25167:2,18.94124573315293,754167,289246232,2241208
70599773,25167,3890171904,5141110784,1792,1544,952435,22,3799805952,1966,1996238,324566,7229531,21408,3930132480,1,25167:3,28.22576483378491,754182,289261592,2241308
70704994,25167,3890171904,5141110784,1792,1546,952435,22,3807670272,1966,1996238,324567,7229613,21408,3930095616,1,25167:2,19.007541736379995,754198,289277976,2241404
70810794,25167,3890171904,5141110784,1792,1548,952435,22,3816058880,1966,1996238,324572,7229692,21408,3929812992,1,25167:2,18.903575959218486,754213,289293336,2241500
70917108,25167,3890171904,5141110784,1792,1550,952435,22,3823923200,1966,1996239,324575,7229774,21408,3930009600,1,25167:2,18.812272325062068,754228,289308696,2241596
71022743,25167,3890171904,5141110784,1792,1552,952435,22,3831787520,1966,1996239,324578,7229855,21408,3929899008,1,25167:2,18.933132200358923,754244,289325080,2241696
71128871,25167,3890171904,5141110784,1792,1554,952435,22,3840176128,1966,1996240,324580,7229938,21408,3929862144,1,25167:2,18.845212846691144,754259,289340440,2241788
71234872,25167,3890171904,5141110784,1792,1556,952435,22,3848040448,1966,1996240,324582,7230020,21408,3929800704,1,25167:2,18.867709151621952,754274,289355800,2241888
71340116,25167,3890171904,5141110784,1792,1558,952435,22,3856429056,1966,1996240,324584,7230102,21408,3929948160,1,25167:2,19.00338802853636,754290,289372184,2241980
71446369,25167,3890171904,5141110784,1792,1560,952435,22,3864293376,1966,1996240,324586,7230183,21408,3929886720,1,25167:2,18.823124072396446,754305,289387544,2242064
71551760,25167,3895545856,5141110784,1797,1562,953734,22,3866910720,1968,1996246,324591,7230257,21408,3924545536,1,25167:7,66.41919381103675,754312,289394704,2242108
71657643,25167,3904196608,5141110784,1807,1563,955847,22,3866910720,1968,1996257,324592,7230330,21408,3916267520,1,25167:11,103.8878821575953,754312,289394704,2242108
71762798,25167,3912847360,5141110784,1817,1563,957963,22,3866910720,1968,1996268,324593,7230402,21408,3907493888,1,25167:10,95.09792271140763,754312,289394704,2242108
71868005,25167,3921498112,5141110784,1826,1564,960069,22,3866910720,1968,1996277,324594,7230475,21408,3898978304,1,25167:10,95.05088301890122,754312,289394704,2242108
71973079,25167,3930148864,5141110784,1835,1565,962181,22,3866910720,1968,1996287,324596,7230548,21408,3890204672,1,25167:10,95.170777774616,754312,289394704,2242108
72078236,25167,3938799616,5141110784,1846,1566,964298,22,3866910720,1968,1996297,324597,7230621,21408,3881431040,1,25167:12,114.11511002260934,754312,289394704,2242108
72183392,25167,3947450368,5141110784,1855,1567,966406,22,3866910720,1968,1996306,324598,7230694,21408,3872915456,1,25167:10,95.09660417063655,754312,289394704,2242108
72288452,25167,3955183616,5141110784,1862,1570,968275,22,3866910720,1968,1996313,324604,7230765,21408,3866513408,1,25167:10,95.1835351292493,754312,289394704,2242108
72393538,25167,3963703296,5141110784,1872,1570,970372,22,3866910720,1968,1996324,324604,7230838,21408,3857739776,1,25167:10,95.16070330382928,754312,289394704,2242108
72498666,25167,3972354048,5141110784,1882,1570,972476,22,3866910720,1968,1996335,324604,7230911,21408,3848966144,1,25167:10,95.12238293592723,754312,289394704,2242108
72603852,25167,3980873728,5141110784,1891,1571,974573,22,3866910720,1968,1996344,324606,7230984,21408,3840294912,1,25167:10,95.06918084467428,754312,289394704,2242108
72708882,25167,3989786624,5141110784,1901,1572,976717,22,3866910720,1968,1996355,324607,7231057,21408,3831521280,1,25167:11,104.73212692459803,754312,289394704,2242108
72814087,25167,3993980928,5141110784,1906,1574,977779,22,3871633408,1969,1996360,324609,7231134,21409,3827216384,1,25167:7,66.5369354845992,754320,289401880,2242148
72919673,25167,3993980928,5141110784,1906,1575,977779,22,3879497728,1969,1996360,324610,7231215,21409,3827089408,1,25167:1,9.47094047906953,754335,289417240,2242240
73025008,25167,3993980928,5141110784,1906,1578,977779,22,3887362048,1969,1996360,324616,7231294,21409,3827023872,1,25167:3,28.480603114365344,754350,289433624,2242332
73130496,25167,3993980928,5141110784,1907,1579,977779,22,3895226368,1969,1996361,324617,7231375,21409,3826896896,1,25167:2,18.959455592883458,754366,289448984,2242428
73236111,25167,3993980928,5141110784,1907,1582,977779,22,3903090688,1969,1996361,324619,7231456,21409,3826978816,1,25167:3,28.405008765028235,754381,289464344,2242520
73341947,25167,3993980928,5141110784,1907,1584,977779,22,3911479296,1969,1996362,324622,7231538,21409,3826884608,1,25167:2,18.8971980708682,754396,289479704,2242624
73448019,25167,3993980928,5141110784,1907,1586,977779,22,3919343616,1969,1996362,324624,7231619,21409,3827015680,1,25167:2,18.85505061991871,754411,289495064,2242720
73553831,25167,3993980928,5141110784,1908,1588,977779,22,3927207936,1969,1996362,324626,7231701,21409,3826888704,1,25167:3,28.35223742390437,754426,289510424,2242808
73659090,25167,3993980928,5141110784,1908,1590,977779,22,3935072256,1969,1996363,324628,7231782,21409,3827019776,1,25167:2,19.000822916140088,754441,289525784,2242908
73764463,25167,3993980928,5141110784,1908,1592,977779,22,3942936576,1969,1996363,324631,7231864,21409,3826929664,1,25167:2,18.9802217263808,754457,289542168,2243012
73870224,25167,3993980928,5141110784,1908,1595,977779,22,3951325184,1969,1996364,324637,7231942,21409,3826913280,1,25167:3,28.36570802991402,754472,289557528,2243104
73976155,25167,3993980928,5141110784,1908,1598,977779,22,3959189504,1969,1996364,324646,7232016,21409,3825725440,1,25167:3,28.320198472482122,754487,289572888,2243192
74083799,25167,3993980928,5141110784,1908,1601,977779,22,3967053824,1969,1996364,324651,7232095,21409,3825082368,1,25167:4,27.86965240941645,754503,289588248,2243292
74189430,25167,3997650944,5141110784,1911,1604,978660,22,3971244032,1971,1996370,324653,7232172,21409,3821330432,1,25167:5,56.80163726553964,754513,289598480,2243348
74294563,25167,4006301696,5141110784,1920,1606,980755,22,3971244032,1971,1996378,324655,7232245,21409,3812814848,1,25167:11,104.62985291924758,754513,289598480,2243348
74399664,25167,4014821376,5141110784,1930,1606,982843,22,3971244032,1971,1996388,324656,7232318,21409,3804299264,1,25167:10,95.14663123456864,754513,289598480,2243348
74504782,25167,4023341056,5141110784,1940,1607,984934,22,3971244032,1971,1996399,324657,7232391,21409,3795525632,1,25167:11,104.64432739225946,754513,289598480,2243348
74609950,25167,4031991808,5141110784,1950,1607,987031,22,3971244032,1971,1996409,324660,7232461,21409,3787476992,1,25167:10,95.08605444819553,754513,289598480,2243348
74715076,25167,4040511488,5141110784,1960,1608,989125,22,3971244032,1971,1996420,324661,7232533,21409,3778961408,1,25167:11,104.63557573999066,754513,289598480,2243348
74820253,25167,4049162240,5141110784,1970,1609,991231,22,3971244032,1971,1996430,324662,7232606,21409,3770187776,1,25167:11,104.58583500669876,754513,289598480,2243348
74925457,25167,4057812992,5141110784,1980,1609,993357,22,3971244032,1971,1996441,324662,7232679,21409,3761414144,1,25167:10,95.05317878408867,754513,289598480,2243348
75030619,25167,4066594816,5141110784,1989,1610,995477,22,3971244032,1971,1996450,324664,7232752,21409,3752640512,1,25167:10,95.09129058679335,754513,289598480,2243348
75135765,25167,4075114496,5141110784,1999,1610,997574,22,3971244032,1971,1996460,324664,7232825,21409,3744124928,1,25167:10,95.10658999744021,754513,289598480,2243348
75240886,25167,4083765248,5141110784,2009,1611,999665,22,3971244032,1971,1996472,324666,7232896,21409,3735388160,1,25167:11,104.64138280353006,754513,289598480,2243348
75345902,25167,4092416000,5141110784,2019,1611,1001775,22,3971244032,1971,1996482,324668,7232968,21409,3726622720,1,25167:11,95.22352785211534,754513,289598480,2243348
75450991,25167,4097789952,5141110784,2025,1613,1003123,22,3974918144,1972,1996488,324670,7233044,21410,3721498624,1,25167:7,76.12560412565756,754519,289603608,2243384
75556933,25167,4097789952,5141110784,2025,1616,1003123,22,3982782464,1972,1996488,324672,7233125,21410,3720904704,1,25167:3,28.317414085461216,754534,289618968,2243476
75662269,25167,4097789952,5141110784,2025,1618,1003123,22,3990646784,1972,1996489,324675,7233206,21410,3721101312,1,25167:2,18.986911021629385,754549,289634328,2243564
75767736,25167,4097789952,5141110784,2025,1621,1003123,22,3998511104,1972,1996489,324678,7233286,21410,3721039872,1,25167:3,28.444812044125072,754564,289649688,2243656
75872924,25167,4097789952,5141110784,2025,1624,1003123,22,4006375424,1972,1996490,324681,7233367,21410,3721236480,1,25167:3,28.52025725424151,754580,289666072,2243744
75978296,25167,4097789952,5141110784,2025,1626,1003123,22,4014239744,1972,1996490,324685,7233446,21410,3720228864,1,25167:2,18.980499302153472,754595,289681432,2243836
76083769,25167,4097789952,5141110784,2026,1628,1003123,22,4022104064,1972,1996490,324688,7233527,21410,3721277440,1,25167:3,28.443340084360102,754611,289696792,2243928
76189353,25167,4097789952,5141110784,2026,1630,1003123,22,4029968384,1972,1996491,324689,7233608,21410,3721166848,1,25167:2,18.942232404219357,754626,289712152,2244016
76295205,25167,4097789952,5141110784,2026,1632,1003123,22,4038356992,1972,1996491,324691,7233690,21410,3721129984,1,25167:2,18.894297045519554,754641,289727512,2244116
76401130,25167,4097789952,5141110784,2026,1634,1003123,22,4046221312,1972,1996492,324693,7233772,21410,3721068544,1,25167:3,18.88126111115013,754656,289742872,2244204
76506688,25167,4097789952,5141110784,2027,1636,1003123,22,4054085632,1972,1996492,324695,7233853,21410,3721265152,1,25167:2,28.42027951022802,754671,289758232,2244296
76612014,25167,4097789952,5141110784,2027,1638,1003123,22,4061949952,1972,1996492,324697,7233934,21410,3720970240,1,25167:2,18.988706315009498,754687,289774616,2244384
76717624,25167,4097789952,5141110784,2027,1640,1003123,22,4069814272,1972,1996492,324700,7234014,21411,3721756672,1,25167:2,18.937546631933184,754701,289788952,2244484
76823080,25167,4099756032,5141110784,2029,1642,1003584,22,4075577344,1974,1996495,324705,7234090,21411,3720171520,1,25167:4,37.93058180088409,754714,289802256,2244564
76928295,25167,4108406784,5141110784,2039,1643,1005697,22,4075577344,1974,1996505,324706,7234163,21411,3711397888,1,25167:11,104.54826883796567,754714,289802256,2244564
77033392,25167,4117057536,5141110784,2048,1644,1007819,22,4075577344,1974,1996516,324706,7234236,21411,3702882304,1,25167:11,95.1502154053394,754714,289802256,2244564
77138502,25167,4125839360,5141110784,2058,1645,1009945,22,4075577344,1974,1996526,324708,7234309,21411,3694108672,1,25167:10,104.65195940672271,754714,289802256,2244564
77243601,25167,4134490112,5141110784,2067,1647,1012070,22,4075577344,1974,1996535,324709,7234382,21411,3685335040,1,25167:11,104.66365947674583,754714,289802256,2244564
77348731,25167,4143271936,5141110784,2076,1648,1014189,22,4075577344,1974,1996545,324710,7234455,21411,3676561408,1,25167:10,95.12019692468033,754714,289802256,2244564
77453848,25167,4151791616,5141110784,2085,1649,1016295,22,4075577344,1974,1996554,324714,7234526,21411,3667333120,1,25167:10,95.13184746076308,754714,289802256,2244564
77559048,25167,4160573440,5141110784,2096,1649,1018416,22,4075577344,1974,1996565,324714,7234598,21411,3658510336,1,25167:11,104.5625965029591,754714,289802256,2244564
77664305,25167,4169224192,5141110784,2105,1651,1020525,22,4075577344,1974,1996574,324716,7234671,21411,3649994752,1,25167:11,104.50659415707813,754714,289802256,2244564
77769464,25167,4177743872,5141110784,2114,1652,1022628,22,4075577344,1974,1996585,324718,7234744,21411,3641540608,1,25167:10,95.09404135031258,754714,289802256,2244564
77874660,25167,4186394624,5141110784,2124,1653,1024742,22,4075577344,1974,1996594,324719,7234817,21411,3633025024,1,25167:11,104.56632390966412,754714,289802256,2244564
77979730,25167,4195176448,5141110784,2134,1653,1026883,22,4075577344,1974,1996605,324719,7234890,21411,3624251392,1,25167:10,95.1746654025187,754714,289802256,2244564
78084895,25167,4201598976,5141110784,2141,1655,1028467,22,4078202880,1975,1996612,324721,7234964,21412,3618086912,1,25167:9,85.5797885186498,754718,289805336,2244588
78190192,25167,4201598976,5141110784,2141,1656,1028467,22,4086067200,1975,1996613,324724,7235043,21412,3617878016,1,25167:1,9.496971624682265,754734,289821720,2244680
78295809,25167,4201598976,5141110784,2141,1659,1028467,22,4093931520,1975,1996613,324728,7235124,21412,3617959936,1,25167:3,28.404583026449426,754749,289837080,2244784
78401574,25167,4201598976,5141110784,2141,1661,1028467,22,4102320128,1975,1996613,324730,7235207,21412,3617857536,1,25167:2,18.909741995574763,754764,289852440,2244876
78507398,25167,4201598976,5141110784,2142,1662,1028467,22,4110184448,1975,1996613,324731,7235288,21412,3617996800,1,25167:2,18.89928878952399,754779,289867800,2244972
78613181,25167,4201598976,5141110784,2142,1664,1028467,22,4118048768,1975,1996614,324732,7235370,21412,3617869824,1,25167:2,18.906762585967158,754794,289883160,2245060
78718406,25167,4201598976,5141110784,2142,1666,1028467,22,4125913088,1975,1996614,324734,7235451,21412,3618000896,1,25167:2,19.006766627497207,754810,289899544,2245152
78824008,25167,4201598976,5141110784,2142,1668,1028467,22,4133777408,1975,1996615,324737,7235532,21412,3617824768,1,25167:2,18.939003681136267,754825,289914904,2245256
78929843,25167,4201598976,5141110784,2142,1670,1028467,22,4142166016,1975,1996616,324742,7235612,21412,3618205696,1,25167:2,18.897488222400305,754840,289930264,2245360
79035914,25167,4201598976,5141110784,2142,1673,1028467,22,4150030336,1975,1996616,324747,7235689,21412,3617304576,1,25167:3,28.282920426107083,754855,289945624,2245452
79141877,25167,4201598976,5141110784,2142,1675,1028467,22,4157894656,1975,1996617,324754,7235766,21412,3616661504,1,25167:2,18.874430687008235,754870,289960984,2245552
79247155,25167,4201598976,5141110784,2142,1677,1028467,22,4165758976,1975,1996617,324755,7235847,21412,3616534528,1,25167:2,18.99739373805438,754886,289977368,2245648
79352721,25167,4201598976,5141110784,2142,1679,1028467,22,4173623296,1975,1996618,324758,7235928,21412,3616616448,1,25167:2,18.9454022871458,754901,289992728,2245744
79458570,25167,4203302912,5141110784,2143,1682,1028848,22,4179910656,1977,1996620,324760,7236008,21412,3614683136,1,25167:4,37.78965046717881,754914,290006032,2245820
79563880,25167,4211953664,5141110784,2154,1682,1030960,22,4179910656,1977,1996630,324761,7236081,21412,3605778432,1,25167:11,104.45416389384386,754914,290006032,2245820
79669138,25167,4220604416,5141110784,2164,1682,1033076,22,4179910656,1977,1996641,324764,7236152,21412,3597905920,1,25167:10,95.00396385038373,754914,290006032,2245820
79774416,25167,4229255168,5141110784,2174,1682,1035190,22,4179910656,1977,1996652,324764,7236225,21412,3589390336,1,25167:10,94.98749560860935,754914,290006032,2245820
79879675,25167,4237905920,5141110784,2184,1682,1037293,22,4179910656,1977,1996662,324764,7236298,21412,3580616704,1,25167:10,95.00373820709098,754914,290006032,2245820
79984975,25167,4246556672,5141110784,2194,1683,1039405,22,4179910656,1977,1996673,324765,7236371,21412,3572101120,1,25167:11,104.46259554849362,754914,290006032,2245820
80090069,25167,4255207424,5141110784,2203,1684,1041521,22,4179910656,1977,1996683,324766,7236444,21412,3563327488,1,25167:11,95.15315699905517,754914,290006032,2245820
80195225,25167,4263858176,5141110784,2213,1685,1043638,22,4179910656,1977,1996693,324767,7236517,21412,3554811904,1,25167:10,104.60655406658692,754914,290006032,2245820
80300408,25167,4272508928,5141110784,2223,1686,1045751,22,4179910656,1977,1996702,324770,7236588,21412,3545702400,1,25167:11,104.57995158214446,754914,290006032,2245820
80405538,25167,4281159680,5141110784,2232,1687,1047869,22,4179910656,1977,1996713,324772,7236661,21412,3536928768,1,25167:10,95.12004673057656,754914,290006032,2245820
80510700,25167,4289810432,5141110784,2242,1688,1049992,22,4179910656,1977,1996723,324772,7236734,21412,3528413184,1,25167:11,104.60033708884995,754914,290006032,2245820
80615869,25167,4298723328,5141110784,2250,1690,1052143,22,4179910656,1977,1996732,324774,7236806,21412,3519639552,1,25167:10,95.08552733996069,754914,290006032,2245820
80721031,25167,4305408000,5141110784,2259,1691,1053811,22,4182536192,1978,1996740,324776,7236881,21412,3512975360,1,25167:10,95.09080139798313,754918,290009112,2245840
80826899,25167,4305408000,5141110784,2259,1693,1053811,22,4190400512,1978,1996740,324777,7236963,21412,3513106432,1,25167:2,18.891568038591544,754933,290024472,2245932
80932467,25167,4305408000,5141110784,2259,1694,1053811,22,4198264832,1978,1996741,324781,7237042,21412,3512991744,1,25167:1,9.472547793953026,754948,290039832,2246024
81038004,25167,4305408000,5141110784,2259,1696,1053811,22,4206129152,1978,1996742,324782,7237124,21412,3513131008,1,25167:2,18.950638164161475,754963,290055192,2246112
81143215,25167,4305408000,5141110784,2259,1698,1053811,22,4213993472,1978,1996742,324784,7237205,21412,3513004032,1,25167:2,19.009544017212228,754978,290070552,2246204
81248489,25167,4305408000,5141110784,2260,1699,1053811,22,4221857792,1978,1996742,324785,7237286,21412,3513085952,1,25167:2,18.997919946241968,754994,290086936,2246304
81354333,25167,4305408000,5141110784,2260,1701,1053811,22,4230246400,1978,1996743,324788,7237369,21412,3512983552,1,25167:2,18.89579957618422,755009,290102296,2246412
81460255,25167,4305408000,5141110784,2260,1703,1053811,22,4238110720,1978,1996744,324790,7237451,21412,3513114624,1,25167:2,18.881714236093142,755024,290117656,2246504
81566242,25167,4305408000,5141110784,2260,1705,1053811,22,4245975040,1978,1996744,324791,7237533,21412,3512987648,1,25167:2,18.870320168853887,755039,290133016,2246596
81671424,25167,4305408000,5141110784,2260,1707,1053811,22,4253839360,1978,1996744,324796,7237611,21412,3513212928,1,25167:2,19.014709836573704,755054,290148376,2246696
81776650,25167,4305408000,5141110784,2260,1709,1053811,22,4261703680,1978,1996744,324799,7237693,21412,3513110528,1,25167:2,19.00669130567416,755069,290163736,2246796
81881774,25167,4305408000,5141110784,2260,1711,1053811,22,4269568000,1978,1996745,324801,7237774,21412,3513241600,1,25167:2,19.02514781136745,755085,290179096,2246900
81986966,25167,4305408000,5141110784,2260,1713,1053811,22,4277432320,1978,1996745,324803,7237855,21412,3513090048,1,25167:2,19.012781836922198,755101,290195480,2246984
82092875,25167,4306456576,5141110784,2260,1716,1054046,22,4284243968,1980,1996747,324806,7237936,21412,3512250368,1,25167:3,28.32625940083635,755115,290209808,2247080
82198008,25167,4315107328,5141110784,2269,1717,1056161,22,4284243968,1980,1996757,324807,7238009,21412,3503734784,1,25167:11,95.11778482854211,755115,290209808,2247080
82303168,25167,4323758080,5141110784,2279,1718,1058276,22,4284243968,1980,1996767,324808,7238082,21412,3494961152,1,25167:10,104.60240900108676,755115,290209808,2247080
82408374,25167,4332539904,5141110784,2289,1718,1060406,22,4284243968,1980,1996777,324812,7238152,21412,3485863936,1,25167:10,95.05133385109062,755115,290209808,2247080
82513511,25167,4341190656,5141110784,2298,1720,1062522,22,4284243968,1980,1996787,324813,7238225,21412,3477348352,1,25167:12,104.62533382615035,755115,290209808,2247080
82618669,25167,4349841408,5141110784,2308,1721,1064637,22,4284243968,1980,1996797,324814,7238298,21412,3468763136,1,25167:10,104.60460633230831,755115,290209808,2247080
82723888,25167,4358492160,5141110784,2317,1722,1066754,22,4284243968,1980,1996806,324816,7238371,21412,3459989504,1,25167:10,95.0404184089793,755115,290209808,2247080
82828992,25167,4367142912,5141110784,2327,1723,1068857,22,4284243968,1980,1996817,324817,7238444,21412,3451473920,1,25167:11,104.65764382039143,755115,290209808,2247080
82934156,25167,4375793664,5141110784,2335,1724,1070970,22,4284243968,1980,1996826,324818,7238517,21412,3442700288,1,25167:10,85.58066983705012,755115,290209808,2247080
83039234,25167,4384444416,5141110784,2345,1725,1073081,22,4284243968,1980,1996836,324822,7238588,21412,3434577920,1,25167:10,104.68461760422213,755115,290209808,2247080
83144439,25167,4393095168,5141110784,2355,1726,1075202,22,4284243968,1980,1996846,324823,7238661,21412,3425804288,1,25167:11,104.55717186157392,755115,290209808,2247080
83249405,25167,4401745920,5141110784,2364,1728,1077313,22,4284243968,1980,1996856,324824,7238734,21412,3417288704,1,25167:11,104.7960662833976,755115,290209808,2247080
83354556,25167,4409217024,5141110784,2371,1730,1079155,22,4285825024,1981,1996862,324828,7238807,21413,3409817600,1,25167:9,85.5911143945976,755119,290211872,2247092
83460279,25167,4409217024,5141110784,2371,1732,1079155,22,4293689344,1981,1996863,324830,7238889,21413,3409924096,1,25167:2,18.91730619300204,755134,290227232,2247192
83565995,25167,4409217024,5141110784,2371,1734,1079155,22,4302077952,1981,1996864,324832,7238971,21413,3410055168,1,25167:2,18.91864076376823,755149,290242592,2247300
83672030,25167,4409217024,5141110784,2371,1736,1079155,22,4309942272,1981,1996864,324837,7239050,21413,3409190912,1,25167:2,18.86182237288082,755164,290257952,2247396
83777381,25167,4409217024,5141110784,2371,1739,1079155,22,4317806592,1981,1996864,324839,7239131,21413,3409321984,1,25167:3,28.47618765659589,755179,290273312,2247488
83882596,25167,4409217024,5141110784,2371,1741,1079155,22,4325670912,1981,1996864,324842,7239213,21413,3409195008,1,25167:2,19.00869340732987,755195,290288672,2247592
83987928,25167,4409217024,5141110784,2371,1742,1079155,22,4333535232,1981,1996864,324844,7239294,21413,3409334272,1,25167:1,9.493733466603832,755211,290305056,2247680
84093526,25167,4409217024,5141110784,2371,1744,1079155,22,4341923840,1981,1996865,324846,7239374,21413,3409018880,1,25167:2,18.939818291762105,755226,290320416,2247772
84199124,25167,4409217024,5141110784,2371,1746,1079155,22,4349788160,1981,1996866,324854,7239449,21413,3408633856,1,25167:2,18.93974349962198,755241,290335776,2247864
84305049,25167,4409217024,5141110784,2371,1748,1079155,22,4357652480,1981,1996866,324857,7239530,21413,3408506880,1,25167:2,18.881327955515744,755256,290351136,2247964
84410508,25167,4409217024,5141110784,2371,1750,1079155,22,4365516800,1981,1996866,324862,7239609,21413,3409625088,1,25167:2,18.96462407298073,755272,290367520,2248064
84516100,25167,4409217024,5141110784,2371,1752,1079155,22,4373381120,1981,1996866,324864,7239691,21413,3409448960,1,25167:2,18.940909391509933,755287,290382880,2248156
84621941,25167,4409217024,5141110784,2371,1754,1079155,22,4381769728,1981,1996867,324866,7239773,21413,3409604608,1,25167:2,18.89617877221228,755302,290398240,2248256
84727856,25167,4409872384,5141110784,2371,1756,1079292,22,4388581376,1983,1996868,324868,7239854,21413,3408691200,1,25167:2,18.883132932308463,755317,290413592,2248340
84833317,25167,4418654208,5141110784,2380,1758,1081431,22,4388581376,1983,1996878,324869,7239927,21413,3399917568,1,25167:11,104.30444335411534,755317,290413592,2248340
84938444,25167,4427698176,5141110784,2389,1759,1083656,22,4388581376,1983,1996888,324870,7240000,21413,3390885888,1,25167:11,95.1227231520109,755317,290413592,2248340
85043667,25167,4436742144,5141110784,2399,1759,1085858,22,4388581376,1983,1996898,324873,7240071,21413,3381399552,1,25167:9,95.0357144214796,755317,290413592,2248340
85148824,25167,4445917184,5141110784,2409,1760,1088088,22,4388581376,1983,1996909,324874,7240144,21413,3372109824,1,25167:11,104.60560108028297,755317,290413592,2248340
85254049,25167,4455092224,5141110784,2420,1760,1090320,22,4388581376,1983,1996920,324874,7240217,21413,3363078144,1,25167:11,104.53837483521069,755317,290413592,2248340
85359138,25167,4464136192,5141110784,2430,1760,1092547,22,4388581376,1983,1996930,324874,7240290,21413,3354046464,1,25167:10,95.15757108891464,755317,290413592,2248340
85464287,25167,4473311232,5141110784,2440,1761,1094774,22,4388581376,1983,1996940,324875,7240363,21413,3344756736,1,25167:11,104.61285535453435,755317,290413592,2248340
85569444,25167,4482486272,5141110784,2450,1762,1097007,22,4388581376,1983,1996951,324876,7240436,21413,3335774208,1,25167:11,104.6060566811722,755317,290413592,2248340
85674556,25167,4491530240,5141110784,2458,1763,1099227,22,4388581376,1983,1996960,324880,7240507,21413,3326472192,1,25167:10,85.62263361635546,755317,290413592,2248340
85779722,25167,4500574208,5141110784,2468,1764,1101448,22,4388581376,1983,1996970,324881,7240579,21413,3317334016,1,25167:10,104.59685590409077,755317,290413592,2248340
85884882,25167,4509749248,5141110784,2477,1766,1103673,22,4388581376,1983,1996980,324882,7240652,21413,3308302336,1,25167:11,104.60228565883835,755317,290413592,2248340
85989927,25167,4513026048,5141110784,2482,1767,1104499,22,4394352640,1984,1996984,324883,7240730,21414,3305287680,1,25167:6,57.11841209443536,755327,290422816,2248408
86095698,25167,4513026048,5141110784,2482,1768,1104499,22,4402216960,1984,1996984,324885,7240812,21414,3305160704,1,25167:1,9.454357006863646,755342,290438176,2248500
86201042,25167,4513026048,5141110784,2482,1770,1104499,22,4410081280,1984,1996984,324887,7240893,21414,3305291776,1,25167:2,18.985461550572072,755358,290454560,2248588
86306558,25167,4513026048,5141110784,2482,1772,1104499,22,4417945600,1984,1996984,324891,7240973,21414,3305156608,1,25167:2,18.954581656934845,755373,290469920,2248684
86412326,25167,4513026048,5141110784,2482,1774,1104499,22,4426334208,1984,1996985,324894,7241055,21414,3305263104,1,25167:2,18.909168457309768,755388,290485280,2248784
86518175,25167,4513026048,5141110784,2482,1776,1104499,22,4434198528,1984,1996986,324896,7241137,21414,3305136128,1,25167:2,18.89495893643602,755403,290500640,2248876
86624044,25167,4513026048,5141110784,2483,1778,1104499,22,4442062848,1984,1996986,324897,7241218,21414,3305267200,1,25167:3,28.33680548933795,755418,290516000,2248968
86729551,25167,4513026048,5141110784,2483,1780,1104499,22,4449927168,1984,1996986,324899,7241300,21414,3305140224,1,25167:2,18.956146254137074,755433,290531360,2249056
86834796,25167,4513026048,5141110784,2483,1781,1104499,22,4457791488,1984,1996986,324901,7241381,21414,3305279488,1,25167:1,9.501645081573667,755449,290547744,2249144
86940346,25167,4513026048,5141110784,2483,1783,1104499,22,4465655808,1984,1996987,324905,7241460,21414,3305340928,1,25167:2,18.94836372873519,755464,290563104,2249236
87046096,25167,4513026048,5141110784,2483,1786,1104499,22,4474044416,1984,1996988,324907,7241542,21414,3305558016,1,25167:3,28.368815250757347,755479,290578464,2249332
87152098,25167,4513026048,5141110784,2483,1788,1104499,22,4481908736,1984,1996988,324910,7241624,21414,3305431040,1,25167:2,18.867419913816455,755494,290593824,2249436
87258094,25167,4513026048,5141110784,2483,1790,1104499,22,4489773056,1984,1996988,324912,7241706,21414,3305562112,1,25167:2,18.86871790448774,755509,290609184,2249524
87363385,25167,4517875712,5141110784,2488,1792,1105653,22,4492914688,1986,1996994,324914,7241782,21414,3300438016,1,25167:7,66.48269511956329,755517,290617368,2249564
87468548,25167,4527050752,5141110784,2497,1793,1107877,22,4492914688,1986,1997004,324916,7241855,21414,3291697152,1,25167:10,95.08985920377361,755517,290617368,2249564
87573704,25167,4536094720,5141110784,2507,1794,1110099,22,4492914688,1986,1997014,324919,7241926,21414,3282296832,1,25167:11,104.6065958471771,755517,290617368,2249564
87678876,25167,4544745472,5141110784,2517,1794,1112207,22,4492914688,1986,1997023,324920,7241999,21414,3273523200,1,25167:10,95.08277706897793,755517,290617368,2249564
87784050,25167,4553527296,5141110784,2526,1796,1114356,22,4492914688,1986,1997032,324922,7242072,21414,3264749568,1,25167:11,104.58774027642788,755517,290617368,2249564
87889278,25167,4562440192,5141110784,2535,1796,1116537,22,4492914688,1986,1997043,324922,7242145,21414,3255717888,1,25167:9,85.52912899757922,755517,290617368,2249564
87994407,25167,4571615232,5141110784,2546,1797,1118767,22,4492914688,1986,1997054,324923,7242218,21414,3246686208,1,25167:12,114.14473358172114,755517,290617368,2249564
88099698,25167,4580790272,5141110784,2556,1797,1121007,22,4492914688,1986,1997064,324924,7242291,21414,3237396480,1,25167:10,94.97546726695214,755517,290617368,2249564
88204910,25167,4589572096,5141110784,2564,1799,1123164,22,4492914688,1986,1997073,324928,7242362,21414,3228205056,1,25167:10,95.04629001444059,755517,290617368,2249564
88310051,25167,4598222848,5141110784,2574,1800,1125273,22,4492914688,1986,1997084,324929,7242435,21414,3219689472,1,25167:11,104.62077233641125,755517,290617368,2249564
88415319,25167,4606873600,5141110784,2584,1801,1127379,22,4492914688,1986,1997093,324930,7242508,21414,3210915840,1,25167:11,104.49505325642636,755517,290617368,2249564
88520366,25167,4615524352,5141110784,2594,1801,1129479,22,4492914688,1986,1997104,324930,7242581,21414,3202400256,1,25167:10,95.19607025291018,755517,290617368,2249564
88625498,25167,4616966144,5141110784,2595,1804,1129843,22,4500258816,1987,1997106,324933,7242660,21415,3201122304,1,25167:4,38.04735495549297,755530,290629664,2249648
88731219,25167,4616966144,5141110784,2595,1806,1129843,22,4508123136,1987,1997106,324935,7242742,21415,3201060864,1,25167:2,18.91769376816737,755545,290645024,2249740
88836627,25167,4616966144,5141110784,2596,1808,1129843,22,4515987456,1987,1997107,324940,7242819,21415,3201060864,1,25167:3,28.4607555353442,755560,290660384,2249828
88941787,25167,4616966144,5141110784,2596,1811,1129843,22,4523851776,1987,1997107,324942,7242900,21415,3200999424,1,25167:3,28.527997819243772,755575,290675744,2249928
89047013,25167,4616966144,5141110784,2596,1814,1129843,22,4531716096,1987,1997108,324945,7242980,21415,3201495040,1,25167:3,28.510228785842866,755590,290691104,2250020
89152395,25167,4616966144,5141110784,2596,1817,1129843,22,4540104704,1987,1997108,324948,7243061,21415,3201351680,1,25167:3,28.467777393937244,755606,290707488,2250108
89258267,25167,4616966144,5141110784,2596,1819,1129843,22,4547969024,1987,1997108,324958,7243133,21415,3200192512,1,25167:2,18.89072795372943,755621,290722848,2250208
89364393,25167,4616966144,5141110784,2596,1822,1129843,22,4555833344,1987,1997109,324962,7243214,21415,3200065536,1,25167:3,28.268229465053533,755636,290738208,2250296
89470409,25167,4616966144,5141110784,2596,1824,1129843,22,4563697664,1987,1997109,324968,7243293,21415,3200458752,1,25167:3,18.865180712348657,755652,290753568,2250396
89576034,25167,4616966144,5141110784,2596,1827,1129843,22,4571561984,1987,1997109,324971,7243374,21415,3200589824,1,25167:2,28.402151478122278,755667,290768928,2250492
89681312,25167,4616966144,5141110784,2596,1830,1129843,22,4579426304,1987,1997109,324974,7243455,21415,3200462848,1,25167:3,28.496079509381094,755682,290784288,2250584
89786567,25167,4616966144,5141110784,2596,1832,1129843,22,4587290624,1987,1997109,324978,7243536,21415,3200593920,1,25167:2,19.001552407830168,755697,290799648,2250676
89891838,25167,4616966144,5141110784,2596,1834,1129843,22,4595154944,1987,1997109,324981,7243617,21415,3200466944,1,25167:2,18.99852162054084,755713,290816032,2250772
89997691,25167,4623126528,5141110784,2600,1838,1131339,22,4597248000,1989,1997116,324983,7243692,21415,3194040320,1,25167:9,75.57647419990163,755718,290821144,2250804
90102886,25167,4631777280,5141110784,2610,1838,1133469,22,4597248000,1989,1997126,324986,7243763,21415,3186393088,1,25167:9,95.0611222102365,755718,290821144,2250804
90208078,25167,4640559104,5141110784,2620,1839,1135588,22,4597248000,1989,1997136,324987,7243835,21415,3177390080,1,25167:11,104.5712524462781,755718,290821144,2250804
90313230,25167,4649078784,5141110784,2630,1840,1137679,22,4597248000,1989,1997146,324988,7243909,21415,3168874496,1,25167:11,104.61003589693381,755718,290821144,2250804
90418372,25167,4657729536,5141110784,2639,1841,1139784,22,4597248000,1989,1997155,324990,7243982,21415,3160100864,1,25167:10,95.10960487932056,755718,290821144,2250804
90523589,25167,4666380288,5141110784,2649,1842,1141913,22,4597248000,1989,1997165,324990,7244055,21415,3151327232,1,25167:11,104.54607586019134,755718,290821144,2250804
90628782,25167,4675031040,5141110784,2657,1844,1144029,22,4597248000,1989,1997174,324993,7244128,21415,3142864896,1,25167:10,95.06349438138149,755718,290821144,2250804
90733866,25167,4683681792,5141110784,2666,1846,1146135,22,4597248000,1989,1997184,324996,7244199,21415,3134251008,1,25167:11,104.67785243412786,755718,290821144,2250804
90839067,25167,4692332544,5141110784,2676,1847,1148250,22,4597248000,1989,1997194,324997,7244271,21415,3125477376,1,25167:11,104.5613948436841,755718,290821144,2250804
90944255,25167,4700983296,5141110784,2685,1847,1150356,22,4597248000,1989,1997204,324998,7244344,21415,3116703744,1,25167:9,85.56124598051092,755718,290821144,2250804
91049406,25167,4709634048,5141110784,2695,1848,1152467,22,4597248000,1989,1997215,324998,7244417,21415,3108188160,1,25167:11,104.61202561834386,755718,290821144,2250804
91154506,25167,4718284800,5141110784,2705,1848,1154581,22,4597248000,1989,1997225,324999,7244490,21415,3099414528,1,25167:11,95.14685755714288,755718,290821144,2250804
91259718,25167,4720775168,5141110784,2708,1851,1155187,22,4603543552,1990,1997228,325003,7244566,21415,3097292800,1,25167:5,57.027932281231344,755729,290831392,2250876
91364970,25167,4720775168,5141110784,2708,1853,1155187,22,4611407872,1990,1997229,325005,7244648,21415,3097423872,1,25167:2,19.001981175060283,755745,290847776,2250972
91470747,25167,4720775168,5141110784,2708,1855,1155187,22,4619272192,1990,1997229,325008,7244729,21415,3097247744,1,25167:2,18.9076562923886,755760,290863136,2251064
91576741,25167,4720775168,5141110784,2709,1856,1155187,22,4627660800,1990,1997230,325009,7244811,21415,3097219072,1,25167:2,18.869073939721027,755776,290878496,2251156
91682522,25167,4720775168,5141110784,2709,1858,1155187,22,4635525120,1990,1997230,325010,7244893,21415,3097100288,1,25167:2,18.90704570301841,755791,290893856,2251252
91788522,25167,4720775168,5141110784,2709,1860,1155187,22,4643389440,1990,1997230,325013,7244975,21415,3097231360,1,25167:2,18.8678946244689,755806,290909216,2251352
91893798,25167,4720775168,5141110784,2709,1862,1155187,22,4651253760,1990,1997231,325018,7245054,21415,3097391104,1,25167:2,18.99770195248217,755821,290924576,2251452
91999006,25167,4720775168,5141110784,2709,1864,1155187,22,4659118080,1990,1997231,325020,7245135,21415,3097522176,1,25167:2,19.009965736913006,755836,290939936,2251552
92104392,25167,4720775168,5141110784,2709,1866,1155187,22,4667506688,1990,1997232,325022,7245217,21415,3097432064,1,25167:2,18.977752722083448,755852,290956320,2251644
92210079,25167,4720775168,5141110784,2709,1868,1155187,22,4675371008,1990,1997232,325026,7245299,21415,3097563136,1,25167:2,18.923816914190823,755867,290971680,2251752
92316112,25167,4720775168,5141110784,2709,1870,1155187,22,4683235328,1990,1997232,325028,7245381,21415,3097436160,1,25167:2,18.862007907896817,755882,290987040,2251840
92421972,25167,4720775168,5141110784,2709,1872,1155187,22,4691099648,1990,1997232,325030,7245463,21415,3097567232,1,25167:2,18.892898980169814,755897,291002400,2251928
92527393,25167,4720775168,5141110784,2709,1874,1155187,22,4698963968,1990,1997232,325034,7245541,21417,3096707072,1,25167:2,18.971602186522684,755912,291017760,2252024
92632838,25167,4726018048,5141110784,2712,1878,1156457,22,4701581312,1992,1997236,325038,7245617,21417,3091279872,1,25167:7,66.38520666743807,755919,291024920,2252060
92738736,25167,4734799872,5141110784,2720,1880,1158597,22,4701581312,1992,1997245,325040,7245690,21417,3082506240,1,25167:10,94.43063595747132,755919,291024920,2252060
92844647,25167,4743843840,5141110784,2730,1881,1160821,22,4701581312,1992,1997255,325042,7245764,21417,3073216512,1,25167:11,103.86070444032649,755919,291024920,2252060
92950533,25167,4752625664,5141110784,2740,1881,1162961,22,4701581312,1992,1997266,325042,7245837,21417,3064442880,1,25167:10,94.44107641332323,755919,291024920,2252060
93056506,25167,4761407488,5141110784,2751,1882,1165096,22,4701581312,1992,1997277,325042,7245911,21417,3055927296,1,25167:12,113.23638826424866,755919,291024920,2252060
93162479,25167,4770189312,5141110784,2761,1882,1167254,22,4701581312,1992,1997287,325045,7245982,21417,3047165952,1,25167:10,94.36354558075841,755919,291024920,2252060
93268495,25167,4778971136,5141110784,2771,1882,1169385,22,4701581312,1992,1997299,325045,7246056,21417,3038392320,1,25167:10,94.3259035617433,755919,291024920,2252060
93374433,25167,4787752960,5141110784,2780,1884,1171516,22,4701581312,1992,1997308,325046,7246129,21417,3029876736,1,25167:12,103.83382517685756,755919,291024920,2252060
93480493,25167,4796534784,5141110784,2790,1885,1173663,22,4701581312,1992,1997318,325048,7246203,21417,3021103104,1,25167:10,103.71553062661631,755919,291024920,2252060
93586395,25167,4805316608,5141110784,2800,1885,1175806,22,4701581312,1992,1997329,325048,7246276,21417,3012358144,1,25167:11,94.42699433589118,755919,291024920,2252060
93692396,25167,4814098432,5141110784,2811,1885,1177950,22,4701581312,1992,1997340,325050,7246347,21417,3003121664,1,25167:10,103.77178945790692,755919,291024920,2252060
93798200,25167,4823011328,5141110784,2819,1887,1180125,22,4701581312,1992,1997348,325053,7246421,21417,2994089984,1,25167:11,94.51486389897406,755919,291024920,2252060
93904187,25167,4824584192,5141110784,2821,1889,1180531,22,4708929536,1993,1997351,325055,7246501,21418,2992615424,1,25167:3,37.740373272860175,755933,291037224,2252132
94009995,25167,4824584192,5141110784,2821,1891,1180531,22,4716793856,1993,1997351,325057,7246582,21418,2992746496,1,25167:2,18.90222850658313,755949,291053608,2252228
94115768,25167,4824584192,5141110784,2821,1893,1180531,22,4725182464,1993,1997352,325059,7246664,21418,2992656384,1,25167:2,18.90840850119021,755964,291068968,2252324
94221803,25167,4824584192,5141110784,2821,1895,1180531,22,4733046784,1993,1997352,325061,7246746,21418,2992750592,1,25167:2,18.861615140097758,755979,291084328,2252416
94327127,25167,4824584192,5141110784,2821,1897,1180531,22,4740911104,1993,1997353,325072,7246816,21418,2991681536,1,25167:2,18.989029031509958,755995,291100712,2252508
94432990,25167,4824584192,5141110784,2821,1899,1180531,22,4749299712,1993,1997354,325074,7246898,21418,2991849472,1,25167:2,18.89231165097361,756010,291116072,2252600
94539082,25167,4824584192,5141110784,2821,1901,1180531,22,4757164032,1993,1997354,325076,7246980,21418,2991722496,1,25167:2,18.851592468950933,756026,291132456,2252700
94644953,25167,4824584192,5141110784,2821,1903,1180531,22,4765552640,1993,1997355,325078,7247062,21418,2991427584,1,25167:2,18.890884081095923,756041,291147816,2252792
94751171,25167,4824584192,5141110784,2821,1905,1180531,22,4773416960,1993,1997355,325080,7247144,21418,2991366144,1,25167:2,18.829318917832722,756056,291163176,2252888
94856625,25167,4824584192,5141110784,2821,1907,1180531,22,4781281280,1993,1997356,325084,7247223,21418,2992250880,1,25167:2,18.96559825391323,756071,291178536,2252980
94962182,25167,4824584192,5141110784,2821,1909,1180531,22,4789669888,1993,1997356,325087,7247305,21418,2992140288,1,25167:2,18.947024961350674,756087,291194920,2253088
95068749,25167,4824584192,5141110784,2821,1911,1180531,22,4797534208,1993,1997357,325089,7247387,21418,2992103424,1,25167:2,18.767655143736167,756102,291210280,2253192
95174806,25167,4824584192,5141110784,2821,1913,1180531,22,4805398528,1993,1997357,325091,7247469,21418,2992041984,1,25167:2,18.857769263746395,756117,291225640,2253296
95280277,25167,4832579584,5141110784,2830,1914,1182472,22,4805918720,1995,1997367,325092,7247543,21418,2983735296,1,25167:10,94.81244425087536,756120,291228704,2253316
95386156,25167,4841754624,5141110784,2840,1914,1184721,22,4805918720,1995,1997378,325092,7247616,21418,2974703616,1,25167:10,94.44735767319187,756120,291228704,2253316
95492225,25167,4850536448,5141110784,2850,1914,1186859,22,4805918720,1995,1997389,325094,7247688,21418,2965561344,1,25167:10,94.27843771427132,756120,291228704,2253316
95598168,25167,4859187200,5141110784,2861,1915,1188968,22,4805918720,1995,1997399,325095,7247761,21418,2956324864,1,25167:12,113.26889937601578,756120,291228704,2253316
95704195,25167,4867837952,5141110784,2871,1915,1191090,22,4805918720,1995,1997410,325096,7247835,21418,2947809280,1,25167:10,94.31563532818102,756120,291228704,2253316
95810170,25167,4876619776,5141110784,2880,1916,1193238,22,4805918720,1995,1997420,325097,7247908,21418,2939555840,1,25167:11,94.3615421155803,756120,291228704,2253316
95916125,25167,4885401600,5141110784,2891,1917,1195373,22,4805918720,1995,1997430,325098,7247981,21418,2930782208,1,25167:11,113.25558035726925,756120,291228704,2253316
96021994,25167,4894183424,5141110784,2901,1917,1197523,22,4805918720,1995,1997441,325101,7248052,21418,2921566208,1,25167:10,94.45590677368244,756120,291228704,2253316
96127930,25167,4902965248,5141110784,2911,1918,1199641,22,4805918720,1995,1997451,325102,7248125,21418,2913050624,1,25167:11,103.83713421139336,756120,291228704,2253316
96233776,25167,4911616000,5141110784,2919,1919,1201760,22,4805918720,1995,1997460,325104,7248199,21418,2904276992,1,25167:10,85.02862058645128,756120,291228704,2253316
96339726,25167,4920266752,5141110784,2929,1921,1203894,22,4805918720,1995,1997470,325104,7248272,21418,2895503360,1,25167:11,113.26123727028639,756120,291228704,2253316
96445517,25167,4928393216,5141110784,2937,1923,1205875,22,4807495680,1996,1997479,325106,7248346,21418,2887741440,1,25167:10,94.52618076031699,756122,291229736,2253328
96552288,25167,4928393216,5141110784,2937,1925,1205875,22,4815360000,1996,1997480,325112,7248426,21418,2887450624,1,25167:2,18.73163667413197,756137,291245096,2253416
96658534,25167,4928393216,5141110784,2937,1928,1205875,22,4823224320,1996,1997480,325114,7248507,21418,2887323648,1,25167:3,28.23638025492802,756152,291260456,2253512
96764534,25167,4928393216,5141110784,2938,1930,1205875,22,4831088640,1996,1997481,325116,7248588,21418,2887454720,1,25167:3,28.301997864444452,756167,291275816,2253604
96870090,25167,4928393216,5141110784,2938,1932,1205875,22,4838952960,1996,1997481,325118,7248670,21418,2887327744,1,25167:2,18.947211996859274,756182,291291176,2253700
96975402,25167,4928393216,5141110784,2938,1934,1205875,22,4846817280,1996,1997481,325120,7248751,21418,2887467008,1,25167:2,18.99114769430755,756197,291306536,2253792
97080719,25167,4928393216,5141110784,2938,1937,1205875,22,4854681600,1996,1997482,325124,7248831,21418,2887426048,1,25167:3,28.485459454794004,756213,291322920,2253888
97186681,25167,4928393216,5141110784,2938,1939,1205875,22,4862545920,1996,1997482,325128,7248912,21418,2887213056,1,25167:2,18.874668304836877,756227,291337256,2253988
97292318,25167,4928393216,5141110784,2938,1941,1205875,22,4870410240,1996,1997482,325130,7248993,21418,2887086080,1,25167:2,18.932766395430175,756244,291353640,2254076
97398330,25167,4928393216,5141110784,2938,1943,1205875,22,4878798848,1996,1997483,325132,7249076,21418,2887254016,1,25167:2,18.86589235133144,756259,291369000,2254176
97504730,25167,4928393216,5141110784,2938,1945,1205875,22,4886663168,1996,1997484,325134,7249157,21418,2887127040,1,25167:2,18.796964215091407,756274,291384360,2254272
97610016,25167,4928393216,5141110784,2938,1947,1205875,22,4894527488,1996,1997484,325136,7249239,21418,2887340032,1,25167:2,18.995920293688325,756290,291400744,2254372
97716004,25167,4928393216,5141110784,2938,1949,1205875,22,4902916096,1996,1997485,325140,7249319,21418,2887786496,1,25167:2,18.870023373354453,756305,291416104,2254460
97822089,25167,4928524288,5141110784,2938,1951,1205889,22,4909727744,1998,1997486,325141,7249400,21419,2887389184,1,25167:2,18.852732782798345,756320,291431456,2254548
97928166,25167,4937175040,5141110784,2948,1952,1208017,22,4909727744,1998,1997496,325142,7249473,21419,2878873600,1,25167:11,103.69862351861214,756320,291431456,2254548
98034181,25167,4945825792,5141110784,2958,1952,1210129,22,4909727744,1998,1997506,325143,7249547,21419,2870099968,1,25167:10,94.32656997992014,756320,291431456,2254548
98140090,25167,4954607616,5141110784,2968,1952,1212253,22,4909727744,1998,1997517,325143,7249620,21419,2861326336,1,25167:10,94.41982515695574,756320,291431456,2254548
98245824,25167,4963258368,5141110784,2978,1953,1214387,22,4909727744,1998,1997527,325146,7249692,21419,2852384768,1,25167:11,104.03497474262528,756320,291431456,2254548
98351672,25167,4972040192,5141110784,2988,1954,1216532,22,4909727744,1998,1997537,325147,7249765,21419,2843353088,1,25167:11,103.92251960186564,756320,291431456,2254548
98457539,25167,4980822016,5141110784,2998,1955,1218665,22,4909727744,1998,1997548,325148,7249838,21419,2834837504,1,25167:11,103.90378713340702,756320,291431456,2254548
98563409,25167,4989603840,5141110784,3008,1956,1220807,22,4909727744,1998,1997557,325149,7249912,21419,2825805824,1,25167:11,103.90133453707753,756320,291431456,2254548
98669256,25167,4998385664,5141110784,3017,1956,1222958,22,4909727744,1998,1997568,325150,7249985,21419,2816819200,1,25167:10,85.02805184077182,756320,291431456,2254548
98775223,25167,5007167488,5141110784,3027,1957,1225096,22,4909727744,1998,1997578,325152,7250057,21419,2808721408,1,25167:10,103.8063485395919,756320,291431456,2254548
98880999,25167,5016342528,5141110784,3037,1958,1227340,22,4909727744,1998,1997588,325154,7250130,21419,2799173632,1,25167:11,103.99350271284543,756320,291431456,2254548
98986855,25167,5025255424,5141110784,3046,1959,1229496,22,4909727744,1998,1997597,325156,7250204,21419,2790400000,1,25167:10,94.46806445204618,756320,291431456,2254548
99092857,25167,5032202240,5141110784,3053,1961,1231219,22,4912353280,1999,1997605,325157,7250279,21419,2783481856,1,25167:10,84.90375725162991,756324,291434536,2254568
99198860,25167,5032202240,5141110784,3054,1963,1231219,22,4920217600,1999,1997606,325159,7250361,21419,2783367168,1,25167:2,28.30116351083065,756339,291449896,2254660
99304619,25167,5032202240,5141110784,3054,1965,1231219,22,4928081920,1999,1997606,325164,7250441,21419,2782834688,1,25167:2,18.910889176487792,756355,291465256,2254756
99410813,25167,5032202240,5141110784,3054,1967,1231219,22,4935946240,1999,1997606,325173,7250513,21419,2781933568,1,25167:2,18.833515340425585,756370,291480616,2254848
99516713,25167,5032202240,5141110784,3054,1969,1231219,22,4943810560,1999,1997607,325174,7250594,21419,2782064640,1,25167:2,18.885770334094094,756385,291495976,2254940
99621958,25167,5032202240,5141110784,3055,1971,1231219,22,4951674880,1999,1997608,325176,7250675,21419,2782085120,1,25167:3,28.504833678666223,756400,291511336,2255032
99727421,25167,5032202240,5141110784,3055,1973,1231219,22,4959539200,1999,1997608,325177,7250757,21419,2782048256,1,25167:2,18.963912338556657,756416,291527720,2255124
99833223,25167,5032202240,5141110784,3055,1974,1231219,22,4967927808,1999,1997608,325180,7250838,21419,2782097408,1,25167:1,9.451631554343777,756431,291543080,2255212
99939557,25167,5032202240,5141110784,3055,1977,1231219,22,4975792128,1999,1997608,325184,7250918,21419,2783014912,1,25167:4,28.212902234168443,756446,291558440,2255312
100045471,25167,5032202240,5141110784,3056,1979,1231219,22,4983656448,1999,1997609,325186,7250999,21419,2782695424,1,25167:2,28.324911204235864,756461,291573800,2255404
100150719,25167,5032202240,5141110784,3056,1981,1231219,22,4991520768,1999,1997610,325188,7251081,21419,2782658560,1,25167:2,19.0028237816083,756476,291589160,2255496
100256170,25167,5032202240,5141110784,3056,1983,1231219,22,4999385088,1999,1997610,325190,7251162,21419,2782547968,1,25167:2,18.96604770211349,756492,291605544,2255588
100362396,25167,5032202240,5141110784,3056,1986,1231219,22,5007773696,1999,1997610,325194,7251244,21419,2782744576,1,25167:3,28.24190710971277,756507,291620904,2255684
100468668,25167,5033906176,5141110784,3057,1988,1231636,22,5013024768,2001,1997613,325197,7251322,21419,2780246016,1,25167:3,28.22933925476972,756520,291633208,2255752
100574523,25167,5042688000,5141110784,3067,1988,1233773,22,5013024768,2001,1997624,325198,7251396,21419,2771730432,1,25167:10,94.46869629070838,756520,291633208,2255752
100680526,25167,5051469824,5141110784,3077,1989,1235900,22,5013024768,2001,1997634,325198,7251469,21419,2763251712,1,25167:11,103.7705246541503,756520,291633208,2255752
100786329,25167,5060120576,5141110784,3087,1990,1238024,22,5013024768,2001,1997644,325199,7251542,21419,2754478080,1,25167:11,103.96725137439272,756520,291633208,2255752
100892290,25167,5068771328,5141110784,3096,1991,1240142,22,5013024768,2001,1997655,325200,7251616,21419,2745704448,1,25167:10,94.37438090406127,756520,291633208,2255752
100998080,25167,5077553152,5141110784,3106,1992,1242279,22,5013024768,2001,1997664,325204,7251687,21419,2737225728,1,25167:11,103.979617575066,756520,291633208,2255752
101104018,25167,5086203904,5141110784,3116,1993,1244396,22,5013024768,2001,1997674,325205,7251761,21419,2728194048,1,25167:11,103.83358112430852,756520,291633208,2255752
101209842,25167,5095116800,5141110784,3124,1995,1246562,22,5013024768,2001,1997683,325207,7251834,21419,2719420416,1,25167:10,94.49681541952165,756520,291633208,2255752
101315733,25167,5104160768,5141110784,3134,1995,1248780,22,5013024768,2001,1997694,325208,7251908,21419,2710130688,1,25167:10,94.43721191810458,756520,291633208,2255752
101421551,25167,5113335808,5141110784,3143,1997,1251018,22,5013024768,2001,1997704,325209,7251981,21419,2701099008,1,25167:12,103.9517778664665,756520,291633208,2255752
101527373,25167,5122117632,5141110784,3154,1997,1253154,22,5013024768,2001,1997714,325212,7252052,21419,2692571136,1,25167:10,103.94829845990768,756520,291633208,2255752
101633128,25167,5130768384,5141110784,3163,1999,1255271,22,5013024768,2001,1997724,325213,7252126,21419,2683498496,1,25167:11,104.01325106124719,756520,291633208,2255752
101739025,25167,5028978688,5034016768,3169,2003,1256563,22,5013024768,2001,1997730,325218,7252200,21419,2782740480,1,25167:10,94.43186118909243,756520,291633208,2255752
101846139,25167,5100281856,5168738304,3173,2009,1273985,22,5013024768,2001,1997736,325224,7252273,21419,2714632192,1,25167:11,93.35816934488538,756520,291633208,2255752
101955421,25167,5102641152,5262192640,3191,2010,1274894,23,5013024768,2001,1997775,325227,7252339,21419,2712309760,8,25167:18;25531:0;25532:0;25533:0;25534:0;25535:0;25536:0;25537:0,173.86308231024213,756520,291633208,2255752
102091416,25167,5103427584,5262192640,3294,2013,1275496,23,5013024768,2001,1997862,325230,7252344,21419,2712059904,8,25167:107;25531:101;25532:101;25533:101;25534:95;25535:89;25536:87;25537:90,779.4400366007394,756520,291633208,2255752
102219423,25167,5103427584,5262192640,3388,2013,1275496,23,5013024768,2001,1997965,325230,7252353,21419,2712059904,8,25167:94;25531:94;25532:96;25533:96;25534:99;25535:101;25536:102;25537:101,734.3337797796272,756520,291633208,2255752
102351745,25167,5103427584,5262192640,3482,2014,1275496,23,5013024768,2001,1998061,325231,7252359,21419,2712059904,8,25167:96;25531:96;25532:97;25533:97;25534:96;25535:97;25536:96;25537:94,717.9475707828288,756520,291633208,2255752
102485984,25167,5103427584,5262192640,3579,2015,1275496,23,5013024768,2001,1998160,325232,7252363,21419,2712059904,8,25167:99;25531:99;25532:99;25533:99;25534:98;25535:95;25536:98;25537:99,730.0367846912419,756520,291633208,2255752
102607415,25167,5103427584,5262192640,3664,2015,1275496,23,5013024768,2001,1998240,325232,7252375,21419,2712059904,8,25167:82;25531:84;25532:84;25533:84;25534:85;25535:85;25536:85;25537:85,699.9884963067001,756520,291633208,2255752
102739421,25167,5103558656,5262192640,3762,2015,1275587,23,5013024768,2001,1998337,325232,7252384,21419,2711543808,8,25167:98;25531:96;25532:93;25533:96;25534:96;25535:96;25536:96;25537:96,742.3877979323438,756520,291633208,2255752
102871423,25167,5104476160,5262192640,3856,2018,1277104,23,5013024768,2001,1998433,325235,7252385,21419,2710769664,8,25167:97;25531:97;25532:103;25533:100;25534:98;25535:100;25536:97;25537:96,734.8372284782123,756520,291633208,2255752
102995422,25167,5105000448,5262192640,3935,2020,1277815,23,5013024768,2001,1998505,325238,7252406,21419,2710769664,8,25167:83;25531:83;25532:77;25533:77;25534:77;25535:75;25536:75;25537:78,653.2351624649076,756520,291633208,2255756
103119426,25167,5105000448,5262192640,4025,2021,1277815,23,5013024768,2001,1998599,325238,7252414,21419,2710769664,8,25167:90;25531:90;25532:92;25533:93;25534:93;25535:93;25536:96;25537:94,733.8439989749733,756520,291633208,2255756
103247440,25167,5105000448,5262192640,4118,2021,1277815,23,5013024768,2001,1998689,325238,7252419,21419,2710769664,8,25167:93;25531:93;25532:91;25533:90;25534:91;25535:91;25536:89;25537:89,726.4850612330042,756520,291633208,2255756
103363418,25167,5105000448,5262192640,4200,2021,1277815,23,5013024768,2001,1998778,325238,7252430,21419,2710769664,8,25167:82;25531:82;25532:85;25533:86;25534:85;25535:85;25536:88;25537:87,707.0305888765515,756520,291633208,2255756
103491426,25167,5105000448,5262192640,4294,2021,1277815,23,5013024768,2001,1998872,325238,7252437,21419,2710769664,8,25167:93;25531:93;25532:90;25533:93;25534:93;25535:93;25536:92;25537:93,734.3282783632891,756520,291633208,2255756
103623429,25167,5105000448,5262192640,4389,2021,1277815,23,5013024768,2001,1998970,325238,7252445,21419,2710769664,8,25167:96;25531:96;25532:96;25533:95;25534:97;25535:97;25536:96;25537:96,719.6823088959952,756520,291633208,2255756
103750086,25167,5105000448,5262192640,4478,2021,1277815,23,5013024768,2001,1999064,325239,7252454,21419,2710769664,8,25167:91;25531:91;25532:91;25533:88;25534:93;25535:93;25536:91;25537:90,702.6847222532443,756520,291633208,2255756
103879553,25167,5105000448,5262192640,4574,2021,1277815,23,5013024768,2001,1999158,325239,7252463,21419,2710769664,8,25167:95;25531:97;25532:98;25533:98;25534:91;25535:94;25536:95;25537:95,741.5000860333199,756520,291633208,2255756
104006458,25167,5105000448,5262192640,4664,2021,1277815,23,5013024768,2001,1999252,325240,7252469,21419,2710540288,8,25167:91;25531:89;25532:88;25533:88;25534:95;25535:92;25536:91;25537:94,709.1905237111193,756520,291633208,2255756
104135768,25167,4992110592,5098962944,4734,2023,1277815,23,5013024768,2001,1999307,325244,7252502,21419,2817818624,8,25167:69;25531:70;25532:70;25533:70;25534:63;25535:63;25536:63;25537:60,556.804206173214,756520,291633208,2255756
104251501,25167,4709769216,5098962944,4734,2035,1277815,23,5013024768,2001,1999308,325264,7252596,21419,3181809664,8,25167:12;25531:11;25532:13;25533:13;25534:13;25535:14;25536:14;25537:14,103.68673479351733,756520,291633208,2255756
104394545,25167,4316819456,5098962944,4734,2049,1277815,23,5013024768,2001,1999310,325290,7252667,21419,3536207872,8,25167:14;25531:15;25532:13;25533:13;25534:13;25535:12;25536:12;25537:13,97.87177818340193,756520,291633208,2255756
104518854,25167,3998969856,5098962944,4734,2062,1277815,23,5013024768,2001,1999312,325322,7252728,21419,3846062080,8,25167:13;25531:12;25532:12;25533:12;25534:12;25535:12;25536:13;25537:12,104.57817003422588,756520,291633208,2255756
104640529,25167,3646513152,5098962944,4734,2074,1277815,23,5013024768,2001,1999313,325347,7252798,21419,4177883136,8,25167:12;25531:12;25532:12;25533:12;25534:13;25535:13;25536:12;25537:12,98.62366889483286,756520,291633208,2255756
104762442,25167,3323678720,5098962944,4734,2086,1277815,23,5013024768,2001,1999314,325372,7252868,21419,4526010368,8,25167:12;25531:12;25532:12;25533:12;25534:11;25535:12;25536:12;25537:12,98.43100405357741,756520,291633208,2255756
104881407,25167,2965344256,5098962944,4734,2098,1277815,23,5013024768,2001,1999316,325396,7252938,21419,4853440512,8,25167:12;25531:12;25532:12;25533:12;25534:12;25535:12;25536:12;25537:12,100.86948063321523,756520,291633208,2255756
105001504,25167,2675785728,2822361088,4734,2110,1277815,23,5013024768,2001,1999318,325420,7253008,21419,5172862976,8,25167:12;25531:12;25532:12;25533:12;25534:13;25535:12;25536:12;25537:12,99.91974362925245,756520,291633208,2255756
105123473,25167,2364137472,2822361088,4734,2122,1277815,23,5013024768,2001,1999320,325446,7253079,21419,5455966208,8,25167:12;25531:12;25532:12;25533:13;25534:12;25535:12;25536:12;25537:12,98.38564327177684,756520,291633208,2255756
105243940,25167,2079940608,2822361088,4734,2134,1277815,23,5013024768,2001,1999321,325470,7253148,21419,5742993408,8,25167:12;25531:12;25532:12;25533:12;25534:12;25535:12;25536:12;25537:12,99.61192604780726,756520,291633208,2255756
105363721,25167,1795809280,2822361088,4734,2146,1277815,23,5013024768,2001,1999323,325494,7253219,21419,6047240192,8,25167:12;25531:12;25532:12;25533:12;25534:12;25535:12;25536:12;25537:13,100.1831330975835,756520,291633208,2255756
105484536,25167,1444372480,2822361088,4734,2158,1277815,23,5013024768,2001,1999324,325519,7253288,21419,6379380736,8,25167:12;25531:12;25532:12;25533:12;25534:12;25535:12;25536:12;25537:12,99.32545270844534,756520,291633208,2255756
105605564,25167,1166311424,2822361088,4734,2170,1277815,23,5013024768,2001,1999325,325544,7253359,21419,6681489408,8,25167:12;25531:12;25532:13;25533:12;25534:12;25535:12;25536:13;25537:12,99.15034352495582,756520,291633208,2255756
105726574,25167,848527360,2822361088,4734,2182,1277815,23,5013024768,2001,1999328,325569,7253429,21419,6980698112,8,25167:12;25531:13;25532:12;25533:12;25534:12;25535:13;25536:12;25537:12,99.165330372521,756520,291633208,2255756
105848715,25167,535420928,2822361088,4734,2194,1277815,23,5013024768,2001,1999329,325594,7253500,21419,7287799808,8,25167:13;25531:12;25532:12;25533:12;25534:13;25535:12;25536:12;25537:12,98.24713278637898,756520,291633208,2255756
105971153,25167,212758528,2822361088,4734,2207,1277815,23,5013024768,2001,1999331,325608,7253580,21419,7604596736,8,25167:12;25531:12;25532:12;25533:12;25534:12;25535:12;25536:12;25537:12,106.1758567356424,756520,291633208,2255756
106087935,25167,41693184,108822528,4737,2215,1277825,23,5013024768,2001,1999338,325614,7253660,21419,7779176448,8,25167:11;25531:12;25532:12;25533:12;25534:11;25535:11;25536:11;25537:11,94.19317487386785,756520,291633208,2255756
106206589,25167,37593088,104722432,4749,2216,1277843,23,5013024768,2001,1999350,325614,7253739,21419,7782678528,8,25167:13;25531:12;25532:12;25533:12;25534:12;25535:12;25536:12;25537:12,109.56198979035644,756520,291633208,2255756
106321628,25167,37593088,104722432,4760,2216,1277843,23,5013024768,2001,1999363,325615,7253819,21419,7782678528,8,25167:11;25531:11;25532:11;25533:12;25534:12;25535:12;25536:12;25537:12,95.61965325323443,756520,291633208,2255756
