elapsed_us,pid,rss_bytes,vsize_bytes,process_utime_ticks,process_stime_ticks,minor_faults,major_faults,read_bytes,syscr,system_user_ticks,system_ticks,system_idle_ticks,system_iowait_ticks,available_bytes,thread_count,thread_delta_ticks,process_cpu_pct,disk_reads_completed,disk_sectors_read,disk_io_ticks
5979,27233,131072,3534848,0,0,17,0,405504,6,2025530,341576,7573014,22520,7821242368,1,27233:0,0.0,881220,337225888,2481076
112207,27233,9568256,14938112,5,3,1193,21,3149824,336,2025536,341580,7573088,22521,7820173312,1,27233:8,75.30976506704584,881255,337231056,2481108
218720,27233,14102528,19517440,14,4,3111,21,5509120,925,2025545,341582,7573161,22521,7815540736,1,27233:10,93.8849960622755,881274,337235920,2481152
324977,27233,17510400,22708224,24,5,3893,22,5795840,995,2025556,341582,7573234,22521,7812161536,1,27233:11,103.52258560720222,881277,337236480,2481160
430526,27233,18821120,24805376,34,5,4223,22,5795840,995,2025566,341582,7573307,22521,7810871296,1,27233:10,94.74315698600037,881277,337236480,2481160
536175,27233,19083264,24805376,45,5,4242,23,5865472,995,2025578,341582,7573381,22521,7810871296,1,27233:11,104.11780327450302,881278,337236616,2481160
642639,27233,19476480,24805376,56,5,4340,23,5865472,995,2025589,341582,7573455,22521,7810355200,1,27233:11,103.3221169661031,881278,337236616,2481160
748822,27233,23015424,27914240,66,6,5199,23,5865472,995,2025600,341583,7573528,22521,7807057920,1,27233:11,103.59420177225383,881278,337236616,2481160
855001,27233,30224384,35098624,76,6,6942,23,5865472,995,2025611,341589,7573593,22521,7798800384,1,27233:10,94.18109276136931,881278,337236616,2481160
961305,27233,33632256,38498304,86,6,7779,23,5865472,995,2025622,341589,7573666,22521,7795445760,1,27233:10,94.0690958957108,881278,337236616,2481160
1067767,27233,37826560,42762240,97,6,8793,23,5865472,995,2025633,341589,7573740,22521,7791316992,1,27233:11,103.32397744110693,881278,337236616,2481160
1175013,27233,38744064,43302912,107,7,8954,23,5865472,995,2025643,341590,7573814,22521,7790800896,1,27233:11,102.5676219006862,881278,337236616,2481160
1280779,27233,38744064,43302912,118,7,8954,23,5865472,995,2025655,341590,7573888,22521,7790800896,1,27233:11,104.00283364229581,881278,337236616,2481160
1386586,27233,38744064,43302912,128,7,8954,23,5865472,995,2025666,341590,7573961,22521,7790800896,1,27233:10,94.51243684903437,881278,337236616,2481160
1493289,27233,38744064,43302912,139,7,8954,23,5865472,995,2025677,341590,7574035,22521,7790800896,1,27233:11,103.08968598375574,881278,337236616,2481160
1599441,27233,42151936,46706688,149,7,9762,23,5865472,995,2025688,341590,7574108,22521,7787446272,1,27233:10,94.20441885986409,881278,337236616,2481160
1705055,27233,42151936,46706688,159,7,9768,23,5865472,995,2025698,341591,7574182,22521,7787528192,1,27233:11,94.68436304787451,881278,337236616,2481160
1810732,27233,42545152,47157248,170,7,9815,23,5865472,995,2025709,341591,7574255,22521,7787270144,1,27233:10,104.09083215832133,881278,337236616,2481160
1917112,27233,48443392,5037297664,171,12,11246,23,12685312,996,2025710,341596,7574333,22522,7780904960,1,27233:6,56.40175420735935,881291,337248912,2481236
2024052,27233,56569856,5037297664,171,16,13166,23,21073920,996,2025710,341602,7574413,22522,7773081600,1,27233:4,37.40413996876043,881306,337264272,2481312
2130434,27233,64696320,5037297664,171,20,15214,23,28938240,996,2025710,341606,7574492,22522,7765204992,1,27233:5,37.60035935415442,881321,337279632,2481400
2236349,27233,72560640,5037297664,171,25,17134,23,37326848,996,2025711,341611,7574572,22522,7756558336,1,27233:4,47.20747531504593,881337,337296016,2481488
2343266,27233,80949248,5037297664,171,30,19107,23,45191168,996,2025712,341615,7574652,22522,7748681728,1,27233:6,46.76508684725572,881352,337311376,2481560
2449702,27233,88813568,5037297664,172,34,21102,23,53055488,996,2025712,341619,7574731,22522,7740805120,1,27233:4,46.97691656729562,881368,337327760,2481648
2555571,27233,96677888,5037297664,172,37,23022,23,61444096,996,2025713,341623,7574811,22522,7732416512,1,27233:3,28.336736166038463,881383,337343120,2481724
2662218,27233,105066496,5037297664,172,41,25009,23,69308416,996,2025713,341628,7574892,22522,7724486656,1,27233:5,37.50687207942778,881398,337358480,2481820
2768694,27233,112406528,5037297664,173,45,26812,23,77324288,1000,2025714,341631,7574972,22522,7716806656,1,27233:4,46.959213865943866,881416,337374136,2481904
2875514,27233,120401920,5037297664,173,49,28732,23,85188608,1000,2025714,341636,7575053,22522,7708930048,1,27233:4,37.44623142437563,881432,337389496,2481992
2982376,27233,128397312,5037297664,173,53,30780,23,93052928,1000,2025715,341640,7575132,22522,7701053440,1,27233:4,37.43136818276061,881447,337404856,2482080
3088191,27233,136261632,5037297664,173,57,32693,23,100917248,1000,2025716,341644,7575212,22522,7693176832,1,27233:4,37.80174427265536,881463,337420216,2482160
3194348,27233,144125952,5037297664,173,61,34620,23,108781568,1000,2025716,341647,7575292,22522,7685042176,1,27233:4,37.680037101271736,881479,337436600,2482240
3300919,27233,151990272,5037297664,173,65,36540,23,117170176,1000,2025717,341652,7575373,22522,7677169664,1,27233:4,37.53357495572211,881494,337451960,2482328
3407853,27233,160378880,5037297664,173,69,38588,23,125034496,1000,2025717,341655,7575453,22522,7669293056,1,27233:4,37.40619496525895,881509,337467320,2482404
3513672,27233,168243200,5037297664,173,73,40508,23,132898816,1000,2025718,341659,7575532,22522,7661416448,1,27233:4,37.80041966214911,881525,337483704,2482492
3619739,27233,176107520,5037297664,173,77,42428,23,141287424,1000,2025718,341664,7575613,22522,7653027840,1,27233:4,37.71212706135783,881540,337499064,2482576
3726441,27233,184496128,5037297664,173,81,44476,23,149151744,1000,2025718,341668,7575693,22522,7645151232,1,27233:4,37.48749546014715,881555,337514424,2482660
3832446,27233,192360448,5037297664,173,85,46396,23,157016064,1000,2025719,341672,7575773,22522,7637274624,1,27233:4,37.734050637511125,881571,337530808,2482748
3938559,27233,200224768,5037297664,173,89,48316,23,165404672,1000,2025720,341677,7575853,22522,7628689408,1,27233:4,37.69570526421655,881586,337546168,2482828
4045367,27233,208613376,5037297664,173,93,50364,23,173268992,1000,2025720,341680,7575933,22522,7620812800,1,27233:4,37.45039472856483,881601,337561528,2482904
4151295,27233,216477696,5037297664,173,97,52284,23,181133312,1000,2025720,341684,7576013,22522,7612936192,1,27233:4,37.76158286284211,881617,337577912,2482988
4257277,27233,224342016,5037297664,173,101,54204,23,189521920,1000,2025721,341688,7576093,22522,7604547584,1,27233:4,37.74213561458878,881632,337593272,2483068
4364151,27233,232730624,5037297664,173,105,56252,23,197386240,1000,2025721,341692,7576173,22522,7596670976,1,27233:4,37.427311015752146,881648,337609656,2483152
4469988,27233,240594944,5037297664,173,109,58172,23,205250560,1000,2025722,341696,7576253,22522,7588794368,1,27233:4,37.794035827139716,881663,337623992,2483232
4575970,27233,248459264,5037297664,173,113,60092,23,213114880,1000,2025722,341700,7576333,22522,7580917760,1,27233:4,37.74219473013661,881679,337640376,2483316
4682205,27233,256192512,5037297664,173,117,61974,23,220819456,1006,2025723,341704,7576412,22523,7573086208,1,27233:4,37.652504881835526,881697,337655424,2483408
4788391,27233,263532544,5037297664,173,121,63755,23,228491264,1021,2025723,341709,7576491,22524,7565275136,1,27233:4,37.669584348626735,881719,337670408,2483484
4895158,27233,270348288,5037297664,173,124,65434,23,235470848,1042,2025723,341713,7576570,22526,7558889472,1,27233:3,28.098505041518067,881742,337684048,2483576
5000561,27233,277164032,5037297664,173,127,67091,23,243728384,1045,2025724,341717,7576650,22527,7551639552,1,27233:3,28.462193113874072,881759,337699144,2483660
5107360,27233,285552640,5037297664,173,131,69132,23,251592704,1045,2025724,341720,7576730,22527,7543762944,1,27233:4,37.45384282045415,881774,337714504,2483736
5213451,27233,293416960,5037297664,173,134,71059,23,259457024,1045,2025724,341723,7576810,22527,7535886336,1,27233:3,28.27751930711255,881789,337729864,2483812
5319252,27233,301281280,5037297664,174,138,72979,23,267321344,1045,2025725,341726,7576890,22527,7528009728,1,27233:5,47.25835832591614,881805,337746248,2483888
5425618,27233,309014528,5037297664,174,141,74866,23,275574784,1047,2025726,341730,7576971,22527,7519768576,1,27233:3,28.2044895060261,881820,337761344,2483972
5532520,27233,317403136,5037297664,174,145,76914,23,283439104,1047,2025726,341733,7577051,22527,7511891968,1,27233:4,37.41772707102021,881835,337776704,2484044
5638570,27233,325267456,5037297664,174,149,78722,23,291303424,1047,2025727,341737,7577132,22527,7504015360,1,27233:4,37.71802444341091,881851,337792064,2484124
5745122,27233,333131776,5037297664,174,153,80754,23,299167744,1047,2025728,341741,7577212,22527,7495880704,1,27233:4,37.54016492633278,881867,337808448,2484212
5851353,27233,340996096,5037297664,174,156,82674,23,307032064,1047,2025728,341746,7577291,22527,7487438848,1,27233:3,28.240409020528855,881882,337823808,2484304
5957864,27233,347811840,5037297664,174,160,84343,23,313679872,1067,2025728,341756,7577361,22530,7479951360,1,27233:4,37.554923606337724,881907,337837832,2484384
6064281,27233,354496512,5037297664,174,163,85966,23,321945600,1076,2025729,341759,7577441,22532,7472939008,1,27233:3,28.19087352607189,881924,337851912,2484472
6171104,27233,362885120,5037297664,174,167,88014,23,329809920,1076,2025729,341762,7577521,22532,7465062400,1,27233:4,37.44510652697508,881939,337867272,2484544
6276771,27233,370749440,5037297664,174,170,89934,23,337674240,1076,2025729,341766,7577601,22532,7457443840,1,27233:3,28.39119612099794,881954,337882632,2484624
6382423,27233,378613760,5037297664,174,174,91854,23,345538560,1076,2025729,341770,7577680,22532,7449567232,1,27233:4,37.860182968988546,881969,337897992,2484700
6488155,27233,386347008,5037297664,174,178,93741,23,353267712,1078,2025730,341773,7577760,22532,7441321984,1,27233:4,37.83128418133371,881985,337914112,2484784
6594929,27233,394735616,5037297664,174,181,95714,23,361656320,1078,2025730,341777,7577842,22532,7433449472,1,27233:4,28.096871344070216,882000,337929472,2484868
6701351,27233,402599936,5037297664,174,185,97709,23,369520640,1078,2025731,341780,7577921,22532,7425572864,1,27233:3,37.586168169837755,882015,337944832,2484948
6807246,27233,410464256,5037297664,174,189,99629,23,377384960,1078,2025731,341784,7578001,22532,7417696256,1,27233:4,37.77332090364436,882031,337961216,2485028
6913442,27233,418328576,5037297664,174,192,101549,23,385773568,1078,2025732,341789,7578082,22532,7409307648,1,27233:3,28.249605301222996,882046,337976576,2485120
7020331,27233,425668608,5037297664,175,195,103307,23,392192000,1099,2025732,341791,7578161,22534,7402229760,1,27233:4,37.421854980769375,882068,337990648,2485212
7127381,27233,432353280,5037297664,176,198,104988,23,399851520,1110,2025732,341793,7578239,22536,7395266560,1,27233:4,37.36561852307872,882089,338005096,2485296
7233808,27233,440217600,5037297664,176,202,106908,23,408240128,1110,2025732,341798,7578321,22536,7387394048,1,27233:4,37.58443166396286,882104,338020456,2485376
7340699,27233,448606208,5037297664,176,205,108956,23,416104448,1110,2025732,341802,7578401,22536,7379517440,1,27233:4,28.065986614713534,882119,338035816,2485460
7446609,27233,456470528,5037297664,176,209,110876,23,423968768,1110,2025733,341805,7578481,22536,7371124736,1,27233:3,37.76798569310934,882135,338052200,2485540
7553107,27233,464728064,5037297664,176,213,112869,23,432222208,1112,2025734,341809,7578562,22536,7363141632,1,27233:4,37.55930226497335,882150,338067296,2485612
7659308,27233,472592384,5037297664,176,217,114811,23,440086528,1112,2025734,341812,7578641,22536,7354748928,1,27233:4,37.6646922803586,882166,338083680,2485696
7765922,27233,480718848,5037297664,176,220,116731,23,448475136,1112,2025734,341816,7578723,22536,7346876416,1,27233:3,28.138948740693404,882181,338099040,2485776
7872723,27233,488845312,5037297664,176,224,118779,23,456339456,1112,2025735,341821,7578802,22536,7339442176,1,27233:4,37.45268835958836,882197,338115424,2485852
7978627,27233,496709632,5037297664,176,228,120699,23,464728064,1112,2025735,341824,7578882,22536,7331106816,1,27233:4,37.770007039479495,882212,338130784,2485932
8084816,27233,504049664,5037297664,177,231,122519,23,471142400,1131,2025736,341826,7578961,22538,7323807744,1,27233:4,37.668726584118986,882232,338144920,2486024
8190778,27233,510734336,5037297664,177,233,124138,23,478801920,1144,2025736,341828,7579039,22541,7317520384,1,27233:2,18.87474080262193,882254,338158272,2486116
8296419,27233,518598656,5037297664,178,237,126058,23,486666240,1144,2025737,341831,7579119,22541,7309643776,1,27233:5,47.32980212621374,882269,338173632,2486192
8402221,27233,526462976,5037297664,178,240,127978,23,494530560,1144,2025738,341834,7579198,22541,7301201920,1,27233:3,28.354903239034474,882285,338190016,2486268
8508475,27233,534327296,5037297664,178,244,129898,23,502919168,1144,2025738,341838,7579279,22541,7293378560,1,27233:4,37.64569861800476,882300,338205376,2486344
8614575,27233,542715904,5037297664,178,247,131889,23,510648320,1146,2025738,341841,7579359,22541,7285420032,1,27233:3,28.27507641834216,882316,338221496,2486424
8720593,27233,550449152,5037297664,178,251,133833,23,518512640,1146,2025739,341844,7579439,22541,7277207552,1,27233:4,37.72957171012566,882332,338236856,2486500
8826648,27233,558313472,5037297664,178,255,135753,23,526901248,1146,2025740,341848,7579519,22541,7269384192,1,27233:4,37.716453903907095,882347,338252216,2486576
8932661,27233,566439936,5037297664,178,258,137673,23,534765568,1146,2025740,341852,7579599,22541,7261507584,1,27233:4,28.298335351366234,882362,338267576,2486660
9038712,27233,574566400,5037297664,178,262,139721,23,542629888,1146,2025741,341856,7579679,22541,7253630976,1,27233:3,37.71769830386339,882377,338282936,2486744
9144488,27233,582037504,5037297664,178,266,141548,23,549183488,1163,2025742,341860,7579758,22543,7246282752,1,27233:4,37.815637197079255,882397,338296760,2486816
9250001,27233,588066816,5037297664,178,269,143031,23,557232128,1179,2025742,341863,7579836,22545,7239598080,1,27233:3,28.432689502880393,882420,338311456,2486892
9356287,27233,596455424,5037297664,178,273,145079,23,565096448,1179,2025743,341867,7579916,22545,7231721472,1,27233:4,37.634010359457584,882435,338326816,2486976
9461785,27233,603795456,5037297664,178,276,146871,23,572960768,1179,2025743,341871,7579995,22547,7223844864,1,27233:3,28.43658634136729,882451,338342184,2487060
9568000,27233,612184064,5037297664,178,280,148919,23,580825088,1179,2025744,341874,7580075,22547,7215968256,1,27233:4,37.65947634912391,882466,338357544,2487144
9673540,27233,620048384,5037297664,178,283,150839,23,588689408,1179,2025744,341878,7580155,22547,7207292928,1,27233:3,28.42528120633255,882482,338373928,2487224
9779784,27233,628305920,5037297664,178,286,152843,23,596942848,1181,2025744,341881,7580236,22547,7199850496,1,27233:4,28.237064349041212,882497,338389024,2487308
9885520,27233,636170240,5037297664,178,290,154774,23,604807168,1181,2025745,341884,7580316,22547,7191973888,1,27233:3,37.82976322824068,882512,338404384,2487400
9991033,27233,644034560,5037297664,178,294,156694,23,612671488,1181,2025745,341888,7580395,22547,7184097280,1,27233:4,37.90998355910355,882528,338420768,2487488
10096805,27233,651898880,5037297664,178,297,158614,23,620535808,1181,2025746,341892,7580476,22547,7175655424,1,27233:3,28.3630683390452,882543,338436128,2487568
10203031,27233,659632128,5037297664,178,301,160488,23,628092928,1190,2025746,341896,7580555,22548,7167782912,1,27233:4,37.655621268798626,882560,338450888,2487644
10309257,27233,666054656,5037297664,178,304,162053,23,635138048,1214,2025747,341900,7580633,22551,7162183680,1,27233:3,28.24154978705165,882586,338464648,2487736
10414851,27233,673918976,5037297664,178,307,163973,23,643002368,1214,2025747,341903,7580713,22551,7154307072,1,27233:3,28.4107562744445,882601,338480008,2487816
10520515,27233,681783296,5037297664,178,311,165893,23,650866688,1214,2025748,341906,7580794,22551,7145914368,1,27233:4,37.85582344649638,882616,338495368,2487892
10626563,27233,689647616,5037297664,178,314,167813,23,659255296,1214,2025748,341910,7580874,22551,7138041856,1,27233:3,28.289085180774045,882631,338510728,2487976
10732672,27233,697511936,5037297664,178,317,169733,23,667119616,1214,2025749,341913,7580955,22551,7130165248,1,27233:3,28.27268937275879,882646,338526088,2488060
10838805,27233,705769472,5037297664,178,321,171748,23,674848768,1216,2025750,341918,7581035,22551,7122374656,1,27233:4,37.68867598974586,882661,338541184,2488148
10944425,27233,713633792,5037297664,178,325,173668,23,682713088,1216,2025750,341923,7581113,22551,7113981952,1,27233:4,37.87157865081403,882676,338556544,2488236
11049987,27233,721498112,5037297664,178,328,175588,23,690577408,1216,2025750,341932,7581186,22551,7105073152,1,27233:3,28.41925617560857,882692,338572928,2488320
11155917,27233,729362432,5037297664,178,332,177508,23,698441728,1216,2025750,341936,7581266,22551,7096631296,1,27233:4,37.76078114670656,882707,338588288,2488396
11262031,27233,737488896,5037297664,178,335,179421,23,706310144,1219,2025751,341939,7581346,22551,7089094656,1,27233:3,28.27173472065877,882724,338603400,2488484
11367855,27233,743911424,5037297664,178,338,181078,23,713039872,1248,2025752,341942,7581424,22554,7082094592,1,27233:3,28.348740842482623,882755,338616800,2488564
11473803,27233,752300032,5037297664,178,342,183023,23,721428480,1248,2025752,341946,7581504,22554,7074287616,1,27233:4,37.75438040243357,882770,338632160,2488652
11579815,27233,760164352,5037297664,178,345,185042,23,729292800,1248,2025752,341950,7581584,22554,7066411008,1,27233:3,28.29874723332581,882786,338648544,2488728
11685392,27233,768159744,5037297664,178,349,186962,23,737681408,1248,2025753,341953,7581665,22554,7058022400,1,27233:4,37.887032972582794,882801,338663904,2488808
11791556,27233,776417280,5037297664,178,352,189010,23,745545728,1248,2025754,341957,7581745,22554,7049887744,1,27233:3,28.25819775261988,882816,338679264,2488884
11897101,27233,784150528,5037297664,178,356,190897,23,753799168,1250,2025754,341961,7581825,22554,7041630208,1,27233:4,37.89854931648687,882832,338695384,2488976
12003214,27233,792145920,5037297664,178,359,192817,23,761663488,1250,2025755,341965,7581906,22554,7033753600,1,27233:3,28.27184582254216,882847,338710744,2489064
12109216,27233,800403456,5037297664,178,363,194865,23,769527808,1250,2025755,341969,7581986,22554,7025876992,1,27233:4,37.73494021412861,882862,338726104,2489144
12214924,27233,808267776,5037297664,178,366,196785,23,777392128,1250,2025756,341972,7582066,22554,7018258432,1,27233:3,28.38015094891447,882877,338741464,2489224
12320440,27233,815476736,5037297664,178,370,198554,23,784551936,1253,2025756,341975,7582145,22554,7011000320,1,27233:4,37.90896535373609,882895,338757496,2489300
12426421,27233,822423552,5037297664,178,373,200230,23,791498752,1282,2025756,341980,7582223,22557,7003742208,1,27233:3,28.30695747649588,882922,338771064,2489380
12532138,27233,829763584,5037297664,178,376,202016,23,799887360,1283,2025757,341983,7582303,22557,6996635648,1,27233:3,28.377522527638142,882937,338786424,2489460
12637737,27233,837627904,5037297664,178,380,203936,23,807751680,1283,2025758,341986,7582383,22557,6988193792,1,27233:4,37.87910963599757,882952,338801784,2489544
12743744,27233,846016512,5037297664,178,383,205984,23,816140288,1283,2025758,341990,7582464,22557,6980370432,1,27233:3,28.300182106955162,882967,338817144,2489628
12849328,27233,853880832,5037297664,178,387,207904,23,824004608,1283,2025758,341994,7582543,22557,6972493824,1,27233:4,37.88456599261247,882983,338833528,2489716
12955046,27233,862007296,5037297664,178,390,209825,23,832258048,1285,2025759,341998,7582624,22557,6964252672,1,27233:4,28.377198001984187,882998,338848624,2489796
13060977,27233,870002688,5037297664,178,394,211839,23,840122368,1285,2025759,342002,7582704,22557,6956376064,1,27233:3,37.760483853777586,883014,338863984,2489884
13166402,27233,877867008,5037297664,178,397,213759,23,847986688,1285,2025759,342006,7582784,22557,6948757504,1,27233:3,28.456197503236158,883029,338879344,2489976
13271824,27233,885731328,5037297664,178,401,215679,23,855851008,1285,2025760,342010,7582864,22557,6940880896,1,27233:4,37.94300641714891,883045,338895728,2490052
13377509,27233,893595648,5037297664,178,404,217599,23,863584256,1285,2025760,342013,7582945,22557,6932365312,1,27233:3,28.385991271080595,883060,338911088,2490132
13483403,27233,900804608,5037297664,178,407,219287,23,870584320,1315,2025760,342014,7583023,22560,6925705216,1,27233:3,28.33036950451034,883086,338924512,2490232
13589440,27233,907620352,5037297664,178,410,221038,23,878317568,1318,2025761,342018,7583102,22561,6918193152,1,27233:3,28.292041962568028,883103,338939608,2490316
13695386,27233,915484672,5037297664,178,414,222958,23,886706176,1318,2025762,342022,7583182,22561,6910062592,1,27233:4,37.755004378636634,883118,338954968,2490404
13801471,27233,923873280,5037297664,178,418,224934,23,894570496,1318,2025762,342026,7583263,22561,6902185984,1,27233:4,37.70563972491247,883133,338970328,2490484
13907457,27233,931737600,5037297664,178,421,226926,23,902434816,1318,2025762,342030,7583343,22561,6894567424,1,27233:3,28.305744651820614,883148,338985688,2490568
14012895,27233,939470848,5037297664,178,425,228813,23,910688256,1320,2025762,342033,7583423,22561,6886326272,1,27233:4,37.93697874946857,883164,339001808,2490644
14119056,27233,947728384,5037297664,178,428,230743,23,918552576,1320,2025763,342037,7583503,22561,6878449664,1,27233:3,28.258974207148796,883179,339017168,2490724
14225006,27233,955723776,5037297664,178,431,232781,23,926416896,1320,2025763,342041,7583584,22561,6870573056,1,27233:4,28.31505061975983,883194,339032528,2490808
14330602,27233,963588096,5037297664,178,435,234701,23,934281216,1320,2025763,342044,7583664,22561,6862180352,1,27233:3,37.880245694303994,883210,339048912,2490884
14436503,27233,971452416,5037297664,178,438,236621,23,942669824,1320,2025764,342047,7583744,22561,6854307840,1,27233:3,28.328474669428655,883225,339064272,2490960
14542425,27233,978530304,5037297664,178,442,238354,23,949002240,1343,2025764,342049,7583822,22564,6847135744,1,27233:4,37.76345485462052,883248,339078112,2491052
14648472,27233,985608192,5037297664,178,445,240060,23,956743680,1352,2025764,342052,7583901,22566,6840721408,1,27233:3,28.289396223376922,883268,339092784,2491136
14754014,27233,993472512,5037297664,178,448,241980,23,964608000,1352,2025765,342056,7583981,22566,6832328704,1,27233:3,28.424585538275803,883283,339108144,2491220
14859891,27233,1001467904,5037297664,178,452,243900,23,972996608,1352,2025765,342061,7584061,22566,6824517632,1,27233:4,37.77999498073877,883299,339123504,2491304
14965935,27233,1009725440,5037297664,178,455,245948,23,980860928,1352,2025765,342064,7584141,22566,6816641024,1,27233:3,28.290096761183754,883315,339139888,2491396
15071612,27233,1017851904,5037297664,178,459,247867,23,989114368,1354,2025766,342068,7584222,22566,6808338432,1,27233:4,37.8510773774529,883330,339154984,2491472
15177533,27233,1025847296,5037297664,178,463,249883,23,996978688,1354,2025766,342072,7584302,22566,6800461824,1,27233:4,37.764078417750824,883345,339170344,2491556
15283204,27233,1033711616,5037297664,178,466,251803,23,1004843008,1354,2025766,342076,7584382,22566,6792585216,1,27233:3,28.389964783384286,883361,339186728,2491644
15388805,27233,1041575936,5037297664,178,470,253723,23,1012707328,1354,2025767,342080,7584462,22566,6783934464,1,27233:4,37.87833269314216,883376,339202088,2491724
15494914,27233,1049440256,5037297664,178,473,255643,23,1021095936,1354,2025768,342082,7584543,22566,6776061952,1,27233:3,28.272878019429104,883391,339217448,2491796
15600741,27233,1056780288,5037297664,178,476,257463,23,1027526656,1374,2025768,342084,7584621,22568,6768824320,1,27233:3,28.34819410239067,883412,339231616,2491888
15706728,27233,1063464960,5037297664,178,479,259081,23,1035173888,1387,2025768,342088,7584700,22570,6762541056,1,27233:3,28.30518835234706,883434,339245968,2491976
15812356,27233,1071329280,5037297664,178,483,261001,23,1043562496,1387,2025769,342091,7584780,22570,6754152448,1,27233:4,37.86888961088031,883449,339261328,2492052
15918369,27233,1079717888,5037297664,178,486,262971,23,1051426816,1387,2025770,342094,7584860,22570,6746275840,1,27233:4,28.298424506911037,883464,339276688,2492132
16024283,27233,1087582208,5037297664,178,490,264969,23,1059291136,1387,2025770,342099,7584939,22570,6738399232,1,27233:3,37.76663385123851,883480,339293072,2492220
16131321,27233,1095577600,5037297664,178,493,266894,23,1067544576,1389,2025770,342108,7585012,22570,6729371648,1,27233:3,28.027202754558328,883495,339308168,2492308
16237267,27233,1103704064,5037297664,178,497,268904,23,1075408896,1389,2025771,342112,7585092,22570,6721507328,1,27233:4,37.755390320558085,883511,339324552,2492396
16342829,27233,1111568384,5037297664,178,500,270824,23,1083273216,1389,2025771,342115,7585173,22570,6712832000,1,27233:3,28.419346094718613,883526,339339912,2492476
16448652,27233,1119825920,5037297664,178,503,272754,23,1091661824,1389,2025772,342119,7585253,22570,6705242112,1,27233:4,28.349086952451795,883541,339355272,2492560
16554710,27233,1127821312,5037297664,178,507,274792,23,1099526144,1389,2025772,342122,7585334,22570,6697365504,1,27233:3,37.715282841709275,883557,339371656,2492648
16660448,27233,1135292416,5037297664,178,510,276617,23,1106604032,1406,2025773,342124,7585412,22572,6689394688,1,27233:3,28.371942471611934,883577,339385480,2492740
16766400,27233,1141846016,5037297664,178,513,278231,23,1114128384,1422,2025773,342126,7585491,22574,6683328512,1,27233:3,28.314838961429828,883600,339400176,2492836
16871844,27233,1149710336,5037297664,178,516,280150,23,1121992704,1422,2025774,342130,7585562,22582,6675095552,1,27233:3,28.45098012773011,883615,339414768,2492904
16977243,27233,1157574656,5037297664,178,519,282071,23,1129857024,1422,2025774,342134,7585641,22584,6667292672,1,27233:4,28.46330704006882,883631,339430208,2492988
17082928,27233,1165438976,5037297664,178,523,283991,23,1137721344,1422,2025774,342138,7585721,22584,6658998272,1,27233:3,37.84821254435858,883647,339446592,2493068
17189456,27233,1173303296,5037297664,178,526,285911,23,1145974784,1422,2025775,342141,7585802,22584,6651146240,1,27233:3,28.161697860503242,883662,339461952,2493148
17296420,27233,1181560832,5037297664,178,530,287926,23,1153839104,1424,2025775,342144,7585883,22584,6643109888,1,27233:4,37.39558731321792,883677,339477048,2493228
17402030,27233,1189425152,5037297664,178,533,289846,23,1161703424,1424,2025776,342148,7585963,22584,6635307008,1,27233:3,28.406552880431562,883693,339493432,2493316
17508108,27233,1197289472,5037297664,178,536,291766,23,1170092032,1424,2025776,342152,7586045,22584,6626938880,1,27233:4,28.281129243997054,883709,339508792,2493400
17614935,27233,1205678080,5037297664,178,540,293814,23,1177956352,1424,2025776,342156,7586125,22584,6619136000,1,27233:3,37.44350009857001,883724,339524152,2493480
17720717,27233,1213673472,5037297664,178,543,295685,23,1185017856,1440,2025777,342158,7586205,22586,6611398656,1,27233:3,28.360275516295268,883744,339538968,2493576
17827701,27233,1219833856,5037297664,178,546,297190,23,1192558592,1456,2025778,342160,7586283,22588,6605287424,1,27233:3,28.0415238885742,883767,339552672,2493668
17934042,27233,1227698176,5037297664,178,549,299173,23,1200422912,1456,2025778,342164,7586363,22588,6597152768,1,27233:3,28.211153070603928,883784,339569056,2493760
18040544,27233,1235562496,5037297664,178,553,301093,23,1208811520,1456,2025778,342168,7586445,22588,6588764160,1,27233:4,37.558023860537446,883799,339584416,2493848
18147365,27233,1243951104,5037297664,178,556,303141,23,1216675840,1456,2025779,342171,7586526,22588,6580887552,1,27233:3,28.08439961217316,883814,339599776,2493924
18253187,27233,1251815424,5037297664,178,559,305061,23,1224540160,1456,2025779,342174,7586606,22588,6573010944,1,27233:3,28.349466290112673,883830,339616160,2494016
18359135,27233,1260072960,5037297664,178,563,307071,23,1232793600,1458,2025780,342178,7586687,22588,6564769792,1,27233:4,37.754351181894776,883845,339631256,2494100
18465088,27233,1267937280,5037297664,178,566,308996,23,1240657920,1458,2025780,342181,7586767,22588,6556635136,1,27233:3,28.314471506566875,883861,339647640,2494180
18571831,27233,1276325888,5037297664,178,570,310977,23,1249046528,1458,2025781,342185,7586848,22588,6548504576,1,27233:4,37.47328681618102,883876,339663000,2494268
18678186,27233,1284190208,5037297664,178,573,312964,23,1256910848,1458,2025781,342188,7586928,22588,6540627968,1,27233:3,28.207274007199157,883892,339679384,2494352
18784228,27233,1292054528,5037297664,178,576,314910,23,1263964160,1467,2025782,342191,7587008,22590,6532440064,1,27233:3,28.290863497696396,883910,339694184,2494436
18890705,27233,1298739200,5037297664,178,580,316531,23,1271943168,1490,2025782,342194,7587087,22592,6525726720,1,27233:4,37.56650386439581,883936,339707720,2494524
18997346,27233,1307127808,5037297664,178,583,318579,23,1279807488,1490,2025783,342198,7587167,22592,6517850112,1,27233:3,28.131835420623307,883952,339724104,2494612
19103320,27233,1314992128,5037297664,178,586,320499,23,1288196096,1490,2025783,342202,7587249,22592,6509461504,1,27233:3,28.308749527703895,883967,339739464,2494692
19210045,27233,1323380736,5037297664,178,590,322547,23,1296060416,1490,2025784,342205,7587329,22592,6501584896,1,27233:4,37.479621744038674,883982,339754824,2494776
19315729,27233,1331245056,5037297664,178,593,324467,23,1303924736,1490,2025784,342208,7587409,22592,6492909568,1,27233:3,28.386573313572367,883998,339771208,2494860
19422341,27233,1339502592,5037297664,178,597,326482,23,1312178176,1492,2025784,342212,7587490,22592,6485405696,1,27233:4,37.519214175817154,884013,339786304,2494936
19528065,27233,1347366912,5037297664,178,600,328402,23,1320042496,1492,2025785,342215,7587571,22592,6476963840,1,27233:3,28.375643656548245,884029,339802688,2495024
19634736,27233,1355362304,5037297664,178,603,330322,23,1328431104,1492,2025786,342218,7587653,22592,6469140480,1,27233:3,28.124033587895838,884044,339818048,2495108
19741407,27233,1363619840,5037297664,178,607,332370,23,1336295424,1492,2025786,342222,7587733,22592,6461005824,1,27233:4,37.49821403037489,884059,339833408,2495196
19847126,27233,1371090944,5037297664,179,610,334188,23,1343377408,1501,2025786,342225,7587812,22593,6453411840,1,27233:4,37.83648733089207,884077,339848224,2495272
19952681,27233,1376727040,5037297664,179,612,335553,23,1350926336,1524,2025786,342229,7587890,22596,6447030272,1,27233:2,18.94744229613291,884103,339861984,2495360
20059519,27233,1385115648,5037297664,179,616,337601,23,1358790656,1524,2025787,342232,7587971,22596,6439411712,1,27233:4,37.43967438864943,884118,339877344,2495444
20165167,27233,1392979968,5037297664,179,619,339521,23,1367179264,1524,2025788,342236,7588051,22596,6431023104,1,27233:3,28.396313106002168,884134,339893728,2495528
20271870,27233,1401368576,5037297664,179,622,341569,23,1375043584,1524,2025788,342238,7588132,22596,6423146496,1,27233:4,28.115467714253988,884149,339909088,2495612
20377816,27233,1409232896,5037297664,179,626,343489,23,1382907904,1524,2025788,342242,7588213,22596,6415269888,1,27233:3,37.754826199433076,884165,339925472,2495696
20483995,27233,1417228288,5037297664,179,629,345376,23,1391161344,1526,2025789,342245,7588294,22596,6407028736,1,27233:3,28.25430574193325,884181,339940568,2495772
20590841,27233,1425354752,5037297664,179,633,347424,23,1399025664,1526,2025790,342249,7588374,22596,6399152128,1,27233:4,37.43708977840912,884196,339955928,2495860
20696353,27233,1433219072,5037297664,179,636,349344,23,1406889984,1526,2025790,342252,7588455,22596,6391275520,1,27233:3,28.432566084960374,884212,339972312,2495936
20802866,27233,1441083392,5037297664,179,639,351264,23,1415278592,1526,2025791,342256,7588536,22596,6382886912,1,27233:3,28.165619928956165,884227,339987672,2496024
20909400,27233,1448685568,5037297664,179,643,353144,23,1422311424,1532,2025792,342259,7588615,22597,6375452672,1,27233:4,37.546874926666256,884244,340003040,2496108
21015765,27233,1455239168,5037297664,179,646,354703,23,1429352448,1558,2025792,342262,7588693,22600,6368829440,1,27233:3,28.204732398716875,884270,340016184,2496196
21122377,27233,1463103488,5037297664,179,649,356623,23,1437741056,1558,2025793,342268,7588771,22600,6360535040,1,27233:3,28.139432803020398,884285,340031544,2496272
21229253,27233,1471492096,5037297664,179,652,358671,23,1445605376,1558,2025793,342275,7588846,22600,6351958016,1,27233:3,28.069903341100712,884300,340046904,2496356
21335225,27233,1479356416,5037297664,179,656,360591,23,1453469696,1558,2025794,342278,7588926,22600,6344155136,1,27233:4,37.74594930288705,884316,340063288,2496436
21440906,27233,1487220736,5037297664,179,659,362511,23,1461858304,1558,2025794,342281,7589007,22600,6335787008,1,27233:3,28.387121535089232,884331,340078648,2496524
21547764,27233,1495478272,5037297664,179,662,364526,23,1469587456,1560,2025795,342285,7589088,22600,6328008704,1,27233:3,28.074664495359634,884346,340093744,2496596
21653365,27233,1503342592,5037297664,179,666,366446,23,1477451776,1560,2025795,342288,7589168,22600,6319456256,1,27233:4,37.87860207276635,884362,340110128,2496680
21760038,27233,1511731200,5037297664,179,669,368404,23,1485840384,1560,2025796,342291,7589249,22600,6311604224,1,27233:3,28.1232756037793,884377,340125488,2496760
21866541,27233,1519595520,5037297664,179,673,370414,23,1493704704,1560,2025796,342294,7589330,22600,6303940608,1,27233:4,37.55770083473492,884392,340140848,2496852
21972167,27233,1527328768,5037297664,179,676,372292,23,1501048832,1563,2025797,342297,7589409,22602,6296031232,1,27233:3,28.401902484396775,884408,340155960,2496932
22077910,27233,1533620224,5037297664,179,678,373826,23,1508306944,1593,2025798,342297,7589487,22604,6289891328,1,27233:2,18.913875610665208,884436,340169368,2497036
22184164,27233,1541484544,5037297664,179,681,375772,23,1516171264,1593,2025798,342301,7589568,22604,6281969664,1,27233:3,28.234207532474347,884451,340184728,2497116
22289987,27233,1549348864,5037297664,179,685,377692,23,1524035584,1593,2025798,342305,7589648,22604,6273835008,1,27233:4,37.79884189640267,884467,340201112,2497200
22396615,27233,1557213184,5037297664,179,688,379612,23,1532424192,1593,2025799,342308,7589730,22604,6265765888,1,27233:3,28.135375271323486,884482,340216472,2497292
22503450,27233,1565601792,5037297664,179,691,381660,23,1540288512,1593,2025800,342312,7589811,22604,6257889280,1,27233:3,28.080544286313124,884497,340231832,2497376
22609380,27233,1573335040,5037297664,179,695,383547,23,1548017664,1595,2025800,342315,7589891,22604,6249533440,1,27233:4,37.76085529243498,884513,340247952,2497456
22716231,27233,1581723648,5037297664,179,698,385520,23,1556406272,1595,2025801,342318,7589973,22604,6241710080,1,27233:3,28.076558373228483,884528,340263312,2497544
22822777,27233,1589587968,5037297664,179,701,387515,23,1564270592,1595,2025802,342321,7590053,22604,6233833472,1,27233:3,28.156896308118434,884543,340278672,2497636
22928701,27233,1597452288,5037297664,179,705,389435,23,1572134912,1595,2025802,342324,7590133,22604,6225956864,1,27233:4,37.76290510935316,884559,340295056,2497712
23035315,27233,1605185536,5037297664,179,708,391331,23,1580396544,1598,2025803,342328,7590214,22605,6217691136,1,27233:3,28.138739970860644,884575,340310168,2497796
23142288,27233,1612132352,5037297664,179,711,393009,23,1586737152,1628,2025803,342333,7590292,22608,6211403776,1,27233:3,28.04458198587686,884602,340323576,2497868
23247906,27233,1619865600,5037297664,179,714,394922,23,1595125760,1628,2025804,342336,7590372,22608,6203531264,1,27233:3,28.404177201618186,884617,340338936,2497944
23353854,27233,1627729920,5037297664,179,717,396842,23,1602990080,1628,2025804,342340,7590453,22608,6195654656,1,27233:3,28.31579652680139,884633,340355320,2498028
23459482,27233,1635594240,5037297664,179,721,398762,23,1610854400,1628,2025804,342343,7590533,22608,6186979328,1,27233:4,37.86862108639754,884648,340370680,2498112
23565965,27233,1643589632,5037297664,179,724,400682,23,1619243008,1628,2025804,342347,7590615,22608,6179389440,1,27233:3,28.173621066768806,884664,340386040,2498204
23672655,27233,1651716096,5037297664,179,727,402697,23,1626972160,1630,2025804,342351,7590695,22608,6171402240,1,27233:3,28.11890461232424,884680,340402160,2498292
23779227,27233,1659973632,5037297664,179,730,404617,23,1635360768,1630,2025805,342355,7590777,22608,6163271680,1,27233:4,28.149994203916194,884695,340417520,2498372
23885781,27233,1667969024,5037297664,179,734,406665,23,1643225088,1630,2025805,342358,7590857,22608,6155395072,1,27233:3,37.53937223208131,884711,340433904,2498456
23991486,27233,1675833344,5037297664,179,737,408585,23,1651613696,1630,2025806,342362,7590938,22608,6147006464,1,27233:3,28.381012251373463,884726,340449264,2498532
24098075,27233,1684221952,5037297664,179,740,410609,23,1658826752,1633,2025806,342366,7591018,22609,6139265024,1,27233:3,28.145372500158505,884742,340464376,2498624
24203490,27233,1691037696,5037297664,179,743,412286,23,1665691648,1661,2025807,342368,7591095,22612,6132420608,1,27233:3,28.45898711334375,884769,340478800,2498716
24309609,27233,1698377728,5037297664,179,746,414072,23,1674080256,1662,2025808,342372,7591176,22613,6125092864,1,27233:3,28.27014715148725,884784,340493144,2498800
24415674,27233,1706242048,5037297664,179,750,415992,23,1681944576,1662,2025808,342375,7591256,22613,6117216256,1,27233:4,37.71276421975096,884800,340509528,2498876
24521396,27233,1714106368,5037297664,179,753,417912,23,1689808896,1662,2025809,342378,7591337,22613,6108827648,1,27233:3,28.376202728899692,884815,340524888,2498968
24628035,27233,1721970688,5037297664,179,756,419832,23,1698197504,1662,2025809,342381,7591418,22613,6100951040,1,27233:3,28.13233031823208,884830,340540248,2499056
24734719,27233,1730228224,5037297664,179,759,421847,23,1705926656,1664,2025810,342384,7591499,22613,6092963840,1,27233:3,28.12040907958892,884846,340556368,2499136
24840620,27233,1738092544,5037297664,179,762,423767,23,1714315264,1664,2025810,342388,7591580,22613,6084575232,1,27233:3,28.32859718533668,884861,340571728,2499220
24947422,27233,1746481152,5037297664,179,766,425815,23,1722179584,1664,2025810,342391,7591661,22613,6076698624,1,27233:4,37.45245481085115,884876,340587088,2499304
25053437,27233,1754345472,5037297664,179,769,427735,23,1730043904,1664,2025811,342394,7591741,22613,6068822016,1,27233:3,28.2978572843599,884892,340603472,2499392
25159347,27233,1762209792,5037297664,179,772,429655,23,1737777152,1664,2025811,342397,7591822,22613,6060564480,1,27233:3,28.32572181846791,884907,340618832,2499472
25265583,27233,1769287680,5037297664,179,775,431294,23,1744773120,1693,2025811,342402,7591900,22616,6053584896,1,27233:3,28.23906871768403,884933,340632248,2499556
25372583,27233,1776234496,5037297664,179,778,433094,23,1753030656,1696,2025812,342404,7591980,22617,6046396416,1,27233:3,28.037462049309127,884950,340647344,2499648
25479316,27233,1784623104,5037297664,179,782,435060,23,1760894976,1696,2025813,342407,7592061,22617,6038519808,1,27233:4,37.47665134352577,884965,340662704,2499724
25585837,27233,1792487424,5037297664,179,785,437062,23,1768759296,1696,2025813,342411,7592141,22617,6030643200,1,27233:3,28.1635596095727,884980,340678064,2499816
25691410,27233,1800351744,5037297664,179,788,438982,23,1776623616,1696,2025813,342414,7592222,22617,6022225920,1,27233:3,28.416194419510283,884996,340694448,2499892
25797925,27233,1808609280,5037297664,179,792,440997,23,1784877056,1698,2025814,342418,7592303,22617,6014464000,1,27233:4,37.553557357890554,885011,340709544,2499980
25903592,27233,1816473600,5037297664,179,795,442917,23,1792741376,1698,2025814,342421,7592383,22617,6006022144,1,27233:3,28.391117664706407,885027,340725928,2500060
26010005,27233,1824862208,5037297664,179,798,444905,23,1801129984,1698,2025814,342424,7592464,22617,5998198784,1,27233:3,28.192021421124842,885042,340741288,2500152
26116390,27233,1832726528,5037297664,179,801,446885,23,1808994304,1698,2025815,342428,7592545,22617,5989781504,1,27233:3,28.199529682604048,885058,340757672,2500228
26223018,27233,1840590848,5037297664,179,804,448805,23,1817251840,1698,2025816,342436,7592621,22617,5981294592,1,27233:3,28.135089243002536,885074,340773032,2500312
26329889,27233,1848061952,5037297664,179,808,450530,23,1823719424,1722,2025816,342442,7592695,22620,5974130688,1,27233:4,37.428376707441615,885098,340787456,2500400
26436421,27233,1854746624,5037297664,179,810,452243,23,1831985152,1731,2025817,342444,7592775,22621,5966868480,1,27233:3,18.773672368834852,885117,340801552,2500484
26543070,27233,1863135232,5037297664,179,814,454291,23,1839849472,1731,2025817,342448,7592856,22621,5958733824,1,27233:3,37.506036479364994,885132,340816912,2500568
26648747,27233,1870999552,5037297664,179,817,456211,23,1847713792,1731,2025817,342451,7592936,22621,5950857216,1,27233:3,28.38855437078132,885149,340833296,2500652
26754710,27233,1878863872,5037297664,179,820,458131,23,1855578112,1731,2025818,342454,7593017,22621,5942464512,1,27233:3,28.31177721802248,885164,340848656,2500744
26861122,27233,1887121408,5037297664,179,823,460146,23,1863831552,1733,2025818,342457,7593098,22621,5934739456,1,27233:4,28.192352587544868,885179,340863752,2500828
26967212,27233,1894985728,5037297664,179,827,462066,23,1871695872,1733,2025819,342460,7593178,22621,5926604800,1,27233:3,37.70378874250456,885195,340880136,2500916
27073657,27233,1902850048,5037297664,179,830,463986,23,1880084480,1733,2025820,342464,7593260,22621,5918474240,1,27233:3,28.183391848474358,885210,340895496,2501004
27180697,27233,1911238656,5037297664,179,833,466034,23,1887948800,1733,2025820,342467,7593341,22621,5910597632,1,27233:3,28.027017372098285,885225,340910856,2501088
27286426,27233,1919102976,5037297664,179,837,467954,23,1895813120,1733,2025820,342470,7593421,22621,5902721024,1,27233:4,37.83247677137946,885240,340926216,2501176
27391906,27233,1926049792,5037297664,179,840,469674,23,1902514176,1755,2025821,342473,7593499,22623,5895761920,1,27233:3,28.44148349640258,885267,340940992,2501268
27497936,27233,1933651968,5037297664,179,843,471521,23,1910378496,1766,2025822,342475,7593579,22625,5888135168,1,27233:3,28.29383185883015,885288,340955688,2501356
27604222,27233,1941516288,5037297664,179,846,473441,23,1918767104,1766,2025822,342478,7593660,22625,5879746560,1,27233:3,28.225684899066643,885303,340971048,2501444
27710934,27233,1949904896,5037297664,179,849,475489,23,1926631424,1766,2025822,342482,7593741,22625,5871796224,1,27233:3,28.113151536577707,885318,340986408,2501528
27816899,27233,1957769216,5037297664,179,853,477409,23,1934495744,1766,2025823,342485,7593821,22625,5863993344,1,27233:4,37.74841286798097,885334,341002792,2501608
27923365,27233,1966026752,5037297664,179,856,479304,23,1942749184,1768,2025823,342489,7593903,22625,5855649792,1,27233:3,28.17791036674339,885349,341017888,2501684
28029844,27233,1973891072,5037297664,179,859,481344,23,1950613504,1768,2025824,342492,7593983,22625,5847846912,1,27233:3,28.174613292867072,885364,341033248,2501772
28135462,27233,1981755392,5037297664,179,862,483264,23,1958477824,1768,2025824,342495,7594064,22625,5839552512,1,27233:3,28.404199523027213,885380,341049632,2501848
28242049,27233,1990144000,5037297664,179,865,485207,23,1966866432,1768,2025825,342498,7594145,22625,5831184384,1,27233:4,28.146054568163294,885395,341064992,2501936
28348613,27233,1998008320,5037297664,179,869,487232,23,1974730752,1768,2025825,342502,7594226,22625,5823381504,1,27233:3,37.53608449372619,885410,341080352,2502016
28454356,27233,2004692992,5037297664,179,872,488847,23,1981440000,1788,2025825,342505,7594304,22627,5816500224,1,27233:3,28.37058992301045,885433,341095248,2502104
28560726,27233,2011639808,5037297664,179,875,490543,23,1989361664,1800,2025826,342508,7594383,22629,5809963008,1,27233:3,28.203484038430933,885454,341108928,2502188
28666431,27233,2019504128,5037297664,179,878,492463,23,1997225984,1800,2025826,342512,7594464,22629,5801926656,1,27233:3,28.380844443645575,885470,341125312,2502272
28772439,27233,2027368448,5037297664,179,881,494383,23,2005614592,1800,2025826,342516,7594545,22629,5793558528,1,27233:3,28.299736813390957,885485,341140672,2502360
28879196,27233,2035757056,5037297664,179,884,496408,23,2013478912,1800,2025827,342518,7594626,22629,5785755648,1,27233:3,28.101279709796962,885500,341156032,2502436
28985246,27233,2043490304,5037297664,179,887,498321,23,2021208064,1802,2025827,342522,7594707,22629,5777952768,1,27233:3,28.288673846772134,885516,341172152,2502508
29091537,27233,2051354624,5037297664,179,890,500238,23,2029596672,1802,2025828,342525,7594788,22629,5770182656,1,27233:3,28.224279609132115,885531,341187512,2502584
29197803,27233,2059743232,5037297664,179,894,502286,23,2037460992,1802,2025828,342528,7594869,22629,5762306048,1,27233:4,37.64149177974751,885546,341202872,2502668
29303217,27233,2067607552,5037297664,179,897,504206,23,2045325312,1802,2025828,342531,7594949,22629,5754429440,1,27233:3,28.459077014075916,885562,341218232,2502744
29408551,27233,2075471872,5037297664,179,899,506126,23,2053189632,1802,2025829,342534,7595030,22629,5746552832,1,27233:2,18.987284870383633,885578,341234616,2502820
29514439,27233,2082942976,5037297664,179,902,507950,23,2060427264,1818,2025829,342538,7595109,22631,5738586112,1,27233:3,28.331740696009817,885597,341248408,2502900
29620646,27233,2089496576,5037297664,179,905,509565,23,2067787776,1834,2025830,342539,7595188,22633,5732515840,1,27233:3,28.246923342755597,885621,341263128,2502988
29726628,27233,2097360896,5037297664,179,908,511485,23,2075652096,1834,2025830,342542,7595269,22633,5724127232,1,27233:3,28.306456950040026,885637,341278488,2503064
29832667,27233,2105225216,5037297664,179,910,513405,23,2084040704,1834,2025831,342545,7595350,22633,5716250624,1,27233:2,18.861101791631146,885652,341293848,2503144
29938886,27233,2113613824,5037297664,179,913,515426,23,2091905024,1834,2025832,342548,7595431,22633,5708374016,1,27233:3,28.24342210934435,885667,341309208,2503220
30044760,27233,2121478144,5037297664,179,916,517373,23,2099634176,1834,2025832,342551,7595512,22633,5700374528,1,27233:3,28.335687792858188,885683,341325592,2503296
30150390,27233,2129211392,5037297664,179,919,519260,23,2108022784,1836,2025832,342555,7595593,22633,5692256256,1,27233:3,28.40088316143635,885698,341340688,2503380
30256588,27233,2137600000,5037297664,179,922,521308,23,2115887104,1836,2025833,342558,7595675,22633,5684379648,1,27233:3,28.249184208287936,885713,341356048,2503456
30362178,27233,2145464320,5037297664,179,925,523228,23,2123751424,1836,2025833,342560,7595755,22633,5676503040,1,27233:3,28.411731370565064,885729,341372432,2503540
30467966,27233,2153328640,5037297664,179,927,525148,23,2132140032,1836,2025834,342564,7595837,22633,5668114432,1,27233:2,18.905681135439668,885744,341387792,2503616
30574289,27233,2161324032,5037297664,179,930,527103,23,2138693632,1853,2025834,342566,7595916,22635,5660704768,1,27233:3,28.215984293026835,885764,341401616,2503712
30679628,27233,2167615488,5037297664,179,932,528586,23,2146742272,1869,2025835,342568,7595995,22637,5653823488,1,27233:3,18.986301070503664,885787,341416312,2503808
30785868,27233,2175741952,5037297664,179,935,530634,23,2154606592,1869,2025835,342571,7596076,22637,5645946880,1,27233:2,28.23791698826124,885802,341431672,2503888
30891298,27233,2183606272,5037297664,179,938,532554,23,2162470912,1869,2025835,342574,7596156,22638,5637726208,1,27233:3,28.455005593542726,885817,341447032,2503968
30996624,27233,2191470592,5037297664,179,941,534474,23,2170335232,1869,2025836,342576,7596237,22638,5629689856,1,27233:3,28.483067855791706,885833,341463416,2504056
31101969,27233,2199334912,5037297664,179,944,536394,23,2178723840,1869,2025836,342579,7596318,22638,5621321728,1,27233:3,28.477863330974795,885848,341478776,2504140
31207677,27233,2207592448,5037297664,179,946,538408,23,2186452992,1871,2025837,342582,7596399,22638,5613780992,1,27233:2,18.919951360210643,885863,341493872,2504224
31313205,27233,2215456768,5037297664,179,949,540329,23,2194317312,1871,2025837,342588,7596473,22638,5604872192,1,27233:3,28.428603268607088,885878,341510256,2504316
31420038,27233,2223321088,5037297664,179,952,542249,23,2202181632,1871,2025838,342592,7596552,22638,5597163520,1,27233:3,28.08106997413247,885894,341525616,2504404
31525579,27233,2231185408,5037297664,179,955,544169,23,2210045952,1871,2025838,342594,7596633,22638,5588770816,1,27233:3,28.425191249661136,885909,341540976,2504492
31631317,27233,2238787584,5037297664,179,957,546043,23,2217078784,1880,2025838,342596,7596712,22639,5580820480,1,27233:2,18.9145463869982,885926,341555736,2504572
31736963,27233,2246258688,5037297664,179,960,547864,23,2225172480,1904,2025839,342599,7596791,22641,5573992448,1,27233:3,28.3967947742628,885953,341570520,2504656
31842513,27233,2254123008,5037297664,179,963,549784,23,2233561088,1904,2025839,342602,7596872,22641,5565603840,1,27233:3,28.422599179996645,885968,341585880,2504740
31948095,27233,2262511616,5037297664,179,965,551793,23,2241425408,1904,2025840,342605,7596952,22641,5557497856,1,27233:3,18.942567178157024,885983,341601240,2504828
32053659,27233,2270375936,5037297664,179,968,553752,23,2249289728,1904,2025840,342608,7597033,22641,5549621248,1,27233:2,28.418830009841155,885998,341616600,2504912
32158973,27233,2278240256,5037297664,179,971,555672,23,2257154048,1904,2025840,342612,7597114,22641,5541744640,1,27233:3,28.48626819441688,886014,341632984,2504988
32264354,27233,2285973504,5037297664,179,974,557559,23,2265407488,1906,2025840,342615,7597195,22641,5533442048,1,27233:3,28.467954875786344,886030,341648080,2505076
32369863,27233,2294099968,5037297664,179,976,559479,23,2273271808,1906,2025841,342616,7597276,22641,5525565440,1,27233:2,18.955815132275575,886045,341663440,2505172
32475626,27233,2302226432,5037297664,179,979,561527,23,2281136128,1906,2025842,342619,7597357,22641,5517946880,1,27233:3,28.3652472621296,886060,341678800,2505252
32580977,27233,2310483968,5037297664,179,982,563461,23,2289524736,1906,2025842,342623,7597438,22641,5509558272,1,27233:3,28.476365243328072,886076,341695184,2505320
32686417,27233,2321887232,5049909248,179,985,566276,23,2296578048,1917,2025842,342625,7597516,22643,5496774656,1,27233:3,28.452104509701243,886095,341711008,2505396
32791695,27233,2331717632,5049909248,181,986,568734,23,2303918080,1918,2025845,342627,7597597,22643,5488132096,1,27233:3,28.496122005500453,886107,341723296,2505472
32897245,27233,2333945856,5049909248,184,987,569262,23,2308665344,1920,2025848,342628,7597676,22643,5485637632,1,27233:4,37.896439868221954,886119,341734616,2505540
33002559,27233,2342465536,5049909248,194,988,571337,23,2308665344,1920,2025858,342629,7597749,22643,5477122048,1,27233:11,104.44952706393593,886119,341734616,2505540
33107793,27233,2380869632,5153722368,202,990,580661,23,2308665344,1920,2025866,342632,7597822,22643,5437898752,1,27233:10,95.02697606791222,886119,341734616,2505540
33212785,27233,2428055552,5153722368,208,995,592218,23,2308665344,1920,2025872,342637,7597895,22643,5390675968,1,27233:11,104.76989820623363,886119,341734616,2505540
33317497,27233,2435649536,5141110784,210,999,597158,23,2313908224,1921,2025874,342641,7597973,22643,5384167424,1,27233:6,57.30009460532119,886128,341743832,2505592
33423034,27233,2435649536,5141110784,210,1000,597158,23,2321772544,1921,2025874,342643,7598055,22643,5384007680,1,27233:1,9.47530687178912,886143,341759192,2505692
33528611,27233,2435649536,5141110784,210,1001,597158,23,2330161152,1921,2025874,342645,7598138,22643,5384130560,1,27233:1,9.471724600438613,886159,341774552,2505784
33634155,27233,2435649536,5141110784,210,1003,597158,23,2338025472,1921,2025874,342646,7598220,22643,5383774208,1,27233:2,18.949439295565966,886174,341789912,2505884
33739915,27233,2435649536,5141110784,210,1004,597158,23,2345889792,1921,2025875,342648,7598303,22643,5383970816,1,27233:1,9.455387905539578,886189,341805272,2505972
33845334,27233,2435649536,5141110784,210,1005,597158,23,2353754112,1921,2025876,342650,7598385,22643,5383909376,1,27233:1,9.486017771067749,886204,341820632,2506060
33950690,27233,2435649536,5141110784,210,1007,597158,23,2361618432,1921,2025876,342651,7598467,22643,5384105984,1,27233:2,18.983169920195323,886220,341837016,2506160
34056244,27233,2435649536,5141110784,210,1008,597158,23,2369482752,1921,2025877,342653,7598549,22643,5384019968,1,27233:1,9.473837018531196,886235,341852376,2506248
34161852,27233,2435649536,5141110784,210,1009,597158,23,2377871360,1921,2025877,342654,7598632,22643,5383958528,1,27233:1,9.468981684972528,886250,341867736,2506352
34267519,27233,2435649536,5141110784,210,1011,597158,23,2385735680,1921,2025878,342656,7598714,22643,5383897088,1,27233:2,18.927329738282634,886265,341883096,2506440
34373113,27233,2435649536,5141110784,210,1012,597158,23,2393600000,1921,2025878,342658,7598796,22643,5384093696,1,27233:1,9.470244557890819,886280,341898456,2506528
34478520,27233,2435649536,5141110784,210,1014,597158,23,2401464320,1921,2025878,342659,7598879,22643,5383798784,1,27233:2,18.97411297255171,886295,341913816,2506620
34583987,27233,2435649536,5141110784,210,1015,597158,23,2409328640,1921,2025879,342661,7598961,22643,5383995392,1,27233:1,9.481659304031794,886310,341929176,2506716
34689335,27233,2440761344,5141110784,215,1016,598424,23,2411958272,1923,2025885,342662,7599038,22643,5378564096,1,27233:6,56.953857124035245,886318,341936360,2506752
34794766,27233,2449936384,5141110784,225,1016,600658,23,2411958272,1923,2025895,342663,7599111,22643,5369274368,1,27233:10,94.84863140111716,886318,341936360,2506752
34900047,27233,2459111424,5141110784,235,1017,602890,23,2411958272,1923,2025905,342664,7599184,22643,5360242688,1,27233:11,104.48201733879078,886318,341936360,2506752
35005354,27233,2468286464,5141110784,244,1018,605118,23,2411958272,1923,2025915,342666,7599257,22643,5350952960,1,27233:10,94.96087730556108,886318,341936360,2506752
35110671,27233,2477330432,5141110784,255,1018,607351,23,2411958272,1923,2025925,342666,7599330,22643,5341921280,1,27233:11,104.44684136230129,886318,341936360,2506752
35216296,27233,2486505472,5141110784,265,1018,609586,23,2411958272,1923,2025936,342667,7599403,22643,5332631552,1,27233:10,94.67461447431897,886318,341936360,2506752
35321596,27233,2495680512,5141110784,276,1019,611817,23,2411958272,1923,2025946,342668,7599476,22643,5323796480,1,27233:12,113.95968106483924,886318,341936360,2506752
35426970,27233,2504855552,5141110784,285,1019,614049,23,2411958272,1923,2025956,342669,7599549,22643,5314764800,1,27233:9,85.41028123982817,886318,341936360,2506752
35532224,27233,2513899520,5141110784,296,1019,616279,23,2411958272,1923,2025967,342669,7599623,22643,5305475072,1,27233:11,104.50861171862284,886318,341936360,2506752
35637570,27233,2523074560,5141110784,306,1019,618514,23,2411958272,1923,2025976,342670,7599696,22643,5296443392,1,27233:10,94.92549743855886,886318,341936360,2506752
35742851,27233,2532249600,5141110784,315,1021,620739,23,2411958272,1923,2025985,342672,7599769,22643,5287153664,1,27233:11,104.48193496896192,886318,341936360,2506752
35848091,27233,2539458560,5141110784,321,1024,622504,24,2413506560,1926,2025992,342675,7599843,22643,5279866880,1,27233:9,85.51886045776365,886322,341939384,2506772
35953581,27233,2541293568,5141110784,331,1024,622964,24,2413506560,1926,2026003,342675,7599916,22643,5278318592,1,27233:11,94.79603424582574,886322,341939384,2506772
36058297,27233,2541293568,5141110784,336,1024,622964,24,2419273728,1927,2026008,342676,7599994,22643,5278429184,1,27233:4,47.74823570030347,886331,341948600,2506832
36163886,27233,2541293568,5141110784,336,1026,622964,24,2427138048,1927,2026008,342678,7600077,22643,5278294016,1,27233:2,18.941356055813397,886346,341963960,2506928
36269395,27233,2541293568,5141110784,336,1027,622964,24,2435002368,1927,2026008,342679,7600159,22643,5278416896,1,27233:1,9.477840103738371,886361,341979320,2507024
36374735,27233,2541293568,5141110784,336,1028,622964,24,2442866688,1927,2026009,342684,7600237,22643,5277507584,1,27233:1,9.49313557537083,886377,341995704,2507120
36480959,27233,2541293568,5141110784,336,1030,622964,24,2451255296,1927,2026010,342690,7600315,22643,5277319168,1,27233:2,18.827987879294522,886392,342011064,2507208
36586577,27233,2541293568,5141110784,336,1031,622964,24,2459119616,1927,2026010,342691,7600397,22643,5277184000,1,27233:1,9.468148622551489,886407,342026424,2507312
36692026,27233,2541293568,5141110784,336,1032,622964,24,2466983936,1927,2026010,342693,7600480,22643,5277257728,1,27233:1,9.483199213395178,886423,342042808,2507404
36797598,27233,2541293568,5141110784,336,1034,622964,24,2475372544,1927,2026011,342694,7600562,22643,5277147136,1,27233:2,18.944413491377734,886438,342058168,2507500
36902982,27233,2541293568,5141110784,336,1035,622964,24,2483236864,1927,2026011,342696,7600644,22643,5277270016,1,27233:1,9.489100742973815,886453,342073528,2507596
37008312,27233,2541293568,5141110784,336,1036,622964,24,2491101184,1927,2026011,342698,7600726,22643,5277171712,1,27233:1,9.494002965869564,886469,342089912,2507688
37113860,27233,2541293568,5141110784,336,1038,622964,24,2499489792,1927,2026011,342699,7600809,22643,5277294592,1,27233:2,18.948758501976336,886484,342105272,2507784
37219440,27233,2541293568,5141110784,336,1039,622964,24,2507354112,1927,2026011,342701,7600891,22643,5277159424,1,27233:1,9.471477894555628,886500,342121656,2507872
37324885,27233,2541293568,5141110784,336,1040,622964,24,2515742720,1927,2026012,342703,7600974,22643,5277347840,1,27233:1,9.48363387016486,886515,342137016,2507964
37430531,27233,2547847168,5141110784,344,1041,624554,24,2516799488,1929,2026020,342703,7601049,22643,5270712320,1,27233:9,85.18974567623705,886521,342141128,2507992
37535778,27233,2557022208,5141110784,353,1042,626791,24,2516799488,1929,2026030,342705,7601122,22643,5261422592,1,27233:10,95.01508758828079,886521,342141128,2507992
37641027,27233,2566066176,5141110784,362,1043,629023,24,2516799488,1929,2026039,342706,7601195,22643,5252390912,1,27233:10,95.01253096517767,886521,342141128,2507992
37746372,27233,2575241216,5141110784,373,1043,631261,24,2516799488,1929,2026049,342706,7601268,22643,5243101184,1,27233:11,104.41846051174328,886521,342141128,2507992
37851638,27233,2583629824,5141110784,382,1043,633291,24,2516799488,1929,2026059,342710,7601339,22643,5234794496,1,27233:9,85.4981447757565,886521,342141128,2507992
37957662,27233,2592804864,5141110784,393,1044,635538,24,2516799488,1929,2026070,342711,7601412,22643,5225504768,1,27233:12,113.1812421407417,886521,342141128,2507992
38063699,27233,2601979904,5141110784,403,1044,637788,24,2516799488,1929,2026080,342712,7601485,22643,5216215040,1,27233:10,94.3075109340364,886521,342141128,2507992
38169729,27233,2611286016,5141110784,413,1044,640035,24,2516799488,1929,2026091,342712,7601559,22643,5207183360,1,27233:10,94.31255049081336,886521,342141128,2507992
38275776,27233,2620461056,5141110784,424,1044,642284,24,2516799488,1929,2026102,342712,7601632,22643,5197893632,1,27233:11,103.72758270129445,886521,342141128,2507992
38381789,27233,2629636096,5141110784,433,1045,644534,24,2516799488,1929,2026111,342714,7601706,22643,5188603904,1,27233:10,94.32837798694112,886521,342141128,2507992
38487848,27233,2638942208,5141110784,443,1046,646783,24,2516799488,1929,2026122,342715,7601779,22643,5179572224,1,27233:11,103.71576532339381,886521,342141128,2507992
38593857,27233,2645102592,5141110784,450,1047,648308,24,2520469504,1930,2026128,342716,7601856,22643,5173387264,1,27233:8,75.46540173572687,886526,342146248,2508032
38699733,27233,2645102592,5141110784,450,1048,648308,24,2528333824,1930,2026128,342718,7601939,22643,5173510144,1,27233:1,9.444995087658056,886541,342161608,2508128
38805490,27233,2645102592,5141110784,450,1050,648308,24,2536198144,1930,2026128,342720,7602021,22643,5173374976,1,27233:2,18.91117796044421,886556,342176968,2508228
38910845,27233,2645102592,5141110784,450,1051,648308,24,2544062464,1930,2026128,342721,7602103,22643,5173448704,1,27233:1,9.49173144899937,886572,342193352,2508320
39016583,27233,2645102592,5141110784,450,1052,648308,24,2552451072,1930,2026129,342723,7602186,22643,5173399552,1,27233:1,9.457377481708061,886587,342208712,2508416
39122379,27233,2645102592,5141110784,450,1053,648308,24,2560315392,1930,2026129,342728,7602265,22643,5173989376,1,27233:2,9.452163028261305,886602,342224072,2508516
39228159,27233,2645102592,5141110784,450,1055,648308,24,2568179712,1930,2026130,342729,7602347,22643,5174112256,1,27233:1,18.907058750915184,886618,342240456,2508608
39334578,27233,2645102592,5141110784,450,1057,648308,24,2576044032,1930,2026130,342731,7602429,22643,5173977088,1,27233:2,18.79359197149779,886634,342255816,2508700
39440264,27233,2645102592,5141110784,450,1058,648308,24,2584432640,1930,2026131,342733,7602512,22643,5174075392,1,27233:1,9.462019472760378,886649,342271176,2508796
39546098,27233,2645102592,5141110784,450,1059,648308,24,2592296960,1930,2026131,342735,7602595,22643,5173940224,1,27233:2,9.448795268209627,886664,342286536,2508888
39652035,27233,2645102592,5141110784,450,1061,648308,24,2600161280,1930,2026132,342736,7602677,22643,5174063104,1,27233:1,18.879143013775014,886679,342301896,2508988
39757480,27233,2645102592,5141110784,450,1062,648308,24,2608025600,1930,2026132,342738,7602759,22643,5173927936,1,27233:1,9.483611385390324,886695,342318280,2509084
39863358,27233,2645102592,5141110784,450,1064,648308,24,2616414208,1930,2026133,342740,7602842,22643,5174087680,1,27233:2,18.889603556050986,886710,342333640,2509176
39969108,27233,2648641536,5141110784,452,1066,649150,24,2620092416,1932,2026136,342745,7602917,22643,5169983488,1,27233:5,37.82503871369072,886720,342342872,2509232
40075258,27233,2657816576,5141110784,463,1066,651397,24,2620092416,1932,2026148,342745,7602991,22643,5160693760,1,27233:10,103.62689419364382,886720,342342872,2509232
40181279,27233,2666991616,5141110784,471,1068,653649,24,2620092416,1932,2026156,342748,7603064,22643,5151662080,1,27233:11,94.3212611393999,886720,342342872,2509232
40287341,27233,2676297728,5141110784,481,1069,655905,24,2620092416,1932,2026167,342748,7603138,22643,5142372352,1,27233:10,103.71283071216754,886720,342342872,2509232
40393366,27233,2685472768,5141110784,492,1069,658166,24,2620092416,1932,2026178,342749,7603211,22643,5133082624,1,27233:11,103.7486979420512,886720,342342872,2509232
40499443,27233,2694647808,5141110784,501,1070,660404,24,2620092416,1932,2026188,342753,7603282,22643,5123485696,1,27233:10,94.27124575039366,886720,342342872,2509232
40605471,27233,2703822848,5141110784,510,1072,662649,24,2620092416,1932,2026197,342755,7603355,22643,5114454016,1,27233:12,103.74621058713291,886720,342342872,2509232
40711544,27233,2712997888,5141110784,520,1072,664888,24,2620092416,1932,2026208,342756,7603429,22643,5105180672,1,27233:9,94.27457851862849,886720,342342872,2509232
40817554,27233,2722304000,5141110784,530,1073,667134,24,2620092416,1932,2026218,342757,7603502,22643,5096148992,1,27233:12,103.76423339885226,886720,342342872,2509232
40923678,27233,2731479040,5141110784,539,1075,669380,24,2620092416,1932,2026226,342760,7603576,22643,5086859264,1,27233:10,103.65244551030987,886720,342342872,2509232
41029715,27233,2740654080,5141110784,548,1076,671629,24,2620092416,1932,2026236,342761,7603649,22643,5077569536,1,27233:10,94.30625068430973,886720,342342872,2509232
41135912,27233,2748911616,5141110784,557,1078,673652,24,2621665280,1933,2026245,342763,7603724,22643,5069307904,1,27233:11,103.58127649403069,886721,342343896,2509240
41241258,27233,2748911616,5141110784,557,1079,673652,24,2630053888,1933,2026245,342764,7603806,22643,5069467648,1,27233:1,9.49255722286733,886738,342360280,2509340
41347179,27233,2748911616,5141110784,557,1080,673652,24,2637918208,1933,2026246,342765,7603888,22643,5069332480,1,27233:1,9.441023437151863,886753,342375640,2509432
41452538,27233,2748911616,5141110784,557,1082,673652,24,2645782528,1933,2026246,342770,7603965,22643,5072523264,1,27233:2,18.982606873239384,886769,342392024,2509528
41559952,27233,2748911616,5141110784,557,1084,673652,24,2654171136,1933,2026247,342776,7604042,22643,5071958016,1,27233:2,18.61955685417448,886784,342407384,2509620
41665738,27233,2748911616,5141110784,557,1085,673652,24,2662035456,1933,2026247,342778,7604124,22643,5072338944,1,27233:1,9.45309005680031,886800,342423768,2509708
41771457,27233,2748911616,5141110784,557,1087,673652,24,2670424064,1933,2026248,342780,7604207,22643,5072228352,1,27233:2,18.91799779138051,886815,342439128,2509804
41877355,27233,2748911616,5141110784,557,1088,673652,24,2678288384,1933,2026248,342784,7604287,22643,5071208448,1,27233:1,9.443032920867951,886830,342454488,2509900
41983121,27233,2748911616,5141110784,557,1091,673652,24,2686676992,1933,2026249,342787,7604367,22643,5072031744,1,27233:3,28.364577056784263,886846,342470872,2509996
42089226,27233,2748911616,5141110784,557,1094,673652,24,2694541312,1933,2026249,342790,7604449,22643,5071970304,1,27233:3,28.2738660575169,886861,342486232,2510092
42195489,27233,2748911616,5141110784,557,1096,673652,24,2702405632,1933,2026250,342792,7604530,22643,5071933440,1,27233:2,18.821210815733014,886877,342502616,2510188
42301538,27233,2748911616,5141110784,557,1098,673652,24,2710794240,1933,2026250,342795,7604613,22643,5071822848,1,27233:2,18.85922704420702,886892,342517976,2510284
42407937,27233,2748911616,5141110784,557,1100,673652,24,2718658560,1933,2026250,342798,7604694,22643,5072019456,1,27233:2,18.797242286659714,886908,342534360,2510380
42513737,27233,2751664128,5141110784,559,1103,674314,24,2723385344,1935,2026253,342800,7604774,22643,5068947456,1,27233:5,47.25856290188446,886919,342544616,2510444
42619788,27233,2760839168,5141110784,568,1104,676561,24,2723385344,1935,2026263,342801,7604847,22643,5059657728,1,27233:10,94.29428310357338,886919,342544616,2510444
42725790,27233,2770145280,5141110784,578,1105,678820,24,2723385344,1935,2026273,342802,7604921,22643,5050368000,1,27233:11,103.77173855189707,886919,342544616,2510444
42831840,27233,2779058176,5141110784,587,1106,680990,24,2723385344,1935,2026282,342807,7604991,22643,5042417664,1,27233:10,94.29524605330785,886919,342544616,2510444
42937768,27233,2787708928,5141110784,596,1109,683130,24,2723385344,1935,2026291,342810,7605065,22643,5033385984,1,27233:12,113.28421493406546,886919,342544616,2510444
43043876,27233,2796490752,5141110784,605,1110,685260,24,2723385344,1935,2026300,342812,7605138,22643,5024612352,1,27233:10,94.24433273014448,886919,342544616,2510444
43149986,27233,2805272576,5141110784,614,1112,687407,24,2723385344,1935,2026310,342813,7605212,22643,5015838720,1,27233:11,103.66563181978495,886919,342544616,2510444
43256081,27233,2814054400,5141110784,624,1112,689551,24,2723385344,1935,2026321,342813,7605285,22643,5007065088,1,27233:10,94.25488216725905,886919,342544616,2510444
43362177,27233,2822836224,5141110784,635,1112,691685,24,2723385344,1935,2026332,342814,7605359,22643,4998291456,1,27233:11,103.67996190006461,886919,342544616,2510444
43468176,27233,2831486976,5141110784,643,1114,693816,24,2723385344,1935,2026342,342816,7605432,22643,4989517824,1,27233:11,94.34046636568033,886919,342544616,2510444
43574284,27233,2840268800,5141110784,654,1114,695947,24,2723385344,1935,2026352,342816,7605506,22643,4980744192,1,27233:10,103.66831853021998,886919,342544616,2510444
43680311,27233,2849050624,5141110784,662,1116,698100,24,2723385344,1935,2026361,342822,7605576,22643,4971245568,1,27233:10,94.31518166297076,886919,342544616,2510444
43786404,27233,2852720640,5141110784,666,1118,698996,24,2728628224,1936,2026365,342824,7605654,22643,4967964672,1,27233:6,56.554350417956435,886928,342553832,2510500
43892608,27233,2852720640,5141110784,666,1120,698996,24,2737016832,1936,2026366,342826,7605736,22643,4968087552,1,27233:2,18.831725510426153,886943,342569192,2510600
43999036,27233,2852720640,5141110784,666,1122,698996,24,2744881152,1936,2026366,342829,7605818,22643,4967952384,1,27233:3,18.79197322286635,886958,342584552,2510700
44104774,27233,2852720640,5141110784,666,1125,698996,24,2752745472,1936,2026366,342831,7605900,22643,4968075264,1,27233:2,28.372132445124183,886973,342599912,2510792
44210215,27233,2852720640,5141110784,666,1127,698996,24,2760609792,1936,2026367,342833,7605981,22643,4968198144,1,27233:2,18.967957240154636,886989,342616296,2510884
44316223,27233,2852720640,5141110784,666,1128,698996,24,2768998400,1936,2026367,342836,7606064,22643,4968099840,1,27233:1,9.433189988464907,887004,342631656,2510980
44422456,27233,2852720640,5141110784,666,1131,698996,24,2776862720,1936,2026367,342839,7606145,22643,4968222720,1,27233:3,28.239921743788056,887019,342647016,2511080
44527997,27233,2852720640,5141110784,666,1132,698996,24,2784727040,1936,2026368,342840,7606228,22643,4968087552,1,27233:1,9.475015091093411,887035,342663400,2511172
44634800,27233,2852720640,5141110784,666,1134,698996,24,2793115648,1936,2026368,342842,7606310,22643,4967927808,1,27233:2,18.726037518683555,887050,342678760,2511268
44740642,27233,2852720640,5141110784,666,1135,698996,24,2800979968,1936,2026369,342844,7606393,22643,4968087552,1,27233:1,9.448055107935573,887065,342694120,2511360
44846695,27233,2852720640,5141110784,666,1138,698996,24,2808844288,1936,2026370,342850,7606471,22643,4967608320,1,27233:3,28.28756234449089,887080,342709480,2511452
44952102,27233,2852720640,5141110784,666,1140,698996,24,2816708608,1936,2026370,342852,7606552,22643,4967731200,1,27233:2,18.974067790530427,887097,342725864,2511540
45057759,27233,2852720640,5141110784,666,1143,698996,24,2824572928,1936,2026371,342854,7606634,22643,4967546880,1,27233:3,28.393760160766224,887112,342741224,2511636
45164297,27233,2858356736,5141110784,672,1145,700362,24,2826678272,1938,2026377,342857,7606710,22643,4961685504,1,27233:8,75.09069501075084,887118,342746360,2511668
45270416,27233,2867138560,5141110784,682,1145,702503,24,2826678272,1938,2026387,342858,7606784,22643,4952911872,1,27233:10,94.23371283825215,887118,342746360,2511668
45376453,27233,2875789312,5141110784,692,1145,704638,24,2826678272,1938,2026398,342858,7606857,22643,4944138240,1,27233:10,94.30665890548013,887118,342746360,2511668
45482516,27233,2884571136,5141110784,702,1146,706781,24,2826678272,1938,2026408,342858,7606931,22643,4935364608,1,27233:11,103.71193500919877,887118,342746360,2511668
45588501,27233,2893352960,5141110784,712,1147,708920,24,2826678272,1938,2026419,342860,7607004,22643,4926590976,1,27233:11,103.78907689410018,887118,342746360,2511668
45694685,27233,2902134784,5141110784,722,1148,711058,24,2826678272,1938,2026428,342864,7607075,22643,4918853632,1,27233:11,103.59314519261129,887118,342746360,2511668
45800633,27233,2910916608,5141110784,731,1148,713183,24,2826678272,1938,2026439,342864,7607148,22643,4909821952,1,27233:10,84.94715546002419,887118,342746360,2511668
45906700,27233,2919567360,5141110784,742,1149,715302,24,2826678272,1938,2026449,342866,7607222,22643,4901048320,1,27233:11,113.13669371438174,887118,342746360,2511668
46012757,27233,2928218112,5141110784,750,1150,717428,24,2826678272,1938,2026459,342867,7607296,22643,4892274688,1,27233:10,84.86018652533008,887118,342746360,2511668
46118879,27233,2936999936,5141110784,760,1152,719557,24,2826678272,1938,2026468,342868,7607369,22643,4883759104,1,27233:11,113.07694862796434,887118,342746360,2511668
46224985,27233,2945781760,5141110784,770,1152,721695,24,2826678272,1938,2026479,342870,7607443,22643,4874985472,1,27233:10,94.245480297775,887118,342746360,2511668
46331124,27233,2954432512,5141110784,780,1153,723818,24,2826678272,1938,2026489,342870,7607516,22643,4866211840,1,27233:11,103.6380410137749,887118,342746360,2511668
46437210,27233,2956529664,5141110784,783,1154,724340,24,2833494016,1939,2026492,342872,7607596,22643,4864487424,1,27233:4,37.70492888068036,887129,342757624,2511740
46542821,27233,2956529664,5141110784,783,1157,724340,24,2841358336,1939,2026492,342884,7607669,22643,4863799296,1,27233:3,28.40635114880255,887145,342774008,2511832
46650387,27233,2956529664,5141110784,783,1160,724340,24,2849746944,1939,2026493,342889,7607747,22643,4863430656,1,27233:3,27.889642617843087,887160,342789368,2511932
46756865,27233,2956529664,5141110784,783,1162,724340,24,2857611264,1939,2026493,342893,7607828,22643,4863295488,1,27233:3,18.78335495344447,887175,342804728,2512032
46863094,27233,2956529664,5141110784,783,1165,724340,24,2865475584,1939,2026493,342895,7607909,22643,4863418368,1,27233:2,28.240763390007302,887190,342820088,2512128
46968605,27233,2956529664,5141110784,783,1167,724340,24,2873339904,1939,2026494,342898,7607990,22643,4863283200,1,27233:2,18.955463182002994,887206,342836472,2512228
47074406,27233,2956529664,5141110784,783,1170,724340,24,2881204224,1939,2026494,342900,7608072,22643,4863406080,1,27233:3,28.354903239034474,887222,342851832,2512324
47180427,27233,2956529664,5141110784,783,1172,724340,24,2889592832,1939,2026494,342903,7608154,22643,4863307776,1,27233:2,18.864192799445174,887237,342867192,2512416
47286906,27233,2956529664,5141110784,783,1174,724340,24,2897457152,1939,2026495,342906,7608236,22643,4863430656,1,27233:2,18.78317854788956,887252,342882552,2512512
47394450,27233,2956529664,5141110784,783,1177,724340,24,2905321472,1939,2026495,342910,7608316,22643,4863369216,1,27233:3,27.895563955364455,887267,342897912,2512600
47500580,27233,2956529664,5141110784,783,1179,724340,24,2913185792,1939,2026496,342914,7608396,22643,4864143360,1,27233:2,18.84475969633554,887282,342913272,2512700
47606119,27233,2956529664,5141110784,783,1182,724340,24,2921050112,1939,2026496,342917,7608477,22643,4864266240,1,27233:3,28.425404561017242,887297,342928632,2512808
47711627,27233,2956529664,5141110784,783,1185,724340,24,2928914432,1939,2026497,342919,7608558,22643,4864131072,1,27233:3,28.4338684944387,887312,342943992,2512904
47818531,27233,2963083264,5141110784,790,1186,725947,24,2929971200,1941,2026504,342920,7608634,22643,4857176064,1,27233:8,74.83341287189702,887317,342948104,2512928
47924590,27233,2971865088,5141110784,799,1188,728081,24,2929971200,1941,2026514,342923,7608708,22643,4848402432,1,27233:11,103.71580639543909,887317,342948104,2512928
48030727,27233,2980646912,5141110784,808,1190,730224,24,2929971200,1941,2026522,342925,7608781,22643,4839628800,1,27233:11,103.63974883604084,887317,342948104,2512928
48136822,27233,2989297664,5141110784,817,1191,732358,24,2929971200,1941,2026533,342926,7608855,22643,4830855168,1,27233:10,94.25540010630313,887317,342948104,2512928
48242961,27233,2998079488,5141110784,826,1193,734494,24,2929971200,1941,2026542,342928,7608929,22643,4822081536,1,27233:11,103.63759282960514,887317,342948104,2512928
48349127,27233,3006861312,5141110784,835,1194,736617,24,2929971200,1941,2026551,342934,7608999,22643,4813029376,1,27233:10,94.19203349966045,887317,342948104,2512928
48455169,27233,3015512064,5141110784,844,1195,738751,24,2929971200,1941,2026561,342935,7609072,22643,4804255744,1,27233:10,94.3023234036696,887317,342948104,2512928
48561146,27233,3024293888,5141110784,854,1196,740883,24,2929971200,1941,2026571,342936,7609146,22643,4795482112,1,27233:11,103.7962986692824,887317,342948104,2512928
48667279,27233,3032944640,5141110784,864,1197,743011,24,2929971200,1941,2026582,342937,7609219,22643,4786720768,1,27233:11,103.64304551207336,887317,342948104,2512928
48773137,27233,3041726464,5141110784,873,1198,745140,24,2929971200,1941,2026591,342938,7609293,22643,4778205184,1,27233:10,94.46656877725921,887317,342948104,2512928
48879388,27233,3050508288,5141110784,882,1200,747273,24,2929971200,1941,2026601,342940,7609366,22643,4769431552,1,27233:11,103.52875600138552,887317,342948104,2512928
48985363,27233,3059159040,5141110784,891,1202,749393,24,2929971200,1941,2026610,342942,7609440,22643,4760657920,1,27233:11,103.79821739772301,887317,342948104,2512928
49091523,27233,3060338688,5141110784,893,1203,749684,24,2937835520,1942,2026612,342944,7609520,22644,4759699456,1,27233:3,28.25924039953065,887331,342961416,2513016
49197671,27233,3060338688,5141110784,893,1206,749684,24,2945699840,1942,2026612,342950,7609598,22644,4760150016,1,27233:3,28.262313155021495,887346,342976776,2513108
49303874,27233,3060338688,5141110784,893,1209,749684,24,2953564160,1942,2026612,342953,7609678,22644,4760014848,1,27233:3,28.24768800677176,887361,342992136,2513204
49409542,27233,3060338688,5141110784,893,1212,749684,24,2961428480,1942,2026612,342956,7609759,22644,4760137728,1,27233:3,28.3908825671142,887376,343007496,2513296
49515212,27233,3060338688,5141110784,893,1215,749684,24,2969292800,1942,2026612,342960,7609840,22644,4760002560,1,27233:3,28.390289332441526,887392,343023880,2513396
49621478,27233,3060338688,5141110784,893,1217,749684,24,2977681408,1942,2026613,342962,7609922,22644,4760162304,1,27233:2,18.820649896614405,887407,343039240,2513492
49728009,27233,3060338688,5141110784,893,1220,749684,24,2985545728,1942,2026614,342964,7610003,22644,4760027136,1,27233:3,28.160783731883203,887422,343054600,2513580
49833776,27233,3060338688,5141110784,893,1222,749684,24,2993410048,1942,2026614,342968,7610085,22644,4760150016,1,27233:2,18.909576438251747,887438,343069960,2513676
49939732,27233,3060338688,5141110784,893,1225,749684,24,3001274368,1942,2026616,342970,7610165,22644,4760014848,1,27233:3,28.31364764061902,887454,343086344,2513764
50046062,27233,3060338688,5141110784,893,1227,749684,24,3009662976,1942,2026616,342974,7610247,22644,4759621632,1,27233:2,18.80941040445358,887469,343101704,2513864
50153156,27233,3060338688,5141110784,893,1230,749684,24,3017527296,1942,2026617,342979,7610326,22644,4759511040,1,27233:3,28.012624206575097,887484,343117064,2513960
50258818,27233,3060338688,5141110784,893,1233,749684,24,3025391616,1942,2026617,342982,7610406,22644,4759633920,1,27233:3,28.39257293827213,887499,343132424,2514056
50364237,27233,3060338688,5141110784,893,1236,749684,24,3033255936,1942,2026618,342986,7610487,22644,4759719936,1,27233:3,28.457772294281252,887515,343148808,2514152
50470584,27233,3068071936,5141110784,900,1238,751606,24,3033264128,1944,2026626,342987,7610562,22644,4751720448,1,27233:9,84.62835242758968,887517,343149848,2514160
50576552,27233,3076853760,5141110784,910,1238,753739,24,3033264128,1944,2026636,342988,7610635,22644,4742946816,1,27233:11,94.36873183419607,887517,343149848,2514160
50682634,27233,3085504512,5141110784,921,1239,755865,24,3033264128,1944,2026646,342989,7610709,22644,4734173184,1,27233:11,113.11971824593057,887517,343149848,2514160
50788670,27233,3094286336,5141110784,930,1240,757995,24,3033264128,1944,2026657,342990,7610782,22644,4725141504,1,27233:10,94.30721387849103,887517,343149848,2514160
50894829,27233,3103068160,5141110784,939,1241,760123,24,3033264128,1944,2026666,342992,7610856,22644,4716625920,1,27233:10,94.19817075818621,887517,343149848,2514160
51000842,27233,3111718912,5141110784,949,1242,762240,24,3033264128,1944,2026677,342996,7610926,22644,4707803136,1,27233:12,103.76141936868004,887517,343149848,2514160
51107000,27233,3120369664,5141110784,959,1243,764362,24,3033264128,1944,2026686,342997,7611000,22644,4698771456,1,27233:10,103.61941095266216,887517,343149848,2514160
51213057,27233,3129020416,5141110784,968,1244,766482,24,3033264128,1944,2026696,343000,7611073,22644,4690255872,1,27233:10,94.28902234871408,887517,343149848,2514160
51319285,27233,3137802240,5141110784,977,1246,768609,24,3033264128,1944,2026706,343001,7611147,22644,4681482240,1,27233:11,103.5508470336909,887517,343149848,2514160
51425303,27233,3146452992,5141110784,987,1246,770731,24,3033264128,1944,2026716,343002,7611220,22644,4672708608,1,27233:10,94.32359563885801,887517,343149848,2514160
51531555,27233,3155103744,5141110784,996,1248,772847,24,3033264128,1944,2026725,343004,7611294,22644,4664193024,1,27233:11,103.5269300414982,887517,343149848,2514160
51637485,27233,3164147712,5141110784,1005,1249,775060,24,3033919488,1945,2026734,343010,7611361,22644,4654510080,1,27233:11,94.40221219878414,887517,343149848,2514164
51744002,27233,3164147712,5141110784,1005,1252,775060,24,3042177024,1945,2026734,343016,7611438,22645,4653772800,1,27233:2,28.164440866892853,887533,343165208,2514264
51850931,27233,3164147712,5141110784,1005,1255,775060,24,3050041344,1945,2026735,343020,7611517,22645,4654305280,1,27233:3,28.056067469679945,887549,343180568,2514360
51957078,27233,3164147712,5141110784,1005,1258,775060,24,3057905664,1945,2026736,343023,7611598,22645,4654428160,1,27233:3,28.262601243467778,887564,343195928,2514456
52062802,27233,3164147712,5141110784,1005,1261,775060,24,3065769984,1945,2026736,343026,7611678,22645,4654292992,1,27233:3,28.375766580792767,887579,343211288,2514552
52168362,27233,3164147712,5141110784,1005,1264,775060,24,3073634304,1945,2026736,343030,7611759,22645,4654133248,1,27233:3,28.419794621891114,887595,343227672,2514648
52274824,27233,3164147712,5141110784,1005,1267,775060,24,3082022912,1945,2026736,343034,7611841,22645,4654317568,1,27233:3,28.17905720633221,887610,343243032,2514756
52381177,27233,3164147712,5141110784,1005,1269,775060,24,3089887232,1945,2026736,343036,7611923,22645,4654440448,1,27233:2,18.805320728553106,887625,343258392,2514848
52487376,27233,3164147712,5141110784,1006,1271,775060,24,3097751552,1945,2026737,343037,7612004,22645,4654305280,1,27233:3,28.248984439593066,887641,343274776,2514940
52593378,27233,3164147712,5141110784,1006,1273,775060,24,3105615872,1945,2026737,343039,7612086,22645,4654403584,1,27233:2,18.867470285055024,887656,343290136,2515032
52699637,27233,3164147712,5141110784,1006,1275,775060,24,3114004480,1945,2026738,343045,7612165,22645,4653961216,1,27233:2,18.821985743211613,887671,343305496,2515120
52806106,27233,3164147712,5141110784,1006,1278,775060,24,3121868800,1945,2026738,343048,7612246,22645,4654084096,1,27233:3,28.177380782276785,887686,343320856,2515216
52912227,27233,3164147712,5141110784,1006,1281,775060,24,3129733120,1945,2026739,343050,7612327,22645,4653948928,1,27233:3,28.269525653002013,887701,343337240,2515312
53017931,27233,3164409856,5141110784,1006,1284,775121,24,3136565248,1947,2026740,343053,7612408,22645,4653543424,1,27233:3,28.381180061085757,887717,343351608,2515412
53124044,27233,3173060608,5141110784,1015,1285,777248,24,3136565248,1947,2026750,343055,7612481,22645,4644769792,1,27233:10,94.23896742288005,887717,343351608,2515412
53230072,27233,3181842432,5141110784,1025,1286,779379,24,3136565248,1947,2026760,343056,7612555,22645,4635996160,1,27233:11,103.74572134961224,887717,343351608,2515412
53336137,27233,3190493184,5141110784,1033,1288,781496,24,3136565248,1947,2026769,343058,7612628,22645,4627222528,1,27233:10,94.28194788352253,887717,343351608,2515412
53442113,27233,3199275008,5141110784,1042,1290,783624,24,3136565248,1947,2026778,343060,7612702,22645,4618706944,1,27233:11,103.79776880656806,887717,343351608,2515412
53548079,27233,3207925760,5141110784,1051,1292,785743,24,3136565248,1947,2026787,343064,7612773,22645,4610093056,1,27233:11,103.806829532473,887717,343351608,2515412
53654602,27233,3216576512,5141110784,1061,1292,787873,24,3136565248,1947,2026798,343066,7612846,22645,4601942016,1,27233:10,93.87640281620948,887717,343351608,2515412
53760541,27233,3225358336,5141110784,1070,1293,790001,24,3136565248,1947,2026807,343068,7612919,22645,4592652288,1,27233:10,94.39396952420842,887717,343351608,2515412
53866623,27233,3234009088,5141110784,1080,1294,792127,24,3136565248,1947,2026817,343069,7612993,22645,4584136704,1,27233:11,103.69270850595814,887717,343351608,2515412
53972566,27233,3242790912,5141110784,1089,1296,794255,24,3136565248,1947,2026827,343071,7613066,22645,4575363072,1,27233:11,103.82956961369123,887717,343351608,2515412
54078691,27233,3251441664,5141110784,1099,1296,796379,24,3136565248,1947,2026837,343071,7613140,22645,4566589440,1,27233:10,94.22894008395365,887717,343351608,2515412
54184609,27233,3260092416,5141110784,1109,1297,798497,24,3136565248,1947,2026848,343072,7613213,22645,4557815808,1,27233:11,103.85334035205678,887717,343351608,2515412
54290607,27233,3267956736,5141110784,1117,1299,800404,24,3138138112,1948,2026856,343074,7613288,22645,4550348800,1,27233:10,94.34187527628609,887718,343352632,2515420
54396132,27233,3267956736,5141110784,1117,1301,800404,24,3146002432,1948,2026857,343079,7613367,22645,4549402624,1,27233:2,18.95279137327311,887734,343369016,2515512
54502373,27233,3267956736,5141110784,1117,1304,800404,24,3153866752,1948,2026857,343083,7613447,22645,4549586944,1,27233:3,28.23772854205595,887749,343384376,2515600
54608635,27233,3267956736,5141110784,1117,1306,800404,24,3162255360,1948,2026857,343086,7613529,22645,4549734400,1,27233:2,18.82134365591181,887764,343399736,2515692
54715123,27233,3267956736,5141110784,1117,1309,800404,24,3170119680,1948,2026857,343088,7613610,22645,4549857280,1,27233:3,28.172276248926774,887779,343415096,2515784
54820807,27233,3267956736,5141110784,1117,1311,800404,24,3177984000,1948,2026858,343090,7613692,22645,4549722112,1,27233:2,18.924359825809596,887794,343430456,2515872
54926223,27233,3267956736,5141110784,1117,1313,800404,24,3185848320,1948,2026858,343094,7613773,22645,4549844992,1,27233:2,18.9723654311701,887809,343445816,2515980
55031796,27233,3267956736,5141110784,1117,1316,800404,24,3194236928,1948,2026859,343096,7613854,22645,4549746688,1,27233:3,28.41637368122451,887825,343462200,2516072
55137925,27233,3267956736,5141110784,1117,1318,800404,24,3202101248,1948,2026859,343099,7613936,22645,4549869568,1,27233:2,18.845003847914224,887840,343477560,2516172
55244482,27233,3267956736,5141110784,1117,1320,800404,24,3209965568,1948,2026860,343101,7614018,22645,4549734400,1,27233:2,18.769245749976456,887855,343492920,2516260
55350031,27233,3267956736,5141110784,1117,1323,800404,24,3217829888,1948,2026860,343106,7614096,22645,4549943296,1,27233:3,28.422880043252803,887871,343509304,2516352
55455795,27233,3267956736,5141110784,1117,1326,800404,24,3225694208,1948,2026861,343108,7614177,22645,4549808128,1,27233:3,28.365180213350406,887886,343524664,2516440
55561960,27233,3267956736,5141110784,1118,1328,800404,24,3234082816,1948,2026862,343110,7614259,22645,4549906432,1,27233:3,28.25792040073499,887901,343540024,2516532
55668235,27233,3268874240,5141110784,1119,1329,800639,24,3239858176,1950,2026864,343112,7614339,22645,4548501504,1,27233:2,18.818960256774172,887916,343553352,2516616
55774390,27233,3277656064,5141110784,1129,1330,802777,24,3239858176,1950,2026874,343113,7614413,22645,4539727872,1,27233:11,103.62233930332403,887916,343553352,2516616
55880295,27233,3286306816,5141110784,1138,1331,804873,24,3239858176,1950,2026884,343115,7614486,22645,4531212288,1,27233:11,94.42449690226748,887916,343553352,2516616
55986212,27233,3294957568,5141110784,1148,1332,807004,24,3239858176,1950,2026893,343116,7614559,22645,4522438656,1,27233:10,103.85436204465222,887916,343553352,2516616
56092274,27233,3303608320,5141110784,1158,1333,809121,24,3239858176,1950,2026904,343117,7614633,22645,4513923072,1,27233:11,103.71356410493912,887916,343553352,2516616
56198326,27233,3312390144,5141110784,1167,1334,811244,24,3239858176,1950,2026913,343121,7614704,22645,4505407488,1,27233:10,94.29343131401498,887916,343553352,2516616
56304677,27233,3321040896,5141110784,1177,1335,813367,24,3239858176,1950,2026924,343122,7614777,22645,4496842752,1,27233:11,103.43080351366851,887916,343553352,2516616
56410701,27233,3329691648,5141110784,1187,1335,815472,24,3239858176,1950,2026934,343123,7614851,22645,4488327168,1,27233:10,94.31836986543173,887916,343553352,2516616
56516731,27233,3338342400,5141110784,1197,1336,817586,24,3239858176,1950,2026945,343124,7614924,22645,4479553536,1,27233:12,103.74437597022212,887916,343553352,2516616
56622746,27233,3346993152,5141110784,1207,1337,819699,24,3239858176,1950,2026954,343125,7614998,22645,4471037952,1,27233:10,103.75897348870504,887916,343553352,2516616
56728735,27233,3356168192,5141110784,1216,1338,821927,24,3239858176,1950,2026965,343131,7615063,22645,4460199936,1,27233:10,94.34944032383747,887916,343553352,2516616
56835137,27233,3364687872,5141110784,1226,1339,824038,24,3239858176,1950,2026975,343132,7615136,22645,4451684352,1,27233:11,103.380783765999,887916,343553352,2516616
56941154,27233,3371765760,5141110784,1234,1340,825748,24,3242479616,1951,2026983,343134,7615211,22645,4445016064,1,27233:9,84.89263816701325,887919,343556424,2516640
57047420,27233,3371765760,5141110784,1234,1343,825748,24,3250343936,1951,2026984,343142,7615289,22645,4444622848,1,27233:3,28.230930479329295,887934,343571784,2516736
57153767,27233,3371765760,5141110784,1234,1346,825748,24,3258208256,1951,2026984,343145,7615370,22645,4444745728,1,27233:3,28.209517389037646,887949,343587144,2516832
57259771,27233,3371765760,5141110784,1234,1349,825748,24,3266072576,1951,2026984,343148,7615451,22645,4444610560,1,27233:3,28.300849272638928,887964,343602504,2516932
57365449,27233,3371765760,5141110784,1234,1352,825748,24,3273936896,1951,2026984,343152,7615532,22645,4444733440,1,27233:3,28.388106560511297,887979,343617864,2517028
57470929,27233,3371765760,5141110784,1234,1355,825748,24,3281801216,1951,2026985,343155,7615612,22645,4444598272,1,27233:3,28.441315242457378,887994,343634248,2517120
57576639,27233,3371765760,5141110784,1234,1358,825748,24,3289665536,1951,2026986,343158,7615693,22645,4444696576,1,27233:3,28.379669845110854,888010,343649608,2517212
57683225,27233,3371765760,5141110784,1234,1361,825748,24,3298054144,1951,2026986,343161,7615775,22645,4444561408,1,27233:3,28.146274537523404,888025,343664968,2517300
57789680,27233,3371765760,5141110784,1234,1364,825748,24,3305918464,1951,2026987,343164,7615856,22645,4444684288,1,27233:3,28.180899014828647,888040,343680328,2517396
57895529,27233,3371765760,5141110784,1234,1366,825748,24,3313782784,1951,2026988,343166,7615937,22645,4444782592,1,27233:2,18.894830945821862,888056,343696712,2517492
58001806,27233,3371765760,5141110784,1234,1369,825748,24,3322171392,1951,2026988,343172,7616015,22645,4444708864,1,27233:3,28.228052858271006,888071,343712072,2517584
58108344,27233,3371765760,5141110784,1234,1371,825748,24,3330035712,1951,2026988,343176,7616097,22645,4444831744,1,27233:3,18.772747231144155,888086,343727432,2517680
58214684,27233,3371765760,5141110784,1234,1374,825748,24,3337900032,1951,2026989,343178,7616178,22645,4444696576,1,27233:2,28.211363181626382,888101,343742792,2517776
58320343,27233,3373600768,5141110784,1234,1377,826213,24,3343159296,1953,2026992,343181,7616258,22645,4442435584,1,27233:4,28.393311917520077,888114,343755112,2517840
58426424,27233,3382251520,5141110784,1244,1379,828315,24,3343159296,1953,2027001,343182,7616331,22645,4434137088,1,27233:11,113.12069608744923,888114,343755112,2517840
58532428,27233,3390902272,5141110784,1253,1380,830437,24,3343159296,1953,2027011,343184,7616405,22645,4425363456,1,27233:10,94.33586789597499,888114,343755112,2517840
58638622,27233,3399684096,5141110784,1262,1382,832560,24,3343159296,1953,2027020,343185,7616478,22645,4416630784,1,27233:11,103.58428365007964,888114,343755112,2517840
58744539,27233,3408334848,5141110784,1271,1383,834668,24,3343159296,1953,2027030,343187,7616552,22645,4408115200,1,27233:11,94.41305640422928,888114,343755112,2517840
58850506,27233,3416985600,5141110784,1282,1383,836798,24,3343159296,1953,2027041,343191,7616622,22645,4399828992,1,27233:10,103.80642103110543,888114,343755112,2517840
58956593,27233,3425767424,5141110784,1292,1384,838922,24,3343159296,1953,2027052,343192,7616695,22645,4390797312,1,27233:11,103.68855442187099,888114,343755112,2517840
59062634,27233,3434549248,5141110784,1301,1385,841064,24,3343159296,1953,2027061,343193,7616769,22645,4382023680,1,27233:10,94.30302683953732,888114,343755112,2517840
59168607,27233,3443200000,5141110784,1310,1387,843186,24,3343159296,1953,2027070,343195,7616842,22645,4373508096,1,27233:11,103.80042123154576,888114,343755112,2517840
59274692,27233,3451850752,5141110784,1319,1388,845315,24,3343159296,1953,2027080,343196,7616916,22645,4364734464,1,27233:10,94.263618597258,888114,343755112,2517840
59380717,27233,3460632576,5141110784,1329,1389,847442,24,3343159296,1953,2027091,343197,7616989,22645,4355960832,1,27233:11,103.74934964484382,888114,343755112,2517840
59486908,27233,3469283328,5141110784,1339,1389,849573,24,3343159296,1953,2027100,343198,7617063,22645,4347187200,1,27233:10,94.16948946774059,888114,343755112,2517840
59592877,27233,3475574784,5141110784,1347,1390,851092,24,3346305024,1954,2027108,343200,7617139,22645,4341272576,1,27233:9,84.93038954285707,888118,343759208,2517868
59698437,27233,3475574784,5141110784,1347,1393,851092,24,3354169344,1954,2027108,343206,7617216,22645,4341452800,1,27233:3,28.419974198263294,888134,343775592,2517968
59804163,27233,3475574784,5141110784,1347,1396,851092,24,3362033664,1954,2027109,343208,7617297,22645,4341342208,1,27233:3,28.375352722186626,888149,343790952,2518056
59910627,27233,3475574784,5141110784,1347,1398,851092,24,3370422272,1954,2027110,343210,7617379,22645,4341538816,1,27233:2,18.78564835077224,888164,343806312,2518148
60017064,27233,3475574784,5141110784,1347,1401,851092,24,3378286592,1954,2027110,343213,7617461,22645,4341477376,1,27233:3,28.18562031096387,888179,343821672,2518244
60122597,27233,3475574784,5141110784,1347,1403,851092,24,3386150912,1954,2027110,343216,7617542,22645,4341440512,1,27233:2,18.951504237745862,888194,343837032,2518348
60227983,27233,3475574784,5141110784,1347,1405,851092,24,3394015232,1954,2027111,343219,7617623,22645,4341379072,1,27233:2,18.977758664644437,888209,343852392,2518436
60333631,27233,3475574784,5141110784,1347,1408,851092,24,3401879552,1954,2027112,343220,7617705,22645,4341575680,1,27233:3,28.396100499819642,888225,343868776,2518528
60439682,27233,3475574784,5141110784,1347,1410,851092,24,3410268160,1954,2027112,343224,7617787,22645,4341465088,1,27233:2,18.85900475279923,888240,343884136,2518624
60545948,27233,3475574784,5141110784,1347,1412,851092,24,3418132480,1954,2027112,343228,7617865,22645,4340895744,1,27233:3,18.820554081440886,888256,343899496,2518720
60652363,27233,3475574784,5141110784,1347,1415,851092,24,3425996800,1954,2027113,343230,7617946,22645,4340932608,1,27233:2,28.191557536286034,888271,343914856,2518812
60757865,27233,3475574784,5141110784,1347,1417,851092,24,3433861120,1954,2027114,343233,7618027,22645,4341055488,1,27233:2,18.956967910327172,888287,343931240,2518912
60863799,27233,3475574784,5141110784,1347,1420,851092,24,3441725440,1954,2027114,343236,7618109,22645,4340957184,1,27233:3,28.3195277209001,888302,343946600,2519016
60970020,27233,3478327296,5141110784,1350,1421,851755,24,3446452224,1956,2027118,343237,7618188,22645,4337909760,1,27233:4,37.657245950309175,888313,343956856,2519072
61076136,27233,3486978048,5141110784,1360,1422,853880,24,3446452224,1956,2027129,343238,7618262,22645,4329136128,1,27233:11,103.66034087289546,888313,343956856,2519072
61182086,27233,3495759872,5141110784,1369,1424,856016,24,3446452224,1956,2027138,343240,7618335,22645,4320362496,1,27233:11,103.82291352258244,888313,343956856,2519072
61287996,27233,3504410624,5141110784,1377,1426,858145,24,3446452224,1956,2027147,343242,7618409,22645,4311588864,1,27233:10,94.41959336483681,888313,343956856,2519072
61397291,27233,3513454592,5141110784,1387,1426,860350,24,3446452224,1956,2027158,343246,7618481,22645,4303085568,1,27233:11,91.49571317879915,888313,343956856,2519072
61503285,27233,3522236416,5141110784,1397,1428,862481,24,3446452224,1956,2027168,343248,7618555,22645,4294053888,1,27233:11,113.21367672915798,888313,343956856,2519072
61609210,27233,3531149312,5141110784,1405,1430,864655,24,3446452224,1956,2027176,343250,7618628,22645,4285022208,1,27233:10,94.40651945744801,888313,343956856,2519072
61715304,27233,3539800064,5141110784,1414,1432,866789,24,3446452224,1956,2027186,343252,7618702,22645,4276535296,1,27233:11,103.68183626187393,888313,343956856,2519072
61821180,27233,3548975104,5141110784,1423,1433,869025,24,3446452224,1956,2027196,343259,7618766,22645,4266463232,1,27233:11,94.45028540751119,888313,343956856,2519072
61927205,27233,3557625856,5141110784,1433,1434,871118,24,3446452224,1956,2027206,343260,7618839,22645,4257718272,1,27233:10,103.74910501070356,888313,343956856,2519072
62033230,27233,3566276608,5141110784,1443,1434,873246,24,3446452224,1956,2027217,343261,7618913,22645,4248944640,1,27233:11,94.31684957124598,888313,343956856,2519072
62139348,27233,3575058432,5141110784,1452,1436,875377,24,3446452224,1956,2027226,343263,7618986,22645,4240171008,1,27233:10,103.6581019568275,888313,343956856,2519072
62245228,27233,3579383808,5141110784,1457,1438,876436,24,3451170816,1957,2027232,343268,7619061,22645,4236587008,1,27233:7,66.1129624209766,888321,343965048,2519124
62351336,27233,3579383808,5141110784,1457,1440,876436,24,3459559424,1957,2027232,343271,7619143,22645,4236488704,1,27233:2,18.848726033927313,888336,343980408,2519220
62457788,27233,3579383808,5141110784,1458,1442,876436,24,3467423744,1957,2027232,343273,7619224,22645,4236611584,1,27233:3,28.18154971412777,888351,343995768,2519316
62563446,27233,3579383808,5141110784,1458,1445,876436,24,3475288064,1957,2027232,343276,7619305,22645,4236427264,1,27233:3,28.393659116688596,888368,344012152,2519408
62669766,27233,3579383808,5141110784,1458,1447,876436,24,3483676672,1957,2027232,343278,7619388,22645,4236574720,1,27233:2,18.811061705634142,888383,344027512,2519504
62776177,27233,3579383808,5141110784,1458,1449,876436,24,3491540992,1957,2027233,343280,7619469,22645,4236439552,1,27233:2,18.795012115781674,888398,344042872,2519600
62881526,27233,3579383808,5141110784,1458,1451,876436,24,3499929600,1957,2027233,343283,7619551,22645,4236599296,1,27233:2,18.984491274817987,888414,344059256,2519696
62988001,27233,3579383808,5141110784,1458,1453,876436,24,3507793920,1957,2027234,343285,7619632,22645,4236464128,1,27233:2,18.78378116293864,888429,344074616,2519788
63093609,27233,3579383808,5141110784,1458,1456,876436,24,3515658240,1957,2027234,343291,7619710,22645,4236759040,1,27233:3,28.406911431852077,888445,344091000,2519884
63199851,27233,3579383808,5141110784,1458,1458,876436,24,3524046848,1957,2027235,343294,7619792,22645,4236660736,1,27233:2,18.82510824037205,888460,344106360,2519980
63306057,27233,3579383808,5141110784,1458,1461,876436,24,3531911168,1957,2027235,343296,7619873,22645,4236783616,1,27233:3,28.246901001890272,888475,344121720,2520080
63411470,27233,3579383808,5141110784,1458,1463,876436,24,3539775488,1957,2027236,343298,7619955,22645,4236599296,1,27233:2,18.97292805071995,888491,344138104,2520172
63517736,27233,3579383808,5141110784,1458,1465,876436,24,3548164096,1957,2027236,343301,7620037,22645,4236746752,1,27233:3,18.820716312510502,888506,344153464,2520272
63624122,27233,3585282048,5141110784,1465,1466,877886,24,3549745152,1959,2027244,343302,7620113,22645,4230344704,1,27233:7,75.19771453090182,888512,344158600,2520296
63730122,27233,3594063872,5141110784,1475,1468,880021,24,3549745152,1959,2027254,343303,7620186,22645,4221587456,1,27233:12,113.20833642415677,888512,344158600,2520296
63836136,27233,3602845696,5141110784,1484,1469,882155,24,3549745152,1959,2027264,343304,7620260,22645,4212813824,1,27233:10,94.32663582147944,888512,344158600,2520296
63942107,27233,3611496448,5141110784,1493,1470,884287,24,3549745152,1959,2027274,343308,7620330,22645,4204187648,1,27233:10,94.3654298060816,888512,344158600,2520296
64048182,27233,3620278272,5141110784,1503,1471,886416,24,3549745152,1959,2027284,343310,7620404,22645,4195155968,1,27233:11,103.70044674152456,888512,344158600,2520296
64154195,27233,3628929024,5141110784,1512,1472,888542,24,3549745152,1959,2027294,343311,7620477,22645,4186382336,1,27233:10,94.32760032188351,888512,344158600,2520296
64260222,27233,3637710848,5141110784,1522,1473,890671,24,3549745152,1959,2027305,343311,7620551,22645,4177608704,1,27233:12,103.74710786073729,888512,344158600,2520296
64366198,27233,3646361600,5141110784,1533,1473,892787,24,3549745152,1959,2027315,343312,7620624,22645,4169056256,1,27233:10,103.79723794606215,888512,344158600,2520296
64472126,27233,3654881280,5141110784,1542,1474,894886,24,3549745152,1959,2027325,343313,7620698,22645,4160282624,1,27233:10,94.40432879343545,888512,344158600,2520296
64578194,27233,3663532032,5141110784,1552,1475,896998,24,3549745152,1959,2027335,343314,7620771,22645,4151767040,1,27233:11,103.70676155169112,888512,344158600,2520296
64684222,27233,3672313856,5141110784,1561,1476,899119,24,3549745152,1959,2027346,343318,7620842,22645,4143542272,1,27233:11,94.31436685563021,888512,344158600,2520296
64790313,27233,3680964608,5141110784,1571,1477,901247,24,3549745152,1959,2027355,343320,7620915,22645,4134510592,1,27233:10,103.68529589804002,888512,344158600,2520296
64896223,27233,3683192832,5141110784,1573,1479,901780,24,3556560896,1960,2027358,343321,7620995,22645,4132761600,1,27233:4,37.767822725242624,888523,344169864,2520368
65001570,27233,3683192832,5141110784,1574,1481,901780,24,3564425216,1960,2027358,343323,7621076,22645,4132626432,1,27233:3,28.47716481650843,888539,344186248,2520460
65107339,27233,3683192832,5141110784,1574,1483,901780,24,3572289536,1960,2027358,343326,7621158,22645,4132786176,1,27233:2,18.909278406619485,888554,344201608,2520560
65213588,27233,3683192832,5141110784,1574,1485,901780,24,3580678144,1960,2027358,343328,7621241,22645,4132651008,1,27233:2,18.823580080413205,888569,344216968,2520652
65320210,27233,3683192832,5141110784,1574,1487,901780,24,3588542464,1960,2027358,343330,7621322,22645,4132773888,1,27233:2,18.757986974997827,888584,344232328,2520748
65425564,27233,3683192832,5141110784,1574,1489,901780,24,3596406784,1960,2027359,343332,7621404,22645,4132638720,1,27233:2,18.983455330192623,888599,344247688,2520840
65531135,27233,3683192832,5141110784,1574,1491,901780,24,3604271104,1960,2027359,343338,7621482,22645,4132540416,1,27233:2,18.9446229064759,888615,344264072,2520928
65637233,27233,3683192832,5141110784,1574,1493,901780,24,3612659712,1960,2027360,343340,7621565,22645,4132380672,1,27233:2,18.85050257372038,888630,344279432,2521032
65743604,27233,3683192832,5141110784,1574,1495,901780,24,3620524032,1960,2027360,343342,7621647,22645,4132503552,1,27233:2,18.80224898212615,888645,344294792,2521120
65849682,27233,3683192832,5141110784,1574,1497,901780,24,3628388352,1960,2027360,343344,7621728,22645,4132368384,1,27233:2,18.85398982900779,888660,344310152,2521212
65955128,27233,3683192832,5141110784,1574,1499,901780,24,3636252672,1960,2027360,343346,7621809,22645,4132491264,1,27233:2,18.96705782430018,888675,344325512,2521300
66060574,27233,3683192832,5141110784,1575,1501,901780,24,3644641280,1960,2027361,343348,7621891,22645,4132306944,1,27233:3,28.450530615672896,888691,344341896,2521392
66166930,27233,3683192832,5141110784,1575,1503,901780,24,3652505600,1960,2027362,343350,7621974,22645,4132515840,1,27233:2,18.804775431350286,888706,344357256,2521492
66273248,27233,3690008576,5141110784,1582,1505,903460,24,3653038080,1962,2027370,343352,7622049,22645,4125327360,1,27233:9,84.65206674352697,888710,344360344,2521504
66379355,27233,3698790400,5141110784,1591,1507,905578,24,3653038080,1962,2027379,343356,7622119,22645,4116787200,1,27233:11,103.66888813072377,888710,344360344,2521504
66485350,27233,3707441152,5141110784,1600,1508,907707,24,3653038080,1962,2027389,343358,7622193,22645,4108013568,1,27233:10,94.34361800472853,888710,344360344,2521504
66591451,27233,3716222976,5141110784,1609,1509,909847,24,3653038080,1962,2027399,343359,7622266,22645,4099239936,1,27233:10,94.24962580777938,888710,344360344,2521504
66697408,27233,3725004800,5141110784,1619,1510,911974,24,3653038080,1962,2027409,343360,7622340,22645,4090470400,1,27233:11,103.81576936620887,888710,344360344,2521504
66803481,27233,3733655552,5141110784,1627,1513,914106,24,3653038080,1962,2027418,343363,7622413,22645,4081696768,1,27233:11,103.70260536392111,888710,344360344,2521504
66909479,27233,3742830592,5141110784,1636,1514,916351,24,3653038080,1962,2027427,343372,7622478,22645,4071632896,1,27233:10,94.34135638643625,888710,344360344,2521504
67015582,27233,3751612416,5141110784,1646,1515,918483,24,3653038080,1962,2027437,343374,7622551,22645,4062859264,1,27233:11,103.67316277678047,888710,344360344,2521504
67121564,27233,3760394240,5141110784,1655,1516,920624,24,3653038080,1962,2027447,343377,7622622,22645,4054503424,1,27233:10,94.35500517777808,888710,344360344,2521504
67227673,27233,3769176064,5141110784,1665,1517,922789,24,3653038080,1962,2027458,343378,7622695,22645,4045213696,1,27233:11,103.66721940457337,888710,344360344,2521504
67333630,27233,3778088960,5141110784,1674,1519,924960,24,3653038080,1962,2027467,343380,7622769,22645,4036440064,1,27233:11,103.81597316338218,888710,344360344,2521504
67439667,27233,3786870784,5141110784,1683,1520,927094,24,3654086656,1963,2027477,343381,7622843,22645,4027895808,1,27233:10,94.30658330870045,888710,344360344,2521504
67546130,27233,3787001856,5141110784,1683,1522,927124,24,3661950976,1963,2027477,343384,7622925,22645,4027760640,1,27233:2,18.785935263328934,888725,344375704,2521608
67652560,27233,3787001856,5141110784,1683,1524,927124,24,3669815296,1963,2027478,343386,7623007,22645,4027883520,1,27233:2,18.79160526000709,888740,344391064,2521700
67758185,27233,3787001856,5141110784,1684,1526,927124,24,3677679616,1963,2027478,343387,7623088,22645,4027674624,1,27233:3,28.402317117835107,888755,344406424,2521792
67863583,27233,3787001856,5141110784,1684,1528,927124,24,3685543936,1963,2027479,343392,7623170,22645,4030541824,1,27233:2,18.975785578784375,888771,344422808,2521900
67972245,27233,3787001856,5141110784,1684,1531,927124,24,3693932544,1963,2027480,343396,7623250,22645,4030996480,1,27233:3,27.60850517549498,888786,344438168,2521988
68078620,27233,3787001856,5141110784,1684,1533,927124,24,3701796864,1963,2027480,343398,7623331,22645,4030935040,1,27233:2,18.80134311906893,888801,344453528,2522088
68184418,27233,3787001856,5141110784,1684,1535,927124,24,3709661184,1963,2027481,343400,7623413,22645,4030873600,1,27233:2,18.903961363856915,888817,344468888,2522188
68289851,27233,3787001856,5141110784,1684,1537,927124,24,3717525504,1963,2027481,343402,7623494,22645,4030836736,1,27233:2,18.969501376317947,888833,344485272,2522280
68395859,27233,3787001856,5141110784,1684,1539,927124,24,3725914112,1963,2027482,343404,7623577,22645,4030214144,1,27233:2,18.866379976929814,888848,344500632,2522368
68502370,27233,3787001856,5141110784,1684,1542,927124,24,3733778432,1963,2027482,343407,7623658,22645,4030337024,1,27233:3,28.166170755851677,888863,344515992,2522468
68608053,27233,3787001856,5141110784,1684,1544,927124,24,3741642752,1963,2027483,343408,7623740,22645,4030201856,1,27233:2,18.924591181519002,888878,344531352,2522560
68713478,27233,3787001856,5141110784,1684,1546,927124,24,3750031360,1963,2027483,343411,7623821,22645,4030595072,1,27233:2,18.970805893208762,888894,344547736,2522664
68820220,27233,3787526144,5141110784,1684,1548,927246,24,3756331008,1965,2027484,343418,7623900,22645,4029464576,1,27233:3,18.736650780391344,888909,344562088,2522752
68926138,27233,3796307968,5141110784,1693,1550,929384,24,3756331008,1965,2027494,343419,7623973,22645,4020432896,1,27233:10,103.85448362937053,888909,344562088,2522752
69032284,27233,3805089792,5141110784,1703,1550,931521,24,3756331008,1965,2027505,343420,7624047,22645,4011659264,1,27233:11,94.20963290104868,888909,344562088,2522752
69138234,27233,3813740544,5141110784,1713,1551,933653,24,3756331008,1965,2027515,343420,7624120,22645,4002885632,1,27233:10,103.82246471794103,888909,344562088,2522752
69244271,27233,3822522368,5141110784,1722,1553,935781,24,3756331008,1965,2027525,343422,7624194,22645,3994112000,1,27233:11,103.73793526634012,888909,344562088,2522752
69350216,27233,3831173120,5141110784,1732,1553,937906,24,3756331008,1965,2027535,343423,7624267,22645,3985596416,1,27233:10,94.38810518078094,888909,344562088,2522752
69456285,27233,3839954944,5141110784,1742,1554,940037,24,3756331008,1965,2027546,343424,7624341,22645,3976822784,1,27233:11,103.70623162166481,888909,344562088,2522752
69562383,27233,3848736768,5141110784,1751,1555,942175,24,3756331008,1965,2027555,343428,7624412,22645,3968638976,1,27233:10,94.25262302457931,888909,344562088,2522752
69668389,27233,3857518592,5141110784,1761,1556,944332,24,3756331008,1965,2027565,343429,7624485,22645,3959873536,1,27233:11,103.76794619462186,888909,344562088,2522752
69774407,27233,3866169344,5141110784,1770,1558,946457,24,3756331008,1965,2027574,343430,7624558,22645,3951099904,1,27233:11,103.75518010706082,888909,344562088,2522752
69880424,27233,3874951168,5141110784,1780,1559,948591,24,3756331008,1965,2027584,343432,7624632,22645,3942326272,1,27233:11,103.75754653396265,888909,344562088,2522752
69986402,27233,3883732992,5141110784,1790,1559,950727,24,3756331008,1965,2027594,343433,7624705,22645,3933552640,1,27233:10,94.35889945252495,888909,344562088,2522752
70092413,27233,3890810880,5141110784,1797,1562,952468,24,3757903872,1966,2027601,343436,7624780,22646,3926892544,1,27233:10,94.32967620008597,888912,344564136,2522772
70197740,27233,3890810880,5141110784,1797,1564,952468,24,3766292480,1966,2027602,343439,7624861,22647,3926732800,1,27233:2,18.988614369857988,888928,344579496,2522864
70303108,27233,3890810880,5141110784,1797,1566,952468,24,3774156800,1966,2027602,343444,7624939,22647,3926769664,1,27233:2,18.980962967268127,888943,344594856,2522960
70408808,27233,3890810880,5141110784,1797,1568,952468,24,3782021120,1966,2027603,343446,7625021,22647,3926634496,1,27233:2,18.92161460975707,888959,344611240,2523052
70515059,27233,3890810880,5141110784,1797,1570,952468,24,3790409728,1966,2027603,343448,7625103,22647,3926794240,1,27233:2,18.82335845137971,888974,344626600,2523144
70621521,27233,3890810880,5141110784,1797,1573,952468,24,3798274048,1966,2027604,343450,7625185,22647,3926659072,1,27233:3,28.1788698095919,888989,344641960,2523240
70727095,27233,3890810880,5141110784,1797,1575,952468,24,3806138368,1966,2027604,343452,7625266,22647,3926695936,1,27233:2,18.944032177575295,889004,344657320,2523328
70832426,27233,3890810880,5141110784,1797,1577,952468,24,3814002688,1966,2027604,343456,7625348,22647,3926634496,1,27233:2,18.987885871223305,889020,344673704,2523432
70938108,27233,3890810880,5141110784,1797,1579,952468,24,3822391296,1966,2027605,343458,7625429,22647,3926548480,1,27233:2,18.924725305956272,889035,344689064,2523528
71044293,27233,3890810880,5141110784,1797,1581,952468,24,3830255616,1966,2027606,343459,7625512,22647,3926401024,1,27233:2,18.834991722962886,889050,344704424,2523620
71151325,27233,3890810880,5141110784,1797,1583,952468,24,3838119936,1966,2027606,343464,7625591,22647,3926855680,1,27233:2,18.685936551192377,889065,344719784,2523716
71256868,27233,3890810880,5141110784,1797,1585,952468,24,3845984256,1966,2027606,343466,7625673,22647,3926302720,1,27233:2,18.949641280921846,889081,344736168,2523804
71362865,27233,3890810880,5141110784,1797,1587,952468,24,3854372864,1966,2027607,343468,7625755,22647,3926450176,1,27233:2,18.868530813358024,889096,344751528,2523896
71468918,27233,3892383744,5141110784,1798,1588,952859,24,3859632128,1968,2027610,343470,7625835,22647,3924594688,1,27233:3,18.858508261634306,889109,344763848,2523968
71574999,27233,3901165568,5141110784,1808,1590,954991,24,3859632128,1968,2027618,343472,7625909,22647,3915821056,1,27233:11,113.12087310309728,889109,344763848,2523968
71680970,27233,3909947392,5141110784,1817,1591,957119,24,3859632128,1968,2027628,343473,7625982,22647,3907047424,1,27233:10,94.36498456646522,889109,344763848,2523968
71787168,27233,3918598144,5141110784,1827,1591,959250,24,3859632128,1968,2027639,343474,7626056,22647,3898273792,1,27233:10,94.16439070549629,889109,344763848,2523968
71893160,27233,3927379968,5141110784,1837,1592,961386,24,3859632128,1968,2027649,343478,7626126,22647,3890880512,1,27233:11,103.78152908799076,889109,344763848,2523968
72000322,27233,3936686080,5141110784,1846,1594,963647,24,3859632128,1968,2027658,343486,7626192,22647,3881074688,1,27233:11,102.64837759993293,889109,344763848,2523968
72106213,27233,3945336832,5141110784,1856,1595,965787,24,3859632128,1968,2027668,343487,7626265,22647,3872043008,1,27233:11,103.87965681523312,889109,344763848,2523968
72212199,27233,3954118656,5141110784,1866,1595,967932,24,3859632128,1968,2027679,343488,7626339,22647,3863269376,1,27233:10,94.35244567294684,889109,344763848,2523968
72318186,27233,3963031552,5141110784,1875,1597,970079,24,3859632128,1968,2027688,343489,7626412,22647,3854495744,1,27233:11,103.78601670805794,889109,344763848,2523968
72424323,27233,3971682304,5141110784,1884,1599,972212,24,3859632128,1968,2027698,343491,7626486,22647,3845722112,1,27233:11,103.64027808684042,889109,344763848,2523968
72530364,27233,3980464128,5141110784,1894,1599,974346,24,3859632128,1968,2027708,343492,7626559,22647,3836948480,1,27233:10,94.30276716287494,889109,344763848,2523968
72636304,27233,3989114880,5141110784,1904,1600,976476,24,3859632128,1968,2027719,343495,7626630,22647,3828199424,1,27233:11,103.83197863908124,889109,344763848,2523968
72742391,27233,3994619904,5141110784,1910,1601,977812,24,3863302144,1969,2027725,343496,7626707,22647,3822555136,1,27233:7,65.98398877774484,889114,344768968,2524012
72847817,27233,3994619904,5141110784,1910,1603,977812,24,3871166464,1969,2027725,343500,7626788,22647,3822678016,1,27233:2,18.970580963703046,889130,344785352,2524116
72953694,27233,3994619904,5141110784,1910,1605,977812,24,3879555072,1969,2027726,343502,7626871,22647,3822518272,1,27233:2,18.889856364365684,889145,344800712,2524216
73060024,27233,3994619904,5141110784,1910,1607,977812,24,3887419392,1969,2027726,343504,7626953,22647,3822641152,1,27233:2,18.80939572201737,889160,344816072,2524304
73166051,27233,3994619904,5141110784,1910,1609,977812,24,3895283712,1969,2027726,343506,7627034,22647,3822505984,1,27233:2,18.863140052986182,889175,344831432,2524404
73271463,27233,3994619904,5141110784,1910,1611,977812,24,3903148032,1969,2027727,343508,7627116,22647,3822166016,1,27233:2,18.973070420713796,889190,344846792,2524504
73376857,27233,3994619904,5141110784,1910,1614,977812,24,3911012352,1969,2027728,343513,7627195,22647,3822657536,1,27233:3,28.464601194238035,889206,344863176,2524596
73483151,27233,3994619904,5141110784,1910,1616,977812,24,3919400960,1969,2027728,343515,7627277,22647,3822817280,1,27233:2,18.81584723338368,889221,344878536,2524684
73589289,27233,3994619904,5141110784,1910,1617,977812,24,3927265280,1969,2027728,343516,7627359,22647,3822682112,1,27233:1,9.421651099319662,889236,344893896,2524780
73695519,27233,3994619904,5141110784,1910,1619,977812,24,3935129600,1969,2027729,343520,7627441,22647,3822804992,1,27233:2,18.82713872930614,889252,344910280,2524876
73801332,27233,3994619904,5141110784,1910,1621,977812,24,3942993920,1969,2027729,343522,7627523,22647,3822620672,1,27233:2,18.90129637187348,889267,344925640,2524980
73907626,27233,3994619904,5141110784,1910,1623,977812,24,3951382528,1969,2027730,343525,7627605,22647,3822829568,1,27233:2,18.815640655583206,889282,344941000,2525072
74013996,27233,3994619904,5141110784,1910,1625,977812,24,3959246848,1969,2027730,343527,7627687,22647,3822694400,1,27233:3,18.80225640614498,889298,344956360,2525176
74120065,27233,3998289920,5141110784,1913,1628,978696,24,3962925056,1971,2027736,343532,7627763,22647,3818295296,1,27233:5,56.56741354571204,889308,344965592,2525228
74226048,27233,4006940672,5141110784,1923,1629,980829,24,3962925056,1971,2027746,343532,7627836,22647,3809914880,1,27233:11,103.79017860525306,889308,344965592,2525228
74332137,27233,4015853568,5141110784,1933,1629,982974,24,3962925056,1971,2027756,343533,7627910,22647,3801141248,1,27233:10,94.2603594609382,889308,344965592,2525228
74438193,27233,4024504320,5141110784,1944,1629,985117,24,3962925056,1971,2027767,343534,7627983,22647,3792367616,1,27233:11,103.7183323887422,889308,344965592,2525228
74544304,27233,4033286144,5141110784,1953,1630,987247,24,3962925056,1971,2027777,343535,7628057,22647,3783593984,1,27233:10,94.24107670354742,889308,344965592,2525228
74650344,27233,4042067968,5141110784,1962,1632,989376,24,3962925056,1971,2027787,343536,7628130,22647,3774820352,1,27233:11,103.73430776941204,889308,344965592,2525228
74756380,27233,4050718720,5141110784,1971,1633,991508,24,3962925056,1971,2027797,343538,7628204,22647,3765841920,1,27233:11,94.3079547420652,889308,344965592,2525228
74862438,27233,4059500544,5141110784,1981,1634,993631,24,3962925056,1971,2027806,343542,7628275,22647,3757252608,1,27233:10,103.71662099772409,889308,344965592,2525228
74968424,27233,4068151296,5141110784,1991,1635,995767,24,3962925056,1971,2027817,343542,7628348,22647,3748220928,1,27233:11,103.78756783260582,889308,344965592,2525228
75074377,27233,4076933120,5141110784,2001,1636,997896,24,3962925056,1971,2027826,343543,7628421,22647,3739447296,1,27233:11,103.81985134092116,889308,344965592,2525228
75180433,27233,4085714944,5141110784,2010,1637,1000039,24,3962925056,1971,2027837,343544,7628495,22647,3730673664,1,27233:10,94.28920726980726,889308,344965592,2525228
75286382,27233,4094496768,5141110784,2020,1638,1002178,24,3962925056,1971,2027846,343546,7628568,22647,3721900032,1,27233:11,103.82417960374937,889308,344965592,2525228
75392356,27233,4098428928,5141110784,2025,1639,1003156,24,3968172032,1972,2027851,343547,7628646,22647,3718258688,1,27233:6,56.61754339876246,889317,344973792,2525280
75498708,27233,4098428928,5141110784,2025,1641,1003156,24,3976036352,1972,2027852,343550,7628728,22647,3718381568,1,27233:2,18.805460771070717,889332,344989152,2525384
75604098,27233,4098428928,5141110784,2025,1643,1003156,24,3983900672,1972,2027852,343555,7628807,22647,3718123520,1,27233:2,18.97704594402601,889347,345004512,2525480
75709777,27233,4098428928,5141110784,2025,1645,1003156,24,3991764992,1972,2027852,343557,7628888,22647,3718246400,1,27233:2,18.925262539048614,889363,345020896,2525572
75815684,27233,4098428928,5141110784,2025,1647,1003156,24,4000153600,1972,2027853,343559,7628971,22647,3718148096,1,27233:2,18.88446108077338,889378,345036256,2525660
75921982,27233,4098428928,5141110784,2025,1649,1003156,24,4008017920,1972,2027854,343560,7629053,22647,3718270976,1,27233:2,18.815035817619236,889393,345051616,2525756
76028409,27233,4098428928,5141110784,2025,1651,1003156,24,4015882240,1972,2027854,343562,7629135,22647,3718135808,1,27233:2,18.792223424653077,889409,345066976,2525844
76134005,27233,4098428928,5141110784,2025,1653,1003156,24,4023746560,1972,2027854,343564,7629216,22647,3718258688,1,27233:2,18.94014526769438,889424,345082336,2525936
76239490,27233,4098428928,5141110784,2025,1655,1003156,24,4032135168,1972,2027855,343566,7629298,22647,3718356992,1,27233:2,18.960150276634284,889440,345098720,2526028
76345689,27233,4098428928,5141110784,2026,1657,1003156,24,4039999488,1972,2027856,343570,7629378,22647,3718098944,1,27233:3,28.24879637763801,889455,345114080,2526120
76452168,27233,4098428928,5141110784,2026,1659,1003156,24,4047863808,1972,2027856,343572,7629460,22647,3718221824,1,27233:2,18.78292858689229,889470,345129440,2526216
76557885,27233,4098428928,5141110784,2026,1661,1003156,24,4055728128,1972,2027857,343574,7629541,22647,3718086656,1,27233:2,18.918586718762402,889486,345145824,2526308
76663947,27233,4098428928,5141110784,2026,1663,1003156,24,4063592448,1972,2027858,343575,7629624,22647,3718025216,1,27233:2,18.856826752074515,889501,345161184,2526396
76770501,27233,4102885376,5141110784,2030,1664,1004246,24,4067258368,1974,2027862,343577,7629701,22647,3713318912,1,27233:5,46.92465567063066,889509,345169368,2526444
76876556,27233,4111667200,5141110784,2040,1665,1006390,24,4067258368,1974,2027873,343578,7629775,22647,3704287232,1,27233:11,103.71988051281183,889509,345169368,2526444
76982637,27233,4120580096,5141110784,2050,1665,1008550,24,4067258368,1974,2027884,343580,7629846,22647,3695583232,1,27233:10,94.26706101594836,889509,345169368,2526444
77088766,27233,4129755136,5141110784,2060,1666,1010807,24,4067258368,1974,2027894,343588,7629911,22647,3692318720,1,27233:12,103.6481315539776,889509,345169368,2526444
77194893,27233,4138799104,5141110784,2071,1666,1013027,24,4067258368,1974,2027905,343588,7629984,22647,3683028992,1,27233:10,103.64866089039589,889509,345169368,2526444
77300883,27233,4147974144,5141110784,2080,1667,1015252,24,4067258368,1974,2027916,343589,7630058,22647,3673997312,1,27233:11,94.34877269229507,889509,345169368,2526444
77407018,27233,4157149184,5141110784,2090,1668,1017487,24,4067258368,1974,2027925,343590,7630131,22647,3664707584,1,27233:10,103.64178384469562,889509,345169368,2526444
77513093,27233,4166062080,5141110784,2100,1668,1019678,24,4067258368,1974,2027936,343591,7630205,22647,3655933952,1,27233:10,94.27280101291224,889509,345169368,2526444
77619205,27233,4175237120,5141110784,2111,1669,1021922,24,4067258368,1974,2027947,343592,7630279,22647,3646644224,1,27233:12,113.08826998422164,889509,345169368,2526444
77725205,27233,4184412160,5141110784,2121,1669,1024143,24,4067258368,1974,2027957,343592,7630352,22647,3637612544,1,27233:10,94.33913136603289,889509,345169368,2526444
77831355,27233,4193456128,5141110784,2130,1670,1026371,24,4067258368,1974,2027967,343596,7630423,22647,3627794432,1,27233:10,94.20697033982094,889509,345169368,2526444
77937292,27233,4202237952,5141110784,2140,1671,1028500,24,4067786752,1975,2027977,343597,7630497,22648,3619254272,1,27233:11,103.83467397899389,889511,345170400,2526452
78043366,27233,4202237952,5141110784,2140,1673,1028500,24,4076175360,1975,2027977,343600,7630578,22648,3619106816,1,27233:2,18.85471555493293,889526,345185760,2526548
78149623,27233,4202237952,5141110784,2140,1675,1028500,24,4084563968,1975,2027977,343602,7630661,22648,3619254272,1,27233:2,18.82241388479781,889541,345201120,2526640
78256121,27233,4202237952,5141110784,2140,1677,1028500,24,4092428288,1975,2027978,343605,7630743,22648,3619119104,1,27233:2,18.779636320135896,889556,345216480,2526736
78361708,27233,4202237952,5141110784,2140,1679,1028500,24,4100292608,1975,2027978,343608,7630824,22648,3619241984,1,27233:2,18.941692413319927,889571,345231840,2526840
78467274,27233,4202237952,5141110784,2140,1681,1028500,24,4108156928,1975,2027978,343612,7630904,22648,3619045376,1,27233:2,18.945490404445394,889587,345248224,2526932
78573385,27233,4202237952,5141110784,2140,1683,1028500,24,4116545536,1975,2027979,343615,7630986,22648,3619205120,1,27233:3,18.848296694506356,889602,345263584,2527036
78679769,27233,4202237952,5141110784,2140,1686,1028500,24,4124409856,1975,2027980,343617,7631068,22648,3619069952,1,27233:2,28.199629084638723,889617,345278944,2527128
78785191,27233,4202237952,5141110784,2140,1688,1028500,24,4132274176,1975,2027980,343620,7631149,22648,3619192832,1,27233:2,18.971308135060085,889633,345295328,2527228
78891081,27233,4202237952,5141110784,2140,1690,1028500,24,4140138496,1975,2027980,343622,7631231,22648,3619008512,1,27233:2,18.887544767258607,889648,345310688,2527324
78997231,27233,4202237952,5141110784,2140,1692,1028500,24,4148527104,1975,2027981,343624,7631313,22648,3619364864,1,27233:2,18.841401522927875,889663,345326048,2527424
79103438,27233,4202237952,5141110784,2140,1694,1028500,24,4156391424,1975,2027982,343626,7631395,22648,3619229696,1,27233:2,18.831090205253233,889678,345341408,2527520
79208829,27233,4202237952,5141110784,2140,1696,1028500,24,4164255744,1975,2027982,343630,7631474,22648,3620028416,1,27233:2,18.976978420215126,889694,345357792,2527612
79314747,27233,4202631168,5141110784,2140,1698,1028587,24,4171591680,1977,2027983,343632,7631556,22648,3619401728,1,27233:2,18.882477396140356,889709,345373144,2527700
79421150,27233,4211806208,5141110784,2148,1701,1030845,24,4171591680,1977,2027992,343634,7631629,22648,3610112000,1,27233:11,103.38025813373785,889709,345373144,2527700
79527273,27233,4220981248,5141110784,2157,1702,1033094,24,4171591680,1977,2028002,343636,7631703,22648,3600822272,1,27233:10,94.23090062851162,889709,345373144,2527700
79633295,27233,4230287360,5141110784,2166,1703,1035344,24,4171591680,1977,2028012,343637,7631776,22648,3591790592,1,27233:11,94.3193706709767,889709,345373144,2527700
79739396,27233,4239462400,5141110784,2177,1703,1037594,24,4171591680,1977,2028024,343637,7631850,22648,3582509056,1,27233:10,103.67556552688295,889709,345373144,2527700
79845343,27233,4248637440,5141110784,2187,1704,1039837,24,4171591680,1977,2028034,343638,7631923,22648,3573219328,1,27233:11,103.82470975991158,889709,345373144,2527700
79951699,27233,4257681408,5141110784,2196,1705,1042041,24,4171591680,1977,2028044,343642,7631995,22648,3564101632,1,27233:10,94.02439344417174,889709,345373144,2527700
80057696,27233,4266856448,5141110784,2206,1707,1044284,24,4171591680,1977,2028053,343644,7632068,22648,3555069952,1,27233:12,113.21016061568893,889709,345373144,2527700
80163812,27233,4276031488,5141110784,2215,1707,1046518,24,4171591680,1977,2028064,343645,7632142,22648,3545780224,1,27233:9,84.81340579539426,889709,345373144,2527700
80269823,27233,4285206528,5141110784,2225,1709,1048764,24,4171591680,1977,2028072,343647,7632215,22648,3536748544,1,27233:12,113.19498786554448,889709,345373144,2527700
80375883,27233,4294381568,5141110784,2234,1710,1051008,24,4171591680,1977,2028082,343648,7632289,22648,3527458816,1,27233:10,94.28654109786268,889709,345373144,2527700
80481991,27233,4303556608,5141110784,2244,1711,1053249,24,4171591680,1977,2028092,343649,7632362,22648,3518169088,1,27233:11,103.6681553696509,889709,345373144,2527700
80588030,27233,4306046976,5141110784,2246,1713,1053844,24,4178411520,1978,2028095,343654,7632439,22649,3516096512,1,27233:4,37.72183326034945,889721,345384416,2527772
80694387,27233,4306046976,5141110784,2246,1715,1053844,24,4186275840,1978,2028095,343656,7632521,22649,3515961344,1,27233:2,18.80463557584693,889736,345399776,2527876
80800600,27233,4306046976,5141110784,2246,1717,1053844,24,4194140160,1978,2028095,343659,7632603,22649,3516084224,1,27233:2,18.83002643547411,889751,345415136,2527968
80906129,27233,4306046976,5141110784,2246,1719,1053844,24,4202004480,1978,2028096,343660,7632684,22649,3515949056,1,27233:2,18.95224503319699,889766,345430496,2528060
81011653,27233,4306046976,5141110784,2247,1721,1053844,24,4210393088,1978,2028096,343662,7632766,22649,3516022784,1,27233:3,28.42953486760204,889782,345446880,2528152
81117884,27233,4306046976,5141110784,2247,1723,1053844,24,4218257408,1978,2028097,343664,7632849,22649,3515973632,1,27233:2,18.82689504041786,889797,345462240,2528244
81224311,27233,4306046976,5141110784,2247,1725,1053844,24,4226121728,1978,2028097,343668,7632928,22649,3516121088,1,27233:2,18.792230664182924,889812,345477600,2528336
81330081,27233,4306046976,5141110784,2247,1727,1053844,24,4233986048,1978,2028098,343670,7633010,22649,3515985920,1,27233:2,18.908898505891642,889827,345492960,2528432
81435518,27233,4306046976,5141110784,2247,1728,1053844,24,4241850368,1978,2028098,343672,7633091,22649,3516084224,1,27233:1,9.484375837588942,889843,345509344,2528524
81541883,27233,4306046976,5141110784,2247,1730,1053844,24,4250238976,1978,2028099,343673,7633174,22649,3515949056,1,27233:2,18.80306654323456,889858,345524704,2528624
81648275,27233,4306046976,5141110784,2247,1732,1053844,24,4258103296,1978,2028100,343675,7633256,22649,3516071936,1,27233:3,18.798420030393288,889874,345540064,2528712
81754389,27233,4306046976,5141110784,2248,1734,1053844,24,4265967616,1978,2028100,343677,7633338,22649,3516194816,1,27233:2,28.27159031615855,889890,345556448,2528812
81860114,27233,4306046976,5141110784,2248,1736,1053844,24,4273831936,1978,2028100,343679,7633420,22649,3516010496,1,27233:2,18.916968911749247,889905,345571808,2528904
81966524,27233,4312469504,5141110784,2254,1737,1055422,24,4275924992,1980,2028107,343682,7633493,22649,3509657600,1,27233:7,65.78321253201776,889910,345576920,2528936
82072511,27233,4321775616,5141110784,2264,1738,1057673,24,4275924992,1980,2028117,343687,7633563,22649,3500109824,1,27233:11,103.78622038843501,889910,345576920,2528936
82179390,27233,4331081728,5141110784,2274,1739,1059963,24,4275924992,1980,2028128,343692,7633632,22649,3490045952,1,27233:11,102.9200504791036,889910,345576920,2528936
82285558,27233,4340387840,5141110784,2283,1740,1062219,24,4275924992,1980,2028137,343694,7633705,22649,3481014272,1,27233:10,94.19022184368639,889910,345576920,2528936
82391654,27233,4349562880,5141110784,2292,1741,1064457,24,4275924992,1980,2028148,343695,7633779,22649,3471724544,1,27233:10,94.25491859160267,889910,345576920,2528936
82497662,27233,4358737920,5141110784,2303,1741,1066698,24,4275924992,1980,2028158,343695,7633852,22649,3462692864,1,27233:11,103.76541680530356,889910,345576920,2528936
82603792,27233,4367781888,5141110784,2313,1742,1068912,24,4275924992,1980,2028170,343698,7633923,22649,3453095936,1,27233:11,103.64605625578152,889910,345576920,2528936
82709767,27233,4376825856,5141110784,2324,1742,1071137,24,4275924992,1980,2028180,343698,7633997,22649,3444117504,1,27233:11,103.79870713048523,889910,345576920,2528936
82815876,27233,4385869824,5141110784,2333,1743,1073338,24,4275924992,1980,2028190,343700,7634070,22649,3435085824,1,27233:10,94.242519949987,889910,345576920,2528936
82921928,27233,4395044864,5141110784,2343,1744,1075575,24,4275924992,1980,2028199,343702,7634144,22649,3426054144,1,27233:11,103.72224435172974,889910,345576920,2528936
83027952,27233,4403957760,5141110784,2351,1746,1077747,24,4275924992,1980,2028209,343704,7634217,22649,3417022464,1,27233:10,94.31888850245393,889910,345576920,2528936
83134176,27233,4409856000,5141110784,2357,1748,1079188,24,4279599104,1981,2028215,343706,7634293,22650,3411181568,1,27233:8,75.31209898660794,889916,345582048,2528976
83240090,27233,4409856000,5141110784,2358,1750,1079188,24,4287463424,1981,2028216,343710,7634372,22650,3411255296,1,27233:3,28.32499785296516,889931,345597408,2529068
83345580,27233,4409856000,5141110784,2358,1752,1079188,24,4295327744,1981,2028216,343711,7634454,22650,3411120128,1,27233:2,18.95913172409424,889946,345612768,2529160
83451254,27233,4409856000,5141110784,2358,1754,1079188,24,4303716352,1981,2028217,343714,7634536,22650,3411218432,1,27233:2,18.926038715653654,889962,345629152,2529248
83557516,27233,4409856000,5141110784,2358,1756,1079188,24,4311056384,1981,2028217,343716,7634618,22650,3411365888,1,27233:2,18.821542919695986,889978,345645208,2529348
83663411,27233,4409856000,5141110784,2358,1758,1079188,24,4319444992,1981,2028218,343718,7634699,22650,3411206144,1,27233:2,18.8865191973252,889993,345659872,2529444
83768774,27233,4409856000,5141110784,2358,1759,1079188,24,4327309312,1981,2028218,343720,7634781,22650,3411107840,1,27233:1,9.491033189791898,890009,345676256,2529540
83875099,27233,4409856000,5141110784,2359,1761,1079188,24,4335697920,1981,2028219,343723,7634862,22650,3411353600,1,27233:3,28.215287686176925,890024,345691616,2529628
83981332,27233,4409856000,5141110784,2359,1764,1079188,24,4343562240,1981,2028219,343727,7634942,22650,3411304448,1,27233:3,28.239921477956997,890039,345706976,2529724
84087197,27233,4409856000,5141110784,2359,1766,1079188,24,4351426560,1981,2028220,343728,7635023,22650,3411169280,1,27233:2,18.892027368917834,890054,345722336,2529812
84192563,27233,4409856000,5141110784,2359,1768,1079188,24,4359815168,1981,2028220,343730,7635105,22650,3411267584,1,27233:2,18.981458361010674,890070,345738720,2529904
84298848,27233,4409856000,5141110784,2359,1770,1079188,24,4367679488,1981,2028221,343732,7635187,22650,3411132416,1,27233:2,18.817211787492862,890085,345754080,2530000
84405129,27233,4409856000,5141110784,2359,1772,1079188,24,4375543808,1981,2028221,343735,7635269,22650,3411255296,1,27233:2,18.818074915264326,890100,345769440,2530096
84510658,27233,4412870656,5141110784,2362,1775,1079929,24,4380258304,1983,2028224,343737,7635347,22650,3407728640,1,27233:6,56.856443081578654,890111,345780696,2530164
84616657,27233,4421521408,5141110784,2370,1777,1082049,24,4380258304,1983,2028234,343742,7635419,22650,3399163904,1,27233:10,94.3401326122263,890111,345780696,2530164
84722722,27233,4430303232,5141110784,2380,1777,1084171,24,4380258304,1983,2028244,343742,7635492,22650,3390427136,1,27233:10,94.28250345465236,890111,345780696,2530164
84828705,27233,4438953984,5141110784,2390,1778,1086298,24,4380258304,1983,2028254,343744,7635566,22650,3381653504,1,27233:11,103.78997393003435,890111,345780696,2530164
84934777,27233,4447604736,5141110784,2400,1778,1088417,24,4380258304,1983,2028265,343744,7635639,22650,3373137920,1,27233:10,94.27546729662288,890111,345780696,2530164
85040725,27233,4456386560,5141110784,2410,1779,1090542,24,4380258304,1983,2028275,343745,7635712,22650,3364364288,1,27233:11,103.82413844582645,890111,345780696,2530164
85146751,27233,4465037312,5141110784,2420,1780,1092663,24,4380258304,1983,2028286,343746,7635786,22650,3355332608,1,27233:11,103.74886037771698,890111,345780696,2530164
85252758,27233,4473688064,5141110784,2429,1781,1094782,24,4380258304,1983,2028296,343749,7635857,22650,3346853888,1,27233:11,94.33290186721791,890111,345780696,2530164
85358750,27233,4482469888,5141110784,2439,1782,1096910,24,4380258304,1983,2028305,343751,7635930,22650,3337822208,1,27233:10,103.78189626903233,890111,345780696,2530164
85464764,27233,4491120640,5141110784,2447,1784,1099044,24,4380258304,1983,2028315,343752,7636004,22650,3329048576,1,27233:11,94.32730313976731,890111,345780696,2530164
85570850,27233,4499902464,5141110784,2458,1784,1101170,24,4380258304,1983,2028326,343753,7636077,22650,3320274944,1,27233:10,103.68920634669567,890111,345780696,2530164
85676823,27233,4508553216,5141110784,2467,1785,1103299,24,4380258304,1983,2028336,343754,7636151,22650,3311501312,1,27233:11,94.36383319629817,890111,345780696,2530164
85782823,27233,4513665024,5141110784,2473,1787,1104532,24,4384456704,1984,2028341,343756,7636228,22650,3307077632,1,27233:7,75.4715421861534,890118,345786848,2530208
85888977,27233,4513665024,5141110784,2473,1790,1104532,24,4392321024,1984,2028342,343762,7636306,22650,3306917888,1,27233:3,28.26080438105772,890133,345802208,2530304
85994578,27233,4513665024,5141110784,2473,1793,1104532,24,4400185344,1984,2028342,343765,7636386,22650,3307040768,1,27233:3,28.40871589251937,890149,345818592,2530396
86100342,27233,4513665024,5141110784,2473,1796,1104532,24,4408049664,1984,2028343,343768,7636467,22650,3306856448,1,27233:3,28.36514668907967,890164,345833952,2530488
86206797,27233,4513665024,5141110784,2473,1799,1104532,24,4416438272,1984,2028344,343771,7636549,22650,3307065344,1,27233:3,28.181009403927685,890179,345849312,2530580
86313271,27233,4513665024,5141110784,2473,1801,1104532,24,4424302592,1984,2028344,343774,7636630,22650,3306930176,1,27233:2,18.78384731887816,890194,345864672,2530676
86419031,27233,4513665024,5141110784,2473,1804,1104532,24,4432166912,1984,2028344,343776,7636711,22650,3307053056,1,27233:3,28.36610766019551,890209,345880032,2530764
86524524,27233,4513665024,5141110784,2473,1806,1104532,24,4440031232,1984,2028345,343780,7636790,22650,3306868736,1,27233:2,18.958630126738253,890225,345896416,2530856
86630202,27233,4513665024,5141110784,2474,1809,1104532,24,4448419840,1984,2028345,343783,7636870,22650,3306991616,1,27233:4,37.8508982902929,890240,345911776,2530952
86736586,27233,4513665024,5141110784,2474,1811,1104532,24,4456284160,1984,2028346,343785,7636952,22650,3306856448,1,27233:2,18.79982623696606,890255,345927136,2531044
86843110,27233,4513665024,5141110784,2474,1814,1104532,24,4464148480,1984,2028346,343788,7637033,22650,3306979328,1,27233:3,28.162546218610697,890270,345942496,2531136
86948746,27233,4513665024,5141110784,2474,1816,1104532,24,4472012800,1984,2028346,343791,7637115,22650,3306844160,1,27233:2,18.933063375618094,890285,345957856,2531224
87054229,27233,4513665024,5141110784,2474,1818,1104532,24,4479877120,1984,2028347,343794,7637196,22650,3306967040,1,27233:2,18.960277535992105,890301,345974240,2531320
87160457,27233,4517072896,5141110784,2477,1820,1105383,24,4484591616,1986,2028352,343799,7637270,22650,3302666240,1,27233:6,47.06876976958934,890311,345984472,2531384
87266656,27233,4526116864,5141110784,2487,1821,1107565,24,4484591616,1986,2028362,343805,7637336,22650,3294863360,1,27233:10,103.57883812396918,890311,345984472,2531384
87372527,27233,4534767616,5141110784,2497,1822,1109683,24,4484591616,1986,2028372,343806,7637410,22650,3286089728,1,27233:11,103.90030210618568,890311,345984472,2531384
87478604,27233,4543418368,5141110784,2507,1822,1111804,24,4484591616,1986,2028383,343806,7637483,22650,3277316096,1,27233:10,94.27098624872895,890311,345984472,2531384
87584612,27233,4552200192,5141110784,2516,1824,1113930,24,4484591616,1986,2028393,343808,7637557,22650,3268542464,1,27233:12,103.76610983005034,890311,345984472,2531384
87690719,27233,4560850944,5141110784,2525,1825,1116046,24,4484591616,1986,2028402,343810,7637630,22650,3260047360,1,27233:9,94.24400054473033,890311,345984472,2531384
87796633,27233,4569370624,5141110784,2535,1826,1118149,24,4484591616,1986,2028413,343810,7637704,22650,3251339264,1,27233:12,103.85828427587276,890311,345984472,2531384
87902787,27233,4578152448,5141110784,2546,1826,1120281,24,4484591616,1986,2028424,343813,7637775,22650,3242553344,1,27233:10,103.62250134355992,890311,345984472,2531384
88008778,27233,4586934272,5141110784,2556,1827,1122410,24,4484591616,1986,2028434,343814,7637848,22650,3234037760,1,27233:11,103.78279318084778,890311,345984472,2531384
88115048,27233,4595585024,5141110784,2564,1829,1124539,24,4484591616,1986,2028442,343817,7637922,22650,3225006080,1,27233:10,94.09941347082788,890311,345984472,2531384
88221015,27233,4604366848,5141110784,2572,1831,1126668,24,4484591616,1986,2028451,343820,7637995,22650,3216232448,1,27233:11,94.36928753801939,890311,345984472,2531384
88327071,27233,4613017600,5141110784,2583,1832,1128794,24,4484591616,1986,2028461,343820,7638069,22650,3207458816,1,27233:11,113.14784993721143,890311,345984472,2531384
88434469,27233,4617474048,5141110784,2588,1833,1129876,24,4489314304,1987,2028466,343824,7638144,22651,3203104768,1,27233:6,55.86701415949473,890319,345991648,2531436
88540752,27233,4617474048,5141110784,2588,1835,1129876,24,4497178624,1987,2028466,343827,7638226,22651,3203481600,1,27233:2,18.817624839580922,890335,346008032,2531528
88646766,27233,4617474048,5141110784,2588,1838,1129876,24,4505567232,1987,2028466,343831,7638307,22651,3203641344,1,27233:3,28.298246463313454,890350,346023392,2531624
88753032,27233,4617474048,5141110784,2588,1840,1129876,24,4513431552,1987,2028467,343834,7638389,22651,3203506176,1,27233:2,18.820672035194356,890365,346038752,2531720
88859449,27233,4617474048,5141110784,2588,1843,1129876,24,4521295872,1987,2028468,343836,7638471,22651,3203629056,1,27233:3,28.191072208809693,890380,346054112,2531824
88964983,27233,4617474048,5141110784,2588,1845,1129876,24,4529160192,1987,2028468,343838,7638552,22651,3203493888,1,27233:2,18.951182436286693,890395,346069472,2531912
89070418,27233,4617474048,5141110784,2588,1847,1129876,24,4537024512,1987,2028468,343841,7638633,22651,3203334144,1,27233:2,18.96905914083156,890411,346085856,2532000
89176575,27233,4617474048,5141110784,2588,1850,1129876,24,4544888832,1987,2028469,343846,7638712,22651,3202883584,1,27233:3,28.25999454977745,890426,346101216,2532088
89282821,27233,4617474048,5141110784,2588,1852,1129876,24,4553277440,1987,2028469,343849,7638794,22651,3202772992,1,27233:2,18.82425917292737,890442,346116576,2532180
89389025,27233,4617474048,5141110784,2588,1855,1129876,24,4561141760,1987,2028470,343852,7638876,22651,3202969600,1,27233:3,28.247422031983575,890457,346131936,2532276
89495070,27233,4617474048,5141110784,2588,1857,1129876,24,4569006080,1987,2028470,343855,7638957,22651,3202674688,1,27233:2,18.859930942288265,890472,346147296,2532376
89600627,27233,4617474048,5141110784,2588,1860,1129876,24,4576870400,1987,2028470,343858,7639038,22651,3202871296,1,27233:3,28.420770607784718,890487,346162656,2532476
89706068,27233,4617474048,5141110784,2588,1862,1129876,24,4584734720,1987,2028471,343862,7639119,22651,3202809856,1,27233:2,18.967957240154636,890502,346178016,2532580
89811635,27233,4621275136,5141110784,2590,1867,1130788,24,4588924928,1989,2028476,343868,7639194,22651,3199062016,1,27233:7,66.30816933886379,890512,346188248,2532640
89917637,27233,4630056960,5141110784,2599,1868,1132927,24,4588924928,1989,2028486,343869,7639267,22651,3190251520,1,27233:10,94.33827787605782,890512,346188248,2532640
90023638,27233,4638707712,5141110784,2609,1869,1135052,24,4588924928,1989,2028496,343870,7639341,22651,3181477888,1,27233:11,103.7721878970554,890512,346188248,2532640
90129716,27233,4647489536,5141110784,2618,1870,1137181,24,4588924928,1989,2028505,343872,7639414,22651,3172704256,1,27233:10,94.27102268552031,890512,346188248,2532640
90235779,27233,4656140288,5141110784,2627,1872,1139302,24,4588924928,1989,2028515,343873,7639488,22651,3163930624,1,27233:11,103.71177268913765,890512,346188248,2532640
90341771,27233,4664791040,5141110784,2637,1872,1141411,24,4588924928,1989,2028525,343875,7639561,22651,3155267584,1,27233:10,94.34658470741114,890512,346188248,2532640
90448247,27233,4673441792,5141110784,2647,1873,1143538,24,4588924928,1989,2028536,343877,7639633,22651,3146395648,1,27233:11,103.30954280483924,890512,346188248,2532640
90554161,27233,4682092544,5141110784,2657,1874,1145644,24,4588924928,1989,2028546,343878,7639706,22651,3137880064,1,27233:11,103.85742626247836,890512,346188248,2532640
90660139,27233,4690743296,5141110784,2666,1875,1147767,24,4588924928,1989,2028556,343880,7639780,22651,3129106432,1,27233:10,94.35949332650976,890512,346188248,2532640
90766164,27233,4699525120,5141110784,2675,1877,1149890,24,4588924928,1989,2028565,343881,7639853,22651,3120332800,1,27233:11,103.74943184217386,890512,346188248,2532640
90871453,27233,4708044800,5141110784,2684,1878,1151982,24,4588924928,1989,2028574,343883,7639926,22651,3111817216,1,27233:10,94.97632240282498,890512,346188248,2532640
90976687,27233,4716695552,5141110784,2694,1879,1154082,24,4588924928,1989,2028585,343886,7639997,22651,3103326208,1,27233:11,104.52959122971643,890512,346188248,2532640
91081984,27233,4721283072,5141110784,2700,1880,1155220,24,4593123328,1990,2028590,343887,7640073,22652,3098955776,1,27233:7,66.47855893630052,890520,346195424,2532696
91187687,27233,4721283072,5141110784,2700,1883,1155220,24,4601511936,1990,2028591,343891,7640154,22652,3098857472,1,27233:3,28.381314310284395,890535,346210784,2532784
91293617,27233,4721283072,5141110784,2700,1885,1155220,24,4609376256,1990,2028591,343893,7640235,22652,3098980352,1,27233:2,18.880412852701333,890550,346226144,2532888
91399684,27233,4721283072,5141110784,2700,1888,1155220,24,4617240576,1990,2028592,343896,7640317,22652,3098845184,1,27233:3,28.28408436282529,890566,346241504,2532980
91505542,27233,4721283072,5141110784,2700,1890,1155220,24,4625104896,1990,2028592,343899,7640398,22652,3098968064,1,27233:2,18.893202028476193,890581,346256864,2533084
91611051,27233,4721283072,5141110784,2700,1893,1155220,24,4632969216,1990,2028592,343905,7640477,22652,3098857472,1,27233:3,28.43341952292608,890597,346273248,2533176
91716721,27233,4721283072,5141110784,2700,1895,1155220,24,4640833536,1990,2028593,343908,7640558,22652,3098931200,1,27233:2,18.92685203221774,890612,346288608,2533280
91822901,27233,4721283072,5141110784,2700,1897,1155220,24,4649222144,1990,2028594,343911,7640640,22652,3098820608,1,27233:2,18.836041152379956,890627,346303968,2533372
91928916,27233,4721283072,5141110784,2700,1900,1155220,24,4657086464,1990,2028594,343912,7640721,22652,3098943488,1,27233:3,28.297901860555918,890642,346319328,2533464
92034573,27233,4721283072,5141110784,2700,1902,1155220,24,4664950784,1990,2028594,343916,7640802,22652,3098808320,1,27233:2,18.929053764522667,890657,346334688,2533572
92140073,27233,4721283072,5141110784,2700,1904,1155220,24,4672815104,1990,2028594,343919,7640884,22652,3098931200,1,27233:2,18.95739466781,890672,346350048,2533672
92245605,27233,4721283072,5141110784,2700,1907,1155220,24,4680679424,1990,2028595,343927,7640957,22652,3098333184,1,27233:3,28.427559400688295,890688,346366432,2533768
92352271,27233,4721283072,5141110784,2700,1909,1155220,24,4689068032,1990,2028595,343933,7641035,22652,3097718784,1,27233:2,18.750029648484382,890703,346381792,2533860
92458317,27233,4724690944,5141110784,2703,1912,1156046,24,4693258240,1992,2028599,343935,7641113,22652,3093897216,1,27233:6,56.579370795528014,890713,346392024,2533920
92563526,27233,4733341696,5141110784,2712,1912,1158162,24,4693258240,1992,2028610,343936,7641186,22652,3085381632,1,27233:9,85.54416037636693,890713,346392024,2533920
92668805,27233,4741992448,5141110784,2722,1913,1160275,24,4693258240,1992,2028620,343936,7641259,22652,3076620288,1,27233:12,104.48404387596555,890713,346392024,2533920
92774012,27233,4750643200,5141110784,2732,1914,1162385,24,4693258240,1992,2028630,343937,7641332,22652,3068104704,1,27233:10,104.55521503400578,890713,346392024,2533920
92879419,27233,4759293952,5141110784,2741,1915,1164503,24,4693258240,1992,2028640,343941,7641403,22652,3059879936,1,27233:10,94.87060266455472,890713,346392024,2533920
92984765,27233,4767944704,5141110784,2750,1917,1166621,24,4693258240,1992,2028649,343943,7641476,22652,3050848256,1,27233:11,104.41800555230405,890713,346392024,2533920
93090069,27233,4776726528,5141110784,2760,1918,1168738,24,4693258240,1992,2028659,343944,7641549,22652,3042332672,1,27233:11,104.45990024687293,890713,346392024,2533920
93195323,27233,4785246208,5141110784,2770,1918,1170847,24,4693258240,1992,2028669,343944,7641622,22652,3033559040,1,27233:10,95.00805449783617,890713,346392024,2533920
93300510,27233,4794028032,5141110784,2779,1919,1172966,24,4693258240,1992,2028680,343946,7641695,22652,3025043456,1,27233:11,95.06853190999517,890713,346392024,2533920
93405797,27233,4802678784,5141110784,2789,1920,1175086,24,4693258240,1992,2028689,343949,7641766,22652,3016056832,1,27233:10,104.476766770036,890713,346392024,2533920
93511017,27233,4811329536,5141110784,2799,1920,1177203,24,4693258240,1992,2028699,343950,7641839,22652,3007283200,1,27233:10,95.03905539694435,890713,346392024,2533920
93616231,27233,4819980288,5141110784,2809,1921,1179323,24,4693258240,1992,2028710,343951,7641912,22652,2998767616,1,27233:11,104.54838410350182,890713,346392024,2533920
93721460,27233,4825092096,5141110784,2815,1922,1180564,24,4697456640,1993,2028716,343952,7641988,22653,2993926144,1,27233:7,66.52125374013373,890720,346398176,2533964
93827771,27233,4825092096,5141110784,2816,1924,1180564,24,4705320960,1993,2028716,343954,7642070,22653,2993790976,1,27233:3,28.219335120858897,890735,346413536,2534060
93933362,27233,4825092096,5141110784,2816,1926,1180564,24,4713185280,1993,2028716,343956,7642151,22653,2993913856,1,27233:2,18.94092248618776,890751,346429920,2534160
94038933,27233,4825092096,5141110784,2816,1928,1180564,24,4721573888,1993,2028717,343961,7642231,22653,2993803264,1,27233:2,18.944682842754617,890766,346445280,2534252
94144862,27233,4825092096,5141110784,2816,1930,1180564,24,4729438208,1993,2028717,343963,7642312,22653,2993926144,1,27233:2,18.880494484681872,890781,346460640,2534348
94250392,27233,4825092096,5141110784,2816,1933,1180564,24,4737302528,1993,2028718,343965,7642394,22653,2993790976,1,27233:3,28.427817464642924,890797,346477024,2534444
94356041,27233,4825092096,5141110784,2816,1935,1180564,24,4745691136,1993,2028718,343968,7642475,22653,2993950720,1,27233:2,18.930770937378234,890812,346492384,2534540
94461907,27233,4825092096,5141110784,2816,1937,1180564,24,4753555456,1993,2028719,343970,7642557,22653,2993815552,1,27233:2,18.891789313815924,890827,346507744,2534636
94567394,27233,4825092096,5141110784,2816,1939,1180564,24,4761419776,1993,2028719,343974,7642636,22653,2993987584,1,27233:2,18.959671092176215,890843,346524128,2534728
94673131,27233,4825092096,5141110784,2816,1941,1180564,24,4769808384,1993,2028720,343976,7642718,22653,2993827840,1,27233:2,18.914784658203033,890858,346539488,2534824
94779256,27233,4825092096,5141110784,2816,1943,1180564,24,4777672704,1993,2028720,343978,7642799,22653,2993950720,1,27233:2,18.845758538247583,890873,346554848,2534920
94884589,27233,4825092096,5141110784,2816,1945,1180564,24,4785537024,1993,2028720,343980,7642881,22653,2993815552,1,27233:2,18.987292441243373,890888,346570208,2535024
94989977,27233,4825092096,5141110784,2816,1947,1180564,24,4793401344,1993,2028721,343983,7642962,22653,2993938432,1,27233:2,18.977563642540662,890903,346585568,2535132
95095431,27233,4828762112,5141110784,2819,1949,1181450,24,4797067264,1995,2028726,343985,7643040,22653,2990141440,1,27233:5,47.413878734548234,890912,346594776,2535188
95200758,27233,4837412864,5141110784,2829,1950,1183563,24,4797067264,1995,2028736,343988,7643111,22653,2981163008,1,27233:11,104.4365520792615,890912,346594776,2535188
95306027,27233,4846063616,5141110784,2839,1951,1185679,24,4797067264,1995,2028746,343989,7643184,22653,2972389376,1,27233:11,104.49434152691197,890912,346594776,2535188
95411228,27233,4854714368,5141110784,2848,1952,1187785,24,4797067264,1995,2028755,343990,7643257,22653,2963615744,1,27233:10,95.0562191947746,890912,346594776,2535188
95516466,27233,4863365120,5141110784,2858,1953,1189902,24,4797067264,1995,2028766,343991,7643330,22653,2954842112,1,27233:11,104.52524566901069,890912,346594776,2535188
95621630,27233,4872015872,5141110784,2868,1954,1192011,24,4797067264,1995,2028776,343992,7643403,22653,2946326528,1,27233:11,104.59862929011517,890912,346594776,2535188
95726832,27233,4880666624,5141110784,2876,1955,1194117,24,4797067264,1995,2028785,343996,7643475,22653,2937536512,1,27233:9,85.54920833237883,890912,346594776,2535188
95833068,27233,4889448448,5141110784,2886,1957,1196256,24,4797067264,1995,2028794,343998,7643547,22653,2929127424,1,27233:12,112.9565853435103,890912,346594776,2535188
95938320,27233,4898099200,5141110784,2896,1957,1198368,24,4797067264,1995,2028805,343998,7643620,22653,2920353792,1,27233:10,95.00959625425047,890912,346594776,2535188
96043568,27233,4906618880,5141110784,2905,1958,1200476,24,4797067264,1995,2028815,344000,7643693,22653,2911838208,1,27233:10,95.01384717556661,890912,346594776,2535188
96148780,27233,4915400704,5141110784,2915,1959,1202592,24,4797067264,1995,2028826,344000,7643766,22653,2903064576,1,27233:11,104.55074412186252,890912,346594776,2535188
96253984,27233,4924051456,5141110784,2924,1961,1204704,24,4797067264,1995,2028834,344002,7643839,22653,2894548992,1,27233:11,104.5593981028743,890912,346594776,2535188
96359198,27233,4928901120,5141110784,2929,1963,1205908,24,4801261568,1996,2028840,344005,7643914,22653,2889768960,1,27233:7,66.53089548418316,890918,346600920,2535232
96464641,27233,4928901120,5141110784,2929,1965,1205908,24,4809125888,1996,2028841,344008,7643996,22653,2889891840,1,27233:2,18.967642434902814,890933,346616280,2535324
96570385,27233,4928901120,5141110784,2929,1966,1205908,24,4816990208,1996,2028841,344009,7644077,22653,2889756672,1,27233:1,9.456740250476708,890949,346632664,2535416
96675995,27233,4928901120,5141110784,2930,1968,1205908,24,4825378816,1996,2028842,344011,7644158,22654,2889854976,1,27233:3,28.406552880431562,890964,346648024,2535500
96781773,27233,4928901120,5141110784,2930,1970,1205908,24,4833243136,1996,2028842,344014,7644229,22665,2889719808,1,27233:2,18.90745341361829,890979,346663384,2535600
96887789,27233,4928901120,5141110784,2930,1972,1205908,24,4841107456,1996,2028842,344018,7644298,22675,2889351168,1,27233:2,18.86510490700904,890994,346678744,2535688
96993491,27233,4928901120,5141110784,2930,1974,1205908,24,4848447488,1996,2028843,344022,7644363,22691,2890272768,1,27233:2,18.921084922899983,891013,346694920,2535772
97099887,27233,4928901120,5141110784,2930,1976,1205908,24,4856836096,1996,2028844,344025,7644445,22692,2890235904,1,27233:2,18.79772813665377,891028,346710280,2535872
97206053,27233,4928901120,5141110784,2930,1978,1205908,24,4864700416,1996,2028844,344027,7644527,22692,2890174464,1,27233:2,18.838362339340676,891044,346725640,2535964
97312455,27233,4928901120,5141110784,2930,1980,1205908,24,4872564736,1996,2028844,344032,7644605,22692,2889854976,1,27233:2,18.79669003822044,891059,346741000,2536056
97418010,27233,4928901120,5141110784,2930,1982,1205908,24,4880429056,1996,2028845,344038,7644681,22692,2888818688,1,27233:2,18.947576744672737,891074,346756360,2536148
97523446,27233,4928901120,5141110784,2930,1984,1205908,24,4888293376,1996,2028846,344041,7644760,22692,2889322496,1,27233:2,18.968856741313544,891090,346772744,2536240
97629149,27233,4928901120,5141110784,2930,1986,1205908,24,4896157696,1996,2028846,344043,7644842,22692,2889261056,1,27233:2,18.92078670739051,891105,346788104,2536344
97735380,27233,4932308992,5141110784,2934,1988,1206727,24,4900360192,1998,2028850,344045,7644921,22692,2885931008,1,27233:6,56.4808398399653,891115,346797336,2536404
97841433,27233,4940959744,5141110784,2943,1989,1208845,24,4900360192,1998,2028860,344046,7644994,22692,2877415424,1,27233:10,94.29246840134446,891115,346797336,2536404
97947653,27233,4949741568,5141110784,2951,1992,1210977,24,4900360192,1998,2028868,344050,7645068,22692,2868641792,1,27233:11,103.55921342597377,891115,346797336,2536404
98053720,27233,4958523392,5141110784,2961,1993,1213121,24,4900360192,1998,2028878,344052,7645139,22692,2860466176,1,27233:11,103.70761707746166,891115,346797336,2536404
98159970,27233,4967436288,5141110784,2970,1994,1215306,24,4900360192,1998,2028888,344053,7645213,22692,2851434496,1,27233:10,94.11727236135333,891115,346797336,2536404
98265907,27233,4976218112,5141110784,2980,1995,1217442,24,4900360192,1998,2028898,344054,7645286,22692,2842660864,1,27233:11,103.83602170142647,891115,346797336,2536404
98371919,27233,4984868864,5141110784,2987,1998,1219572,24,4900360192,1998,2028907,344057,7645360,22692,2833887232,1,27233:10,94.32893410540056,891115,346797336,2536404
98477830,27233,4993650688,5141110784,2997,1999,1221698,24,4900360192,1998,2028916,344059,7645433,22692,2825371648,1,27233:11,103.86061324083646,891115,346797336,2536404
98583922,27233,5002432512,5141110784,3007,1999,1223841,24,4900360192,1998,2028927,344062,7645505,22692,2816434176,1,27233:10,94.25791703350278,891115,346797336,2536404
98689913,27233,5011214336,5141110784,3016,2001,1225984,24,4900360192,1998,2028936,344063,7645578,22692,2807709696,1,27233:11,103.782181203311,891115,346797336,2536404
98795977,27233,5019865088,5141110784,3026,2002,1228113,24,4900360192,1998,2028946,344065,7645652,22692,2798936064,1,27233:11,103.71046925791173,891115,346797336,2536404
98901954,27233,5028646912,5141110784,3035,2003,1230245,24,4900360192,1998,2028956,344066,7645725,22692,2790162432,1,27233:10,94.36079150586802,891115,346797336,2536404
99008051,27233,5032710144,5141110784,3039,2005,1231252,24,4905603072,1999,2028961,344069,7645803,22692,2786328576,1,27233:6,56.55164097451786,891123,346805528,2536464
99114379,27233,5032710144,5141110784,3039,2007,1231252,24,4913467392,1999,2028962,344072,7645884,22692,2785554432,1,27233:2,18.809874770437236,891139,346820888,2536556
99221275,27233,5032710144,5141110784,3039,2009,1231252,24,4921331712,1999,2028962,344075,7645966,22692,2785677312,1,27233:2,18.709745981520758,891154,346836248,2536652
99327565,27233,5032710144,5141110784,3039,2011,1231252,24,4929196032,1999,2028963,344078,7646048,22692,2785542144,1,27233:2,18.816392995872423,891169,346851608,2536744
99432940,27233,5032710144,5141110784,3039,2013,1231252,24,4937060352,1999,2028963,344080,7646130,22692,2785665024,1,27233:2,18.979889762902268,891184,346866968,2536848
99538344,27233,5032710144,5141110784,3039,2015,1231252,24,4944924672,1999,2028964,344082,7646211,22692,2785787904,1,27233:2,18.974577945853746,891199,346882328,2536952
99643656,27233,5032710144,5141110784,3039,2017,1231252,24,4952788992,1999,2028964,344084,7646292,22692,2786611200,1,27233:2,18.99115364526031,891214,346897688,2537040
99748998,27233,5032710144,5141110784,3039,2019,1231252,24,4961177600,1999,2028965,344088,7646372,22692,2787151872,1,27233:2,18.985775325524408,891230,346914072,2537140
99854956,27233,5032710144,5141110784,3039,2021,1231252,24,4969041920,1999,2028965,344090,7646454,22692,2787295232,1,27233:2,18.875334699794312,891245,346929432,2537228
99960968,27233,5032710144,5141110784,3039,2023,1231252,24,4976906240,1999,2028966,344092,7646536,22692,2787418112,1,27233:3,18.865920291241515,891260,346944792,2537320
100066755,27233,5032710144,5141110784,3039,2025,1231252,24,4984770560,1999,2028966,344093,7646617,22692,2787282944,1,27233:1,18.90589702247152,891275,346960152,2537416
100172189,27233,5032710144,5141110784,3039,2027,1231252,24,4992634880,1999,2028967,344095,7646699,22692,2787405824,1,27233:2,18.969261544668864,891291,346976536,2537504
100277796,27233,5032710144,5141110784,3040,2029,1231252,24,5000499200,1999,2028967,344098,7646779,22692,2786856960,1,27233:3,28.407146794982125,891306,346991896,2537596
100383694,27233,5037428736,5141110784,3044,2031,1232374,24,5003653120,2001,2028972,344100,7646856,22692,2781990912,1,27233:6,56.658041833295215,891314,346999080,2537640
100488993,27233,5046603776,5141110784,3053,2032,1234614,24,5003653120,2001,2028982,344101,7646929,22692,2772701184,1,27233:10,94.96816766736366,891314,346999080,2537640
100594310,27233,5055647744,5141110784,3064,2033,1236829,24,5003653120,2001,2028992,344102,7647002,22692,2763669504,1,27233:12,113.94187243983293,891314,346999080,2537640
100699521,27233,5064822784,5141110784,3073,2034,1239062,24,5003653120,2001,2029003,344102,7647075,22692,2754658304,1,27233:10,95.04628188402376,891314,346999080,2537640
100804802,27233,5073866752,5141110784,3083,2034,1241285,24,5003653120,2001,2029013,344105,7647147,22692,2745995264,1,27233:11,94.98466710011336,891314,346999080,2537640
100910166,27233,5083041792,5141110784,3093,2035,1243519,24,5003653120,2001,2029023,344106,7647219,22692,2736447488,1,27233:10,104.3995488420951,891314,346999080,2537640
101015366,27233,5092216832,5141110784,3102,2037,1245756,24,5003653120,2001,2029032,344108,7647292,22692,2727415808,1,27233:11,104.56287679470296,891314,346999080,2537640
101120651,27233,5101391872,5141110784,3111,2037,1247995,24,5003653120,2001,2029042,344109,7647366,22692,2718126080,1,27233:10,85.4824451113658,891314,346999080,2537640
101225940,27233,5110566912,5141110784,3120,2039,1250237,24,5003653120,2001,2029051,344111,7647439,22692,2709094400,1,27233:10,104.474037000354,891314,346999080,2537640
101331285,27233,5119610880,5141110784,3130,2040,1252459,24,5003653120,2001,2029061,344114,7647510,22692,2699665408,1,27233:11,104.41899774564132,891314,346999080,2537640
101436543,27233,5128785920,5141110784,3139,2042,1254697,24,5003653120,2001,2029071,344115,7647583,22692,2690633728,1,27233:11,104.50488842516586,891314,346999080,2537640
101541726,27233,5076844544,5141110784,3147,2045,1256596,24,5003653120,2001,2029079,344118,7647656,22692,2722951168,1,27233:11,104.58014944218137,891314,346999080,2537640
101646961,27233,5094440960,5104799744,3149,2053,1272413,24,5003653120,2001,2029081,344127,7647729,22692,2723332096,1,27233:10,95.0250951298603,891314,346999080,2537640
101752200,27233,5100994560,5200232448,3158,2054,1274114,24,5003653120,2001,2029092,344128,7647802,22692,2719203328,1,27233:10,95.02212262298954,891314,346999080,2537640
101858401,27233,5103353856,5262192640,3227,2055,1275736,25,5003653120,2001,2029181,344130,7647823,22692,2717143040,8,27233:71;27595:0;27596:0;27597:0;27598:0;27599:0;27600:0;27601:0,659.125387126703,891314,346999080,2537640
101998840,27233,5103353856,5262192640,3326,2055,1275736,25,5003653120,2001,2029274,344131,7647831,22692,2717143040,8,27233:99;27595:99;27596:100;27597:101;27598:100;27599:100;27600:95;27601:91,704.9325813160026,891314,346999080,2537640
102130846,27233,5103353856,5262192640,3422,2055,1275736,25,5003653120,2001,2029368,344132,7647838,22692,2717143040,8,27233:97;27595:97;27596:96;27597:96;27598:93;27599:96;27600:98;27601:98,727.2362111999407,891314,346999080,2537640
102263018,27233,5103353856,5262192640,3517,2057,1275736,25,5003653120,2001,2029464,344132,7647846,22692,2717143040,8,27233:95;27595:100;27596:101;27597:101;27598:101;27599:98;27600:96;27601:96,733.8938279733347,891314,346999080,2537640
102395205,27233,5103353856,5262192640,3604,2057,1275736,25,5003653120,2001,2029544,344136,7647859,22692,2716368896,8,27233:87;27595:84;27596:81;27597:80;27598:80;27599:80;27600:81;27601:81,658.1581095798756,891314,346999080,2537640
102518489,27233,5103353856,5262192640,3669,2057,1275736,25,5003653120,2001,2029618,344140,7647884,22692,2715594752,8,27233:65;27595:66;27596:65;27597:70;27598:70;27599:75;27600:74;27601:74,527.2405651558132,891314,346999080,2537640
102654544,27233,5103747072,5262192640,3767,2057,1276009,25,5003653120,2001,2029716,344143,7647890,22692,2715078656,8,27233:99;27595:99;27596:99;27597:94;27598:98;27599:93;27600:93;27601:99,720.2951387281087,891314,346999080,2537640
102790413,27233,5104664576,5262192640,3867,2060,1277545,25,5003653120,2001,2029814,344144,7647890,22692,2714578944,8,27233:102;27595:99;27596:102;27597:102;27598:98;27599:100;27600:100;27601:94,758.0812398570293,891314,346999080,2537640
102910424,27233,5104926720,5262192640,3951,2060,1278124,25,5003653120,2001,2029894,344144,7647906,22692,2714578944,8,27233:84;27595:84;27596:81;27597:81;27598:81;27599:79;27600:79;27601:82,699.9361541571383,891314,346999080,2537640
103034417,27233,5104926720,5262192640,4040,2060,1278124,25,5003653120,2001,2029986,344145,7647915,22692,2714578944,8,27233:91;27595:91;27596:93;27597:94;27598:94;27599:97;27600:97;27601:94,717.78225863882,891314,346999080,2537640
103166429,27233,5104926720,5262192640,4135,2061,1278124,25,5003653120,2001,2030083,344146,7647922,22692,2714578944,8,27233:95;27595:95;27596:95;27597:96;27598:96;27599:93;27600:93;27601:94,727.2068324172534,891314,346999080,2537640
103290416,27233,5104926720,5262192640,4221,2061,1278124,25,5003653120,2001,2030165,344146,7647934,22692,2714578944,8,27233:85;27595:85;27596:83;27597:81;27598:81;27599:81;27600:81;27601:84,693.6202159451044,891314,346999080,2537640
103414416,27233,5104926720,5262192640,4310,2061,1278124,25,5003653120,2001,2030258,344147,7647942,22692,2714578944,8,27233:90;27595:90;27596:93;27597:94;27598:94;27599:94;27600:97;27601:93,717.7427053208049,891314,346999080,2537640
103542558,27233,5104926720,5262192640,4403,2061,1278124,25,5003653120,2001,2030356,344147,7647950,22692,2714578944,8,27233:93;27595:93;27596:93;27597:93;27598:93;27599:93;27600:94;27601:94,725.759045047185,891314,346999080,2537640
103678418,27233,5104926720,5262192640,4503,2061,1278124,25,5003653120,2001,2030450,344147,7647957,22692,2714578944,8,27233:99;27595:99;27596:99;27597:98;27598:98;27599:98;27600:97;27601:100,736.0531128860149,891314,346999080,2537640
103810408,27233,5104926720,5262192640,4598,2062,1278124,25,5003653120,2001,2030543,344148,7647965,22692,2714578944,8,27233:96;27595:96;27596:93;27597:93;27598:93;27599:93;27600:90;27601:90,727.3271225254058,891314,346999080,2537640
103934412,27233,5104926720,5262192640,4687,2062,1278124,25,5003653120,2001,2030644,344149,7647967,22692,2714349568,8,27233:89;27595:95;27596:95;27597:101;27598:101;27599:101;27600:103;27601:100,717.7195530523254,891314,346999080,2537640
104060855,27233,4914094080,5098962944,4730,2068,1278125,25,5003653120,2001,2030674,344156,7648021,22692,2896474112,8,27233:50;27595:44;27596:44;27597:38;27598:38;27599:38;27600:36;27601:36,387.5242683118701,891314,346999080,2537640
104172109,27233,4634460160,5098962944,4730,2079,1278125,25,5003653120,2001,2030675,344168,7648098,22692,3181776896,8,27233:10;27595:11;27596:11;27597:11;27598:11;27599:11;27600:11;27601:11,98.87326365740435,891314,346999080,2537640
104283428,27233,4316676096,5098962944,4730,2091,1278125,25,5003653120,2001,2030676,344179,7648175,22692,3499999232,8,27233:12;27595:11;27596:11;27597:11;27598:11;27599:11;27600:11;27601:11,107.79835971859883,891314,346999080,2537640
104395832,27233,3998892032,5098962944,4730,2102,1278125,25,5003653120,2001,2030677,344190,7648252,22692,3814719488,8,27233:11;27595:11;27596:11;27597:11;27598:12;27599:12;27600:12;27601:12,97.86153072034921,891314,346999080,2537640
104508258,27233,3681107968,5098962944,4730,2113,1278125,25,5003653120,2001,2030678,344202,7648329,22692,4155822080,8,27233:11;27595:11;27596:11;27597:11;27598:10;27599:11;27600:11;27601:11,97.84154698444036,891314,346999080,2537640
104619894,27233,3330744320,5098962944,4730,2124,1278125,25,5003653120,2001,2030680,344221,7648399,22692,4488699904,8,27233:11;27595:12;27596:12;27597:12;27598:12;27599:11;27600:11;27601:11,98.53516195006317,891314,346999080,2537640
104733541,27233,3005816832,5098962944,4730,2135,1278125,25,5003653120,2001,2030680,344244,7648465,22692,4825055232,8,27233:12;27595:11;27596:11;27597:11;27598:11;27599:11;27600:11;27601:12,96.79070360136562,891314,346999080,2537640
104845827,27233,2704777216,2822361088,4730,2147,1278125,25,5003653120,2001,2030681,344267,7648532,22692,5133258752,8,27233:11;27595:11;27596:11;27597:11;27598:11;27599:11;27600:12;27601:11,106.86946882035599,891314,346999080,2537640
104961002,27233,2397581312,2822361088,4730,2158,1278125,25,5003653120,2001,2030682,344290,7648599,22692,5423910912,8,27233:12;27595:12;27596:12;27597:12;27598:12;27599:12;27600:11;27601:11,95.50694273394164,891314,346999080,2537640
105075531,27233,2119520256,2822361088,4730,2170,1278125,25,5003653120,2001,2030683,344314,7648666,22692,5708214272,8,27233:11;27595:11;27596:11;27597:11;27598:12;27599:12;27600:12;27601:12,104.77759370974002,891314,346999080,2537640
105190190,27233,1841459200,2822361088,4730,2181,1278125,25,5003653120,2001,2030684,344337,7648733,22692,5980545024,8,27233:11;27595:11;27596:12;27597:12;27598:11;27599:11;27600:11;27601:11,95.93639591380725,891314,346999080,2537640
105304607,27233,1563398144,2822361088,4730,2193,1278125,25,5003653120,2001,2030686,344360,7648801,22692,6253920256,8,27233:12;27595:12;27596:11;27597:11;27598:11;27599:11;27600:12;27601:12,104.87981297831747,891314,346999080,2537640
105420020,27233,1285337088,2822361088,4730,2204,1278125,25,5003653120,2001,2030687,344384,7648868,22692,6553108480,8,27233:12;27595:12;27596:12;27597:12;27598:12;27599:12;27600:11;27601:11,95.30920498207901,891314,346999080,2537640
105535508,27233,967106560,2822361088,4730,2216,1278125,25,5003653120,2001,2030688,344407,7648935,22692,6855233536,8,27233:11;27595:11;27596:11;27597:11;27598:12;27599:12;27600:12;27601:12,103.90705596969157,891314,346999080,2537640
105649888,27233,689025024,2822361088,4730,2227,1278125,25,5003653120,2001,2030690,344430,7649002,22692,7133605888,8,27233:11;27595:11;27596:12;27597:12;27598:11;27599:11;27600:11;27601:11,96.17075253500202,891314,346999080,2537640
105763387,27233,450686976,2822361088,4730,2239,1278125,25,5003653120,2001,2030690,344454,7649069,22692,7363645440,8,27233:12;27595:12;27596:11;27597:11;27598:11;27599:11;27600:11;27601:11,105.72758113382592,891314,346999080,2537640
105877713,27233,172625920,2822361088,4730,2250,1278125,25,5003653120,2001,2030692,344476,7649136,22692,7652069376,8,27233:11;27595:11;27596:12;27597:12;27598:12;27599:12;27600:12;27601:12,96.21663255291382,891314,346999080,2537640
105992165,27233,41549824,108822528,4735,2256,1278144,25,5003653120,2001,2030699,344484,7649210,22692,7784009728,8,27233:11;27595:12;27596:11;27597:11;27598:11;27599:11;27600:11;27601:11,96.10976420072224,891314,346999080,2537640
106103667,27233,37449728,104722432,4747,2256,1278153,25,5003653120,2001,2030711,344484,7649287,22692,7787511808,8,27233:12;27595:11;27596:11;27597:11;27598:11;27599:11;27600:11;27601:11,107.6216427697592,891314,346999080,2537640
106215228,27233,37449728,104722432,4758,2256,1278157,25,5003653120,2001,2030724,344484,7649364,22692,7787511808,8,27233:11;27595:11;27596:11;27597:11;27598:11;27599:11;27600:12;27601:12,98.6010359526806,891314,346999080,2537640
