elapsed_us,pid,rss_bytes,vsize_bytes,process_utime_ticks,process_stime_ticks,minor_faults,major_faults,read_bytes,syscr,system_user_ticks,system_ticks,system_idle_ticks,system_iowait_ticks,available_bytes,thread_count,thread_delta_ticks
5888,20159,262144,4202496,0,0,18,1,393216,8,1919249,276296,5986679,17956,7827595264,1,20159:0
110737,20159,9568256,14938112,6,2,1210,23,2920448,390,1919256,276300,5986752,17957,7823183872,1,20159:8
216377,20159,13971456,19517440,15,4,3108,23,5279744,971,1919265,276302,5986825,17957,7818551296,1,20159:11
321901,20159,17379328,22708224,24,5,3890,23,5410816,995,1919276,276303,5986897,17957,7815688192,1,20159:10
426797,20159,18690048,24805376,34,5,4220,23,5410816,995,1919286,276304,5986970,17957,7814397952,1,20159:11
531868,20159,18952192,24805376,45,5,4239,23,5410816,995,1919297,276304,5987044,17957,7814139904,1,20159:10
637576,20159,19345408,24805376,55,5,4337,23,5410816,995,1919308,276304,5987117,17957,7813881856,1,20159:10
743063,20159,22884352,27914240,66,5,5186,23,5410816,995,1919319,276304,5987190,17957,7810359296,1,20159:11
848520,20159,29700096,34689024,75,6,6838,23,5410816,995,1919328,276306,5987263,17957,7803392000,1,20159:10
954455,20159,33370112,38498304,86,6,7749,23,5410816,995,1919340,276306,5987336,17957,7800037376,1,20159:11
1060198,20159,37695488,42762240,95,7,8790,23,5410816,995,1919351,276311,5987402,17959,7795220480,1,20159:10
1166676,20159,38612992,43302912,106,7,8951,23,5410816,995,1919363,276316,5987463,17966,7794470912,1,20159:11
1271930,20159,38612992,43302912,117,7,8951,23,5410816,995,1919376,276319,5987529,17968,7793426432,1,20159:11
1377032,20159,38612992,43302912,127,7,8951,23,5410816,995,1919390,276321,5987598,17968,7793659904,1,20159:10
1483458,20159,38612992,43302912,137,7,8951,23,5410816,995,1919401,276321,5987672,17968,7793659904,1,20159:11
1589928,20159,42020864,46706688,147,8,9759,23,5410816,995,1919412,276323,5987741,17970,7789899776,1,20159:10
1694998,20159,42020864,46706688,158,8,9765,23,5410816,995,1919422,276324,5987814,17970,7789899776,1,20159:11
1799973,20159,42283008,47157248,169,8,9808,23,5410816,995,1919433,276324,5987887,17970,7790030848,1,20159:11
1905885,20159,48181248,5037297664,170,13,11243,23,12230656,996,1919434,276329,5987965,17971,7784202240,1,20159:6
2011330,20159,56045568,5037297664,170,17,13163,23,20094976,996,1919434,276333,5988043,17971,7776325632,1,20159:4
2116285,20159,63385600,5037297664,170,20,14955,23,27435008,996,1919435,276338,5988113,17979,7770050560,1,20159:3
2221424,20159,70594560,5037297664,170,24,16746,23,34775040,996,1919436,276343,5988180,17990,7763259392,1,20159:4
2326159,20159,76754944,5037297664,170,26,18283,23,41066496,996,1919437,276348,5988248,17999,7756324864,1,20159:2
2432722,20159,83963904,5037297664,170,29,20074,23,48406528,996,1919437,276353,5988314,18012,7749632000,1,20159:3
2537632,20159,90255360,5037297664,170,32,21611,23,54697984,996,1919437,276358,5988381,18024,7742021632,1,20159:3
2643384,20159,98250752,5037297664,170,36,23530,23,62562304,996,1919440,276364,5988448,18032,7734697984,1,20159:4
2748205,20159,105197568,5037297664,170,39,25195,23,69902336,996,1919440,276369,5988506,18052,7727292416,1,20159:3
2853676,20159,111620096,5037297664,170,41,26808,23,76345344,1000,1919441,276372,5988553,18083,7720935424,1,20159:2
2959422,20159,119484416,5037297664,170,45,28729,23,84209664,1000,1919441,276376,5988632,18083,7713312768,1,20159:4
3064378,20159,127348736,5037297664,170,49,30649,23,92073984,1000,1919442,276380,5988711,18083,7705436160,1,20159:4
3169183,20159,135213056,5037297664,170,53,32569,23,99938304,1000,1919442,276384,5988790,18083,7697559552,1,20159:4
3274203,20159,143077376,5037297664,170,57,34489,23,107802624,1000,1919443,276388,5988869,18083,7689682944,1,20159:4
3379071,20159,150941696,5037297664,170,61,36409,23,115666944,1000,1919443,276392,5988949,18083,7681548288,1,20159:4
3484194,20159,158806016,5037297664,170,65,38329,23,123531264,1000,1919443,276396,5989028,18083,7673364480,1,20159:4
3589624,20159,166670336,5037297664,170,69,40249,23,131919872,1000,1919444,276400,5989108,18083,7665799168,1,20159:4
3695128,20159,175058944,5037297664,170,73,42297,23,139784192,1000,1919444,276403,5989187,18083,7657922560,1,20159:5
3800178,20159,182923264,5037297664,171,77,44217,23,147648512,1000,1919444,276408,5989266,18083,7650045952,1,20159:4
3904822,20159,190787584,5037297664,171,81,46137,23,155512832,1000,1919444,276412,5989345,18083,7642169344,1,20159:4
4009645,20159,198651904,5037297664,171,85,48057,23,163377152,1000,1919445,276416,5989424,18083,7633727488,1,20159:4
4115067,20159,206516224,5037297664,171,89,49977,23,171765760,1000,1919445,276420,5989504,18083,7625904128,1,20159:4
4220478,20159,214904832,5037297664,171,93,52012,23,179630080,1000,1919446,276425,5989580,18083,7618027520,1,20159:4
4325607,20159,222769152,5037297664,171,97,53945,23,187494400,1000,1919447,276429,5989659,18083,7610150912,1,20159:4
4430584,20159,230633472,5037297664,171,101,55865,23,195358720,1000,1919447,276434,5989738,18083,7601500160,1,20159:4
4535783,20159,238497792,5037297664,171,105,57785,23,203223040,1000,1919448,276438,5989818,18083,7594397696,1,20159:4
4640745,20159,246362112,5037297664,171,109,59705,23,211087360,1000,1919448,276442,5989897,18083,7586263040,1,20159:4
4745836,20159,254226432,5037297664,171,113,61625,23,218767360,1000,1919449,276446,5989976,18083,7578214400,1,20159:4
4851264,20159,261304320,5037297664,171,116,63330,23,226447360,1019,1919449,276451,5990054,18085,7571693568,1,20159:3
4956045,20159,268382208,5037297664,171,120,65065,23,233799680,1034,1919450,276454,5990132,18086,7564107776,1,20159:4
5061319,20159,275066880,5037297664,171,123,66704,23,241176576,1045,1919450,276457,5990210,18088,7557283840,1,20159:3
5166637,20159,282931200,5037297664,171,127,68624,23,249040896,1045,1919450,276461,5990289,18088,7549407232,1,20159:4
5271847,20159,290795520,5037297664,171,131,70544,23,256905216,1045,1919451,276464,5990369,18088,7541272576,1,20159:4
5377053,20159,298659840,5037297664,171,134,72464,23,265293824,1045,1919451,276469,5990449,18088,7533346816,1,20159:3
5482490,20159,306917376,5037297664,171,138,74482,23,273022976,1047,1919452,276473,5990529,18088,7525658624,1,20159:4
5587553,20159,314781696,5037297664,171,142,76399,23,280887296,1047,1919452,276476,5990608,18088,7517794304,1,20159:4
5692533,20159,322121728,5037297664,171,146,78191,23,288751616,1047,1919454,276482,5990685,18088,7509921792,1,20159:4
5798290,20159,330510336,5037297664,171,150,80239,23,296615936,1047,1919454,276486,5990765,18088,7502045184,1,20159:4
5903224,20159,338374656,5037297664,171,153,82159,23,304480256,1047,1919454,276491,5990844,18088,7494168576,1,20159:3
6008138,20159,345321472,5037297664,171,157,83837,23,311521280,1060,1919455,276494,5990921,18090,7486713856,1,20159:4
6113534,20159,351875072,5037297664,171,160,85451,23,318869504,1076,1919455,276498,5990999,18092,7480647680,1,20159:3
6218375,20159,359739392,5037297664,171,164,87371,23,326733824,1076,1919456,276502,5991079,18092,7472771072,1,20159:4
6323312,20159,367603712,5037297664,171,167,89291,23,334598144,1076,1919456,276506,5991158,18092,7464894464,1,20159:3
6428214,20159,375468032,5037297664,171,171,91211,23,342462464,1076,1919456,276509,5991237,18092,7456759808,1,20159:4
6533069,20159,383332352,5037297664,171,175,93131,23,350326784,1076,1919457,276513,5991316,18092,7448883200,1,20159:4
6638091,20159,391065600,5037297664,171,179,95018,23,358055936,1078,1919457,276517,5991392,18096,7440588800,1,20159:4
6743391,20159,398405632,5037297664,171,182,96810,23,365920256,1078,1919458,276521,5991464,18104,7433166848,1,20159:3
6849740,20159,406794240,5037297664,171,185,98773,23,373784576,1078,1919458,276525,5991544,18104,7425290240,1,20159:4
6955688,20159,414658560,5037297664,171,189,100778,23,381648896,1078,1919458,276530,5991623,18104,7417413632,1,20159:4
7060798,20159,421867520,5037297664,171,193,102530,23,388681728,1084,1919458,276533,5991702,18105,7409778688,1,20159:3
7166567,20159,428290048,5037297664,171,196,104089,23,396251136,1110,1919459,276538,5991779,18109,7403376640,1,20159:3
7272792,20159,436154368,5037297664,171,200,106009,23,404115456,1110,1919461,276544,5991856,18109,7395500032,1,20159:4
7379072,20159,444542976,5037297664,171,204,107993,23,411979776,1110,1919462,276547,5991937,18109,7387623424,1,20159:4
7484783,20159,452407296,5037297664,171,207,109977,23,419844096,1110,1919462,276551,5992016,18109,7379746816,1,20159:3
7589938,20159,460271616,5037297664,171,211,111897,23,427708416,1110,1919462,276556,5992096,18109,7371612160,1,20159:4
7695503,20159,468529152,5037297664,171,215,113831,23,435961856,1112,1919463,276560,5992176,18109,7363629056,1,20159:4
7801475,20159,476393472,5037297664,171,219,115832,23,443826176,1112,1919463,276563,5992255,18109,7355752448,1,20159:4
7906373,20159,484257792,5037297664,171,223,117752,23,452214784,1112,1919464,276567,5992335,18109,7347363840,1,20159:4
8012532,20159,492646400,5037297664,171,226,119720,23,460079104,1112,1919464,276570,5992416,18109,7339466752,1,20159:4
8118461,20159,500117504,5037297664,171,230,121565,23,467423232,1115,1919465,276574,5992495,18110,7331815424,1,20159:3
8224283,20159,506277888,5037297664,171,233,123118,23,474152960,1144,1919466,276579,5992571,18113,7325323264,1,20159:3
8330543,20159,514011136,5037297664,171,237,125031,23,482541568,1144,1919466,276583,5992652,18113,7317553152,1,20159:4
8436840,20159,522399744,5037297664,171,241,127031,23,490405888,1144,1919466,276586,5992732,18113,7309676544,1,20159:4
8542503,20159,530264064,5037297664,171,245,128999,23,498270208,1144,1919467,276590,5992811,18113,7301799936,1,20159:4
8647770,20159,538128384,5037297664,171,249,130919,23,506134528,1144,1919468,276594,5992891,18113,7293923328,1,20159:4
8752769,20159,545861632,5037297664,171,252,132806,23,513863680,1146,1919469,276598,5992967,18113,7285874688,1,20159:3
8858387,20159,553725952,5037297664,171,256,134726,23,522252288,1146,1919470,276602,5993048,18113,7277744128,1,20159:4
8964546,20159,562114560,5037297664,171,260,136663,23,530116608,1146,1919470,276605,5993128,18113,7269867520,1,20159:4
9070671,20159,569978880,5037297664,171,263,138694,23,537980928,1146,1919470,276610,5993208,18113,7261990912,1,20159:3
9175849,20159,577843200,5037297664,171,267,140614,23,545189888,1146,1919470,276615,5993287,18113,7253770240,1,20159:4
9281363,20159,584658944,5037297664,171,270,142267,23,552189952,1176,1919471,276617,5993365,18116,7247589376,1,20159:3
9386337,20159,591474688,5037297664,171,274,143924,23,560447488,1179,1919471,276622,5993444,18117,7240081408,1,20159:4
9492527,20159,599863296,5037297664,171,278,145972,23,568311808,1179,1919472,276626,5993524,18117,7232204800,1,20159:4
9597677,20159,607727616,5037297664,171,282,147892,23,576176128,1179,1919472,276629,5993603,18117,7224328192,1,20159:4
9703098,20159,615723008,5037297664,171,285,149812,23,584564736,1179,1919473,276633,5993684,18117,7215939584,1,20159:3
9809311,20159,623849472,5037297664,171,289,151827,23,592293888,1181,1919473,276636,5993763,18117,7207952384,1,20159:4
9914359,20159,631713792,5037297664,171,292,153747,23,600158208,1181,1919473,276640,5993843,18117,7199817728,1,20159:3
10019887,20159,639578112,5037297664,171,296,155667,23,608022528,1181,1919474,276643,5993923,18117,7191687168,1,20159:4
10126096,20159,647966720,5037297664,171,299,157667,23,616411136,1181,1919474,276647,5994004,18117,7183810560,1,20159:3
10231758,20159,655831040,5037297664,171,302,159634,23,624275456,1181,1919475,276650,5994083,18118,7175901184,1,20159:4
10336731,20159,662253568,5037297664,171,305,161227,23,630452224,1203,1919476,276657,5994156,18121,7169327104,1,20159:2
10441573,20159,669331456,5037297664,171,308,162874,23,638353408,1214,1919477,276660,5994235,18123,7162040320,1,20159:4
10546831,20159,677195776,5037297664,171,312,164866,23,646217728,1214,1919477,276663,5994314,18123,7154237440,1,20159:3
10651933,20159,685060096,5037297664,171,315,166782,23,654082048,1214,1919478,276666,5994394,18123,7146434560,1,20159:3
10757110,20159,692924416,5037297664,171,319,168706,23,661946368,1214,1919478,276670,5994474,18123,7138398208,1,20159:4
10862206,20159,700657664,5037297664,171,322,170596,23,669675520,1216,1919478,276673,5994554,18123,7130619904,1,20159:3
10966994,20159,708521984,5037297664,171,326,172513,23,677539840,1216,1919479,276676,5994633,18123,7122817024,1,20159:4
11071919,20159,716386304,5037297664,171,329,174433,23,685404160,1216,1919479,276680,5994713,18123,7115014144,1,20159:3
11176786,20159,724250624,5037297664,171,333,176353,23,693268480,1216,1919479,276684,5994793,18123,7107211264,1,20159:4
11281847,20159,732114944,5037297664,171,336,178273,23,701132800,1216,1919480,276688,5994872,18123,7098892288,1,20159:3
11387056,20159,739848192,5037297664,171,340,180101,23,708423680,1232,1919480,276693,5994951,18124,7091421184,1,20159:4
11492545,20159,746795008,5037297664,171,343,181839,23,715730944,1248,1919481,276696,5995029,18126,7084724224,1,20159:3
11597585,20159,754659328,5037297664,171,347,183759,23,724119552,1248,1919482,276700,5995109,18126,7076356096,1,20159:4
11703072,20159,762916864,5037297664,171,350,185710,23,731983872,1248,1919482,276703,5995189,18126,7068319744,1,20159:3
11808379,20159,770912256,5037297664,171,354,187727,23,739848192,1248,1919483,276708,5995266,18126,7060627456,1,20159:4
11913120,20159,778776576,5037297664,171,357,189647,23,747577344,1250,1919484,276711,5995345,18126,7052517376,1,20159:3
12018420,20159,786903040,5037297664,171,361,191646,23,755965952,1250,1919485,276715,5995425,18126,7044964352,1,20159:4
12123574,20159,794767360,5037297664,171,364,193582,23,763830272,1250,1919486,276718,5995504,18126,7037087744,1,20159:3
12228456,20159,802631680,5037297664,171,368,195502,23,771694592,1250,1919486,276723,5995584,18126,7029211136,1,20159:4
12333460,20159,810496000,5037297664,171,371,197422,23,779558912,1250,1919486,276726,5995664,18126,7021334528,1,20159:3
12438225,20159,817967104,5037297664,171,374,199206,23,786640896,1259,1919487,276730,5995743,18127,7013994496,1,20159:4
12543314,20159,824127488,5037297664,171,377,200636,23,794189824,1283,1919488,276732,5995820,18129,7007846400,1,20159:3
12648721,20159,831991808,5037297664,171,381,202653,23,802054144,1283,1919488,276735,5995900,18129,6999969792,1,20159:3
12753540,20159,839856128,5037297664,171,384,204573,23,809918464,1283,1919488,276738,5995980,18129,6991269888,1,20159:3
12858683,20159,847851520,5037297664,171,388,206493,23,818307072,1283,1919489,276742,5996060,18129,6983446528,1,20159:4
12964220,20159,856109056,5037297664,171,392,208541,23,826171392,1283,1919489,276746,5996139,18129,6975569920,1,20159:4
13069104,20159,863842304,5037297664,171,395,210428,23,833900544,1285,1919489,276749,5996219,18129,6967324672,1,20159:3
13174295,20159,871706624,5037297664,171,398,212348,23,842289152,1285,1919490,276752,5996299,18129,6959452160,1,20159:3
13279833,20159,879702016,5037297664,171,402,214268,23,850153472,1285,1919490,276756,5996379,18129,6951575552,1,20159:4
13385353,20159,887959552,5037297664,171,405,216271,23,858017792,1285,1919491,276763,5996456,18129,6943698944,1,20159:3
13490511,20159,895168512,5037297664,171,409,218077,23,865361920,1291,1919492,276767,5996535,18130,6936010752,1,20159:4
13596083,20159,901591040,5037297664,171,412,219631,23,872095744,1318,1919492,276770,5996612,18133,6929641472,1,20159:3
13701349,20159,909586432,5037297664,171,415,221547,23,880484352,1318,1919492,276773,5996693,18133,6921785344,1,20159:3
13806788,20159,917712896,5037297664,171,419,223559,23,888348672,1318,1919493,276777,5996773,18133,6913908736,1,20159:4
13911970,20159,925577216,5037297664,171,422,225515,23,896212992,1318,1919493,276780,5996852,18133,6906032128,1,20159:3
14016813,20159,933441536,5037297664,171,426,227435,23,904077312,1318,1919493,276783,5996932,18133,6898155520,1,20159:4
14121787,20159,941174784,5037297664,171,429,229322,23,912330752,1320,1919494,276787,5997012,18133,6889852928,1,20159:3
14227215,20159,949170176,5037297664,171,432,231242,23,920195072,1320,1919494,276790,5997092,18133,6881976320,1,20159:3
14332802,20159,957427712,5037297664,171,436,233273,23,928059392,1320,1919494,276794,5997172,18133,6874099712,1,20159:4
14437988,20159,965292032,5037297664,171,440,235210,23,935923712,1320,1919495,276797,5997251,18133,6865965056,1,20159:4
14542899,20159,973156352,5037297664,171,443,237106,23,943136768,1323,1919496,276800,5997330,18134,6858223616,1,20159:3
14647695,20159,979709952,5037297664,171,446,238666,23,949993472,1350,1919496,276806,5997408,18137,6851440640,1,20159:3
14753061,20159,986787840,5037297664,171,449,240441,23,958386176,1352,1919496,276809,5997487,18137,6844051456,1,20159:3
14858580,20159,995176448,5037297664,171,453,242489,23,966250496,1352,1919497,276814,5997566,18137,6836174848,1,20159:4
14963899,20159,1003040768,5037297664,171,456,244409,23,974114816,1352,1919498,276818,5997643,18137,6828298240,1,20159:3
15068792,20159,1010905088,5037297664,171,460,246329,23,982503424,1352,1919498,276822,5997723,18137,6819909632,1,20159:4
15174250,20159,1019162624,5037297664,171,464,248344,23,990232576,1354,1919498,276826,5997803,18137,6812180480,1,20159:4
15279153,20159,1027026944,5037297664,171,467,250264,23,998096896,1354,1919499,276829,5997883,18137,6804303872,1,20159:3
15383980,20159,1034891264,5037297664,171,471,252184,23,1005961216,1354,1919499,276832,5997962,18137,6796169216,1,20159:4
15489095,20159,1042755584,5037297664,171,474,254104,23,1013825536,1354,1919500,276835,5998042,18137,6788292608,1,20159:3
15594282,20159,1050619904,5037297664,171,477,256024,23,1022083072,1354,1919500,276840,5998122,18137,6780297216,1,20159:3
15699697,20159,1057697792,5037297664,171,481,257749,23,1028550656,1378,1919500,276844,5998200,18139,6773620736,1,20159:4
15804552,20159,1064513536,5037297664,171,484,259462,23,1036292096,1387,1919501,276847,5998279,18141,6766665728,1,20159:3
15909708,20159,1072377856,5037297664,171,487,261382,23,1044156416,1387,1919501,276852,5998358,18141,6758862848,1,20159:3
16014578,20159,1080242176,5037297664,171,491,263302,23,1052020736,1387,1919502,276855,5998438,18141,6750826496,1,20159:4
16119754,20159,1088106496,5037297664,171,494,265222,23,1060409344,1387,1919502,276858,5998518,18141,6742695936,1,20159:3
16225293,20159,1096364032,5037297664,171,498,267237,23,1068138496,1389,1919502,276861,5998598,18141,6734966784,1,20159:4
16330399,20159,1104228352,5037297664,171,501,269157,23,1076002816,1389,1919503,276864,5998678,18141,6726832128,1,20159:3
16435556,20159,1112092672,5037297664,171,504,271077,23,1084391424,1389,1919505,276870,5998755,18141,6718701568,1,20159:3
16541054,20159,1120481280,5037297664,171,508,273117,23,1092255744,1389,1919505,276873,5998835,18141,6710824960,1,20159:4
16646154,20159,1128345600,5037297664,171,511,275045,23,1100120064,1389,1919506,276877,5998915,18141,6702690304,1,20159:3
16751251,20159,1135554560,5037297664,171,514,276790,23,1107161088,1411,1919506,276880,5998993,18143,6695563264,1,20159:3
16856402,20159,1142501376,5037297664,171,517,278475,23,1114722304,1422,1919506,276883,5999071,18145,6688911360,1,20159:3
16961468,20159,1150365696,5037297664,171,520,280404,23,1122586624,1422,1919507,276886,5999151,18145,6681034752,1,20159:4
17066483,20159,1158230016,5037297664,171,524,282324,23,1130450944,1422,1919508,276889,5999231,18145,6673158144,1,20159:3
17171320,20159,1166094336,5037297664,171,527,284244,23,1138315264,1422,1919508,276893,5999310,18145,6665023488,1,20159:3
17276346,20159,1173958656,5037297664,171,531,286169,23,1146568704,1424,1919508,276896,5999390,18145,6656770048,1,20159:4
17381715,20159,1181691904,5037297664,171,534,288051,23,1154433024,1424,1919509,276899,5999471,18145,6648905728,1,20159:3
17487180,20159,1189949440,5037297664,172,537,289999,23,1162297344,1424,1919510,276902,5999551,18145,6641029120,1,20159:4
17592577,20159,1197944832,5037297664,172,541,292019,23,1170161664,1424,1919510,276905,5999631,18145,6633152512,1,20159:4
17697397,20159,1205809152,5037297664,172,544,293939,23,1178025984,1424,1919510,276908,5999711,18145,6625275904,1,20159:3
17802151,20159,1213280256,5037297664,172,546,295767,23,1184563200,1440,1919511,276910,5999789,18147,6617554944,1,20159:2
17907291,20159,1219309568,5037297664,172,549,297250,23,1192628224,1456,1919512,276913,5999867,18149,6611238912,1,20159:3
18012848,20159,1227698176,5037297664,172,552,299210,23,1200492544,1456,1919513,276918,5999944,18149,6603362304,1,20159:4
18118367,20159,1235562496,5037297664,172,556,301218,23,1208356864,1456,1919514,276921,6000024,18149,6595485696,1,20159:3
18223266,20159,1243426816,5037297664,172,559,303138,23,1216221184,1456,1919514,276924,6000103,18149,6587609088,1,20159:3
18328165,20159,1251291136,5037297664,173,562,305058,23,1224085504,1456,1919514,276927,6000183,18149,6579732480,1,20159:4
18433165,20159,1259548672,5037297664,173,566,307043,23,1232338944,1458,1919514,276930,6000263,18149,6571429888,1,20159:4
18538350,20159,1267412992,5037297664,173,569,308993,23,1240203264,1458,1919515,276934,6000343,18149,6563553280,1,20159:3
18643124,20159,1275277312,5037297664,173,572,310913,23,1248067584,1458,1919516,276937,6000423,18149,6555418624,1,20159:3
18748260,20159,1283141632,5037297664,173,576,312833,23,1256456192,1458,1919516,276940,6000503,18149,6547333120,1,20159:4
18853764,20159,1291530240,5037297664,173,579,314872,23,1263509504,1467,1919516,276943,6000582,18151,6539087872,1,20159:3
18958994,20159,1298345984,5037297664,173,581,316457,23,1270964224,1490,1919517,276946,6000659,18153,6532624384,1,20159:3
19064314,20159,1306210304,5037297664,173,585,318448,23,1278828544,1490,1919517,276949,6000739,18153,6524588032,1,20159:3
19169135,20159,1314074624,5037297664,173,588,320368,23,1286692864,1490,1919518,276952,6000819,18153,6516219904,1,20159:3
19274552,20159,1322201088,5037297664,173,591,322291,23,1295081472,1490,1919518,276956,6000899,18153,6508417024,1,20159:4
19379975,20159,1330327552,5037297664,173,595,324336,23,1302945792,1490,1919519,276959,6000979,18153,6500614144,1,20159:3
19484804,20159,1338060800,5037297664,173,598,326223,23,1310674944,1492,1919519,276965,6001056,18153,6492835840,1,20159:3
19589771,20159,1345925120,5037297664,173,601,328143,23,1319063552,1492,1919520,276969,6001136,18153,6484467712,1,20159:3
19695221,20159,1353789440,5037297664,173,605,330063,23,1326927872,1492,1919520,276972,6001216,18153,6476431360,1,20159:4
19800788,20159,1362178048,5037297664,173,608,332070,23,1334792192,1492,1919521,276975,6001296,18153,6468628480,1,20159:3
19905813,20159,1368993792,5037297664,173,611,333776,23,1342377984,1498,1919522,276978,6001376,18154,6461632512,1,20159:3
20011251,20159,1375154176,5037297664,173,614,335298,23,1348898816,1524,1919522,276983,6001452,18157,6455242752,1,20159:3
20116381,20159,1383018496,5037297664,173,617,337214,23,1357287424,1524,1919522,276986,6001532,18157,6447386624,1,20159:3
20221980,20159,1391407104,5037297664,173,621,339262,23,1365151744,1524,1919523,276989,6001612,18157,6439510016,1,20159:4
20326959,20159,1399271424,5037297664,173,624,341182,23,1373016064,1524,1919524,276992,6001692,18157,6431633408,1,20159:3
20431882,20159,1407135744,5037297664,173,628,343102,23,1380880384,1524,1919524,276996,6001772,18157,6422982656,1,20159:4
20537198,20159,1415262208,5037297664,173,631,345001,23,1389133824,1526,1919524,276999,6001852,18157,6415515648,1,20159:3
20642717,20159,1423257600,5037297664,173,634,347037,23,1396998144,1526,1919524,277003,6001932,18157,6407639040,1,20159:3
20747855,20159,1431121920,5037297664,173,638,348957,23,1404862464,1526,1919524,277006,6002012,18157,6399504384,1,20159:4
20852773,20159,1438986240,5037297664,173,641,350877,23,1412726784,1526,1919525,277010,6002092,18157,6391627776,1,20159:3
20957422,20159,1446719488,5037297664,173,644,352773,23,1419939840,1529,1919525,277013,6002171,18158,6383824896,1,20159:3
21062152,20159,1453666304,5037297664,173,647,354395,23,1426796544,1556,1919527,277018,6002245,18161,6377041920,1,20159:3
21167282,20159,1460350976,5037297664,173,650,356108,23,1435189248,1558,1919527,277021,6002325,18162,6369652736,1,20159:3
21272788,20159,1468477440,5037297664,173,653,358028,23,1443053568,1558,1919528,277025,6002405,18162,6361776128,1,20159:3
21378256,20159,1476603904,5037297664,173,657,360041,23,1450917888,1558,1919528,277028,6002485,18162,6353899520,1,20159:4
21483395,20159,1484468224,5037297664,173,660,361996,23,1458782208,1558,1919528,277031,6002565,18162,6346022912,1,20159:3
21588124,20159,1492201472,5037297664,173,663,363883,23,1466511360,1560,1919529,277036,6002645,18162,6337728512,1,20159:3
21693576,20159,1500065792,5037297664,173,667,365803,23,1474899968,1560,1919530,277039,6002725,18162,6329905152,1,20159:4
21799028,20159,1508454400,5037297664,173,670,367743,23,1482764288,1560,1919530,277043,6002805,18162,6322028544,1,20159:3
21904371,20159,1516318720,5037297664,173,674,369771,23,1490628608,1560,1919530,277046,6002885,18162,6314151936,1,20159:4
22009353,20159,1524183040,5037297664,173,677,371691,23,1498492928,1560,1919531,277050,6002965,18162,6306275328,1,20159:3
22114184,20159,1531129856,5037297664,173,680,373379,23,1505353728,1584,1919532,277054,6003043,18164,6299222016,1,20159:3
22219437,20159,1537814528,5037297664,173,683,375001,23,1513095168,1593,1919532,277057,6003121,18166,6292242432,1,20159:3
22324958,20159,1545940992,5037297664,173,686,376921,23,1520959488,1593,1919532,277060,6003201,18166,6284365824,1,20159:3
22430467,20159,1554067456,5037297664,173,690,378969,23,1528823808,1593,1919533,277063,6003282,18166,6276489216,1,20159:4
22535427,20159,1561931776,5037297664,173,693,380889,23,1536688128,1593,1919534,277068,6003358,18166,6268354560,1,20159:3
22640313,20159,1569665024,5037297664,173,696,382776,23,1544417280,1595,1919534,277072,6003438,18166,6260367360,1,20159:3
22745637,20159,1577529344,5037297664,173,699,384696,23,1552805888,1595,1919535,277076,6003518,18166,6252236800,1,20159:3
22851082,20159,1585786880,5037297664,173,703,386644,23,1560670208,1595,1919535,277081,6003599,18166,6244360192,1,20159:4
22956508,20159,1593782272,5037297664,173,706,388661,23,1568534528,1595,1919535,277084,6003679,18166,6236483584,1,20159:3
23061590,20159,1601646592,5037297664,173,709,390584,23,1576398848,1595,1919535,277087,6003758,18166,6228865024,1,20159:3
23166656,20159,1609117696,5037297664,173,713,392405,23,1583128576,1612,1919536,277090,6003836,18168,6221406208,1,20159:4
23271486,20159,1615671296,5037297664,173,715,394023,23,1591001088,1628,1919536,277094,6003915,18170,6214569984,1,20159:3
23376627,20159,1623535616,5037297664,173,719,395943,23,1598865408,1628,1919537,277097,6003995,18170,6206693376,1,20159:3
23481545,20159,1631399936,5037297664,173,722,397863,23,1606729728,1628,1919537,277100,6004074,18170,6198816768,1,20159:3
23586285,20159,1638739968,5037297664,173,725,399655,23,1614069760,1628,1919538,277104,6004155,18170,6191132672,1,20159:3
23691365,20159,1647128576,5037297664,173,729,401703,23,1622323200,1628,1919538,277107,6004234,18170,6182879232,1,20159:4
23796450,20159,1655386112,5037297664,173,732,403622,23,1630711808,1630,1919538,277110,6004315,18170,6175019008,1,20159:3
23901896,20159,1663250432,5037297664,173,735,405638,23,1638576128,1630,1919539,277114,6004395,18170,6166982656,1,20159:3
24006782,20159,1671114752,5037297664,173,739,407558,23,1646440448,1630,1919540,277117,6004474,18170,6158614528,1,20159:4
24112120,20159,1679372288,5037297664,173,742,409478,23,1654829056,1630,1919541,277122,6004551,18170,6150811648,1,20159:3
24217568,20159,1686974464,5037297664,173,745,411434,23,1661366272,1646,1919541,277127,6004629,18172,6143156224,1,20159:3
24322300,20159,1693134848,5037297664,173,748,412917,23,1668907008,1662,1919542,277130,6004707,18174,6136434688,1,20159:3
24427557,20159,1700999168,5037297664,173,751,414837,23,1677295616,1662,1919542,277134,6004787,18174,6128582656,1,20159:3
24533169,20159,1709256704,5037297664,173,754,416785,23,1685159936,1662,1919543,277136,6004868,18174,6120779776,1,20159:3
24638679,20159,1717252096,5037297664,173,757,418772,23,1693024256,1662,1919543,277140,6004948,18174,6112743424,1,20159:4
24743845,20159,1725116416,5037297664,173,761,420725,23,1700888576,1662,1919544,277143,6005028,18174,6104940544,1,20159:3
24848806,20159,1732849664,5037297664,173,764,422612,23,1708617728,1664,1919544,277146,6005108,18174,6097162240,1,20159:3
24953559,20159,1740713984,5037297664,173,767,424532,23,1716482048,1664,1919545,277148,6005187,18174,6088794112,1,20159:3
25058915,20159,1748578304,5037297664,173,771,426452,23,1724870656,1664,1919545,277153,6005268,18174,6080991232,1,20159:4
25164380,20159,1756966912,5037297664,173,774,428453,23,1732734976,1664,1919546,277156,6005348,18174,6073188352,1,20159:3
25269560,20159,1764044800,5037297664,173,777,430252,23,1739767808,1670,1919546,277159,6005426,18175,6065770496,1,20159:3
25374569,20159,1770467328,5037297664,173,780,431811,23,1746808832,1696,1919547,277163,6005503,18179,6059163648,1,20159:3
25479758,20159,1778331648,5037297664,173,783,433731,23,1755197440,1696,1919547,277166,6005584,18179,6051291136,1,20159:3
25585289,20159,1786589184,5037297664,173,786,435651,23,1763061760,1696,1919550,277171,6005661,18179,6043414528,1,20159:3
25690559,20159,1794584576,5037297664,173,789,437699,23,1770926080,1696,1919550,277174,6005741,18179,6035537920,1,20159:4
25795670,20159,1802448896,5037297664,173,793,439619,23,1778790400,1696,1919551,277177,6005820,18179,6027661312,1,20159:3
25900511,20159,1810182144,5037297664,173,796,441506,23,1787043840,1698,1919551,277180,6005900,18179,6019358720,1,20159:3
26006148,20159,1818570752,5037297664,173,799,443554,23,1794908160,1698,1919552,277184,6005981,18179,6011482112,1,20159:4
26111219,20159,1826435072,5037297664,173,803,445474,23,1802772480,1698,1919552,277187,6006061,18179,6003347456,1,20159:3
26215984,20159,1833775104,5037297664,173,806,447266,23,1810636800,1698,1919552,277190,6006141,18179,5995159552,1,20159:3
26321560,20159,1842032640,5037297664,173,809,449287,23,1818374144,1701,1919552,277194,6006220,18180,5987778560,1,20159:3
26426374,20159,1848455168,5037297664,173,811,450839,23,1824714752,1731,1919553,277197,6006297,18183,5981175808,1,20159:2
26531354,20159,1856319488,5037297664,174,815,452752,23,1833103360,1731,1919554,277200,6006377,18183,5973561344,1,20159:5
26636074,20159,1864183808,5037297664,174,818,454672,23,1840967680,1731,1919554,277203,6006456,18183,5965684736,1,20159:3
26740823,20159,1872048128,5037297664,174,821,456592,23,1848832000,1731,1919554,277206,6006536,18183,5957808128,1,20159:3
26845559,20159,1879912448,5037297664,174,824,458512,23,1856696320,1731,1919555,277210,6006616,18183,5949931520,1,20159:3
26950433,20159,1887645696,5037297664,174,827,460399,23,1864949760,1733,1919555,277213,6006696,18183,5941690368,1,20159:3
27055874,20159,1896034304,5037297664,174,831,462447,23,1872814080,1733,1919556,277216,6006776,18183,5933813760,1,20159:4
27160802,20159,1903898624,5037297664,174,834,464367,23,1880678400,1733,1919558,277220,6006853,18183,5925937152,1,20159:3
27265963,20159,1911762944,5037297664,174,837,466287,23,1888542720,1733,1919559,277223,6006933,18183,5918060544,1,20159:3
27370820,20159,1919627264,5037297664,174,840,468207,23,1896275968,1733,1919559,277226,6007013,18183,5910319104,1,20159:3
27475572,20159,1926443008,5037297664,174,843,469895,23,1902743552,1758,1919559,277228,6007090,18185,5903126528,1,20159:3
27580560,20159,1934176256,5037297664,174,846,471774,23,1910972416,1766,1919560,277232,6007170,18186,5895598080,1,20159:3
27685449,20159,1942040576,5037297664,174,849,473694,23,1918836736,1766,1919560,277234,6007250,18186,5887721472,1,20159:3
27790209,20159,1949904896,5037297664,174,853,475614,23,1926701056,1766,1919561,277238,6007330,18186,5879844864,1,20159:4
27895046,20159,1957769216,5037297664,174,856,477534,23,1934565376,1766,1919561,277241,6007409,18186,5871194112,1,20159:3
28000321,20159,1965895680,5037297664,174,859,479435,23,1942818816,1768,1919561,277244,6007490,18186,5863407616,1,20159:3
28105761,20159,1973891072,5037297664,174,862,481469,23,1950683136,1768,1919562,277247,6007570,18186,5855531008,1,20159:3
28211055,20159,1981755392,5037297664,174,866,483389,23,1958547456,1768,1919562,277251,6007650,18186,5847912448,1,20159:4
28315834,20159,1989619712,5037297664,174,869,485309,23,1966411776,1768,1919562,277254,6007729,18186,5839777792,1,20159:3
28420812,20159,1997484032,5037297664,174,872,487229,23,1974276096,1768,1919562,277257,6007809,18186,5831643136,1,20159:3
28525808,20159,2004037632,5037297664,174,875,488844,23,1980985344,1789,1919563,277259,6007888,18188,5825200128,1,20159:3
28631065,20159,2010984448,5037297664,174,878,490540,23,1988907008,1800,1919563,277264,6007964,18190,5818413056,1,20159:3
28735605,20159,2018848768,5037297664,174,881,492460,23,1996771328,1800,1919564,277268,6008042,18190,5810323456,1,20159:3
28840461,20159,2026713088,5037297664,174,884,494380,23,2004635648,1800,1919565,277272,6008122,18190,5802659840,1,20159:3
28945405,20159,2034577408,5037297664,174,887,496300,23,2012499968,1800,1919565,277275,6008202,18190,5795041280,1,20159:3
29050335,20159,2042572800,5037297664,174,891,498225,23,2020753408,1802,1919566,277278,6008282,18190,5786529792,1,20159:4
29155662,20159,2050568192,5037297664,174,894,500107,23,2028617728,1802,1919566,277282,6008362,18190,5778870272,1,20159:3
29261086,20159,2058563584,5037297664,174,897,502155,23,2036482048,1802,1919567,277285,6008442,18190,5771046912,1,20159:3
29365950,20159,2066427904,5037297664,174,900,504075,23,2044346368,1802,1919568,277287,6008522,18190,5763170304,1,20159:3
29470915,20159,2074292224,5037297664,174,904,505995,23,2052210688,1802,1919568,277290,6008602,18190,5754777600,1,20159:4
29575625,20159,2081894400,5037297664,174,906,507822,23,2058747904,1818,1919568,277294,6008680,18192,5746851840,1,20159:2
29680378,20159,2087923712,5037297664,174,909,509306,23,2066808832,1834,1919569,277296,6008758,18195,5740740608,1,20159:3
29785428,20159,2096050176,5037297664,174,912,511246,23,2074673152,1834,1919569,277300,6008839,18195,5732864000,1,20159:3
29890360,20159,2103128064,5037297664,174,915,513017,23,2081488896,1834,1919570,277302,6008914,18199,5725732864,1,20159:3
29995076,20159,2110992384,5037297664,174,917,514938,23,2089877504,1834,1919570,277305,6008993,18200,5717340160,1,20159:2
30100056,20159,2118856704,5037297664,174,920,516858,23,2097741824,1834,1919571,277308,6009074,18200,5709463552,1,20159:3
30205082,20159,2127114240,5037297664,174,923,518873,23,2105470976,1836,1919572,277312,6009151,18200,5701672960,1,20159:3
30309870,20159,2134978560,5037297664,174,926,520793,23,2113335296,1836,1919573,277315,6009231,18200,5693796352,1,20159:3
30414530,20159,2142842880,5037297664,174,928,522713,23,2121199616,1836,1919573,277318,6009311,18200,5685661696,1,20159:2
30519414,20159,2150707200,5037297664,174,931,524633,23,2129588224,1836,1919574,277320,6009392,18200,5677531136,1,20159:3
30624382,20159,2158440448,5037297664,174,934,526522,23,2136408064,1842,1919574,277323,6009471,18201,5670146048,1,20159:3
30729243,20159,2164731904,5037297664,174,936,528075,23,2143666176,1869,1919574,277328,6009548,18204,5664055296,1,20159:2
30833978,20159,2172596224,5037297664,174,939,529991,23,2151530496,1869,1919575,277330,6009629,18204,5656178688,1,20159:3
30938828,20159,2180460544,5037297664,174,942,531911,23,2159919104,1869,1919575,277334,6009709,18204,5648097280,1,20159:3
31043896,20159,2188587008,5037297664,174,945,533831,23,2167783424,1869,1919576,277336,6009789,18204,5640220672,1,20159:3
31148992,20159,2196713472,5037297664,174,948,535879,23,2175647744,1869,1919576,277339,6009870,18204,5632344064,1,20159:3
31253708,20159,2204446720,5037297664,174,950,537766,23,2183376896,1871,1919576,277342,6009950,18204,5624614912,1,20159:2
31358529,20159,2212311040,5037297664,174,953,539686,23,2191241216,1871,1919577,277345,6010031,18204,5616480256,1,20159:3
31463238,20159,2220175360,5037297664,174,956,541606,23,2199105536,1871,1919577,277348,6010111,18204,5608603648,1,20159:3
31567951,20159,2228039680,5037297664,174,958,543526,23,2206969856,1871,1919577,277351,6010191,18204,5600727040,1,20159:2
31672775,20159,2235904000,5037297664,174,961,545446,23,2214178816,1871,1919578,277353,6010271,18205,5592477696,1,20159:3
31777571,20159,2243244032,5037297664,174,964,547228,23,2221572096,1904,1919580,277358,6010345,18208,5585203200,1,20159:3
31882427,20159,2251108352,5037297664,174,966,549141,23,2229960704,1904,1919580,277360,6010426,18208,5577498624,1,20159:2
31987067,20159,2258972672,5037297664,174,969,551061,23,2237825024,1904,1919580,277363,6010506,18208,5569622016,1,20159:3
32091906,20159,2266836992,5037297664,174,972,552981,23,2245689344,1904,1919580,277366,6010586,18208,5561487360,1,20159:3
32196850,20159,2274701312,5037297664,174,974,554901,23,2253553664,1904,1919580,277369,6010667,18208,5553303552,1,20159:2
32301891,20159,2282958848,5037297664,174,977,556916,23,2261807104,1906,1919581,277372,6010747,18208,5545627648,1,20159:3
32406699,20159,2290823168,5037297664,174,980,558836,23,2269671424,1906,1919581,277374,6010828,18208,5537751040,1,20159:3
32511460,20159,2298687488,5037297664,174,982,560756,23,2277535744,1906,1919581,277378,6010908,18208,5529874432,1,20159:2
32616185,20159,2306551808,5037297664,174,985,562676,23,2285400064,1906,1919581,277381,6010989,18208,5522255872,1,20159:3
32720777,20159,2315333632,5037297664,174,988,564828,23,2293661696,1909,1919582,277384,6011068,18209,5513232384,1,20159:3
32825439,20159,2331324416,5049909248,176,991,568731,23,2300317696,1918,1919584,277387,6011146,18209,5497208832,1,20159:5
32930364,20159,2331324416,5049909248,176,992,568731,23,2308182016,1918,1919585,277389,6011228,18209,5497073664,1,20159:1
33035437,20159,2338664448,5049909248,184,992,570504,23,2308210688,1920,1919594,277390,6011302,18209,5489590272,1,20159:9
33140085,20159,2361339904,5153722368,193,995,576019,23,2308210688,1920,1919602,277392,6011375,18209,5465591808,1,20159:11
33244512,20159,2408525824,5153722368,199,999,587526,23,2308210688,1920,1919610,277399,6011444,18209,5418369024,1,20159:10
33349109,20159,2435190784,5141110784,203,1004,597155,23,2310307840,1921,1919614,277404,6011519,18209,5393166336,1,20159:9
33453879,20159,2435190784,5141110784,203,1005,597155,23,2318172160,1921,1919614,277406,6011600,18209,5393031168,1,20159:1
33558838,20159,2435190784,5141110784,203,1006,597155,23,2326036480,1921,1919615,277406,6011682,18209,5392871424,1,20159:1
33663858,20159,2435190784,5141110784,203,1008,597155,23,2334425088,1921,1919615,277408,6011764,18209,5392994304,1,20159:2
33768942,20159,2435190784,5141110784,203,1009,597155,23,2342289408,1921,1919616,277409,6011846,18209,5393117184,1,20159:1
33874081,20159,2435190784,5141110784,203,1011,597155,23,2350153728,1921,1919616,277410,6011928,18209,5392982016,1,20159:2
33979102,20159,2435190784,5141110784,203,1012,597155,23,2358018048,1921,1919617,277412,6012010,18209,5393104896,1,20159:1
34083865,20159,2435190784,5141110784,203,1014,597155,23,2365882368,1921,1919617,277413,6012086,18215,5392711680,1,20159:2
34188583,20159,2435190784,5141110784,203,1015,597155,23,2373746688,1921,1919618,277415,6012157,18225,5392834560,1,20159:1
34293333,20159,2435190784,5141110784,203,1016,597155,23,2381611008,1921,1919618,277416,6012227,18236,5392330752,1,20159:1
34398122,20159,2435190784,5141110784,203,1017,597155,23,2388426752,1921,1919618,277417,6012289,18256,5392269312,1,20159:1
34503349,20159,2435190784,5141110784,203,1019,597155,23,2396291072,1921,1919618,277419,6012358,18269,5392490496,1,20159:2
34608244,20159,2435190784,5141110784,203,1020,597155,23,2403631104,1921,1919618,277421,6012421,18287,5391962112,1,20159:1
34713425,20159,2435190784,5141110784,203,1021,597155,23,2410446848,1921,1919619,277422,6012483,18307,5392158720,1,20159:1
34818703,20159,2442137600,5141110784,211,1021,598857,23,2411503616,1923,1919630,277426,6012548,18313,5384830976,1,20159:8
34924128,20159,2451312640,5141110784,221,1021,601091,23,2411503616,1923,1919640,277426,6012621,18313,5375799296,1,20159:10
35029505,20159,2460487680,5141110784,231,1023,603325,23,2411503616,1923,1919650,277427,6012694,18313,5366509568,1,20159:12
35134876,20159,2469662720,5141110784,240,1024,605561,23,2411503616,1923,1919660,277429,6012767,18313,5357477888,1,20159:10
35240216,20159,2478706688,5141110784,248,1026,607794,23,2411503616,1923,1919668,277432,6012840,18313,5348188160,1,20159:10
35345631,20159,2487881728,5141110784,259,1026,610025,23,2411503616,1923,1919679,277432,6012913,18313,5339156480,1,20159:11
35450986,20159,2497056768,5141110784,269,1026,612258,23,2411503616,1923,1919690,277432,6012986,18313,5330124800,1,20159:10
35556311,20159,2506231808,5141110784,278,1028,614492,23,2411503616,1923,1919698,277434,6013059,18313,5320835072,1,20159:11
35661716,20159,2515275776,5141110784,288,1029,616722,23,2411503616,1923,1919709,277435,6013132,18313,5311836160,1,20159:11
35766958,20159,2524450816,5141110784,296,1030,618955,23,2411503616,1923,1919718,277438,6013205,18313,5302546432,1,20159:10
35872225,20159,2533625856,5141110784,306,1031,621188,23,2411503616,1923,1919727,277439,6013278,18313,5293514752,1,20159:10
35977545,20159,2540834816,5141110784,314,1033,622961,24,2413051904,1926,1919735,277440,6013352,18313,5286465536,1,20159:10
36081936,20159,2540834816,5141110784,324,1033,622961,24,2413051904,1926,1919746,277440,6013425,18313,5286465536,1,20159:10
36186143,20159,2540834816,5141110784,327,1034,622961,24,2420391936,1927,1919749,277441,6013505,18313,5286625280,1,20159:4
36291625,20159,2540834816,5141110784,327,1035,622961,24,2428256256,1927,1919750,277445,6013584,18313,5286490112,1,20159:1
36396903,20159,2540834816,5141110784,327,1036,622961,24,2436120576,1927,1919750,277448,6013666,18313,5286612992,1,20159:1
36501737,20159,2540834816,5141110784,327,1038,622961,24,2443984896,1927,1919750,277449,6013747,18314,5286293504,1,20159:2
36606594,20159,2540834816,5141110784,327,1039,622961,24,2451849216,1927,1919751,277451,6013827,18315,5286256640,1,20159:1
36711452,20159,2540834816,5141110784,327,1040,622961,24,2459713536,1927,1919751,277452,6013909,18315,5286146048,1,20159:1
36816418,20159,2540834816,5141110784,327,1041,622961,24,2468102144,1927,1919751,277454,6013991,18315,5286342656,1,20159:2
36921469,20159,2540834816,5141110784,327,1043,622961,24,2475966464,1927,1919752,277455,6014073,18315,5286404096,1,20159:1
37026215,20159,2540834816,5141110784,327,1044,622961,24,2483830784,1927,1919752,277457,6014155,18315,5286526976,1,20159:1
37131139,20159,2540834816,5141110784,327,1045,622961,24,2492219392,1927,1919753,277458,6014237,18315,5286428672,1,20159:1
37236160,20159,2540834816,5141110784,327,1047,622961,24,2500083712,1927,1919753,277460,6014319,18315,5286551552,1,20159:2
37341011,20159,2540834816,5141110784,327,1048,622961,24,2507948032,1927,1919753,277461,6014400,18315,5286416384,1,20159:1
37445841,20159,2540834816,5141110784,327,1049,622961,24,2516336640,1927,1919754,277462,6014482,18315,5286514688,1,20159:1
37550883,20159,2548436992,5141110784,335,1050,624833,24,2516344832,1929,1919763,277463,6014556,18315,5278576640,1,20159:9
37655652,20159,2557612032,5141110784,345,1051,627054,24,2516344832,1929,1919773,277463,6014629,18315,5269544960,1,20159:11
37760428,20159,2566656000,5141110784,354,1052,629272,24,2516344832,1929,1919783,277464,6014702,18315,5260517376,1,20159:10
37865203,20159,2575831040,5141110784,363,1053,631512,24,2516344832,1929,1919793,277468,6014771,18315,5250969600,1,20159:10
37969970,20159,2584875008,5141110784,372,1055,633731,24,2516344832,1929,1919803,277469,6014844,18315,5241937920,1,20159:11
38074666,20159,2593918976,5141110784,382,1055,635932,24,2516344832,1929,1919813,277474,6014913,18315,5232119808,1,20159:10
38179372,20159,2602962944,5141110784,391,1057,638142,24,2516344832,1929,1919822,277475,6014986,18315,5223088128,1,20159:11
38284111,20159,2612137984,5141110784,402,1057,640359,24,2516344832,1929,1919833,277475,6015058,18315,5214056448,1,20159:11
38388748,20159,2621181952,5141110784,411,1058,642571,24,2516344832,1929,1919843,277476,6015131,18315,5205024768,1,20159:10
38493389,20159,2630225920,5141110784,421,1059,644781,24,2516344832,1929,1919853,277477,6015203,18315,5195735040,1,20159:11
38598075,20159,2639269888,5141110784,429,1060,646995,24,2516344832,1929,1919863,277479,6015276,18315,5186703360,1,20159:9
38702795,20159,2644643840,5141110784,435,1061,648329,24,2520539136,1930,1919869,277480,6015353,18315,5181550592,1,20159:7
38807723,20159,2644643840,5141110784,436,1062,648329,24,2528403456,1930,1919869,277481,6015435,18315,5181673472,1,20159:2
38912602,20159,2644643840,5141110784,436,1064,648329,24,2536267776,1930,1919870,277482,6015517,18315,5181902848,1,20159:2
39017369,20159,2644643840,5141110784,436,1065,648329,24,2544132096,1930,1919870,277483,6015598,18315,5182025728,1,20159:1
39122111,20159,2644643840,5141110784,436,1066,648329,24,2551996416,1930,1919871,277484,6015680,18315,5181890560,1,20159:1
39226942,20159,2644643840,5141110784,436,1067,648329,24,2559860736,1930,1919871,277485,6015762,18315,5182050304,1,20159:1
39331949,20159,2644643840,5141110784,436,1069,648329,24,2568249344,1930,1919872,277490,6015840,18315,5182640128,1,20159:2
39436607,20159,2644643840,5141110784,436,1070,648329,24,2576113664,1930,1919873,277492,6015920,18315,5182988288,1,20159:1
39541814,20159,2644643840,5141110784,436,1071,648329,24,2583977984,1930,1919874,277494,6016002,18315,5182939136,1,20159:2
39646835,20159,2644643840,5141110784,436,1073,648329,24,2591842304,1930,1919874,277495,6016084,18315,5183062016,1,20159:1
39751857,20159,2644643840,5141110784,436,1074,648329,24,2599706624,1930,1919874,277497,6016165,18315,5182926848,1,20159:1
39856538,20159,2644643840,5141110784,436,1076,648329,24,2607570944,1930,1919875,277498,6016247,18315,5183049728,1,20159:2
39961296,20159,2644643840,5141110784,436,1077,648329,24,2615435264,1930,1919875,277499,6016329,18315,5182914560,1,20159:1
40066094,20159,2647920640,5141110784,440,1077,649129,24,2619637760,1932,1919880,277500,6016407,18315,5179351040,1,20159:4
40170724,20159,2656964608,5141110784,449,1079,651334,24,2619637760,1932,1919889,277502,6016479,18315,5169618944,1,20159:11
40275555,20159,2666008576,5141110784,459,1079,653546,24,2619637760,1932,1919900,277505,6016550,18315,5160992768,1,20159:11
40380290,20159,2675052544,5141110784,470,1079,655751,24,2619637760,1932,1919910,277505,6016622,18315,5151961088,1,20159:10
40484984,20159,2684096512,5141110784,479,1080,657964,24,2619637760,1932,1919920,277506,6016695,18315,5142929408,1,20159:10
40589710,20159,2693140480,5141110784,489,1081,660173,24,2619637760,1932,1919930,277507,6016768,18315,5133897728,1,20159:11
40694371,20159,2702184448,5141110784,499,1081,662383,24,2619637760,1932,1919941,277508,6016841,18315,5124866048,1,20159:10
40800005,20159,2711359488,5141110784,508,1082,664613,24,2619637760,1932,1919950,277509,6016914,18315,5115617280,1,20159:10
40904703,20159,2720403456,5141110784,517,1084,666845,24,2619637760,1932,1919961,277512,6016983,18315,5106327552,1,20159:11
41009340,20159,2729316352,5141110784,526,1086,668997,24,2619637760,1932,1919970,277516,6017053,18315,5097701376,1,20159:11
41114014,20159,2737967104,5141110784,534,1088,671113,24,2619637760,1932,1919980,277518,6017126,18315,5088411648,1,20159:10
41218654,20159,2747011072,5141110784,543,1089,673316,24,2619637760,1932,1919989,277520,6017199,18315,5079379968,1,20159:10
41323371,20159,2748452864,5141110784,544,1091,673673,24,2627502080,1933,1919990,277522,6017279,18315,5078183936,1,20159:3
41428328,20159,2748452864,5141110784,544,1092,673673,24,2635366400,1933,1919991,277524,6017361,18315,5078048768,1,20159:1
41533268,20159,2748452864,5141110784,544,1094,673673,24,2643230720,1933,1919991,277525,6017443,18315,5078171648,1,20159:2
41638128,20159,2748452864,5141110784,545,1095,673673,24,2651095040,1933,1919992,277526,6017525,18315,5078036480,1,20159:2
41742975,20159,2748452864,5141110784,545,1097,673673,24,2659483648,1933,1919992,277533,6017603,18315,5077803008,1,20159:2
41848445,20159,2748452864,5141110784,545,1100,673673,24,2667347968,1933,1919993,277536,6017683,18315,5077753856,1,20159:3
41953786,20159,2748452864,5141110784,545,1103,673673,24,2675212288,1933,1919993,277539,6017763,18315,5077876736,1,20159:3
42058492,20159,2748452864,5141110784,545,1106,673673,24,2683600896,1933,1919994,277542,6017844,18315,5077716992,1,20159:3
42163943,20159,2748452864,5141110784,545,1108,673673,24,2691465216,1933,1919994,277544,6017925,18315,5077839872,1,20159:2
42269430,20159,2748452864,5141110784,545,1110,673673,24,2699329536,1933,1919994,277546,6018006,18315,5077704704,1,20159:2
42374247,20159,2748452864,5141110784,545,1113,673673,24,2707193856,1933,1919995,277548,6018087,18315,5077827584,1,20159:3
42479009,20159,2748452864,5141110784,545,1115,673673,24,2715582464,1933,1919997,277552,6018165,18315,5077475328,1,20159:2
42584359,20159,2748452864,5141110784,545,1117,673673,24,2722930688,1933,1919997,277554,6018246,18315,5077561344,1,20159:2
42689646,20159,2756448256,5141110784,553,1119,675623,24,2722930688,1935,1920006,277559,6018316,18315,5069611008,1,20159:10
42794371,20159,2765099008,5141110784,563,1119,677728,24,2722930688,1935,1920017,277559,6018389,18315,5060780032,1,20159:10
42899055,20159,2773618688,5141110784,572,1120,679834,24,2722930688,1935,1920026,277561,6018461,18315,5052264448,1,20159:10
43003736,20159,2782400512,5141110784,582,1121,681953,24,2722930688,1935,1920036,277562,6018534,18315,5043490816,1,20159:11
43108415,20159,2790920192,5141110784,592,1121,684060,24,2722930688,1935,1920046,277563,6018606,18315,5034975232,1,20159:10
43213121,20159,2799570944,5141110784,601,1123,686159,24,2722930688,1935,1920055,277565,6018679,18315,5026201600,1,20159:11
43317805,20159,2808221696,5141110784,610,1124,688267,24,2722930688,1935,1920064,277566,6018752,18315,5017686016,1,20159:10
43422521,20159,2816872448,5141110784,619,1125,690373,24,2722930688,1935,1920074,277568,6018824,18315,5009170432,1,20159:10
43527228,20159,2825392128,5141110784,628,1127,692466,24,2722930688,1935,1920084,277572,6018894,18315,5000863744,1,20159:11
43631946,20159,2834042880,5141110784,638,1127,694563,24,2722930688,1935,1920094,277573,6018967,18315,4992348160,1,20159:10
43736599,20159,2842562560,5141110784,649,1127,696656,24,2722930688,1935,1920104,277573,6019039,18315,4983832576,1,20159:11
43841321,20159,2851213312,5141110784,659,1128,698759,24,2722930688,1935,1920115,277574,6019112,18315,4975058944,1,20159:11
43945995,20159,2852261888,5141110784,660,1130,699017,24,2730795008,1936,1920118,277577,6019189,18315,4974391296,1,20159:3
44051501,20159,2852261888,5141110784,660,1132,699017,24,2738659328,1936,1920118,277580,6019271,18315,4974489600,1,20159:2
44156612,20159,2852261888,5141110784,660,1134,699017,24,2746523648,1936,1920119,277582,6019352,18315,4974612480,1,20159:2
44261404,20159,2852261888,5141110784,660,1136,699017,24,2754387968,1936,1920119,277583,6019433,18315,4974735360,1,20159:2
44366292,20159,2852261888,5141110784,660,1138,699017,24,2762252288,1936,1920120,277589,6019510,18315,4974133248,1,20159:2
44471130,20159,2852261888,5141110784,660,1141,699017,24,2770116608,1936,1920120,277592,6019590,18315,4974256128,1,20159:3
44575896,20159,2852261888,5141110784,660,1144,699017,24,2777980928,1936,1920120,277595,6019671,18315,4974120960,1,20159:3
44681095,20159,2852261888,5141110784,660,1146,699017,24,2785845248,1936,1920121,277598,6019752,18315,4974219264,1,20159:2
44786461,20159,2852261888,5141110784,660,1149,699017,24,2794233856,1936,1920121,277601,6019833,18315,4974358528,1,20159:3
44891987,20159,2852261888,5141110784,660,1151,699017,24,2802098176,1936,1920122,277602,6019914,18315,4974481408,1,20159:2
44996786,20159,2852261888,5141110784,660,1153,699017,24,2809962496,1936,1920122,277605,6019995,18315,4974346240,1,20159:2
45101804,20159,2852261888,5141110784,660,1155,699017,24,2817826816,1936,1920122,277607,6020077,18315,4974469120,1,20159:2
45206647,20159,2852261888,5141110784,660,1157,699017,24,2825691136,1936,1920122,277610,6020158,18315,4974333952,1,20159:2
45311396,20159,2859208704,5141110784,667,1159,700733,24,2826223616,1938,1920130,277615,6020228,18315,4967096320,1,20159:9
45416096,20159,2867859456,5141110784,677,1159,702838,24,2826223616,1938,1920140,277616,6020301,18315,4958064640,1,20159:10
45520716,20159,2876641280,5141110784,687,1160,704976,24,2826223616,1938,1920152,277618,6020371,18315,4949037056,1,20159:11
45625311,20159,2885292032,5141110784,694,1163,707074,24,2826223616,1938,1920160,277620,6020443,18315,4940263424,1,20159:10
45730054,20159,2893811712,5141110784,703,1165,709176,24,2826223616,1938,1920169,277623,6020516,18315,4931776512,1,20159:11
45834814,20159,2902462464,5141110784,712,1166,711277,24,2826223616,1938,1920179,277624,6020589,18315,4923002880,1,20159:11
45939521,20159,2911113216,5141110784,722,1167,713374,24,2826223616,1938,1920188,277625,6020662,18315,4914487296,1,20159:10
46044179,20159,2919632896,5141110784,730,1169,715477,24,2826223616,1938,1920197,277627,6020734,18315,4905971712,1,20159:10
46148798,20159,2928283648,5141110784,740,1170,717575,24,2826223616,1938,1920207,277631,6020804,18315,4897763328,1,20159:11
46253487,20159,2936934400,5141110784,750,1170,719685,24,2826223616,1938,1920217,277632,6020876,18315,4888731648,1,20159:10
46358276,20159,2945585152,5141110784,760,1170,721800,24,2826223616,1938,1920228,277632,6020949,18315,4879958016,1,20159:10
46462976,20159,2954235904,5141110784,770,1171,723911,24,2826223616,1938,1920238,277633,6021022,18315,4871442432,1,20159:11
46567712,20159,2956070912,5141110784,771,1174,724361,24,2833039360,1939,1920240,277636,6021101,18315,4869718016,1,20159:4
46672990,20159,2956070912,5141110784,772,1176,724361,24,2841427968,1939,1920240,277637,6021182,18315,4869840896,1,20159:3
46778357,20159,2956070912,5141110784,772,1177,724361,24,2849292288,1939,1920241,277639,6021264,18315,4869705728,1,20159:2
46883813,20159,2956070912,5141110784,772,1180,724361,24,2857156608,1939,1920241,277641,6021345,18315,4869988352,1,20159:2
46989310,20159,2956070912,5141110784,772,1182,724361,24,2865020928,1939,1920241,277648,6021422,18315,4870598656,1,20159:2
47094181,20159,2956070912,5141110784,772,1185,724361,24,2872885248,1939,1920243,277652,6021500,18315,4870721536,1,20159:3
47199545,20159,2956070912,5141110784,772,1187,724361,24,2880749568,1939,1920244,277655,6021581,18315,4870844416,1,20159:3
47304509,20159,2956070912,5141110784,772,1190,724361,24,2888613888,1939,1920244,277656,6021662,18315,4870709248,1,20159:2
47409603,20159,2956070912,5141110784,772,1192,724361,24,2896478208,1939,1920244,277659,6021742,18315,4870832128,1,20159:2
47514412,20159,2956070912,5141110784,772,1194,724361,24,2904342528,1939,1920244,277661,6021824,18315,4870696960,1,20159:2
47619263,20159,2956070912,5141110784,773,1196,724361,24,2912206848,1939,1920245,277663,6021905,18315,4870819840,1,20159:3
47724055,20159,2956070912,5141110784,773,1198,724361,24,2920071168,1939,1920245,277664,6021986,18315,4870684672,1,20159:2
47828895,20159,2956070912,5141110784,773,1200,724361,24,2927935488,1939,1920245,277666,6022067,18315,4870807552,1,20159:2
47933892,20159,2961575936,5141110784,780,1200,725740,24,2929516544,1941,1920253,277670,6022139,18315,4864159744,1,20159:7
48038888,20159,2970226688,5141110784,789,1202,727839,24,2929516544,1941,1920262,277671,6022212,18315,4855644160,1,20159:11
48143522,20159,2978746368,5141110784,798,1203,729936,24,2929516544,1941,1920271,277673,6022284,18315,4847128576,1,20159:10
48248112,20159,2987397120,5141110784,807,1204,732023,24,2929516544,1941,1920281,277674,6022357,18315,4838354944,1,20159:10
48352758,20159,2995916800,5141110784,817,1205,734131,24,2929516544,1941,1920290,277676,6022430,18315,4829839360,1,20159:11
48457358,20159,3004567552,5141110784,825,1207,736228,24,2929516544,1941,1920300,277677,6022502,18315,4821323776,1,20159:10
48561958,20159,3012956160,5141110784,835,1207,738277,24,2929516544,1941,1920310,277681,6022572,18315,4813213696,1,20159:10
48666594,20159,3021606912,5141110784,845,1208,740392,24,2929516544,1941,1920321,277681,6022645,18315,4804440064,1,20159:11
48771316,20159,3030257664,5141110784,854,1209,742497,24,2929516544,1941,1920330,277686,6022714,18315,4795715584,1,20159:11
48875933,20159,3038777344,5141110784,864,1210,744578,24,2929516544,1941,1920340,277686,6022787,18315,4787101696,1,20159:10
48980467,20159,3047297024,5141110784,874,1210,746672,24,2929516544,1941,1920350,277687,6022859,18315,4778586112,1,20159:10
49085056,20159,3055816704,5141110784,884,1211,748756,24,2929516544,1941,1920360,277688,6022932,18315,4770070528,1,20159:11
49189676,20159,3059748864,5141110784,888,1212,749705,24,2934235136,1942,1920365,277689,6023008,18316,4766212096,1,20159:5
49294761,20159,3059748864,5141110784,889,1214,749705,24,2942099456,1942,1920366,277691,6023089,18316,4766310400,1,20159:3
49400014,20159,3059748864,5141110784,889,1217,749705,24,2950488064,1942,1920366,277693,6023170,18316,4766261248,1,20159:3
49505383,20159,3059748864,5141110784,889,1219,749705,24,2958352384,1942,1920366,277695,6023251,18316,4766384128,1,20159:2
49610523,20159,3059748864,5141110784,889,1221,749705,24,2966216704,1942,1920366,277698,6023332,18316,4766027776,1,20159:2
49715460,20159,3059748864,5141110784,889,1224,749705,24,2974081024,1942,1920367,277704,6023409,18316,4765933568,1,20159:3
49820263,20159,3059748864,5141110784,889,1227,749705,24,2981945344,1942,1920367,277707,6023489,18316,4766056448,1,20159:3
49924955,20159,3059748864,5141110784,889,1230,749705,24,2989809664,1942,1920368,277710,6023569,18316,4765921280,1,20159:3
50030131,20159,3059748864,5141110784,889,1232,749705,24,2997673984,1942,1920368,277713,6023650,18316,4766044160,1,20159:2
50135082,20159,3059748864,5141110784,889,1235,749705,24,3005538304,1942,1920368,277719,6023727,18316,4765655040,1,20159:3
50239843,20159,3059748864,5141110784,889,1237,749705,24,3013402624,1942,1920369,277721,6023808,18316,4765777920,1,20159:2
50344865,20159,3059748864,5141110784,889,1240,749705,24,3021266944,1942,1920369,277723,6023889,18316,4765593600,1,20159:3
50450062,20159,3059748864,5141110784,889,1242,749705,24,3029655552,1942,1920369,277726,6023971,18316,4765741056,1,20159:2
50555478,20159,3063681024,5141110784,892,1244,750681,24,3032809472,1944,1920373,277732,6024044,18316,4761980928,1,20159:6
50660039,20159,3072331776,5141110784,901,1246,752771,24,3032809472,1944,1920382,277734,6024117,18316,4753760256,1,20159:10
50764550,20159,3080851456,5141110784,910,1248,754872,24,3032809472,1944,1920391,277736,6024189,18316,4744888320,1,20159:11
50869189,20159,3089502208,5141110784,919,1249,756978,24,3032809472,1944,1920400,277738,6024262,18316,4736114688,1,20159:10
50973869,20159,3098152960,5141110784,929,1250,759078,24,3032809472,1944,1920410,277738,6024335,18316,4727341056,1,20159:11
51078557,20159,3106672640,5141110784,938,1251,761177,24,3032809472,1944,1920421,277740,6024407,18316,4718567424,1,20159:10
51183279,20159,3115323392,5141110784,948,1251,763279,24,3032809472,1944,1920431,277741,6024480,18316,4710051840,1,20159:10
51287878,20159,3123843072,5141110784,956,1253,765369,24,3032809472,1944,1920440,277743,6024553,18316,4701536256,1,20159:11
51392405,20159,3132493824,5141110784,966,1254,767466,24,3032809472,1944,1920449,277746,6024623,18316,4692996096,1,20159:10
51496825,20159,3141013504,5141110784,975,1256,769553,24,3032809472,1944,1920458,277749,6024694,18316,4684197888,1,20159:11
51601217,20159,3149664256,5141110784,985,1256,771674,24,3032809472,1944,1920469,277752,6024764,18316,4675424256,1,20159:10
51705837,20159,3158315008,5141110784,994,1257,773782,24,3032809472,1944,1920479,277753,6024836,18316,4667482112,1,20159:10
51810547,20159,3163557888,5141110784,1000,1259,775061,24,3036479488,1945,1920485,277755,6024911,18317,4662616064,1,20159:8
51915294,20159,3163557888,5141110784,1000,1261,775061,24,3044343808,1945,1920485,277758,6024992,18317,4662480896,1,20159:2
52019955,20159,3163557888,5141110784,1001,1263,775061,24,3052208128,1945,1920485,277759,6025073,18317,4662603776,1,20159:3
52124582,20159,3163557888,5141110784,1001,1265,775061,24,3060072448,1945,1920486,277762,6025153,18317,4662726656,1,20159:2
52229241,20159,3163557888,5141110784,1001,1268,775061,24,3067936768,1945,1920486,277764,6025234,18317,4662591488,1,20159:3
52334016,20159,3163557888,5141110784,1001,1270,775061,24,3075801088,1945,1920487,277770,6025311,18317,4662247424,1,20159:2
52438824,20159,3163557888,5141110784,1001,1273,775061,24,3083665408,1945,1920487,277774,6025391,18317,4662112256,1,20159:3
52543573,20159,3163557888,5141110784,1001,1275,775061,24,3091529728,1945,1920487,277776,6025472,18317,4662235136,1,20159:2
52648260,20159,3163557888,5141110784,1001,1278,775061,24,3099394048,1945,1920487,277778,6025553,18317,4662050816,1,20159:3
52753499,20159,3163557888,5141110784,1001,1280,775061,24,3107782656,1945,1920488,277781,6025634,18317,4662185984,1,20159:2
52858775,20159,3163557888,5141110784,1001,1282,775061,24,3115646976,1945,1920488,277782,6025715,18317,4662222848,1,20159:2
52964101,20159,3163557888,5141110784,1001,1284,775061,24,3123511296,1945,1920489,277784,6025796,18317,4662345728,1,20159:2
53069507,20159,3163557888,5141110784,1001,1287,775061,24,3131375616,1945,1920489,277788,6025877,18317,4662210560,1,20159:3
53174761,20159,3165917184,5141110784,1003,1289,775631,24,3136110592,1947,1920493,277792,6025953,18317,4660023296,1,20159:4
53279548,20159,3174567936,5141110784,1013,1290,777740,24,3136110592,1947,1920504,277796,6026022,18317,4650942464,1,20159:11
53384182,20159,3183218688,5141110784,1022,1291,779843,24,3136110592,1947,1920513,277797,6026095,18317,4642168832,1,20159:10
53488742,20159,3191738368,5141110784,1032,1292,781949,24,3136110592,1947,1920523,277798,6026167,18317,4633653248,1,20159:11
53593304,20159,3200389120,5141110784,1041,1294,784037,24,3136110592,1947,1920532,277800,6026240,18317,4624879616,1,20159:11
53697909,20159,3208908800,5141110784,1050,1295,786141,24,3136110592,1947,1920542,277801,6026312,18317,4616364032,1,20159:10
53802538,20159,3217559552,5141110784,1060,1295,788240,24,3136110592,1947,1920553,277802,6026385,18317,4607905792,1,20159:10
53907208,20159,3226210304,5141110784,1070,1295,790348,24,3136110592,1947,1920563,277802,6026458,18317,4598874112,1,20159:10
54011822,20159,3234729984,5141110784,1080,1296,792440,24,3136110592,1947,1920573,277804,6026530,18317,4590333952,1,20159:11
54116575,20159,3243380736,5141110784,1089,1297,794548,24,3136110592,1947,1920582,277808,6026600,18317,4581142528,1,20159:10
54221120,20159,3252031488,5141110784,1098,1299,796655,24,3136110592,1947,1920592,277809,6026673,18317,4572368896,1,20159:11
54325722,20159,3260682240,5141110784,1108,1299,798757,24,3136110592,1947,1920602,277810,6026745,18317,4563853312,1,20159:10
54430343,20159,3267366912,5141110784,1116,1300,800405,24,3138732032,1948,1920610,277811,6026820,18317,4557172736,1,20159:10
54535642,20159,3267366912,5141110784,1116,1302,800405,24,3146596352,1948,1920611,277813,6026901,18317,4557295616,1,20159:2
54640729,20159,3267366912,5141110784,1116,1305,800405,24,3154460672,1948,1920611,277817,6026981,18317,4557160448,1,20159:2
54745474,20159,3267366912,5141110784,1116,1307,800405,24,3162324992,1948,1920614,277820,6027060,18317,4558217216,1,20159:2
54850245,20159,3267366912,5141110784,1116,1309,800405,24,3170189312,1948,1920615,277821,6027141,18317,4558671872,1,20159:2
54954964,20159,3267366912,5141110784,1116,1311,800405,24,3178053632,1948,1920615,277827,6027218,18317,4557971456,1,20159:2
55059817,20159,3267366912,5141110784,1116,1314,800405,24,3185917952,1948,1920615,277829,6027298,18317,4558094336,1,20159:3
55164584,20159,3267366912,5141110784,1117,1316,800405,24,3193782272,1948,1920615,277831,6027379,18317,4557959168,1,20159:3
55269394,20159,3267366912,5141110784,1117,1318,800405,24,3201646592,1948,1920615,277834,6027460,18317,4558082048,1,20159:2
55374363,20159,3267366912,5141110784,1117,1320,800405,24,3209510912,1948,1920615,277836,6027541,18317,4557946880,1,20159:2
55479460,20159,3267366912,5141110784,1117,1322,800405,24,3217899520,1948,1920615,277838,6027623,18317,4558045184,1,20159:2
55584833,20159,3267366912,5141110784,1117,1324,800405,24,3225763840,1948,1920615,277840,6027704,18317,4557910016,1,20159:2
55690133,20159,3267366912,5141110784,1117,1326,800405,24,3233628160,1948,1920616,277844,6027786,18317,4558032896,1,20159:2
55795643,20159,3268415488,5141110784,1118,1327,800660,24,3239403520,1950,1920618,277844,6027865,18317,4556582912,1,20159:2
55900261,20159,3277066240,5141110784,1128,1329,802765,24,3239403520,1950,1920627,277849,6027935,18317,4547858432,1,20159:12
56004809,20159,3285585920,5141110784,1136,1330,804859,24,3239403520,1950,1920636,277851,6028008,18317,4539084800,1,20159:9
56109364,20159,3294236672,5141110784,1146,1331,806947,24,3239403520,1950,1920646,277852,6028080,18317,4530311168,1,20159:11
56214042,20159,3302887424,5141110784,1154,1333,809088,24,3239403520,1950,1920656,277856,6028150,18317,4521537536,1,20159:10
56318793,20159,3311538176,5141110784,1163,1335,811186,24,3239403520,1950,1920665,277858,6028223,18317,4513021952,1,20159:11
56423486,20159,3320188928,5141110784,1172,1336,813284,24,3239403520,1950,1920674,277860,6028295,18317,4504506368,1,20159:11
56528120,20159,3328708608,5141110784,1183,1336,815385,24,3239403520,1950,1920684,277860,6028368,18317,4495990784,1,20159:10
56632774,20159,3337359360,5141110784,1192,1337,817482,24,3239403520,1950,1920694,277861,6028440,18317,4487217152,1,20159:10
56737347,20159,3345879040,5141110784,1202,1338,819574,24,3239403520,1950,1920704,277864,6028510,18317,4478672896,1,20159:11
56841906,20159,3354529792,5141110784,1212,1339,821669,24,3239403520,1950,1920714,277865,6028583,18317,4470353920,1,20159:11
56946522,20159,3363049472,5141110784,1221,1339,823764,24,3239403520,1950,1920724,277867,6028655,18317,4461322240,1,20159:9
57051211,20159,3371175936,5141110784,1230,1341,825749,24,3240452096,1951,1920733,277869,6028729,18317,4453572608,1,20159:11
57155981,20159,3371175936,5141110784,1230,1343,825749,24,3248316416,1951,1920733,277870,6028810,18317,4453437440,1,20159:2
57260815,20159,3371175936,5141110784,1230,1345,825749,24,3256180736,1951,1920734,277873,6028891,18317,4453511168,1,20159:2
57365995,20159,3371175936,5141110784,1230,1347,825749,24,3264045056,1951,1920734,277875,6028972,18317,4453376000,1,20159:2
57471214,20159,3371175936,5141110784,1230,1349,825749,24,3271909376,1951,1920735,277877,6029054,18317,4453523456,1,20159:2
57576491,20159,3371175936,5141110784,1230,1352,825749,24,3279773696,1951,1920735,277882,6029131,18317,4454100992,1,20159:3
57681769,20159,3371175936,5141110784,1230,1355,825749,24,3288162304,1951,1920736,277886,6029211,18317,4453990400,1,20159:3
57787170,20159,3371175936,5141110784,1230,1358,825749,24,3296026624,1951,1920737,277890,6029289,18317,4454543360,1,20159:3
57892527,20159,3371175936,5141110784,1230,1361,825749,24,3303890944,1951,1920738,277893,6029369,18317,4454408192,1,20159:3
57997939,20159,3371175936,5141110784,1231,1363,825749,24,3311755264,1951,1920738,277895,6029449,18317,4454531072,1,20159:3
58103173,20159,3371175936,5141110784,1231,1366,825749,24,3319619584,1951,1920739,277898,6029530,18317,4454395904,1,20159:3
58207891,20159,3371175936,5141110784,1231,1368,825749,24,3327483904,1951,1920739,277900,6029610,18317,4454518784,1,20159:2
58312545,20159,3371175936,5141110784,1231,1371,825749,24,3335348224,1951,1920740,277903,6029691,18317,4454383616,1,20159:3
58417386,20159,3371175936,5141110784,1231,1373,825749,24,3342704640,1951,1920740,277905,6029772,18317,4454531072,1,20159:2
58522206,20159,3379433472,5141110784,1239,1374,827770,24,3342704640,1953,1920750,277909,6029841,18317,4445466624,1,20159:9
58626815,20159,3388084224,5141110784,1249,1375,829857,24,3342704640,1953,1920760,277910,6029914,18317,4436434944,1,20159:11
58731503,20159,3396603904,5141110784,1258,1376,831944,24,3342704640,1953,1920769,277912,6029987,18317,4427960320,1,20159:11
58836155,20159,3405123584,5141110784,1268,1377,834043,24,3342704640,1953,1920779,277912,6030059,18317,4419444736,1,20159:10
58941016,20159,3413774336,5141110784,1277,1378,836141,24,3342704640,1953,1920788,277914,6030132,18317,4410929152,1,20159:10
59045551,20159,3422425088,5141110784,1286,1380,838243,24,3342704640,1953,1920797,277916,6030205,18317,4402155520,1,20159:11
59150170,20159,3430944768,5141110784,1295,1381,840329,24,3342704640,1953,1920808,277917,6030277,18317,4393639936,1,20159:10
59254809,20159,3439595520,5141110784,1305,1382,842452,24,3342704640,1953,1920818,277921,6030347,18317,4384870400,1,20159:11
59359501,20159,3448246272,5141110784,1314,1383,844560,24,3342704640,1953,1920827,277926,6030416,18317,4376698880,1,20159:10
59464064,20159,3456897024,5141110784,1323,1385,846671,24,3342704640,1953,1920836,277928,6030489,18317,4368183296,1,20159:11
59568605,20159,3465547776,5141110784,1332,1386,848780,24,3342704640,1953,1920846,277928,6030561,18317,4359409664,1,20159:10
59673247,20159,3474198528,5141110784,1341,1387,850883,24,3342704640,1953,1920855,277930,6030634,18317,4350894080,1,20159:10
59777897,20159,3474984960,5141110784,1342,1390,851093,24,3350568960,1954,1920856,277933,6030714,18317,4350164992,1,20159:4
59882651,20159,3474984960,5141110784,1342,1393,851093,24,3358433280,1954,1920857,277936,6030794,18317,4350246912,1,20159:3
59987351,20159,3474984960,5141110784,1342,1395,851093,24,3366297600,1954,1920857,277938,6030875,18317,4350369792,1,20159:2
60092088,20159,3474984960,5141110784,1342,1398,851093,24,3374161920,1954,1920858,277941,6030955,18317,4350492672,1,20159:3
60197228,20159,3474984960,5141110784,1342,1401,851093,24,3382026240,1954,1920858,277948,6031032,18317,4349804544,1,20159:3
60302361,20159,3474984960,5141110784,1342,1403,851093,24,3389890560,1954,1920859,277951,6031113,18317,4350160896,1,20159:2
60407589,20159,3474984960,5141110784,1342,1406,851093,24,3398279168,1954,1920859,277953,6031194,18317,4350050304,1,20159:3
60513066,20159,3474984960,5141110784,1342,1408,851093,24,3406143488,1954,1920860,277955,6031274,18317,4350173184,1,20159:3
60618305,20159,3474984960,5141110784,1342,1411,851093,24,3414007808,1954,1920860,277958,6031355,18317,4350038016,1,20159:2
60723351,20159,3474984960,5141110784,1342,1414,851093,24,3421872128,1954,1920860,277962,6031436,18317,4350160896,1,20159:3
60828526,20159,3474984960,5141110784,1342,1416,851093,24,3429736448,1954,1920862,277966,6031513,18317,4350496768,1,20159:3
60933651,20159,3474984960,5141110784,1342,1419,851093,24,3437600768,1954,1920862,277969,6031593,18317,4350619648,1,20159:2
61038418,20159,3474984960,5141110784,1342,1422,851093,24,3445465088,1954,1920862,277974,6031671,18317,4350287872,1,20159:3
61143097,20159,3482062848,5141110784,1350,1422,852806,24,3445997568,1956,1920871,277975,6031745,18317,4343099392,1,20159:9
61247729,20159,3490582528,5141110784,1360,1423,854908,24,3445997568,1956,1920881,277976,6031817,18317,4334325760,1,20159:10
61352435,20159,3499233280,5141110784,1370,1423,857018,24,3445997568,1956,1920892,277976,6031890,18317,4325552128,1,20159:10
61457006,20159,3507884032,5141110784,1380,1424,859106,24,3445997568,1956,1920902,277977,6031963,18317,4317036544,1,20159:11
61561590,20159,3516403712,5141110784,1389,1426,861214,24,3445997568,1956,1920910,277979,6032035,18317,4308262912,1,20159:11
61666155,20159,3525054464,5141110784,1398,1427,863313,24,3445997568,1956,1920920,277981,6032108,18317,4299747328,1,20159:10
61770696,20159,3533574144,5141110784,1407,1428,865400,24,3445997568,1956,1920930,277982,6032180,18317,4291260416,1,20159:10
61875297,20159,3542224896,5141110784,1416,1429,867499,24,3445997568,1956,1920939,277986,6032250,18317,4282785792,1,20159:11
61980048,20159,3550875648,5141110784,1425,1431,869604,24,3445997568,1956,1920948,277988,6032322,18317,4274012160,1,20159:10
62084615,20159,3559395328,5141110784,1435,1432,871688,24,3445997568,1956,1920958,277989,6032395,18317,4265496576,1,20159:11
62189108,20159,3567915008,5141110784,1445,1433,873766,24,3445997568,1956,1920968,277990,6032468,18317,4256980992,1,20159:11
62293715,20159,3576565760,5141110784,1454,1434,875874,24,3445997568,1956,1920978,277992,6032539,18317,4248465408,1,20159:10
62398091,20159,3578793984,5141110784,1456,1436,876437,24,3452813312,1957,1920982,277995,6032616,18317,4245995520,1,20159:4
62503410,20159,3578793984,5141110784,1456,1439,876437,24,3460677632,1957,1920982,277998,6032697,18317,4246118400,1,20159:3
62608074,20159,3578793984,5141110784,1456,1441,876437,24,3468541952,1957,1920982,278000,6032777,18317,4245983232,1,20159:2
62712806,20159,3578793984,5141110784,1456,1443,876437,24,3476406272,1957,1920982,278005,6032855,18317,4246122496,1,20159:2
62817877,20159,3578793984,5141110784,1456,1446,876437,24,3484794880,1957,1920983,278008,6032936,18317,4245962752,1,20159:3
62923095,20159,3578793984,5141110784,1456,1448,876437,24,3492659200,1957,1920983,278011,6033017,18317,4246085632,1,20159:2
63028211,20159,3578793984,5141110784,1456,1450,876437,24,3500523520,1957,1920983,278013,6033098,18317,4246208512,1,20159:2
63132823,20159,3578793984,5141110784,1456,1453,876437,24,3508387840,1957,1920983,278016,6033178,18317,4246073344,1,20159:3
63237431,20159,3578793984,5141110784,1457,1455,876437,24,3516252160,1957,1920983,278018,6033259,18317,4246147072,1,20159:3
63342598,20159,3578793984,5141110784,1457,1457,876437,24,3524640768,1957,1920984,278022,6033340,18317,4246097920,1,20159:2
63447936,20159,3578793984,5141110784,1457,1460,876437,24,3532505088,1957,1920984,278024,6033421,18317,4246220800,1,20159:3
63552725,20159,3578793984,5141110784,1457,1462,876437,24,3540369408,1957,1920984,278030,6033498,18317,4246208512,1,20159:2
63657334,20159,3578793984,5141110784,1457,1465,876437,24,3548233728,1957,1920984,278032,6033579,18317,4246331392,1,20159:3
63762059,20159,3585478656,5141110784,1463,1466,878069,24,3549290496,1959,1920992,278035,6033653,18317,4239286272,1,20159:7
63866702,20159,3594260480,5141110784,1472,1468,880216,24,3549290496,1959,1921002,278038,6033723,18317,4230725632,1,20159:11
63971454,20159,3602911232,5141110784,1481,1469,882326,24,3549290496,1959,1921012,278040,6033796,18317,4222210048,1,20159:11
64076030,20159,3611561984,5141110784,1492,1469,884437,24,3549290496,1959,1921022,278040,6033868,18317,4213694464,1,20159:10
64180591,20159,3620212736,5141110784,1501,1470,886545,24,3549290496,1959,1921032,278041,6033941,18317,4204662784,1,20159:10
64285179,20159,3628863488,5141110784,1511,1471,888647,24,3549290496,1959,1921042,278041,6034013,18317,4196147200,1,20159:11
64389808,20159,3637514240,5141110784,1521,1472,890763,24,3549290496,1959,1921052,278046,6034083,18317,4186886144,1,20159:11
64494319,20159,3646164992,5141110784,1530,1473,892868,24,3549290496,1959,1921062,278047,6034156,18317,4178112512,1,20159:10
64598954,20159,3654684672,5141110784,1539,1474,894974,24,3549290496,1959,1921072,278048,6034228,18317,4169338880,1,20159:10
64703556,20159,3663335424,5141110784,1549,1475,897080,24,3549290496,1959,1921082,278049,6034301,18317,4160823296,1,20159:11
64808189,20159,3671986176,5141110784,1558,1476,899189,24,3549290496,1959,1921091,278050,6034373,18317,4152049664,1,20159:10
64912730,20159,3680636928,5141110784,1568,1477,901307,24,3549290496,1959,1921101,278051,6034446,18317,4143534080,1,20159:11
65017256,20159,3682603008,5141110784,1570,1479,901781,24,3556106240,1960,1921104,278054,6034525,18317,4141785088,1,20159:4
65122058,20159,3682603008,5141110784,1570,1482,901781,24,3563970560,1960,1921104,278060,6034602,18317,4141858816,1,20159:3
65226752,20159,3682603008,5141110784,1570,1484,901781,24,3571834880,1960,1921105,278061,6034683,18317,4141981696,1,20159:2
65331672,20159,3682603008,5141110784,1570,1486,901781,24,3579699200,1960,1921105,278062,6034764,18317,4141846528,1,20159:2
65436457,20159,3682603008,5141110784,1570,1488,901781,24,3587563520,1960,1921107,278066,6034842,18317,4142706688,1,20159:2
65541760,20159,3682603008,5141110784,1571,1490,901781,24,3595952128,1960,1921107,278068,6034923,18317,4142571520,1,20159:3
65647047,20159,3682603008,5141110784,1571,1491,901781,24,3603816448,1960,1921107,278071,6035005,18317,4142694400,1,20159:1
65752423,20159,3682603008,5141110784,1571,1494,901781,24,3611680768,1960,1921107,278074,6035086,18317,4142559232,1,20159:3
65857431,20159,3682603008,5141110784,1571,1496,901781,24,3619545088,1960,1921108,278075,6035167,18317,4142534656,1,20159:2
65962469,20159,3682603008,5141110784,1571,1498,901781,24,3627409408,1960,1921108,278080,6035246,18317,4141924352,1,20159:2
66067555,20159,3682603008,5141110784,1571,1500,901781,24,3635273728,1960,1921108,278082,6035327,18317,4141789184,1,20159:2
66172393,20159,3682603008,5141110784,1571,1502,901781,24,3643138048,1960,1921109,278084,6035408,18317,4141912064,1,20159:2
66277086,20159,3682603008,5141110784,1571,1504,901781,24,3651002368,1960,1921109,278086,6035488,18317,4141776896,1,20159:2
66381679,20159,3688501248,5141110784,1578,1505,903226,24,3652583424,1962,1921116,278088,6035563,18317,4135632896,1,20159:8
66486355,20159,3697152000,5141110784,1588,1506,905321,24,3652583424,1962,1921127,278088,6035636,18317,4127117312,1,20159:11
66590963,20159,3705671680,5141110784,1596,1507,907420,24,3652583424,1962,1921136,278090,6035709,18317,4118343680,1,20159:10
66695561,20159,3714322432,5141110784,1606,1508,909523,24,3652583424,1962,1921146,278090,6035781,18317,4109828096,1,20159:11
66800264,20159,3722973184,5141110784,1617,1508,911634,24,3652583424,1962,1921156,278094,6035851,18317,4101107712,1,20159:10
66904807,20159,3731755008,5141110784,1626,1510,913771,24,3652583424,1962,1921167,278097,6035921,18317,4092080128,1,20159:11
67009362,20159,3740274688,5141110784,1635,1511,915863,24,3652583424,1962,1921176,278099,6035993,18317,4083306496,1,20159:10
67113997,20159,3748925440,5141110784,1644,1512,917968,24,3652583424,1962,1921186,278101,6036066,18317,4074532864,1,20159:10
67218638,20159,3757576192,5141110784,1653,1514,920069,24,3652583424,1962,1921195,278103,6036138,18317,4066017280,1,20159:11
67323213,20159,3766095872,5141110784,1663,1514,922167,24,3652583424,1962,1921205,278103,6036211,18317,4057243648,1,20159:10
67427814,20159,3774746624,5141110784,1672,1515,924267,24,3652583424,1962,1921215,278104,6036284,18317,4048728064,1,20159:10
67532425,20159,3783397376,5141110784,1682,1516,926377,24,3652583424,1962,1921225,278107,6036354,18317,4041310208,1,20159:11
67637039,20159,3786412032,5141110784,1686,1518,927125,24,3658350592,1963,1921229,278109,6036432,18317,4038012928,1,20159:6
67741725,20159,3786412032,5141110784,1686,1520,927125,24,3666214912,1963,1921229,278111,6036513,18317,4037939200,1,20159:2
67846870,20159,3786412032,5141110784,1686,1521,927125,24,3674079232,1963,1921229,278114,6036594,18317,4038037504,1,20159:1
67952125,20159,3786412032,5141110784,1686,1523,927125,24,3682467840,1963,1921229,278115,6036675,18317,4038160384,1,20159:2
68057525,20159,3786412032,5141110784,1686,1525,927125,24,3690332160,1963,1921230,278118,6036757,18317,4038025216,1,20159:2
68162987,20159,3786412032,5141110784,1686,1527,927125,24,3698196480,1963,1921230,278119,6036838,18317,4038148096,1,20159:3
68267938,20159,3786412032,5141110784,1687,1530,927125,24,3706060800,1963,1921231,278122,6036919,18317,4038012928,1,20159:3
68372818,20159,3786412032,5141110784,1687,1532,927125,24,3713925120,1963,1921231,278126,6036997,18317,4038430720,1,20159:2
68477510,20159,3786412032,5141110784,1687,1534,927125,24,3721789440,1963,1921232,278130,6037075,18317,4038791168,1,20159:2
68582291,20159,3786412032,5141110784,1687,1536,927125,24,3729653760,1963,1921233,278132,6037156,18317,4038656000,1,20159:2
68686968,20159,3786412032,5141110784,1687,1538,927125,24,3737518080,1963,1921234,278134,6037237,18317,4038778880,1,20159:2
68791750,20159,3786412032,5141110784,1687,1540,927125,24,3745382400,1963,1921234,278135,6037318,18317,4038451200,1,20159:2
68896576,20159,3786412032,5141110784,1688,1541,927125,24,3753771008,1963,1921234,278137,6037399,18317,4038549504,1,20159:2
69001900,20159,3791523840,5141110784,1693,1543,928355,24,3755876352,1965,1921240,278138,6037475,18317,4033155072,1,20159:7
69106441,20159,3800174592,5141110784,1703,1543,930471,24,3755876352,1965,1921250,278140,6037548,18317,4024381440,1,20159:10
69211077,20159,3808825344,5141110784,1713,1544,932577,24,3755876352,1965,1921261,278143,6037618,18317,4015419392,1,20159:11
69315632,20159,3817476096,5141110784,1721,1546,934700,24,3755876352,1965,1921269,278146,6037690,18317,4006645760,1,20159:10
69420223,20159,3826126848,5141110784,1730,1547,936809,24,3755876352,1965,1921278,278147,6037763,18317,3998130176,1,20159:10
69524814,20159,3834646528,5141110784,1740,1548,938911,24,3755876352,1965,1921288,278148,6037835,18317,3989356544,1,20159:11
69629465,20159,3843297280,5141110784,1750,1549,941021,24,3755876352,1965,1921298,278149,6037908,18317,3980840960,1,20159:11
69734152,20159,3851948032,5141110784,1760,1549,943136,24,3755876352,1965,1921309,278149,6037981,18317,3972120576,1,20159:10
69838758,20159,3860598784,5141110784,1769,1550,945239,24,3755876352,1965,1921318,278150,6038054,18317,3963604992,1,20159:10
69943357,20159,3869249536,5141110784,1779,1550,947358,24,3755876352,1965,1921329,278155,6038122,18317,3954511872,1,20159:11
70047821,20159,3878031360,5141110784,1789,1552,949488,24,3755876352,1965,1921339,278158,6038193,18317,3946254336,1,20159:11
70152447,20159,3886682112,5141110784,1798,1553,951595,24,3755876352,1965,1921348,278159,6038265,18317,3937480704,1,20159:10
70257187,20159,3890221056,5141110784,1800,1556,952469,24,3761119232,1966,1921352,278163,6038342,18318,3934158848,1,20159:5
70362014,20159,3890221056,5141110784,1801,1558,952469,24,3768983552,1966,1921352,278164,6038423,18318,3934023680,1,20159:3
70466719,20159,3890221056,5141110784,1801,1560,952469,24,3776847872,1966,1921353,278167,6038504,18318,3934146560,1,20159:2
70571542,20159,3890221056,5141110784,1801,1562,952469,24,3784712192,1966,1921353,278168,6038585,18318,3934011392,1,20159:2
70676252,20159,3890221056,5141110784,1801,1564,952469,24,3792576512,1966,1921353,278174,6038663,18318,3933249536,1,20159:2
70780809,20159,3890221056,5141110784,1801,1567,952469,24,3800440832,1966,1921353,278177,6038743,18318,3933315072,1,20159:3
70885503,20159,3890221056,5141110784,1801,1569,952469,24,3808305152,1966,1921354,278179,6038824,18318,3933437952,1,20159:2
70990428,20159,3890221056,5141110784,1801,1571,952469,24,3816169472,1966,1921354,278181,6038906,18318,3933339648,1,20159:2
71095729,20159,3890221056,5141110784,1801,1573,952469,24,3824033792,1966,1921354,278184,6038987,18318,3933462528,1,20159:2
71201067,20159,3890221056,5141110784,1801,1575,952469,24,3832422400,1966,1921355,278186,6039068,18318,3933327360,1,20159:2
71306272,20159,3890221056,5141110784,1801,1577,952469,24,3840286720,1966,1921356,278188,6039150,18318,3933450240,1,20159:2
71411621,20159,3890221056,5141110784,1801,1579,952469,24,3848151040,1966,1921356,278190,6039231,18318,3933573120,1,20159:2
71516548,20159,3890221056,5141110784,1801,1581,952469,24,3856015360,1966,1921357,278197,6039306,18318,3934380032,1,20159:3
71621530,20159,3894284288,5141110784,1805,1583,953467,24,3859177472,1968,1921362,278199,6039383,18318,3930030080,1,20159:5
71726186,20159,3902935040,5141110784,1815,1583,955575,24,3859177472,1968,1921373,278199,6039456,18318,3921305600,1,20159:10
71830764,20159,3911585792,5141110784,1825,1584,957678,24,3859177472,1968,1921382,278201,6039528,18318,3912790016,1,20159:11
71935439,20159,3920236544,5141110784,1833,1586,959783,24,3859177472,1968,1921392,278202,6039601,18318,3904274432,1,20159:11
72040113,20159,3928887296,5141110784,1843,1587,961894,24,3859177472,1968,1921401,278204,6039674,18318,3895500800,1,20159:10
72144744,20159,3937406976,5141110784,1852,1588,963987,24,3859177472,1968,1921411,278205,6039746,18318,3886985216,1,20159:10
72249392,20159,3946057728,5141110784,1862,1589,966093,24,3859177472,1968,1921421,278208,6039816,18318,3877228544,1,20159:11
72354061,20159,3954708480,5141110784,1871,1590,968204,24,3859177472,1968,1921431,278209,6039889,18318,3868712960,1,20159:10
72458690,20159,3963359232,5141110784,1881,1591,970312,24,3859177472,1968,1921441,278210,6039962,18318,3860197376,1,20159:11
72563391,20159,3972009984,5141110784,1890,1592,972422,24,3859177472,1968,1921450,278212,6040034,18318,3851423744,1,20159:10
72667841,20159,3980529664,5141110784,1900,1593,974527,24,3859177472,1968,1921460,278213,6040107,18318,3842908160,1,20159:11
72772372,20159,3989180416,5141110784,1909,1594,976634,24,3859177472,1968,1921470,278214,6040180,18318,3834187776,1,20159:10
72877054,20159,3994030080,5141110784,1914,1597,977813,24,3863371776,1969,1921475,278216,6040256,18318,3829567488,1,20159:8
72981755,20159,3994030080,5141110784,1914,1599,977813,24,3871236096,1969,1921475,278221,6040334,18318,3829805056,1,20159:2
73086512,20159,3994030080,5141110784,1914,1600,977813,24,3879100416,1969,1921477,278224,6040412,18318,3829415936,1,20159:1
73191294,20159,3994030080,5141110784,1914,1602,977813,24,3886964736,1969,1921478,278227,6040493,18318,3829538816,1,20159:2
73296123,20159,3994030080,5141110784,1914,1604,977813,24,3894829056,1969,1921478,278228,6040574,18318,3829403648,1,20159:2
73400868,20159,3994030080,5141110784,1914,1606,977813,24,3902693376,1969,1921478,278230,6040655,18318,3829526528,1,20159:2
73505575,20159,3994030080,5141110784,1914,1608,977813,24,3910557696,1969,1921478,278232,6040736,18318,3829342208,1,20159:2
73610806,20159,3994030080,5141110784,1914,1610,977813,24,3918946304,1969,1921479,278234,6040818,18318,3829465088,1,20159:2
73716171,20159,3994030080,5141110784,1914,1612,977813,24,3926810624,1969,1921480,278239,6040897,18318,3829530624,1,20159:2
73821458,20159,3994030080,5141110784,1914,1614,977813,24,3934674944,1969,1921480,278241,6040978,18318,3829653504,1,20159:2
73926598,20159,3994030080,5141110784,1914,1616,977813,24,3942539264,1969,1921480,278243,6041059,18318,3829518336,1,20159:2
74031509,20159,3994030080,5141110784,1914,1618,977813,24,3950403584,1969,1921480,278245,6041140,18318,3829641216,1,20159:2
74136266,20159,3994030080,5141110784,1914,1620,977813,24,3958267904,1969,1921480,278248,6041222,18318,3829764096,1,20159:2
74240998,20159,3997044736,5141110784,1917,1622,978551,24,3962470400,1971,1921484,278250,6041299,18318,3826458624,1,20159:5
74345594,20159,4005695488,5141110784,1927,1623,980649,24,3962470400,1971,1921494,278251,6041372,18318,3817684992,1,20159:11
74450252,20159,4014346240,5141110784,1936,1624,982771,24,3962470400,1971,1921504,278254,6041444,18318,3809120256,1,20159:10
74554939,20159,4023128064,5141110784,1945,1625,984912,24,3962470400,1971,1921514,278258,6041512,18318,3800772608,1,20159:11
74659620,20159,4031778816,5141110784,1955,1626,987019,24,3962470400,1971,1921524,278259,6041584,18318,3792326656,1,20159:10
74764295,20159,4040298496,5141110784,1966,1626,989120,24,3962470400,1971,1921535,278259,6041657,18318,3783847936,1,20159:11
74868799,20159,4048949248,5141110784,1975,1627,991215,24,3962470400,1971,1921544,278260,6041730,18318,3775074304,1,20159:10
74973430,20159,4057600000,5141110784,1985,1628,993319,24,3962470400,1971,1921554,278261,6041802,18318,3766558720,1,20159:11
75078114,20159,4066250752,5141110784,1994,1629,995433,24,3962470400,1971,1921564,278263,6041875,18318,3758043136,1,20159:10
75182788,20159,4074901504,5141110784,2003,1630,997547,24,3962470400,1971,1921573,278267,6041945,18318,3748323328,1,20159:10
75287337,20159,4083552256,5141110784,2012,1632,999654,24,3962470400,1971,1921583,278268,6042018,18318,3739807744,1,20159:11
75391860,20159,4092071936,5141110784,2022,1632,1001756,24,3962470400,1971,1921592,278269,6042091,18318,3731034112,1,20159:11
75496415,20159,4097839104,5141110784,2029,1633,1003157,24,3966140416,1972,1921600,278270,6042167,18318,3725615104,1,20159:7
75601990,20159,4097839104,5141110784,2029,1635,1003157,24,3974004736,1972,1921600,278271,6042248,18318,3725479936,1,20159:2
75706747,20159,4097839104,5141110784,2029,1637,1003157,24,3981869056,1972,1921600,278274,6042329,18318,3725344768,1,20159:2
75811455,20159,4097839104,5141110784,2029,1639,1003157,24,3989733376,1972,1921600,278276,6042410,18318,3725209600,1,20159:2
75916734,20159,4097839104,5141110784,2029,1641,1003157,24,3998121984,1972,1921600,278281,6042489,18318,3725557760,1,20159:2
76022139,20159,4097839104,5141110784,2029,1643,1003157,24,4005986304,1972,1921601,278284,6042570,18318,3725422592,1,20159:2
76127068,20159,4097839104,5141110784,2029,1645,1003157,24,4013850624,1972,1921603,278287,6042648,18318,3725291520,1,20159:2
76231804,20159,4097839104,5141110784,2029,1647,1003157,24,4021714944,1972,1921603,278289,6042729,18318,3725156352,1,20159:2
76336456,20159,4097839104,5141110784,2029,1649,1003157,24,4030103552,1972,1921604,278291,6042810,18318,3725316096,1,20159:2
76441958,20159,4097839104,5141110784,2029,1651,1003157,24,4037967872,1972,1921604,278293,6042891,18318,3725180928,1,20159:2
76546798,20159,4097839104,5141110784,2029,1653,1003157,24,4045832192,1972,1921605,278296,6042972,18318,3725303808,1,20159:2
76651453,20159,4097839104,5141110784,2029,1655,1003157,24,4053696512,1972,1921605,278301,6043051,18318,3725541376,1,20159:2
76756616,20159,4097839104,5141110784,2029,1658,1003157,24,4062085120,1972,1921605,278303,6043132,18318,3725406208,1,20159:3
76862018,20159,4100722688,5141110784,2032,1659,1003865,24,4066410496,1974,1921610,278305,6043211,18318,3722223616,1,20159:4
76966653,20159,4109504512,5141110784,2042,1660,1005997,24,4066410496,1974,1921620,278306,6043283,18318,3713449984,1,20159:11
77071251,20159,4118155264,5141110784,2051,1662,1008101,24,4066410496,1974,1921629,278307,6043356,18318,3704934400,1,20159:11
77175900,20159,4126674944,5141110784,2061,1662,1010204,24,4066410496,1974,1921640,278307,6043429,18318,3696160768,1,20159:10
77280492,20159,4135325696,5141110784,2071,1662,1012303,24,4066410496,1974,1921650,278308,6043501,18318,3687645184,1,20159:10
77385156,20159,4143976448,5141110784,2080,1663,1014409,24,4066410496,1974,1921660,278311,6043572,18318,3678859264,1,20159:10
77489789,20159,4152627200,5141110784,2090,1664,1016522,24,4066410496,1974,1921670,278312,6043644,18318,3670085632,1,20159:11
77594466,20159,4161409024,5141110784,2099,1666,1018659,24,4066410496,1974,1921680,278315,6043716,18318,3661312000,1,20159:11
77698791,20159,4170059776,5141110784,2109,1667,1020796,24,4066410496,1974,1921690,278316,6043787,18318,3653509120,1,20159:11
77803439,20159,4178710528,5141110784,2117,1668,1022904,24,4066410496,1974,1921700,278318,6043859,18318,3644956672,1,20159:10
77907893,20159,4187361280,5141110784,2126,1670,1025001,24,4066410496,1974,1921709,278319,6043932,18318,3636183040,1,20159:11
78012365,20159,4196012032,5141110784,2136,1670,1027111,24,4066410496,1974,1921719,278320,6044004,18318,3627667456,1,20159:9
78117068,20159,4201648128,5141110784,2141,1673,1028501,24,4070084608,1975,1921724,278324,6044078,18319,3621679104,1,20159:9
78222516,20159,4201648128,5141110784,2142,1675,1028501,24,4077948928,1975,1921724,278327,6044159,18319,3621543936,1,20159:2
78327475,20159,4201648128,5141110784,2142,1677,1028501,24,4085813248,1975,1921724,278330,6044240,18319,3621666816,1,20159:2
78432125,20159,4201648128,5141110784,2142,1679,1028501,24,4093677568,1975,1921724,278332,6044321,18319,3621531648,1,20159:2
78536808,20159,4201648128,5141110784,2142,1681,1028501,24,4101541888,1975,1921725,278334,6044402,18319,3621654528,1,20159:2
78641447,20159,4201648128,5141110784,2142,1683,1028501,24,4109406208,1975,1921725,278336,6044483,18319,3621519360,1,20159:2
78746190,20159,4201648128,5141110784,2142,1685,1028501,24,4117270528,1975,1921726,278339,6044563,18319,3621543936,1,20159:2
78851464,20159,4201648128,5141110784,2142,1687,1028501,24,4125659136,1975,1921726,278342,6044643,18319,3621507072,1,20159:2
78956834,20159,4201648128,5141110784,2142,1689,1028501,24,4133523456,1975,1921726,278344,6044724,18319,3621703680,1,20159:2
79062209,20159,4201648128,5141110784,2142,1691,1028501,24,4141387776,1975,1921726,278347,6044806,18319,3621642240,1,20159:2
79167273,20159,4201648128,5141110784,2142,1693,1028501,24,4149252096,1975,1921728,278351,6044883,18319,3621351424,1,20159:2
79271982,20159,4201648128,5141110784,2142,1695,1028501,24,4157116416,1975,1921728,278353,6044965,18319,3621289984,1,20159:2
79376628,20159,4201648128,5141110784,2142,1697,1028501,24,4164980736,1975,1921729,278355,6045046,18319,3621486592,1,20159:2
79481383,20159,4203745280,5141110784,2144,1699,1028992,24,4170743808,1977,1921731,278358,6045123,18319,3618746368,1,20159:4
79586048,20159,4212789248,5141110784,2154,1699,1031211,24,4170743808,1977,1921742,278360,6045195,18319,3609972736,1,20159:10
79690711,20159,4221833216,5141110784,2163,1700,1033425,24,4170743808,1977,1921752,278361,6045268,18319,3600941056,1,20159:10
79795394,20159,4230877184,5141110784,2172,1701,1035635,24,4170743808,1977,1921761,278362,6045340,18319,3592118272,1,20159:11
79900047,20159,4239921152,5141110784,2183,1702,1037853,24,4170743808,1977,1921772,278363,6045413,18319,3583086592,1,20159:11
80004625,20159,4249096192,5141110784,2193,1702,1040071,24,4170743808,1977,1921782,278363,6045486,18319,3574054912,1,20159:10
80109365,20159,4258140160,5141110784,2202,1703,1042288,24,4170743808,1977,1921792,278364,6045558,18319,3565023232,1,20159:10
80214101,20159,4267184128,5141110784,2210,1705,1044498,24,4170743808,1977,1921801,278368,6045629,18319,3555655680,1,20159:10
80318729,20159,4276359168,5141110784,2219,1706,1046722,24,4170743808,1977,1921811,278370,6045702,18319,3546365952,1,20159:10
80423434,20159,4285403136,5141110784,2228,1708,1048953,24,4170743808,1977,1921820,278372,6045774,18319,3537076224,1,20159:11
80528043,20159,4294578176,5141110784,2238,1709,1051179,24,4170743808,1977,1921830,278372,6045847,18319,3528044544,1,20159:11
80632584,20159,4303622144,5141110784,2248,1710,1053401,24,4170743808,1977,1921839,278374,6045919,18319,3518754816,1,20159:11
80737290,20159,4305457152,5141110784,2250,1711,1053845,24,4177563648,1978,1921844,278376,6045995,18320,3517882368,1,20159:3
80842492,20159,4305457152,5141110784,2250,1713,1053845,24,4185952256,1978,1921844,278380,6046074,18320,3517161472,1,20159:2
80947752,20159,4305457152,5141110784,2250,1715,1053845,24,4193816576,1978,1921844,278382,6046156,18320,3517284352,1,20159:2
81053248,20159,4305457152,5141110784,2250,1717,1053845,24,4201680896,1978,1921845,278385,6046237,18320,3517149184,1,20159:2
81158732,20159,4305457152,5141110784,2250,1719,1053845,24,4209545216,1978,1921846,278386,6046318,18320,3517272064,1,20159:2
81263520,20159,4305457152,5141110784,2250,1721,1053845,24,4217409536,1978,1921846,278388,6046400,18320,3517136896,1,20159:2
81368369,20159,4305457152,5141110784,2250,1723,1053845,24,4225273856,1978,1921846,278391,6046481,18320,3517259776,1,20159:2
81473169,20159,4305457152,5141110784,2250,1725,1053845,24,4233138176,1978,1921847,278394,6046560,18320,3517345792,1,20159:2
81577901,20159,4305457152,5141110784,2250,1728,1053845,24,4241002496,1978,1921847,278397,6046640,18320,3517435904,1,20159:3
81682557,20159,4305457152,5141110784,2250,1730,1053845,24,4248866816,1978,1921848,278400,6046721,18320,3517558784,1,20159:2
81787242,20159,4305457152,5141110784,2250,1732,1053845,24,4256731136,1978,1921848,278400,6046802,18320,3517423616,1,20159:2
81891964,20159,4305457152,5141110784,2250,1734,1053845,24,4264595456,1978,1921848,278403,6046883,18320,3517288448,1,20159:2
81997095,20159,4305457152,5141110784,2251,1735,1053845,24,4272459776,1978,1921848,278404,6046965,18320,3517362176,1,20159:2
82102300,20159,4311355392,5141110784,2256,1737,1055273,24,4275077120,1980,1921855,278406,6047040,18320,3511279616,1,20159:7
82207483,20159,4320530432,5141110784,2265,1738,1057524,24,4275077120,1980,1921865,278412,6047108,18320,3502481408,1,20159:11
82312169,20159,4329705472,5141110784,2275,1740,1059748,24,4275077120,1980,1921874,278414,6047181,18320,3493449728,1,20159:11
82416791,20159,4338749440,5141110784,2283,1742,1061968,24,4275077120,1980,1921883,278416,6047253,18320,3484418048,1,20159:10
82521388,20159,4347793408,5141110784,2291,1744,1064187,24,4275077120,1980,1921892,278418,6047326,18320,3475386368,1,20159:10
82626092,20159,4356968448,5141110784,2300,1746,1066413,24,4275077120,1980,1921900,278421,6047399,18320,3466096640,1,20159:11
82730703,20159,4366012416,5141110784,2308,1748,1068636,24,4275077120,1980,1921908,278424,6047471,18320,3457089536,1,20159:10
82835363,20159,4375187456,5141110784,2317,1749,1070848,24,4275077120,1980,1921918,278427,6047542,18320,3447918592,1,20159:10
82940090,20159,4384231424,5141110784,2327,1750,1073061,24,4275077120,1980,1921928,278428,6047614,18320,3438886912,1,20159:11
83044615,20159,4393275392,5141110784,2337,1750,1075277,24,4275077120,1980,1921939,278428,6047687,18320,3429855232,1,20159:10
83149321,20159,4402319360,5141110784,2346,1752,1077493,24,4275077120,1980,1921948,278430,6047760,18320,3420823552,1,20159:11
83254076,20159,4409266176,5141110784,2353,1753,1079189,24,4277702656,1981,1921955,278431,6047834,18321,3413856256,1,20159:8
83358910,20159,4409266176,5141110784,2353,1755,1079189,24,4285566976,1981,1921956,278433,6047915,18321,3413979136,1,20159:2
83463682,20159,4409266176,5141110784,2354,1757,1079189,24,4293431296,1981,1921956,278438,6047993,18321,3413540864,1,20159:4
83568590,20159,4409266176,5141110784,2354,1761,1079189,24,4301295616,1981,1921956,278441,6048073,18321,3413405696,1,20159:3
83673323,20159,4409266176,5141110784,2354,1763,1079189,24,4309159936,1981,1921957,278444,6048153,18321,3413528576,1,20159:2
83777990,20159,4409266176,5141110784,2354,1766,1079189,24,4317024256,1981,1921959,278448,6048231,18321,3414274048,1,20159:3
83882803,20159,4409266176,5141110784,2354,1768,1079189,24,4324888576,1981,1921959,278450,6048312,18321,3414396928,1,20159:2
83987984,20159,4409266176,5141110784,2354,1770,1079189,24,4333277184,1981,1921960,278452,6048393,18321,3414298624,1,20159:2
84093426,20159,4409266176,5141110784,2354,1772,1079189,24,4341141504,1981,1921960,278454,6048475,18321,3414421504,1,20159:2
84198801,20159,4409266176,5141110784,2354,1774,1079189,24,4349005824,1981,1921961,278459,6048554,18321,3413725184,1,20159:2
84304131,20159,4409266176,5141110784,2354,1776,1079189,24,4356870144,1981,1921961,278461,6048634,18321,3413848064,1,20159:2
84408785,20159,4409266176,5141110784,2355,1778,1079189,24,4364734464,1981,1921962,278462,6048715,18321,3413712896,1,20159:3
84513367,20159,4409266176,5141110784,2355,1781,1079189,24,4372598784,1981,1921962,278465,6048795,18321,3413835776,1,20159:3
84618058,20159,4410052608,5141110784,2356,1782,1079376,24,4379410432,1983,1921964,278467,6048875,18321,3412398080,1,20159:2
84722692,20159,4418703360,5141110784,2366,1783,1081479,24,4379410432,1983,1921974,278467,6048948,18321,3403890688,1,20159:11
84827329,20159,4427223040,5141110784,2375,1784,1083578,24,4379410432,1983,1921984,278471,6049018,18321,3395178496,1,20159:10
84931906,20159,4435873792,5141110784,2384,1785,1085668,24,4379410432,1983,1921994,278472,6049090,18321,3386404864,1,20159:11
85036429,20159,4444393472,5141110784,2394,1786,1087751,24,4379410432,1983,1922003,278473,6049163,18321,3377631232,1,20159:10
85141057,20159,4452913152,5141110784,2402,1788,1089849,24,4379410432,1983,1922012,278475,6049236,18321,3369115648,1,20159:10
85245639,20159,4461563904,5141110784,2411,1790,1091952,24,4379410432,1983,1922020,278478,6049307,18321,3360600064,1,20159:11
85350014,20159,4470345728,5141110784,2420,1791,1094085,24,4379410432,1983,1922031,278481,6049378,18321,3351826432,1,20159:10
85454686,20159,4478865408,5141110784,2429,1793,1096191,24,4379410432,1983,1922040,278485,6049448,18321,3343298560,1,20159:11
85559336,20159,4487516160,5141110784,2438,1794,1098280,24,4379410432,1983,1922050,278486,6049521,18321,3334782976,1,20159:11
85663997,20159,4496035840,5141110784,2447,1796,1100366,24,4379410432,1983,1922058,278489,6049593,18321,3326267392,1,20159:10
85768529,20159,4504555520,5141110784,2457,1796,1102452,24,4379410432,1983,1922068,278490,6049666,18321,3317895168,1,20159:10
85873101,20159,4513075200,5141110784,2464,1799,1104533,24,4379938816,1984,1922076,278492,6049739,18321,3309629440,1,20159:10
85978114,20159,4513075200,5141110784,2465,1801,1104533,24,4388327424,1984,1922077,278494,6049819,18321,3309727744,1,20159:3
86083313,20159,4513075200,5141110784,2465,1803,1104533,24,4396191744,1984,1922077,278498,6049898,18321,3309318144,1,20159:2
86188535,20159,4513075200,5141110784,2465,1806,1104533,24,4404056064,1984,1922078,278501,6049979,18321,3309441024,1,20159:3
86293858,20159,4513075200,5141110784,2465,1809,1104533,24,4411920384,1984,1922078,278504,6050059,18321,3309305856,1,20159:3
86398958,20159,4513075200,5141110784,2465,1811,1104533,24,4419784704,1984,1922079,278505,6050140,18321,3309428736,1,20159:2
86503683,20159,4513075200,5141110784,2465,1813,1104533,24,4427649024,1984,1922079,278508,6050221,18321,3309293568,1,20159:2
86608455,20159,4513075200,5141110784,2465,1815,1104533,24,4435513344,1984,1922080,278510,6050302,18321,3309416448,1,20159:2
86713213,20159,4513075200,5141110784,2465,1817,1104533,24,4443377664,1984,1922080,278511,6050383,18321,3309281280,1,20159:2
86817915,20159,4513075200,5141110784,2466,1819,1104533,24,4451241984,1984,1922081,278517,6050458,18321,3310288896,1,20159:3
86922713,20159,4513075200,5141110784,2466,1821,1104533,24,4459106304,1984,1922082,278520,6050539,18321,3310153728,1,20159:2
87027503,20159,4513075200,5141110784,2466,1823,1104533,24,4466970624,1984,1922082,278522,6050620,18321,3310276608,1,20159:2
87132436,20159,4513075200,5141110784,2466,1825,1104533,24,4475359232,1984,1922082,278524,6050701,18321,3310178304,1,20159:2
87237723,20159,4513075200,5141110784,2467,1827,1104533,24,4483223552,1984,1922083,278526,6050782,18321,3310301184,1,20159:3
87342992,20159,4520415232,5141110784,2474,1828,1106329,24,4483743744,1986,1922092,278527,6050856,18321,3302535168,1,20159:8
87447622,20159,4529065984,5141110784,2484,1829,1108435,24,4483743744,1986,1922101,278531,6050926,18321,3294003200,1,20159:11
87552194,20159,4537585664,5141110784,2493,1831,1110528,24,4483743744,1986,1922110,278532,6050999,18321,3285229568,1,20159:11
87656750,20159,4546236416,5141110784,2503,1831,1112615,24,4483743744,1986,1922120,278533,6051071,18321,3276197888,1,20159:10
87761330,20159,4554625024,5141110784,2512,1832,1114689,24,4483743744,1986,1922130,278534,6051144,18321,3267993600,1,20159:10
87866586,20159,4563275776,5141110784,2522,1833,1116800,24,4483743744,1986,1922140,278536,6051217,18321,3259273216,1,20159:11
87971791,20159,4571926528,5141110784,2531,1834,1118901,24,4483743744,1986,1922150,278536,6051290,18321,3250757632,1,20159:11
88077071,20159,4580446208,5141110784,2540,1836,1121002,24,4483743744,1986,1922159,278541,6051361,18321,3242057728,1,20159:10
88182341,20159,4589096960,5141110784,2549,1837,1123101,24,4483743744,1986,1922170,278542,6051434,18321,3233284096,1,20159:10
88287552,20159,4597747712,5141110784,2559,1837,1125200,24,4483743744,1986,1922180,278543,6051507,18321,3224768512,1,20159:11
88392787,20159,4606398464,5141110784,2570,1837,1127335,24,4483743744,1986,1922190,278546,6051577,18321,3216445440,1,20159:10
88498040,20159,4615049216,5141110784,2580,1838,1129432,24,4483743744,1986,1922201,278547,6051650,18321,3207929856,1,20159:11
88603308,20159,4616753152,5141110784,2582,1840,1129877,24,4490563584,1987,1922203,278549,6051729,18322,3206221824,1,20159:4
88708379,20159,4616753152,5141110784,2582,1843,1129877,24,4498427904,1987,1922203,278554,6051807,18322,3205607424,1,20159:3
88813330,20159,4616753152,5141110784,2582,1845,1129877,24,4506292224,1987,1922204,278557,6051888,18322,3205668864,1,20159:2
88918927,20159,4616753152,5141110784,2582,1848,1129877,24,4514680832,1987,1922204,278560,6051969,18322,3205816320,1,20159:3
89024755,20159,4616753152,5141110784,2582,1850,1129877,24,4522545152,1987,1922205,278562,6052051,18322,3205681152,1,20159:2
89130664,20159,4616753152,5141110784,2582,1852,1129877,24,4530409472,1987,1922205,278564,6052132,18322,3205804032,1,20159:2
89235489,20159,4616753152,5141110784,2582,1854,1129877,24,4538273792,1987,1922205,278567,6052213,18322,3205668864,1,20159:2
89340387,20159,4616753152,5141110784,2582,1857,1129877,24,4546138112,1987,1922206,278572,6052291,18322,3205541888,1,20159:3
89445321,20159,4616753152,5141110784,2582,1859,1129877,24,4554002432,1987,1922206,278575,6052372,18322,3205664768,1,20159:2
89550202,20159,4616753152,5141110784,2582,1862,1129877,24,4561866752,1987,1922207,278577,6052453,18322,3205529600,1,20159:3
89654914,20159,4616753152,5141110784,2582,1864,1129877,24,4569731072,1987,1922207,278580,6052533,18322,3205652480,1,20159:2
89759722,20159,4616753152,5141110784,2582,1866,1129877,24,4577595392,1987,1922208,278582,6052614,18322,3205517312,1,20159:2
89864564,20159,4616753152,5141110784,2582,1869,1129877,24,4585459712,1987,1922209,278586,6052691,18323,3205386240,1,20159:3
89969336,20159,4622127104,5141110784,2588,1871,1131166,24,4588077056,1989,1922216,278590,6052760,18327,3200520192,1,20159:8
90074877,20159,4630777856,5141110784,2596,1873,1133285,24,4588077056,1989,1922225,278592,6052833,18327,3191746560,1,20159:10
90180198,20159,4639559680,5141110784,2605,1874,1135402,24,4588077056,1989,1922234,278594,6052906,18327,3183230976,1,20159:10
90285486,20159,4648079360,5141110784,2615,1874,1137508,24,4588077056,1989,1922244,278595,6052979,18327,3174199296,1,20159:10
90390725,20159,4656730112,5141110784,2625,1875,1139625,24,4588077056,1989,1922255,278596,6053052,18327,3165425664,1,20159:12
90496019,20159,4665511936,5141110784,2636,1875,1141745,24,4588077056,1989,1922265,278596,6053125,18327,3156910080,1,20159:10
90601259,20159,4674162688,5141110784,2645,1876,1143859,24,4588077056,1989,1922275,278600,6053196,18327,3148062720,1,20159:10
90706498,20159,4682813440,5141110784,2655,1877,1145975,24,4588077056,1989,1922286,278601,6053269,18327,3139309568,1,20159:11
90811791,20159,4691464192,5141110784,2663,1879,1148096,24,4588077056,1989,1922295,278602,6053342,18327,3130294272,1,20159:11
90917129,20159,4700246016,5141110784,2674,1879,1150220,24,4588077056,1989,1922305,278603,6053415,18327,3121520640,1,20159:10
91022274,20159,4708896768,5141110784,2683,1880,1152346,24,4588077056,1989,1922316,278604,6053488,18327,3113005056,1,20159:10
91127611,20159,4717547520,5141110784,2693,1881,1154457,24,4588077056,1989,1922325,278608,6053559,18327,3104051200,1,20159:11
91232961,20159,4720562176,5141110784,2696,1883,1155221,24,4593848320,1990,1922329,278610,6053636,18328,3101253632,1,20159:5
91337813,20159,4720562176,5141110784,2696,1886,1155221,24,4601712640,1990,1922329,278612,6053717,18328,3101118464,1,20159:3
91442577,20159,4720562176,5141110784,2696,1888,1155221,24,4609576960,1990,1922330,278616,6053795,18328,3102191616,1,20159:2
91547352,20159,4720562176,5141110784,2696,1889,1155221,24,4617441280,1990,1922330,278618,6053876,18328,3102031872,1,20159:1
91652088,20159,4720562176,5141110784,2696,1891,1155221,24,4625305600,1990,1922331,278620,6053957,18328,3102179328,1,20159:2
91756823,20159,4720562176,5141110784,2696,1893,1155221,24,4633169920,1990,1922331,278625,6054035,18328,3101044736,1,20159:2
91861525,20159,4720562176,5141110784,2696,1896,1155221,24,4641034240,1990,1922331,278628,6054115,18328,3101167616,1,20159:3
91966343,20159,4720562176,5141110784,2696,1900,1155221,24,4648898560,1990,1922332,278631,6054195,18328,3101032448,1,20159:4
92071160,20159,4720562176,5141110784,2696,1903,1155221,24,4656762880,1990,1922332,278634,6054275,18328,3101155328,1,20159:3
92176220,20159,4720562176,5141110784,2696,1906,1155221,24,4664627200,1990,1922332,278638,6054355,18328,3101278208,1,20159:3
92280978,20159,4720562176,5141110784,2696,1908,1155221,24,4672491520,1990,1922332,278641,6054435,18328,3101143040,1,20159:2
92385684,20159,4720562176,5141110784,2696,1911,1155221,24,4680355840,1990,1922333,278646,6054513,18328,3101814784,1,20159:3
92490505,20159,4720562176,5141110784,2697,1914,1155221,24,4688744448,1990,1922334,278648,6054594,18328,3101716480,1,20159:4
92596259,20159,4724494336,5141110784,2701,1915,1156164,24,4692410368,1992,1922338,278650,6054671,18328,3097661440,1,20159:5
92701475,20159,4733145088,5141110784,2710,1917,1158273,24,4692410368,1992,1922347,278651,6054744,18328,3088891904,1,20159:11
92806584,20159,4741795840,5141110784,2720,1918,1160374,24,4692410368,1992,1922357,278652,6054817,18328,3080376320,1,20159:11
92911862,20159,4750577664,5141110784,2730,1918,1162507,24,4692410368,1992,1922368,278654,6054887,18328,3071348736,1,20159:10
93017603,20159,4759228416,5141110784,2740,1918,1164625,24,4692410368,1992,1922380,278657,6054958,18328,3062845440,1,20159:10
93122918,20159,4767879168,5141110784,2750,1918,1166751,24,4692410368,1992,1922390,278658,6055031,18328,3054329856,1,20159:11
93228252,20159,4776529920,5141110784,2760,1920,1168866,24,4692410368,1992,1922399,278660,6055105,18328,3045556224,1,20159:11
93333522,20159,4785180672,5141110784,2770,1920,1170979,24,4692410368,1992,1922409,278660,6055177,18328,3036524544,1,20159:10
93438785,20159,4793831424,5141110784,2779,1921,1173092,24,4692410368,1992,1922419,278662,6055251,18328,3028008960,1,20159:10
93544038,20159,4802482176,5141110784,2788,1923,1175192,24,4692410368,1992,1922428,278666,6055321,18328,3019198464,1,20159:11
93649160,20159,4811132928,5141110784,2798,1923,1177311,24,4692410368,1992,1922438,278666,6055394,18328,3010424832,1,20159:10
93754322,20159,4819783680,5141110784,2807,1925,1179422,24,4692410368,1992,1922447,278669,6055467,18328,3001651200,1,20159:11
93859594,20159,4824371200,5141110784,2811,1928,1180565,24,4696608768,1993,1922452,278671,6055543,18329,2997194752,1,20159:7
93965300,20159,4824371200,5141110784,2811,1930,1180565,24,4704997376,1993,1922452,278674,6055625,18329,2997293056,1,20159:2
94071100,20159,4824371200,5141110784,2811,1933,1180565,24,4712861696,1993,1922453,278677,6055706,18329,2996813824,1,20159:3
94176462,20159,4824371200,5141110784,2811,1935,1180565,24,4720726016,1993,1922453,278681,6055785,18329,2997854208,1,20159:2
94281369,20159,4824371200,5141110784,2811,1937,1180565,24,4728590336,1993,1922454,278683,6055865,18329,2997669888,1,20159:2
94386895,20159,4824371200,5141110784,2811,1940,1180565,24,4736978944,1993,1922454,278686,6055947,18329,2997878784,1,20159:3
94492564,20159,4824371200,5141110784,2811,1942,1180565,24,4744843264,1993,1922456,278690,6056025,18329,2998046720,1,20159:2
94597527,20159,4824371200,5141110784,2811,1945,1180565,24,4752707584,1993,1922456,278693,6056105,18329,2998169600,1,20159:3
94702404,20159,4824371200,5141110784,2811,1947,1180565,24,4760571904,1993,1922457,278697,6056185,18329,2996486144,1,20159:2
94807966,20159,4824371200,5141110784,2811,1949,1180565,24,4768960512,1993,1922457,278700,6056266,18329,2997157888,1,20159:2
94913812,20159,4824371200,5141110784,2811,1952,1180565,24,4776824832,1993,1922458,278703,6056346,18329,2997022720,1,20159:3
95018579,20159,4824371200,5141110784,2811,1954,1180565,24,4784689152,1993,1922458,278705,6056427,18329,2997145600,1,20159:2
95123542,20159,4824371200,5141110784,2811,1957,1180565,24,4792553472,1993,1922458,278708,6056508,18329,2997010432,1,20159:3
95228445,20159,4827910144,5141110784,2814,1959,1181415,24,4796219392,1995,1922463,278710,6056585,18330,2993471488,1,20159:5
95333719,20159,4836691968,5141110784,2824,1960,1183531,24,4796219392,1995,1922473,278714,6056656,18330,2984587264,1,20159:11
95439011,20159,4845211648,5141110784,2834,1961,1185641,24,4796219392,1995,1922482,278715,6056729,18330,2975813632,1,20159:11
95544259,20159,4853993472,5141110784,2844,1961,1187760,24,4796219392,1995,1922492,278716,6056802,18330,2967298048,1,20159:10
95649500,20159,4862644224,5141110784,2853,1962,1189875,24,4796219392,1995,1922502,278717,6056875,18330,2958524416,1,20159:10
95754755,20159,4871294976,5141110784,2862,1964,1191989,24,4796219392,1995,1922511,278720,6056948,18330,2950025216,1,20159:11
95860097,20159,4879945728,5141110784,2872,1965,1194113,24,4796219392,1995,1922521,278722,6057019,18330,2942267392,1,20159:11
95965272,20159,4888727552,5141110784,2882,1965,1196245,24,4796219392,1995,1922533,278724,6057090,18330,2933235712,1,20159:10
96071158,20159,4897509376,5141110784,2892,1966,1198384,24,4796219392,1995,1922544,278725,6057163,18330,2924208128,1,20159:11
96176501,20159,4906160128,5141110784,2901,1967,1200506,24,4796219392,1995,1922554,278726,6057236,18330,2915692544,1,20159:10
96281689,20159,4914810880,5141110784,2910,1968,1202607,24,4796219392,1995,1922563,278728,6057309,18330,2906660864,1,20159:10
96386870,20159,4923330560,5141110784,2920,1969,1204713,24,4796219392,1995,1922574,278728,6057382,18330,2898120704,1,20159:12
96492211,20159,4928180224,5141110784,2926,1971,1205909,24,4800413696,1996,1922579,278732,6057456,18330,2893381632,1,20159:7
96596881,20159,4928180224,5141110784,2926,1973,1205909,24,4808278016,1996,1922579,278735,6057537,18330,2893246464,1,20159:2
96701914,20159,4928180224,5141110784,2926,1975,1205909,24,4816142336,1996,1922580,278736,6057619,18330,2893369344,1,20159:2
96806652,20159,4928180224,5141110784,2926,1977,1205909,24,4824006656,1996,1922580,278738,6057700,18330,2893234176,1,20159:2
96911796,20159,4928180224,5141110784,2926,1979,1205909,24,4831870976,1996,1922581,278741,6057781,18330,2893332480,1,20159:2
97017567,20159,4928180224,5141110784,2926,1981,1205909,24,4840259584,1996,1922581,278745,6057860,18330,2892939264,1,20159:2
97123263,20159,4928180224,5141110784,2926,1983,1205909,24,4848123904,1996,1922581,278748,6057942,18330,2893062144,1,20159:2
97228858,20159,4928180224,5141110784,2926,1985,1205909,24,4855988224,1996,1922581,278750,6058023,18330,2892926976,1,20159:2
97334068,20159,4928180224,5141110784,2926,1987,1205909,24,4863852544,1996,1922582,278753,6058104,18330,2893049856,1,20159:2
97439340,20159,4928180224,5141110784,2926,1990,1205909,24,4871716864,1996,1922582,278756,6058185,18330,2892914688,1,20159:3
97544115,20159,4928180224,5141110784,2926,1992,1205909,24,4879581184,1996,1922583,278761,6058263,18330,2894004224,1,20159:2
97648807,20159,4928180224,5141110784,2926,1994,1205909,24,4887445504,1996,1922583,278764,6058342,18330,2892861440,1,20159:2
97753572,20159,4928180224,5141110784,2926,1996,1205909,24,4895309824,1996,1922583,278766,6058423,18330,2893074432,1,20159:2
97858483,20159,4931325952,5141110784,2930,1997,1206653,24,4899512320,1998,1922587,278768,6058501,18330,2889830400,1,20159:5
97963745,20159,4939976704,5141110784,2939,1999,1208775,24,4899512320,1998,1922596,278769,6058574,18330,2881056768,1,20159:11
98069015,20159,4948758528,5141110784,2948,2000,1210894,24,4899512320,1998,1922606,278771,6058647,18330,2872283136,1,20159:10
98174287,20159,4957409280,5141110784,2958,2000,1213008,24,4899512320,1998,1922617,278773,6058718,18330,2864115712,1,20159:10
98279578,20159,4966060032,5141110784,2969,2000,1215126,24,4899512320,1998,1922627,278774,6058791,18330,2855342080,1,20159:11
98384845,20159,4974710784,5141110784,2979,2001,1217237,24,4899512320,1998,1922637,278774,6058864,18330,2846826496,1,20159:11
98490175,20159,4983361536,5141110784,2987,2003,1219355,24,4899512320,1998,1922646,278777,6058937,18330,2838052864,1,20159:10
98595455,20159,4992012288,5141110784,2997,2004,1221474,24,4899512320,1998,1922656,278778,6059010,18330,2829279232,1,20159:11
98700811,20159,5000663040,5141110784,3006,2005,1223588,24,4899512320,1998,1922665,278782,6059081,18330,2821124096,1,20159:10
98806021,20159,5009313792,5141110784,3017,2005,1225702,24,4899512320,1998,1922676,278782,6059154,18330,2812092416,1,20159:11
98911251,20159,5018095616,5141110784,3026,2006,1227831,24,4899512320,1998,1922686,278783,6059228,18330,2803318784,1,20159:10
99016471,20159,5026877440,5141110784,3035,2008,1229973,24,4899512320,1998,1922695,278786,6059298,18330,2794549248,1,20159:11
99121254,20159,5031989248,5141110784,3040,2011,1231253,24,4903706624,1999,1922701,278790,6059374,18330,2790100992,1,20159:8
99226944,20159,5031989248,5141110784,3040,2013,1231253,24,4911570944,1999,1922701,278794,6059454,18330,2789793792,1,20159:2
99332749,20159,5031989248,5141110784,3040,2015,1231253,24,4919435264,1999,1922702,278796,6059535,18330,2789683200,1,20159:2
99438356,20159,5031989248,5141110784,3040,2017,1231253,24,4927299584,1999,1922702,278798,6059617,18330,2789806080,1,20159:2
99544079,20159,5031989248,5141110784,3040,2019,1231253,24,4935163904,1999,1922702,278800,6059699,18330,2789670912,1,20159:2
99649810,20159,5031989248,5141110784,3040,2020,1231253,24,4943028224,1999,1922703,278802,6059781,18330,2789793792,1,20159:1
99755347,20159,5031989248,5141110784,3040,2022,1231253,24,4950892544,1999,1922703,278805,6059861,18330,2789449728,1,20159:2
99860793,20159,5031989248,5141110784,3040,2025,1231253,24,4958756864,1999,1922704,278808,6059941,18330,2789687296,1,20159:3
99965394,20159,5031989248,5141110784,3040,2026,1231253,24,4966621184,1999,1922704,278809,6060022,18330,2789552128,1,20159:1
100070143,20159,5031989248,5141110784,3041,2028,1231253,24,4974485504,1999,1922705,278811,6060103,18330,2789675008,1,20159:3
100174864,20159,5031989248,5141110784,3041,2030,1231253,24,4982349824,1999,1922705,278812,6060185,18330,2789539840,1,20159:2
100279651,20159,5031989248,5141110784,3041,2032,1231253,24,4990214144,1999,1922706,278814,6060266,18330,2789662720,1,20159:2
100384629,20159,5031989248,5141110784,3041,2034,1231253,24,4998078464,1999,1922706,278818,6060345,18330,2789376000,1,20159:2
100489561,20159,5034610688,5141110784,3044,2036,1231875,24,5002805248,2001,1922710,278820,6060423,18330,2786623488,1,20159:5
100594798,20159,5043392512,5141110784,3053,2037,1234020,24,5002805248,2001,1922720,278824,6060494,18330,2777337856,1,20159:10
100699978,20159,5052174336,5141110784,3063,2038,1236146,24,5002805248,2001,1922730,278825,6060567,18330,2768617472,1,20159:11
100805239,20159,5060825088,5141110784,3073,2038,1238269,24,5002805248,2001,1922740,278826,6060640,18330,2760101888,1,20159:10
100910546,20159,5069606912,5141110784,3082,2039,1240403,24,5002805248,2001,1922751,278828,6060711,18330,2751623168,1,20159:10
101015785,20159,5078257664,5141110784,3091,2040,1242529,24,5002805248,2001,1922760,278830,6060784,18330,2742849536,1,20159:11
101121025,20159,5087039488,5141110784,3101,2041,1244652,24,5002805248,2001,1922770,278831,6060857,18330,2734075904,1,20159:10
101226272,20159,5095690240,5141110784,3111,2042,1246777,24,5002805248,2001,1922780,278832,6060930,18330,2725302272,1,20159:11
101331558,20159,5104472064,5141110784,3121,2042,1248912,24,5002805248,2001,1922791,278832,6061003,18330,2716786688,1,20159:10
101436821,20159,5113122816,5141110784,3131,2042,1251038,24,5002805248,2001,1922801,278834,6061074,18330,2708000768,1,20159:10
101541992,20159,5122035712,5141110784,3142,2042,1253207,24,5002805248,2001,1922812,278834,6061147,18330,2698711040,1,20159:11
101647226,20159,5130817536,5141110784,3151,2044,1255349,24,5002805248,2001,1922822,278836,6061220,18330,2689937408,1,20159:11
101752500,20159,5028831232,5034016768,3156,2049,1256724,24,5002805248,2001,1922827,278841,6061294,18330,2787860480,1,20159:10
101858639,20159,5100134400,5168738304,3160,2056,1274295,24,5002805248,2001,1922832,278848,6061367,18330,2720632832,1,20159:11
101968824,20159,5102886912,5262192640,3177,2058,1275400,27,5002805248,2001,1922855,278851,6061434,18330,2717536256,8,20159:19;20170:0;20171:0;20172:0;20173:0;20174:0;20175:0;20176:0
102089008,20159,5103149056,5262192640,3251,2060,1276020,27,5002805248,2001,1922925,278854,6061455,18330,2717970432,8,20159:77;20170:76;20171:75;20172:76;20173:73;20174:73;20175:73;20176:71
102208952,20159,5103149056,5262192640,3336,2061,1276020,27,5002805248,2001,1923019,278855,6061462,18330,2718015488,8,20159:89;20170:88;20171:88;20172:87;20173:90;20174:90;20175:92;20176:95
102340882,20159,5103149056,5262192640,3431,2062,1276020,27,5002805248,2001,1923118,278855,6061467,18330,2718015488,8,20159:93;20170:93;20171:93;20172:96;20173:93;20174:96;20175:99;20176:99
102476939,20159,5103149056,5262192640,3529,2062,1276020,27,5002805248,2001,1923213,278855,6061477,18330,2718015488,8,20159:100;20170:102;20171:102;20172:99;20173:99;20174:99;20175:97;20176:94
102608824,20159,5103149056,5262192640,3626,2063,1276020,27,5002805248,2001,1923302,278856,6061482,18330,2718015488,8,20159:95;20170:95;20171:95;20172:95;20173:95;20174:92;20175:89;20176:92
102732817,20159,5103149056,5262192640,3717,2063,1276020,27,5002805248,2001,1923399,278856,6061491,18330,2718097408,8,20159:92;20170:90;20171:93;20172:93;20173:95;20174:97;20175:98;20176:97
102860168,20159,5104328704,5262192640,3809,2064,1277229,27,5002805248,2001,1923497,278857,6061492,18330,2717323264,8,20159:92;20170:92;20171:99;20172:99;20173:97;20174:95;20175:100;20176:98
102990601,20159,5104721920,5262192640,3908,2064,1278406,27,5002805248,2001,1923582,278857,6061500,18330,2717323264,8,20159:99;20170:100;20171:90;20172:90;20173:90;20174:90;20175:84;20176:84
103106395,20159,5104721920,5262192640,3993,2064,1278406,27,5002805248,2001,1923673,278857,6061507,18330,2717323264,8,20159:86;20170:85;20171:85;20172:85;20173:85;20174:91;20175:92;20176:92
103232832,20159,5104721920,5262192640,4086,2064,1278406,27,5002805248,2001,1923766,278858,6061513,18330,2717323264,8,20159:93;20170:93;20171:96;20172:97;20173:97;20174:91;20175:93;20176:94
103364839,20159,5104721920,5262192640,4183,2064,1278407,27,5002805248,2001,1923860,278858,6061522,18330,2717323264,8,20159:96;20170:96;20171:93;20172:92;20173:92;20174:92;20175:89;20176:88
103484824,20159,5104721920,5262192640,4270,2064,1278407,27,5002805248,2001,1923954,278858,6061529,18330,2717323264,8,20159:88;20170:88;20171:91;20172:92;20173:93;20174:95;20175:95;20176:95
103611427,20159,5104721920,5262192640,4354,2064,1278407,27,5002805248,2001,1924032,278860,6061543,18330,2717323264,8,20159:83;20170:84;20171:81;20172:80;20173:79;20174:77;20175:77;20176:77
103732814,20159,5104721920,5262192640,4439,2064,1278407,27,5002805248,2001,1924125,278861,6061549,18330,2717323264,8,20159:85;20170:90;20171:90;20172:90;20173:90;20174:90;20175:90;20176:90
103852832,20159,5104721920,5262192640,4526,2064,1278407,27,5002805248,2001,1924213,278862,6061558,18330,2717323264,8,20159:87;20170:81;20171:81;20172:85;20173:85;20174:85;20175:88;20176:90
103979203,20159,5104721920,5262192640,4616,2064,1278407,27,5002805248,2001,1924310,278862,6061566,18330,2717323264,8,20159:93;20170:93;20171:93;20172:89;20173:95;20174:95;20175:92;20176:90
104108817,20159,5104721920,5262192640,4712,2064,1278407,27,5002805248,2001,1924403,278864,6061569,18330,2717491200,8,20159:93;20170:96;20171:96;20172:96;20173:97;20174:97;20175:98;20176:98
104227634,20159,4832911360,5098962944,4724,2073,1278413,27,5002805248,2001,1924404,278874,6061645,18330,2989346816,8,20159:22;20170:19;20171:19;20172:19;20173:12;20174:12;20175:11;20176:11
104337916,20159,4515127296,5098962944,4724,2084,1278413,27,5002805248,2001,1924405,278886,6061721,18330,3299397632,8,20159:10;20170:11;20171:11;20172:11;20173:11;20174:11;20175:11;20176:11
104448728,20159,4237066240,5098962944,4724,2096,1278413,27,5002805248,2001,1924406,278901,6061796,18330,3612540928,8,20159:12;20170:11;20171:11;20172:11;20173:11;20174:11;20175:11;20176:11
104564356,20159,3918532608,5098962944,4724,2107,1278413,27,5002805248,2001,1924407,278924,6061862,18330,3923705856,8,20159:11;20170:11;20171:11;20172:12;20173:12;20174:12;20175:12;20176:12
104676151,20159,3595571200,5098962944,4724,2118,1278413,27,5002805248,2001,1924408,278946,6061929,18330,4245245952,8,20159:11;20170:11;20171:11;20172:11;20173:11;20174:11;20175:11;20176:11
104790062,20159,3266318336,5098962944,4724,2130,1278413,27,5002805248,2001,1924409,278970,6061995,18330,4572680192,8,20159:12;20170:12;20171:12;20172:11;20173:11;20174:11;20175:11;20176:11
104903118,20159,2964328448,5098962944,4724,2141,1278413,27,5002805248,2001,1924410,278992,6062061,18330,4865851392,8,20159:11;20170:11;20171:11;20172:11;20173:12;20174:12;20175:12;20176:12
105015888,20159,2675478528,2822361088,4724,2152,1278413,27,5002805248,2001,1924412,279015,6062128,18330,5160800256,8,20159:11;20170:11;20171:12;20172:12;20173:11;20174:11;20175:11;20176:11
105130018,20159,2394984448,2822361088,4724,2164,1278413,27,5002805248,2001,1924412,279039,6062195,18330,5449777152,8,20159:12;20170:12;20171:11;20172:11;20173:11;20174:11;20175:11;20176:11
105244086,20159,2119475200,2822361088,4724,2175,1278413,27,5002805248,2001,1924414,279065,6062258,18330,5703442432,8,20159:11;20170:11;20171:11;20172:11;20173:11;20174:12;20175:12;20176:12
105360432,20159,1841455104,2822361088,4724,2187,1278413,27,5002805248,2001,1924416,279089,6062328,18330,5976403968,8,20159:12;20170:12;20171:12;20172:12;20173:12;20174:12;20175:12;20176:12
105479683,20159,1563353088,2822361088,4724,2198,1278413,27,5002805248,2001,1924418,279112,6062396,18330,6249701376,8,20159:12;20170:12;20171:12;20172:12;20173:12;20174:11;20175:11;20176:12
105596733,20159,1285292032,2822361088,4724,2210,1278413,27,5002805248,2001,1924420,279137,6062465,18330,6556147712,8,20159:11;20170:12;20171:12;20172:12;20173:12;20174:12;20175:12;20176:11
105715792,20159,967507968,2822361088,4724,2222,1278413,27,5002805248,2001,1924421,279160,6062534,18330,6871556096,8,20159:12;20170:11;20171:12;20172:12;20173:12;20174:12;20175:12;20176:12
105833422,20159,649723904,2822361088,4724,2234,1278413,27,5002805248,2001,1924422,279175,6062610,18330,7179718656,8,20159:12;20170:12;20171:11;20172:11;20173:12;20174:12;20175:12;20176:12
105947836,20159,362962944,2822361088,4724,2245,1278413,27,5002805248,2001,1924423,279186,6062688,18330,7473659904,8,20159:11;20170:11;20171:11;20172:12;20173:11;20174:11;20175:11;20176:11
106061827,20159,53878784,2822361088,4724,2257,1278413,27,5002805248,2001,1924426,279198,6062768,18330,7777873920,8,20159:12;20170:12;20171:12;20172:11;20173:11;20174:11;20175:12;20176:12
106179953,20159,41504768,108822528,4734,2258,1278413,27,5002805248,2001,1924438,279198,6062848,18330,7778033664,8,20159:11;20170:11;20171:11;20172:11;20173:11;20174:12;20175:11;20176:11
106295347,20159,37404672,104722432,4745,2258,1278413,27,5002805248,2001,1924450,279198,6062926,18330,7781535744,8,20159:11;20170:11;20171:11;20172:12;20173:12;20174:11;20175:11;20176:11
