model,cache,sample,resident_second_eval_ms,traced_eval_ms,marker,layer_id,start_ms,complete_ms,elapsed_ms,order
0.6B,warm,0,31.682842,30.458947,embd,-1,462.385522,462.392012,0.00649,0
0.6B,warm,0,31.682842,30.458947,l_out-0,0,462.396082,463.179365,0.783283,1
0.6B,warm,0,31.682842,30.458947,l_out-1,1,463.186035,463.969798,0.783763,2
0.6B,warm,0,31.682842,30.458947,l_out-2,2,463.972708,464.714392,0.741684,3
0.6B,warm,0,31.682842,30.458947,l_out-3,3,464.716402,465.471645,0.755243,4
0.6B,warm,0,31.682842,30.458947,l_out-4,4,465.474445,466.259338,0.784893,5
0.6B,warm,0,31.682842,30.458947,l_out-5,5,466.262408,467.048131,0.785723,6
0.6B,warm,0,31.682842,30.458947,l_out-6,6,467.050341,467.822115,0.771774,7
0.6B,warm,0,31.682842,30.458947,l_out-7,7,467.824655,468.587308,0.762653,8
0.6B,warm,0,31.682842,30.458947,l_out-8,8,468.590258,469.346871,0.756613,9
0.6B,warm,0,31.682842,30.458947,l_out-9,9,469.348721,470.088884,0.740163,10
0.6B,warm,0,31.682842,30.458947,l_out-10,10,470.090664,470.837537,0.746873,11
0.6B,warm,0,31.682842,30.458947,l_out-11,11,470.839477,471.59315,0.753673,12
0.6B,warm,0,31.682842,30.458947,l_out-12,12,471.59502,472.422064,0.827044,13
0.6B,warm,0,31.682842,30.458947,l_out-13,13,472.424444,473.334728,0.910284,14
0.6B,warm,0,31.682842,30.458947,l_out-14,14,473.337038,474.299262,0.962224,15
0.6B,warm,0,31.682842,30.458947,l_out-15,15,474.301362,475.071345,0.769983,16
0.6B,warm,0,31.682842,30.458947,l_out-16,16,475.073845,475.846428,0.772583,17
0.6B,warm,0,31.682842,30.458947,l_out-17,17,475.848728,476.596441,0.747713,18
0.6B,warm,0,31.682842,30.458947,l_out-18,18,476.598231,477.351795,0.753564,19
0.6B,warm,0,31.682842,30.458947,l_out-19,19,477.354015,478.123128,0.769113,20
0.6B,warm,0,31.682842,30.458947,l_out-20,20,478.125448,478.880631,0.755183,21
0.6B,warm,0,31.682842,30.458947,l_out-21,21,478.882541,479.639204,0.756663,22
0.6B,warm,0,31.682842,30.458947,l_out-22,22,479.640984,480.373047,0.732063,23
0.6B,warm,0,31.682842,30.458947,l_out-23,23,480.374787,481.07531,0.700523,24
0.6B,warm,0,31.682842,30.458947,l_out-24,24,481.07687,481.795583,0.718713,25
0.6B,warm,0,31.682842,30.458947,l_out-25,25,481.797193,482.518656,0.721463,26
0.6B,warm,0,31.682842,30.458947,l_out-26,26,482.520386,483.258069,0.737683,27
0.6B,warm,0,31.682842,30.458947,l_out-27,27,483.259929,484.022493,0.762564,28
0.6B,warm,0,31.682842,30.458947,result_norm,-1,484.022893,484.025893,0.003,29
0.6B,warm,0,31.682842,30.458947,result_output,-1,484.026003,492.718769,8.692766,30
32B,warm,0,1080.665279,1071.811792,embd,-1,11366.28313,11366.29371,0.01058,0
32B,warm,0,1080.665279,1071.811792,l_out-0,0,11366.29737,11382.809589,16.512219,1
32B,warm,0,1080.665279,1071.811792,l_out-1,1,11382.819159,11399.243318,16.424159,2
32B,warm,0,1080.665279,1071.811792,l_out-2,2,11399.248648,11416.731972,17.483324,3
32B,warm,0,1080.665279,1071.811792,l_out-3,3,11416.737112,11434.714216,17.977104,4
32B,warm,0,1080.665279,1071.811792,l_out-4,4,11434.720136,11451.316606,16.59647,5
32B,warm,0,1080.665279,1071.811792,l_out-5,5,11451.321576,11467.702625,16.381049,6
32B,warm,0,1080.665279,1071.811792,l_out-6,6,11467.707535,11484.107744,16.400209,7
32B,warm,0,1080.665279,1071.811792,l_out-7,7,11484.112474,11501.127764,17.01529,8
32B,warm,0,1080.665279,1071.811792,l_out-8,8,11501.134164,11518.347436,17.213272,9
32B,warm,0,1080.665279,1071.811792,l_out-9,9,11518.352566,11533.999662,15.647096,10
32B,warm,0,1080.665279,1071.811792,l_out-10,10,11534.004252,11550.049289,16.045037,11
32B,warm,0,1080.665279,1071.811792,l_out-11,11,11550.054659,11565.673105,15.618446,12
32B,warm,0,1080.665279,1071.811792,l_out-12,12,11565.677225,11581.892792,16.215567,13
32B,warm,0,1080.665279,1071.811792,l_out-13,13,11581.896972,11603.01909,21.122118,14
32B,warm,0,1080.665279,1071.811792,l_out-14,14,11603.02259,11620.706385,17.683795,15
32B,warm,0,1080.665279,1071.811792,l_out-15,15,11620.709765,11636.425411,15.715646,16
32B,warm,0,1080.665279,1071.811792,l_out-16,16,11636.429721,11652.882429,16.452708,17
32B,warm,0,1080.665279,1071.811792,l_out-17,17,11652.885489,11669.618719,16.73323,18
32B,warm,0,1080.665279,1071.811792,l_out-18,18,11669.621919,11685.439465,15.817546,19
32B,warm,0,1080.665279,1071.811792,l_out-19,19,11685.442835,11700.464278,15.021443,20
32B,warm,0,1080.665279,1071.811792,l_out-20,20,11700.466548,11715.824602,15.358054,21
32B,warm,0,1080.665279,1071.811792,l_out-21,21,11715.827692,11731.002916,15.175224,22
32B,warm,0,1080.665279,1071.811792,l_out-22,22,11731.006526,11747.485655,16.479129,23
32B,warm,0,1080.665279,1071.811792,l_out-23,23,11747.493005,11763.365491,15.872486,24
32B,warm,0,1080.665279,1071.811792,l_out-24,24,11763.368181,11778.502304,15.134123,25
32B,warm,0,1080.665279,1071.811792,l_out-25,25,11778.504894,11794.006249,15.501355,26
32B,warm,0,1080.665279,1071.811792,l_out-26,26,11794.008849,11808.919571,14.910722,27
32B,warm,0,1080.665279,1071.811792,l_out-27,27,11808.922641,11824.676418,15.753777,28
32B,warm,0,1080.665279,1071.811792,l_out-28,28,11824.680978,11842.130411,17.449433,29
32B,warm,0,1080.665279,1071.811792,l_out-29,29,11842.134401,11859.831764,17.697363,30
32B,warm,0,1080.665279,1071.811792,l_out-30,30,11859.835924,11875.818011,15.982087,31
32B,warm,0,1080.665279,1071.811792,l_out-31,31,11875.821911,11891.126305,15.304394,32
32B,warm,0,1080.665279,1071.811792,l_out-32,32,11891.132625,11907.184443,16.051818,33
32B,warm,0,1080.665279,1071.811792,l_out-33,33,11907.188133,11926.649813,19.46168,34
32B,warm,0,1080.665279,1071.811792,l_out-34,34,11926.654763,11941.869997,15.215234,35
32B,warm,0,1080.665279,1071.811792,l_out-35,35,11941.874337,11957.317302,15.442965,36
32B,warm,0,1080.665279,1071.811792,l_out-36,36,11957.321802,11972.318325,14.996523,37
32B,warm,0,1080.665279,1071.811792,l_out-37,37,11972.321635,11988.729673,16.408038,38
32B,warm,0,1080.665279,1071.811792,l_out-38,38,11988.733523,12004.117448,15.383925,39
32B,warm,0,1080.665279,1071.811792,l_out-39,39,12004.122018,12019.418672,15.296654,40
32B,warm,0,1080.665279,1071.811792,l_out-40,40,12019.422622,12034.859667,15.437045,41
32B,warm,0,1080.665279,1071.811792,l_out-41,41,12034.862837,12050.113191,15.250354,42
32B,warm,0,1080.665279,1071.811792,l_out-42,42,12050.116061,12065.816535,15.700474,43
32B,warm,0,1080.665279,1071.811792,l_out-43,43,12065.820085,12081.908963,16.088878,44
32B,warm,0,1080.665279,1071.811792,l_out-44,44,12081.913253,12098.292802,16.379549,45
32B,warm,0,1080.665279,1071.811792,l_out-45,45,12098.296672,12117.337352,19.04068,46
32B,warm,0,1080.665279,1071.811792,l_out-46,46,12117.343492,12133.75328,16.409788,47
32B,warm,0,1080.665279,1071.811792,l_out-47,47,12133.75783,12151.594434,17.836604,48
32B,warm,0,1080.665279,1071.811792,l_out-48,48,12151.598434,12167.20147,15.603036,49
32B,warm,0,1080.665279,1071.811792,l_out-49,49,12167.20557,12184.214531,17.008961,50
32B,warm,0,1080.665279,1071.811792,l_out-50,50,12184.218521,12199.545005,15.326484,51
32B,warm,0,1080.665279,1071.811792,l_out-51,51,12199.548815,12214.350317,14.801502,52
32B,warm,0,1080.665279,1071.811792,l_out-52,52,12214.353857,12231.199027,16.84517,53
32B,warm,0,1080.665279,1071.811792,l_out-53,53,12231.207567,12251.479673,20.272106,54
32B,warm,0,1080.665279,1071.811792,l_out-54,54,12251.484993,12268.786944,17.301951,55
32B,warm,0,1080.665279,1071.811792,l_out-55,55,12268.791974,12283.877847,15.085873,56
32B,warm,0,1080.665279,1071.811792,l_out-56,56,12283.882207,12299.175042,15.292835,57
32B,warm,0,1080.665279,1071.811792,l_out-57,57,12299.179812,12315.605071,16.425259,58
32B,warm,0,1080.665279,1071.811792,l_out-58,58,12315.609111,12330.933324,15.324213,59
32B,warm,0,1080.665279,1071.811792,l_out-59,59,12330.937994,12347.419113,16.481119,60
32B,warm,0,1080.665279,1071.811792,l_out-60,60,12347.428903,12364.651145,17.222242,61
32B,warm,0,1080.665279,1071.811792,l_out-61,61,12364.656415,12381.092424,16.436009,62
32B,warm,0,1080.665279,1071.811792,l_out-62,62,12381.097604,12397.129701,16.032097,63
32B,warm,0,1080.665279,1071.811792,l_out-63,63,12397.134521,12412.600256,15.465735,64
32B,warm,0,1080.665279,1071.811792,result_norm,-1,12412.611776,12412.632416,0.02064,65
32B,warm,0,1080.665279,1071.811792,result_output,-1,12412.633006,12437.988022,25.355016,66
0.6B,warm,1,30.744878,31.916294,embd,-1,430.836711,430.841951,0.00524,0
0.6B,warm,1,30.744878,31.916294,l_out-0,0,430.846031,431.670814,0.824783,1
0.6B,warm,1,30.744878,31.916294,l_out-1,1,431.678384,432.546318,0.867934,2
0.6B,warm,1,30.744878,31.916294,l_out-2,2,432.550428,433.505882,0.955454,3
0.6B,warm,1,30.744878,31.916294,l_out-3,3,433.508132,434.339025,0.830893,4
0.6B,warm,1,30.744878,31.916294,l_out-4,4,434.341735,435.115779,0.774044,5
0.6B,warm,1,30.744878,31.916294,l_out-5,5,435.118369,435.904162,0.785793,6
0.6B,warm,1,30.744878,31.916294,l_out-6,6,435.906812,436.662445,0.755633,7
0.6B,warm,1,30.744878,31.916294,l_out-7,7,436.664675,437.437718,0.773043,8
0.6B,warm,1,30.744878,31.916294,l_out-8,8,437.440338,438.213252,0.772914,9
0.6B,warm,1,30.744878,31.916294,l_out-9,9,438.216042,438.973335,0.757293,10
0.6B,warm,1,30.744878,31.916294,l_out-10,10,438.975675,439.741268,0.765593,11
0.6B,warm,1,30.744878,31.916294,l_out-11,11,439.743538,440.496891,0.753353,12
0.6B,warm,1,30.744878,31.916294,l_out-12,12,440.498781,441.257374,0.758593,13
0.6B,warm,1,30.744878,31.916294,l_out-13,13,441.259164,442.017397,0.758233,14
0.6B,warm,1,30.744878,31.916294,l_out-14,14,442.019208,442.781001,0.761793,15
0.6B,warm,1,30.744878,31.916294,l_out-15,15,442.782981,443.560704,0.777723,16
0.6B,warm,1,30.744878,31.916294,l_out-16,16,443.563704,444.485198,0.921494,17
0.6B,warm,1,30.744878,31.916294,l_out-17,17,444.487498,445.274711,0.787213,18
0.6B,warm,1,30.744878,31.916294,l_out-18,18,445.276481,446.041114,0.764633,19
0.6B,warm,1,30.744878,31.916294,l_out-19,19,446.042714,446.792118,0.749404,20
0.6B,warm,1,30.744878,31.916294,l_out-20,20,446.793888,447.536861,0.742973,21
0.6B,warm,1,30.744878,31.916294,l_out-21,21,447.538681,448.325324,0.786643,22
0.6B,warm,1,30.744878,31.916294,l_out-22,22,448.327234,449.273448,0.946214,23
0.6B,warm,1,30.744878,31.916294,l_out-23,23,449.276258,450.082821,0.806563,24
0.6B,warm,1,30.744878,31.916294,l_out-24,24,450.084801,450.895475,0.810674,25
0.6B,warm,1,30.744878,31.916294,l_out-25,25,450.897365,451.716878,0.819513,26
0.6B,warm,1,30.744878,31.916294,l_out-26,26,451.718528,452.499011,0.780483,27
0.6B,warm,1,30.744878,31.916294,l_out-27,27,452.500691,453.344655,0.843964,28
0.6B,warm,1,30.744878,31.916294,result_norm,-1,453.345135,453.347825,0.00269,29
0.6B,warm,1,30.744878,31.916294,result_output,-1,453.347925,462.631904,9.283979,30
32B,warm,1,1075.94748,1085.31684,embd,-1,11618.019033,11618.028433,0.0094,0
32B,warm,1,1075.94748,1085.31684,l_out-0,0,11618.032763,11634.827133,16.79437,1
32B,warm,1,1075.94748,1085.31684,l_out-1,1,11634.836693,11652.440037,17.603344,2
32B,warm,1,1075.94748,1085.31684,l_out-2,2,11652.445897,11668.867135,16.421238,3
32B,warm,1,1075.94748,1085.31684,l_out-3,3,11668.871515,11685.877366,17.005851,4
32B,warm,1,1075.94748,1085.31684,l_out-4,4,11685.884196,11702.591746,16.70755,5
32B,warm,1,1075.94748,1085.31684,l_out-5,5,11702.596686,11720.07596,17.479274,6
32B,warm,1,1075.94748,1085.31684,l_out-6,6,11720.08167,11736.559649,16.477979,7
32B,warm,1,1075.94748,1085.31684,l_out-7,7,11736.565169,11753.067277,16.502108,8
32B,warm,1,1075.94748,1085.31684,l_out-8,8,11753.073307,11768.944054,15.870747,9
32B,warm,1,1075.94748,1085.31684,l_out-9,9,11768.949004,11785.668114,16.71911,10
32B,warm,1,1075.94748,1085.31684,l_out-10,10,11785.672734,11809.305643,23.632909,11
32B,warm,1,1075.94748,1085.31684,l_out-11,11,11809.317143,11828.995645,19.678502,12
32B,warm,1,1075.94748,1085.31684,l_out-12,12,11829.001305,11847.396692,18.395387,13
32B,warm,1,1075.94748,1085.31684,l_out-13,13,11847.401142,11863.138418,15.737276,14
32B,warm,1,1075.94748,1085.31684,l_out-14,14,11863.143348,11880.742632,17.599284,15
32B,warm,1,1075.94748,1085.31684,l_out-15,15,11880.748622,11896.626048,15.877426,16
32B,warm,1,1075.94748,1085.31684,l_out-16,16,11896.632258,11912.421554,15.789296,17
32B,warm,1,1075.94748,1085.31684,l_out-17,17,11912.426194,11929.396785,16.970591,18
32B,warm,1,1075.94748,1085.31684,l_out-18,18,11929.402395,11945.121731,15.719336,19
32B,warm,1,1075.94748,1085.31684,l_out-19,19,11945.124861,11961.672991,16.54813,20
32B,warm,1,1075.94748,1085.31684,l_out-20,20,11961.676951,11977.611496,15.934545,21
32B,warm,1,1075.94748,1085.31684,l_out-21,21,11977.616666,11993.275342,15.658676,22
32B,warm,1,1075.94748,1085.31684,l_out-22,22,11993.280162,12009.008718,15.728556,23
32B,warm,1,1075.94748,1085.31684,l_out-23,23,12009.014018,12024.832445,15.818427,24
32B,warm,1,1075.94748,1085.31684,l_out-24,24,12024.836965,12043.230792,18.393827,25
32B,warm,1,1075.94748,1085.31684,l_out-25,25,12043.234152,12061.677948,18.443796,26
32B,warm,1,1075.94748,1085.31684,l_out-26,26,12061.682558,12077.660405,15.977847,27
32B,warm,1,1075.94748,1085.31684,l_out-27,27,12077.664495,12092.930169,15.265674,28
32B,warm,1,1075.94748,1085.31684,l_out-28,28,12092.934149,12109.238768,16.304619,29
32B,warm,1,1075.94748,1085.31684,l_out-29,29,12109.244068,12126.59251,17.348442,30
32B,warm,1,1075.94748,1085.31684,l_out-30,30,12126.59852,12142.642347,16.043827,31
32B,warm,1,1075.94748,1085.31684,l_out-31,31,12142.648007,12158.314773,15.666766,32
32B,warm,1,1075.94748,1085.31684,l_out-32,32,12158.321093,12174.139609,15.818516,33
32B,warm,1,1075.94748,1085.31684,l_out-33,33,12174.143959,12190.130496,15.986537,34
32B,warm,1,1075.94748,1085.31684,l_out-34,34,12190.135786,12206.816235,16.680449,35
32B,warm,1,1075.94748,1085.31684,l_out-35,35,12206.821075,12222.27711,15.456035,36
32B,warm,1,1075.94748,1085.31684,l_out-36,36,12222.28125,12237.704975,15.423725,37
32B,warm,1,1075.94748,1085.31684,l_out-37,37,12237.709265,12253.452141,15.742876,38
32B,warm,1,1075.94748,1085.31684,l_out-38,38,12253.456271,12269.186347,15.730076,39
32B,warm,1,1075.94748,1085.31684,l_out-39,39,12269.189767,12288.606187,19.41642,40
32B,warm,1,1075.94748,1085.31684,l_out-40,40,12288.611467,12307.033185,18.421718,41
32B,warm,1,1075.94748,1085.31684,l_out-41,41,12307.038005,12323.757085,16.71908,42
32B,warm,1,1075.94748,1085.31684,l_out-42,42,12323.761795,12340.671026,16.909231,43
32B,warm,1,1075.94748,1085.31684,l_out-43,43,12340.675866,12357.130814,16.454948,44
32B,warm,1,1075.94748,1085.31684,l_out-44,44,12357.135584,12373.699703,16.564119,45
32B,warm,1,1075.94748,1085.31684,l_out-45,45,12373.704093,12389.170248,15.466155,46
32B,warm,1,1075.94748,1085.31684,l_out-46,46,12389.174218,12404.382562,15.208344,47
32B,warm,1,1075.94748,1085.31684,l_out-47,47,12404.385542,12420.099198,15.713656,48
32B,warm,1,1075.94748,1085.31684,l_out-48,48,12420.103838,12435.917604,15.813766,49
32B,warm,1,1075.94748,1085.31684,l_out-49,49,12435.921614,12452.172422,16.250808,50
32B,warm,1,1075.94748,1085.31684,l_out-50,50,12452.177762,12467.019334,14.841572,51
32B,warm,1,1075.94748,1085.31684,l_out-51,51,12467.022624,12482.038077,15.015453,52
32B,warm,1,1075.94748,1085.31684,l_out-52,52,12482.041267,12496.95164,14.910373,53
32B,warm,1,1075.94748,1085.31684,l_out-53,53,12496.95541,12512.855136,15.899726,54
32B,warm,1,1075.94748,1085.31684,l_out-54,54,12512.859096,12532.190366,19.33127,55
32B,warm,1,1075.94748,1085.31684,l_out-55,55,12532.195377,12550.401713,18.206336,56
32B,warm,1,1075.94748,1085.31684,l_out-56,56,12550.408803,12566.817132,16.408329,57
32B,warm,1,1075.94748,1085.31684,l_out-57,57,12566.821572,12582.137436,15.315864,58
32B,warm,1,1075.94748,1085.31684,l_out-58,58,12582.142016,12597.890481,15.748465,59
32B,warm,1,1075.94748,1085.31684,l_out-59,59,12597.895621,12613.705698,15.810077,60
32B,warm,1,1075.94748,1085.31684,l_out-60,60,12613.709378,12629.314763,15.605385,61
32B,warm,1,1075.94748,1085.31684,l_out-61,61,12629.318553,12644.764018,15.445465,62
32B,warm,1,1075.94748,1085.31684,l_out-62,62,12644.767518,12660.105522,15.338004,63
32B,warm,1,1075.94748,1085.31684,l_out-63,63,12660.109572,12676.639231,16.529659,64
32B,warm,1,1075.94748,1085.31684,result_norm,-1,12676.643211,12676.652141,0.00893,65
32B,warm,1,1075.94748,1085.31684,result_output,-1,12676.652321,12703.208512,26.556191,66
0.6B,warm,2,32.217984,43.642314,embd,-1,424.713117,424.718997,0.00588,0
0.6B,warm,2,32.217984,43.642314,l_out-0,0,424.723427,425.54358,0.820153,1
0.6B,warm,2,32.217984,43.642314,l_out-1,1,425.55064,426.338103,0.787463,2
0.6B,warm,2,32.217984,43.642314,l_out-2,2,426.342443,427.199957,0.857514,3
0.6B,warm,2,32.217984,43.642314,l_out-3,3,427.203717,428.280301,1.076584,4
0.6B,warm,2,32.217984,43.642314,l_out-4,4,428.285292,429.344166,1.058874,5
0.6B,warm,2,32.217984,43.642314,l_out-5,5,429.348786,430.880122,1.531336,6
0.6B,warm,2,32.217984,43.642314,l_out-6,6,430.885102,432.120718,1.235616,7
0.6B,warm,2,32.217984,43.642314,l_out-7,7,432.125448,433.446643,1.321195,8
0.6B,warm,2,32.217984,43.642314,l_out-8,8,433.452483,434.754049,1.301566,9
0.6B,warm,2,32.217984,43.642314,l_out-9,9,434.757729,435.643612,0.885883,10
0.6B,warm,2,32.217984,43.642314,l_out-10,10,435.645972,436.757337,1.111365,11
0.6B,warm,2,32.217984,43.642314,l_out-11,11,436.760097,437.677681,0.917584,12
0.6B,warm,2,32.217984,43.642314,l_out-12,12,437.682291,438.780586,1.098295,13
0.6B,warm,2,32.217984,43.642314,l_out-13,13,438.784316,439.90949,1.125174,14
0.6B,warm,2,32.217984,43.642314,l_out-14,14,439.9119,440.747974,0.836074,15
0.6B,warm,2,32.217984,43.642314,l_out-15,15,440.750474,441.580567,0.830093,16
0.6B,warm,2,32.217984,43.642314,l_out-16,16,441.584157,443.363705,1.779548,17
0.6B,warm,2,32.217984,43.642314,l_out-17,17,443.371315,446.613828,3.242513,18
0.6B,warm,2,32.217984,43.642314,l_out-18,18,446.620128,447.867924,1.247796,19
0.6B,warm,2,32.217984,43.642314,l_out-19,19,447.870644,449.134339,1.263695,20
0.6B,warm,2,32.217984,43.642314,l_out-20,20,449.136789,450.166203,1.029414,21
0.6B,warm,2,32.217984,43.642314,l_out-21,21,450.170073,451.350328,1.180255,22
0.6B,warm,2,32.217984,43.642314,l_out-22,22,451.354858,452.365393,1.010535,23
0.6B,warm,2,32.217984,43.642314,l_out-23,23,452.368403,453.326197,0.957794,24
0.6B,warm,2,32.217984,43.642314,l_out-24,24,453.328837,454.470501,1.141664,25
0.6B,warm,2,32.217984,43.642314,l_out-25,25,454.473551,455.359685,0.886134,26
0.6B,warm,2,32.217984,43.642314,l_out-26,26,455.362305,456.220899,0.858594,27
0.6B,warm,2,32.217984,43.642314,l_out-27,27,456.222729,457.146673,0.923944,28
0.6B,warm,2,32.217984,43.642314,result_norm,-1,457.147963,457.152633,0.00467,29
0.6B,warm,2,32.217984,43.642314,result_output,-1,457.152713,468.210059,11.057346,30
32B,warm,2,1079.007435,1087.44187,embd,-1,11357.205391,11357.213931,0.00854,0
32B,warm,2,1079.007435,1087.44187,l_out-0,0,11357.218121,11374.897204,17.679083,1
32B,warm,2,1079.007435,1087.44187,l_out-1,1,11374.906664,11392.135406,17.228742,2
32B,warm,2,1079.007435,1087.44187,l_out-2,2,11392.141786,11408.836256,16.69447,3
32B,warm,2,1079.007435,1087.44187,l_out-3,3,11408.840886,11428.671799,19.830913,4
32B,warm,2,1079.007435,1087.44187,l_out-4,4,11428.678239,11447.465728,18.787489,5
32B,warm,2,1079.007435,1087.44187,l_out-5,5,11447.471008,11466.706368,19.23536,6
32B,warm,2,1079.007435,1087.44187,l_out-6,6,11466.712188,11483.275628,16.56344,7
32B,warm,2,1079.007435,1087.44187,l_out-7,7,11483.279608,11499.752347,16.472739,8
32B,warm,2,1079.007435,1087.44187,l_out-8,8,11499.758527,11516.287256,16.528729,9
32B,warm,2,1079.007435,1087.44187,l_out-9,9,11516.293216,11533.607139,17.313923,10
32B,warm,2,1079.007435,1087.44187,l_out-10,10,11533.611669,11549.979236,16.367567,11
32B,warm,2,1079.007435,1087.44187,l_out-11,11,11549.984177,11565.969484,15.985307,12
32B,warm,2,1079.007435,1087.44187,l_out-12,12,11565.974424,11582.299052,16.324628,13
32B,warm,2,1079.007435,1087.44187,l_out-13,13,11582.303662,11598.068178,15.764516,14
32B,warm,2,1079.007435,1087.44187,l_out-14,14,11598.073018,11615.22293,17.149912,15
32B,warm,2,1079.007435,1087.44187,l_out-15,15,11615.22753,11631.029196,15.801666,16
32B,warm,2,1079.007435,1087.44187,l_out-16,16,11631.035936,11647.119593,16.083657,17
32B,warm,2,1079.007435,1087.44187,l_out-17,17,11647.124513,11663.715603,16.59109,18
32B,warm,2,1079.007435,1087.44187,l_out-18,18,11663.721603,11680.379783,16.65818,19
32B,warm,2,1079.007435,1087.44187,l_out-19,19,11680.385153,11698.420028,18.034875,20
32B,warm,2,1079.007435,1087.44187,l_out-20,20,11698.425608,11717.591948,19.16634,21
32B,warm,2,1079.007435,1087.44187,l_out-21,21,11717.598228,11733.432064,15.833836,22
32B,warm,2,1079.007435,1087.44187,l_out-22,22,11733.437024,11749.08499,15.647966,23
32B,warm,2,1079.007435,1087.44187,l_out-23,23,11749.08925,11764.917506,15.828256,24
32B,warm,2,1079.007435,1087.44187,l_out-24,24,11764.921306,11784.304988,19.383682,25
32B,warm,2,1079.007435,1087.44187,l_out-25,25,11784.308918,11800.460815,16.151897,26
32B,warm,2,1079.007435,1087.44187,l_out-26,26,11800.464795,11815.814929,15.350134,27
32B,warm,2,1079.007435,1087.44187,l_out-27,27,11815.818619,11830.909422,15.090803,28
32B,warm,2,1079.007435,1087.44187,l_out-28,28,11830.912932,11846.95933,16.046398,29
32B,warm,2,1079.007435,1087.44187,l_out-29,29,11846.96508,11863.324298,16.359218,30
32B,warm,2,1079.007435,1087.44187,l_out-30,30,11863.329358,11878.696583,15.367225,31
32B,warm,2,1079.007435,1087.44187,l_out-31,31,11878.700843,11894.97117,16.270327,32
32B,warm,2,1079.007435,1087.44187,l_out-32,32,11894.97794,11910.319145,15.341205,33
32B,warm,2,1079.007435,1087.44187,l_out-33,33,11910.322785,11930.62096,20.298175,34
32B,warm,2,1079.007435,1087.44187,l_out-34,34,11930.62655,11947.813872,17.187322,35
32B,warm,2,1079.007435,1087.44187,l_out-35,35,11947.819282,11962.809445,14.990163,36
32B,warm,2,1079.007435,1087.44187,l_out-36,36,11962.814345,11978.038398,15.224053,37
32B,warm,2,1079.007435,1087.44187,l_out-37,37,11978.042838,11993.287942,15.245104,38
32B,warm,2,1079.007435,1087.44187,l_out-38,38,11993.292172,12010.949406,17.657234,39
32B,warm,2,1079.007435,1087.44187,l_out-39,39,12010.954846,12026.896323,15.941477,40
32B,warm,2,1079.007435,1087.44187,l_out-40,40,12026.901403,12042.303767,15.402364,41
32B,warm,2,1079.007435,1087.44187,l_out-41,41,12042.308087,12057.556481,15.248394,42
32B,warm,2,1079.007435,1087.44187,l_out-42,42,12057.561081,12073.371577,15.810496,43
32B,warm,2,1079.007435,1087.44187,l_out-43,43,12073.376787,12090.477818,17.101031,44
32B,warm,2,1079.007435,1087.44187,l_out-44,44,12090.482569,12106.097734,15.615165,45
32B,warm,2,1079.007435,1087.44187,l_out-45,45,12106.102694,12121.76811,15.665416,46
32B,warm,2,1079.007435,1087.44187,l_out-46,46,12121.77205,12136.894703,15.122653,47
32B,warm,2,1079.007435,1087.44187,l_out-47,47,12136.898743,12152.362068,15.463325,48
32B,warm,2,1079.007435,1087.44187,l_out-48,48,12152.366368,12170.943725,18.577357,49
32B,warm,2,1079.007435,1087.44187,l_out-49,49,12170.949555,12194.563224,23.613669,50
32B,warm,2,1079.007435,1087.44187,l_out-50,50,12194.568164,12212.494639,17.926475,51
32B,warm,2,1079.007435,1087.44187,l_out-51,51,12212.49975,12229.168319,16.668569,52
32B,warm,2,1079.007435,1087.44187,l_out-52,52,12229.173449,12245.399437,16.225988,53
32B,warm,2,1079.007435,1087.44187,l_out-53,53,12245.404147,12261.362414,15.958267,54
32B,warm,2,1079.007435,1087.44187,l_out-54,54,12261.367914,12276.176086,14.808172,55
32B,warm,2,1079.007435,1087.44187,l_out-55,55,12276.180686,12290.970698,14.790012,56
32B,warm,2,1079.007435,1087.44187,l_out-56,56,12290.974438,12305.997091,15.022653,57
32B,warm,2,1079.007435,1087.44187,l_out-57,57,12306.001511,12321.996248,15.994737,58
32B,warm,2,1079.007435,1087.44187,l_out-58,58,12322.000308,12337.651673,15.651365,59
32B,warm,2,1079.007435,1087.44187,l_out-59,59,12337.655813,12353.396609,15.740796,60
32B,warm,2,1079.007435,1087.44187,l_out-60,60,12353.401009,12368.227081,14.826072,61
32B,warm,2,1079.007435,1087.44187,l_out-61,61,12368.232791,12383.418165,15.185374,62
32B,warm,2,1079.007435,1087.44187,l_out-62,62,12383.422775,12398.684479,15.261704,63
32B,warm,2,1079.007435,1087.44187,l_out-63,63,12398.688759,12415.879911,17.191152,64
32B,warm,2,1079.007435,1087.44187,result_norm,-1,12415.884281,12415.894891,0.01061,65
32B,warm,2,1079.007435,1087.44187,result_output,-1,12415.895081,12444.52221,28.627129,66
0.6B,warm,3,38.867932,31.02555,embd,-1,422.366067,422.371127,0.00506,0
0.6B,warm,3,38.867932,31.02555,l_out-0,0,422.375257,423.234231,0.858974,1
0.6B,warm,3,38.867932,31.02555,l_out-1,1,423.240671,424.089274,0.848603,2
0.6B,warm,3,38.867932,31.02555,l_out-2,2,424.093294,425.052118,0.958824,3
0.6B,warm,3,38.867932,31.02555,l_out-3,3,425.054368,426.006312,0.951944,4
0.6B,warm,3,38.867932,31.02555,l_out-4,4,426.008232,427.089807,1.081575,5
0.6B,warm,3,38.867932,31.02555,l_out-5,5,427.091487,427.92181,0.830323,6
0.6B,warm,3,38.867932,31.02555,l_out-6,6,427.92342,428.704034,0.780614,7
0.6B,warm,3,38.867932,31.02555,l_out-7,7,428.705644,429.470237,0.764593,8
0.6B,warm,3,38.867932,31.02555,l_out-8,8,429.472117,430.23211,0.759993,9
0.6B,warm,3,38.867932,31.02555,l_out-9,9,430.2341,430.980973,0.746873,10
0.6B,warm,3,38.867932,31.02555,l_out-10,10,430.983083,431.774696,0.791613,11
0.6B,warm,3,38.867932,31.02555,l_out-11,11,431.776256,432.564,0.787744,12
0.6B,warm,3,38.867932,31.02555,l_out-12,12,432.56573,433.336483,0.770753,13
0.6B,warm,3,38.867932,31.02555,l_out-13,13,433.338913,434.112866,0.773953,14
0.6B,warm,3,38.867932,31.02555,l_out-14,14,434.115076,434.861039,0.745963,15
0.6B,warm,3,38.867932,31.02555,l_out-15,15,434.863299,435.601523,0.738224,16
0.6B,warm,3,38.867932,31.02555,l_out-16,16,435.604193,436.368816,0.764623,17
0.6B,warm,3,38.867932,31.02555,l_out-17,17,436.370506,437.129069,0.758563,18
0.6B,warm,3,38.867932,31.02555,l_out-18,18,437.130629,437.876822,0.746193,19
0.6B,warm,3,38.867932,31.02555,l_out-19,19,437.878842,438.655955,0.777113,20
0.6B,warm,3,38.867932,31.02555,l_out-20,20,438.658595,439.389388,0.730793,21
0.6B,warm,3,38.867932,31.02555,l_out-21,21,439.391548,440.164192,0.772644,22
0.6B,warm,3,38.867932,31.02555,l_out-22,22,440.166512,440.962245,0.795733,23
0.6B,warm,3,38.867932,31.02555,l_out-23,23,440.965025,441.712838,0.747813,24
0.6B,warm,3,38.867932,31.02555,l_out-24,24,441.714678,442.474961,0.760283,25
0.6B,warm,3,38.867932,31.02555,l_out-25,25,442.477711,443.296595,0.818884,26
0.6B,warm,3,38.867932,31.02555,l_out-26,26,443.299515,444.214379,0.914864,27
0.6B,warm,3,38.867932,31.02555,l_out-27,27,444.216709,444.952462,0.735753,28
0.6B,warm,3,38.867932,31.02555,result_norm,-1,444.953232,444.956382,0.00315,29
0.6B,warm,3,38.867932,31.02555,result_output,-1,444.956472,453.265377,8.308905,30
32B,warm,3,1083.934357,1092.613404,embd,-1,11675.34216,11675.35137,0.00921,0
32B,warm,3,1083.934357,1092.613404,l_out-0,0,11675.35606,11692.885623,17.529563,1
32B,warm,3,1083.934357,1092.613404,l_out-1,1,11692.895203,11715.211947,22.316744,2
32B,warm,3,1083.934357,1092.613404,l_out-2,2,11715.221157,11735.587462,20.366305,3
32B,warm,3,1083.934357,1092.613404,l_out-3,3,11735.592372,11752.285103,16.692731,4
32B,warm,3,1083.934357,1092.613404,l_out-4,4,11752.290523,11769.835645,17.545122,5
32B,warm,3,1083.934357,1092.613404,l_out-5,5,11769.840555,11787.204198,17.363643,6
32B,warm,3,1083.934357,1092.613404,l_out-6,6,11787.209758,11803.818058,16.6083,7
32B,warm,3,1083.934357,1092.613404,l_out-7,7,11803.822418,11819.944825,16.122407,8
32B,warm,3,1083.934357,1092.613404,l_out-8,8,11819.950575,11836.502635,16.55206,9
32B,warm,3,1083.934357,1092.613404,l_out-9,9,11836.507525,11853.327856,16.820331,10
32B,warm,3,1083.934357,1092.613404,l_out-10,10,11853.332716,11870.108635,16.775919,11
32B,warm,3,1083.934357,1092.613404,l_out-11,11,11870.113565,11887.836639,17.723074,12
32B,warm,3,1083.934357,1092.613404,l_out-12,12,11887.842649,11906.380697,18.538048,13
32B,warm,3,1083.934357,1092.613404,l_out-13,13,11906.386197,11923.296128,16.909931,14
32B,warm,3,1083.934357,1092.613404,l_out-14,14,11923.312888,11940.063888,16.751,15
32B,warm,3,1083.934357,1092.613404,l_out-15,15,11940.068959,11956.123866,16.054907,16
32B,warm,3,1083.934357,1092.613404,l_out-16,16,11956.129546,11971.779611,15.650065,17
32B,warm,3,1083.934357,1092.613404,l_out-17,17,11971.783511,11987.670627,15.887116,18
32B,warm,3,1083.934357,1092.613404,l_out-18,18,11987.675097,12004.131626,16.456529,19
32B,warm,3,1083.934357,1092.613404,l_out-19,19,12004.136736,12021.66443,17.527694,20
32B,warm,3,1083.934357,1092.613404,l_out-20,20,12021.66994,12037.166785,15.496845,21
32B,warm,3,1083.934357,1092.613404,l_out-21,21,12037.170885,12052.526909,15.356024,22
32B,warm,3,1083.934357,1092.613404,l_out-22,22,12052.531379,12068.693907,16.162528,23
32B,warm,3,1083.934357,1092.613404,l_out-23,23,12068.700587,12084.315122,15.614535,24
32B,warm,3,1083.934357,1092.613404,l_out-24,24,12084.319972,12101.008012,16.68804,25
32B,warm,3,1083.934357,1092.613404,l_out-25,25,12101.012852,12115.790884,14.778032,26
32B,warm,3,1083.934357,1092.613404,l_out-26,26,12115.795594,12132.453314,16.65772,27
32B,warm,3,1083.934357,1092.613404,l_out-27,27,12132.460774,12150.55746,18.096686,28
32B,warm,3,1083.934357,1092.613404,l_out-28,28,12150.56244,12170.678874,20.116434,29
32B,warm,3,1083.934357,1092.613404,l_out-29,29,12170.684234,12190.102515,19.418281,30
32B,warm,3,1083.934357,1092.613404,l_out-30,30,12190.107925,12205.410769,15.302844,31
32B,warm,3,1083.934357,1092.613404,l_out-31,31,12205.415519,12220.639223,15.223704,32
32B,warm,3,1083.934357,1092.613404,l_out-32,32,12220.644953,12236.201338,15.556385,33
32B,warm,3,1083.934357,1092.613404,l_out-33,33,12236.205528,12252.269166,16.063638,34
32B,warm,3,1083.934357,1092.613404,l_out-34,34,12252.274246,12269.044776,16.77053,35
32B,warm,3,1083.934357,1092.613404,l_out-35,35,12269.049666,12284.60856,15.558894,36
32B,warm,3,1083.934357,1092.613404,l_out-36,36,12284.61385,12300.649298,16.035448,37
32B,warm,3,1083.934357,1092.613404,l_out-37,37,12300.655818,12315.50256,14.846742,38
32B,warm,3,1083.934357,1092.613404,l_out-38,38,12315.50743,12332.866773,17.359343,39
32B,warm,3,1083.934357,1092.613404,l_out-39,39,12332.873163,12348.510238,15.637075,40
32B,warm,3,1083.934357,1092.613404,l_out-40,40,12348.514888,12364.176144,15.661256,41
32B,warm,3,1083.934357,1092.613404,l_out-41,41,12364.181144,12379.679579,15.498435,42
32B,warm,3,1083.934357,1092.613404,l_out-42,42,12379.684099,12400.463755,20.779656,43
32B,warm,3,1083.934357,1092.613404,l_out-43,43,12400.472435,12419.454385,18.98195,44
32B,warm,3,1083.934357,1092.613404,l_out-44,44,12419.459255,12435.460962,16.001707,45
32B,warm,3,1083.934357,1092.613404,l_out-45,45,12435.465572,12450.578776,15.113204,46
32B,warm,3,1083.934357,1092.613404,l_out-46,46,12450.582196,12466.563883,15.981687,47
32B,warm,3,1083.934357,1092.613404,l_out-47,47,12466.569313,12486.166284,19.596971,48
32B,warm,3,1083.934357,1092.613404,l_out-48,48,12486.170894,12502.414812,16.243918,49
32B,warm,3,1083.934357,1092.613404,l_out-49,49,12502.419182,12517.519456,15.100274,50
32B,warm,3,1083.934357,1092.613404,l_out-50,50,12517.523376,12532.96403,15.440654,51
32B,warm,3,1083.934357,1092.613404,l_out-51,51,12532.96845,12547.936293,14.967843,52
32B,warm,3,1083.934357,1092.613404,l_out-52,52,12547.939633,12564.837644,16.898011,53
32B,warm,3,1083.934357,1092.613404,l_out-53,53,12564.842324,12581.072942,16.230618,54
32B,warm,3,1083.934357,1092.613404,l_out-54,54,12581.077562,12596.631107,15.553545,55
32B,warm,3,1083.934357,1092.613404,l_out-55,55,12596.635267,12611.64664,15.011373,56
32B,warm,3,1083.934357,1092.613404,l_out-56,56,12611.64989,12626.742843,15.092953,57
32B,warm,3,1083.934357,1092.613404,l_out-57,57,12626.746453,12643.997395,17.250942,58
32B,warm,3,1083.934357,1092.613404,l_out-58,58,12644.003955,12663.720358,19.716403,59
32B,warm,3,1083.934357,1092.613404,l_out-59,59,12663.725678,12679.882006,16.156328,60
32B,warm,3,1083.934357,1092.613404,l_out-60,60,12679.886806,12695.36794,15.481134,61
32B,warm,3,1083.934357,1092.613404,l_out-61,61,12695.37441,12710.204802,14.830392,62
32B,warm,3,1083.934357,1092.613404,l_out-62,62,12710.208532,12725.623487,15.414955,63
32B,warm,3,1083.934357,1092.613404,l_out-63,63,12725.629067,12741.924605,16.295538,64
32B,warm,3,1083.934357,1092.613404,result_norm,-1,12741.929115,12741.940075,0.01096,65
32B,warm,3,1083.934357,1092.613404,result_output,-1,12741.940185,12767.829414,25.889229,66
0.6B,warm,4,31.933063,31.121301,embd,-1,427.6201,427.62571,0.00561,0
0.6B,warm,4,31.933063,31.121301,l_out-0,0,427.63027,428.410353,0.780083,1
0.6B,warm,4,31.933063,31.121301,l_out-1,1,428.418213,429.187176,0.768963,2
0.6B,warm,4,31.933063,31.121301,l_out-2,2,429.190356,429.986329,0.795973,3
0.6B,warm,4,31.933063,31.121301,l_out-3,3,429.988349,430.783702,0.795353,4
0.6B,warm,4,31.933063,31.121301,l_out-4,4,430.786482,431.587116,0.800634,5
0.6B,warm,4,31.933063,31.121301,l_out-5,5,431.589196,432.372879,0.783683,6
0.6B,warm,4,31.933063,31.121301,l_out-6,6,432.375069,433.145372,0.770303,7
0.6B,warm,4,31.933063,31.121301,l_out-7,7,433.147352,433.911876,0.764524,8
0.6B,warm,4,31.933063,31.121301,l_out-8,8,433.914866,434.823579,0.908713,9
0.6B,warm,4,31.933063,31.121301,l_out-9,9,434.826199,435.661133,0.834934,10
0.6B,warm,4,31.933063,31.121301,l_out-10,10,435.663163,436.461906,0.798743,11
0.6B,warm,4,31.933063,31.121301,l_out-11,11,436.464266,437.27344,0.809174,12
0.6B,warm,4,31.933063,31.121301,l_out-12,12,437.2763,438.161713,0.885413,13
0.6B,warm,4,31.933063,31.121301,l_out-13,13,438.163643,439.007837,0.844194,14
0.6B,warm,4,31.933063,31.121301,l_out-14,14,439.009757,439.945661,0.935904,15
0.6B,warm,4,31.933063,31.121301,l_out-15,15,439.948721,440.696144,0.747423,16
0.6B,warm,4,31.933063,31.121301,l_out-16,16,440.699114,441.460627,0.761513,17
0.6B,warm,4,31.933063,31.121301,l_out-17,17,441.462527,442.20955,0.747023,18
0.6B,warm,4,31.933063,31.121301,l_out-18,18,442.21194,442.964214,0.752274,19
0.6B,warm,4,31.933063,31.121301,l_out-19,19,442.966624,443.698107,0.731483,20
0.6B,warm,4,31.933063,31.121301,l_out-20,20,443.700377,444.41709,0.716713,21
0.6B,warm,4,31.933063,31.121301,l_out-21,21,444.419,445.151023,0.732023,22
0.6B,warm,4,31.933063,31.121301,l_out-22,22,445.152933,445.886946,0.734013,23
0.6B,warm,4,31.933063,31.121301,l_out-23,23,445.889226,446.647209,0.757983,24
0.6B,warm,4,31.933063,31.121301,l_out-24,24,446.649569,447.410732,0.761163,25
0.6B,warm,4,31.933063,31.121301,l_out-25,25,447.412432,448.169385,0.756953,26
0.6B,warm,4,31.933063,31.121301,l_out-26,26,448.171215,448.881438,0.710223,27
0.6B,warm,4,31.933063,31.121301,l_out-27,27,448.883238,449.653932,0.770694,28
0.6B,warm,4,31.933063,31.121301,result_norm,-1,449.655302,449.658212,0.00291,29
0.6B,warm,4,31.933063,31.121301,result_output,-1,449.658312,458.630539,8.972227,30
32B,warm,4,1083.808579,1078.600687,embd,-1,11370.916572,11370.938222,0.02165,0
32B,warm,4,1083.808579,1078.600687,l_out-0,0,11370.947832,11387.21801,16.270178,1
32B,warm,4,1083.808579,1078.600687,l_out-1,1,11387.22646,11403.8741,16.64764,2
32B,warm,4,1083.808579,1078.600687,l_out-2,2,11403.87851,11421.022512,17.144002,3
32B,warm,4,1083.808579,1078.600687,l_out-3,3,11421.027082,11438.283865,17.256783,4
32B,warm,4,1083.808579,1078.600687,l_out-4,4,11438.288935,11454.376492,16.087557,5
32B,warm,4,1083.808579,1078.600687,l_out-5,5,11454.380912,11470.902921,16.522009,6
32B,warm,4,1083.808579,1078.600687,l_out-6,6,11470.907371,11486.829877,15.922506,7
32B,warm,4,1083.808579,1078.600687,l_out-7,7,11486.833847,11504.313081,17.479234,8
32B,warm,4,1083.808579,1078.600687,l_out-8,8,11504.321011,11523.15189,18.830879,9
32B,warm,4,1083.808579,1078.600687,l_out-9,9,11523.16899,11540.801614,17.632624,10
32B,warm,4,1083.808579,1078.600687,l_out-10,10,11540.806584,11557.503314,16.69673,11
32B,warm,4,1083.808579,1078.600687,l_out-11,11,11557.508844,11573.486031,15.977187,12
32B,warm,4,1083.808579,1078.600687,l_out-12,12,11573.489591,11590.08909,16.599499,13
32B,warm,4,1083.808579,1078.600687,l_out-13,13,11590.09342,11605.865416,15.771996,14
32B,warm,4,1083.808579,1078.600687,l_out-14,14,11605.868706,11621.336801,15.468095,15
32B,warm,4,1083.808579,1078.600687,l_out-15,15,11621.341241,11637.314168,15.972927,16
32B,warm,4,1083.808579,1078.600687,l_out-16,16,11637.319708,11652.464711,15.145003,17
32B,warm,4,1083.808579,1078.600687,l_out-17,17,11652.469551,11670.025865,17.556314,18
32B,warm,4,1083.808579,1078.600687,l_out-18,18,11670.034505,11689.095435,19.06093,19
32B,warm,4,1083.808579,1078.600687,l_out-19,19,11689.099945,11704.871081,15.771136,20
32B,warm,4,1083.808579,1078.600687,l_out-20,20,11704.875071,11720.637766,15.762695,21
32B,warm,4,1083.808579,1078.600687,l_out-21,21,11720.642296,11736.669394,16.027098,22
32B,warm,4,1083.808579,1078.600687,l_out-22,22,11736.673644,11752.638991,15.965347,23
32B,warm,4,1083.808579,1078.600687,l_out-23,23,11752.644041,11769.781283,17.137242,24
32B,warm,4,1083.808579,1078.600687,l_out-24,24,11769.793823,11787.884299,18.090476,25
32B,warm,4,1083.808579,1078.600687,l_out-25,25,11787.888679,11803.542894,15.654215,26
32B,warm,4,1083.808579,1078.600687,l_out-26,26,11803.547354,11819.13505,15.587696,27
32B,warm,4,1083.808579,1078.600687,l_out-27,27,11819.13889,11835.156866,16.017976,28
32B,warm,4,1083.808579,1078.600687,l_out-28,28,11835.160756,11850.182329,15.021573,29
32B,warm,4,1083.808579,1078.600687,l_out-29,29,11850.186299,11865.409253,15.222954,30
32B,warm,4,1083.808579,1078.600687,l_out-30,30,11865.413523,11880.710907,15.297384,31
32B,warm,4,1083.808579,1078.600687,l_out-31,31,11880.714417,11897.163746,16.449329,32
32B,warm,4,1083.808579,1078.600687,l_out-32,32,11897.170076,11913.290294,16.120218,33
32B,warm,4,1083.808579,1078.600687,l_out-33,33,11913.295304,11928.847479,15.552175,34
32B,warm,4,1083.808579,1078.600687,l_out-34,34,11928.851969,11943.965183,15.113214,35
32B,warm,4,1083.808579,1078.600687,l_out-35,35,11943.969283,11959.705208,15.735925,36
32B,warm,4,1083.808579,1078.600687,l_out-36,36,11959.710878,11975.299203,15.588325,37
32B,warm,4,1083.808579,1078.600687,l_out-37,37,11975.304933,11992.395585,17.090652,38
32B,warm,4,1083.808579,1078.600687,l_out-38,38,11992.400505,12008.01296,15.612455,39
32B,warm,4,1083.808579,1078.600687,l_out-39,39,12008.01714,12025.390443,17.373303,40
32B,warm,4,1083.808579,1078.600687,l_out-40,40,12025.394993,12042.877797,17.482804,41
32B,warm,4,1083.808579,1078.600687,l_out-41,41,12042.882237,12058.948014,16.065777,42
32B,warm,4,1083.808579,1078.600687,l_out-42,42,12058.953244,12078.432745,19.479501,43
32B,warm,4,1083.808579,1078.600687,l_out-43,43,12078.437965,12095.808848,17.370883,44
32B,warm,4,1083.808579,1078.600687,l_out-44,44,12095.814418,12112.746589,16.932171,45
32B,warm,4,1083.808579,1078.600687,l_out-45,45,12112.751839,12129.844791,17.092952,46
32B,warm,4,1083.808579,1078.600687,l_out-46,46,12129.849781,12146.51617,16.666389,47
32B,warm,4,1083.808579,1078.600687,l_out-47,47,12146.52248,12164.109214,17.586734,48
32B,warm,4,1083.808579,1078.600687,l_out-48,48,12164.114584,12179.043387,14.928803,49
32B,warm,4,1083.808579,1078.600687,l_out-49,49,12179.046937,12194.017509,14.970572,50
32B,warm,4,1083.808579,1078.600687,l_out-50,50,12194.021029,12209.083412,15.062383,51
32B,warm,4,1083.808579,1078.600687,l_out-51,51,12209.086842,12227.338669,18.251827,52
32B,warm,4,1083.808579,1078.600687,l_out-52,52,12227.343409,12242.656153,15.312744,53
32B,warm,4,1083.808579,1078.600687,l_out-53,53,12242.660623,12258.971621,16.310998,54
32B,warm,4,1083.808579,1078.600687,l_out-54,54,12258.976021,12276.854186,17.878165,55
32B,warm,4,1083.808579,1078.600687,l_out-55,55,12276.858846,12294.39163,17.532784,56
32B,warm,4,1083.808579,1078.600687,l_out-56,56,12294.39737,12310.97287,16.5755,57
32B,warm,4,1083.808579,1078.600687,l_out-57,57,12310.97752,12326.764855,15.787335,58
32B,warm,4,1083.808579,1078.600687,l_out-58,58,12326.769955,12341.983279,15.213324,59
32B,warm,4,1083.808579,1078.600687,l_out-59,59,12341.987489,12357.781525,15.794036,60
32B,warm,4,1083.808579,1078.600687,l_out-60,60,12357.787785,12375.322309,17.534524,61
32B,warm,4,1083.808579,1078.600687,l_out-61,61,12375.327589,12392.30405,16.976461,62
32B,warm,4,1083.808579,1078.600687,l_out-62,62,12392.30991,12407.938575,15.628665,63
32B,warm,4,1083.808579,1078.600687,l_out-63,63,12407.943485,12424.368874,16.425389,64
32B,warm,4,1083.808579,1078.600687,result_norm,-1,12424.373344,12424.384404,0.01106,65
32B,warm,4,1083.808579,1078.600687,result_output,-1,12424.384524,12449.358228,24.973704,66
0.6B,warm,5,30.828999,32.977648,embd,-1,421.444935,421.454105,0.00917,0
0.6B,warm,5,30.828999,32.977648,l_out-0,0,421.461755,422.58062,1.118865,1
0.6B,warm,5,30.828999,32.977648,l_out-1,1,422.59059,423.550554,0.959964,2
0.6B,warm,5,30.828999,32.977648,l_out-2,2,423.555054,424.513238,0.958184,3
0.6B,warm,5,30.828999,32.977648,l_out-3,3,424.517398,425.445032,0.927634,4
0.6B,warm,5,30.828999,32.977648,l_out-4,4,425.449512,426.273266,0.823754,5
0.6B,warm,5,30.828999,32.977648,l_out-5,5,426.275636,427.107299,0.831663,6
0.6B,warm,5,30.828999,32.977648,l_out-6,6,427.109519,428.057923,0.948404,7
0.6B,warm,5,30.828999,32.977648,l_out-7,7,428.060073,428.828086,0.768013,8
0.6B,warm,5,30.828999,32.977648,l_out-8,8,428.831006,429.63512,0.804114,9
0.6B,warm,5,30.828999,32.977648,l_out-9,9,429.63843,430.404643,0.766213,10
0.6B,warm,5,30.828999,32.977648,l_out-10,10,430.407013,431.178236,0.771223,11
0.6B,warm,5,30.828999,32.977648,l_out-11,11,431.180116,431.944709,0.764593,12
0.6B,warm,5,30.828999,32.977648,l_out-12,12,431.947269,432.714173,0.766904,13
0.6B,warm,5,30.828999,32.977648,l_out-13,13,432.716613,433.491856,0.775243,14
0.6B,warm,5,30.828999,32.977648,l_out-14,14,433.493916,434.255779,0.761863,15
0.6B,warm,5,30.828999,32.977648,l_out-15,15,434.257759,435.020132,0.762373,16
0.6B,warm,5,30.828999,32.977648,l_out-16,16,435.023012,435.891466,0.868454,17
0.6B,warm,5,30.828999,32.977648,l_out-17,17,435.894666,436.661359,0.766693,18
0.6B,warm,5,30.828999,32.977648,l_out-18,18,436.663619,437.497393,0.833774,19
0.6B,warm,5,30.828999,32.977648,l_out-19,19,437.499243,438.312946,0.813703,20
0.6B,warm,5,30.828999,32.977648,l_out-20,20,438.314906,439.26886,0.953954,21
0.6B,warm,5,30.828999,32.977648,l_out-21,21,439.27141,440.189714,0.918304,22
0.6B,warm,5,30.828999,32.977648,l_out-22,22,440.193084,440.932967,0.739883,23
0.6B,warm,5,30.828999,32.977648,l_out-23,23,440.934777,441.71535,0.780573,24
0.6B,warm,5,30.828999,32.977648,l_out-24,24,441.71906,442.567694,0.848634,25
0.6B,warm,5,30.828999,32.977648,l_out-25,25,442.570944,443.405097,0.834153,26
0.6B,warm,5,30.828999,32.977648,l_out-26,26,443.407897,444.249721,0.841824,27
0.6B,warm,5,30.828999,32.977648,l_out-27,27,444.253271,445.115305,0.862034,28
0.6B,warm,5,30.828999,32.977648,result_norm,-1,445.116065,445.119765,0.0037,29
0.6B,warm,5,30.828999,32.977648,result_output,-1,445.119895,454.266253,9.146358,30
32B,warm,5,1109.312047,1096.345304,embd,-1,11611.630369,11611.640989,0.01062,0
32B,warm,5,1109.312047,1096.345304,l_out-0,0,11611.645029,11629.444973,17.799944,1
32B,warm,5,1109.312047,1096.345304,l_out-1,1,11629.454463,11647.207538,17.753075,2
32B,warm,5,1109.312047,1096.345304,l_out-2,2,11647.214148,11664.071419,16.857271,3
32B,warm,5,1109.312047,1096.345304,l_out-3,3,11664.076739,11681.167689,17.09095,4
32B,warm,5,1109.312047,1096.345304,l_out-4,4,11681.174659,11698.298351,17.123692,5
32B,warm,5,1109.312047,1096.345304,l_out-5,5,11698.303781,11719.867332,21.563551,6
32B,warm,5,1109.312047,1096.345304,l_out-6,6,11719.875232,11737.672686,17.797454,7
32B,warm,5,1109.312047,1096.345304,l_out-7,7,11737.678526,11754.436967,16.758441,8
32B,warm,5,1109.312047,1096.345304,l_out-8,8,11754.444077,11770.399464,15.955387,9
32B,warm,5,1109.312047,1096.345304,l_out-9,9,11770.404374,11787.509026,17.104652,10
32B,warm,5,1109.312047,1096.345304,l_out-10,10,11787.514086,11804.262436,16.74835,11
32B,warm,5,1109.312047,1096.345304,l_out-11,11,11804.268286,11820.704765,16.436479,12
32B,warm,5,1109.312047,1096.345304,l_out-12,12,11820.709115,11836.778611,16.069496,13
32B,warm,5,1109.312047,1096.345304,l_out-13,13,11836.783781,11852.880599,16.096818,14
32B,warm,5,1109.312047,1096.345304,l_out-14,14,11852.886309,11869.7487,16.862391,15
32B,warm,5,1109.312047,1096.345304,l_out-15,15,11869.75534,11886.53459,16.77925,16
32B,warm,5,1109.312047,1096.345304,l_out-16,16,11886.54122,11902.235216,15.693996,17
32B,warm,5,1109.312047,1096.345304,l_out-17,17,11902.239916,11918.215563,15.975647,18
32B,warm,5,1109.312047,1096.345304,l_out-18,18,11918.222243,11933.838799,15.616556,19
32B,warm,5,1109.312047,1096.345304,l_out-19,19,11933.843869,11950.88674,17.042871,20
32B,warm,5,1109.312047,1096.345304,l_out-20,20,11950.89225,11970.261021,19.368771,21
32B,warm,5,1109.312047,1096.345304,l_out-21,21,11970.267721,11988.711748,18.444027,22
32B,warm,5,1109.312047,1096.345304,l_out-22,22,11988.718138,12004.041582,15.323444,23
32B,warm,5,1109.312047,1096.345304,l_out-23,23,12004.046002,12020.613552,16.56755,24
32B,warm,5,1109.312047,1096.345304,l_out-24,24,12020.618712,12039.776562,19.15785,25
32B,warm,5,1109.312047,1096.345304,l_out-25,25,12039.781872,12055.224807,15.442935,26
32B,warm,5,1109.312047,1096.345304,l_out-26,26,12055.229637,12070.618841,15.389204,27
32B,warm,5,1109.312047,1096.345304,l_out-27,27,12070.623412,12086.450678,15.827266,28
32B,warm,5,1109.312047,1096.345304,l_out-28,28,12086.455458,12101.860223,15.404765,29
32B,warm,5,1109.312047,1096.345304,l_out-29,29,12101.864773,12118.802493,16.93772,30
32B,warm,5,1109.312047,1096.345304,l_out-30,30,12118.807653,12134.78398,15.976327,31
32B,warm,5,1109.312047,1096.345304,l_out-31,31,12134.78898,12150.580926,15.791946,32
32B,warm,5,1109.312047,1096.345304,l_out-32,32,12150.588596,12165.81454,15.225944,33
32B,warm,5,1109.312047,1096.345304,l_out-33,33,12165.81918,12183.573214,17.754034,34
32B,warm,5,1109.312047,1096.345304,l_out-34,34,12183.578374,12200.438465,16.860091,35
32B,warm,5,1109.312047,1096.345304,l_out-35,35,12200.443085,12222.386197,21.943112,36
32B,warm,5,1109.312047,1096.345304,l_out-36,36,12222.393377,12239.916761,17.523384,37
32B,warm,5,1109.312047,1096.345304,l_out-37,37,12239.922461,12255.754037,15.831576,38
32B,warm,5,1109.312047,1096.345304,l_out-38,38,12255.759817,12271.665263,15.905446,39
32B,warm,5,1109.312047,1096.345304,l_out-39,39,12271.669903,12288.912925,17.243022,40
32B,warm,5,1109.312047,1096.345304,l_out-40,40,12288.920566,12304.26051,15.339944,41
32B,warm,5,1109.312047,1096.345304,l_out-41,41,12304.26523,12320.200647,15.935417,42
32B,warm,5,1109.312047,1096.345304,l_out-42,42,12320.205837,12335.560271,15.354434,43
32B,warm,5,1109.312047,1096.345304,l_out-43,43,12335.565261,12351.93935,16.374089,44
32B,warm,5,1109.312047,1096.345304,l_out-44,44,12351.94569,12371.153701,19.208011,45
32B,warm,5,1109.312047,1096.345304,l_out-45,45,12371.158041,12386.668536,15.510495,46
32B,warm,5,1109.312047,1096.345304,l_out-46,46,12386.673626,12401.851219,15.177593,47
32B,warm,5,1109.312047,1096.345304,l_out-47,47,12401.855489,12417.130964,15.275475,48
32B,warm,5,1109.312047,1096.345304,l_out-48,48,12417.135374,12433.3189,16.183526,49
32B,warm,5,1109.312047,1096.345304,l_out-49,49,12433.32309,12448.872836,15.549746,50
32B,warm,5,1109.312047,1096.345304,l_out-50,50,12448.877476,12467.612154,18.734678,51
32B,warm,5,1109.312047,1096.345304,l_out-51,51,12467.618154,12484.558145,16.939991,52
32B,warm,5,1109.312047,1096.345304,l_out-52,52,12484.564025,12499.778309,15.214284,53
32B,warm,5,1109.312047,1096.345304,l_out-53,53,12499.783179,12516.944641,17.161462,54
32B,warm,5,1109.312047,1096.345304,l_out-54,54,12516.949381,12532.352676,15.403295,55
32B,warm,5,1109.312047,1096.345304,l_out-55,55,12532.357326,12547.105308,14.747982,56
32B,warm,5,1109.312047,1096.345304,l_out-56,56,12547.109558,12562.880194,15.770636,57
32B,warm,5,1109.312047,1096.345304,l_out-57,57,12562.884634,12578.84452,15.959886,58
32B,warm,5,1109.312047,1096.345304,l_out-58,58,12578.84966,12595.764631,16.914971,59
32B,warm,5,1109.312047,1096.345304,l_out-59,59,12595.769271,12611.498667,15.729396,60
32B,warm,5,1109.312047,1096.345304,l_out-60,60,12611.503667,12627.159683,15.656016,61
32B,warm,5,1109.312047,1096.345304,l_out-61,61,12627.162993,12643.26304,16.100047,62
32B,warm,5,1109.312047,1096.345304,l_out-62,62,12643.26793,12658.657975,15.390045,63
32B,warm,5,1109.312047,1096.345304,l_out-63,63,12658.661975,12674.896423,16.234448,64
32B,warm,5,1109.312047,1096.345304,result_norm,-1,12674.901383,12674.911683,0.0103,65
32B,warm,5,1109.312047,1096.345304,result_output,-1,12674.911813,12707.843451,32.931638,66
0.6B,warm,6,34.637535,31.862694,embd,-1,438.068645,438.076935,0.00829,0
0.6B,warm,6,34.637535,31.862694,l_out-0,0,438.081505,438.895179,0.813674,1
0.6B,warm,6,34.637535,31.862694,l_out-1,1,438.904279,439.761952,0.857673,2
0.6B,warm,6,34.637535,31.862694,l_out-2,2,439.766022,440.549606,0.783584,3
0.6B,warm,6,34.637535,31.862694,l_out-3,3,440.551966,441.336959,0.784993,4
0.6B,warm,6,34.637535,31.862694,l_out-4,4,441.339679,442.151672,0.811993,5
0.6B,warm,6,34.637535,31.862694,l_out-5,5,442.154322,442.981826,0.827504,6
0.6B,warm,6,34.637535,31.862694,l_out-6,6,442.984406,443.98343,0.999024,7
0.6B,warm,6,34.637535,31.862694,l_out-7,7,443.98799,444.915474,0.927484,8
0.6B,warm,6,34.637535,31.862694,l_out-8,8,444.918334,445.755187,0.836853,9
0.6B,warm,6,34.637535,31.862694,l_out-9,9,445.757437,446.553301,0.795864,10
0.6B,warm,6,34.637535,31.862694,l_out-10,10,446.555661,447.389094,0.833433,11
0.6B,warm,6,34.637535,31.862694,l_out-11,11,447.392294,448.353528,0.961234,12
0.6B,warm,6,34.637535,31.862694,l_out-12,12,448.355978,449.119031,0.763053,13
0.6B,warm,6,34.637535,31.862694,l_out-13,13,449.121301,449.888035,0.766734,14
0.6B,warm,6,34.637535,31.862694,l_out-14,14,449.890385,450.633818,0.743433,15
0.6B,warm,6,34.637535,31.862694,l_out-15,15,450.635768,451.389851,0.754083,16
0.6B,warm,6,34.637535,31.862694,l_out-16,16,451.392511,452.132644,0.740133,17
0.6B,warm,6,34.637535,31.862694,l_out-17,17,452.135244,452.887987,0.752743,18
0.6B,warm,6,34.637535,31.862694,l_out-18,18,452.889767,453.65184,0.762073,19
0.6B,warm,6,34.637535,31.862694,l_out-19,19,453.653531,454.393914,0.740383,20
0.6B,warm,6,34.637535,31.862694,l_out-20,20,454.395594,455.126207,0.730613,21
0.6B,warm,6,34.637535,31.862694,l_out-21,21,455.127887,455.9183,0.790413,22
0.6B,warm,6,34.637535,31.862694,l_out-22,22,455.9201,456.691983,0.771883,23
0.6B,warm,6,34.637535,31.862694,l_out-23,23,456.693543,457.456896,0.763353,24
0.6B,warm,6,34.637535,31.862694,l_out-24,24,457.459076,458.21506,0.755984,25
0.6B,warm,6,34.637535,31.862694,l_out-25,25,458.21664,458.936573,0.719933,26
0.6B,warm,6,34.637535,31.862694,l_out-26,26,458.938113,459.867437,0.929324,27
0.6B,warm,6,34.637535,31.862694,l_out-27,27,459.872557,460.894191,1.021634,28
0.6B,warm,6,34.637535,31.862694,result_norm,-1,460.895171,460.899061,0.00389,29
0.6B,warm,6,34.637535,31.862694,result_output,-1,460.899151,469.773238,8.874087,30
32B,warm,6,1074.213082,1075.833308,embd,-1,11449.431735,11449.442305,0.01057,0
32B,warm,6,1074.213082,1075.833308,l_out-0,0,11449.447075,11466.106195,16.65912,1
32B,warm,6,1074.213082,1075.833308,l_out-1,1,11466.117365,11483.778399,17.661034,2
32B,warm,6,1074.213082,1075.833308,l_out-2,2,11483.783859,11501.831665,18.047806,3
32B,warm,6,1074.213082,1075.833308,l_out-3,3,11501.836525,11518.330633,16.494108,4
32B,warm,6,1074.213082,1075.833308,l_out-4,4,11518.336673,11534.853912,16.517239,5
32B,warm,6,1074.213082,1075.833308,l_out-5,5,11534.857882,11551.680673,16.822791,6
32B,warm,6,1074.213082,1075.833308,l_out-6,6,11551.684473,11571.920558,20.236085,7
32B,warm,6,1074.213082,1075.833308,l_out-7,7,11571.925058,11588.552858,16.6278,8
32B,warm,6,1074.213082,1075.833308,l_out-8,8,11588.558618,11604.339704,15.781086,9
32B,warm,6,1074.213082,1075.833308,l_out-9,9,11604.344484,11620.588592,16.244108,10
32B,warm,6,1074.213082,1075.833308,l_out-10,10,11620.593482,11641.992692,21.39921,11
32B,warm,6,1074.213082,1075.833308,l_out-11,11,11641.998192,11659.568786,17.570594,12
32B,warm,6,1074.213082,1075.833308,l_out-12,12,11659.574456,11675.314502,15.740046,13
32B,warm,6,1074.213082,1075.833308,l_out-13,13,11675.319612,11691.093387,15.773775,14
32B,warm,6,1074.213082,1075.833308,l_out-14,14,11691.097987,11707.186805,16.088818,15
32B,warm,6,1074.213082,1075.833308,l_out-15,15,11707.190825,11724.421297,17.230472,16
32B,warm,6,1074.213082,1075.833308,l_out-16,16,11724.427247,11739.981692,15.554445,17
32B,warm,6,1074.213082,1075.833308,l_out-17,17,11739.985502,11755.760998,15.775496,18
32B,warm,6,1074.213082,1075.833308,l_out-18,18,11755.764998,11771.269673,15.504675,19
32B,warm,6,1074.213082,1075.833308,l_out-19,19,11771.273863,11787.350291,16.076428,20
32B,warm,6,1074.213082,1075.833308,l_out-20,20,11787.355481,11803.448518,16.093037,21
32B,warm,6,1074.213082,1075.833308,l_out-21,21,11803.451568,11819.030034,15.578466,22
32B,warm,6,1074.213082,1075.833308,l_out-22,22,11819.032964,11834.520329,15.487365,23
32B,warm,6,1074.213082,1075.833308,l_out-23,23,11834.522879,11849.10479,14.581911,24
32B,warm,6,1074.213082,1075.833308,l_out-24,24,11849.10801,11865.010467,15.902457,25
32B,warm,6,1074.213082,1075.833308,l_out-25,25,11865.014077,11882.867071,17.852994,26
32B,warm,6,1074.213082,1075.833308,l_out-26,26,11882.872081,11902.278672,19.406591,27
32B,warm,6,1074.213082,1075.833308,l_out-27,27,11902.284542,11918.215689,15.931147,28
32B,warm,6,1074.213082,1075.833308,l_out-28,28,11918.222969,11933.780084,15.557115,29
32B,warm,6,1074.213082,1075.833308,l_out-29,29,11933.784834,11949.118509,15.333675,30
32B,warm,6,1074.213082,1075.833308,l_out-30,30,11949.121189,11969.052472,19.931283,31
32B,warm,6,1074.213082,1075.833308,l_out-31,31,11969.058402,11986.927307,17.868905,32
32B,warm,6,1074.213082,1075.833308,l_out-32,32,11986.934557,12003.754878,16.820321,33
32B,warm,6,1074.213082,1075.833308,l_out-33,33,12003.759568,12018.976942,15.217374,34
32B,warm,6,1074.213082,1075.833308,l_out-34,34,12018.980442,12035.365061,16.384619,35
32B,warm,6,1074.213082,1075.833308,l_out-35,35,12035.369111,12051.750139,16.381028,36
32B,warm,6,1074.213082,1075.833308,l_out-36,36,12051.755349,12067.373254,15.617905,37
32B,warm,6,1074.213082,1075.833308,l_out-37,37,12067.378044,12082.588718,15.210674,38
32B,warm,6,1074.213082,1075.833308,l_out-38,38,12082.593298,12097.762451,15.169153,39
32B,warm,6,1074.213082,1075.833308,l_out-39,39,12097.764981,12113.586128,15.821147,40
32B,warm,6,1074.213082,1075.833308,l_out-40,40,12113.590098,12131.288262,17.698164,41
32B,warm,6,1074.213082,1075.833308,l_out-41,41,12131.292962,12148.961696,17.668734,42
32B,warm,6,1074.213082,1075.833308,l_out-42,42,12148.964626,12164.872443,15.907817,43
32B,warm,6,1074.213082,1075.833308,l_out-43,43,12164.876383,12179.843426,14.967043,44
32B,warm,6,1074.213082,1075.833308,l_out-44,44,12179.847556,12195.872173,16.024617,45
32B,warm,6,1074.213082,1075.833308,l_out-45,45,12195.876533,12211.601069,15.724536,46
32B,warm,6,1074.213082,1075.833308,l_out-46,46,12211.605279,12227.010854,15.405575,47
32B,warm,6,1074.213082,1075.833308,l_out-47,47,12227.014764,12241.985417,14.970653,48
32B,warm,6,1074.213082,1075.833308,l_out-48,48,12241.989747,12257.100459,15.110712,49
32B,warm,6,1074.213082,1075.833308,l_out-49,49,12257.103379,12272.634264,15.530885,50
32B,warm,6,1074.213082,1075.833308,l_out-50,50,12272.638334,12288.487301,15.848967,51
32B,warm,6,1074.213082,1075.833308,l_out-51,51,12288.490771,12304.278887,15.788116,52
32B,warm,6,1074.213082,1075.833308,l_out-52,52,12304.282277,12319.544071,15.261794,53
32B,warm,6,1074.213082,1075.833308,l_out-53,53,12319.548961,12335.053896,15.504935,54
32B,warm,6,1074.213082,1075.833308,l_out-54,54,12335.057646,12351.013033,15.955387,55
32B,warm,6,1074.213082,1075.833308,l_out-55,55,12351.016873,12366.98569,15.968817,56
32B,warm,6,1074.213082,1075.833308,l_out-56,56,12366.98958,12384.397093,17.407513,57
32B,warm,6,1074.213082,1075.833308,l_out-57,57,12384.401353,12402.314128,17.912775,58
32B,warm,6,1074.213082,1075.833308,l_out-58,58,12402.318768,12417.231851,14.913083,59
32B,warm,6,1074.213082,1075.833308,l_out-59,59,12417.235231,12434.197512,16.962281,60
32B,warm,6,1074.213082,1075.833308,l_out-60,60,12434.201982,12452.032216,17.830234,61
32B,warm,6,1074.213082,1075.833308,l_out-61,61,12452.035996,12467.21301,15.177014,62
32B,warm,6,1074.213082,1075.833308,l_out-62,62,12467.21707,12482.100462,14.883392,63
32B,warm,6,1074.213082,1075.833308,l_out-63,63,12482.104012,12498.34294,16.238928,64
32B,warm,6,1074.213082,1075.833308,result_norm,-1,12498.3469,12498.35658,0.00968,65
32B,warm,6,1074.213082,1075.833308,result_output,-1,12498.35665,12525.129603,26.772953,66
0.6B,warm,7,31.03953,34.677095,embd,-1,419.608699,419.613169,0.00447,0
0.6B,warm,7,31.03953,34.677095,l_out-0,0,419.617229,420.419492,0.802263,1
0.6B,warm,7,31.03953,34.677095,l_out-1,1,420.426772,421.195875,0.769103,2
0.6B,warm,7,31.03953,34.677095,l_out-2,2,421.198545,421.943668,0.745123,3
0.6B,warm,7,31.03953,34.677095,l_out-3,3,421.945918,422.711041,0.765123,4
0.6B,warm,7,31.03953,34.677095,l_out-4,4,422.713511,423.473244,0.759733,5
0.6B,warm,7,31.03953,34.677095,l_out-5,5,423.475334,424.237087,0.761753,6
0.6B,warm,7,31.03953,34.677095,l_out-6,6,424.239047,425.00085,0.761803,7
0.6B,warm,7,31.03953,34.677095,l_out-7,7,425.00298,425.764343,0.761363,8
0.6B,warm,7,31.03953,34.677095,l_out-8,8,425.766963,426.570457,0.803494,9
0.6B,warm,7,31.03953,34.677095,l_out-9,9,426.572397,427.34798,0.775583,10
0.6B,warm,7,31.03953,34.677095,l_out-10,10,427.34991,428.126123,0.776213,11
0.6B,warm,7,31.03953,34.677095,l_out-11,11,428.127873,428.931667,0.803794,12
0.6B,warm,7,31.03953,34.677095,l_out-12,12,428.934057,429.76763,0.833573,13
0.6B,warm,7,31.03953,34.677095,l_out-13,13,429.76939,430.549973,0.780583,14
0.6B,warm,7,31.03953,34.677095,l_out-14,14,430.552883,431.356807,0.803924,15
0.6B,warm,7,31.03953,34.677095,l_out-15,15,431.359307,432.251171,0.891864,16
0.6B,warm,7,31.03953,34.677095,l_out-16,16,432.254281,433.063324,0.809043,17
0.6B,warm,7,31.03953,34.677095,l_out-17,17,433.065274,433.968158,0.902884,18
0.6B,warm,7,31.03953,34.677095,l_out-18,18,433.970158,434.865232,0.895074,19
0.6B,warm,7,31.03953,34.677095,l_out-19,19,434.866852,435.771785,0.904933,20
0.6B,warm,7,31.03953,34.677095,l_out-20,20,435.774715,436.661269,0.886554,21
0.6B,warm,7,31.03953,34.677095,l_out-21,21,436.663669,437.725434,1.061765,22
0.6B,warm,7,31.03953,34.677095,l_out-22,22,437.727374,438.519917,0.792543,23
0.6B,warm,7,31.03953,34.677095,l_out-23,23,438.521577,439.28624,0.764663,24
0.6B,warm,7,31.03953,34.677095,l_out-24,24,439.28849,440.090674,0.802184,25
0.6B,warm,7,31.03953,34.677095,l_out-25,25,440.092954,440.834857,0.741903,26
0.6B,warm,7,31.03953,34.677095,l_out-26,26,440.836527,441.58229,0.745763,27
0.6B,warm,7,31.03953,34.677095,l_out-27,27,441.58414,442.337583,0.753443,28
0.6B,warm,7,31.03953,34.677095,result_norm,-1,442.338343,442.341303,0.00296,29
0.6B,warm,7,31.03953,34.677095,result_output,-1,442.341403,454.164693,11.82329,30
32B,warm,7,1112.532765,1127.412565,embd,-1,11593.557696,11593.568756,0.01106,0
32B,warm,7,1112.532765,1127.412565,l_out-0,0,11593.573786,11611.26847,17.694684,1
32B,warm,7,1112.532765,1127.412565,l_out-1,1,11611.27822,11629.828808,18.550588,2
32B,warm,7,1112.532765,1127.412565,l_out-2,2,11629.836538,11648.874878,19.03834,3
32B,warm,7,1112.532765,1127.412565,l_out-3,3,11648.879828,11667.185205,18.305377,4
32B,warm,7,1112.532765,1127.412565,l_out-4,4,11667.192185,11683.835964,16.643779,5
32B,warm,7,1112.532765,1127.412565,l_out-5,5,11683.841654,11702.845833,19.004179,6
32B,warm,7,1112.532765,1127.412565,l_out-6,6,11702.851283,11721.313111,18.461828,7
32B,warm,7,1112.532765,1127.412565,l_out-7,7,11721.319281,11738.463423,17.144142,8
32B,warm,7,1112.532765,1127.412565,l_out-8,8,11738.470443,11754.653621,16.183178,9
32B,warm,7,1112.532765,1127.412565,l_out-9,9,11754.658631,11772.458195,17.799564,10
32B,warm,7,1112.532765,1127.412565,l_out-10,10,11772.463215,11793.579464,21.116249,11
32B,warm,7,1112.532765,1127.412565,l_out-11,11,11793.587874,11813.151486,19.563612,12
32B,warm,7,1112.532765,1127.412565,l_out-12,12,11813.156876,11831.251212,18.094336,13
32B,warm,7,1112.532765,1127.412565,l_out-13,13,11831.258272,11847.787042,16.52877,14
32B,warm,7,1112.532765,1127.412565,l_out-14,14,11847.794222,11866.043548,18.249326,15
32B,warm,7,1112.532765,1127.412565,l_out-15,15,11866.049718,11885.327219,19.277501,16
32B,warm,7,1112.532765,1127.412565,l_out-16,16,11885.333969,11903.200464,17.866495,17
32B,warm,7,1112.532765,1127.412565,l_out-17,17,11903.204424,11919.270491,16.066067,18
32B,warm,7,1112.532765,1127.412565,l_out-18,18,11919.275821,11936.768154,17.492333,19
32B,warm,7,1112.532765,1127.412565,l_out-19,19,11936.773644,11953.405934,16.63229,20
32B,warm,7,1112.532765,1127.412565,l_out-20,20,11953.411514,11969.951523,16.540009,21
32B,warm,7,1112.532765,1127.412565,l_out-21,21,11969.958213,11985.692079,15.733866,22
32B,warm,7,1112.532765,1127.412565,l_out-22,22,11985.697509,12001.560686,15.863177,23
32B,warm,7,1112.532765,1127.412565,l_out-23,23,12001.565806,12017.169021,15.603215,24
32B,warm,7,1112.532765,1127.412565,l_out-24,24,12017.173541,12038.619581,21.44604,25
32B,warm,7,1112.532765,1127.412565,l_out-25,25,12038.625411,12056.439156,17.813745,26
32B,warm,7,1112.532765,1127.412565,l_out-26,26,12056.444426,12072.435213,15.990787,27
32B,warm,7,1112.532765,1127.412565,l_out-27,27,12072.440253,12087.615297,15.175044,28
32B,warm,7,1112.532765,1127.412565,l_out-28,28,12087.620997,12103.335683,15.714686,29
32B,warm,7,1112.532765,1127.412565,l_out-29,29,12103.343443,12120.330984,16.987541,30
32B,warm,7,1112.532765,1127.412565,l_out-30,30,12120.336084,12136.227101,15.891017,31
32B,warm,7,1112.532765,1127.412565,l_out-31,31,12136.231701,12151.706426,15.474725,32
32B,warm,7,1112.532765,1127.412565,l_out-32,32,12151.714376,12167.425922,15.711546,33
32B,warm,7,1112.532765,1127.412565,l_out-33,33,12167.431202,12183.017077,15.585875,34
32B,warm,7,1112.532765,1127.412565,l_out-34,34,12183.022157,12200.325609,17.303452,35
32B,warm,7,1112.532765,1127.412565,l_out-35,35,12200.330839,12219.432589,19.10175,36
32B,warm,7,1112.532765,1127.412565,l_out-36,36,12219.438169,12235.754487,16.316318,37
32B,warm,7,1112.532765,1127.412565,l_out-37,37,12235.761148,12251.199832,15.438684,38
32B,warm,7,1112.532765,1127.412565,l_out-38,38,12251.204952,12268.223724,17.018772,39
32B,warm,7,1112.532765,1127.412565,l_out-39,39,12268.229824,12289.331332,21.101508,40
32B,warm,7,1112.532765,1127.412565,l_out-40,40,12289.349492,12307.629309,18.279817,41
32B,warm,7,1112.532765,1127.412565,l_out-41,41,12307.634419,12323.136894,15.502475,42
32B,warm,7,1112.532765,1127.412565,l_out-42,42,12323.143424,12339.445083,16.301659,43
32B,warm,7,1112.532765,1127.412565,l_out-43,43,12339.450533,12356.020472,16.569939,44
32B,warm,7,1112.532765,1127.412565,l_out-44,44,12356.026612,12372.632582,16.60597,45
32B,warm,7,1112.532765,1127.412565,l_out-45,45,12372.637592,12388.370518,15.732926,46
32B,warm,7,1112.532765,1127.412565,l_out-46,46,12388.377898,12404.564786,16.186888,47
32B,warm,7,1112.532765,1127.412565,l_out-47,47,12404.572126,12420.062291,15.490165,48
32B,warm,7,1112.532765,1127.412565,l_out-48,48,12420.067831,12437.719235,17.651404,49
32B,warm,7,1112.532765,1127.412565,l_out-49,49,12437.726395,12453.852632,16.126237,50
32B,warm,7,1112.532765,1127.412565,l_out-50,50,12453.860092,12469.972739,16.112647,51
32B,warm,7,1112.532765,1127.412565,l_out-51,51,12469.981229,12485.769626,15.788397,52
32B,warm,7,1112.532765,1127.412565,l_out-52,52,12485.775336,12502.005774,16.230438,53
32B,warm,7,1112.532765,1127.412565,l_out-53,53,12502.010984,12519.756168,17.745184,54
32B,warm,7,1112.532765,1127.412565,l_out-54,54,12519.761188,12538.937469,19.176281,55
32B,warm,7,1112.532765,1127.412565,l_out-55,55,12538.941579,12554.814125,15.872546,56
32B,warm,7,1112.532765,1127.412565,l_out-56,56,12554.821305,12570.603652,15.782347,57
32B,warm,7,1112.532765,1127.412565,l_out-57,57,12570.610542,12588.523397,17.912855,58
32B,warm,7,1112.532765,1127.412565,l_out-58,58,12588.528607,12609.725326,21.196719,59
32B,warm,7,1112.532765,1127.412565,l_out-59,59,12609.730946,12628.546235,18.815289,60
32B,warm,7,1112.532765,1127.412565,l_out-60,60,12628.551935,12646.168039,17.616104,61
32B,warm,7,1112.532765,1127.412565,l_out-61,61,12646.173769,12662.716988,16.543219,62
32B,warm,7,1112.532765,1127.412565,l_out-62,62,12662.722598,12679.595939,16.873341,63
32B,warm,7,1112.532765,1127.412565,l_out-63,63,12679.600609,12695.540125,15.939516,64
32B,warm,7,1112.532765,1127.412565,result_norm,-1,12695.544195,12695.554755,0.01056,65
32B,warm,7,1112.532765,1127.412565,result_output,-1,12695.554855,12720.812331,25.257476,66
0.6B,warm,8,32.294125,37.419927,embd,-1,446.06455,446.0711,0.00655,0
0.6B,warm,8,32.294125,37.419927,l_out-0,0,446.07487,446.858473,0.783603,1
0.6B,warm,8,32.294125,37.419927,l_out-1,1,446.866233,447.647226,0.780993,2
0.6B,warm,8,32.294125,37.419927,l_out-2,2,447.650226,448.43045,0.780224,3
0.6B,warm,8,32.294125,37.419927,l_out-3,3,448.43261,449.223123,0.790513,4
0.6B,warm,8,32.294125,37.419927,l_out-4,4,449.225403,450.021196,0.795793,5
0.6B,warm,8,32.294125,37.419927,l_out-5,5,450.023426,450.82139,0.797964,6
0.6B,warm,8,32.294125,37.419927,l_out-6,6,450.82364,451.607673,0.784033,7
0.6B,warm,8,32.294125,37.419927,l_out-7,7,451.610313,452.459877,0.849564,8
0.6B,warm,8,32.294125,37.419927,l_out-8,8,452.462637,453.32865,0.866013,9
0.6B,warm,8,32.294125,37.419927,l_out-9,9,453.33076,454.583785,1.253025,10
0.6B,warm,8,32.294125,37.419927,l_out-10,10,454.587595,455.62058,1.032985,11
0.6B,warm,8,32.294125,37.419927,l_out-11,11,455.62342,456.718584,1.095164,12
0.6B,warm,8,32.294125,37.419927,l_out-12,12,456.721574,458.11123,1.389656,13
0.6B,warm,8,32.294125,37.419927,l_out-13,13,458.11541,459.148035,1.032625,14
0.6B,warm,8,32.294125,37.419927,l_out-14,14,459.150775,460.081119,0.930344,15
0.6B,warm,8,32.294125,37.419927,l_out-15,15,460.083419,460.988872,0.905453,16
0.6B,warm,8,32.294125,37.419927,l_out-16,16,460.992662,462.195907,1.203245,17
0.6B,warm,8,32.294125,37.419927,l_out-17,17,462.199707,463.383532,1.183825,18
0.6B,warm,8,32.294125,37.419927,l_out-18,18,463.386152,464.327656,0.941504,19
0.6B,warm,8,32.294125,37.419927,l_out-19,19,464.329696,465.423271,1.093575,20
0.6B,warm,8,32.294125,37.419927,l_out-20,20,465.425921,466.297395,0.871474,21
0.6B,warm,8,32.294125,37.419927,l_out-21,21,466.299785,467.376509,1.076724,22
0.6B,warm,8,32.294125,37.419927,l_out-22,22,467.379399,468.238803,0.859404,23
0.6B,warm,8,32.294125,37.419927,l_out-23,23,468.241213,469.127347,0.886134,24
0.6B,warm,8,32.294125,37.419927,l_out-24,24,469.132007,470.269381,1.137374,25
0.6B,warm,8,32.294125,37.419927,l_out-25,25,470.272231,471.333106,1.060875,26
0.6B,warm,8,32.294125,37.419927,l_out-26,26,471.335516,472.40134,1.065824,27
0.6B,warm,8,32.294125,37.419927,l_out-27,27,472.40361,473.224954,0.821344,28
0.6B,warm,8,32.294125,37.419927,result_norm,-1,473.225524,473.228944,0.00342,29
0.6B,warm,8,32.294125,37.419927,result_output,-1,473.229034,483.346616,10.117582,30
32B,warm,8,1077.81422,1098.792589,embd,-1,11364.237199,11364.247279,0.01008,0
32B,warm,8,1077.81422,1098.792589,l_out-0,0,11364.251449,11381.1563,16.904851,1
32B,warm,8,1077.81422,1098.792589,l_out-1,1,11381.16541,11399.192056,18.026646,2
32B,warm,8,1077.81422,1098.792589,l_out-2,2,11399.197086,11415.531574,16.334488,3
32B,warm,8,1077.81422,1098.792589,l_out-3,3,11415.536984,11438.18702,22.650036,4
32B,warm,8,1077.81422,1098.792589,l_out-4,4,11438.19393,11456.400866,18.206936,5
32B,warm,8,1077.81422,1098.792589,l_out-5,5,11456.421606,11477.427694,21.006088,6
32B,warm,8,1077.81422,1098.792589,l_out-6,6,11477.433564,11493.912873,16.479309,7
32B,warm,8,1077.81422,1098.792589,l_out-7,7,11493.917263,11509.928441,16.011178,8
32B,warm,8,1077.81422,1098.792589,l_out-8,8,11509.934361,11525.887968,15.953607,9
32B,warm,8,1077.81422,1098.792589,l_out-9,9,11525.891788,11542.085575,16.193787,10
32B,warm,8,1077.81422,1098.792589,l_out-10,10,11542.089405,11559.463798,17.374393,11
32B,warm,8,1077.81422,1098.792589,l_out-11,11,11559.468308,11575.820857,16.352549,12
32B,warm,8,1077.81422,1098.792589,l_out-12,12,11575.825297,11591.747474,15.922177,13
32B,warm,8,1077.81422,1098.792589,l_out-13,13,11591.752394,11606.972898,15.220504,14
32B,warm,8,1077.81422,1098.792589,l_out-14,14,11606.975828,11623.073175,16.097347,15
32B,warm,8,1077.81422,1098.792589,l_out-15,15,11623.077535,11639.537034,16.459499,16
32B,warm,8,1077.81422,1098.792589,l_out-16,16,11639.542684,11655.296381,15.753697,17
32B,warm,8,1077.81422,1098.792589,l_out-17,17,11655.301321,11671.80418,16.502859,18
32B,warm,8,1077.81422,1098.792589,l_out-18,18,11671.80953,11691.997735,20.188205,19
32B,warm,8,1077.81422,1098.792589,l_out-19,19,11692.003535,11709.172507,17.168972,20
32B,warm,8,1077.81422,1098.792589,l_out-20,20,11709.177847,11726.960131,17.782284,21
32B,warm,8,1077.81422,1098.792589,l_out-21,21,11726.967691,11742.628706,15.661015,22
32B,warm,8,1077.81422,1098.792589,l_out-22,22,11742.633836,11758.288652,15.654816,23
32B,warm,8,1077.81422,1098.792589,l_out-23,23,11758.293672,11773.253344,14.959672,24
32B,warm,8,1077.81422,1098.792589,l_out-24,24,11773.257265,11791.057039,17.799774,25
32B,warm,8,1077.81422,1098.792589,l_out-25,25,11791.061919,11810.942353,19.880434,26
32B,warm,8,1077.81422,1098.792589,l_out-26,26,11810.947023,11829.37476,18.427737,27
32B,warm,8,1077.81422,1098.792589,l_out-27,27,11829.38014,11844.428713,15.048573,28
32B,warm,8,1077.81422,1098.792589,l_out-28,28,11844.433153,11860.565381,16.132228,29
32B,warm,8,1077.81422,1098.792589,l_out-29,29,11860.570141,11876.726789,16.156648,30
32B,warm,8,1077.81422,1098.792589,l_out-30,30,11876.732059,11892.496405,15.764346,31
32B,warm,8,1077.81422,1098.792589,l_out-31,31,11892.501655,11907.836409,15.334754,32
32B,warm,8,1077.81422,1098.792589,l_out-32,32,11907.843839,11924.835591,16.991752,33
32B,warm,8,1077.81422,1098.792589,l_out-33,33,11924.841461,11943.356008,18.514547,34
32B,warm,8,1077.81422,1098.792589,l_out-34,34,11943.359818,11961.689355,18.329537,35
32B,warm,8,1077.81422,1098.792589,l_out-35,35,11961.695045,11977.23285,15.537805,36
32B,warm,8,1077.81422,1098.792589,l_out-36,36,11977.23798,11993.096027,15.858047,37
32B,warm,8,1077.81422,1098.792589,l_out-37,37,11993.100857,12008.516552,15.415695,38
32B,warm,8,1077.81422,1098.792589,l_out-38,38,12008.521172,12025.086861,16.565689,39
32B,warm,8,1077.81422,1098.792589,l_out-39,39,12025.092281,12041.121669,16.029388,40
32B,warm,8,1077.81422,1098.792589,l_out-40,40,12041.125519,12056.760484,15.634965,41
32B,warm,8,1077.81422,1098.792589,l_out-41,41,12056.765324,12072.253839,15.488515,42
32B,warm,8,1077.81422,1098.792589,l_out-42,42,12072.257229,12088.031455,15.774226,43
32B,warm,8,1077.81422,1098.792589,l_out-43,43,12088.035755,12104.626405,16.59065,44
32B,warm,8,1077.81422,1098.792589,l_out-44,44,12104.631135,12120.44019,15.809055,45
32B,warm,8,1077.81422,1098.792589,l_out-45,45,12120.44414,12137.576962,17.132822,46
32B,warm,8,1077.81422,1098.792589,l_out-46,46,12137.582442,12153.062807,15.480365,47
32B,warm,8,1077.81422,1098.792589,l_out-47,47,12153.068447,12169.564356,16.495909,48
32B,warm,8,1077.81422,1098.792589,l_out-48,48,12169.569356,12189.859102,20.289746,49
32B,warm,8,1077.81422,1098.792589,l_out-49,49,12189.864982,12207.541166,17.676184,50
32B,warm,8,1077.81422,1098.792589,l_out-50,50,12207.546526,12222.855,15.308474,51
32B,warm,8,1077.81422,1098.792589,l_out-51,51,12222.85997,12238.642476,15.782506,52
32B,warm,8,1077.81422,1098.792589,l_out-52,52,12238.647506,12254.377012,15.729506,53
32B,warm,8,1077.81422,1098.792589,l_out-53,53,12254.382052,12271.767555,17.385503,54
32B,warm,8,1077.81422,1098.792589,l_out-54,54,12271.772685,12289.52795,17.755265,55
32B,warm,8,1077.81422,1098.792589,l_out-55,55,12289.53294,12304.888884,15.355944,56
32B,warm,8,1077.81422,1098.792589,l_out-56,56,12304.893034,12320.048898,15.155864,57
32B,warm,8,1077.81422,1098.792589,l_out-57,57,12320.053158,12335.951515,15.898357,58
32B,warm,8,1077.81422,1098.792589,l_out-58,58,12335.956845,12353.063076,17.106231,59
32B,warm,8,1077.81422,1098.792589,l_out-59,59,12353.068486,12369.143794,16.075308,60
32B,warm,8,1077.81422,1098.792589,l_out-60,60,12369.150414,12384.364638,15.214224,61
32B,warm,8,1077.81422,1098.792589,l_out-61,61,12384.369798,12399.732922,15.363124,62
32B,warm,8,1077.81422,1098.792589,l_out-62,62,12399.736942,12414.519604,14.782662,63
32B,warm,8,1077.81422,1098.792589,l_out-63,63,12414.523184,12435.237191,20.714007,64
32B,warm,8,1077.81422,1098.792589,result_norm,-1,12435.248491,12435.266351,0.01786,65
32B,warm,8,1077.81422,1098.792589,result_output,-1,12435.266451,12462.900747,27.634296,66
0.6B,warm,9,31.829334,30.797049,embd,-1,430.499665,430.507865,0.0082,0
0.6B,warm,9,31.829334,30.797049,l_out-0,0,430.512695,431.309099,0.796404,1
0.6B,warm,9,31.829334,30.797049,l_out-1,1,431.316249,432.087042,0.770793,2
0.6B,warm,9,31.829334,30.797049,l_out-2,2,432.090162,432.819055,0.728893,3
0.6B,warm,9,31.829334,30.797049,l_out-3,3,432.821505,433.597658,0.776153,4
0.6B,warm,9,31.829334,30.797049,l_out-4,4,433.599608,434.385941,0.786333,5
0.6B,warm,9,31.829334,30.797049,l_out-5,5,434.387881,435.153895,0.766014,6
0.6B,warm,9,31.829334,30.797049,l_out-6,6,435.155625,435.922618,0.766993,7
0.6B,warm,9,31.829334,30.797049,l_out-7,7,435.924448,436.680541,0.756093,8
0.6B,warm,9,31.829334,30.797049,l_out-8,8,436.682671,437.481194,0.798523,9
0.6B,warm,9,31.829334,30.797049,l_out-9,9,437.483764,438.303668,0.819904,10
0.6B,warm,9,31.829334,30.797049,l_out-10,10,438.305668,439.165831,0.860163,11
0.6B,warm,9,31.829334,30.797049,l_out-11,11,439.168851,440.079315,0.910464,12
0.6B,warm,9,31.829334,30.797049,l_out-12,12,440.081875,440.929159,0.847284,13
0.6B,warm,9,31.829334,30.797049,l_out-13,13,440.931479,441.770452,0.838973,14
0.6B,warm,9,31.829334,30.797049,l_out-14,14,441.772932,442.590206,0.817274,15
0.6B,warm,9,31.829334,30.797049,l_out-15,15,442.592266,443.386779,0.794513,16
0.6B,warm,9,31.829334,30.797049,l_out-16,16,443.390509,444.353413,0.962904,17
0.6B,warm,9,31.829334,30.797049,l_out-17,17,444.355753,445.098286,0.742533,18
0.6B,warm,9,31.829334,30.797049,l_out-18,18,445.100766,445.86605,0.765284,19
0.6B,warm,9,31.829334,30.797049,l_out-19,19,445.86776,446.606183,0.738423,20
0.6B,warm,9,31.829334,30.797049,l_out-20,20,446.608003,447.317886,0.709883,21
0.6B,warm,9,31.829334,30.797049,l_out-21,21,447.319986,448.053289,0.733303,22
0.6B,warm,9,31.829334,30.797049,l_out-22,22,448.055069,448.780972,0.725903,23
0.6B,warm,9,31.829334,30.797049,l_out-23,23,448.782922,449.506885,0.723963,24
0.6B,warm,9,31.829334,30.797049,l_out-24,24,449.508625,450.236478,0.727853,25
0.6B,warm,9,31.829334,30.797049,l_out-25,25,450.238228,450.951991,0.713763,26
0.6B,warm,9,31.829334,30.797049,l_out-26,26,450.954241,451.659254,0.705013,27
0.6B,warm,9,31.829334,30.797049,l_out-27,27,451.661314,452.380117,0.718803,28
0.6B,warm,9,31.829334,30.797049,result_norm,-1,452.380577,452.383437,0.00286,29
0.6B,warm,9,31.829334,30.797049,result_output,-1,452.383527,461.167134,8.783607,30
32B,warm,9,1093.028706,1173.09931,embd,-1,11390.158994,11390.169614,0.01062,0
32B,warm,9,1093.028706,1173.09931,l_out-0,0,11390.173724,11407.576746,17.403022,1
32B,warm,9,1093.028706,1173.09931,l_out-1,1,11407.586056,11425.031879,17.445823,2
32B,warm,9,1093.028706,1173.09931,l_out-2,2,11425.039899,11442.070031,17.030132,3
32B,warm,9,1093.028706,1173.09931,l_out-3,3,11442.074631,11458.912291,16.83766,4
32B,warm,9,1093.028706,1173.09931,l_out-4,4,11458.917891,11475.016159,16.098268,5
32B,warm,9,1093.028706,1173.09931,l_out-5,5,11475.020479,11491.9337,16.913221,6
32B,warm,9,1093.028706,1173.09931,l_out-6,6,11491.93835,11509.274993,17.336643,7
32B,warm,9,1093.028706,1173.09931,l_out-7,7,11509.279223,11525.900842,16.621619,8
32B,warm,9,1093.028706,1173.09931,l_out-8,8,11525.906292,11541.759469,15.853177,9
32B,warm,9,1093.028706,1173.09931,l_out-9,9,11541.763839,11557.533905,15.770066,10
32B,warm,9,1093.028706,1173.09931,l_out-10,10,11557.538085,11574.568607,17.030522,11
32B,warm,9,1093.028706,1173.09931,l_out-11,11,11574.573627,11591.503248,16.929621,12
32B,warm,9,1093.028706,1173.09931,l_out-12,12,11591.506688,11611.17553,19.668842,13
32B,warm,9,1093.028706,1173.09931,l_out-13,13,11611.1818,11629.561407,18.379607,14
32B,warm,9,1093.028706,1173.09931,l_out-14,14,11629.567277,11646.84316,17.275883,15
32B,warm,9,1093.028706,1173.09931,l_out-15,15,11646.84903,11664.538814,17.689784,16
32B,warm,9,1093.028706,1173.09931,l_out-16,16,11664.545234,11680.904083,16.358849,17
32B,warm,9,1093.028706,1173.09931,l_out-17,17,11680.908393,11697.432532,16.524139,18
32B,warm,9,1093.028706,1173.09931,l_out-18,18,11697.437602,11713.800741,16.363139,19
32B,warm,9,1093.028706,1173.09931,l_out-19,19,11713.805731,11731.203264,17.397533,20
32B,warm,9,1093.028706,1173.09931,l_out-20,20,11731.208114,11748.473446,17.265332,21
32B,warm,9,1093.028706,1173.09931,l_out-21,21,11748.477596,11767.997418,19.519822,22
32B,warm,9,1093.028706,1173.09931,l_out-22,22,11768.001798,11783.682574,15.680776,23
32B,warm,9,1093.028706,1173.09931,l_out-23,23,11783.686834,11800.759806,17.072972,24
32B,warm,9,1093.028706,1173.09931,l_out-24,24,11800.764466,11818.138689,17.374223,25
32B,warm,9,1093.028706,1173.09931,l_out-25,25,11818.146089,11834.598898,16.452809,26
32B,warm,9,1093.028706,1173.09931,l_out-26,26,11834.603348,11851.87251,17.269162,27
32B,warm,9,1093.028706,1173.09931,l_out-27,27,11851.87831,11874.934647,23.056337,28
32B,warm,9,1093.028706,1173.09931,l_out-28,28,11874.946287,11904.27717,29.330883,29
32B,warm,9,1093.028706,1173.09931,l_out-29,29,11904.28589,11933.018371,28.732481,30
32B,warm,9,1093.028706,1173.09931,l_out-30,30,11933.030091,11955.492225,22.462134,31
32B,warm,9,1093.028706,1173.09931,l_out-31,31,11955.504655,11974.691106,19.186451,32
32B,warm,9,1093.028706,1173.09931,l_out-32,32,11974.702646,12003.698427,28.995781,33
32B,warm,9,1093.028706,1173.09931,l_out-33,33,12003.706847,12025.941951,22.235104,34
32B,warm,9,1093.028706,1173.09931,l_out-34,34,12025.951741,12046.236166,20.284425,35
32B,warm,9,1093.028706,1173.09931,l_out-35,35,12046.241496,12066.970943,20.729447,36
32B,warm,9,1093.028706,1173.09931,l_out-36,36,12066.976833,12082.681269,15.704436,37
32B,warm,9,1093.028706,1173.09931,l_out-37,37,12082.686359,12099.829011,17.142652,38
32B,warm,9,1093.028706,1173.09931,l_out-38,38,12099.834281,12117.455705,17.621424,39
32B,warm,9,1093.028706,1173.09931,l_out-39,39,12117.461435,12135.30162,17.840185,40
32B,warm,9,1093.028706,1173.09931,l_out-40,40,12135.30728,12151.515157,16.207877,41
32B,warm,9,1093.028706,1173.09931,l_out-41,41,12151.520147,12168.674959,17.154812,42
32B,warm,9,1093.028706,1173.09931,l_out-42,42,12168.679889,12184.332314,15.652425,43
32B,warm,9,1093.028706,1173.09931,l_out-43,43,12184.336344,12200.787473,16.451129,44
32B,warm,9,1093.028706,1173.09931,l_out-44,44,12200.793133,12217.067562,16.274429,45
32B,warm,9,1093.028706,1173.09931,l_out-45,45,12217.074282,12233.644731,16.570449,46
32B,warm,9,1093.028706,1173.09931,l_out-46,46,12233.650041,12248.866635,15.216594,47
32B,warm,9,1093.028706,1173.09931,l_out-47,47,12248.871435,12265.281744,16.410309,48
32B,warm,9,1093.028706,1173.09931,l_out-48,48,12265.286864,12280.765269,15.478405,49
32B,warm,9,1093.028706,1173.09931,l_out-49,49,12280.770259,12298.831615,18.061356,50
32B,warm,9,1093.028706,1173.09931,l_out-50,50,12298.837115,12314.206889,15.369774,51
32B,warm,9,1093.028706,1173.09931,l_out-51,51,12314.211829,12331.746423,17.534594,52
32B,warm,9,1093.028706,1173.09931,l_out-52,52,12331.752073,12347.81543,16.063357,53
32B,warm,9,1093.028706,1173.09931,l_out-53,53,12347.84399,12367.548363,19.704373,54
32B,warm,9,1093.028706,1173.09931,l_out-54,54,12367.553893,12384.944576,17.390683,55
32B,warm,9,1093.028706,1173.09931,l_out-55,55,12384.948856,12400.865023,15.916167,56
32B,warm,9,1093.028706,1173.09931,l_out-56,56,12400.870313,12416.291538,15.421225,57
32B,warm,9,1093.028706,1173.09931,l_out-57,57,12416.296898,12432.217114,15.920216,58
32B,warm,9,1093.028706,1173.09931,l_out-58,58,12432.221924,12447.86192,15.639996,59
32B,warm,9,1093.028706,1173.09931,l_out-59,59,12447.86697,12467.592773,19.725803,60
32B,warm,9,1093.028706,1173.09931,l_out-60,60,12467.597673,12485.272377,17.674704,61
32B,warm,9,1093.028706,1173.09931,l_out-61,61,12485.279787,12503.360903,18.081116,62
32B,warm,9,1093.028706,1173.09931,l_out-62,62,12503.366813,12518.667867,15.301054,63
32B,warm,9,1093.028706,1173.09931,l_out-63,63,12518.672737,12535.99939,17.326653,64
32B,warm,9,1093.028706,1173.09931,result_norm,-1,12536.0047,12536.01717,0.01247,65
32B,warm,9,1093.028706,1173.09931,result_output,-1,12536.01729,12563.120054,27.102764,66
0.6B,uncached-approx,0,33.233799,32.034775,embd,-1,1083.233405,1083.241695,0.00829,0
0.6B,uncached-approx,0,33.233799,32.034775,l_out-0,0,1083.246775,1084.310889,1.064114,1
0.6B,uncached-approx,0,33.233799,32.034775,l_out-1,1,1084.319039,1085.199333,0.880294,2
0.6B,uncached-approx,0,33.233799,32.034775,l_out-2,2,1085.203473,1086.091797,0.888324,3
0.6B,uncached-approx,0,33.233799,32.034775,l_out-3,3,1086.095827,1086.95865,0.862823,4
0.6B,uncached-approx,0,33.233799,32.034775,l_out-4,4,1086.9612,1087.730894,0.769694,5
0.6B,uncached-approx,0,33.233799,32.034775,l_out-5,5,1087.733914,1088.511047,0.777133,6
0.6B,uncached-approx,0,33.233799,32.034775,l_out-6,6,1088.512837,1089.33132,0.818483,7
0.6B,uncached-approx,0,33.233799,32.034775,l_out-7,7,1089.33346,1090.211824,0.878364,8
0.6B,uncached-approx,0,33.233799,32.034775,l_out-8,8,1090.215504,1091.373929,1.158425,9
0.6B,uncached-approx,0,33.233799,32.034775,l_out-9,9,1091.377259,1092.214192,0.836933,10
0.6B,uncached-approx,0,33.233799,32.034775,l_out-10,10,1092.217492,1093.004266,0.786774,11
0.6B,uncached-approx,0,33.233799,32.034775,l_out-11,11,1093.007266,1093.792179,0.784913,12
0.6B,uncached-approx,0,33.233799,32.034775,l_out-12,12,1093.793939,1094.591702,0.797763,13
0.6B,uncached-approx,0,33.233799,32.034775,l_out-13,13,1094.595292,1095.380916,0.785624,14
0.6B,uncached-approx,0,33.233799,32.034775,l_out-14,14,1095.383336,1096.157489,0.774153,15
0.6B,uncached-approx,0,33.233799,32.034775,l_out-15,15,1096.159569,1096.946512,0.786943,16
0.6B,uncached-approx,0,33.233799,32.034775,l_out-16,16,1096.950792,1097.720035,0.769243,17
0.6B,uncached-approx,0,33.233799,32.034775,l_out-17,17,1097.721825,1098.464049,0.742224,18
0.6B,uncached-approx,0,33.233799,32.034775,l_out-18,18,1098.465729,1099.276372,0.810643,19
0.6B,uncached-approx,0,33.233799,32.034775,l_out-19,19,1099.279422,1100.052245,0.772823,20
0.6B,uncached-approx,0,33.233799,32.034775,l_out-20,20,1100.054325,1100.815088,0.760763,21
0.6B,uncached-approx,0,33.233799,32.034775,l_out-21,21,1100.816968,1101.574862,0.757894,22
0.6B,uncached-approx,0,33.233799,32.034775,l_out-22,22,1101.576712,1102.321965,0.745253,23
0.6B,uncached-approx,0,33.233799,32.034775,l_out-23,23,1102.324885,1103.086098,0.761213,24
0.6B,uncached-approx,0,33.233799,32.034775,l_out-24,24,1103.088128,1103.810041,0.721913,25
0.6B,uncached-approx,0,33.233799,32.034775,l_out-25,25,1103.812191,1104.523144,0.710953,26
0.6B,uncached-approx,0,33.233799,32.034775,l_out-26,26,1104.524814,1105.275437,0.750623,27
0.6B,uncached-approx,0,33.233799,32.034775,l_out-27,27,1105.277797,1106.080181,0.802384,28
0.6B,uncached-approx,0,33.233799,32.034775,result_norm,-1,1106.081341,1106.085341,0.004,29
0.6B,uncached-approx,0,33.233799,32.034775,result_output,-1,1106.085451,1115.130299,9.044848,30
32B,uncached-approx,0,1081.667791,1076.923203,embd,-1,46030.482753,46030.492043,0.00929,0
32B,uncached-approx,0,1081.667791,1076.923203,l_out-0,0,46030.496313,46047.269003,16.77269,1
32B,uncached-approx,0,1081.667791,1076.923203,l_out-1,1,46047.278613,46064.469785,17.191172,2
32B,uncached-approx,0,1081.667791,1076.923203,l_out-2,2,46064.476005,46082.22317,17.747165,3
32B,uncached-approx,0,1081.667791,1076.923203,l_out-3,3,46082.22801,46099.141361,16.913351,4
32B,uncached-approx,0,1081.667791,1076.923203,l_out-4,4,46099.147231,46115.39548,16.248249,5
32B,uncached-approx,0,1081.667791,1076.923203,l_out-5,5,46115.40014,46131.850929,16.450789,6
32B,uncached-approx,0,1081.667791,1076.923203,l_out-6,6,46131.855839,46148.445889,16.59005,7
32B,uncached-approx,0,1081.667791,1076.923203,l_out-7,7,46148.450469,46165.722941,17.272472,8
32B,uncached-approx,0,1081.667791,1076.923203,l_out-8,8,46165.729001,46181.678888,15.949887,9
32B,uncached-approx,0,1081.667791,1076.923203,l_out-9,9,46181.683718,46200.903189,19.219471,10
32B,uncached-approx,0,1081.667791,1076.923203,l_out-10,10,46200.909099,46217.97283,17.063731,11
32B,uncached-approx,0,1081.667791,1076.923203,l_out-11,11,46217.97809,46234.232819,16.254729,12
32B,uncached-approx,0,1081.667791,1076.923203,l_out-12,12,46234.237449,46250.802928,16.565479,13
32B,uncached-approx,0,1081.667791,1076.923203,l_out-13,13,46250.807568,46266.397074,15.589506,14
32B,uncached-approx,0,1081.667791,1076.923203,l_out-14,14,46266.401894,46282.508491,16.106597,15
32B,uncached-approx,0,1081.667791,1076.923203,l_out-15,15,46282.513201,46298.197477,15.684276,16
32B,uncached-approx,0,1081.667791,1076.923203,l_out-16,16,46298.204347,46314.237854,16.033507,17
32B,uncached-approx,0,1081.667791,1076.923203,l_out-17,17,46314.242844,46334.827271,20.584427,18
32B,uncached-approx,0,1081.667791,1076.923203,l_out-18,18,46334.832561,46353.138048,18.305487,19
32B,uncached-approx,0,1081.667791,1076.923203,l_out-19,19,46353.145948,46369.062454,15.916506,20
32B,uncached-approx,0,1081.667791,1076.923203,l_out-20,20,46369.069234,46386.135656,17.066422,21
32B,uncached-approx,0,1081.667791,1076.923203,l_out-21,21,46386.141876,46402.610185,16.468309,22
32B,uncached-approx,0,1081.667791,1076.923203,l_out-22,22,46402.617335,46417.91562,15.298285,23
32B,uncached-approx,0,1081.667791,1076.923203,l_out-23,23,46417.92046,46434.39243,16.47197,24
32B,uncached-approx,0,1081.667791,1076.923203,l_out-24,24,46434.3985,46452.225154,17.826654,25
32B,uncached-approx,0,1081.667791,1076.923203,l_out-25,25,46452.230794,46468.960875,16.730081,26
32B,uncached-approx,0,1081.667791,1076.923203,l_out-26,26,46468.967755,46484.900772,15.933017,27
32B,uncached-approx,0,1081.667791,1076.923203,l_out-27,27,46484.906342,46500.885489,15.979147,28
32B,uncached-approx,0,1081.667791,1076.923203,l_out-28,28,46500.890939,46515.928142,15.037203,29
32B,uncached-approx,0,1081.667791,1076.923203,l_out-29,29,46515.932742,46531.342656,15.409914,30
32B,uncached-approx,0,1081.667791,1076.923203,l_out-30,30,46531.347066,46546.985942,15.638876,31
32B,uncached-approx,0,1081.667791,1076.923203,l_out-31,31,46546.990592,46563.945493,16.954901,32
32B,uncached-approx,0,1081.667791,1076.923203,l_out-32,32,46563.954113,46579.430608,15.476495,33
32B,uncached-approx,0,1081.667791,1076.923203,l_out-33,33,46579.435148,46594.715412,15.280264,34
32B,uncached-approx,0,1081.667791,1076.923203,l_out-34,34,46594.720522,46610.475438,15.754916,35
32B,uncached-approx,0,1081.667791,1076.923203,l_out-35,35,46610.479288,46626.844167,16.364879,36
32B,uncached-approx,0,1081.667791,1076.923203,l_out-36,36,46626.848127,46643.460877,16.61275,37
32B,uncached-approx,0,1081.667791,1076.923203,l_out-37,37,46643.464597,46659.212993,15.748396,38
32B,uncached-approx,0,1081.667791,1076.923203,l_out-38,38,46659.217923,46674.936989,15.719066,39
32B,uncached-approx,0,1081.667791,1076.923203,l_out-39,39,46674.940699,46692.183671,17.242972,40
32B,uncached-approx,0,1081.667791,1076.923203,l_out-40,40,46692.188601,46710.890371,18.70177,41
32B,uncached-approx,0,1081.667791,1076.923203,l_out-41,41,46710.894331,46729.382328,18.487997,42
32B,uncached-approx,0,1081.667791,1076.923203,l_out-42,42,46729.387018,46744.586082,15.199064,43
32B,uncached-approx,0,1081.667791,1076.923203,l_out-43,43,46744.589952,46759.871186,15.281234,44
32B,uncached-approx,0,1081.667791,1076.923203,l_out-44,44,46759.876106,46774.736909,14.860803,45
32B,uncached-approx,0,1081.667791,1076.923203,l_out-45,45,46774.740639,46791.517369,16.77673,46
32B,uncached-approx,0,1081.667791,1076.923203,l_out-46,46,46791.521099,46807.450336,15.929237,47
32B,uncached-approx,0,1081.667791,1076.923203,l_out-47,47,46807.455416,46823.624514,16.169098,48
32B,uncached-approx,0,1081.667791,1076.923203,l_out-48,48,46823.633174,46838.821448,15.188274,49
32B,uncached-approx,0,1081.667791,1076.923203,l_out-49,49,46838.826518,46854.134052,15.307534,50
32B,uncached-approx,0,1081.667791,1076.923203,l_out-50,50,46854.139242,46870.621041,16.481799,51
32B,uncached-approx,0,1081.667791,1076.923203,l_out-51,51,46870.627631,46886.608418,15.980787,52
32B,uncached-approx,0,1081.667791,1076.923203,l_out-52,52,46886.613448,46901.580631,14.967183,53
32B,uncached-approx,0,1081.667791,1076.923203,l_out-53,53,46901.584731,46916.240542,14.655811,54
32B,uncached-approx,0,1081.667791,1076.923203,l_out-54,54,46916.243582,46932.012149,15.768567,55
32B,uncached-approx,0,1081.667791,1076.923203,l_out-55,55,46932.017219,46951.28273,19.265511,56
32B,uncached-approx,0,1081.667791,1076.923203,l_out-56,56,46951.2924,46968.08262,16.79022,57
32B,uncached-approx,0,1081.667791,1076.923203,l_out-57,57,46968.08896,46983.181603,15.092643,58
32B,uncached-approx,0,1081.667791,1076.923203,l_out-58,58,46983.185813,46998.718229,15.532416,59
32B,uncached-approx,0,1081.667791,1076.923203,l_out-59,59,46998.723399,47013.735203,15.011804,60
32B,uncached-approx,0,1081.667791,1076.923203,l_out-60,60,47013.738963,47030.275242,16.536279,61
32B,uncached-approx,0,1081.667791,1076.923203,l_out-61,61,47030.279962,47049.598813,19.318851,62
32B,uncached-approx,0,1081.667791,1076.923203,l_out-62,62,47049.604903,47065.281329,15.676426,63
32B,uncached-approx,0,1081.667791,1076.923203,l_out-63,63,47065.286469,47080.431182,15.144713,64
32B,uncached-approx,0,1081.667791,1076.923203,result_norm,-1,47080.436952,47080.447423,0.010471,65
32B,uncached-approx,0,1081.667791,1076.923203,result_output,-1,47080.447543,47107.238005,26.790462,66
0.6B,uncached-approx,1,31.454012,31.387332,embd,-1,1011.96196,1011.9678,0.00584,0
0.6B,uncached-approx,1,31.454012,31.387332,l_out-0,0,1011.97253,1012.786444,0.813914,1
0.6B,uncached-approx,1,31.454012,31.387332,l_out-1,1,1012.793644,1013.609327,0.815683,2
0.6B,uncached-approx,1,31.454012,31.387332,l_out-2,2,1013.612417,1014.39296,0.780543,3
0.6B,uncached-approx,1,31.454012,31.387332,l_out-3,3,1014.39525,1015.145094,0.749844,4
0.6B,uncached-approx,1,31.454012,31.387332,l_out-4,4,1015.147714,1015.970627,0.822913,5
0.6B,uncached-approx,1,31.454012,31.387332,l_out-5,5,1015.972627,1016.79155,0.818923,6
0.6B,uncached-approx,1,31.454012,31.387332,l_out-6,6,1016.79381,1017.664254,0.870444,7
0.6B,uncached-approx,1,31.454012,31.387332,l_out-7,7,1017.667504,1018.677088,1.009584,8
0.6B,uncached-approx,1,31.454012,31.387332,l_out-8,8,1018.679428,1019.455082,0.775654,9
0.6B,uncached-approx,1,31.454012,31.387332,l_out-9,9,1019.456862,1020.223555,0.766693,10
0.6B,uncached-approx,1,31.454012,31.387332,l_out-10,10,1020.225425,1021.004218,0.778793,11
0.6B,uncached-approx,1,31.454012,31.387332,l_out-11,11,1021.005978,1021.787971,0.781993,12
0.6B,uncached-approx,1,31.454012,31.387332,l_out-12,12,1021.790341,1022.558665,0.768324,13
0.6B,uncached-approx,1,31.454012,31.387332,l_out-13,13,1022.560715,1023.319838,0.759123,14
0.6B,uncached-approx,1,31.454012,31.387332,l_out-14,14,1023.322318,1024.079671,0.757353,15
0.6B,uncached-approx,1,31.454012,31.387332,l_out-15,15,1024.081501,1024.840444,0.758943,16
0.6B,uncached-approx,1,31.454012,31.387332,l_out-16,16,1024.842994,1025.602097,0.759103,17
0.6B,uncached-approx,1,31.454012,31.387332,l_out-17,17,1025.604547,1026.350791,0.746244,18
0.6B,uncached-approx,1,31.454012,31.387332,l_out-18,18,1026.353161,1027.101854,0.748693,19
0.6B,uncached-approx,1,31.454012,31.387332,l_out-19,19,1027.104364,1027.838827,0.734463,20
0.6B,uncached-approx,1,31.454012,31.387332,l_out-20,20,1027.840867,1028.58885,0.747983,21
0.6B,uncached-approx,1,31.454012,31.387332,l_out-21,21,1028.59069,1029.747595,1.156905,22
0.6B,uncached-approx,1,31.454012,31.387332,l_out-22,22,1029.751515,1030.534078,0.782563,23
0.6B,uncached-approx,1,31.454012,31.387332,l_out-23,23,1030.536048,1031.296931,0.760883,24
0.6B,uncached-approx,1,31.454012,31.387332,l_out-24,24,1031.299371,1032.140795,0.841424,25
0.6B,uncached-approx,1,31.454012,31.387332,l_out-25,25,1032.142795,1033.003149,0.860354,26
0.6B,uncached-approx,1,31.454012,31.387332,l_out-26,26,1033.005699,1033.807002,0.801303,27
0.6B,uncached-approx,1,31.454012,31.387332,l_out-27,27,1033.808962,1034.685966,0.877004,28
0.6B,uncached-approx,1,31.454012,31.387332,result_norm,-1,1034.686486,1034.689456,0.00297,29
0.6B,uncached-approx,1,31.454012,31.387332,result_output,-1,1034.689546,1043.221001,8.531455,30
32B,uncached-approx,1,1071.163623,1071.253943,embd,-1,46012.619189,46012.628439,0.00925,0
32B,uncached-approx,1,1071.163623,1071.253943,l_out-0,0,46012.632439,46028.654667,16.022228,1
32B,uncached-approx,1,1071.163623,1071.253943,l_out-1,1,46028.663757,46045.812889,17.149132,2
32B,uncached-approx,1,1071.163623,1071.253943,l_out-2,2,46045.819229,46063.236832,17.417603,3
32B,uncached-approx,1,1071.163623,1071.253943,l_out-3,3,46063.241842,46082.454593,19.212751,4
32B,uncached-approx,1,1071.163623,1071.253943,l_out-4,4,46082.460853,46100.635489,18.174636,5
32B,uncached-approx,1,1071.163623,1071.253943,l_out-5,5,46100.642049,46117.287859,16.64581,6
32B,uncached-approx,1,1071.163623,1071.253943,l_out-6,6,46117.292849,46134.420331,17.127482,7
32B,uncached-approx,1,1071.163623,1071.253943,l_out-7,7,46134.425191,46153.411371,18.98618,8
32B,uncached-approx,1,1071.163623,1071.253943,l_out-8,8,46153.420601,46169.152828,15.732227,9
32B,uncached-approx,1,1071.163623,1071.253943,l_out-9,9,46169.159218,46184.955074,15.795856,10
32B,uncached-approx,1,1071.163623,1071.253943,l_out-10,10,46184.959894,46200.61365,15.653756,11
32B,uncached-approx,1,1071.163623,1071.253943,l_out-11,11,46200.61951,46217.937683,17.318173,12
32B,uncached-approx,1,1071.163623,1071.253943,l_out-12,12,46217.944633,46233.763609,15.818976,13
32B,uncached-approx,1,1071.163623,1071.253943,l_out-13,13,46233.768509,46249.685466,15.916957,14
32B,uncached-approx,1,1071.163623,1071.253943,l_out-14,14,46249.690646,46264.91924,15.228594,15
32B,uncached-approx,1,1071.163623,1071.253943,l_out-15,15,46264.92313,46280.653906,15.730776,16
32B,uncached-approx,1,1071.163623,1071.253943,l_out-16,16,46280.660676,46296.981225,16.320549,17
32B,uncached-approx,1,1071.163623,1071.253943,l_out-17,17,46296.986035,46313.194253,16.208218,18
32B,uncached-approx,1,1071.163623,1071.253943,l_out-18,18,46313.199323,46330.988048,17.788725,19
32B,uncached-approx,1,1071.163623,1071.253943,l_out-19,19,46330.993968,46348.0612,17.067232,20
32B,uncached-approx,1,1071.163623,1071.253943,l_out-20,20,46348.0662,46363.042042,14.975842,21
32B,uncached-approx,1,1071.163623,1071.253943,l_out-21,21,46363.046842,46379.884493,16.837651,22
32B,uncached-approx,1,1071.163623,1071.253943,l_out-22,22,46379.889663,46395.155267,15.265604,23
32B,uncached-approx,1,1071.163623,1071.253943,l_out-23,23,46395.160387,46410.856343,15.695956,24
32B,uncached-approx,1,1071.163623,1071.253943,l_out-24,24,46410.861543,46425.956366,15.094823,25
32B,uncached-approx,1,1071.163623,1071.253943,l_out-25,25,46425.961166,46441.337232,15.376066,26
32B,uncached-approx,1,1071.163623,1071.253943,l_out-26,26,46441.342312,46457.362399,16.020087,27
32B,uncached-approx,1,1071.163623,1071.253943,l_out-27,27,46457.366779,46476.271349,18.90457,28
32B,uncached-approx,1,1071.163623,1071.253943,l_out-28,28,46476.276519,46491.286562,15.010043,29
32B,uncached-approx,1,1071.163623,1071.253943,l_out-29,29,46491.291472,46507.313339,16.021867,30
32B,uncached-approx,1,1071.163623,1071.253943,l_out-30,30,46507.317979,46522.469202,15.151223,31
32B,uncached-approx,1,1071.163623,1071.253943,l_out-31,31,46522.473412,46538.765081,16.291669,32
32B,uncached-approx,1,1071.163623,1071.253943,l_out-32,32,46538.771621,46555.391671,16.62005,33
32B,uncached-approx,1,1071.163623,1071.253943,l_out-33,33,46555.396851,46570.918397,15.521546,34
32B,uncached-approx,1,1071.163623,1071.253943,l_out-34,34,46570.923157,46589.786876,18.863719,35
32B,uncached-approx,1,1071.163623,1071.253943,l_out-35,35,46589.791716,46605.533932,15.742216,36
32B,uncached-approx,1,1071.163623,1071.253943,l_out-36,36,46605.539492,46622.121592,16.5821,37
32B,uncached-approx,1,1071.163623,1071.253943,l_out-37,37,46622.126702,46637.614797,15.488095,38
32B,uncached-approx,1,1071.163623,1071.253943,l_out-38,38,46637.620087,46652.435129,14.815042,39
32B,uncached-approx,1,1071.163623,1071.253943,l_out-39,39,46652.440179,46667.355741,14.915562,40
32B,uncached-approx,1,1071.163623,1071.253943,l_out-40,40,46667.359911,46682.400235,15.040324,41
32B,uncached-approx,1,1071.163623,1071.253943,l_out-41,41,46682.404385,46698.526553,16.122168,42
32B,uncached-approx,1,1071.163623,1071.253943,l_out-42,42,46698.530623,46714.049908,15.519285,43
32B,uncached-approx,1,1071.163623,1071.253943,l_out-43,43,46714.055018,46728.873241,14.818223,44
32B,uncached-approx,1,1071.163623,1071.253943,l_out-44,44,46728.877151,46744.286905,15.409754,45
32B,uncached-approx,1,1071.163623,1071.253943,l_out-45,45,46744.290955,46759.154688,14.863733,46
32B,uncached-approx,1,1071.163623,1071.253943,l_out-46,46,46759.158788,46775.712307,16.553519,47
32B,uncached-approx,1,1071.163623,1071.253943,l_out-47,47,46775.717707,46795.609441,19.891734,48
32B,uncached-approx,1,1071.163623,1071.253943,l_out-48,48,46795.615051,46815.212283,19.597232,49
32B,uncached-approx,1,1071.163623,1071.253943,l_out-49,49,46815.217423,46831.320801,16.103378,50
32B,uncached-approx,1,1071.163623,1071.253943,l_out-50,50,46831.325901,46851.801987,20.476086,51
32B,uncached-approx,1,1071.163623,1071.253943,l_out-51,51,46851.807527,46868.100766,16.293239,52
32B,uncached-approx,1,1071.163623,1071.253943,l_out-52,52,46868.105216,46883.31242,15.207204,53
32B,uncached-approx,1,1071.163623,1071.253943,l_out-53,53,46883.31646,46898.052171,14.735711,54
32B,uncached-approx,1,1071.163623,1071.253943,l_out-54,54,46898.056111,46913.361786,15.305675,55
32B,uncached-approx,1,1071.163623,1071.253943,l_out-55,55,46913.366306,46929.004241,15.637935,56
32B,uncached-approx,1,1071.163623,1071.253943,l_out-56,56,46929.008231,46946.432884,17.424653,57
32B,uncached-approx,1,1071.163623,1071.253943,l_out-57,57,46946.438434,46961.619769,15.181335,58
32B,uncached-approx,1,1071.163623,1071.253943,l_out-58,58,46961.624029,46977.628916,16.004887,59
32B,uncached-approx,1,1071.163623,1071.253943,l_out-59,59,46977.634666,46992.80996,15.175294,60
32B,uncached-approx,1,1071.163623,1071.253943,l_out-60,60,46992.81446,47009.39172,16.57726,61
32B,uncached-approx,1,1071.163623,1071.253943,l_out-61,61,47009.39711,47025.691358,16.294248,62
32B,uncached-approx,1,1071.163623,1071.253943,l_out-62,62,47025.696988,47041.686165,15.989177,63
32B,uncached-approx,1,1071.163623,1071.253943,l_out-63,63,47041.691265,47056.796069,15.104804,64
32B,uncached-approx,1,1071.163623,1071.253943,result_norm,-1,47056.800389,47056.810119,0.00973,65
32B,uncached-approx,1,1071.163623,1071.253943,result_output,-1,47056.810219,47083.744312,26.934093,66
0.6B,uncached-approx,2,35.440968,32.859519,embd,-1,1014.640365,1014.649985,0.00962,0
0.6B,uncached-approx,2,35.440968,32.859519,l_out-0,0,1014.654865,1015.519728,0.864863,1
0.6B,uncached-approx,2,35.440968,32.859519,l_out-1,1,1015.527708,1016.363522,0.835814,2
0.6B,uncached-approx,2,35.440968,32.859519,l_out-2,2,1016.365692,1017.243245,0.877553,3
0.6B,uncached-approx,2,35.440968,32.859519,l_out-3,3,1017.244905,1018.211249,0.966344,4
0.6B,uncached-approx,2,35.440968,32.859519,l_out-4,4,1018.21353,1019.245084,1.031554,5
0.6B,uncached-approx,2,35.440968,32.859519,l_out-5,5,1019.248754,1020.299238,1.050484,6
0.6B,uncached-approx,2,35.440968,32.859519,l_out-6,6,1020.301538,1021.385903,1.084365,7
0.6B,uncached-approx,2,35.440968,32.859519,l_out-7,7,1021.388303,1022.252506,0.864203,8
0.6B,uncached-approx,2,35.440968,32.859519,l_out-8,8,1022.255716,1023.292191,1.036475,9
0.6B,uncached-approx,2,35.440968,32.859519,l_out-9,9,1023.294671,1024.634656,1.339985,10
0.6B,uncached-approx,2,35.440968,32.859519,l_out-10,10,1024.639136,1025.830081,1.190945,11
0.6B,uncached-approx,2,35.440968,32.859519,l_out-11,11,1025.833941,1026.851166,1.017225,12
0.6B,uncached-approx,2,35.440968,32.859519,l_out-12,12,1026.853226,1027.624419,0.771193,13
0.6B,uncached-approx,2,35.440968,32.859519,l_out-13,13,1027.626069,1028.398633,0.772564,14
0.6B,uncached-approx,2,35.440968,32.859519,l_out-14,14,1028.400273,1029.217046,0.816773,15
0.6B,uncached-approx,2,35.440968,32.859519,l_out-15,15,1029.219126,1029.95363,0.734504,16
0.6B,uncached-approx,2,35.440968,32.859519,l_out-16,16,1029.95701,1030.724483,0.767473,17
0.6B,uncached-approx,2,35.440968,32.859519,l_out-17,17,1030.727963,1031.491356,0.763393,18
0.6B,uncached-approx,2,35.440968,32.859519,l_out-18,18,1031.493686,1032.247229,0.753543,19
0.6B,uncached-approx,2,35.440968,32.859519,l_out-19,19,1032.249209,1032.992283,0.743074,20
0.6B,uncached-approx,2,35.440968,32.859519,l_out-20,20,1032.994403,1033.801856,0.807453,21
0.6B,uncached-approx,2,35.440968,32.859519,l_out-21,21,1033.804816,1034.68834,0.883524,22
0.6B,uncached-approx,2,35.440968,32.859519,l_out-22,22,1034.69136,1035.459833,0.768473,23
0.6B,uncached-approx,2,35.440968,32.859519,l_out-23,23,1035.461653,1036.254356,0.792703,24
0.6B,uncached-approx,2,35.440968,32.859519,l_out-24,24,1036.255976,1037.09518,0.839204,25
0.6B,uncached-approx,2,35.440968,32.859519,l_out-25,25,1037.09979,1038.071584,0.971794,26
0.6B,uncached-approx,2,35.440968,32.859519,l_out-26,26,1038.074924,1038.864437,0.789513,27
0.6B,uncached-approx,2,35.440968,32.859519,l_out-27,27,1038.866327,1039.5812,0.714873,28
0.6B,uncached-approx,2,35.440968,32.859519,result_norm,-1,1039.58156,1039.58451,0.00295,29
0.6B,uncached-approx,2,35.440968,32.859519,result_output,-1,1039.58459,1047.365673,7.781083,30
32B,uncached-approx,2,1079.288157,1084.247619,embd,-1,46047.466819,46047.477069,0.01025,0
32B,uncached-approx,2,1079.288157,1084.247619,l_out-0,0,46047.482189,46068.316598,20.834409,1
32B,uncached-approx,2,1079.288157,1084.247619,l_out-1,1,46068.326378,46087.862036,19.535658,2
32B,uncached-approx,2,1079.288157,1084.247619,l_out-2,2,46087.867446,46104.356031,16.488585,3
32B,uncached-approx,2,1079.288157,1084.247619,l_out-3,3,46104.358521,46121.062136,16.703615,4
32B,uncached-approx,2,1079.288157,1084.247619,l_out-4,4,46121.065396,46138.133724,17.068328,5
32B,uncached-approx,2,1079.288157,1084.247619,l_out-5,5,46138.136644,46154.965441,16.828797,6
32B,uncached-approx,2,1079.288157,1084.247619,l_out-6,6,46154.971411,46171.724856,16.753445,7
32B,uncached-approx,2,1079.288157,1084.247619,l_out-7,7,46171.730786,46188.647733,16.916947,8
32B,uncached-approx,2,1079.288157,1084.247619,l_out-8,8,46188.654773,46205.468979,16.814206,9
32B,uncached-approx,2,1079.288157,1084.247619,l_out-9,9,46205.473979,46223.617956,18.143977,10
32B,uncached-approx,2,1079.288157,1084.247619,l_out-10,10,46223.623056,46239.959619,16.336563,11
32B,uncached-approx,2,1079.288157,1084.247619,l_out-11,11,46239.964979,46255.893067,15.928088,12
32B,uncached-approx,2,1079.288157,1084.247619,l_out-12,12,46255.897637,46271.821926,15.924289,13
32B,uncached-approx,2,1079.288157,1084.247619,l_out-13,13,46271.826206,46287.597964,15.771758,14
32B,uncached-approx,2,1079.288157,1084.247619,l_out-14,14,46287.602245,46308.247992,20.645747,15
32B,uncached-approx,2,1079.288157,1084.247619,l_out-15,15,46308.260392,46331.433429,23.173037,16
32B,uncached-approx,2,1079.288157,1084.247619,l_out-16,16,46331.440399,46350.423043,18.982644,17
32B,uncached-approx,2,1079.288157,1084.247619,l_out-17,17,46350.428363,46366.206641,15.778278,18
32B,uncached-approx,2,1079.288157,1084.247619,l_out-18,18,46366.211541,46383.43225,17.220709,19
32B,uncached-approx,2,1079.288157,1084.247619,l_out-19,19,46383.43721,46398.875905,15.438695,20
32B,uncached-approx,2,1079.288157,1084.247619,l_out-20,20,46398.880625,46414.484902,15.604277,21
32B,uncached-approx,2,1079.288157,1084.247619,l_out-21,21,46414.489222,46430.059888,15.570666,22
32B,uncached-approx,2,1079.288157,1084.247619,l_out-22,22,46430.064748,46445.811535,15.746787,23
32B,uncached-approx,2,1079.288157,1084.247619,l_out-23,23,46445.816555,46462.205268,16.388713,24
32B,uncached-approx,2,1079.288157,1084.247619,l_out-24,24,46462.210218,46478.003586,15.793368,25
32B,uncached-approx,2,1079.288157,1084.247619,l_out-25,25,46478.008556,46492.988537,14.979981,26
32B,uncached-approx,2,1079.288157,1084.247619,l_out-26,26,46492.994707,46508.889456,15.894749,27
32B,uncached-approx,2,1079.288157,1084.247619,l_out-27,27,46508.894496,46524.343051,15.448555,28
32B,uncached-approx,2,1079.288157,1084.247619,l_out-28,28,46524.348191,46540.442461,16.09427,29
32B,uncached-approx,2,1079.288157,1084.247619,l_out-29,29,46540.448481,46558.217555,17.769074,30
32B,uncached-approx,2,1079.288157,1084.247619,l_out-30,30,46558.222955,46575.721977,17.499022,31
32B,uncached-approx,2,1079.288157,1084.247619,l_out-31,31,46575.726257,46590.692388,14.966131,32
32B,uncached-approx,2,1079.288157,1084.247619,l_out-32,32,46590.698978,46605.948522,15.249544,33
32B,uncached-approx,2,1079.288157,1084.247619,l_out-33,33,46605.953342,46623.000059,17.046717,34
32B,uncached-approx,2,1079.288157,1084.247619,l_out-34,34,46623.00497,46638.584156,15.579186,35
32B,uncached-approx,2,1079.288157,1084.247619,l_out-35,35,46638.589246,46653.633947,15.044701,36
32B,uncached-approx,2,1079.288157,1084.247619,l_out-36,36,46653.638668,46668.65557,15.016902,37
32B,uncached-approx,2,1079.288157,1084.247619,l_out-37,37,46668.65918,46684.043304,15.384124,38
32B,uncached-approx,2,1079.288157,1084.247619,l_out-38,38,46684.048204,46700.605638,16.557434,39
32B,uncached-approx,2,1079.288157,1084.247619,l_out-39,39,46700.610608,46716.390676,15.780068,40
32B,uncached-approx,2,1079.288157,1084.247619,l_out-40,40,46716.395146,46731.655109,15.259963,41
32B,uncached-approx,2,1079.288157,1084.247619,l_out-41,41,46731.659719,46747.327806,15.668087,42
32B,uncached-approx,2,1079.288157,1084.247619,l_out-42,42,46747.332646,46762.357728,15.025082,43
32B,uncached-approx,2,1079.288157,1084.247619,l_out-43,43,46762.362058,46778.208726,15.846668,44
32B,uncached-approx,2,1079.288157,1084.247619,l_out-44,44,46778.212426,46795.93977,17.727344,45
32B,uncached-approx,2,1079.288157,1084.247619,l_out-45,45,46795.94446,46814.597381,18.652921,46
32B,uncached-approx,2,1079.288157,1084.247619,l_out-46,46,46814.602321,46831.584949,16.982628,47
32B,uncached-approx,2,1079.288157,1084.247619,l_out-47,47,46831.589979,46848.405135,16.815156,48
32B,uncached-approx,2,1079.288157,1084.247619,l_out-48,48,46848.409505,46864.397484,15.987979,49
32B,uncached-approx,2,1079.288157,1084.247619,l_out-49,49,46864.402294,46879.950881,15.548587,50
32B,uncached-approx,2,1079.288157,1084.247619,l_out-50,50,46879.954671,46895.214604,15.259933,51
32B,uncached-approx,2,1079.288157,1084.247619,l_out-51,51,46895.218694,46910.676359,15.457665,52
32B,uncached-approx,2,1079.288157,1084.247619,l_out-52,52,46910.681389,46925.388408,14.707019,53
32B,uncached-approx,2,1079.288157,1084.247619,l_out-53,53,46925.394798,46942.088913,16.694115,54
32B,uncached-approx,2,1079.288157,1084.247619,l_out-54,54,46942.094333,46957.154625,15.060292,55
32B,uncached-approx,2,1079.288157,1084.247619,l_out-55,55,46957.160496,46972.656151,15.495655,56
32B,uncached-approx,2,1079.288157,1084.247619,l_out-56,56,46972.661291,46988.58005,15.918759,57
32B,uncached-approx,2,1079.288157,1084.247619,l_out-57,57,46988.58527,47003.757343,15.172073,58
32B,uncached-approx,2,1079.288157,1084.247619,l_out-58,58,47003.762553,47019.965854,16.203301,59
32B,uncached-approx,2,1079.288157,1084.247619,l_out-59,59,47019.971234,47039.26201,19.290776,60
32B,uncached-approx,2,1079.288157,1084.247619,l_out-60,60,47039.26716,47056.048366,16.781206,61
32B,uncached-approx,2,1079.288157,1084.247619,l_out-61,61,47056.053476,47073.81189,17.758414,62
32B,uncached-approx,2,1079.288157,1084.247619,l_out-62,62,47073.81875,47089.251875,15.433125,63
32B,uncached-approx,2,1079.288157,1084.247619,l_out-63,63,47089.256515,47106.263083,17.006568,64
32B,uncached-approx,2,1079.288157,1084.247619,result_norm,-1,47106.268643,47106.280253,0.01161,65
32B,uncached-approx,2,1079.288157,1084.247619,result_output,-1,47106.280363,47131.585967,25.305604,66
