elapsed_us,pid,rss_bytes,vsize_bytes,process_utime_ticks,process_stime_ticks,minor_faults,major_faults,read_bytes,syscr,system_user_ticks,system_ticks,system_idle_ticks,system_iowait_ticks,available_bytes,thread_count,thread_delta_ticks,process_cpu_pct,disk_reads_completed,disk_sectors_read,disk_io_ticks
5578,26257,1835008,11116544,0,0,81,0,0,15,2009848,331806,7385429,21969,7815852032,1,26257:0,0.0,802574,310323008,2349064
110222,26257,8126464,5005643776,3,1,342,34,4521984,17,2009850,331808,7385501,21976,7814991872,1,26257:4,38.22469129094272,802609,310331840,2349144
216035,26257,11141120,5005643776,3,2,345,77,10158080,17,2009851,331811,7385574,21985,7815233536,1,26257:1,9.450641576649778,802652,310342848,2349244
321669,26257,13762560,5005643776,3,3,347,121,15925248,17,2009852,331812,7385646,21994,7815139328,1,26257:1,9.466644514718503,802695,310353856,2349336
427213,26257,16646144,5005643776,3,5,350,164,21561344,17,2009853,331815,7385718,22003,7814856704,1,26257:2,18.949441090972382,802739,310365120,2349436
533023,26257,19398656,5005643776,3,6,352,208,27213824,17,2009853,331818,7385790,22012,7815081984,1,26257:1,9.450920693099903,802783,310376160,2349528
638832,26257,22806528,5005643776,3,7,362,252,32849920,17,2009853,331821,7385862,22021,7814795264,1,26257:1,9.451017516865553,802827,310387168,2349620
744691,26257,26869760,5005643776,3,9,402,298,38506496,17,2009855,331823,7385935,22029,7814545408,1,26257:3,18.8930624608518,802872,310398216,2349708
850161,26257,33030144,5008777216,11,11,1433,318,39845888,17,2009864,331824,7386008,22029,7810465792,1,26257:9,94.81296923471798,802887,310400832,2349732
955235,26257,36061184,5011726336,21,11,2284,318,39845888,17,2009874,331825,7386081,22029,7807369216,1,26257:11,95.17123065061814,802887,310400832,2349732
1060264,26257,39206912,5014970368,31,12,3066,318,39845888,17,2009884,331826,7386154,22029,7804272640,1,26257:10,104.73345616282647,802887,310400832,2349732
1165329,26257,41652224,5017292800,41,12,3806,318,39845888,17,2009895,331826,7386227,22029,7801958400,1,26257:10,95.17926991694038,802887,310400832,2349732
1270434,26257,48992256,5024817152,50,14,5624,318,39845888,17,2009905,331828,7386300,22029,7794475008,1,26257:12,104.65722859533473,802887,310400832,2349732
1375426,26257,52400128,5028044800,60,14,6432,318,39845888,17,2009915,331829,7386373,22029,7791120384,1,26257:10,95.24514337870527,802887,310400832,2349732
1480637,26257,55676928,5030916096,71,15,7120,318,39845888,17,2009925,331829,7386446,22029,7788539904,1,26257:11,114.05658763619175,802887,310400832,2349732
1585843,26257,55676928,5030916096,81,15,7120,318,39845888,17,2009937,331829,7386519,22029,7788539904,1,26257:10,95.05107003694569,802887,310400832,2349732
1690978,26257,55676928,5030916096,91,15,7120,318,39845888,17,2009947,331830,7386592,22029,7788539904,1,26257:11,95.11586229639083,802887,310400832,2349732
1796576,26257,55676928,5030916096,102,15,7120,318,39845888,17,2009958,331830,7386665,22029,7788539904,1,26257:10,104.16895917292726,802887,310400832,2349732
1901804,26257,55676928,5030916096,113,15,7120,318,39845888,17,2009969,331830,7386738,22029,7788539904,1,26257:11,104.53464942076829,802887,310400832,2349732
2007035,26257,58953728,5034196992,122,15,7930,318,39845888,17,2009979,331831,7386811,22029,7785205760,1,26257:10,85.52618268622592,802887,310400832,2349732
2112325,26257,58953728,5034196992,133,15,7939,318,39845888,17,2009990,331831,7386884,22029,7785205760,1,26257:10,104.47326106132732,802887,310400832,2349732
2217489,26257,61706240,10029912064,140,18,8306,328,41193472,17,2009999,331834,7386958,22029,7783469056,1,26257:10,95.08978415455786,802897,310403208,2349736
2323128,26257,76124160,10029912064,141,21,10146,383,48402432,17,2010000,331837,7387037,22029,7775989760,1,26257:4,37.86492021033017,802952,310417288,2349828
2428799,26257,90542080,10029912064,141,25,12046,438,55611392,17,2010000,331842,7387117,22029,7768768512,1,26257:4,37.85333437909479,803007,310431368,2349912
2534483,26257,104960000,10029912064,143,28,13885,493,62820352,17,2010002,331844,7387197,22029,7761743872,1,26257:5,47.31054949367587,803063,310445448,2349996
2640277,26257,119377920,10029912064,143,32,15752,547,70029312,17,2010002,331848,7387276,22029,7754522624,1,26257:4,37.80935543726226,803118,310459528,2350080
2745938,26257,133533696,10029912064,144,34,17622,602,77238272,17,2010004,331850,7387355,22029,7747301376,1,26257:3,28.39285562688146,803172,310473352,2350164
2851571,26257,148213760,10029912064,144,38,19526,658,84447232,17,2010005,331854,7387435,22029,7740018688,1,26257:4,37.866951229231766,803229,310487688,2350248
2957335,26257,162631680,10029912064,145,42,21375,713,91656192,17,2010006,331858,7387514,22029,7732797440,1,26257:5,47.27498835806137,803284,310501768,2350328
3062950,26257,177049600,10029912064,146,45,23266,768,98865152,17,2010007,331862,7387594,22029,7725576192,1,26257:4,37.87325537085842,803339,310515848,2350416
3168861,26257,191467520,10029912064,146,49,25136,823,106074112,17,2010008,331865,7387673,22029,7718293504,1,26257:4,37.767543507856054,803394,310529928,2350488
3274459,26257,206278656,10029912064,147,52,27034,878,113283072,17,2010008,331868,7387753,22029,7710818304,1,26257:4,37.87947229198043,803450,310544008,2350568
3380083,26257,220696576,10029912064,147,56,28933,934,120492032,17,2010009,331872,7387832,22029,7703535616,1,26257:4,37.87023766849913,803505,310558088,2350660
3485833,26257,235114496,10029912064,147,60,30774,988,127700992,17,2010010,331876,7387912,22029,7696314368,1,26257:4,37.8250866433255,803561,310572168,2350732
3591551,26257,249794560,10029912064,148,64,32678,1044,135041024,17,2010010,331880,7387991,22029,7688949760,1,26257:5,47.295669559307655,803617,310586504,2350820
3697263,26257,263950336,10029912064,149,66,34548,1099,142118912,17,2010012,331882,7388071,22029,7681552384,1,26257:3,28.379157884815086,803671,310600328,2350904
3802994,26257,278368256,10029912064,150,70,36418,1154,149327872,17,2010014,331886,7388150,22029,7674331136,1,26257:5,47.289612415755336,803726,310614408,2350992
3908763,26257,292786176,10029912064,151,73,38288,1209,156536832,17,2010014,331889,7388230,22029,7667109888,1,26257:4,37.81812810268787,803781,310628488,2351072
4014339,26257,307466240,10029912064,151,76,40158,1264,163876864,17,2010015,331893,7388309,22029,7660003328,1,26257:3,28.415568905358214,803837,310642824,2351148
4120021,26257,321884160,10029912064,152,80,42059,1320,171085824,17,2010016,331896,7388389,22029,7652978688,1,26257:5,47.31194846510057,803892,310656904,2351232
4225737,26257,336302080,10029912064,152,83,43932,1375,178294784,17,2010017,331900,7388469,22029,7645499392,1,26257:3,28.37794987133532,803947,310670984,2351308
4331358,26257,350720000,10029912064,152,87,45802,1430,185503744,17,2010018,331904,7388549,22029,7638020096,1,26257:4,37.87105909853568,804002,310685064,2351388
4437090,26257,365400064,10029912064,153,90,47706,1486,192843776,17,2010019,331907,7388628,22029,7630913536,1,26257:4,37.831570782518995,804058,310699400,2351460
4542756,26257,379031552,10029912064,154,92,49474,1538,199790592,17,2010020,331916,7388699,22029,7624192000,1,26257:3,28.391478513499408,804111,310712968,2351552
4649886,26257,393711616,10029912064,155,96,51378,1594,206999552,17,2010021,331921,7388779,22029,7617097728,1,26257:5,46.67204079659093,804166,310727048,2351628
4755652,26257,408129536,10029912064,155,99,53248,1649,214208512,17,2010022,331924,7388858,22029,7609626624,1,26257:3,28.364568206745478,804221,310741128,2351708
4861488,26257,422809600,10029912064,155,103,55152,1705,221548544,17,2010023,331928,7388938,22029,7601897472,1,26257:4,37.79441078300996,804277,310755464,2351788
4967196,26257,437227520,10029912064,156,106,57022,1760,228757504,17,2010024,331931,7389018,22029,7594659840,1,26257:4,37.84002586063047,804332,310769544,2351872
5072921,26257,451645440,10029912064,157,109,58892,1815,236097536,17,2010025,331934,7389097,22029,7587213312,1,26257:4,37.83391134249028,804388,310783880,2351948
5178556,26257,466325504,10029912064,157,112,60762,1870,243306496,17,2010026,331938,7389177,22029,7580000256,1,26257:4,28.399642111496725,804443,310797960,2352028
5284342,26257,480743424,10029912064,159,115,62666,1926,250515456,17,2010027,331940,7389257,22029,7572987904,1,26257:4,47.265175500795806,804498,310812040,2352128
5389972,26257,495292416,10029912064,159,119,64617,1986,257376256,17,2010028,331946,7389335,22030,7565484032,1,26257:4,37.868220995567455,804553,310825440,2352196
5495686,26257,510234624,10029912064,159,123,66550,2043,264478720,17,2010029,331949,7389415,22030,7558049792,1,26257:4,37.837848115415504,804612,310839568,2352280
5601501,26257,525438976,10029912064,160,125,68572,2106,271773696,17,2010030,331952,7389494,22030,7550210048,1,26257:3,28.35143359732771,804671,310853560,2352364
5707230,26257,540512256,10029912064,160,129,70510,2163,279375872,17,2010031,331955,7389574,22030,7542702080,1,26257:4,37.83253974852144,804729,310868408,2352448
5812884,26257,555323392,10029912064,161,132,72448,2220,286846976,17,2010032,331958,7389653,22030,7534997504,1,26257:4,37.859410027348694,804786,310883000,2352524
5918604,26257,570527744,10029912064,162,136,74420,2278,294318080,17,2010033,331961,7389733,22030,7527231488,1,26257:5,47.29456993449002,804843,310897592,2352604
6024341,26257,585469952,10029912064,162,139,76352,2335,301789184,17,2010034,331965,7389812,22030,7519981568,1,26257:3,28.372235750997426,804900,310912184,2352688
6130078,26257,600412160,10029912064,162,143,78295,2392,309260288,17,2010035,331969,7389892,22030,7512465408,1,26257:4,37.82982655412281,804957,310926776,2352764
6235786,26257,615616512,10029912064,163,146,80233,2449,316731392,17,2010035,331972,7389972,22030,7505018880,1,26257:4,37.840025502663586,805014,310941368,2352852
6341525,26257,630558720,10029912064,163,150,82205,2507,324202496,17,2010036,331976,7390051,22030,7497252864,1,26257:4,37.82926020644789,805071,310955960,2352932
6447239,26257,645500928,10029912064,163,154,84143,2564,331673600,17,2010037,331980,7390130,22030,7489859584,1,26257:4,37.83765412068749,805128,310970552,2353020
6553048,26257,660443136,10029912064,164,157,86086,2621,339013632,17,2010038,331983,7390209,22030,7482400768,1,26257:4,37.804174038244334,805185,310984992,2353092
6658645,26257,675516416,10029912064,164,161,88106,2684,345935872,17,2010039,331988,7390288,22031,7474311168,1,26257:4,37.8797413290952,805244,310998408,2353172
6764361,26257,690196480,10029912064,164,165,90010,2740,353275904,17,2010040,331992,7390368,22031,7466946560,1,26257:4,37.83711724527927,805300,311012744,2353252
6870010,26257,704614400,10029912064,165,168,91850,2795,360484864,17,2010041,331995,7390448,22031,7459983360,1,26257:4,37.86132111760524,805355,311026824,2353336
6975810,26257,719032320,10029912064,165,172,93716,2849,367693824,17,2010041,331999,7390527,22031,7452762112,1,26257:4,37.80727091475779,805411,311040904,2353428
7081501,26257,733188096,10029912064,166,175,95586,2904,374902784,17,2010043,332002,7390607,22031,7445479424,1,26257:4,37.84624619972832,805465,311054728,2353504
7187136,26257,747999232,10029912064,167,178,97489,2960,382111744,17,2010044,332005,7390686,22031,7437991936,1,26257:4,37.86605541765369,805521,311069064,2353588
7293031,26257,762417152,10029912064,168,181,99393,3016,389320704,17,2010045,332008,7390766,22031,7430627328,1,26257:4,37.7732499192951,805576,311083144,2353668
7398698,26257,777097216,10029912064,168,185,101263,3071,396660736,17,2010046,332013,7390846,22031,7423664128,1,26257:4,37.85496112025776,805632,311097480,2353744
7504342,26257,791515136,10029912064,169,187,103167,3127,403869696,17,2010046,332015,7390926,22031,7416123392,1,26257:3,28.397077278149606,805687,311111560,2353836
7610054,26257,806195200,10029912064,169,191,105071,3183,411209728,17,2010047,332019,7391005,22031,7408758784,1,26257:4,37.838623756279915,805743,311125896,2353904
7715634,26257,820875264,10029912064,169,195,106999,3240,418234368,17,2010047,332024,7391085,22032,7401353216,1,26257:4,37.88619900769793,805798,311139616,2353980
7821538,26257,835948544,10029912064,170,198,108953,3302,425291776,17,2010049,332025,7391164,22032,7393447936,1,26257:4,37.7699061096789,805857,311153144,2354064
7927186,26257,850366464,10029912064,171,200,110768,3357,432500736,17,2010050,332027,7391244,22032,7386165248,1,26257:3,28.39634939182545,805913,311167480,2354156
8032944,26257,864784384,10029912064,171,204,112583,3412,439709696,17,2010050,332031,7391324,22032,7378944000,1,26257:4,37.82198684759319,805968,311181560,2354240
8138623,26257,879464448,10029912064,171,207,114431,3468,446918656,17,2010050,332035,7391404,22032,7371837440,1,26257:3,28.387818325381403,806023,311195640,2354324
8244191,26257,893882368,10029912064,171,211,116246,3523,454127616,17,2010052,332038,7391484,22032,7364616192,1,26257:4,37.89049051466037,806078,311209720,2354396
8349864,26257,908562432,10029912064,172,213,118061,3578,461336576,17,2010053,332040,7391564,22032,7357210624,1,26257:4,28.389273260722657,806133,311223800,2354492
8455623,26257,922980352,10029912064,173,216,119876,3633,468545536,17,2010054,332042,7391644,22032,7349989376,1,26257:3,37.821838075898704,806188,311237880,2354580
8561418,26257,937398272,10029912064,174,219,121724,3689,475754496,17,2010056,332046,7391724,22032,7342768128,1,26257:4,37.80910205169107,806243,311251960,2354652
8667041,26257,951816192,10029912064,174,222,123539,3744,482963456,17,2010056,332049,7391804,22032,7335485440,1,26257:3,28.40286890562127,806298,311266040,2354736
8772869,26257,966234112,10029912064,175,225,125354,3799,490172416,17,2010056,332053,7391883,22032,7328264192,1,26257:4,37.7970892556057,806353,311280120,2354820
8878650,26257,981569536,10029912064,175,228,127365,3861,497123328,17,2010058,332056,7391963,22033,7320272896,1,26257:4,28.36052378068206,806411,311293696,2354896
8984355,26257,996118528,10029912064,176,232,129241,3918,504254464,17,2010058,332059,7392042,22033,7312953344,1,26257:4,47.3014673690922,806468,311307624,2354984
9090056,26257,1010798592,10029912064,176,235,131145,3974,511594496,17,2010059,332062,7392122,22033,7305527296,1,26257:3,28.382077675370088,806524,311321960,2355072
9195759,26257,1025216512,10029912064,177,238,133049,4030,518803456,17,2010060,332065,7392202,22033,7298162688,1,26257:4,37.841651458106945,806579,311336040,2355152
9301636,26257,1039896576,10029912064,178,241,134931,4086,526143488,17,2010062,332068,7392282,22033,7290941440,1,26257:4,37.7797755303303,806635,311350376,2355232
9407339,26257,1054314496,10029912064,180,242,136823,4141,533483520,17,2010064,332069,7392361,22033,7283834880,1,26257:4,28.381473531480356,806691,311364712,2355320
9513060,26257,1069256704,10029912064,180,246,138745,4198,540692480,17,2010064,332074,7392441,22033,7276347392,1,26257:3,37.83540256726449,806746,311378792,2355400
9618755,26257,1083674624,10029912064,181,250,140596,4252,547901440,17,2010066,332082,7392513,22033,7268548608,1,26257:5,47.30614808582248,806801,311392872,2355488
9725145,26257,1098092544,10029912064,181,253,142500,4308,555110400,17,2010066,332086,7392591,22033,7260925952,1,26257:3,28.198096515692804,806856,311406952,2355568
9830792,26257,1112510464,10029912064,182,256,144370,4363,562450432,17,2010068,332089,7392671,22033,7253704704,1,26257:4,37.8618289345776,806912,311421032,2355648
9936380,26257,1127452672,10029912064,183,259,146274,4419,569790464,17,2010068,332092,7392751,22033,7246340096,1,26257:4,37.8830594089809,806969,311435624,2355732
10042038,26257,1142394880,10029912064,183,262,148318,4483,576401408,17,2010069,332096,7392829,22034,7238475776,1,26257:3,28.393516151296744,807027,311448536,2355808
10147891,26257,1156812800,10029912064,183,266,150188,4538,583610368,17,2010070,332099,7392909,22034,7231254528,1,26257:4,37.78816284665184,807082,311462616,2355888
10253567,26257,1171230720,10029912064,183,269,152024,4592,590819328,17,2010071,332103,7392989,22034,7224033280,1,26257:3,28.38875826748064,807138,311476696,2355972
10359229,26257,1185517568,10029912064,183,273,153894,4647,598028288,17,2010071,332106,7393069,22034,7216750592,1,26257:4,37.8565288850852,807193,311490776,2356052
10464859,26257,1200066560,10029912064,184,276,155798,4703,605237248,17,2010073,332110,7393149,22034,7209529344,1,26257:4,37.867907310193125,807248,311504856,2356120
10570485,26257,1214484480,10029912064,184,279,157667,4758,612315136,17,2010074,332114,7393229,22034,7202443264,1,26257:3,28.402274901036535,807302,311518680,2356196
10676277,26257,1228902400,10029912064,185,282,159537,4813,619524096,17,2010075,332118,7393308,22034,7195160576,1,26257:4,37.80998087457738,807357,311532760,2356272
10781910,26257,1243058176,10029912064,185,286,161373,4867,626733056,17,2010076,332121,7393388,22034,7187939328,1,26257:4,37.86681680102192,807412,311546840,2356356
10887529,26257,1257738240,10029912064,185,289,163277,4923,633942016,17,2010076,332124,7393468,22034,7180316672,1,26257:3,28.40400051411241,807467,311560920,2356440
10993264,26257,1272156160,10029912064,186,292,165147,4978,641150976,17,2010078,332127,7393548,22034,7173177344,1,26257:4,37.83037789180611,807522,311575000,2356520
11098921,26257,1286574080,10029912064,187,295,167022,5033,648359936,17,2010079,332130,7393628,22034,7165923328,1,26257:4,37.85858910256981,807577,311589080,2356600
11204767,26257,1302040576,10029912064,188,298,169096,5098,655364096,17,2010080,332132,7393707,22035,7157981184,1,26257:4,37.790661559069804,807637,311602504,2356676
11310455,26257,1316720640,10029912064,189,301,171000,5154,662573056,17,2010082,332135,7393787,22035,7150759936,1,26257:4,37.8473204839851,807693,311616840,2356760
11416145,26257,1331400704,10029912064,190,303,172888,5210,669913088,17,2010083,332137,7393866,22035,7143395328,1,26257:3,28.384706940579342,807749,311631176,2356840
11521742,26257,1345818624,10029912064,190,307,174774,5265,677122048,17,2010083,332141,7393946,22035,7136112640,1,26257:4,37.88004014413014,807804,311645256,2356920
11627426,26257,1360367616,10029912064,191,310,176644,5320,684462080,17,2010084,332144,7394026,22035,7128748032,1,26257:4,37.84863334214986,807859,311659336,2357004
11733061,26257,1374785536,10029912064,192,313,178547,5376,691539968,17,2010086,332147,7394105,22035,7121403904,1,26257:4,37.866204895871206,807914,311673416,2357084
11838775,26257,1389727744,10029912064,192,316,180451,5432,699011072,17,2010087,332151,7394185,22035,7114153984,1,26257:3,28.378620977238246,807971,311688008,2357160
11944369,26257,1404145664,10029912064,193,319,182355,5488,706220032,17,2010088,332153,7394265,22035,7106674688,1,26257:4,37.880817157032745,808026,311702088,2357248
12050053,26257,1418825728,10029912064,195,321,184225,5543,713560064,17,2010091,332156,7394345,22035,7099310080,1,26257:4,37.848529126676226,808082,311716424,2357328
12155651,26257,1433243648,10029912064,195,325,186129,5599,720769024,17,2010091,332160,7394425,22035,7092027392,1,26257:4,37.87948699924396,808137,311730504,2357412
12261415,26257,1448185856,10029912064,196,328,188090,5657,727924736,17,2010093,332162,7394504,22036,7084232704,1,26257:4,37.82028820194219,808193,311744480,2357500
12367067,26257,1463259136,10029912064,197,331,190041,5718,734846976,17,2010093,332165,7394583,22036,7076978688,1,26257:4,37.86011201614552,808252,311758000,2357584
12472918,26257,1477414912,10029912064,197,334,191911,5773,742055936,17,2010094,332168,7394663,22036,7069696000,1,26257:3,28.341590687270724,808307,311772080,2357664
12578564,26257,1491832832,10029912064,197,338,193781,5828,749264896,17,2010095,332172,7394742,22036,7062474752,1,26257:4,37.8623962578625,808361,311785904,2357740
12684189,26257,1506250752,10029912064,198,341,195651,5883,756342784,17,2010096,332174,7394822,22036,7055138816,1,26257:4,37.86963999387686,808416,311799984,2357828
12789864,26257,1520930816,10029912064,198,344,197555,5939,763682816,17,2010096,332179,7394902,22036,7047712768,1,26257:3,28.38898231545252,808472,311814320,2357904
12895453,26257,1535348736,10029912064,198,347,199424,5994,770891776,17,2010097,332182,7394982,22036,7040741376,1,26257:3,28.412081442094973,808527,311828400,2357988
13001133,26257,1549897728,10029912064,198,351,201294,6049,778100736,17,2010098,332186,7395061,22036,7033262080,1,26257:4,37.85009600061787,808582,311842480,2358064
13106781,26257,1564053504,10029912064,199,354,203164,6104,785178624,17,2010098,332189,7395141,22036,7026040832,1,26257:4,37.8618289345776,808637,311856304,2358156
13212375,26257,1578602496,10029912064,199,358,205034,6159,792518656,17,2010099,332192,7395221,22036,7018758144,1,26257:4,37.88063778834351,808693,311870640,2358236
13317992,26257,1592889344,10029912064,199,361,206904,6214,799727616,17,2010100,332196,7395301,22036,7011536896,1,26257:3,28.404639235044126,808747,311884464,2358324
13423723,26257,1607700480,10029912064,199,365,208866,6272,806621184,17,2010100,332202,7395380,22037,7003955200,1,26257:4,37.83170496059625,808802,311898184,2358404
13529569,26257,1623035904,10029912064,200,368,210858,6335,813809664,17,2010102,332204,7395459,22037,6996484096,1,26257:4,37.790825438168554,808864,311912224,2358484
13635163,26257,1637978112,10029912064,202,370,212792,6391,821280768,17,2010103,332205,7395539,22037,6988976128,1,26257:4,37.88083186534061,808921,311926816,2358568
13740792,26257,1653051392,10029912064,202,374,214764,6449,828882944,17,2010104,332208,7395618,22037,6981324800,1,26257:4,37.868699241328066,808979,311941664,2358644
13846394,26257,1668124672,10029912064,203,377,216702,6506,836354048,17,2010106,332211,7395698,22037,6973816832,1,26257:4,37.878022427084666,809036,311956256,2358724
13952186,26257,1683066880,10029912064,204,379,218674,6564,843825152,17,2010107,332213,7395778,22037,6966112256,1,26257:3,28.357552668340784,809093,311970848,2358808
14057850,26257,1698271232,10029912064,205,382,220611,6621,851296256,17,2010108,332216,7395858,22037,6958338048,1,26257:4,37.85560311428583,809150,311985440,2358884
14163532,26257,1713213440,10029912064,206,385,222583,6679,858767360,17,2010109,332219,7395938,22037,6950830080,1,26257:4,37.84948391944805,809207,312000032,2358972
14269313,26257,1728155648,10029912064,206,388,224521,6736,866238464,17,2010110,332222,7396017,22037,6943498240,1,26257:3,28.36045675423137,809264,312014624,2359056
14374990,26257,1743097856,10029912064,207,391,226459,6793,873840640,17,2010111,332226,7396097,22037,6935990272,1,26257:4,37.85115545998517,809322,312029472,2359128
14480646,26257,1758433280,10029912064,207,395,228437,6851,881311744,17,2010112,332229,7396177,22038,6928252928,1,26257:4,37.858798003228564,809379,312044064,2359212
14586423,26257,1773637632,10029912064,208,398,230474,6915,888184832,17,2010112,332231,7396256,22038,6920392704,1,26257:4,37.815372287282365,809439,312057488,2359308
14692166,26257,1788186624,10029912064,209,401,232367,6971,895524864,17,2010114,332240,7396329,22038,6912770048,1,26257:4,37.82757557441292,809495,312071824,2359396
14799711,26257,1802866688,10029912064,211,403,234281,7027,902733824,17,2010115,332244,7396407,22038,6905548800,1,26257:4,37.19367129598316,809550,312085904,2359472
14905380,26257,1817284608,10029912064,211,406,236152,7082,909942784,17,2010116,332247,7396487,22038,6898266112,1,26257:3,28.39051582264486,809605,312099984,2359544
15011077,26257,1831964672,10029912064,211,409,238022,7137,917282816,17,2010117,332250,7396567,22038,6890643456,1,26257:3,28.38319634924732,809661,312114320,2359628
15116707,26257,1846251520,10029912064,211,413,239891,7192,924360704,17,2010118,332255,7396647,22038,6883557376,1,26257:4,37.868056803031905,809715,312128144,2359708
15222416,26257,1860669440,10029912064,212,416,241761,7247,931569664,17,2010119,332258,7396727,22038,6876274688,1,26257:4,37.83945884957431,809770,312142224,2359792
15328081,26257,1875087360,10029912064,213,418,243631,7302,938778624,17,2010120,332260,7396807,22038,6869053440,1,26257:3,28.391691050476194,809825,312156304,2359876
15433970,26257,1889505280,10029912064,214,421,245535,7358,945987584,17,2010122,332262,7396887,22038,6861688832,1,26257:4,37.775434861362264,809880,312170384,2359960
15539607,26257,1903923200,10029912064,214,424,247405,7413,953196544,17,2010122,332266,7396967,22038,6854725632,1,26257:4,28.399104697398403,809935,312184464,2360048
15645311,26257,1918734336,10029912064,215,428,249279,7469,960221184,17,2010123,332268,7397047,22039,6847430656,1,26257:4,47.30187771709672,809991,312198440,2360140
15750906,26257,1934069760,10029912064,215,431,251332,7533,967409664,17,2010124,332272,7397126,22039,6839353344,1,26257:3,28.41037744720599,810050,312211968,2360216
15856619,26257,1949274112,10029912064,215,434,253272,7591,974880768,17,2010124,332276,7397206,22039,6831845376,1,26257:4,28.378867146840246,810108,312226816,2360296
15962321,26257,1964478464,10029912064,216,438,255242,7648,982482944,17,2010125,332280,7397286,22039,6823997440,1,26257:4,47.302511823925066,810166,312241664,2360372
16068085,26257,1979420672,10029912064,216,441,257196,7706,989954048,17,2010126,332283,7397365,22039,6816489472,1,26257:3,28.36521615145664,810223,312256256,2360452
16173820,26257,1994362880,10029912064,216,444,259152,7763,997556224,17,2010127,332286,7397445,22039,6808899584,1,26257:3,28.3727946890668,810280,312270848,2360528
16279560,26257,2009436160,10029912064,217,447,261089,7820,1004896256,17,2010128,332289,7397525,22039,6801526784,1,26257:5,37.82852966803631,810338,312285440,2360612
16385296,26257,2024640512,10029912064,217,451,263092,7879,1012498432,17,2010130,332294,7397605,22039,6793875456,1,26257:3,37.83012493994586,810396,312300288,2360692
16491037,26257,2039582720,10029912064,218,454,265033,7936,1019969536,17,2010130,332296,7397685,22039,6786285568,1,26257:4,37.828126846485446,810453,312314880,2360776
16596642,26257,2054787072,10029912064,219,457,266971,7993,1027571712,17,2010132,332299,7397764,22039,6778777600,1,26257:4,37.87718563079344,810511,312329728,2360856
16702305,26257,2069729280,10029912064,219,460,268943,8051,1035042816,17,2010132,332303,7397844,22039,6771011584,1,26257:3,28.392251024068273,810568,312344320,2360936
16808049,26257,2085195776,10029912064,219,464,270995,8115,1041915904,17,2010133,332307,7397923,22040,6763180032,1,26257:4,37.82715846423666,810628,312357744,2361020
16914014,26257,2100006912,10029912064,219,467,272892,8171,1049255936,17,2010134,332311,7398003,22040,6755815424,1,26257:3,28.311145071063613,810684,312372080,2361096
17019764,26257,2114424832,10029912064,220,470,274763,8227,1056464896,17,2010135,332314,7398083,22040,6748532736,1,26257:4,37.82520611025731,810739,312386160,2361180
17125554,26257,2128842752,10029912064,221,473,276632,8281,1063673856,17,2010136,332317,7398163,22040,6741311488,1,26257:4,37.810710339322675,810794,312400240,2361260
17231168,26257,2143260672,10029912064,221,476,278502,8336,1070882816,17,2010137,332320,7398243,22040,6734090240,1,26257:3,28.40538986970438,810849,312414320,2361340
17336774,26257,2157809664,10029912064,222,479,280439,8393,1078091776,17,2010138,332324,7398323,22040,6726602752,1,26257:4,37.8766325692698,810904,312428400,2361428
17442528,26257,2172227584,10029912064,222,482,282309,8448,1085300736,17,2010138,332327,7398403,22040,6719320064,1,26257:3,28.367507259576065,810959,312442480,2361516
17548371,26257,2186645504,10029912064,223,485,284179,8503,1092509696,17,2010139,332330,7398483,22040,6712213504,1,26257:4,37.79180731438889,811014,312456560,2361596
17653991,26257,2201063424,10029912064,223,488,286049,8558,1099718656,17,2010140,332333,7398563,22040,6704992256,1,26257:3,28.40383243443093,811069,312470640,2361680
17759696,26257,2215743488,10029912064,224,491,287935,8614,1107058688,17,2010141,332336,7398643,22040,6697771008,1,26257:4,37.841248715041274,811125,312484976,2361772
17865391,26257,2230292480,10029912064,225,494,289828,8669,1114136576,17,2010143,332338,7398723,22041,6690258944,1,26257:4,37.84461984942175,811179,312498800,2361856
17971108,26257,2245496832,10029912064,225,497,291867,8733,1121005568,17,2010144,332342,7398802,22041,6682288128,1,26257:3,28.377614330286598,811239,312512216,2361948
18076896,26257,2259914752,10029912064,225,501,293737,8788,1128214528,17,2010144,332344,7398882,22041,6675005440,1,26257:4,37.81135083328986,811294,312526296,2362032
18182564,26257,2274332672,10029912064,226,504,295575,8843,1135423488,17,2010145,332348,7398962,22041,6668042240,1,26257:4,37.85440906579785,811349,312540376,2362104
18288375,26257,2289012736,10029912064,226,507,297477,8898,1142763520,17,2010146,332351,7399042,22041,6660677632,1,26257:3,28.35268410323976,811405,312554712,2362192
18393981,26257,2303430656,10029912064,227,510,299347,8953,1149972480,17,2010147,332353,7399122,22041,6653280256,1,26257:4,37.87657267317396,811460,312568792,2362268
18499727,26257,2317717504,10029912064,227,514,301250,9009,1157050368,17,2010147,332357,7399201,22041,6645792768,1,26257:4,37.826472720758325,811514,312582616,2362348
18605494,26257,2332135424,10029912064,227,517,303120,9064,1164259328,17,2010148,332360,7399281,22041,6638944256,1,26257:3,28.36416593808579,811569,312596696,2362428
18711233,26257,2346815488,10029912064,227,520,304990,9119,1171599360,17,2010149,332363,7399361,22041,6631723008,1,26257:4,28.371632026023065,811624,312610776,2362520
18816877,26257,2360971264,10029912064,228,523,306860,9174,1178677248,17,2010150,332367,7399441,22041,6624440320,1,26257:3,37.863008756729485,811679,312624856,2362596
18922569,26257,2375389184,10029912064,228,527,308730,9229,1185886208,17,2010150,332370,7399521,22041,6617104384,1,26257:4,37.84617136019746,811734,312638936,2362676
19028330,26257,2390069248,10029912064,229,530,310618,9285,1193095168,17,2010152,332373,7399601,22042,6609600512,1,26257:4,37.8208846773905,811790,312653016,2362756
19133961,26257,2405273600,10029912064,229,533,312645,9348,1199968256,17,2010153,332377,7399680,22042,6601732096,1,26257:3,28.40076243929491,811849,312666440,2362840
19239699,26257,2419953664,10029912064,229,537,314583,9405,1207308288,17,2010153,332382,7399760,22042,6594109440,1,26257:4,37.829289900819454,811905,312680776,2362920
19345435,26257,2434502656,10029912064,229,540,316453,9460,1214648320,17,2010154,332384,7399840,22042,6587002880,1,26257:3,28.37264925034921,811961,312695112,2363008
19451074,26257,2449051648,10029912064,229,544,318323,9515,1221857280,17,2010154,332389,7399920,22042,6580039680,1,26257:4,37.864860351271176,812017,312709192,2363080
19556821,26257,2463469568,10029912064,230,547,320227,9571,1229066240,17,2010154,332392,7400000,22042,6572560384,1,26257:4,37.825995898659656,812072,312723272,2363168
19662532,26257,2478018560,10029912064,230,550,322130,9627,1236275200,17,2010155,332396,7400080,22042,6565269504,1,26257:3,28.379325672599244,812127,312737352,2363240
19768281,26257,2492436480,10029912064,230,553,323966,9681,1243484160,17,2010156,332403,7400153,22042,6557532160,1,26257:4,28.369038447517607,812182,312751432,2363324
19873775,26257,2506854400,10029912064,231,556,325836,9736,1250693120,17,2010157,332410,7400230,22042,6550568960,1,26257:3,37.91675454269498,812237,312765512,2363408
19979353,26257,2521010176,10029912064,232,559,327706,9791,1257902080,17,2010158,332413,7400310,22042,6543286272,1,26257:4,37.88670749224606,812292,312779592,2363496
20085094,26257,2535952384,10029912064,232,562,329644,9848,1265242112,17,2010158,332416,7400390,22042,6535663616,1,26257:4,28.371296634361315,812348,312793928,2363576
20190714,26257,2550894592,10029912064,233,565,331570,9905,1272266752,17,2010159,332417,7400470,22043,6528004096,1,26257:3,37.87155211708794,812403,312807648,2363672
20296569,26257,2565705728,10029912064,234,568,333556,9967,1279193088,17,2010160,332419,7400549,22043,6520352768,1,26257:4,37.787716619030206,812462,312821176,2363756
20402124,26257,2580123648,10029912064,234,571,335426,10022,1286402048,17,2010161,332423,7400628,22044,6513438720,1,26257:3,28.421199524304907,812520,312835200,2363836
20508386,26257,2590085120,10029912064,234,572,336718,10060,1291382784,17,2010162,332428,7400690,22062,6510166016,1,26257:1,9.410654204400801,812600,312848704,2363912
20614626,26257,2602405888,10029912064,234,575,338316,10107,1297543168,17,2010163,332432,7400759,22072,6504312832,1,26257:3,28.23810782915376,812663,312862544,2363996
20720369,26257,2616823808,10029912064,235,578,340152,10161,1304752128,17,2010163,332435,7400839,22072,6497091584,1,26257:4,37.82721784642746,812718,312876624,2364084
20826036,26257,2631110656,10029912064,235,581,342054,10217,1311830016,17,2010164,332439,7400919,22072,6489686016,1,26257:3,28.391254694813366,812772,312890448,2364156
20931696,26257,2645528576,10029912064,235,585,343919,10272,1319038976,17,2010165,332442,7400999,22072,6482722816,1,26257:4,37.85737981729953,812827,312904528,2364232
21037325,26257,2659946496,10029912064,236,587,345794,10327,1326379008,17,2010167,332444,7401079,22072,6475358208,1,26257:3,28.401221672870015,812883,312918864,2364316
21142989,26257,2674495488,10029912064,237,590,347664,10382,1333587968,17,2010168,332448,7401159,22072,6467878912,1,26257:4,37.85564789704778,812938,312932944,2364392
21248574,26257,2689044480,10029912064,237,594,349534,10437,1340796928,17,2010168,332452,7401239,22072,6460735488,1,26257:4,37.88443502738415,812993,312947024,2364476
21354248,26257,2703462400,10029912064,237,597,351457,10494,1347874816,17,2010169,332456,7401319,22072,6453231616,1,26257:3,28.38921711292544,813048,312960848,2364552
21459851,26257,2718797824,10029912064,238,600,353483,10557,1354878976,17,2010170,332460,7401398,22073,6445424640,1,26257:4,37.8774248653931,813108,312974528,2364644
21565579,26257,2733608960,10029912064,238,603,355387,10613,1362219008,17,2010171,332462,7401478,22073,6438318080,1,26257:3,28.37477382349557,813164,312988864,2364732
21671174,26257,2748026880,10029912064,238,606,357260,10669,1369427968,17,2010172,332466,7401558,22073,6431035392,1,26257:3,28.41042237860181,813219,313002944,2364812
21776999,26257,2762444800,10029912064,238,610,359161,10724,1376636928,17,2010172,332469,7401638,22073,6423670784,1,26257:4,37.79836898525894,813274,313017024,2364900
21882637,26257,2777124864,10029912064,238,613,361031,10779,1383976960,17,2010173,332473,7401718,22073,6416449536,1,26257:3,28.398678866953674,813330,313031360,2364976
21988372,26257,2791804928,10029912064,239,616,362968,10836,1391185920,17,2010174,332476,7401798,22073,6409076736,1,26257:4,37.830721010131704,813385,313045440,2365056
22093932,26257,2806484992,10029912064,239,619,364838,10891,1398525952,17,2010175,332478,7401878,22073,6401855488,1,26257:4,28.419853313769107,813441,313059776,2365140
22199677,26257,2820902912,10029912064,240,622,366742,10947,1405865984,17,2010176,332482,7401958,22073,6394232832,1,26257:3,37.82678572004417,813497,313074112,2365220
22305332,26257,2835582976,10029912064,241,625,368620,11003,1413074944,17,2010177,332486,7402038,22073,6386950144,1,26257:4,37.85888758397717,813553,313088192,2365288
22411041,26257,2849869824,10029912064,242,627,370516,11058,1420283904,17,2010178,332487,7402117,22074,6379462656,1,26257:3,28.379884890051688,813609,313102528,2365380
22517826,26257,2864943104,10029912064,243,630,372496,11116,1427439616,17,2010180,332490,7402198,22074,6372016128,1,26257:4,37.45859572650427,813664,313116248,2365464
22624642,26257,2879754240,10029912064,244,632,374466,11178,1434497024,17,2010182,332494,7402278,22075,6364053504,1,26257:4,28.085541744729646,813724,313130032,2365520
22731237,26257,2894434304,10029912064,245,635,376336,11233,1441705984,17,2010182,332496,7402359,22075,6356840448,1,26257:3,37.52511333029837,813780,313144112,2365616
22838083,26257,2908852224,10029912064,245,638,378240,11289,1449046016,17,2010184,332500,7402439,22075,6349885440,1,26257:3,28.077798150300172,813836,313158448,2365696
22944629,26257,2923532288,10029912064,246,641,380144,11345,1456386048,17,2010184,332502,7402520,22075,6342520832,1,26257:4,37.5425763318947,813892,313172784,2365788
23051173,26257,2938212352,10029912064,247,643,382022,11401,1463595008,17,2010186,332504,7402601,22075,6335156224,1,26257:3,28.157482471779442,813948,313187120,2365864
23158167,26257,2952892416,10029912064,247,647,383951,11457,1470935040,17,2010187,332507,7402681,22075,6327668736,1,26257:4,37.38516422470825,814003,313201200,2365960
23264862,26257,2967310336,10029912064,248,649,385821,11512,1478144000,17,2010189,332511,7402762,22075,6320644096,1,26257:3,28.11763353148517,814058,313215280,2366040
23371408,26257,2981990400,10029912064,248,652,387725,11568,1485484032,17,2010189,332514,7402843,22075,6313279488,1,26257:3,28.156623583841494,814114,313229616,2366128
23478191,26257,2996408320,10029912064,249,656,389595,11623,1492692992,17,2010190,332516,7402924,22075,6306058240,1,26257:5,46.824140058045266,814169,313243696,2366208
23584950,26257,3011088384,10029912064,250,658,391499,11679,1500033024,17,2010192,332518,7403005,22075,6298693632,1,26257:3,28.1007008848714,814225,313258032,2366288
23691639,26257,3026423808,10029912064,251,660,393540,11741,1506983936,17,2010193,332520,7403085,22075,6290640896,1,26257:4,28.11920375338131,814283,313271608,2366368
23798365,26257,3041497088,10029912064,253,662,395516,11801,1514373120,17,2010196,332522,7403165,22076,6283100160,1,26257:4,37.478952054769486,814342,313286040,2366448
23905119,26257,3056963584,10029912064,253,666,397522,11860,1522106368,17,2010196,332526,7403246,22076,6275366912,1,26257:3,37.469458527262375,814401,313301144,2366536
24011810,26257,3072167936,10029912064,253,669,399494,11918,1529708544,17,2010197,332529,7403326,22076,6267715584,1,26257:3,28.118500847880583,814459,313315992,2366620
24118708,26257,3087372288,10029912064,254,672,401466,11976,1537310720,17,2010198,332532,7403407,22076,6260125696,1,26257:5,37.41888287796112,814517,313330840,2366708
24225392,26257,3102707712,10029912064,255,675,403437,12034,1544781824,17,2010200,332534,7403487,22076,6252351488,1,26257:3,37.49391180890156,814574,313345432,2366792
24332067,26257,3117912064,10029912064,256,678,405418,12093,1552384000,17,2010201,332536,7403568,22076,6244876288,1,26257:4,37.497104286121505,814633,313360536,2366876
24438956,26257,3133116416,10029912064,256,681,407400,12151,1560117248,17,2010202,332540,7403648,22076,6237224960,1,26257:3,28.06657976505129,814691,313375384,2366952
24545925,26257,3148320768,10029912064,256,684,409355,12209,1567588352,17,2010203,332543,7403729,22076,6229377024,1,26257:3,28.045272810811944,814749,313390232,2367044
24652852,26257,3163525120,10029912064,257,688,411359,12267,1575321600,17,2010204,332548,7403809,22076,6221496320,1,26257:5,46.761228032521984,814807,313405080,2367124
24759477,26257,3179122688,10029912064,257,691,413354,12326,1582608384,17,2010204,332550,7403890,22076,6213808128,1,26257:3,28.135784798010388,814864,313419312,2367200
24866191,26257,3193933824,10029912064,258,694,415331,12388,1589534720,17,2010206,332560,7403961,22077,6205526016,1,26257:4,37.48344438256657,814923,313432840,2367284
24972962,26257,3208876032,10029912064,258,697,417235,12444,1596874752,17,2010206,332565,7404041,22077,6197903360,1,26257:3,28.097564747536495,814979,313447176,2367372
25079672,26257,3223556096,10029912064,259,700,419139,12500,1604214784,17,2010207,332567,7404121,22077,6190796800,1,26257:4,37.484952017434026,815035,313461512,2367460
25186384,26257,3237974016,10029912064,260,703,421043,12556,1611554816,17,2010209,332570,7404202,22077,6183432192,1,26257:4,37.48392771175812,815091,313475848,2367536
25293125,26257,3252654080,10029912064,260,706,422947,12612,1618763776,17,2010210,332573,7404283,22077,6176067584,1,26257:3,28.1053845494883,815147,313490184,2367620
25399750,26257,3267203072,10029912064,260,709,424850,12668,1626103808,17,2010210,332578,7404363,22077,6168776704,1,26257:4,28.135938637468588,815202,313504264,2367696
25506491,26257,3281883136,10029912064,261,712,426754,12724,1633443840,17,2010211,332582,7404444,22077,6161154048,1,26257:3,37.47408023266157,815259,313518600,2367764
25613067,26257,3296825344,10029912064,261,716,428671,12781,1640783872,17,2010212,332586,7404525,22077,6153707520,1,26257:4,37.53170032967752,815315,313532936,2367844
25719729,26257,3311505408,10029912064,261,719,430562,12836,1648123904,17,2010212,332589,7404605,22077,6146424832,1,26257:3,28.126365535046727,815371,313547272,2367936
25826483,26257,3325923328,10029912064,262,722,432466,12892,1655463936,17,2010214,332592,7404686,22077,6139006976,1,26257:4,37.469253901162894,815427,313561608,2368016
25933115,26257,3341520896,10029912064,263,724,434512,12954,1662423040,17,2010214,332593,7404766,22077,6131089408,1,26257:3,28.13412459996088,815487,313575456,2368116
26039890,26257,3356069888,10029912064,264,727,436449,13012,1669545984,17,2010215,332595,7404846,22078,6123606016,1,26257:5,37.46194323135128,815544,313589368,2368204
26146800,26257,3370749952,10029912064,264,731,438319,13067,1676886016,17,2010215,332599,7404927,22078,6116499456,1,26257:3,37.41474127524011,815599,313603448,2368288
26253779,26257,3385167872,10029912064,265,734,440223,13123,1684226048,17,2010216,332602,7405007,22078,6109278208,1,26257:4,37.39037644060797,815655,313617784,2368368
26360558,26257,3399585792,10029912064,265,737,442093,13178,1691435008,17,2010217,332605,7405088,22078,6101880832,1,26257:3,28.095426753798954,815710,313631864,2368448
26467233,26257,3414265856,10029912064,266,741,443963,13233,1698643968,17,2010218,332608,7405168,22078,6094848000,1,26257:5,46.87130698042845,815765,313645944,2368540
26574026,26257,3428683776,10029912064,266,744,445866,13289,1705852928,17,2010219,332612,7405249,22078,6087618560,1,26257:3,28.09188616246313,815820,313660024,2368620
26680813,26257,3443363840,10029912064,267,747,447770,13345,1713192960,17,2010220,332615,7405329,22078,6079995904,1,26257:4,37.457499901229255,815876,313674360,2368712
26787396,26257,3458043904,10029912064,267,750,449640,13400,1720401920,17,2010221,332618,7405410,22078,6072455168,1,26257:3,28.147135435064925,815931,313688440,2368800
26894385,26257,3472461824,10029912064,268,753,451544,13456,1727741952,17,2010222,332620,7405491,22078,6065348608,1,26257:4,37.38694037346619,815987,313702776,2368888
27001031,26257,3487141888,10029912064,269,755,453414,13511,1735004160,17,2010224,332623,7405571,22078,6057897984,1,26257:3,28.130596142562,816043,313716960,2368964
27107650,26257,3502215168,10029912064,271,758,455457,13574,1741746176,17,2010226,332625,7405651,22078,6050185216,1,26257:5,46.89581500058686,816102,313730128,2369064
27214448,26257,3516895232,10029912064,272,760,457361,13630,1749086208,17,2010228,332626,7405732,22078,6042820608,1,26257:3,28.090318989917073,816158,313744464,2369148
27321085,26257,3531575296,10029912064,273,762,459265,13686,1756426240,17,2010229,332628,7405813,22078,6035456000,1,26257:3,28.132805446871235,816214,313758800,2369236
27427605,26257,3546517504,10029912064,274,765,461194,13743,1763766272,17,2010230,332632,7405893,22078,6027948032,1,26257:5,37.55178367498916,816271,313773392,2369312
27534575,26257,3560935424,10029912064,274,769,463073,13798,1770975232,17,2010230,332635,7405973,22079,6022275072,1,26257:3,37.39374077765182,816325,313787216,2369396
27640280,26257,3575484416,10029912064,274,772,464976,13854,1778184192,17,2010230,332638,7406053,22079,6014869504,1,26257:3,28.380891966592696,816380,313801296,2369488
27745886,26257,3589902336,10029912064,275,774,466846,13909,1785393152,17,2010232,332642,7406133,22079,6007504896,1,26257:3,28.407530377995048,816435,313815376,2369568
27851507,26257,3604844544,10029912064,275,778,468784,13966,1792864256,17,2010232,332645,7406213,22079,5999996928,1,26257:4,37.87101427930381,816492,313829968,2369660
27957311,26257,3619393536,10029912064,276,780,470654,14022,1800204288,17,2010234,332648,7406293,22079,5992976384,1,26257:3,28.354470693343647,816548,313844304,2369736
28062936,26257,3633811456,10029912064,277,783,472558,14077,1807413248,17,2010234,332651,7406373,22079,5985505280,1,26257:4,37.8696249357317,816603,313858384,2369820
28168720,26257,3648491520,10029912064,277,786,474479,14134,1814482944,17,2010235,332654,7406453,22079,5978292224,1,26257:3,28.35973074401933,816660,313872448,2369900
28274447,26257,3663564800,10029912064,278,789,476472,14195,1821540352,17,2010236,332656,7406533,22079,5970354176,1,26257:4,37.83324038336725,816718,313885720,2369988
28379961,26257,3677982720,10029912064,278,792,478342,14250,1828618240,17,2010237,332659,7406613,22079,5963399168,1,26257:3,28.43219826279837,816773,313899800,2370076
28485695,26257,3692662784,10029912064,279,795,480246,14306,1835958272,17,2010238,332662,7406693,22079,5956186112,1,26257:4,37.831048749401525,816829,313914136,2370160
28591275,26257,3707080704,10029912064,279,798,482110,14361,1843167232,17,2010239,332664,7406773,22079,5948973056,1,26257:3,28.414335183643267,816884,313928216,2370244
28697094,26257,3721498624,10029912064,281,800,483986,14416,1850376192,17,2010240,332666,7406853,22079,5941501952,1,26257:4,37.80030392389362,816939,313942296,2370328
28802761,26257,3735785472,10029912064,281,803,485855,14471,1857454080,17,2010241,332668,7406933,22080,5934546944,1,26257:3,28.391277264604913,816994,313956120,2370424
28908332,26257,3750465536,10029912064,281,806,487725,14526,1864794112,17,2010242,332671,7407013,22080,5927100416,1,26257:3,28.416768549464816,817050,313970456,2370512
29013958,26257,3764621312,10029912064,282,809,489595,14581,1872003072,17,2010243,332673,7407094,22080,5919887360,1,26257:4,37.86958047842061,817105,313984536,2370600
29119611,26257,3779039232,10029912064,283,811,491465,14636,1879212032,17,2010244,332676,7407174,22080,5912674304,1,26257:4,28.394658302231324,817160,313998616,2370688
29225424,26257,3793457152,10029912064,283,815,493335,14691,1886420992,17,2010245,332679,7407254,22080,5905461248,1,26257:3,37.802849257452806,817214,314012440,2370760
29331143,26257,3808661504,10029912064,284,817,495330,14750,1893576704,17,2010246,332683,7407333,22080,5897732096,1,26257:4,28.377010376394367,817271,314026672,2370840
29436837,26257,3824128000,10029912064,284,821,497363,14814,1900761088,17,2010247,332687,7407413,22080,5889974272,1,26257:3,37.84506778004333,817332,314040704,2370908
29542580,26257,3839070208,10029912064,285,824,499323,14871,1908232192,17,2010249,332690,7407493,22080,5882384384,1,26257:4,37.82744142562548,817389,314055296,2370992
29648186,26257,3854143488,10029912064,285,827,501261,14928,1915834368,17,2010250,332693,7407573,22080,5875134464,1,26257:3,28.40750805135062,817447,314070144,2371076
29753832,26257,3868954624,10029912064,286,830,503199,14985,1923305472,17,2010250,332697,7407653,22080,5867626496,1,26257:4,37.862485855640166,817503,314084480,2371156
29859426,26257,3884158976,10029912064,286,833,505137,15042,1930776576,17,2010251,332699,7407733,22080,5860118528,1,26257:3,28.410579236025885,817561,314099328,2371252
29965130,26257,3898707968,10029912064,286,837,507074,15099,1938116608,17,2010251,332710,7407803,22081,5850939392,1,26257:4,37.84157699474305,817617,314113664,2371336
30070860,26257,3913912320,10029912064,286,840,509012,15156,1945587712,17,2010252,332714,7407883,22081,5843492864,1,26257:3,28.37423708178916,817674,314128256,2371412
30176569,26257,3928854528,10029912064,287,843,510984,15214,1953189888,17,2010253,332717,7407963,22081,5836099584,1,26257:4,37.839473883739075,817732,314143104,2371496
30282404,26257,3944058880,10029912064,287,846,512956,15272,1960660992,17,2010254,332720,7408043,22081,5828333568,1,26257:3,28.346120646305156,817789,314157696,2371584
30388171,26257,3959263232,10029912064,287,850,514912,15330,1968197632,17,2010254,332724,7408123,22081,5820940288,1,26257:4,37.81894727367464,817847,314172416,2371668
30493909,26257,3974205440,10029912064,287,853,516941,15394,1974939648,17,2010256,332730,7408202,22081,5813141504,1,26257:3,28.371967425614585,817906,314185584,2371716
30599575,26257,3988623360,10029912064,288,856,518811,15449,1982279680,17,2010257,332732,7408282,22081,5805858816,1,26257:4,37.855289996174626,817962,314199920,2371804
30705359,26257,4003303424,10029912064,288,859,520694,15505,1989488640,17,2010258,332736,7408362,22081,5798637568,1,26257:3,28.359674713018524,818017,314214000,2371888
30811119,26257,4017721344,10029912064,289,862,522585,15560,1996697600,17,2010259,332738,7408442,22081,5791158272,1,26257:4,37.82154017840364,818072,314228080,2371976
30916964,26257,4032139264,10029912064,290,864,524455,15615,2003906560,17,2010260,332740,7408523,22081,5784133632,1,26257:3,28.343230474490237,818127,314242160,2372064
31022666,26257,4046819328,10029912064,290,867,526324,15670,2011115520,17,2010261,332744,7408603,22081,5776904192,1,26257:3,28.381641346647573,818182,314256240,2372140
31128401,26257,4061237248,10029912064,290,870,528228,15726,2018324480,17,2010261,332747,7408683,22081,5769424896,1,26257:3,28.37278368719286,818237,314270320,2372220
31233950,26257,4075655168,10029912064,291,874,530098,15781,2025664512,17,2010262,332750,7408763,22081,5762318336,1,26257:5,47.37141422790573,818293,314284656,2372312
31339750,26257,4090335232,10029912064,291,877,531968,15836,2032873472,17,2010262,332753,7408843,22081,5755035648,1,26257:3,28.355419684786032,818348,314298736,2372400
31445406,26257,4104753152,10029912064,292,879,533838,15891,2040082432,17,2010264,332756,7408923,22081,5747814400,1,26257:3,28.39406490975992,818403,314312816,2372476
31551008,26257,4119302144,10029912064,292,882,535761,15949,2047225856,17,2010264,332760,7409004,22081,5740515328,1,26257:3,28.40842696971817,818460,314326768,2372556
31656821,26257,4134768640,10029912064,292,886,537823,16012,2054221824,17,2010265,332762,7409083,22082,5732421632,1,26257:4,37.80283460964051,818521,314340688,2372652
31762535,26257,4149710848,10029912064,294,887,539761,16069,2061824000,17,2010267,332765,7409163,22082,5724913664,1,26257:4,28.37845319778674,818578,314355280,2372728
31868192,26257,4164784128,10029912064,294,891,541699,16126,2069295104,17,2010267,332767,7409243,22082,5717405696,1,26257:3,37.85835010584438,818635,314369872,2372816
31973933,26257,4179857408,10029912064,294,894,543637,16183,2076766208,17,2010268,332770,7409323,22082,5710155776,1,26257:3,28.37121828801165,818693,314384464,2372888
32079659,26257,4195061760,10029912064,295,897,545621,16242,2084368384,17,2010269,332773,7409403,22082,5702565888,1,26257:4,37.83350876416068,818751,314399312,2372968
32185359,26257,4210266112,10029912064,295,900,547580,16299,2091839488,17,2010270,332776,7409483,22082,5694791680,1,26257:3,28.382122517297482,818808,314413904,2373056
32291117,26257,4225208320,10029912064,296,903,549552,16357,2099310592,17,2010271,332779,7409563,22082,5687201792,1,26257:4,37.822210364959275,818865,314428496,2373144
32396891,26257,4240412672,10029912064,297,905,551490,16414,2106912768,17,2010272,332781,7409644,22082,5679693824,1,26257:3,28.362501203515468,818923,314443344,2373224
32502631,26257,4255354880,10029912064,298,908,553462,16472,2114514944,17,2010274,332784,7409724,22082,5672042496,1,26257:4,37.82854469351767,818981,314458192,2373296
32608189,26257,4270034944,10029912064,298,911,555366,16528,2121854976,17,2010275,332786,7409803,22083,5666336768,1,26257:4,28.420414129580244,819037,314472528,2373380
32714782,26257,4285763584,10029912064,300,913,557442,16591,2128662528,17,2010277,332789,7409883,22083,5658656768,1,26257:3,37.52600822087891,819096,314486080,2373448
32820670,26257,4300312576,10029912064,300,916,559288,16648,2135937024,17,2010278,332792,7409963,22084,5651443712,1,26257:3,28.331754341704414,819152,314500032,2373536
32926329,26257,4314730496,10029912064,301,919,561103,16703,2143145984,17,2010278,332794,7410043,22084,5644230656,1,26257:4,37.857454342868984,819207,314514112,2373620
33032110,26257,4329410560,10029912064,301,922,562980,16760,2150486016,17,2010279,332796,7410124,22084,5636993024,1,26257:3,28.360590807449558,819263,314528448,2373712
33137845,26257,4343828480,10029912064,302,924,564799,16815,2157826048,17,2010280,332799,7410204,22084,5629521920,1,26257:3,28.37271660278029,819319,314542784,2373796
33243507,26257,4358639616,10029912064,302,927,566647,16871,2165035008,17,2010280,332802,7410284,22084,5622050816,1,26257:3,28.392609214537394,819374,314556864,2373888
33349428,26257,4373450752,10029912064,302,930,568495,16927,2172375040,17,2010281,332804,7410365,22084,5614837760,1,26257:3,28.322827515453213,819430,314571200,2373976
33455164,26257,4388130816,10029912064,303,933,570376,16984,2179715072,17,2010282,332806,7410445,22084,5607600128,1,26257:4,37.83006519084899,819486,314585536,2374056
33560991,26257,4403073024,10029912064,304,936,572257,17041,2187186176,17,2010283,332809,7410525,22084,5600104448,1,26257:4,37.797491059239725,819543,314600128,2374140
33666819,26257,4417490944,10029912064,304,939,574072,17096,2194526208,17,2010284,332811,7410605,22084,5592387584,1,26257:3,28.348062577176414,819598,314614208,2374228
33772386,26257,4432171008,10029912064,306,940,575931,17152,2201604096,17,2010286,332813,7410685,22084,5585174528,1,26257:3,28.41800248250197,819653,314628288,2374304
33878099,26257,4447637504,10029912064,307,943,577995,17216,2208477184,17,2010287,332818,7410764,22085,5577297920,1,26257:4,37.83819101133151,819713,314641712,2374372
33983740,26257,4462317568,10029912064,307,946,579884,17272,2215817216,17,2010287,332821,7410845,22085,5570084864,1,26257:3,28.398130198952188,819769,314656048,2374464
34089510,26257,4476866560,10029912064,307,949,581769,17327,2223157248,17,2010288,332824,7410925,22085,5562728448,1,26257:3,28.36340621780133,819825,314670384,2374548
34195280,26257,4491415552,10029912064,308,952,583673,17383,2230497280,17,2010290,332826,7411005,22085,5555568640,1,26257:4,37.81777055336503,819880,314684720,2374632
34300994,26257,4506095616,10029912064,308,955,585543,17438,2237706240,17,2010290,332830,7411085,22085,5548347392,1,26257:3,28.378531584099566,819936,314698800,2374704
34406592,26257,4520513536,10029912064,308,958,587446,17494,2244784128,17,2010290,332832,7411166,22085,5540753408,1,26257:3,28.409514361511413,819990,314712624,2374796
34512322,26257,4534931456,10029912064,309,960,589316,17549,2251993088,17,2010291,332834,7411246,22085,5533655040,1,26257:4,28.37419226477525,820045,314726704,2374876
34617938,26257,4549611520,10029912064,309,964,591186,17604,2259333120,17,2010292,332838,7411326,22085,5526638592,1,26257:3,37.87304631062134,820101,314741040,2374952
34723639,26257,4564029440,10029912064,310,967,593056,17659,2266542080,17,2010293,332841,7411406,22085,5519425536,1,26257:4,37.84271044477919,820157,314755120,2375036
34829400,26257,4578709504,10029912064,310,970,594985,17716,2273882112,17,2010294,332845,7411486,22085,5512069120,1,26257:3,28.365797342281745,820213,314769456,2375116
34935129,26257,4593389568,10029912064,310,973,596920,17773,2281037824,17,2010294,332846,7411566,22085,5504540672,1,26257:3,28.37456153972326,820269,314783432,2375216
35040916,26257,4605186048,10029912064,316,975,598452,17831,2286612480,17,2010300,332856,7411631,22086,5496967168,1,26257:8,75.62341652246306,820313,314794576,2375284
35146380,26257,4617244672,10029912064,323,976,600026,17888,2292772864,17,2010308,332859,7411704,22087,5490966528,1,26257:9,75.85507970463019,820359,314806352,2375344
35251684,26257,4631531520,10029912064,329,981,601885,17945,2299789312,17,2010314,332863,7411778,22087,5483540480,1,26257:10,104.45920685168831,820414,314820056,2375376
35356904,26257,4646473728,10029912064,335,984,603830,18002,2307260416,17,2010320,332866,7411851,22087,5475934208,1,26257:9,85.53569939333805,820472,314834904,2375404
35462102,26257,4661678080,10029912064,344,985,605771,18060,2314731520,17,2010328,332868,7411924,22087,5468610560,1,26257:10,95.0587501574767,820529,314849496,2375420
35567377,26257,4676620288,10029912064,352,988,607708,18117,2322202624,17,2010336,332870,7411998,22087,5461106688,1,26257:11,104.4880644328879,820586,314864088,2375444
35672579,26257,4691562496,10029912064,359,990,609669,18174,2329804800,17,2010344,332873,7412071,22087,5453352960,1,26257:9,85.54938479393715,820643,314878680,2375468
35777761,26257,4706504704,10029912064,368,991,611607,18231,2337275904,17,2010353,332875,7412145,22087,5446029312,1,26257:10,95.07373809792077,820700,314893272,2375488
35882965,26257,4721446912,10029912064,374,995,613554,18288,2344747008,17,2010359,332878,7412218,22087,5438406656,1,26257:10,95.05332876709817,820758,314908120,2375504
35988109,26257,4736651264,10029912064,381,997,615501,18346,2352218112,17,2010366,332880,7412291,22087,5431029760,1,26257:9,85.597152125684,820815,314922712,2375524
36093316,26257,4751593472,10029912064,388,1000,617465,18403,2359820288,17,2010374,332884,7412365,22087,5423644672,1,26257:10,95.05005454685006,820872,314937304,2375536
36198413,26257,4766535680,10029912064,397,1002,619402,18460,2367291392,17,2010382,332886,7412438,22087,5416202240,1,26257:11,104.66598287428546,820929,314951896,2375548
36303597,26257,4781608960,10029912064,405,1003,621340,18518,2374762496,17,2010390,332888,7412512,22087,5408440320,1,26257:9,85.56371964427397,820987,314966744,2375568
36408820,26257,4796682240,10029912064,412,1006,623283,18575,2382233600,17,2010398,332890,7412585,22087,5400715264,1,26257:10,95.03680637707616,821044,314981336,2375584
36513963,26257,4811624448,10029912064,421,1007,625252,18632,2389835776,17,2010406,332892,7412658,22087,5393133568,1,26257:10,95.10809696221028,821102,314996184,2375608
36619198,26257,4826566656,10029912064,429,1008,627188,18689,2397306880,17,2010414,332895,7412732,22087,5385461760,1,26257:10,85.52323657785496,821159,315010776,2375616
36724515,26257,4840722432,10029912064,435,1012,629023,18744,2404179968,17,2010420,332898,7412806,22087,5378584576,1,26257:9,94.9510058981381,821211,315023944,2375648
36829734,26257,4855271424,10029912064,442,1014,630915,18800,2411388928,17,2010428,332901,7412879,22087,5370806272,1,26257:9,85.53644404226264,821267,315038280,2375652
36934877,26257,4869820416,10029912064,448,1017,632802,18855,2418728960,17,2010435,332904,7412953,22087,5363712000,1,26257:9,85.597491605454,821322,315052360,2375672
37040078,26257,4884500480,10029912064,456,1019,634713,18911,2426068992,17,2010443,332906,7413027,22087,5356355584,1,26257:10,95.05562555399013,821378,315066696,2375700
37145281,26257,4899049472,10029912064,463,1021,636592,18967,2433277952,17,2010450,332908,7413100,22087,5349142528,1,26257:9,85.54938560712573,821434,315081032,2375712
37250496,26257,4913729536,10029912064,471,1023,638488,19022,2440617984,17,2010458,332910,7413174,22087,5341519872,1,26257:10,95.04293949715688,821490,315095368,2375728
37355739,26257,4928278528,10029912064,479,1024,640384,19078,2447958016,17,2010466,332912,7413248,22087,5334421504,1,26257:9,85.5171418255618,821545,315109448,2375740
37461202,26257,4943089664,10029912064,486,1027,642298,19134,2455298048,17,2010473,332916,7413322,22087,5326811136,1,26257:10,94.8192991636312,821602,315124040,2375756
37566372,26257,4957507584,10029912064,493,1030,644181,19190,2462638080,17,2010481,332918,7413396,22087,5319708672,1,26257:10,95.08398311825718,821657,315138120,2375772
37671686,26257,4972187648,10029912064,502,1031,646074,19246,2469847040,17,2010490,332919,7413469,22087,5312430080,1,26257:10,94.95416059411072,821713,315152456,2375792
37776819,26257,4986736640,10029912064,510,1032,647961,19301,2477187072,17,2010498,332921,7413543,22087,5305077760,1,26257:9,85.6062783111852,821768,315166536,2375808
37882068,26257,5001547776,10029912064,517,1035,649878,19357,2484527104,17,2010505,332924,7413617,22087,5297713152,1,26257:10,95.012989558348,821825,315181128,2375820
37987333,26257,5015965696,10029912064,524,1037,651759,19413,2491736064,17,2010512,332926,7413691,22087,5290348544,1,26257:10,85.49788161898712,821881,315195208,2375840
38092542,26257,5030645760,10029912064,531,1040,653652,19468,2499076096,17,2010519,332928,7413764,22087,5283127296,1,26257:9,95.04900023089303,821937,315209544,2375860
38197744,26257,5044932608,10029912064,537,1043,655486,19523,2506153984,17,2010526,332931,7413838,22087,5275721728,1,26257:9,85.55030045408103,821990,315223112,2375880
38302948,26257,5059481600,10029912064,546,1044,657329,19579,2513494016,17,2010535,332932,7413912,22087,5268357120,1,26257:10,95.05310288925219,822046,315237448,2375896
38408131,26257,5074030592,10029912064,553,1046,659159,19634,2520702976,17,2010542,332934,7413986,22087,5261135872,1,26257:9,85.56473729624385,822101,315251528,2375916
38513348,26257,5088448512,10029912064,560,1048,660979,19690,2527911936,17,2010550,332936,7414060,22087,5253914624,1,26257:9,85.53806995833698,822157,315265864,2375940
38618537,26257,5103783936,10029912064,569,1049,662912,19734,2533302272,17,2010558,332939,7414133,22087,5246136320,1,26257:11,95.06669541863803,822199,315276392,2375948
38723853,26257,5121478656,10029912064,578,1051,665207,19734,2533302272,17,2010568,332940,7414207,22087,5237362688,1,26257:10,104.44755244489643,822199,315276392,2375948
38829350,26257,5138518016,10029912064,588,1052,667427,19734,2533302272,17,2010578,332945,7414276,22087,5229383680,1,26257:11,104.26889263943042,822199,315276392,2375948
38934825,26257,5155295232,10029912064,597,1053,669590,19734,2533302272,17,2010588,332946,7414349,22087,5221126144,1,26257:10,94.80847379935592,822199,315276392,2375948
39040073,26257,5171417088,10029912064,605,1055,671693,19736,2533761024,17,2010596,332949,7414422,22087,5212684288,1,26257:10,95.01370453920849,822202,315277032,2375952
39145751,26257,5187801088,10029912064,615,1056,673806,19742,2534088704,17,2010606,332950,7414495,22087,5204639744,1,26257:11,104.089938779124,822206,315277928,2375952
39250972,26257,5204578304,10029912064,624,1057,675975,19742,2534088704,17,2010616,332951,7414568,22087,5196124160,1,26257:10,95.03831113119587,822206,315277928,2375952
39356166,26257,5221355520,10029912064,634,1058,678153,19742,2534088704,17,2010625,332952,7414641,22087,5187866624,1,26257:11,104.56831196856957,822206,315277928,2375952
39461385,26257,5238132736,10029912064,643,1059,680331,19742,2534088704,17,2010634,332954,7414714,22087,5179351040,1,26257:10,95.04004174766891,822206,315277928,2375952
39566656,26257,5253599232,10029912064,652,1060,682344,19753,2534854656,17,2010644,332956,7414787,22088,5171343360,1,26257:10,94.99343557362813,822214,315279424,2375956
39671918,26257,5270507520,10029912064,662,1061,684528,19753,2534854656,17,2010653,332961,7414857,22088,5163364352,1,26257:11,104.5008854360023,822214,315279424,2375956
39777355,26257,5287415808,10029912064,670,1063,686710,19753,2534854656,17,2010662,332963,7414930,22088,5154848768,1,26257:10,94.84316738583239,822214,315279424,2375956
39882583,26257,5304193024,10029912064,679,1064,688889,19753,2534854656,17,2010672,332965,7415003,22088,5146591232,1,26257:11,95.03213977463965,822214,315279424,2375956
39987797,26257,5317824512,10029912064,686,1068,690654,19798,2540949504,17,2010678,332969,7415076,22088,5139619840,1,26257:10,104.54847552117677,822260,315291072,2375976
40093551,26257,5331587072,10029912064,695,1069,692450,19851,2547896320,17,2010688,332976,7415143,22088,5132079104,1,26257:10,94.55891636540905,822314,315304896,2375988
40200600,26257,5345349632,10029912064,704,1071,694235,19904,2554679296,17,2010697,332980,7415213,22088,5125107712,1,26257:11,102.75722098812876,822367,315318144,2376004
40306347,26257,5359243264,10029912064,714,1071,696040,19956,2561626112,17,2010708,332985,7415282,22088,5118062592,1,26257:11,94.56517575179055,822420,315331712,2376024
40412192,26257,5373136896,10029912064,724,1072,697835,20009,2568572928,17,2010717,332986,7415355,22088,5111070720,1,26257:10,103.92554758654455,822472,315345024,2376036
40517954,26257,5387030528,10029912064,732,1073,699634,20062,2575519744,17,2010727,332988,7415428,22088,5103955968,1,26257:10,85.09648684070763,822525,315358592,2376044
40623459,26257,5400662016,10029912064,742,1074,701411,20114,2582335488,17,2010736,332990,7415500,22088,5096845312,1,26257:10,104.2605327402337,822578,315372160,2376068
40729176,26257,5414555648,10029912064,748,1078,703212,20167,2589282304,17,2010742,332994,7415573,22088,5090230272,1,26257:10,94.59215961344802,822630,315385728,2376112
40834844,26257,5428318208,10029912064,754,1083,704997,20220,2596229120,17,2010748,333002,7415644,22088,5082783744,1,26257:11,104.10003574322045,822683,315399040,2376152
40940626,26257,5442080768,10029912064,764,1084,706782,20272,2603044864,17,2010758,333003,7415716,22088,5076074496,1,26257:11,103.98707134414,822736,315412608,2376160
41046245,26257,5455712256,10029912064,773,1085,708553,20325,2609737728,17,2010768,333005,7415789,22088,5069144064,1,26257:10,94.67973995679215,822788,315425680,2376168
41151966,26257,5469605888,10029912064,782,1086,710357,20379,2616684544,17,2010777,333007,7415862,22088,5062348800,1,26257:10,94.58861825561279,822841,315439248,2376180
41257736,26257,5483630592,10029912064,788,1090,712177,20432,2623762432,17,2010784,333012,7415934,22088,5055098880,1,26257:10,94.54532025671968,822894,315452816,2376208
41363380,26257,5497655296,10029912064,796,1092,713993,20485,2630709248,17,2010792,333014,7416007,22088,5048401920,1,26257:11,94.65666263116917,822948,315466640,2376224
41469203,26257,5511286784,10029912064,805,1094,715772,20538,2637656064,17,2010801,333019,7416077,22088,5042003968,1,26257:10,103.94735742948995,823000,315479952,2376240
41574792,26257,5524262912,10029912064,813,1095,717457,20586,2642620416,17,2010810,333021,7416151,22088,5035356160,1,26257:9,85.23614422785235,823054,315489904,2376264
41680353,26257,5538025472,10029912064,822,1096,719235,20637,2648055808,17,2010818,333022,7416223,22089,5028425728,1,26257:10,94.73217131062717,823106,315500264,2376292
41786080,26257,5552181248,10029912064,830,1098,721081,20691,2655133696,17,2010827,333024,7416296,22089,5021118464,1,26257:10,94.58351068529782,823161,315514344,2376332
41891800,26257,5566337024,10029912064,838,1101,722903,20743,2661715968,17,2010834,333028,7416369,22089,5014224896,1,26257:11,104.0482595502374,823212,315527200,2376352
41997577,26257,5580230656,10029912064,846,1103,724709,20797,2668662784,17,2010842,333032,7416439,22089,5007183872,1,26257:10,94.5383931806583,823265,315540768,2376388
42103209,26257,5594648576,10029912064,855,1104,726572,20845,2674577408,17,2010852,333034,7416512,22089,4999667712,1,26257:10,94.66838629897012,823311,315552320,2376416
42208727,26257,5610377216,10029912064,864,1105,728616,20853,2675101696,17,2010861,333035,7416585,22089,4991950848,1,26257:10,94.77066286183937,823318,315553344,2376424
42313972,26257,5627285504,10029912064,873,1107,730810,20853,2675101696,17,2010871,333037,7416659,22089,4983435264,1,26257:11,104.51739279159315,823318,315553344,2376424
42419169,26257,5643931648,10029912064,882,1108,732982,20853,2675101696,17,2010880,333040,7416731,22089,4974919680,1,26257:10,95.06025651021592,823318,315553344,2376424
42524378,26257,5660708864,10029912064,892,1109,735156,20853,2675167232,17,2010890,333040,7416804,22089,4966404096,1,26257:11,104.55344510730274,823319,315553472,2376428
42629690,26257,5676306432,10029912064,901,1110,737168,20867,2676293632,17,2010900,333041,7416877,22089,4958515200,1,26257:10,94.9562650434463,823329,315555672,2376432
42734975,26257,5693345792,10029912064,911,1110,739376,20867,2676293632,17,2010910,333044,7416947,22089,4950724608,1,26257:11,94.98005162469742,823329,315555672,2376432
42840144,26257,5710123008,10029912064,920,1112,741562,20867,2676293632,17,2010918,333047,7417020,22089,4942209024,1,26257:10,104.59374889374283,823329,315555672,2376432
42945486,26257,5727162368,10029912064,929,1113,743763,20867,2676293632,17,2010929,333048,7417093,22089,4933693440,1,26257:10,94.92850896018805,823329,315555672,2376432
43050729,26257,5743153152,10029912064,939,1114,745856,20877,2677313536,17,2010938,333049,7417167,22090,4925435904,1,26257:11,104.52020626435585,823338,315557664,2376444
43156000,26257,5760192512,10029912064,949,1114,748050,20877,2677313536,17,2010949,333049,7417239,22090,4916957184,1,26257:10,94.99309718410348,823338,315557664,2376444
43261287,26257,5777231872,10029912064,959,1115,750260,20877,2677313536,17,2010958,333050,7417312,22090,4908441600,1,26257:11,104.47673402386187,823338,315557664,2376444
43366359,26257,5794009088,10029912064,968,1116,752444,20877,2677313536,17,2010969,333052,7417386,22090,4899926016,1,26257:11,95.17228767997686,823338,315557664,2376444
43471635,26257,5810786304,10029912064,978,1117,754629,20877,2677313536,17,2010978,333053,7417459,22090,4891410432,1,26257:10,104.48789868177022,823338,315557664,2376444
43576928,26257,5827825664,10029912064,987,1119,756832,20877,2677313536,17,2010988,333055,7417531,22090,4883025920,1,26257:11,104.46983000108925,823338,315557664,2376444
43682475,26257,5844602880,10029912064,996,1119,759015,20877,2677313536,17,2010998,333059,7417601,22090,4875616256,1,26257:10,85.26982527701182,823338,315557664,2376444
43787796,26257,5861380096,10029912064,1006,1120,761188,20877,2677313536,17,2011008,333060,7417674,22090,4867100672,1,26257:10,104.44288347697726,823338,315557664,2376444
43893076,26257,5877633024,10029912064,1016,1121,763296,20881,2677444608,17,2011018,333061,7417747,22090,4858773504,1,26257:11,104.48339085001521,823340,315557920,2376444
43998349,26257,5894279168,10029912064,1026,1121,765460,20881,2677444608,17,2011029,333062,7417821,22090,4850515968,1,26257:10,94.99155506077199,823340,315557920,2376444
44103632,26257,5910925312,10029912064,1034,1123,767619,20881,2677444608,17,2011037,333064,7417894,22090,4842258432,1,26257:10,94.98151849613103,823340,315557920,2376444
44208909,26257,5927571456,10029912064,1044,1124,769781,20881,2677444608,17,2011047,333065,7417967,22090,4833505280,1,26257:11,104.48628486903237,823340,315557920,2376444
44314241,26257,5944479744,10029912064,1054,1125,771962,20881,2677444608,17,2011058,333066,7418040,22090,4825247744,1,26257:11,104.43230744825742,823340,315557920,2376444
44419475,26257,5961125888,10029912064,1062,1127,774133,20881,2677444608,17,2011066,333068,7418113,22090,4816732160,1,26257:10,95.02547979956428,823340,315557920,2376444
44524725,26257,5978034176,10029912064,1071,1129,776328,20881,2677444608,17,2011075,333073,7418183,22090,4808425472,1,26257:11,104.51350304007929,823340,315557920,2376444
44630025,26257,5994811392,10029912064,1079,1131,778493,20881,2677444608,17,2011084,333076,7418256,22090,4799909888,1,26257:10,94.96637202779948,823340,315557920,2376444
44735291,26257,6011457536,10029912064,1088,1132,780662,20881,2677444608,17,2011094,333076,7418329,22090,4791652352,1,26257:11,94.99821028121741,823340,315557920,2376444
44840502,26257,6028103680,10029912064,1097,1134,782816,20881,2677444608,17,2011103,333078,7418402,22090,4783136768,1,26257:10,104.55095975832609,823340,315557920,2376444
44945719,26257,6044749824,10029912064,1107,1135,784971,20881,2677444608,17,2011113,333080,7418476,22090,4774879232,1,26257:12,104.54673761905259,823340,315557920,2376444
45051850,26257,6061527040,10029912064,1116,1137,787148,20881,2677444608,17,2011122,333081,7418549,22090,4766363648,1,26257:10,103.64480428077916,823340,315557920,2376444
45157119,26257,6078042112,10029912064,1125,1138,789301,20885,2677575680,17,2011132,333085,7418617,22090,4757721088,1,26257:10,94.99508965631811,823349,315558544,2376452
45262865,26257,6095343616,10029912064,1135,1138,791556,20885,2677575680,17,2011143,333090,7418685,22090,4748644352,1,26257:11,94.56603245799388,823353,315558592,2376452
45368105,26257,6112251904,10029912064,1145,1139,793739,20885,2677575680,17,2011153,333094,7418756,22090,4739932160,1,26257:10,104.52285501974006,823353,315558592,2376452
45473545,26257,6128898048,10029912064,1155,1139,795907,20885,2677575680,17,2011164,333094,7418829,22090,4731674624,1,26257:10,94.84039423862056,823353,315558592,2376452
45578822,26257,6145675264,10029912064,1165,1140,798077,20885,2677575680,17,2011174,333095,7418902,22090,4723159040,1,26257:11,104.48719498976679,823353,315558592,2376452
45684181,26257,6162452480,10029912064,1175,1141,800244,20885,2677575680,17,2011184,333096,7418975,22090,4714901504,1,26257:11,104.40480156163767,823353,315558592,2376452
45789464,26257,6179491840,10029912064,1184,1142,802452,20885,2677575680,17,2011194,333102,7419043,22090,4706435072,1,26257:10,94.98148060589294,823353,315558592,2376452
45894803,26257,6197055488,10029912064,1192,1145,804746,20885,2677575680,17,2011202,333105,7419115,22090,4697321472,1,26257:11,104.42553222110081,823353,315558592,2376452
46000068,26257,6214881280,10029912064,1199,1148,807047,20885,2677575680,17,2011210,333108,7419188,22090,4688289792,1,26257:10,94.9977590503629,823353,315558592,2376452
46105390,26257,6232444928,10029912064,1208,1149,809339,20885,2677575680,17,2011219,333110,7419261,22090,4679258112,1,26257:10,94.9475503085767,823353,315558592,2376452
46210555,26257,6250270720,10029912064,1216,1152,811635,20885,2677575680,17,2011228,333113,7419334,22090,4670226432,1,26257:11,104.59714632550272,823353,315558592,2376452
46315732,26257,6267965440,10029912064,1225,1154,813935,20885,2677575680,17,2011236,333115,7419407,22090,4661452800,1,26257:11,104.58595831015447,823353,315558592,2376452
46420896,26257,6285004800,10029912064,1235,1154,816162,20890,2677760000,17,2011246,333116,7419480,22091,4652863488,1,26257:10,95.08948305467852,823356,315558952,2376456
46526093,26257,6302830592,10029912064,1244,1156,818460,20890,2677760000,17,2011256,333118,7419553,22091,4644089856,1,26257:11,104.56528816092604,823356,315558952,2376456
46631297,26257,6320394240,10029912064,1254,1156,820749,20890,2677760000,17,2011266,333120,7419624,22091,4634779648,1,26257:10,95.0538934664098,823356,315558952,2376456
46736628,26257,6338220032,10029912064,1263,1157,823047,20890,2677760000,17,2011276,333123,7419696,22091,4626235392,1,26257:10,94.93812331862212,823356,315558952,2376456
46841850,26257,6355914752,10029912064,1274,1157,825351,20890,2677760000,17,2011287,333123,7419769,22091,4617203712,1,26257:11,104.54098278331661,823356,315558952,2376456
46947003,26257,6373609472,10029912064,1284,1158,827650,20890,2677760000,17,2011298,333124,7419842,22091,4607913984,1,26257:11,104.60986975861996,823356,315558952,2376456
47052284,26257,6391435264,10029912064,1293,1159,829952,20890,2677760000,17,2011306,333126,7419915,22091,4599140352,1,26257:10,94.98407435269755,823356,315558952,2376456
47157456,26257,6409129984,10029912064,1302,1161,832249,20890,2677760000,17,2011316,333127,7419988,22091,4590366720,1,26257:11,104.59035068821308,823356,315558952,2376456
47262644,26257,6426824704,10029912064,1310,1163,834550,20890,2677760000,17,2011324,333130,7420061,22091,4581335040,1,26257:11,95.06756123593952,823356,315558952,2376456
47367849,26257,6444519424,10029912064,1319,1164,836849,20890,2677760000,17,2011333,333132,7420134,22091,4572561408,1,26257:9,95.0530658453879,823356,315558952,2376456
47473144,26257,6462214144,10029912064,1329,1165,839142,20890,2677760000,17,2011343,333136,7420204,22091,4564541440,1,26257:11,104.46759765087322,823356,315558952,2376456
47578407,26257,6476107776,10029912064,1338,1166,840947,20942,2684575744,17,2011352,333136,7420279,22091,4557365248,1,26257:10,95.00069212754251,823409,315572008,2376480
47683568,26257,6490656768,10029912064,1344,1169,842832,20998,2691784704,17,2011359,333140,7420352,22091,4549996544,1,26257:10,85.58260261639329,823465,315586344,2376504
47788764,26257,6505205760,10029912064,1351,1172,844736,21054,2698993664,17,2011366,333145,7420423,22091,4542418944,1,26257:9,95.06082129184443,823520,315600424,2376524
47893949,26257,6519885824,10029912064,1358,1175,846626,21110,2706333696,17,2011374,333158,7420487,22091,4533936128,1,26257:10,95.07083756628315,823576,315614760,2376560
47999082,26257,6534828032,10029912064,1367,1176,848557,21166,2713800704,17,2011382,333160,7420559,22091,4527104000,1,26257:10,95.11744555251512,823632,315629088,2376588
48104258,26257,6549508096,10029912064,1375,1178,850477,21223,2721140736,17,2011390,333162,7420632,22091,4519366656,1,26257:10,95.07863388090419,823689,315643680,2376600
48209496,26257,6564712448,10029912064,1383,1180,852439,21280,2728742912,17,2011398,333164,7420706,22091,4512092160,1,26257:10,95.02325941334617,823747,315658528,2376624
48314722,26257,6579654656,10029912064,1390,1183,854378,21337,2736214016,17,2011406,333167,7420779,22091,4504637440,1,26257:10,95.03349446008897,823804,315673120,2376640
48419920,26257,6594596864,10029912064,1398,1185,856314,21394,2743685120,17,2011414,333174,7420849,22091,4497342464,1,26257:10,95.05852425386404,823861,315687712,2376672
48525091,26257,6609276928,10029912064,1404,1188,858225,21451,2750955520,17,2011421,333177,7420922,22091,4489916416,1,26257:9,85.57460107046408,823916,315701656,2376708
48630304,26257,6624219136,10029912064,1412,1191,860157,21508,2758426624,17,2011430,333179,7420995,22091,4482297856,1,26257:11,104.54996704299904,823973,315716248,2376732
48735461,26257,6639161344,10029912064,1420,1193,862085,21565,2765766656,17,2011438,333181,7421069,22091,4475162624,1,26257:10,95.09577490137785,824030,315730840,2376760
48840660,26257,6654103552,10029912064,1428,1194,864029,21622,2773237760,17,2011446,333185,7421139,22091,4466925568,1,26257:9,85.55267182847761,824087,315745432,2376780
48945767,26257,6669045760,10029912064,1436,1196,865984,21679,2780839936,17,2011454,333188,7421212,22091,4459597824,1,26257:11,95.14048381999547,824144,315760024,2376808
49050944,26257,6683987968,10029912064,1443,1199,867919,21736,2788311040,17,2011461,333191,7421285,22091,4452405248,1,26257:9,95.07818188572192,824201,315774616,2376824
49156035,26257,6698930176,10029912064,1451,1201,869842,21793,2795454464,17,2011469,333192,7421359,22091,4444798976,1,26257:10,95.15549573658181,824258,315788824,2376848
49261424,26257,6713085952,10029912064,1459,1202,871695,21848,2802663424,17,2011477,333194,7421433,22091,4437696512,1,26257:10,85.39830142588688,824313,315802904,2376860
49366596,26257,6727503872,10029912064,1467,1204,873551,21902,2809872384,17,2011486,333200,7421503,22091,4430675968,1,26257:9,95.08217405581144,824368,315816984,2376868
49471740,26257,6742052864,10029912064,1475,1205,875453,21958,2817212416,17,2011494,333201,7421577,22091,4423225344,1,26257:9,85.59664331812154,824423,315831064,2376884
49576863,26257,6756470784,10029912064,1483,1207,877317,22013,2824421376,17,2011501,333203,7421651,22091,4415942656,1,26257:11,95.12660685486134,824478,315845144,2376908
49682011,26257,6770888704,10029912064,1491,1209,879195,22068,2831630336,17,2011510,333205,7421724,22091,4408610816,1,26257:9,95.10462992924444,824533,315859224,2376912
49787176,26257,6785437696,10029912064,1497,1212,881065,22123,2838839296,17,2011518,333208,7421798,22091,4401496064,1,26257:9,85.5794833572295,824588,315873304,2376928
49892330,26257,6799724544,10029912064,1504,1216,882932,22178,2846048256,17,2011524,333215,7421868,22091,4394455040,1,26257:11,104.60875157196045,824643,315887384,2376956
49997445,26257,6814273536,10029912064,1511,1218,884791,22224,2851819520,17,2011531,333217,7421942,22091,4387106816,1,26257:9,85.62069902850664,824689,315898656,2376984
50102601,26257,6828560384,10029912064,1518,1220,886597,22279,2859028480,17,2011538,333219,7422016,22091,4379975680,1,26257:9,85.58643425347118,824744,315912736,2377008
50207740,26257,6842847232,10029912064,1527,1221,888401,22334,2866237440,17,2011547,333221,7422089,22091,4372602880,1,26257:10,95.112206533189,824800,315926824,2377020
50313674,26257,6855954432,10029912064,1534,1223,890041,22384,2872659968,17,2011555,333230,7422150,22095,4366209024,1,26257:9,84.95902426259815,824871,315940128,2377052
50418922,26257,6870372352,10029912064,1540,1227,891854,22439,2879868928,17,2011562,333234,7422213,22105,4358963200,1,26257:10,95.01362961015396,824926,315954208,2377056
50524160,26257,6884528128,10029912064,1546,1229,893636,22493,2886684672,17,2011568,333239,7422280,22110,4351954944,1,26257:8,76.01809683012233,824981,315967568,2377068
50629527,26257,6898946048,10029912064,1553,1232,895451,22547,2893893632,17,2011576,333241,7422354,22110,4344786944,1,26257:10,94.90647484144662,825036,315981648,2377088
50734730,26257,6913101824,10029912064,1561,1233,897267,22602,2900967424,17,2011584,333242,7422428,22110,4337479680,1,26257:9,85.54870741321183,825090,315995208,2377116
50840002,26257,6927650816,10029912064,1570,1235,899146,22657,2908176384,17,2011592,333246,7422499,22110,4329910272,1,26257:11,104.49095871081562,825145,316009288,2377144
50945142,26257,6941937664,10029912064,1576,1237,901011,22712,2915254272,17,2011600,333249,7422573,22110,4322627584,1,26257:8,76.0893425842756,825200,316023368,2377156
51050315,26257,6956355584,10029912064,1583,1241,902880,22767,2922348544,17,2011607,333252,7422646,22110,4315541504,1,26257:11,104.58956307595928,825255,316037224,2377168
51155485,26257,6970904576,10029912064,1590,1243,904769,22822,2929688576,17,2011614,333255,7422720,22110,4308316160,1,26257:9,85.57534721056126,825311,316051560,2377192
51260615,26257,6985322496,10029912064,1597,1246,906630,22877,2936897536,17,2011621,333257,7422794,22110,4301340672,1,26257:10,95.12106462158914,825365,316065384,2377212
51365796,26257,6999478272,10029912064,1604,1249,908484,22932,2943975424,17,2011629,333263,7422864,22110,4294524928,1,26257:10,95.07369923016925,825420,316079464,2377228
51471126,26257,7013896192,10029912064,1611,1251,910354,22987,2951069696,17,2011636,333265,7422938,22110,4287176704,1,26257:9,85.44576385678937,825475,316093320,2377244
51576345,26257,7028576256,10029912064,1619,1253,912243,23042,2958409728,17,2011644,333267,7423012,22110,4280012800,1,26257:10,95.03989180658716,825530,316107400,2377268
51681503,26257,7042994176,10029912064,1626,1255,914111,23097,2965618688,17,2011651,333270,7423085,22110,4272791552,1,26257:9,85.58568873390313,825585,316121480,2377288
51786627,26257,7057412096,10029912064,1632,1259,915975,23152,2972827648,17,2011657,333276,7423157,22110,4265570304,1,26257:10,95.12547573439484,825640,316135560,2377308
51891759,26257,7071830016,10029912064,1640,1260,917844,23207,2979905536,17,2011665,333277,7423231,22110,4258091008,1,26257:9,85.60637928085161,825695,316149640,2377320
51996962,26257,7086247936,10029912064,1647,1262,919720,23258,2986278912,17,2011672,333280,7423305,22110,4250865664,1,26257:9,85.54901235518797,825745,316162088,2377336
52102133,26257,7102238720,10029912064,1655,1265,921804,23275,2988195840,17,2011680,333287,7423375,22110,4243841024,1,26257:11,104.5918006417905,825760,316165832,2377344
52207755,26257,7118491648,10029912064,1663,1267,923923,23280,2988441600,17,2011688,333289,7423448,22110,4235341824,1,26257:10,94.677574242769,825763,316166312,2377348
52312998,26257,7134482432,10029912064,1671,1269,925992,23289,2989817856,17,2011696,333292,7423521,22110,4227264512,1,26257:10,95.01821855568032,825773,316168744,2377360
52418643,26257,7148507136,10029912064,1676,1274,927804,23343,2996764672,17,2011703,333296,7423594,22110,4220452864,1,26257:10,94.65673699826299,825827,316182568,2377384
52524265,26257,7162531840,10029912064,1684,1277,929626,23396,3003842560,17,2011710,333300,7423667,22110,4213313536,1,26257:11,104.14438607982657,825880,316196136,2377428
52629755,26257,7176556544,10029912064,1693,1278,931441,23450,3010789376,17,2011719,333301,7423740,22110,4206313472,1,26257:10,94.79566760668895,825934,316209960,2377456
52735019,26257,7190056960,10029912064,1701,1280,933208,23501,3017605120,17,2011728,333307,7423809,22110,4198739968,1,26257:10,94.99937628159503,825986,316223272,2377480
52840934,26257,7204081664,10029912064,1707,1285,935013,23548,3023331328,17,2011733,333314,7423882,22110,4191293440,1,26257:11,103.85731251548123,826031,316234456,2377532
52946590,26257,7218237440,10029912064,1714,1288,936850,23602,3030409216,17,2011742,333316,7423955,22110,4184330240,1,26257:11,94.64662145870793,826085,316248280,2377556
53052352,26257,7232262144,10029912064,1722,1290,938681,23655,3037487104,17,2011749,333320,7424028,22110,4177334272,1,26257:9,94.55191309438665,826139,316262104,2377592
53157864,26257,7246417920,10029912064,1729,1293,940510,23709,3044564992,17,2011757,333324,7424100,22110,4170072064,1,26257:11,94.77616433678897,826192,316275672,2377620
53263445,26257,7260049408,10029912064,1736,1297,942268,23761,3051380736,17,2011764,333331,7424170,22110,4164014080,1,26257:10,104.18495132294383,826244,316288984,2377652
53369241,26257,7274205184,10029912064,1745,1299,944117,23806,3056975872,17,2011773,333334,7424243,22110,4156706816,1,26257:11,103.97384343253802,826289,316300168,2377672
53474967,26257,7288360960,10029912064,1752,1301,945939,23860,3064053760,17,2011780,333337,7424316,22110,4150001664,1,26257:9,85.12573046744004,826343,316313736,2377700
53580737,26257,7302647808,10029912064,1761,1303,947797,23915,3071262720,17,2011789,333339,7424389,22110,4142718976,1,26257:11,103.9987461154814,826398,316327816,2377728
53686427,26257,7316672512,10029912064,1769,1305,949626,23968,3078209536,17,2011798,333344,7424459,22110,4135243776,1,26257:11,94.61632451211779,826452,316341640,2377748
53792058,26257,7330435072,10029912064,1780,1305,951400,24021,3084750848,17,2011809,333344,7424531,22110,4127817728,1,26257:10,104.13666229084413,826503,316354416,2377764
53897541,26257,7343804416,10029912064,1784,1311,953163,24073,3091501056,17,2011814,333351,7424604,22111,4121034752,1,26257:10,94.80147126195311,826555,316367600,2377788
54003140,26257,7357960192,10029912064,1791,1315,954976,24127,3098578944,17,2011821,333354,7424677,22111,4114071552,1,26257:11,104.16801414306174,826608,316381168,2377832
54108754,26257,7371853824,10029912064,1797,1319,956793,24180,3105525760,17,2011828,333359,7424750,22111,4106838016,1,26257:10,94.68407257859877,826661,316394736,2377852
54214143,26257,7385223168,10029912064,1802,1324,958534,24231,3112210432,17,2011833,333368,7424820,22111,4100476928,1,26257:10,94.886776496276,826714,316408048,2377888
54319694,26257,7399116800,10029912064,1808,1328,960308,24284,3118993408,17,2011839,333372,7424892,22111,4093628416,1,26257:10,94.74148204441433,826766,316421040,2377920
54425290,26257,7413010432,10029912064,1818,1328,962113,24337,3125940224,17,2011850,333373,7424965,22111,4086857728,1,26257:11,94.69995059314178,826819,316434608,2377924
54530744,26257,7426904064,10029912064,1824,1333,963924,24390,3132887040,17,2011856,333378,7425037,22111,4079988736,1,26257:10,104.31149072528132,826873,316448432,2377960
54636322,26257,7440797696,10029912064,1833,1334,965733,24444,3139833856,17,2011865,333381,7425110,22111,4072763392,1,26257:10,94.71669337203836,826926,316462000,2377964
54741921,26257,7454429184,10029912064,1840,1337,967506,24496,3146649600,17,2011874,333386,7425180,22111,4066238464,1,26257:11,94.697410004056,826978,316475312,2377972
54847470,26257,7468322816,10029912064,1846,1341,969302,24549,3153596416,17,2011879,333392,7425253,22111,4058619904,1,26257:9,94.74312826195853,827031,316488880,2378024
54952988,26257,7482216448,10029912064,1853,1344,971107,24602,3160543232,17,2011886,333395,7425326,22111,4051861504,1,26257:10,94.77036377954788,827084,316502448,2378028
55058558,26257,7496372224,10029912064,1863,1345,972917,24655,3167621120,17,2011896,333396,7425399,22111,4044926976,1,26257:11,104.19638138281574,827137,316516016,2378040
55163955,26257,7510003712,10029912064,1871,1348,974709,24708,3174436864,17,2011904,333402,7425469,22111,4038385664,1,26257:11,104.3667474069963,827190,316529584,2378088
55269513,26257,7523897344,10029912064,1876,1352,976503,24760,3181383680,17,2011911,333406,7425541,22111,4031270912,1,26257:10,85.26114142386788,827242,316542896,2378112
55375147,26257,7537659904,10029912064,1886,1353,978291,24813,3188199424,17,2011920,333408,7425614,22111,4024414208,1,26257:10,104.13399364004474,827294,316556208,2378128
55480775,26257,7551684608,10029912064,1895,1354,980107,24867,3195146240,17,2011929,333410,7425687,22111,4017278976,1,26257:10,94.6712623253108,827347,316569776,2378164
55586990,26257,7564660736,10029912064,1903,1355,981821,24917,3201830912,17,2011939,333419,7425750,22112,4014501888,1,26257:10,84.73356411053025,827415,316583200,2378180
55693838,26257,7578816512,10029912064,1913,1357,983637,24970,3208777728,17,2011949,333422,7425822,22112,4006809600,1,26257:11,112.30948555900768,827469,316597024,2378208
55800590,26257,7592710144,10029912064,1920,1360,985443,25022,3215372288,17,2011956,333425,7425895,22112,3999928320,1,26257:10,93.67474317500107,827520,316609904,2378244
55907070,26257,7606865920,10029912064,1927,1363,987285,25076,3222450176,17,2011964,333434,7425963,22112,3993227264,1,26257:10,93.91435716862189,827574,316623728,2378280
56013744,26257,7620759552,10029912064,1935,1365,989081,25129,3229396992,17,2011973,333436,7426036,22112,3986038784,1,26257:11,93.74382228211161,827627,316637296,2378288
56120344,26257,7634915328,10029912064,1945,1366,990908,25183,3236474880,17,2011982,333437,7426110,22112,3979341824,1,26257:10,103.18982642870817,827680,316650864,2378312
56227074,26257,7648546816,10029912064,1949,1372,992689,25237,3243020288,17,2011988,333443,7426183,22112,3972857856,1,26257:10,93.6945638545224,827732,316663648,2378372
56333944,26257,7662702592,10029912064,1959,1373,994519,25290,3250098176,17,2011999,333444,7426257,22112,3965718528,1,26257:11,102.92828539086634,827786,316677472,2378408
56440832,26257,7676596224,10029912064,1966,1376,996308,25343,3256913920,17,2012006,333451,7426327,22112,3958325248,1,26257:10,93.55621467364112,827838,316691040,2378440
56547302,26257,7690227712,10029912064,1976,1377,998104,25396,3263860736,17,2012016,333452,7426401,22112,3951185920,1,26257:11,103.31549569384771,827892,316704608,2378476
56653988,26257,7704383488,10029912064,1985,1378,999927,25449,3270807552,17,2012025,333454,7426474,22112,3944046592,1,26257:11,93.73291161146719,827945,316718176,2378500
56760622,26257,7718277120,10029912064,1995,1379,1001734,25503,3277885440,17,2012036,333455,7426547,22112,3936935936,1,26257:10,103.15648239133381,827998,316731744,2378520
56867256,26257,7732170752,10029912064,2004,1380,1003540,25556,3284832256,17,2012045,333459,7426618,22112,3930783744,1,26257:10,93.77905919985044,828051,316745312,2378548
56974243,26257,7745409024,10029912064,2008,1385,1005287,25607,3290664960,17,2012050,333465,7426692,22113,3924250624,1,26257:10,84.12231968530325,828105,316756960,2378604
57080569,26257,7758123008,10029912064,2015,1388,1006952,25660,3296436224,17,2012057,333468,7426765,22113,3917746176,1,26257:9,94.04986211443766,828154,316767976,2378644
57186399,26257,7772540928,10029912064,2024,1389,1008815,25715,3303645184,17,2012066,333480,7426828,22113,3910524928,1,26257:10,94.49142132701428,828209,316782056,2378664
57292633,26257,7786958848,10029912064,2032,1391,1010689,25770,3310854144,17,2012075,333492,7426891,22113,3902771200,1,26257:10,94.13156612739226,828264,316796136,2378684
57398671,26257,7801245696,10029912064,2039,1395,1012540,25824,3317932032,17,2012082,333508,7426954,22113,3895783424,1,26257:11,103.73619290133608,828319,316810216,2378724
57504909,26257,7814352896,10029912064,2045,1399,1014246,25874,3324485632,17,2012089,333522,7427016,22113,3900002304,1,26257:10,94.12868647117287,828369,316823016,2378752
57611437,26257,7818547200,10029912064,2049,1405,1014960,25896,3327107072,17,2012093,333540,7427079,22113,3897380864,1,26257:10,93.87182215720452,828418,316830104,2378768
57757622,26257,7790759936,10029912064,2058,1410,1016956,25954,3334971392,17,2012102,333560,7427163,22116,3887779840,1,26257:14,95.76887631914788,828480,316843632,2378864
57863965,26257,7778701312,10029912064,2066,1412,1018773,26008,3341918208,17,2012110,333569,7427231,22116,3881603072,1,26257:10,94.03615466340761,828534,316857456,2378928
57970240,26257,7793250304,10029912064,2071,1416,1020666,26063,3349258240,17,2012117,333573,7427305,22116,3874062336,1,26257:10,84.6852621890062,828590,316871792,2378940
58076463,26257,7807668224,10029912064,2078,1419,1022546,26118,3356467200,17,2012123,333576,7427379,22116,3866877952,1,26257:9,94.14168353497352,828646,316885872,2378964
58182423,26257,7803604992,10029912064,2086,1421,1024368,26172,3363545088,17,2012132,333582,7427449,22116,3859275776,1,26257:10,94.37523415675285,828699,316899440,2379012
58288166,26257,7775424512,10029912064,2094,1424,1026105,26223,3370229760,17,2012140,333595,7427512,22116,3853062144,1,26257:11,104.02587414762499,828751,316912752,2379096
58394244,26257,7789973504,10029912064,2102,1426,1027995,26279,3377569792,17,2012148,333597,7427587,22116,3845525504,1,26257:10,94.27010644207405,828806,316926832,2379108
58500163,26257,7804522496,10029912064,2109,1428,1029881,26334,3384778752,17,2012156,333599,7427661,22116,3838476288,1,26257:9,84.97108971967074,828862,316941168,2379128
58606259,26257,7808192512,10029912064,2117,1430,1031729,26390,3391684608,17,2012165,333604,7427732,22116,3831398400,1,26257:10,94.25437222940451,828916,316954400,2379160
58712129,26257,7791546368,10029912064,2124,1433,1033551,26444,3398762496,17,2012172,333614,7427798,22116,3824521216,1,26257:10,94.45482812607486,828970,316968224,2379228
58818142,26257,7806488576,10029912064,2132,1434,1035501,26501,3406233600,17,2012181,333615,7427872,22116,3816759296,1,26257:10,84.89591576785709,829028,316983072,2379244
58924298,26257,7777783808,10029912064,2143,1435,1037264,26553,3412918272,17,2012191,333625,7427936,22116,3809517568,1,26257:11,113.04021033391936,829080,316996128,2379344
59030100,26257,7779618816,10029912064,2150,1437,1039150,26608,3420258304,17,2012200,333630,7428007,22116,3802705920,1,26257:9,85.06522026050902,829136,317010464,2379384
59136273,26257,7794429952,10029912064,2158,1439,1041079,26665,3427729408,17,2012208,333633,7428081,22116,3795345408,1,26257:11,94.18557325102594,829193,317025056,2379400
59242201,26257,7776604160,10029912064,2166,1441,1042885,26718,3434676224,17,2012216,333644,7428146,22116,3788644352,1,26257:10,94.40385555919336,829245,317038368,2379468
59348094,26257,7764938752,10029912064,2174,1444,1044694,26772,3441623040,17,2012224,333652,7428214,22116,3781144576,1,26257:10,103.87843941040713,829299,317052192,2379516
59454157,26257,7779880960,10029912064,2182,1446,1046631,26828,3449094144,17,2012233,333654,7428288,22116,3773526016,1,26257:10,94.28351238856597,829356,317066784,2379528
59560272,26257,7764807680,10029912064,2191,1447,1048449,26882,3456040960,17,2012242,333662,7428355,22116,3765841920,1,26257:10,94.23742215717998,829409,317080352,2379596
59666010,26257,7750914048,10029912064,2199,1449,1050250,26935,3463118848,17,2012251,333671,7428422,22116,3760304128,1,26257:10,94.57329898809407,829462,317093920,2379660
59771993,26257,7765594112,10029912064,2206,1452,1052163,26991,3470458880,17,2012258,333674,7428496,22116,3752685568,1,26257:10,94.3545306573533,829519,317108512,2379676
59878037,26257,7775162368,10029912064,2215,1453,1054049,27047,3477667840,17,2012268,333676,7428569,22116,3745005568,1,26257:10,94.30047904643357,829574,317122592,2379700
59983824,26257,7741870080,10029912064,2224,1454,1055807,27098,3484483584,17,2012277,333688,7428631,22116,3737997312,1,26257:10,94.53009007148384,829626,317135904,2379800
60089771,26257,7751962624,10029912064,2231,1457,1057694,27154,3491823616,17,2012285,333693,7428704,22116,3730624512,1,26257:10,94.38625746662547,829681,317149984,2379816
60195772,26257,7766642688,10029912064,2239,1459,1059564,27212,3499126784,17,2012292,333695,7428778,22116,3723161600,1,26257:10,94.3392871140449,829739,317164504,2379828
60301952,26257,7770574848,10029912064,2247,1461,1061434,27269,3506597888,17,2012302,333700,7428849,22116,3715395584,1,26257:10,94.17940126782992,829795,317178840,2379868
60407793,26257,7739248640,10029912064,2255,1463,1063137,27321,3513282560,17,2012309,333713,7428912,22116,3708477440,1,26257:10,94.48104382883977,829847,317192152,2379964
60513862,26257,7754452992,10029912064,2262,1466,1065048,27378,3520884736,17,2012317,333716,7428986,22116,3700768768,1,26257:10,94.27810439955657,829905,317207000,2379980
60619925,26257,7769264128,10029912064,2268,1470,1066923,27435,3528355840,17,2012324,333721,7429056,22118,3691966464,1,26257:10,94.28395685969669,829967,317221432,2380008
60725828,26257,7764152320,10029912064,2275,1472,1068633,27487,3535171584,17,2012332,333735,7429116,22118,3683381248,1,26257:11,84.9835590334563,830023,317234848,2380052
60831771,26257,7775424512,10029912064,2282,1476,1070318,27538,3541856256,17,2012338,333741,7429186,22118,3676536832,1,26257:9,103.82892572307078,830075,317248160,2380084
60937902,26257,7774769152,10029912064,2289,1479,1072058,27591,3548803072,17,2012346,333756,7429249,22118,3669204992,1,26257:10,94.22339985558757,830127,317261472,2380104
61044601,26257,7744491520,10029912064,2296,1483,1073575,27637,3554832384,17,2012353,333772,7429311,22118,3662528512,1,26257:11,103.09348013495013,830173,317273248,2380168
61151139,26257,7746457600,10029912064,2303,1486,1075234,27687,3561385984,17,2012362,333778,7429381,22118,3657031680,1,26257:11,93.86330444805904,830224,317286304,2380192
61257872,26257,7759958016,10029912064,2312,1488,1076929,27738,3568070656,17,2012371,333780,7429454,22118,3650220032,1,26257:10,103.06108280470805,830275,317299360,2380224
61364759,26257,7773720576,10029912064,2317,1493,1078660,27791,3575017472,17,2012376,333786,7429527,22118,3643252736,1,26257:10,93.55683437352941,830328,317312928,2380252
61471356,26257,7777914880,10029912064,2327,1494,1080359,27843,3581702144,17,2012386,333790,7429598,22118,3635617792,1,26257:11,103.19208581994208,830379,317325984,2380276
61577900,26257,7745540096,10029912064,2335,1497,1081876,27888,3587731456,17,2012394,333806,7429660,22118,3630358528,1,26257:11,103.2440626662552,830425,317337760,2380364
61684342,26257,7757074432,10029912064,2342,1500,1083594,27941,3594547200,17,2012401,333810,7429732,22118,3623378944,1,26257:10,93.94814162167513,830477,317351072,2380412
61790841,26257,7770181632,10029912064,2350,1502,1085307,27993,3601358848,17,2012410,333814,7429805,22119,3616784384,1,26257:10,93.89752915694339,830528,317364120,2380440
61897588,26257,7784075264,10029912064,2356,1507,1087094,28045,3608174592,17,2012417,333819,7429879,22119,3609583616,1,26257:11,103.04680261181676,830581,317377688,2380468
62004252,26257,7752749056,10029912064,2363,1510,1088642,28091,3614072832,17,2012424,333834,7429940,22119,3604606976,1,26257:10,93.75264704739399,830626,317389208,2380544
62110628,26257,7753928704,10029912064,2372,1512,1090363,28141,3620757504,17,2012434,333838,7430011,22119,3596959744,1,26257:12,103.40666877879488,830677,317402264,2380564
62217237,26257,7767560192,10029912064,2381,1514,1092120,28193,3627573248,17,2012443,333841,7430084,22119,3589849088,1,26257:10,103.18087308765742,830728,317415320,2380588
62323819,26257,7781322752,10029912064,2389,1516,1093912,28246,3634520064,17,2012452,333843,7430157,22119,3583119360,1,26257:10,93.82426278359569,830782,317429144,2380608
62430757,26257,7769526272,10029912064,2395,1520,1095637,28296,3641073664,17,2012458,333854,7430224,22119,3577380864,1,26257:10,93.51272665193878,830832,317441944,2380696
62537325,26257,7752224768,10029912064,2403,1524,1097286,28345,3647496192,17,2012467,333865,7430290,22119,3571273728,1,26257:12,112.60386087485203,830881,317454488,2380748
62643972,26257,7766249472,10029912064,2412,1525,1099095,28398,3654443008,17,2012476,333866,7430363,22119,3564126208,1,26257:10,93.76685928129879,830934,317468032,2380768
62750202,26257,7779749888,10029912064,2421,1526,1100857,28450,3661258752,17,2012486,333868,7430437,22119,3556909056,1,26257:11,94.13551730243756,830986,317481112,2380796
62856809,26257,7786172416,10029912064,2426,1531,1102649,28503,3668074496,17,2012491,333875,7430508,22119,3549827072,1,26257:9,93.80314035841748,831039,317494680,2380864
62963160,26257,7753011200,10029912064,2434,1534,1104216,28549,3674103808,17,2012499,333890,7430570,22119,3543633920,1,26257:11,103.43089395989249,831085,317506456,2380940
63069733,26257,7764938752,10029912064,2441,1537,1106002,28601,3681050624,17,2012507,333894,7430643,22119,3536863232,1,26257:10,93.83214916691924,831138,317520024,2380964
63176391,26257,7778832384,10029912064,2450,1539,1107797,28654,3687997440,17,2012516,333896,7430716,22119,3529986048,1,26257:11,103.13310884068261,831191,317533592,2380980
63282859,26257,7789187072,10029912064,2456,1543,1109577,28706,3694813184,17,2012522,333902,7430789,22119,3522998272,1,26257:10,93.92497930128269,831243,317546904,2381028
63389366,26257,7756025856,10029912064,2464,1546,1111142,28752,3700711424,17,2012531,333918,7430850,22119,3516825600,1,26257:11,103.27952488864732,831288,317558424,2381104
63495626,26257,7763628032,10029912064,2472,1548,1112859,28805,3707658240,17,2012539,333921,7430922,22119,3510620160,1,26257:10,94.10923612888207,831341,317571992,2381128
63602284,26257,7777521664,10029912064,2477,1554,1114668,28858,3714605056,17,2012545,333926,7430996,22119,3503239168,1,26257:11,103.13278684769696,831395,317585560,2381152
63708787,26257,7791415296,10029912064,2486,1555,1116478,28911,3721551872,17,2012554,333929,7431069,22119,3496083456,1,26257:10,93.89459062747201,831448,317599128,2381172
63815103,26257,7759826944,10029912064,2492,1559,1118045,28957,3727581184,17,2012561,333943,7431131,22119,3490123776,1,26257:11,94.05933469763262,831494,317610904,2381256
63921598,26257,7763365888,10029912064,2499,1563,1119802,29009,3734396928,17,2012569,333950,7431202,22119,3484172288,1,26257:10,103.29140406587831,831546,317624216,2381280
64028326,26257,7777390592,10029912064,2508,1565,1121626,29063,3741474816,17,2012578,333952,7431275,22119,3476652032,1,26257:11,103.0655894513606,831599,317637784,2381308
64134934,26257,7791284224,10029912064,2518,1565,1123419,29116,3748421632,17,2012588,333953,7431348,22119,3469774848,1,26257:10,93.80152664423453,831652,317651352,2381336
64241667,26257,7762579456,10029912064,2525,1569,1125026,29163,3754450944,17,2012596,333967,7431411,22119,3462774784,1,26257:11,103.06084237116802,831699,317663384,2381416
64348033,26257,7763890176,10029912064,2532,1572,1126775,29214,3761266688,17,2012604,333973,7431481,22119,3456630784,1,26257:10,94.0144939136803,831751,317676696,2381460
64454613,26257,7777914880,10029912064,2542,1573,1128594,29268,3768344576,17,2012614,333975,7431555,22119,3449356288,1,26257:11,103.20939173939053,831805,317690520,2381492
64561321,26257,7792070656,10029912064,2548,1577,1130436,29322,3775422464,17,2012622,333978,7431628,22119,3441897472,1,26257:11,93.7137342491227,831858,317704088,2381532
64667653,26257,7764283392,10029912064,2557,1579,1132018,29368,3781451776,17,2012631,333991,7431691,22119,3436597248,1,26257:10,103.44888909670622,831905,317716120,2381612
64774190,26257,7764807680,10029912064,2566,1581,1133752,29420,3788267520,17,2012640,333996,7431762,22119,3430023168,1,26257:11,103.25080562145068,831956,317729176,2381652
64880938,26257,7778963456,10029912064,2569,1587,1135588,29473,3795214336,17,2012645,334004,7431835,22119,3422515200,1,26257:9,84.31115221831448,832010,317743000,2381704
64987607,26257,7792988160,10029912064,2579,1588,1137420,29527,3802292224,17,2012654,334005,7431908,22119,3415580672,1,26257:11,103.12199012691316,832064,317756824,2381732
65094345,26257,7767298048,10029912064,2586,1591,1138962,29575,3808321536,17,2012663,334018,7431972,22119,3409035264,1,26257:10,93.68754144385505,832110,317768600,2381796
65200879,26257,7765856256,10029912064,2594,1593,1140688,29626,3815137280,17,2012672,334023,7432042,22119,3402514432,1,26257:10,93.86660843432591,832161,317781656,2381836
65307574,26257,7780012032,10029912064,2603,1596,1142524,29679,3822084096,17,2012680,334026,7432116,22119,3395059712,1,26257:12,112.47075338646626,832215,317795480,2381864
65414346,26257,7793905664,10029912064,2605,1604,1144339,29733,3829161984,17,2012683,334034,7432189,22119,3388293120,1,26257:10,93.65723338836538,832269,317809304,2381932
65521057,26257,7769657344,10029912064,2613,1606,1145971,29781,3835453440,17,2012691,334046,7432254,22119,3382210560,1,26257:10,93.71084321700816,832316,317821336,2382012
65627425,26257,7767691264,10029912064,2620,1610,1147691,29831,3842007040,17,2012698,334054,7432323,22119,3375718400,1,26257:11,103.41452576975286,832367,317834392,2382076
65734203,26257,7781715968,10029912064,2625,1615,1149519,29885,3849084928,17,2012704,334062,7432392,22119,3366260736,1,26257:11,93.65273811948525,832421,317848216,2382124
65841515,26257,7793250304,10029912064,2634,1616,1151321,29938,3856031744,17,2012713,334067,7432461,22119,3358478336,1,26257:9,93.18642654711321,832473,317861528,2382152
65947811,26257,7759302656,10029912064,2641,1620,1152893,29984,3862061056,17,2012719,334082,7432523,22119,3352616960,1,26257:11,103.4846129105371,832520,317873560,2382244
66054225,26257,7769919488,10029912064,2649,1622,1154680,30037,3869007872,17,2012728,334086,7432595,22119,3345887232,1,26257:11,93.97197855209875,832573,317887128,2382260
66160792,26257,7783944192,10029912064,2654,1628,1156494,30090,3875954688,17,2012732,334092,7432669,22119,3338498048,1,26257:10,103.2218204547456,832626,317900696,2382320
66267407,26257,7797706752,10029912064,2658,1634,1158308,30144,3882901504,17,2012737,334097,7432742,22119,3332022272,1,26257:10,93.7949658928676,832679,317914264,2382372
66373517,26257,7764021248,10029912064,2664,1638,1159879,30190,3889061888,17,2012744,334115,7432804,22119,3325214720,1,26257:10,94.24186182412775,832725,317926040,2382456
66479857,26257,7772409856,10029912064,2674,1639,1161660,30242,3895877632,17,2012754,334116,7432876,22119,3318190080,1,26257:11,103.44248502853404,832778,317939608,2382480
66586716,26257,7786172416,10029912064,2680,1644,1163457,30295,3902824448,17,2012760,334121,7432949,22119,3311198208,1,26257:11,102.93880075866646,832832,317953176,2382540
66693301,26257,7791284224,10029912064,2686,1647,1165183,30348,3909574656,17,2012768,334126,7433021,22119,3304640512,1,26257:9,84.43998738916935,832883,317966104,2382584
66799636,26257,7761137664,10029912064,2694,1651,1166783,30395,3915735040,17,2012775,334140,7433083,22119,3298795520,1,26257:12,112.85054871745493,832931,317978392,2382664
66906187,26257,7775293440,10029912064,2700,1655,1168644,30450,3922944000,17,2012782,334145,7433157,22119,3291303936,1,26257:10,93.85232895398971,832985,317992216,2382716
67012746,26257,7789449216,10029912064,2706,1659,1170482,30504,3930021888,17,2012789,334150,7433230,22119,3283791872,1,26257:11,93.84429298601185,833039,318006040,2382768
67119293,26257,7795085312,10029912064,2714,1661,1172314,30558,3936968704,17,2012797,334155,7433301,22119,3277156352,1,26257:9,93.85541282702218,833093,318019864,2382820
67225839,26257,7765331968,10029912064,2722,1664,1173896,30604,3943129088,17,2012805,334169,7433364,22119,3270266880,1,26257:11,103.24208394371696,833140,318031896,2382912
67332365,26257,7779487744,10029912064,2729,1668,1175740,30658,3950338048,17,2012812,334174,7433437,22119,3263483904,1,26257:11,103.26053881518126,833194,318045720,2382956
67439305,26257,7793905664,10029912064,2736,1671,1177593,30713,3957415936,17,2012820,334177,7433511,22119,3256340480,1,26257:10,93.51014006191906,833250,318059800,2382984
67546032,26257,7786434560,10029912064,2745,1673,1179313,30764,3963969536,17,2012830,334185,7433579,22119,3250208768,1,26257:11,103.06711815061608,833300,318072600,2383056
67652342,26257,7769395200,10029912064,2750,1679,1180958,30812,3970392064,17,2012834,334198,7433645,22119,3243098112,1,26257:11,103.47143173053233,833349,318085144,2383128
67758912,26257,7783682048,10029912064,2757,1682,1182821,30867,3977601024,17,2012842,334202,7433718,22119,3235938304,1,26257:10,93.83453347858044,833404,318099224,2383160
67865857,26257,7798099968,10029912064,2765,1685,1184691,30922,3984809984,17,2012850,334206,7433792,22119,3228655616,1,26257:11,102.85662584898094,833458,318113048,2383204
67972582,26257,7780929536,10029912064,2772,1688,1186360,30971,3991101440,17,2012858,334216,7433857,22119,3222519808,1,26257:10,93.69847754965738,833507,318125592,2383284
68078936,26257,7774507008,10029912064,2778,1692,1188081,31021,3997786112,17,2012865,334226,7433926,22119,3215798272,1,26257:11,94.02569126019259,833558,318138648,2383356
68185616,26257,7788662784,10029912064,2787,1694,1189918,31075,4004864000,17,2012874,334228,7433999,22119,3208720384,1,26257:10,103.11280787715108,833612,318152472,2383376
68292273,26257,7803080704,10029912064,2794,1698,1191787,31130,4012072960,17,2012882,334232,7434072,22119,3201323008,1,26257:11,103.13399554046727,833667,318166552,2383428
68398922,26257,7770312704,10029912064,2801,1701,1193315,31177,4018036736,17,2012889,334248,7434135,22119,3195518976,1,26257:11,93.76597918794705,833713,318178200,2383504
68505243,26257,7779094528,10029912064,2810,1703,1195089,31230,4024852480,17,2012899,334250,7434207,22119,3189354496,1,26257:10,103.45987601688242,833765,318191512,2383532
68611792,26257,7793119232,10029912064,2819,1704,1196912,31283,4031930368,17,2012908,334252,7434280,22119,3181957120,1,26257:10,93.85357710098108,833819,318205336,2383552
68718661,26257,7794823168,10029912064,2828,1705,1198670,31335,4038615040,17,2012918,334256,7434351,22119,3175002112,1,26257:11,93.5723365439125,833870,318218392,2383592
68825008,26257,7770050560,10029912064,2836,1708,1200280,31382,4044906496,17,2012926,334269,7434415,22119,3168792576,1,26257:10,103.4354330074277,833918,318230680,2383672
68931670,26257,7784075264,10029912064,2841,1714,1202101,31436,4051984384,17,2012932,334275,7434488,22119,3161571328,1,26257:11,103.12952351872535,833971,318244248,2383708
69038374,26257,7798099968,10029912064,2851,1714,1203927,31489,4059062272,17,2012942,334276,7434562,22119,3154427904,1,26257:10,93.71724728640541,834025,318258072,2383732
69145162,26257,7780667392,10029912064,2859,1716,1205578,31538,4065353728,17,2012951,334286,7434628,22119,3147964416,1,26257:10,93.64276235698422,834073,318270360,2383804
69251410,26257,7775424512,10029912064,2867,1720,1207293,31588,4072038400,17,2012959,334294,7434697,22119,3141554176,1,26257:12,112.94348317513871,834124,318283416,2383860
69358362,26257,7789449216,10029912064,2875,1721,1209122,31642,4078985216,17,2012968,334296,7434771,22119,3134414848,1,26257:9,84.14965117865844,834178,318297240,2383888
69465016,26257,7802032128,10029912064,2885,1722,1210932,31695,4085932032,17,2012978,334298,7434843,22119,3126829056,1,26257:11,103.13729880057791,834231,318310808,2383912
69571312,26257,7767429120,10029912064,2892,1725,1212496,31741,4091961344,17,2012985,334313,7434905,22119,3121262592,1,26257:11,94.07740141057587,834277,318322584,2384004
69677795,26257,7781191680,10029912064,2900,1728,1214307,31795,4099039232,17,2012994,334316,7434979,22119,3114012672,1,26257:10,103.30235755795216,834331,318336408,2384032
69784653,26257,7795347456,10029912064,2908,1730,1216137,31849,4106117120,17,2013002,334318,7435052,22119,3107135488,1,26257:10,93.58266162584283,834384,318349976,2384048
69891153,26257,7786696704,10029912064,2915,1733,1217836,31899,4112539648,17,2013010,334328,7435120,22119,3100725248,1,26257:11,93.89657431306347,834434,318362776,2384116
69997570,26257,7773065216,10029912064,2924,1735,1219465,31948,4118970368,17,2013019,334337,7435187,22119,3094257664,1,26257:10,103.36682863371662,834484,318375336,2384168
70104323,26257,7787483136,10029912064,2929,1741,1221335,32003,4126179328,17,2013024,334343,7435261,22119,3087204352,1,26257:11,103.04165475754937,834539,318389416,2384204
70210890,26257,7801901056,10029912064,2936,1744,1223206,32058,4133519360,17,2013032,334347,7435334,22119,3079561216,1,26257:10,93.83812866502407,834594,318403496,2384252
70317616,26257,7771492352,10029912064,2943,1748,1224821,32106,4139679744,17,2013040,334362,7435396,22119,3073298432,1,26257:11,103.06760100882568,834641,318415528,2384336
70424008,26257,7746326528,10029912064,2951,1751,1226442,32154,4145971200,17,2013048,334373,7435460,22119,3067473920,1,26257:11,103.39071251568544,834690,318428072,2384412
70530807,26257,7760744448,10029912064,2958,1754,1228313,32209,4153180160,17,2013056,334378,7435534,22119,3060305920,1,26257:10,93.63377502850705,834745,318442152,2384448
70637748,26257,7775424512,10029912064,2965,1757,1230204,32264,4160389120,17,2013064,334382,7435607,22119,3053195264,1,26257:10,93.50941168020638,834800,318456232,2384492
70744389,26257,7789842432,10029912064,2972,1761,1232074,32319,4167598080,17,2013070,334386,7435680,22119,3045801984,1,26257:11,103.1504356080405,834855,318470312,2384536
70851048,26257,7798362112,10029912064,2979,1763,1233813,32370,4174282752,17,2013078,334393,7435744,22121,3038257152,1,26257:10,84.38100871889274,834914,318484032,2384576
70958485,26257,7769657344,10029912064,2986,1768,1235446,32418,4180574208,17,2013086,334410,7435805,22121,3031982080,1,26257:11,111.69283012263296,834962,318496320,2384672
71065403,26257,7783944192,10029912064,2994,1770,1237306,32473,4187783168,17,2013095,334413,7435878,22121,3024732160,1,26257:10,93.53018244240566,835017,318510400,2384704
71171845,26257,7798493184,10029912064,3002,1772,1239187,32528,4195123200,17,2013104,334415,7435952,22121,3017535488,1,26257:10,93.9476270539253,835072,318524480,2384736
71278613,26257,7776997376,10029912064,3009,1776,1240833,32577,4201414656,17,2013111,334429,7436016,22121,3011235840,1,26257:11,103.02749960378902,835121,318536768,2384832
71385449,26257,7778963456,10029912064,3018,1778,1242622,32629,4208361472,17,2013120,334434,7436087,22121,3004256256,1,26257:11,102.96063974799428,835174,318550336,2384884
71492014,26257,7793381376,10029912064,3026,1780,1244498,32685,4215570432,17,2013129,334436,7436160,22121,2996920320,1,26257:10,93.83966966934841,835229,318564416,2384924
71598685,26257,7789056000,10029912064,3034,1783,1246181,32736,4222255104,17,2013138,334443,7436229,22121,2989756416,1,26257:11,103.12066184265711,835281,318577728,2384992
71705388,26257,7773851648,10029912064,3043,1785,1247807,32786,4228808704,17,2013147,334452,7436296,22121,2984370176,1,26257:11,103.09070236763918,835330,318590272,2385040
71812080,26257,7788007424,10029912064,3051,1787,1249593,32840,4235886592,17,2013155,334454,7436369,22121,2977230848,1,26257:10,93.72731183967996,835385,318604352,2385072
71918716,26257,7802294272,10029912064,3058,1790,1251381,32894,4242964480,17,2013162,334458,7436443,22121,2970091520,1,26257:10,93.77708047641458,835439,318618176,2385108
72025302,26257,7770705920,10029912064,3065,1794,1252919,32941,4248993792,17,2013171,334471,7436505,22121,2963943424,1,26257:11,103.20265419213028,835485,318629952,2385192
72131551,26257,7782502400,10029912064,3072,1797,1254675,32994,4256071680,17,2013178,334475,7436578,22121,2956726272,1,26257:10,94.11886861101002,835540,318643776,2385236
72238242,26257,7796789248,10029912064,3078,1801,1256465,33048,4263149568,17,2013185,334479,7436651,22121,2949476352,1,26257:11,93.72881230907501,835594,318657600,2385280
72344957,26257,7782240256,10029912064,3085,1804,1258094,33098,4269572096,17,2013193,334490,7436718,22121,2943492096,1,26257:9,93.7072208966503,835643,318670144,2385352
72451345,26257,7777390592,10029912064,3093,1807,1259778,33148,4276256768,17,2013201,334499,7436786,22121,2936848384,1,26257:11,103.39528788382904,835694,318683200,2385412
72558178,26257,7791546368,10029912064,3099,1812,1261559,33202,4283334656,17,2013208,334504,7436860,22121,2929569792,1,26257:11,102.96417382164711,835748,318697024,2385436
72664998,26257,7797182464,10029912064,3107,1814,1263313,33256,4290281472,17,2013216,334510,7436931,22121,2921660416,1,26257:10,93.61529461220015,835801,318710592,2385488
72771308,26257,7786434560,10029912064,3115,1816,1264987,33306,4296966144,17,2013224,334518,7436998,22121,2915872768,1,26257:11,94.06471761687114,835852,318723648,2385540
72878009,26257,7800852480,10029912064,3122,1821,1266807,33361,4304306176,17,2013232,334522,7437071,22121,2908450816,1,26257:11,112.46381441626214,835907,318737728,2385580
72984666,26257,7808847872,10029912064,3126,1827,1268573,33415,4311252992,17,2013236,334538,7437135,22121,2901159936,1,26257:10,93.75832368818018,835960,318751296,2385644
73090549,26257,7776210944,10029912064,3133,1830,1270241,33466,4317806592,17,2013244,334552,7437198,22121,2902519808,1,26257:11,94.44445866358238,836011,318764352,2385724
73196434,26257,7753535488,10029912064,3142,1832,1271970,33518,4324622336,17,2013253,334562,7437262,22121,2896760832,1,26257:10,103.88632901431272,836063,318777664,2385812
73302167,26257,7767691264,10029912064,3151,1832,1273790,33573,4331962368,17,2013262,334562,7437337,22121,2889498624,1,26257:10,85.11992730985195,836119,318792000,2385828
73408271,26257,7775817728,10029912064,3159,1834,1275661,33628,4339171328,17,2013270,334566,7437409,22121,2882179072,1,26257:9,94.24659946959522,836174,318806080,2385860
73514114,26257,7744229376,10029912064,3168,1836,1277249,33675,4345331712,17,2013279,334580,7437471,22121,2874810368,1,26257:11,103.92747011456946,836220,318817856,2385948
73620353,26257,7714738176,10029912064,3174,1840,1278841,33722,4351492096,17,2013286,334594,7437534,22121,2869186560,1,26257:11,94.12791209522304,836268,318830144,2386040
73727059,26257,7728631808,10029912064,3184,1841,1280663,33776,4358569984,17,2013296,334595,7437608,22121,2862223360,1,26257:10,103.08711999346389,836321,318843712,2386072
73833911,26257,7742787584,10029912064,3193,1841,1282486,33829,4365516800,17,2013306,334597,7437681,22121,2854850560,1,26257:10,84.22817265978034,836375,318857536,2386096
73940557,26257,7756943360,10029912064,3203,1842,1284323,33883,4372594688,17,2013316,334598,7437755,22121,2848092160,1,26257:10,103.14495532557564,836429,318871360,2386128
74047065,26257,7771099136,10029912064,3212,1843,1286154,33937,4379672576,17,2013326,334600,7437828,22121,2840756224,1,26257:11,93.8896688042872,836483,318885184,2386152
74153445,26257,7754846208,10029912064,3220,1846,1287839,33987,4386095104,17,2013334,334610,7437895,22121,2833956864,1,26257:10,103.40354945091916,836532,318897728,2386224
74259805,26257,7754059776,10029912064,3229,1848,1289565,34037,4392779776,17,2013343,334616,7437965,22121,2826997760,1,26257:11,103.42238492715394,836583,318910784,2386264
74366562,26257,7768215552,10029912064,3236,1851,1291404,34092,4399988736,17,2013351,334619,7438038,22121,2819862528,1,26257:10,93.67061210719451,836637,318924608,2386312
74473297,26257,7763890176,10029912064,3245,1852,1293140,34143,4406542336,17,2013361,334626,7438107,22121,2813255680,1,26257:10,93.69002813464701,836688,318937664,2386360
74579589,26257,7752224768,10029912064,3249,1859,1294802,34192,4412964864,17,2013365,334638,7438174,22121,2806919168,1,26257:11,103.48806134441115,836737,318950208,2386448
74686145,26257,7766380544,10029912064,3258,1860,1296639,34245,4420042752,17,2013375,334640,7438248,22121,2800095232,1,26257:11,93.84755952377657,836791,318964032,2386480
74792936,26257,7774900224,10029912064,3266,1863,1298467,34299,4427120640,17,2013383,334645,7438319,22121,2792579072,1,26257:10,103.00506894499146,836844,318977600,2386524
74899256,26257,7744098304,10029772800,3270,1865,1298937,34352,4432363520,17,2013386,334656,7438385,22125,2790846464,1,26257:6,56.43341123181956,836910,318988160,2386616
75005969,26257,7789187072,10101006336,3272,1873,1316308,34357,4432539648,17,2013388,334671,7438453,22126,2717364224,1,26257:10,93.70886737118805,836913,318988440,2386616
75113063,26257,7778045952,10200059904,3281,1874,1317233,34362,4432887808,17,2013398,334676,7438524,22126,2716581888,1,26257:10,93.37636701483943,836918,318989120,2386620
75224371,26257,7780798464,10262044672,3338,1876,1318818,34422,4433657856,17,2013472,334678,7438550,22132,2711425024,8,26257:59;26515:0;26516:0;26517:0;26518:0;26519:0;26520:0;26521:0,530.0568703406598,836940,318990624,2386636
75364931,26257,7780798464,10262044672,3440,1876,1318818,34422,4433657856,17,2013569,334679,7438557,22132,2711425024,8,26257:103;26515:98;26516:97;26517:97;26518:97;26519:97;26520:97;26521:99,725.6721041633153,836940,318990624,2386636
75499060,26257,7780798464,10262044672,3537,1877,1318818,34422,4433657856,17,2013672,334679,7438566,22132,2711425024,8,26257:99;26515:103;26516:102;26517:101;26518:101;26519:101;26520:102;26521:99,730.638658930933,836940,318990624,2386636
75636373,26257,7780798464,10262044672,3636,1877,1318818,34422,4433657856,17,2013762,334680,7438574,22132,2711425024,8,26257:97;26515:96;26516:94;26517:94;26518:94;26519:91;26520:91;26521:91,720.9814156334639,836940,318990624,2386636
75768511,26257,7780798464,10262044672,3732,1877,1318818,34422,4433657856,17,2013859,334680,7438581,22132,2711425024,8,26257:97;26515:97;26516:98;26517:98;26518:101;26519:102;26520:101;26521:101,726.5112499169716,836940,318990624,2386636
75898585,26257,7780798464,10262044672,3821,1878,1318818,34422,4433657856,17,2013938,334684,7438590,22132,2711166976,8,26257:89;26515:86;26516:86;26517:88;26518:85;26519:84;26520:85;26521:85,691.9159507860787,836940,318990624,2386636
76020384,26257,7781191680,10262044672,3881,1881,1318992,34422,4433657856,17,2013997,334692,7438616,22132,2710409216,8,26257:63;26515:65;26516:64;26517:62;26518:62;26519:62;26520:63;26521:66,517.2459020269758,836940,318990624,2386636
76144364,26257,7781978112,10262044672,3970,1882,1320379,34422,4433657856,17,2014102,334692,7438617,22132,2709635072,8,26257:90;26515:88;26516:94;26517:94;26518:100;26519:100;26520:98;26521:101,725.921978583269,836940,318990624,2386636
76280527,26257,7782502400,10262044672,4069,1882,1321203,34422,4433657856,17,2014190,334692,7438632,22132,2709377024,8,26257:100;26515:100;26516:97;26517:97;26518:91;26519:94;26520:95;26521:89,727.0685338472067,836940,318990624,2386636
76412372,26257,7782502400,10262044672,4163,1882,1321203,34422,4433657856,17,2014284,334692,7438640,22132,2709377024,8,26257:95;26515:95;26516:95;26517:95;26518:95;26519:92;26520:94;26521:95,712.9584846398101,836940,318990624,2386636
76539644,26257,7782502400,10262044672,4256,1882,1321203,34422,4433657856,17,2014371,334693,7438646,22132,2709377024,8,26257:91;26515:91;26516:88;26517:88;26518:88;26519:89;26520:87;26521:86,730.7213836286401,836940,318990624,2386636
76656381,26257,7782502400,10262044672,4340,1882,1321203,34422,4433657856,17,2014458,334693,7438657,22132,2709377024,8,26257:84;26515:84;26516:84;26517:88;26518:88;26519:90;26520:89;26521:89,719.5675234711362,836940,318990624,2386636
76788367,26257,7782502400,10262044672,4434,1882,1321203,34422,4433657856,17,2014549,334694,7438664,22132,2709377024,8,26257:95;26515:95;26516:95;26517:91;26518:91;26519:88;26520:88;26521:91,712.1923558212413,836940,318990624,2386636
76912381,26257,7782502400,10262044672,4526,1882,1321203,34422,4433657856,17,2014642,334694,7438672,22132,2709377024,8,26257:91;26515:91;26516:91;26517:94;26518:94;26519:94;26520:97;26521:95,741.8541252076718,836940,318990624,2386636
77038019,26257,7782502400,10262044672,4614,1882,1321203,34422,4433657856,17,2014732,334695,7438680,22132,2709377024,8,26257:91;26515:91;26516:91;26517:88;26518:88;26519:94;26520:91;26521:90,700.42675330606,836940,318990624,2386636
77163131,26257,7782502400,10262044672,4705,1882,1321203,34422,4433657856,17,2014827,334695,7438688,22132,2709377024,8,26257:90;26515:90;26516:90;26517:90;26518:96;26519:92;26520:94;26521:95,727.3461565366583,836940,318990624,2386636
77294158,26257,7782502400,10262044672,4800,1882,1321203,34422,4433657856,17,2014920,334696,7438696,22132,2709377024,8,26257:96;26515:96;26516:96;26517:96;26518:96;26519:95;26520:93;26521:92,725.0404795823754,836940,318990624,2386636
77420112,26257,7665782784,10090532864,4863,1886,1321204,34423,4433678336,17,2014973,334700,7438729,22132,2822692864,8,26257:64;26515:64;26516:65;26517:65;26518:59;26519:58;26520:58;26521:58,531.9415624878303,836941,318990664,2386636
77534220,26257,7367208960,10090532864,4863,1897,1321204,34423,4433678336,17,2014974,334712,7438808,22132,3142782976,8,26257:12;26515:12;26516:11;26517:11;26518:11;26519:11;26520:11;26521:12,96.39982750390139,836941,318990664,2386636
77649399,26257,7035858944,10090532864,4863,1909,1321204,34423,4433678336,17,2014976,334725,7438889,22132,3462873088,8,26257:11;26515:11;26516:11;26517:12;26518:12;26519:12;26520:12;26521:11,104.1853341100813,836941,318990664,2386636
77768346,26257,6712430592,10090532864,4863,1921,1321204,34423,4433678336,17,2014976,334737,7438969,22132,3814481920,8,26257:12;26515:12;26516:12;26517:11;26518:11;26519:12;26520:12;26521:12,100.88559307239481,836941,318990664,2386636
77885609,26257,6354923520,10090532864,4863,1933,1321204,34423,4433678336,17,2014978,334750,7439051,22132,4170416128,8,26257:12;26515:12;26516:12;26517:12;26518:12;26519:12;26520:12;26521:12,102.33408353312925,836941,318990664,2386636
78007656,26257,5997416448,10090532864,4863,1945,1321204,34423,4433678336,17,2014981,334775,7439121,22132,4527476736,8,26257:12;26515:12;26516:12;26517:12;26518:13;26519:12;26520:12;26521:12,98.32290054981921,836941,318990664,2386636
78128600,26257,5639909376,10090532864,4863,1957,1321204,34423,4433678336,17,2014983,334799,7439191,22132,4884824064,8,26257:12;26515:12;26516:12;26517:13;26518:12;26519:12;26520:12;26521:12,99.21958176498869,836941,318990664,2386636
78249034,26257,5309603840,7811227648,4863,1969,1321205,34423,4433678336,17,2014985,334823,7439261,22132,5203292160,8,26257:12;26515:12;26516:12;26517:12;26518:12;26519:12;26520:12;26521:12,99.63966808631605,836941,318990664,2386636
78370321,26257,5027737600,7811227648,4863,1981,1321205,34423,4433678336,17,2014987,334848,7439331,22132,5495668736,8,26257:12;26515:12;26516:13;26517:12;26518:12;26519:12;26520:12;26521:13,98.93872143716408,836941,318990664,2386636
78490632,26257,4713758720,7811227648,4863,1993,1321205,34423,4433678336,17,2014989,334872,7439401,22132,5799632896,8,26257:12;26515:12;26516:12;26517:12;26518:12;26519:12;26520:12;26521:12,99.74170555457236,836941,318990664,2386636
78612012,26257,4415369216,7811227648,4863,2005,1321205,34423,4433678336,17,2014991,334897,7439471,22132,6094876672,8,26257:12;26515:13;26516:12;26517:12;26518:12;26519:12;26520:13;26521:12,98.862713822852,836941,318990664,2386636
78731678,26257,4117913600,7811227648,4863,2017,1321205,34423,4433678336,17,2014992,334922,7439541,22132,6395285504,8,26257:12;26515:12;26516:12;26517:12;26518:12;26519:12;26520:12;26521:12,100.27909426818987,836941,318990664,2386636
78852530,26257,3838652416,7811227648,4863,2029,1321205,34423,4433678336,17,2014994,334946,7439611,22132,6688780288,8,26257:12;26515:12;26516:12;26517:12;26518:12;26519:12;26520:12;26521:12,99.29535136648897,836941,318990664,2386636
78972803,26257,3561828352,7811227648,4863,2041,1321205,34423,4433678336,17,2014996,334970,7439680,22132,6951112704,8,26257:12;26515:12;26516:12;26517:12;26518:12;26519:12;26520:12;26521:12,99.77235357802242,836941,318990664,2386636
79092258,26257,3283714048,7811227648,4863,2053,1321205,34423,4433678336,17,2014998,334994,7439751,22132,7241129984,8,26257:12;26515:12;26516:12;26517:12;26518:12;26519:13;26520:12;26521:12,100.45632452844251,836941,318990664,2386636
79214458,26257,2965929984,7811227648,4863,2065,1321205,34423,4433678336,17,2015000,335018,7439822,22132,7533854720,8,26257:13;26515:12;26516:12;26517:12;26518:13;26519:12;26520:12;26521:12,98.19983178041484,836941,318990664,2386636
79336297,26257,2715234304,5094985728,4863,2078,1321268,34423,4433678336,17,2015004,335041,7439892,22132,7778643968,8,26257:12;26515:12;26516:12;26517:13;26518:12;26519:12;26520:12;26521:12,106.69809609558835,836941,318990664,2386636
79457382,26257,2705326080,5084835840,4872,2080,1321352,34424,4433809408,17,2015016,335054,7439963,22132,7789002752,8,26257:12;26515:12;26516:12;26517:11;26518:11;26519:11;26520:11;26521:12,90.84506165790603,836942,318990920,2386640
79579518,26257,2705326080,5084835840,4885,2080,1321352,34424,4433809408,17,2015031,335067,7440034,22132,7786696704,8,26257:12;26515:12;26516:12;26517:12;26518:12;26519:12;26520:13;26521:12,106.43915019932247,836942,318990920,2386640
79701337,26257,2611412992,5084569600,4894,2082,1321356,34424,4433809408,17,2015040,335084,7440103,22132,7784148992,8,26257:11;26515:12;26516:12;26517:12;26518:12;26519:13;26520:12;26521:12,90.29813521873213,836942,318990920,2386640
79820593,26257,2109202432,5084569600,4894,2094,1321356,34424,4433809408,17,2015042,335108,7440173,22132,7787765760,8,26257:12;26515:12;26516:12;26517:12;26518:12;26519:11;26520:12;26521:12,100.62335244458691,836942,318990920,2386640
79940193,26257,1581142016,5084569600,4894,2106,1321356,34424,4433809408,17,2015043,335132,7440242,22132,7786467328,8,26257:12;26515:11;26516:12;26517:12;26518:12;26519:12;26520:12;26521:12,100.33481560743508,836942,318990920,2386640
80059416,26257,1045721088,5084569600,4894,2118,1321356,34424,4433809408,17,2015044,335156,7440312,22132,7785226240,8,26257:12;26515:13;26516:12;26517:12;26518:12;26519:12;26520:12;26521:12,100.65141511989415,836942,318990920,2386640
80178939,26257,480620544,5084569600,4894,2130,1321356,34424,4433809408,17,2015046,335171,7440388,22132,7790039040,8,26257:12;26515:11;26516:11;26517:12;26518:12;26519:12;26520:11;26521:11,100.39910316827776,836942,318990920,2386640
80292884,26257,,,,,,,,,2015047,335181,7440462,22133,7823110144,0,,,836966,318992256,2386656
