tensor_name,source_representation,target_representation,source_payload_bytes,target_payload_bytes,source_sha256,target_sha256,match
token_embd.weight,GGML_Q8_0,GGML_Q8_0,540344320,540344320,a1c8a86668c05ad6392b1e55bb7b076e27a0e20eb1e553ab46df4c18f2d0191f,a1c8a86668c05ad6392b1e55bb7b076e27a0e20eb1e553ab46df4c18f2d0191f,true
blk.0.attn_norm.weight,CanonicalPrimitive,CanonicalPrimitive,8192,8192,f452e90d3bc696497fce0aee0233ce7d3f7dfa4dbfc2ebcc992d426a5df9e4ee,f452e90d3bc696497fce0aee0233ce7d3f7dfa4dbfc2ebcc992d426a5df9e4ee,true
blk.0.attn_qkv.weight,GGML_Q8_0,GGML_Q8_0,17825792,17825792,ea76f5f82dd23081f0ded7cf30cd834c80159025b869327541275a1f9c3852db,ea76f5f82dd23081f0ded7cf30cd834c80159025b869327541275a1f9c3852db,true
blk.0.ffn_gate_exps.weight,GGML_Q4_K,GGML_Q4_K,150994944,150994944,c9d49df7a50919c02bb86e6bb054fbd22d210aeec773d2378db14ddf31916fa1,c9d49df7a50919c02bb86e6bb054fbd22d210aeec773d2378db14ddf31916fa1,true
blk.0.ffn_gate_inp.weight,CanonicalPrimitive,CanonicalPrimitive,2097152,2097152,b07fb695bd8ed184fba6e13c43d21ef4fb0c29b76d3cca7b0ece67b7def85222,b07fb695bd8ed184fba6e13c43d21ef4fb0c29b76d3cca7b0ece67b7def85222,true
blk.0.ffn_gate_inp_shexp.weight,CanonicalPrimitive,CanonicalPrimitive,8192,8192,b79f587c6837e413617b7c1a1569b96880aacbdaed0599521e8b4f7580474932,b79f587c6837e413617b7c1a1569b96880aacbdaed0599521e8b4f7580474932,true
blk.0.ffn_gate_shexp.weight,GGML_Q8_0,GGML_Q8_0,1114112,1114112,ede4eebf4ee5ab689359578e8f133cb75a3d332e731ad0cf6e09a26fbb067352,ede4eebf4ee5ab689359578e8f133cb75a3d332e731ad0cf6e09a26fbb067352,true
blk.0.ffn_up_exps.weight,GGML_Q4_K,GGML_Q4_K,150994944,150994944,489b121b3c6e6ea371731764ce3814ceedb5f1ae79a2b7eb83ebd4329bfcb515,489b121b3c6e6ea371731764ce3814ceedb5f1ae79a2b7eb83ebd4329bfcb515,true
blk.0.ffn_up_shexp.weight,GGML_Q8_0,GGML_Q8_0,1114112,1114112,603845fbb38bcf2686edf7019d9bd25721dc1445e53450ef4f3d7d73c1b019c7,603845fbb38bcf2686edf7019d9bd25721dc1445e53450ef4f3d7d73c1b019c7,true
blk.0.ffn_down_exps.weight,GGML_Q5_K,GGML_Q5_K,184549376,184549376,9de5f362ef207e39f1647c15c9390d3f54b19e9c4aa9d1c63827bd588c289c22,9de5f362ef207e39f1647c15c9390d3f54b19e9c4aa9d1c63827bd588c289c22,true
blk.0.ffn_down_shexp.weight,GGML_Q8_0,GGML_Q8_0,1114112,1114112,63aceca25a621944b847e64cb8fbd6ee8413623b5f64ee1d8c755d702d3d6da9,63aceca25a621944b847e64cb8fbd6ee8413623b5f64ee1d8c755d702d3d6da9,true
blk.0.attn_gate.weight,GGML_Q8_0,GGML_Q8_0,8912896,8912896,179de4ea3eaa159fa9984da241c23c0962f6b018f69b6bfbb5ae5bce163c1675,179de4ea3eaa159fa9984da241c23c0962f6b018f69b6bfbb5ae5bce163c1675,true
blk.0.post_attention_norm.weight,CanonicalPrimitive,CanonicalPrimitive,8192,8192,b22b5501c496a7a4fa185022fd42cc59309ffc0334119ab09935f4f260e650fa,b22b5501c496a7a4fa185022fd42cc59309ffc0334119ab09935f4f260e650fa,true
blk.0.ssm_a,CanonicalPrimitive,CanonicalPrimitive,128,128,9f7ba1bb4cd1279b23e5e64a6b9fc64cb2530f9f7790c3376eaa77f90f5946ad,9f7ba1bb4cd1279b23e5e64a6b9fc64cb2530f9f7790c3376eaa77f90f5946ad,true
blk.0.ssm_alpha.weight,CanonicalPrimitive,CanonicalPrimitive,262144,262144,5f3c2bd0e0b246a06c1e2c7927ec0fd7776164f06e844607c9a05a98dec5a072,5f3c2bd0e0b246a06c1e2c7927ec0fd7776164f06e844607c9a05a98dec5a072,true
blk.0.ssm_beta.weight,CanonicalPrimitive,CanonicalPrimitive,262144,262144,81cf1d00fd2ec265e53c814c1f19378514f0a202c1dd0f5ae3812b87a6b46d65,81cf1d00fd2ec265e53c814c1f19378514f0a202c1dd0f5ae3812b87a6b46d65,true
blk.0.ssm_conv1d.weight,CanonicalPrimitive,CanonicalPrimitive,131072,131072,86a4640cfc294de8dd913421a3670a679032dc73324984ac16ccd37a99ba807b,86a4640cfc294de8dd913421a3670a679032dc73324984ac16ccd37a99ba807b,true
blk.0.ssm_dt.bias,CanonicalPrimitive,CanonicalPrimitive,128,128,29c9394e85df2ad2fb5e7aaa18c1c0e2dc3b0b39f775640b85554f5e69ea80a6,29c9394e85df2ad2fb5e7aaa18c1c0e2dc3b0b39f775640b85554f5e69ea80a6,true
blk.0.ssm_norm.weight,CanonicalPrimitive,CanonicalPrimitive,512,512,8b51ece7e812b72c556fa4540e4ce46ead78c137b11c2dbdace07f238f85b36c,8b51ece7e812b72c556fa4540e4ce46ead78c137b11c2dbdace07f238f85b36c,true
blk.0.ssm_out.weight,GGML_Q8_0,GGML_Q8_0,8912896,8912896,c88f5bd1bb94131ed5136d19bab9e53f65ffacf6144b227e0044caaf7aad774b,c88f5bd1bb94131ed5136d19bab9e53f65ffacf6144b227e0044caaf7aad774b,true
blk.1.attn_norm.weight,CanonicalPrimitive,CanonicalPrimitive,8192,8192,80bbc15117a1a0188ec3b9b51d0e36e4d082e21c894156e6fd6101f65603efea,80bbc15117a1a0188ec3b9b51d0e36e4d082e21c894156e6fd6101f65603efea,true
blk.1.attn_qkv.weight,GGML_Q8_0,GGML_Q8_0,17825792,17825792,db79de02fb37016dbc5073c7910be243f3077398931b173805ce7537d6ca0127,db79de02fb37016dbc5073c7910be243f3077398931b173805ce7537d6ca0127,true
blk.1.ffn_gate_exps.weight,GGML_Q4_K,GGML_Q4_K,150994944,150994944,30695dea57402f835876852ed460cbd033406b40112280c16873c38e720881db,30695dea57402f835876852ed460cbd033406b40112280c16873c38e720881db,true
blk.1.ffn_gate_inp.weight,CanonicalPrimitive,CanonicalPrimitive,2097152,2097152,57ded4e8769bcab55929cdc37f01d6b5d4cdfaa9d068230cc504ca7260357fb9,57ded4e8769bcab55929cdc37f01d6b5d4cdfaa9d068230cc504ca7260357fb9,true
blk.1.ffn_gate_inp_shexp.weight,CanonicalPrimitive,CanonicalPrimitive,8192,8192,1b1fd57c4881b3260172470f241ac0dcd82acb75071eb93bd8dd58c39558b4ff,1b1fd57c4881b3260172470f241ac0dcd82acb75071eb93bd8dd58c39558b4ff,true
blk.1.ffn_gate_shexp.weight,GGML_Q8_0,GGML_Q8_0,1114112,1114112,93c92532e9ff6152787964522f058fba61f7cb533d9cd0d83da26f169e7042f8,93c92532e9ff6152787964522f058fba61f7cb533d9cd0d83da26f169e7042f8,true
blk.1.ffn_up_exps.weight,GGML_Q4_K,GGML_Q4_K,150994944,150994944,6e3871f74356a57b81a16f2d9df7cf46300cf5e59a6ea398d21db665c7f9024b,6e3871f74356a57b81a16f2d9df7cf46300cf5e59a6ea398d21db665c7f9024b,true
blk.1.ffn_up_shexp.weight,GGML_Q8_0,GGML_Q8_0,1114112,1114112,437ba25959878a3d7dc0a82d63ffbb9341e37fa07e84cbe8a8ce52df047e00b9,437ba25959878a3d7dc0a82d63ffbb9341e37fa07e84cbe8a8ce52df047e00b9,true
blk.1.ffn_down_exps.weight,GGML_Q5_K,GGML_Q5_K,184549376,184549376,1057a9dde3eb6d6408d7797434f641ed213e4a2bd110af527578db4ce4560d02,1057a9dde3eb6d6408d7797434f641ed213e4a2bd110af527578db4ce4560d02,true
blk.1.ffn_down_shexp.weight,GGML_Q8_0,GGML_Q8_0,1114112,1114112,23c84cfaa0ffe822eb19112ad86b0b7c39bbe336406ed4141b3cef35f63f535a,23c84cfaa0ffe822eb19112ad86b0b7c39bbe336406ed4141b3cef35f63f535a,true
blk.1.attn_gate.weight,GGML_Q8_0,GGML_Q8_0,8912896,8912896,b6749ae275a13bf5fac6d29e90e1d16a6ff5267c00ce48dfc68c23da333751ef,b6749ae275a13bf5fac6d29e90e1d16a6ff5267c00ce48dfc68c23da333751ef,true
blk.1.post_attention_norm.weight,CanonicalPrimitive,CanonicalPrimitive,8192,8192,f30b87f9ca2ad9b3ad5066568690e5907e3fe1a6c9f91bf517124793612cdd7e,f30b87f9ca2ad9b3ad5066568690e5907e3fe1a6c9f91bf517124793612cdd7e,true
blk.1.ssm_a,CanonicalPrimitive,CanonicalPrimitive,128,128,87a06e61c2c5623b0579e18ed4cacb85be30a0480c59b1bf80537a204d48931d,87a06e61c2c5623b0579e18ed4cacb85be30a0480c59b1bf80537a204d48931d,true
blk.1.ssm_alpha.weight,CanonicalPrimitive,CanonicalPrimitive,262144,262144,2da6db21e134bc784618c8f00e525cf29ee2f44840eb4ad81b59382ba7b37edd,2da6db21e134bc784618c8f00e525cf29ee2f44840eb4ad81b59382ba7b37edd,true
blk.1.ssm_beta.weight,CanonicalPrimitive,CanonicalPrimitive,262144,262144,0ef845bd6d515de67bf5ff6c2c20db6fe787e841b15488be748fc0e82b78b65a,0ef845bd6d515de67bf5ff6c2c20db6fe787e841b15488be748fc0e82b78b65a,true
blk.1.ssm_conv1d.weight,CanonicalPrimitive,CanonicalPrimitive,131072,131072,4125a21f4dbcd98c7cfbe2a7688950dc039a0e8e5bc3d2d99e9d5d0d7c58d386,4125a21f4dbcd98c7cfbe2a7688950dc039a0e8e5bc3d2d99e9d5d0d7c58d386,true
blk.1.ssm_dt.bias,CanonicalPrimitive,CanonicalPrimitive,128,128,ae7fa8f1efc0c753eca697b4b565622b8fa3ec20073749339aa9e90b6dde2aba,ae7fa8f1efc0c753eca697b4b565622b8fa3ec20073749339aa9e90b6dde2aba,true
blk.1.ssm_norm.weight,CanonicalPrimitive,CanonicalPrimitive,512,512,c33f19dd8b0441984cc79299badeac3e01add7db32de3609ca6249c1f153ef36,c33f19dd8b0441984cc79299badeac3e01add7db32de3609ca6249c1f153ef36,true
blk.1.ssm_out.weight,GGML_Q8_0,GGML_Q8_0,8912896,8912896,5eae64ccf643716d8dceea48fb7c73b98c991b433562b3e1fb1ddaf610bca9de,5eae64ccf643716d8dceea48fb7c73b98c991b433562b3e1fb1ddaf610bca9de,true
blk.2.attn_norm.weight,CanonicalPrimitive,CanonicalPrimitive,8192,8192,b3ffec5cfaf5bc320c0b1898b57d7b8ecff20d1f73ca86347c7c29aeb2740f60,b3ffec5cfaf5bc320c0b1898b57d7b8ecff20d1f73ca86347c7c29aeb2740f60,true
blk.2.attn_qkv.weight,GGML_Q8_0,GGML_Q8_0,17825792,17825792,4ae3492e51f9b433cbb1b8d7c8967672612ab89ce89703028da13acb4748dc3b,4ae3492e51f9b433cbb1b8d7c8967672612ab89ce89703028da13acb4748dc3b,true
blk.2.ffn_gate_exps.weight,GGML_Q4_K,GGML_Q4_K,150994944,150994944,1eb869747c5971d56b0984bb9f1f8ae68c64c7b2ecd0397a7e1f092cdf059a72,1eb869747c5971d56b0984bb9f1f8ae68c64c7b2ecd0397a7e1f092cdf059a72,true
blk.2.ffn_gate_inp.weight,CanonicalPrimitive,CanonicalPrimitive,2097152,2097152,488f1e8d2825c9d9f0db6d4382c834139837da43bd019f87f357766fade308b4,488f1e8d2825c9d9f0db6d4382c834139837da43bd019f87f357766fade308b4,true
blk.2.ffn_gate_inp_shexp.weight,CanonicalPrimitive,CanonicalPrimitive,8192,8192,69f49c49ae17c06269c5e4d2c8809e357cec8659a11db6b5159900b80f8169d0,69f49c49ae17c06269c5e4d2c8809e357cec8659a11db6b5159900b80f8169d0,true
blk.2.ffn_gate_shexp.weight,GGML_Q8_0,GGML_Q8_0,1114112,1114112,ae85579f6db2244c785dfd1c1b90961c2523b3ebafbd80c82d943bd8181e889c,ae85579f6db2244c785dfd1c1b90961c2523b3ebafbd80c82d943bd8181e889c,true
blk.2.ffn_up_exps.weight,GGML_Q4_K,GGML_Q4_K,150994944,150994944,2dfe56ca1e142e4bed8d4890a098a4d5b27d666fdeaeb3fe501806128195a88a,2dfe56ca1e142e4bed8d4890a098a4d5b27d666fdeaeb3fe501806128195a88a,true
blk.2.ffn_up_shexp.weight,GGML_Q8_0,GGML_Q8_0,1114112,1114112,eae29e1d90855fc242e52d13ab9f515c614334d4304cd29c71c1faeca204ff01,eae29e1d90855fc242e52d13ab9f515c614334d4304cd29c71c1faeca204ff01,true
blk.2.ffn_down_exps.weight,GGML_Q5_K,GGML_Q5_K,184549376,184549376,296992db2900f920ffa7232b0a1249de1b288e7c98d6ab3f10567fb7eae80b51,296992db2900f920ffa7232b0a1249de1b288e7c98d6ab3f10567fb7eae80b51,true
blk.2.ffn_down_shexp.weight,GGML_Q8_0,GGML_Q8_0,1114112,1114112,5c0145d0627d36354a2ef0d2cb38de1e270465a66b475fb2be83e35e67b37b94,5c0145d0627d36354a2ef0d2cb38de1e270465a66b475fb2be83e35e67b37b94,true
blk.2.attn_gate.weight,GGML_Q8_0,GGML_Q8_0,8912896,8912896,24ff97dfb33ae09f3835711401086608a2b9fc209cc1b37f5cdc76779fc0d491,24ff97dfb33ae09f3835711401086608a2b9fc209cc1b37f5cdc76779fc0d491,true
blk.2.post_attention_norm.weight,CanonicalPrimitive,CanonicalPrimitive,8192,8192,d4dba16b0ecb2d28cf28529714963fa05562f7f4a8f1dae32a66f06074888b1e,d4dba16b0ecb2d28cf28529714963fa05562f7f4a8f1dae32a66f06074888b1e,true
blk.2.ssm_a,CanonicalPrimitive,CanonicalPrimitive,128,128,ad3725900690dd76eea7b91805f3a7e076fdea5e800586fa5498e157e6216d67,ad3725900690dd76eea7b91805f3a7e076fdea5e800586fa5498e157e6216d67,true
blk.2.ssm_alpha.weight,CanonicalPrimitive,CanonicalPrimitive,262144,262144,736b653310cb28710414070da024e59e9a2e3e681f03e738f94ddb46d9331ffe,736b653310cb28710414070da024e59e9a2e3e681f03e738f94ddb46d9331ffe,true
blk.2.ssm_beta.weight,CanonicalPrimitive,CanonicalPrimitive,262144,262144,d2d091785fb69b0c50b523847e5c8f2d819b0f8af8158c17f09a49ddf18e3ad5,d2d091785fb69b0c50b523847e5c8f2d819b0f8af8158c17f09a49ddf18e3ad5,true
blk.2.ssm_conv1d.weight,CanonicalPrimitive,CanonicalPrimitive,131072,131072,6ce65c96e33dfe06da9c54863e2459b0c75cb53a70183b34017911c2d8f29df9,6ce65c96e33dfe06da9c54863e2459b0c75cb53a70183b34017911c2d8f29df9,true
blk.2.ssm_dt.bias,CanonicalPrimitive,CanonicalPrimitive,128,128,9a8562d083f817c716ffcf8bd453749280842e7d4ab5db61fc7a8a8df8b30d98,9a8562d083f817c716ffcf8bd453749280842e7d4ab5db61fc7a8a8df8b30d98,true
blk.2.ssm_norm.weight,CanonicalPrimitive,CanonicalPrimitive,512,512,c6a14eefd60495262b3bbf35920691d3d79146405f57a53cc8d0099d1baec00d,c6a14eefd60495262b3bbf35920691d3d79146405f57a53cc8d0099d1baec00d,true
blk.2.ssm_out.weight,GGML_Q8_0,GGML_Q8_0,8912896,8912896,7476d8af6ef7a3dbe2d53db881ef0c7f7f7b2a773780a9e388508dcbe2c38686,7476d8af6ef7a3dbe2d53db881ef0c7f7f7b2a773780a9e388508dcbe2c38686,true
blk.3.attn_norm.weight,CanonicalPrimitive,CanonicalPrimitive,8192,8192,9442749a4fdfe04e0324ffd2a7e313096cc781789291eec581b2d44ba07db637,9442749a4fdfe04e0324ffd2a7e313096cc781789291eec581b2d44ba07db637,true
blk.3.attn_q.weight,GGML_Q8_0,GGML_Q8_0,17825792,17825792,5e376877f505efba2f2382103a6b6a614715cb8a9f6649255453bcd065f79c24,5e376877f505efba2f2382103a6b6a614715cb8a9f6649255453bcd065f79c24,true
blk.3.attn_q_norm.weight,CanonicalPrimitive,CanonicalPrimitive,1024,1024,5fcde32a0447477e2ee5abab51c9f7c61aab2d3abc51d7153bbeb5dce452acb9,5fcde32a0447477e2ee5abab51c9f7c61aab2d3abc51d7153bbeb5dce452acb9,true
blk.3.attn_k.weight,GGML_Q8_0,GGML_Q8_0,1114112,1114112,f982a09769ad26a983159a09049e20464a35df4bee12a610a85f41cb091348d2,f982a09769ad26a983159a09049e20464a35df4bee12a610a85f41cb091348d2,true
blk.3.attn_k_norm.weight,CanonicalPrimitive,CanonicalPrimitive,1024,1024,d50d149bd840708117471d1533498f249bb9bd04e24115da9950a13d3a606c49,d50d149bd840708117471d1533498f249bb9bd04e24115da9950a13d3a606c49,true
blk.3.attn_v.weight,GGML_Q8_0,GGML_Q8_0,1114112,1114112,8a8101a76989dc1f5a3e092faa5b56fc68da11fca622fc310fd4c47b30185d31,8a8101a76989dc1f5a3e092faa5b56fc68da11fca622fc310fd4c47b30185d31,true
blk.3.attn_output.weight,GGML_Q8_0,GGML_Q8_0,8912896,8912896,382cf8df51281a223a59fd7aaee48782ddeb8cefba7369f14603c8aa1a2786b7,382cf8df51281a223a59fd7aaee48782ddeb8cefba7369f14603c8aa1a2786b7,true
blk.3.ffn_gate_exps.weight,GGML_Q4_K,GGML_Q4_K,150994944,150994944,104d3f56053705a9b1367616d1fd6e82368f72b9eb96b36fb7ed8f2260d20a95,104d3f56053705a9b1367616d1fd6e82368f72b9eb96b36fb7ed8f2260d20a95,true
blk.3.ffn_gate_inp.weight,CanonicalPrimitive,CanonicalPrimitive,2097152,2097152,1ba877ada6820191a9f63702e81a0b8505eaae17b370fe6b54a5504f0f17703e,1ba877ada6820191a9f63702e81a0b8505eaae17b370fe6b54a5504f0f17703e,true
blk.3.ffn_gate_inp_shexp.weight,CanonicalPrimitive,CanonicalPrimitive,8192,8192,437fffe805279669471b0913bcaf9eb4f0fee6c20528a8c221c243af5042c047,437fffe805279669471b0913bcaf9eb4f0fee6c20528a8c221c243af5042c047,true
blk.3.ffn_gate_shexp.weight,GGML_Q8_0,GGML_Q8_0,1114112,1114112,5624cd5c1ffcb65a2231a002a65a984d545c21c8633aef1fca0347725f61500d,5624cd5c1ffcb65a2231a002a65a984d545c21c8633aef1fca0347725f61500d,true
blk.3.ffn_up_exps.weight,GGML_Q4_K,GGML_Q4_K,150994944,150994944,a37d06a9c8293b1189fd79dfc59525726793efd9afc72eefdaf6e2f838671035,a37d06a9c8293b1189fd79dfc59525726793efd9afc72eefdaf6e2f838671035,true
blk.3.ffn_up_shexp.weight,GGML_Q8_0,GGML_Q8_0,1114112,1114112,ac96b3915022474f3731b74c85dda66bcb466191eee7b53be271e4c92195f861,ac96b3915022474f3731b74c85dda66bcb466191eee7b53be271e4c92195f861,true
blk.3.ffn_down_exps.weight,GGML_Q5_K,GGML_Q5_K,184549376,184549376,1ce1ee64f7f711f5fc10a5af4497a88efab6c43aa7c78a561ff71e2ae6075066,1ce1ee64f7f711f5fc10a5af4497a88efab6c43aa7c78a561ff71e2ae6075066,true
blk.3.ffn_down_shexp.weight,GGML_Q8_0,GGML_Q8_0,1114112,1114112,d78d7d5aa170a1d48242b3636b14102e27b8a04d8fc21ef167fe2c9d711a8e6d,d78d7d5aa170a1d48242b3636b14102e27b8a04d8fc21ef167fe2c9d711a8e6d,true
blk.3.post_attention_norm.weight,CanonicalPrimitive,CanonicalPrimitive,8192,8192,9f1fac902b141f1a60b07e3c7645af6f0fcd9e09d8688bc1531637893859e754,9f1fac902b141f1a60b07e3c7645af6f0fcd9e09d8688bc1531637893859e754,true
blk.4.attn_norm.weight,CanonicalPrimitive,CanonicalPrimitive,8192,8192,5f3eb46f631708214c56c997ef25a2e8879db68c97100e270e7ab7c098e3c7dc,5f3eb46f631708214c56c997ef25a2e8879db68c97100e270e7ab7c098e3c7dc,true
blk.4.attn_qkv.weight,GGML_Q8_0,GGML_Q8_0,17825792,17825792,bad11986bf81ab76b2b5ad432d5e5c68d84b92e022d824e6c00aa4f1c7bd246a,bad11986bf81ab76b2b5ad432d5e5c68d84b92e022d824e6c00aa4f1c7bd246a,true
blk.4.ffn_gate_exps.weight,GGML_Q4_K,GGML_Q4_K,150994944,150994944,6955f5c99a41bd43dabaa3c1788e752a0b6e120db665f8600fcb14066a3f1e23,6955f5c99a41bd43dabaa3c1788e752a0b6e120db665f8600fcb14066a3f1e23,true
blk.4.ffn_gate_inp.weight,CanonicalPrimitive,CanonicalPrimitive,2097152,2097152,601da849ecab83e580213e246f63bbb1b62ae62ad284891a42241b4d1fc0814b,601da849ecab83e580213e246f63bbb1b62ae62ad284891a42241b4d1fc0814b,true
blk.4.ffn_gate_inp_shexp.weight,CanonicalPrimitive,CanonicalPrimitive,8192,8192,6a83ee78d47a4cfd288aa7e4258ead7720bf5ef9aa492354902dfbeb55738ce9,6a83ee78d47a4cfd288aa7e4258ead7720bf5ef9aa492354902dfbeb55738ce9,true
blk.4.ffn_gate_shexp.weight,GGML_Q8_0,GGML_Q8_0,1114112,1114112,a381a7f06d9a2c0e32c4654d1e16746d2b118082bfdf70c486dc27202f1046b5,a381a7f06d9a2c0e32c4654d1e16746d2b118082bfdf70c486dc27202f1046b5,true
blk.4.ffn_up_exps.weight,GGML_Q4_K,GGML_Q4_K,150994944,150994944,01b9dbe280eea3bcd21c16d76fae8413ec2da1f8581e16968482a74b24cafaca,01b9dbe280eea3bcd21c16d76fae8413ec2da1f8581e16968482a74b24cafaca,true
blk.4.ffn_up_shexp.weight,GGML_Q8_0,GGML_Q8_0,1114112,1114112,32114516faddb4338ebf7377dd1c23667c36cde60f9ea68d3e8f07ad215a9ece,32114516faddb4338ebf7377dd1c23667c36cde60f9ea68d3e8f07ad215a9ece,true
blk.4.ffn_down_exps.weight,GGML_Q5_K,GGML_Q5_K,184549376,184549376,df6e077bedfd3b6986f9ca92b4c5adc07e7df174de8fa838e35192f9f4e540b1,df6e077bedfd3b6986f9ca92b4c5adc07e7df174de8fa838e35192f9f4e540b1,true
blk.4.ffn_down_shexp.weight,GGML_Q8_0,GGML_Q8_0,1114112,1114112,e2eb69461b32e154ca5590d00956932f0cd8526dfe4ceef95fe49d9faac08cc4,e2eb69461b32e154ca5590d00956932f0cd8526dfe4ceef95fe49d9faac08cc4,true
blk.4.attn_gate.weight,GGML_Q8_0,GGML_Q8_0,8912896,8912896,a7fc0f26d19a0f0607d2380204509b34f6871f895544177c573c03c6d5d3709a,a7fc0f26d19a0f0607d2380204509b34f6871f895544177c573c03c6d5d3709a,true
blk.4.post_attention_norm.weight,CanonicalPrimitive,CanonicalPrimitive,8192,8192,ea3fdf2b9852d0dacbc9233de82f9ec665584c011fa7ae26619773b1efb19f21,ea3fdf2b9852d0dacbc9233de82f9ec665584c011fa7ae26619773b1efb19f21,true
blk.4.ssm_a,CanonicalPrimitive,CanonicalPrimitive,128,128,856ede9f618a4f86dcc5bf7cc4a5d033b78b9a76353a6a9f229b3ebc9fc3c7de,856ede9f618a4f86dcc5bf7cc4a5d033b78b9a76353a6a9f229b3ebc9fc3c7de,true
blk.4.ssm_alpha.weight,CanonicalPrimitive,CanonicalPrimitive,262144,262144,8a5ede2315277f0be19924c283a1647281548ba0baaf7554bd3417d5713b4ed3,8a5ede2315277f0be19924c283a1647281548ba0baaf7554bd3417d5713b4ed3,true
blk.4.ssm_beta.weight,CanonicalPrimitive,CanonicalPrimitive,262144,262144,0641540e2738966a2bcca67f6ad99c77a2feaf5622ab74994b4c16b3ef696cd2,0641540e2738966a2bcca67f6ad99c77a2feaf5622ab74994b4c16b3ef696cd2,true
blk.4.ssm_conv1d.weight,CanonicalPrimitive,CanonicalPrimitive,131072,131072,0055bd783722cc1f69060aa6317b03c225409bf97f68c3ec11ac79c4dbf3aab0,0055bd783722cc1f69060aa6317b03c225409bf97f68c3ec11ac79c4dbf3aab0,true
blk.4.ssm_dt.bias,CanonicalPrimitive,CanonicalPrimitive,128,128,1c1c5780e14440f46020b08103fb3e9b466ea7ba271072c68f8ac6a57976ede2,1c1c5780e14440f46020b08103fb3e9b466ea7ba271072c68f8ac6a57976ede2,true
blk.4.ssm_norm.weight,CanonicalPrimitive,CanonicalPrimitive,512,512,5060bfd047f40052f0f1f11388a436f1b9cb8f1ff35ebea00c50c9e8ef37be81,5060bfd047f40052f0f1f11388a436f1b9cb8f1ff35ebea00c50c9e8ef37be81,true
blk.4.ssm_out.weight,GGML_Q8_0,GGML_Q8_0,8912896,8912896,2dd62829e328641ab4408cc6989dbfe7f17cb64c8850929b2c35b348153a4f57,2dd62829e328641ab4408cc6989dbfe7f17cb64c8850929b2c35b348153a4f57,true
blk.5.attn_norm.weight,CanonicalPrimitive,CanonicalPrimitive,8192,8192,2dfe5462593c21131a983df7e7feacdc11b9c31d98b5ff9a75c47fc3b0c85b16,2dfe5462593c21131a983df7e7feacdc11b9c31d98b5ff9a75c47fc3b0c85b16,true
blk.5.attn_qkv.weight,GGML_Q8_0,GGML_Q8_0,17825792,17825792,1cc8598ceb8145adf5165a1551c43efaa076dd134e20c080861536417db5391d,1cc8598ceb8145adf5165a1551c43efaa076dd134e20c080861536417db5391d,true
blk.5.ffn_gate_exps.weight,GGML_Q4_K,GGML_Q4_K,150994944,150994944,a654429dcc12beeeca3a2cca26fd0781b485cf9b62b84c3787392c5903b30d0f,a654429dcc12beeeca3a2cca26fd0781b485cf9b62b84c3787392c5903b30d0f,true
blk.5.ffn_gate_inp.weight,CanonicalPrimitive,CanonicalPrimitive,2097152,2097152,caf717571423c1f8dde3340f35e9cace75f53477cc91295e76957c3dda0725f8,caf717571423c1f8dde3340f35e9cace75f53477cc91295e76957c3dda0725f8,true
blk.5.ffn_gate_inp_shexp.weight,CanonicalPrimitive,CanonicalPrimitive,8192,8192,5ed9f5c8766f0bfe42cb4e8c3191422db9b0e157cfd22e3b999f11b4913347b1,5ed9f5c8766f0bfe42cb4e8c3191422db9b0e157cfd22e3b999f11b4913347b1,true
blk.5.ffn_gate_shexp.weight,GGML_Q8_0,GGML_Q8_0,1114112,1114112,f55ad47ee67e2f78e22b1878c553319febcb7e92d8e5beb0c98ee6895a4483be,f55ad47ee67e2f78e22b1878c553319febcb7e92d8e5beb0c98ee6895a4483be,true
blk.5.ffn_up_exps.weight,GGML_Q4_K,GGML_Q4_K,150994944,150994944,d4c0453872e64526ef71034d4bfbaa1d2e10360f359f561780547315a45a7ed0,d4c0453872e64526ef71034d4bfbaa1d2e10360f359f561780547315a45a7ed0,true
blk.5.ffn_up_shexp.weight,GGML_Q8_0,GGML_Q8_0,1114112,1114112,ddee7f8cc8ee57a865e7d5d15fa52fc58d02535f4b4a5d38ceb8f69c95f627b9,ddee7f8cc8ee57a865e7d5d15fa52fc58d02535f4b4a5d38ceb8f69c95f627b9,true
blk.5.ffn_down_exps.weight,GGML_Q5_K,GGML_Q5_K,184549376,184549376,1467ae7d88f444f0a5af115bf55dafbfb15126ee2e9c03de4af352ddf00812de,1467ae7d88f444f0a5af115bf55dafbfb15126ee2e9c03de4af352ddf00812de,true
blk.5.ffn_down_shexp.weight,GGML_Q8_0,GGML_Q8_0,1114112,1114112,1fcf7c7de9a0ecba56870467cd0e8e3561ef5bbffe78f032ccbfd7c0a6eed0f8,1fcf7c7de9a0ecba56870467cd0e8e3561ef5bbffe78f032ccbfd7c0a6eed0f8,true
blk.5.attn_gate.weight,GGML_Q8_0,GGML_Q8_0,8912896,8912896,a944d44d5d19fb7f7145152bb6955b668577f3b4570a8b4ff1ea2158ad7fc51b,a944d44d5d19fb7f7145152bb6955b668577f3b4570a8b4ff1ea2158ad7fc51b,true
blk.5.post_attention_norm.weight,CanonicalPrimitive,CanonicalPrimitive,8192,8192,e4e3f8da4e8c3c2fac9f6cf0c0b442a02fca060029d96fba519f11dac6047dac,e4e3f8da4e8c3c2fac9f6cf0c0b442a02fca060029d96fba519f11dac6047dac,true
blk.5.ssm_a,CanonicalPrimitive,CanonicalPrimitive,128,128,363458cc9343f4c55ac936e9f0cd3d916a7859863d3cc6ff3aec655d1e864753,363458cc9343f4c55ac936e9f0cd3d916a7859863d3cc6ff3aec655d1e864753,true
blk.5.ssm_alpha.weight,CanonicalPrimitive,CanonicalPrimitive,262144,262144,ebb8a38901b2fcee84e364ab61bfb92004832200ef292bed93972f15215ab4d0,ebb8a38901b2fcee84e364ab61bfb92004832200ef292bed93972f15215ab4d0,true
blk.5.ssm_beta.weight,CanonicalPrimitive,CanonicalPrimitive,262144,262144,e0c28edac4a5b601616c094a88a81736bf1eb15c64e3e9de8475e496f68b03bf,e0c28edac4a5b601616c094a88a81736bf1eb15c64e3e9de8475e496f68b03bf,true
blk.5.ssm_conv1d.weight,CanonicalPrimitive,CanonicalPrimitive,131072,131072,e89e25d013818fbd41bd4952130874baecbe28617e52532053e3aeebd7f9e8d2,e89e25d013818fbd41bd4952130874baecbe28617e52532053e3aeebd7f9e8d2,true
blk.5.ssm_dt.bias,CanonicalPrimitive,CanonicalPrimitive,128,128,c52cf2190aa7ea6e9ef7f7a37d168e1f04d4d9dba3a9950cc1987831511a85ce,c52cf2190aa7ea6e9ef7f7a37d168e1f04d4d9dba3a9950cc1987831511a85ce,true
blk.5.ssm_norm.weight,CanonicalPrimitive,CanonicalPrimitive,512,512,669bbad90cea1c5f037123c223e225bcb5e00c045252389c0349c2d8dc6c3742,669bbad90cea1c5f037123c223e225bcb5e00c045252389c0349c2d8dc6c3742,true
blk.5.ssm_out.weight,GGML_Q8_0,GGML_Q8_0,8912896,8912896,c86c0ff85561895750635392643c2fa95fb42f85851af4bd2ea727f5aa316ca1,c86c0ff85561895750635392643c2fa95fb42f85851af4bd2ea727f5aa316ca1,true
blk.6.attn_norm.weight,CanonicalPrimitive,CanonicalPrimitive,8192,8192,2005e855d0e4f52beb46899a86f6516df7e852c2d8f5ad4cb1575438db8b9570,2005e855d0e4f52beb46899a86f6516df7e852c2d8f5ad4cb1575438db8b9570,true
blk.6.attn_qkv.weight,GGML_Q8_0,GGML_Q8_0,17825792,17825792,03d4288e546bbcebd01fc6e73337932103e3fcb0673bc39fc1f4d3a995dc2390,03d4288e546bbcebd01fc6e73337932103e3fcb0673bc39fc1f4d3a995dc2390,true
blk.6.ffn_gate_exps.weight,GGML_Q4_K,GGML_Q4_K,150994944,150994944,c70f9e196dd6fef8ff988b1562fdad1491fea39ba1309603747ef55a39756fbf,c70f9e196dd6fef8ff988b1562fdad1491fea39ba1309603747ef55a39756fbf,true
blk.6.ffn_gate_inp.weight,CanonicalPrimitive,CanonicalPrimitive,2097152,2097152,b227b5db7a6bf43f045bc9d19bdfd758067c4fc924525551112bff52c87a1d03,b227b5db7a6bf43f045bc9d19bdfd758067c4fc924525551112bff52c87a1d03,true
blk.6.ffn_gate_inp_shexp.weight,CanonicalPrimitive,CanonicalPrimitive,8192,8192,545cfd0672dded48ee5a54163ca0d6474bb9aa43e2df687ef64786be99036a0c,545cfd0672dded48ee5a54163ca0d6474bb9aa43e2df687ef64786be99036a0c,true
blk.6.ffn_gate_shexp.weight,GGML_Q8_0,GGML_Q8_0,1114112,1114112,656b4afa44957616cb95e1ff53d1662091a1c2ef8b5fc8b7192f6d8f8c362256,656b4afa44957616cb95e1ff53d1662091a1c2ef8b5fc8b7192f6d8f8c362256,true
blk.6.ffn_up_exps.weight,GGML_Q4_K,GGML_Q4_K,150994944,150994944,2996beea4b0c1307c37facd79f819ebb545165acf3487ef1b429fabe4b60d033,2996beea4b0c1307c37facd79f819ebb545165acf3487ef1b429fabe4b60d033,true
blk.6.ffn_up_shexp.weight,GGML_Q8_0,GGML_Q8_0,1114112,1114112,8e63f03b7d5d394ed8a42ec3d297d88abd0138ca8509a539b6af90f08ca092bf,8e63f03b7d5d394ed8a42ec3d297d88abd0138ca8509a539b6af90f08ca092bf,true
blk.6.ffn_down_exps.weight,GGML_Q5_K,GGML_Q5_K,184549376,184549376,a0fdcb91760876c8ba76716a489aec046a8f95ecd6afbb5db3c4f783b50a45e1,a0fdcb91760876c8ba76716a489aec046a8f95ecd6afbb5db3c4f783b50a45e1,true
blk.6.ffn_down_shexp.weight,GGML_Q8_0,GGML_Q8_0,1114112,1114112,ebae663a7abd7c58fb37b5068ebb0fd1cf8982540b80c3ec9cd39fdb093a642d,ebae663a7abd7c58fb37b5068ebb0fd1cf8982540b80c3ec9cd39fdb093a642d,true
blk.6.attn_gate.weight,GGML_Q8_0,GGML_Q8_0,8912896,8912896,2ec48b2d4887da1061286d01bc0fefba6ea7b5b379ccf37fbe8376a33b0035bc,2ec48b2d4887da1061286d01bc0fefba6ea7b5b379ccf37fbe8376a33b0035bc,true
blk.6.post_attention_norm.weight,CanonicalPrimitive,CanonicalPrimitive,8192,8192,8727fcd0a49bee5d873c941b9a939592aedfcde54561fa6437958e21775211ec,8727fcd0a49bee5d873c941b9a939592aedfcde54561fa6437958e21775211ec,true
blk.6.ssm_a,CanonicalPrimitive,CanonicalPrimitive,128,128,f0c7a4c14c19f811deec68376ddd4570e53944a7f6adef03147f729f9aa6ce13,f0c7a4c14c19f811deec68376ddd4570e53944a7f6adef03147f729f9aa6ce13,true
blk.6.ssm_alpha.weight,CanonicalPrimitive,CanonicalPrimitive,262144,262144,c32c4d3092ae8b391508e142771d35e65e8792b0071fab98fcc9ccf6c78f2fc8,c32c4d3092ae8b391508e142771d35e65e8792b0071fab98fcc9ccf6c78f2fc8,true
blk.6.ssm_beta.weight,CanonicalPrimitive,CanonicalPrimitive,262144,262144,47f48a3651082fcda4f49c9f54800b79744ec4081d28cc207ad513b9b1192125,47f48a3651082fcda4f49c9f54800b79744ec4081d28cc207ad513b9b1192125,true
blk.6.ssm_conv1d.weight,CanonicalPrimitive,CanonicalPrimitive,131072,131072,133d811148e8a0ca95bd037263fd5f949685a0a73e8121cc15dcc950a5caaf11,133d811148e8a0ca95bd037263fd5f949685a0a73e8121cc15dcc950a5caaf11,true
blk.6.ssm_dt.bias,CanonicalPrimitive,CanonicalPrimitive,128,128,3b399e6eff25615fa35a4b98714f7c1b22ece4592c57b242c02549ffbe6352d2,3b399e6eff25615fa35a4b98714f7c1b22ece4592c57b242c02549ffbe6352d2,true
blk.6.ssm_norm.weight,CanonicalPrimitive,CanonicalPrimitive,512,512,76b910a5d6cdc14d348f4366c66fc1b473301054406fadb6cd22d2b69bbf1c65,76b910a5d6cdc14d348f4366c66fc1b473301054406fadb6cd22d2b69bbf1c65,true
blk.6.ssm_out.weight,GGML_Q8_0,GGML_Q8_0,8912896,8912896,ec84ec796a8ef70a407c74a1f9bd20034daf97a05cd26fef38279074a38e94d9,ec84ec796a8ef70a407c74a1f9bd20034daf97a05cd26fef38279074a38e94d9,true
blk.7.attn_norm.weight,CanonicalPrimitive,CanonicalPrimitive,8192,8192,3229a37782036c3ec49bd4a02947beaa7a963e73b74c148e0369e235142a767c,3229a37782036c3ec49bd4a02947beaa7a963e73b74c148e0369e235142a767c,true
blk.7.attn_q.weight,GGML_Q8_0,GGML_Q8_0,17825792,17825792,584c43b74b386e796e5ca7d81d77c28c71f77efad9cdca44787db483c1bd6738,584c43b74b386e796e5ca7d81d77c28c71f77efad9cdca44787db483c1bd6738,true
blk.7.attn_q_norm.weight,CanonicalPrimitive,CanonicalPrimitive,1024,1024,c796871f06e3ca742ada4ee551d6bc416914af7877497bb187c50fc6aa5015c6,c796871f06e3ca742ada4ee551d6bc416914af7877497bb187c50fc6aa5015c6,true
blk.7.attn_k.weight,GGML_Q8_0,GGML_Q8_0,1114112,1114112,0e2577c5e2ba21c5d21865157513eaf975e53a54319909635ef8bbbeb434b506,0e2577c5e2ba21c5d21865157513eaf975e53a54319909635ef8bbbeb434b506,true
blk.7.attn_k_norm.weight,CanonicalPrimitive,CanonicalPrimitive,1024,1024,092870999fbac3bd37ac3ea7f2bd35b5731cad0b807bd4f936937b025c907b33,092870999fbac3bd37ac3ea7f2bd35b5731cad0b807bd4f936937b025c907b33,true
blk.7.attn_v.weight,GGML_Q8_0,GGML_Q8_0,1114112,1114112,4bad1d2cd1fe62aa467b355048e42bece20e82d2c0d9a585e18abc98dd6afc10,4bad1d2cd1fe62aa467b355048e42bece20e82d2c0d9a585e18abc98dd6afc10,true
blk.7.attn_output.weight,GGML_Q8_0,GGML_Q8_0,8912896,8912896,34726ed955763615d1a3b244a607095f1b1b0c5e1ba1604a2beb15954cfe3527,34726ed955763615d1a3b244a607095f1b1b0c5e1ba1604a2beb15954cfe3527,true
blk.7.ffn_gate_exps.weight,GGML_Q4_K,GGML_Q4_K,150994944,150994944,3ee26ca8efba767cd3b474bd9b4f9b7f08e89ca3fe45ec54c292cd80ca7a586d,3ee26ca8efba767cd3b474bd9b4f9b7f08e89ca3fe45ec54c292cd80ca7a586d,true
blk.7.ffn_gate_inp.weight,CanonicalPrimitive,CanonicalPrimitive,2097152,2097152,f5f02d62be6c2c879c3c8b8fba7dfa401a2897b894686f84d93ef4f13cebb0dd,f5f02d62be6c2c879c3c8b8fba7dfa401a2897b894686f84d93ef4f13cebb0dd,true
blk.7.ffn_gate_inp_shexp.weight,CanonicalPrimitive,CanonicalPrimitive,8192,8192,f27d5410f5c9fca17a9756f7e8f7537f051e74dd664149d3ccddbe806eb299dd,f27d5410f5c9fca17a9756f7e8f7537f051e74dd664149d3ccddbe806eb299dd,true
blk.7.ffn_gate_shexp.weight,GGML_Q8_0,GGML_Q8_0,1114112,1114112,51380a64926db9f2e98003f9d1c6c2190f166ae5b06deb48a68a97863955365f,51380a64926db9f2e98003f9d1c6c2190f166ae5b06deb48a68a97863955365f,true
blk.7.ffn_up_exps.weight,GGML_Q4_K,GGML_Q4_K,150994944,150994944,21297e007a231e1c00de6bb1617dc3033cdd3591224b8b7020588c1733893cb9,21297e007a231e1c00de6bb1617dc3033cdd3591224b8b7020588c1733893cb9,true
blk.7.ffn_up_shexp.weight,GGML_Q8_0,GGML_Q8_0,1114112,1114112,7a045632ee7b01b47f7b67b02d130e70215cc7b04f9f28a1e262bd10c20f0d91,7a045632ee7b01b47f7b67b02d130e70215cc7b04f9f28a1e262bd10c20f0d91,true
blk.7.ffn_down_exps.weight,GGML_Q5_K,GGML_Q5_K,184549376,184549376,2e1ba4c29fd05d474a7bcd9f39b79234017cd46dfb2effe6311a59f69a7cb2a0,2e1ba4c29fd05d474a7bcd9f39b79234017cd46dfb2effe6311a59f69a7cb2a0,true
blk.7.ffn_down_shexp.weight,GGML_Q8_0,GGML_Q8_0,1114112,1114112,c7d9daa1b0ab23fbba7f6576b84872f27d1e00bd578d5ee2d4733680da783e46,c7d9daa1b0ab23fbba7f6576b84872f27d1e00bd578d5ee2d4733680da783e46,true
blk.7.post_attention_norm.weight,CanonicalPrimitive,CanonicalPrimitive,8192,8192,001b8ba8dd7e1b59ca3be873d397622b4552eae02c797cd7d82a30066d521b79,001b8ba8dd7e1b59ca3be873d397622b4552eae02c797cd7d82a30066d521b79,true
blk.8.attn_norm.weight,CanonicalPrimitive,CanonicalPrimitive,8192,8192,be7706ddcc8eff7419b3bc740412903b640e803dcaafeb58eefe2647c9e67a24,be7706ddcc8eff7419b3bc740412903b640e803dcaafeb58eefe2647c9e67a24,true
blk.8.attn_qkv.weight,GGML_Q8_0,GGML_Q8_0,17825792,17825792,cb45189df28272d1c2ae2e5222e11ec927c96314bffecaa2e916059dcd91898a,cb45189df28272d1c2ae2e5222e11ec927c96314bffecaa2e916059dcd91898a,true
blk.8.ffn_gate_exps.weight,GGML_Q4_K,GGML_Q4_K,150994944,150994944,28dee2924f7d47f7d79d940a4f5eba807b36b84b3552afaf22e2fad1425cf7b3,28dee2924f7d47f7d79d940a4f5eba807b36b84b3552afaf22e2fad1425cf7b3,true
blk.8.ffn_gate_inp.weight,CanonicalPrimitive,CanonicalPrimitive,2097152,2097152,4d8a1e50d58694f0b440221e19ad2d460f7036c5f6d3ca0027d5640b2313aee6,4d8a1e50d58694f0b440221e19ad2d460f7036c5f6d3ca0027d5640b2313aee6,true
blk.8.ffn_gate_inp_shexp.weight,CanonicalPrimitive,CanonicalPrimitive,8192,8192,59229dcaef4d608ed7bc91b1ae882140c7977ba984eb596825d1f01c51274c34,59229dcaef4d608ed7bc91b1ae882140c7977ba984eb596825d1f01c51274c34,true
blk.8.ffn_gate_shexp.weight,GGML_Q8_0,GGML_Q8_0,1114112,1114112,4464b830870b1ca1e0a2752f2c2c076368c89364ef60f1e053242af15ea1c203,4464b830870b1ca1e0a2752f2c2c076368c89364ef60f1e053242af15ea1c203,true
blk.8.ffn_up_exps.weight,GGML_Q4_K,GGML_Q4_K,150994944,150994944,37e284c8bb24ecf94fe53255667a30bce38b35243d8f37f4a21def1894018080,37e284c8bb24ecf94fe53255667a30bce38b35243d8f37f4a21def1894018080,true
blk.8.ffn_up_shexp.weight,GGML_Q8_0,GGML_Q8_0,1114112,1114112,1e8b5b40b7fbe61b095304cbbcff29f1c5bba7e5a0fc5ba72bee49a0edc269d0,1e8b5b40b7fbe61b095304cbbcff29f1c5bba7e5a0fc5ba72bee49a0edc269d0,true
blk.8.ffn_down_exps.weight,GGML_Q5_K,GGML_Q5_K,184549376,184549376,1338be16a1645f337bfd7628dafee439e8df0f6e0850cd2819117241712843e4,1338be16a1645f337bfd7628dafee439e8df0f6e0850cd2819117241712843e4,true
blk.8.ffn_down_shexp.weight,GGML_Q8_0,GGML_Q8_0,1114112,1114112,14f5d9c2db1bab56164aad71a8620523e5b35145760ffcfcaacfe343e944fc77,14f5d9c2db1bab56164aad71a8620523e5b35145760ffcfcaacfe343e944fc77,true
blk.8.attn_gate.weight,GGML_Q8_0,GGML_Q8_0,8912896,8912896,a4e3c4d030ebf9c883f93f2f7e73d484648672022f9365143ed2503eb1140b58,a4e3c4d030ebf9c883f93f2f7e73d484648672022f9365143ed2503eb1140b58,true
blk.8.post_attention_norm.weight,CanonicalPrimitive,CanonicalPrimitive,8192,8192,0bc340df7c7f9a4dc78900269ccf3ff48bec0fa42454ac642f386d33b82b7f42,0bc340df7c7f9a4dc78900269ccf3ff48bec0fa42454ac642f386d33b82b7f42,true
blk.8.ssm_a,CanonicalPrimitive,CanonicalPrimitive,128,128,8c28c1d53e550931c6de89edede421c91809ba84026e545bdce9bbb579450693,8c28c1d53e550931c6de89edede421c91809ba84026e545bdce9bbb579450693,true
blk.8.ssm_alpha.weight,CanonicalPrimitive,CanonicalPrimitive,262144,262144,6e1de52320aa0a1345b8a4c12f4c7f58fd47fcf4adabfee07625128947117aa2,6e1de52320aa0a1345b8a4c12f4c7f58fd47fcf4adabfee07625128947117aa2,true
blk.8.ssm_beta.weight,CanonicalPrimitive,CanonicalPrimitive,262144,262144,fe281d07b05538890bc2747ab6b6c6766b09b8a8a3e4fd53497c7731aa7f88dd,fe281d07b05538890bc2747ab6b6c6766b09b8a8a3e4fd53497c7731aa7f88dd,true
blk.8.ssm_conv1d.weight,CanonicalPrimitive,CanonicalPrimitive,131072,131072,c3383424e196965fe8bfe097ff74ca521c2319734b3d570e8d69c15f5aacbac4,c3383424e196965fe8bfe097ff74ca521c2319734b3d570e8d69c15f5aacbac4,true
blk.8.ssm_dt.bias,CanonicalPrimitive,CanonicalPrimitive,128,128,6ec42ea5b01cfbcfa913f71bb915871f9467f7933853ba9c959e65364b245610,6ec42ea5b01cfbcfa913f71bb915871f9467f7933853ba9c959e65364b245610,true
blk.8.ssm_norm.weight,CanonicalPrimitive,CanonicalPrimitive,512,512,32cccdd46089251dde46adb05ebad9d7a218f7bddd53c5cdfa4aa836d668b7b7,32cccdd46089251dde46adb05ebad9d7a218f7bddd53c5cdfa4aa836d668b7b7,true
blk.8.ssm_out.weight,GGML_Q8_0,GGML_Q8_0,8912896,8912896,0bb987c22156406e338524b6b886b4a6b18ec94541056a5bf7cc2a82b6b9bdc3,0bb987c22156406e338524b6b886b4a6b18ec94541056a5bf7cc2a82b6b9bdc3,true
blk.9.attn_norm.weight,CanonicalPrimitive,CanonicalPrimitive,8192,8192,f17f3b2bc1e60d635be4bdd407158323463287e30633676cd17c54b352fb24dd,f17f3b2bc1e60d635be4bdd407158323463287e30633676cd17c54b352fb24dd,true
blk.9.attn_qkv.weight,GGML_Q8_0,GGML_Q8_0,17825792,17825792,3059bae2ac94dcf8fded5a73ddc10a649daf2e246ae9101974fd477caee822b3,3059bae2ac94dcf8fded5a73ddc10a649daf2e246ae9101974fd477caee822b3,true
blk.9.ffn_gate_exps.weight,GGML_Q4_K,GGML_Q4_K,150994944,150994944,af75c8af1de1c1eeca90cd8c4524749bb657d4a5adce5036b4a7bb0d2a6cfa3c,af75c8af1de1c1eeca90cd8c4524749bb657d4a5adce5036b4a7bb0d2a6cfa3c,true
blk.9.ffn_gate_inp.weight,CanonicalPrimitive,CanonicalPrimitive,2097152,2097152,614e45e533fb2be87cc8b3ceb0dff0c083a8ece32c7945b34b0e1865b9e62c02,614e45e533fb2be87cc8b3ceb0dff0c083a8ece32c7945b34b0e1865b9e62c02,true
blk.9.ffn_gate_inp_shexp.weight,CanonicalPrimitive,CanonicalPrimitive,8192,8192,7c91eadcd32cb2893a0c4f817b1a1d60dd51a7b77bc46ebcac894ed27933cb7f,7c91eadcd32cb2893a0c4f817b1a1d60dd51a7b77bc46ebcac894ed27933cb7f,true
blk.9.ffn_gate_shexp.weight,GGML_Q8_0,GGML_Q8_0,1114112,1114112,696c3a993db46dd4d895a749762b7d00f5ab4f1d8e12b69da73b750ab5974034,696c3a993db46dd4d895a749762b7d00f5ab4f1d8e12b69da73b750ab5974034,true
blk.9.ffn_up_exps.weight,GGML_Q4_K,GGML_Q4_K,150994944,150994944,6dc0b41ae320f1850bff3731095d8003a450da041b3f6021a2e60e90c49eaf92,6dc0b41ae320f1850bff3731095d8003a450da041b3f6021a2e60e90c49eaf92,true
blk.9.ffn_up_shexp.weight,GGML_Q8_0,GGML_Q8_0,1114112,1114112,fccfd900f9e167ae9b8a0ae299c39e2d51cc55ef614611f450baa296c463b08c,fccfd900f9e167ae9b8a0ae299c39e2d51cc55ef614611f450baa296c463b08c,true
blk.9.ffn_down_exps.weight,GGML_Q5_K,GGML_Q5_K,184549376,184549376,717bc7204cd1c98b2ab81e2b7fa6b5c82a744ad1c5396f8ec25b32bdeca80a00,717bc7204cd1c98b2ab81e2b7fa6b5c82a744ad1c5396f8ec25b32bdeca80a00,true
blk.9.ffn_down_shexp.weight,GGML_Q8_0,GGML_Q8_0,1114112,1114112,f603383a720285f3cddcda00ce176719270aeed7f6c705f8f3a79ba01d7615c9,f603383a720285f3cddcda00ce176719270aeed7f6c705f8f3a79ba01d7615c9,true
blk.9.attn_gate.weight,GGML_Q8_0,GGML_Q8_0,8912896,8912896,0f215d6e77ec86ced714ffbf698610ef433ba822a4b26d70451c26c1e6194c46,0f215d6e77ec86ced714ffbf698610ef433ba822a4b26d70451c26c1e6194c46,true
blk.9.post_attention_norm.weight,CanonicalPrimitive,CanonicalPrimitive,8192,8192,5c083ce12a55823dd653a35393ae40258d6f313c43eb3d2bca7b81c5e9ecc999,5c083ce12a55823dd653a35393ae40258d6f313c43eb3d2bca7b81c5e9ecc999,true
blk.9.ssm_a,CanonicalPrimitive,CanonicalPrimitive,128,128,e36bd8993411fe0f4ec878d9867d756414805ccd1f50d3d478478491f69f7850,e36bd8993411fe0f4ec878d9867d756414805ccd1f50d3d478478491f69f7850,true
blk.9.ssm_alpha.weight,CanonicalPrimitive,CanonicalPrimitive,262144,262144,8734de449fdec1f2d3200f3a014b9d1cc149744a876a67718e5cdcef1d03e8da,8734de449fdec1f2d3200f3a014b9d1cc149744a876a67718e5cdcef1d03e8da,true
blk.9.ssm_beta.weight,CanonicalPrimitive,CanonicalPrimitive,262144,262144,1019b38617045022c0c8a4b283ae31f3291917386542619d6979ae579aae1121,1019b38617045022c0c8a4b283ae31f3291917386542619d6979ae579aae1121,true
blk.9.ssm_conv1d.weight,CanonicalPrimitive,CanonicalPrimitive,131072,131072,c188d78bfd845aaa597f4e1454b4dca9733feab983123a7f28ae41535505204e,c188d78bfd845aaa597f4e1454b4dca9733feab983123a7f28ae41535505204e,true
blk.9.ssm_dt.bias,CanonicalPrimitive,CanonicalPrimitive,128,128,01a15f26132a606760828c820deeb6bd78d247c8308713cb03472cad222a486a,01a15f26132a606760828c820deeb6bd78d247c8308713cb03472cad222a486a,true
blk.9.ssm_norm.weight,CanonicalPrimitive,CanonicalPrimitive,512,512,3b1c9f45dc27d550847d7b60922a0626867abf0d35550496f4e7e99c2973702c,3b1c9f45dc27d550847d7b60922a0626867abf0d35550496f4e7e99c2973702c,true
blk.9.ssm_out.weight,GGML_Q8_0,GGML_Q8_0,8912896,8912896,2c094ece05fb587e5b78fc9640448acaf3832ac2c174e51d33634aa9056b5bfd,2c094ece05fb587e5b78fc9640448acaf3832ac2c174e51d33634aa9056b5bfd,true
blk.10.attn_norm.weight,CanonicalPrimitive,CanonicalPrimitive,8192,8192,c5fbf5b0186c9bee57761db07e0e165e92b43b523015b48d2d40ca8a672ad8f3,c5fbf5b0186c9bee57761db07e0e165e92b43b523015b48d2d40ca8a672ad8f3,true
blk.10.attn_qkv.weight,GGML_Q8_0,GGML_Q8_0,17825792,17825792,9e874df2d6ed08bbceb4c9dcb1ff20f3d3e63c6ba388230b8b947d816ab5fd38,9e874df2d6ed08bbceb4c9dcb1ff20f3d3e63c6ba388230b8b947d816ab5fd38,true
blk.10.ffn_gate_exps.weight,GGML_Q4_K,GGML_Q4_K,150994944,150994944,167a598aaab32c6d5fa414a6956ecac89b8ec009512a73c1aae72fedbc512fa1,167a598aaab32c6d5fa414a6956ecac89b8ec009512a73c1aae72fedbc512fa1,true
blk.10.ffn_gate_inp.weight,CanonicalPrimitive,CanonicalPrimitive,2097152,2097152,c44d7c455c3002fbe98e98817e807c97aa04180ea0846503751faef05d984587,c44d7c455c3002fbe98e98817e807c97aa04180ea0846503751faef05d984587,true
blk.10.ffn_gate_inp_shexp.weight,CanonicalPrimitive,CanonicalPrimitive,8192,8192,daeb491cc7e892c709c752e9badecba986e570a288b6a9cd3d8a9a0683e15eb1,daeb491cc7e892c709c752e9badecba986e570a288b6a9cd3d8a9a0683e15eb1,true
blk.10.ffn_gate_shexp.weight,GGML_Q8_0,GGML_Q8_0,1114112,1114112,7098aadb4b7f128e63f76310d190ca6126e8827d143e2af0c39d81f90ebde484,7098aadb4b7f128e63f76310d190ca6126e8827d143e2af0c39d81f90ebde484,true
blk.10.ffn_up_exps.weight,GGML_Q4_K,GGML_Q4_K,150994944,150994944,95fc0dfb2afaa74e640a70df7c6d91d718d9703406a6cee48559c234bd7f8a73,95fc0dfb2afaa74e640a70df7c6d91d718d9703406a6cee48559c234bd7f8a73,true
blk.10.ffn_up_shexp.weight,GGML_Q8_0,GGML_Q8_0,1114112,1114112,5faab8d950063a16f89e29e1e45486526f890c1ffe6382017a531bac89eb5065,5faab8d950063a16f89e29e1e45486526f890c1ffe6382017a531bac89eb5065,true
blk.10.ffn_down_exps.weight,GGML_Q5_K,GGML_Q5_K,184549376,184549376,d2c584f440e7820924a9cc52d57b6e4d73e3d6e1af2cf52e9788874ba3f7ff13,d2c584f440e7820924a9cc52d57b6e4d73e3d6e1af2cf52e9788874ba3f7ff13,true
blk.10.ffn_down_shexp.weight,GGML_Q8_0,GGML_Q8_0,1114112,1114112,e817384ac287c27d9c6e0fbdb5e3d4177cf59f5372cd47b098827df88cecb154,e817384ac287c27d9c6e0fbdb5e3d4177cf59f5372cd47b098827df88cecb154,true
blk.10.attn_gate.weight,GGML_Q8_0,GGML_Q8_0,8912896,8912896,2a5f3762e73876144135cbcc91aec1e9c3b9f01799464ea32bb10dcbfe851be7,2a5f3762e73876144135cbcc91aec1e9c3b9f01799464ea32bb10dcbfe851be7,true
blk.10.post_attention_norm.weight,CanonicalPrimitive,CanonicalPrimitive,8192,8192,e2244dff2ef30ef6adc3d50c9d3fc134a3d4648144cbaaeba85cfc0974935af1,e2244dff2ef30ef6adc3d50c9d3fc134a3d4648144cbaaeba85cfc0974935af1,true
blk.10.ssm_a,CanonicalPrimitive,CanonicalPrimitive,128,128,94ac7010115da6f508f0fea80bb2b3a91ad8261b8c5de874d91302237217fa39,94ac7010115da6f508f0fea80bb2b3a91ad8261b8c5de874d91302237217fa39,true
blk.10.ssm_alpha.weight,CanonicalPrimitive,CanonicalPrimitive,262144,262144,9f16e55e09d4077f2c91fc92e5ceb57105f7c8c89fd3e6aeddc0fe77aded6406,9f16e55e09d4077f2c91fc92e5ceb57105f7c8c89fd3e6aeddc0fe77aded6406,true
blk.10.ssm_beta.weight,CanonicalPrimitive,CanonicalPrimitive,262144,262144,d05eb2d0b52ffaba145e99a5175b5478a64c9a6ab3d76d8204b860ef93003a8f,d05eb2d0b52ffaba145e99a5175b5478a64c9a6ab3d76d8204b860ef93003a8f,true
blk.10.ssm_conv1d.weight,CanonicalPrimitive,CanonicalPrimitive,131072,131072,f430c0addd0dc5d6051517c7ca090fcdf5de3ff5226b167a36a6dbf9da81ca94,f430c0addd0dc5d6051517c7ca090fcdf5de3ff5226b167a36a6dbf9da81ca94,true
blk.10.ssm_dt.bias,CanonicalPrimitive,CanonicalPrimitive,128,128,721e7496d3b1eeef3c07ebda0145e0d36b75e10fb5742e85b5022c300d71c7b1,721e7496d3b1eeef3c07ebda0145e0d36b75e10fb5742e85b5022c300d71c7b1,true
blk.10.ssm_norm.weight,CanonicalPrimitive,CanonicalPrimitive,512,512,5f7156624d43eda3a80bd61efd17c629153cafba237b73326b90f0660f6146b7,5f7156624d43eda3a80bd61efd17c629153cafba237b73326b90f0660f6146b7,true
blk.10.ssm_out.weight,GGML_Q8_0,GGML_Q8_0,8912896,8912896,877f3c5e526bf512d52325b80f088c264bab55771da79d81be6ca7aec99d473a,877f3c5e526bf512d52325b80f088c264bab55771da79d81be6ca7aec99d473a,true
blk.11.attn_norm.weight,CanonicalPrimitive,CanonicalPrimitive,8192,8192,da01028235452e2428f4b099c74dcafcfc1c64c53b511caf65a725b0d9d11d93,da01028235452e2428f4b099c74dcafcfc1c64c53b511caf65a725b0d9d11d93,true
blk.11.attn_q.weight,GGML_Q8_0,GGML_Q8_0,17825792,17825792,b1c1b366eebe608364d5fbd27968bcd46cb4f29de416f44a23caad21383c2092,b1c1b366eebe608364d5fbd27968bcd46cb4f29de416f44a23caad21383c2092,true
blk.11.attn_q_norm.weight,CanonicalPrimitive,CanonicalPrimitive,1024,1024,3a0dc3c44ebc1d399be44c1ccb6c530572d940ad2127869dd8cb77cbe322ff72,3a0dc3c44ebc1d399be44c1ccb6c530572d940ad2127869dd8cb77cbe322ff72,true
blk.11.attn_k.weight,GGML_Q8_0,GGML_Q8_0,1114112,1114112,38e5e789408e0a469748852a34d2d736bb350a26aaa70d62b680622e50bc4cfe,38e5e789408e0a469748852a34d2d736bb350a26aaa70d62b680622e50bc4cfe,true
blk.11.attn_k_norm.weight,CanonicalPrimitive,CanonicalPrimitive,1024,1024,41f8b08f0487a390cd60949301ecc07296de3f49bc415e71615c7ade0ed17416,41f8b08f0487a390cd60949301ecc07296de3f49bc415e71615c7ade0ed17416,true
blk.11.attn_v.weight,GGML_Q8_0,GGML_Q8_0,1114112,1114112,ac752cc6fc1a4dd0cab61ce359faddb549b9d0a7758180444a46d507b78570e4,ac752cc6fc1a4dd0cab61ce359faddb549b9d0a7758180444a46d507b78570e4,true
blk.11.attn_output.weight,GGML_Q8_0,GGML_Q8_0,8912896,8912896,3e2c274eee4ed6e00f4de77f478bdf0f4a280d2a0aac9fa9aa8a002f73041536,3e2c274eee4ed6e00f4de77f478bdf0f4a280d2a0aac9fa9aa8a002f73041536,true
blk.11.ffn_gate_exps.weight,GGML_Q4_K,GGML_Q4_K,150994944,150994944,5388773dfead02648e331383671e40cb3f9cad8b069804eddeb71cdf5c0cf269,5388773dfead02648e331383671e40cb3f9cad8b069804eddeb71cdf5c0cf269,true
blk.11.ffn_gate_inp.weight,CanonicalPrimitive,CanonicalPrimitive,2097152,2097152,450566e0404b3662a9985853d9306d6d54872ee380fba70e3e7c838afffb247a,450566e0404b3662a9985853d9306d6d54872ee380fba70e3e7c838afffb247a,true
blk.11.ffn_gate_inp_shexp.weight,CanonicalPrimitive,CanonicalPrimitive,8192,8192,be8550e84e067eddaf4c8eb0d7c92d322ec7a618e4692316e94f73cfafc98a20,be8550e84e067eddaf4c8eb0d7c92d322ec7a618e4692316e94f73cfafc98a20,true
blk.11.ffn_gate_shexp.weight,GGML_Q8_0,GGML_Q8_0,1114112,1114112,114b1e2d142b0b4e02a5377b60ba60b3e47a1aadac55d836a37be47292ddc418,114b1e2d142b0b4e02a5377b60ba60b3e47a1aadac55d836a37be47292ddc418,true
blk.11.ffn_up_exps.weight,GGML_Q4_K,GGML_Q4_K,150994944,150994944,e401edd32fb9349d276ee84021b04ec8be905e202eee9fd314c8faffccfc6c49,e401edd32fb9349d276ee84021b04ec8be905e202eee9fd314c8faffccfc6c49,true
blk.11.ffn_up_shexp.weight,GGML_Q8_0,GGML_Q8_0,1114112,1114112,8367d150c2af33d1f1186709ee9710a138e897e543282fa79af62f49d5b6c620,8367d150c2af33d1f1186709ee9710a138e897e543282fa79af62f49d5b6c620,true
blk.11.ffn_down_exps.weight,GGML_Q5_K,GGML_Q5_K,184549376,184549376,1b317784a118de00e2dc6af761eccb2c4a5320efe692f85b36a63aec7cae83d0,1b317784a118de00e2dc6af761eccb2c4a5320efe692f85b36a63aec7cae83d0,true
blk.11.ffn_down_shexp.weight,GGML_Q8_0,GGML_Q8_0,1114112,1114112,5806339ddd141a8fe0d5c16fe5962cc535d6ff61eed7e98971a4c1fe8f3288f6,5806339ddd141a8fe0d5c16fe5962cc535d6ff61eed7e98971a4c1fe8f3288f6,true
blk.11.post_attention_norm.weight,CanonicalPrimitive,CanonicalPrimitive,8192,8192,22a51933e23bb52c56ea239c5f1e0f2af0e30f8949aa4ac6124903cfd4745207,22a51933e23bb52c56ea239c5f1e0f2af0e30f8949aa4ac6124903cfd4745207,true
blk.12.attn_norm.weight,CanonicalPrimitive,CanonicalPrimitive,8192,8192,5213e1fa41fa3305aec129362f5dc51460cb3548ddb41791f4a93944117092ee,5213e1fa41fa3305aec129362f5dc51460cb3548ddb41791f4a93944117092ee,true
blk.12.attn_qkv.weight,GGML_Q8_0,GGML_Q8_0,17825792,17825792,e4ed49223321581db2f1283df5fb38278f694d9c26c5811df5df378074daf004,e4ed49223321581db2f1283df5fb38278f694d9c26c5811df5df378074daf004,true
blk.12.ffn_gate_exps.weight,GGML_Q4_K,GGML_Q4_K,150994944,150994944,d8759ecab04085c46be30c34c1b10a9295c79fd22fa2afaa4a7127c866720026,d8759ecab04085c46be30c34c1b10a9295c79fd22fa2afaa4a7127c866720026,true
blk.12.ffn_gate_inp.weight,CanonicalPrimitive,CanonicalPrimitive,2097152,2097152,483fb9d9c74bc28949b551fc03fc6ed746e8b42192428f066e5efeafc63bb6b2,483fb9d9c74bc28949b551fc03fc6ed746e8b42192428f066e5efeafc63bb6b2,true
blk.12.ffn_gate_inp_shexp.weight,CanonicalPrimitive,CanonicalPrimitive,8192,8192,f33e3a2c0443b903316db06406af506609f2e35a37991ed37b777aa2d0f3dd85,f33e3a2c0443b903316db06406af506609f2e35a37991ed37b777aa2d0f3dd85,true
blk.12.ffn_gate_shexp.weight,GGML_Q8_0,GGML_Q8_0,1114112,1114112,8f52813990db9f57b75cafd41788c51b36f079173da4a83d8ec8f3461c0d7467,8f52813990db9f57b75cafd41788c51b36f079173da4a83d8ec8f3461c0d7467,true
blk.12.ffn_up_exps.weight,GGML_Q4_K,GGML_Q4_K,150994944,150994944,b7caecee8c0424fae7238cf560f639a0dbbd65e360ff26a3077e90029113eec3,b7caecee8c0424fae7238cf560f639a0dbbd65e360ff26a3077e90029113eec3,true
blk.12.ffn_up_shexp.weight,GGML_Q8_0,GGML_Q8_0,1114112,1114112,79b091ea325df4a23abf789b31ba52797620c9ecc68ed006aa95537ed8697f82,79b091ea325df4a23abf789b31ba52797620c9ecc68ed006aa95537ed8697f82,true
blk.12.ffn_down_exps.weight,GGML_Q5_K,GGML_Q5_K,184549376,184549376,31f39e5104bbd1a1e6d4554cd8b650ff6f70bde80c9ae9431cb8169021d72d47,31f39e5104bbd1a1e6d4554cd8b650ff6f70bde80c9ae9431cb8169021d72d47,true
blk.12.ffn_down_shexp.weight,GGML_Q8_0,GGML_Q8_0,1114112,1114112,eeb0f0ca779e6ac3d5cb375d36a107d9902cd6bcafa9bf8d85cd4875791a2508,eeb0f0ca779e6ac3d5cb375d36a107d9902cd6bcafa9bf8d85cd4875791a2508,true
blk.12.attn_gate.weight,GGML_Q8_0,GGML_Q8_0,8912896,8912896,9b9d875a7c48ae2639a78a8053bc0d0a70978f77addae4b66f2c40601be47f25,9b9d875a7c48ae2639a78a8053bc0d0a70978f77addae4b66f2c40601be47f25,true
blk.12.post_attention_norm.weight,CanonicalPrimitive,CanonicalPrimitive,8192,8192,938c09b29b14619ed745815bc359dfc97eff6947c908417c359bc5473f36209c,938c09b29b14619ed745815bc359dfc97eff6947c908417c359bc5473f36209c,true
blk.12.ssm_a,CanonicalPrimitive,CanonicalPrimitive,128,128,b6419c47d077080d519520783d70b828a6179894a61f80e0a1962a9d523fca12,b6419c47d077080d519520783d70b828a6179894a61f80e0a1962a9d523fca12,true
blk.12.ssm_alpha.weight,CanonicalPrimitive,CanonicalPrimitive,262144,262144,1048ce4b5efc7d8ba822a35240ce8056a96161e666dd92ef04acff5ddfcbfacf,1048ce4b5efc7d8ba822a35240ce8056a96161e666dd92ef04acff5ddfcbfacf,true
blk.12.ssm_beta.weight,CanonicalPrimitive,CanonicalPrimitive,262144,262144,b32f6f96e38b7efdb57daaf11f3800f0e78c9d29df7885cb1f786dccdb7c0816,b32f6f96e38b7efdb57daaf11f3800f0e78c9d29df7885cb1f786dccdb7c0816,true
blk.12.ssm_conv1d.weight,CanonicalPrimitive,CanonicalPrimitive,131072,131072,bf7b20c57abc1fe5e96c68aa59609cd7fb45d22fc98201f2e08edb8a9275a0ed,bf7b20c57abc1fe5e96c68aa59609cd7fb45d22fc98201f2e08edb8a9275a0ed,true
blk.12.ssm_dt.bias,CanonicalPrimitive,CanonicalPrimitive,128,128,1f6ed7600df405b71adfced42f622fdf009d85893651f11a0831113eeaabfcb1,1f6ed7600df405b71adfced42f622fdf009d85893651f11a0831113eeaabfcb1,true
blk.12.ssm_norm.weight,CanonicalPrimitive,CanonicalPrimitive,512,512,0b08c73437f36bd76b847a323610de504e92faa772fd1ad4e985bf38e258876b,0b08c73437f36bd76b847a323610de504e92faa772fd1ad4e985bf38e258876b,true
blk.12.ssm_out.weight,GGML_Q8_0,GGML_Q8_0,8912896,8912896,ccac069233eb9632c81ca68e7fb57b8bbaaa3e44867e3cce1ecac2efbf881f18,ccac069233eb9632c81ca68e7fb57b8bbaaa3e44867e3cce1ecac2efbf881f18,true
blk.13.attn_norm.weight,CanonicalPrimitive,CanonicalPrimitive,8192,8192,a67fed6c4d83654cf79865223ef794f0dfd32e7041d818f3d8beb39e0de0cd6d,a67fed6c4d83654cf79865223ef794f0dfd32e7041d818f3d8beb39e0de0cd6d,true
blk.13.attn_qkv.weight,GGML_Q8_0,GGML_Q8_0,17825792,17825792,dcf338ebe806342775b78624b9dc42cd71ff646aca44e180fe17f08a71199712,dcf338ebe806342775b78624b9dc42cd71ff646aca44e180fe17f08a71199712,true
blk.13.ffn_gate_exps.weight,GGML_Q4_K,GGML_Q4_K,150994944,150994944,45cd092fe1f6d9e69c4db703899a14f1641af391060c593c6a63ba22adcee684,45cd092fe1f6d9e69c4db703899a14f1641af391060c593c6a63ba22adcee684,true
blk.13.ffn_gate_inp.weight,CanonicalPrimitive,CanonicalPrimitive,2097152,2097152,d366ded9297b34722b3366ca1881e81b41f7373922002e63d9c35b64eb55c8c4,d366ded9297b34722b3366ca1881e81b41f7373922002e63d9c35b64eb55c8c4,true
blk.13.ffn_gate_inp_shexp.weight,CanonicalPrimitive,CanonicalPrimitive,8192,8192,5bb060cff82b69a301660b804248f01a01235df99598aef80d58bf7015da2b63,5bb060cff82b69a301660b804248f01a01235df99598aef80d58bf7015da2b63,true
blk.13.ffn_gate_shexp.weight,GGML_Q8_0,GGML_Q8_0,1114112,1114112,cf8f05bc15d1544a28c48043c2828ea276e52312252c17607f2bc1a82d4d18c3,cf8f05bc15d1544a28c48043c2828ea276e52312252c17607f2bc1a82d4d18c3,true
blk.13.ffn_up_exps.weight,GGML_Q4_K,GGML_Q4_K,150994944,150994944,2b276a08820f3024eb18d0b55113f74f1d126e11ace292f6657bc3bbf10e601e,2b276a08820f3024eb18d0b55113f74f1d126e11ace292f6657bc3bbf10e601e,true
blk.13.ffn_up_shexp.weight,GGML_Q8_0,GGML_Q8_0,1114112,1114112,bed6e5eab95309e8db7074ff1095171b355968c0b7395523961678f03035aa7d,bed6e5eab95309e8db7074ff1095171b355968c0b7395523961678f03035aa7d,true
blk.13.ffn_down_exps.weight,GGML_Q5_K,GGML_Q5_K,184549376,184549376,dd21c9bb44f391f2b266f88b04507c799906b403fc3c47443740d2171bbcf368,dd21c9bb44f391f2b266f88b04507c799906b403fc3c47443740d2171bbcf368,true
blk.13.ffn_down_shexp.weight,GGML_Q8_0,GGML_Q8_0,1114112,1114112,df3bbf6b5bfaf664626f1203177ec885f0613a5cf425a925ceb03dea956b605b,df3bbf6b5bfaf664626f1203177ec885f0613a5cf425a925ceb03dea956b605b,true
blk.13.attn_gate.weight,GGML_Q8_0,GGML_Q8_0,8912896,8912896,c272c94acbd52ddc475754021554866190735054f7cce7d9d91a1dbec00adc84,c272c94acbd52ddc475754021554866190735054f7cce7d9d91a1dbec00adc84,true
blk.13.post_attention_norm.weight,CanonicalPrimitive,CanonicalPrimitive,8192,8192,57b134d1a96a733bdf001db823c714a678b49fb9c0aab1780b2e9a42e3fd561c,57b134d1a96a733bdf001db823c714a678b49fb9c0aab1780b2e9a42e3fd561c,true
blk.13.ssm_a,CanonicalPrimitive,CanonicalPrimitive,128,128,bb40dc4e2a60286c817ec8a36a47610b61320415ff636145ded8ef9f063fc518,bb40dc4e2a60286c817ec8a36a47610b61320415ff636145ded8ef9f063fc518,true
blk.13.ssm_alpha.weight,CanonicalPrimitive,CanonicalPrimitive,262144,262144,32700d2f28827df90ac0e2f3bae39ff8b2d85b7ae65bdc89be55da14b3b3641b,32700d2f28827df90ac0e2f3bae39ff8b2d85b7ae65bdc89be55da14b3b3641b,true
blk.13.ssm_beta.weight,CanonicalPrimitive,CanonicalPrimitive,262144,262144,dffedc7b6e099bf58d70b996cf47464654bb4b3640a695d2279c2df47d1f48b3,dffedc7b6e099bf58d70b996cf47464654bb4b3640a695d2279c2df47d1f48b3,true
blk.13.ssm_conv1d.weight,CanonicalPrimitive,CanonicalPrimitive,131072,131072,2a1d8beee8a75774b8c81e26d7c947603e43a906cbe51b4732f40bb2bdaba375,2a1d8beee8a75774b8c81e26d7c947603e43a906cbe51b4732f40bb2bdaba375,true
blk.13.ssm_dt.bias,CanonicalPrimitive,CanonicalPrimitive,128,128,c8a93b884096100f8a1d4d7cb2ed40f0e17e999a40df5625db177e20c37d2afb,c8a93b884096100f8a1d4d7cb2ed40f0e17e999a40df5625db177e20c37d2afb,true
blk.13.ssm_norm.weight,CanonicalPrimitive,CanonicalPrimitive,512,512,f1cdba67dc2bfcd5964f1bb305249184c8a9c08fdfa24d64c1a9c7513108f700,f1cdba67dc2bfcd5964f1bb305249184c8a9c08fdfa24d64c1a9c7513108f700,true
blk.13.ssm_out.weight,GGML_Q8_0,GGML_Q8_0,8912896,8912896,f9d916c051a684b9e5aff6f25ff5f9fd06179d0b7e04e5006f726e963a9ff4d2,f9d916c051a684b9e5aff6f25ff5f9fd06179d0b7e04e5006f726e963a9ff4d2,true
blk.14.attn_norm.weight,CanonicalPrimitive,CanonicalPrimitive,8192,8192,fa1345932259c9b7584742602bc4a94e831032f6a069d0482a6be43c131456bf,fa1345932259c9b7584742602bc4a94e831032f6a069d0482a6be43c131456bf,true
blk.14.attn_qkv.weight,GGML_Q8_0,GGML_Q8_0,17825792,17825792,d1f867ba61b4223af26b2533fd65241d60af29b5acfcee4a5d5b7eb89ca14001,d1f867ba61b4223af26b2533fd65241d60af29b5acfcee4a5d5b7eb89ca14001,true
blk.14.ffn_gate_exps.weight,GGML_Q4_K,GGML_Q4_K,150994944,150994944,1f5979f34f44f180140c10fe4c3f989b96d7d05bb276946fd45ac65efcdec679,1f5979f34f44f180140c10fe4c3f989b96d7d05bb276946fd45ac65efcdec679,true
blk.14.ffn_gate_inp.weight,CanonicalPrimitive,CanonicalPrimitive,2097152,2097152,5902660d302e569a8f0e76e513396fb8c4efed64039485ddcfd52d122c546b91,5902660d302e569a8f0e76e513396fb8c4efed64039485ddcfd52d122c546b91,true
blk.14.ffn_gate_inp_shexp.weight,CanonicalPrimitive,CanonicalPrimitive,8192,8192,90510164aa8b32f2624ccfd285a53dbb3ac3ed0b3f8c1e1fa7dd31e1723a2cdc,90510164aa8b32f2624ccfd285a53dbb3ac3ed0b3f8c1e1fa7dd31e1723a2cdc,true
blk.14.ffn_gate_shexp.weight,GGML_Q8_0,GGML_Q8_0,1114112,1114112,bd81fa9be6c4c6222ef08edfcdd58258bcb6b7754a90c301d1512e7518c9d1cd,bd81fa9be6c4c6222ef08edfcdd58258bcb6b7754a90c301d1512e7518c9d1cd,true
blk.14.ffn_up_exps.weight,GGML_Q4_K,GGML_Q4_K,150994944,150994944,5c7b8cff4186844c34f166b0abe800c25c542c0ea1b2694ae371ba3b1b81b163,5c7b8cff4186844c34f166b0abe800c25c542c0ea1b2694ae371ba3b1b81b163,true
blk.14.ffn_up_shexp.weight,GGML_Q8_0,GGML_Q8_0,1114112,1114112,948d6a5350b87f3cb2a7566de13314196b3a00433dac9536778a03e47fd0cd18,948d6a5350b87f3cb2a7566de13314196b3a00433dac9536778a03e47fd0cd18,true
blk.14.ffn_down_exps.weight,GGML_Q5_K,GGML_Q5_K,184549376,184549376,8bfaaf890fdced7b7a5ba3851f11cb0132982c3cb3fac8a174571e46889d525a,8bfaaf890fdced7b7a5ba3851f11cb0132982c3cb3fac8a174571e46889d525a,true
blk.14.ffn_down_shexp.weight,GGML_Q8_0,GGML_Q8_0,1114112,1114112,a4600f7296bffa365bd5586b86e9ab025cb6583590f72f58183e30895a1b2901,a4600f7296bffa365bd5586b86e9ab025cb6583590f72f58183e30895a1b2901,true
blk.14.attn_gate.weight,GGML_Q8_0,GGML_Q8_0,8912896,8912896,6caa79dcc2f9adfed52c9431f8f8411603fea41c3543741aa0bf7495e590c517,6caa79dcc2f9adfed52c9431f8f8411603fea41c3543741aa0bf7495e590c517,true
blk.14.post_attention_norm.weight,CanonicalPrimitive,CanonicalPrimitive,8192,8192,16b829ce198728eab55dcaf8aecf6196f20056ffee276f321b9da145efed1032,16b829ce198728eab55dcaf8aecf6196f20056ffee276f321b9da145efed1032,true
blk.14.ssm_a,CanonicalPrimitive,CanonicalPrimitive,128,128,e3f00e4d7f1a752e9793940ac5168107813f626a62b3d8a3fc44db41b119cc13,e3f00e4d7f1a752e9793940ac5168107813f626a62b3d8a3fc44db41b119cc13,true
blk.14.ssm_alpha.weight,CanonicalPrimitive,CanonicalPrimitive,262144,262144,f7c0de11647dffad0eddb654b21808d07c8beae6ddae31b7f1a14cd265762d7a,f7c0de11647dffad0eddb654b21808d07c8beae6ddae31b7f1a14cd265762d7a,true
blk.14.ssm_beta.weight,CanonicalPrimitive,CanonicalPrimitive,262144,262144,2fdfe96730f7981d2d44c8c718225e78245de2f725d4bb0d5f65909890b3b0f3,2fdfe96730f7981d2d44c8c718225e78245de2f725d4bb0d5f65909890b3b0f3,true
blk.14.ssm_conv1d.weight,CanonicalPrimitive,CanonicalPrimitive,131072,131072,c76eb7732d16ec59f5c25dcfc11c0a8f3d8e0971596374222b1d2eee92a7bccc,c76eb7732d16ec59f5c25dcfc11c0a8f3d8e0971596374222b1d2eee92a7bccc,true
blk.14.ssm_dt.bias,CanonicalPrimitive,CanonicalPrimitive,128,128,2361530f9654e6fbf3b4d9759eedb798e44869f10f991c075f102ed3a1965a66,2361530f9654e6fbf3b4d9759eedb798e44869f10f991c075f102ed3a1965a66,true
blk.14.ssm_norm.weight,CanonicalPrimitive,CanonicalPrimitive,512,512,5a13c2cf15cf100b0d6b9276e739c0668504f7cd0a03b0a9f131d20394e76314,5a13c2cf15cf100b0d6b9276e739c0668504f7cd0a03b0a9f131d20394e76314,true
blk.14.ssm_out.weight,GGML_Q8_0,GGML_Q8_0,8912896,8912896,bb260effee6d73705e929fd2919855833d150ca51d3a555a42ac59f335739c28,bb260effee6d73705e929fd2919855833d150ca51d3a555a42ac59f335739c28,true
blk.15.attn_norm.weight,CanonicalPrimitive,CanonicalPrimitive,8192,8192,5e58ac632d8d8a3a1692c2a2d63d031eed8098d656c04730525bafea697aa8c5,5e58ac632d8d8a3a1692c2a2d63d031eed8098d656c04730525bafea697aa8c5,true
blk.15.attn_q.weight,GGML_Q8_0,GGML_Q8_0,17825792,17825792,8a50903a1ab093d96ea27702da352f991424d5b5b15069fb1bc0eb89aec2502a,8a50903a1ab093d96ea27702da352f991424d5b5b15069fb1bc0eb89aec2502a,true
blk.15.attn_q_norm.weight,CanonicalPrimitive,CanonicalPrimitive,1024,1024,7d5916de404f184f7d565298678b2762961b7ace27f1a9722b140ef312870f41,7d5916de404f184f7d565298678b2762961b7ace27f1a9722b140ef312870f41,true
blk.15.attn_k.weight,GGML_Q8_0,GGML_Q8_0,1114112,1114112,b7297868e6c67402b32eb99189cb092c4e0e016a1938c09635eadaffff9790be,b7297868e6c67402b32eb99189cb092c4e0e016a1938c09635eadaffff9790be,true
blk.15.attn_k_norm.weight,CanonicalPrimitive,CanonicalPrimitive,1024,1024,68031bcede62b2a9ea30e98af6c5dd8580c141ed13d560e206f8781863983a39,68031bcede62b2a9ea30e98af6c5dd8580c141ed13d560e206f8781863983a39,true
blk.15.attn_v.weight,GGML_Q8_0,GGML_Q8_0,1114112,1114112,f18da6f281fc36d4a871aabc3ab547e0d9036192c04a454af53b1763656fbdd2,f18da6f281fc36d4a871aabc3ab547e0d9036192c04a454af53b1763656fbdd2,true
blk.15.attn_output.weight,GGML_Q8_0,GGML_Q8_0,8912896,8912896,ad1abe533fcf0af30678bd8edad9cf98050cd11705d1b3e0695f4d6ace0d6076,ad1abe533fcf0af30678bd8edad9cf98050cd11705d1b3e0695f4d6ace0d6076,true
blk.15.ffn_gate_exps.weight,GGML_Q4_K,GGML_Q4_K,150994944,150994944,16c8f7d5649024c3c105d3e51798ab84b0bfa3b3ae55f01905d04286902c1ce7,16c8f7d5649024c3c105d3e51798ab84b0bfa3b3ae55f01905d04286902c1ce7,true
blk.15.ffn_gate_inp.weight,CanonicalPrimitive,CanonicalPrimitive,2097152,2097152,26a9300e29294d2c0c9a00903b82044f85faf70d53a1743e1d01dd925c8a40a6,26a9300e29294d2c0c9a00903b82044f85faf70d53a1743e1d01dd925c8a40a6,true
blk.15.ffn_gate_inp_shexp.weight,CanonicalPrimitive,CanonicalPrimitive,8192,8192,025311e3bd3467dd106aae168acd5412fddbcae6cf5e44c5a24416a3c1d40c72,025311e3bd3467dd106aae168acd5412fddbcae6cf5e44c5a24416a3c1d40c72,true
blk.15.ffn_gate_shexp.weight,GGML_Q8_0,GGML_Q8_0,1114112,1114112,b41ed61b6bf3e16d2eb4fd7113270d16d037c17c0fd9902ddddf8cc91c369537,b41ed61b6bf3e16d2eb4fd7113270d16d037c17c0fd9902ddddf8cc91c369537,true
blk.15.ffn_up_exps.weight,GGML_Q4_K,GGML_Q4_K,150994944,150994944,06b641d3f58845534f32f3025b66fc405b3c0b999a9829c09e81b6e8a2d9f588,06b641d3f58845534f32f3025b66fc405b3c0b999a9829c09e81b6e8a2d9f588,true
blk.15.ffn_up_shexp.weight,GGML_Q8_0,GGML_Q8_0,1114112,1114112,c4c50b97e9ed288fee432498975bd902a309aaa731ae51de38c0a7a958891ccf,c4c50b97e9ed288fee432498975bd902a309aaa731ae51de38c0a7a958891ccf,true
blk.15.ffn_down_exps.weight,GGML_Q5_K,GGML_Q5_K,184549376,184549376,952043ef8b2e331b652c3f0922e6ea7127c427a541848e5fdf155fa0cdb2776b,952043ef8b2e331b652c3f0922e6ea7127c427a541848e5fdf155fa0cdb2776b,true
blk.15.ffn_down_shexp.weight,GGML_Q8_0,GGML_Q8_0,1114112,1114112,ad64692ae7f78d6d3d7cf46d3e178ebd632300b77d47269400baf5b8e0ba717b,ad64692ae7f78d6d3d7cf46d3e178ebd632300b77d47269400baf5b8e0ba717b,true
blk.15.post_attention_norm.weight,CanonicalPrimitive,CanonicalPrimitive,8192,8192,df008c4daeffd5cdff46a802bc2d57f9d3525c1a94b434092f4884f7fe7ca7ba,df008c4daeffd5cdff46a802bc2d57f9d3525c1a94b434092f4884f7fe7ca7ba,true
blk.16.attn_norm.weight,CanonicalPrimitive,CanonicalPrimitive,8192,8192,6b2a33b641f3a097ab90c18887e47806458e7756e7d7f9388a07c6ebb6a99e32,6b2a33b641f3a097ab90c18887e47806458e7756e7d7f9388a07c6ebb6a99e32,true
blk.16.attn_qkv.weight,GGML_Q8_0,GGML_Q8_0,17825792,17825792,cf111c581418a96602f2fa7d31840b6c228853a4ed897295422ba29b7f4cbece,cf111c581418a96602f2fa7d31840b6c228853a4ed897295422ba29b7f4cbece,true
blk.16.ffn_gate_exps.weight,GGML_Q4_K,GGML_Q4_K,150994944,150994944,34230fe1b11786536d6163f66ed7076537700244516beac9364f7785f0e51326,34230fe1b11786536d6163f66ed7076537700244516beac9364f7785f0e51326,true
blk.16.ffn_gate_inp.weight,CanonicalPrimitive,CanonicalPrimitive,2097152,2097152,2b34eb09fff08b4f329a8144b8f0c268196f20a5c111605ffe8d9cba2738e68b,2b34eb09fff08b4f329a8144b8f0c268196f20a5c111605ffe8d9cba2738e68b,true
blk.16.ffn_gate_inp_shexp.weight,CanonicalPrimitive,CanonicalPrimitive,8192,8192,1f56afe543fbc4ec8bf8e4eb6d02e018943eb8db86fd144c452f47fe32dcc56a,1f56afe543fbc4ec8bf8e4eb6d02e018943eb8db86fd144c452f47fe32dcc56a,true
blk.16.ffn_gate_shexp.weight,GGML_Q8_0,GGML_Q8_0,1114112,1114112,17c66b9a10568c9048e060d62642720e7b18c22db2a9156c0da7b35f3173b007,17c66b9a10568c9048e060d62642720e7b18c22db2a9156c0da7b35f3173b007,true
blk.16.ffn_up_exps.weight,GGML_Q4_K,GGML_Q4_K,150994944,150994944,2e267b9058f798977544daceaa50731aaeb4e646055cbb2173627f3cfbde5e9c,2e267b9058f798977544daceaa50731aaeb4e646055cbb2173627f3cfbde5e9c,true
blk.16.ffn_up_shexp.weight,GGML_Q8_0,GGML_Q8_0,1114112,1114112,29dbd2a747ed7f7d0c8fd9fcb46a415010cc460d3fc3c45f14006328fbe679b3,29dbd2a747ed7f7d0c8fd9fcb46a415010cc460d3fc3c45f14006328fbe679b3,true
blk.16.ffn_down_exps.weight,GGML_Q5_K,GGML_Q5_K,184549376,184549376,ccbf2deab197f44007efde48d7d542a843a36b6ba8d41f4c96cfeca9b83af902,ccbf2deab197f44007efde48d7d542a843a36b6ba8d41f4c96cfeca9b83af902,true
blk.16.ffn_down_shexp.weight,GGML_Q8_0,GGML_Q8_0,1114112,1114112,49dd4f4cd97eef9fdbf74cf5a699b171a971001efeac1411a798ca3489657242,49dd4f4cd97eef9fdbf74cf5a699b171a971001efeac1411a798ca3489657242,true
blk.16.attn_gate.weight,GGML_Q8_0,GGML_Q8_0,8912896,8912896,5f825cc7ba93a7577f22ca5aa2853ff40f1c89e3d56f8f2b9233567934d2bf50,5f825cc7ba93a7577f22ca5aa2853ff40f1c89e3d56f8f2b9233567934d2bf50,true
blk.16.post_attention_norm.weight,CanonicalPrimitive,CanonicalPrimitive,8192,8192,fe97e3577a638868575f7ebf4cf51cb5ebaba279b3934b27e9c76611ee4f8253,fe97e3577a638868575f7ebf4cf51cb5ebaba279b3934b27e9c76611ee4f8253,true
blk.16.ssm_a,CanonicalPrimitive,CanonicalPrimitive,128,128,12eeea9d16953e4e2ada995ef1bf4db02fd29c8ef6687334a0d718d71e39164b,12eeea9d16953e4e2ada995ef1bf4db02fd29c8ef6687334a0d718d71e39164b,true
blk.16.ssm_alpha.weight,CanonicalPrimitive,CanonicalPrimitive,262144,262144,adbce486b63c6aae49e2850117890200e026a5dd45766b456db329bd741ddcc7,adbce486b63c6aae49e2850117890200e026a5dd45766b456db329bd741ddcc7,true
blk.16.ssm_beta.weight,CanonicalPrimitive,CanonicalPrimitive,262144,262144,3848f08b73906c939cf64ef4c70982ee13ba079e4d54a87d5a3786bfc9012c8a,3848f08b73906c939cf64ef4c70982ee13ba079e4d54a87d5a3786bfc9012c8a,true
blk.16.ssm_conv1d.weight,CanonicalPrimitive,CanonicalPrimitive,131072,131072,8b2e13cd83671dead3f21f32bf662a4b3514c324af24986fab26d4fed7acd08b,8b2e13cd83671dead3f21f32bf662a4b3514c324af24986fab26d4fed7acd08b,true
blk.16.ssm_dt.bias,CanonicalPrimitive,CanonicalPrimitive,128,128,ece61c8c29305deba08381e203122906b144d0a4e01f81413b83c9a553ac01c8,ece61c8c29305deba08381e203122906b144d0a4e01f81413b83c9a553ac01c8,true
blk.16.ssm_norm.weight,CanonicalPrimitive,CanonicalPrimitive,512,512,a65674976c1c3133e335009a69da4833aa832fcedb0795c428594efcfabe0f67,a65674976c1c3133e335009a69da4833aa832fcedb0795c428594efcfabe0f67,true
blk.16.ssm_out.weight,GGML_Q8_0,GGML_Q8_0,8912896,8912896,790e91c1da60f44a5026668bd6f1cb442ae19107f45ff492de7fc317566436cb,790e91c1da60f44a5026668bd6f1cb442ae19107f45ff492de7fc317566436cb,true
blk.17.attn_norm.weight,CanonicalPrimitive,CanonicalPrimitive,8192,8192,9ba4094c37228961be2f91e0d7299c7a2d6ed50ffbd30145a02b8bfba30430f4,9ba4094c37228961be2f91e0d7299c7a2d6ed50ffbd30145a02b8bfba30430f4,true
blk.17.attn_qkv.weight,GGML_Q8_0,GGML_Q8_0,17825792,17825792,c4f437f1c7a059efa46f44d6d75bb8b469efb7ac3af7eb8ed879905ea0b9b479,c4f437f1c7a059efa46f44d6d75bb8b469efb7ac3af7eb8ed879905ea0b9b479,true
blk.17.ffn_gate_exps.weight,GGML_Q4_K,GGML_Q4_K,150994944,150994944,0236b607c9b837eb47483677ae41897fe82b5c3462e94b48db9a9fe01811b600,0236b607c9b837eb47483677ae41897fe82b5c3462e94b48db9a9fe01811b600,true
blk.17.ffn_gate_inp.weight,CanonicalPrimitive,CanonicalPrimitive,2097152,2097152,8f8423f00c37b832d8f61bf5193f9b1dafd789e0c507510841c3de9cd49db2a8,8f8423f00c37b832d8f61bf5193f9b1dafd789e0c507510841c3de9cd49db2a8,true
blk.17.ffn_gate_inp_shexp.weight,CanonicalPrimitive,CanonicalPrimitive,8192,8192,2789c021e511865d964e17692d940c7bc379d3f3a8ba080d4fe728d4ee485d6b,2789c021e511865d964e17692d940c7bc379d3f3a8ba080d4fe728d4ee485d6b,true
blk.17.ffn_gate_shexp.weight,GGML_Q8_0,GGML_Q8_0,1114112,1114112,1dbf0a54b1d60f96b63d322c905c6a145e0fea867cb48eefefe4fe7518fbc576,1dbf0a54b1d60f96b63d322c905c6a145e0fea867cb48eefefe4fe7518fbc576,true
blk.17.ffn_up_exps.weight,GGML_Q4_K,GGML_Q4_K,150994944,150994944,5dd0cc64d049d41628ff8b99aae2885c79ffadfccd3acf0df941835f656432d3,5dd0cc64d049d41628ff8b99aae2885c79ffadfccd3acf0df941835f656432d3,true
blk.17.ffn_up_shexp.weight,GGML_Q8_0,GGML_Q8_0,1114112,1114112,bedfd304bd91449995bbe520e9149031520eb5ac18f756276958e6a966554d90,bedfd304bd91449995bbe520e9149031520eb5ac18f756276958e6a966554d90,true
blk.17.ffn_down_exps.weight,GGML_Q5_K,GGML_Q5_K,184549376,184549376,a748dd63e2df9e82c80eef641e860b5d67d2ef14ef6e858e5a6d549c9df65a78,a748dd63e2df9e82c80eef641e860b5d67d2ef14ef6e858e5a6d549c9df65a78,true
blk.17.ffn_down_shexp.weight,GGML_Q8_0,GGML_Q8_0,1114112,1114112,e445db49708d96321a4207374b464f6e1585349e9b2e697066b4d8f63f7f3911,e445db49708d96321a4207374b464f6e1585349e9b2e697066b4d8f63f7f3911,true
blk.17.attn_gate.weight,GGML_Q8_0,GGML_Q8_0,8912896,8912896,8d8c0b87dd396ee7ee6b1602df5a759c5071e7c42f1f0f90631c2312545e46fe,8d8c0b87dd396ee7ee6b1602df5a759c5071e7c42f1f0f90631c2312545e46fe,true
blk.17.post_attention_norm.weight,CanonicalPrimitive,CanonicalPrimitive,8192,8192,d18d3d29734ee405954e5294378e4290dab39bd15e6cd3868251d907331f716f,d18d3d29734ee405954e5294378e4290dab39bd15e6cd3868251d907331f716f,true
blk.17.ssm_a,CanonicalPrimitive,CanonicalPrimitive,128,128,fdb68c54ac6e647eb2f0f8951faf6327a11edb24fce759230c4cbd82fb7d6247,fdb68c54ac6e647eb2f0f8951faf6327a11edb24fce759230c4cbd82fb7d6247,true
blk.17.ssm_alpha.weight,CanonicalPrimitive,CanonicalPrimitive,262144,262144,4a3d2042a5c3936164c7debf2c4a11ab9fe107a32d23f86674af9454be3fc349,4a3d2042a5c3936164c7debf2c4a11ab9fe107a32d23f86674af9454be3fc349,true
blk.17.ssm_beta.weight,CanonicalPrimitive,CanonicalPrimitive,262144,262144,ad3ccf8f91bbe55b236a7ef911eea9e5b7f1ddec5c1e8240a3098f1f8f90f601,ad3ccf8f91bbe55b236a7ef911eea9e5b7f1ddec5c1e8240a3098f1f8f90f601,true
blk.17.ssm_conv1d.weight,CanonicalPrimitive,CanonicalPrimitive,131072,131072,808e9ce41d84c8734aa6e3d427aa2f5f846a6e7019c4d793665e0020b918fd90,808e9ce41d84c8734aa6e3d427aa2f5f846a6e7019c4d793665e0020b918fd90,true
blk.17.ssm_dt.bias,CanonicalPrimitive,CanonicalPrimitive,128,128,5d919f5973806741f0d8c16574cd45d06c7c880257f6b7da6aa3128f50c31e24,5d919f5973806741f0d8c16574cd45d06c7c880257f6b7da6aa3128f50c31e24,true
blk.17.ssm_norm.weight,CanonicalPrimitive,CanonicalPrimitive,512,512,2c11a94bbb7ad8f6b344f9080e7af71e39e9179e8b1916db44cc86e9f520b71a,2c11a94bbb7ad8f6b344f9080e7af71e39e9179e8b1916db44cc86e9f520b71a,true
blk.17.ssm_out.weight,GGML_Q8_0,GGML_Q8_0,8912896,8912896,04dafd853d59f6bd00202de51a95fbf849b40c5432bbaef4fb0cded25980d7b9,04dafd853d59f6bd00202de51a95fbf849b40c5432bbaef4fb0cded25980d7b9,true
blk.18.attn_norm.weight,CanonicalPrimitive,CanonicalPrimitive,8192,8192,0bbd2dd69af69862b272adec879a64715909d48685667c3c9239e8b50b83161b,0bbd2dd69af69862b272adec879a64715909d48685667c3c9239e8b50b83161b,true
blk.18.attn_qkv.weight,GGML_Q8_0,GGML_Q8_0,17825792,17825792,5773503e6e72a60c38ed70f6242c222f9ad8cd39b2bd38d5df56851ce68e1b1d,5773503e6e72a60c38ed70f6242c222f9ad8cd39b2bd38d5df56851ce68e1b1d,true
blk.18.ffn_gate_exps.weight,GGML_Q4_K,GGML_Q4_K,150994944,150994944,22e177cda18c837866a8ce8fa2051fd3f8a2c5d95eafb0d3d565796518ae1b0d,22e177cda18c837866a8ce8fa2051fd3f8a2c5d95eafb0d3d565796518ae1b0d,true
blk.18.ffn_gate_inp.weight,CanonicalPrimitive,CanonicalPrimitive,2097152,2097152,08695ce4efc80518b4b5d8c2722045c3672c88c25ff955be16d6171bf1e8ad9d,08695ce4efc80518b4b5d8c2722045c3672c88c25ff955be16d6171bf1e8ad9d,true
blk.18.ffn_gate_inp_shexp.weight,CanonicalPrimitive,CanonicalPrimitive,8192,8192,b28135ed1abd8e259f3d563c5112eddebcf25d7ea2297d929ac395c7e30aa5ae,b28135ed1abd8e259f3d563c5112eddebcf25d7ea2297d929ac395c7e30aa5ae,true
blk.18.ffn_gate_shexp.weight,GGML_Q8_0,GGML_Q8_0,1114112,1114112,11701f179a7b5db67d337d8481d9ff04798fff9d948b17543224b204c7b6a854,11701f179a7b5db67d337d8481d9ff04798fff9d948b17543224b204c7b6a854,true
blk.18.ffn_up_exps.weight,GGML_Q4_K,GGML_Q4_K,150994944,150994944,626d3386ad8bf016b6c3f8b7db357cd03a7338341d5ccdf35888896e785f7696,626d3386ad8bf016b6c3f8b7db357cd03a7338341d5ccdf35888896e785f7696,true
blk.18.ffn_up_shexp.weight,GGML_Q8_0,GGML_Q8_0,1114112,1114112,441a4ff26b9dd1d61d4dac8effa003cdd085a1d48dc0f837b019dc2145cbc40a,441a4ff26b9dd1d61d4dac8effa003cdd085a1d48dc0f837b019dc2145cbc40a,true
blk.18.ffn_down_exps.weight,GGML_Q5_K,GGML_Q5_K,184549376,184549376,b6e97e9c4b0076d4c6b788b2c09716e50ca7d2f1033bf50ae3be2c1d812ae981,b6e97e9c4b0076d4c6b788b2c09716e50ca7d2f1033bf50ae3be2c1d812ae981,true
blk.18.ffn_down_shexp.weight,GGML_Q8_0,GGML_Q8_0,1114112,1114112,419b5d97f2e2cc0653a97177fb463de01847c9db99666010ec106769dbf460d9,419b5d97f2e2cc0653a97177fb463de01847c9db99666010ec106769dbf460d9,true
blk.18.attn_gate.weight,GGML_Q8_0,GGML_Q8_0,8912896,8912896,4b375bf278199ff7349aa029f77b57f0bbaf89e2e0f3541390fceb2db2613eec,4b375bf278199ff7349aa029f77b57f0bbaf89e2e0f3541390fceb2db2613eec,true
blk.18.post_attention_norm.weight,CanonicalPrimitive,CanonicalPrimitive,8192,8192,522d65b310023785c6728188d4a34952236a024127e606c30b8f2ab9135bede1,522d65b310023785c6728188d4a34952236a024127e606c30b8f2ab9135bede1,true
blk.18.ssm_a,CanonicalPrimitive,CanonicalPrimitive,128,128,317e83375386205b76759cc2cc8874e615e773fb7e5dee3670b4bd60e1b25b79,317e83375386205b76759cc2cc8874e615e773fb7e5dee3670b4bd60e1b25b79,true
blk.18.ssm_alpha.weight,CanonicalPrimitive,CanonicalPrimitive,262144,262144,9aa38d16e77cdfc7846cbac619f15138ea5b2ce1c6a0a25d17515b2cc2c8d36f,9aa38d16e77cdfc7846cbac619f15138ea5b2ce1c6a0a25d17515b2cc2c8d36f,true
blk.18.ssm_beta.weight,CanonicalPrimitive,CanonicalPrimitive,262144,262144,fc960122cb0625f660aa5b34d40311bf79d51ab6077f807c17d6df2eaf52d2b8,fc960122cb0625f660aa5b34d40311bf79d51ab6077f807c17d6df2eaf52d2b8,true
blk.18.ssm_conv1d.weight,CanonicalPrimitive,CanonicalPrimitive,131072,131072,eb029a7f9d7f61a56abe0e893a390e4471ec26258cb7464e11a9c8eadff6153c,eb029a7f9d7f61a56abe0e893a390e4471ec26258cb7464e11a9c8eadff6153c,true
blk.18.ssm_dt.bias,CanonicalPrimitive,CanonicalPrimitive,128,128,4992c8d4494c4c974a52a142abf4da27af6e1380f417b4cf066a61829d9e0782,4992c8d4494c4c974a52a142abf4da27af6e1380f417b4cf066a61829d9e0782,true
blk.18.ssm_norm.weight,CanonicalPrimitive,CanonicalPrimitive,512,512,37a77f90df5407125d79bc5f6641ab91742a4a00489ec71bae5e2985944df957,37a77f90df5407125d79bc5f6641ab91742a4a00489ec71bae5e2985944df957,true
blk.18.ssm_out.weight,GGML_Q8_0,GGML_Q8_0,8912896,8912896,602d9371094ccb79068c5bf5a9f6b0322f4d3803a5e09ae2f5ace74e450d1923,602d9371094ccb79068c5bf5a9f6b0322f4d3803a5e09ae2f5ace74e450d1923,true
blk.19.attn_norm.weight,CanonicalPrimitive,CanonicalPrimitive,8192,8192,6cf766bd08651d6897625c6e38a7f95537d015318028029bbd825a6c24374b18,6cf766bd08651d6897625c6e38a7f95537d015318028029bbd825a6c24374b18,true
blk.19.attn_q.weight,GGML_Q8_0,GGML_Q8_0,17825792,17825792,b7b9cc1e5c0f3cfd59ab84b7b53af19c021a8ce49724ec4b02e78aad0cc989de,b7b9cc1e5c0f3cfd59ab84b7b53af19c021a8ce49724ec4b02e78aad0cc989de,true
blk.19.attn_q_norm.weight,CanonicalPrimitive,CanonicalPrimitive,1024,1024,c1a0357d975013c0362e48473169ecb8c2c7706ed1c9ade23e8d53b9a010bd6e,c1a0357d975013c0362e48473169ecb8c2c7706ed1c9ade23e8d53b9a010bd6e,true
blk.19.attn_k.weight,GGML_Q8_0,GGML_Q8_0,1114112,1114112,42eea37cccc36256ed104195cd594a5ba5de727755de855f2b23f28fc9f78145,42eea37cccc36256ed104195cd594a5ba5de727755de855f2b23f28fc9f78145,true
blk.19.attn_k_norm.weight,CanonicalPrimitive,CanonicalPrimitive,1024,1024,bf5fe1535430475e5ec58d5895059b382ab92b95b7a6a092014b3f19286d33ab,bf5fe1535430475e5ec58d5895059b382ab92b95b7a6a092014b3f19286d33ab,true
blk.19.attn_v.weight,GGML_Q8_0,GGML_Q8_0,1114112,1114112,5f5a06ce4ce579567bbe9fd048e660b84f98c8e96751399f4182e679df9e9a47,5f5a06ce4ce579567bbe9fd048e660b84f98c8e96751399f4182e679df9e9a47,true
blk.19.attn_output.weight,GGML_Q8_0,GGML_Q8_0,8912896,8912896,939bd655cd0f8fc2fe1314fe52c3353491252c07b3150a2f97b15a94666926dd,939bd655cd0f8fc2fe1314fe52c3353491252c07b3150a2f97b15a94666926dd,true
blk.19.ffn_gate_exps.weight,GGML_Q4_K,GGML_Q4_K,150994944,150994944,6c0e162c65ffa799a024f662bba1b0bbd67515dbd154e62666a93513f9259128,6c0e162c65ffa799a024f662bba1b0bbd67515dbd154e62666a93513f9259128,true
blk.19.ffn_gate_inp.weight,CanonicalPrimitive,CanonicalPrimitive,2097152,2097152,e774eec996a0ed587668ffeaf11ffa8108faecfe9d507bece715e78e1d1dd654,e774eec996a0ed587668ffeaf11ffa8108faecfe9d507bece715e78e1d1dd654,true
blk.19.ffn_gate_inp_shexp.weight,CanonicalPrimitive,CanonicalPrimitive,8192,8192,261fba9c288f554214946f4fc65abe10c5f211da7cd0acd0cc9eff0f0c4a6871,261fba9c288f554214946f4fc65abe10c5f211da7cd0acd0cc9eff0f0c4a6871,true
blk.19.ffn_gate_shexp.weight,GGML_Q8_0,GGML_Q8_0,1114112,1114112,1091c18c699dd4185ca5a3b64e0d2e2de6672f016bd486517f58fefd7697dbcb,1091c18c699dd4185ca5a3b64e0d2e2de6672f016bd486517f58fefd7697dbcb,true
blk.19.ffn_up_exps.weight,GGML_Q4_K,GGML_Q4_K,150994944,150994944,fa84669f8c52462a8a19502b4528dd53e8846aec54d41dfc031b2c3db4403d93,fa84669f8c52462a8a19502b4528dd53e8846aec54d41dfc031b2c3db4403d93,true
blk.19.ffn_up_shexp.weight,GGML_Q8_0,GGML_Q8_0,1114112,1114112,534c65517c7b2263334c3fce9257d731741dee819692a0b9985190c19b4fcac5,534c65517c7b2263334c3fce9257d731741dee819692a0b9985190c19b4fcac5,true
blk.19.ffn_down_exps.weight,GGML_Q5_K,GGML_Q5_K,184549376,184549376,04e75673ceca0bbe7cb0e6df2856906b3f57383bc817723bbaa18ba4b752969e,04e75673ceca0bbe7cb0e6df2856906b3f57383bc817723bbaa18ba4b752969e,true
blk.19.ffn_down_shexp.weight,GGML_Q8_0,GGML_Q8_0,1114112,1114112,0990d8bbc36b01c14c483b77d1b646435eba699ad80da71d57580dd61b0caaf7,0990d8bbc36b01c14c483b77d1b646435eba699ad80da71d57580dd61b0caaf7,true
blk.19.post_attention_norm.weight,CanonicalPrimitive,CanonicalPrimitive,8192,8192,1565f4ba75937001b78c18f0c82d1b2fd2ad5c1fe01aff845b28fa3186395a02,1565f4ba75937001b78c18f0c82d1b2fd2ad5c1fe01aff845b28fa3186395a02,true
blk.20.attn_norm.weight,CanonicalPrimitive,CanonicalPrimitive,8192,8192,5ddb5a36b9efc486e5faf05dae1cb7ceeccc69f18fe2bcfc157d9332e4e0470d,5ddb5a36b9efc486e5faf05dae1cb7ceeccc69f18fe2bcfc157d9332e4e0470d,true
blk.20.attn_qkv.weight,GGML_Q8_0,GGML_Q8_0,17825792,17825792,1d0273f39743fc043d08980c0a34ed7568a2a4903e8c5e1463074cbf40de71ec,1d0273f39743fc043d08980c0a34ed7568a2a4903e8c5e1463074cbf40de71ec,true
blk.20.ffn_gate_exps.weight,GGML_Q4_K,GGML_Q4_K,150994944,150994944,2ca79bdd34d1497897b78bc355cd91c4a80928c57be914fe4a86626f9d6a267a,2ca79bdd34d1497897b78bc355cd91c4a80928c57be914fe4a86626f9d6a267a,true
blk.20.ffn_gate_inp.weight,CanonicalPrimitive,CanonicalPrimitive,2097152,2097152,aeef1fccbbbd1ada323fb39cc9aeeb474cc639a7441b65ff12a62ce5dfdb90d5,aeef1fccbbbd1ada323fb39cc9aeeb474cc639a7441b65ff12a62ce5dfdb90d5,true
blk.20.ffn_gate_inp_shexp.weight,CanonicalPrimitive,CanonicalPrimitive,8192,8192,34e8aa999087393e946fa9f2f727f3719af74bd6de1d9820253624d8afd4e00c,34e8aa999087393e946fa9f2f727f3719af74bd6de1d9820253624d8afd4e00c,true
blk.20.ffn_gate_shexp.weight,GGML_Q8_0,GGML_Q8_0,1114112,1114112,715e6e5bdc43df0f81e81dd8aca037287a6cef8527ec4fdd537a10583116df03,715e6e5bdc43df0f81e81dd8aca037287a6cef8527ec4fdd537a10583116df03,true
blk.20.ffn_up_exps.weight,GGML_Q4_K,GGML_Q4_K,150994944,150994944,05ddf21b52b8d061af75e78c7d986085f232b4e11dc567efa14883acc4867613,05ddf21b52b8d061af75e78c7d986085f232b4e11dc567efa14883acc4867613,true
blk.20.ffn_up_shexp.weight,GGML_Q8_0,GGML_Q8_0,1114112,1114112,ae6f3b5e7e6153fa67cc34ba144601c04f757dfba7a3ec2c424fb4157051abc9,ae6f3b5e7e6153fa67cc34ba144601c04f757dfba7a3ec2c424fb4157051abc9,true
blk.20.ffn_down_exps.weight,GGML_Q5_K,GGML_Q5_K,184549376,184549376,65e37fc9ec7a829a32ef9a0dc48075016828edd4ae5a58ae92354ab2ed3de770,65e37fc9ec7a829a32ef9a0dc48075016828edd4ae5a58ae92354ab2ed3de770,true
blk.20.ffn_down_shexp.weight,GGML_Q8_0,GGML_Q8_0,1114112,1114112,ff02cc943944a3d159fe57344e0280826eef8e214c91adae800352fc1c4f2dd4,ff02cc943944a3d159fe57344e0280826eef8e214c91adae800352fc1c4f2dd4,true
blk.20.attn_gate.weight,GGML_Q8_0,GGML_Q8_0,8912896,8912896,787a0f1a13defa95a3be212933650d68746a7f70c1fdf5e4c1c4492bbeeadd36,787a0f1a13defa95a3be212933650d68746a7f70c1fdf5e4c1c4492bbeeadd36,true
blk.20.post_attention_norm.weight,CanonicalPrimitive,CanonicalPrimitive,8192,8192,c934426fdf15b32168bf4f9d17e7583b38a0eaede077763e4f95fe5d8ca31771,c934426fdf15b32168bf4f9d17e7583b38a0eaede077763e4f95fe5d8ca31771,true
blk.20.ssm_a,CanonicalPrimitive,CanonicalPrimitive,128,128,221fef4a0a6c3964ab103d15c8317bd1293a8b94b154e783cc0f96a84a9b0173,221fef4a0a6c3964ab103d15c8317bd1293a8b94b154e783cc0f96a84a9b0173,true
blk.20.ssm_alpha.weight,CanonicalPrimitive,CanonicalPrimitive,262144,262144,6d25ce6e5927d6e3dca00511a5d2c66034ed4b5d5355fbf8fa7fd5672e187672,6d25ce6e5927d6e3dca00511a5d2c66034ed4b5d5355fbf8fa7fd5672e187672,true
blk.20.ssm_beta.weight,CanonicalPrimitive,CanonicalPrimitive,262144,262144,eef134948aca329dbcd127bff93e359c9dddd0e03f5011194ab9a437cb96a6d0,eef134948aca329dbcd127bff93e359c9dddd0e03f5011194ab9a437cb96a6d0,true
blk.20.ssm_conv1d.weight,CanonicalPrimitive,CanonicalPrimitive,131072,131072,ab23f4760f428f1ec9cc934f529d1e169c1d2697afc1a8dcf4e6c2af2aac3241,ab23f4760f428f1ec9cc934f529d1e169c1d2697afc1a8dcf4e6c2af2aac3241,true
blk.20.ssm_dt.bias,CanonicalPrimitive,CanonicalPrimitive,128,128,e911dcf739e3522ec87f449b53f08dca1bf5c928fa21f187ba8a7c15499699af,e911dcf739e3522ec87f449b53f08dca1bf5c928fa21f187ba8a7c15499699af,true
blk.20.ssm_norm.weight,CanonicalPrimitive,CanonicalPrimitive,512,512,f0d14140ce8b7737650ac917f47d168360c47770b515123df754ec7eae32c838,f0d14140ce8b7737650ac917f47d168360c47770b515123df754ec7eae32c838,true
blk.20.ssm_out.weight,GGML_Q8_0,GGML_Q8_0,8912896,8912896,2821514c0dcb4ee7fa3c1071c069cc300df402b424f43961e0ad265f55777cec,2821514c0dcb4ee7fa3c1071c069cc300df402b424f43961e0ad265f55777cec,true
blk.21.attn_norm.weight,CanonicalPrimitive,CanonicalPrimitive,8192,8192,2fa7f2a41d22df78189c0a3f2a39bd5761e6496f11f291af56175cf2a9ac9371,2fa7f2a41d22df78189c0a3f2a39bd5761e6496f11f291af56175cf2a9ac9371,true
blk.21.attn_qkv.weight,GGML_Q8_0,GGML_Q8_0,17825792,17825792,f2080db2e4f4d2021379b98501b8d3dc4c2397f9b0cf67b0a22e04ad612f6019,f2080db2e4f4d2021379b98501b8d3dc4c2397f9b0cf67b0a22e04ad612f6019,true
blk.21.ffn_gate_exps.weight,GGML_Q4_K,GGML_Q4_K,150994944,150994944,44548c0232f82a179c2782c843fbafad28b969d9254a207c02ed11c45b2881e1,44548c0232f82a179c2782c843fbafad28b969d9254a207c02ed11c45b2881e1,true
blk.21.ffn_gate_inp.weight,CanonicalPrimitive,CanonicalPrimitive,2097152,2097152,dab8e7acc8bce45c4138188e4c5c165900d37092b99a5ae32b7cd48a0a1a9fdf,dab8e7acc8bce45c4138188e4c5c165900d37092b99a5ae32b7cd48a0a1a9fdf,true
blk.21.ffn_gate_inp_shexp.weight,CanonicalPrimitive,CanonicalPrimitive,8192,8192,3340f5664487b53c7cef6e90c5ba2ab20d282974d19c347a9f7fda023c9dad31,3340f5664487b53c7cef6e90c5ba2ab20d282974d19c347a9f7fda023c9dad31,true
blk.21.ffn_gate_shexp.weight,GGML_Q8_0,GGML_Q8_0,1114112,1114112,b964f8fa99861bdc974bb67fafea58246a707141297045d207e9e0e5a187c6d4,b964f8fa99861bdc974bb67fafea58246a707141297045d207e9e0e5a187c6d4,true
blk.21.ffn_up_exps.weight,GGML_Q4_K,GGML_Q4_K,150994944,150994944,5f74c21b428fa61fc9eadb62a28e1b6ce873ebc3627c3a3d33089ea268b74492,5f74c21b428fa61fc9eadb62a28e1b6ce873ebc3627c3a3d33089ea268b74492,true
blk.21.ffn_up_shexp.weight,GGML_Q8_0,GGML_Q8_0,1114112,1114112,a8387cb401701211e8c65769240f0e919108ef104359ae7771275ffc44411d94,a8387cb401701211e8c65769240f0e919108ef104359ae7771275ffc44411d94,true
blk.21.ffn_down_exps.weight,GGML_Q5_K,GGML_Q5_K,184549376,184549376,f46fc4aebe3a7b913218626d48b960ec603fb589ba779a8750b870b41c7fa560,f46fc4aebe3a7b913218626d48b960ec603fb589ba779a8750b870b41c7fa560,true
blk.21.ffn_down_shexp.weight,GGML_Q8_0,GGML_Q8_0,1114112,1114112,781fc234f20b00ac3a98603d7a1ce8495433c2da5fc6d292d4dbce4cbd8323e5,781fc234f20b00ac3a98603d7a1ce8495433c2da5fc6d292d4dbce4cbd8323e5,true
blk.21.attn_gate.weight,GGML_Q8_0,GGML_Q8_0,8912896,8912896,26ed4fff82cfbd4f8f3b20f4e22f78bdf998178cb5c17201e619f04a3a52be73,26ed4fff82cfbd4f8f3b20f4e22f78bdf998178cb5c17201e619f04a3a52be73,true
blk.21.post_attention_norm.weight,CanonicalPrimitive,CanonicalPrimitive,8192,8192,244fd7582f04f263706fbc1270f8e2b5cab91296f6156b8858cbca5c3a4993fd,244fd7582f04f263706fbc1270f8e2b5cab91296f6156b8858cbca5c3a4993fd,true
blk.21.ssm_a,CanonicalPrimitive,CanonicalPrimitive,128,128,99508b6bd8e2353873abf1d0314efbc808f4f1f803a2ede1a4aaf658e97ec0a4,99508b6bd8e2353873abf1d0314efbc808f4f1f803a2ede1a4aaf658e97ec0a4,true
blk.21.ssm_alpha.weight,CanonicalPrimitive,CanonicalPrimitive,262144,262144,572f21e8b505a47e336933391e9b78e5fa1a98e3897613b4bd69763d41380056,572f21e8b505a47e336933391e9b78e5fa1a98e3897613b4bd69763d41380056,true
blk.21.ssm_beta.weight,CanonicalPrimitive,CanonicalPrimitive,262144,262144,8d9caf18bdd6522ffb0d5187d5e2a3b4248a4f0b2d69c50aeaa90a53dc8af92d,8d9caf18bdd6522ffb0d5187d5e2a3b4248a4f0b2d69c50aeaa90a53dc8af92d,true
blk.21.ssm_conv1d.weight,CanonicalPrimitive,CanonicalPrimitive,131072,131072,f9137d59911ce40cff3ce87d4b76ef7db1562b49454bf63db03cb09d2d40f574,f9137d59911ce40cff3ce87d4b76ef7db1562b49454bf63db03cb09d2d40f574,true
blk.21.ssm_dt.bias,CanonicalPrimitive,CanonicalPrimitive,128,128,0214fb609bb7cc180053a4f26b46bbca2970ac8a5fe5231678b34d2ff27f96aa,0214fb609bb7cc180053a4f26b46bbca2970ac8a5fe5231678b34d2ff27f96aa,true
blk.21.ssm_norm.weight,CanonicalPrimitive,CanonicalPrimitive,512,512,1b79c825ae0432b4f6e011d3d643ca8f2a48e1c5d11f87f70981581ee82b18c6,1b79c825ae0432b4f6e011d3d643ca8f2a48e1c5d11f87f70981581ee82b18c6,true
blk.21.ssm_out.weight,GGML_Q8_0,GGML_Q8_0,8912896,8912896,47f123da4a9c53b8fe7f9438e035e898ce78072f18970b7a5df02008b5f5ca64,47f123da4a9c53b8fe7f9438e035e898ce78072f18970b7a5df02008b5f5ca64,true
blk.22.attn_norm.weight,CanonicalPrimitive,CanonicalPrimitive,8192,8192,8c3b0f83e7e16a70c4ff2b5000790eb3a37724e236484fcefd3e88fdfe851a00,8c3b0f83e7e16a70c4ff2b5000790eb3a37724e236484fcefd3e88fdfe851a00,true
blk.22.attn_qkv.weight,GGML_Q8_0,GGML_Q8_0,17825792,17825792,dc8e6416b0cad50375546dc5815b0f207f694bfd77c485b73abf0fe9499274f7,dc8e6416b0cad50375546dc5815b0f207f694bfd77c485b73abf0fe9499274f7,true
blk.22.ffn_gate_exps.weight,GGML_Q4_K,GGML_Q4_K,150994944,150994944,3c78c6e5368b7561d23167a9dd1a074ccb989a3ea55200b391ec61aa0c7a0b4a,3c78c6e5368b7561d23167a9dd1a074ccb989a3ea55200b391ec61aa0c7a0b4a,true
blk.22.ffn_gate_inp.weight,CanonicalPrimitive,CanonicalPrimitive,2097152,2097152,356238dfe1da359fafb1b90685a9cf01c8da4e22acec36e787b11984ca2903fd,356238dfe1da359fafb1b90685a9cf01c8da4e22acec36e787b11984ca2903fd,true
blk.22.ffn_gate_inp_shexp.weight,CanonicalPrimitive,CanonicalPrimitive,8192,8192,a5643e1f678f203e12bd693f4246a0d05fc1d9caa3097ad2ccb5253a83d5d43b,a5643e1f678f203e12bd693f4246a0d05fc1d9caa3097ad2ccb5253a83d5d43b,true
blk.22.ffn_gate_shexp.weight,GGML_Q8_0,GGML_Q8_0,1114112,1114112,9fb8516751f08229c6309fefbbe23a0589183330dbc89bfccdd74912559da0cf,9fb8516751f08229c6309fefbbe23a0589183330dbc89bfccdd74912559da0cf,true
blk.22.ffn_up_exps.weight,GGML_Q4_K,GGML_Q4_K,150994944,150994944,4883d2d1c8597548c2d9688bcf408cd00d1ae881a6fc5de7269bbe0179cc4cc5,4883d2d1c8597548c2d9688bcf408cd00d1ae881a6fc5de7269bbe0179cc4cc5,true
blk.22.ffn_up_shexp.weight,GGML_Q8_0,GGML_Q8_0,1114112,1114112,727dd83eae3244f8db512c991a3a2e614a651ed2205a2e155ea09513e94186b2,727dd83eae3244f8db512c991a3a2e614a651ed2205a2e155ea09513e94186b2,true
blk.22.ffn_down_exps.weight,GGML_Q5_K,GGML_Q5_K,184549376,184549376,839d50e8be893d09b6e49ba30a6d612c861612216d339a470c7a8b5b000119b2,839d50e8be893d09b6e49ba30a6d612c861612216d339a470c7a8b5b000119b2,true
blk.22.ffn_down_shexp.weight,GGML_Q8_0,GGML_Q8_0,1114112,1114112,30fe251d812a87407d82fa95e57bbee399b514443f8b747fe2d9f4ab263d0fd1,30fe251d812a87407d82fa95e57bbee399b514443f8b747fe2d9f4ab263d0fd1,true
blk.22.attn_gate.weight,GGML_Q8_0,GGML_Q8_0,8912896,8912896,57cdf8cf564d1c37e02871be1caf5078d63ad0638cf6d4a87f5a5e2887398841,57cdf8cf564d1c37e02871be1caf5078d63ad0638cf6d4a87f5a5e2887398841,true
blk.22.post_attention_norm.weight,CanonicalPrimitive,CanonicalPrimitive,8192,8192,aa24af3016f307a3d244ce44835f5514291534ddb61d186aa907de99fab6bad0,aa24af3016f307a3d244ce44835f5514291534ddb61d186aa907de99fab6bad0,true
blk.22.ssm_a,CanonicalPrimitive,CanonicalPrimitive,128,128,b1c7c5c4f94fc5c3a2c9b6fa9c1e6d7189e7733082fc8920fd3fe4cd9b7fc56f,b1c7c5c4f94fc5c3a2c9b6fa9c1e6d7189e7733082fc8920fd3fe4cd9b7fc56f,true
blk.22.ssm_alpha.weight,CanonicalPrimitive,CanonicalPrimitive,262144,262144,af258f99d6dea718dd35f4698bc8c8266ca56057bb2ed6188268af9c50696224,af258f99d6dea718dd35f4698bc8c8266ca56057bb2ed6188268af9c50696224,true
blk.22.ssm_beta.weight,CanonicalPrimitive,CanonicalPrimitive,262144,262144,6f2151b37e5e1a8c1a3ee04238d78ecf47169892900eef50c9eda8df6326ffd3,6f2151b37e5e1a8c1a3ee04238d78ecf47169892900eef50c9eda8df6326ffd3,true
blk.22.ssm_conv1d.weight,CanonicalPrimitive,CanonicalPrimitive,131072,131072,2c1dbc4b0957c909dfc846af73c1966605dee896d8ffa77ce0d62549804a1286,2c1dbc4b0957c909dfc846af73c1966605dee896d8ffa77ce0d62549804a1286,true
blk.22.ssm_dt.bias,CanonicalPrimitive,CanonicalPrimitive,128,128,585508ac980ba99bb7024be65209116c12b9c63038dced8b7da9e0e9fbcbb7ad,585508ac980ba99bb7024be65209116c12b9c63038dced8b7da9e0e9fbcbb7ad,true
blk.22.ssm_norm.weight,CanonicalPrimitive,CanonicalPrimitive,512,512,197c6e2b894d412ecb1b24ac6553af2fe2a0b82bfd90ef17891b688d0191c892,197c6e2b894d412ecb1b24ac6553af2fe2a0b82bfd90ef17891b688d0191c892,true
blk.22.ssm_out.weight,GGML_Q8_0,GGML_Q8_0,8912896,8912896,cdb4e9dfcbd1dcf68ece60f3a8c704bc2282f09f0b83be734c31863d180cfda0,cdb4e9dfcbd1dcf68ece60f3a8c704bc2282f09f0b83be734c31863d180cfda0,true
blk.23.attn_norm.weight,CanonicalPrimitive,CanonicalPrimitive,8192,8192,d7364da16cce7a7d5746355462490230fc992d0f5f2da1277cdf5189676f5bb9,d7364da16cce7a7d5746355462490230fc992d0f5f2da1277cdf5189676f5bb9,true
blk.23.attn_q.weight,GGML_Q8_0,GGML_Q8_0,17825792,17825792,2da8c8e97ee8eeeb6a62cd22620cd814d6fe661f1d5afb7b71102e01c8400be6,2da8c8e97ee8eeeb6a62cd22620cd814d6fe661f1d5afb7b71102e01c8400be6,true
blk.23.attn_q_norm.weight,CanonicalPrimitive,CanonicalPrimitive,1024,1024,4d36df1a85ea7f724ec5ada95fc6808f86fd07d4ae2e55d9b2f77975b7e1a485,4d36df1a85ea7f724ec5ada95fc6808f86fd07d4ae2e55d9b2f77975b7e1a485,true
blk.23.attn_k.weight,GGML_Q8_0,GGML_Q8_0,1114112,1114112,0056da7b2879b746c8ca778343ef8117644021e6f082709e72b95db5de7477f4,0056da7b2879b746c8ca778343ef8117644021e6f082709e72b95db5de7477f4,true
blk.23.attn_k_norm.weight,CanonicalPrimitive,CanonicalPrimitive,1024,1024,6f76f5a3331c8740aa7350b9bec2d686b34e9f24d77b9188f9b043303e34a988,6f76f5a3331c8740aa7350b9bec2d686b34e9f24d77b9188f9b043303e34a988,true
blk.23.attn_v.weight,GGML_Q8_0,GGML_Q8_0,1114112,1114112,a105660b26e08dde77135ef5ba50a26645a5744eb43a9591011821a6fedf54c3,a105660b26e08dde77135ef5ba50a26645a5744eb43a9591011821a6fedf54c3,true
blk.23.attn_output.weight,GGML_Q8_0,GGML_Q8_0,8912896,8912896,9fced3933be45cbb41ba0f0f54ec5961183fd8e4e635bc6cbe0b695f4010fa75,9fced3933be45cbb41ba0f0f54ec5961183fd8e4e635bc6cbe0b695f4010fa75,true
blk.23.ffn_gate_exps.weight,GGML_Q4_K,GGML_Q4_K,150994944,150994944,57e69a564683e1d929889aad327f39c504689fd9c8129d1a9e085e155df8e9ff,57e69a564683e1d929889aad327f39c504689fd9c8129d1a9e085e155df8e9ff,true
blk.23.ffn_gate_inp.weight,CanonicalPrimitive,CanonicalPrimitive,2097152,2097152,0380d4052346ea809512fd2c440513f1447fdf86392c88176eae57ab437e36ac,0380d4052346ea809512fd2c440513f1447fdf86392c88176eae57ab437e36ac,true
blk.23.ffn_gate_inp_shexp.weight,CanonicalPrimitive,CanonicalPrimitive,8192,8192,81ec809d76a66cbc42df364012d519ddbda258f4a41eefadbc1fa3e2c0773d44,81ec809d76a66cbc42df364012d519ddbda258f4a41eefadbc1fa3e2c0773d44,true
blk.23.ffn_gate_shexp.weight,GGML_Q8_0,GGML_Q8_0,1114112,1114112,9bb65a5ff73aaf59ae211054831553bcec9f45118e6a1ab226f10d7f8d8fffb9,9bb65a5ff73aaf59ae211054831553bcec9f45118e6a1ab226f10d7f8d8fffb9,true
blk.23.ffn_up_exps.weight,GGML_Q4_K,GGML_Q4_K,150994944,150994944,00a6ec4864c12bf2090e170503ba9ed91f34506e890bb19ef0e4a913702c8628,00a6ec4864c12bf2090e170503ba9ed91f34506e890bb19ef0e4a913702c8628,true
blk.23.ffn_up_shexp.weight,GGML_Q8_0,GGML_Q8_0,1114112,1114112,1a67284f0a4d1563e961eeba03b4c041b06f921cb0bcedf8f036b6637a55a544,1a67284f0a4d1563e961eeba03b4c041b06f921cb0bcedf8f036b6637a55a544,true
blk.23.ffn_down_exps.weight,GGML_Q5_K,GGML_Q5_K,184549376,184549376,f4ce5a146d9f344dfe3c4eadcdb03497c615e1ca68af70ca8517ad5d483b472a,f4ce5a146d9f344dfe3c4eadcdb03497c615e1ca68af70ca8517ad5d483b472a,true
blk.23.ffn_down_shexp.weight,GGML_Q8_0,GGML_Q8_0,1114112,1114112,0b82cb50592d6a15b3150b2035f048e9adfb0c6805931c2614bba96f9ec17016,0b82cb50592d6a15b3150b2035f048e9adfb0c6805931c2614bba96f9ec17016,true
blk.23.post_attention_norm.weight,CanonicalPrimitive,CanonicalPrimitive,8192,8192,7f03ac07e07a6bf4f010cc67a42ec34295b6792de5f7d5b4f31e61bf2c995c64,7f03ac07e07a6bf4f010cc67a42ec34295b6792de5f7d5b4f31e61bf2c995c64,true
blk.24.attn_norm.weight,CanonicalPrimitive,CanonicalPrimitive,8192,8192,91a3b48b4ce892d1ec0ce75ecaef4553b01566c49fb2c282aad495abf1271037,91a3b48b4ce892d1ec0ce75ecaef4553b01566c49fb2c282aad495abf1271037,true
blk.24.attn_qkv.weight,GGML_Q8_0,GGML_Q8_0,17825792,17825792,531f27e9973c6d272e7377cfa1ce0cac4d7606d676fa523ed8f0a7ccb517d01d,531f27e9973c6d272e7377cfa1ce0cac4d7606d676fa523ed8f0a7ccb517d01d,true
blk.24.ffn_gate_exps.weight,GGML_Q4_K,GGML_Q4_K,150994944,150994944,57208fdf4c9129f30fd159aa15dcb1d9f1aa3a37375c81554d9781ce206c88e7,57208fdf4c9129f30fd159aa15dcb1d9f1aa3a37375c81554d9781ce206c88e7,true
blk.24.ffn_gate_inp.weight,CanonicalPrimitive,CanonicalPrimitive,2097152,2097152,0655724f1d05f186998bbe4586170df6a0b6c5841eb3554f2f30d4fc6766cebc,0655724f1d05f186998bbe4586170df6a0b6c5841eb3554f2f30d4fc6766cebc,true
blk.24.ffn_gate_inp_shexp.weight,CanonicalPrimitive,CanonicalPrimitive,8192,8192,a7790f1e0b47a4455e6247c0eaf99cbad4923c7e31c515ff79593640de92da06,a7790f1e0b47a4455e6247c0eaf99cbad4923c7e31c515ff79593640de92da06,true
blk.24.ffn_gate_shexp.weight,GGML_Q8_0,GGML_Q8_0,1114112,1114112,b165e373fda7def80ed4e512f3cee89bf3ce252b8f1d240d7ca01bad5bae5b6c,b165e373fda7def80ed4e512f3cee89bf3ce252b8f1d240d7ca01bad5bae5b6c,true
blk.24.ffn_up_exps.weight,GGML_Q4_K,GGML_Q4_K,150994944,150994944,a312df1aeccd6c3da4c62c5fb299e6b8deeed402b4b164b31a11c6862a869314,a312df1aeccd6c3da4c62c5fb299e6b8deeed402b4b164b31a11c6862a869314,true
blk.24.ffn_up_shexp.weight,GGML_Q8_0,GGML_Q8_0,1114112,1114112,f83cbf59903e0ad1c384e0082c0d1bd9d48ba10b7615db6b9f84fdf2f2d68085,f83cbf59903e0ad1c384e0082c0d1bd9d48ba10b7615db6b9f84fdf2f2d68085,true
blk.24.ffn_down_exps.weight,GGML_Q5_K,GGML_Q5_K,184549376,184549376,68c2a6068a8fcd47944c68528b58276eda4a24d73a8e6767834604c5f57ea688,68c2a6068a8fcd47944c68528b58276eda4a24d73a8e6767834604c5f57ea688,true
blk.24.ffn_down_shexp.weight,GGML_Q8_0,GGML_Q8_0,1114112,1114112,d38490babc1cc0eb376c71bfcb997b98f288d3461974473e75b2d7a670183038,d38490babc1cc0eb376c71bfcb997b98f288d3461974473e75b2d7a670183038,true
blk.24.attn_gate.weight,GGML_Q8_0,GGML_Q8_0,8912896,8912896,86565dc84611a0fdf203fa65c15ccfc5edb11d1e812d6367f834b8cc3f17a8fa,86565dc84611a0fdf203fa65c15ccfc5edb11d1e812d6367f834b8cc3f17a8fa,true
blk.24.post_attention_norm.weight,CanonicalPrimitive,CanonicalPrimitive,8192,8192,b3f627466002ebea4f87b661e21c0f29279c8554a446d7408e49ebe72420f5c4,b3f627466002ebea4f87b661e21c0f29279c8554a446d7408e49ebe72420f5c4,true
blk.24.ssm_a,CanonicalPrimitive,CanonicalPrimitive,128,128,c1cad01f25801c14d0da2d88938902d30cad0687ed1ddc2923cfed349c46c87c,c1cad01f25801c14d0da2d88938902d30cad0687ed1ddc2923cfed349c46c87c,true
blk.24.ssm_alpha.weight,CanonicalPrimitive,CanonicalPrimitive,262144,262144,7ac4eb2e5fa2e4d8e1bf6a8591f46c8991c49b412793085bba84f1102e2d851d,7ac4eb2e5fa2e4d8e1bf6a8591f46c8991c49b412793085bba84f1102e2d851d,true
blk.24.ssm_beta.weight,CanonicalPrimitive,CanonicalPrimitive,262144,262144,bd27c1a494aca4d05835581bdd4bb03b39a558cecdc6f0b9cad525ff97acab29,bd27c1a494aca4d05835581bdd4bb03b39a558cecdc6f0b9cad525ff97acab29,true
blk.24.ssm_conv1d.weight,CanonicalPrimitive,CanonicalPrimitive,131072,131072,8a43a2860ee4af762f8661bdd83f7889739336703faba1f27562a33f7162697a,8a43a2860ee4af762f8661bdd83f7889739336703faba1f27562a33f7162697a,true
blk.24.ssm_dt.bias,CanonicalPrimitive,CanonicalPrimitive,128,128,1ae5a615b970db0336cedaf4ced047fee9394aa636e42839751bcf9de8a11fea,1ae5a615b970db0336cedaf4ced047fee9394aa636e42839751bcf9de8a11fea,true
blk.24.ssm_norm.weight,CanonicalPrimitive,CanonicalPrimitive,512,512,143bf25b7b2e2baee50e5c6e8955be33495f2f2afbb731e8ecce6815294588f9,143bf25b7b2e2baee50e5c6e8955be33495f2f2afbb731e8ecce6815294588f9,true
blk.24.ssm_out.weight,GGML_Q8_0,GGML_Q8_0,8912896,8912896,582cb454e0c56e319c55879c1fe553589fa20a58055f49edba8c37901b62c0eb,582cb454e0c56e319c55879c1fe553589fa20a58055f49edba8c37901b62c0eb,true
blk.25.attn_norm.weight,CanonicalPrimitive,CanonicalPrimitive,8192,8192,1258e2334dea42b3b0d4005e86ee7389f34b97dea7d7feeaa3ab6cd3b9a249e7,1258e2334dea42b3b0d4005e86ee7389f34b97dea7d7feeaa3ab6cd3b9a249e7,true
blk.25.attn_qkv.weight,GGML_Q8_0,GGML_Q8_0,17825792,17825792,5c0796352e59823a5e10a04f74f7c5b9a8a82f18816df8908b97bc54871c8e93,5c0796352e59823a5e10a04f74f7c5b9a8a82f18816df8908b97bc54871c8e93,true
blk.25.ffn_gate_exps.weight,GGML_Q4_K,GGML_Q4_K,150994944,150994944,b897cede2d17e01b5ee8f6cb8fd7f3f6923993821a90ba9e5d1677336de29105,b897cede2d17e01b5ee8f6cb8fd7f3f6923993821a90ba9e5d1677336de29105,true
blk.25.ffn_gate_inp.weight,CanonicalPrimitive,CanonicalPrimitive,2097152,2097152,be1d9dd9bce1b7a65c56386884831dbce3c852b623ba6921fc243c0ac9b9b024,be1d9dd9bce1b7a65c56386884831dbce3c852b623ba6921fc243c0ac9b9b024,true
blk.25.ffn_gate_inp_shexp.weight,CanonicalPrimitive,CanonicalPrimitive,8192,8192,48cc0c9780c3dee8e42607f79ba8dfe1b1ffbb134db45b000d870e3cd86892f8,48cc0c9780c3dee8e42607f79ba8dfe1b1ffbb134db45b000d870e3cd86892f8,true
blk.25.ffn_gate_shexp.weight,GGML_Q8_0,GGML_Q8_0,1114112,1114112,86090a15c60245eff585ba7cfad7f895d56a70e20052dfba9542f76dfef73170,86090a15c60245eff585ba7cfad7f895d56a70e20052dfba9542f76dfef73170,true
blk.25.ffn_up_exps.weight,GGML_Q4_K,GGML_Q4_K,150994944,150994944,9a82d3602923c2aca0c5c8fb615e5b10610e7b8e5b397715545c83c9392dddd8,9a82d3602923c2aca0c5c8fb615e5b10610e7b8e5b397715545c83c9392dddd8,true
blk.25.ffn_up_shexp.weight,GGML_Q8_0,GGML_Q8_0,1114112,1114112,3d97d8f87d254e2cda2271a1493059307c87b9c8962037f04bad0159ebe9ad66,3d97d8f87d254e2cda2271a1493059307c87b9c8962037f04bad0159ebe9ad66,true
blk.25.ffn_down_exps.weight,GGML_Q5_K,GGML_Q5_K,184549376,184549376,bdc1ce9c561677167ddb5194445637e974876ee6f38ce6af042d2250ed0ea1df,bdc1ce9c561677167ddb5194445637e974876ee6f38ce6af042d2250ed0ea1df,true
blk.25.ffn_down_shexp.weight,GGML_Q8_0,GGML_Q8_0,1114112,1114112,8499a3e7f95f7c0d8813af369d9c158f1c03ffd53e5d5128654d1b02a1224b00,8499a3e7f95f7c0d8813af369d9c158f1c03ffd53e5d5128654d1b02a1224b00,true
blk.25.attn_gate.weight,GGML_Q8_0,GGML_Q8_0,8912896,8912896,90541d8c20f29c69d0c1e6ef7a76e0c2eefb3b853470963eeb5f96b056a8aed8,90541d8c20f29c69d0c1e6ef7a76e0c2eefb3b853470963eeb5f96b056a8aed8,true
blk.25.post_attention_norm.weight,CanonicalPrimitive,CanonicalPrimitive,8192,8192,9743e4d75ad26fce31e3c51c21237f7a433d4ee317f97703b2d48ef296ed6666,9743e4d75ad26fce31e3c51c21237f7a433d4ee317f97703b2d48ef296ed6666,true
blk.25.ssm_a,CanonicalPrimitive,CanonicalPrimitive,128,128,195d33003f4ccecaaf4eee1f7d9a4243bf0c70745695d650e4645cea7acd3491,195d33003f4ccecaaf4eee1f7d9a4243bf0c70745695d650e4645cea7acd3491,true
blk.25.ssm_alpha.weight,CanonicalPrimitive,CanonicalPrimitive,262144,262144,ffd312b86677c9460c970742425e912d392bf9a90cd7b26e24900e2d4b555373,ffd312b86677c9460c970742425e912d392bf9a90cd7b26e24900e2d4b555373,true
blk.25.ssm_beta.weight,CanonicalPrimitive,CanonicalPrimitive,262144,262144,ad36207a487b6ac24f031053aae9028ba5fef59782e297e7130743dfaefb545a,ad36207a487b6ac24f031053aae9028ba5fef59782e297e7130743dfaefb545a,true
blk.25.ssm_conv1d.weight,CanonicalPrimitive,CanonicalPrimitive,131072,131072,04520f511d78f29e182af54a425e9cbb138aa6b5fac274e1240f0122cfe68562,04520f511d78f29e182af54a425e9cbb138aa6b5fac274e1240f0122cfe68562,true
blk.25.ssm_dt.bias,CanonicalPrimitive,CanonicalPrimitive,128,128,a253eda5b3df1b45f3e90b9c78f80d58b10734cc5d2ae668373dd0e92db3e8e0,a253eda5b3df1b45f3e90b9c78f80d58b10734cc5d2ae668373dd0e92db3e8e0,true
blk.25.ssm_norm.weight,CanonicalPrimitive,CanonicalPrimitive,512,512,a5973e8ae7c56bba2420956704c475d8fdc8debee3b8ac5daa6a52c0db6188fb,a5973e8ae7c56bba2420956704c475d8fdc8debee3b8ac5daa6a52c0db6188fb,true
blk.25.ssm_out.weight,GGML_Q8_0,GGML_Q8_0,8912896,8912896,c28fab9ffa24339ef729dfd882dd2e553fc19cdc883f304243568ce8d176fc21,c28fab9ffa24339ef729dfd882dd2e553fc19cdc883f304243568ce8d176fc21,true
blk.26.attn_norm.weight,CanonicalPrimitive,CanonicalPrimitive,8192,8192,79c09619ebd9d13fbb921f0b5acf22488df6015e9eab23c04885df14e33b6ca5,79c09619ebd9d13fbb921f0b5acf22488df6015e9eab23c04885df14e33b6ca5,true
blk.26.attn_qkv.weight,GGML_Q8_0,GGML_Q8_0,17825792,17825792,e6c8e04b2678fc730eaa7ffbc76711efc6d5268ce9c98560a8cf0ed298f60e63,e6c8e04b2678fc730eaa7ffbc76711efc6d5268ce9c98560a8cf0ed298f60e63,true
blk.26.ffn_gate_exps.weight,GGML_Q4_K,GGML_Q4_K,150994944,150994944,26972f46d62a4bced9485bb54dc995c9d1e2e9705ae3e46b37cf0776bdc17980,26972f46d62a4bced9485bb54dc995c9d1e2e9705ae3e46b37cf0776bdc17980,true
blk.26.ffn_gate_inp.weight,CanonicalPrimitive,CanonicalPrimitive,2097152,2097152,863b1486f1e334e7b62a2d382fe157a83982dcb901d0762f38daa91c42dd3df7,863b1486f1e334e7b62a2d382fe157a83982dcb901d0762f38daa91c42dd3df7,true
blk.26.ffn_gate_inp_shexp.weight,CanonicalPrimitive,CanonicalPrimitive,8192,8192,541b7dbcc40c79d688f8cc46d750e7a68453492b8cec83ff72898f18656ba5f6,541b7dbcc40c79d688f8cc46d750e7a68453492b8cec83ff72898f18656ba5f6,true
blk.26.ffn_gate_shexp.weight,GGML_Q8_0,GGML_Q8_0,1114112,1114112,53bf21af40086dedf43e558f7f7866e853f6dbc029681777d8383cc4becd9026,53bf21af40086dedf43e558f7f7866e853f6dbc029681777d8383cc4becd9026,true
blk.26.ffn_up_exps.weight,GGML_Q4_K,GGML_Q4_K,150994944,150994944,abb565397b1f5eaf00c80aee8ce8f02834fde8546e53a0b52ece8d9ecf2fb96a,abb565397b1f5eaf00c80aee8ce8f02834fde8546e53a0b52ece8d9ecf2fb96a,true
blk.26.ffn_up_shexp.weight,GGML_Q8_0,GGML_Q8_0,1114112,1114112,1a24614af23e95978888ab6e2ac2d0db9e27e8ffb2692521427a55f5f6227f3d,1a24614af23e95978888ab6e2ac2d0db9e27e8ffb2692521427a55f5f6227f3d,true
blk.26.ffn_down_exps.weight,GGML_Q5_K,GGML_Q5_K,184549376,184549376,508aececc534923a0cd7d9c0b8018d5882c97d28909eb7a8b3d544cffea91821,508aececc534923a0cd7d9c0b8018d5882c97d28909eb7a8b3d544cffea91821,true
blk.26.ffn_down_shexp.weight,GGML_Q8_0,GGML_Q8_0,1114112,1114112,9fe84ac898fa9fe48438c78d089d197fa7e9e170359a3929df48842d52afe37a,9fe84ac898fa9fe48438c78d089d197fa7e9e170359a3929df48842d52afe37a,true
blk.26.attn_gate.weight,GGML_Q8_0,GGML_Q8_0,8912896,8912896,db5592165ae7eb205b66d00b31703a1a29fda18bcedd30fdb8e704d11a4d726e,db5592165ae7eb205b66d00b31703a1a29fda18bcedd30fdb8e704d11a4d726e,true
blk.26.post_attention_norm.weight,CanonicalPrimitive,CanonicalPrimitive,8192,8192,e211ca5fd8e6101b3d86a083f753396e3ae3f88e03313026865ea2793ee7a7e9,e211ca5fd8e6101b3d86a083f753396e3ae3f88e03313026865ea2793ee7a7e9,true
blk.26.ssm_a,CanonicalPrimitive,CanonicalPrimitive,128,128,4545925a2a458bd30cd214cdb7992e04dd3e000a250ee397b25caad45c1aff96,4545925a2a458bd30cd214cdb7992e04dd3e000a250ee397b25caad45c1aff96,true
blk.26.ssm_alpha.weight,CanonicalPrimitive,CanonicalPrimitive,262144,262144,58946b5fb801120aa8e9fa8420389b1baf569fe7217747a8f3e3150cef532326,58946b5fb801120aa8e9fa8420389b1baf569fe7217747a8f3e3150cef532326,true
blk.26.ssm_beta.weight,CanonicalPrimitive,CanonicalPrimitive,262144,262144,fc64ed5fa5076fefd01aa39081bc7607afd16d88c0f519ae67eda1abca6eaea3,fc64ed5fa5076fefd01aa39081bc7607afd16d88c0f519ae67eda1abca6eaea3,true
blk.26.ssm_conv1d.weight,CanonicalPrimitive,CanonicalPrimitive,131072,131072,05b3cbad2c95f972d0db37400ab64909c417394a2c0ec79254b04001fec364f2,05b3cbad2c95f972d0db37400ab64909c417394a2c0ec79254b04001fec364f2,true
blk.26.ssm_dt.bias,CanonicalPrimitive,CanonicalPrimitive,128,128,65b769f22a946ec1ec3e90da562cadf0be312f47e2e36155e7c0e0fdbb452ac9,65b769f22a946ec1ec3e90da562cadf0be312f47e2e36155e7c0e0fdbb452ac9,true
blk.26.ssm_norm.weight,CanonicalPrimitive,CanonicalPrimitive,512,512,0d32aadd99369acd8d808b1bfab37b337b26359472d9139e7cedc9c68b9fe5b2,0d32aadd99369acd8d808b1bfab37b337b26359472d9139e7cedc9c68b9fe5b2,true
blk.26.ssm_out.weight,GGML_Q8_0,GGML_Q8_0,8912896,8912896,0aabc711e1a08e7b53c1f3f2da661ecc1e83b06df67a247e63dc89a0acc50be2,0aabc711e1a08e7b53c1f3f2da661ecc1e83b06df67a247e63dc89a0acc50be2,true
blk.27.attn_norm.weight,CanonicalPrimitive,CanonicalPrimitive,8192,8192,574416f99e8efbe78da98af7bb48a29bdc689124e556f51ca5803a54c0620626,574416f99e8efbe78da98af7bb48a29bdc689124e556f51ca5803a54c0620626,true
blk.27.attn_q.weight,GGML_Q8_0,GGML_Q8_0,17825792,17825792,b1da10b41fa175e7ecb6503921356878eb774823b898f5d8328de369e3166bca,b1da10b41fa175e7ecb6503921356878eb774823b898f5d8328de369e3166bca,true
blk.27.attn_q_norm.weight,CanonicalPrimitive,CanonicalPrimitive,1024,1024,d075651fe6c1245a9773979356484eec66a285a9491b8e3de39d5c463cd7d431,d075651fe6c1245a9773979356484eec66a285a9491b8e3de39d5c463cd7d431,true
blk.27.attn_k.weight,GGML_Q8_0,GGML_Q8_0,1114112,1114112,3736a0b135b598751c65e6b84c5f2fe21744e5c90082139b35c128cea604fa97,3736a0b135b598751c65e6b84c5f2fe21744e5c90082139b35c128cea604fa97,true
blk.27.attn_k_norm.weight,CanonicalPrimitive,CanonicalPrimitive,1024,1024,55025dab7457688dbd0243fc63337b4c682bf04ea56a1ec29d505864aa66330b,55025dab7457688dbd0243fc63337b4c682bf04ea56a1ec29d505864aa66330b,true
blk.27.attn_v.weight,GGML_Q8_0,GGML_Q8_0,1114112,1114112,c7f9516c94b21656cc2a9ea46e176c03af2a8d1719948c059d5c416ec7fed483,c7f9516c94b21656cc2a9ea46e176c03af2a8d1719948c059d5c416ec7fed483,true
blk.27.attn_output.weight,GGML_Q8_0,GGML_Q8_0,8912896,8912896,1c721aa55be77e380c84eb63bffa9b24eadf2d02a5d968e5cb29f54e928b9e55,1c721aa55be77e380c84eb63bffa9b24eadf2d02a5d968e5cb29f54e928b9e55,true
blk.27.ffn_gate_exps.weight,GGML_Q4_K,GGML_Q4_K,150994944,150994944,eebfc0185f133068b86bd1460976d80413183c5cc5b48cc6e3a8919b05d2fb30,eebfc0185f133068b86bd1460976d80413183c5cc5b48cc6e3a8919b05d2fb30,true
blk.27.ffn_gate_inp.weight,CanonicalPrimitive,CanonicalPrimitive,2097152,2097152,36adc0e6ab6a4bc911d29ec7259c252c48d23be0a12f412457fadaa85bed6273,36adc0e6ab6a4bc911d29ec7259c252c48d23be0a12f412457fadaa85bed6273,true
blk.27.ffn_gate_inp_shexp.weight,CanonicalPrimitive,CanonicalPrimitive,8192,8192,e7a74c7cdf3e4dca77d8b16c4bb8168b628f91129752afd5aaa28908700144b9,e7a74c7cdf3e4dca77d8b16c4bb8168b628f91129752afd5aaa28908700144b9,true
blk.27.ffn_gate_shexp.weight,GGML_Q8_0,GGML_Q8_0,1114112,1114112,560faab74983b487fb9e2461cb88be51753791f12674c366c5561a090e3c6589,560faab74983b487fb9e2461cb88be51753791f12674c366c5561a090e3c6589,true
blk.27.ffn_up_exps.weight,GGML_Q4_K,GGML_Q4_K,150994944,150994944,68342d459b486711fdcb8d881684e806536424b88b9b2a268043cd86cfc34cc1,68342d459b486711fdcb8d881684e806536424b88b9b2a268043cd86cfc34cc1,true
blk.27.ffn_up_shexp.weight,GGML_Q8_0,GGML_Q8_0,1114112,1114112,7ac5eb5a38094911cf2a4bcec908abadffa513b3da0fd557dd963f3f2a56171c,7ac5eb5a38094911cf2a4bcec908abadffa513b3da0fd557dd963f3f2a56171c,true
blk.27.ffn_down_exps.weight,GGML_Q5_K,GGML_Q5_K,184549376,184549376,366b93096b3f9ff82e9882c35741ab1f650b2fc6913eaa70b84d83a23115f8e9,366b93096b3f9ff82e9882c35741ab1f650b2fc6913eaa70b84d83a23115f8e9,true
blk.27.ffn_down_shexp.weight,GGML_Q8_0,GGML_Q8_0,1114112,1114112,3c06e9b293a69f3263958ca9d79a2296f844d656a8e40932cd1f7215d0208da8,3c06e9b293a69f3263958ca9d79a2296f844d656a8e40932cd1f7215d0208da8,true
blk.27.post_attention_norm.weight,CanonicalPrimitive,CanonicalPrimitive,8192,8192,8c84abe4cdb95006217ab1cda4a39c62a72b61bab6a5ecd1d71fe3bae69851cd,8c84abe4cdb95006217ab1cda4a39c62a72b61bab6a5ecd1d71fe3bae69851cd,true
blk.28.attn_norm.weight,CanonicalPrimitive,CanonicalPrimitive,8192,8192,f03621529f4f078ced5cae5e0a2c1fa4cf2b10bae80f6bcf6cd528cd738c3d90,f03621529f4f078ced5cae5e0a2c1fa4cf2b10bae80f6bcf6cd528cd738c3d90,true
blk.28.attn_qkv.weight,GGML_Q8_0,GGML_Q8_0,17825792,17825792,0cd6e07f47dd8eda8995a0ca7ed7bcbe0fe28aca89f22c4fe19f89269c60fdf4,0cd6e07f47dd8eda8995a0ca7ed7bcbe0fe28aca89f22c4fe19f89269c60fdf4,true
blk.28.ffn_gate_exps.weight,GGML_Q4_K,GGML_Q4_K,150994944,150994944,92737813b1340c4b99c701e186beae50f59b834722b56cd56931102c0ba5f22c,92737813b1340c4b99c701e186beae50f59b834722b56cd56931102c0ba5f22c,true
blk.28.ffn_gate_inp.weight,CanonicalPrimitive,CanonicalPrimitive,2097152,2097152,f72bb35f31cf74bc0e5f72bb2fac08179a5114ad0ba3f6b398a4f84fb6e75de5,f72bb35f31cf74bc0e5f72bb2fac08179a5114ad0ba3f6b398a4f84fb6e75de5,true
blk.28.ffn_gate_inp_shexp.weight,CanonicalPrimitive,CanonicalPrimitive,8192,8192,3015e09d97f4d4a624c25e34e3f9fa7a2f723c0569c85033a7d1add7ef8b67c1,3015e09d97f4d4a624c25e34e3f9fa7a2f723c0569c85033a7d1add7ef8b67c1,true
blk.28.ffn_gate_shexp.weight,GGML_Q8_0,GGML_Q8_0,1114112,1114112,2a794086ed3db626c734ddcc31d330a1a1e94c75175e5cf47de39acaabd241b3,2a794086ed3db626c734ddcc31d330a1a1e94c75175e5cf47de39acaabd241b3,true
blk.28.ffn_up_exps.weight,GGML_Q4_K,GGML_Q4_K,150994944,150994944,43762cf063ba377e1d2b92d4da907e0dd7b064b907b459bb9a139933c5deb45e,43762cf063ba377e1d2b92d4da907e0dd7b064b907b459bb9a139933c5deb45e,true
blk.28.ffn_up_shexp.weight,GGML_Q8_0,GGML_Q8_0,1114112,1114112,dab42684f659adb4749b7a28dd858d2679eaee1e3885bb1156cd39e437a63a3d,dab42684f659adb4749b7a28dd858d2679eaee1e3885bb1156cd39e437a63a3d,true
blk.28.ffn_down_exps.weight,GGML_Q5_K,GGML_Q5_K,184549376,184549376,6d3cdce80000c952a4f4e20d19cc8008f02e3f899cb8cc8a16cb69ed9635e142,6d3cdce80000c952a4f4e20d19cc8008f02e3f899cb8cc8a16cb69ed9635e142,true
blk.28.ffn_down_shexp.weight,GGML_Q8_0,GGML_Q8_0,1114112,1114112,428d9c34d7473730d1612f40d82fbf08827a2dc9bf4517c909ca4563cc758def,428d9c34d7473730d1612f40d82fbf08827a2dc9bf4517c909ca4563cc758def,true
blk.28.attn_gate.weight,GGML_Q8_0,GGML_Q8_0,8912896,8912896,6a88c5cb808426f338ed3b7608e1d096c60624759ebb6e11f1ba51729b1a6316,6a88c5cb808426f338ed3b7608e1d096c60624759ebb6e11f1ba51729b1a6316,true
blk.28.post_attention_norm.weight,CanonicalPrimitive,CanonicalPrimitive,8192,8192,efc0b6e6ca164f0739c5a0bcd1d9a9a1413356c9e0db37caaa5bc7dcbfd723d0,efc0b6e6ca164f0739c5a0bcd1d9a9a1413356c9e0db37caaa5bc7dcbfd723d0,true
blk.28.ssm_a,CanonicalPrimitive,CanonicalPrimitive,128,128,1bad4ec6672be06d1b36ec2476047bb8e8fbcd7cc7366fb59e52f9a423a5d76c,1bad4ec6672be06d1b36ec2476047bb8e8fbcd7cc7366fb59e52f9a423a5d76c,true
blk.28.ssm_alpha.weight,CanonicalPrimitive,CanonicalPrimitive,262144,262144,1f22e9f6188bb1f53c299d19dc57b884063de110ec4b784e236e59f38d688ac1,1f22e9f6188bb1f53c299d19dc57b884063de110ec4b784e236e59f38d688ac1,true
blk.28.ssm_beta.weight,CanonicalPrimitive,CanonicalPrimitive,262144,262144,de2266c848314d082a2ae3c7f3d884ad2c8a51301e5e98b4a2a2e3ce66873c60,de2266c848314d082a2ae3c7f3d884ad2c8a51301e5e98b4a2a2e3ce66873c60,true
blk.28.ssm_conv1d.weight,CanonicalPrimitive,CanonicalPrimitive,131072,131072,a13a003a08a1a2c4fdf82e1e911656f69637b30a5d7b3435f8ecb29c6ba06258,a13a003a08a1a2c4fdf82e1e911656f69637b30a5d7b3435f8ecb29c6ba06258,true
blk.28.ssm_dt.bias,CanonicalPrimitive,CanonicalPrimitive,128,128,9840101f45536659066110c38797f4712636768a7ef1e0c265c2443e0ed18129,9840101f45536659066110c38797f4712636768a7ef1e0c265c2443e0ed18129,true
blk.28.ssm_norm.weight,CanonicalPrimitive,CanonicalPrimitive,512,512,58adaab16ad214974c88d1c28e9a4bcbef6b314e5c2aa50dff38fd0670ca08e0,58adaab16ad214974c88d1c28e9a4bcbef6b314e5c2aa50dff38fd0670ca08e0,true
blk.28.ssm_out.weight,GGML_Q8_0,GGML_Q8_0,8912896,8912896,44663ee9060f50b93d124e79447a1e7df9ecedc7a3bd7e0e4843592ebbe934c3,44663ee9060f50b93d124e79447a1e7df9ecedc7a3bd7e0e4843592ebbe934c3,true
blk.29.attn_norm.weight,CanonicalPrimitive,CanonicalPrimitive,8192,8192,1274f519a17ec3286b26bcc54e4cae245c1a3a433e0a7a4f671645a1de31bf6f,1274f519a17ec3286b26bcc54e4cae245c1a3a433e0a7a4f671645a1de31bf6f,true
blk.29.attn_qkv.weight,GGML_Q8_0,GGML_Q8_0,17825792,17825792,23f6c04113c7964ccbc34c86a5a903d3c39f33d52e9d95998c7a6211dba4a786,23f6c04113c7964ccbc34c86a5a903d3c39f33d52e9d95998c7a6211dba4a786,true
blk.29.ffn_gate_exps.weight,GGML_Q4_K,GGML_Q4_K,150994944,150994944,4ff7a92d79a6414604cc0095ed8a8aca1d76342cc77151e8d89c7b0709fed9b2,4ff7a92d79a6414604cc0095ed8a8aca1d76342cc77151e8d89c7b0709fed9b2,true
blk.29.ffn_gate_inp.weight,CanonicalPrimitive,CanonicalPrimitive,2097152,2097152,b2652362e3a94eaba46440aa5127f12866fd93563f70c2ed24a4f181c0b28fb9,b2652362e3a94eaba46440aa5127f12866fd93563f70c2ed24a4f181c0b28fb9,true
blk.29.ffn_gate_inp_shexp.weight,CanonicalPrimitive,CanonicalPrimitive,8192,8192,88d439538f51c6c1c94d91aeef71c868763e274f8fcefe6b153b4a25140dec02,88d439538f51c6c1c94d91aeef71c868763e274f8fcefe6b153b4a25140dec02,true
blk.29.ffn_gate_shexp.weight,GGML_Q8_0,GGML_Q8_0,1114112,1114112,102b26598b71a6f454f53a304b830305583800353684f720d86d629cb899a419,102b26598b71a6f454f53a304b830305583800353684f720d86d629cb899a419,true
blk.29.ffn_up_exps.weight,GGML_Q4_K,GGML_Q4_K,150994944,150994944,b9ea1e3459f0ce31a94c0f09c1750a00d1ac4d7b12999cb156dee89ff0ac30aa,b9ea1e3459f0ce31a94c0f09c1750a00d1ac4d7b12999cb156dee89ff0ac30aa,true
blk.29.ffn_up_shexp.weight,GGML_Q8_0,GGML_Q8_0,1114112,1114112,e3bf3b7daba5211472e20815bd94f3135243f8ce39ce297bfda928dfff424198,e3bf3b7daba5211472e20815bd94f3135243f8ce39ce297bfda928dfff424198,true
blk.29.ffn_down_exps.weight,GGML_Q5_K,GGML_Q5_K,184549376,184549376,eb9a79300a6bfcb1e09da29a404f7331238fcb14f0de9d31739031211be86a80,eb9a79300a6bfcb1e09da29a404f7331238fcb14f0de9d31739031211be86a80,true
blk.29.ffn_down_shexp.weight,GGML_Q8_0,GGML_Q8_0,1114112,1114112,a3f2f87d9c20c68b92ada6d97b64f9fa49957366807e307f39838d864e5fecda,a3f2f87d9c20c68b92ada6d97b64f9fa49957366807e307f39838d864e5fecda,true
blk.29.attn_gate.weight,GGML_Q8_0,GGML_Q8_0,8912896,8912896,0588a65724700e6fe706740666cea08c3943f67a76fdabf692d323eb8bc8ebd9,0588a65724700e6fe706740666cea08c3943f67a76fdabf692d323eb8bc8ebd9,true
blk.29.post_attention_norm.weight,CanonicalPrimitive,CanonicalPrimitive,8192,8192,083e2ccd72b66c11fc9f06b23d80383e976f4b61018050d37d5c77fffda304ee,083e2ccd72b66c11fc9f06b23d80383e976f4b61018050d37d5c77fffda304ee,true
blk.29.ssm_a,CanonicalPrimitive,CanonicalPrimitive,128,128,60b120fff7b3b667a0c9119ab2720c56a2b3e67c381c083b4a64f8f5249fb861,60b120fff7b3b667a0c9119ab2720c56a2b3e67c381c083b4a64f8f5249fb861,true
blk.29.ssm_alpha.weight,CanonicalPrimitive,CanonicalPrimitive,262144,262144,63afdedf6a1f89874a70b139df067a8c8056dc798adb417eedfcc37bd91536b4,63afdedf6a1f89874a70b139df067a8c8056dc798adb417eedfcc37bd91536b4,true
blk.29.ssm_beta.weight,CanonicalPrimitive,CanonicalPrimitive,262144,262144,7e7489e2ab25bcf5575fa8342664dd3688adf2f437cfa08d8f34a567f66d23c9,7e7489e2ab25bcf5575fa8342664dd3688adf2f437cfa08d8f34a567f66d23c9,true
blk.29.ssm_conv1d.weight,CanonicalPrimitive,CanonicalPrimitive,131072,131072,b5a247e6657f869d2ba6d12958d7f2974c13f89b9bc6a5dcd6b428b48c1e69d6,b5a247e6657f869d2ba6d12958d7f2974c13f89b9bc6a5dcd6b428b48c1e69d6,true
blk.29.ssm_dt.bias,CanonicalPrimitive,CanonicalPrimitive,128,128,aec824d76a12a4e1cd827cc063555551354613faee4b00ee198ba5c732fe7c28,aec824d76a12a4e1cd827cc063555551354613faee4b00ee198ba5c732fe7c28,true
blk.29.ssm_norm.weight,CanonicalPrimitive,CanonicalPrimitive,512,512,ba7c71e070096af174f953f024f81c5fb75c3827f5effba3a3b426a618148d89,ba7c71e070096af174f953f024f81c5fb75c3827f5effba3a3b426a618148d89,true
blk.29.ssm_out.weight,GGML_Q8_0,GGML_Q8_0,8912896,8912896,38f97216616bbe60da7c489d2ae01d252b605344aeac71a336a8bff4a57e88ed,38f97216616bbe60da7c489d2ae01d252b605344aeac71a336a8bff4a57e88ed,true
blk.30.attn_norm.weight,CanonicalPrimitive,CanonicalPrimitive,8192,8192,a02bdf6531ce58f8104b723cdd124e7daf7d3a6e5d57e01f88a3c4381e400495,a02bdf6531ce58f8104b723cdd124e7daf7d3a6e5d57e01f88a3c4381e400495,true
blk.30.attn_qkv.weight,GGML_Q8_0,GGML_Q8_0,17825792,17825792,965a2ce18c888942d67ea750473ff0d46042800a6d08311964daba554c3dce50,965a2ce18c888942d67ea750473ff0d46042800a6d08311964daba554c3dce50,true
blk.30.ffn_gate_exps.weight,GGML_Q4_K,GGML_Q4_K,150994944,150994944,0a9f1bb5387c835a8004b1f95dea334817722f1bf89c40c69b44ad3eeda667ea,0a9f1bb5387c835a8004b1f95dea334817722f1bf89c40c69b44ad3eeda667ea,true
blk.30.ffn_gate_inp.weight,CanonicalPrimitive,CanonicalPrimitive,2097152,2097152,aa70bfd297521107d46864e78c08389ac6a8a2f196ee91d7e5f08e388b1b94f1,aa70bfd297521107d46864e78c08389ac6a8a2f196ee91d7e5f08e388b1b94f1,true
blk.30.ffn_gate_inp_shexp.weight,CanonicalPrimitive,CanonicalPrimitive,8192,8192,aa70e5d52da1fb05d5b2dfe49f1b3dfccae1e6f59691b8ca25076d848afd4bc6,aa70e5d52da1fb05d5b2dfe49f1b3dfccae1e6f59691b8ca25076d848afd4bc6,true
blk.30.ffn_gate_shexp.weight,GGML_Q8_0,GGML_Q8_0,1114112,1114112,f407270380df9f67b4fd02dd66cbaf626d6ec4aa545be919d98a0e4ff16a8122,f407270380df9f67b4fd02dd66cbaf626d6ec4aa545be919d98a0e4ff16a8122,true
blk.30.ffn_up_exps.weight,GGML_Q4_K,GGML_Q4_K,150994944,150994944,211eca013bcf706ebf67a35c1c144a4d01a366313f44837c65e96eef105eb7eb,211eca013bcf706ebf67a35c1c144a4d01a366313f44837c65e96eef105eb7eb,true
blk.30.ffn_up_shexp.weight,GGML_Q8_0,GGML_Q8_0,1114112,1114112,650942ef414bdcd7446cf35bb7e57526410479a65f2ea4ed3ff8f3bcca41e49e,650942ef414bdcd7446cf35bb7e57526410479a65f2ea4ed3ff8f3bcca41e49e,true
blk.30.ffn_down_exps.weight,GGML_Q5_K,GGML_Q5_K,184549376,184549376,636df75f332761256c12da4a0806cdd0fc5b282d921f674d97954db876ed0a8f,636df75f332761256c12da4a0806cdd0fc5b282d921f674d97954db876ed0a8f,true
blk.30.ffn_down_shexp.weight,GGML_Q8_0,GGML_Q8_0,1114112,1114112,e2fbdc6b7ef7963eda6d27331a339a5c6983c6c1cb35f5b3355c8bf2b91f0e70,e2fbdc6b7ef7963eda6d27331a339a5c6983c6c1cb35f5b3355c8bf2b91f0e70,true
blk.30.attn_gate.weight,GGML_Q8_0,GGML_Q8_0,8912896,8912896,d620040c68607da208b7833f3df23182cffa8dcf02333546c8bc4b2d27936f82,d620040c68607da208b7833f3df23182cffa8dcf02333546c8bc4b2d27936f82,true
blk.30.post_attention_norm.weight,CanonicalPrimitive,CanonicalPrimitive,8192,8192,105be2c68ec7cdbc74d1393dbe879d0a1431063643e3bc592ccbaf2fe544abfd,105be2c68ec7cdbc74d1393dbe879d0a1431063643e3bc592ccbaf2fe544abfd,true
blk.30.ssm_a,CanonicalPrimitive,CanonicalPrimitive,128,128,781ac24f9236e55f1d66c5190177ee2d1a60a78182b83ed7d67ca12ece45bfd9,781ac24f9236e55f1d66c5190177ee2d1a60a78182b83ed7d67ca12ece45bfd9,true
blk.30.ssm_alpha.weight,CanonicalPrimitive,CanonicalPrimitive,262144,262144,882f5378811f9e6f2076d3ca58121f6d6b83b799785d430de16d695b89a70ae3,882f5378811f9e6f2076d3ca58121f6d6b83b799785d430de16d695b89a70ae3,true
blk.30.ssm_beta.weight,CanonicalPrimitive,CanonicalPrimitive,262144,262144,567e005fa313468f198013010faa1d4ef300fcc3f62cb76fd116f2739fef3d61,567e005fa313468f198013010faa1d4ef300fcc3f62cb76fd116f2739fef3d61,true
blk.30.ssm_conv1d.weight,CanonicalPrimitive,CanonicalPrimitive,131072,131072,adadd65af38af347b6c4c54d523485ea604fbbd72b1e3ae6841fcea7733a8d64,adadd65af38af347b6c4c54d523485ea604fbbd72b1e3ae6841fcea7733a8d64,true
blk.30.ssm_dt.bias,CanonicalPrimitive,CanonicalPrimitive,128,128,eb2f696a9a8ed2990c2a1bc58b9d47aa1492684a467feb6a74ec04d0c76eb66b,eb2f696a9a8ed2990c2a1bc58b9d47aa1492684a467feb6a74ec04d0c76eb66b,true
blk.30.ssm_norm.weight,CanonicalPrimitive,CanonicalPrimitive,512,512,7796171888277d466fdae9a635ca270e7be8f51bc4fd7a1f5561c2a2bb0a8fc3,7796171888277d466fdae9a635ca270e7be8f51bc4fd7a1f5561c2a2bb0a8fc3,true
blk.30.ssm_out.weight,GGML_Q8_0,GGML_Q8_0,8912896,8912896,ceea54c19d2b25e5d467a60c85cc849b90c89febcba682646be56423ee197828,ceea54c19d2b25e5d467a60c85cc849b90c89febcba682646be56423ee197828,true
blk.31.attn_norm.weight,CanonicalPrimitive,CanonicalPrimitive,8192,8192,19fe8bcb1fe5b716c88a9b36ee5d7b3d05a0ab6a17a62aea2c72cec47c1c7ee6,19fe8bcb1fe5b716c88a9b36ee5d7b3d05a0ab6a17a62aea2c72cec47c1c7ee6,true
blk.31.attn_q.weight,GGML_Q8_0,GGML_Q8_0,17825792,17825792,b885a79da63489c8228347b829d48de613fe42d1f8b263abec15b48d111968b8,b885a79da63489c8228347b829d48de613fe42d1f8b263abec15b48d111968b8,true
blk.31.attn_q_norm.weight,CanonicalPrimitive,CanonicalPrimitive,1024,1024,1836068151c76facc02868d5506ba3f292a8ec43caa4a6fcb9ccba0bfa545132,1836068151c76facc02868d5506ba3f292a8ec43caa4a6fcb9ccba0bfa545132,true
blk.31.attn_k.weight,GGML_Q8_0,GGML_Q8_0,1114112,1114112,8b2dc4f05a81ba1d4fd0d98c29160e7b499f4e7ab69dfe51e98df5330eef44b9,8b2dc4f05a81ba1d4fd0d98c29160e7b499f4e7ab69dfe51e98df5330eef44b9,true
blk.31.attn_k_norm.weight,CanonicalPrimitive,CanonicalPrimitive,1024,1024,16e1370ddc867df12ddaeda9b8601b8edc59bdaf7dc03f97b8b189329f5b45d3,16e1370ddc867df12ddaeda9b8601b8edc59bdaf7dc03f97b8b189329f5b45d3,true
blk.31.attn_v.weight,GGML_Q8_0,GGML_Q8_0,1114112,1114112,3d1756a2dcfd55ed5d0b433d19512045214b5ab02f7c88570a5578d770b52a27,3d1756a2dcfd55ed5d0b433d19512045214b5ab02f7c88570a5578d770b52a27,true
blk.31.attn_output.weight,GGML_Q8_0,GGML_Q8_0,8912896,8912896,9c8298c9766032c941d5e7aa7f7c62f3ba09065ee0871df0ef9b6153a555902e,9c8298c9766032c941d5e7aa7f7c62f3ba09065ee0871df0ef9b6153a555902e,true
blk.31.ffn_gate_exps.weight,GGML_Q4_K,GGML_Q4_K,150994944,150994944,0d8dae3f5aadf45b522b648e28e4fc238e32406d79352064d9e9fdd1de901a75,0d8dae3f5aadf45b522b648e28e4fc238e32406d79352064d9e9fdd1de901a75,true
blk.31.ffn_gate_inp.weight,CanonicalPrimitive,CanonicalPrimitive,2097152,2097152,9338daa50a0ec2391efa5104aab067425f1caca8d90aab2e52a98ecc9fe910ad,9338daa50a0ec2391efa5104aab067425f1caca8d90aab2e52a98ecc9fe910ad,true
blk.31.ffn_gate_inp_shexp.weight,CanonicalPrimitive,CanonicalPrimitive,8192,8192,cc9ef4b022aad2f26865c6f7fdc454ebed9839ad87e70ca74e71d3627d310305,cc9ef4b022aad2f26865c6f7fdc454ebed9839ad87e70ca74e71d3627d310305,true
blk.31.ffn_gate_shexp.weight,GGML_Q8_0,GGML_Q8_0,1114112,1114112,17819217414ed572893cc7d74580511686daa3006eff3deb6ab0103f3f9d24d8,17819217414ed572893cc7d74580511686daa3006eff3deb6ab0103f3f9d24d8,true
blk.31.ffn_up_exps.weight,GGML_Q4_K,GGML_Q4_K,150994944,150994944,6f9f416f76846b5a6075eabc99edffe695a179d983cdc598868842c38eeabb46,6f9f416f76846b5a6075eabc99edffe695a179d983cdc598868842c38eeabb46,true
blk.31.ffn_up_shexp.weight,GGML_Q8_0,GGML_Q8_0,1114112,1114112,bf3b0179abe74f159bdd8d13841eb72de434cc0939e79f219c88f3c56b976128,bf3b0179abe74f159bdd8d13841eb72de434cc0939e79f219c88f3c56b976128,true
blk.31.ffn_down_exps.weight,GGML_Q5_K,GGML_Q5_K,184549376,184549376,9b5a3a38abc7e0b2760454c93d62e5c8ec93e2d479b8c2c9957e6bbb9776cf82,9b5a3a38abc7e0b2760454c93d62e5c8ec93e2d479b8c2c9957e6bbb9776cf82,true
blk.31.ffn_down_shexp.weight,GGML_Q8_0,GGML_Q8_0,1114112,1114112,a9f08a0da8c1953818c033fc8d662227d0047a3de884f471fead1f2254826d7e,a9f08a0da8c1953818c033fc8d662227d0047a3de884f471fead1f2254826d7e,true
blk.31.post_attention_norm.weight,CanonicalPrimitive,CanonicalPrimitive,8192,8192,2809d6fd7e8cca9f02e56066f6c3701297fef97081f3a23c31cbf2bddddbe3b8,2809d6fd7e8cca9f02e56066f6c3701297fef97081f3a23c31cbf2bddddbe3b8,true
blk.32.attn_norm.weight,CanonicalPrimitive,CanonicalPrimitive,8192,8192,524d9778046c2278ec3e1690ce4897cd5990c42a6ab6ad95483accd786840341,524d9778046c2278ec3e1690ce4897cd5990c42a6ab6ad95483accd786840341,true
blk.32.attn_qkv.weight,GGML_Q8_0,GGML_Q8_0,17825792,17825792,3944faf4d5c27cf9ac20d8c98ef517e90b16d04e1c0108ff5ecc6df7e1de780b,3944faf4d5c27cf9ac20d8c98ef517e90b16d04e1c0108ff5ecc6df7e1de780b,true
blk.32.ffn_gate_exps.weight,GGML_Q4_K,GGML_Q4_K,150994944,150994944,a1adb977f1f8132c2c4890735be78af094012a975180cf07521dd2fea654211c,a1adb977f1f8132c2c4890735be78af094012a975180cf07521dd2fea654211c,true
blk.32.ffn_gate_inp.weight,CanonicalPrimitive,CanonicalPrimitive,2097152,2097152,88acac76096e5009a0d717b8458fc4b1459c71b29210848d63e5376f13edecee,88acac76096e5009a0d717b8458fc4b1459c71b29210848d63e5376f13edecee,true
blk.32.ffn_gate_inp_shexp.weight,CanonicalPrimitive,CanonicalPrimitive,8192,8192,548b751a08b3d0e3e79c06ff3b4de1c0e8f8962a6c9720c610de8b5acd944bcc,548b751a08b3d0e3e79c06ff3b4de1c0e8f8962a6c9720c610de8b5acd944bcc,true
blk.32.ffn_gate_shexp.weight,GGML_Q8_0,GGML_Q8_0,1114112,1114112,f1eeaff8e4dcd5682fb1cfdb2dc50382e8ef5928d6112bd36139340c26abd21c,f1eeaff8e4dcd5682fb1cfdb2dc50382e8ef5928d6112bd36139340c26abd21c,true
blk.32.ffn_up_exps.weight,GGML_Q4_K,GGML_Q4_K,150994944,150994944,0ac3199f17522f2af3e5d50665126fff673b85fc6d537cb9cbecbd54c02f5f56,0ac3199f17522f2af3e5d50665126fff673b85fc6d537cb9cbecbd54c02f5f56,true
blk.32.ffn_up_shexp.weight,GGML_Q8_0,GGML_Q8_0,1114112,1114112,47c7a5a4277e22dfec097cabdabc68e407b60cff3ab0ab0b35fd959385c02c84,47c7a5a4277e22dfec097cabdabc68e407b60cff3ab0ab0b35fd959385c02c84,true
blk.32.ffn_down_exps.weight,GGML_Q5_K,GGML_Q5_K,184549376,184549376,b34a71d5e5b380be1ea4cd46d32fb1e5e99f4ed503760f02e954f05fcce775a3,b34a71d5e5b380be1ea4cd46d32fb1e5e99f4ed503760f02e954f05fcce775a3,true
blk.32.ffn_down_shexp.weight,GGML_Q8_0,GGML_Q8_0,1114112,1114112,bd797ab48ab28660d416a4f0e27597f56c275960dcffc3c4bb64aeb9c3795322,bd797ab48ab28660d416a4f0e27597f56c275960dcffc3c4bb64aeb9c3795322,true
blk.32.attn_gate.weight,GGML_Q8_0,GGML_Q8_0,8912896,8912896,660e789b0fdaac82447a54db38a7902fa9351dc5b7da53c3f3080c754191ba1c,660e789b0fdaac82447a54db38a7902fa9351dc5b7da53c3f3080c754191ba1c,true
blk.32.post_attention_norm.weight,CanonicalPrimitive,CanonicalPrimitive,8192,8192,73dbf8b8206ee6e885cf3e714c2565fb7f95efb1425f996137da9ec97f694a5e,73dbf8b8206ee6e885cf3e714c2565fb7f95efb1425f996137da9ec97f694a5e,true
blk.32.ssm_a,CanonicalPrimitive,CanonicalPrimitive,128,128,1126273c83a668a64b22b5251fcdf857fadb97c1d238941574233c4989a35005,1126273c83a668a64b22b5251fcdf857fadb97c1d238941574233c4989a35005,true
blk.32.ssm_alpha.weight,CanonicalPrimitive,CanonicalPrimitive,262144,262144,68107cf8df87a12fabf5a12fd02097209ebb6d686ead9916fa28f4072083e525,68107cf8df87a12fabf5a12fd02097209ebb6d686ead9916fa28f4072083e525,true
blk.32.ssm_beta.weight,CanonicalPrimitive,CanonicalPrimitive,262144,262144,04c40ca6f058c03d582d046be5eb26382833e063d62951b0d47bf3abb872244d,04c40ca6f058c03d582d046be5eb26382833e063d62951b0d47bf3abb872244d,true
blk.32.ssm_conv1d.weight,CanonicalPrimitive,CanonicalPrimitive,131072,131072,1621559d7a7e7f0ac0f0b31bb5e73bb1b60fc8551ccd113bac055bfce5327b28,1621559d7a7e7f0ac0f0b31bb5e73bb1b60fc8551ccd113bac055bfce5327b28,true
blk.32.ssm_dt.bias,CanonicalPrimitive,CanonicalPrimitive,128,128,38f41d593940a6cdff43e0164a28a0ff1571c50fa95ac3b73ca0201d8235430a,38f41d593940a6cdff43e0164a28a0ff1571c50fa95ac3b73ca0201d8235430a,true
blk.32.ssm_norm.weight,CanonicalPrimitive,CanonicalPrimitive,512,512,76027e1711b3c4d1786abdcc9cc658ede25bbc3114eeab81f542d7cd063af378,76027e1711b3c4d1786abdcc9cc658ede25bbc3114eeab81f542d7cd063af378,true
blk.32.ssm_out.weight,GGML_Q8_0,GGML_Q8_0,8912896,8912896,3c40dcb02a5f1653f0513d2f15cb2ecd2454f5d1b1eaf35e92c7cee5f9937fa6,3c40dcb02a5f1653f0513d2f15cb2ecd2454f5d1b1eaf35e92c7cee5f9937fa6,true
blk.33.attn_norm.weight,CanonicalPrimitive,CanonicalPrimitive,8192,8192,5e6d94142ac34348c243b0c5d23be000cf6149fcb66b8b8ceb521058906b70d6,5e6d94142ac34348c243b0c5d23be000cf6149fcb66b8b8ceb521058906b70d6,true
blk.33.attn_qkv.weight,GGML_Q8_0,GGML_Q8_0,17825792,17825792,b15a50e03b1442a9575b462dd7fdf89b4fb34ff210ac1bbc380bd9112506586c,b15a50e03b1442a9575b462dd7fdf89b4fb34ff210ac1bbc380bd9112506586c,true
blk.33.ffn_gate_exps.weight,GGML_Q4_K,GGML_Q4_K,150994944,150994944,23804f42650c8c0422a3839b34accb6f75e4fe6910b2604248ceba18f36107a1,23804f42650c8c0422a3839b34accb6f75e4fe6910b2604248ceba18f36107a1,true
blk.33.ffn_gate_inp.weight,CanonicalPrimitive,CanonicalPrimitive,2097152,2097152,4cec8dfe7590907fe40f435b9a8e3ebfa804e085084e0866c02de4cddf7c10c0,4cec8dfe7590907fe40f435b9a8e3ebfa804e085084e0866c02de4cddf7c10c0,true
blk.33.ffn_gate_inp_shexp.weight,CanonicalPrimitive,CanonicalPrimitive,8192,8192,301bb8c8d70addb33cbe54b2363850e9d7f4e3a4602c83d69a25eb1b40ce1cad,301bb8c8d70addb33cbe54b2363850e9d7f4e3a4602c83d69a25eb1b40ce1cad,true
blk.33.ffn_gate_shexp.weight,GGML_Q8_0,GGML_Q8_0,1114112,1114112,bfa3915de6d2cf2c503bd3df945302d32b2a3637508c22866a55a0d31e33dc38,bfa3915de6d2cf2c503bd3df945302d32b2a3637508c22866a55a0d31e33dc38,true
blk.33.ffn_up_exps.weight,GGML_Q4_K,GGML_Q4_K,150994944,150994944,f48cf8adfc1e567026c0904e4092a9b7fb972e494c749bbdb7d59f2af36f54e1,f48cf8adfc1e567026c0904e4092a9b7fb972e494c749bbdb7d59f2af36f54e1,true
blk.33.ffn_up_shexp.weight,GGML_Q8_0,GGML_Q8_0,1114112,1114112,0295cf84a0e274b154254e520dead4f25e039e68a087b1e8219177f0345ab9f1,0295cf84a0e274b154254e520dead4f25e039e68a087b1e8219177f0345ab9f1,true
blk.33.ffn_down_exps.weight,GGML_Q5_K,GGML_Q5_K,184549376,184549376,28f38747f953e3d527fcbfda3ea707c54c270bcd6e1c05b6b5ce8a5b1e37e84e,28f38747f953e3d527fcbfda3ea707c54c270bcd6e1c05b6b5ce8a5b1e37e84e,true
blk.33.ffn_down_shexp.weight,GGML_Q8_0,GGML_Q8_0,1114112,1114112,140d7d0ea1b83462486b5a3f28fb6ccc3fee463961991cd8ee13c0ec418c03db,140d7d0ea1b83462486b5a3f28fb6ccc3fee463961991cd8ee13c0ec418c03db,true
blk.33.attn_gate.weight,GGML_Q8_0,GGML_Q8_0,8912896,8912896,2e772598bfe1688eb5fee6347e0453e79579ec5a0a21be6fc4555ffc4f3b7acb,2e772598bfe1688eb5fee6347e0453e79579ec5a0a21be6fc4555ffc4f3b7acb,true
blk.33.post_attention_norm.weight,CanonicalPrimitive,CanonicalPrimitive,8192,8192,a1796bbf07fc253ab6bc0020ffe98d74e49af3faaaebf3e6b0ec336220763f97,a1796bbf07fc253ab6bc0020ffe98d74e49af3faaaebf3e6b0ec336220763f97,true
blk.33.ssm_a,CanonicalPrimitive,CanonicalPrimitive,128,128,878257c2b5a842c6f7aee40221ef174eda307507efb764c62e50914503017398,878257c2b5a842c6f7aee40221ef174eda307507efb764c62e50914503017398,true
blk.33.ssm_alpha.weight,CanonicalPrimitive,CanonicalPrimitive,262144,262144,8a874eba441e19d1c1d762475054c620ea35a54a6429102e5dfebdfdb5865e3e,8a874eba441e19d1c1d762475054c620ea35a54a6429102e5dfebdfdb5865e3e,true
blk.33.ssm_beta.weight,CanonicalPrimitive,CanonicalPrimitive,262144,262144,53ddfc79d9ab9a1dead02589066c01382f8ef83c920bc604b1c11f590e1c38c7,53ddfc79d9ab9a1dead02589066c01382f8ef83c920bc604b1c11f590e1c38c7,true
blk.33.ssm_conv1d.weight,CanonicalPrimitive,CanonicalPrimitive,131072,131072,d2fd5c639d39e4a194e208edea41523e4a75d63f8a22fb97e29a3a867de0479b,d2fd5c639d39e4a194e208edea41523e4a75d63f8a22fb97e29a3a867de0479b,true
blk.33.ssm_dt.bias,CanonicalPrimitive,CanonicalPrimitive,128,128,10eba46e4edb86b086628579fe77498c94cf0ea2f2e0e0ffa0369ecadb14e66c,10eba46e4edb86b086628579fe77498c94cf0ea2f2e0e0ffa0369ecadb14e66c,true
blk.33.ssm_norm.weight,CanonicalPrimitive,CanonicalPrimitive,512,512,600a28c79a8292f17704f370e907f800d3c0406d2275e10d0554a75fdbaa4373,600a28c79a8292f17704f370e907f800d3c0406d2275e10d0554a75fdbaa4373,true
blk.33.ssm_out.weight,GGML_Q8_0,GGML_Q8_0,8912896,8912896,bf633f286e1c88311b0591ee546c8eadc4ccb9fbab43af1aab2a23ae7ab67d87,bf633f286e1c88311b0591ee546c8eadc4ccb9fbab43af1aab2a23ae7ab67d87,true
blk.34.attn_norm.weight,CanonicalPrimitive,CanonicalPrimitive,8192,8192,f39837a3706627efff4a137e05127449b11b90dc671ce3ec8a448547c6c08a47,f39837a3706627efff4a137e05127449b11b90dc671ce3ec8a448547c6c08a47,true
blk.34.attn_qkv.weight,GGML_Q8_0,GGML_Q8_0,17825792,17825792,e17b59c55455df96aa24323ba0c3fe8c8b5cfebfc89204b2b32c7de6ed31a611,e17b59c55455df96aa24323ba0c3fe8c8b5cfebfc89204b2b32c7de6ed31a611,true
blk.34.ffn_gate_exps.weight,GGML_Q4_K,GGML_Q4_K,150994944,150994944,456b42f94e8d39581ec261b2f7027280d2df5d014cb6e80f4ae43dc0dfb97bb6,456b42f94e8d39581ec261b2f7027280d2df5d014cb6e80f4ae43dc0dfb97bb6,true
blk.34.ffn_gate_inp.weight,CanonicalPrimitive,CanonicalPrimitive,2097152,2097152,2c46bd306e200a7515e05b92ec25b23582eff51ae68b0531f1712ddb31ee14d6,2c46bd306e200a7515e05b92ec25b23582eff51ae68b0531f1712ddb31ee14d6,true
blk.34.ffn_gate_inp_shexp.weight,CanonicalPrimitive,CanonicalPrimitive,8192,8192,c8a905b547bae926d481d346a8e220f533d8889bb8340db0e4b5b2dee4e6502e,c8a905b547bae926d481d346a8e220f533d8889bb8340db0e4b5b2dee4e6502e,true
blk.34.ffn_gate_shexp.weight,GGML_Q8_0,GGML_Q8_0,1114112,1114112,b8c428ee57ddf4cb6e121a1e27ab063ece96e80314ac2f0886bd4f6f15ef999d,b8c428ee57ddf4cb6e121a1e27ab063ece96e80314ac2f0886bd4f6f15ef999d,true
blk.34.ffn_up_exps.weight,GGML_Q4_K,GGML_Q4_K,150994944,150994944,42982696dca44c3ca1036c8bc24ddb0f2f7801a76fcfc89d9933fde621ac2128,42982696dca44c3ca1036c8bc24ddb0f2f7801a76fcfc89d9933fde621ac2128,true
blk.34.ffn_up_shexp.weight,GGML_Q8_0,GGML_Q8_0,1114112,1114112,10db402d12b2fbc34daf36efa3b318f67f5227011b364d26cd0c176b59f57ce9,10db402d12b2fbc34daf36efa3b318f67f5227011b364d26cd0c176b59f57ce9,true
blk.34.ffn_down_exps.weight,GGML_Q6_K,GGML_Q6_K,220200960,220200960,25e435597de3fd10d253dc771b882b8d64563032fae98c5f83a26b69a347ae20,25e435597de3fd10d253dc771b882b8d64563032fae98c5f83a26b69a347ae20,true
blk.34.ffn_down_shexp.weight,GGML_Q8_0,GGML_Q8_0,1114112,1114112,208b10105a780f610368c641b3fc28f797bff05bbf2c5451690c8a8348b72c51,208b10105a780f610368c641b3fc28f797bff05bbf2c5451690c8a8348b72c51,true
blk.34.attn_gate.weight,GGML_Q8_0,GGML_Q8_0,8912896,8912896,121ef589d30aa7bb1f9699a3c97b0a11e2801afb837d2f5ce88ed849a3e91272,121ef589d30aa7bb1f9699a3c97b0a11e2801afb837d2f5ce88ed849a3e91272,true
blk.34.post_attention_norm.weight,CanonicalPrimitive,CanonicalPrimitive,8192,8192,fc4094a3963720f1198122011fc6802c41c8ab6680e7f62ec5e0a036b6066025,fc4094a3963720f1198122011fc6802c41c8ab6680e7f62ec5e0a036b6066025,true
blk.34.ssm_a,CanonicalPrimitive,CanonicalPrimitive,128,128,a84f5f94c5732d2be5533acbe252a247e0683e358b280704c054236f1433609b,a84f5f94c5732d2be5533acbe252a247e0683e358b280704c054236f1433609b,true
blk.34.ssm_alpha.weight,CanonicalPrimitive,CanonicalPrimitive,262144,262144,b630ad5eb08b6d136f9134f455d709df4f0d3ea806f6cca2852065583550fbec,b630ad5eb08b6d136f9134f455d709df4f0d3ea806f6cca2852065583550fbec,true
blk.34.ssm_beta.weight,CanonicalPrimitive,CanonicalPrimitive,262144,262144,508cf061eeab5ec62f763a2b2ad9c3d2e9e0f01c72be66d904a378f909e6aca4,508cf061eeab5ec62f763a2b2ad9c3d2e9e0f01c72be66d904a378f909e6aca4,true
blk.34.ssm_conv1d.weight,CanonicalPrimitive,CanonicalPrimitive,131072,131072,143700e55b1b598917282606f972a846968d9726238e106e3726b3795d748e24,143700e55b1b598917282606f972a846968d9726238e106e3726b3795d748e24,true
blk.34.ssm_dt.bias,CanonicalPrimitive,CanonicalPrimitive,128,128,d05443aab124c3d905e3b6909ca578d1df9953ead8e59b3c2a92ad1bf8c9c688,d05443aab124c3d905e3b6909ca578d1df9953ead8e59b3c2a92ad1bf8c9c688,true
blk.34.ssm_norm.weight,CanonicalPrimitive,CanonicalPrimitive,512,512,b23767edde2e3af21604e8cbdf170b4fba8de460d6a18fc004edc2e72339288f,b23767edde2e3af21604e8cbdf170b4fba8de460d6a18fc004edc2e72339288f,true
blk.34.ssm_out.weight,GGML_Q8_0,GGML_Q8_0,8912896,8912896,0dce10b8be4db753f2889027083e05a8c405ba64b51ac17edffe640665323be4,0dce10b8be4db753f2889027083e05a8c405ba64b51ac17edffe640665323be4,true
blk.35.attn_norm.weight,CanonicalPrimitive,CanonicalPrimitive,8192,8192,6cc3dc2f7520513f04a8732252be75b2bc7857def0c3baf57175f7059603cfa2,6cc3dc2f7520513f04a8732252be75b2bc7857def0c3baf57175f7059603cfa2,true
blk.35.attn_q.weight,GGML_Q8_0,GGML_Q8_0,17825792,17825792,32a7dfb7cecec1108b2bbb71250a6190872ca5f84242f72846122bec3d4c4097,32a7dfb7cecec1108b2bbb71250a6190872ca5f84242f72846122bec3d4c4097,true
blk.35.attn_q_norm.weight,CanonicalPrimitive,CanonicalPrimitive,1024,1024,d1d2c986babcf169d40a1db6efbac3b7d326cf82f33142ef81b9f0a1b6d41dd4,d1d2c986babcf169d40a1db6efbac3b7d326cf82f33142ef81b9f0a1b6d41dd4,true
blk.35.attn_k.weight,GGML_Q8_0,GGML_Q8_0,1114112,1114112,53da661124eae1ec7f980f0cbd4eaaeb802bdf8e0f43861498d29246ed5bcaa9,53da661124eae1ec7f980f0cbd4eaaeb802bdf8e0f43861498d29246ed5bcaa9,true
blk.35.attn_k_norm.weight,CanonicalPrimitive,CanonicalPrimitive,1024,1024,91c9c33d749ead02e9b82f4a1ff0343e79528dca12f39d36d4dfc26a9f576341,91c9c33d749ead02e9b82f4a1ff0343e79528dca12f39d36d4dfc26a9f576341,true
blk.35.attn_v.weight,GGML_Q8_0,GGML_Q8_0,1114112,1114112,46d70b2abbe2d66078663d76ce38862d9c5d07a7623d8c8f01276d97b36ac130,46d70b2abbe2d66078663d76ce38862d9c5d07a7623d8c8f01276d97b36ac130,true
blk.35.attn_output.weight,GGML_Q8_0,GGML_Q8_0,8912896,8912896,011299c30a94f28c13b0f7e09e7a9da28867707b1acb8a0f5c6ac258e49359e6,011299c30a94f28c13b0f7e09e7a9da28867707b1acb8a0f5c6ac258e49359e6,true
blk.35.ffn_gate_exps.weight,GGML_Q4_K,GGML_Q4_K,150994944,150994944,4c8df281a61cda7275184870e0a2ec9c4b60e7387f573d956b8264bbc1bef806,4c8df281a61cda7275184870e0a2ec9c4b60e7387f573d956b8264bbc1bef806,true
blk.35.ffn_gate_inp.weight,CanonicalPrimitive,CanonicalPrimitive,2097152,2097152,0bdf1ec0bba8ce845cf39e1b0ccd5933633626a197bd3d6c2db778b905cd86d1,0bdf1ec0bba8ce845cf39e1b0ccd5933633626a197bd3d6c2db778b905cd86d1,true
blk.35.ffn_gate_inp_shexp.weight,CanonicalPrimitive,CanonicalPrimitive,8192,8192,c900a1ed6633c5142b1bd3c92fdc9e4d6e639e1d92186221c6e62492c3eb4ed7,c900a1ed6633c5142b1bd3c92fdc9e4d6e639e1d92186221c6e62492c3eb4ed7,true
blk.35.ffn_gate_shexp.weight,GGML_Q8_0,GGML_Q8_0,1114112,1114112,4d868611820412481cd278e9491c1415e565f7fe6506c92adcaab7a0d842d0cd,4d868611820412481cd278e9491c1415e565f7fe6506c92adcaab7a0d842d0cd,true
blk.35.ffn_up_exps.weight,GGML_Q4_K,GGML_Q4_K,150994944,150994944,9f8a071ddb7a65881ecf15b9f00b78bca5169586b6692a6931c127c4d1f384c6,9f8a071ddb7a65881ecf15b9f00b78bca5169586b6692a6931c127c4d1f384c6,true
blk.35.ffn_up_shexp.weight,GGML_Q8_0,GGML_Q8_0,1114112,1114112,734f1aecc627be03dbc046a3c40c919b6b90dc9736fedd73fbeb51e2a70dbe24,734f1aecc627be03dbc046a3c40c919b6b90dc9736fedd73fbeb51e2a70dbe24,true
blk.35.ffn_down_exps.weight,GGML_Q5_K,GGML_Q5_K,184549376,184549376,69f8304305eb177535b3845b7f6860c498cf31d8be46b11a854659b2dac3c3fd,69f8304305eb177535b3845b7f6860c498cf31d8be46b11a854659b2dac3c3fd,true
blk.35.ffn_down_shexp.weight,GGML_Q8_0,GGML_Q8_0,1114112,1114112,9720c2eca1696f653231a4866fc4dfd45a3f07a843024e80f784ed08c3ea8f58,9720c2eca1696f653231a4866fc4dfd45a3f07a843024e80f784ed08c3ea8f58,true
blk.35.post_attention_norm.weight,CanonicalPrimitive,CanonicalPrimitive,8192,8192,9a555775495e6c997d8c5323f9579a9968c9749aadf8b71e2b37668a06420fed,9a555775495e6c997d8c5323f9579a9968c9749aadf8b71e2b37668a06420fed,true
blk.36.attn_norm.weight,CanonicalPrimitive,CanonicalPrimitive,8192,8192,b5bd56cf6a60f813b9826c28882bc16ec64273e54d78834a1f5dd0f51a4fd3bb,b5bd56cf6a60f813b9826c28882bc16ec64273e54d78834a1f5dd0f51a4fd3bb,true
blk.36.attn_qkv.weight,GGML_Q8_0,GGML_Q8_0,17825792,17825792,9c0f206dae6aa5902f6001efd905c4eec7b096dd1f8211b8680af00d856fc962,9c0f206dae6aa5902f6001efd905c4eec7b096dd1f8211b8680af00d856fc962,true
blk.36.ffn_gate_exps.weight,GGML_Q4_K,GGML_Q4_K,150994944,150994944,f435d1015024acee599a3df41320ca5df5db70d53b87d0de965ab34724e6778e,f435d1015024acee599a3df41320ca5df5db70d53b87d0de965ab34724e6778e,true
blk.36.ffn_gate_inp.weight,CanonicalPrimitive,CanonicalPrimitive,2097152,2097152,62ee27fa2dd06d769be07e400ad870a3b992e2e9ff34ada5e73c8ca27e679c93,62ee27fa2dd06d769be07e400ad870a3b992e2e9ff34ada5e73c8ca27e679c93,true
blk.36.ffn_gate_inp_shexp.weight,CanonicalPrimitive,CanonicalPrimitive,8192,8192,2b3c177774786689e605a1761f4c21d2cb8e8c081dad2e010f4a2fde40d9b1c3,2b3c177774786689e605a1761f4c21d2cb8e8c081dad2e010f4a2fde40d9b1c3,true
blk.36.ffn_gate_shexp.weight,GGML_Q8_0,GGML_Q8_0,1114112,1114112,800d5967fc9a0581857bdc6c1f0bcbc9be5706ff8e3b9c6dc664e4fc3b3fa5a3,800d5967fc9a0581857bdc6c1f0bcbc9be5706ff8e3b9c6dc664e4fc3b3fa5a3,true
blk.36.ffn_up_exps.weight,GGML_Q4_K,GGML_Q4_K,150994944,150994944,3f25e882e5b33331bea96066ede90c1b7c49d757ff5b2567b555771a8af26b9d,3f25e882e5b33331bea96066ede90c1b7c49d757ff5b2567b555771a8af26b9d,true
blk.36.ffn_up_shexp.weight,GGML_Q8_0,GGML_Q8_0,1114112,1114112,a0e6af43821d5c391f7ba5874115222f26de71f352385a31ee355e76147442b7,a0e6af43821d5c391f7ba5874115222f26de71f352385a31ee355e76147442b7,true
blk.36.ffn_down_exps.weight,GGML_Q5_K,GGML_Q5_K,184549376,184549376,1e683b8d5360e8900584c6d7871c2994a66f82ca6d6f54af821c4bd173615375,1e683b8d5360e8900584c6d7871c2994a66f82ca6d6f54af821c4bd173615375,true
blk.36.ffn_down_shexp.weight,GGML_Q8_0,GGML_Q8_0,1114112,1114112,6cc86f8e03afad81ca7d67d367d2c5797a3578047dd4098912051d6a2e3d7cba,6cc86f8e03afad81ca7d67d367d2c5797a3578047dd4098912051d6a2e3d7cba,true
blk.36.attn_gate.weight,GGML_Q8_0,GGML_Q8_0,8912896,8912896,c4237a851487361dd5cd25bf8510faafd2fee5bb24fb58e130cc302d449feac0,c4237a851487361dd5cd25bf8510faafd2fee5bb24fb58e130cc302d449feac0,true
blk.36.post_attention_norm.weight,CanonicalPrimitive,CanonicalPrimitive,8192,8192,12eb94d4dbb4877a551f92ac744c1b845ca18c3bca7ceb861a9a54425ecb64fe,12eb94d4dbb4877a551f92ac744c1b845ca18c3bca7ceb861a9a54425ecb64fe,true
blk.36.ssm_a,CanonicalPrimitive,CanonicalPrimitive,128,128,47c4422a5b3851ac8f99bbde9e85925a59189a82fb3b1b401e62952a8d22cf2b,47c4422a5b3851ac8f99bbde9e85925a59189a82fb3b1b401e62952a8d22cf2b,true
blk.36.ssm_alpha.weight,CanonicalPrimitive,CanonicalPrimitive,262144,262144,09ee429489a2aa5fe4991ad29900205fda7718a0a8536fa9d1769d756c8a7321,09ee429489a2aa5fe4991ad29900205fda7718a0a8536fa9d1769d756c8a7321,true
blk.36.ssm_beta.weight,CanonicalPrimitive,CanonicalPrimitive,262144,262144,89c92b19e9907aab7253b0431fe315c4956fb7b6af9a52096587b4308f04c441,89c92b19e9907aab7253b0431fe315c4956fb7b6af9a52096587b4308f04c441,true
blk.36.ssm_conv1d.weight,CanonicalPrimitive,CanonicalPrimitive,131072,131072,176226da81fcf67f381531072d36bc19ea9aff6f22134f7aae197a0eb25d3d5a,176226da81fcf67f381531072d36bc19ea9aff6f22134f7aae197a0eb25d3d5a,true
blk.36.ssm_dt.bias,CanonicalPrimitive,CanonicalPrimitive,128,128,1499ac11c60ff973a8daa89b4589a5267130da2abe9c77735f4a3e15fc47cc9e,1499ac11c60ff973a8daa89b4589a5267130da2abe9c77735f4a3e15fc47cc9e,true
blk.36.ssm_norm.weight,CanonicalPrimitive,CanonicalPrimitive,512,512,511c15a9342f181c56e4519f6363709d19fdf67dc7991407e54bd11ba8f39003,511c15a9342f181c56e4519f6363709d19fdf67dc7991407e54bd11ba8f39003,true
blk.36.ssm_out.weight,GGML_Q8_0,GGML_Q8_0,8912896,8912896,8fb5b03eb946d655c137a960a34336b1bda2ef2ae4825431cdc47fab6ea279dd,8fb5b03eb946d655c137a960a34336b1bda2ef2ae4825431cdc47fab6ea279dd,true
blk.37.attn_norm.weight,CanonicalPrimitive,CanonicalPrimitive,8192,8192,3d1ae1558d4f8dc420998a8f34eb2d95c02238f9824cabafb21a59c950d83920,3d1ae1558d4f8dc420998a8f34eb2d95c02238f9824cabafb21a59c950d83920,true
blk.37.attn_qkv.weight,GGML_Q8_0,GGML_Q8_0,17825792,17825792,242a681a3f2329ecef682b7192600ea8186dce5bf765e0d65d6582135e24263c,242a681a3f2329ecef682b7192600ea8186dce5bf765e0d65d6582135e24263c,true
blk.37.ffn_gate_exps.weight,GGML_Q4_K,GGML_Q4_K,150994944,150994944,56ef849b1426606d487458584932206f4cfe743438eaa16555feec808163aec3,56ef849b1426606d487458584932206f4cfe743438eaa16555feec808163aec3,true
blk.37.ffn_gate_inp.weight,CanonicalPrimitive,CanonicalPrimitive,2097152,2097152,62eafed4f5378466b5ec55fc8b13715fa77f4bd8bb78e77e7eae8a716c59b900,62eafed4f5378466b5ec55fc8b13715fa77f4bd8bb78e77e7eae8a716c59b900,true
blk.37.ffn_gate_inp_shexp.weight,CanonicalPrimitive,CanonicalPrimitive,8192,8192,8e9d89619c205fb543fccc48c8b98b815a204c86ae49ee48f13587edaca06ad8,8e9d89619c205fb543fccc48c8b98b815a204c86ae49ee48f13587edaca06ad8,true
blk.37.ffn_gate_shexp.weight,GGML_Q8_0,GGML_Q8_0,1114112,1114112,822997134392e96b771782407c1a6ba9481b0946146e08e71b4deedd4765b0e7,822997134392e96b771782407c1a6ba9481b0946146e08e71b4deedd4765b0e7,true
blk.37.ffn_up_exps.weight,GGML_Q4_K,GGML_Q4_K,150994944,150994944,61c28da34c882de4fe6929ed9c6cc585d925f8da6ac2784f6bd7619867650cf4,61c28da34c882de4fe6929ed9c6cc585d925f8da6ac2784f6bd7619867650cf4,true
blk.37.ffn_up_shexp.weight,GGML_Q8_0,GGML_Q8_0,1114112,1114112,a15ab48a13453756b39f0f50d4b74458c4030b9ef0f692a8e23a2355bc82dd4a,a15ab48a13453756b39f0f50d4b74458c4030b9ef0f692a8e23a2355bc82dd4a,true
blk.37.ffn_down_exps.weight,GGML_Q5_K,GGML_Q5_K,184549376,184549376,bb5605ef753cd6ad5316d84090eddb86c959caffe1bce97bd2905ac3fc07b23d,bb5605ef753cd6ad5316d84090eddb86c959caffe1bce97bd2905ac3fc07b23d,true
blk.37.ffn_down_shexp.weight,GGML_Q8_0,GGML_Q8_0,1114112,1114112,b278dfd5b2cb40b343eb7ac483042608cdcb13776a04fd7fe7afe1dd84e7e08e,b278dfd5b2cb40b343eb7ac483042608cdcb13776a04fd7fe7afe1dd84e7e08e,true
blk.37.attn_gate.weight,GGML_Q8_0,GGML_Q8_0,8912896,8912896,9f7e03fee9a4ffdf10d33f03db36a40f54d21f75c8f56e153d28a65a35725301,9f7e03fee9a4ffdf10d33f03db36a40f54d21f75c8f56e153d28a65a35725301,true
blk.37.post_attention_norm.weight,CanonicalPrimitive,CanonicalPrimitive,8192,8192,23ea6cb37e5e97178b38805ef9bce20454a2b077eedf4225b005e27fcfc888e7,23ea6cb37e5e97178b38805ef9bce20454a2b077eedf4225b005e27fcfc888e7,true
blk.37.ssm_a,CanonicalPrimitive,CanonicalPrimitive,128,128,f8453d72024fa0eb9edbeb5dce7b3f74959a7cd4b12e9ae8730eec70a6b227eb,f8453d72024fa0eb9edbeb5dce7b3f74959a7cd4b12e9ae8730eec70a6b227eb,true
blk.37.ssm_alpha.weight,CanonicalPrimitive,CanonicalPrimitive,262144,262144,05de79a951c45d1c8dd57d8166fd9804c409b290ced7b94f74097ba1bc4a42c2,05de79a951c45d1c8dd57d8166fd9804c409b290ced7b94f74097ba1bc4a42c2,true
blk.37.ssm_beta.weight,CanonicalPrimitive,CanonicalPrimitive,262144,262144,d678d65d97c0d6acfaec9d7b236dbd074bf849562bcd6cef15a7c1402b761906,d678d65d97c0d6acfaec9d7b236dbd074bf849562bcd6cef15a7c1402b761906,true
blk.37.ssm_conv1d.weight,CanonicalPrimitive,CanonicalPrimitive,131072,131072,0de89cf2b2f9d2fa4a272eab00c1116ec4da6bcd8bf36b8cd2f18537248881c8,0de89cf2b2f9d2fa4a272eab00c1116ec4da6bcd8bf36b8cd2f18537248881c8,true
blk.37.ssm_dt.bias,CanonicalPrimitive,CanonicalPrimitive,128,128,792dfe9fb79cd5974336f42e6e878132e04891ae1334907ebdea2113288a6614,792dfe9fb79cd5974336f42e6e878132e04891ae1334907ebdea2113288a6614,true
blk.37.ssm_norm.weight,CanonicalPrimitive,CanonicalPrimitive,512,512,8f049e08b70261c505840c4ca5b9a70df6c4ceb8e290c3e357c0e63baf5da485,8f049e08b70261c505840c4ca5b9a70df6c4ceb8e290c3e357c0e63baf5da485,true
blk.37.ssm_out.weight,GGML_Q8_0,GGML_Q8_0,8912896,8912896,7b0d76298bdc0dd94d08d2cc19879e90e2a058cfbcf4b53da23858cb2b1a98fd,7b0d76298bdc0dd94d08d2cc19879e90e2a058cfbcf4b53da23858cb2b1a98fd,true
blk.38.attn_norm.weight,CanonicalPrimitive,CanonicalPrimitive,8192,8192,819b9daf6ac24e89b18b43e3dc5a2debc620d86ac52c6c7b5a263e94dd351a73,819b9daf6ac24e89b18b43e3dc5a2debc620d86ac52c6c7b5a263e94dd351a73,true
blk.38.attn_qkv.weight,GGML_Q8_0,GGML_Q8_0,17825792,17825792,79c4999a8b5b0f6693c81c05caa8e7838cb187c16c43fe7dce02f62e777a9e87,79c4999a8b5b0f6693c81c05caa8e7838cb187c16c43fe7dce02f62e777a9e87,true
blk.38.ffn_gate_exps.weight,GGML_Q4_K,GGML_Q4_K,150994944,150994944,21e64c58d8ebfb7490dfedf36c699a0695a3832567dacfe4f92a3b870f194429,21e64c58d8ebfb7490dfedf36c699a0695a3832567dacfe4f92a3b870f194429,true
blk.38.ffn_gate_inp.weight,CanonicalPrimitive,CanonicalPrimitive,2097152,2097152,db0fe2b31ba6371ce96f2ff46a615de4643ff2ee80e4053fe6330dcde2fedeb2,db0fe2b31ba6371ce96f2ff46a615de4643ff2ee80e4053fe6330dcde2fedeb2,true
blk.38.ffn_gate_inp_shexp.weight,CanonicalPrimitive,CanonicalPrimitive,8192,8192,dd1ce588dafa7a62ca7221ce5ef68f48f7857b876c065f0d6c6ff8afb69de04b,dd1ce588dafa7a62ca7221ce5ef68f48f7857b876c065f0d6c6ff8afb69de04b,true
blk.38.ffn_gate_shexp.weight,GGML_Q8_0,GGML_Q8_0,1114112,1114112,b04851ff15e07f5534a70c44e3a91dded6d40826fec3b0745f2c549c2d7b238b,b04851ff15e07f5534a70c44e3a91dded6d40826fec3b0745f2c549c2d7b238b,true
blk.38.ffn_up_exps.weight,GGML_Q4_K,GGML_Q4_K,150994944,150994944,f10e1cea0d51b4a8dbbe8e95aa1d9badeace4706184eacde45124e29b94febf3,f10e1cea0d51b4a8dbbe8e95aa1d9badeace4706184eacde45124e29b94febf3,true
blk.38.ffn_up_shexp.weight,GGML_Q8_0,GGML_Q8_0,1114112,1114112,744b0ca5e1053e799d445ea8e7fbb908fb9b16511eebc3af758cffb396414fa9,744b0ca5e1053e799d445ea8e7fbb908fb9b16511eebc3af758cffb396414fa9,true
blk.38.ffn_down_exps.weight,GGML_Q6_K,GGML_Q6_K,220200960,220200960,ef7e8fe4be7caa1e45e556437c341578c04e43ffb44d5094e5f86e7556e9593c,ef7e8fe4be7caa1e45e556437c341578c04e43ffb44d5094e5f86e7556e9593c,true
blk.38.ffn_down_shexp.weight,GGML_Q8_0,GGML_Q8_0,1114112,1114112,acc281a924b7caf189c30b69ae4e7de9fa29648cc1a01d08a4d330a789a78288,acc281a924b7caf189c30b69ae4e7de9fa29648cc1a01d08a4d330a789a78288,true
blk.38.attn_gate.weight,GGML_Q8_0,GGML_Q8_0,8912896,8912896,20c04e24caa4723eefb92da25473ca7ac49b08b0e1ec29c7b233713e55b9c757,20c04e24caa4723eefb92da25473ca7ac49b08b0e1ec29c7b233713e55b9c757,true
blk.38.post_attention_norm.weight,CanonicalPrimitive,CanonicalPrimitive,8192,8192,236dc643d91585096a5fffd5e39f0ee4c0ef90b87b2a4fb8d91d68f25a9ee79a,236dc643d91585096a5fffd5e39f0ee4c0ef90b87b2a4fb8d91d68f25a9ee79a,true
blk.38.ssm_a,CanonicalPrimitive,CanonicalPrimitive,128,128,2c137bbb836e8430208ee3eb1f470b66f7233e73bbf44a810f82b03de825f414,2c137bbb836e8430208ee3eb1f470b66f7233e73bbf44a810f82b03de825f414,true
blk.38.ssm_alpha.weight,CanonicalPrimitive,CanonicalPrimitive,262144,262144,7ce97f91e7610715fb339b6a80f21c38a9890801628441970d5cfa6bef28b1a2,7ce97f91e7610715fb339b6a80f21c38a9890801628441970d5cfa6bef28b1a2,true
blk.38.ssm_beta.weight,CanonicalPrimitive,CanonicalPrimitive,262144,262144,58dde2d8e7f1fd94a749aa981e04788944a42bcf3d2d8cd3156ec9ae4fbb05ee,58dde2d8e7f1fd94a749aa981e04788944a42bcf3d2d8cd3156ec9ae4fbb05ee,true
blk.38.ssm_conv1d.weight,CanonicalPrimitive,CanonicalPrimitive,131072,131072,0e29e621a6b520063e2d80d65899c87f27a00a082e3a597eae8f9ee5d93722cd,0e29e621a6b520063e2d80d65899c87f27a00a082e3a597eae8f9ee5d93722cd,true
blk.38.ssm_dt.bias,CanonicalPrimitive,CanonicalPrimitive,128,128,b1bab280f5529895de9781c50f64ed5dbe984d424a8e6cf9839092f6f62d0e45,b1bab280f5529895de9781c50f64ed5dbe984d424a8e6cf9839092f6f62d0e45,true
blk.38.ssm_norm.weight,CanonicalPrimitive,CanonicalPrimitive,512,512,49b1debdf429f43b3fcff911a362836f569d429cb8d8f84a2be7f0a57694e344,49b1debdf429f43b3fcff911a362836f569d429cb8d8f84a2be7f0a57694e344,true
blk.38.ssm_out.weight,GGML_Q8_0,GGML_Q8_0,8912896,8912896,84a18b185b1f4eae1b82db293aa07d03f9c85c9dad7748ebd0b4b0031709b1dd,84a18b185b1f4eae1b82db293aa07d03f9c85c9dad7748ebd0b4b0031709b1dd,true
blk.39.attn_norm.weight,CanonicalPrimitive,CanonicalPrimitive,8192,8192,c2c98f1b4a8fe834188e67411c3e957ac1e28f6eba254c351d68981dbb236193,c2c98f1b4a8fe834188e67411c3e957ac1e28f6eba254c351d68981dbb236193,true
blk.39.attn_q.weight,GGML_Q8_0,GGML_Q8_0,17825792,17825792,5a1a26943795f93cf4cd305d2295193bcb0eff774dec4e02f1f6cbd2fd2a67b2,5a1a26943795f93cf4cd305d2295193bcb0eff774dec4e02f1f6cbd2fd2a67b2,true
blk.39.attn_q_norm.weight,CanonicalPrimitive,CanonicalPrimitive,1024,1024,46cd77c4b2e27d7e0c0a35986c5a1d7fb21d6f0dc9558f08a2559ebe96813460,46cd77c4b2e27d7e0c0a35986c5a1d7fb21d6f0dc9558f08a2559ebe96813460,true
blk.39.attn_k.weight,GGML_Q8_0,GGML_Q8_0,1114112,1114112,4ca0340c29e9102bac0c7477f783a5dc66e67552a4679ef40ed13d6e98011572,4ca0340c29e9102bac0c7477f783a5dc66e67552a4679ef40ed13d6e98011572,true
blk.39.attn_k_norm.weight,CanonicalPrimitive,CanonicalPrimitive,1024,1024,9bc90a9ed4b4b142e6491e374c28581a400e0b840e69d34e0bd1abd7fe96261b,9bc90a9ed4b4b142e6491e374c28581a400e0b840e69d34e0bd1abd7fe96261b,true
blk.39.attn_v.weight,GGML_Q8_0,GGML_Q8_0,1114112,1114112,45b877df1878103d0bbcd714a3d7d7601bd06dee70bfddc3cd728183c11b17cb,45b877df1878103d0bbcd714a3d7d7601bd06dee70bfddc3cd728183c11b17cb,true
blk.39.attn_output.weight,GGML_Q8_0,GGML_Q8_0,8912896,8912896,24f7a39a58cfc20ebaba90c267f94a75edad58938a6c8e3b853396b90612d03f,24f7a39a58cfc20ebaba90c267f94a75edad58938a6c8e3b853396b90612d03f,true
blk.39.ffn_gate_exps.weight,GGML_Q4_K,GGML_Q4_K,150994944,150994944,83fdfeb7fa4870350b2f6732792c13dd2077f213cdad4c99aa25025ea05fdf83,83fdfeb7fa4870350b2f6732792c13dd2077f213cdad4c99aa25025ea05fdf83,true
blk.39.ffn_gate_inp.weight,CanonicalPrimitive,CanonicalPrimitive,2097152,2097152,638777347c51049bc8529b4e88b6d60fc3ff54a6a328fb10ce836f2d59925254,638777347c51049bc8529b4e88b6d60fc3ff54a6a328fb10ce836f2d59925254,true
blk.39.ffn_gate_inp_shexp.weight,CanonicalPrimitive,CanonicalPrimitive,8192,8192,39902429cba0b3c06944afb1e7e0fd347c2e75db717112e270064cfd3b7bfc33,39902429cba0b3c06944afb1e7e0fd347c2e75db717112e270064cfd3b7bfc33,true
blk.39.ffn_gate_shexp.weight,GGML_Q8_0,GGML_Q8_0,1114112,1114112,f1af1b932f9113b75f81d94017938530f50e16018f6c2f4389ef48abde0c4a5f,f1af1b932f9113b75f81d94017938530f50e16018f6c2f4389ef48abde0c4a5f,true
blk.39.ffn_up_exps.weight,GGML_Q4_K,GGML_Q4_K,150994944,150994944,a525643d753c67da0dc1bc80775d9cc35b975a3d9957bd41fd2f154b2b49cf0d,a525643d753c67da0dc1bc80775d9cc35b975a3d9957bd41fd2f154b2b49cf0d,true
blk.39.ffn_up_shexp.weight,GGML_Q8_0,GGML_Q8_0,1114112,1114112,bab5422467f708e686c5e4035e1df3807c0835eca4bb670a22242743d1269156,bab5422467f708e686c5e4035e1df3807c0835eca4bb670a22242743d1269156,true
blk.39.ffn_down_exps.weight,GGML_Q6_K,GGML_Q6_K,220200960,220200960,93834ba739a8ad6f1220266a9776768fc2779120f6345a00282595be0c7cff4e,93834ba739a8ad6f1220266a9776768fc2779120f6345a00282595be0c7cff4e,true
blk.39.ffn_down_shexp.weight,GGML_Q8_0,GGML_Q8_0,1114112,1114112,77f0cab291c00b6a91de1f8d24eaceee8013568eef2f57c797fb4e4ff5056f40,77f0cab291c00b6a91de1f8d24eaceee8013568eef2f57c797fb4e4ff5056f40,true
blk.39.post_attention_norm.weight,CanonicalPrimitive,CanonicalPrimitive,8192,8192,1fabea44acda7dc3728597eb7d51ad44f45deabacb31b99359a368a2ff7a521e,1fabea44acda7dc3728597eb7d51ad44f45deabacb31b99359a368a2ff7a521e,true
blk.40.attn_norm.weight,CanonicalPrimitive,CanonicalPrimitive,8192,8192,d19fb0a43d49e4a2690091b383e16e3b005dc11e308cc8ca5f9fdb4f17909a6a,d19fb0a43d49e4a2690091b383e16e3b005dc11e308cc8ca5f9fdb4f17909a6a,true
blk.40.attn_q.weight,GGML_Q8_0,GGML_Q8_0,17825792,17825792,b903a081e45b6610cb81366728887673e725914b17266e65ba514f5fd3617bf3,b903a081e45b6610cb81366728887673e725914b17266e65ba514f5fd3617bf3,true
blk.40.attn_q_norm.weight,CanonicalPrimitive,CanonicalPrimitive,1024,1024,b4e21f652c5ab87f50be67a49ee984f3d67f7742c1ada7660822cb31f57db13b,b4e21f652c5ab87f50be67a49ee984f3d67f7742c1ada7660822cb31f57db13b,true
blk.40.attn_k.weight,GGML_Q8_0,GGML_Q8_0,1114112,1114112,c8e44b473dbd981c6b6728ec836d336b05e145a19eb66284d2bff31aa11efb74,c8e44b473dbd981c6b6728ec836d336b05e145a19eb66284d2bff31aa11efb74,true
blk.40.attn_k_norm.weight,CanonicalPrimitive,CanonicalPrimitive,1024,1024,ff4dcaa69c46276d3d4de2438de42aefc2ac4636332376d22c7f9c94064bc597,ff4dcaa69c46276d3d4de2438de42aefc2ac4636332376d22c7f9c94064bc597,true
blk.40.attn_v.weight,GGML_Q8_0,GGML_Q8_0,1114112,1114112,b0637b63acce38a64542f921c76b0c93cb9c9ebd35b47453d4484b004c458ca8,b0637b63acce38a64542f921c76b0c93cb9c9ebd35b47453d4484b004c458ca8,true
blk.40.attn_output.weight,GGML_Q8_0,GGML_Q8_0,8912896,8912896,e5ab757ccfe381ccbdcdc2c4bc48054b07358830aa07ae9e2d415b7b931c8aa4,e5ab757ccfe381ccbdcdc2c4bc48054b07358830aa07ae9e2d415b7b931c8aa4,true
blk.40.ffn_gate_exps.weight,GGML_Q4_K,GGML_Q4_K,150994944,150994944,ee9ed86c023cdecc0973d77ffe363968d0635c689b032b8964ab6ea1220b0647,ee9ed86c023cdecc0973d77ffe363968d0635c689b032b8964ab6ea1220b0647,true
blk.40.ffn_gate_inp.weight,BF16,BF16,1048576,1048576,ed592b6a2138228dc40dacc96179ce0c657ebd5c55c92476938c4eb0ede9108c,ed592b6a2138228dc40dacc96179ce0c657ebd5c55c92476938c4eb0ede9108c,true
blk.40.ffn_gate_inp_shexp.weight,BF16,BF16,4096,4096,6cf70655851eae34334fc252072d3d872d908b6ea2479ac45676e667ded61c2e,6cf70655851eae34334fc252072d3d872d908b6ea2479ac45676e667ded61c2e,true
blk.40.ffn_gate_shexp.weight,GGML_Q8_0,GGML_Q8_0,1114112,1114112,4113eba57e32a9f38d3227dd412def0211e870886a77416c2a39da2649377eff,4113eba57e32a9f38d3227dd412def0211e870886a77416c2a39da2649377eff,true
blk.40.ffn_up_exps.weight,GGML_Q4_K,GGML_Q4_K,150994944,150994944,a1bb910c3cba9ff820c742042435d584a0c6256debc7d68a3d20172403fe1059,a1bb910c3cba9ff820c742042435d584a0c6256debc7d68a3d20172403fe1059,true
blk.40.ffn_up_shexp.weight,GGML_Q8_0,GGML_Q8_0,1114112,1114112,9e0fb64f7b94a748e81057209036b9929b7cbc9b7ddad57a7c2c2856967be038,9e0fb64f7b94a748e81057209036b9929b7cbc9b7ddad57a7c2c2856967be038,true
blk.40.ffn_down_exps.weight,GGML_Q5_K,GGML_Q5_K,184549376,184549376,e5a1c5d455d9aee346c48ad0a594612c966f8f31ae45d5144a6b3580d5dfb2d6,e5a1c5d455d9aee346c48ad0a594612c966f8f31ae45d5144a6b3580d5dfb2d6,true
blk.40.ffn_down_shexp.weight,GGML_Q8_0,GGML_Q8_0,1114112,1114112,a43181eb0de549c5d814320a326ec6bdcaea325288c446195d2345b8da93cdc7,a43181eb0de549c5d814320a326ec6bdcaea325288c446195d2345b8da93cdc7,true
blk.40.nextn.eh_proj.weight,GGML_Q8_0,GGML_Q8_0,8912896,8912896,03487220d40e35dcf441ba4ea7ee94ce6cfc13e1983b020cdf6ca29decd10854,03487220d40e35dcf441ba4ea7ee94ce6cfc13e1983b020cdf6ca29decd10854,true
blk.40.nextn.enorm.weight,CanonicalPrimitive,CanonicalPrimitive,8192,8192,0a4310389073ed444876ec823dd27ca3029dc30aeb84487a13b6de4b90ed7717,0a4310389073ed444876ec823dd27ca3029dc30aeb84487a13b6de4b90ed7717,true
blk.40.nextn.hnorm.weight,CanonicalPrimitive,CanonicalPrimitive,8192,8192,6dda2c53989ed9a86757bdccf4427ac84f38c85a1850f5fe04ba5fbdfcb20a1b,6dda2c53989ed9a86757bdccf4427ac84f38c85a1850f5fe04ba5fbdfcb20a1b,true
blk.40.nextn.shared_head_norm.weight,CanonicalPrimitive,CanonicalPrimitive,8192,8192,5fb1b8b3a994fa6a2adb1fd56d660d2ce2cf317e842a311db19e01ded3d27e1b,5fb1b8b3a994fa6a2adb1fd56d660d2ce2cf317e842a311db19e01ded3d27e1b,true
blk.40.post_attention_norm.weight,CanonicalPrimitive,CanonicalPrimitive,8192,8192,c0eb303e03d76e7f7636fc7f178f9d5d4d61297d086e90e26d5eadb89700622c,c0eb303e03d76e7f7636fc7f178f9d5d4d61297d086e90e26d5eadb89700622c,true
output.weight,GGML_Q6_K,GGML_Q6_K,417177600,417177600,122386a599833ffec3a266e48dd8a90aedc65e24c31323ce2388f40d7cc7b30c,122386a599833ffec3a266e48dd8a90aedc65e24c31323ce2388f40d7cc7b30c,true
output_norm.weight,CanonicalPrimitive,CanonicalPrimitive,8192,8192,19f7f87ea054c19dee992e4d1ce5a2d3468b067b9f300fc031e58048f1d750a0,19f7f87ea054c19dee992e4d1ce5a2d3468b067b9f300fc031e58048f1d750a0,true
