block_range=blk.1..blk.8 block_count=8 attention=MLA_NON_SPLIT_KV ffn=real_sparse_top6_shared geometry=2048
fixtures=dtype:F32 dimensions:[2048,1] token0:one_hot(0) token1:one_hot(1) positions:0,1
block_descriptor block=1 tensor_count=14 namespace_base=10000
block_descriptor block=2 tensor_count=14 namespace_base=20000
block_descriptor block=3 tensor_count=14 namespace_base=30000
block_descriptor block=4 tensor_count=14 namespace_base=40000
block_descriptor block=5 tensor_count=14 namespace_base=50000
block_descriptor block=6 tensor_count=14 namespace_base=60000
block_descriptor block=7 tensor_count=14 namespace_base=70000
block_descriptor block=8 tensor_count=14 namespace_base=80000
mode=middle-failure
failure_target_mode=middle-failure target_offset=0
poc17_phase name=cold_token0 event_begin=0
attention_timing tensor=blk.1.attn_norm.weight payload_ready_ns=6964122458176 first_consumer_start_ns=6964250372286 payload_to_first_consumer_ns=127914110
attention_timing tensor=blk.1.attn_q.weight payload_ready_ns=6964445584697 first_consumer_start_ns=6964559844076 payload_to_first_consumer_ns=114259379
attention_timing tensor=blk.1.attn_kv_a_mqa.weight payload_ready_ns=6964757205039 first_consumer_start_ns=6964860972662 payload_to_first_consumer_ns=103767623
attention_timing tensor=blk.1.attn_kv_a_norm.weight payload_ready_ns=6965055717852 first_consumer_start_ns=6965187518532 payload_to_first_consumer_ns=131800680
attention_timing tensor=blk.1.attn_kv_b.weight payload_ready_ns=6965388697375 first_consumer_start_ns=6965514616735 payload_to_first_consumer_ns=125919360
attention_timing tensor=blk.1.attn_output.weight payload_ready_ns=6965739417682 first_consumer_start_ns=6965847032515 payload_to_first_consumer_ns=107614833
token0_blk1 position=0 state_k_positions=1 state_v_positions=1 attention_probs=1,1,1,1,1,1,1,1,1,1,1,1,1,1,1,1,
reference_attention position=0 state_k_positions=1 state_v_positions=1 attention_probs=1,1,1,1,1,1,1,1,1,1,1,1,1,1,1,1,
normalized_input_parity max_abs=0 max_rel=0 mean_abs=0 tolerance=1e-5
router_score_parity max_abs=1.43051e-06 max_rel=2.50091e-05 mean_abs=3.50527e-07 tolerance=1e-5
selected_weight_parity max_abs=7.45058e-08 max_rel=9.6258e-07 mean_abs=5.09123e-08 tolerance=1e-5
token0_blk1 topk_ids=56,11,50,34,3,47 normalized_weights=0.314496,0.213122,0.188313,0.119806,0.0868612,0.0774022,
token0_blk1_routed expert_rank=0 expert_id=56 router_rank=0 graph_created=YES graph_refs=gate:0,up:1,down:2 storage_ref_base=10168 score_preserved=YES
token0_blk1_routed expert_id=56 selected_range tensor=blk.1.ffn_gate_exps.weight offset=135303648 bytes=563200 layout=DIRECT
token0_blk1_routed expert_id=56 selected_range tensor=blk.1.ffn_up_exps.weight offset=171348464 bytes=563200 layout=DIRECT
token0_blk1_routed expert_id=56 selected_range tensor=blk.1.ffn_down_exps.weight offset=266686976 bytes=1622016 layout=DIRECT
token0_blk1_routed prefetch expert_id=56 tensor=blk.1.ffn_gate_exps.weight dependency_distance=0
token0_blk1_routed prefetch expert_id=56 tensor=blk.1.ffn_up_exps.weight dependency_distance=0
token0_blk1_routed prefetch expert_id=56 tensor=blk.1.ffn_down_exps.weight dependency_distance=2
expert_parity max_abs=0 max_rel=0 mean_abs=0 tolerance=1e-5
token0_blk1_routed expert_id=56 consumer_wait=not_instrumented acquire_release=recorded peak_active=1622016 peak_resident=6241280
token0_blk1_routed expert_rank=1 expert_id=11 router_rank=1 graph_created=YES graph_refs=gate:0,up:1,down:2 storage_ref_base=10033 score_preserved=YES
token0_blk1_routed expert_id=11 selected_range tensor=blk.1.ffn_gate_exps.weight offset=109959648 bytes=563200 layout=DIRECT
token0_blk1_routed expert_id=11 selected_range tensor=blk.1.ffn_up_exps.weight offset=146004464 bytes=563200 layout=DIRECT
token0_blk1_routed expert_id=11 selected_range tensor=blk.1.ffn_down_exps.weight offset=193696256 bytes=1622016 layout=DIRECT
token0_blk1_routed prefetch expert_id=11 tensor=blk.1.ffn_gate_exps.weight dependency_distance=0
token0_blk1_routed prefetch expert_id=11 tensor=blk.1.ffn_up_exps.weight dependency_distance=0
token0_blk1_routed prefetch expert_id=11 tensor=blk.1.ffn_down_exps.weight dependency_distance=2
expert_parity max_abs=0 max_rel=0 mean_abs=0 tolerance=1e-5
token0_blk1_routed expert_id=11 consumer_wait=not_instrumented acquire_release=recorded peak_active=1622016 peak_resident=7752704
token0_blk1_routed expert_rank=2 expert_id=50 router_rank=2 graph_created=YES graph_refs=gate:0,up:1,down:2 storage_ref_base=10150 score_preserved=YES
token0_blk1_routed expert_id=50 selected_range tensor=blk.1.ffn_gate_exps.weight offset=131924448 bytes=563200 layout=DIRECT
token0_blk1_routed expert_id=50 selected_range tensor=blk.1.ffn_up_exps.weight offset=167969264 bytes=563200 layout=DIRECT
token0_blk1_routed expert_id=50 selected_range tensor=blk.1.ffn_down_exps.weight offset=256954880 bytes=1622016 layout=DIRECT
token0_blk1_routed prefetch expert_id=50 tensor=blk.1.ffn_gate_exps.weight dependency_distance=0
token0_blk1_routed prefetch expert_id=50 tensor=blk.1.ffn_up_exps.weight dependency_distance=0
token0_blk1_routed prefetch expert_id=50 tensor=blk.1.ffn_down_exps.weight dependency_distance=2
expert_parity max_abs=0 max_rel=0 mean_abs=0 tolerance=1e-5
token0_blk1_routed expert_id=50 consumer_wait=not_instrumented acquire_release=recorded peak_active=1622016 peak_resident=8245248
token0_blk1_routed expert_rank=3 expert_id=34 router_rank=3 graph_created=YES graph_refs=gate:0,up:1,down:2 storage_ref_base=10102 score_preserved=YES
token0_blk1_routed expert_id=34 selected_range tensor=blk.1.ffn_gate_exps.weight offset=122913248 bytes=563200 layout=DIRECT
token0_blk1_routed expert_id=34 selected_range tensor=blk.1.ffn_up_exps.weight offset=158958064 bytes=563200 layout=DIRECT
token0_blk1_routed expert_id=34 selected_range tensor=blk.1.ffn_down_exps.weight offset=231002624 bytes=1622016 layout=DIRECT
token0_blk1_routed prefetch expert_id=34 tensor=blk.1.ffn_gate_exps.weight dependency_distance=0
token0_blk1_routed prefetch expert_id=34 tensor=blk.1.ffn_up_exps.weight dependency_distance=0
token0_blk1_routed prefetch expert_id=34 tensor=blk.1.ffn_down_exps.weight dependency_distance=2
expert_parity max_abs=0 max_rel=0 mean_abs=0 tolerance=1e-5
token0_blk1_routed expert_id=34 consumer_wait=not_instrumented acquire_release=recorded peak_active=1622016 peak_resident=8245248
token0_blk1_routed expert_rank=4 expert_id=3 router_rank=4 graph_created=YES graph_refs=gate:0,up:1,down:2 storage_ref_base=10009 score_preserved=YES
token0_blk1_routed expert_id=3 selected_range tensor=blk.1.ffn_gate_exps.weight offset=105454048 bytes=563200 layout=DIRECT
token0_blk1_routed expert_id=3 selected_range tensor=blk.1.ffn_up_exps.weight offset=141498864 bytes=563200 layout=DIRECT
token0_blk1_routed expert_id=3 selected_range tensor=blk.1.ffn_down_exps.weight offset=180720128 bytes=1622016 layout=DIRECT
token0_blk1_routed prefetch expert_id=3 tensor=blk.1.ffn_gate_exps.weight dependency_distance=0
token0_blk1_routed prefetch expert_id=3 tensor=blk.1.ffn_up_exps.weight dependency_distance=0
token0_blk1_routed prefetch expert_id=3 tensor=blk.1.ffn_down_exps.weight dependency_distance=2
expert_parity max_abs=0 max_rel=0 mean_abs=0 tolerance=1e-5
token0_blk1_routed expert_id=3 consumer_wait=not_instrumented acquire_release=recorded peak_active=1622016 peak_resident=8245248
token0_blk1_routed expert_rank=5 expert_id=47 router_rank=5 graph_created=YES graph_refs=gate:0,up:1,down:2 storage_ref_base=10141 score_preserved=YES
token0_blk1_routed expert_id=47 selected_range tensor=blk.1.ffn_gate_exps.weight offset=130234848 bytes=563200 layout=DIRECT
token0_blk1_routed expert_id=47 selected_range tensor=blk.1.ffn_up_exps.weight offset=166279664 bytes=563200 layout=DIRECT
token0_blk1_routed expert_id=47 selected_range tensor=blk.1.ffn_down_exps.weight offset=252088832 bytes=1622016 layout=DIRECT
token0_blk1_routed prefetch expert_id=47 tensor=blk.1.ffn_gate_exps.weight dependency_distance=0
token0_blk1_routed prefetch expert_id=47 tensor=blk.1.ffn_up_exps.weight dependency_distance=0
token0_blk1_routed prefetch expert_id=47 tensor=blk.1.ffn_down_exps.weight dependency_distance=2
expert_parity max_abs=0 max_rel=0 mean_abs=0 tolerance=1e-5
token0_blk1_routed expert_id=47 consumer_wait=not_instrumented acquire_release=recorded peak_active=1622016 peak_resident=8245248
token0_blk1_routed residency_hits=36 residency_misses=42 source_reads=18 materialization_requests=18 source_policy_calls=18 evictions=17 resident_tensors_after=9
routed_merge_parity max_abs=0 max_rel=0 mean_abs=0 tolerance=1e-5
shared_expert_parity max_abs=0 max_rel=0 mean_abs=0 tolerance=1e-5
pre_residual_composition_parity max_abs=0 max_rel=0 mean_abs=0 tolerance=1e-5
final_layer_parity max_abs=0 max_rel=0 mean_abs=0 tolerance=1e-5
token0_blk1 shared_expert=REQUIRED shared_graph_created=YES residual_add=YES final_composition=PASS
ffn_timing tensor=blk.1.ffn_gate_inp.weight payload_ready_ns=6966354625904 first_consumer_start_ns=6966487476050 payload_to_first_consumer_ns=132850146
ffn_timing tensor=blk.1.ffn_gate_shexp.weight payload_ready_ns=6972467183192 first_consumer_start_ns=6972583894693 payload_to_first_consumer_ns=116711501
ffn_timing tensor=blk.1.ffn_gate_exps.weight payload_ready_ns=6966677263353 first_consumer_start_ns=6966825314109 payload_to_first_consumer_ns=148050756
token0_blk1 full_layer_residency_hits=46 misses=51 evictions=23 source_reads=23 source_bytes=21168128 materialization_requests=23 resident_tensors_after=6
token0_blk1 full_layer_peak_active_persistent_bytes=1892352 full_layer_peak_resident_bytes=8245248
token0_blk1 first_payload_to_shared_compute_start_ns=6356352004 execution_ready_to_consumer_ns=NOT_INSTRUMENTED payload_to_first_useful_compute=NOT_INSTRUMENTED
normalized_input_parity max_abs=0 max_rel=0 mean_abs=0 tolerance=1e-5
router_score_parity max_abs=1.43051e-06 max_rel=2.50091e-05 mean_abs=3.50527e-07 tolerance=1e-5
selected_weight_parity max_abs=7.45058e-08 max_rel=9.6258e-07 mean_abs=5.09123e-08 tolerance=1e-5
reference_token0_blk1 topk_ids=56,11,50,34,3,47 normalized_weights=0.314496,0.213122,0.188313,0.119806,0.0868612,0.0774022,
reference_token0_blk1_routed expert_rank=0 expert_id=56 router_rank=0 graph_created=YES graph_refs=gate:0,up:1,down:2 storage_ref_base=10168 score_preserved=YES
reference_token0_blk1_routed expert_id=56 selected_range tensor=blk.1.ffn_gate_exps.weight offset=135303648 bytes=563200 layout=DIRECT
reference_token0_blk1_routed expert_id=56 selected_range tensor=blk.1.ffn_up_exps.weight offset=171348464 bytes=563200 layout=DIRECT
reference_token0_blk1_routed expert_id=56 selected_range tensor=blk.1.ffn_down_exps.weight offset=266686976 bytes=1622016 layout=DIRECT
reference_token0_blk1_routed prefetch expert_id=56 tensor=blk.1.ffn_gate_exps.weight dependency_distance=0
reference_token0_blk1_routed prefetch expert_id=56 tensor=blk.1.ffn_up_exps.weight dependency_distance=0
reference_token0_blk1_routed prefetch expert_id=56 tensor=blk.1.ffn_down_exps.weight dependency_distance=2
expert_parity max_abs=0 max_rel=0 mean_abs=0 tolerance=1e-5
reference_token0_blk1_routed expert_id=56 consumer_wait=not_instrumented acquire_release=recorded peak_active=1622016 peak_resident=3280896
reference_token0_blk1_routed expert_rank=1 expert_id=11 router_rank=1 graph_created=YES graph_refs=gate:0,up:1,down:2 storage_ref_base=10033 score_preserved=YES
reference_token0_blk1_routed expert_id=11 selected_range tensor=blk.1.ffn_gate_exps.weight offset=109959648 bytes=563200 layout=DIRECT
reference_token0_blk1_routed expert_id=11 selected_range tensor=blk.1.ffn_up_exps.weight offset=146004464 bytes=563200 layout=DIRECT
reference_token0_blk1_routed expert_id=11 selected_range tensor=blk.1.ffn_down_exps.weight offset=193696256 bytes=1622016 layout=DIRECT
reference_token0_blk1_routed prefetch expert_id=11 tensor=blk.1.ffn_gate_exps.weight dependency_distance=0
reference_token0_blk1_routed prefetch expert_id=11 tensor=blk.1.ffn_up_exps.weight dependency_distance=0
reference_token0_blk1_routed prefetch expert_id=11 tensor=blk.1.ffn_down_exps.weight dependency_distance=2
expert_parity max_abs=0 max_rel=0 mean_abs=0 tolerance=1e-5
reference_token0_blk1_routed expert_id=11 consumer_wait=not_instrumented acquire_release=recorded peak_active=1622016 peak_resident=6029312
reference_token0_blk1_routed expert_rank=2 expert_id=50 router_rank=2 graph_created=YES graph_refs=gate:0,up:1,down:2 storage_ref_base=10150 score_preserved=YES
reference_token0_blk1_routed expert_id=50 selected_range tensor=blk.1.ffn_gate_exps.weight offset=131924448 bytes=563200 layout=DIRECT
reference_token0_blk1_routed expert_id=50 selected_range tensor=blk.1.ffn_up_exps.weight offset=167969264 bytes=563200 layout=DIRECT
reference_token0_blk1_routed expert_id=50 selected_range tensor=blk.1.ffn_down_exps.weight offset=256954880 bytes=1622016 layout=DIRECT
reference_token0_blk1_routed prefetch expert_id=50 tensor=blk.1.ffn_gate_exps.weight dependency_distance=0
reference_token0_blk1_routed prefetch expert_id=50 tensor=blk.1.ffn_up_exps.weight dependency_distance=0
reference_token0_blk1_routed prefetch expert_id=50 tensor=blk.1.ffn_down_exps.weight dependency_distance=2
expert_parity max_abs=0 max_rel=0 mean_abs=0 tolerance=1e-5
reference_token0_blk1_routed expert_id=50 consumer_wait=not_instrumented acquire_release=recorded peak_active=1622016 peak_resident=8245248
reference_token0_blk1_routed expert_rank=3 expert_id=34 router_rank=3 graph_created=YES graph_refs=gate:0,up:1,down:2 storage_ref_base=10102 score_preserved=YES
reference_token0_blk1_routed expert_id=34 selected_range tensor=blk.1.ffn_gate_exps.weight offset=122913248 bytes=563200 layout=DIRECT
reference_token0_blk1_routed expert_id=34 selected_range tensor=blk.1.ffn_up_exps.weight offset=158958064 bytes=563200 layout=DIRECT
reference_token0_blk1_routed expert_id=34 selected_range tensor=blk.1.ffn_down_exps.weight offset=231002624 bytes=1622016 layout=DIRECT
reference_token0_blk1_routed prefetch expert_id=34 tensor=blk.1.ffn_gate_exps.weight dependency_distance=0
reference_token0_blk1_routed prefetch expert_id=34 tensor=blk.1.ffn_up_exps.weight dependency_distance=0
reference_token0_blk1_routed prefetch expert_id=34 tensor=blk.1.ffn_down_exps.weight dependency_distance=2
expert_parity max_abs=0 max_rel=0 mean_abs=0 tolerance=1e-5
reference_token0_blk1_routed expert_id=34 consumer_wait=not_instrumented acquire_release=recorded peak_active=1622016 peak_resident=8245248
reference_token0_blk1_routed expert_rank=4 expert_id=3 router_rank=4 graph_created=YES graph_refs=gate:0,up:1,down:2 storage_ref_base=10009 score_preserved=YES
reference_token0_blk1_routed expert_id=3 selected_range tensor=blk.1.ffn_gate_exps.weight offset=105454048 bytes=563200 layout=DIRECT
reference_token0_blk1_routed expert_id=3 selected_range tensor=blk.1.ffn_up_exps.weight offset=141498864 bytes=563200 layout=DIRECT
reference_token0_blk1_routed expert_id=3 selected_range tensor=blk.1.ffn_down_exps.weight offset=180720128 bytes=1622016 layout=DIRECT
reference_token0_blk1_routed prefetch expert_id=3 tensor=blk.1.ffn_gate_exps.weight dependency_distance=0
reference_token0_blk1_routed prefetch expert_id=3 tensor=blk.1.ffn_up_exps.weight dependency_distance=0
reference_token0_blk1_routed prefetch expert_id=3 tensor=blk.1.ffn_down_exps.weight dependency_distance=2
expert_parity max_abs=0 max_rel=0 mean_abs=0 tolerance=1e-5
reference_token0_blk1_routed expert_id=3 consumer_wait=not_instrumented acquire_release=recorded peak_active=1622016 peak_resident=8245248
reference_token0_blk1_routed expert_rank=5 expert_id=47 router_rank=5 graph_created=YES graph_refs=gate:0,up:1,down:2 storage_ref_base=10141 score_preserved=YES
reference_token0_blk1_routed expert_id=47 selected_range tensor=blk.1.ffn_gate_exps.weight offset=130234848 bytes=563200 layout=DIRECT
reference_token0_blk1_routed expert_id=47 selected_range tensor=blk.1.ffn_up_exps.weight offset=166279664 bytes=563200 layout=DIRECT
reference_token0_blk1_routed expert_id=47 selected_range tensor=blk.1.ffn_down_exps.weight offset=252088832 bytes=1622016 layout=DIRECT
reference_token0_blk1_routed prefetch expert_id=47 tensor=blk.1.ffn_gate_exps.weight dependency_distance=0
reference_token0_blk1_routed prefetch expert_id=47 tensor=blk.1.ffn_up_exps.weight dependency_distance=0
reference_token0_blk1_routed prefetch expert_id=47 tensor=blk.1.ffn_down_exps.weight dependency_distance=2
expert_parity max_abs=0 max_rel=0 mean_abs=0 tolerance=1e-5
reference_token0_blk1_routed expert_id=47 consumer_wait=not_instrumented acquire_release=recorded peak_active=1622016 peak_resident=8245248
reference_token0_blk1_routed residency_hits=36 residency_misses=42 source_reads=18 materialization_requests=18 source_policy_calls=18 evictions=11 resident_tensors_after=9
routed_merge_parity max_abs=0 max_rel=0 mean_abs=0 tolerance=1e-5
shared_expert_parity max_abs=0 max_rel=0 mean_abs=0 tolerance=1e-5
pre_residual_composition_parity max_abs=0 max_rel=0 mean_abs=0 tolerance=1e-5
final_layer_parity max_abs=0 max_rel=0 mean_abs=0 tolerance=1e-5
reference_token0_blk1 shared_expert=REQUIRED shared_graph_created=YES residual_add=YES final_composition=PASS
ffn_timing tensor=blk.1.ffn_gate_inp.weight payload_ready_ns=6973689268519 first_consumer_start_ns=6973830461729 payload_to_first_consumer_ns=141193210
ffn_timing tensor=blk.1.ffn_gate_shexp.weight payload_ready_ns=6979860512992 first_consumer_start_ns=6979987992422 payload_to_first_consumer_ns=127479430
ffn_timing tensor=blk.1.ffn_gate_exps.weight payload_ready_ns=6974010639644 first_consumer_start_ns=6974134887865 payload_to_first_consumer_ns=124248221
reference_token0_blk1 full_layer_residency_hits=46 misses=51 evictions=17 source_reads=23 source_bytes=21168128 materialization_requests=23 resident_tensors_after=6
reference_token0_blk1 full_layer_peak_active_persistent_bytes=1892352 full_layer_peak_resident_bytes=8245248
reference_token0_blk1 first_payload_to_shared_compute_start_ns=6377911077 execution_ready_to_consumer_ns=NOT_INSTRUMENTED payload_to_first_useful_compute=NOT_INSTRUMENTED
token0_blk1_attention_parity max_abs=0 max_rel=0 mean_abs=0 tolerance=1e-5
token0_blk1_block_parity max_abs=0 max_rel=0 mean_abs=0 tolerance=1e-5
token0 block_handoff block=2 handoff_ns=102211 activation_copy_bytes=0
attention_timing tensor=blk.1.attn_norm.weight payload_ready_ns=6964122458176 first_consumer_start_ns=6980962950379 payload_to_first_consumer_ns=16840492203
attention_timing tensor=blk.1.attn_q.weight payload_ready_ns=6964445584697 first_consumer_start_ns=6981325096160 payload_to_first_consumer_ns=16879511463
attention_timing tensor=blk.1.attn_kv_a_mqa.weight payload_ready_ns=6964757205039 first_consumer_start_ns=6981682237295 payload_to_first_consumer_ns=16925032256
attention_timing tensor=blk.1.attn_kv_a_norm.weight payload_ready_ns=6965055717852 first_consumer_start_ns=6982038834157 payload_to_first_consumer_ns=16983116305
attention_timing tensor=blk.1.attn_kv_b.weight payload_ready_ns=6965388697375 first_consumer_start_ns=6982379800907 payload_to_first_consumer_ns=16991103532
attention_timing tensor=blk.1.attn_output.weight payload_ready_ns=6965739417682 first_consumer_start_ns=6982727779295 payload_to_first_consumer_ns=16988361613
token0_blk2 position=0 state_k_positions=1 state_v_positions=1 attention_probs=1,1,1,1,1,1,1,1,1,1,1,1,1,1,1,1,
reference_attention position=0 state_k_positions=1 state_v_positions=1 attention_probs=1,1,1,1,1,1,1,1,1,1,1,1,1,1,1,1,
normalized_input_parity max_abs=0 max_rel=0 mean_abs=0 tolerance=1e-5
router_score_parity max_abs=1.66893e-06 max_rel=5.85471e-06 mean_abs=4.32396e-07 tolerance=1e-5
selected_weight_parity max_abs=1.78814e-07 max_rel=1.10721e-06 mean_abs=1.16726e-07 tolerance=1e-5
token0_blk2 topk_ids=18,37,53,44,23,61 normalized_weights=0.364895,0.165983,0.145671,0.134583,0.100169,0.0887,
token0_blk2_routed expert_rank=0 expert_id=18 router_rank=0 graph_created=YES graph_refs=gate:0,up:1,down:2 storage_ref_base=20054 score_preserved=YES
token0_blk2_routed expert_id=18 selected_range tensor=blk.1.ffn_gate_exps.weight offset=296672936 bytes=563200 layout=DIRECT
token0_blk2_routed expert_id=18 selected_range tensor=blk.1.ffn_up_exps.weight offset=332717752 bytes=563200 layout=DIRECT
token0_blk2_routed expert_id=18 selected_range tensor=blk.1.ffn_down_exps.weight offset=387821256 bytes=1622016 layout=DIRECT
token0_blk2_routed prefetch expert_id=18 tensor=blk.1.ffn_gate_exps.weight dependency_distance=0
token0_blk2_routed prefetch expert_id=18 tensor=blk.1.ffn_up_exps.weight dependency_distance=0
token0_blk2_routed prefetch expert_id=18 tensor=blk.1.ffn_down_exps.weight dependency_distance=2
expert_parity max_abs=0 max_rel=0 mean_abs=0 tolerance=1e-5
token0_blk2_routed expert_id=18 consumer_wait=not_instrumented acquire_release=recorded peak_active=1622016 peak_resident=8133632
token0_blk2_routed expert_rank=1 expert_id=37 router_rank=1 graph_created=YES graph_refs=gate:0,up:1,down:2 storage_ref_base=20111 score_preserved=YES
token0_blk2_routed expert_id=37 selected_range tensor=blk.1.ffn_gate_exps.weight offset=307373736 bytes=563200 layout=DIRECT
token0_blk2_routed expert_id=37 selected_range tensor=blk.1.ffn_up_exps.weight offset=343418552 bytes=563200 layout=DIRECT
token0_blk2_routed expert_id=37 selected_range tensor=blk.1.ffn_down_exps.weight offset=418639560 bytes=1622016 layout=DIRECT
token0_blk2_routed prefetch expert_id=37 tensor=blk.1.ffn_gate_exps.weight dependency_distance=0
token0_blk2_routed prefetch expert_id=37 tensor=blk.1.ffn_up_exps.weight dependency_distance=0
token0_blk2_routed prefetch expert_id=37 tensor=blk.1.ffn_down_exps.weight dependency_distance=2
expert_parity max_abs=0 max_rel=0 mean_abs=0 tolerance=1e-5
token0_blk2_routed expert_id=37 consumer_wait=not_instrumented acquire_release=recorded peak_active=1622016 peak_resident=7752704
token0_blk2_routed expert_rank=2 expert_id=53 router_rank=2 graph_created=YES graph_refs=gate:0,up:1,down:2 storage_ref_base=20159 score_preserved=YES
token0_blk2_routed expert_id=53 selected_range tensor=blk.1.ffn_gate_exps.weight offset=316384936 bytes=563200 layout=DIRECT
token0_blk2_routed expert_id=53 selected_range tensor=blk.1.ffn_up_exps.weight offset=352429752 bytes=563200 layout=DIRECT
token0_blk2_routed expert_id=53 selected_range tensor=blk.1.ffn_down_exps.weight offset=444591816 bytes=1622016 layout=DIRECT
token0_blk2_routed prefetch expert_id=53 tensor=blk.1.ffn_gate_exps.weight dependency_distance=0
token0_blk2_routed prefetch expert_id=53 tensor=blk.1.ffn_up_exps.weight dependency_distance=0
token0_blk2_routed prefetch expert_id=53 tensor=blk.1.ffn_down_exps.weight dependency_distance=2
expert_parity max_abs=0 max_rel=0 mean_abs=0 tolerance=1e-5
token0_blk2_routed expert_id=53 consumer_wait=not_instrumented acquire_release=recorded peak_active=1622016 peak_resident=8245248
token0_blk2_routed expert_rank=3 expert_id=44 router_rank=3 graph_created=YES graph_refs=gate:0,up:1,down:2 storage_ref_base=20132 score_preserved=YES
token0_blk2_routed expert_id=44 selected_range tensor=blk.1.ffn_gate_exps.weight offset=311316136 bytes=563200 layout=DIRECT
token0_blk2_routed expert_id=44 selected_range tensor=blk.1.ffn_up_exps.weight offset=347360952 bytes=563200 layout=DIRECT
token0_blk2_routed expert_id=44 selected_range tensor=blk.1.ffn_down_exps.weight offset=429993672 bytes=1622016 layout=DIRECT
token0_blk2_routed prefetch expert_id=44 tensor=blk.1.ffn_gate_exps.weight dependency_distance=0
token0_blk2_routed prefetch expert_id=44 tensor=blk.1.ffn_up_exps.weight dependency_distance=0
token0_blk2_routed prefetch expert_id=44 tensor=blk.1.ffn_down_exps.weight dependency_distance=2
expert_parity max_abs=0 max_rel=0 mean_abs=0 tolerance=1e-5
token0_blk2_routed expert_id=44 consumer_wait=not_instrumented acquire_release=recorded peak_active=1622016 peak_resident=8245248
token0_blk2_routed expert_rank=4 expert_id=23 router_rank=4 graph_created=YES graph_refs=gate:0,up:1,down:2 storage_ref_base=20069 score_preserved=YES
token0_blk2_routed expert_id=23 selected_range tensor=blk.1.ffn_gate_exps.weight offset=299488936 bytes=563200 layout=DIRECT
token0_blk2_routed expert_id=23 selected_range tensor=blk.1.ffn_up_exps.weight offset=335533752 bytes=563200 layout=DIRECT
token0_blk2_routed expert_id=23 selected_range tensor=blk.1.ffn_down_exps.weight offset=395931336 bytes=1622016 layout=DIRECT
token0_blk2_routed prefetch expert_id=23 tensor=blk.1.ffn_gate_exps.weight dependency_distance=0
token0_blk2_routed prefetch expert_id=23 tensor=blk.1.ffn_up_exps.weight dependency_distance=0
token0_blk2_routed prefetch expert_id=23 tensor=blk.1.ffn_down_exps.weight dependency_distance=2
expert_parity max_abs=0 max_rel=0 mean_abs=0 tolerance=1e-5
token0_blk2_routed expert_id=23 consumer_wait=not_instrumented acquire_release=recorded peak_active=1622016 peak_resident=8245248
token0_blk2_routed expert_rank=5 expert_id=61 router_rank=5 graph_created=YES graph_refs=gate:0,up:1,down:2 storage_ref_base=20183 score_preserved=YES
token0_blk2_routed expert_id=61 selected_range tensor=blk.1.ffn_gate_exps.weight offset=320890536 bytes=563200 layout=DIRECT
token0_blk2_routed expert_id=61 selected_range tensor=blk.1.ffn_up_exps.weight offset=356935352 bytes=563200 layout=DIRECT
token0_blk2_routed expert_id=61 selected_range tensor=blk.1.ffn_down_exps.weight offset=457567944 bytes=1622016 layout=DIRECT
token0_blk2_routed prefetch expert_id=61 tensor=blk.1.ffn_gate_exps.weight dependency_distance=0
token0_blk2_routed prefetch expert_id=61 tensor=blk.1.ffn_up_exps.weight dependency_distance=0
token0_blk2_routed prefetch expert_id=61 tensor=blk.1.ffn_down_exps.weight dependency_distance=2
expert_parity max_abs=0 max_rel=0 mean_abs=0 tolerance=1e-5
token0_blk2_routed expert_id=61 consumer_wait=not_instrumented acquire_release=recorded peak_active=1622016 peak_resident=8245248
token0_blk2_routed residency_hits=36 residency_misses=42 source_reads=18 materialization_requests=18 source_policy_calls=18 evictions=20 resident_tensors_after=9
routed_merge_parity max_abs=0 max_rel=0 mean_abs=0 tolerance=1e-5
shared_expert_parity max_abs=0 max_rel=0 mean_abs=0 tolerance=1e-5
pre_residual_composition_parity max_abs=0 max_rel=0 mean_abs=0 tolerance=1e-5
final_layer_parity max_abs=0 max_rel=0 mean_abs=0 tolerance=1e-5
token0_blk2 shared_expert=REQUIRED shared_graph_created=YES residual_add=YES final_composition=PASS
ffn_timing tensor=blk.1.ffn_gate_inp.weight payload_ready_ns=6983268013181 first_consumer_start_ns=6983388068842 payload_to_first_consumer_ns=120055661
ffn_timing tensor=blk.1.ffn_gate_shexp.weight payload_ready_ns=6989483649298 first_consumer_start_ns=6989626412168 payload_to_first_consumer_ns=142762870
ffn_timing tensor=blk.1.ffn_gate_exps.weight payload_ready_ns=6983601886225 first_consumer_start_ns=6983713239909 payload_to_first_consumer_ns=111353684
token0_blk2 full_layer_residency_hits=46 misses=51 evictions=24 source_reads=23 source_bytes=20402176 materialization_requests=23 resident_tensors_after=8
token0_blk2 full_layer_peak_active_persistent_bytes=1622016 full_layer_peak_resident_bytes=8312832
token0_blk2 first_payload_to_shared_compute_start_ns=6501794849 execution_ready_to_consumer_ns=NOT_INSTRUMENTED payload_to_first_useful_compute=NOT_INSTRUMENTED
normalized_input_parity max_abs=0 max_rel=0 mean_abs=0 tolerance=1e-5
router_score_parity max_abs=1.66893e-06 max_rel=5.85471e-06 mean_abs=4.32396e-07 tolerance=1e-5
selected_weight_parity max_abs=1.78814e-07 max_rel=1.10721e-06 mean_abs=1.16726e-07 tolerance=1e-5
reference_token0_blk2 topk_ids=18,37,53,44,23,61 normalized_weights=0.364895,0.165983,0.145671,0.134583,0.100169,0.0887,
reference_token0_blk2_routed expert_rank=0 expert_id=18 router_rank=0 graph_created=YES graph_refs=gate:0,up:1,down:2 storage_ref_base=20054 score_preserved=YES
reference_token0_blk2_routed expert_id=18 selected_range tensor=blk.1.ffn_gate_exps.weight offset=296672936 bytes=563200 layout=DIRECT
reference_token0_blk2_routed expert_id=18 selected_range tensor=blk.1.ffn_up_exps.weight offset=332717752 bytes=563200 layout=DIRECT
reference_token0_blk2_routed expert_id=18 selected_range tensor=blk.1.ffn_down_exps.weight offset=387821256 bytes=1622016 layout=DIRECT
reference_token0_blk2_routed prefetch expert_id=18 tensor=blk.1.ffn_gate_exps.weight dependency_distance=0
reference_token0_blk2_routed prefetch expert_id=18 tensor=blk.1.ffn_up_exps.weight dependency_distance=0
reference_token0_blk2_routed prefetch expert_id=18 tensor=blk.1.ffn_down_exps.weight dependency_distance=2
expert_parity max_abs=0 max_rel=0 mean_abs=0 tolerance=1e-5
reference_token0_blk2_routed expert_id=18 consumer_wait=not_instrumented acquire_release=recorded peak_active=1622016 peak_resident=3280896
reference_token0_blk2_routed expert_rank=1 expert_id=37 router_rank=1 graph_created=YES graph_refs=gate:0,up:1,down:2 storage_ref_base=20111 score_preserved=YES
reference_token0_blk2_routed expert_id=37 selected_range tensor=blk.1.ffn_gate_exps.weight offset=307373736 bytes=563200 layout=DIRECT
reference_token0_blk2_routed expert_id=37 selected_range tensor=blk.1.ffn_up_exps.weight offset=343418552 bytes=563200 layout=DIRECT
reference_token0_blk2_routed expert_id=37 selected_range tensor=blk.1.ffn_down_exps.weight offset=418639560 bytes=1622016 layout=DIRECT
reference_token0_blk2_routed prefetch expert_id=37 tensor=blk.1.ffn_gate_exps.weight dependency_distance=0
reference_token0_blk2_routed prefetch expert_id=37 tensor=blk.1.ffn_up_exps.weight dependency_distance=0
reference_token0_blk2_routed prefetch expert_id=37 tensor=blk.1.ffn_down_exps.weight dependency_distance=2
expert_parity max_abs=0 max_rel=0 mean_abs=0 tolerance=1e-5
reference_token0_blk2_routed expert_id=37 consumer_wait=not_instrumented acquire_release=recorded peak_active=1622016 peak_resident=6029312
reference_token0_blk2_routed expert_rank=2 expert_id=53 router_rank=2 graph_created=YES graph_refs=gate:0,up:1,down:2 storage_ref_base=20159 score_preserved=YES
reference_token0_blk2_routed expert_id=53 selected_range tensor=blk.1.ffn_gate_exps.weight offset=316384936 bytes=563200 layout=DIRECT
reference_token0_blk2_routed expert_id=53 selected_range tensor=blk.1.ffn_up_exps.weight offset=352429752 bytes=563200 layout=DIRECT
reference_token0_blk2_routed expert_id=53 selected_range tensor=blk.1.ffn_down_exps.weight offset=444591816 bytes=1622016 layout=DIRECT
reference_token0_blk2_routed prefetch expert_id=53 tensor=blk.1.ffn_gate_exps.weight dependency_distance=0
reference_token0_blk2_routed prefetch expert_id=53 tensor=blk.1.ffn_up_exps.weight dependency_distance=0
reference_token0_blk2_routed prefetch expert_id=53 tensor=blk.1.ffn_down_exps.weight dependency_distance=2
expert_parity max_abs=0 max_rel=0 mean_abs=0 tolerance=1e-5
reference_token0_blk2_routed expert_id=53 consumer_wait=not_instrumented acquire_release=recorded peak_active=1622016 peak_resident=8245248
reference_token0_blk2_routed expert_rank=3 expert_id=44 router_rank=3 graph_created=YES graph_refs=gate:0,up:1,down:2 storage_ref_base=20132 score_preserved=YES
reference_token0_blk2_routed expert_id=44 selected_range tensor=blk.1.ffn_gate_exps.weight offset=311316136 bytes=563200 layout=DIRECT
reference_token0_blk2_routed expert_id=44 selected_range tensor=blk.1.ffn_up_exps.weight offset=347360952 bytes=563200 layout=DIRECT
reference_token0_blk2_routed expert_id=44 selected_range tensor=blk.1.ffn_down_exps.weight offset=429993672 bytes=1622016 layout=DIRECT
reference_token0_blk2_routed prefetch expert_id=44 tensor=blk.1.ffn_gate_exps.weight dependency_distance=0
reference_token0_blk2_routed prefetch expert_id=44 tensor=blk.1.ffn_up_exps.weight dependency_distance=0
reference_token0_blk2_routed prefetch expert_id=44 tensor=blk.1.ffn_down_exps.weight dependency_distance=2
expert_parity max_abs=0 max_rel=0 mean_abs=0 tolerance=1e-5
reference_token0_blk2_routed expert_id=44 consumer_wait=not_instrumented acquire_release=recorded peak_active=1622016 peak_resident=8245248
reference_token0_blk2_routed expert_rank=4 expert_id=23 router_rank=4 graph_created=YES graph_refs=gate:0,up:1,down:2 storage_ref_base=20069 score_preserved=YES
reference_token0_blk2_routed expert_id=23 selected_range tensor=blk.1.ffn_gate_exps.weight offset=299488936 bytes=563200 layout=DIRECT
reference_token0_blk2_routed expert_id=23 selected_range tensor=blk.1.ffn_up_exps.weight offset=335533752 bytes=563200 layout=DIRECT
reference_token0_blk2_routed expert_id=23 selected_range tensor=blk.1.ffn_down_exps.weight offset=395931336 bytes=1622016 layout=DIRECT
reference_token0_blk2_routed prefetch expert_id=23 tensor=blk.1.ffn_gate_exps.weight dependency_distance=0
reference_token0_blk2_routed prefetch expert_id=23 tensor=blk.1.ffn_up_exps.weight dependency_distance=0
reference_token0_blk2_routed prefetch expert_id=23 tensor=blk.1.ffn_down_exps.weight dependency_distance=2
expert_parity max_abs=0 max_rel=0 mean_abs=0 tolerance=1e-5
reference_token0_blk2_routed expert_id=23 consumer_wait=not_instrumented acquire_release=recorded peak_active=1622016 peak_resident=8245248
reference_token0_blk2_routed expert_rank=5 expert_id=61 router_rank=5 graph_created=YES graph_refs=gate:0,up:1,down:2 storage_ref_base=20183 score_preserved=YES
reference_token0_blk2_routed expert_id=61 selected_range tensor=blk.1.ffn_gate_exps.weight offset=320890536 bytes=563200 layout=DIRECT
reference_token0_blk2_routed expert_id=61 selected_range tensor=blk.1.ffn_up_exps.weight offset=356935352 bytes=563200 layout=DIRECT
reference_token0_blk2_routed expert_id=61 selected_range tensor=blk.1.ffn_down_exps.weight offset=457567944 bytes=1622016 layout=DIRECT
reference_token0_blk2_routed prefetch expert_id=61 tensor=blk.1.ffn_gate_exps.weight dependency_distance=0
reference_token0_blk2_routed prefetch expert_id=61 tensor=blk.1.ffn_up_exps.weight dependency_distance=0
reference_token0_blk2_routed prefetch expert_id=61 tensor=blk.1.ffn_down_exps.weight dependency_distance=2
expert_parity max_abs=0 max_rel=0 mean_abs=0 tolerance=1e-5
reference_token0_blk2_routed expert_id=61 consumer_wait=not_instrumented acquire_release=recorded peak_active=1622016 peak_resident=8245248
reference_token0_blk2_routed residency_hits=36 residency_misses=42 source_reads=18 materialization_requests=18 source_policy_calls=18 evictions=11 resident_tensors_after=9
routed_merge_parity max_abs=0 max_rel=0 mean_abs=0 tolerance=1e-5
shared_expert_parity max_abs=0 max_rel=0 mean_abs=0 tolerance=1e-5
pre_residual_composition_parity max_abs=0 max_rel=0 mean_abs=0 tolerance=1e-5
final_layer_parity max_abs=0 max_rel=0 mean_abs=0 tolerance=1e-5
reference_token0_blk2 shared_expert=REQUIRED shared_graph_created=YES residual_add=YES final_composition=PASS
ffn_timing tensor=blk.1.ffn_gate_inp.weight payload_ready_ns=6990820847887 first_consumer_start_ns=6990969087477 payload_to_first_consumer_ns=148239590
ffn_timing tensor=blk.1.ffn_gate_shexp.weight payload_ready_ns=6997082999707 first_consumer_start_ns=6997205319890 payload_to_first_consumer_ns=122320183
ffn_timing tensor=blk.1.ffn_gate_exps.weight payload_ready_ns=6991162273562 first_consumer_start_ns=6991314076901 payload_to_first_consumer_ns=151803339
reference_token0_blk2 full_layer_residency_hits=46 misses=51 evictions=15 source_reads=23 source_bytes=20402176 materialization_requests=23 resident_tensors_after=8
reference_token0_blk2 full_layer_peak_active_persistent_bytes=1622016 full_layer_peak_resident_bytes=8312832
reference_token0_blk2 first_payload_to_shared_compute_start_ns=6518190995 execution_ready_to_consumer_ns=NOT_INSTRUMENTED payload_to_first_useful_compute=NOT_INSTRUMENTED
token0_blk2_attention_parity max_abs=0 max_rel=0 mean_abs=0 tolerance=1e-5
token0_blk2_block_parity max_abs=0 max_rel=0 mean_abs=0 tolerance=1e-5
token0 block_handoff block=3 handoff_ns=170151 activation_copy_bytes=0
attention_timing tensor=blk.1.attn_norm.weight payload_ready_ns=6964122458176 first_consumer_start_ns=6998202914201 payload_to_first_consumer_ns=34080456025
attention_timing tensor=blk.1.attn_q.weight payload_ready_ns=6964445584697 first_consumer_start_ns=6998531536231 payload_to_first_consumer_ns=34085951534
attention_timing tensor=blk.1.attn_kv_a_mqa.weight payload_ready_ns=6964757205039 first_consumer_start_ns=6998856038829 payload_to_first_consumer_ns=34098833790
attention_timing tensor=blk.1.attn_kv_a_norm.weight payload_ready_ns=6965055717852 first_consumer_start_ns=6999194706632 payload_to_first_consumer_ns=34138988780
attention_timing tensor=blk.1.attn_kv_b.weight payload_ready_ns=6965388697375 first_consumer_start_ns=6999513902372 payload_to_first_consumer_ns=34125204997
attention_timing tensor=blk.1.attn_output.weight payload_ready_ns=6965739417682 first_consumer_start_ns=6999863708444 payload_to_first_consumer_ns=34124290762
token0_blk3 position=0 state_k_positions=1 state_v_positions=1 attention_probs=1,1,1,1,1,1,1,1,1,1,1,1,1,1,1,1,
reference_attention position=0 state_k_positions=1 state_v_positions=1 attention_probs=1,1,1,1,1,1,1,1,1,1,1,1,1,1,1,1,
normalized_input_parity max_abs=0 max_rel=0 mean_abs=0 tolerance=1e-5
router_score_parity max_abs=2.14577e-06 max_rel=1.87992e-05 mean_abs=3.23213e-07 tolerance=1e-5
selected_weight_parity max_abs=1.19209e-07 max_rel=9.10917e-07 mean_abs=6.95388e-08 tolerance=1e-5
token0_blk3 topk_ids=60,2,19,35,9,53 normalized_weights=0.298484,0.190562,0.142057,0.131884,0.122504,0.114509,
token0_blk3_routed expert_rank=0 expert_id=60 router_rank=0 graph_created=YES graph_refs=gate:0,up:1,down:2 storage_ref_base=30180 score_preserved=YES
token0_blk3_routed expert_id=60 selected_range tensor=blk.1.ffn_gate_exps.weight offset=503098224 bytes=563200 layout=DIRECT
token0_blk3_routed expert_id=60 selected_range tensor=blk.1.ffn_up_exps.weight offset=539143040 bytes=563200 layout=DIRECT
token0_blk3_routed expert_id=60 selected_range tensor=blk.1.ffn_down_exps.weight offset=638716816 bytes=1622016 layout=DIRECT
token0_blk3_routed prefetch expert_id=60 tensor=blk.1.ffn_gate_exps.weight dependency_distance=0
token0_blk3_routed prefetch expert_id=60 tensor=blk.1.ffn_up_exps.weight dependency_distance=0
token0_blk3_routed prefetch expert_id=60 tensor=blk.1.ffn_down_exps.weight dependency_distance=2
expert_parity max_abs=0 max_rel=0 mean_abs=0 tolerance=1e-5
token0_blk3_routed expert_id=60 consumer_wait=not_instrumented acquire_release=recorded peak_active=1622016 peak_resident=7367680
token0_blk3_routed expert_rank=1 expert_id=2 router_rank=1 graph_created=YES graph_refs=gate:0,up:1,down:2 storage_ref_base=30006 score_preserved=YES
token0_blk3_routed expert_id=2 selected_range tensor=blk.1.ffn_gate_exps.weight offset=470432624 bytes=563200 layout=DIRECT
token0_blk3_routed expert_id=2 selected_range tensor=blk.1.ffn_up_exps.weight offset=506477440 bytes=563200 layout=DIRECT
token0_blk3_routed expert_id=2 selected_range tensor=blk.1.ffn_down_exps.weight offset=544639888 bytes=1622016 layout=DIRECT
token0_blk3_routed prefetch expert_id=2 tensor=blk.1.ffn_gate_exps.weight dependency_distance=0
token0_blk3_routed prefetch expert_id=2 tensor=blk.1.ffn_up_exps.weight dependency_distance=0
token0_blk3_routed prefetch expert_id=2 tensor=blk.1.ffn_down_exps.weight dependency_distance=2
expert_parity max_abs=0 max_rel=0 mean_abs=0 tolerance=1e-5
token0_blk3_routed expert_id=2 consumer_wait=not_instrumented acquire_release=recorded peak_active=1622016 peak_resident=7752704
token0_blk3_routed expert_rank=2 expert_id=19 router_rank=2 graph_created=YES graph_refs=gate:0,up:1,down:2 storage_ref_base=30057 score_preserved=YES
token0_blk3_routed expert_id=19 selected_range tensor=blk.1.ffn_gate_exps.weight offset=480007024 bytes=563200 layout=DIRECT
token0_blk3_routed expert_id=19 selected_range tensor=blk.1.ffn_up_exps.weight offset=516051840 bytes=563200 layout=DIRECT
token0_blk3_routed expert_id=19 selected_range tensor=blk.1.ffn_down_exps.weight offset=572214160 bytes=1622016 layout=DIRECT
token0_blk3_routed prefetch expert_id=19 tensor=blk.1.ffn_gate_exps.weight dependency_distance=0
token0_blk3_routed prefetch expert_id=19 tensor=blk.1.ffn_up_exps.weight dependency_distance=0
token0_blk3_routed prefetch expert_id=19 tensor=blk.1.ffn_down_exps.weight dependency_distance=2
expert_parity max_abs=0 max_rel=0 mean_abs=0 tolerance=1e-5
token0_blk3_routed expert_id=19 consumer_wait=not_instrumented acquire_release=recorded peak_active=1622016 peak_resident=8245248
token0_blk3_routed expert_rank=3 expert_id=35 router_rank=3 graph_created=YES graph_refs=gate:0,up:1,down:2 storage_ref_base=30105 score_preserved=YES
token0_blk3_routed expert_id=35 selected_range tensor=blk.1.ffn_gate_exps.weight offset=489018224 bytes=563200 layout=DIRECT
token0_blk3_routed expert_id=35 selected_range tensor=blk.1.ffn_up_exps.weight offset=525063040 bytes=563200 layout=DIRECT
token0_blk3_routed expert_id=35 selected_range tensor=blk.1.ffn_down_exps.weight offset=598166416 bytes=1622016 layout=DIRECT
token0_blk3_routed prefetch expert_id=35 tensor=blk.1.ffn_gate_exps.weight dependency_distance=0
token0_blk3_routed prefetch expert_id=35 tensor=blk.1.ffn_up_exps.weight dependency_distance=0
token0_blk3_routed prefetch expert_id=35 tensor=blk.1.ffn_down_exps.weight dependency_distance=2
expert_parity max_abs=0 max_rel=0 mean_abs=0 tolerance=1e-5
token0_blk3_routed expert_id=35 consumer_wait=not_instrumented acquire_release=recorded peak_active=1622016 peak_resident=8245248
token0_blk3_routed expert_rank=4 expert_id=9 router_rank=4 graph_created=YES graph_refs=gate:0,up:1,down:2 storage_ref_base=30027 score_preserved=YES
token0_blk3_routed expert_id=9 selected_range tensor=blk.1.ffn_gate_exps.weight offset=474375024 bytes=563200 layout=DIRECT
token0_blk3_routed expert_id=9 selected_range tensor=blk.1.ffn_up_exps.weight offset=510419840 bytes=563200 layout=DIRECT
token0_blk3_routed expert_id=9 selected_range tensor=blk.1.ffn_down_exps.weight offset=555994000 bytes=1622016 layout=DIRECT
token0_blk3_routed prefetch expert_id=9 tensor=blk.1.ffn_gate_exps.weight dependency_distance=0
token0_blk3_routed prefetch expert_id=9 tensor=blk.1.ffn_up_exps.weight dependency_distance=0
token0_blk3_routed prefetch expert_id=9 tensor=blk.1.ffn_down_exps.weight dependency_distance=2
expert_parity max_abs=0 max_rel=0 mean_abs=0 tolerance=1e-5
token0_blk3_routed expert_id=9 consumer_wait=not_instrumented acquire_release=recorded peak_active=1622016 peak_resident=8245248
token0_blk3_routed expert_rank=5 expert_id=53 router_rank=5 graph_created=YES graph_refs=gate:0,up:1,down:2 storage_ref_base=30159 score_preserved=YES
token0_blk3_routed expert_id=53 selected_range tensor=blk.1.ffn_gate_exps.weight offset=499155824 bytes=563200 layout=DIRECT
token0_blk3_routed expert_id=53 selected_range tensor=blk.1.ffn_up_exps.weight offset=535200640 bytes=563200 layout=DIRECT
token0_blk3_routed expert_id=53 selected_range tensor=blk.1.ffn_down_exps.weight offset=627362704 bytes=1622016 layout=DIRECT
token0_blk3_routed prefetch expert_id=53 tensor=blk.1.ffn_gate_exps.weight dependency_distance=0
token0_blk3_routed prefetch expert_id=53 tensor=blk.1.ffn_up_exps.weight dependency_distance=0
token0_blk3_routed prefetch expert_id=53 tensor=blk.1.ffn_down_exps.weight dependency_distance=2
expert_parity max_abs=0 max_rel=0 mean_abs=0 tolerance=1e-5
token0_blk3_routed expert_id=53 consumer_wait=not_instrumented acquire_release=recorded peak_active=1622016 peak_resident=8245248
token0_blk3_routed residency_hits=36 residency_misses=42 source_reads=18 materialization_requests=18 source_policy_calls=18 evictions=20 resident_tensors_after=9
routed_merge_parity max_abs=0 max_rel=0 mean_abs=0 tolerance=1e-5
shared_expert_parity max_abs=0 max_rel=0 mean_abs=0 tolerance=1e-5
pre_residual_composition_parity max_abs=0 max_rel=0 mean_abs=0 tolerance=1e-5
final_layer_parity max_abs=0 max_rel=0 mean_abs=0 tolerance=1e-5
token0_blk3 shared_expert=REQUIRED shared_graph_created=YES residual_add=YES final_composition=PASS
ffn_timing tensor=blk.1.ffn_gate_inp.weight payload_ready_ns=7000402164679 first_consumer_start_ns=7000549106063 payload_to_first_consumer_ns=146941384
ffn_timing tensor=blk.1.ffn_gate_shexp.weight payload_ready_ns=7006753187405 first_consumer_start_ns=7006886066146 payload_to_first_consumer_ns=132878741
ffn_timing tensor=blk.1.ffn_gate_exps.weight payload_ready_ns=7000778430390 first_consumer_start_ns=7000905334918 payload_to_first_consumer_ns=126904528
token0_blk3 full_layer_residency_hits=46 misses=51 evictions=25 source_reads=23 source_bytes=20402176 materialization_requests=23 resident_tensors_after=8
token0_blk3 full_layer_peak_active_persistent_bytes=1622016 full_layer_peak_resident_bytes=8312832
token0_blk3 first_payload_to_shared_compute_start_ns=6634596139 execution_ready_to_consumer_ns=NOT_INSTRUMENTED payload_to_first_useful_compute=NOT_INSTRUMENTED
normalized_input_parity max_abs=0 max_rel=0 mean_abs=0 tolerance=1e-5
router_score_parity max_abs=2.14577e-06 max_rel=1.87992e-05 mean_abs=3.23213e-07 tolerance=1e-5
selected_weight_parity max_abs=1.19209e-07 max_rel=9.10917e-07 mean_abs=6.95388e-08 tolerance=1e-5
reference_token0_blk3 topk_ids=60,2,19,35,9,53 normalized_weights=0.298484,0.190562,0.142057,0.131884,0.122504,0.114509,
reference_token0_blk3_routed expert_rank=0 expert_id=60 router_rank=0 graph_created=YES graph_refs=gate:0,up:1,down:2 storage_ref_base=30180 score_preserved=YES
reference_token0_blk3_routed expert_id=60 selected_range tensor=blk.1.ffn_gate_exps.weight offset=503098224 bytes=563200 layout=DIRECT
reference_token0_blk3_routed expert_id=60 selected_range tensor=blk.1.ffn_up_exps.weight offset=539143040 bytes=563200 layout=DIRECT
reference_token0_blk3_routed expert_id=60 selected_range tensor=blk.1.ffn_down_exps.weight offset=638716816 bytes=1622016 layout=DIRECT
reference_token0_blk3_routed prefetch expert_id=60 tensor=blk.1.ffn_gate_exps.weight dependency_distance=0
reference_token0_blk3_routed prefetch expert_id=60 tensor=blk.1.ffn_up_exps.weight dependency_distance=0
reference_token0_blk3_routed prefetch expert_id=60 tensor=blk.1.ffn_down_exps.weight dependency_distance=2
expert_parity max_abs=0 max_rel=0 mean_abs=0 tolerance=1e-5
reference_token0_blk3_routed expert_id=60 consumer_wait=not_instrumented acquire_release=recorded peak_active=1622016 peak_resident=3280896
reference_token0_blk3_routed expert_rank=1 expert_id=2 router_rank=1 graph_created=YES graph_refs=gate:0,up:1,down:2 storage_ref_base=30006 score_preserved=YES
reference_token0_blk3_routed expert_id=2 selected_range tensor=blk.1.ffn_gate_exps.weight offset=470432624 bytes=563200 layout=DIRECT
reference_token0_blk3_routed expert_id=2 selected_range tensor=blk.1.ffn_up_exps.weight offset=506477440 bytes=563200 layout=DIRECT
reference_token0_blk3_routed expert_id=2 selected_range tensor=blk.1.ffn_down_exps.weight offset=544639888 bytes=1622016 layout=DIRECT
reference_token0_blk3_routed prefetch expert_id=2 tensor=blk.1.ffn_gate_exps.weight dependency_distance=0
reference_token0_blk3_routed prefetch expert_id=2 tensor=blk.1.ffn_up_exps.weight dependency_distance=0
reference_token0_blk3_routed prefetch expert_id=2 tensor=blk.1.ffn_down_exps.weight dependency_distance=2
expert_parity max_abs=0 max_rel=0 mean_abs=0 tolerance=1e-5
reference_token0_blk3_routed expert_id=2 consumer_wait=not_instrumented acquire_release=recorded peak_active=1622016 peak_resident=6029312
reference_token0_blk3_routed expert_rank=2 expert_id=19 router_rank=2 graph_created=YES graph_refs=gate:0,up:1,down:2 storage_ref_base=30057 score_preserved=YES
reference_token0_blk3_routed expert_id=19 selected_range tensor=blk.1.ffn_gate_exps.weight offset=480007024 bytes=563200 layout=DIRECT
reference_token0_blk3_routed expert_id=19 selected_range tensor=blk.1.ffn_up_exps.weight offset=516051840 bytes=563200 layout=DIRECT
reference_token0_blk3_routed expert_id=19 selected_range tensor=blk.1.ffn_down_exps.weight offset=572214160 bytes=1622016 layout=DIRECT
reference_token0_blk3_routed prefetch expert_id=19 tensor=blk.1.ffn_gate_exps.weight dependency_distance=0
reference_token0_blk3_routed prefetch expert_id=19 tensor=blk.1.ffn_up_exps.weight dependency_distance=0
reference_token0_blk3_routed prefetch expert_id=19 tensor=blk.1.ffn_down_exps.weight dependency_distance=2
expert_parity max_abs=0 max_rel=0 mean_abs=0 tolerance=1e-5
reference_token0_blk3_routed expert_id=19 consumer_wait=not_instrumented acquire_release=recorded peak_active=1622016 peak_resident=8245248
reference_token0_blk3_routed expert_rank=3 expert_id=35 router_rank=3 graph_created=YES graph_refs=gate:0,up:1,down:2 storage_ref_base=30105 score_preserved=YES
reference_token0_blk3_routed expert_id=35 selected_range tensor=blk.1.ffn_gate_exps.weight offset=489018224 bytes=563200 layout=DIRECT
reference_token0_blk3_routed expert_id=35 selected_range tensor=blk.1.ffn_up_exps.weight offset=525063040 bytes=563200 layout=DIRECT
reference_token0_blk3_routed expert_id=35 selected_range tensor=blk.1.ffn_down_exps.weight offset=598166416 bytes=1622016 layout=DIRECT
reference_token0_blk3_routed prefetch expert_id=35 tensor=blk.1.ffn_gate_exps.weight dependency_distance=0
reference_token0_blk3_routed prefetch expert_id=35 tensor=blk.1.ffn_up_exps.weight dependency_distance=0
reference_token0_blk3_routed prefetch expert_id=35 tensor=blk.1.ffn_down_exps.weight dependency_distance=2
expert_parity max_abs=0 max_rel=0 mean_abs=0 tolerance=1e-5
reference_token0_blk3_routed expert_id=35 consumer_wait=not_instrumented acquire_release=recorded peak_active=1622016 peak_resident=8245248
reference_token0_blk3_routed expert_rank=4 expert_id=9 router_rank=4 graph_created=YES graph_refs=gate:0,up:1,down:2 storage_ref_base=30027 score_preserved=YES
reference_token0_blk3_routed expert_id=9 selected_range tensor=blk.1.ffn_gate_exps.weight offset=474375024 bytes=563200 layout=DIRECT
reference_token0_blk3_routed expert_id=9 selected_range tensor=blk.1.ffn_up_exps.weight offset=510419840 bytes=563200 layout=DIRECT
reference_token0_blk3_routed expert_id=9 selected_range tensor=blk.1.ffn_down_exps.weight offset=555994000 bytes=1622016 layout=DIRECT
reference_token0_blk3_routed prefetch expert_id=9 tensor=blk.1.ffn_gate_exps.weight dependency_distance=0
reference_token0_blk3_routed prefetch expert_id=9 tensor=blk.1.ffn_up_exps.weight dependency_distance=0
reference_token0_blk3_routed prefetch expert_id=9 tensor=blk.1.ffn_down_exps.weight dependency_distance=2
expert_parity max_abs=0 max_rel=0 mean_abs=0 tolerance=1e-5
reference_token0_blk3_routed expert_id=9 consumer_wait=not_instrumented acquire_release=recorded peak_active=1622016 peak_resident=8245248
reference_token0_blk3_routed expert_rank=5 expert_id=53 router_rank=5 graph_created=YES graph_refs=gate:0,up:1,down:2 storage_ref_base=30159 score_preserved=YES
reference_token0_blk3_routed expert_id=53 selected_range tensor=blk.1.ffn_gate_exps.weight offset=499155824 bytes=563200 layout=DIRECT
reference_token0_blk3_routed expert_id=53 selected_range tensor=blk.1.ffn_up_exps.weight offset=535200640 bytes=563200 layout=DIRECT
reference_token0_blk3_routed expert_id=53 selected_range tensor=blk.1.ffn_down_exps.weight offset=627362704 bytes=1622016 layout=DIRECT
reference_token0_blk3_routed prefetch expert_id=53 tensor=blk.1.ffn_gate_exps.weight dependency_distance=0
reference_token0_blk3_routed prefetch expert_id=53 tensor=blk.1.ffn_up_exps.weight dependency_distance=0
reference_token0_blk3_routed prefetch expert_id=53 tensor=blk.1.ffn_down_exps.weight dependency_distance=2
expert_parity max_abs=0 max_rel=0 mean_abs=0 tolerance=1e-5
reference_token0_blk3_routed expert_id=53 consumer_wait=not_instrumented acquire_release=recorded peak_active=1622016 peak_resident=8245248
reference_token0_blk3_routed residency_hits=36 residency_misses=42 source_reads=18 materialization_requests=18 source_policy_calls=18 evictions=11 resident_tensors_after=9
routed_merge_parity max_abs=0 max_rel=0 mean_abs=0 tolerance=1e-5
shared_expert_parity max_abs=0 max_rel=0 mean_abs=0 tolerance=1e-5
pre_residual_composition_parity max_abs=0 max_rel=0 mean_abs=0 tolerance=1e-5
final_layer_parity max_abs=0 max_rel=0 mean_abs=0 tolerance=1e-5
reference_token0_blk3 shared_expert=REQUIRED shared_graph_created=YES residual_add=YES final_composition=PASS
ffn_timing tensor=blk.1.ffn_gate_inp.weight payload_ready_ns=7008156197520 first_consumer_start_ns=7008275872451 payload_to_first_consumer_ns=119674931
ffn_timing tensor=blk.1.ffn_gate_shexp.weight payload_ready_ns=7014325341846 first_consumer_start_ns=7014445998823 payload_to_first_consumer_ns=120656977
ffn_timing tensor=blk.1.ffn_gate_exps.weight payload_ready_ns=7008507740293 first_consumer_start_ns=7008651357301 payload_to_first_consumer_ns=143617008
reference_token0_blk3 full_layer_residency_hits=46 misses=51 evictions=15 source_reads=23 source_bytes=20402176 materialization_requests=23 resident_tensors_after=8
reference_token0_blk3 full_layer_peak_active_persistent_bytes=1622016 full_layer_peak_resident_bytes=8312832
reference_token0_blk3 first_payload_to_shared_compute_start_ns=6476388624 execution_ready_to_consumer_ns=NOT_INSTRUMENTED payload_to_first_useful_compute=NOT_INSTRUMENTED
token0_blk3_attention_parity max_abs=0 max_rel=0 mean_abs=0 tolerance=1e-5
token0_blk3_block_parity max_abs=0 max_rel=0 mean_abs=0 tolerance=1e-5
token0 block_handoff block=4 handoff_ns=164161 activation_copy_bytes=0
attention_timing tensor=blk.1.attn_norm.weight payload_ready_ns=6964122458176 first_consumer_start_ns=7015430072036 payload_to_first_consumer_ns=51307613860
attention_timing tensor=blk.1.attn_q.weight payload_ready_ns=6964445584697 first_consumer_start_ns=7015703431698 payload_to_first_consumer_ns=51257847001
attention_timing tensor=blk.1.attn_kv_a_mqa.weight payload_ready_ns=6964757205039 first_consumer_start_ns=7015936348847 payload_to_first_consumer_ns=51179143808
attention_timing tensor=blk.1.attn_kv_a_norm.weight payload_ready_ns=6965055717852 first_consumer_start_ns=7016215152799 payload_to_first_consumer_ns=51159434947
attention_timing tensor=blk.1.attn_kv_b.weight payload_ready_ns=6965388697375 first_consumer_start_ns=7016451106754 payload_to_first_consumer_ns=51062409379
attention_timing tensor=blk.1.attn_output.weight payload_ready_ns=6965739417682 first_consumer_start_ns=7016757167850 payload_to_first_consumer_ns=51017750168
token0_blk4 position=0 state_k_positions=1 state_v_positions=1 attention_probs=1,1,1,1,1,1,1,1,1,1,1,1,1,1,1,1,
reference_attention position=0 state_k_positions=1 state_v_positions=1 attention_probs=1,1,1,1,1,1,1,1,1,1,1,1,1,1,1,1,
poc17_phase name=cold_token1 event_begin=955
attention_timing tensor=blk.1.attn_norm.weight payload_ready_ns=6964122458176 first_consumer_start_ns=7017006405955 payload_to_first_consumer_ns=52883947779
attention_timing tensor=blk.1.attn_q.weight payload_ready_ns=6964445584697 first_consumer_start_ns=7017341369003 payload_to_first_consumer_ns=52895784306
attention_timing tensor=blk.1.attn_kv_a_mqa.weight payload_ready_ns=6964757205039 first_consumer_start_ns=7017676394862 payload_to_first_consumer_ns=52919189823
attention_timing tensor=blk.1.attn_kv_a_norm.weight payload_ready_ns=6965055717852 first_consumer_start_ns=7017994944363 payload_to_first_consumer_ns=52939226511
attention_timing tensor=blk.1.attn_kv_b.weight payload_ready_ns=6965388697375 first_consumer_start_ns=7018320154450 payload_to_first_consumer_ns=52931457075
attention_timing tensor=blk.1.attn_output.weight payload_ready_ns=6965739417682 first_consumer_start_ns=7018660583668 payload_to_first_consumer_ns=52921165986
token1_blk1 position=1 state_k_positions=2 state_v_positions=2 attention_probs=0.327327,0.672673,0.410489,0.589511,0.566064,0.433936,0.327192,0.672808,0.932766,0.0672338,0.599507,0.400493,0.505362,0.494638,0.744735,0.255265,0.50687,0.49313,0.00836671,0.991633,0.754869,0.245131,0.650014,0.349986,0.537805,0.462195,0.554964,0.445036,0.523342,0.476658,0.56235,0.43765,
reference_attention position=1 state_k_positions=2 state_v_positions=2 attention_probs=0.327327,0.672673,0.410489,0.589511,0.566064,0.433936,0.327192,0.672808,0.932766,0.0672338,0.599507,0.400493,0.505362,0.494638,0.744735,0.255265,0.50687,0.49313,0.00836671,0.991633,0.754869,0.245131,0.650014,0.349986,0.537805,0.462195,0.554964,0.445036,0.523342,0.476658,0.56235,0.43765,
normalized_input_parity max_abs=0 max_rel=0 mean_abs=0 tolerance=1e-5
router_score_parity max_abs=2.86102e-06 max_rel=5.82025e-06 mean_abs=3.96627e-07 tolerance=1e-5
selected_weight_parity max_abs=2.38419e-07 max_rel=1.73796e-06 mean_abs=1.21693e-07 tolerance=1e-5
token1_blk1 topk_ids=56,29,11,3,50,26 normalized_weights=0.431742,0.24147,0.103862,0.0857397,0.0713288,0.0658583,
token1_blk1_routed expert_rank=0 expert_id=56 router_rank=0 graph_created=YES graph_refs=gate:0,up:1,down:2 storage_ref_base=10168 score_preserved=YES
token1_blk1_routed expert_id=56 selected_range tensor=blk.1.ffn_gate_exps.weight offset=135303648 bytes=563200 layout=DIRECT
token1_blk1_routed expert_id=56 selected_range tensor=blk.1.ffn_up_exps.weight offset=171348464 bytes=563200 layout=DIRECT
token1_blk1_routed expert_id=56 selected_range tensor=blk.1.ffn_down_exps.weight offset=266686976 bytes=1622016 layout=DIRECT
token1_blk1_routed prefetch expert_id=56 tensor=blk.1.ffn_gate_exps.weight dependency_distance=0
token1_blk1_routed prefetch expert_id=56 tensor=blk.1.ffn_up_exps.weight dependency_distance=0
token1_blk1_routed prefetch expert_id=56 tensor=blk.1.ffn_down_exps.weight dependency_distance=2
expert_parity max_abs=0 max_rel=0 mean_abs=0 tolerance=1e-5
token1_blk1_routed expert_id=56 consumer_wait=not_instrumented acquire_release=recorded peak_active=1622016 peak_resident=7367680
token1_blk1_routed expert_rank=1 expert_id=29 router_rank=1 graph_created=YES graph_refs=gate:0,up:1,down:2 storage_ref_base=10087 score_preserved=YES
token1_blk1_routed expert_id=29 selected_range tensor=blk.1.ffn_gate_exps.weight offset=120097248 bytes=563200 layout=DIRECT
token1_blk1_routed expert_id=29 selected_range tensor=blk.1.ffn_up_exps.weight offset=156142064 bytes=563200 layout=DIRECT
token1_blk1_routed expert_id=29 selected_range tensor=blk.1.ffn_down_exps.weight offset=222892544 bytes=1622016 layout=DIRECT
token1_blk1_routed prefetch expert_id=29 tensor=blk.1.ffn_gate_exps.weight dependency_distance=0
token1_blk1_routed prefetch expert_id=29 tensor=blk.1.ffn_up_exps.weight dependency_distance=0
token1_blk1_routed prefetch expert_id=29 tensor=blk.1.ffn_down_exps.weight dependency_distance=2
expert_parity max_abs=0 max_rel=0 mean_abs=0 tolerance=1e-5
token1_blk1_routed expert_id=29 consumer_wait=not_instrumented acquire_release=recorded peak_active=1622016 peak_resident=7752704
token1_blk1_routed expert_rank=2 expert_id=11 router_rank=2 graph_created=YES graph_refs=gate:0,up:1,down:2 storage_ref_base=10033 score_preserved=YES
token1_blk1_routed expert_id=11 selected_range tensor=blk.1.ffn_gate_exps.weight offset=109959648 bytes=563200 layout=DIRECT
token1_blk1_routed expert_id=11 selected_range tensor=blk.1.ffn_up_exps.weight offset=146004464 bytes=563200 layout=DIRECT
token1_blk1_routed expert_id=11 selected_range tensor=blk.1.ffn_down_exps.weight offset=193696256 bytes=1622016 layout=DIRECT
token1_blk1_routed prefetch expert_id=11 tensor=blk.1.ffn_gate_exps.weight dependency_distance=0
token1_blk1_routed prefetch expert_id=11 tensor=blk.1.ffn_up_exps.weight dependency_distance=0
token1_blk1_routed prefetch expert_id=11 tensor=blk.1.ffn_down_exps.weight dependency_distance=2
expert_parity max_abs=0 max_rel=0 mean_abs=0 tolerance=1e-5
token1_blk1_routed expert_id=11 consumer_wait=not_instrumented acquire_release=recorded peak_active=1622016 peak_resident=8245248
token1_blk1_routed expert_rank=3 expert_id=3 router_rank=3 graph_created=YES graph_refs=gate:0,up:1,down:2 storage_ref_base=10009 score_preserved=YES
token1_blk1_routed expert_id=3 selected_range tensor=blk.1.ffn_gate_exps.weight offset=105454048 bytes=563200 layout=DIRECT
token1_blk1_routed expert_id=3 selected_range tensor=blk.1.ffn_up_exps.weight offset=141498864 bytes=563200 layout=DIRECT
token1_blk1_routed expert_id=3 selected_range tensor=blk.1.ffn_down_exps.weight offset=180720128 bytes=1622016 layout=DIRECT
token1_blk1_routed prefetch expert_id=3 tensor=blk.1.ffn_gate_exps.weight dependency_distance=0
token1_blk1_routed prefetch expert_id=3 tensor=blk.1.ffn_up_exps.weight dependency_distance=0
token1_blk1_routed prefetch expert_id=3 tensor=blk.1.ffn_down_exps.weight dependency_distance=2
expert_parity max_abs=0 max_rel=0 mean_abs=0 tolerance=1e-5
token1_blk1_routed expert_id=3 consumer_wait=not_instrumented acquire_release=recorded peak_active=1622016 peak_resident=8245248
token1_blk1_routed expert_rank=4 expert_id=50 router_rank=4 graph_created=YES graph_refs=gate:0,up:1,down:2 storage_ref_base=10150 score_preserved=YES
token1_blk1_routed expert_id=50 selected_range tensor=blk.1.ffn_gate_exps.weight offset=131924448 bytes=563200 layout=DIRECT
token1_blk1_routed expert_id=50 selected_range tensor=blk.1.ffn_up_exps.weight offset=167969264 bytes=563200 layout=DIRECT
token1_blk1_routed expert_id=50 selected_range tensor=blk.1.ffn_down_exps.weight offset=256954880 bytes=1622016 layout=DIRECT
token1_blk1_routed prefetch expert_id=50 tensor=blk.1.ffn_gate_exps.weight dependency_distance=0
token1_blk1_routed prefetch expert_id=50 tensor=blk.1.ffn_up_exps.weight dependency_distance=0
token1_blk1_routed prefetch expert_id=50 tensor=blk.1.ffn_down_exps.weight dependency_distance=2
expert_parity max_abs=0 max_rel=0 mean_abs=0 tolerance=1e-5
token1_blk1_routed expert_id=50 consumer_wait=not_instrumented acquire_release=recorded peak_active=1622016 peak_resident=8245248
token1_blk1_routed expert_rank=5 expert_id=26 router_rank=5 graph_created=YES graph_refs=gate:0,up:1,down:2 storage_ref_base=10078 score_preserved=YES
token1_blk1_routed expert_id=26 selected_range tensor=blk.1.ffn_gate_exps.weight offset=118407648 bytes=563200 layout=DIRECT
token1_blk1_routed expert_id=26 selected_range tensor=blk.1.ffn_up_exps.weight offset=154452464 bytes=563200 layout=DIRECT
token1_blk1_routed expert_id=26 selected_range tensor=blk.1.ffn_down_exps.weight offset=218026496 bytes=1622016 layout=DIRECT
token1_blk1_routed prefetch expert_id=26 tensor=blk.1.ffn_gate_exps.weight dependency_distance=0
token1_blk1_routed prefetch expert_id=26 tensor=blk.1.ffn_up_exps.weight dependency_distance=0
token1_blk1_routed prefetch expert_id=26 tensor=blk.1.ffn_down_exps.weight dependency_distance=2
expert_parity max_abs=0 max_rel=0 mean_abs=0 tolerance=1e-5
token1_blk1_routed expert_id=26 consumer_wait=not_instrumented acquire_release=recorded peak_active=1622016 peak_resident=8245248
token1_blk1_routed residency_hits=36 residency_misses=42 source_reads=18 materialization_requests=18 source_policy_calls=18 evictions=20 resident_tensors_after=9
routed_merge_parity max_abs=0 max_rel=0 mean_abs=0 tolerance=1e-5
shared_expert_parity max_abs=0 max_rel=0 mean_abs=0 tolerance=1e-5
pre_residual_composition_parity max_abs=0 max_rel=0 mean_abs=0 tolerance=1e-5
final_layer_parity max_abs=0 max_rel=0 mean_abs=0 tolerance=1e-5
token1_blk1 shared_expert=REQUIRED shared_graph_created=YES residual_add=YES final_composition=PASS
ffn_timing tensor=blk.1.ffn_gate_inp.weight payload_ready_ns=7019184023632 first_consumer_start_ns=7019299629991 payload_to_first_consumer_ns=115606359
ffn_timing tensor=blk.1.ffn_gate_shexp.weight payload_ready_ns=7025355902505 first_consumer_start_ns=7025502519919 payload_to_first_consumer_ns=146617414
ffn_timing tensor=blk.1.ffn_gate_exps.weight payload_ready_ns=7019517026980 first_consumer_start_ns=7019638890664 payload_to_first_consumer_ns=121863684
token1_blk1 full_layer_residency_hits=46 misses=51 evictions=27 source_reads=23 source_bytes=21168128 materialization_requests=23 resident_tensors_after=6
token1_blk1 full_layer_peak_active_persistent_bytes=1892352 full_layer_peak_resident_bytes=8245248
token1_blk1 first_payload_to_shared_compute_start_ns=6438755001 execution_ready_to_consumer_ns=NOT_INSTRUMENTED payload_to_first_useful_compute=NOT_INSTRUMENTED
normalized_input_parity max_abs=0 max_rel=0 mean_abs=0 tolerance=1e-5
router_score_parity max_abs=2.86102e-06 max_rel=5.82025e-06 mean_abs=3.96627e-07 tolerance=1e-5
selected_weight_parity max_abs=2.38419e-07 max_rel=1.73796e-06 mean_abs=1.21693e-07 tolerance=1e-5
reference_token1_blk1 topk_ids=56,29,11,3,50,26 normalized_weights=0.431742,0.24147,0.103862,0.0857397,0.0713288,0.0658583,
reference_token1_blk1_routed expert_rank=0 expert_id=56 router_rank=0 graph_created=YES graph_refs=gate:0,up:1,down:2 storage_ref_base=10168 score_preserved=YES
reference_token1_blk1_routed expert_id=56 selected_range tensor=blk.1.ffn_gate_exps.weight offset=135303648 bytes=563200 layout=DIRECT
reference_token1_blk1_routed expert_id=56 selected_range tensor=blk.1.ffn_up_exps.weight offset=171348464 bytes=563200 layout=DIRECT
reference_token1_blk1_routed expert_id=56 selected_range tensor=blk.1.ffn_down_exps.weight offset=266686976 bytes=1622016 layout=DIRECT
reference_token1_blk1_routed prefetch expert_id=56 tensor=blk.1.ffn_gate_exps.weight dependency_distance=0
reference_token1_blk1_routed prefetch expert_id=56 tensor=blk.1.ffn_up_exps.weight dependency_distance=0
reference_token1_blk1_routed prefetch expert_id=56 tensor=blk.1.ffn_down_exps.weight dependency_distance=2
expert_parity max_abs=0 max_rel=0 mean_abs=0 tolerance=1e-5
reference_token1_blk1_routed expert_id=56 consumer_wait=not_instrumented acquire_release=recorded peak_active=1622016 peak_resident=3280896
reference_token1_blk1_routed expert_rank=1 expert_id=29 router_rank=1 graph_created=YES graph_refs=gate:0,up:1,down:2 storage_ref_base=10087 score_preserved=YES
reference_token1_blk1_routed expert_id=29 selected_range tensor=blk.1.ffn_gate_exps.weight offset=120097248 bytes=563200 layout=DIRECT
reference_token1_blk1_routed expert_id=29 selected_range tensor=blk.1.ffn_up_exps.weight offset=156142064 bytes=563200 layout=DIRECT
reference_token1_blk1_routed expert_id=29 selected_range tensor=blk.1.ffn_down_exps.weight offset=222892544 bytes=1622016 layout=DIRECT
reference_token1_blk1_routed prefetch expert_id=29 tensor=blk.1.ffn_gate_exps.weight dependency_distance=0
reference_token1_blk1_routed prefetch expert_id=29 tensor=blk.1.ffn_up_exps.weight dependency_distance=0
reference_token1_blk1_routed prefetch expert_id=29 tensor=blk.1.ffn_down_exps.weight dependency_distance=2
expert_parity max_abs=0 max_rel=0 mean_abs=0 tolerance=1e-5
reference_token1_blk1_routed expert_id=29 consumer_wait=not_instrumented acquire_release=recorded peak_active=1622016 peak_resident=6029312
reference_token1_blk1_routed expert_rank=2 expert_id=11 router_rank=2 graph_created=YES graph_refs=gate:0,up:1,down:2 storage_ref_base=10033 score_preserved=YES
reference_token1_blk1_routed expert_id=11 selected_range tensor=blk.1.ffn_gate_exps.weight offset=109959648 bytes=563200 layout=DIRECT
reference_token1_blk1_routed expert_id=11 selected_range tensor=blk.1.ffn_up_exps.weight offset=146004464 bytes=563200 layout=DIRECT
reference_token1_blk1_routed expert_id=11 selected_range tensor=blk.1.ffn_down_exps.weight offset=193696256 bytes=1622016 layout=DIRECT
reference_token1_blk1_routed prefetch expert_id=11 tensor=blk.1.ffn_gate_exps.weight dependency_distance=0
reference_token1_blk1_routed prefetch expert_id=11 tensor=blk.1.ffn_up_exps.weight dependency_distance=0
reference_token1_blk1_routed prefetch expert_id=11 tensor=blk.1.ffn_down_exps.weight dependency_distance=2
expert_parity max_abs=0 max_rel=0 mean_abs=0 tolerance=1e-5
reference_token1_blk1_routed expert_id=11 consumer_wait=not_instrumented acquire_release=recorded peak_active=1622016 peak_resident=8245248
reference_token1_blk1_routed expert_rank=3 expert_id=3 router_rank=3 graph_created=YES graph_refs=gate:0,up:1,down:2 storage_ref_base=10009 score_preserved=YES
reference_token1_blk1_routed expert_id=3 selected_range tensor=blk.1.ffn_gate_exps.weight offset=105454048 bytes=563200 layout=DIRECT
reference_token1_blk1_routed expert_id=3 selected_range tensor=blk.1.ffn_up_exps.weight offset=141498864 bytes=563200 layout=DIRECT
reference_token1_blk1_routed expert_id=3 selected_range tensor=blk.1.ffn_down_exps.weight offset=180720128 bytes=1622016 layout=DIRECT
reference_token1_blk1_routed prefetch expert_id=3 tensor=blk.1.ffn_gate_exps.weight dependency_distance=0
reference_token1_blk1_routed prefetch expert_id=3 tensor=blk.1.ffn_up_exps.weight dependency_distance=0
reference_token1_blk1_routed prefetch expert_id=3 tensor=blk.1.ffn_down_exps.weight dependency_distance=2
expert_parity max_abs=0 max_rel=0 mean_abs=0 tolerance=1e-5
reference_token1_blk1_routed expert_id=3 consumer_wait=not_instrumented acquire_release=recorded peak_active=1622016 peak_resident=8245248
reference_token1_blk1_routed expert_rank=4 expert_id=50 router_rank=4 graph_created=YES graph_refs=gate:0,up:1,down:2 storage_ref_base=10150 score_preserved=YES
reference_token1_blk1_routed expert_id=50 selected_range tensor=blk.1.ffn_gate_exps.weight offset=131924448 bytes=563200 layout=DIRECT
reference_token1_blk1_routed expert_id=50 selected_range tensor=blk.1.ffn_up_exps.weight offset=167969264 bytes=563200 layout=DIRECT
reference_token1_blk1_routed expert_id=50 selected_range tensor=blk.1.ffn_down_exps.weight offset=256954880 bytes=1622016 layout=DIRECT
reference_token1_blk1_routed prefetch expert_id=50 tensor=blk.1.ffn_gate_exps.weight dependency_distance=0
reference_token1_blk1_routed prefetch expert_id=50 tensor=blk.1.ffn_up_exps.weight dependency_distance=0
reference_token1_blk1_routed prefetch expert_id=50 tensor=blk.1.ffn_down_exps.weight dependency_distance=2
expert_parity max_abs=0 max_rel=0 mean_abs=0 tolerance=1e-5
reference_token1_blk1_routed expert_id=50 consumer_wait=not_instrumented acquire_release=recorded peak_active=1622016 peak_resident=8245248
reference_token1_blk1_routed expert_rank=5 expert_id=26 router_rank=5 graph_created=YES graph_refs=gate:0,up:1,down:2 storage_ref_base=10078 score_preserved=YES
reference_token1_blk1_routed expert_id=26 selected_range tensor=blk.1.ffn_gate_exps.weight offset=118407648 bytes=563200 layout=DIRECT
reference_token1_blk1_routed expert_id=26 selected_range tensor=blk.1.ffn_up_exps.weight offset=154452464 bytes=563200 layout=DIRECT
reference_token1_blk1_routed expert_id=26 selected_range tensor=blk.1.ffn_down_exps.weight offset=218026496 bytes=1622016 layout=DIRECT
reference_token1_blk1_routed prefetch expert_id=26 tensor=blk.1.ffn_gate_exps.weight dependency_distance=0
reference_token1_blk1_routed prefetch expert_id=26 tensor=blk.1.ffn_up_exps.weight dependency_distance=0
reference_token1_blk1_routed prefetch expert_id=26 tensor=blk.1.ffn_down_exps.weight dependency_distance=2
expert_parity max_abs=0 max_rel=0 mean_abs=0 tolerance=1e-5
reference_token1_blk1_routed expert_id=26 consumer_wait=not_instrumented acquire_release=recorded peak_active=1622016 peak_resident=8245248
reference_token1_blk1_routed residency_hits=36 residency_misses=42 source_reads=18 materialization_requests=18 source_policy_calls=18 evictions=11 resident_tensors_after=9
routed_merge_parity max_abs=0 max_rel=0 mean_abs=0 tolerance=1e-5
shared_expert_parity max_abs=0 max_rel=0 mean_abs=0 tolerance=1e-5
pre_residual_composition_parity max_abs=0 max_rel=0 mean_abs=0 tolerance=1e-5
final_layer_parity max_abs=0 max_rel=0 mean_abs=0 tolerance=1e-5
reference_token1_blk1 shared_expert=REQUIRED shared_graph_created=YES residual_add=YES final_composition=PASS
ffn_timing tensor=blk.1.ffn_gate_inp.weight payload_ready_ns=7026530207141 first_consumer_start_ns=7026671691139 payload_to_first_consumer_ns=141483998
ffn_timing tensor=blk.1.ffn_gate_shexp.weight payload_ready_ns=7032717181119 first_consumer_start_ns=7032856466666 payload_to_first_consumer_ns=139285547
ffn_timing tensor=blk.1.ffn_gate_exps.weight payload_ready_ns=7026853628091 first_consumer_start_ns=7026979765408 payload_to_first_consumer_ns=126137317
reference_token1_blk1 full_layer_residency_hits=46 misses=51 evictions=17 source_reads=23 source_bytes=21168128 materialization_requests=23 resident_tensors_after=6
reference_token1_blk1 full_layer_peak_active_persistent_bytes=1892352 full_layer_peak_resident_bytes=8245248
reference_token1_blk1 first_payload_to_shared_compute_start_ns=6439461291 execution_ready_to_consumer_ns=NOT_INSTRUMENTED payload_to_first_useful_compute=NOT_INSTRUMENTED
token1_blk1_attention_parity max_abs=0 max_rel=0 mean_abs=0 tolerance=1e-5
token1_blk1_block_parity max_abs=0 max_rel=0 mean_abs=0 tolerance=1e-5
token1 block_handoff block=2 handoff_ns=106360 activation_copy_bytes=0
attention_timing tensor=blk.1.attn_norm.weight payload_ready_ns=6964122458176 first_consumer_start_ns=7033858577087 payload_to_first_consumer_ns=69736118911
attention_timing tensor=blk.1.attn_q.weight payload_ready_ns=6964445584697 first_consumer_start_ns=7034193314139 payload_to_first_consumer_ns=69747729442
attention_timing tensor=blk.1.attn_kv_a_mqa.weight payload_ready_ns=6964757205039 first_consumer_start_ns=7034522386620 payload_to_first_consumer_ns=69765181581
attention_timing tensor=blk.1.attn_kv_a_norm.weight payload_ready_ns=6965055717852 first_consumer_start_ns=7034913406579 payload_to_first_consumer_ns=69857688727
attention_timing tensor=blk.1.attn_kv_b.weight payload_ready_ns=6965388697375 first_consumer_start_ns=7035237992737 payload_to_first_consumer_ns=69849295362
attention_timing tensor=blk.1.attn_output.weight payload_ready_ns=6965739417682 first_consumer_start_ns=7035570593138 payload_to_first_consumer_ns=69831175456
token1_blk2 position=1 state_k_positions=2 state_v_positions=2 attention_probs=0.598919,0.401081,0.518401,0.481599,0.228275,0.771725,0.32635,0.67365,0.474574,0.525426,0.530241,0.469759,0.366593,0.633407,0.715989,0.284011,0.37485,0.62515,0.579751,0.420249,0.0827325,0.917268,0.182867,0.817133,0.513672,0.486328,0.787284,0.212716,0.49621,0.50379,0.70591,0.29409,
reference_attention position=1 state_k_positions=2 state_v_positions=2 attention_probs=0.598919,0.401081,0.518401,0.481599,0.228275,0.771725,0.32635,0.67365,0.474574,0.525426,0.530241,0.469759,0.366593,0.633407,0.715989,0.284011,0.37485,0.62515,0.579751,0.420249,0.0827325,0.917268,0.182867,0.817133,0.513672,0.486328,0.787284,0.212716,0.49621,0.50379,0.70591,0.29409,
normalized_input_parity max_abs=0 max_rel=0 mean_abs=0 tolerance=1e-5
router_score_parity max_abs=1.43051e-06 max_rel=0.000107496 mean_abs=3.76513e-07 tolerance=1e-5
selected_weight_parity max_abs=1.49012e-07 max_rel=7.50293e-07 mean_abs=5.71211e-08 tolerance=1e-5
token1_blk2 topk_ids=37,18,44,53,23,49 normalized_weights=0.210563,0.198605,0.152328,0.149502,0.145231,0.143771,
token1_blk2_routed expert_rank=0 expert_id=37 router_rank=0 graph_created=YES graph_refs=gate:0,up:1,down:2 storage_ref_base=20111 score_preserved=YES
token1_blk2_routed expert_id=37 selected_range tensor=blk.1.ffn_gate_exps.weight offset=307373736 bytes=563200 layout=DIRECT
token1_blk2_routed expert_id=37 selected_range tensor=blk.1.ffn_up_exps.weight offset=343418552 bytes=563200 layout=DIRECT
token1_blk2_routed expert_id=37 selected_range tensor=blk.1.ffn_down_exps.weight offset=418639560 bytes=1622016 layout=DIRECT
token1_blk2_routed prefetch expert_id=37 tensor=blk.1.ffn_gate_exps.weight dependency_distance=0
token1_blk2_routed prefetch expert_id=37 tensor=blk.1.ffn_up_exps.weight dependency_distance=0
token1_blk2_routed prefetch expert_id=37 tensor=blk.1.ffn_down_exps.weight dependency_distance=2
expert_parity max_abs=0 max_rel=0 mean_abs=0 tolerance=1e-5
token1_blk2_routed expert_id=37 consumer_wait=not_instrumented acquire_release=recorded peak_active=1622016 peak_resident=8133632
token1_blk2_routed expert_rank=1 expert_id=18 router_rank=1 graph_created=YES graph_refs=gate:0,up:1,down:2 storage_ref_base=20054 score_preserved=YES
token1_blk2_routed expert_id=18 selected_range tensor=blk.1.ffn_gate_exps.weight offset=296672936 bytes=563200 layout=DIRECT
token1_blk2_routed expert_id=18 selected_range tensor=blk.1.ffn_up_exps.weight offset=332717752 bytes=563200 layout=DIRECT
token1_blk2_routed expert_id=18 selected_range tensor=blk.1.ffn_down_exps.weight offset=387821256 bytes=1622016 layout=DIRECT
token1_blk2_routed prefetch expert_id=18 tensor=blk.1.ffn_gate_exps.weight dependency_distance=0
token1_blk2_routed prefetch expert_id=18 tensor=blk.1.ffn_up_exps.weight dependency_distance=0
token1_blk2_routed prefetch expert_id=18 tensor=blk.1.ffn_down_exps.weight dependency_distance=2
expert_parity max_abs=0 max_rel=0 mean_abs=0 tolerance=1e-5
token1_blk2_routed expert_id=18 consumer_wait=not_instrumented acquire_release=recorded peak_active=1622016 peak_resident=7752704
token1_blk2_routed expert_rank=2 expert_id=44 router_rank=2 graph_created=YES graph_refs=gate:0,up:1,down:2 storage_ref_base=20132 score_preserved=YES
token1_blk2_routed expert_id=44 selected_range tensor=blk.1.ffn_gate_exps.weight offset=311316136 bytes=563200 layout=DIRECT
token1_blk2_routed expert_id=44 selected_range tensor=blk.1.ffn_up_exps.weight offset=347360952 bytes=563200 layout=DIRECT
token1_blk2_routed expert_id=44 selected_range tensor=blk.1.ffn_down_exps.weight offset=429993672 bytes=1622016 layout=DIRECT
token1_blk2_routed prefetch expert_id=44 tensor=blk.1.ffn_gate_exps.weight dependency_distance=0
token1_blk2_routed prefetch expert_id=44 tensor=blk.1.ffn_up_exps.weight dependency_distance=0
token1_blk2_routed prefetch expert_id=44 tensor=blk.1.ffn_down_exps.weight dependency_distance=2
expert_parity max_abs=0 max_rel=0 mean_abs=0 tolerance=1e-5
token1_blk2_routed expert_id=44 consumer_wait=not_instrumented acquire_release=recorded peak_active=1622016 peak_resident=8245248
token1_blk2_routed expert_rank=3 expert_id=53 router_rank=3 graph_created=YES graph_refs=gate:0,up:1,down:2 storage_ref_base=20159 score_preserved=YES
token1_blk2_routed expert_id=53 selected_range tensor=blk.1.ffn_gate_exps.weight offset=316384936 bytes=563200 layout=DIRECT
token1_blk2_routed expert_id=53 selected_range tensor=blk.1.ffn_up_exps.weight offset=352429752 bytes=563200 layout=DIRECT
token1_blk2_routed expert_id=53 selected_range tensor=blk.1.ffn_down_exps.weight offset=444591816 bytes=1622016 layout=DIRECT
token1_blk2_routed prefetch expert_id=53 tensor=blk.1.ffn_gate_exps.weight dependency_distance=0
token1_blk2_routed prefetch expert_id=53 tensor=blk.1.ffn_up_exps.weight dependency_distance=0
token1_blk2_routed prefetch expert_id=53 tensor=blk.1.ffn_down_exps.weight dependency_distance=2
expert_parity max_abs=0 max_rel=0 mean_abs=0 tolerance=1e-5
token1_blk2_routed expert_id=53 consumer_wait=not_instrumented acquire_release=recorded peak_active=1622016 peak_resident=8245248
token1_blk2_routed expert_rank=4 expert_id=23 router_rank=4 graph_created=YES graph_refs=gate:0,up:1,down:2 storage_ref_base=20069 score_preserved=YES
token1_blk2_routed expert_id=23 selected_range tensor=blk.1.ffn_gate_exps.weight offset=299488936 bytes=563200 layout=DIRECT
token1_blk2_routed expert_id=23 selected_range tensor=blk.1.ffn_up_exps.weight offset=335533752 bytes=563200 layout=DIRECT
token1_blk2_routed expert_id=23 selected_range tensor=blk.1.ffn_down_exps.weight offset=395931336 bytes=1622016 layout=DIRECT
token1_blk2_routed prefetch expert_id=23 tensor=blk.1.ffn_gate_exps.weight dependency_distance=0
token1_blk2_routed prefetch expert_id=23 tensor=blk.1.ffn_up_exps.weight dependency_distance=0
token1_blk2_routed prefetch expert_id=23 tensor=blk.1.ffn_down_exps.weight dependency_distance=2
expert_parity max_abs=0 max_rel=0 mean_abs=0 tolerance=1e-5
token1_blk2_routed expert_id=23 consumer_wait=not_instrumented acquire_release=recorded peak_active=1622016 peak_resident=8245248
token1_blk2_routed expert_rank=5 expert_id=49 router_rank=5 graph_created=YES graph_refs=gate:0,up:1,down:2 storage_ref_base=20147 score_preserved=YES
token1_blk2_routed expert_id=49 selected_range tensor=blk.1.ffn_gate_exps.weight offset=314132136 bytes=563200 layout=DIRECT
token1_blk2_routed expert_id=49 selected_range tensor=blk.1.ffn_up_exps.weight offset=350176952 bytes=563200 layout=DIRECT
token1_blk2_routed expert_id=49 selected_range tensor=blk.1.ffn_down_exps.weight offset=438103752 bytes=1622016 layout=DIRECT
token1_blk2_routed prefetch expert_id=49 tensor=blk.1.ffn_gate_exps.weight dependency_distance=0
token1_blk2_routed prefetch expert_id=49 tensor=blk.1.ffn_up_exps.weight dependency_distance=0
token1_blk2_routed prefetch expert_id=49 tensor=blk.1.ffn_down_exps.weight dependency_distance=2
expert_parity max_abs=0 max_rel=0 mean_abs=0 tolerance=1e-5
token1_blk2_routed expert_id=49 consumer_wait=not_instrumented acquire_release=recorded peak_active=1622016 peak_resident=8245248
token1_blk2_routed residency_hits=36 residency_misses=42 source_reads=18 materialization_requests=18 source_policy_calls=18 evictions=20 resident_tensors_after=9
routed_merge_parity max_abs=0 max_rel=0 mean_abs=0 tolerance=1e-5
shared_expert_parity max_abs=0 max_rel=0 mean_abs=0 tolerance=1e-5
pre_residual_composition_parity max_abs=0 max_rel=0 mean_abs=0 tolerance=1e-5
final_layer_parity max_abs=0 max_rel=0 mean_abs=0 tolerance=1e-5
token1_blk2 shared_expert=REQUIRED shared_graph_created=YES residual_add=YES final_composition=PASS
ffn_timing tensor=blk.1.ffn_gate_inp.weight payload_ready_ns=7036094070168 first_consumer_start_ns=7036242886926 payload_to_first_consumer_ns=148816758
ffn_timing tensor=blk.1.ffn_gate_shexp.weight payload_ready_ns=7042410971669 first_consumer_start_ns=7042541076818 payload_to_first_consumer_ns=130105149
ffn_timing tensor=blk.1.ffn_gate_exps.weight payload_ready_ns=7036424017865 first_consumer_start_ns=7036564325768 payload_to_first_consumer_ns=140307903
token1_blk2 full_layer_residency_hits=46 misses=51 evictions=24 source_reads=23 source_bytes=20402176 materialization_requests=23 resident_tensors_after=8
token1_blk2 full_layer_peak_active_persistent_bytes=1622016 full_layer_peak_resident_bytes=8312832
token1_blk2 first_payload_to_shared_compute_start_ns=6569117225 execution_ready_to_consumer_ns=NOT_INSTRUMENTED payload_to_first_useful_compute=NOT_INSTRUMENTED
normalized_input_parity max_abs=0 max_rel=0 mean_abs=0 tolerance=1e-5
router_score_parity max_abs=1.43051e-06 max_rel=0.000107496 mean_abs=3.76513e-07 tolerance=1e-5
selected_weight_parity max_abs=1.49012e-07 max_rel=7.50293e-07 mean_abs=5.71211e-08 tolerance=1e-5
reference_token1_blk2 topk_ids=37,18,44,53,23,49 normalized_weights=0.210563,0.198605,0.152328,0.149502,0.145231,0.143771,
reference_token1_blk2_routed expert_rank=0 expert_id=37 router_rank=0 graph_created=YES graph_refs=gate:0,up:1,down:2 storage_ref_base=20111 score_preserved=YES
reference_token1_blk2_routed expert_id=37 selected_range tensor=blk.1.ffn_gate_exps.weight offset=307373736 bytes=563200 layout=DIRECT
reference_token1_blk2_routed expert_id=37 selected_range tensor=blk.1.ffn_up_exps.weight offset=343418552 bytes=563200 layout=DIRECT
reference_token1_blk2_routed expert_id=37 selected_range tensor=blk.1.ffn_down_exps.weight offset=418639560 bytes=1622016 layout=DIRECT
reference_token1_blk2_routed prefetch expert_id=37 tensor=blk.1.ffn_gate_exps.weight dependency_distance=0
reference_token1_blk2_routed prefetch expert_id=37 tensor=blk.1.ffn_up_exps.weight dependency_distance=0
reference_token1_blk2_routed prefetch expert_id=37 tensor=blk.1.ffn_down_exps.weight dependency_distance=2
expert_parity max_abs=0 max_rel=0 mean_abs=0 tolerance=1e-5
reference_token1_blk2_routed expert_id=37 consumer_wait=not_instrumented acquire_release=recorded peak_active=1622016 peak_resident=3280896
reference_token1_blk2_routed expert_rank=1 expert_id=18 router_rank=1 graph_created=YES graph_refs=gate:0,up:1,down:2 storage_ref_base=20054 score_preserved=YES
reference_token1_blk2_routed expert_id=18 selected_range tensor=blk.1.ffn_gate_exps.weight offset=296672936 bytes=563200 layout=DIRECT
reference_token1_blk2_routed expert_id=18 selected_range tensor=blk.1.ffn_up_exps.weight offset=332717752 bytes=563200 layout=DIRECT
reference_token1_blk2_routed expert_id=18 selected_range tensor=blk.1.ffn_down_exps.weight offset=387821256 bytes=1622016 layout=DIRECT
reference_token1_blk2_routed prefetch expert_id=18 tensor=blk.1.ffn_gate_exps.weight dependency_distance=0
reference_token1_blk2_routed prefetch expert_id=18 tensor=blk.1.ffn_up_exps.weight dependency_distance=0
reference_token1_blk2_routed prefetch expert_id=18 tensor=blk.1.ffn_down_exps.weight dependency_distance=2
expert_parity max_abs=0 max_rel=0 mean_abs=0 tolerance=1e-5
reference_token1_blk2_routed expert_id=18 consumer_wait=not_instrumented acquire_release=recorded peak_active=1622016 peak_resident=6029312
reference_token1_blk2_routed expert_rank=2 expert_id=44 router_rank=2 graph_created=YES graph_refs=gate:0,up:1,down:2 storage_ref_base=20132 score_preserved=YES
reference_token1_blk2_routed expert_id=44 selected_range tensor=blk.1.ffn_gate_exps.weight offset=311316136 bytes=563200 layout=DIRECT
reference_token1_blk2_routed expert_id=44 selected_range tensor=blk.1.ffn_up_exps.weight offset=347360952 bytes=563200 layout=DIRECT
reference_token1_blk2_routed expert_id=44 selected_range tensor=blk.1.ffn_down_exps.weight offset=429993672 bytes=1622016 layout=DIRECT
reference_token1_blk2_routed prefetch expert_id=44 tensor=blk.1.ffn_gate_exps.weight dependency_distance=0
reference_token1_blk2_routed prefetch expert_id=44 tensor=blk.1.ffn_up_exps.weight dependency_distance=0
reference_token1_blk2_routed prefetch expert_id=44 tensor=blk.1.ffn_down_exps.weight dependency_distance=2
expert_parity max_abs=0 max_rel=0 mean_abs=0 tolerance=1e-5
reference_token1_blk2_routed expert_id=44 consumer_wait=not_instrumented acquire_release=recorded peak_active=1622016 peak_resident=8245248
reference_token1_blk2_routed expert_rank=3 expert_id=53 router_rank=3 graph_created=YES graph_refs=gate:0,up:1,down:2 storage_ref_base=20159 score_preserved=YES
reference_token1_blk2_routed expert_id=53 selected_range tensor=blk.1.ffn_gate_exps.weight offset=316384936 bytes=563200 layout=DIRECT
reference_token1_blk2_routed expert_id=53 selected_range tensor=blk.1.ffn_up_exps.weight offset=352429752 bytes=563200 layout=DIRECT
reference_token1_blk2_routed expert_id=53 selected_range tensor=blk.1.ffn_down_exps.weight offset=444591816 bytes=1622016 layout=DIRECT
reference_token1_blk2_routed prefetch expert_id=53 tensor=blk.1.ffn_gate_exps.weight dependency_distance=0
reference_token1_blk2_routed prefetch expert_id=53 tensor=blk.1.ffn_up_exps.weight dependency_distance=0
reference_token1_blk2_routed prefetch expert_id=53 tensor=blk.1.ffn_down_exps.weight dependency_distance=2
expert_parity max_abs=0 max_rel=0 mean_abs=0 tolerance=1e-5
reference_token1_blk2_routed expert_id=53 consumer_wait=not_instrumented acquire_release=recorded peak_active=1622016 peak_resident=8245248
reference_token1_blk2_routed expert_rank=4 expert_id=23 router_rank=4 graph_created=YES graph_refs=gate:0,up:1,down:2 storage_ref_base=20069 score_preserved=YES
reference_token1_blk2_routed expert_id=23 selected_range tensor=blk.1.ffn_gate_exps.weight offset=299488936 bytes=563200 layout=DIRECT
reference_token1_blk2_routed expert_id=23 selected_range tensor=blk.1.ffn_up_exps.weight offset=335533752 bytes=563200 layout=DIRECT
reference_token1_blk2_routed expert_id=23 selected_range tensor=blk.1.ffn_down_exps.weight offset=395931336 bytes=1622016 layout=DIRECT
reference_token1_blk2_routed prefetch expert_id=23 tensor=blk.1.ffn_gate_exps.weight dependency_distance=0
reference_token1_blk2_routed prefetch expert_id=23 tensor=blk.1.ffn_up_exps.weight dependency_distance=0
reference_token1_blk2_routed prefetch expert_id=23 tensor=blk.1.ffn_down_exps.weight dependency_distance=2
expert_parity max_abs=0 max_rel=0 mean_abs=0 tolerance=1e-5
reference_token1_blk2_routed expert_id=23 consumer_wait=not_instrumented acquire_release=recorded peak_active=1622016 peak_resident=8245248
reference_token1_blk2_routed expert_rank=5 expert_id=49 router_rank=5 graph_created=YES graph_refs=gate:0,up:1,down:2 storage_ref_base=20147 score_preserved=YES
reference_token1_blk2_routed expert_id=49 selected_range tensor=blk.1.ffn_gate_exps.weight offset=314132136 bytes=563200 layout=DIRECT
reference_token1_blk2_routed expert_id=49 selected_range tensor=blk.1.ffn_up_exps.weight offset=350176952 bytes=563200 layout=DIRECT
reference_token1_blk2_routed expert_id=49 selected_range tensor=blk.1.ffn_down_exps.weight offset=438103752 bytes=1622016 layout=DIRECT
reference_token1_blk2_routed prefetch expert_id=49 tensor=blk.1.ffn_gate_exps.weight dependency_distance=0
reference_token1_blk2_routed prefetch expert_id=49 tensor=blk.1.ffn_up_exps.weight dependency_distance=0
reference_token1_blk2_routed prefetch expert_id=49 tensor=blk.1.ffn_down_exps.weight dependency_distance=2
expert_parity max_abs=0 max_rel=0 mean_abs=0 tolerance=1e-5
reference_token1_blk2_routed expert_id=49 consumer_wait=not_instrumented acquire_release=recorded peak_active=1622016 peak_resident=8245248
reference_token1_blk2_routed residency_hits=36 residency_misses=42 source_reads=18 materialization_requests=18 source_policy_calls=18 evictions=11 resident_tensors_after=9
routed_merge_parity max_abs=0 max_rel=0 mean_abs=0 tolerance=1e-5
shared_expert_parity max_abs=0 max_rel=0 mean_abs=0 tolerance=1e-5
pre_residual_composition_parity max_abs=0 max_rel=0 mean_abs=0 tolerance=1e-5
final_layer_parity max_abs=0 max_rel=0 mean_abs=0 tolerance=1e-5
reference_token1_blk2 shared_expert=REQUIRED shared_graph_created=YES residual_add=YES final_composition=PASS
ffn_timing tensor=blk.1.ffn_gate_inp.weight payload_ready_ns=7043701844678 first_consumer_start_ns=7043852540456 payload_to_first_consumer_ns=150695778
ffn_timing tensor=blk.1.ffn_gate_shexp.weight payload_ready_ns=7049947930458 first_consumer_start_ns=7050101570593 payload_to_first_consumer_ns=153640135
ffn_timing tensor=blk.1.ffn_gate_exps.weight payload_ready_ns=7044044490303 first_consumer_start_ns=7044201575836 payload_to_first_consumer_ns=157085533
reference_token1_blk2 full_layer_residency_hits=46 misses=51 evictions=15 source_reads=23 source_bytes=20402176 materialization_requests=23 resident_tensors_after=8
reference_token1_blk2 full_layer_peak_active_persistent_bytes=1622016 full_layer_peak_resident_bytes=8312832
reference_token1_blk2 first_payload_to_shared_compute_start_ns=6514665803 execution_ready_to_consumer_ns=NOT_INSTRUMENTED payload_to_first_useful_compute=NOT_INSTRUMENTED
token1_blk2_attention_parity max_abs=0 max_rel=0 mean_abs=0 tolerance=1e-5
token1_blk2_block_parity max_abs=0 max_rel=0 mean_abs=0 tolerance=1e-5
token1 block_handoff block=3 handoff_ns=53080 activation_copy_bytes=0
attention_timing tensor=blk.1.attn_norm.weight payload_ready_ns=6964122458176 first_consumer_start_ns=7051101388696 payload_to_first_consumer_ns=86978930520
attention_timing tensor=blk.1.attn_q.weight payload_ready_ns=6964445584697 first_consumer_start_ns=7051433989620 payload_to_first_consumer_ns=86988404923
attention_timing tensor=blk.1.attn_kv_a_mqa.weight payload_ready_ns=6964757205039 first_consumer_start_ns=7051763320167 payload_to_first_consumer_ns=87006115128
attention_timing tensor=blk.1.attn_kv_a_norm.weight payload_ready_ns=6965055717852 first_consumer_start_ns=7052093701169 payload_to_first_consumer_ns=87037983317
attention_timing tensor=blk.1.attn_kv_b.weight payload_ready_ns=6965388697375 first_consumer_start_ns=7052421434128 payload_to_first_consumer_ns=87032736753
attention_timing tensor=blk.1.attn_output.weight payload_ready_ns=6965739417682 first_consumer_start_ns=7052767152902 payload_to_first_consumer_ns=87027735220
token1_blk3 position=1 state_k_positions=2 state_v_positions=2 attention_probs=0.647885,0.352115,0.653755,0.346246,0.748316,0.251684,0.454187,0.545813,0.370199,0.629801,0.660859,0.339141,0.0916113,0.908389,0.236917,0.763083,0.538436,0.461564,0.527116,0.472884,0.654188,0.345812,0.188689,0.811311,0.462708,0.537292,0.689584,0.310416,0.733999,0.266001,0.491397,0.508603,
reference_attention position=1 state_k_positions=2 state_v_positions=2 attention_probs=0.647885,0.352115,0.653755,0.346246,0.748316,0.251684,0.454187,0.545813,0.370199,0.629801,0.660859,0.339141,0.0916113,0.908389,0.236917,0.763083,0.538436,0.461564,0.527116,0.472884,0.654188,0.345812,0.188689,0.811311,0.462708,0.537292,0.689584,0.310416,0.733999,0.266001,0.491397,0.508603,
normalized_input_parity max_abs=0 max_rel=0 mean_abs=0 tolerance=1e-5
router_score_parity max_abs=1.37091e-06 max_rel=2.28584e-05 mean_abs=3.83676e-07 tolerance=1e-5
selected_weight_parity max_abs=8.9407e-08 max_rel=5.9106e-07 mean_abs=5.96046e-08 tolerance=1e-5
token1_blk3 topk_ids=60,2,53,35,15,59 normalized_weights=0.273384,0.190084,0.151266,0.136168,0.132768,0.11633,
token1_blk3_routed expert_rank=0 expert_id=60 router_rank=0 graph_created=YES graph_refs=gate:0,up:1,down:2 storage_ref_base=30180 score_preserved=YES
token1_blk3_routed expert_id=60 selected_range tensor=blk.1.ffn_gate_exps.weight offset=503098224 bytes=563200 layout=DIRECT
token1_blk3_routed expert_id=60 selected_range tensor=blk.1.ffn_up_exps.weight offset=539143040 bytes=563200 layout=DIRECT
token1_blk3_routed expert_id=60 selected_range tensor=blk.1.ffn_down_exps.weight offset=638716816 bytes=1622016 layout=DIRECT
token1_blk3_routed prefetch expert_id=60 tensor=blk.1.ffn_gate_exps.weight dependency_distance=0
token1_blk3_routed prefetch expert_id=60 tensor=blk.1.ffn_up_exps.weight dependency_distance=0
token1_blk3_routed prefetch expert_id=60 tensor=blk.1.ffn_down_exps.weight dependency_distance=2
expert_parity max_abs=0 max_rel=0 mean_abs=0 tolerance=1e-5
token1_blk3_routed expert_id=60 consumer_wait=not_instrumented acquire_release=recorded peak_active=1622016 peak_resident=7367680
token1_blk3_routed expert_rank=1 expert_id=2 router_rank=1 graph_created=YES graph_refs=gate:0,up:1,down:2 storage_ref_base=30006 score_preserved=YES
token1_blk3_routed expert_id=2 selected_range tensor=blk.1.ffn_gate_exps.weight offset=470432624 bytes=563200 layout=DIRECT
token1_blk3_routed expert_id=2 selected_range tensor=blk.1.ffn_up_exps.weight offset=506477440 bytes=563200 layout=DIRECT
token1_blk3_routed expert_id=2 selected_range tensor=blk.1.ffn_down_exps.weight offset=544639888 bytes=1622016 layout=DIRECT
token1_blk3_routed prefetch expert_id=2 tensor=blk.1.ffn_gate_exps.weight dependency_distance=0
token1_blk3_routed prefetch expert_id=2 tensor=blk.1.ffn_up_exps.weight dependency_distance=0
token1_blk3_routed prefetch expert_id=2 tensor=blk.1.ffn_down_exps.weight dependency_distance=2
expert_parity max_abs=0 max_rel=0 mean_abs=0 tolerance=1e-5
token1_blk3_routed expert_id=2 consumer_wait=not_instrumented acquire_release=recorded peak_active=1622016 peak_resident=7752704
token1_blk3_routed expert_rank=2 expert_id=53 router_rank=2 graph_created=YES graph_refs=gate:0,up:1,down:2 storage_ref_base=30159 score_preserved=YES
token1_blk3_routed expert_id=53 selected_range tensor=blk.1.ffn_gate_exps.weight offset=499155824 bytes=563200 layout=DIRECT
token1_blk3_routed expert_id=53 selected_range tensor=blk.1.ffn_up_exps.weight offset=535200640 bytes=563200 layout=DIRECT
token1_blk3_routed expert_id=53 selected_range tensor=blk.1.ffn_down_exps.weight offset=627362704 bytes=1622016 layout=DIRECT
token1_blk3_routed prefetch expert_id=53 tensor=blk.1.ffn_gate_exps.weight dependency_distance=0
token1_blk3_routed prefetch expert_id=53 tensor=blk.1.ffn_up_exps.weight dependency_distance=0
token1_blk3_routed prefetch expert_id=53 tensor=blk.1.ffn_down_exps.weight dependency_distance=2
expert_parity max_abs=0 max_rel=0 mean_abs=0 tolerance=1e-5
token1_blk3_routed expert_id=53 consumer_wait=not_instrumented acquire_release=recorded peak_active=1622016 peak_resident=8245248
token1_blk3_routed expert_rank=3 expert_id=35 router_rank=3 graph_created=YES graph_refs=gate:0,up:1,down:2 storage_ref_base=30105 score_preserved=YES
token1_blk3_routed expert_id=35 selected_range tensor=blk.1.ffn_gate_exps.weight offset=489018224 bytes=563200 layout=DIRECT
token1_blk3_routed expert_id=35 selected_range tensor=blk.1.ffn_up_exps.weight offset=525063040 bytes=563200 layout=DIRECT
token1_blk3_routed expert_id=35 selected_range tensor=blk.1.ffn_down_exps.weight offset=598166416 bytes=1622016 layout=DIRECT
token1_blk3_routed prefetch expert_id=35 tensor=blk.1.ffn_gate_exps.weight dependency_distance=0
token1_blk3_routed prefetch expert_id=35 tensor=blk.1.ffn_up_exps.weight dependency_distance=0
token1_blk3_routed prefetch expert_id=35 tensor=blk.1.ffn_down_exps.weight dependency_distance=2
expert_parity max_abs=0 max_rel=0 mean_abs=0 tolerance=1e-5
token1_blk3_routed expert_id=35 consumer_wait=not_instrumented acquire_release=recorded peak_active=1622016 peak_resident=8245248
token1_blk3_routed expert_rank=4 expert_id=15 router_rank=4 graph_created=YES graph_refs=gate:0,up:1,down:2 storage_ref_base=30045 score_preserved=YES
token1_blk3_routed expert_id=15 selected_range tensor=blk.1.ffn_gate_exps.weight offset=477754224 bytes=563200 layout=DIRECT
token1_blk3_routed expert_id=15 selected_range tensor=blk.1.ffn_up_exps.weight offset=513799040 bytes=563200 layout=DIRECT
token1_blk3_routed expert_id=15 selected_range tensor=blk.1.ffn_down_exps.weight offset=565726096 bytes=1622016 layout=DIRECT
token1_blk3_routed prefetch expert_id=15 tensor=blk.1.ffn_gate_exps.weight dependency_distance=0
token1_blk3_routed prefetch expert_id=15 tensor=blk.1.ffn_up_exps.weight dependency_distance=0
token1_blk3_routed prefetch expert_id=15 tensor=blk.1.ffn_down_exps.weight dependency_distance=2
expert_parity max_abs=0 max_rel=0 mean_abs=0 tolerance=1e-5
token1_blk3_routed expert_id=15 consumer_wait=not_instrumented acquire_release=recorded peak_active=1622016 peak_resident=8245248
token1_blk3_routed expert_rank=5 expert_id=59 router_rank=5 graph_created=YES graph_refs=gate:0,up:1,down:2 storage_ref_base=30177 score_preserved=YES
token1_blk3_routed expert_id=59 selected_range tensor=blk.1.ffn_gate_exps.weight offset=502535024 bytes=563200 layout=DIRECT
token1_blk3_routed expert_id=59 selected_range tensor=blk.1.ffn_up_exps.weight offset=538579840 bytes=563200 layout=DIRECT
token1_blk3_routed expert_id=59 selected_range tensor=blk.1.ffn_down_exps.weight offset=637094800 bytes=1622016 layout=DIRECT
token1_blk3_routed prefetch expert_id=59 tensor=blk.1.ffn_gate_exps.weight dependency_distance=0
token1_blk3_routed prefetch expert_id=59 tensor=blk.1.ffn_up_exps.weight dependency_distance=0
token1_blk3_routed prefetch expert_id=59 tensor=blk.1.ffn_down_exps.weight dependency_distance=2
expert_parity max_abs=0 max_rel=0 mean_abs=0 tolerance=1e-5
token1_blk3_routed expert_id=59 consumer_wait=not_instrumented acquire_release=recorded peak_active=1622016 peak_resident=8245248
token1_blk3_routed residency_hits=36 residency_misses=42 source_reads=18 materialization_requests=18 source_policy_calls=18 evictions=20 resident_tensors_after=9
routed_merge_parity max_abs=0 max_rel=0 mean_abs=0 tolerance=1e-5
shared_expert_parity max_abs=0 max_rel=0 mean_abs=0 tolerance=1e-5
pre_residual_composition_parity max_abs=0 max_rel=0 mean_abs=0 tolerance=1e-5
final_layer_parity max_abs=0 max_rel=0 mean_abs=0 tolerance=1e-5
token1_blk3 shared_expert=REQUIRED shared_graph_created=YES residual_add=YES final_composition=PASS
ffn_timing tensor=blk.1.ffn_gate_inp.weight payload_ready_ns=7053279120398 first_consumer_start_ns=7053396424901 payload_to_first_consumer_ns=117304503
ffn_timing tensor=blk.1.ffn_gate_shexp.weight payload_ready_ns=7059473584468 first_consumer_start_ns=7059589831115 payload_to_first_consumer_ns=116246647
ffn_timing tensor=blk.1.ffn_gate_exps.weight payload_ready_ns=7053605067808 first_consumer_start_ns=7053720972693 payload_to_first_consumer_ns=115904885
token1_blk3 full_layer_residency_hits=46 misses=51 evictions=25 source_reads=23 source_bytes=20402176 materialization_requests=23 resident_tensors_after=8
token1_blk3 full_layer_peak_active_persistent_bytes=1622016 full_layer_peak_resident_bytes=8312832
token1_blk3 first_payload_to_shared_compute_start_ns=6440922477 execution_ready_to_consumer_ns=NOT_INSTRUMENTED payload_to_first_useful_compute=NOT_INSTRUMENTED
normalized_input_parity max_abs=0 max_rel=0 mean_abs=0 tolerance=1e-5
router_score_parity max_abs=1.37091e-06 max_rel=2.28584e-05 mean_abs=3.83676e-07 tolerance=1e-5
selected_weight_parity max_abs=8.9407e-08 max_rel=5.9106e-07 mean_abs=5.96046e-08 tolerance=1e-5
reference_token1_blk3 topk_ids=60,2,53,35,15,59 normalized_weights=0.273384,0.190084,0.151266,0.136168,0.132768,0.11633,
reference_token1_blk3_routed expert_rank=0 expert_id=60 router_rank=0 graph_created=YES graph_refs=gate:0,up:1,down:2 storage_ref_base=30180 score_preserved=YES
reference_token1_blk3_routed expert_id=60 selected_range tensor=blk.1.ffn_gate_exps.weight offset=503098224 bytes=563200 layout=DIRECT
reference_token1_blk3_routed expert_id=60 selected_range tensor=blk.1.ffn_up_exps.weight offset=539143040 bytes=563200 layout=DIRECT
reference_token1_blk3_routed expert_id=60 selected_range tensor=blk.1.ffn_down_exps.weight offset=638716816 bytes=1622016 layout=DIRECT
reference_token1_blk3_routed prefetch expert_id=60 tensor=blk.1.ffn_gate_exps.weight dependency_distance=0
reference_token1_blk3_routed prefetch expert_id=60 tensor=blk.1.ffn_up_exps.weight dependency_distance=0
reference_token1_blk3_routed prefetch expert_id=60 tensor=blk.1.ffn_down_exps.weight dependency_distance=2
expert_parity max_abs=0 max_rel=0 mean_abs=0 tolerance=1e-5
reference_token1_blk3_routed expert_id=60 consumer_wait=not_instrumented acquire_release=recorded peak_active=1622016 peak_resident=3280896
reference_token1_blk3_routed expert_rank=1 expert_id=2 router_rank=1 graph_created=YES graph_refs=gate:0,up:1,down:2 storage_ref_base=30006 score_preserved=YES
reference_token1_blk3_routed expert_id=2 selected_range tensor=blk.1.ffn_gate_exps.weight offset=470432624 bytes=563200 layout=DIRECT
reference_token1_blk3_routed expert_id=2 selected_range tensor=blk.1.ffn_up_exps.weight offset=506477440 bytes=563200 layout=DIRECT
reference_token1_blk3_routed expert_id=2 selected_range tensor=blk.1.ffn_down_exps.weight offset=544639888 bytes=1622016 layout=DIRECT
reference_token1_blk3_routed prefetch expert_id=2 tensor=blk.1.ffn_gate_exps.weight dependency_distance=0
reference_token1_blk3_routed prefetch expert_id=2 tensor=blk.1.ffn_up_exps.weight dependency_distance=0
reference_token1_blk3_routed prefetch expert_id=2 tensor=blk.1.ffn_down_exps.weight dependency_distance=2
expert_parity max_abs=0 max_rel=0 mean_abs=0 tolerance=1e-5
reference_token1_blk3_routed expert_id=2 consumer_wait=not_instrumented acquire_release=recorded peak_active=1622016 peak_resident=6029312
reference_token1_blk3_routed expert_rank=2 expert_id=53 router_rank=2 graph_created=YES graph_refs=gate:0,up:1,down:2 storage_ref_base=30159 score_preserved=YES
reference_token1_blk3_routed expert_id=53 selected_range tensor=blk.1.ffn_gate_exps.weight offset=499155824 bytes=563200 layout=DIRECT
reference_token1_blk3_routed expert_id=53 selected_range tensor=blk.1.ffn_up_exps.weight offset=535200640 bytes=563200 layout=DIRECT
reference_token1_blk3_routed expert_id=53 selected_range tensor=blk.1.ffn_down_exps.weight offset=627362704 bytes=1622016 layout=DIRECT
reference_token1_blk3_routed prefetch expert_id=53 tensor=blk.1.ffn_gate_exps.weight dependency_distance=0
reference_token1_blk3_routed prefetch expert_id=53 tensor=blk.1.ffn_up_exps.weight dependency_distance=0
reference_token1_blk3_routed prefetch expert_id=53 tensor=blk.1.ffn_down_exps.weight dependency_distance=2
expert_parity max_abs=0 max_rel=0 mean_abs=0 tolerance=1e-5
reference_token1_blk3_routed expert_id=53 consumer_wait=not_instrumented acquire_release=recorded peak_active=1622016 peak_resident=8245248
reference_token1_blk3_routed expert_rank=3 expert_id=35 router_rank=3 graph_created=YES graph_refs=gate:0,up:1,down:2 storage_ref_base=30105 score_preserved=YES
reference_token1_blk3_routed expert_id=35 selected_range tensor=blk.1.ffn_gate_exps.weight offset=489018224 bytes=563200 layout=DIRECT
reference_token1_blk3_routed expert_id=35 selected_range tensor=blk.1.ffn_up_exps.weight offset=525063040 bytes=563200 layout=DIRECT
reference_token1_blk3_routed expert_id=35 selected_range tensor=blk.1.ffn_down_exps.weight offset=598166416 bytes=1622016 layout=DIRECT
reference_token1_blk3_routed prefetch expert_id=35 tensor=blk.1.ffn_gate_exps.weight dependency_distance=0
reference_token1_blk3_routed prefetch expert_id=35 tensor=blk.1.ffn_up_exps.weight dependency_distance=0
reference_token1_blk3_routed prefetch expert_id=35 tensor=blk.1.ffn_down_exps.weight dependency_distance=2
expert_parity max_abs=0 max_rel=0 mean_abs=0 tolerance=1e-5
reference_token1_blk3_routed expert_id=35 consumer_wait=not_instrumented acquire_release=recorded peak_active=1622016 peak_resident=8245248
reference_token1_blk3_routed expert_rank=4 expert_id=15 router_rank=4 graph_created=YES graph_refs=gate:0,up:1,down:2 storage_ref_base=30045 score_preserved=YES
reference_token1_blk3_routed expert_id=15 selected_range tensor=blk.1.ffn_gate_exps.weight offset=477754224 bytes=563200 layout=DIRECT
reference_token1_blk3_routed expert_id=15 selected_range tensor=blk.1.ffn_up_exps.weight offset=513799040 bytes=563200 layout=DIRECT
reference_token1_blk3_routed expert_id=15 selected_range tensor=blk.1.ffn_down_exps.weight offset=565726096 bytes=1622016 layout=DIRECT
reference_token1_blk3_routed prefetch expert_id=15 tensor=blk.1.ffn_gate_exps.weight dependency_distance=0
reference_token1_blk3_routed prefetch expert_id=15 tensor=blk.1.ffn_up_exps.weight dependency_distance=0
reference_token1_blk3_routed prefetch expert_id=15 tensor=blk.1.ffn_down_exps.weight dependency_distance=2
expert_parity max_abs=0 max_rel=0 mean_abs=0 tolerance=1e-5
reference_token1_blk3_routed expert_id=15 consumer_wait=not_instrumented acquire_release=recorded peak_active=1622016 peak_resident=8245248
reference_token1_blk3_routed expert_rank=5 expert_id=59 router_rank=5 graph_created=YES graph_refs=gate:0,up:1,down:2 storage_ref_base=30177 score_preserved=YES
reference_token1_blk3_routed expert_id=59 selected_range tensor=blk.1.ffn_gate_exps.weight offset=502535024 bytes=563200 layout=DIRECT
reference_token1_blk3_routed expert_id=59 selected_range tensor=blk.1.ffn_up_exps.weight offset=538579840 bytes=563200 layout=DIRECT
reference_token1_blk3_routed expert_id=59 selected_range tensor=blk.1.ffn_down_exps.weight offset=637094800 bytes=1622016 layout=DIRECT
reference_token1_blk3_routed prefetch expert_id=59 tensor=blk.1.ffn_gate_exps.weight dependency_distance=0
reference_token1_blk3_routed prefetch expert_id=59 tensor=blk.1.ffn_up_exps.weight dependency_distance=0
reference_token1_blk3_routed prefetch expert_id=59 tensor=blk.1.ffn_down_exps.weight dependency_distance=2
expert_parity max_abs=0 max_rel=0 mean_abs=0 tolerance=1e-5
reference_token1_blk3_routed expert_id=59 consumer_wait=not_instrumented acquire_release=recorded peak_active=1622016 peak_resident=8245248
reference_token1_blk3_routed residency_hits=36 residency_misses=42 source_reads=18 materialization_requests=18 source_policy_calls=18 evictions=11 resident_tensors_after=9
routed_merge_parity max_abs=0 max_rel=0 mean_abs=0 tolerance=1e-5
shared_expert_parity max_abs=0 max_rel=0 mean_abs=0 tolerance=1e-5
pre_residual_composition_parity max_abs=0 max_rel=0 mean_abs=0 tolerance=1e-5
final_layer_parity max_abs=0 max_rel=0 mean_abs=0 tolerance=1e-5
reference_token1_blk3 shared_expert=REQUIRED shared_graph_created=YES residual_add=YES final_composition=PASS
ffn_timing tensor=blk.1.ffn_gate_inp.weight payload_ready_ns=7060724405190 first_consumer_start_ns=7060835628451 payload_to_first_consumer_ns=111223261
ffn_timing tensor=blk.1.ffn_gate_shexp.weight payload_ready_ns=7066730228170 first_consumer_start_ns=7066878597209 payload_to_first_consumer_ns=148369039
ffn_timing tensor=blk.1.ffn_gate_exps.weight payload_ready_ns=7061027847402 first_consumer_start_ns=7061156628126 payload_to_first_consumer_ns=128780724
reference_token1_blk3 full_layer_residency_hits=46 misses=51 evictions=15 source_reads=23 source_bytes=20402176 materialization_requests=23 resident_tensors_after=8
reference_token1_blk3 full_layer_peak_active_persistent_bytes=1622016 full_layer_peak_resident_bytes=8312832
reference_token1_blk3 first_payload_to_shared_compute_start_ns=6260521312 execution_ready_to_consumer_ns=NOT_INSTRUMENTED payload_to_first_useful_compute=NOT_INSTRUMENTED
token1_blk3_attention_parity max_abs=0 max_rel=0 mean_abs=0 tolerance=1e-5
token1_blk3_block_parity max_abs=0 max_rel=0 mean_abs=0 tolerance=1e-5
token1 block_handoff block=4 handoff_ns=187541 activation_copy_bytes=0
attention_timing tensor=blk.1.attn_norm.weight payload_ready_ns=6964122458176 first_consumer_start_ns=7067713868459 payload_to_first_consumer_ns=103591410283
attention_timing tensor=blk.1.attn_q.weight payload_ready_ns=6964445584697 first_consumer_start_ns=7067994403260 payload_to_first_consumer_ns=103548818563
attention_timing tensor=blk.1.attn_kv_a_mqa.weight payload_ready_ns=6964757205039 first_consumer_start_ns=7068253530908 payload_to_first_consumer_ns=103496325869
attention_timing tensor=blk.1.attn_kv_a_norm.weight payload_ready_ns=6965055717852 first_consumer_start_ns=7068553318932 payload_to_first_consumer_ns=103497601080
attention_timing tensor=blk.1.attn_kv_b.weight payload_ready_ns=6965388697375 first_consumer_start_ns=7068839037071 payload_to_first_consumer_ns=103450339696
attention_timing tensor=blk.1.attn_output.weight payload_ready_ns=6965739417682 first_consumer_start_ns=7069124026486 payload_to_first_consumer_ns=103384608804
token1_blk4 position=1 state_k_positions=2 state_v_positions=2 attention_probs=0.799868,0.200132,0.120579,0.879421,0.726416,0.273584,0.43224,0.56776,0.518115,0.481885,0.198163,0.801837,0.21158,0.78842,0.46289,0.53711,0.106052,0.893948,0.522995,0.477005,0.209137,0.790863,0.128147,0.871853,0.508341,0.491659,0.561149,0.438851,0.496285,0.503715,0.103074,0.896926,
reference_attention position=1 state_k_positions=2 state_v_positions=2 attention_probs=0.799868,0.200132,0.120579,0.879421,0.726416,0.273584,0.43224,0.56776,0.518115,0.481885,0.198163,0.801837,0.21158,0.78842,0.46289,0.53711,0.106052,0.893948,0.522995,0.477005,0.209137,0.790863,0.128147,0.871853,0.508341,0.491659,0.561149,0.438851,0.496285,0.503715,0.103074,0.896926,
failure_source_reads=186 failure_injections=12
target_block_failure mode=middle-failure target_block=4 earlier_block_completed=YES later_blocks_executed=NO final_output=INVALID resident_bytes_after_teardown=0 execution_leases_after_teardown=0 materialization_resources_after_teardown=0 runtime_state_resources_after_teardown=0 cleanup=PASS failure_injections=12 completed_blocks=3 later_block_count=0 failure_source_reads=186
