block_range=blk.1..blk.8 block_count=8 attention=MLA_NON_SPLIT_KV ffn=real_sparse_top6_shared geometry=2048
fixtures=dtype:F32 dimensions:[2048,1] token0:one_hot(0) token1:one_hot(1) positions:0,1
block_descriptor block=1 tensor_count=14 namespace_base=10000
block_descriptor block=2 tensor_count=14 namespace_base=20000
block_descriptor block=3 tensor_count=14 namespace_base=30000
block_descriptor block=4 tensor_count=14 namespace_base=40000
block_descriptor block=5 tensor_count=14 namespace_base=50000
block_descriptor block=6 tensor_count=14 namespace_base=60000
block_descriptor block=7 tensor_count=14 namespace_base=70000
block_descriptor block=8 tensor_count=14 namespace_base=80000
mode=late-failure
failure_target_mode=late-failure target_offset=0
poc17_phase name=cold_token0 event_begin=0
attention_timing tensor=blk.1.attn_norm.weight payload_ready_ns=6215332886196 first_consumer_start_ns=6215414895495 payload_to_first_consumer_ns=82009299
attention_timing tensor=blk.1.attn_q.weight payload_ready_ns=6215539183543 first_consumer_start_ns=6215624836177 payload_to_first_consumer_ns=85652634
attention_timing tensor=blk.1.attn_kv_a_mqa.weight payload_ready_ns=6215753896123 first_consumer_start_ns=6215836498135 payload_to_first_consumer_ns=82602012
attention_timing tensor=blk.1.attn_kv_a_norm.weight payload_ready_ns=6215959016937 first_consumer_start_ns=6216042494581 payload_to_first_consumer_ns=83477644
attention_timing tensor=blk.1.attn_kv_b.weight payload_ready_ns=6216165481536 first_consumer_start_ns=6216245632648 payload_to_first_consumer_ns=80151112
attention_timing tensor=blk.1.attn_output.weight payload_ready_ns=6216372164165 first_consumer_start_ns=6216457169087 payload_to_first_consumer_ns=85004922
token0_blk1 position=0 state_k_positions=1 state_v_positions=1 attention_probs=1,1,1,1,1,1,1,1,1,1,1,1,1,1,1,1,
reference_attention position=0 state_k_positions=1 state_v_positions=1 attention_probs=1,1,1,1,1,1,1,1,1,1,1,1,1,1,1,1,
normalized_input_parity max_abs=0 max_rel=0 mean_abs=0 tolerance=1e-5
router_score_parity max_abs=1.43051e-06 max_rel=2.50091e-05 mean_abs=3.50527e-07 tolerance=1e-5
selected_weight_parity max_abs=7.45058e-08 max_rel=9.6258e-07 mean_abs=5.09123e-08 tolerance=1e-5
token0_blk1 topk_ids=56,11,50,34,3,47 normalized_weights=0.314496,0.213122,0.188313,0.119806,0.0868612,0.0774022,
token0_blk1_routed expert_rank=0 expert_id=56 router_rank=0 graph_created=YES graph_refs=gate:0,up:1,down:2 storage_ref_base=10168 score_preserved=YES
token0_blk1_routed expert_id=56 selected_range tensor=blk.1.ffn_gate_exps.weight offset=135303648 bytes=563200 layout=DIRECT
token0_blk1_routed expert_id=56 selected_range tensor=blk.1.ffn_up_exps.weight offset=171348464 bytes=563200 layout=DIRECT
token0_blk1_routed expert_id=56 selected_range tensor=blk.1.ffn_down_exps.weight offset=266686976 bytes=1622016 layout=DIRECT
token0_blk1_routed prefetch expert_id=56 tensor=blk.1.ffn_gate_exps.weight dependency_distance=0
token0_blk1_routed prefetch expert_id=56 tensor=blk.1.ffn_up_exps.weight dependency_distance=0
token0_blk1_routed prefetch expert_id=56 tensor=blk.1.ffn_down_exps.weight dependency_distance=2
expert_parity max_abs=0 max_rel=0 mean_abs=0 tolerance=1e-5
token0_blk1_routed expert_id=56 consumer_wait=not_instrumented acquire_release=recorded peak_active=1622016 peak_resident=6241280
token0_blk1_routed expert_rank=1 expert_id=11 router_rank=1 graph_created=YES graph_refs=gate:0,up:1,down:2 storage_ref_base=10033 score_preserved=YES
token0_blk1_routed expert_id=11 selected_range tensor=blk.1.ffn_gate_exps.weight offset=109959648 bytes=563200 layout=DIRECT
token0_blk1_routed expert_id=11 selected_range tensor=blk.1.ffn_up_exps.weight offset=146004464 bytes=563200 layout=DIRECT
token0_blk1_routed expert_id=11 selected_range tensor=blk.1.ffn_down_exps.weight offset=193696256 bytes=1622016 layout=DIRECT
token0_blk1_routed prefetch expert_id=11 tensor=blk.1.ffn_gate_exps.weight dependency_distance=0
token0_blk1_routed prefetch expert_id=11 tensor=blk.1.ffn_up_exps.weight dependency_distance=0
token0_blk1_routed prefetch expert_id=11 tensor=blk.1.ffn_down_exps.weight dependency_distance=2
expert_parity max_abs=0 max_rel=0 mean_abs=0 tolerance=1e-5
token0_blk1_routed expert_id=11 consumer_wait=not_instrumented acquire_release=recorded peak_active=1622016 peak_resident=7752704
token0_blk1_routed expert_rank=2 expert_id=50 router_rank=2 graph_created=YES graph_refs=gate:0,up:1,down:2 storage_ref_base=10150 score_preserved=YES
token0_blk1_routed expert_id=50 selected_range tensor=blk.1.ffn_gate_exps.weight offset=131924448 bytes=563200 layout=DIRECT
token0_blk1_routed expert_id=50 selected_range tensor=blk.1.ffn_up_exps.weight offset=167969264 bytes=563200 layout=DIRECT
token0_blk1_routed expert_id=50 selected_range tensor=blk.1.ffn_down_exps.weight offset=256954880 bytes=1622016 layout=DIRECT
token0_blk1_routed prefetch expert_id=50 tensor=blk.1.ffn_gate_exps.weight dependency_distance=0
token0_blk1_routed prefetch expert_id=50 tensor=blk.1.ffn_up_exps.weight dependency_distance=0
token0_blk1_routed prefetch expert_id=50 tensor=blk.1.ffn_down_exps.weight dependency_distance=2
expert_parity max_abs=0 max_rel=0 mean_abs=0 tolerance=1e-5
token0_blk1_routed expert_id=50 consumer_wait=not_instrumented acquire_release=recorded peak_active=1622016 peak_resident=8245248
token0_blk1_routed expert_rank=3 expert_id=34 router_rank=3 graph_created=YES graph_refs=gate:0,up:1,down:2 storage_ref_base=10102 score_preserved=YES
token0_blk1_routed expert_id=34 selected_range tensor=blk.1.ffn_gate_exps.weight offset=122913248 bytes=563200 layout=DIRECT
token0_blk1_routed expert_id=34 selected_range tensor=blk.1.ffn_up_exps.weight offset=158958064 bytes=563200 layout=DIRECT
token0_blk1_routed expert_id=34 selected_range tensor=blk.1.ffn_down_exps.weight offset=231002624 bytes=1622016 layout=DIRECT
token0_blk1_routed prefetch expert_id=34 tensor=blk.1.ffn_gate_exps.weight dependency_distance=0
token0_blk1_routed prefetch expert_id=34 tensor=blk.1.ffn_up_exps.weight dependency_distance=0
token0_blk1_routed prefetch expert_id=34 tensor=blk.1.ffn_down_exps.weight dependency_distance=2
expert_parity max_abs=0 max_rel=0 mean_abs=0 tolerance=1e-5
token0_blk1_routed expert_id=34 consumer_wait=not_instrumented acquire_release=recorded peak_active=1622016 peak_resident=8245248
token0_blk1_routed expert_rank=4 expert_id=3 router_rank=4 graph_created=YES graph_refs=gate:0,up:1,down:2 storage_ref_base=10009 score_preserved=YES
token0_blk1_routed expert_id=3 selected_range tensor=blk.1.ffn_gate_exps.weight offset=105454048 bytes=563200 layout=DIRECT
token0_blk1_routed expert_id=3 selected_range tensor=blk.1.ffn_up_exps.weight offset=141498864 bytes=563200 layout=DIRECT
token0_blk1_routed expert_id=3 selected_range tensor=blk.1.ffn_down_exps.weight offset=180720128 bytes=1622016 layout=DIRECT
token0_blk1_routed prefetch expert_id=3 tensor=blk.1.ffn_gate_exps.weight dependency_distance=0
token0_blk1_routed prefetch expert_id=3 tensor=blk.1.ffn_up_exps.weight dependency_distance=0
token0_blk1_routed prefetch expert_id=3 tensor=blk.1.ffn_down_exps.weight dependency_distance=2
expert_parity max_abs=0 max_rel=0 mean_abs=0 tolerance=1e-5
token0_blk1_routed expert_id=3 consumer_wait=not_instrumented acquire_release=recorded peak_active=1622016 peak_resident=8245248
token0_blk1_routed expert_rank=5 expert_id=47 router_rank=5 graph_created=YES graph_refs=gate:0,up:1,down:2 storage_ref_base=10141 score_preserved=YES
token0_blk1_routed expert_id=47 selected_range tensor=blk.1.ffn_gate_exps.weight offset=130234848 bytes=563200 layout=DIRECT
token0_blk1_routed expert_id=47 selected_range tensor=blk.1.ffn_up_exps.weight offset=166279664 bytes=563200 layout=DIRECT
token0_blk1_routed expert_id=47 selected_range tensor=blk.1.ffn_down_exps.weight offset=252088832 bytes=1622016 layout=DIRECT
token0_blk1_routed prefetch expert_id=47 tensor=blk.1.ffn_gate_exps.weight dependency_distance=0
token0_blk1_routed prefetch expert_id=47 tensor=blk.1.ffn_up_exps.weight dependency_distance=0
token0_blk1_routed prefetch expert_id=47 tensor=blk.1.ffn_down_exps.weight dependency_distance=2
expert_parity max_abs=0 max_rel=0 mean_abs=0 tolerance=1e-5
token0_blk1_routed expert_id=47 consumer_wait=not_instrumented acquire_release=recorded peak_active=1622016 peak_resident=8245248
token0_blk1_routed residency_hits=36 residency_misses=42 source_reads=18 materialization_requests=18 source_policy_calls=18 evictions=17 resident_tensors_after=9
routed_merge_parity max_abs=0 max_rel=0 mean_abs=0 tolerance=1e-5
shared_expert_parity max_abs=0 max_rel=0 mean_abs=0 tolerance=1e-5
pre_residual_composition_parity max_abs=0 max_rel=0 mean_abs=0 tolerance=1e-5
final_layer_parity max_abs=0 max_rel=0 mean_abs=0 tolerance=1e-5
token0_blk1 shared_expert=REQUIRED shared_graph_created=YES residual_add=YES final_composition=PASS
ffn_timing tensor=blk.1.ffn_gate_inp.weight payload_ready_ns=6216764311146 first_consumer_start_ns=6216840307322 payload_to_first_consumer_ns=75996176
ffn_timing tensor=blk.1.ffn_gate_shexp.weight payload_ready_ns=6223088429694 first_consumer_start_ns=6223227569242 payload_to_first_consumer_ns=139139548
ffn_timing tensor=blk.1.ffn_gate_exps.weight payload_ready_ns=6216953771081 first_consumer_start_ns=6217033205600 payload_to_first_consumer_ns=79434519
token0_blk1 full_layer_residency_hits=46 misses=51 evictions=23 source_reads=23 source_bytes=21168128 materialization_requests=23 resident_tensors_after=6
token0_blk1 full_layer_peak_active_persistent_bytes=1892352 full_layer_peak_resident_bytes=8245248
token0_blk1 first_payload_to_shared_compute_start_ns=6399529789 execution_ready_to_consumer_ns=NOT_INSTRUMENTED payload_to_first_useful_compute=NOT_INSTRUMENTED
normalized_input_parity max_abs=0 max_rel=0 mean_abs=0 tolerance=1e-5
router_score_parity max_abs=1.43051e-06 max_rel=2.50091e-05 mean_abs=3.50527e-07 tolerance=1e-5
selected_weight_parity max_abs=7.45058e-08 max_rel=9.6258e-07 mean_abs=5.09123e-08 tolerance=1e-5
reference_token0_blk1 topk_ids=56,11,50,34,3,47 normalized_weights=0.314496,0.213122,0.188313,0.119806,0.0868612,0.0774022,
reference_token0_blk1_routed expert_rank=0 expert_id=56 router_rank=0 graph_created=YES graph_refs=gate:0,up:1,down:2 storage_ref_base=10168 score_preserved=YES
reference_token0_blk1_routed expert_id=56 selected_range tensor=blk.1.ffn_gate_exps.weight offset=135303648 bytes=563200 layout=DIRECT
reference_token0_blk1_routed expert_id=56 selected_range tensor=blk.1.ffn_up_exps.weight offset=171348464 bytes=563200 layout=DIRECT
reference_token0_blk1_routed expert_id=56 selected_range tensor=blk.1.ffn_down_exps.weight offset=266686976 bytes=1622016 layout=DIRECT
reference_token0_blk1_routed prefetch expert_id=56 tensor=blk.1.ffn_gate_exps.weight dependency_distance=0
reference_token0_blk1_routed prefetch expert_id=56 tensor=blk.1.ffn_up_exps.weight dependency_distance=0
reference_token0_blk1_routed prefetch expert_id=56 tensor=blk.1.ffn_down_exps.weight dependency_distance=2
expert_parity max_abs=0 max_rel=0 mean_abs=0 tolerance=1e-5
reference_token0_blk1_routed expert_id=56 consumer_wait=not_instrumented acquire_release=recorded peak_active=1622016 peak_resident=3280896
reference_token0_blk1_routed expert_rank=1 expert_id=11 router_rank=1 graph_created=YES graph_refs=gate:0,up:1,down:2 storage_ref_base=10033 score_preserved=YES
reference_token0_blk1_routed expert_id=11 selected_range tensor=blk.1.ffn_gate_exps.weight offset=109959648 bytes=563200 layout=DIRECT
reference_token0_blk1_routed expert_id=11 selected_range tensor=blk.1.ffn_up_exps.weight offset=146004464 bytes=563200 layout=DIRECT
reference_token0_blk1_routed expert_id=11 selected_range tensor=blk.1.ffn_down_exps.weight offset=193696256 bytes=1622016 layout=DIRECT
reference_token0_blk1_routed prefetch expert_id=11 tensor=blk.1.ffn_gate_exps.weight dependency_distance=0
reference_token0_blk1_routed prefetch expert_id=11 tensor=blk.1.ffn_up_exps.weight dependency_distance=0
reference_token0_blk1_routed prefetch expert_id=11 tensor=blk.1.ffn_down_exps.weight dependency_distance=2
expert_parity max_abs=0 max_rel=0 mean_abs=0 tolerance=1e-5
reference_token0_blk1_routed expert_id=11 consumer_wait=not_instrumented acquire_release=recorded peak_active=1622016 peak_resident=6029312
reference_token0_blk1_routed expert_rank=2 expert_id=50 router_rank=2 graph_created=YES graph_refs=gate:0,up:1,down:2 storage_ref_base=10150 score_preserved=YES
reference_token0_blk1_routed expert_id=50 selected_range tensor=blk.1.ffn_gate_exps.weight offset=131924448 bytes=563200 layout=DIRECT
reference_token0_blk1_routed expert_id=50 selected_range tensor=blk.1.ffn_up_exps.weight offset=167969264 bytes=563200 layout=DIRECT
reference_token0_blk1_routed expert_id=50 selected_range tensor=blk.1.ffn_down_exps.weight offset=256954880 bytes=1622016 layout=DIRECT
reference_token0_blk1_routed prefetch expert_id=50 tensor=blk.1.ffn_gate_exps.weight dependency_distance=0
reference_token0_blk1_routed prefetch expert_id=50 tensor=blk.1.ffn_up_exps.weight dependency_distance=0
reference_token0_blk1_routed prefetch expert_id=50 tensor=blk.1.ffn_down_exps.weight dependency_distance=2
expert_parity max_abs=0 max_rel=0 mean_abs=0 tolerance=1e-5
reference_token0_blk1_routed expert_id=50 consumer_wait=not_instrumented acquire_release=recorded peak_active=1622016 peak_resident=8245248
reference_token0_blk1_routed expert_rank=3 expert_id=34 router_rank=3 graph_created=YES graph_refs=gate:0,up:1,down:2 storage_ref_base=10102 score_preserved=YES
reference_token0_blk1_routed expert_id=34 selected_range tensor=blk.1.ffn_gate_exps.weight offset=122913248 bytes=563200 layout=DIRECT
reference_token0_blk1_routed expert_id=34 selected_range tensor=blk.1.ffn_up_exps.weight offset=158958064 bytes=563200 layout=DIRECT
reference_token0_blk1_routed expert_id=34 selected_range tensor=blk.1.ffn_down_exps.weight offset=231002624 bytes=1622016 layout=DIRECT
reference_token0_blk1_routed prefetch expert_id=34 tensor=blk.1.ffn_gate_exps.weight dependency_distance=0
reference_token0_blk1_routed prefetch expert_id=34 tensor=blk.1.ffn_up_exps.weight dependency_distance=0
reference_token0_blk1_routed prefetch expert_id=34 tensor=blk.1.ffn_down_exps.weight dependency_distance=2
expert_parity max_abs=0 max_rel=0 mean_abs=0 tolerance=1e-5
reference_token0_blk1_routed expert_id=34 consumer_wait=not_instrumented acquire_release=recorded peak_active=1622016 peak_resident=8245248
reference_token0_blk1_routed expert_rank=4 expert_id=3 router_rank=4 graph_created=YES graph_refs=gate:0,up:1,down:2 storage_ref_base=10009 score_preserved=YES
reference_token0_blk1_routed expert_id=3 selected_range tensor=blk.1.ffn_gate_exps.weight offset=105454048 bytes=563200 layout=DIRECT
reference_token0_blk1_routed expert_id=3 selected_range tensor=blk.1.ffn_up_exps.weight offset=141498864 bytes=563200 layout=DIRECT
reference_token0_blk1_routed expert_id=3 selected_range tensor=blk.1.ffn_down_exps.weight offset=180720128 bytes=1622016 layout=DIRECT
reference_token0_blk1_routed prefetch expert_id=3 tensor=blk.1.ffn_gate_exps.weight dependency_distance=0
reference_token0_blk1_routed prefetch expert_id=3 tensor=blk.1.ffn_up_exps.weight dependency_distance=0
reference_token0_blk1_routed prefetch expert_id=3 tensor=blk.1.ffn_down_exps.weight dependency_distance=2
expert_parity max_abs=0 max_rel=0 mean_abs=0 tolerance=1e-5
reference_token0_blk1_routed expert_id=3 consumer_wait=not_instrumented acquire_release=recorded peak_active=1622016 peak_resident=8245248
reference_token0_blk1_routed expert_rank=5 expert_id=47 router_rank=5 graph_created=YES graph_refs=gate:0,up:1,down:2 storage_ref_base=10141 score_preserved=YES
reference_token0_blk1_routed expert_id=47 selected_range tensor=blk.1.ffn_gate_exps.weight offset=130234848 bytes=563200 layout=DIRECT
reference_token0_blk1_routed expert_id=47 selected_range tensor=blk.1.ffn_up_exps.weight offset=166279664 bytes=563200 layout=DIRECT
reference_token0_blk1_routed expert_id=47 selected_range tensor=blk.1.ffn_down_exps.weight offset=252088832 bytes=1622016 layout=DIRECT
reference_token0_blk1_routed prefetch expert_id=47 tensor=blk.1.ffn_gate_exps.weight dependency_distance=0
reference_token0_blk1_routed prefetch expert_id=47 tensor=blk.1.ffn_up_exps.weight dependency_distance=0
reference_token0_blk1_routed prefetch expert_id=47 tensor=blk.1.ffn_down_exps.weight dependency_distance=2
expert_parity max_abs=0 max_rel=0 mean_abs=0 tolerance=1e-5
reference_token0_blk1_routed expert_id=47 consumer_wait=not_instrumented acquire_release=recorded peak_active=1622016 peak_resident=8245248
reference_token0_blk1_routed residency_hits=36 residency_misses=42 source_reads=18 materialization_requests=18 source_policy_calls=18 evictions=11 resident_tensors_after=9
routed_merge_parity max_abs=0 max_rel=0 mean_abs=0 tolerance=1e-5
shared_expert_parity max_abs=0 max_rel=0 mean_abs=0 tolerance=1e-5
pre_residual_composition_parity max_abs=0 max_rel=0 mean_abs=0 tolerance=1e-5
final_layer_parity max_abs=0 max_rel=0 mean_abs=0 tolerance=1e-5
reference_token0_blk1 shared_expert=REQUIRED shared_graph_created=YES residual_add=YES final_composition=PASS
ffn_timing tensor=blk.1.ffn_gate_inp.weight payload_ready_ns=6224539689761 first_consumer_start_ns=6224697711862 payload_to_first_consumer_ns=158022101
ffn_timing tensor=blk.1.ffn_gate_shexp.weight payload_ready_ns=6231749274320 first_consumer_start_ns=6231826074264 payload_to_first_consumer_ns=76799944
ffn_timing tensor=blk.1.ffn_gate_exps.weight payload_ready_ns=6224889389281 first_consumer_start_ns=6225049353580 payload_to_first_consumer_ns=159964299
reference_token0_blk1 full_layer_residency_hits=46 misses=51 evictions=17 source_reads=23 source_bytes=21168128 materialization_requests=23 resident_tensors_after=6
reference_token0_blk1 full_layer_peak_active_persistent_bytes=1892352 full_layer_peak_resident_bytes=8245248
reference_token0_blk1 first_payload_to_shared_compute_start_ns=7487287211 execution_ready_to_consumer_ns=NOT_INSTRUMENTED payload_to_first_useful_compute=NOT_INSTRUMENTED
token0_blk1_attention_parity max_abs=0 max_rel=0 mean_abs=0 tolerance=1e-5
token0_blk1_block_parity max_abs=0 max_rel=0 mean_abs=0 tolerance=1e-5
token0 block_handoff block=2 handoff_ns=45820 activation_copy_bytes=0
attention_timing tensor=blk.1.attn_norm.weight payload_ready_ns=6215332886196 first_consumer_start_ns=6232456850531 payload_to_first_consumer_ns=17123964335
attention_timing tensor=blk.1.attn_q.weight payload_ready_ns=6215539183543 first_consumer_start_ns=6232664724648 payload_to_first_consumer_ns=17125541105
attention_timing tensor=blk.1.attn_kv_a_mqa.weight payload_ready_ns=6215753896123 first_consumer_start_ns=6232874892343 payload_to_first_consumer_ns=17120996220
attention_timing tensor=blk.1.attn_kv_a_norm.weight payload_ready_ns=6215959016937 first_consumer_start_ns=6233083634623 payload_to_first_consumer_ns=17124617686
attention_timing tensor=blk.1.attn_kv_b.weight payload_ready_ns=6216165481536 first_consumer_start_ns=6233293920910 payload_to_first_consumer_ns=17128439374
attention_timing tensor=blk.1.attn_output.weight payload_ready_ns=6216372164165 first_consumer_start_ns=6233496546448 payload_to_first_consumer_ns=17124382283
token0_blk2 position=0 state_k_positions=1 state_v_positions=1 attention_probs=1,1,1,1,1,1,1,1,1,1,1,1,1,1,1,1,
reference_attention position=0 state_k_positions=1 state_v_positions=1 attention_probs=1,1,1,1,1,1,1,1,1,1,1,1,1,1,1,1,
normalized_input_parity max_abs=0 max_rel=0 mean_abs=0 tolerance=1e-5
router_score_parity max_abs=1.66893e-06 max_rel=5.85471e-06 mean_abs=4.32396e-07 tolerance=1e-5
selected_weight_parity max_abs=1.78814e-07 max_rel=1.10721e-06 mean_abs=1.16726e-07 tolerance=1e-5
token0_blk2 topk_ids=18,37,53,44,23,61 normalized_weights=0.364895,0.165983,0.145671,0.134583,0.100169,0.0887,
token0_blk2_routed expert_rank=0 expert_id=18 router_rank=0 graph_created=YES graph_refs=gate:0,up:1,down:2 storage_ref_base=20054 score_preserved=YES
token0_blk2_routed expert_id=18 selected_range tensor=blk.1.ffn_gate_exps.weight offset=296672936 bytes=563200 layout=DIRECT
token0_blk2_routed expert_id=18 selected_range tensor=blk.1.ffn_up_exps.weight offset=332717752 bytes=563200 layout=DIRECT
token0_blk2_routed expert_id=18 selected_range tensor=blk.1.ffn_down_exps.weight offset=387821256 bytes=1622016 layout=DIRECT
token0_blk2_routed prefetch expert_id=18 tensor=blk.1.ffn_gate_exps.weight dependency_distance=0
token0_blk2_routed prefetch expert_id=18 tensor=blk.1.ffn_up_exps.weight dependency_distance=0
token0_blk2_routed prefetch expert_id=18 tensor=blk.1.ffn_down_exps.weight dependency_distance=2
expert_parity max_abs=0 max_rel=0 mean_abs=0 tolerance=1e-5
token0_blk2_routed expert_id=18 consumer_wait=not_instrumented acquire_release=recorded peak_active=1622016 peak_resident=8133632
token0_blk2_routed expert_rank=1 expert_id=37 router_rank=1 graph_created=YES graph_refs=gate:0,up:1,down:2 storage_ref_base=20111 score_preserved=YES
token0_blk2_routed expert_id=37 selected_range tensor=blk.1.ffn_gate_exps.weight offset=307373736 bytes=563200 layout=DIRECT
token0_blk2_routed expert_id=37 selected_range tensor=blk.1.ffn_up_exps.weight offset=343418552 bytes=563200 layout=DIRECT
token0_blk2_routed expert_id=37 selected_range tensor=blk.1.ffn_down_exps.weight offset=418639560 bytes=1622016 layout=DIRECT
token0_blk2_routed prefetch expert_id=37 tensor=blk.1.ffn_gate_exps.weight dependency_distance=0
token0_blk2_routed prefetch expert_id=37 tensor=blk.1.ffn_up_exps.weight dependency_distance=0
token0_blk2_routed prefetch expert_id=37 tensor=blk.1.ffn_down_exps.weight dependency_distance=2
expert_parity max_abs=0 max_rel=0 mean_abs=0 tolerance=1e-5
token0_blk2_routed expert_id=37 consumer_wait=not_instrumented acquire_release=recorded peak_active=1622016 peak_resident=7752704
token0_blk2_routed expert_rank=2 expert_id=53 router_rank=2 graph_created=YES graph_refs=gate:0,up:1,down:2 storage_ref_base=20159 score_preserved=YES
token0_blk2_routed expert_id=53 selected_range tensor=blk.1.ffn_gate_exps.weight offset=316384936 bytes=563200 layout=DIRECT
token0_blk2_routed expert_id=53 selected_range tensor=blk.1.ffn_up_exps.weight offset=352429752 bytes=563200 layout=DIRECT
token0_blk2_routed expert_id=53 selected_range tensor=blk.1.ffn_down_exps.weight offset=444591816 bytes=1622016 layout=DIRECT
token0_blk2_routed prefetch expert_id=53 tensor=blk.1.ffn_gate_exps.weight dependency_distance=0
token0_blk2_routed prefetch expert_id=53 tensor=blk.1.ffn_up_exps.weight dependency_distance=0
token0_blk2_routed prefetch expert_id=53 tensor=blk.1.ffn_down_exps.weight dependency_distance=2
expert_parity max_abs=0 max_rel=0 mean_abs=0 tolerance=1e-5
token0_blk2_routed expert_id=53 consumer_wait=not_instrumented acquire_release=recorded peak_active=1622016 peak_resident=8245248
token0_blk2_routed expert_rank=3 expert_id=44 router_rank=3 graph_created=YES graph_refs=gate:0,up:1,down:2 storage_ref_base=20132 score_preserved=YES
token0_blk2_routed expert_id=44 selected_range tensor=blk.1.ffn_gate_exps.weight offset=311316136 bytes=563200 layout=DIRECT
token0_blk2_routed expert_id=44 selected_range tensor=blk.1.ffn_up_exps.weight offset=347360952 bytes=563200 layout=DIRECT
token0_blk2_routed expert_id=44 selected_range tensor=blk.1.ffn_down_exps.weight offset=429993672 bytes=1622016 layout=DIRECT
token0_blk2_routed prefetch expert_id=44 tensor=blk.1.ffn_gate_exps.weight dependency_distance=0
token0_blk2_routed prefetch expert_id=44 tensor=blk.1.ffn_up_exps.weight dependency_distance=0
token0_blk2_routed prefetch expert_id=44 tensor=blk.1.ffn_down_exps.weight dependency_distance=2
expert_parity max_abs=0 max_rel=0 mean_abs=0 tolerance=1e-5
token0_blk2_routed expert_id=44 consumer_wait=not_instrumented acquire_release=recorded peak_active=1622016 peak_resident=8245248
token0_blk2_routed expert_rank=4 expert_id=23 router_rank=4 graph_created=YES graph_refs=gate:0,up:1,down:2 storage_ref_base=20069 score_preserved=YES
token0_blk2_routed expert_id=23 selected_range tensor=blk.1.ffn_gate_exps.weight offset=299488936 bytes=563200 layout=DIRECT
token0_blk2_routed expert_id=23 selected_range tensor=blk.1.ffn_up_exps.weight offset=335533752 bytes=563200 layout=DIRECT
token0_blk2_routed expert_id=23 selected_range tensor=blk.1.ffn_down_exps.weight offset=395931336 bytes=1622016 layout=DIRECT
token0_blk2_routed prefetch expert_id=23 tensor=blk.1.ffn_gate_exps.weight dependency_distance=0
token0_blk2_routed prefetch expert_id=23 tensor=blk.1.ffn_up_exps.weight dependency_distance=0
token0_blk2_routed prefetch expert_id=23 tensor=blk.1.ffn_down_exps.weight dependency_distance=2
expert_parity max_abs=0 max_rel=0 mean_abs=0 tolerance=1e-5
token0_blk2_routed expert_id=23 consumer_wait=not_instrumented acquire_release=recorded peak_active=1622016 peak_resident=8245248
token0_blk2_routed expert_rank=5 expert_id=61 router_rank=5 graph_created=YES graph_refs=gate:0,up:1,down:2 storage_ref_base=20183 score_preserved=YES
token0_blk2_routed expert_id=61 selected_range tensor=blk.1.ffn_gate_exps.weight offset=320890536 bytes=563200 layout=DIRECT
token0_blk2_routed expert_id=61 selected_range tensor=blk.1.ffn_up_exps.weight offset=356935352 bytes=563200 layout=DIRECT
token0_blk2_routed expert_id=61 selected_range tensor=blk.1.ffn_down_exps.weight offset=457567944 bytes=1622016 layout=DIRECT
token0_blk2_routed prefetch expert_id=61 tensor=blk.1.ffn_gate_exps.weight dependency_distance=0
token0_blk2_routed prefetch expert_id=61 tensor=blk.1.ffn_up_exps.weight dependency_distance=0
token0_blk2_routed prefetch expert_id=61 tensor=blk.1.ffn_down_exps.weight dependency_distance=2
expert_parity max_abs=0 max_rel=0 mean_abs=0 tolerance=1e-5
token0_blk2_routed expert_id=61 consumer_wait=not_instrumented acquire_release=recorded peak_active=1622016 peak_resident=8245248
token0_blk2_routed residency_hits=36 residency_misses=42 source_reads=18 materialization_requests=18 source_policy_calls=18 evictions=20 resident_tensors_after=9
routed_merge_parity max_abs=0 max_rel=0 mean_abs=0 tolerance=1e-5
shared_expert_parity max_abs=0 max_rel=0 mean_abs=0 tolerance=1e-5
pre_residual_composition_parity max_abs=0 max_rel=0 mean_abs=0 tolerance=1e-5
final_layer_parity max_abs=0 max_rel=0 mean_abs=0 tolerance=1e-5
token0_blk2 shared_expert=REQUIRED shared_graph_created=YES residual_add=YES final_composition=PASS
ffn_timing tensor=blk.1.ffn_gate_inp.weight payload_ready_ns=6233806557317 first_consumer_start_ns=6233883027980 payload_to_first_consumer_ns=76470663
ffn_timing tensor=blk.1.ffn_gate_shexp.weight payload_ready_ns=6240705579966 first_consumer_start_ns=6240832799898 payload_to_first_consumer_ns=127219932
ffn_timing tensor=blk.1.ffn_gate_exps.weight payload_ready_ns=6234000207380 first_consumer_start_ns=6234114222787 payload_to_first_consumer_ns=114015407
token0_blk2 full_layer_residency_hits=46 misses=51 evictions=24 source_reads=23 source_bytes=20402176 materialization_requests=23 resident_tensors_after=8
token0_blk2 full_layer_peak_active_persistent_bytes=1622016 full_layer_peak_resident_bytes=8312832
token0_blk2 first_payload_to_shared_compute_start_ns=6996082970 execution_ready_to_consumer_ns=NOT_INSTRUMENTED payload_to_first_useful_compute=NOT_INSTRUMENTED
normalized_input_parity max_abs=0 max_rel=0 mean_abs=0 tolerance=1e-5
router_score_parity max_abs=1.66893e-06 max_rel=5.85471e-06 mean_abs=4.32396e-07 tolerance=1e-5
selected_weight_parity max_abs=1.78814e-07 max_rel=1.10721e-06 mean_abs=1.16726e-07 tolerance=1e-5
reference_token0_blk2 topk_ids=18,37,53,44,23,61 normalized_weights=0.364895,0.165983,0.145671,0.134583,0.100169,0.0887,
reference_token0_blk2_routed expert_rank=0 expert_id=18 router_rank=0 graph_created=YES graph_refs=gate:0,up:1,down:2 storage_ref_base=20054 score_preserved=YES
reference_token0_blk2_routed expert_id=18 selected_range tensor=blk.1.ffn_gate_exps.weight offset=296672936 bytes=563200 layout=DIRECT
reference_token0_blk2_routed expert_id=18 selected_range tensor=blk.1.ffn_up_exps.weight offset=332717752 bytes=563200 layout=DIRECT
reference_token0_blk2_routed expert_id=18 selected_range tensor=blk.1.ffn_down_exps.weight offset=387821256 bytes=1622016 layout=DIRECT
reference_token0_blk2_routed prefetch expert_id=18 tensor=blk.1.ffn_gate_exps.weight dependency_distance=0
reference_token0_blk2_routed prefetch expert_id=18 tensor=blk.1.ffn_up_exps.weight dependency_distance=0
reference_token0_blk2_routed prefetch expert_id=18 tensor=blk.1.ffn_down_exps.weight dependency_distance=2
expert_parity max_abs=0 max_rel=0 mean_abs=0 tolerance=1e-5
reference_token0_blk2_routed expert_id=18 consumer_wait=not_instrumented acquire_release=recorded peak_active=1622016 peak_resident=3280896
reference_token0_blk2_routed expert_rank=1 expert_id=37 router_rank=1 graph_created=YES graph_refs=gate:0,up:1,down:2 storage_ref_base=20111 score_preserved=YES
reference_token0_blk2_routed expert_id=37 selected_range tensor=blk.1.ffn_gate_exps.weight offset=307373736 bytes=563200 layout=DIRECT
reference_token0_blk2_routed expert_id=37 selected_range tensor=blk.1.ffn_up_exps.weight offset=343418552 bytes=563200 layout=DIRECT
reference_token0_blk2_routed expert_id=37 selected_range tensor=blk.1.ffn_down_exps.weight offset=418639560 bytes=1622016 layout=DIRECT
reference_token0_blk2_routed prefetch expert_id=37 tensor=blk.1.ffn_gate_exps.weight dependency_distance=0
reference_token0_blk2_routed prefetch expert_id=37 tensor=blk.1.ffn_up_exps.weight dependency_distance=0
reference_token0_blk2_routed prefetch expert_id=37 tensor=blk.1.ffn_down_exps.weight dependency_distance=2
expert_parity max_abs=0 max_rel=0 mean_abs=0 tolerance=1e-5
reference_token0_blk2_routed expert_id=37 consumer_wait=not_instrumented acquire_release=recorded peak_active=1622016 peak_resident=6029312
reference_token0_blk2_routed expert_rank=2 expert_id=53 router_rank=2 graph_created=YES graph_refs=gate:0,up:1,down:2 storage_ref_base=20159 score_preserved=YES
reference_token0_blk2_routed expert_id=53 selected_range tensor=blk.1.ffn_gate_exps.weight offset=316384936 bytes=563200 layout=DIRECT
reference_token0_blk2_routed expert_id=53 selected_range tensor=blk.1.ffn_up_exps.weight offset=352429752 bytes=563200 layout=DIRECT
reference_token0_blk2_routed expert_id=53 selected_range tensor=blk.1.ffn_down_exps.weight offset=444591816 bytes=1622016 layout=DIRECT
reference_token0_blk2_routed prefetch expert_id=53 tensor=blk.1.ffn_gate_exps.weight dependency_distance=0
reference_token0_blk2_routed prefetch expert_id=53 tensor=blk.1.ffn_up_exps.weight dependency_distance=0
reference_token0_blk2_routed prefetch expert_id=53 tensor=blk.1.ffn_down_exps.weight dependency_distance=2
expert_parity max_abs=0 max_rel=0 mean_abs=0 tolerance=1e-5
reference_token0_blk2_routed expert_id=53 consumer_wait=not_instrumented acquire_release=recorded peak_active=1622016 peak_resident=8245248
reference_token0_blk2_routed expert_rank=3 expert_id=44 router_rank=3 graph_created=YES graph_refs=gate:0,up:1,down:2 storage_ref_base=20132 score_preserved=YES
reference_token0_blk2_routed expert_id=44 selected_range tensor=blk.1.ffn_gate_exps.weight offset=311316136 bytes=563200 layout=DIRECT
reference_token0_blk2_routed expert_id=44 selected_range tensor=blk.1.ffn_up_exps.weight offset=347360952 bytes=563200 layout=DIRECT
reference_token0_blk2_routed expert_id=44 selected_range tensor=blk.1.ffn_down_exps.weight offset=429993672 bytes=1622016 layout=DIRECT
reference_token0_blk2_routed prefetch expert_id=44 tensor=blk.1.ffn_gate_exps.weight dependency_distance=0
reference_token0_blk2_routed prefetch expert_id=44 tensor=blk.1.ffn_up_exps.weight dependency_distance=0
reference_token0_blk2_routed prefetch expert_id=44 tensor=blk.1.ffn_down_exps.weight dependency_distance=2
expert_parity max_abs=0 max_rel=0 mean_abs=0 tolerance=1e-5
reference_token0_blk2_routed expert_id=44 consumer_wait=not_instrumented acquire_release=recorded peak_active=1622016 peak_resident=8245248
reference_token0_blk2_routed expert_rank=4 expert_id=23 router_rank=4 graph_created=YES graph_refs=gate:0,up:1,down:2 storage_ref_base=20069 score_preserved=YES
reference_token0_blk2_routed expert_id=23 selected_range tensor=blk.1.ffn_gate_exps.weight offset=299488936 bytes=563200 layout=DIRECT
reference_token0_blk2_routed expert_id=23 selected_range tensor=blk.1.ffn_up_exps.weight offset=335533752 bytes=563200 layout=DIRECT
reference_token0_blk2_routed expert_id=23 selected_range tensor=blk.1.ffn_down_exps.weight offset=395931336 bytes=1622016 layout=DIRECT
reference_token0_blk2_routed prefetch expert_id=23 tensor=blk.1.ffn_gate_exps.weight dependency_distance=0
reference_token0_blk2_routed prefetch expert_id=23 tensor=blk.1.ffn_up_exps.weight dependency_distance=0
reference_token0_blk2_routed prefetch expert_id=23 tensor=blk.1.ffn_down_exps.weight dependency_distance=2
expert_parity max_abs=0 max_rel=0 mean_abs=0 tolerance=1e-5
reference_token0_blk2_routed expert_id=23 consumer_wait=not_instrumented acquire_release=recorded peak_active=1622016 peak_resident=8245248
reference_token0_blk2_routed expert_rank=5 expert_id=61 router_rank=5 graph_created=YES graph_refs=gate:0,up:1,down:2 storage_ref_base=20183 score_preserved=YES
reference_token0_blk2_routed expert_id=61 selected_range tensor=blk.1.ffn_gate_exps.weight offset=320890536 bytes=563200 layout=DIRECT
reference_token0_blk2_routed expert_id=61 selected_range tensor=blk.1.ffn_up_exps.weight offset=356935352 bytes=563200 layout=DIRECT
reference_token0_blk2_routed expert_id=61 selected_range tensor=blk.1.ffn_down_exps.weight offset=457567944 bytes=1622016 layout=DIRECT
reference_token0_blk2_routed prefetch expert_id=61 tensor=blk.1.ffn_gate_exps.weight dependency_distance=0
reference_token0_blk2_routed prefetch expert_id=61 tensor=blk.1.ffn_up_exps.weight dependency_distance=0
reference_token0_blk2_routed prefetch expert_id=61 tensor=blk.1.ffn_down_exps.weight dependency_distance=2
expert_parity max_abs=0 max_rel=0 mean_abs=0 tolerance=1e-5
reference_token0_blk2_routed expert_id=61 consumer_wait=not_instrumented acquire_release=recorded peak_active=1622016 peak_resident=8245248
reference_token0_blk2_routed residency_hits=36 residency_misses=42 source_reads=18 materialization_requests=18 source_policy_calls=18 evictions=11 resident_tensors_after=9
routed_merge_parity max_abs=0 max_rel=0 mean_abs=0 tolerance=1e-5
shared_expert_parity max_abs=0 max_rel=0 mean_abs=0 tolerance=1e-5
pre_residual_composition_parity max_abs=0 max_rel=0 mean_abs=0 tolerance=1e-5
final_layer_parity max_abs=0 max_rel=0 mean_abs=0 tolerance=1e-5
reference_token0_blk2 shared_expert=REQUIRED shared_graph_created=YES residual_add=YES final_composition=PASS
ffn_timing tensor=blk.1.ffn_gate_inp.weight payload_ready_ns=6242166092671 first_consumer_start_ns=6242325527528 payload_to_first_consumer_ns=159434857
ffn_timing tensor=blk.1.ffn_gate_shexp.weight payload_ready_ns=6247533260838 first_consumer_start_ns=6247684982388 payload_to_first_consumer_ns=151721550
ffn_timing tensor=blk.1.ffn_gate_exps.weight payload_ready_ns=6242571766130 first_consumer_start_ns=6242721511680 payload_to_first_consumer_ns=149745550
reference_token0_blk2 full_layer_residency_hits=46 misses=51 evictions=15 source_reads=23 source_bytes=20402176 materialization_requests=23 resident_tensors_after=8
reference_token0_blk2 full_layer_peak_active_persistent_bytes=1622016 full_layer_peak_resident_bytes=8312832
reference_token0_blk2 first_payload_to_shared_compute_start_ns=5630584372 execution_ready_to_consumer_ns=NOT_INSTRUMENTED payload_to_first_useful_compute=NOT_INSTRUMENTED
token0_blk2_attention_parity max_abs=0 max_rel=0 mean_abs=0 tolerance=1e-5
token0_blk2_block_parity max_abs=0 max_rel=0 mean_abs=0 tolerance=1e-5
token0 block_handoff block=3 handoff_ns=69830 activation_copy_bytes=0
attention_timing tensor=blk.1.attn_norm.weight payload_ready_ns=6215332886196 first_consumer_start_ns=6248798151076 payload_to_first_consumer_ns=33465264880
attention_timing tensor=blk.1.attn_q.weight payload_ready_ns=6215539183543 first_consumer_start_ns=6249209277496 payload_to_first_consumer_ns=33670093953
attention_timing tensor=blk.1.attn_kv_a_mqa.weight payload_ready_ns=6215753896123 first_consumer_start_ns=6249614765855 payload_to_first_consumer_ns=33860869732
attention_timing tensor=blk.1.attn_kv_a_norm.weight payload_ready_ns=6215959016937 first_consumer_start_ns=6250082056584 payload_to_first_consumer_ns=34123039647
attention_timing tensor=blk.1.attn_kv_b.weight payload_ready_ns=6216165481536 first_consumer_start_ns=6250505590764 payload_to_first_consumer_ns=34340109228
attention_timing tensor=blk.1.attn_output.weight payload_ready_ns=6216372164165 first_consumer_start_ns=6250980841977 payload_to_first_consumer_ns=34608677812
token0_blk3 position=0 state_k_positions=1 state_v_positions=1 attention_probs=1,1,1,1,1,1,1,1,1,1,1,1,1,1,1,1,
reference_attention position=0 state_k_positions=1 state_v_positions=1 attention_probs=1,1,1,1,1,1,1,1,1,1,1,1,1,1,1,1,
normalized_input_parity max_abs=0 max_rel=0 mean_abs=0 tolerance=1e-5
router_score_parity max_abs=2.14577e-06 max_rel=1.87992e-05 mean_abs=3.23213e-07 tolerance=1e-5
selected_weight_parity max_abs=1.19209e-07 max_rel=9.10917e-07 mean_abs=6.95388e-08 tolerance=1e-5
token0_blk3 topk_ids=60,2,19,35,9,53 normalized_weights=0.298484,0.190562,0.142057,0.131884,0.122504,0.114509,
token0_blk3_routed expert_rank=0 expert_id=60 router_rank=0 graph_created=YES graph_refs=gate:0,up:1,down:2 storage_ref_base=30180 score_preserved=YES
token0_blk3_routed expert_id=60 selected_range tensor=blk.1.ffn_gate_exps.weight offset=503098224 bytes=563200 layout=DIRECT
token0_blk3_routed expert_id=60 selected_range tensor=blk.1.ffn_up_exps.weight offset=539143040 bytes=563200 layout=DIRECT
token0_blk3_routed expert_id=60 selected_range tensor=blk.1.ffn_down_exps.weight offset=638716816 bytes=1622016 layout=DIRECT
token0_blk3_routed prefetch expert_id=60 tensor=blk.1.ffn_gate_exps.weight dependency_distance=0
token0_blk3_routed prefetch expert_id=60 tensor=blk.1.ffn_up_exps.weight dependency_distance=0
token0_blk3_routed prefetch expert_id=60 tensor=blk.1.ffn_down_exps.weight dependency_distance=2
expert_parity max_abs=0 max_rel=0 mean_abs=0 tolerance=1e-5
token0_blk3_routed expert_id=60 consumer_wait=not_instrumented acquire_release=recorded peak_active=1622016 peak_resident=7367680
token0_blk3_routed expert_rank=1 expert_id=2 router_rank=1 graph_created=YES graph_refs=gate:0,up:1,down:2 storage_ref_base=30006 score_preserved=YES
token0_blk3_routed expert_id=2 selected_range tensor=blk.1.ffn_gate_exps.weight offset=470432624 bytes=563200 layout=DIRECT
token0_blk3_routed expert_id=2 selected_range tensor=blk.1.ffn_up_exps.weight offset=506477440 bytes=563200 layout=DIRECT
token0_blk3_routed expert_id=2 selected_range tensor=blk.1.ffn_down_exps.weight offset=544639888 bytes=1622016 layout=DIRECT
token0_blk3_routed prefetch expert_id=2 tensor=blk.1.ffn_gate_exps.weight dependency_distance=0
token0_blk3_routed prefetch expert_id=2 tensor=blk.1.ffn_up_exps.weight dependency_distance=0
token0_blk3_routed prefetch expert_id=2 tensor=blk.1.ffn_down_exps.weight dependency_distance=2
expert_parity max_abs=0 max_rel=0 mean_abs=0 tolerance=1e-5
token0_blk3_routed expert_id=2 consumer_wait=not_instrumented acquire_release=recorded peak_active=1622016 peak_resident=7752704
token0_blk3_routed expert_rank=2 expert_id=19 router_rank=2 graph_created=YES graph_refs=gate:0,up:1,down:2 storage_ref_base=30057 score_preserved=YES
token0_blk3_routed expert_id=19 selected_range tensor=blk.1.ffn_gate_exps.weight offset=480007024 bytes=563200 layout=DIRECT
token0_blk3_routed expert_id=19 selected_range tensor=blk.1.ffn_up_exps.weight offset=516051840 bytes=563200 layout=DIRECT
token0_blk3_routed expert_id=19 selected_range tensor=blk.1.ffn_down_exps.weight offset=572214160 bytes=1622016 layout=DIRECT
token0_blk3_routed prefetch expert_id=19 tensor=blk.1.ffn_gate_exps.weight dependency_distance=0
token0_blk3_routed prefetch expert_id=19 tensor=blk.1.ffn_up_exps.weight dependency_distance=0
token0_blk3_routed prefetch expert_id=19 tensor=blk.1.ffn_down_exps.weight dependency_distance=2
expert_parity max_abs=0 max_rel=0 mean_abs=0 tolerance=1e-5
token0_blk3_routed expert_id=19 consumer_wait=not_instrumented acquire_release=recorded peak_active=1622016 peak_resident=8245248
token0_blk3_routed expert_rank=3 expert_id=35 router_rank=3 graph_created=YES graph_refs=gate:0,up:1,down:2 storage_ref_base=30105 score_preserved=YES
token0_blk3_routed expert_id=35 selected_range tensor=blk.1.ffn_gate_exps.weight offset=489018224 bytes=563200 layout=DIRECT
token0_blk3_routed expert_id=35 selected_range tensor=blk.1.ffn_up_exps.weight offset=525063040 bytes=563200 layout=DIRECT
token0_blk3_routed expert_id=35 selected_range tensor=blk.1.ffn_down_exps.weight offset=598166416 bytes=1622016 layout=DIRECT
token0_blk3_routed prefetch expert_id=35 tensor=blk.1.ffn_gate_exps.weight dependency_distance=0
token0_blk3_routed prefetch expert_id=35 tensor=blk.1.ffn_up_exps.weight dependency_distance=0
token0_blk3_routed prefetch expert_id=35 tensor=blk.1.ffn_down_exps.weight dependency_distance=2
expert_parity max_abs=0 max_rel=0 mean_abs=0 tolerance=1e-5
token0_blk3_routed expert_id=35 consumer_wait=not_instrumented acquire_release=recorded peak_active=1622016 peak_resident=8245248
token0_blk3_routed expert_rank=4 expert_id=9 router_rank=4 graph_created=YES graph_refs=gate:0,up:1,down:2 storage_ref_base=30027 score_preserved=YES
token0_blk3_routed expert_id=9 selected_range tensor=blk.1.ffn_gate_exps.weight offset=474375024 bytes=563200 layout=DIRECT
token0_blk3_routed expert_id=9 selected_range tensor=blk.1.ffn_up_exps.weight offset=510419840 bytes=563200 layout=DIRECT
token0_blk3_routed expert_id=9 selected_range tensor=blk.1.ffn_down_exps.weight offset=555994000 bytes=1622016 layout=DIRECT
token0_blk3_routed prefetch expert_id=9 tensor=blk.1.ffn_gate_exps.weight dependency_distance=0
token0_blk3_routed prefetch expert_id=9 tensor=blk.1.ffn_up_exps.weight dependency_distance=0
token0_blk3_routed prefetch expert_id=9 tensor=blk.1.ffn_down_exps.weight dependency_distance=2
expert_parity max_abs=0 max_rel=0 mean_abs=0 tolerance=1e-5
token0_blk3_routed expert_id=9 consumer_wait=not_instrumented acquire_release=recorded peak_active=1622016 peak_resident=8245248
token0_blk3_routed expert_rank=5 expert_id=53 router_rank=5 graph_created=YES graph_refs=gate:0,up:1,down:2 storage_ref_base=30159 score_preserved=YES
token0_blk3_routed expert_id=53 selected_range tensor=blk.1.ffn_gate_exps.weight offset=499155824 bytes=563200 layout=DIRECT
token0_blk3_routed expert_id=53 selected_range tensor=blk.1.ffn_up_exps.weight offset=535200640 bytes=563200 layout=DIRECT
token0_blk3_routed expert_id=53 selected_range tensor=blk.1.ffn_down_exps.weight offset=627362704 bytes=1622016 layout=DIRECT
token0_blk3_routed prefetch expert_id=53 tensor=blk.1.ffn_gate_exps.weight dependency_distance=0
token0_blk3_routed prefetch expert_id=53 tensor=blk.1.ffn_up_exps.weight dependency_distance=0
token0_blk3_routed prefetch expert_id=53 tensor=blk.1.ffn_down_exps.weight dependency_distance=2
expert_parity max_abs=0 max_rel=0 mean_abs=0 tolerance=1e-5
token0_blk3_routed expert_id=53 consumer_wait=not_instrumented acquire_release=recorded peak_active=1622016 peak_resident=8245248
token0_blk3_routed residency_hits=36 residency_misses=42 source_reads=18 materialization_requests=18 source_policy_calls=18 evictions=20 resident_tensors_after=9
routed_merge_parity max_abs=0 max_rel=0 mean_abs=0 tolerance=1e-5
shared_expert_parity max_abs=0 max_rel=0 mean_abs=0 tolerance=1e-5
pre_residual_composition_parity max_abs=0 max_rel=0 mean_abs=0 tolerance=1e-5
final_layer_parity max_abs=0 max_rel=0 mean_abs=0 tolerance=1e-5
token0_blk3 shared_expert=REQUIRED shared_graph_created=YES residual_add=YES final_composition=PASS
ffn_timing tensor=blk.1.ffn_gate_inp.weight payload_ready_ns=6251787516753 first_consumer_start_ns=6251943858043 payload_to_first_consumer_ns=156341290
ffn_timing tensor=blk.1.ffn_gate_shexp.weight payload_ready_ns=6259168900281 first_consumer_start_ns=6259340310044 payload_to_first_consumer_ns=171409763
ffn_timing tensor=blk.1.ffn_gate_exps.weight payload_ready_ns=6252178290097 first_consumer_start_ns=6252335177390 payload_to_first_consumer_ns=156887293
token0_blk3 full_layer_residency_hits=46 misses=51 evictions=25 source_reads=23 source_bytes=20402176 materialization_requests=23 resident_tensors_after=8
token0_blk3 full_layer_peak_active_persistent_bytes=1622016 full_layer_peak_resident_bytes=8312832
token0_blk3 first_payload_to_shared_compute_start_ns=7769231176 execution_ready_to_consumer_ns=NOT_INSTRUMENTED payload_to_first_useful_compute=NOT_INSTRUMENTED
normalized_input_parity max_abs=0 max_rel=0 mean_abs=0 tolerance=1e-5
router_score_parity max_abs=2.14577e-06 max_rel=1.87992e-05 mean_abs=3.23213e-07 tolerance=1e-5
selected_weight_parity max_abs=1.19209e-07 max_rel=9.10917e-07 mean_abs=6.95388e-08 tolerance=1e-5
reference_token0_blk3 topk_ids=60,2,19,35,9,53 normalized_weights=0.298484,0.190562,0.142057,0.131884,0.122504,0.114509,
reference_token0_blk3_routed expert_rank=0 expert_id=60 router_rank=0 graph_created=YES graph_refs=gate:0,up:1,down:2 storage_ref_base=30180 score_preserved=YES
reference_token0_blk3_routed expert_id=60 selected_range tensor=blk.1.ffn_gate_exps.weight offset=503098224 bytes=563200 layout=DIRECT
reference_token0_blk3_routed expert_id=60 selected_range tensor=blk.1.ffn_up_exps.weight offset=539143040 bytes=563200 layout=DIRECT
reference_token0_blk3_routed expert_id=60 selected_range tensor=blk.1.ffn_down_exps.weight offset=638716816 bytes=1622016 layout=DIRECT
reference_token0_blk3_routed prefetch expert_id=60 tensor=blk.1.ffn_gate_exps.weight dependency_distance=0
reference_token0_blk3_routed prefetch expert_id=60 tensor=blk.1.ffn_up_exps.weight dependency_distance=0
reference_token0_blk3_routed prefetch expert_id=60 tensor=blk.1.ffn_down_exps.weight dependency_distance=2
expert_parity max_abs=0 max_rel=0 mean_abs=0 tolerance=1e-5
reference_token0_blk3_routed expert_id=60 consumer_wait=not_instrumented acquire_release=recorded peak_active=1622016 peak_resident=3280896
reference_token0_blk3_routed expert_rank=1 expert_id=2 router_rank=1 graph_created=YES graph_refs=gate:0,up:1,down:2 storage_ref_base=30006 score_preserved=YES
reference_token0_blk3_routed expert_id=2 selected_range tensor=blk.1.ffn_gate_exps.weight offset=470432624 bytes=563200 layout=DIRECT
reference_token0_blk3_routed expert_id=2 selected_range tensor=blk.1.ffn_up_exps.weight offset=506477440 bytes=563200 layout=DIRECT
reference_token0_blk3_routed expert_id=2 selected_range tensor=blk.1.ffn_down_exps.weight offset=544639888 bytes=1622016 layout=DIRECT
reference_token0_blk3_routed prefetch expert_id=2 tensor=blk.1.ffn_gate_exps.weight dependency_distance=0
reference_token0_blk3_routed prefetch expert_id=2 tensor=blk.1.ffn_up_exps.weight dependency_distance=0
reference_token0_blk3_routed prefetch expert_id=2 tensor=blk.1.ffn_down_exps.weight dependency_distance=2
expert_parity max_abs=0 max_rel=0 mean_abs=0 tolerance=1e-5
reference_token0_blk3_routed expert_id=2 consumer_wait=not_instrumented acquire_release=recorded peak_active=1622016 peak_resident=6029312
reference_token0_blk3_routed expert_rank=2 expert_id=19 router_rank=2 graph_created=YES graph_refs=gate:0,up:1,down:2 storage_ref_base=30057 score_preserved=YES
reference_token0_blk3_routed expert_id=19 selected_range tensor=blk.1.ffn_gate_exps.weight offset=480007024 bytes=563200 layout=DIRECT
reference_token0_blk3_routed expert_id=19 selected_range tensor=blk.1.ffn_up_exps.weight offset=516051840 bytes=563200 layout=DIRECT
reference_token0_blk3_routed expert_id=19 selected_range tensor=blk.1.ffn_down_exps.weight offset=572214160 bytes=1622016 layout=DIRECT
reference_token0_blk3_routed prefetch expert_id=19 tensor=blk.1.ffn_gate_exps.weight dependency_distance=0
reference_token0_blk3_routed prefetch expert_id=19 tensor=blk.1.ffn_up_exps.weight dependency_distance=0
reference_token0_blk3_routed prefetch expert_id=19 tensor=blk.1.ffn_down_exps.weight dependency_distance=2
expert_parity max_abs=0 max_rel=0 mean_abs=0 tolerance=1e-5
reference_token0_blk3_routed expert_id=19 consumer_wait=not_instrumented acquire_release=recorded peak_active=1622016 peak_resident=8245248
reference_token0_blk3_routed expert_rank=3 expert_id=35 router_rank=3 graph_created=YES graph_refs=gate:0,up:1,down:2 storage_ref_base=30105 score_preserved=YES
reference_token0_blk3_routed expert_id=35 selected_range tensor=blk.1.ffn_gate_exps.weight offset=489018224 bytes=563200 layout=DIRECT
reference_token0_blk3_routed expert_id=35 selected_range tensor=blk.1.ffn_up_exps.weight offset=525063040 bytes=563200 layout=DIRECT
reference_token0_blk3_routed expert_id=35 selected_range tensor=blk.1.ffn_down_exps.weight offset=598166416 bytes=1622016 layout=DIRECT
reference_token0_blk3_routed prefetch expert_id=35 tensor=blk.1.ffn_gate_exps.weight dependency_distance=0
reference_token0_blk3_routed prefetch expert_id=35 tensor=blk.1.ffn_up_exps.weight dependency_distance=0
reference_token0_blk3_routed prefetch expert_id=35 tensor=blk.1.ffn_down_exps.weight dependency_distance=2
expert_parity max_abs=0 max_rel=0 mean_abs=0 tolerance=1e-5
reference_token0_blk3_routed expert_id=35 consumer_wait=not_instrumented acquire_release=recorded peak_active=1622016 peak_resident=8245248
reference_token0_blk3_routed expert_rank=4 expert_id=9 router_rank=4 graph_created=YES graph_refs=gate:0,up:1,down:2 storage_ref_base=30027 score_preserved=YES
reference_token0_blk3_routed expert_id=9 selected_range tensor=blk.1.ffn_gate_exps.weight offset=474375024 bytes=563200 layout=DIRECT
reference_token0_blk3_routed expert_id=9 selected_range tensor=blk.1.ffn_up_exps.weight offset=510419840 bytes=563200 layout=DIRECT
reference_token0_blk3_routed expert_id=9 selected_range tensor=blk.1.ffn_down_exps.weight offset=555994000 bytes=1622016 layout=DIRECT
reference_token0_blk3_routed prefetch expert_id=9 tensor=blk.1.ffn_gate_exps.weight dependency_distance=0
reference_token0_blk3_routed prefetch expert_id=9 tensor=blk.1.ffn_up_exps.weight dependency_distance=0
reference_token0_blk3_routed prefetch expert_id=9 tensor=blk.1.ffn_down_exps.weight dependency_distance=2
expert_parity max_abs=0 max_rel=0 mean_abs=0 tolerance=1e-5
reference_token0_blk3_routed expert_id=9 consumer_wait=not_instrumented acquire_release=recorded peak_active=1622016 peak_resident=8245248
reference_token0_blk3_routed expert_rank=5 expert_id=53 router_rank=5 graph_created=YES graph_refs=gate:0,up:1,down:2 storage_ref_base=30159 score_preserved=YES
reference_token0_blk3_routed expert_id=53 selected_range tensor=blk.1.ffn_gate_exps.weight offset=499155824 bytes=563200 layout=DIRECT
reference_token0_blk3_routed expert_id=53 selected_range tensor=blk.1.ffn_up_exps.weight offset=535200640 bytes=563200 layout=DIRECT
reference_token0_blk3_routed expert_id=53 selected_range tensor=blk.1.ffn_down_exps.weight offset=627362704 bytes=1622016 layout=DIRECT
reference_token0_blk3_routed prefetch expert_id=53 tensor=blk.1.ffn_gate_exps.weight dependency_distance=0
reference_token0_blk3_routed prefetch expert_id=53 tensor=blk.1.ffn_up_exps.weight dependency_distance=0
reference_token0_blk3_routed prefetch expert_id=53 tensor=blk.1.ffn_down_exps.weight dependency_distance=2
expert_parity max_abs=0 max_rel=0 mean_abs=0 tolerance=1e-5
reference_token0_blk3_routed expert_id=53 consumer_wait=not_instrumented acquire_release=recorded peak_active=1622016 peak_resident=8245248
reference_token0_blk3_routed residency_hits=36 residency_misses=42 source_reads=18 materialization_requests=18 source_policy_calls=18 evictions=11 resident_tensors_after=9
routed_merge_parity max_abs=0 max_rel=0 mean_abs=0 tolerance=1e-5
shared_expert_parity max_abs=0 max_rel=0 mean_abs=0 tolerance=1e-5
pre_residual_composition_parity max_abs=0 max_rel=0 mean_abs=0 tolerance=1e-5
final_layer_parity max_abs=0 max_rel=0 mean_abs=0 tolerance=1e-5
reference_token0_blk3 shared_expert=REQUIRED shared_graph_created=YES residual_add=YES final_composition=PASS
ffn_timing tensor=blk.1.ffn_gate_inp.weight payload_ready_ns=6260781869248 first_consumer_start_ns=6260941046964 payload_to_first_consumer_ns=159177716
ffn_timing tensor=blk.1.ffn_gate_shexp.weight payload_ready_ns=6268041878165 first_consumer_start_ns=6268193672975 payload_to_first_consumer_ns=151794810
ffn_timing tensor=blk.1.ffn_gate_exps.weight payload_ready_ns=6261169909894 first_consumer_start_ns=6261337229163 payload_to_first_consumer_ns=167319269
reference_token0_blk3 full_layer_residency_hits=46 misses=51 evictions=15 source_reads=23 source_bytes=20402176 materialization_requests=23 resident_tensors_after=8
reference_token0_blk3 full_layer_peak_active_persistent_bytes=1622016 full_layer_peak_resident_bytes=8312832
reference_token0_blk3 first_payload_to_shared_compute_start_ns=7601368694 execution_ready_to_consumer_ns=NOT_INSTRUMENTED payload_to_first_useful_compute=NOT_INSTRUMENTED
token0_blk3_attention_parity max_abs=0 max_rel=0 mean_abs=0 tolerance=1e-5
token0_blk3_block_parity max_abs=0 max_rel=0 mean_abs=0 tolerance=1e-5
token0 block_handoff block=4 handoff_ns=98591 activation_copy_bytes=0
attention_timing tensor=blk.1.attn_norm.weight payload_ready_ns=6215332886196 first_consumer_start_ns=6269332796955 payload_to_first_consumer_ns=53999910759
attention_timing tensor=blk.1.attn_q.weight payload_ready_ns=6215539183543 first_consumer_start_ns=6269747768049 payload_to_first_consumer_ns=54208584506
attention_timing tensor=blk.1.attn_kv_a_mqa.weight payload_ready_ns=6215753896123 first_consumer_start_ns=6270168250005 payload_to_first_consumer_ns=54414353882
attention_timing tensor=blk.1.attn_kv_a_norm.weight payload_ready_ns=6215959016937 first_consumer_start_ns=6270523699305 payload_to_first_consumer_ns=54564682368
attention_timing tensor=blk.1.attn_kv_b.weight payload_ready_ns=6216165481536 first_consumer_start_ns=6270889603096 payload_to_first_consumer_ns=54724121560
attention_timing tensor=blk.1.attn_output.weight payload_ready_ns=6216372164165 first_consumer_start_ns=6271275253015 payload_to_first_consumer_ns=54903088850
token0_blk4 position=0 state_k_positions=1 state_v_positions=1 attention_probs=1,1,1,1,1,1,1,1,1,1,1,1,1,1,1,1,
reference_attention position=0 state_k_positions=1 state_v_positions=1 attention_probs=1,1,1,1,1,1,1,1,1,1,1,1,1,1,1,1,
normalized_input_parity max_abs=0 max_rel=0 mean_abs=0 tolerance=1e-5
router_score_parity max_abs=1.3113e-06 max_rel=0.00028063 mean_abs=2.83908e-07 tolerance=1e-5
selected_weight_parity max_abs=8.9407e-08 max_rel=4.68328e-07 mean_abs=4.96705e-08 tolerance=1e-5
token0_blk4 topk_ids=0,43,33,19,47,37 normalized_weights=0.192395,0.190907,0.16627,0.152301,0.149794,0.148333,
token0_blk4_routed expert_rank=0 expert_id=0 router_rank=0 graph_created=YES graph_refs=gate:0,up:1,down:2 storage_ref_base=40000 score_preserved=YES
token0_blk4_routed expert_id=0 selected_range tensor=blk.1.ffn_gate_exps.weight offset=652077112 bytes=563200 layout=DIRECT
token0_blk4_routed expert_id=0 selected_range tensor=blk.1.ffn_up_exps.weight offset=688121928 bytes=563200 layout=DIRECT
token0_blk4_routed expert_id=0 selected_range tensor=blk.1.ffn_down_exps.weight offset=724166744 bytes=1622016 layout=DIRECT
token0_blk4_routed prefetch expert_id=0 tensor=blk.1.ffn_gate_exps.weight dependency_distance=0
token0_blk4_routed prefetch expert_id=0 tensor=blk.1.ffn_up_exps.weight dependency_distance=0
token0_blk4_routed prefetch expert_id=0 tensor=blk.1.ffn_down_exps.weight dependency_distance=2
expert_parity max_abs=0 max_rel=0 mean_abs=0 tolerance=1e-5
token0_blk4_routed expert_id=0 consumer_wait=not_instrumented acquire_release=recorded peak_active=1622016 peak_resident=7367680
token0_blk4_routed expert_rank=1 expert_id=43 router_rank=1 graph_created=YES graph_refs=gate:0,up:1,down:2 storage_ref_base=40129 score_preserved=YES
token0_blk4_routed expert_id=43 selected_range tensor=blk.1.ffn_gate_exps.weight offset=676294712 bytes=563200 layout=DIRECT
token0_blk4_routed expert_id=43 selected_range tensor=blk.1.ffn_up_exps.weight offset=712339528 bytes=563200 layout=DIRECT
token0_blk4_routed expert_id=43 selected_range tensor=blk.1.ffn_down_exps.weight offset=793913432 bytes=1622016 layout=DIRECT
token0_blk4_routed prefetch expert_id=43 tensor=blk.1.ffn_gate_exps.weight dependency_distance=0
token0_blk4_routed prefetch expert_id=43 tensor=blk.1.ffn_up_exps.weight dependency_distance=0
token0_blk4_routed prefetch expert_id=43 tensor=blk.1.ffn_down_exps.weight dependency_distance=2
expert_parity max_abs=0 max_rel=0 mean_abs=0 tolerance=1e-5
token0_blk4_routed expert_id=43 consumer_wait=not_instrumented acquire_release=recorded peak_active=1622016 peak_resident=7752704
token0_blk4_routed expert_rank=2 expert_id=33 router_rank=2 graph_created=YES graph_refs=gate:0,up:1,down:2 storage_ref_base=40099 score_preserved=YES
token0_blk4_routed expert_id=33 selected_range tensor=blk.1.ffn_gate_exps.weight offset=670662712 bytes=563200 layout=DIRECT
token0_blk4_routed expert_id=33 selected_range tensor=blk.1.ffn_up_exps.weight offset=706707528 bytes=563200 layout=DIRECT
token0_blk4_routed expert_id=33 selected_range tensor=blk.1.ffn_down_exps.weight offset=777693272 bytes=1622016 layout=DIRECT
token0_blk4_routed prefetch expert_id=33 tensor=blk.1.ffn_gate_exps.weight dependency_distance=0
token0_blk4_routed prefetch expert_id=33 tensor=blk.1.ffn_up_exps.weight dependency_distance=0
token0_blk4_routed prefetch expert_id=33 tensor=blk.1.ffn_down_exps.weight dependency_distance=2
expert_parity max_abs=0 max_rel=0 mean_abs=0 tolerance=1e-5
token0_blk4_routed expert_id=33 consumer_wait=not_instrumented acquire_release=recorded peak_active=1622016 peak_resident=8245248
token0_blk4_routed expert_rank=3 expert_id=19 router_rank=3 graph_created=YES graph_refs=gate:0,up:1,down:2 storage_ref_base=40057 score_preserved=YES
token0_blk4_routed expert_id=19 selected_range tensor=blk.1.ffn_gate_exps.weight offset=662777912 bytes=563200 layout=DIRECT
token0_blk4_routed expert_id=19 selected_range tensor=blk.1.ffn_up_exps.weight offset=698822728 bytes=563200 layout=DIRECT
token0_blk4_routed expert_id=19 selected_range tensor=blk.1.ffn_down_exps.weight offset=754985048 bytes=1622016 layout=DIRECT
token0_blk4_routed prefetch expert_id=19 tensor=blk.1.ffn_gate_exps.weight dependency_distance=0
token0_blk4_routed prefetch expert_id=19 tensor=blk.1.ffn_up_exps.weight dependency_distance=0
token0_blk4_routed prefetch expert_id=19 tensor=blk.1.ffn_down_exps.weight dependency_distance=2
expert_parity max_abs=0 max_rel=0 mean_abs=0 tolerance=1e-5
token0_blk4_routed expert_id=19 consumer_wait=not_instrumented acquire_release=recorded peak_active=1622016 peak_resident=8245248
token0_blk4_routed expert_rank=4 expert_id=47 router_rank=4 graph_created=YES graph_refs=gate:0,up:1,down:2 storage_ref_base=40141 score_preserved=YES
token0_blk4_routed expert_id=47 selected_range tensor=blk.1.ffn_gate_exps.weight offset=678547512 bytes=563200 layout=DIRECT
token0_blk4_routed expert_id=47 selected_range tensor=blk.1.ffn_up_exps.weight offset=714592328 bytes=563200 layout=DIRECT
token0_blk4_routed expert_id=47 selected_range tensor=blk.1.ffn_down_exps.weight offset=800401496 bytes=1622016 layout=DIRECT
token0_blk4_routed prefetch expert_id=47 tensor=blk.1.ffn_gate_exps.weight dependency_distance=0
token0_blk4_routed prefetch expert_id=47 tensor=blk.1.ffn_up_exps.weight dependency_distance=0
token0_blk4_routed prefetch expert_id=47 tensor=blk.1.ffn_down_exps.weight dependency_distance=2
expert_parity max_abs=0 max_rel=0 mean_abs=0 tolerance=1e-5
token0_blk4_routed expert_id=47 consumer_wait=not_instrumented acquire_release=recorded peak_active=1622016 peak_resident=8245248
token0_blk4_routed expert_rank=5 expert_id=37 router_rank=5 graph_created=YES graph_refs=gate:0,up:1,down:2 storage_ref_base=40111 score_preserved=YES
token0_blk4_routed expert_id=37 selected_range tensor=blk.1.ffn_gate_exps.weight offset=672915512 bytes=563200 layout=DIRECT
token0_blk4_routed expert_id=37 selected_range tensor=blk.1.ffn_up_exps.weight offset=708960328 bytes=563200 layout=DIRECT
token0_blk4_routed expert_id=37 selected_range tensor=blk.1.ffn_down_exps.weight offset=784181336 bytes=1622016 layout=DIRECT
token0_blk4_routed prefetch expert_id=37 tensor=blk.1.ffn_gate_exps.weight dependency_distance=0
token0_blk4_routed prefetch expert_id=37 tensor=blk.1.ffn_up_exps.weight dependency_distance=0
token0_blk4_routed prefetch expert_id=37 tensor=blk.1.ffn_down_exps.weight dependency_distance=2
expert_parity max_abs=0 max_rel=0 mean_abs=0 tolerance=1e-5
token0_blk4_routed expert_id=37 consumer_wait=not_instrumented acquire_release=recorded peak_active=1622016 peak_resident=8245248
token0_blk4_routed residency_hits=36 residency_misses=42 source_reads=18 materialization_requests=18 source_policy_calls=18 evictions=20 resident_tensors_after=9
routed_merge_parity max_abs=0 max_rel=0 mean_abs=0 tolerance=1e-5
shared_expert_parity max_abs=0 max_rel=0 mean_abs=0 tolerance=1e-5
pre_residual_composition_parity max_abs=0 max_rel=0 mean_abs=0 tolerance=1e-5
final_layer_parity max_abs=0 max_rel=0 mean_abs=0 tolerance=1e-5
token0_blk4 shared_expert=REQUIRED shared_graph_created=YES residual_add=YES final_composition=PASS
ffn_timing tensor=blk.1.ffn_gate_inp.weight payload_ready_ns=6271875284666 first_consumer_start_ns=6272022603831 payload_to_first_consumer_ns=147319165
ffn_timing tensor=blk.1.ffn_gate_shexp.weight payload_ready_ns=6279285151260 first_consumer_start_ns=6279436106633 payload_to_first_consumer_ns=150955373
ffn_timing tensor=blk.1.ffn_gate_exps.weight payload_ready_ns=6272222257584 first_consumer_start_ns=6272380351952 payload_to_first_consumer_ns=158094368
token0_blk4 full_layer_residency_hits=46 misses=51 evictions=25 source_reads=23 source_bytes=20402176 materialization_requests=23 resident_tensors_after=8
token0_blk4 full_layer_peak_active_persistent_bytes=1622016 full_layer_peak_resident_bytes=8312832
token0_blk4 first_payload_to_shared_compute_start_ns=7722303030 execution_ready_to_consumer_ns=NOT_INSTRUMENTED payload_to_first_useful_compute=NOT_INSTRUMENTED
normalized_input_parity max_abs=0 max_rel=0 mean_abs=0 tolerance=1e-5
router_score_parity max_abs=1.3113e-06 max_rel=0.00028063 mean_abs=2.83908e-07 tolerance=1e-5
selected_weight_parity max_abs=8.9407e-08 max_rel=4.68328e-07 mean_abs=4.96705e-08 tolerance=1e-5
reference_token0_blk4 topk_ids=0,43,33,19,47,37 normalized_weights=0.192395,0.190907,0.16627,0.152301,0.149794,0.148333,
reference_token0_blk4_routed expert_rank=0 expert_id=0 router_rank=0 graph_created=YES graph_refs=gate:0,up:1,down:2 storage_ref_base=40000 score_preserved=YES
reference_token0_blk4_routed expert_id=0 selected_range tensor=blk.1.ffn_gate_exps.weight offset=652077112 bytes=563200 layout=DIRECT
reference_token0_blk4_routed expert_id=0 selected_range tensor=blk.1.ffn_up_exps.weight offset=688121928 bytes=563200 layout=DIRECT
reference_token0_blk4_routed expert_id=0 selected_range tensor=blk.1.ffn_down_exps.weight offset=724166744 bytes=1622016 layout=DIRECT
reference_token0_blk4_routed prefetch expert_id=0 tensor=blk.1.ffn_gate_exps.weight dependency_distance=0
reference_token0_blk4_routed prefetch expert_id=0 tensor=blk.1.ffn_up_exps.weight dependency_distance=0
reference_token0_blk4_routed prefetch expert_id=0 tensor=blk.1.ffn_down_exps.weight dependency_distance=2
expert_parity max_abs=0 max_rel=0 mean_abs=0 tolerance=1e-5
reference_token0_blk4_routed expert_id=0 consumer_wait=not_instrumented acquire_release=recorded peak_active=1622016 peak_resident=3280896
reference_token0_blk4_routed expert_rank=1 expert_id=43 router_rank=1 graph_created=YES graph_refs=gate:0,up:1,down:2 storage_ref_base=40129 score_preserved=YES
reference_token0_blk4_routed expert_id=43 selected_range tensor=blk.1.ffn_gate_exps.weight offset=676294712 bytes=563200 layout=DIRECT
reference_token0_blk4_routed expert_id=43 selected_range tensor=blk.1.ffn_up_exps.weight offset=712339528 bytes=563200 layout=DIRECT
reference_token0_blk4_routed expert_id=43 selected_range tensor=blk.1.ffn_down_exps.weight offset=793913432 bytes=1622016 layout=DIRECT
reference_token0_blk4_routed prefetch expert_id=43 tensor=blk.1.ffn_gate_exps.weight dependency_distance=0
reference_token0_blk4_routed prefetch expert_id=43 tensor=blk.1.ffn_up_exps.weight dependency_distance=0
reference_token0_blk4_routed prefetch expert_id=43 tensor=blk.1.ffn_down_exps.weight dependency_distance=2
expert_parity max_abs=0 max_rel=0 mean_abs=0 tolerance=1e-5
reference_token0_blk4_routed expert_id=43 consumer_wait=not_instrumented acquire_release=recorded peak_active=1622016 peak_resident=6029312
reference_token0_blk4_routed expert_rank=2 expert_id=33 router_rank=2 graph_created=YES graph_refs=gate:0,up:1,down:2 storage_ref_base=40099 score_preserved=YES
reference_token0_blk4_routed expert_id=33 selected_range tensor=blk.1.ffn_gate_exps.weight offset=670662712 bytes=563200 layout=DIRECT
reference_token0_blk4_routed expert_id=33 selected_range tensor=blk.1.ffn_up_exps.weight offset=706707528 bytes=563200 layout=DIRECT
reference_token0_blk4_routed expert_id=33 selected_range tensor=blk.1.ffn_down_exps.weight offset=777693272 bytes=1622016 layout=DIRECT
reference_token0_blk4_routed prefetch expert_id=33 tensor=blk.1.ffn_gate_exps.weight dependency_distance=0
reference_token0_blk4_routed prefetch expert_id=33 tensor=blk.1.ffn_up_exps.weight dependency_distance=0
reference_token0_blk4_routed prefetch expert_id=33 tensor=blk.1.ffn_down_exps.weight dependency_distance=2
expert_parity max_abs=0 max_rel=0 mean_abs=0 tolerance=1e-5
reference_token0_blk4_routed expert_id=33 consumer_wait=not_instrumented acquire_release=recorded peak_active=1622016 peak_resident=8245248
reference_token0_blk4_routed expert_rank=3 expert_id=19 router_rank=3 graph_created=YES graph_refs=gate:0,up:1,down:2 storage_ref_base=40057 score_preserved=YES
reference_token0_blk4_routed expert_id=19 selected_range tensor=blk.1.ffn_gate_exps.weight offset=662777912 bytes=563200 layout=DIRECT
reference_token0_blk4_routed expert_id=19 selected_range tensor=blk.1.ffn_up_exps.weight offset=698822728 bytes=563200 layout=DIRECT
reference_token0_blk4_routed expert_id=19 selected_range tensor=blk.1.ffn_down_exps.weight offset=754985048 bytes=1622016 layout=DIRECT
reference_token0_blk4_routed prefetch expert_id=19 tensor=blk.1.ffn_gate_exps.weight dependency_distance=0
reference_token0_blk4_routed prefetch expert_id=19 tensor=blk.1.ffn_up_exps.weight dependency_distance=0
reference_token0_blk4_routed prefetch expert_id=19 tensor=blk.1.ffn_down_exps.weight dependency_distance=2
expert_parity max_abs=0 max_rel=0 mean_abs=0 tolerance=1e-5
reference_token0_blk4_routed expert_id=19 consumer_wait=not_instrumented acquire_release=recorded peak_active=1622016 peak_resident=8245248
reference_token0_blk4_routed expert_rank=4 expert_id=47 router_rank=4 graph_created=YES graph_refs=gate:0,up:1,down:2 storage_ref_base=40141 score_preserved=YES
reference_token0_blk4_routed expert_id=47 selected_range tensor=blk.1.ffn_gate_exps.weight offset=678547512 bytes=563200 layout=DIRECT
reference_token0_blk4_routed expert_id=47 selected_range tensor=blk.1.ffn_up_exps.weight offset=714592328 bytes=563200 layout=DIRECT
reference_token0_blk4_routed expert_id=47 selected_range tensor=blk.1.ffn_down_exps.weight offset=800401496 bytes=1622016 layout=DIRECT
reference_token0_blk4_routed prefetch expert_id=47 tensor=blk.1.ffn_gate_exps.weight dependency_distance=0
reference_token0_blk4_routed prefetch expert_id=47 tensor=blk.1.ffn_up_exps.weight dependency_distance=0
reference_token0_blk4_routed prefetch expert_id=47 tensor=blk.1.ffn_down_exps.weight dependency_distance=2
expert_parity max_abs=0 max_rel=0 mean_abs=0 tolerance=1e-5
reference_token0_blk4_routed expert_id=47 consumer_wait=not_instrumented acquire_release=recorded peak_active=1622016 peak_resident=8245248
reference_token0_blk4_routed expert_rank=5 expert_id=37 router_rank=5 graph_created=YES graph_refs=gate:0,up:1,down:2 storage_ref_base=40111 score_preserved=YES
reference_token0_blk4_routed expert_id=37 selected_range tensor=blk.1.ffn_gate_exps.weight offset=672915512 bytes=563200 layout=DIRECT
reference_token0_blk4_routed expert_id=37 selected_range tensor=blk.1.ffn_up_exps.weight offset=708960328 bytes=563200 layout=DIRECT
reference_token0_blk4_routed expert_id=37 selected_range tensor=blk.1.ffn_down_exps.weight offset=784181336 bytes=1622016 layout=DIRECT
reference_token0_blk4_routed prefetch expert_id=37 tensor=blk.1.ffn_gate_exps.weight dependency_distance=0
reference_token0_blk4_routed prefetch expert_id=37 tensor=blk.1.ffn_up_exps.weight dependency_distance=0
reference_token0_blk4_routed prefetch expert_id=37 tensor=blk.1.ffn_down_exps.weight dependency_distance=2
expert_parity max_abs=0 max_rel=0 mean_abs=0 tolerance=1e-5
reference_token0_blk4_routed expert_id=37 consumer_wait=not_instrumented acquire_release=recorded peak_active=1622016 peak_resident=8245248
reference_token0_blk4_routed residency_hits=36 residency_misses=42 source_reads=18 materialization_requests=18 source_policy_calls=18 evictions=11 resident_tensors_after=9
routed_merge_parity max_abs=0 max_rel=0 mean_abs=0 tolerance=1e-5
shared_expert_parity max_abs=0 max_rel=0 mean_abs=0 tolerance=1e-5
pre_residual_composition_parity max_abs=0 max_rel=0 mean_abs=0 tolerance=1e-5
final_layer_parity max_abs=0 max_rel=0 mean_abs=0 tolerance=1e-5
reference_token0_blk4 shared_expert=REQUIRED shared_graph_created=YES residual_add=YES final_composition=PASS
ffn_timing tensor=blk.1.ffn_gate_inp.weight payload_ready_ns=6280852378783 first_consumer_start_ns=6281005148314 payload_to_first_consumer_ns=152769531
ffn_timing tensor=blk.1.ffn_gate_shexp.weight payload_ready_ns=6288221522831 first_consumer_start_ns=6288403862185 payload_to_first_consumer_ns=182339354
ffn_timing tensor=blk.1.ffn_gate_exps.weight payload_ready_ns=6281240091823 first_consumer_start_ns=6281399089790 payload_to_first_consumer_ns=158997967
reference_token0_blk4 full_layer_residency_hits=46 misses=51 evictions=15 source_reads=23 source_bytes=20402176 materialization_requests=23 resident_tensors_after=8
reference_token0_blk4 full_layer_peak_active_persistent_bytes=1622016 full_layer_peak_resident_bytes=8312832
reference_token0_blk4 first_payload_to_shared_compute_start_ns=7656395212 execution_ready_to_consumer_ns=NOT_INSTRUMENTED payload_to_first_useful_compute=NOT_INSTRUMENTED
token0_blk4_attention_parity max_abs=0 max_rel=0 mean_abs=0 tolerance=1e-5
token0_blk4_block_parity max_abs=0 max_rel=0 mean_abs=0 tolerance=1e-5
token0 block_handoff block=5 handoff_ns=47420 activation_copy_bytes=0
attention_timing tensor=blk.1.attn_norm.weight payload_ready_ns=6215332886196 first_consumer_start_ns=6289639572370 payload_to_first_consumer_ns=74306686174
attention_timing tensor=blk.1.attn_q.weight payload_ready_ns=6215539183543 first_consumer_start_ns=6290046841600 payload_to_first_consumer_ns=74507658057
attention_timing tensor=blk.1.attn_kv_a_mqa.weight payload_ready_ns=6215753896123 first_consumer_start_ns=6290420119024 payload_to_first_consumer_ns=74666222901
attention_timing tensor=blk.1.attn_kv_a_norm.weight payload_ready_ns=6215959016937 first_consumer_start_ns=6290803458699 payload_to_first_consumer_ns=74844441762
attention_timing tensor=blk.1.attn_kv_b.weight payload_ready_ns=6216165481536 first_consumer_start_ns=6291197085676 payload_to_first_consumer_ns=75031604140
attention_timing tensor=blk.1.attn_output.weight payload_ready_ns=6216372164165 first_consumer_start_ns=6291613511486 payload_to_first_consumer_ns=75241347321
token0_blk5 position=0 state_k_positions=1 state_v_positions=1 attention_probs=1,1,1,1,1,1,1,1,1,1,1,1,1,1,1,1,
reference_attention position=0 state_k_positions=1 state_v_positions=1 attention_probs=1,1,1,1,1,1,1,1,1,1,1,1,1,1,1,1,
normalized_input_parity max_abs=0 max_rel=0 mean_abs=0 tolerance=1e-5
router_score_parity max_abs=1.2517e-06 max_rel=1.96002e-05 mean_abs=2.45403e-07 tolerance=1e-5
selected_weight_parity max_abs=1.3411e-07 max_rel=8.14237e-07 mean_abs=6.20882e-08 tolerance=1e-5
token0_blk5 topk_ids=14,41,32,19,38,5 normalized_weights=0.192208,0.164707,0.164022,0.161648,0.158729,0.158687,
token0_blk5_routed expert_rank=0 expert_id=14 router_rank=0 graph_created=YES graph_refs=gate:0,up:1,down:2 storage_ref_base=50042 score_preserved=YES
token0_blk5_routed expert_id=14 selected_range tensor=blk.1.ffn_gate_exps.weight offset=842732800 bytes=563200 layout=DIRECT
token0_blk5_routed expert_id=14 selected_range tensor=blk.1.ffn_up_exps.weight offset=878777616 bytes=563200 layout=DIRECT
token0_blk5_routed expert_id=14 selected_range tensor=blk.1.ffn_down_exps.weight offset=929645856 bytes=1622016 layout=DIRECT
token0_blk5_routed prefetch expert_id=14 tensor=blk.1.ffn_gate_exps.weight dependency_distance=0
token0_blk5_routed prefetch expert_id=14 tensor=blk.1.ffn_up_exps.weight dependency_distance=0
token0_blk5_routed prefetch expert_id=14 tensor=blk.1.ffn_down_exps.weight dependency_distance=2
expert_parity max_abs=0 max_rel=0 mean_abs=0 tolerance=1e-5
token0_blk5_routed expert_id=14 consumer_wait=not_instrumented acquire_release=recorded peak_active=1622016 peak_resident=7367680
token0_blk5_routed expert_rank=1 expert_id=41 router_rank=1 graph_created=YES graph_refs=gate:0,up:1,down:2 storage_ref_base=50123 score_preserved=YES
token0_blk5_routed expert_id=41 selected_range tensor=blk.1.ffn_gate_exps.weight offset=857939200 bytes=563200 layout=DIRECT
token0_blk5_routed expert_id=41 selected_range tensor=blk.1.ffn_up_exps.weight offset=893984016 bytes=563200 layout=DIRECT
token0_blk5_routed expert_id=41 selected_range tensor=blk.1.ffn_down_exps.weight offset=973440288 bytes=1622016 layout=DIRECT
token0_blk5_routed prefetch expert_id=41 tensor=blk.1.ffn_gate_exps.weight dependency_distance=0
token0_blk5_routed prefetch expert_id=41 tensor=blk.1.ffn_up_exps.weight dependency_distance=0
token0_blk5_routed prefetch expert_id=41 tensor=blk.1.ffn_down_exps.weight dependency_distance=2
expert_parity max_abs=0 max_rel=0 mean_abs=0 tolerance=1e-5
token0_blk5_routed expert_id=41 consumer_wait=not_instrumented acquire_release=recorded peak_active=1622016 peak_resident=7752704
token0_blk5_routed expert_rank=2 expert_id=32 router_rank=2 graph_created=YES graph_refs=gate:0,up:1,down:2 storage_ref_base=50096 score_preserved=YES
token0_blk5_routed expert_id=32 selected_range tensor=blk.1.ffn_gate_exps.weight offset=852870400 bytes=563200 layout=DIRECT
token0_blk5_routed expert_id=32 selected_range tensor=blk.1.ffn_up_exps.weight offset=888915216 bytes=563200 layout=DIRECT
token0_blk5_routed expert_id=32 selected_range tensor=blk.1.ffn_down_exps.weight offset=958842144 bytes=1622016 layout=DIRECT
token0_blk5_routed prefetch expert_id=32 tensor=blk.1.ffn_gate_exps.weight dependency_distance=0
token0_blk5_routed prefetch expert_id=32 tensor=blk.1.ffn_up_exps.weight dependency_distance=0
token0_blk5_routed prefetch expert_id=32 tensor=blk.1.ffn_down_exps.weight dependency_distance=2
expert_parity max_abs=0 max_rel=0 mean_abs=0 tolerance=1e-5
token0_blk5_routed expert_id=32 consumer_wait=not_instrumented acquire_release=recorded peak_active=1622016 peak_resident=8245248
token0_blk5_routed expert_rank=3 expert_id=19 router_rank=3 graph_created=YES graph_refs=gate:0,up:1,down:2 storage_ref_base=50057 score_preserved=YES
token0_blk5_routed expert_id=19 selected_range tensor=blk.1.ffn_gate_exps.weight offset=845548800 bytes=563200 layout=DIRECT
token0_blk5_routed expert_id=19 selected_range tensor=blk.1.ffn_up_exps.weight offset=881593616 bytes=563200 layout=DIRECT
token0_blk5_routed expert_id=19 selected_range tensor=blk.1.ffn_down_exps.weight offset=937755936 bytes=1622016 layout=DIRECT
token0_blk5_routed prefetch expert_id=19 tensor=blk.1.ffn_gate_exps.weight dependency_distance=0
token0_blk5_routed prefetch expert_id=19 tensor=blk.1.ffn_up_exps.weight dependency_distance=0
token0_blk5_routed prefetch expert_id=19 tensor=blk.1.ffn_down_exps.weight dependency_distance=2
expert_parity max_abs=0 max_rel=0 mean_abs=0 tolerance=1e-5
token0_blk5_routed expert_id=19 consumer_wait=not_instrumented acquire_release=recorded peak_active=1622016 peak_resident=8245248
token0_blk5_routed expert_rank=4 expert_id=38 router_rank=4 graph_created=YES graph_refs=gate:0,up:1,down:2 storage_ref_base=50114 score_preserved=YES
token0_blk5_routed expert_id=38 selected_range tensor=blk.1.ffn_gate_exps.weight offset=856249600 bytes=563200 layout=DIRECT
token0_blk5_routed expert_id=38 selected_range tensor=blk.1.ffn_up_exps.weight offset=892294416 bytes=563200 layout=DIRECT
token0_blk5_routed expert_id=38 selected_range tensor=blk.1.ffn_down_exps.weight offset=968574240 bytes=1622016 layout=DIRECT
token0_blk5_routed prefetch expert_id=38 tensor=blk.1.ffn_gate_exps.weight dependency_distance=0
token0_blk5_routed prefetch expert_id=38 tensor=blk.1.ffn_up_exps.weight dependency_distance=0
token0_blk5_routed prefetch expert_id=38 tensor=blk.1.ffn_down_exps.weight dependency_distance=2
expert_parity max_abs=0 max_rel=0 mean_abs=0 tolerance=1e-5
token0_blk5_routed expert_id=38 consumer_wait=not_instrumented acquire_release=recorded peak_active=1622016 peak_resident=8245248
token0_blk5_routed expert_rank=5 expert_id=5 router_rank=5 graph_created=YES graph_refs=gate:0,up:1,down:2 storage_ref_base=50015 score_preserved=YES
token0_blk5_routed expert_id=5 selected_range tensor=blk.1.ffn_gate_exps.weight offset=837664000 bytes=563200 layout=DIRECT
token0_blk5_routed expert_id=5 selected_range tensor=blk.1.ffn_up_exps.weight offset=873708816 bytes=563200 layout=DIRECT
token0_blk5_routed expert_id=5 selected_range tensor=blk.1.ffn_down_exps.weight offset=915047712 bytes=1622016 layout=DIRECT
token0_blk5_routed prefetch expert_id=5 tensor=blk.1.ffn_gate_exps.weight dependency_distance=0
token0_blk5_routed prefetch expert_id=5 tensor=blk.1.ffn_up_exps.weight dependency_distance=0
token0_blk5_routed prefetch expert_id=5 tensor=blk.1.ffn_down_exps.weight dependency_distance=2
expert_parity max_abs=0 max_rel=0 mean_abs=0 tolerance=1e-5
token0_blk5_routed expert_id=5 consumer_wait=not_instrumented acquire_release=recorded peak_active=1622016 peak_resident=8245248
token0_blk5_routed residency_hits=36 residency_misses=42 source_reads=18 materialization_requests=18 source_policy_calls=18 evictions=20 resident_tensors_after=9
routed_merge_parity max_abs=0 max_rel=0 mean_abs=0 tolerance=1e-5
shared_expert_parity max_abs=0 max_rel=0 mean_abs=0 tolerance=1e-5
pre_residual_composition_parity max_abs=0 max_rel=0 mean_abs=0 tolerance=1e-5
final_layer_parity max_abs=0 max_rel=0 mean_abs=0 tolerance=1e-5
token0_blk5 shared_expert=REQUIRED shared_graph_created=YES residual_add=YES final_composition=PASS
ffn_timing tensor=blk.1.ffn_gate_inp.weight payload_ready_ns=6292239563732 first_consumer_start_ns=6292447422971 payload_to_first_consumer_ns=207859239
ffn_timing tensor=blk.1.ffn_gate_shexp.weight payload_ready_ns=6299570780736 first_consumer_start_ns=6299711920989 payload_to_first_consumer_ns=141140253
ffn_timing tensor=blk.1.ffn_gate_exps.weight payload_ready_ns=6292761844490 first_consumer_start_ns=6292915627841 payload_to_first_consumer_ns=153783351
token0_blk5 full_layer_residency_hits=46 misses=51 evictions=25 source_reads=23 source_bytes=20402176 materialization_requests=23 resident_tensors_after=8
token0_blk5 full_layer_peak_active_persistent_bytes=1622016 full_layer_peak_resident_bytes=8312832
token0_blk5 first_payload_to_shared_compute_start_ns=7660455859 execution_ready_to_consumer_ns=NOT_INSTRUMENTED payload_to_first_useful_compute=NOT_INSTRUMENTED
normalized_input_parity max_abs=0 max_rel=0 mean_abs=0 tolerance=1e-5
router_score_parity max_abs=1.2517e-06 max_rel=1.96002e-05 mean_abs=2.45403e-07 tolerance=1e-5
selected_weight_parity max_abs=1.3411e-07 max_rel=8.14237e-07 mean_abs=6.20882e-08 tolerance=1e-5
reference_token0_blk5 topk_ids=14,41,32,19,38,5 normalized_weights=0.192208,0.164707,0.164022,0.161648,0.158729,0.158687,
reference_token0_blk5_routed expert_rank=0 expert_id=14 router_rank=0 graph_created=YES graph_refs=gate:0,up:1,down:2 storage_ref_base=50042 score_preserved=YES
reference_token0_blk5_routed expert_id=14 selected_range tensor=blk.1.ffn_gate_exps.weight offset=842732800 bytes=563200 layout=DIRECT
reference_token0_blk5_routed expert_id=14 selected_range tensor=blk.1.ffn_up_exps.weight offset=878777616 bytes=563200 layout=DIRECT
reference_token0_blk5_routed expert_id=14 selected_range tensor=blk.1.ffn_down_exps.weight offset=929645856 bytes=1622016 layout=DIRECT
reference_token0_blk5_routed prefetch expert_id=14 tensor=blk.1.ffn_gate_exps.weight dependency_distance=0
reference_token0_blk5_routed prefetch expert_id=14 tensor=blk.1.ffn_up_exps.weight dependency_distance=0
reference_token0_blk5_routed prefetch expert_id=14 tensor=blk.1.ffn_down_exps.weight dependency_distance=2
expert_parity max_abs=0 max_rel=0 mean_abs=0 tolerance=1e-5
reference_token0_blk5_routed expert_id=14 consumer_wait=not_instrumented acquire_release=recorded peak_active=1622016 peak_resident=3280896
reference_token0_blk5_routed expert_rank=1 expert_id=41 router_rank=1 graph_created=YES graph_refs=gate:0,up:1,down:2 storage_ref_base=50123 score_preserved=YES
reference_token0_blk5_routed expert_id=41 selected_range tensor=blk.1.ffn_gate_exps.weight offset=857939200 bytes=563200 layout=DIRECT
reference_token0_blk5_routed expert_id=41 selected_range tensor=blk.1.ffn_up_exps.weight offset=893984016 bytes=563200 layout=DIRECT
reference_token0_blk5_routed expert_id=41 selected_range tensor=blk.1.ffn_down_exps.weight offset=973440288 bytes=1622016 layout=DIRECT
reference_token0_blk5_routed prefetch expert_id=41 tensor=blk.1.ffn_gate_exps.weight dependency_distance=0
reference_token0_blk5_routed prefetch expert_id=41 tensor=blk.1.ffn_up_exps.weight dependency_distance=0
reference_token0_blk5_routed prefetch expert_id=41 tensor=blk.1.ffn_down_exps.weight dependency_distance=2
expert_parity max_abs=0 max_rel=0 mean_abs=0 tolerance=1e-5
reference_token0_blk5_routed expert_id=41 consumer_wait=not_instrumented acquire_release=recorded peak_active=1622016 peak_resident=6029312
reference_token0_blk5_routed expert_rank=2 expert_id=32 router_rank=2 graph_created=YES graph_refs=gate:0,up:1,down:2 storage_ref_base=50096 score_preserved=YES
reference_token0_blk5_routed expert_id=32 selected_range tensor=blk.1.ffn_gate_exps.weight offset=852870400 bytes=563200 layout=DIRECT
reference_token0_blk5_routed expert_id=32 selected_range tensor=blk.1.ffn_up_exps.weight offset=888915216 bytes=563200 layout=DIRECT
reference_token0_blk5_routed expert_id=32 selected_range tensor=blk.1.ffn_down_exps.weight offset=958842144 bytes=1622016 layout=DIRECT
reference_token0_blk5_routed prefetch expert_id=32 tensor=blk.1.ffn_gate_exps.weight dependency_distance=0
reference_token0_blk5_routed prefetch expert_id=32 tensor=blk.1.ffn_up_exps.weight dependency_distance=0
reference_token0_blk5_routed prefetch expert_id=32 tensor=blk.1.ffn_down_exps.weight dependency_distance=2
expert_parity max_abs=0 max_rel=0 mean_abs=0 tolerance=1e-5
reference_token0_blk5_routed expert_id=32 consumer_wait=not_instrumented acquire_release=recorded peak_active=1622016 peak_resident=8245248
reference_token0_blk5_routed expert_rank=3 expert_id=19 router_rank=3 graph_created=YES graph_refs=gate:0,up:1,down:2 storage_ref_base=50057 score_preserved=YES
reference_token0_blk5_routed expert_id=19 selected_range tensor=blk.1.ffn_gate_exps.weight offset=845548800 bytes=563200 layout=DIRECT
reference_token0_blk5_routed expert_id=19 selected_range tensor=blk.1.ffn_up_exps.weight offset=881593616 bytes=563200 layout=DIRECT
reference_token0_blk5_routed expert_id=19 selected_range tensor=blk.1.ffn_down_exps.weight offset=937755936 bytes=1622016 layout=DIRECT
reference_token0_blk5_routed prefetch expert_id=19 tensor=blk.1.ffn_gate_exps.weight dependency_distance=0
reference_token0_blk5_routed prefetch expert_id=19 tensor=blk.1.ffn_up_exps.weight dependency_distance=0
reference_token0_blk5_routed prefetch expert_id=19 tensor=blk.1.ffn_down_exps.weight dependency_distance=2
expert_parity max_abs=0 max_rel=0 mean_abs=0 tolerance=1e-5
reference_token0_blk5_routed expert_id=19 consumer_wait=not_instrumented acquire_release=recorded peak_active=1622016 peak_resident=8245248
reference_token0_blk5_routed expert_rank=4 expert_id=38 router_rank=4 graph_created=YES graph_refs=gate:0,up:1,down:2 storage_ref_base=50114 score_preserved=YES
reference_token0_blk5_routed expert_id=38 selected_range tensor=blk.1.ffn_gate_exps.weight offset=856249600 bytes=563200 layout=DIRECT
reference_token0_blk5_routed expert_id=38 selected_range tensor=blk.1.ffn_up_exps.weight offset=892294416 bytes=563200 layout=DIRECT
reference_token0_blk5_routed expert_id=38 selected_range tensor=blk.1.ffn_down_exps.weight offset=968574240 bytes=1622016 layout=DIRECT
reference_token0_blk5_routed prefetch expert_id=38 tensor=blk.1.ffn_gate_exps.weight dependency_distance=0
reference_token0_blk5_routed prefetch expert_id=38 tensor=blk.1.ffn_up_exps.weight dependency_distance=0
reference_token0_blk5_routed prefetch expert_id=38 tensor=blk.1.ffn_down_exps.weight dependency_distance=2
expert_parity max_abs=0 max_rel=0 mean_abs=0 tolerance=1e-5
reference_token0_blk5_routed expert_id=38 consumer_wait=not_instrumented acquire_release=recorded peak_active=1622016 peak_resident=8245248
reference_token0_blk5_routed expert_rank=5 expert_id=5 router_rank=5 graph_created=YES graph_refs=gate:0,up:1,down:2 storage_ref_base=50015 score_preserved=YES
reference_token0_blk5_routed expert_id=5 selected_range tensor=blk.1.ffn_gate_exps.weight offset=837664000 bytes=563200 layout=DIRECT
reference_token0_blk5_routed expert_id=5 selected_range tensor=blk.1.ffn_up_exps.weight offset=873708816 bytes=563200 layout=DIRECT
reference_token0_blk5_routed expert_id=5 selected_range tensor=blk.1.ffn_down_exps.weight offset=915047712 bytes=1622016 layout=DIRECT
reference_token0_blk5_routed prefetch expert_id=5 tensor=blk.1.ffn_gate_exps.weight dependency_distance=0
reference_token0_blk5_routed prefetch expert_id=5 tensor=blk.1.ffn_up_exps.weight dependency_distance=0
reference_token0_blk5_routed prefetch expert_id=5 tensor=blk.1.ffn_down_exps.weight dependency_distance=2
expert_parity max_abs=0 max_rel=0 mean_abs=0 tolerance=1e-5
reference_token0_blk5_routed expert_id=5 consumer_wait=not_instrumented acquire_release=recorded peak_active=1622016 peak_resident=8245248
reference_token0_blk5_routed residency_hits=36 residency_misses=42 source_reads=18 materialization_requests=18 source_policy_calls=18 evictions=11 resident_tensors_after=9
routed_merge_parity max_abs=0 max_rel=0 mean_abs=0 tolerance=1e-5
shared_expert_parity max_abs=0 max_rel=0 mean_abs=0 tolerance=1e-5
pre_residual_composition_parity max_abs=0 max_rel=0 mean_abs=0 tolerance=1e-5
final_layer_parity max_abs=0 max_rel=0 mean_abs=0 tolerance=1e-5
reference_token0_blk5 shared_expert=REQUIRED shared_graph_created=YES residual_add=YES final_composition=PASS
ffn_timing tensor=blk.1.ffn_gate_inp.weight payload_ready_ns=6301097607797 first_consumer_start_ns=6301236143880 payload_to_first_consumer_ns=138536083
ffn_timing tensor=blk.1.ffn_gate_shexp.weight payload_ready_ns=6308404042436 first_consumer_start_ns=6308542011100 payload_to_first_consumer_ns=137968664
ffn_timing tensor=blk.1.ffn_gate_exps.weight payload_ready_ns=6301480654824 first_consumer_start_ns=6301621457817 payload_to_first_consumer_ns=140802993
reference_token0_blk5 full_layer_residency_hits=46 misses=51 evictions=15 source_reads=23 source_bytes=20402176 materialization_requests=23 resident_tensors_after=8
reference_token0_blk5 full_layer_peak_active_persistent_bytes=1622016 full_layer_peak_resident_bytes=8312832
reference_token0_blk5 first_payload_to_shared_compute_start_ns=7594622646 execution_ready_to_consumer_ns=NOT_INSTRUMENTED payload_to_first_useful_compute=NOT_INSTRUMENTED
token0_blk5_attention_parity max_abs=0 max_rel=0 mean_abs=0 tolerance=1e-5
token0_blk5_block_parity max_abs=0 max_rel=0 mean_abs=0 tolerance=1e-5
token0 block_handoff block=6 handoff_ns=86921 activation_copy_bytes=0
attention_timing tensor=blk.1.attn_norm.weight payload_ready_ns=6215332886196 first_consumer_start_ns=6309533958465 payload_to_first_consumer_ns=94201072269
attention_timing tensor=blk.1.attn_q.weight payload_ready_ns=6215539183543 first_consumer_start_ns=6309900917007 payload_to_first_consumer_ns=94361733464
attention_timing tensor=blk.1.attn_kv_a_mqa.weight payload_ready_ns=6215753896123 first_consumer_start_ns=6310268365630 payload_to_first_consumer_ns=94514469507
attention_timing tensor=blk.1.attn_kv_a_norm.weight payload_ready_ns=6215959016937 first_consumer_start_ns=6310665452956 payload_to_first_consumer_ns=94706436019
attention_timing tensor=blk.1.attn_kv_b.weight payload_ready_ns=6216165481536 first_consumer_start_ns=6311061138966 payload_to_first_consumer_ns=94895657430
attention_timing tensor=blk.1.attn_output.weight payload_ready_ns=6216372164165 first_consumer_start_ns=6311421787653 payload_to_first_consumer_ns=95049623488
token0_blk6 position=0 state_k_positions=1 state_v_positions=1 attention_probs=1,1,1,1,1,1,1,1,1,1,1,1,1,1,1,1,
reference_attention position=0 state_k_positions=1 state_v_positions=1 attention_probs=1,1,1,1,1,1,1,1,1,1,1,1,1,1,1,1,
normalized_input_parity max_abs=0 max_rel=0 mean_abs=0 tolerance=1e-5
router_score_parity max_abs=1.60933e-06 max_rel=5.13535e-05 mean_abs=3.557e-07 tolerance=1e-5
selected_weight_parity max_abs=1.19209e-07 max_rel=6.82935e-07 mean_abs=6.70552e-08 tolerance=1e-5
token0_blk6 topk_ids=20,23,55,34,22,11 normalized_weights=0.174554,0.16932,0.167582,0.167243,0.161773,0.159528,
token0_blk6_routed expert_rank=0 expert_id=20 router_rank=0 graph_created=YES graph_refs=gate:0,up:1,down:2 storage_ref_base=60060 score_preserved=YES
token0_blk6_routed expert_id=20 selected_range tensor=blk.1.ffn_gate_exps.weight offset=1028882888 bytes=563200 layout=DIRECT
token0_blk6_routed expert_id=20 selected_range tensor=blk.1.ffn_up_exps.weight offset=1064927704 bytes=563200 layout=DIRECT
token0_blk6_routed expert_id=20 selected_range tensor=blk.1.ffn_down_exps.weight offset=1122148840 bytes=1622016 layout=DIRECT
token0_blk6_routed prefetch expert_id=20 tensor=blk.1.ffn_gate_exps.weight dependency_distance=0
token0_blk6_routed prefetch expert_id=20 tensor=blk.1.ffn_up_exps.weight dependency_distance=0
token0_blk6_routed prefetch expert_id=20 tensor=blk.1.ffn_down_exps.weight dependency_distance=2
expert_parity max_abs=0 max_rel=0 mean_abs=0 tolerance=1e-5
token0_blk6_routed expert_id=20 consumer_wait=not_instrumented acquire_release=recorded peak_active=1622016 peak_resident=7367680
token0_blk6_routed expert_rank=1 expert_id=23 router_rank=1 graph_created=YES graph_refs=gate:0,up:1,down:2 storage_ref_base=60069 score_preserved=YES
token0_blk6_routed expert_id=23 selected_range tensor=blk.1.ffn_gate_exps.weight offset=1030572488 bytes=563200 layout=DIRECT
token0_blk6_routed expert_id=23 selected_range tensor=blk.1.ffn_up_exps.weight offset=1066617304 bytes=563200 layout=DIRECT
token0_blk6_routed expert_id=23 selected_range tensor=blk.1.ffn_down_exps.weight offset=1127014888 bytes=1622016 layout=DIRECT
token0_blk6_routed prefetch expert_id=23 tensor=blk.1.ffn_gate_exps.weight dependency_distance=0
token0_blk6_routed prefetch expert_id=23 tensor=blk.1.ffn_up_exps.weight dependency_distance=0
token0_blk6_routed prefetch expert_id=23 tensor=blk.1.ffn_down_exps.weight dependency_distance=2
expert_parity max_abs=0 max_rel=0 mean_abs=0 tolerance=1e-5
token0_blk6_routed expert_id=23 consumer_wait=not_instrumented acquire_release=recorded peak_active=1622016 peak_resident=7752704
token0_blk6_routed expert_rank=2 expert_id=55 router_rank=2 graph_created=YES graph_refs=gate:0,up:1,down:2 storage_ref_base=60165 score_preserved=YES
token0_blk6_routed expert_id=55 selected_range tensor=blk.1.ffn_gate_exps.weight offset=1048594888 bytes=563200 layout=DIRECT
token0_blk6_routed expert_id=55 selected_range tensor=blk.1.ffn_up_exps.weight offset=1084639704 bytes=563200 layout=DIRECT
token0_blk6_routed expert_id=55 selected_range tensor=blk.1.ffn_down_exps.weight offset=1178919400 bytes=1622016 layout=DIRECT
token0_blk6_routed prefetch expert_id=55 tensor=blk.1.ffn_gate_exps.weight dependency_distance=0
token0_blk6_routed prefetch expert_id=55 tensor=blk.1.ffn_up_exps.weight dependency_distance=0
token0_blk6_routed prefetch expert_id=55 tensor=blk.1.ffn_down_exps.weight dependency_distance=2
expert_parity max_abs=0 max_rel=0 mean_abs=0 tolerance=1e-5
token0_blk6_routed expert_id=55 consumer_wait=not_instrumented acquire_release=recorded peak_active=1622016 peak_resident=8245248
token0_blk6_routed expert_rank=3 expert_id=34 router_rank=3 graph_created=YES graph_refs=gate:0,up:1,down:2 storage_ref_base=60102 score_preserved=YES
token0_blk6_routed expert_id=34 selected_range tensor=blk.1.ffn_gate_exps.weight offset=1036767688 bytes=563200 layout=DIRECT
token0_blk6_routed expert_id=34 selected_range tensor=blk.1.ffn_up_exps.weight offset=1072812504 bytes=563200 layout=DIRECT
token0_blk6_routed expert_id=34 selected_range tensor=blk.1.ffn_down_exps.weight offset=1144857064 bytes=1622016 layout=DIRECT
token0_blk6_routed prefetch expert_id=34 tensor=blk.1.ffn_gate_exps.weight dependency_distance=0
token0_blk6_routed prefetch expert_id=34 tensor=blk.1.ffn_up_exps.weight dependency_distance=0
token0_blk6_routed prefetch expert_id=34 tensor=blk.1.ffn_down_exps.weight dependency_distance=2
expert_parity max_abs=0 max_rel=0 mean_abs=0 tolerance=1e-5
token0_blk6_routed expert_id=34 consumer_wait=not_instrumented acquire_release=recorded peak_active=1622016 peak_resident=8245248
token0_blk6_routed expert_rank=4 expert_id=22 router_rank=4 graph_created=YES graph_refs=gate:0,up:1,down:2 storage_ref_base=60066 score_preserved=YES
token0_blk6_routed expert_id=22 selected_range tensor=blk.1.ffn_gate_exps.weight offset=1030009288 bytes=563200 layout=DIRECT
token0_blk6_routed expert_id=22 selected_range tensor=blk.1.ffn_up_exps.weight offset=1066054104 bytes=563200 layout=DIRECT
token0_blk6_routed expert_id=22 selected_range tensor=blk.1.ffn_down_exps.weight offset=1125392872 bytes=1622016 layout=DIRECT
token0_blk6_routed prefetch expert_id=22 tensor=blk.1.ffn_gate_exps.weight dependency_distance=0
token0_blk6_routed prefetch expert_id=22 tensor=blk.1.ffn_up_exps.weight dependency_distance=0
token0_blk6_routed prefetch expert_id=22 tensor=blk.1.ffn_down_exps.weight dependency_distance=2
expert_parity max_abs=0 max_rel=0 mean_abs=0 tolerance=1e-5
token0_blk6_routed expert_id=22 consumer_wait=not_instrumented acquire_release=recorded peak_active=1622016 peak_resident=8245248
token0_blk6_routed expert_rank=5 expert_id=11 router_rank=5 graph_created=YES graph_refs=gate:0,up:1,down:2 storage_ref_base=60033 score_preserved=YES
token0_blk6_routed expert_id=11 selected_range tensor=blk.1.ffn_gate_exps.weight offset=1023814088 bytes=563200 layout=DIRECT
token0_blk6_routed expert_id=11 selected_range tensor=blk.1.ffn_up_exps.weight offset=1059858904 bytes=563200 layout=DIRECT
token0_blk6_routed expert_id=11 selected_range tensor=blk.1.ffn_down_exps.weight offset=1107550696 bytes=1622016 layout=DIRECT
token0_blk6_routed prefetch expert_id=11 tensor=blk.1.ffn_gate_exps.weight dependency_distance=0
token0_blk6_routed prefetch expert_id=11 tensor=blk.1.ffn_up_exps.weight dependency_distance=0
token0_blk6_routed prefetch expert_id=11 tensor=blk.1.ffn_down_exps.weight dependency_distance=2
expert_parity max_abs=0 max_rel=0 mean_abs=0 tolerance=1e-5
token0_blk6_routed expert_id=11 consumer_wait=not_instrumented acquire_release=recorded peak_active=1622016 peak_resident=8245248
token0_blk6_routed residency_hits=36 residency_misses=42 source_reads=18 materialization_requests=18 source_policy_calls=18 evictions=20 resident_tensors_after=9
routed_merge_parity max_abs=0 max_rel=0 mean_abs=0 tolerance=1e-5
shared_expert_parity max_abs=0 max_rel=0 mean_abs=0 tolerance=1e-5
pre_residual_composition_parity max_abs=0 max_rel=0 mean_abs=0 tolerance=1e-5
final_layer_parity max_abs=0 max_rel=0 mean_abs=0 tolerance=1e-5
token0_blk6 shared_expert=REQUIRED shared_graph_created=YES residual_add=YES final_composition=PASS
ffn_timing tensor=blk.1.ffn_gate_inp.weight payload_ready_ns=6312052976049 first_consumer_start_ns=6312194580579 payload_to_first_consumer_ns=141604530
ffn_timing tensor=blk.1.ffn_gate_shexp.weight payload_ready_ns=6319422303014 first_consumer_start_ns=6319580083315 payload_to_first_consumer_ns=157780301
ffn_timing tensor=blk.1.ffn_gate_exps.weight payload_ready_ns=6312438003197 first_consumer_start_ns=6312604996732 payload_to_first_consumer_ns=166993535
token0_blk6 full_layer_residency_hits=46 misses=51 evictions=25 source_reads=23 source_bytes=20402176 materialization_requests=23 resident_tensors_after=8
token0_blk6 full_layer_peak_active_persistent_bytes=1622016 full_layer_peak_resident_bytes=8312832
token0_blk6 first_payload_to_shared_compute_start_ns=7660657525 execution_ready_to_consumer_ns=NOT_INSTRUMENTED payload_to_first_useful_compute=NOT_INSTRUMENTED
normalized_input_parity max_abs=0 max_rel=0 mean_abs=0 tolerance=1e-5
router_score_parity max_abs=1.60933e-06 max_rel=5.13535e-05 mean_abs=3.557e-07 tolerance=1e-5
selected_weight_parity max_abs=1.19209e-07 max_rel=6.82935e-07 mean_abs=6.70552e-08 tolerance=1e-5
reference_token0_blk6 topk_ids=20,23,55,34,22,11 normalized_weights=0.174554,0.16932,0.167582,0.167243,0.161773,0.159528,
reference_token0_blk6_routed expert_rank=0 expert_id=20 router_rank=0 graph_created=YES graph_refs=gate:0,up:1,down:2 storage_ref_base=60060 score_preserved=YES
reference_token0_blk6_routed expert_id=20 selected_range tensor=blk.1.ffn_gate_exps.weight offset=1028882888 bytes=563200 layout=DIRECT
reference_token0_blk6_routed expert_id=20 selected_range tensor=blk.1.ffn_up_exps.weight offset=1064927704 bytes=563200 layout=DIRECT
reference_token0_blk6_routed expert_id=20 selected_range tensor=blk.1.ffn_down_exps.weight offset=1122148840 bytes=1622016 layout=DIRECT
reference_token0_blk6_routed prefetch expert_id=20 tensor=blk.1.ffn_gate_exps.weight dependency_distance=0
reference_token0_blk6_routed prefetch expert_id=20 tensor=blk.1.ffn_up_exps.weight dependency_distance=0
reference_token0_blk6_routed prefetch expert_id=20 tensor=blk.1.ffn_down_exps.weight dependency_distance=2
expert_parity max_abs=0 max_rel=0 mean_abs=0 tolerance=1e-5
reference_token0_blk6_routed expert_id=20 consumer_wait=not_instrumented acquire_release=recorded peak_active=1622016 peak_resident=3280896
reference_token0_blk6_routed expert_rank=1 expert_id=23 router_rank=1 graph_created=YES graph_refs=gate:0,up:1,down:2 storage_ref_base=60069 score_preserved=YES
reference_token0_blk6_routed expert_id=23 selected_range tensor=blk.1.ffn_gate_exps.weight offset=1030572488 bytes=563200 layout=DIRECT
reference_token0_blk6_routed expert_id=23 selected_range tensor=blk.1.ffn_up_exps.weight offset=1066617304 bytes=563200 layout=DIRECT
reference_token0_blk6_routed expert_id=23 selected_range tensor=blk.1.ffn_down_exps.weight offset=1127014888 bytes=1622016 layout=DIRECT
reference_token0_blk6_routed prefetch expert_id=23 tensor=blk.1.ffn_gate_exps.weight dependency_distance=0
reference_token0_blk6_routed prefetch expert_id=23 tensor=blk.1.ffn_up_exps.weight dependency_distance=0
reference_token0_blk6_routed prefetch expert_id=23 tensor=blk.1.ffn_down_exps.weight dependency_distance=2
expert_parity max_abs=0 max_rel=0 mean_abs=0 tolerance=1e-5
reference_token0_blk6_routed expert_id=23 consumer_wait=not_instrumented acquire_release=recorded peak_active=1622016 peak_resident=6029312
reference_token0_blk6_routed expert_rank=2 expert_id=55 router_rank=2 graph_created=YES graph_refs=gate:0,up:1,down:2 storage_ref_base=60165 score_preserved=YES
reference_token0_blk6_routed expert_id=55 selected_range tensor=blk.1.ffn_gate_exps.weight offset=1048594888 bytes=563200 layout=DIRECT
reference_token0_blk6_routed expert_id=55 selected_range tensor=blk.1.ffn_up_exps.weight offset=1084639704 bytes=563200 layout=DIRECT
reference_token0_blk6_routed expert_id=55 selected_range tensor=blk.1.ffn_down_exps.weight offset=1178919400 bytes=1622016 layout=DIRECT
reference_token0_blk6_routed prefetch expert_id=55 tensor=blk.1.ffn_gate_exps.weight dependency_distance=0
reference_token0_blk6_routed prefetch expert_id=55 tensor=blk.1.ffn_up_exps.weight dependency_distance=0
reference_token0_blk6_routed prefetch expert_id=55 tensor=blk.1.ffn_down_exps.weight dependency_distance=2
expert_parity max_abs=0 max_rel=0 mean_abs=0 tolerance=1e-5
reference_token0_blk6_routed expert_id=55 consumer_wait=not_instrumented acquire_release=recorded peak_active=1622016 peak_resident=8245248
reference_token0_blk6_routed expert_rank=3 expert_id=34 router_rank=3 graph_created=YES graph_refs=gate:0,up:1,down:2 storage_ref_base=60102 score_preserved=YES
reference_token0_blk6_routed expert_id=34 selected_range tensor=blk.1.ffn_gate_exps.weight offset=1036767688 bytes=563200 layout=DIRECT
reference_token0_blk6_routed expert_id=34 selected_range tensor=blk.1.ffn_up_exps.weight offset=1072812504 bytes=563200 layout=DIRECT
reference_token0_blk6_routed expert_id=34 selected_range tensor=blk.1.ffn_down_exps.weight offset=1144857064 bytes=1622016 layout=DIRECT
reference_token0_blk6_routed prefetch expert_id=34 tensor=blk.1.ffn_gate_exps.weight dependency_distance=0
reference_token0_blk6_routed prefetch expert_id=34 tensor=blk.1.ffn_up_exps.weight dependency_distance=0
reference_token0_blk6_routed prefetch expert_id=34 tensor=blk.1.ffn_down_exps.weight dependency_distance=2
expert_parity max_abs=0 max_rel=0 mean_abs=0 tolerance=1e-5
reference_token0_blk6_routed expert_id=34 consumer_wait=not_instrumented acquire_release=recorded peak_active=1622016 peak_resident=8245248
reference_token0_blk6_routed expert_rank=4 expert_id=22 router_rank=4 graph_created=YES graph_refs=gate:0,up:1,down:2 storage_ref_base=60066 score_preserved=YES
reference_token0_blk6_routed expert_id=22 selected_range tensor=blk.1.ffn_gate_exps.weight offset=1030009288 bytes=563200 layout=DIRECT
reference_token0_blk6_routed expert_id=22 selected_range tensor=blk.1.ffn_up_exps.weight offset=1066054104 bytes=563200 layout=DIRECT
reference_token0_blk6_routed expert_id=22 selected_range tensor=blk.1.ffn_down_exps.weight offset=1125392872 bytes=1622016 layout=DIRECT
reference_token0_blk6_routed prefetch expert_id=22 tensor=blk.1.ffn_gate_exps.weight dependency_distance=0
reference_token0_blk6_routed prefetch expert_id=22 tensor=blk.1.ffn_up_exps.weight dependency_distance=0
reference_token0_blk6_routed prefetch expert_id=22 tensor=blk.1.ffn_down_exps.weight dependency_distance=2
expert_parity max_abs=0 max_rel=0 mean_abs=0 tolerance=1e-5
reference_token0_blk6_routed expert_id=22 consumer_wait=not_instrumented acquire_release=recorded peak_active=1622016 peak_resident=8245248
reference_token0_blk6_routed expert_rank=5 expert_id=11 router_rank=5 graph_created=YES graph_refs=gate:0,up:1,down:2 storage_ref_base=60033 score_preserved=YES
reference_token0_blk6_routed expert_id=11 selected_range tensor=blk.1.ffn_gate_exps.weight offset=1023814088 bytes=563200 layout=DIRECT
reference_token0_blk6_routed expert_id=11 selected_range tensor=blk.1.ffn_up_exps.weight offset=1059858904 bytes=563200 layout=DIRECT
reference_token0_blk6_routed expert_id=11 selected_range tensor=blk.1.ffn_down_exps.weight offset=1107550696 bytes=1622016 layout=DIRECT
reference_token0_blk6_routed prefetch expert_id=11 tensor=blk.1.ffn_gate_exps.weight dependency_distance=0
reference_token0_blk6_routed prefetch expert_id=11 tensor=blk.1.ffn_up_exps.weight dependency_distance=0
reference_token0_blk6_routed prefetch expert_id=11 tensor=blk.1.ffn_down_exps.weight dependency_distance=2
expert_parity max_abs=0 max_rel=0 mean_abs=0 tolerance=1e-5
reference_token0_blk6_routed expert_id=11 consumer_wait=not_instrumented acquire_release=recorded peak_active=1622016 peak_resident=8245248
reference_token0_blk6_routed residency_hits=36 residency_misses=42 source_reads=18 materialization_requests=18 source_policy_calls=18 evictions=11 resident_tensors_after=9
routed_merge_parity max_abs=0 max_rel=0 mean_abs=0 tolerance=1e-5
shared_expert_parity max_abs=0 max_rel=0 mean_abs=0 tolerance=1e-5
pre_residual_composition_parity max_abs=0 max_rel=0 mean_abs=0 tolerance=1e-5
final_layer_parity max_abs=0 max_rel=0 mean_abs=0 tolerance=1e-5
reference_token0_blk6 shared_expert=REQUIRED shared_graph_created=YES residual_add=YES final_composition=PASS
ffn_timing tensor=blk.1.ffn_gate_inp.weight payload_ready_ns=6320992046126 first_consumer_start_ns=6321148447762 payload_to_first_consumer_ns=156401636
ffn_timing tensor=blk.1.ffn_gate_shexp.weight payload_ready_ns=6325619013748 first_consumer_start_ns=6325705356255 payload_to_first_consumer_ns=86342507
ffn_timing tensor=blk.1.ffn_gate_exps.weight payload_ready_ns=6321384618496 first_consumer_start_ns=6321551078413 payload_to_first_consumer_ns=166459917
reference_token0_blk6 full_layer_residency_hits=46 misses=51 evictions=15 source_reads=23 source_bytes=20402176 materialization_requests=23 resident_tensors_after=8
reference_token0_blk6 full_layer_peak_active_persistent_bytes=1622016 full_layer_peak_resident_bytes=8312832
reference_token0_blk6 first_payload_to_shared_compute_start_ns=5025253883 execution_ready_to_consumer_ns=NOT_INSTRUMENTED payload_to_first_useful_compute=NOT_INSTRUMENTED
token0_blk6_attention_parity max_abs=0 max_rel=0 mean_abs=0 tolerance=1e-5
token0_blk6_block_parity max_abs=0 max_rel=0 mean_abs=0 tolerance=1e-5
token0 block_handoff block=7 handoff_ns=29770 activation_copy_bytes=0
attention_timing tensor=blk.1.attn_norm.weight payload_ready_ns=6215332886196 first_consumer_start_ns=6326363540050 payload_to_first_consumer_ns=111030653854
attention_timing tensor=blk.1.attn_q.weight payload_ready_ns=6215539183543 first_consumer_start_ns=6326671808138 payload_to_first_consumer_ns=111132624595
attention_timing tensor=blk.1.attn_kv_a_mqa.weight payload_ready_ns=6215753896123 first_consumer_start_ns=6327048102477 payload_to_first_consumer_ns=111294206354
attention_timing tensor=blk.1.attn_kv_a_norm.weight payload_ready_ns=6215959016937 first_consumer_start_ns=6327451430608 payload_to_first_consumer_ns=111492413671
attention_timing tensor=blk.1.attn_kv_b.weight payload_ready_ns=6216165481536 first_consumer_start_ns=6327875721608 payload_to_first_consumer_ns=111710240072
attention_timing tensor=blk.1.attn_output.weight payload_ready_ns=6216372164165 first_consumer_start_ns=6328275930527 payload_to_first_consumer_ns=111903766362
token0_blk7 position=0 state_k_positions=1 state_v_positions=1 attention_probs=1,1,1,1,1,1,1,1,1,1,1,1,1,1,1,1,
reference_attention position=0 state_k_positions=1 state_v_positions=1 attention_probs=1,1,1,1,1,1,1,1,1,1,1,1,1,1,1,1,
normalized_input_parity max_abs=0 max_rel=0 mean_abs=0 tolerance=1e-5
router_score_parity max_abs=1.2517e-06 max_rel=0.000158625 mean_abs=2.37978e-07 tolerance=1e-5
selected_weight_parity max_abs=5.96046e-08 max_rel=3.84621e-07 mean_abs=2.23517e-08 tolerance=1e-5
token0_blk7 topk_ids=53,18,38,1,47,31 normalized_weights=0.227956,0.176807,0.159192,0.15497,0.142203,0.138873,
token0_blk7_routed expert_rank=0 expert_id=53 router_rank=0 graph_created=YES graph_refs=gate:0,up:1,down:2 storage_ref_base=70159 score_preserved=YES
token0_blk7_routed expert_id=53 selected_range tensor=blk.1.ffn_gate_exps.weight offset=1230239376 bytes=563200 layout=DIRECT
token0_blk7_routed expert_id=53 selected_range tensor=blk.1.ffn_up_exps.weight offset=1266284192 bytes=563200 layout=DIRECT
token0_blk7_routed expert_id=53 selected_range tensor=blk.1.ffn_down_exps.weight offset=1358446256 bytes=1622016 layout=DIRECT
token0_blk7_routed prefetch expert_id=53 tensor=blk.1.ffn_gate_exps.weight dependency_distance=0
token0_blk7_routed prefetch expert_id=53 tensor=blk.1.ffn_up_exps.weight dependency_distance=0
token0_blk7_routed prefetch expert_id=53 tensor=blk.1.ffn_down_exps.weight dependency_distance=2
expert_parity max_abs=0 max_rel=0 mean_abs=0 tolerance=1e-5
token0_blk7_routed expert_id=53 consumer_wait=not_instrumented acquire_release=recorded peak_active=1622016 peak_resident=7367680
token0_blk7_routed expert_rank=1 expert_id=18 router_rank=1 graph_created=YES graph_refs=gate:0,up:1,down:2 storage_ref_base=70054 score_preserved=YES
token0_blk7_routed expert_id=18 selected_range tensor=blk.1.ffn_gate_exps.weight offset=1210527376 bytes=563200 layout=DIRECT
token0_blk7_routed expert_id=18 selected_range tensor=blk.1.ffn_up_exps.weight offset=1246572192 bytes=563200 layout=DIRECT
token0_blk7_routed expert_id=18 selected_range tensor=blk.1.ffn_down_exps.weight offset=1301675696 bytes=1622016 layout=DIRECT
token0_blk7_routed prefetch expert_id=18 tensor=blk.1.ffn_gate_exps.weight dependency_distance=0
token0_blk7_routed prefetch expert_id=18 tensor=blk.1.ffn_up_exps.weight dependency_distance=0
token0_blk7_routed prefetch expert_id=18 tensor=blk.1.ffn_down_exps.weight dependency_distance=2
expert_parity max_abs=0 max_rel=0 mean_abs=0 tolerance=1e-5
token0_blk7_routed expert_id=18 consumer_wait=not_instrumented acquire_release=recorded peak_active=1622016 peak_resident=7752704
token0_blk7_routed expert_rank=2 expert_id=38 router_rank=2 graph_created=YES graph_refs=gate:0,up:1,down:2 storage_ref_base=70114 score_preserved=YES
token0_blk7_routed expert_id=38 selected_range tensor=blk.1.ffn_gate_exps.weight offset=1221791376 bytes=563200 layout=DIRECT
token0_blk7_routed expert_id=38 selected_range tensor=blk.1.ffn_up_exps.weight offset=1257836192 bytes=563200 layout=DIRECT
token0_blk7_routed expert_id=38 selected_range tensor=blk.1.ffn_down_exps.weight offset=1334116016 bytes=1622016 layout=DIRECT
token0_blk7_routed prefetch expert_id=38 tensor=blk.1.ffn_gate_exps.weight dependency_distance=0
token0_blk7_routed prefetch expert_id=38 tensor=blk.1.ffn_up_exps.weight dependency_distance=0
token0_blk7_routed prefetch expert_id=38 tensor=blk.1.ffn_down_exps.weight dependency_distance=2
expert_parity max_abs=0 max_rel=0 mean_abs=0 tolerance=1e-5
token0_blk7_routed expert_id=38 consumer_wait=not_instrumented acquire_release=recorded peak_active=1622016 peak_resident=8245248
token0_blk7_routed expert_rank=3 expert_id=1 router_rank=3 graph_created=YES graph_refs=gate:0,up:1,down:2 storage_ref_base=70003 score_preserved=YES
token0_blk7_routed expert_id=1 selected_range tensor=blk.1.ffn_gate_exps.weight offset=1200952976 bytes=563200 layout=DIRECT
token0_blk7_routed expert_id=1 selected_range tensor=blk.1.ffn_up_exps.weight offset=1236997792 bytes=563200 layout=DIRECT
token0_blk7_routed expert_id=1 selected_range tensor=blk.1.ffn_down_exps.weight offset=1274101424 bytes=1622016 layout=DIRECT
token0_blk7_routed prefetch expert_id=1 tensor=blk.1.ffn_gate_exps.weight dependency_distance=0
token0_blk7_routed prefetch expert_id=1 tensor=blk.1.ffn_up_exps.weight dependency_distance=0
token0_blk7_routed prefetch expert_id=1 tensor=blk.1.ffn_down_exps.weight dependency_distance=2
expert_parity max_abs=0 max_rel=0 mean_abs=0 tolerance=1e-5
token0_blk7_routed expert_id=1 consumer_wait=not_instrumented acquire_release=recorded peak_active=1622016 peak_resident=8245248
token0_blk7_routed expert_rank=4 expert_id=47 router_rank=4 graph_created=YES graph_refs=gate:0,up:1,down:2 storage_ref_base=70141 score_preserved=YES
token0_blk7_routed expert_id=47 selected_range tensor=blk.1.ffn_gate_exps.weight offset=1226860176 bytes=563200 layout=DIRECT
token0_blk7_routed expert_id=47 selected_range tensor=blk.1.ffn_up_exps.weight offset=1262904992 bytes=563200 layout=DIRECT
token0_blk7_routed expert_id=47 selected_range tensor=blk.1.ffn_down_exps.weight offset=1348714160 bytes=1622016 layout=DIRECT
token0_blk7_routed prefetch expert_id=47 tensor=blk.1.ffn_gate_exps.weight dependency_distance=0
token0_blk7_routed prefetch expert_id=47 tensor=blk.1.ffn_up_exps.weight dependency_distance=0
token0_blk7_routed prefetch expert_id=47 tensor=blk.1.ffn_down_exps.weight dependency_distance=2
expert_parity max_abs=0 max_rel=0 mean_abs=0 tolerance=1e-5
token0_blk7_routed expert_id=47 consumer_wait=not_instrumented acquire_release=recorded peak_active=1622016 peak_resident=8245248
token0_blk7_routed expert_rank=5 expert_id=31 router_rank=5 graph_created=YES graph_refs=gate:0,up:1,down:2 storage_ref_base=70093 score_preserved=YES
token0_blk7_routed expert_id=31 selected_range tensor=blk.1.ffn_gate_exps.weight offset=1217848976 bytes=563200 layout=DIRECT
token0_blk7_routed expert_id=31 selected_range tensor=blk.1.ffn_up_exps.weight offset=1253893792 bytes=563200 layout=DIRECT
token0_blk7_routed expert_id=31 selected_range tensor=blk.1.ffn_down_exps.weight offset=1322761904 bytes=1622016 layout=DIRECT
token0_blk7_routed prefetch expert_id=31 tensor=blk.1.ffn_gate_exps.weight dependency_distance=0
token0_blk7_routed prefetch expert_id=31 tensor=blk.1.ffn_up_exps.weight dependency_distance=0
token0_blk7_routed prefetch expert_id=31 tensor=blk.1.ffn_down_exps.weight dependency_distance=2
expert_parity max_abs=0 max_rel=0 mean_abs=0 tolerance=1e-5
token0_blk7_routed expert_id=31 consumer_wait=not_instrumented acquire_release=recorded peak_active=1622016 peak_resident=8245248
token0_blk7_routed residency_hits=36 residency_misses=42 source_reads=18 materialization_requests=18 source_policy_calls=18 evictions=20 resident_tensors_after=9
routed_merge_parity max_abs=0 max_rel=0 mean_abs=0 tolerance=1e-5
shared_expert_parity max_abs=0 max_rel=0 mean_abs=0 tolerance=1e-5
pre_residual_composition_parity max_abs=0 max_rel=0 mean_abs=0 tolerance=1e-5
final_layer_parity max_abs=0 max_rel=0 mean_abs=0 tolerance=1e-5
token0_blk7 shared_expert=REQUIRED shared_graph_created=YES residual_add=YES final_composition=PASS
ffn_timing tensor=blk.1.ffn_gate_inp.weight payload_ready_ns=6328942730413 first_consumer_start_ns=6329090507786 payload_to_first_consumer_ns=147777373
ffn_timing tensor=blk.1.ffn_gate_shexp.weight payload_ready_ns=6336949965744 first_consumer_start_ns=6337116436089 payload_to_first_consumer_ns=166470345
ffn_timing tensor=blk.1.ffn_gate_exps.weight payload_ready_ns=6329373704662 first_consumer_start_ns=6329550761047 payload_to_first_consumer_ns=177056385
token0_blk7 full_layer_residency_hits=46 misses=51 evictions=25 source_reads=23 source_bytes=20402176 materialization_requests=23 resident_tensors_after=8
token0_blk7 full_layer_peak_active_persistent_bytes=1622016 full_layer_peak_resident_bytes=8312832
token0_blk7 first_payload_to_shared_compute_start_ns=8339991318 execution_ready_to_consumer_ns=NOT_INSTRUMENTED payload_to_first_useful_compute=NOT_INSTRUMENTED
normalized_input_parity max_abs=0 max_rel=0 mean_abs=0 tolerance=1e-5
router_score_parity max_abs=1.2517e-06 max_rel=0.000158625 mean_abs=2.37978e-07 tolerance=1e-5
selected_weight_parity max_abs=5.96046e-08 max_rel=3.84621e-07 mean_abs=2.23517e-08 tolerance=1e-5
reference_token0_blk7 topk_ids=53,18,38,1,47,31 normalized_weights=0.227956,0.176807,0.159192,0.15497,0.142203,0.138873,
reference_token0_blk7_routed expert_rank=0 expert_id=53 router_rank=0 graph_created=YES graph_refs=gate:0,up:1,down:2 storage_ref_base=70159 score_preserved=YES
reference_token0_blk7_routed expert_id=53 selected_range tensor=blk.1.ffn_gate_exps.weight offset=1230239376 bytes=563200 layout=DIRECT
reference_token0_blk7_routed expert_id=53 selected_range tensor=blk.1.ffn_up_exps.weight offset=1266284192 bytes=563200 layout=DIRECT
reference_token0_blk7_routed expert_id=53 selected_range tensor=blk.1.ffn_down_exps.weight offset=1358446256 bytes=1622016 layout=DIRECT
reference_token0_blk7_routed prefetch expert_id=53 tensor=blk.1.ffn_gate_exps.weight dependency_distance=0
reference_token0_blk7_routed prefetch expert_id=53 tensor=blk.1.ffn_up_exps.weight dependency_distance=0
reference_token0_blk7_routed prefetch expert_id=53 tensor=blk.1.ffn_down_exps.weight dependency_distance=2
expert_parity max_abs=0 max_rel=0 mean_abs=0 tolerance=1e-5
reference_token0_blk7_routed expert_id=53 consumer_wait=not_instrumented acquire_release=recorded peak_active=1622016 peak_resident=3280896
reference_token0_blk7_routed expert_rank=1 expert_id=18 router_rank=1 graph_created=YES graph_refs=gate:0,up:1,down:2 storage_ref_base=70054 score_preserved=YES
reference_token0_blk7_routed expert_id=18 selected_range tensor=blk.1.ffn_gate_exps.weight offset=1210527376 bytes=563200 layout=DIRECT
reference_token0_blk7_routed expert_id=18 selected_range tensor=blk.1.ffn_up_exps.weight offset=1246572192 bytes=563200 layout=DIRECT
reference_token0_blk7_routed expert_id=18 selected_range tensor=blk.1.ffn_down_exps.weight offset=1301675696 bytes=1622016 layout=DIRECT
reference_token0_blk7_routed prefetch expert_id=18 tensor=blk.1.ffn_gate_exps.weight dependency_distance=0
reference_token0_blk7_routed prefetch expert_id=18 tensor=blk.1.ffn_up_exps.weight dependency_distance=0
reference_token0_blk7_routed prefetch expert_id=18 tensor=blk.1.ffn_down_exps.weight dependency_distance=2
expert_parity max_abs=0 max_rel=0 mean_abs=0 tolerance=1e-5
reference_token0_blk7_routed expert_id=18 consumer_wait=not_instrumented acquire_release=recorded peak_active=1622016 peak_resident=6029312
reference_token0_blk7_routed expert_rank=2 expert_id=38 router_rank=2 graph_created=YES graph_refs=gate:0,up:1,down:2 storage_ref_base=70114 score_preserved=YES
reference_token0_blk7_routed expert_id=38 selected_range tensor=blk.1.ffn_gate_exps.weight offset=1221791376 bytes=563200 layout=DIRECT
reference_token0_blk7_routed expert_id=38 selected_range tensor=blk.1.ffn_up_exps.weight offset=1257836192 bytes=563200 layout=DIRECT
reference_token0_blk7_routed expert_id=38 selected_range tensor=blk.1.ffn_down_exps.weight offset=1334116016 bytes=1622016 layout=DIRECT
reference_token0_blk7_routed prefetch expert_id=38 tensor=blk.1.ffn_gate_exps.weight dependency_distance=0
reference_token0_blk7_routed prefetch expert_id=38 tensor=blk.1.ffn_up_exps.weight dependency_distance=0
reference_token0_blk7_routed prefetch expert_id=38 tensor=blk.1.ffn_down_exps.weight dependency_distance=2
expert_parity max_abs=0 max_rel=0 mean_abs=0 tolerance=1e-5
reference_token0_blk7_routed expert_id=38 consumer_wait=not_instrumented acquire_release=recorded peak_active=1622016 peak_resident=8245248
reference_token0_blk7_routed expert_rank=3 expert_id=1 router_rank=3 graph_created=YES graph_refs=gate:0,up:1,down:2 storage_ref_base=70003 score_preserved=YES
reference_token0_blk7_routed expert_id=1 selected_range tensor=blk.1.ffn_gate_exps.weight offset=1200952976 bytes=563200 layout=DIRECT
reference_token0_blk7_routed expert_id=1 selected_range tensor=blk.1.ffn_up_exps.weight offset=1236997792 bytes=563200 layout=DIRECT
reference_token0_blk7_routed expert_id=1 selected_range tensor=blk.1.ffn_down_exps.weight offset=1274101424 bytes=1622016 layout=DIRECT
reference_token0_blk7_routed prefetch expert_id=1 tensor=blk.1.ffn_gate_exps.weight dependency_distance=0
reference_token0_blk7_routed prefetch expert_id=1 tensor=blk.1.ffn_up_exps.weight dependency_distance=0
reference_token0_blk7_routed prefetch expert_id=1 tensor=blk.1.ffn_down_exps.weight dependency_distance=2
expert_parity max_abs=0 max_rel=0 mean_abs=0 tolerance=1e-5
reference_token0_blk7_routed expert_id=1 consumer_wait=not_instrumented acquire_release=recorded peak_active=1622016 peak_resident=8245248
reference_token0_blk7_routed expert_rank=4 expert_id=47 router_rank=4 graph_created=YES graph_refs=gate:0,up:1,down:2 storage_ref_base=70141 score_preserved=YES
reference_token0_blk7_routed expert_id=47 selected_range tensor=blk.1.ffn_gate_exps.weight offset=1226860176 bytes=563200 layout=DIRECT
reference_token0_blk7_routed expert_id=47 selected_range tensor=blk.1.ffn_up_exps.weight offset=1262904992 bytes=563200 layout=DIRECT
reference_token0_blk7_routed expert_id=47 selected_range tensor=blk.1.ffn_down_exps.weight offset=1348714160 bytes=1622016 layout=DIRECT
reference_token0_blk7_routed prefetch expert_id=47 tensor=blk.1.ffn_gate_exps.weight dependency_distance=0
reference_token0_blk7_routed prefetch expert_id=47 tensor=blk.1.ffn_up_exps.weight dependency_distance=0
reference_token0_blk7_routed prefetch expert_id=47 tensor=blk.1.ffn_down_exps.weight dependency_distance=2
expert_parity max_abs=0 max_rel=0 mean_abs=0 tolerance=1e-5
reference_token0_blk7_routed expert_id=47 consumer_wait=not_instrumented acquire_release=recorded peak_active=1622016 peak_resident=8245248
reference_token0_blk7_routed expert_rank=5 expert_id=31 router_rank=5 graph_created=YES graph_refs=gate:0,up:1,down:2 storage_ref_base=70093 score_preserved=YES
reference_token0_blk7_routed expert_id=31 selected_range tensor=blk.1.ffn_gate_exps.weight offset=1217848976 bytes=563200 layout=DIRECT
reference_token0_blk7_routed expert_id=31 selected_range tensor=blk.1.ffn_up_exps.weight offset=1253893792 bytes=563200 layout=DIRECT
reference_token0_blk7_routed expert_id=31 selected_range tensor=blk.1.ffn_down_exps.weight offset=1322761904 bytes=1622016 layout=DIRECT
reference_token0_blk7_routed prefetch expert_id=31 tensor=blk.1.ffn_gate_exps.weight dependency_distance=0
reference_token0_blk7_routed prefetch expert_id=31 tensor=blk.1.ffn_up_exps.weight dependency_distance=0
reference_token0_blk7_routed prefetch expert_id=31 tensor=blk.1.ffn_down_exps.weight dependency_distance=2
expert_parity max_abs=0 max_rel=0 mean_abs=0 tolerance=1e-5
reference_token0_blk7_routed expert_id=31 consumer_wait=not_instrumented acquire_release=recorded peak_active=1622016 peak_resident=8245248
reference_token0_blk7_routed residency_hits=36 residency_misses=42 source_reads=18 materialization_requests=18 source_policy_calls=18 evictions=11 resident_tensors_after=9
routed_merge_parity max_abs=0 max_rel=0 mean_abs=0 tolerance=1e-5
shared_expert_parity max_abs=0 max_rel=0 mean_abs=0 tolerance=1e-5
pre_residual_composition_parity max_abs=0 max_rel=0 mean_abs=0 tolerance=1e-5
final_layer_parity max_abs=0 max_rel=0 mean_abs=0 tolerance=1e-5
reference_token0_blk7 shared_expert=REQUIRED shared_graph_created=YES residual_add=YES final_composition=PASS
ffn_timing tensor=blk.1.ffn_gate_inp.weight payload_ready_ns=6338569051155 first_consumer_start_ns=6338736952547 payload_to_first_consumer_ns=167901392
ffn_timing tensor=blk.1.ffn_gate_shexp.weight payload_ready_ns=6346006901512 first_consumer_start_ns=6346156105489 payload_to_first_consumer_ns=149203977
ffn_timing tensor=blk.1.ffn_gate_exps.weight payload_ready_ns=6338989585563 first_consumer_start_ns=6339162362285 payload_to_first_consumer_ns=172776722
reference_token0_blk7 full_layer_residency_hits=46 misses=51 evictions=15 source_reads=23 source_bytes=20402176 materialization_requests=23 resident_tensors_after=8
reference_token0_blk7 full_layer_peak_active_persistent_bytes=1622016 full_layer_peak_resident_bytes=8312832
reference_token0_blk7 first_payload_to_shared_compute_start_ns=7770560684 execution_ready_to_consumer_ns=NOT_INSTRUMENTED payload_to_first_useful_compute=NOT_INSTRUMENTED
token0_blk7_attention_parity max_abs=0 max_rel=0 mean_abs=0 tolerance=1e-5
token0_blk7_block_parity max_abs=0 max_rel=0 mean_abs=0 tolerance=1e-5
token0 block_handoff block=8 handoff_ns=225761 activation_copy_bytes=0
attention_timing tensor=blk.1.attn_norm.weight payload_ready_ns=6215332886196 first_consumer_start_ns=6347272127388 payload_to_first_consumer_ns=131939241192
attention_timing tensor=blk.1.attn_q.weight payload_ready_ns=6215539183543 first_consumer_start_ns=6347585135554 payload_to_first_consumer_ns=132045952011
attention_timing tensor=blk.1.attn_kv_a_mqa.weight payload_ready_ns=6215753896123 first_consumer_start_ns=6347895197767 payload_to_first_consumer_ns=132141301644
attention_timing tensor=blk.1.attn_kv_a_norm.weight payload_ready_ns=6215959016937 first_consumer_start_ns=6348210240892 payload_to_first_consumer_ns=132251223955
attention_timing tensor=blk.1.attn_kv_b.weight payload_ready_ns=6216165481536 first_consumer_start_ns=6348544701239 payload_to_first_consumer_ns=132379219703
attention_timing tensor=blk.1.attn_output.weight payload_ready_ns=6216372164165 first_consumer_start_ns=6348892104511 payload_to_first_consumer_ns=132519940346
token0_blk8 position=0 state_k_positions=1 state_v_positions=1 attention_probs=1,1,1,1,1,1,1,1,1,1,1,1,1,1,1,1,
reference_attention position=0 state_k_positions=1 state_v_positions=1 attention_probs=1,1,1,1,1,1,1,1,1,1,1,1,1,1,1,1,
poc17_phase name=cold_token1 event_begin=2223
attention_timing tensor=blk.1.attn_norm.weight payload_ready_ns=6215332886196 first_consumer_start_ns=6349261968587 payload_to_first_consumer_ns=133929082391
attention_timing tensor=blk.1.attn_q.weight payload_ready_ns=6215539183543 first_consumer_start_ns=6349631457373 payload_to_first_consumer_ns=134092273830
attention_timing tensor=blk.1.attn_kv_a_mqa.weight payload_ready_ns=6215753896123 first_consumer_start_ns=6350047870616 payload_to_first_consumer_ns=134293974493
attention_timing tensor=blk.1.attn_kv_a_norm.weight payload_ready_ns=6215959016937 first_consumer_start_ns=6350439451825 payload_to_first_consumer_ns=134480434888
attention_timing tensor=blk.1.attn_kv_b.weight payload_ready_ns=6216165481536 first_consumer_start_ns=6350900660628 payload_to_first_consumer_ns=134735179092
attention_timing tensor=blk.1.attn_output.weight payload_ready_ns=6216372164165 first_consumer_start_ns=6351321241501 payload_to_first_consumer_ns=134949077336
token1_blk1 position=1 state_k_positions=2 state_v_positions=2 attention_probs=0.327327,0.672673,0.410489,0.589511,0.566064,0.433936,0.327192,0.672808,0.932766,0.0672338,0.599507,0.400493,0.505362,0.494638,0.744735,0.255265,0.50687,0.49313,0.00836671,0.991633,0.754869,0.245131,0.650014,0.349986,0.537805,0.462195,0.554964,0.445036,0.523342,0.476658,0.56235,0.43765,
reference_attention position=1 state_k_positions=2 state_v_positions=2 attention_probs=0.327327,0.672673,0.410489,0.589511,0.566064,0.433936,0.327192,0.672808,0.932766,0.0672338,0.599507,0.400493,0.505362,0.494638,0.744735,0.255265,0.50687,0.49313,0.00836671,0.991633,0.754869,0.245131,0.650014,0.349986,0.537805,0.462195,0.554964,0.445036,0.523342,0.476658,0.56235,0.43765,
normalized_input_parity max_abs=0 max_rel=0 mean_abs=0 tolerance=1e-5
router_score_parity max_abs=2.86102e-06 max_rel=5.82025e-06 mean_abs=3.96627e-07 tolerance=1e-5
selected_weight_parity max_abs=2.38419e-07 max_rel=1.73796e-06 mean_abs=1.21693e-07 tolerance=1e-5
token1_blk1 topk_ids=56,29,11,3,50,26 normalized_weights=0.431742,0.24147,0.103862,0.0857397,0.0713288,0.0658583,
token1_blk1_routed expert_rank=0 expert_id=56 router_rank=0 graph_created=YES graph_refs=gate:0,up:1,down:2 storage_ref_base=10168 score_preserved=YES
token1_blk1_routed expert_id=56 selected_range tensor=blk.1.ffn_gate_exps.weight offset=135303648 bytes=563200 layout=DIRECT
token1_blk1_routed expert_id=56 selected_range tensor=blk.1.ffn_up_exps.weight offset=171348464 bytes=563200 layout=DIRECT
token1_blk1_routed expert_id=56 selected_range tensor=blk.1.ffn_down_exps.weight offset=266686976 bytes=1622016 layout=DIRECT
token1_blk1_routed prefetch expert_id=56 tensor=blk.1.ffn_gate_exps.weight dependency_distance=0
token1_blk1_routed prefetch expert_id=56 tensor=blk.1.ffn_up_exps.weight dependency_distance=0
token1_blk1_routed prefetch expert_id=56 tensor=blk.1.ffn_down_exps.weight dependency_distance=2
expert_parity max_abs=0 max_rel=0 mean_abs=0 tolerance=1e-5
token1_blk1_routed expert_id=56 consumer_wait=not_instrumented acquire_release=recorded peak_active=1622016 peak_resident=7367680
token1_blk1_routed expert_rank=1 expert_id=29 router_rank=1 graph_created=YES graph_refs=gate:0,up:1,down:2 storage_ref_base=10087 score_preserved=YES
token1_blk1_routed expert_id=29 selected_range tensor=blk.1.ffn_gate_exps.weight offset=120097248 bytes=563200 layout=DIRECT
token1_blk1_routed expert_id=29 selected_range tensor=blk.1.ffn_up_exps.weight offset=156142064 bytes=563200 layout=DIRECT
token1_blk1_routed expert_id=29 selected_range tensor=blk.1.ffn_down_exps.weight offset=222892544 bytes=1622016 layout=DIRECT
token1_blk1_routed prefetch expert_id=29 tensor=blk.1.ffn_gate_exps.weight dependency_distance=0
token1_blk1_routed prefetch expert_id=29 tensor=blk.1.ffn_up_exps.weight dependency_distance=0
token1_blk1_routed prefetch expert_id=29 tensor=blk.1.ffn_down_exps.weight dependency_distance=2
expert_parity max_abs=0 max_rel=0 mean_abs=0 tolerance=1e-5
token1_blk1_routed expert_id=29 consumer_wait=not_instrumented acquire_release=recorded peak_active=1622016 peak_resident=7752704
token1_blk1_routed expert_rank=2 expert_id=11 router_rank=2 graph_created=YES graph_refs=gate:0,up:1,down:2 storage_ref_base=10033 score_preserved=YES
token1_blk1_routed expert_id=11 selected_range tensor=blk.1.ffn_gate_exps.weight offset=109959648 bytes=563200 layout=DIRECT
token1_blk1_routed expert_id=11 selected_range tensor=blk.1.ffn_up_exps.weight offset=146004464 bytes=563200 layout=DIRECT
token1_blk1_routed expert_id=11 selected_range tensor=blk.1.ffn_down_exps.weight offset=193696256 bytes=1622016 layout=DIRECT
token1_blk1_routed prefetch expert_id=11 tensor=blk.1.ffn_gate_exps.weight dependency_distance=0
token1_blk1_routed prefetch expert_id=11 tensor=blk.1.ffn_up_exps.weight dependency_distance=0
token1_blk1_routed prefetch expert_id=11 tensor=blk.1.ffn_down_exps.weight dependency_distance=2
expert_parity max_abs=0 max_rel=0 mean_abs=0 tolerance=1e-5
token1_blk1_routed expert_id=11 consumer_wait=not_instrumented acquire_release=recorded peak_active=1622016 peak_resident=8245248
token1_blk1_routed expert_rank=3 expert_id=3 router_rank=3 graph_created=YES graph_refs=gate:0,up:1,down:2 storage_ref_base=10009 score_preserved=YES
token1_blk1_routed expert_id=3 selected_range tensor=blk.1.ffn_gate_exps.weight offset=105454048 bytes=563200 layout=DIRECT
token1_blk1_routed expert_id=3 selected_range tensor=blk.1.ffn_up_exps.weight offset=141498864 bytes=563200 layout=DIRECT
token1_blk1_routed expert_id=3 selected_range tensor=blk.1.ffn_down_exps.weight offset=180720128 bytes=1622016 layout=DIRECT
token1_blk1_routed prefetch expert_id=3 tensor=blk.1.ffn_gate_exps.weight dependency_distance=0
token1_blk1_routed prefetch expert_id=3 tensor=blk.1.ffn_up_exps.weight dependency_distance=0
token1_blk1_routed prefetch expert_id=3 tensor=blk.1.ffn_down_exps.weight dependency_distance=2
expert_parity max_abs=0 max_rel=0 mean_abs=0 tolerance=1e-5
token1_blk1_routed expert_id=3 consumer_wait=not_instrumented acquire_release=recorded peak_active=1622016 peak_resident=8245248
token1_blk1_routed expert_rank=4 expert_id=50 router_rank=4 graph_created=YES graph_refs=gate:0,up:1,down:2 storage_ref_base=10150 score_preserved=YES
token1_blk1_routed expert_id=50 selected_range tensor=blk.1.ffn_gate_exps.weight offset=131924448 bytes=563200 layout=DIRECT
token1_blk1_routed expert_id=50 selected_range tensor=blk.1.ffn_up_exps.weight offset=167969264 bytes=563200 layout=DIRECT
token1_blk1_routed expert_id=50 selected_range tensor=blk.1.ffn_down_exps.weight offset=256954880 bytes=1622016 layout=DIRECT
token1_blk1_routed prefetch expert_id=50 tensor=blk.1.ffn_gate_exps.weight dependency_distance=0
token1_blk1_routed prefetch expert_id=50 tensor=blk.1.ffn_up_exps.weight dependency_distance=0
token1_blk1_routed prefetch expert_id=50 tensor=blk.1.ffn_down_exps.weight dependency_distance=2
expert_parity max_abs=0 max_rel=0 mean_abs=0 tolerance=1e-5
token1_blk1_routed expert_id=50 consumer_wait=not_instrumented acquire_release=recorded peak_active=1622016 peak_resident=8245248
token1_blk1_routed expert_rank=5 expert_id=26 router_rank=5 graph_created=YES graph_refs=gate:0,up:1,down:2 storage_ref_base=10078 score_preserved=YES
token1_blk1_routed expert_id=26 selected_range tensor=blk.1.ffn_gate_exps.weight offset=118407648 bytes=563200 layout=DIRECT
token1_blk1_routed expert_id=26 selected_range tensor=blk.1.ffn_up_exps.weight offset=154452464 bytes=563200 layout=DIRECT
token1_blk1_routed expert_id=26 selected_range tensor=blk.1.ffn_down_exps.weight offset=218026496 bytes=1622016 layout=DIRECT
token1_blk1_routed prefetch expert_id=26 tensor=blk.1.ffn_gate_exps.weight dependency_distance=0
token1_blk1_routed prefetch expert_id=26 tensor=blk.1.ffn_up_exps.weight dependency_distance=0
token1_blk1_routed prefetch expert_id=26 tensor=blk.1.ffn_down_exps.weight dependency_distance=2
expert_parity max_abs=0 max_rel=0 mean_abs=0 tolerance=1e-5
token1_blk1_routed expert_id=26 consumer_wait=not_instrumented acquire_release=recorded peak_active=1622016 peak_resident=8245248
token1_blk1_routed residency_hits=36 residency_misses=42 source_reads=18 materialization_requests=18 source_policy_calls=18 evictions=20 resident_tensors_after=9
routed_merge_parity max_abs=0 max_rel=0 mean_abs=0 tolerance=1e-5
shared_expert_parity max_abs=0 max_rel=0 mean_abs=0 tolerance=1e-5
pre_residual_composition_parity max_abs=0 max_rel=0 mean_abs=0 tolerance=1e-5
final_layer_parity max_abs=0 max_rel=0 mean_abs=0 tolerance=1e-5
token1_blk1 shared_expert=REQUIRED shared_graph_created=YES residual_add=YES final_composition=PASS
ffn_timing tensor=blk.1.ffn_gate_inp.weight payload_ready_ns=6352102827286 first_consumer_start_ns=6352266485276 payload_to_first_consumer_ns=163657990
ffn_timing tensor=blk.1.ffn_gate_shexp.weight payload_ready_ns=6359707034076 first_consumer_start_ns=6359867627847 payload_to_first_consumer_ns=160593771
ffn_timing tensor=blk.1.ffn_gate_exps.weight payload_ready_ns=6352531187712 first_consumer_start_ns=6352694053340 payload_to_first_consumer_ns=162865628
token1_blk1 full_layer_residency_hits=46 misses=51 evictions=27 source_reads=23 source_bytes=21168128 materialization_requests=23 resident_tensors_after=6
token1_blk1 full_layer_peak_active_persistent_bytes=1892352 full_layer_peak_resident_bytes=8245248
token1_blk1 first_payload_to_shared_compute_start_ns=7918156959 execution_ready_to_consumer_ns=NOT_INSTRUMENTED payload_to_first_useful_compute=NOT_INSTRUMENTED
normalized_input_parity max_abs=0 max_rel=0 mean_abs=0 tolerance=1e-5
router_score_parity max_abs=2.86102e-06 max_rel=5.82025e-06 mean_abs=3.96627e-07 tolerance=1e-5
selected_weight_parity max_abs=2.38419e-07 max_rel=1.73796e-06 mean_abs=1.21693e-07 tolerance=1e-5
reference_token1_blk1 topk_ids=56,29,11,3,50,26 normalized_weights=0.431742,0.24147,0.103862,0.0857397,0.0713288,0.0658583,
reference_token1_blk1_routed expert_rank=0 expert_id=56 router_rank=0 graph_created=YES graph_refs=gate:0,up:1,down:2 storage_ref_base=10168 score_preserved=YES
reference_token1_blk1_routed expert_id=56 selected_range tensor=blk.1.ffn_gate_exps.weight offset=135303648 bytes=563200 layout=DIRECT
reference_token1_blk1_routed expert_id=56 selected_range tensor=blk.1.ffn_up_exps.weight offset=171348464 bytes=563200 layout=DIRECT
reference_token1_blk1_routed expert_id=56 selected_range tensor=blk.1.ffn_down_exps.weight offset=266686976 bytes=1622016 layout=DIRECT
reference_token1_blk1_routed prefetch expert_id=56 tensor=blk.1.ffn_gate_exps.weight dependency_distance=0
reference_token1_blk1_routed prefetch expert_id=56 tensor=blk.1.ffn_up_exps.weight dependency_distance=0
reference_token1_blk1_routed prefetch expert_id=56 tensor=blk.1.ffn_down_exps.weight dependency_distance=2
expert_parity max_abs=0 max_rel=0 mean_abs=0 tolerance=1e-5
reference_token1_blk1_routed expert_id=56 consumer_wait=not_instrumented acquire_release=recorded peak_active=1622016 peak_resident=3280896
reference_token1_blk1_routed expert_rank=1 expert_id=29 router_rank=1 graph_created=YES graph_refs=gate:0,up:1,down:2 storage_ref_base=10087 score_preserved=YES
reference_token1_blk1_routed expert_id=29 selected_range tensor=blk.1.ffn_gate_exps.weight offset=120097248 bytes=563200 layout=DIRECT
reference_token1_blk1_routed expert_id=29 selected_range tensor=blk.1.ffn_up_exps.weight offset=156142064 bytes=563200 layout=DIRECT
reference_token1_blk1_routed expert_id=29 selected_range tensor=blk.1.ffn_down_exps.weight offset=222892544 bytes=1622016 layout=DIRECT
reference_token1_blk1_routed prefetch expert_id=29 tensor=blk.1.ffn_gate_exps.weight dependency_distance=0
reference_token1_blk1_routed prefetch expert_id=29 tensor=blk.1.ffn_up_exps.weight dependency_distance=0
reference_token1_blk1_routed prefetch expert_id=29 tensor=blk.1.ffn_down_exps.weight dependency_distance=2
expert_parity max_abs=0 max_rel=0 mean_abs=0 tolerance=1e-5
reference_token1_blk1_routed expert_id=29 consumer_wait=not_instrumented acquire_release=recorded peak_active=1622016 peak_resident=6029312
reference_token1_blk1_routed expert_rank=2 expert_id=11 router_rank=2 graph_created=YES graph_refs=gate:0,up:1,down:2 storage_ref_base=10033 score_preserved=YES
reference_token1_blk1_routed expert_id=11 selected_range tensor=blk.1.ffn_gate_exps.weight offset=109959648 bytes=563200 layout=DIRECT
reference_token1_blk1_routed expert_id=11 selected_range tensor=blk.1.ffn_up_exps.weight offset=146004464 bytes=563200 layout=DIRECT
reference_token1_blk1_routed expert_id=11 selected_range tensor=blk.1.ffn_down_exps.weight offset=193696256 bytes=1622016 layout=DIRECT
reference_token1_blk1_routed prefetch expert_id=11 tensor=blk.1.ffn_gate_exps.weight dependency_distance=0
reference_token1_blk1_routed prefetch expert_id=11 tensor=blk.1.ffn_up_exps.weight dependency_distance=0
reference_token1_blk1_routed prefetch expert_id=11 tensor=blk.1.ffn_down_exps.weight dependency_distance=2
expert_parity max_abs=0 max_rel=0 mean_abs=0 tolerance=1e-5
reference_token1_blk1_routed expert_id=11 consumer_wait=not_instrumented acquire_release=recorded peak_active=1622016 peak_resident=8245248
reference_token1_blk1_routed expert_rank=3 expert_id=3 router_rank=3 graph_created=YES graph_refs=gate:0,up:1,down:2 storage_ref_base=10009 score_preserved=YES
reference_token1_blk1_routed expert_id=3 selected_range tensor=blk.1.ffn_gate_exps.weight offset=105454048 bytes=563200 layout=DIRECT
reference_token1_blk1_routed expert_id=3 selected_range tensor=blk.1.ffn_up_exps.weight offset=141498864 bytes=563200 layout=DIRECT
reference_token1_blk1_routed expert_id=3 selected_range tensor=blk.1.ffn_down_exps.weight offset=180720128 bytes=1622016 layout=DIRECT
reference_token1_blk1_routed prefetch expert_id=3 tensor=blk.1.ffn_gate_exps.weight dependency_distance=0
reference_token1_blk1_routed prefetch expert_id=3 tensor=blk.1.ffn_up_exps.weight dependency_distance=0
reference_token1_blk1_routed prefetch expert_id=3 tensor=blk.1.ffn_down_exps.weight dependency_distance=2
expert_parity max_abs=0 max_rel=0 mean_abs=0 tolerance=1e-5
reference_token1_blk1_routed expert_id=3 consumer_wait=not_instrumented acquire_release=recorded peak_active=1622016 peak_resident=8245248
reference_token1_blk1_routed expert_rank=4 expert_id=50 router_rank=4 graph_created=YES graph_refs=gate:0,up:1,down:2 storage_ref_base=10150 score_preserved=YES
reference_token1_blk1_routed expert_id=50 selected_range tensor=blk.1.ffn_gate_exps.weight offset=131924448 bytes=563200 layout=DIRECT
reference_token1_blk1_routed expert_id=50 selected_range tensor=blk.1.ffn_up_exps.weight offset=167969264 bytes=563200 layout=DIRECT
reference_token1_blk1_routed expert_id=50 selected_range tensor=blk.1.ffn_down_exps.weight offset=256954880 bytes=1622016 layout=DIRECT
reference_token1_blk1_routed prefetch expert_id=50 tensor=blk.1.ffn_gate_exps.weight dependency_distance=0
reference_token1_blk1_routed prefetch expert_id=50 tensor=blk.1.ffn_up_exps.weight dependency_distance=0
reference_token1_blk1_routed prefetch expert_id=50 tensor=blk.1.ffn_down_exps.weight dependency_distance=2
expert_parity max_abs=0 max_rel=0 mean_abs=0 tolerance=1e-5
reference_token1_blk1_routed expert_id=50 consumer_wait=not_instrumented acquire_release=recorded peak_active=1622016 peak_resident=8245248
reference_token1_blk1_routed expert_rank=5 expert_id=26 router_rank=5 graph_created=YES graph_refs=gate:0,up:1,down:2 storage_ref_base=10078 score_preserved=YES
reference_token1_blk1_routed expert_id=26 selected_range tensor=blk.1.ffn_gate_exps.weight offset=118407648 bytes=563200 layout=DIRECT
reference_token1_blk1_routed expert_id=26 selected_range tensor=blk.1.ffn_up_exps.weight offset=154452464 bytes=563200 layout=DIRECT
reference_token1_blk1_routed expert_id=26 selected_range tensor=blk.1.ffn_down_exps.weight offset=218026496 bytes=1622016 layout=DIRECT
reference_token1_blk1_routed prefetch expert_id=26 tensor=blk.1.ffn_gate_exps.weight dependency_distance=0
reference_token1_blk1_routed prefetch expert_id=26 tensor=blk.1.ffn_up_exps.weight dependency_distance=0
reference_token1_blk1_routed prefetch expert_id=26 tensor=blk.1.ffn_down_exps.weight dependency_distance=2
expert_parity max_abs=0 max_rel=0 mean_abs=0 tolerance=1e-5
reference_token1_blk1_routed expert_id=26 consumer_wait=not_instrumented acquire_release=recorded peak_active=1622016 peak_resident=8245248
reference_token1_blk1_routed residency_hits=36 residency_misses=42 source_reads=18 materialization_requests=18 source_policy_calls=18 evictions=11 resident_tensors_after=9
routed_merge_parity max_abs=0 max_rel=0 mean_abs=0 tolerance=1e-5
shared_expert_parity max_abs=0 max_rel=0 mean_abs=0 tolerance=1e-5
pre_residual_composition_parity max_abs=0 max_rel=0 mean_abs=0 tolerance=1e-5
final_layer_parity max_abs=0 max_rel=0 mean_abs=0 tolerance=1e-5
reference_token1_blk1 shared_expert=REQUIRED shared_graph_created=YES residual_add=YES final_composition=PASS
ffn_timing tensor=blk.1.ffn_gate_inp.weight payload_ready_ns=6361180013833 first_consumer_start_ns=6361263741778 payload_to_first_consumer_ns=83727945
ffn_timing tensor=blk.1.ffn_gate_shexp.weight payload_ready_ns=6365078248983 first_consumer_start_ns=6365160491523 payload_to_first_consumer_ns=82242540
ffn_timing tensor=blk.1.ffn_gate_exps.weight payload_ready_ns=6361388089555 first_consumer_start_ns=6361471149308 payload_to_first_consumer_ns=83059753
reference_token1_blk1 full_layer_residency_hits=46 misses=51 evictions=17 source_reads=23 source_bytes=21168128 materialization_requests=23 resident_tensors_after=6
reference_token1_blk1 full_layer_peak_active_persistent_bytes=1892352 full_layer_peak_resident_bytes=8245248
reference_token1_blk1 first_payload_to_shared_compute_start_ns=4191125803 execution_ready_to_consumer_ns=NOT_INSTRUMENTED payload_to_first_useful_compute=NOT_INSTRUMENTED
token1_blk1_attention_parity max_abs=0 max_rel=0 mean_abs=0 tolerance=1e-5
token1_blk1_block_parity max_abs=0 max_rel=0 mean_abs=0 tolerance=1e-5
token1 block_handoff block=2 handoff_ns=28970 activation_copy_bytes=0
attention_timing tensor=blk.1.attn_norm.weight payload_ready_ns=6215332886196 first_consumer_start_ns=6365766863463 payload_to_first_consumer_ns=150433977267
attention_timing tensor=blk.1.attn_q.weight payload_ready_ns=6215539183543 first_consumer_start_ns=6365971876606 payload_to_first_consumer_ns=150432693063
attention_timing tensor=blk.1.attn_kv_a_mqa.weight payload_ready_ns=6215753896123 first_consumer_start_ns=6366177198659 payload_to_first_consumer_ns=150423302536
attention_timing tensor=blk.1.attn_kv_a_norm.weight payload_ready_ns=6215959016937 first_consumer_start_ns=6366383696409 payload_to_first_consumer_ns=150424679472
attention_timing tensor=blk.1.attn_kv_b.weight payload_ready_ns=6216165481536 first_consumer_start_ns=6366592329887 payload_to_first_consumer_ns=150426848351
attention_timing tensor=blk.1.attn_output.weight payload_ready_ns=6216372164165 first_consumer_start_ns=6366796505046 payload_to_first_consumer_ns=150424340881
token1_blk2 position=1 state_k_positions=2 state_v_positions=2 attention_probs=0.598919,0.401081,0.518401,0.481599,0.228275,0.771725,0.32635,0.67365,0.474574,0.525426,0.530241,0.469759,0.366593,0.633407,0.715989,0.284011,0.37485,0.62515,0.579751,0.420249,0.0827325,0.917268,0.182867,0.817133,0.513672,0.486328,0.787284,0.212716,0.49621,0.50379,0.70591,0.29409,
reference_attention position=1 state_k_positions=2 state_v_positions=2 attention_probs=0.598919,0.401081,0.518401,0.481599,0.228275,0.771725,0.32635,0.67365,0.474574,0.525426,0.530241,0.469759,0.366593,0.633407,0.715989,0.284011,0.37485,0.62515,0.579751,0.420249,0.0827325,0.917268,0.182867,0.817133,0.513672,0.486328,0.787284,0.212716,0.49621,0.50379,0.70591,0.29409,
normalized_input_parity max_abs=0 max_rel=0 mean_abs=0 tolerance=1e-5
router_score_parity max_abs=1.43051e-06 max_rel=0.000107496 mean_abs=3.76513e-07 tolerance=1e-5
selected_weight_parity max_abs=1.49012e-07 max_rel=7.50293e-07 mean_abs=5.71211e-08 tolerance=1e-5
token1_blk2 topk_ids=37,18,44,53,23,49 normalized_weights=0.210563,0.198605,0.152328,0.149502,0.145231,0.143771,
token1_blk2_routed expert_rank=0 expert_id=37 router_rank=0 graph_created=YES graph_refs=gate:0,up:1,down:2 storage_ref_base=20111 score_preserved=YES
token1_blk2_routed expert_id=37 selected_range tensor=blk.1.ffn_gate_exps.weight offset=307373736 bytes=563200 layout=DIRECT
token1_blk2_routed expert_id=37 selected_range tensor=blk.1.ffn_up_exps.weight offset=343418552 bytes=563200 layout=DIRECT
token1_blk2_routed expert_id=37 selected_range tensor=blk.1.ffn_down_exps.weight offset=418639560 bytes=1622016 layout=DIRECT
token1_blk2_routed prefetch expert_id=37 tensor=blk.1.ffn_gate_exps.weight dependency_distance=0
token1_blk2_routed prefetch expert_id=37 tensor=blk.1.ffn_up_exps.weight dependency_distance=0
token1_blk2_routed prefetch expert_id=37 tensor=blk.1.ffn_down_exps.weight dependency_distance=2
expert_parity max_abs=0 max_rel=0 mean_abs=0 tolerance=1e-5
token1_blk2_routed expert_id=37 consumer_wait=not_instrumented acquire_release=recorded peak_active=1622016 peak_resident=8133632
token1_blk2_routed expert_rank=1 expert_id=18 router_rank=1 graph_created=YES graph_refs=gate:0,up:1,down:2 storage_ref_base=20054 score_preserved=YES
token1_blk2_routed expert_id=18 selected_range tensor=blk.1.ffn_gate_exps.weight offset=296672936 bytes=563200 layout=DIRECT
token1_blk2_routed expert_id=18 selected_range tensor=blk.1.ffn_up_exps.weight offset=332717752 bytes=563200 layout=DIRECT
token1_blk2_routed expert_id=18 selected_range tensor=blk.1.ffn_down_exps.weight offset=387821256 bytes=1622016 layout=DIRECT
token1_blk2_routed prefetch expert_id=18 tensor=blk.1.ffn_gate_exps.weight dependency_distance=0
token1_blk2_routed prefetch expert_id=18 tensor=blk.1.ffn_up_exps.weight dependency_distance=0
token1_blk2_routed prefetch expert_id=18 tensor=blk.1.ffn_down_exps.weight dependency_distance=2
expert_parity max_abs=0 max_rel=0 mean_abs=0 tolerance=1e-5
token1_blk2_routed expert_id=18 consumer_wait=not_instrumented acquire_release=recorded peak_active=1622016 peak_resident=7752704
token1_blk2_routed expert_rank=2 expert_id=44 router_rank=2 graph_created=YES graph_refs=gate:0,up:1,down:2 storage_ref_base=20132 score_preserved=YES
token1_blk2_routed expert_id=44 selected_range tensor=blk.1.ffn_gate_exps.weight offset=311316136 bytes=563200 layout=DIRECT
token1_blk2_routed expert_id=44 selected_range tensor=blk.1.ffn_up_exps.weight offset=347360952 bytes=563200 layout=DIRECT
token1_blk2_routed expert_id=44 selected_range tensor=blk.1.ffn_down_exps.weight offset=429993672 bytes=1622016 layout=DIRECT
token1_blk2_routed prefetch expert_id=44 tensor=blk.1.ffn_gate_exps.weight dependency_distance=0
token1_blk2_routed prefetch expert_id=44 tensor=blk.1.ffn_up_exps.weight dependency_distance=0
token1_blk2_routed prefetch expert_id=44 tensor=blk.1.ffn_down_exps.weight dependency_distance=2
expert_parity max_abs=0 max_rel=0 mean_abs=0 tolerance=1e-5
token1_blk2_routed expert_id=44 consumer_wait=not_instrumented acquire_release=recorded peak_active=1622016 peak_resident=8245248
token1_blk2_routed expert_rank=3 expert_id=53 router_rank=3 graph_created=YES graph_refs=gate:0,up:1,down:2 storage_ref_base=20159 score_preserved=YES
token1_blk2_routed expert_id=53 selected_range tensor=blk.1.ffn_gate_exps.weight offset=316384936 bytes=563200 layout=DIRECT
token1_blk2_routed expert_id=53 selected_range tensor=blk.1.ffn_up_exps.weight offset=352429752 bytes=563200 layout=DIRECT
token1_blk2_routed expert_id=53 selected_range tensor=blk.1.ffn_down_exps.weight offset=444591816 bytes=1622016 layout=DIRECT
token1_blk2_routed prefetch expert_id=53 tensor=blk.1.ffn_gate_exps.weight dependency_distance=0
token1_blk2_routed prefetch expert_id=53 tensor=blk.1.ffn_up_exps.weight dependency_distance=0
token1_blk2_routed prefetch expert_id=53 tensor=blk.1.ffn_down_exps.weight dependency_distance=2
expert_parity max_abs=0 max_rel=0 mean_abs=0 tolerance=1e-5
token1_blk2_routed expert_id=53 consumer_wait=not_instrumented acquire_release=recorded peak_active=1622016 peak_resident=8245248
token1_blk2_routed expert_rank=4 expert_id=23 router_rank=4 graph_created=YES graph_refs=gate:0,up:1,down:2 storage_ref_base=20069 score_preserved=YES
token1_blk2_routed expert_id=23 selected_range tensor=blk.1.ffn_gate_exps.weight offset=299488936 bytes=563200 layout=DIRECT
token1_blk2_routed expert_id=23 selected_range tensor=blk.1.ffn_up_exps.weight offset=335533752 bytes=563200 layout=DIRECT
token1_blk2_routed expert_id=23 selected_range tensor=blk.1.ffn_down_exps.weight offset=395931336 bytes=1622016 layout=DIRECT
token1_blk2_routed prefetch expert_id=23 tensor=blk.1.ffn_gate_exps.weight dependency_distance=0
token1_blk2_routed prefetch expert_id=23 tensor=blk.1.ffn_up_exps.weight dependency_distance=0
token1_blk2_routed prefetch expert_id=23 tensor=blk.1.ffn_down_exps.weight dependency_distance=2
expert_parity max_abs=0 max_rel=0 mean_abs=0 tolerance=1e-5
token1_blk2_routed expert_id=23 consumer_wait=not_instrumented acquire_release=recorded peak_active=1622016 peak_resident=8245248
token1_blk2_routed expert_rank=5 expert_id=49 router_rank=5 graph_created=YES graph_refs=gate:0,up:1,down:2 storage_ref_base=20147 score_preserved=YES
token1_blk2_routed expert_id=49 selected_range tensor=blk.1.ffn_gate_exps.weight offset=314132136 bytes=563200 layout=DIRECT
token1_blk2_routed expert_id=49 selected_range tensor=blk.1.ffn_up_exps.weight offset=350176952 bytes=563200 layout=DIRECT
token1_blk2_routed expert_id=49 selected_range tensor=blk.1.ffn_down_exps.weight offset=438103752 bytes=1622016 layout=DIRECT
token1_blk2_routed prefetch expert_id=49 tensor=blk.1.ffn_gate_exps.weight dependency_distance=0
token1_blk2_routed prefetch expert_id=49 tensor=blk.1.ffn_up_exps.weight dependency_distance=0
token1_blk2_routed prefetch expert_id=49 tensor=blk.1.ffn_down_exps.weight dependency_distance=2
expert_parity max_abs=0 max_rel=0 mean_abs=0 tolerance=1e-5
token1_blk2_routed expert_id=49 consumer_wait=not_instrumented acquire_release=recorded peak_active=1622016 peak_resident=8245248
token1_blk2_routed residency_hits=36 residency_misses=42 source_reads=18 materialization_requests=18 source_policy_calls=18 evictions=20 resident_tensors_after=9
routed_merge_parity max_abs=0 max_rel=0 mean_abs=0 tolerance=1e-5
shared_expert_parity max_abs=0 max_rel=0 mean_abs=0 tolerance=1e-5
pre_residual_composition_parity max_abs=0 max_rel=0 mean_abs=0 tolerance=1e-5
final_layer_parity max_abs=0 max_rel=0 mean_abs=0 tolerance=1e-5
token1_blk2 shared_expert=REQUIRED shared_graph_created=YES residual_add=YES final_composition=PASS
ffn_timing tensor=blk.1.ffn_gate_inp.weight payload_ready_ns=6367124819834 first_consumer_start_ns=6367211955265 payload_to_first_consumer_ns=87135431
ffn_timing tensor=blk.1.ffn_gate_shexp.weight payload_ready_ns=6371029409686 first_consumer_start_ns=6371111953839 payload_to_first_consumer_ns=82544153
ffn_timing tensor=blk.1.ffn_gate_exps.weight payload_ready_ns=6367337502680 first_consumer_start_ns=6367418905947 payload_to_first_consumer_ns=81403267
token1_blk2 full_layer_residency_hits=46 misses=51 evictions=24 source_reads=23 source_bytes=20402176 materialization_requests=23 resident_tensors_after=8
token1_blk2 full_layer_peak_active_persistent_bytes=1622016 full_layer_peak_resident_bytes=8312832
token1_blk2 first_payload_to_shared_compute_start_ns=4065429926 execution_ready_to_consumer_ns=NOT_INSTRUMENTED payload_to_first_useful_compute=NOT_INSTRUMENTED
normalized_input_parity max_abs=0 max_rel=0 mean_abs=0 tolerance=1e-5
router_score_parity max_abs=1.43051e-06 max_rel=0.000107496 mean_abs=3.76513e-07 tolerance=1e-5
selected_weight_parity max_abs=1.49012e-07 max_rel=7.50293e-07 mean_abs=5.71211e-08 tolerance=1e-5
reference_token1_blk2 topk_ids=37,18,44,53,23,49 normalized_weights=0.210563,0.198605,0.152328,0.149502,0.145231,0.143771,
reference_token1_blk2_routed expert_rank=0 expert_id=37 router_rank=0 graph_created=YES graph_refs=gate:0,up:1,down:2 storage_ref_base=20111 score_preserved=YES
reference_token1_blk2_routed expert_id=37 selected_range tensor=blk.1.ffn_gate_exps.weight offset=307373736 bytes=563200 layout=DIRECT
reference_token1_blk2_routed expert_id=37 selected_range tensor=blk.1.ffn_up_exps.weight offset=343418552 bytes=563200 layout=DIRECT
reference_token1_blk2_routed expert_id=37 selected_range tensor=blk.1.ffn_down_exps.weight offset=418639560 bytes=1622016 layout=DIRECT
reference_token1_blk2_routed prefetch expert_id=37 tensor=blk.1.ffn_gate_exps.weight dependency_distance=0
reference_token1_blk2_routed prefetch expert_id=37 tensor=blk.1.ffn_up_exps.weight dependency_distance=0
reference_token1_blk2_routed prefetch expert_id=37 tensor=blk.1.ffn_down_exps.weight dependency_distance=2
expert_parity max_abs=0 max_rel=0 mean_abs=0 tolerance=1e-5
reference_token1_blk2_routed expert_id=37 consumer_wait=not_instrumented acquire_release=recorded peak_active=1622016 peak_resident=3280896
reference_token1_blk2_routed expert_rank=1 expert_id=18 router_rank=1 graph_created=YES graph_refs=gate:0,up:1,down:2 storage_ref_base=20054 score_preserved=YES
reference_token1_blk2_routed expert_id=18 selected_range tensor=blk.1.ffn_gate_exps.weight offset=296672936 bytes=563200 layout=DIRECT
reference_token1_blk2_routed expert_id=18 selected_range tensor=blk.1.ffn_up_exps.weight offset=332717752 bytes=563200 layout=DIRECT
reference_token1_blk2_routed expert_id=18 selected_range tensor=blk.1.ffn_down_exps.weight offset=387821256 bytes=1622016 layout=DIRECT
reference_token1_blk2_routed prefetch expert_id=18 tensor=blk.1.ffn_gate_exps.weight dependency_distance=0
reference_token1_blk2_routed prefetch expert_id=18 tensor=blk.1.ffn_up_exps.weight dependency_distance=0
reference_token1_blk2_routed prefetch expert_id=18 tensor=blk.1.ffn_down_exps.weight dependency_distance=2
expert_parity max_abs=0 max_rel=0 mean_abs=0 tolerance=1e-5
reference_token1_blk2_routed expert_id=18 consumer_wait=not_instrumented acquire_release=recorded peak_active=1622016 peak_resident=6029312
reference_token1_blk2_routed expert_rank=2 expert_id=44 router_rank=2 graph_created=YES graph_refs=gate:0,up:1,down:2 storage_ref_base=20132 score_preserved=YES
reference_token1_blk2_routed expert_id=44 selected_range tensor=blk.1.ffn_gate_exps.weight offset=311316136 bytes=563200 layout=DIRECT
reference_token1_blk2_routed expert_id=44 selected_range tensor=blk.1.ffn_up_exps.weight offset=347360952 bytes=563200 layout=DIRECT
reference_token1_blk2_routed expert_id=44 selected_range tensor=blk.1.ffn_down_exps.weight offset=429993672 bytes=1622016 layout=DIRECT
reference_token1_blk2_routed prefetch expert_id=44 tensor=blk.1.ffn_gate_exps.weight dependency_distance=0
reference_token1_blk2_routed prefetch expert_id=44 tensor=blk.1.ffn_up_exps.weight dependency_distance=0
reference_token1_blk2_routed prefetch expert_id=44 tensor=blk.1.ffn_down_exps.weight dependency_distance=2
expert_parity max_abs=0 max_rel=0 mean_abs=0 tolerance=1e-5
reference_token1_blk2_routed expert_id=44 consumer_wait=not_instrumented acquire_release=recorded peak_active=1622016 peak_resident=8245248
reference_token1_blk2_routed expert_rank=3 expert_id=53 router_rank=3 graph_created=YES graph_refs=gate:0,up:1,down:2 storage_ref_base=20159 score_preserved=YES
reference_token1_blk2_routed expert_id=53 selected_range tensor=blk.1.ffn_gate_exps.weight offset=316384936 bytes=563200 layout=DIRECT
reference_token1_blk2_routed expert_id=53 selected_range tensor=blk.1.ffn_up_exps.weight offset=352429752 bytes=563200 layout=DIRECT
reference_token1_blk2_routed expert_id=53 selected_range tensor=blk.1.ffn_down_exps.weight offset=444591816 bytes=1622016 layout=DIRECT
reference_token1_blk2_routed prefetch expert_id=53 tensor=blk.1.ffn_gate_exps.weight dependency_distance=0
reference_token1_blk2_routed prefetch expert_id=53 tensor=blk.1.ffn_up_exps.weight dependency_distance=0
reference_token1_blk2_routed prefetch expert_id=53 tensor=blk.1.ffn_down_exps.weight dependency_distance=2
expert_parity max_abs=0 max_rel=0 mean_abs=0 tolerance=1e-5
reference_token1_blk2_routed expert_id=53 consumer_wait=not_instrumented acquire_release=recorded peak_active=1622016 peak_resident=8245248
reference_token1_blk2_routed expert_rank=4 expert_id=23 router_rank=4 graph_created=YES graph_refs=gate:0,up:1,down:2 storage_ref_base=20069 score_preserved=YES
reference_token1_blk2_routed expert_id=23 selected_range tensor=blk.1.ffn_gate_exps.weight offset=299488936 bytes=563200 layout=DIRECT
reference_token1_blk2_routed expert_id=23 selected_range tensor=blk.1.ffn_up_exps.weight offset=335533752 bytes=563200 layout=DIRECT
reference_token1_blk2_routed expert_id=23 selected_range tensor=blk.1.ffn_down_exps.weight offset=395931336 bytes=1622016 layout=DIRECT
reference_token1_blk2_routed prefetch expert_id=23 tensor=blk.1.ffn_gate_exps.weight dependency_distance=0
reference_token1_blk2_routed prefetch expert_id=23 tensor=blk.1.ffn_up_exps.weight dependency_distance=0
reference_token1_blk2_routed prefetch expert_id=23 tensor=blk.1.ffn_down_exps.weight dependency_distance=2
expert_parity max_abs=0 max_rel=0 mean_abs=0 tolerance=1e-5
reference_token1_blk2_routed expert_id=23 consumer_wait=not_instrumented acquire_release=recorded peak_active=1622016 peak_resident=8245248
reference_token1_blk2_routed expert_rank=5 expert_id=49 router_rank=5 graph_created=YES graph_refs=gate:0,up:1,down:2 storage_ref_base=20147 score_preserved=YES
reference_token1_blk2_routed expert_id=49 selected_range tensor=blk.1.ffn_gate_exps.weight offset=314132136 bytes=563200 layout=DIRECT
reference_token1_blk2_routed expert_id=49 selected_range tensor=blk.1.ffn_up_exps.weight offset=350176952 bytes=563200 layout=DIRECT
reference_token1_blk2_routed expert_id=49 selected_range tensor=blk.1.ffn_down_exps.weight offset=438103752 bytes=1622016 layout=DIRECT
reference_token1_blk2_routed prefetch expert_id=49 tensor=blk.1.ffn_gate_exps.weight dependency_distance=0
reference_token1_blk2_routed prefetch expert_id=49 tensor=blk.1.ffn_up_exps.weight dependency_distance=0
reference_token1_blk2_routed prefetch expert_id=49 tensor=blk.1.ffn_down_exps.weight dependency_distance=2
expert_parity max_abs=0 max_rel=0 mean_abs=0 tolerance=1e-5
reference_token1_blk2_routed expert_id=49 consumer_wait=not_instrumented acquire_release=recorded peak_active=1622016 peak_resident=8245248
reference_token1_blk2_routed residency_hits=36 residency_misses=42 source_reads=18 materialization_requests=18 source_policy_calls=18 evictions=11 resident_tensors_after=9
routed_merge_parity max_abs=0 max_rel=0 mean_abs=0 tolerance=1e-5
shared_expert_parity max_abs=0 max_rel=0 mean_abs=0 tolerance=1e-5
pre_residual_composition_parity max_abs=0 max_rel=0 mean_abs=0 tolerance=1e-5
final_layer_parity max_abs=0 max_rel=0 mean_abs=0 tolerance=1e-5
reference_token1_blk2 shared_expert=REQUIRED shared_graph_created=YES residual_add=YES final_composition=PASS
ffn_timing tensor=blk.1.ffn_gate_inp.weight payload_ready_ns=6371846167245 first_consumer_start_ns=6371926092256 payload_to_first_consumer_ns=79925011
ffn_timing tensor=blk.1.ffn_gate_shexp.weight payload_ready_ns=6376060228813 first_consumer_start_ns=6376156933417 payload_to_first_consumer_ns=96704604
ffn_timing tensor=blk.1.ffn_gate_exps.weight payload_ready_ns=6372048181068 first_consumer_start_ns=6372133487582 payload_to_first_consumer_ns=85306514
reference_token1_blk2 full_layer_residency_hits=46 misses=51 evictions=15 source_reads=23 source_bytes=20402176 materialization_requests=23 resident_tensors_after=8
reference_token1_blk2 full_layer_peak_active_persistent_bytes=1622016 full_layer_peak_resident_bytes=8312832
reference_token1_blk2 first_payload_to_shared_compute_start_ns=4364178918 execution_ready_to_consumer_ns=NOT_INSTRUMENTED payload_to_first_useful_compute=NOT_INSTRUMENTED
token1_blk2_attention_parity max_abs=0 max_rel=0 mean_abs=0 tolerance=1e-5
token1_blk2_block_parity max_abs=0 max_rel=0 mean_abs=0 tolerance=1e-5
token1 block_handoff block=3 handoff_ns=30150 activation_copy_bytes=0
attention_timing tensor=blk.1.attn_norm.weight payload_ready_ns=6215332886196 first_consumer_start_ns=6376779205194 payload_to_first_consumer_ns=161446318998
attention_timing tensor=blk.1.attn_q.weight payload_ready_ns=6215539183543 first_consumer_start_ns=6376991905106 payload_to_first_consumer_ns=161452721563
attention_timing tensor=blk.1.attn_kv_a_mqa.weight payload_ready_ns=6215753896123 first_consumer_start_ns=6377208303633 payload_to_first_consumer_ns=161454407510
attention_timing tensor=blk.1.attn_kv_a_norm.weight payload_ready_ns=6215959016937 first_consumer_start_ns=6377424117258 payload_to_first_consumer_ns=161465100321
attention_timing tensor=blk.1.attn_kv_b.weight payload_ready_ns=6216165481536 first_consumer_start_ns=6377640164985 payload_to_first_consumer_ns=161474683449
attention_timing tensor=blk.1.attn_output.weight payload_ready_ns=6216372164165 first_consumer_start_ns=6377856263362 payload_to_first_consumer_ns=161484099197
token1_blk3 position=1 state_k_positions=2 state_v_positions=2 attention_probs=0.647885,0.352115,0.653755,0.346246,0.748316,0.251684,0.454187,0.545813,0.370199,0.629801,0.660859,0.339141,0.0916113,0.908389,0.236917,0.763083,0.538436,0.461564,0.527116,0.472884,0.654188,0.345812,0.188689,0.811311,0.462708,0.537292,0.689584,0.310416,0.733999,0.266001,0.491397,0.508603,
reference_attention position=1 state_k_positions=2 state_v_positions=2 attention_probs=0.647885,0.352115,0.653755,0.346246,0.748316,0.251684,0.454187,0.545813,0.370199,0.629801,0.660859,0.339141,0.0916113,0.908389,0.236917,0.763083,0.538436,0.461564,0.527116,0.472884,0.654188,0.345812,0.188689,0.811311,0.462708,0.537292,0.689584,0.310416,0.733999,0.266001,0.491397,0.508603,
normalized_input_parity max_abs=0 max_rel=0 mean_abs=0 tolerance=1e-5
router_score_parity max_abs=1.37091e-06 max_rel=2.28584e-05 mean_abs=3.83676e-07 tolerance=1e-5
selected_weight_parity max_abs=8.9407e-08 max_rel=5.9106e-07 mean_abs=5.96046e-08 tolerance=1e-5
token1_blk3 topk_ids=60,2,53,35,15,59 normalized_weights=0.273384,0.190084,0.151266,0.136168,0.132768,0.11633,
token1_blk3_routed expert_rank=0 expert_id=60 router_rank=0 graph_created=YES graph_refs=gate:0,up:1,down:2 storage_ref_base=30180 score_preserved=YES
token1_blk3_routed expert_id=60 selected_range tensor=blk.1.ffn_gate_exps.weight offset=503098224 bytes=563200 layout=DIRECT
token1_blk3_routed expert_id=60 selected_range tensor=blk.1.ffn_up_exps.weight offset=539143040 bytes=563200 layout=DIRECT
token1_blk3_routed expert_id=60 selected_range tensor=blk.1.ffn_down_exps.weight offset=638716816 bytes=1622016 layout=DIRECT
token1_blk3_routed prefetch expert_id=60 tensor=blk.1.ffn_gate_exps.weight dependency_distance=0
token1_blk3_routed prefetch expert_id=60 tensor=blk.1.ffn_up_exps.weight dependency_distance=0
token1_blk3_routed prefetch expert_id=60 tensor=blk.1.ffn_down_exps.weight dependency_distance=2
expert_parity max_abs=0 max_rel=0 mean_abs=0 tolerance=1e-5
token1_blk3_routed expert_id=60 consumer_wait=not_instrumented acquire_release=recorded peak_active=1622016 peak_resident=7367680
token1_blk3_routed expert_rank=1 expert_id=2 router_rank=1 graph_created=YES graph_refs=gate:0,up:1,down:2 storage_ref_base=30006 score_preserved=YES
token1_blk3_routed expert_id=2 selected_range tensor=blk.1.ffn_gate_exps.weight offset=470432624 bytes=563200 layout=DIRECT
token1_blk3_routed expert_id=2 selected_range tensor=blk.1.ffn_up_exps.weight offset=506477440 bytes=563200 layout=DIRECT
token1_blk3_routed expert_id=2 selected_range tensor=blk.1.ffn_down_exps.weight offset=544639888 bytes=1622016 layout=DIRECT
token1_blk3_routed prefetch expert_id=2 tensor=blk.1.ffn_gate_exps.weight dependency_distance=0
token1_blk3_routed prefetch expert_id=2 tensor=blk.1.ffn_up_exps.weight dependency_distance=0
token1_blk3_routed prefetch expert_id=2 tensor=blk.1.ffn_down_exps.weight dependency_distance=2
expert_parity max_abs=0 max_rel=0 mean_abs=0 tolerance=1e-5
token1_blk3_routed expert_id=2 consumer_wait=not_instrumented acquire_release=recorded peak_active=1622016 peak_resident=7752704
token1_blk3_routed expert_rank=2 expert_id=53 router_rank=2 graph_created=YES graph_refs=gate:0,up:1,down:2 storage_ref_base=30159 score_preserved=YES
token1_blk3_routed expert_id=53 selected_range tensor=blk.1.ffn_gate_exps.weight offset=499155824 bytes=563200 layout=DIRECT
token1_blk3_routed expert_id=53 selected_range tensor=blk.1.ffn_up_exps.weight offset=535200640 bytes=563200 layout=DIRECT
token1_blk3_routed expert_id=53 selected_range tensor=blk.1.ffn_down_exps.weight offset=627362704 bytes=1622016 layout=DIRECT
token1_blk3_routed prefetch expert_id=53 tensor=blk.1.ffn_gate_exps.weight dependency_distance=0
token1_blk3_routed prefetch expert_id=53 tensor=blk.1.ffn_up_exps.weight dependency_distance=0
token1_blk3_routed prefetch expert_id=53 tensor=blk.1.ffn_down_exps.weight dependency_distance=2
expert_parity max_abs=0 max_rel=0 mean_abs=0 tolerance=1e-5
token1_blk3_routed expert_id=53 consumer_wait=not_instrumented acquire_release=recorded peak_active=1622016 peak_resident=8245248
token1_blk3_routed expert_rank=3 expert_id=35 router_rank=3 graph_created=YES graph_refs=gate:0,up:1,down:2 storage_ref_base=30105 score_preserved=YES
token1_blk3_routed expert_id=35 selected_range tensor=blk.1.ffn_gate_exps.weight offset=489018224 bytes=563200 layout=DIRECT
token1_blk3_routed expert_id=35 selected_range tensor=blk.1.ffn_up_exps.weight offset=525063040 bytes=563200 layout=DIRECT
token1_blk3_routed expert_id=35 selected_range tensor=blk.1.ffn_down_exps.weight offset=598166416 bytes=1622016 layout=DIRECT
token1_blk3_routed prefetch expert_id=35 tensor=blk.1.ffn_gate_exps.weight dependency_distance=0
token1_blk3_routed prefetch expert_id=35 tensor=blk.1.ffn_up_exps.weight dependency_distance=0
token1_blk3_routed prefetch expert_id=35 tensor=blk.1.ffn_down_exps.weight dependency_distance=2
expert_parity max_abs=0 max_rel=0 mean_abs=0 tolerance=1e-5
token1_blk3_routed expert_id=35 consumer_wait=not_instrumented acquire_release=recorded peak_active=1622016 peak_resident=8245248
token1_blk3_routed expert_rank=4 expert_id=15 router_rank=4 graph_created=YES graph_refs=gate:0,up:1,down:2 storage_ref_base=30045 score_preserved=YES
token1_blk3_routed expert_id=15 selected_range tensor=blk.1.ffn_gate_exps.weight offset=477754224 bytes=563200 layout=DIRECT
token1_blk3_routed expert_id=15 selected_range tensor=blk.1.ffn_up_exps.weight offset=513799040 bytes=563200 layout=DIRECT
token1_blk3_routed expert_id=15 selected_range tensor=blk.1.ffn_down_exps.weight offset=565726096 bytes=1622016 layout=DIRECT
token1_blk3_routed prefetch expert_id=15 tensor=blk.1.ffn_gate_exps.weight dependency_distance=0
token1_blk3_routed prefetch expert_id=15 tensor=blk.1.ffn_up_exps.weight dependency_distance=0
token1_blk3_routed prefetch expert_id=15 tensor=blk.1.ffn_down_exps.weight dependency_distance=2
expert_parity max_abs=0 max_rel=0 mean_abs=0 tolerance=1e-5
token1_blk3_routed expert_id=15 consumer_wait=not_instrumented acquire_release=recorded peak_active=1622016 peak_resident=8245248
token1_blk3_routed expert_rank=5 expert_id=59 router_rank=5 graph_created=YES graph_refs=gate:0,up:1,down:2 storage_ref_base=30177 score_preserved=YES
token1_blk3_routed expert_id=59 selected_range tensor=blk.1.ffn_gate_exps.weight offset=502535024 bytes=563200 layout=DIRECT
token1_blk3_routed expert_id=59 selected_range tensor=blk.1.ffn_up_exps.weight offset=538579840 bytes=563200 layout=DIRECT
token1_blk3_routed expert_id=59 selected_range tensor=blk.1.ffn_down_exps.weight offset=637094800 bytes=1622016 layout=DIRECT
token1_blk3_routed prefetch expert_id=59 tensor=blk.1.ffn_gate_exps.weight dependency_distance=0
token1_blk3_routed prefetch expert_id=59 tensor=blk.1.ffn_up_exps.weight dependency_distance=0
token1_blk3_routed prefetch expert_id=59 tensor=blk.1.ffn_down_exps.weight dependency_distance=2
expert_parity max_abs=0 max_rel=0 mean_abs=0 tolerance=1e-5
token1_blk3_routed expert_id=59 consumer_wait=not_instrumented acquire_release=recorded peak_active=1622016 peak_resident=8245248
token1_blk3_routed residency_hits=36 residency_misses=42 source_reads=18 materialization_requests=18 source_policy_calls=18 evictions=20 resident_tensors_after=9
routed_merge_parity max_abs=0 max_rel=0 mean_abs=0 tolerance=1e-5
shared_expert_parity max_abs=0 max_rel=0 mean_abs=0 tolerance=1e-5
pre_residual_composition_parity max_abs=0 max_rel=0 mean_abs=0 tolerance=1e-5
final_layer_parity max_abs=0 max_rel=0 mean_abs=0 tolerance=1e-5
token1_blk3 shared_expert=REQUIRED shared_graph_created=YES residual_add=YES final_composition=PASS
ffn_timing tensor=blk.1.ffn_gate_inp.weight payload_ready_ns=6378232414105 first_consumer_start_ns=6378318548405 payload_to_first_consumer_ns=86134300
ffn_timing tensor=blk.1.ffn_gate_shexp.weight payload_ready_ns=6382431841093 first_consumer_start_ns=6382517048190 payload_to_first_consumer_ns=85207097
ffn_timing tensor=blk.1.ffn_gate_exps.weight payload_ready_ns=6378447704789 first_consumer_start_ns=6378534672881 payload_to_first_consumer_ns=86968092
token1_blk3 full_layer_residency_hits=46 misses=51 evictions=25 source_reads=23 source_bytes=20402176 materialization_requests=23 resident_tensors_after=8
token1_blk3 full_layer_peak_active_persistent_bytes=1622016 full_layer_peak_resident_bytes=8312832
token1_blk3 first_payload_to_shared_compute_start_ns=4400011458 execution_ready_to_consumer_ns=NOT_INSTRUMENTED payload_to_first_useful_compute=NOT_INSTRUMENTED
normalized_input_parity max_abs=0 max_rel=0 mean_abs=0 tolerance=1e-5
router_score_parity max_abs=1.37091e-06 max_rel=2.28584e-05 mean_abs=3.83676e-07 tolerance=1e-5
selected_weight_parity max_abs=8.9407e-08 max_rel=5.9106e-07 mean_abs=5.96046e-08 tolerance=1e-5
reference_token1_blk3 topk_ids=60,2,53,35,15,59 normalized_weights=0.273384,0.190084,0.151266,0.136168,0.132768,0.11633,
reference_token1_blk3_routed expert_rank=0 expert_id=60 router_rank=0 graph_created=YES graph_refs=gate:0,up:1,down:2 storage_ref_base=30180 score_preserved=YES
reference_token1_blk3_routed expert_id=60 selected_range tensor=blk.1.ffn_gate_exps.weight offset=503098224 bytes=563200 layout=DIRECT
reference_token1_blk3_routed expert_id=60 selected_range tensor=blk.1.ffn_up_exps.weight offset=539143040 bytes=563200 layout=DIRECT
reference_token1_blk3_routed expert_id=60 selected_range tensor=blk.1.ffn_down_exps.weight offset=638716816 bytes=1622016 layout=DIRECT
reference_token1_blk3_routed prefetch expert_id=60 tensor=blk.1.ffn_gate_exps.weight dependency_distance=0
reference_token1_blk3_routed prefetch expert_id=60 tensor=blk.1.ffn_up_exps.weight dependency_distance=0
reference_token1_blk3_routed prefetch expert_id=60 tensor=blk.1.ffn_down_exps.weight dependency_distance=2
expert_parity max_abs=0 max_rel=0 mean_abs=0 tolerance=1e-5
reference_token1_blk3_routed expert_id=60 consumer_wait=not_instrumented acquire_release=recorded peak_active=1622016 peak_resident=3280896
reference_token1_blk3_routed expert_rank=1 expert_id=2 router_rank=1 graph_created=YES graph_refs=gate:0,up:1,down:2 storage_ref_base=30006 score_preserved=YES
reference_token1_blk3_routed expert_id=2 selected_range tensor=blk.1.ffn_gate_exps.weight offset=470432624 bytes=563200 layout=DIRECT
reference_token1_blk3_routed expert_id=2 selected_range tensor=blk.1.ffn_up_exps.weight offset=506477440 bytes=563200 layout=DIRECT
reference_token1_blk3_routed expert_id=2 selected_range tensor=blk.1.ffn_down_exps.weight offset=544639888 bytes=1622016 layout=DIRECT
reference_token1_blk3_routed prefetch expert_id=2 tensor=blk.1.ffn_gate_exps.weight dependency_distance=0
reference_token1_blk3_routed prefetch expert_id=2 tensor=blk.1.ffn_up_exps.weight dependency_distance=0
reference_token1_blk3_routed prefetch expert_id=2 tensor=blk.1.ffn_down_exps.weight dependency_distance=2
expert_parity max_abs=0 max_rel=0 mean_abs=0 tolerance=1e-5
reference_token1_blk3_routed expert_id=2 consumer_wait=not_instrumented acquire_release=recorded peak_active=1622016 peak_resident=6029312
reference_token1_blk3_routed expert_rank=2 expert_id=53 router_rank=2 graph_created=YES graph_refs=gate:0,up:1,down:2 storage_ref_base=30159 score_preserved=YES
reference_token1_blk3_routed expert_id=53 selected_range tensor=blk.1.ffn_gate_exps.weight offset=499155824 bytes=563200 layout=DIRECT
reference_token1_blk3_routed expert_id=53 selected_range tensor=blk.1.ffn_up_exps.weight offset=535200640 bytes=563200 layout=DIRECT
reference_token1_blk3_routed expert_id=53 selected_range tensor=blk.1.ffn_down_exps.weight offset=627362704 bytes=1622016 layout=DIRECT
reference_token1_blk3_routed prefetch expert_id=53 tensor=blk.1.ffn_gate_exps.weight dependency_distance=0
reference_token1_blk3_routed prefetch expert_id=53 tensor=blk.1.ffn_up_exps.weight dependency_distance=0
reference_token1_blk3_routed prefetch expert_id=53 tensor=blk.1.ffn_down_exps.weight dependency_distance=2
expert_parity max_abs=0 max_rel=0 mean_abs=0 tolerance=1e-5
reference_token1_blk3_routed expert_id=53 consumer_wait=not_instrumented acquire_release=recorded peak_active=1622016 peak_resident=8245248
reference_token1_blk3_routed expert_rank=3 expert_id=35 router_rank=3 graph_created=YES graph_refs=gate:0,up:1,down:2 storage_ref_base=30105 score_preserved=YES
reference_token1_blk3_routed expert_id=35 selected_range tensor=blk.1.ffn_gate_exps.weight offset=489018224 bytes=563200 layout=DIRECT
reference_token1_blk3_routed expert_id=35 selected_range tensor=blk.1.ffn_up_exps.weight offset=525063040 bytes=563200 layout=DIRECT
reference_token1_blk3_routed expert_id=35 selected_range tensor=blk.1.ffn_down_exps.weight offset=598166416 bytes=1622016 layout=DIRECT
reference_token1_blk3_routed prefetch expert_id=35 tensor=blk.1.ffn_gate_exps.weight dependency_distance=0
reference_token1_blk3_routed prefetch expert_id=35 tensor=blk.1.ffn_up_exps.weight dependency_distance=0
reference_token1_blk3_routed prefetch expert_id=35 tensor=blk.1.ffn_down_exps.weight dependency_distance=2
expert_parity max_abs=0 max_rel=0 mean_abs=0 tolerance=1e-5
reference_token1_blk3_routed expert_id=35 consumer_wait=not_instrumented acquire_release=recorded peak_active=1622016 peak_resident=8245248
reference_token1_blk3_routed expert_rank=4 expert_id=15 router_rank=4 graph_created=YES graph_refs=gate:0,up:1,down:2 storage_ref_base=30045 score_preserved=YES
reference_token1_blk3_routed expert_id=15 selected_range tensor=blk.1.ffn_gate_exps.weight offset=477754224 bytes=563200 layout=DIRECT
reference_token1_blk3_routed expert_id=15 selected_range tensor=blk.1.ffn_up_exps.weight offset=513799040 bytes=563200 layout=DIRECT
reference_token1_blk3_routed expert_id=15 selected_range tensor=blk.1.ffn_down_exps.weight offset=565726096 bytes=1622016 layout=DIRECT
reference_token1_blk3_routed prefetch expert_id=15 tensor=blk.1.ffn_gate_exps.weight dependency_distance=0
reference_token1_blk3_routed prefetch expert_id=15 tensor=blk.1.ffn_up_exps.weight dependency_distance=0
reference_token1_blk3_routed prefetch expert_id=15 tensor=blk.1.ffn_down_exps.weight dependency_distance=2
expert_parity max_abs=0 max_rel=0 mean_abs=0 tolerance=1e-5
reference_token1_blk3_routed expert_id=15 consumer_wait=not_instrumented acquire_release=recorded peak_active=1622016 peak_resident=8245248
reference_token1_blk3_routed expert_rank=5 expert_id=59 router_rank=5 graph_created=YES graph_refs=gate:0,up:1,down:2 storage_ref_base=30177 score_preserved=YES
reference_token1_blk3_routed expert_id=59 selected_range tensor=blk.1.ffn_gate_exps.weight offset=502535024 bytes=563200 layout=DIRECT
reference_token1_blk3_routed expert_id=59 selected_range tensor=blk.1.ffn_up_exps.weight offset=538579840 bytes=563200 layout=DIRECT
reference_token1_blk3_routed expert_id=59 selected_range tensor=blk.1.ffn_down_exps.weight offset=637094800 bytes=1622016 layout=DIRECT
reference_token1_blk3_routed prefetch expert_id=59 tensor=blk.1.ffn_gate_exps.weight dependency_distance=0
reference_token1_blk3_routed prefetch expert_id=59 tensor=blk.1.ffn_up_exps.weight dependency_distance=0
reference_token1_blk3_routed prefetch expert_id=59 tensor=blk.1.ffn_down_exps.weight dependency_distance=2
expert_parity max_abs=0 max_rel=0 mean_abs=0 tolerance=1e-5
reference_token1_blk3_routed expert_id=59 consumer_wait=not_instrumented acquire_release=recorded peak_active=1622016 peak_resident=8245248
reference_token1_blk3_routed residency_hits=36 residency_misses=42 source_reads=18 materialization_requests=18 source_policy_calls=18 evictions=11 resident_tensors_after=9
routed_merge_parity max_abs=0 max_rel=0 mean_abs=0 tolerance=1e-5
shared_expert_parity max_abs=0 max_rel=0 mean_abs=0 tolerance=1e-5
pre_residual_composition_parity max_abs=0 max_rel=0 mean_abs=0 tolerance=1e-5
final_layer_parity max_abs=0 max_rel=0 mean_abs=0 tolerance=1e-5
reference_token1_blk3 shared_expert=REQUIRED shared_graph_created=YES residual_add=YES final_composition=PASS
ffn_timing tensor=blk.1.ffn_gate_inp.weight payload_ready_ns=6383312732924 first_consumer_start_ns=6383399520427 payload_to_first_consumer_ns=86787503
ffn_timing tensor=blk.1.ffn_gate_shexp.weight payload_ready_ns=6387389342219 first_consumer_start_ns=6387474756508 payload_to_first_consumer_ns=85414289
ffn_timing tensor=blk.1.ffn_gate_exps.weight payload_ready_ns=6383530628841 first_consumer_start_ns=6383615393106 payload_to_first_consumer_ns=84764265
reference_token1_blk3 full_layer_residency_hits=46 misses=51 evictions=15 source_reads=23 source_bytes=20402176 materialization_requests=23 resident_tensors_after=8
reference_token1_blk3 full_layer_peak_active_persistent_bytes=1622016 full_layer_peak_resident_bytes=8312832
reference_token1_blk3 first_payload_to_shared_compute_start_ns=4275449331 execution_ready_to_consumer_ns=NOT_INSTRUMENTED payload_to_first_useful_compute=NOT_INSTRUMENTED
token1_blk3_attention_parity max_abs=0 max_rel=0 mean_abs=0 tolerance=1e-5
token1_blk3_block_parity max_abs=0 max_rel=0 mean_abs=0 tolerance=1e-5
token1 block_handoff block=4 handoff_ns=29031 activation_copy_bytes=0
attention_timing tensor=blk.1.attn_norm.weight payload_ready_ns=6215332886196 first_consumer_start_ns=6388095440216 payload_to_first_consumer_ns=172762554020
attention_timing tensor=blk.1.attn_q.weight payload_ready_ns=6215539183543 first_consumer_start_ns=6388316380139 payload_to_first_consumer_ns=172777196596
attention_timing tensor=blk.1.attn_kv_a_mqa.weight payload_ready_ns=6215753896123 first_consumer_start_ns=6388529213429 payload_to_first_consumer_ns=172775317306
attention_timing tensor=blk.1.attn_kv_a_norm.weight payload_ready_ns=6215959016937 first_consumer_start_ns=6388744851210 payload_to_first_consumer_ns=172785834273
attention_timing tensor=blk.1.attn_kv_b.weight payload_ready_ns=6216165481536 first_consumer_start_ns=6388959677387 payload_to_first_consumer_ns=172794195851
attention_timing tensor=blk.1.attn_output.weight payload_ready_ns=6216372164165 first_consumer_start_ns=6389173497361 payload_to_first_consumer_ns=172801333196
token1_blk4 position=1 state_k_positions=2 state_v_positions=2 attention_probs=0.799868,0.200132,0.120579,0.879421,0.726416,0.273584,0.43224,0.56776,0.518115,0.481885,0.198163,0.801837,0.21158,0.78842,0.46289,0.53711,0.106052,0.893948,0.522995,0.477005,0.209137,0.790863,0.128147,0.871853,0.508341,0.491659,0.561149,0.438851,0.496285,0.503715,0.103074,0.896926,
reference_attention position=1 state_k_positions=2 state_v_positions=2 attention_probs=0.799868,0.200132,0.120579,0.879421,0.726416,0.273584,0.43224,0.56776,0.518115,0.481885,0.198163,0.801837,0.21158,0.78842,0.46289,0.53711,0.106052,0.893948,0.522995,0.477005,0.209137,0.790863,0.128147,0.871853,0.508341,0.491659,0.561149,0.438851,0.496285,0.503715,0.103074,0.896926,
normalized_input_parity max_abs=0 max_rel=0 mean_abs=0 tolerance=1e-5
router_score_parity max_abs=2.38419e-06 max_rel=7.54315e-06 mean_abs=2.96248e-07 tolerance=1e-5
selected_weight_parity max_abs=1.63913e-07 max_rel=7.61432e-07 mean_abs=6.45717e-08 tolerance=1e-5
token1_blk4 topk_ids=0,33,37,4,49,31 normalized_weights=0.215269,0.19782,0.175062,0.142576,0.141116,0.128157,
token1_blk4_routed expert_rank=0 expert_id=0 router_rank=0 graph_created=YES graph_refs=gate:0,up:1,down:2 storage_ref_base=40000 score_preserved=YES
token1_blk4_routed expert_id=0 selected_range tensor=blk.1.ffn_gate_exps.weight offset=652077112 bytes=563200 layout=DIRECT
token1_blk4_routed expert_id=0 selected_range tensor=blk.1.ffn_up_exps.weight offset=688121928 bytes=563200 layout=DIRECT
token1_blk4_routed expert_id=0 selected_range tensor=blk.1.ffn_down_exps.weight offset=724166744 bytes=1622016 layout=DIRECT
token1_blk4_routed prefetch expert_id=0 tensor=blk.1.ffn_gate_exps.weight dependency_distance=0
token1_blk4_routed prefetch expert_id=0 tensor=blk.1.ffn_up_exps.weight dependency_distance=0
token1_blk4_routed prefetch expert_id=0 tensor=blk.1.ffn_down_exps.weight dependency_distance=2
expert_parity max_abs=0 max_rel=0 mean_abs=0 tolerance=1e-5
token1_blk4_routed expert_id=0 consumer_wait=not_instrumented acquire_release=recorded peak_active=1622016 peak_resident=7367680
token1_blk4_routed expert_rank=1 expert_id=33 router_rank=1 graph_created=YES graph_refs=gate:0,up:1,down:2 storage_ref_base=40099 score_preserved=YES
token1_blk4_routed expert_id=33 selected_range tensor=blk.1.ffn_gate_exps.weight offset=670662712 bytes=563200 layout=DIRECT
token1_blk4_routed expert_id=33 selected_range tensor=blk.1.ffn_up_exps.weight offset=706707528 bytes=563200 layout=DIRECT
token1_blk4_routed expert_id=33 selected_range tensor=blk.1.ffn_down_exps.weight offset=777693272 bytes=1622016 layout=DIRECT
token1_blk4_routed prefetch expert_id=33 tensor=blk.1.ffn_gate_exps.weight dependency_distance=0
token1_blk4_routed prefetch expert_id=33 tensor=blk.1.ffn_up_exps.weight dependency_distance=0
token1_blk4_routed prefetch expert_id=33 tensor=blk.1.ffn_down_exps.weight dependency_distance=2
expert_parity max_abs=0 max_rel=0 mean_abs=0 tolerance=1e-5
token1_blk4_routed expert_id=33 consumer_wait=not_instrumented acquire_release=recorded peak_active=1622016 peak_resident=7752704
token1_blk4_routed expert_rank=2 expert_id=37 router_rank=2 graph_created=YES graph_refs=gate:0,up:1,down:2 storage_ref_base=40111 score_preserved=YES
token1_blk4_routed expert_id=37 selected_range tensor=blk.1.ffn_gate_exps.weight offset=672915512 bytes=563200 layout=DIRECT
token1_blk4_routed expert_id=37 selected_range tensor=blk.1.ffn_up_exps.weight offset=708960328 bytes=563200 layout=DIRECT
token1_blk4_routed expert_id=37 selected_range tensor=blk.1.ffn_down_exps.weight offset=784181336 bytes=1622016 layout=DIRECT
token1_blk4_routed prefetch expert_id=37 tensor=blk.1.ffn_gate_exps.weight dependency_distance=0
token1_blk4_routed prefetch expert_id=37 tensor=blk.1.ffn_up_exps.weight dependency_distance=0
token1_blk4_routed prefetch expert_id=37 tensor=blk.1.ffn_down_exps.weight dependency_distance=2
expert_parity max_abs=0 max_rel=0 mean_abs=0 tolerance=1e-5
token1_blk4_routed expert_id=37 consumer_wait=not_instrumented acquire_release=recorded peak_active=1622016 peak_resident=8245248
token1_blk4_routed expert_rank=3 expert_id=4 router_rank=3 graph_created=YES graph_refs=gate:0,up:1,down:2 storage_ref_base=40012 score_preserved=YES
token1_blk4_routed expert_id=4 selected_range tensor=blk.1.ffn_gate_exps.weight offset=654329912 bytes=563200 layout=DIRECT
token1_blk4_routed expert_id=4 selected_range tensor=blk.1.ffn_up_exps.weight offset=690374728 bytes=563200 layout=DIRECT
token1_blk4_routed expert_id=4 selected_range tensor=blk.1.ffn_down_exps.weight offset=730654808 bytes=1622016 layout=DIRECT
token1_blk4_routed prefetch expert_id=4 tensor=blk.1.ffn_gate_exps.weight dependency_distance=0
token1_blk4_routed prefetch expert_id=4 tensor=blk.1.ffn_up_exps.weight dependency_distance=0
token1_blk4_routed prefetch expert_id=4 tensor=blk.1.ffn_down_exps.weight dependency_distance=2
expert_parity max_abs=0 max_rel=0 mean_abs=0 tolerance=1e-5
token1_blk4_routed expert_id=4 consumer_wait=not_instrumented acquire_release=recorded peak_active=1622016 peak_resident=8245248
token1_blk4_routed expert_rank=4 expert_id=49 router_rank=4 graph_created=YES graph_refs=gate:0,up:1,down:2 storage_ref_base=40147 score_preserved=YES
token1_blk4_routed expert_id=49 selected_range tensor=blk.1.ffn_gate_exps.weight offset=679673912 bytes=563200 layout=DIRECT
token1_blk4_routed expert_id=49 selected_range tensor=blk.1.ffn_up_exps.weight offset=715718728 bytes=563200 layout=DIRECT
token1_blk4_routed expert_id=49 selected_range tensor=blk.1.ffn_down_exps.weight offset=803645528 bytes=1622016 layout=DIRECT
token1_blk4_routed prefetch expert_id=49 tensor=blk.1.ffn_gate_exps.weight dependency_distance=0
token1_blk4_routed prefetch expert_id=49 tensor=blk.1.ffn_up_exps.weight dependency_distance=0
token1_blk4_routed prefetch expert_id=49 tensor=blk.1.ffn_down_exps.weight dependency_distance=2
expert_parity max_abs=0 max_rel=0 mean_abs=0 tolerance=1e-5
token1_blk4_routed expert_id=49 consumer_wait=not_instrumented acquire_release=recorded peak_active=1622016 peak_resident=8245248
token1_blk4_routed expert_rank=5 expert_id=31 router_rank=5 graph_created=YES graph_refs=gate:0,up:1,down:2 storage_ref_base=40093 score_preserved=YES
token1_blk4_routed expert_id=31 selected_range tensor=blk.1.ffn_gate_exps.weight offset=669536312 bytes=563200 layout=DIRECT
token1_blk4_routed expert_id=31 selected_range tensor=blk.1.ffn_up_exps.weight offset=705581128 bytes=563200 layout=DIRECT
token1_blk4_routed expert_id=31 selected_range tensor=blk.1.ffn_down_exps.weight offset=774449240 bytes=1622016 layout=DIRECT
token1_blk4_routed prefetch expert_id=31 tensor=blk.1.ffn_gate_exps.weight dependency_distance=0
token1_blk4_routed prefetch expert_id=31 tensor=blk.1.ffn_up_exps.weight dependency_distance=0
token1_blk4_routed prefetch expert_id=31 tensor=blk.1.ffn_down_exps.weight dependency_distance=2
expert_parity max_abs=0 max_rel=0 mean_abs=0 tolerance=1e-5
token1_blk4_routed expert_id=31 consumer_wait=not_instrumented acquire_release=recorded peak_active=1622016 peak_resident=8245248
token1_blk4_routed residency_hits=36 residency_misses=42 source_reads=18 materialization_requests=18 source_policy_calls=18 evictions=20 resident_tensors_after=9
routed_merge_parity max_abs=0 max_rel=0 mean_abs=0 tolerance=1e-5
shared_expert_parity max_abs=0 max_rel=0 mean_abs=0 tolerance=1e-5
pre_residual_composition_parity max_abs=0 max_rel=0 mean_abs=0 tolerance=1e-5
final_layer_parity max_abs=0 max_rel=0 mean_abs=0 tolerance=1e-5
token1_blk4 shared_expert=REQUIRED shared_graph_created=YES residual_add=YES final_composition=PASS
ffn_timing tensor=blk.1.ffn_gate_inp.weight payload_ready_ns=6389523361132 first_consumer_start_ns=6389608682860 payload_to_first_consumer_ns=85321728
ffn_timing tensor=blk.1.ffn_gate_shexp.weight payload_ready_ns=6393573502840 first_consumer_start_ns=6393658541479 payload_to_first_consumer_ns=85038639
ffn_timing tensor=blk.1.ffn_gate_exps.weight payload_ready_ns=6389737694688 first_consumer_start_ns=6389822542835 payload_to_first_consumer_ns=84848147
token1_blk4 full_layer_residency_hits=46 misses=51 evictions=25 source_reads=23 source_bytes=20402176 materialization_requests=23 resident_tensors_after=8
token1_blk4 full_layer_peak_active_persistent_bytes=1622016 full_layer_peak_resident_bytes=8312832
token1_blk4 first_payload_to_shared_compute_start_ns=4226155958 execution_ready_to_consumer_ns=NOT_INSTRUMENTED payload_to_first_useful_compute=NOT_INSTRUMENTED
normalized_input_parity max_abs=0 max_rel=0 mean_abs=0 tolerance=1e-5
router_score_parity max_abs=2.38419e-06 max_rel=7.54315e-06 mean_abs=2.96248e-07 tolerance=1e-5
selected_weight_parity max_abs=1.63913e-07 max_rel=7.61432e-07 mean_abs=6.45717e-08 tolerance=1e-5
reference_token1_blk4 topk_ids=0,33,37,4,49,31 normalized_weights=0.215269,0.19782,0.175062,0.142576,0.141116,0.128157,
reference_token1_blk4_routed expert_rank=0 expert_id=0 router_rank=0 graph_created=YES graph_refs=gate:0,up:1,down:2 storage_ref_base=40000 score_preserved=YES
reference_token1_blk4_routed expert_id=0 selected_range tensor=blk.1.ffn_gate_exps.weight offset=652077112 bytes=563200 layout=DIRECT
reference_token1_blk4_routed expert_id=0 selected_range tensor=blk.1.ffn_up_exps.weight offset=688121928 bytes=563200 layout=DIRECT
reference_token1_blk4_routed expert_id=0 selected_range tensor=blk.1.ffn_down_exps.weight offset=724166744 bytes=1622016 layout=DIRECT
reference_token1_blk4_routed prefetch expert_id=0 tensor=blk.1.ffn_gate_exps.weight dependency_distance=0
reference_token1_blk4_routed prefetch expert_id=0 tensor=blk.1.ffn_up_exps.weight dependency_distance=0
reference_token1_blk4_routed prefetch expert_id=0 tensor=blk.1.ffn_down_exps.weight dependency_distance=2
expert_parity max_abs=0 max_rel=0 mean_abs=0 tolerance=1e-5
reference_token1_blk4_routed expert_id=0 consumer_wait=not_instrumented acquire_release=recorded peak_active=1622016 peak_resident=3280896
reference_token1_blk4_routed expert_rank=1 expert_id=33 router_rank=1 graph_created=YES graph_refs=gate:0,up:1,down:2 storage_ref_base=40099 score_preserved=YES
reference_token1_blk4_routed expert_id=33 selected_range tensor=blk.1.ffn_gate_exps.weight offset=670662712 bytes=563200 layout=DIRECT
reference_token1_blk4_routed expert_id=33 selected_range tensor=blk.1.ffn_up_exps.weight offset=706707528 bytes=563200 layout=DIRECT
reference_token1_blk4_routed expert_id=33 selected_range tensor=blk.1.ffn_down_exps.weight offset=777693272 bytes=1622016 layout=DIRECT
reference_token1_blk4_routed prefetch expert_id=33 tensor=blk.1.ffn_gate_exps.weight dependency_distance=0
reference_token1_blk4_routed prefetch expert_id=33 tensor=blk.1.ffn_up_exps.weight dependency_distance=0
reference_token1_blk4_routed prefetch expert_id=33 tensor=blk.1.ffn_down_exps.weight dependency_distance=2
expert_parity max_abs=0 max_rel=0 mean_abs=0 tolerance=1e-5
reference_token1_blk4_routed expert_id=33 consumer_wait=not_instrumented acquire_release=recorded peak_active=1622016 peak_resident=6029312
reference_token1_blk4_routed expert_rank=2 expert_id=37 router_rank=2 graph_created=YES graph_refs=gate:0,up:1,down:2 storage_ref_base=40111 score_preserved=YES
reference_token1_blk4_routed expert_id=37 selected_range tensor=blk.1.ffn_gate_exps.weight offset=672915512 bytes=563200 layout=DIRECT
reference_token1_blk4_routed expert_id=37 selected_range tensor=blk.1.ffn_up_exps.weight offset=708960328 bytes=563200 layout=DIRECT
reference_token1_blk4_routed expert_id=37 selected_range tensor=blk.1.ffn_down_exps.weight offset=784181336 bytes=1622016 layout=DIRECT
reference_token1_blk4_routed prefetch expert_id=37 tensor=blk.1.ffn_gate_exps.weight dependency_distance=0
reference_token1_blk4_routed prefetch expert_id=37 tensor=blk.1.ffn_up_exps.weight dependency_distance=0
reference_token1_blk4_routed prefetch expert_id=37 tensor=blk.1.ffn_down_exps.weight dependency_distance=2
expert_parity max_abs=0 max_rel=0 mean_abs=0 tolerance=1e-5
reference_token1_blk4_routed expert_id=37 consumer_wait=not_instrumented acquire_release=recorded peak_active=1622016 peak_resident=8245248
reference_token1_blk4_routed expert_rank=3 expert_id=4 router_rank=3 graph_created=YES graph_refs=gate:0,up:1,down:2 storage_ref_base=40012 score_preserved=YES
reference_token1_blk4_routed expert_id=4 selected_range tensor=blk.1.ffn_gate_exps.weight offset=654329912 bytes=563200 layout=DIRECT
reference_token1_blk4_routed expert_id=4 selected_range tensor=blk.1.ffn_up_exps.weight offset=690374728 bytes=563200 layout=DIRECT
reference_token1_blk4_routed expert_id=4 selected_range tensor=blk.1.ffn_down_exps.weight offset=730654808 bytes=1622016 layout=DIRECT
reference_token1_blk4_routed prefetch expert_id=4 tensor=blk.1.ffn_gate_exps.weight dependency_distance=0
reference_token1_blk4_routed prefetch expert_id=4 tensor=blk.1.ffn_up_exps.weight dependency_distance=0
reference_token1_blk4_routed prefetch expert_id=4 tensor=blk.1.ffn_down_exps.weight dependency_distance=2
expert_parity max_abs=0 max_rel=0 mean_abs=0 tolerance=1e-5
reference_token1_blk4_routed expert_id=4 consumer_wait=not_instrumented acquire_release=recorded peak_active=1622016 peak_resident=8245248
reference_token1_blk4_routed expert_rank=4 expert_id=49 router_rank=4 graph_created=YES graph_refs=gate:0,up:1,down:2 storage_ref_base=40147 score_preserved=YES
reference_token1_blk4_routed expert_id=49 selected_range tensor=blk.1.ffn_gate_exps.weight offset=679673912 bytes=563200 layout=DIRECT
reference_token1_blk4_routed expert_id=49 selected_range tensor=blk.1.ffn_up_exps.weight offset=715718728 bytes=563200 layout=DIRECT
reference_token1_blk4_routed expert_id=49 selected_range tensor=blk.1.ffn_down_exps.weight offset=803645528 bytes=1622016 layout=DIRECT
reference_token1_blk4_routed prefetch expert_id=49 tensor=blk.1.ffn_gate_exps.weight dependency_distance=0
reference_token1_blk4_routed prefetch expert_id=49 tensor=blk.1.ffn_up_exps.weight dependency_distance=0
reference_token1_blk4_routed prefetch expert_id=49 tensor=blk.1.ffn_down_exps.weight dependency_distance=2
expert_parity max_abs=0 max_rel=0 mean_abs=0 tolerance=1e-5
reference_token1_blk4_routed expert_id=49 consumer_wait=not_instrumented acquire_release=recorded peak_active=1622016 peak_resident=8245248
reference_token1_blk4_routed expert_rank=5 expert_id=31 router_rank=5 graph_created=YES graph_refs=gate:0,up:1,down:2 storage_ref_base=40093 score_preserved=YES
reference_token1_blk4_routed expert_id=31 selected_range tensor=blk.1.ffn_gate_exps.weight offset=669536312 bytes=563200 layout=DIRECT
reference_token1_blk4_routed expert_id=31 selected_range tensor=blk.1.ffn_up_exps.weight offset=705581128 bytes=563200 layout=DIRECT
reference_token1_blk4_routed expert_id=31 selected_range tensor=blk.1.ffn_down_exps.weight offset=774449240 bytes=1622016 layout=DIRECT
reference_token1_blk4_routed prefetch expert_id=31 tensor=blk.1.ffn_gate_exps.weight dependency_distance=0
reference_token1_blk4_routed prefetch expert_id=31 tensor=blk.1.ffn_up_exps.weight dependency_distance=0
reference_token1_blk4_routed prefetch expert_id=31 tensor=blk.1.ffn_down_exps.weight dependency_distance=2
expert_parity max_abs=0 max_rel=0 mean_abs=0 tolerance=1e-5
reference_token1_blk4_routed expert_id=31 consumer_wait=not_instrumented acquire_release=recorded peak_active=1622016 peak_resident=8245248
reference_token1_blk4_routed residency_hits=36 residency_misses=42 source_reads=18 materialization_requests=18 source_policy_calls=18 evictions=11 resident_tensors_after=9
routed_merge_parity max_abs=0 max_rel=0 mean_abs=0 tolerance=1e-5
shared_expert_parity max_abs=0 max_rel=0 mean_abs=0 tolerance=1e-5
pre_residual_composition_parity max_abs=0 max_rel=0 mean_abs=0 tolerance=1e-5
final_layer_parity max_abs=0 max_rel=0 mean_abs=0 tolerance=1e-5
reference_token1_blk4 shared_expert=REQUIRED shared_graph_created=YES residual_add=YES final_composition=PASS
ffn_timing tensor=blk.1.ffn_gate_inp.weight payload_ready_ns=6394445354827 first_consumer_start_ns=6394530427156 payload_to_first_consumer_ns=85072329
ffn_timing tensor=blk.1.ffn_gate_shexp.weight payload_ready_ns=6398502253087 first_consumer_start_ns=6398587801259 payload_to_first_consumer_ns=85548172
ffn_timing tensor=blk.1.ffn_gate_exps.weight payload_ready_ns=6394662801060 first_consumer_start_ns=6394748253360 payload_to_first_consumer_ns=85452300
reference_token1_blk4 full_layer_residency_hits=46 misses=51 evictions=15 source_reads=23 source_bytes=20402176 materialization_requests=23 resident_tensors_after=8
reference_token1_blk4 full_layer_peak_active_persistent_bytes=1622016 full_layer_peak_resident_bytes=8312832
reference_token1_blk4 first_payload_to_shared_compute_start_ns=4229224386 execution_ready_to_consumer_ns=NOT_INSTRUMENTED payload_to_first_useful_compute=NOT_INSTRUMENTED
token1_blk4_attention_parity max_abs=0 max_rel=0 mean_abs=0 tolerance=1e-5
token1_blk4_block_parity max_abs=0 max_rel=0 mean_abs=0 tolerance=1e-5
token1 block_handoff block=5 handoff_ns=40180 activation_copy_bytes=0
attention_timing tensor=blk.1.attn_norm.weight payload_ready_ns=6215332886196 first_consumer_start_ns=6399237146090 payload_to_first_consumer_ns=183904259894
attention_timing tensor=blk.1.attn_q.weight payload_ready_ns=6215539183543 first_consumer_start_ns=6399454294984 payload_to_first_consumer_ns=183915111441
attention_timing tensor=blk.1.attn_kv_a_mqa.weight payload_ready_ns=6215753896123 first_consumer_start_ns=6399669877971 payload_to_first_consumer_ns=183915981848
attention_timing tensor=blk.1.attn_kv_a_norm.weight payload_ready_ns=6215959016937 first_consumer_start_ns=6399883851121 payload_to_first_consumer_ns=183924834184
attention_timing tensor=blk.1.attn_kv_b.weight payload_ready_ns=6216165481536 first_consumer_start_ns=6400100090051 payload_to_first_consumer_ns=183934608515
attention_timing tensor=blk.1.attn_output.weight payload_ready_ns=6216372164165 first_consumer_start_ns=6400319017893 payload_to_first_consumer_ns=183946853728
token1_blk5 position=1 state_k_positions=2 state_v_positions=2 attention_probs=0.524456,0.475544,0.321141,0.678859,0.355457,0.644543,0.520369,0.479631,0.347188,0.652812,0.572592,0.427408,0.206531,0.793469,0.266218,0.733782,0.492689,0.507311,0.055225,0.944775,0.432631,0.567369,0.520396,0.479604,0.13076,0.86924,0.674623,0.325377,0.56021,0.43979,0.136011,0.863989,
reference_attention position=1 state_k_positions=2 state_v_positions=2 attention_probs=0.524456,0.475544,0.321141,0.678859,0.355457,0.644543,0.520369,0.479631,0.347188,0.652812,0.572592,0.427408,0.206531,0.793469,0.266218,0.733782,0.492689,0.507311,0.055225,0.944775,0.432631,0.567369,0.520396,0.479604,0.13076,0.86924,0.674623,0.325377,0.56021,0.43979,0.136011,0.863989,
normalized_input_parity max_abs=0 max_rel=0 mean_abs=0 tolerance=1e-5
router_score_parity max_abs=1.3113e-06 max_rel=1.28136e-05 mean_abs=3.2864e-07 tolerance=1e-5
selected_weight_parity max_abs=1.93715e-07 max_rel=1.15926e-06 mean_abs=1.06792e-07 tolerance=1e-5
token1_blk5 topk_ids=14,10,17,19,18,41 normalized_weights=0.203788,0.167102,0.162873,0.157614,0.154751,0.153873,
token1_blk5_routed expert_rank=0 expert_id=14 router_rank=0 graph_created=YES graph_refs=gate:0,up:1,down:2 storage_ref_base=50042 score_preserved=YES
token1_blk5_routed expert_id=14 selected_range tensor=blk.1.ffn_gate_exps.weight offset=842732800 bytes=563200 layout=DIRECT
token1_blk5_routed expert_id=14 selected_range tensor=blk.1.ffn_up_exps.weight offset=878777616 bytes=563200 layout=DIRECT
token1_blk5_routed expert_id=14 selected_range tensor=blk.1.ffn_down_exps.weight offset=929645856 bytes=1622016 layout=DIRECT
token1_blk5_routed prefetch expert_id=14 tensor=blk.1.ffn_gate_exps.weight dependency_distance=0
token1_blk5_routed prefetch expert_id=14 tensor=blk.1.ffn_up_exps.weight dependency_distance=0
token1_blk5_routed prefetch expert_id=14 tensor=blk.1.ffn_down_exps.weight dependency_distance=2
expert_parity max_abs=0 max_rel=0 mean_abs=0 tolerance=1e-5
token1_blk5_routed expert_id=14 consumer_wait=not_instrumented acquire_release=recorded peak_active=1622016 peak_resident=7367680
token1_blk5_routed expert_rank=1 expert_id=10 router_rank=1 graph_created=YES graph_refs=gate:0,up:1,down:2 storage_ref_base=50030 score_preserved=YES
token1_blk5_routed expert_id=10 selected_range tensor=blk.1.ffn_gate_exps.weight offset=840480000 bytes=563200 layout=DIRECT
token1_blk5_routed expert_id=10 selected_range tensor=blk.1.ffn_up_exps.weight offset=876524816 bytes=563200 layout=DIRECT
token1_blk5_routed expert_id=10 selected_range tensor=blk.1.ffn_down_exps.weight offset=923157792 bytes=1622016 layout=DIRECT
token1_blk5_routed prefetch expert_id=10 tensor=blk.1.ffn_gate_exps.weight dependency_distance=0
token1_blk5_routed prefetch expert_id=10 tensor=blk.1.ffn_up_exps.weight dependency_distance=0
token1_blk5_routed prefetch expert_id=10 tensor=blk.1.ffn_down_exps.weight dependency_distance=2
expert_parity max_abs=0 max_rel=0 mean_abs=0 tolerance=1e-5
token1_blk5_routed expert_id=10 consumer_wait=not_instrumented acquire_release=recorded peak_active=1622016 peak_resident=7752704
token1_blk5_routed expert_rank=2 expert_id=17 router_rank=2 graph_created=YES graph_refs=gate:0,up:1,down:2 storage_ref_base=50051 score_preserved=YES
token1_blk5_routed expert_id=17 selected_range tensor=blk.1.ffn_gate_exps.weight offset=844422400 bytes=563200 layout=DIRECT
token1_blk5_routed expert_id=17 selected_range tensor=blk.1.ffn_up_exps.weight offset=880467216 bytes=563200 layout=DIRECT
token1_blk5_routed expert_id=17 selected_range tensor=blk.1.ffn_down_exps.weight offset=934511904 bytes=1622016 layout=DIRECT
token1_blk5_routed prefetch expert_id=17 tensor=blk.1.ffn_gate_exps.weight dependency_distance=0
token1_blk5_routed prefetch expert_id=17 tensor=blk.1.ffn_up_exps.weight dependency_distance=0
token1_blk5_routed prefetch expert_id=17 tensor=blk.1.ffn_down_exps.weight dependency_distance=2
expert_parity max_abs=0 max_rel=0 mean_abs=0 tolerance=1e-5
token1_blk5_routed expert_id=17 consumer_wait=not_instrumented acquire_release=recorded peak_active=1622016 peak_resident=8245248
token1_blk5_routed expert_rank=3 expert_id=19 router_rank=3 graph_created=YES graph_refs=gate:0,up:1,down:2 storage_ref_base=50057 score_preserved=YES
token1_blk5_routed expert_id=19 selected_range tensor=blk.1.ffn_gate_exps.weight offset=845548800 bytes=563200 layout=DIRECT
token1_blk5_routed expert_id=19 selected_range tensor=blk.1.ffn_up_exps.weight offset=881593616 bytes=563200 layout=DIRECT
token1_blk5_routed expert_id=19 selected_range tensor=blk.1.ffn_down_exps.weight offset=937755936 bytes=1622016 layout=DIRECT
token1_blk5_routed prefetch expert_id=19 tensor=blk.1.ffn_gate_exps.weight dependency_distance=0
token1_blk5_routed prefetch expert_id=19 tensor=blk.1.ffn_up_exps.weight dependency_distance=0
token1_blk5_routed prefetch expert_id=19 tensor=blk.1.ffn_down_exps.weight dependency_distance=2
expert_parity max_abs=0 max_rel=0 mean_abs=0 tolerance=1e-5
token1_blk5_routed expert_id=19 consumer_wait=not_instrumented acquire_release=recorded peak_active=1622016 peak_resident=8245248
token1_blk5_routed expert_rank=4 expert_id=18 router_rank=4 graph_created=YES graph_refs=gate:0,up:1,down:2 storage_ref_base=50054 score_preserved=YES
token1_blk5_routed expert_id=18 selected_range tensor=blk.1.ffn_gate_exps.weight offset=844985600 bytes=563200 layout=DIRECT
token1_blk5_routed expert_id=18 selected_range tensor=blk.1.ffn_up_exps.weight offset=881030416 bytes=563200 layout=DIRECT
token1_blk5_routed expert_id=18 selected_range tensor=blk.1.ffn_down_exps.weight offset=936133920 bytes=1622016 layout=DIRECT
token1_blk5_routed prefetch expert_id=18 tensor=blk.1.ffn_gate_exps.weight dependency_distance=0
token1_blk5_routed prefetch expert_id=18 tensor=blk.1.ffn_up_exps.weight dependency_distance=0
token1_blk5_routed prefetch expert_id=18 tensor=blk.1.ffn_down_exps.weight dependency_distance=2
expert_parity max_abs=0 max_rel=0 mean_abs=0 tolerance=1e-5
token1_blk5_routed expert_id=18 consumer_wait=not_instrumented acquire_release=recorded peak_active=1622016 peak_resident=8245248
token1_blk5_routed expert_rank=5 expert_id=41 router_rank=5 graph_created=YES graph_refs=gate:0,up:1,down:2 storage_ref_base=50123 score_preserved=YES
token1_blk5_routed expert_id=41 selected_range tensor=blk.1.ffn_gate_exps.weight offset=857939200 bytes=563200 layout=DIRECT
token1_blk5_routed expert_id=41 selected_range tensor=blk.1.ffn_up_exps.weight offset=893984016 bytes=563200 layout=DIRECT
token1_blk5_routed expert_id=41 selected_range tensor=blk.1.ffn_down_exps.weight offset=973440288 bytes=1622016 layout=DIRECT
token1_blk5_routed prefetch expert_id=41 tensor=blk.1.ffn_gate_exps.weight dependency_distance=0
token1_blk5_routed prefetch expert_id=41 tensor=blk.1.ffn_up_exps.weight dependency_distance=0
token1_blk5_routed prefetch expert_id=41 tensor=blk.1.ffn_down_exps.weight dependency_distance=2
expert_parity max_abs=0 max_rel=0 mean_abs=0 tolerance=1e-5
token1_blk5_routed expert_id=41 consumer_wait=not_instrumented acquire_release=recorded peak_active=1622016 peak_resident=8245248
token1_blk5_routed residency_hits=36 residency_misses=42 source_reads=18 materialization_requests=18 source_policy_calls=18 evictions=20 resident_tensors_after=9
routed_merge_parity max_abs=0 max_rel=0 mean_abs=0 tolerance=1e-5
shared_expert_parity max_abs=0 max_rel=0 mean_abs=0 tolerance=1e-5
pre_residual_composition_parity max_abs=0 max_rel=0 mean_abs=0 tolerance=1e-5
final_layer_parity max_abs=0 max_rel=0 mean_abs=0 tolerance=1e-5
token1_blk5 shared_expert=REQUIRED shared_graph_created=YES residual_add=YES final_composition=PASS
ffn_timing tensor=blk.1.ffn_gate_inp.weight payload_ready_ns=6400646913319 first_consumer_start_ns=6400731068705 payload_to_first_consumer_ns=84155386
ffn_timing tensor=blk.1.ffn_gate_shexp.weight payload_ready_ns=6404826518669 first_consumer_start_ns=6404912994446 payload_to_first_consumer_ns=86475777
ffn_timing tensor=blk.1.ffn_gate_exps.weight payload_ready_ns=6400858798120 first_consumer_start_ns=6400945104756 payload_to_first_consumer_ns=86306636
token1_blk5 full_layer_residency_hits=46 misses=51 evictions=25 source_reads=23 source_bytes=20402176 materialization_requests=23 resident_tensors_after=8
token1_blk5 full_layer_peak_active_persistent_bytes=1622016 full_layer_peak_resident_bytes=8312832
token1_blk5 first_payload_to_shared_compute_start_ns=4336259021 execution_ready_to_consumer_ns=NOT_INSTRUMENTED payload_to_first_useful_compute=NOT_INSTRUMENTED
normalized_input_parity max_abs=0 max_rel=0 mean_abs=0 tolerance=1e-5
router_score_parity max_abs=1.3113e-06 max_rel=1.28136e-05 mean_abs=3.2864e-07 tolerance=1e-5
selected_weight_parity max_abs=1.93715e-07 max_rel=1.15926e-06 mean_abs=1.06792e-07 tolerance=1e-5
reference_token1_blk5 topk_ids=14,10,17,19,18,41 normalized_weights=0.203788,0.167102,0.162873,0.157614,0.154751,0.153873,
reference_token1_blk5_routed expert_rank=0 expert_id=14 router_rank=0 graph_created=YES graph_refs=gate:0,up:1,down:2 storage_ref_base=50042 score_preserved=YES
reference_token1_blk5_routed expert_id=14 selected_range tensor=blk.1.ffn_gate_exps.weight offset=842732800 bytes=563200 layout=DIRECT
reference_token1_blk5_routed expert_id=14 selected_range tensor=blk.1.ffn_up_exps.weight offset=878777616 bytes=563200 layout=DIRECT
reference_token1_blk5_routed expert_id=14 selected_range tensor=blk.1.ffn_down_exps.weight offset=929645856 bytes=1622016 layout=DIRECT
reference_token1_blk5_routed prefetch expert_id=14 tensor=blk.1.ffn_gate_exps.weight dependency_distance=0
reference_token1_blk5_routed prefetch expert_id=14 tensor=blk.1.ffn_up_exps.weight dependency_distance=0
reference_token1_blk5_routed prefetch expert_id=14 tensor=blk.1.ffn_down_exps.weight dependency_distance=2
expert_parity max_abs=0 max_rel=0 mean_abs=0 tolerance=1e-5
reference_token1_blk5_routed expert_id=14 consumer_wait=not_instrumented acquire_release=recorded peak_active=1622016 peak_resident=3280896
reference_token1_blk5_routed expert_rank=1 expert_id=10 router_rank=1 graph_created=YES graph_refs=gate:0,up:1,down:2 storage_ref_base=50030 score_preserved=YES
reference_token1_blk5_routed expert_id=10 selected_range tensor=blk.1.ffn_gate_exps.weight offset=840480000 bytes=563200 layout=DIRECT
reference_token1_blk5_routed expert_id=10 selected_range tensor=blk.1.ffn_up_exps.weight offset=876524816 bytes=563200 layout=DIRECT
reference_token1_blk5_routed expert_id=10 selected_range tensor=blk.1.ffn_down_exps.weight offset=923157792 bytes=1622016 layout=DIRECT
reference_token1_blk5_routed prefetch expert_id=10 tensor=blk.1.ffn_gate_exps.weight dependency_distance=0
reference_token1_blk5_routed prefetch expert_id=10 tensor=blk.1.ffn_up_exps.weight dependency_distance=0
reference_token1_blk5_routed prefetch expert_id=10 tensor=blk.1.ffn_down_exps.weight dependency_distance=2
expert_parity max_abs=0 max_rel=0 mean_abs=0 tolerance=1e-5
reference_token1_blk5_routed expert_id=10 consumer_wait=not_instrumented acquire_release=recorded peak_active=1622016 peak_resident=6029312
reference_token1_blk5_routed expert_rank=2 expert_id=17 router_rank=2 graph_created=YES graph_refs=gate:0,up:1,down:2 storage_ref_base=50051 score_preserved=YES
reference_token1_blk5_routed expert_id=17 selected_range tensor=blk.1.ffn_gate_exps.weight offset=844422400 bytes=563200 layout=DIRECT
reference_token1_blk5_routed expert_id=17 selected_range tensor=blk.1.ffn_up_exps.weight offset=880467216 bytes=563200 layout=DIRECT
reference_token1_blk5_routed expert_id=17 selected_range tensor=blk.1.ffn_down_exps.weight offset=934511904 bytes=1622016 layout=DIRECT
reference_token1_blk5_routed prefetch expert_id=17 tensor=blk.1.ffn_gate_exps.weight dependency_distance=0
reference_token1_blk5_routed prefetch expert_id=17 tensor=blk.1.ffn_up_exps.weight dependency_distance=0
reference_token1_blk5_routed prefetch expert_id=17 tensor=blk.1.ffn_down_exps.weight dependency_distance=2
expert_parity max_abs=0 max_rel=0 mean_abs=0 tolerance=1e-5
reference_token1_blk5_routed expert_id=17 consumer_wait=not_instrumented acquire_release=recorded peak_active=1622016 peak_resident=8245248
reference_token1_blk5_routed expert_rank=3 expert_id=19 router_rank=3 graph_created=YES graph_refs=gate:0,up:1,down:2 storage_ref_base=50057 score_preserved=YES
reference_token1_blk5_routed expert_id=19 selected_range tensor=blk.1.ffn_gate_exps.weight offset=845548800 bytes=563200 layout=DIRECT
reference_token1_blk5_routed expert_id=19 selected_range tensor=blk.1.ffn_up_exps.weight offset=881593616 bytes=563200 layout=DIRECT
reference_token1_blk5_routed expert_id=19 selected_range tensor=blk.1.ffn_down_exps.weight offset=937755936 bytes=1622016 layout=DIRECT
reference_token1_blk5_routed prefetch expert_id=19 tensor=blk.1.ffn_gate_exps.weight dependency_distance=0
reference_token1_blk5_routed prefetch expert_id=19 tensor=blk.1.ffn_up_exps.weight dependency_distance=0
reference_token1_blk5_routed prefetch expert_id=19 tensor=blk.1.ffn_down_exps.weight dependency_distance=2
expert_parity max_abs=0 max_rel=0 mean_abs=0 tolerance=1e-5
reference_token1_blk5_routed expert_id=19 consumer_wait=not_instrumented acquire_release=recorded peak_active=1622016 peak_resident=8245248
reference_token1_blk5_routed expert_rank=4 expert_id=18 router_rank=4 graph_created=YES graph_refs=gate:0,up:1,down:2 storage_ref_base=50054 score_preserved=YES
reference_token1_blk5_routed expert_id=18 selected_range tensor=blk.1.ffn_gate_exps.weight offset=844985600 bytes=563200 layout=DIRECT
reference_token1_blk5_routed expert_id=18 selected_range tensor=blk.1.ffn_up_exps.weight offset=881030416 bytes=563200 layout=DIRECT
reference_token1_blk5_routed expert_id=18 selected_range tensor=blk.1.ffn_down_exps.weight offset=936133920 bytes=1622016 layout=DIRECT
reference_token1_blk5_routed prefetch expert_id=18 tensor=blk.1.ffn_gate_exps.weight dependency_distance=0
reference_token1_blk5_routed prefetch expert_id=18 tensor=blk.1.ffn_up_exps.weight dependency_distance=0
reference_token1_blk5_routed prefetch expert_id=18 tensor=blk.1.ffn_down_exps.weight dependency_distance=2
expert_parity max_abs=0 max_rel=0 mean_abs=0 tolerance=1e-5
reference_token1_blk5_routed expert_id=18 consumer_wait=not_instrumented acquire_release=recorded peak_active=1622016 peak_resident=8245248
reference_token1_blk5_routed expert_rank=5 expert_id=41 router_rank=5 graph_created=YES graph_refs=gate:0,up:1,down:2 storage_ref_base=50123 score_preserved=YES
reference_token1_blk5_routed expert_id=41 selected_range tensor=blk.1.ffn_gate_exps.weight offset=857939200 bytes=563200 layout=DIRECT
reference_token1_blk5_routed expert_id=41 selected_range tensor=blk.1.ffn_up_exps.weight offset=893984016 bytes=563200 layout=DIRECT
reference_token1_blk5_routed expert_id=41 selected_range tensor=blk.1.ffn_down_exps.weight offset=973440288 bytes=1622016 layout=DIRECT
reference_token1_blk5_routed prefetch expert_id=41 tensor=blk.1.ffn_gate_exps.weight dependency_distance=0
reference_token1_blk5_routed prefetch expert_id=41 tensor=blk.1.ffn_up_exps.weight dependency_distance=0
reference_token1_blk5_routed prefetch expert_id=41 tensor=blk.1.ffn_down_exps.weight dependency_distance=2
expert_parity max_abs=0 max_rel=0 mean_abs=0 tolerance=1e-5
reference_token1_blk5_routed expert_id=41 consumer_wait=not_instrumented acquire_release=recorded peak_active=1622016 peak_resident=8245248
reference_token1_blk5_routed residency_hits=36 residency_misses=42 source_reads=18 materialization_requests=18 source_policy_calls=18 evictions=11 resident_tensors_after=9
routed_merge_parity max_abs=0 max_rel=0 mean_abs=0 tolerance=1e-5
shared_expert_parity max_abs=0 max_rel=0 mean_abs=0 tolerance=1e-5
pre_residual_composition_parity max_abs=0 max_rel=0 mean_abs=0 tolerance=1e-5
final_layer_parity max_abs=0 max_rel=0 mean_abs=0 tolerance=1e-5
reference_token1_blk5 shared_expert=REQUIRED shared_graph_created=YES residual_add=YES final_composition=PASS
ffn_timing tensor=blk.1.ffn_gate_inp.weight payload_ready_ns=6405705832574 first_consumer_start_ns=6405793846078 payload_to_first_consumer_ns=88013504
ffn_timing tensor=blk.1.ffn_gate_shexp.weight payload_ready_ns=6409877521975 first_consumer_start_ns=6409967394118 payload_to_first_consumer_ns=89872143
ffn_timing tensor=blk.1.ffn_gate_exps.weight payload_ready_ns=6405923234753 first_consumer_start_ns=6406005470131 payload_to_first_consumer_ns=82235378
reference_token1_blk5 full_layer_residency_hits=46 misses=51 evictions=15 source_reads=23 source_bytes=20402176 materialization_requests=23 resident_tensors_after=8
reference_token1_blk5 full_layer_peak_active_persistent_bytes=1622016 full_layer_peak_resident_bytes=8312832
reference_token1_blk5 first_payload_to_shared_compute_start_ns=4347108275 execution_ready_to_consumer_ns=NOT_INSTRUMENTED payload_to_first_useful_compute=NOT_INSTRUMENTED
token1_blk5_attention_parity max_abs=0 max_rel=0 mean_abs=0 tolerance=1e-5
token1_blk5_block_parity max_abs=0 max_rel=0 mean_abs=0 tolerance=1e-5
token1 block_handoff block=6 handoff_ns=29700 activation_copy_bytes=0
attention_timing tensor=blk.1.attn_norm.weight payload_ready_ns=6215332886196 first_consumer_start_ns=6410647394732 payload_to_first_consumer_ns=195314508536
attention_timing tensor=blk.1.attn_q.weight payload_ready_ns=6215539183543 first_consumer_start_ns=6410884800251 payload_to_first_consumer_ns=195345616708
attention_timing tensor=blk.1.attn_kv_a_mqa.weight payload_ready_ns=6215753896123 first_consumer_start_ns=6411108569260 payload_to_first_consumer_ns=195354673137
attention_timing tensor=blk.1.attn_kv_a_norm.weight payload_ready_ns=6215959016937 first_consumer_start_ns=6411326577104 payload_to_first_consumer_ns=195367560167
attention_timing tensor=blk.1.attn_kv_b.weight payload_ready_ns=6216165481536 first_consumer_start_ns=6411536252391 payload_to_first_consumer_ns=195370770855
attention_timing tensor=blk.1.attn_output.weight payload_ready_ns=6216372164165 first_consumer_start_ns=6411766539630 payload_to_first_consumer_ns=195394375465
token1_blk6 position=1 state_k_positions=2 state_v_positions=2 attention_probs=0.591727,0.408273,0.912876,0.0871237,0.586515,0.413485,0.683553,0.316447,0.742298,0.257702,0.336236,0.663764,0.727576,0.272424,0.460645,0.539355,0.0945278,0.905472,0.30825,0.69175,0.797913,0.202087,0.394703,0.605297,0.569404,0.430596,0.595114,0.404886,0.077147,0.922853,0.31568,0.68432,
reference_attention position=1 state_k_positions=2 state_v_positions=2 attention_probs=0.591727,0.408273,0.912876,0.0871237,0.586515,0.413485,0.683553,0.316447,0.742298,0.257702,0.336236,0.663764,0.727576,0.272424,0.460645,0.539355,0.0945278,0.905472,0.30825,0.69175,0.797913,0.202087,0.394703,0.605297,0.569404,0.430596,0.595114,0.404886,0.077147,0.922853,0.31568,0.68432,
normalized_input_parity max_abs=0 max_rel=0 mean_abs=0 tolerance=1e-5
router_score_parity max_abs=1.13249e-06 max_rel=0.000445456 mean_abs=2.68297e-07 tolerance=1e-5
selected_weight_parity max_abs=2.08616e-07 max_rel=1.25037e-06 mean_abs=9.18905e-08 tolerance=1e-5
token1_blk6 topk_ids=22,49,20,34,59,9 normalized_weights=0.184411,0.170893,0.166844,0.162698,0.158554,0.156601,
token1_blk6_routed expert_rank=0 expert_id=22 router_rank=0 graph_created=YES graph_refs=gate:0,up:1,down:2 storage_ref_base=60066 score_preserved=YES
token1_blk6_routed expert_id=22 selected_range tensor=blk.1.ffn_gate_exps.weight offset=1030009288 bytes=563200 layout=DIRECT
token1_blk6_routed expert_id=22 selected_range tensor=blk.1.ffn_up_exps.weight offset=1066054104 bytes=563200 layout=DIRECT
token1_blk6_routed expert_id=22 selected_range tensor=blk.1.ffn_down_exps.weight offset=1125392872 bytes=1622016 layout=DIRECT
token1_blk6_routed prefetch expert_id=22 tensor=blk.1.ffn_gate_exps.weight dependency_distance=0
token1_blk6_routed prefetch expert_id=22 tensor=blk.1.ffn_up_exps.weight dependency_distance=0
token1_blk6_routed prefetch expert_id=22 tensor=blk.1.ffn_down_exps.weight dependency_distance=2
expert_parity max_abs=0 max_rel=0 mean_abs=0 tolerance=1e-5
token1_blk6_routed expert_id=22 consumer_wait=not_instrumented acquire_release=recorded peak_active=1622016 peak_resident=7367680
token1_blk6_routed expert_rank=1 expert_id=49 router_rank=1 graph_created=YES graph_refs=gate:0,up:1,down:2 storage_ref_base=60147 score_preserved=YES
token1_blk6_routed expert_id=49 selected_range tensor=blk.1.ffn_gate_exps.weight offset=1045215688 bytes=563200 layout=DIRECT
token1_blk6_routed expert_id=49 selected_range tensor=blk.1.ffn_up_exps.weight offset=1081260504 bytes=563200 layout=DIRECT
token1_blk6_routed expert_id=49 selected_range tensor=blk.1.ffn_down_exps.weight offset=1169187304 bytes=1622016 layout=DIRECT
token1_blk6_routed prefetch expert_id=49 tensor=blk.1.ffn_gate_exps.weight dependency_distance=0
token1_blk6_routed prefetch expert_id=49 tensor=blk.1.ffn_up_exps.weight dependency_distance=0
token1_blk6_routed prefetch expert_id=49 tensor=blk.1.ffn_down_exps.weight dependency_distance=2
expert_parity max_abs=0 max_rel=0 mean_abs=0 tolerance=1e-5
token1_blk6_routed expert_id=49 consumer_wait=not_instrumented acquire_release=recorded peak_active=1622016 peak_resident=7752704
token1_blk6_routed expert_rank=2 expert_id=20 router_rank=2 graph_created=YES graph_refs=gate:0,up:1,down:2 storage_ref_base=60060 score_preserved=YES
token1_blk6_routed expert_id=20 selected_range tensor=blk.1.ffn_gate_exps.weight offset=1028882888 bytes=563200 layout=DIRECT
token1_blk6_routed expert_id=20 selected_range tensor=blk.1.ffn_up_exps.weight offset=1064927704 bytes=563200 layout=DIRECT
token1_blk6_routed expert_id=20 selected_range tensor=blk.1.ffn_down_exps.weight offset=1122148840 bytes=1622016 layout=DIRECT
token1_blk6_routed prefetch expert_id=20 tensor=blk.1.ffn_gate_exps.weight dependency_distance=0
token1_blk6_routed prefetch expert_id=20 tensor=blk.1.ffn_up_exps.weight dependency_distance=0
token1_blk6_routed prefetch expert_id=20 tensor=blk.1.ffn_down_exps.weight dependency_distance=2
expert_parity max_abs=0 max_rel=0 mean_abs=0 tolerance=1e-5
token1_blk6_routed expert_id=20 consumer_wait=not_instrumented acquire_release=recorded peak_active=1622016 peak_resident=8245248
token1_blk6_routed expert_rank=3 expert_id=34 router_rank=3 graph_created=YES graph_refs=gate:0,up:1,down:2 storage_ref_base=60102 score_preserved=YES
token1_blk6_routed expert_id=34 selected_range tensor=blk.1.ffn_gate_exps.weight offset=1036767688 bytes=563200 layout=DIRECT
token1_blk6_routed expert_id=34 selected_range tensor=blk.1.ffn_up_exps.weight offset=1072812504 bytes=563200 layout=DIRECT
token1_blk6_routed expert_id=34 selected_range tensor=blk.1.ffn_down_exps.weight offset=1144857064 bytes=1622016 layout=DIRECT
token1_blk6_routed prefetch expert_id=34 tensor=blk.1.ffn_gate_exps.weight dependency_distance=0
token1_blk6_routed prefetch expert_id=34 tensor=blk.1.ffn_up_exps.weight dependency_distance=0
token1_blk6_routed prefetch expert_id=34 tensor=blk.1.ffn_down_exps.weight dependency_distance=2
expert_parity max_abs=0 max_rel=0 mean_abs=0 tolerance=1e-5
token1_blk6_routed expert_id=34 consumer_wait=not_instrumented acquire_release=recorded peak_active=1622016 peak_resident=8245248
token1_blk6_routed expert_rank=4 expert_id=59 router_rank=4 graph_created=YES graph_refs=gate:0,up:1,down:2 storage_ref_base=60177 score_preserved=YES
token1_blk6_routed expert_id=59 selected_range tensor=blk.1.ffn_gate_exps.weight offset=1050847688 bytes=563200 layout=DIRECT
token1_blk6_routed expert_id=59 selected_range tensor=blk.1.ffn_up_exps.weight offset=1086892504 bytes=563200 layout=DIRECT
token1_blk6_routed expert_id=59 selected_range tensor=blk.1.ffn_down_exps.weight offset=1185407464 bytes=1622016 layout=DIRECT
token1_blk6_routed prefetch expert_id=59 tensor=blk.1.ffn_gate_exps.weight dependency_distance=0
token1_blk6_routed prefetch expert_id=59 tensor=blk.1.ffn_up_exps.weight dependency_distance=0
token1_blk6_routed prefetch expert_id=59 tensor=blk.1.ffn_down_exps.weight dependency_distance=2
expert_parity max_abs=0 max_rel=0 mean_abs=0 tolerance=1e-5
token1_blk6_routed expert_id=59 consumer_wait=not_instrumented acquire_release=recorded peak_active=1622016 peak_resident=8245248
token1_blk6_routed expert_rank=5 expert_id=9 router_rank=5 graph_created=YES graph_refs=gate:0,up:1,down:2 storage_ref_base=60027 score_preserved=YES
token1_blk6_routed expert_id=9 selected_range tensor=blk.1.ffn_gate_exps.weight offset=1022687688 bytes=563200 layout=DIRECT
token1_blk6_routed expert_id=9 selected_range tensor=blk.1.ffn_up_exps.weight offset=1058732504 bytes=563200 layout=DIRECT
token1_blk6_routed expert_id=9 selected_range tensor=blk.1.ffn_down_exps.weight offset=1104306664 bytes=1622016 layout=DIRECT
token1_blk6_routed prefetch expert_id=9 tensor=blk.1.ffn_gate_exps.weight dependency_distance=0
token1_blk6_routed prefetch expert_id=9 tensor=blk.1.ffn_up_exps.weight dependency_distance=0
token1_blk6_routed prefetch expert_id=9 tensor=blk.1.ffn_down_exps.weight dependency_distance=2
expert_parity max_abs=0 max_rel=0 mean_abs=0 tolerance=1e-5
token1_blk6_routed expert_id=9 consumer_wait=not_instrumented acquire_release=recorded peak_active=1622016 peak_resident=8245248
token1_blk6_routed residency_hits=36 residency_misses=42 source_reads=18 materialization_requests=18 source_policy_calls=18 evictions=20 resident_tensors_after=9
routed_merge_parity max_abs=0 max_rel=0 mean_abs=0 tolerance=1e-5
shared_expert_parity max_abs=0 max_rel=0 mean_abs=0 tolerance=1e-5
pre_residual_composition_parity max_abs=0 max_rel=0 mean_abs=0 tolerance=1e-5
final_layer_parity max_abs=0 max_rel=0 mean_abs=0 tolerance=1e-5
token1_blk6 shared_expert=REQUIRED shared_graph_created=YES residual_add=YES final_composition=PASS
ffn_timing tensor=blk.1.ffn_gate_inp.weight payload_ready_ns=6412143993102 first_consumer_start_ns=6412231084634 payload_to_first_consumer_ns=87091532
ffn_timing tensor=blk.1.ffn_gate_shexp.weight payload_ready_ns=6416286790804 first_consumer_start_ns=6416372912462 payload_to_first_consumer_ns=86121658
ffn_timing tensor=blk.1.ffn_gate_exps.weight payload_ready_ns=6412364258937 first_consumer_start_ns=6412452414583 payload_to_first_consumer_ns=88155646
token1_blk6 full_layer_residency_hits=46 misses=51 evictions=25 source_reads=23 source_bytes=20402176 materialization_requests=23 resident_tensors_after=8
token1_blk6 full_layer_peak_active_persistent_bytes=1622016 full_layer_peak_resident_bytes=8312832
token1_blk6 first_payload_to_shared_compute_start_ns=4325536101 execution_ready_to_consumer_ns=NOT_INSTRUMENTED payload_to_first_useful_compute=NOT_INSTRUMENTED
normalized_input_parity max_abs=0 max_rel=0 mean_abs=0 tolerance=1e-5
router_score_parity max_abs=1.13249e-06 max_rel=0.000445456 mean_abs=2.68297e-07 tolerance=1e-5
selected_weight_parity max_abs=2.08616e-07 max_rel=1.25037e-06 mean_abs=9.18905e-08 tolerance=1e-5
reference_token1_blk6 topk_ids=22,49,20,34,59,9 normalized_weights=0.184411,0.170893,0.166844,0.162698,0.158554,0.156601,
reference_token1_blk6_routed expert_rank=0 expert_id=22 router_rank=0 graph_created=YES graph_refs=gate:0,up:1,down:2 storage_ref_base=60066 score_preserved=YES
reference_token1_blk6_routed expert_id=22 selected_range tensor=blk.1.ffn_gate_exps.weight offset=1030009288 bytes=563200 layout=DIRECT
reference_token1_blk6_routed expert_id=22 selected_range tensor=blk.1.ffn_up_exps.weight offset=1066054104 bytes=563200 layout=DIRECT
reference_token1_blk6_routed expert_id=22 selected_range tensor=blk.1.ffn_down_exps.weight offset=1125392872 bytes=1622016 layout=DIRECT
reference_token1_blk6_routed prefetch expert_id=22 tensor=blk.1.ffn_gate_exps.weight dependency_distance=0
reference_token1_blk6_routed prefetch expert_id=22 tensor=blk.1.ffn_up_exps.weight dependency_distance=0
reference_token1_blk6_routed prefetch expert_id=22 tensor=blk.1.ffn_down_exps.weight dependency_distance=2
expert_parity max_abs=0 max_rel=0 mean_abs=0 tolerance=1e-5
reference_token1_blk6_routed expert_id=22 consumer_wait=not_instrumented acquire_release=recorded peak_active=1622016 peak_resident=3280896
reference_token1_blk6_routed expert_rank=1 expert_id=49 router_rank=1 graph_created=YES graph_refs=gate:0,up:1,down:2 storage_ref_base=60147 score_preserved=YES
reference_token1_blk6_routed expert_id=49 selected_range tensor=blk.1.ffn_gate_exps.weight offset=1045215688 bytes=563200 layout=DIRECT
reference_token1_blk6_routed expert_id=49 selected_range tensor=blk.1.ffn_up_exps.weight offset=1081260504 bytes=563200 layout=DIRECT
reference_token1_blk6_routed expert_id=49 selected_range tensor=blk.1.ffn_down_exps.weight offset=1169187304 bytes=1622016 layout=DIRECT
reference_token1_blk6_routed prefetch expert_id=49 tensor=blk.1.ffn_gate_exps.weight dependency_distance=0
reference_token1_blk6_routed prefetch expert_id=49 tensor=blk.1.ffn_up_exps.weight dependency_distance=0
reference_token1_blk6_routed prefetch expert_id=49 tensor=blk.1.ffn_down_exps.weight dependency_distance=2
expert_parity max_abs=0 max_rel=0 mean_abs=0 tolerance=1e-5
reference_token1_blk6_routed expert_id=49 consumer_wait=not_instrumented acquire_release=recorded peak_active=1622016 peak_resident=6029312
reference_token1_blk6_routed expert_rank=2 expert_id=20 router_rank=2 graph_created=YES graph_refs=gate:0,up:1,down:2 storage_ref_base=60060 score_preserved=YES
reference_token1_blk6_routed expert_id=20 selected_range tensor=blk.1.ffn_gate_exps.weight offset=1028882888 bytes=563200 layout=DIRECT
reference_token1_blk6_routed expert_id=20 selected_range tensor=blk.1.ffn_up_exps.weight offset=1064927704 bytes=563200 layout=DIRECT
reference_token1_blk6_routed expert_id=20 selected_range tensor=blk.1.ffn_down_exps.weight offset=1122148840 bytes=1622016 layout=DIRECT
reference_token1_blk6_routed prefetch expert_id=20 tensor=blk.1.ffn_gate_exps.weight dependency_distance=0
reference_token1_blk6_routed prefetch expert_id=20 tensor=blk.1.ffn_up_exps.weight dependency_distance=0
reference_token1_blk6_routed prefetch expert_id=20 tensor=blk.1.ffn_down_exps.weight dependency_distance=2
expert_parity max_abs=0 max_rel=0 mean_abs=0 tolerance=1e-5
reference_token1_blk6_routed expert_id=20 consumer_wait=not_instrumented acquire_release=recorded peak_active=1622016 peak_resident=8245248
reference_token1_blk6_routed expert_rank=3 expert_id=34 router_rank=3 graph_created=YES graph_refs=gate:0,up:1,down:2 storage_ref_base=60102 score_preserved=YES
reference_token1_blk6_routed expert_id=34 selected_range tensor=blk.1.ffn_gate_exps.weight offset=1036767688 bytes=563200 layout=DIRECT
reference_token1_blk6_routed expert_id=34 selected_range tensor=blk.1.ffn_up_exps.weight offset=1072812504 bytes=563200 layout=DIRECT
reference_token1_blk6_routed expert_id=34 selected_range tensor=blk.1.ffn_down_exps.weight offset=1144857064 bytes=1622016 layout=DIRECT
reference_token1_blk6_routed prefetch expert_id=34 tensor=blk.1.ffn_gate_exps.weight dependency_distance=0
reference_token1_blk6_routed prefetch expert_id=34 tensor=blk.1.ffn_up_exps.weight dependency_distance=0
reference_token1_blk6_routed prefetch expert_id=34 tensor=blk.1.ffn_down_exps.weight dependency_distance=2
expert_parity max_abs=0 max_rel=0 mean_abs=0 tolerance=1e-5
reference_token1_blk6_routed expert_id=34 consumer_wait=not_instrumented acquire_release=recorded peak_active=1622016 peak_resident=8245248
reference_token1_blk6_routed expert_rank=4 expert_id=59 router_rank=4 graph_created=YES graph_refs=gate:0,up:1,down:2 storage_ref_base=60177 score_preserved=YES
reference_token1_blk6_routed expert_id=59 selected_range tensor=blk.1.ffn_gate_exps.weight offset=1050847688 bytes=563200 layout=DIRECT
reference_token1_blk6_routed expert_id=59 selected_range tensor=blk.1.ffn_up_exps.weight offset=1086892504 bytes=563200 layout=DIRECT
reference_token1_blk6_routed expert_id=59 selected_range tensor=blk.1.ffn_down_exps.weight offset=1185407464 bytes=1622016 layout=DIRECT
reference_token1_blk6_routed prefetch expert_id=59 tensor=blk.1.ffn_gate_exps.weight dependency_distance=0
reference_token1_blk6_routed prefetch expert_id=59 tensor=blk.1.ffn_up_exps.weight dependency_distance=0
reference_token1_blk6_routed prefetch expert_id=59 tensor=blk.1.ffn_down_exps.weight dependency_distance=2
expert_parity max_abs=0 max_rel=0 mean_abs=0 tolerance=1e-5
reference_token1_blk6_routed expert_id=59 consumer_wait=not_instrumented acquire_release=recorded peak_active=1622016 peak_resident=8245248
reference_token1_blk6_routed expert_rank=5 expert_id=9 router_rank=5 graph_created=YES graph_refs=gate:0,up:1,down:2 storage_ref_base=60027 score_preserved=YES
reference_token1_blk6_routed expert_id=9 selected_range tensor=blk.1.ffn_gate_exps.weight offset=1022687688 bytes=563200 layout=DIRECT
reference_token1_blk6_routed expert_id=9 selected_range tensor=blk.1.ffn_up_exps.weight offset=1058732504 bytes=563200 layout=DIRECT
reference_token1_blk6_routed expert_id=9 selected_range tensor=blk.1.ffn_down_exps.weight offset=1104306664 bytes=1622016 layout=DIRECT
reference_token1_blk6_routed prefetch expert_id=9 tensor=blk.1.ffn_gate_exps.weight dependency_distance=0
reference_token1_blk6_routed prefetch expert_id=9 tensor=blk.1.ffn_up_exps.weight dependency_distance=0
reference_token1_blk6_routed prefetch expert_id=9 tensor=blk.1.ffn_down_exps.weight dependency_distance=2
expert_parity max_abs=0 max_rel=0 mean_abs=0 tolerance=1e-5
reference_token1_blk6_routed expert_id=9 consumer_wait=not_instrumented acquire_release=recorded peak_active=1622016 peak_resident=8245248
reference_token1_blk6_routed residency_hits=36 residency_misses=42 source_reads=18 materialization_requests=18 source_policy_calls=18 evictions=11 resident_tensors_after=9
routed_merge_parity max_abs=0 max_rel=0 mean_abs=0 tolerance=1e-5
shared_expert_parity max_abs=0 max_rel=0 mean_abs=0 tolerance=1e-5
pre_residual_composition_parity max_abs=0 max_rel=0 mean_abs=0 tolerance=1e-5
final_layer_parity max_abs=0 max_rel=0 mean_abs=0 tolerance=1e-5
reference_token1_blk6 shared_expert=REQUIRED shared_graph_created=YES residual_add=YES final_composition=PASS
ffn_timing tensor=blk.1.ffn_gate_inp.weight payload_ready_ns=6417148331336 first_consumer_start_ns=6417235484029 payload_to_first_consumer_ns=87152693
ffn_timing tensor=blk.1.ffn_gate_shexp.weight payload_ready_ns=6421300031939 first_consumer_start_ns=6421389620143 payload_to_first_consumer_ns=89588204
ffn_timing tensor=blk.1.ffn_gate_exps.weight payload_ready_ns=6417363825883 first_consumer_start_ns=6417449196568 payload_to_first_consumer_ns=85370685
reference_token1_blk6 full_layer_residency_hits=46 misses=51 evictions=15 source_reads=23 source_bytes=20402176 materialization_requests=23 resident_tensors_after=8
reference_token1_blk6 full_layer_peak_active_persistent_bytes=1622016 full_layer_peak_resident_bytes=8312832
reference_token1_blk6 first_payload_to_shared_compute_start_ns=4319522429 execution_ready_to_consumer_ns=NOT_INSTRUMENTED payload_to_first_useful_compute=NOT_INSTRUMENTED
token1_blk6_attention_parity max_abs=0 max_rel=0 mean_abs=0 tolerance=1e-5
token1_blk6_block_parity max_abs=0 max_rel=0 mean_abs=0 tolerance=1e-5
token1 block_handoff block=7 handoff_ns=28470 activation_copy_bytes=0
attention_timing tensor=blk.1.attn_norm.weight payload_ready_ns=6215332886196 first_consumer_start_ns=6422061321391 payload_to_first_consumer_ns=206728435195
attention_timing tensor=blk.1.attn_q.weight payload_ready_ns=6215539183543 first_consumer_start_ns=6422284228022 payload_to_first_consumer_ns=206745044479
attention_timing tensor=blk.1.attn_kv_a_mqa.weight payload_ready_ns=6215753896123 first_consumer_start_ns=6422503860290 payload_to_first_consumer_ns=206749964167
attention_timing tensor=blk.1.attn_kv_a_norm.weight payload_ready_ns=6215959016937 first_consumer_start_ns=6422723185346 payload_to_first_consumer_ns=206764168409
attention_timing tensor=blk.1.attn_kv_b.weight payload_ready_ns=6216165481536 first_consumer_start_ns=6422940540533 payload_to_first_consumer_ns=206775058997
attention_timing tensor=blk.1.attn_output.weight payload_ready_ns=6216372164165 first_consumer_start_ns=6423144953604 payload_to_first_consumer_ns=206772789439
token1_blk7 position=1 state_k_positions=2 state_v_positions=2 attention_probs=0.766456,0.233544,0.394134,0.605866,0.123705,0.876295,0.192345,0.807655,0.297384,0.702616,0.165995,0.834005,0.489812,0.510188,0.232646,0.767354,0.0947523,0.905248,0.0931929,0.906807,0.232815,0.767185,0.145876,0.854124,0.41746,0.58254,0.450031,0.549969,0.193461,0.806539,0.502355,0.497645,
reference_attention position=1 state_k_positions=2 state_v_positions=2 attention_probs=0.766456,0.233544,0.394134,0.605866,0.123705,0.876295,0.192345,0.807655,0.297384,0.702616,0.165995,0.834005,0.489812,0.510188,0.232646,0.767354,0.0947523,0.905248,0.0931929,0.906807,0.232815,0.767185,0.145876,0.854124,0.41746,0.58254,0.450031,0.549969,0.193461,0.806539,0.502355,0.497645,
normalized_input_parity max_abs=0 max_rel=0 mean_abs=0 tolerance=1e-5
router_score_parity max_abs=1.66893e-06 max_rel=5.87715e-06 mean_abs=3.05561e-07 tolerance=1e-5
selected_weight_parity max_abs=2.5332e-07 max_rel=1.18401e-06 mean_abs=8.9407e-08 tolerance=1e-5
token1_blk7 topk_ids=53,38,47,18,7,5 normalized_weights=0.213951,0.196086,0.157713,0.148219,0.145311,0.13872,
token1_blk7_routed expert_rank=0 expert_id=53 router_rank=0 graph_created=YES graph_refs=gate:0,up:1,down:2 storage_ref_base=70159 score_preserved=YES
token1_blk7_routed expert_id=53 selected_range tensor=blk.1.ffn_gate_exps.weight offset=1230239376 bytes=563200 layout=DIRECT
token1_blk7_routed expert_id=53 selected_range tensor=blk.1.ffn_up_exps.weight offset=1266284192 bytes=563200 layout=DIRECT
token1_blk7_routed expert_id=53 selected_range tensor=blk.1.ffn_down_exps.weight offset=1358446256 bytes=1622016 layout=DIRECT
token1_blk7_routed prefetch expert_id=53 tensor=blk.1.ffn_gate_exps.weight dependency_distance=0
token1_blk7_routed prefetch expert_id=53 tensor=blk.1.ffn_up_exps.weight dependency_distance=0
token1_blk7_routed prefetch expert_id=53 tensor=blk.1.ffn_down_exps.weight dependency_distance=2
expert_parity max_abs=0 max_rel=0 mean_abs=0 tolerance=1e-5
token1_blk7_routed expert_id=53 consumer_wait=not_instrumented acquire_release=recorded peak_active=1622016 peak_resident=7367680
token1_blk7_routed expert_rank=1 expert_id=38 router_rank=1 graph_created=YES graph_refs=gate:0,up:1,down:2 storage_ref_base=70114 score_preserved=YES
token1_blk7_routed expert_id=38 selected_range tensor=blk.1.ffn_gate_exps.weight offset=1221791376 bytes=563200 layout=DIRECT
token1_blk7_routed expert_id=38 selected_range tensor=blk.1.ffn_up_exps.weight offset=1257836192 bytes=563200 layout=DIRECT
token1_blk7_routed expert_id=38 selected_range tensor=blk.1.ffn_down_exps.weight offset=1334116016 bytes=1622016 layout=DIRECT
token1_blk7_routed prefetch expert_id=38 tensor=blk.1.ffn_gate_exps.weight dependency_distance=0
token1_blk7_routed prefetch expert_id=38 tensor=blk.1.ffn_up_exps.weight dependency_distance=0
token1_blk7_routed prefetch expert_id=38 tensor=blk.1.ffn_down_exps.weight dependency_distance=2
expert_parity max_abs=0 max_rel=0 mean_abs=0 tolerance=1e-5
token1_blk7_routed expert_id=38 consumer_wait=not_instrumented acquire_release=recorded peak_active=1622016 peak_resident=7752704
token1_blk7_routed expert_rank=2 expert_id=47 router_rank=2 graph_created=YES graph_refs=gate:0,up:1,down:2 storage_ref_base=70141 score_preserved=YES
token1_blk7_routed expert_id=47 selected_range tensor=blk.1.ffn_gate_exps.weight offset=1226860176 bytes=563200 layout=DIRECT
token1_blk7_routed expert_id=47 selected_range tensor=blk.1.ffn_up_exps.weight offset=1262904992 bytes=563200 layout=DIRECT
token1_blk7_routed expert_id=47 selected_range tensor=blk.1.ffn_down_exps.weight offset=1348714160 bytes=1622016 layout=DIRECT
token1_blk7_routed prefetch expert_id=47 tensor=blk.1.ffn_gate_exps.weight dependency_distance=0
token1_blk7_routed prefetch expert_id=47 tensor=blk.1.ffn_up_exps.weight dependency_distance=0
token1_blk7_routed prefetch expert_id=47 tensor=blk.1.ffn_down_exps.weight dependency_distance=2
expert_parity max_abs=0 max_rel=0 mean_abs=0 tolerance=1e-5
token1_blk7_routed expert_id=47 consumer_wait=not_instrumented acquire_release=recorded peak_active=1622016 peak_resident=8245248
token1_blk7_routed expert_rank=3 expert_id=18 router_rank=3 graph_created=YES graph_refs=gate:0,up:1,down:2 storage_ref_base=70054 score_preserved=YES
token1_blk7_routed expert_id=18 selected_range tensor=blk.1.ffn_gate_exps.weight offset=1210527376 bytes=563200 layout=DIRECT
token1_blk7_routed expert_id=18 selected_range tensor=blk.1.ffn_up_exps.weight offset=1246572192 bytes=563200 layout=DIRECT
token1_blk7_routed expert_id=18 selected_range tensor=blk.1.ffn_down_exps.weight offset=1301675696 bytes=1622016 layout=DIRECT
token1_blk7_routed prefetch expert_id=18 tensor=blk.1.ffn_gate_exps.weight dependency_distance=0
token1_blk7_routed prefetch expert_id=18 tensor=blk.1.ffn_up_exps.weight dependency_distance=0
token1_blk7_routed prefetch expert_id=18 tensor=blk.1.ffn_down_exps.weight dependency_distance=2
expert_parity max_abs=0 max_rel=0 mean_abs=0 tolerance=1e-5
token1_blk7_routed expert_id=18 consumer_wait=not_instrumented acquire_release=recorded peak_active=1622016 peak_resident=8245248
token1_blk7_routed expert_rank=4 expert_id=7 router_rank=4 graph_created=YES graph_refs=gate:0,up:1,down:2 storage_ref_base=70021 score_preserved=YES
token1_blk7_routed expert_id=7 selected_range tensor=blk.1.ffn_gate_exps.weight offset=1204332176 bytes=563200 layout=DIRECT
token1_blk7_routed expert_id=7 selected_range tensor=blk.1.ffn_up_exps.weight offset=1240376992 bytes=563200 layout=DIRECT
token1_blk7_routed expert_id=7 selected_range tensor=blk.1.ffn_down_exps.weight offset=1283833520 bytes=1622016 layout=DIRECT
token1_blk7_routed prefetch expert_id=7 tensor=blk.1.ffn_gate_exps.weight dependency_distance=0
token1_blk7_routed prefetch expert_id=7 tensor=blk.1.ffn_up_exps.weight dependency_distance=0
token1_blk7_routed prefetch expert_id=7 tensor=blk.1.ffn_down_exps.weight dependency_distance=2
expert_parity max_abs=0 max_rel=0 mean_abs=0 tolerance=1e-5
token1_blk7_routed expert_id=7 consumer_wait=not_instrumented acquire_release=recorded peak_active=1622016 peak_resident=8245248
token1_blk7_routed expert_rank=5 expert_id=5 router_rank=5 graph_created=YES graph_refs=gate:0,up:1,down:2 storage_ref_base=70015 score_preserved=YES
token1_blk7_routed expert_id=5 selected_range tensor=blk.1.ffn_gate_exps.weight offset=1203205776 bytes=563200 layout=DIRECT
token1_blk7_routed expert_id=5 selected_range tensor=blk.1.ffn_up_exps.weight offset=1239250592 bytes=563200 layout=DIRECT
token1_blk7_routed expert_id=5 selected_range tensor=blk.1.ffn_down_exps.weight offset=1280589488 bytes=1622016 layout=DIRECT
token1_blk7_routed prefetch expert_id=5 tensor=blk.1.ffn_gate_exps.weight dependency_distance=0
token1_blk7_routed prefetch expert_id=5 tensor=blk.1.ffn_up_exps.weight dependency_distance=0
token1_blk7_routed prefetch expert_id=5 tensor=blk.1.ffn_down_exps.weight dependency_distance=2
expert_parity max_abs=0 max_rel=0 mean_abs=0 tolerance=1e-5
token1_blk7_routed expert_id=5 consumer_wait=not_instrumented acquire_release=recorded peak_active=1622016 peak_resident=8245248
token1_blk7_routed residency_hits=36 residency_misses=42 source_reads=18 materialization_requests=18 source_policy_calls=18 evictions=20 resident_tensors_after=9
routed_merge_parity max_abs=0 max_rel=0 mean_abs=0 tolerance=1e-5
shared_expert_parity max_abs=0 max_rel=0 mean_abs=0 tolerance=1e-5
pre_residual_composition_parity max_abs=0 max_rel=0 mean_abs=0 tolerance=1e-5
final_layer_parity max_abs=0 max_rel=0 mean_abs=0 tolerance=1e-5
token1_blk7 shared_expert=REQUIRED shared_graph_created=YES residual_add=YES final_composition=PASS
ffn_timing tensor=blk.1.ffn_gate_inp.weight payload_ready_ns=6423495595529 first_consumer_start_ns=6423581793020 payload_to_first_consumer_ns=86197491
ffn_timing tensor=blk.1.ffn_gate_shexp.weight payload_ready_ns=6427676445797 first_consumer_start_ns=6427762196966 payload_to_first_consumer_ns=85751169
ffn_timing tensor=blk.1.ffn_gate_exps.weight payload_ready_ns=6423712411596 first_consumer_start_ns=6423800728154 payload_to_first_consumer_ns=88316558
token1_blk7 full_layer_residency_hits=46 misses=51 evictions=25 source_reads=23 source_bytes=20402176 materialization_requests=23 resident_tensors_after=8
token1_blk7 full_layer_peak_active_persistent_bytes=1622016 full_layer_peak_resident_bytes=8312832
token1_blk7 first_payload_to_shared_compute_start_ns=4357499915 execution_ready_to_consumer_ns=NOT_INSTRUMENTED payload_to_first_useful_compute=NOT_INSTRUMENTED
normalized_input_parity max_abs=0 max_rel=0 mean_abs=0 tolerance=1e-5
router_score_parity max_abs=1.66893e-06 max_rel=5.87715e-06 mean_abs=3.05561e-07 tolerance=1e-5
selected_weight_parity max_abs=2.5332e-07 max_rel=1.18401e-06 mean_abs=8.9407e-08 tolerance=1e-5
reference_token1_blk7 topk_ids=53,38,47,18,7,5 normalized_weights=0.213951,0.196086,0.157713,0.148219,0.145311,0.13872,
reference_token1_blk7_routed expert_rank=0 expert_id=53 router_rank=0 graph_created=YES graph_refs=gate:0,up:1,down:2 storage_ref_base=70159 score_preserved=YES
reference_token1_blk7_routed expert_id=53 selected_range tensor=blk.1.ffn_gate_exps.weight offset=1230239376 bytes=563200 layout=DIRECT
reference_token1_blk7_routed expert_id=53 selected_range tensor=blk.1.ffn_up_exps.weight offset=1266284192 bytes=563200 layout=DIRECT
reference_token1_blk7_routed expert_id=53 selected_range tensor=blk.1.ffn_down_exps.weight offset=1358446256 bytes=1622016 layout=DIRECT
reference_token1_blk7_routed prefetch expert_id=53 tensor=blk.1.ffn_gate_exps.weight dependency_distance=0
reference_token1_blk7_routed prefetch expert_id=53 tensor=blk.1.ffn_up_exps.weight dependency_distance=0
reference_token1_blk7_routed prefetch expert_id=53 tensor=blk.1.ffn_down_exps.weight dependency_distance=2
expert_parity max_abs=0 max_rel=0 mean_abs=0 tolerance=1e-5
reference_token1_blk7_routed expert_id=53 consumer_wait=not_instrumented acquire_release=recorded peak_active=1622016 peak_resident=3280896
reference_token1_blk7_routed expert_rank=1 expert_id=38 router_rank=1 graph_created=YES graph_refs=gate:0,up:1,down:2 storage_ref_base=70114 score_preserved=YES
reference_token1_blk7_routed expert_id=38 selected_range tensor=blk.1.ffn_gate_exps.weight offset=1221791376 bytes=563200 layout=DIRECT
reference_token1_blk7_routed expert_id=38 selected_range tensor=blk.1.ffn_up_exps.weight offset=1257836192 bytes=563200 layout=DIRECT
reference_token1_blk7_routed expert_id=38 selected_range tensor=blk.1.ffn_down_exps.weight offset=1334116016 bytes=1622016 layout=DIRECT
reference_token1_blk7_routed prefetch expert_id=38 tensor=blk.1.ffn_gate_exps.weight dependency_distance=0
reference_token1_blk7_routed prefetch expert_id=38 tensor=blk.1.ffn_up_exps.weight dependency_distance=0
reference_token1_blk7_routed prefetch expert_id=38 tensor=blk.1.ffn_down_exps.weight dependency_distance=2
expert_parity max_abs=0 max_rel=0 mean_abs=0 tolerance=1e-5
reference_token1_blk7_routed expert_id=38 consumer_wait=not_instrumented acquire_release=recorded peak_active=1622016 peak_resident=6029312
reference_token1_blk7_routed expert_rank=2 expert_id=47 router_rank=2 graph_created=YES graph_refs=gate:0,up:1,down:2 storage_ref_base=70141 score_preserved=YES
reference_token1_blk7_routed expert_id=47 selected_range tensor=blk.1.ffn_gate_exps.weight offset=1226860176 bytes=563200 layout=DIRECT
reference_token1_blk7_routed expert_id=47 selected_range tensor=blk.1.ffn_up_exps.weight offset=1262904992 bytes=563200 layout=DIRECT
reference_token1_blk7_routed expert_id=47 selected_range tensor=blk.1.ffn_down_exps.weight offset=1348714160 bytes=1622016 layout=DIRECT
reference_token1_blk7_routed prefetch expert_id=47 tensor=blk.1.ffn_gate_exps.weight dependency_distance=0
reference_token1_blk7_routed prefetch expert_id=47 tensor=blk.1.ffn_up_exps.weight dependency_distance=0
reference_token1_blk7_routed prefetch expert_id=47 tensor=blk.1.ffn_down_exps.weight dependency_distance=2
expert_parity max_abs=0 max_rel=0 mean_abs=0 tolerance=1e-5
reference_token1_blk7_routed expert_id=47 consumer_wait=not_instrumented acquire_release=recorded peak_active=1622016 peak_resident=8245248
reference_token1_blk7_routed expert_rank=3 expert_id=18 router_rank=3 graph_created=YES graph_refs=gate:0,up:1,down:2 storage_ref_base=70054 score_preserved=YES
reference_token1_blk7_routed expert_id=18 selected_range tensor=blk.1.ffn_gate_exps.weight offset=1210527376 bytes=563200 layout=DIRECT
reference_token1_blk7_routed expert_id=18 selected_range tensor=blk.1.ffn_up_exps.weight offset=1246572192 bytes=563200 layout=DIRECT
reference_token1_blk7_routed expert_id=18 selected_range tensor=blk.1.ffn_down_exps.weight offset=1301675696 bytes=1622016 layout=DIRECT
reference_token1_blk7_routed prefetch expert_id=18 tensor=blk.1.ffn_gate_exps.weight dependency_distance=0
reference_token1_blk7_routed prefetch expert_id=18 tensor=blk.1.ffn_up_exps.weight dependency_distance=0
reference_token1_blk7_routed prefetch expert_id=18 tensor=blk.1.ffn_down_exps.weight dependency_distance=2
expert_parity max_abs=0 max_rel=0 mean_abs=0 tolerance=1e-5
reference_token1_blk7_routed expert_id=18 consumer_wait=not_instrumented acquire_release=recorded peak_active=1622016 peak_resident=8245248
reference_token1_blk7_routed expert_rank=4 expert_id=7 router_rank=4 graph_created=YES graph_refs=gate:0,up:1,down:2 storage_ref_base=70021 score_preserved=YES
reference_token1_blk7_routed expert_id=7 selected_range tensor=blk.1.ffn_gate_exps.weight offset=1204332176 bytes=563200 layout=DIRECT
reference_token1_blk7_routed expert_id=7 selected_range tensor=blk.1.ffn_up_exps.weight offset=1240376992 bytes=563200 layout=DIRECT
reference_token1_blk7_routed expert_id=7 selected_range tensor=blk.1.ffn_down_exps.weight offset=1283833520 bytes=1622016 layout=DIRECT
reference_token1_blk7_routed prefetch expert_id=7 tensor=blk.1.ffn_gate_exps.weight dependency_distance=0
reference_token1_blk7_routed prefetch expert_id=7 tensor=blk.1.ffn_up_exps.weight dependency_distance=0
reference_token1_blk7_routed prefetch expert_id=7 tensor=blk.1.ffn_down_exps.weight dependency_distance=2
expert_parity max_abs=0 max_rel=0 mean_abs=0 tolerance=1e-5
reference_token1_blk7_routed expert_id=7 consumer_wait=not_instrumented acquire_release=recorded peak_active=1622016 peak_resident=8245248
reference_token1_blk7_routed expert_rank=5 expert_id=5 router_rank=5 graph_created=YES graph_refs=gate:0,up:1,down:2 storage_ref_base=70015 score_preserved=YES
reference_token1_blk7_routed expert_id=5 selected_range tensor=blk.1.ffn_gate_exps.weight offset=1203205776 bytes=563200 layout=DIRECT
reference_token1_blk7_routed expert_id=5 selected_range tensor=blk.1.ffn_up_exps.weight offset=1239250592 bytes=563200 layout=DIRECT
reference_token1_blk7_routed expert_id=5 selected_range tensor=blk.1.ffn_down_exps.weight offset=1280589488 bytes=1622016 layout=DIRECT
reference_token1_blk7_routed prefetch expert_id=5 tensor=blk.1.ffn_gate_exps.weight dependency_distance=0
reference_token1_blk7_routed prefetch expert_id=5 tensor=blk.1.ffn_up_exps.weight dependency_distance=0
reference_token1_blk7_routed prefetch expert_id=5 tensor=blk.1.ffn_down_exps.weight dependency_distance=2
expert_parity max_abs=0 max_rel=0 mean_abs=0 tolerance=1e-5
reference_token1_blk7_routed expert_id=5 consumer_wait=not_instrumented acquire_release=recorded peak_active=1622016 peak_resident=8245248
reference_token1_blk7_routed residency_hits=36 residency_misses=42 source_reads=18 materialization_requests=18 source_policy_calls=18 evictions=11 resident_tensors_after=9
routed_merge_parity max_abs=0 max_rel=0 mean_abs=0 tolerance=1e-5
shared_expert_parity max_abs=0 max_rel=0 mean_abs=0 tolerance=1e-5
pre_residual_composition_parity max_abs=0 max_rel=0 mean_abs=0 tolerance=1e-5
final_layer_parity max_abs=0 max_rel=0 mean_abs=0 tolerance=1e-5
reference_token1_blk7 shared_expert=REQUIRED shared_graph_created=YES residual_add=YES final_composition=PASS
ffn_timing tensor=blk.1.ffn_gate_inp.weight payload_ready_ns=6428556233904 first_consumer_start_ns=6428643400920 payload_to_first_consumer_ns=87167016
ffn_timing tensor=blk.1.ffn_gate_shexp.weight payload_ready_ns=6432699954149 first_consumer_start_ns=6432788662883 payload_to_first_consumer_ns=88708734
ffn_timing tensor=blk.1.ffn_gate_exps.weight payload_ready_ns=6428779379170 first_consumer_start_ns=6428866494606 payload_to_first_consumer_ns=87115436
reference_token1_blk7 full_layer_residency_hits=46 misses=51 evictions=15 source_reads=23 source_bytes=20402176 materialization_requests=23 resident_tensors_after=8
reference_token1_blk7 full_layer_peak_active_persistent_bytes=1622016 full_layer_peak_resident_bytes=8312832
reference_token1_blk7 first_payload_to_shared_compute_start_ns=4318494887 execution_ready_to_consumer_ns=NOT_INSTRUMENTED payload_to_first_useful_compute=NOT_INSTRUMENTED
token1_blk7_attention_parity max_abs=0 max_rel=0 mean_abs=0 tolerance=1e-5
token1_blk7_block_parity max_abs=0 max_rel=0 mean_abs=0 tolerance=1e-5
token1 block_handoff block=8 handoff_ns=28620 activation_copy_bytes=0
attention_timing tensor=blk.1.attn_norm.weight payload_ready_ns=6215332886196 first_consumer_start_ns=6433434275143 payload_to_first_consumer_ns=218101388947
attention_timing tensor=blk.1.attn_q.weight payload_ready_ns=6215539183543 first_consumer_start_ns=6433608397745 payload_to_first_consumer_ns=218069214202
attention_timing tensor=blk.1.attn_kv_a_mqa.weight payload_ready_ns=6215753896123 first_consumer_start_ns=6433785973381 payload_to_first_consumer_ns=218032077258
attention_timing tensor=blk.1.attn_kv_a_norm.weight payload_ready_ns=6215959016937 first_consumer_start_ns=6433963238007 payload_to_first_consumer_ns=218004221070
attention_timing tensor=blk.1.attn_kv_b.weight payload_ready_ns=6216165481536 first_consumer_start_ns=6434138321083 payload_to_first_consumer_ns=217972839547
attention_timing tensor=blk.1.attn_output.weight payload_ready_ns=6216372164165 first_consumer_start_ns=6434314390854 payload_to_first_consumer_ns=217942226689
token1_blk8 position=1 state_k_positions=2 state_v_positions=2 attention_probs=0.4879,0.5121,0.483591,0.516409,0.350632,0.649368,0.779324,0.220676,0.726458,0.273542,0.796831,0.203169,0.323448,0.676552,0.381459,0.618541,0.558915,0.441085,0.889465,0.110535,0.635375,0.364625,0.5951,0.4049,0.487962,0.512038,0.607211,0.392789,0.707592,0.292408,0.468886,0.531114,
reference_attention position=1 state_k_positions=2 state_v_positions=2 attention_probs=0.4879,0.5121,0.483591,0.516409,0.350632,0.649368,0.779324,0.220676,0.726458,0.273542,0.796831,0.203169,0.323448,0.676552,0.381459,0.618541,0.558915,0.441085,0.889465,0.110535,0.635375,0.364625,0.5951,0.4049,0.487962,0.512038,0.607211,0.392789,0.707592,0.292408,0.468886,0.531114,
failure_source_reads=418 failure_injections=12
target_block_failure mode=late-failure target_block=8 earlier_block_completed=YES later_blocks_executed=NO final_output=INVALID resident_bytes_after_teardown=0 execution_leases_after_teardown=0 materialization_resources_after_teardown=0 runtime_state_resources_after_teardown=0 cleanup=PASS failure_injections=12 completed_blocks=7 later_block_count=0 failure_source_reads=418
